Num_Acc,jour,mois,an,hr,condition_eclairage,departement,commune,condition_agglomeration,intersection,condition_atmosphere,type_collision,adresse,lattitude,longitude
201400000665,8,10,14,16,1,76,758,2,3,2,3,R DE L ETANG,49.61598,0.76505
201400000666,14,11,14,15,1,76,758,1,1,1,6,,49.62396,0.7648
201400000667,27,4,14,4,3,76,385,1,1,2,6,,49.57975,0.94188
201400000668,12,4,14,16,1,76,57,2,1,1,3,,49.53579,0.9662
201400000669,27,8,14,18,1,76,57,2,4,1,3,R JULES FERRY,49.54857,0.95895
201400000670,10,1,14,11,1,76,664,1,1,1,1,RTE D OQUEVILLE,49.7897,0.65053
201400000671,8,3,14,15,1,76,176,2,1,1,3,,49.78573,0.63097
201400000672,20,3,14,18,1,76,15,2,1,1,3,R DE LA FORGE,49.82911,0.79005
201400000673,5,5,14,17,1,76,151,1,2,1,3,,49.83193,0.7364
201400000674,17,5,14,9,1,76,375,1,9,1,7,,49.84694,0.67693
201400000675,22,5,14,10,1,76,159,1,2,1,3,,49.77067,0.6081
201400000676,29,6,14,17,1,76,480,1,2,1,6,,49.79152,0.68207
201400000677,30,8,14,9,1,76,159,1,2,8,3,,49.77068,0.60809
201400000678,12,9,14,7,1,76,655,1,1,5,7,,49.85219,0.72763
201400000679,28,11,14,18,5,76,735,2,4,1,3,Voie Charles De Gaulle,49.86856,0.79869
201400000680,28,5,14,10,1,76,183,1,1,1,7,,49.74463,0.47248
201400000681,24,8,14,17,1,76,587,1,1,1,3,,49.77556,0.45843
201400000682,11,2,14,17,1,76,253,1,1,2,1,,49.67929,0.79888
201400000683,15,2,14,11,1,76,219,2,1,1,3,"67, R AUGUSTE CAVE",49.7238,0.78828
201400000684,11,6,14,15,1,27,390,1,1,1,7,,48.504,1.105
201400000685,30,11,14,6,3,27,439,1,1,5,4,,49.034,1.103
201400000686,12,4,14,5,3,27,287,2,1,1,6,,49.001,0.594
201400000687,23,4,14,22,4,27,641,1,6,1,6,,49.042,0.551
201400000688,28,6,14,11,1,27,229,1,6,1,6,,49.021,1.051
201400000689,30,6,14,14,1,27,650,1,1,1,3,,49.045,0.593
201400000690,13,7,14,2,3,27,268,1,1,1,1,,48.563,0.581
201400000691,2,10,14,7,2,27,306,1,1,1,7,,48.572,1.085
201400000692,21,10,14,7,2,27,82,1,1,1,7,,48.59,1.014
201400000693,23,10,14,7,2,27,161,1,1,1,1,,49.023,1.00499
201400000694,30,10,14,9,3,27,298,1,1,1,3,,49.053,0.575
201400000695,10,11,14,17,2,27,165,1,2,1,3,,48.574,0.573
201400000696,11,12,14,17,3,27,374,1,1,3,1,,0.0,0.0
201400000697,20,12,14,18,3,27,489,1,1,8,7,,0.0,0.0
201400000698,4,5,14,19,1,27,165,2,1,1,1,route du Neubourg,48.581,0.561
201400000699,30,9,14,8,2,27,193,1,6,5,1,,48.5,1.21
201400000700,21,11,14,21,5,27,230,2,2,1,3,rue de la republique,49.085,1.32
201400000701,23,11,14,9,1,27,144,1,1,1,1,,48.513,1.184
201400000702,29,11,14,16,1,27,230,2,1,1,7,61 rue Andr? Tremblay,48.514,1.241
201400000703,8,2,14,19,3,27,378,1,6,1,3,,48.465,1.113
201400000704,30,4,14,19,1,27,387,1,1,1,6,,48.552,1.02099
201400000705,28,5,14,20,2,27,198,1,1,2,7,,48.522,1.05
201400000706,2,2,14,22,3,27,81,1,1,1,5,,49.004,1.172
201400000707,24,3,14,21,3,27,123,1,1,1,6,,49.004,1.195
201400000708,27,4,14,16,1,27,136,1,1,8,1,,49.004,1.263
201400000709,5,5,14,16,1,27,119,2,1,1,7,54 grande rue,48.555,1.262
201400000710,29,8,14,12,1,27,400,1,9,1,3,,48.565,1.243
201400000711,7,10,14,8,1,27,4,1,1,1,4,,49.004,1.254
201400000712,16,10,14,2,3,27,510,1,1,1,7,,49.185,0.382
201400000713,3,11,14,17,3,27,448,2,3,3,3,Rue du Gal de Gaulle,49.005,1.23
201400000714,15,11,14,19,3,27,136,1,1,1,6,,49.005,1.265
201400000715,28,11,14,4,3,27,410,1,6,1,7,,49.004,1.141
201400000716,24,1,14,15,1,27,643,1,1,2,6,,48.45,1.01299
201400000717,17,2,14,15,1,27,383,1,2,1,3,,48.443,0.503
201400000718,26,3,14,15,1,27,679,1,1,2,1,,48.442,0.564
201400000719,15,8,14,17,1,27,679,1,2,1,3,,48.431,0.563
201400000720,13,1,14,8,1,27,329,2,1,1,6,Rue de Boursonne,49.113,1.275
201400000721,14,1,14,14,1,27,16,2,1,7,6,rue Jacques Ibert,49.145,1.244
201400000722,6,2,14,19,3,27,625,1,1,1,1,,49.163,1.31
201400000723,9,3,14,15,1,27,270,1,1,1,3,,49.16,1.245
201400000724,3,6,14,22,5,27,175,1,1,2,6,,49.172,1.285
201400000725,5,9,14,13,1,27,16,2,3,1,3,Route de Paix,49.054,1.251
201400000726,16,9,14,15,1,27,16,1,1,1,5,,49.17,1.2756
201400000727,26,10,14,15,1,27,16,2,3,1,5,avenue de la r?publique,49.144,1.245
201400000728,30,10,14,20,3,27,473,1,1,1,7,,49.093,1.251
201400000729,6,11,14,6,3,27,473,1,1,5,6,,49.09,1.252
201400000730,29,1,14,18,3,27,331,1,1,2,1,,49.072,1.33
201400000731,4,4,14,16,1,27,331,1,2,1,3,,49.074,1.33
201400000732,7,5,14,19,1,27,128,2,9,1,1,rue de la croix,49.05,1.35
201400000733,25,6,14,19,1,27,644,1,3,7,1,,49.094,1.33
201400000734,4,9,14,15,1,27,644,1,1,9,6,,49.072,1.3
201400000735,10,10,14,23,3,27,72,1,1,1,7,,49.061,1.334
201400000736,22,11,14,9,1,27,644,1,2,1,3,,49.09,1.32
201400000737,25,12,14,12,1,27,449,1,2,1,3,,49.093,1.314
201400000738,21,3,14,16,5,27,104,2,2,1,1,RD6014/Canadiens,49.231,1.175
201400000739,14,6,14,11,1,27,151,1,1,1,6,,49.183,1.234
201400000740,25,6,14,17,1,27,214,2,1,1,3,ROUTE DE ROUEN,49.184,1.253
201400000741,6,7,14,21,2,27,214,1,1,2,6,,49.182,1.241
201400000742,26,9,14,15,1,27,373,1,1,1,6,,49.25,1.3033
201400000743,10,10,14,7,2,27,470,2,1,1,1,58 rue ren? raban,49.2,1.173
201400000744,30,12,14,13,1,27,377,1,1,1,7,,49.23,1.301
201400000745,5,1,14,18,5,27,284,2,1,1,6,4 FAUBOURG DE NEAUFLES,49.164,1.462
201400000746,9,5,14,7,1,27,430,2,2,2,3,Carrefour D6 et D316,49.213,1.331
201400000747,8,7,14,19,3,27,372,1,1,8,7,,49.214,1.374
201400000748,27,7,14,11,1,27,682,1,1,1,1,,49.141,1.373
201400000749,3,11,14,21,3,27,10,1,1,3,6,,0.0,0.0
201400000750,6,2,14,16,1,27,608,1,1,1,1,,49.033,0.292
201400000751,2,3,14,14,1,27,56,2,1,1,6,5 rue du val durcoeur,49.06,0.355
201400000752,9,3,14,12,1,27,414,1,1,1,1,,48.563,0.283
201400000753,13,8,14,16,1,27,600,1,2,1,3,,49.031,0.34
201400000754,4,9,14,10,1,27,56,1,2,1,7,,49.054,0.342
201400000755,20,9,14,6,3,27,442,1,1,1,6,,48.5416,0.3125
201400000756,2,10,14,1,3,27,629,1,1,2,6,,49.073,0.265
201400000757,11,4,14,18,1,27,50,1,3,7,1,ZI Les Coutures,49.051,0.473
201400000758,21,5,14,17,1,27,364,1,1,3,1,,49.062,0.44
201400000759,29,7,14,17,1,27,109,1,1,8,3,,49.053,0.481
201400000760,7,8,14,16,1,27,630,1,1,1,1,,49.075,0.48
201400000761,19,9,14,8,1,27,164,2,1,7,6,rue du puit,49.0536,0.5336
201400000762,2,10,14,19,1,27,283,1,1,1,6,,48.572,0.381
201400000763,25,12,14,14,1,27,116,2,1,1,6,rd438,49.115,0.424
201400000764,16,1,14,9,1,27,332,2,1,2,5,RD 6015,49.114,1.141
201400000765,8,2,14,19,2,27,623,2,2,1,6,Route de Pont de l'Arche,49.122,1.02499
201400000766,11,6,14,13,1,27,677,1,4,1,6,,49.101,1.04299
201400000767,3,10,14,23,3,27,624,1,1,1,6,,49.123,1.065
201400000768,4,10,14,18,1,27,3,1,1,2,6,,49.095,1.091
201400000769,11,12,14,8,2,27,332,2,1,2,6,24 Route Nationale 15,49.114,1.141
201400000770,22,1,14,8,2,27,275,1,1,2,6,,49.085,1.18
201400000771,1,2,14,15,1,27,191,2,2,1,3,rue de l anciennt gare,49.062,1.143
201400000772,5,2,14,19,5,27,275,2,3,1,3,,49.094,1.192
201400000773,7,2,14,19,2,27,25,1,1,1,6,,49.054,1.164
201400000774,5,4,14,12,1,27,343,1,1,1,1,,49.03,1.223
201400000775,3,5,14,11,1,27,343,1,1,1,1,,49.03,1.223
201400000776,6,6,14,19,1,27,343,1,1,1,7,,49.035,1.23
201400000777,9,10,14,14,1,27,275,1,1,1,6,,49.094,1.211
201400000778,1,2,14,15,1,27,348,2,1,1,3,28 route de paris,49.222,1.195
201400000779,28,3,14,13,1,27,458,1,1,1,5,,49.203,1.11
201400000780,6,4,14,16,1,27,394,1,4,2,1,,49.172,1.032
201400000781,20,4,14,9,1,27,322,2,1,1,7,rue de la ravine,49.134,1.04299
201400000782,28,4,14,9,1,27,469,2,6,2,3,rue du g?n?ral de gaulle,49.181,1.075
201400000783,15,8,14,20,1,27,394,1,2,1,2,,49.173,1.032
201400000784,11,9,14,23,5,27,412,2,1,1,6,,49.145,1.04499
201400000785,19,1,14,17,2,27,534,1,1,1,6,,49.144,1.02099
201400000786,4,4,14,14,1,27,658,2,1,1,1,route du neubourg,49.065,0.544
201400000787,28,5,14,10,1,27,382,1,2,2,3,,49.124,1.105
201400000788,31,8,14,21,3,27,302,1,9,1,6,,49.134,0.505
201400000789,3,10,14,8,1,27,506,1,1,5,3,,49.134,0.545
201400000790,24,12,14,18,3,27,344,1,1,2,1,,49.145,0.492
201400000791,6,1,14,2,3,27,260,1,1,2,6,,49.235,0.252
201400000792,11,1,14,11,1,27,606,2,1,8,6,Rue de la Libert?,49.183,0.275
201400000793,23,1,14,12,1,27,101,2,1,2,6,Chemin de la Plaine,49.23,0.282
201400000794,14,2,14,15,1,27,174,1,1,1,1,,49.205,0.354
201400000795,17,3,14,12,1,27,65,1,2,1,3,,49.205,0.214
201400000796,9,4,14,1,3,27,656,1,1,1,6,,49.214,0.262
201400000797,30,5,14,14,1,27,597,1,1,1,3,,49.23,0.212
201400000798,25,6,14,19,1,27,656,2,1,1,1,chemin du vauliou,49.211,0.28
201400000799,29,8,14,15,1,27,65,2,3,1,3,Rue de la lib?ration,49.143,0.584
201400000800,31,8,14,15,1,27,665,1,1,1,7,,49.255,0.34
201400000801,14,9,14,12,1,27,597,1,2,1,3,,49.222,0.2214
201400000802,14,9,14,14,1,27,126,1,2,1,7,route de Pont-Audemer,49.1853,0.3227
201400000803,19,10,14,17,1,27,258,2,2,1,3,Le haut de la Rue,49.185,0.231
201400000804,19,11,14,17,2,27,467,2,1,1,3,route de quillebeuf,49.213,0.31
201400000805,25,11,14,14,1,27,260,2,1,8,6,route de la garderie,49.234,0.233
201400000806,1,12,14,18,5,27,467,2,2,2,3,RUE JULES FERRY,0.0,0.0
201400000807,3,12,14,7,2,27,467,2,1,1,7,cote de la pierre,49.212,0.311
201400000808,9,1,14,7,3,27,134,1,1,8,3,,49.212,0.285
201400000809,19,1,14,17,2,27,580,2,1,1,6,rue des champs,49.213,0.531
201400000810,16,1,14,7,5,27,363,2,1,2,1,RUE DE LA MAIRIE,49.241,0.475
201400000811,5,2,14,17,1,27,103,2,9,3,1,155 grande rue,49.211,0.49
201400000812,16,2,14,15,1,27,363,1,1,1,3,,49.24,0.475
201400000813,22,5,14,19,1,27,90,1,1,1,2,,49.174,0.561
201400000814,5,6,14,18,1,27,84,1,2,1,1,,49.183,0.51
201400000815,15,6,14,2,3,27,316,1,1,1,7,,49.23,0.451
201400000816,13,8,14,11,1,27,90,2,1,1,1,chemin des hauts vents,49.18,0.562
201400000817,20,8,14,17,1,27,90,1,1,1,6,,49.174,0.554
201400000818,1,9,14,8,2,27,340,1,2,5,3,,49.2318,0.4754
201400000819,18,4,14,17,1,27,288,1,2,1,3,,49.16,0.411
201400000820,17,5,14,1,3,27,587,1,1,1,6,,49.172,0.374
201400000821,12,6,14,22,2,27,367,1,1,1,7,,49.133,0.31
201400000822,25,6,14,10,1,27,288,1,2,1,3,,49.16,0.411
201400000823,5,10,14,12,1,27,288,1,1,1,1,,49.162,0.394
201400000824,10,10,14,1,3,27,146,2,3,1,6,33 le bourg,49.162,0.24
201400000825,11,10,14,15,1,27,18,1,1,1,3,,49.185,0.382
201400000826,10,3,14,8,1,35,47,2,1,1,3,avenue Robert Schuman,48.0443,-1.74738
201400000827,21,4,14,18,1,35,47,2,1,1,3,ave du g?n?ral de Gaulle,48.02323,-1.73844
201400000828,14,5,14,13,1,35,66,1,1,1,1,,48.05377,-1.72813
201400000829,2,8,14,8,1,35,47,1,1,2,3,,48.05335,-1.7258
201400000830,10,9,14,12,1,35,47,1,1,1,5,,47.99911,-1.74013
201400000831,30,10,14,13,1,35,47,1,2,1,1,,48.00489,-1.74176
201400000832,2,11,14,19,3,35,66,1,1,8,1,,48.04029,-1.68651
201400000833,9,3,14,16,1,35,94,1,2,1,3,,48.35119,-1.77949
201400000834,13,11,14,18,3,35,3,1,1,1,5,,48.28982,-1.57922
201400000835,18,1,14,18,5,35,152,2,6,2,6,Avenue du Gal de Gaulle,48.21043,-1.50904
201400000836,24,3,14,12,1,35,152,2,1,1,2,119 rue de Rennes,48.20815,-1.51811
201400000837,10,4,14,16,1,35,152,2,1,1,6,All?e Henri Lebreton,48.21214,-1.50685
201400000838,12,4,14,16,1,35,101,1,1,1,3,,48.1971,-1.39688
201400000839,10,7,14,18,1,35,152,1,1,1,1,Les Molières,48.22706,-1.48196
201400000840,10,9,14,19,1,35,1,1,2,7,3,,48.1386,-1.51618
201400000841,31,10,14,17,2,35,31,2,1,2,7,Lieu Dit Chevr?,48.19203,-1.46247
201400000842,27,11,14,17,3,35,31,1,1,1,3,,48.19836,-1.44222
201400000843,26,3,14,11,1,35,297,2,1,1,6,7 RUE DE LA CROIX DUVAL,48.18674,-2.20185
201400000844,27,5,14,20,1,35,245,2,3,1,3,rue de la galerne,48.21949,-1.89364
201400000845,13,6,14,8,1,35,184,1,1,7,6,,48.18897,-2.03483
201400000846,28,6,14,18,1,35,184,1,1,8,6,,48.19494,-2.06386
201400000847,27,7,14,1,3,35,201,1,1,1,6,,48.12838,-2.18056
201400000848,11,9,14,19,2,35,258,1,1,1,6,,48.31349,-1.84042
201400000849,28,9,14,8,1,35,22,2,1,1,6,ROUTE DE MONFORT,48.29344,-1.94764
201400000850,28,3,14,14,1,35,340,1,1,1,6,,48.0306,-2.004
201400000851,15,4,14,15,1,35,187,1,1,1,6,,48.05291,-1.98715
201400000852,16,6,14,17,1,35,188,1,1,1,1,,48.13957,-1.93717
201400000853,4,7,14,17,1,35,133,1,1,1,1,,48.06452,-2.03063
201400000854,20,8,14,17,1,35,188,2,1,1,7,le pont aux anes,48.13933,-1.94859
201400000855,15,10,14,17,1,35,187,1,2,2,3,,48.06868,-1.98204
201400000856,27,12,14,18,3,35,81,1,9,3,5,,48.18269,-1.8533
201400000857,13,1,14,8,1,35,240,1,1,1,3,,48.09955,-1.78558
201400000858,16,3,14,10,1,35,240,1,1,1,4,Picourée,48.08098,-1.75667
201400000859,18,3,14,10,1,35,240,1,1,1,2,rue Nationale,48.0987,-1.75837
201400000860,8,5,14,11,1,35,80,1,1,1,2,,0.0,0.0
201400000861,26,8,14,8,1,35,196,1,1,7,3,,48.10148,-1.84512
201400000862,13,9,14,15,1,35,240,1,2,1,3,La Brosse,48.10248,-1.83165
201400000863,13,10,14,18,1,35,240,1,9,1,1,,48.10183,-1.75365
201400000864,4,11,14,18,2,35,196,2,1,8,6,avenue Mar?chal LECLERC,48.07186,-1.85012
201400000865,6,12,14,16,2,35,196,2,1,7,6,Rue du Maréchal Leclerc,48.07496,-1.84396
201400000866,19,12,14,19,3,35,196,1,1,8,3,,48.1014,-1.84785
201400000867,1,8,14,19,1,35,18,1,1,1,1,,48.444,-1.099
201400000868,6,12,14,12,1,35,324,1,6,1,7,,48.33668,-1.17795
201400000869,25,12,14,5,3,35,138,1,1,1,6,,48.3786,-1.17899
201400000870,17,1,14,11,1,35,178,2,1,3,3,LA BOUZILLE,48.28708,-1.43862
201400000871,24,1,14,12,1,35,191,1,2,2,3,,0.0,0.0
201400000872,24,1,14,19,1,35,11,2,1,1,1,rue des rosiers,48.35862,-1.38135
201400000873,13,4,14,10,1,35,178,1,3,1,5,,48.305,-1.431
201400000874,20,4,14,8,1,35,282,1,1,2,2,,48.27976,-1.37338
201400000875,2,5,14,17,1,35,253,2,3,1,3,28 rue de RENNES,48.25892,-1.40976
201400000876,3,5,14,5,3,35,341,1,1,1,6,,0.0,0.0
201400000877,6,5,14,8,1,35,253,1,2,1,5,La Grange,48.2437,-1.39883
201400000878,13,5,14,7,1,35,257,1,1,1,1,,48.40255,-1.37785
201400000879,13,5,14,14,1,35,257,1,1,1,1,,48.40209,-1.37759
201400000880,12,6,14,18,1,35,304,2,1,7,3,RUE DU CORBEL,48.33089,-1.42679
201400000881,16,6,14,6,2,35,121,1,1,1,1,,48.23786,-1.46399
201400000882,29,6,14,14,1,35,341,1,1,1,2,,48.42717,-1.47305
201400000883,29,6,14,17,1,35,113,1,1,1,6,,48.46856,-1.51646
201400000884,18,7,14,13,1,35,205,1,1,1,7,,48.42014,-1.62659
201400000885,24,7,14,16,1,35,282,1,1,1,1,,0.0,0.0
201400000886,30,8,14,12,1,35,257,1,1,1,6,,0.0,0.0
201400000887,1,9,14,15,1,35,19,1,1,1,3,,48.48813,-1.56886
201400000888,5,9,14,20,2,35,273,1,3,1,3,L'Aubriais,48.39039,-1.27191
201400000889,9,9,14,18,1,35,4,1,1,1,7,,48.464,-1.481
201400000890,24,10,14,19,3,35,282,1,1,1,2,,48.27965,-1.37385
201400000891,12,11,14,10,3,35,303,1,1,2,6,,48.47645,-1.46164
201400000892,9,12,14,15,1,35,253,2,1,8,1,D794 PK22.00,48.25445,-1.41121
201400000893,15,12,14,16,1,35,273,1,1,1,7,,48.42645,-1.27304
201400000894,4,1,14,7,3,35,237,1,1,3,6,,47.73547,-1.96198
201400000895,13,1,14,8,3,35,236,1,1,3,1,,47.66877,-2.08889
201400000896,3,5,14,10,1,35,64,1,1,1,3,,47.69887,-1.92722
201400000897,10,6,14,19,1,35,236,2,1,1,7,AGATHA CHRISTIE,47.66584,-2.07883
201400000898,17,6,14,17,1,35,236,2,6,1,6,4 rue des douves,0.0,0.0
201400000899,25,8,14,19,1,35,236,2,1,3,6,rue fontaines feuill?es,0.0,0.0
201400000900,30,9,14,15,1,35,236,2,3,1,3,rue Quercia,47.67021,-2.06681
201400000901,9,10,14,17,1,35,237,1,1,1,1,,47.73932,-1.96979
201400000902,10,10,14,22,3,35,13,1,1,1,6,,47.70678,-2.06476
201400000903,20,11,14,8,1,35,13,1,1,1,5,,47.73533,-2.10674
201400000904,4,12,14,7,3,35,237,1,2,1,3,,47.7187,-1.97316
201400000905,25,1,14,20,3,35,12,1,1,1,2,,47.82873,-1.62946
201400000906,23,3,14,11,1,35,176,2,1,1,1,rue Bonabry,47.8263,-1.80988
201400000907,4,5,14,12,1,35,249,2,1,1,6,lieu dit la croix Barbot,0.0,0.0
201400000908,7,5,14,18,1,35,12,2,3,1,1,le ch?telier,0.0,0.0
201400000909,24,8,14,19,1,35,249,1,1,1,1,La Pointais,47.72613,-1.81839
201400000910,27,8,14,14,1,35,176,1,1,2,6,,47.82445,-1.78214
201400000911,30,8,14,15,1,35,322,1,1,1,3,,0.0,0.0
201400000912,7,9,14,4,5,35,321,2,1,1,7,r?sidence des rosiers,47.91459,-1.5887
201400000913,12,9,14,10,1,35,316,1,1,1,1,,47.78785,-1.62872
201400000914,25,9,14,21,5,35,12,2,1,1,3,Rue de la Croix de pierr,47.84448,-1.68468
201400000915,7,11,14,7,1,35,30,1,1,2,3,,0.0,0.0
201400000916,15,11,14,22,3,35,89,1,1,1,6,,47.88434,-1.50397
201400000917,3,12,14,15,1,35,12,1,1,1,6,,0.0,0.0
201400000918,6,12,14,4,3,35,89,1,2,1,2,,47.89321,-1.50322
201400000919,12,12,14,8,2,35,12,2,1,2,6,rue du ch?ne vert,47.84546,-1.68749
201400000920,31,1,14,18,5,35,127,2,1,3,6,,47.92028,-1.86063
201400000921,24,4,14,17,1,35,139,2,6,9,7,bld commandant cousteau,47.98223,-1.71911
201400000922,8,7,14,9,1,35,126,1,1,1,1,,47.99423,-1.80006
201400000923,29,7,14,13,1,35,126,1,1,1,1,,47.98824,-1.78143
201400000924,2,9,14,19,1,35,139,1,1,1,7,,47.98183,-1.71544
201400000925,18,9,14,3,3,35,123,1,1,1,6,,47.99265,-1.88869
201400000926,7,10,14,12,1,35,139,1,1,2,1,,47.98939,-1.71906
201400000927,11,10,14,4,3,35,16,1,1,5,6,,47.9847,-1.89756
201400000928,28,10,14,14,1,35,139,1,1,1,1,,47.99937,-1.72436
201400000929,18,11,14,10,1,35,127,1,1,1,6,,47.92055,-1.85424
201400000930,3,12,14,15,1,35,123,2,1,1,6,"2, rue de blossac",48.00652,-1.8459
201400000931,19,12,14,21,3,35,312,1,1,1,1,,47.92628,-1.77965
201400000932,28,12,14,16,1,35,123,1,1,7,3,,48.01217,-1.83714
201400000933,9,2,14,10,1,35,168,1,1,1,2,,47.92352,-1.95733
201400000934,16,4,14,13,1,35,299,1,5,1,3,,48.62653,-1.92174
201400000935,9,5,14,2,3,35,263,2,1,1,6,La ville croix,48.67481,-1.9045
201400000936,19,5,14,22,3,35,179,1,1,1,6,,48.54403,-1.86673
201400000937,19,6,14,17,1,35,284,1,1,1,4,,48.6074,-1.9777
201400000938,22,6,14,11,1,35,179,1,1,1,3,,0.0,0.0
201400000939,14,8,14,2,5,35,70,1,1,1,6,,48.5633,-1.92543
201400000940,10,1,14,7,2,35,226,1,1,5,1,,48.40217,-1.87886
201400000941,4,1,14,14,1,35,247,1,1,3,1,,48.59289,-1.61089
201400000942,13,4,14,5,3,35,95,2,1,1,6,41 rue de paris,0.0,0.0
201400000943,1,6,14,11,1,35,95,2,1,1,6,18 RUE DE DINAN,48.54543,-1.75972
201400000944,20,6,14,23,3,35,247,1,1,1,1,,48.59526,-1.60196
201400000945,21,6,14,9,1,35,95,2,7,1,6,Place du Gal De Gaulle,48.54932,-1.75292
201400000946,5,8,14,16,1,35,78,1,2,1,3,,48.58026,-1.71134
201400000947,24,8,14,5,1,35,248,2,1,1,6,VD8,48.55226,-1.58433
201400000948,20,1,14,8,1,35,228,2,6,1,6,"1, rue St Guillaume",48.57952,-2.05878
201400000949,14,2,14,18,2,35,228,1,1,2,7,,48.62163,-2.09762
201400000950,11,10,14,8,3,35,287,1,1,1,6,,48.62992,-2.09304
201400000951,17,10,14,14,1,35,228,1,3,1,3,,48.58157,-2.04874
201400000952,6,11,14,11,1,35,228,2,1,1,6,45 rue de Dinard,48.58161,-2.05855
201400000953,29,12,14,17,2,35,360,2,1,1,6,rue du mee,48.114,-1.20893
201400000954,3,5,14,14,1,35,119,1,2,1,3,,48.02301,-1.13774
201400000955,3,5,14,19,1,35,119,1,2,1,3,,48.02293,-1.1377
201400000956,2,6,14,2,3,35,15,1,1,1,7,,0.0,0.0
201400000957,25,6,14,13,1,35,109,1,1,8,6,,48.07002,-1.18287
201400000958,29,6,14,6,2,35,252,1,1,1,6,,48.10759,-1.3133
201400000959,18,8,14,17,1,35,360,2,6,1,3,,0.0,0.0
201400000960,23,8,14,3,3,35,109,1,1,1,7,,48.07648,-1.16122
201400000961,1,9,14,15,1,35,105,1,2,1,3,La Huperie,48.0914,-1.10216
201400000962,13,9,14,2,3,35,109,1,1,1,6,,48.07176,-1.19933
201400000963,29,9,14,14,1,35,360,1,1,1,7,,48.13568,-1.21745
201400000964,4,10,14,9,1,35,6,2,1,2,6,,48.05684,-1.15347
201400000965,1,10,14,9,1,35,360,2,1,1,6,boulevard Pierre Landais,48.12062,-1.20817
201400000966,12,10,14,16,1,35,97,1,1,3,7,,0.0,0.0
201400000967,10,11,14,16,1,35,360,2,3,1,1,boulevard waldeck rousse,48.1196,-1.20303
201400000968,10,12,14,18,3,35,338,1,2,2,1,,48.06203,-1.27626
201400000969,16,1,14,12,1,35,327,1,1,1,1,,48.11266,-1.43301
201400000970,1,2,14,2,3,35,39,1,1,5,5,,48.10408,-1.49691
201400000971,19,4,14,16,1,35,204,1,1,1,3,,48.02897,-1.53335
201400000972,25,4,14,10,1,35,207,1,1,1,1,,0.0,0.0
201400000973,26,6,14,14,1,35,68,1,1,1,1,,48.15242,-1.40817
201400000974,2,9,14,9,1,35,207,1,1,1,1,,0.0,0.0
201400000975,28,9,14,16,1,35,207,1,1,1,6,La Galaicherie,48.09611,-1.53157
201400000976,11,11,14,14,1,35,207,1,1,2,6,,48.11124,-1.53603
201400000977,25,1,14,1,3,35,167,1,1,2,7,,47.84388,-1.30614
201400000978,8,5,14,11,1,35,14,2,1,1,7,rue des tisserands,48.00576,-1.289
201400000979,26,6,14,13,1,35,125,1,1,1,1,,47.94452,-1.26163
201400000980,25,7,14,16,1,35,8,1,1,1,1,,47.95416,-1.21738
201400000981,5,10,14,17,1,35,200,1,1,1,6,,47.96423,-1.20283
201400000982,26,10,14,18,3,35,167,1,2,1,3,,47.8398,-1.40283
201400000983,12,1,14,7,3,35,108,1,1,1,5,,47.951,-1.47
201400000984,18,1,14,1,3,35,28,1,1,1,7,,48.0,-1.382
201400000985,8,3,14,15,1,35,136,2,1,7,2,27 ROUTE DE BAIN,47.95389,-1.50494
201400000986,8,3,14,17,1,35,335,1,4,7,1,,47.83657,-1.48995
201400000987,25,4,14,21,3,35,220,1,1,1,2,La Laurançais,48.0176,-1.41081