Num_Acc,jour,mois,an,hr,condition_eclairage,departement,commune,condition_agglomeration,intersection,condition_atmosphere,type_collision,adresse,lattitude,longitude
201400000988,14,5,14,11,1,35,28,1,1,1,1,,47.9735,-1.40143
201400000989,19,7,14,16,1,35,41,1,4,1,3,,47.93794,-1.53405
201400000990,26,7,14,0,3,35,136,1,1,1,3,,47.97256,-1.48344
201400000991,25,9,14,8,1,35,136,2,1,1,6,rue Chanoine Rossignol,47.96055,-1.49698
201400000992,30,10,14,12,1,35,220,1,1,1,7,,47.99371,-1.4205
201400000993,22,12,14,12,1,35,108,1,1,1,7,,47.96533,-1.42764
201400000994,20,12,14,14,1,22,236,1,2,1,3,kerdoret,48.65064,-2.96255
201400000995,25,12,14,19,4,22,367,1,2,8,3,,48.55188,-2.85677
201400000996,4,2,14,15,1,22,246,1,1,8,7,,48.4596,-2.63461
201400000997,15,4,14,15,1,22,142,1,2,1,3,MAROUE (lamballe),48.43534,-2.52888
201400000998,30,4,14,13,1,22,93,1,1,1,5,,48.45542,-2.51369
201400000999,29,5,14,14,1,22,142,1,2,1,3,MAROUE,48.44583,-2.55063
201400001000,29,5,14,2,3,22,160,2,1,1,6,rue louis hingant,48.44779,-2.48484
201400001001,6,10,14,12,1,22,93,2,6,3,3,avenue georges clémencea,48.46134,-2.50315
201400001002,12,10,14,11,1,22,142,1,1,3,1,le moulin provost,48.42564,-2.50688
201400001003,14,10,14,16,1,22,93,2,1,7,6,rue du général de gaulle,48.47154,-2.51557
201400001004,18,11,14,18,3,22,44,1,1,2,6,Belle Ville,48.4834,-2.57653
201400001005,18,11,14,8,1,22,160,2,3,2,3,rue Hingant,48.44783,-2.48472
201400001006,12,12,14,19,5,22,93,2,1,2,6,Rue du Général LECLERC,48.46744,-2.51421
201400001007,10,1,14,13,1,22,258,1,2,1,5,Meudon,48.42171,-2.62729
201400001008,5,2,14,18,3,22,79,1,1,3,7,La Ville Es Bruyères,48.37723,-2.75267
201400001009,6,8,14,8,1,22,258,1,1,2,1,La Chenaie,48.41839,-2.62574
201400001010,29,8,14,23,3,22,281,1,1,1,1,Saint Guihen,48.40247,-2.77326
201400001011,17,2,14,9,1,22,390,1,1,1,3,La Petite tournée,48.71803,-3.02372
201400001012,5,6,14,23,5,22,162,2,1,1,1,avenue chateaubriand,48.77781,-3.04403
201400001013,12,7,14,14,1,22,162,1,1,1,1,Penvern,48.76703,-3.05742
201400001014,7,11,14,8,2,22,162,1,1,2,1,guillardon,48.75811,-2.99599
201400001015,15,2,14,16,1,22,54,2,9,1,6,parking magasin super u,48.62248,-2.43859
201400001016,23,3,14,1,3,22,242,1,1,2,7,,48.62903,-2.42123
201400001017,27,5,14,8,1,22,242,2,2,1,6,rue rollard,48.64006,-2.39961
201400001018,1,8,14,18,1,22,389,1,6,1,2,,48.48044,-2.64607
201400001019,6,8,14,0,3,22,186,2,1,3,3,le cloître,48.57699,-2.53365
201400001020,10,8,14,14,1,22,186,1,1,1,1,,48.56439,-2.54518
201400001021,7,9,14,4,3,22,389,2,1,1,6,rue louis marteil,48.48414,-2.65841
201400001022,1,11,14,19,5,22,54,2,1,1,6,rue du parc des sports,48.63037,-2.46332
201400001023,7,1,14,14,1,22,171,2,1,1,1,rue de la ville gourelle,48.40891,-2.81826
201400001024,12,4,14,23,3,22,307,1,1,1,6,"7,rue Saint Gilles",48.43852,-2.8207
201400001025,16,4,14,16,1,22,277,1,1,1,5,,48.41358,-2.84979
201400001026,1,6,14,10,1,22,45,1,1,1,3,le paimpeu,48.43715,-2.93897
201400001027,21,6,14,7,1,22,176,1,1,1,7,le moulin de quervilly,48.46209,-2.75573
201400001028,1,7,14,18,1,22,171,2,3,1,6,rue de sébastopol,48.4079,-2.81732
201400001029,16,7,14,18,1,22,59,2,1,1,6,rue du stade,48.39086,-2.86813
201400001030,19,1,14,16,1,22,77,1,2,7,1,LESB PHILIPORTES,48.52834,-2.42249
201400001031,9,5,14,1,3,22,179,2,1,1,1,place de Bretagne,48.64048,-2.39414
201400001032,3,7,14,15,1,22,179,2,1,1,3,rue des petites fontaine,48.628,-2.36946
201400001033,30,7,14,16,1,22,323,1,1,1,2,,48.52836,-2.32543
201400001034,27,8,14,17,1,22,143,1,1,1,7,le Houet,48.60607,-2.28005
201400001035,7,9,14,17,1,22,179,1,1,1,5,saint aide,48.6196,-2.34744
201400001036,26,9,14,13,1,22,179,2,1,1,6,rue des petites fontaine,48.6286,-2.36703
201400001037,5,10,14,11,1,22,282,2,1,1,3,,48.62812,-2.25686
201400001038,14,2,14,16,1,22,190,2,1,2,7,rue François Mitterrand,48.533,-2.05724
201400001039,22,2,14,1,3,22,237,1,1,2,6,Le Bois Bouan,48.55091,-2.2553
201400001040,5,1,14,17,1,22,225,1,1,8,4,le pont caffin,48.53494,-3.16147
201400001041,4,2,14,11,1,22,70,2,1,7,6,route de corlay,48.55365,-3.14963
201400001042,21,4,14,19,3,22,272,1,1,1,3,Kernoble,48.56775,-3.10167
201400001043,5,8,14,16,1,22,70,2,1,1,6,rue st michel,48.56097,-3.15801
201400001044,17,10,14,7,2,22,272,1,1,2,7,,48.5697,-3.09287
201400001045,14,10,14,7,2,22,70,2,2,9,3,Rue du Général de GAULLE,48.56317,-3.14991
201400001046,17,10,14,10,1,22,70,2,1,2,6,Rue Ernest RENAN,48.56326,-3.1557
201400001047,4,11,14,17,3,22,223,2,3,8,3,pont ezer,48.57189,-3.16233
201400001048,2,1,14,18,3,22,248,2,1,1,7,rue Pierre COTTIN,48.621,-3.08926
201400001049,18,1,14,15,1,22,194,2,3,8,3,rue de la fontaine,48.65708,-3.62612
201400001050,5,2,14,11,1,22,211,2,1,2,3,rue joseph lasbleiz,48.71659,-3.45479
201400001051,2,2,14,15,1,22,353,2,1,1,2,trebeurdenPAS DOSGEO,48.82171,-3.51801
201400001052,7,2,14,13,1,22,198,1,6,1,3,,48.78627,-3.49227
201400001053,9,3,14,22,5,22,168,2,1,1,3,BLD JOSEPH LE BIHAN,48.8159,-3.45833
201400001054,18,4,14,20,1,22,198,1,1,1,6,,48.75327,-3.51582
201400001055,7,5,14,23,4,22,353,2,1,1,7,rue de poul palud,48.82479,-3.50711
201400001056,11,7,14,22,2,22,379,2,1,1,6,rue de trestel,48.81996,-3.35351
201400001057,11,8,14,23,5,22,168,2,1,1,6,9 rue de la Jetée,48.80597,-3.43748
201400001058,13,8,14,4,5,22,168,2,1,1,6,rue de Traouros,48.82397,-3.48582
201400001059,8,1,14,20,5,29,3,2,1,2,6,,48.02344,-4.53869
201400001060,29,1,14,18,3,29,197,2,1,3,6,rue de Locqueran,48.0216,-4.53189
201400001061,12,2,14,15,1,29,3,1,1,1,6,,48.02194,-4.53854
201400001062,21,6,14,10,1,29,173,1,1,1,4,,48.00787,-4.19574
201400001063,13,7,14,7,2,29,215,2,1,5,6,route de QUIMPER,47.987,-4.42395
201400001064,9,10,14,19,2,29,225,1,1,2,2,,47.966,-4.331
201400001065,10,11,14,4,3,29,218,1,1,8,6,,48.048,-4.467
201400001066,6,12,14,6,3,29,173,1,6,1,6,,48.007,-4.192
201400001067,11,12,14,18,3,29,225,1,1,1,1,bourg,48.01568,-4.36159
201400001068,23,12,14,18,3,29,216,1,1,8,1,,47.98099,-4.17921
201400001069,26,2,14,17,1,29,224,1,1,1,3,,48.04307,-4.32725
201400001070,11,4,14,9,1,29,46,1,1,1,1,,48.09322,-4.32861
201400001071,20,4,14,8,1,29,226,1,1,1,6,,48.08027,-4.41415
201400001072,18,7,14,17,1,29,46,2,1,1,2,RUE AR VERET,48.0886,-4.34028
201400001073,6,11,14,8,1,29,169,1,1,1,5,,48.07814,-4.19158
201400001074,6,11,14,16,1,29,46,2,1,2,1,D7 boulevard Jean Moulin,48.08648,-4.33897
201400001075,17,11,14,8,2,29,46,2,9,8,6,rue la?nnec,48.08604,-4.32163
201400001076,1,1,14,6,3,29,57,1,1,3,1,,47.9251,-3.97435
201400001077,17,1,14,19,5,29,58,2,1,8,6,"37, rue d'Armor",47.93363,-4.02123
201400001078,17,4,14,14,1,29,247,1,2,1,3,,47.93688,-4.02147
201400001079,25,5,14,4,3,29,247,1,1,1,7,,47.93688,-4.02147
201400001080,17,8,14,15,1,29,58,2,1,1,1,lieu dit roezmbar,47.89374,-4.01152
201400001081,22,8,14,6,5,29,58,2,1,1,3,rue Jean GUEGUEN,47.89374,-4.01152
201400001082,22,8,14,11,1,29,6,2,9,1,6,chemin de Creisanguer,47.86641,-4.09047
201400001083,17,10,14,10,1,29,57,1,1,8,1,,47.90788,-3.97956
201400001084,9,12,14,10,1,29,60,1,1,1,6,bourg,47.90788,-4.04324
201400001085,11,1,14,16,1,29,220,2,2,1,3,rue du penquer,47.8651,-4.21678
201400001086,13,12,14,10,1,29,158,1,1,1,3,bourg,47.79729,-4.35814
201400001087,19,2,14,15,1,29,235,2,1,2,7,bd L?opold Maissin,48.39524,-4.41231
201400001088,8,3,14,18,1,29,75,2,1,7,6,RUE DE TOURBIAN,48.41068,-4.46046
201400001089,30,4,14,18,1,29,75,2,6,3,6,,48.43545,-4.39989
201400001090,14,5,14,5,3,29,75,2,1,1,7,AVENUE DE BARSBUTTEL,48.43313,-4.41481
201400001091,19,5,14,12,1,29,268,2,1,1,1,rue pen ar quinquis,48.47204,-4.33727
201400001092,4,7,14,18,1,29,75,1,1,2,3,,48.45244,-4.37704
201400001093,11,1,14,13,1,29,103,2,1,7,1,rue de ST ERNEL,48.44354,-4.26396
201400001094,24,6,14,11,1,29,128,1,3,1,3,RD30 X RD69,48.49254,-4.07733
201400001095,3,9,14,18,1,29,103,2,1,1,1,1 r?sidence duguesclin,47.87192,-3.91776
201400001096,13,9,14,8,1,29,180,1,1,1,1,,48.45323,-4.14314
201400001097,27,12,14,16,2,29,103,2,1,3,6,32 rue de la lib?ration,48.44928,-4.24645
201400001098,5,3,14,18,1,29,55,1,1,1,6,,48.55065,-4.34804
201400001099,19,3,14,12,1,29,179,1,1,1,1,,48.528,-4.308
201400001100,27,4,14,18,1,29,124,1,1,1,6,,48.5011,-4.2961
201400001101,9,9,14,9,1,29,64,1,1,1,1,,0.0,0.0
201400001102,12,12,14,8,2,29,55,2,1,2,6,rue de la gare,48.56067,-4.34159
201400001103,15,6,14,0,3,29,35,2,1,1,6,rue de la forge,48.49717,-4.50878
201400001104,23,6,14,10,1,29,117,1,1,1,1,,48.56937,-4.52151
201400001105,28,8,14,11,1,29,15,1,1,2,6,,48.4995,-4.50657
201400001106,29,8,14,17,1,29,195,2,1,1,6,Kroaz Kenan,48.6079,-4.50557
201400001107,17,9,14,21,3,29,160,2,1,1,6,kermenguy,48.49064,-4.43475
201400001108,19,9,14,22,5,29,117,2,1,1,6,,48.56937,-4.52151
201400001109,25,11,14,11,1,29,77,1,1,1,1,,48.63402,-4.40954
201400001110,2,10,14,20,5,29,98,2,1,1,1,RUE DE PORSPAUL,48.44724,-4.77134
201400001111,21,3,14,9,1,29,149,1,1,1,6,,48.47284,-4.52508
201400001112,17,4,14,15,1,29,257,1,1,1,1,,48.56346,-4.59718
201400001113,13,6,14,23,4,29,178,2,1,1,3,rye yves Talarmin,48.5407,-4.65586
201400001114,2,7,14,18,1,29,119,1,1,1,5,,48.47384,-4.63899
201400001115,26,7,14,10,1,29,221,2,1,1,1,10 rue du port,48.48776,-4.77037
201400001116,27,7,14,14,1,29,177,2,1,1,2,Route du Phare,48.42501,-4.77871
201400001117,13,8,14,8,1,29,260,2,1,1,6,rue Lucien Thuilliez,48.43234,-4.62873
201400001118,1,9,14,22,3,29,196,2,1,1,6,rue Suzanne de Parceveau,48.52497,-4.59866
201400001119,11,10,14,21,3,29,208,1,2,1,3,,48.50909,-4.68598
201400001120,9,11,14,15,1,29,178,2,1,1,1,CHEMIN DES DUNES,48.56662,-4.68428
201400001121,4,12,14,14,1,29,196,1,1,2,7,,48.538,-4.597
201400001122,24,12,14,1,3,29,196,1,1,2,6,,48.52497,-4.59866
201400001123,17,5,14,6,2,29,302,1,1,1,6,MIGOURON,48.27696,-4.10257
201400001124,13,6,14,17,1,29,26,2,1,7,1,Notre dame 29150,48.19536,-4.0975
201400001125,22,8,14,15,1,29,240,1,1,1,1,,48.26353,-4.19451
201400001126,16,1,14,11,1,29,81,2,1,2,7,,48.37092,-3.74736
201400001127,5,2,14,19,3,29,24,2,1,2,6,CD 54,48.27558,-3.57418
201400001128,10,2,14,7,3,29,227,1,1,2,6,,48.34012,-3.64282
201400001129,19,4,14,17,1,29,211,1,2,1,3,,48.31552,-3.73744
201400001130,4,5,14,13,1,29,152,1,1,1,3,,48.20169,-3.5554
201400001131,3,6,14,15,1,29,227,1,2,8,3,,48.34012,-3.64282
201400001132,7,6,14,14,1,29,250,1,1,1,7,,48.21814,-3.63458
201400001133,15,6,14,7,1,29,24,1,1,1,7,Lieu dit Trévourec,48.23913,-3.59864
201400001134,17,6,14,17,1,29,81,1,1,1,1,proche le Cloitre,48.36009,-3.79789
201400001135,4,7,14,18,1,29,24,2,1,2,1,,48.28106,-3.57423
201400001136,16,7,14,16,1,29,24,2,1,7,5,BOulevard Jean MOULIN,48.27241,-3.56852
201400001137,21,2,14,15,1,29,107,1,1,8,2,,48.06303,-3.97809
201400001138,29,5,14,17,3,29,125,1,1,1,6,,48.09956,-3.78567
201400001139,13,7,14,1,3,29,48,1,1,2,6,,48.11906,-3.88301
201400001140,9,9,14,15,1,29,41,1,1,1,6,,48.051,-3.903
201400001141,6,10,14,11,1,29,41,1,1,1,1,,48.059,-3.826
201400001142,14,10,14,17,1,29,20,2,1,1,1,amiral de la grandi?re,48.09711,-3.9974
201400001143,24,10,14,18,1,29,16,1,1,8,6,,48.327,-3.96
201400001144,1,11,14,18,3,29,41,1,1,1,6,lieu-dit Cavarno,48.09284,-3.85286
201400001145,13,12,14,10,1,29,175,1,1,1,3,bourg,48.35347,-3.85055
201400001146,19,2,14,10,1,29,22,2,1,2,6,rue du STADE,48.27562,-4.60483
201400001147,16,9,14,9,1,29,280,2,1,9,6,Rue de l'Aber,48.23174,-4.36985
201400001148,3,10,14,16,1,29,42,2,1,1,3,Tal ar groas,48.24908,-4.41812
201400001149,4,12,14,7,4,29,120,2,1,1,3,boulevard de la marine,48.28471,-4.45582
201400001150,20,12,14,17,2,29,238,1,2,1,3,,48.31535,-4.54802
201400001151,5,3,14,17,1,29,207,1,1,1,2,,48.56444,-3.84267
201400001152,2,5,14,21,1,29,113,2,1,1,6,route de locquirec,48.647,-3.7154
201400001153,1,7,14,12,1,29,207,1,1,1,1,,48.53481,-3.79048
201400001154,9,8,14,17,1,29,191,2,1,1,6,Rue de Lann?anou,48.51861,-3.71009
201400001155,29,8,14,20,1,29,67,1,1,1,1,,48.51726,-3.58881
201400001156,20,10,14,23,3,29,191,1,1,1,6,,48.52067,-3.71301
201400001157,1,11,14,16,1,29,191,1,1,7,2,,48.51709,-3.70926
201400001158,16,11,14,20,3,29,191,1,1,5,1,,48.52067,-3.71301
201400001159,20,12,14,15,1,29,207,1,1,1,3,vieux bourg,48.53174,-3.8308
201400001160,26,12,14,19,3,29,59,1,1,2,1,,48.60127,-3.75734
201400001161,14,3,14,20,5,29,105,2,1,1,6,Rue du G?n?ral DE GAULLE,48.51013,-4.07326
201400001162,20,3,14,10,1,29,204,1,1,1,1,,48.54,-4.215
201400001163,23,5,14,12,1,29,105,1,1,2,6,,48.51013,-4.07326
201400001164,5,7,14,7,2,29,10,1,1,2,7,,48.492,-4.13699
201400001165,24,8,14,17,1,29,262,1,1,8,7,,45.89407,-4.15793
201400001166,24,8,14,14,1,29,193,1,1,1,7,,48.55406,-4.08399
201400001167,21,9,14,17,1,29,38,2,1,1,6,Ty douar,48.41201,-3.96918
201400001168,7,10,14,8,2,29,105,2,1,2,6,rue Cl?menceau,48.517,-4.069
201400001169,15,11,14,19,3,29,202,1,1,1,3,,48.47,-3.875
201400001170,5,1,14,22,3,29,279,1,1,6,6,,48.58167,-3.90153
201400001171,8,1,14,18,5,29,259,2,1,2,6,,48.68127,-3.98737
201400001172,17,1,14,21,3,29,23,1,1,8,6,,48.64881,-3.92304
201400001173,24,1,14,12,1,29,30,2,1,2,6,rue du Vern Mespaul,48.66268,-4.11066
201400001174,22,2,14,16,1,29,259,2,1,1,3,Rue Joseph Kersebet,48.67987,-3.99852
201400001175,5,3,14,17,1,29,68,1,2,7,1,,48.53774,-3.96788
201400001176,10,3,14,10,1,29,259,1,1,1,3,,48.66126,-4.02249
201400001177,31,5,14,18,1,29,30,1,1,1,1,,48.66265,-4.10303
201400001178,17,6,14,17,1,29,184,2,1,1,3,lieu-dit le milinou,48.62711,-3.96124
201400001179,25,8,14,10,1,29,184,1,1,3,6,,48.62842,-3.99242
201400001180,12,9,14,13,1,29,239,1,1,1,1,,48.7262,-3.98532
201400001181,16,9,14,20,1,29,30,1,2,1,3,,48.66265,-4.10303
201400001182,23,9,14,16,1,29,192,1,1,1,3,,0.0,0.0
201400001183,27,9,14,20,3,29,111,1,1,1,6,,48.57974,-4.21114
201400001184,25,11,14,13,1,29,213,1,1,1,7,,48.5962,-4.11367
201400001185,8,7,14,10,1,56,94,1,1,1,4,,0.0,0.0
201400001186,24,1,14,3,3,56,22,1,1,2,6,,0.0,0.0
201400001187,27,1,14,20,3,56,120,1,1,1,7,,0.0,0.0
201400001188,30,1,14,6,3,56,158,1,1,2,1,,0.0,0.0
201400001189,1,2,14,17,1,56,164,1,1,1,7,,0.0,0.0
201400001190,4,3,14,9,1,56,67,1,1,1,1,,0.0,0.0
201400001191,15,5,14,20,1,56,67,1,1,1,1,,0.0,0.0
201400001192,28,5,14,13,1,56,8,2,1,1,6,RUE DU 06 AOUT 1944,47.61961,-2.92204
201400001193,1,7,14,7,1,56,157,1,1,8,3,,0.0,0.0
201400001194,2,7,14,14,1,56,8,2,1,1,3,RUE DES FRERES GUENEDAL,47.62081,-2.9145
201400001195,6,7,14,20,1,56,106,1,1,1,1,,0.0,0.0
201400001196,17,10,14,7,3,56,22,1,1,8,1,,0.0,0.0
201400001197,20,11,14,9,1,56,260,1,1,1,3,,0.0,0.0
201400001198,27,12,14,6,3,56,115,1,6,1,6,,0.0,0.0
201400001199,23,1,14,17,1,56,61,2,1,8,6,rue de la liberte,0.0,0.0
201400001200,25,1,14,16,1,56,194,1,6,7,6,,0.0,0.0
201400001201,6,3,14,0,3,56,223,1,1,1,6,,47.64236,-2.09745
201400001202,10,4,14,18,1,56,154,1,1,1,2,,0.0,0.0
201400001203,19,4,14,16,1,56,33,2,1,1,6,rue fontaine st louis,0.0,0.0
201400001204,23,5,14,12,1,56,194,1,2,1,6,,47.61111,-2.11271
201400001205,1,6,14,1,3,56,60,1,1,1,6,,0.0,0.0
201400001206,21,6,14,5,2,56,154,1,1,1,6,,0.0,0.0
201400001207,4,7,14,14,1,56,194,1,6,6,3,,0.0,0.0
201400001208,29,12,14,16,1,56,33,1,1,1,7,,0.0,0.0
201400001209,9,1,14,10,1,56,77,1,1,1,1,,0.0,0.0
201400001210,14,1,14,5,3,56,143,1,1,1,7,,0.0,0.0
201400001211,24,2,14,12,1,56,149,1,2,1,3,,47.56706,-2.43073
201400001212,28,2,14,11,1,56,2,1,1,1,1,,0.0,0.0
201400001213,27,7,14,16,1,56,195,2,1,1,6,2 rue Crespel,47.52173,-2.30409
201400001214,1,1,14,12,1,56,184,1,1,6,6,,0.0,0.0
201400001215,6,1,14,16,1,56,184,1,1,8,5,,0.0,0.0
201400001216,18,2,14,10,1,56,261,1,1,1,3,,47.69702,-2.51621
201400001217,25,4,14,8,1,56,184,1,3,1,1,,0.0,0.0
201400001218,27,6,14,19,1,56,109,1,1,1,4,,0.0,0.0
201400001219,28,6,14,2,3,56,231,1,1,1,7,,0.0,0.0
201400001220,17,7,14,20,1,56,123,2,1,8,7,rue de la belle etoile,0.0,0.0
201400001221,22,9,14,16,1,56,224,1,1,1,1,,0.0,0.0
201400001222,11,10,14,9,1,56,231,1,1,1,3,,0.0,0.0
201400001223,21,11,14,8,2,56,184,2,9,5,3,Place du Marchix,47.66149,-2.45625
201400001224,20,1,14,7,5,56,23,2,1,1,1,Rue Nationale,0.0,0.0
201400001225,25,1,14,10,1,56,7,2,1,1,6,,47.66747,-2.98531
201400001226,23,2,14,20,1,56,23,2,1,1,7,KERIZAN,47.6824,-3.02202
201400001227,21,3,14,19,5,56,7,2,1,1,6,rue du Cdt Charcot,47.67271,-2.99325
201400001228,28,3,14,16,1,56,7,2,1,1,3,,47.67255,-2.99231
201400001229,9,7,14,18,1,56,46,1,1,1,4,,47.6545,-2.98263
201400001230,31,8,14,4,3,56,167,1,1,1,7,,0.0,0.0
201400001231,19,9,14,7,1,56,176,2,1,1,3,RUE AMPERE,47.66916,-2.96065
201400001232,20,10,14,1,3,56,176,1,9,1,7,,0.0,0.0
201400001233,8,11,14,21,5,56,7,2,1,1,6,1 RUE FRANCIS HELLEC,47.67941,-3.00576
201400001234,13,11,14,20,3,56,46,1,1,8,1,,0.0,0.0
201400001235,22,11,14,16,1,56,263,1,3,1,5,,0.0,0.0
201400001236,9,1,14,15,2,56,152,1,1,8,1,,47.33411,-3.15963
201400001237,6,3,14,17,5,56,168,2,1,1,3,,47.59723,-3.11235
201400001238,26,7,14,11,1,56,186,2,1,1,3,rue des korrigans,47.48272,-3.11072
201400001239,16,8,14,11,1,56,34,2,1,1,6,2 RUE DU TUMULUS,47.58353,-3.07834
201400001240,10,1,14,19,4,56,69,2,1,3,6,Route de Port Melite,47.63993,-3.44996
201400001241,14,8,14,11,1,56,130,1,6,1,3,,0.0,0.0
201400001242,9,9,14,23,5,56,193,2,1,1,7,route de la Croizetiere,47.71518,-3.33323
201400001243,12,11,14,15,1,56,169,1,1,3,1,,47.69337,-3.20123
201400001244,17,11,14,9,1,56,161,2,1,1,3,LOCMARIA,0.0,0.0
201400001245,20,1,14,8,2,56,165,2,1,5,6,Rue de la Porte Bergault,47.92861,-2.39284
201400001246,11,2,14,20,3,56,134,1,1,8,1,,0.0,0.0
201400001247,4,3,14,8,2,56,43,1,1,7,7,,0.0,0.0
201400001248,2,3,14,12,1,56,165,2,6,2,2,giratoire GUILLOU,47.93909,-2.40368
201400001249,17,8,14,19,1,56,165,1,1,1,1,,0.0,0.0
201400001250,3,9,14,17,1,56,165,1,1,1,2,,0.0,0.0
201400001251,26,9,14,20,4,56,127,2,1,1,7,avenue Jean Allain,0.0,0.0
201400001252,13,10,14,18,1,56,122,1,6,1,3,,47.97591,-2.37934
201400001253,9,10,14,13,1,56,197,1,1,1,7,,0.0,0.0
201400001254,19,10,14,18,1,56,138,1,1,1,1,,47.89183,-2.3636
201400001255,31,12,14,18,3,56,6,1,1,1,6,,0.0,0.0
201400001256,9,2,14,21,3,56,230,1,1,2,7,,0.0,0.0
201400001257,14,2,14,0,3,56,219,1,1,2,6,,47.79577,-2.50631
201400001258,14,5,14,18,1,56,124,2,3,1,3,Boulevard du pont neuf,0.0,0.0
201400001259,1,8,14,17,1,56,20,1,3,1,3,,0.0,0.0
201400001260,12,9,14,16,1,56,244,2,1,1,6,51 rue merlin,47.82371,-2.51253
201400001261,4,10,14,17,1,56,75,1,2,8,3,,0.0,0.0
201400001262,16,10,14,8,1,56,200,1,1,8,1,,0.0,0.0
201400001263,10,1,14,13,1,56,172,1,1,1,6,,0.0,0.0
201400001264,12,1,14,11,1,56,222,1,1,1,6,,47.8661,-2.74267
201400001265,16,3,14,18,1,56,160,1,1,1,1,,47.98495,-2.68607
201400001266,16,3,14,18,1,56,140,1,1,7,2,,0.0,0.0
201400001267,7,4,14,6,2,56,172,1,1,2,6,,0.0,0.0
201400001268,9,5,14,19,1,56,79,1,1,1,6,,0.0,0.0
201400001269,20,5,14,15,2,56,17,1,1,1,1,,0.0,0.0
201400001270,9,6,14,2,3,56,24,1,1,1,6,,0.0,0.0
201400001271,16,6,14,11,1,56,70,1,1,7,6,,0.0,0.0
201400001272,6,7,14,16,1,56,17,1,1,2,1,,47.86817,-2.7436
201400001273,6,7,14,21,1,56,189,2,1,1,6,29 RUE CHARLES DE FOUCAU,47.96036,-2.71289
201400001274,24,7,14,14,1,56,59,1,1,1,1,,0.0,0.0
201400001275,5,9,14,17,1,56,17,1,1,1,7,,0.0,0.0
201400001276,26,2,14,16,1,56,41,1,1,1,5,,0.0,0.0
201400001277,6,8,14,16,1,56,213,1,1,1,1,,0.0,0.0
201400001278,5,10,14,10,1,56,215,1,1,1,6,,0.0,0.0
201400001279,3,11,14,17,2,56,151,1,1,2,2,,0.0,0.0
201400001280,28,11,14,9,1,56,178,1,1,1,1,,0.0,0.0
201400001281,16,1,14,7,3,56,141,1,1,8,1,,0.0,0.0
201400001282,4,2,14,14,1,56,128,2,1,1,6,rue d'angleterre,0.0,0.0
201400001283,14,3,14,1,3,56,140,1,6,1,6,,0.0,0.0
201400001284,15,3,14,18,1,56,10,2,1,1,6,RUE DE PONYIVY,47.8764,-3.01938
201400001285,16,3,14,14,1,56,117,2,1,1,1,RUE DUGUESCLIN,0.0,0.0
201400001286,24,4,14,9,1,56,141,1,1,1,7,,0.0,0.0
201400001287,26,5,14,9,1,56,10,1,1,1,7,,0.0,0.0
201400001288,31,5,14,18,1,56,140,1,1,1,3,,0.0,0.0
201400001289,18,6,14,7,1,56,192,1,1,1,1,,0.0,0.0
201400001290,2,7,14,21,1,56,207,1,1,1,1,,0.0,0.0
201400001291,25,7,14,20,2,56,140,2,1,7,1,LE BRONUT,0.0,0.0
201400001292,2,9,14,16,1,56,117,2,1,7,6,Boulevard duguesclin,0.0,0.0
201400001293,19,12,14,8,2,56,173,1,1,2,1,,47.95892,-3.02363
201400001294,12,3,14,14,1,56,57,1,1,1,2,,48.02578,-3.50156
201400001295,26,4,14,12,1,56,66,1,5,8,1,,0.0,0.0
201400001296,1,5,14,14,1,56,81,1,1,8,1,,0.0,0.0
201400001297,21,7,14,7,1,56,14,1,1,1,3,,0.0,0.0
201400001298,28,10,14,16,1,56,66,1,1,1,6,,0.0,0.0
201400001299,18,11,14,18,3,56,57,1,1,1,5,,0.0,0.0