Num_Acc,jour,mois,an,hr,condition_eclairage,departement,commune,condition_agglomeration,intersection,condition_atmosphere,type_collision,adresse,lattitude,longitude
201400001300,24,10,14,12,1,14,488,1,6,1,3,,49.2646,-0.26206
201400001301,31,12,14,7,3,14,76,1,1,8,1,,0.0,0.0
201400001302,10,1,14,22,3,14,14,1,1,1,6,,49.2601,-0.40722
201400001303,24,4,14,7,1,14,44,1,2,1,3,,49.2683,-0.43688
201400001304,14,8,14,15,1,14,44,2,2,8,3,,0.0,0.0
201400001305,29,11,14,12,1,14,44,1,1,1,7,,49.2908,-0.41212
201400001306,28,12,14,2,3,14,44,1,1,6,6,,49.28,-0.428
201400001307,9,1,14,8,2,14,747,1,1,8,6,,49.1232,-0.44691
201400001308,16,1,14,18,3,14,747,1,1,1,1,,49.1119,-0.45254
201400001309,27,2,14,19,5,14,257,1,1,2,3,,0.0,0.0
201400001310,4,3,14,7,2,14,42,1,2,1,3,,49.1244,-0.49126
201400001311,18,3,14,8,1,14,396,1,6,1,3,,49.1344,-0.41291
201400001312,11,5,14,0,4,14,6,2,1,1,6,RUE DES POMMIERS,49.0847,-0.43295
201400001313,25,5,14,17,1,14,738,1,3,3,3,,49.1594,-0.46919
201400001314,28,5,14,18,1,14,42,1,1,8,1,,49.1217,-0.46587
201400001315,10,11,14,5,3,14,311,1,2,1,3,INTERSECTION D139/D83,49.144,-0.54986
201400001316,1,1,14,18,5,14,675,2,3,3,6,,49.1378,-0.29721
201400001317,13,1,14,16,1,14,57,2,1,1,3,ROUTE DE PARIS 6 RD613,49.1247,-0.20698
201400001318,12,2,14,7,2,14,145,1,1,8,1,,49.0402,-0.28137
201400001319,13,3,14,5,3,14,20,1,1,5,6,,49.1248,-0.18385
201400001320,1,4,14,18,1,14,57,1,1,1,1,,49.1191,-0.22681
201400001321,24,4,14,8,1,14,92,1,1,1,1,,49.1197,-0.28763
201400001322,8,5,14,4,3,14,74,1,1,1,6,RUE DU COLOMBIER,49.0789,-0.18126
201400001323,14,5,14,16,1,14,20,1,1,1,2,,49.1249,-0.1832
201400001324,13,6,14,14,1,14,57,2,1,1,1,6 ROUTE DE PARIS,49.1266,-0.21123
201400001325,15,6,14,18,1,14,20,1,1,1,3,D 613,49.1194,-0.18262
201400001326,25,6,14,21,1,14,5,1,1,1,1,,49.0865,-0.15366
201400001327,1,7,14,20,1,14,119,2,1,1,6,RD225,0.0,0.0
201400001328,14,9,14,9,1,14,271,1,1,1,3,,49.1317,-0.37778
201400001329,17,9,14,19,1,14,20,2,1,1,1,RUE DES ECUYERS,49.1239,-0.17212
201400001330,3,11,14,7,1,14,456,1,1,2,3,,49.12,-0.18579
201400001331,1,12,14,7,5,14,623,2,1,1,1,RUE DES BIGANOS,0.0,0.0
201400001332,7,12,14,0,1,14,252,1,1,1,6,,49.007,-0.276
201400001333,25,12,14,9,4,14,57,2,1,1,6,,49.13,-0.208
201400001334,7,1,14,18,5,14,488,2,2,1,3,RUE DU TOUR DE VILLE,49.2772,-0.26161
201400001335,10,3,14,18,1,14,325,2,2,1,3,RUE DU PR  DE L'ISLE,49.299,-0.30688
201400001336,11,3,14,21,5,14,365,2,2,1,6,37 PAUL DOUMER,49.3032,-0.32016
201400001337,12,6,14,12,1,14,76,1,3,1,3,D141,49.2383,-0.31563
201400001338,17,8,14,20,2,14,60,2,3,2,6,,49.2482,-0.27312
201400001339,8,10,14,13,1,14,488,2,1,1,1,RUE DE LA CR TE AU COQ,0.0,0.0
201400001340,12,10,14,12,1,14,166,2,2,2,3,,0.0,0.0
201400001341,22,11,14,15,1,14,488,2,2,1,3,BOULEVARD DE FRANCE,49.2868,-0.26046
201400001342,28,11,14,18,5,14,488,2,1,1,1,,49.282,-0.26549
201400001343,1,12,14,11,1,14,325,1,1,8,1,,0.0,0.0
201400001344,11,1,14,11,1,14,246,2,1,1,6,RUE CLAUDE LEBRETON,49.2125,-0.2371
201400001345,5,4,14,15,1,14,344,1,1,1,7,LA RAM?E,49.1553,-0.16591
201400001346,9,4,14,7,1,14,46,1,3,5,3,CARREFOUR RD 513/RD95,49.2423,-0.18578
201400001347,2,5,14,22,3,14,530,1,2,1,1,,49.2362,-0.2381
201400001348,23,8,14,23,3,14,530,2,1,1,6,D 223,49.2209,-0.27375
201400001349,4,9,14,12,1,14,724,2,1,1,7,AVENUE DU PR?SIDENT COTY,49.2844,-0.15196
201400001350,14,10,14,22,3,14,328,1,1,1,6,,49.2083,-0.27901
201400001351,18,4,14,14,1,14,47,2,1,1,6,PARKING DES REMPARTS,49.2789,-0.70538
201400001352,10,6,14,22,5,14,47,1,1,1,3,,0.0,0.0
201400001353,6,7,14,1,3,14,436,2,1,2,3,905 ROUTE DE TILLY,0.0,0.0
201400001354,29,9,14,8,2,14,732,1,1,2,6,,0.0,0.0
201400001355,10,10,14,18,1,14,184,1,1,1,1,,0.0,0.0
201400001356,2,12,14,18,3,14,630,1,6,3,1,,0.0,0.0
201400001357,17,6,14,10,1,14,468,1,1,1,7,LES ESSARTS,49.2209,-0.76744
201400001358,20,11,14,10,1,14,727,1,1,1,1,,0.0,0.0
201400001359,15,3,14,1,3,14,258,1,6,1,6,,48.8815,-0.19239
201400001360,25,4,14,14,1,14,206,1,1,1,6,,48.8759,-0.08102
201400001361,27,6,14,9,1,14,244,2,2,1,3,ROUTE DE LIVAROT,48.9078,-0.15806
201400001362,26,7,14,19,1,14,332,1,1,1,7,LE PETIT CH?TIF,48.861,-0.17374
201400001363,21,8,14,13,1,14,180,1,1,1,4,,48.863,-0.22421
201400001364,5,9,14,18,1,14,467,1,2,1,5,MIETTE D 243,48.8864,-0.23654
201400001365,28,3,14,21,3,14,207,1,1,8,6,,49.0046,-0.43651
201400001366,20,6,14,8,2,14,251,2,1,1,6,RTE D'ESSON,48.9794,-0.4703
201400001367,3,7,14,3,3,14,162,1,1,1,6,LIEU-DIT ARCLAIS,48.8807,-0.452
201400001368,26,7,14,18,1,14,207,1,1,1,7,,0.0,0.0
201400001369,5,11,14,15,1,14,656,1,1,1,1,,48.9531,-0.49355
201400001370,6,11,14,9,1,14,603,1,2,1,6,CARREFOUR D562/D238A,49.0459,-0.41003
201400001371,22,11,14,14,1,14,223,1,2,1,3,CARREFOUR D 511/VC 1,48.879,-0.34877
201400001372,17,1,14,16,1,14,749,1,1,2,3,,49.0499,-0.11363
201400001373,19,1,14,11,1,14,141,1,1,1,1,,49.0425,0.09723
201400001374,9,3,14,20,3,14,386,1,1,1,1,,0.0,0.0
201400001375,25,9,14,12,1,14,431,2,2,1,3,AVENUE JEAN JAUR S,0.0,0.0
201400001376,17,11,14,8,2,14,201,2,1,2,3,CD613 - ROUTE DE PARIS,49.1183,0.01671
201400001377,1,12,14,9,1,14,82,1,7,1,7,,0.0,0.0
201400001378,25,12,14,13,1,14,520,1,1,1,3,,0.0,0.0
201400001379,25,1,14,19,3,14,259,1,1,1,3,,48.9772,0.38244
201400001380,7,2,14,8,1,14,403,1,1,6,3,,49.1438,0.34073
201400001381,22,10,14,15,1,14,528,1,1,1,1,,49.3261,0.29241
201400001382,29,11,14,20,3,14,514,2,1,1,6,RUE ST MELAINE,49.291,0.19037
201400001383,31,1,14,19,3,14,660,1,1,3,1,,49.2873,0.00821
201400001384,28,2,14,19,3,14,12,1,1,3,6,,49.2426,-0.01565
201400001385,1,3,14,11,1,14,474,1,1,1,6,,49.1358,-0.00445
201400001386,10,3,14,18,2,14,754,2,2,1,3,RUE COMTESSE DE BEARN,49.3207,-0.0048
201400001387,16,3,14,13,1,14,494,1,1,1,3,,49.2541,-0.07265
201400001388,9,6,14,14,1,14,126,1,1,1,6,,49.1406,0.05708
201400001389,29,7,14,9,1,14,316,1,1,2,7,,49.2722,-0.04865
201400001390,27,8,14,18,1,14,83,1,1,1,1,,49.2027,0.08546
201400001391,30,8,14,16,1,14,754,1,3,8,3,,49.3001,0.02533
201400001392,28,9,14,10,1,14,335,1,1,1,3,,49.1743,-0.06497
201400001393,28,9,14,16,1,14,598,1,1,1,3,LES PANNIERS,49.2159,-0.02781
201400001394,16,10,14,22,3,14,12,1,1,3,1,,49.2397,-0.04306
201400001395,15,11,14,16,1,14,83,1,1,1,6,,0.0,0.0
201400001396,22,11,14,16,2,14,300,1,1,1,1,,49.198,1e-05
201400001397,25,12,14,13,1,14,126,1,1,8,6,,49.144,0.053
201400001398,13,1,14,8,2,14,762,1,1,1,6,,48.8439,-0.92086
201400001399,17,1,14,7,5,14,762,2,1,2,6,AVENUE GEORGES POMPIDOU,48.8468,-0.88825
201400001400,11,4,14,11,1,14,762,2,1,1,6,RUE DU GENERAL LECLERC,48.8385,-0.8895
201400001401,3,5,14,19,1,14,658,2,1,1,6,RUE DE LA GARE,48.8425,-1.05105
201400001402,28,8,14,21,3,14,717,1,1,3,7,,48.7958,-0.79963
201400001403,13,10,14,16,1,14,762,2,1,1,6,13 RUE DES ACRES,48.8402,-0.89474
201400001404,5,11,14,8,2,14,545,1,3,7,3,,48.8325,-0.86574
201400001405,15,1,14,16,1,14,84,1,1,8,6,,49.0019,-0.60829
201400001406,19,3,14,16,1,14,61,1,2,1,3,,48.9213,-0.85491
201400001407,5,4,14,12,1,14,704,1,1,1,1,,48.9865,-0.84007
201400001408,23,7,14,16,1,14,508,1,1,1,3,,48.947,-0.61379
201400001409,26,7,14,12,1,14,443,1,1,1,1,,48.938,-0.70234
201400001410,1,10,14,23,3,14,139,1,1,2,6,,48.9171,-0.86391
201400001411,5,2,14,13,1,14,726,2,1,2,6,"67, RUE JULES REQUEUT",48.8527,-0.67179
201400001412,1,3,14,19,2,14,545,1,1,1,3,,48.8405,-0.81828
201400001413,11,4,14,16,1,14,585,1,1,1,3,,48.8473,-0.61282
201400001414,25,5,14,11,1,14,564,1,2,1,1,,48.9285,-0.80134
201400001415,24,6,14,18,1,14,174,2,1,1,3,RUE ST JACQUES,48.8552,-0.54233
201400001416,13,10,14,8,2,14,653,1,1,2,7,,0.0,0.0
201400001417,7,11,14,20,3,14,174,1,1,1,6,,0.0,0.0
201400001418,9,3,14,15,1,50,458,1,9,1,2,LES PONTS D'OUVES,49.3227,-1.26635
201400001419,16,5,14,22,2,50,298,1,1,1,6,LE LUDE,49.3042,-1.28854
201400001420,19,5,14,20,1,50,99,2,2,1,3,RUE DE TILLOLOY,49.3031,-1.24317
201400001421,10,9,14,9,1,50,99,1,1,1,6,,49.2691,-1.27545
201400001422,17,9,14,12,1,50,99,1,2,1,1,,49.3104,-1.26232
201400001423,22,2,14,20,3,50,283,1,1,1,1,,49.1525,-1.04613
201400001424,6,4,14,5,3,50,348,1,1,1,6,,49.2546,-1.14169
201400001425,6,10,14,16,1,50,431,1,1,2,1,LA CROIX BOUTIL,49.1697,-1.25516
201400001426,23,5,14,6,2,50,48,1,1,1,1,LA COLINIERE,48.8688,-1.20107
201400001427,6,9,14,12,1,50,213,1,1,1,1,HAMEAU GOUPIL,49.0808,-1.09201
201400001428,20,1,14,10,1,94,54,1,1,1,1,R DU MUSEE,48.7302,2.368
201400001429,5,3,14,9,1,94,54,1,1,1,4,AV DE PARIS,48.7346,2.3661
201400001430,12,1,14,12,1,50,224,1,2,1,3,LA CROIS ETETE,48.9889,-0.91581
201400001431,17,4,14,8,2,94,54,1,8,7,3,R LOUIS BLERIOT,48.7399,2.36054
201400001432,9,4,14,18,1,94,54,1,6,1,4,UNION/ADER,48.7305,2.36264
201400001433,6,5,14,20,2,94,54,1,1,2,7,AV DE PARIS,48.7379,2.36486
201400001434,10,7,14,20,2,94,54,1,1,2,7,PARKING P0,48.7287,2.3627
201400001435,11,8,14,1,5,94,54,1,1,8,5,AVENUE DE L'AEROPORT,48.74214,2.36236
201400001436,18,9,14,21,5,94,54,1,1,1,2,AV DE L'AEROPORT,48.7352,2.36528
201400001437,8,10,14,14,1,94,54,1,1,1,6,AV DE PARIS,48.73,2.3698
201400001438,11,10,14,22,5,94,54,1,1,1,4,AVENUE DE L'OUEST,48.7291,2.3679
201400001439,14,10,14,12,1,94,54,1,1,1,2,AV DE L'AEROPORT,48.7323,2.36605
201400001440,23,10,14,22,5,94,54,1,1,1,6,BRETELLE ACCES RD7/A106,48.7387,2.36394
201400001441,8,11,14,5,5,94,54,2,8,1,3,R MARCEL ALBERT,48.7409,2.36495
201400001442,29,4,14,16,1,50,224,1,2,1,5,,48.9902,-0.95619
201400001443,26,7,14,15,1,50,601,2,3,1,1,LE BONFOSSE,49.0393,-0.97548
201400001444,14,9,14,7,2,50,601,2,1,1,6,CHEMIN DE LA BIGNE,49.0304,-0.9772
201400001445,22,9,14,22,3,50,224,1,1,1,6,LA VAUTERIE,48.9779,-0.97213
201400001446,14,11,14,9,1,50,601,2,2,8,6,,49.035,-0.97895
201400001447,6,3,14,15,1,50,489,1,3,1,3,RUE DE LA MAIRIE,48.7094,-1.35739
201400001448,29,3,14,14,1,50,505,1,3,1,3,LES BROUSSETTES,48.6587,-1.33778
201400001449,20,7,14,13,1,50,406,1,1,1,1,LE BOIS DES MONTS,48.7362,-1.34687
201400001450,14,8,14,18,1,50,25,2,1,1,6,RUE AMIRAL GAUCHET,48.6839,-1.35532
201400001451,24,9,14,19,1,50,25,2,3,1,1,BOULEVARD MARECHAL FOSCH,48.6844,-1.36365
201400001452,25,10,14,11,1,50,25,2,1,1,6,RUE SAINT GAUDENS,48.6861,-1.35989
201400001453,23,12,14,22,5,50,25,2,1,1,6,RUE PENDANTE,48.6882,-1.35926
201400001454,13,1,14,14,1,50,188,1,1,8,1,VILLAGE PESTEL,48.8127,-1.42713
201400001455,25,4,14,12,1,50,27,1,1,1,6,LA TREHANNIERE,48.6853,-1.42802
201400001456,30,5,14,17,1,50,276,1,1,1,2,,48.72,-1.41079
201400001457,6,6,14,16,1,50,247,1,3,1,2,RUE DE LA LIBERATION,48.8082,-1.39234
201400001458,25,6,14,11,1,50,237,2,4,1,3,RUE DES ABRINCATES,48.7936,-1.39612
201400001459,12,7,14,23,3,50,102,1,1,1,1,LA LANDERIERE,48.7478,-1.54181
201400001460,28,7,14,2,3,50,117,1,2,1,3,LA CROIX SAINT BLAISE,48.7498,-1.52896
201400001461,18,8,14,18,1,50,282,1,1,1,6,LE PERRON,48.7657,-1.33838
201400001462,28,8,14,15,1,50,114,1,1,2,1,LE GRIPPON,48.7787,-1.37012
201400001463,1,9,14,18,1,50,493,1,1,1,1,LA METAISERIE,48.8507,-1.47078
201400001464,20,9,14,10,2,50,565,2,1,1,6,GRANDE RUE,48.7542,-1.45903
201400001465,13,10,14,13,1,50,38,1,1,8,3,LE PONT NEUF,48.8364,-1.35417
201400001466,8,11,14,10,1,50,38,1,1,1,1,LA PETITIERE,48.837,-1.37981
201400001467,5,12,14,1,3,50,276,1,1,8,6,LA BOULE D'OR,48.7406,-1.4373
201400001468,14,12,14,18,3,50,38,1,2,1,3,,48.833,-1.37211
201400001469,18,6,14,14,1,50,443,1,2,1,3,LA CROIX GENET,48.5106,-1.47762
201400001470,14,7,14,17,1,50,410,1,2,1,1,,48.5638,-1.5109
201400001471,10,8,14,16,1,50,108,1,1,1,3,,48.6237,-1.37163
201400001472,6,12,14,7,3,50,487,1,1,1,6,,48.5372,-1.33344
201400001473,7,12,14,7,5,50,410,2,5,2,3,ROUTE DE RENNES,48.5467,-1.50206
201400001474,2,5,14,15,1,50,275,1,1,1,1,LE VIVIER,48.7606,-1.16407
201400001475,20,5,14,12,1,50,112,2,3,8,1,,48.7659,-1.23701
201400001476,17,10,14,13,1,50,499,1,1,1,6,LA BRISOLIERE,48.7502,-1.12976
201400001477,6,11,14,10,1,50,453,1,4,1,3,AVENUE DU PRESIDENT,48.8454,-1.20116
201400001478,19,12,14,20,3,50,499,1,2,2,3,GOURGOU,48.7406,-1.11552
201400001479,20,2,14,5,3,50,594,1,2,2,1,LA CROIX QUENTIN,49.5862,-1.72222
201400001480,18,2,14,19,3,50,294,1,3,1,3,,49.6005,-1.66759
201400001481,22,3,14,18,1,50,57,1,1,1,6,,49.6135,-1.78839
201400001482,19,6,14,14,1,50,220,1,1,1,3,RUE DU MILLECENT,49.66,-1.82226
201400001483,7,7,14,8,1,50,294,1,6,7,3,LE PONT,49.6042,-1.66376
201400001484,27,10,14,13,1,50,187,1,1,1,6,ROUTE HAMEAU ES CONTES,49.6204,-1.72752
201400001485,11,1,14,11,1,50,31,1,3,8,3,LA FOURCHETTE,49.3882,-1.7545
201400001486,9,2,14,11,1,50,82,1,1,8,1,LE HAUT DE CATTIGNY,49.4775,-1.65858
201400001487,25,4,14,17,1,50,184,2,1,1,6,RUE DE LA CABOTIERE,49.5414,-1.86657
201400001488,31,5,14,11,1,50,435,1,3,1,2,LES OSERAIES,49.4932,-1.6103
201400001489,8,6,14,18,1,50,82,1,1,1,1,LA PLANCHE AUX VACHES,49.4617,-1.62809
201400001490,9,6,14,16,1,50,471,1,3,1,1,,49.3666,-1.71823
201400001491,31,7,14,12,1,50,490,1,1,1,1,,49.3745,-1.73349
201400001492,1,11,14,15,1,50,402,2,3,1,3,RUE CENTRALE,49.5153,-1.80472
201400001493,22,11,14,20,5,50,31,2,1,2,6,RUE DE PARIS,49.3768,-1.78739
201400001494,17,12,14,23,3,50,401,1,1,5,6,MAISON L'ABBE,49.488,-1.79653
201400001495,6,2,14,13,1,50,268,2,1,2,7,CHEMIN DES LANDES,49.5324,-1.32199
201400001496,28,4,14,11,1,50,103,1,1,8,6,,49.3807,-1.30023
201400001497,4,7,14,7,1,50,191,1,1,1,6,LES CRUTTES,49.4622,-1.23047
201400001498,20,7,14,13,1,50,333,2,1,1,7,HAMEAU LA CROIX BERTIN,49.3799,-1.43071
201400001499,23,10,14,11,1,50,55,1,1,1,5,,49.4279,-1.49386
201400001500,13,4,14,11,1,50,87,1,1,1,7,,49.5637,-1.57142
201400001501,15,6,14,19,1,50,87,1,1,1,3,,49.5636,-1.5883
201400001502,22,6,14,5,2,50,87,1,1,1,6,ROUTE DE NEGREVILLE,49.5373,-1.56176
201400001503,14,8,14,9,1,50,615,1,3,1,3,,49.5025,-1.48763
201400001504,21,9,14,15,1,50,562,2,3,1,5,RUE DE REVILLE,49.5918,-1.26675
201400001505,1,11,14,18,2,50,96,1,3,8,3,,49.6472,-1.3818
201400001506,29,12,14,16,2,50,22,2,1,1,6,,49.5416,-1.32147
201400001507,31,3,14,16,1,50,3,1,1,7,3,AVENUE DE LA 2?ME D.B,49.0417,-1.56574
201400001508,14,5,14,16,1,50,111,1,1,1,1,LA LANGOTIERE,49.0376,-1.30347
201400001509,28,5,14,18,1,50,603,1,6,1,2,LA BELLE CROIX,49.0554,-1.48409
201400001510,26,6,14,8,1,50,354,1,2,1,3,LA SORIERE,49.1145,-1.51874
201400001511,10,7,14,8,1,50,603,1,6,1,3,LA BELLE CROIX,49.0554,-1.48409
201400001512,3,8,14,18,1,50,92,1,1,1,6,L'AUBRIERE,49.0614,-1.40828
201400001513,7,10,14,16,1,50,92,1,1,3,7,VILLAGE DU MOULIN,49.1044,-1.39427
201400001514,18,11,14,5,3,50,354,1,6,5,7,,49.1229,-1.50399
201400001515,20,1,14,18,3,50,365,1,3,1,2,LA VALLEE,48.9388,-1.48823
201400001516,24,1,14,8,2,50,140,1,2,2,1,,48.9938,-1.41876
201400001517,15,2,14,0,3,50,228,1,1,8,6,RUE DE LA PIERRE,48.9402,-1.23865
201400001518,2,3,14,6,3,50,15,1,1,1,6,RUE DES PEUPLIERS,48.9551,-1.54914
201400001519,9,4,14,17,1,50,85,1,3,1,2,,48.9223,-1.49876
201400001520,7,6,14,17,1,50,81,2,6,1,3,LE GRAND CHEMIN,48.8659,-1.54093
201400001521,22,6,14,19,1,50,81,1,2,1,3,,48.8586,-1.55517
201400001522,12,7,14,3,3,50,228,1,1,1,6,ROUTE DES 4 SAPINS,48.9678,-1.26004
201400001523,8,11,14,16,1,50,140,1,3,8,3,LA PLANCHE BOURBON,48.987,-1.44404
201400001524,11,11,14,13,1,50,463,1,1,1,6,LE GRAND BISSON,48.9178,-1.33736
201400001525,14,11,14,12,1,50,349,1,1,1,7,,49.0158,-1.50888
201400001526,2,12,14,12,1,50,626,1,3,2,2,LE PAVE D'AIROU,48.8953,-1.38222
201400001527,7,1,14,18,3,50,558,2,1,3,6,AV DE LA COTE DES ISLES,49.2931,-1.55299
201400001528,18,1,14,4,4,50,236,2,3,1,6,RUE DES HAUTS VENTS,49.2837,-1.54169
201400001529,31,1,14,17,3,50,136,1,2,3,3,,49.3262,-1.38938
201400001530,4,2,14,13,1,50,510,1,2,1,1,LE CHATEAU D'EAU,49.1745,-1.35107
201400001531,6,2,14,7,2,50,481,1,2,3,2,,49.2331,-1.57366
201400001532,28,4,14,11,1,50,236,2,1,2,2,AV DE LA  COTE DES ISLES,49.2939,-1.55482
201400001533,27,4,14,18,1,50,481,2,1,3,1,Boulevard  Maritime,0.0,0.0
201400001534,13,6,14,23,3,50,403,1,1,1,3,,0.0,0.0
201400001535,16,6,14,17,1,50,394,2,2,1,6,RUE DE ST LO,49.1863,-1.40801
201400001536,20,9,14,20,2,50,394,2,2,1,3,,49.186,-1.40679
201400001537,12,9,14,18,1,50,394,2,1,1,6,ROUTE DE LESSAY,49.188,-1.41648
201400001538,4,10,14,20,5,50,151,2,1,1,6,RUE DU HAUT CHEMIN,49.1976,-1.56818
201400001539,5,10,14,14,1,50,394,1,1,1,6,SEVES,49.2194,-1.39123
201400001540,11,10,14,14,1,50,151,1,2,1,2,,49.1842,-1.58312
201400001541,18,10,14,15,1,50,481,1,1,1,7,,49.2391,-1.61983
201400001542,11,12,14,17,5,50,622,2,1,2,6,RUE DE ST LO,49.1859,-1.40638
201400001543,16,12,14,14,1,50,372,2,1,1,3,,49.2899,-1.54547
201400001544,25,1,14,18,3,50,263,1,1,8,7,LES LEVURES,48.6016,-0.99196
201400001545,26,4,14,15,1,50,474,1,1,1,1,LE MOULIN DUBOIS,48.6277,-0.78809
201400001546,15,5,14,12,1,50,582,1,1,1,1,LA BOUSSARDIERE,48.701,-0.9287
201400001547,16,5,14,17,1,50,200,2,3,1,3,RUE DU MONT ST MICHEL,48.6804,-0.79161
201400001548,15,5,14,18,1,50,515,1,1,1,1,LA CHATAIGNIERE,48.5455,-1.18785
201400001549,17,5,14,14,1,50,293,1,2,1,3,,48.6089,-1.10811
201400001550,15,10,14,9,1,50,484,2,1,1,6,RUE DE PARIS,48.5773,-1.09016
201400001551,6,1,14,21,3,10,451,1,2,8,3,RN79,46.2358,5.1832
201400001552,6,1,14,19,3,10,53,2,2,1,3,,0.0,0.0
201400001553,8,1,14,17,3,10,344,1,1,1,2,TREVOUX (AVENUE DE),46.1982,5.17445
201400001554,26,1,14,13,1,10,53,2,2,1,3,MERCIER (AVENUE AMEDEE D,46.2035,5.24284
201400001555,27,1,14,16,1,10,53,2,2,1,3,", ROBIN ( RUE CHARLES)",0.0,0.0
201400001556,5,2,14,13,1,10,53,2,1,2,1,ANCIENS COMBATTANTS (AVE,0.0,0.0
201400001557,15,2,14,17,1,10,53,1,3,3,2,"29, MARBOZ (AVENUEDE - I",0.0,0.0
201400001558,22,2,14,14,1,10,344,2,2,1,3,BRESSE (AVENUE DE),46.2102,5.2041
201400001559,26,2,14,9,1,10,53,2,1,2,3,MACON ( AVENUE DE - PAIR,0.0,0.0
201400001560,1,3,14,21,5,10,53,2,2,1,3,KENNEDY BVD J  - IMPAIR,46.2067,5.24069
201400001561,15,3,14,19,5,10,53,2,2,1,1,MERCIER (AVENUE AMEDEE D,46.2035,5.24284
201400001562,18,3,14,22,3,10,53,2,1,1,6,"21, MARGUERITES ( RUE DE",0.0,0.0
201400001563,21,3,14,11,1,10,53,2,1,1,4,10 AV DE BAD KREUZNACH,46.2132,5.24167
201400001564,12,4,14,23,3,10,451,1,1,1,6,,46.2788,5.2296
201400001565,22,4,14,16,1,10,289,1,2,1,3,LENT ( ROUTE DE ),46.1649,5.22083
201400001566,2,5,14,11,1,10,53,2,3,2,6,HERRIOT ( BOULEVARD EDOU,46.2099,5.22536
201400001567,2,5,14,9,1,10,451,2,6,2,6,BRESSE (AVENUE DE ),46.2133,5.20387
201400001568,9,5,14,17,1,10,53,2,1,1,7,"0, BICHAT ( RUE)",0.0,0.0
201400001569,19,5,14,7,1,10,451,1,3,1,5,,46.2358,5.1832
201400001570,24,5,14,20,1,10,53,2,2,1,4,DE GAULLE ( BD GAL) PAIR,46.1978,5.23943
201400001571,28,5,14,9,1,10,53,2,2,1,3,"""DIMES ( RUE DES) N?",46.2067,5.24069
201400001572,2,6,14,11,1,10,53,2,1,1,3,LYON (AVENUE DE - N? IMP,46.1935,5.21366
201400001573,5,6,14,12,1,10,53,2,1,1,2,HUCHET ( BOULEVARD EMILE,0.0,0.0
201400001574,12,6,14,15,1,10,53,2,6,7,3,MERCIER (AVENUE AMEDEE D,46.2028,5.24522
201400001575,16,6,14,16,1,10,53,2,1,1,6,"8, 23EME R.I. ( RUE DU)",0.0,0.0
201400001576,18,6,14,15,1,10,289,1,1,1,6,LYON (AVE DE) JUSQ' N,46.1739,5.19867
201400001577,23,6,14,17,1,10,451,2,6,1,2,LA NEUVE (ROND POINT),46.215,5.21488
201400001578,24,6,14,17,1,10,53,2,3,1,3,"5, VALERY ( BD PAUL ) IM",0.0,0.0
201400001579,25,6,14,20,1,10,289,1,1,1,1,ROCADE (LA) COTE OUEST,46.1772,5.19419
201400001580,26,6,14,9,1,10,451,1,2,1,3,PARIS (ROUTE DE),46.2223,5.20887
201400001581,28,6,14,18,1,10,53,2,1,8,6,LYON (AVENUE DE - N? PAI,46.1957,5.21591
201400001582,1,7,14,8,1,10,53,2,2,1,6,LYON (AVENUE DE - N? IMP,46.1918,5.21241
201400001583,1,7,14,10,1,10,344,1,1,1,4,DOMBES (AVENUE DE LA),46.2117,5.20385
201400001584,3,7,14,8,1,10,451,2,1,6,2,BOULE ANDRE ( RUE),0.0,0.0
201400001585,5,7,14,0,5,10,53,2,6,2,6,CROIX BLANCHE ( ROND POI,46.2028,5.24533
201400001586,6,7,14,3,5,10,53,2,2,1,3,"192, BROU ( BD N?192 A 1",46.1958,5.23724
201400001587,6,7,14,3,5,10,53,2,1,1,6,"18, MERCIER (AVENUE AMED",0.0,0.0
201400001588,11,7,14,8,1,10,53,2,2,2,6,JOLIOT CURIE ( BOULEVARD,46.2093,5.23401
201400001589,17,7,14,0,5,10,53,2,2,1,3,MONTESQUIEU (RUE),0.0,0.0
201400001590,24,7,14,15,1,10,53,2,3,1,4,"23, SEMARD ( AVENUE PIER",0.0,0.0
201400001591,1,8,14,14,1,10,53,2,1,1,1,JASSERON (AVENUE DE),46.2114,5.24937
201400001592,15,8,14,14,1,10,53,2,1,1,3,"000, DE GAULLE ( BD GAL)",46.1977,5.23936
201400001593,28,8,14,16,1,10,451,1,1,1,1,"296, VIEUX FLEYRIAT (CHE",0.0,0.0
201400001594,10,9,14,18,1,10,53,2,1,1,6,"6BIS, CHAMP DE FOIRE ( A",0.0,0.0
201400001595,14,9,14,17,1,10,53,2,1,1,6,"39, MONTESQUIEU (RUE)",0.0,0.0