Num_Acc,jour,mois,an,hr,condition_eclairage,departement,commune,condition_agglomeration,intersection,condition_atmosphere,type_collision,adresse,lattitude,longitude
201400001596,30,9,14,16,1,10,53,2,2,1,3,JOFFRE (RUE MARECHAL),0.0,0.0
201400001597,30,9,14,20,3,10,53,2,2,1,6,VALERY ( BD PAUL ) PAIR,0.0,0.0
201400001598,3,10,14,17,1,10,451,2,1,7,6,"112, PROSPIR CONVERT (RU",46.252,5.21775
201400001599,10,10,14,19,5,10,53,2,1,2,5,MAIL (AVENUE DU ),0.0,0.0
201400001600,14,10,14,13,1,10,53,2,2,1,3,"18, CARNOT( RUE LAZARE)",0.0,0.0
201400001601,24,10,14,19,3,10,451,1,1,1,4,"3921, PARIS (ROUTE DE)",46.2457,5.18871
201400001602,3,11,14,17,5,10,344,2,1,3,6,"596, TREVOUX (AVENUE DE)",0.0,0.0
201400001603,10,11,14,13,1,10,53,1,2,8,3,JOLIOT CURIE ( BOULEVARD,0.0,0.0
201400001604,10,11,14,14,1,10,53,2,1,1,4,BROU ( BD N 65 B A FIN),0.0,0.0
201400001605,16,11,14,19,5,10,344,2,1,2,5,TREVOUX (AVENUE DE),46.2005,5.19566
201400001606,22,11,14,16,1,10,53,2,2,1,2,KENNEDY BVD J  - IMPAIR,46.2067,5.24069
201400001607,26,11,14,6,5,10,344,2,2,2,3,"SANS, BRESSE (AVENUE DE)",46.2102,5.2041
201400001608,26,11,14,17,5,10,53,1,1,2,3,CRETES DU REVERMONT (BOU,46.2213,5.24814
201400001609,26,11,14,20,3,10,451,1,1,5,3,MARBOZ RD 996 ( ROUTE DE,46.2726,5.23186
201400001610,2,12,14,17,5,10,53,2,2,2,2,"0, MARBOZ (AVENUEDE   IM",46.221,5.22826
201400001611,10,12,14,13,1,10,53,2,3,2,3,CARNOT( RUE LAZARE),0.0,0.0
201400001612,16,12,14,14,1,10,53,2,9,2,6,"04, SPORTS ((AVENUE DES",0.0,0.0
201400001613,18,12,14,8,1,10,451,1,1,3,4,STRASBOURG (ROUTE DE),0.0,0.0
201400001614,19,12,14,8,1,10,53,2,0,5,6,"21, JASSERON (AVENUE DE",46.2114,5.24389
201400001615,20,12,14,18,5,10,53,2,1,2,6,LYON (AVENUE DE ? N  PAI,0.0,0.0
201400001616,5,2,14,17,1,61,213,1,1,2,6,AIRE DE REPOS,48.47349,-0.12248
201400001617,15,1,14,8,2,61,464,2,3,2,2,RD 438 / RD 908,48.59608,0.16774
201400001618,13,2,14,14,1,61,133,1,1,2,7,,48.60827,0.34407
201400001619,21,4,14,6,3,61,249,1,1,1,6,,48.65759,0.03012
201400001620,7,6,14,21,1,61,166,1,1,1,7,,48.64699,0.34892
201400001621,16,6,14,20,3,61,192,1,1,1,6,L ETRE AUX MEUNIERS,48.6732,0.23548
201400001622,11,7,14,17,1,61,464,1,2,1,3,,48.6123,0.16572
201400001623,6,11,14,17,3,61,464,2,3,1,3,Carrefour D958 / D748,48.62659,0.13106
201400001624,7,11,14,18,3,61,464,1,2,1,1,,48.61232,0.16579
201400001625,9,12,14,17,3,61,64,1,2,1,3,,48.65402,0.31572
201400001626,16,1,14,10,1,61,170,1,2,8,3,,48.69513,-0.04352
201400001627,19,1,14,3,3,61,496,1,1,8,6,,48.74898,0.00279
201400001628,7,2,14,5,3,61,83,1,1,6,6,,48.80222,0.12425
201400001629,12,2,14,18,3,61,23,1,1,3,3,LE CROQUET,48.80501,-0.01137
201400001630,16,3,14,17,1,61,472,1,3,1,6,,48.77584,0.00127
201400001631,7,6,14,19,1,61,28,1,4,7,3,LA GUILLAUMIERE,48.80894,-0.26547
201400001632,10,6,14,19,1,61,494,2,2,1,3,RUE MITERRAND,48.84097,0.03203
201400001633,15,6,14,16,1,61,344,2,3,1,3,rue des fauvettes,48.64431,-0.2082
201400001634,22,6,14,19,1,61,179,1,1,1,6,FROMENTEL,48.72334,-0.26326
201400001635,14,7,14,11,1,61,494,2,1,1,6,54 RUE DE LA LIBERTE,48.84377,0.03187
201400001636,27,9,14,18,1,61,153,2,5,1,3,Avenue DE GAULLE,48.71432,-0.12398
201400001637,10,10,14,12,1,61,265,1,1,1,1,,48.7658,-0.31894
201400001638,18,10,14,10,1,61,152,1,1,1,6,LES HORDOUSSEAUX,48.87456,0.07136
201400001639,27,2,14,12,1,61,253,1,1,6,6,,48.67247,0.2038
201400001640,1,5,14,15,1,61,508,2,2,2,3,CARREFOUR DE L EUROPE,48.93644,0.19873
201400001641,31,8,14,7,2,61,310,1,1,1,6,,48.70321,0.24322
201400001642,10,9,14,15,1,61,460,1,1,1,3,LE ROUVRAY,48.89886,0.37443
201400001643,15,9,14,18,1,61,150,1,1,1,6,FUMECON,48.72863,0.40768
201400001644,6,10,14,16,1,61,139,1,1,2,1,CROQUEMAIN,48.93506,0.14513
201400001645,22,11,14,18,3,61,150,1,1,2,6,LE GRAND PARC,48.72825,0.40775
201400001646,24,12,14,20,3,61,17,1,1,1,1,,48.69856,0.31771
201400001647,25,1,14,17,2,61,355,1,1,1,7,LES EPINETTES,48.59866,-0.74381
201400001648,24,7,14,12,1,61,75,2,1,1,6,ROUTE D AMBRIERE,48.49149,-0.62463
201400001649,25,10,14,11,1,61,387,1,3,1,5,LE VILLAGE FOUILLEUL,48.50522,-0.73925
201400001650,8,11,14,18,5,61,75,2,3,2,6,RUE LORE x PARC SPORTS,48.49509,-0.62305
201400001651,11,11,14,17,5,61,145,2,4,2,6,01 rue marechal joffre,48.59143,-0.64292
201400001652,18,5,14,16,1,61,483,2,1,1,6,rue du Professeur LOUVEL,48.55517,-0.41841
201400001653,8,6,14,3,4,61,168,2,2,1,3,bd de la foret d andaine,48.5927,-0.36643
201400001654,13,6,14,7,1,61,168,2,3,7,6,RUE D'ALENCON,48.58938,-0.35518
201400001655,14,6,14,20,1,61,25,1,2,1,3,,48.56571,-0.56629
201400001656,10,7,14,13,1,61,483,1,4,1,1,,48.55904,-0.39823
201400001657,27,9,14,11,1,61,390,1,1,1,7,LE CLOS LEGER,48.62664,-0.26596
201400001658,13,3,14,15,1,61,7,2,3,1,3,RUE DE LA VALLEE,48.81185,-0.50094
201400001659,16,3,14,20,3,61,443,1,1,1,7,LE BOIS LUCIEN,48.72784,-0.6259
201400001660,15,5,14,8,1,61,93,2,3,1,3,LE PREAU,48.71128,-0.70738
201400001661,12,7,14,11,1,61,486,1,1,2,7,LA COUDRETTE,48.75292,-0.71295
201400001662,13,7,14,11,1,61,486,2,4,1,6,17 RUE DE L INDUSTRIE,48.76474,-0.73143
201400001663,27,8,14,15,1,61,486,2,2,1,3,Rue xavier Onffray,48.76272,-0.73572
201400001664,9,10,14,16,1,61,7,2,6,1,3,RUE DES DEPORTES,48.80892,-0.50044
201400001665,26,10,14,17,1,61,73,1,1,1,6,,48.75882,-0.42895
201400001666,31,10,14,12,1,61,7,2,6,1,6,rue Berthelot,48.81253,-0.4958
201400001667,12,11,14,16,1,61,478,1,1,1,1,LE MOULIN DE TAILLEBOIS,48.80202,-0.41708
201400001668,8,9,14,7,1,61,130,1,1,1,3,LES MARRES,48.51903,0.4877
201400001669,19,7,14,17,1,61,426,1,2,1,1,,48.38434,0.54836
201400001670,26,10,14,16,1,61,426,1,1,1,1,LE HAUT AITRE,48.34781,0.51808
201400001671,13,1,14,12,1,61,432,1,1,1,1,LA DETOURBE,48.75971,0.67027
201400001672,17,1,14,18,5,61,214,2,1,2,6,20 RUE CHARLES MEROUVEL,48.76489,0.6136
201400001673,14,1,14,17,2,61,456,1,1,7,6,LA BUTTE AUX ROCHES,48.78476,0.64486
201400001674,25,3,14,18,1,61,8,1,1,1,1,,48.73045,0.55776
201400001675,10,5,14,22,3,61,159,1,1,1,7,LE BOIS GAULTIER,48.63857,0.41495
201400001676,19,6,14,17,1,61,456,1,3,1,3,LES HAIES,48.77534,0.64493
201400001677,23,9,14,17,1,61,456,1,3,1,5,LES ANGLURES,48.76001,0.66961
201400001678,6,11,14,23,4,61,386,1,1,3,6,,48.76353,0.44763
201400001679,28,12,14,1,3,61,456,1,1,4,6,LE BOIS AULARD,48.75947,0.67339
201400001680,31,3,14,15,1,61,335,1,1,1,1,LES CHAUFFETIERES,48.61583,0.71605
201400001681,8,6,14,8,1,61,125,1,1,2,7,LA FOURCHE,48.37778,0.89094
201400001682,8,8,14,18,1,61,61,2,1,2,1,henri levier,48.43475,0.88171
201400001683,5,11,14,20,3,61,125,1,1,1,3,LA TUILERIE,48.38272,0.89543
201400001684,27,12,14,13,1,61,125,1,4,1,1,LA FOURCHE,48.37727,0.88941
201400001685,26,3,14,15,1,44,172,2,1,1,6,21 rue jean moulin,0.0,0.0
201400001686,14,3,14,17,1,44,102,1,1,1,1,L'hommeau,0.0,0.0
201400001687,24,3,14,13,1,44,94,1,1,1,7,La Grisaulnière,47.316,-1.409
201400001688,14,5,14,8,1,44,94,2,1,1,2,ROND POINT DE LA PAIX,0.0,0.0
201400001689,18,7,14,12,1,44,26,2,1,1,6,Avenue du chene vert,47.301,-1.491
201400001690,19,10,14,11,1,44,94,1,1,1,1,quai des mariniers,0.0,0.0
201400001691,25,3,14,18,1,44,216,1,1,1,3,la boussonière,46.958,-1.434
201400001692,26,4,14,0,3,44,64,1,1,2,1,le chardon,0.0,0.0
201400001693,23,5,14,15,1,44,100,1,1,2,6,rue de la huperie,47.122,-1.348
201400001694,19,6,14,10,1,44,216,2,1,1,1,route de l'hommetière,0.0,0.0
201400001695,3,7,14,13,1,44,223,1,1,1,1,beauséjour,0.0,0.0
201400001696,5,7,14,11,1,44,14,1,1,1,1,,47.137,-1.504
201400001697,10,8,14,23,3,44,216,2,1,1,1,61 route de l'hommetiere,46.976,-1.415
201400001698,6,9,14,20,2,44,64,2,1,1,1,rue de la margerie,0.0,0.0
201400001699,20,10,14,7,2,44,2,1,1,1,4,la croix moutar,0.0,0.0
201400001700,30,10,14,12,1,44,165,1,1,1,6,,47.042,-1.323
201400001701,9,11,14,9,2,44,100,1,1,1,6,51 coursay,0.0,0.0
201400001702,19,3,14,14,1,44,81,1,1,1,1,La garrelière,46.905,-1.564
201400001703,2,4,14,15,1,44,83,1,2,1,3,carrefour des Jarries,0.0,0.0
201400001704,10,7,14,22,3,44,188,1,1,1,6,la garoterie,0.0,0.0
201400001705,14,7,14,1,3,44,155,1,1,1,6,les borderies,0.0,0.0
201400001706,7,8,14,15,1,44,81,1,1,1,6,,46.887,-1.623
201400001707,12,2,14,21,3,44,140,1,1,2,7,La Doricière,0.0,0.0
201400001708,9,5,14,14,1,44,84,1,1,1,3,le moulin de douet rouar,0.0,0.0
201400001709,14,6,14,8,1,44,169,1,1,1,3,,0.0,0.0
201400001710,8,7,14,7,1,44,169,1,1,1,2,fort gautier,0.0,0.0
201400001711,31,3,14,11,1,44,215,2,6,1,3,bd luc dejoie,0.0,0.0
201400001712,15,5,14,1,3,44,215,1,1,1,1,bd auguste priou,0.0,0.0
201400001713,25,5,14,17,1,44,215,2,1,1,2,route de la gare,0.0,0.0
201400001714,18,7,14,21,1,44,198,2,1,1,6,rue  petite meilleraie,0.0,0.0
201400001715,19,8,14,19,1,44,198,1,1,1,6,la cour neuve,0.0,0.0
201400001716,12,9,14,16,1,44,215,1,2,1,3,route des pegers,0.0,0.0
201400001717,6,11,14,7,1,44,215,2,1,1,6,boulevard de l'Europe,0.0,0.0
201400001718,18,12,14,18,5,44,215,2,1,8,6,route de la gare,0.0,0.0
201400001719,18,1,14,6,3,44,134,1,1,1,7,la coicauderie,47.474,-1.156
201400001720,13,4,14,17,1,44,213,1,1,1,7,Maison neuve,47.44,-1.899
201400001721,24,8,14,7,1,44,213,1,1,1,1,,0.0,0.0
201400001722,4,9,14,4,3,44,163,1,2,1,3,,47.402,-1.076
201400001723,4,10,14,12,1,44,180,2,6,1,3,rue Cossé Brissac,0.0,0.0
201400001724,23,10,14,14,1,44,219,1,1,1,1,les thuyas,47.562,-1.046
201400001725,14,12,14,9,1,44,219,1,1,5,6,,0.0,0.0
201400001726,14,3,14,18,1,44,169,1,1,1,3,rte des patures,0.0,0.0
201400001727,25,9,14,19,1,44,84,1,1,7,6,la potardière,0.0,0.0
201400001728,18,1,14,23,3,44,115,1,1,1,6,le patis fichet,0.0,0.0
201400001729,2,2,14,9,1,44,118,1,1,7,2,,0.0,0.0
201400001730,4,4,14,19,1,44,28,1,1,1,6,Le Caunier,0.0,0.0
201400001731,19,5,14,18,1,44,77,1,1,1,3,Le calvaire de lucinière,0.0,0.0
201400001732,4,7,14,14,1,44,115,1,9,1,3,les ecoubleres,0.0,0.0
201400001733,14,1,14,9,1,44,36,2,1,1,6,rue de l'?galit?,0.0,0.0
201400001734,20,1,14,16,1,44,99,1,1,7,6,la basillais,47.629,-1.363
201400001735,27,2,14,16,1,44,36,2,1,1,6,rue alsace lorraine,0.0,0.0
201400001736,4,5,14,1,3,44,54,1,1,1,6,le chatelier,0.0,0.0
201400001737,24,7,14,23,3,44,146,1,1,1,7,la motte,0.0,0.0
201400001738,13,9,14,10,1,44,36,1,1,7,6,saint andré,0.0,0.0
201400001739,8,1,14,19,3,44,23,1,2,2,3,,47.423,-1.895
201400001740,11,1,14,9,1,44,15,1,1,1,1,la miltais,47.492,-1.742
201400001741,13,1,14,14,1,44,128,1,2,2,3,,47.521,-1.887
201400001742,10,2,14,7,3,44,67,1,1,2,3,La croix rouge,47.632,-1.844
201400001743,28,3,14,13,1,44,91,2,1,2,6,1 ROUTE DE VAY,47.597,-1.683
201400001744,25,4,14,15,1,44,23,1,1,1,6,La Duty,47.417,-1.914
201400001745,27,4,14,2,3,44,56,1,1,2,6,la rivière des landes,47.413,-1.746
201400001746,26,6,14,17,1,44,62,1,1,1,6,rue de la matrais,0.0,0.0
201400001747,29,7,14,13,1,44,111,1,1,1,7,la primais,0.0,0.0
201400001748,7,10,14,19,5,44,128,1,1,1,2,beauséjour,0.0,0.0
201400001749,16,11,14,0,3,44,185,1,1,2,1,,0.0,0.0
201400001750,16,11,14,9,3,44,67,1,1,1,6,le trenon-besle sur vila,0.0,0.0
201400001751,26,11,14,17,2,44,67,1,1,1,6,le bois de brun,0.0,0.0
201400001752,13,12,14,18,3,44,67,2,1,8,6,92 dastres - guenouvry,0.0,0.0
201400001753,23,12,14,7,3,44,128,1,2,1,4,lancé,0.0,0.0
201400001754,7,4,14,0,3,44,110,1,1,1,6,Le Pont du Plessis,0.0,0.0
201400001755,22,4,14,7,1,44,27,2,1,1,3,rue du chateau,0.0,0.0
201400001756,7,5,14,17,1,44,110,2,1,1,3,rue saint georges,0.0,0.0
201400001757,31,5,14,20,2,44,73,1,2,1,3,grandville,0.0,0.0
201400001758,3,6,14,20,2,44,122,1,1,1,6,la foucaudière,0.0,0.0
201400001759,4,6,14,17,1,44,110,2,1,1,6,,0.0,0.0
201400001760,22,6,14,20,1,44,110,1,1,1,3,pt du plessis,0.0,0.0
201400001761,4,7,14,1,3,44,179,2,1,1,6,23 rue Anna de Noailles,0.0,0.0
201400001762,22,8,14,15,1,44,110,1,1,1,3,la chapeliere,0.0,0.0
201400001763,14,9,14,0,3,44,179,1,1,1,1,la goulière,0.0,0.0
201400001764,8,10,14,16,1,44,110,2,6,3,6,rue de l' Erdre,0.0,0.0
201400001765,12,12,14,17,5,44,110,2,1,2,6,47 rue St Georges,0.0,0.0
201400001766,23,12,14,18,3,44,73,1,2,2,6,,0.0,0.0
201400001767,24,12,14,20,3,44,179,1,1,2,1,le grand patis,0.0,0.0
201400001768,3,4,14,7,2,44,86,1,1,2,5,La gibotière,0.0,0.0
201400001769,19,4,14,18,1,44,113,2,1,1,6,place de l'eglise,0.0,0.0
201400001770,21,6,14,17,1,44,51,2,3,1,1,rue de la salle des fete,0.0,0.0
201400001771,2,7,14,16,1,44,76,1,1,1,6,La butte,0.0,0.0
201400001772,8,7,14,15,1,44,193,1,1,1,1,la madeleine,0.0,0.0
201400001773,12,7,14,16,1,44,149,1,1,1,1,le coudrais,0.0,0.0
201400001774,28,7,14,9,1,44,149,1,1,1,1,les ormes,0.0,0.0
201400001775,22,10,14,8,1,44,149,1,2,1,3,,0.0,0.0
201400001776,13,9,14,3,3,44,67,1,1,1,6,guenouvry,0.0,0.0
201400001777,25,1,14,9,1,44,130,1,1,2,6,viais,0.0,0.0
201400001778,15,5,14,17,1,44,18,1,1,1,1,les mimosas,0.0,0.0
201400001779,29,7,14,8,1,44,171,1,1,1,2,le moulin cassé,0.0,0.0
201400001780,2,8,14,23,3,44,24,1,1,1,6,rue de la chaussée,0.0,0.0
201400001781,14,8,14,16,1,44,150,2,1,1,3,rte du champ de foire,0.0,0.0
201400001782,23,8,14,4,3,44,39,1,1,1,5,,0.0,0.0
201400001783,6,9,14,4,3,44,24,1,1,1,2,,0.0,0.0
201400001784,18,10,14,15,2,44,150,1,1,1,6,,0.0,0.0
201400001785,18,11,14,16,1,44,18,1,1,1,1,rue de la borne seize,0.0,0.0
201400001786,28,11,14,18,5,44,130,2,1,1,3,D11 - Rue de la Roche,0.0,0.0
201400001787,29,11,14,17,1,44,18,2,1,1,3,la desiree RD 751A,0.0,0.0
201400001788,4,12,14,8,3,44,130,1,6,1,3,,0.0,0.0
201400001789,9,1,14,13,1,44,131,1,4,1,5,,0.0,0.0
201400001790,14,1,14,12,1,44,131,1,1,1,2,Marais mainguy,0.0,0.0
201400001791,24,2,14,17,1,44,131,1,1,1,2,,0.0,0.0
201400001792,29,3,14,9,1,44,40,1,1,1,6,,0.0,0.0
201400001793,5,5,14,9,1,44,131,1,1,1,3,,0.0,0.0
201400001794,4,5,14,11,1,44,131,2,1,1,3,Route de la Rog?re,0.0,0.0
201400001795,16,5,14,16,1,44,126,2,6,1,3,Rue de la Croix Mouraud,0.0,0.0
201400001796,9,6,14,18,1,44,131,1,1,1,1,,0.0,0.0
201400001797,26,6,14,18,1,44,136,1,1,1,3,le bois roux,0.0,0.0
201400001798,15,7,14,0,5,44,126,2,1,1,6,54 boulevard de l'Océan,0.0,0.0
201400001799,6,8,14,2,3,44,106,1,1,1,6,,0.0,0.0
201400001800,26,1,14,15,1,44,5,2,2,2,3,rue de pornic,0.0,0.0
201400001801,20,2,14,4,3,44,46,1,1,1,6,Le grand perret,0.0,0.0
201400001802,23,2,14,15,1,44,154,2,1,1,3,boulevard de l'Oc?an,0.0,0.0
201400001803,24,2,14,23,3,44,154,1,1,1,6,,0.0,0.0
201400001804,30,3,14,12,1,44,187,1,3,1,4,le pont neuf,0.0,0.0
201400001805,3,6,14,15,1,44,154,2,1,2,6,Place de la victoire,0.0,0.0
201400001806,8,6,14,19,1,44,61,1,2,1,3,,0.0,0.0
201400001807,28,7,14,14,1,44,187,1,1,8,1,les biais,0.0,0.0
201400001808,19,8,14,10,1,44,46,1,2,1,3,les cassis,0.0,0.0
201400001809,31,8,14,10,1,44,61,1,1,1,6,la rousseliere,0.0,0.0
201400001810,20,9,14,6,3,44,46,1,1,1,7,,0.0,0.0
201400001811,28,9,14,1,4,44,187,2,1,1,2,rue de st michel,0.0,0.0
201400001812,8,10,14,18,1,44,187,2,1,2,6,PARKING RUE BLANDEAU,0.0,0.0
201400001813,22,10,14,12,1,44,38,1,1,1,3,chauve la brenière,0.0,0.0
201400001814,26,10,14,17,1,44,46,1,1,1,3,la croix,0.0,0.0
201400001815,23,12,14,17,3,44,154,1,2,1,3,la grognais,0.0,0.0
201400001816,2,3,14,17,2,44,87,1,1,3,1,,0.0,0.0
201400001817,25,3,14,17,1,44,133,1,1,3,5,beau vent de mer,47.136,-1.806
201400001818,25,4,14,18,1,44,87,1,1,1,3,rue des capucins,0.0,0.0
201400001819,3,5,14,23,3,44,181,1,1,1,7,le champ joseph,0.0,0.0
201400001820,4,5,14,17,1,44,220,1,1,1,1,les dodinières,47.182,-1.928
201400001821,17,6,14,2,3,44,119,1,1,1,7,la grande talonnière,0.0,0.0
201400001822,12,7,14,16,1,44,133,1,1,1,5,le moulin de beauvais,0.0,0.0
201400001823,28,7,14,15,1,44,133,1,1,3,5,,47.134,-1.745
201400001824,21,8,14,8,1,44,90,1,1,1,5,,0.0,0.0
201400001825,22,8,14,17,1,44,157,2,9,1,3,8 la Pierre Blanche,0.0,0.0
201400001826,30,8,14,13,1,44,119,1,1,1,6,les brosses,0.0,0.0
201400001827,24,10,14,10,1,44,87,2,1,1,2,Rue de NANTES,0.0,0.0
201400001828,23,11,14,11,1,44,145,1,1,2,6,le buzon,47.179,-1.813
201400001829,3,1,14,8,2,44,47,2,1,2,6,1 bd de la liberation,0.0,0.0
201400001830,30,1,14,11,1,44,47,2,9,2,1,Bd des martyrs,0.0,0.0
201400001831,19,2,14,20,3,44,47,1,9,2,1,La barrière noire,0.0,0.0
201400001832,29,5,14,14,1,44,47,1,1,1,5,La guinière,0.0,0.0
201400001833,19,1,14,6,3,44,69,1,1,8,1,,0.0,0.0
201400001834,21,1,14,15,1,44,69,1,1,2,6,,0.0,0.0
201400001835,23,1,14,7,5,44,151,1,1,1,3,rue des ecotais,0.0,0.0
201400001836,7,5,14,19,1,44,175,1,2,1,2,,0.0,0.0
201400001837,17,6,14,20,1,44,69,1,1,1,1,,0.0,0.0
201400001838,4,7,14,20,1,44,72,1,1,1,6,Brézanvé,47.486,-2.301
201400001839,13,7,14,0,3,44,69,1,1,1,1,,47.289,-2.435
201400001840,25,7,14,7,1,44,175,1,1,1,3,,47.391,-2.323
201400001841,17,8,14,10,1,44,97,1,1,1,3,rte de pen loc,0.0,0.0
201400001842,3,10,14,9,1,44,175,1,1,1,5,trecrelin,0.0,0.0
201400001843,23,10,14,18,2,44,6,2,1,1,6,lieu-dit PONT-MAHE,0.0,0.0
201400001844,20,11,14,7,5,44,69,2,2,1,3,faubourg Sainte Anne,0.0,0.0
201400001845,7,12,14,14,1,44,175,1,1,8,6,rue le mouchoir,0.0,0.0
201400001846,28,12,14,16,1,44,183,1,2,1,3,le pigeon blanc,0.0,0.0
201400001847,29,1,14,12,1,44,52,2,6,1,6,ZI JOUY D100,47.321,-2.072
201400001848,18,6,14,2,4,44,210,1,6,1,7,,47.309,-2.205
201400001849,24,9,14,23,3,44,52,1,2,1,3,l'ardivais,47.384,-2.09399
201400001850,23,10,14,19,3,44,103,1,6,1,6,rue des grandes rivieres,0.0,0.0
201400001851,27,10,14,10,1,44,52,2,1,1,6,Avenue de la Gare,0.0,0.0
201400001852,28,11,14,19,5,44,210,1,6,1,6,rd pt de certé,0.0,0.0
201400001853,27,12,14,15,3,44,210,1,6,1,6,rd pt de certé,0.0,0.0
201400001854,15,3,14,16,1,44,152,1,1,1,6,la miretterie,0.0,0.0
201400001855,18,3,14,18,1,44,98,1,1,1,2,La croix de haut,47.505,-2.132
201400001856,22,3,14,8,1,44,68,1,1,1,6,l'alouette,0.0,0.0
201400001857,8,5,14,10,1,44,161,1,1,1,5,La Chauvelais,47.51,-2.04199
201400001858,28,9,14,12,1,44,68,1,1,1,6,BEL AIR,47.54,-1.998
201400001859,26,10,14,13,1,44,196,1,1,1,7,les landes du bourg,0.0,0.0
201400001860,14,11,14,17,5,44,98,1,1,8,6,bergon,0.0,0.0
201400001861,2,12,14,11,1,44,129,2,1,1,1,rue de la Cadivais,47.44,-2.087
201400001862,13,12,14,5,3,44,50,1,1,3,6,la peltrais,0.0,0.0
201400001863,25,1,14,13,1,44,194,1,1,1,6,les naudieres,0.0,0.0
201400001864,16,3,14,10,1,44,194,2,6,1,6,RUE DE BRETAGNE,0.0,0.0
201400001865,28,6,14,9,1,44,158,1,1,2,4,la coulée du chaud,0.0,0.0
201400001866,7,10,14,9,1,44,217,1,1,1,2,rue anne de bretagne,0.0,0.0
201400001867,15,11,14,15,1,44,194,2,1,1,6,rue de brumberne,0.0,0.0
201400001868,13,10,14,9,1,44,195,2,1,7,6,rue joseph Desmars,0.0,0.0
201400001869,25,11,14,20,3,44,195,1,1,2,1,la foret,47.345,-1.957
201400001870,19,12,14,19,3,49,20,2,6,3,6,rond point de decathlon,47.46798,-0.62059
201400001871,16,1,14,22,3,49,106,1,1,2,6,La croix blanche,47.47213,-0.36656
201400001872,28,4,14,12,1,49,280,1,1,8,6,,47.50635,-0.21862
201400001873,28,5,14,20,1,49,194,2,1,1,3,5 chemin Angevins,47.45571,-0.26651
201400001874,9,6,14,19,1,49,194,1,3,1,3,,47.46076,-0.28592
201400001875,29,6,14,12,1,49,106,1,6,1,2,,47.47469,-0.34036
201400001876,1,8,14,11,1,49,194,1,2,1,3,Grolleau / billauderie,47.4723,-0.30243
201400001877,11,9,14,17,1,49,49,1,2,1,3,,47.451,-0.16144
201400001878,24,10,14,7,2,49,194,1,3,8,3,,47.45138,-0.26329
201400001879,28,11,14,16,1,49,194,1,2,1,3,Route de la roche,47.47264,-0.28246
201400001880,14,12,14,12,1,49,194,1,2,1,3,Route de Gardamont,47.4727,-0.28237
201400001881,27,3,14,17,1,49,222,1,1,1,5,Le point du jour,47.37082,-0.55876
201400001882,18,5,14,8,1,49,86,1,1,1,6,,47.28247,-0.45287
201400001883,7,6,14,10,1,49,290,2,1,1,1,52 rue St Almand,47.39887,-0.45102
201400001884,13,6,14,15,1,49,318,1,1,1,1,,47.36995,-0.42709
201400001885,5,8,14,7,1,49,22,1,1,1,1,,47.32072,-0.59954
201400001886,28,8,14,19,1,49,363,1,1,1,3,,47.3505,-0.45866
201400001887,29,9,14,7,3,49,338,1,1,1,1,,47.34339,-0.51736
201400001888,6,10,14,3,3,49,317,1,1,1,7,,47.39686,-0.33206
201400001889,6,10,14,17,1,49,345,2,2,2,3,Rue Bonnezeaux,47.26716,-0.49908
201400001890,8,11,14,7,2,49,308,1,1,1,6,Route de Poitiers,47.39801,-0.50899
201400001891,23,11,14,0,3,49,308,1,1,1,1,Bretelle C,47.39967,-0.51538
201400001892,10,12,14,0,3,49,338,1,1,1,7,Les Baluères,47.38038,-0.52454
201400001893,8,12,14,18,5,49,22,2,9,1,6,,47.31288,-0.59572
201400001894,6,10,14,17,1,49,238,2,1,8,2,blitourne,47.52914,-0.43375
201400001895,14,10,14,18,1,49,377,2,1,1,7,Rue Jean de Rely,47.55085,-0.43033
201400001896,1,6,14,1,5,49,283,2,1,1,6,rue nationale,47.40874,-0.7607
201400001897,4,6,14,8,1,49,68,1,2,2,3,,47.41235,-0.85483
201400001898,5,9,14,18,1,49,283,1,1,1,3,Le clos Guinebault,47.33746,-0.75099