Num_Acc,jour,mois,an,hr,condition_eclairage,departement,commune,condition_agglomeration,intersection,condition_atmosphere,type_collision,adresse,lattitude,longitude
201400001899,27,10,14,18,5,49,82,1,1,1,3,,47.33994,-0.71053
201400001900,9,11,14,10,1,49,259,1,1,1,1,,47.34015,-0.64602
201400001901,10,11,14,0,3,49,63,2,1,1,6,36 bis avenue de la gare,47.34847,-0.74709
201400001902,17,7,14,17,1,49,333,1,1,1,1,,47.56877,-0.33278
201400001903,19,10,14,18,1,49,220,1,9,1,3,,47.74931,-0.41064
201400001904,23,11,14,19,3,49,257,1,1,8,7,La carriere,47.65614,-0.22129
201400001905,25,1,14,5,5,49,23,2,1,2,6,16 rue du moulin foulon,47.20172,-0.97814
201400001906,2,2,14,15,1,49,243,1,2,1,1,,47.23369,-0.93436
201400001907,28,4,14,0,3,49,6,1,1,1,7,Tuevache,47.17839,-0.96216
201400001908,23,6,14,11,1,49,23,1,1,1,1,Le petit angibou,47.22068,-1.00154
201400001909,26,7,14,11,1,49,151,2,1,1,3,40 rue de bretagne,47.18187,-1.11383
201400001910,1,8,14,20,1,49,23,2,1,1,3,9 Bd general de Gaulle,47.20149,-0.9964
201400001911,29,10,14,15,2,49,6,1,1,1,1,Tuevache,47.17796,-0.96163
201400001912,22,11,14,15,1,49,23,2,1,1,3,77 rue des Mauges,47.20153,-0.99389
201400001913,3,4,14,20,3,49,192,1,1,3,6,,47.01535,-0.74471
201400001914,22,4,14,22,5,49,92,2,1,1,6,Rue Croix Renaudeau,47.21488,-0.71131
201400001915,12,5,14,15,1,49,355,1,1,1,1,Monbault,47.10014,-0.81636
201400001916,17,5,14,4,3,49,92,1,1,1,6,La Guerche,47.21282,-0.77772
201400001917,26,8,14,7,1,49,281,1,1,1,3,La Brosse Neuve,47.1822,-0.74613
201400001918,30,9,14,23,3,49,343,1,6,1,6,La Marchaisière,46.98969,-0.84286
201400001919,30,10,14,3,3,49,281,1,1,1,6,,47.16284,-0.73873
201400001920,11,11,14,0,3,49,381,1,1,1,1,,47.0131,-0.71465
201400001921,16,11,14,22,3,49,268,1,1,2,6,La Beniviere,47.29223,-0.84965
201400001922,23,11,14,0,3,49,192,1,1,1,6,,47.03534,-0.80415
201400001923,8,12,14,17,2,49,92,2,1,1,3,255 bis rue nationale,47.20517,-0.72822
201400001924,2,2,14,0,3,49,273,1,1,2,7,La Gat,47.1024,-1.22281
201400001925,31,3,14,11,1,49,332,2,1,1,6,04 RUE DU SACRE COEUR,47.06504,-0.93671
201400001926,28,5,14,23,3,49,301,1,1,1,6,,47.13325,-0.99092
201400001927,2,6,14,18,1,49,264,1,9,1,6,1 rue louis braille,47.09636,-1.00468
201400001928,18,6,14,17,1,49,332,2,1,7,3,AVENUE DE NANTES,47.05979,-0.94042
201400001929,29,7,14,14,1,49,349,2,2,1,3,Carrefour RD-223 - RD-63,47.14461,-1.16423
201400001930,8,9,14,10,1,49,264,1,1,1,1,La Censie,47.09953,-1.00541
201400001931,8,9,14,15,1,49,332,1,1,1,2,,47.08733,-0.98098
201400001932,25,9,14,19,2,49,27,1,1,7,6,,47.13851,-0.91843
201400001933,10,12,14,8,2,49,301,2,1,2,6,"42, bd du 11 novembre",47.12062,-0.98982
201400001934,15,2,14,8,1,49,296,1,1,8,7,,47.30086,-1.16523
201400001935,19,2,14,9,1,49,252,1,1,1,7,,47.22101,-1.1679
201400001936,3,3,14,12,1,49,313,1,1,4,1,,47.28368,-1.02527
201400001937,21,3,14,21,3,49,324,1,1,1,7,,47.24322,-0.99444
201400001938,25,4,14,19,1,49,177,1,1,1,2,,47.34456,-1.161
201400001939,18,5,14,19,1,49,316,1,1,1,6,Moulin Pichon,47.27719,-1.10106
201400001940,21,5,14,13,1,49,40,1,1,3,6,Clos de Ste Barbe,47.34144,-1.11785
201400001941,25,5,14,12,1,49,69,1,1,1,6,,47.3449,-1.23288
201400001942,16,7,14,18,1,49,360,1,1,1,1,,47.31194,-1.30886
201400001943,18,7,14,18,1,49,69,2,6,1,1,avenue des 7 moulins,47.33433,-1.26383
201400001944,24,7,14,0,3,49,320,1,1,1,7,La Chenaie,47.29211,-1.24804
201400001945,5,8,14,20,1,49,34,1,1,1,6,Le grand Moulin,47.32042,-1.01175
201400001946,10,8,14,0,3,49,316,2,1,2,6,rue de l'Evre,47.27389,-1.07583
201400001947,6,9,14,15,1,49,276,1,1,1,3,,47.36136,-0.99248
201400001948,20,9,14,9,1,49,126,1,1,1,3,,47.33318,-1.20573
201400001949,26,9,14,20,3,49,34,1,1,1,6,Le grand Moulin,47.32032,-1.01184
201400001950,26,9,14,17,1,49,75,1,1,1,1,,47.33894,-1.06945
201400001951,9,11,14,16,1,49,360,1,1,7,3,La Merciere,47.31589,-1.29415
201400001952,9,11,14,21,3,49,69,1,1,1,1,La Tenoterie,47.32955,-1.25611
201400001953,21,11,14,21,3,49,296,1,1,1,6,,47.28541,-1.21942
201400001954,24,11,14,11,1,49,276,1,1,1,7,Route de la Boutouchere,47.35681,-1.00598
201400001955,26,11,14,0,3,49,83,1,1,1,7,,47.28968,-0.99013
201400001956,9,12,14,9,1,49,313,2,1,1,3,route de belleville,47.26161,-1.03561
201400001957,16,12,14,17,3,49,296,2,1,1,6,rue de Vendée,47.28645,-1.19086
201400001958,23,12,14,19,3,49,177,2,1,1,6,rue du val de loire,47.34616,-1.1628
201400001959,17,1,14,12,1,49,234,1,1,1,2,Mon idée,47.42424,0.16658
201400001960,21,1,14,17,1,49,18,2,1,1,5,Av Le gouz de la boulaye,47.53727,-0.09828
201400001961,6,6,14,19,1,49,372,1,1,1,1,Le champ des pierres,47.52029,-0.11855
201400001962,17,6,14,17,1,49,116,1,1,1,1,lieu dit Brené,47.46943,-0.10208
201400001963,4,10,14,2,3,49,13,2,1,1,6,7 route de Noyant,47.51783,0.05464
201400001964,23,10,14,14,1,49,18,2,1,1,3,rue VICTOR HUGO,47.54001,-0.10259
201400001965,15,11,14,12,1,49,18,2,1,1,2,13 rue Florent Papin,47.54284,-0.11073
201400001966,4,12,14,8,1,49,31,1,1,1,1,,47.50578,-0.10131
201400001967,5,5,14,11,1,49,373,1,1,1,1,La grange,47.13757,-0.57601
201400001968,30,8,14,18,1,49,125,2,1,1,6,Rue des fontaines,47.1958,-0.2758
201400001969,12,11,14,20,3,49,125,1,1,1,1,,47.17709,-0.26318
201400001970,22,12,14,23,3,49,359,1,1,1,7,Moulin cassé,47.21353,-0.1798
201400001971,2,1,14,12,1,49,361,1,1,1,3,,47.2392,0.01611
201400001972,1,4,14,5,3,49,2,1,6,1,6,,47.29072,0.03583
201400001973,2,4,14,12,1,49,311,1,1,1,1,La poitevinière,47.39371,-0.04027
201400001974,20,4,14,19,1,49,30,1,1,1,7,La martinière,47.3655,-0.05242
201400001975,20,6,14,13,1,49,180,1,1,7,6,,47.37744,-0.12544
201400001976,22,6,14,17,1,49,361,1,1,1,6,Pont de Malheur,47.26329,0.05448
201400001977,28,7,14,10,1,49,180,2,7,7,6,station essence super U,47.37128,-0.09858
201400001978,16,8,14,4,3,49,2,2,1,1,6,lieu dit boumelle,47.33399,0.02759
201400001979,13,9,14,8,2,49,45,1,1,1,6,,47.34545,0.11015
201400001980,4,11,14,18,3,49,374,1,1,1,6,,47.28184,-0.02656
201400001981,8,12,14,18,2,49,304,1,1,1,7,,47.30926,-0.13853
201400001982,22,3,14,15,1,49,215,1,3,1,3,,47.14757,-0.17148
201400001983,28,8,14,14,1,49,364,1,1,1,7,,47.13975,-0.2258
201400001984,2,2,14,5,3,49,103,2,1,2,6,Rue de Bretagne,47.71491,-1.00912
201400001985,17,5,14,23,3,49,229,1,1,1,7,,47.70886,-0.97158
201400001986,18,11,14,18,3,49,331,1,1,1,4,,47.68972,-0.86162
201400001987,16,2,14,1,3,49,367,1,1,1,6,,47.59153,-0.83023
201400001988,7,3,14,5,3,49,26,1,3,1,3,La Hammonerie,47.49644,-0.77428
201400001989,9,3,14,13,1,49,155,1,1,1,6,La tinière,47.59934,-0.72665
201400001990,16,3,14,13,1,49,155,2,1,1,7,rue du port,47.60144,-0.68778
201400001991,13,6,14,17,1,49,251,1,1,1,2,La Chesnaie,47.57354,-0.68273
201400001992,22,6,14,14,1,49,266,2,1,1,6,rue St Germain des prés,47.45992,-0.79477
201400001993,16,1,14,7,4,49,347,1,2,8,3,,47.62632,-0.45101
201400001994,14,3,14,17,1,49,80,2,2,1,3,avenue de gaulle,47.68219,-0.49169
201400001995,4,4,14,9,1,49,96,1,1,1,6,La Bonnelière,47.71416,-0.57129
201400001996,7,5,14,5,2,49,337,1,1,1,6,Les Barres,47.59691,-0.41971
201400001997,2,7,14,17,1,49,90,1,1,1,7,,47.60601,-0.52041
201400001998,3,9,14,15,1,49,189,1,1,1,1,,47.72885,-0.60008
201400001999,21,9,14,20,3,49,347,1,1,1,6,,47.6176,-0.43417
201400002000,25,9,14,13,1,49,347,1,1,1,3,,47.62636,-0.45098
201400002001,30,9,14,17,1,49,339,1,1,7,1,,47.57526,-0.53302
201400002002,6,11,14,18,5,49,347,2,1,1,3,rue du bourg joly,47.61458,-0.4655
201400002003,18,11,14,17,1,49,347,1,1,1,3,,47.62636,-0.451
201400002004,26,4,14,14,1,53,1,1,2,1,3,,48.03596,-0.89757
201400002005,3,5,14,13,1,53,1,1,1,1,6,,48.02698,-0.85593
201400002006,13,7,14,6,2,53,158,1,1,1,6,,47.98864,-0.95292
201400002007,30,10,14,10,1,53,94,1,1,1,1,,0.0,0.0
201400002008,19,11,14,12,1,53,168,2,1,1,3,RUE DU MOULIN,47.98691,-0.78044
201400002009,17,5,14,19,1,53,140,2,1,1,7,le landerieau,48.1074,-0.70278
201400002010,18,5,14,17,1,53,267,2,1,1,6,,48.0357,-0.47106
201400002011,22,9,14,16,1,53,140,2,6,1,2,rue nationale,48.11978,-0.72311
201400002012,15,10,14,15,1,53,67,1,1,1,7,,47.96632,-0.43221
201400002013,13,12,14,9,3,53,262,1,1,3,5,,48.06151,-0.58848
201400002014,26,12,14,18,3,53,140,1,1,3,6,,48.15025,-0.69631
201400002015,5,4,14,6,5,53,97,2,8,1,7,passage ? niveau 145,48.15758,-0.47654
201400002016,26,4,14,17,1,53,218,2,2,1,3,avenue des sports,48.19732,-0.37396
201400002017,15,5,14,20,1,53,265,1,1,7,7,,48.09303,-0.23648
201400002018,1,9,14,7,1,53,97,2,6,1,3,rond-point de la gare,48.15631,-0.39638
201400002019,24,9,14,18,1,53,50,1,2,1,3,,48.08202,-0.34945
201400002020,9,10,14,19,3,53,205,1,1,1,6,,48.13696,-0.57885
201400002021,23,10,14,19,2,53,50,2,1,1,1,route de sainte suzanne,48.07827,-0.37541
201400002022,26,10,14,1,3,53,163,1,1,1,1,,48.15706,-0.46478
201400002023,2,11,14,15,1,53,97,2,2,1,3,rue de Villeneuve,48.1471,-0.40062
201400002024,4,12,14,9,1,53,97,2,1,1,3,4 route de crun,48.15684,-0.3931
201400002025,13,12,14,9,1,53,265,1,1,3,3,,48.11298,-0.25468
201400002026,18,12,14,11,1,53,134,1,2,1,1,,48.12121,-0.46171
201400002027,4,1,14,6,3,53,27,1,1,2,7,,47.90681,-0.45061
201400002028,24,1,14,19,3,53,210,1,1,3,5,,47.79981,-0.43159
201400002029,22,3,14,0,3,53,210,1,1,1,1,,47.80144,-0.44393
201400002030,19,6,14,15,1,53,17,2,9,1,2,rue de l'Abbé Angot,47.92677,-0.41464
201400002031,25,7,14,17,1,53,233,2,1,1,1,,47.89105,-0.41976
201400002032,23,8,14,10,1,53,62,2,1,1,6,13 Av. Division Leclerc,47.83517,-0.71869
201400002033,5,9,14,17,1,53,29,1,1,1,7,,47.80516,-0.51437
201400002034,18,9,14,12,1,53,62,2,2,1,3,rue jean mermoz,47.83011,-0.69389
201400002035,20,9,14,1,5,53,62,2,1,1,6,46 av marechal joffre,47.82993,-0.6945
201400002036,10,10,14,7,2,53,62,2,1,1,3,rue pierre et marie curi,47.83487,-0.69783
201400002037,13,10,14,16,1,53,215,1,1,1,5,,47.78937,-0.70847
201400002038,24,11,14,12,1,53,184,1,1,8,1,,47.93413,-0.44622
201400002039,5,12,14,18,5,53,62,2,6,1,3,Avenue Georges Pomidou,47.82323,-0.69774
201400002040,2,1,14,18,3,53,75,1,1,8,1,,47.92289,-0.87836
201400002041,29,6,14,18,1,53,180,1,1,1,5,,47.8179,-0.87004
201400002042,31,8,14,14,1,53,128,1,1,1,7,la charroyère,47.94162,-1.07045
201400002043,5,9,14,7,1,53,188,2,1,1,3,rue de Laubini?re,47.79721,-1.05575
201400002044,12,9,14,11,1,53,197,1,1,1,3,,47.86226,-1.13221
201400002045,19,9,14,8,2,53,35,1,2,3,1,,47.83029,-0.99226
201400002046,3,10,14,17,1,53,84,2,1,1,7,,47.86454,-0.91831
201400002047,23,11,14,13,1,53,77,1,1,1,1,,47.96203,-0.90851
201400002048,14,12,14,16,1,53,77,1,1,5,5,,47.95433,-0.9356
201400002049,30,3,14,4,3,53,122,1,1,1,7,,48.26291,-0.5052
201400002050,22,4,14,23,5,53,147,2,1,1,7,30 Bd Jean Jaures,48.29888,-0.61755
201400002051,9,5,14,18,1,53,147,2,1,1,6,115 rue de Normandie,48.30985,-0.62299
201400002052,25,6,14,13,1,53,147,2,6,1,1,BOULEVARD MENDES FRANCE,48.30784,-0.63284
201400002053,13,7,14,18,1,53,122,1,1,1,1,,48.26405,-0.48121
201400002054,16,7,14,18,1,53,53,1,1,1,3,,48.30134,-0.34559
201400002055,2,8,14,17,1,53,146,1,1,1,5,,48.18324,-0.67508
201400002056,22,9,14,18,1,53,53,1,1,1,2,,48.27257,-0.39526
201400002057,28,10,14,18,5,53,147,2,1,1,6,29 RUE AMBROISE DE LORE,48.30645,-0.61871
201400002058,13,11,14,18,3,53,23,1,1,8,2,,48.17148,-0.58113
201400002059,7,3,14,19,3,53,115,1,1,1,6,,48.43139,-0.85072
201400002060,20,4,14,15,1,53,155,1,1,1,3,,48.29952,-0.88795
201400002061,25,7,14,12,1,53,211,1,2,7,1,,48.36722,-0.85044
201400002062,19,10,14,2,4,53,107,2,6,1,6,Rond point de l'Europe,48.41099,-0.80582
201400002063,30,10,14,19,3,53,42,1,1,1,6,,48.38558,-0.78798
201400002064,6,11,14,14,1,53,269,1,2,1,3,,48.30481,-0.83177
201400002065,25,2,14,19,3,53,127,1,1,1,7,,48.4219,-0.52936
201400002066,23,4,14,19,1,53,51,1,1,2,7,,48.35327,-0.49362
201400002067,30,8,14,16,1,53,216,1,1,1,6,,48.32134,-0.56834
201400002068,11,9,14,14,1,53,127,1,1,1,3,,48.47867,-0.43635
201400002069,27,11,14,14,1,53,116,1,2,1,3,,48.40305,-0.46059
201400002070,11,12,14,16,1,53,127,2,1,1,6,GRANDE RUE,48.43804,-0.49702
201400002071,14,12,14,8,1,53,116,2,1,9,6,Rue des forges,48.39753,-0.46124
201400002072,23,3,14,13,1,53,185,1,1,4,1,,48.4759,-0.16059
201400002073,24,9,14,11,1,53,121,1,1,1,6,,48.4105,-0.33037
201400002074,26,9,14,22,3,53,246,1,1,1,1,,48.40977,-0.06181
201400002075,16,10,14,9,1,53,164,1,1,1,1,,48.49127,-0.31089
201400002076,3,12,14,18,3,53,13,1,1,1,7,,48.32465,-0.20896
201400002077,9,12,14,20,3,53,246,1,1,1,6,,48.38893,-0.13094
201400002078,12,12,14,23,3,53,223,1,1,3,2,,48.26373,-0.17243
201400002079,6,9,14,0,5,10,283,2,1,1,3,6 RUE BERTHELOT,0.0,0.0
201400002080,25,2,14,11,1,10,31,2,2,1,1,"43, FORGE  DE N?     A",0.0,0.0
201400002081,27,3,14,3,3,10,283,1,1,1,7,ECHALLON (RUE D'),46.2527,5.68984
201400002082,27,4,14,17,1,10,31,2,1,1,6,HUGO ( AVENUE VICTOR ),0.0,0.0
201400002083,11,5,14,17,1,10,283,2,3,1,3,MICHELET (RUE DU 40/27 A,46.2604,5.63649
201400002084,9,6,14,0,5,10,283,2,2,1,3,"1, FRANCE (RUE A. DU 1/5",0.0,0.0
201400002085,22,6,14,14,1,10,283,2,3,1,3,"12, BELMONT",0.0,0.0
201400002086,7,6,14,19,4,10,283,2,1,1,6,JEANTET (PARC),0.0,0.0
201400002087,16,7,14,22,2,10,14,2,1,1,7,"29, GENERAL DE GAULLE (R",46.2734,5.67447
201400002088,21,9,14,14,1,10,283,2,3,1,3,"147, FERRY (JULES)",0.0,0.0
201400002089,1,11,14,4,5,10,283,2,3,9,3,"5, CLEMENCEAU (RUE G. DU",0.0,0.0
201400002090,16,7,14,20,1,72,204,1,2,1,3,,47.939,0.699
201400002091,27,7,14,14,1,72,373,1,1,1,3,,48.045,0.778
201400002092,30,7,14,19,1,72,158,1,2,1,1,,48.041,0.684
201400002093,5,11,14,9,1,72,42,2,1,7,1,rue de la petite charmoi,0.0,0.0
201400002094,4,1,14,17,2,72,386,1,6,8,7,,0.0,0.0
201400002095,22,1,14,15,1,72,90,2,1,2,6,,0.0,0.0
201400002096,15,3,14,16,1,72,90,1,1,1,2,,0.0,0.0
201400002097,18,4,14,16,1,72,300,1,1,1,3,,0.0,0.0
201400002098,3,5,14,20,1,72,386,1,1,1,6,,0.0,0.0
201400002099,19,6,14,7,1,72,90,2,1,1,6,25 avenue de VERDUN,0.0,0.0
201400002100,16,6,14,21,2,72,358,1,1,1,6,,48.05,0.526
201400002101,27,7,14,22,3,72,54,2,1,2,2,14 RUE LOUIS ARAGON,48.039,0.343
201400002102,8,8,14,12,1,72,300,1,1,2,3,,48.039,0.407
201400002103,10,8,14,22,3,72,7,1,1,1,5,,0.0,0.0
201400002104,8,9,14,12,1,72,358,1,1,1,7,,48.034,0.5
201400002105,17,12,14,9,1,72,386,1,1,8,5,,48.007,0.253
201400002106,24,12,14,21,3,72,90,1,6,1,3,,0.0,0.0
201400002107,14,4,14,7,1,72,301,1,2,1,3,,0.0,0.0
201400002108,10,6,14,14,1,72,329,1,1,1,5,,0.0,0.0
201400002109,27,6,14,5,2,72,329,1,1,1,1,,0.0,0.0
201400002110,9,7,14,17,1,72,359,2,1,1,7,17 rue Saint Roch,0.0,0.0
201400002111,10,7,14,14,1,72,310,1,1,1,1,,0.0,0.0
201400002112,20,7,14,11,1,72,147,2,1,1,6,le bourg,0.0,0.0
201400002113,9,1,14,19,5,72,253,1,1,1,3,,47.904,0.057
201400002114,22,1,14,11,1,72,381,1,1,1,1,,0.0,0.0
201400002115,12,5,14,17,1,72,253,1,1,1,2,,47.924,0.083
201400002116,14,5,14,12,1,72,381,1,1,1,1,,47.924,0.083
201400002117,22,5,14,10,1,72,230,1,1,1,3,,0.0,0.0
201400002118,11,6,14,12,1,72,381,1,1,1,1,,47.937,0.09
201400002119,21,6,14,12,1,72,344,2,1,1,7,RUE d'arnage,47.91578,0.15679
201400002120,1,8,14,12,1,72,344,1,2,1,5,,0.0,0.0
201400002121,22,8,14,10,1,72,113,1,1,1,1,,0.0,0.0
201400002122,15,10,14,23,3,72,75,1,1,1,7,,47.926,-0.044
201400002123,21,10,14,14,1,72,96,1,1,1,3,,48.026,0.036
201400002124,24,10,14,21,3,72,278,1,1,1,6,,0.0,0.0
201400002125,25,10,14,19,3,72,146,1,1,5,5,,47.87,0.115
201400002126,30,10,14,11,1,72,168,1,1,1,3,,0.0,0.0
201400002127,5,11,14,16,1,72,344,1,1,1,6,,47.945,0.176
201400002128,14,11,14,19,3,72,381,1,1,1,6,,47.933,0.067
201400002129,21,12,14,10,1,72,344,1,1,1,6,,0.0,0.0
201400002130,20,1,14,7,2,72,110,1,1,5,5,,47.753,-0.153
201400002131,21,1,14,15,1,72,110,1,1,1,1,,47.749,-0.145
201400002132,29,1,14,19,3,72,154,1,1,1,3,,47.709,-0.049
201400002133,12,5,14,7,2,72,154,1,1,1,3,,47.712,-0.044
201400002134,20,5,14,4,2,72,154,1,1,1,6,,0.0,0.0
201400002135,28,6,14,4,3,72,154,1,1,1,6,,0.0,0.0
201400002136,24,7,14,18,1,72,154,1,1,1,5,,47.701,-0.065
201400002137,30,7,14,10,1,72,154,2,6,1,2,rond-point des m?daill?s,0.0,0.0
201400002138,13,9,14,14,1,72,154,2,1,1,7,Promenade FOCH,0.0,0.0
201400002139,30,9,14,10,1,72,154,1,1,5,1,,47.713,-0.041
201400002140,25,10,14,12,1,72,110,1,1,1,1,,0.0,0.0
201400002141,19,11,14,17,2,72,84,1,9,1,3,,47.717,-0.029
201400002142,25,8,14,0,3,72,210,1,9,1,6,,0.0,0.0
201400002143,9,5,14,22,3,72,68,1,1,1,7,,47.739,0.555
201400002144,16,6,14,17,1,72,248,1,1,1,1,,47.856,0.459
201400002145,11,7,14,12,1,72,183,1,1,1,3,,0.0,0.0
201400002146,21,8,14,12,1,72,143,2,1,1,6,rue du remblais,47.868,0.471
201400002147,2,10,14,15,1,72,63,1,2,1,3,,47.823,0.679
201400002148,14,12,14,11,1,72,71,2,7,1,6,05 avenue jean jaur?s,47.699,0.419
201400002149,8,3,14,8,1,72,228,1,1,1,6,,47.857,-0.2
201400002150,4,4,14,2,3,72,50,2,1,1,6,avenue de la lib?ration,47.968,-0.232
201400002151,10,5,14,5,2,72,44,1,1,8,7,,0.0,0.0
201400002152,9,5,14,15,1,72,59,1,1,1,3,,47.931,-0.191
201400002153,9,5,14,12,1,72,44,1,1,1,7,,47.78,-0.049
201400002154,7,5,14,14,1,72,239,1,1,1,3,,0.0,0.0
201400002155,27,5,14,10,1,72,228,1,1,1,6,,47.832,-0.158
201400002156,28,5,14,10,1,72,22,1,6,1,7,,47.78,-0.214
201400002157,1,7,14,16,1,72,177,1,1,1,1,,47.951,-0.039
201400002158,3,7,14,19,1,72,44,1,1,1,1,,0.0,0.0
201400002159,9,7,14,21,1,72,223,1,1,1,6,,0.0,0.0
201400002160,10,10,14,19,3,72,239,1,1,2,7,,47.923,-0.289
201400002161,23,10,14,15,1,72,163,1,1,1,7,,0.0,0.0
201400002162,17,1,14,19,3,72,51,1,1,1,2,,47.818,0.063
201400002163,8,5,14,20,2,72,226,1,1,1,6,,47.8,0.113
201400002164,13,6,14,7,2,72,385,1,1,7,3,,47.849,0.186
201400002165,26,7,14,10,1,72,51,1,1,1,1,,47.824,0.087
201400002166,30,7,14,9,1,72,182,2,2,1,3,rue principale,47.751,0.137
201400002167,1,8,14,17,1,72,243,1,1,1,6,,47.787,0.232
201400002168,2,9,14,12,1,72,176,1,1,1,6,,47.65035,0.13549
201400002169,20,9,14,1,3,72,243,1,9,8,6,,0.0,0.0
201400002170,12,9,14,19,1,72,135,1,1,1,3,,47.778,0.092
201400002171,24,9,14,12,1,72,191,2,6,1,1,rond point Ecommoy,0.0,0.0
201400002172,26,9,14,6,5,72,191,2,1,5,6,17 AVENUE DE L'AUBEPIN,47.766,0.277
201400002173,18,10,14,19,2,72,252,1,1,1,6,,47.785,0.16
201400002174,17,10,14,17,1,72,176,1,1,1,6,,47.633,0.124
201400002175,31,10,14,20,5,72,243,2,1,1,6,RUE DES FONTAINES,47.757,0.191
201400002176,11,11,14,15,1,72,385,1,1,2,6,,47.82,0.132
201400002177,8,12,14,10,1,72,357,1,1,4,1,LE BOIS DE DOUVREAU,0.0,0.0
201400002178,19,12,14,17,5,72,176,1,1,2,3,LIEU DIT LA POINTE,47.654,0.165
201400002179,19,12,14,20,3,72,182,1,1,2,3,,47.755,0.138
201400002180,8,1,14,17,1,72,264,2,9,1,2,ROUTE DU MANS,0.0,0.0
201400002181,17,1,14,20,5,72,264,2,1,1,6,48 RUE DU MANS,47.83972,-0.32002
201400002182,18,2,14,19,5,72,264,2,1,8,6,9 rue aristide briand,47.83902,-0.32742
201400002183,24,3,14,21,5,72,264,2,1,2,2,Avenue Jo?l le theule,0.0,0.0
201400002184,16,4,14,18,1,72,264,2,1,1,5,route du mans Pr 10,0.0,0.0
201400002185,12,6,14,18,1,72,264,1,1,1,1,,0.0,0.0
201400002186,1,7,14,14,1,72,264,2,1,1,2,avenue Charles de Gaulle,0.0,0.0
201400002187,25,7,14,14,1,72,264,2,9,1,6,avenue joel LE THEULE,47.8396,-0.32566
201400002188,15,10,14,15,1,72,264,2,9,1,6,Rue L?on Legludic,0.0,0.0
201400002189,18,11,14,18,3,72,264,1,1,8,5,,0.0,0.0
201400002190,23,11,14,18,3,72,244,1,1,1,7,,0.0,0.0
201400002191,28,12,14,2,5,72,264,2,1,1,6,avenue Joel LE THEULE,0.0,0.0
201400002192,2,1,14,17,1,72,316,1,1,1,6,,0.0,0.0
201400002193,21,1,14,7,5,72,39,2,1,1,6,62 Avenue de la FORET,0.0,0.0
201400002194,20,3,14,18,1,72,189,2,1,1,3,rue de mamers,0.0,0.0
201400002195,28,3,14,18,1,72,48,2,1,1,3,rue les floralies,0.0,0.0
201400002196,10,4,14,19,1,72,180,2,1,1,6,54 place carnot,0.0,0.0
201400002197,2,5,14,10,1,72,180,2,1,1,6,rue du FORT,0.0,0.0
201400002198,24,5,14,14,1,72,189,1,1,1,2,,0.0,0.0
201400002199,24,5,14,15,1,72,39,2,1,1,6,avennue du 8 mai,0.0,0.0
201400002200,31,5,14,15,1,72,196,1,1,1,6,,0.0,0.0
201400002201,7,7,14,12,1,72,276,1,2,1,3,,0.0,0.0
201400002202,18,8,14,13,1,72,102,1,1,1,1,,0.0,0.0
201400002203,12,9,14,14,1,72,180,1,1,1,1,,0.0,0.0
201400002204,15,9,14,17,1,72,196,1,1,1,6,,0.0,0.0
201400002205,1,10,14,19,1,72,180,1,1,7,2,,0.0,0.0
201400002206,20,11,14,13,1,72,180,2,1,1,3,Estournelles de Constant,0.0,0.0
201400002207,30,12,14,15,1,72,276,2,1,1,3,,0.0,0.0
201400002208,15,5,14,12,1,72,39,2,1,1,1,rue Galllieni,0.0,0.0
201400002209,19,5,14,17,1,72,132,2,1,1,6,rue du Pr? Bellard,0.0,0.0
201400002210,6,7,14,2,3,72,122,1,1,1,7,,0.0,0.0