Num_Acc,jour,mois,an,hr,condition_eclairage,departement,commune,condition_agglomeration,intersection,condition_atmosphere,type_collision,adresse,lattitude,longitude
201400002211,8,8,14,20,1,72,67,1,1,2,6,,0.0,0.0
201400002212,30,9,14,15,1,72,208,1,4,1,1,,0.0,0.0
201400002213,18,4,14,20,2,72,337,2,1,1,1,RD 15 Rue des Forgerons,0.0,0.0
201400002214,14,5,14,16,1,72,29,2,1,1,3,avenue division leclerc,0.0,0.0
201400002215,15,5,14,13,1,72,36,1,1,1,5,,0.0,0.0
201400002216,19,5,14,17,1,72,141,1,1,1,1,,0.0,0.0
201400002217,23,9,14,14,1,72,273,1,1,1,1,,0.0,0.0
201400002218,6,11,14,17,5,72,6,2,6,8,7,D338,0.0,0.0
201400002219,27,3,14,16,1,85,131,1,2,8,3,LES ESSARTS,46.48832,-1.20438
201400002220,25,5,14,16,1,85,8,1,1,1,1,,46.60849,-1.4454
201400002221,26,6,14,10,1,85,93,1,2,1,3,,46.64707,-1.23061
201400002222,27,6,14,18,1,85,73,1,2,1,3,,46.51473,-1.15987
201400002223,28,7,14,0,3,85,135,1,2,2,3,,46.5078,-1.20015
201400002224,20,9,14,19,1,85,8,2,1,1,6,PLACE DE L'EGLISE,46.59594,-1.45276
201400002225,25,9,14,17,1,85,135,1,1,1,2,BEL AIR,46.54529,-1.24402
201400002226,5,2,14,18,5,85,84,2,1,2,6,30 RUE DES SABLES,46.76075,-1.23526
201400002227,4,2,14,11,1,85,84,1,1,3,1,LE PLESSIS COSSON,46.76059,-1.22293
201400002228,16,2,14,8,1,85,165,1,1,5,1,LA POINTE,46.80815,-1.13729
201400002229,9,5,14,23,5,85,81,1,1,1,1,LES BARROTIERES,46.74653,-1.38545
201400002230,11,6,14,12,1,85,84,2,3,1,3,RUE DE LA PISCINE,46.77532,-1.23301
201400002231,11,6,14,7,2,85,266,1,1,1,3,LES HAUTES PAPINIERES,46.75807,-0.98614
201400002232,5,7,14,2,3,85,165,1,1,2,6,,46.79346,-1.12576
201400002233,2,8,14,0,3,85,51,1,1,1,6,PUYBELLIARD,46.70941,-1.02997
201400002234,1,9,14,8,1,85,81,2,1,1,3,15 rue du vieux bourg,46.73662,-1.38519
201400002235,19,9,14,23,3,85,232,1,1,1,6,LES ROCHETTES,46.71222,-1.16331
201400002236,28,9,14,16,1,85,51,2,1,1,1,RUE DE SAINT-HILAIRE,46.68607,-1.06799
201400002237,27,10,14,8,1,85,89,2,1,1,2,25 RUE DE LA CROIX ROUGE,46.71463,-1.31781
201400002238,5,12,14,14,1,85,232,1,2,1,3,LES LOGES,46.68912,-1.18322
201400002239,21,1,14,7,3,85,82,1,1,5,3,,46.89951,-0.93511
201400002240,26,4,14,14,1,85,109,1,1,1,1,LA REBILLERE,46.82807,-1.00217
201400002241,16,5,14,15,1,85,38,1,1,1,6,,46.88341,-1.33196
201400002242,15,5,14,19,1,85,82,2,1,1,1,ROUTE DE ST MARS LA REOR,46.8791,-0.90032
201400002243,24,5,14,18,1,85,301,2,1,1,2,02 rue du stade,46.82462,-1.12085
201400002244,25,5,14,12,1,85,65,2,1,1,6,3 PLACE DE LA MAIRIE,46.89304,-1.25084
201400002245,19,7,14,22,4,85,186,1,1,1,6,,46.86343,-1.26241
201400002246,14,8,14,11,1,85,38,1,1,1,1,,46.9206,-1.32134
201400002247,22,8,14,9,1,85,82,1,1,7,1,,46.87591,-0.92957
201400002248,22,11,14,9,1,85,109,1,1,1,6,,46.8605,-1.00372
201400002249,30,11,14,23,3,85,301,1,1,2,1,,46.83851,-1.08959
201400002250,6,12,14,16,1,85,109,1,1,1,1,,46.82884,-1.00313
201400002251,10,12,14,9,1,85,109,1,1,1,1,LA REBILLERE,46.82888,-1.00316
201400002252,24,1,14,7,5,85,146,2,1,2,6,PARKING COLLEGE J. FERRY,46.96977,-1.30618
201400002253,13,3,14,15,1,85,25,2,1,1,3,11 RUE DE L'INDUSTRIE,46.94984,-1.19278
201400002254,2,4,14,15,1,85,146,2,1,1,1,23 RUE JOSEPH GAILLARD,46.98226,-1.32232
201400002255,15,4,14,18,1,85,25,1,2,1,3,,46.95848,-1.19289
201400002256,16,6,14,19,1,85,39,1,1,1,7,,47.02521,-1.20369
201400002257,24,8,14,18,1,85,224,1,1,1,1,,47.02946,-1.35162
201400002258,7,11,14,16,2,85,197,1,1,1,6,LA COUROLIERE,46.92705,-1.39523
201400002259,17,3,14,18,1,85,151,1,1,1,1,,47.01069,-0.98255
201400002260,13,6,14,20,1,85,48,1,1,1,1,,46.92548,-0.99086
201400002261,4,10,14,19,1,85,302,1,1,3,5,LIEGE,46.95866,-0.97617
201400002262,6,10,14,17,1,85,151,1,9,8,5,,46.98833,-0.93827
201400002263,31,12,14,15,1,85,155,1,1,1,2,,46.70662,-1.44639
201400002264,6,1,14,19,3,85,129,1,2,8,3,LE PUY,46.85693,-1.49693
201400002265,2,2,14,12,1,85,178,2,9,1,6,LE MOULIN GUERIN,46.76658,-1.4955
201400002266,6,4,14,16,1,85,178,1,1,1,3,,46.78343,-1.53839
201400002267,21,4,14,20,1,85,178,1,1,7,1,,46.7521,-1.46627
201400002268,14,5,14,16,1,85,15,1,1,1,3,,46.81326,-1.46244
201400002269,26,6,14,17,1,85,3,1,1,1,6,,46.75079,-1.65381
201400002270,29,6,14,22,5,85,155,2,1,1,6,D2,46.72431,-1.46555
201400002271,30,6,14,20,1,85,3,2,1,1,3,6RUE DE L'HOTEL DE VILLE,46.74232,-1.61297
201400002272,4,7,14,22,3,85,155,1,1,2,6,,46.69975,-1.49303
201400002273,15,7,14,19,1,85,3,1,1,1,6,LA BUZENIERE,46.70337,-1.66024
201400002274,8,8,14,12,1,85,279,1,1,2,1,LE GRAND PLI,46.78176,-1.42016
201400002275,15,8,14,5,3,85,129,1,1,1,6,,46.84116,-1.47178
201400002276,21,8,14,15,1,85,300,1,1,1,1,,46.69712,-1.50003
201400002277,17,10,14,0,3,85,155,1,1,8,6,,46.69931,-1.49185
201400002278,25,10,14,5,3,85,3,2,1,1,6,ROUTE DE LA PLANCHE BARB,46.73611,-1.62403
201400002279,31,10,14,17,1,85,279,1,1,1,3,BEL AIR,46.81215,-1.43308
201400002280,5,11,14,11,1,85,19,2,1,1,6,20 R. GEORGES CLEMENCEAU,46.78223,-1.43069
201400002281,16,1,14,17,2,85,177,1,2,2,3,,46.43549,-0.92268
201400002282,17,2,14,15,1,85,92,2,1,1,3,RUE DE CHARZAIS,46.4692,-0.77824
201400002283,28,4,14,17,1,85,126,1,1,1,1,,46.46793,-0.8483
201400002284,10,9,14,10,1,85,92,2,6,1,2,AV DU GENERAL DE GAULLE,46.46485,-0.82378
201400002285,27,10,14,15,1,85,92,2,1,1,6,17 R. LANOUE BRAS DE FER,46.46786,-0.80962
201400002286,9,11,14,18,5,85,92,2,1,1,6,58 RUE RABELAIS,46.468,-0.82058
201400002287,27,12,14,18,2,85,92,2,1,1,6,RUE THIBAUT CHABOT,46.46429,-0.81691
201400002288,18,1,14,1,3,85,128,1,1,8,1,LA MAISON ROUGE,46.48079,-1.18291
201400002289,16,3,14,12,1,85,255,2,1,1,7,75 RUE DU BOURDIGAL,46.3613,-1.24922
201400002290,23,4,14,14,1,85,267,1,1,2,5,,46.3405,-1.083
201400002291,2,5,14,4,3,85,128,1,1,1,6,,46.47111,-1.1669
201400002292,4,5,14,18,1,85,128,2,6,1,1,RD 746,46.464,-1.17186
201400002293,25,5,14,10,1,85,297,1,1,1,1,,46.4016,-1.18604
201400002294,11,6,14,11,1,85,42,2,1,1,1,8 BIS RUE NATIONALE,46.38177,-1.02262
201400002295,16,6,14,17,1,85,216,1,1,1,1,,46.44397,-1.10175
201400002296,25,8,14,15,1,85,128,2,1,1,3,CHEMIN DES LOGES,46.45634,-1.17651
201400002297,13,9,14,16,1,85,128,2,1,1,3,8 RUE DE L. DE TASSIGNY,46.45532,-1.16199
201400002298,15,12,14,17,1,85,128,2,1,2,1,7 RUE DU CALVAIRE,46.45773,-1.16499
201400002299,9,4,14,18,1,85,78,1,1,1,3,,46.32103,-0.73918
201400002300,15,4,14,15,1,85,168,1,2,1,3,,46.40625,-0.67852
201400002301,30,9,14,15,1,85,20,1,4,1,1,,46.34646,-0.63904
201400002302,16,10,14,16,1,85,162,1,1,2,3,,46.41547,-0.69758
201400002303,29,10,14,10,1,85,244,1,2,1,3,PUY SEC,46.42718,-0.77041
201400002304,29,1,14,18,3,85,154,1,1,1,3,LUXEMBOURG,46.64261,-0.83206
201400002305,21,2,14,16,1,85,305,1,1,1,1,BEL AIR,46.57019,-0.79599
201400002306,22,3,14,9,1,85,145,1,1,8,6,,46.75143,-0.91555
201400002307,18,4,14,18,1,85,182,1,9,1,2,LA LOUISIERE,46.76883,-0.82775
201400002308,25,4,14,22,3,85,59,2,1,1,1,AVENUE DU 8 MAI,46.64501,-0.73379
201400002309,15,5,14,22,3,85,145,1,1,1,1,LES QUATRES MOULINS,46.73032,-0.9352
201400002310,6,7,14,21,2,85,287,1,1,1,5,,46.68927,-0.9179
201400002311,21,7,14,6,2,85,254,1,1,1,7,BELLE FONTAINE,46.78976,-0.76425
201400002312,8,10,14,10,1,85,31,1,1,8,6,,46.77721,-0.94648
201400002313,25,11,14,18,3,85,182,1,1,5,1,LA GIMBAUDIERE,46.79932,-0.85434
201400002314,10,1,14,13,1,85,40,1,1,1,7,LA BRECHOIRE,46.63467,-0.93191
201400002315,23,2,14,11,1,85,235,1,1,1,7,,46.58228,-0.99482
201400002316,8,5,14,20,1,85,205,1,1,1,1,,46.55129,-0.86825
201400002317,11,10,14,9,1,85,56,1,1,5,1,,46.56093,-0.96121
201400002318,7,1,14,16,1,85,47,1,1,1,2,,46.83485,-1.83143
201400002319,14,1,14,18,5,85,47,2,1,1,6,Boulevard de la gare,46.84367,-1.87238
201400002320,25,1,14,19,3,85,280,1,1,1,3,,46.86032,-1.90968
201400002321,11,3,14,10,1,85,47,2,1,1,6,54 BOULEVARD CLEMENCEAU,46.85135,-1.88749
201400002322,19,5,14,12,1,85,47,2,3,1,3,25 Rue de Nantes,46.84944,-1.87733
201400002323,27,5,14,3,3,85,6,2,1,1,6,RUE DES CHOUANS,46.74732,-1.74176
201400002324,17,8,14,9,1,85,6,1,1,1,1,,46.73901,-1.78269
201400002325,18,8,14,16,1,85,47,1,1,1,6,,46.8258,-1.89662
201400002326,7,9,14,11,1,85,169,2,1,1,6,1 RUE DU PONT CHATERELLE,46.80444,-1.62138
201400002327,27,9,14,8,1,85,47,1,1,1,1,LA GUILLOTIERE,46.85199,-1.80115
201400002328,15,7,14,17,1,85,113,1,1,1,3,RUE KER DOUCET,46.71363,-2.35458
201400002329,17,8,14,19,1,85,113,1,1,1,1,RUE DU JARRIT,46.70416,-2.34219
201400002330,14,3,14,16,1,85,118,1,1,1,2,RUE DU MEUNIER,46.6408,-1.55236
201400002331,22,4,14,14,1,85,118,1,1,1,7,,46.64032,-1.55623
201400002332,10,5,14,7,1,85,161,1,1,2,6,LA THIBAUDIERE,46.5609,-1.51441
201400002333,16,5,14,20,1,85,152,1,1,1,1,,46.62089,-1.66391
201400002334,12,5,14,15,1,85,211,2,1,1,6,21 RUE DU STADE,46.60837,-1.58058
201400002335,24,5,14,22,5,85,16,2,1,1,6,30 RUE DES SABLES,46.6754,-1.61239
201400002336,8,7,14,17,1,85,236,1,1,1,3,,46.6357,-1.70264
201400002337,25,7,14,12,1,85,236,1,1,1,2,,46.62953,-1.69024
201400002338,11,8,14,15,1,85,218,1,1,1,6,,46.62611,-1.65598
201400002339,19,9,14,17,1,85,112,1,1,1,2,LA BRARDIERE,46.58106,-1.79293
201400002340,23,9,14,20,1,85,99,1,1,1,3,LA ROUILLERE,46.55558,-1.56515
201400002341,13,10,14,19,2,85,52,2,1,1,3,RUE DU G. DE GAULLE,46.59009,-1.64787
201400002342,4,1,14,3,5,85,163,2,1,1,7,31 AVENUE JOSEPH PINEAU,47.00369,-2.2438
201400002343,26,4,14,16,1,85,11,1,1,1,6,,46.9166,-2.15712
201400002344,3,5,14,22,5,85,163,1,1,1,1,RUE RICHET,47.0005,-2.24759
201400002345,14,1,14,10,1,85,268,1,1,1,3,L'HORIZON L'AURORE,46.69434,-1.85223
201400002346,25,1,14,17,1,85,226,2,6,1,3,RUE LA PELLE A PORTEAU,46.70165,-1.95642
201400002347,18,2,14,7,2,85,35,2,1,1,1,RUE DE LA GITE,46.63258,-1.85513
201400002348,15,3,14,5,5,85,71,2,1,1,6,648 RUE DES MARAIS,46.76666,-1.84113
201400002349,26,3,14,12,1,85,35,2,6,1,3,BD CHARLES DE GAULLE,46.61909,-1.8715
201400002350,30,3,14,6,5,85,88,2,1,1,6,97 RUE DU CENTRE,46.72352,-1.89687
201400002351,5,4,14,5,3,85,226,1,1,1,6,,46.7555,-1.94386
201400002352,26,4,14,4,3,85,35,1,1,2,6,LE PEUBLE,46.63431,-1.83576
201400002353,25,4,14,8,1,85,222,2,6,1,3,BD GEORGES POMPIDOU,46.70154,-1.95052
201400002354,14,5,14,14,1,85,222,2,8,1,3,110QUAI DE LA REPUBLIQUE,46.69817,-1.94737
201400002355,7,5,14,20,2,85,226,2,1,1,3,AVENUE DE L'ILE DE RIEZ,46.72059,-1.94882
201400002356,22,5,14,16,1,85,71,2,7,1,1,PLACE DE L'EGLISE,46.76185,-1.83725
201400002357,28,5,14,16,1,85,100,2,1,1,1,,46.67056,-1.90454
201400002358,30,5,14,17,1,85,243,2,6,1,3,RUE DU CALVAIRE,46.59863,-1.83117
201400002359,25,7,14,12,1,85,222,2,1,1,1,46 ROUTE DE LA ROCHE/YON,46.69404,-1.90652
201400002360,3,8,14,6,2,85,35,1,6,1,7,,46.63774,-1.8211
201400002361,5,8,14,15,1,85,88,2,6,1,3,RUE DU CENTRE,46.71539,-1.90705
201400002362,26,9,14,17,1,85,222,2,1,1,6,10 RUE JEAN CRISTAU,46.69775,-1.94838
201400002363,14,10,14,7,2,85,88,1,1,1,6,CHEMIN DU GRAND FIEF,46.70159,-1.89552
201400002364,20,10,14,16,1,85,226,1,1,1,2,,46.73596,-1.9485
201400002365,24,10,14,16,1,85,70,1,1,1,6,LA HAUTE MARINIERE,46.69669,-1.72453
201400002366,29,12,14,21,5,85,70,2,1,4,1,11 RUE PASTEUR,46.69699,-1.75836
201400002367,22,6,14,17,1,85,172,1,1,1,5,LA MULLIERE,46.81405,-1.96857
201400002368,5,7,14,10,1,85,221,2,6,2,6,PLACE DE L'EGLISE,46.90244,-2.00074
201400002369,26,6,14,0,4,85,234,2,1,1,6,48 AVENUE VALENTIN,46.77682,-2.0523
201400002370,10,7,14,18,1,85,234,1,1,1,1,,46.76388,-2.03135
201400002371,29,7,14,18,1,85,164,2,1,1,1,,46.83961,-2.12522
201400002372,2,8,14,10,1,85,29,1,1,2,1,LES LAITERIES,46.99342,-1.96903
201400002373,2,8,14,14,1,85,172,1,1,1,1,,46.82371,-1.92768
201400002374,7,8,14,12,1,85,18,1,1,1,1,,46.9344,-2.0351
201400002375,8,8,14,14,1,85,29,1,1,3,7,LES TROIS ORMEAUX,46.95685,-2.01484
201400002376,18,8,14,14,1,85,234,2,1,1,1,103 avenue d'ourouet,46.78999,-2.03748
201400002377,22,8,14,17,1,85,234,2,1,1,1,RUE DE LA PAREE JESUS,46.79381,-2.07863
201400002378,27,8,14,19,1,85,234,2,7,8,6,PLACE DE L'EGLISE,46.79307,-2.0617
201400002379,14,9,14,0,3,85,284,1,1,1,3,MASSOTTE,46.80168,-1.88107
201400002380,27,9,14,10,1,85,234,1,1,1,3,LES ROSSIGNOLS,46.82901,-2.06138
201400002381,24,10,14,10,1,85,284,2,1,1,1,29 RUE DU MASSOTE,46.80102,-1.89354
201400002382,1,12,14,5,3,85,18,1,1,1,7,LES DOMETTES,46.89196,-2.03633
201400002383,15,12,14,13,1,85,18,1,1,1,3,L'AMPAN,46.88767,-2.07493
201400002384,15,12,14,15,1,85,234,1,1,1,3,ROUTE DU BOTH,46.80958,-2.05049
201400002385,17,12,14,23,3,85,172,1,1,8,7,ROUTE DU MAILLEAU,46.79718,-1.99319
201400002386,21,12,14,11,1,85,18,2,1,1,6,8RUE DE LA CROIX BLANCHE,46.91577,-2.0441
201400002387,26,1,14,5,4,85,288,2,1,1,6,1979 RUE DU PORT,46.44825,-1.62503
201400002388,1,2,14,19,5,85,4,2,1,1,1,ROUTE DE LA ROCHE S/ YON,46.41004,-1.39799
201400002389,13,2,14,15,1,85,288,2,1,2,1,RUE DES DAIMS,46.46399,-1.61434
201400002390,25,2,14,10,1,85,50,1,1,1,6,LA PETITE BRETONNIERE,46.49598,-1.31759
201400002391,7,3,14,20,3,85,26,1,1,1,3,LA POTERIE,46.56747,-1.47895
201400002392,22,4,14,22,3,85,294,1,1,1,2,,46.35909,-1.42203
201400002393,22,4,14,9,1,85,288,2,1,1,3,19 RUE DES MARAIS,46.46464,-1.6226
201400002394,15,5,14,16,1,85,288,1,1,1,1,,46.47562,-1.65404
201400002395,14,6,14,8,1,85,77,1,1,1,6,,46.45388,-1.30791
201400002396,26,6,14,19,1,85,114,1,1,1,1,LA DAVIERE,46.4338,-1.57805
201400002397,29,7,14,1,4,85,127,2,1,1,7,RUE D'ANGLES,46.38712,-1.46287
201400002398,14,10,14,19,2,85,26,1,1,1,5,LE POINT DU JOUR,46.55324,-1.42918
201400002399,19,10,14,9,1,85,288,2,1,7,6,485 RUE DES MARAIS,46.46535,-1.62799
201400002400,21,11,14,6,3,85,116,1,1,1,6,20 RUE DE LA NOZIERE,46.42899,-1.38434
201400002401,5,12,14,14,1,85,179,1,1,8,6,ROUTE DES COUDRES,46.53339,-1.51732
201400002402,29,12,14,14,1,85,114,1,1,1,3,L'ENVOISIERE,46.44419,-1.57948
201400002403,9,10,14,6,3,33,519,1,1,3,1,,0.0,0.0
201400002404,3,3,14,17,1,33,42,1,1,4,6,,0.0,0.0
201400002405,27,9,14,9,1,33,498,2,1,7,5,ROUTE DU CAPLANNE,0.0,0.0
201400002406,24,12,14,20,3,33,498,1,1,1,5,,44.579,-0.882
201400002407,7,2,14,12,1,33,555,2,1,1,1,31 rue Croix d'Hins,0.0,0.0
201400002408,17,3,14,11,1,33,19,2,1,1,6,31 all?e de Boissi?res,0.0,0.0
201400002409,17,6,14,14,1,33,284,1,1,1,1,,0.0,0.0
201400002410,17,8,14,23,3,33,51,1,1,1,6,,0.0,0.0
201400002411,22,8,14,20,1,33,555,2,1,1,6,AVENUE D AQUITAINE,0.0,0.0
201400002412,29,10,14,19,2,33,284,1,1,8,2,,0.0,0.0
201400002413,21,11,14,11,5,33,284,1,1,1,1,,0.0,0.0
201400002414,27,2,14,12,1,33,56,2,1,8,1,AVENUE DU XI NOVEMBRE,44.914,-0.622
201400002415,1,3,14,15,1,33,312,2,1,1,3,RUE DE SEGUR,0.0,0.0
201400002416,1,6,14,2,5,33,56,2,1,1,7,83 avenue du 11 novembre,0.0,0.0
201400002417,20,6,14,9,1,33,56,1,1,1,3,,0.0,0.0
201400002418,25,8,14,10,2,33,56,2,9,1,3,rue St Exup?ry,0.0,0.0
201400002419,17,11,14,18,5,33,56,2,1,3,3,CD 2 AVENUE DU GENERAL D,0.0,0.0
201400002420,4,4,14,15,1,33,11,2,1,1,3,,44.778,-1.136
201400002421,27,4,14,5,5,33,236,2,1,1,6,AV DU MONUMENT SALIENS,0.0,0.0
201400002422,26,7,14,11,1,33,236,2,1,1,6,route du cap ferret,0.0,0.0
201400002423,14,10,14,9,1,33,236,2,1,1,3,,0.0,0.0
201400002424,31,10,14,15,1,33,236,1,1,1,2,,0.0,0.0
201400002425,18,4,14,18,1,33,422,2,1,1,5,CD 106,0.0,0.0
201400002426,6,6,14,18,1,33,273,1,1,1,6,,0.0,0.0
201400002427,2,7,14,17,1,33,422,1,1,1,5,,0.0,0.0
201400002428,3,3,14,15,1,33,449,1,2,3,3,,0.0,0.0
201400002429,7,3,14,11,1,33,449,2,1,1,5,122 AVENUE MONTAIGNE,0.0,0.0
201400002430,11,4,14,10,1,33,449,1,1,1,3,,0.0,0.0
201400002431,14,5,14,19,1,33,449,2,1,1,3,2 avenue de berlincan,0.0,0.0
201400002432,1,6,14,18,1,33,449,2,1,1,6,Route de Corbiac,0.0,0.0
201400002433,16,6,14,7,1,33,449,2,1,1,6,AVENUE VOLTAIRE,0.0,0.0
201400002434,10,7,14,19,1,33,449,1,1,1,3,,0.0,0.0
201400002435,24,7,14,7,1,33,449,2,1,1,3,av Anatole France/Linas,0.0,0.0
201400002436,25,8,14,17,1,33,449,2,3,1,3,rue Jean Duperier,0.0,0.0
201400002437,13,9,14,4,5,33,449,2,6,1,6,rue Berlan/rue J.Jaur?s,0.0,0.0
201400002438,20,10,14,17,1,33,449,1,1,1,1,,0.0,0.0
201400002439,12,11,14,9,1,33,449,2,1,2,2,,0.0,0.0
201400002440,12,11,14,7,1,33,449,2,6,2,3,ROND POINT HASTIGNAN,0.0,0.0
201400002441,20,11,14,21,3,33,449,1,1,1,6,,0.0,0.0
201400002442,27,11,14,23,5,33,449,2,1,1,6,20 rue du perigord,0.0,0.0
201400002443,9,12,14,17,2,33,449,2,1,1,3,34 avenue Descartes,0.0,0.0
201400002444,6,3,14,20,3,33,101,1,1,1,6,,0.0,0.0
201400002445,14,3,14,18,1,33,101,1,1,1,1,,0.0,0.0
201400002446,5,9,14,7,1,33,100,1,2,1,3,,0.0,0.0
201400002447,1,11,14,6,3,33,47,1,1,1,5,,0.0,0.0
201400002448,8,11,14,17,1,33,280,1,2,1,3,,0.0,0.0
201400002449,15,2,14,11,1,33,341,2,1,2,6,LIEU DIT CASSILLAC,45.087,-0.479
201400002450,13,5,14,7,2,33,132,2,1,2,6,Route du lavoir,0.0,0.0
201400002451,14,6,14,23,5,33,341,2,2,1,3,Lieu dit Gravier RD 137,0.0,0.0
201400002452,27,7,14,0,3,33,182,2,1,1,6,Lieu dit Marmisson,0.0,0.0
201400002453,29,7,14,18,1,33,500,1,1,1,1,,0.0,0.0
201400002454,4,9,14,18,1,33,67,2,1,1,3,Chai de portier,0.0,0.0
201400002455,9,10,14,10,1,33,67,1,1,2,1,,0.0,0.0
201400002456,8,3,14,16,1,33,351,1,1,1,7,,0.0,0.0
201400002457,3,5,14,9,1,33,159,1,1,1,3,,0.0,0.0
201400002458,5,8,14,16,1,33,6,1,3,1,3,,0.0,0.0
201400002459,8,9,14,8,1,33,374,2,1,3,3,RD137 face champs aubier,0.0,0.0
201400002460,15,1,14,6,5,33,492,2,1,2,6,G?n?ral De Gaulle,0.0,0.0
201400002461,30,4,14,5,2,33,184,1,1,5,6,,0.0,0.0
201400002462,8,6,14,18,1,33,123,2,2,1,3,lieu dit les Courreaux,0.0,0.0
201400002463,4,7,14,20,1,33,266,1,1,1,3,,0.0,0.0
201400002464,13,9,14,19,1,33,266,2,1,1,3,MOULIN BORGNE,0.0,0.0
201400002465,9,11,14,19,5,33,492,2,1,1,1,45 g?n?ral de GAULLE,0.0,0.0
201400002466,14,12,14,3,5,33,433,2,1,1,7,route d'Yvrac,0.0,0.0
201400002467,24,1,14,19,3,33,483,1,1,2,1,,0.0,0.0
201400002468,16,7,14,0,5,33,397,2,1,1,7,avenue de l'Europe,0.0,0.0
201400002469,8,1,14,6,3,33,23,1,1,1,3,,44.699,-0.497
201400002470,11,1,14,15,1,33,454,2,2,1,3,lieu dit Peyron,0.0,0.0
201400002471,2,3,14,21,3,33,213,2,1,2,6,13 CHEMIN DE LA GIROTTE,0.0,0.0
201400002472,8,4,14,14,1,33,213,2,1,1,3,14 RUE CAPDEVILLE,0.0,0.0
201400002473,25,4,14,22,5,33,213,2,1,1,1,23 Avenue de la sauque,0.0,0.0
201400002474,25,7,14,15,1,33,37,1,1,1,6,,0.0,0.0
201400002475,22,12,14,0,5,33,37,2,1,1,2,9 RN 113,0.0,0.0
201400002476,24,1,14,11,1,33,140,1,1,2,7,,0.0,0.0
201400002477,15,3,14,15,1,33,505,1,1,1,2,,0.0,0.0
201400002478,30,4,14,15,1,33,201,1,1,1,7,,0.0,0.0
201400002479,9,8,14,17,1,33,311,2,1,1,6,AVENUE DU CHENE VERT,0.0,0.0
201400002480,17,8,14,7,2,33,140,2,1,1,6,AVENUE DE LA CROIX BLANC,0.0,0.0
201400002481,30,8,14,16,1,33,363,2,1,1,6,,0.0,0.0
201400002482,28,1,14,17,2,33,496,1,1,2,1,,0.0,0.0
201400002483,29,8,14,21,5,33,165,2,1,1,3,avenue Entre Deux Mers,0.0,0.0
201400002484,18,10,14,15,1,33,496,2,1,1,7,avenue du P?rigord,0.0,0.0
201400002485,22,6,14,6,2,33,274,1,1,1,6,,0.0,0.0
201400002486,12,7,14,16,1,33,238,2,3,1,3,Rue de la Ferme de Riche,0.0,0.0
201400002487,9,8,14,17,1,33,80,1,1,8,1,,0.0,0.0
201400002488,30,8,14,17,1,33,274,2,2,1,1,ROUTE DE TOUT VENT,0.0,0.0
201400002489,4,9,14,23,5,33,238,2,1,1,1,,0.0,0.0
201400002490,20,11,14,17,2,33,238,2,1,1,6,28 COURS GAMBETTA,0.0,0.0
201400002491,9,2,14,17,5,33,337,1,6,2,3,,44.559,-0.326
201400002492,5,3,14,12,1,33,30,1,1,1,5,,44.627,-0.328
201400002493,2,6,14,16,1,33,205,1,1,1,1,,0.0,0.0
201400002494,14,8,14,11,1,33,552,1,1,1,3,,0.0,0.0
201400002495,1,9,14,15,1,33,30,1,1,1,3,,0.0,0.0
201400002496,26,11,14,17,3,33,253,1,1,3,1,,0.0,0.0
201400002497,30,7,14,21,2,33,183,1,8,7,1,,0.0,0.0
201400002498,13,11,14,23,3,33,415,1,1,1,3,,0.0,0.0
201400002499,19,11,14,8,1,33,366,1,1,1,1,,0.0,0.0
201400002500,21,11,14,18,3,33,366,2,3,1,3,,0.0,0.0
201400002501,18,12,14,8,3,33,366,1,1,2,1,,0.0,0.0
201400002502,17,3,14,21,3,33,357,1,1,1,6,,0.0,0.0
201400002503,12,8,14,13,1,33,435,1,6,1,1,,0.0,0.0
201400002504,20,12,14,16,1,33,237,2,1,1,1,19 BIS ROUTE DE VILAN,44.507,-0.349
201400002505,29,12,14,18,3,33,435,1,6,8,3,,0.0,0.0
201400002506,19,3,14,23,1,33,36,2,1,1,6,avenue de la lib?ration,44.415,-0.112
201400002507,25,7,14,16,1,33,36,2,1,3,1,2 route de langon,0.0,0.0
201400002508,1,8,14,10,1,33,144,2,2,8,6,Le bourg,0.0,0.0
201400002509,26,10,14,20,3,33,36,1,2,1,3,,0.0,0.0
201400002510,9,4,14,8,1,33,136,1,1,1,3,,0.0,0.0
201400002511,2,10,14,18,1,33,316,1,1,1,7,,0.0,0.0
201400002512,18,1,14,11,1,33,254,1,2,1,3,,0.0,0.0
201400002513,18,5,14,22,5,40,94,2,1,1,6,Rue Fontaine Vieille,43.7546,5.88182
201400002514,30,4,14,18,1,33,352,2,1,1,6,avenue Jean Jaur?s,0.0,0.0
201400002515,2,5,14,18,1,33,352,2,1,1,6,avenue Jean Jaur?s,0.0,0.0