Num_Acc,jour,mois,an,hr,condition_eclairage,departement,commune,condition_agglomeration,intersection,condition_atmosphere,type_collision,adresse,lattitude,longitude
201400002516,26,6,14,7,1,33,352,2,9,1,3,D9e1,0.0,0.0
201400002517,29,6,14,17,1,33,50,1,1,1,6,,0.0,0.0
201400002518,20,10,14,7,3,33,169,1,1,5,3,,0.0,0.0
201400002519,23,11,14,11,1,33,72,1,2,1,3,,0.0,0.0
201400002520,9,12,14,16,1,33,352,1,2,1,3,,0.0,0.0
201400002521,9,4,14,9,1,33,536,1,1,1,1,,0.0,0.0
201400002522,21,9,14,7,2,33,429,1,1,1,1,,0.0,0.0
201400002523,22,12,14,15,1,33,310,1,1,1,6,,0.0,0.0
201400002524,29,3,14,16,1,33,175,1,1,1,7,,0.0,0.0
201400002525,11,5,14,16,1,33,129,1,1,1,3,,0.0,0.0
201400002526,30,4,14,8,1,33,482,1,1,2,3,,0.0,0.0
201400002527,30,6,14,23,3,33,299,2,1,1,6,1 LEU DIT GAILLOU,0.0,0.0
201400002528,10,8,14,16,1,33,358,2,1,1,1,19 RUE DE L'EGLISE,0.0,0.0
201400002529,29,8,14,16,1,33,131,1,1,1,6,,0.0,0.0
201400002530,1,9,14,15,1,33,506,2,1,1,6,boulevard du 11 novembre,0.0,0.0
201400002531,22,11,14,9,1,33,523,1,1,7,1,,0.0,0.0
201400002532,21,2,14,14,1,33,177,1,1,7,1,,0.0,0.0
201400002533,12,6,14,19,1,33,240,2,1,1,6,Rue Maurice REY,0.0,0.0
201400002534,26,6,14,13,1,33,412,1,1,1,3,,0.0,0.0
201400002535,2,7,14,19,1,33,300,1,1,1,3,,0.0,0.0
201400002536,15,7,14,14,1,33,493,2,1,1,6,RUE DE LOMENADE,0.0,0.0
201400002537,21,8,14,8,1,33,134,1,2,1,3,,0.0,0.0
201400002538,29,8,14,21,2,33,493,2,1,1,6,Rue de la Colonne,0.0,0.0
201400002539,2,8,14,19,1,33,300,2,1,1,5,2 route d'hourtin,0.0,0.0
201400002540,20,9,14,17,1,33,128,1,1,1,2,,0.0,0.0
201400002541,21,9,14,12,1,33,240,1,1,1,2,,0.0,0.0
201400002542,1,10,14,8,1,33,128,2,1,5,3,D 201 Les Trembleaux,0.0,0.0
201400002543,5,10,14,1,3,33,240,2,1,2,6,CD3e1 chemin C. Luceyran,0.0,0.0
201400002544,26,11,14,13,1,33,476,1,1,1,7,,0.0,0.0
201400002545,20,12,14,10,1,33,177,1,1,8,3,,0.0,0.0
201400002546,3,1,14,14,1,33,146,1,1,1,5,,0.0,0.0
201400002547,17,5,14,16,2,33,104,1,1,1,6,,0.0,0.0
201400002548,29,5,14,11,1,33,220,2,1,1,1,Route d?partementale D2,0.0,0.0
201400002549,18,9,14,4,3,33,417,1,1,8,1,,0.0,0.0
201400002550,19,10,14,19,1,33,417,1,1,1,5,,0.0,0.0
201400002551,15,11,14,11,1,33,297,2,1,8,7,rue de la fontaine,0.0,0.0
201400002552,10,12,14,2,3,33,22,1,1,1,6,,0.0,0.0
201400002553,30,12,14,10,1,33,248,1,1,1,1,,0.0,0.0
201400002554,14,2,14,19,1,33,322,1,1,2,3,,0.0,0.0
201400002555,2,5,14,17,1,33,91,1,1,1,3,,0.0,0.0
201400002556,14,10,14,17,1,33,517,2,1,1,1,route de bessans,0.0,0.0
201400002557,1,11,14,19,3,33,322,1,1,1,7,,0.0,0.0
201400002558,6,2,14,12,1,33,314,1,8,1,1,,0.0,0.0
201400002559,22,3,14,10,1,33,314,1,9,2,3,,0.0,0.0
201400002560,31,8,14,19,1,33,424,1,2,1,3,,0.0,0.0
201400002561,13,9,14,19,1,33,125,1,2,1,3,,0.0,0.0
201400002562,17,10,14,15,1,33,395,1,2,1,3,,0.0,0.0
201400002563,31,10,14,2,3,33,125,1,1,1,6,,0.0,0.0
201400002564,8,12,14,7,2,33,545,1,1,8,1,,0.0,0.0
201400002565,22,2,14,11,1,33,514,2,1,1,3,route de bordeaux,0.0,0.0
201400002566,28,6,14,18,1,33,193,1,1,1,1,,0.0,0.0
201400002567,17,9,14,13,1,33,514,2,1,1,3,rue de l'H?tel de Ville,0.0,0.0
201400002568,5,10,14,9,1,33,540,1,1,1,7,,0.0,0.0
201400002569,17,1,14,17,1,33,328,1,2,1,3,,0.0,0.0
201400002570,17,2,14,18,2,33,243,2,1,1,1,,0.0,0.0
201400002571,10,4,14,14,1,33,243,2,1,1,6,117 route de st ?milion,0.0,0.0
201400002572,10,9,14,23,4,33,243,2,1,1,1,78 route de St Emilion,0.0,0.0
201400002573,12,9,14,17,1,33,243,2,1,1,6,10 av Mar?chal Foch,0.0,0.0
201400002574,26,9,14,0,3,33,222,1,1,1,2,,0.0,0.0
201400002575,17,10,14,11,1,33,15,1,3,1,3,,0.0,0.0
201400002576,24,5,14,4,5,33,460,1,1,1,6,,0.0,0.0
201400002577,15,7,14,8,1,33,460,1,1,1,2,,0.0,0.0
201400002578,15,10,14,7,2,33,350,1,1,2,6,,0.0,0.0
201400002579,13,12,14,7,2,33,194,1,1,1,6,,0.0,0.0
201400002580,22,12,14,22,3,33,296,1,1,5,6,,0.0,0.0
201400002581,7,1,14,7,5,33,108,2,1,2,6,"0, place Pierre Orus",0.0,0.0
201400002582,28,1,14,18,5,33,437,2,1,3,2,AVENUE DU STADE,0.0,0.0
201400002583,30,5,14,14,1,33,546,1,1,1,1,,0.0,0.0
201400002584,10,6,14,17,1,33,14,1,1,1,1,,0.0,0.0
201400002585,27,6,14,14,1,33,394,1,1,1,1,,0.0,0.0
201400002586,8,2,14,18,5,33,478,2,1,3,6,88 RUE DE LA R2PUBLIQUE,0.0,0.0
201400002587,24,2,14,17,1,33,385,1,1,1,1,,0.0,0.0
201400002588,22,10,14,21,5,33,191,1,1,1,1,,0.0,0.0
201400002589,23,11,14,19,5,33,154,1,1,1,3,,0.0,0.0
201400002590,30,11,14,16,1,33,385,1,1,1,6,,0.0,0.0
201400002591,24,1,14,21,5,33,393,1,2,2,3,,0.0,0.0
201400002592,3,2,14,14,1,33,387,1,1,8,1,,0.0,0.0
201400002593,28,6,14,16,1,33,218,1,1,2,3,,45.077,-0.152
201400002594,21,11,14,19,5,33,393,2,6,1,6,Av du G?n?ral de Gaulle,0.0,0.0
201400002595,18,1,14,23,3,33,378,1,1,1,6,,0.0,0.0
201400002596,1,3,14,2,3,33,324,2,1,8,7,61 rue Jean Moulin,0.0,0.0
201400002597,28,10,14,12,1,33,324,2,1,1,1,RD 936,0.0,0.0
201400002598,27,12,14,11,1,33,462,1,1,1,6,,0.0,0.0
201400002599,12,2,14,10,1,33,179,1,1,1,3,,0.0,0.0
201400002600,17,4,14,7,1,33,414,1,1,1,2,,0.0,0.0
201400002601,23,5,14,10,1,33,317,1,1,1,7,,0.0,0.0
201400002602,20,6,14,14,1,33,179,1,1,1,1,,0.0,0.0
201400002603,2,7,14,17,1,33,219,1,1,1,3,,0.0,0.0
201400002604,25,8,14,10,1,33,548,1,1,1,7,,0.0,0.0
201400002605,18,10,14,17,1,33,317,1,1,1,1,,0.0,0.0
201400002606,20,1,14,11,1,24,571,2,9,1,6,parking intermarche D08,0.0,0.0
201400002607,13,3,14,7,3,24,26,1,1,1,6,LA RICHARDIE,45.1835,0.86564
201400002608,13,5,14,15,1,24,92,1,2,1,3,MONTFERRIER,44.9894,0.81501
201400002609,8,6,14,7,1,24,156,1,1,1,7,LES VERSANNES,45.082,0.86235
201400002610,24,6,14,14,1,24,26,2,2,1,3,FONT D'UZERCHE,45.1952,0.80867
201400002611,24,6,14,18,1,24,92,1,2,1,3,,44.9894,0.81501
201400002612,22,8,14,9,1,24,160,1,1,1,6,,45.082,0.73326
201400002613,27,5,14,17,1,24,64,1,2,8,3,,45.3692,0.63866
201400002614,6,6,14,18,1,24,111,1,1,1,1,SAINTE MARIE DES BOIS,45.4386,0.6606
201400002615,31,7,14,11,1,24,42,1,3,1,5,D939/D106,45.3044,0.6633
201400002616,24,9,14,11,1,24,579,1,1,1,6,,45.43268,0.48679
201400002617,19,10,14,22,3,24,111,1,1,1,6,BELLEVUE,45.4386,0.6606
201400002618,3,12,14,14,1,24,474,1,1,1,7,CHARTEAU,45.4029,0.65659
201400002619,4,1,14,23,3,24,108,1,1,1,7,,45.2077,0.6073
201400002620,23,2,14,17,1,24,350,1,1,1,6,ROUTE DE R?RIGUEUX,45.1708,0.60706
201400002621,20,3,14,16,1,24,372,2,1,1,3,LA BORIE,45.1481,0.53464
201400002622,4,6,14,8,1,24,266,1,1,3,6,LES BRANDES,45.2363,0.53803
201400002623,10,7,14,16,1,24,372,1,1,1,1,FONTANEAU,45.136,0.48803
201400002624,19,7,14,13,1,24,236,2,1,1,1,RUE DU PONT,45.1727,0.59239
201400002625,31,7,14,15,1,24,108,1,3,1,1,LA COUDE,45.2319,0.65475
201400002626,25,10,14,17,1,24,442,1,1,1,1,LA LANDE,45.107,0.50181
201400002627,14,11,14,11,1,24,266,1,1,3,1,LES PLANCHES,45.2345,0.54001
201400002628,17,12,14,17,2,24,372,1,2,3,5,JEVAH HAUT,45.1432,0.55744
201400002629,24,1,14,9,1,24,137,1,1,2,3,CHARDEUIL,45.3015,0.95713
201400002630,1,3,14,6,2,24,210,1,3,1,3,,45.2373,1.12632
201400002631,9,3,14,19,3,24,135,1,3,1,3,LE CHARETIER,45.2354,0.78514
201400002632,18,7,14,10,1,24,11,1,3,1,1,LAURIERE,45.2237,0.86243
201400002633,10,8,14,9,1,24,270,1,1,1,7,CHENEVRIERE,45.1225,0.94849
201400002634,17,10,14,21,3,24,11,1,1,1,6,CHAUVEYROU,45.2454,0.82221
201400002635,14,11,14,20,3,24,401,1,1,3,7,GREZEN,45.2378,1.01217
201400002636,20,11,14,17,2,24,448,2,1,1,6,,45.326,1.03241
201400002637,12,12,14,16,1,24,19,1,1,1,1,LA FONDELNAUD,45.1717,1.07312
201400002638,16,1,14,6,3,44,41,1,1,8,3,Tournebride,47.083,-1.572
201400002639,9,1,14,8,1,24,340,1,3,1,3,SIVADAT,44.8558,0.47803
201400002640,15,1,14,7,3,24,234,1,2,8,3,LE TILLER,44.9601,0.40947
201400002641,17,1,14,14,1,24,194,1,1,1,6,BRAILLAT,44.8378,0.31603
201400002642,10,3,14,9,1,24,233,1,2,1,6,LE PAS DE L'EYRAUD,44.929,0.43222
201400002643,8,4,14,17,1,24,211,1,1,1,6,LA VIGNE DE PEILLOU,45.0346,0.45908
201400002644,16,5,14,11,1,24,77,1,1,1,3,,44.9438,0.57002
201400002645,16,7,14,16,1,24,222,1,3,1,3,D32/D4E2,44.8547,0.37062
201400002646,9,8,14,8,1,24,340,1,1,1,3,ROUTE DES COMBES,44.8678,0.40151
201400002647,8,2,14,19,3,24,28,1,1,2,1,FALGUEYRET,44.7504,0.77495
201400002648,7,6,14,11,1,24,560,1,1,1,7,la salvagie,44.7988,0.94689
201400002649,6,3,14,5,5,24,382,1,1,1,6,,44.8444,0.64379
201400002650,26,10,14,12,1,24,167,2,1,1,6,33 BOULEVARD NATIONAL,44.6673,0.39888
201400002651,10,1,14,6,3,24,494,1,1,5,7,LE POTEAU DE GIAUD,44.956,0.14229
201400002652,2,4,14,3,3,24,264,1,1,1,7,LES CABANAUDS,44.9876,0.08566
201400002653,28,4,14,13,1,24,370,2,9,1,3,CHEMIN DES NOVETTES,44.8443,0.16204
201400002654,9,8,14,15,1,24,292,1,1,3,3,LE VALLADOUX,44.8888,0.08082
201400002655,17,10,14,12,1,24,461,1,1,1,1,,44.9366,0.18253
201400002656,18,10,14,16,1,24,297,1,9,1,2,,45.0113,0.06537
201400002657,14,11,14,15,1,24,189,1,1,2,3,LE LARDOT,44.8698,0.18571
201400002658,12,2,14,7,2,24,71,1,1,9,1,,45.6309,0.60571
201400002659,26,2,14,7,1,24,451,1,1,1,1,,45.5092,0.65291
201400002660,5,8,14,14,1,24,56,1,1,1,7,PAS BROUILLET,45.5613,0.64358
201400002661,17,9,14,18,1,24,498,1,1,1,1,VAURES,45.5518,0.87518
201400002662,23,12,14,14,1,24,311,2,1,1,6,PLACE AGARD,45.529,0.66221
201400002663,25,1,14,9,1,24,452,1,1,2,6,MOULIN DU CHAPT,45.3588,0.34923
201400002664,2,2,14,8,1,24,38,1,1,9,3,LA CHAPELLE SICAIRE,45.2967,0.35743
201400002665,27,2,14,15,1,24,460,1,1,1,6,LA PLAINE DES SPORTS,45.2479,0.41234
201400002666,19,3,14,16,1,24,564,1,2,1,3,NOTRE DAME DES CHAMPS,45.2239,0.28982
201400002667,29,3,14,14,1,24,371,2,4,1,1,LE BOURG,45.1859,0.49523
201400002668,11,6,14,7,1,24,154,1,4,1,3,LES PEYRONNIES,45.2472,0.45945
201400002669,21,6,14,9,1,24,154,2,1,1,1,LE BOURG,45.2493,0.42855
201400002670,12,7,14,23,3,24,114,1,2,1,3,D5/D43,45.2315,0.26324
201400002671,24,8,14,13,1,24,553,1,1,1,1,BONAS,45.2676,0.51903
201400002672,1,10,14,12,1,24,482,1,9,1,1,CHEZ RIGANAUD,45.3122,0.27286
201400002673,10,11,14,13,1,24,508,1,1,1,1,LE BOURG,45.2613,0.43662
201400002674,12,12,14,1,3,24,119,1,1,1,6,,45.3717,0.37649
201400002675,18,2,14,8,1,24,309,1,1,1,6,LE COMBALOU,45.089,0.48388
201400002676,20,2,14,17,1,24,294,1,1,1,6,JARAUTY,44.9903,0.16085
201400002677,26,4,14,16,1,24,299,1,3,3,3,,45.0383,0.36957
201400002678,16,8,14,9,1,24,444,1,4,1,3,D3/D3E10,45.0588,0.38114
201400002679,22,8,14,7,2,24,264,1,1,1,6,PLAISANCE,45.0128,0.08347
201400002680,10,9,14,19,1,24,294,1,1,7,7,BOUFFETIAS,45.037,0.20363
201400002681,23,11,14,12,1,24,329,2,1,1,7,RUE DE COLY,45.0138,0.07704
201400002682,17,1,14,19,3,24,376,2,1,1,6,RUE DU GENERAL LECLERC,45.2047,0.14022
201400002683,2,7,14,19,1,24,376,1,1,1,7,VIRAGE DE L'HOMME MORT,45.1764,0.11366
201400002684,31,7,14,15,1,24,354,1,3,1,2,BELLE FONT,45.139,-0.0027
201400002685,13,8,14,14,1,24,354,1,1,1,3,,45.1578,0.00309
201400002686,8,1,14,15,1,24,341,2,1,1,6,LE PECH ETERNEL,44.8942,1.23337
201400002687,8,5,14,17,1,24,366,2,4,1,3,ROUTE DE L'HOSTELLERIE,44.8954,1.18452
201400002688,31,5,14,11,1,24,516,2,1,1,7,AVENUE DE LA DORDOGNE,44.9728,1.32153
201400002689,20,7,14,17,1,24,82,1,1,2,1,,44.8408,1.27521
201400002690,5,9,14,17,1,24,74,1,1,1,7,PECH D'ESTEVE,44.8444,1.33504
201400002691,11,9,14,18,1,24,520,1,1,1,6,AVENUE DE LA DORDOGNE,44.8765,1.21335
201400002692,27,10,14,15,1,24,471,1,2,7,1,LESPINASSE,44.9076,1.26347
201400002693,17,11,14,16,2,24,366,1,1,2,6,BOIS DU PUYMARTIN,44.9124,1.14887
201400002694,19,5,14,11,1,24,547,2,1,1,3,AVENUE VICTOR HUGO,45.1302,1.29645
201400002695,6,3,14,12,1,24,360,2,1,1,6,FONGAUFFIER,44.7894,1.01155
201400002696,11,4,14,16,1,24,91,1,2,1,3,ROUTE DE BACCAS,44.7846,1.20597
201400002697,14,4,14,12,1,24,232,1,1,1,7,,44.621,1.04499
201400002698,8,5,14,17,1,24,386,1,1,1,5,ZONE D'ACTIVITE DE BEZET,44.6386,1.05913
201400002699,15,5,14,18,1,24,91,2,1,1,6,face magasin point vert,44.812,1.3
201400002700,8,6,14,10,1,24,91,1,1,1,1,,44.7976,1.19163
201400002701,22,6,14,10,1,24,207,1,1,1,6,,44.7994,1.30227
201400002702,6,2,14,16,1,24,67,1,1,8,1,LA BARDE,44.926,0.92955
201400002703,9,5,14,17,1,24,172,1,3,1,4,,44.9263,1.08072
201400002704,31,5,14,17,1,24,559,1,1,1,1,LE VIRAGE DE PELOU,44.9602,1.0436
201400002705,1,7,14,15,1,24,67,1,1,1,3,ROUTE DE CAMPAGNE,44.9052,0.9509
201400002706,14,9,14,8,1,24,67,1,1,1,6,LE MOULIN DE LADOUCH,44.9295,0.9233
201400002707,16,9,14,10,1,24,67,1,1,1,7,AVENUE DE LA GARE,44.91242,0.93583
201400002708,20,6,14,19,1,24,547,2,1,1,3,AVENUE JULES FERRY,45.1312,1.29624
201400002709,25,6,14,15,1,24,130,1,1,1,6,AVENUE DE COLY,45.12,1.22807
201400002710,11,10,14,19,2,24,291,1,3,1,3,,45.0809,1.16053
201400002711,16,2,14,21,3,40,250,1,1,1,6,,43.92447,-0.4394
201400002712,3,4,14,8,2,40,320,1,1,3,3,,43.9147,-0.53612
201400002713,13,4,14,20,1,40,250,1,1,1,1,,43.91925,-0.44965
201400002714,7,5,14,7,1,40,250,1,1,1,5,,43.92736,-0.43447
201400002715,22,7,14,0,3,40,164,1,1,1,6,,44.14241,-0.28849
201400002716,15,8,14,9,1,40,137,1,2,1,3,,43.96559,-0.31499
201400002717,31,8,14,6,3,40,234,1,1,1,6,,43.99937,-0.36424
201400002718,5,9,14,6,3,40,250,1,1,5,1,,43.92664,-0.43527
201400002719,9,10,14,23,3,40,62,1,1,3,7,,43.91585,-0.58042
201400002720,8,11,14,9,1,40,245,2,6,1,6,place gambetta,44.03415,-0.32169
201400002721,7,3,14,12,1,40,180,1,1,1,6,,43.85935,-0.71807
201400002722,24,9,14,15,1,40,309,1,1,1,3,,43.77635,-0.74149
201400002723,4,10,14,20,5,40,313,2,1,1,6,Cours saint jacques,43.83206,-0.80694
201400002724,1,11,14,11,1,40,313,1,1,1,1,,43.82804,-0.83067
201400002725,12,11,14,3,4,40,243,1,6,1,6,,43.90562,-0.90444
201400002726,9,12,14,9,1,40,230,1,8,7,1,,43.82336,-0.96816
201400002727,19,1,14,22,5,40,283,2,1,2,6,ROUTE DU MARENSIN,43.75219,-1.00788
201400002728,16,3,14,2,3,40,202,2,1,1,6,route du bois,43.68564,-1.01923
201400002729,17,5,14,19,1,40,202,2,1,1,2,route des pyrenees,43.69369,-1.01197
201400002730,17,5,14,18,1,40,277,1,1,1,1,,43.67346,-1.03531
201400002731,15,6,14,12,1,40,88,1,1,1,6,,43.78326,-1.11163
201400002732,26,6,14,5,2,40,123,1,1,1,5,,43.83351,-1.10246
201400002733,14,7,14,11,1,40,294,2,1,1,3,Avenue de la Republique,43.67349,-0.99114
201400002734,2,12,14,11,1,40,314,2,1,1,1,route des tucs,43.67414,-1.11393
201400002735,1,1,14,4,3,40,36,1,1,5,6,,43.62138,-1.38565
201400002736,20,3,14,17,1,40,304,2,1,1,6,Route des Lacs CD 652,43.66986,-1.39218
201400002737,5,4,14,5,5,40,65,2,1,1,6,av du Marechal Leclerc,43.65149,-1.43082
201400002738,7,5,14,14,1,40,4,1,1,1,7,,43.65785,-1.35569
201400002739,21,8,14,12,1,40,133,1,1,1,3,,43.59571,-1.42438
201400002740,18,10,14,18,1,40,65,2,3,1,3,RUE DE LA SAVANE,43.64919,-1.44318
201400002741,17,6,14,11,1,40,75,2,1,1,2,rond point de l'hort,43.86976,-1.13304
201400002742,7,8,14,10,1,40,150,2,2,1,3,469 route du puntaou,43.878,-1.30859
201400002743,13,8,14,13,1,40,157,1,1,1,3,,43.99257,-1.27305
201400002744,14,8,14,11,1,40,75,1,1,1,6,,43.84026,-1.10792
201400002745,29,1,14,20,3,40,249,1,1,3,5,,43.71973,-0.70088
201400002746,7,2,14,10,1,40,89,1,2,1,3,,43.68395,-0.6617
201400002747,9,5,14,15,1,40,126,1,1,1,3,,43.70537,-0.94849
201400002748,6,7,14,18,1,40,236,1,1,8,1,,43.70347,-0.87952
201400002749,25,7,14,12,1,40,69,1,1,1,2,,43.59778,-0.64466
201400002750,27,9,14,17,1,40,126,1,2,1,3,,43.70526,-0.94094
201400002751,12,11,14,15,1,40,228,2,1,1,1,,43.61725,-0.81304
201400002752,9,3,14,15,1,40,231,1,1,1,2,,43.56087,-1.19486
201400002753,2,4,14,8,1,40,199,2,1,1,6,360  ROUTE D'ORTHEZ,43.5883,-0.87814
201400002754,9,4,14,21,3,40,233,1,1,1,6,,43.61754,-0.99226
201400002755,16,4,14,22,3,40,306,1,1,1,6,,43.53622,-1.07402
201400002756,25,4,14,4,3,40,206,1,1,3,6,,43.53095,-1.10905
201400002757,21,5,14,18,1,40,306,2,1,1,6,rue darre lavielle,43.53022,-1.05481
201400002758,28,5,14,15,1,40,269,1,1,2,1,,43.62687,-1.11212
201400002759,28,5,14,16,1,40,269,1,1,2,1,,43.63649,-1.10466
201400002760,29,5,14,5,3,40,183,1,1,1,6,,43.66816,-0.96701
201400002761,1,6,14,23,3,40,183,1,1,1,3,CD 947 / ROUTE DU MOULIO,43.63498,-0.9354
201400002762,10,6,14,17,1,40,233,2,1,1,3,route de Misson,43.60045,-0.98967
201400002763,15,6,14,13,1,40,306,1,1,1,1,,43.53695,-1.0758
201400002764,20,6,14,9,1,40,212,2,1,7,3,,43.55747,-1.14598
201400002765,18,12,14,8,2,40,186,1,1,2,7,,43.58124,-0.96469
201400002766,22,2,14,4,3,40,261,1,1,1,6,,43.68219,-1.24426
201400002767,16,8,14,11,1,40,261,2,1,1,6,19 route de Dax,43.68802,-1.22652
201400002768,19,9,14,2,3,40,310,1,9,1,6,,43.71787,-1.34634
201400002769,21,10,14,19,3,40,284,1,1,1,3,,43.65359,-1.3105
201400002770,27,10,14,12,1,40,284,2,1,1,3,CD810,43.65655,-1.31368
201400002771,31,10,14,18,3,40,310,1,1,1,6,,43.76953,-1.39212
201400002772,16,2,14,5,3,40,312,2,1,1,6,RD 810,43.54789,-1.46094
201400002773,23,2,14,11,1,40,271,1,1,1,3,,43.57128,-1.20941
201400002774,10,3,14,8,1,40,312,2,1,7,6,,43.55299,-1.45799
201400002775,7,8,14,7,1,40,312,2,1,1,7,avenue du 1er mai,43.53446,-1.49471
201400002776,22,8,14,7,2,40,209,2,1,1,6,1290 Avenue du 8 Mai 194,43.55493,-1.43516
201400002777,3,9,14,18,1,40,312,2,1,1,1,RUE ELSA TRIOLET,43.54946,-1.48803
201400002778,1,10,14,7,2,40,312,2,1,1,3,RD 817,43.51755,-1.42743
201400002779,7,10,14,18,1,40,312,2,1,1,3,boulevard jacques duclos,43.5299,-1.46222
201400002780,31,10,14,15,1,40,209,2,1,1,5,1819 avenue du 11 r,43.56484,-1.46581
201400002781,15,1,14,19,5,40,332,2,1,1,3,30 rue Felix Arnaudin,44.32804,-0.95517
201400002782,17,3,14,14,1,40,217,2,9,1,3,Rue du chateau d'eau,44.34588,-1.07076
201400002783,27,3,14,8,1,40,46,1,1,8,5,,44.19936,-1.2016
201400002784,18,4,14,17,1,40,46,1,3,1,3,,44.42522,-1.1625
201400002785,30,4,14,20,1,40,46,1,1,1,1,,44.42191,-1.20649
201400002786,26,5,14,14,1,40,46,1,1,1,1,,44.43353,-1.13118
201400002787,22,10,14,20,3,40,46,1,1,1,1,,44.42169,-1.20519
201400002788,20,7,14,4,3,40,94,2,1,8,6,,44.17443,-1.0412
201400002789,4,9,14,6,2,40,163,1,1,5,1,,44.26247,-0.99227
201400002790,17,6,14,20,1,40,307,1,1,1,6,,44.32523,-0.60501
201400002791,8,8,14,18,1,40,227,1,1,8,6,,44.27736,-0.76517
201400002792,1,8,14,19,1,40,295,1,1,1,2,,44.3867,0.91093
201400002793,19,9,14,13,1,40,227,1,1,1,6,,44.26456,-0.81202
201400002794,16,10,14,17,1,40,307,1,3,1,3,,44.3074,-0.58969
201400002795,15,12,14,18,3,40,319,1,1,1,3,,44.2627,-0.7626
201400002796,19,12,14,21,3,40,227,1,2,2,3,,44.29467,-0.78827
201400002797,12,6,14,8,1,40,184,1,2,1,3,,44.1807,-1.17237
201400002798,9,8,14,11,1,40,229,1,1,2,1,,44.23739,-1.09005
201400002799,18,8,14,14,1,40,182,1,2,1,3,,44.08796,-1.15425
201400002800,25,12,14,6,5,40,184,2,1,1,2,Avenue de la plage,44.21095,-1.25837
201400002801,27,6,14,23,3,40,282,1,1,1,6,,43.74224,-0.55952
201400002802,4,10,14,17,1,40,188,2,1,1,3,route d'Hagetmau,43.61997,-0.63126
201400002803,22,3,14,11,1,40,1,2,1,1,6,Avenue de verdun,43.70086,-0.26413
201400002804,14,6,14,5,2,40,80,1,1,1,1,,43.75026,-0.31606
201400002805,21,6,14,7,1,40,275,1,1,1,6,,43.80758,-0.4541
201400002806,24,6,14,16,1,40,25,2,7,1,1,place Jean Jaures,43.82195,-0.41998
201400002807,9,10,14,19,3,40,110,2,7,2,6,place l'H?tel de ville,43.64026,-0.37839
201400002808,20,10,14,6,3,40,286,1,1,1,3,,43.61843,-0.45803
201400002809,26,10,14,19,3,40,117,1,1,1,6,,43.7722,-0.4234
201400002810,30,11,14,6,3,40,55,1,1,1,3,,43.84949,-0.47822
201400002811,25,9,14,12,1,40,172,1,1,1,1,,43.58654,-0.53574
201400002812,24,3,14,16,1,40,161,1,1,2,6,,44.09318,-0.02007
201400002813,6,5,14,12,1,40,131,1,1,1,7,,43.94839,-0.15209
201400002814,17,7,14,21,1,40,96,1,1,1,6,,44.02617,-0.1352
201400002815,28,8,14,13,1,40,267,1,1,1,6,,44.01409,-0.26646
201400002816,2,10,14,13,1,40,137,1,3,1,3,,43.96556,-0.31494
201400002817,24,10,14,15,1,40,331,2,1,7,1,chemin de la cote rouge,43.88184,-0.31418
201400002818,8,1,14,8,1,47,91,2,3,1,1,PLACE DE LA MAIRIE,44.1687,0.57709
201400002819,11,1,14,18,4,47,225,2,1,1,1,Parking Intermarch?,0.0,0.0
201400002820,22,1,14,8,1,47,40,2,3,2,3,avenue Des Landes,0.0,0.0
201400002821,21,2,14,20,3,47,145,1,1,2,1,,0.0,0.0
201400002822,2,3,14,14,1,47,69,1,1,1,4,,44.22,0.601
201400002823,13,4,14,16,1,47,145,1,1,1,1,,44.1279,0.65955
201400002824,14,4,14,14,1,47,19,1,3,1,3,,44.239,0.70028
201400002825,7,5,14,14,1,47,69,2,1,1,3,D107/ROUTE SANS NOM,44.2346,0.54786
201400002826,10,5,14,12,1,47,225,2,1,1,1,38 Rue de Sartre,0.0,0.0
201400002827,12,5,14,16,1,47,91,1,3,1,3,,44.1823,0.57291
201400002828,23,5,14,16,1,47,100,1,1,1,1,,44.2388,0.63896
201400002829,26,5,14,13,1,47,209,1,1,1,1,,44.2175,0.65709
201400002830,5,7,14,9,1,47,91,1,1,1,3,,44.1632,0.57898
201400002831,25,10,14,0,3,47,137,1,1,1,7,,44.1501,0.52215