Num_Acc,jour,mois,an,hr,condition_eclairage,departement,commune,condition_agglomeration,intersection,condition_atmosphere,type_collision,adresse,lattitude,longitude
201400002832,28,10,14,18,3,47,145,1,3,1,1,,0.0,0.0
201400002833,20,3,14,7,2,47,276,1,3,1,1,,0.0,0.0
201400002834,7,8,14,10,1,47,154,1,1,8,3,,44.2549,0.54788
201400002835,2,10,14,14,1,47,4,1,1,1,1,,44.2988,0.34266
201400002836,5,11,14,18,5,47,210,1,9,1,1,,0.0,0.0
201400002837,22,11,14,17,1,47,4,1,1,1,6,,44.307,0.34209
201400002838,22,8,14,15,1,47,217,1,1,1,7,,44.189,0.79346
201400002839,22,8,14,18,1,47,87,1,1,1,7,,44.2573,0.92278
201400002840,5,9,14,15,1,47,51,2,6,1,2,rond point de siailles,44.184,0.676
201400002841,14,9,14,13,1,47,273,1,1,1,6,LIEU-DIT LE ROCAL,0.0,0.0
201400002842,27,10,14,18,2,47,274,1,4,1,3,,44.1615,0.78214
201400002843,8,11,14,17,2,47,248,1,1,1,3,,44.1577,0.72671
201400002844,4,1,14,17,2,47,157,1,2,8,3,,44.5112,0.20039
201400002845,24,1,14,10,1,47,157,1,1,3,1,,0.0,0.0
201400002846,6,3,14,17,1,47,157,2,1,1,3,boulevard meyniel,0.0,0.0
201400002847,16,3,14,20,3,47,28,1,3,1,7,,0.0,0.0
201400002848,28,3,14,17,1,47,157,1,1,1,3,,0.0,0.0
201400002849,5,4,14,11,1,47,157,1,2,1,3,,44.5041,0.15228
201400002850,18,4,14,12,1,47,157,2,1,1,6,,44.5021,0.15662
201400002851,8,5,14,10,1,47,28,1,1,1,2,,0.0,0.0
201400002852,4,6,14,14,1,47,24,1,1,1,3,COTES DU FORGERON,44.5281,0.14704
201400002853,6,6,14,15,1,47,157,2,1,1,6,AVENUE MAR?CHAL JOFFRE,44.4963,0.17337
201400002854,6,7,14,11,1,47,157,1,1,1,3,A.CONDORCET/A.G.BRASSENS,44.5167,0.18214
201400002855,10,12,14,8,2,47,157,2,9,1,3,BUZET,44.5281,0.15753
201400002856,13,12,14,18,3,47,157,1,2,2,3,,0.0,0.0
201400002857,7,4,14,18,1,47,226,1,1,1,1,,0.0,0.0
201400002858,18,4,14,10,1,47,168,1,2,1,3,,44.605,0.34657
201400002859,9,1,14,13,1,47,165,1,2,1,3,,0.0,0.0
201400002860,7,9,14,9,1,47,68,1,1,1,7,,0.0,0.0
201400002861,8,10,14,19,3,47,121,1,1,1,2,LDT LES GRAVILLONS,44.35,0.10731
201400002862,10,12,14,18,3,47,34,1,1,2,3,,44.411,0.126
201400002863,12,12,14,19,3,47,156,1,1,1,7,LDT LUCMAJOU,44.4991,0.08621
201400002864,5,1,14,1,3,47,95,1,1,2,6,,0.0,0.0
201400002865,8,5,14,11,1,47,112,1,1,1,7,,44.413,0.38781
201400002866,25,5,14,11,1,47,310,1,1,1,6,,44.3735,0.31874
201400002867,28,5,14,19,1,47,310,1,1,1,6,AYET,44.3472,0.31973
201400002868,9,6,14,11,1,47,316,1,3,1,3,,44.4243,0.34652
201400002869,30,6,14,2,3,47,325,2,1,1,6,PONT DU CANAL,44.3622,0.27185
201400002870,22,7,14,7,1,47,42,1,1,1,6,,44.4387,0.48304
201400002871,15,8,14,15,1,47,65,1,1,1,6,,44.389,0.307
201400002872,19,10,14,9,1,47,101,1,1,1,6,,44.455,0.14981
201400002873,3,11,14,17,2,47,298,1,1,2,7,,44.418,0.22916
201400002874,4,11,14,10,2,47,310,2,3,2,1,,44.406,0.32508
201400002875,25,11,14,10,1,47,4,1,1,2,7,,44.3213,0.35155
201400002876,16,4,14,11,1,47,52,2,2,1,3,"""LA CARDINE""",44.3075,0.09423
201400002877,10,5,14,11,1,47,205,1,1,1,2,,0.0,0.0
201400002878,13,5,14,16,1,47,85,2,1,8,3,LE BOURG,44.1652,0.15625
201400002879,20,11,14,13,1,47,78,1,3,1,3,,44.2903,0.28486
201400002880,6,6,14,14,1,47,228,1,6,1,7,,44.3337,0.7163
201400002881,9,6,14,15,1,47,280,1,1,1,5,LIEU-DIT RIGOULI?RES,44.415,0.83423
201400002882,29,6,14,7,1,47,280,1,1,1,6,LIEU-DIT BONGRAT,44.4216,0.83195
201400002883,10,2,14,9,1,47,299,1,1,8,7,,0.0,0.0
201400002884,30,3,14,15,1,47,193,1,1,8,7,,0.0,0.0
201400002885,10,6,14,14,1,47,55,2,1,1,3,RN21,44.4966,0.66823
201400002886,15,12,14,15,1,47,57,2,1,1,3,AVENUE DE L'HIRONDELLE,44.6519,0.59057
201400002887,31,1,14,17,1,47,77,1,2,8,3,,44.5417,0.91934
201400002888,6,3,14,17,1,47,106,1,2,1,3,,0.0,0.0
201400002889,11,5,14,18,1,47,77,1,1,1,6,,44.5303,0.92976
201400002890,11,7,14,14,1,47,185,1,1,2,1,,44.4636,0.95365
201400002891,10,5,14,10,1,47,252,1,1,1,7,LDT PORTELY,44.4312,0.62252
201400002892,10,5,14,13,1,47,81,1,1,1,1,,44.3604,0.59206
201400002893,26,6,14,15,1,47,81,1,1,1,1,LIEU-DIT LES BOUSIGUES,44.357,0.598
201400002894,22,7,14,21,3,47,306,1,1,1,1,LIEU_DIT GAZAT,0.0,0.0
201400002895,16,8,14,6,2,47,306,1,1,1,6,,44.39,0.547
201400002896,1,3,14,12,1,64,315,1,6,8,3,,43.301,-0.418
201400002897,11,3,14,18,1,64,72,1,1,1,7,,43.264,-0.476
201400002898,10,5,14,16,1,64,230,1,1,1,7,,43.232,-0.381
201400002899,24,5,14,18,1,64,230,1,1,1,3,,0.0,0.0
201400002900,18,6,14,19,1,64,324,1,1,1,7,,43.225,-0.512
201400002901,5,2,14,20,4,64,329,2,1,1,2,CD817/CD613,0.0,0.0
201400002902,8,5,14,23,3,64,152,2,1,1,6,CHEMIN DIT PETIT,0.0,0.0
201400002903,16,5,14,16,1,64,405,1,1,1,6,,0.0,0.0
201400002904,13,6,14,8,1,64,526,1,8,1,6,45 avenue LASBORDES,43.27,-0.189
201400002905,17,7,14,18,1,64,372,1,2,7,3,,0.0,0.0
201400002906,1,9,14,16,1,64,405,1,1,7,6,,0.0,0.0
201400002907,19,12,14,3,3,64,60,1,6,2,6,,0.0,0.0
201400002908,9,1,14,8,1,64,54,1,1,1,6,,0.0,0.0
201400002909,4,2,14,7,2,64,191,1,1,9,3,,0.0,0.0
201400002910,11,4,14,16,1,64,339,2,1,1,6,ROUTE DE LOURDES,43.128,-0.206
201400002911,11,5,14,18,1,64,23,1,1,1,3,,0.0,0.0
201400002912,26,5,14,16,1,64,444,1,1,1,6,,0.0,0.0
201400002913,6,6,14,15,1,64,101,2,1,1,6,CD 937,0.0,0.0
201400002914,12,6,14,8,1,64,138,1,1,1,6,,43.251,-0.254
201400002915,14,6,14,8,1,64,68,1,1,1,1,,43.123,-0.255
201400002916,11,7,14,16,1,64,453,1,1,1,6,,43.224,-0.103
201400002917,5,8,14,16,1,64,23,1,2,1,1,,43.233,-0.237
201400002918,29,10,14,11,1,64,138,2,1,1,6,ROUTE DE LOURDES,0.0,0.0
201400002919,5,12,14,17,2,64,191,2,1,2,1,RUE JOLIOT CURIE,43.1739,-0.22983
201400002920,5,9,14,14,1,64,417,2,1,1,3,place marcadieu,43.184,-0.264
201400002921,6,11,14,9,1,64,389,1,1,1,1,,43.416,-0.201
201400002922,1,3,14,20,3,64,455,1,1,1,6,,0.0,0.0
201400002923,22,5,14,12,1,64,234,1,1,1,1,,0.0,0.0
201400002924,2,6,14,17,1,64,74,1,1,1,3,,43.57519,-0.13943
201400002925,4,8,14,10,1,64,233,1,6,2,1,,43.582,-0.278
201400002926,21,9,14,1,3,64,233,1,6,1,6,,0.0,0.0
201400002927,3,11,14,8,2,64,63,2,1,7,6,48 PL DE LA REPUBLIQUE,43.539,-0.411
201400002928,28,1,14,13,1,64,304,1,1,1,1,D261/D312,43.495,-1.422
201400002929,11,2,14,8,1,64,496,2,1,1,1,CD 22 route des cimes,0.0,0.0
201400002930,7,4,14,15,1,64,540,1,1,1,7,,0.0,0.0
201400002931,25,8,14,19,1,64,102,2,1,1,2,CD 257,0.0,0.0
201400002932,20,10,14,21,5,64,496,2,1,1,3,ROUTE DES CIMES,43.468,-1.443
201400002933,18,11,14,8,1,64,304,2,1,1,3,CD 261,0.0,0.0
201400002934,19,11,14,7,3,64,496,1,3,1,1,RD 936,43.46389,-1.42211
201400002935,28,2,14,9,1,64,94,1,1,3,6,,0.0,0.0
201400002936,3,3,14,22,3,64,256,1,1,3,6,,0.0,0.0
201400002937,6,4,14,15,1,64,86,1,1,1,3,,0.0,0.0
201400002938,20,4,14,12,1,64,256,1,1,8,3,,0.0,0.0
201400002939,24,4,14,11,1,64,256,1,1,8,7,,0.0,0.0
201400002940,24,4,14,15,1,64,250,1,1,1,6,,0.0,0.0
201400002941,11,5,14,6,2,64,289,2,1,2,6,CD 10 ROUTE DE BARDOS,0.0,0.0
201400002942,11,5,14,14,1,64,147,1,1,1,3,,43.455,-1.335
201400002943,27,5,14,18,1,64,134,1,1,1,1,,0.0,0.0
201400002944,12,6,14,8,1,64,147,2,1,1,6,,43.463,-1.336
201400002945,14,6,14,9,1,64,256,2,1,1,6,Rue Dibildos,43.388,-1.31
201400002946,19,7,14,6,2,64,377,1,1,1,6,,0.0,0.0
201400002947,13,9,14,17,1,64,256,2,1,1,7,RD 76 - DOMAINE PASTORAL,0.0,0.0
201400002948,13,9,14,10,1,64,86,2,1,7,7,RD 251,0.0,0.0
201400002949,28,9,14,21,4,64,161,2,1,1,7,RD 936,0.0,0.0
201400002950,9,10,14,8,1,64,147,1,1,2,1,,0.0,0.0
201400002951,9,10,14,21,4,64,161,1,5,3,3,,0.0,0.0
201400002952,12,11,14,16,1,64,123,1,1,1,1,,0.0,0.0
201400002953,14,12,14,8,2,64,256,1,1,8,1,,0.0,0.0
201400002954,2,4,14,10,1,64,65,1,1,1,3,,43.366,-1.636
201400002955,5,6,14,15,1,64,495,1,1,1,6,,43.369,-1.599
201400002956,21,7,14,10,1,64,495,1,1,8,1,,43.381,-1.595
201400002957,2,8,14,13,1,64,504,1,1,1,6,,43.315,-1.549
201400002958,22,9,14,22,5,64,495,1,6,1,3,,43.348,-1.527
201400002959,23,9,14,14,1,64,483,1,1,1,1,,43.406,-1.597
201400002960,25,10,14,23,3,64,65,1,1,1,7,RD 4,0.0,0.0
201400002961,1,12,14,17,5,64,495,2,1,3,6,CARREFOUR D3 ARTO LANDA,0.0,0.0
201400002962,9,12,14,10,1,64,495,1,1,9,1,,43.4,-1.53
201400002963,16,2,14,11,1,64,160,2,9,1,6,PARKING LABORDE,0.0,0.0
201400002964,23,2,14,6,2,64,350,1,1,1,1,,0.0,0.0
201400002965,17,4,14,18,1,64,213,1,1,1,3,,0.0,0.0
201400002966,20,7,14,2,3,64,547,2,1,1,6,route de Xopolo,0.0,0.0
201400002967,28,8,14,17,1,64,14,1,1,1,4,,43.302,-1.507
201400002968,9,9,14,8,1,64,547,2,1,1,2,RD 932,43.397,-1.455
201400002969,14,9,14,12,1,64,213,1,1,2,1,,0.0,0.0
201400002970,16,9,14,23,3,64,160,1,1,2,1,,0.0,0.0
201400002971,14,10,14,18,1,64,547,2,1,1,1,RD 932   PK 12800,43.394,-1.453
201400002972,25,10,14,16,1,64,350,1,1,1,3,,43.317,-1.35
201400002973,30,11,14,15,1,64,14,1,1,2,5,,0.0,0.0
201400002974,3,12,14,18,5,64,160,1,1,8,6,,43.364,-1.399
201400002975,5,12,14,16,1,64,213,1,1,2,6,,43.337,-1.462
201400002976,6,12,14,13,1,64,527,1,1,1,1,,43.327,-1.48
201400002977,8,1,14,18,5,64,371,2,1,1,6,3 rue du jeu de paume,0.0,0.0
201400002978,15,5,14,9,1,64,424,1,1,7,1,,43.18,-0.956
201400002979,30,6,14,8,1,64,371,1,1,1,1,,0.0,0.0
201400002980,29,7,14,10,1,64,214,2,1,1,7,,43.269,-0.879
201400002981,5,4,14,14,1,64,485,1,1,1,6,,0.0,0.0
201400002982,7,7,14,8,1,64,477,1,9,8,1,,0.0,0.0
201400002983,12,7,14,12,1,64,297,1,1,2,1,,43.187,-1.172
201400002984,21,9,14,18,1,64,124,1,9,1,3,,43.276,-1.346
201400002985,17,10,14,2,3,64,124,1,1,1,6,,43.29,-1.35
201400002986,23,12,14,9,1,64,485,2,1,7,6,RD 918 ROUTE D'HUART,43.168,-1.237
201400002987,26,12,14,16,1,64,26,1,1,2,6,ERRATXUENEA,43.1285,-1.29682
201400002988,10,3,14,18,1,64,436,1,1,1,6,,0.0,0.0
201400002989,21,3,14,16,1,64,10,2,1,1,3,,0.0,0.0
201400002990,26,5,14,17,1,64,368,1,1,8,1,,0.0,0.0
201400002991,8,6,14,8,1,64,106,1,1,1,2,,43.317,-1.01
201400002992,11,6,14,15,1,64,51,1,1,1,1,,43.396,-1.098
201400002993,13,7,14,5,3,64,362,1,1,1,7,,0.0,0.0
201400002994,12,9,14,16,1,64,487,1,1,1,7,,0.0,0.0
201400002995,13,9,14,9,1,64,10,2,1,1,7,CD 29 PK 1+950,0.0,0.0
201400002996,19,9,14,9,1,64,493,2,1,1,7,Avenue de Navarre,43.323,-1.026
201400002997,22,10,14,16,1,64,319,1,1,1,6,,0.0,0.0
201400002998,24,10,14,12,1,64,437,1,1,1,3,,0.0,0.0
201400002999,9,12,14,16,2,64,437,1,1,1,3,,0.0,0.0
201400003000,4,3,14,17,1,64,422,2,1,3,3,RUE JACQUES DUFILHO,0.0,0.0
201400003001,13,4,14,17,1,64,421,1,1,1,6,,0.0,0.0
201400003002,19,6,14,22,3,64,224,1,1,1,6,,0.0,0.0
201400003003,27,6,14,17,1,64,7,2,1,1,3,rue du binet,43.163,-0.617
201400003004,15,7,14,14,1,64,422,2,1,1,3,boulevard aragon,0.0,0.0
201400003005,6,9,14,22,5,64,245,2,1,1,7,rue de l'enfant,43.206,-0.597
201400003006,12,9,14,10,1,64,422,2,1,7,6,Place Gambetta,0.0,0.0
201400003007,27,9,14,16,1,64,422,2,1,1,2,AV DE LATTRE DE TASSIGNY,0.0,0.0
201400003008,13,10,14,9,1,64,421,1,1,1,6,,0.0,0.0
201400003009,25,10,14,15,1,64,422,2,1,1,6,rue camou,0.0,0.0
201400003010,8,11,14,9,1,64,422,2,6,1,3,ROND POINT PETILLON,43.192,-0.611
201400003011,12,6,14,8,1,64,310,1,1,1,7,,0.0,0.0
201400003012,3,10,14,0,3,64,40,1,1,1,7,,43.087,-0.724
201400003013,11,10,14,19,5,64,310,2,1,1,6,place du fronton,43.117,-0.766
201400003014,20,10,14,9,1,64,506,1,1,1,7,,0.0,0.0
201400003015,3,1,14,10,1,64,320,1,1,2,6,,0.0,0.0
201400003016,18,7,14,15,1,64,204,1,1,1,1,,42.967,-0.347
201400003017,9,9,14,17,1,64,522,1,1,1,1,,43.162,-0.402
201400003018,29,4,14,13,1,64,443,1,9,1,1,,0.0,0.0
201400003019,24,5,14,12,1,64,359,1,1,1,1,,0.0,0.0
201400003020,24,5,14,6,2,64,443,1,1,1,6,,0.0,0.0
201400003021,22,7,14,10,1,64,149,1,1,1,7,,43.389,-0.737
201400003022,29,10,14,17,2,64,530,2,1,1,2,RD 936,0.0,0.0
201400003023,16,1,14,18,2,64,430,1,1,1,6,,43.456,-0.793
201400003024,28,5,14,19,1,64,430,2,2,1,3,03 AVENUE DE PROVENCE,0.0,0.0
201400003025,7,9,14,18,1,64,430,2,3,1,1,Carr Ch ECOLE-LARROQUE,0.0,0.0
201400003026,12,9,14,8,2,64,430,1,1,5,2,,43.816,-0.361
201400003027,4,12,14,9,1,64,430,2,1,5,1,RD 817,0.0,0.0
201400003028,8,1,14,14,1,64,82,1,1,1,3,,43.463,-1.014
201400003029,31,5,14,15,1,64,499,1,1,1,1,,0.0,0.0
201400003030,26,8,14,14,1,64,461,2,1,1,7,RD.817,0.0,0.0
201400003031,26,12,14,8,1,64,499,1,1,1,3,RD 933 ROUTE D'ORTHEZ,0.0,0.0
201400003032,30,1,14,6,3,86,163,1,1,1,6,,0.0,0.0
201400003033,11,5,14,8,1,86,163,1,1,1,7,,0.0,0.0
201400003034,17,7,14,9,1,86,115,2,1,1,2,avenue de paris,0.0,0.0
201400003035,15,7,14,1,3,86,95,2,1,1,6,,0.0,0.0
201400003036,10,9,14,11,1,86,222,1,2,1,3,Rt frouzille / Rt Fontai,46.65515,0.41691
201400003037,16,10,14,17,1,86,163,1,1,2,5,,0.0,0.0
201400003038,16,2,14,17,1,86,293,1,1,1,7,,0.0,0.0
201400003039,9,5,14,17,1,86,293,2,1,1,3,57 GRAND RUE,0.0,0.0
201400003040,15,8,14,23,3,86,139,1,1,8,2,,0.0,0.0
201400003041,14,10,14,17,1,86,293,1,1,1,1,le Recloux desenclavemen,0.0,0.0
201400003042,13,9,14,13,1,86,60,1,1,1,7,,0.0,0.0
201400003043,3,10,14,10,1,86,292,1,1,1,3,,46.676,7.169
201400003044,12,2,14,22,3,86,284,1,1,8,7,,0.0,0.0
201400003045,22,3,14,18,1,86,141,1,1,8,6,,0.0,0.0
201400003046,12,5,14,11,1,86,263,2,1,1,6,12 route d andillé,0.0,0.0
201400003047,8,6,14,16,1,86,180,1,1,1,7,,0.0,0.0
201400003048,11,8,14,1,3,86,178,1,1,1,6,,0.0,0.0
201400003049,26,9,14,14,1,86,52,1,1,1,6,,0.0,0.0
201400003050,2,4,14,10,1,86,294,1,1,1,3,,46.622,0.159
201400003051,11,4,14,17,1,86,56,1,1,1,7,,46.549,0.118
201400003052,25,5,14,11,1,86,100,1,1,1,6,,46.541,0.283
201400003053,20,6,14,7,1,86,74,2,1,1,1,R.D62,0.0,0.0
201400003054,12,7,14,0,3,86,100,1,1,1,6,,46.549,0.257
201400003055,17,8,14,13,1,86,294,1,2,1,3,,46.58512,0.11045
201400003056,17,10,14,7,3,86,76,1,1,8,1,,46.639,0.228
201400003057,8,6,14,18,1,86,19,2,1,1,6,RD82,0.0,0.0
201400003058,1,11,14,20,3,86,19,2,1,1,1,8 rue des marteaux,46.73207,0.44185
201400003059,8,2,14,20,3,86,224,1,1,3,6,,0.0,0.0
201400003060,1,5,14,12,1,86,280,1,1,9,1,,46.951,0.535
201400003061,28,5,14,22,3,86,221,1,1,1,2,,46.819,0.378
201400003062,5,6,14,17,1,86,221,1,1,1,1,LIEU DIT LES SABOUREAX,46.866,0.359
201400003063,13,8,14,17,1,86,128,1,3,1,1,,46.882,0.505
201400003064,22,5,14,20,1,86,137,2,1,1,6,rue carnot,47.00903,0.08388
201400003065,16,12,14,18,3,86,252,1,1,1,1,,47.02286,0.143
201400003066,10,1,14,21,3,86,298,1,1,1,6,,0.0,0.0
201400003067,18,3,14,12,1,86,14,1,1,1,2,,46.777,0.55
201400003068,20,9,14,19,2,86,14,1,1,3,1,,46.75,0.554
201400003069,21,4,14,15,1,86,93,1,1,1,7,,46.953,0.228
201400003070,4,6,14,9,1,86,225,1,1,2,1,,0.0,0.0
201400003071,5,6,14,11,1,86,161,1,2,1,3,R.D 127 ET VC DE PLUMIN,0.0,0.0
201400003072,28,6,14,11,1,86,154,1,2,8,3,,0.0,0.0
201400003073,28,7,14,19,1,86,225,1,1,1,7,,46.833,0.048
201400003074,2,8,14,10,1,86,75,1,1,1,1,,0.0,0.0
201400003075,4,9,14,9,1,86,85,1,1,1,7,,46.84,0.2
201400003076,6,9,14,18,1,86,85,2,2,1,1,RD.7,0.0,0.0
201400003077,15,9,14,11,1,86,75,1,1,1,2,,46.822,0.171
201400003078,10,10,14,13,1,86,5,2,2,1,3,"RD40/grand rue, triou",46.934,0.101
201400003079,26,7,14,11,1,86,140,1,1,1,6,,0.0,0.0
201400003080,22,9,14,8,1,86,165,2,1,1,6,rue des fosses gaudrons,0.0,0.0
201400003081,8,12,14,7,2,86,120,1,1,5,2,,0.0,0.0
201400003082,21,2,14,15,1,86,126,1,1,9,1,,46.494,0.786
201400003083,4,4,14,22,3,86,261,1,2,1,3,,46.564,0.463
201400003084,29,4,14,14,1,86,135,1,1,3,3,,0.0,0.0
201400003085,16,5,14,17,1,86,226,2,1,1,3,2 rue du broussa,46.562,0.51
201400003086,9,6,14,20,1,86,198,1,1,8,7,LE COURTIOUX,46.564,0.617
201400003087,15,6,14,9,1,86,226,2,1,1,6,RUE DU JEUNE AVAILLE,0.0,0.0
201400003088,23,11,14,16,1,86,98,1,1,1,7,,46.581,0.743
201400003089,23,11,14,16,1,86,233,2,1,1,1,"Lieu dit ""La Vergne""",0.0,0.0
201400003090,29,11,14,15,1,86,28,1,1,1,6,Chemin de Vaujallais,46.607,0.467
201400003091,2,1,14,21,3,86,54,1,1,1,7,,0.0,0.0
201400003092,22,2,14,18,3,86,295,1,1,2,6,V.C du Breuil à Neuillet,0.0,0.0
201400003093,15,6,14,7,1,86,231,2,1,1,6,SAINT MACOUX,0.0,0.0
201400003094,19,6,14,1,5,86,237,1,1,1,2,,0.0,0.0
201400003095,25,1,14,22,3,86,203,1,1,2,6,,0.0,0.0
201400003096,24,8,14,16,1,86,289,1,1,1,7,,46.196,0.607
201400003097,23,12,14,15,1,86,112,2,9,7,3,route de Thierzat,0.0,0.0
201400003098,12,5,14,10,1,86,6,1,1,1,7,,0.0,0.0
201400003099,20,7,14,13,1,86,6,2,1,1,7,Rue de la Roche - D33A,46.541,0.852
201400003100,11,9,14,17,2,86,4,2,1,1,7,Rue du chateau,0.0,0.0
201400003101,15,10,14,7,1,86,175,1,1,1,3,,46.603,0.873
201400003102,20,3,14,7,3,16,78,1,1,1,6,Bois de la Buzinie,45.70763,0.17534
201400003103,14,4,14,14,1,16,26,1,3,1,3,La Croix du Merle,45.71701,0.1453
201400003104,11,6,14,18,1,16,232,1,2,1,3,Camp Americain,45.69242,0.30276
201400003105,5,7,14,19,1,16,146,1,1,1,6,Villars,45.63167,0.25196
201400003106,12,8,14,7,1,16,78,1,1,1,7,La Croix d'Argence,45.72659,0.18698
201400003107,26,9,14,8,1,16,146,1,3,7,3,Les Petites Chaumes,45.61209,0.26335
201400003108,24,10,14,17,1,16,146,1,3,1,1,Le Picard,45.6021,0.29762
201400003109,17,11,14,10,1,16,78,2,1,1,6,,45.69322,0.18989
201400003110,19,11,14,16,1,16,78,1,1,1,6,Les Montagnes,45.69042,0.19122
201400003111,20,11,14,19,3,16,78,1,1,1,3,Les Montagnes,45.69229,0.17973
201400003112,6,5,14,7,1,16,119,1,1,1,1,Le Canton des Vaches,45.5348,0.27601
201400003113,24,7,14,17,1,16,143,1,2,1,3,,45.5023,0.19931
201400003114,7,10,14,1,3,16,175,1,1,3,5,Chez Vignaud,45.54505,-0.03612
201400003115,3,12,14,16,1,16,120,1,1,1,6,La Font Toussaint,45.60004,0.26621
201400003116,16,1,14,12,1,16,63,1,1,1,6,La Riviere,45.33012,0.02487
201400003117,11,2,14,7,2,16,4,1,1,2,3,P de l'Epaud,45.4346,0.14146
201400003118,26,5,14,11,1,16,347,2,1,3,1,Le Grand Fonteneau,45.27924,0.11551
201400003119,15,8,14,16,1,16,20,2,1,1,6,,45.26825,0.1711
201400003120,17,8,14,11,1,16,49,2,3,1,3,La Fresse,45.25129,0.15027
201400003121,13,10,14,7,2,16,112,1,1,1,1,La Grange de Viaud,45.31168,0.08909
201400003122,5,4,14,12,1,16,217,1,2,1,3,La Pointe,45.657,-0.21683
201400003123,11,4,14,16,1,16,151,2,1,1,1,rue de l'eglise,45.62768,-0.3135
201400003124,8,8,14,2,5,16,97,1,2,1,6,Le Mandras,45.74895,-0.30259
201400003125,4,10,14,17,1,16,25,1,1,8,1,Gadebors,45.39158,-0.27699
201400003126,6,3,14,14,1,16,153,2,1,1,3,rue Carnot,45.67751,-0.17499
201400003127,2,4,14,21,3,16,312,1,1,1,6,les Bruns,45.80222,-0.03022
201400003128,18,4,14,14,1,16,286,1,3,1,3,Le Loret,45.79117,-0.09862
201400003129,1,8,14,18,1,16,90,1,1,1,6,Le Pontreau,45.59812,-0.01267
201400003130,21,8,14,11,1,16,351,1,1,1,6,La Bachellerie,45.64205,-0.03024
201400003131,2,10,14,17,1,16,343,1,2,1,3,La Cruzelle,45.61996,-0.16159
201400003132,1,11,14,20,3,16,204,1,1,1,6,Le Passage a Niveau,45.56757,-0.09526
201400003133,6,2,14,3,3,16,134,1,2,2,3,Maison neuve,45.87189,0.65475
201400003134,2,3,14,10,1,16,100,1,1,1,7,le Mas de bonnet,45.94074,0.64426
201400003135,3,3,14,17,2,16,1,1,1,4,7,la Piece du Reclous,46.07004,0.69563
201400003136,15,6,14,17,1,16,1,1,1,1,6,,46.10708,0.71282
201400003137,25,9,14,14,1,16,100,1,2,1,3,Le Mas de Bonnet,45.94075,0.64485
201400003138,14,10,14,16,1,16,71,1,1,1,1,Petite Biere,45.91685,0.07406
201400003139,29,10,14,13,1,16,100,1,1,1,1,le Mas,45.87975,0.71347
201400003140,16,12,14,7,2,16,64,1,1,2,6,,45.92675,0.88743
201400003141,26,12,14,17,2,16,9,1,1,1,1,,45.97803,0.55656
201400003142,30,12,14,22,3,16,131,1,1,1,7,Le Pas de la Mule,46.01089,-0.14606
201400003143,3,2,14,17,1,16,85,2,1,2,6,12 allee des Marguerites,45.81715,0.45185
201400003144,23,2,14,20,5,16,245,2,1,1,6,le bourg,45.87861,0.49984
201400003145,7,3,14,15,1,16,85,2,3,7,6,rue des 8 mai 44 et 45,45.82493,0.45081
201400003146,16,4,14,23,3,16,68,1,1,1,6,La Rougère,45.86464,0.42212
201400003147,7,7,14,19,1,16,192,1,1,1,6,Chez Banliat,45.91955,0.55368
201400003148,3,8,14,8,1,16,416,1,1,1,6,Saint Vincent,45.80129,0.46887
201400003149,16,8,14,3,3,16,85,1,1,1,1,Chantebuse,45.83543,0.47671
201400003150,24,8,14,7,1,16,398,1,1,1,6,Le Giraudeau,45.78379,0.70267
201400003151,27,8,14,6,1,16,416,2,1,1,6,Les Lacs,45.79782,0.50288
201400003152,10,9,14,17,1,16,308,1,3,1,3,Chez Mistou,45.91077,0.45332
201400003153,18,10,14,14,1,16,225,1,1,1,1,Les canolles,45.75161,0.55177
201400003154,14,12,14,11,1,16,85,1,2,1,3,Les Araines,45.7984,0.41511
201400003155,27,4,14,17,1,16,400,1,1,1,1,,45.99435,0.21683
201400003156,27,5,14,20,1,16,87,1,1,1,6,,45.95482,0.36371
201400003157,5,8,14,4,5,16,292,2,2,1,3,CHEMIN DES MEUNiers,46.02104,0.18882
201400003158,30,9,14,16,1,16,44,1,2,1,3,La Croix des Charmes,46.0189,0.27337
201400003159,3,3,14,10,1,16,390,1,1,3,6,Les Chegnons,45.9213,0.05484
201400003160,29,3,14,11,1,16,390,1,2,1,3,,45.94933,0.06239
201400003161,31,5,14,17,1,16,388,1,3,1,5,Rochecorail,45.63238,0.04025
201400003162,14,8,14,13,1,16,69,1,1,2,5,,45.8687,0.15359