Num_Acc,jour,mois,an,hr,condition_eclairage,departement,commune,condition_agglomeration,intersection,condition_atmosphere,type_collision,adresse,lattitude,longitude
201400003163,30,8,14,10,1,16,33,1,3,1,2,La Croix Blanche,45.9263,0.22492
201400003164,6,6,14,17,1,16,281,2,1,1,3,route de vitrac,45.74408,0.39003
201400003165,9,6,14,2,4,16,211,1,1,8,6,La Couronne,45.61697,0.44149
201400003166,12,6,14,16,1,16,223,2,2,1,3,place de la libert?,45.66657,0.49946
201400003167,6,7,14,3,3,16,425,1,1,2,7,Beaumont,45.7507,0.4344
201400003168,10,1,14,18,3,17,109,1,1,1,3,,46.14725,-1.04774
201400003169,6,2,14,7,2,17,315,1,1,2,1,,46.13549,-0.95961
201400003170,28,6,14,17,1,17,10,1,1,3,1,,46.10448,-1.08894
201400003171,8,5,14,0,3,17,466,1,1,1,1,,46.21224,-0.99619
201400003172,30,6,14,14,1,17,466,2,6,1,3,Rond-Point D109/D112,46.19326,-0.96715
201400003173,26,7,14,21,2,17,218,2,1,1,6,130 rive gauche,46.31487,-0.98287
201400003174,23,9,14,21,3,17,218,1,1,1,2,,46.28575,-0.99345
201400003175,9,10,14,11,1,17,322,1,1,2,6,,46.26434,-0.854
201400003176,10,12,14,7,3,17,218,1,1,2,5,,46.32351,-0.99372
201400003177,24,12,14,2,3,17,91,1,1,5,7,,46.30234,-1.13194
201400003178,3,1,14,19,3,17,360,1,1,1,6,,46.1622,-1.34714
201400003179,22,1,14,18,3,17,121,1,1,2,6,,46.19959,-1.44015
201400003180,31,1,14,7,2,17,121,1,1,2,7,,46.20828,-1.45984
201400003181,12,2,14,16,1,17,360,2,2,1,1,rue de la croix beaucorp,46.152,-1.314
201400003182,20,2,14,23,3,17,360,1,1,2,1,,46.15397,-1.29294
201400003183,9,3,14,16,1,17,161,1,1,1,1,,46.18247,-1.31455
201400003184,2,4,14,17,1,17,297,1,2,1,3,,46.15276,-1.28252
201400003185,20,4,14,4,3,17,369,1,1,1,6,,46.19272,-1.37496
201400003186,16,5,14,11,1,17,51,1,2,1,3,,46.18606,-1.37131
201400003187,16,6,14,20,1,17,161,1,6,1,1,,46.18493,-1.30864
201400003188,19,6,14,13,1,17,161,2,7,1,6,Square du 11 novembre,46.18822,-1.32604
201400003189,24,6,14,2,5,17,286,2,1,1,6,Route du Fier,46.23856,-1.48469
201400003190,23,7,14,17,1,17,19,1,1,1,3,,46.22268,-1.53282
201400003191,19,8,14,12,1,17,297,2,1,1,1,Avenue des Dunes,46.15452,-1.27051
201400003192,11,9,14,11,1,17,51,1,3,1,7,,46.1861,-1.37134
201400003193,14,9,14,10,1,17,121,1,1,1,6,,46.2021,-1.45037
201400003194,20,9,14,15,1,17,369,1,3,1,3,,46.2004,-1.39365
201400003195,28,10,14,10,1,17,369,2,6,1,1,ROUTE DE LA FLOTTE,46.19393,-1.34696
201400003196,13,12,14,14,1,17,51,2,2,9,1,Route de Saint Martin,46.19012,-1.38875
201400003197,4,2,14,17,1,17,197,2,1,1,3,rue de la garenne,45.44567,-0.43919
201400003198,14,2,14,15,1,17,108,1,1,1,6,,45.49724,-0.45046
201400003199,23,5,14,12,1,17,192,1,2,3,3,,45.56608,-0.39741
201400003200,15,6,14,9,1,17,197,1,1,1,5,,45.4449,-0.39218
201400003201,21,6,14,18,1,17,197,2,1,1,6,Rond-point des Thermes,45.4326,-0.43223
201400003202,24,6,14,21,1,17,341,1,1,1,7,,0.0,0.0
201400003203,16,8,14,6,1,17,108,1,1,1,3,,45.48607,-0.44555
201400003204,21,9,14,10,1,17,197,1,6,1,3,,45.43786,-0.45102
201400003205,11,10,14,17,1,17,20,1,1,8,6,,45.50242,-0.33495
201400003206,7,11,14,8,1,17,20,1,1,2,1,,45.50944,-0.32849
201400003207,17,11,14,10,2,17,326,1,1,1,5,,45.51637,-0.28212
201400003208,24,11,14,10,2,17,364,2,1,1,1,5 r Petite Champagne,45.58158,-0.36302
201400003209,30,11,14,17,2,17,248,1,1,1,1,,45.51373,-0.74263
201400003210,26,12,14,22,3,17,50,1,1,1,6,,45.49902,-0.62441
201400003211,13,1,14,7,2,17,240,2,1,2,3,,45.28389,-0.40351
201400003212,29,1,14,15,1,17,199,1,1,1,6,,45.26972,-0.35225
201400003213,16,4,14,15,1,17,118,1,2,7,3,,45.24498,-0.4066
201400003214,18,5,14,4,3,17,243,1,1,8,3,,45.23596,-0.25996
201400003215,21,6,14,22,3,17,282,1,1,1,6,,45.32456,-0.36012
201400003216,26,6,14,22,3,17,38,1,1,1,7,,45.1838,-0.31639
201400003217,2,8,14,18,1,17,231,1,1,1,1,,45.36048,-0.32582
201400003218,15,8,14,10,1,17,81,1,1,1,3,,45.31867,-0.47405
201400003219,26,1,14,19,3,17,55,1,1,3,6,,45.208,-0.073
201400003220,9,2,14,11,1,17,365,1,1,2,2,,45.23094,-0.22157
201400003221,30,5,14,10,1,17,260,1,1,1,7,,45.24916,-0.20371
201400003222,13,9,14,21,3,17,110,1,1,1,3,,45.19554,-0.21774
201400003223,8,4,14,7,2,17,189,1,1,1,1,,45.8242,-1.0488
201400003224,30,4,14,15,1,17,185,1,1,1,1,,45.7162,-0.93261
201400003225,18,8,14,21,2,17,58,1,1,1,3,,45.84587,-1.16274
201400003226,23,8,14,2,5,17,219,1,1,1,6,,45.79966,-1.13764
201400003227,12,9,14,17,1,17,219,2,3,1,6,rue des Aigrettes,45.82365,-1.11786
201400003228,7,10,14,11,1,17,351,1,3,1,3,,45.82173,-1.08499
201400003229,31,10,14,18,3,17,219,1,1,1,2,,45.82426,-1.05028
201400003230,2,2,14,19,1,17,323,1,1,1,6,,46.04368,-1.39698
201400003231,4,5,14,17,1,17,83,1,1,1,7,,45.80856,-0.90469
201400003232,14,5,14,3,3,17,348,1,1,1,6,,45.81875,-0.9608
201400003233,27,6,14,11,1,17,429,1,2,1,3,,45.91211,-0.98405
201400003234,14,9,14,7,1,17,184,1,1,1,6,,45.784,-0.936
201400003235,15,1,14,20,5,17,93,2,1,2,3,avenue d'Antioche,45.89125,-1.22217
201400003236,22,2,14,17,1,17,385,2,1,1,7,RD 734 SAINT GILLES,45.95041,-1.32942
201400003237,13,4,14,2,3,17,140,1,1,1,7,,45.90155,-1.24663
201400003238,2,6,14,7,2,17,140,2,1,1,2,RD734,45.91084,-1.26542
201400003239,3,6,14,11,1,17,140,2,6,1,3,,45.91058,-1.26424
201400003240,13,6,14,9,1,17,385,2,2,1,3,route de saint pierre,45.92286,-1.32599
201400003241,22,7,14,18,1,17,486,2,2,1,3,Avenue de la Mer,46.01329,-1.345
201400003242,25,7,14,8,1,17,385,1,1,1,1,,45.91815,-1.3141
201400003243,7,8,14,23,3,17,385,2,1,1,1,D734,45.94666,-1.32388
201400003244,17,8,14,23,5,17,93,2,1,1,1,,45.89163,-1.22333
201400003245,22,8,14,17,1,17,385,2,9,1,1,avenue de bel air,45.93932,-1.31182
201400003246,1,12,14,12,1,17,411,2,2,1,3,rue benjamin delessert,45.8233,-1.21855
201400003247,13,1,14,17,2,17,452,2,1,2,6,RUE DU COLLEGE,45.77751,-1.14606
201400003248,27,1,14,9,1,17,452,2,1,1,6,RUE PIERRE LOTI,45.77418,-1.14612
201400003249,7,4,14,18,1,17,155,2,1,1,7,rue  des plantes du mou,45.72049,-1.10878
201400003250,17,4,14,23,3,17,64,1,1,1,7,,45.712,-1.062
201400003251,4,5,14,13,1,17,21,1,1,1,6,,45.74493,-1.1632
201400003252,17,5,14,20,1,17,409,1,3,1,3,,45.66972,-1.02964
201400003253,31,5,14,19,1,17,64,1,1,1,1,,45.66764,-1.05505
201400003254,3,6,14,15,1,17,21,1,6,1,6,,45.7573,-1.13967
201400003255,29,7,14,3,5,17,64,2,1,1,6,rue du centre,45.69092,-1.05478
201400003256,28,8,14,1,3,17,64,1,9,1,7,,45.68633,-1.07508
201400003257,3,9,14,10,1,17,225,2,1,1,7,D268,45.73913,-1.17042
201400003258,19,10,14,16,1,17,247,1,1,1,1,,45.69004,-1.02321
201400003259,16,10,14,14,1,17,452,1,6,2,6,,45.78578,-1.15726
201400003260,9,11,14,8,2,17,409,1,1,1,2,,45.67176,-1.00076
201400003261,14,11,14,14,1,17,64,1,1,1,1,,45.69891,-1.05333
201400003262,30,12,14,10,1,17,452,2,9,1,6,rue du marechal joffre,45.764,-1.14212
201400003263,16,1,14,10,1,17,168,2,1,2,7,7 rue de l'Olivi?re,45.993,-1.092
201400003264,3,2,14,8,1,17,75,1,5,1,3,,45.93496,-0.86561
201400003265,12,3,14,8,1,17,483,1,1,1,4,,46.024,-1.052
201400003266,16,3,14,14,1,17,253,1,1,1,1,,45.98784,-0.90393
201400003267,10,8,14,23,3,17,174,1,1,1,7,,46.02782,-0.75758
201400003268,16,3,14,17,1,17,434,1,1,1,7,,46.12273,-0.73709
201400003269,13,4,14,18,1,17,482,1,2,1,1,,46.15006,-0.80961
201400003270,19,4,14,16,1,17,18,2,1,1,6,6A rue des aub?pines,46.06725,-0.88059
201400003271,8,6,14,19,1,17,382,1,1,1,5,,46.16332,-0.70246
201400003272,30,6,14,17,1,17,359,1,1,1,3,,46.09481,-0.72121
201400003273,26,7,14,20,1,17,221,1,2,1,3,,46.12687,-0.58323
201400003274,28,7,14,15,1,17,434,1,2,1,1,,46.107,-0.768
201400003275,29,7,14,22,3,17,80,1,6,1,3,,46.10363,-0.83836
201400003276,12,9,14,19,1,17,482,1,1,1,1,,46.15295,-0.77428
201400003277,28,9,14,6,3,17,359,1,1,1,6,,46.10153,-0.68195
201400003278,14,11,14,6,2,17,57,1,1,2,7,,46.17228,-0.84088
201400003279,22,11,14,1,3,17,18,1,1,1,7,,46.05568,-0.90133
201400003280,14,12,14,6,3,17,359,1,1,1,6,,46.10164,-0.66564
201400003281,24,12,14,20,3,17,382,1,1,2,1,,46.16852,-0.71507
201400003282,30,1,14,5,4,17,45,1,1,2,1,,45.87865,-0.85462
201400003283,6,3,14,12,1,17,164,2,1,1,1,24 route de Taillebourg,45.76468,-0.61831
201400003284,7,3,14,8,1,17,86,1,1,1,6,,45.75808,-0.55869
201400003285,8,3,14,14,1,17,143,1,1,1,3,,45.78225,-0.57074
201400003286,4,4,14,20,2,17,330,1,2,1,3,,45.766,-0.879
201400003287,18,4,14,18,1,17,387,1,1,1,1,,45.80503,-0.75307
201400003288,20,4,14,11,1,17,86,2,1,1,6,53 av charles de gaulle,45.71636,-0.55362
201400003289,29,4,14,15,1,17,86,1,1,8,5,,45.7454,-0.58103
201400003290,3,5,14,22,3,17,262,1,1,1,6,,45.74662,-0.70572
201400003291,23,6,14,14,1,17,336,1,1,1,1,,45.77468,-0.6728
201400003292,25,6,14,7,1,17,336,1,2,1,3,,45.79178,-0.72763
201400003293,16,7,14,23,3,17,387,1,1,1,5,,45.8208,-0.79228
201400003294,19,8,14,15,1,17,191,1,2,1,5,,45.6586,-0.59139
201400003295,6,9,14,16,1,17,336,1,1,1,3,,45.785,-0.707
201400003296,10,9,14,17,1,17,30,2,2,1,1,Route de l'oc?an,45.74217,-0.83801
201400003297,15,9,14,17,1,17,330,1,2,1,3,,45.75081,-0.91368
201400003298,5,10,14,19,2,17,262,1,2,1,3,,45.74597,-0.71046
201400003299,9,10,14,17,1,17,284,2,1,1,6,avenue ren? caill?e,45.82738,-0.88515
201400003300,11,10,14,2,3,17,86,1,1,5,6,,45.72739,-0.58304
201400003301,21,10,14,11,1,17,86,1,1,1,7,,45.7274,-0.58252
201400003302,31,10,14,7,1,17,284,1,1,1,2,,45.83085,-0.90285
201400003303,1,11,14,0,4,17,30,2,1,1,6,"CD 728, rotue de l'oc?an",45.74143,-0.83455
201400003304,22,11,14,17,5,17,389,2,1,1,6,ROUTE DE TRIZAY CD 117,45.83181,-0.87823
201400003305,12,12,14,21,3,17,30,1,4,1,1,,45.74309,-0.86118
201400003306,22,12,14,23,3,17,164,1,4,1,3,,45.77007,-0.57911
201400003307,3,4,14,7,2,17,296,1,1,2,6,,45.66341,-0.75276
201400003308,12,6,14,14,1,17,172,1,1,1,6,,45.58288,-0.67497
201400003309,19,6,14,16,1,17,131,1,1,1,3,,45.57863,-0.81196
201400003310,30,7,14,12,1,17,172,1,1,1,1,,45.54895,-0.69622
201400003311,6,9,14,18,1,17,441,1,1,1,6,,45.62062,-0.65786
201400003312,12,11,14,10,1,17,425,1,2,1,3,,45.5949,-0.88325
201400003313,26,11,14,15,1,17,131,1,2,7,3,,45.57921,-0.79346
201400003314,2,2,14,19,3,17,400,1,1,2,7,,45.70066,-0.52813
201400003315,24,4,14,19,1,17,39,1,1,1,7,,45.52716,-0.55042
201400003316,24,8,14,5,3,17,39,1,2,1,1,,45.52433,-0.56205
201400003317,1,10,14,12,1,17,283,1,1,1,1,,45.55219,-0.55632
201400003318,12,10,14,10,1,17,220,1,1,1,1,,45.53389,-0.46159
201400003319,25,3,14,6,2,17,307,1,1,2,1,,45.68217,-0.90747
201400003320,16,4,14,15,1,17,228,1,1,1,1,,45.636,-0.974
201400003321,25,5,14,8,1,17,228,1,1,1,5,,45.6591,-0.94848
201400003322,6,6,14,19,1,17,307,2,1,1,5,rue du marechal leclerc,45.69145,-0.84812
201400003323,9,8,14,16,1,17,307,1,2,1,3,,45.70332,-0.89053
201400003324,16,8,14,18,1,17,228,1,1,7,3,,45.63544,-0.97521
201400003325,31,8,14,10,1,17,307,1,2,1,5,,45.69192,-0.90119
201400003326,3,9,14,12,1,17,232,1,1,1,1,,45.648,-0.771
201400003327,23,11,14,9,1,17,119,1,1,1,7,,45.63644,-0.8639
201400003328,26,12,14,21,3,17,421,1,1,1,6,,45.66068,-0.91217
201400003329,2,1,14,10,1,17,459,1,2,1,3,,45.90878,-0.42472
201400003330,21,1,14,22,5,17,347,2,1,1,6,80 AVENUE DE GAULLE,45.94024,-0.51271
201400003331,23,3,14,13,1,17,356,1,2,2,3,,46.0025,-0.62981
201400003332,18,4,14,17,1,17,440,1,5,1,3,,45.93825,-0.5454
201400003333,7,5,14,17,1,17,288,1,1,1,5,,45.94457,-0.46902
201400003334,19,5,14,7,1,17,22,1,1,1,7,,45.88952,-0.48857
201400003335,19,5,14,20,1,17,347,2,3,2,3,AVENUE DE ROCHEFORT,45.93591,-0.52741
201400003336,3,6,14,23,3,17,292,1,1,3,2,,45.96187,-0.76735
201400003337,17,6,14,20,1,17,347,2,1,1,7,avenue de Marennes,45.94515,-0.53557
201400003338,8,8,14,21,5,17,277,1,1,2,3,,45.98213,-0.52086
201400003339,22,8,14,10,1,17,397,1,1,1,6,,45.89166,-0.68997
201400003340,26,8,14,13,1,17,465,1,1,1,1,,45.96297,-0.56693
201400003341,22,9,14,12,1,17,294,1,1,1,2,,46.03658,-0.62629
201400003342,7,10,14,11,1,17,202,1,1,1,6,,45.99603,-0.59744
201400003343,19,10,14,9,1,17,397,2,1,7,6,avenue de la gare,45.87673,-0.67892
201400003344,23,11,14,18,3,17,450,1,1,1,1,,0.0,0.0
201400003345,5,12,14,23,3,17,459,1,1,1,6,,45.92268,-0.45507
201400003346,7,2,14,23,3,17,383,1,1,1,6,,45.95362,-0.41197
201400003347,16,3,14,11,1,17,162,1,2,1,3,,45.96115,-0.19011
201400003348,26,10,14,17,1,17,358,1,1,7,2,,46.02959,-0.264
201400003349,11,1,14,13,1,17,428,2,1,1,3,Rue de la Grolle,45.83794,-0.27198
201400003350,12,2,14,10,1,17,446,2,3,1,3,,45.83765,-0.3112
201400003351,23,3,14,18,1,17,180,2,1,8,1,rue du ch?teau d'eau,45.8919,-0.22092
201400003352,8,5,14,10,1,17,313,1,3,1,3,,45.76505,-0.48302
201400003353,15,7,14,14,1,17,71,1,1,7,6,,45.89504,-0.37895
201400003354,27,7,14,1,3,17,313,1,1,1,6,,45.776,-0.497
201400003355,11,10,14,17,1,17,224,1,1,1,7,,45.8477,-0.31056
201400003356,16,10,14,18,1,17,23,1,2,8,3,,45.85169,-0.41679
201400003357,5,11,14,18,1,17,314,1,1,1,1,,45.75184,-0.51165
201400003358,18,1,14,5,3,79,219,1,1,1,3,,0.0,0.0
201400003359,12,4,14,23,3,79,356,1,1,1,6,,0.0,0.0
201400003360,23,2,14,5,3,79,49,1,1,1,6,,0.0,0.0
201400003361,28,4,14,7,1,79,49,1,1,8,1,,0.0,0.0
201400003362,9,5,14,17,1,79,49,1,1,1,5,,0.0,0.0
201400003363,11,7,14,21,2,79,49,2,1,8,6,7 BD DE LA JOBTIERE,0.0,0.0
201400003364,15,8,14,20,1,79,49,1,1,2,1,,0.0,0.0
201400003365,4,9,14,17,1,79,49,2,3,1,3,RUE DE NIORT,0.0,0.0
201400003366,6,11,14,15,1,79,49,2,1,8,1,48 RUE DE LA CABANE,0.0,0.0
201400003367,22,12,14,12,1,79,49,2,1,1,6,13 RUE DES JONCS,0.0,0.0
201400003368,23,3,14,18,2,79,43,2,1,8,6,627 RUE D'ANJOU,0.0,0.0
201400003369,9,6,14,12,1,79,13,1,2,1,3,,0.0,0.0
201400003370,30,1,14,8,2,79,61,1,1,2,5,,0.0,0.0
201400003371,25,6,14,15,1,79,4,1,1,7,7,,0.0,0.0
201400003372,17,2,14,15,1,79,230,1,3,1,3,,0.0,0.0
201400003373,19,7,14,21,1,79,83,2,1,1,1,RUE PIERRE BLANCHARD,0.0,0.0
201400003374,5,8,14,18,1,79,6,1,1,1,7,,0.0,0.0
201400003375,5,7,14,21,1,79,19,1,2,1,1,,0.0,0.0
201400003376,22,1,14,17,1,79,147,1,1,8,1,,0.0,0.0
201400003377,23,1,14,14,2,87,107,1,1,2,5,,0.0,0.0
201400003378,31,3,14,21,5,87,152,2,1,1,6,,0.0,0.0
201400003379,14,5,14,7,1,87,201,1,1,8,6,,0.0,0.0
201400003380,4,9,14,5,3,87,202,1,1,1,6,,0.0,0.0
201400003381,23,9,14,10,1,87,118,2,1,1,6,1 rue jean lalue,0.0,0.0
201400003382,5,11,14,11,1,87,1,1,1,1,3,,0.0,0.0
201400003383,5,11,14,10,1,87,201,2,1,1,3,Rue des closes,0.0,0.0
201400003384,12,11,14,6,5,87,107,1,1,1,1,,0.0,0.0
201400003385,12,12,14,16,1,87,201,1,2,1,3,,0.0,0.0
201400003386,17,3,14,0,5,87,2,1,1,1,6,,0.0,0.0
201400003387,19,4,14,18,1,87,178,1,1,1,1,,0.0,0.0
201400003388,20,6,14,6,1,87,178,1,1,1,6,,0.0,0.0
201400003389,5,9,14,20,2,87,178,2,2,1,1,route des bardys,0.0,0.0
201400003390,4,4,14,1,3,87,93,1,1,1,6,,0.0,0.0
201400003391,20,6,14,18,1,87,105,1,1,1,1,,0.0,0.0
201400003392,19,7,14,15,1,87,40,1,1,1,6,,0.0,0.0
201400003393,9,11,14,15,1,87,64,2,1,8,6,,0.0,0.0
201400003394,18,6,14,12,1,87,161,1,1,1,1,,0.0,0.0
201400003395,3,10,14,8,1,87,62,2,1,1,1,LIEU DIT LES VIGNES,0.0,0.0
201400003396,24,10,14,21,3,87,70,1,1,1,2,,0.0,0.0
201400003397,26,3,14,17,1,87,187,1,1,1,1,,0.0,0.0
201400003398,7,4,14,10,1,87,187,1,1,1,1,,0.0,0.0
201400003399,15,5,14,11,1,87,77,1,1,1,7,,0.0,0.0
201400003400,13,7,14,7,2,87,49,1,1,8,6,,0.0,0.0
201400003401,1,11,14,16,1,87,96,1,1,1,7,,0.0,0.0
201400003402,2,2,14,2,3,87,195,1,1,1,6,,0.0,0.0
201400003403,24,2,14,14,1,87,28,1,1,1,1,,0.0,0.0
201400003404,27,4,14,0,3,87,116,1,1,1,1,,0.0,0.0
201400003405,30,5,14,0,3,87,116,1,1,1,1,,0.0,0.0
201400003406,20,6,14,18,1,87,17,1,1,1,3,,0.0,0.0
201400003407,8,10,14,12,1,87,12,1,1,1,3,,0.0,0.0
201400003408,12,6,14,17,1,87,14,1,1,1,1,,0.0,0.0
201400003409,7,8,14,10,1,87,47,1,1,3,3,,0.0,0.0
201400003410,17,1,14,9,1,87,160,1,1,7,7,,0.0,0.0
201400003411,24,5,14,6,2,87,160,1,1,1,6,,0.0,0.0
201400003412,20,6,14,8,1,87,89,1,1,1,1,,0.0,0.0
201400003413,18,9,14,10,1,87,89,1,1,2,6,,0.0,0.0
201400003414,25,10,14,20,3,87,160,1,1,1,6,,0.0,0.0
201400003415,8,11,14,10,1,87,87,1,1,1,1,,0.0,0.0
201400003416,21,11,14,5,3,87,41,1,2,1,3,,0.0,0.0
201400003417,27,1,14,11,2,87,185,1,1,1,1,,0.0,0.0
201400003418,18,4,14,15,1,87,110,1,1,1,6,,0.0,0.0
201400003419,20,5,14,12,1,87,126,2,1,3,5,RUE CHARLES DE GAULLE,0.0,0.0
201400003420,13,6,14,18,1,87,131,1,1,1,6,,0.0,0.0
201400003421,6,10,14,9,1,87,126,1,1,1,1,,0.0,0.0
201400003422,14,10,14,9,1,87,154,2,1,1,1,32 AVENUE HENRI BARBUSSE,0.0,0.0
201400003423,7,11,14,16,1,87,154,2,1,7,6,Avenue Sadi carnot,0.0,0.0
201400003424,13,8,14,1,3,87,191,1,1,1,6,,0.0,0.0
201400003425,28,10,14,8,1,87,162,1,1,7,1,,0.0,0.0
201400003426,2,3,14,11,1,19,227,1,1,1,1,ROUTE DE FAVARS,45.2731,1.66561
201400003427,3,5,14,11,1,19,38,1,1,1,6,,45.251,1.702
201400003428,6,6,14,19,1,19,146,2,1,1,1,RUE DE L'HOTEL DE VILLE,45.3121,1.77113
201400003429,25,8,14,9,1,19,207,1,2,1,3,LES HUILLERIES,45.2686,1.64108
201400003430,14,10,14,16,1,19,146,1,3,1,2,TINTIGNAC,45.3341,1.75694
201400003431,6,11,14,20,3,19,38,1,1,1,4,LE BOIS DE CHAUMEL,45.233,1.72225
201400003432,9,11,14,17,2,19,41,1,1,2,2,LES PLAINES,45.2792,1.83714
201400003433,23,2,14,18,2,19,215,1,3,1,1,CARREFOUR D1120 - D41,45.0045,2.04908
201400003434,15,2,14,21,5,19,73,2,1,1,7,16AV DES PAPES LIMOUSINS,45.3994,2.04922
201400003435,4,8,14,9,1,19,251,1,1,1,7,CROIX DE LA MISSION,45.4062,1.93484
201400003436,29,8,14,7,2,19,110,1,1,2,7,LE MERCIER,45.2894,2.22282
201400003437,17,9,14,15,1,19,125,1,1,1,7,ROUTE DE CHINIAC,45.2811,2.04733
201400003438,10,5,14,17,1,19,112,1,1,2,7,,45.526,1.888
201400003439,3,11,14,17,1,19,36,2,1,1,1,ROUTES DES MONEDIERES,45.5826,1.72146
201400003440,21,1,14,8,1,19,60,1,1,5,1,puy rogier,45.48321,1.6362
201400003441,10,2,14,16,1,19,37,1,1,3,6,LA CABANE DU RENARD,45.4018,1.72037
201400003442,2,5,14,18,1,19,131,2,3,8,3,SAINT SIMON,45.5616,1.65091
201400003443,13,6,14,23,3,19,118,1,1,1,3,LE FER A CHEVAL,45.467,1.74317
201400003444,25,6,14,15,1,19,269,1,1,1,1,BALEME,45.5232,1.78598
201400003445,5,7,14,23,3,19,255,1,2,1,3,CHEZ CHARRIERE,45.3704,1.72571
201400003446,25,7,14,13,1,19,79,1,1,1,7,CHAVAGNAC,45.5014,1.6672
201400003447,26,7,14,6,1,19,248,1,1,1,6,LA RADE,45.4611,1.50874
201400003448,26,7,14,15,1,19,276,2,1,1,6,PLACE MARIE COLEIN,45.4225,1.56326
201400003449,30,8,14,9,1,19,100,1,1,1,1,LES BARRI?RES,45.3286,1.60314
201400003450,29,8,14,16,1,19,255,1,1,1,1,LES ETANGS,45.3734,1.69517
201400003451,30,8,14,12,1,19,248,1,1,1,3,LE GOUMAREIX,45.4639,1.48922
201400003452,26,11,14,12,1,19,194,1,1,1,3,LA CROIX BOURRUE,45.3487,1.69818
201400003453,18,12,14,11,1,19,276,1,2,2,3,PUY MALET,45.5155,1.5582
201400003454,19,2,14,15,1,19,229,2,1,1,3,boulevard de Feletz,45.14727,1.46393
201400003455,20,2,14,17,1,19,229,1,1,1,3,LA ROCHE BASSE,45.1516,1.45164
201400003456,21,2,14,11,1,19,107,2,1,1,6,AV du dr Paul Soufron,45.1225,1.4149
201400003457,25,3,14,7,1,19,66,1,1,1,1,rochemouroux,45.16365,1.30324
201400003458,23,3,14,4,3,19,123,1,1,8,6,LE GOUR DU DIABLE,45.16,1.59628
201400003459,4,5,14,20,2,19,63,1,2,1,3,PUYTUDOLE,45.1001,1.58465
201400003460,17,6,14,19,1,19,123,2,1,1,3,27 av de la riante borie,0.0,0.0
201400003461,11,7,14,13,1,19,229,2,1,1,5,,0.0,0.0
201400003462,17,7,14,10,1,19,151,1,1,1,6,,45.105,1.503
201400003463,5,8,14,14,1,19,123,2,1,1,6,PARKING GEANT,45.1676,1.56083
201400003464,9,9,14,11,1,19,43,1,1,9,5,LA GAYE,45.1515,1.63545
201400003465,25,9,14,14,1,19,123,2,1,1,1,Avenue du 15 Aout 1944,0.0,0.0
201400003466,10,3,14,10,1,19,19,1,1,1,1,ILE DU CHAMP,44.9865,1.824
201400003467,12,7,14,19,1,19,57,2,1,1,6,RUE DE LA BARRIERE,45.061,1.65454
201400003468,18,10,14,10,1,19,163,2,1,1,6,LE BOURG,45.0632,1.73783
201400003469,24,1,14,9,1,19,278,2,1,2,2,RUE EDMOND MICHELET,45.1961,1.44635
201400003470,5,3,14,15,1,19,5,1,1,1,2,LA GARENNE,45.2408,1.46367
201400003471,16,3,14,14,1,19,246,1,2,1,6,LA CROIX DE LA FEYRIE,45.224,1.45093
201400003472,21,6,14,0,3,19,234,1,2,1,3,LES PALISSES,45.3194,1.57699
201400003473,11,7,14,19,1,19,202,1,2,1,1,LE MOULIN HAUT,45.2034,1.60001
201400003474,18,10,14,15,1,19,274,1,3,1,3,LE VERGIS,45.1978,1.50458
201400003475,1,11,14,12,1,19,178,1,1,1,1,,45.263,1.545
201400003476,28,12,14,9,1,19,246,1,1,1,6,R DU PONTEL,45.2044,1.46285
201400003477,19,3,14,19,5,19,153,2,1,1,3,58 avenue Jean Lascaux,45.25982,1.40656
201400003478,20,4,14,7,2,19,288,1,1,1,7,,45.277,1.436
201400003479,28,4,14,14,1,19,277,2,1,1,1,LE BOURG,45.4766,2.29153
201400003480,6,7,14,21,3,19,64,1,1,5,7,ETANG DE LACHAUD,45.68,2.34348
201400003481,9,3,14,14,1,19,28,2,1,1,6,BOULEVARD JEAN JAURES,45.3941,2.49209
201400003482,17,3,14,17,1,19,128,1,1,1,1,LA ZOTTE,45.4583,2.4017