Num_Acc,jour,mois,an,hr,condition_eclairage,departement,commune,condition_agglomeration,intersection,condition_atmosphere,type_collision,adresse,lattitude,longitude
201400003483,13,12,14,5,3,19,247,1,1,1,6,LA VIALATTE,45.4709,2.35954
201400003484,5,4,14,15,1,19,160,1,1,1,6,LA CAMBUSE,45.5919,1.95715
201400003485,22,6,14,14,1,19,139,1,1,1,6,LA MAGIMEL,45.6406,2.07279
201400003486,18,7,14,18,1,19,160,1,2,7,3,CARREFOUR D979-D979E2,45.5688,2.03817
201400003487,2,11,14,11,1,19,238,1,3,1,3,LE FRANCEIX,45.6592,2.26533
201400003488,14,8,14,16,1,23,25,1,1,1,3,,46.344,1.912
201400003489,1,11,14,15,1,23,112,1,1,7,6,,46.401,1.82
201400003490,31,1,14,21,3,23,259,1,1,1,3,,46.275,2.352
201400003491,3,1,14,1,3,23,143,1,1,2,6,,46.223,1.609
201400003492,22,5,14,13,1,23,176,1,1,1,1,,46.22777,1.50439
201400003493,7,8,14,18,1,23,70,1,1,1,1,,0.0,0.0
201400003494,1,9,14,17,1,23,192,1,1,1,2,,46.207,1.953
201400003495,8,9,14,13,1,23,263,1,1,1,7,,46.339,1.699
201400003496,30,9,14,9,1,23,176,2,9,1,1,RD 912A1,46.249,1.493
201400003497,30,12,14,17,2,23,176,1,1,8,2,,46.254,1.489
201400003498,23,8,14,23,3,23,185,1,1,1,1,,46.123,2.182
201400003499,21,5,14,18,1,23,73,1,1,6,7,,46.0,2.542
201400003500,24,5,14,10,1,23,78,1,1,1,1,,45.945,1.794
201400003501,9,2,14,15,1,31,44,2,6,1,6,RD 826 RTE DE CASTRE,43.59295,1.50552
201400003502,17,4,14,13,1,31,184,2,1,7,1,CHEMIN LASSERRE,43.59238,1.57543
201400003503,21,4,14,9,1,31,567,1,1,1,1,,0.0,0.0
201400003504,28,4,14,16,1,31,501,2,1,2,1,CD 32,43.66356,1.60698
201400003505,18,6,14,9,1,31,44,2,1,1,6,avenue des aérostiers,43.60873,1.48891
201400003506,13,7,14,9,1,31,44,2,1,1,1,route de castres,43.59457,1.49793
201400003507,18,7,14,15,1,31,573,1,1,7,6,,0.0,0.0
201400003508,23,9,14,21,1,31,163,1,1,1,1,,0.0,0.0
201400003509,26,10,14,3,3,31,285,1,1,1,6,,0.0,0.0
201400003510,7,11,14,12,1,31,271,1,1,2,1,,43.57459,1.66264
201400003511,12,12,14,7,3,31,573,1,6,5,6,,0.0,0.0
201400003512,14,5,14,10,1,31,48,1,1,8,2,,0.0,0.0
201400003513,3,6,14,23,5,31,57,2,1,1,6,cd 79,43.51092,1.56666
201400003514,8,8,14,15,1,31,57,1,1,1,3,,0.0,0.0
201400003515,6,11,14,1,3,31,249,1,1,2,7,,0.0,0.0
201400003516,23,12,14,22,5,31,113,2,1,1,1,32 av barthélémy salette,43.51172,1.50709
201400003517,1,1,14,14,1,31,584,1,1,1,1,,43.8705,1.46607
201400003518,7,1,14,7,2,31,211,1,1,1,6,,0.0,0.0
201400003519,21,3,14,19,2,31,584,1,1,1,5,,0.0,0.0
201400003520,6,4,14,11,1,31,202,1,1,1,5,,0.0,0.0
201400003521,23,9,14,21,3,31,211,1,1,1,5,route de mouissagues,43.75387,1.45214
201400003522,14,12,14,22,3,31,587,1,1,1,5,route de villemur,43.79499,1.45227
201400003523,23,12,14,7,3,31,118,1,1,5,6,,0.0,0.0
201400003524,11,1,14,0,3,31,160,1,1,1,6,,0.0,0.0
201400003525,11,3,14,16,1,31,232,1,1,1,1,chemin de piquette,43.76464,1.28949
201400003526,8,4,14,7,1,31,232,1,1,1,4,,0.0,0.0
201400003527,24,4,14,14,1,31,356,2,1,1,6,RN 224 RTE DE TOULOUSE,43.69162,1.23113
201400003528,9,5,14,16,1,31,232,2,1,1,3,ave du président kennedy,43.76095,1.30001
201400003529,10,6,14,9,1,31,232,1,1,1,1,,0.0,0.0
201400003530,18,6,14,19,1,31,553,2,1,7,1,Lieu-dit Garramine,0.0,0.0
201400003531,11,12,14,17,3,31,356,1,1,2,3,route de toulouse,43.68614,1.24501
201400003532,17,1,14,16,1,31,291,2,1,1,3,avenue de Gascogne,43.6003,1.23719
201400003533,11,4,14,16,1,31,438,1,3,1,3,RN 224/RD 42 B,43.63814,1.15371
201400003534,22,5,14,17,1,31,297,2,6,1,3,RD 24,43.66883,1.19021
201400003535,24,5,14,11,1,31,291,1,1,1,1,,0.0,0.0
201400003536,12,6,14,8,1,31,417,1,1,1,7,,43.62845,1.24553
201400003537,18,9,14,16,1,31,417,1,1,1,2,route de lévignac,43.6334,1.23392
201400003538,8,12,14,8,2,31,291,2,1,2,6,Boulevard des pyrenées,43.59955,1.23514
201400003539,20,12,14,13,1,31,433,2,1,1,3,route d'Espagne,0.0,0.0
201400003540,17,1,14,19,5,31,458,2,6,1,3,route de toulouse,43.51438,1.37432
201400003541,1,2,14,19,5,31,433,2,1,3,6,AVENUE DE L ENCLOS,43.544,1.402
201400003542,12,3,14,21,3,31,420,1,1,1,7,,43.513,1.384
201400003543,14,6,14,19,1,31,433,2,6,1,3,boulevard de l'europe,43.53313,1.39839
201400003544,16,6,14,15,1,31,433,2,1,1,6,,0.0,0.0
201400003545,22,7,14,11,1,31,433,1,3,7,3,,0.0,0.0
201400003546,27,5,14,9,1,31,446,2,1,1,1,chemin de negret,43.53444,1.4741
201400003547,19,9,14,17,1,31,446,2,3,1,3,AVE TOLOSANE/RUE IRIS,43.54219,1.47805
201400003548,16,10,14,15,1,31,446,2,1,1,6,françois mitterand,0.0,0.0
201400003549,9,1,14,18,5,31,490,1,1,1,6,route de paris,43.74655,1.36748
201400003550,19,2,14,12,1,31,205,2,2,1,3,02 rue terrial,43.69805,1.3737
201400003551,15,4,14,15,1,31,490,1,1,1,3,route de paris,43.75334,1.36395
201400003552,15,4,14,16,1,31,490,2,1,1,1,60H chemin de la Plaine,43.75431,1.36637
201400003553,10,6,14,22,5,31,91,2,1,1,6,17 route de Gratentour,43.72851,1.42224
201400003554,21,9,14,8,1,31,91,2,1,1,7,89 avenue de Gamouna,43.72939,1.40219
201400003555,27,9,14,9,1,31,490,2,1,1,6,22 CHEMIN DE PERRUQUET,43.74297,1.35304
201400003556,26,10,14,19,5,31,182,2,1,1,5,route de paris,0.0,0.0
201400003557,31,1,14,7,1,31,561,2,1,1,3,Av de Toulouse,43.65719,1.48017
201400003558,17,3,14,12,1,31,488,2,1,1,3,63 route d'Albi,43.66655,1.50747
201400003559,31,3,14,18,1,31,488,2,1,1,6,61 route d'Albi,43.66637,1.50717
201400003560,15,4,14,8,1,31,561,2,6,1,7,avenue des tourterelles,43.66271,1.47957
201400003561,16,5,14,23,3,31,94,1,1,1,6,,0.0,0.0
201400003562,27,6,14,11,1,31,488,2,9,1,6,Chemin de Montrabé,43.66115,1.51305
201400003563,15,7,14,15,1,31,117,1,1,1,1,route de cépet,43.7079,1.53094
201400003564,30,10,14,21,3,31,94,1,1,1,1,,0.0,0.0
201400003565,17,12,14,17,2,31,117,2,1,2,6,rue de la fontaine,43.67691,1.53183
201400003566,3,1,14,18,5,31,395,2,1,2,6,,0.0,0.0
201400003567,31,1,14,14,1,31,395,2,1,1,6,,43.466,1.326
201400003568,9,2,14,8,1,31,395,1,1,1,1,,0.0,0.0
201400003569,6,2,14,17,1,31,248,2,1,7,6,94 chemin de Riverotte,43.45153,1.40805
201400003570,17,4,14,18,1,31,395,1,1,1,3,,0.0,0.0
201400003571,5,5,14,18,1,31,395,1,1,1,1,,0.0,0.0
201400003572,26,7,14,11,1,31,165,1,1,1,1,,0.0,0.0
201400003573,28,8,14,5,5,31,395,1,1,1,1,,43.482,1.319
201400003574,4,10,14,16,1,31,165,1,1,1,6,,43.448,1.375
201400003575,23,10,14,10,1,31,421,2,1,7,6,route de Lézat,43.47934,1.39884
201400003576,26,10,14,18,2,31,395,2,1,1,1,39 bld de Peyramont,43.46259,1.31507
201400003577,12,11,14,18,2,31,395,2,1,1,6,,43.462,1.334
201400003578,19,11,14,16,1,31,395,1,1,7,6,,43.4119,1.3345
201400003579,26,11,14,11,1,31,395,2,1,1,1,74 avenue des pyr?n?es,43.46,1.324
201400003580,15,1,14,10,1,31,145,1,1,1,6,,43.33095,1.48892
201400003581,29,1,14,10,1,31,33,2,1,1,6,Rue Etienne Billières,43.35431,1.4704
201400003582,2,2,14,23,5,31,572,2,1,9,6,52 Avenue du Loup Saut,43.42198,1.44092
201400003583,17,2,14,19,5,31,33,1,1,1,6,route de miremont,43.356,1.4618
201400003584,23,2,14,6,2,31,145,1,1,1,6,,0.0,0.0
201400003585,4,3,14,17,1,31,33,2,2,3,1,RUE JEAN JAURES,0.0,0.0
201400003586,13,3,14,16,1,31,345,1,1,1,1,route des pyrénées,0.0,0.0
201400003587,18,3,14,6,2,31,345,1,3,1,1,RD 12/RD 48,43.36496,1.42054
201400003588,14,4,14,6,2,31,345,1,1,1,3,,0.0,0.0
201400003589,9,5,14,17,1,31,33,2,4,1,3,Av arenys del mar/guesde,43.35067,1.47854
201400003590,12,5,14,10,1,31,354,1,1,1,7,,0.0,0.0
201400003591,24,5,14,20,1,31,574,2,1,1,2,RD820W,43.43738,1.41533
201400003592,14,6,14,2,5,31,574,2,1,2,7,175 rue vieille vigne,43.43125,1.42279
201400003593,15,6,14,16,1,31,574,1,1,1,6,,43.42779,1.41912
201400003594,29,6,14,20,1,31,345,2,1,1,6,D 43,0.0,0.0
201400003595,8,7,14,16,1,31,345,1,3,1,3,D820/chemin mouillonne,43.38445,1.43894
201400003596,23,7,14,13,1,31,33,1,1,1,7,,0.0,0.0
201400003597,25,8,14,11,1,31,345,1,3,7,3,,0.0,0.0
201400003598,31,8,14,1,5,31,572,2,1,1,2,15 ave J.-P. d'assezat,43.43251,1.44041
201400003599,21,9,14,5,5,31,33,2,1,1,6,D43,43.37154,1.51473
201400003600,26,9,14,17,1,31,345,1,1,1,1,rte de lagardelle,43.3799,1.41641
201400003601,3,10,14,13,1,31,145,1,1,1,1,,0.0,0.0
201400003602,7,11,14,20,3,31,145,1,1,8,3,route de foix,0.0,0.0
201400003603,25,11,14,7,2,31,495,1,9,1,1,,0.0,0.0
201400003604,23,12,14,15,1,31,396,1,6,1,2,,0.0,0.0
201400003605,25,12,14,9,1,31,345,1,1,1,6,,43.36469,1.41033
201400003606,27,2,14,15,1,31,361,1,1,1,5,,0.0,0.0
201400003607,11,3,14,10,1,31,399,1,1,1,6,route de longages,0.0,0.0
201400003608,17,3,14,8,1,31,365,1,1,1,7,,0.0,0.0
201400003609,28,3,14,12,1,31,455,1,1,1,6,,43.27175,1.19922
201400003610,18,5,14,20,1,31,107,2,1,1,7,40 chemin de l'industrie,43.305,1.216
201400003611,15,6,14,18,1,31,365,1,1,1,7,,43.135,1.276
201400003612,27,6,14,13,1,31,361,1,1,1,1,la grangette,43.34564,1.32378
201400003613,9,7,14,9,1,31,375,2,7,2,6,place des anciens combat,43.209,1.228
201400003614,31,7,14,22,5,31,303,1,1,1,2,153 chemin de lavernose,43.3695,1.23963
201400003615,16,8,14,2,3,31,375,1,1,1,7,,0.0,0.0
201400003616,20,9,14,9,1,31,361,1,1,1,3,,0.0,0.0
201400003617,3,10,14,7,1,31,52,1,2,1,1,,0.0,0.0
201400003618,10,10,14,14,1,31,334,1,1,8,1,,43.376,1.302
201400003619,26,10,14,10,1,31,361,1,1,1,6,,43.33557,1.29476
201400003620,31,10,14,21,3,31,107,1,1,1,2,,0.0,0.0
201400003621,1,12,14,17,2,31,107,2,1,2,3,46 avenue de toulouse,43.30116,1.22481
201400003622,24,10,14,10,1,31,193,1,1,1,6,,0.0,0.0
201400003623,14,1,14,20,5,31,499,2,1,3,3,81 avenue du LANGUEDOC,43.51217,1.18545
201400003624,18,1,14,15,3,31,187,1,1,1,6,,0.0,0.0
201400003625,4,2,14,15,1,31,424,1,1,1,1,,0.0,0.0
201400003626,18,2,14,7,1,31,424,1,1,1,3,,0.0,0.0
201400003627,27,2,14,16,1,31,499,2,1,1,6,53 avenue du Languedoc,43.513,1.1824
201400003628,11,3,14,18,1,31,424,2,1,1,4,Rue des écoles,0.0,0.0
201400003629,14,4,14,15,1,31,424,2,6,1,6,D24 route de Pibrac,43.58427,1.28903
201400003630,15,4,14,17,1,31,188,1,2,7,3,rte de la salvetat,43.56923,1.23322
201400003631,28,4,14,17,1,31,499,2,1,7,1,1931 route de Lamasquère,43.50464,1.19577
201400003632,5,5,14,19,1,31,526,2,6,1,7,avenue du grand bois,43.57469,1.2444
201400003633,6,6,14,17,1,31,424,2,1,1,2,Rue du 11 novembre 1918,43.57,1.28709
201400003634,11,7,14,20,1,31,424,2,3,1,3,ave vitarelles/charlas,43.56443,1.31836
201400003635,3,7,14,8,1,31,424,2,9,1,7,ROUTE DE TARBES,43.57177,1.31235
201400003636,28,8,14,6,2,31,424,2,1,1,1,,0.0,0.0
201400003637,1,10,14,7,2,31,188,1,1,1,7,,0.0,0.0
201400003638,5,10,14,13,1,31,187,1,1,1,1,,0.0,0.0
201400003639,18,11,14,18,5,31,424,2,1,9,7,rue des Landes,0.0,0.0
201400003640,1,12,14,8,2,31,187,1,1,1,1,,0.0,0.0
201400003641,25,1,14,22,5,31,535,2,1,1,6,,43.03388,0.66697
201400003642,6,2,14,20,3,31,302,1,1,8,6,D 69,43.17286,0.65105
201400003643,26,2,14,18,2,31,76,1,2,1,3,,0.0,0.0
201400003644,24,3,14,14,1,31,405,1,1,1,3,,42.9673,0.64706
201400003645,6,4,14,2,3,31,542,1,1,1,6,,43.05684,0.59135
201400003646,10,5,14,14,1,31,344,1,1,7,6,,0.0,0.0
201400003647,20,6,14,19,1,31,430,1,1,1,3,,0.0,0.0
201400003648,14,8,14,2,5,31,390,2,1,1,6,Rue des Pyrénées,43.08499,0.56799
201400003649,16,10,14,20,5,31,537,1,1,1,3,,0.0,0.0
201400003650,10,11,14,16,1,31,246,1,6,7,3,,0.0,0.0
201400003651,7,12,14,23,3,31,247,1,1,1,6,,0.0,0.0
201400003652,13,12,14,17,1,31,585,1,1,8,1,,0.0,0.0
201400003653,6,3,14,10,1,31,235,1,1,1,6,,0.0,0.0
201400003654,25,4,14,19,2,31,42,2,1,1,6,AVENUE DE TOULOUSE,42.80051,0.59637
201400003655,16,6,14,13,1,31,500,1,1,1,6,cournudero,42.76959,0.60801
201400003656,14,7,14,4,3,31,559,1,1,2,6,,0.0,0.0
201400003657,13,7,14,15,1,31,42,1,1,1,3,,0.0,0.0
201400003658,15,8,14,9,1,31,176,1,1,1,2,,42.9429,0.64425
201400003659,15,10,14,14,1,31,470,1,1,1,1,,0.0,0.0
201400003660,10,11,14,10,1,31,500,1,1,1,6,,0.0,0.0
201400003661,9,12,14,1,5,31,470,1,1,4,6,,0.0,0.0
201400003662,24,1,14,18,3,31,23,2,1,3,6,Rte de St-Gaudens,0.0,0.0
201400003663,30,1,14,9,1,31,468,1,2,8,3,,0.0,0.0
201400003664,14,2,14,9,1,31,80,1,1,1,1,,0.0,0.0
201400003665,18,5,14,17,1,31,239,2,1,1,6,route de toulouse,0.0,0.0
201400003666,18,7,14,14,1,31,482,1,1,1,6,,0.0,0.0
201400003667,2,10,14,17,1,31,28,1,1,1,7,,43.22423,0.86191
201400003668,5,10,14,5,3,31,152,1,1,1,6,,0.0,0.0
201400003669,10,10,14,17,1,31,347,1,1,8,6,,0.0,0.0
201400003670,28,10,14,17,1,31,278,2,1,1,6,pont de la Noue,0.0,0.0
201400003671,18,11,14,17,2,31,8,1,1,1,6,,43.35605,0.81421
201400003672,24,12,14,9,1,31,28,1,1,1,3,,0.0,0.0
201400003673,4,7,14,17,1,31,42,2,1,1,1,80 Ave maréchal FOCH,42.79235,0.59172
201400003674,9,4,14,13,1,31,523,1,1,1,7,,43.091,0.969
201400003675,3,8,14,9,1,31,315,2,3,1,5,RD117/ave des pyrénées,43.07937,0.95496
201400003676,21,9,14,6,3,31,348,1,1,1,6,,0.0,0.0
201400003677,23,11,14,0,3,31,544,1,1,1,6,,0.0,0.0
201400003678,30,5,14,10,1,31,582,2,1,1,6,89 rue de la république,43.39837,1.71743
201400003679,31,5,14,7,1,31,137,2,1,2,1,D25,0.0,0.0
201400003680,19,6,14,9,1,31,210,1,1,1,6,,43.3837,1.70364
201400003681,20,6,14,15,1,31,534,1,1,1,6,,43.59237,1.71471
201400003682,16,7,14,20,1,31,37,2,3,7,1,carrefour D 43 / D 813,43.36792,1.77944
201400003683,19,7,14,8,1,31,331,1,1,1,6,lieudit rozen,43.52385,1.68648
201400003684,10,11,14,17,1,31,582,2,1,1,3,RUE CARNOT,43.39941,1.71754
201400003685,13,11,14,15,1,31,571,1,1,1,3,,0.0,0.0
201400003686,6,12,14,18,3,31,368,1,1,3,6,,0.0,0.0
201400003687,8,12,14,10,1,31,26,1,3,1,3,route de caraman,43.52259,1.81648
201400003688,10,4,14,14,1,31,48,1,1,1,3,,43.44734,1.63536
201400003689,1,6,14,6,2,31,227,2,1,1,6,268 CHEMIN DES CRETES,0.0,0.0
201400003690,6,7,14,22,3,31,381,1,6,1,6,,0.0,0.0
201400003691,13,9,14,17,1,31,192,1,1,1,7,route de lanta,43.51041,1.6189
201400003692,30,9,14,21,3,31,384,1,1,1,6,,43.496,1.565
201400003693,25,1,14,19,5,31,451,2,1,2,3,rue du Taur,43.45934,2.00562
201400003694,28,2,14,11,1,31,451,1,1,1,1,,0.0,0.0
201400003695,23,3,14,18,1,31,329,1,1,7,1,,0.0,0.0
201400003696,3,6,14,17,1,31,451,1,1,1,2,lieudit couffinal,43.48495,2.02796
201400003697,3,7,14,19,1,31,478,1,1,1,6,,0.0,0.0
201400003698,14,12,14,23,3,31,478,1,1,1,1,,0.0,0.0
201400003699,7,9,14,6,2,90,71,1,1,1,6,,43.0085,1.49947
201400003700,15,6,14,9,1,90,203,1,1,1,1,,43.00713,1.46756
201400003701,18,1,14,8,3,90,142,1,1,1,7,,42.95012,1.78486
201400003702,8,3,14,18,1,90,206,1,1,1,6,,42.88145,1.80152
201400003703,20,5,14,18,5,90,160,2,1,1,6,82 avenue Jean Jaures,42.93016,1.84466
201400003704,24,7,14,16,1,90,160,2,1,1,3,110 AVENUE JEAN JAURES,42.92964,1.84394
201400003705,20,8,14,12,1,90,160,2,1,1,6,avenue du 11 novembre,42.93967,1.85399
201400003706,2,9,14,7,1,90,160,2,6,1,3,Rond point de l'Europe,42.93274,1.8487
201400003707,1,9,14,16,1,90,166,1,3,1,3,,42.93273,1.72468
201400003708,16,11,14,16,1,90,47,1,1,1,6,,42.91071,1.94664
201400003709,5,12,14,15,1,90,47,1,1,1,6,,42.91074,1.94735
201400003710,10,12,14,14,1,90,160,2,1,1,6,rue jacquard,42.92679,1.8433
201400003711,26,12,14,22,3,90,249,1,1,1,6,,42.91867,1.78729
201400003712,24,4,14,17,1,90,188,1,1,1,6,,42.88416,1.62134
201400003713,10,5,14,14,1,90,221,2,1,1,6,RN 20,42.82654,1.61669
201400003714,14,5,14,16,1,90,77,1,1,1,6,,42.80298,1.58968
201400003715,9,8,14,6,2,90,221,1,1,1,1,,42.81848,1.6235
201400003716,20,8,14,18,1,90,306,1,1,1,1,,42.82991,1.61149
201400003717,24,8,14,23,5,90,334,2,1,1,1,Route de Montr?al de Sos,42.76991,1.49007
201400003718,8,11,14,8,1,90,15,2,1,1,6,route de M?nac,42.87079,1.59995
201400003719,15,11,14,16,1,90,58,1,1,1,3,,42.86402,1.60725
201400003720,10,5,14,11,1,90,104,2,1,1,3,avenue de varilhes,43.03771,1.63689
201400003721,15,5,14,17,1,90,60,1,1,1,3,,43.17317,1.6046
201400003722,28,6,14,16,1,90,312,1,1,1,1,,43.09249,1.68155
201400003723,5,9,14,15,1,90,312,2,1,1,4,,43.10218,1.63923
201400003724,7,9,14,13,1,90,276,1,1,1,1,,43.09865,1.55464
201400003725,30,10,14,15,1,90,245,1,1,1,7,,43.0545,1.58571
201400003726,30,12,14,12,1,90,312,1,1,1,3,,43.09765,1.65403
201400003727,30,8,14,17,1,90,277,1,1,1,2,,43.25961,1.3575
201400003728,31,8,14,20,3,90,167,1,1,1,7,,43.27272,1.30491
201400003729,27,5,14,19,1,90,161,1,1,1,1,,42.98873,1.90062
201400003730,4,9,14,8,1,90,314,2,1,1,3,hameau de Jalabert,43.0622,1.80457
201400003731,12,10,14,4,3,90,194,1,1,1,7,,43.09829,1.89956
201400003732,12,1,14,12,1,90,282,2,1,1,6,route de cant?,43.24,1.56978
201400003733,12,1,14,21,1,90,282,1,1,1,6,,43.22169,1.70751
201400003734,2,2,14,20,5,90,76,1,9,1,6,,43.256,1.53959
201400003735,1,5,14,15,1,90,282,2,8,1,3,pn 39,43.23882,1.57308
201400003736,14,5,14,11,1,90,331,1,1,1,3,,43.17933,1.60752
201400003737,30,9,14,6,3,90,76,1,1,1,1,,43.27191,1.55047
201400003738,1,1,14,16,1,90,209,1,1,1,7,,42.99568,1.15601
201400003739,11,8,14,14,1,90,164,2,1,8,7,CD 117,43.00042,1.23414
201400003740,11,9,14,8,1,90,261,2,1,1,6,avenue aristide Berges,42.99453,1.13664
201400003741,9,2,14,20,5,90,214,1,1,1,1,,42.95675,1.0843
201400003742,29,9,14,18,1,90,261,1,1,2,6,,42.98003,1.1472
201400003743,10,10,14,12,1,90,261,1,1,8,1,,42.9902,1.15281
201400003744,29,10,14,14,1,90,289,2,1,7,3,48 AV. ARISTIDE BERGES,43.00677,1.12392
201400003745,16,12,14,18,5,90,261,2,1,3,6,avenue gallieni,42.98235,1.14344
201400003746,29,12,14,15,1,90,164,1,1,1,7,,42.9936,1.21412
201400003747,20,6,14,12,1,90,5,1,1,1,6,,42.91137,1.25326
201400003748,9,8,14,15,1,90,322,1,1,1,6,,42.80663,1.26233
201400003749,17,8,14,3,1,90,29,2,1,1,6,Chemin de Cameza,42.79091,1.33741
201400003750,22,11,14,13,1,90,57,1,1,1,6,,42.89092,1.31252
201400003751,6,3,14,8,2,90,235,2,1,7,6,RN 117,43.03146,1.02212
201400003752,3,6,14,21,3,90,235,1,1,1,1,,43.03325,1.03677
201400003753,21,11,14,14,1,90,235,2,7,1,6,cd117,43.0314,1.02102
201400003754,25,10,14,14,1,20,168,1,1,2,1,PARIS (ROUTE DE)  D 1003,0.0,0.0
201400003755,23,1,14,7,5,20,168,2,1,5,6,"100, SOISSONS (AVENUE DE",49.05615,3.39502
201400003756,12,4,14,18,1,20,168,2,1,1,6,"89, VAUCRISES (AVENUE DE",49.05028,3.38917
201400003757,10,7,14,9,1,20,168,2,1,2,7,"23, JULES LEFEBVRE (AVEN",49.04289,3.39294
201400003758,25,7,14,17,1,20,168,2,9,1,6,"3, JULES LEFEBVRE (AVENU",49.04337,3.39646
201400003759,16,8,14,13,1,20,168,2,2,1,2,D1,0.0,0.0
201400003760,30,6,14,14,1,12,185,1,1,1,2,RD 911,44.2771,2.72363
201400003761,17,11,14,7,1,12,96,1,1,2,3,,0.0,0.0
201400003762,20,1,14,7,2,12,56,2,1,2,6,LIEU DIT LE LAC,44.2851,2.48008
201400003763,29,1,14,8,2,12,133,1,1,4,5,RN 88 - PR 58,44.2938,2.52012
201400003764,23,2,14,13,1,12,133,2,1,1,3,AVENUE DE RODEZ,44.298,2.55747
201400003765,6,3,14,17,1,12,133,1,1,1,4,AVENUE DE RODEZ,44.3033,2.55695
201400003766,22,6,14,9,1,12,56,1,1,1,3,LE LAC,44.2853,2.48128
201400003767,12,7,14,20,1,12,162,1,1,1,6,,44.311,2.443
201400003768,23,8,14,14,3,12,113,1,1,1,6,,44.27,2.385
201400003769,2,2,14,16,1,12,46,1,1,1,6,LIEUDIT : RADAMAX,44.2005,2.40281
201400003770,4,2,14,0,3,12,194,1,1,2,1,LA BARAQUE DE MOLINIE,44.2486,2.40972
201400003771,4,4,14,11,1,12,57,1,1,2,7,,0.0,0.0
201400003772,8,4,14,11,1,12,234,1,1,2,7,,44.2186,2.54423
201400003773,21,6,14,6,2,12,194,1,1,1,7,RN 88,44.218,2.4084
201400003774,11,7,14,15,1,12,73,1,1,1,1,,0.0,0.0
201400003775,13,9,14,20,2,12,234,1,1,1,7,,0.0,0.0
201400003776,21,11,14,10,1,12,57,2,1,1,6,avenue de Lod?ve,0.0,0.0
201400003777,7,1,14,13,1,12,171,1,1,1,6,D 901,44.5268,2.41258
201400003778,18,1,14,14,1,12,138,1,1,1,3,CD 901 - LENDREVIE,44.4806,2.45116
201400003779,6,4,14,3,3,12,254,1,1,1,7,D 904,44.4439,2.57994
201400003780,1,8,14,12,1,12,142,1,1,1,3,,44.404,2.365
201400003781,16,10,14,7,3,12,16,1,1,2,7,,0.0,0.0
201400003782,24,9,14,7,5,12,215,2,1,8,6,route de rodez,44.474,2.412
201400003783,21,2,14,15,1,12,101,1,1,2,7,LIEUDIT : LA PLANQUE,44.6054,2.24251
201400003784,30,8,14,17,1,12,121,2,1,1,7,Carrefour CD1/CD634,0.0,0.0
201400003785,9,5,14,14,1,12,131,1,1,1,2,LE CHAMP DES LOUPS,44.3897,2.67483
201400003786,21,5,14,14,1,12,33,2,1,6,7,"121, ROUTE D'ESPALION",44.4723,2.73007
201400003787,15,6,14,11,1,12,131,1,1,1,5,RN 88 - LIEUDIT CANABOLS,44.3803,2.65487
201400003788,20,6,14,18,1,12,172,1,1,1,1,RD 920,44.583,2.63367
201400003789,23,10,14,16,1,12,49,1,1,1,5,,0.0,0.0
201400003790,31,12,14,11,1,12,96,2,1,1,6,3 Place saint georges,44.52,2.758
201400003791,29,5,14,17,1,12,5,1,1,1,6,,44.7616,2.84193
201400003792,13,8,14,14,1,12,88,1,1,1,6,,0.0,0.0
201400003793,10,5,14,6,2,12,116,1,1,1,6,,44.713,2.74
201400003794,14,9,14,16,1,12,36,1,1,1,6,,44.866,2.716
201400003795,5,6,14,8,1,12,219,1,9,1,1,CABANAC,44.4788,2.9226
201400003796,16,7,14,14,2,12,219,1,1,1,6,,0.0,0.0
201400003797,13,8,14,19,1,12,61,1,1,1,6,,0.0,0.0
201400003798,24,10,14,15,1,12,182,1,1,1,6,,0.0,0.0