Num_Acc,jour,mois,an,hr,condition_eclairage,departement,commune,condition_agglomeration,intersection,condition_atmosphere,type_collision,adresse,lattitude,longitude
201400003799,22,1,14,10,1,12,2,1,2,1,3,LA BORIE SECHE,44.1643,3.08589
201400003800,10,6,14,13,1,12,178,1,1,1,6,VC CARBASSAS/PAULHE,44.1419,3.10781
201400003801,14,6,14,14,1,12,200,1,1,1,2,RD 907,44.1897,3.15293
201400003802,26,7,14,9,1,12,82,1,1,1,7,,43.952,3.275
201400003803,29,7,14,16,1,12,63,1,1,1,1,,0.0,0.0
201400003804,3,8,14,16,1,12,2,1,1,1,6,,44.14,3.1
201400003805,21,8,14,17,1,12,2,2,8,1,5,passage ? niveau 74,44.157,3.099
201400003806,16,9,14,15,1,12,204,2,1,1,4,D991,0.0,0.0
201400003807,19,10,14,11,1,12,2,1,1,1,7,,0.0,0.0
201400003808,23,3,14,20,5,12,299,2,1,4,6,AVENUE DU LEVEZOU,44.0883,2.70516
201400003809,14,5,14,9,1,12,213,1,1,1,6,RD 911,44.1604,3.00571
201400003810,23,5,14,7,1,12,238,1,1,1,1,RD 911,44.2398,2.96549
201400003811,28,8,14,13,1,12,291,1,2,1,3,,0.0,0.0
201400003812,30,8,14,10,1,12,62,1,1,1,7,,0.0,0.0
201400003813,22,11,14,15,1,12,153,1,1,5,6,,0.0,0.0
201400003814,28,11,14,17,3,12,307,2,1,3,6,RD 199 pk 6+750,0.0,0.0
201400003815,7,6,14,12,1,12,270,1,1,1,6,LE MERDANS,44.3372,3.06623
201400003816,20,3,14,13,1,12,243,1,1,1,6,CD 993,44.0127,2.93545
201400003817,7,6,14,9,1,12,37,1,3,1,1,,44.0563,2.70335
201400003818,7,7,14,0,3,12,286,1,1,2,3,,43.937,2.83
201400003819,13,8,14,10,1,12,208,2,1,1,6,,43.962,2.88
201400003820,14,9,14,5,4,12,208,2,1,1,6,173 route de couat,43.956,2.896
201400003821,2,11,14,4,3,12,203,1,1,5,6,,43.962,2.959
201400003822,30,11,14,4,3,12,37,1,1,8,7,,44.012,2.701
201400003823,14,1,14,7,2,12,300,2,1,2,6,D911AVENUE SAINT GILES,44.3515,2.03453
201400003824,27,3,14,13,1,12,136,1,1,1,7,BELVEZET,44.3766,2.11383
201400003825,15,4,14,14,1,12,263,1,1,1,2,LIEUDIT : BACH,44.3465,1.959
201400003826,9,5,14,17,1,12,300,2,9,1,6,PARKING CC LECLERC,44.3605,1.99663
201400003827,14,6,14,10,1,12,300,1,1,1,1,RD 922,44.3206,2.02779
201400003828,20,6,14,16,1,12,287,1,1,1,6,RD 926,44.3249,1.90391
201400003829,2,7,14,14,1,12,300,2,1,1,4,Pont National,0.0,0.0
201400003830,27,7,14,11,1,12,136,1,1,1,1,,0.0,0.0
201400003831,26,8,14,12,1,12,300,1,1,2,6,,0.0,0.0
201400003832,11,9,14,17,1,12,136,1,2,1,3,,0.0,0.0
201400003833,26,9,14,17,1,12,300,1,1,1,7,,0.0,0.0
201400003834,20,10,14,14,1,12,140,1,1,1,1,,0.0,0.0
201400003835,22,11,14,12,1,12,300,2,1,1,1,route de montauban,0.0,0.0
201400003836,13,4,14,17,1,12,104,1,2,1,3,FREJEROQUES,44.5134,2.02874
201400003837,4,7,14,9,1,12,301,2,1,2,2,avenue du rouergue,0.0,0.0
201400003838,6,7,14,17,1,12,257,1,2,8,3,,44.53,2.056
201400003839,8,9,14,17,1,12,257,2,1,2,1,loupiac,44.544,2.028
201400003840,18,10,14,16,1,12,52,2,2,1,3,AVENUE ALBERT THOMAS,0.0,0.0
201400003841,30,10,14,15,1,12,257,2,1,1,1,BOURG DE LOUPIAC,44.544,2.028
201400003842,30,10,14,19,3,12,105,1,1,1,3,,44.236,2.019
201400003843,21,11,14,20,3,12,198,1,1,1,1,,44.329,2.206
201400003844,7,4,14,18,1,32,279,1,1,1,6,,43.6996,0.65894
201400003845,15,6,14,20,1,32,200,1,1,1,1,,43.5836,0.54141
201400003846,31,7,14,16,1,32,60,1,1,1,2,,43.5659,0.61094
201400003847,5,10,14,4,3,32,307,1,1,1,6,,43.5992,0.61476
201400003848,7,1,14,19,3,32,249,1,1,1,1,,43.7062,0.85183
201400003849,21,3,14,8,1,32,249,2,1,1,5,RUE DE LA REPUBLIQUE,43.7297,0.87934
201400003850,15,4,14,21,3,32,436,1,3,1,3,,43.7803,0.88824
201400003851,18,4,14,16,1,32,376,1,1,1,6,,43.7613,0.77976
201400003852,4,5,14,13,1,32,12,1,6,1,6,,43.6377,0.8219
201400003853,28,5,14,17,1,32,12,1,8,2,6,,0.0,0.0
201400003854,6,7,14,21,2,32,123,1,1,1,6,,43.6253,0.92506
201400003855,6,8,14,17,1,32,436,2,1,1,1,EN BOUNEAU,43.811,0.90199
201400003856,28,8,14,10,1,32,147,2,2,1,3,RUE COMBE DU MIDI,43.6262,0.8748
201400003857,10,9,14,6,2,32,147,1,1,1,6,,0.0,0.0
201400003858,6,9,14,22,5,32,147,2,1,1,6,BOULEVARD DE CAHUZAC,43.6296,0.87003
201400003859,30,9,14,10,1,32,147,2,1,8,6,24 BOULEVARD DU NORD,43.628,0.87627
201400003860,28,1,14,8,1,32,268,1,2,1,3,,43.6071,0.98567
201400003861,31,1,14,18,5,32,425,2,4,1,1,,43.6304,1.13101
201400003862,2,3,14,7,1,32,16,1,1,1,5,,43.5827,1.04658
201400003863,13,5,14,7,1,32,16,1,1,1,6,,43.5408,1.09674
201400003864,10,9,14,18,1,32,160,1,1,1,6,,43.6231,1.10976
201400003865,19,10,14,16,2,32,160,1,1,1,7,,0.0,0.0
201400003866,12,2,14,12,1,32,410,1,3,1,3,,43.4906,0.9426
201400003867,14,5,14,18,1,32,322,1,3,1,2,,43.5325,0.99193
201400003868,12,10,14,18,1,32,433,1,1,1,6,,0.0,0.0
201400003869,18,10,14,12,1,32,374,1,1,1,6,,43.4894,0.75247
201400003870,14,1,14,18,5,32,462,2,1,2,6,,43.7556,0.30238
201400003871,26,1,14,16,1,32,462,2,1,2,1,RN124,43.7528,0.31279
201400003872,25,7,14,17,1,32,301,1,1,8,5,,43.7133,0.43435
201400003873,27,7,14,1,3,32,301,1,1,1,7,,43.6954,0.45289
201400003874,23,8,14,15,1,32,54,1,1,1,7,,43.7237,0.38523
201400003875,18,9,14,1,5,32,462,2,1,1,6,LIEU DIT FAGIAT,43.7613,0.30946
201400003876,18,9,14,15,1,32,204,1,1,1,6,,43.7585,0.50549
201400003877,29,9,14,20,3,32,301,1,1,1,6,,0.0,0.0
201400003878,9,10,14,17,1,32,462,1,1,3,6,,43.7752,0.30209
201400003879,10,10,14,18,2,32,462,1,1,2,1,,43.7467,0.34202
201400003880,12,11,14,22,3,32,43,1,1,1,1,,43.6939,0.24354
201400003881,24,12,14,14,5,32,462,2,1,5,7,route nationale 124,0.0,0.0
201400003882,22,1,14,15,1,32,107,2,2,2,3,BOULEVARD ACAN ET TOE,43.9571,0.37638
201400003883,30,1,14,8,1,32,292,1,1,1,6,,43.8963,0.29538
201400003884,21,2,14,19,3,32,79,1,1,1,6,,43.9581,0.08927
201400003885,22,4,14,6,2,32,107,2,1,2,6,RD110 PK 0+400,0.0,0.0
201400003886,26,4,14,4,3,32,203,1,1,8,6,,43.9342,0.24313
201400003887,20,6,14,8,1,32,107,2,1,7,6,4 BOULEVARD ST MICHEL,43.9542,0.37095
201400003888,21,6,14,22,3,32,197,1,1,1,6,,0.0,0.0
201400003889,21,7,14,22,3,32,107,1,1,1,6,,0.0,0.0
201400003890,10,10,14,11,1,32,79,1,1,2,6,,43.9187,0.09222
201400003891,15,10,14,12,1,32,404,1,1,1,6,,43.8545,0.44976
201400003892,8,11,14,17,1,32,194,2,1,7,6,,43.9442,0.31042
201400003893,11,12,14,19,3,32,52,1,1,2,6,,0.0,0.0
201400003894,6,1,14,14,1,32,119,1,1,1,7,,0.0,0.0
201400003895,22,1,14,15,1,32,155,1,3,3,3,,43.7804,-0.19814
201400003896,31,1,14,18,1,32,296,2,1,1,6,,43.758,-0.03171
201400003897,4,2,14,8,1,32,296,2,3,1,1,,43.7527,-0.02968
201400003898,9,3,14,9,1,32,296,2,4,1,6,35 RUE NATIONALE,43.759,-0.03304
201400003899,24,5,14,14,1,32,119,1,1,1,6,,43.849,0.1297
201400003900,8,6,14,6,1,32,25,1,1,1,6,,43.8666,-0.0497
201400003901,13,6,14,12,1,32,5,1,1,1,6,,43.7545,-0.09596
201400003902,15,6,14,19,1,32,119,2,2,1,3,AVENUE DE SAUBOIRES,43.8544,0.08919
201400003903,16,7,14,16,1,32,87,1,1,1,1,,43.8605,-0.16804
201400003904,27,7,14,17,1,32,191,1,1,1,1,,43.7471,-0.11333
201400003905,26,7,14,8,2,32,96,1,1,5,1,,43.9385,-0.07216
201400003906,17,8,14,18,1,32,96,1,1,1,2,,43.9287,-0.07482
201400003907,22,8,14,9,1,32,227,2,1,1,3,CD 931,43.8004,0.04416
201400003908,6,9,14,16,1,32,264,1,1,1,6,,43.9334,-0.11811
201400003909,15,12,14,18,3,32,338,1,1,2,6,,0.0,0.0
201400003910,18,12,14,15,1,32,115,1,1,2,6,,43.7683,0.15072
201400003911,12,2,14,14,1,32,239,1,1,1,6,,43.9373,0.51942
201400003912,9,3,14,8,1,32,132,2,1,1,6,ave Pierre de Coubertin,0.0,0.0
201400003913,5,4,14,19,1,32,452,1,2,7,1,,43.8669,0.85298
201400003914,4,5,14,20,1,32,442,1,1,1,6,,43.9122,0.54786
201400003915,3,10,14,14,1,32,395,1,1,1,2,,43.9957,0.67254
201400003916,2,11,14,12,1,32,132,1,3,1,1,,43.8548,0.67766
201400003917,1,11,14,15,1,32,391,1,2,7,3,,43.9996,0.57553
201400003918,31,12,14,13,1,32,208,2,6,7,3,Route d'Agen,0.0,0.0
201400003919,31,1,14,18,2,32,365,2,1,8,6,,43.3442,0.64849
201400003920,10,2,14,17,2,32,302,1,3,3,5,,43.5198,0.60479
201400003921,27,4,14,7,1,32,304,1,1,2,6,,43.3916,0.5672
201400003922,30,6,14,10,1,32,361,1,1,1,7,,43.4532,0.51866
201400003923,28,9,14,3,3,32,186,1,1,1,6,,43.4913,0.66253
201400003924,10,10,14,16,1,32,256,1,1,1,5,,43.5337,0.43011
201400003925,1,11,14,17,1,32,397,2,1,1,1,Le Caillaou,0.0,0.0
201400003926,20,11,14,16,1,32,41,1,1,1,6,,43.4216,0.64107
201400003927,25,2,14,18,1,32,152,1,1,8,6,,43.4172,0.16449
201400003928,13,8,14,12,1,32,252,1,1,1,1,,43.4239,0.29588
201400003929,16,8,14,15,1,32,167,1,1,1,6,,0.0,0.0
201400003930,9,10,14,10,1,32,167,1,3,8,6,,43.4701,0.32802
201400003931,26,11,14,20,3,65,375,1,1,2,7,RN 21,0.0,0.0
201400003932,5,5,14,3,3,46,323,1,1,1,7,,44.58959,1.51475
201400003933,14,7,14,15,1,46,109,1,1,1,7,,44.31645,1.51087
201400003934,9,12,14,14,1,46,323,1,1,1,2,,44.58622,1.51567
201400003935,22,12,14,16,1,46,323,1,1,1,7,,44.58088,1.5149
201400003936,4,4,14,21,3,46,197,1,1,1,2,,0.0,0.0
201400003937,11,5,14,3,3,46,91,1,1,3,7,,44.37003,1.6212
201400003938,30,5,14,5,2,46,70,1,1,1,6,,44.38466,1.51342
201400003939,23,7,14,9,1,46,197,1,1,1,1,,0.0,0.0
201400003940,29,8,14,8,1,46,137,1,1,1,1,,0.0,0.0
201400003941,16,9,14,8,1,46,183,1,1,1,3,,44.28494,1.4735
201400003942,18,11,14,7,2,46,197,1,1,2,6,,44.40113,1.44984
201400003943,27,2,14,21,3,46,107,2,1,1,6,le bourg,44.44429,1.12116
201400003944,12,3,14,16,1,46,301,1,1,1,6,,44.43486,1.25942
201400003945,22,5,14,9,1,46,114,1,1,1,1,,44.58046,1.17382
201400003946,23,5,14,12,1,46,225,2,1,2,1,Boulevard de La Paix,44.50396,1.18616
201400003947,13,7,14,15,1,46,225,2,1,2,6,ave du G?n?ral BESSIERES,44.50371,1.18858
201400003948,20,7,14,17,1,46,33,1,1,2,1,,44.39928,1.16851
201400003949,2,8,14,18,1,46,32,1,1,1,1,,44.5514,1.40027
201400003950,3,8,14,18,1,46,112,1,1,1,6,,44.56288,1.47235
201400003951,5,8,14,10,1,46,134,1,1,1,6,,44.55031,1.237
201400003952,5,9,14,19,1,46,305,1,1,1,1,,0.0,0.0
201400003953,21,9,14,18,1,46,1,1,1,1,6,,44.49067,1.22376
201400003954,16,10,14,6,3,46,88,1,1,2,5,,44.47582,1.33125
201400003955,18,10,14,10,1,46,66,1,1,1,1,,44.65616,1.2271
201400003956,2,11,14,16,1,46,335,1,1,1,1,,44.40258,1.28536
201400003957,20,11,14,10,1,46,107,1,1,1,3,,44.45301,1.1147
201400003958,14,12,14,1,5,46,321,2,1,1,6,Les Granges,44.49915,1.05885
201400003959,17,1,14,9,1,46,102,2,1,1,6,Avenue de Toulouse,44.60394,2.03706
201400003960,25,4,14,16,1,46,102,1,1,2,6,,0.0,0.0
201400003961,19,5,14,12,1,46,55,1,1,1,6,,44.58012,2.06703
201400003962,29,7,14,22,3,46,55,1,1,1,1,,44.58645,2.08761
201400003963,23,8,14,11,1,46,102,1,1,8,3,,44.59717,2.01076
201400003964,17,9,14,8,1,46,15,1,1,1,3,,44.64783,2.14081
201400003965,7,11,14,16,1,46,55,1,1,1,3,,0.0,0.0
201400003966,14,11,14,19,5,46,102,2,1,3,6,Avenue georges Pompidou,44.60545,2.02068
201400003967,21,11,14,19,2,46,102,1,1,2,1,,44.57527,2.13262
201400003968,17,4,14,13,1,46,143,1,1,1,2,,44.73203,1.92491
201400003969,17,5,14,12,1,46,132,1,1,1,5,,44.76109,1.76496
201400003970,22,6,14,14,1,46,306,1,1,1,1,,44.69187,1.84534
201400003971,12,7,14,15,1,46,51,1,1,1,7,,44.62291,1.90712
201400003972,21,9,14,11,2,46,45,2,1,1,6,Lieu dit GAILLAC,44.46827,1.82891
201400003973,11,10,14,13,1,46,12,2,1,1,6,rue principale,0.0,0.0
201400003974,16,2,14,17,2,46,177,1,1,2,1,,0.0,0.0
201400003975,22,2,14,19,1,46,177,1,1,1,6,,44.88286,1.81591
201400003976,28,2,14,14,1,46,271,1,1,3,3,,44.86672,1.85844
201400003977,19,5,14,14,1,46,284,1,1,1,1,,44.89737,1.85859
201400003978,1,6,14,18,1,46,281,1,1,1,1,,44.86031,1.84747
201400003979,3,7,14,9,1,46,311,2,1,1,1,Place des condamines,44.87339,2.03663
201400003980,16,7,14,16,1,46,11,2,1,1,6,le bourg,44.85357,1.82062
201400003981,30,7,14,19,1,46,38,2,1,1,7,229 Rue Moulin de C?re,44.91911,1.84682
201400003982,16,8,14,9,1,46,311,1,1,5,1,,44.84843,2.06512
201400003983,13,9,14,18,1,46,228,1,1,7,3,,44.90481,1.85063
201400003984,19,9,14,22,3,46,251,1,1,1,6,,0.0,0.0
201400003985,29,10,14,13,1,46,311,1,1,1,6,,44.88331,2.07716
201400003986,9,11,14,19,3,46,228,1,3,2,1,,44.9092,1.82312
201400003987,5,12,14,14,1,46,123,1,1,1,3,,0.0,0.0
201400003988,9,12,14,16,1,46,311,1,2,1,3,,44.87639,2.03909
201400003989,6,1,14,9,1,46,127,2,1,1,5,68 avenue Gambetta,44.73803,1.38709
201400003990,22,1,14,20,3,46,47,1,1,4,6,,0.0,0.0
201400003991,28,1,14,18,3,46,127,1,1,3,6,,44.71462,1.32438
201400003992,14,3,14,11,1,46,239,1,9,1,6,,44.87481,1.44413
201400003993,7,9,14,13,1,46,127,2,6,1,3,ROND POINT DU DIVAN,44.73579,1.38067
201400003994,11,9,14,16,1,46,127,2,1,7,6,50 avenue Cavaignac,44.73472,1.37804
201400003995,18,11,14,9,1,46,178,1,1,2,6,,0.0,0.0
201400003996,23,7,14,16,1,46,30,1,1,1,6,,0.0,0.0
201400003997,21,8,14,9,1,46,240,1,1,1,1,,44.8044,1.63344
201400003998,4,10,14,10,1,46,138,2,1,1,6,21 rte de Gramat,0.0,0.0
201400003999,30,10,14,14,1,46,128,2,3,1,3,Avenue Louis conte,44.78448,1.71953
201400004000,17,12,14,18,3,46,138,1,1,2,1,,44.59636,1.55457
201400004001,24,1,14,14,1,46,185,1,1,2,6,,44.94323,1.59679
201400004002,28,1,14,11,1,46,309,2,1,2,6,Boulevard Louis Jean Mal,44.94323,1.59679
201400004003,5,2,14,11,1,46,309,1,1,8,1,,44.91038,1.52127
201400004004,17,3,14,19,1,46,309,2,1,1,1,Avenue de SARLAT,44.89274,1.47518
201400004005,30,5,14,13,1,46,265,1,1,1,7,,0.0,0.0
201400004006,1,6,14,16,1,46,185,1,1,1,7,,44.9255,1.62592
201400004007,4,6,14,18,1,46,232,1,1,8,1,,0.0,0.0
201400004008,1,6,14,11,1,46,58,1,1,1,5,,44.92062,1.74391
201400004009,30,8,14,15,1,46,153,2,1,1,6,Le bourg,0.0,0.0
201400004010,19,8,14,19,1,46,208,2,1,1,3,chemin de la COUZEDOUME,44.86556,1.6212
201400004011,13,9,14,11,1,46,118,1,1,1,7,,44.98657,1.46898
201400004012,14,11,14,0,3,46,330,1,1,2,6,,44.94121,1.70175
201400004013,5,12,14,18,3,46,220,1,1,8,1,,44.86585,1.49857
201400004014,15,7,14,18,1,65,17,1,1,1,1,LIEU DIT BOUCAGNERE,42.78651,0.21279
201400004015,18,2,14,17,1,65,235,2,1,1,3,42 route de lourdes,43.19775,0.03148
201400004016,1,5,14,22,5,65,83,2,1,2,6,27 rue de l'adour,43.177,0.101
201400004017,23,5,14,18,1,65,340,1,1,1,1,,43.27018,0.10574
201400004018,28,5,14,11,1,65,235,1,1,2,1,,43.20141,0.03932
201400004019,11,7,14,2,5,65,313,2,1,1,6,,43.17436,0.08945
201400004020,19,7,14,15,1,65,252,1,1,1,5,,43.16663,-0.11055
201400004021,9,10,14,12,1,65,10,1,2,8,5,AVENUE DE TOULOUSE,43.19706,0.15652
201400004022,25,11,14,13,1,65,284,1,6,1,6,ROND POINT AEROPORT,43.18377,0.01156
201400004023,8,4,14,16,1,65,148,1,1,1,6,,43.26201,0.50437
201400004024,27,10,14,11,1,65,183,1,1,1,6,D 41,43.21497,0.40422
201400004025,24,3,14,19,1,65,304,1,1,2,6,,43.47745,0.04229
201400004026,14,2,14,18,2,65,375,1,2,1,6,,43.38524,0.15171
201400004027,12,11,14,16,1,65,304,2,1,1,6,577  AV. DE BORDEAUX,43.46977,0.02821
201400004028,11,2,14,8,2,65,20,1,1,2,6,,43.10018,0.02638
201400004029,4,4,14,19,1,65,473,2,1,1,7,rue du Couscouillet,42.95727,-0.0644
201400004030,29,12,14,17,1,65,21,1,1,8,6,D 13,42.98489,-0.11644
201400004031,22,5,14,13,1,65,32,1,1,1,6,,0.0,0.0
201400004032,14,6,14,11,1,65,267,1,1,1,1,CHEMIN DE CATIBERE,42.99035,-0.09703
201400004033,27,8,14,19,1,65,32,1,1,1,7,ROUTE DU SOULOR,42.96293,-0.23539
201400004034,30,11,14,11,1,65,428,1,1,1,7,D 13,42.9732,-0.15268
201400004035,21,1,14,11,1,65,210,1,1,1,6,,42.89,-0.0592
201400004036,8,2,14,18,5,65,295,2,1,3,6,avenue de ST SAUVEUR,42.86796,-0.00993
201400004037,27,8,14,14,1,65,463,1,1,1,1,,42.87849,0.02184
201400004038,16,1,14,0,5,65,59,2,1,1,6,Rue Paul BERT,43.0635,0.15285
201400004039,29,1,14,14,1,65,320,1,1,1,3,,43.12619,0.11639
201400004040,16,8,14,10,1,65,59,2,9,1,6,all?s des 3 fr?res duthu,43.06281,0.1501
201400004041,17,9,14,12,1,65,338,1,1,1,1,,0.0,0.0
201400004042,7,2,14,13,1,65,258,2,1,1,3,837 rue Bellevue,43.11533,0.39312
201400004043,6,3,14,18,2,65,258,2,1,1,4,,43.12161,0.38537
201400004044,3,5,14,4,5,65,363,2,1,2,6,RD817,0.0,0.0
201400004045,29,6,14,4,3,65,127,2,1,8,6,rue de provence -D 81,43.1172,0.3152
201400004046,7,10,14,18,1,65,287,2,3,1,2,avenue de Luchon,43.01882,0.61117
201400004047,31,10,14,22,1,65,394,1,1,1,6,,0.0,0.0
201400004048,8,12,14,18,3,65,394,1,1,3,1,D817,0.0,0.0
201400004049,30,10,14,17,1,65,482,2,8,1,3,Route de la gare,43.09949,0.44012
201400004050,16,1,14,10,1,65,50,2,1,2,1,Carrefour d'Avajan,42.84583,0.40969
201400004051,20,5,14,6,2,65,99,1,1,2,6,,0.0,0.0
201400004052,23,5,14,18,1,65,408,1,1,1,1,QUARTIER REBOUC,42.9826,0.37536
201400004053,27,6,14,17,1,81,218,1,1,1,4,,43.8813,2.17134
201400004054,19,4,14,18,1,81,48,2,1,1,5,RD 90 LA GAMASSE,43.9772,2.15385
201400004055,16,8,14,3,3,81,114,1,1,1,7,,44.037,2.093
201400004056,1,11,14,16,1,81,319,1,1,7,6,,44.0106,2.05528
201400004057,8,11,14,15,1,81,319,1,2,1,3,,44.0033,2.03897
201400004058,15,11,14,17,2,81,319,1,1,8,3,,43.9972,2.01441
201400004059,25,2,14,9,1,81,222,2,1,1,6,31 BOULEVARD GAMBETTA,43.7754,2.18771
201400004060,17,6,14,14,1,81,260,1,1,1,3,,43.7784,2.23256
201400004061,12,11,14,7,2,81,222,2,6,1,7,ROND-POINT PIERRE PLANT,43.7709,2.18124
201400004062,17,2,14,11,1,81,186,1,4,1,1,,44.0796,2.29339
201400004063,21,5,14,10,1,81,13,1,1,6,1,,44.0103,2.301
201400004064,13,2,14,5,3,81,74,1,1,1,6,LIEU DIT LA BOURIETTE,43.9166,2.23898
201400004065,19,4,14,20,3,81,203,1,1,1,6,,43.8593,2.41718
201400004066,11,7,14,16,1,81,317,1,1,8,6,,43.8884,2.33453
201400004067,12,7,14,21,2,81,295,1,1,2,1,,43.8445,2.3144
201400004068,19,12,14,0,3,81,97,1,1,5,6,,43.861,2.235
201400004069,28,1,14,8,2,81,238,2,1,2,6,AV. MEDITERRAN?E,43.4777,2.48991
201400004070,6,2,14,14,1,81,105,2,1,1,4,3 rue de la mégisserie,43.756,1.991
201400004071,9,6,14,20,1,81,105,2,1,1,7,PLACE DE LA REPUBLIQUE,43.7607,1.98861
201400004072,28,10,14,10,1,81,105,2,1,7,3,boulevard de la casse,43.769,2.001
201400004073,19,12,14,11,1,81,105,1,1,8,2,,43.768,2.04199
201400004074,29,12,14,8,1,81,105,2,1,1,6,La ventenay?,0.0,0.0
201400004075,31,7,14,12,1,81,31,1,9,1,3,,0.0,0.0
201400004076,31,7,14,14,1,81,124,1,1,1,6,,43.7159,2.64996
201400004077,19,1,14,14,1,81,140,1,6,1,6,,43.6919,1.8006
201400004078,27,3,14,15,1,81,104,1,1,1,2,,43.7721,1.76958
201400004079,4,4,14,15,1,81,271,1,1,2,1,,43.7776,1.66819
201400004080,23,6,14,6,1,81,104,1,1,2,3,,43.7509,1.79866
201400004081,27,7,14,17,1,81,140,2,6,1,3,ROND POINT LES SILOS,43.71229,1.8214
201400004082,16,8,14,3,5,81,140,2,6,1,6,ROUTE DE GAILLAC,43.7123,1.82146
201400004083,9,9,14,10,1,81,104,1,6,1,2,,43.749,1.81851
201400004084,22,9,14,17,1,81,104,1,1,1,3,,43.7685,1.77289
201400004085,27,9,14,12,1,81,140,2,6,1,3,ROND POINT ST ROCH,43.70167,1.82059
201400004086,7,11,14,3,3,81,271,1,1,1,6,,43.7547,1.66244
201400004087,7,11,14,11,1,81,104,1,2,2,3,,43.7675,1.77988
201400004088,12,11,14,17,1,81,104,1,1,1,5,,43.7488,1.81379
201400004089,17,11,14,16,1,81,140,1,1,1,1,,43.7082,1.78344
201400004090,19,11,14,15,1,81,140,1,1,1,1,,43.6921,1.81748
201400004091,18,12,14,18,5,81,140,2,1,2,6,all?es F?reol Mazas,43.705,1.804
201400004092,27,9,14,14,1,81,221,1,1,1,6,,0.0,0.0
201400004093,5,10,14,17,1,81,182,1,1,1,6,,43.7224,2.39272
201400004094,10,11,14,16,1,81,182,1,1,7,6,,43.7486,2.40078
201400004095,23,1,14,8,1,81,92,1,2,2,3,LIEU DIT LA SICARDE,43.7228,1.92724
201400004096,22,3,14,16,1,81,109,1,1,2,2,,43.6481,2.135
201400004097,23,5,14,12,1,81,40,1,1,1,7,,43.717,2.0826
201400004098,14,6,14,10,1,81,273,1,1,1,4,,43.5787,2.14738
201400004099,14,6,14,19,1,81,139,1,1,1,6,,43.7219,2.14347
201400004100,27,9,14,16,1,81,250,1,1,1,6,,43.761,2.16564
201400004101,14,12,14,5,3,81,315,1,1,1,6,,43.6261,2.11566
201400004102,18,12,14,9,1,81,92,1,1,1,1,,0.0,0.0
201400004103,23,12,14,22,5,81,315,1,6,5,6,,0.0,0.0
201400004104,9,1,14,15,1,81,93,1,2,1,1,LIEU DIT MOULAYROLLES,43.8796,2.02091
201400004105,4,2,14,7,2,81,294,2,1,1,3,LES PIGOTS,43.8649,1.9222
201400004106,16,2,14,5,3,81,99,1,1,2,6,,43.9044,1.8651
201400004107,18,2,14,17,1,81,99,2,1,1,6,rue du Château du roi,43.89657,1.89867
201400004108,25,3,14,7,2,81,225,1,1,8,6,,43.9192,1.96452
201400004109,6,4,14,3,5,81,99,2,6,1,7,AVENUE SAINT EXUPERY,0.0,0.0
201400004110,27,4,14,13,1,81,99,1,1,2,5,,43.9122,1.83562
201400004111,27,4,14,20,3,81,131,1,1,1,6,,43.904,1.95874
201400004112,19,5,14,8,1,81,99,2,1,1,6,AVENUE JEAN CALVET,43.9,1.89972
201400004113,16,6,14,20,1,81,99,2,9,1,2,AVENUE SAINT EXUPERY,43.9016,1.88983
201400004114,18,6,14,16,1,81,117,1,1,1,5,,43.7924,1.97927
201400004115,27,7,14,19,1,81,99,2,1,1,6,CHEMIN DES SOURCES,43.908,1.907
201400004116,23,8,14,11,1,81,99,2,1,1,3,AVENUE SAINT EXUPERY,43.903,1.887
201400004117,27,9,14,3,3,81,38,1,1,1,6,,43.8836,1.9205
201400004118,1,10,14,17,1,81,99,1,2,1,3,,43.932,1.913
201400004119,23,10,14,10,1,81,99,2,6,1,3,rue georges clemenceau,43.902,1.902
201400004120,25,10,14,7,2,81,99,1,1,1,6,,43.892,1.872
201400004121,30,10,14,19,3,81,225,1,2,1,3,,43.9198,1.98516