Num_Acc,jour,mois,an,hr,condition_eclairage,departement,commune,condition_agglomeration,intersection,condition_atmosphere,type_collision,adresse,lattitude,longitude
201400004122,17,11,14,19,3,81,131,1,1,2,6,,43.8886,1.97349
201400004123,11,12,14,23,3,81,99,1,1,5,6,,43.8884,1.87317
201400004124,1,3,14,18,1,69,89,2,1,1,1,38 av table de pierre,45.74,4.758
201400004125,28,2,14,10,1,69,89,2,1,1,6,88 Avenue du chater,0.0,0.0
201400004126,11,4,14,22,5,69,89,1,1,1,1,,45.754,4.76
201400004127,20,5,14,14,1,69,69,2,1,1,6,22 rue centrale,0.0,0.0
201400004128,21,7,14,17,1,69,89,2,1,9,6,8 grande rue,45.759,4.772
201400004129,8,9,14,7,1,69,69,2,1,1,6,107 avenue ed. millaud,0.0,0.0
201400004130,31,10,14,20,5,69,69,2,1,1,1,405 rue du 11 novembre,0.0,0.0
201400004131,27,9,14,14,1,20,157,1,1,1,2,RN2,49.35536,3.39386
201400004132,11,10,14,6,5,20,408,2,1,1,1,"24, CHRIST (RUE FERNAND)",49.57049,3.60587
201400004133,1,11,14,10,1,20,408,2,6,1,2,VOLTAIRE (RUE),49.57119,3.65505
201400004134,20,11,14,19,5,20,157,2,3,1,6,"12, RUE DESCARTE",49.58859,3.64879
201400004135,8,12,14,13,1,20,408,2,2,2,3,,49.56766,3.59869
201400004136,19,12,14,8,2,20,408,1,3,8,3,RD 651,49.3241,3.3502
201400004137,15,1,14,20,5,20,408,2,4,2,6,HOUSSAYE (RUE ARSENE),49.55743,3.62818
201400004138,9,4,14,0,5,20,408,2,1,1,6,"78, PASTEUR (RUE)",49.56182,3.63293
201400004139,29,1,14,10,1,20,408,2,1,2,6,ROMANETTE (RUELLE),49.55299,3.60695
201400004140,30,1,14,11,1,20,408,2,2,1,3,BLUM (RUE LEON),49.56317,3.64061
201400004141,8,2,14,0,5,20,408,2,2,8,3,"94, GALLET (RUE JACQUES)",49.57527,3.63393
201400004142,28,1,14,20,3,20,408,2,2,8,3,ENFER (RUE D'),49.57062,3.59531
201400004143,24,3,14,8,1,20,408,2,1,1,6,PERI (RUE GABRIEL),49.57062,3.59641
201400004144,4,4,14,13,1,20,408,2,3,1,3,rue francois miterrand,49.57643,3.63255
201400004145,9,4,14,14,1,20,408,1,1,1,2,RD 1044,0.0,0.0
201400004146,16,5,14,14,1,20,28,1,1,1,5,RD1044,0.0,0.0
201400004147,24,7,14,17,1,20,408,2,1,3,6,"12, PREVERT (PLACE JACQU",49.55176,3.62003
201400004148,29,8,14,12,1,20,408,1,1,1,1,RN2,0.0,0.0
201400004149,4,9,14,17,1,20,408,2,1,1,1,"25, FOCH (AVENUE DU MARE",49.55506,3.60554
201400004150,12,1,14,13,1,81,64,1,1,1,3,,43.9682,1.81376
201400004151,23,4,14,15,1,81,80,1,2,1,3,,44.02269,1.9402
201400004152,25,7,14,15,1,81,51,1,1,3,1,,43.9615,1.90535
201400004153,26,7,14,18,1,81,108,1,2,1,3,,44.049,1.884
201400004154,9,8,14,23,5,81,51,1,1,1,6,,44.017,1.916
201400004155,15,9,14,11,1,81,262,1,1,1,6,,44.0788,2.01886
201400004156,12,2,14,16,1,81,145,2,2,1,3,INTER RD 988- RD 10,43.8534,1.8045
201400004157,25,3,14,5,3,81,178,1,3,1,6,,43.9186,1.5962
201400004158,19,4,14,12,1,81,220,1,1,1,7,,43.8415,1.76239
201400004159,25,5,14,21,3,81,70,1,1,3,6,,43.8187,1.74284
201400004160,20,7,14,4,3,81,220,1,1,2,6,,43.8384,1.75623
201400004161,31,7,14,17,1,81,220,1,1,1,3,,43.8093,1.70699
201400004162,5,11,14,14,1,81,220,2,1,7,6,promenade des lices,43.826,1.724
201400004163,10,11,14,14,1,81,220,2,1,1,3,D988,43.832,1.734
201400004164,19,12,14,20,3,81,145,1,1,2,3,,43.913,1.82
201400004165,14,1,14,6,2,81,66,1,1,2,6,,43.5197,2.31054
201400004166,25,1,14,11,1,81,55,1,1,2,7,,43.44,2.048
201400004167,11,4,14,13,1,81,65,1,1,1,3,,43.5864,2.27203
201400004168,9,8,14,11,1,81,2,2,1,1,1,RUE DE LA MAIRIE,43.4939,2.31774
201400004169,20,1,14,12,1,81,50,1,1,2,6,LIEU DIT EN DONAT,43.5926,1.86278
201400004170,8,2,14,12,1,81,32,1,4,7,1,,43.5397,2.01072
201400004171,19,3,14,13,1,81,50,1,1,1,6,,43.582,1.83108
201400004172,5,4,14,17,1,81,32,1,1,7,3,,43.536,2.01009
201400004173,22,8,14,1,5,81,54,1,1,1,1,,43.5749,2.1415
201400004174,21,9,14,21,4,81,219,1,1,1,7,,43.598,2.001
201400004175,27,12,14,20,3,81,200,1,2,3,5,,43.49,2.01399
201400004176,7,1,14,11,1,82,110,1,1,1,2,,0.0,0.0
201400004177,14,2,14,14,1,82,179,2,1,1,5,76 av Marcel Lacassagne,0.0,0.0
201400004178,23,2,14,18,2,82,110,1,1,7,7,,0.0,0.0
201400004179,6,3,14,13,1,82,113,1,1,1,6,,0.0,0.0
201400004180,2,3,14,14,1,82,149,1,1,1,7,,0.0,0.0
201400004181,17,3,14,11,1,82,37,1,4,1,1,,0.0,0.0
201400004182,6,4,14,22,3,82,126,1,1,1,6,,0.0,0.0
201400004183,6,4,14,9,1,82,37,2,1,1,6,41 avenue du général lec,44.1617,1.54128
201400004184,20,4,14,16,1,82,140,1,1,2,7,,44.101,1.3193
201400004185,9,5,14,18,1,82,113,1,1,1,7,,0.0,0.0
201400004186,20,5,14,17,1,82,37,1,1,1,2,,0.0,0.0
201400004187,6,6,14,10,1,82,76,1,1,1,6,,0.0,0.0
201400004188,7,6,14,19,1,82,195,1,1,1,6,,0.0,0.0
201400004189,11,7,14,15,1,82,37,2,1,1,6,116 av Edouard Herriot,0.0,0.0
201400004190,29,7,14,16,1,82,90,2,1,1,1,24  Grande  rue D' ARDUS,0.0,0.0
201400004191,7,8,14,18,1,82,149,2,1,1,6,Les promenades,0.0,0.0
201400004192,15,8,14,15,1,82,37,1,1,1,1,,0.0,0.0
201400004193,19,9,14,19,2,82,113,1,1,1,1,,0.0,0.0
201400004194,21,9,14,16,1,82,77,1,1,1,3,,0.0,0.0
201400004195,29,9,14,6,2,82,37,1,1,9,1,,0.0,0.0
201400004196,10,10,14,13,1,82,87,1,1,1,6,,0.0,0.0
201400004197,16,10,14,7,1,82,37,1,1,1,6,,0.0,0.0
201400004198,2,11,14,15,1,82,149,1,1,1,7,,0.0,0.0
201400004199,19,12,14,9,1,82,76,1,1,1,1,,0.0,0.0
201400004200,9,12,14,9,1,82,126,1,1,1,6,,0.0,0.0
201400004201,29,12,14,6,3,82,179,1,1,1,6,,0.0,0.0
201400004202,6,9,14,13,1,82,187,1,1,1,1,,0.0,0.0
201400004203,20,2,14,15,1,82,134,1,1,1,6,,0.0,0.0
201400004204,3,3,14,18,3,82,161,1,1,4,6,,44.048,1.442
201400004205,11,3,14,19,2,82,2,2,1,1,6,Rue de la Lib?ration,44.094,1.453
201400004206,2,4,14,18,1,82,134,1,1,1,6,,0.0,0.0
201400004207,3,5,14,17,1,82,98,1,1,1,1,,44.0131,1.43885
201400004208,22,5,14,7,1,82,134,1,1,1,2,,0.0,0.0
201400004209,8,7,14,22,5,82,2,2,1,1,6,Impasse Cr?dit Agricole,0.0,0.0
201400004210,8,8,14,18,1,82,161,1,1,1,3,,0.0,0.0
201400004211,26,8,14,14,1,82,161,1,1,1,1,,0.0,0.0
201400004212,24,9,14,8,1,82,26,1,1,1,6,,0.0,0.0
201400004213,5,10,14,10,1,82,134,2,1,1,1,RD115,0.0,0.0
201400004214,24,10,14,18,1,82,161,1,1,1,7,,0.0,0.0
201400004215,24,12,14,3,3,82,66,1,1,5,6,,0.0,0.0
201400004216,16,1,14,9,1,82,155,1,1,1,6,,0.0,0.0
201400004217,10,2,14,14,1,82,38,1,1,2,7,,0.0,0.0
201400004218,25,3,14,10,1,82,38,1,1,2,6,,0.0,0.0
201400004219,21,4,14,15,1,82,155,1,1,7,7,,44.151,1.7395
201400004220,9,5,14,17,1,82,187,1,1,8,7,,0.0,0.0
201400004221,29,9,14,9,1,82,38,1,1,1,6,,0.0,0.0
201400004222,2,1,14,16,1,82,13,2,1,1,6,,43.861,0.946
201400004223,20,1,14,9,1,82,93,1,1,2,3,,0.0,0.0
201400004224,21,1,14,9,1,82,13,2,1,1,7,Avenue du Languedoc,0.0,0.0
201400004225,18,5,14,17,1,82,67,1,1,1,6,,0.0,0.0
201400004226,29,6,14,11,1,82,55,1,1,1,7,,0.0,0.0
201400004227,30,6,14,15,1,82,34,1,1,1,6,,0.0,0.0
201400004228,25,8,14,15,1,82,97,1,1,1,3,,0.0,0.0
201400004229,31,1,14,7,5,82,48,1,1,1,6,,43.874,1.28
201400004230,20,2,14,19,3,82,75,1,1,1,1,,43.844,1.3
201400004231,9,3,14,6,3,82,44,1,1,1,6,,0.0,0.0
201400004232,11,3,14,13,1,82,75,1,1,1,7,,43.839,1.297
201400004233,4,8,14,9,1,82,48,1,1,3,6,,0.0,0.0
201400004234,13,8,14,14,1,82,167,1,1,1,7,,0.0,0.0
201400004235,21,8,14,18,1,82,194,1,1,1,3,,0.0,0.0
201400004236,27,9,14,1,5,82,17,2,6,1,7,route de toulouse,0.0,0.0
201400004237,1,11,14,5,2,82,28,1,1,5,7,,0.0,0.0
201400004238,20,12,14,23,3,82,75,1,1,1,6,,0.0,0.0
201400004239,30,1,14,10,1,82,24,1,2,1,1,,44.248,0.975
201400004240,29,3,14,14,1,82,117,1,1,1,6,,44.338,1.00699
201400004241,6,6,14,15,1,82,151,1,1,1,7,,0.0,0.0
201400004242,14,6,14,8,1,82,42,1,2,1,3,,44.194,1.222
201400004243,28,6,14,19,1,82,94,1,1,2,6,,0.0,0.0
201400004244,13,7,14,15,1,82,60,1,1,2,6,,0.0,0.0
201400004245,20,7,14,7,1,82,94,1,1,1,7,,0.0,0.0
201400004246,12,8,14,19,1,82,94,1,9,1,6,,0.0,0.0
201400004247,7,9,14,14,1,82,185,1,1,1,6,,0.0,0.0
201400004248,19,4,14,11,1,82,112,2,1,1,3,boulevard de brienne,44.1034,1.08126
201400004249,26,5,14,11,1,82,112,2,3,2,3,rue ren? coty,0.0,0.0
201400004250,15,6,14,18,1,82,80,1,1,1,7,,0.0,0.0
201400004251,21,6,14,1,3,82,169,2,1,1,6,RD 15 Route du plan d'ea,0.0,0.0
201400004252,13,9,14,6,3,82,101,1,1,1,6,,0.0,0.0
201400004253,28,9,14,17,1,82,169,1,1,8,7,,0.0,0.0
201400004254,11,10,14,17,1,82,101,2,1,1,3,chemin de mailluc,0.0,0.0
201400004255,1,11,14,18,3,82,19,1,1,1,5,,0.0,0.0
201400004256,2,11,14,10,1,82,112,1,6,1,3,,0.0,0.0
201400004257,8,10,14,18,2,82,108,2,1,1,7,,0.0,0.0
201400004258,27,11,14,18,3,82,112,1,3,1,3,,0.0,0.0
201400004259,29,11,14,1,3,82,101,1,1,1,6,,0.0,0.0
201400004260,29,11,14,17,2,82,170,1,1,3,1,,0.0,0.0
201400004261,17,1,14,16,1,82,190,1,1,1,3,,0.0,0.0
201400004262,26,2,14,12,1,82,125,1,1,1,6,,0.0,0.0
201400004263,5,5,14,13,1,82,25,1,1,1,1,,43.9467,1.29689
201400004264,6,6,14,20,1,82,190,2,1,1,3,rue Joliot Curie,0.0,0.0
201400004265,10,6,14,16,1,82,5,1,1,1,1,,0.0,0.0
201400004266,12,7,14,16,1,82,171,2,1,1,3,RD813 ROUTE DE CASTELSA,0.0,0.0
201400004267,3,9,14,23,3,82,23,1,1,1,6,,0.0,0.0
201400004268,17,10,14,14,1,82,62,2,2,1,3,RD813 /rue jean lacaze,0.0,0.0
201400004269,28,10,14,19,2,82,190,2,1,1,6,1180 ROUTE D'AUCAMVILLE,0.0,0.0
201400004270,6,11,14,17,1,82,125,1,1,1,6,,0.0,0.0
201400004271,14,11,14,19,3,82,105,1,1,3,6,,43.894,1.101
201400004272,20,11,14,8,1,82,190,2,1,1,1,Avenue Carnot,0.0,0.0
201400004273,7,12,14,21,3,82,5,1,1,1,6,,0.0,0.0
201400004274,13,12,14,13,1,82,178,1,1,1,6,,0.0,0.0
201400004275,25,7,14,10,1,82,186,1,2,3,3,,0.0,0.0
201400004276,3,2,14,8,1,69,72,2,1,1,6,chemin du pelosset,45.803,4.747
201400004277,31,3,14,8,1,69,127,2,1,1,7,131 avenue jean collomb,0.0,0.0
201400004278,26,4,14,2,5,69,127,2,1,1,3,avenue Marcel m?rieux,0.0,0.0
201400004279,16,5,14,3,3,69,72,2,1,1,6,RTE DE LA TOUR DE SALVAG,0.0,0.0
201400004280,24,5,14,16,1,69,76,1,1,1,6,,0.0,0.0
201400004281,31,5,14,15,1,69,55,1,1,1,1,,45.892,4.801
201400004282,18,7,14,18,1,69,72,2,6,1,1,17 Chemin de Charri?re,45.827,4.758
201400004283,12,9,14,14,1,69,72,1,1,1,3,,45.828,4.735
201400004284,13,11,14,8,1,69,72,2,1,1,6,40 rue de la gare,0.0,0.0
201400004285,16,11,14,5,5,69,72,1,1,8,6,,0.0,0.0
201400004286,20,12,14,8,1,69,76,1,1,2,6,,0.0,0.0
201400004287,13,1,14,16,2,69,55,1,6,2,7,,0.0,0.0
201400004288,9,3,14,20,3,69,125,1,1,1,1,,45.875,4.737
201400004289,14,3,14,20,5,69,116,1,1,1,3,,0.0,0.0
201400004290,19,5,14,6,2,69,194,2,6,1,3,,0.0,0.0
201400004291,9,5,14,17,1,69,117,2,1,1,2,CD 306,0.0,0.0
201400004292,31,5,14,20,1,69,116,2,1,1,3,route du puy d'or,0.0,0.0
201400004293,24,6,14,18,1,69,40,2,1,1,5,RUE LOUIS JUTTET,0.0,0.0
201400004294,10,7,14,10,1,69,116,2,1,2,5,351 chemin du paisy,0.0,0.0
201400004295,24,7,14,8,1,69,116,2,1,1,1,chemin de champivost,0.0,0.0
201400004296,20,8,14,18,1,69,55,1,3,1,5,,0.0,0.0
201400004297,6,9,14,11,1,69,116,1,1,1,2,,0.0,0.0
201400004298,13,9,14,11,1,69,59,1,1,1,1,,0.0,0.0
201400004299,8,10,14,7,1,69,116,2,1,1,3,D42 - Ave G. DE GAULLE,45.842,4.772
201400004300,29,10,14,15,1,69,116,2,9,1,1,chemin de paisy,0.0,0.0
201400004301,30,10,14,20,3,69,194,1,1,1,7,,0.0,0.0
201400004302,14,12,14,17,5,69,116,2,1,1,1,route de belle vue,0.0,0.0
201400004303,20,12,14,11,1,69,116,1,1,2,1,,0.0,0.0
201400004304,10,1,14,8,1,69,163,2,1,1,3,"D 51, le Grand Veissieux",0.0,0.0
201400004305,27,1,14,12,1,69,143,2,1,1,6,LYCEE ROSA PARKS,0.0,0.0
201400004306,8,3,14,14,1,69,68,2,1,1,1,Rue Gabriel P?ri,0.0,0.0
201400004307,28,4,14,17,1,69,163,1,1,1,3,,0.0,0.0
201400004308,3,5,14,18,1,69,143,2,6,1,3,rond point quai Pasteur,0.0,0.0
201400004309,8,6,14,17,1,69,3,1,1,1,1,,45.874,4.835
201400004310,4,7,14,21,1,69,143,1,6,1,3,,0.0,0.0
201400004311,10,8,14,4,5,69,143,2,1,1,2,,0.0,0.0
201400004312,23,8,14,17,1,69,3,2,1,1,1,Avenue Barbusse,0.0,0.0
201400004313,2,9,14,13,1,69,68,2,1,1,6,5 rue de la r?publique,0.0,0.0
201400004314,2,9,14,17,1,69,153,2,1,1,2,ROUTE DE LA ROCHE,0.0,0.0
201400004315,30,5,14,18,1,69,384,2,9,1,6,rue Philippe de Lassalle,45.77892,4.82052
201400004316,22,9,14,18,1,69,163,1,1,1,3,,0.0,0.0
201400004317,12,10,14,17,1,69,143,1,1,3,1,,45.895,4.86
201400004318,28,11,14,9,1,69,143,1,1,1,6,,0.0,0.0
201400004319,28,11,14,12,1,69,143,2,1,1,6,8 avenue carnot,0.0,0.0
201400004320,24,4,14,16,1,69,901,2,0,-1,3,,0.0,0.0
201400004321,24,2,14,13,1,69,204,1,1,1,2,,45.695,4.767
201400004322,16,5,14,17,1,69,204,2,1,1,3,"130, Avenue de Gadagne",0.0,0.0
201400004323,1,9,14,13,1,69,204,2,1,1,3,,45.703,4.796
201400004324,12,9,14,22,5,69,204,2,1,1,7,,0.0,0.0
201400004325,17,10,14,20,5,69,204,2,1,1,3,36 avenue clemenceau,45.713,4.799
201400004326,20,10,14,17,1,69,204,2,6,1,1,Rond Point des Valli?res,0.0,0.0
201400004327,9,1,14,14,1,69,288,1,1,1,7,,0.0,0.0
201400004328,17,2,14,11,1,69,298,2,1,2,3,RD 149,45.654,4.986
201400004329,20,2,14,20,3,69,288,1,6,1,1,,0.0,0.0
201400004330,25,2,14,9,3,69,289,1,1,1,4,,0.0,0.0
201400004331,9,3,14,17,1,69,288,1,9,1,1,,0.0,0.0
201400004332,14,3,14,8,1,69,288,2,1,1,3,avenue mar?chal juin,0.0,0.0
201400004333,14,3,14,11,1,69,289,2,1,1,3,route de la garenne,0.0,0.0
201400004334,3,4,14,8,1,69,298,1,1,1,3,,0.0,0.0
201400004335,10,5,14,14,1,69,289,2,6,1,6,route de givors,0.0,0.0
201400004336,13,5,14,8,1,69,289,1,1,2,3,,45.656,5.018
201400004337,28,5,14,17,1,69,298,2,1,1,1,Route de givors CD 149,0.0,0.0
201400004338,19,7,14,18,1,69,288,1,1,1,1,,0.0,0.0
201400004339,6,8,14,11,1,69,288,1,1,1,7,,0.0,0.0
201400004340,29,9,14,16,1,69,289,1,1,1,1,,45.659,5.013
201400004341,1,11,14,14,1,69,287,2,1,1,3,,0.0,0.0
201400004342,7,11,14,22,3,69,298,2,6,1,6,ROUTE DE GIVORS,0.0,0.0
201400004343,14,11,14,22,3,69,298,2,1,3,3,route de givors,0.0,0.0
201400004344,18,12,14,14,1,69,287,1,1,1,1,,45.682,5.007
201400004345,24,1,14,7,5,69,273,2,1,3,6,112 avenue du 8 mai 1945,0.0,0.0
201400004346,6,3,14,19,5,69,273,1,1,1,1,,45.693,4.916
201400004347,17,3,14,17,1,69,270,2,1,7,3,,0.0,0.0
201400004348,23,6,14,19,1,69,273,2,1,1,7,Rue marcel Meyrieu,0.0,0.0
201400004349,30,6,14,11,1,69,270,2,7,1,6,Place Charles De Gaulle,45.632,4.936
201400004350,30,6,14,18,1,69,270,2,1,1,1,,0.0,0.0
201400004351,12,7,14,12,1,69,270,1,1,8,6,,45.626,4.982
201400004352,10,11,14,15,1,69,281,1,1,1,3,,0.0,0.0
201400004353,14,11,14,6,2,69,273,2,9,1,6,04 avenue du 24 ao?t 194,0.0,0.0
201400004354,28,11,14,7,1,69,281,1,1,1,5,,0.0,0.0
201400004355,7,1,14,4,3,69,208,1,1,1,1,,0.0,0.0
201400004356,14,1,14,8,1,69,112,1,1,2,5,,0.0,0.0
201400004357,4,2,14,22,3,69,57,1,1,6,6,,0.0,0.0
201400004358,1,3,14,10,1,69,171,2,1,1,1,RD 389,0.0,0.0
201400004359,10,3,14,16,1,69,177,2,9,1,3,le pralong,0.0,0.0
201400004360,14,4,14,15,1,69,175,2,1,1,1,route du CABRILLON,0.0,0.0
201400004361,22,4,14,8,1,69,175,2,1,1,1,lieu dit hameau de la Ma,0.0,0.0
201400004362,16,6,14,11,1,69,10,2,1,1,6,3 rue charles de gaulle,0.0,0.0
201400004363,28,6,14,15,1,69,171,1,1,1,1,,0.0,0.0
201400004364,28,6,14,18,1,69,83,1,1,2,7,,0.0,0.0
201400004365,7,7,14,8,1,69,21,2,1,8,3,route de bibost,0.0,0.0
201400004366,10,7,14,20,1,69,21,1,1,1,1,,0.0,0.0
201400004367,6,9,14,11,1,69,10,2,1,1,1,quai de la br?venne,0.0,0.0
201400004368,19,9,14,19,1,69,21,1,1,8,5,,0.0,0.0
201400004369,23,9,14,16,1,69,10,2,1,1,6,33 BIS RUE GABRIEL PERI,45.837,4.601
201400004370,26,9,14,1,5,69,171,2,1,1,6,Les ragots,0.0,0.0
201400004371,19,11,14,7,2,69,86,1,6,5,6,,0.0,0.0
201400004372,27,11,14,20,3,69,112,1,1,1,7,,0.0,0.0
201400004373,28,11,14,17,5,69,10,1,1,1,5,,0.0,0.0
201400004374,4,12,14,14,1,69,10,2,1,1,1,rue claude terrasse,0.0,0.0
201400004375,28,12,14,21,3,69,32,2,1,2,1,,0.0,0.0
201400004376,11,5,14,4,3,69,99,1,1,1,6,,45.707,4.386
201400004377,16,5,14,13,1,69,178,1,1,1,2,,45.7,4.452
201400004378,2,7,14,17,1,69,98,1,1,1,2,,0.0,0.0
201400004379,5,10,14,13,1,69,99,1,1,2,7,,0.0,0.0
201400004380,14,1,14,13,1,69,238,2,1,1,6,avenue Emmanuel Cl?ment,0.0,0.0
201400004381,31,1,14,17,1,69,227,1,1,8,1,,0.0,0.0
201400004382,13,4,14,19,1,69,155,1,3,1,3,,0.0,0.0
201400004383,22,6,14,19,1,69,238,2,2,1,2,Rue de la Guilleti?re,0.0,0.0
201400004384,4,9,14,19,1,69,110,1,1,1,1,,0.0,0.0
201400004385,24,11,14,14,1,69,227,1,1,1,7,,0.0,0.0
201400004386,8,3,14,4,3,69,249,1,1,1,6,,45.672,4.646
201400004387,24,4,14,17,1,69,269,1,1,1,1,,0.0,0.0
201400004388,27,4,14,17,1,69,221,1,1,2,7,,45.721,4.645
201400004389,6,5,14,14,1,69,131,1,1,1,6,,0.0,0.0
201400004390,20,5,14,21,5,69,255,2,1,1,6,route de Lyon,0.0,0.0
201400004391,5,6,14,7,1,69,28,1,1,1,1,,0.0,0.0
201400004392,14,7,14,19,1,69,94,1,1,7,3,,0.0,0.0
201400004393,20,8,14,8,1,69,190,1,1,1,7,,0.0,0.0
201400004394,5,9,14,18,1,69,249,1,1,1,1,,45.674,4.594
201400004395,18,9,14,18,1,69,255,1,1,1,6,,0.0,0.0
201400004396,22,11,14,20,3,69,190,2,1,1,6,40 rue des monts,0.0,0.0
201400004397,22,12,14,18,3,69,94,2,1,1,6,,0.0,0.0
201400004398,23,12,14,6,2,69,255,2,1,1,6,mont?e de lancienne gare,0.0,0.0
201400004399,28,3,14,17,1,69,272,2,1,1,3,ROUTE DE MARENNES,0.0,0.0
201400004400,24,4,14,7,2,69,272,2,1,1,6,route de marennes,0.0,0.0
201400004401,13,6,14,17,1,69,291,1,1,1,1,,45.646,4.857
201400004402,16,6,14,18,1,69,296,1,1,1,3,,0.0,0.0
201400004403,18,7,14,17,1,69,296,1,1,1,3,,0.0,0.0
201400004404,3,9,14,13,1,69,291,2,1,1,1,Avenue Burago di Molgora,45.64,4.871
201400004405,3,10,14,8,1,69,291,1,1,1,3,,45.606,4.854
201400004406,16,11,14,8,3,69,296,1,1,2,1,,0.0,0.0
201400004407,16,3,14,14,1,69,148,1,1,1,7,,0.0,0.0
201400004408,28,3,14,10,1,69,236,1,1,1,1,,0.0,0.0
201400004409,28,4,14,19,1,69,195,2,1,1,3,RD2,0.0,0.0
201400004410,15,5,14,13,1,69,176,2,1,7,7,D25,0.0,0.0
201400004411,22,6,14,14,1,69,228,2,1,1,6,Lieu dit la roussilli?re,45.561,4.641
201400004412,22,6,14,11,1,69,148,1,1,1,1,,0.0,0.0
201400004413,19,8,14,16,1,69,141,2,1,1,6,place de La Poste,0.0,0.0
201400004414,7,10,14,7,2,69,219,2,1,1,6,502 route de Ravel,0.0,0.0
201400004415,7,10,14,15,1,69,136,1,1,2,1,,45.653,4.747
201400004416,18,10,14,17,1,69,48,2,1,1,6,route de chaudane,0.0,0.0
201400004417,13,11,14,17,2,69,141,1,3,1,3,,0.0,0.0
201400004418,5,12,14,21,5,69,228,2,1,1,2,CD 488 la madeleine,0.0,0.0
201400004419,18,12,14,12,1,69,148,1,1,8,6,,0.0,0.0
201400004420,31,12,14,16,1,69,141,2,7,1,6,boulevard du pilat,0.0,0.0
201400004421,19,1,14,22,3,69,151,1,1,2,3,,0.0,0.0
201400004422,25,7,14,18,1,69,74,1,1,1,3,,0.0,0.0
201400004423,1,9,14,18,1,69,215,1,1,1,1,,0.0,0.0
201400004424,14,9,14,12,1,69,192,1,3,1,3,,0.0,0.0
201400004425,25,1,14,21,3,69,156,1,1,1,3,,0.0,0.0
201400004426,15,2,14,19,5,69,9,2,1,2,3,,0.0,0.0
201400004427,17,3,14,17,1,69,121,1,6,1,4,,45.863,4.673
201400004428,22,3,14,21,5,69,9,1,1,1,1,,0.0,0.0
201400004429,1,4,14,17,1,69,9,1,1,1,6,,45.929,4.709
201400004430,3,4,14,9,1,69,114,1,1,1,3,,0.0,0.0
201400004431,17,4,14,11,1,69,121,1,6,1,1,,0.0,0.0
201400004432,13,5,14,11,1,69,4,1,2,1,3,,0.0,0.0
201400004433,20,7,14,19,1,69,20,1,1,8,5,,45.862,4.67
201400004434,8,8,14,9,1,69,47,1,1,1,1,,0.0,0.0
201400004435,12,9,14,22,5,69,9,1,1,1,6,,0.0,0.0
201400004436,28,10,14,20,3,69,9,1,1,1,6,,0.0,0.0
201400004437,8,2,14,18,2,69,165,1,4,8,1,,46.15,4.654
201400004438,17,4,14,11,1,69,165,1,3,1,3,,0.0,0.0
201400004439,20,6,14,18,1,69,162,1,3,1,3,,0.0,0.0
201400004440,5,7,14,17,1,69,135,2,1,1,1,VERSAUX,0.0,0.0
201400004441,15,8,14,12,1,69,209,1,1,2,7,,0.0,0.0
201400004442,17,8,14,16,1,69,12,1,1,1,7,,0.0,0.0
201400004443,10,11,14,16,2,69,209,1,1,7,3,,0.0,0.0
201400004444,2,1,14,18,3,69,45,1,1,1,1,,0.0,0.0
201400004445,10,8,14,2,3,69,19,1,1,1,7,,46.175,4.747
201400004446,27,9,14,15,1,69,197,1,1,1,3,,0.0,0.0
201400004447,8,11,14,7,1,69,19,1,1,5,1,,46.101,4.731
201400004448,19,12,14,7,2,69,206,1,1,5,6,,46.042,4.68
201400004449,9,1,14,16,1,69,90,1,1,1,1,,0.0,0.0
201400004450,20,2,14,17,1,69,39,1,1,1,1,,0.0,0.0
201400004451,2,3,14,14,1,69,245,1,1,1,1,,0.0,0.0
201400004452,29,3,14,9,1,69,26,1,1,1,6,,0.0,0.0
201400004453,6,4,14,15,1,69,111,1,1,1,2,,0.0,0.0
201400004454,16,4,14,17,1,69,56,2,1,1,6,Impasse des Saillants,0.0,0.0
201400004455,11,5,14,12,1,69,245,1,1,1,6,,0.0,0.0
201400004456,26,5,14,6,2,69,50,1,1,2,5,,0.0,0.0
201400004457,4,6,14,13,1,69,56,1,1,8,1,,45.9,4.623
201400004458,10,6,14,7,1,69,39,1,1,1,1,,0.0,0.0
201400004459,26,6,14,18,1,69,111,1,1,1,1,,45.915,4.595
201400004460,21,9,14,10,1,69,239,1,1,1,3,,45.913,4.51
201400004461,1,11,14,8,1,69,56,1,1,5,6,,0.0,0.0
201400004462,26,1,14,8,2,69,147,1,1,8,6,,0.0,0.0
201400004463,23,3,14,20,5,69,243,2,1,2,7,Rue emile zola 69170,45.896,4.43
201400004464,13,4,14,9,1,69,243,2,1,7,6,Rue P?cherie,0.0,0.0
201400004465,2,6,14,15,1,69,225,1,1,1,2,,45.886,4.429
201400004466,10,6,14,10,1,69,169,1,1,7,7,,0.0,0.0
201400004467,11,7,14,16,1,69,234,1,2,8,3,,0.0,0.0
201400004468,24,11,14,17,5,69,200,2,1,1,6,90 GRANDE RUE,0.0,0.0