Num_Acc,jour,mois,an,hr,condition_eclairage,departement,commune,condition_agglomeration,intersection,condition_atmosphere,type_collision,adresse,lattitude,longitude
201400004469,4,12,14,16,2,69,200,1,1,8,1,,0.0,0.0
201400004470,24,12,14,3,3,69,188,1,1,9,6,,0.0,0.0
201400004471,28,2,14,12,1,69,37,2,8,2,6,passage ? niveau,46.024,4.497
201400004472,9,3,14,15,1,69,160,1,3,7,3,,46.165,4.458
201400004473,26,7,14,8,1,69,54,1,9,9,3,,46.159,4.491
201400004474,19,11,14,18,5,69,107,1,1,2,1,,46.04,4.495
201400004475,20,12,14,17,2,69,60,1,1,2,1,,0.0,0.0
201400004476,11,1,14,11,1,69,25,2,1,1,3,Route de Roanne,0.0,0.0
201400004477,19,1,14,5,3,69,214,1,1,3,1,,0.0,0.0
201400004478,22,1,14,10,1,69,248,2,1,1,6,,0.0,0.0
201400004479,1,3,14,13,1,69,214,1,1,8,1,,45.988,4.305
201400004480,12,4,14,11,1,69,169,1,1,1,1,,0.0,0.0
201400004481,27,6,14,12,1,69,70,1,1,1,3,,0.0,0.0
201400004482,28,7,14,16,1,69,25,2,1,1,3,rue de cours,0.0,0.0
201400004483,29,8,14,11,1,69,6,2,1,1,3,rue Auguste Villy,0.0,0.0
201400004484,8,9,14,15,1,69,214,1,1,1,1,,0.0,0.0
201400004485,8,9,14,8,1,69,248,2,1,3,6,3 rue Pierre Poizat,46.039,4.303
201400004486,13,12,14,14,1,69,6,1,1,2,1,,0.0,0.0
201400004487,3,6,14,16,1,10,336,1,4,1,3,,46.1463,5.13799
201400004488,16,6,14,21,2,10,65,1,1,1,3,RD936,46.1967,5.16019
201400004489,21,9,14,12,1,10,405,1,1,1,6,,46.1586,5.1853
201400004490,21,9,14,13,1,10,264,1,1,1,7,L'ETOILE,46.19,5.12866
201400004491,10,11,14,12,1,10,301,1,1,1,7,,46.2374,5.17249
201400004492,19,1,14,20,3,10,254,1,1,3,1,,46.1638,5.26793
201400004493,25,1,14,18,5,10,72,1,2,2,3,,46.1918,5.32123
201400004494,10,2,14,7,2,10,350,2,2,3,3,RUE DU REVERMONT,46.2873,5.29778
201400004495,26,8,14,13,1,10,350,1,1,1,1,,46.2392,5.29291
201400004496,30,9,14,17,1,10,350,1,1,1,6,,46.2999,5.30977
201400004497,21,12,14,11,1,10,125,1,1,1,1,,0.0,0.0
201400004498,22,1,14,12,1,10,94,1,1,1,6,,46.4472,5.00867
201400004499,18,2,14,8,1,10,266,1,1,1,6,,46.3316,5.10169
201400004500,5,4,14,20,2,10,115,2,1,7,6,LOGIS NEUF,46.2564,5.05269
201400004501,3,5,14,17,1,10,367,2,1,1,6,,46.4006,5.11323
201400004502,4,5,14,14,1,10,29,1,2,1,3,,46.4051,5.26892
201400004503,10,5,14,14,1,10,232,1,1,1,7,"""MALAVAL""",46.31,5.23701
201400004504,18,5,14,19,1,10,229,1,3,1,1,RTE D'ETREZ,46.3375,5.13642
201400004505,7,6,14,10,1,10,236,1,3,1,3,,46.3292,5.06653
201400004506,13,6,14,12,1,10,364,1,1,1,1,,0.0,0.0
201400004507,15,6,14,0,3,10,115,1,1,1,1,,46.2569,5.0488
201400004508,26,6,14,14,1,10,115,1,1,1,2,,46.2552,5.06647
201400004509,4,7,14,9,1,10,445,1,1,1,3,,46.3246,5.30827
201400004510,5,7,14,13,1,10,232,1,1,1,6,,46.3679,5.25581
201400004511,31,7,14,14,1,10,266,1,1,1,6,"""LES CURTILS""",46.3338,5.11798
201400004512,21,8,14,15,1,10,24,1,1,1,3,,46.2696,5.17049
201400004513,5,9,14,17,1,10,57,1,1,1,2,,0.0,0.0
201400004514,13,9,14,8,5,10,402,2,1,1,6,265 RUE DU BOURG,0.0,0.0
201400004515,24,9,14,6,3,10,232,1,1,1,7,"""LES GRANDS BOIS""",46.3286,5.25017
201400004516,1,10,14,11,1,10,337,1,1,1,1,,0.0,0.0
201400004517,4,10,14,1,5,10,40,1,1,5,6,,46.3671,5.06079
201400004518,9,10,14,16,1,10,266,1,1,2,7,,0.0,0.0
201400004519,10,10,14,16,1,10,40,1,1,3,5,,46.373,5.02886
201400004520,19,10,14,14,1,10,94,1,1,1,7,,0.0,0.0
201400004521,30,11,14,9,1,10,196,1,1,5,3,,0.0,0.0
201400004522,26,12,14,10,1,10,346,1,1,1,3,,46.2909,5.0467
201400004523,19,3,14,7,1,10,273,1,1,1,2,,0.0,0.0
201400004524,17,4,14,16,1,10,363,1,1,1,1,,46.0445,5.3723
201400004525,19,4,14,10,1,10,200,1,1,1,6,,46.0885,5.47812
201400004526,12,8,14,16,1,10,304,2,2,1,3,,46.0499,5.3288
201400004527,23,8,14,10,1,10,374,1,1,1,3,,45.9595,5.03943
201400004528,1,11,14,7,2,10,303,1,1,5,6,,0.0,0.0
201400004529,17,12,14,19,3,10,200,1,1,3,1,,0.0,0.0
201400004530,7,3,14,3,5,10,320,2,2,1,3,CARREFOUR DE LA MADELEIN,46.302,4.87012
201400004531,16,6,14,19,1,10,159,1,1,1,7,,0.0,0.0
201400004532,24,7,14,20,1,10,179,1,2,1,3,,0.0,0.0
201400004533,22,8,14,15,1,10,412,1,1,1,2,,46.1638,4.963
201400004534,10,10,14,13,1,10,231,1,1,2,3,,0.0,0.0
201400004535,19,10,14,19,2,10,231,1,1,1,2,,46.3692,4.9097
201400004536,19,11,14,15,1,10,320,2,1,5,1,235 ROUTE DU CREUX,46.304,4.87074
201400004537,19,11,14,21,5,10,320,2,1,5,3,1001 ROUTE DU CREUX,46.3105,4.8728
201400004538,11,1,14,4,3,10,454,1,1,1,6,,45.7367,5.70808
201400004539,23,2,14,5,5,10,338,2,1,1,1,RUE PRINCIPALE,45.6948,5.58755
201400004540,26,4,14,6,2,10,34,2,9,1,6,RUE DES EGLANTIERS,0.0,0.0
201400004541,13,5,14,8,1,10,98,2,1,1,1,,45.8059,5.68316
201400004542,5,11,14,22,3,10,64,1,1,2,6,,45.7811,5.48248
201400004543,3,12,14,14,1,10,268,1,1,8,6,,0.0,0.0
201400004544,16,12,14,19,3,10,384,1,1,8,6,,45.9507,5.46423
201400004545,10,6,14,8,1,10,138,2,1,1,6,AVENUE JEAN FALCONNIER,45.8479,5.78704
201400004546,21,7,14,15,1,10,66,1,1,2,6,,0.0,0.0
201400004547,27,7,14,17,1,10,316,2,1,1,6,"D 1504, PK 40",0.0,0.0
201400004548,16,9,14,15,1,10,138,1,1,1,1,,0.0,0.0
201400004549,4,10,14,16,1,10,73,2,1,1,1,ROUTE DE BELLEY,0.0,0.0
201400004550,16,10,14,16,1,10,100,1,1,8,3,,45.8198,5.62399
201400004551,19,10,14,17,1,10,330,1,1,1,2,,0.0,0.0
201400004552,10,5,14,20,1,10,122,1,1,1,6,,45.9405,5.60559
201400004553,10,7,14,17,1,10,12,1,1,2,1,,46.0064,5.53634
201400004554,29,7,14,15,1,10,185,2,1,1,6,RUE DE LA REPUBLIQUE,0.0,0.0
201400004555,25,1,14,16,1,10,431,1,1,1,6,,45.9151,5.37324
201400004556,28,2,14,10,1,10,345,2,1,1,6,7 RUE DU DOCTEUR ROUX,0.0,0.0
201400004557,15,4,14,9,1,10,7,1,1,1,1,,46.0236,5.33909
201400004558,13,5,14,16,1,10,444,2,1,1,3,RUE DU VILLAGE,0.0,0.0
201400004559,29,6,14,17,1,10,224,1,1,1,1,,45.7869,5.23277
201400004560,27,7,14,22,3,10,213,1,1,1,1,,0.0,0.0
201400004561,24,7,14,4,5,10,202,2,1,5,2,D77 SAINTE JULIE 01,0.0,0.0
201400004562,24,8,14,2,3,10,224,1,1,1,7,,45.7838,5.22807
201400004563,18,9,14,9,1,10,202,2,1,1,6,D40C,0.0,0.0
201400004564,28,9,14,18,1,10,444,1,1,1,6,,0.0,0.0
201400004565,10,10,14,19,3,10,379,1,1,8,1,,0.0,0.0
201400004566,14,10,14,18,1,10,4,2,1,1,6,AVENUE DE VERDUN,0.0,0.0
201400004567,17,10,14,17,1,10,345,2,8,1,1,RUE DOCTEUR CHARCOT,0.0,0.0
201400004568,16,10,14,7,2,10,384,1,1,3,2,,0.0,0.0
201400004569,4,11,14,19,5,10,4,1,1,3,4,,0.0,0.0
201400004570,11,11,14,10,3,10,224,1,1,1,6,,0.0,0.0
201400004571,20,12,14,7,3,10,213,1,1,1,7,,0.0,0.0
201400004572,7,3,14,11,1,10,7,1,1,1,1,,46.0302,5.32513
201400004573,1,1,14,9,1,10,170,2,1,1,6,ROUTE DE PIRE,46.1904,5.55485
201400004574,27,5,14,16,1,10,274,1,1,1,6,,46.1505,5.64586
201400004575,8,6,14,17,1,10,87,1,1,1,7,,46.1873,5.67737
201400004576,18,6,14,7,2,10,265,2,1,1,3,68 AVENUE DE BRESSE,46.1733,5.56943
201400004577,14,8,14,13,1,10,269,2,1,2,6,,46.169,5.57774
201400004578,2,9,14,14,1,10,373,2,6,1,3,RD31- RD1084,46.1341,5.54955
201400004579,2,9,14,13,1,10,265,2,1,1,1,,0.0,0.0
201400004580,12,9,14,17,1,10,269,2,3,7,3,RUE D'APREMONT,0.0,0.0
201400004581,16,9,14,19,2,10,404,1,1,1,6,,46.1507,5.44649
201400004582,18,9,14,10,1,10,269,2,1,1,2,RD1084 - RTE DE LA CLUSE,0.0,0.0
201400004583,18,12,14,20,5,10,373,1,1,8,6,,46.0121,5.31293
201400004584,7,4,14,18,1,10,33,2,1,1,6,,0.0,0.0
201400004585,15,7,14,15,1,10,436,1,1,1,2,,46.3396,6.08325
201400004586,28,10,14,7,2,10,173,1,1,1,5,,0.0,0.0
201400004587,16,7,14,19,1,10,247,1,1,1,6,"""LE BOULU""",46.3362,5.96402
201400004588,21,9,14,16,1,10,104,1,1,1,7,,0.0,0.0
201400004589,8,3,14,12,1,10,160,2,1,1,6,IMPASSE DE COLLEX,0.0,0.0
201400004590,15,3,14,14,1,10,313,1,1,1,6,ROUTE DE L'EUROPE,0.0,0.0
201400004591,30,3,14,18,1,10,281,1,1,1,5,,46.2768,6.09267
201400004592,9,4,14,8,1,10,160,2,9,1,3,RUE DE MEYRIN,0.0,0.0
201400004593,3,5,14,14,1,10,160,2,4,1,3,ROUTE DE PREVESSIN,46.2551,6.09999
201400004594,10,5,14,13,1,10,160,2,6,1,6,RUE DE GEX,46.2525,6.11669
201400004595,21,5,14,12,1,10,160,2,1,1,6,24 CHEMIN DE COLLEX,0.0,0.0
201400004596,23,5,14,9,1,10,160,1,1,1,6,,46.2503,6.1117
201400004597,12,7,14,14,1,10,435,1,1,1,1,,46.2991,6.09321
201400004598,1,9,14,18,1,10,160,2,1,1,1,"RUE ,, MEYRIN",0.0,0.0
201400004599,2,12,14,7,2,10,399,1,1,1,1,,46.2904,6.0809
201400004600,11,12,14,7,5,10,160,2,2,1,3,RUE DE GEN?VE,46.25,6.11911
201400004601,12,12,14,18,5,10,281,1,3,1,3,,46.2689,6.09907
201400004602,14,12,14,7,2,10,281,2,1,5,6,RD 1005,0.0,0.0
201400004603,28,2,14,13,1,10,322,1,1,2,1,,0.0,0.0
201400004604,9,3,14,16,1,10,157,1,3,1,2,,46.0117,4.75208
201400004605,17,6,14,9,1,10,322,1,1,1,3,,45.9427,4.82928
201400004606,6,10,14,19,3,10,427,2,1,1,3,PARKING BAS PORT,0.0,0.0
201400004607,9,10,14,16,1,10,427,2,1,8,7,CHEMIN D ARRAS,0.0,0.0
201400004608,5,12,14,7,2,10,347,1,1,1,3,,45.9659,4.77497
201400004609,11,12,14,16,3,10,194,1,1,3,1,,0.0,0.0
201400004610,6,2,14,12,1,10,235,1,1,1,4,,46.0371,5.06601
201400004611,3,4,14,16,1,10,383,2,3,1,1,,46.1036,5.13483
201400004612,10,4,14,23,3,10,74,1,1,1,7,,0.0,0.0
201400004613,8,5,14,18,1,10,74,2,9,1,7,PLACE DU MARCHE,45.997,5.17175
201400004614,16,7,14,8,1,10,383,1,3,1,3,"""PERNIN""",46.1055,5.13751
201400004615,10,2,14,8,1,10,272,1,1,3,5,,46.1683,5.02972
201400004616,24,2,14,17,1,10,96,1,2,1,3,"""LA GENETI?RE""",46.1779,5.07332
201400004617,17,5,14,11,1,10,246,1,2,1,3,,46.2409,5.02537
201400004618,3,7,14,15,1,10,246,1,1,1,2,1090 RTE DE CHAVEYRIAT,46.2309,5.04772
201400004619,16,7,14,16,1,10,246,1,1,7,1,,46.2328,5.03763
201400004620,10,8,14,18,1,10,368,1,1,1,7,,46.2007,4.94496
201400004621,6,9,14,17,1,10,457,1,1,1,7,,46.2172,4.9764
201400004622,11,4,14,16,1,10,450,2,1,7,3,AVENUE CHARLES DE GAULLE,45.9225,5.22542
201400004623,5,5,14,19,1,10,378,1,1,1,7,,45.8254,5.15275
201400004624,12,5,14,16,1,10,349,1,1,1,1,,45.928,5.13297
201400004625,16,5,14,8,1,10,156,1,4,1,3,,45.9195,5.1257
201400004626,29,5,14,17,1,10,290,1,1,1,2,,45.888,5.17263
201400004627,30,5,14,10,1,10,244,2,1,1,1,76 RUE DE LYON,45.9006,5.18837
201400004628,21,6,14,11,2,10,450,1,1,1,1,,45.9067,5.23022
201400004629,30,8,14,18,1,10,290,2,1,1,3,ROUTE DU PEAGE,0.0,0.0
201400004630,24,7,14,12,1,10,244,2,2,1,1,RUE GRANGES_RUE VERCHERE,0.0,0.0
201400004631,6,8,14,10,1,10,325,1,1,1,1,,45.9332,5.18328
201400004632,9,12,14,17,5,10,244,2,1,1,6,80 RUE DE LYON,0.0,0.0
201400004633,13,2,14,16,1,10,249,2,1,2,6,960 MONTE  NEUVE,45.825,4.94242
201400004634,19,2,14,21,5,10,43,2,1,1,3,1778 ROUTE DE GENEVE,45.8333,4.99228
201400004635,18,5,14,19,1,10,249,2,1,1,3,787 GRANDE RUE,45.8225,4.9491
201400004636,30,6,14,9,1,10,249,2,2,1,3,,45.8268,4.95299
201400004637,8,6,14,17,1,10,249,2,1,1,7,,45.8229,4.95018
201400004638,28,8,14,21,5,10,376,2,2,1,3,39 ROUTE DE GENEVE,45.8291,4.97675
201400004639,1,2,14,14,1,10,276,1,4,3,7,,0.0,0.0
201400004640,14,3,14,9,1,10,262,2,1,1,6,PLACE DE LA VILLE HAUTE,0.0,0.0
201400004641,20,4,14,14,1,10,49,2,4,1,6,,45.8447,5.0345
201400004642,5,6,14,22,3,10,342,1,1,1,7,,45.8843,5.05605
201400004643,21,6,14,18,1,10,262,2,1,1,7,256 FAUBOURG DE LYON,45.8495,5.05183
201400004644,3,7,14,20,1,10,276,1,1,1,6,,45.8184,5.05321
201400004645,5,7,14,16,1,10,276,1,4,1,3,,45.8217,5.07239
201400004646,29,11,14,17,1,10,49,2,1,1,6,292 Route de Tramoyes,0.0,0.0
201400004647,3,3,14,7,2,10,443,1,1,2,1,"""LE GRAND CHEMIN""",45.9846,5.0654
201400004648,16,3,14,10,1,10,318,1,2,1,1,,45.9713,4.85264
201400004649,25,4,14,4,3,10,424,1,1,1,6,,45.8862,4.96861
201400004650,24,4,14,18,1,10,398,1,3,1,2,,46.0013,4.86908
201400004651,22,5,14,18,1,10,333,1,4,1,3,,45.9259,4.96677
201400004652,27,6,14,19,1,10,21,1,1,1,6,,0.0,0.0
201400004653,27,6,14,8,1,10,424,2,1,1,1,D38 ROUTE DES ECHETS,45.8737,4.94925
201400004654,7,7,14,6,1,10,443,1,1,1,1,,0.0,0.0
201400004655,12,7,14,23,3,10,443,1,1,2,7,,45.9911,5.05094
201400004656,17,7,14,23,3,10,398,1,1,1,7,,46.0006,4.85407
201400004657,22,8,14,18,1,10,398,1,2,1,3,,45.9929,4.84764
201400004658,3,10,14,17,1,10,105,1,1,1,5,,0.0,0.0
201400004659,13,11,14,12,1,10,398,1,1,1,3,,0.0,0.0
201400004660,4,12,14,8,1,10,45,1,2,1,3,,45.9634,5.04028
201400004661,16,2,14,12,1,10,319,1,2,1,3,,46.061,4.94676
201400004662,9,6,14,10,1,10,243,2,1,1,3,CD933ROUTE DE MONTMERLE,46.0515,4.76615
201400004663,16,6,14,13,1,10,389,1,1,1,6,,46.0829,4.90977
201400004664,12,7,14,3,3,10,167,1,1,1,5,,0.0,0.0
201400004665,5,8,14,17,1,10,165,1,1,1,7,,46.0682,4.81131
201400004666,19,10,14,11,1,10,389,2,1,1,7,RUE DE LA REPUBLIQUE,0.0,0.0
201400004667,1,11,14,10,2,10,83,1,1,5,6,,46.0857,4.86968
201400004668,1,11,14,17,2,10,348,1,2,8,3,,46.185,4.82367
201400004669,5,1,14,18,3,70,230,1,1,2,1,,0.0,0.0
201400004670,24,5,14,15,1,70,158,1,1,1,6,,0.0,0.0
201400004671,31,5,14,12,1,70,139,1,1,1,6,,0.0,0.0
201400004672,13,6,14,16,1,70,120,1,1,1,7,,44.819,4.265
201400004673,14,6,14,14,1,70,158,1,1,1,7,,44.782,4.41
201400004674,11,8,14,18,1,70,296,2,1,1,1,avenue de l'espinasse,0.0,0.0
201400004675,31,10,14,14,1,70,254,1,1,1,6,,44.666,4.387
201400004676,13,11,14,13,1,70,296,2,1,1,6,rue de l'espinasse,44.579,4.393
201400004677,24,11,14,6,3,70,296,1,1,5,7,,0.0,0.0
201400004678,19,4,14,12,1,70,279,1,1,1,1,,0.0,0.0
201400004679,18,1,14,19,3,70,96,1,1,3,1,,0.0,0.0
201400004680,5,7,14,16,1,70,295,1,1,1,7,,0.0,0.0
201400004681,19,7,14,16,1,70,167,1,1,1,6,,0.0,0.0
201400004682,6,10,14,11,1,70,96,1,1,1,6,,0.0,0.0
201400004683,18,10,14,14,1,70,96,1,1,1,5,,0.0,0.0
201400004684,23,12,14,11,1,70,167,1,1,7,1,,0.0,0.0
201400004685,16,6,14,8,1,70,319,2,1,1,6,1 rue du travail,0.0,0.0
201400004686,30,6,14,16,1,70,319,2,1,1,6,Faubourg LATRAU,0.0,0.0
201400004687,23,9,14,10,1,70,191,1,1,6,7,,0.0,0.0
201400004688,17,10,14,9,1,70,319,2,1,1,6,18 RUE 2MILE COMBE,0.0,0.0
201400004689,17,10,14,17,1,70,319,1,1,7,3,,0.0,0.0
201400004690,22,10,14,7,3,70,346,1,1,1,1,,0.0,0.0
201400004691,1,1,14,7,2,70,247,1,1,1,1,,0.0,0.0
201400004692,14,1,14,14,1,70,348,1,1,1,1,,0.0,0.0
201400004693,19,1,14,3,3,70,348,1,1,2,6,,0.0,0.0
201400004694,22,1,14,15,1,70,145,1,1,1,1,,0.0,0.0
201400004695,27,7,14,6,1,70,242,1,1,1,6,,0.0,0.0
201400004696,12,1,14,12,1,70,349,2,1,1,5,AVENUE DU 11 NOVEMBRE,0.0,0.0
201400004697,19,1,14,4,5,70,55,2,1,3,6,RD 86 Avenue de Provence,0.0,0.0
201400004698,3,2,14,21,5,70,240,2,3,1,3,RN86 - Les Blod,0.0,0.0
201400004699,6,2,14,18,2,70,349,2,1,2,3,20 RUE DE PROVENCE,0.0,0.0
201400004700,20,2,14,19,3,70,66,1,1,8,1,,0.0,0.0
201400004701,22,2,14,18,5,70,349,2,3,1,3,"3, rue de Fontneuve",0.0,0.0
201400004702,10,5,14,20,1,70,27,2,3,1,3,RD86,0.0,0.0
201400004703,7,6,14,2,5,70,288,2,1,1,6,RD507,0.0,0.0
201400004704,21,6,14,12,5,70,240,1,1,1,5,,0.0,0.0
201400004705,23,6,14,22,3,70,349,1,1,1,6,,0.0,0.0
201400004706,3,7,14,11,1,70,94,1,1,1,1,,0.0,0.0
201400004707,4,7,14,17,1,70,181,2,1,2,6,,0.0,0.0
201400004708,19,7,14,14,1,70,22,1,1,1,2,,0.0,0.0
201400004709,6,8,14,12,1,70,27,2,1,1,3,Face ? Coop'Eyrieux,0.0,0.0
201400004710,25,7,14,11,1,70,349,2,1,1,6,QUAI ANATOLE FRANCE,0.0,0.0
201400004711,4,10,14,11,1,70,240,1,1,1,6,,0.0,0.0
201400004712,6,10,14,18,2,70,66,1,3,1,1,,0.0,0.0
201400004713,8,10,14,17,1,70,27,2,1,1,6,ROUTE NATIONALE RD 86E,0.0,0.0
201400004714,18,10,14,18,1,70,349,2,3,1,3,CD86F quartier  les iles,0.0,0.0
201400004715,28,10,14,7,2,70,27,1,2,1,3,,0.0,0.0
201400004716,27,10,14,17,1,70,181,1,1,1,1,,0.0,0.0
201400004717,2,10,14,14,1,70,55,2,1,1,2,D 379 route de TOULAUD,0.0,0.0
201400004718,8,11,14,10,1,70,27,2,1,1,1,Le R?ly,0.0,0.0
201400004719,25,11,14,14,1,70,181,2,1,1,6,RD 86 Avenue JC Dupau,0.0,0.0
201400004720,22,12,14,10,1,70,240,1,1,1,2,,0.0,0.0
201400004721,11,10,14,17,1,70,132,2,1,1,3,RD103 Lieu-dit La C?te,0.0,0.0
201400004722,24,6,14,11,1,70,153,1,1,1,6,,0.0,0.0
201400004723,5,7,14,17,1,70,119,1,1,1,6,,0.0,0.0
201400004724,27,7,14,14,1,70,38,1,1,1,1,,0.0,0.0
201400004725,27,7,14,21,2,70,137,1,1,1,6,,0.0,0.0
201400004726,4,5,14,10,1,70,161,1,1,1,1,,0.0,0.0
201400004727,23,1,14,10,1,70,53,1,1,5,3,,0.0,0.0
201400004728,31,5,14,12,1,70,330,1,1,1,7,,44.456,4.309
201400004729,6,8,14,18,1,70,291,1,1,1,7,,0.0,0.0
201400004730,31,8,14,5,5,70,330,1,1,1,6,,0.0,0.0
201400004731,28,1,14,8,1,70,17,1,1,1,6,,0.0,0.0
201400004732,21,6,14,3,3,70,17,1,1,1,6,,0.0,0.0
201400004733,8,11,14,21,3,70,31,1,1,1,6,,0.0,0.0
201400004734,3,7,14,18,1,70,217,1,1,1,3,,0.0,0.0
201400004735,16,12,14,17,5,70,245,2,1,1,6,Rue Centrale,0.0,0.0
201400004736,8,1,14,8,1,70,265,2,1,1,6,avenue du Forez,0.0,0.0
201400004737,11,2,14,8,1,70,197,1,1,1,1,,0.0,0.0
201400004738,19,4,14,15,1,70,258,1,1,1,3,,0.0,0.0
201400004739,5,5,14,19,1,70,89,1,1,1,3,,0.0,0.0
201400004740,19,9,14,14,1,70,10,1,1,8,6,,0.0,0.0
201400004741,16,10,14,13,1,70,10,2,1,1,6,all?e de Beauregard,0.0,0.0
201400004742,19,12,14,0,3,70,313,1,1,1,7,,0.0,0.0
201400004743,22,12,14,15,1,70,10,2,1,1,6,19 chemin de prade,0.0,0.0
201400004744,1,4,14,10,1,70,165,1,9,1,1,,0.0,0.0
201400004745,8,5,14,15,1,70,276,1,1,1,1,,0.0,0.0
201400004746,3,6,14,16,1,70,108,1,1,1,1,,0.0,0.0
201400004747,31,8,14,16,1,70,82,1,1,1,6,,0.0,0.0
201400004748,29,9,14,6,3,70,204,1,1,8,3,,0.0,0.0
201400004749,31,10,14,9,1,70,64,1,1,1,1,,0.0,0.0
201400004750,4,7,14,23,3,70,129,1,1,2,7,,0.0,0.0
201400004751,19,4,14,18,1,26,115,1,1,1,1,26115,0.0,0.0
201400004752,30,8,14,6,2,26,365,1,1,1,6,26365,0.0,0.0
201400004753,18,9,14,11,1,26,108,1,2,1,1,26108,0.0,0.0
201400004754,6,10,14,18,2,26,125,1,2,1,3,26125,44.7599,4.9524
201400004755,9,10,14,12,1,26,125,1,1,1,7,26125,0.0,0.0
201400004756,28,11,14,11,1,26,108,2,1,1,6,26108,0.0,0.0
201400004757,19,3,14,17,1,26,113,2,1,1,3,ROUTE DE PONET,0.0,0.0
201400004758,16,4,14,17,1,26,69,1,1,1,1,26069,0.0,0.0
201400004759,1,1,14,13,1,26,167,1,1,1,6,26167,0.0,0.0
201400004760,27,4,14,20,2,26,40,1,1,8,6,26040,0.0,0.0
201400004761,28,6,14,14,1,26,168,1,1,1,6,26168,0.0,0.0
201400004762,31,7,14,13,1,26,168,1,1,1,7,26168,0.0,0.0
201400004763,18,4,14,19,1,26,353,2,1,1,1,CHEMIN LA PASCALE,44.6602,4.7901
201400004764,29,8,14,15,1,26,220,2,1,1,6,PLACE DE LA REPUBLIQUE,44.3611,5.1365
201400004765,14,10,14,18,2,26,220,2,3,2,3,26220,0.0,0.0
201400004766,16,11,14,1,3,26,220,1,1,3,1,26220,44.3528,5.1159
201400004767,27,11,14,17,5,26,220,2,1,1,6,RUE CHANTEMERLE,44.3614,5.1324
201400004768,20,9,14,13,1,20,691,2,2,1,6,":, 3EME D.I.M (RUE DE LA",49.85042,3.27614
201400004769,18,9,14,13,1,20,691,2,2,1,3,rue d'isle,49.84247,3.29424
201400004770,25,9,14,17,1,20,691,2,1,1,6,SCHUMAN (AV. ROBERT),49.859,3.29408
201400004771,27,9,14,9,1,20,691,2,1,1,6,"66, SCHUMAN (AV. ROBERT)",49.86095,3.2993
201400004772,18,10,14,13,1,20,691,2,2,1,3,EPARGNEMAILLES DE 1 A 11,49.85124,3.27322
201400004773,18,10,14,14,1,20,691,2,1,1,6,"17, VARLET (RUE)",49.85205,3.28801
201400004774,7,11,14,8,1,20,691,2,1,3,6,12 bd ROOSEVELT,49.85273,3.28778
201400004775,21,10,14,14,1,20,691,2,3,1,1,rue JF KENNEDY,49.85803,3.27795
201400004776,1,12,14,7,3,20,691,2,3,1,6,"2, BLANC-MONT (RUE DU)",49.85565,3.2791
201400004777,21,12,14,21,5,20,691,2,2,1,3,Bd Gambetta,49.84993,3.29537
201400004778,27,11,14,17,5,20,691,2,3,1,6,,49.85327,3.28265
201400004779,6,12,14,17,5,20,691,2,2,2,6,DUMAS (RUE ALEXANDRE),49.84887,3.27043
201400004780,13,12,14,14,1,20,691,2,3,3,4,231BIS rue de paris,49.83548,3.2656
201400004781,13,1,14,16,1,20,691,2,6,1,6,RICHELIEU (BD),49.84903,3.28007
201400004782,15,1,14,8,1,20,691,2,1,2,6,ROOSEVELT (BD),49.85274,3.28776
201400004783,4,5,14,16,1,26,63,2,1,1,3,ALLEE DES PLATANES,0.0,0.0
201400004784,12,2,14,18,5,20,691,2,1,3,6,"14bis, CORDIER (BD)",49.83814,3.29724
201400004785,17,2,14,12,1,20,340,2,1,1,3,VARLIN (RUE EUGENE),49.82377,3.28997
201400004786,7,9,14,11,1,26,26,1,1,1,6,26026,0.0,0.0
201400004787,4,4,14,21,5,20,691,2,3,1,3,":, KENNEDY (RUE DU PST J",49.85899,3.27754
201400004788,5,4,14,7,1,20,691,2,1,1,1,rue ARCHIMEDE,49.85864,3.30355
201400004789,16,4,14,18,1,20,691,2,1,1,6,"3, MAYEURE (RUE)",0.0,0.0
201400004790,19,5,14,17,1,20,691,2,2,1,6,":, GODIN (RUE ANDRE)",49.86059,3.29716
201400004791,28,5,14,14,1,20,691,2,7,1,6,LECLERC (RUE DU GL),49.84197,3.29512
201400004792,10,6,14,17,1,20,691,2,1,1,3,":, PAUL (RUE MARCEL)",49.85194,3.25278
201400004793,23,6,14,13,1,20,691,2,1,1,3,"8, RESISTANCE (AV. DE LA",49.85809,3.30652
201400004794,23,6,14,19,1,20,691,1,1,1,2,":, KENNEDY (RUE DU PST J",49.87227,3.27075
201400004795,4,4,14,5,3,26,146,1,1,1,6,26146,0.0,0.0
201400004796,6,3,14,9,1,26,103,1,1,1,6,26103,0.0,0.0
201400004797,31,5,14,9,1,26,105,2,1,7,1,LE VILLAGE RD61,0.0,0.0
201400004798,1,6,14,15,1,26,318,1,1,7,3,26318,0.0,0.0
201400004799,6,6,14,12,1,26,318,1,1,1,2,26318,0.0,0.0