Num_Acc,jour,mois,an,hr,condition_eclairage,departement,commune,condition_agglomeration,intersection,condition_atmosphere,type_collision,adresse,lattitude,longitude
201400004800,15,6,14,16,1,26,264,1,1,1,1,26264,0.0,0.0
201400004801,27,6,14,20,1,26,376,1,1,1,6,26376,0.0,0.0
201400004802,22,9,14,15,1,26,376,1,1,1,2,26376,0.0,0.0
201400004803,10,1,14,18,5,26,307,2,1,1,3,ROUTE DE SAINT THOMAS,0.0,0.0
201400004804,12,7,14,23,3,26,4,1,1,1,6,26004,44.9769,5.0415
201400004805,15,5,14,18,1,26,143,1,1,1,1,26143,45.2731,5.1039
201400004806,29,9,14,19,2,26,298,1,1,2,6,26298,45.2152,5.0694
201400004807,10,10,14,15,1,20,722,2,2,1,6,"1, RAYMONDE FIOLET",49.37104,3.3134
201400004808,18,10,14,16,1,20,722,2,1,1,3,"37, VOLTAIRE ( AVENUE )",49.38041,3.31538
201400004809,8,11,14,19,5,20,722,2,1,1,6,SAINT CHRISTOPHE ( RUE ),49.38201,3.32228
201400004810,5,12,14,18,5,20,722,2,1,1,6,"1, ERNEST LAVISSE ( RUE",49.37437,3.31902
201400004811,3,11,14,18,5,20,722,2,3,2,6,"1, SAINT LAZARE(RUE)",49.37254,3.33394
201400004812,18,5,14,18,1,20,722,1,1,1,7,ROUTE NATIONALE 2,0.0,0.0
201400004813,17,12,14,10,1,20,722,2,3,3,6,13 rue FRANCS BOISIERS,49.3836,3.32427
201400004814,22,5,14,17,1,20,805,2,1,1,3,254 square jean moulin,49.37678,3.34271
201400004815,22,12,14,16,1,20,805,2,3,1,6,,0.0,0.0
201400004816,11,12,14,17,3,20,722,2,3,2,6,"3, RAYMONDE FIOLET ( AVE",49.3698,3.31529
201400004817,24,7,14,18,1,20,722,2,1,1,6,"09, PRESLES ( BOULEVARD",49.37599,3.30962
201400004818,31,8,14,6,4,20,722,2,1,1,6,"52, GENERAL DE GAULLE (",49.36994,3.33716
201400004819,5,9,14,18,1,20,805,2,2,1,3,"153, MILEMPART Rue",49.3761,3.34311
201400004820,8,2,14,19,5,20,722,2,3,2,6,"17, GAMBETTA ( BOULEVARD",49.37783,3.33102
201400004821,5,3,14,18,1,20,722,2,1,1,6,"53, PASLY ( AVENUE DE )",49.38824,3.31449
201400004822,10,5,14,10,1,20,243,2,1,1,6,cote DE VAUXROT,0.0,0.0
201400004823,1,9,14,17,1,20,722,2,1,1,6,"23, HELOISE ( RUE )",49.39131,3.34688
201400004824,1,9,14,21,5,20,722,2,2,1,3,"25, COMPIEGNE ( AVENUE D",49.22538,3.45699
201400004825,7,1,14,11,1,38,547,2,1,1,6,RUE ALFRED FREYDET,45.27,5.897
201400004826,28,4,14,11,1,38,150,2,1,1,3,rue aristid berg?s,0.0,0.0
201400004827,19,7,14,12,1,38,150,1,1,1,5,,45.162,5.82
201400004828,11,9,14,17,1,38,422,2,1,1,3,Rte du Sonnant d'Uriage,45.16365,5.81093
201400004829,15,10,14,14,1,38,430,1,1,1,6,rte de pré long,45.2188,5.9249
201400004830,22,10,14,14,1,38,538,2,1,1,1,RD 523 / rue du coteau,0.0,0.0
201400004831,22,11,14,10,1,38,422,1,9,1,3,Rte de Venon,45.16156,5.83737
201400004832,17,12,14,9,1,38,422,2,6,1,6,Av des Thermes/rte d'Uri,45.13973,5.82776
201400004833,30,8,14,10,1,38,309,2,7,1,1,Place Georges Brassens,0.0,0.0
201400004834,4,11,14,8,1,38,57,2,1,3,1,Avenue de la R?publique,0.0,0.0
201400004835,3,12,14,9,1,38,158,2,3,1,3,Rue Lamartine,0.0,0.0
201400004836,26,5,14,13,1,38,317,2,1,1,6,avenue Charles de Gaulle,0.0,0.0
201400004837,5,7,14,15,1,38,317,2,1,1,7,cours saint andr?,0.0,0.0
201400004838,5,4,14,16,1,38,314,1,1,1,2,,0.0,0.0
201400004839,25,5,14,18,1,38,6,1,1,1,7,,0.0,0.0
201400004840,8,6,14,9,1,38,439,1,1,1,1,,0.0,0.0
201400004841,25,6,14,16,1,38,314,1,1,1,7,,45.47828,5.93383
201400004842,3,7,14,17,1,38,75,1,4,1,3,rte de francin,45.47336,6.00777
201400004843,3,10,14,16,1,38,314,2,1,1,1,"D523, PK32,500",0.0,0.0
201400004844,20,10,14,8,1,38,75,1,1,1,3,,0.0,0.0
201400004845,7,12,14,14,1,38,75,1,1,1,1,,0.0,0.0
201400004846,21,12,14,13,1,38,6,1,1,1,6,,0.0,0.0
201400004847,23,12,14,11,1,38,314,1,1,7,1,,0.0,0.0
201400004848,23,12,14,19,5,38,314,2,1,1,1,AVENUE DU GRANIER,0.0,0.0
201400004849,27,12,14,12,1,38,6,1,1,4,6,,45.39854,6.10352
201400004850,8,5,14,15,1,38,472,1,1,1,1,,0.0,0.0
201400004851,24,5,14,18,1,38,382,2,1,1,6,01 rue des abattoirs,0.0,0.0
201400004852,1,6,14,18,1,38,382,2,6,1,3,rond point pont barrage,0.0,0.0
201400004853,17,6,14,13,1,38,382,2,1,1,3,avenue g?n?ral de gaulle,0.0,0.0
201400004854,6,2,14,13,1,38,412,1,1,8,7,,45.41175,5.7374
201400004855,16,2,14,13,1,38,405,1,1,8,6,Pont Demay,45.36145,5.67788
201400004856,24,6,14,16,1,38,405,1,1,1,7,,0.0,0.0
201400004857,17,7,14,21,2,38,412,1,1,1,7,,0.0,0.0
201400004858,18,10,14,16,1,38,405,1,1,1,3,,0.0,0.0
201400004859,19,10,14,14,1,38,412,1,1,1,6,,0.0,0.0
201400004860,10,11,14,8,1,38,155,1,1,2,3,,0.0,0.0
201400004861,17,1,14,13,1,38,281,2,2,1,3,av St Jean/ch vignes,45.23922,5.63378
201400004862,19,2,14,12,1,38,540,1,1,1,3,,0.0,0.0
201400004863,6,3,14,15,1,38,540,1,4,1,5,échangeur D3,45.26862,5.61953
201400004864,28,3,14,22,5,38,474,2,1,1,7,rue Pierre de Coubertin,45.2135,5.66819
201400004865,8,6,14,10,1,38,153,1,1,1,1,,45.20005,5.63216
201400004866,13,7,14,22,3,38,153,1,1,2,6,,0.0,0.0
201400004867,12,11,14,17,5,38,474,2,1,3,6,avenue de romans,0.0,0.0
201400004868,14,12,14,2,5,38,474,2,1,1,3,avenue de VALENCE,0.0,0.0
201400004869,6,1,14,15,1,38,466,2,1,1,1,Route de MONTALIEU,0.0,0.0
201400004870,10,7,14,13,1,38,181,1,1,2,1,,0.0,0.0
201400004871,22,8,14,17,1,38,511,2,1,1,3,Rd1090,0.0,0.0
201400004872,18,9,14,9,1,38,70,1,1,3,1,,0.0,0.0
201400004873,7,10,14,17,1,38,181,1,1,1,1,,0.0,0.0
201400004874,16,10,14,19,5,38,466,2,1,1,1,grande Rue,0.0,0.0
201400004875,22,7,14,17,1,38,436,1,1,1,2,,0.0,0.0
201400004876,4,9,14,20,5,38,524,2,1,1,7,Avenue JOLIOT CURIE,0.0,0.0
201400004877,11,9,14,11,1,38,524,2,1,1,4,RD1075 Le Petit Rochefor,0.0,0.0
201400004878,2,10,14,21,3,38,545,1,1,1,1,,0.0,0.0
201400004879,8,1,14,23,3,38,548,1,1,5,7,La Font de la Maie,45.05078,5.54356
201400004880,1,5,14,19,1,38,548,1,1,8,6,,0.0,0.0
201400004881,21,11,14,9,1,38,205,1,1,8,6,,0.0,0.0
201400004882,17,9,14,14,1,20,304,2,6,1,3,FAUBOURG ST FIMRIM,49.66191,3.34946
201400004883,13,10,14,3,5,20,738,2,1,1,2,"64, JEAN JAURES",49.65714,3.30604
201400004884,14,11,14,18,5,20,738,2,1,8,6,"7, GAMBETTA (BOULEVARD)",49.65456,3.29484
201400004885,16,11,14,22,3,20,738,1,1,2,6,D1032,0.0,0.0
201400004886,21,11,14,20,5,20,738,2,3,8,3,"7, GAMBETTA (BOULEVARD)",49.65451,3.29464
201400004887,8,12,14,15,1,20,59,1,2,2,3,D1032 D553,0.0,0.0
201400004888,3,12,14,17,2,20,304,2,3,1,1,GENERAL LECLERC (AVENUE,49.65899,3.38243
201400004889,4,12,14,7,5,20,738,2,1,8,6,"100, FAIDHERBE",49.66486,3.30804
201400004890,15,1,14,7,5,20,738,2,2,3,3,"1, CARNOT",49.65643,3.30473
201400004891,3,2,14,9,1,20,304,2,1,8,7,"28, BOURGET (RUE DU)",49.66346,3.36337
201400004892,24,1,14,7,1,38,565,1,6,8,5,rte de Lyon,45.30828,5.62166
201400004893,5,2,14,18,5,20,738,2,1,3,6,"93, JEAN MOULIN (AVENUE)",49.65877,3.29291
201400004894,16,7,14,12,1,20,738,2,2,7,1,"9, GAMBETTA (BOULEVARD)",49.65451,3.29467
201400004895,26,8,14,8,1,20,738,2,1,1,7,"1, FAIDHERBE",49.65802,3.31003
201400004896,29,8,14,0,5,20,738,2,1,1,7,"75, GRASSE",49.6554,3.27931
201400004897,20,6,14,12,1,38,565,2,2,1,7,av 11Novembre/Malraux,45.2872,5.64255
201400004898,13,9,14,12,1,38,61,2,1,1,3,386 route de Grenoble,0.0,0.0
201400004899,29,11,14,10,1,38,565,2,6,1,3,Rond Point Mac Donald,0.0,0.0
201400004900,1,12,14,12,1,38,565,2,1,2,6,D 1075 RUE 11 NOVEMBRE,0.0,0.0
201400004901,18,12,14,8,1,38,565,1,3,2,3,,0.0,0.0
201400004902,23,6,14,19,1,38,269,2,1,1,6,rue du Breuil,0.0,0.0
201400004903,25,6,14,15,1,38,304,2,1,1,3,cit? pr?cordier,0.0,0.0
201400004904,1,3,14,6,2,38,424,1,2,5,6,commanderie Pommarat,44.77123,5.66205
201400004905,1,5,14,15,1,38,242,1,1,1,6,,0.0,0.0
201400004906,7,6,14,11,1,38,242,2,1,1,1,137 Grand rue,0.0,0.0
201400004907,21,6,14,12,1,38,391,1,1,1,2,,0.0,0.0
201400004908,31,7,14,16,1,38,204,1,1,1,1,,0.0,0.0
201400004909,26,10,14,18,2,38,342,1,1,1,6,,44.9,5.582
201400004910,6,11,14,10,1,38,204,1,1,5,6,,0.0,0.0
201400004911,21,3,14,20,3,38,71,1,1,1,6,,45.06606,5.72071
201400004912,3,4,14,9,1,38,203,2,4,1,1,RN85,45.02723,5.77219
201400004913,9,5,14,10,1,38,388,2,1,1,3,Rue de la Tour,0.0,0.0
201400004914,16,5,14,8,1,38,388,1,1,1,6,,0.0,0.0
201400004915,22,5,14,19,2,38,212,1,1,2,6,,0.0,0.0
201400004916,5,7,14,9,1,38,212,1,1,1,1,,0.0,0.0
201400004917,15,7,14,18,1,38,478,1,1,1,6,,0.0,0.0
201400004918,31,8,14,17,1,38,388,2,1,1,3,,0.0,0.0
201400004919,4,9,14,15,1,38,68,1,6,1,3,,0.0,0.0
201400004920,13,9,14,17,2,38,529,1,1,1,7,,0.0,0.0
201400004921,2,12,14,6,5,38,529,2,1,8,6,47 avenue d'Uriage,0.0,0.0
201400004922,10,11,14,17,1,38,203,1,1,3,1,,0.0,0.0
201400004923,12,12,14,13,1,38,388,1,1,1,7,,0.0,0.0
201400004924,28,1,14,17,1,38,410,1,1,1,1,,0.0,0.0
201400004925,27,4,14,14,1,38,356,1,1,1,1,,0.0,0.0
201400004926,11,5,14,16,1,38,410,1,1,1,6,,45.075,5.262
201400004927,16,5,14,20,2,38,359,1,1,1,1,,0.0,0.0
201400004928,29,5,14,1,3,38,356,1,1,1,6,,0.0,0.0
201400004929,3,8,14,3,3,38,95,1,1,2,7,,0.0,0.0
201400004930,3,11,14,12,1,38,453,2,1,7,6,GRANDE RUE,0.0,0.0
201400004931,4,11,14,18,3,38,95,1,2,3,3,,0.0,0.0
201400004932,18,11,14,15,1,38,416,1,1,2,1,,0.0,0.0
201400004933,12,12,14,19,5,38,416,2,1,1,5,Avenue de Provence,0.0,0.0
201400004934,24,12,14,4,3,38,443,1,1,5,6,,0.0,0.0
201400004935,19,7,14,13,1,38,218,2,1,1,6,39 rue de la gare,0.0,0.0
201400004936,27,8,14,15,1,38,32,1,2,1,3,inter ch galises,45.33087,5.10145
201400004937,30,8,14,18,1,38,384,1,1,1,2,,0.0,0.0
201400004938,1,11,14,10,1,38,561,1,1,1,7,,45.29933,5.18595
201400004939,9,12,14,15,1,38,32,1,3,1,3,,0.0,0.0
201400004940,23,12,14,13,1,38,347,2,1,1,6,124 GRANDE RUE,0.0,0.0
201400004941,10,2,14,9,1,38,338,1,1,1,1,,45.24552,5.51262
201400004942,18,2,14,12,1,38,517,2,3,1,3,AVENUE DU 11 NOVEMBRE,0.0,0.0
201400004943,15,5,14,16,1,38,338,1,1,1,5,,0.0,0.0
201400004944,9,6,14,12,1,38,248,1,1,1,6,,0.0,0.0
201400004945,30,7,14,12,1,38,500,1,1,2,7,,0.0,0.0
201400004946,17,8,14,7,1,38,517,2,6,7,6,RD 45,0.0,0.0
201400004947,19,10,14,18,2,38,117,1,1,1,7,,0.0,0.0
201400004948,25,10,14,16,1,38,500,1,1,1,1,,0.0,0.0
201400004949,7,11,14,23,3,38,390,1,1,5,7,,0.0,0.0
201400004950,9,12,14,5,3,38,4,1,1,1,1,,45.23188,5.44308
201400004951,10,1,14,21,3,38,500,1,1,1,6,route du Perron,45.1906,5.38925
201400004952,7,2,14,8,1,38,223,1,1,3,6,,0.0,0.0
201400004953,16,4,14,19,1,38,24,1,1,1,7,rte de tramole,45.50443,5.28953
201400004954,21,6,14,1,3,38,276,1,1,1,6,,45.516,5.282
201400004955,10,7,14,10,1,38,498,1,1,2,3,,45.53141,5.32085
201400004956,27,8,14,16,1,38,415,1,6,1,7,,0.0,0.0
201400004957,26,8,14,5,5,38,455,1,1,2,3,,0.0,0.0
201400004958,2,11,14,2,3,38,415,1,1,5,6,,0.0,0.0
201400004959,7,4,14,11,1,38,494,1,2,1,3,,45.699,5.381
201400004960,17,4,14,14,1,38,294,1,1,1,1,,45.676,5.208
201400004961,31,5,14,5,2,38,210,2,1,1,6,,45.763,5.256
201400004962,11,6,14,15,1,38,451,2,1,1,5,,45.755,5.221
201400004963,18,6,14,19,1,38,138,1,4,2,1,D517/D75,45.73263,5.23471
201400004964,19,3,14,7,1,38,118,2,1,1,6,route du tram,0.0,0.0
201400004965,25,5,14,13,1,38,82,1,3,1,3,,0.0,0.0
201400004966,31,5,14,23,3,38,82,2,1,1,6,2220 Route Principale,0.0,0.0
201400004967,10,8,14,18,1,38,118,2,1,1,3,,0.0,0.0
201400004968,26,10,14,15,1,38,118,1,1,1,1,,0.0,0.0
201400004969,20,2,14,15,1,38,320,1,1,1,1,,0.0,0.0
201400004970,5,3,14,11,1,38,54,1,1,1,1,,0.0,0.0
201400004971,19,3,14,17,1,38,54,1,1,1,6,,0.0,0.0
201400004972,4,4,14,18,1,38,247,2,1,1,1,Grande rue,0.0,0.0
201400004973,10,4,14,20,3,38,135,1,4,1,1,,45.74962,5.40401
201400004974,18,5,14,4,3,38,135,2,1,1,6,RD1075 LANCIN,0.0,0.0
201400004975,8,6,14,15,1,38,365,1,1,1,6,,0.0,0.0
201400004976,10,7,14,11,1,38,26,1,1,3,1,,45.83426,5.32445
201400004977,31,1,14,13,1,38,261,2,1,1,7,Rue de la Rivoirette,0.0,0.0
201400004978,24,3,14,14,1,38,12,2,1,1,3,Route de Belley- RD 592,0.0,0.0
201400004979,29,5,14,23,3,38,261,2,1,1,3,D517 route de Lyon,0.0,0.0
201400004980,23,12,14,9,5,38,50,2,2,1,1,inter RD33 et RD33E,0.0,0.0
201400004981,26,1,14,14,1,38,386,2,1,1,1,le versoud,45.462,5.633
201400004982,14,2,14,21,3,38,323,1,1,1,2,,0.0,0.0
201400004983,26,2,14,14,1,38,1,2,1,2,3,RUE GAMBETTA,45.54,5.587
201400004984,29,3,14,15,1,38,386,1,1,1,1,,0.0,0.0
201400004985,22,4,14,14,1,38,343,1,1,1,7,,0.0,0.0
201400004986,7,6,14,8,1,38,1,1,1,1,7,,0.0,0.0
201400004987,7,9,14,19,1,38,357,2,1,1,6,16 rue Saint-Exupery,45.55007,5.53422
201400004988,7,2,14,18,3,38,509,2,1,2,6,rue Paul Durand,0.0,0.0
201400004989,11,2,14,19,5,38,369,2,9,1,3,D51,45.558,5.43
201400004990,21,2,14,12,1,38,509,2,9,2,6,35 rue pierre vincendon,0.0,0.0
201400004991,31,3,14,8,1,38,509,2,1,1,1,Route du Bessay,0.0,0.0
201400004992,11,4,14,11,1,38,509,2,1,1,6,Rue Jean FERRAND,0.0,0.0
201400004993,13,5,14,21,3,38,246,1,1,3,6,,45.52549,5.42226
201400004994,2,6,14,17,1,38,509,2,1,1,7,rue Pasteur,0.0,0.0
201400004995,2,6,14,17,1,38,64,1,1,1,5,,45.56689,5.40568
201400004996,12,6,14,18,1,38,341,1,1,1,1,,0.0,0.0
201400004997,20,6,14,18,1,38,148,1,1,1,6,,0.0,0.0
201400004998,2,7,14,16,1,38,64,2,1,1,3,route de ruy,0.0,0.0
201400004999,27,7,14,2,3,38,401,1,1,1,3,,0.0,0.0
201400005000,1,9,14,8,1,38,381,1,1,1,2,,0.0,0.0
201400005001,11,10,14,5,3,38,246,1,1,2,6,,0.0,0.0
201400005002,11,11,14,15,1,38,246,2,1,1,3,158 chemin des arphants,0.0,0.0
201400005003,21,11,14,18,5,38,401,2,1,1,3,rue Jaquard,0.0,0.0
201400005004,20,12,14,12,1,38,509,1,1,2,4,,0.0,0.0
201400005005,10,2,14,16,1,44,35,2,6,1,6,Rue de Maisonneuve,0.0,0.0
201400005006,30,5,14,16,1,44,35,1,1,1,3,,0.0,0.0
201400005007,22,6,14,13,1,44,35,1,1,1,7,,0.0,0.0
201400005008,27,6,14,19,1,44,35,2,6,1,1,rue de leinster,47.286,-1.555
201400005009,31,8,14,4,3,44,201,1,1,1,6,les tourbières,47.339,-1.519
201400005010,3,2,14,7,1,38,336,1,1,1,4,,45.4654,4.83441
201400005011,3,3,14,15,1,38,558,2,2,1,3,D36 / ch de l'oie,45.5864,4.90822
201400005012,1,4,14,8,1,38,110,2,1,1,6,RD123A,0.0,0.0
201400005013,28,3,14,16,1,38,87,2,1,1,6,parking centre commercia,45.57535,4.81032
201400005014,25,4,14,12,1,38,110,1,1,1,1,,0.0,0.0
201400005015,14,5,14,12,1,38,487,1,1,1,6,,0.0,0.0
201400005016,8,8,14,14,1,38,487,1,1,1,3,,0.0,0.0
201400005017,22,2,14,18,3,38,180,1,1,1,1,,45.36838,5.28958
201400005018,15,3,14,10,1,38,291,1,1,1,3,ch de la lagune,45.36199,5.12108
201400005019,25,5,14,0,5,38,259,1,1,1,3,,0.0,0.0
201400005020,20,6,14,6,1,38,34,1,1,1,3,,0.0,0.0
201400005021,21,6,14,10,1,38,130,2,2,1,3,,0.0,0.0
201400005022,8,7,14,4,3,38,240,1,1,8,6,,0.0,0.0
201400005023,5,8,14,2,3,38,324,1,6,1,7,,0.0,0.0
201400005024,14,8,14,15,1,38,180,1,1,1,3,,0.0,0.0
201400005025,6,9,14,18,1,38,198,1,2,1,3,,0.0,0.0
201400005026,7,12,14,15,1,38,284,1,2,1,3,inter ch savoz,45.40687,5.21765
201400005027,23,12,14,7,3,38,335,2,1,1,1,mont?e de l'embranchemen,0.0,0.0
201400005028,2,3,14,21,1,38,399,1,1,1,6,,0.0,0.0
201400005029,4,3,14,15,1,38,189,2,2,1,5,inter r Albert 1er,45.63044,5.06157
201400005030,11,4,14,11,2,38,35,1,1,1,1,,0.0,0.0
201400005031,17,4,14,8,1,38,480,2,1,7,6,rue du Pigeonnier,0.0,0.0
201400005032,2,5,14,19,1,38,476,1,1,8,6,,0.0,0.0
201400005033,22,5,14,17,1,38,189,1,1,1,2,,0.0,0.0
201400005034,22,5,14,21,3,38,288,1,1,3,1,,0.0,0.0
201400005035,24,5,14,18,1,38,389,1,1,1,2,,0.0,0.0
201400005036,2,6,14,23,5,38,189,1,4,1,1,,45.63881,5.06327
201400005037,8,6,14,19,1,38,346,1,1,1,6,,0.0,0.0
201400005038,20,6,14,12,1,38,389,1,1,1,6,,45.57059,5.06873
201400005039,27,6,14,18,1,38,389,1,1,1,1,,0.0,0.0
201400005040,13,7,14,3,3,38,184,1,1,1,6,,0.0,0.0
201400005041,30,7,14,14,1,38,351,1,1,2,1,,0.0,0.0
201400005042,1,11,14,3,3,38,144,1,1,1,1,,0.0,0.0
201400005043,23,11,14,6,3,38,389,1,1,1,7,,0.0,0.0
201400005044,21,2,14,15,1,38,557,2,1,1,7,17 rue des aub?pines,0.0,0.0
201400005045,12,3,14,16,1,38,11,1,1,1,2,,0.0,0.0
201400005046,24,3,14,7,2,38,316,1,1,1,3,,0.0,0.0
201400005047,24,5,14,11,1,38,85,2,1,1,6,place ren? BARBE,0.0,0.0
201400005048,24,6,14,20,2,38,197,2,1,1,7,RD 517 route de cr?mieu,0.0,0.0
201400005049,4,10,14,21,5,38,97,2,1,1,6,Avenue du Revorchon,0.0,0.0
201400005050,31,10,14,19,3,38,11,1,1,1,6,,0.0,0.0
201400005051,22,11,14,4,3,38,97,2,1,1,6,44 passage de la bourbre,45.77143,5.18969
201400005052,10,12,14,18,5,38,507,2,1,2,6,rue de bourgoin,0.0,0.0
201400005053,18,1,14,17,2,38,344,2,1,2,6,MONTEE DU CHATEAU,0.0,0.0
201400005054,7,3,14,20,5,38,72,1,1,1,3,le grand chemin,45.30637,4.80959
201400005055,3,4,14,21,3,38,51,1,2,1,1,,45.32717,4.87532
201400005056,19,5,14,8,1,38,344,2,1,1,6,avenue Jean Jaures,0.0,0.0
201400005057,28,5,14,16,1,38,349,1,2,1,3,,0.0,0.0
201400005058,16,6,14,11,1,38,344,2,1,7,3,rue yves Farges,0.0,0.0
201400005059,24,6,14,20,1,38,468,1,1,1,6,,0.0,0.0
201400005060,5,7,14,8,1,38,72,1,1,1,1,,0.0,0.0
201400005061,12,7,14,10,1,38,349,1,1,1,1,,0.0,0.0
201400005062,16,7,14,20,2,38,496,1,1,1,5,,45.36108,4.92575
201400005063,2,10,14,17,1,38,298,1,1,1,6,,0.0,0.0
201400005064,7,10,14,16,1,38,298,2,1,2,6,Place des beaux arts,0.0,0.0
201400005065,7,11,14,18,5,38,468,1,1,1,4,,0.0,0.0
201400005066,15,11,14,13,1,38,344,2,1,8,3,63 avenue Gabriel P?ri,0.0,0.0
201400005067,10,12,14,18,3,38,3,1,1,2,3,,0.0,0.0
201400005068,23,11,14,14,1,38,512,1,1,1,7,,0.0,0.0
201400005069,3,3,14,19,3,38,449,1,1,1,1,,0.0,0.0
201400005070,16,7,14,15,1,38,537,1,1,1,5,,0.0,0.0
201400005071,3,8,14,8,1,38,449,1,1,1,1,,0.0,0.0
201400005072,14,11,14,11,1,38,449,1,1,1,3,,0.0,0.0
201400005073,27,3,14,15,1,42,329,1,1,1,1,,45.31843,4.50563
201400005074,12,4,14,16,1,42,172,1,1,1,1,,45.36835,4.44234
201400005075,18,5,14,17,1,42,23,2,1,1,5,bld jean louis richard,45.22976,4.58074
201400005076,25,5,14,16,1,42,310,1,1,1,6,,45.31308,4.5415
201400005077,27,8,14,11,1,42,287,1,2,1,1,,45.25688,4.46592
201400005078,5,9,14,12,1,42,286,2,1,1,3,RD 22,45.36713,4.37107
201400005079,20,9,14,18,2,42,23,1,1,8,3,,45.31616,4.52533
201400005080,1,1,14,11,1,42,97,1,1,1,7,,45.5072,4.32086
201400005081,7,1,14,14,1,42,92,2,1,7,6,Rue du 11 novembre,45.485,4.37925
201400005082,6,2,14,11,3,42,97,2,1,1,2,RN 102 LA PORCHERE,45.48422,4.3445
201400005083,19,6,14,17,1,42,234,1,1,1,1,,45.50802,4.38756
201400005084,22,6,14,9,1,42,97,1,6,1,6,,45.50547,4.30596
201400005085,25,7,14,10,1,42,234,2,1,1,1,D11 rue Thiolier,45.52899,4.37262
201400005086,3,9,14,18,1,42,96,1,1,1,7,La Blétaille,45.53463,4.43266
201400005087,14,9,14,10,1,42,311,2,3,1,3,LA CROIX MALADIERE,45.48225,4.38901
201400005088,14,1,14,7,5,42,180,1,2,8,1,,45.58946,4.1468
201400005089,17,2,14,13,1,42,46,1,1,1,2,,45.65005,4.04934
201400005090,14,3,14,8,1,42,147,2,3,1,5,6 avenue d'Allard,45.60711,4.05799
201400005091,17,3,14,14,1,42,299,1,1,1,2,,45.6102,4.09657
201400005092,6,4,14,18,1,42,46,1,1,1,3,,45.6263,4.05199
201400005093,22,4,14,17,1,42,147,2,1,2,6,rue de pépinière du roi,45.60433,4.06297
201400005094,16,6,14,5,2,42,299,1,1,1,6,,45.62077,4.1383
201400005095,17,6,14,14,1,42,147,1,1,1,1,,45.61832,4.07071
201400005096,19,9,14,19,2,42,180,1,1,8,1,,45.59059,4.1443
201400005097,26,10,14,18,3,42,285,1,1,1,5,,45.56995,4.12838
201400005098,8,11,14,10,1,42,285,1,1,1,3,,45.58137,4.10689
201400005099,13,11,14,9,2,42,147,2,1,1,6,2 boulevard Lach?ze,45.6055,4.06435
201400005100,5,12,14,7,2,42,180,1,1,2,2,,45.58995,4.15887
201400005101,8,12,14,15,3,42,46,1,1,8,3,,45.64089,4.05232
201400005102,28,12,14,0,5,42,147,2,1,4,6,Avenue de Saint Etienne,45.59958,4.07321
201400005103,31,12,14,12,1,42,147,2,7,1,6,12 place grenette,45.60709,4.06348
201400005104,18,4,14,15,1,42,5,2,6,1,6,,45.52585,4.27019
201400005105,16,5,14,18,1,42,304,1,1,1,3,,45.56913,4.18682
201400005106,5,6,14,21,1,42,304,2,1,1,1,boulevard jean moulin,45.54174,4.18591
201400005107,10,6,14,19,2,42,211,2,1,3,1,avenue pierre zakarie,45.52959,4.24651
201400005108,18,10,14,16,1,42,5,2,1,7,6,AVENUE DE ST ETIENNE,45.52588,4.27322
201400005109,8,11,14,17,3,42,5,1,1,2,1,,45.53562,4.30534
201400005110,20,12,14,4,5,42,5,2,1,3,6,AVENUE HELENE BOUCHER,45.54023,4.28568
201400005111,17,1,14,14,1,42,197,1,1,1,3,,45.73841,4.05644
201400005112,22,1,14,17,1,42,221,1,1,8,7,,45.78195,4.10346
201400005113,16,2,14,2,3,42,114,1,1,2,7,,45.74272,3.81054
201400005114,7,5,14,22,3,42,2,1,1,1,7,,45.78159,3.92677
201400005115,23,5,14,14,1,42,245,1,1,1,1,,45.81562,3.83015
201400005116,1,7,14,8,1,42,136,1,1,1,3,,45.71173,4.03249
201400005117,13,7,14,16,1,42,159,1,1,2,6,,45.78771,3.74269
201400005118,3,9,14,18,1,42,19,2,1,1,3,RD 3008,45.74322,4.01925
201400005119,21,9,14,12,1,42,205,1,1,1,1,,45.63619,3.86788
201400005120,12,1,14,15,1,42,165,1,1,1,1,,45.77804,4.32215
201400005121,24,1,14,16,1,42,214,1,1,2,1,,45.67797,4.31328
201400005122,9,2,14,10,1,42,319,1,1,1,3,La Croix Jaune,45.70511,4.3007
201400005123,22,3,14,19,3,42,296,1,1,1,2,,45.734,4.28057