Num_Acc,jour,mois,an,hr,condition_eclairage,departement,commune,condition_agglomeration,intersection,condition_atmosphere,type_collision,adresse,lattitude,longitude
201400005124,24,4,14,17,1,42,41,1,1,1,5,,45.71479,4.2006
201400005125,14,4,14,12,1,42,94,2,2,1,3,Rue Louis Blanc,45.73641,4.23588
201400005126,14,5,14,8,1,42,94,2,1,1,6,bvd de l'hippodrome,45.73641,4.22335
201400005127,1,6,14,15,1,42,113,2,1,1,1,Le bourg,45.74526,4.31096
201400005128,3,7,14,22,3,42,94,1,1,1,6,,45.74276,4.20767
201400005129,8,7,14,10,1,42,296,1,1,8,2,,45.73897,4.29522
201400005130,5,8,14,15,1,42,94,2,1,1,3,rue de la Loire 42 FEUR,45.74281,4.2153
201400005131,25,10,14,15,1,42,94,1,1,1,6,,45.74523,4.3143
201400005132,7,11,14,7,2,42,94,2,1,1,6,Rue Jules Ferry,45.74531,4.22363
201400005133,17,11,14,17,3,42,175,2,1,2,3,Le buis,45.80046,4.22941
201400005134,18,11,14,10,1,42,94,2,1,2,6,7 rue de la r?publique,45.74368,4.22404
201400005135,30,11,14,12,1,42,174,1,1,2,3,,45.72631,4.16472
201400005136,14,12,14,0,5,42,94,2,1,1,1,30 bd boissonnette,45.73827,4.2286
201400005137,29,12,14,16,1,42,94,2,1,1,6,rue de la Loire,45.7433,4.22097
201400005138,8,2,14,10,1,42,126,1,1,2,6,,45.45155,4.08584
201400005139,23,2,14,4,3,42,137,1,1,1,6,,45.5217,4.03488
201400005140,19,3,14,21,5,42,6,1,1,1,6,,45.38428,3.999
201400005141,23,3,14,17,1,42,137,1,1,1,7,,45.52159,4.05389
201400005142,31,5,14,15,1,42,312,1,1,1,1,,45.41314,4.09107
201400005143,28,6,14,23,5,42,240,2,1,2,6,la cruzille,45.49993,4.04455
201400005144,26,9,14,10,1,42,240,1,1,1,3,,45.51079,4.05238
201400005145,5,10,14,1,3,42,240,1,1,2,7,,45.5048,4.02927
201400005146,8,10,14,12,1,42,318,1,1,1,7,,45.361,3.911
201400005147,16,10,14,8,1,42,204,1,1,8,1,,45.40969,4.10328
201400005148,15,11,14,21,3,42,21,1,1,1,6,,45.50798,4.11385
201400005149,12,12,14,17,4,42,228,2,1,1,1,D?partementale 107,45.55902,4.1017
201400005150,5,1,14,10,1,42,222,2,1,1,1,Route d?partementale CD1,45.59032,4.31958
201400005151,23,1,14,16,1,42,20,1,1,1,1,,45.64081,4.21776
201400005152,25,1,14,17,1,42,81,1,1,1,1,,45.61973,4.25757
201400005153,7,2,14,13,1,42,138,1,1,1,1,,45.65952,4.35992
201400005154,9,3,14,12,1,42,323,2,1,1,3,Rue abb? Delorme,45.56247,4.29926
201400005155,11,3,14,6,1,42,323,2,3,1,3,rn1082 et rue massenet,45.56716,4.27532
201400005156,28,4,14,17,1,42,200,2,8,1,6,D1089,45.64485,4.24904
201400005157,25,4,14,8,1,42,59,1,1,2,6,,45.64708,4.36078
201400005158,8,5,14,16,1,42,315,2,1,1,6,279 Centre Bourg,45.60675,4.22514
201400005159,25,5,14,16,1,42,43,1,1,2,6,,45.57443,4.30405
201400005160,13,6,14,18,1,42,108,2,1,1,3,339 Rte de Sury,45.59061,4.19548
201400005161,17,7,14,1,3,42,138,1,1,1,6,,45.6601,4.35914
201400005162,19,7,14,18,1,42,59,1,1,1,1,,45.65063,4.39378
201400005163,20,10,14,17,1,42,336,1,1,1,7,Neyrieux,45.67722,4.35571
201400005164,3,11,14,16,1,42,62,1,1,2,7,,45.59042,4.38498
201400005165,27,11,14,12,1,42,108,1,1,2,5,,45.58824,4.21922
201400005166,4,12,14,16,1,42,43,1,2,9,1,,45.57501,4.32529
201400005167,17,3,14,15,1,42,201,1,1,1,3,,45.33387,4.64215
201400005168,25,4,14,8,1,42,168,2,1,2,6,rue des prairies,45.42467,4.67333
201400005169,30,4,14,15,1,42,265,1,1,1,1,,45.44661,4.72378
201400005170,10,5,14,14,1,42,64,1,1,1,7,,45.45869,4.68324
201400005171,5,7,14,21,2,42,265,1,1,1,6,,45.43903,4.74725
201400005172,7,8,14,18,1,42,56,2,1,1,3,LA GRANDE GORGE,45.40083,4.73701
201400005173,4,9,14,7,1,42,191,2,1,1,3,les combettes,45.38285,4.68315
201400005174,4,10,14,15,1,42,56,1,1,1,6,,45.41608,4.70994
201400005175,30,10,14,15,1,42,129,2,1,1,6,route de veranne,45.3626,4.68369
201400005176,11,12,14,11,1,42,129,2,1,8,6,Route de l' Ard?che,45.36102,4.68521
201400005177,5,1,14,10,1,42,332,1,1,1,7,,45.99549,4.03981
201400005178,1,3,14,20,3,42,170,1,1,1,7,,46.00668,4.15693
201400005179,23,3,14,1,3,42,332,1,1,1,7,,46.00979,4.0472
201400005180,10,4,14,19,1,42,27,1,1,1,7,,45.94346,3.99575
201400005181,26,4,14,9,1,42,166,1,1,1,3,,46.00549,4.1007
201400005182,3,6,14,8,1,42,239,1,1,1,2,,45.9781,3.99286
201400005183,15,6,14,12,1,42,69,1,1,1,7,,45.97045,4.04516
201400005184,27,6,14,19,1,42,145,1,1,1,7,,46.03218,4.19223
201400005185,7,7,14,13,1,42,162,1,1,2,7,,46.01523,3.97335
201400005186,18,7,14,19,1,42,120,1,2,1,3,,45.99221,3.99716
201400005187,19,7,14,16,1,42,120,1,3,1,3,,45.98506,3.96632
201400005188,7,8,14,15,1,42,331,1,2,2,1,,45.9835,3.9624
201400005189,7,8,14,14,1,42,120,1,1,1,1,,45.99142,3.98111
201400005190,21,8,14,15,1,42,331,1,1,1,1,,45.96529,3.94079
201400005191,20,8,14,8,1,42,332,2,6,1,2,rond-point du Lavoir,46.01445,4.04323
201400005192,29,8,14,14,1,42,332,2,1,1,1,Chemin des servoirets,45.993,4.0302
201400005193,4,9,14,20,5,42,69,1,1,1,6,,46.01859,4.07451
201400005194,29,10,14,15,1,42,69,1,2,1,3,,45.9884,4.06069
201400005195,2,11,14,10,1,42,294,1,1,1,1,,46.0163,4.1097
201400005196,9,1,14,22,3,42,325,1,1,1,6,,45.94465,4.13994
201400005197,6,2,14,13,1,42,98,2,1,1,7,LE BOURG,45.93693,4.26846
201400005198,13,3,14,8,1,42,289,1,3,1,3,,45.95193,4.19634
201400005199,17,3,14,8,1,42,254,1,1,1,1,,45.84835,4.17084
201400005200,11,5,14,15,1,42,11,1,1,1,3,Pralery,45.82885,4.16429
201400005201,24,5,14,11,1,42,249,1,1,1,6,,45.87869,4.21612
201400005202,25,5,14,21,2,42,213,2,1,1,7,D64 la voisin?es,45.90353,4.31223
201400005203,11,6,14,16,1,42,153,1,1,1,7,,45.96513,4.14175
201400005204,10,7,14,19,1,42,98,1,1,2,3,,45.95208,4.28947
201400005205,23,7,14,14,1,42,254,1,1,1,3,,45.86969,4.17434
201400005206,2,8,14,12,1,42,293,1,1,2,7,,46.01963,4.2777
201400005207,11,8,14,15,1,42,212,1,1,1,1,,45.96666,4.10974
201400005208,15,8,14,11,1,42,181,2,1,1,6,rue de la tour,45.98959,4.21604
201400005209,29,9,14,13,1,42,181,1,1,2,6,Naconne,45.98592,4.18996
201400005210,12,10,14,12,1,42,156,1,1,3,7,,45.91529,4.16791
201400005211,2,12,14,18,3,42,98,1,1,1,2,,45.94448,4.27846
201400005212,16,12,14,8,3,42,11,2,1,2,1,1 rue du four ? chaux,45.81829,4.18778
201400005213,18,12,14,20,3,42,289,1,1,1,6,,45.9453,4.22765
201400005214,19,12,14,17,5,42,209,2,1,2,6,le bourg,45.87734,4.27517
201400005215,14,3,14,16,1,42,215,1,1,1,7,,46.17071,4.20594
201400005216,18,3,14,8,1,42,26,2,1,1,1,lLa Croix Saint Paul,46.15323,4.07798
201400005217,28,3,14,17,1,42,267,2,3,1,3,LES VARENNES,46.15698,4.10539
201400005218,24,4,14,9,1,42,177,2,1,1,1,Avenue brossard,46.14705,4.10751
201400005219,1,6,14,1,5,42,26,2,1,1,6,D4-pont de la Loire,46.1481,4.08872
201400005220,13,7,14,20,1,42,48,1,1,2,2,,46.15339,4.21314
201400005221,18,7,14,7,1,42,26,1,1,1,1,,46.14733,4.09633
201400005222,31,7,14,19,1,42,14,1,2,1,3,,46.1793,4.4126
201400005223,31,7,14,19,1,42,215,1,2,1,3,,46.18646,4.19878
201400005224,9,8,14,8,1,42,236,1,1,2,6,,46.13593,4.17819
201400005225,6,10,14,20,5,42,52,2,2,2,3,01 Bld Louis Valorge,46.16025,4.17325
201400005226,2,10,14,7,2,42,177,2,1,5,2,173 rue de la r?publique,46.1445,4.10834
201400005227,25,10,14,23,3,42,141,1,1,1,1,,46.14977,4.24324
201400005228,13,12,14,17,5,42,267,1,1,1,2,,46.15267,4.15768
201400005229,18,12,14,14,1,42,152,1,1,3,7,,46.09371,4.1547
201400005230,24,12,14,8,1,42,15,2,1,1,6,Rue Centrale,46.16493,4.34669
201400005231,7,3,14,20,3,42,4,1,1,1,3,,45.86318,4.03775
201400005232,18,3,14,16,1,42,248,1,1,1,3,,45.93599,3.86693
201400005233,30,5,14,18,1,42,76,1,1,1,1,,45.90797,3.93366
201400005234,21,6,14,13,1,42,274,1,1,1,7,,45.91259,3.96392
201400005235,22,7,14,18,1,42,282,1,1,1,1,,45.89265,3.84397
201400005236,25,7,14,20,2,42,282,1,1,2,1,,45.87797,3.82584
201400005237,28,8,14,16,1,42,230,2,1,1,3,avenue de pralong,45.83251,4.02107
201400005238,10,9,14,18,1,42,243,1,1,1,3,,45.84848,3.99079
201400005239,23,9,14,17,1,42,248,2,3,1,1,rue de thiers,45.90917,3.84355
201400005240,24,9,14,13,1,42,4,1,9,1,3,,45.8675,4.03619
201400005241,12,10,14,17,1,42,76,1,1,1,7,,45.91764,3.93884
201400005242,10,11,14,11,1,42,27,1,1,1,2,,45.93681,3.94813
201400005243,4,12,14,19,3,42,47,1,1,5,6,,45.86602,3.83614
201400005244,17,10,14,17,1,73,288,2,3,1,3,CD211,45.6127,5.923
201400005245,29,1,14,18,5,73,182,2,4,2,3,D 913 route du revard,45.683,5.935
201400005246,10,2,14,6,3,73,238,1,1,1,6,,45.773,5.8675
201400005247,30,3,14,16,1,73,59,1,1,1,6,,45.7217,5.882
201400005248,15,4,14,8,1,73,300,1,1,1,3,,45.6611,5.8953
201400005249,15,6,14,12,1,73,158,1,1,1,1,,45.7557,5.9481
201400005250,10,8,14,12,1,73,301,1,1,1,1,,45.706,5.9114
201400005251,5,9,14,17,1,73,238,1,1,1,1,,45.7754,5.8663
201400005252,12,5,14,11,1,73,225,2,6,1,1,route d'apremont,45.5331,5.9559
201400005253,11,7,14,6,1,73,249,2,1,1,1,RD 1006,45.534,5.9921
201400005254,6,8,14,16,1,73,213,2,1,1,1,835 rue Richelieu,45.5995,5.9639
201400005255,13,11,14,0,3,73,213,1,2,1,2,,45.5651,5.9671
201400005256,16,8,14,15,1,73,192,1,1,1,3,,45.6604,6.0341
201400005257,26,10,14,14,1,73,330,1,1,1,7,,45.679,5.7625
201400005258,4,11,14,9,1,73,330,1,1,1,1,,45.67433,5.76637
201400005259,19,8,14,18,1,73,180,1,1,1,1,,45.9328,5.8314
201400005260,3,6,14,19,1,73,270,2,1,1,3,Rue Louis Blanc Pinget,45.5693,6.1601
201400005261,6,6,14,18,1,73,18,1,3,1,3,,45.5047,6.075
201400005262,7,6,14,12,1,73,171,1,1,1,7,,45.4998,6.0428
201400005263,11,6,14,17,1,73,270,1,2,1,5,,45.5519,6.1602
201400005264,19,6,14,13,1,73,171,1,1,1,6,,45.501,6.0654
201400005265,29,9,14,13,1,73,17,1,1,8,1,,45.4902,5.9204
201400005266,1,10,14,19,2,73,240,1,1,1,3,,45.49,6.0476
201400005267,21,9,14,4,3,73,179,2,1,1,7,ROUTE DU TREMBLAY,45.6073,5.8611
201400005268,27,4,14,8,1,73,269,1,3,8,1,,45.6969,5.8022
201400005269,10,6,14,15,1,73,51,1,1,1,1,,0.0,0.0
201400005270,8,3,14,10,1,73,229,1,2,1,3,,45.45527,5.77345
201400005271,14,7,14,16,1,73,229,1,1,1,1,,45.7866,5.7866
201400005272,18,7,14,20,2,73,191,1,1,1,6,,45.5927,5.7633
201400005273,30,7,14,11,1,73,233,1,9,2,1,,45.4768,5.7308
201400005274,18,1,14,6,3,73,292,1,1,1,1,,45.7105,6.4059
201400005275,23,2,14,9,1,73,303,1,1,1,1,,45.758,6.4284
201400005276,5,6,14,8,1,73,303,1,1,1,7,,45.7567,6.4269
201400005277,26,8,14,10,1,73,303,2,1,3,6,RUE PAUL PROUST,45.7535,6.42
201400005278,24,10,14,20,3,73,241,1,1,1,2,,45.5969,6.2927
201400005279,26,10,14,15,1,73,262,1,1,1,7,,0.0,0.0
201400005280,11,11,14,6,2,73,32,1,1,1,6,,0.0,0.0
201400005281,7,5,14,8,1,73,38,1,1,2,1,,45.5669,6.6994
201400005282,22,6,14,10,1,73,6,2,1,7,1,route de villaroland,45.5588,6.6319
201400005283,4,8,14,15,1,73,93,2,3,1,6,80 RUE DU VILLARD,45.5618,6.6622
201400005284,19,1,14,7,2,73,317,1,1,1,1,,45.7171,6.5056
201400005285,22,2,14,17,1,73,211,1,1,1,1,,45.7167,6.4667
201400005286,19,5,14,15,1,73,132,1,1,1,7,,45.7538,6.5872
201400005287,7,9,14,14,1,73,34,1,1,1,1,,45.7318,6.5427
201400005288,15,1,14,8,1,73,232,1,1,9,5,,45.6066,6.8484
201400005289,1,2,14,9,1,73,54,1,1,1,1,,45.6142,6.7567
201400005290,31,8,14,18,1,73,285,2,1,1,6,Lieu-dit Saint Germain,45.6378,6.8175
201400005291,28,12,14,16,1,73,54,1,1,2,5,,45.5945,6.74941
201400005292,26,1,14,19,3,73,227,1,1,4,1,,0.0,0.0
201400005293,11,3,14,22,5,73,15,1,1,4,1,,45.4099,6.5616
201400005294,26,3,14,17,1,73,227,1,1,1,6,,45.4431,6.6018
201400005295,29,5,14,21,1,73,227,1,1,1,6,,45.4433,6.6118
201400005296,29,5,14,15,1,73,15,1,4,7,6,,45.4242,6.5539
201400005297,26,7,14,13,1,73,198,2,1,1,2,La perriere,45.4456,6.5936
201400005298,15,1,14,11,1,73,24,1,1,7,6,,45.4868,6.4657
201400005299,26,7,14,16,1,73,187,1,1,1,3,,45.5061,6.4897
201400005300,8,6,14,14,1,73,256,1,1,1,1,,45.2017,6.4551
201400005301,8,7,14,15,1,73,203,1,1,1,7,,45.317,6.336
201400005302,13,7,14,15,1,73,248,2,4,1,3,Avenue Henry Falcoz,45.277,6.3495
201400005303,9,10,14,8,1,73,248,2,6,1,6,Rond-Point du Monuments,45.2777,6.3461
201400005304,4,8,14,17,1,73,235,1,1,1,7,,45.4168,6.3614
201400005305,17,10,14,16,1,73,109,1,1,1,2,,45.4652,6.2918
201400005306,28,11,14,17,1,73,322,1,1,1,1,,45.2058,6.7034
201400005307,5,11,14,18,3,73,322,1,1,2,1,,45.20561,6.70387
201400005308,2,4,14,13,1,74,275,1,1,1,2,ECHARVINES,0.0,0.0
201400005309,18,4,14,17,1,74,275,1,4,1,3,D42/D169,0.0,0.0
201400005310,20,4,14,8,1,74,267,2,1,1,3,,0.0,0.0
201400005311,17,5,14,15,1,74,275,1,1,1,1,LIEU DIT ECHARVINE,0.0,0.0
201400005312,13,6,14,18,1,74,242,2,4,1,3,255 ROUTE D'ALBERTVILLE,0.0,0.0
201400005313,27,6,14,8,1,74,267,2,1,1,2,3775 route d'albertville,0.0,0.0
201400005314,31,8,14,18,1,74,267,2,1,1,3,691 route d'Albertville,0.0,0.0
201400005315,12,9,14,8,1,74,104,1,6,1,1,,0.0,0.0
201400005316,15,9,14,7,1,74,123,1,1,1,7,,0.0,0.0
201400005317,22,11,14,14,1,74,270,1,4,1,1,RD12- carrefour RAYNOZ,0.0,0.0
201400005318,3,12,14,10,1,74,275,1,1,2,1,,0.0,0.0
201400005319,19,12,14,18,5,74,267,2,3,1,3,2216 route d'Albertville,0.0,0.0
201400005320,23,12,14,7,2,74,267,1,1,9,6,ROUTE D'EPAGNY,0.0,0.0
201400005321,24,5,14,18,1,74,255,1,1,1,5,LIEU DIT CORBONNET,0.0,0.0
201400005322,28,5,14,23,4,74,138,1,1,1,7,LIEU DIT CHOSEAUX,0.0,0.0
201400005323,1,8,14,6,1,74,192,1,1,1,7,,0.0,0.0
201400005324,3,8,14,2,3,74,2,1,1,2,6,,0.0,0.0
201400005325,9,8,14,11,1,74,225,2,1,1,1,boulevard de l'europe,0.0,0.0
201400005326,31,8,14,14,1,74,192,1,1,1,1,,0.0,0.0
201400005327,10,9,14,17,1,74,225,2,2,1,3,RUE MICHEL STADT,0.0,0.0
201400005328,10,10,14,19,3,74,289,1,1,1,4,,0.0,0.0
201400005329,27,10,14,10,1,74,192,1,1,1,3,ROUTE DES QUATRE CHEMINS,0.0,0.0
201400005330,12,11,14,13,1,74,255,1,1,1,1,,0.0,0.0
201400005331,5,12,14,18,3,74,289,1,1,2,1,,0.0,0.0
201400005332,24,12,14,14,1,74,2,1,2,1,1,,0.0,0.0
201400005333,8,1,14,12,1,74,280,2,1,1,1,17 route d'annecy,0.0,0.0
201400005334,28,1,14,14,1,74,136,2,3,1,6,ROUTE DU BOUCHET,0.0,0.0
201400005335,11,6,14,12,1,74,239,1,1,1,3,ROUTE DES POCHONS,0.0,0.0
201400005336,20,6,14,21,3,74,280,1,1,1,7,,0.0,0.0
201400005337,22,6,14,16,1,74,136,1,1,1,7,,0.0,0.0
201400005338,12,9,14,13,1,74,280,1,1,1,1,,0.0,0.0
201400005339,12,12,14,3,3,74,36,1,1,9,6,,0.0,0.0
201400005340,29,5,14,8,1,74,24,2,2,1,1,route de cluses,0.0,0.0
201400005341,12,8,14,16,1,74,87,2,1,1,6,ROUTE DE LA COLONIE,0.0,0.0
201400005342,29,8,14,20,2,74,42,2,4,1,3,AVENUE DE LA GARE,0.0,0.0
201400005343,5,9,14,16,1,74,42,2,1,1,6,789  AVENUE DE GENEVE,0.0,0.0
201400005344,29,10,14,18,3,74,42,1,1,1,2,,0.0,0.0
201400005345,4,12,14,18,3,74,212,1,1,1,2,,0.0,0.0
201400005346,15,2,14,23,3,74,56,1,1,4,1,,0.0,0.0
201400005347,4,3,14,16,1,74,56,2,4,1,6,PARKING CARREFOUR MARKET,0.0,0.0
201400005348,16,7,14,0,5,74,56,1,1,1,1,ROUTE DU FOUE,0.0,0.0
201400005349,10,8,14,15,1,74,290,2,1,1,3,les nants,0.0,0.0
201400005350,18,9,14,2,3,74,56,2,1,1,6,promenade marie paradis,0.0,0.0
201400005351,7,12,14,18,5,74,56,2,1,1,6,PROMENADE MARIE PARADIS,0.0,0.0
201400005352,5,2,14,16,1,74,85,1,1,4,3,,0.0,0.0
201400005353,6,4,14,16,1,74,236,1,1,1,6,,0.0,0.0
201400005354,12,7,14,20,3,74,215,2,1,3,7,387 ROUTE  PLAN CASSIOZ,0.0,0.0
201400005355,18,8,14,4,1,74,173,2,1,1,6,36 ROUTE DU CRET,0.0,0.0
201400005356,20,9,14,19,2,74,173,1,1,1,7,,0.0,0.0
201400005357,16,1,14,11,1,74,18,1,2,1,2,,0.0,0.0
201400005358,23,2,14,16,1,74,250,1,1,1,5,,0.0,0.0
201400005359,1,3,14,23,3,74,250,1,1,1,6,1347 ROUTE  GORGES BORNE,0.0,0.0
201400005360,23,3,14,21,3,74,90,1,6,1,1,ROND POINT DE MOUSSY,0.0,0.0
201400005361,6,4,14,21,5,74,116,1,3,1,3,,0.0,0.0
201400005362,24,5,14,17,1,74,7,1,1,1,3,,0.0,0.0
201400005363,26,5,14,20,1,74,250,1,1,1,7,,0.0,0.0
201400005364,4,6,14,17,1,74,116,1,1,3,1,,0.0,0.0
201400005365,4,6,14,17,1,74,224,2,4,2,3,AVENUE DES VOIRONS,0.0,0.0
201400005366,5,6,14,16,1,74,7,1,1,1,3,,0.0,0.0
201400005367,25,6,14,12,1,74,7,1,1,1,3,,0.0,0.0
201400005368,2,7,14,9,1,74,90,1,1,1,1,,0.0,0.0
201400005369,5,7,14,3,5,74,90,2,1,2,6,,0.0,0.0
201400005370,29,7,14,10,1,74,7,1,2,2,3,,0.0,0.0
201400005371,3,9,14,9,1,74,224,2,4,1,3,AVENUE DES VOIRONS,0.0,0.0
201400005372,12,9,14,0,5,74,90,1,1,1,6,,0.0,0.0
201400005373,21,11,14,9,1,74,87,2,3,1,3,,0.0,0.0
201400005374,2,2,14,10,1,74,256,2,1,8,1,288 ROUTE DE RENINGE,0.0,0.0
201400005375,16,10,14,15,1,74,256,1,1,2,1,,0.0,0.0
201400005376,11,2,14,12,1,74,134,2,3,1,3,ROUTE DES CHAVANNES,0.0,0.0
201400005377,14,2,14,15,3,74,276,1,1,1,6,,46.125,6.616
201400005378,7,4,14,23,3,74,294,2,1,1,1,LIEU DIT CHAMOT,0.0,0.0
201400005379,26,4,14,20,3,74,258,1,1,3,7,,0.0,0.0
201400005380,18,5,14,19,1,74,183,1,1,1,7,,0.0,0.0
201400005381,9,6,14,16,1,74,134,1,1,1,6,,0.0,0.0
201400005382,9,7,14,16,1,74,183,2,1,2,6,MATRINGES,0.0,0.0
201400005383,18,7,14,19,1,74,223,1,1,1,3,,0.0,0.0
201400005384,19,7,14,8,1,74,276,1,1,1,2,,0.0,0.0
201400005385,25,7,14,8,1,74,258,2,3,1,3,LE BEROUZE,0.0,0.0
201400005386,10,8,14,12,1,74,183,2,1,1,1,LIEU DIT MESSY,0.0,0.0
201400005387,12,8,14,16,1,74,276,1,1,1,1,LE PRAZ DE LYS,0.0,0.0
201400005388,17,8,14,15,1,74,276,1,1,1,5,LE CHOSAL,0.0,0.0
201400005389,18,8,14,19,1,74,276,1,1,1,1,,0.0,0.0
201400005390,30,8,14,18,1,74,223,1,1,1,7,,0.0,0.0
201400005391,11,9,14,23,3,74,183,2,1,1,1,,0.0,0.0
201400005392,10,2,14,12,5,74,243,2,3,2,1,RUE LOUIS PASTEUR,0.0,0.0
201400005393,6,4,14,11,1,74,82,1,3,1,3,,0.0,0.0
201400005394,21,10,14,9,1,74,243,2,1,2,2,ancienne route de lyon,0.0,0.0
201400005395,24,12,14,7,5,74,243,1,1,9,5,,0.0,0.0
201400005396,17,1,14,7,3,74,220,1,8,2,3,CHEMIN CHATEAU MAGNY,0.0,0.0
201400005397,9,2,14,4,3,74,229,1,1,1,6,,0.0,0.0
201400005398,21,3,14,17,1,74,220,2,4,1,1,273 GRANDE RUE,0.0,0.0
201400005399,3,4,14,16,1,74,94,1,1,1,3,,0.0,0.0
201400005400,8,6,14,20,1,74,128,1,1,1,4,,0.0,0.0
201400005401,3,7,14,12,1,74,40,1,1,1,1,,0.0,0.0
201400005402,14,7,14,12,1,74,220,1,3,2,1,,0.0,0.0
201400005403,18,7,14,18,1,74,94,1,1,1,3,,0.0,0.0
201400005404,31,8,14,23,3,74,229,1,1,1,1,,0.0,0.0
201400005405,11,9,14,14,1,74,197,1,1,1,3,,0.0,0.0
201400005406,11,1,14,11,1,74,9,2,4,1,7,Route de copponex,46.059,6.066
201400005407,27,1,14,6,5,74,96,2,1,1,6,Grande Rue,0.0,0.0
201400005408,2,4,14,16,1,74,6,2,2,1,3,,0.0,0.0
201400005409,24,4,14,14,1,74,96,2,1,1,1,ROUTE D' ANNECY,0.0,0.0
201400005410,11,5,14,14,1,74,96,2,1,1,1,ROUTE MOULINS/RONZIER,0.0,0.0
201400005411,25,6,14,7,1,74,296,1,1,1,2,,0.0,0.0
201400005412,31,7,14,18,1,74,288,2,1,1,3,80 route de chancy,0.0,0.0
201400005413,4,9,14,13,1,74,288,2,6,1,7,ROUTE DE CHANCY,0.0,0.0
201400005414,13,9,14,16,1,74,288,2,2,1,3,RUE DU PRE ROSSET,0.0,0.0
201400005415,23,9,14,17,1,74,96,2,2,1,3,RUE DU STADE,0.0,0.0
201400005416,9,10,14,7,1,74,6,1,6,1,3,,0.0,0.0
201400005417,9,12,14,11,1,74,6,2,2,1,3,route d'annecy,0.0,0.0
201400005418,7,5,14,16,1,74,77,1,9,1,3,,0.0,0.0
201400005419,22,6,14,19,1,74,68,2,1,1,1,LIEU DIT GIROD,0.0,0.0
201400005420,22,8,14,13,1,74,131,1,1,1,1,,0.0,0.0
201400005421,23,10,14,22,5,74,269,1,1,1,6,D992,0.0,0.0
201400005422,26,10,14,3,5,74,68,1,6,1,6,,0.0,0.0
201400005423,1,11,14,11,1,74,109,1,1,1,7,,0.0,0.0
201400005424,14,12,14,3,3,74,269,1,1,8,1,,0.0,0.0
201400005425,21,5,14,18,1,74,286,1,1,1,1,,0.0,0.0
201400005426,21,5,14,21,2,74,58,2,1,1,6,LES THOULES,0.0,0.0
201400005427,1,7,14,10,1,74,41,2,1,1,1,,0.0,0.0
201400005428,4,8,14,6,2,74,1,1,1,1,7,SOUS LE PAS,0.0,0.0
201400005429,28,9,14,18,1,74,58,1,1,1,7,,0.0,0.0
201400005430,7,12,14,3,3,74,63,1,1,1,6,,0.0,0.0
201400005431,23,12,14,0,5,74,58,2,1,1,3,LIEU DIT PASSENGUE,0.0,0.0
201400005432,17,10,14,19,5,74,155,2,1,1,6,lieu dit la sciaux,0.0,0.0
201400005433,1,1,14,16,1,74,175,1,1,8,5,,0.0,0.0
201400005434,13,3,14,14,1,74,249,1,3,1,3,,0.0,0.0
201400005435,20,7,14,6,1,74,175,1,1,1,1,,0.0,0.0
201400005436,10,8,14,6,1,74,175,1,1,1,5,,0.0,0.0
201400005437,3,11,14,6,2,74,154,1,1,8,1,,0.0,0.0
201400005438,15,1,14,13,1,63,263,1,1,8,1,,0.0,0.0
201400005439,13,2,14,17,1,63,307,1,1,2,6,,0.0,0.0
201400005440,14,3,14,17,1,63,307,1,3,7,1,,0.0,0.0
201400005441,26,5,14,19,2,63,345,1,1,3,4,,0.0,0.0
201400005442,11,10,14,16,1,63,307,1,9,1,3,,0.0,0.0
201400005443,1,11,14,10,1,63,345,2,1,1,1,lieu dit pardon,45.71782,3.00582
201400005444,7,1,14,16,1,63,273,1,1,1,5,,0.0,0.0
201400005445,8,1,14,16,1,63,154,1,2,1,3,,0.0,0.0
201400005446,9,3,14,1,5,63,453,2,1,1,6,18 avenue Jacques Duclos,0.0,0.0
201400005447,13,4,14,12,1,63,226,2,1,1,1,Rue C?lestin Tourres,45.77,3.241
201400005448,18,4,14,10,1,63,453,2,1,1,5,AVENUE JACQUES DUCLOS,0.0,0.0
201400005449,9,4,14,9,1,63,216,1,1,2,6,,0.0,0.0
201400005450,6,8,14,17,1,63,157,1,1,1,1,chantelauze,0.0,0.0
201400005451,3,9,14,19,1,63,453,2,1,1,3,chignat  - VERTAIZON,0.0,0.0
201400005452,23,9,14,10,1,63,453,2,1,1,3,avenue jacque duclos,45.79,3.29
201400005453,8,12,14,11,1,63,106,1,1,1,6,,0.0,0.0
201400005454,13,12,14,17,5,63,40,2,1,1,3,Rue de la lib?ration,45.72646,3.33955