Num_Acc,jour,mois,an,hr,condition_eclairage,departement,commune,condition_agglomeration,intersection,condition_atmosphere,type_collision,adresse,lattitude,longitude
201400005455,19,12,14,9,1,63,45,1,1,1,2,,0.0,0.0
201400005456,27,8,14,12,1,63,246,1,3,1,3,Le pessy 219 pr 4+600,45.59588,2.74864
201400005457,6,9,14,17,1,63,246,1,1,1,1,,0.0,0.0
201400005458,7,9,14,18,1,63,236,1,1,1,6,,45.59,2.823
201400005459,11,9,14,17,2,63,47,2,1,7,6,,45.58826,2.73723
201400005460,23,1,14,8,2,63,263,1,1,4,7,,45.773,2.984
201400005461,27,1,14,18,2,63,307,2,1,1,7,1 rue Alix de Tocquevill,45.72741,3.10064
201400005462,1,8,14,12,1,63,263,1,1,1,1,,45.799,3.034
201400005463,14,4,14,9,1,63,284,2,9,1,6,avenue coulon/ prat,45.79891,3.24266
201400005464,21,5,14,17,1,63,213,2,1,1,7,route de Riom,45.81453,3.23986
201400005465,28,6,14,23,5,63,284,2,1,2,6,rue fontaine ballet,45.79562,3.24064
201400005466,14,9,14,14,1,63,133,1,3,1,1,,0.0,0.0
201400005467,18,9,14,19,2,63,213,1,1,2,1,,45.84462,3.27643
201400005468,20,9,14,10,1,63,200,1,1,8,1,,0.0,0.0
201400005469,5,12,14,6,3,63,204,1,1,1,6,,45.80455,3.18508
201400005470,8,12,14,6,3,63,284,1,1,8,3,,45.7895,3.22551
201400005471,4,3,14,4,3,63,189,1,1,4,3,,0.0,0.0
201400005472,17,3,14,14,1,63,351,1,1,1,7,,0.0,0.0
201400005473,30,1,14,12,1,63,407,1,1,1,1,,0.0,0.0
201400005474,12,5,14,16,1,63,26,1,1,1,3,,0.0,0.0
201400005475,17,6,14,18,1,63,378,1,1,1,6,,45.67248,3.23545
201400005476,15,7,14,12,1,63,280,1,1,1,6,,45.0,3.0
201400005477,2,8,14,19,1,63,26,1,1,1,3,,0.0,0.0
201400005478,10,8,14,11,1,63,472,1,1,1,1,,0.0,0.0
201400005479,11,9,14,9,1,63,396,1,3,1,3,,0.0,0.0
201400005480,23,9,14,7,2,63,457,2,6,8,3,rond point des meules,45.64462,3.23086
201400005481,8,10,14,15,1,63,227,1,1,1,2,,0.0,0.0
201400005482,27,10,14,18,5,63,455,2,2,1,3,Rue farday / Rue Dutroch,45.68819,3.17241
201400005483,10,12,14,16,2,63,205,1,2,8,5,La fontenille,45.59411,3.37478
201400005484,4,1,14,13,1,63,179,1,1,1,6,,0.0,0.0
201400005485,4,2,14,13,1,63,3,2,1,1,6,,45.553,3.744
201400005486,10,2,14,15,1,63,10,1,1,1,3,,45.443,3.726
201400005487,5,3,14,13,1,63,3,2,1,1,1,Chemin d'Aubignat,45.53532,3.72329
201400005488,16,3,14,15,1,63,3,2,1,1,1,La varenne,45.533,3.804
201400005489,1,5,14,18,1,63,161,2,1,1,1,le bourg 63600 LA FORIE,45.596,3.762
201400005490,18,5,14,13,1,63,10,2,2,1,3,Fontaine de Cayolle,45.40338,3.71911
201400005491,2,6,14,6,1,63,211,2,1,1,6,le bourg,45.483,3.728
201400005492,8,6,14,12,1,63,374,1,1,1,6,,45.532,3.807
201400005493,6,6,14,10,1,63,3,1,1,1,6,,0.0,0.0
201400005494,5,7,14,17,1,63,179,1,1,1,3,,0.0,0.0
201400005495,10,7,14,10,1,63,3,1,1,3,2,,0.0,0.0
201400005496,3,9,14,11,2,63,10,2,1,1,1,108 Route Nationale,45.41432,3.72436
201400005497,21,9,14,15,1,63,179,1,1,1,1,pont de chantemerle,45.62293,3.72037
201400005498,28,9,14,18,1,63,3,1,1,1,7,,0.0,0.0
201400005499,3,10,14,19,2,63,3,1,1,1,1,,45.582,3.743
201400005500,8,10,14,17,1,63,3,1,1,1,1,,45.569,3.745
201400005501,11,10,14,7,2,63,312,1,1,1,6,,45.395,3.635
201400005502,21,10,14,15,1,63,3,1,1,1,1,,0.0,0.0
201400005503,11,11,14,17,2,63,10,1,1,1,7,,45.404,3.736
201400005504,18,11,14,17,3,63,10,2,1,2,2,Lieu-dit La Naute,0.0,0.0
201400005505,9,12,14,9,1,63,179,1,1,4,6,,45.58787,3.72728
201400005506,13,4,14,17,1,63,454,2,1,1,6,Parking,45.649,3.707
201400005507,27,8,14,18,1,63,371,1,1,1,3,,45.473,3.778
201400005508,24,11,14,12,1,63,465,1,1,8,7,,0.0,0.0
201400005509,16,2,14,13,1,63,37,1,1,1,1,,0.0,0.0
201400005510,29,3,14,20,3,63,314,1,1,1,1,,0.0,0.0
201400005511,25,1,14,12,1,63,234,1,1,1,5,,0.0,0.0
201400005512,27,1,14,11,1,63,178,1,1,1,1,Rue du 14 juillet,45.54813,3.24497
201400005513,23,9,14,7,1,63,121,2,1,1,5,,0.0,0.0
201400005514,4,10,14,18,1,63,178,2,1,1,4,32 bd de la manli?re,45.54361,0.0
201400005515,5,10,14,5,5,63,275,2,1,1,1,3 rue de l'orme,45.54363,3.20665
201400005516,24,5,14,14,1,63,77,1,1,1,7,,0.0,0.0
201400005517,4,7,14,15,1,63,38,1,2,2,3,devant mazin ski,45.50094,2.88482
201400005518,22,11,14,12,1,63,144,2,1,1,6,route d?partementale 128,0.0,0.0
201400005519,22,11,14,15,1,63,247,1,1,1,3,,0.0,0.0
201400005520,18,8,14,17,1,63,91,1,1,1,1,,45.425,3.287
201400005521,8,9,14,16,1,63,415,1,1,8,1,,45.596,3.386
201400005522,14,11,14,15,1,63,31,1,1,1,6,,0.0,0.0
201400005523,8,12,14,18,5,63,22,1,1,2,6,,0.0,0.0
201400005524,25,2,14,16,1,63,255,1,1,1,6,,0.0,0.0
201400005525,2,6,14,17,1,63,352,2,3,1,4,CD 214 PK 13+800,45.466,3.256
201400005526,15,8,14,4,3,63,209,1,1,2,6,,45.492,3.173
201400005527,7,12,14,12,1,63,9,1,1,1,7,,45.418,3.136
201400005528,21,4,14,17,1,63,470,1,1,1,4,,45.871,3.02
201400005529,15,6,14,18,1,63,470,1,9,1,3,,45.87,3.04
201400005530,19,6,14,13,1,63,150,2,1,1,1,rue des matres,45.9,3.052
201400005531,8,7,14,17,1,63,470,1,9,2,3,,45.873,3.031
201400005532,24,8,14,13,1,63,470,1,1,1,6,,0.0,0.0
201400005533,15,6,14,1,3,63,446,2,1,1,5,"Lieu-dit ""Les Connors""",46.053,3.163
201400005534,8,1,14,10,1,63,33,1,2,1,3,,0.0,0.0
201400005535,24,1,14,15,1,63,89,1,2,8,1,,0.0,0.0
201400005536,16,3,14,20,3,63,215,1,1,1,7,,45.93746,3.20771
201400005537,21,3,14,22,5,63,148,2,1,1,6,13 route de RIOM,45.903,3.219
201400005538,6,4,14,13,1,63,295,1,1,1,1,,0.0,0.0
201400005539,12,4,14,17,1,63,89,1,1,1,1,,45.879,3.218
201400005540,26,4,14,6,2,63,89,1,1,1,6,,45.876,3.218
201400005541,25,5,14,17,1,63,89,1,1,1,5,,45.869,3.204
201400005542,14,6,14,1,3,63,148,1,1,1,7,,45.917,3.211
201400005543,17,6,14,14,1,63,424,2,1,1,1,avenue ?tienne cl?mentel,0.0,0.0
201400005544,29,6,14,18,1,63,232,1,1,8,1,,45.993,3.425
201400005545,15,4,14,7,2,63,283,1,1,1,6,,0.0,0.0
201400005546,12,6,14,19,1,63,85,1,1,1,1,,0.0,0.0
201400005547,19,6,14,19,1,63,238,1,1,1,1,,0.0,0.0
201400005548,29,6,14,21,2,63,85,2,1,1,6,rue des bruyères,45.89249,2.86129
201400005549,15,7,14,8,1,63,165,2,1,1,6,route d'herment,0.0,0.0
201400005550,15,9,14,15,1,63,115,1,1,1,4,,45.864,2.628
201400005551,29,9,14,14,1,63,118,1,1,1,1,,45.846,2.52
201400005552,18,12,14,17,3,63,55,1,1,2,1,,45.84,2.844
201400005553,9,4,14,12,1,63,11,1,1,1,6,,0.0,0.0
201400005554,10,4,14,10,3,63,130,1,1,1,6,,0.0,0.0
201400005555,22,6,14,11,1,63,391,1,1,1,6,,0.0,0.0
201400005556,24,7,14,10,1,63,338,2,1,1,6,228 rue Jean JAURES,46.16064,2.83423
201400005557,28,8,14,16,1,63,243,1,1,1,1,,0.0,0.0
201400005558,23,9,14,7,2,63,233,1,1,1,3,,0.0,0.0
201400005559,3,11,14,8,1,63,11,1,1,1,6,,0.0,0.0
201400005560,28,3,14,18,1,63,8,2,1,1,1,Mardan,45.47,3.183
201400005561,19,4,14,21,5,63,231,2,1,1,3,28 rue du 14 juillet,0.0,0.0
201400005562,25,4,14,15,1,63,430,2,1,2,1,Avenue L?o LAGRANGE,45.84589,3.52477
201400005563,4,5,14,14,1,63,276,1,2,1,3,,45.83007,3.4815
201400005564,8,5,14,18,1,63,430,1,2,1,6,,45.85597,3.52416
201400005565,31,5,14,10,1,63,430,2,1,1,6,Place Antonin Chastel,45.85539,3.54865
201400005566,5,7,14,14,1,63,430,1,1,1,1,,0.0,0.0
201400005567,11,8,14,7,2,63,276,1,1,2,7,,0.0,0.0
201400005568,30,9,14,13,1,63,276,1,1,1,6,,0.0,0.0
201400005569,30,10,14,17,2,63,430,1,1,1,5,,0.0,0.0
201400005570,26,11,14,13,1,63,430,2,6,1,3,Avenue Léo Lagrange,45.84727,3.52911
201400005571,6,12,14,19,3,63,276,1,1,2,6,,0.0,0.0
201400005572,13,3,14,23,3,63,195,2,1,1,3,rue teilhard de chardin,0.0,0.0
201400005573,29,6,14,18,1,63,15,1,1,3,6,,0.0,0.0
201400005574,16,11,14,18,5,63,194,1,1,8,1,route du Puy (r garenne),45.83301,3.32949
201400005575,14,2,14,13,1,63,210,1,1,1,6,,45.922,3.352
201400005576,4,3,14,6,3,63,271,2,1,1,3,les ferriers,0.0,0.0
201400005577,8,3,14,18,3,63,102,1,1,1,6,,0.0,0.0
201400005578,30,4,14,2,4,63,128,1,1,1,6,,0.0,0.0
201400005579,11,5,14,14,1,63,291,2,1,1,6,rue calmette,45.959,3.487
201400005580,1,7,14,17,1,63,271,2,1,1,6,farreras,0.0,0.0
201400005581,6,7,14,10,1,63,128,1,1,1,6,,0.0,0.0
201400005582,9,7,14,20,3,63,271,1,1,2,7,,0.0,0.0
201400005583,15,8,14,15,1,63,180,2,1,1,3,route de vichy,45.868,3.302
201400005584,19,8,14,16,1,63,271,1,1,1,6,,45.941,3.491
201400005585,20,8,14,18,1,63,180,1,1,1,1,,0.0,0.0
201400005586,4,9,14,18,1,63,180,2,1,1,6,2 rue du nord,45.88204,3.3188
201400005587,26,9,14,18,1,63,210,2,1,1,6,place Fran?ois Seguin,45.92145,3.33007
201400005588,15,10,14,17,2,63,291,2,1,2,3,rue ernest LAROCHE,0.0,0.0
201400005589,24,12,14,19,3,63,210,1,1,8,6,,0.0,0.0
201400005590,8,1,14,16,1,30,200,1,1,1,1,,46.558,3.3
201400005591,31,3,14,18,1,30,200,1,1,1,2,,0.0,0.0
201400005592,27,4,14,15,1,30,15,1,1,9,7,,46.661,3.223
201400005593,11,6,14,19,1,30,121,2,1,7,1,Route de Lucenay les Aix,46.68,3.422
201400005594,21,6,14,23,3,30,40,1,1,1,2,,46.547,3.321
201400005595,15,7,14,14,1,30,229,2,1,1,3,rue Jean Moulin,0.0,0.0
201400005596,11,8,14,15,1,30,316,1,1,8,4,,46.673,3.24
201400005597,8,9,14,7,1,30,121,1,1,1,6,,0.0,0.0
201400005598,3,11,14,14,1,30,286,1,1,1,6,,46.523,3.433
201400005599,11,11,14,12,1,30,316,1,1,1,1,,0.0,0.0
201400005600,28,11,14,19,3,30,286,1,1,1,3,rond point du Larry,46.506,3.364
201400005601,9,12,14,15,1,30,200,1,1,1,1,,46.574,3.289
201400005602,16,7,14,18,1,30,320,1,1,1,6,,0.0,0.0
201400005603,7,11,14,16,1,30,155,2,1,1,3,Boulevard Gambetta,0.0,0.0
201400005604,24,3,14,14,1,30,102,1,1,1,4,,0.0,0.0
201400005605,24,3,14,14,1,30,173,1,1,1,5,,0.0,0.0
201400005606,25,3,14,13,1,30,102,1,1,8,4,,0.0,0.0
201400005607,1,4,14,0,3,30,265,1,1,1,6,,0.0,0.0
201400005608,4,4,14,18,1,30,86,1,1,3,1,,0.0,0.0
201400005609,23,6,14,10,1,30,207,1,1,1,3,,0.0,0.0
201400005610,25,6,14,13,1,30,265,2,1,1,6,le bourg,0.0,0.0
201400005611,15,7,14,10,1,30,253,1,1,1,1,,0.0,0.0
201400005612,6,9,14,18,1,30,253,1,2,1,3,,0.0,0.0
201400005613,18,12,14,8,3,30,65,2,1,1,6,1 rue de moulins,46.41,3.313
201400005614,10,1,14,7,3,30,197,1,1,1,7,,46.495,3.402
201400005615,12,3,14,18,1,30,263,1,3,1,3,,0.0,0.0
201400005616,10,5,14,9,1,30,156,1,1,1,6,,0.0,0.0
201400005617,20,5,14,20,1,30,114,1,1,1,3,,0.0,0.0
201400005618,21,5,14,16,1,30,25,1,1,1,5,,0.0,0.0
201400005619,17,8,14,10,1,30,234,1,1,1,2,,0.0,0.0
201400005620,2,4,14,22,3,30,254,1,1,1,1,,0.0,0.0
201400005621,3,7,14,19,1,30,175,2,1,1,6,D22 rue du champ Charret,0.0,0.0
201400005622,15,11,14,16,1,30,49,1,1,8,6,,0.0,0.0
201400005623,26,2,14,3,3,30,39,1,1,2,7,,46.457,3.23
201400005624,9,3,14,17,1,30,65,1,1,1,2,,46.415,3.314
201400005625,16,3,14,10,1,30,247,1,1,1,3,,46.583,3.165
201400005626,13,4,14,9,1,30,65,1,1,1,7,,46.434,3.316
201400005627,16,4,14,17,1,30,247,2,1,1,5,rue feuillin,46.588,3.161
201400005628,3,6,14,17,1,30,92,1,2,1,3,,46.451,3.184
201400005629,6,6,14,8,1,30,26,1,1,1,5,,46.463,3.257
201400005630,13,6,14,10,1,30,260,1,1,1,7,,46.413,3.045
201400005631,28,6,14,14,1,30,65,2,1,1,6,RD 2009,46.408,3.312
201400005632,8,8,14,18,1,30,275,1,1,8,7,,46.541,3.204
201400005633,5,12,14,21,3,30,73,1,9,1,3,,0.0,0.0
201400005634,8,6,14,18,1,30,279,1,2,7,2,,0.0,0.0
201400005635,27,7,14,15,1,30,259,1,3,1,1,,46.41,2.341
201400005636,10,5,14,16,1,30,37,2,2,1,3,CD 28,0.0,0.0
201400005637,21,2,14,9,1,30,82,2,1,1,3,rue Emile male,0.0,0.0
201400005638,14,10,14,10,1,30,82,2,1,1,6,place 14 Juillet,0.0,0.0
201400005639,15,11,14,12,1,30,82,1,2,1,3,,0.0,0.0
201400005640,5,12,14,7,2,30,52,1,1,1,6,,0.0,0.0
201400005641,9,12,14,10,1,30,82,2,1,8,5,Route de MALICORNE d69,0.0,0.0
201400005642,20,7,14,19,1,30,186,1,1,2,5,,0.0,0.0
201400005643,17,7,14,13,1,30,189,1,1,1,1,,0.0,0.0
201400005644,22,8,14,14,1,30,186,1,1,1,1,,0.0,0.0
201400005645,20,9,14,18,1,30,70,2,1,3,6,Le bourg,0.0,0.0
201400005646,20,10,14,6,5,30,186,2,1,1,1,,0.0,0.0
201400005647,2,3,14,8,1,30,80,1,1,1,6,,0.0,0.0
201400005648,20,6,14,13,1,30,264,2,1,1,1,24 avenue de Vichy,0.0,0.0
201400005649,26,6,14,12,1,30,264,2,1,1,3,route de vichy,0.0,0.0
201400005650,29,6,14,18,1,30,258,1,1,8,2,,0.0,0.0
201400005651,3,7,14,18,1,30,174,2,2,1,1,16 rue du stade,0.0,0.0
201400005652,21,8,14,16,1,30,56,1,1,1,7,,0.0,0.0
201400005653,13,10,14,7,2,30,264,2,1,8,6,17 AVENUE DE VICHY,0.0,0.0
201400005654,4,5,14,2,4,30,118,2,1,1,7,rue andré cavard,0.0,0.0
201400005655,8,5,14,18,1,30,220,1,1,1,6,,0.0,0.0
201400005656,14,7,14,17,1,30,78,1,1,1,6,,0.0,0.0
201400005657,28,7,14,11,1,30,43,1,1,3,5,,46.188,3.259
201400005658,31,8,14,16,1,30,118,2,1,1,3,rue pierre villon,0.0,0.0
201400005659,20,9,14,12,1,30,78,2,1,1,7,,0.0,0.0
201400005660,24,10,14,9,1,30,43,1,1,7,3,,0.0,0.0
201400005661,21,10,14,12,1,30,135,1,1,1,6,,0.0,0.0
201400005662,13,1,14,17,2,30,240,1,1,8,1,,46.676,3.096
201400005663,17,3,14,16,1,30,138,2,2,1,3,Marcel Bathier,0.0,0.0
201400005664,20,4,14,12,1,30,105,1,1,1,1,,0.0,0.0
201400005665,24,5,14,5,2,30,272,1,1,1,7,,0.0,0.0
201400005666,29,7,14,14,1,30,291,2,1,2,6,la brosse,0.0,0.0
201400005667,19,8,14,14,1,30,132,1,1,1,1,,0.0,0.0
201400005668,21,8,14,12,1,30,138,1,1,1,1,,0.0,0.0
201400005669,23,8,14,8,1,30,178,1,1,1,7,,0.0,0.0
201400005670,24,6,14,19,1,30,165,1,1,1,6,,46.083,3.676
201400005671,22,10,14,10,1,30,42,1,1,1,3,,46.163,3.648
201400005672,7,1,14,9,1,30,298,2,1,1,6,"17, rue Hôtel de ville",0.0,0.0
201400005673,18,3,14,16,1,30,187,1,2,1,3,,46.339,3.444
201400005674,23,3,14,12,1,30,215,1,1,1,7,,46.294,3.463
201400005675,26,8,14,11,1,30,235,1,1,1,6,rue de Mars,0.0,0.0
201400005676,8,10,14,18,1,30,298,2,3,1,1,04 rue Claudius Tury,46.32,3.405
201400005677,8,11,14,9,1,30,298,2,1,1,6,avenue victor hugo,46.319,3.399
201400005678,27,12,14,18,3,30,91,1,1,1,6,,0.0,0.0
201400005679,2,3,14,15,1,15,267,1,1,1,3,,44.898,2.4
201400005680,27,3,14,17,1,15,267,1,1,1,6,,44.922,2.398
201400005681,22,11,14,10,1,15,267,1,1,1,5,,0.0,0.0
201400005682,9,12,14,10,1,15,181,1,2,1,3,,44.702,2.217
201400005683,16,6,14,19,1,15,156,1,1,1,6,,44.847,2.498
201400005684,16,11,14,17,2,15,134,2,1,3,6,Route d'Entraygues CD920,44.702,2.509
201400005685,10,1,14,7,1,15,28,1,1,1,1,,0.0,0.0
201400005686,9,2,14,9,1,15,154,1,1,2,3,,0.0,0.0
201400005687,21,2,14,11,1,15,252,1,1,8,6,,0.0,0.0
201400005688,14,5,14,12,1,15,74,1,1,1,3,,0.0,0.0
201400005689,24,5,14,22,3,15,28,1,1,1,7,,0.0,0.0
201400005690,9,6,14,17,1,15,58,2,1,1,7,Lieu dit MONTAMAT,0.0,0.0
201400005691,17,7,14,16,1,15,257,1,1,1,7,,0.0,0.0
201400005692,4,8,14,19,1,15,113,1,1,1,6,,0.0,0.0
201400005693,4,9,14,17,1,15,257,2,1,1,6,Le Bourg,0.0,0.0
201400005694,12,9,14,11,1,15,258,2,1,1,6,Place hotel de ville,0.0,0.0
201400005695,16,9,14,9,1,15,74,1,1,1,3,,44.933,2.486
201400005696,17,11,14,18,3,15,266,1,1,2,5,,0.0,0.0
201400005697,6,3,14,17,1,15,63,1,1,1,6,,45.185,2.379
201400005698,1,4,14,8,1,15,120,1,1,1,1,,45.24,2.357
201400005699,5,9,14,13,1,15,9,1,4,1,1,,45.263,2.691
201400005700,24,2,14,15,1,15,202,1,1,1,6,,45.113,2.431
201400005701,23,10,14,14,1,15,202,1,1,1,1,,45.14,2.467
201400005702,13,5,14,16,1,15,265,1,2,1,3,,45.358,2.463
201400005703,1,7,14,14,1,15,111,1,1,8,7,,0.0,0.0
201400005704,20,10,14,18,1,15,265,1,1,1,3,,0.0,0.0
201400005705,26,11,14,0,3,15,92,1,1,8,6,,45.45,2.541
201400005706,16,6,14,17,1,15,188,2,1,1,6,ZI Le crozatier,45.034,3.136
201400005707,18,6,14,8,1,15,188,1,1,1,6,,45.012,3.117
201400005708,18,7,14,15,1,15,55,1,1,1,7,,0.0,0.0
201400005709,2,10,14,17,1,15,164,1,1,1,6,,45.061,3.014
201400005710,3,1,14,18,3,15,171,1,1,2,6,,45.173,2.976
201400005711,26,3,14,12,1,15,119,1,1,1,1,,45.266,3.179
201400005712,9,4,14,6,2,15,119,1,1,1,7,,45.25,3.183
201400005713,19,4,14,14,1,15,171,1,1,1,6,,45.204,2.939
201400005714,29,4,14,19,1,15,42,1,1,8,7,,0.0,0.0
201400005715,17,7,14,18,1,15,141,1,3,1,3,,45.134,2.965
201400005716,23,8,14,17,1,15,119,1,1,1,7,,45.239,3.176
201400005717,24,9,14,9,1,15,127,1,1,1,2,,45.206,3.091
201400005718,11,10,14,18,2,15,80,1,1,1,7,,0.0,0.0
201400005719,9,11,14,14,1,15,151,1,1,2,1,,45.197,3.085
201400005720,2,12,14,19,3,15,127,1,1,2,6,,0.0,0.0
201400005721,21,1,14,14,1,15,61,1,1,1,6,,45.158,2.819
201400005722,14,4,14,18,1,15,138,1,9,1,1,,0.0,0.0
201400005723,20,5,14,17,1,15,138,2,1,1,6,croix jolie,0.0,0.0
201400005724,6,2,14,19,5,43,18,2,1,6,6,LE BOURG,45.0091,3.77424
201400005725,15,3,14,18,1,43,221,1,1,1,6,"LIEU-DIT ""LES CAVES""",44.9733,3.66627
201400005726,7,8,14,12,1,43,39,1,1,1,1,BIZAC,44.9334,3.84479
201400005727,19,8,14,22,3,43,39,1,1,1,6,RTE D'USSEL,44.8889,3.86752
201400005728,1,9,14,13,1,43,215,1,1,1,1,X,44.8151,3.87552
201400005729,8,10,14,0,3,43,241,1,1,2,6,X,44.9714,3.9088
201400005730,27,10,14,20,2,43,145,1,1,1,6,REMIGERE HAUTE,44.9161,3.74932
201400005731,31,10,14,16,1,43,84,2,1,1,6,"""LES BARAQUES""",44.99,3.86425
201400005732,8,2,14,21,3,43,23,1,1,2,6,PT DE L'ARZON,45.2745,3.82007
201400005733,4,3,14,10,1,43,128,1,1,4,6,X,45.3442,3.72168
201400005734,9,3,14,17,1,43,48,1,1,1,6,"LIEU-DIT ""LA PLENIDE""",45.326,3.69071
201400005735,12,3,14,17,1,43,93,2,1,1,1,SEMBADEL-GARE,45.2765,3.72625
201400005736,18,6,14,15,1,43,93,1,3,3,3,CHAMBORNE,45.2871,3.75403
201400005737,27,7,14,2,5,43,80,2,3,1,7,ROUTE DE LA CHAISE DIEU,45.3298,3.84121
201400005738,28,10,14,9,1,43,95,1,1,1,6,X,45.1402,3.67467
201400005739,3,2,14,10,1,43,91,1,1,7,1,X,44.9047,4.14644
201400005740,28,2,14,10,1,43,144,1,1,4,3,"LIEU-DIT ""LE MOULINOU""",44.9388,4.10745
201400005741,21,4,14,6,2,43,150,1,1,2,6,,45.0934,4.05581
201400005742,3,7,14,2,3,43,194,1,1,1,3,VERS LE CIMETIERE,45.0695,4.04171
201400005743,24,7,14,18,1,43,190,1,1,1,3,LIEU-DIT LE MOULIN NEUF,45.0202,4.00479
201400005744,15,8,14,19,1,43,194,1,1,1,1,X,45.0811,4.05241
201400005745,28,8,14,11,1,43,135,1,1,1,1,LE MOULIN BAS,44.9313,4.02189
201400005746,29,9,14,19,3,43,53,1,1,1,6,"LIEU-DIT""LES ARDENNES""",45.0287,4.11266
201400005747,5,10,14,11,1,43,78,1,1,1,6,MAGNORE,45.0112,3.93728
201400005748,2,10,14,18,1,43,135,2,3,1,3,AVENUE LAURENT EYNAC,44.9368,3.99656
201400005749,3,12,14,8,1,43,98,1,1,4,6,X,44.9279,4.07081
201400005750,4,1,14,11,1,43,124,1,1,2,3,"LIEU-DIT ""LA CHAZOTTE""",45.098,3.78037
201400005751,9,1,14,12,1,43,140,1,1,1,6,X,45.0767,3.9118
201400005752,2,3,14,19,3,43,152,1,1,1,6,"LIEU-DIT ""ROCHELIMAGNE""",45.092,3.85516
201400005753,4,4,14,9,1,43,124,1,1,1,6,"LIEU-DIT ""LA CHAZOTTE""",45.098,3.78037
201400005754,18,6,14,14,1,43,152,1,1,1,1,CHANCEAUX,45.0931,3.86954
201400005755,23,7,14,4,3,43,230,1,1,2,6,LA RIBEYRE,45.1686,3.92921
201400005756,18,10,14,14,1,43,49,1,3,1,3,"LIEU-DIT ""BERNARD""",45.207,3.99362
201400005757,12,9,14,14,1,43,131,1,1,1,6,"LIEU DIT ""BACOU""",45.1887,3.56838
201400005758,3,4,14,15,1,43,112,1,1,1,6,LA COTE DES CHENES,0.0,0.0
201400005759,6,4,14,4,3,43,60,1,1,1,6,"LIEU-DIT ""LA PENIDE""",45.0273,3.54388
201400005760,8,4,14,12,1,43,132,1,1,1,3,X,45.1423,3.56786
201400005761,10,4,14,17,1,43,132,1,3,1,1,CC LE BOISSET,45.1058,3.52161
201400005762,12,5,14,11,1,43,94,1,1,1,1,X,45.0956,3.40503
201400005763,15,7,14,11,1,43,112,1,1,1,6,PT DE COSTET,45.1011,3.49748
201400005764,14,11,14,18,2,43,220,1,1,2,6,"LIEU-DIT ""FREYCENET""",44.9156,3.59197
201400005765,6,12,14,15,1,43,185,2,3,2,1,AVENUE GRANDE BRETAGNE,45.4051,3.31802
201400005766,12,12,14,1,3,43,258,2,1,1,6,LIEU-DIT BERGOIDE,0.0,0.0
201400005767,19,12,14,20,3,43,170,1,2,1,5,X,45.2736,3.29946
201400005768,9,1,14,11,1,43,268,1,1,1,1,"LIEU-DIT ""LIVIGNAC""",45.1289,4.14379
201400005769,10,1,14,17,5,43,268,2,3,1,3,AV. GEORGES CLEMENCEAUX,45.1436,4.12167
201400005770,12,1,14,14,1,43,25,1,1,8,1,CHM ARTAUD,0.0,0.0
201400005771,4,4,14,13,1,43,268,2,1,2,7,PT DE L'ENCEINTE,45.1626,4.17005
201400005772,12,7,14,6,2,43,268,1,1,1,1,"LIEU-DIT ""LE FROMENTAL""",45.1485,4.11998
201400005773,24,7,14,16,1,43,102,1,2,1,3,"LIEU-DIT ""RABISSON""",45.1724,4.18699
201400005774,29,10,14,18,5,43,268,2,3,1,1,AVENUE DU 8 MAI 1945,45.1486,4.12866
201400005775,5,1,14,14,1,43,20,2,1,1,6,RUE ST ROCH,0.0,0.0
201400005776,8,1,14,18,5,43,137,2,3,1,2,AVENUE DE LA GARE,0.0,0.0
201400005777,15,2,14,11,1,43,212,1,1,8,6,"LIEU-DIT ""BRANDY HAUT""",45.3548,3.92639
201400005778,15,4,14,18,1,43,12,2,3,1,3,AV DE FIRMINY/PL DE LA L,45.3706,4.20579
201400005779,21,5,14,13,1,43,20,2,1,6,6,8 RTE DE BEAUZAC,0.0,0.0
201400005780,2,8,14,5,5,43,20,2,1,1,1,AVENUE DE VISSAGUET,0.0,0.0
201400005781,4,10,14,18,1,43,12,1,1,1,1,RUE DE LA LOIRE,0.0,0.0
201400005782,29,12,14,19,5,43,137,2,2,4,1,AV DU 11 NOVEMBRE,0.0,0.0
201400005783,24,7,14,11,1,43,223,1,1,5,3,"LIEU-DIT ""LE CANARD""",45.2544,4.36596
201400005784,25,9,14,7,2,43,153,2,3,1,3,4 RUE DE LA GARE,0.0,0.0
201400005785,23,1,14,18,3,43,102,1,1,1,1,X,45.1691,4.20477
201400005786,5,4,14,23,3,43,51,1,1,1,6,LE FLACHET,45.0886,4.3153
201400005787,12,6,14,13,1,43,130,1,4,1,3,X,45.031,4.22447