Num_Acc,jour,mois,an,hr,condition_eclairage,departement,commune,condition_agglomeration,intersection,condition_atmosphere,type_collision,adresse,lattitude,longitude
201400005788,22,6,14,15,1,43,114,1,2,1,3,X,45.1659,4.2274
201400005789,28,6,14,17,1,43,51,1,4,1,3,LES BARANDONS,45.069,4.32817
201400005790,21,7,14,6,2,43,51,1,1,3,6,"LIEU-DIT ""LE CHAMP""",45.0398,4.34154
201400005791,7,9,14,16,1,43,163,1,1,1,6,LE MIRAIL,45.2165,4.38324
201400005792,30,11,14,21,3,43,244,1,1,5,1,LA PEPINIERE DIGONNET,45.1303,4.29344
201400005793,16,1,14,18,5,30,185,2,3,1,3,"1, THOMAS ( AVENUE ALBER",0.0,0.0
201400005794,17,2,14,22,5,30,185,2,1,1,1,"50, MISCAILLOUX ( RUE )",0.0,0.0
201400005795,27,2,14,19,5,30,185,2,2,2,3,"27, PEGUY ( RUE CHARLES",0.0,0.0
201400005796,7,3,14,21,5,30,185,2,2,1,3,"sans, BEAULIEU ( RUE DE",0.0,0.0
201400005797,7,3,14,21,5,30,185,2,3,1,3,"sans, PAIX ( RUE DE LA )",0.0,0.0
201400005798,10,3,14,10,1,30,185,2,1,1,6,"174, DE GAULLE ( AVENUE",0.0,0.0
201400005799,15,3,14,0,5,30,185,2,2,1,6,"sans, FAUBOURG SAINT - P",0.0,0.0
201400005800,26,3,14,11,1,30,185,2,1,1,6,"147, REPUBLIQUE ( AV. DE",0.0,0.0
201400005801,8,4,14,14,1,30,101,2,1,1,6,"1, BROSSE TEMPETE ( RUE",0.0,0.0
201400005802,20,4,14,21,5,30,185,2,1,2,6,"sans, RUE CHARLES TILLON",0.0,0.0
201400005803,4,5,14,16,1,30,101,1,1,1,1,Avenue des Martyrs,0.0,0.0
201400005804,22,5,14,22,4,30,101,2,1,1,6,"100, CHALAIS ( RUE DU DO",0.0,0.0
201400005805,26,5,14,7,1,30,101,1,2,1,3,"sans, CD943",0.0,0.0
201400005806,8,7,14,17,1,30,185,2,6,1,3,GUINEBERTS ( AVENUE DES,0.0,0.0
201400005807,27,7,14,18,1,30,98,2,1,1,6,"80, STALINGRAD ( AVENUE",0.0,0.0
201400005808,28,7,14,8,1,30,185,2,1,2,6,"85, THOMAS ( AVENUE ALBE",0.0,0.0
201400005809,30,7,14,8,1,30,185,2,1,1,6,"16, RAQUIN ( RUE )",0.0,0.0
201400005810,16,8,14,15,1,30,185,2,3,1,3,KENNEDY ( AVENUE JOHN ),0.0,0.0
201400005811,19,8,14,20,1,30,185,2,2,1,3,"sans, BARATHON ( RUE )",0.0,0.0
201400005812,5,9,14,18,1,30,185,2,2,1,3,"sans, CHAUME ( RUE DE LA",0.0,0.0
201400005813,9,9,14,7,1,30,185,2,1,2,6,"107, REPUBLIQUE ( AV. DE",0.0,0.0
201400005814,14,9,14,17,1,30,101,2,1,1,6,"15, PERELLE ( RUE DE LA",0.0,0.0
201400005815,25,9,14,9,1,30,185,2,2,1,3,"sans, NEGRE ( AVENUE JEA",0.0,0.0
201400005816,18,10,14,19,5,30,101,2,1,1,6,JAURES ( RUE JEAN ),0.0,0.0
201400005817,30,10,14,22,3,30,140,1,1,1,6,VILLEBRET (ROUTE DE ),0.0,0.0
201400005818,3,11,14,18,5,30,185,2,2,1,3,"sans, REPUBLIQUE ( AV. D",0.0,0.0
201400005819,21,11,14,21,5,30,101,2,1,1,6,"sans, HUGO ( BOULEVARD V",0.0,0.0
201400005820,5,12,14,15,1,30,101,1,1,1,2,RN 145,0.0,0.0
201400005821,18,9,14,17,2,30,190,2,3,3,6,PARIS (ROUTE ET RUE),0.0,0.0
201400005822,2,2,14,14,1,30,13,1,3,1,3,COUASSE (LA),0.0,0.0
201400005823,23,1,14,18,5,30,321,2,1,3,6,VIDAL (RUE JEAN),0.0,0.0
201400005824,4,2,14,16,1,30,190,2,1,1,6,"11, COURTAIS (BOULEVARD",0.0,0.0
201400005825,13,2,14,15,1,30,190,2,4,1,3,ROCHE (RUE ACHILLE),0.0,0.0
201400005826,19,3,14,18,1,30,190,2,9,1,6,"13, GAMBETTA (RUE)",0.0,0.0
201400005827,26,4,14,8,1,30,190,2,1,1,6,"16, MONTILLY (ROUTE DE)",0.0,0.0
201400005828,27,5,14,17,1,30,190,2,1,1,3,"89, LYON (ROUTE DE)",0.0,0.0
201400005829,4,6,14,8,1,30,321,2,6,3,3,FRATERNITE (ROND POINT D,0.0,0.0
201400005830,17,7,14,11,1,30,321,2,4,1,3,RANCY (RUE DE ),0.0,0.0
201400005831,23,8,14,11,1,30,321,2,2,1,1,BRIAND (RUE ARISTIDE),0.0,0.0
201400005832,3,10,14,18,1,30,321,1,1,1,1,MILLEPERTUIS (RUE DE),0.0,0.0
201400005833,27,11,14,15,1,30,13,2,1,1,6,"02, GUYNEMER (RUE)",0.0,0.0
201400005834,8,9,14,16,1,30,321,1,1,1,6,RN7 ECHANGEUR 46,0.0,0.0
201400005835,6,9,14,10,1,30,190,2,1,1,6,"10, SIX FRERES (RUE DES)",0.0,0.0
201400005836,11,9,14,18,1,30,190,2,1,1,5,"13, LYON (ROUTE DE)",0.0,0.0
201400005837,26,1,14,14,1,57,543,1,1,1,3,,0.0,0.0
201400005838,31,1,14,17,2,57,543,1,1,1,6,,0.0,0.0
201400005839,13,2,14,9,1,57,17,2,1,3,3,rue de la pariotte,0.0,0.0
201400005840,12,5,14,23,5,57,543,2,1,2,3,rue de verdun,0.0,0.0
201400005841,27,5,14,10,1,57,620,2,6,1,6,28 AVENUE GAMBETTA,49.19153,6.00514
201400005842,30,5,14,22,5,57,481,2,1,1,7,11 rue du gal de gaulle,49.21731,6.02217
201400005843,22,6,14,13,1,57,620,2,1,1,6,Rue racine,0.0,0.0
201400005844,1,7,14,23,3,57,620,1,1,1,6,,0.0,0.0
201400005845,8,7,14,17,1,57,620,1,1,1,3,,0.0,0.0
201400005846,29,7,14,18,2,57,707,1,1,6,1,,0.0,0.0
201400005847,27,10,14,2,3,57,481,1,1,2,3,,0.0,0.0
201400005848,2,1,14,20,3,57,256,1,1,1,3,,0.0,0.0
201400005849,28,2,14,16,1,57,32,1,1,2,2,,0.0,0.0
201400005850,17,3,14,14,1,57,701,1,1,1,1,,0.0,0.0
201400005851,18,6,14,10,1,57,39,1,1,1,3,,49.073,6.116
201400005852,23,8,14,17,1,57,601,2,1,1,1,,49.11168,6.09388
201400005853,26,11,14,18,3,57,30,1,1,8,4,PR12 SUR RIA ET C 14,48.97902,6.04803
201400005854,14,12,14,6,5,57,153,2,1,1,7,Rue de fey,49.04,6.077
201400005855,30,12,14,13,1,57,39,1,6,1,6,,0.0,0.0
201400005856,3,3,14,8,5,57,443,1,1,1,4,GN49.36 6.251,0.0,0.0
201400005857,24,2,14,8,1,57,511,1,1,1,7,,49.17385,6.08523
201400005858,6,3,14,20,5,57,443,2,1,1,1,rue des pionniers,0.0,0.0
201400005859,29,3,14,15,2,57,433,1,6,1,3,,0.0,0.0
201400005860,23,4,14,8,1,57,443,1,1,1,4,,49.2197,6.11585
201400005861,23,5,14,21,1,57,433,1,1,1,6,,0.0,0.0
201400005862,4,6,14,16,1,57,452,1,1,1,1,,0.0,0.0
201400005863,12,7,14,21,1,57,433,1,1,1,6,GN 49.337 6.244,0.0,0.0
201400005864,20,8,14,14,1,57,511,1,9,1,1,,49.17847,6.14112
201400005865,25,8,14,16,1,57,433,2,1,1,4,route d'hauconcourt,0.0,0.0
201400005866,17,1,14,16,1,57,20,1,1,7,1,,0.0,0.0
201400005867,26,1,14,22,3,57,572,1,1,3,6,,0.0,0.0
201400005868,15,4,14,10,1,57,146,1,4,1,5,,49.03152,6.14966
201400005869,2,7,14,20,1,57,572,2,1,1,7,Rue du College,0.0,0.0
201400005870,26,1,14,22,5,57,694,2,1,2,6,GN 49.162 6.244,0.0,0.0
201400005871,26,1,14,20,3,57,204,1,1,3,6,GN 49.158 6.265,0.0,0.0
201400005872,24,2,14,17,1,57,523,1,2,1,3,,49.11774,6.31921
201400005873,9,4,14,12,1,57,28,1,1,1,2,,0.0,0.0
201400005874,15,9,14,7,1,57,155,2,1,1,6,avenue Charles De Gaulle,0.0,0.0
201400005875,26,10,14,14,1,57,155,2,1,1,3,avenue de la liberation,49.113,6.399
201400005876,4,6,14,20,1,57,329,1,1,2,6,,0.0,0.0
201400005877,8,6,14,9,1,57,471,1,1,1,3,GN 49.172 6.55,0.0,0.0
201400005878,21,6,14,22,5,57,154,2,1,1,6,"CD72, Route de Guerting,",0.0,0.0
201400005879,4,7,14,11,1,57,149,1,1,1,7,,0.0,0.0
201400005880,27,9,14,17,1,57,322,2,1,1,6,Rue Principale,49.26091,6.43357
201400005881,8,3,14,23,5,57,205,2,1,1,6,2 RUE DE LA ROCHE POSAY,0.0,0.0
201400005882,30,3,14,20,5,57,274,2,7,1,7,place du stade,0.0,0.0
201400005883,13,5,14,5,2,57,160,2,1,8,1,rue de valence,0.0,0.0
201400005884,21,9,14,16,1,57,160,2,1,3,6,3 RUE DE CARLING,49.2054,6.69552
201400005885,28,11,14,16,1,57,550,2,1,1,6,48 rue de Saint Avold,0.0,0.0
201400005886,28,3,14,10,1,57,413,1,1,1,7,,0.0,0.0
201400005887,18,4,14,8,1,57,159,2,1,8,6,RUE DE L'HOTEL DE VILLE,0.0,0.0
201400005888,25,4,14,10,1,57,413,1,1,1,3,,0.0,0.0
201400005889,6,6,14,18,1,57,209,2,6,1,3,rue de Crehange,49.04837,6.59617
201400005890,25,7,14,14,1,57,209,1,6,1,7,,49.05605,6.60519
201400005891,26,8,14,19,1,57,27,1,1,1,6,,0.0,0.0
201400005892,16,10,14,17,1,57,413,1,1,1,1,,0.0,0.0
201400005893,7,11,14,7,1,57,442,1,1,1,1,,0.0,0.0
201400005894,19,3,14,12,1,57,727,1,1,1,7,,0.0,0.0
201400005895,13,5,14,12,1,57,45,1,1,1,7,,0.0,0.0
201400005896,9,6,14,11,1,57,712,1,1,1,6,GN 48.745 6.542,0.0,0.0
201400005897,6,8,14,17,1,57,171,2,1,1,5,place de la r?publique,48.88693,6.3919
201400005898,24,12,14,16,3,57,232,1,1,8,6,,0.0,0.0
201400005899,16,1,14,17,5,57,484,2,1,2,6,27 rue nationale,49.16646,6.86463
201400005900,7,3,14,22,3,57,58,1,1,1,7,,49.15726,6.96265
201400005901,30,5,14,12,1,57,58,2,1,1,7,6 Impasse des fauvettes,49.16642,6.95733
201400005902,26,6,14,21,1,57,202,1,1,1,6,,0.0,0.0
201400005903,1,12,14,16,1,57,521,1,1,1,3,,49.17512,6.92023
201400005904,18,4,14,10,1,57,466,2,1,1,1,34 rue principale,0.0,0.0
201400005905,19,4,14,17,1,57,144,2,1,1,7,34 rue principale,0.0,0.0
201400005906,28,5,14,15,1,57,73,2,1,8,3,19 rue Nationale,49.13978,6.79983
201400005907,14,6,14,10,1,57,144,2,1,1,6,rue nationale,0.0,0.0
201400005908,20,7,14,9,1,57,466,2,1,1,3,32 rue principale,49.10487,6.9593
201400005909,10,9,14,18,1,57,144,2,1,1,3,RD 603,0.0,0.0
201400005910,8,12,14,7,3,57,669,1,1,8,6,,0.0,0.0
201400005911,5,12,14,17,5,57,669,2,6,1,1,CD 910,49.11832,6.89423
201400005912,17,12,14,18,3,57,144,1,1,2,1,,0.0,0.0
201400005913,9,1,14,17,5,57,275,2,1,2,6,249 rue principale,0.0,0.0
201400005914,6,3,14,11,1,57,389,2,1,1,6,Rue de la Liberation,0.0,0.0
201400005915,25,3,14,15,1,57,311,1,1,1,7,,0.0,0.0
201400005916,18,5,14,20,1,57,178,1,1,1,1,,0.0,0.0
201400005917,31,5,14,23,5,57,483,2,1,1,6,route racrange,48.92503,6.65862
201400005918,6,10,14,12,1,57,684,1,1,1,7,,0.0,0.0
201400005919,24,11,14,7,3,57,389,1,1,1,6,,0.0,0.0
201400005920,13,6,14,20,1,57,377,1,1,1,1,,0.0,0.0
201400005921,15,9,14,16,1,57,44,1,1,1,5,,0.0,0.0
201400005922,26,12,14,14,1,57,382,2,1,8,1,route d?partementale 89,0.0,0.0
201400005923,21,4,14,4,3,57,300,1,1,2,6,,0.0,0.0
201400005924,25,4,14,11,1,57,747,1,1,1,3,,0.0,0.0
201400005925,7,6,14,16,1,57,163,1,1,1,7,,0.0,0.0
201400005926,19,6,14,14,1,57,614,1,1,1,2,,0.0,0.0
201400005927,11,9,14,6,2,57,300,1,1,1,7,GN 48.683 7.183,0.0,0.0
201400005928,10,10,14,7,2,57,614,1,1,2,7,,0.0,0.0
201400005929,23,1,14,12,1,57,260,1,1,8,6,,0.0,0.0
201400005930,13,2,14,14,1,57,261,1,1,2,4,,0.0,0.0
201400005931,25,4,14,10,1,57,561,1,1,1,2,,0.0,0.0
201400005932,1,5,14,23,3,57,289,1,1,1,3,,0.0,0.0
201400005933,31,5,14,16,1,57,92,2,2,1,1,rue de la gare,0.0,0.0
201400005934,2,10,14,19,2,57,752,1,1,1,3,,0.0,0.0
201400005935,28,10,14,3,3,57,535,1,9,1,7,,0.0,0.0
201400005936,25,11,14,5,4,57,752,1,6,1,3,,0.0,0.0
201400005937,13,12,14,17,5,57,74,2,1,2,3,12 RUE ST MARTIN,0.0,0.0
201400005938,25,12,14,19,3,57,260,1,1,1,7,,0.0,0.0
201400005939,14,3,14,13,1,57,195,2,1,1,7,Rue d'Ormersviller,49.11272,7.31647
201400005940,8,7,14,16,1,57,192,1,1,1,5,GN 49.039 7.321,0.0,0.0
201400005941,25,9,14,16,1,57,390,2,1,1,6,8 rue de sarreguemines,0.0,0.0
201400005942,13,9,14,13,1,57,206,2,1,1,6,rue de la Croix Munier,0.0,0.0
201400005943,21,10,14,16,1,57,242,1,1,6,6,,0.0,0.0
201400005944,27,10,14,15,1,57,206,2,1,1,1,rue de seremange,0.0,0.0
201400005945,13,11,14,10,1,57,206,2,1,2,3,av Francois Mitterrand,0.0,0.0
201400005946,8,12,14,17,4,57,206,1,1,3,6,,0.0,0.0
201400005947,21,12,14,1,5,57,206,2,2,9,3,carrefour des 4 routes,49.30831,6.10038
201400005948,17,1,14,7,3,57,343,1,9,8,3,,0.0,0.0
201400005949,19,1,14,0,3,57,179,1,1,1,1,,0.0,0.0
201400005950,13,4,14,10,1,57,465,1,1,1,5,GN 49.322 6.294,0.0,0.0
201400005951,9,5,14,0,3,57,343,1,1,1,1,GN 49.358 6.178,49.33308,6.19176
201400005952,2,6,14,10,1,57,704,1,1,1,6,,0.0,0.0
201400005953,11,6,14,17,1,57,767,1,3,7,3,Rue des Acacias,49.32424,6.2347
201400005954,11,9,14,5,5,57,602,1,1,1,1,,0.0,0.0
201400005955,15,9,14,8,1,57,465,1,1,1,6,,0.0,0.0
201400005956,19,9,14,18,1,57,370,1,1,1,1,,0.0,0.0
201400005957,19,9,14,9,1,57,269,1,1,1,1,,0.0,0.0
201400005958,12,12,14,7,2,57,287,1,1,2,1,,0.0,0.0
201400005959,18,12,14,6,5,57,102,1,1,2,1,GN 49.286 6.198,0.0,0.0
201400005960,11,4,14,19,1,57,683,2,1,1,1,RD 952 (pont de la gare),49.3039,6.15606
201400005961,6,11,14,19,3,57,582,1,3,8,5,,0.0,0.0
201400005962,31,5,14,16,1,54,589,1,1,1,7,,48.96195,6.05842
201400005963,4,7,14,17,1,54,312,1,1,8,5,,48.92378,6.09458
201400005964,13,8,14,21,3,54,60,2,1,1,6,,0.0,0.0
201400005965,20,8,14,14,1,54,157,1,1,1,1,,0.0,0.0
201400005966,17,11,14,17,4,54,27,1,1,1,6,,48.89594,6.07392
201400005967,10,2,14,18,3,54,6,1,1,3,1,,48.72868,6.23153
201400005968,16,3,14,20,3,54,345,1,1,1,6,,48.5956,6.25159
201400005969,28,3,14,14,1,54,462,2,1,1,2,625 avenue des vosges,48.58632,6.33198
201400005970,3,4,14,15,1,54,358,1,1,1,7,,48.754,6.36995
201400005971,11,5,14,19,1,54,296,1,1,9,2,,48.73046,6.29853
201400005972,13,6,14,8,1,54,180,1,1,1,7,,48.73016,6.37412
201400005973,22,7,14,10,1,54,192,1,1,8,1,,48.57939,6.30093
201400005974,20,8,14,19,1,54,6,1,1,1,3,,48.72598,6.23756
201400005975,16,9,14,18,1,54,462,2,1,1,3,Place saint Pierre,48.59453,6.33261
201400005976,21,9,14,6,2,54,89,1,1,2,7,,48.77,6.269
201400005977,22,10,14,2,3,54,6,1,1,1,7,,48.72831,6.23183
201400005978,1,11,14,2,3,54,6,1,6,5,7,,48.73939,6.22328
201400005979,2,11,14,13,1,54,104,1,1,1,3,,0.0,0.0
201400005980,15,11,14,16,1,54,89,2,9,8,6,rue de la paix/plateau,48.76973,6.25918
201400005981,11,12,14,16,1,54,37,1,1,6,6,,48.59447,6.25023
201400005982,2,1,14,15,1,54,115,2,1,7,6,RUE DE LA ROCHELLE,0.0,0.0
201400005983,10,1,14,20,3,54,305,1,1,1,5,,48.74178,6.2003
201400005984,17,1,14,13,1,54,305,1,1,1,1,,48.74,6.20861
201400005985,10,2,14,13,1,54,115,2,1,2,6,ALLEE DES PHILOSOPHES,0.0,0.0
201400005986,27,2,14,8,1,54,215,2,1,1,3,rue Emile Zola,0.0,0.0
201400005987,15,3,14,9,1,54,215,2,1,8,6,RUE DE METZ,48.75949,6.13374
201400005988,3,7,14,17,1,54,430,2,1,1,1,rue des jardins fleuris,0.0,0.0
201400005989,5,7,14,13,1,54,215,1,6,2,3,,0.0,0.0
201400005990,23,8,14,0,5,54,430,2,1,1,3,RUE DU GENERAL DE GAULLE,48.7723,6.1298
201400005991,11,9,14,20,1,54,305,1,1,1,6,,48.73871,6.18875
201400005992,25,9,14,8,1,54,115,2,1,1,2,RUE GABRIEL BOUR,48.73938,6.16814
201400005993,24,11,14,10,1,54,115,2,1,1,6,1 rue de Nancy,48.72872,6.17048
201400005994,19,12,14,17,5,54,215,2,1,3,6,99 ter rue de nancy,48.7488,6.14863
201400005995,10,1,14,12,1,54,432,1,1,1,1,,48.59937,6.11519
201400005996,10,2,14,17,1,54,196,2,1,2,6,rue de Nancy,48.569,6.186
201400005997,23,4,14,18,1,54,434,1,1,1,1,,48.438,6.126
201400005998,22,5,14,16,1,54,352,2,1,2,6,R92 RUE DE LA GARE,48.643,6.04
201400005999,29,6,14,16,1,54,123,2,1,1,2,31 rue de NANCY,48.62831,6.12399
201400006000,5,7,14,19,1,54,397,2,1,1,1,Rue Nicolas Cugnot,48.61188,6.0919
201400006001,9,8,14,18,1,54,196,2,1,1,1,rue de nancy,48.57559,6.18306
201400006002,11,10,14,4,3,54,364,1,1,8,1,,48.59868,6.13512
201400006003,19,10,14,6,3,54,336,1,1,5,6,,48.965,6.09
201400006004,2,11,14,14,1,54,196,1,1,1,7,,48.55964,6.22044
201400006005,5,1,14,21,5,30,310,2,2,1,3,GRAMONT (AVENUE DE),0.0,0.0
201400006006,6,1,14,13,1,30,310,2,2,1,3,"1, BRIAND (AVENUE ARISTI",0.0,0.0
201400006007,9,1,14,15,1,30,310,2,1,1,2,TASSIGNY (BD de Lat,0.0,0.0
201400006008,9,1,14,16,1,30,310,2,1,1,6,AILES (ALLEE DES),0.0,0.0
201400006009,11,1,14,16,1,30,94,2,1,1,3,"3, AILES (RUE DES)",0.0,0.0
201400006010,12,1,14,7,5,30,310,2,2,1,6,"0, CARNOT (BOULEVARD)",0.0,0.0
201400006011,12,1,14,12,1,30,23,2,1,1,7,"0, MOULIN MAZAN (CHEMIN",0.0,0.0
201400006012,13,1,14,7,4,30,95,2,6,2,3,"0, MIZON (RUE ANTOINETTE",0.0,0.0
201400006013,14,1,14,17,2,30,95,2,6,1,3,"0, CHIENS VERTS (rond po",0.0,0.0
201400006014,15,1,14,12,1,30,95,2,1,1,6,"74, VICHY (AVENUE DE)",0.0,0.0
201400006015,16,1,14,19,5,30,23,1,3,1,3,"0, COLLINE (RUE DE LA)",0.0,0.0
201400006016,17,1,14,10,1,30,23,2,1,1,7,"0, RUSSIE (AVENUE DE)",0.0,0.0
201400006017,17,1,14,16,1,30,95,2,1,1,6,"4, DRAPEAU (AVENUE DU)",0.0,0.0
201400006018,20,1,14,19,5,30,23,2,3,2,7,"0, RUSSIE (AVENUE DE)",0.0,0.0
201400006019,20,1,14,21,5,30,23,2,1,2,7,"0, CAVY (RUE ADRIEN)",0.0,0.0
201400006020,23,1,14,15,1,30,310,2,3,8,3,GRAMONT (AVENUE DE),0.0,0.0
201400006021,28,1,14,9,1,30,310,2,2,1,7,"0, SICHON (BOULEVARD DU)",0.0,0.0
201400006022,30,1,14,11,1,30,310,2,2,1,3,"0, LAC D'ALLIER (AVENUE",0.0,0.0
201400006023,30,1,14,17,5,30,310,2,2,1,3,"0, LYON (AVENUE DE)",0.0,0.0
201400006024,2,2,14,4,5,30,1,1,1,1,6,"42, RD 131 (ROUTE D'HAUT",0.0,0.0
201400006025,3,2,14,8,1,30,95,2,1,1,7,"0, LAFAYE (RUE FERNAND)",0.0,0.0
201400006026,5,2,14,10,1,30,95,2,1,2,7,"38, DARCIN (RUE DE)",0.0,0.0
201400006027,9,2,14,16,1,30,310,2,3,1,3,"0, AILES (ALLEE DES)",0.0,0.0
201400006028,18,2,14,8,1,30,310,2,1,1,6,"0, PARIS (RUE DE)",0.0,0.0
201400006029,19,2,14,15,1,30,310,2,1,1,6,"0, EPINAT (PLACE JEAN)",0.0,0.0
201400006030,20,2,14,16,1,30,310,2,3,1,3,"0, JOFFRE (RUE DU MARECH",0.0,0.0
201400006031,24,2,14,17,1,30,310,2,2,1,3,"0, THERMALE (AVENUE)",0.0,0.0
201400006032,25,2,14,17,1,30,23,2,1,1,3,"4, REPUBLIQUE (AVENUE DE",0.0,0.0
201400006033,14,3,14,7,1,30,23,2,1,1,3,VICHY (AVENUE DE),0.0,0.0
201400006034,12,3,14,8,1,30,23,1,1,1,3,"0, HAUTERIVE (AVENUE D')",0.0,0.0
201400006035,25,3,14,7,1,30,310,2,4,1,3,"0, THERMALE (AVENUE)",0.0,0.0
201400006036,25,3,14,13,1,30,310,2,2,8,3,"0, HOTEL DE VILLE (BOULE",0.0,0.0
201400006037,26,3,14,16,1,30,310,2,1,1,6,"25, CELESTINS (AVENUE DE",0.0,0.0
201400006038,4,4,14,13,1,30,95,1,1,1,7,RD 906B,0.0,0.0
201400006039,5,4,14,1,5,30,310,2,1,1,1,"0, THERMALE PROLONGEE (A",0.0,0.0
201400006040,10,4,14,17,1,30,23,1,1,7,4,"0.600, EUROPE (AVENUE DE",0.0,0.0
201400006041,16,4,14,10,1,30,310,2,1,1,6,"0, JAURES (RUE JEAN)",0.0,0.0
201400006042,17,4,14,6,2,30,94,1,1,1,3,"0, AILES (RUE DES)",0.0,0.0
201400006043,23,4,14,19,1,30,310,2,1,1,2,"24, BRIAND (AVENUE ARIST",0.0,0.0
201400006044,25,4,14,11,1,30,310,2,2,1,6,"9, CELESTINS (AVENUE DES",0.0,0.0
201400006045,30,4,14,18,1,30,310,2,1,1,6,"55, JAURES (RUE JEAN)",0.0,0.0
201400006046,6,5,14,20,1,30,23,1,1,1,6,"45, AUBERGER (AVENUE FER",0.0,0.0
201400006047,12,5,14,1,5,30,23,2,1,1,7,"22, REPUBLIQUE (AVENUE D",0.0,0.0
201400006048,13,5,14,15,1,30,310,2,3,1,6,"0, DOUMER (AVENUE DU PRE",0.0,0.0
201400006049,15,5,14,0,5,30,310,2,2,1,6,"0, SICHON (BOULEVARD DU)",0.0,0.0
201400006050,19,5,14,18,1,30,310,2,1,1,3,"10, THIERS (RUE DE)",0.0,0.0
201400006051,31,5,14,17,1,30,310,2,1,1,6,"14, PARIS (RUE DE)",0.0,0.0
201400006052,4,6,14,21,2,30,310,2,3,1,3,"0, AILES (ALLEE DES)",0.0,0.0
201400006053,10,6,14,13,1,30,94,2,1,1,3,"0, AUBREY (RUE DU COMMAN",0.0,0.0
201400006054,14,6,14,19,1,30,310,2,3,1,1,"0, MARRONIERS (RUE DES)",0.0,0.0
201400006055,30,6,14,17,1,30,310,2,1,1,3,"63, JAURES (RUE JEAN)",0.0,0.0
201400006056,30,6,14,22,5,30,310,2,2,1,3,"0, ECOLES (RUE DES)",0.0,0.0
201400006057,5,7,14,21,1,30,1,2,4,1,1,"64, TOUR (RUE DE LA)",0.0,0.0
201400006058,23,7,14,2,5,30,23,1,1,1,7,"11, CHARMEIL (ROUTE DE)",0.0,0.0
201400006059,28,7,14,7,1,30,310,2,2,2,3,"0, BRIAND (AVENUE ARISTI",0.0,0.0
201400006060,5,8,14,10,1,30,310,2,3,1,6,"0, RAVY BRETON (RUE)",0.0,0.0
201400006061,12,8,14,19,1,30,94,1,1,1,6,"3, INDUSTRIE (RUE DE L')",0.0,0.0
201400006062,15,8,14,19,1,30,95,1,1,1,6,FERRIERES (ROUTE DE),0.0,0.0
201400006063,17,8,14,12,1,30,1,1,1,1,3,"3, RD 131 (ROUTE D'HAUTE",0.0,0.0
201400006064,6,9,14,11,1,30,310,2,1,1,6,"0, EPINAT (PLACE JEAN)",0.0,0.0
201400006065,10,9,14,17,1,30,95,2,3,1,3,"0, RONDELEUX (RUE RAYMON",0.0,0.0
201400006066,10,9,14,22,5,30,310,2,2,1,3,"0, ECOLES (RUE DES)",0.0,0.0
201400006067,14,9,14,0,5,30,95,1,1,1,6,RD 906B,0.0,0.0
201400006068,20,9,14,18,1,30,310,2,1,1,6,"0, CELESTINS (AVENUE DES",0.0,0.0
201400006069,2,10,14,17,1,30,95,1,1,1,7,MOLLES (ROUTE DE),0.0,0.0
201400006070,12,10,14,0,5,30,310,2,1,8,3,"35, THERMALE (AVENUE)",0.0,0.0
201400006071,17,10,14,21,5,30,310,2,1,1,2,"3, MESDAMES (ALLEE)",0.0,0.0
201400006072,19,10,14,9,1,30,310,2,1,1,3,"0, JUIN (Esplanade Mar?c",0.0,0.0
201400006073,29,10,14,8,1,30,23,2,1,1,6,"135, VICHY (AVENUE DE)",0.0,0.0
201400006074,30,10,14,20,5,30,95,2,2,1,3,"0, GAMBETTA (RUE)",0.0,0.0
201400006075,30,10,14,13,1,30,310,2,1,1,6,DOUMER (AVENUE DU PRESID,0.0,0.0
201400006076,1,11,14,18,5,30,310,2,1,1,6,"0, BRIAND (AVENUE ARISTI",0.0,0.0
201400006077,2,11,14,17,2,30,310,2,1,1,6,"16, CLEMENCEAU (RUE GEOR",0.0,0.0
201400006078,14,11,14,19,5,30,310,2,1,3,6,"0, WILSON (RUE DU PRESID",0.0,0.0
201400006079,11,11,14,20,5,30,310,2,1,1,2,"0, JUIN (Esplanade Mar?c",0.0,0.0
201400006080,17,11,14,14,1,30,94,1,1,8,3,"44, BOUTIRON (RUE DE)",0.0,0.0
201400006081,21,11,14,7,2,30,310,2,1,1,6,DENIERE (BOULEVARD),0.0,0.0
201400006082,9,12,14,8,1,30,95,2,3,8,3,"0, PAIX (RUE DE LA)",0.0,0.0
201400006083,10,12,14,12,1,30,23,2,1,2,6,DE GAULLE (AVENUE DU GEN,0.0,0.0
201400006084,7,5,14,19,1,54,408,2,1,1,6,5 ter route nationale,49.16128,5.76268
201400006085,22,7,14,10,1,54,410,1,2,2,3,RD13/RD28,49.03804,5.96108
201400006086,26,7,14,12,1,54,171,2,1,1,6,12 rue Charles Peche,49.145,5.936
201400006087,1,8,14,17,1,54,477,1,1,1,1,,49.02933,5.90485
201400006088,13,9,14,9,1,54,477,1,1,1,1,,49.029,5.905
201400006089,20,12,14,23,3,54,511,1,1,8,7,,49.07364,5.84402
201400006090,24,1,14,7,2,54,491,1,1,8,6,,49.36327,5.9227
201400006091,14,2,14,23,3,54,491,1,1,1,6,,49.36322,5.92558