Num_Acc,jour,mois,an,hr,condition_eclairage,departement,commune,condition_agglomeration,intersection,condition_atmosphere,type_collision,adresse,lattitude,longitude
201400006092,28,3,14,19,3,54,491,1,1,1,6,,49.363,5.926
201400006093,25,5,14,0,5,54,425,2,1,1,2,35 rue Ambroize Croizat,49.305,5.789
201400006094,4,7,14,15,1,54,295,2,1,1,2,rue de la croisette,49.314,5.789
201400006095,16,7,14,18,1,54,29,2,1,1,6,,49.37238,5.89954
201400006096,16,8,14,14,1,54,536,2,1,1,6,1 rue du 1er mai,49.308,5.908
201400006097,30,11,14,17,5,54,362,2,1,5,1,ROUTE NATIONALE,49.38894,5.75578
201400006098,25,12,14,22,3,54,568,1,1,1,6,,49.41184,5.82732
201400006099,25,2,14,14,1,54,148,1,1,1,3,,48.59233,6.5687
201400006100,3,8,14,13,1,54,260,1,1,1,6,,48.57099,6.50058
201400006101,12,8,14,22,3,54,83,1,1,1,1,,48.63676,6.48491
201400006102,22,8,14,12,1,54,373,1,1,1,2,,48.56907,6.52334
201400006103,17,11,14,11,1,54,83,1,1,1,6,,48.63281,6.48607
201400006104,16,1,14,17,3,54,565,1,1,2,1,,48.57017,6.35504
201400006105,18,5,14,18,1,54,42,2,1,1,2,grand rue,48.437,6.274
201400006106,12,7,14,16,1,54,152,1,1,1,6,,48.57416,6.3521
201400006107,24,9,14,15,1,54,455,1,1,1,7,,48.471,6.482
201400006108,19,12,14,7,2,54,45,1,1,2,4,,48.565,6.362
201400006109,25,2,14,0,3,54,163,1,1,1,1,,48.572,6.719
201400006110,21,6,14,21,1,54,551,1,1,1,7,,48.66929,6.6973
201400006111,14,1,14,18,5,54,205,2,1,2,3,rue saint germain,0.0,0.0
201400006112,1,3,14,11,1,54,128,1,3,1,1,,48.66644,5.84987
201400006113,28,2,14,20,3,54,288,1,1,9,7,,48.7297,5.86668
201400006114,28,3,14,20,2,54,102,1,2,1,1,,48.708,5.859
201400006115,29,3,14,23,3,54,10,1,1,1,6,,48.54177,5.80463
201400006116,31,3,14,19,1,54,405,1,1,1,6,,48.58714,5.94687
201400006117,9,5,14,14,1,54,102,1,1,1,3,,48.71439,5.87618
201400006118,16,5,14,15,1,54,102,1,1,1,3,,48.71528,5.85728
201400006119,20,7,14,7,2,54,380,1,1,1,6,,48.623,5.858
201400006120,28,7,14,17,1,54,8,1,1,3,6,,48.547,5.909
201400006121,31,7,14,23,3,54,8,1,1,1,1,,48.54608,5.90825
201400006122,6,9,14,15,1,54,120,2,1,1,6,Rue du progres RD 11E,48.627,5.83
201400006123,3,12,14,11,1,54,380,1,1,2,3,,48.685,5.87
201400006124,1,1,14,10,1,54,34,1,1,1,6,,48.76307,5.93812
201400006125,9,3,14,9,1,54,346,1,1,1,7,,48.782,5.904
201400006126,17,3,14,8,1,54,532,1,1,1,6,,48.79931,5.93154
201400006127,11,6,14,23,3,54,370,1,1,1,6,,48.82461,5.88414
201400006128,13,9,14,15,1,54,343,1,1,1,7,,48.834,5.79
201400006129,3,2,14,14,1,55,514,1,1,1,6,,0.0,0.0
201400006130,9,2,14,3,5,55,120,2,1,1,6,face au 6 Grande Rue,0.0,0.0
201400006131,9,3,14,18,1,55,493,2,1,1,7,chemin des grand pres,0.0,0.0
201400006132,19,4,14,5,3,55,435,1,1,1,6,,0.0,0.0
201400006133,24,11,14,19,3,55,369,1,1,1,1,,0.0,0.0
201400006134,12,12,14,17,3,55,427,1,1,2,7,,0.0,0.0
201400006135,19,12,14,13,1,55,369,1,1,3,6,,0.0,0.0
201400006136,6,6,14,19,1,55,300,1,1,1,3,,0.0,0.0
201400006137,24,6,14,17,1,55,291,1,1,1,6,,0.0,0.0
201400006138,10,8,14,13,1,55,447,1,1,3,6,,48.64153,5.05926
201400006139,18,8,14,16,1,55,35,1,4,1,3,,0.0,0.0
201400006140,1,11,14,17,2,55,291,2,2,1,3,Rue des ETATS UNIS,0.0,0.0
201400006141,1,12,14,18,5,55,543,1,1,2,6,,0.0,0.0
201400006142,29,6,14,6,2,55,526,1,1,2,6,,0.0,0.0
201400006143,5,8,14,16,1,55,122,2,1,1,1,7 rue de Champagne,0.0,0.0
201400006144,17,8,14,19,1,55,553,1,1,1,1,,0.0,0.0
201400006145,22,11,14,17,3,55,196,1,1,1,7,,0.0,0.0
201400006146,27,11,14,7,3,55,526,1,1,3,2,,0.0,0.0
201400006147,2,5,14,10,3,55,7,1,1,1,6,,0.0,0.0
201400006148,14,6,14,7,1,55,570,1,1,1,7,,0.0,0.0
201400006149,15,6,14,20,1,55,540,1,1,1,7,,49.00374,5.53037
201400006150,20,10,14,21,3,55,551,1,1,2,6,,48.96834,5.68485
201400006151,11,5,14,19,1,55,397,1,1,8,1,,0.0,0.0
201400006152,23,5,14,21,3,55,104,2,1,2,6,RUE DE SAINT NABORD,48.45908,5.43174
201400006153,9,7,14,15,1,55,5,1,1,8,7,,48.50171,5.59935
201400006154,16,7,14,16,1,55,573,1,1,1,2,,0.0,0.0
201400006155,25,7,14,8,1,55,334,1,1,1,1,,0.0,0.0
201400006156,25,7,14,11,1,55,59,1,1,1,6,,0.0,0.0
201400006157,14,10,14,9,1,55,496,1,1,1,6,,48.726,5.646
201400006158,26,10,14,6,2,55,334,1,2,5,1,,0.0,0.0
201400006159,10,11,14,14,1,55,433,2,1,1,6,GRANDE RUE,0.0,0.0
201400006160,28,12,14,12,1,55,334,1,1,1,6,,0.0,0.0
201400006161,26,8,14,23,3,55,252,1,1,2,6,,0.0,0.0
201400006162,20,11,14,7,2,55,324,2,1,1,1,route 643,0.0,0.0
201400006163,6,1,14,7,2,55,492,1,1,8,5,,49.12736,5.46164
201400006164,12,9,14,17,5,55,385,2,1,1,3,"RD20B, PK00+810",0.0,0.0
201400006165,23,5,14,22,5,55,416,2,1,2,1,RUE BASSE,0.0,0.0
201400006166,19,10,14,11,1,55,346,1,1,1,5,,0.0,0.0
201400006167,10,3,14,17,1,55,2,1,1,1,2,,0.0,0.0
201400006168,17,6,14,11,1,55,171,1,1,1,6,,0.0,0.0
201400006169,28,6,14,12,1,55,8,1,1,2,1,,0.0,0.0
201400006170,11,12,14,19,4,55,201,1,1,6,6,,43.195,5.637
201400006171,12,2,14,16,1,88,273,1,1,1,1,,48.2204,6.50785
201400006172,12,3,14,20,2,88,253,1,3,1,2,,48.19586,6.49922
201400006173,18,8,14,18,1,88,273,1,1,1,1,,48.21755,6.50557
201400006174,20,11,14,8,2,88,253,1,1,5,3,,0.0,0.0
201400006175,3,12,14,17,3,88,134,1,1,8,1,,48.146,6.487
201400006176,10,2,14,17,1,88,135,1,8,2,3,,48.14894,6.61585
201400006177,13,4,14,18,1,88,340,1,1,1,1,,48.27077,6.58953
201400006178,30,6,14,9,1,88,86,1,1,1,1,,48.19145,6.7392
201400006179,2,8,14,6,2,88,76,1,1,1,6,,48.22358,6.72461
201400006180,3,8,14,7,1,88,262,2,1,1,1,43 RUE DE LA VOLOGNE,48.17958,6.75653
201400006181,28,8,14,14,1,88,262,2,8,1,3,rue de la gare,48.1854,6.7518
201400006182,29,10,14,20,3,88,340,1,1,2,1,,0.0,0.0
201400006183,12,3,14,17,1,88,90,2,1,1,2,pont 3 fr?res bosquets,48.378,6.296
201400006184,7,4,14,8,1,88,522,1,1,1,1,,48.35272,6.16772
201400006185,26,5,14,8,1,88,173,1,1,8,6,,48.38112,6.25154
201400006186,15,6,14,22,2,88,449,1,1,1,6,,48.36122,6.23258
201400006187,15,7,14,21,1,88,90,2,1,1,6,rue maurice barr?s,48.3696,6.29516
201400006188,23,7,14,0,5,88,56,2,1,1,6,rue simon de chatellus,48.34948,6.16231
201400006189,21,8,14,18,1,88,90,1,1,1,3,,48.35625,6.28848
201400006190,4,11,14,6,2,88,513,2,1,2,1,rue d'alsace,0.0,0.0
201400006191,2,12,14,17,3,88,173,1,1,1,2,,48.39,6.242
201400006192,9,12,14,19,3,88,513,1,1,1,6,,48.367,6.302
201400006193,15,8,14,16,1,88,452,1,1,1,2,,48.15618,6.05697
201400006194,8,2,14,5,5,88,412,2,1,1,6,RD159 BIS,48.35835,6.73179
201400006195,18,2,14,9,1,88,367,2,1,1,6,27 rue des Fontaines,48.34721,6.63697
201400006196,24,2,14,10,1,88,521,2,1,1,1,RUE EPINAL,48.3078,6.61056
201400006197,25,7,14,14,1,88,251,1,1,1,1,,48.33743,6.67755
201400006198,30,8,14,18,1,88,110,2,1,1,3,Grande rue,48.40765,6.53958
201400006199,2,9,14,16,1,88,432,1,2,1,2,,48.42303,6.58185
201400006200,11,11,14,3,5,88,521,2,1,2,6,Route d'Epinal,0.0,0.0
201400006201,12,11,14,9,1,88,156,1,1,8,6,,0.0,0.0
201400006202,1,1,14,4,3,88,342,1,1,2,1,,48.28666,6.4399
201400006203,16,1,14,7,2,88,99,1,9,1,2,,48.22656,6.4323
201400006204,21,1,14,7,5,88,465,1,1,2,1,,48.25383,6.42978
201400006205,24,2,14,15,1,88,190,1,3,7,3,,48.2821,6.37252
201400006206,6,4,14,1,3,88,224,1,1,5,6,,48.31921,6.47625
201400006207,6,4,14,23,3,88,327,2,1,1,3,"101, rue de la H?rronni?",48.29556,6.38416
201400006208,29,4,14,8,1,88,454,2,4,1,3,Route d'Epinal,48.2531,6.53195
201400006209,5,5,14,7,1,88,94,1,1,1,6,,48.31422,6.39429
201400006210,20,6,14,9,1,88,465,1,1,1,1,,48.2507,6.42338
201400006211,23,6,14,11,1,88,327,1,1,5,2,,48.30555,6.38656
201400006212,27,7,14,1,3,88,224,1,1,1,6,,48.32353,6.45563
201400006213,6,9,14,18,1,88,143,1,1,1,6,,48.28234,6.46215
201400006214,28,9,14,19,2,88,190,1,3,1,3,,48.29368,6.37654
201400006215,1,11,14,9,1,88,99,1,1,1,6,,0.0,0.0
201400006216,23,11,14,3,5,88,99,2,1,1,6,1 Rue du Centre,48.238,6.437
201400006217,14,1,14,9,1,88,321,2,1,1,6,Quai Jean Moulin,48.35363,5.69272
201400006218,14,2,14,16,1,88,206,2,1,1,3,rue de Mirecourt,48.3105,5.93294
201400006219,9,4,14,11,1,88,321,1,1,1,6,,48.371,5.67975
201400006220,24,4,14,17,1,88,241,1,1,1,6,,48.27057,5.90003
201400006221,26,4,14,18,1,88,321,2,1,2,7,12 avFran?ois de Neufcha,48.34908,5.69538
201400006222,27,4,14,16,1,88,321,1,1,1,6,,48.35272,5.71682
201400006223,25,5,14,20,1,88,270,2,1,1,6,"45, route de joinville",48.32759,5.56879
201400006224,10,6,14,18,1,88,15,1,1,1,6,,48.39478,5.82242
201400006225,13,6,14,15,1,88,229,1,1,1,3,,48.39062,5.7618
201400006226,25,7,14,11,1,88,460,1,1,1,6,,48.39743,5.7273
201400006227,17,7,14,9,1,88,401,1,1,1,7,,48.32645,5.76141
201400006228,7,8,14,9,1,88,393,1,1,8,3,,48.34415,5.73958
201400006229,23,8,14,16,1,88,189,1,3,1,3,,48.31965,5.61959
201400006230,29,8,14,15,1,88,308,1,1,1,1,,48.33619,5.64966
201400006231,26,9,14,9,1,88,321,1,8,1,4,,48.37055,5.69848
201400006232,1,10,14,9,1,88,363,1,2,5,1,,48.47318,5.83589
201400006233,8,10,14,18,1,88,321,2,1,1,3,rue du moulinot,0.0,0.0
201400006234,9,10,14,13,1,88,321,2,2,3,3,avenue de Herringen,0.0,0.0
201400006235,8,11,14,4,4,88,290,2,1,1,6,"787, route nationale",0.0,0.0
201400006236,2,12,14,13,1,88,270,2,1,1,3,route d'harr?ville,0.0,0.0
201400006237,6,1,14,13,1,88,103,1,1,1,6,,48.23929,6.28229
201400006238,9,1,14,18,3,88,400,1,1,3,1,,48.30801,6.04322
201400006239,20,1,14,14,1,88,304,2,1,1,6,rue Laberte et Magni?,48.29713,6.13366
201400006240,27,1,14,22,3,88,185,1,1,8,7,,48.36056,6.08644
201400006241,12,3,14,11,1,88,47,1,2,1,3,,48.20455,6.1661
201400006242,14,3,14,16,1,88,47,1,3,1,6,,48.20151,6.15717
201400006243,6,5,14,16,1,88,304,1,2,1,1,,48.30544,6.14898
201400006244,24,6,14,13,1,88,508,1,3,1,3,,48.19224,6.23032
201400006245,29,7,14,17,1,88,364,1,2,1,1,,48.34622,6.11469
201400006246,4,8,14,14,1,88,47,1,2,1,4,,48.20205,6.15361
201400006247,10,8,14,16,1,88,210,2,2,1,1,44 rue de la gite,48.19184,6.28599
201400006248,13,11,14,18,5,88,292,1,1,1,7,,0.0,0.0
201400006249,9,1,14,15,1,88,516,2,3,1,1,rue de LORIMA,48.2059,5.95339
201400006250,31,1,14,14,1,88,332,1,1,7,1,,48.22487,5.92558
201400006251,22,6,14,15,1,88,114,2,1,1,7,Rue du 11 septembre,48.18009,5.8852
201400006252,16,7,14,19,1,88,22,1,1,1,1,,48.23355,5.83782
201400006253,2,8,14,2,5,88,490,2,1,1,6,ROUTE D'HAREVILLE,48.18721,6.01101
201400006254,3,8,14,5,3,88,488,1,1,1,7,,48.20171,6.11366
201400006255,26,10,14,18,2,88,285,1,2,5,3,,0.0,0.0
201400006256,27,5,14,10,1,88,158,2,1,8,6,1 rue de l'?glise,48.09285,6.61042
201400006257,18,9,14,14,1,88,250,2,6,1,3,Carrefour RD159B/RD 42,48.11181,6.57486
201400006258,8,11,14,12,1,88,383,1,1,7,3,,47.971,6.449
201400006259,10,1,14,14,1,88,116,2,1,1,3,64 rue de la 3?DIA,47.96021,6.83355
201400006260,16,1,14,17,5,88,486,2,1,3,5,rue d'alsace,47.99311,6.7168
201400006261,7,4,14,7,1,88,447,2,1,1,6,170 Avenue Jules FERRY,47.94919,6.7725
201400006262,23,7,14,16,1,88,447,2,1,1,1,LE RAIN BRICE - LE THOLY,48.08481,6.76276
201400006263,31,7,14,18,1,88,75,1,1,1,1,,48.02184,6.89384
201400006264,1,8,14,10,1,88,470,1,1,1,1,,48.08481,6.76281
201400006265,30,8,14,14,1,88,75,1,1,1,5,,48.01012,6.97405
201400006266,5,10,14,2,3,88,177,1,1,1,6,,0.0,0.0
201400006267,1,3,14,3,5,88,369,2,1,2,6,48 bis rue de l'?tat,47.88289,6.7459
201400006268,9,9,14,17,1,88,302,1,1,1,1,,47.91819,6.7955
201400006269,3,11,14,17,5,88,188,2,1,2,6,rue de lorraine,0.0,0.0
201400006270,7,2,14,2,5,88,32,2,1,1,6,18 rue du stade,48.24282,7.06958
201400006271,29,7,14,16,2,88,32,2,1,2,7,route de la grande voye,48.23608,7.06126
201400006272,27,9,14,20,3,88,112,1,1,1,7,,48.33987,7.1038
201400006273,18,10,14,14,1,88,112,1,1,1,3,,48.552,7.155
201400006274,2,11,14,14,1,88,213,2,1,1,1,RD32 face au num?(c)ro 1,0.0,0.0
201400006275,18,1,14,4,3,88,198,1,1,9,6,,48.12505,6.91424
201400006276,23,5,14,11,1,88,218,1,1,1,6,,48.1071,6.86268
201400006277,31,5,14,15,1,88,198,1,1,1,1,,48.16039,6.91801
201400006278,21,6,14,14,1,88,423,2,3,1,1,ROUTE DE SAINT DIE,48.22026,6.94473
201400006279,19,7,14,11,1,88,181,1,1,1,6,,48.18006,7.02347
201400006280,28,10,14,17,1,88,218,1,1,1,7,,48.14117,6.81825
201400006281,14,11,14,11,2,88,505,1,4,1,2,,0.0,0.0
201400006282,27,11,14,18,5,88,9,2,1,5,6,373 rue de SAINT DIE,0.0,0.0
201400006283,30,11,14,20,3,88,106,1,1,5,6,,0.0,0.0
201400006284,10,4,14,18,1,88,531,1,1,1,6,,48.05744,6.99482
201400006285,20,8,14,22,3,88,196,1,1,1,1,,48.03369,6.86447
201400006286,7,9,14,11,1,88,531,1,1,1,3,,48.05433,7.00456
201400006287,19,10,14,17,1,88,196,2,1,1,2,rue du 152e RI,0.0,0.0
201400006288,9,12,14,17,3,88,196,1,1,8,6,,0.0,0.0
201400006289,23,1,14,16,1,88,346,2,1,2,6,2 rue de la lib?ration,48.40565,6.9943
201400006290,14,3,14,16,1,88,451,2,1,1,2,,48.39294,6.97511
201400006291,31,3,14,11,1,88,346,2,3,1,6,Sortie Rue de la Gare,48.40596,6.99415
201400006292,11,4,14,9,1,88,165,2,1,1,1,43 av de bellefontaine,48.35904,6.87853
201400006293,21,4,14,10,1,88,451,1,1,2,1,,48.38641,6.9596
201400006294,17,8,14,16,1,88,165,1,1,1,7,,48.36732,6.79848
201400006295,15,12,14,8,1,67,482,2,1,1,2,44 route de schirmeck,0.0,0.0
201400006296,4,8,14,0,3,67,545,1,1,1,6,PV,0.0,0.0
201400006297,26,1,14,4,3,67,378,1,1,1,6,,48.482,7.75
201400006298,21,2,14,13,1,67,131,2,1,8,4,rue des fusiliers marins,48.488,7.729
201400006299,21,4,14,16,1,67,131,2,6,2,7,rue des fusiliers marins,0.0,0.0
201400006300,8,8,14,10,1,67,137,1,1,1,5,,0.0,0.0
201400006301,24,9,14,15,1,67,378,2,1,1,3,11 RUE DE LA NIEDEREAU,0.0,0.0
201400006302,14,10,14,13,1,67,137,1,1,1,5,,0.0,0.0
201400006303,7,1,14,7,2,67,154,1,1,1,1,,0.0,0.0
201400006304,27,3,14,8,1,67,130,1,1,1,1,,0.0,0.0
201400006305,6,4,14,23,3,67,197,2,9,1,7,parking salle polyvalent,0.0,0.0
201400006306,7,5,14,19,1,67,364,2,1,1,6,49 rue des Pierres,0.0,0.0
201400006307,8,5,14,3,5,67,154,2,9,1,1,20 RUE D'Erstein,0.0,0.0
201400006308,22,5,14,22,3,67,130,1,1,2,2,,0.0,0.0
201400006309,24,5,14,23,5,67,526,2,1,1,6,"PV, 105D RUE DE BENFELD",0.0,0.0
201400006310,3,6,14,15,1,67,154,1,1,1,3,,0.0,0.0
201400006311,20,7,14,21,3,67,154,1,1,2,6,,0.0,0.0
201400006312,9,9,14,7,1,67,336,1,1,1,3,,0.0,0.0
201400006313,24,1,14,20,5,67,348,2,1,1,6,132 boulevard  l'europe,0.0,0.0
201400006314,31,1,14,15,1,67,164,1,1,1,2,,48.428,7.483
201400006315,6,5,14,14,1,67,164,1,1,1,2,,0.0,0.0
201400006316,27,6,14,8,1,67,504,1,1,1,1,,0.0,0.0
201400006317,29,7,14,18,1,67,348,1,1,8,1,,0.0,0.0
201400006318,18,9,14,17,1,67,31,2,1,1,1,5 rue des Raisins,0.0,0.0
201400006319,13,10,14,18,1,67,504,1,1,1,6,,0.0,0.0
201400006320,24,11,14,14,3,67,8,1,9,9,6,,0.0,0.0
201400006321,17,12,14,19,5,67,348,2,1,8,3,Route de Boersch,0.0,0.0
201400006322,9,4,14,12,1,67,523,2,1,1,1,43 rue de la garance,0.0,0.0
201400006323,27,7,14,23,3,67,523,1,1,1,6,,0.0,0.0
201400006324,13,11,14,16,1,67,331,1,1,1,1,,0.0,0.0
201400006325,16,4,14,7,1,67,46,2,1,1,7,ROUTE DE STRASBOURG,0.0,0.0
201400006326,18,5,14,20,1,67,46,2,1,1,3,rue du houblon,0.0,0.0
201400006327,8,5,14,17,1,67,169,1,6,1,3,,0.0,0.0
201400006328,13,6,14,1,3,67,46,2,1,1,6,rue de MARIENTHAL,0.0,0.0
201400006329,14,7,14,19,1,67,46,2,1,1,3,rue de WEITBRUCH,0.0,0.0
201400006330,16,9,14,22,3,67,450,1,1,1,6,,0.0,0.0
201400006331,21,9,14,4,3,67,46,1,1,1,6,,0.0,0.0
201400006332,14,10,14,17,1,67,345,2,3,1,1,rue de la for?t,0.0,0.0
201400006333,21,10,14,5,3,67,46,1,1,1,3,,0.0,0.0
201400006334,6,12,14,10,1,67,169,1,1,2,1,,0.0,0.0
201400006335,1,2,14,18,5,67,300,1,1,1,3,,0.0,0.0
201400006336,12,2,14,14,1,67,101,2,1,1,6,rue mercure,0.0,0.0
201400006337,10,4,14,6,1,67,101,2,1,1,3,"14, faubourg des vosges",0.0,0.0
201400006338,29,4,14,17,1,67,101,2,1,1,3,Faubourg des Vosges,0.0,0.0
201400006339,5,6,14,21,2,67,127,1,1,1,1,,0.0,0.0
201400006340,12,6,14,14,1,67,188,1,1,1,4,,0.0,0.0
201400006341,8,7,14,12,1,67,188,1,1,8,5,,0.0,0.0
201400006342,14,8,14,11,1,67,300,2,1,1,3,avenue de la gare,0.0,0.0
201400006343,2,10,14,15,1,67,8,1,1,1,2,,0.0,0.0
201400006344,16,11,14,13,1,67,101,2,6,1,7,"1, rue mercure",0.0,0.0
201400006345,11,3,14,16,1,67,299,1,1,1,7,"PV,SENS ROSHEIM-GRESSWIL",0.0,0.0
201400006346,13,3,14,17,1,67,411,1,1,7,6,,0.0,0.0
201400006347,14,3,14,15,1,67,411,1,6,1,7,,0.0,0.0
201400006348,14,3,14,18,1,67,411,1,1,1,6,,0.0,0.0
201400006349,22,4,14,12,1,67,45,1,1,1,7,,0.0,0.0
201400006350,24,6,14,13,1,67,52,2,1,1,3,route de ROSHEIM,0.0,0.0
201400006351,17,9,14,15,1,67,368,1,1,1,7,,0.0,0.0
201400006352,13,10,14,12,1,67,411,1,1,1,1,,0.0,0.0
201400006353,3,7,14,18,1,67,500,2,1,1,3,rue de Molsheim,0.0,0.0
201400006354,4,8,14,6,1,67,448,1,1,1,1,,0.0,0.0
201400006355,6,6,14,14,1,67,122,1,1,1,7,,0.0,0.0
201400006356,1,8,14,12,1,67,282,1,1,1,1,,0.0,0.0
201400006357,8,8,14,12,1,67,122,1,1,8,7,,0.0,0.0
201400006358,17,8,14,16,1,67,122,1,1,1,7,,0.0,0.0
201400006359,1,11,14,16,1,67,282,1,1,1,7,,0.0,0.0
201400006360,4,12,14,17,2,67,520,2,1,8,6,1 Place du Gal Leclerc,0.0,0.0
201400006361,23,3,14,11,1,67,372,2,1,1,6,2 route de Haguenau,0.0,0.0
201400006362,26,5,14,16,1,67,372,2,1,1,6,2 rue de SAVERNE,0.0,0.0
201400006363,1,6,14,15,1,67,222,1,1,1,1,,0.0,0.0
201400006364,1,7,14,21,1,67,372,2,2,1,3,2 rue de Haguenau,0.0,0.0
201400006365,30,8,14,14,1,67,352,1,1,1,1,,0.0,0.0
201400006366,9,9,14,14,1,67,222,2,1,1,3,"19A, rue Bellevue",0.0,0.0
201400006367,17,9,14,16,1,67,61,2,1,1,2,rue d'Obermodern,0.0,0.0
201400006368,12,12,14,17,3,67,61,1,1,6,1,,0.0,0.0
201400006369,5,1,14,12,1,67,179,1,1,1,7,,0.0,0.0
201400006370,26,1,14,6,5,67,258,2,1,1,6,rue de Saverne,0.0,0.0
201400006371,29,1,14,7,2,67,89,1,1,1,6,,48.76,7.468
201400006372,12,3,14,15,1,67,6,1,1,7,6,,0.0,0.0
201400006373,19,4,14,23,5,67,395,2,1,1,1,rue principale,0.0,0.0
201400006374,26,10,14,17,1,67,367,1,1,1,1,,0.0,0.0
201400006375,25,1,14,4,3,67,401,2,1,1,6,RD 1061,0.0,0.0
201400006376,3,2,14,17,2,67,552,2,1,8,1,RUE PRINCIPALE,0.0,0.0
201400006377,8,3,14,19,3,67,355,1,1,1,5,,0.0,0.0
201400006378,30,3,14,22,3,67,528,1,1,1,7,,0.0,0.0
201400006379,4,4,14,17,1,67,509,2,3,1,3,1-3 rue de Verdun,0.0,0.0
201400006380,29,5,14,17,1,67,99,1,1,1,7,,0.0,0.0
201400006381,5,6,14,12,1,67,133,1,1,1,6,,0.0,0.0
201400006382,7,6,14,8,1,67,95,1,3,1,3,,0.0,0.0
201400006383,8,6,14,12,1,67,559,1,1,7,7,,0.0,0.0
201400006384,26,7,14,15,1,67,371,1,1,1,4,,0.0,0.0
201400006385,9,8,14,2,5,67,434,2,1,1,6,rue de bitche,0.0,0.0
201400006386,2,10,14,18,1,67,241,2,1,1,1,,0.0,0.0
201400006387,11,10,14,15,1,67,355,1,1,1,1,,0.0,0.0
201400006388,18,10,14,9,1,67,95,2,1,7,6,,0.0,0.0
201400006389,9,6,14,17,1,67,67,2,1,1,5,4 avenue de Strasbourg,48.732,7.711
201400006390,27,7,14,0,5,67,301,2,1,1,2,Rue du G?n?ral Leclerc,48.762,7.64
201400006391,8,11,14,22,3,67,67,1,1,2,6,,48.721,7.704
201400006392,15,2,14,17,3,67,202,1,1,2,5,,48.758,7.548
201400006393,20,3,14,16,1,67,382,1,1,1,3,,0.0,0.0
201400006394,22,4,14,9,1,67,293,2,6,1,1,intersection cd100 cd68,0.0,0.0
201400006395,10,5,14,11,1,67,202,2,1,1,3,D7 route de bouxwiller,0.0,0.0
201400006396,18,5,14,9,1,67,393,1,1,1,6,,0.0,0.0
201400006397,30,5,14,3,3,67,452,1,1,1,7,,0.0,0.0
201400006398,15,6,14,21,3,67,452,1,6,1,7,"PV, INTERSECT. RD41/RD79",0.0,0.0
201400006399,1,8,14,16,1,67,393,2,1,7,1,7 rue de strasbourg,0.0,0.0
201400006400,27,7,14,16,1,67,393,2,1,7,1,7 rue de strasbourg,0.0,0.0
201400006401,2,8,14,17,1,67,495,2,1,7,3,"28, Rue de l'?glise",0.0,0.0
201400006402,31,7,14,18,1,67,495,2,1,7,3,"28, Rue de l'?glise",0.0,0.0
201400006403,29,12,14,12,1,67,107,1,1,4,3,,0.0,0.0
201400006404,29,1,14,18,2,67,205,1,1,1,5,,48.689,7.803
201400006405,17,6,14,12,1,67,519,1,1,1,1,PV,0.0,0.0
201400006406,27,9,14,17,1,67,519,2,1,1,6,quai des bateliers,0.0,0.0
201400006407,12,3,14,14,1,67,118,2,1,1,6,63 Av du Gal De Gaulle,0.0,0.0
201400006408,9,4,14,19,1,67,551,2,1,7,6,rue du G?n?ral LECLERC,0.0,0.0
201400006409,18,8,14,15,1,67,551,2,1,1,2,16 RUE DES VIGNES,0.0,0.0
201400006410,19,9,14,15,1,67,118,2,1,1,3,Route de Wasselonne,0.0,0.0
201400006411,8,11,14,21,3,67,226,1,1,1,7,,0.0,0.0
201400006412,8,3,14,15,1,67,477,1,1,1,3,,0.0,0.0
201400006413,14,6,14,17,1,67,143,1,1,1,6,,0.0,0.0
201400006414,20,6,14,5,3,67,362,1,1,1,7,,0.0,0.0
201400006415,29,6,14,20,1,67,239,1,1,1,5,,0.0,0.0
201400006416,3,7,14,16,1,67,73,1,1,1,1,PV,0.0,0.0
201400006417,7,8,14,22,3,67,73,1,1,1,6,,0.0,0.0
201400006418,28,8,14,4,3,67,3,1,1,5,6,PV,0.0,0.0
201400006419,27,9,14,16,1,67,239,1,1,1,4,,0.0,0.0
201400006420,10,10,14,9,1,67,73,1,1,1,1,,0.0,0.0
201400006421,27,11,14,17,3,67,73,1,1,1,4,,0.0,0.0
201400006422,29,11,14,17,5,67,73,2,1,1,7,101 route de Ste-Marie,0.0,0.0
201400006423,11,4,14,13,1,67,21,1,1,1,2,,0.0,0.0
201400006424,8,5,14,15,1,67,210,1,1,1,6,,0.0,0.0