Num_Acc,jour,mois,an,hr,condition_eclairage,departement,commune,condition_agglomeration,intersection,condition_atmosphere,type_collision,adresse,lattitude,longitude
201400006425,18,8,14,16,1,67,120,1,1,1,2,,0.0,0.0
201400006426,6,1,14,17,3,67,19,1,1,1,1,,0.0,0.0
201400006427,3,2,14,12,1,67,281,2,1,1,2,rue de la chapelle,0.0,0.0
201400006428,7,2,14,21,5,67,281,2,1,1,1,rue de Wittisheim,0.0,0.0
201400006429,10,2,14,14,1,67,281,1,1,1,3,,0.0,0.0
201400006430,22,2,14,4,3,67,281,1,1,1,6,,0.0,0.0
201400006431,14,3,14,19,3,67,311,1,1,1,1,,0.0,0.0
201400006432,9,4,14,13,1,67,281,2,1,1,1,avenue de l'Europe,0.0,0.0
201400006433,22,6,14,10,1,67,196,1,1,1,2,,0.0,0.0
201400006434,4,7,14,12,1,67,311,1,1,1,1,,0.0,0.0
201400006435,29,8,14,6,3,67,281,1,1,3,1,,0.0,0.0
201400006436,13,9,14,22,3,67,196,1,1,1,7,,0.0,0.0
201400006437,12,11,14,1,3,67,398,1,1,9,6,,0.0,0.0
201400006438,11,12,14,15,2,67,310,1,1,2,2,,0.0,0.0
201400006439,7,5,14,19,2,67,544,1,1,8,7,,0.0,0.0
201400006440,15,5,14,17,1,67,544,2,1,1,1,All?e des peupliers,0.0,0.0
201400006441,3,8,14,16,1,67,351,2,6,1,3,PLACE DE LA MAIRIE,0.0,0.0
201400006442,22,9,14,15,1,67,544,1,1,1,6,,0.0,0.0
201400006443,9,11,14,18,5,67,544,2,1,8,6,,0.0,0.0
201400006444,2,12,14,18,3,67,400,1,1,2,7,,0.0,0.0
201400006445,8,2,14,13,1,67,466,2,1,2,2,49 RUE PRINCIPALE,0.0,0.0
201400006446,8,3,14,6,1,67,463,1,1,1,6,,0.0,0.0
201400006447,24,3,14,7,1,67,443,1,1,2,7,,48.977,8.157
201400006448,23,5,14,15,1,67,463,2,1,1,2,7 route de strasbourg,48.901,8.109
201400006449,16,11,14,23,3,67,315,1,1,2,7,,0.0,0.0
201400006450,9,3,14,1,5,67,474,2,1,1,7,rue des vignes,0.0,0.0
201400006451,23,5,14,11,1,67,474,2,1,1,6,RUE DU DOCTEUR DEUTSCH,0.0,0.0
201400006452,26,8,14,17,1,67,232,1,3,8,3,,0.0,0.0
201400006453,20,9,14,15,1,67,184,1,1,1,4,,0.0,0.0
201400006454,25,9,14,11,1,67,184,1,1,1,1,,0.0,0.0
201400006455,25,10,14,23,3,67,232,1,1,1,6,"PV,sens Keffenach-Schoen",0.0,0.0
201400006456,31,10,14,8,1,67,474,2,1,5,1,,0.0,0.0
201400006457,10,8,14,9,1,67,147,1,1,1,6,,0.0,0.0
201400006458,12,10,14,0,5,67,110,2,1,1,7,93 GRAND RUE,0.0,0.0
201400006459,22,10,14,13,1,67,263,1,1,8,7,,0.0,0.0
201400006460,6,11,14,7,2,67,110,2,1,1,6,rue principale,0.0,0.0
201400006461,26,11,14,11,1,67,379,2,1,1,7,rue de lampertsloch,0.0,0.0
201400006462,1,4,14,11,1,68,145,2,1,1,3,Grand Rue,48.08117,7.38658
201400006463,16,4,14,11,1,68,7,1,1,1,1,,48.07439,7.42025
201400006464,7,6,14,15,1,68,146,1,6,1,3,,48.12066,7.36742
201400006465,14,8,14,20,2,68,366,1,1,8,6,,48.10926,7.47265
201400006466,14,10,14,23,3,68,95,1,1,1,6,,0.0,0.0
201400006467,22,12,14,18,3,68,145,1,1,1,1,,0.0,0.0
201400006468,7,2,14,13,1,68,175,2,1,8,6,63 rue du Gal Duffieux,48.15478,7.16746
201400006469,16,5,14,16,1,68,164,1,1,1,2,,48.13249,7.28997
201400006470,16,5,14,15,1,68,162,1,1,1,1,,48.13466,7.26986
201400006471,11,6,14,17,1,68,162,2,1,1,3,,48.13834,7.26681
201400006472,14,7,14,2,5,68,249,2,1,1,3,,48.13522,7.17369
201400006473,17,8,14,17,1,68,44,1,1,1,1,,48.13656,7.06585
201400006474,4,10,14,17,1,68,97,1,1,1,2,,48.181,7.209
201400006475,13,10,14,14,1,68,249,1,1,1,1,,48.131,7.148
201400006476,8,12,14,13,1,68,164,1,1,8,3,,0.0,0.0
201400006477,18,1,14,9,1,68,226,2,1,8,7,rue alfred hartmann,48.04141,7.14007
201400006478,27,1,14,18,5,68,368,2,1,1,6,9 route nationale,48.04684,7.2094
201400006479,30,3,14,17,1,68,317,1,1,1,7,,0.0,0.0
201400006480,21,6,14,13,1,68,329,1,1,1,6,,48.06681,7.0578
201400006481,9,8,14,15,1,68,329,1,1,1,1,,48.06172,7.04661
201400006482,10,8,14,13,1,68,311,1,1,1,7,,47.99555,7.07256
201400006483,12,8,14,17,1,68,226,2,1,1,6,Rue de la République,48.0409,7.13819
201400006484,22,10,14,9,1,68,329,2,1,3,3,route de la schlucht,48.05491,7.10332
201400006485,29,10,14,21,5,68,193,2,3,2,1,41 rue principale,48.03241,7.11
201400006486,24,12,14,11,1,68,368,2,1,1,6,rue de l'?glise,48.05366,7.20411
201400006487,2,1,14,15,1,68,352,1,6,1,3,,48.01416,7.53793
201400006488,9,1,14,12,1,68,1,1,1,1,6,,48.00561,7.53662
201400006489,30,3,14,19,1,68,351,1,1,1,6,,48.01988,7.57699
201400006490,9,9,14,15,1,68,130,2,1,1,2,Route de Strasbourg,47.97293,7.53772
201400006491,22,11,14,13,1,68,230,1,1,1,6,,47.9346,7.54141
201400006492,14,4,14,13,1,68,28,2,1,7,6,43 rue des vignerons,48.20471,7.36162
201400006493,16,5,14,16,1,68,113,1,1,1,1,,48.19005,7.37333
201400006494,19,9,14,7,1,68,296,1,1,1,6,,48.24436,7.34638
201400006495,3,11,14,15,1,68,285,2,1,1,1,,0.0,0.0
201400006496,22,12,14,4,3,68,269,1,1,1,6,,48.17417,7.32241
201400006497,9,1,14,13,1,68,185,1,1,1,6,,48.27099,7.32917
201400006498,21,1,14,17,2,68,185,1,1,1,5,,48.2684,7.28009
201400006499,19,2,14,17,1,68,185,1,1,1,1,,48.26658,7.30034
201400006500,7,3,14,16,1,68,185,2,1,1,6,11 rue de la Gare,48.27217,7.28082
201400006501,31,8,14,15,1,68,298,1,1,8,1,,48.20141,7.12536
201400006502,7,11,14,16,2,68,298,1,1,1,6,,48.24488,7.13723
201400006503,5,4,14,23,3,68,374,1,3,1,3,,48.07122,7.31063
201400006504,14,6,14,17,1,68,374,1,1,1,7,,48.09422,7.22854
201400006505,11,7,14,8,1,68,374,2,3,1,3,130 RUE Clémenceau,48.07428,7.2842
201400006506,28,9,14,17,1,68,338,1,1,1,1,,0.0,0.0
201400006507,29,9,14,18,1,68,78,1,1,1,7,,48.03989,7.3227
201400006508,30,9,14,15,1,68,374,2,3,1,3,RD 83,48.08784,7.31467
201400006509,6,10,14,12,1,68,134,1,1,1,6,,48.0202,7.31522
201400006510,24,10,14,11,1,68,338,2,1,1,6,place de la paix,48.091,7.273
201400006511,9,12,14,16,2,68,354,1,3,2,3,,48.05733,7.22867
201400006512,20,1,14,11,1,68,333,1,1,8,6,,47.61327,7.32259
201400006513,1,4,14,14,1,68,138,2,1,1,1,20 RUE DU Gal DE GAULLE,47.58479,7.25185
201400006514,12,4,14,11,1,68,158,2,3,1,3,rue de Helfrantzkirch,47.59963,7.37069
201400006515,14,4,14,13,1,68,4,2,1,1,6,Place de la r?union,47.62346,7.23932
201400006516,17,5,14,17,1,68,139,2,2,1,3,Rue Principale,47.59861,7.22275
201400006517,26,5,14,11,1,68,4,2,1,1,6,52 rue Gilardoni,47.62385,7.23929
201400006518,5,9,14,2,5,68,108,2,1,1,7,,47.56704,7.29705
201400006519,17,9,14,6,2,68,124,1,1,1,1,,47.61155,7.32963
201400006520,10,11,14,21,3,68,148,1,1,1,6,,47.61125,7.34788
201400006521,9,2,14,16,1,68,141,2,1,1,6,,47.70424,7.26021
201400006522,23,5,14,18,1,68,125,2,2,1,7,rue principale,47.68855,7.12759
201400006523,13,9,14,22,5,68,245,2,1,8,6,rue principale,47.69199,7.30958
201400006524,2,11,14,15,1,68,152,1,1,1,3,,0.0,0.0
201400006525,7,11,14,21,3,68,200,1,1,8,6,,47.61202,7.10795
201400006526,17,3,14,18,2,68,62,1,1,1,7,,47.62912,7.18902
201400006527,22,6,14,7,1,68,288,1,1,1,6,,47.54374,7.25625
201400006528,28,6,14,16,1,68,25,1,1,8,7,,47.47626,7.28255
201400006529,7,7,14,20,1,68,39,1,1,1,6,,47.53524,7.20529
201400006530,14,7,14,18,1,68,248,1,1,8,7,,47.49665,7.41391
201400006531,12,8,14,15,1,68,176,1,1,1,6,,47.56845,7.19565
201400006532,30,8,14,8,1,68,305,1,1,5,7,,47.53192,7.15473
201400006533,30,8,14,21,3,68,312,1,2,1,7,,47.47319,7.34216
201400006534,29,8,14,6,2,68,128,1,1,3,7,,47.56287,7.23967
201400006535,8,10,14,19,3,68,87,1,1,2,6,,47.53244,7.23787
201400006536,12,10,14,5,5,68,100,2,1,1,6,10 rue Principale,47.59342,7.14141
201400006537,19,10,14,20,3,68,340,1,1,1,6,,47.56032,7.1573
201400006538,31,10,14,20,5,68,49,2,1,1,6,,0.0,0.0
201400006539,20,9,14,20,5,68,99,2,1,1,6,07 rue principale,47.68857,7.26871
201400006540,18,2,14,7,1,68,235,1,1,1,1,,47.98173,7.44215
201400006541,11,3,14,13,1,68,258,2,1,1,1,rue d'ensisheim,47.84021,7.31215
201400006542,8,5,14,20,1,68,266,1,3,1,6,,47.9046,7.40196
201400006543,8,8,14,14,1,68,37,1,3,1,3,,47.95073,7.41181
201400006544,11,8,14,8,1,68,235,1,1,1,1,,47.98096,7.37543
201400006545,31,8,14,20,3,68,82,1,1,8,6,,47.85242,7.34749
201400006546,8,10,14,8,1,68,235,1,1,2,1,,47.99159,7.37936
201400006547,17,11,14,17,5,68,82,2,1,2,1,rue de Pulversheim,0.0,0.0
201400006548,29,11,14,18,3,68,266,1,2,8,3,,47.87662,7.38649
201400006549,28,1,14,19,3,68,287,1,2,1,3,,47.94206,7.28294
201400006550,24,3,14,19,2,68,364,2,3,1,3,rue Saint-Blaise,47.95438,7.25572
201400006551,30,8,14,18,1,68,123,1,2,1,3,,48.01113,7.30583
201400006552,10,5,14,17,1,68,154,2,1,1,6,rue de Bruges,47.7656,7.36217
201400006553,21,5,14,18,1,68,154,2,6,1,3,rue du repos,0.0,0.0
201400006554,13,6,14,14,1,68,154,2,1,1,6,RUE DE BERNE,47.77063,7.38678
201400006555,24,6,14,8,1,68,154,2,6,1,3,9 rue de Mulhouse,47.77916,7.34752
201400006556,30,6,14,17,1,68,154,2,9,1,3,avenue de belgique,47.76605,7.36244
201400006557,18,9,14,6,2,68,154,2,1,2,1,rue Hoffet,47.78163,7.34769
201400006558,6,12,14,17,5,68,154,2,1,2,6,rue de berne,47.77102,7.38637
201400006559,17,12,14,17,5,68,300,1,1,2,1,,0.0,0.0
201400006560,10,1,14,13,1,68,270,2,1,1,6,rue principale,47.7768,7.29029
201400006561,2,5,14,14,1,68,218,2,1,1,6,5 rue de la premi?re arm,47.73633,7.2694
201400006562,11,9,14,18,1,68,70,2,2,1,3,,47.71774,7.3014
201400006563,12,11,14,17,4,68,195,2,1,3,6,rue de thann,47.75904,7.27794
201400006564,27,1,14,11,1,68,182,2,2,1,3,rue de flueh,47.49305,7.48082
201400006565,10,1,14,19,3,68,182,1,1,1,1,,47.51069,7.48646
201400006566,1,3,14,19,3,68,263,2,1,1,3,rue de Bâle,47.58825,7.44657
201400006567,2,3,14,23,5,68,263,2,1,1,1,8 rue de b?le,47.58842,7.4469
201400006568,4,4,14,12,1,68,135,2,1,1,2,rue de l'industrie,47.58313,7.52035
201400006569,4,4,14,16,1,68,208,2,2,1,3,rue Principale,47.56885,7.45529
201400006570,26,4,14,22,3,68,182,1,1,3,2,,47.50125,7.50346
201400006571,27,5,14,17,1,68,61,2,1,1,6,rue de wentzwiller,47.55811,7.50737
201400006572,17,6,14,18,1,68,94,1,1,1,7,,47.54273,7.43507
201400006573,20,6,14,17,1,68,182,1,1,1,6,,47.50233,7.50801
201400006574,21,8,14,7,1,68,182,2,3,1,3,rue principale,47.49619,7.48699
201400006575,1,10,14,9,1,68,126,2,2,1,3,rue longue - rue philipp,47.56218,7.52274
201400006576,25,1,14,4,5,68,21,2,1,1,6,"rue de Blotzheim, CD 201",47.62638,7.48472
201400006577,24,5,14,23,3,68,197,1,1,1,6,,47.63375,7.42054
201400006578,28,5,14,17,1,68,163,2,2,1,1,rue des Paquerettes,47.66281,7.50053
201400006579,16,6,14,14,1,68,265,1,1,1,6,,47.63813,7.36978
201400006580,23,12,14,12,1,68,72,1,1,1,3,,0.0,0.0
201400006581,2,2,14,17,2,68,106,1,1,1,7,,47.86904,7.09507
201400006582,1,7,14,12,1,68,334,2,1,1,6,"11, rue du Rhin",47.82756,7.08096
201400006583,19,7,14,13,1,68,106,1,1,1,3,,47.86681,7.12167
201400006584,6,9,14,10,1,68,315,1,1,1,7,,47.89162,7.11265
201400006585,17,9,14,20,3,68,106,1,1,1,7,,47.88257,7.08069
201400006586,20,1,14,4,5,68,63,1,6,5,6,,47.79513,7.15837
201400006587,31,1,14,12,1,68,63,2,1,1,6,rue de wittelsheim,47.80304,7.17851
201400006588,1,4,14,14,1,68,63,2,1,1,3,41 rue des Fabriques,47.80921,7.18458
201400006589,17,7,14,18,1,68,63,1,9,1,2,,47.80403,7.19174
201400006590,20,10,14,17,1,68,63,2,1,1,6,rue raymond poincar?,0.0,0.0
201400006591,20,3,14,12,1,68,292,1,1,1,3,,47.87597,7.02285
201400006592,23,4,14,11,1,68,217,2,1,1,3,GENERAL DE GAULLE 59,47.86083,7.04864
201400006593,17,5,14,16,1,68,171,1,1,1,6,,47.95447,6.96131
201400006594,25,5,14,9,1,68,262,1,1,1,1,,47.91409,7.04401
201400006595,24,5,14,13,1,68,247,1,1,1,7,,47.94779,6.99564
201400006596,29,5,14,16,1,68,171,1,1,8,1,,47.97312,6.98797
201400006597,2,7,14,21,1,68,292,1,8,1,3,,47.87733,7.01232
201400006598,10,8,14,11,1,68,171,1,1,8,6,,47.95539,6.98866
201400006599,27,9,14,20,5,68,89,2,1,1,2,90 Grand Rue,47.89788,6.98226
201400006600,8,10,14,12,1,68,217,1,1,8,6,,47.86993,7.05677
201400006601,3,11,14,14,1,68,89,2,3,2,3,Rue du G?n?ral de Gaulle,47.86044,7.04914
201400006602,2,12,14,16,1,68,217,2,1,2,6,56 rue du Gal de Gaulle,47.86074,7.04871
201400006603,8,1,14,14,1,68,201,2,3,1,3,rue de Mulhouse,47.77029,7.00386
201400006604,6,9,14,14,1,68,307,1,1,8,3,,47.81094,6.89515
201400006605,7,1,14,18,3,51,548,1,1,1,1,D3,0.0,0.0
201400006606,18,1,14,11,1,51,149,2,3,1,4,D60/CHEMIN DES VIGNES,0.0,0.0
201400006607,23,1,14,18,3,51,161,1,1,2,5,D37,0.0,0.0
201400006608,8,4,14,16,1,51,259,1,2,1,3,D54/VC,0.0,0.0
201400006609,14,6,14,18,1,51,617,1,3,1,1,N44,0.0,0.0
201400006610,17,7,14,14,1,51,354,2,1,1,6,D79,0.0,0.0
201400006611,11,9,14,18,1,51,482,1,1,1,1,D280,0.0,0.0
201400006612,14,9,14,16,1,51,244,1,1,1,3,D4,0.0,0.0
201400006613,19,9,14,1,3,51,227,1,1,1,6,D977,0.0,0.0
201400006614,7,1,14,15,1,51,559,1,1,1,6,D977,0.0,0.0
201400006615,17,1,14,7,2,51,476,1,1,2,6,D977,0.0,0.0
201400006616,28,2,14,20,2,51,546,1,1,1,5,D931,0.0,0.0
201400006617,2,6,14,7,1,51,599,1,1,1,5,D944,0.0,0.0
201400006618,6,6,14,15,1,51,559,2,1,1,2,D931,0.0,0.0
201400006619,25,6,14,9,1,51,388,2,1,1,1,Rue du 11 Novembre 1918,0.0,0.0
201400006620,17,10,14,10,1,51,476,1,1,1,5,D977,0.0,0.0
201400006621,14,11,14,17,3,51,559,2,7,2,6,D977,0.0,0.0
201400006622,11,12,14,7,2,51,559,2,1,2,1,D977,0.0,0.0
201400006623,16,12,14,17,5,51,388,2,3,9,3,D19/D21,0.0,0.0
201400006624,28,3,14,12,1,51,612,2,1,1,6,D9,0.0,0.0
201400006625,6,5,14,10,1,51,342,2,2,2,3,D40/RUE DU CHATEAU,0.0,0.0
201400006626,30,5,14,17,1,51,49,1,2,1,3,LA NOUE PLATET,0.0,0.0
201400006627,2,6,14,8,1,51,434,1,2,1,3,D3/BRETELLE,0.0,0.0
201400006628,26,7,14,17,1,51,612,2,1,1,2,D36,0.0,0.0
201400006629,18,9,14,18,1,51,239,1,3,1,1,D40/VC,0.0,0.0
201400006630,15,10,14,16,1,51,93,1,1,2,5,D951,0.0,0.0
201400006631,21,2,14,22,5,51,217,2,1,1,7,D3,0.0,0.0
201400006632,25,2,14,19,2,51,346,1,1,1,6,D423,0.0,0.0
201400006633,7,3,14,16,1,51,425,2,1,1,3,D980,0.0,0.0
201400006634,8,3,14,20,3,51,425,1,1,1,6,D980,0.0,0.0
201400006635,4,5,14,19,1,51,76,1,1,1,7,D3,0.0,0.0
201400006636,21,6,14,12,1,51,414,1,2,1,3,D980,0.0,0.0
201400006637,22,6,14,11,1,51,136,1,2,1,3,D24/VC,0.0,0.0
201400006638,26,9,14,17,2,51,585,2,2,5,2,D3/RUE DE CHAMPAGNE,0.0,0.0
201400006639,15,10,14,18,1,51,585,2,1,2,2,D3,0.0,0.0
201400006640,6,11,14,4,3,51,320,1,1,1,6,D23,0.0,0.0
201400006641,7,11,14,17,5,51,136,2,1,1,1,RUE DE MONTIGNY,0.0,0.0
201400006642,25,12,14,23,5,51,425,2,2,1,1,D980/R. DU POINT DU JOUR,0.0,0.0
201400006643,2,1,14,17,3,51,241,1,1,8,6,D43,0.0,0.0
201400006644,5,6,14,15,1,51,99,1,2,1,3,D80/VC,0.0,0.0
201400006645,2,9,14,14,1,51,165,2,1,1,6,RUE DE LA GARE,0.0,0.0
201400006646,29,9,14,8,1,51,90,1,2,1,3,D39/VC,0.0,0.0
201400006647,13,10,14,8,1,51,276,1,1,1,1,D43,0.0,0.0
201400006648,20,10,14,11,1,51,412,1,1,1,7,D5,0.0,0.0
201400006649,9,12,14,17,3,51,99,1,1,2,6,D977,0.0,0.0
201400006650,21,1,14,8,2,51,380,2,1,5,2,D933,0.0,0.0
201400006651,6,4,14,12,1,51,113,1,2,1,3,D42/D933,0.0,0.0
201400006652,26,4,14,6,2,51,50,1,1,5,7,D373,0.0,0.0
201400006653,12,5,14,6,2,51,50,1,1,1,3,D373,0.0,0.0
201400006654,18,5,14,14,1,51,380,1,1,1,6,D373,0.0,0.0
201400006655,25,6,14,14,1,51,345,1,1,1,6,D11,0.0,0.0
201400006656,26,6,14,13,1,51,380,2,2,1,5,D933/D23,0.0,0.0
201400006657,3,8,14,9,1,51,345,1,1,1,6,D11,0.0,0.0
201400006658,3,10,14,20,3,51,596,1,1,1,2,D933,0.0,0.0
201400006659,24,1,14,5,5,51,492,1,1,2,6,D440,0.0,0.0
201400006660,30,1,14,17,1,51,353,1,1,1,7,D5,0.0,0.0
201400006661,28,3,14,7,1,51,432,1,2,1,3,D53/D5,0.0,0.0
201400006662,4,4,14,10,1,51,535,2,3,1,6,D373/ R. DU PETIT ETANG,0.0,0.0
201400006663,20,4,14,22,3,51,258,1,1,1,6,D49,0.0,0.0
201400006664,26,4,14,8,1,51,492,1,1,1,2,D82,0.0,0.0
201400006665,14,5,14,0,3,51,492,2,1,1,6,D440,0.0,0.0
201400006666,29,5,14,9,1,51,162,2,1,1,1,D51,0.0,0.0
201400006667,20,6,14,15,1,51,254,1,1,1,1,CV2,0.0,0.0
201400006668,23,9,14,17,1,51,9,1,3,1,1,D373/LA FOSSE AUX LOUPS,0.0,0.0
201400006669,24,10,14,23,3,51,323,1,3,1,3,N4/VC,0.0,0.0
201400006670,16,11,14,5,3,51,162,1,1,2,7,D48,0.0,0.0
201400006671,2,12,14,22,3,51,237,1,1,2,2,N4,0.0,0.0
201400006672,6,12,14,9,1,51,313,1,2,1,3,D951/D346,0.0,0.0
201400006673,3,11,14,15,1,51,85,1,1,2,6,D23,0.0,0.0
201400006674,18,11,14,10,1,51,585,1,1,2,1,D3,0.0,0.0
201400006675,19,6,14,14,1,51,448,1,1,1,6,D575,0.0,0.0
201400006676,14,7,14,18,1,51,250,1,1,1,1,N31,0.0,0.0
201400006677,10,8,14,10,1,51,250,2,1,1,6,PLACE DE HOTEL DE VILLE,0.0,0.0
201400006678,13,9,14,5,3,51,86,1,1,1,6,N31,0.0,0.0
201400006679,21,9,14,5,2,51,308,1,1,2,5,N31,0.0,0.0
201400006680,20,9,14,18,1,51,591,1,1,1,6,N31,0.0,0.0
201400006681,4,10,14,18,1,51,37,2,1,1,6,R. DE LA VIGNE DU MAIRE,0.0,0.0
201400006682,9,10,14,9,1,51,250,1,1,2,1,N31,0.0,0.0
201400006683,17,10,14,7,3,51,337,1,1,2,3,N31,0.0,0.0
201400006684,26,1,14,8,2,51,532,1,1,1,1,D951,0.0,0.0
201400006685,27,4,14,6,2,51,418,1,1,1,5,D980,0.0,0.0
201400006686,5,5,14,17,1,51,111,1,1,1,1,D980,0.0,0.0
201400006687,25,6,14,17,1,51,245,2,3,1,3,D386/RUE DES SORBIERS,0.0,0.0
201400006688,29,6,14,17,1,51,282,1,1,2,6,D27,0.0,0.0
201400006689,8,7,14,17,1,51,282,1,1,1,1,D27,0.0,0.0
201400006690,10,7,14,7,1,51,479,1,1,2,7,D980,0.0,0.0
201400006691,19,7,14,10,1,51,282,1,1,1,2,D27,0.0,0.0
201400006692,9,8,14,19,1,51,51,1,1,1,6,D430,0.0,0.0
201400006693,19,8,14,15,1,51,479,1,1,1,6,D980,0.0,0.0
201400006694,2,9,14,17,1,51,422,1,2,1,3,D980/VC,0.0,0.0
201400006695,5,5,14,12,1,51,643,1,2,1,3,D951/D11,0.0,0.0
201400006696,16,5,14,21,2,51,210,1,1,1,7,D251,0.0,0.0
201400006697,12,9,14,15,1,51,576,1,2,1,2,D19,0.0,0.0
201400006698,28,3,14,16,1,51,649,2,1,1,3,D982,0.0,0.0
201400006699,14,5,14,13,1,51,557,1,2,8,3,N44/VC,0.0,0.0
201400006700,22,6,14,4,3,51,184,1,8,1,7,D14,0.0,0.0
201400006701,2,8,14,8,1,51,295,1,1,1,6,D14,0.0,0.0
201400006702,17,9,14,13,1,51,141,1,1,1,6,N44,0.0,0.0
201400006703,20,9,14,12,1,51,433,1,3,1,7,D995/CV,0.0,0.0
201400006704,4,11,14,14,1,51,352,1,1,2,1,N4,0.0,0.0
201400006705,16,11,14,15,1,51,156,2,2,2,3,D13/D213,0.0,0.0
201400006706,1,12,14,12,1,51,649,2,6,1,6,D982,0.0,0.0
201400006707,6,12,14,18,5,51,262,2,6,1,6,AVENUE DE CHAMPAGNE,0.0,0.0
201400006708,27,12,14,10,1,51,649,2,2,2,6,RUE DU PASSAGE SUPERIEUR,0.0,0.0
201400006709,11,5,14,18,1,51,269,1,3,7,3,D13/RUE DU LAC,0.0,0.0
201400006710,20,1,14,18,3,51,590,1,1,2,7,D982,0.0,0.0
201400006711,13,4,14,15,1,51,135,1,1,1,7,ROUTE DE CHATILLON,0.0,0.0
201400006712,24,5,14,16,1,51,270,1,1,1,7,D396,0.0,0.0
201400006713,8,6,14,17,1,51,80,1,2,7,3,D55/D396,0.0,0.0
201400006714,13,6,14,22,3,51,455,1,1,1,7,D58,0.0,0.0
201400006715,27,6,14,12,1,51,66,2,2,1,3,R DU PT DE LA NOUE/SNCF,0.0,0.0
201400006716,18,8,14,12,1,51,590,1,1,2,1,D982,0.0,0.0
201400006717,18,10,14,19,3,51,290,2,1,1,1,D14,0.0,0.0
201400006718,19,10,14,20,3,51,66,1,1,1,6,D396,0.0,0.0
201400006719,21,10,14,18,1,51,373,1,2,8,3,D13/D58,0.0,0.0
201400006720,29,12,14,17,3,51,417,1,1,9,7,D60,0.0,0.0
201400006721,18,3,14,14,1,51,228,1,3,1,3,D73/D982,0.0,0.0
201400006722,28,7,14,18,1,51,138,1,1,2,1,D982,0.0,0.0
201400006723,6,8,14,16,1,51,399,1,1,2,6,D982,0.0,0.0
201400006724,19,9,14,19,3,51,399,1,1,1,7,D982,0.0,0.0
201400006725,29,11,14,5,4,80,180,1,1,8,1,,49.7176,4.71228
201400006726,12,3,14,16,1,80,284,1,1,1,6,,0.0,0.0
201400006727,16,3,14,9,1,80,429,2,1,7,6,RUE DU METIER,49.8105,4.56517
201400006728,25,3,14,7,2,80,460,2,6,8,6,,49.846,4.50746
201400006729,13,1,14,18,5,80,185,2,1,3,4,110 avenue Jean-Jaur?s,49.994,4.701
201400006730,18,2,14,8,1,80,304,1,1,1,5,,0.0,0.0
201400006731,8,1,14,10,1,80,190,1,1,1,6,,50.1329,4.81032
201400006732,26,1,14,16,1,80,289,2,3,1,3,,49.6791,5.15214
201400006733,28,1,14,10,1,80,43,1,1,1,3,,49.6845,4.97145
201400006734,24,2,14,16,1,80,145,2,1,1,3,"11, rue du Pont",49.671,5.045
201400006735,16,1,14,5,3,80,119,1,1,2,6,,0.0,0.0
201400006736,16,3,14,18,1,80,280,1,1,1,7,,0.0,0.0
201400006737,22,1,14,7,3,80,64,1,1,1,7,,49.489,4.395
201400006738,19,10,14,18,1,80,144,1,1,1,6,,49.5078,4.44473
201400006739,8,1,14,21,3,80,219,1,9,2,6,,49.5788,4.29878
201400006740,2,2,14,15,1,80,435,2,1,1,6,rue Joseph Dupuis,0.0,0.0
201400006741,5,3,14,20,5,80,107,2,2,1,1,71 RUE DE LA SOMMEVUE,49.532,4.25443
201400006742,24,3,14,14,1,80,413,2,1,1,6,19 RUE D 'EDIMBOURG,49.6131,4.20392
201400006743,16,4,14,7,1,10,425,1,1,1,6,,48.17092,4.02641
201400006744,7,9,14,17,1,10,18,2,1,1,2,rue du péage,48.11014,3.92057
201400006745,31,1,14,22,3,10,412,1,1,1,1,,0.0,0.0
201400006746,14,3,14,8,1,10,282,1,2,1,5,,48.38895,3.96879
201400006747,14,3,14,17,1,10,381,2,2,1,3,Rue du 11 Novembre 1918,48.27629,3.98425
201400006748,26,7,14,13,1,10,349,1,1,1,3,,48.33766,4.0156
201400006749,4,9,14,17,1,10,191,1,1,1,2,,48.33135,4.08846
201400006750,16,9,14,9,1,10,115,2,1,1,3,CHEMIN NEUF,48.33324,4.13316
201400006751,7,11,14,19,3,10,352,1,1,1,2,,48.35042,4.10296
201400006752,24,12,14,19,3,10,349,1,1,2,2,,0.0,0.0
201400006753,6,6,14,8,1,10,240,1,3,1,1,,48.281,3.902
201400006754,30,5,14,13,1,10,240,1,1,1,6,,48.282,3.901
201400006755,23,7,14,9,1,10,417,1,1,1,2,,48.20838,3.75459