Num_Acc,jour,mois,an,hr,condition_eclairage,departement,commune,condition_agglomeration,intersection,condition_atmosphere,type_collision,adresse,lattitude,longitude
201400006756,27,7,14,17,1,10,319,1,1,1,6,,48.219,3.62
201400006757,11,8,14,22,5,10,37,2,1,1,6,26 rue d'estissac,48.214,3.891
201400006758,14,9,14,4,5,10,3,2,9,1,6,9 rue Schentzle,48.227,3.738
201400006759,29,11,14,20,3,10,350,1,1,1,7,,48.186,3.798
201400006760,9,12,14,7,2,10,142,2,1,9,1,,48.254,3.822
201400006761,12,1,14,13,1,10,238,1,9,1,6,,0.0,0.0
201400006762,29,1,14,16,1,10,332,1,1,2,1,,0.0,0.0
201400006763,25,3,14,12,1,10,210,1,1,1,1,,48.389,4.222
201400006764,9,6,14,17,1,10,61,2,2,1,3,rue de dienville,48.362,4.401
201400006765,21,6,14,11,1,10,209,1,1,1,3,,48.27742,4.25967
201400006766,22,6,14,14,1,10,61,1,1,1,7,,48.368,4.367
201400006767,26,6,14,15,1,10,14,2,2,1,3,,0.0,0.0
201400006768,5,7,14,18,1,10,19,1,2,3,3,,48.399,4.368
201400006769,14,7,14,5,2,10,162,1,1,1,7,,48.22706,4.23515
201400006770,10,8,14,5,2,10,375,1,1,2,1,,48.284,4.19299
201400006771,25,9,14,7,1,10,255,1,1,5,6,,48.21858,4.30739
201400006772,29,10,14,18,5,10,245,2,1,1,1,grande rue,48.261,4.199
201400006773,7,1,14,6,3,10,256,2,8,8,6,36 rue Champ Doulent,0.0,0.0
201400006774,7,1,14,17,2,10,401,2,1,1,6,,48.23782,4.46712
201400006775,9,3,14,17,1,10,33,1,1,1,7,,48.27823,4.72568
201400006776,9,3,14,17,1,10,33,1,1,1,6,,48.25932,4.71882
201400006777,27,3,14,23,5,10,33,2,9,3,6,rue nationale,48.233,4.70688
201400006778,9,5,14,8,1,10,366,2,7,1,1,place saint brice,48.27765,4.83389
201400006779,26,5,14,9,1,10,440,1,1,1,1,,48.22588,4.75496
201400006780,10,6,14,15,1,10,33,2,1,1,6,Boulevard Victor Hugo,48.23223,4.70299
201400006781,22,8,14,21,3,10,32,1,1,1,6,,48.18366,4.71941
201400006782,14,10,14,18,1,10,215,1,1,1,6,,48.23531,4.51714
201400006783,26,1,14,11,1,10,63,1,1,1,1,,0.0,0.0
201400006784,19,2,14,16,1,10,193,1,1,1,6,,48.42834,4.43067
201400006785,7,4,14,18,1,10,175,2,3,1,1,RUE PRINCIPALE,48.505,4.384
201400006786,18,6,14,7,1,10,64,1,1,1,7,,48.413,4.559
201400006787,29,8,14,23,3,10,123,1,1,1,7,,48.359,4.534
201400006788,27,1,14,7,2,10,358,2,1,2,6,BOULEVARD DANIEL TRAINI,48.178,4.213
201400006789,2,3,14,20,5,10,34,2,1,1,6,rue du stade,48.11953,4.37341
201400006790,3,6,14,21,2,10,232,2,1,1,6,,48.09613,4.3876
201400006791,27,6,14,3,3,10,437,1,1,1,6,,48.14084,4.29766
201400006792,4,7,14,23,3,10,34,1,1,2,6,,48.136,4.392
201400006793,4,7,14,9,1,10,295,1,1,2,6,,48.07371,4.38418
201400006794,6,7,14,9,1,10,288,1,1,8,7,,47.98879,4.48462
201400006795,23,8,14,9,1,10,34,1,1,1,1,,48.11735,4.36716
201400006796,18,9,14,3,3,10,141,1,1,2,7,,48.06794,4.53018
201400006797,23,9,14,7,1,10,34,2,6,5,6,Route Départementale 443,48.11671,4.38588
201400006798,18,10,14,10,1,10,34,2,1,1,3,RD 671,48.108,4.378
201400006799,19,10,14,6,3,10,232,2,1,1,6,,48.102,4.39
201400006800,23,10,14,19,5,10,97,1,1,2,7,,48.129,4.491
201400006801,26,4,14,1,3,10,254,1,1,1,6,,48.58174,3.52367
201400006802,15,5,14,9,1,10,367,1,1,1,7,,48.53826,3.53347
201400006803,29,6,14,4,3,10,259,1,1,2,6,,48.47511,3.47026
201400006804,3,8,14,13,1,10,106,1,1,1,5,,48.4633,3.42851
201400006805,27,9,14,20,3,10,410,1,1,1,7,,48.31172,3.67347
201400006806,13,10,14,17,1,10,224,2,1,1,1,25 rue georges clemencea,48.40403,3.73362
201400006807,26,11,14,20,3,10,268,1,1,5,1,,48.51355,3.4891
201400006808,16,6,14,7,1,10,334,1,1,1,5,,48.49624,3.53452
201400006809,12,1,14,13,1,52,114,2,4,1,3,rue soeur h?l?ne,48.03528,4.92026
201400006810,16,3,14,14,1,52,274,1,2,7,3,,47.98104,4.8939
201400006811,25,5,14,4,3,52,421,1,1,1,6,,48.16999,5.13933
201400006812,23,8,14,12,1,52,272,1,2,1,3,,48.02387,4.78268
201400006813,29,8,14,17,1,52,114,1,1,1,7,,48.02078,5.03088
201400006814,14,10,14,16,1,52,114,2,1,1,6,27 rue du Collège,48.02794,4.91538
201400006815,4,5,14,6,2,52,247,1,1,1,7,,48.2144,5.54899
201400006816,20,10,14,8,1,52,61,1,1,1,6,,48.13864,5.29222
201400006817,15,12,14,20,3,52,8,1,1,2,6,,48.25548,5.28262
201400006818,22,1,14,18,3,52,248,1,3,5,1,,48.01832,5.47806
201400006819,21,2,14,0,3,52,50,1,1,1,1,,48.07605,5.31456
201400006820,9,3,14,17,1,52,459,1,1,1,1,,48.06039,5.31747
201400006821,25,5,14,18,1,52,248,1,1,1,3,,48.0171,5.47849
201400006822,15,6,14,13,1,52,25,1,1,7,1,,48.1062,5.51083
201400006823,16,2,14,16,1,52,253,1,1,1,6,,48.18053,4.98478
201400006824,9,3,14,18,2,52,548,1,1,1,7,,48.24063,5.11669
201400006825,3,7,14,22,2,52,434,2,1,1,1,,48.21345,5.14511
201400006826,21,11,14,11,1,52,141,1,1,1,7,,48.13873,5.13319
201400006827,11,12,14,19,3,52,260,1,1,2,5,,48.21184,5.12442
201400006828,1,1,14,17,2,52,36,2,1,8,1,RUE SAINT MOILE,47.82076,5.37612
201400006829,25,1,14,8,3,52,269,1,1,1,7,mis milieu,47.8575,5.35958
201400006830,8,2,14,19,3,52,269,2,1,2,6,Rue du 08 mai 1945/milie,47.8596,5.33101
201400006831,18,3,14,19,2,52,207,1,1,1,7,,47.95563,5.4612
201400006832,2,4,14,18,1,52,270,1,1,1,1,,47.94737,5.33915
201400006833,20,4,14,8,1,52,307,1,1,1,6,,47.91482,5.20498
201400006834,6,5,14,17,1,52,37,1,1,1,7,,47.91278,5.40168
201400006835,10,6,14,14,1,52,269,1,1,1,1,,47.83749,5.37262
201400006836,16,6,14,15,1,52,453,1,1,1,4,,47.8494,5.41684
201400006837,11,7,14,12,1,52,115,1,1,8,1,,47.85837,5.38955
201400006838,15,7,14,15,1,52,380,1,1,1,5,,47.88522,5.35576
201400006839,29,7,14,20,1,52,348,2,1,2,6,rue de  l'est,47.91672,5.44368
201400006840,19,8,14,18,1,52,449,1,1,1,3,,47.82998,5.33824
201400006841,7,9,14,5,3,52,106,1,1,1,7,,47.91765,5.2902
201400006842,14,9,14,19,1,52,269,2,1,1,6,Chemin cadastr? sans nom,47.85177,5.33504
201400006843,13,11,14,16,1,52,269,2,1,1,2,avenue de Neufch?teau,47.87258,5.33191
201400006844,14,12,14,20,3,52,42,2,1,5,7,CD 3,47.90272,5.24602
201400006845,16,12,14,6,3,52,115,1,1,2,3,,47.85685,5.3751
201400006846,18,12,14,17,5,52,269,2,1,2,6,18 boulevard mar?chal de,47.85956,5.331
201400006847,20,12,14,6,5,52,269,2,1,2,6,299 rue des Auges,47.85692,5.33586
201400006848,13,4,14,5,3,52,208,1,1,1,6,,47.91845,5.83219
201400006849,1,11,14,15,1,52,208,1,1,1,2,,47.93031,5.83365
201400006850,25,1,14,13,1,52,93,1,1,1,6,,47.81909,5.4073
201400006851,2,2,14,5,5,52,119,1,1,1,7,,47.81708,5.49355
201400006852,21,2,14,18,3,52,257,1,1,1,3,mis 1er carrefour,47.83363,5.69209
201400006853,25,7,14,13,1,52,93,1,1,1,3,,47.80345,5.39995
201400006854,26,9,14,15,1,52,119,1,1,1,6,,47.81478,5.50552
201400006855,28,1,14,7,3,52,62,1,1,5,1,,47.80388,5.31785
201400006856,26,4,14,9,1,52,292,1,1,1,2,,47.75595,5.30764
201400006857,24,6,14,14,1,52,529,1,1,7,3,,47.72866,5.3079
201400006858,12,1,14,9,1,52,265,2,1,9,7,RUE DE LA GARE,48.55042,5.07457
201400006859,14,2,14,3,3,52,203,1,1,1,6,,48.54801,5.09698
201400006860,8,3,14,6,2,52,265,1,1,1,1,,48.54577,5.07354
201400006861,6,7,14,20,1,52,182,1,1,8,6,,48.53845,4.82193
201400006862,28,3,14,2,4,52,456,2,1,1,6,RD181,48.39839,5.17874
201400006863,16,4,14,17,1,52,250,2,9,1,6,Rue Diderot,48.44055,5.13834
201400006864,6,6,14,16,1,52,512,1,1,1,1,,48.46208,5.1291
201400006865,7,6,14,15,1,52,175,2,1,1,1,Route de doulaincourt,48.36618,5.15488
201400006866,10,8,14,4,3,52,118,1,1,1,5,,48.48747,5.1123
201400006867,13,8,14,10,1,52,118,1,1,2,6,,48.49238,5.12568
201400006868,26,10,14,2,3,52,212,1,1,1,3,,48.41663,5.14979
201400006869,19,4,14,17,1,52,550,1,1,1,7,,48.50228,4.92757
201400006870,4,6,14,17,1,52,550,2,2,1,3,Rue des Rempart,48.501,4.94998
201400006871,28,6,14,0,3,52,331,1,1,1,6,,48.47871,4.78831
201400006872,6,8,14,19,1,52,550,2,1,8,6,rue du 24 aout,48.51262,4.91964
201400006873,29,9,14,11,1,52,532,1,1,1,1,,48.53992,4.98196
201400006874,21,12,14,10,1,52,391,1,1,8,1,,48.50927,4.79712
201400006875,28,8,14,10,1,21,107,1,1,1,2,,47.408,5.117
201400006876,20,9,14,23,3,21,535,2,1,2,6,avenue de la gare,47.374,5.081
201400006877,14,11,14,14,1,21,555,1,1,2,1,,47.4,5.128
201400006878,2,12,14,19,3,21,535,1,3,1,1,,47.369,5.074
201400006879,14,1,14,16,1,21,38,2,1,8,3,Croix des Sarrazins,0.0,0.0
201400006880,5,4,14,11,1,21,38,2,1,1,6,26 RUE JEAN VACHON,0.0,0.0
201400006881,10,5,14,19,2,21,28,1,1,2,7,,47.227,5.377
201400006882,23,5,14,22,1,21,38,2,1,1,1,32 route de labergement,47.188,5.387
201400006883,28,11,14,16,1,21,38,2,1,1,6,36 grande rue,0.0,0.0
201400006884,10,1,14,11,1,21,292,2,1,1,6,rue Pasteur,47.246,5.227
201400006885,15,3,14,12,1,21,353,2,1,1,6,ROUTE DE DIJON,0.0,0.0
201400006886,5,4,14,20,2,21,5,1,1,1,7,,47.169,5.171
201400006887,23,6,14,11,1,21,5,1,1,1,3,,47.171,5.168
201400006888,5,8,14,7,1,21,106,1,1,1,1,,47.235,5.122
201400006889,13,12,14,23,5,21,292,2,1,2,2,AVENUE GENERAL DE GAULLE,0.0,0.0
201400006890,28,3,14,19,2,21,458,2,6,1,3,Route de Dijon,0.0,0.0
201400006891,15,8,14,12,1,21,295,1,1,1,3,,47.234,4.973
201400006892,30,8,14,18,1,21,295,2,2,1,3,rue LAVAUX - Rue PUJOL,47.233,4.967
201400006893,22,9,14,17,1,21,585,1,3,1,3,,47.205,5.082
201400006894,29,10,14,13,1,21,295,1,1,1,3,,47.22292,4.95081
201400006895,27,11,14,18,5,21,263,2,1,1,6,RD 996,47.23108,5.06247
201400006896,9,12,14,15,1,21,585,2,3,1,3,,47.22,5.089
201400006897,30,1,14,8,1,21,416,1,1,1,1,,47.386,5.294
201400006898,16,3,14,14,1,21,467,1,1,1,1,,47.409,5.347
201400006899,26,9,14,13,1,21,369,2,1,1,1,9 route de Dijon,47.384,5.247
201400006900,23,12,14,23,3,21,482,1,1,5,7,,47.296,5.475
201400006901,18,1,14,14,1,21,317,1,1,1,7,,0.0,0.0
201400006902,14,3,14,15,1,21,211,1,2,1,3,,0.0,0.0
201400006903,19,4,14,18,1,21,317,2,1,1,6,Rue Fran?ois Miterrand,0.0,0.0
201400006904,26,5,14,22,3,21,599,1,1,1,6,,0.0,0.0
201400006905,28,5,14,19,1,21,579,1,1,1,6,,0.0,0.0
201400006906,19,6,14,15,1,21,391,1,1,7,1,,0.0,0.0
201400006907,28,6,14,11,1,21,579,1,1,1,7,,47.6,4.878
201400006908,28,8,14,21,3,21,620,1,1,2,7,,0.0,0.0
201400006909,30,8,14,12,1,21,383,2,1,1,3,avenue de la gare,0.0,0.0
201400006910,8,10,14,13,1,21,317,1,1,1,7,,0.0,0.0
201400006911,29,11,14,17,2,21,317,2,1,1,3,rue Francois Mitterand,47.52581,5.11322
201400006912,11,12,14,10,1,21,385,1,9,1,7,,0.0,0.0
201400006913,9,1,14,14,1,21,534,2,2,1,3,rue des viaux,0.0,0.0
201400006914,24,1,14,17,1,21,397,1,1,1,5,,47.07,4.764
201400006915,7,2,14,11,1,21,582,2,1,8,6,route de saint jean,0.0,0.0
201400006916,14,3,14,21,3,21,527,1,1,1,1,,46.948,4.67
201400006917,22,3,14,11,1,21,527,1,1,8,3,,46.954,4.673
201400006918,16,4,14,15,1,21,712,1,1,1,6,,47.007,4.79
201400006919,23,5,14,16,1,21,534,1,1,1,3,,47.015,4.934
201400006920,31,5,14,13,1,21,412,2,3,1,3,rue de la gare,0.0,0.0
201400006921,23,6,14,13,1,21,616,1,1,1,3,,46.971,4.808
201400006922,16,7,14,15,1,21,606,2,1,1,6,ROUTE DE DIJON,47.071,4.893
201400006923,16,7,14,18,1,21,590,1,1,1,3,,47.061,4.84
201400006924,4,9,14,17,1,21,99,1,1,1,7,,47.053,4.776
201400006925,4,9,14,19,1,21,616,1,2,1,3,,46.974,4.818
201400006926,12,9,14,19,1,21,636,1,1,1,1,,47.027,4.554
201400006927,18,9,14,9,1,21,606,2,2,1,1,RD974,47.083,4.89
201400006928,18,9,14,15,1,21,541,1,1,1,3,,46.957,4.72
201400006929,20,10,14,0,3,21,318,1,1,1,3,,47.031,4.645
201400006930,20,10,14,7,2,21,684,1,1,5,1,,0.0,0.0
201400006931,27,10,14,21,5,21,412,2,1,1,6,RD 974,46.958,4.766
201400006932,2,11,14,0,3,21,636,1,1,5,1,,47.025,4.519
201400006933,9,11,14,1,3,21,712,1,1,1,6,,47.002,4.796
201400006934,13,1,14,8,2,21,128,1,1,2,1,,47.278,4.491
201400006935,24,5,14,9,1,21,244,1,1,1,6,,47.302,4.514
201400006936,10,2,14,7,3,21,564,1,1,3,3,,47.122,5.062
201400006937,20,2,14,7,1,21,464,2,1,1,3,route de dijon,0.0,0.0
201400006938,26,2,14,12,1,21,186,1,1,8,1,,47.115,4.887
201400006939,12,3,14,7,1,21,517,1,2,7,3,,47.12,4.976
201400006940,16,11,14,15,1,21,384,1,1,2,1,,0.0,0.0
201400006941,23,11,14,0,3,21,407,1,1,5,6,,47.16,4.883
201400006942,19,8,14,20,1,21,131,2,1,1,1,1 route de seurre,0.0,0.0
201400006943,20,2,14,18,1,21,378,1,1,1,6,,0.0,0.0
201400006944,5,5,14,15,1,21,511,1,1,1,3,,47.739,4.473
201400006945,14,8,14,0,3,21,104,1,1,1,7,,0.0,0.0
201400006946,25,10,14,15,1,21,336,1,1,1,6,,0.0,0.0
201400006947,16,4,14,8,1,21,415,1,2,1,3,,47.675,4.849
201400006948,20,1,14,18,3,21,641,1,1,2,5,,0.0,0.0
201400006949,30,9,14,22,3,21,247,1,1,1,6,,0.0,0.0
201400006950,27,9,14,15,1,21,537,1,1,1,7,,47.379,4.563
201400006951,3,4,14,10,1,21,584,1,3,8,3,,47.285,4.192
201400006952,8,6,14,5,2,21,434,1,1,1,6,,47.363,4.285
201400006953,30,6,14,8,1,21,232,2,1,7,1,,47.404,4.232
201400006954,27,7,14,6,2,21,675,2,1,1,6,,47.165,4.328
201400006955,23,8,14,15,1,21,629,1,1,1,3,,47.263,4.297
201400006956,1,9,14,8,1,21,177,1,1,1,1,,47.414,4.449
201400006957,6,9,14,11,1,21,101,1,1,1,6,,47.417,4.414
201400006958,17,1,14,16,1,21,238,1,1,7,1,,47.291,4.695
201400006959,23,5,14,19,1,21,310,1,1,8,6,,47.361,4.572
201400006960,17,1,14,13,1,58,55,1,1,1,1,,0.0,0.0
201400006961,7,2,14,19,3,58,245,1,1,1,3,,0.0,0.0
201400006962,17,4,14,16,1,58,95,2,4,1,1,rue du mar?chal foch,0.0,0.0
201400006963,16,5,14,8,1,58,95,1,1,1,2,,0.0,0.0
201400006964,5,7,14,0,3,58,291,2,1,1,7,rd 194,0.0,0.0
201400006965,24,7,14,8,1,58,241,1,1,1,1,,0.0,0.0
201400006966,9,8,14,11,1,58,95,2,1,1,6,78 route de Moulins,0.0,0.0
201400006967,22,8,14,6,1,58,55,1,1,1,6,,0.0,0.0
201400006968,22,9,14,11,1,58,151,1,1,1,6,,0.0,0.0
201400006969,20,10,14,16,1,58,241,1,1,1,6,,0.0,0.0
201400006970,28,10,14,16,1,58,118,1,1,1,6,,0.0,0.0
201400006971,10,11,14,11,1,58,95,2,1,1,6,Pont de la vieille Loire,0.0,0.0
201400006972,13,12,14,11,1,58,95,2,1,1,3,charrin: route de geneve,0.0,0.0
201400006973,8,2,14,15,1,58,117,2,1,8,2,ROUTE DE NEVERS,0.0,0.0
201400006974,18,3,14,16,1,58,117,2,6,1,6,rue chayet,0.0,0.0
201400006975,10,4,14,7,1,58,117,1,1,7,3,,0.0,0.0
201400006976,22,5,14,19,1,58,117,2,1,1,3,rue maurice thorez,0.0,0.0
201400006977,30,5,14,8,1,58,117,1,1,1,1,,0.0,0.0
201400006978,18,11,14,10,2,58,51,2,1,8,1,,0.0,0.0
201400006979,8,3,14,15,1,58,119,1,1,1,7,,0.0,0.0
201400006980,17,7,14,11,1,58,273,1,1,1,1,,0.0,0.0
201400006981,19,9,14,14,1,58,72,1,1,2,6,,0.0,0.0
201400006982,1,2,14,20,3,58,264,1,1,2,4,,46.767,3.139
201400006983,7,2,14,15,1,58,293,1,1,1,3,,46.719,3.401
201400006984,10,4,14,7,2,58,260,1,1,1,2,,0.0,0.0
201400006985,10,4,14,8,2,58,152,1,1,1,3,,0.0,0.0
201400006986,24,4,14,19,1,58,260,1,1,1,6,,0.0,0.0
201400006987,27,4,14,20,2,58,104,1,1,8,6,,0.0,0.0
201400006988,4,6,14,15,1,58,264,1,1,1,1,,0.0,0.0
201400006989,12,6,14,13,1,58,293,1,1,1,3,,0.0,0.0
201400006990,2,7,14,13,1,58,144,1,1,1,2,,0.0,0.0
201400006991,29,8,14,23,3,58,260,1,1,1,1,,0.0,0.0
201400006992,7,9,14,4,3,58,260,1,1,1,7,,0.0,0.0
201400006993,22,2,14,20,3,58,285,1,1,2,7,,0.0,0.0
201400006994,27,2,14,10,1,58,267,1,1,2,3,,0.0,0.0
201400006995,9,8,14,8,1,58,233,1,1,1,6,,0.0,0.0
201400006996,29,8,14,16,1,58,171,1,1,1,6,,0.0,0.0
201400006997,6,9,14,10,1,58,107,1,1,1,7,,0.0,0.0
201400006998,20,9,14,22,3,58,92,1,1,1,7,,0.0,0.0
201400006999,31,10,14,11,1,58,92,1,1,1,6,,0.0,0.0
201400007000,21,11,14,13,1,58,70,1,1,1,6,,0.0,0.0
201400007001,7,6,14,10,1,58,276,1,1,1,7,,0.0,0.0
201400007002,15,3,14,14,1,58,165,1,1,1,3,,0.0,0.0
201400007003,23,1,14,15,1,58,83,2,1,8,6,Avenue SAINT JEAN,0.0,0.0
201400007004,3,5,14,12,1,58,305,1,1,1,7,,0.0,0.0
201400007005,18,5,14,10,1,58,145,1,1,1,7,,0.0,0.0
201400007006,18,5,14,17,1,58,75,2,1,1,7,route de Nevers,0.0,0.0
201400007007,20,8,14,15,1,58,83,1,2,1,1,,0.0,0.0
201400007008,6,9,14,16,1,58,106,1,1,1,6,,0.0,0.0
201400007009,8,11,14,18,3,58,47,1,1,8,7,,47.204,3.736
201400007010,30,11,14,10,1,58,47,1,1,1,6,,0.0,0.0
201400007011,1,1,14,16,1,58,7,1,1,1,6,,0.0,0.0
201400007012,15,6,14,19,1,58,86,2,1,1,6,ROUTE DE VILLEPREVOIR,0.0,0.0
201400007013,17,6,14,21,2,58,86,1,1,1,6,,0.0,0.0
201400007014,22,8,14,22,3,58,86,1,1,1,7,,0.0,0.0
201400007015,22,11,14,16,1,58,86,2,1,1,6,45 marechal le clerc,0.0,0.0
201400007016,10,12,14,18,3,58,86,1,1,9,5,,0.0,0.0
201400007017,9,12,14,17,3,58,77,1,1,1,6,,0.0,0.0
201400007018,2,1,14,18,5,58,59,2,3,1,3,Quai Mar?chal Foch,0.0,0.0
201400007019,6,1,14,18,3,58,215,1,1,8,6,,0.0,0.0
201400007020,1,5,14,19,1,58,215,1,1,1,6,,0.0,0.0
201400007021,30,6,14,10,1,58,302,1,1,1,1,,0.0,0.0
201400007022,2,7,14,0,3,58,164,2,1,1,6,rue basse,0.0,0.0
201400007023,20,7,14,12,1,58,302,1,1,1,6,,0.0,0.0
201400007024,16,11,14,14,1,58,127,1,1,2,1,,47.367,3.593
201400007025,7,2,14,19,3,71,99,1,1,1,3,,46.3673,4.83465
201400007026,11,2,14,13,1,71,513,1,1,1,2,,46.39152,4.87374
201400007027,11,2,14,12,1,71,513,1,1,1,6,,46.3911,4.87359
201400007028,25,2,14,17,1,71,235,1,6,2,3,,46.35558,4.79471
201400007029,13,3,14,11,1,71,583,1,1,1,5,,0.0,0.0
201400007030,13,3,14,22,3,71,574,1,1,1,6,lapalue,46.36023,4.72907
201400007031,9,4,14,17,1,71,169,1,1,1,2,,0.0,0.0
201400007032,28,4,14,2,3,71,513,1,1,2,7,,0.0,0.0
201400007033,29,4,14,16,1,71,371,1,1,1,3,la grande burette,46.35096,4.76899
201400007034,1,6,14,3,3,71,525,1,1,1,6,,0.0,0.0
201400007035,6,6,14,5,5,71,448,1,1,1,1,,46.37059,4.8572
201400007036,25,9,14,10,1,71,371,1,1,8,4,,0.0,0.0
201400007037,14,9,14,22,3,71,150,1,9,1,1,,0.0,0.0
201400007038,10,10,14,17,1,71,385,1,1,3,6,,0.0,0.0
201400007039,25,10,14,22,4,71,90,2,1,1,1,Route de Julienas,0.0,0.0
201400007040,2,11,14,13,1,71,481,1,1,1,2,,0.0,0.0
201400007041,27,2,14,14,1,71,289,1,1,2,1,,0.0,0.0
201400007042,2,3,14,13,1,71,397,1,1,1,6,,46.39241,4.64139
201400007043,21,4,14,15,1,71,397,1,1,1,5,,46.38696,4.62104
201400007044,13,5,14,7,1,71,545,1,1,2,1,,0.0,0.0
201400007045,6,6,14,12,1,71,137,1,1,1,3,,0.0,0.0
201400007046,31,8,14,14,1,71,545,1,1,1,1,,0.0,0.0
201400007047,21,9,14,12,1,71,55,1,1,1,1,,0.0,0.0
201400007048,18,10,14,17,1,71,240,1,1,1,7,,46.41874,4.6381
201400007049,24,7,14,9,1,71,543,2,9,1,6,avenue de la resistance,46.56509,4.90455
201400007050,18,1,14,13,1,71,14,2,1,1,3,rue Nicephore Niepce,46.97233,4.30429
201400007051,12,2,14,7,2,71,10,1,1,9,7,,0.0,0.0
201400007052,9,3,14,16,1,71,14,1,1,1,7,les renaudiots,0.0,0.0
201400007053,6,4,14,21,3,71,14,1,1,1,6,,46.95866,4.27107
201400007054,8,4,14,12,1,71,15,1,1,1,6,,46.94816,4.42207
201400007055,16,4,14,16,1,71,14,2,1,1,6,rue henri dunant,46.95492,4.30453
201400007056,22,5,14,8,1,71,14,2,1,1,6,9 rue de Parpas,46.95158,4.29129
201400007057,25,6,14,16,1,71,162,1,1,1,1,,0.0,0.0
201400007058,30,8,14,17,1,71,368,1,1,1,5,,0.0,0.0
201400007059,28,9,14,11,1,71,14,2,1,1,6,boulevard mazagran,46.95403,4.30207
201400007060,24,10,14,14,1,71,14,2,1,1,1,19 rue saint antoine,46.94766,4.30162
201400007061,27,11,14,7,2,71,14,2,1,2,6,Avenue de La Republique,46.95448,4.29321
201400007062,16,4,14,17,1,71,223,1,1,1,7,,0.0,0.0
201400007063,7,9,14,14,1,71,223,1,1,1,1,,0.0,0.0
201400007064,18,10,14,11,1,71,407,1,1,1,7,,0.0,0.0
201400007065,6,11,14,7,3,71,251,1,1,5,1,,0.0,0.0
201400007066,17,6,14,11,1,71,442,1,1,1,3,,0.0,0.0
201400007067,16,11,14,0,3,71,378,1,1,8,7,,0.0,0.0
201400007068,4,7,14,17,1,71,102,1,1,2,6,,46.73828,4.79586
201400007069,27,8,14,17,1,71,216,2,1,1,3,le bourg,46.67156,4.60262
201400007070,8,12,14,23,5,71,269,2,1,1,6,ROUTE DE LYON,0.0,0.0
201400007071,3,2,14,5,3,71,3,2,1,1,1,route de Beaune,0.0,0.0
201400007072,7,4,14,9,1,71,398,1,1,1,2,,0.0,0.0
201400007073,5,5,14,18,1,71,336,1,1,1,7,,0.0,0.0
201400007074,22,6,14,21,3,71,138,1,1,1,6,,0.0,0.0
201400007075,28,6,14,13,1,71,336,1,1,1,1,,0.0,0.0
201400007076,23,7,14,10,1,71,456,2,1,1,1,17 rue de la republique,0.0,0.0
201400007077,2,10,14,13,1,71,4,2,1,1,3,CHEMIN  DE LA POUDRIERE,46.81525,4.94181
201400007078,5,11,14,8,1,71,420,2,1,8,4,78 route de louhans,46.70474,5.02712
201400007079,23,12,14,23,4,71,420,1,1,5,7,,46.68097,4.95488
201400007080,13,3,14,16,1,71,402,2,1,7,6,route de Chazaut,46.67777,4.89141
201400007081,18,4,14,17,1,71,283,2,1,1,2,RD6,46.7026,4.91782
201400007082,7,6,14,23,5,71,512,2,1,1,6,9 avenue du 4 septembre,46.6389,4.86919
201400007083,14,6,14,3,3,71,444,2,1,1,6,RD906,0.0,0.0
201400007084,23,7,14,17,1,71,512,1,1,1,2,,0.0,0.0
201400007085,21,11,14,18,5,71,512,2,1,1,1,15 rue des muriers,46.6411,4.86147
201400007086,15,4,14,14,1,71,571,1,1,1,1,,0.0,0.0
201400007087,11,8,14,9,1,71,564,1,1,1,7,,0.0,0.0
201400007088,16,4,14,8,1,71,120,2,1,7,6,33 Rue du 08 mai 1945,46.20814,4.33427
201400007089,14,6,14,8,1,71,120,2,1,7,6,33 rue du 08 mai 1945,46.20813,4.33434
201400007090,4,2,14,21,5,71,176,2,7,1,3,,46.48442,3.98755
201400007091,19,2,14,14,1,71,176,2,1,1,6,70 avenue DE GAULLE,46.48425,3.98739
201400007092,21,3,14,16,1,71,325,1,1,1,6,la varenne,46.4936,3.94239
201400007093,21,3,14,22,5,71,176,2,2,8,3,Avenue des Platanes,46.48346,3.98402