Num_Acc,jour,mois,an,hr,condition_eclairage,departement,commune,condition_agglomeration,intersection,condition_atmosphere,type_collision,adresse,lattitude,longitude
201400007094,16,6,14,14,1,71,229,1,1,7,7,,0.0,0.0
201400007095,24,6,14,14,1,71,176,1,1,1,3,,0.0,0.0
201400007096,30,6,14,14,1,71,176,2,1,1,6,place Hotel de ville,46.48191,3.97763
201400007097,22,8,14,9,1,71,325,2,1,1,1,le chateau,0.0,0.0
201400007098,16,11,14,17,1,71,176,1,1,1,6,,0.0,0.0
201400007099,16,12,14,23,5,71,176,2,1,1,6,route de roanne,0.0,0.0
201400007100,6,4,14,15,1,71,259,1,1,7,1,,46.24096,4.21118
201400007101,16,6,14,14,1,71,510,1,1,1,6,,0.0,0.0
201400007102,28,7,14,9,1,71,453,1,1,2,1,,0.0,0.0
201400007103,9,8,14,9,1,71,291,1,9,2,1,LAPILLONNE,46.18588,4.04938
201400007104,2,11,14,15,1,71,259,1,1,1,6,,0.0,0.0
201400007105,21,12,14,11,1,71,337,1,1,1,6,,0.0,0.0
201400007106,14,2,14,19,3,71,491,1,1,1,6,,46.41833,4.04302
201400007107,5,6,14,13,1,71,342,1,1,1,2,,0.0,0.0
201400007108,1,7,14,15,1,71,588,1,1,1,6,le cuveau,46.46089,4.03234
201400007109,27,9,14,11,1,71,342,1,1,1,3,,0.0,0.0
201400007110,30,10,14,9,3,71,590,1,1,5,1,,0.0,0.0
201400007111,20,12,14,17,5,71,342,2,1,1,6,zac du champ bossu,46.46788,4.11896
201400007112,8,1,14,22,5,71,47,2,2,1,1,route du fourneau,46.63003,3.72982
201400007113,3,2,14,14,1,71,317,1,3,1,3,,46.72473,4.08283
201400007114,11,3,14,16,1,71,155,2,1,1,1,route de Bourbon Lancy,0.0,0.0
201400007115,3,9,14,14,1,71,47,2,1,1,6,Avenue Ferdinand Sarrien,0.0,0.0
201400007116,24,9,14,16,1,71,47,2,6,1,1,rond-point Les Alouettes,0.0,0.0
201400007117,20,10,14,13,1,71,47,2,1,1,2,le fourneau,46.63002,3.72975
201400007118,26,11,14,18,3,71,155,1,1,2,6,,0.0,0.0
201400007119,10,1,14,15,1,71,490,1,1,1,1,,46.51531,4.16294
201400007120,17,3,14,19,1,71,230,2,1,7,6,29 RUE DE  LIBERTE,46.60059,4.06145
201400007121,19,3,14,17,1,71,340,2,1,1,6,Rue Saint Thibault,46.54991,4.21861
201400007122,22,3,14,10,1,71,340,1,1,1,3,,0.0,0.0
201400007123,7,8,14,16,1,71,565,1,1,1,6,,0.0,0.0
201400007124,28,8,14,12,1,71,212,1,9,1,3,,0.0,0.0
201400007125,12,9,14,17,1,71,330,1,1,1,5,,0.0,0.0
201400007126,24,10,14,17,2,71,490,1,1,1,6,,0.0,0.0
201400007127,21,11,14,4,3,71,334,1,1,5,6,,0.0,0.0
201400007128,2,12,14,3,3,71,340,1,1,2,1,,0.0,0.0
201400007129,27,6,14,16,1,71,379,1,1,1,7,,0.0,0.0
201400007130,27,6,14,14,1,71,484,1,1,1,7,,0.0,0.0
201400007131,21,4,14,10,1,71,319,1,1,1,1,,0.0,0.0
201400007132,10,5,14,15,1,71,319,1,1,1,6,,0.0,0.0
201400007133,5,7,14,18,1,71,61,1,1,1,6,,0.0,0.0
201400007134,17,7,14,14,1,71,244,1,1,1,5,,0.0,0.0
201400007135,16,10,14,7,2,71,318,1,1,3,2,,0.0,0.0
201400007136,27,7,14,11,1,71,45,1,3,1,1,,46.78495,5.29007
201400007137,11,10,14,8,1,71,295,1,1,2,6,,0.0,0.0
201400007138,9,11,14,12,1,71,419,1,1,2,1,,0.0,0.0
201400007139,23,8,14,19,1,71,436,1,1,2,1,,46.73012,4.51859
201400007140,1,9,14,13,1,71,282,2,7,1,3,25 route du bourg,0.0,0.0
201400007141,9,6,14,16,1,71,286,1,1,1,3,,0.0,0.0
201400007142,18,2,14,21,3,89,213,1,1,1,2,,47.89701,3.38981
201400007143,27,3,14,20,3,89,484,1,1,1,3,,47.91121,3.31823
201400007144,26,4,14,0,3,89,484,1,1,1,1,,47.91118,3.32846
201400007145,26,5,14,15,1,89,438,1,1,3,6,,47.79234,3.66749
201400007146,10,6,14,19,1,89,263,1,1,1,2,,47.85629,3.58136
201400007147,5,7,14,4,3,89,198,1,1,1,2,,47.8556,3.55785
201400007148,12,8,14,14,1,89,13,1,1,1,2,,47.86641,3.49555
201400007149,21,8,14,3,3,89,366,1,1,1,2,,47.92577,3.27578
201400007150,30,8,14,15,1,89,384,1,1,1,6,,47.90235,3.34975
201400007151,21,11,14,21,3,89,37,1,1,1,6,,47.91847,3.28696
201400007152,19,2,14,14,1,89,255,1,1,1,2,,48.3116,3.24336
201400007153,4,4,14,16,1,89,171,1,1,1,6,,48.24381,3.49425
201400007154,12,4,14,5,3,89,261,1,1,1,6,,48.24725,3.54149
201400007155,10,5,14,4,3,89,124,1,1,1,2,,48.35712,3.16687
201400007156,7,2,14,7,1,89,77,1,1,1,4,,47.7513,3.60532
201400007157,10,2,14,19,5,89,13,2,3,8,3,Route d'Auxerre,47.86741,3.53666
201400007158,14,2,14,22,3,89,102,2,1,9,7,,0.0,0.0
201400007159,22,2,14,5,2,89,438,1,3,1,1,,47.79589,3.65494
201400007160,30,3,14,4,5,89,427,2,1,1,6,RN151,0.0,0.0
201400007161,8,4,14,9,1,89,438,1,2,1,3,,47.79398,3.65101
201400007162,4,5,14,15,1,89,438,1,1,1,6,,47.7997,3.65988
201400007163,23,8,14,11,1,89,83,1,1,8,6,,47.84462,3.49046
201400007164,21,11,14,0,3,89,438,1,1,1,1,,47.80887,3.60734
201400007165,16,12,14,17,3,89,295,1,1,2,6,,0.0,0.0
201400007166,8,1,14,10,1,89,118,1,1,1,6,,47.69797,3.57211
201400007167,2,2,14,9,1,89,199,1,1,1,7,,47.72974,3.54477
201400007168,2,4,14,21,3,89,253,1,1,1,6,,47.56082,3.59841
201400007169,16,11,14,17,2,89,119,1,1,3,6,,47.56144,3.52834
201400007170,2,1,14,14,1,89,169,2,1,1,6,Avenue de la Gare,47.94819,3.87179
201400007171,19,1,14,20,3,89,61,1,1,1,2,,47.97539,3.80208
201400007172,21,1,14,8,2,89,439,1,1,1,6,,47.93265,3.7218
201400007173,10,2,14,17,1,89,345,2,1,2,6,24avenue g?n?ral leclerc,48.00054,3.72742
201400007174,19,4,14,19,1,89,439,2,1,1,3,route de la gare,47.97622,3.72399
201400007175,3,8,14,18,1,89,69,1,1,1,7,,48.10756,3.67142
201400007176,5,8,14,13,1,89,205,2,3,1,3,Intersection RD43/RD124,47.96296,3.79244
201400007177,6,8,14,10,1,89,276,1,1,1,3,,48.02368,3.76438
201400007178,11,8,14,11,1,89,345,2,1,1,3,avenue de l'Europe,47.99968,3.72068
201400007179,23,8,14,11,1,89,345,2,1,8,3,rue du faubourg du pont,47.99701,3.74054
201400007180,18,10,14,11,1,89,276,2,2,1,1,Rue du Four,48.045,3.797
201400007181,26,10,14,13,1,89,474,2,1,1,6,rue du marbrier,47.948,3.836
201400007182,6,12,14,12,1,89,76,1,2,2,3,,48.01047,3.67605
201400007183,14,12,14,7,5,89,345,2,1,3,3,avenue du 08 mai 1945,48.00093,3.72279
201400007184,20,3,14,9,1,89,198,1,1,1,1,,47.8644,3.579
201400007185,21,4,14,17,1,89,307,1,2,1,3,,47.92016,3.71341
201400007186,18,5,14,10,1,89,227,1,1,1,3,,0.0,0.0
201400007187,24,5,14,3,3,89,104,1,1,1,6,,47.75355,3.82199
201400007188,6,7,14,9,1,89,242,1,3,1,1,,47.86233,3.76803
201400007189,21,7,14,15,1,89,307,1,2,1,3,,47.92027,3.71322
201400007190,30,8,14,13,1,89,341,1,1,1,5,,47.72426,3.75154
201400007191,2,12,14,18,5,89,263,2,1,2,6,"07, route d'Auxerre",47.84891,3.57873
201400007192,17,1,14,19,3,89,419,2,1,1,2,CD 965,47.73233,3.30155
201400007193,25,5,14,19,1,89,286,1,1,1,6,,47.7385,3.34532
201400007194,9,6,14,15,1,89,73,1,2,1,3,,47.79082,3.10861
201400007195,25,6,14,17,1,89,147,2,1,1,1,grande rue - CD 950,0.0,0.0
201400007196,26,7,14,15,1,89,173,1,1,1,6,,47.67976,3.24997
201400007197,27,7,14,11,1,89,462,1,1,1,7,,0.0,0.0
201400007198,23,8,14,16,1,89,419,1,1,1,6,,47.70697,3.30857
201400007199,5,10,14,5,3,89,368,1,1,3,6,,47.60006,3.21991
201400007200,11,12,14,9,1,89,254,1,1,2,6,,47.70692,3.18479
201400007201,23,12,14,18,3,89,273,1,1,1,1,,47.61242,3.16299
201400007202,21,1,14,7,3,89,235,1,1,1,2,,47.50226,3.98423
201400007203,5,3,14,14,1,89,306,1,1,1,2,,47.50192,3.88602
201400007204,26,5,14,8,1,89,25,2,1,8,6,d957,0.0,0.0
201400007205,14,6,14,20,1,89,25,2,1,7,3,route de Paris,47.49949,3.90252
201400007206,23,6,14,18,1,89,347,1,1,2,6,,47.43966,3.89985
201400007207,28,8,14,10,1,89,25,1,1,1,3,,47.49677,3.95398
201400007208,12,9,14,17,1,89,446,1,1,1,7,,47.45109,3.68834
201400007209,14,9,14,8,1,89,159,2,1,1,6,rue du chateau,47.52007,3.92059
201400007210,1,10,14,8,2,89,297,1,1,5,6,,47.41679,3.78077
201400007211,5,10,14,14,1,89,145,1,1,2,7,,47.42536,3.83286
201400007212,6,1,14,9,1,89,10,2,9,1,3,18 route de NOYERS,47.72176,3.96539
201400007213,9,3,14,18,1,89,230,1,2,1,3,,47.98308,3.44644
201400007214,27,7,14,14,1,89,468,1,1,1,6,,0.0,0.0
201400007215,2,12,14,17,3,89,230,1,1,2,3,,47.9832,3.44631
201400007216,10,1,14,15,1,89,294,1,1,7,5,,47.85966,3.14828
201400007217,1,6,14,16,1,89,454,1,1,1,3,,47.93343,3.12977
201400007218,23,2,14,2,3,89,85,2,1,1,6,RD 606,47.945,3.492
201400007219,14,3,14,16,1,89,59,1,1,1,3,,48.02295,3.51789
201400007220,17,5,14,17,1,89,257,2,1,1,1,,47.968,3.519
201400007221,26,7,14,20,1,89,257,2,1,1,3,rue Gabriel Cordier,47.961,3.52634
201400007222,2,8,14,15,1,89,56,1,1,1,6,,47.98616,3.5117
201400007223,24,8,14,18,1,89,152,2,1,1,3,Route de Sens,0.0,0.0
201400007224,3,2,14,18,3,89,239,1,1,1,7,,48.18142,3.33805
201400007225,6,8,14,12,1,89,240,1,1,2,3,,48.17743,3.36157
201400007226,25,8,14,18,1,89,195,1,1,1,3,,48.15379,3.27038
201400007227,16,9,14,17,1,89,239,2,1,1,3,Axe D660,48.1877,3.31942
201400007228,27,9,14,18,1,89,373,2,9,1,1,rue de Quenevelle,48.21257,3.35713
201400007229,23,10,14,21,3,89,160,1,1,1,2,,48.14667,3.28162
201400007230,31,3,14,20,3,89,255,1,2,1,3,,48.31341,3.23737
201400007231,10,4,14,14,1,89,309,2,1,1,3,rue Paul Rouif,48.28361,3.20201
201400007232,31,5,14,20,1,89,391,1,1,1,3,,48.32663,3.24763
201400007233,1,1,14,5,3,89,450,1,2,8,3,,48.22466,3.15641
201400007234,4,1,14,18,3,89,36,1,1,2,2,,48.15765,3.09756
201400007235,10,1,14,16,1,89,100,1,1,1,3,,48.19912,3.01591
201400007236,26,1,14,19,3,89,450,1,2,2,1,,48.2246,3.15639
201400007237,18,2,14,18,2,89,467,1,1,1,2,,48.254,3.05743
201400007238,24,4,14,3,3,89,428,1,1,1,6,La Grande Justice,48.22673,3.03274
201400007239,28,10,14,10,1,89,404,1,1,1,7,,48.16819,3.20687
201400007240,8,11,14,8,1,89,442,1,2,8,3,,48.08064,3.11656
201400007241,24,11,14,10,1,89,126,1,1,1,3,,48.12232,3.10322
201400007242,21,2,14,11,1,89,313,1,1,1,6,,47.98428,3.2062
201400007243,23,2,14,6,3,89,298,1,1,1,6,,0.0,0.0
201400007244,26,2,14,22,5,89,51,2,1,8,1,Rue de DIXMONT,48.09646,3.38087
201400007245,17,3,14,17,1,89,464,2,1,1,6,72 rue Thenard,48.07901,3.25381
201400007246,18,3,14,10,1,89,464,2,1,1,3,rue carnot Porte de SENS,48.08523,3.29514
201400007247,19,4,14,18,1,89,63,2,1,8,6,08 rue de La Julienne,47.96949,3.29602
201400007248,2,6,14,11,1,89,348,2,1,1,6,23 rue des huguenots,48.03017,3.29696
201400007249,27,6,14,8,1,89,388,1,6,1,7,,47.9382,3.24272
201400007250,20,7,14,10,1,89,464,1,1,1,7,,48.07317,3.2937
201400007251,27,7,14,18,1,89,348,2,1,1,6,,0.0,0.0
201400007252,2,10,14,19,5,89,348,2,1,1,2,,0.0,0.0
201400007253,21,4,14,9,1,89,407,2,1,2,6,rue des vaux clos,47.84645,4.08469
201400007254,13,6,14,19,1,89,112,2,1,1,6,2 rue de Fleys,47.84013,3.87536
201400007255,30,6,14,6,2,89,299,1,1,5,6,,47.843,4.17432
201400007256,17,8,14,19,1,89,418,1,1,1,7,,47.8273,3.98919
201400007257,3,11,14,7,2,89,168,1,1,2,2,,47.81321,3.8856
201400007258,5,11,14,17,2,89,87,1,1,1,6,,47.75358,4.19579
201400007259,3,1,14,19,5,25,112,2,1,2,5,Rue de belfort,0.0,0.0
201400007260,19,4,14,1,3,25,395,1,1,1,6,,0.0,0.0
201400007261,23,4,14,1,3,25,328,1,1,1,6,,0.0,0.0
201400007262,24,4,14,15,1,25,328,1,1,1,7,,47.205,6.02
201400007263,1,5,14,22,3,25,410,1,1,2,1,,0.0,0.0
201400007264,29,5,14,16,1,25,112,1,1,1,2,,0.0,0.0
201400007265,17,7,14,17,1,25,112,1,1,1,1,,47.268,6.059
201400007266,17,8,14,11,1,25,58,2,3,1,3,Route de Lyon,47.21258,6.00213
201400007267,27,9,14,15,1,25,58,1,1,1,5,,47.208,5.998
201400007268,1,12,14,15,1,25,112,2,1,1,1,,0.0,0.0
201400007269,20,2,14,8,1,25,155,1,1,5,1,,0.0,0.0
201400007270,8,10,14,14,1,25,537,1,1,1,6,,0.0,0.0
201400007271,10,1,14,17,5,25,527,2,6,1,3,1 rue de Besan?on,47.187,5.814
201400007272,18,1,14,15,1,25,105,1,1,1,6,,0.0,0.0
201400007273,23,3,14,19,3,25,21,2,1,1,7,rue de la grande vye,47.038,5.766
201400007274,4,4,14,13,1,25,21,2,3,1,3,rue de la fromagerie,47.03793,5.78507
201400007275,2,6,14,21,2,25,21,2,1,1,1,Grande rue,0.0,0.0
201400007276,22,6,14,10,1,25,406,1,1,1,6,,47.16,6.031
201400007277,17,7,14,21,2,25,147,1,1,1,7,,47.216,5.91
201400007278,4,8,14,11,1,25,147,1,1,1,3,,47.231,5.889
201400007279,3,9,14,16,1,25,594,1,1,1,1,,47.192,5.887
201400007280,5,9,14,18,1,25,477,2,1,1,1,rue de lavaux,47.192,5.95
201400007281,24,9,14,7,1,25,527,1,1,1,5,,47.191,5.826
201400007282,29,9,14,16,1,25,502,1,1,1,1,,47.168,5.825
201400007283,2,12,14,17,2,25,561,1,1,1,7,,47.178,5.939
201400007284,22,4,14,23,5,25,97,1,1,1,6,,0.0,0.0
201400007285,24,5,14,17,1,25,284,2,1,1,7,Rue des Pres,47.5133,6.82681
201400007286,5,6,14,17,1,25,428,2,1,1,1,Grande Rue,0.0,0.0
201400007287,21,6,14,14,1,25,284,2,6,1,1,Rond point Lut?ce,47.537,6.824
201400007288,28,8,14,14,1,25,57,2,1,1,6,rue de gutenberg,47.53378,6.8084
201400007289,6,3,14,17,1,25,523,2,1,1,1,rue de Saint Julien,47.516,6.703
201400007290,11,4,14,19,1,25,526,2,1,1,5,8 rue de besan?on,0.0,0.0
201400007291,18,7,14,18,1,25,481,1,1,1,3,,47.545,6.723
201400007292,26,7,14,18,1,25,350,2,1,1,1,29 rue de Montb?liard,47.47285,6.69075
201400007293,18,10,14,13,1,25,48,1,1,1,6,,47.483,6.714
201400007294,31,10,14,11,1,25,43,2,1,1,3,rue de la gare,47.481,6.77
201400007295,7,11,14,18,5,25,526,2,1,2,6,Fbg de Besan?on CD663,0.0,0.0
201400007296,31,1,14,18,3,25,196,1,1,1,6,,47.487,6.899
201400007297,9,6,14,13,1,25,40,1,1,7,1,,47.501,6.934
201400007298,11,7,14,16,1,25,190,2,1,2,3,RUE DES GROS PRES,47.521,6.918
201400007299,29,9,14,16,1,25,367,2,1,1,2,rue du 17 novembre,47.455,6.801
201400007300,4,12,14,7,2,25,4,2,1,5,6,24 GRANDE RUE,47.43155,6.91833
201400007301,26,2,14,15,1,25,193,1,1,1,6,,0.0,0.0
201400007302,8,3,14,10,1,25,127,2,1,1,6,8 rue de l'église,47.21309,6.82685
201400007303,10,4,14,18,1,25,356,1,1,1,1,,47.241,6.804
201400007304,14,6,14,16,1,25,173,2,1,1,3,32 Grande Rue,47.263,6.708
201400007305,23,6,14,9,1,25,51,2,1,1,1,CD 32 PK 04,0.0,0.0
201400007306,24,7,14,22,3,25,193,1,3,1,3,,47.253,6.874
201400007307,30,1,14,19,3,25,187,1,1,9,6,,47.361,6.69
201400007308,11,4,14,17,1,25,463,1,1,1,1,,0.0,0.0
201400007309,5,5,14,10,1,25,519,1,1,1,7,,0.0,0.0
201400007310,2,8,14,13,1,25,519,2,1,9,3,33 Grande Rue,47.31717,6.81152
201400007311,23,8,14,4,3,25,519,1,1,1,7,,0.0,0.0
201400007312,24,8,14,14,1,25,591,1,1,1,7,,0.0,0.0
201400007313,10,10,14,9,1,25,463,1,1,2,1,,0.0,0.0
201400007314,13,10,14,13,1,25,519,1,1,1,3,,0.0,0.0
201400007315,1,11,14,14,1,25,519,1,1,1,6,,0.0,0.0
201400007316,28,11,14,17,5,25,463,2,1,1,3,GRANDE RUE,0.0,0.0
201400007317,29,11,14,19,3,25,402,1,1,1,6,,0.0,0.0
201400007318,22,6,14,0,3,25,446,1,1,1,6,,47.281,6.37
201400007319,3,6,14,16,1,25,156,2,1,1,3,Rue de la porte de Chaux,47.394,6.502
201400007320,3,6,14,11,1,25,345,1,1,2,6,,47.466,6.635
201400007321,6,7,14,22,3,25,232,1,2,8,3,,47.492,6.622
201400007322,24,8,14,9,1,25,479,1,1,1,6,,0.0,0.0
201400007323,20,10,14,10,1,25,529,2,1,1,6,16 grande rue,47.297,6.583
201400007324,24,10,14,17,1,25,156,2,1,1,2,avenue gaston renaud,0.0,0.0
201400007325,12,3,14,13,1,25,14,1,1,1,1,,0.0,0.0
201400007326,11,4,14,13,1,25,560,2,1,1,7,12 RUE GEORGES GUYNEMER,0.0,0.0
201400007327,12,7,14,23,3,25,323,1,1,8,6,,0.0,0.0
201400007328,24,7,14,19,1,25,560,1,1,1,3,,0.0,0.0
201400007329,31,7,14,9,1,25,429,2,1,7,3,CD 683,0.0,0.0
201400007330,24,12,14,2,3,25,368,1,1,9,6,,0.0,0.0
201400007331,17,1,14,13,1,25,601,1,1,1,3,,0.0,0.0
201400007332,30,1,14,7,3,25,39,1,1,1,5,,0.0,0.0
201400007333,22,2,14,18,5,25,219,2,1,4,3,Grande rue,0.0,0.0
201400007334,9,3,14,15,1,25,601,1,1,1,6,,0.0,0.0
201400007335,19,3,14,18,1,25,288,1,1,1,6,,0.0,0.0
201400007336,10,4,14,11,1,25,262,1,1,1,6,,0.0,0.0
201400007337,13,4,14,13,1,25,424,1,9,1,6,,0.0,0.0
201400007338,11,5,14,5,2,25,262,2,1,2,6,RD242,47.134,6.576
201400007339,11,6,14,19,1,25,262,1,1,1,2,,0.0,0.0
201400007340,20,4,14,17,1,25,128,1,1,1,7,,47.076,6.35
201400007341,12,7,14,14,1,25,578,2,1,1,3,rue du stade,0.0,0.0
201400007342,24,7,14,11,1,25,355,2,1,1,1,chemin du ch?telard,47.22811,6.32143
201400007343,22,8,14,11,1,25,301,1,1,1,1,,47.14216,6.60996
201400007344,30,8,14,13,1,25,578,1,1,1,2,,0.0,0.0
201400007345,14,9,14,9,1,25,222,1,1,1,1,,0.0,0.0
201400007346,10,11,14,14,1,25,578,2,1,1,1,rue De Lattre de Tassign,0.0,0.0
201400007347,29,11,14,4,5,25,578,2,1,1,2,Grande rue,0.0,0.0
201400007348,14,12,14,4,3,25,301,1,1,1,6,,47.174,6.586
201400007349,1,2,14,6,3,25,259,1,1,1,6,,0.0,0.0
201400007350,16,3,14,4,3,25,609,1,1,1,6,,0.0,0.0
201400007351,25,3,14,5,3,25,75,1,1,1,5,,0.0,0.0
201400007352,10,4,14,16,1,25,254,1,1,1,6,,0.0,0.0
201400007353,20,5,14,17,1,25,157,2,1,1,3,,0.0,0.0
201400007354,1,6,14,14,1,25,60,1,1,1,1,,0.0,0.0
201400007355,7,6,14,4,3,25,440,1,1,1,7,,0.0,0.0
201400007356,8,6,14,13,1,25,254,1,1,1,7,,0.0,0.0
201400007357,5,7,14,6,2,25,157,1,1,1,6,,0.0,0.0
201400007358,17,8,14,18,1,25,110,1,1,1,3,,0.0,0.0
201400007359,26,8,14,10,1,25,621,1,1,3,3,,0.0,0.0
201400007360,19,9,14,10,1,25,201,1,1,1,3,,0.0,0.0
201400007361,14,11,14,19,3,25,157,1,1,2,1,,0.0,0.0
201400007362,27,12,14,13,1,25,442,1,1,4,1,,0.0,0.0
201400007363,4,1,14,20,3,25,320,1,1,9,6,,0.0,0.0
201400007364,11,1,14,3,3,25,318,1,1,9,6,,0.0,0.0
201400007365,2,2,14,16,1,25,308,1,1,1,1,,0.0,0.0
201400007366,24,3,14,9,1,25,565,1,1,4,4,,0.0,0.0
201400007367,4,4,14,22,3,25,619,1,1,1,5,,0.0,0.0
201400007368,13,4,14,12,1,25,405,1,1,1,6,,0.0,0.0
201400007369,18,4,14,15,1,25,413,1,1,2,6,,0.0,0.0
201400007370,23,4,14,18,1,25,514,1,1,4,4,,0.0,0.0
201400007371,12,6,14,10,1,25,320,1,1,1,6,,0.0,0.0
201400007372,23,1,14,14,1,25,240,1,1,2,1,,0.0,0.0
201400007373,15,2,14,3,5,25,285,1,1,1,6,,0.0,0.0
201400007374,9,3,14,17,1,25,512,2,1,1,3,Avenue de Lattre,0.0,0.0
201400007375,13,3,14,13,1,25,347,1,1,1,1,,0.0,0.0
201400007376,15,5,14,14,1,25,160,1,1,1,6,,0.0,0.0
201400007377,11,6,14,17,1,25,411,2,1,1,3,rue du champ de foire,47.05421,6.60669
201400007378,18,6,14,10,1,25,240,1,3,7,1,,0.0,0.0
201400007379,10,7,14,20,3,25,74,1,1,2,6,,0.0,0.0
201400007380,18,7,14,0,3,25,620,1,1,1,7,,0.0,0.0
201400007381,22,7,14,13,1,25,240,1,1,2,1,,0.0,0.0
201400007382,6,8,14,17,1,25,347,1,2,1,3,,0.0,0.0
201400007383,21,9,14,19,2,25,160,1,1,3,1,,0.0,0.0
201400007384,25,9,14,18,1,25,512,1,1,1,5,,0.0,0.0
201400007385,27,9,14,19,2,25,512,1,1,1,3,,0.0,0.0
201400007386,4,10,14,17,1,25,512,1,1,1,5,,0.0,0.0
201400007387,18,10,14,16,1,25,411,1,1,1,1,,0.0,0.0
201400007388,11,11,14,13,1,25,95,1,1,1,7,,0.0,0.0
201400007389,15,11,14,16,2,25,512,1,1,2,1,,0.0,0.0
201400007390,29,11,14,14,1,25,411,2,3,1,5,CD48 Carrefour LES ARCES,47.05686,6.58017
201400007391,22,1,14,11,1,40,70,2,9,7,6,"27, HUGO (BD..V)",44.0954,6.23519
201400007392,28,1,14,14,1,40,70,2,6,1,5,Pelissier (avnue Simone),44.08257,6.21739
201400007393,17,4,14,14,1,40,70,2,6,1,6,INSURGES 1851(RD POINT),0.0,0.0
201400007394,6,7,14,19,1,40,70,1,1,1,7,VALADIER (CH. DE),0.0,0.0
201400007395,9,7,14,20,2,40,70,2,1,1,6,"04, BONNETTE (CH. DE)",44.08963,6.2251
201400007396,17,7,14,0,5,40,70,2,6,1,6,QUATRE SEPTEMBRE (RD. PT,44.08859,6.22518
201400007397,5,9,14,15,1,40,70,1,1,1,7,"1, RN 85",0.0,0.0
201400007398,1,10,14,12,1,40,70,1,1,1,6,THERMES (AV. DES),0.0,0.0
201400007399,11,10,14,15,1,40,70,2,1,2,7,"face au 22, NOEL (AV. DU",44.08413,6.20598
201400007400,6,12,14,12,1,40,70,2,1,1,6,"69, GASSENDI (BD)",44.09305,6.23508
201400007401,15,1,14,6,3,39,332,1,1,9,1,,0.0,0.0
201400007402,19,6,14,13,1,39,240,1,1,1,6,,0.0,0.0
201400007403,27,7,14,14,1,39,348,1,1,1,7,,0.0,0.0
201400007404,30,8,14,14,1,39,327,2,6,1,3,RD159 - RD1083,0.0,0.0
201400007405,26,10,14,0,3,39,217,2,1,1,7,RUE DU ROBINET,0.0,0.0
201400007406,16,11,14,19,1,39,332,1,1,1,1,,0.0,0.0
201400007407,2,12,14,18,2,39,327,2,1,2,6,route de Lyon,0.0,0.0
201400007408,18,12,14,7,3,39,327,2,1,3,6,"355, route de lyon",0.0,0.0
201400007409,18,12,14,7,3,39,567,1,3,3,1,,0.0,0.0
201400007410,8,3,14,19,3,39,423,1,1,1,1,,0.0,0.0
201400007411,31,8,14,5,5,39,397,2,1,1,7,RUE DES FOSSES,0.0,0.0
201400007412,15,4,14,12,1,39,191,1,1,1,1,,0.0,0.0
201400007413,31,5,14,16,1,39,407,1,1,1,7,,0.0,0.0
201400007414,7,9,14,12,1,39,489,1,1,1,1,,0.0,0.0
201400007415,14,9,14,15,1,39,272,1,2,1,3,,0.0,0.0
201400007416,27,9,14,15,1,39,41,1,1,1,6,,0.0,0.0
201400007417,27,9,14,17,1,39,482,1,1,1,6,,0.0,0.0
201400007418,16,10,14,21,3,39,199,1,3,2,3,,0.0,0.0
201400007419,24,12,14,11,1,39,260,1,1,9,7,,0.0,0.0
201400007420,17,8,14,11,1,39,265,1,1,7,6,,0.0,0.0
201400007421,6,6,14,18,1,39,88,1,1,1,5,,0.0,0.0
201400007422,5,8,14,15,1,39,88,1,1,1,5,,0.0,0.0
201400007423,24,9,14,10,1,39,488,1,1,1,6,,0.0,0.0
201400007424,6,10,14,9,1,39,185,1,1,1,7,RD2,0.0,0.0
201400007425,14,4,14,6,2,39,437,1,1,1,1,,0.0,0.0
201400007426,6,5,14,13,1,39,97,2,1,1,6,rue barrone Delort,0.0,0.0
201400007427,6,7,14,22,5,39,97,2,1,2,5,,0.0,0.0
201400007428,14,7,14,18,1,39,210,1,1,1,3,,0.0,0.0
201400007429,2,10,14,18,1,39,522,1,1,1,6,,0.0,0.0
201400007430,3,7,14,18,1,39,391,1,1,1,1,,0.0,0.0
201400007431,22,11,14,11,1,39,129,1,1,1,3,,0.0,0.0
201400007432,27,7,14,9,1,39,461,2,1,1,1,5 route du ch?ne,0.0,0.0