Num_Acc,jour,mois,an,hr,condition_eclairage,departement,commune,condition_agglomeration,intersection,condition_atmosphere,type_collision,adresse,lattitude,longitude
201400007433,10,1,14,14,1,39,434,2,1,7,6,3 rue TRAVOT,0.0,0.0
201400007434,30,1,14,6,3,39,13,1,1,1,3,,46.906,5.759
201400007435,4,7,14,7,2,39,40,1,1,1,1,,46.821,5.762
201400007436,5,7,14,17,1,39,13,1,1,1,1,,46.908,5.763
201400007437,13,7,14,14,1,39,81,1,1,1,1,,46.885,5.719
201400007438,1,8,14,12,1,39,535,1,1,1,1,,46.869,5.678
201400007439,20,9,14,20,3,39,434,1,6,1,6,,46.841,5.692
201400007440,16,11,14,22,3,39,13,1,1,3,7,,46.901,5.74
201400007441,21,11,14,11,1,39,13,2,1,1,6,Rue Faramand,46.906,5.776
201400007442,8,1,14,15,1,39,500,2,1,1,6,13 rue gambetta,46.942,5.878
201400007443,29,3,14,15,1,39,500,1,1,1,7,,0.0,0.0
201400007444,11,4,14,19,1,39,500,1,2,1,1,,0.0,0.0
201400007445,5,8,14,8,1,39,370,2,1,1,1,rue de la r?publique,0.0,0.0
201400007446,6,9,14,12,1,39,202,2,1,1,6,chemin de la fatrole,0.0,0.0
201400007447,9,11,14,10,1,39,436,1,1,2,1,,0.0,0.0
201400007448,8,4,14,14,1,39,501,1,1,1,3,,0.0,0.0
201400007449,30,3,14,19,1,39,193,2,1,1,6,22 route de lons,0.0,0.0
201400007450,25,4,14,7,1,39,22,1,1,1,7,,0.0,0.0
201400007451,22,6,14,10,1,39,577,1,1,1,3,,0.0,0.0
201400007452,12,8,14,14,1,39,124,1,1,1,2,,0.0,0.0
201400007453,10,9,14,11,1,39,128,2,6,1,2,rond point du framboisie,0.0,0.0
201400007454,27,9,14,9,1,39,571,2,2,1,3,INTERSECTION 469 ET 217,0.0,0.0
201400007455,1,11,14,1,3,39,365,2,1,1,7,Rue Koepfleur,49.641,5.01
201400007456,19,11,14,17,3,39,520,1,1,1,3,,0.0,0.0
201400007457,31,12,14,17,2,39,396,2,1,1,6,1 Rue de la libération,0.0,0.0
201400007458,18,1,14,20,3,39,465,1,1,2,6,,0.0,0.0
201400007459,21,1,14,11,1,39,498,1,1,1,1,,0.0,0.0
201400007460,6,2,14,18,3,39,238,1,1,1,6,,0.0,0.0
201400007461,9,6,14,17,1,39,8,1,1,1,6,,0.0,0.0
201400007462,21,6,14,16,1,39,449,1,1,1,1,,0.0,0.0
201400007463,3,11,14,14,1,39,188,1,6,8,5,,0.0,0.0
201400007464,7,11,14,17,2,39,219,2,1,8,6,15 grande rue,0.0,0.0
201400007465,14,12,14,4,3,39,451,1,6,2,7,,0.0,0.0
201400007466,31,3,14,15,1,39,478,2,1,1,2,20 rue bellefontaine,0.0,0.0
201400007467,6,4,14,23,4,39,491,1,1,1,6,,0.0,0.0
201400007468,17,4,14,17,1,39,113,1,3,1,1,,0.0,0.0
201400007469,4,5,14,11,1,39,453,1,1,1,6,,46.475,5.825
201400007470,8,5,14,16,1,39,510,1,1,1,7,,0.0,0.0
201400007471,22,7,14,13,1,39,106,1,1,2,5,,0.0,0.0
201400007472,29,7,14,10,1,39,561,1,1,2,3,,0.0,0.0
201400007473,23,8,14,7,1,39,106,1,1,1,5,,0.0,0.0
201400007474,10,9,14,17,1,39,68,1,9,2,7,,0.0,0.0
201400007475,27,9,14,16,1,39,491,2,1,1,1,RUE BELLEVUE,0.0,0.0
201400007476,6,10,14,8,1,39,561,1,1,5,1,,0.0,0.0
201400007477,26,10,14,14,1,39,478,1,1,1,6,,46.633,5.45
201400007478,31,10,14,21,3,39,113,1,1,1,6,,0.0,0.0
201400007479,11,12,14,13,1,39,478,2,1,2,6,Avenue de la libération,0.0,0.0
201400007480,8,4,14,10,1,39,487,1,1,2,5,,46.589,5.954
201400007481,24,5,14,17,1,39,258,1,1,1,6,,0.0,0.0
201400007482,12,10,14,14,1,39,368,1,1,8,1,,0.0,0.0
201400007483,18,10,14,11,1,39,470,1,1,1,3,,0.0,0.0
201400007484,26,10,14,17,1,39,470,1,1,1,4,,0.0,0.0
201400007485,30,11,14,7,2,39,232,1,1,2,6,,0.0,0.0
201400007486,2,1,14,12,1,40,112,2,2,8,6,HEURES CLAIRES(RUE DES),43.82811,5.78725
201400007487,21,3,14,9,1,40,112,2,3,8,3,MOULIN NEUF (AV.DU),0.0,0.0
201400007488,6,5,14,19,1,40,112,2,1,1,1,Route d'Apt,0.0,0.0
201400007489,14,5,14,17,1,40,112,2,1,1,3,RYCKBUSCH(AVENUE),43.82973,5.79681
201400007490,25,6,14,9,1,40,112,1,1,1,5,DEPARTEMENTALE 4096,43.80557,5.7797
201400007491,23,9,14,14,1,40,112,2,1,1,4,rond point des medailles,43.81736,5.79837
201400007492,4,2,14,17,1,70,163,1,1,1,5,,0.0,0.0
201400007493,12,3,14,7,1,70,136,1,4,1,3,,0.0,0.0
201400007494,17,9,14,19,1,70,516,1,1,1,4,,0.0,0.0
201400007495,19,9,14,15,1,70,550,1,1,1,7,,0.0,0.0
201400007496,25,6,14,10,1,70,12,1,1,7,5,,0.0,0.0
201400007497,12,7,14,0,3,70,404,1,1,1,6,,0.0,0.0
201400007498,16,9,14,16,1,70,228,1,1,1,1,,0.0,0.0
201400007499,17,1,14,20,3,70,236,1,1,1,1,,0.0,0.0
201400007500,27,1,14,8,1,70,278,1,1,1,5,,0.0,0.0
201400007501,14,2,14,8,4,70,387,1,1,2,7,,0.0,0.0
201400007502,16,6,14,17,1,70,386,2,1,1,6,rue de l'etang,0.0,0.0
201400007503,1,8,14,15,1,70,566,1,1,1,6,,0.0,0.0
201400007504,30,10,14,16,1,70,439,1,1,1,3,,0.0,0.0
201400007505,1,12,14,18,3,70,324,1,1,1,6,,0.0,0.0
201400007506,1,12,14,14,1,70,136,1,1,8,2,,0.0,0.0
201400007507,3,12,14,20,3,70,2,1,9,1,1,,0.0,0.0
201400007508,7,12,14,4,3,70,486,1,1,1,6,,0.0,0.0
201400007509,9,12,14,16,1,70,95,2,1,8,7,Rue du chene,0.0,0.0
201400007510,10,4,14,12,1,70,239,1,1,1,7,,0.0,0.0
201400007511,4,5,14,21,3,70,197,1,1,1,6,,0.0,0.0
201400007512,11,9,14,15,1,70,405,1,1,1,1,,0.0,0.0
201400007513,14,9,14,1,5,70,288,1,2,1,3,,0.0,0.0
201400007514,14,9,14,11,1,70,159,1,1,1,6,,0.0,0.0
201400007515,1,11,14,10,1,70,447,2,1,1,1,87 rue Charles de Gaulle,0.0,0.0
201400007516,13,1,14,12,1,70,178,1,1,2,1,,0.0,0.0
201400007517,18,2,14,6,3,70,310,1,1,1,2,,0.0,0.0
201400007518,20,3,14,20,1,70,262,1,1,1,5,,0.0,0.0
201400007519,10,5,14,14,1,70,577,1,1,1,7,,0.0,0.0
201400007520,5,9,14,17,1,70,310,1,1,1,6,,0.0,0.0
201400007521,14,9,14,5,3,70,581,1,1,5,6,,0.0,0.0
201400007522,15,10,14,7,2,70,464,1,1,5,6,,0.0,0.0
201400007523,17,10,14,13,1,70,455,2,1,1,1,rue de la Verrerie,47.68,6.529
201400007524,27,10,14,14,1,70,310,2,1,1,6,Rue Docteur Schweitzer,0.0,0.0
201400007525,23,11,14,16,1,70,310,2,1,1,3,58 avenue  Republique,0.0,0.0
201400007526,19,2,14,16,1,70,120,2,1,1,6,inter Anne F-rue gare,0.0,0.0
201400007527,23,3,14,18,3,70,295,2,2,1,3,centre village,47.798,6.537
201400007528,13,4,14,17,1,70,256,1,1,1,3,,0.0,0.0
201400007529,21,6,14,15,1,70,318,1,1,1,7,,0.0,0.0
201400007530,13,7,14,6,1,70,451,2,1,1,6,27 avenue de la republiq,0.0,0.0
201400007531,20,8,14,19,1,70,413,2,1,1,1,rue du rapois,0.0,0.0
201400007532,8,9,14,10,1,70,451,1,1,1,1,,0.0,0.0
201400007533,31,10,14,15,1,70,459,2,1,1,6,06 Route de Ronchamp,0.0,0.0
201400007534,18,1,14,11,1,70,277,1,1,8,1,,0.0,0.0
201400007535,5,2,14,1,3,70,477,1,1,9,7,,0.0,0.0
201400007536,26,3,14,20,3,70,184,1,1,1,5,,0.0,0.0
201400007537,15,5,14,17,1,70,64,1,1,1,3,,0.0,0.0
201400007538,1,6,14,11,1,70,221,1,1,1,1,,0.0,0.0
201400007539,25,8,14,10,1,70,116,1,1,1,3,,0.0,0.0
201400007540,29,9,14,14,1,70,271,1,1,1,1,,0.0,0.0
201400007541,3,12,14,13,1,70,121,1,1,1,7,,0.0,0.0
201400007542,16,1,14,12,1,70,311,2,6,2,3,place de la gare,0.0,0.0
201400007543,1,2,14,19,5,70,294,2,1,2,6,RUE DE LA LANTERNE,0.0,0.0
201400007544,18,6,14,8,1,70,478,2,1,1,6,20 grande rue,0.0,0.0
201400007545,6,7,14,6,3,70,263,1,1,1,1,,0.0,0.0
201400007546,9,12,14,17,3,70,380,1,1,1,4,,0.0,0.0
201400007547,17,12,14,18,3,70,473,1,9,3,3,,0.0,0.0
201400007548,9,3,14,9,1,70,171,1,1,1,6,,0.0,0.0
201400007549,3,7,14,17,1,70,245,1,2,1,3,,0.0,0.0
201400007550,30,11,14,16,1,70,87,1,1,1,6,,0.0,0.0
201400007551,17,12,14,17,3,70,245,1,1,3,6,,0.0,0.0
201400007552,28,1,14,7,3,70,529,1,1,1,2,,0.0,0.0
201400007553,12,3,14,15,1,70,279,2,1,1,6,87 grande rue,0.0,0.0
201400007554,20,3,14,15,1,70,279,2,1,1,2,rue revon,0.0,0.0
201400007555,18,6,14,16,1,70,279,2,6,1,3,RD21 / rue Dr Zamenhof,0.0,0.0
201400007556,19,9,14,16,1,70,279,2,1,1,1,rue du Chemin Neuf,0.0,0.0
201400007557,11,10,14,13,1,70,529,2,1,1,7,C9,0.0,0.0
201400007558,15,11,14,14,1,70,279,2,1,1,6,"30, avenue carnot",0.0,0.0
201400007559,7,12,14,14,1,70,279,2,1,1,6,22 rue Vanoise,0.0,0.0
201400007560,19,8,14,12,1,70,122,1,1,7,7,,0.0,0.0
201400007561,23,10,14,7,2,70,122,1,1,8,7,,0.0,0.0
201400007562,13,7,14,7,1,70,282,1,1,8,6,,0.0,0.0
201400007563,1,2,14,20,5,90,42,2,1,2,6,17 RUE DE VALDOIE,0.0,0.0
201400007564,20,5,14,18,1,90,68,1,1,1,3,,0.0,0.0
201400007565,24,6,14,3,3,90,7,1,1,1,6,,0.0,0.0
201400007566,7,8,14,22,2,90,35,1,9,8,6,,0.0,0.0
201400007567,21,9,14,17,1,90,12,2,1,2,6,rue des Magnolias,0.0,0.0
201400007568,1,11,14,11,1,90,68,1,1,1,6,,0.0,0.0
201400007569,29,11,14,8,2,90,42,2,1,1,6,,0.0,0.0
201400007570,27,2,14,8,1,90,33,1,1,9,1,,0.0,0.0
201400007571,2,3,14,0,5,90,25,2,1,1,6,rue d'Alsace,0.0,0.0
201400007572,6,9,14,17,1,90,45,2,1,1,1,RD 463,0.0,0.0
201400007573,21,11,14,16,5,90,81,2,1,1,6,2 rue de lepuix-neuf,0.0,0.0
201400007574,9,12,14,19,3,90,33,1,1,2,5,,0.0,0.0
201400007575,14,3,14,12,1,90,5,1,1,1,1,,0.0,0.0
201400007576,28,3,14,14,1,90,41,1,1,1,5,,0.0,0.0
201400007577,29,3,14,12,1,90,5,1,1,1,6,,0.0,0.0
201400007578,4,4,14,17,1,90,41,2,1,1,3,37 route d'Eloie,0.0,0.0
201400007579,17,4,14,18,1,90,88,1,1,1,3,,0.0,0.0
201400007580,30,6,14,9,1,90,67,1,1,1,5,,0.0,0.0
201400007581,31,7,14,14,1,90,5,1,1,3,5,,0.0,0.0
201400007582,1,8,14,19,1,90,57,1,1,1,6,,0.0,0.0
201400007583,7,8,14,18,1,90,65,2,1,1,1,Malvaux CD 465,0.0,0.0
201400007584,19,8,14,15,1,90,65,1,1,3,1,,0.0,0.0
201400007585,3,9,14,16,1,90,65,1,1,2,1,,0.0,0.0
201400007586,7,9,14,13,1,90,3,1,1,2,1,,0.0,0.0
201400007587,20,9,14,8,1,90,65,2,1,2,3,,0.0,0.0
201400007588,29,11,14,11,1,90,57,1,1,1,6,,0.0,0.0
201400007589,21,2,14,5,3,90,84,1,1,3,6,,0.0,0.0
201400007590,20,11,14,7,2,90,101,1,1,5,7,,47.574,7.018
201400007591,13,1,14,7,2,26,332,1,1,1,7,26332,0.0,0.0
201400007592,9,5,14,15,1,26,2,1,1,1,1,26002,0.0,0.0
201400007593,29,6,14,17,1,38,19,1,1,2,6,,0.0,0.0
201400007594,6,7,14,6,2,38,72,1,1,1,6,,0.0,0.0
201400007595,17,7,14,14,1,38,298,1,1,1,4,,0.0,0.0
201400007596,4,8,14,11,1,38,336,1,1,1,2,,0.0,0.0
201400007597,10,9,14,11,1,26,325,1,1,1,3,26325,0.0,0.0
201400007598,31,10,14,16,1,38,344,1,1,1,5,,0.0,0.0
201400007599,4,11,14,14,1,26,2,1,1,3,2,26002,0.0,0.0
201400007600,29,11,14,4,3,38,336,1,1,1,2,,0.0,0.0
201400007601,31,12,14,14,1,38,336,1,9,1,4,,0.0,0.0
201400007602,4,1,14,17,3,26,64,1,1,2,3,26064,0.0,0.0
201400007603,9,1,14,9,1,26,165,2,1,1,2,ROUTE NATIONALE 7,0.0,0.0
201400007604,23,1,14,16,1,26,185,1,1,1,6,26185,0.0,0.0
201400007605,22,1,14,19,3,26,250,1,1,1,3,26250,0.0,0.0
201400007606,2,2,14,15,1,26,179,1,1,1,7,26179,0.0,0.0
201400007607,8,2,14,22,3,26,313,1,1,2,1,26313,44.9559,4.9327
201400007608,15,2,14,14,1,26,124,1,1,1,1,26124,0.0,0.0
201400007609,17,2,14,16,1,26,170,1,1,1,1,26170,44.9097,4.9495
201400007610,22,2,14,9,1,26,250,2,1,1,2,RUE DU STADE,0.0,0.0
201400007611,6,3,14,7,1,26,366,1,1,1,3,26366,0.0,0.0
201400007612,8,3,14,19,3,26,72,1,1,1,2,26072,0.0,0.0
201400007613,14,3,14,10,1,26,58,1,1,1,1,26058,0.0,0.0
201400007614,30,3,14,19,1,26,110,1,1,1,5,26110,0.0,0.0
201400007615,31,3,14,15,1,26,37,1,1,1,5,26037,0.0,0.0
201400007616,31,3,14,9,1,26,64,1,1,1,5,26064,0.0,0.0
201400007617,10,4,14,21,3,26,337,1,1,1,6,26337,0.0,0.0
201400007618,12,4,14,19,1,26,347,1,1,1,2,26347,0.0,0.0
201400007619,17,4,14,13,1,26,165,1,1,1,6,26165,0.0,0.0
201400007620,22,4,14,16,1,26,347,2,1,1,3,AV DU VERCORS RESISTANCE,0.0,0.0
201400007621,26,4,14,20,3,26,362,1,1,3,3,26362,0.0,0.0
201400007622,14,5,14,14,1,26,166,1,1,1,3,26166,0.0,0.0
201400007623,21,5,14,13,1,26,124,1,1,1,5,26124,0.0,0.0
201400007624,25,5,14,19,1,26,124,1,1,1,6,26124,44.8623,4.8519
201400007625,26,5,14,15,1,26,58,1,1,1,6,26058,0.0,0.0
201400007626,27,5,14,7,1,26,165,1,1,1,7,26165,0.0,0.0
201400007627,1,6,14,7,1,26,84,1,1,1,2,26084,0.0,0.0
201400007628,24,6,14,8,1,26,165,1,3,1,3,26166,0.0,0.0
201400007629,8,6,14,8,1,26,97,1,1,1,3,26097,0.0,0.0
201400007630,1,6,14,10,1,26,124,1,1,1,7,26124,0.0,0.0
201400007631,19,6,14,18,1,26,165,1,1,1,6,26165,0.0,0.0
201400007632,22,6,14,19,1,26,64,1,1,1,3,26064,0.0,0.0
201400007633,8,7,14,18,1,26,124,1,1,2,7,26124,0.0,0.0
201400007634,10,7,14,11,1,26,64,2,4,2,6,26064,44.9009,5.0164
201400007635,21,7,14,9,1,26,166,1,3,1,1,26166,0.0,0.0
201400007636,31,7,14,18,1,26,165,1,1,1,1,26165,0.0,0.0
201400007637,31,7,14,16,1,26,64,1,1,1,7,,0.0,0.0
201400007638,6,8,14,17,1,26,208,1,1,1,5,26208,0.0,0.0
201400007639,31,8,14,20,2,26,362,1,1,1,6,26362,0.0,0.0
201400007640,11,9,14,17,1,26,313,2,1,1,1,AVENUE DE PROVENCE,0.0,0.0
201400007641,11,9,14,17,1,26,64,1,1,1,3,26064,0.0,0.0
201400007642,19,9,14,9,1,26,197,1,1,2,1,RUE DES MERISIERS,44.9432,4.9869
201400007643,24,9,14,10,1,26,166,2,1,1,6,QUARTIER LA MALADIERE,44.7439,4.8139
201400007644,30,9,14,9,1,26,170,1,3,1,1,AVENUE DU GUIMAND,44.9095,4.95
201400007645,28,9,14,17,1,26,170,2,1,1,6,26170,0.0,0.0
201400007646,4,10,14,4,3,26,208,1,1,1,6,26208,0.0,0.0
201400007647,6,10,14,11,1,26,37,1,1,1,1,26037,0.0,0.0
201400007648,12,10,14,9,3,26,124,1,1,1,6,26124,0.0,0.0
201400007649,15,10,14,18,2,26,206,1,1,1,3,26206,0.0,0.0
201400007650,18,10,14,14,1,26,196,1,1,1,7,26196,0.0,0.0
201400007651,23,10,14,15,1,26,165,1,1,1,2,26165,0.0,0.0
201400007652,27,10,14,13,1,26,206,1,1,1,7,26206,0.0,0.0
201400007653,23,10,14,14,1,26,166,1,2,1,3,26166,0.0,0.0
201400007654,16,11,14,9,1,26,64,1,1,1,6,26064,0.0,0.0
201400007655,3,11,14,6,1,26,313,1,1,2,6,26313,0.0,0.0
201400007656,13,12,14,0,3,26,170,1,1,1,6,26170,44.8953,4.9735
201400007657,19,11,14,13,1,26,166,1,1,1,1,26166,44.7589,4.834
201400007658,19,12,14,16,1,26,72,1,1,1,3,26072,0.0,0.0
201400007659,20,12,14,20,1,26,58,1,1,1,1,26058,44.965,4.9006
201400007660,21,12,14,4,3,26,64,1,1,1,6,26054,0.0,0.0
201400007661,22,12,14,15,1,26,206,1,1,1,5,26206,0.0,0.0
201400007662,24,12,14,12,1,26,37,1,1,1,3,26037,0.0,0.0
201400007663,1,2,14,9,1,13,62,1,1,9,1,,0.0,0.0
201400007664,5,8,14,17,1,13,80,1,1,1,1,,43.67,5.425
201400007665,6,8,14,16,1,13,80,1,1,1,1,,43.64,5.458
201400007666,14,8,14,9,1,13,15,1,1,1,6,1529 Route de Gardanne,43.44203,5.43976
201400007667,9,12,14,17,3,13,59,1,1,1,6,,0.0,0.0
201400007668,23,12,14,11,1,13,59,2,1,1,4,CD.556,0.0,0.0
201400007669,24,12,14,14,1,13,80,1,1,1,3,,43.65595,5.46913
201400007670,15,2,14,16,1,13,51,1,2,1,3,,43.58895,5.11922
201400007671,27,2,14,6,2,13,24,1,1,1,1,,0.0,0.0
201400007672,19,3,14,12,1,13,51,1,1,1,1,,0.0,0.0
201400007673,1,7,14,6,2,13,32,1,1,1,6,,0.0,0.0
201400007674,18,7,14,19,1,13,51,1,1,1,1,*,0.0,0.0
201400007675,19,7,14,4,3,13,112,1,1,1,6,,0.0,0.0
201400007676,3,10,14,20,3,13,69,2,1,1,7,Axe longeant canal EDF,43.62621,5.12488
201400007677,15,10,14,9,3,13,44,1,1,1,3,,0.0,0.0
201400007678,25,11,14,10,1,13,50,1,1,3,1,,0.0,0.0
201400007679,25,12,14,2,3,13,118,1,1,1,6,,0.0,0.0
201400007680,31,7,14,10,1,13,109,1,1,1,5,,0.0,0.0
201400007681,14,1,14,16,1,13,41,2,1,1,2,chemin de Colle Vieille,43.44092,5.45802
201400007682,11,2,14,6,3,13,41,1,1,1,5,,0.0,0.0
201400007683,25,2,14,2,5,13,60,2,1,1,6,La canet de Meyreuil RD7,0.0,0.0
201400007684,27,2,14,13,1,13,41,1,1,1,2,,0.0,0.0
201400007685,17,3,14,6,1,13,62,1,6,1,2,,0.0,0.0
201400007686,28,3,14,21,3,13,41,2,1,1,7,route de la cote d'azur,0.0,0.0
201400007687,14,4,14,13,1,13,41,2,1,1,6,chemin du moulin du Fort,0.0,0.0
201400007688,6,5,14,8,1,13,60,2,1,1,3,Allee des pins,0.0,0.0
201400007689,5,6,14,8,1,13,41,2,1,1,2,Boulevard Paul C?zanne,0.0,0.0
201400007690,17,6,14,9,1,13,41,2,1,1,5,PETIT CHEMIN D'AIX,0.0,0.0
201400007691,1,7,14,15,1,13,41,1,1,1,3,,0.0,0.0
201400007692,3,8,14,10,1,13,41,1,1,1,3,,0.0,0.0
201400007693,18,8,14,15,1,13,41,2,1,1,6,Rue Reynaud,0.0,0.0
201400007694,5,10,14,19,2,13,41,1,1,1,2,,0.0,0.0
201400007695,7,9,14,17,1,13,60,2,1,1,6,route du coteau rouge,0.0,0.0
201400007696,14,10,14,8,1,13,41,1,1,1,3,,0.0,0.0
201400007697,13,10,14,16,1,13,41,2,2,1,3,rue thiers,0.0,0.0
201400007698,18,10,14,16,1,13,60,1,1,1,7,,0.0,0.0
201400007699,19,10,14,20,4,13,62,1,1,1,2,,0.0,0.0
201400007700,2,11,14,19,5,13,41,2,1,1,6,RD 58 A,0.0,0.0
201400007701,8,11,14,8,1,13,41,1,1,1,7,,0.0,0.0
201400007702,18,11,14,14,1,13,41,2,1,1,3,RD  60,0.0,0.0
201400007703,26,3,14,7,1,13,99,1,1,1,5,,0.0,0.0
201400007704,28,5,14,16,1,13,99,1,1,1,6,,0.0,0.0
201400007705,5,6,14,17,1,13,48,1,1,1,1,,0.0,0.0
201400007706,19,6,14,15,1,13,99,1,1,1,1,,0.0,0.0
201400007707,23,8,14,7,2,13,48,1,1,1,1,,0.0,0.0
201400007708,22,10,14,18,3,13,74,2,9,1,3,rue du canal,0.0,0.0
201400007709,26,10,14,16,1,13,59,1,1,1,5,,0.0,0.0
201400007710,10,11,14,11,1,13,59,1,1,1,1,,0.0,0.0
201400007711,6,1,14,16,1,13,107,2,1,1,6,hameau des frenes,0.0,0.0
201400007712,13,2,14,19,5,13,15,2,1,2,3,Av. Pauline de Simiane,0.0,0.0
201400007713,10,4,14,17,1,13,15,1,6,1,3,,43.4288,5.40411
201400007714,13,4,14,17,1,13,15,1,1,1,6,,0.0,0.0
201400007715,24,7,14,14,1,13,15,2,1,1,5,d8n la mounine,0.0,0.0
201400007716,30,9,14,9,2,13,15,1,1,3,3,,0.0,0.0
201400007717,28,1,14,15,1,13,72,1,1,1,5,,0.0,0.0
201400007718,14,4,14,12,1,13,110,1,1,1,1,,0.0,0.0
201400007719,17,4,14,9,1,13,110,1,1,1,1,,0.0,0.0
201400007720,27,6,14,9,1,13,72,1,1,1,6,,0.0,0.0
201400007721,16,9,14,7,1,13,110,1,1,7,3,,0.0,0.0
201400007722,14,12,14,4,3,13,72,1,6,2,7,,0.0,0.0
201400007723,28,1,14,16,1,13,4,1,1,1,1,,0.0,0.0
201400007724,12,3,14,18,1,13,4,2,1,1,6,RAPHELE LES ARLES,0.0,0.0
201400007725,23,5,14,16,1,13,4,1,3,1,3,,0.0,0.0
201400007726,5,6,14,16,1,13,4,1,1,1,6,,0.0,0.0
201400007727,6,6,14,7,1,13,4,1,1,1,7,,0.0,0.0
201400007728,8,6,14,19,1,13,4,1,1,1,3,,0.0,0.0
201400007729,14,6,14,12,1,13,4,1,1,1,7,,0.0,0.0
201400007730,14,7,14,0,3,13,4,1,1,1,7,,0.0,0.0
201400007731,13,7,14,14,1,13,4,1,1,1,1,,0.0,0.0
201400007732,23,8,14,15,1,13,4,1,1,1,7,,0.0,0.0
201400007733,6,9,14,11,1,13,4,1,3,1,3,,43.6684,4.73941
201400007734,20,9,14,19,2,13,4,1,3,1,3,,43.66842,4.73953
201400007735,16,1,14,20,3,13,27,1,1,3,5,,0.0,0.0
201400007736,11,2,14,11,1,13,27,2,9,1,6,Avenue Rhin et Danube,0.0,0.0
201400007737,9,4,14,8,1,13,27,2,2,1,1,CD28,0.0,0.0
201400007738,19,5,14,14,1,13,66,1,1,1,1,,0.0,0.0
201400007739,9,10,14,7,2,13,27,1,1,1,5,,0.0,0.0
201400007740,18,10,14,16,1,13,66,1,1,1,3,,0.0,0.0
201400007741,22,5,14,0,5,13,96,2,2,1,3,01 route de Cacharel,0.0,0.0
201400007742,1,8,14,17,1,13,96,1,1,1,1,,0.0,0.0
201400007743,3,1,14,10,1,13,97,1,1,2,1,,0.0,0.0
201400007744,17,6,14,14,1,13,97,1,1,1,7,,0.0,0.0
201400007745,5,7,14,19,1,13,97,1,1,1,7,,0.0,0.0
201400007746,25,7,14,18,1,13,97,2,6,1,3,Rond-point D24 / D83B,43.64293,4.79969
201400007747,16,8,14,14,1,13,97,1,1,1,7,,0.0,0.0
201400007748,21,8,14,10,1,13,97,1,9,1,2,,0.0,0.0
201400007749,26,8,14,9,1,13,97,1,3,1,3,,0.0,0.0
201400007750,8,11,14,13,1,13,97,2,1,1,6,RD 113,0.0,0.0
201400007751,19,12,14,17,2,13,4,1,1,1,6,,0.0,0.0
201400007752,21,1,14,17,1,13,100,1,2,1,3,,0.0,0.0
201400007753,9,5,14,15,1,13,100,2,1,1,1,CD31 PK 2+500,0.0,0.0
201400007754,8,6,14,22,3,13,94,2,1,1,6,"av de Laurade, CD99",0.0,0.0
201400007755,3,7,14,5,2,13,100,1,1,1,6,,0.0,0.0
201400007756,1,8,14,15,1,13,100,1,1,1,1,,0.0,0.0
201400007757,29,9,14,20,3,13,52,1,1,1,3,,0.0,0.0
201400007758,20,12,14,10,1,13,100,2,1,1,6,39 boulevard Victor Hugo,43.78814,4.83282
201400007759,26,1,14,16,1,13,30,1,1,1,1,,0.0,0.0
201400007760,22,2,14,14,1,13,42,1,1,1,3,,0.0,0.0
201400007761,4,8,14,18,1,13,30,1,1,1,3,,43.27,5.686
201400007762,3,4,14,0,5,13,22,2,6,1,6,rond point des drapeaux,0.0,0.0
201400007763,4,6,14,15,1,13,22,1,1,1,1,,0.0,0.0
201400007764,4,6,14,18,1,13,22,1,1,1,3,,0.0,0.0
201400007765,11,6,14,8,1,13,22,1,1,1,3,,0.0,0.0
201400007766,15,8,14,23,3,13,22,1,1,1,1,,0.0,0.0
201400007767,23,1,14,10,1,13,85,2,1,1,6,chemin d stade,0.0,0.0
201400007768,25,1,14,18,3,13,119,2,1,1,3,ROND POINT DES BARLES,0.0,0.0
201400007769,30,8,14,8,1,13,85,1,1,1,2,,0.0,0.0
201400007770,12,9,14,11,1,13,119,2,1,1,2,ROUTE DE CASSIS,0.0,0.0
201400007771,25,9,14,16,1,13,85,1,1,1,6,,0.0,0.0
201400007772,5,3,14,18,2,13,73,2,1,1,3,RD 7 LE TERME,0.0,0.0
201400007773,5,8,14,21,3,13,73,1,1,1,1,,0.0,0.0
201400007774,18,10,14,10,1,13,46,1,1,1,1,,0.0,0.0
201400007775,11,1,14,17,3,13,7,1,1,1,1,CHE MOULIN DE REDON,0.0,0.0
201400007776,21,1,14,16,1,13,86,2,1,1,2,Rd 96,0.0,0.0
201400007777,5,3,14,10,1,13,31,2,7,1,6,ZAC LA TUILERIE,0.0,0.0
201400007778,16,5,14,17,1,13,86,2,1,1,3,BD S?raphin roux/D96,0.0,0.0
201400007779,19,5,14,20,1,13,86,1,1,1,1,,0.0,0.0
201400007780,15,7,14,10,1,13,7,2,1,1,6,Rue*Ravel Timoth?e,0.0,0.0
201400007781,26,7,14,18,1,13,86,2,1,1,5,"RD 96, PR 6 + 750",0.0,0.0
201400007782,14,8,14,3,5,13,86,2,1,1,1,2 rue ste anne,43.35207,5.60516
201400007783,19,8,14,15,1,13,86,2,1,1,3,RD96 - CH GAFFE DE QUINE,0.0,0.0
201400007784,31,8,14,12,1,13,86,1,1,1,3,,0.0,0.0
201400007785,5,9,14,15,1,13,86,1,1,1,3,,0.0,0.0
201400007786,14,9,14,11,1,13,7,1,1,1,1,,0.0,0.0
201400007787,9,11,14,14,1,13,86,1,1,2,1,,43.36128,5.61053
201400007788,18,12,14,19,3,13,16,1,1,1,6,Avenue de la Sainte-Baum,0.0,0.0
201400007789,21,2,14,17,1,13,14,2,1,1,6,"7, avenue de sylvan?s",0.0,0.0