Num_Acc,jour,mois,an,hr,condition_eclairage,departement,commune,condition_agglomeration,intersection,condition_atmosphere,type_collision,adresse,lattitude,longitude
201400007790,12,6,14,12,1,13,14,2,1,1,6,avenue joliot curie,43.48015,5.17391
201400007791,18,6,14,16,1,13,14,1,1,1,6,,0.0,0.0
201400007792,26,7,14,20,1,13,92,2,1,1,7,RD.10 le Pont Flavien,43.54175,5.04289
201400007793,10,8,14,11,1,13,14,2,6,1,6,avenue de la lib?ration,0.0,0.0
201400007794,29,8,14,21,3,13,92,1,1,1,6,,43.52793,5.09331
201400007795,9,9,14,20,3,13,14,1,1,1,6,,0.0,0.0
201400007796,21,9,14,15,1,13,14,1,1,1,6,,0.0,0.0
201400007797,19,11,14,15,1,13,14,1,1,1,1,,0.0,0.0
201400007798,28,3,14,8,1,13,35,2,1,7,1,Avenue Rene CASSIN,0.0,0.0
201400007799,6,6,14,8,1,13,35,1,1,1,2,,0.0,0.0
201400007800,23,2,14,21,3,13,105,1,1,1,1,,0.0,0.0
201400007801,24,3,14,8,1,13,53,2,1,1,6,avenue de craponne,0.0,0.0
201400007802,27,5,14,22,5,13,105,2,1,1,2,boulevard gallieni,0.0,0.0
201400007803,28,5,14,19,1,13,53,1,1,1,6,,0.0,0.0
201400007804,26,10,14,20,5,13,53,2,1,1,7,,0.0,0.0
201400007805,3,4,14,10,1,13,67,1,1,1,1,,0.0,0.0
201400007806,25,5,14,16,1,13,76,1,1,1,2,,0.0,0.0
201400007807,7,7,14,19,1,13,18,2,1,1,6,Route de ST ANDIOL,0.0,0.0
201400007808,9,7,14,17,2,13,34,1,1,1,5,,0.0,0.0
201400007809,4,8,14,20,2,13,89,1,1,1,6,,0.0,0.0
201400007810,3,10,14,14,1,13,18,2,1,1,1,route d'avignon,0.0,0.0
201400007811,13,5,14,9,1,13,81,1,2,1,3,,0.0,0.0
201400007812,15,5,14,23,5,13,81,2,1,1,6,,0.0,0.0
201400007813,6,3,14,15,1,13,84,1,1,1,3,,0.0,0.0
201400007814,9,3,14,13,1,13,82,1,1,7,1,,0.0,0.0
201400007815,17,5,14,21,2,13,84,1,1,1,7,,0.0,0.0
201400007816,5,6,14,15,1,13,82,1,1,1,5,,0.0,0.0
201400007817,17,6,14,15,1,13,84,1,1,1,2,,0.0,0.0
201400007818,19,9,14,18,1,13,84,1,2,1,3,,0.0,0.0
201400007819,20,10,14,3,3,13,91,1,1,1,6,,0.0,0.0
201400007820,10,3,14,17,1,40,47,1,1,1,6,,0.0,0.0
201400007821,11,3,14,17,2,40,46,2,3,1,3,Le village,0.0,0.0
201400007822,27,3,14,13,1,40,122,1,1,1,5,,0.0,0.0
201400007823,30,5,14,20,1,40,155,1,1,2,1,,0.0,0.0
201400007824,31,5,14,2,3,40,122,1,1,2,6,,0.0,0.0
201400007825,17,6,14,14,1,40,46,1,1,1,3,,0.0,0.0
201400007826,21,7,14,15,1,40,167,1,1,1,1,,0.0,0.0
201400007827,28,7,14,5,3,40,110,1,1,1,6,,0.0,0.0
201400007828,9,9,14,11,1,40,1,1,1,1,6,,0.0,0.0
201400007829,1,10,14,9,1,40,167,1,1,1,1,,0.0,0.0
201400007830,3,10,14,16,1,40,113,1,1,1,7,,0.0,0.0
201400007831,22,10,14,17,1,40,122,1,1,1,5,,0.0,0.0
201400007832,6,11,14,23,5,40,47,1,1,1,6,,0.0,0.0
201400007833,5,12,14,22,3,40,113,1,1,1,6,,0.0,0.0
201400007834,9,3,14,16,1,40,94,1,1,1,5,,0.0,0.0
201400007835,23,3,14,12,1,40,94,2,1,1,6,Avenue des Alpes,0.0,0.0
201400007836,28,4,14,15,1,40,94,2,1,1,6,Avenue des maronniers,43.75827,5.88648
201400007837,31,5,14,4,3,40,94,1,1,1,1,,0.0,0.0
201400007838,10,9,14,22,3,40,94,1,1,1,7,,0.0,0.0
201400007839,13,10,14,12,1,40,94,1,1,8,7,,0.0,0.0
201400007840,9,12,14,15,1,40,230,1,1,1,1,,0.0,0.0
201400007841,21,12,14,19,3,40,230,1,1,1,3,,0.0,0.0
201400007842,17,1,14,9,1,40,106,1,1,8,7,,0.0,0.0
201400007843,12,2,14,7,2,40,108,1,1,1,5,,0.0,0.0
201400007844,12,2,14,9,1,40,108,1,1,9,7,,0.0,0.0
201400007845,10,4,14,17,1,40,116,1,1,1,1,,0.0,0.0
201400007846,22,4,14,15,1,40,143,1,7,1,6,Allee Arthur Gouin,43.91602,5.91864
201400007847,9,7,14,7,1,40,34,1,1,1,7,,0.0,0.0
201400007848,1,8,14,12,1,40,149,1,1,1,1,,0.0,0.0
201400007849,25,8,14,9,1,40,149,2,1,1,1,avenue st roch,0.0,0.0
201400007850,20,11,14,4,1,40,108,1,1,1,2,,0.0,0.0
201400007851,21,11,14,11,1,40,116,1,1,1,6,,0.0,0.0
201400007852,22,4,14,18,2,40,204,1,1,2,7,,0.0,0.0
201400007853,21,4,14,17,1,40,204,1,1,2,7,,0.0,0.0
201400007854,6,7,14,19,1,40,121,1,1,1,6,Lieu-dit ferme de Prefai,0.0,0.0
201400007855,15,7,14,11,1,40,22,1,1,1,1,,0.0,0.0
201400007856,16,7,14,12,1,40,54,1,1,1,6,,0.0,0.0
201400007857,28,7,14,16,1,40,31,1,1,1,7,,0.0,0.0
201400007858,15,8,14,20,2,40,204,1,1,1,6,,0.0,0.0
201400007859,21,8,14,18,1,40,31,1,1,1,7,,0.0,0.0
201400007860,27,5,14,19,1,40,86,1,1,1,7,,0.0,0.0
201400007861,9,8,14,14,1,40,100,1,1,1,5,Lieu-dit Maison Meane,44.434,6.871
201400007862,16,8,14,13,1,40,120,1,2,1,3,,0.0,0.0
201400007863,11,8,14,12,1,40,86,1,1,1,1,,0.0,0.0
201400007864,27,8,14,2,3,40,226,1,1,2,6,,0.0,0.0
201400007865,26,11,14,18,5,40,19,2,7,2,6,place Aime Gassier,44.38604,6.65108
201400007866,31,12,14,9,5,40,96,2,1,1,6,Route de Restefond,0.0,0.0
201400007867,3,2,14,12,1,40,198,1,1,1,3,,0.0,0.0
201400007868,11,8,14,17,1,40,198,1,1,1,1,,0.0,0.0
201400007869,10,9,14,12,1,40,198,1,3,7,1,,44.45006,6.37116
201400007870,16,3,14,8,1,40,161,1,1,1,5,,0.0,0.0
201400007871,11,6,14,17,1,40,198,1,1,1,7,,0.0,0.0
201400007872,14,7,14,12,1,40,154,1,1,1,3,Lieu-dit les Chappas,0.0,0.0
201400007873,1,8,14,13,1,40,198,1,1,1,3,,0.0,0.0
201400007874,15,8,14,17,1,40,102,1,1,1,3,,0.0,0.0
201400007875,14,10,14,17,1,40,102,1,1,1,1,,0.0,0.0
201400007876,20,12,14,7,2,40,33,1,1,9,7,,0.0,0.0
201400007877,19,4,14,16,1,40,92,1,1,1,1,,0.0,0.0
201400007878,2,5,14,16,1,40,148,1,1,8,5,,0.0,0.0
201400007879,11,7,14,4,3,40,171,1,1,1,7,,0.0,0.0
201400007880,15,7,14,12,1,40,39,1,1,1,7,Hameau de Sionne,0.0,0.0
201400007881,27,7,14,10,1,40,39,1,1,1,6,,0.0,0.0
201400007882,27,7,14,16,1,40,39,1,1,1,1,,0.0,0.0
201400007883,19,8,14,15,1,40,39,1,1,1,6,,0.0,0.0
201400007884,31,8,14,13,1,40,171,1,1,1,7,,0.0,0.0
201400007885,4,9,14,14,1,40,39,1,1,1,2,,0.0,0.0
201400007886,10,10,14,17,1,40,39,1,1,1,6,,0.0,0.0
201400007887,19,10,14,12,1,40,183,1,1,1,7,,0.0,0.0
201400007888,2,1,14,10,1,40,115,1,1,4,6,,0.0,0.0
201400007889,28,9,14,17,1,40,8,1,1,1,7,,0.0,0.0
201400007890,26,10,14,11,1,40,115,1,1,1,1,,0.0,0.0
201400007891,9,3,14,0,3,40,219,1,1,1,1,,0.0,0.0
201400007892,15,8,14,19,1,40,6,1,1,1,1,,0.0,0.0
201400007893,22,8,14,12,1,40,25,1,1,1,2,,0.0,0.0
201400007894,29,1,14,8,2,40,166,1,1,1,3,,0.0,0.0
201400007895,14,4,14,15,1,40,81,1,1,7,7,Chemin du bians,43.74075,5.96759
201400007896,16,4,14,16,1,40,172,1,1,1,6,,0.0,0.0
201400007897,19,4,14,13,1,40,166,2,1,1,4,RUE DU PONT JACQUET,0.0,0.0
201400007898,19,4,14,14,1,40,166,1,1,1,5,,0.0,0.0
201400007899,25,4,14,15,1,40,81,1,1,1,6,,0.0,0.0
201400007900,2,7,14,18,1,40,124,1,1,1,3,,43.771,6.097
201400007901,5,7,14,12,1,40,157,1,1,1,2,,43.886,6.132
201400007902,10,8,14,0,3,40,81,1,1,1,6,,0.0,0.0
201400007903,22,8,14,6,3,40,4,1,1,1,6,,43.779,6.056
201400007904,5,9,14,14,1,40,4,1,1,1,6,,0.0,0.0
201400007905,23,9,14,12,1,40,166,1,1,1,7,,0.0,0.0
201400007906,23,10,14,8,1,40,81,1,1,1,7,,0.0,0.0
201400007907,16,11,14,17,3,40,135,2,1,1,6,D952,0.0,0.0
201400007908,17,11,14,16,1,40,166,1,1,7,6,,0.0,0.0
201400007909,5,3,14,13,1,40,160,1,1,1,7,,0.0,0.0
201400007910,20,4,14,10,1,40,160,1,1,2,6,,0.0,0.0
201400007911,22,5,14,10,1,40,242,1,1,1,3,,0.0,0.0
201400007912,30,7,14,17,1,40,160,1,1,1,5,,0.0,0.0
201400007913,9,8,14,9,1,40,45,2,1,1,1,chemin de la falaise,0.0,0.0
201400007914,27,9,14,12,1,40,160,1,2,1,3,,0.0,0.0
201400007915,30,9,14,7,2,40,241,1,1,2,1,lieu-dit La Bajoulle,0.0,0.0
201400007916,6,10,14,8,2,40,188,2,1,7,5,"Carrefour des ""4 reines""",0.0,0.0
201400007917,28,11,14,16,1,40,242,1,1,8,6,,0.0,0.0
201400007918,10,12,14,12,1,40,138,1,1,1,3,,0.0,0.0
201400007919,31,12,14,7,2,40,160,1,1,1,1,,0.0,0.0
201400007920,2,2,14,11,1,40,65,1,1,1,6,,0.0,0.0
201400007921,9,3,14,15,1,40,141,1,1,1,7,,0.0,0.0
201400007922,21,8,14,16,1,40,162,2,1,1,7,,0.0,0.0
201400007923,23,8,14,15,1,40,162,1,1,1,1,,0.0,0.0
201400007924,9,10,14,9,1,40,109,1,1,1,6,,0.0,0.0
201400007925,26,10,14,12,1,40,130,1,1,1,7,,0.0,0.0
201400007926,23,2,14,14,1,40,152,2,1,1,1,chemin du Quair,0.0,0.0
201400007927,28,6,14,9,1,40,197,2,3,1,2,RD4096,0.0,0.0
201400007928,5,7,14,15,1,40,197,2,2,1,5,les bastides blanches,0.0,0.0
201400007929,24,7,14,21,3,40,128,1,1,1,6,Lieu-dit les Maures,0.0,0.0
201400007930,12,9,14,20,4,40,197,2,1,1,6,RD4096 avenue PAUL,0.0,0.0
201400007931,15,10,14,8,1,40,152,2,1,1,1,route de Manosque,0.0,0.0
201400007932,16,1,14,18,5,40,209,2,1,2,6,31 AVENUE JEAN JAURES,44.18452,5.94892
201400007933,11,5,14,10,1,40,123,1,1,2,7,,0.0,0.0
201400007934,1,6,14,12,1,40,49,2,2,1,3,rue Emile BOUYOUD,44.077,5.99
201400007935,12,6,14,17,1,40,140,1,1,1,7,,44.177,5.619
201400007936,15,6,14,6,1,40,13,1,1,1,6,,0.0,0.0
201400007937,30,9,14,8,1,40,209,2,1,2,3,route de gap,44.218,5.926
201400007938,15,12,14,18,3,40,145,1,1,2,3,,0.0,0.0
201400007939,29,12,14,16,1,40,79,1,1,1,1,,44.084,6.018
201400007940,12,4,14,21,3,40,233,1,1,1,7,,0.0,0.0
201400007941,23,5,14,19,1,40,50,1,1,1,7,,0.0,0.0
201400007942,31,5,14,11,1,40,26,1,1,1,6,,0.0,0.0
201400007943,31,5,14,3,3,50,73,1,1,1,6,,44.35669,5.85857
201400007944,2,6,14,18,1,50,34,1,1,1,6,,44.27409,5.79454
201400007945,12,7,14,17,1,50,78,1,2,1,3,,44.38708,5.93593
201400007946,15,7,14,8,1,50,70,2,1,7,6,Avenue du maquis morvan,44.31156,5.82435
201400007947,22,8,14,21,3,50,53,1,1,1,2,,44.33649,5.7817
201400007948,18,10,14,22,3,50,34,1,1,1,7,,44.29482,5.82107
201400007949,24,10,14,15,1,50,70,2,1,1,6,7 Place de la Fontaine,44.31411,5.82283
201400007950,3,2,14,10,1,50,96,2,1,1,3,RD944 Bousensayes,44.68337,6.31081
201400007951,26,7,14,18,1,50,56,1,3,1,1,,44.63897,6.44491
201400007952,12,8,14,13,1,50,95,1,1,1,6,,44.69917,5.99781
201400007953,19,8,14,10,1,50,96,1,1,1,4,05170,44.68411,6.32802
201400007954,12,10,14,18,2,50,4,1,1,1,1,,44.62313,6.16713
201400007955,15,11,14,9,1,50,96,1,1,4,7,,44.69204,6.32024
201400007956,11,12,14,9,1,50,4,1,1,9,6,,44.61788,6.18095
201400007957,9,3,14,19,5,50,115,2,1,1,1,,44.46782,6.16758
201400007958,4,5,14,12,1,50,11,1,1,1,5,,44.54559,6.19839
201400007959,12,8,14,16,1,50,68,1,1,1,3,,44.47818,6.09661
201400007960,19,9,14,19,2,50,176,1,1,1,5,,44.47316,6.12586
201400007961,8,2,14,6,2,50,16,1,1,5,7,05700,44.466,5.74938
201400007962,28,4,14,14,1,50,10,1,1,1,6,,44.55543,5.76734
201400007963,7,5,14,18,1,50,87,1,1,2,7,,44.59517,5.85809
201400007964,30,5,14,15,1,50,179,1,1,8,1,,44.52461,5.80389
201400007965,3,6,14,20,1,50,35,1,1,1,6,,44.50411,5.84924
201400007966,28,2,14,15,1,50,164,1,1,4,7,,44.37566,6.37565
201400007967,11,5,14,10,1,50,45,1,1,3,6,,44.54158,6.47791
201400007968,16,5,14,16,1,50,46,1,6,1,1,,44.5862,6.51329
201400007969,18,5,14,18,1,50,46,1,9,1,1,,44.58952,6.51387
201400007970,16,6,14,15,1,50,45,1,1,1,5,,44.53626,6.46993
201400007971,5,8,14,23,3,50,163,1,1,1,1,,44.49976,6.34563
201400007972,29,8,14,19,2,50,164,1,1,1,7,,44.54605,6.38415
201400007973,1,9,14,15,1,50,45,1,1,1,2,,44.53167,6.43918
201400007974,23,6,14,1,3,50,157,1,1,1,6,,44.7038,6.8551
201400007975,26,5,14,15,1,50,124,1,3,1,3,,44.57734,6.14895
201400007976,24,8,14,3,3,50,84,1,1,1,7,,44.55688,6.2368
201400007977,20,4,14,5,3,50,177,1,1,1,7,,44.58184,6.6836
201400007978,1,6,14,15,1,50,65,2,1,7,7,Face au chalet Alpin,44.66017,6.65339
201400007979,8,8,14,9,1,50,52,2,1,1,2,rue de l'astragale,44.6784,6.61764
201400007980,12,8,14,14,1,50,52,2,1,1,2,RN94,44.67701,6.6164
201400007981,19,8,14,1,3,50,26,2,1,1,7,D60,44.66482,6.77557
201400007982,30,9,14,13,1,50,65,1,1,2,1,,44.65685,6.634
201400007983,30,9,14,18,2,50,65,1,1,2,1,,44.66525,6.66525
201400007984,26,2,14,19,4,60,48,1,1,1,1,,0.0,0.0
201400007985,15,6,14,22,3,60,43,1,1,1,7,,0.0,0.0
201400007986,19,8,14,8,1,60,48,2,1,1,3,,0.0,0.0
201400007987,5,9,14,19,1,60,43,1,1,1,1,,0.0,0.0
201400007988,7,9,14,13,1,60,48,2,1,1,3,Route de la Vern?a,0.0,0.0
201400007989,28,10,14,17,2,60,48,2,7,1,6,PLACE JEAN ALLARDI,0.0,0.0
201400007990,28,11,14,8,1,60,48,1,1,8,3,,0.0,0.0
201400007991,29,3,14,12,1,60,91,1,9,1,3,,0.0,0.0
201400007992,23,10,14,10,1,60,57,2,8,1,6,06440 l'escar?ne,0.0,0.0
201400007993,29,10,14,9,1,60,57,1,1,1,6,,0.0,0.0
201400007994,29,10,14,16,1,60,57,1,1,1,6,,0.0,0.0
201400007995,18,11,14,15,1,60,77,1,1,1,7,,0.0,0.0
201400007996,8,12,14,11,1,60,91,2,1,1,2,route de la grave,0.0,0.0
201400007997,31,5,14,6,1,60,75,1,1,1,6,,43.833,7.257
201400007998,20,6,14,10,1,60,75,1,1,1,1,,43.831,7.237
201400007999,25,9,14,19,3,60,147,1,1,1,7,,43.803,7.277
201400008000,26,11,14,18,5,60,75,2,1,2,3,670 av charles de gaulle,43.858,7.233
201400008001,30,9,14,15,1,60,103,1,1,2,6,,44.01,7.309
201400008002,14,10,14,10,1,60,151,1,1,3,5,,0.0,0.0
201400008003,24,11,14,8,1,60,151,1,1,1,1,,0.0,0.0
201400008004,19,11,14,7,5,60,149,2,1,1,6,57 Bd De Gaulle,0.0,0.0
201400008005,23,7,14,12,1,60,54,1,1,1,1,,0.0,0.0
201400008006,27,1,14,17,1,60,79,2,1,1,6,Bld de la lib?ration,0.0,0.0
201400008007,14,2,14,16,1,60,79,1,1,1,6,,0.0,0.0
201400008008,4,4,14,9,1,60,79,2,1,9,5,route feinerie mandelieu,0.0,0.0
201400008009,22,4,14,16,1,60,90,2,1,1,6,2855 route de la f?nerie,0.0,0.0
201400008010,24,4,14,11,1,60,79,2,1,1,1,D6098,0.0,0.0
201400008011,7,5,14,20,5,60,79,2,1,1,1,Avenue Henry Clews,0.0,0.0
201400008012,13,5,14,9,1,60,79,1,1,1,1,,0.0,0.0
201400008013,13,6,14,14,1,60,138,1,1,1,6,,0.0,0.0
201400008014,1,7,14,14,1,60,90,2,1,1,1,,0.0,0.0
201400008015,16,7,14,12,1,60,90,1,1,7,1,,0.0,0.0
201400008016,17,7,14,18,1,60,79,2,1,1,3,Avenue de Fr?jus,0.0,0.0
201400008017,20,7,14,13,1,60,79,2,1,1,3,avenue de la r?publique,0.0,0.0
201400008018,25,7,14,10,1,60,79,1,1,1,1,,0.0,0.0
201400008019,7,8,14,9,1,60,138,2,1,1,1,2 RUE DE LERINS,0.0,0.0
201400008020,28,8,14,19,1,60,90,2,1,1,7,avenue frederic mistral,0.0,0.0
201400008021,30,8,14,15,1,60,79,2,1,1,3,av de fr?jus,0.0,0.0
201400008022,3,10,14,7,2,60,138,1,1,2,1,,0.0,0.0
201400008023,11,10,14,17,1,60,79,1,1,1,1,,0.0,0.0
201400008024,23,10,14,16,1,60,79,2,6,1,7,rond point de l'espace,0.0,0.0
201400008025,26,10,14,10,1,60,79,1,1,1,5,,0.0,0.0
201400008026,11,12,14,19,5,60,79,2,1,1,6,avenue du capitaine de c,0.0,0.0
201400008027,15,1,14,15,1,60,70,1,1,1,7,,0.0,0.0
201400008028,12,4,14,10,1,60,28,1,1,1,2,,0.0,0.0
201400008029,16,6,14,14,1,60,81,1,1,1,7,,0.0,0.0
201400008030,21,6,14,18,1,60,134,1,1,1,7,,0.0,0.0
201400008031,4,7,14,16,1,60,134,1,1,1,7,,0.0,0.0
201400008032,18,7,14,19,1,60,154,1,1,1,3,,0.0,0.0
201400008033,27,7,14,18,1,60,70,1,1,1,7,,0.0,0.0
201400008034,5,10,14,16,1,60,134,1,1,1,5,,0.0,0.0
201400008035,25,12,14,16,1,60,3,1,1,1,6,,0.0,0.0
201400008036,13,9,14,3,5,60,17,1,1,1,6,,43.809,7.1
201400008037,21,9,14,11,1,60,128,2,1,1,3,528 route de la colle,43.702,7.117
201400008038,25,10,14,9,1,60,157,2,1,1,6,953 rte de saint jeannet,43.739,7.129
201400008039,30,11,14,17,5,60,157,2,1,1,7,avenue henri giraud,0.0,0.0
201400008040,6,4,14,12,1,60,109,1,1,1,6,,0.0,0.0
201400008041,16,6,14,19,1,60,33,1,1,1,1,,0.0,0.0
201400008042,10,8,14,11,1,60,6,1,1,1,1,,0.0,0.0
201400008043,29,10,14,18,5,60,64,2,9,1,6,Rond point de La Manda,0.0,0.0
201400008044,27,1,14,10,1,60,163,1,1,1,6,,0.0,0.0
201400008045,26,4,14,11,1,60,23,1,1,1,6,,43.953,7.516
201400008046,20,6,14,16,1,60,163,1,1,1,6,,0.0,0.0
201400008047,22,6,14,16,1,60,905,1,1,1,1,,0.0,0.0
201400008048,10,8,14,11,1,60,163,1,1,1,6,,0.0,0.0
201400008049,17,8,14,12,1,60,163,1,1,1,3,,0.0,0.0
201400008050,16,10,14,14,1,60,23,1,1,1,6,,0.0,0.0
201400008051,28,10,14,16,1,60,23,2,1,1,6,287 route de la madonne,0.0,0.0
201400008052,7,11,14,11,1,60,23,2,1,1,6,boulevard jean jaures,0.0,0.0
201400008053,5,12,14,12,1,60,62,1,1,1,6,,0.0,0.0
201400008054,19,4,14,12,1,60,32,2,1,1,1,avenue du 3 septembre,0.0,0.0
201400008055,8,5,14,8,1,60,150,1,1,1,3,,0.0,0.0
201400008056,3,7,14,14,1,60,32,2,1,1,1,avenue trois septembre,0.0,0.0
201400008057,16,9,14,9,1,60,150,1,1,1,1,,0.0,0.0
201400008058,2,12,14,22,5,60,32,2,1,1,6,5 Av Prince.RAINIER III,0.0,0.0
201400008059,18,12,14,15,1,60,150,1,1,1,5,,0.0,0.0
201400008060,21,6,14,16,1,60,99,1,1,1,6,,0.0,0.0
201400008061,7,8,14,16,1,60,144,1,1,1,1,,0.0,0.0
201400008062,19,8,14,17,1,60,101,1,1,1,5,,43.933,6.94
201400008063,7,9,14,16,1,60,158,2,9,1,3,villars gare,0.0,0.0
201400008064,13,1,14,8,1,60,135,1,1,1,7,,43.881,6.978
201400008065,9,6,14,15,1,60,106,1,1,1,1,,43.835,7.183
201400008066,26,6,14,7,1,60,97,2,1,1,1,1972 ch. vieux pierrefeu,43.871,7.091
201400008067,24,8,14,4,3,60,135,1,1,1,6,,0.0,0.0
201400008068,19,10,14,17,1,60,141,1,1,1,1,,0.0,0.0
201400008069,22,1,14,18,3,60,42,1,1,1,3,,0.0,0.0
201400008070,28,9,14,17,1,60,73,1,1,1,6,,0.0,0.0
201400008071,30,12,14,16,2,60,129,1,1,1,7,,0.0,0.0
201400008072,31,12,14,10,1,60,73,1,1,1,1,,0.0,0.0
201400008073,16,1,14,11,1,60,120,1,1,4,3,,0.0,0.0
201400008074,18,2,14,17,1,83,4,1,1,1,1,,0.0,0.0
201400008075,18,2,14,17,1,83,4,1,1,1,3,,0.0,0.0
201400008076,1,3,14,1,5,83,86,2,1,1,6,Bd de la lliberation,0.0,0.0
201400008077,4,3,14,18,2,83,148,1,1,1,3,,0.0,0.0
201400008078,1,4,14,7,1,83,148,2,1,1,5,RN7 face impasse p?ade,0.0,0.0
201400008079,6,5,14,23,5,83,86,2,1,1,6,Boulevard des ferrieres,43.47625,6.54524
201400008080,11,5,14,15,1,83,4,1,1,1,5,,0.0,0.0
201400008081,11,7,14,12,1,83,4,1,1,1,7,,0.0,0.0
201400008082,17,7,14,17,1,83,86,1,6,1,3,,0.0,0.0
201400008083,17,9,14,8,5,83,86,2,1,1,6,Route de la Motte,0.0,0.0
201400008084,18,2,14,18,2,83,56,1,1,1,3,,0.0,0.0
201400008085,24,5,14,17,1,83,28,1,1,1,2,,0.0,0.0
201400008086,4,8,14,18,1,83,20,1,1,1,6,,0.0,0.0
201400008087,5,8,14,17,1,83,28,1,1,1,7,,0.0,0.0
201400008088,17,8,14,16,1,83,82,1,1,1,7,,0.0,0.0
201400008089,30,8,14,15,1,83,40,1,1,1,7,,43.80345,6.61075
201400008090,7,9,14,9,1,83,28,1,1,1,1,,0.0,0.0
201400008091,27,11,14,17,3,83,56,1,1,3,7,,0.0,0.0
201400008092,28,1,14,10,1,83,55,1,1,1,3,,0.0,0.0
201400008093,6,5,14,11,1,83,138,1,1,1,6,Chemin des Crouis,43.58931,6.72997
201400008094,5,6,14,14,1,83,124,2,1,1,2,626 route de bargemon,0.0,0.0
201400008095,30,7,14,18,1,83,29,1,1,1,1,Quartier Les prairies,0.0,0.0
201400008096,2,9,14,18,1,83,81,2,1,1,3,chemin de la barriere,0.0,0.0
201400008097,8,9,14,16,1,83,124,2,1,1,6,3 rue de la font d'amont,43.63674,6.6426
201400008098,8,9,14,18,1,83,138,2,1,1,7,171 chemin des termes,43.61879,6.70115
201400008099,4,10,14,21,3,83,138,2,1,8,3,Rd 19,0.0,0.0
201400008100,18,11,14,10,1,83,138,1,1,1,7,,0.0,0.0
201400008101,11,12,14,8,1,83,81,1,1,1,1,,0.0,0.0
201400008102,31,1,14,17,2,83,72,2,1,1,6,22 Boulevard clemenceau,43.49309,6.36151
201400008103,25,3,14,15,1,83,136,1,1,1,2,,0.0,0.0
201400008104,1,4,14,10,1,83,72,2,1,1,6,360 route des arcs,0.0,0.0
201400008105,14,6,14,8,1,83,58,1,1,1,1,,0.0,0.0
201400008106,22,7,14,13,1,83,72,1,1,1,1,,0.0,0.0
201400008107,23,10,14,16,1,83,72,1,1,1,1,,0.0,0.0
201400008108,17,3,14,16,1,83,67,2,1,1,3,RD97,0.0,0.0
201400008109,19,3,14,17,1,83,31,1,1,1,2,,43.422,6.327
201400008110,30,3,14,18,1,83,67,1,1,1,6,,0.0,0.0
201400008111,24,5,14,4,3,83,73,1,1,1,6,,0.0,0.0
201400008112,10,8,14,12,1,83,31,1,1,1,2,,0.0,0.0
201400008113,14,9,14,22,1,83,73,1,1,1,7,,0.0,0.0
201400008114,8,10,14,8,2,83,73,1,1,1,6,,0.0,0.0
201400008115,10,10,14,17,1,83,18,1,1,1,1,,43.561,6.384
201400008116,21,11,14,15,1,83,31,1,1,1,1,,0.0,0.0
201400008117,21,7,14,19,1,83,7,1,1,1,1,,0.0,0.0
201400008118,25,8,14,22,3,83,121,1,1,1,7,,0.0,0.0
201400008119,20,9,14,0,4,83,121,1,1,1,7,,43.583,6.2
201400008120,18,1,14,18,3,83,23,2,1,2,6,Quartier St Jean,43.4069,6.0494
201400008121,20,1,14,17,5,83,23,2,1,1,6,av des berges,43.4095,6.063
201400008122,11,3,14,15,1,83,143,1,1,1,3,,0.0,0.0
201400008123,16,3,14,9,1,83,23,2,1,1,6,Chemin des ADRETS,43.41608,6.06153
201400008124,13,5,14,17,1,83,143,1,1,1,1,,0.0,0.0
201400008125,14,5,14,18,1,83,143,2,1,7,1,ROUTE DE VINS SUR CARAMY,0.0,0.0
201400008126,16,5,14,11,1,83,23,1,1,1,1,,0.0,0.0
201400008127,17,5,14,19,1,83,23,2,1,1,6,chemin de ceinture,43.41006,6.05247
201400008128,30,5,14,18,2,83,23,1,1,3,3,,0.0,0.0
201400008129,3,6,14,8,1,83,23,2,1,1,3,Chemin saint-jean,43.4063,6.04976
201400008130,24,6,14,9,1,83,37,1,1,1,3,,0.0,0.0
201400008131,26,9,14,19,2,83,143,1,1,1,1,,0.0,0.0
201400008132,22,10,14,13,1,83,143,2,1,1,6,2240 Route de Carces,0.0,0.0
201400008133,29,10,14,15,1,83,23,1,1,1,2,,0.0,0.0
201400008134,30,10,14,19,3,83,23,1,1,1,2,,0.0,0.0
201400008135,28,10,14,14,1,83,84,2,1,1,3,ROUTE DEPARTEMENTALE 13,0.0,0.0
201400008136,11,11,14,7,2,83,12,1,1,3,1,,0.0,0.0
201400008137,15,1,14,10,1,83,150,1,1,1,6,,0.0,0.0
201400008138,17,4,14,10,1,83,113,1,1,1,7,,0.0,0.0
201400008139,13,8,14,5,2,83,6,1,1,1,6,,0.0,0.0
201400008140,7,10,14,10,1,83,150,2,1,1,7,90 rue saint andr?,0.0,0.0
201400008141,5,11,14,8,3,83,104,1,1,1,1,,0.0,0.0
201400008142,8,11,14,3,3,83,104,1,1,1,7,,0.0,0.0
201400008143,4,1,14,20,3,83,77,1,1,2,1,,0.0,0.0
201400008144,8,1,14,16,1,83,59,1,1,1,3,,0.0,0.0
201400008145,14,1,14,3,3,83,106,1,1,1,7,,0.0,0.0