Num_Acc,jour,mois,an,hr,condition_eclairage,departement,commune,condition_agglomeration,intersection,condition_atmosphere,type_collision,adresse,lattitude,longitude
201400008146,23,2,14,12,1,83,77,1,1,1,2,,0.0,0.0
201400008147,23,2,14,15,1,83,77,1,1,1,7,,0.0,0.0
201400008148,7,3,14,13,1,83,77,1,1,1,7,,0.0,0.0
201400008149,12,3,14,20,3,83,77,1,1,1,6,,0.0,0.0
201400008150,15,3,14,15,1,83,76,1,1,1,7,,0.0,0.0
201400008151,13,4,14,18,1,83,108,1,1,1,1,,0.0,0.0
201400008152,14,4,14,6,1,83,77,2,1,1,3,LA SOURCE,0.0,0.0
201400008153,28,4,14,19,1,83,64,1,1,1,6,,0.0,0.0
201400008154,25,5,14,11,1,83,88,2,1,1,3,rue republique,43.31072,6.01168
201400008155,22,7,14,22,3,83,77,1,1,1,6,,0.0,0.0
201400008156,29,7,14,18,1,83,106,1,1,1,6,,0.0,0.0
201400008157,8,8,14,21,3,83,108,1,1,1,6,,0.0,0.0
201400008158,10,8,14,17,1,83,77,1,1,1,5,,0.0,0.0
201400008159,13,9,14,16,1,83,108,1,1,1,3,,0.0,0.0
201400008160,25,9,14,6,5,83,59,2,1,1,6,,0.0,0.0
201400008161,2,10,14,16,1,83,59,1,1,1,2,,0.0,0.0
201400008162,18,10,14,11,1,83,77,1,1,1,7,,0.0,0.0
201400008163,22,10,14,16,1,83,64,2,1,1,1,,0.0,0.0
201400008164,16,11,14,9,3,83,106,1,1,1,6,,0.0,0.0
201400008165,17,11,14,22,3,83,108,1,1,1,7,,0.0,0.0
201400008166,23,11,14,16,1,83,108,2,1,1,6,D 64 PR 4+900,0.0,0.0
201400008167,22,12,14,2,3,83,59,1,1,1,6,,0.0,0.0
201400008168,23,12,14,13,1,83,64,1,2,1,3,,0.0,0.0
201400008169,28,1,14,8,1,83,116,2,1,1,5,deviation d560 a,0.0,0.0
201400008170,10,2,14,18,3,83,140,1,1,1,3,,0.0,0.0
201400008171,28,2,14,6,3,83,140,1,1,1,6,,0.0,0.0
201400008172,26,3,14,13,1,83,125,1,1,1,5,,0.0,0.0
201400008173,27,3,14,16,1,83,97,1,1,1,4,,0.0,0.0
201400008174,7,5,14,12,1,83,116,2,1,1,6,ROUTE DE NICE RN7,0.0,0.0
201400008175,7,7,14,22,3,83,89,1,1,1,6,,0.0,0.0
201400008176,6,9,14,10,1,83,116,1,1,1,3,,0.0,0.0
201400008177,5,11,14,20,3,83,125,1,1,1,1,,0.0,0.0
201400008178,21,11,14,17,2,83,116,1,1,1,1,,0.0,0.0
201400008179,25,1,14,13,1,83,107,1,1,1,1,,0.0,0.0
201400008180,3,2,14,7,2,83,107,1,1,1,3,Route de marchandise,43.46464,6.63639
201400008181,4,3,14,15,1,83,107,1,1,1,6,,0.0,0.0
201400008182,5,4,14,1,3,83,107,1,1,1,7,,0.0,0.0
201400008183,6,4,14,12,1,83,107,1,1,1,6,,43.421,6.674
201400008184,11,4,14,17,1,83,107,1,1,1,3,,0.0,0.0
201400008185,19,4,14,15,1,83,1,1,1,1,6,,0.0,0.0
201400008186,9,5,14,9,1,83,107,1,1,1,1,,0.0,0.0
201400008187,12,5,14,15,1,83,1,1,1,1,6,,43.552,6.791
201400008188,12,5,14,11,1,83,107,1,1,1,1,,0.0,0.0
201400008189,17,5,14,16,1,83,107,1,1,1,2,,0.0,0.0
201400008190,16,6,14,17,1,83,107,2,1,1,6,1130 chemin des fourques,43.46095,6.62643
201400008191,20,6,14,17,1,83,99,1,1,1,1,,0.0,0.0
201400008192,8,7,14,15,1,83,107,1,1,1,1,,0.0,0.0
201400008193,12,7,14,16,1,83,107,1,1,2,7,,43.459,6.618
201400008194,19,8,14,21,3,83,107,1,1,1,1,,43.437,6.653
201400008195,22,8,14,5,3,83,99,1,1,1,1,,0.0,0.0
201400008196,29,8,14,10,1,83,107,1,9,1,6,,43.46,6.61
201400008197,23,10,14,19,5,83,99,2,1,1,2,RN 7 - PK 91.200,0.0,0.0
201400008198,8,11,14,15,1,83,99,2,1,1,6,RN 7 - PK croissant,0.0,0.0
201400008199,18,12,14,7,2,83,99,1,1,1,1,,0.0,0.0
201400008200,12,1,14,20,5,83,42,2,1,1,6,avenue de la cauquiere,43.248,6.53
201400008201,19,1,14,20,5,83,68,1,1,2,7,,0.0,0.0
201400008202,5,4,14,20,5,83,42,2,1,1,1,Carrefour des bastides,43.24,6.533
201400008203,6,4,14,17,1,83,63,1,1,1,1,,43.293,6.489
201400008204,23,6,14,9,1,83,68,1,1,1,2,,0.0,0.0
201400008205,12,7,14,9,1,83,68,1,1,1,6,,0.0,0.0
201400008206,18,7,14,16,1,83,42,1,1,1,5,,0.0,0.0
201400008207,22,7,14,15,1,83,63,1,1,1,3,,43.5,6.818
201400008208,1,8,14,18,1,83,63,1,1,1,1,,43.338,6.423
201400008209,10,8,14,2,3,83,68,1,1,1,2,,0.0,0.0
201400008210,10,8,14,9,1,83,68,1,1,1,3,,0.0,0.0
201400008211,20,8,14,7,1,83,63,1,1,1,1,,43.504,6.792
201400008212,12,9,14,23,3,83,63,1,1,1,7,,43.288,6.489
201400008213,14,9,14,7,1,83,42,1,1,1,6,,0.0,0.0
201400008214,16,9,14,8,1,83,68,1,6,1,3,,0.0,0.0
201400008215,18,9,14,8,1,83,42,1,1,1,3,,43.754,6.556
201400008216,1,10,14,13,1,83,42,1,1,1,2,,43.27,6.503
201400008217,15,10,14,11,1,83,42,1,1,1,3,,43.43,6.937
201400008218,23,10,14,11,1,83,63,1,1,1,1,,43.567,6.81
201400008219,12,11,14,17,2,83,68,1,1,2,2,,0.0,0.0
201400008220,15,12,14,18,3,83,42,1,1,1,7,,43.22,6.502
201400008221,17,12,14,7,2,83,68,1,1,1,1,,0.0,0.0
201400008222,30,12,14,17,5,83,68,2,1,1,3,"RD559,",43.284,6.591
201400008223,2,1,14,15,1,83,107,1,1,2,1,,43.351,6.675
201400008224,2,3,14,17,1,83,115,1,1,1,6,,0.0,0.0
201400008225,6,3,14,18,1,83,107,1,1,1,1,,43.35086,6.67487
201400008226,12,4,14,23,5,83,115,2,1,1,6,avenue 8 mai 45,0.0,0.0
201400008227,6,5,14,14,1,83,115,2,1,1,6,avenue du 8 mai 1945,0.0,0.0
201400008228,30,5,14,7,1,83,115,1,1,1,2,,0.0,0.0
201400008229,1,6,14,17,1,83,115,2,6,1,1,route du plan de la tour,43.323,6.601
201400008230,5,6,14,16,1,83,115,2,1,1,2,22 avenue georges pompid,43.306,6.629
201400008231,10,7,14,18,1,83,107,2,1,1,1,San Peire les issambres,0.0,0.0
201400008232,28,8,14,16,1,83,115,2,1,1,1,33-35 D559  83120 Ste Ma,43.291,6.619
201400008233,2,9,14,21,5,83,115,2,1,1,6,avenue Raoul Nordling,0.0,0.0
201400008234,9,10,14,23,3,83,115,1,1,1,5,,43.39,6.584
201400008235,27,1,14,13,1,83,65,1,1,1,3,,0.0,0.0
201400008236,28,1,14,13,1,83,65,1,9,1,3,,43.26214,6.57475
201400008237,11,2,14,8,1,83,119,1,1,1,6,Route des salins,43.26648,6.6502
201400008238,25,5,14,2,5,83,119,1,1,1,3,,43.268,6.634
201400008239,27,5,14,17,1,83,101,1,1,1,1,,43.225,6.651
201400008240,6,6,14,9,1,83,65,1,1,1,1,,43.257,6.572
201400008241,16,6,14,16,1,83,101,1,1,1,6,,43.23663,6.64978
201400008242,17,6,14,20,5,83,65,1,1,1,6,,0.0,0.0
201400008243,17,6,14,14,1,83,119,1,1,1,2,34 AV LECLERC,43.268,6.633
201400008244,22,7,14,0,3,83,119,1,1,1,2,,43.253,6.634
201400008245,23,7,14,11,1,83,101,2,1,1,1,chemin des ayguiers,43.1923,6.03559
201400008246,15,7,14,18,1,83,119,2,1,1,6,Quai Frederic Mistral,43.271,6.637
201400008247,8,8,14,8,1,83,119,1,1,1,3,,0.0,0.0
201400008248,12,8,14,16,1,83,119,1,1,1,3,,0.0,0.0
201400008249,16,8,14,4,5,83,119,2,1,1,2,9 av du General LECLERC,43.2692,6.63549
201400008250,23,8,14,18,1,83,65,1,1,1,6,,0.0,0.0
201400008251,28,8,14,14,1,83,119,2,1,1,2,48 route des salins,43.26603,6.65278
201400008252,16,9,14,8,1,83,65,1,1,1,2,,0.0,0.0
201400008253,2,10,14,9,1,83,101,1,1,7,6,,43.22651,6.65086
201400008254,3,10,14,10,1,83,119,2,1,1,7,Traverse du marbrier,43.27009,6.63619
201400008255,14,10,14,8,1,83,65,1,1,3,3,,0.0,0.0
201400008256,16,10,14,8,1,83,65,1,1,1,4,,43.258,6.61
201400008257,25,10,14,12,1,83,65,1,1,1,1,,0.0,0.0
201400008258,15,11,14,4,5,83,65,1,1,3,6,,43.258,6.606
201400008259,22,1,14,6,3,83,35,1,1,1,6,,0.0,0.0
201400008260,17,2,14,17,1,83,35,1,1,1,1,,0.0,0.0
201400008261,5,4,14,9,1,83,16,1,1,1,5,,0.0,0.0
201400008262,11,4,14,20,3,83,127,1,1,1,1,,0.0,0.0
201400008263,5,8,14,16,1,83,127,1,1,1,1,,0.0,0.0
201400008264,17,11,14,22,3,83,127,1,1,1,1,,0.0,0.0
201400008265,27,5,14,7,1,83,47,1,1,7,3,,0.0,0.0
201400008266,28,5,14,17,1,83,47,1,9,1,1,,0.0,0.0
201400008267,21,9,14,18,1,83,47,2,1,1,3,Av General de Gaulle,0.0,0.0
201400008268,21,9,14,21,5,83,47,1,1,1,1,,0.0,0.0
201400008269,28,10,14,12,1,83,47,1,1,1,6,,43.235,6.134
201400008270,29,10,14,10,1,83,47,1,3,1,3,,0.0,0.0
201400008271,16,11,14,17,2,83,47,1,1,1,1,,0.0,0.0
201400008272,30,12,14,21,3,83,47,1,1,1,1,,0.0,0.0
201400008273,10,3,14,12,1,83,71,1,1,1,4,,0.0,0.0
201400008274,29,5,14,20,2,83,71,2,3,1,1,Avenue General de Gaulle,0.0,0.0
201400008275,17,7,14,9,1,83,71,1,1,1,1,,0.0,0.0
201400008276,11,9,14,16,1,83,71,2,1,1,7,boulevard louis bernard,0.0,0.0
201400008277,15,9,14,16,1,83,71,2,1,1,6,851 AVENUE DU GENERAL DE,0.0,0.0
201400008278,10,11,14,16,1,83,71,1,1,1,3,,0.0,0.0
201400008279,6,1,14,13,1,83,27,2,1,1,7,CD66 avenue henri jeanso,0.0,0.0
201400008280,7,3,14,15,1,83,112,1,1,1,1,,43.17973,5.69789
201400008281,5,4,14,16,1,83,112,1,1,1,6,,0.0,0.0
201400008282,18,5,14,19,1,83,112,2,6,1,2,ROND POINT DE SORBA,0.0,0.0
201400008283,30,5,14,18,1,83,112,2,1,1,6,323 av du marechal JUIN,0.0,0.0
201400008284,4,6,14,3,5,83,112,2,1,1,6,avenue tauroemtum,0.0,0.0
201400008285,27,7,14,11,1,83,112,2,1,7,6,"CD559, rte de LA CIOTAT",0.0,0.0
201400008286,21,8,14,14,1,83,112,1,1,1,1,,0.0,0.0
201400008287,11,9,14,10,1,83,112,1,1,1,3,,0.0,0.0
201400008288,22,5,14,18,1,84,81,1,1,2,1,,0.0,0.0
201400008289,27,5,14,17,1,84,34,2,1,1,3,Route de Gadagne,0.0,0.0
201400008290,8,7,14,7,1,84,119,1,1,1,2,,0.0,0.0
201400008291,3,9,14,1,3,84,119,1,1,1,7,,0.0,0.0
201400008292,15,9,14,19,3,84,141,2,1,3,1,CD53,0.0,0.0
201400008293,29,9,14,17,1,84,141,1,1,1,1,,0.0,0.0
201400008294,14,10,14,7,2,84,141,2,1,1,2,Cous marechal leclerc,0.0,0.0
201400008295,27,10,14,5,5,84,36,2,1,1,6,,0.0,0.0
201400008296,1,11,14,5,3,84,34,1,1,5,6,,0.0,0.0
201400008297,16,11,14,3,3,84,141,1,1,1,7,,0.0,0.0
201400008298,10,1,14,9,1,84,132,1,2,1,1,,43.95569,4.98493
201400008299,17,1,14,19,3,84,54,2,1,1,1,route de fontaine,43.92581,5.06594
201400008300,20,1,14,22,3,84,132,1,1,1,1,,0.0,0.0
201400008301,28,3,14,23,3,84,54,1,1,1,7,,0.0,0.0
201400008302,7,4,14,8,1,84,54,1,2,1,3,,0.0,0.0
201400008303,7,5,14,21,5,84,54,1,1,1,7,,0.0,0.0
201400008304,20,5,14,15,1,84,54,2,1,1,5,route d'APT,0.0,0.0
201400008305,13,6,14,12,1,84,132,2,9,1,3,Chemin Saint michel,0.0,0.0
201400008306,16,7,14,16,1,84,124,1,1,1,7,,0.0,0.0
201400008307,23,7,14,9,1,84,54,1,1,1,1,,0.0,0.0
201400008308,1,8,14,8,1,84,54,2,3,1,2,D25,43.92626,5.06435
201400008309,18,8,14,18,1,84,54,1,1,1,6,,0.0,0.0
201400008310,21,8,14,14,1,84,54,2,1,1,1,D25,0.0,0.0
201400008311,29,8,14,22,3,84,54,1,1,1,3,,0.0,0.0
201400008312,11,9,14,18,1,84,124,1,1,1,7,,0.0,0.0
201400008313,22,9,14,21,3,84,132,1,1,1,3,,0.0,0.0
201400008314,4,10,14,18,1,84,54,2,1,1,6,AVENUE JEAN MONNET,0.0,0.0
201400008315,8,10,14,16,1,84,54,2,1,1,3,cour fernande peyre,0.0,0.0
201400008316,9,10,14,9,1,84,132,1,1,1,2,,0.0,0.0
201400008317,10,10,14,15,1,84,54,1,1,1,1,,0.0,0.0
201400008318,14,10,14,8,1,84,54,2,1,1,6,cours Rene CHAR,0.0,0.0
201400008319,18,10,14,20,5,84,54,2,1,1,2,cours Fernande PEYRE,0.0,0.0
201400008320,23,10,14,13,1,84,54,2,1,1,1,avenue de l'egalite,0.0,0.0
201400008321,2,12,14,17,3,84,132,1,1,6,1,,0.0,0.0
201400008322,10,12,14,11,1,84,54,1,1,1,1,,0.0,0.0
201400008323,2,2,14,3,5,84,92,1,1,8,2,,0.0,0.0
201400008324,9,2,14,15,1,84,92,2,1,1,6,avenue Charles de Gaulle,0.0,0.0
201400008325,18,3,14,9,1,84,92,2,9,8,6,Parking Picard,0.0,0.0
201400008326,28,3,14,13,1,84,92,2,1,1,6,avenue Theophile Delorm,0.0,0.0
201400008327,13,5,14,10,1,84,92,2,1,1,3,48 Av. Charles de Gaulle,0.0,0.0
201400008328,6,6,14,16,1,84,92,2,1,1,2,avenue Charles de Gaulle,0.0,0.0
201400008329,19,10,14,20,5,84,92,2,9,1,1,ROND POINT DE GIGA,0.0,0.0
201400008330,21,10,14,9,1,84,92,1,1,7,6,,0.0,0.0
201400008331,10,1,14,8,1,84,129,1,1,5,6,,0.0,0.0
201400008332,28,3,14,15,1,84,129,2,1,1,1,chemin de castillon,0.0,0.0
201400008333,16,4,14,11,1,84,16,1,1,1,1,,0.0,0.0
201400008334,30,5,14,15,1,84,129,1,1,1,6,,0.0,0.0
201400008335,26,6,14,15,1,84,129,1,1,1,2,,0.0,0.0
201400008336,10,7,14,12,1,84,129,1,1,1,2,,0.0,0.0
201400008337,29,8,14,12,1,84,129,2,1,1,2,Avenue Avignon,0.0,0.0
201400008338,3,9,14,9,1,84,129,2,1,1,6,rue de la Republique,0.0,0.0
201400008339,8,9,14,16,1,84,129,2,1,1,6,Route de Monteux,0.0,0.0
201400008340,10,9,14,19,2,84,129,2,9,1,6,route de Bedarrides,0.0,0.0
201400008341,8,11,14,16,1,84,129,2,1,1,7,avenue d'orange,0.0,0.0
201400008342,31,12,14,14,1,84,129,1,1,6,1,,0.0,0.0
201400008343,15,1,14,9,1,84,3,2,1,7,6,Avenue de Saignon,0.0,0.0
201400008344,5,3,14,15,1,84,112,1,1,1,6,,0.0,0.0
201400008345,23,3,14,10,1,84,3,2,1,1,7,rue des Paou,0.0,0.0
201400008346,26,4,14,11,1,84,3,1,1,1,1,,0.0,0.0
201400008347,28,4,14,20,1,84,118,1,1,1,1,,0.0,0.0
201400008348,27,7,14,17,1,84,32,1,9,1,7,,0.0,0.0
201400008349,22,11,14,22,5,84,3,1,1,1,6,,0.0,0.0
201400008350,27,11,14,18,2,84,3,1,1,2,5,,0.0,0.0
201400008351,22,5,14,17,1,84,74,1,1,8,4,,0.0,0.0
201400008352,23,8,14,14,1,84,68,1,1,1,1,,0.0,0.0
201400008353,26,8,14,20,2,84,74,1,1,1,1,,0.0,0.0
201400008354,28,9,14,8,2,84,147,2,1,1,6,CHEMIN DES CURATES,0.0,0.0
201400008355,15,10,14,10,1,84,26,1,1,1,2,,0.0,0.0
201400008356,5,2,14,13,1,84,51,1,1,3,6,,0.0,0.0
201400008357,26,4,14,18,1,84,50,1,1,1,2,,0.0,0.0
201400008358,24,5,14,18,1,84,57,1,2,1,3,,0.0,0.0
201400008359,23,11,14,11,1,84,20,1,1,1,3,,0.0,0.0
201400008360,12,12,14,21,5,84,50,2,1,1,1,"RD2, les imberts",0.0,0.0
201400008361,26,12,14,15,2,84,20,1,1,7,1,,0.0,0.0
201400008362,14,1,14,10,1,84,133,2,1,1,6,BLD ANTOINE DE TRES,0.0,0.0
201400008363,6,2,14,6,2,84,76,1,1,9,6,,0.0,0.0
201400008364,31,5,14,2,3,84,89,1,1,1,6,,0.0,0.0
201400008365,2,6,14,22,1,84,89,2,1,1,6,cours de la republique,0.0,0.0
201400008366,16,6,14,19,1,84,14,1,1,1,6,,0.0,0.0
201400008367,19,6,14,7,2,84,89,1,2,1,3,,0.0,0.0
201400008368,29,8,14,14,1,84,2,1,1,1,1,,0.0,0.0
201400008369,21,10,14,17,1,84,14,2,1,1,3,cours de Verdun / D 42,0.0,0.0
201400008370,24,10,14,18,3,84,2,1,1,1,1,,0.0,0.0
201400008371,29,11,14,23,5,84,89,2,1,2,3,Boulevard Jean Guigues,0.0,0.0
201400008372,28,5,14,13,1,84,69,1,1,1,1,,0.0,0.0
201400008373,23,2,14,15,1,84,148,1,1,1,6,,0.0,0.0
201400008374,20,5,14,20,3,84,41,1,1,1,7,,0.0,0.0
201400008375,31,5,14,20,1,84,30,2,6,1,7,rond point de l'europe,0.0,0.0
201400008376,11,6,14,11,1,84,30,1,1,1,5,,0.0,0.0
201400008377,5,2,14,9,1,84,88,1,3,2,3,,0.0,0.0
201400008378,26,3,14,8,1,84,88,2,1,1,6,avenue paul de vivie,0.0,0.0
201400008379,27,8,14,16,1,84,43,1,1,1,1,,0.0,0.0
201400008380,27,10,14,16,1,84,43,1,1,1,2,,0.0,0.0
201400008381,25,1,14,14,1,84,29,1,2,1,3,,0.0,0.0
201400008382,30,1,14,9,1,84,135,1,1,2,1,,0.0,0.0
201400008383,16,6,14,5,2,84,28,1,1,1,2,,0.0,0.0
201400008384,25,7,14,18,1,84,29,1,2,2,3,,0.0,0.0
201400008385,17,12,14,19,3,84,29,1,1,2,3,,0.0,0.0
201400008386,18,12,14,17,1,84,83,1,1,1,1,,0.0,0.0
201400008387,27,1,14,12,1,84,4,2,1,1,6,"1395, chemin de Serres",44.09144,5.0178
201400008388,3,4,14,17,1,84,4,1,1,8,7,,0.0,0.0
201400008389,8,4,14,10,1,84,136,2,9,1,6,route de carpentras,0.0,0.0
201400008390,3,5,14,10,1,84,67,1,2,1,5,,0.0,0.0
201400008391,8,7,14,9,1,84,122,2,1,1,6,310 avenue M. Bastidon,0.0,0.0
201400008392,20,7,14,0,3,84,4,1,1,1,3,,0.0,0.0
201400008393,22,2,14,12,1,84,78,1,1,1,6,,0.0,0.0
201400008394,13,4,14,19,1,84,19,2,1,1,6,avenue jean Giono,0.0,0.0
201400008395,5,5,14,20,2,84,19,2,1,1,6,avenue Jean Moulin,0.0,0.0
201400008396,18,5,14,5,2,84,78,1,1,1,7,,0.0,0.0
201400008397,16,6,14,17,1,84,63,1,1,7,3,,0.0,0.0
201400008398,31,12,14,19,1,84,137,2,1,1,6,vaison la romaine,0.0,0.0
201400008399,7,1,14,7,2,84,126,1,1,1,1,,0.0,0.0
201400008400,1,2,14,5,5,84,137,2,1,2,6,Avenue Ulysse Fabre,0.0,0.0
201400008401,23,2,14,16,1,84,110,1,1,1,6,,0.0,0.0
201400008402,27,2,14,22,5,84,137,2,1,1,6,Avenue Ulysse Fabre,0.0,0.0
201400008403,28,3,14,19,2,84,137,2,1,1,2,avenue Marcel pagnol,0.0,0.0
201400008404,2,6,14,16,1,84,126,1,1,1,1,,0.0,0.0
201400008405,16,7,14,18,1,84,137,1,1,1,3,,0.0,0.0
201400008406,6,8,14,21,3,84,137,2,1,1,7,D 938,0.0,0.0
201400008407,14,8,14,19,1,84,137,1,1,1,7,,44.26968,5.0261
201400008408,1,9,14,15,1,84,15,1,1,1,1,,0.0,0.0
201400008409,6,11,14,0,3,84,44,1,1,1,6,,0.0,0.0
201400008410,28,12,14,17,2,84,15,1,1,4,6,,0.0,0.0
201400008411,18,1,14,8,5,84,138,2,1,3,2,avenue jean moulin,0.0,0.0
201400008412,26,2,14,19,5,84,138,2,1,1,1,route de grillon,44.38459,4.98338
201400008413,14,3,14,15,1,84,138,2,1,1,6,MDR les capucins,44.37995,4.9901
201400008414,11,3,14,9,1,84,138,1,1,1,5,,0.0,0.0
201400008415,21,3,14,6,2,84,97,2,1,1,7,D18,0.0,0.0
201400008416,28,3,14,21,3,84,138,1,2,1,3,,0.0,0.0
201400008417,17,3,14,16,1,84,138,2,1,1,6,COURS VICTOR HUGO,0.0,0.0
201400008418,12,4,14,12,1,84,138,1,1,1,5,,0.0,0.0
201400008419,22,4,14,17,1,84,138,1,1,2,2,,0.0,0.0
201400008420,28,4,14,18,1,84,138,2,2,1,3,chemin des estimeurs est,0.0,0.0
201400008421,19,7,14,14,1,84,138,1,1,1,1,,0.0,0.0
201400008422,17,8,14,10,1,84,150,1,1,1,6,,0.0,0.0
201400008423,5,11,14,13,1,84,138,1,1,1,6,,0.0,0.0
201400008424,14,11,14,16,2,84,138,1,1,2,7,,0.0,0.0
201400008425,24,11,14,15,1,84,138,2,1,1,1,D197,0.0,0.0
201400008426,23,1,14,11,1,34,57,2,9,1,6,avenue rene Couvehnes,0.0,0.0
201400008427,28,2,14,19,3,34,57,1,6,1,3,,0.0,0.0
201400008428,21,7,14,13,1,34,57,2,6,1,3,ROND POINT DE BERLIN,0.0,0.0
201400008429,10,9,14,12,1,34,57,2,1,1,6,Avenue de l'europe,0.0,0.0
201400008430,11,1,14,12,1,34,22,2,1,1,3,RD613,0.0,0.0
201400008431,5,5,14,14,1,34,227,2,1,1,1,RD610,0.0,0.0
201400008432,27,8,14,17,1,34,327,2,3,1,3,carrefour garribaldi,0.0,0.0
201400008433,26,8,14,1,5,34,307,2,1,1,6,36 rue Louis BUIS,43.188,4.011
201400008434,9,10,14,18,2,34,256,1,1,1,3,,0.0,0.0
201400008435,1,11,14,16,1,34,58,1,1,1,6,,43.131,3.619
201400008436,21,11,14,0,3,34,249,1,1,1,6,,43.72,3.952
201400008437,15,12,14,18,5,34,22,2,9,1,1,RN113 14 +250,43.654,4.003
201400008438,25,2,14,18,2,34,274,1,1,1,1,,43.77199,3.72444
201400008439,6,4,14,15,1,34,343,2,1,1,6,d32 route de saint marti,43.74663,3.70933
201400008440,3,5,14,18,5,34,128,2,3,1,3,avenue de l'europe,0.0,0.0
201400008441,2,2,14,17,1,34,344,2,1,1,7,avenue de Montpellier,0.0,0.0
201400008442,14,6,14,9,1,34,344,2,1,1,1,Avenue Mar?chal Leclerc,0.0,0.0
201400008443,27,7,14,22,5,34,344,2,1,1,6,Quai Georges Pompidou,43.933,4.138
201400008444,9,8,14,23,5,34,344,2,1,1,3,avenue jean bene,0.0,0.0
201400008445,13,10,14,22,3,34,344,1,1,1,6,,0.0,0.0
201400008446,31,10,14,20,5,34,344,2,1,1,6,rue de la croisade,43.937,4.162
201400008447,30,1,14,14,1,34,33,1,1,2,6,,43.239,4.085
201400008448,25,1,14,5,3,34,145,1,1,1,7,,0.0,0.0
201400008449,24,2,14,23,3,34,321,1,1,1,6,,43.67174,4.05359
201400008450,16,3,14,4,5,34,288,2,1,1,6,avenue ST ROCH,43.72982,4.10545
201400008451,23,4,14,14,1,34,151,1,9,1,3,,43.64235,4.13846
201400008452,5,5,14,12,1,34,145,2,1,1,6,avenue du vidourleRN 113,43.68977,4.15919
201400008453,6,5,14,21,1,34,145,1,1,1,1,,43.687,4.155
201400008454,8,6,14,17,1,34,145,1,1,1,6,,0.0,0.0
201400008455,16,6,14,7,2,34,151,1,1,1,6,,43.075,4.31
201400008456,14,7,14,16,1,34,145,1,1,1,1,,0.0,0.0
201400008457,19,7,14,13,1,34,145,2,2,1,3,Rue de Verdun,0.0,0.0
201400008458,31,7,14,18,1,34,145,2,2,1,3,route de la mer,43.115,4.239
201400008459,18,8,14,13,1,34,151,1,1,1,1,,43.065,4.283
201400008460,28,8,14,18,1,34,145,2,2,1,3,,0.0,0.0
201400008461,17,9,14,7,1,34,145,2,1,1,1,av m. de lattre tassigny,43.672,4.134
201400008462,21,11,14,0,3,34,151,1,1,1,1,,0.0,0.0
201400008463,7,12,14,13,1,34,151,1,2,1,3,,0.0,0.0
201400008464,30,12,14,21,5,34,145,2,1,6,6,300 avenue des Abrivados,43.669,4.12399
201400008465,7,1,14,18,2,34,154,2,1,9,1,avenue de la mer,43.61,4.0
201400008466,11,4,14,6,2,34,154,1,9,5,5,,0.0,0.0
201400008467,19,6,14,17,1,34,154,1,1,1,1,,0.0,0.0
201400008468,25,6,14,15,1,34,154,1,1,1,3,,0.0,0.0
201400008469,3,10,14,9,1,34,127,1,1,1,1,,0.0,0.0
201400008470,17,10,14,15,1,34,154,1,1,1,5,,0.0,0.0
201400008471,13,6,14,7,1,34,314,1,1,1,3,,43.74098,3.84778
201400008472,4,8,14,14,1,34,322,1,1,1,6,,0.0,0.0
201400008473,16,8,14,15,1,34,322,1,9,1,3,,0.0,0.0
201400008474,29,11,14,19,3,34,318,1,1,2,7,,43.8,3.917
201400008475,29,12,14,17,2,34,110,2,1,1,6,238 route de buzignargue,0.0,0.0
201400008476,11,5,14,1,5,34,28,2,1,1,6,route de pezenes,43.60407,3.17086
201400008477,17,5,14,12,1,34,96,1,1,1,3,,0.0,0.0
201400008478,8,6,14,10,1,34,28,1,1,1,6,,0.0,0.0
201400008479,22,6,14,21,2,34,144,1,1,1,7,,0.0,0.0
201400008480,17,7,14,11,1,34,312,2,1,1,6,BOUSSAGUES,0.0,0.0
201400008481,9,8,14,9,1,34,119,2,1,1,1,CD908,0.0,0.0
201400008482,6,11,14,23,1,34,235,1,1,1,6,,0.0,0.0
201400008483,1,12,14,7,2,34,96,1,1,8,1,,0.0,0.0
201400008484,2,12,14,17,5,34,28,1,1,8,6,,0.0,0.0
201400008485,10,1,14,18,5,34,225,2,1,1,6,Boulevard Victor Hugo,43.372,3.042
201400008486,30,1,14,16,1,34,52,1,1,1,6,,43.323,3.016
201400008487,9,2,14,15,1,34,183,1,1,1,3,,43.32501,3.13149
201400008488,12,4,14,16,1,34,52,1,1,1,6,,0.0,0.0
201400008489,16,5,14,17,1,34,161,2,1,1,7,";,",43.34217,3.1296
201400008490,18,5,14,7,1,34,52,2,1,1,6,"43.339006,3.040604",0.0,0.0
201400008491,17,5,14,18,1,34,26,2,1,1,6,"43.295215,2.751793",0.0,0.0
201400008492,2,7,14,14,1,34,183,2,1,1,1,Carrefour Marengo,43.29306,3.12563
201400008493,25,6,14,20,2,34,225,1,1,1,6,,0.0,0.0
201400008494,6,7,14,4,3,34,155,1,1,1,6,,0.0,0.0