Num_Acc,jour,mois,an,hr,condition_eclairage,departement,commune,condition_agglomeration,intersection,condition_atmosphere,type_collision,adresse,lattitude,longitude
201400008495,7,8,14,10,1,34,183,1,1,1,3,,0.0,0.0
201400008496,27,8,14,10,1,34,89,1,1,1,5,,0.0,0.0
201400008497,12,12,14,4,5,34,183,2,1,1,3,"43.291853,3.120395",0.0,0.0
201400008498,14,12,14,6,5,34,206,2,1,1,6,"43.310534,3.078743",0.0,0.0
201400008499,20,12,14,3,3,34,225,1,1,1,6,,0.0,0.0
201400008500,4,1,14,1,3,34,245,1,1,2,6,,0.0,0.0
201400008501,2,1,14,18,2,34,69,1,1,1,2,,43.392,3.106
201400008502,18,2,14,13,1,34,74,1,1,1,7,,43.453,3.027
201400008503,20,6,14,12,1,34,178,2,1,1,3,villenouvette maraussan,0.0,0.0
201400008504,18,8,14,11,1,34,74,1,1,1,1,,0.0,0.0
201400008505,23,8,14,17,1,34,100,1,1,1,1,,0.0,0.0
201400008506,18,9,14,8,1,34,201,1,1,1,6,,0.0,0.0
201400008507,15,10,14,16,1,34,84,1,1,1,1,,0.0,0.0
201400008508,24,9,14,15,1,34,189,2,1,1,3,Route de BEZIERS,43.276,2.738
201400008509,24,12,14,16,1,34,189,1,1,7,3,,43.35,2.767
201400008510,27,6,14,19,1,34,136,2,1,1,6,Rue de Bedillieres,0.0,0.0
201400008511,21,8,14,8,1,34,103,2,1,1,1,Av paul Valery -Bd Ferry,0.0,0.0
201400008512,26,10,14,11,1,34,199,2,1,1,3,av du marechal leclerc,0.0,0.0
201400008513,1,11,14,3,3,34,162,1,1,1,7,,0.0,0.0
201400008514,19,4,14,16,1,34,284,1,1,1,7,,43.46949,2.76688
201400008515,27,4,14,1,5,34,284,2,1,2,6,120 grand rue,43.5009,2.7907
201400008516,30,5,14,17,1,34,80,2,1,1,6,3 avenue Marcel Raynal,0.0,0.0
201400008517,8,6,14,18,1,34,229,1,1,1,7,,0.0,0.0
201400008518,9,8,14,15,1,34,331,1,1,1,1,,43.767,2.139
201400008519,6,9,14,6,2,34,107,1,1,1,6,,43.997,2.298
201400008520,9,2,14,7,1,34,224,1,6,1,6,,0.0,0.0
201400008521,12,3,14,20,3,34,300,1,1,1,7,,43.43377,3.29619
201400008522,4,5,14,8,1,34,9,1,1,1,7,,0.0,0.0
201400008523,12,8,14,18,1,34,224,1,3,1,5,,0.0,0.0
201400008524,21,8,14,10,1,34,224,1,1,1,6,,0.0,0.0
201400008525,25,8,14,8,1,34,224,1,1,1,6,,0.0,0.0
201400008526,13,10,14,15,1,34,139,1,1,1,1,,0.0,0.0
201400008527,16,10,14,19,3,34,147,1,1,1,1,,0.0,0.0
201400008528,8,3,14,9,1,34,324,2,1,1,6,boulevard Jean Moulin,43.242,3.288
201400008529,12,4,14,22,3,34,135,1,1,1,7,,43.276,3.797
201400008530,24,7,14,22,3,34,299,1,1,1,4,,43.28579,3.27665
201400008531,20,8,14,17,1,34,299,1,1,1,3,,43.422,3.456
201400008532,25,8,14,18,1,34,299,2,6,1,3,avenue giscard d'estaing,43.267,3.267
201400008533,30,8,14,17,1,34,299,1,1,1,3,,0.0,0.0
201400008534,24,10,14,18,3,34,209,1,9,1,3,,43.308,3.341
201400008535,25,11,14,9,3,34,329,2,1,1,6,CD 37 E9 avenue du port,0.0,0.0
201400008536,6,12,14,14,3,34,209,1,1,1,5,,0.0,0.0
201400008537,17,8,14,2,3,34,142,1,1,1,6,,0.0,0.0
201400008538,1,6,14,15,1,34,76,2,1,1,1,9 route de clermont,0.0,0.0
201400008539,16,6,14,15,1,34,239,1,1,1,1,,0.0,0.0
201400008540,30,7,14,13,1,34,10,1,1,1,3,,0.0,0.0
201400008541,11,9,14,14,1,34,239,2,1,1,3,rte de jonquieres-RD130,0.0,0.0
201400008542,22,3,14,7,1,34,332,1,1,9,7,,0.0,0.0
201400008543,4,4,14,22,5,34,31,2,1,1,6,chemin de la monadiere,43.583,3.7
201400008544,1,5,14,16,1,34,31,2,6,1,3,Chemin de la Renga,43.367,3.417
201400008545,9,5,14,22,3,34,31,1,1,1,6,",",43.38056,3.41972
201400008546,25,5,14,19,1,34,31,1,1,1,7,,43.579,3.705
201400008547,15,8,14,9,1,34,901,1,1,1,2,,43.32035,3.54255
201400008548,29,8,14,7,1,34,203,1,1,1,2,,0.0,0.0
201400008549,11,2,14,18,5,34,88,2,1,1,3,CD5/ route de PIGNAN,0.0,0.0
201400008550,1,3,14,19,3,34,88,1,1,1,6,,43.54856,3.73355
201400008551,11,3,14,19,3,34,113,1,1,1,3,,0.0,0.0
201400008552,18,12,14,16,1,34,88,1,1,1,1,,43.56,3.726
201400008553,4,1,14,7,1,34,341,1,1,8,1,,0.0,0.0
201400008554,14,4,14,13,1,34,213,1,1,1,3,,0.0,0.0
201400008555,14,5,14,9,1,34,213,1,9,1,7,,0.0,0.0
201400008556,24,6,14,17,1,34,157,2,1,1,3,35 AVENUE DE PEZENAS,0.0,0.0
201400008557,23,7,14,15,1,34,143,1,1,1,1,,43.44007,3.62598
201400008558,11,9,14,19,2,34,157,2,1,1,6,RD613 - Pont de Pallas,0.0,0.0
201400008559,2,12,14,8,1,34,213,1,1,1,7,,0.0,0.0
201400008560,24,9,14,8,1,11,212,1,1,1,7,,43.325,2.836
201400008561,11,12,14,11,1,11,262,1,1,1,2,,43.216,3.032
201400008562,24,2,14,14,1,11,115,1,1,6,6,,0.0,0.0
201400008563,1,3,14,14,1,11,25,1,1,1,7,,0.0,0.0
201400008564,7,5,14,7,1,11,99,1,1,1,6,,0.0,0.0
201400008565,8,5,14,18,1,11,367,1,1,1,7,,0.0,0.0
201400008566,25,5,14,9,1,11,410,2,1,1,6,RD.620,43.25822,2.41355
201400008567,24,5,14,23,3,11,279,1,1,1,1,,0.0,0.0
201400008568,2,8,14,6,3,11,429,1,1,8,6,,43.25033,2.372
201400008569,31,8,14,23,3,11,79,1,1,1,6,,0.0,0.0
201400008570,3,9,14,16,1,11,52,1,1,1,7,,43.34186,2.25315
201400008571,6,10,14,18,1,11,429,1,1,1,6,,43.25336,2.36758
201400008572,6,11,14,16,2,11,410,2,1,7,6,avenue jean jaures,43.25803,2.41274
201400008573,14,5,14,17,1,11,384,1,1,1,3,,42.86804,2.48243
201400008574,25,7,14,2,3,11,7,1,1,1,6,,42.949,2.456
201400008575,28,10,14,19,3,11,311,1,1,1,6,,43.112,2.64
201400008576,18,11,14,15,1,11,388,2,1,1,2,rue de la Promenada,43.005,2.565
201400008577,6,2,14,15,1,11,286,1,1,1,7,,43.303,2.576
201400008578,16,2,14,19,3,11,433,1,1,1,7,,43.304,2.463
201400008579,28,3,14,16,1,11,198,1,1,1,6,,43.253,2.664
201400008580,7,5,14,16,1,11,286,1,1,1,5,,43.298,2.571
201400008581,5,6,14,3,4,11,280,2,6,1,6,Boulevard du Minervois,43.302,2.677
201400008582,30,6,14,13,1,11,301,1,1,1,1,,43.219,2.62
201400008583,31,7,14,13,1,11,190,1,1,1,6,,0.0,0.0
201400008584,2,9,14,15,1,11,342,1,1,1,1,,43.262,2.557
201400008585,30,10,14,22,3,11,190,1,1,1,6,,43.266,2.656
201400008586,12,11,14,22,3,11,198,1,1,1,6,,43.25943,2.56401
201400008587,23,11,14,19,3,11,286,1,1,2,7,,0.0,0.0
201400008588,21,1,14,17,1,11,76,2,1,1,6,avenue Mar?chal LECLERC,43.31375,1.94477
201400008589,12,2,14,18,2,11,76,1,1,1,1,,0.0,0.0
201400008590,28,4,14,16,1,11,281,2,1,1,1,18 rue des caves,43.26938,2.03725
201400008591,23,6,14,8,1,11,313,1,1,2,5,,0.0,0.0
201400008592,26,9,14,2,5,11,76,2,1,1,6,Rue du G?n?ral Laperrine,43.31278,1.95391
201400008593,17,10,14,13,1,11,361,1,1,1,6,,43.355,2.00599
201400008594,18,10,14,0,5,11,281,2,1,1,6,grand rue,43.273,2.036
201400008595,18,10,14,14,1,11,192,2,1,1,1,,43.301,2.047
201400008596,18,10,14,17,1,11,225,1,1,1,6,,43.314,1.909
201400008597,30,11,14,20,3,11,356,1,1,3,7,,43.31602,2.00468
201400008598,17,12,14,10,1,11,356,1,1,2,6,,43.322,2.00999
201400008599,7,1,14,20,3,11,9,1,1,1,3,,0.0,0.0
201400008600,11,2,14,13,1,11,254,1,1,1,2,,43.198,2.12
201400008601,25,2,14,13,1,11,288,1,1,1,6,,0.0,0.0
201400008602,27,4,14,21,2,11,84,1,1,2,6,,43.21218,2.26283
201400008603,20,5,14,10,1,11,199,2,1,1,1,Route de Limoux,43.187,2.27
201400008604,16,6,14,17,1,11,438,1,1,1,3,,43.228,2.089
201400008605,2,7,14,8,2,11,18,1,1,8,6,,0.0,0.0
201400008606,5,7,14,5,1,11,259,1,1,1,6,,43.275,2.228
201400008607,26,7,14,5,3,11,18,1,1,1,5,,43.214,2.233
201400008608,27,8,14,13,1,11,18,1,1,1,6,,43.213,2.23
201400008609,15,9,14,14,1,11,49,1,1,1,6,,43.27298,2.10756
201400008610,24,9,14,20,3,11,18,1,1,1,1,,0.0,0.0
201400008611,9,10,14,18,1,11,136,2,1,1,6,Montee du Christ,43.189,2.035
201400008612,30,11,14,5,3,11,9,1,8,3,1,,43.24233,2.18112
201400008613,1,12,14,15,1,11,434,1,1,2,1,,43.283,2.095
201400008614,14,12,14,6,3,11,281,1,1,1,6,,0.0,0.0
201400008615,15,5,14,7,1,11,33,1,1,1,1,,43.217,1.727
201400008616,20,5,14,17,1,11,275,1,1,1,7,,43.273,1.844
201400008617,20,5,14,12,1,11,134,1,1,6,1,,43.283,1.748
201400008618,10,6,14,14,1,11,149,1,1,1,1,,43.223,1.914
201400008619,17,11,14,18,3,11,33,1,1,1,1,,43.212,1.731
201400008620,9,3,14,19,5,11,206,2,1,1,1,avenue du languedoc,0.0,0.0
201400008621,28,5,14,12,1,11,8,1,1,1,5,,42.99,2.265
201400008622,14,5,14,18,1,11,206,2,1,1,6,avenue du tivoli,43.05427,2.21326
201400008623,14,7,14,16,1,11,34,2,3,1,3,Avenue du lac,43.128,2.091
201400008624,22,7,14,14,1,11,206,2,3,1,3,CD118,43.04433,2.23156
201400008625,11,10,14,16,1,11,299,1,3,1,3,,43.14383,2.29433
201400008626,15,11,14,9,1,11,207,1,1,7,2,,0.0,0.0
201400008627,9,6,14,16,1,11,36,1,1,1,6,,42.84527,2.07628
201400008628,17,8,14,16,1,11,130,1,1,1,7,,0.0,0.0
201400008629,14,12,14,3,3,11,91,1,1,1,6,,0.0,0.0
201400008630,7,1,14,16,1,11,131,1,1,1,6,,0.0,0.0
201400008631,12,1,14,1,3,11,240,1,1,1,7,,42.94228,2.23618
201400008632,1,3,14,16,1,11,304,2,1,1,1,CD 118,0.0,0.0
201400008633,4,5,14,19,1,11,165,1,1,1,7,,0.0,0.0
201400008634,26,5,14,15,1,11,304,1,1,2,6,,0.0,0.0
201400008635,15,7,14,0,3,11,304,1,1,1,7,,0.0,0.0
201400008636,6,9,14,12,1,11,240,1,1,1,6,,42.94038,2.24237
201400008637,19,9,14,21,5,11,129,2,1,1,3,D 12,0.0,0.0
201400008638,18,10,14,18,3,11,310,1,1,1,6,,0.0,0.0
201400008639,27,11,14,15,1,11,209,1,1,2,1,,42.96649,2.2593
201400008640,7,1,14,17,2,11,116,1,1,1,3,,43.26858,3.01252
201400008641,12,1,14,18,3,11,264,1,1,1,6,,43.19807,2.89871
201400008642,31,1,14,15,1,11,262,1,1,1,3,,43.19152,3.12736
201400008643,1,2,14,5,3,11,262,1,1,1,1,,0.0,0.0
201400008644,2,2,14,14,1,11,170,2,1,1,7,,43.11422,3.09275
201400008645,2,3,14,17,1,11,262,2,1,1,1,D31 NARBONNE,43.18703,3.06539
201400008646,2,4,14,8,1,11,106,1,3,8,1,,43.23365,3.05404
201400008647,4,4,14,16,1,11,255,1,6,1,2,,43.1854,2.92926
201400008648,2,5,14,17,1,11,370,2,2,1,3,Chemin de Lies,43.23903,3.12455
201400008649,12,5,14,18,3,11,262,1,1,1,1,,0.0,0.0
201400008650,25,5,14,12,1,11,217,1,1,1,7,,0.0,0.0
201400008651,1,6,14,21,2,11,106,1,1,1,1,,43.23338,3.07615
201400008652,6,6,14,16,1,11,264,1,1,6,1,,0.0,0.0
201400008653,10,6,14,9,1,11,255,1,1,1,1,,43.18366,2.93703
201400008654,27,6,14,14,1,11,262,1,1,1,3,,0.0,0.0
201400008655,18,7,14,18,1,11,170,1,1,1,5,,0.0,0.0
201400008656,23,7,14,17,1,11,262,1,1,1,6,,0.0,0.0
201400008657,5,8,14,22,3,11,106,1,1,1,6,,0.0,0.0
201400008658,18,8,14,18,1,11,106,1,1,1,2,,0.0,0.0
201400008659,21,8,14,0,3,11,262,1,1,1,1,,0.0,0.0
201400008660,4,9,14,13,1,11,106,2,1,1,6,impasse de l'H?rault,43.23766,3.05842
201400008661,9,9,14,16,1,11,106,2,1,1,7,coursan,43.2328,3.05565
201400008662,5,10,14,4,3,11,106,1,1,2,6,,0.0,0.0
201400008663,26,10,14,18,3,11,262,1,1,1,4,,43.22932,3.00414
201400008664,15,12,14,13,1,11,170,2,1,2,1,BOULEVARD DE LA CORDERIE,43.10487,3.09339
201400008665,4,8,14,13,1,11,332,1,1,1,1,,43.133,2.857
201400008666,26,9,14,10,1,11,401,1,1,1,6,,42.904,2.745
201400008667,17,2,14,11,1,11,67,2,1,1,6,avenue de la distillerie,43.234,2.848
201400008668,3,3,14,16,1,11,41,1,2,1,3,,43.316,2.858
201400008669,27,4,14,22,3,11,98,1,1,1,7,,43.185,2.708
201400008670,3,7,14,14,1,11,132,1,1,1,6,,43.106,2.733
201400008671,6,7,14,0,5,11,164,1,1,1,6,,43.274,2.879
201400008672,30,6,14,13,1,11,203,2,2,1,3,rd6113,43.207,2.765
201400008673,13,7,14,5,3,11,405,1,1,1,6,,43.263,2.848
201400008674,14,7,14,15,1,11,111,1,1,1,3,,43.197,2.797
201400008675,25,7,14,18,1,11,203,1,1,1,1,,43.24768,2.86836
201400008676,1,8,14,19,1,11,12,1,1,8,3,,43.308,2.903
201400008677,27,8,14,16,1,11,203,2,2,1,3,avenue Armand Barbes,43.19931,2.75378
201400008678,11,9,14,17,1,11,41,1,1,1,3,,0.0,0.0
201400008679,8,11,14,14,1,11,164,1,2,1,3,,43.28,2.887
201400008680,26,11,14,16,2,11,210,2,1,2,1,rue du rascas,43.18,2.783
201400008681,10,12,14,9,1,11,172,1,1,1,1,,43.271,2.736
201400008682,25,1,14,13,1,11,322,1,1,1,1,,43.00113,2.96946
201400008683,31,5,14,15,1,11,379,1,1,1,6,,43.02926,2.96729
201400008684,22,7,14,0,3,11,266,1,1,1,7,,42.997,3.04
201400008685,11,3,14,1,3,30,3,1,6,1,7,,43.56018,4.15247
201400008686,25,4,14,22,3,30,133,2,1,1,1,d?partementale 62,43.55326,4.12924
201400008687,6,5,14,18,1,30,133,2,1,1,2,rue des m?dards,43.54139,4.13649
201400008688,22,6,14,14,1,30,3,1,1,1,6,,43.56468,4.12929
201400008689,11,7,14,6,2,30,3,1,6,1,6,,43.5724,4.17461
201400008690,15,7,14,7,2,30,133,2,1,1,3,avenue de camargue,43.52825,4.14937
201400008691,31,7,14,23,3,30,3,1,1,1,3,,43.56231,4.15886
201400008692,16,8,14,10,1,30,3,1,1,1,2,,43.56946,4.16986
201400008693,19,8,14,12,1,30,133,1,6,1,1,,43.54885,4.13384
201400008694,23,8,14,23,3,30,276,1,1,1,6,,43.60661,4.21425
201400008695,25,8,14,11,1,30,3,1,1,1,3,,43.58264,4.20748
201400008696,6,9,14,17,1,30,133,2,1,1,3,route des Marines,43.51243,4.13739
201400008697,6,12,14,13,1,30,133,1,1,3,2,,43.57776,4.1017
201400008698,7,12,14,1,5,30,133,2,1,1,7,ROUTE DES MARINES,43.50911,4.16969
201400008699,2,1,14,22,3,30,245,1,1,1,7,,43.82932,4.19755
201400008700,17,1,14,17,2,30,91,1,1,8,1,,43.77495,4.1498
201400008701,8,3,14,5,3,30,62,1,1,1,7,,43.80119,4.15796
201400008702,10,3,14,15,1,30,62,2,1,1,3,,43.78926,4.19969
201400008703,7,5,14,9,3,30,75,2,1,1,1,ROUTE DE NIMES,43.82302,4.27348
201400008704,28,5,14,12,1,30,321,1,6,1,6,,43.78898,4.08211
201400008705,16,5,14,14,1,30,62,1,1,1,3,,43.7821,4.20502
201400008706,4,7,14,12,1,30,138,2,1,6,6,D?partementale 14,43.79007,4.26228
201400008707,20,7,14,4,3,30,23,1,1,1,6,,43.78219,4.13202
201400008708,21,7,14,15,1,30,75,1,1,1,3,,43.82256,4.2773
201400008709,3,10,14,9,5,30,321,2,1,1,6,rue emilien dumas,43.78582,4.09022
201400008710,28,10,14,19,2,30,62,1,1,1,1,,43.77756,4.18653
201400008711,12,11,14,19,3,30,62,1,1,1,1,,43.77107,4.20006
201400008712,20,12,14,15,1,30,138,2,1,1,3,rue des chasselats,43.80335,4.24823
201400008713,28,3,14,10,1,30,156,1,6,1,3,,43.86624,4.44436
201400008714,11,4,14,23,3,30,156,1,1,1,7,,43.86833,4.45042
201400008715,22,4,14,15,1,30,39,1,1,1,3,,43.87958,4.48314
201400008716,16,5,14,14,1,30,257,2,1,1,2,CD6086,43.87638,4.47047
201400008717,29,5,14,15,1,30,257,2,1,1,3,D6086,43.87623,4.46982
201400008718,5,6,14,19,1,30,156,2,1,1,3,RUE MIREILLE,43.859,4.44864
201400008719,15,9,14,12,1,30,156,1,1,8,1,,43.88219,4.43829
201400008720,26,9,14,8,1,30,156,2,2,1,3,Avenue de Provence,43.86075,4.44499
201400008721,22,10,14,19,5,30,39,2,1,1,1,route de nimes,43.88152,4.48905
201400008722,10,3,14,15,1,30,128,2,1,1,1,Route de Beauvoisin,0.0,0.0
201400008723,18,5,14,14,1,30,258,1,1,1,7,,43.66472,4.44162
201400008724,22,6,14,22,3,30,128,1,1,1,3,,43.74868,4.34231
201400008725,2,8,14,2,3,30,258,1,1,1,7,,43.67137,4.44096
201400008726,2,1,14,16,1,30,36,1,1,1,6,,43.78116,4.28086
201400008727,31,1,14,2,3,30,347,1,1,9,7,,43.74702,4.26246
201400008728,11,3,14,15,1,30,347,1,1,1,3,,43.71905,4.2639
201400008729,5,4,14,19,1,30,341,2,1,1,6,rue de la condamine,43.68862,4.27392
201400008730,10,4,14,23,5,30,36,1,1,1,2,,43.7697,4.28
201400008731,21,5,14,19,1,30,123,1,1,6,7,,43.70593,4.16831
201400008732,31,5,14,4,3,30,20,1,1,2,6,,43.74398,4.29791
201400008733,8,6,14,6,2,30,347,1,1,1,1,,43.74661,4.25969
201400008734,24,6,14,8,1,30,341,1,1,1,7,,43.71532,4.27435
201400008735,29,6,14,15,1,30,59,1,1,1,1,,43.65032,4.25221
201400008736,16,7,14,8,1,30,341,1,1,1,6,,43.69014,4.26081
201400008737,18,7,14,10,1,30,123,1,1,1,2,,43.72584,4.16363
201400008738,17,7,14,17,1,30,341,1,1,1,1,,43.68324,4.275
201400008739,2,8,14,17,3,30,341,1,1,2,1,,43.68735,4.24765
201400008740,9,8,14,14,1,30,36,1,1,1,6,,43.77919,4.2911
201400008741,17,8,14,19,1,30,6,1,6,1,2,,43.68793,4.21448
201400008742,28,8,14,4,3,30,36,1,1,1,3,,43.77229,4.28285
201400008743,15,9,14,10,1,30,6,1,1,2,1,,43.69376,4.16632
201400008744,1,10,14,19,2,30,4,1,1,1,1,,43.71291,4.21843
201400008745,2,10,14,22,3,30,33,1,1,1,7,,43.71587,4.28861
201400008746,31,10,14,20,5,30,169,2,1,1,3,RN113,43.78336,4.29877
201400008747,9,11,14,18,2,30,6,1,1,1,3,,43.69466,4.16824
201400008748,14,11,14,8,1,30,83,1,1,1,1,,43.71383,4.21891
201400008749,24,11,14,18,4,30,341,1,1,2,6,,43.69834,4.27338
201400008750,26,11,14,10,1,30,33,1,1,2,1,,43.71507,4.29639
201400008751,17,12,14,11,3,30,344,1,1,1,3,,43.73918,4.24242
201400008752,28,12,14,13,1,30,344,1,6,1,3,,43.73356,4.23533
201400008753,31,1,14,8,1,30,42,1,1,8,4,,44.0628,4.02337
201400008754,7,3,14,18,5,30,269,2,1,1,3,avenue de la R?sistance,44.1024,3.88323
201400008755,3,5,14,17,1,30,129,1,1,1,6,,44.07041,3.9803
201400008756,10,5,14,4,3,30,214,1,1,1,6,,44.04592,4.09802
201400008757,12,7,14,15,1,30,129,1,8,1,1,,44.07041,3.98033
201400008758,25,7,14,21,2,30,269,2,1,1,6,Parking de la Gare,44.10177,3.88359
201400008759,17,11,14,17,2,30,10,2,2,1,1,CD907/Chemin de Recoulin,44.05993,3.98108
201400008760,24,11,14,7,2,30,94,1,1,2,6,,44.07335,3.96131
201400008761,23,5,14,20,2,30,51,1,1,3,7,,43.91958,4.21482
201400008762,1,8,14,9,1,30,142,1,1,1,3,,44.2322,4.0572
201400008763,22,8,14,13,1,30,307,2,1,1,1,21 rue Louis Gourdouze,44.21384,4.02004
201400008764,29,8,14,13,1,30,307,2,1,1,1,RUE DE LA POMAREDE,44.20834,4.02299
201400008765,6,2,14,17,2,30,274,2,1,1,7,mont?e des rosiers,44.17472,4.11329
201400008766,9,5,14,17,1,30,284,1,1,1,2,,44.153,4.05844
201400008767,10,6,14,18,1,30,284,2,1,1,3,RD 906,44.17818,4.08171
201400008768,20,6,14,16,1,30,77,1,1,1,6,,44.16144,4.05651
201400008769,19,7,14,22,3,30,197,1,1,1,7,,44.13913,4.20275
201400008770,27,7,14,17,1,30,284,1,1,1,1,,44.16292,4.0589
201400008771,8,9,14,4,3,30,320,1,1,1,1,,44.11689,4.27508
201400008772,10,9,14,23,3,30,284,2,1,1,7,CD 60 A,44.15153,4.07815
201400008773,22,9,14,21,5,30,274,2,1,1,7,Mont?e des rosiers,44.16418,4.09837
201400008774,23,10,14,17,1,30,284,2,1,1,3,avenue de sainte barbe,44.15993,4.08525
201400008775,7,11,14,8,1,30,223,1,9,1,3,,44.21472,4.15235
201400008776,30,12,14,19,5,30,284,1,1,1,1,,44.15688,4.09375
201400008777,16,2,14,0,5,30,348,1,1,1,6,,44.05015,4.13966
201400008778,8,3,14,11,1,30,2,1,1,1,3,,43.95703,4.09922
201400008779,24,3,14,8,1,30,161,1,1,1,3,,44.03119,4.10996
201400008780,14,5,14,8,1,30,68,1,1,1,6,,44.0059,4.10303
201400008781,5,6,14,10,2,30,46,2,1,1,6,cd8,43.97544,4.19787
201400008782,11,6,14,21,3,30,146,1,1,1,7,,43.99096,4.11163
201400008783,18,6,14,17,1,30,146,1,1,1,3,,43.98423,4.11254
201400008784,17,7,14,15,1,30,109,2,6,1,3,cd981 route d'uzes,44.07074,4.22331
201400008785,3,8,14,0,3,30,259,1,1,1,2,,44.07661,4.11236
201400008786,5,10,14,1,3,30,348,1,1,1,7,,44.04989,4.14724
201400008787,5,11,14,18,3,30,2,1,2,2,3,,43.95666,4.09931
201400008788,14,11,14,23,3,30,240,1,1,3,7,,44.02485,4.19723
201400008789,21,12,14,5,3,30,348,1,1,1,4,,44.07164,4.11293
201400008790,11,4,14,2,3,30,153,1,1,1,6,,44.42691,4.03165
201400008791,22,4,14,10,1,30,80,1,1,2,6,,44.28996,3.98392
201400008792,12,6,14,15,1,30,130,1,1,3,1,,44.34142,3.95122
201400008793,28,8,14,11,1,30,153,1,1,1,7,,44.42896,4.02144
201400008794,18,9,14,11,1,30,90,1,1,3,6,,44.37479,0.0
201400008795,18,10,14,10,1,30,130,1,1,1,3,,44.33151,3.9641
201400008796,26,10,14,11,1,30,130,1,1,1,6,,44.35238,3.95276
201400008797,23,3,14,8,3,30,8,1,1,1,6,,44.20338,4.24526
201400008798,28,3,14,22,5,30,227,2,1,1,3,boulevard du portalet,44.25989,4.19632
201400008799,1,4,14,8,1,30,8,1,1,1,1,,44.18737,4.22048
201400008800,14,4,14,18,1,30,37,2,1,1,3,D51F Avenue  BRACOURT,44.28783,4.10759
201400008801,13,4,14,12,1,30,171,2,1,1,3,Avenue Pasteur,44.27018,4.14776
201400008802,18,4,14,15,1,30,152,1,1,1,1,,44.22693,4.15958
201400008803,24,4,14,15,1,30,237,1,1,1,7,,44.27537,4.19862
201400008804,5,5,14,18,1,30,37,2,1,1,6,Rue Paul Vermale,0.0,0.0
201400008805,11,5,14,13,1,30,167,2,6,1,3,route de besseges,44.27124,4.1703
201400008806,1,6,14,8,1,30,37,1,1,1,3,,44.28656,4.10622
201400008807,5,6,14,14,1,30,29,1,1,1,1,,44.29937,4.3425
201400008808,9,6,14,18,1,30,268,1,1,1,6,,44.23648,4.13421
201400008809,14,8,14,23,3,30,8,1,1,1,6,,44.18878,4.20886
201400008810,15,8,14,19,1,30,227,2,1,1,1,Chemin de la D?sori?re,0.0,0.0
201400008811,23,10,14,15,1,30,120,1,1,1,1,,44.31579,4.13406
201400008812,14,11,14,22,3,30,194,1,1,3,7,,44.29688,4.07484
201400008813,29,11,14,3,5,30,37,2,1,1,6,rue victor hugo,0.0,0.0
201400008814,24,12,14,16,1,30,227,1,1,1,1,,44.24333,4.17841
201400008815,21,2,14,12,1,30,334,1,9,1,1,,43.993,4.39054
201400008816,15,3,14,15,1,30,14,1,1,1,1,,43.99438,4.34928
201400008817,13,4,14,4,3,30,334,1,1,1,6,,43.98927,4.41222
201400008818,13,5,14,22,5,30,334,2,1,1,3,avenue louis alteirac,44.01929,4.41557
201400008819,22,5,14,12,1,30,334,2,1,1,6,,44.0136,4.42239
201400008820,10,6,14,14,1,30,334,1,1,1,1,,44.04598,4.40506
201400008821,30,6,14,0,3,30,334,1,1,1,6,,44.02087,4.44328
201400008822,4,8,14,16,1,30,338,1,1,1,6,,44.13178,4.34803
201400008823,10,8,14,21,1,30,41,1,1,1,6,,43.97255,4.39634
201400008824,18,8,14,1,3,30,295,2,1,1,1,route de jols,44.04897,4.42709
201400008825,21,9,14,7,2,30,67,1,1,1,6,,44.043,4.55602
201400008826,27,9,14,10,1,30,282,1,3,1,3,,44.13,4.4945
201400008827,25,10,14,21,3,30,308,1,1,1,7,,43.95193,4.41666
201400008828,14,12,14,15,1,30,338,1,1,8,6,,44.12367,4.36684