Num_Acc,jour,mois,an,hr,condition_eclairage,departement,commune,condition_agglomeration,intersection,condition_atmosphere,type_collision,adresse,lattitude,longitude
201400008829,17,12,14,16,2,30,30,1,1,8,1,,44.06021,4.26251
201400008830,15,12,14,9,1,30,41,1,1,1,1,,43.96722,4.38792
201400008831,26,12,14,11,1,30,308,1,1,1,7,,0.0,0.0
201400008832,12,1,14,15,1,30,277,1,1,1,7,,44.21655,4.53422
201400008833,15,1,14,7,3,30,202,1,1,1,1,,44.23907,4.64873
201400008834,17,4,14,13,1,30,202,2,1,1,1,avenue G?n?ral de Gaule,0.0,0.0
201400008835,20,4,14,6,2,30,230,2,1,1,6,"Lieu-dit ""Le Courau""",44.24004,4.44911
201400008836,27,4,14,4,3,30,256,1,1,2,6,,44.18884,4.55707
201400008837,10,8,14,3,3,30,202,2,1,1,7,RUE DU CALVAIRE,0.0,0.0
201400008838,4,9,14,11,1,30,175,1,1,1,7,,44.27215,4.41971
201400008839,17,12,14,7,2,30,288,1,1,1,5,,44.20744,4.62984
201400008840,26,12,14,14,1,30,230,1,1,1,6,,44.22915,4.46157
201400008841,12,2,14,9,1,30,73,1,6,1,6,,43.95527,4.56721
201400008842,23,3,14,0,3,30,336,1,1,2,6,,43.83212,4.64206
201400008843,24,4,14,8,1,30,212,1,9,1,2,,43.95044,4.55811
201400008844,13,6,14,1,3,30,13,1,6,1,7,,43.97192,4.49769
201400008845,29,6,14,4,3,30,336,1,1,2,6,,43.84276,4.62161
201400008846,9,9,14,6,2,30,89,2,1,1,3,CD986L,0.0,0.0
201400008847,9,9,14,9,1,30,212,2,1,1,6,AVENUE GEOFFROY PERRET,0.0,0.0
201400008848,26,10,14,14,1,30,340,1,1,7,5,,0.0,0.0
201400008849,13,12,14,15,1,30,212,1,1,1,6,,43.94288,4.56035
201400008850,9,1,14,18,3,30,221,1,1,1,7,,0.0,0.0
201400008851,20,2,14,10,1,30,221,1,1,1,5,,44.0283,4.73694
201400008852,26,3,14,20,3,30,217,1,1,1,3,,43.96081,4.71992
201400008853,21,5,14,18,1,30,315,1,1,8,6,,43.93932,4.67632
201400008854,13,8,14,15,1,30,209,1,1,1,1,,44.00854,4.73623
201400008855,28,8,14,17,1,30,312,1,1,1,1,,0.0,0.0
201400008856,21,9,14,4,3,30,278,1,1,1,7,,44.06024,4.70879
201400008857,2,9,14,14,1,30,221,1,1,1,2,,44.05462,4.76443
201400008858,31,10,14,12,1,30,217,1,6,1,6,,43.95976,4.73343
201400008859,13,12,14,1,5,30,217,1,1,2,6,,43.96656,4.70288
201400008860,11,3,14,18,1,30,21,2,1,1,1,04 route d'Arpaillargues,0.0,0.0
201400008861,16,3,14,22,3,30,61,1,6,1,6,,43.9143,4.2655
201400008862,24,3,14,11,1,30,88,1,1,1,3,,43.85205,4.09585
201400008863,27,4,14,19,1,30,281,1,1,1,7,,43.88204,4.19226
201400008864,23,5,14,9,1,30,233,1,1,1,1,,43.91958,4.21482
201400008865,18,7,14,1,3,30,313,1,1,1,2,,43.95947,4.23131
201400008866,29,8,14,20,2,30,122,1,1,1,6,,43.89171,4.2324
201400008867,4,10,14,18,1,30,112,2,1,1,6,Rue de la Garenne,43.90882,4.19312
201400008868,18,10,14,18,1,30,255,2,1,1,3,D?partementale 7,43.93989,4.20929
201400008869,29,10,14,18,3,30,184,1,1,1,3,,43.97009,4.22186
201400008870,6,11,14,9,1,30,21,1,2,1,3,,44.0039,4.33232
201400008871,7,1,14,20,3,30,350,2,1,2,7,route de paillerols,0.0,0.0
201400008872,25,1,14,17,1,30,170,1,1,1,6,,43.97369,3.58118
201400008873,7,2,14,17,1,30,229,1,1,1,1,,43.99928,3.66597
201400008874,16,2,14,21,4,30,350,2,1,1,6,BLD. DES CHATAIGNIERS,43.98997,3.60314
201400008875,8,6,14,19,1,30,238,1,1,1,7,,43.95294,3.64474
201400008876,3,7,14,17,1,30,325,2,1,1,6,CD999 pont d h?rault,43.99492,3.67693
201400008877,15,8,14,18,1,30,25,1,1,7,3,,43.97593,3.50456
201400008878,22,8,14,19,1,30,325,2,7,1,6,Place du plan,43.98073,3.71607
201400008879,1,9,14,16,1,30,350,1,1,1,6,,44.00083,3.65997
201400008880,7,9,14,16,1,30,176,1,1,1,1,,43.93414,3.63046
201400008881,10,11,14,18,3,30,350,2,1,8,3,d999,43.98126,3.60071
201400008882,14,11,14,14,1,30,325,1,1,3,3,,43.99277,3.68818
201400008883,16,3,14,16,2,30,198,1,1,7,1,,44.11536,3.7092
201400008884,18,2,14,15,1,30,311,2,1,1,6,route de quissac,43.93666,3.96215
201400008885,9,3,14,19,2,30,311,1,1,1,1,,43.9535,3.99854
201400008886,27,4,14,16,1,30,289,1,1,1,1,,43.99023,4.00187
201400008887,27,4,14,9,1,30,263,1,1,1,1,,43.97452,3.8514
201400008888,3,5,14,9,1,30,192,1,1,1,5,,43.8852,4.02137
201400008889,18,5,14,13,1,30,192,1,1,1,6,,43.88262,4.04921
201400008890,27,5,14,18,1,30,66,1,1,1,5,,43.92646,4.10472
201400008891,18,6,14,10,1,30,289,1,1,1,5,,43.99086,4.00218
201400008892,28,11,14,16,1,30,150,1,1,2,6,,43.9388,4.00162
201400008893,25,12,14,17,2,30,50,1,1,1,1,,43.9253,4.04806
201400008894,23,8,14,2,3,30,332,1,1,1,7,,44.08123,3.38473
201400008895,2,9,14,11,1,30,139,2,1,1,6,rue du ferradou,44.13031,3.38305
201400008896,29,6,14,14,1,48,43,2,4,1,1,L'habitarelle,44.639,3.679
201400008897,7,6,14,16,1,48,80,2,1,1,7,30 avenue FOCH,0.0,0.0
201400008898,15,9,14,0,3,48,70,1,1,1,6,,44.784,3.634
201400008899,28,9,14,14,1,48,10,1,1,1,7,,0.0,0.0
201400008900,7,11,14,6,3,48,23,1,1,1,6,,44.573,3.742
201400008901,20,12,14,10,1,48,82,1,1,1,1,,44.587,3.646
201400008902,26,10,14,15,1,48,119,1,1,1,6,,44.506,3.917
201400008903,14,11,14,18,3,48,15,1,1,3,7,,44.455,3.94
201400008904,7,6,14,17,1,48,22,1,1,1,7,,0.0,0.0
201400008905,7,7,14,18,1,48,75,1,1,1,5,,0.0,0.0
201400008906,3,8,14,17,1,48,116,1,1,1,2,,0.0,0.0
201400008907,7,11,14,18,3,48,61,1,1,1,1,,0.0,0.0
201400008908,24,3,14,8,1,48,19,1,1,1,6,,0.0,0.0
201400008909,29,3,14,11,1,48,144,1,1,1,1,,0.0,0.0
201400008910,27,4,14,10,1,48,148,1,1,1,6,,0.0,0.0
201400008911,23,8,14,16,1,48,97,1,1,1,6,,0.0,0.0
201400008912,27,8,14,14,1,48,178,1,1,1,2,,44.2787,3.83271
201400008913,27,2,14,8,1,48,88,1,1,1,6,,0.0,0.0
201400008914,29,7,14,10,1,48,34,1,1,1,6,,0.0,0.0
201400008915,8,12,14,17,5,48,103,1,1,1,6,,0.0,0.0
201400008916,11,12,14,18,3,48,156,1,1,2,6,,0.0,0.0
201400008917,8,11,14,20,3,48,120,1,3,1,1,,44.642,3.171
201400008918,31,5,14,18,1,48,2,1,1,1,3,Aire de la Garde,44.8711,3.25251
201400008919,7,9,14,17,1,48,121,2,1,1,1,le village,44.82625,3.34219
201400008920,17,1,14,15,1,66,37,1,1,1,1,,42.7062,2.99671
201400008921,27,2,14,20,4,66,37,1,6,2,6,,0.0,0.0
201400008922,20,6,14,7,1,66,224,1,1,1,1,,0.0,0.0
201400008923,29,7,14,12,1,66,37,1,1,1,3,,0.0,0.0
201400008924,31,8,14,5,3,66,37,1,1,1,7,,42.6604,3.03267
201400008925,27,9,14,6,3,66,37,1,1,1,6,,0.0,0.0
201400008926,6,10,14,3,5,66,37,2,1,1,7,rond-point de l'?tang,0.0,0.0
201400008927,9,10,14,17,1,66,37,2,1,1,3,,42.70247,3.03446
201400008928,13,12,14,18,5,66,224,2,1,1,1,Avenue de Perpignan,42.72721,2.98372
201400008929,15,12,14,11,1,66,37,2,1,1,1,RD 81 A,0.0,0.0
201400008930,21,12,14,16,1,66,182,1,1,1,5,,0.0,0.0
201400008931,7,1,14,20,3,66,59,1,1,1,5,,0.0,0.0
201400008932,2,5,14,19,1,66,65,2,1,1,3,Avenue Narcisse  PLANAS,42.6046,2.97028
201400008933,31,7,14,16,1,66,227,1,1,1,1,,0.0,0.0
201400008934,8,9,14,8,1,66,11,2,1,1,3,Avenue de la mediterrane,0.0,0.0
201400008935,9,10,14,18,1,66,65,2,1,1,6,rue nationale,42.59847,2.97357
201400008936,11,12,14,14,1,66,65,2,2,1,3,Rue Alfred de Musset,42.60833,2.97165
201400008937,16,6,14,23,3,66,71,1,1,1,7,,0.0,0.0
201400008938,2,10,14,16,1,66,46,1,1,1,1,,0.0,0.0
201400008939,9,4,14,8,2,66,174,1,1,1,1,,0.0,0.0
201400008940,22,6,14,8,1,66,58,1,1,1,3,,0.0,0.0
201400008941,25,8,14,5,3,66,108,2,1,1,7,traverse des lacs,42.69839,2.68232
201400008942,23,7,14,18,1,66,190,1,1,1,1,,0.0,0.0
201400008943,13,2,14,19,5,66,212,2,1,1,5,,0.0,0.0
201400008944,9,3,14,15,1,66,212,1,1,1,3,,42.76394,3.01894
201400008945,15,4,14,18,1,66,180,2,1,1,6,Avenue Alsace Lorraine,0.0,0.0
201400008946,29,6,14,1,3,66,180,2,1,1,6,CHEMIN PAS  LAS CADENES,42.76877,2.97913
201400008947,29,6,14,23,3,66,180,1,1,1,1,,0.0,0.0
201400008948,19,8,14,6,3,66,17,1,1,1,6,,0.0,0.0
201400008949,27,9,14,7,2,66,180,2,1,1,3,Rue Arago - rue J. Bart,42.77182,2.98846
201400008950,2,12,14,16,1,66,180,2,1,8,6,26 Rue Baudelaire,42.77276,2.99658
201400008951,21,12,14,17,1,66,180,1,1,1,1,,0.0,0.0
201400008952,21,1,14,10,1,66,210,2,1,1,6,Avenue mediterranee,0.0,0.0
201400008953,15,2,14,15,1,66,99,1,1,1,7,,0.0,0.0
201400008954,11,3,14,13,1,66,217,1,1,1,3,,0.0,0.0
201400008955,23,3,14,7,1,66,144,1,1,1,5,,0.0,0.0
201400008956,25,3,14,14,1,66,33,1,1,1,6,,0.0,0.0
201400008957,25,6,14,13,1,66,210,1,1,1,1,,0.0,0.0
201400008958,20,7,14,14,2,66,145,1,1,1,1,,0.0,0.0
201400008959,6,9,14,16,1,66,101,2,1,1,2,Rue Cami de les Olivedes,42.62332,2.77015
201400008960,15,10,14,17,1,66,210,1,1,1,6,,0.0,0.0
201400008961,8,11,14,8,1,66,217,2,1,1,5,croisement rue du stade,0.0,0.0
201400008962,26,11,14,15,1,66,144,1,1,2,3,,0.0,0.0
201400008963,5,12,14,7,3,66,101,1,1,1,3,,0.0,0.0
201400008964,31,12,14,7,3,66,144,1,1,1,2,,0.0,0.0
201400008965,14,1,14,2,3,66,160,1,1,2,3,,0.0,0.0
201400008966,20,1,14,10,1,66,168,1,1,6,3,,0.0,0.0
201400008967,21,3,14,17,1,66,8,1,1,1,3,,42.57656,3.00429
201400008968,18,4,14,9,1,66,8,1,3,1,6,,0.0,0.0
201400008969,31,7,14,8,1,66,8,1,1,1,1,,42.56232,3.0141
201400008970,18,8,14,18,1,66,8,2,9,1,7,avenue Moliere,42.55183,3.02921
201400008971,16,10,14,16,1,66,225,1,9,1,3,,0.0,0.0
201400008972,30,1,14,10,1,66,24,2,1,1,1,avenue d en cavailles,42.53281,2.83883
201400008973,16,2,14,18,3,66,178,2,1,2,6,rue du mas d'en marty,42.50881,2.77905
201400008974,7,3,14,14,1,66,106,1,3,1,5,,42.50084,2.82104
201400008975,4,5,14,8,1,66,137,1,1,1,6,,0.0,0.0
201400008976,7,6,14,23,3,66,115,1,1,1,3,,0.0,0.0
201400008977,11,6,14,14,1,66,15,1,1,1,3,,0.0,0.0
201400008978,30,8,14,11,1,66,63,1,1,1,6,,0.0,0.0
201400008979,21,3,14,16,1,66,48,1,1,1,3,,0.0,0.0
201400008980,12,4,14,17,1,66,209,1,1,1,5,,0.0,0.0
201400008981,14,7,14,11,1,66,125,2,1,1,3,RN 116,0.0,0.0
201400008982,22,7,14,9,1,66,149,1,1,1,1,,0.0,0.0
201400008983,6,8,14,17,1,66,149,1,1,1,6,,0.0,0.0
201400008984,6,10,14,18,1,66,149,2,1,1,1,Rond Point du Canigou,0.0,0.0
201400008985,29,10,14,16,1,66,149,1,1,1,7,,0.0,0.0
201400008986,18,1,14,13,1,66,146,1,1,4,6,,0.0,0.0
201400008987,1,9,14,15,1,66,95,1,1,1,5,,0.0,0.0
201400008988,9,6,14,10,1,66,154,1,1,1,6,,0.0,0.0
201400008989,3,8,14,9,1,66,5,2,1,1,6,Route des Pyrenees,0.0,0.0
201400008990,1,12,14,11,1,66,124,1,1,1,1,,42.52026,2.05907
201400008991,23,3,14,18,1,66,103,1,1,1,2,,0.0,0.0
201400008992,29,4,14,17,1,66,230,1,1,1,3,,42.64601,2.5133
201400008993,7,6,14,9,1,66,165,1,1,1,1,,0.0,0.0
201400008994,8,8,14,21,3,66,230,1,1,1,3,,0.0,0.0
201400008995,19,8,14,12,1,66,230,1,1,1,1,,0.0,0.0
201400008996,2,11,14,17,1,66,230,1,2,1,3,,0.0,0.0
201400008997,19,12,14,17,2,66,88,2,1,1,1,RD615,0.0,0.0
201400008998,10,2,14,15,1,201,32,2,1,3,6,mascardaccia,41.92308,8.84461
201400008999,2,3,14,14,1,201,32,1,1,1,6,,41.92314,8.83264
201400009000,1,6,14,23,5,201,130,2,1,1,5,Porticcio CD 55,41.87777,8.78662
201400009001,18,6,14,10,1,201,228,1,6,1,3,,41.84216,8.76785
201400009002,20,6,14,13,1,201,8,2,1,1,3,agosta plage,41.85912,8.79154
201400009003,8,3,14,9,1,201,62,1,1,1,3,,42.0291,8.93582
201400009004,22,3,14,10,1,201,209,1,3,1,3,,41.99829,8.85479
201400009005,4,4,14,11,1,201,40,1,1,3,1,,42.07781,9.03016
201400009006,15,4,14,13,1,201,271,1,1,1,1,,41.9755,8.82585
201400009007,9,7,14,8,1,201,40,1,1,1,5,,42.08633,9.04121
201400009008,20,7,14,6,1,201,6,1,1,1,5,,41.96036,8.78027
201400009009,2,8,14,17,1,201,271,2,9,1,3,chaus?a,41.96348,8.81308
201400009010,7,8,14,9,1,201,271,1,1,1,3,,0.0,0.0
201400009011,4,10,14,7,2,201,324,1,1,1,1,,0.0,0.0
201400009012,7,10,14,6,2,201,271,1,1,1,3,,41.976,8.82
201400009013,12,10,14,18,2,201,271,2,1,1,3,RN 194 Quartier MERENDA,41.95984,8.80628
201400009014,13,10,14,16,1,201,209,1,1,1,2,,0.0,0.0
201400009015,23,4,14,16,1,201,197,1,1,1,6,,42.355,8.645
201400009016,26,5,14,9,1,201,197,1,1,1,6,,42.36043,8.65197
201400009017,28,5,14,15,1,201,212,1,1,1,7,,42.03339,8.76364
201400009018,25,6,14,16,1,201,198,1,1,1,1,,0.0,0.0
201400009019,25,7,14,14,1,201,197,1,1,1,3,,42.32433,8.66039
201400009020,6,9,14,14,1,201,198,1,1,1,1,,0.0,0.0
201400009021,31,10,14,15,1,201,279,1,1,1,3,,0.0,0.0
201400009022,4,7,14,6,2,201,41,1,1,1,6,,41.42368,9.19957
201400009023,19,7,14,13,1,201,41,2,1,1,7,Quartier Saint Fran?ois,41.38704,9.1518
201400009024,24,7,14,12,1,201,41,2,1,1,6,Rue prosper Merime,41.38749,9.15662
201400009025,25,7,14,22,3,201,41,1,1,1,6,,41.45385,9.21168
201400009026,2,8,14,11,1,201,215,1,1,1,2,,0.0,0.0
201400009027,8,8,14,9,1,201,41,2,1,1,3,route de Sant'Amanza,0.0,0.0
201400009028,12,9,14,11,1,201,114,1,1,1,6,,41.51652,9.11136
201400009029,26,9,14,14,1,201,215,2,1,1,6,Lieu dit Viagenti,0.0,0.0
201400009030,15,1,14,9,1,201,247,1,1,1,6,,41.647,9.207
201400009031,24,1,14,18,5,201,247,2,1,8,6,Rue Henry Frenay,41.60178,9.27872
201400009032,14,2,14,10,1,201,247,2,1,1,6,D468b rte de Cala Rossa,41.62392,9.29578
201400009033,16,3,14,20,3,201,247,1,1,1,6,,41.56665,9.24928
201400009034,26,3,14,20,3,201,247,1,1,3,7,,41.59316,9.26468
201400009035,3,5,14,17,1,201,247,2,6,1,6,,41.60536,9.27601
201400009036,21,6,14,7,1,201,247,2,6,1,3,,41.59806,9.26668
201400009037,22,6,14,2,5,201,247,2,6,1,6,Avenue de Bastia,0.0,0.0
201400009038,24,6,14,16,1,201,247,1,1,1,3,,41.64344,9.23074
201400009039,30,6,14,18,1,201,247,2,6,1,1,AVENUE DE BASTIA,41.60294,9.27672
201400009040,20,7,14,14,1,201,247,1,9,1,1,,41.57613,9.2748
201400009041,1,8,14,12,1,201,247,2,1,1,1,Route de Cala Rossa,41.62511,9.30098
201400009042,1,9,14,19,1,201,247,2,6,1,6,RN198 (Rocade),41.60174,9.26886
201400009043,6,9,14,2,3,201,247,1,1,1,6,,41.59455,9.2563
201400009044,13,9,14,9,1,201,247,2,1,7,6,QUAI PASCAL PAOLI,41.58934,9.28361
201400009045,16,9,14,18,1,201,247,2,1,1,3,,0.0,0.0
201400009046,18,11,14,9,1,201,247,2,6,1,3,Rond Point des 4 Chemins,0.0,0.0
201400009047,28,2,14,20,3,201,272,1,1,3,3,,41.63164,8.95794
201400009048,22,3,14,20,3,201,272,1,1,8,1,,41.64286,8.95732
201400009049,10,5,14,19,1,201,272,1,1,1,1,,41.64591,8.96666
201400009050,3,6,14,17,1,201,128,1,1,1,7,,41.64067,9.00046
201400009051,28,6,14,8,1,201,272,2,2,1,6,rond point symply,41.61827,8.97331
201400009052,14,9,14,18,1,201,272,1,1,1,1,,41.63201,8.95801
201400009053,8,12,14,13,1,201,272,1,1,7,1,,0.0,0.0
201400009054,1,9,14,20,3,201,232,1,1,1,1,,41.7268,8.81489
201400009055,3,6,14,8,1,201,189,1,1,1,5,lieu dit les cannes,41.69797,8.90308
201400009056,28,8,14,19,1,201,249,2,1,1,3,rue casanova d'arraciani,41.6713,8.90669
201400009057,29,4,14,21,3,202,42,1,1,1,7,,0.0,0.0
201400009058,5,7,14,5,2,202,148,2,1,1,7,RD 507,0.0,0.0
201400009059,24,8,14,21,3,202,148,1,1,1,7,,0.0,0.0
201400009060,1,10,14,14,1,202,350,1,1,1,5,,0.0,0.0
201400009061,5,11,14,8,1,202,148,2,3,8,3,CD 107 RTE AEROPORT,0.0,0.0
201400009062,12,11,14,18,3,202,355,1,1,3,3,,0.0,0.0
201400009063,15,11,14,17,2,202,350,1,1,2,1,,0.0,0.0
201400009064,18,11,14,6,2,202,355,1,1,1,5,,0.0,0.0
201400009065,21,11,14,5,3,202,148,2,1,1,6,Lieu-dit Pughjali,0.0,0.0
201400009066,25,1,14,3,3,202,43,1,1,1,6,,0.0,0.0
201400009067,6,3,14,18,1,202,152,1,1,1,2,,0.0,0.0
201400009068,13,4,14,18,1,202,43,1,1,1,1,,0.0,0.0
201400009069,24,4,14,15,1,202,43,2,1,1,7,embrun de folies,0.0,0.0
201400009070,4,6,14,11,1,202,327,1,1,1,1,,42.925,9.439
201400009071,7,6,14,10,3,202,305,1,1,1,6,,0.0,0.0
201400009072,1,7,14,19,1,202,305,2,1,1,6,pietranera,0.0,0.0
201400009073,28,9,14,11,1,202,43,1,1,1,1,,0.0,0.0
201400009074,1,1,14,3,5,202,298,2,1,1,6,RD 81 - LD Treperi,0.0,0.0
201400009075,4,4,14,14,1,202,29,1,1,1,1,,0.0,0.0
201400009076,25,4,14,10,1,202,29,1,1,1,1,,0.0,0.0
201400009077,14,6,14,14,1,202,185,1,1,1,3,,0.0,0.0
201400009078,20,6,14,16,1,202,205,2,1,1,3,lieu dit Campo d'Elge,0.0,0.0
201400009079,18,7,14,17,1,202,205,1,1,1,1,,0.0,0.0
201400009080,6,8,14,12,1,202,172,2,2,1,1,Incruciatta,0.0,0.0
201400009081,12,12,14,23,3,202,185,1,1,1,7,,0.0,0.0
201400009082,9,1,14,8,1,202,150,1,1,1,3,,0.0,0.0
201400009083,19,6,14,18,1,202,50,2,1,1,1,route de pietramaggiore,0.0,0.0
201400009084,20,7,14,21,5,202,361,2,1,1,7,Route du cimeti?re,0.0,0.0
201400009085,27,7,14,12,1,202,49,1,1,1,6,,42.47,8.753
201400009086,4,12,14,23,3,202,150,1,1,1,1,,0.0,0.0
201400009087,6,6,14,10,1,202,168,1,1,1,3,,0.0,0.0
201400009088,24,6,14,16,1,202,134,2,1,1,6,place Paoli,0.0,0.0
201400009089,13,9,14,18,1,202,168,2,1,1,1,D63,0.0,0.0
201400009090,19,9,14,16,1,202,134,2,1,1,1,route du cimetiere,0.0,0.0
201400009091,28,11,14,18,5,202,134,2,1,8,1,Boulevard Pierre Pasquin,0.0,0.0
201400009092,2,12,14,14,1,202,93,1,9,1,3,,0.0,0.0
201400009093,15,1,14,20,3,202,238,2,1,1,6,Route du stade,0.0,0.0
201400009094,28,3,14,7,1,202,96,1,1,1,2,,0.0,0.0
201400009095,17,5,14,18,1,202,96,2,3,1,6,Cours Paoli,0.0,0.0
201400009096,14,6,14,13,1,202,201,2,1,1,6,Casaperta,0.0,0.0
201400009097,1,9,14,0,3,202,96,1,1,1,7,,0.0,0.0
201400009098,5,9,14,3,5,202,96,2,1,1,6,avenue du pdt pierucci,0.0,0.0
201400009099,5,12,14,0,5,202,96,2,1,2,7,Quartier de la gare,0.0,0.0
201400009100,27,6,14,0,3,202,47,1,1,1,7,,0.0,0.0
201400009101,14,7,14,16,1,202,95,1,1,1,1,,0.0,0.0
201400009102,9,8,14,5,2,202,47,1,1,1,6,,0.0,0.0
201400009103,17,2,14,16,1,202,337,1,1,1,1,,0.0,0.0
201400009104,8,5,14,19,1,202,193,1,1,1,1,,0.0,0.0
201400009105,17,5,14,13,1,202,332,1,9,1,3,,0.0,0.0
201400009106,15,6,14,17,1,202,332,1,1,1,7,,0.0,0.0
201400009107,21,7,14,16,1,202,220,1,1,1,2,,0.0,0.0
201400009108,27,7,14,19,1,202,337,1,1,1,7,,0.0,0.0
201400009109,9,10,14,17,1,202,220,1,1,1,1,,0.0,0.0
201400009110,23,3,14,18,3,202,123,1,1,1,7,,0.0,0.0
201400009111,5,7,14,14,1,202,123,1,1,1,3,,0.0,0.0
201400009112,11,12,14,7,2,202,123,2,2,1,3,U FUNTANA,0.0,0.0
201400009113,20,1,14,6,5,202,307,1,1,1,5,,0.0,0.0
201400009114,6,9,14,15,1,202,303,1,1,1,5,,0.0,0.0
201400009115,29,9,14,15,1,202,303,1,1,1,5,,42.29,9.458
201400009116,16,3,14,16,1,202,77,1,1,1,1,,0.0,0.0
201400009117,12,6,14,11,1,202,221,1,1,1,6,,0.0,0.0
201400009118,29,6,14,9,1,202,343,1,1,1,2,,0.0,0.0
201400009119,25,7,14,16,1,202,207,1,1,1,1,,0.0,0.0
201400009120,5,8,14,16,1,202,207,1,1,1,5,,0.0,0.0
201400009121,21,9,14,17,1,202,207,1,1,1,1,,0.0,0.0
201400009122,31,10,14,18,3,202,255,1,1,1,6,,0.0,0.0
201400009123,12,11,14,16,1,202,252,1,1,2,6,,0.0,0.0
201400009124,28,11,14,17,3,202,77,1,1,3,5,,0.0,0.0
201400009125,8,12,14,11,2,202,346,2,6,1,3,Rond point de Arena,0.0,0.0
201400009126,22,12,14,23,5,202,346,2,6,1,6,rond point de Torra,0.0,0.0
201400009127,20,1,14,17,5,50,23,2,1,1,6,"1, FANTON (CHEMIN)",44.90359,6.62951
201400009128,20,2,14,21,5,50,23,2,1,1,7,"4, BACCHU-BER (RUE DU)",44.88576,6.63473
201400009129,25,2,14,20,5,50,23,2,1,1,6,"23, REPUBLIQUE (AVENUE D",44.89821,6.63899
201400009130,28,2,14,22,5,50,23,2,1,4,6,Avenue Jean Moulin,44.88912,6.62741
201400009131,16,3,14,3,5,50,23,2,6,1,6,DE GAULLE (AVENUE DU GEN,44.89409,6.63338
201400009132,21,3,14,17,1,50,23,2,9,1,6,6 AVENUE DU DAUPHINE,44.90291,6.63082
201400009133,28,3,14,13,1,50,23,2,9,1,6,IZOARD (AVENUE DU COL D',44.89262,6.63785
201400009134,28,4,14,12,1,50,23,2,1,1,3,"36, FORGUES (AVENUE DU P",44.90557,6.63006
201400009135,3,5,14,18,1,50,23,2,1,1,7,PROVENCE (AVENUE DE),44.89944,6.63111
201400009136,16,6,14,14,1,50,23,2,4,1,3,SAVOIE (AVENUE DE),44.90931,6.62639
201400009137,11,7,14,16,1,50,23,2,1,1,4,DAUPHINE (AVENUE DU),44.90289,6.63095
201400009138,19,7,14,17,1,50,23,2,1,1,3,POET OLLAGNIER (ROUTE DU,44.91504,6.62508
201400009139,23,7,14,16,1,50,23,2,1,1,2,4 eme RTM (RUE DU),44.89468,6.63615
201400009140,23,7,14,16,1,50,23,2,1,1,3,PROVENCE (AVENUE DE),44.8984,6.62855
201400009141,27,7,14,10,1,50,23,2,1,1,1,SAVOIE (AVENUE DE),44.90865,6.62695
201400009142,29,7,14,14,1,50,23,2,4,1,3,IZOARD (AVENUE DU COL D',44.89371,6.63777
201400009143,30,7,14,11,1,50,23,2,6,1,6,DE GAULLE (AVENUE DU GEN,44.89616,6.63298
201400009144,2,8,14,10,1,50,23,2,1,1,1,FORGUES (AVENUE DU PROF.,44.90321,6.63705
201400009145,8,8,14,16,1,50,23,2,1,1,3,GRENOBLE (ROUTE DE),44.91789,6.62116
201400009146,15,8,14,13,1,50,23,2,1,1,3,DAUPHINE (AVENUE DU),44.90291,6.63089
201400009147,16,8,14,11,1,50,23,2,2,7,6,", ROCH (RUE SAINT)",44.8864,6.63688
201400009148,23,8,14,14,1,50,23,2,1,1,2,BALDENBERGER (AVENUE),44.90194,6.64117
201400009149,23,7,14,9,1,50,23,2,6,1,7,PETSCHE (AVENUE MAURICE),44.89585,6.63272
201400009150,30,9,14,7,1,50,23,2,1,3,6,GRENOBLE (ROUTE DE),44.91807,6.62087
201400009151,18,10,14,10,1,50,23,2,3,1,6,DE GAULLE (AVENUE DU GEN,44.8925,6.63398
201400009152,5,11,14,17,5,50,23,2,1,2,6,"5, EUROPE (PLACE DE L')",44.89705,6.6352
201400009153,5,11,14,18,3,50,23,1,1,2,7,ITALIE (ROUTE D'),44.90966,6.66335
201400009154,24,11,14,8,1,50,23,2,2,1,3,SAVOIE (AVENUE DE),44.91471,6.62302
201400009155,13,12,14,19,5,50,23,2,1,1,2,BARBOT (AVENUE DU GENERA,44.90086,6.63236
201400009156,9,1,14,12,1,50,61,2,1,1,6,Parking HYPER U 0500 GAP,44.54389,6.06626
201400009157,12,1,14,19,5,50,61,2,1,1,3,COMMANDANT DUMONT ( AVEN,44.57011,6.08314