Num_Acc,jour,mois,an,hr,condition_eclairage,departement,commune,condition_agglomeration,intersection,condition_atmosphere,type_collision,adresse,lattitude,longitude
201400009158,5,4,14,13,1,50,61,2,1,1,6,GEORGES POMPIDOU ( BD),44.55819,6.08264
201400009159,17,4,14,20,1,50,61,2,1,1,3,ETIENNE MOREAUD ( RUE ),44.55927,6.07605
201400009160,29,4,14,22,5,50,61,2,1,1,5,EYSSAGNIERES ( ROUTE DES,44.54804,6.05442
201400009161,5,6,14,13,1,50,61,1,1,1,1,RN 85,44.59013,6.08153
201400009162,9,6,14,12,1,50,61,1,1,7,7,RN 85,44.57416,6.07467
201400009163,6,6,14,9,1,50,61,2,1,1,6,GEORGES POMPIDOU ( BD),44.55969,6.08422
201400009164,10,6,14,8,1,50,61,2,1,1,6,JEAN JAURES ( AVENUE ),44.55343,6.0729
201400009165,19,6,14,7,1,50,61,2,1,1,3,EYSSAGNIERES ( ROUTE DES,44.54001,6.05188
201400009166,24,6,14,15,1,50,61,2,1,1,6,JEAN JAURES ( AVENUE ),44.5485,6.06684
201400009167,25,6,14,17,1,50,61,2,5,1,3,JEAN MOULIN ( CARREFOUR),44.56001,6.07585
201400009168,3,7,14,9,1,50,61,2,6,1,3,D994,44.56139,6.08225
201400009169,5,7,14,15,1,50,61,1,1,1,7,D994,44.60422,6.11602
201400009170,9,7,14,12,1,50,61,2,1,1,1,SILOS ( RUE DES ),44.56642,6.08892
201400009171,10,7,14,19,1,50,61,2,1,8,2,FOREST ( RUE ET ROUTE DU,44.56616,6.08681
201400009172,20,8,14,14,1,50,61,2,6,1,3,VEYNES ( ROUTE DE ),44.5579,6.06863
201400009173,29,8,14,17,1,50,61,2,1,1,3,PIGNEROL ( AVENUE DE ),44.56503,6.09289
201400009174,14,9,14,8,1,50,61,2,1,1,6,FREDERIC MISTRAL ( COURS,44.55812,6.07447
201400009175,15,9,14,23,5,50,61,2,1,2,6,FREDERIC MISTRAL ( COURS,44.55702,6.07524
201400009176,17,10,14,18,1,50,61,2,6,1,6,FAUVINS ( ROUTE  DES ),44.56386,6.09529
201400009177,18,10,14,11,1,50,61,2,3,1,6,OCTROI ( PASSAGE DE L' ),44.56078,6.07738
201400009178,30,10,14,17,1,50,61,2,3,1,3,MALCOMBE ( ROUTE DE ),44.55792,6.04425
201400009179,12,11,14,15,1,50,61,2,1,2,6,GEORGES POMPIDOU ( BD),44.55638,6.07932
201400009180,13,12,14,23,5,50,61,2,1,1,1,GUILLAUME FAREL ( AVENUE,44.5579,6.07088
201400009181,17,12,14,10,1,50,61,2,1,1,1,JUSTICE ( ROUTE DE  LA ),44.56685,6.11051
201400009182,15,5,14,23,3,78,337,1,1,1,7,,0.0,0.0
201400009183,18,5,14,16,1,78,68,1,1,1,7,,0.0,0.0
201400009184,15,6,14,18,1,78,147,1,1,1,2,,0.0,0.0
201400009185,7,7,14,17,1,78,89,2,1,1,6,rue georges herrewyn,0.0,0.0
201400009186,29,7,14,8,1,78,89,1,6,1,3,,0.0,0.0
201400009187,31,10,14,10,1,78,89,2,1,1,2,RUE DU PORT,0.0,0.0
201400009188,23,4,14,17,1,78,558,1,1,1,1,,0.0,0.0
201400009189,1,11,14,11,1,78,192,1,1,1,1,,0.0,0.0
201400009190,1,4,14,7,1,78,567,1,1,1,7,,49.041,1.692
201400009191,2,4,14,15,1,78,536,1,1,1,2,,0.0,0.0
201400009192,25,3,14,8,1,78,90,1,3,2,3,,0.0,0.0
201400009193,29,11,14,13,1,78,140,1,1,1,2,,0.0,0.0
201400009194,29,12,14,16,2,78,206,2,1,1,3,rue de la R?publique,0.0,0.0
201400009195,6,8,14,12,1,78,263,2,1,2,1,AVENUE DE NEUVILLE,0.0,0.0
201400009196,17,9,14,17,1,78,263,1,2,1,3,,0.0,0.0
201400009197,19,10,14,17,1,78,263,1,1,1,5,,0.0,0.0
201400009198,29,11,14,8,1,78,48,1,1,1,6,,0.0,0.0
201400009199,24,4,14,8,1,78,380,2,1,1,5,RD 191 - Route de Mantes,0.0,0.0
201400009200,7,6,14,2,3,78,380,1,1,1,6,,0.0,0.0
201400009201,9,7,14,12,1,78,62,2,1,1,3,Route d?partementale 191,0.0,0.0
201400009202,31,7,14,11,1,78,305,1,1,1,1,,0.0,0.0
201400009203,17,9,14,9,1,78,368,2,1,1,6,Rue Christian Pouillard,0.0,0.0
201400009204,12,11,14,18,5,78,380,2,1,1,6,chauss?e Saint Vincent,0.0,0.0
201400009205,11,2,14,12,1,78,530,2,3,8,3,Boulevard de l'Europe,0.0,0.0
201400009206,6,6,14,12,1,78,439,1,1,1,3,,0.0,0.0
201400009207,1,8,14,9,1,78,417,1,1,1,6,,48.894,1.608
201400009208,22,12,14,19,3,78,474,1,1,1,7,,48.854,1.639
201400009209,28,6,14,19,1,78,497,1,1,1,3,,0.0,0.0
201400009210,10,7,14,19,5,78,497,2,1,1,7,route de Rambouillet,0.0,0.0
201400009211,21,9,14,4,3,78,557,1,1,2,6,,0.0,0.0
201400009212,18,2,14,17,1,78,3,1,1,1,4,,0.0,0.0
201400009213,10,3,14,20,3,78,478,1,1,1,7,,0.0,0.0
201400009214,4,6,14,12,1,78,3,1,1,3,2,,0.0,0.0
201400009215,15,6,14,15,1,78,470,1,1,1,1,,48.583,1.813
201400009216,16,2,14,17,1,78,548,1,1,1,1,,0.0,0.0
201400009217,27,3,14,17,1,78,590,1,1,1,3,,0.0,0.0
201400009218,10,7,14,11,1,78,160,2,1,1,6,12 rue porte de paris,0.0,0.0
201400009219,9,2,14,11,1,78,289,2,1,1,6,route des aubris,0.0,0.0
201400009220,12,2,14,9,1,78,443,1,1,1,2,,0.0,0.0
201400009221,5,3,14,1,3,78,398,1,1,1,1,,48.766,1.83
201400009222,31,3,14,10,1,78,420,2,6,1,3,cd 155,48.784,1.814
201400009223,9,4,14,9,1,78,576,1,1,1,1,,48.742,1.887
201400009224,10,8,14,12,1,78,562,1,1,1,6,,48.743,1.776
201400009225,6,9,14,21,3,78,443,1,9,1,6,,48.805,1.842
201400009226,5,1,14,8,1,78,321,1,1,1,6,,0.0,0.0
201400009227,22,3,14,16,1,78,623,1,1,1,4,,0.0,0.0
201400009228,13,4,14,19,1,78,683,2,1,1,6,rue charles de gaulle,0.0,0.0
201400009229,3,7,14,8,1,78,321,1,1,1,2,,0.0,0.0
201400009230,2,2,14,10,1,78,616,1,1,1,6,,0.0,0.0
201400009231,26,2,14,8,2,78,262,1,1,1,2,,0.0,0.0
201400009232,3,3,14,19,3,78,364,1,1,1,3,,0.0,0.0
201400009233,30,4,14,17,1,78,364,1,1,1,3,,0.0,0.0
201400009234,24,5,14,10,1,78,262,2,1,1,6,rue de Montfort,0.0,0.0
201400009235,29,5,14,10,1,78,513,2,9,1,6,zac les croix / parking,0.0,0.0
201400009236,13,8,14,10,1,78,62,2,1,1,7,,0.0,0.0
201400009237,26,8,14,22,1,78,513,1,1,2,6,,0.0,0.0
201400009238,13,9,14,16,1,78,265,1,1,1,6,,0.0,0.0
201400009239,13,9,14,16,1,78,265,1,1,1,1,,0.0,0.0
201400009240,2,7,14,17,1,78,522,1,1,1,6,,0.0,0.0
201400009241,18,7,14,17,1,78,601,1,1,1,1,,0.0,0.0
201400009242,20,8,14,14,1,78,349,2,1,1,6,Route d?partementale 149,0.0,0.0
201400009243,8,11,14,10,1,78,537,2,1,1,7,D?partementale 149 Pk 09,0.0,0.0
201400009244,12,4,14,12,1,78,466,2,1,1,3,route des quarante sous,48.932,1.995
201400009245,7,2,14,7,1,91,235,2,1,1,6,rue de l'essonne,0.0,0.0
201400009246,20,3,14,17,1,91,235,2,6,1,3,RN 445,0.0,0.0
201400009247,3,9,14,17,1,91,235,2,1,1,6,RD 445,0.0,0.0
201400009248,25,10,14,16,1,91,235,2,1,1,3,Av du hurepoix,48.625,2.351
201400009249,26,10,14,18,3,91,235,1,1,1,2,RD 445,48.635,2.357
201400009250,9,4,14,14,1,91,386,2,1,1,1,avenue des porcelaines,0.0,0.0
201400009251,5,6,14,18,1,91,179,1,1,7,3,D 948,0.0,0.0
201400009252,13,6,14,19,1,91,386,2,1,1,7,BVD CHARLES DE GAULLE,0.0,0.0
201400009253,11,9,14,21,5,91,179,2,3,1,3,Route de Milly,0.0,0.0
201400009254,21,11,14,16,1,91,179,1,1,1,2,Chemin justice /N7,0.0,0.0
201400009255,26,11,14,9,1,91,468,2,1,2,6,RD191,48.577,2.47
201400009256,5,1,14,16,1,91,405,1,1,1,3,D837,0.0,0.0
201400009257,28,1,14,16,1,91,408,1,1,1,1,D948,0.0,0.0
201400009258,11,3,14,15,1,91,405,1,1,1,2,D1,0.0,0.0
201400009259,14,3,14,18,1,91,359,2,1,1,6,rue de l'espérance,48.39,2.379
201400009260,5,6,14,22,5,91,405,2,1,1,1,Rue Jean Cocteau,0.0,0.0
201400009261,12,6,14,16,1,91,180,1,1,1,1,D372,48.44,2.475
201400009262,3,8,14,15,1,91,180,1,1,1,3,D372,48.446,2.483
201400009263,10,8,14,10,1,91,195,1,1,1,1,D948,0.0,0.0
201400009264,19,11,14,8,1,91,69,1,1,1,1,RD 449,0.0,0.0
201400009265,9,1,14,18,3,91,175,1,1,8,6,Forêt domaniale C3,0.0,0.0
201400009266,5,4,14,20,1,91,200,2,1,1,3,av du 14 juillet 1789,48.525,2.023
201400009267,8,4,14,16,1,91,200,2,1,1,3,rue Pierre CECCALDI,48.532,2.012
201400009268,5,7,14,11,1,91,98,1,1,1,1,RD 191,48.46,2.072
201400009269,17,11,14,10,1,91,393,1,1,8,7,RD 21,0.0,0.0
201400009270,5,12,14,18,1,91,200,2,7,8,6,place du chariot,0.0,0.0
201400009271,8,12,14,12,1,91,200,1,1,2,6,D836,48.545,1.997
201400009272,18,12,14,9,1,91,200,1,6,1,7,D116,0.0,0.0
201400009273,26,5,14,11,1,91,226,2,1,2,6,Face au 60 ter Grande Ru,0.0,0.0
201400009274,16,6,14,19,2,91,671,1,1,1,6,D191,48.466,2.267
201400009275,14,6,14,18,1,91,226,2,1,7,3,Route de Saint Fiacre,0.0,0.0
201400009276,4,7,14,13,1,91,132,1,1,8,6,RN 20,48.522,2.204
201400009277,19,10,14,11,1,91,95,1,1,1,3,RD 99,48.52,2.289
201400009278,20,12,14,17,5,91,226,2,1,2,6,Avenue d'Orleans,0.0,0.0
201400009279,20,4,14,18,1,91,473,1,1,1,6,D145,0.0,0.0
201400009280,18,6,14,15,1,91,129,1,1,1,2,D191,48.479,2.304
201400009281,13,7,14,15,1,91,100,1,3,3,3,intersection RD837/RD145,48.43,2.284
201400009282,23,7,14,17,1,91,294,1,1,8,1,RD108,0.0,0.0
201400009283,3,5,14,0,5,91,568,2,2,1,1,RD 27,0.0,0.0
201400009284,2,8,14,10,1,91,546,2,2,1,3,CD838/CD27,48.571,2.031
201400009285,9,8,14,13,1,91,81,1,1,1,7,D82,0.0,0.0
201400009286,13,9,14,8,1,91,661,1,1,1,6,,48.692,2.2
201400009287,2,12,14,18,5,91,661,2,1,2,6,RUE DE PALAISEAU,0.0,0.0
201400009288,17,2,14,18,1,91,115,2,1,1,6,rue de l'abreuvoir,0.0,0.0
201400009289,20,3,14,7,1,91,461,2,6,1,3,D97,0.0,0.0
201400009290,10,4,14,0,3,91,461,1,1,1,4,route de baillot,48.598,2.217
201400009291,1,8,14,17,1,91,207,1,1,1,2,RN20,48.58,2.235
201400009292,3,10,14,18,1,91,41,1,1,1,2,route de la Ferté Alais,48.571,2.262
201400009293,18,12,14,18,5,91,156,1,1,1,2,route de Lardy,48.552,2.278
201400009294,21,1,14,7,2,91,332,1,1,1,1,D26,0.0,0.0
201400009295,7,4,14,15,1,91,579,2,6,1,1,carrefour giratoire CD8,0.0,0.0
201400009296,10,11,14,7,2,91,579,1,1,5,1,chemin vicinal n°1,0.0,0.0
201400009297,16,1,14,18,3,91,338,1,1,2,6,D838,0.0,0.0
201400009298,21,1,14,7,3,91,338,1,2,2,3,D838,0.0,0.0
201400009299,23,1,14,8,2,91,411,1,1,8,5,D838,48.688,2.068
201400009300,4,2,14,9,1,91,111,1,6,2,6,D131,0.0,0.0
201400009301,23,2,14,0,3,91,243,1,1,2,6,D3,48.624,2.166
201400009302,24,4,14,20,1,91,411,1,1,1,7,D838,48.687,2.06999
201400009303,2,5,14,8,1,91,111,1,6,2,6,D24,48.644,2.122
201400009304,10,7,14,9,1,91,243,2,2,2,1,intersection CD 97/ CD3,0.0,0.0
201400009305,18,9,14,15,1,91,243,1,1,1,2,rue de la Roche Turpin,48.621,2.169
201400009306,4,10,14,15,1,91,319,1,1,1,5,RD40,0.0,0.0
201400009307,6,10,14,18,2,91,249,1,3,2,3,rue du Général Leclerc,0.0,0.0
201400009308,19,10,14,10,1,91,93,2,2,1,3,rue du tartelet,0.0,0.0
201400009309,12,12,14,17,3,91,243,1,3,2,3,D3,0.0,0.0
201400009310,15,12,14,9,1,91,338,1,1,8,7,D24,0.0,0.0
201400009311,30,12,14,7,3,91,338,1,1,4,2,RD988,48.659,2.07799
201400009312,20,5,14,7,1,91,44,1,6,1,5,RPT VERONIQUE D186,0.0,0.0
201400009313,27,7,14,20,1,91,587,1,1,1,2,RN 20,0.0,0.0
201400009314,27,8,14,17,1,91,44,1,1,1,2,N20,0.0,0.0
201400009315,18,10,14,15,1,91,44,1,1,1,1,RN20,0.0,0.0
201400009316,12,12,14,17,3,91,136,1,1,2,3,N20,0.0,0.0
201400009317,18,12,14,7,5,91,136,2,1,1,6,10 route de versailles,0.0,0.0
201400009318,23,2,14,16,1,91,635,1,1,1,3,D36,48.734,2.179
201400009319,25,3,14,16,1,91,534,1,1,2,2,N118,48.744,2.186
201400009320,9,8,14,17,1,91,477,1,6,1,1,D36,0.0,0.0
201400009321,13,11,14,1,5,91,534,1,1,1,7,RD 36,48.735,2.149
201400009322,15,1,14,6,3,91,679,1,1,2,2,,0.0,0.0
201400009323,18,1,14,14,1,91,272,2,1,1,4,123 AVENEU DU G LECLERC,48.709,2.118
201400009324,1,2,14,19,5,91,679,1,1,1,1,Rue du Billehou,0.0,0.0
201400009325,5,2,14,7,2,91,274,1,1,1,7,D40,48.677,2.113
201400009326,6,2,14,19,5,91,272,2,1,1,3,av. du général leclerc,0.0,0.0
201400009327,12,2,14,8,1,91,274,1,1,1,7,D131,0.0,0.0
201400009328,24,2,14,20,3,91,272,2,1,1,3,rue Juliette adam,48.706,2.124
201400009329,15,5,14,20,1,91,275,1,6,1,6,D35,0.0,0.0
201400009330,27,5,14,10,1,91,275,1,6,1,7,D35,0.0,0.0
201400009331,4,11,14,8,1,91,272,1,1,1,1,RD 306,0.0,0.0
201400009332,12,11,14,5,3,91,679,1,1,9,2,RD 36,48.736,2.111
201400009333,11,12,14,18,3,91,635,1,1,2,6,D36,0.0,0.0
201400009334,27,12,14,8,3,91,679,1,1,1,6,RD95,0.0,0.0
201400009335,29,8,14,3,3,95,157,1,1,1,6,RD 100,49.0839,1.6968
201400009336,31,1,14,13,1,95,287,1,1,1,6,R DU BOIS QUERY,49.1367,2.0459
201400009337,10,5,14,6,2,95,271,2,1,1,6,R SAINT MELLON,49.1039,2.05629
201400009338,12,6,14,20,1,95,308,1,1,1,3,CHEMIN DE PONTOISE,49.1066,2.1332
201400009339,1,7,14,8,1,95,211,1,1,1,1,RTE DE GENICOURT,49.0835,2.0867
201400009340,28,8,14,6,2,95,627,1,1,1,1,R DE PONTOISE,49.1395,2.1182
201400009341,9,4,14,14,1,95,2,1,1,1,5,RD 14,49.0694,1.9609
201400009342,14,6,14,14,1,95,535,1,1,1,6,RD 28,49.0652,1.9612
201400009343,27,6,14,16,1,95,348,1,1,2,1,RD 169,49.0683,1.9211
201400009344,10,11,14,7,3,95,166,1,1,1,4,RD 14,49.1227,1.8551
201400009345,5,1,14,18,3,95,199,1,3,1,1,RD 909,49.0261,2.3112
201400009346,19,5,14,13,1,95,199,1,1,1,1,RTE DE MONTMORENCY,49.0154,2.3127
201400009347,29,8,14,2,5,95,409,2,1,1,6,RD 909,49.0448,2.3259
201400009348,8,11,14,10,1,95,199,2,6,1,6,AV DU LYCEE,49.0281,2.3393
201400009349,3,12,14,20,5,95,199,2,1,2,6,R DE LA REPUBLIQUE,49.0251,2.3243
201400009350,9,6,14,18,1,95,365,1,1,2,3,RD 316,49.0718,2.4073
201400009351,10,8,14,15,1,95,205,2,1,8,1,R DE LA LIBERATION,49.0235,2.3727
201400009352,3,12,14,0,3,95,675,1,1,2,6,RD 317,49.0715,2.5285
201400009353,26,5,14,16,1,77,153,1,9,1,3,,49.05,2.717
201400009354,3,1,14,17,2,77,127,1,1,1,1,,48.40434,2.4256
201400009355,15,7,14,7,1,77,457,1,2,1,1,,48.676,2.697
201400009356,23,2,14,17,1,77,100,1,1,1,6,,48.492,2.792
201400009357,8,5,14,18,1,77,103,1,1,2,1,,0.0,0.0
201400009358,3,2,14,15,1,77,145,1,1,7,1,,48.596,2.726
201400009359,30,1,14,13,1,77,222,2,1,1,6,rue de servolles,48.64,2.796
201400009360,22,4,14,9,1,77,107,1,1,1,6,,0.0,0.0
201400009361,12,6,14,7,1,77,222,2,2,1,3,place denis cadas,48.664,2.754
201400009362,27,6,14,16,1,77,145,1,1,1,1,,0.0,0.0
201400009363,5,7,14,7,2,77,107,1,1,2,5,,0.0,0.0
201400009364,16,11,14,18,3,77,493,1,1,2,5,,0.0,0.0
201400009365,21,11,14,18,3,77,145,1,1,1,1,,0.0,0.0
201400009366,23,11,14,20,3,77,145,1,2,1,5,,0.0,0.0
201400009367,24,11,14,22,3,77,534,1,1,1,6,,0.0,0.0
201400009368,29,11,14,17,3,77,107,1,1,1,1,,0.0,0.0
201400009369,30,12,14,14,1,77,107,1,1,2,5,,48.39386,2.48318
201400009370,4,2,14,7,2,77,86,1,1,1,1,,48.556,2.912
201400009371,6,5,14,11,1,77,222,1,1,1,3,,48.648,2.735
201400009372,13,10,14,15,1,77,86,1,6,1,2,,48.913,2.46
201400009373,7,12,14,5,3,77,211,1,1,5,6,,48.586,2.855
201400009374,21,12,14,18,2,77,428,1,1,1,5,,48.923,2.533
201400009375,9,3,14,16,1,77,177,1,2,1,5,,0.0,0.0
201400009376,21,3,14,15,1,77,104,1,2,1,7,,0.0,0.0
201400009377,9,12,14,12,1,77,104,1,1,1,5,,0.0,0.0
201400009378,13,12,14,21,3,77,104,1,1,2,1,,48.43298,2.49314
201400009379,27,1,14,5,3,77,128,1,1,2,1,,48.52027,2.52332
201400009380,12,2,14,8,1,77,142,2,2,8,3,rue de Bouleurs,0.0,0.0
201400009381,7,4,14,19,1,77,142,2,1,1,6,Rue du march?,48.863,2.9
201400009382,9,4,14,9,1,77,130,1,1,1,7,,0.0,0.0
201400009383,13,5,14,19,1,77,128,2,1,1,3,RUE ALFONSE BOULINGRE,0.0,0.0
201400009384,27,9,14,13,1,77,529,2,1,1,3,Rue de Saint Martin,0.0,0.0
201400009385,13,11,14,19,3,77,529,1,1,2,3,,0.0,0.0
201400009386,29,11,14,12,1,77,142,2,8,1,6,38 rue nationale,0.0,0.0
201400009387,30,1,14,8,2,77,228,1,1,2,6,,48.54432,3.18306
201400009388,28,3,14,8,1,77,182,1,1,1,2,,48.46434,3.18171
201400009389,16,4,14,18,1,77,406,1,1,1,3,,48.851,3.208
201400009390,22,4,14,15,1,77,512,2,1,1,6,5 rue du prsbyt?re,0.0,0.0
201400009391,15,6,14,16,1,77,116,1,1,1,2,,48.793,3.206
201400009392,22,6,14,13,1,77,417,1,1,7,3,,48.845,3.251
201400009393,29,8,14,10,1,77,406,2,1,1,1,CD61,48.836,3.204
201400009394,13,9,14,15,1,77,97,1,1,1,1,,48.763,3.227
201400009395,1,10,14,14,1,77,398,1,2,1,1,,48.881,3.293
201400009396,3,10,14,11,1,77,116,1,1,1,3,,48.793,3.198
201400009397,21,10,14,11,1,77,116,1,1,1,2,,48.793,3.21
201400009398,20,12,14,13,1,77,405,1,1,1,6,,48.912,3.151
201400009399,22,12,14,14,1,77,421,1,1,1,7,,48.735,3.292
201400009400,17,1,14,8,1,77,183,2,1,1,6,rue de cond?,0.0,0.0
201400009401,8,4,14,13,1,77,183,2,1,1,6,6 avenue de montmirail,0.0,0.0
201400009402,22,4,14,15,1,77,397,2,1,1,6,rue de la plage,48.68,3.449
201400009403,4,5,14,18,1,77,183,1,1,1,1,,0.0,0.0
201400009404,24,7,14,7,3,77,361,1,1,1,6,,0.0,0.0
201400009405,27,9,14,19,1,77,415,1,1,1,3,,48.586,3.08
201400009406,1,11,14,10,3,77,265,1,1,1,1,,48.619,3.29
201400009407,13,11,14,16,1,77,183,2,1,1,6,rue de cond?,48.567,3.2
201400009408,21,11,14,13,1,77,397,1,1,1,6,,48.623,3.369
201400009409,7,1,14,18,3,77,264,1,1,2,6,,48.254,2.567
201400009410,17,2,14,16,1,77,229,1,1,1,2,,0.0,0.0
201400009411,3,5,14,12,1,77,336,1,2,1,6,,0.0,0.0
201400009412,28,5,14,17,1,77,318,1,2,1,5,,0.0,0.0
201400009413,24,6,14,10,1,77,318,1,1,1,5,,0.0,0.0
201400009414,17,8,14,14,1,77,508,1,1,1,1,,0.0,0.0
201400009415,22,10,14,20,3,77,318,1,6,1,2,,0.0,0.0
201400009416,22,10,14,19,3,77,219,1,1,1,3,,0.0,0.0
201400009417,15,11,14,8,1,77,508,1,1,1,1,,0.0,0.0
201400009418,26,11,14,9,1,77,219,1,2,8,3,,0.0,0.0
201400009419,26,11,14,15,1,77,318,1,1,1,7,,0.0,0.0
201400009420,4,4,14,14,1,77,278,1,2,8,3,,48.303,3.269
201400009421,11,3,14,17,1,77,360,1,3,1,3,,0.0,0.0
201400009422,31,3,14,10,1,77,192,1,1,1,3,,48.657,2.865
201400009423,22,4,14,17,1,77,469,2,1,1,6,RUE DE PARIS,0.0,0.0
201400009424,5,5,14,8,1,77,192,1,2,1,5,,48.161,2.5
201400009425,11,5,14,14,1,77,486,1,1,1,1,,0.0,0.0
201400009426,15,7,14,17,1,77,264,1,1,1,1,,48.253,2.9763
201400009427,20,8,14,19,1,77,365,1,1,1,1,,48.192,3.071
201400009428,10,9,14,17,1,77,192,2,1,1,6,avendu g?n?ral  de gaule,48.178,2.446
201400009429,25,6,14,16,1,77,69,1,1,1,3,,0.0,0.0
201400009430,25,7,14,18,1,77,185,1,1,1,3,,0.0,0.0
201400009431,30,7,14,16,1,77,65,1,1,1,1,,0.0,0.0
201400009432,8,3,14,14,1,77,41,1,9,1,3,,0.0,0.0
201400009433,5,4,14,17,1,77,1,1,1,1,1,,48.621,2.935
201400009434,12,6,14,16,1,77,386,2,1,1,6,rue du Clos du Roi,48.583,2.077
201400009435,24,6,14,19,1,77,88,2,1,1,1,D 64 QUARTIER DE LA GARE,48.54,2.941
201400009436,3,8,14,16,1,77,339,1,1,1,1,,48.375,2.559
201400009437,17,3,14,17,2,77,99,1,1,1,2,,0.0,0.0
201400009438,17,9,14,14,1,77,45,2,1,1,6,1 RUE DE CORBEVAL,0.0,0.0
201400009439,22,9,14,11,1,77,267,1,1,1,3,,0.0,0.0
201400009440,10,1,14,10,1,77,370,1,1,5,6,,48.253,2.774
201400009441,21,1,14,8,1,77,500,1,1,5,5,,48.222,2.918
201400009442,29,3,14,4,3,77,489,1,1,1,6,,0.0,0.0
201400009443,11,4,14,23,3,77,531,1,2,1,3,,48.286,2.97
201400009444,30,6,14,17,1,77,387,1,2,1,3,,0.0,0.0
201400009445,19,7,14,17,1,77,35,1,2,1,3,,48.258,3.026
201400009446,1,9,14,6,2,77,115,1,1,1,1,,48.244,2.981
201400009447,26,1,14,18,3,77,153,2,3,3,3,chemin departemental 13,49.03448,2.4138
201400009448,9,2,14,17,2,77,259,1,1,1,2,,49.038,2.727
201400009449,3,5,14,15,1,77,392,1,1,1,1,,0.0,0.0
201400009450,24,6,14,7,1,77,420,1,1,1,1,,49.045,2.708
201400009451,23,9,14,7,1,77,420,2,9,1,6,AVENUE DE LA GARE,49.038,2.696
201400009452,1,10,14,12,1,77,153,2,1,7,1,3 rue cl?ment ader,49.069,2.698
201400009453,1,11,14,14,1,77,349,1,1,1,6,,49.085,2.665
201400009454,13,1,14,8,2,77,171,2,1,1,6,avenue foch,48.908,2.82
201400009455,7,6,14,12,1,77,5,1,1,2,6,,48.917,2.692
201400009456,27,9,14,15,1,77,196,1,1,1,7,,48.936,2.725
201400009457,9,10,14,18,1,77,95,1,1,1,3,,48.967,2.767
201400009458,25,10,14,0,3,77,248,1,1,8,6,,48.92,2.791
201400009459,27,10,14,8,1,77,95,1,1,5,1,,48.956,2.743
201400009460,7,12,14,8,1,77,94,1,1,5,3,,48.943,2.751
201400009461,27,12,14,16,2,77,234,1,1,2,3,,48.908,2.767
201400009462,23,3,14,6,2,77,148,1,1,1,6,,49.172,3.138
201400009463,11,4,14,15,1,77,343,1,1,1,6,,0.0,0.0
201400009464,21,6,14,19,1,77,483,1,1,1,1,,49.744,2.575
201400009465,12,7,14,7,2,77,8,1,1,2,6,,48.606,2.661
201400009466,25,3,14,4,3,77,273,1,1,1,1,,49.051,2.735
201400009467,25,4,14,18,1,77,274,2,1,1,7,RUE DU PONT,0.0,0.0
201400009468,20,6,14,16,1,77,344,1,1,1,1,,49.059,0.808
201400009469,24,6,14,15,1,77,193,1,1,1,6,,49.055,2.866
201400009470,25,6,14,19,1,77,273,1,2,1,3,,49.052,2.785
201400009471,31,8,14,18,1,77,150,2,2,1,3,,49.023,2.771
201400009472,7,10,14,19,2,77,525,1,1,7,5,,49.027,2.208
201400009473,9,10,14,14,1,77,515,1,3,1,1,,48.654,2.28
201400009474,10,10,14,6,3,77,233,1,1,8,3,,49.651,2.306
201400009475,11,10,14,0,3,77,437,1,1,2,7,,48.665,2.278
201400009476,9,3,14,16,1,77,357,1,1,1,2,,48.083,6.217
201400009477,25,3,14,7,1,77,416,1,1,8,1,,48.619,3.102
201400009478,4,5,14,18,1,77,66,1,1,1,6,,48.731,3.363
201400009479,8,5,14,18,1,77,530,1,1,2,7,,48.594,3.359
201400009480,1,6,14,18,1,77,357,1,2,1,3,,48.093,3.137
201400009481,27,6,14,15,1,77,20,1,1,1,1,,48.41332,3.10414
201400009482,2,7,14,20,2,77,12,1,1,1,7,,48.658,3.338
201400009483,4,7,14,16,1,77,414,1,2,1,3,,48.027,3.489
201400009484,7,7,14,18,1,77,530,1,4,2,3,,48.618,3.327
201400009485,11,8,14,11,1,77,137,1,1,1,1,,48.692,3.275
201400009486,16,10,14,8,1,77,530,1,1,1,1,,0.0,0.0
201400009487,22,10,14,11,1,77,109,1,1,1,4,,0.0,0.0
201400009488,26,12,14,17,3,77,109,1,1,1,1,,48.0,3.187
201400009489,30,3,14,11,1,77,286,1,1,1,1,,0.0,0.0
201400009490,4,5,14,1,3,77,227,1,1,1,1,,0.0,0.0
201400009491,15,5,14,7,1,77,347,1,1,1,5,,48.462,3.23