Num_Acc,jour,mois,an,hr,condition_eclairage,departement,commune,condition_agglomeration,intersection,condition_atmosphere,type_collision,adresse,lattitude,longitude
201400009492,30,4,14,7,1,77,90,1,1,2,6,,48.558,3.181
201400009493,18,7,14,3,3,77,496,1,1,1,7,,48.59,3.166
201400009494,27,9,14,11,1,77,327,2,1,1,6,Rue Aristide Briand,48.56,3.016
201400009495,27,5,14,19,1,45,296,1,1,1,5,LA CROIX FARON,47.99491,1.7142
201400009496,7,9,14,16,1,45,74,1,1,1,6,,48.03682,1.62477
201400009497,8,10,14,17,1,45,248,2,2,3,3,D 935/BD 15 AOUT 1944,48.04533,1.69701
201400009498,2,1,14,11,1,45,82,2,1,1,3,R ALBERT VIGIER,47.86543,2.21875
201400009499,30,3,14,6,5,45,290,2,1,1,6,RTE GIEN,47.85501,2.27529
201400009500,30,3,14,14,1,45,346,2,3,1,3,AV GARE/R ALOUETTES,47.94345,2.26604
201400009501,5,5,14,12,1,45,82,1,1,1,5,LA CHARBONNIERE,47.89208,2.26955
201400009502,1,6,14,8,1,45,267,1,2,1,3,D 952/D 88/D 148,47.84401,2.32164
201400009503,14,9,14,12,1,45,82,1,3,1,1,D 10/CH CHOISY,47.89187,2.23858
201400009504,3,12,14,16,1,45,153,1,2,8,3,CH BAUDINS/GROSSE PIERRE,47.83862,2.26407
201400009505,13,3,14,14,1,45,197,2,3,1,6,R ROUSSELIERE/FOUR A CHA,47.96211,2.02219
201400009506,15,5,14,7,1,45,89,2,3,1,3,D 8/RUE DU LIEVRE,47.90986,2.03582
201400009507,27,9,14,4,3,45,72,1,1,1,1,,47.98813,1.93543
201400009508,3,10,14,22,5,45,89,2,1,1,3,R DES PLANTES,47.88875,2.02961
201400009509,11,10,14,14,1,45,72,1,1,1,3,RTE FORESTIERE DES CHAPE,47.97951,1.95442
201400009510,24,2,14,17,1,45,98,2,1,1,3,,47.82574,1.76269
201400009511,12,6,14,16,1,45,146,1,1,1,2,LE PETIT RUTH,47.69417,1.95369
201400009512,3,7,14,18,1,45,196,1,1,1,1,LEVEE DE LA LOIRE,47.85799,1.77532
201400009513,1,10,14,20,3,45,146,2,1,1,6,87 R MASSENA,47.72278,1.9354
201400009514,18,10,14,16,1,45,146,2,2,1,3,BD A.BRIAND/PRES FLEURIS,47.71723,1.94501
201400009515,31,10,14,18,2,45,146,1,1,1,6,,47.70277,1.9903
201400009516,9,11,14,1,5,45,146,2,1,1,1,17 RUE GENERAL LECLERC,47.72411,1.94119
201400009517,26,11,14,7,2,45,175,1,1,2,5,,47.78014,1.82132
201400009518,5,12,14,7,3,45,204,1,1,8,1,LE BAILLY,47.80075,1.83099
201400009519,3,1,14,18,5,45,193,2,1,8,6,118 PLACE DE L'EGLISE,47.76491,2.02131
201400009520,6,2,14,17,1,45,300,1,1,1,5,BARBEREAU,47.81225,2.04189
201400009521,11,3,14,12,1,45,123,2,4,1,3,R EGLISE/R BAFFAITS,47.86457,2.10941
201400009522,24,4,14,15,1,45,272,2,1,1,6,456 R D'OLIVET,47.83394,1.96245
201400009523,7,7,14,15,1,45,173,2,1,1,6,10 R DES MOULINS,47.86735,2.12396
201400009524,12,7,14,10,1,45,273,2,1,1,6,36 RUE DE LA SOLAIE,47.87572,2.12783
201400009525,15,7,14,15,1,45,272,1,1,1,6,LES ACACIAS,47.80995,1.92908
201400009526,11,8,14,16,1,45,324,1,2,1,3,,47.81422,2.20994
201400009527,5,9,14,18,1,45,144,1,1,1,1,11 RTE DE SULLY,47.83594,2.14074
201400009528,14,9,14,9,1,45,273,2,1,7,3,R DES FONTAINES,47.87039,2.12588
201400009529,16,9,14,14,1,45,272,1,2,1,3,D 326/R RACINERIE,47.82323,1.95481
201400009530,24,9,14,12,1,45,335,1,2,1,3,,47.76501,2.10853
201400009531,25,1,14,20,5,45,28,2,1,2,1,167 AV CHATEAUDUN,47.79844,1.62503
201400009532,28,1,14,18,5,45,203,2,1,2,6,32 R GL DE GAULLE,47.82825,1.69838
201400009533,19,3,14,13,1,45,81,1,1,1,1,D 2157,47.92069,1.55504
201400009534,7,4,14,8,1,45,301,1,1,1,5,,48.08626,2.14999
201400009535,28,7,14,6,1,45,224,1,1,2,6,,48.0535,2.05643
201400009536,3,3,14,6,3,45,254,1,1,2,2,,47.64489,2.58692
201400009537,22,3,14,13,1,45,36,1,1,8,3,LA BIFURE,47.78027,2.73286
201400009538,24,4,14,16,1,45,227,1,1,1,1,,47.73055,2.57461
201400009539,26,4,14,21,3,45,227,1,1,2,2,D 952,47.71449,2.58881
201400009540,16,5,14,10,1,45,155,2,1,1,6,R DE LA FABRIQUE,47.68827,2.62133
201400009541,16,5,14,18,1,45,108,1,2,1,1,,47.61755,2.54254
201400009542,31,5,14,11,1,45,155,2,3,1,5,Q LENOIR/R J.ARC/Q LESTR,47.68501,2.62743
201400009543,17,6,14,11,1,45,155,1,1,1,3,LES ROIS,47.68742,2.66503
201400009544,5,7,14,8,1,45,155,1,1,2,6,CH MONTFORT,47.71333,2.62404
201400009545,9,7,14,14,1,45,254,1,2,2,3,D 940/D 53,47.64601,2.58869
201400009546,28,11,14,20,3,45,155,1,1,1,3,,0.0,0.0
201400009547,5,2,14,20,3,45,53,1,1,1,1,LA THIAU,47.66244,2.70677
201400009548,30,3,14,17,1,45,1,2,1,1,6,RTE LA BUSSIERE,47.76349,2.79638
201400009549,6,6,14,17,1,45,53,1,1,1,6,LA THIAU,47.66937,2.68768
201400009550,14,6,14,15,1,45,53,1,1,1,6,LA THIAU,47.66907,2.68908
201400009551,1,8,14,20,1,45,53,1,2,1,1,D 50/CV 12,47.60148,2.76658
201400009552,2,8,14,4,3,45,53,1,1,1,1,,47.61631,2.76545
201400009553,3,8,14,15,1,45,53,1,1,1,3,LA THIAU,47.66998,2.68317
201400009554,12,8,14,16,1,45,29,1,2,1,3,CH 4 CHENES/RTE SAVIGNY,47.51842,2.82751
201400009555,24,9,14,22,2,45,53,1,2,5,3,D 50/VC 12,47.60147,2.76657
201400009556,27,9,14,20,3,45,16,1,1,1,6,RTE BLANCAFORT,47.58777,2.5913
201400009557,19,11,14,14,1,45,53,1,1,1,6,,0.0,0.0
201400009558,21,1,14,8,2,45,244,1,1,8,5,,47.75237,2.48755
201400009559,22,2,14,0,3,45,268,1,1,2,6,,47.72761,2.41171
201400009560,14,3,14,16,1,45,315,2,1,1,6,PL MAURICE DE SULLY,47.76581,2.37569
201400009561,16,4,14,14,1,45,171,1,2,1,3,,47.6947,2.28243
201400009562,26,4,14,13,1,45,297,1,1,2,7,,0.0,0.0
201400009563,20,5,14,11,1,45,270,1,1,1,6,,47.82567,2.29399
201400009564,11,6,14,12,1,45,122,1,3,7,3,D 953/R TABARDERIE,47.73181,2.52526
201400009565,18,7,14,7,1,45,270,1,1,7,5,,47.82001,2.2991
201400009566,18,8,14,3,3,45,42,1,2,1,3,D 961/RTE TOURNANTE,0.0,0.0
201400009567,5,9,14,21,3,45,270,1,1,1,7,,0.0,0.0
201400009568,23,12,14,17,3,45,63,1,1,1,1,,0.0,0.0
201400009569,2,1,14,15,1,45,345,1,3,1,3,BECHEREAU,47.94856,2.66239
201400009570,6,2,14,7,2,45,334,1,1,2,6,32 RTE ETANG DES BOIS,47.87663,2.44101
201400009571,15,2,14,19,3,45,178,1,1,1,6,RTE AUVILLIERS,47.99598,2.51763
201400009572,23,2,14,5,3,45,216,1,1,1,6,,47.94701,2.7356
201400009573,9,5,14,14,1,45,321,1,1,1,3,105 RUE DE SULLY,47.91638,2.58931
201400009574,9,6,14,16,1,45,150,1,1,1,1,LA MADRE,48.01346,2.45819
201400009575,14,7,14,4,3,45,178,1,1,1,6,,48.00165,2.55009
201400009576,18,7,14,17,1,45,187,1,1,1,6,RTE COUR MARIGNY,0.0,0.0
201400009577,20,9,14,11,1,45,247,1,1,1,1,,48.02201,2.66017
201400009578,7,4,14,14,1,45,76,1,1,1,1,,0.0,0.0
201400009579,16,5,14,11,1,45,279,2,1,1,5,AV MOULIN PLATEAU,0.0,0.0
201400009580,16,5,14,14,1,45,306,1,2,1,3,D 2060/D 36,48.01907,2.88922
201400009581,17,6,14,16,1,45,113,1,1,1,1,,48.02478,2.92941
201400009582,29,1,14,9,1,45,212,1,2,2,1,,0.0,0.0
201400009583,3,5,14,19,1,45,332,1,1,1,6,,0.0,0.0
201400009584,9,5,14,18,1,45,210,1,1,1,6,D 93 // CRAON,0.0,0.0
201400009585,7,6,14,9,1,45,229,2,1,1,3,18 RUE DE LA TUILERIE,47.83166,2.72618
201400009586,28,3,14,20,3,45,156,1,1,1,7,RTE NARGIS - L'EPINOIS,48.07967,2.73119
201400009587,5,4,14,21,5,45,104,2,4,1,6,R ROBERT PIOCHON/RONDONN,48.03421,2.72437
201400009588,12,4,14,0,5,45,206,2,1,1,6,48 R DU MOULIN,48.04321,2.63009
201400009589,5,6,14,6,2,45,207,2,1,1,1,21 RTE DE MONTARGIS,48.05409,2.59998
201400009590,1,9,14,18,1,45,161,1,3,1,3,D 32/LES CHASSINS,48.08478,2.82108
201400009591,6,3,14,17,1,45,252,2,1,1,6,6 R DES ROULOIRS,48.17592,2.25353
201400009592,29,4,14,21,3,45,253,1,1,3,2,,0.0,0.0
201400009593,6,5,14,18,1,45,119,1,1,1,6,BT Z. ARTISANALE DADONVI,48.16122,2.25635
201400009594,24,5,14,15,1,45,38,1,6,1,7,D 2152/D 928,48.18649,2.26671
201400009595,13,6,14,20,1,45,348,1,1,1,6,,48.13106,2.33152
201400009596,21,6,14,11,1,45,252,2,2,1,6,FG ORLEANS/BD BEAUVALLET,48.16976,2.25198
201400009597,27,10,14,15,1,45,10,2,1,7,6,29 BIS R DE JARGEAU,48.12483,2.25122
201400009598,8,4,14,17,1,45,18,2,2,1,3,R CHAPELLE/PARADIS,48.09404,2.46954
201400009599,22,5,14,19,1,45,14,2,3,7,3,D 26/R MOULIN FARAULT,48.19091,2.36582
201400009600,29,6,14,19,1,45,22,2,7,1,6,4 PL 08 mai 1945,48.07281,2.38117
201400009601,22,7,14,15,1,45,258,1,1,1,6,196 R DE LA NOUE,48.22427,2.43249
201400009602,23,4,14,10,1,45,310,2,2,1,3,AV PARIS/R GUY REGNIER,48.29589,2.20129
201400009603,12,9,14,22,3,45,133,1,1,1,3,,48.24453,2.21918
201400009604,20,10,14,17,1,45,310,2,2,2,3,R PARIS/PRIEURE,48.29825,2.20038
201400009605,6,11,14,16,2,18,99,2,1,7,6,Rue du Lavoir,47.08648,2.88764
201400009606,1,12,14,14,1,18,282,1,2,1,3,,0.0,0.0
201400009607,28,6,14,15,1,18,117,1,3,1,3,,0.0,0.0
201400009608,2,10,14,18,1,18,241,1,3,1,1,,47.33096,2.84498
201400009609,9,8,14,19,1,18,197,1,2,1,3,,46.72338,2.54473
201400009610,29,6,14,0,5,18,197,2,6,1,6,Rue Nationale,46.728,2.507
201400009611,30,6,14,18,1,18,69,1,2,1,3,,46.70213,2.54961
201400009612,4,7,14,3,5,18,197,2,6,2,6,rue nationale,46.72498,2.50648
201400009613,8,7,14,16,1,18,8,1,2,1,1,,46.974,2.331
201400009614,14,8,14,0,3,18,46,1,1,1,6,,46.77884,2.32324
201400009615,1,11,14,16,1,18,15,2,1,7,6,rue Etienne SOYER,47.48696,2.4378
201400009616,6,2,14,4,3,18,207,1,1,1,1,,0.0,0.0
201400009617,20,2,14,6,2,18,133,1,3,2,3,,0.0,0.0
201400009618,12,4,14,21,3,18,181,1,1,1,1,,47.005,2.16
201400009619,14,6,14,2,3,18,188,1,1,1,6,,0.0,0.0
201400009620,8,8,14,8,1,18,133,2,1,1,3,13 route de l echalusse,46.93467,2.26228
201400009621,14,10,14,15,1,18,207,2,1,1,6,6 avenue Gabriel DORDAIN,46.99249,2.24526
201400009622,16,10,14,19,4,18,207,2,1,3,3,rue et clos Gironnais,46.99563,2.25801
201400009623,17,10,14,10,1,18,207,2,1,1,6,10 AVE GABRIEL DORDAIN,46.99255,2.24548
201400009624,11,12,14,20,5,18,207,2,1,1,6,rue Marcel Lafleur,46.99672,2.2536
201400009625,17,12,14,8,1,18,207,2,1,3,6,General LECLERC,46.99935,2.25935
201400009626,19,2,14,19,3,18,229,1,6,8,6,,0.0,0.0
201400009627,4,6,14,8,1,18,226,1,1,2,6,,0.0,0.0
201400009628,15,6,14,3,3,18,3,1,1,1,6,,0.0,0.0
201400009629,11,7,14,21,1,18,211,1,1,1,3,,47.19805,2.41603
201400009630,4,11,14,13,1,18,189,1,1,8,1,,47.23764,2.45451
201400009631,23,1,14,19,5,28,24,2,1,2,6,rue du bois de st jean,48.4064,1.47809
201400009632,25,1,14,2,3,28,100,1,1,3,6,,0.0,0.0
201400009633,9,2,14,3,3,28,100,1,1,6,6,,48.43792,1.37407
201400009634,22,2,14,17,1,28,358,1,1,1,6,,48.48734,1.48288
201400009635,19,3,14,20,3,28,22,1,1,1,3,,48.48509,1.3948
201400009636,6,4,14,14,1,28,253,2,1,1,6,Rue des Fleurs,48.36279,1.43111
201400009637,17,5,14,7,1,28,358,1,1,1,6,,48.49699,1.4992
201400009638,29,5,14,14,1,28,102,1,1,1,7,,48.54815,1.37305
201400009639,30,5,14,5,2,28,309,1,6,5,6,,48.37991,1.58638
201400009640,26,6,14,1,5,28,122,1,1,1,1,,48.34868,1.49523
201400009641,8,7,14,15,1,28,48,1,1,2,1,,48.31913,1.42947
201400009642,17,8,14,4,3,28,278,1,1,1,6,,48.45821,1.55966
201400009643,24,8,14,7,1,28,380,1,1,1,6,,48.39364,1.56978
201400009644,2,9,14,8,1,28,35,1,1,1,4,,48.38613,1.57665
201400009645,27,9,14,19,1,28,380,1,1,1,7,,48.39813,1.60337
201400009646,8,10,14,7,2,28,158,1,1,3,1,,48.40529,1.39725
201400009647,19,10,14,5,2,28,158,1,1,1,2,,48.40584,1.45884
201400009648,31,10,14,16,1,28,35,1,1,1,5,,48.37576,1.59251
201400009649,5,12,14,14,1,28,6,1,1,1,1,,48.44592,1.40092
201400009650,23,1,14,17,1,28,386,1,1,8,1,,0.0,0.0
201400009651,11,4,14,18,1,28,325,1,1,1,3,,48.45826,1.39071
201400009652,16,4,14,7,1,28,351,1,2,1,3,,48.5991,1.21735
201400009653,16,5,14,19,1,28,290,1,1,1,3,,48.41841,1.28183
201400009654,1,8,14,21,1,28,116,1,1,1,1,,48.43809,1.23602
201400009655,7,10,14,18,1,28,324,1,1,1,1,,48.481,1.243
201400009656,27,10,14,17,1,28,53,2,1,1,1,3 rue de Beaulieu,48.642,1.33
201400009657,22,7,14,8,1,28,61,2,1,1,6,AVENUE GALLIENI,48.20868,1.1777
201400009658,22,7,14,9,1,28,123,1,1,1,3,,48.23569,1.11174
201400009659,12,9,14,19,2,28,41,1,1,7,5,,48.30039,1.28147
201400009660,28,9,14,0,4,28,66,2,1,1,6,01 RUE SAINT PIERRE,48.23999,1.25048
201400009661,5,2,14,7,5,28,227,2,1,9,6,D18 - RUE DE GALLARDON,48.58406,1.58927
201400009662,23,3,14,9,1,28,172,1,1,1,6,,48.57364,1.67119
201400009663,30,3,14,18,1,28,74,1,1,1,6,,48.42466,1.8112
201400009664,12,4,14,16,1,28,317,1,1,1,3,,48.43149,1.74389
201400009665,19,4,14,22,3,28,23,1,1,2,7,,48.52907,1.65573
201400009666,2,5,14,22,3,28,84,1,2,1,2,,48.54358,1.54641
201400009667,4,6,14,11,1,28,421,1,2,2,3,,48.39743,1.70672
201400009668,11,9,14,20,5,28,363,2,1,1,7,RUE JEAN GUILLIEN,48.41242,1.87613
201400009669,18,9,14,18,1,28,140,2,1,1,2,17 ROUTE DE GALLARDON,48.606,1.676
201400009670,20,9,14,15,1,28,15,1,3,1,2,,48.47608,1.77022
201400009671,2,10,14,8,1,28,188,1,1,1,1,,48.499,1.697
201400009672,6,10,14,20,3,28,74,1,1,1,2,,48.416,1.801
201400009673,16,10,14,14,1,28,421,1,1,1,3,,0.0,0.0
201400009674,8,11,14,23,3,28,188,1,1,1,1,,48.5,1.7
201400009675,28,11,14,17,2,28,317,1,2,2,1,,48.447,1.775
201400009676,14,1,14,6,5,28,199,2,1,9,3,21 av du Grl DE GAULLE,0.0,0.0
201400009677,22,1,14,7,3,28,32,1,1,1,6,,0.0,0.0
201400009678,18,3,14,16,1,28,199,2,1,1,6,Rue de la madeleine,48.20239,1.87731
201400009679,31,5,14,14,1,28,391,2,1,1,6,87 RUE NATIONALE,48.1956,1.93713
201400009680,6,7,14,15,1,28,391,1,1,2,6,,48.19042,1.91082
201400009681,10,7,14,1,3,28,47,1,1,2,1,,48.30934,1.68539
201400009682,1,8,14,8,1,28,391,1,2,1,1,,48.1882,1.92728
201400009683,2,2,14,8,1,28,410,1,1,9,1,,48.04653,1.46588
201400009684,9,2,14,6,1,28,103,1,1,1,6,,47.98097,1.23178
201400009685,15,2,14,13,1,28,224,1,1,1,6,,48.05297,1.42248
201400009686,27,2,14,16,1,28,88,2,1,1,7,rue du val saint aignan,48.073,1.327
201400009687,26,2,14,15,1,28,233,2,1,1,6,avenue du 15 ao?t,48.117,1.332
201400009688,19,3,14,19,3,28,88,1,1,1,7,,48.07983,1.29812
201400009689,8,4,14,18,1,28,75,1,8,1,3,,48.05561,1.33665
201400009690,13,5,14,16,1,28,75,1,2,2,3,,48.06114,1.30538
201400009691,28,6,14,19,1,28,75,1,1,1,5,,48.0671,1.32072
201400009692,28,6,14,19,2,28,198,1,1,3,7,,48.07637,1.38264
201400009693,18,7,14,12,1,28,75,1,1,1,6,,48.04204,1.31232
201400009694,25,8,14,10,1,28,75,1,2,2,3,,48.06109,1.30541
201400009695,6,9,14,20,3,28,93,1,1,1,7,,48.10743,1.1737
201400009696,12,9,14,18,1,28,88,2,3,1,3,60 rue de CHOLLET,48.07621,1.32938
201400009697,27,9,14,18,1,28,389,1,3,1,1,,48.02714,1.41683
201400009698,4,10,14,17,1,28,12,2,1,1,6,15 rue du Pont de pierre,48.09757,1.12332
201400009699,10,10,14,12,1,28,389,1,1,1,3,,0.0,0.0
201400009700,10,10,14,21,5,28,75,2,1,1,3,,48.05528,1.31385
201400009701,4,12,14,18,5,28,88,2,1,2,6,rue Henri DUNANT,48.0788,1.34895
201400009702,23,12,14,18,3,28,389,1,1,1,1,,48.02427,1.3655
201400009703,30,1,14,17,1,28,121,1,1,4,1,,48.24162,1.95671
201400009704,14,3,14,10,1,28,108,1,1,1,3,,0.0,0.0
201400009705,20,4,14,17,1,28,51,2,1,1,7,Route de M?roger,48.19249,1.40108
201400009706,5,8,14,11,1,28,51,2,1,1,3,01 rue de St Martin,48.1794,1.38257
201400009707,21,9,14,15,1,28,51,1,1,1,6,,48.18284,1.40371
201400009708,12,11,14,14,1,28,19,1,1,1,3,,48.13136,1.85151
201400009709,15,11,14,14,1,28,305,1,1,1,6,,48.178,1.47
201400009710,18,11,14,18,5,28,51,2,1,1,6,rue de la resisitance,48.1804,1.38443
201400009711,29,12,14,22,3,28,51,1,1,1,6,,48.17871,1.37371
201400009712,25,4,14,3,3,28,21,1,1,3,1,,48.35138,1.30653
201400009713,15,8,14,16,1,28,398,1,1,2,3,,48.18705,1.13195
201400009714,7,9,14,17,1,28,127,1,1,1,7,,48.21184,1.31037
201400009715,11,11,14,23,3,28,61,1,1,2,6,,48.223,1.173
201400009716,18,11,14,21,3,28,225,1,1,5,2,,48.342,1.292
201400009717,24,12,14,14,1,28,234,1,1,8,1,,48.351,1.237
201400009718,22,2,14,7,1,28,124,1,1,1,6,,48.77124,1.15145
201400009719,24,3,14,13,1,28,98,1,1,1,5,,48.7506,1.42445
201400009720,25,7,14,15,1,28,171,1,2,1,3,,48.71332,1.31146
201400009721,25,7,14,19,1,28,14,1,1,1,6,,48.66326,1.30869
201400009722,19,8,14,21,5,28,359,2,1,1,2,rue de nonancourt,48.76181,1.231
201400009723,10,9,14,20,1,28,82,1,2,1,3,,48.70085,1.43595
201400009724,16,11,14,17,2,28,359,2,1,8,5,RN 12 - PK/PR 25,48.7496,1.2653
201400009725,22,11,14,15,1,28,171,1,1,1,7,,48.71186,1.34347
201400009726,11,12,14,23,3,28,348,1,1,1,6,,48.76492,1.1672
201400009727,22,2,14,14,1,28,371,1,1,1,7,,48.84644,1.39993
201400009728,25,4,14,19,1,28,235,1,1,1,1,,48.76879,1.51238
201400009729,6,6,14,16,1,28,293,1,1,1,5,,48.86249,1.49417
201400009730,4,7,14,14,1,28,377,1,1,1,3,,48.83287,1.4199
201400009731,13,7,14,11,1,28,1,1,1,2,7,,48.7702,1.40845
201400009732,16,7,14,8,1,28,7,2,1,1,6,Route d'OULINS,48.86262,1.4551
201400009733,23,10,14,8,1,28,1,1,1,1,5,,0.0,0.0
201400009734,26,10,14,10,1,28,185,1,1,1,7,,48.77278,1.54597
201400009735,7,11,14,8,1,28,1,1,1,2,1,,48.81964,1.44552
201400009736,4,12,14,10,1,28,62,1,1,1,7,,48.76075,1.50423
201400009737,15,12,14,17,3,28,96,1,1,2,2,,48.89416,1.47761
201400009738,22,12,14,19,3,28,1,1,9,1,6,,48.76958,1.4187
201400009739,30,12,14,10,1,28,130,1,1,1,7,,48.528,1.189
201400009740,18,1,14,19,3,28,120,1,1,2,2,,0.0,0.0
201400009741,3,4,14,14,1,28,59,1,1,1,1,,48.68497,1.05881
201400009742,23,5,14,1,3,28,346,1,1,1,6,,48.70306,1.09724
201400009743,9,7,14,17,1,28,315,1,1,1,3,,48.72208,1.07495
201400009744,13,1,14,12,1,28,279,1,1,1,1,,0.0,0.0
201400009745,13,2,14,8,1,28,374,1,1,8,1,,48.58193,1.43119
201400009746,10,3,14,6,2,28,349,1,1,1,6,,48.63473,1.60577
201400009747,19,4,14,8,1,28,54,1,1,1,7,,48.65393,1.39762
201400009748,2,9,14,15,1,28,56,1,1,1,3,,48.764,1.606
201400009749,26,9,14,8,1,28,343,1,1,7,1,,48.69695,1.53487
201400009750,18,4,14,19,1,28,236,1,1,1,6,,48.33636,0.84683
201400009751,14,7,14,0,3,28,280,1,1,1,6,,48.29083,0.80896
201400009752,30,9,14,18,1,28,236,2,1,1,3,rue  de  l'?glise,48.3365,0.83351
201400009753,20,11,14,17,1,28,236,1,1,1,6,,48.33746,0.85305
201400009754,5,1,14,11,1,28,161,1,1,8,1,,0.0,0.0
201400009755,21,3,14,19,5,28,214,2,1,1,6,41 avenue Charles de GAU,48.47023,1.01887
201400009756,15,4,14,17,1,28,335,1,1,7,3,,48.46055,1.00307
201400009757,7,6,14,11,1,28,109,1,4,1,3,,48.36568,1.13162
201400009758,27,9,14,10,1,28,214,2,1,1,6,avenue charles de gaulle,48.47157,1.02399
201400009759,20,12,14,16,1,28,265,2,1,8,3,D 923 PR 37 + 200,46.377,1.01699
201400009760,30,1,14,15,1,36,42,1,1,1,1,"LIEU DIT ""LA PENSEE""",46.67,1.48329
201400009761,30,5,14,14,1,36,219,1,1,2,7,,46.6228,1.54895
201400009762,8,7,14,13,1,36,174,1,1,1,6,,46.4687,1.42535
201400009763,16,7,14,18,1,36,182,1,1,1,6,,46.4602,1.41592
201400009764,15,8,14,12,1,36,150,1,1,1,6,,46.4423,1.48769
201400009765,7,9,14,18,2,36,12,1,1,1,1,,46.4843,1.56152
201400009766,14,9,14,13,1,36,67,1,1,1,7,,46.4817,1.2848
201400009767,19,9,14,21,3,36,32,1,1,8,3,,46.548,1.55327
201400009768,8,3,14,15,1,36,123,1,1,1,1,"LD ""LES GRANDES SALLES""",46.8122,1.28535
201400009769,8,6,14,17,1,36,241,2,2,1,6,AV MONNET/RUE DU MARAIS,46.8401,1.5291
201400009770,1,10,14,11,1,36,142,1,1,1,1,LIEU DIT LA SAURA,46.8173,1.59882
201400009771,1,1,14,5,3,36,34,1,1,2,6,,47.24,1.64946
201400009772,19,3,14,22,3,36,230,1,1,1,7,,47.0742,1.84255
201400009773,21,4,14,0,3,36,229,1,1,1,7,,47.2067,1.6038
201400009774,28,4,14,6,3,36,13,1,1,2,5,,47.0349,1.60749
201400009775,13,6,14,16,1,36,235,1,1,1,6,,47.1343,1.50145
201400009776,24,6,14,15,1,36,13,1,1,1,6,,47.0575,1.60342
201400009777,28,7,14,17,1,36,77,1,1,1,6,"LD ""LA TIERCERIE""",47.2047,1.54633
201400009778,18,8,14,11,1,36,34,2,1,1,6,1 RUE JEAN JAURES,46.8867,1.41613
201400009779,21,9,14,2,3,36,77,1,1,1,6,,47.208,1.53851
201400009780,2,10,14,20,3,36,162,1,1,1,3,,47.1792,1.62759
201400009781,5,10,14,21,3,36,237,1,1,1,6,,47.0744,1.58937
201400009782,19,10,14,10,1,36,103,1,2,7,3,,47.1267,1.38005
201400009783,29,11,14,4,3,36,93,1,1,1,6,,46.9712,1.64376
201400009784,1,12,14,18,3,36,151,1,1,2,3,,47.2299,1.65522
201400009785,5,4,14,17,1,36,16,1,1,1,3,,46.5545,1.17798
201400009786,16,5,14,20,1,36,53,2,1,1,2,ROUTE NATIONALE,46.6307,1.24944
201400009787,23,5,14,19,1,36,18,2,1,1,7,RUE DES ALOUETTES,46.635,1.062
201400009788,19,6,14,17,1,36,18,1,3,1,2,,46.6286,1.14533
201400009789,16,6,14,18,1,36,18,2,1,1,7,6 RUE FARDEAU,46.6288,1.06078
201400009790,19,8,14,15,1,36,167,1,1,1,6,,46.7031,0.98421
201400009791,6,9,14,0,3,36,144,2,1,1,6,RD 11,46.6865,1.43335
201400009792,19,10,14,18,1,36,113,2,1,1,3,87 RUE DE LA POSTE,46.8032,1.05363
201400009793,1,11,14,12,1,36,224,1,2,1,3,,46.7355,0.97164
201400009794,3,12,14,7,2,36,176,2,4,8,6,74 ROUTE NATIONALE,46.6293,1.1694
201400009795,9,12,14,23,3,36,224,1,1,1,6,,46.7104,0.95523
201400009796,16,12,14,19,3,36,16,1,1,1,1,,46.5734,1.15418
201400009797,26,12,14,10,2,36,66,1,1,5,7,,46.7084,1.11095
201400009798,8,5,14,16,1,36,70,1,1,1,7,,46.4568,1.59868
201400009799,15,3,14,5,3,36,109,1,1,1,6,,46.5666,1.96278
201400009800,28,5,14,15,1,36,46,2,1,1,6,RUE MAURICE ROLLINAT,46.5857,1.98967
201400009801,14,6,14,22,5,36,143,1,1,1,6,,46.6248,1.9743
201400009802,30,6,14,13,1,36,227,1,4,1,3,,46.5234,2.15596