Num_Acc,jour,mois,an,hr,condition_eclairage,departement,commune,condition_agglomeration,intersection,condition_atmosphere,type_collision,adresse,lattitude,longitude
201400009803,19,9,14,9,1,36,1,2,2,1,1,RUE LA MARCHE/AV VERDUN,46.4311,1.82932
201400009804,15,10,14,14,1,36,25,1,2,1,3,,46.5619,2.04873
201400009805,7,2,14,4,3,36,112,1,1,1,6,,0.0,0.0
201400009806,1,8,14,16,1,36,56,1,1,1,1,,46.5573,1.75079
201400009807,6,1,14,11,1,36,3,1,2,1,3,,46.8106,1.95351
201400009808,23,2,14,16,1,36,52,1,1,1,6,,46.9039,2.0659
201400009809,9,3,14,0,3,36,121,1,1,1,1,,46.8157,1.94246
201400009810,19,3,14,0,5,36,125,2,1,1,6,,47.0244,2.06765
201400009811,23,3,14,11,1,36,140,1,1,1,7,,46.8665,1.8587
201400009812,8,4,14,0,3,36,88,1,1,1,6,,47.0809,1.31557
201400009813,11,5,14,11,1,36,98,1,2,2,3,,46.9936,1.91782
201400009814,16,5,14,16,1,36,64,1,1,1,3,RUE LAFAYETTE,46.8251,1.77314
201400009815,27,5,14,17,1,36,88,1,1,9,1,,46.955,2.045
201400009816,17,6,14,14,1,36,199,2,1,1,6,14 BIS ROUTE DE REUILLY,47.0105,2.02477
201400009817,30,7,14,17,1,36,98,2,3,1,1,RD65/RUE DU MAL FERRAND,46.9835,1.90817
201400009818,7,9,14,17,1,36,3,1,1,1,7,,46.7885,1.94661
201400009819,26,10,14,15,1,36,88,1,1,1,6,,0.0,0.0
201400009820,17,12,14,11,1,36,222,1,1,2,7,,46.9244,1.96339
201400009821,20,3,14,12,1,37,185,2,1,1,1,VILLERET,0.0,0.0
201400009822,30,3,14,18,1,37,163,2,1,2,3,20 bd du sevrage,0.0,0.0
201400009823,22,4,14,17,1,37,161,1,1,1,6,,0.0,0.0
201400009824,21,5,14,14,1,37,163,1,1,8,6,7 RUE DE POCE,0.0,0.0
201400009825,18,7,14,16,1,37,171,1,1,1,4,,0.0,0.0
201400009826,8,9,14,7,1,37,163,1,1,1,7,,0.0,0.0
201400009827,24,9,14,7,1,37,163,2,1,1,3,BOULEVARD DU SEVRAGE,0.0,0.0
201400009828,27,9,14,18,1,37,131,2,1,1,6,31 RUE DE BLOIS,0.0,0.0
201400009829,9,11,14,15,1,37,3,2,1,1,1,,0.0,0.0
201400009830,3,12,14,15,1,37,185,2,1,8,6,,0.0,0.0
201400009831,30,3,14,20,2,37,13,1,1,8,6,,0.0,0.0
201400009832,4,4,14,12,1,37,55,1,1,1,1,,0.0,0.0
201400009833,9,6,14,12,1,37,217,1,1,1,1,ROUTE DE LA CHAPPE,0.0,0.0
201400009834,16,1,14,19,3,37,274,1,1,2,3,,0.0,0.0
201400009835,7,2,14,16,1,37,152,1,1,1,2,,0.0,0.0
201400009836,22,5,14,17,1,37,207,1,1,1,7,LA VACHERIE,0.0,0.0
201400009837,17,7,14,16,1,37,151,1,2,1,3,LA VELLERIE,0.0,0.0
201400009838,17,8,14,17,1,37,151,1,1,1,1,LA ROUSSELIERE,0.0,0.0
201400009839,20,8,14,22,3,37,170,1,1,1,6,,0.0,0.0
201400009840,2,12,14,9,1,37,21,1,1,5,7,,0.0,0.0
201400009841,20,4,14,18,1,37,231,1,1,1,7,,0.0,0.0
201400009842,21,6,14,16,1,37,68,1,2,1,3,LES GRANDES MAISONS,0.0,0.0
201400009843,17,1,14,19,5,37,153,2,1,1,1,La croix poelon,0.0,0.0
201400009844,25,1,14,18,5,37,153,2,1,2,6,80 rue nationale,0.0,0.0
201400009845,7,3,14,16,1,37,281,1,1,1,1,,0.0,0.0
201400009846,5,3,14,18,1,37,169,1,2,1,3,,0.0,0.0
201400009847,17,4,14,18,1,37,153,1,1,1,4,,0.0,0.0
201400009848,17,5,14,14,1,37,52,1,1,1,1,,0.0,0.0
201400009849,18,5,14,17,1,37,281,1,1,1,3,64 ROUTE DE MONNAIE,0.0,0.0
201400009850,17,7,14,10,1,37,281,2,2,1,3,RUE  LEON BRULE,0.0,0.0
201400009851,22,7,14,21,1,37,153,2,1,1,6,RUE DE  PIERRE A BIDEAU,0.0,0.0
201400009852,5,8,14,16,1,37,153,1,1,1,7,,0.0,0.0
201400009853,31,8,14,8,1,37,224,1,1,1,6,,0.0,0.0
201400009854,8,9,14,3,3,37,153,1,1,1,7,EN AGGLO,0.0,0.0
201400009855,11,9,14,7,2,37,281,2,2,1,3,rue Rabelais,0.0,0.0
201400009856,10,10,14,8,1,37,9,1,1,5,1,,0.0,0.0
201400009857,9,12,14,2,3,37,63,1,1,9,7,,0.0,0.0
201400009858,17,12,14,20,5,37,52,2,1,2,6,RUE DES ECOLES,0.0,0.0
201400009859,2,2,14,18,3,37,210,1,1,1,7,,0.0,0.0
201400009860,18,2,14,7,2,37,76,1,1,1,3,CINAIS,0.0,0.0
201400009861,3,4,14,19,1,37,118,1,1,3,1,,0.0,0.0
201400009862,6,4,14,18,1,37,24,1,1,1,6,,0.0,0.0
201400009863,17,4,14,21,1,37,31,1,1,1,5,ROUTE DU TAPIS,0.0,0.0
201400009864,3,5,14,10,1,37,72,1,1,1,1,,0.0,0.0
201400009865,7,6,14,2,3,37,74,1,1,1,7,L ILETTE,0.0,0.0
201400009866,26,6,14,13,1,37,74,2,1,1,1,RUE DES REAUX,0.0,0.0
201400009867,3,7,14,14,1,37,31,2,2,1,3,RUE DE LA COGNARDERIE,0.0,0.0
201400009868,9,8,14,17,1,37,58,2,9,1,6,RUE  TOURS/ PETITE ALLEE,0.0,0.0
201400009869,23,8,14,11,1,37,74,1,3,1,3,RUE DE  L'ILETTE,0.0,0.0
201400009870,31,8,14,13,1,37,120,1,1,1,5,,0.0,0.0
201400009871,10,9,14,19,1,37,120,1,2,1,7,RD71/RD35,0.0,0.0
201400009872,16,9,14,19,2,37,31,1,1,1,1,RUE DE LA CAYOLLE,0.0,0.0
201400009873,21,9,14,1,3,37,58,1,1,2,7,LE PORTEAU,0.0,0.0
201400009874,11,12,14,14,1,37,11,2,1,1,6,RUE MARCEL  VIGNAUD,0.0,0.0
201400009875,7,1,14,17,1,37,232,1,1,8,1,LA GRENOUILLERE,0.0,0.0
201400009876,7,3,14,8,1,37,205,1,1,1,3,,0.0,0.0
201400009877,17,3,14,0,3,37,128,1,1,1,6,,0.0,0.0
201400009878,9,5,14,20,1,37,257,1,1,1,6,LE CHATELET,0.0,0.0
201400009879,14,6,14,18,1,37,150,1,1,1,6,LA BORDE,0.0,0.0
201400009880,16,7,14,14,1,37,14,1,1,1,1,,0.0,0.0
201400009881,20,8,14,10,1,37,77,1,9,1,1,,0.0,0.0
201400009882,27,8,14,18,1,37,200,1,1,1,2,CAR JEHAN DE SAINTRE,0.0,0.0
201400009883,5,10,14,17,1,37,67,1,1,1,3,LA BARBEE,0.0,0.0
201400009884,4,11,14,19,3,37,200,1,1,1,1,,0.0,0.0
201400009885,2,4,14,20,1,37,65,1,1,1,6,BOIS DE LA PICHARDIERE,0.0,0.0
201400009886,11,4,14,8,1,37,165,2,1,7,6,03 rue marron,0.0,0.0
201400009887,16,5,14,11,1,37,178,1,1,1,3,,0.0,0.0
201400009888,20,6,14,21,1,37,12,1,1,1,1,LE MARCHAIS BLANC,0.0,0.0
201400009889,6,7,14,6,1,37,129,1,1,2,6,,0.0,0.0
201400009890,8,8,14,14,1,37,226,1,1,1,3,INTER ROUTE DES COTEAUX,0.0,0.0
201400009891,28,8,14,18,1,37,4,1,9,1,1,,0.0,0.0
201400009892,13,9,14,13,1,37,180,2,1,1,3,7 RUE DU PONT,0.0,0.0
201400009893,29,10,14,21,5,37,226,2,1,1,6,32 AV GL DE GAULLE,0.0,0.0
201400009894,6,11,14,18,3,37,260,1,1,1,6,LE PETIT CREUILLY,0.0,0.0
201400009895,26,12,14,2,3,37,176,1,1,1,6,,0.0,0.0
201400009896,15,5,14,17,1,37,49,1,1,1,1,,0.0,0.0
201400009897,18,6,14,7,1,37,183,1,1,1,5,LA COUTIERE,0.0,0.0
201400009898,4,7,14,3,3,37,23,1,1,1,6,,0.0,0.0
201400009899,9,7,14,7,1,37,66,2,1,1,1,15 route Flandres Dunker,0.0,0.0
201400009900,9,8,14,16,1,37,46,1,1,1,6,PROXIMITE DE MONTPOUPON,0.0,0.0
201400009901,22,9,14,8,1,37,39,1,1,1,6,,0.0,0.0
201400009902,28,1,14,14,1,37,113,1,1,1,1,,0.0,0.0
201400009903,6,3,14,8,1,37,181,1,3,7,1,LA TRIPIERE,0.0,0.0
201400009904,12,3,14,17,1,37,113,1,1,1,6,,0.0,0.0
201400009905,29,4,14,11,1,37,44,1,1,2,7,,0.0,0.0
201400009906,4,6,14,17,1,37,181,1,1,2,7,,0.0,0.0
201400009907,27,7,14,11,1,37,107,1,2,1,3,LA CHENAIE,0.0,0.0
201400009908,16,8,14,11,1,37,33,1,1,1,2,MOULIN DE  HAMEAU,0.0,0.0
201400009909,27,9,14,21,3,37,28,1,1,1,7,LA COUTURE,0.0,0.0
201400009910,10,6,14,10,1,37,29,1,1,1,6,RUE DES CYPRES,0.0,0.0
201400009911,27,12,14,7,1,37,98,1,1,9,5,,0.0,0.0
201400009912,9,3,14,3,3,37,211,1,1,1,6,,0.0,0.0
201400009913,21,3,14,6,2,37,104,1,1,1,3,,0.0,0.0
201400009914,22,3,14,11,1,37,6,2,1,1,6,2 RUE DU COMMERCE,0.0,0.0
201400009915,4,4,14,22,5,37,211,2,7,1,6,place 11 novembre 1918,0.0,0.0
201400009916,13,5,14,16,1,37,85,1,1,1,1,LA GRANDE COUTURE,0.0,0.0
201400009917,17,6,14,17,1,37,104,1,1,1,1,,0.0,0.0
201400009918,14,7,14,0,3,37,154,2,3,1,3,Carrefour RD 910 D 87,0.0,0.0
201400009919,7,8,14,22,3,37,250,1,1,1,7,,0.0,0.0
201400009920,6,9,14,5,3,37,211,1,1,5,6,CARREFOURBESNERIE/COTEAU,0.0,0.0
201400009921,11,10,14,16,1,37,159,2,1,1,1,RUE DE LA VASSELIERE,0.0,0.0
201400009922,17,5,14,23,3,37,133,1,1,1,7,LE REIN DES BOIS,0.0,0.0
201400009923,5,6,14,17,1,41,61,2,1,1,3,Routede Chitenay,47.5,1.397
201400009924,4,11,14,18,3,41,67,1,2,1,3,,47.504,1.463
201400009925,8,11,14,6,3,41,31,1,1,1,6,,47.547,1.376
201400009926,12,11,14,17,1,41,32,2,1,1,6,Route Nationale,47.528,1.305
201400009927,1,4,14,19,1,41,221,1,1,1,7,,47.842,1.36
201400009928,25,4,14,12,1,41,244,1,1,1,6,,47.93,1.37
201400009929,27,10,14,18,2,41,283,1,1,1,2,,47.707,1.176
201400009930,29,10,14,9,1,41,173,2,1,1,6,rue du commerce,47.915,1.529
201400009931,25,1,14,12,1,41,85,1,1,8,1,route de saint cyr,47.657,1.697
201400009932,30,1,14,7,5,41,220,1,9,8,6,RD951 le cavereau,47.695,1.574
201400009933,22,3,14,16,1,41,288,1,1,1,7,,47.669,1.375
201400009934,13,5,14,7,1,41,155,2,2,1,5,Carrefour D951 D112,47.674,1.531
201400009935,22,6,14,17,1,41,220,1,1,1,3,"""La Brosse""",47.748,1.641
201400009936,16,7,14,9,1,41,136,1,1,1,6,,47.708,1.51
201400009937,26,7,14,4,3,41,206,1,1,1,6,,47.626,1.378
201400009938,26,7,14,12,1,41,207,1,1,1,2,,47.659,1.503
201400009939,3,8,14,12,1,41,220,2,6,7,2,CD951 rd point super U,47.712,1.604
201400009940,8,8,14,18,1,41,155,2,2,3,3,route d'orl?ans,47.675,1.531
201400009941,20,8,14,8,1,41,207,1,1,1,6,,47.658,1.482
201400009942,28,8,14,22,5,41,136,2,1,1,7,142 rue basse d'aulnay,47.713,1.497
201400009943,17,10,14,17,2,41,8,1,1,1,2,,47.734,1.555
201400009944,26,10,14,4,3,41,136,1,6,5,7,,47.717,1.527
201400009945,26,10,14,16,1,41,220,1,1,1,7,rue de crouy,47.678,1.572
201400009946,5,12,14,23,3,41,136,2,1,1,3,,47.7,1.51
201400009947,19,12,14,12,1,41,39,1,1,2,1,,47.713,1.45
201400009948,25,4,14,19,1,41,152,1,1,1,6,route de la marolle,47.559,1.73
201400009949,15,11,14,21,4,41,242,2,1,2,6,CD 956 - PK 41+500,47.274,1.555
201400009950,24,1,14,8,5,41,10,2,4,2,5,Route de galette,47.853,0.992
201400009951,23,2,14,16,1,33,214,1,1,1,3,,0.0,0.0
201400009952,21,6,14,5,3,33,333,1,1,1,6,,0.0,0.0
201400009953,17,8,14,2,4,33,333,2,6,1,7,36 avenue de Bordeaux,0.0,0.0
201400009954,7,10,14,10,1,33,503,1,1,8,2,,0.0,0.0
201400009955,13,10,14,12,1,33,214,2,1,8,1,"RD6, lieu-dit ""Le Huga""",0.0,0.0
201400009956,7,3,14,20,5,29,147,2,1,1,6,route de quimperl?,47.88719,-3.53114
201400009957,20,4,14,23,3,29,233,2,6,2,6,,47.87264,-3.54699
201400009958,17,5,14,10,1,29,2,1,1,1,1,,47.9015,-3.44044
201400009959,12,8,14,18,1,29,233,1,1,1,2,,47.87258,-3.54754
201400009960,13,10,14,13,1,29,233,2,1,1,2,65 rue du Pont Aven,47.87218,-3.55433
201400009961,16,10,14,16,1,29,233,2,1,2,1,101 bis route de lorient,47.86609,-3.53246
201400009962,18,12,14,18,5,29,233,2,1,2,6,RP du 19 mars 1962,47.87229,-3.54661
201400009963,15,2,14,15,1,29,153,1,1,1,6,,47.81917,-3.79258
201400009964,4,7,14,9,1,29,150,2,6,7,3,Le Croiziou,47.8047,-3.62815
201400009965,19,7,14,15,1,29,31,2,1,1,3,rue de quillien,47.78985,-3.58191
201400009966,13,3,14,7,2,29,241,2,1,8,7,75 rue de scaer,0.0,0.0
201400009967,17,3,14,9,1,29,274,1,1,1,3,,0.0,0.0
201400009968,9,4,14,17,1,29,49,2,1,1,1,RUE CHALONIC,47.99837,-3.89072
201400009969,8,6,14,17,1,29,281,1,1,1,1,,48.02527,-3.82547
201400009970,14,6,14,20,1,29,281,1,1,1,6,,48.02527,-3.82547
201400009971,17,7,14,3,3,29,49,1,1,1,6,,47.99521,-3.89036
201400009972,27,7,14,17,1,29,49,1,1,1,6,,47.99521,-3.89036
201400009973,12,9,14,7,2,29,241,1,1,1,6,,47.95931,-3.82802
201400009974,6,10,14,16,1,29,4,2,1,1,3,Rue de Quimperl?,47.93032,-3.69108
201400009975,31,10,14,18,3,29,49,1,1,1,1,,47.99521,-3.89036
201400009976,15,11,14,4,3,29,274,1,1,2,7,,48.02739,-3.70316
201400009977,24,11,14,10,1,29,49,1,1,1,1,,47.99521,-3.89036
201400009978,7,12,14,19,5,29,274,2,1,1,6,rue du G?n?ral De Gaulle,48.02028,-3.7184
201400009979,17,12,14,20,5,29,274,2,1,2,3,rue jean jaures,48.02725,-3.70298
201400009980,17,12,14,15,1,29,274,2,1,2,6,place de la liberation,48.02672,-3.70205
201400009981,22,1,14,10,1,13,104,2,3,1,6,Avenue de la cote bleue,0.0,0.0
201400009982,29,6,14,12,1,13,21,2,1,1,3,avenue pierre semard,0.0,0.0
201400009983,30,3,14,15,1,95,652,1,1,1,1,RD 922,49.1359,2.3806
201400009984,6,3,14,18,1,44,20,2,6,1,2,Salvador Alliende,0.0,0.0
201400009985,30,7,14,22,3,44,20,1,1,1,6,rue du desert,0.0,0.0
201400009986,19,2,14,20,5,33,199,2,1,8,6,56 rue chante cigale,44.632,-1.061
201400009987,20,2,14,21,3,33,199,2,1,1,1,Centre de Vacances Khelu,0.0,0.0
201400009988,10,3,14,12,1,33,199,2,1,1,1,Cours de la Marne,0.0,0.0
201400009989,3,5,14,10,1,33,199,2,1,1,3,De Lattre de Tassigny,44.641,-1.088
201400009990,25,8,14,17,1,33,199,2,1,1,3,107 Delattre de Tassigny,0.0,0.0
201400009991,21,9,14,20,5,33,527,2,6,1,7,BLD DE LA COTE D ARGENT,0.0,0.0
201400009992,6,11,14,15,1,33,199,2,1,1,3,cours de la R?publique,0.0,0.0
201400009993,24,2,14,16,1,87,169,1,1,1,1,,0.0,0.0
201400009994,2,4,14,21,3,87,151,1,1,1,6,,0.0,0.0
201400009995,10,5,14,16,1,87,146,1,1,1,1,,0.0,0.0
201400009996,24,5,14,21,2,87,39,1,1,1,6,,45.943,1.561
201400009997,20,6,14,9,1,87,205,1,1,1,3,,0.0,0.0
201400009998,17,12,14,12,1,87,205,1,1,2,3,,0.0,0.0
201400009999,20,12,14,9,1,87,39,1,1,8,7,,0.0,0.0
201400010000,7,1,14,15,1,60,4,2,3,1,6,"0, BACON BD DU ET BD GAR",0.0,0.0
201400010001,9,1,14,17,5,60,4,2,1,1,2,"153, DELMAS BD PIERRE",0.0,0.0
201400010002,9,1,14,19,5,60,155,2,3,1,3,"63, LIBERTE AV.DE LA",0.0,0.0
201400010003,14,1,14,16,1,60,4,2,1,1,6,ONZE NOVEMBRE AV.DU,0.0,0.0
201400010004,15,1,14,22,5,60,4,2,1,1,6,"1, BIOT (CD.4) RTE DE",0.0,0.0
201400010005,21,1,14,10,1,60,4,2,1,1,6,"18, VINGT QUATRE AOUT AV",0.0,0.0
201400010006,22,1,14,16,1,60,155,2,1,1,6,LIBERTE AV.DE LA,0.0,0.0
201400010007,24,1,14,12,1,60,4,2,3,7,3,"58, CAP BD DU",0.0,0.0
201400010008,28,1,14,10,1,60,4,2,1,7,6,"1945, GRASSE RTE DE",0.0,0.0
201400010009,30,1,14,10,1,60,4,1,1,2,6,SAINT CLAUDE CH.DE,0.0,0.0
201400010010,6,2,14,15,1,60,4,2,1,1,6,"286, WEISWEILLER AV.",0.0,0.0
201400010011,6,2,14,23,5,60,155,2,4,1,3,"11, RESSENCE RUE DE LA",0.0,0.0
201400010012,8,2,14,1,5,60,155,2,1,1,6,"206, LIBERTE AV.DE LA",0.0,0.0
201400010013,14,2,14,18,5,60,4,2,2,1,3,POINCARE BD RAYMOND,0.0,0.0
201400010014,21,2,14,9,1,60,155,2,1,1,6,"1, ROUVIER BD MAURICE",43.57883,7.05458
201400010015,21,2,14,18,2,60,4,2,1,1,3,"1344, GRASSE RTE DE",0.0,0.0
201400010016,22,2,14,14,1,60,4,2,4,1,3,ROCHAT AV.PHILIPPE,0.0,0.0
201400010017,24,2,14,13,1,60,4,2,1,1,6,"27, AUBERNON RUE ET IMP.",0.0,0.0
201400010018,27,2,14,17,2,60,155,1,1,1,5,"2001, GRASSE AV.ET ROUTE",0.0,0.0
201400010019,27,2,14,21,5,60,4,2,6,1,6,"12, MAUPASSANT-JUAN AV.G",0.0,0.0
201400010020,1,3,14,10,1,60,4,2,1,1,2,"522, GREC AV.JULES",0.0,0.0
201400010021,3,3,14,12,1,60,4,1,1,3,4,"2721, SAINT CLAUDE CH.DE",43.6026,7.08697
201400010022,5,3,14,18,5,60,4,2,1,1,6,"22030, SAINT CLAUDE CH.D",0.0,0.0
201400010023,6,3,14,9,1,60,4,2,1,1,6,"07, WILSON BD",0.0,0.0
201400010024,7,3,14,14,1,60,4,2,1,1,6,"19, NOVEMBRE 11 AVE",0.0,0.0
201400010025,12,3,14,12,1,60,155,2,1,1,2,SAINT BERNARD CH.,0.0,0.0
201400010026,14,3,14,17,1,60,4,2,6,1,2,"00, GREC AV.JULES",0.0,0.0
201400010027,17,3,14,13,1,60,155,2,3,1,2,"123, LIBERTE AV.DE LA",43.57053,7.08052
201400010028,19,3,14,8,1,60,155,2,9,1,3,GAULLE AV.DU GENERAL DE,0.0,0.0
201400010029,26,3,14,14,1,60,4,2,1,1,3,DELMAS BD PIERRE,0.0,0.0
201400010030,2,4,14,8,1,60,4,2,1,1,2,SAINT JEAN VIEUX CH.DE,0.0,0.0
201400010031,3,4,14,14,1,60,4,2,1,8,2,"2067, SAINT CLAUDE CH.DE",43.60144,7.09378
201400010032,3,4,14,20,3,60,4,2,3,8,3,"1890, TERRIERS ALLEE- CH",0.0,0.0
201400010033,5,4,14,5,1,60,4,2,1,1,3,"13, ROUSTAN AV.DES FRERE",0.0,0.0
201400010034,7,4,14,5,5,60,155,2,1,1,6,"1, MIGNONETTE CH.DE LA",0.0,0.0
201400010035,7,4,14,9,1,60,4,2,1,1,6,"221, PAROUQUINE CH.DE LA",0.0,0.0
201400010036,4,4,14,9,1,60,4,2,1,1,2,"796, NICE(RN.7) AV.ET RT",0.0,0.0
201400010037,9,4,14,22,5,60,4,2,1,1,6,"300, TOUR GANDOLPHE AV.D",0.0,0.0
201400010038,10,4,14,14,1,60,155,2,1,1,2,"1490, LIBERTE AV.DE LA",0.0,0.0
201400010039,18,4,14,14,1,60,4,2,1,1,2,"11, POINCARE BD RAYMOND",0.0,0.0
201400010040,28,4,14,17,1,60,4,2,1,1,4,"1, CAP BD DU",0.0,0.0
201400010041,6,5,14,19,1,60,4,2,1,1,6,"828, QUATRE CHEMINS CH.D",0.0,0.0
201400010042,8,5,14,16,1,60,4,2,1,1,2,"00, JUIN AV.MARECHAL",0.0,0.0
201400010043,10,5,14,1,5,60,4,2,3,1,3,"136, KENNEDY BD J.F.",0.0,0.0
201400010044,15,5,14,8,1,60,4,2,3,1,3,"38, ROCHAT AV.PHILIPPE",0.0,0.0
201400010045,19,5,14,2,5,60,4,2,1,2,6,"54A, POINCARE BD RAYMOND",0.0,0.0
201400010046,21,5,14,14,1,60,155,2,1,1,2,ROUSTAN AV.ET BD DES FRE,0.0,0.0
201400010047,23,5,14,8,1,60,4,2,2,1,5,POINCARE BD RAYMOND,0.0,0.0
201400010048,24,5,14,14,1,60,4,2,1,1,3,"1047, AMES DU PURGATOIRE",0.0,0.0
201400010049,27,5,14,18,1,60,4,2,1,1,2,"1, GRASSE RTE DE",0.0,0.0
201400010050,2,6,14,15,1,60,4,2,3,1,3,BRIAND AV.ARISTIDE,0.0,0.0
201400010051,8,6,14,17,1,60,4,2,1,1,6,"720, NICE(RN.7) AV.ET RT",0.0,0.0
201400010052,11,6,14,19,1,60,4,2,1,1,3,"117, NICE(RN.7) AV.ET RT",0.0,0.0
201400010053,14,6,14,13,1,60,4,2,1,1,3,NICE(RN.7) AV.ET RTE DE,0.0,0.0
201400010054,21,6,14,12,1,60,4,2,1,1,1,"1170, RABIAC ESTAGNOL CH",0.0,0.0
201400010055,24,6,14,12,1,60,4,2,1,1,3,"1, CANNES(RN.7) AV.DE",0.0,0.0
201400010056,23,6,14,19,1,60,4,2,9,1,3,"1, SALIS AV.DE LA",0.0,0.0
201400010057,28,6,14,6,2,60,4,2,1,1,1,RD6007,0.0,0.0
201400010058,28,6,14,22,3,60,4,1,1,1,6,GRASSE RTE DE,0.0,0.0
201400010059,30,6,14,14,1,60,155,1,1,1,1,SAINT BERNARD CH.,0.0,0.0
201400010060,2,7,14,2,5,60,155,2,1,1,6,"12, MASSIER AV.ET IMP.CL",0.0,0.0
201400010061,2,7,14,14,1,60,4,2,1,1,3,WILSON BD,0.0,0.0
201400010062,3,7,14,15,1,60,4,2,1,1,3,GUILLAUMONT BD CHARLES,0.0,0.0
201400010063,8,7,14,12,1,60,4,2,1,1,2,COURBET AV.AMIRAL,0.0,0.0
201400010064,9,7,14,12,1,60,4,2,1,1,3,"55, CANNES(RN.7) AV.DE",0.0,0.0
201400010065,10,7,14,10,1,60,4,2,3,1,6,SAINTE MARGUERITE RUE,0.0,0.0
201400010066,13,7,14,13,1,60,4,2,1,1,3,"10, NICE(RN.7) AV.ET RTE",0.0,0.0
201400010067,24,7,14,16,1,60,4,2,1,1,6,"71, WILSON BD",0.0,0.0
201400010068,25,7,14,17,1,60,4,2,1,1,6,"2, COURBET AV.AMIRAL",0.0,0.0
201400010069,28,7,14,13,1,60,4,2,3,1,3,"742, GAROUPE BD DE LA",0.0,0.0
201400010070,30,7,14,21,5,60,4,2,1,1,1,"1791, RD6007",0.0,0.0
201400010071,2,8,14,17,1,60,4,2,3,1,3,WILSON BD,0.0,0.0
201400010072,7,8,14,19,1,60,4,2,1,1,7,ONZE NOVEMBRE AV.DU,0.0,0.0
201400010073,9,8,14,3,5,60,155,2,1,1,7,"212, LIBERTE AV.DE LA",0.0,0.0
201400010074,10,8,14,18,1,60,4,2,1,1,6,"14, MAUPASSANT-JUAN AV.G",0.0,0.0
201400010075,10,8,14,23,5,60,4,2,2,1,3,", SOLEAU AV.ROBERT",0.0,0.0
201400010076,16,8,14,4,5,60,4,2,6,1,3,"55, CANNES(RN.7) AV.DE",0.0,0.0
201400010077,21,8,14,3,5,60,4,2,1,1,6,"202, POINCARE BD RAYMOND",0.0,0.0
201400010078,22,8,14,14,1,60,155,2,1,1,6,"1, TAPIS VERT AV.DU",0.0,0.0
201400010079,25,8,14,7,1,60,4,2,6,1,3,SAINT CLAUDE CH.DE,0.0,0.0
201400010080,28,8,14,19,1,60,4,2,1,1,1,"aaa, CAP BD DU",0.0,0.0
201400010081,30,8,14,8,1,60,4,2,1,1,2,"90, BIOT (CD.4) RTE DE",0.0,0.0
201400010082,30,8,14,18,1,60,4,2,9,1,6,CHANCEL BD,0.0,0.0
201400010083,1,9,14,23,5,60,4,2,9,1,3,"12 BIS, WILSON BD",0.0,0.0
201400010084,3,9,14,9,1,60,4,2,1,1,3,"40, BAUDOIN BD EDOUARD",0.0,0.0
201400010085,3,9,14,18,1,60,155,2,1,1,6,LIBERTE AV.DE LA,0.0,0.0
201400010086,5,9,14,10,1,60,155,2,1,1,6,"119, LIBERTE AV.DE LA",0.0,0.0
201400010087,6,9,14,22,5,60,4,2,1,1,3,"28, CANNES(RN.7) AV.DE",0.0,0.0
201400010088,8,9,14,17,1,60,4,2,1,1,5,"239, SAINT CLAUDE CH.DE",0.0,0.0
201400010089,10,9,14,17,1,60,4,2,1,1,2,"63, CAP BD DU",0.0,0.0
201400010090,11,9,14,1,5,60,4,2,2,1,3,"0, SADI CARNOT RUE",0.0,0.0
201400010091,24,8,14,0,5,60,4,2,1,1,3,"1000, SAINT CLAUDE CH.DE",0.0,0.0
201400010092,18,9,14,0,5,60,4,2,1,1,6,"114, WILSON BD",0.0,0.0
201400010093,18,9,14,7,1,60,4,2,2,1,3,THIERS AV.,0.0,0.0
201400010094,22,9,14,8,1,60,155,2,1,1,6,TAPIS VERT AV.DU,0.0,0.0
201400010095,26,9,14,11,1,60,4,2,1,1,1,EUCALYPTUS AV.ET CH.DES,0.0,0.0
201400010096,27,9,14,19,5,60,4,2,1,1,6,"77, POINCARE BD RAYMOND",0.0,0.0
201400010097,1,10,14,9,1,60,4,1,6,1,2,RD6007,0.0,0.0
201400010098,2,10,14,9,1,60,4,2,1,1,1,"1485, SAINT CLAUDE CH.DE",0.0,0.0
201400010099,10,10,14,10,1,60,4,2,1,1,6,"15, THIERS AV.",0.0,0.0
201400010100,15,10,14,9,1,60,155,2,2,1,3,"1, GRASSE AV. ET ROUTE",0.0,0.0
201400010101,16,10,14,21,5,60,155,2,1,1,7,JUIN AV.MARECHAL,0.0,0.0
201400010102,25,10,14,16,1,60,4,2,1,1,3,BORD DE MER RN.98 LA SIE,0.0,0.0
201400010103,30,10,14,8,1,60,4,2,1,1,3,"2567, SAINT CLAUDE CH.DE",0.0,0.0
201400010104,3,11,14,19,5,60,4,2,2,3,3,"27, POINCARE BD RAYMOND",0.0,0.0
201400010105,6,11,14,13,1,60,4,2,1,1,3,"68, WILSON BD",0.0,0.0
201400010106,18,11,14,14,1,60,4,2,1,1,3,"121, POINCARE BD RAYMOND",0.0,0.0
201400010107,20,11,14,13,1,60,4,2,4,1,6,"4, SADI CARNOT RUE",0.0,0.0
201400010108,21,11,14,11,1,60,4,2,1,1,6,"1, TROIS MOULINS RUE DES",0.0,0.0
201400010109,22,11,14,17,5,60,4,2,1,1,3,"1160, GRASSE RTE DE",0.0,0.0
201400010110,23,11,14,6,2,60,4,2,2,1,3,"1, ROCHAT AV.PHILIPPE",0.0,0.0
201400010111,30,11,14,18,5,60,155,2,1,2,6,"1, BERGER AV.AIME",0.0,0.0
201400010112,7,12,14,19,5,60,155,2,1,1,6,"232, LIBERTE AV.DE LA",0.0,0.0
201400010113,9,12,14,15,1,60,4,2,1,1,3,C.D. 35 BIS,0.0,0.0