Num_Acc,jour,mois,an,hr,condition_eclairage,departement,commune,condition_agglomeration,intersection,condition_atmosphere,type_collision,adresse,lattitude,longitude
201400010114,13,12,14,16,1,60,155,2,1,1,6,"48, LIBERTE AV.DE LA",0.0,0.0
201400010115,18,12,14,16,1,60,4,2,3,1,7,"792, AMES DU PURGATOIRE",0.0,0.0
201400010116,24,12,14,6,1,60,155,1,1,1,2,"2720, SAINT BERNARD CH.",0.0,0.0
201400010117,29,12,14,18,5,60,4,2,3,1,3,"63, ROCHAT AV.PHILIPPE",0.0,0.0
201400010118,30,12,14,13,1,60,155,1,1,1,3,"3546, HORIZON BD DE L'",0.0,0.0
201400010119,3,1,14,18,1,60,27,2,2,1,3,JUIN BOULEVARD MARECHAL,0.0,0.0
201400010120,3,1,14,19,5,60,123,2,1,2,3,LECLERC GENERAL AVENUE,0.0,0.0
201400010121,8,1,14,11,1,60,123,2,1,1,6,"2, DE GAULLE GENERAL AVE",0.0,0.0
201400010122,9,1,14,14,1,60,27,2,3,1,3,"37, FAUVETTES AVENUE DES",0.0,0.0
201400010123,9,1,14,16,1,60,27,2,6,1,3,CLAVERIE RUE DU BRIGADIE,0.0,0.0
201400010124,10,1,14,14,1,60,27,2,2,1,6,RENOIR AVENUE AUGUSTE,0.0,0.0
201400010125,10,1,14,16,1,60,123,2,3,1,3,CURIE PIERRE ET MARIE AV,0.0,0.0
201400010126,12,1,14,15,1,60,27,2,1,1,2,PLAGE BOULEVARD DE LA,0.0,0.0
201400010127,15,1,14,17,1,60,27,2,1,1,6,"27, JUIN BOULEVARD MAREC",0.0,0.0
201400010128,16,1,14,9,1,60,123,2,4,2,3,PLATEAUX FLEURIS CHEMIN,0.0,0.0
201400010129,20,1,14,9,1,60,27,2,2,1,3,PAGNOL AVENUE MARCEL,0.0,0.0
201400010130,21,1,14,18,5,60,123,2,3,1,3,NOTRE DAME AVENUE,0.0,0.0
201400010131,22,1,14,11,1,60,123,2,1,1,3,"859, CURIE PIERRE ET MAR",0.0,0.0
201400010132,23,1,14,9,1,60,123,2,1,1,3,MOSCHETTI RUE,0.0,0.0
201400010133,24,1,14,15,1,60,123,2,1,1,6,"602, DE GAULLE GENERAL A",0.0,0.0
201400010134,27,1,14,10,1,60,123,2,1,1,5,ST JEANNET ROUTE DE,0.0,0.0
201400010135,28,1,14,9,1,60,27,2,1,1,2,BESSET AVENUE CYRILLE,0.0,0.0
201400010136,29,1,14,10,1,60,27,2,1,2,6,GARE AVENUE DE LA,0.0,0.0
201400010137,30,1,14,13,1,60,27,2,3,3,3,CANNES AVENUE DE (RN7),0.0,0.0
201400010138,1,2,14,10,1,60,27,2,6,1,6,GIONO RUE JEAN,0.0,0.0
201400010139,12,2,14,15,1,60,123,2,2,1,3,DE GAULLE GENERAL AVENUE,0.0,0.0
201400010140,15,2,14,18,2,60,123,2,1,1,7,DEGOUTAI CHEMIN DU,0.0,0.0
201400010141,18,2,14,8,1,60,27,2,1,1,2,"95, BESSET AVENUE CYRILL",0.0,0.0
201400010142,19,2,14,12,1,60,123,2,1,1,3,"550, VESPINS ROUTE DES",0.0,0.0
201400010143,20,2,14,18,1,60,123,2,1,1,3,VESPINS ROUTE DES,0.0,0.0
201400010144,22,2,14,11,1,60,123,2,1,1,3,"932, VESPINS ROUTE DES",0.0,0.0
201400010145,24,2,14,8,1,60,123,2,1,1,2,BENES SQUARE,0.0,0.0
201400010146,25,2,14,10,1,60,27,2,1,1,5,PLAGE BOULEVARD DE LA,0.0,0.0
201400010147,28,2,14,13,1,60,27,2,6,1,3,VENCE ROUTE DE,0.0,0.0
201400010148,1,3,14,9,1,60,27,2,1,1,2,"114, PLAGE BOULEVARD DE",0.0,0.0
201400010149,3,3,14,11,1,60,27,2,1,2,3,CHENES AVENUE DES,0.0,0.0
201400010150,4,3,14,1,5,60,27,2,1,1,6,PLAGE BOULEVARD DE LA,0.0,0.0
201400010151,4,3,14,11,1,60,27,2,1,1,3,GARE AVENUE DE LA,0.0,0.0
201400010152,8,3,14,18,1,60,123,2,1,1,3,SAUVAIGO PIERRE AVENUE,0.0,0.0
201400010153,12,3,14,11,1,60,27,2,1,1,4,NICE AVENUE DE (RN7),0.0,0.0
201400010154,13,3,14,16,1,60,27,2,1,1,2,"0, DE GAULLE PLACE CHARL",0.0,0.0
201400010155,17,3,14,12,1,60,27,2,1,1,6,"0, GRASSE AVENUE DE",0.0,0.0
201400010156,19,3,14,15,1,60,27,2,1,1,3,"5, KENNEDY BOULEVARD J.F",0.0,0.0
201400010157,24,3,14,8,1,60,123,2,1,1,1,BARONNE ROUTE DE LA,0.0,0.0
201400010158,24,3,14,14,1,60,27,2,2,1,3,NICE AVENUE DE (RN7),0.0,0.0
201400010159,25,3,14,11,1,60,123,2,4,1,2,DE GAULLE GENERAL AVENUE,0.0,0.0
201400010160,31,3,14,15,1,60,123,2,3,1,6,DE GAULLE GENERAL AVENUE,0.0,0.0
201400010161,1,4,14,13,1,60,27,2,2,1,3,JUIN BOULEVARD MARECHAL,0.0,0.0
201400010162,4,4,14,14,1,60,123,2,1,1,3,DE GAULLE GENERAL AVENUE,0.0,0.0
201400010163,8,4,14,12,1,60,123,2,1,1,5,ORANGERS AVENUE DES,0.0,0.0
201400010164,9,4,14,12,1,60,27,2,2,1,3,LECLERCAVENUE GENERAL,0.0,0.0
201400010165,14,4,14,8,1,60,27,2,1,1,2,NICE AVENUE DE (RN7),0.0,0.0
201400010166,16,4,14,10,1,60,27,2,1,1,2,FERRIERE CHEMIN DE LA,0.0,0.0
201400010167,18,4,14,22,5,60,27,2,3,1,3,NICE AVENUE DE (RN7),0.0,0.0
201400010168,20,4,14,11,1,60,27,2,1,1,2,"55, GARE AVENUE DE LA",0.0,0.0
201400010169,23,4,14,13,1,60,27,2,1,1,3,CHEIRON AVENUE DU,0.0,0.0
201400010170,28,4,14,15,1,60,27,2,1,1,6,GARE AVENUE DE LA,0.0,0.0
201400010171,28,4,14,20,2,60,27,2,3,1,6,TUILIERES AVENUE DES,0.0,0.0
201400010172,28,4,14,14,1,60,27,2,6,1,6,FRANCE ROUTE DE,0.0,0.0
201400010173,30,4,14,16,1,60,123,2,1,1,3,"227, OSSOLA JEAN BOULEVA",0.0,0.0
201400010174,7,5,14,12,1,60,27,2,1,1,6,JUIN BOULEVARD MARECHAL,0.0,0.0
201400010175,7,5,14,17,1,60,27,2,1,1,3,PAGNOL AVENUE MARCEL,0.0,0.0
201400010176,10,5,14,13,1,60,27,2,1,1,6,HOTEL DE VILLE AVENUE DE,0.0,0.0
201400010177,11,5,14,21,5,60,27,2,2,1,1,CHENES AVENUE DES,0.0,0.0
201400010178,14,5,14,16,1,60,27,2,2,1,5,NICE AVENUE DE (RN7),0.0,0.0
201400010179,15,5,14,16,1,60,123,2,1,1,4,GARE ROUTE DE LA,0.0,0.0
201400010180,16,5,14,22,5,60,27,2,1,1,3,PLAGE BOULEVARD DE LA,0.0,0.0
201400010181,20,5,14,11,1,60,123,2,1,1,2,BORD DE MER RN 98,0.0,0.0
201400010182,23,5,14,12,1,60,123,2,3,1,3,IMPRIMEURS ALLEE DES,0.0,0.0
201400010183,23,5,14,23,5,60,123,2,1,1,2,BORD DE MER RN 98,0.0,0.0
201400010184,23,5,14,21,2,60,27,2,1,1,6,PROMENADE DE L HIPPODROM,0.0,0.0
201400010185,28,5,14,9,1,60,27,2,1,1,4,"0, CANNES AVENUE DE (RN7",0.0,0.0
201400010186,29,5,14,11,1,60,27,2,1,1,2,PROMENADE DE L HIPPODROM,0.0,0.0
201400010187,31,5,14,21,5,60,123,2,3,1,3,MOATTI PASSAGE,0.0,0.0
201400010188,2,6,14,12,1,60,27,2,1,1,1,PAGNOL AVENUE MARCEL,0.0,0.0
201400010189,2,6,14,15,1,60,27,2,1,1,4,"23, PLAGE BOULEVARD DE L",0.0,0.0
201400010190,2,6,14,19,1,60,123,2,1,1,2,DE GAULLE GENERAL AVENUE,0.0,0.0
201400010191,4,6,14,16,1,60,123,2,6,1,3,POMPIDOU GEORGES BOULEVA,0.0,0.0
201400010192,5,6,14,15,1,60,27,2,1,1,6,GAUDE AVENUE DE LA,0.0,0.0
201400010193,6,6,14,9,1,60,27,2,1,1,3,"26, CANNES AVENUE DE (RN",0.0,0.0
201400010194,7,6,14,12,1,60,27,2,1,1,2,BONAPARTE RUE,0.0,0.0
201400010195,9,6,14,8,1,60,123,2,3,1,3,PUGETS ROUTE DES,0.0,0.0
201400010196,10,6,14,10,1,60,27,2,1,1,6,"115, NICE AVENUE DE (RN7",0.0,0.0
201400010197,12,6,14,18,1,60,27,2,1,1,2,KENNEDY BOULEVARD J.F.,0.0,0.0
201400010198,12,6,14,17,1,60,27,2,1,1,3,ALPES AVENUE DES,0.0,0.0
201400010199,16,6,14,20,2,60,123,2,1,2,1,"4158, FAHNESTOCK G. CORN",0.0,0.0
201400010200,17,6,14,18,1,60,123,2,1,1,3,GARE ROUTE DE LA,0.0,0.0
201400010201,18,6,14,18,1,60,123,2,1,1,6,"88, OSSOLA JEAN BOULEVAR",0.0,0.0
201400010202,20,6,14,23,5,60,27,2,2,1,3,"57, VAL FLEURI CHEMIN DU",0.0,0.0
201400010203,24,6,14,14,1,60,27,1,1,1,6,BUGADIERES ALLEE DES,0.0,0.0
201400010204,26,6,14,8,1,60,27,2,1,1,3,JUIN BOULEVARD MARECHAL,0.0,0.0
201400010205,1,7,14,9,1,60,123,2,3,1,1,LEDIEU JEAN ALLEE,0.0,0.0
201400010206,4,7,14,9,1,60,123,2,1,1,1,POMPIDOU GEORGES BOULEVA,0.0,0.0
201400010207,8,7,14,8,1,60,123,2,1,1,3,BORD DE MER RN 98,0.0,0.0
201400010208,10,7,14,10,1,60,123,2,1,1,1,"896, AGRIMONT CORNICHE D",0.0,0.0
201400010209,12,7,14,14,1,60,27,2,1,1,6,PLAGE BOULEVARD DE LA,0.0,0.0
201400010210,15,7,14,10,1,60,27,2,2,1,6,NICE AVENUE DE (RN7),0.0,0.0
201400010211,15,7,14,7,1,60,27,2,1,1,3,"34, NICE AVENUE DE (RN7)",0.0,0.0
201400010212,16,7,14,8,1,60,123,2,3,1,1,VESPINS ROUTE DES,0.0,0.0
201400010213,16,7,14,20,2,60,123,2,1,1,3,GERBAULT ALAIN PROMENADE,0.0,0.0
201400010214,18,7,14,11,1,60,27,2,1,1,4,ST LAURENT CHEMIN DE,0.0,0.0
201400010215,20,7,14,0,5,60,123,2,1,1,6,BORD DE MER RN 98,0.0,0.0
201400010216,22,7,14,17,1,60,27,2,1,1,2,"42, NICE AVENUE DE (RN7)",0.0,0.0
201400010217,22,7,14,23,5,60,27,2,2,1,3,GARE AVENUE DE LA,0.0,0.0
201400010218,27,7,14,18,1,60,27,2,1,1,6,"10, CHENES AVENUE DES",0.0,0.0
201400010219,27,7,14,20,2,60,123,2,4,1,3,ST JEANNET ROUTE DE,0.0,0.0
201400010220,31,7,14,7,1,60,27,2,3,1,2,GARE AVENUE DE LA,0.0,0.0
201400010221,31,7,14,8,1,60,27,2,1,1,3,"105, PLAGE BOULEVARD DE",0.0,0.0
201400010222,2,8,14,18,1,60,123,2,3,1,3,VESPINS ROUTE DES,0.0,0.0
201400010223,3,8,14,18,1,60,27,2,1,1,1,"24, COLLINES CHEMIN DES",0.0,0.0
201400010224,4,8,14,12,1,60,27,2,1,1,4,"15, GRASSE AVENUE DE",0.0,0.0
201400010225,5,8,14,22,5,60,27,2,3,1,3,PLAGE BOULEVARD DE LA,0.0,0.0
201400010226,14,8,14,18,1,60,27,2,1,1,1,"80, MAURE CHEMIN DE LA",0.0,0.0
201400010227,14,8,14,21,5,60,27,2,1,1,3,CANNES AVENUE DE (RN7),0.0,0.0
201400010228,16,8,14,15,1,60,123,2,6,1,6,AICARD AVENUE,0.0,0.0
201400010229,22,8,14,14,1,60,123,2,1,1,6,"700, VESPINS ROUTE DES",0.0,0.0
201400010230,28,8,14,17,1,60,123,2,6,1,3,POMPIDOU GEORGES BOULEVA,0.0,0.0
201400010231,29,8,14,10,1,60,123,2,3,1,6,LECLERC GENERAL AVENUE,0.0,0.0
201400010232,1,9,14,21,5,60,27,2,1,1,3,FUSAINS RUE DES,0.0,0.0
201400010233,2,9,14,18,1,60,27,2,1,1,3,PLAGE BOULEVARD DE LA,0.0,0.0
201400010234,31,8,14,21,2,60,123,2,1,1,3,"301, PAGNOL MARCEL BOULE",0.0,0.0
201400010235,3,9,14,18,1,60,27,2,1,1,3,PLAGE BOULEVARD DE LA,0.0,0.0
201400010236,7,9,14,13,1,60,123,2,1,1,2,BORD DE MER RN 98,0.0,0.0
201400010237,8,9,14,19,1,60,123,2,1,1,4,"702, DE GAULLE GENERAL A",0.0,0.0
201400010238,9,9,14,19,2,60,123,2,1,1,2,"371, POINT DU JOUR BOULE",0.0,0.0
201400010239,9,9,14,23,5,60,27,2,2,1,3,STE ANNE MONTEE,0.0,0.0
201400010240,11,9,14,15,1,60,27,2,1,1,2,BESSET AVENUE CYRILLE,0.0,0.0
201400010241,17,9,14,8,1,60,27,2,2,1,3,NICE AVENUE DE (RN7),0.0,0.0
201400010242,24,9,14,13,1,60,123,2,1,1,1,"3784, PUGETS MOYENNE COR",0.0,0.0
201400010243,24,9,14,20,5,60,123,2,3,1,6,VESPINS ROUTE DES,0.0,0.0
201400010244,25,9,14,13,1,60,123,2,1,1,1,COLLET ROUGE CHEMIN DU,0.0,0.0
201400010245,26,9,14,23,5,60,27,2,1,1,3,GAUDE AVENUE DE LA,0.0,0.0
201400010246,28,9,14,19,2,60,27,2,3,1,3,"0, VERDUN AVENUE DE",0.0,0.0
201400010247,29,9,14,3,5,60,27,2,1,1,7,"91, GROS BUAUX CHEMIN DE",0.0,0.0
201400010248,4,10,14,17,1,60,27,2,1,1,2,"7, NEGRO RUE LOUIS",0.0,0.0
201400010249,8,10,14,12,1,60,27,2,3,1,2,PLAGE BOULEVARD DE LA,0.0,0.0
201400010250,8,10,14,13,1,60,27,2,1,1,6,"15, RENOIR AVENUE AUGUST",0.0,0.0
201400010251,9,10,14,11,1,60,123,2,3,1,2,BORD DE MER RN 98,0.0,0.0
201400010252,14,10,14,8,1,60,27,2,1,2,2,"85, GRASSE AVENUE DE",0.0,0.0
201400010253,16,10,14,17,1,60,27,2,6,1,3,DRAKKAR ROND POINT,0.0,0.0
201400010254,17,10,14,7,1,60,27,2,2,1,2,NICE AVENUE DE (RN7),0.0,0.0
201400010255,17,10,14,18,1,60,123,2,1,1,2,MAICON PROMENADE,0.0,0.0
201400010256,20,10,14,13,1,60,27,2,1,1,3,"7, PLAGE BOULEVARD DE LA",0.0,0.0
201400010257,20,10,14,18,1,60,27,2,1,1,6,"7, DONAT AVENUE DOCTEUR",0.0,0.0
201400010258,21,10,14,16,1,60,123,2,3,1,3,BARONNE ROUTE DE LA,0.0,0.0
201400010259,22,10,14,10,1,60,27,2,3,1,3,ALLEE DES ARTISTES,0.0,0.0
201400010260,23,10,14,11,1,60,27,2,1,1,3,"87, GRASSE AVENUE DE",0.0,0.0
201400010261,23,10,14,23,5,60,27,2,1,1,3,"69, VAL FLEURI CHEMIN DU",0.0,0.0
201400010262,25,10,14,18,1,60,27,2,1,1,6,LECLERCAVENUE GENERAL,0.0,0.0
201400010263,26,10,14,16,1,60,27,2,1,1,3,"67, JUIN BOULEVARD MAREC",0.0,0.0
201400010264,28,10,14,11,1,60,27,2,1,1,6,ORANGERS AVENUE DES,0.0,0.0
201400010265,28,10,14,15,1,60,27,2,1,1,7,ALPES AVENUE DES,0.0,0.0
201400010266,28,10,14,16,1,60,123,2,1,1,3,ROSES CHEMIN DES,0.0,0.0
201400010267,28,10,14,18,5,60,123,2,1,1,3,"177, PAGNOL MARCEL BOULE",0.0,0.0
201400010268,29,10,14,8,1,60,27,2,1,1,3,"75, BESSET AVENUE CYRILL",0.0,0.0
201400010269,6,11,14,16,1,60,27,2,1,1,2,"24, CANNES AVENUE DE (RN",0.0,0.0
201400010270,12,11,14,9,1,60,27,2,1,1,6,JUIN BOULEVARD MARECHAL,0.0,0.0
201400010271,14,11,14,8,1,60,27,2,3,1,3,CANNES AVENUE DE (RN7),0.0,0.0
201400010272,14,11,14,8,1,60,27,2,1,1,2,"90, VAL FLEURI CHEMIN DU",0.0,0.0
201400010273,17,11,14,16,1,60,27,2,1,1,6,JUIN BOULEVARD MARECHAL,0.0,0.0
201400010274,21,11,14,8,1,60,27,2,1,1,3,"53, VAL FLEURI CHEMIN DU",0.0,0.0
201400010275,26,11,14,7,1,60,27,2,1,2,5,"37, BESSET AVENUE CYRILL",0.0,0.0
201400010276,29,11,14,6,5,60,27,2,3,1,6,"112, PLAGE BOULEVARD DE",0.0,0.0
201400010277,6,12,14,11,1,60,123,2,1,1,3,BORD DE MER RN 98,0.0,0.0
201400010278,9,12,14,11,1,60,27,2,1,1,6,"113, PLAGE BOULEVARD DE",0.0,0.0
201400010279,13,12,14,18,5,60,27,2,1,1,6,"0, NICE AVENUE DE (RN7)",0.0,0.0
201400010280,15,12,14,16,1,60,27,2,1,1,5,"125, NICE AVENUE DE (RN7",0.0,0.0
201400010281,19,12,14,7,1,60,123,2,1,1,4,CURIE PIERRE ET MARIE AV,0.0,0.0
201400010282,20,12,14,9,1,60,27,2,1,1,6,NETTER RUE,0.0,0.0
201400010283,21,12,14,10,1,60,123,2,1,1,6,JEANNE D'ARC AVENUE,0.0,0.0
201400010284,23,12,14,16,1,60,123,2,1,1,1,MISTRAL FREDERIC AVENUE,0.0,0.0
201400010285,27,12,14,22,5,60,123,2,1,1,6,"1567, PUGETS ROUTE DES",0.0,0.0
201400010286,31,12,14,16,1,60,27,2,6,1,3,TUILIERES AVENUE DES,0.0,0.0
201400010287,7,1,14,19,5,60,29,2,1,1,2,DIX HUIT JUIN (PLACE DU),0.0,0.0
201400010288,15,1,14,17,5,60,30,2,1,1,3,SADI CARNOT (BOULEVARD),0.0,0.0
201400010289,12,1,14,16,1,60,29,2,1,1,6,"32, MIDI (BOULEVARD DU)",0.0,0.0
201400010290,16,1,14,17,5,60,29,2,1,1,6,MARIA (PLACE COMMANDANT),0.0,0.0
201400010291,17,1,14,17,1,60,29,2,1,3,4,GRASSE (AVENUE DE),0.0,0.0
201400010292,21,1,14,16,1,60,30,2,1,1,6,POMPIDOU (AVENUE GEORGES,0.0,0.0
201400010293,24,1,14,9,1,60,29,2,1,1,3,JUIN (AVENUE MARECHAL),0.0,0.0
201400010294,3,2,14,18,5,60,30,2,1,1,7,ROOSEVELT (AVENUE FRANKL,0.0,0.0
201400010295,4,2,14,12,1,60,29,2,1,2,5,TONNER (AVENUE FRANCIS),0.0,0.0
201400010296,5,2,14,7,1,60,29,2,1,1,6,CROISETTE (BOULEVARD DE,0.0,0.0
201400010297,6,2,14,11,1,60,29,2,1,1,7,FERRAGE (BOULEVARD DE LA,0.0,0.0
201400010298,7,2,14,9,1,60,29,2,1,1,6,BUQUET (RUE LEOPOLD),0.0,0.0
201400010299,18,2,14,17,5,60,29,2,1,1,1,"60, DELATTRE DE TASSIGNY",0.0,0.0
201400010300,20,2,14,12,1,60,29,2,1,1,2,"23, PICAUD (AVENUE DU DO",0.0,0.0
201400010301,20,2,14,13,1,60,29,2,1,1,3,PICAUD (AVENUE DU DOCTEU,0.0,0.0
201400010302,20,2,14,16,1,60,29,2,1,1,3,"42, COUBERTIN (AVENUE PI",0.0,0.0
201400010303,28,2,14,9,1,60,29,2,1,1,6,LAFONTAINE (RUE),0.0,0.0
201400010304,5,3,14,9,1,60,29,2,1,1,6,"55, ANTIBES (RUE D')",0.0,0.0
201400010305,8,3,14,19,5,60,29,2,1,1,6,"260, GRASSE (AVENUE DE)",0.0,0.0
201400010306,9,3,14,15,1,60,29,2,1,1,6,MIDI (BOULEVARD DU),0.0,0.0
201400010307,10,3,14,7,1,60,29,2,1,1,3,"143, REPUBLIQUE (BOULEVA",0.0,0.0
201400010308,11,3,14,14,1,60,29,2,1,1,6,GALLIENI (AVENUE MARECHA,0.0,0.0
201400010309,11,3,14,16,1,60,29,2,1,1,6,"00, JOURDAN (AVENUE MICH",0.0,0.0
201400010310,12,3,14,11,1,60,29,2,1,1,6,"90, CARNOT (BOULEVARD)",0.0,0.0
201400010311,12,3,14,18,2,60,29,2,1,1,6,"98, CARNOT (BOULEVARD)",0.0,0.0
201400010312,13,3,14,15,1,60,29,2,1,1,6,MERIMEE (SQUARE),0.0,0.0
201400010313,15,3,14,17,1,60,29,2,1,1,6,CLEMENCEAU (RUE GEORGES),0.0,0.0
201400010314,18,3,14,10,1,60,30,2,1,1,3,MASSENA (RUE) CANNET,0.0,0.0
201400010315,18,3,14,11,1,60,29,2,1,1,1,"82, CLEMENCEAU (RUE GEOR",0.0,0.0
201400010316,20,3,14,17,1,60,30,2,1,1,7,ROOSEVELT (AVENUE FRANKL,0.0,0.0
201400010317,21,3,14,12,1,60,30,2,1,1,6,AUBAREDE (CHEMIN DE L'),0.0,0.0
201400010318,23,3,14,23,5,60,29,2,1,1,6,REPUBLIQUE (BOULEVARD DE,0.0,0.0
201400010319,25,3,14,10,1,60,29,2,1,1,6,"06, MIDI (BOULEVARD DU)",0.0,0.0
201400010320,4,4,14,13,1,60,30,2,1,1,7,"12-14, JEANPIERRE (AVENU",0.0,0.0
201400010321,5,4,14,12,1,60,29,2,1,1,6,CROISETTE (BOULEVARD DE,0.0,0.0
201400010322,7,4,14,14,1,60,29,2,1,1,6,LATOUR MAUBOURG (RUE),0.0,0.0
201400010323,9,4,14,13,1,60,30,2,1,1,2,"49, DOUMER (BOULEVARD PA",0.0,0.0
201400010324,9,4,14,18,1,60,29,2,1,1,3,BORDE (AVENUE DE LA),0.0,0.0
201400010325,9,4,14,18,1,60,29,2,1,1,7,BACHAGA SAID BOUALAM (AV,0.0,0.0
201400010326,10,4,14,15,1,60,29,2,1,1,6,"58, CARNOT (BOULEVARD)",0.0,0.0
201400010327,11,4,14,14,1,60,29,2,1,1,7,"11, CROISETTE (BOULEVARD",0.0,0.0
201400010328,11,4,14,15,1,60,29,2,1,1,6,"09, CARNOT (BOULEVARD)",0.0,0.0
201400010329,14,4,14,18,1,60,30,2,1,1,3,INDUSTRIE (CHEMIN DE L'),0.0,0.0
201400010330,15,4,14,12,1,60,29,2,1,1,6,"16, ALSACE ( BOULEVARD D",0.0,0.0
201400010331,16,4,14,15,1,60,29,2,1,1,3,"183, ROUBINE (AVENUE DE",0.0,0.0
201400010332,22,4,14,8,1,60,29,2,1,1,6,"02, BRIEUX (RUE EUGENE)",0.0,0.0
201400010333,20,4,14,10,1,60,29,2,1,1,7,"44, ALEXANDRE III (BOULE",0.0,0.0
201400010334,18,4,14,12,1,60,29,2,1,1,6,TONNER (AVENUE FRANCIS),0.0,0.0
201400010335,21,4,14,20,2,60,29,2,1,1,7,"25, ALSACE ( BOULEVARD D",0.0,0.0
201400010336,22,4,14,10,1,60,29,2,1,1,6,"26, JOURDAN (AVENUE MICH",0.0,0.0
201400010337,23,4,14,11,1,60,30,2,1,1,7,GAMBETTA (BOULEVARD),0.0,0.0
201400010338,24,4,14,15,1,60,29,2,1,1,3,REPUBLIQUE (BOULEVARD DE,0.0,0.0
201400010339,24,4,14,18,1,60,30,2,1,1,7,"369, POMPIDOU (AVENUE GE",0.0,0.0
201400010340,26,4,14,10,1,60,29,2,1,1,6,CROISETTE (BOULEVARD DE,0.0,0.0
201400010341,27,4,14,9,1,60,29,2,1,1,3,CHEVALIER (AVENUE MAURIC,0.0,0.0
201400010342,27,4,14,11,1,60,29,2,1,1,6,"101, CARNOT (BOULEVARD)",0.0,0.0
201400010343,28,4,14,14,1,60,29,2,1,1,3,CLEMENCEAU (RUE GEORGES),0.0,0.0
201400010344,29,4,14,10,1,60,30,2,1,1,3,DOUMER (BOULEVARD PAUL),0.0,0.0
201400010345,29,4,14,12,1,60,30,2,1,1,3,AUBAREDE (AVENUE DE L'),0.0,0.0
201400010346,29,4,14,13,1,60,29,2,1,1,6,ALSACE ( BOULEVARD D'),0.0,0.0
201400010347,30,4,14,14,1,60,30,2,1,1,6,"42, MONTJOLI (AVENUE DU)",0.0,0.0
201400010348,2,5,14,23,5,60,30,2,1,1,3,"00, CANNES (RUE DE)",0.0,0.0
201400010349,5,5,14,13,1,60,29,2,1,1,4,"07, PICAUD (AVENUE DR) B",0.0,0.0
201400010350,6,5,14,13,1,60,29,2,1,1,3,"00, BROUSSAILLES (AVENUE",0.0,0.0
201400010351,6,5,14,18,1,60,29,2,1,1,6,MIDI (BOULEVARD DU),0.0,0.0
201400010352,8,5,14,15,1,60,30,2,1,1,7,"00, SADI CARNOT (BOULEVA",0.0,0.0
201400010353,12,5,14,8,1,60,29,2,1,1,7,"98, TONNER (AVENUE FRANC",0.0,0.0
201400010354,12,5,14,8,1,60,29,2,1,1,7,GALLIENI (AVENUE MARECHA,0.0,0.0
201400010355,12,5,14,11,1,60,29,2,1,1,6,LYON (AVENUE DE),0.0,0.0
201400010356,14,5,14,15,1,60,29,2,1,1,3,RIOU (BOULEVARD DU),0.0,0.0
201400010357,15,5,14,14,1,60,29,2,1,1,3,"72, TONNER (AVENUE FRANC",0.0,0.0
201400010358,16,5,14,7,1,60,29,2,3,1,3,LORRAINE (BOULEVARD DE),0.0,0.0
201400010359,16,5,14,7,1,60,29,2,1,1,6,"00, GALLIENI (AVENUE MAR",0.0,0.0
201400010360,16,5,14,19,1,60,29,2,1,1,3,"19, CARNOT (BOULEVARD)",0.0,0.0
201400010361,18,5,14,7,1,60,29,2,1,1,6,ALEXANDRE III (BOULEVARD,0.0,0.0
201400010362,18,5,14,21,5,60,29,2,1,1,3,TRIPET (BOULEVARD EUGENE,0.0,0.0
201400010363,19,5,14,12,1,60,29,2,1,1,6,CROISETTE (BOULEVARD DE,0.0,0.0
201400010364,20,5,14,3,5,60,29,2,1,1,3,"95, CROISETTE (BOULEVARD",0.0,0.0
201400010365,20,5,14,17,1,60,29,2,1,1,3,"135, JOURDAN (AVENUE MIC",0.0,0.0
201400010366,20,5,14,18,1,60,29,2,1,1,7,REYER (RUE),0.0,0.0
201400010367,21,5,14,16,1,60,29,2,1,1,6,GOLFES (AVENUE DES),0.0,0.0
201400010368,23,5,14,16,1,60,29,2,1,1,6,FAURE (RUE FELIX),0.0,0.0
201400010369,23,5,14,14,1,60,30,2,1,1,6,"68, ROOSEVELT (AVENUE FR",0.0,0.0
201400010370,23,5,14,22,5,60,29,2,1,1,3,"22, BUISSONS ARDENTS",0.0,0.0
201400010371,25,5,14,10,1,60,29,2,1,1,6,TONNER (AVENUE FRANCIS),0.0,0.0
201400010372,25,5,14,10,1,60,29,2,1,1,3,VAUTRIN (BOULEVARD DU GE,0.0,0.0
201400010373,25,5,14,18,1,60,29,2,1,1,2,"00, VALLOMBROSA (BOULEBA",0.0,0.0
201400010374,27,5,14,11,1,60,29,2,1,1,7,LERINS (AVENUE DE),0.0,0.0
201400010375,28,5,14,13,1,60,29,2,1,1,3,"11, COUBERTIN (AVENUE PI",0.0,0.0
201400010376,29,5,14,13,1,60,29,2,1,1,3,MIDI (BOULEVARD DU),0.0,0.0
201400010377,31,5,14,20,1,60,29,2,1,1,2,MIDI (BOULEVARD DU),0.0,0.0
201400010378,31,5,14,21,5,60,29,2,1,1,3,"78, CROISETTE (BOULEVARD",0.0,0.0
201400010379,31,5,14,0,5,60,29,2,1,1,6,MIDI (BOULEVARD DU),0.0,0.0
201400010380,5,6,14,15,1,60,30,2,1,1,3,BREGUIERES (CHEMIN DES),0.0,0.0
201400010381,6,6,14,10,1,60,29,2,1,1,7,CHABAUD (RUE),0.0,0.0
201400010382,6,6,14,11,1,60,29,2,1,1,6,PICAUD (AVENUE DU DOCTEU,0.0,0.0
201400010383,7,6,14,15,1,60,29,2,1,1,3,"21, MIDI (BOULEVARD DU)",0.0,0.0
201400010384,7,6,14,13,1,60,29,2,1,1,6,GALLIENI (AVENUE MARECHA,0.0,0.0
201400010385,10,6,14,11,1,60,29,2,1,1,7,ALEXANDRE III (BOULEVARD,0.0,0.0
201400010386,11,6,14,8,1,60,29,2,3,1,5,MIDI (BOULEVARD DU),0.0,0.0
201400010387,11,6,14,19,1,60,29,2,1,1,7,GAMBETTA (PLACE),0.0,0.0
201400010388,11,6,14,16,1,60,29,2,1,1,6,TONNER (AVENUE FRANCIS),0.0,0.0
201400010389,12,6,14,17,1,60,29,2,1,1,3,CROISETTE (BOULEVARD DE,0.0,0.0
201400010390,13,6,14,21,4,60,30,2,1,1,6,ROOSEVELT (AVENUE FRANKL,0.0,0.0
201400010391,16,6,14,20,5,60,29,2,1,1,6,"79, TONNER (AVENUE FRANC",0.0,0.0
201400010392,17,6,14,12,1,60,29,2,1,1,3,CROISETTE (BOULEVARD DE,0.0,0.0
201400010393,19,6,14,18,1,60,29,2,1,1,6,GAMBETTA (PLACE),0.0,0.0