Num_Acc,jour,mois,an,hr,condition_eclairage,departement,commune,condition_agglomeration,intersection,condition_atmosphere,type_collision,adresse,lattitude,longitude
201400010394,24,6,14,17,1,60,29,2,1,1,7,"113, ANTIBES (RUE D')",0.0,0.0
201400010395,26,6,14,10,1,60,29,2,1,1,6,BORDE (AVENUE DE LA),0.0,0.0
201400010396,26,6,14,18,1,60,29,2,1,1,3,LACOUR (RUE),0.0,0.0
201400010397,1,7,14,12,1,60,30,2,1,1,6,"369, POMPIDOU (AVENUE GE",0.0,0.0
201400010398,1,7,14,12,1,60,30,2,1,7,2,"39, JEANPIERRE (AVENUE M",0.0,0.0
201400010399,1,7,14,12,1,60,30,2,1,1,3,COLBERT (RUE),0.0,0.0
201400010400,7,7,14,10,1,60,29,2,1,1,7,ANTIBES (RUE D'),0.0,0.0
201400010401,7,7,14,16,1,60,29,2,1,1,7,"00, JOURDAN (AVENUE MICH",0.0,0.0
201400010402,9,7,14,0,5,60,29,2,1,1,1,"24, MIDI (BOULEVARD DU)",0.0,0.0
201400010403,9,7,14,8,1,60,29,2,1,1,7,"06, MIDI (BOULEVARD DU)",0.0,0.0
201400010404,9,7,14,9,1,60,29,2,1,1,1,"00, TUBY (BOULEVARD VICT",0.0,0.0
201400010405,9,7,14,16,1,60,29,2,1,1,3,MIDI (BOULEVARD DU),0.0,0.0
201400010406,9,7,14,17,1,60,29,2,1,1,7,VAUBAN (PLACE),0.0,0.0
201400010407,10,7,14,17,1,60,30,2,1,1,3,"105, ROOSEVELT (AVENUE F",0.0,0.0
201400010408,14,7,14,0,5,60,29,2,1,1,3,JOURDAN (AVENUE MICHEL),0.0,0.0
201400010409,15,7,14,17,1,60,29,2,1,1,3,ROUBINE (AVENUE DE LA),0.0,0.0
201400010410,19,7,14,22,5,60,30,2,1,1,6,CARNOT (BOULEVARD),0.0,0.0
201400010411,18,7,14,18,1,60,29,2,1,1,1,"52, JOURDAN (AVENUE MICH",0.0,0.0
201400010412,26,7,14,12,1,60,30,2,1,1,3,ROOSEVELT (AVENUE FRANKL,0.0,0.0
201400010413,27,7,14,8,1,60,29,2,1,1,6,"86, MIDI (BOULEVARD DU)",0.0,0.0
201400010414,27,7,14,11,1,60,29,2,1,1,3,BENEFIAT (AVENUE DE),0.0,0.0
201400010415,29,7,14,17,1,60,29,2,1,1,3,CROISETTE (BOULEVARD DE,0.0,0.0
201400010416,29,7,14,10,1,60,29,2,1,1,3,ALEXANDRE III (BOULEVARD,0.0,0.0
201400010417,1,8,14,19,1,60,29,2,1,1,2,TONNER (AVENUE FRANCIS),0.0,0.0
201400010418,5,8,14,11,1,60,29,2,1,1,6,"57, CARNOT (BOULEVARD)",0.0,0.0
201400010419,6,8,14,20,1,60,29,2,1,1,6,CARNOT (BOULEVARD),0.0,0.0
201400010420,7,8,14,22,5,60,29,2,1,1,6,TONNER (AVENUE FRANCIS),0.0,0.0
201400010421,8,8,14,9,1,60,29,2,2,1,6,ALEXANDRE III (BOULEVARD,0.0,0.0
201400010422,11,8,14,10,1,60,29,2,1,1,6,CROISETTE (BOULEVARD DE,0.0,0.0
201400010423,11,8,14,7,1,60,29,2,1,1,6,MIDI (BOULEVARD DU),0.0,0.0
201400010424,16,8,14,15,1,60,30,2,1,1,6,"100, JOURDAN (AVENUE MIC",0.0,0.0
201400010425,19,8,14,16,1,60,29,2,1,1,1,"93, NOAILLES (AVENUE JEA",0.0,0.0
201400010426,18,8,14,18,1,60,29,2,1,1,6,"3, AICARD (RUE JEAN)",0.0,0.0
201400010427,21,8,14,11,1,60,30,2,1,1,6,"93, ROOSEVELT (AVENUE FR",0.0,0.0
201400010428,21,8,14,14,1,60,29,2,1,1,6,REPUBLIQUE (BOULEVARD DE,0.0,0.0
201400010429,22,8,14,16,1,60,29,2,1,1,3,"00, REPUBLIQUE (BOULEVAR",0.0,0.0
201400010430,23,8,14,14,1,60,30,2,1,1,6,"20, SADI CARNOT (BOULEVA",0.0,0.0
201400010431,25,8,14,15,1,60,29,2,1,1,6,"88, MIDI (BOULEVARD DU)",0.0,0.0
201400010432,26,8,14,10,1,60,29,2,1,1,3,CROISETTE (BOULEVARD DE,0.0,0.0
201400010433,26,8,14,17,1,60,29,2,1,1,3,JUIN (AVENUE MARECHAL),0.0,0.0
201400010434,27,8,14,20,5,60,29,2,1,1,6,"315, GRASSE (AVENUE DE)",0.0,0.0
201400010435,30,8,14,14,1,60,29,2,2,1,7,SHAKESPEARE (RUE),0.0,0.0
201400010436,1,9,14,15,1,60,29,2,1,1,3,CROISETTE (BOULEVARD DE,0.0,0.0
201400010437,3,9,14,11,1,60,29,2,1,1,6,"88, TONNER (AVENUE FRANC",0.0,0.0
201400010438,4,9,14,16,1,60,29,2,1,1,6,"120, TONNER (AVENUE FRAN",0.0,0.0
201400010439,7,9,14,15,1,60,29,2,1,1,6,CORNUT GENTILLE (PLACE B,0.0,0.0
201400010440,9,9,14,16,1,60,29,2,1,1,3,REPUBLIQUE (BOULEVARD DE,0.0,0.0
201400010441,9,9,14,11,1,60,29,2,1,1,6,"37, MONTE-CARLO (AVENUE)",0.0,0.0
201400010442,11,9,14,13,1,60,29,2,1,1,6,"00, CARNOT (BOULEVARD)",0.0,0.0
201400010443,12,9,14,8,1,60,29,2,1,1,6,DOZOL (AVENUE ANTHONY),0.0,0.0
201400010444,13,9,14,12,1,60,30,2,1,1,2,"383, MONOD (RUE JEAN)",0.0,0.0
201400010445,13,9,14,12,1,60,29,2,1,1,3,"89, PICAUD (AVENUE DR) B",0.0,0.0
201400010446,23,9,14,19,1,60,29,2,1,1,2,"124, CHEVALIER (AVENUE M",0.0,0.0
201400010447,24,9,14,7,1,60,29,2,1,1,7,"10, MIDI (BOULEVARD DU)",0.0,0.0
201400010448,24,9,14,20,5,60,29,2,1,1,2,"30, BROUSSAILLES (AVENUE",0.0,0.0
201400010449,26,9,14,7,5,60,30,2,1,1,7,"0, CARIMAI (RUE)",0.0,0.0
201400010450,27,9,14,7,1,60,29,2,1,1,3,ORAN (RUE D'),0.0,0.0
201400010451,27,9,14,18,1,60,29,2,1,7,7,"6, PICAUD (AVENUE DU DOC",0.0,0.0
201400010452,1,10,14,18,5,60,29,2,1,1,6,PERIER (BOULEVARD DU),0.0,0.0
201400010453,2,10,14,21,5,60,29,2,1,1,7,"200, GRASSE (AVENUE DE)",0.0,0.0
201400010454,8,10,14,15,1,60,29,2,1,1,6,"88, CHEVALIER (AVENUE MA",0.0,0.0
201400010455,8,10,14,15,1,60,29,2,1,1,1,MIDI (BOULEVARD DU),0.0,0.0
201400010456,10,10,14,10,1,60,29,2,1,1,3,"2, VILLAGE (ROUTE DU)",0.0,0.0
201400010457,14,10,14,7,1,60,29,2,1,1,6,ANGLAIS (AVENUE DES),0.0,0.0
201400010458,15,10,14,8,1,60,30,2,1,1,6,BELLE-RESPIRO (RUE),0.0,0.0
201400010459,15,10,14,9,1,60,29,2,1,1,6,PICAUD (AVENUE DR) BOCCA,0.0,0.0
201400010460,15,10,14,11,1,60,29,2,1,1,6,COUBERTIN (AVENUE PIERRE,0.0,0.0
201400010461,15,10,14,20,5,60,29,2,1,1,7,CROISETTE (BOULEVARD DE,0.0,0.0
201400010462,17,10,14,13,1,60,29,2,1,1,6,"9, JAURES (RUE JEAN)",0.0,0.0
201400010463,17,10,14,15,1,60,29,2,1,1,6,"00, CROISETTE (BOULEVARD",0.0,0.0
201400010464,18,10,14,17,1,60,29,2,1,1,3,"40, TUBY (AVENUE FRANCOI",0.0,0.0
201400010465,24,10,14,13,1,60,29,2,1,1,3,JOURDAN (AVENUE MICHEL),0.0,0.0
201400010466,24,10,14,20,5,60,30,2,1,1,3,JOURDAN (AVENUE MICHEL (,0.0,0.0
201400010467,27,10,14,19,5,60,30,2,1,1,3,"39, JEANPIERRE (AVENUE M",0.0,0.0
201400010468,29,10,14,17,5,60,29,2,1,1,1,"9, ARAUCARIAS (CHEMIN DE",0.0,0.0
201400010469,30,10,14,12,1,60,29,2,1,1,6,BACHAGA SAID BOUALAM (AV,0.0,0.0
201400010470,30,10,14,12,1,60,29,2,1,1,7,"65, REPUBLIQUE (BOULEVAR",0.0,0.0
201400010471,31,10,14,18,5,60,30,2,1,1,6,SERRA CAPEOU (RUE),0.0,0.0
201400010472,4,11,14,7,1,60,29,2,1,1,3,"20, LAUGIER (AVENUE)",0.0,0.0
201400010473,6,11,14,11,1,60,29,2,1,1,6,PANTIERO (PROMENADE DE L,0.0,0.0
201400010474,10,11,14,17,5,60,29,2,1,1,6,MIDI (BOULEVARD DU),0.0,0.0
201400010475,14,11,14,11,1,60,29,2,1,1,7,"90, CARNOT (BOULEVARD)",0.0,0.0
201400010476,15,11,14,10,1,60,29,2,1,3,7,"3, SUISSES (RUE DES)",0.0,0.0
201400010477,16,11,14,15,1,60,29,2,1,1,3,"00, MIMONT (RUE DE)",0.0,0.0
201400010478,18,11,14,18,5,60,29,2,1,1,3,"00, JOURDAN (AVENUE MICH",0.0,0.0
201400010479,18,11,14,22,5,60,29,2,1,1,7,"2, CLEMENCEAU (RUE GEORG",0.0,0.0
201400010480,19,11,14,15,1,60,29,2,1,1,3,"1, POESIE (AVENUE PIERRE",0.0,0.0
201400010481,19,11,14,16,1,60,29,2,1,1,3,"00, PICAUD (AVENUE DU DO",0.0,0.0
201400010482,25,11,14,5,5,60,29,2,1,1,6,CARNOT (BOULEVARD),0.0,0.0
201400010483,25,11,14,18,5,60,30,2,1,2,6,NORD (BOULEVARD DU),0.0,0.0
201400010484,2,12,14,9,1,60,29,2,1,1,2,"61, FAURE (RUE FELIX)",0.0,0.0
201400010485,2,12,14,14,1,60,29,2,1,1,3,TONNER (AVENUE FRANCIS),0.0,0.0
201400010486,3,12,14,17,5,60,29,2,1,1,7,"00, JOFFRE (RUE MARECHAL",0.0,0.0
201400010487,6,12,14,18,5,60,29,2,1,1,6,"48, TONNER (AVENUE FRANC",0.0,0.0
201400010488,8,12,14,8,1,60,29,2,1,1,3,"48, TONNER (AVENUE FRANC",0.0,0.0
201400010489,12,12,14,12,1,60,29,2,1,1,6,PASTEUR (RUE),0.0,0.0
201400010490,16,12,14,16,1,60,29,2,1,1,2,"23, MIDI (BOULEVARD DU)",0.0,0.0
201400010491,15,12,14,9,1,60,30,2,1,1,6,"00, DUNKERQUE (RUE DE)",0.0,0.0
201400010492,18,12,14,15,1,60,29,2,1,1,6,GRASSE (AVENUE DE),0.0,0.0
201400010493,19,12,14,9,1,60,30,2,1,1,6,MONTJOLI (AVENUE DU),0.0,0.0
201400010494,20,12,14,13,1,60,29,2,1,1,6,COUVERTURE VOIE FERREE,0.0,0.0
201400010495,20,12,14,15,1,60,29,2,1,1,6,PANTIERO (PROMENADE DE L,0.0,0.0
201400010496,29,12,14,12,1,60,30,2,1,1,3,"27, MERIMEE (RUE PROSPER",0.0,0.0
201400010497,30,12,14,16,1,60,29,2,1,1,2,"232, TONNER (AVENUE FRAN",0.0,0.0
201400010498,2,1,14,11,1,60,69,2,1,2,7,"6, Place C?sar Ossola",0.0,0.0
201400010499,3,1,14,16,1,60,69,2,1,1,2,"121, ROUQUIER (BOULEVARD",0.0,0.0
201400010500,7,1,14,18,5,60,69,2,1,1,7,"116, CANNES (ROUTE DE)",0.0,0.0
201400010501,10,1,14,10,1,60,69,2,1,1,7,"5, ROUQUIER (BOULEVARD E",0.0,0.0
201400010502,14,1,14,15,1,60,69,2,1,1,7,"51, CANNES (ROUTE DE)  -",0.0,0.0
201400010503,16,1,14,8,2,60,69,2,1,2,2,"8, SAINTE MARGUERITE (CH",0.0,0.0
201400010504,17,1,14,12,1,60,69,2,1,2,7,"X, NAPOLEON (ROUTE)",0.0,0.0
201400010505,18,1,14,18,5,60,69,2,1,2,6,"X, PATTI (PLACE DU)",0.0,0.0
201400010506,19,1,14,18,5,60,69,2,6,2,3,"X, SIDI BRAHIM (AVENUE)",0.0,0.0
201400010507,20,1,14,20,5,60,69,2,1,1,7,"16, HAUTES RIBES (CHEMIN",0.0,0.0
201400010508,22,1,14,8,1,60,69,2,1,1,2,"160, SEMARD - LA GARE (A",0.0,0.0
201400010509,25,1,14,10,1,60,69,2,1,1,7,"38, COLLET DE SAINT MARC",0.0,0.0
201400010510,28,1,14,9,1,60,69,2,1,1,6,"38, ROUQUIER (BOULEVARD",0.0,0.0
201400010511,29,1,14,8,2,60,69,2,1,3,6,"x, MISTRAL (AVENUE ET PL",0.0,0.0
201400010512,30,1,14,11,1,60,69,2,1,2,6,"129, PAOUTE (ROUTE ET TR",0.0,0.0
201400010513,31,1,14,16,1,60,69,2,6,1,3,SIDI BRAHIM (AVENUE),0.0,0.0
201400010514,31,1,14,16,1,60,69,2,1,1,3,"56, POMPIDOU (AVENUE GEO",0.0,0.0
201400010515,3,2,14,8,1,60,69,1,1,1,7,"x, DRAGUIGNAN (ROUTE DE)",0.0,0.0
201400010516,3,2,14,18,2,60,69,2,1,2,7,"X, BELLETRUD (BOULEVARD",0.0,0.0
201400010517,4,2,14,8,1,60,69,1,1,8,2,"147, ROUQUIER (BOULEVARD",0.0,0.0
201400010518,6,2,14,7,2,60,69,2,1,8,7,"X, PLASCASSIER (route de",0.0,0.0
201400010519,6,2,14,8,2,60,69,2,1,1,7,"83, PLASCASSIER - MOULIN",0.0,0.0
201400010520,8,2,14,11,1,60,69,2,1,2,2,"31, MISTRAL (AVENUE ET P",0.0,0.0
201400010521,11,2,14,7,1,60,69,2,2,1,3,"x, SAINT EXUPERY (AVENUE",0.0,0.0
201400010522,11,2,14,9,1,60,69,2,1,1,6,"x, PROVENCE (AVENUE DE)",0.0,0.0
201400010523,13,2,14,15,1,60,69,2,1,1,6,"220, PLASCASSIER (route",43.64742,6.96272
201400010524,14,2,14,17,1,60,69,2,1,1,2,"39, ZOLA (BOULEVARD EMIL",0.0,0.0
201400010525,14,2,14,19,5,60,69,2,4,1,3,"x, DUVAL (AVENUE MATHIAS",0.0,0.0
201400010526,14,2,14,19,5,60,69,2,1,1,2,"194, RENOIR (AVENUE AUGU",0.0,0.0
201400010527,15,2,14,12,1,60,69,2,1,6,1,"4, CAPUCINS (CHEMIN ET I",0.0,0.0
201400010528,20,2,14,7,1,60,69,2,1,1,7,"26, GAMBETTA (BOULEVARD",0.0,0.0
201400010529,21,2,14,13,1,60,69,2,1,1,3,"12, CANNES (ROUTE DE)  -",0.0,0.0
201400010530,21,2,14,19,2,60,69,2,1,1,6,"1, LIBERATION (AVENUE DE",0.0,0.0
201400010531,21,2,14,21,5,60,69,2,1,1,7,"30, SIDI BRAHIM (AVENUE)",0.0,0.0
201400010532,24,2,14,13,1,60,69,2,1,1,2,"x, MISTRAL (AVENUE ET PL",0.0,0.0
201400010533,25,2,14,11,1,60,69,2,1,7,6,"184, PLASCASSIER (route",0.0,0.0
201400010534,26,2,14,11,1,60,69,2,1,8,6,"257, SAINT MATHIEU (ROUT",0.0,0.0
201400010535,28,2,14,14,1,60,69,2,1,3,1,"20, CASTORS (CHEMIN DES)",0.0,0.0
201400010536,28,2,14,18,1,60,69,1,1,1,1,"203, RENOIR (AVENUE AUGU",0.0,0.0
201400010537,1,3,14,16,1,60,69,2,1,1,4,"101, RENOIR (AVENUE AUGU",0.0,0.0
201400010538,10,3,14,14,1,60,69,2,1,1,7,"50, CANNES (ROUTE DE)  -",0.0,0.0
201400010539,9,3,14,10,1,60,69,2,1,1,6,"144, SEMARD (AVENUE PIER",0.0,0.0
201400010540,10,3,14,7,1,60,69,2,1,1,6,"182, RENOIR (AVENUE AUGU",0.0,0.0
201400010541,13,3,14,6,2,60,69,2,1,1,6,"X, P?n?trante",0.0,0.0
201400010542,13,3,14,10,1,60,69,2,1,1,2,"39, GRAND CHENE (CHEMIN",0.0,0.0
201400010543,13,3,14,11,1,60,69,2,1,1,1,"X, MOULIN DE BRUN (CHEMI",0.0,0.0
201400010544,13,3,14,20,2,60,69,2,1,1,6,"x, MARIGARDE (ROUTE DE L",0.0,0.0
201400010545,14,3,14,19,4,60,69,2,1,1,3,"25, ROUQUIER (BOULEVARD",0.0,0.0
201400010546,18,3,14,7,1,60,69,2,1,1,1,"x, DRAGONNIERE (CHEMIN D",0.0,0.0
201400010547,19,3,14,12,1,60,69,2,1,1,2,"109, RENOIR (AVENUE AUGU",0.0,0.0
201400010548,19,3,14,17,1,60,69,2,1,1,2,"1, LIBERATION (AVENUE DE",0.0,0.0
201400010549,23,3,14,13,1,60,69,2,1,1,6,"x, P?n?trante",0.0,0.0
201400010550,24,3,14,20,5,60,69,2,1,1,3,"45, MISTRAL (AVENUE ET P",0.0,0.0
201400010551,28,3,14,7,1,60,69,2,1,1,6,"288, SAINT MATHIEU (ROUT",0.0,0.0
201400010552,28,3,14,16,1,60,69,2,1,1,6,"62, SEMARD (AVENUE PIERR",0.0,0.0
201400010553,29,3,14,7,1,60,69,2,1,1,6,"55, CAPUCINS (CHEMIN ET",0.0,0.0
201400010554,2,4,14,11,1,60,69,2,1,1,2,"X, Place C?sar Ossola",0.0,0.0
201400010555,4,4,14,17,1,60,69,2,1,1,6,"x, MARIGARDE (ROUTE DE L",0.0,0.0
201400010556,4,4,14,21,2,60,69,2,1,1,7,"x, POUIRAQUE (TRAVERSE D",0.0,0.0
201400010557,5,4,14,21,5,60,69,2,1,1,6,"75, MAUPASSANT (AVENUE G",0.0,0.0
201400010558,7,4,14,8,1,60,69,2,1,1,7,"55, SEMARD (AVENUE PIERR",0.0,0.0
201400010559,8,4,14,12,1,60,69,2,1,1,6,"X, PLASCASSIER (route de",0.0,0.0
201400010560,8,4,14,23,5,60,69,2,1,1,6,"X, PEGOMAS (ROUTE DE)",0.0,0.0
201400010561,9,4,14,11,1,60,69,2,1,1,6,"x, FRAGONARD (BOULEVARD",0.0,0.0
201400010562,9,4,14,13,1,60,69,2,1,1,6,"4, DUVAL (AVENUE MATHIAS",0.0,0.0
201400010563,9,4,14,13,1,60,69,2,1,1,2,"45, MISTRAL (AVENUE ET P",0.0,0.0
201400010564,9,4,14,14,1,60,69,2,1,1,2,"21, LIBERATION (AVENUE D",0.0,0.0
201400010565,14,4,14,16,1,60,69,2,1,1,1,"57, CANNES (ROUTE DE)",0.0,0.0
201400010566,14,4,14,19,2,60,69,2,1,1,7,"x, PROVENCE (AVENUE DE)",0.0,0.0
201400010567,17,4,14,18,1,60,69,2,1,1,6,"206, PLASCASSIER (route",0.0,0.0
201400010568,18,4,14,15,1,60,69,2,1,1,2,"24, COLLET DE SAINT MARC",0.0,0.0
201400010569,18,4,14,16,1,60,69,2,1,1,6,"x, PROVENCE (AVENUE DE)",0.0,0.0
201400010570,19,4,14,2,5,60,69,2,1,1,6,"25, DE LATTRE DE TASSIGN",0.0,0.0
201400010571,19,4,14,12,1,60,69,2,1,1,6,"x, NAPOLEON (ROUTE)",0.0,0.0
201400010572,20,4,14,18,1,60,69,2,1,1,7,"x, MADELEINE",0.0,0.0
201400010573,23,4,14,14,1,60,69,2,1,1,6,"x, CHENES (CHEMIN DES)",0.0,0.0
201400010574,25,4,14,16,1,60,69,2,1,1,7,"x, ORME (CHEMIN DE L')",0.0,0.0
201400010575,26,4,14,23,5,60,69,2,1,1,6,"63, RENOIR (AVENUE AUGUS",0.0,0.0
201400010576,29,4,14,7,1,60,69,2,1,1,1,"x, CASTORS (CHEMIN DES)",0.0,0.0
201400010577,30,4,14,19,2,60,69,2,1,1,3,"x, MARCEL PAGNOL (AVENUE",0.0,0.0
201400010578,1,5,14,21,5,60,69,2,1,1,7,"x, BAUDOIN (AVENUE YVES",0.0,0.0
201400010579,2,5,14,8,1,60,69,2,1,1,6,"20, LECLERC (BOULEVARD D",0.0,0.0
201400010580,7,5,14,9,1,60,69,2,1,1,3,"12, PAOUTE (ROUTE ET TRA",0.0,0.0
201400010581,7,5,14,12,1,60,69,2,1,1,3,"x, SAINT EXUPERY (AVENUE",0.0,0.0
201400010582,7,5,14,15,1,60,69,2,1,1,6,"20, SAINTE LORETTE (AVEN",0.0,0.0
201400010583,7,5,14,16,1,60,69,2,1,1,3,"72, ROUQUIER (BOULEVARD",0.0,0.0
201400010584,9,5,14,7,1,60,69,2,1,7,6,"9, MISTRAL (AVENUE ET PL",0.0,0.0
201400010585,14,5,14,17,1,60,69,2,1,1,1,"6, avenue du 11 novembre",0.0,0.0
201400010586,14,5,14,19,2,60,69,2,3,1,5,"x, PAOUTE (ROUTE ET TRAV",0.0,0.0
201400010587,14,5,14,20,1,60,69,2,1,1,1,"x, SEMARD (AVENUE PIERRE",0.0,0.0
201400010588,16,5,14,8,1,60,69,2,1,1,6,"7, SEMARD (AVENUE PIERRE",0.0,0.0
201400010589,16,5,14,9,1,60,69,2,1,1,7,"102, DRAGUIGNAN (ROUTE D",0.0,0.0
201400010590,16,5,14,9,1,60,69,2,1,1,5,"102, DRAGUIGNAN (ROUTE D",0.0,0.0
201400010591,17,5,14,16,1,60,69,2,1,7,3,"x, CLAVARY (CHEMIN DE)",0.0,0.0
201400010592,19,5,14,9,1,60,69,2,1,1,5,FRAGONARD (BOULEVARD ET,0.0,0.0
201400010593,20,5,14,12,1,60,69,2,1,1,3,"x, ORME (CHEMIN DE L')",0.0,0.0
201400010594,21,5,14,18,1,60,69,2,1,1,2,"37, SEMARD (AVENUE PIERR",0.0,0.0
201400010595,23,5,14,4,3,60,69,2,1,1,1,"102, DRAGUIGNAN (ROUTE D",0.0,0.0
201400010596,23,5,14,15,1,60,69,2,1,1,2,"28, CANNES (ROUTE DE)  -",0.0,0.0
201400010597,25,5,14,12,1,60,69,2,1,1,2,"194, RENOIR (AVENUE AUGU",0.0,0.0
201400010598,26,5,14,19,1,60,69,2,1,1,3,"45, VICTOR HUGO  (BD)",0.0,0.0
201400010599,27,5,14,12,1,60,69,2,1,1,3,"5, CAUVIN (AVENUE LOUIS)",0.0,0.0
201400010600,28,5,14,10,1,60,69,2,1,1,4,"75, LIBERATION (AVENUE D",0.0,0.0
201400010601,28,5,14,16,1,60,69,2,1,1,7,"x, JEU DE BALLON (BOULEV",0.0,0.0
201400010602,28,5,14,19,1,60,69,2,1,1,2,CANNES (ROUTE DE)   R,0.0,0.0
201400010603,29,5,14,17,1,60,69,2,1,1,7,"10, PILON DE SAINT VALLI",0.0,0.0
201400010604,30,5,14,17,1,60,69,2,1,1,3,"32, CHIRIS (AVENUE, IMPA",0.0,0.0
201400010605,31,5,14,12,1,60,69,2,1,1,3,"x, BAUDOIN (AVENUE YVES",0.0,0.0
201400010606,2,6,14,9,1,60,69,2,1,1,2,"x, LECLERC (BOULEVARD DU",0.0,0.0
201400010607,3,6,14,11,1,60,69,2,1,1,6,"2, SEMARD (AVENUE PIERRE",0.0,0.0
201400010608,3,6,14,15,1,60,69,2,1,1,7,"40, CANNES (ROUTE DE)",0.0,0.0
201400010609,4,6,14,20,1,60,69,2,1,1,6,"14, SAINTE LORETTE (AVEN",0.0,0.0
201400010610,5,6,14,10,1,60,69,2,1,1,3,"x, SAINT EXUPERY (AVENUE",0.0,0.0
201400010611,5,6,14,17,1,60,69,2,1,1,7,"34, BAUDOIN (AVENUE YVES",0.0,0.0
201400010612,6,6,14,20,1,60,69,2,1,1,2,"1, DE LATTRE DE TASSIGNY",0.0,0.0
201400010613,8,6,14,13,1,60,69,2,1,1,2,"83, RENOIR (AVENUE AUGUS",0.0,0.0
201400010614,10,6,14,18,1,60,69,2,1,1,6,"x, MARIGARDE (ROUTE DE L",0.0,0.0
201400010615,12,6,14,13,1,60,69,2,1,1,6,"103, LIBERATION (AVENUE",0.0,0.0
201400010616,12,6,14,13,1,60,69,2,1,1,2,"47, MARIGARDE (ROUTE DE",0.0,0.0
201400010617,13,6,14,15,1,60,69,2,1,1,3,"86, ROUQUIER (BOULEVARD",0.0,0.0
201400010618,16,6,14,18,1,60,69,2,1,1,3,"X, SIDI BRAHIM (AVENUE)",0.0,0.0
201400010619,17,6,14,9,1,60,69,2,1,1,2,"x, RENOIR (AVENUE AUGUST",0.0,0.0
201400010620,19,6,14,7,1,60,69,2,1,1,1,"102, DRAGUIGNAN (ROUTE D",0.0,0.0
201400010621,18,6,14,18,1,60,69,2,1,1,5,"19, DUVAL (AVENUE MATHIA",0.0,0.0
201400010622,20,6,14,19,1,60,69,2,1,1,7,"33, VICTOR HUGO  (BD)",0.0,0.0
201400010623,21,6,14,22,5,60,69,1,1,1,7,"144, CANNES (ROUTE DE)",0.0,0.0
201400010624,23,6,14,7,1,60,69,2,1,1,7,"x, ZILLER (AVENUE PIERRE",0.0,0.0
201400010625,23,6,14,15,1,60,69,2,1,1,3,"X, PLAN (ROUTE DU) -D304",0.0,0.0
201400010626,24,6,14,13,1,60,69,2,1,1,6,"65, PLAN (ROUTE DU) -D30",0.0,0.0
201400010627,26,6,14,13,1,60,69,2,1,1,6,"2, DE GAULLE (AVENUE DU",0.0,0.0
201400010628,26,6,14,16,1,60,69,2,1,1,6,"8, PAOUTE (ROUTE ET TRAV",0.0,0.0
201400010629,27,6,14,13,1,60,69,2,6,1,7,"4, PAOUTE (ROUTE ET TRAV",0.0,0.0
201400010630,29,6,14,11,1,60,69,2,1,1,1,"177, LIONS (AVENUE HONOR",0.0,0.0
201400010631,1,7,14,18,1,60,69,2,1,1,6,"27, DUVAL (AVENUE MATHIA",0.0,0.0
201400010632,4,7,14,23,5,60,69,2,1,1,6,"174, SAINT EXUPERY (AVEN",0.0,0.0
201400010633,6,7,14,1,5,60,69,2,1,1,7,"102, DRAGUIGNAN (ROUTE D",0.0,0.0
201400010634,6,7,14,11,1,60,69,2,1,1,7,"x, VINGT QUATRE AOUT - P",0.0,0.0
201400010635,8,7,14,20,2,60,69,2,1,1,6,"x, CHENES (CHEMIN DES)",0.0,0.0
201400010636,11,7,14,12,1,60,69,2,1,1,6,"x, MARIGARDE (ROUTE DE L",0.0,0.0
201400010637,14,7,14,9,1,60,69,2,1,1,6,"25, THIERS (AVENUE)",0.0,0.0
201400010638,14,7,14,16,1,60,69,2,1,1,1,"23, MISTRAL (AVENUE ET P",0.0,0.0
201400010639,15,7,14,18,1,60,69,2,1,1,2,"9, MISTRAL (AVENUE ET PL",0.0,0.0
201400010640,16,7,14,10,1,60,69,2,1,1,3,"X, ROURE DE LA GACHE (CH",0.0,0.0
201400010641,17,7,14,8,1,60,69,2,1,1,1,"129, CANNES (ROUTE DE)",0.0,0.0
201400010642,20,7,14,18,1,60,69,2,3,1,3,"40, PAOUTE (ROUTE ET TRA",0.0,0.0
201400010643,25,7,14,17,1,60,69,2,1,1,7,"X, SAINT EXUPERY (AVENUE",0.0,0.0
201400010644,26,7,14,17,1,60,69,2,1,1,7,"X, THIERS (AVENUE)",0.0,0.0
201400010645,27,7,14,10,1,60,69,2,1,1,3,"115 bis, CANNES (ROUTE D",0.0,0.0
201400010646,28,7,14,11,1,60,69,2,1,1,3,"34, CROIX (CHEMIN DE LA)",0.0,0.0
201400010647,2,8,14,14,1,60,69,2,1,1,1,"36, SAINTE MARGUERITE (C",0.0,0.0
201400010648,2,8,14,19,1,60,69,2,1,1,3,"X, CARNOT (BOULEVARD ET",0.0,0.0
201400010649,5,8,14,19,1,60,69,2,1,1,7,"X, GAMBETTA (BOULEVARD E",0.0,0.0
201400010650,8,8,14,17,1,60,69,2,1,1,7,"50, PAOUTE (ROUTE ET TRA",0.0,0.0
201400010651,11,8,14,1,5,60,69,2,1,1,6,"2, ORME (CHEMIN DE L')",0.0,0.0
201400010652,12,8,14,14,1,60,69,2,1,1,3,"61, DRAGUIGNAN (ROUTE DE",0.0,0.0
201400010653,12,8,14,18,1,60,69,2,1,1,7,"28, POMPIDOU (AVENUE GEO",0.0,0.0
201400010654,14,8,14,7,1,60,69,2,1,1,2,"1, DE LATTRE DE TASSIGNY",0.0,0.0
201400010655,17,8,14,17,1,60,69,2,1,1,7,"X, PEYLOUBET (CHEMIN DU)",0.0,0.0
201400010656,18,8,14,19,1,60,69,2,1,1,7,"66, MARIGARDE (ROUTE DE",0.0,0.0
201400010657,19,8,14,23,5,60,69,2,1,1,7,"159, CLEMENCEAU (BOULEVA",0.0,0.0
201400010658,23,8,14,19,1,60,69,2,1,1,6,"X, BUANDERIE (PLACE DE L",0.0,0.0
201400010659,25,8,14,10,1,60,69,2,1,1,2,"17, DE LATTRE DE TASSIGN",0.0,0.0
201400010660,25,8,14,21,2,60,69,2,1,1,2,"7, JEAN XXIII (AVENUE)",0.0,0.0
201400010661,30,8,14,12,1,60,69,2,1,1,6,"32, DUVAL (AVENUE MATHIA",0.0,0.0
201400010662,31,8,14,16,1,60,69,2,1,1,1,"6, SAINT JOSEPH (CHEMIN",0.0,0.0
201400010663,31,8,14,16,1,60,69,2,6,1,3,"x, MARIGARDE (ROUTE DE L",0.0,0.0
201400010664,31,8,14,21,2,60,69,2,1,1,3,"X, ROUQUIER (BOULEVARD E",0.0,0.0