Num_Acc,jour,mois,an,hr,condition_eclairage,departement,commune,condition_agglomeration,intersection,condition_atmosphere,type_collision,adresse,lattitude,longitude
201400010665,1,9,14,18,1,60,69,2,1,1,6,"2, DE LATTRE DE TASSIGNY",0.0,0.0
201400010666,2,9,14,13,1,60,69,2,1,1,6,"X, DE GAULLE (AVENUE DU",0.0,0.0
201400010667,3,9,14,13,1,60,69,2,1,1,7,"x, CAPUCINS (CHEMIN ET I",0.0,0.0
201400010668,4,9,14,16,1,60,69,2,1,1,3,"X, PAGNOL (BOULEVARD MAR",0.0,0.0
201400010669,5,9,14,21,2,60,69,2,1,1,7,"151, NAPOLEON (ROUTE)",0.0,0.0
201400010670,7,9,14,17,1,60,69,2,1,1,1,"59, CABRIS (ROUTE DE)",0.0,0.0
201400010671,5,9,14,17,1,60,69,2,1,1,6,"X, VICTOIRE DU HUIT MAI",0.0,0.0
201400010672,10,9,14,13,1,60,69,2,1,1,6,"20, GRAND CHENE (CHEMIN",0.0,0.0
201400010673,10,9,14,13,1,60,69,2,1,1,7,"x, SAINT MATHIEU (ROUTE",0.0,0.0
201400010674,10,9,14,16,1,60,69,2,1,1,6,"X, PASTEUR (BOULEVARD)",0.0,0.0
201400010675,13,9,14,10,1,60,69,2,1,1,1,"x, PANOUCHE (CHEMIN DE L",0.0,0.0
201400010676,15,9,14,14,1,60,69,2,1,2,7,"34, PASTEUR (PLACE LOUIS",0.0,0.0
201400010677,15,9,14,17,1,60,69,2,1,3,6,"112, PASTEUR (BOULEVARD)",0.0,0.0
201400010678,15,9,14,17,1,60,69,2,1,2,7,"50, CANNES (ROUTE DE)",0.0,0.0
201400010679,19,9,14,8,1,60,69,2,1,1,3,"24, ROUQUIER (BOULEVARD",0.0,0.0
201400010680,21,9,14,13,1,60,69,2,1,1,7,"329, SAINT MATHIEU (ROUT",0.0,0.0
201400010681,19,9,14,19,3,60,69,2,1,1,5,P?n?trante,0.0,0.0
201400010682,19,9,14,18,1,60,69,2,1,1,1,"43, CHEVREFEUILLES (CHEM",0.0,0.0
201400010683,23,9,14,21,5,60,69,2,1,1,6,"110, SAINT MATHIEU (ROUT",0.0,0.0
201400010684,24,9,14,18,1,60,69,2,1,1,2,"267, CANNES (ROUTE DE)",0.0,0.0
201400010685,24,9,14,15,1,60,69,2,1,1,3,"159, PLAN (ROUTE DU) -D3",0.0,0.0
201400010686,25,9,14,13,1,60,69,2,3,1,3,"x, CARNOT (BOULEVARD ET",0.0,0.0
201400010687,26,9,14,9,1,60,69,2,1,1,7,"21, LIBERATION (AVENUE D",0.0,0.0
201400010688,27,9,14,19,5,60,69,2,1,1,7,"124, PLAN (ROUTE DU) -D3",0.0,0.0
201400010689,30,9,14,16,1,60,69,2,1,3,1,"61, DRAGUIGNAN (ROUTE DE",0.0,0.0
201400010690,1,10,14,8,1,60,69,2,1,1,2,"x, SAINT EXUPERY (AVENUE",0.0,0.0
201400010691,2,10,14,8,1,60,69,2,1,1,3,CANNES (ROUTE DE)  -RD 6,0.0,0.0
201400010692,3,10,14,14,1,60,69,2,1,1,6,"29, PLAN (ROUTE DU) -D30",0.0,0.0
201400010693,4,10,14,15,1,60,69,1,1,1,1,"NC, NAPOLEON (ROUTE)",0.0,0.0
201400010694,5,10,14,15,1,60,69,2,1,3,6,"14, HAUTES RIBES (CHEMIN",0.0,0.0
201400010695,6,10,14,13,1,60,69,2,1,1,7,VINGT QUATRE AOUT (PLACE,0.0,0.0
201400010696,6,10,14,17,2,60,69,2,3,2,3,"X, CARNOT (BOULEVARD ET",0.0,0.0
201400010697,7,10,14,11,1,60,69,2,1,2,6,"88, DRAGUIGNAN (ROUTE DE",0.0,0.0
201400010698,7,10,14,17,1,60,69,2,1,1,3,"199, RENOIR (AVENUE AUGU",0.0,0.0
201400010699,8,10,14,8,1,60,69,2,1,2,7,"12, CARRIERES (RUE ET CH",0.0,0.0
201400010700,8,10,14,16,1,60,69,2,1,1,6,"57, CANNES (ROUTE DE)  -",0.0,0.0
201400010701,10,10,14,16,1,60,69,1,1,1,3,"23, RENOIR (AVENUE AUGUS",0.0,0.0
201400010702,11,10,14,9,1,60,69,2,1,8,6,"127, PLAN (ROUTE DU) -D3",0.0,0.0
201400010703,13,10,14,10,1,60,69,2,1,2,2,"2, DE LATTRE DE TASSIGNY",0.0,0.0
201400010704,13,10,14,11,1,60,69,2,1,2,7,"122, CANNES (ROUTE DE)",0.0,0.0
201400010705,18,10,14,9,1,60,69,1,1,1,7,"81, DUNANT (AVENUE HENRI",0.0,0.0
201400010706,18,10,14,18,1,60,69,2,1,1,3,"96, ORME (CHEMIN DE L')",0.0,0.0
201400010707,19,10,14,8,1,60,69,2,1,1,3,"x, SIDI BRAHIM (AVENUE)",0.0,0.0
201400010708,20,10,14,13,1,60,69,2,1,1,1,"123, SAINT MARC (CHEMIN)",0.0,0.0
201400010709,21,10,14,14,1,60,69,2,1,1,7,"x, GAMBETTA (BOULEVARD E",0.0,0.0
201400010710,21,10,14,14,1,60,69,2,1,1,7,"x, RIOU BLANQUET (TRAVER",0.0,0.0
201400010711,28,10,14,15,1,60,69,2,1,1,3,"129, PEGOMAS (ROUTE DE)",0.0,0.0
201400010712,26,10,14,14,1,60,69,2,1,1,2,"9, SEMARD (AVENUE PIERRE",0.0,0.0
201400010713,27,10,14,16,1,60,69,2,1,8,1,"151, ROUQUIER (BOULEVARD",0.0,0.0
201400010714,30,10,14,20,5,60,69,2,1,1,3,"12, CARNOT (BOULEVARD ET",0.0,0.0
201400010715,31,10,14,2,5,60,69,2,1,1,7,"1, VICTORIA (AVENUE ET T",0.0,0.0
201400010716,31,10,14,17,5,60,69,2,2,1,3,"X, SAINT EXUPERY (AVENUE",0.0,0.0
201400010717,3,11,14,7,1,60,69,2,3,8,1,"89, ROUQUIER (BOULEVARD",0.0,0.0
201400010718,3,11,14,14,1,60,69,1,1,8,7,"1, NAPOLEON (ROUTE)",0.0,0.0
201400010719,4,11,14,7,1,60,69,2,1,3,2,"17, DE LATTRE DE TASSIGN",0.0,0.0
201400010720,5,11,14,12,1,60,69,2,1,2,1,ROURE DE LA GACHE (CHEMI,0.0,0.0
201400010721,5,11,14,15,1,60,69,2,1,1,3,PAGNOL (BOULEVARD MARCEL,0.0,0.0
201400010722,8,11,14,20,4,60,69,2,1,1,3,"133, ROUQUIER (BOULEVARD",0.0,0.0
201400010723,12,11,14,17,3,60,69,2,1,2,5,"283, CANNES (ROUTE DE)",0.0,0.0
201400010724,14,11,14,7,1,60,69,2,1,1,4,"7, CHEVREFEUILLES (CHEMI",0.0,0.0
201400010725,19,11,14,16,2,60,69,2,6,1,2,"x, Sortie p?n?trante Gra",0.0,0.0
201400010726,22,11,14,19,5,60,69,2,1,1,3,"x, PAGNOL (BOULEVARD MAR",0.0,0.0
201400010727,23,11,14,5,5,60,69,2,1,1,7,"143, SAINT LAURENT (AVEN",0.0,0.0
201400010728,24,11,14,15,1,60,69,2,1,1,2,"275, CANNES (ROUTE DE)",0.0,0.0
201400010729,26,11,14,12,1,60,69,2,1,8,6,"75, LIBERATION (AVENUE D",0.0,0.0
201400010730,27,11,14,4,5,60,69,2,1,1,6,"X, PEGOMAS (ROUTE DE)",0.0,0.0
201400010731,27,11,14,9,1,60,69,2,2,8,2,"X, DRAGUIGNAN (ROUTE DE)",0.0,0.0
201400010732,28,11,14,10,1,60,69,1,1,2,7,"113, PASTEUR (BOULEVARD)",0.0,0.0
201400010733,28,11,14,15,1,60,69,2,1,1,3,SAINT EXUPERY (AVENUE AN,0.0,0.0
201400010734,28,11,14,19,5,60,69,2,1,1,3,"115 bis, CANNES (ROUTE D",0.0,0.0
201400010735,29,11,14,15,1,60,69,2,1,1,1,"130, BASTIDE (AVENUE DE",0.0,0.0
201400010736,30,11,14,4,5,60,69,2,1,2,6,"216, DRAGUIGNAN (ROUTE D",0.0,0.0
201400010737,3,12,14,10,1,60,69,2,1,1,2,"4, avenue du 11 novembre",0.0,0.0
201400010738,5,12,14,17,5,60,69,2,1,1,1,"x, CANNES (ROUTE DE)  -R",0.0,0.0
201400010739,6,12,14,16,1,60,69,2,1,2,5,"17, CROUET (BOULEVARD JA",0.0,0.0
201400010740,11,12,14,16,3,60,69,1,1,1,2,"x, P?n?trante",0.0,0.0
201400010741,12,12,14,8,1,60,69,2,1,1,2,"18, ONZE NOVEMBRE (RUE D",0.0,0.0
201400010742,13,12,14,11,1,60,69,2,4,1,1,"3, CROISSET (AVENUE FR.",0.0,0.0
201400010743,13,12,14,15,1,60,69,2,1,1,6,DRAGUIGNAN (ROUTE DE) -,0.0,0.0
201400010744,14,12,14,15,1,60,69,1,1,8,7,"1, NAPOLEON (ROUTE)",0.0,0.0
201400010745,13,12,14,10,1,60,69,2,1,1,7,"X, PLAN (ROUTE DU) -D304",0.0,0.0
201400010746,18,12,14,15,1,60,69,2,1,1,7,"x, JUIN (BOULEVARD DU MA",0.0,0.0
201400010747,22,12,14,10,1,60,69,2,1,7,6,"34, PASTEUR (BOULEVARD)",0.0,0.0
201400010748,24,12,14,19,5,60,69,2,1,1,1,"47, ROUQUIER (BOULEVARD",0.0,0.0
201400010749,25,12,14,10,1,60,69,2,1,1,7,"31, VALBONNE (ROUTE)",0.0,0.0
201400010750,26,12,14,18,5,60,69,1,1,1,7,"254, CANNES (ROUTE DE)",0.0,0.0
201400010751,30,12,14,12,1,60,69,2,1,1,1,PLASCASSIER - LE ROURE D,0.0,0.0
201400010752,11,1,14,22,3,60,12,2,1,1,7,CREMAILLERE (RUE DE LA),0.0,0.0
201400010753,12,1,14,12,1,60,104,2,1,1,1,"25, FRANCE (AVENUE DE)",0.0,0.0
201400010754,16,1,14,6,5,60,12,2,3,2,3,"CORNICHE (MOYENNE, N? 1",0.0,0.0
201400010755,15,1,14,20,5,60,83,2,3,1,1,"960, SOLEIL (PROMENADE D",0.0,0.0
201400010756,20,1,14,12,1,60,83,1,1,1,2,SOSPEL (ROUTE DE ),0.0,0.0
201400010757,25,1,14,0,5,60,104,1,1,1,1,"40, JAURES (AVENUE JEAN)",0.0,0.0
201400010758,4,2,14,16,1,60,83,2,1,3,6,"7 bis, DE GAULLE (AVENUE",0.0,0.0
201400010759,21,2,14,15,1,60,83,2,1,1,3,"11, GARAVAN (BOULEVARD,",0.0,0.0
201400010760,23,6,14,15,1,60,12,2,1,1,6,"11, DE GAULLE (BOULEVARD",0.0,0.0
201400010761,7,3,14,9,1,60,12,2,3,1,3,"1, PRINCE RAINIER III (A",0.0,0.0
201400010762,25,3,14,21,5,60,83,2,3,2,3,DELATTRE DE TASSIGNY (AL,0.0,0.0
201400010763,28,3,14,12,1,60,83,2,1,1,6,"922, SAINT ROMAN (AVENUE",0.0,0.0
201400010764,2,4,14,20,2,60,104,2,1,1,2,"80, JAURES (AVENUE JEAN)",0.0,0.0
201400010765,9,4,14,17,1,60,104,2,1,1,2,"192, VERDUN (AVENUE DE,",0.0,0.0
201400010766,14,4,14,18,1,60,83,2,1,1,2,"FRANCE (AVENUE PORTE DE,",0.0,0.0
201400010767,17,4,14,8,1,60,104,2,6,1,3,"1, MASSOLIN (ROND POINT)",0.0,0.0
201400010768,21,4,14,17,1,60,104,1,1,1,6,"17, FRANCE (AVENUE DE)",0.0,0.0
201400010769,25,4,14,18,1,60,12,2,7,1,6,RAYNAL (PLACE DU COMMAND,0.0,0.0
201400010770,26,4,14,16,1,60,83,2,1,1,3,"1640, SOLEIL (PROMENADE",0.0,0.0
201400010771,22,4,14,9,1,60,83,2,1,8,3,"8, MADONE (AVENUE DE LA)",0.0,0.0
201400010772,3,5,14,13,1,60,12,2,3,1,3,"CORNICHE (MOYENNE, N? 20",0.0,0.0
201400010773,28,3,14,19,5,60,83,2,1,1,5,"109, SOSPEL (ROUTE DE )",0.0,0.0
201400010774,9,5,14,15,1,60,83,2,1,1,2,"21, ASTRID (PROMENADE RE",0.0,0.0
201400010775,14,5,14,19,1,60,83,2,1,1,6,"2, SCRITTA (RUE PIETRA)",0.0,0.0
201400010776,20,5,14,20,2,60,104,2,1,1,3,"33, DOUMER (AVENUE PAUL)",0.0,0.0
201400010777,21,5,14,13,1,60,104,1,3,1,3,"1030, SERRET (AVENUE DU)",0.0,0.0
201400010778,24,5,14,12,1,60,83,2,1,1,7,STADE (ALLEE DU),0.0,0.0
201400010779,10,4,14,8,1,60,104,2,1,1,6,"1, AGAVES (AVENUE DES)",0.0,0.0
201400010780,31,5,14,15,1,60,104,1,1,2,7,"1000, TURBIE (ROUTE DE L",0.0,0.0
201400010781,13,5,14,9,1,60,104,2,3,1,3,"1, HANOTEAUX (AVENUE GAB",0.0,0.0
201400010782,3,6,14,13,1,60,83,2,4,1,1,"130, CASTELLAR (ROUTE DE",0.0,0.0
201400010783,3,6,14,19,1,60,83,2,9,1,3,"1, SOLEIL (PROMENADE DU,",0.0,0.0
201400010784,7,6,14,18,1,60,83,2,1,1,3,"91, CASTELLAR (ROUTE DE)",0.0,0.0
201400010785,28,5,14,18,1,60,83,2,1,1,1,"2, CASTAGNINS (ROUTE DES",0.0,0.0
201400010786,8,6,14,7,1,60,83,2,3,1,5,"SOLEIL (PROMENADE DU, N?",0.0,0.0
201400010787,14,6,14,9,1,60,83,2,3,1,6,PASTEUR (RUE),0.0,0.0
201400010788,30,5,14,15,1,60,83,2,1,1,6,"459, CENTENAIRE (COURS D",0.0,0.0
201400010789,1,7,14,20,1,60,83,2,3,1,3,CARNOT (AVENUE),0.0,0.0
201400010790,5,7,14,7,1,60,104,2,1,1,5,"194, VERDUN (AVENUE DE,",0.0,0.0
201400010791,2,7,14,18,1,60,104,2,1,1,2,"14, VOYAGE (AVENUE NOTRE",0.0,0.0
201400010792,24,7,14,22,3,60,83,1,1,1,1,"CIAPPES (ROUTES DES, N?",0.0,0.0
201400010793,2,8,14,23,5,60,83,2,9,1,6,"30, DE GAULLE (AVENUE GE",0.0,0.0
201400010794,11,9,14,20,5,60,12,2,1,1,6,"34, REPUBLIQUE (BOULEVAR",0.0,0.0
201400010795,7,8,14,0,5,60,83,2,1,1,5,"368, SOLEIL (PROMENADE D",0.0,0.0
201400010796,15,7,14,19,1,60,83,2,1,1,6,"97, SOSPEL (AVENUE DE, N",0.0,0.0
201400010797,23,8,14,19,1,60,104,2,1,1,6,MAUROIS (RUE ANDRE),0.0,0.0
201400010798,25,8,14,18,1,60,104,2,2,1,3,"1551, TURBIE (ROUTE DE L",0.0,0.0
201400010799,29,8,14,8,1,60,104,2,1,1,5,"145, VERDUN (AVENUE DE,",0.0,0.0
201400010800,5,9,14,0,5,60,104,2,1,1,6,KENNEDY (AVENUE PRESIDEN,0.0,0.0
201400010801,2,8,14,18,1,60,104,2,1,1,6,GRACE (AVENUE PRINCESSE),0.0,0.0
201400010802,23,9,14,17,1,60,83,2,1,1,3,"30, DE GAULLE (AVENUE GE",0.0,0.0
201400010803,1,10,14,14,1,60,104,2,1,1,1,"922, PEGLION (RUE ANTOIN",0.0,0.0
201400010804,30,9,14,16,1,60,104,2,1,3,7,"87, AZUR (AVENUE DE LA C",0.0,0.0
201400010805,27,9,14,9,1,60,104,2,1,1,6,"11, HUGO (RUE VICTOR)",0.0,0.0
201400010806,3,10,14,7,2,60,104,2,9,1,1,"63, SCHUMANN (PROMENADE",0.0,0.0
201400010807,9,10,14,15,1,60,104,2,1,1,3,"100, JAURES (AVENUE JEAN",0.0,0.0
201400010808,2,10,14,21,5,60,83,2,3,1,6,"1360, MER (PROMENADE DE",0.0,0.0
201400010809,12,10,14,15,1,60,83,2,3,1,3,"47, SOSPEL (AVENUE DE, N",0.0,0.0
201400010810,18,10,14,14,1,60,104,2,3,1,2,JAURES (AVENUE JEAN),0.0,0.0
201400010811,24,10,14,15,1,60,83,1,4,1,5,SOSPEL (ROUTE DE ),0.0,0.0
201400010812,6,10,14,7,1,60,104,2,1,1,1,"9 bis, VILLAREM (AVENUE)",0.0,0.0
201400010813,7,11,14,17,5,60,104,2,1,1,3,"167, PASTEUR (AVENUE, N?",0.0,0.0
201400010814,13,11,14,19,5,60,104,2,1,1,5,"126, AZUR (AVENUE DE LA",0.0,0.0
201400010815,26,11,14,3,5,60,104,2,1,9,6,KENNEDY (AVENUE PRESIDEN,0.0,0.0
201400010816,21,11,14,7,1,60,104,2,1,1,1,"2, KENNEDY (AVENUE PRESI",0.0,0.0
201400010817,8,12,14,22,3,60,83,1,4,1,6,"SOSPEL (AVENUE DE, N? 57",0.0,0.0
201400010818,10,12,14,20,5,60,83,2,1,1,3,"22, LECLERC (PROMENADE M",0.0,0.0
201400010819,13,12,14,0,5,60,104,2,1,1,3,"33, JAURES (AVENUE JEAN)",0.0,0.0
201400010820,7,7,14,20,2,60,83,2,3,1,3,"0, MARNE (RUE DE LA)",0.0,0.0
201400010821,19,9,14,8,1,60,83,2,1,1,3,"95, CASTAGNINS (ROUTE DE",0.0,0.0
201400010822,1,1,14,22,5,60,88,2,2,3,3,"0, LEPANTE (R. DE)",0.0,0.0
201400010823,3,1,14,16,1,60,88,2,1,1,3,"0, CALIFORNIE (AV.) (JUS",0.0,0.0
201400010824,3,1,14,21,5,60,88,2,1,1,6,"0, VOIE RAPIDE",0.0,0.0
201400010825,5,1,14,4,5,60,88,2,1,2,4,"267, ANGLAIS (DU N? 265",0.0,0.0
201400010826,6,1,14,8,1,60,88,2,1,1,6,"0, BARBERIS (RUE)",0.0,0.0
201400010827,6,1,14,13,1,60,88,2,1,1,2,"2, RAIBERTI (R.)",0.0,0.0
201400010828,7,1,14,11,1,60,88,2,1,1,2,"95, ANGLAIS (A PARTIR DU",0.0,0.0
201400010829,7,1,14,18,1,60,88,2,1,1,3,"0, CIMIEZ (BD) A PARTIR",0.0,0.0
201400010830,7,1,14,19,5,60,88,2,1,1,3,"0, QUAI LUNEL",0.0,0.0
201400010831,8,1,14,18,5,60,88,2,1,1,3,VOIE RAPIDE,0.0,0.0
201400010832,8,1,14,20,5,60,88,2,1,1,6,"0, PENETRANTE DU PAILLON",0.0,0.0
201400010833,9,1,14,13,1,60,88,1,1,1,4,"0, POMPIDOU (BD GEORGES)",0.0,0.0
201400010834,9,1,14,16,1,60,88,2,1,1,2,"0, LYAUTEY (AV. DU MAL)",0.0,0.0
201400010835,9,1,14,17,5,60,88,2,1,1,6,"0, GARNERAY (R. LOUIS)",0.0,0.0
201400010836,10,1,14,11,1,60,88,2,1,1,2,"245, ANGLAIS (DU N? 114",0.0,0.0
201400010837,10,1,14,15,1,60,88,2,1,1,6,"29, CIMIEZ (BD) A PARTIR",0.0,0.0
201400010838,10,1,14,17,1,60,88,2,6,1,3,"4, VEROLA (AV. AUGUSTE)",0.0,0.0
201400010839,13,1,14,7,2,60,88,2,1,1,2,"69, PESSICART (JUSQU'AU",0.0,0.0
201400010840,13,1,14,8,1,60,88,2,3,1,1,"0, CASSIN (BD RENE)",0.0,0.0
201400010841,13,1,14,13,1,60,88,2,1,1,3,"0, CIMIEZ (BD) A PARTIR",0.0,0.0
201400010842,13,1,14,14,1,60,159,2,1,1,3,"0, CAROUBIERS (AVENUE DE",0.0,0.0
201400010843,13,1,14,18,5,60,88,2,1,2,3,TURIN (RTE DE),0.0,0.0
201400010844,14,1,14,9,1,60,88,2,1,1,6,"1, JAURES (BD JEAN)",0.0,0.0
201400010845,14,1,14,12,1,60,88,2,1,1,2,"14, MALAUSSENA (AV.)",0.0,0.0
201400010846,15,1,14,13,1,60,88,2,1,1,2,"0, MATISSE (AV. HENRI)",0.0,0.0
201400010847,15,1,14,14,1,60,88,2,1,1,4,"0, VOIE RAPIDE",0.0,0.0
201400010848,15,1,14,16,1,60,88,2,1,1,5,"0, NAPOLEON III (PONT)",0.0,0.0
201400010849,15,1,14,16,1,60,88,2,1,1,3,"0, TURIN (RTE DE)",0.0,0.0
201400010850,15,1,14,18,5,60,88,2,1,1,6,"2, GRIMALDI (PL.)",43.69777,7.26561
201400010851,16,1,14,11,1,60,88,2,3,1,3,"0, OLIVIERS (CORNICHE DE",0.0,0.0
201400010852,16,1,14,18,5,60,88,2,1,3,2,"226, PESSICART (A PARTIR",0.0,0.0
201400010853,17,1,14,5,5,60,88,1,1,3,6,"0, MIN NICE ST AUGUSTIN",0.0,0.0
201400010854,17,1,14,17,5,60,88,2,1,3,6,"2, CASSIN (BD RENE)",0.0,0.0
201400010855,17,1,14,21,5,60,88,2,1,2,6,"0, MADELEINE (BD DE LA)",0.0,0.0
201400010856,18,1,14,22,5,60,88,2,2,3,6,"0, BARBERIS (RUE)",0.0,0.0
201400010857,19,1,14,20,5,60,88,2,1,1,6,"0, TUNNEL DU PAILLON",0.0,0.0
201400010858,20,1,14,17,2,60,159,2,1,1,2,"14, FRANCOIS FERRY (CHEM",0.0,0.0
201400010859,21,1,14,10,1,60,88,2,1,1,3,"0, BESSET (AV.) (A PARTI",0.0,0.0
201400010860,21,1,14,16,1,60,88,2,1,1,4,"0, ETATS UNIS (QUAI DES)",0.0,0.0
201400010861,22,1,14,19,5,60,88,2,3,1,6,"0, RAYNAUD (BD AUGUSTE)",0.0,0.0
201400010862,23,1,14,9,1,60,88,2,1,1,3,"92, JOLY (CORNICHE ANDRE",0.0,0.0
201400010863,24,1,14,9,1,60,88,2,1,1,5,"0, STE MARGUERITE (AV.)",0.0,0.0
201400010864,24,1,14,23,5,60,88,2,1,1,3,"87, OBSERVATOIRE (R. PRI",0.0,0.0
201400010865,25,1,14,5,5,60,88,2,1,1,6,"0, PENETRANTE DU PAILLON",0.0,0.0
201400010866,27,1,14,19,5,60,88,2,1,1,6,"34, VERANY (BD J.B.)",0.0,0.0
201400010867,28,1,14,8,1,60,88,2,1,1,6,"0, SLAMA (RUE MAURICE)",0.0,0.0
201400010868,28,1,14,16,1,60,88,2,1,1,3,"8, PASTEUR (BD)",0.0,0.0
201400010869,29,1,14,8,1,60,88,2,1,2,7,"106, FABRON (AV. DE) (A",0.0,0.0
201400010870,29,1,14,11,1,60,88,2,1,3,6,"24, BEAUMONT (RUE)",0.0,0.0
201400010871,29,1,14,11,1,60,88,2,1,3,1,"0, CANTA GALET (RTE DE)",0.0,0.0
201400010872,29,1,14,17,2,60,88,2,1,2,3,"0, VOIE RAPIDE",0.0,0.0
201400010873,30,1,14,8,1,60,88,2,1,3,6,"46, ROASSAL (R. CLEMENT)",0.0,0.0
201400010874,1,2,14,18,5,60,88,2,1,1,6,"0, NAPOLEON III (PONT)",0.0,0.0
201400010875,1,2,14,20,5,60,88,2,1,1,3,"0, ARIANE (BD DE L')",0.0,0.0
201400010876,1,2,14,22,4,60,88,2,1,1,6,JAURES (BD JEAN),0.0,0.0
201400010877,2,2,14,4,5,60,88,2,1,2,3,"27, ANGLAIS (DU N? 1 AU",0.0,0.0
201400010878,4,2,14,9,1,60,88,2,1,3,6,"0, BARLA (RUE)",0.0,0.0
201400010879,5,2,14,18,5,60,88,2,2,1,6,"0, JOFFRE (R. MARECHAL)",43.69677,7.25623
201400010880,7,2,14,12,5,60,88,2,1,1,6,"0, MONTEL (BD PAUL)",0.0,0.0
201400010881,7,2,14,23,5,60,88,2,1,1,6,"0, DESBOUTINS (RUE)",0.0,0.0
201400010882,8,2,14,14,1,60,88,2,1,3,5,"63, PESSICART (A PARTIR",0.0,0.0
201400010883,9,2,14,1,5,60,88,2,4,1,1,"0, COMBOUL (AV. RAYMOND)",0.0,0.0
201400010884,10,2,14,8,1,60,88,2,1,3,2,"243, ANGLAIS (A PARTIR D",0.0,0.0
201400010885,11,2,14,7,1,60,88,2,2,1,3,"0, ARSON (RUE)",0.0,0.0
201400010886,11,2,14,9,1,60,88,2,1,1,4,"179, ANGLAIS PLAGE (DU 1",0.0,0.0
201400010887,11,2,14,22,5,60,88,2,2,1,3,"0, VERNIER (R.)",0.0,0.0
201400010888,13,2,14,0,5,60,88,2,1,1,3,"158, GINESTIERE (CH. DE",0.0,0.0
201400010889,14,2,14,8,1,60,88,2,2,1,3,"0, FAURE (AV. FELIX)",0.0,0.0
201400010890,14,2,14,14,1,60,88,2,1,1,2,"0, ANGLAIS (DU N? 1 AU N",0.0,0.0
201400010891,14,2,14,15,1,60,88,2,1,1,3,"0, FAURE (AV. FELIX)",0.0,0.0
201400010892,14,2,14,19,5,60,88,2,1,1,7,"0, SAINT-JEAN BAPTISTE (",0.0,0.0
201400010893,14,2,14,20,5,60,88,2,1,1,2,"21, CARABACEL (BD)",0.0,0.0
201400010894,14,2,14,21,5,60,88,2,1,1,3,"71, PESSICART (JUSQU'AU",0.0,0.0
201400010895,14,2,14,22,5,60,88,2,1,1,6,"0, ILE-DE-BEAUTE (PL. DE",0.0,0.0
201400010896,17,2,14,11,1,60,88,2,1,1,6,"0, MIOLLIS (R.)",0.0,0.0
201400010897,17,2,14,18,2,60,88,2,1,1,6,"77, GROSSO (JUSQU'AU N?",0.0,0.0
201400010898,17,2,14,23,5,60,88,2,2,1,6,"0, BUFFA (RUE DE LA)",0.0,0.0
201400010899,18,2,14,8,1,60,88,2,1,1,1,"20, SAINT-JEAN D'ANGELY",0.0,0.0
201400010900,18,2,14,8,1,60,88,2,1,1,6,"38, ESTIENNE -D'ORVES (A",0.0,0.0
201400010901,19,2,14,10,1,60,88,2,1,1,6,"0, BCA (RUE DU 22IEME)",0.0,0.0
201400010902,19,2,14,15,1,60,88,2,1,1,6,"243, CALIFORNIE (AV.) (A",0.0,0.0
201400010903,19,2,14,19,1,60,88,2,1,1,3,"8, SAPPIA (AV. HENRI)",0.0,0.0
201400010904,20,2,14,8,1,60,88,2,3,1,3,"0, PRAT (R. DU DR LOUIS)",0.0,0.0
201400010905,21,2,14,7,1,60,88,2,1,1,6,"29, CESSOLE (BD DE) (JUS",0.0,0.0
201400010906,21,2,14,13,1,60,88,2,1,1,3,"10, DUBOUCHAGE (BD)",0.0,0.0
201400010907,21,2,14,0,5,60,88,2,1,1,3,"0, GRINDA (AV. EDOUARD)",0.0,0.0
201400010908,22,2,14,15,1,60,88,2,2,1,6,"0, SAINT-JEAN BAPTISTE (",0.0,0.0
201400010909,22,2,14,18,1,60,88,2,1,1,6,"0, ROQUEBILLIERE (R. DE)",0.0,0.0
201400010910,22,2,14,22,5,60,88,2,1,1,3,"36, HUGO (BD VICTOR)",0.0,0.0
201400010911,23,2,14,17,1,60,88,2,1,1,1,"0, GROSSO (A PARTIR DU N",0.0,0.0
201400010912,23,2,14,19,5,60,88,2,1,1,3,"0, LEPANTE (R. DE)",0.0,0.0
201400010913,24,2,14,11,1,60,88,2,1,1,6,"91, ANGLAIS PLAGE (DU 26",0.0,0.0
201400010914,24,2,14,17,1,60,88,2,1,1,2,"114, GRENOBLE (ROUTE DE)",0.0,0.0
201400010915,24,2,14,17,1,60,88,2,1,1,6,"0, ANGLAIS (A PARTIR DU",0.0,0.0
201400010916,24,2,14,2,5,60,88,2,1,1,6,"06, PROVANA-DE-LEYNI (R.",0.0,0.0
201400010917,25,2,14,11,1,60,88,2,1,1,6,"33, DEROULEDE (RUE PAUL)",0.0,0.0
201400010918,25,2,14,15,1,60,88,2,1,1,6,"58, PONCHETTES (R. DES)",0.0,0.0
201400010919,26,2,14,9,1,60,88,2,1,2,2,"0, MEDECIN (PL. ALEXANDR",0.0,0.0
201400010920,26,2,14,11,1,60,159,2,1,1,6,"655, LEOPOLD II (AVENUE)",0.0,0.0
201400010921,26,2,14,18,5,60,159,2,1,2,6,"1, ALBERT 1ER (AVENUE)",0.0,0.0
201400010922,27,2,14,8,1,60,88,2,1,1,2,"0, CASSIN (BD RENE)",0.0,0.0
201400010923,27,2,14,10,1,60,88,2,1,1,6,"16, DELFINO (BD GENERAL)",0.0,0.0
201400010924,27,2,14,19,5,60,88,2,3,1,3,"0, BELLA VISTA (AV.)",0.0,0.0
201400010925,28,2,14,8,1,60,88,2,1,1,3,GARE DU SUD (PL. DE LA),0.0,0.0
201400010926,28,2,14,9,1,60,88,2,1,1,2,"21, JOLY (CORNICHE ANDRE",0.0,0.0
201400010927,28,2,14,21,1,60,88,2,1,3,6,"0, LAMARTINE (R.)",0.0,0.0
201400010928,1,3,14,8,1,60,88,2,1,1,4,"0, ANGLAIS (DU N? 265 AU",0.0,0.0
201400010929,3,3,14,12,1,60,88,2,1,2,6,"15, SCOFFIER (R. EDOUARD",0.0,0.0
201400010930,3,3,14,21,5,60,88,2,1,1,6,"0, ANGLAIS (A PARTIR DU",0.0,0.0
201400010931,4,3,14,16,1,60,88,2,1,1,3,"6, PELLOS (R. FRANCOIS)",0.0,0.0
201400010932,5,3,14,13,1,60,88,2,2,1,3,"0, MIRABEAU (AV.)",0.0,0.0
201400010933,5,3,14,18,1,60,88,2,3,1,5,"0, FODERE (R. ET IMP.)",43.69919,7.28523
201400010934,5,3,14,18,1,60,88,2,1,1,6,"0, DUNOYER DE SEGONZAC (",0.0,0.0
201400010935,6,3,14,8,1,60,88,2,1,1,6,"57, MATISSE (AV. HENRI)",43.67487,7.21108