Num_Acc,jour,mois,an,hr,condition_eclairage,departement,commune,condition_agglomeration,intersection,condition_atmosphere,type_collision,adresse,lattitude,longitude
201400010936,6,3,14,17,1,60,88,2,1,1,6,"52, CALIFORNIE (AV.) (A",0.0,0.0
201400010937,7,3,14,2,5,60,88,2,1,1,6,"450, STE-MARGUERITE (AV.",0.0,0.0
201400010938,7,3,14,7,1,60,88,2,1,1,3,"42, BARBERIS (RUE)",0.0,0.0
201400010939,8,3,14,10,1,60,88,2,4,1,1,"0, FABRON (AV. DE) (JUSQ",0.0,0.0
201400010940,8,3,14,21,5,60,88,2,3,1,3,"0, BRANCOLAR (AV.) (A PA",0.0,0.0
201400010941,10,3,14,14,1,60,88,2,1,1,6,"114, CALIFORNIE (AV.) (J",0.0,0.0
201400010942,10,3,14,15,1,60,88,2,1,1,4,"45, ANGLAIS (A PARTIR DU",0.0,0.0
201400010943,11,3,14,10,1,60,88,2,1,1,3,"11, FLIREY (AV. DE)",0.0,0.0
201400010944,12,3,14,10,1,60,88,2,1,1,2,"165, FRANCE (R. DE) DU N",0.0,0.0
201400010945,13,3,14,8,1,60,88,2,1,1,5,"0, PASTEUR (BD)",0.0,0.0
201400010946,14,3,14,16,1,60,88,2,1,1,3,"139, MADELEINE (BD DE LA",0.0,0.0
201400010947,14,3,14,19,5,60,88,2,1,1,1,"74, DUFY (RUE RAOUL)",0.0,0.0
201400010948,15,3,14,9,1,60,88,2,3,1,3,"0, ROQUEBILLIERE (R. DE)",0.0,0.0
201400010949,15,3,14,20,5,60,88,2,1,1,3,"88, TURIN (RTE DE)",0.0,0.0
201400010950,15,3,14,20,5,60,88,2,2,1,3,"0, SMOLETT (R.)",0.0,0.0
201400010951,16,3,14,4,5,60,88,2,1,1,6,"0, LINDBERG (AV.)",0.0,0.0
201400010952,16,3,14,19,1,60,88,2,6,1,3,"0, ROQUEBILLIERE (R. DE)",0.0,0.0
201400010953,17,3,14,14,1,60,88,2,1,1,2,"0, GRENOBLE (ROUTE DE)",0.0,0.0
201400010954,17,3,14,16,1,60,88,2,1,1,3,"231, ANGLAIS (A PARTIR D",0.0,0.0
201400010955,18,3,14,14,1,60,88,2,2,1,3,"0, GALLIENI (AV.)",0.0,0.0
201400010956,18,3,14,19,1,60,88,2,1,1,5,"100, CALIFORNIE (AV.) (D",0.0,0.0
201400010957,19,3,14,16,1,60,88,2,1,1,6,"0, ARSON (RUE)",0.0,0.0
201400010958,20,3,14,14,1,60,88,2,1,1,2,"0, ARMEE DES ALPES (BD D",0.0,0.0
201400010959,20,3,14,15,1,60,88,2,1,1,2,"0, CARABACEL (BD)",0.0,0.0
201400010960,21,3,14,8,1,60,88,2,1,1,6,"0, ARSON (RUE)",0.0,0.0
201400010961,21,3,14,12,1,60,88,2,1,1,2,"0, ANGLAIS (A PARTIR DU",0.0,0.0
201400010962,21,3,14,14,1,60,88,2,1,1,2,"113, ANGLAIS (A PARTIR D",43.69077,7.24564
201400010963,21,3,14,16,1,60,88,2,1,1,6,"23, ARMEE DES ALPES (BD",0.0,0.0
201400010964,21,3,14,16,1,60,88,2,1,1,3,"29 -33, GRACE DE MONACO",0.0,0.0
201400010965,23,3,14,18,2,60,88,2,1,1,6,"13, CARLONE (BD)",0.0,0.0
201400010966,21,3,14,23,5,60,88,2,2,1,3,"0, SMOLETT (R.)",0.0,0.0
201400010967,22,3,14,14,1,60,88,2,1,3,3,"68, SAINT-PIERRE DE FERI",0.0,0.0
201400010968,22,3,14,22,5,60,88,2,2,1,3,ROQUEBILLIERE (R. DE),0.0,0.0
201400010969,23,3,14,9,1,60,88,2,1,1,6,"0, FALICON (BD COMTE DE)",0.0,0.0
201400010970,23,3,14,15,1,60,88,2,1,1,1,"92, ESTIENNE -D'ORVES (A",0.0,0.0
201400010971,23,3,14,18,1,60,88,2,1,1,6,"142, ARIANE (BD DE L')",43.73665,7.30595
201400010972,23,3,14,18,2,60,88,2,1,1,6,"66, BAUMETTES (AV. DES)",0.0,0.0
201400010973,23,3,14,21,5,60,88,2,1,1,6,VEILLON (R.),0.0,0.0
201400010974,24,3,14,8,1,60,88,2,1,1,6,"27, BARLA (RUE)",0.0,0.0
201400010975,25,3,14,7,1,60,88,2,1,1,3,"66, CIMIEZ (BD) A PARTIR",0.0,0.0
201400010976,26,3,14,11,1,60,88,2,1,1,3,"140, TURIN (RTE DE)",0.0,0.0
201400010977,27,3,14,18,1,60,88,2,3,1,3,"0, FALICON (BD COMTE DE)",0.0,0.0
201400010978,28,3,14,7,1,60,88,2,1,1,6,"26, SAPPIA (AV. HENRI)",0.0,0.0
201400010979,28,3,14,8,1,60,88,2,1,1,6,"0, TURIN (RTE DE)",0.0,0.0
201400010980,28,3,14,13,1,60,88,2,1,1,2,"306, GRENOBLE (ROUTE DE)",0.0,0.0
201400010981,28,3,14,17,1,60,88,2,3,1,3,"0, PASTEUR (BD)",0.0,0.0
201400010982,28,3,14,17,1,60,88,2,1,1,2,"0, SAINT-JEAN BAPTISTE (",0.0,0.0
201400010983,29,3,14,14,1,60,88,2,3,1,3,"0, FANNY (AV.)",0.0,0.0
201400010984,29,3,14,15,1,60,88,2,1,1,3,"64, CAP DE CROIX (AV. ET",0.0,0.0
201400010985,29,3,14,15,1,60,88,2,2,1,3,"0, BAREL (BD VIRGILE)",0.0,0.0
201400010986,30,3,14,14,1,60,88,2,1,1,6,MONTEL (BD PAUL),0.0,0.0
201400010987,30,3,14,20,5,60,88,2,1,1,6,RD 6202,0.0,0.0
201400010988,31,3,14,17,1,60,88,2,1,1,6,"0, HOTEL DES POSTES (R.)",0.0,0.0
201400010989,31,3,14,18,1,60,88,2,2,1,3,"0, BOSQUETS (AV. DES)",0.0,0.0
201400010990,1,4,14,0,5,60,88,2,1,1,3,"1, ANGLAIS (DU N? 1 AU N",0.0,0.0
201400010991,1,4,14,13,1,60,88,2,1,1,4,"14, ARSON (RUE)",0.0,0.0
201400010992,1,4,14,14,1,60,88,2,1,1,4,"0, CORNIGLION MOLINIER (",0.0,0.0
201400010993,2,4,14,2,5,60,88,2,1,1,7,"0, CIMIEZ (BD) A PARTIR",0.0,0.0
201400010994,2,4,14,10,1,60,88,2,1,1,6,"2, FAURE (AV. FELIX)",0.0,0.0
201400010995,3,4,14,7,1,60,159,2,4,1,3,"20, MARECHAL FOCH (AVENU",0.0,0.0
201400010996,3,4,14,8,1,60,88,2,3,1,3,"0, SAINT-SYLVESTRE (AV.",0.0,0.0
201400010997,3,4,14,17,1,60,88,2,1,1,5,"0, PENETRANTE DU PAILLON",0.0,0.0
201400010998,3,4,14,19,1,60,88,2,1,1,6,"84, GAMBETTA (A PARTIR D",0.0,0.0
201400010999,4,4,14,11,1,60,88,2,1,1,6,"68, DURANDY (AV. JOSEPH)",0.0,0.0
201400011000,4,4,14,17,1,60,88,2,1,1,6,"0, ANGLAIS (A PARTIR DU",0.0,0.0
201400011001,4,4,14,19,1,60,88,2,1,1,6,"19, BRAILLE (BD LOUIS)",0.0,0.0
201400011002,5,4,14,8,1,60,88,2,1,1,6,"183, MADELEINE (BD DE LA",0.0,0.0
201400011003,5,4,14,11,1,60,88,2,1,1,6,"13, REPUBLIQUE (AV. DE L",0.0,0.0
201400011004,5,4,14,17,1,60,88,2,1,1,5,"340, ANGLAIS (A PARTIR D",0.0,0.0
201400011005,6,4,14,1,5,60,88,2,1,1,2,"31, ANGLAIS (DU N? 1 AU",0.0,0.0
201400011006,6,4,14,6,1,60,88,2,2,1,3,"244, RD 6202",0.0,0.0
201400011007,6,4,14,12,1,60,88,2,1,1,3,"0, MEDECIN (PL. ALEXANDR",0.0,0.0
201400011008,7,4,14,12,1,60,88,2,1,1,7,"0, VOIE RAPIDE",0.0,0.0
201400011009,7,4,14,16,1,60,88,2,2,1,7,"0, SOLA (BD PIERRE)",0.0,0.0
201400011010,8,4,14,8,1,60,88,2,1,1,6,"0, ROASSAL (R. CLEMENT)",0.0,0.0
201400011011,8,4,14,12,1,60,88,2,1,1,3,"2, SOLA (BD PIERRE)",0.0,0.0
201400011012,9,4,14,8,1,60,88,2,1,1,6,"13, MARAICHERS (TRAV. DE",0.0,0.0
201400011013,9,4,14,15,1,60,88,2,1,1,6,"0, MADELEINE (BD DE LA)",0.0,0.0
201400011014,9,4,14,16,1,60,88,2,1,1,2,"161, ANGLAIS (A PARTIR D",0.0,0.0
201400011015,9,4,14,18,1,60,88,2,1,1,6,"0, SOLA (BD PIERRE)",0.0,0.0
201400011016,9,4,14,22,5,60,88,2,2,1,3,"0, GOUNOD (RUE)",0.0,0.0
201400011017,10,4,14,8,1,60,88,2,1,1,3,"142, SAINT-PIERRE DE FER",0.0,0.0
201400011018,10,4,14,8,1,60,88,2,3,1,3,"0, CORNICHE (MOYENNE)",0.0,0.0
201400011019,10,4,14,8,1,60,88,2,1,1,6,"8/10, GIORDAN (AV. JOSEP",0.0,0.0
201400011020,10,4,14,14,1,60,88,2,1,1,3,"10, GUYNEMER (PL.)",0.0,0.0
201400011021,10,4,14,17,1,60,88,2,1,1,3,"9, CAP DE CROIX (AV. ET",0.0,0.0
201400011022,10,4,14,20,2,60,88,2,1,1,6,"0, RISSO (BD)",0.0,0.0
201400011023,11,4,14,11,1,60,88,2,1,1,6,"455, ANGLAIS (A PARTIR D",0.0,0.0
201400011024,11,4,14,11,1,60,88,2,1,1,3,"25-27, GRACE DE MONACO (",0.0,0.0
201400011025,11,4,14,22,5,60,88,2,2,1,6,"0, BORRIGLIONE (A PARTIR",0.0,0.0
201400011026,12,4,14,11,1,60,88,2,1,1,6,"0, JOLY (CORNICHE ANDRE",0.0,0.0
201400011027,13,4,14,3,5,60,88,2,1,1,6,"44, CANTA GALET (RTE DE)",0.0,0.0
201400011028,13,4,14,11,1,60,88,2,1,1,6,"84, CLUA (AV. DE LA)",0.0,0.0
201400011029,13,4,14,16,1,60,88,2,1,1,2,"267, ANGLAIS (A PARTIR D",0.0,0.0
201400011030,13,4,14,18,1,60,88,2,1,1,6,"222, TURIN (RTE DE)",0.0,0.0
201400011031,14,4,14,7,2,60,88,2,2,1,3,"0, ROUBAUDI (R. LOUIS)",0.0,0.0
201400011032,14,4,14,16,1,60,88,2,2,1,6,"0, ROSSINI (R.)",0.0,0.0
201400011033,14,4,14,19,1,60,88,2,1,1,6,"0, ANGLAIS PLAGE(  PARTI",0.0,0.0
201400011034,15,4,14,7,1,60,88,2,2,1,3,"0, RICHELMI (R. DR P.)",0.0,0.0
201400011035,15,4,14,13,1,60,88,2,1,1,6,"326, TURIN (RTE DE)",0.0,0.0
201400011036,16,4,14,18,1,60,88,2,1,1,6,"176, CALIFORNIE (AV.) (A",0.0,0.0
201400011037,17,4,14,7,1,60,88,2,1,1,1,"147, COLOMARS (ROUTE DE)",0.0,0.0
201400011038,17,4,14,10,1,60,88,2,1,1,3,"21, FRANCE (R. DE) DU N?",0.0,0.0
201400011039,17,4,14,11,1,60,88,2,1,1,6,"0, GRENOBLE (ROUTE DE)",0.0,0.0
201400011040,17,4,14,17,1,60,88,2,1,1,6,"30, DUNANT (AV. HENRI)",0.0,0.0
201400011041,17,4,14,21,5,60,88,2,1,1,6,"33, STALINGRAD (BD DE)",0.0,0.0
201400011042,18,4,14,7,1,60,88,2,1,1,2,"97, ANGLAIS (N? 113)",0.0,0.0
201400011043,18,4,14,10,1,60,88,2,1,1,3,"29, CERNUSCHI (AV.)",0.0,0.0
201400011044,19,4,14,11,1,60,88,2,2,1,6,"0, KARR (R. ALPHONSE)",0.0,0.0
201400011045,19,4,14,15,1,60,88,2,1,1,3,"74, CASSIN (BD RENE)",0.0,0.0
201400011046,20,4,14,21,5,60,88,2,1,1,6,"05, ARENE (AV. PAUL)",0.0,0.0
201400011047,21,4,14,20,5,60,88,1,1,1,6,"36, SAINT-PIERRE DE FERI",43.70385,7.24348
201400011048,22,4,14,3,5,60,88,2,1,1,6,"0, VOIE RAPIDE",0.0,0.0
201400011049,22,4,14,14,1,60,88,2,1,1,3,"19, VALOMBROSE (AV. DE)",0.0,0.0
201400011050,23,4,14,16,1,60,88,2,1,1,6,"5, KARR (R. ALPHONSE)",0.0,0.0
201400011051,24,4,14,8,1,60,88,2,1,1,3,"34, DURANDY (AV. JOSEPH)",0.0,0.0
201400011052,24,4,14,12,1,60,88,2,1,1,3,"0, GRENOBLE (ROUTE DE)",0.0,0.0
201400011053,24,4,14,15,1,60,88,2,2,1,3,"0, PEGUY (R. CHARLES)",0.0,0.0
201400011054,24,4,14,17,1,60,159,2,1,1,3,"0, NAPOLEON III (BOULEVA",0.0,0.0
201400011055,24,4,14,17,1,60,88,2,3,1,3,"0, CASSIN (BD RENE)",0.0,0.0
201400011056,25,4,14,23,4,60,88,2,1,1,6,"18, GRACE DE MONACO (BD",43.68734,7.30591
201400011057,25,4,14,9,1,60,88,2,1,1,3,"0, TURIN (RTE DE)",0.0,0.0
201400011058,28,4,14,7,1,60,88,2,1,1,3,"0, THIERS (AV.)",0.0,0.0
201400011059,29,4,14,11,1,60,88,2,1,1,6,"0, PASTEUR (BD)",0.0,0.0
201400011060,29,4,14,18,1,60,88,2,1,1,6,"7, CARABACEL (BD)",0.0,0.0
201400011061,30,4,14,11,1,60,88,2,1,1,4,"0, VOIE RAPIDE",0.0,0.0
201400011062,30,4,14,12,1,60,88,2,3,1,3,"0, RD 6007",0.0,0.0
201400011063,1,5,14,9,1,60,88,2,1,1,6,"0, EGLISE ST PANCRACE (C",0.0,0.0
201400011064,2,5,14,9,1,60,88,2,1,1,6,"110, CESSOLE (BD DE) (A",0.0,0.0
201400011065,4,5,14,19,1,60,88,2,2,1,3,"0, FLEURS (AV. DES)",0.0,0.0
201400011066,5,5,14,18,1,60,88,1,1,1,2,"17, ETATS UNIS (QUAI DES",0.0,0.0
201400011067,5,5,14,20,1,60,88,2,1,1,6,"0, SAINT-PIERRE (CH. DU",0.0,0.0
201400011068,6,5,14,8,1,60,88,2,1,1,6,"22, MONTREAL (BD DE)",0.0,0.0
201400011069,6,5,14,12,1,60,88,2,1,1,2,"0, VOIE RAPIDE",0.0,0.0
201400011070,7,5,14,16,1,60,88,2,1,1,6,"4, RAY (AV. DU)",0.0,0.0
201400011071,7,5,14,12,1,60,88,2,1,1,3,"31, ANGLAIS (DU N? 1 AU",0.0,0.0
201400011072,9,5,14,19,1,60,88,1,2,1,3,"0, MARSHALL (PL. GENERAL",0.0,0.0
201400011073,9,5,14,23,5,60,88,1,1,1,6,"7, MAETERLINCK (BD M.)",0.0,0.0
201400011074,10,5,14,14,1,60,88,2,1,1,3,"5, SEMARD (BD PIERRE)",0.0,0.0
201400011075,12,5,14,1,5,60,88,2,1,1,5,"75, ETATS UNIS (QUAI DES",0.0,0.0
201400011076,12,5,14,8,1,60,88,2,1,1,3,"0, DUBOUCHAGE (BD)",0.0,0.0
201400011077,12,5,14,8,1,60,88,2,1,1,6,"128, SAINT-LAMBERT (AV.)",0.0,0.0
201400011078,12,5,14,13,1,60,159,2,3,1,1,"0, BELLAVISTA (AVENUE)",0.0,0.0
201400011079,12,5,14,14,1,60,88,2,2,1,6,"0, RAOUL BOSIO (Rue)",0.0,0.0
201400011080,12,5,14,22,5,60,88,2,2,1,3,"0, SAINT-PHILIPPE (R.)",0.0,0.0
201400011081,13,5,14,11,1,60,159,2,1,1,3,"0, BASSE CORNICHE",0.0,0.0
201400011082,13,5,14,11,1,60,88,2,1,1,6,"94, TURIN (RTE DE)",0.0,0.0
201400011083,13,5,14,12,1,60,88,2,1,1,5,"96, BRANCOLAR (AV.) (A P",0.0,0.0
201400011084,13,5,14,13,1,60,88,2,1,1,1,"98, VINAIGRIER (CH. DU)",0.0,0.0
201400011085,13,5,14,13,1,60,88,2,1,1,3,"0, BAREL (PLACE MAX)",0.0,0.0
201400011086,13,5,14,17,1,60,88,2,1,1,3,"614, BELLA VISTA (AV.)",0.0,0.0
201400011087,13,5,14,21,5,60,88,2,1,1,3,"0, MONTEL (BD PAUL)",0.0,0.0
201400011088,14,5,14,14,1,60,88,2,1,1,2,"0, NAPOLEON III (BD)",0.0,0.0
201400011089,14,5,14,16,1,60,88,2,1,1,3,"0, RD 6202",0.0,0.0
201400011090,14,5,14,19,1,60,88,2,1,1,6,"75, JOLY (CORNICHE ANDRE",0.0,0.0
201400011091,14,5,14,20,2,60,88,2,1,1,6,"0, FABRON (CH. DE)",0.0,0.0
201400011092,15,5,14,9,1,60,88,2,1,1,6,"12, MALAUSSENA (AV.)",0.0,0.0
201400011093,15,5,14,15,1,60,88,2,1,1,3,"0, COMBOUL (AV. RAYMOND)",0.0,0.0
201400011094,15,5,14,15,1,60,88,2,1,1,3,"41, CARABACEL (BD)",0.0,0.0
201400011095,15,5,14,17,1,60,88,2,1,1,2,"0, RD 6202",0.0,0.0
201400011096,15,5,14,22,5,60,88,2,2,1,3,"0, GROSSO (A PARTIR DU N",0.0,0.0
201400011097,16,5,14,8,1,60,88,2,1,1,6,"165ch, MADELEINE (BD DE",0.0,0.0
201400011098,16,5,14,9,1,60,88,2,1,1,2,"0, VERNIER (R.)",0.0,0.0
201400011099,16,5,14,13,1,60,88,2,1,1,6,"7, ALSACE-LORRAINE (RUE",0.0,0.0
201400011100,16,5,14,15,1,60,88,2,1,1,3,"61, MADELEINE (BD DE LA)",0.0,0.0
201400011101,16,5,14,18,1,60,88,2,1,1,3,"0, VOIE RAPIDE",0.0,0.0
201400011102,16,5,14,18,1,60,88,2,2,1,3,"0, VIGNY (AV. IMP. ALFRE",0.0,0.0
201400011103,17,5,14,0,5,60,88,2,2,1,3,"31, LEPANTE (R. DE)",0.0,0.0
201400011104,17,5,14,4,5,60,88,2,1,1,2,"13/15, ANGLAIS PLAGE (N?",0.0,0.0
201400011105,17,5,14,18,1,60,88,2,1,1,1,"0, CIMETIERE DE L'EST (R",0.0,0.0
201400011106,19,5,14,14,1,60,88,2,1,1,3,COTY (PONT RENE),0.0,0.0
201400011107,19,5,14,16,1,60,88,2,1,1,2,"390, ANGLAIS (A PARTIR D",0.0,0.0
201400011108,19,5,14,20,1,60,88,2,1,1,3,"0, GAUTHIER (R. ANTOINE)",0.0,0.0
201400011109,20,5,14,15,1,60,88,2,2,1,3,"0, PASTEUR (BD)",0.0,0.0
201400011110,21,5,14,8,1,60,88,2,1,1,3,"68, JOLY (CORNICHE ANDRE",0.0,0.0
201400011111,21,5,14,9,1,60,88,2,1,1,6,"0, COTY (PONT RENE)",0.0,0.0
201400011112,22,5,14,11,1,60,88,2,1,1,1,"0, SAINT-PHILIPPE (PL.)",0.0,0.0
201400011113,22,5,14,15,1,60,88,2,1,2,3,"0, MOULIN (PL. JEAN)",0.0,0.0
201400011114,22,5,14,18,1,60,88,2,1,1,4,"0, VOIE RAPIDE",0.0,0.0
201400011115,22,5,14,20,2,60,88,1,3,1,6,"308, STE MARGUERITE (AV.",0.0,0.0
201400011116,23,5,14,11,1,60,88,2,1,1,3,"85, MADELEINE (BD DE LA)",0.0,0.0
201400011117,23,5,14,16,1,60,88,2,1,1,3,"57, RAY (AV. DU)",0.0,0.0
201400011118,23,5,14,17,1,60,88,2,1,1,6,"23, GAMBETTA (JUSQU'AU N",0.0,0.0
201400011119,24,5,14,21,5,60,88,2,2,1,3,"0, ROQUEBILLIERE (R. DE)",0.0,0.0
201400011120,25,5,14,5,2,60,88,2,1,1,6,"63, ANGLAIS (DU N? 45 AU",0.0,0.0
201400011121,25,5,14,10,1,60,88,2,1,1,6,"0, CAP DE NICE (AV. DU)",0.0,0.0
201400011122,26,5,14,11,1,60,88,2,1,1,3,"4, GUIDE (R. COLONEL)",0.0,0.0
201400011123,27,5,14,12,1,60,88,2,1,1,6,DE GAULLE (PLACE GENERAL,0.0,0.0
201400011124,27,5,14,12,1,60,88,2,1,1,3,"0, BORRIGLIONE (A PARTIR",0.0,0.0
201400011125,27,5,14,15,1,60,88,2,1,1,5,"0, FAURE (AV. FELIX)",0.0,0.0
201400011126,28,5,14,7,1,60,88,2,1,1,3,"369, ANGLAIS (A PARTIR D",0.0,0.0
201400011127,28,5,14,16,1,60,88,2,2,1,3,"0, BORRIGLIONE (A PARTIR",0.0,0.0
201400011128,28,5,14,16,1,60,88,2,2,1,3,"10, CLEMENCEAU (AV. GEOR",0.0,0.0
201400011129,28,5,14,16,1,60,88,2,2,1,3,"0, AURIOL (PONT VINCENT)",0.0,0.0
201400011130,30,5,14,17,1,60,88,2,1,1,3,"34, GAMBETTA (A PARTIR D",0.0,0.0
201400011131,1,6,14,4,2,60,88,2,1,1,1,"09, FRERE MARC (CORNICHE",0.0,0.0
201400011132,1,6,14,6,1,60,88,2,2,1,3,"0, MEDECIN (AV. JEAN)",0.0,0.0
201400011133,1,6,14,11,1,60,88,2,1,1,6,"80, CASSIN (BD RENE)",0.0,0.0
201400011134,1,6,14,20,5,60,88,2,1,1,6,"25, CIMIEZ (BD) A PARTIR",0.0,0.0
201400011135,2,6,14,13,1,60,88,2,7,1,6,"0, DE GAULLE (PLACE GENE",0.0,0.0
201400011136,2,6,14,16,1,60,88,2,2,1,3,"0, BARBUSSE (AV. HENRI)",0.0,0.0
201400011137,3,6,14,8,1,60,88,2,1,1,2,"2, QUAI PAPACINO",0.0,0.0
201400011138,3,6,14,15,1,60,88,2,1,1,3,"2, ARMEE DES ALPES (BD D",0.0,0.0
201400011139,3,6,14,17,1,60,88,2,1,1,6,"9BIS, PESSICART (JUSQU'A",0.0,0.0
201400011140,3,6,14,19,1,60,88,2,1,1,2,"190, TURIN (RTE DE)",0.0,0.0
201400011141,3,6,14,20,1,60,88,2,1,1,5,"63, PASTEUR (BD)",0.0,0.0
201400011142,4,6,14,0,5,60,88,2,1,1,6,"0, PHOCEENS (AV. DES)",0.0,0.0
201400011143,4,6,14,10,1,60,88,2,3,1,6,"0, FAURE (R. GABRIEL)",0.0,0.0
201400011144,4,6,14,14,1,60,88,2,2,1,3,"0, CASSIN (BD RENE)",0.0,0.0
201400011145,5,6,14,10,1,60,88,2,7,1,2,"69, ROQUEBILLIERE (R. DE",0.0,0.0
201400011146,5,6,14,10,1,60,88,2,2,1,6,"0, RIQUIER (BD DE)",0.0,0.0
201400011147,5,6,14,15,1,60,88,2,1,1,3,"0, STE MARGUERITE (AV.)",0.0,0.0
201400011148,6,6,14,11,1,60,88,2,2,1,3,"0, RISSO (BD)",0.0,0.0
201400011149,6,6,14,18,1,60,88,2,1,1,3,"0, BARLA (TRAV.)",0.0,0.0
201400011150,6,6,14,21,1,60,88,2,1,1,3,"44B, GAMBETTA (A PARTIR",0.0,0.0
201400011151,9,6,14,3,5,60,88,2,1,1,2,"0, ANGLAIS PLAGE (N?1 AU",0.0,0.0
201400011152,9,6,14,13,1,60,88,2,1,1,3,"12, MARAICHERS (TRAV. DE",0.0,0.0
201400011153,10,6,14,16,1,60,88,2,1,1,3,"65, HERRIOT (BD EDOUARD)",0.0,0.0
201400011154,10,6,14,16,1,60,88,2,1,1,5,"0, NAPOLEON III (BD)",0.0,0.0
201400011155,10,6,14,16,1,60,88,2,1,1,6,"0, JAURES (BD JEAN)",0.0,0.0
201400011156,11,6,14,11,1,60,88,2,1,1,2,"100, ANGLAIS PLAGE(DU 45",0.0,0.0
201400011157,12,6,14,9,1,60,88,2,1,1,3,"0, GAUTHIER (R. ANTOINE)",0.0,0.0
201400011158,12,6,14,9,1,60,88,2,1,1,1,"34, LAMARTINE (R.)",0.0,0.0
201400011159,12,6,14,16,1,60,88,2,1,1,6,"23, PILATTE (BD FRANCK)",0.0,0.0
201400011160,12,6,14,17,1,60,88,2,1,1,3,"0, RISSO (BD)",0.0,0.0
201400011161,12,6,14,23,5,60,88,2,1,1,6,"46, BISCHOFFSHEIM (BD)",0.0,0.0
201400011162,13,6,14,10,1,60,159,2,1,1,1,"21, PRINCESSE GRACE DE M",0.0,0.0
201400011163,13,6,14,17,1,60,88,2,1,1,6,"0, VOIE RAPIDE",0.0,0.0
201400011164,13,6,14,21,5,60,88,2,1,1,6,"19, DIABLES BLEUS (AV. D",0.0,0.0
201400011165,14,6,14,12,1,60,88,2,3,1,3,"0, MONT-ALBAN (AV. DU)",0.0,0.0
201400011166,14,6,14,19,1,60,88,2,2,2,3,"0, RAYNAUD (BD AUGUSTE)",0.0,0.0
201400011167,15,6,14,5,5,60,88,1,1,1,6,"0, GRENOBLE (ROUTE DE)",0.0,0.0
201400011168,15,6,14,9,1,60,88,2,1,1,1,BISCHOFFSHEIM (BD),0.0,0.0
201400011169,15,6,14,16,1,60,159,2,1,1,3,"0, GAMBETTA",0.0,0.0
201400011170,15,6,14,17,1,60,88,2,1,2,2,"329, ANGLAIS (A PARTIR D",0.0,0.0
201400011171,15,6,14,18,1,60,88,2,1,1,6,"2, CONGRES (RUE DU)",0.0,0.0
201400011172,18,6,14,11,1,60,88,2,1,1,6,"325, ANGLAIS (DU N? 265",0.0,0.0
201400011173,18,6,14,13,1,60,88,2,2,1,6,"15, PESSICART (JUSQU'AU",0.0,0.0
201400011174,19,6,14,8,1,60,88,2,1,1,3,"155, TURIN (RTE DE)",0.0,0.0
201400011175,19,6,14,9,1,60,88,2,1,1,3,"13, JOLY (CORNICHE ANDRE",0.0,0.0
201400011176,20,6,14,7,1,60,88,2,2,1,3,"0, ROSSINI (R.)",0.0,0.0
201400011177,20,6,14,17,1,60,88,2,1,1,2,"71, ANGLAIS (DU N? 45 AU",0.0,0.0
201400011178,20,6,14,23,5,60,88,2,1,1,5,"109, QUAI DES ETATS UNIS",0.0,0.0
201400011179,21,6,14,9,1,60,88,2,1,1,3,HUGO (BD VICTOR),0.0,0.0
201400011180,21,6,14,14,1,60,88,2,1,1,6,"0, FRANCE (AV. ANATOLE)",0.0,0.0
201400011181,24,6,14,10,1,60,88,2,1,1,1,"6, EMMANUEL (AV. PIERRE)",0.0,0.0
201400011182,24,6,14,11,1,60,88,2,1,1,6,"2, JAURES (BD JEAN)",0.0,0.0
201400011183,24,6,14,11,1,60,88,2,1,1,5,"0, VOIE RAPIDE",0.0,0.0
201400011184,24,6,14,14,1,60,88,2,1,1,2,"0, RD 6202",0.0,0.0
201400011185,24,6,14,17,1,60,88,2,1,1,6,COMBOUL (AV. RAYMOND),0.0,0.0
201400011186,24,6,14,17,1,60,88,2,1,1,6,"1, JOLY (CORNICHE ANDRE",0.0,0.0
201400011187,24,6,14,18,1,60,88,2,1,1,3,"0, PENETRANTE DU PAILLON",0.0,0.0
201400011188,25,6,14,3,5,60,88,1,1,1,6,"0, MIN NICE ST AUGUSTIN",0.0,0.0
201400011189,25,6,14,15,1,60,88,2,1,1,2,"359, ANGLAIS (A PARTIR D",0.0,0.0
201400011190,26,6,14,12,1,60,88,2,1,1,3,"0, BARAQUES (TRAV.)",0.0,0.0
201400011191,26,6,14,15,1,60,88,2,1,1,6,"7, TONDUTI-DE-L'ESCARENE",0.0,0.0
201400011192,27,6,14,15,1,60,159,2,1,1,2,"35, GENERAL LECLER (AVEN",0.0,0.0
201400011193,30,6,14,21,5,60,88,2,1,1,6,"6-8, RAY (AV. DU)",0.0,0.0
201400011194,30,6,14,11,1,60,88,2,1,1,1,"200, STE-MARGUERITE (AV.",0.0,0.0
201400011195,30,6,14,22,5,60,88,2,1,1,6,"175, ANGLAIS (A PARTIR D",0.0,0.0
201400011196,1,7,14,14,1,60,88,2,1,1,5,"23, TZAREWITCH (BD DU)",0.0,0.0
201400011197,2,7,14,1,5,60,88,2,2,1,3,"0, RESISTANCE  LIBERATIO",0.0,0.0
201400011198,2,7,14,7,1,60,88,2,1,1,3,"9, SEILERN (AV. DE)",0.0,0.0
201400011199,2,7,14,14,1,60,88,2,1,1,6,"0, DOUANE (QUAI DE LA)",0.0,0.0
201400011200,2,7,14,19,1,60,88,2,1,1,3,"167, MADELEINE (BD DE LA",0.0,0.0
201400011201,3,7,14,7,1,60,88,2,1,1,1,"3, CHAMPAGNE (AV. DE)",0.0,0.0
201400011202,3,7,14,11,1,60,88,2,1,1,3,"0, CESSOLE (BD DE) (A PA",0.0,0.0
201400011203,3,7,14,21,1,60,88,2,1,1,6,"8, MANTEGA-RIGHI (BD)",0.0,0.0
201400011204,4,7,14,16,1,60,88,2,1,1,2,"155, RD 6202",0.0,0.0
201400011205,5,7,14,0,5,60,88,1,3,1,1,"2, GAIRAUT (VIEUX CH.) (",0.0,0.0
201400011206,5,7,14,9,1,60,88,2,1,1,1,"0, ANGLAIS (A PARTIR DU",0.0,0.0
201400011207,7,7,14,15,1,60,88,2,1,1,6,"51, RAYNAUD (BD AUGUSTE)",0.0,0.0
201400011208,8,7,14,8,1,60,88,2,1,1,3,"0, JOFFRE (R. MARECHAL)",0.0,0.0
201400011209,8,7,14,14,1,60,88,2,1,1,6,"73, ARIANE (BD DE L')",0.0,0.0
201400011210,8,7,14,15,1,60,88,2,1,1,6,"0, STE MARGUERITE (AV.)",0.0,0.0
201400011211,8,7,14,20,1,60,88,2,1,1,3,"25, FABRON (AV. DE) (JUS",0.0,0.0
201400011212,9,7,14,11,1,60,88,2,1,1,5,"0, GRENOBLE (ROUTE DE)",0.0,0.0