Num_Acc,jour,mois,an,hr,condition_eclairage,departement,commune,condition_agglomeration,intersection,condition_atmosphere,type_collision,adresse,lattitude,longitude
201400011213,9,7,14,11,1,60,88,2,1,1,5,"0, RD 6202",0.0,0.0
201400011214,10,7,14,8,1,60,88,2,1,1,6,"0, ALLEGRE (AV. JEAN)",0.0,0.0
201400011215,10,7,14,8,1,60,88,2,1,1,2,"30, CONGRES (RUE DU)",0.0,0.0
201400011216,10,7,14,13,1,60,88,2,2,1,3,"0, CLEMENCEAU (AV. GEORG",0.0,0.0
201400011217,10,7,14,14,1,60,88,2,1,1,2,"53, ANGLAIS (A PARTIR DU",0.0,0.0
201400011218,10,7,14,17,1,60,88,2,3,1,3,"30, CESSOLE (BD DE) (JUS",0.0,0.0
201400011219,10,7,14,19,1,60,88,2,1,1,6,"0, THIERS (AV.)",0.0,0.0
201400011220,10,7,14,23,5,60,88,2,1,1,2,"263, ANGLAIS PLAGE (DU 1",0.0,0.0
201400011221,12,7,14,20,1,60,88,2,1,1,3,"0, ARIANE (BD DE L')",0.0,0.0
201400011222,13,7,14,13,1,60,88,2,2,1,3,BORRIGLIONE (JUSQU'AU N?,0.0,0.0
201400011223,13,7,14,18,1,60,88,2,1,1,3,"0, KLEIN (PL. YVES)",0.0,0.0
201400011224,13,7,14,19,1,60,88,2,1,1,6,"87, QUAI DES ETATS UNIS",0.0,0.0
201400011225,14,7,14,0,5,60,88,2,1,1,6,"60, CALIFORNIE (AV.) (A",0.0,0.0
201400011226,15,7,14,0,5,60,88,2,1,1,2,"0, CARABACEL (BD)",0.0,0.0
201400011227,15,7,14,2,5,60,88,1,1,1,6,"90, OLIVIERS (CORNICHE D",0.0,0.0
201400011228,15,7,14,10,1,60,88,2,1,1,3,"0, BORNALA (AV. DE LA)",0.0,0.0
201400011229,15,7,14,15,1,60,88,2,1,1,6,"11, GAMBETTA (A PARTIR D",0.0,0.0
201400011230,15,7,14,15,1,60,88,2,4,1,6,"01, SUEDE (AV. DE)",0.0,0.0
201400011231,15,7,14,16,1,60,88,2,1,1,6,"16, REPUBLIQUE (AV. DE L",0.0,0.0
201400011232,15,7,14,17,1,60,88,2,1,1,4,"0, JOLY (CORNICHE ANDRE",0.0,0.0
201400011233,15,7,14,19,1,60,88,2,2,1,3,CAUVIN (AV.),0.0,0.0
201400011234,16,7,14,10,1,60,88,2,1,1,6,"0, SMOLETT (R.)",0.0,0.0
201400011235,16,7,14,13,1,60,88,2,1,1,3,"0, VOIE ROMAINE (AV. DE",0.0,0.0
201400011236,16,7,14,15,1,60,88,2,1,1,3,"0, GRENOBLE (ROUTE DE)",0.0,0.0
201400011237,16,7,14,16,1,60,88,2,1,1,6,"0, PASTORELLI (R.)",0.0,0.0
201400011238,17,7,14,10,1,60,88,2,2,1,6,"0, DIGUE DES FRANCAIS (T",0.0,0.0
201400011239,18,7,14,11,1,60,88,2,1,1,6,"8, TZAREWITCH (BD DU)",0.0,0.0
201400011240,18,7,14,11,1,60,88,2,2,1,3,"45, ROQUEBILLIERE (R. DE",0.0,0.0
201400011241,18,7,14,23,5,60,88,2,2,1,3,"0, RAYNAUD (BD AUGUSTE)",0.0,0.0
201400011242,19,7,14,10,1,60,88,2,1,1,6,"39 bis, CIMIEZ (BD) JUSQ",0.0,0.0
201400011243,19,7,14,19,1,60,88,2,1,1,3,"99, STE MARGUERITE (AV.)",0.0,0.0
201400011244,21,7,14,17,1,60,88,2,2,1,3,"0, SOLA (BD PIERRE)",0.0,0.0
201400011245,21,7,14,17,1,60,88,2,1,1,1,"66, COL DE BAST (CH. DU)",0.0,0.0
201400011246,21,7,14,17,1,60,88,2,2,1,7,"0, DAVIOT (AV.)",0.0,0.0
201400011247,22,7,14,11,1,60,88,2,1,1,6,"0, VALERY (R. PAUL)",0.0,0.0
201400011248,23,7,14,2,5,60,88,2,1,1,2,"9, JOLY (CORNICHE ANDRE",0.0,0.0
201400011249,23,7,14,18,1,60,88,2,1,1,2,"30, CESSOLE (BD DE) (JUS",0.0,0.0
201400011250,23,7,14,19,1,60,88,2,1,1,2,"179, MONT-BORON (BD DU)",0.0,0.0
201400011251,24,7,14,15,1,60,88,2,1,1,6,"0, PHILIBERT (R. EMMANUE",0.0,0.0
201400011252,24,7,14,15,1,60,88,1,1,1,3,"455, PESSICART (A PARTIR",0.0,0.0
201400011253,25,7,14,1,5,60,88,2,1,1,2,"385, ANGLAIS (DU N? 114",0.0,0.0
201400011254,25,7,14,17,1,60,88,2,2,1,3,"0, CASSINI (RUE)",0.0,0.0
201400011255,25,7,14,21,2,60,159,2,1,1,3,"0, ALBERT 1ER (AVENUE)",0.0,0.0
201400011256,26,7,14,10,1,60,88,2,1,1,3,"45, THIERS (AV.)",0.0,0.0
201400011257,26,7,14,17,1,60,88,2,2,1,3,"104, CALIFORNIE (AV.) (D",0.0,0.0
201400011258,27,7,14,13,1,60,88,2,1,1,6,"0, TASSIGNY (ESPLANADE L",0.0,0.0
201400011259,28,7,14,12,1,60,88,2,4,1,3,"84, DUNANT (AV. HENRI)",0.0,0.0
201400011260,28,7,14,18,1,60,159,2,1,1,6,PRINCESSE GRACE DE MONAC,0.0,0.0
201400011261,29,7,14,8,1,60,88,2,1,1,2,"29, LYAUTEY (AV. DU MAL)",0.0,0.0
201400011262,29,7,14,15,1,60,88,2,1,1,7,"0, ROMAINE (AV. DE LA VO",0.0,0.0
201400011263,30,7,14,11,1,60,88,2,2,1,6,"2, DUBOUCHAGE (BD)",0.0,0.0
201400011264,30,7,14,19,1,60,88,2,1,1,2,"69, ANGLAIS (DU N? 45 AU",0.0,0.0
201400011265,31,7,14,1,5,60,88,2,2,1,3,"37, ANGLAIS (DU N? 1 AU",0.0,0.0
201400011266,31,7,14,6,1,60,88,2,1,1,1,"134, COLOMARS (ROUTE DE)",0.0,0.0
201400011267,31,7,14,8,1,60,159,2,1,1,5,"0, NAPOLEON III (BOULEVA",0.0,0.0
201400011268,31,7,14,12,1,60,88,2,1,1,6,GROSSO (A PARTIR DU N? 6,0.0,0.0
201400011269,31,7,14,18,1,60,88,1,1,1,6,"0, ANGLAIS (DU N? 265 AU",0.0,0.0
201400011270,31,7,14,22,4,60,88,2,1,1,6,"142, MADELEINE (BD DE LA",0.0,0.0
201400011271,1,8,14,3,5,60,88,2,1,1,6,"7, RIMIEZ (AV. DE)",0.0,0.0
201400011272,1,8,14,23,5,60,88,2,3,1,3,"0, ANGLAIS (DU N? 114 AU",0.0,0.0
201400011273,2,8,14,1,5,60,88,2,2,1,3,"0, CLEMENCEAU (AV. GEORG",0.0,0.0
201400011274,2,8,14,16,1,60,88,2,2,1,3,FRANCE (R. DE) A PARTIR,0.0,0.0
201400011275,3,8,14,10,1,60,88,2,1,1,2,"53, ANGLAIS (DU N? 45 AU",0.0,0.0
201400011276,3,8,14,12,1,60,88,2,2,1,3,"0, GROSSO (A PARTIR DU N",0.0,0.0
201400011277,4,8,14,17,1,60,88,2,3,1,6,"0, VOIE RAPIDE",0.0,0.0
201400011278,4,8,14,23,5,60,159,2,1,1,6,"0, PRINCESSE GRACE DE MO",0.0,0.0
201400011279,5,8,14,7,1,60,88,2,1,1,3,"0, BARLA (RUE)",0.0,0.0
201400011280,6,8,14,11,1,60,88,2,1,1,6,"4, GAMBETTA (JUSQU'AU N?",0.0,0.0
201400011281,6,8,14,21,2,60,159,2,1,1,3,"34, CORNE D OR (PLACE DE",0.0,0.0
201400011282,7,8,14,12,1,60,159,2,1,1,6,"0, MOYENNE CORNICHE",0.0,0.0
201400011283,7,8,14,14,1,60,88,2,2,1,3,"0, LEPANTE (R. DE)",0.0,0.0
201400011284,7,8,14,19,1,60,88,2,1,1,6,"7-9, FABRON (AV. DE) (JU",0.0,0.0
201400011285,8,8,14,10,1,60,88,2,1,1,3,"140, TURIN (RTE DE)",0.0,0.0
201400011286,8,8,14,16,1,60,88,2,2,1,3,"0, GIACOBI (AV.)",0.0,0.0
201400011287,8,8,14,16,1,60,88,2,1,1,3,"0, CASSIN (BD RENE)",0.0,0.0
201400011288,8,8,14,17,1,60,88,2,1,1,2,"19, ANGLAIS (A PARTIR DU",0.0,0.0
201400011289,8,8,14,18,1,60,88,2,1,1,6,"25, DIABLES BLEUS (AV. D",0.0,0.0
201400011290,9,8,14,3,5,60,88,2,1,1,3,PENETRANTE DU PAILLON,0.0,0.0
201400011291,9,8,14,12,1,60,88,2,1,1,6,"13, BAVASTRO (RUE)",0.0,0.0
201400011292,12,8,14,8,1,60,88,2,1,1,6,"12, CASSINI (RUE)",0.0,0.0
201400011293,12,8,14,11,1,60,88,2,3,1,6,"44, SAINT-AUGUSTIN (AV.",0.0,0.0
201400011294,12,8,14,12,1,60,88,2,1,1,3,"23 BIS, JOLY (CORNICHE A",0.0,0.0
201400011295,12,8,14,18,1,60,88,2,1,1,2,"0, CORNIGLION MOLINIER (",0.0,0.0
201400011296,13,8,14,2,5,60,88,2,1,1,6,"12, RAY (AV. DU)",0.0,0.0
201400011297,13,8,14,0,5,60,88,2,1,1,2,"120, FRANCE (R. DE) A PA",0.0,0.0
201400011298,13,8,14,14,1,60,88,2,1,1,5,"68, BRANCOLAR (AV.) (A P",0.0,0.0
201400011299,13,8,14,19,1,60,88,2,1,1,3,"0, GARIGLIANO (PONTS)",0.0,0.0
201400011300,13,8,14,23,5,60,88,2,1,1,7,"0, MITTERAND (RUE FRANCO",0.0,0.0
201400011301,14,8,14,22,5,60,88,2,1,1,3,"57, CESSOLE (BD DE) (A P",0.0,0.0
201400011302,17,8,14,15,1,60,88,2,1,1,3,"101, ARIANE (BD DE L')",0.0,0.0
201400011303,18,8,14,4,5,60,88,2,1,1,3,"0, ANGLAIS (A PARTIR DU",0.0,0.0
201400011304,18,8,14,14,1,60,88,2,1,1,3,"63, PASTEUR (BD)",0.0,0.0
201400011305,18,8,14,16,1,60,88,2,2,1,6,"0, RIQUIER (BD DE)",0.0,0.0
201400011306,18,8,14,23,5,60,88,2,2,1,3,"0, VERNIER (R.)",0.0,0.0
201400011307,19,8,14,14,1,60,88,2,1,1,1,"143, LYAUTEY (AV. DU MAL",0.0,0.0
201400011308,19,8,14,19,1,60,88,2,1,1,6,"18, MONTEL (BD PAUL)",0.0,0.0
201400011309,20,8,14,21,2,60,88,2,1,1,6,"61, ETATS UNIS (QUAI DES",0.0,0.0
201400011310,21,8,14,8,1,60,88,2,1,1,6,"332, PESSICART (A PARTIR",0.0,0.0
201400011311,21,8,14,19,1,60,88,2,1,1,6,"43, DIABLES BLEUS (AV. D",0.0,0.0
201400011312,23,8,14,23,5,60,88,2,2,1,3,"0, PASTORELLI (R.)",0.0,0.0
201400011313,24,8,14,7,1,60,88,2,1,1,6,"4, CIMIEZ (BD) JUSQU'AU",0.0,0.0
201400011314,24,8,14,21,1,60,88,2,2,1,3,"0, VAUBAN (R. MARECHAL)",0.0,0.0
201400011315,25,8,14,13,1,60,88,2,2,1,3,"0, JOFFRE (R. MARECHAL)",0.0,0.0
201400011316,25,8,14,17,1,60,88,2,1,1,3,DIGUE DES FRANCAIS (TRAV,0.0,0.0
201400011317,26,8,14,12,1,60,88,2,1,1,2,"4, JAURES (BD JEAN)",0.0,0.0
201400011318,26,8,14,22,5,60,88,2,1,1,3,"0, ETATS UNIS (QUAI DES)",0.0,0.0
201400011319,29,8,14,11,1,60,88,2,1,1,3,"27, JOLY (CORNICHE ANDRE",0.0,0.0
201400011320,29,8,14,18,1,60,88,2,1,1,2,"0, CASSIN (BD RENE)",0.0,0.0
201400011321,30,8,14,12,1,60,88,2,1,1,3,"0, ARMEE DES ALPES (BD D",0.0,0.0
201400011322,30,8,14,16,1,60,88,2,1,1,6,"0, ITALIE (R. D')",0.0,0.0
201400011323,31,8,14,10,1,60,88,2,1,1,3,"225, ANGLAIS (A PARTIR D",0.0,0.0
201400011324,1,9,14,13,1,60,88,2,1,1,2,"0, VALOMBROSE (AV. DE)",0.0,0.0
201400011325,1,9,14,14,1,60,88,2,1,1,2,"0, JOLY (CORNICHE ANDRE",0.0,0.0
201400011326,1,9,14,19,1,60,88,2,1,1,2,"0, VOIE RAPIDE",0.0,0.0
201400011327,2,9,14,8,1,60,88,2,1,1,5,"0, VOIE RAPIDE",0.0,0.0
201400011328,2,9,14,16,1,60,88,2,1,1,3,VEILLON (R.),0.0,0.0
201400011329,2,9,14,17,1,60,88,2,1,1,6,"0, FRANCE (R. DE) DU N?",0.0,0.0
201400011330,2,9,14,19,1,60,88,2,1,1,6,"26, QUAI LUNEL",0.0,0.0
201400011331,3,9,14,9,1,60,88,2,1,1,3,"19, VALOMBROSE (AV. DE)",0.0,0.0
201400011332,3,9,14,9,1,60,88,2,1,1,2,"0, RAY (AV. DU)",0.0,0.0
201400011333,4,9,14,9,1,60,88,2,1,1,3,"0, REPUBLIQUE (AV. DE LA",0.0,0.0
201400011334,4,9,14,9,1,60,88,2,1,1,2,"219, ANGLAIS (DU N? 114",0.0,0.0
201400011335,4,9,14,9,1,60,88,2,2,1,3,"0, VOIE ROMAINE (AV. DE",0.0,0.0
201400011336,5,9,14,8,1,60,88,2,1,1,6,"0, ETATS UNIS (QUAI DES)",0.0,0.0
201400011337,5,9,14,10,1,60,88,2,1,1,6,"0, MASSENA (PLACE)",0.0,0.0
201400011338,5,9,14,15,1,60,88,2,1,1,1,"10 BIS, SORGENTINO (R.)",0.0,0.0
201400011339,6,9,14,12,1,60,88,2,1,1,6,"0, CASTEL DES 2 ROIS (PA",0.0,0.0
201400011340,6,9,14,22,5,60,88,2,2,1,3,"0, PARC IMPERIAL (BD DU)",0.0,0.0
201400011341,7,9,14,22,5,60,88,2,1,1,2,MONTREAL (BD DE),0.0,0.0
201400011342,8,9,14,8,1,60,88,2,1,1,6,"38, ESTIENNE -D'ORVES (A",0.0,0.0
201400011343,8,9,14,8,1,60,88,2,1,1,3,"0, MONTEL (BD PAUL)",0.0,0.0
201400011344,8,9,14,15,1,60,88,2,1,1,4,"57, RAYBAUD JOSEPH",0.0,0.0
201400011345,8,9,14,15,1,60,88,2,1,1,3,"0, DELFINO (BD GENERAL)",0.0,0.0
201400011346,9,9,14,7,1,60,88,2,1,1,3,ARMEE DU RHIN (PLACE),0.0,0.0
201400011347,9,9,14,10,1,60,88,2,3,1,3,"0, LYAUTEY (AV. DU MAL)",0.0,0.0
201400011348,9,9,14,16,1,60,88,2,1,1,3,"39, MATISSE (AV. HENRI)",0.0,0.0
201400011349,10,9,14,7,1,60,88,2,1,1,6,"101, LYAUTEY (AV. DU MAL",0.0,0.0
201400011350,12,9,14,10,1,60,88,2,1,1,6,"4, DOUANE (QUAI DE LA)",0.0,0.0
201400011351,12,9,14,14,1,60,88,2,2,1,6,"0, SMOLETT (R.)",0.0,0.0
201400011352,12,9,14,15,1,60,88,2,1,1,2,"54, CESSOLE (BD DE) (JUS",0.0,0.0
201400011353,12,9,14,16,1,60,88,2,1,1,5,"0, VOIE RAPIDE",0.0,0.0
201400011354,12,9,14,22,5,60,88,2,1,1,6,"28-30, CORNICHE FLEURIE",0.0,0.0
201400011355,13,9,14,19,1,60,88,2,2,1,6,"0, BARLA (TRAV.)",0.0,0.0
201400011356,13,9,14,20,5,60,88,2,2,1,3,"0, BELLET (RTE DE)",0.0,0.0
201400011357,15,9,14,10,1,60,88,2,1,1,3,"0, ROQUEBILLIERE (R. DE)",0.0,0.0
201400011358,15,9,14,12,1,60,88,2,3,1,3,"0, PASTEUR (BD)",0.0,0.0
201400011359,15,9,14,16,1,60,88,2,3,2,6,"0, BARLA (RUE)",0.0,0.0
201400011360,15,9,14,17,1,60,88,2,3,1,5,BOTTAU (AV. FRANCOIS),0.0,0.0
201400011361,17,9,14,13,1,60,88,2,1,1,6,"163, GRENOBLE (ROUTE DE)",0.0,0.0
201400011362,18,9,14,14,1,60,88,2,1,1,6,"27, GAITE (IMP. DE LA)",0.0,0.0
201400011363,19,9,14,14,1,60,88,2,4,1,3,"0, ARENES DE CIMIEZ (AV.",0.0,0.0
201400011364,20,9,14,4,5,60,88,2,1,1,6,"2, GROSSO (A PARTIR DU N",0.0,0.0
201400011365,20,9,14,10,1,60,88,2,1,1,6,"0, ASSALIT (RUE)",0.0,0.0
201400011366,20,9,14,15,1,60,88,2,1,1,4,"0, RD 6202",0.0,0.0
201400011367,20,9,14,15,1,60,88,2,2,1,3,"77 bis, GAMBETTA (A PART",0.0,0.0
201400011368,21,9,14,13,1,60,88,2,1,1,3,"67, ARIANE (BD DE L')",0.0,0.0
201400011369,22,9,14,7,1,60,88,2,1,1,6,"8, CASSINI (RUE)",0.0,0.0
201400011370,22,9,14,8,1,60,88,2,1,1,4,"0, VOIE RAPIDE",0.0,0.0
201400011371,22,9,14,12,1,60,88,2,2,1,3,"0, SAINT-LAMBERT (AV.) (",0.0,0.0
201400011372,22,9,14,12,1,60,88,2,3,1,3,"0, THIERS (AV.)",0.0,0.0
201400011373,22,9,14,18,1,60,88,2,1,1,6,"0, LYAUTEY (AV. DU MAL)",0.0,0.0
201400011374,23,9,14,9,1,60,88,2,1,1,1,"14, DUFOURMANTEL (AV.)",0.0,0.0
201400011375,23,9,14,19,5,60,88,2,1,1,3,"144, TURIN (RTE DE)",0.0,0.0
201400011376,24,9,14,7,2,60,159,2,1,1,3,"64, CORNE D OR (BOULEVAR",0.0,0.0
201400011377,24,9,14,14,1,60,88,2,1,1,3,"0, GROSSO (A PARTIR DU N",0.0,0.0
201400011378,25,9,14,5,5,60,88,2,1,1,6,"122, CARNOT (BD)",0.0,0.0
201400011379,25,9,14,8,1,60,88,2,1,1,6,"103, CASSIN (BD RENE)",0.0,0.0
201400011380,26,9,14,14,1,60,88,2,2,1,3,"0, BARBERIS (RUE)",0.0,0.0
201400011381,26,9,14,22,5,60,88,2,1,1,6,"43, MILLION DE VERAILLON",0.0,0.0
201400011382,27,9,14,0,5,60,159,2,1,1,6,NAPOLEON III (BOULEVARD),0.0,0.0
201400011383,27,9,14,3,5,60,88,2,1,1,6,"56, GORBELLA (BD DE)",0.0,0.0
201400011384,27,9,14,20,5,60,88,2,1,1,2,PENETRANTE DU PAILLON,0.0,0.0
201400011385,27,9,14,23,5,60,88,2,2,1,3,"0, VERANY (BD J.B.)",0.0,0.0
201400011386,28,9,14,12,1,60,88,2,1,1,6,"51, HUGO (BD VICTOR)",0.0,0.0
201400011387,30,9,14,5,5,60,88,2,2,2,3,"0, ARSON (RUE)",0.0,0.0
201400011388,1,10,14,4,5,60,88,2,1,1,1,"0, RIQUIER (BD DE)",0.0,0.0
201400011389,1,10,14,16,1,60,88,2,3,1,3,"0, ARIANE (BD DE L')",0.0,0.0
201400011390,2,10,14,0,5,60,88,2,1,1,6,"0, SAQUI (AV. JOSEPH)",0.0,0.0
201400011391,2,10,14,14,1,60,88,2,3,1,6,"113, FRANCE (R. DE) A PA",0.0,0.0
201400011392,2,10,14,22,3,60,88,2,1,1,6,"3, RD 6202",0.0,0.0
201400011393,4,10,14,13,1,60,88,2,3,1,3,"0, RAYNAUD (BD AUGUSTE)",0.0,0.0
201400011394,5,10,14,9,1,60,88,2,1,3,6,"71, GAIRAUT (AV. DE)",0.0,0.0
201400011395,5,10,14,15,1,60,88,2,1,1,2,"58, MONTEL (BD PAUL)",0.0,0.0
201400011396,6,10,14,17,1,60,88,2,1,1,3,"0, DIABLES BLEUS (AV. DE",0.0,0.0
201400011397,7,10,14,0,5,60,88,2,1,1,3,"0, ILE-DE-BEAUTE (PL. DE",0.0,0.0
201400011398,7,10,14,17,1,60,88,2,1,1,2,"0, VOIE RAPIDE",0.0,0.0
201400011399,8,10,14,8,1,60,88,2,2,1,1,"0, SAINT-LAMBERT (AV.) (",0.0,0.0
201400011400,9,10,14,18,1,60,88,2,1,1,3,"113, ANGLAIS (N? 113)",0.0,0.0
201400011401,9,10,14,18,1,60,88,2,1,1,6,"96, CESSOLE (BD DE) (A P",0.0,0.0
201400011402,10,10,14,11,1,60,88,2,6,1,3,"0, ROQUEBILLIERE (R. DE)",0.0,0.0
201400011403,10,10,14,12,1,60,88,2,1,1,2,"0, BOURGADA (TRAV. DE LA",0.0,0.0
201400011404,12,10,14,11,1,60,88,2,1,1,6,"0, LISERONS (IMPASSE DES",0.0,0.0
201400011405,12,10,14,22,5,60,159,2,3,1,2,MARECHAL FOCH (AVENUE),0.0,0.0
201400011406,13,10,14,16,1,60,88,2,1,3,7,"0, GAMBETTA (JUSQU'AU N?",0.0,0.0
201400011407,14,10,14,9,1,60,88,2,1,2,3,"0, REINE-VICTORIA (AV.)",0.0,0.0
201400011408,14,10,14,18,1,60,88,2,2,1,3,"0, CIAIS (RUE DU DOCTEUR",0.0,0.0
201400011409,14,10,14,18,5,60,88,2,1,1,5,"68, CIMIEZ (BD) A PARTIR",0.0,0.0
201400011410,15,10,14,9,1,60,88,2,1,1,6,"0, RIQUIER (BD DE)",0.0,0.0
201400011411,15,10,14,14,1,60,88,2,1,1,2,"4, CIMIEZ (BD) JUSQU'AU",0.0,0.0
201400011412,17,10,14,11,1,60,88,2,1,1,6,"0, BARLA (TRAV.)",0.0,0.0
201400011413,18,10,14,14,1,60,88,2,1,1,3,"229, ANGLAIS (DU N? 114",0.0,0.0
201400011414,19,10,14,18,1,60,88,2,1,1,6,"17, CARNOT (BD)",0.0,0.0
201400011415,20,10,14,19,5,60,88,2,1,1,3,"217, CALIFORNIE (AV.) (A",0.0,0.0
201400011416,21,10,14,9,1,60,88,2,2,1,3,"0, DIABLES BLEUS (AV. DE",0.0,0.0
201400011417,21,10,14,11,1,60,88,2,1,1,3,"0, RD 6202",0.0,0.0
201400011418,21,10,14,15,1,60,88,2,2,1,3,GUYNEMER (PL.),0.0,0.0
201400011419,21,10,14,21,5,60,88,2,1,1,6,"137, ANGLAIS (A PARTIR D",0.0,0.0
201400011420,22,10,14,8,1,60,88,2,1,1,6,"32, MALAUSSENA (AV.)",0.0,0.0
201400011421,22,10,14,12,1,60,88,2,1,1,3,"108, BRANCOLAR (AV.) (A",0.0,0.0
201400011422,23,10,14,14,1,60,88,2,1,1,6,"37, MEDECIN (AV. JEAN)",0.0,0.0
201400011423,24,10,14,4,5,60,88,2,1,1,6,"7-9, GARIBALDI (PL.)",0.0,0.0
201400011424,24,10,14,14,1,60,88,2,1,1,3,"33, BANVILLE (RUE THEODO",0.0,0.0
201400011425,24,10,14,21,5,60,88,2,2,1,3,"0, COMBATTANTS D'AFN (RU",0.0,0.0
201400011426,25,10,14,12,1,60,88,2,1,1,6,POMPIDOU (BD GEORGES),0.0,0.0
201400011427,26,10,14,10,1,60,88,2,2,1,3,"0, GAMBETTA (A PARTIR DU",0.0,0.0
201400011428,27,10,14,7,1,60,88,2,1,1,7,"10, JOLY (CORNICHE ANDRE",0.0,0.0
201400011429,27,10,14,10,1,60,88,2,2,1,3,"23, MIOLLIS (R.)",0.0,0.0
201400011430,27,10,14,11,1,60,88,2,1,1,6,"8, NOTRE-DAME (AV.)",0.0,0.0
201400011431,28,10,14,18,5,60,88,2,1,1,2,"24, ARIANE (BD DE L')",0.0,0.0
201400011432,28,10,14,14,1,60,88,2,1,1,6,"43, FRANCE (R. DE) DU N?",0.0,0.0
201400011433,28,10,14,17,2,60,88,2,1,1,3,"179, CASSIN (BD RENE)",0.0,0.0
201400011434,28,10,14,19,5,60,88,2,2,1,3,"0, RAYNAUD (BD AUGUSTE)",0.0,0.0
201400011435,29,10,14,17,2,60,88,2,1,1,4,VOIE RAPIDE,0.0,0.0
201400011436,30,10,14,13,1,60,88,2,2,1,3,"0, SEMERIA (AV. DENIS)",0.0,0.0
201400011437,30,10,14,17,2,60,88,2,3,1,3,"0, ARIANE (BD DE L')",0.0,0.0
201400011438,31,10,14,12,1,60,88,2,1,1,3,"0, THIERS (AV.)",0.0,0.0
201400011439,31,10,14,22,5,60,88,2,2,1,6,"12, ARMEE DES ALPES (BD",0.0,0.0
201400011440,1,11,14,0,5,60,88,2,1,1,6,"1, ANGLAIS (DU N? 1 AU N",0.0,0.0
201400011441,1,11,14,13,1,60,88,2,1,1,3,"0, ROQUEBILLIERE (R. DE)",0.0,0.0
201400011442,1,11,14,23,5,60,88,2,2,1,3,"0, BESSET (AV.) (A PARTI",0.0,0.0
201400011443,2,11,14,1,5,60,88,2,1,1,7,RD 6202,0.0,0.0
201400011444,2,11,14,2,5,60,88,2,2,1,6,"12, RISSO (BD)",0.0,0.0
201400011445,4,11,14,18,5,60,88,2,3,3,6,"0, BOYER (RUE)",0.0,0.0
201400011446,5,11,14,16,1,60,88,2,1,1,2,"0, VOIE RAPIDE",0.0,0.0
201400011447,5,11,14,17,5,60,88,2,3,1,3,"0, DIABLES BLEUS (AV. DE",0.0,0.0
201400011448,5,11,14,22,5,60,88,2,3,1,3,"0, MONZIE (R. ANATOLE DE",0.0,0.0
201400011449,6,11,14,8,1,60,88,2,1,1,6,"02, FAURE (AV. FELIX)",0.0,0.0
201400011450,6,11,14,17,2,60,88,2,2,1,3,"0, LEPANTE (R. DE)",0.0,0.0
201400011451,7,11,14,17,5,60,88,2,1,1,6,"57, GAMBETTA (A PARTIR D",0.0,0.0
201400011452,7,11,14,21,5,60,88,2,2,1,3,"0, VERNIER (R.)",0.0,0.0
201400011453,8,11,14,5,5,60,88,2,2,1,6,"245, ANGLAIS PLAGE (DU 1",0.0,0.0
201400011454,8,11,14,7,1,60,88,2,1,1,3,"0, BARLA (RUE)",0.0,0.0
201400011455,9,11,14,17,4,60,88,2,1,3,6,"70, GAMBETTA (A PARTIR D",0.0,0.0
201400011456,10,11,14,10,1,60,88,2,1,2,2,"16, RIQUIER (BD DE)",0.0,0.0
201400011457,11,11,14,20,1,60,88,2,1,2,6,"39, SANTOLINE (R. DE LA)",0.0,0.0
201400011458,12,11,14,8,1,60,88,2,1,1,3,"25, ROQUEBILLIERE (R. DE",0.0,0.0
201400011459,12,11,14,14,1,60,88,2,1,2,2,"22, FALICON (BD COMTE DE",0.0,0.0
201400011460,13,11,14,8,1,60,88,2,1,1,3,"0, VOIE RAPIDE",0.0,0.0
201400011461,13,11,14,14,1,60,88,2,1,1,2,"ignor?, ANGLAIS (DU N? 4",0.0,0.0
201400011462,14,11,14,7,1,60,88,2,1,1,6,"37 BIS, MATISSE (AV. HEN",0.0,0.0
201400011463,15,11,14,11,1,60,159,2,1,3,6,"9, ALBERT 1ER (AVENUE)",0.0,0.0
201400011464,15,11,14,11,1,60,88,2,1,3,4,"0, VOIE RAPIDE",0.0,0.0
201400011465,16,11,14,7,1,60,88,2,2,1,3,"67, ARIANE (BD DE L')",0.0,0.0
201400011466,16,11,14,12,1,60,88,2,1,1,3,"31, CAP DE CROIX (AV. ET",0.0,0.0
201400011467,16,11,14,16,1,60,88,2,1,1,3,"0, RAYNAUD (BD AUGUSTE)",0.0,0.0
201400011468,17,11,14,14,1,60,88,2,1,1,6,"0, LEPANTE (R. DE)",0.0,0.0
201400011469,17,11,14,17,2,60,88,2,3,1,3,"20, ARIANE (BD DE L')",0.0,0.0
201400011470,18,11,14,10,1,60,88,2,1,1,3,"0, CASSIN (BD RENE)",0.0,0.0
201400011471,18,11,14,13,1,60,88,2,1,1,2,"0, RD 6202",0.0,0.0
201400011472,19,11,14,6,1,60,88,2,1,1,3,"0, TZAREWITCH (BD DU)",0.0,0.0
201400011473,19,11,14,7,1,60,88,2,1,1,6,"45, MADELEINE (BD DE LA)",0.0,0.0
201400011474,19,11,14,14,1,60,88,2,1,1,6,"28, ROQUEBILLIERE (R. DE",0.0,0.0
201400011475,19,11,14,15,1,60,88,2,3,1,3,ETATS UNIS (QUAI DES),0.0,0.0
201400011476,19,11,14,17,4,60,88,2,1,1,3,"63, MADELEINE (BD DE LA)",0.0,0.0
201400011477,24,11,14,12,1,60,88,2,2,8,3,"0, COMBOUL (AV. RAYMOND)",0.0,0.0
201400011478,24,11,14,14,1,60,88,2,1,1,2,"0, RD 6202",0.0,0.0
201400011479,26,11,14,0,5,60,88,2,1,2,4,"143, GAMBETTA (A PARTIR",0.0,0.0
201400011480,26,11,14,8,1,60,88,2,1,8,3,"0, GINESTIERE (CH. DE LA",0.0,0.0
201400011481,28,11,14,7,2,60,88,2,1,2,6,"87, LYAUTEY (AV. DU MAL)",0.0,0.0
201400011482,28,11,14,7,1,60,88,2,1,2,2,"59, CIMIEZ (BD) A PARTIR",0.0,0.0
201400011483,29,11,14,13,1,60,88,2,1,1,3,"0, SAINT-ISIDORE (QUART.",0.0,0.0
201400011484,29,11,14,18,5,60,88,2,2,2,3,"31, GAMBETTA (JUSQU'AU N",0.0,0.0
201400011485,2,12,14,8,1,60,88,2,1,1,4,"111, CAL DE SPAGNOL SOUB",0.0,0.0
201400011486,2,12,14,14,1,60,88,2,1,1,6,"2, SAINT-SYLVESTRE (AV.",0.0,0.0
201400011487,4,12,14,8,1,60,88,2,1,1,6,"17, RAY (AV. DU)",0.0,0.0
201400011488,4,12,14,18,5,60,88,2,1,2,6,MONTEL (BD PAUL),0.0,0.0