Num_Acc,jour,mois,an,hr,condition_eclairage,departement,commune,condition_agglomeration,intersection,condition_atmosphere,type_collision,adresse,lattitude,longitude
201400011489,4,12,14,19,5,60,88,2,9,2,6,"158, SAINT-ANTOINE (RTE",0.0,0.0
201400011490,6,12,14,10,1,60,88,2,1,2,6,"138, ARIANE (BD DE L')",0.0,0.0
201400011491,6,12,14,11,1,60,159,2,1,1,1,"0, CHARLES II D ANJOU (P",0.0,0.0
201400011492,6,12,14,16,1,60,88,2,1,3,2,"0, VOIE RAPIDE",0.0,0.0
201400011493,7,12,14,16,1,60,88,2,1,1,4,"0, ETATS UNIS (QUAI DES)",0.0,0.0
201400011494,8,12,14,7,2,60,88,2,1,1,6,"38, LEPANTE (R. DE)",0.0,0.0
201400011495,8,12,14,11,1,60,88,2,1,1,3,"54, BRANCOLAR (AV.) (A P",0.0,0.0
201400011496,9,12,14,7,1,60,88,2,3,1,1,"0, ARBORAS (TRAV. DES)",0.0,0.0
201400011497,10,12,14,11,1,60,88,2,1,1,2,LYAUTEY (AV. DU MAL),0.0,0.0
201400011498,11,12,14,19,5,60,88,2,1,1,6,"6, AUNE (RUE FRANCOIS)",0.0,0.0
201400011499,12,12,14,13,1,60,88,2,1,1,3,"0, SLAMA (RUE MAURICE)",0.0,0.0
201400011500,13,12,14,17,5,60,88,2,1,1,6,"0, BRES (RUE J.)",0.0,0.0
201400011501,13,12,14,18,5,60,88,2,1,1,3,"400, ANGLAIS PLAGE(  PAR",0.0,0.0
201400011502,13,12,14,21,5,60,88,2,1,1,6,"290, FABRON (AV. DE) (A",0.0,0.0
201400011503,14,12,14,2,5,60,88,2,1,2,3,"0, ANGLAIS (DU N? 45 AU",0.0,0.0
201400011504,14,12,14,14,1,60,88,2,1,1,6,"5, ANGLAIS (A PARTIR DU",0.0,0.0
201400011505,15,12,14,8,1,60,88,2,1,1,6,"30, FLIREY (AV. DE)",0.0,0.0
201400011506,15,12,14,15,1,60,88,2,1,1,6,"50, GROSSO (JUSQU'AU N?",0.0,0.0
201400011507,16,12,14,8,1,60,159,2,3,2,3,"0, CORNE D OR (BOULEVARD",0.0,0.0
201400011508,17,12,14,14,1,60,88,2,1,1,6,"0, TASSIGNY (ESPLANADE L",0.0,0.0
201400011509,17,12,14,14,1,60,88,2,1,1,3,SAINT-PHILIPPE (PL.),0.0,0.0
201400011510,17,12,14,19,5,60,88,2,2,1,3,VERANY (BD J.B.),0.0,0.0
201400011511,18,12,14,2,5,60,88,2,1,1,3,"0, VERANY (BD J.B.)",0.0,0.0
201400011512,18,12,14,3,5,60,88,2,1,1,6,"0, ANGLAIS (A PARTIR DU",0.0,0.0
201400011513,18,12,14,13,1,60,88,2,1,1,3,"7, BOSQUETS (AV. DES)",0.0,0.0
201400011514,18,12,14,16,1,60,88,2,1,1,3,"0, HUGO (BD VICTOR)",0.0,0.0
201400011515,18,12,14,16,1,60,88,2,1,1,6,"5, FALICON (BD COMTE DE)",0.0,0.0
201400011516,18,12,14,18,5,60,88,2,1,1,4,"10, GARNIER (BD JOSEPH)",0.0,0.0
201400011517,19,12,14,11,1,60,88,2,2,1,3,"0, BOSQUETS (AV. DES)",0.0,0.0
201400011518,19,12,14,13,1,60,88,2,1,1,6,"58, BRAILLE (BD LOUIS)",0.0,0.0
201400011519,23,12,14,3,5,60,88,2,1,1,6,"0, MASSENA (PLACE)",0.0,0.0
201400011520,23,12,14,12,1,60,88,2,1,1,2,"0, ROQUEBILLIERE (R. DE)",0.0,0.0
201400011521,24,12,14,11,1,60,88,2,1,1,6,"0, SOLA (BD PIERRE)",0.0,0.0
201400011522,24,12,14,11,1,60,88,2,1,1,6,"0, MASSENA (PLACE)",0.0,0.0
201400011523,24,12,14,14,1,60,88,2,1,1,6,"22, ANGLETERRE (RUE D')",0.0,0.0
201400011524,25,12,14,17,2,60,159,2,1,1,1,"19, PRINCESSE GRACE DE M",0.0,0.0
201400011525,26,12,14,7,2,60,88,2,1,1,6,"13, GAMBETTA (JUSQU'AU N",0.0,0.0
201400011526,26,12,14,11,1,60,88,2,2,1,6,"0, LATTRE DE TASSIGNY (E",0.0,0.0
201400011527,26,12,14,18,5,60,88,2,1,1,2,GRENOBLE (ROUTE DE),0.0,0.0
201400011528,28,12,14,14,1,60,88,2,7,1,3,BAREL (PLACE MAX),0.0,0.0
201400011529,30,12,14,14,1,60,88,2,2,1,3,"57, ANGLAIS (DU N? 45 AU",0.0,0.0
201400011530,30,12,14,15,1,60,88,2,1,1,2,"6, PHOCEENS (AV. DES)",0.0,0.0
201400011531,30,12,14,17,5,60,88,2,1,1,3,QUAI PAPACINO,0.0,0.0
201400011532,31,12,14,11,1,60,88,2,1,1,6,"38, SAPPIA (AV. HENRI)",0.0,0.0
201400011533,31,12,14,11,1,60,88,2,1,1,3,"33, GEORGES V (AV.)",0.0,0.0
201400011534,23,5,14,5,3,33,234,1,1,1,1,,0.0,0.0
201400011535,25,9,14,17,1,33,85,1,2,1,3,,0.0,0.0
201400011536,12,1,14,15,1,58,214,1,1,1,6,,0.0,0.0
201400011537,17,1,14,19,2,58,303,1,1,1,3,,0.0,0.0
201400011538,6,4,14,15,1,58,303,1,1,1,7,,0.0,0.0
201400011539,2,11,14,6,2,58,212,1,1,1,7,,0.0,0.0
201400011540,15,4,14,17,1,21,515,2,1,1,3,Bld de l'universit?,47.316,5.1
201400011541,29,8,14,13,1,21,171,2,1,1,5,9 boulevard Jean Moulin,47.296,5.139
201400011542,4,11,14,17,1,21,515,2,1,2,3,rue des charri?res,47.318,5.099
201400011543,24,11,14,14,1,21,515,2,1,1,1,Boulevard Jean Jaurés,0.0,0.0
201400011544,27,11,14,7,5,21,171,2,1,2,6,avenue de la R?publique,47.302,5.135
201400011545,22,12,14,13,1,15,145,1,1,1,6,,44.96,2.923
201400011546,20,1,14,6,3,13,40,1,1,9,6,CHEMIN DU ROUSSET,0.0,0.0
201400011547,9,2,14,1,3,13,40,1,1,8,6,,0.0,0.0
201400011548,13,2,14,10,1,13,87,1,2,1,3,,0.0,0.0
201400011549,16,2,14,9,1,13,40,1,1,2,2,,0.0,0.0
201400011550,4,5,14,3,3,13,40,1,1,1,6,,0.0,0.0
201400011551,15,6,14,13,1,13,87,1,1,1,6,,0.0,0.0
201400011552,4,9,14,5,3,13,87,2,1,1,1,Campagne Man?ou,0.0,0.0
201400011553,7,9,14,2,3,13,40,1,1,1,1,,0.0,0.0
201400011554,20,9,14,8,1,13,87,1,1,1,6,,0.0,0.0
201400011555,3,10,14,19,5,13,40,2,1,1,2,,0.0,0.0
201400011556,19,10,14,17,1,13,40,1,1,1,1,,0.0,0.0
201400011557,1,1,14,9,1,47,195,1,1,1,6,,44.0933,0.36041
201400011558,8,1,14,8,2,47,174,1,1,1,6,,44.056,0.369
201400011559,13,2,14,21,5,47,143,2,1,1,1,avenue g?n?ral de Gaulle,0.0,0.0
201400011560,9,3,14,12,1,47,195,1,1,1,2,,44.152,0.323
201400011561,4,6,14,15,1,47,172,1,2,1,3,,44.138,0.512
201400011562,11,11,14,9,1,47,195,1,1,1,6,,44.134,0.358
201400011563,15,11,14,22,3,47,186,1,1,3,6,,44.211,0.452
201400011564,27,12,14,9,1,47,176,1,2,2,3,,44.2039,0.29392
201400011565,21,12,14,10,1,70,229,2,1,1,6,"247, ROUTE DE MONTELIMAR",0.0,0.0
201400011566,22,12,14,6,3,70,116,1,1,1,6,RN 102,0.0,0.0
201400011567,22,1,14,5,5,70,19,2,1,1,6,"9, BELLANDE (AVENUE DE )",0.0,0.0
201400011568,15,2,14,13,1,70,19,2,1,2,7,"10, GEORGES COUDERC (RUE",0.0,0.0
201400011569,15,3,14,16,1,70,19,1,1,1,1,RN 102,0.0,0.0
201400011570,19,3,14,14,1,70,19,2,3,1,3,"12, DOCTEUR PARGOIRE (RU",0.0,0.0
201400011571,24,3,14,14,1,70,19,2,6,1,3,MONTELIMAR ( ROUTE DE ),0.0,0.0
201400011572,12,4,14,15,1,70,19,2,1,1,3,"20, DELATTRE DE TASSIGNY",0.0,0.0
201400011573,12,5,14,13,1,70,19,2,1,1,6,"93, JEAN MATHON(BOULEVAR",0.0,0.0
201400011574,8,6,14,6,1,70,116,1,1,1,1,RN 102,0.0,0.0
201400011575,1,8,14,14,1,70,19,2,1,1,5,BOISVIGNAL (AVENUE),0.0,0.0
201400011576,25,8,14,5,3,70,19,2,1,1,6,"34, SAINT PIERRE(CHEMIN",0.0,0.0
201400011577,15,9,14,15,1,70,19,1,1,1,6,RN 102,0.0,0.0
201400011578,20,9,14,23,5,70,19,2,6,1,6,"4, CAMILLE LAPRADE (BOUL",0.0,0.0
201400011579,5,2,14,18,5,70,102,2,1,2,6,REPUBLIQUE (AV. DE LA) [,0.0,0.0
201400011580,17,2,14,8,1,70,102,2,1,1,2,Chemin des MULETS,0.0,0.0
201400011581,19,2,14,7,2,70,102,2,1,1,3,", MISTRAL (PONT FREDERIC",0.0,0.0
201400011582,8,3,14,15,1,70,102,2,2,1,3,"0, BRANDONS (RUE DES)",0.0,0.0
201400011583,30,3,14,15,1,70,281,1,1,1,6,C.D. 533 (VERS LE PUY),0.0,0.0
201400011584,26,4,14,5,5,70,102,2,6,1,6,REPUBLIQUE (AV.DE LA) [D,0.0,0.0
201400011585,8,5,14,17,1,70,281,1,1,1,4,C.D. 533 (VERS LE PUY),0.0,0.0
201400011586,21,5,14,7,1,70,70,2,3,2,3,"100, COLONNEL ROUSSET (A",0.0,0.0
201400011587,28,5,14,13,1,70,281,2,1,1,6,GAULLE (AVENUE CHARLES D,0.0,0.0
201400011588,26,6,14,19,1,70,281,1,1,1,1,C.D.533,0.0,0.0
201400011589,27,6,14,9,1,70,281,1,1,1,7,C.D. 533 (VERS LE PUY),0.0,0.0
201400011590,20,7,14,10,1,70,102,2,6,1,3,"0, CRUSSOL (RUE DE)",0.0,0.0
201400011591,2,8,14,12,1,70,281,1,1,1,6,C.D. 533 (VERS LE PUY),0.0,0.0
201400011592,13,4,14,16,1,11,202,1,1,1,1,,0.0,0.0
201400011593,15,4,14,16,1,11,202,1,1,1,1,,0.0,0.0
201400011594,20,6,14,11,1,11,86,1,1,1,3,,42.9364,2.99134
201400011595,8,8,14,7,1,11,202,2,1,1,1,Avenue du Languedoc,0.0,0.0
201400011596,23,11,14,18,3,11,202,1,1,2,2,,42.85568,3.03279
201400011597,5,3,14,5,2,57,38,1,1,1,1,GN49.453 5.952,0.0,0.0
201400011598,1,4,14,14,1,57,38,2,1,1,3,rue Salvador Allende,0.0,0.0
201400011599,2,4,14,18,1,57,529,2,1,1,3,RUE DES ECOLES49.43 6.01,0.0,0.0
201400011600,6,4,14,21,3,57,305,1,6,1,7,,0.0,0.0
201400011601,3,5,14,20,1,57,41,2,6,1,7,Rond point RD906,49.42314,5.9346
201400011602,5,5,14,15,1,57,38,1,1,1,1,GN 49.468 5.964,0.0,0.0
201400011603,21,6,14,0,5,57,38,2,1,1,7,RD 16 008+100,0.0,0.0
201400011604,27,6,14,20,1,57,498,2,1,1,3,RD57,0.0,0.0
201400011605,3,10,14,11,1,57,41,1,1,1,3,,0.0,0.0
201400011606,17,12,14,17,5,70,186,2,1,2,3,COTE DU BARON,0.0,0.0
201400011607,31,1,14,17,1,70,186,2,1,1,6,"300, PASTE (BLD. DE)",0.0,0.0
201400011608,17,2,14,1,5,70,186,2,1,1,6,"55, MINES (ROUTES DES) A",0.0,0.0
201400011609,15,5,14,12,1,70,186,2,1,1,2,"445, SEGUIN (AVENUE MARC",0.0,0.0
201400011610,23,5,14,15,1,70,186,2,3,1,3,"263, SEGUIN (AVENUE MARC",0.0,0.0
201400011611,31,5,14,4,3,70,72,1,1,1,6,CHASSAGNE (BAS),0.0,0.0
201400011612,5,8,14,19,1,70,186,2,1,1,2,"1 TER, MINES (ROUTES DES",0.0,0.0
201400011613,24,8,14,15,1,70,72,1,1,1,7,CHASSAGNE (HAUT),0.0,0.0
201400011614,11,9,14,8,1,70,186,2,1,1,6,"07, CHOMERAC (AVENUE DE)",0.0,0.0
201400011615,3,10,14,8,1,70,8,2,1,1,3,GRANDE RUE,0.0,0.0
201400011616,23,9,14,19,2,70,8,2,1,1,6,"339, Route de ROCHESSAUV",0.0,0.0
201400011617,19,10,14,16,1,70,186,2,1,1,7,"1, ROMAINE (VOIE)",0.0,0.0
201400011618,31,10,14,16,1,70,186,2,1,1,3,"1, ROUTE DEPARTEMENTALE",0.0,0.0
201400011619,6,11,14,16,1,70,186,2,1,1,2,"13, COUX (AVENUE DE)",0.0,0.0
201400011620,8,11,14,22,5,70,186,2,1,1,6,"39, AUBENAS (ROUTE D')",0.0,0.0
201400011621,11,11,14,7,2,70,186,2,1,2,6,"42, AUBENAS (ROUTE D')",0.0,0.0
201400011622,17,11,14,13,1,70,186,2,1,1,6,"1, RECLUSE (RUE DE LA)",0.0,0.0
201400011623,13,12,14,13,1,70,8,1,1,8,3,D2 ( ROUTE DEPARTEMENTAL,0.0,0.0
201400011624,17,1,14,13,1,34,259,2,1,1,3,Route de Lodeve,0.0,0.0
201400011625,18,1,14,6,5,34,123,2,2,1,3,Route de Lodeve,0.0,0.0
201400011626,5,3,14,19,3,34,134,2,1,1,6,cd 5,43.595,3.806
201400011627,3,8,14,19,1,34,202,1,1,1,3,,0.0,0.0
201400011628,9,8,14,8,1,34,202,1,1,1,6,,0.0,0.0
201400011629,5,11,14,18,5,34,134,2,1,1,6,1 rue des serres,43.976,3.334
201400011630,24,6,14,11,1,11,397,1,9,1,5,,43.202,2.492
201400011631,12,7,14,13,1,11,397,2,1,1,6,route de BEZIERS,0.0,0.0
201400011632,16,10,14,15,1,11,397,2,1,1,6,1 rue de picardie,43.21,2.442
201400011633,13,11,14,13,1,11,337,1,1,1,1,,43.219,2.628
201400011634,1,6,14,7,2,23,257,1,1,1,6,,0.0,0.0
201400011635,10,12,14,18,5,78,575,2,6,1,6,Place du 14 juillet,0.0,0.0
201400011636,15,1,14,12,1,91,319,1,1,2,7,A10,48.641,2.145
201400011637,12,2,14,6,3,78,9,1,1,1,2,,0.0,0.0
201400011638,27,2,14,17,1,28,92,1,1,1,6,,48.35405,1.87456
201400011639,2,4,14,11,1,28,26,1,1,1,6,,48.32164,1.86348
201400011640,23,5,14,11,1,28,363,1,1,1,6,,48.41943,1.89915
201400011641,30,5,14,23,3,28,26,1,1,1,6,,48.32792,1.86458
201400011642,22,6,14,16,1,28,363,1,1,1,6,,48.40085,1.89361
201400011643,10,7,14,8,1,78,3,1,1,8,6,,48.531,1.836
201400011644,13,7,14,1,5,78,537,1,1,1,2,,0.0,0.0
201400011645,30,7,14,22,3,78,9,1,1,1,2,,48.468,1.913
201400011646,3,8,14,8,1,78,506,1,1,1,6,,0.0,0.0
201400011647,31,8,14,23,3,28,26,1,1,1,6,,48.32295,1.86352
201400011648,14,9,14,11,1,28,408,1,1,1,7,,48.37515,1.8868
201400011649,22,9,14,18,1,78,349,1,1,1,5,,48.575,1.993
201400011650,24,9,14,15,1,78,349,1,1,1,7,,48.57,1.979
201400011651,28,9,14,13,1,78,601,1,1,1,6,,0.0,0.0
201400011652,29,9,14,8,1,91,363,1,1,2,2,A10,0.0,0.0
201400011653,11,10,14,7,2,78,3,1,9,2,4,,0.0,0.0
201400011654,14,10,14,10,1,78,562,1,9,1,7,,0.0,0.0
201400011655,14,10,14,16,1,78,499,1,1,1,3,,0.0,0.0
201400011656,14,10,14,12,1,78,537,1,1,1,6,,48.559,1.932
201400011657,26,10,14,17,1,91,200,1,1,1,2,A 10,48.562,1.939
201400011658,27,10,14,8,1,78,143,1,1,5,1,,0.0,0.0
201400011659,13,11,14,8,1,78,537,2,1,1,7,8 rue de Guhermont,0.0,0.0
201400011660,14,11,14,16,1,78,3,1,6,8,7,,48.535,1.833
201400011661,26,11,14,13,1,78,3,1,1,2,6,,0.0,0.0
201400011662,26,11,14,19,5,78,356,2,1,2,1,Rue jean baudin,0.0,0.0
201400011663,26,11,14,11,1,78,513,2,1,1,6,Les Croix,0.0,0.0
201400011664,1,12,14,11,1,78,499,1,1,1,2,,0.0,0.0
201400011665,7,12,14,18,3,78,497,1,1,1,1,,0.0,0.0
201400011666,13,12,14,13,1,78,128,1,1,3,6,,0.0,0.0
201400011667,18,12,14,11,1,78,464,1,1,1,3,,0.0,0.0
201400011668,19,12,14,12,1,78,356,1,1,2,1,,0.0,0.0
201400011669,30,12,14,11,1,78,569,1,1,1,1,,48.536,1.952
201400011670,20,4,14,23,3,51,232,1,1,1,6,D980,0.0,0.0
201400011671,21,6,14,12,1,51,105,1,1,1,1,D64,0.0,0.0
201400011672,26,7,14,22,3,51,75,1,1,1,6,D274,0.0,0.0
201400011673,17,5,14,21,2,69,7,2,1,1,3,ROUTE DE LA TAQUIERE,45.492,4.805
201400011674,12,6,14,15,1,69,189,1,1,1,3,,0.0,0.0
201400011675,29,6,14,7,1,69,80,1,1,1,6,,0.0,0.0
201400011676,18,7,14,21,2,69,7,1,1,1,2,,0.0,0.0
201400011677,27,8,14,11,1,69,7,2,7,1,6,place de l'?glise,0.0,0.0
201400011678,28,8,14,17,1,69,64,2,1,1,7,Rue de l'Arbuel,45.472,4.768
201400011679,2,9,14,17,1,69,7,1,3,1,3,,0.0,0.0
201400011680,26,10,14,18,1,69,7,1,1,1,6,,0.0,0.0
201400011681,17,1,14,11,1,37,50,2,1,1,3,avenue de la Branchoire,0.0,0.0
201400011682,3,4,14,7,1,37,50,2,1,2,3,Carrefour RD910/RD943,0.0,0.0
201400011683,28,4,14,18,1,37,50,2,1,1,3,AVENUE DE LA REPUBLIQUE,0.0,0.0
201400011684,10,7,14,16,1,37,50,2,1,1,6,AV ALEXANDRE MINKOWSKI,0.0,0.0
201400011685,27,8,14,11,1,37,99,1,6,8,3,ROND POINT DU PANIER,0.0,0.0
201400011686,10,9,14,18,1,37,50,2,9,1,6,PARKING AUCHAN,0.0,0.0
201400011687,23,4,14,19,1,29,140,1,1,1,6,,48.37586,-4.30625
201400011688,29,4,14,23,3,29,189,1,1,1,6,,48.37401,-4.36867
201400011689,29,4,14,20,1,29,189,1,1,1,1,,48.37405,-4.3691
201400011690,26,5,14,14,1,29,189,2,1,1,1,rue de la fontaine blanc,48.37405,-4.3691
201400011691,26,5,14,15,1,29,78,1,1,1,1,,48.32749,-4.16111
201400011692,11,7,14,17,1,29,78,1,1,1,2,,48.31027,-4.18504
201400011693,29,1,14,0,3,33,229,2,6,3,6,Rond-Point Marilou,44.711,-1.049
201400011694,8,2,14,3,3,33,229,1,6,2,6,,44.739,-1.034
201400011695,4,6,14,9,1,33,5,1,1,1,3,,0.0,0.0
201400011696,13,6,14,20,1,33,229,1,9,1,6,,0.0,0.0
201400011697,17,7,14,12,1,33,229,1,1,1,6,,0.0,0.0
201400011698,3,8,14,16,1,33,229,1,1,1,3,,0.0,0.0
201400011699,27,8,14,21,5,33,5,2,3,1,3,50 bd J.Marcel Despagne,0.0,0.0
201400011700,14,9,14,3,5,33,229,2,1,1,6,5 bd de la R?publique,0.0,0.0
201400011701,2,12,14,7,2,33,229,1,1,1,1,,0.0,0.0
201400011702,20,12,14,15,1,33,5,2,1,1,6,avenue de Bordeaux,0.0,0.0
201400011703,15,5,14,11,1,60,142,2,1,1,2,924A,0.0,0.0
201400011704,18,5,14,16,1,60,142,1,1,1,3,,0.0,0.0
201400011705,25,6,14,15,1,60,142,2,1,1,1,Rue de Paris,0.0,0.0
201400011706,19,3,14,10,1,73,257,1,1,1,1,,45.3668,6.5187
201400011707,15,7,14,16,1,73,257,1,1,1,5,,45.3548,6.5223
201400011708,23,2,14,20,3,51,617,1,1,1,2,A4,0.0,0.0
201400011709,14,7,14,17,1,51,617,1,1,1,6,A4,0.0,0.0
201400011710,22,9,14,16,1,51,326,1,1,1,1,D944,0.0,0.0
201400011711,2,11,14,7,1,51,99,1,1,1,2,A26,0.0,0.0
201400011712,9,12,14,2,3,51,409,1,1,1,6,A26,0.0,0.0
201400011713,17,12,14,18,3,51,99,1,1,3,7,A26,0.0,0.0
201400011714,18,8,14,8,1,51,323,1,1,3,4,N4,0.0,0.0
201400011715,24,1,14,6,3,77,185,1,1,8,2,,48.4421,2.53289
201400011716,9,3,14,19,3,77,435,1,1,1,3,,48.489,2.517
201400011717,7,4,14,8,1,77,370,1,1,1,2,,48.242,2.748
201400011718,8,6,14,22,3,77,168,1,1,1,6,,48.158,2.872
201400011719,27,6,14,18,1,77,216,1,1,3,6,,48.288,2.676
201400011720,28,6,14,22,3,77,407,1,1,2,5,,48.506,2.506
201400011721,2,10,14,15,1,77,69,1,9,1,3,,48.489,2.629
201400011722,4,10,14,19,2,77,115,1,1,1,7,,0.0,0.0
201400011723,21,10,14,5,3,77,99,1,1,1,6,,48.17,2.704
201400011724,23,10,14,17,1,77,477,2,1,1,1,intersection d152 /d63,0.0,0.0
201400011725,1,11,14,3,3,77,1,1,1,1,2,,48.22001,2.3403
201400011726,3,11,14,15,1,77,115,1,1,1,3,,0.0,0.0
201400011727,7,11,14,15,1,77,471,1,1,8,6,,0.0,0.0
201400011728,9,11,14,16,1,77,69,2,1,1,5,13 rue de forge,0.0,0.0
201400011729,12,11,14,10,1,77,185,1,1,1,1,,48.26269,2.32049
201400011730,3,12,14,15,1,77,465,1,1,8,3,,48.328,2.953
201400011731,5,12,14,20,3,77,156,1,9,1,6,,48.259,2.72
201400011732,6,12,14,6,3,77,370,1,1,8,1,,48.259,2.685
201400011733,9,12,14,7,2,77,185,1,1,9,1,,48.458,2.553
201400011734,18,12,14,18,3,77,431,1,1,2,5,,48.286,2.687
201400011735,22,12,14,18,3,77,485,1,1,1,6,,48.347,2.522
201400011736,26,12,14,19,3,77,185,1,1,2,3,,48.464,2.555
201400011737,18,2,14,1,3,62,259,1,1,1,2,,0.0,0.0
201400011738,10,4,14,23,3,62,121,1,1,1,6,,0.0,0.0
201400011739,11,4,14,6,3,62,80,1,1,1,4,,0.0,0.0
201400011740,29,4,14,0,3,62,582,1,1,1,5,,0.0,0.0
201400011741,6,8,14,14,1,62,121,1,1,3,6,,50.12252,2.87176
201400011742,30,10,14,19,3,62,426,1,1,1,6,,0.0,0.0
201400011743,20,11,14,16,1,62,594,1,1,1,1,,0.0,0.0
201400011744,29,11,14,12,1,62,680,1,1,1,1,,0.0,0.0
201400011745,11,12,14,9,1,62,754,1,1,1,1,,0.0,0.0
201400011746,25,1,14,16,1,80,521,1,1,9,7,,0.0,0.0
201400011747,2,2,14,19,3,80,555,1,1,1,6,,0.0,0.0
201400011748,10,3,14,6,2,80,101,1,1,1,6,,0.0,0.0
201400011749,16,4,14,4,3,80,741,1,1,1,7,,0.0,0.0
201400011750,27,4,14,16,1,80,685,1,1,1,2,,0.0,0.0
201400011751,7,5,14,15,1,80,430,1,1,1,3,,0.0,0.0
201400011752,10,6,14,18,1,80,646,1,1,1,5,,0.0,0.0
201400011753,15,7,14,7,1,80,204,1,1,1,7,,0.0,0.0
201400011754,17,7,14,13,1,80,685,1,9,1,3,,0.0,0.0
201400011755,14,8,14,19,1,80,2,1,1,8,5,,0.0,0.0
201400011756,12,10,14,10,1,80,58,1,1,2,2,,0.0,0.0
201400011757,15,10,14,8,1,80,521,1,1,8,3,,0.0,0.0
201400011758,28,11,14,23,3,80,421,1,1,1,6,,0.0,0.0
201400011759,3,12,14,17,2,80,101,1,1,1,2,,0.0,0.0
201400011760,23,12,14,7,3,80,685,1,1,1,4,,0.0,0.0
201400011761,30,12,14,20,3,80,521,1,1,1,2,,0.0,0.0
201400011762,23,1,14,10,1,13,103,1,1,1,3,A54 PK 71+500 Sens O-E,0.0,0.0
201400011763,8,2,14,12,1,13,49,1,1,1,6,,0.0,0.0
201400011764,18,2,14,10,1,13,51,1,1,1,6,,0.0,0.0
201400011765,26,2,14,11,1,13,114,1,1,3,5,,0.0,0.0
201400011766,7,3,14,16,1,13,67,1,1,1,2,,0.0,0.0
201400011767,15,3,14,19,3,13,105,1,1,6,2,,0.0,0.0
201400011768,13,4,14,18,1,13,105,1,1,1,6,,0.0,0.0
201400011769,15,6,14,22,3,13,105,1,1,8,2,,0.0,0.0
201400011770,20,6,14,0,3,13,112,1,1,1,3,,0.0,0.0
201400011771,23,7,14,11,1,13,103,1,1,1,4,,0.0,0.0
201400011772,25,8,14,15,1,13,112,1,1,1,2,,0.0,0.0
201400011773,24,8,14,14,1,13,51,1,1,1,2,,0.0,0.0
201400011774,31,8,14,5,3,13,114,1,1,1,2,,0.0,0.0
201400011775,31,8,14,10,1,13,103,1,1,1,6,,0.0,0.0
201400011776,8,9,14,6,2,13,97,1,1,1,1,,0.0,0.0
201400011777,13,10,14,10,1,13,103,1,1,1,7,,0.0,0.0
201400011778,22,10,14,19,3,13,37,1,1,2,2,,0.0,0.0
201400011779,2,11,14,18,3,13,103,1,1,1,4,,0.0,0.0
201400011780,4,11,14,19,3,13,1,1,1,3,1,,0.0,0.0
201400011781,14,11,14,7,3,13,51,1,1,1,2,,0.0,0.0
201400011782,6,12,14,16,1,13,1,1,1,2,2,,0.0,0.0
201400011783,10,12,14,14,1,13,51,1,1,1,2,,0.0,0.0
201400011784,3,1,14,18,3,84,87,1,1,2,3,,0.0,0.0
201400011785,13,1,14,6,3,30,212,1,1,1,2,,43.93491,4.60071
201400011786,14,5,14,5,3,84,81,1,1,1,2,,0.0,0.0
201400011787,21,5,14,12,1,84,91,1,1,1,5,,0.0,0.0
201400011788,20,6,14,4,3,84,91,1,1,1,3,,0.0,0.0
201400011789,20,6,14,13,1,84,91,1,1,1,3,,0.0,0.0
201400011790,23,6,14,2,3,84,83,1,1,1,5,,0.0,0.0
201400011791,16,7,14,16,1,84,81,1,1,1,7,,0.0,0.0
201400011792,5,9,14,16,1,84,129,1,1,1,7,,0.0,0.0
201400011793,7,10,14,15,1,84,83,1,1,1,1,,0.0,0.0
201400011794,8,10,14,7,1,30,221,1,1,1,2,,44.02775,4.74576
201400011795,6,11,14,6,2,84,91,1,1,1,5,,0.0,0.0
201400011796,12,12,14,16,1,30,116,1,1,1,2,,43.9394,4.60866
201400011797,7,4,14,11,3,60,86,1,1,1,1,,0.0,0.0
201400011798,12,4,14,17,1,60,584,1,1,1,3,,0.0,0.0
201400011799,26,4,14,11,1,60,393,1,1,3,1,,0.0,0.0
201400011800,31,5,14,7,1,60,686,1,1,1,3,,0.0,0.0
201400011801,6,8,14,15,1,60,601,1,1,3,3,,0.0,0.0
201400011802,16,10,14,10,1,60,393,2,1,8,1,rue de creil,0.0,0.0
201400011803,22,11,14,0,3,60,651,1,1,1,7,,0.0,0.0
201400011804,3,8,14,15,1,80,142,1,1,3,7,,0.0,0.0
201400011805,21,6,14,3,3,25,466,1,9,1,6,,0.0,0.0
201400011806,22,10,14,8,1,25,133,1,1,1,5,,0.0,0.0
201400011807,11,11,14,3,3,25,368,1,1,5,3,,0.0,0.0
201400011808,24,12,14,10,1,25,47,1,1,1,6,,0.0,0.0
201400011809,4,3,14,12,1,27,102,1,1,1,6,,49.22,0.473
201400011810,11,3,14,12,1,27,518,1,1,1,6,,49.27,0.323
201400011811,4,4,14,23,3,27,102,1,1,1,2,,49.22,0.464
201400011812,24,4,14,7,1,27,340,1,1,1,6,,49.215,0.483
201400011813,18,5,14,19,1,27,661,1,1,1,2,,49.212,0.522
201400011814,28,5,14,14,1,27,65,1,9,2,7,,49.191,0.184
201400011815,8,6,14,15,1,76,705,1,1,1,3,,49.32942,1.08747
201400011816,29,7,14,7,2,27,580,1,1,2,7,,49.205,0.54
201400011817,9,10,14,23,3,27,263,1,1,1,6,,49.231,0.333
201400011818,24,12,14,11,1,27,227,1,1,8,6,,49.222,0.384
201400011819,17,1,14,20,5,27,697,1,1,1,1,,49.123,1.13
201400011820,25,2,14,19,3,78,68,1,1,1,4,,0.0,0.0
201400011821,5,4,14,22,3,27,203,1,1,1,1,,49.03,1.262
201400011822,15,10,14,11,1,27,517,1,1,8,2,,49.073,1.192