Num_Acc,jour,mois,an,hr,condition_eclairage,departement,commune,condition_agglomeration,intersection,condition_atmosphere,type_collision,adresse,lattitude,longitude
201400011823,29,10,14,7,2,27,336,1,1,1,2,,49.035,1.25
201400011824,24,12,14,19,3,27,701,1,1,1,2,,49.143,1.113
201400011825,27,12,14,22,3,27,188,1,1,1,4,,49.171,1.072
201400011826,17,1,14,23,3,60,541,1,9,1,2,,0.0,0.0
201400011827,6,3,14,22,3,60,369,1,1,1,4,,0.0,0.0
201400011828,17,3,14,20,4,60,125,1,1,1,7,,0.0,0.0
201400011829,24,4,14,18,1,60,125,1,1,1,2,,0.0,0.0
201400011830,27,4,14,16,1,60,369,1,1,1,6,,0.0,0.0
201400011831,2,5,14,2,3,60,100,1,1,1,3,,0.0,0.0
201400011832,16,5,14,5,2,60,100,1,1,1,6,,0.0,0.0
201400011833,26,5,14,8,1,60,100,1,1,2,5,,0.0,0.0
201400011834,22,6,14,8,1,60,19,1,1,1,6,,0.0,0.0
201400011835,12,8,14,6,2,60,100,1,1,1,6,,0.0,0.0
201400011836,19,10,14,2,3,60,558,1,1,1,5,,0.0,0.0
201400011837,29,11,14,16,1,60,341,2,1,1,1,3 RUE DU TOURNESOL,0.0,0.0
201400011838,29,11,14,15,1,60,533,1,1,1,6,,0.0,0.0
201400011839,30,11,14,7,2,60,100,1,1,5,5,,0.0,0.0
201400011840,22,12,14,11,1,60,160,1,1,1,7,,0.0,0.0
201400011841,14,3,14,1,3,21,589,1,1,1,6,,47.473,4.956
201400011842,6,4,14,10,1,21,479,1,1,1,3,,47.509,4.74
201400011843,25,5,14,21,3,21,573,1,1,1,7,,47.447,4.794
201400011844,30,8,14,13,1,21,27,1,1,1,2,,47.385,5.053
201400011845,28,9,14,16,1,21,651,1,1,1,7,,0.0,0.0
201400011846,7,11,14,18,3,21,3,1,2,1,3,,47.376,5.038
201400011847,29,1,14,7,3,69,19,1,1,2,2,,0.0,0.0
201400011848,21,5,14,18,1,69,264,1,1,1,6,,0.0,0.0
201400011849,1,6,14,13,1,69,77,1,1,1,2,,0.0,0.0
201400011850,14,6,14,6,1,69,13,1,1,1,3,,0.0,0.0
201400011851,18,6,14,10,1,69,115,1,1,1,7,,0.0,0.0
201400011852,20,6,14,20,1,69,206,1,1,1,6,,0.0,0.0
201400011853,23,6,14,16,1,69,206,1,1,1,2,,0.0,0.0
201400011854,8,11,14,17,2,69,115,1,1,1,6,,0.0,0.0
201400011855,5,3,14,5,3,59,623,1,1,1,7,,0.0,0.0
201400011856,18,5,14,19,1,62,731,1,1,1,6,,0.0,0.0
201400011857,4,8,14,5,2,59,488,1,1,1,6,,0.0,0.0
201400011858,6,9,14,5,3,59,125,1,1,1,5,,0.0,0.0
201400011859,10,1,14,20,3,38,377,1,1,1,2,,0.0,0.0
201400011860,30,1,14,22,3,38,449,1,1,2,6,,0.0,0.0
201400011861,16,4,14,3,3,38,381,1,1,1,3,,0.0,0.0
201400011862,19,4,14,4,3,38,348,1,1,1,5,,0.0,0.0
201400011863,23,6,14,14,1,38,64,1,1,1,2,,45.932,5.661
201400011864,17,7,14,18,1,38,381,1,1,1,1,,0.0,0.0
201400011865,2,8,14,0,3,38,530,1,1,3,6,,0.0,0.0
201400011866,15,8,14,15,1,38,449,1,1,8,3,,0.0,0.0
201400011867,30,10,14,18,3,38,481,1,1,1,2,,0.0,0.0
201400011868,1,11,14,16,1,38,530,1,1,1,6,,0.0,0.0
201400011869,2,11,14,20,3,38,343,1,1,1,3,,0.0,0.0
201400011870,10,1,14,3,5,68,278,2,1,2,6,rue de Mulhouse,47.75433,7.39088
201400011871,24,1,14,11,1,68,118,1,1,1,2,,47.71553,7.44691
201400011872,11,2,14,8,1,68,278,2,2,1,6,,47.74978,7.40791
201400011873,19,5,14,17,1,68,278,2,1,1,2,ALBERT SCWHEITZER 40,47.75337,7.38435
201400011874,26,5,14,19,1,68,278,2,3,1,3,rue saint jean,47.74806,7.39835
201400011875,27,5,14,7,1,68,118,2,2,1,3,,47.72832,7.42635
201400011876,19,8,14,18,1,68,278,2,1,1,6,8 rue de bellevue,47.74707,7.38985
201400011877,17,10,14,15,1,68,278,2,1,1,3,42 rue Ile napoleon,47.75535,7.40302
201400011878,28,11,14,18,5,68,278,2,1,1,3,HABSHEIM (RUE DE) 16,47.74833,7.40917
201400011879,18,1,14,13,1,53,108,1,3,1,3,,48.07393,-1.01844
201400011880,6,5,14,15,1,53,39,1,1,2,6,,48.15706,-1.00535
201400011881,4,7,14,14,1,53,182,1,1,1,7,,48.11521,-0.96009
201400011882,19,8,14,17,1,53,243,1,1,1,3,,48.14275,-0.89881
201400011883,8,9,14,13,1,53,137,1,1,1,2,,48.07042,-0.93134
201400011884,17,9,14,22,3,53,226,1,1,1,7,la chevallerie,48.24116,-0.95774
201400011885,8,10,14,0,3,53,137,1,1,1,1,,48.07451,-0.939
201400011886,20,12,14,18,3,53,229,2,1,1,6,rue de la mairie,48.1334,-0.75344
201400011887,4,1,14,20,5,95,250,2,1,2,3,GRANDE RUE,49.0959,2.4822
201400011888,23,1,14,5,3,95,604,1,1,3,3,RD 317,49.1076,2.5319
201400011889,18,2,14,11,1,95,250,2,1,1,6,SQUARE DE PROVENCE,49.0967,2.5016
201400011890,5,3,14,17,1,95,604,1,6,1,7,RD 317,49.0995,2.5315
201400011891,5,3,14,20,3,95,580,1,1,1,7,RD 16,49.0878,2.5405
201400011892,11,3,14,19,5,95,250,2,1,1,2,AV DE LA HAUTE GREVE,49.0968,2.5035
201400011893,20,11,14,10,1,95,250,2,1,1,6,AV HENRI BARBUSSE,49.0955,2.5119
201400011894,4,12,14,15,2,95,250,2,1,8,6,AV HENRI BARBUSSE,49.0983,2.5206
201400011895,2,12,14,10,1,51,571,1,2,8,2,D931/D34,0.0,0.0
201400011896,14,6,14,19,1,76,377,1,1,1,7,,49.5034,1.17602
201400011897,26,10,14,23,3,76,517,1,1,1,6,,49.50472,1.17769
201400011898,23,12,14,15,1,17,434,1,1,5,6,,46.11802,-0.76117
201400011899,12,1,14,4,3,17,299,1,1,1,7,,45.96252,-0.96103
201400011900,5,5,14,21,3,17,388,1,1,1,6,,45.53127,-0.60862
201400011901,26,8,14,1,3,17,181,1,1,3,6,,45.88533,-0.61633
201400011902,5,9,14,9,1,17,299,1,1,1,4,,45.96213,-0.95877
201400011903,18,9,14,7,2,17,45,1,1,8,6,,45.84882,-0.82096
201400011904,18,9,14,15,1,17,181,1,1,1,3,,45.87904,-0.62158
201400011905,5,10,14,10,1,17,227,1,1,1,2,,45.56724,-0.60119
201400011906,12,11,14,16,1,17,179,1,1,1,1,,45.69399,-0.61785
201400011907,16,11,14,12,1,17,444,1,9,3,4,,45.68167,-0.64401
201400011908,19,11,14,5,3,17,157,1,1,8,2,,45.9005,-0.59238
201400011909,20,11,14,9,1,17,131,1,2,7,3,,45.58518,-0.84759
201400011910,4,12,14,16,1,17,336,1,1,8,2,,45.77195,-0.6894
201400011911,15,12,14,19,3,17,387,1,1,3,2,,45.81517,-0.77287
201400011912,5,5,14,7,1,25,262,2,1,1,7,grande rue,0.0,0.0
201400011913,30,10,14,13,1,25,578,2,1,1,6,GRANDE RUE,47.14727,6.34577
201400011914,17,1,14,10,1,31,22,2,1,5,1,"32, route de Fronton",0.0,0.0
201400011915,2,2,14,14,1,31,484,2,1,8,1,ROUTE DU CHATEAU D'EAU,43.68751,1.49601
201400011916,17,2,14,19,5,31,186,2,1,1,3,102 route de Fronton,43.67634,1.42414
201400011917,29,6,14,8,1,31,410,1,1,1,1,,43.6993,1.4547
201400011918,2,8,14,17,1,31,116,2,1,1,7,Chemin des Barrières,43.69579,1.43357
201400011919,24,10,14,11,5,31,22,1,1,1,7,,0.0,0.0
201400011920,10,12,14,20,5,31,22,2,6,2,6,31 avenue de Fronton,43.66146,1.43145
201400011921,6,11,14,13,1,39,567,1,1,1,5,,0.0,0.0
201400011922,22,2,14,7,2,83,116,1,1,1,5,,0.0,0.0
201400011923,2,3,14,14,1,83,23,1,1,1,2,,0.0,0.0
201400011924,3,3,14,8,1,83,116,1,1,3,6,,0.0,0.0
201400011925,16,5,14,21,4,13,110,1,1,1,2,,0.0,0.0
201400011926,23,5,14,7,1,83,116,1,1,1,2,,0.0,0.0
201400011927,9,9,14,16,1,83,23,1,1,1,3,,0.0,0.0
201400011928,14,9,14,17,1,83,116,1,1,1,2,,0.0,0.0
201400011929,10,11,14,14,1,83,23,1,1,2,3,,0.0,0.0
201400011930,14,11,14,13,1,13,87,1,1,3,2,,0.0,0.0
201400011931,24,12,14,6,3,83,23,1,1,1,6,,0.0,0.0
201400011932,5,3,14,7,1,74,256,1,1,1,6,,0.0,0.0
201400011933,4,6,14,5,2,74,197,1,9,1,2,,0.0,0.0
201400011934,16,9,14,7,2,74,118,1,1,1,7,,0.0,0.0
201400011935,1,1,14,4,3,34,340,1,6,2,6,,43.193,4.226
201400011936,7,1,14,19,3,30,123,1,1,1,6,,43.72711,4.18283
201400011937,8,2,14,20,3,30,333,1,1,1,6,,43.76465,4.26691
201400011938,17,2,14,8,1,30,333,1,1,1,3,,43.75599,4.25996
201400011939,22,2,14,12,1,34,22,1,1,1,2,,43.65303,3.99043
201400011940,24,2,14,3,3,34,240,1,1,1,5,,0.0,0.0
201400011941,25,2,14,4,3,30,347,1,1,1,2,,43.74825,4.24349
201400011942,28,2,14,19,3,30,145,1,1,1,3,,43.90203,4.53327
201400011943,15,6,14,11,1,30,347,1,1,1,5,,43.74855,4.24706
201400011944,18,6,14,13,1,34,240,1,1,1,1,,0.0,0.0
201400011945,29,6,14,10,1,30,123,1,1,1,2,,43.72706,4.18273
201400011946,1,7,14,11,1,34,294,1,1,1,6,,43.70143,4.11407
201400011947,4,7,14,18,1,30,34,1,1,1,2,,43.73402,4.46786
201400011948,8,7,14,14,1,30,125,1,1,1,6,,43.77272,4.41847
201400011949,2,8,14,12,1,30,189,1,1,1,4,,43.80679,4.36044
201400011950,30,8,14,17,1,30,60,1,1,1,2,,43.79005,4.39916
201400011951,9,9,14,13,1,30,344,1,1,1,7,,43.75046,4.22693
201400011952,22,9,14,6,3,34,22,1,1,1,3,,0.0,0.0
201400011953,26,10,14,17,1,30,317,1,1,1,6,,43.91646,4.57482
201400011954,15,11,14,8,1,30,123,1,1,2,2,,43.72584,4.17779
201400011955,17,11,14,1,3,34,240,1,1,1,2,,0.0,0.0
201400011956,7,11,14,20,3,34,240,1,1,1,3,,0.0,0.0
201400011957,30,11,14,16,1,30,189,1,1,1,1,,43.80715,4.3579
201400011958,19,12,14,23,3,34,256,1,1,1,2,,0.0,0.0
201400011959,18,1,14,7,3,11,262,1,1,1,2,,43.187,2.947
201400011960,29,1,14,6,3,11,203,1,1,2,2,,43.17,2.74
201400011961,30,1,14,11,1,11,322,1,1,1,6,,0.0,0.0
201400011962,16,6,14,18,1,11,379,1,1,1,2,,0.0,0.0
201400011963,30,6,14,3,3,11,86,1,1,1,6,,0.0,0.0
201400011964,5,10,14,6,3,11,441,1,1,2,4,,0.0,0.0
201400011965,25,1,14,18,3,37,225,1,1,2,3,,0.0,0.0
201400011966,31,1,14,17,1,37,27,2,6,1,1,giratoire mairie,0.0,0.0
201400011967,6,8,14,13,1,37,8,1,1,2,7,,0.0,0.0
201400011968,17,8,14,12,1,37,27,1,1,1,3,LA CHOLTRIE,0.0,0.0
201400011969,29,8,14,0,4,37,141,2,1,1,6,CHANCELLEE,0.0,0.0
201400011970,10,1,14,6,3,28,2,1,1,1,5,,0.0,0.0
201400011971,10,1,14,14,1,28,164,1,1,1,6,,0.0,0.0
201400011972,23,2,14,10,1,45,20,1,1,1,6,,47.83923,1.67247
201400011973,28,2,14,8,1,28,311,1,1,8,6,,48.21433,1.84702
201400011974,4,3,14,3,3,45,8,1,1,8,2,,48.07723,1.85053
201400011975,6,3,14,19,3,45,203,1,1,1,6,,47.84901,1.68599
201400011976,9,3,14,16,1,28,2,1,1,1,6,,48.18663,1.85372
201400011977,26,3,14,15,1,45,202,1,1,1,6,,47.80983,1.62448
201400011978,5,4,14,12,1,28,164,1,1,1,4,,48.26188,1.85204
201400011979,2,5,14,8,1,45,169,1,1,1,2,,47.90187,1.84517
201400011980,7,5,14,19,1,28,276,1,1,3,6,,48.29382,1.86094
201400011981,16,5,14,15,1,45,175,1,1,1,6,,47.75266,1.85843
201400011982,21,5,14,23,3,28,276,1,1,1,4,,48.28588,1.85995
201400011983,15,7,14,4,3,45,67,1,1,1,6,,47.88315,1.74443
201400011984,18,7,14,13,1,45,75,1,1,1,3,,47.89963,1.83847
201400011985,26,7,14,15,1,28,29,1,1,1,6,,48.16818,1.85374
201400011986,27,7,14,8,1,45,6,1,1,1,6,,47.82075,1.85857
201400011987,6,8,14,18,1,28,367,1,1,8,2,,48.15521,1.85516
201400011988,6,8,14,17,1,28,303,1,1,8,5,,48.11755,1.8509
201400011989,7,10,14,8,1,45,272,1,1,2,3,,47.78231,1.93496
201400011990,12,10,14,21,3,45,232,1,1,2,3,,47.84356,1.86591
201400011991,24,10,14,18,2,45,154,1,1,1,2,,47.99944,1.85185
201400011992,30,10,14,15,1,28,164,1,1,1,2,,48.27564,1.85537
201400011993,20,11,14,2,3,28,276,1,1,9,5,,48.30617,1.86194
201400011994,5,12,14,8,2,45,272,1,1,8,4,,47.80616,1.92988
201400011995,10,1,14,8,1,13,32,1,6,1,3,,43.573,5.355
201400011996,6,4,14,19,1,13,37,2,1,1,3,,0.0,0.0
201400011997,26,4,14,15,1,13,32,1,1,1,1,,0.0,0.0
201400011998,24,5,14,10,1,13,114,2,6,1,3,rond point cd10 et cd 64,0.0,0.0
201400011999,13,7,14,19,1,13,112,1,1,1,1,,0.0,0.0
201400012000,11,9,14,20,3,13,37,1,1,1,3,,0.0,0.0
201400012001,25,10,14,9,1,13,114,1,1,1,1,,0.0,0.0
201400012002,26,1,14,14,1,67,106,2,2,1,3,Carrefour rues Schifflan,0.0,0.0
201400012003,7,2,14,22,5,67,194,2,1,8,1,31 rue d'Offendorf,0.0,0.0
201400012004,25,2,14,16,1,67,472,1,1,1,3,,0.0,0.0
201400012005,12,5,14,10,1,67,407,1,1,2,1,,0.0,0.0
201400012006,17,11,14,19,5,67,14,1,1,1,6,,0.0,0.0
201400012007,22,3,14,9,1,21,405,1,1,1,2,,46.575,4.367
201400012008,13,4,14,9,1,21,54,1,1,1,6,,47.03,4.45
201400012009,13,5,14,8,1,21,295,1,1,8,2,,0.0,0.0
201400012010,26,10,14,2,3,21,572,1,1,5,7,,47.121,5.391
201400012011,28,10,14,22,3,21,267,1,1,1,3,,0.0,0.0
201400012012,31,1,14,19,2,73,8,1,1,1,5,,45.715,5.925
201400012013,2,2,14,12,1,73,184,1,1,8,6,,45.5802,5.7981
201400012014,12,6,14,17,1,73,103,1,1,1,2,,0.0,0.0
201400012015,23,8,14,22,3,73,191,1,1,1,2,,0.0,0.0
201400012016,19,9,14,7,1,73,103,1,1,1,6,,0.0,0.0
201400012017,27,1,14,6,3,74,307,1,1,1,5,,0.0,0.0
201400012018,27,4,14,2,3,74,262,1,1,8,6,,0.0,0.0
201400012019,5,7,14,6,2,74,307,1,1,1,7,,0.0,0.0
201400012020,16,10,14,22,3,74,96,1,1,2,6,,0.0,0.0
201400012021,8,1,14,10,1,80,105,2,1,1,6,"1, TOUR DU ROY QUAI",49.7605,4.71262
201400012022,30,1,14,17,1,80,105,1,0,1,6,"1, RICHIER P.",49.7386,4.70787
201400012023,13,3,14,13,1,80,105,2,1,1,6,"1, DELAUTRE J. BOULEVARD",49.7392,4.72362
201400012024,4,1,14,17,2,80,105,2,1,1,6,"49, FERROUL",49.7461,4.72358
201400012025,28,6,14,5,2,80,105,2,1,1,1,"7, RIMBAUD A. QUAI",49.7757,4.72058
201400012026,12,7,14,0,5,80,105,2,1,1,7,"1, BETHUNE (BOULEVARD DE",49.7574,4.72008
201400012027,27,7,14,12,1,80,3,2,1,1,7,"7, SAINT LAURENT ROUTE",49.7715,4.73667
201400012028,25,7,14,14,1,80,105,2,7,1,3,"1, HOTEL DE VILLE PLACE",49.7605,4.71868
201400012029,23,8,14,22,5,80,105,2,1,1,1,"53, PIERQUIN L. BOULEVAR",49.78,4.69181
201400012030,27,9,14,17,1,80,480,2,0,1,6,"33, JAURES J. AVENUE",49.7401,4.74614
201400012031,26,10,14,9,1,80,105,2,2,1,3,"210, CARNOT AVENUE",49.7434,4.72662
201400012032,9,11,14,22,5,80,105,1,3,3,3,"4, CAPUCINES RUE",49.7445,4.71466
201400012033,16,11,14,2,5,80,105,2,1,1,2,"145, DE GAULLE AVENUE",49.7714,4.70882
201400012034,5,12,14,19,5,80,105,2,0,1,1,"153, WARCQ",49.7656,4.69157
201400012035,10,12,14,18,5,80,105,2,1,9,6,"108, CARNOT AVENUE",49.7504,4.72453
201400012036,7,4,14,13,1,14,36,1,1,1,7,,0.0,0.0
201400012037,3,5,14,19,1,14,536,1,1,1,7,,49.4091,0.26763
201400012038,9,5,14,7,2,14,36,1,1,1,6,,49.1696,-0.21863
201400012039,7,5,14,15,1,14,36,1,9,1,2,,49.1682,-0.24054
201400012040,21,6,14,14,1,14,286,1,1,1,2,A 29   FOURNEVILLE,49.3651,0.21897
201400012041,4,7,14,16,1,14,712,1,1,1,2,,49.1885,-0.19166
201400012042,24,7,14,7,1,14,221,1,1,5,7,A13,49.1681,-0.26548
201400012043,3,9,14,14,1,14,203,1,1,1,6,,49.2297,-0.0752
201400012044,24,9,14,8,2,14,55,1,1,1,6,,49.2576,0.09493
201400012045,14,10,14,7,2,14,36,1,1,1,6,,0.0,0.0
201400012046,24,11,14,11,1,14,45,1,1,1,2,,0.0,0.0
201400012047,2,2,14,11,1,13,38,1,1,1,6,,0.0,0.0
201400012048,1,4,14,15,1,13,11,1,1,1,6,,0.0,0.0
201400012049,2,5,14,10,1,13,11,1,1,1,1,,0.0,0.0
201400012050,24,6,14,20,1,13,38,1,1,1,6,,0.0,0.0
201400012051,11,10,14,15,1,13,58,1,1,1,1,,0.0,0.0
201400012052,1,11,14,9,1,13,11,1,1,7,3,,0.0,0.0
201400012053,23,4,14,17,1,69,27,2,1,7,6,rue du generale de gaull,45.68,4.755
201400012054,27,4,14,13,1,69,27,1,9,1,1,,0.0,0.0
201400012055,12,6,14,16,1,69,43,1,1,1,1,,45.727,4.772
201400012056,30,9,14,15,1,69,268,2,1,1,1,18 rue des valli?res,0.0,0.0
201400012057,5,11,14,14,1,69,27,2,1,2,1,route d'irigny,0.0,0.0
201400012058,29,1,14,17,2,29,130,1,1,2,3,,48.35881,-4.63698
201400012059,5,4,14,4,3,29,69,1,1,2,3,,48.42484,-4.55824
201400012060,9,6,14,0,3,29,69,2,1,1,1,"CD 105, PK6,400",48.41699,-4.55926
201400012061,14,9,14,4,5,29,212,2,6,1,7,ROUTE DE TRENEN,48.38347,-4.57613
201400012062,16,12,14,18,4,29,11,2,1,2,6,route du tromeur,48.43569,-4.50465
201400012063,6,10,14,15,1,86,1,1,1,2,7,,46.254,0.785
201400012064,5,11,14,11,1,86,77,1,1,1,3,,46.439,0.682
201400012065,18,2,14,20,3,34,172,1,9,1,4,,43.609,3.933
201400012066,7,3,14,7,1,34,157,1,1,1,1,,0.0,0.0
201400012067,11,4,14,0,3,34,157,1,1,1,2,,0.0,0.0
201400012068,12,4,14,19,1,34,143,1,1,1,2,,43.456,3.603
201400012069,14,4,14,20,3,34,172,1,1,1,7,,0.0,0.0
201400012070,24,4,14,13,1,34,95,1,1,1,6,,43.557,3.817
201400012071,25,4,14,20,4,34,172,1,1,1,2,,0.0,0.0
201400012072,7,5,14,16,1,34,31,1,1,1,5,,0.0,0.0
201400012073,11,5,14,6,2,34,336,1,1,1,2,,43.328,3.271
201400012074,12,5,14,16,1,34,143,1,1,1,6,,43.452,3.581
201400012075,16,5,14,8,1,34,172,1,1,1,4,,43.6,3.91
201400012076,16,5,14,16,1,34,31,1,1,1,2,,43.37494,3.4053
201400012077,22,5,14,7,1,34,32,1,1,1,5,,0.0,0.0
201400012078,25,5,14,2,3,34,166,1,1,1,6,,43.36156,3.35118
201400012079,6,6,14,10,1,34,203,1,1,1,2,,0.0,0.0
201400012080,17,6,14,1,3,34,31,1,1,1,2,,0.0,0.0
201400012081,5,7,14,12,1,34,135,1,1,1,6,,0.0,0.0
201400012082,11,7,14,7,2,34,101,1,1,1,6,,0.0,0.0
201400012083,11,7,14,14,1,34,101,1,1,1,7,,0.0,0.0
201400012084,29,7,14,10,1,34,95,1,1,1,4,,0.0,0.0
201400012085,12,8,14,17,1,34,157,1,1,1,2,,0.0,0.0
201400012086,19,8,14,11,1,34,213,1,1,1,1,,0.0,0.0
201400012087,5,9,14,7,1,34,172,1,1,1,2,,0.0,0.0
201400012088,10,9,14,9,1,34,172,1,9,1,6,,0.0,0.0
201400012089,12,9,14,23,3,34,113,1,1,1,1,,43.495,3.714
201400012090,24,9,14,8,1,34,172,1,1,3,3,,43.597,3.904
201400012091,27,9,14,0,3,34,336,1,1,1,2,,0.0,0.0
201400012092,10,11,14,18,3,34,135,1,1,2,5,,0.0,0.0
201400012093,17,11,14,6,3,34,73,1,1,1,5,,43.346,3.308
201400012094,26,11,14,18,3,34,157,1,1,3,3,,0.0,0.0
201400012095,30,11,14,5,3,34,336,1,1,2,6,,0.0,0.0
201400012096,7,12,14,8,2,34,95,1,1,1,6,,0.0,0.0
201400012097,11,12,14,17,1,34,172,1,1,1,3,,0.0,0.0
201400012098,9,2,14,15,1,33,331,1,1,1,1,,0.0,0.0
201400012099,4,5,14,16,1,33,46,1,1,1,6,,0.0,0.0
201400012100,27,5,14,7,1,33,36,1,1,1,6,,0.0,0.0
201400012101,3,7,14,3,3,33,205,1,1,1,6,,0.0,0.0
201400012102,10,8,14,6,1,33,552,1,1,1,2,,0.0,0.0
201400012103,12,8,14,8,1,33,552,1,1,1,6,,0.0,0.0
201400012104,2,9,14,6,2,33,2,1,1,1,5,,0.0,0.0
201400012105,13,9,14,15,1,33,155,1,1,1,7,,0.0,0.0
201400012106,16,10,14,6,3,33,50,1,1,1,6,,0.0,0.0
201400012107,19,10,14,19,3,33,508,1,1,1,5,,0.0,0.0
201400012108,9,11,14,20,3,33,46,1,1,1,6,,0.0,0.0
201400012109,24,11,14,15,1,33,227,1,1,1,5,,0.0,0.0
201400012110,24,1,14,19,5,31,506,2,1,3,6,28 avenue de gameville,43.55272,1.53336
201400012111,25,2,14,13,1,31,446,2,1,1,6,Rue Louis Braille,43.53566,1.47857
201400012112,26,4,14,10,1,31,506,2,3,1,1,AV GAMEVILLE/RUE LALANDE,0.0,0.0
201400012113,14,5,14,20,1,31,254,1,1,1,3,,0.0,0.0
201400012114,19,5,14,8,1,31,254,1,1,1,4,rte  baziège/lauragaise,43.5426,1.52072
201400012115,20,6,14,17,1,31,446,1,1,1,1,,0.0,0.0
201400012116,16,9,14,13,1,31,254,1,1,6,3,,43.53417,1.51373
201400012117,28,10,14,12,1,31,254,1,6,1,3,,43.53011,1.52059
201400012118,1,1,14,5,3,26,83,1,1,1,7,26083,45.2529,4.9606
201400012119,1,1,14,8,1,26,10,1,1,1,6,26010,0.0,0.0
201400012120,3,1,14,10,1,26,84,1,2,8,3,26084,45.0144,4.9625
201400012121,27,1,14,15,1,26,118,2,1,1,1,QUARTIER NEUF,0.0,0.0
201400012122,12,2,14,16,1,26,149,1,1,1,3,26149,0.0,0.0
201400012123,15,2,14,14,1,26,41,1,1,1,6,26041,45.2137,4.848
201400012124,19,2,14,14,1,26,148,1,1,1,1,26148,45.2753,5.0413
201400012125,1,3,14,11,1,26,301,2,9,1,3,AV GENERAL DE GAULLE,0.0,0.0
201400012126,7,3,14,8,1,26,341,2,1,1,3,26341,45.1371,4.8174
201400012127,8,3,14,17,1,26,41,2,1,1,1,RTE B LAFFEMAS,0.0,0.0
201400012128,14,3,14,13,1,26,83,1,6,1,6,26083,0.0,0.0
201400012129,16,3,14,19,5,26,333,1,1,1,3,QUAI SARRERE,0.0,0.0
201400012130,18,3,14,9,1,26,325,2,1,7,6,RUE DU RHONE,45.2981,4.8114
201400012131,31,3,14,7,1,26,87,2,1,1,3,26087,0.0,0.0
201400012132,31,3,14,17,1,26,88,1,3,1,3,RUE DU 19 MARS 1962,45.0317,5.0804
201400012133,3,4,14,17,1,26,4,1,1,1,7,26004,44.999,5.0024
201400012134,4,4,14,9,1,26,139,1,2,1,3,26139,45.0712,5.0881
201400012135,7,4,14,17,1,26,140,1,1,1,6,26140,0.0,0.0
201400012136,14,4,14,7,1,26,61,1,1,1,6,26061,0.0,0.0
201400012137,23,4,14,15,1,26,88,1,2,1,3,26088,0.0,0.0
201400012138,27,4,14,18,1,26,323,1,2,1,3,26323,45.0695,5.1455
201400012139,27,4,14,15,1,26,77,1,1,1,6,26077,0.0,0.0
201400012140,3,5,14,11,1,26,139,1,2,1,3,26139,0.0,0.0
201400012141,11,5,14,11,1,26,10,1,1,1,6,26010,0.0,0.0
201400012142,12,5,14,15,1,26,79,2,2,1,3,26079,0.0,0.0
201400012143,19,5,14,8,1,26,295,1,1,1,5,26295,0.0,0.0
201400012144,6,6,14,9,1,26,179,1,9,1,1,26179,0.0,0.0
201400012145,13,6,14,9,1,26,72,1,3,1,3,26072,0.0,0.0
201400012146,13,6,14,17,1,26,88,1,1,7,2,26088,0.0,0.0
201400012147,17,6,14,17,1,26,380,1,3,1,7,26380,0.0,0.0
201400012148,19,6,14,17,1,26,88,2,1,1,1,AVENUE CHARLES DE GAULLE,0.0,0.0
201400012149,20,6,14,23,3,26,9,1,1,9,6,26009,0.0,0.0
201400012150,27,6,14,0,5,26,332,2,1,1,6,RUE DU LIEUT MABBOUX,0.0,0.0
201400012151,30,6,14,16,1,26,88,1,1,1,2,26088,0.0,0.0
201400012152,3,7,14,22,5,26,79,2,2,1,2,26079,0.0,0.0
201400012153,4,7,14,17,1,26,2,1,1,1,1,26002,45.2221,4.8781
201400012154,6,7,14,11,1,26,250,1,1,1,2,26250,0.0,0.0
201400012155,8,7,14,15,1,26,88,1,1,1,1,26088,0.0,0.0
201400012156,10,7,14,13,1,26,323,1,1,1,3,26323,0.0,0.0
201400012157,15,7,14,16,1,26,301,1,3,1,3,26301,45.1058,5.0065
201400012158,15,7,14,18,1,26,179,1,1,1,3,26179,0.0,0.0
201400012159,18,7,14,19,1,26,231,1,1,1,3,26231,0.0,0.0
201400012160,8,8,14,8,1,26,295,1,1,1,1,26295,0.0,0.0
201400012161,11,8,14,17,1,26,380,1,1,1,1,26380,0.0,0.0
201400012162,12,8,14,13,1,26,9,2,1,1,1,RUE DE BELLEVUE,45.2623,4.8192
201400012163,16,8,14,18,1,26,88,1,1,1,7,26088,0.0,0.0
201400012164,19,8,14,13,1,26,9,1,1,1,1,26009,0.0,0.0
201400012165,25,8,14,10,1,26,34,1,3,1,2,26034,0.0,0.0
201400012166,28,8,14,13,1,26,250,1,1,1,3,26250,0.0,0.0
201400012167,1,9,14,16,1,26,129,1,1,1,6,26129,0.0,0.0
201400012168,7,9,14,18,1,26,347,2,1,7,6,AVENUE RHIN ET DANUBE,0.0,0.0
201400012169,11,9,14,17,1,26,84,1,3,1,3,26084,0.0,0.0