Num_Acc,jour,mois,an,hr,condition_eclairage,departement,commune,condition_agglomeration,intersection,condition_atmosphere,type_collision,adresse,lattitude,longitude
201400012170,20,9,14,3,3,26,347,2,1,1,7,26347,0.0,0.0
201400012171,20,9,14,15,1,26,34,1,2,1,3,26034,0.0,0.0
201400012172,21,9,14,11,1,26,72,2,1,1,1,26072,0.0,0.0
201400012173,24,9,14,12,1,26,325,1,1,3,3,26325,0.0,0.0
201400012174,11,10,14,3,3,26,2,1,1,3,1,26002,0.0,0.0
201400012175,19,10,14,5,3,26,88,1,1,1,1,26088,0.0,0.0
201400012176,18,10,14,20,3,26,325,1,1,1,6,26325,0.0,0.0
201400012177,19,10,14,14,1,26,4,1,1,1,3,26004,45.0106,5.0068
201400012178,19,10,14,21,3,26,194,1,9,1,6,26194,0.0,0.0
201400012179,24,10,14,19,3,26,231,1,1,1,1,26231,0.0,0.0
201400012180,31,10,14,20,5,26,301,2,1,1,1,26301,0.0,0.0
201400012181,9,11,14,17,2,26,194,1,1,3,6,26350,0.0,0.0
201400012182,13,11,14,7,1,26,231,1,1,8,7,26231,0.0,0.0
201400012183,13,11,14,18,3,26,129,1,1,1,1,26129,0.0,0.0
201400012184,14,11,14,21,3,26,341,2,9,3,5,379 LES BARRES,0.0,0.0
201400012185,16,11,14,0,5,26,218,2,1,1,6,26218,0.0,0.0
201400012186,18,11,14,9,1,26,301,1,1,8,3,26301,0.0,0.0
201400012187,21,11,14,8,1,26,87,2,9,1,6,26087,45.0892,5.1316
201400012188,28,11,14,18,5,26,333,2,3,1,3,26333,0.0,0.0
201400012189,7,12,14,4,3,26,160,1,1,1,6,,0.0,0.0
201400012190,30,8,14,2,3,26,301,1,1,2,7,26301,0.0,0.0
201400012191,17,3,14,8,1,63,21,1,1,1,6,,0.0,0.0
201400012192,14,5,14,14,1,63,284,1,1,1,5,,0.0,0.0
201400012193,7,6,14,22,2,63,302,1,1,1,1,,0.0,0.0
201400012194,13,6,14,23,3,63,302,1,1,1,5,,0.0,0.0
201400012195,26,7,14,6,2,63,302,1,1,1,1,,0.0,0.0
201400012196,30,9,14,7,2,63,272,1,1,1,4,,0.0,0.0
201400012197,4,10,14,11,1,63,113,1,1,1,4,,0.0,0.0
201400012198,10,10,14,5,3,63,126,1,1,2,1,,0.0,0.0
201400012199,3,11,14,8,1,63,302,1,1,3,2,,0.0,0.0
201400012200,3,11,14,12,1,63,284,1,9,8,7,,45.78524,3.1934
201400012201,2,12,14,8,1,63,302,1,1,1,2,,0.0,0.0
201400012202,2,1,14,1,3,64,483,1,1,1,6,,43.404,-1.637
201400012203,5,1,14,19,3,64,125,1,1,1,5,,0.0,0.0
201400012204,1,2,14,18,3,64,545,1,1,4,5,,0.0,0.0
201400012205,27,5,14,17,1,64,483,1,1,1,2,,0.0,0.0
201400012206,13,6,14,9,1,64,546,1,1,1,6,,43.477,-1.282
201400012207,29,6,14,15,1,64,102,1,1,2,3,,0.0,0.0
201400012208,15,7,14,10,1,64,125,1,1,1,4,,0.0,0.0
201400012209,30,7,14,7,2,64,102,1,1,2,3,,0.0,0.0
201400012210,3,10,14,8,1,64,122,1,1,1,3,,0.0,0.0
201400012211,3,11,14,8,1,64,102,1,9,1,4,,0.0,0.0
201400012212,12,11,14,10,1,64,122,1,1,1,2,,0.0,0.0
201400012213,6,2,14,11,1,80,409,2,2,8,6,"11, VERDUN (AVENUE DE)",49.6985,4.9486
201400012214,3,4,14,7,1,80,409,2,2,1,3,LAC (ESPLANADE DU),49.6927,4.94196
201400012215,18,4,14,17,1,80,409,2,3,1,1,CRUSSY (PLACE),49.7001,4.94642
201400012216,10,7,14,1,5,80,409,2,3,1,3,PHILIPPOTEAUX (AVENUE),49.6959,4.93477
201400012217,25,7,14,15,1,80,194,2,1,1,6,MARNE (AVENUE DE LA),49.6968,4.91768
201400012218,19,10,14,22,5,80,409,2,3,1,3,MARGUERITTE (AVENUE GENE,49.7079,4.93582
201400012219,3,11,14,15,1,80,409,2,2,3,1,"39, PHILIPPOTEAUX (AVENU",49.6967,4.93894
201400012220,2,5,14,12,1,71,14,1,1,1,3,,46.95633,4.31549
201400012221,15,4,14,12,1,20,610,1,1,1,5,,0.0,0.0
201400012222,18,9,14,19,2,20,514,2,1,9,1,32 Hameau de Tannieres,0.0,0.0
201400012223,12,4,14,15,1,51,454,1,1,1,4,A344,0.0,0.0
201400012224,5,5,14,15,1,51,278,1,1,1,4,A4,0.0,0.0
201400012225,5,5,14,14,1,51,599,1,1,1,4,A4,0.0,0.0
201400012226,2,6,14,11,1,51,171,1,1,1,7,A26,0.0,0.0
201400012227,19,6,14,13,1,51,278,1,1,1,4,A4,0.0,0.0
201400012228,2,6,14,16,1,13,45,1,1,1,5,,0.0,0.0
201400012229,15,7,14,20,1,13,96,1,1,1,1,,0.0,0.0
201400012230,6,8,14,11,1,13,11,1,1,1,6,,0.0,0.0
201400012231,24,8,14,15,1,13,45,1,3,1,1,,43.84365,4.74436
201400012232,10,9,14,10,1,13,4,1,1,1,6,,0.0,0.0
201400012233,17,9,14,17,1,13,68,2,1,1,1,D17,0.0,0.0
201400012234,28,9,14,17,1,13,4,1,1,1,1,,0.0,0.0
201400012235,25,10,14,1,3,13,4,1,1,1,1,,0.0,0.0
201400012236,9,12,14,12,1,13,10,2,1,6,6,ROUTE DES CARRIERES,43.88458,4.74807
201400012237,12,1,14,3,5,91,105,2,1,1,6,ROUTE DE DOUDAN,0.0,0.0
201400012238,7,3,14,21,5,91,105,1,1,1,1,D19,48.569,2.183
201400012239,9,5,14,13,1,91,85,1,1,1,1,N20,48.56,2.223
201400012240,17,5,14,9,1,38,485,2,1,1,6,Route de Saint Nizier,0.0,0.0
201400012241,17,5,14,15,1,38,485,2,1,1,3,boulevard de l'Europe,0.0,0.0
201400012242,28,5,14,22,3,38,485,1,1,1,3,,0.0,0.0
201400012243,4,6,14,20,1,38,485,2,1,1,2,,0.0,0.0
201400012244,22,8,14,10,1,38,486,2,6,1,2,rond point du rondeau,45.15931,5.69603
201400012245,7,9,14,9,1,38,485,2,1,1,3,G?n?ral de Gaulle,0.0,0.0
201400012246,14,11,14,18,3,38,485,2,1,2,2,avenue de la r?publique,0.0,0.0
201400012247,11,11,14,12,1,38,486,2,1,1,3,RUE DU PL?TRE,0.0,0.0
201400012248,20,4,14,17,1,38,52,1,1,1,6,,0.0,0.0
201400012249,1,6,14,18,1,38,237,1,1,1,6,,0.0,0.0
201400012250,16,6,14,19,1,38,191,1,1,1,7,,0.0,0.0
201400012251,15,6,14,10,1,38,550,1,1,1,6,,0.0,0.0
201400012252,29,6,14,19,1,38,191,1,1,1,6,,45.0783,6.05053
201400012253,18,7,14,10,1,38,52,1,1,1,1,,0.0,0.0
201400012254,12,8,14,17,1,38,52,1,1,2,5,les Alberges,45.03405,6.0667
201400012255,10,8,14,11,1,38,289,1,1,1,7,,45.208,6.071
201400012256,26,4,14,11,1,51,211,1,1,1,7,A4,0.0,0.0
201400012257,16,10,14,13,1,51,507,1,1,1,6,A4,0.0,0.0
201400012258,21,12,14,18,3,51,515,1,1,1,6,A4,0.0,0.0
201400012259,9,10,14,15,1,57,144,1,1,2,1,,0.0,0.0
201400012260,2,1,14,6,3,86,275,1,1,4,6,,46.85,0.526
201400012261,19,3,14,6,5,86,115,1,1,5,1,,0.0,0.0
201400012262,20,5,14,16,1,86,207,2,2,3,3,carrefour Rd 725b et RD5,46.793,0.813
201400012263,1,6,14,13,1,86,174,1,1,1,7,,0.0,0.0
201400012264,4,6,14,1,3,86,158,1,1,1,7,,0.0,0.0
201400012265,11,6,14,19,1,86,174,1,1,1,5,,46.782,0.497
201400012266,5,9,14,10,1,86,66,1,1,1,5,,0.0,0.0
201400012267,8,9,14,12,1,86,19,1,1,1,5,,46.737,0.401
201400012268,28,10,14,16,1,86,224,1,1,7,3,,46.919,0.445
201400012269,30,9,14,8,1,86,22,2,1,1,3,Route du Haut-Nueil,0.0,0.0
201400012270,2,11,14,1,3,86,66,1,1,1,3,,46.834,0.522
201400012271,8,12,14,19,3,86,49,1,1,8,5,,46.999,0.091
201400012272,27,2,14,15,1,36,57,1,1,4,2,,46.8828,1.72473
201400012273,5,5,14,22,3,36,122,1,1,1,3,,47.0902,1.85149
201400012274,17,6,14,1,3,36,26,1,1,1,6,,46.9477,1.75387
201400012275,9,11,14,16,2,36,230,1,1,2,7,,47.0643,1.82001
201400012276,10,2,14,16,1,49,298,1,1,1,1,,47.4455,-0.72926
201400012277,2,4,14,17,1,49,7,1,1,1,3,A11,47.49285,-0.52877
201400012278,2,9,14,7,1,49,7,1,1,1,2,,47.49219,-0.53089
201400012279,5,10,14,8,2,49,68,1,9,1,6,,47.43342,-0.87081
201400012280,28,10,14,14,1,49,68,1,2,7,3,La haute Parque,47.40273,-0.8536
201400012281,3,11,14,13,1,49,167,1,1,3,2,,47.38933,-0.49769
201400012282,20,2,14,17,1,20,85,1,1,2,7,,0.0,0.0
201400012283,15,5,14,17,1,20,290,2,1,1,1,rue Jacques Fourrier,0.0,0.0
201400012284,21,12,14,12,1,20,164,1,1,8,6,,0.0,0.0
201400012285,20,9,14,2,3,90,59,1,1,1,6,,42.87837,0.9672
201400012286,20,3,14,16,1,60,88,1,1,1,6,,0.0,0.0
201400012287,9,5,14,14,1,60,88,1,1,1,7,,0.0,0.0
201400012288,14,5,14,14,1,60,149,1,1,1,6,,0.0,0.0
201400012289,12,6,14,3,5,60,67,1,9,1,6,,0.0,0.0
201400012290,6,7,14,13,1,60,83,1,9,1,6,,0.0,0.0
201400012291,9,7,14,10,1,60,149,1,1,1,4,,0.0,0.0
201400012292,10,7,14,11,1,60,88,1,1,1,4,,0.0,0.0
201400012293,19,7,14,20,1,60,88,1,1,1,5,,0.0,0.0
201400012294,21,7,14,6,2,60,88,1,1,1,1,,0.0,0.0
201400012295,2,8,14,7,2,60,88,1,1,1,1,,0.0,0.0
201400012296,3,8,14,0,3,60,88,1,1,1,2,,0.0,0.0
201400012297,30,8,14,14,1,60,88,1,1,1,2,,0.0,0.0
201400012298,28,10,14,6,5,60,88,1,1,1,6,,0.0,0.0
201400012299,22,11,14,4,5,60,88,1,1,1,6,,0.0,0.0
201400012300,15,12,14,14,1,60,88,1,1,1,2,,0.0,0.0
201400012301,4,2,14,19,3,67,434,1,1,8,2,,0.0,0.0
201400012302,9,3,14,15,1,57,540,1,1,1,6,,0.0,0.0
201400012303,15,7,14,22,3,67,488,1,1,1,1,,0.0,0.0
201400012304,27,9,14,12,1,57,761,1,1,1,6,,0.0,0.0
201400012305,22,6,14,8,1,90,10,1,1,1,2,,0.0,0.0
201400012306,9,9,14,15,1,90,94,1,1,2,6,,0.0,0.0
201400012307,10,9,14,18,1,90,1,1,1,2,5,,0.0,0.0
201400012308,16,9,14,16,1,90,15,1,1,2,5,,0.0,0.0
201400012309,26,11,14,4,3,68,129,1,1,1,5,,0.0,0.0
201400012310,6,5,14,20,1,66,217,1,1,1,7,,0.0,0.0
201400012311,7,6,14,1,3,66,214,1,1,1,1,,0.0,0.0
201400012312,12,6,14,3,3,66,164,1,1,1,6,,0.0,0.0
201400012313,16,6,14,15,1,66,217,1,1,1,6,,0.0,0.0
201400012314,26,6,14,14,1,66,190,1,1,1,2,,0.0,0.0
201400012315,26,8,14,1,5,66,15,1,9,1,6,,42.5783,2.84762
201400012316,14,9,14,5,3,66,137,1,1,1,6,,42.47253,2.8629
201400012317,20,9,14,5,3,66,164,1,1,1,6,,0.0,0.0
201400012318,30,10,14,16,1,66,214,1,1,1,7,,0.0,0.0
201400012319,21,12,14,15,2,66,106,1,9,1,1,,0.0,0.0
201400012320,27,5,14,15,1,67,67,1,1,1,1,,0.0,0.0
201400012321,6,6,14,3,3,67,67,1,1,1,2,,0.0,0.0
201400012322,19,9,14,17,1,67,460,1,1,1,2,,0.0,0.0
201400012323,14,10,14,5,3,67,506,1,1,1,5,,0.0,0.0
201400012324,12,12,14,17,2,67,67,1,1,1,5,,0.0,0.0
201400012325,13,3,14,4,3,62,701,1,1,1,6,,50.58019,2.36945
201400012326,8,10,14,13,1,62,186,1,1,2,6,,0.0,0.0
201400012327,26,12,14,10,1,62,224,1,1,1,6,,0.0,0.0
201400012328,29,12,14,14,1,62,737,1,1,2,3,,0.0,0.0
201400012329,14,5,14,16,1,44,210,1,6,1,3,rd pt des herbins,47.295,-2.209
201400012330,10,10,14,9,1,53,219,1,1,5,4,,48.30957,-0.67613
201400012331,17,12,14,14,1,53,155,1,3,2,4,,48.29937,-0.88945
201400012332,3,1,14,22,3,62,621,1,1,4,1,,50.881,2.01149
201400012333,28,12,14,18,3,62,504,1,1,1,5,,0.0,0.0
201400012334,26,5,14,7,1,27,16,1,9,2,1,,49.16,1.25
201400012335,12,12,14,16,1,17,348,1,2,8,1,,45.81894,-0.93115
201400012336,16,10,14,7,2,79,49,1,3,8,2,,0.0,0.0
201400012337,28,7,14,7,1,77,32,2,1,1,1,"RN 4, PK 52+466",48.42038,3.14586
201400012338,5,8,14,10,1,77,327,2,2,1,3,Carrefour RD 201 / RD 12,0.0,0.0
201400012339,26,2,14,23,4,18,33,1,1,1,2,,0.0,0.0
201400012340,31,3,14,7,1,18,126,1,1,1,6,,0.0,0.0
201400012341,31,3,14,13,1,18,33,1,1,1,6,,0.0,0.0
201400012342,18,4,14,2,3,18,89,1,1,1,6,,0.0,0.0
201400012343,9,8,14,2,3,18,63,1,1,1,6,,0.0,0.0
201400012344,8,11,14,18,3,18,63,1,1,8,6,,0.0,0.0
201400012345,17,10,14,15,1,70,155,1,1,1,7,,0.0,0.0
201400012346,15,3,14,18,5,13,81,1,1,6,6,,0.0,0.0
201400012347,3,6,14,15,1,13,88,2,1,1,5,RN568/Bd Carreirade,43.36806,5.251
201400012348,7,6,14,17,1,13,14,1,1,1,6,,43.51941,5.1708
201400012349,12,7,14,5,2,13,33,1,1,1,1,,0.0,0.0
201400012350,18,7,14,23,3,13,63,1,6,1,6,,43.48214,5.16548
201400012351,27,3,14,19,3,13,22,1,1,1,5,,0.0,0.0
201400012352,16,4,14,9,1,13,13,1,1,1,3,,0.0,0.0
201400012353,20,4,14,16,1,13,7,1,1,1,7,,0.0,0.0
201400012354,26,4,14,17,1,13,42,1,1,1,5,,0.0,0.0
201400012355,8,6,14,9,1,13,30,1,1,1,1,,0.0,0.0
201400012356,18,7,14,14,1,13,22,1,1,1,3,,0.0,0.0
201400012357,26,7,14,21,2,13,7,1,1,1,1,,43.373,5.659
201400012358,29,7,14,20,1,13,42,1,1,1,5,Coord GPS,43.273,5.648
201400012359,13,10,14,7,2,13,7,1,1,2,5,,0.0,0.0
201400012360,28,10,14,5,5,13,42,1,1,1,7,,0.0,0.0
201400012361,3,12,14,15,1,84,37,1,1,1,7,,0.0,0.0
201400012362,12,12,14,7,3,34,31,1,1,1,5,,43.607,3.683
201400012363,16,3,14,3,3,38,397,1,1,1,5,A 41 sud pk6+900,45.23129,5.83135
201400012364,26,3,14,21,3,38,140,1,1,1,2,,0.0,0.0
201400012365,28,2,14,16,1,13,25,1,1,1,3,,0.0,0.0
201400012366,28,3,14,11,1,13,86,1,1,1,3,,0.0,0.0
201400012367,9,4,14,18,1,13,5,1,1,1,4,,0.0,0.0
201400012368,10,5,14,11,1,13,25,1,1,1,4,,0.0,0.0
201400012369,1,7,14,8,1,13,73,1,1,1,5,,0.0,0.0
201400012370,3,7,14,8,1,13,1,1,1,1,5,,0.0,0.0
201400012371,7,7,14,16,1,13,1,1,1,1,3,,0.0,0.0
201400012372,13,8,14,4,3,13,40,1,1,1,6,,0.0,0.0
201400012373,2,9,14,15,1,13,25,1,1,1,3,,0.0,0.0
201400012374,13,9,14,15,1,13,25,1,1,1,3,,0.0,0.0
201400012375,9,12,14,6,3,13,31,1,1,1,5,,0.0,0.0
201400012376,7,12,14,17,1,13,25,1,1,1,4,,0.0,0.0
201400012377,20,12,14,18,3,13,86,1,1,1,6,,0.0,0.0
201400012378,7,1,14,23,3,60,85,1,1,1,6,,0.0,0.0
201400012379,17,1,14,18,3,60,85,1,1,1,6,,0.0,0.0
201400012380,6,2,14,23,3,60,4,1,2,2,5,,0.0,0.0
201400012381,7,3,14,16,1,83,1,1,1,1,6,,0.0,0.0
201400012382,14,4,14,6,2,60,27,1,1,1,6,,0.0,0.0
201400012383,13,5,14,8,1,60,123,1,1,1,2,,0.0,0.0
201400012384,1,6,14,18,1,60,29,1,1,8,2,,0.0,0.0
201400012385,6,8,14,17,1,83,61,1,1,1,6,,0.0,0.0
201400012386,13,8,14,17,1,60,27,1,1,1,5,,0.0,0.0
201400012387,14,8,14,17,1,60,85,1,1,1,4,,0.0,0.0
201400012388,25,8,14,5,2,60,27,1,1,1,2,,0.0,0.0
201400012389,25,9,14,7,1,60,123,1,1,1,2,,0.0,0.0
201400012390,8,10,14,16,1,60,85,1,1,1,7,,0.0,0.0
201400012391,9,10,14,16,1,60,4,1,1,1,2,,0.0,0.0
201400012392,22,11,14,7,2,60,27,1,1,1,2,,0.0,0.0
201400012393,7,12,14,0,3,60,27,1,1,2,5,,0.0,0.0
201400012394,18,2,14,12,1,64,335,1,1,1,6,,0.0,0.0
201400012395,28,4,14,17,1,64,61,1,1,1,6,,0.0,0.0
201400012396,12,5,14,14,1,64,112,1,1,1,2,,0.0,0.0
201400012397,19,10,14,18,1,64,335,1,1,1,5,,43.353,-0.44
201400012398,1,10,14,10,1,66,172,2,1,1,6,08 boulevard du canigou,42.71611,2.84765
201400012399,24,1,14,9,1,63,430,1,1,2,3,,45.866,3.501
201400012400,16,4,14,17,1,63,276,1,1,1,6,,45.862,3.488
201400012401,15,6,14,6,1,63,195,1,1,1,6,,45.852,3.371
201400012402,7,7,14,9,1,63,430,1,1,2,2,,0.0,0.0
201400012403,6,7,14,18,1,63,430,1,1,1,6,,45.866,3.507
201400012404,13,10,14,19,3,63,265,1,1,2,6,,45.855,3.411
201400012405,14,12,14,16,1,63,213,1,9,1,1,,45.8281,3.2414
201400012406,7,1,14,20,5,74,81,1,1,1,3,CARREFOUR  LA MALADIERE,0.0,0.0
201400012407,18,1,14,21,5,74,81,2,1,1,2,Avenue Charles Poncet,0.0,0.0
201400012408,14,3,14,16,1,74,169,2,4,1,1,77 RUE DU GRAND PRE,0.0,0.0
201400012409,9,4,14,21,5,74,81,2,2,1,1,AVENUE CHARLES PONCET,0.0,0.0
201400012410,21,4,14,18,1,74,264,2,2,2,3,RUE DU CHATEAU,0.0,0.0
201400012411,21,4,14,16,1,74,81,1,1,2,6,,0.0,0.0
201400012412,25,4,14,17,1,74,81,2,3,8,3,,0.0,0.0
201400012413,27,4,14,18,1,74,14,1,1,1,7,,0.0,0.0
201400012414,8,5,14,11,1,74,264,1,1,1,7,,0.0,0.0
201400012415,23,5,14,11,1,74,169,1,1,1,7,,0.0,0.0
201400012416,24,5,14,16,1,74,159,1,3,1,3,,0.0,0.0
201400012417,7,6,14,23,5,74,264,1,2,1,1,32 AVENUE ROUTE BLANCHE,0.0,0.0
201400012418,8,6,14,9,1,74,81,1,2,1,2,,0.0,0.0
201400012419,16,6,14,16,1,74,159,1,1,1,1,,0.0,0.0
201400012420,29,6,14,8,1,74,169,1,1,2,6,,0.0,0.0
201400012421,18,8,14,18,1,74,221,1,1,1,7,,0.0,0.0
201400012422,27,8,14,8,1,74,81,1,1,1,1,,0.0,0.0
201400012423,10,9,14,22,3,74,221,1,1,1,6,ROUTE DE LA COLOMBIERE,0.0,0.0
201400012424,18,9,14,10,1,74,81,1,3,1,3,,0.0,0.0
201400012425,25,9,14,6,3,74,169,1,1,2,5,,0.0,0.0
201400012426,3,10,14,10,1,74,169,1,1,1,3,,0.0,0.0
201400012427,9,10,14,6,5,74,159,2,1,1,6,RD 1205,0.0,0.0
201400012428,18,10,14,15,1,74,169,2,1,1,1,AVENUE DU STADE,0.0,0.0
201400012429,25,10,14,13,1,74,81,2,2,1,1,Rue Emile Chautemps,0.0,0.0
201400012430,16,11,14,15,1,74,81,2,6,1,1,AV SARDAGNE ET TRAPPIER,0.0,0.0
201400012431,29,11,14,6,2,74,81,1,1,5,6,,0.0,0.0
201400012432,18,12,14,16,2,74,81,2,9,1,6,48 AVENUE G CLEMANCEAU,0.0,0.0
201400012433,28,3,14,17,1,59,39,1,1,1,1,,0.0,0.0
201400012434,25,4,14,11,1,59,485,1,1,1,1,,0.0,0.0
201400012435,17,5,14,17,1,59,622,2,2,1,3,1 rue de Cambrai,0.0,0.0
201400012436,4,7,14,10,1,59,39,1,1,1,1,,0.0,0.0
201400012437,20,9,14,13,1,59,81,1,1,1,5,,0.0,0.0
201400012438,15,11,14,20,3,59,37,1,1,8,7,,0.0,0.0
201400012439,20,3,14,18,1,47,78,1,1,1,6,,0.0,0.0
201400012440,18,5,14,18,1,47,159,1,1,1,6,,44.381,0.21003
201400012441,13,2,14,18,3,72,93,1,1,4,7,,0.0,0.0
201400012442,17,3,14,15,1,72,300,1,1,1,2,,0.0,0.0
201400012443,21,4,14,1,3,72,288,1,1,1,6,,0.0,0.0
201400012444,1,5,14,20,1,72,241,1,1,2,7,,0.0,0.0
201400012445,4,5,14,10,1,72,288,1,1,1,7,,0.0,0.0
201400012446,7,7,14,9,1,72,31,1,1,1,5,,0.0,0.0
201400012447,26,7,14,13,1,72,241,1,1,1,2,,0.0,0.0
201400012448,1,8,14,15,1,72,31,1,1,1,2,,0.0,0.0
201400012449,1,8,14,12,1,72,241,1,1,1,7,,0.0,0.0
201400012450,12,8,14,14,1,72,80,1,1,3,2,,0.0,0.0
201400012451,27,10,14,17,2,72,241,1,1,7,7,,0.0,0.0
201400012452,28,10,14,19,3,72,375,1,1,1,5,,0.0,0.0
201400012453,30,10,14,18,3,72,300,1,2,1,3,,0.0,0.0
201400012454,29,11,14,12,1,72,363,1,1,1,3,,0.0,0.0
201400012455,27,12,14,15,1,72,288,1,1,1,7,,0.0,0.0
201400012456,16,5,14,11,1,89,339,1,1,6,6,,47.58199,3.92812
201400012457,2,6,14,6,2,89,277,1,1,1,6,,47.69448,3.83135
201400012458,10,6,14,6,1,89,208,1,1,1,6,,47.60019,3.91024
201400012459,14,6,14,14,1,89,378,1,1,1,6,,47.52036,3.98864
201400012460,26,7,14,11,1,89,277,1,1,1,7,,47.66882,3.86806
201400012461,11,8,14,3,3,89,379,1,1,1,2,,47.50515,4.09047
201400012462,24,10,14,16,1,85,16,1,1,1,1,,46.67654,-1.6209
201400012463,5,3,14,8,1,90,122,2,1,2,7,FAURE (COURS GABRIEL),42.96401,1.60753
201400012464,18,4,14,16,1,90,122,2,1,1,2,"1, PONT VIEUX",42.9662,1.6089
201400012465,16,6,14,15,1,90,122,2,1,1,7,"21, CROS (cours Ir?n?e)",42.96924,1.60812
201400012466,17,8,14,11,1,90,122,2,1,1,3,"3, BARCELONE (AVENUE DE)",42.96199,1.61339
201400012467,20,8,14,15,1,90,122,1,1,1,1,D1,42.97656,1.60437
201400012468,16,9,14,17,1,90,122,2,1,1,7,LECLERC (AVENUE DU GENER,42.97631,1.60866
201400012469,9,10,14,10,1,90,122,2,1,1,7,"6, VILLOTE (PARKING DE)",42.96388,1.60803
201400012470,8,11,14,16,1,90,122,2,1,1,7,"11, DELCASSE (RUE)",42.96571,1.60835
201400012471,8,1,14,7,5,91,600,2,6,1,1,bd de la république,48.656,2.45
201400012472,12,2,14,8,1,91,617,2,1,9,7,RUE DU LAC,0.0,0.0
201400012473,13,6,14,11,1,91,600,2,1,1,1,22 rue BAC DE RIS,0.0,0.0
201400012474,3,9,14,14,1,91,617,2,1,1,3,rue du bicheriot,0.0,0.0
201400012475,10,10,14,20,5,91,617,2,6,2,3,rond point D33,48.642,2.504
201400012476,5,7,14,13,1,38,253,1,1,1,3,,0.0,0.0
201400012477,1,1,14,17,5,90,225,2,1,1,3,"0, DELCASSE BOULEVARD",43.11499,1.61445
201400012478,22,2,14,5,5,90,225,2,2,1,3,RIJOLE AVENUE DE LA,43.12135,1.62124
201400012479,10,5,14,20,1,90,225,2,1,1,6,MAQUISARDS PROMENADE DES,43.12008,1.60895
201400012480,22,7,14,8,1,90,225,2,9,1,6,"19, JEU DU MAIL AVENUE D",43.12084,1.60956
201400012481,24,8,14,17,1,90,225,2,2,1,3,"., MIREPOIX ROUTE DE",43.10465,1.6216
201400012482,28,8,14,15,1,90,225,2,1,1,3,"., RIJOLE AVENUE DE LA",43.12657,1.62116
201400012483,1,11,14,13,1,90,225,2,1,1,6,"22, FOIX AVENUE DE",43.10584,1.61916
201400012484,29,4,14,5,3,31,162,1,1,1,2,,0.0,0.0
201400012485,27,6,14,22,3,31,254,1,1,1,7,,43.5318,1.51352
201400012486,22,8,14,14,1,31,576,1,1,8,6,,0.0,0.0
201400012487,19,9,14,21,3,31,100,1,1,1,5,,0.0,0.0
201400012488,19,10,14,11,1,90,185,1,1,1,2,,43.24555,1.6485
201400012489,20,10,14,11,1,31,113,1,1,1,2,,0.0,0.0
201400012490,24,10,14,6,2,31,220,1,1,1,3,,0.0,0.0
201400012491,15,11,14,15,1,31,113,1,1,1,6,,0.0,0.0
201400012492,17,11,14,6,3,31,381,1,1,1,5,,0.0,0.0
201400012493,18,12,14,11,1,31,37,1,1,8,2,,0.0,0.0
201400012494,17,10,14,15,1,201,247,1,1,1,1,,41.49292,9.24597
201400012495,5,1,14,8,2,33,122,1,1,3,3,,0.0,0.0
201400012496,20,6,14,12,1,33,199,1,6,1,1,,0.0,0.0
201400012497,26,6,14,21,1,33,284,1,9,1,6,,0.0,0.0
201400012498,29,6,14,21,2,33,199,1,1,1,2,,0.0,0.0
201400012499,5,7,14,9,1,33,284,1,1,2,2,,0.0,0.0
201400012500,15,7,14,8,1,33,284,1,1,7,7,,0.0,0.0
201400012501,25,8,14,19,1,33,284,1,1,1,2,,0.0,0.0
201400012502,26,8,14,13,1,33,498,1,1,2,4,,0.0,0.0
201400012503,2,9,14,21,3,33,284,1,1,1,7,,0.0,0.0
201400012504,24,11,14,13,1,33,284,1,1,1,2,,0.0,0.0
201400012505,19,1,14,16,1,74,256,2,1,1,2,341 AVENUE DE GENEVE,0.0,0.0
201400012506,9,7,14,0,3,74,208,1,1,8,6,,0.0,0.0
201400012507,28,10,14,11,1,74,56,1,1,1,2,,0.0,0.0
201400012508,20,8,14,6,2,46,256,1,1,1,6,,0.0,0.0
201400012509,1,10,14,15,1,46,37,1,1,1,1,,44.48587,1.64426
201400012510,10,8,14,8,1,69,112,1,1,1,6,,0.0,0.0
201400012511,10,8,14,15,1,69,102,1,1,1,6,,0.0,0.0
201400012512,29,3,14,18,2,72,61,1,1,4,2,,0.0,0.0
201400012513,20,4,14,9,1,72,22,1,1,1,2,,0.0,0.0
201400012514,16,6,14,5,2,72,149,1,1,1,7,,0.0,0.0
201400012515,15,7,14,15,1,72,223,1,1,1,6,,0.0,0.0
201400012516,20,9,14,16,1,72,127,1,1,1,6,,0.0,0.0
201400012517,1,11,14,15,1,72,149,1,1,1,6,,0.0,0.0
201400012518,10,12,14,14,1,72,253,1,1,1,7,,0.0,0.0
201400012519,24,12,14,0,3,72,177,1,1,1,5,,0.0,0.0
201400012520,8,2,14,6,3,68,21,1,1,1,2,,47.63543,7.50095
201400012521,9,3,14,5,3,68,301,1,1,1,2,,47.68511,7.45458
201400012522,21,3,14,16,1,68,309,1,1,1,4,,47.66761,7.47675
201400012523,28,3,14,4,3,68,309,1,1,1,3,,47.65713,7.48686
201400012524,8,4,14,17,1,68,301,1,1,1,2,,47.69892,7.44221
201400012525,26,4,14,12,1,68,72,1,1,1,6,,47.70024,7.44128
201400012526,3,5,14,1,3,68,72,1,1,2,6,,47.70045,7.44133
201400012527,24,10,14,8,1,68,42,1,1,1,6,,47.61649,7.51597
201400012528,17,2,14,7,3,53,267,1,1,1,6,,48.05078,-0.44148