Num_Acc,jour,mois,an,hr,condition_eclairage,departement,commune,condition_agglomeration,intersection,condition_atmosphere,type_collision,adresse,lattitude,longitude
201400012529,23,3,14,13,1,53,45,1,1,4,6,,48.07747,-0.96978
201400012530,4,5,14,16,1,53,34,1,9,1,6,,48.10426,-0.73567
201400012531,15,5,14,10,1,53,108,1,1,1,2,,48.08274,-1.03562
201400012532,12,6,14,10,1,53,108,1,1,1,1,,48.08305,-1.02687
201400012533,16,6,14,12,1,53,137,1,1,1,6,,48.07448,-0.93991
201400012534,22,10,14,7,3,53,276,1,1,2,1,,48.14369,-0.28588
201400012535,1,12,14,22,3,53,262,1,1,8,1,,48.06227,-0.59813
201400012536,21,1,14,8,3,44,163,1,1,1,3,,0.0,0.0
201400012537,21,3,14,18,2,44,3,1,1,1,7,,0.0,0.0
201400012538,29,5,14,18,1,44,213,1,1,1,6,,47.424,-1.028
201400012539,15,8,14,19,1,44,3,1,1,1,6,péage,0.0,0.0
201400012540,22,9,14,16,1,44,163,1,1,1,7,,0.0,0.0
201400012541,23,5,14,16,1,47,169,1,1,1,6,,44.1587,0.61511
201400012542,16,7,14,15,1,47,41,1,1,7,1,,44.2127,0.42632
201400012543,30,8,14,14,1,47,91,1,1,1,6,,44.1658,0.58569
201400012544,19,3,14,17,1,31,202,1,1,1,2,,0.0,0.0
201400012545,20,4,14,21,3,82,27,1,1,2,2,,43.887,1.3172
201400012546,23,9,14,10,1,82,85,1,1,1,5,,0.0,0.0
201400012547,6,12,14,18,1,82,79,1,1,1,4,,0.0,0.0
201400012548,12,12,14,5,3,82,149,1,1,5,2,,0.0,0.0
201400012549,11,12,14,6,3,82,25,1,1,1,7,,0.0,0.0
201400012550,19,7,14,9,1,201,90,1,1,1,7,,42.09844,8.72431
201400012551,31,12,14,11,1,201,934,2,2,8,6,RD70,0.0,0.0
201400012552,17,6,14,11,1,201,331,1,1,2,1,,41.83692,8.96417
201400012553,3,3,14,14,1,39,219,1,1,1,3,,0.0,0.0
201400012554,23,6,14,9,1,39,465,1,1,1,6,,0.0,0.0
201400012555,21,10,14,15,1,39,501,1,1,1,6,,0.0,0.0
201400012556,19,11,14,17,2,39,31,1,1,1,6,,0.0,0.0
201400012557,14,3,14,16,1,38,431,1,1,1,2,,45.26292,5.84226
201400012558,19,3,14,8,1,38,471,1,1,1,2,les Boullières,45.25037,5.76642
201400012559,16,4,14,10,1,38,471,2,1,1,1,D512,0.0,0.0
201400012560,13,5,14,19,1,38,249,1,1,2,6,,0.0,0.0
201400012561,2,9,14,16,1,38,140,2,1,1,3,,0.0,0.0
201400012562,7,9,14,11,1,38,39,1,1,1,3,,45.27071,5.84116
201400012563,13,11,14,9,1,38,229,2,1,1,3,avenue du gr?sivaudan,0.0,0.0
201400012564,9,12,14,7,3,38,249,2,1,2,3,CD 11 PK 2.8,0.0,0.0
201400012565,2,3,14,23,5,60,85,2,1,1,3,AVENUE MARECHAL JUIN,0.0,0.0
201400012566,9,5,14,9,1,60,85,2,1,1,1,route de vallauris,0.0,0.0
201400012567,27,8,14,11,1,60,85,2,1,1,6,16 avenue de tournamy,0.0,0.0
201400012568,17,9,14,7,1,60,85,2,1,1,3,chemin des campelieres,0.0,0.0
201400012569,20,9,14,2,5,60,85,2,6,1,2,rond point de la victoir,0.0,0.0
201400012570,26,9,14,18,1,60,85,2,1,1,2,avenue du golf,0.0,0.0
201400012571,20,10,14,14,1,60,85,2,1,1,3,1318 chemin des peyroues,0.0,0.0
201400012572,11,12,14,7,1,60,85,2,1,1,2,route de la roquette,0.0,0.0
201400012573,18,12,14,23,5,60,85,2,1,1,6,45 avenue saint basile,0.0,0.0
201400012574,11,1,14,0,3,78,189,1,1,2,1,,0.0,0.0
201400012575,9,4,14,19,1,78,466,1,1,1,3,,0.0,0.0
201400012576,10,5,14,15,1,78,10,1,1,1,3,,48.919,1.935
201400012577,17,5,14,11,1,78,466,1,1,1,1,,48.932,1.998
201400012578,10,8,14,4,3,78,189,1,1,1,6,,48.901,1.952
201400012579,11,3,14,8,1,33,122,1,6,1,3,,44.746,-0.764
201400012580,17,4,14,2,3,33,122,1,1,1,6,,44.765,-0.633
201400012581,10,2,14,13,1,66,213,1,1,6,1,,0.0,0.0
201400012582,4,1,14,5,3,67,348,1,1,8,5,,0.0,0.0
201400012583,13,4,14,3,3,67,125,1,1,1,6,"PV, SENS STRASBG-COLMAR",0.0,0.0
201400012584,25,5,14,17,1,67,84,1,1,1,6,,0.0,0.0
201400012585,18,6,14,17,1,67,329,1,1,1,4,,0.0,0.0
201400012586,28,6,14,11,1,67,223,1,1,2,2,,0.0,0.0
201400012587,8,7,14,11,1,67,8,1,1,8,6,,0.0,0.0
201400012588,18,7,14,15,1,67,411,1,1,1,6,,0.0,0.0
201400012589,10,10,14,20,3,67,329,1,1,3,4,PV,0.0,0.0
201400012590,28,11,14,16,1,67,239,1,1,1,3,,0.0,0.0
201400012591,6,1,14,11,1,79,31,1,1,1,7,,0.0,0.0
201400012592,3,8,14,20,2,33,351,1,1,1,7,,0.0,0.0
201400012593,4,10,14,4,3,17,236,1,1,1,3,,45.35434,-0.58393
201400012594,12,1,14,21,3,10,91,1,1,1,5,,0.0,0.0
201400012595,13,2,14,9,1,74,201,1,1,3,6,,0.0,0.0
201400012596,11,4,14,0,5,74,9,1,1,1,7,,0.0,0.0
201400012597,27,4,14,15,1,10,91,1,1,1,6,,0.0,0.0
201400012598,18,5,14,22,3,74,44,1,1,1,7,,0.0,0.0
201400012599,1,6,14,10,1,74,243,1,1,1,6,,0.0,0.0
201400012600,11,7,14,6,2,74,16,1,1,1,7,,0.0,0.0
201400012601,29,7,14,17,1,74,82,1,1,2,6,,0.0,0.0
201400012602,20,9,14,7,1,74,288,1,1,1,6,,0.0,0.0
201400012603,4,11,14,21,5,74,201,1,1,3,2,,0.0,0.0
201400012604,13,12,14,7,2,74,118,1,1,1,6,,0.0,0.0
201400012605,10,3,14,13,1,201,139,1,9,1,1,,41.67379,9.31383
201400012606,30,5,14,20,1,201,139,2,1,1,3,allee Ile de beaute,41.63383,9.34551
201400012607,10,7,14,18,1,201,269,1,1,1,5,,41.8078,9.399
201400012608,18,8,14,10,1,201,139,1,1,1,3,,41.7037,9.35693
201400012609,27,8,14,14,1,201,139,1,1,1,7,,0.0,0.0
201400012610,9,10,14,8,1,201,139,2,1,8,3,la croix,41.68399,9.319
201400012611,12,10,14,16,1,201,92,2,1,1,6,lieu dit Tarco RN 198,41.751,9.404
201400012612,21,1,14,18,2,74,268,2,1,8,6,,0.0,0.0
201400012613,17,2,14,19,5,74,268,2,1,1,3,76 AVENUE AIX LES BAINS,0.0,0.0
201400012614,16,5,14,12,1,74,268,2,1,1,3,AVENUE HENRI ZANAROLLI,0.0,0.0
201400012615,21,5,14,21,3,74,186,1,1,1,6,,0.0,0.0
201400012616,4,6,14,20,1,74,186,1,1,1,6,,0.0,0.0
201400012617,14,6,14,5,2,74,268,2,1,1,6,route des creuses,0.0,0.0
201400012618,18,9,14,12,1,74,268,2,3,1,3,RUE DU MURAILLON,0.0,0.0
201400012619,8,12,14,6,3,74,268,1,3,1,2,,0.0,0.0
201400012620,9,2,14,5,3,10,49,1,1,1,6,A 42,45.8344,5.03233
201400012621,19,2,14,7,2,69,288,1,1,1,4,,45.68,5.055
201400012622,16,3,14,4,3,10,89,1,1,1,2,,45.9876,5.31285
201400012623,19,5,14,16,1,10,89,1,1,1,7,,45.993,5.31335
201400012624,18,6,14,22,3,69,288,1,1,1,1,,0.0,0.0
201400012625,16,6,14,15,1,10,450,1,1,1,2,,45.9051,5.2333
201400012626,23,10,14,14,1,10,213,1,1,1,2,,45.9387,5.2866
201400012627,10,9,14,12,1,37,131,1,1,1,1,SUR LE PONT SENS NORD,0.0,0.0
201400012628,23,11,14,18,3,37,153,1,1,1,3,,0.0,0.0
201400012629,13,1,14,11,1,42,279,1,1,8,5,,45.49419,4.28762
201400012630,2,2,14,12,1,42,42,1,1,1,6,Vassalieux,45.45287,4.20883
201400012631,21,2,14,15,1,42,279,2,1,1,2,53 avenue mellet mandard,45.50552,4.26212
201400012632,17,5,14,11,1,42,42,1,1,1,1,Chemin de Sarroux,45.4478,4.2262
201400012633,7,6,14,10,1,42,279,2,1,7,6,Bd de la Lib?ration,45.49993,4.24027
201400012634,14,6,14,11,1,42,279,2,1,1,1,,45.50654,4.23924
201400012635,7,8,14,21,5,42,256,2,1,1,3,av charles de gaulle,45.49762,4.16585
201400012636,14,9,14,19,1,42,256,2,1,1,1,Route de St Bonnet,45.49185,4.15861
201400012637,29,9,14,16,1,42,42,1,1,1,1,,45.42847,4.23104
201400012638,2,10,14,17,1,42,256,1,1,1,1,,45.46678,4.16479
201400012639,6,10,14,7,2,42,279,2,1,1,6,Avenue Gr?goire Chapoton,45.50192,4.25517
201400012640,14,11,14,15,1,42,256,1,1,8,5,,45.46961,4.13349
201400012641,9,12,14,13,1,42,256,1,1,1,7,,45.46739,4.13009
201400012642,16,12,14,19,5,42,279,2,6,8,3,Avenue Mellet Mandard,45.50323,4.25993
201400012643,12,12,14,12,1,42,279,2,9,1,5,143 BD JEAN JAURES,45.51321,4.26345
201400012644,10,2,14,15,1,91,441,1,1,1,2,D 948,0.0,0.0
201400012645,6,6,14,19,1,91,649,1,1,1,7,D31,48.551,2.35
201400012646,31,8,14,0,4,91,135,2,1,1,6,4 grande rue,0.0,0.0
201400012647,12,9,14,16,1,91,135,1,1,1,7,D75,0.0,0.0
201400012648,4,10,14,4,5,91,37,1,1,1,6,rue de Fitte,0.0,0.0
201400012649,4,12,14,23,5,91,45,1,1,2,2,D17,0.0,0.0
201400012650,8,12,14,9,1,91,649,1,1,2,1,D31,0.0,0.0
201400012651,6,1,14,7,2,51,613,1,4,2,3,D944/D8E4,0.0,0.0
201400012652,11,1,14,15,1,51,613,1,1,1,6,CHEMIN DE LA BARBARIE,0.0,0.0
201400012653,1,2,14,13,1,51,333,1,1,1,1,D9,0.0,0.0
201400012654,12,2,14,9,1,51,536,2,1,9,6,D308,0.0,0.0
201400012655,10,3,14,16,1,51,562,1,1,1,1,D9,0.0,0.0
201400012656,1,4,14,8,1,51,450,1,1,1,6,D33,0.0,0.0
201400012657,10,4,14,9,1,51,571,1,1,1,2,D944,0.0,0.0
201400012658,12,4,14,10,1,51,375,2,8,1,2,RUE DE CHAMPFLEURY,0.0,0.0
201400012659,14,5,14,15,1,51,44,2,1,3,2,D944,0.0,0.0
201400012660,3,7,14,14,1,51,571,1,2,1,3,D34/D35,0.0,0.0
201400012661,13,9,14,11,1,51,614,1,1,1,6,D26,0.0,0.0
201400012662,3,12,14,15,1,51,536,1,1,1,1,D944,0.0,0.0
201400012663,26,12,14,12,1,51,636,1,4,8,1,D26/D37,0.0,0.0
201400012664,6,1,14,6,5,31,157,1,1,1,3,avenue de francazal,43.53468,1.35424
201400012665,7,7,14,17,5,31,203,2,1,1,1,Rue Jean Jaures,43.52046,1.32764
201400012666,14,8,14,18,1,31,157,2,1,1,1,3 Av Georges Pompidou,43.52992,1.35102
201400012667,18,8,14,17,1,31,157,2,1,1,1,route de tournefeuille,0.0,0.0
201400012668,17,1,14,9,1,60,152,1,1,3,6,,0.0,0.0
201400012669,20,2,14,9,1,60,152,1,1,1,2,,0.0,0.0
201400012670,5,3,14,13,1,60,18,2,3,1,1,CD 98 Rue Albert Caquot,0.0,0.0
201400012671,21,5,14,17,1,60,152,1,1,1,6,,0.0,0.0
201400012672,26,7,14,1,3,60,152,1,1,1,5,,0.0,0.0
201400012673,5,8,14,11,1,60,18,2,3,1,1,78 chemin de la vigne ha,0.0,0.0
201400012674,28,8,14,17,1,60,152,2,6,1,3,rue du fr?ne,0.0,0.0
201400012675,5,9,14,9,1,60,18,1,1,1,6,,0.0,0.0
201400012676,16,9,14,14,1,60,18,1,1,1,3,,0.0,0.0
201400012677,21,11,14,19,3,60,152,1,1,8,1,,0.0,0.0
201400012678,29,11,14,12,1,60,152,1,1,1,3,,0.0,0.0
201400012679,18,12,14,20,3,60,152,1,1,1,1,,43.604,7.051
201400012680,13,1,14,12,1,69,292,2,1,2,3,avenue felix faure,0.0,0.0
201400012681,20,5,14,14,1,69,168,2,6,1,5,D433,45.843,4.834
201400012682,16,9,14,16,1,69,88,2,6,1,2,mont?e roy,0.0,0.0
201400012683,25,10,14,14,1,69,88,2,1,1,1,mont?e roy,0.0,0.0
201400012684,4,3,14,17,1,69,244,2,1,1,6,rue joliot curie,0.0,0.0
201400012685,18,3,14,8,1,69,44,2,1,1,3,Route de Saint Bel,0.0,0.0
201400012686,27,3,14,20,5,69,244,2,1,1,1,rue joliot curie,0.0,0.0
201400012687,27,5,14,17,1,69,244,2,1,1,6,51 av 11 novembre 1918,0.0,0.0
201400012688,7,6,14,13,1,69,244,2,1,1,1,rue de boyer,0.0,0.0
201400012689,28,8,14,11,1,69,244,2,1,1,3,Rue Charles De gaulle,0.0,0.0
201400012690,8,10,14,16,1,69,244,2,1,1,1,TASSIN LA DEMI LUNE,45.759,4.782
201400012691,16,10,14,18,1,69,244,2,1,1,1,avenue victor hugo,0.0,0.0
201400012692,28,10,14,19,5,69,244,2,1,1,1,Chemin Finat Duclos,0.0,0.0
201400012693,1,12,14,12,1,69,244,2,1,1,3,avenue g?n?ral brosset,45.753,4.787
201400012694,22,12,14,21,5,69,244,2,1,1,6,rue fran?ois mermet,0.0,0.0
201400012695,23,1,14,7,2,38,340,2,1,1,2,Aveneu de la Lib?ration,0.0,0.0
201400012696,15,3,14,2,5,38,340,2,1,1,1,,0.0,0.0
201400012697,15,3,14,13,1,38,340,2,1,1,6,24 av de la lib?ration,0.0,0.0
201400012698,9,5,14,17,1,38,378,1,1,1,1,,0.0,0.0
201400012699,20,5,14,23,1,38,378,2,1,8,5,RN7 PARASSAT,0.0,0.0
201400012700,6,6,14,9,1,38,448,1,1,1,2,,0.0,0.0
201400012701,8,6,14,14,1,38,425,2,1,1,6,rue auguste rodin,0.0,0.0
201400012702,10,6,14,12,1,38,425,2,6,1,2,rue Fran?ois TRUFFAUT,0.0,0.0
201400012703,11,7,14,12,1,38,536,2,3,1,6,311 route des alpes,45.42171,4.90443
201400012704,31,7,14,13,1,38,425,2,6,1,3,rue fran?ois truffaut,0.0,0.0
201400012705,9,8,14,16,1,38,19,2,1,1,3,RN 7 Le village,0.0,0.0
201400012706,11,9,14,11,1,38,425,2,2,1,3,RUE DU 19 MARS 1962,0.0,0.0
201400012707,4,10,14,19,5,38,19,2,1,1,1,RN7 Le Village,0.0,0.0
201400012708,18,11,14,7,2,38,378,2,1,2,2,route de p?age,0.0,0.0
201400012709,21,3,14,15,1,74,299,2,1,1,6,ROUTE DE MENTHON,0.0,0.0
201400012710,8,5,14,19,1,74,303,1,1,1,3,ROUTE DE LA FILIERE,0.0,0.0
201400012711,5,5,14,16,1,74,11,2,2,1,1,chemin de la colline,0.0,0.0
201400012712,9,5,14,16,1,74,120,1,1,1,1,,0.0,0.0
201400012713,10,5,14,19,1,74,282,2,3,1,1,RUE DE LA JAVAFONNE,0.0,0.0
201400012714,21,6,14,15,1,74,176,2,1,1,2,281 route d'Annecy,0.0,0.0
201400012715,3,7,14,13,1,74,11,1,1,1,2,,0.0,0.0
201400012716,31,8,14,20,5,74,282,2,1,1,1,rue du Capitaine Anjot,0.0,0.0
201400012717,12,12,14,8,1,74,11,2,6,1,3,rue de l'arc en ciel,0.0,0.0
201400012718,17,12,14,14,1,74,137,2,1,2,1,Route de Lecy,0.0,0.0
201400012719,6,3,14,17,1,34,116,2,1,1,6,route de Montferrier,0.0,0.0
201400012720,10,5,14,10,1,34,153,1,1,1,3,,0.0,0.0
201400012721,16,5,14,9,1,34,116,1,3,1,3,,43.762,3.521
201400012722,8,11,14,2,3,34,82,1,1,1,6,,43.671,3.802
201400012723,17,11,14,14,1,34,255,1,1,7,1,,43.662,3.831
201400012724,15,1,14,11,1,10,266,2,6,1,3,ROND POINT CAISSE EPARGN,46.3359,5.12671
201400012725,9,4,14,6,1,10,451,1,1,7,2,,46.2633,5.18893
201400012726,30,4,14,17,1,10,159,1,1,1,6,A 40,46.3255,4.88303
201400012727,29,7,14,22,2,10,151,1,1,1,6,,0.0,0.0
201400012728,11,8,14,16,1,10,159,1,1,1,7,,46.3286,4.88052
201400012729,17,11,14,15,1,10,159,1,1,2,7,,46.3286,4.88052
201400012730,22,12,14,18,3,10,343,1,1,1,2,,46.2815,4.96606
201400012731,24,6,14,18,1,77,183,2,9,1,6,15 rue de la gare,0.0,0.0
201400012732,6,8,14,14,1,77,505,1,1,3,1,,0.0,0.0
201400012733,5,3,14,23,3,20,702,1,1,1,6,,0.0,0.0
201400012734,15,1,14,18,3,78,43,1,1,3,6,,0.0,0.0
201400012735,1,2,14,13,1,78,152,1,1,1,6,,0.0,0.0
201400012736,2,3,14,6,5,78,571,2,2,1,1,carrefour d 307 - d 98,0.0,0.0
201400012737,29,3,14,10,1,78,571,2,2,1,4,Avenue Charles DE GAULLE,0.0,0.0
201400012738,18,4,14,17,1,78,455,2,1,1,6,1 rue andre le bourblanc,0.0,0.0
201400012739,16,8,14,17,1,78,233,2,1,1,1,96 grande rue,0.0,0.0
201400012740,8,9,14,15,1,78,43,1,1,1,6,,0.0,0.0
201400012741,9,9,14,20,2,78,233,2,1,1,7,RD307,0.0,0.0
201400012742,11,11,14,9,1,78,455,2,1,7,6,33 rue Andr? lebourblanc,0.0,0.0
201400012743,8,11,14,16,1,78,455,1,1,1,4,,0.0,0.0
201400012744,12,11,14,11,1,78,455,2,9,1,6,parking centre commercia,0.0,0.0
201400012745,18,11,14,19,1,78,233,1,1,1,3,,0.0,0.0
201400012746,28,3,14,17,1,13,112,1,1,1,1,,0.0,0.0
201400012747,25,4,14,12,1,13,112,1,1,1,1,,43.53032,5.23849
201400012748,4,5,14,5,3,13,37,1,1,1,3,,43.54772,5.18326
201400012749,29,12,14,16,1,13,112,1,1,1,6,,0.0,0.0
201400012750,8,10,14,14,1,95,353,1,1,1,2,RN 1,49.0836,2.3142
201400012751,1,11,14,18,3,95,353,1,1,2,2,RN1,49.0836,2.3142
201400012752,4,11,14,10,1,95,678,1,1,8,5,RN 184,0.0,0.0
201400012753,10,10,14,22,3,90,252,1,1,8,7,,42.7455,2.08596
201400012754,10,5,14,11,1,90,189,1,1,1,3,,42.67762,1.83351
201400012755,23,5,14,15,1,90,326,1,1,1,1,,42.77112,1.72598
201400012756,1,6,14,17,1,90,4,1,1,1,1,,42.77506,1.69843
201400012757,15,6,14,17,1,90,139,1,1,1,7,,42.58032,1.79718
201400012758,16,6,14,15,1,90,326,2,1,1,3,RN 20,42.77134,1.72206
201400012759,16,6,14,14,1,90,139,1,1,1,3,,42.60492,1.81354
201400012760,28,6,14,12,1,90,70,1,1,1,1,,42.78986,1.68754
201400012761,2,11,14,13,1,90,32,1,1,1,1,,42.68194,1.8282
201400012762,27,12,14,14,1,90,176,1,1,3,1,,42.75781,1.76945
201400012763,24,1,14,17,3,35,210,1,1,2,4,,48.1452,-1.78343
201400012764,28,2,14,11,1,35,210,1,1,2,7,,48.13377,-1.7628
201400012765,6,4,14,2,3,35,275,1,1,1,6,,0.0,0.0
201400012766,20,6,14,18,1,35,210,1,1,1,7,,0.0,0.0
201400012767,18,9,14,9,1,35,210,2,2,1,3,avenuede la Crespiniere,48.15152,-1.75929
201400012768,30,9,14,7,3,35,210,1,1,5,2,,48.15024,-1.73044
201400012769,4,2,14,22,3,56,150,1,1,6,7,,0.0,0.0
201400012770,19,8,14,12,1,56,240,1,9,1,3,,47.50768,-2.77186
201400012771,15,10,14,8,1,56,243,2,1,3,6,RUE COUSTEAU,47.64895,-2.7234
201400012772,27,10,14,20,5,56,5,2,1,1,1,RUE DES ORMEAUX,47.5557,-2.89835
201400012773,7,12,14,21,3,56,240,1,1,8,6,,47.50135,-2.7928
201400012774,2,1,14,10,1,42,255,1,1,1,6,,45.8761,3.89161
201400012775,25,2,14,21,3,42,108,1,1,1,2,,45.5881,4.21172
201400012776,27,2,14,0,3,42,154,1,1,8,6,,45.84837,4.21912
201400012777,28,2,14,15,1,42,249,1,1,1,7,,45.86447,4.24382
201400012778,22,4,14,6,1,42,34,1,1,1,2,,45.85082,3.76877
201400012779,21,7,14,16,1,42,173,1,1,8,2,,45.8418,4.09007
201400012780,3,8,14,5,1,42,173,1,1,5,2,,45.82878,4.10363
201400012781,7,10,14,19,3,42,5,1,1,1,5,,45.55491,4.25789
201400012782,27,11,14,18,3,42,255,1,1,1,1,,45.87652,3.88719
201400012783,5,4,14,3,3,78,591,1,1,1,7,,0.0,0.0
201400012784,30,8,14,18,3,78,474,1,1,1,1,,0.0,0.0
201400012785,20,9,14,9,1,78,192,1,1,1,3,,0.0,0.0
201400012786,3,12,14,8,1,78,291,1,1,1,6,,0.0,0.0
201400012787,11,5,14,6,3,38,48,1,1,1,6,,0.0,0.0
201400012788,11,10,14,0,5,38,553,2,1,3,1,rue du midi,0.0,0.0
201400012789,14,1,14,9,1,13,113,1,1,1,2,,0.0,0.0
201400012790,16,4,14,14,1,13,48,1,1,1,6,,0.0,0.0
201400012791,9,5,14,14,1,13,1,1,1,1,6,,0.0,0.0
201400012792,3,9,14,11,1,13,74,1,1,1,2,,0.0,0.0
201400012793,27,9,14,10,1,13,113,1,1,1,6,,0.0,0.0
201400012794,8,2,14,5,3,18,167,1,1,2,1,,0.0,0.0
201400012795,29,6,14,8,1,18,190,1,1,1,6,,0.0,0.0
201400012796,30,6,14,10,1,18,279,1,1,1,3,,47.27272,2.04265
201400012797,3,7,14,2,3,18,138,1,1,1,6,,0.0,0.0
201400012798,21,7,14,6,2,18,96,1,1,1,2,,0.0,0.0
201400012799,6,8,14,7,1,18,190,1,1,1,2,,0.0,0.0
201400012800,6,9,14,7,1,18,190,1,1,1,6,,0.0,0.0
201400012801,11,12,14,22,3,18,214,1,1,2,3,,0.0,0.0
201400012802,17,6,14,13,1,34,333,1,1,1,3,,0.0,0.0
201400012803,19,6,14,15,1,34,337,2,6,1,7,av Mireval rue Vignes An,43.888,3.427
201400012804,3,7,14,9,1,34,337,1,1,1,7,,43.917,3.387
201400012805,12,8,14,18,1,34,337,1,6,1,3,,43.899,3.497
201400012806,15,8,14,15,1,34,333,1,1,1,1,,0.0,0.0
201400012807,24,8,14,14,1,34,337,1,6,1,4,,43.54035,3.89723
201400012808,6,12,14,10,1,34,337,1,1,2,1,,0.0,0.0
201400012809,6,12,14,13,2,34,333,1,1,3,4,,0.0,0.0
201400012810,8,10,14,9,1,50,59,1,1,1,7,,44.54928,6.02425
201400012811,2,2,14,6,3,10,67,1,1,4,6,,46.115,5.48968
201400012812,20,2,14,8,1,10,307,1,1,5,6,,46.1702,5.56052
201400012813,23,3,14,11,1,10,274,1,1,4,2,A 40,46.1613,5.65188
201400012814,14,5,14,9,1,10,283,1,1,8,6,,46.2216,5.61202
201400012815,29,5,14,11,1,10,274,1,1,1,2,,46.1616,5.6524
201400012816,2,7,14,15,1,10,331,1,1,1,3,,46.106,5.44997
201400012817,8,7,14,16,1,10,373,1,1,3,6,,0.0,0.0
201400012818,11,7,14,19,1,10,228,1,1,2,4,A40,46.1333,5.52244
201400012819,20,7,14,13,1,10,373,1,1,3,2,A40 122+600,46.1271,5.57646
201400012820,7,8,14,8,3,10,237,1,1,1,7,,0.0,0.0
201400012821,27,12,14,13,1,10,303,1,1,1,3,,46.0972,5.42618
201400012822,26,1,14,16,1,14,8,1,2,8,5,,49.2756,-0.49306
201400012823,8,1,14,7,1,13,44,2,1,1,6,d16 Rte de Salon,0.0,0.0
201400012824,27,3,14,8,1,13,69,1,1,1,6,,0.0,0.0
201400012825,13,7,14,9,1,13,69,1,6,1,3,,0.0,0.0
201400012826,18,8,14,0,3,13,51,1,1,1,3,,0.0,0.0
201400012827,2,9,14,18,1,13,51,1,1,1,7,,0.0,0.0
201400012828,6,10,14,18,1,13,44,1,1,1,1,,0.0,0.0
201400012829,20,10,14,6,2,13,69,1,2,1,3,,43.57174,5.3605
201400012830,8,8,14,10,1,50,85,1,1,1,1,,44.92671,6.69707
201400012831,9,8,14,12,1,50,85,2,1,1,3,RN94,44.92782,6.71104
201400012832,26,4,14,11,1,30,21,1,1,1,2,,46.127,3.121
201400012833,21,6,14,8,1,30,277,1,1,1,6,,46.306,3.024
201400012834,31,7,14,7,1,30,175,1,1,1,2,,46.255,3.087
201400012835,17,8,14,9,1,30,277,1,1,1,7,,46.292,3.044
201400012836,29,9,14,11,1,30,118,1,1,2,6,,46.105,3.141
201400012837,15,12,14,17,3,30,243,1,1,1,2,,0.0,0.0
201400012838,10,3,14,20,3,63,113,1,1,1,2,,45.776,3.141
201400012839,12,4,14,18,1,63,278,1,1,1,2,,45.929,3.144
201400012840,15,4,14,17,1,63,113,1,1,1,2,,45.81,3.14
201400012841,17,8,14,22,3,63,300,1,1,1,3,,0.0,0.0
201400012842,18,5,14,0,5,60,84,2,1,1,6,252 corniche paul b?nard,0.0,0.0
201400012843,19,8,14,7,1,49,127,1,1,1,2,,47.68986,-0.25021
201400012844,12,9,14,15,1,49,110,1,1,1,3,,47.51751,-0.40867
201400012845,6,10,14,17,1,49,18,1,1,2,6,,47.56379,-0.09877
201400012846,28,10,14,4,3,49,174,1,1,5,6,,47.65392,-0.27298
201400012847,12,11,14,11,1,49,18,1,2,7,3,,47.56992,-0.09584
201400012848,3,12,14,16,1,49,18,2,1,8,1,route de la Fleche,47.54785,-0.10651
201400012849,22,7,14,15,1,40,168,1,1,1,6,,43.80803,-1.19876
201400012850,7,11,14,17,2,40,261,1,1,2,2,,43.7006,-1.22868
201400012851,14,11,14,15,1,40,261,1,1,2,1,,43.69573,-1.23108
201400012852,5,1,14,21,3,40,156,1,1,8,1,,44.27577,-0.89481
201400012853,16,2,14,20,3,40,210,1,1,1,5,,44.09922,-0.99509
201400012854,28,2,14,17,1,40,94,1,1,4,5,,44.15092,-0.96179
201400012855,28,2,14,17,1,40,94,1,1,4,5,,44.15132,-0.96127
201400012856,7,6,14,16,1,40,295,1,1,1,5,,44.35136,-0.85758
201400012857,21,8,14,18,1,40,134,1,1,1,6,,44.22989,-0.91211
201400012858,28,3,14,14,1,63,198,2,2,1,3,Le bourg - cd 227,0.0,0.0
201400012859,6,6,14,8,1,63,349,1,1,1,6,,45.954,2.852
201400012860,10,8,14,19,1,63,4,1,1,1,1,,0.0,0.0
201400012861,1,11,14,14,1,63,198,1,1,1,7,,0.0,0.0
201400012862,22,11,14,8,1,63,464,1,1,1,1,,45.986,2.918
201400012863,20,12,14,5,5,10,60,2,1,1,3,"81, GENERAL LECLERC (RUE",48.25165,4.09894
201400012864,13,12,14,16,2,10,387,2,1,1,4,PREMIER MAI (RUE DU),48.30403,4.08754
201400012865,15,1,14,20,3,10,357,1,1,2,6,GEORGES POMPIDOU (BD),48.30668,4.10169
201400012866,21,1,14,18,3,10,362,1,1,2,2,ROCADE OUEST (RD 610),0.0,0.0