Num_Acc,jour,mois,an,hr,condition_eclairage,departement,commune,condition_agglomeration,intersection,condition_atmosphere,type_collision,adresse,lattitude,longitude
201400012867,17,1,14,16,1,10,387,2,1,1,3,GENERAL CHARLES DELESTRA,48.29136,4.07428
201400012868,30,1,14,13,1,10,387,2,1,1,6,FAUBOURG CRONCELS (RUE D,48.28233,4.07928
201400012869,6,1,14,17,2,10,387,2,1,8,3,PREMIER RAM (RUE DU),0.0,0.0
201400012870,24,1,14,14,1,10,297,2,4,1,6,DANTON (RUE),48.32859,4.10933
201400012871,26,1,14,18,5,10,387,2,1,2,6,ANATOLE FRANCE (RUE),48.28166,4.07019
201400012872,14,1,14,18,5,10,387,2,1,2,6,PIERRE BROSSOLETTE (RUE),48.29209,4.07457
201400012873,12,2,14,13,1,10,387,2,3,1,6,ANATOLE FRANCE (RUE),48.2786,4.06609
201400012874,22,12,14,18,5,10,387,2,1,1,6,"9, PREMIER RAM (RUE DU)",0.0,0.0
201400012875,28,1,14,21,5,10,387,2,6,1,3,ROBERT GALLEY (RUE),48.2899,4.06707
201400012876,6,3,14,6,5,10,387,2,3,1,2,Boulevard Victor Hugo,48.29131,4.07088
201400012877,11,3,14,11,1,10,387,2,6,1,3,ROBERT GALLEY (PLACE),48.29001,4.06742
201400012878,19,2,14,12,1,10,357,2,1,1,7,FOSSES BLANCHES (RUE DES,48.29231,4.11996
201400012879,28,2,14,11,1,10,357,1,1,2,1,EDME DENIZOT (RUE),48.30274,4.12969
201400012880,22,3,14,17,1,10,297,2,1,8,3,JULES GUESDE(avenue),48.3185,4.10451
201400012881,1,4,14,8,1,10,387,2,1,1,6,QUATORZE JUILLET (Bd du),48.29548,4.08031
201400012882,10,4,14,16,1,10,387,2,1,1,2,LUCIEN MOREL PAYEN (RUE),48.30545,4.08998
201400012883,11,4,14,13,1,10,387,2,2,1,3,MAURICE ROMAGON (RUE),48.28002,4.08743
201400012884,24,2,14,14,1,10,387,2,1,1,6,LOMBARDS (AVENUE),48.27016,4.08221
201400012885,17,4,14,17,1,10,387,2,3,1,7,VOULDY (CHAUSSEE DU),0.0,0.0
201400012886,6,5,14,5,2,10,325,1,1,1,7,ROCADE OUEST (RD 610),48.26749,4.0649
201400012887,17,3,14,13,1,10,387,2,1,1,2,BON PASTEUR (RUE),48.29998,4.08307
201400012888,5,5,14,19,1,10,333,2,1,1,7,ABBAYE DE MONTIER LA CEL,48.28565,4.05286
201400012889,19,4,14,12,1,10,387,2,2,1,3,HENRI BARBUSSE (RUE),48.29671,4.08481
201400012890,14,5,14,12,1,10,297,2,1,1,6,"7, JULES GUESDE (BDL)",48.31484,4.09925
201400012891,17,5,14,20,1,10,387,2,1,1,6,"26, THENARD (RUE)",0.0,0.0
201400012892,21,5,14,15,1,10,387,2,3,1,3,JEAN LOUIS DELAPORTE (RU,0.0,0.0
201400012893,31,5,14,19,1,10,387,2,1,1,6,MAROTS (RUE DES),0.0,0.0
201400012894,31,5,14,18,1,10,387,2,1,1,6,"46, GUSTAVE MASSON (RUE)",0.0,0.0
201400012895,10,6,14,12,1,10,387,2,2,1,3,JACQUIN (RUE),48.3043,4.08252
201400012896,30,6,14,16,1,10,387,2,1,1,6,"21, PIERRE BROSSOLETTE",48.29159,4.0751
201400012897,10,6,14,17,1,10,297,2,1,1,6,TIRVERTS (RUE),48.31883,4.08705
201400012898,27,6,14,18,1,10,387,2,1,1,6,ALEXANDRE RIBOT (RUE),0.0,0.0
201400012899,7,7,14,18,1,10,387,2,3,2,2,VOLTAIRE (RUE),48.29482,4.06499
201400012900,19,6,14,17,1,10,387,2,1,1,3,GUSTAVE MASSON (RUE),48.27411,4.08037
201400012901,20,8,14,12,1,10,357,1,1,1,1,R.N. 19,48.29552,4.13852
201400012902,12,8,14,10,1,10,357,2,1,1,3,GENERAL DE GAULLE (RUE D,48.29785,4.12925
201400012903,27,8,14,15,1,10,387,2,1,1,3,WOOD ET WEST (RUE),48.29517,4.08185
201400012904,16,7,14,17,1,10,387,2,1,1,6,BAS TREVOIS (RUE DES),0.0,0.0
201400012905,12,9,14,16,1,10,387,2,6,1,2,GEORGES POMPIDOU (RUE),48.29128,4.08774
201400012906,19,9,14,12,1,10,81,2,3,1,2,PRESIDENT RENE COTY,48.32325,4.0323
201400012907,12,9,14,11,1,10,387,2,2,1,3,LUCIEN MOREL PAYEN (RUE),48.29689,4.07549
201400012908,8,10,14,12,1,10,81,2,9,3,6,"46, JEAN JAURES (AVENUE)",48.31083,4.03923
201400012909,26,9,14,15,1,10,387,2,1,1,6,DANTON (RUE),0.0,0.0
201400012910,8,10,14,20,5,10,387,2,1,1,6,JULES GUESDE (BD),48.29307,4.08202
201400012911,7,10,14,13,1,10,387,2,1,1,6,CHARMILLES (MAIL DES),48.29933,4.08727
201400012912,4,10,14,21,5,10,387,2,6,1,3,GEORGES POMPIDOU (RUE),48.29653,4.0941
201400012913,24,9,14,15,1,10,387,2,1,1,6,REPUBLIQUE (RUE DE LA ),48.29689,4.07549
201400012914,27,9,14,11,1,10,343,2,3,1,3,VANNES (RUE),48.28017,4.09959
201400012915,4,7,14,15,1,10,387,2,1,8,6,EDMOND FARIAT (RUE),0.0,0.0
201400012916,3,10,14,17,1,10,81,2,1,1,1,Boulevard de l'Ouest,48.30624,4.02609
201400012917,6,9,14,13,1,10,387,2,1,1,2,GAMBETTA (boulevard),48.2998,4.07328
201400012918,29,9,14,18,1,10,81,2,9,1,6,"20, ROGER SALENGRO (NATI",48.3126,4.04901
201400012919,14,10,14,19,5,10,333,2,1,1,6,AUXERRE (ROUTE),0.0,0.0
201400012920,3,10,14,11,1,10,387,2,3,1,3,CHOMEDEY DE MAISONNEUVE,48.3053,4.07177
201400012921,9,11,14,12,1,10,387,2,2,1,3,QUATORZE JUILLET (BD DU,0.0,0.0
201400012922,14,11,14,8,1,10,387,2,1,1,6,VOULDY (CHAUSSEE DU),48.29426,4.08282
201400012923,16,11,14,7,1,10,297,2,1,2,2,"09, JULES GUESDE (BDL)",48.31499,4.09941
201400012924,29,10,14,21,5,10,387,2,2,1,3,MISSION (RUE DE LA),48.28801,4.07436
201400012925,23,11,14,3,5,10,325,2,1,1,7,"., EGALITE (RUE DE L')",48.26946,4.06119
201400012926,21,11,14,17,2,10,387,2,1,1,2,"16, VOULDY (CHAUSSEE DU)",48.29265,4.08432
201400012927,16,12,14,18,5,10,325,2,1,1,2,EGALITE (RUE DE L'),0.0,0.0
201400012928,8,12,14,19,5,10,387,2,6,9,3,WOOD ET WEST (RUE),48.29501,4.08179
201400012929,17,12,14,9,5,10,387,2,1,3,6,"105, GENERAL DE GAULLE",48.29679,4.06772
201400012930,12,12,14,17,2,10,387,2,2,1,3,KLEBER (RUE),48.30388,4.08709
201400012931,28,5,14,15,1,67,152,1,1,1,3,,0.0,0.0
201400012932,28,5,14,11,1,67,49,1,1,1,6,,0.0,0.0
201400012933,22,7,14,17,1,67,124,2,1,1,2,route de strasbourg,0.0,0.0
201400012934,3,9,14,12,1,67,152,2,1,1,1,chemin de la hardt,0.0,0.0
201400012935,19,11,14,22,3,67,108,1,1,1,3,,0.0,0.0
201400012936,15,12,14,7,2,67,152,2,1,8,3,rue du coll?ge,0.0,0.0
201400012937,2,1,14,11,1,67,389,1,1,8,3,,48.651,7.762
201400012938,22,1,14,23,3,67,296,1,1,8,6,,48.615,7.686
201400012939,11,2,14,12,1,67,256,2,2,1,1,D63,0.0,0.0
201400012940,6,2,14,15,1,67,506,2,1,7,6,19 rue G?n?ral LECLERC,0.0,0.0
201400012941,22,3,14,13,1,67,343,2,1,1,6,"3, rue Erckmann Chatrian",48.61,7.687
201400012942,1,4,14,15,1,67,389,1,1,1,5,,48.654,7.739
201400012943,17,4,14,12,1,67,309,1,9,1,6,,0.0,0.0
201400012944,30,4,14,15,1,67,326,2,1,1,6,rue du Stade,0.0,0.0
201400012945,9,5,14,13,1,67,471,2,1,1,7,rue de l'?cole,0.0,0.0
201400012946,26,8,14,17,1,67,343,2,1,2,3,route de Strasbourg,0.0,0.0
201400012947,19,9,14,13,1,67,309,1,9,1,2,,0.0,0.0
201400012948,1,10,14,15,1,67,343,2,1,1,1,Route D?partementale 41,0.0,0.0
201400012949,4,10,14,14,1,67,506,2,1,1,3,13 rue g?n?ral leclerc,0.0,0.0
201400012950,9,10,14,16,1,67,309,2,3,2,3,rue de Strasbourg,0.0,0.0
201400012951,18,11,14,18,5,67,326,2,1,2,6,27 Rue de Hoenheim,0.0,0.0
201400012952,7,12,14,14,1,67,343,2,1,1,3,,0.0,0.0
201400012953,16,12,14,10,1,67,119,1,1,8,6,,0.0,0.0
201400012954,24,1,14,12,1,60,38,2,1,1,3,192 rte de valbonne-Pla,43.644,6.984
201400012955,18,3,14,15,5,60,105,2,1,1,3,RD 2085 PK 14+900,0.0,0.0
201400012956,29,6,14,10,1,60,112,2,1,1,1,,0.0,0.0
201400012957,22,7,14,15,1,60,38,2,1,1,3,Route de Nice,0.0,0.0
201400012958,14,8,14,16,1,60,105,1,1,1,2,,0.0,0.0
201400012959,13,9,14,18,1,60,148,1,1,1,1,,0.0,0.0
201400012960,21,10,14,0,5,60,38,1,1,1,7,,0.0,0.0
201400012961,1,11,14,8,1,60,148,2,1,1,3,RD 2210,0.0,0.0
201400012962,30,4,14,18,1,65,394,1,1,3,7,,0.0,0.0
201400012963,11,5,14,21,3,65,356,1,1,1,2,,0.0,0.0
201400012964,20,7,14,8,1,65,394,1,1,1,2,,0.0,0.0
201400012965,5,9,14,15,1,65,394,1,1,1,2,,0.0,0.0
201400012966,21,9,14,11,1,64,238,1,9,1,6,,0.0,0.0
201400012967,18,10,14,6,3,65,389,1,1,1,2,,0.0,0.0
201400012968,22,12,14,18,3,65,356,1,1,1,3,A 64,0.0,0.0
201400012969,22,1,14,7,3,20,399,1,1,1,6,,0.0,0.0
201400012970,9,8,14,11,1,20,157,1,1,1,6,,0.0,0.0
201400012971,8,3,14,18,1,38,193,1,1,1,1,,45.61082,5.24594
201400012972,2,7,14,7,1,38,530,1,1,2,1,,0.0,0.0
201400012973,17,9,14,12,1,38,530,1,1,1,5,,0.0,0.0
201400012974,5,10,14,15,1,38,530,1,1,1,6,,0.0,0.0
201400012975,8,11,14,15,2,38,193,2,1,1,3,rue des sayes,0.0,0.0
201400012976,3,12,14,18,3,30,158,1,1,8,2,,46.511,2.64
201400012977,6,3,14,16,1,50,173,1,1,1,6,,44.30927,5.90003
201400012978,26,4,14,13,1,50,173,1,1,1,6,,44.34138,5.90344
201400012979,15,5,14,13,1,40,49,1,1,1,6,,0.0,0.0
201400012980,15,7,14,8,1,40,242,1,1,1,7,,0.0,0.0
201400012981,29,9,14,10,2,60,40,1,1,2,3,,0.0,0.0
201400012982,14,11,14,16,1,29,19,2,1,2,1,base navale,48.38666,-4.49666
201400012983,10,3,14,8,1,10,162,1,1,1,6,,48.21136,4.24243
201400012984,8,5,14,11,1,10,45,1,1,8,6,,48.16908,4.47972
201400012985,6,7,14,17,1,10,76,1,1,3,2,,48.13805,4.63543
201400012986,22,7,14,14,1,10,110,1,1,1,5,,48.27457,4.2022
201400012987,24,7,14,14,1,10,216,1,1,1,2,,48.65508,4.17489
201400012988,19,5,14,8,1,13,113,1,1,2,3,,0.0,0.0
201400012989,1,6,14,14,1,13,113,1,1,1,3,,0.0,0.0
201400012990,27,7,14,6,1,13,80,1,1,1,1,,0.0,0.0
201400012991,24,7,14,18,1,13,113,1,1,1,1,,0.0,0.0
201400012992,14,3,14,14,1,73,82,1,1,1,3,,0.0,0.0
201400012993,19,4,14,15,1,73,118,1,1,1,6,,0.0,0.0
201400012994,2,6,14,5,2,73,183,1,1,1,7,,0.0,0.0
201400012995,12,9,14,9,1,73,7,1,1,1,7,,0.0,0.0
201400012996,20,11,14,17,3,73,213,1,1,1,4,,0.0,0.0
201400012997,26,1,14,18,3,38,33,1,1,8,1,A49 PK 27+100,45.17237,5.38496
201400012998,1,2,14,4,3,38,416,1,1,1,6,,0.0,0.0
201400012999,26,3,14,14,1,38,454,1,1,1,6,,0.0,0.0
201400013000,10,9,14,16,1,38,4,1,1,1,1,,45.20854,5.45476
201400013001,31,10,14,11,3,38,450,1,1,1,7,,45.35,5.564
201400013002,3,1,14,19,5,35,352,2,9,1,6,Parking de la Chalotais,48.04532,-1.60508
201400013003,5,1,14,19,3,35,206,1,1,2,1,,48.0416,-1.67532
201400013004,6,1,14,18,5,35,352,1,1,8,4,,48.04462,-1.61026
201400013005,8,1,14,7,3,35,32,1,3,5,1,,47.9995,-1.60075
201400013006,15,2,14,9,1,35,352,1,1,1,2,,0.0,0.0
201400013007,6,4,14,2,3,35,352,1,1,1,6,,0.0,0.0
201400013008,27,5,14,17,1,35,206,2,1,1,4,"CD 34 - PK 20,5 d?croiss",48.04435,-1.66334
201400013009,20,9,14,15,1,35,352,1,1,1,2,,48.03339,-1.60026
201400013010,20,10,14,8,2,35,352,1,1,1,7,,48.07449,-1.6279
201400013011,8,12,14,16,1,35,206,1,1,1,1,,48.04333,-1.66567
201400013012,3,1,14,13,1,67,472,1,1,1,6,,0.0,0.0
201400013013,21,2,14,12,1,67,356,1,1,1,7,,0.0,0.0
201400013014,9,4,14,6,2,67,140,1,1,1,2,,0.0,0.0
201400013015,16,4,14,10,1,67,194,1,1,1,7,,0.0,0.0
201400013016,14,5,14,2,3,67,506,1,1,2,7,,0.0,0.0
201400013017,18,6,14,9,1,67,156,1,1,1,4,,0.0,0.0
201400013018,15,7,14,17,1,67,237,1,1,1,7,,0.0,0.0
201400013019,1,8,14,6,1,67,194,1,1,1,6,,0.0,0.0
201400013020,24,11,14,10,1,67,463,1,1,1,7,,0.0,0.0
201400013021,13,2,14,16,1,62,397,1,1,1,1,,50.85904,1.8932
201400013022,21,7,14,3,4,62,769,2,1,2,6,Rue du Marais,50.90534,1.85661
201400013023,27,1,14,13,1,11,69,2,1,2,6,PLAINE SAINT NAZAIRE -AL,43.22053,2.36287
201400013024,7,2,14,8,1,11,69,1,1,1,7,"1, BRAM -ROUTE DE-",43.22591,2.29094
201400013025,16,2,14,2,5,11,69,2,1,2,6,"118, LECLERC AV. DU GENE",43.21115,2.36092
201400013026,2,4,14,18,1,11,69,1,1,1,3,MONTREAL -ROUTE DE -,43.2134,2.28442
201400013027,13,1,14,15,1,11,69,1,1,1,7,ROCADE SUD RD 342,43.19228,2.3395
201400013028,16,1,14,5,3,11,69,1,1,1,6,FAJEOLLE -AVENUE DE LA-,43.22478,2.38059
201400013029,16,1,14,23,4,11,69,1,1,1,7,"R N 113, SENS TOULOUSE/",0.0,0.0
201400013030,17,1,14,10,1,11,69,2,1,1,2,"14, COMMANDANT ROUMENS",43.21112,2.35538
201400013031,22,1,14,12,1,11,69,1,1,1,7,CAZILHAC -IMPASSE DE LA,0.0,0.0
201400013032,23,1,14,7,2,11,69,1,1,1,1,CITE -CHEMIN-,43.19961,2.35274
201400013033,23,1,14,14,1,11,69,1,1,1,3,MONTREAL -ROUTE DE -,43.21243,2.32848
201400013034,26,8,14,10,1,11,69,2,1,1,7,CITROEN ANDRE,43.21919,2.34378
201400013035,25,1,14,13,1,11,69,1,1,1,3,"2, DUPLEIX JOSEPH FRANCO",43.20946,2.32362
201400013036,26,1,14,16,1,11,69,2,1,1,7,"87, BRINGER JEAN -ET IMP",43.21532,2.35304
201400013037,31,1,14,23,3,11,69,1,1,1,7,R N 113 sens NARBONNE/TO,43.20427,2.41224
201400013038,3,2,14,7,2,11,69,1,1,1,6,MONTREAL -ROUTE DE -,43.21343,2.30728
201400013039,4,2,14,14,1,11,69,2,1,1,6,LECLERC AV. DU GENERAL P,0.0,0.0
201400013040,4,2,14,17,1,11,69,2,1,1,1,"1430, BLUM NR IMPAIRS JU",43.22494,2.34521
201400013041,5,2,14,18,1,11,69,2,1,1,3,"29, GOUT HENRI -AV. N I",43.21093,2.33924
201400013042,7,2,14,17,1,11,69,1,1,1,7,ROCADE OUEST,43.20123,2.31497
201400013043,10,2,14,12,1,11,69,1,1,1,7,"3, COLOMB CHRISTOPHE -PO",43.23623,2.36909
201400013044,15,2,14,15,1,11,69,2,1,1,3,"2, BRINGER JEAN -ET IMPA",43.21553,2.35313
201400013045,17,2,14,9,1,11,69,1,1,1,1,"2, ALPHA -DU CENTAURE-",43.18041,2.41035
201400013046,17,2,14,17,1,11,69,2,1,1,3,POMPIDOU GEORGES -ROND P,43.22627,2.33109
201400013047,18,2,14,7,2,11,69,2,1,1,7,BRAM -ROUTE DE-,43.22621,2.29013
201400013048,18,2,14,17,1,11,69,2,1,1,6,LECLERC AV. DU GENERAL I,43.2179,2.34489
201400013049,19,2,14,14,1,11,69,2,1,1,4,GARIGLIANO -PONT DU-,43.20347,2.33422
201400013050,7,3,14,11,1,11,69,2,1,1,2,"2, BERRIAC -ROUTE DE-",43.20905,2.3792
201400013051,12,3,14,19,2,11,69,2,1,1,4,PAPIN DENIS -BD-,43.20828,2.31993
201400013052,14,3,14,5,3,11,69,2,1,1,7,NARBONNE -ROUTE DE-,43.2048,2.39939
201400013053,14,3,14,19,3,11,69,2,1,1,1,BRAM -ROUTE DE-,43.21947,2.30349
201400013054,15,3,14,21,3,11,69,2,1,1,2,NARBONNE -ROUTE DE-,43.20495,2.40555
201400013055,18,3,14,7,1,11,69,2,1,1,6,VARSOVIE -BD-,43.21351,2.34673
201400013056,22,3,14,20,2,11,69,2,1,1,6,MARECHAL FOCH -AVENUE-,43.21732,2.35265
201400013057,1,4,14,7,1,11,69,2,1,1,1,NOEL SUZANNE DR -AVENUE-,43.19255,2.34068
201400013058,3,4,14,10,1,11,69,2,1,1,2,CHARLEMAGNE -ROND POINT,0.0,0.0
201400013059,8,4,14,17,1,11,69,2,1,1,3,BARBES BD ET PROMENADE-P,43.21034,2.34892
201400013060,11,4,14,16,1,11,69,2,1,1,2,MOULIN JEAN -AVENUE-,43.20891,2.37609
201400013061,12,4,14,11,1,11,69,2,1,1,6,BUFFON RUE A PARTIR DU 5,43.22275,2.35465
201400013062,14,4,14,7,1,11,69,2,1,1,3,CHARLEMAGNE -ROND POINT,43.19729,2.35789
201400013063,15,4,14,17,1,11,69,2,1,1,2,ROCADE SUD RD 342,43.22863,2.3387
201400013064,15,4,14,22,2,11,69,2,1,1,3,ALSACE,43.21559,2.35707
201400013065,17,4,14,20,1,11,69,2,1,1,6,SARRAUT MAURICE,43.21642,2.35147
201400013066,18,4,14,9,1,11,69,2,1,1,6,MONNET JEAN,43.20785,2.38162
201400013067,19,4,14,17,1,11,69,2,1,1,3,BOUFFET HENRY,43.20976,2.30673
201400013068,24,4,14,16,1,11,69,2,1,1,2,NARBONNE -ROUTE DE-,43.20813,2.38964
201400013069,26,4,14,11,1,11,69,2,1,1,6,SARRAUT OMER BR -PAIRS-,0.0,0.0
201400013070,27,4,14,21,2,11,69,2,1,1,7,JARDIN BEAUMETZ,43.20683,2.35995
201400013071,30,4,14,15,1,11,69,1,1,1,3,VEDRINES JULES,43.2134,2.30403
201400013072,3,5,14,16,1,11,69,2,1,1,5,ROCADE SUD RD 342,43.19402,2.34175
201400013073,4,5,14,14,1,11,69,2,1,1,3,ZAMENHOF -DU DOCTEUR-,43.2172,2.34206
201400013074,4,5,14,20,2,11,69,2,1,1,3,LECLERC AV. DU GENERAL I,43.20927,2.3681
201400013075,6,5,14,14,1,11,69,1,1,1,1,MADELEINE -CHEMIN DE LA,43.22808,2.39376
201400013076,12,5,14,15,1,11,69,2,1,1,2,PAPIN,43.20827,2.32004
201400013077,12,5,14,17,1,11,69,2,1,1,2,ROCADE SUD RD 342,0.0,0.0
201400013078,13,5,14,1,3,11,69,2,1,2,7,BRAM -ROUTE DE-,43.21992,2.30227
201400013079,16,5,14,12,1,11,69,2,1,1,3,JUIN MARECHAL,43.21119,2.37602
201400013080,16,5,14,18,1,11,69,2,1,1,1,JOLIOT CURIE -BD IRENE F,43.21112,2.36973
201400013081,17,5,14,17,1,11,69,2,1,1,7,LUPINS -ET ALLEE DES-,43.22922,2.39027
201400013082,22,5,14,4,2,11,69,2,1,1,7,LECLERC AV. DU GENERAL I,43.20921,2.36787
201400013083,22,5,14,18,1,11,69,2,1,1,2,BLUM APRES LE 1429,43.22528,2.34499
201400013084,23,5,14,17,1,11,69,2,1,1,7,ROCADE SUD RD 342,43.1926,2.33926
201400013085,24,5,14,18,1,11,69,2,1,1,1,ROCADE SUD RD 342,43.19957,2.36542
201400013086,28,5,14,1,3,11,69,2,1,1,7,IENA -ALLEE D- N IMPAI,43.21324,2.34506
201400013087,30,5,14,18,2,11,69,2,1,1,7,CLEMATITES -CHEMIN-,43.22092,2.35938
201400013088,31,5,14,12,1,11,69,2,1,1,6,GUESDES JULES -BD-,43.20821,2.32828
201400013089,6,6,14,13,1,11,69,2,1,1,1,PEGUY CHARLES,43.2234,2.35408
201400013090,8,6,14,10,1,11,69,2,1,1,3,MINERVOISE -ROUTE-,43.21756,2.35319
201400013091,8,6,14,22,1,11,69,2,1,1,3,MAZAGRAN,43.21415,2.35702
201400013092,9,6,14,17,1,11,69,2,1,1,6,BREL JACQUES,43.2263,2.36433
201400013093,11,6,14,8,1,11,69,2,1,1,2,LECLERC AV. DU GENERAL P,43.20882,2.36922
201400013094,11,6,14,20,1,11,69,2,1,1,6,SARRAUT OMER BD -IMPAIRS,43.21637,2.35408
201400013095,13,6,14,18,1,11,69,2,1,1,7,"R N 113, SENS TOULOUSE/",43.20455,2.41018
201400013096,13,6,14,19,1,11,69,2,1,1,3,RAMOND AIME,43.21196,2.35049
201400013097,24,6,14,14,1,11,69,2,1,1,3,JUIN MARECHAL,43.21197,2.37391
201400013098,1,7,14,11,1,11,69,2,1,1,1,SEMARD PIERRE -AVENUE-,43.21498,2.34102
201400013099,4,7,14,9,1,11,69,1,1,2,6,MAGINOT ANDRE -AVENUE-,43.21954,2.38055
201400013100,5,7,14,16,1,11,69,2,9,1,3,REPUBLIQUE,43.21426,2.35478
201400013101,7,7,14,15,1,11,69,2,1,1,2,SARRAUT OMER BR -PAIRS-,43.21645,2.35207
201400013102,10,7,14,21,2,11,69,1,1,1,7,ROCADE SUD RD 342,43.19951,2.36557
201400013103,19,7,14,17,1,11,69,2,1,1,2,JAURES JEAN -BD-IMPAIRS,43.21343,2.35548
201400013104,23,7,14,15,1,11,69,1,1,1,6,ROCADE SUD RD 342,0.0,0.0
201400013105,24,7,14,19,1,11,69,1,1,1,7,CAVAYERE -ROUTE DE LA -,43.18742,2.40284
201400013106,2,8,14,1,4,11,69,2,1,2,7,VERDUN,43.21266,2.35203
201400013107,6,8,14,16,1,11,69,2,1,1,3,ROCADE SUD RD 342,43.20427,2.38703
201400013108,10,8,14,3,3,11,69,2,1,1,7,CARCASS -DAME-,0.0,0.0
201400013109,13,8,14,11,1,11,69,2,1,1,6,MINERVOISE -ROUTE-,43.21931,2.35456
201400013110,14,8,14,13,1,11,69,2,1,1,6,ROCADE SUD RD 342,43.20377,2.38097
201400013111,16,8,14,17,1,11,69,2,1,1,2,ROCADE SUD RD 342,0.0,0.0
201400013112,18,8,14,10,1,11,69,2,1,1,3,ROCADE SUD RD 342,43.19888,2.35804
201400013113,21,8,14,23,3,11,69,1,1,1,1,ROCADE SUD RD 342,0.0,0.0
201400013114,23,8,14,5,3,11,69,1,1,1,6,MONTREAL -ROUTE DE -,43.21374,2.29118
201400013115,23,8,14,21,2,11,69,2,1,1,2,LECLERC AV. DU GENERAL I,0.0,0.0
201400013116,25,8,14,10,1,11,69,2,1,1,2,BUNAU VARILLA -AV-,43.20943,2.3389
201400013117,25,8,14,12,1,11,69,2,1,1,3,RIVOLI  -BD ET IMPASSE-,43.22746,2.35365
201400013118,27,8,14,9,1,11,69,2,1,1,7,NADAUD GUSTAVE,0.0,0.0
201400013119,29,8,14,9,1,11,69,2,1,1,3,LIMOUX -ROUTE DE - JUSQU,43.20645,2.33471
201400013120,29,8,14,12,1,11,69,2,1,1,5,SARRAUT OMER BD -IMPAIRS,0.0,0.0
201400013121,1,9,14,9,1,11,69,2,1,1,2,ROCADE OUEST,43.22139,2.32424
201400013122,2,9,14,21,1,11,69,2,1,1,2,CURIE PIERRE,43.21617,2.36375
201400013123,3,9,14,18,1,11,69,2,1,1,6,AIGLE D'OR,43.21361,2.3518
201400013124,8,9,14,0,3,11,69,2,1,1,7,BUFFON RUE JUSQUAU 48 ET,43.22633,2.3584
201400013125,9,9,14,8,1,11,69,2,1,1,6,JOLIOT CURIE -BD IRENE F,43.21487,2.36746
201400013126,12,9,14,7,1,11,69,2,1,1,6,MUSSET ALFRED -ET IMPASS,43.21962,2.34394
201400013127,12,9,14,10,1,11,69,2,1,1,2,GARIGLIANO -PONT DU-,43.20361,2.33418
201400013128,12,9,14,22,3,11,69,2,1,1,1,EIFFEL GUSTAVE,43.20746,2.30395
201400013129,26,9,14,9,1,11,69,2,1,1,6,BARBES BD IMPAIR,43.21032,2.34898
201400013130,26,9,14,16,1,11,69,2,1,1,2,ROOSEVELT - PAIRS APRES,43.22353,2.33538
201400013131,8,10,14,8,1,11,69,2,1,1,6,IENA -ALLEE D- N PAIRS,43.21115,2.34497
201400013132,11,10,14,16,1,11,69,2,1,1,6,"5, BRINGER JEAN -ET IMPA",43.21154,2.35349
201400013133,13,10,14,18,1,11,69,1,1,1,7,BRAM -ROUTE DE-,43.22625,2.28989
201400013134,19,10,14,19,2,11,69,1,1,1,7,PARKING KFC,43.20395,2.31223
201400013135,1,11,14,1,5,11,69,2,1,1,7,VARSOVIE -BD-,43.21464,2.34729
201400013136,3,11,14,14,1,11,69,2,1,1,7,ISLY D',43.21213,2.33817
201400013137,4,11,14,17,2,11,69,2,1,1,7,SOUVENIR FRANCAIS -AVENU,43.20835,2.38523
201400013138,7,11,14,20,2,11,69,2,1,1,7,BLUM APRES LE 1429,43.22403,2.3539
201400013139,12,11,14,18,2,11,69,2,1,1,3,SAINT HILAIRE -ROUTE DE-,43.1929,2.33613
201400013140,13,11,14,15,1,11,69,2,1,1,3,VOLTAIRE,43.21112,2.34856
201400013141,21,11,14,15,1,11,69,2,1,1,6,ARMAGNAC -ANCIEN RUE DU,43.2149,2.35113
201400013142,25,11,14,8,1,11,69,2,1,1,4,SARRAUT MAURICE,43.21648,2.35059
201400013143,26,11,14,15,1,11,69,2,1,1,3,ETUDES -DES-,43.21337,2.34836
201400013144,27,11,14,9,1,11,69,2,1,1,3,GRAZAILLES -DE-,43.22663,2.35895
201400013145,7,12,14,5,2,11,69,2,1,1,7,IENA -ALLEE D- N PAIRS,43.2124,2.34498
201400013146,9,12,14,10,1,11,69,2,1,1,3,DUPLEIX JOSEPH FRANCOIS,43.21135,2.32651
201400013147,9,12,14,10,1,11,69,2,1,1,5,LIMOUX -ROUTE DE - JUSQU,43.20117,2.31249
201400013148,12,12,14,16,1,11,69,2,1,1,2,IENA -ALLEE D- N PAIRS,43.21145,2.34503
201400013149,19,12,14,18,2,11,69,2,1,1,3,PAPIN,43.20907,2.32498
201400013150,21,12,14,13,1,11,69,2,1,1,1,SAINT SAENS CAMILLE,43.20733,2.37117
201400013151,22,12,14,12,1,11,69,2,1,1,3,ALSACE,43.21561,2.35835