Num_Acc,jour,mois,an,hr,condition_eclairage,departement,commune,condition_agglomeration,intersection,condition_atmosphere,type_collision,adresse,lattitude,longitude
201400013152,2,1,14,16,1,31,232,1,1,1,6,,0.0,0.0
201400013153,20,2,14,12,1,31,216,1,1,1,2,,0.0,0.0
201400013154,28,2,14,13,1,31,228,1,1,4,1,,0.0,0.0
201400013155,20,3,14,14,3,31,94,1,1,1,4,,0.0,0.0
201400013156,7,6,14,6,1,31,118,1,1,1,2,A 62,43.76399,1.38542
201400013157,7,7,14,16,1,31,91,1,1,2,1,,43.71697,1.39952
201400013158,1,8,14,8,1,31,117,1,1,1,1,,0.0,0.0
201400013159,2,9,14,10,1,31,467,1,1,1,2,,0.0,0.0
201400013160,26,12,14,20,3,31,91,1,1,2,6,,43.73539,1.39527
201400013161,2,6,14,0,3,77,306,1,1,1,7,,48.586,2.686
201400013162,2,8,14,6,2,77,279,1,1,1,6,,48.152,2.955
201400013163,15,9,14,8,1,77,453,1,1,1,6,,48.721,2.404
201400013164,31,12,14,2,3,77,34,1,1,1,7,,48.931,2.28
201400013165,7,1,14,12,1,11,262,2,2,1,3,FERROUL (BOULEVARD  DOCT,43.18077,3.00482
201400013166,10,1,14,10,1,11,262,2,1,1,6,PYRENEES (PLACE ET AVENU,43.18263,2.99759
201400013167,22,1,14,5,3,11,262,2,1,1,6,RD 6009 NARBONNE - PERPI,0.0,0.0
201400013168,16,11,14,17,2,11,262,2,1,1,6,"0, DIGEON (PLACE EMILE)",43.1811,3.00445
201400013169,8,2,14,14,1,11,262,2,1,1,4,RD 6009 NARBONNE - BEZIE,0.0,0.0
201400013170,10,2,14,7,1,11,262,2,2,1,3,"15, BRUXELLES (RUE DE)",43.17716,3.00467
201400013171,21,2,14,8,1,11,262,2,1,1,6,PYRENEES (PLACE ET AVENU,43.18258,2.99771
201400013172,7,3,14,17,1,11,262,2,3,1,3,"0, SERMET (AVENUE ELIE)",43.18703,3.01578
201400013173,16,3,14,4,5,11,262,2,1,6,6,MAYOLLE (BOULEVARD DE LA,43.17559,3.01029
201400013174,23,5,14,7,1,11,262,2,1,1,2,"0, BORDEAUX (AVENUE DE)",0.0,0.0
201400013175,16,3,14,4,2,11,262,2,1,1,3,AUGE (BOULEVARD DU DR LE,43.18748,3.00198
201400013176,17,1,14,10,1,11,262,2,1,1,6,PORT (RUE DU),43.18477,2.99872
201400013177,14,2,14,18,5,11,262,2,1,1,1,"1, DIGEON (PLACE EMILE)",43.18116,3.00441
201400013178,19,3,14,17,1,11,262,2,2,1,3,LORRAINE (QUAI DE),43.18657,2.99769
201400013179,22,3,14,15,1,11,262,2,1,1,6,"1, BEZIERS (ROUTE DE)",43.19335,2.98062
201400013180,19,1,14,20,4,11,262,2,1,1,2,RD 6009 NARBONNE - PERPI,0.0,0.0
201400013181,27,3,14,14,1,11,262,2,1,1,6,"0, LACROIX (BOULEVARD DU",43.18076,2.99955
201400013182,22,1,14,9,1,11,262,2,1,1,7,LECLERC (AVENUE DU GENER,0.0,0.0
201400013183,22,1,14,15,1,11,262,2,3,1,3,1848 (BOULEVARD),0.0,0.0
201400013184,19,4,14,8,1,11,262,2,2,1,3,DAHLIAS (RUES DES),43.18972,3.02426
201400013185,25,1,14,19,5,11,262,2,1,1,6,ESPAGNE (AVENUE D'),43.17083,2.98986
201400013186,5,5,14,14,1,11,262,2,1,1,6,JACOBINS (RUE ET PLACE D,43.18186,3.0043
201400013187,28,1,14,11,1,11,262,2,1,1,6,MARS (AVENUE DU CHAMP DE,43.16964,2.98844
201400013188,10,5,14,21,5,11,262,2,1,1,2,TOULOUSE (AVENUE DE),43.18211,2.99141
201400013189,11,5,14,16,1,11,262,2,1,1,6,KENNEDY (AVENUE DU PRESI,43.18421,3.01256
201400013190,8,5,14,16,1,11,262,2,1,1,6,HUBERT MOULY (AVENUE),43.18068,3.02488
201400013191,14,2,14,17,1,11,262,2,1,1,3,"0, BORDEAUX (AVENUE DE)",0.0,0.0
201400013192,24,5,14,11,1,11,262,2,1,1,6,"9, REPUBLIQUE (COURS DE",43.18315,3.00475
201400013193,4,5,14,12,1,11,262,2,1,6,3,"171, BORDEAUX (AVENUE DE",43.18129,2.97383
201400013194,24,2,14,10,1,11,262,2,2,1,3,FABRE (RUE D'EGLANTINE),0.0,0.0
201400013195,24,5,14,7,1,11,262,2,1,1,3,FRANCE (AVENUE ANATOLE),43.18684,2.99119
201400013196,29,6,14,17,1,11,262,2,6,1,6,"28, BRIQUETTERIE (RUE DE",43.18583,2.99268
201400013197,16,5,14,17,1,11,262,2,1,1,6,"0, HUGO (QUAI ET PASSERE",43.18081,3.00981
201400013198,26,2,14,8,1,11,262,2,1,1,2,ESPAGNE (AVENUE D'),43.17207,2.99063
201400013199,6,7,14,19,1,11,262,2,1,1,2,LECLERC (AVENUE DU GENER,43.17825,2.99501
201400013200,21,7,14,20,2,11,262,2,1,7,6,"17, HUGO (QUAI ET PASSER",43.18086,3.00995
201400013201,5,3,14,14,1,11,262,2,3,1,3,"0, CARNOT (AVENUE)",43.19466,3.01042
201400013202,31,7,14,20,1,11,262,2,3,1,3,"0, MAINE (RUE DU)",43.1964,3.01758
201400013203,5,8,14,16,1,11,262,2,1,1,3,"0, FERROUL (BOULEVARD  D",43.18077,3.0049
201400013204,13,8,14,11,1,11,262,2,1,1,2,"1, GAMBETTA (BOULEVARD)",43.18288,3.00769
201400013205,18,8,14,14,1,11,262,2,1,1,4,MARAUSSAN (BOULEVARD DE),43.17508,3.00333
201400013206,12,8,14,12,1,11,262,2,1,1,2,"0, COLONNES (GIRATOIRES",43.1815,3.03005
201400013207,12,9,14,12,1,11,262,2,1,1,7,"0, GRUISSAN (ROUTE DE)",43.17841,3.02155
201400013208,15,3,14,8,1,11,262,2,1,1,3,SALVAYRE (RUE DE),43.18556,2.98726
201400013209,5,9,14,11,1,11,262,2,1,1,7,RD 6009 NARBONNE - BEZIE,43.20075,3.01224
201400013210,18,9,14,9,1,11,262,2,1,1,6,"0, MISTRAL (BOULEVARD FR",43.18839,3.00429
201400013211,21,9,14,23,5,11,262,2,1,1,7,"1, COUBERTIN (AVENUE PIE",43.18268,3.02003
201400013212,25,9,14,23,5,11,262,2,6,1,6,CARNOT (AVENUE),43.19476,3.01042
201400013213,26,9,14,22,5,11,262,2,6,1,5,PYRENEES (PLACE ET AVENU,43.18247,2.99761
201400013214,29,9,14,7,1,11,262,2,1,1,6,"0, MISTRAL (BOULEVARD FR",43.18821,3.00417
201400013215,22,3,14,15,1,11,262,2,2,1,3,CORBIERES (RUE DES),43.18127,2.99325
201400013216,24,3,14,17,1,11,262,1,1,1,4,RD 6009 NARBONNE - BEZIE,43.17435,2.97458
201400013217,7,10,14,17,1,11,262,2,1,1,6,"1, GAMBETTA (BOULEVARD)",43.18289,3.00767
201400013218,26,3,14,19,2,11,262,2,6,1,3,MALARD (GIRATOIRE DE),43.18698,3.03136
201400013219,15,10,14,10,1,11,262,2,1,1,6,VIEU (RUE PAUL),43.18269,2.99256
201400013220,25,10,14,16,1,11,262,2,1,1,6,"15, REVERDY (RUE PIERRE)",43.17962,2.99466
201400013221,4,4,14,9,1,11,262,2,3,2,3,ASTON(RUE),43.15717,2.96739
201400013222,4,4,14,8,1,11,262,2,1,1,6,"0, ELYSIQUES (VOIES DES)",43.18568,2.98269
201400013223,5,4,14,10,1,11,262,2,1,1,6,ELYSIQUES (VOIES DES),43.18538,2.97935
201400013224,5,4,14,12,1,11,262,2,1,1,7,HUBERT MOULY (AVENUE),43.18049,3.02509
201400013225,9,4,14,18,1,11,262,2,1,1,6,"0, MARAUSSAN (BOULEVARD",43.17559,2.99973
201400013226,5,12,14,11,1,11,262,2,1,2,7,"2, THIERS (RUE PAUL)",43.18372,3.01424
201400013227,31,12,14,15,1,11,262,2,1,7,6,"0, AUGE (BOULEVARD DU DR",43.18547,3.00001
201400013228,17,4,14,15,1,11,262,2,1,1,4,"0, ESPAGNE (AVENUE D')",43.17209,2.99063
201400013229,25,4,14,20,1,11,262,2,1,1,6,"0, FERROUL (BOULEVARD  D",43.18071,3.00469
201400013230,27,4,14,17,1,11,262,2,1,1,7,ALARIC (RUE DU MONT),43.18313,2.97312
201400013231,28,4,14,16,1,11,262,2,1,1,6,LORRAINE (QUAI DE),43.18665,2.99769
201400013232,28,4,14,20,2,11,262,2,1,1,6,CORBIERES (RUE DES),43.17997,2.9907
201400013233,9,5,14,19,2,11,262,2,1,1,2,FRANCE (AVENUE ANATOLE),43.18614,2.99263
201400013234,12,5,14,16,1,11,262,2,1,1,6,FORUM (CHEMIN DU),43.18659,3.00609
201400013235,14,5,14,18,1,11,262,2,3,1,6,SERMET (AVENUE ELIE),0.0,0.0
201400013236,16,5,14,17,1,11,262,2,1,1,2,"1, MARCORIGNAN (ROUTE DE",43.19607,2.97741
201400013237,17,5,14,18,1,11,262,2,1,1,3,"0, MARAUSSAN (BOULEVARD",43.17492,3.00574
201400013238,18,5,14,8,1,11,262,2,1,1,6,TRENET (RUE CHARLES),43.18485,2.99784
201400013239,20,5,14,15,1,11,262,2,1,1,1,CREISSEL (BOULEVARD DE),43.17824,3.02909
201400013240,24,5,14,15,1,11,262,2,1,1,7,CROIX SUD (AVENUE DE),43.15881,2.98619
201400013241,26,5,14,15,1,11,262,2,1,1,2,MISTRAL (BOULEVARD FREDE,43.18759,3.00351
201400013242,2,6,14,15,1,11,262,2,1,1,2,POMPIDOR (AVENUE),43.18331,3.00652
201400013243,3,6,14,15,1,11,262,2,1,1,6,HUGO (QUAI ET PASSERELLE,43.18083,3.00984
201400013244,10,6,14,16,1,11,262,2,1,1,3,CROIX SUD (ZI),43.16255,2.9887
201400013245,12,6,14,11,1,11,262,2,1,1,4,"0, BORDEAUX (AVENUE DE)",43.18168,2.98012
201400013246,13,6,14,10,1,11,262,2,1,1,7,"0, RD 6009 NARBONNE - PE",0.0,0.0
201400013247,24,6,14,18,1,11,262,2,6,1,3,ESPAGNE (AVENUE D'),43.17207,2.99059
201400013248,29,6,14,15,1,11,262,2,1,1,1,"0, RD 6009 NARBONNE - BE",43.18092,2.96742
201400013249,1,7,14,17,1,11,262,2,1,8,7,TLEMCEN (RUE DE),43.18579,2.99716
201400013250,2,7,14,12,1,11,262,2,1,1,5,"0, LECLERC (AVENUE DU GE",43.17589,2.99357
201400013251,6,7,14,1,4,11,262,1,1,1,7,ESPAGNE (AVENUE D'),43.17421,2.99241
201400013252,21,7,14,12,1,11,262,2,1,1,3,"0, REVERDY (RUE PIERRE)",43.17989,2.9937
201400013253,2,8,14,18,1,11,262,2,1,2,3,"0, HUGO (QUAI ET PASSERE",43.18081,3.0098
201400013254,9,8,14,12,1,11,262,2,1,1,3,VERDOUBLE (RUE DU),43.18277,2.97881
201400013255,11,8,14,16,1,11,262,2,1,1,3,"0, GRUISSAN (ROUTE DE)",43.10586,3.08572
201400013256,23,8,14,19,1,11,262,2,1,1,4,"10, HUGO (QUAI ET PASSER",43.18099,3.00919
201400013257,30,8,14,19,1,11,262,2,1,1,3,REMPARTS (RUE DES),43.18037,3.00298
201400013258,1,9,14,9,1,11,262,2,1,1,2,RD 6009 NARBONNE - BEZIE,43.17019,2.97948
201400013259,1,9,14,17,1,11,262,2,1,1,3,MAZAGRAN (RUE DE),43.18038,2.99741
201400013260,5,9,14,11,1,11,262,2,3,1,6,BATIES (RUE DES VIGNES),43.18909,3.0153
201400013261,18,9,14,13,1,11,262,2,1,1,7,BORDEAUX (AVENUE DE),43.18182,2.98548
201400013262,23,9,14,17,1,11,262,2,2,1,2,CORBIERES (RUE DES),43.18118,2.9931
201400013263,28,9,14,4,5,11,262,2,1,1,7,HUBERT MOULY (AVENUE),43.18089,3.02492
201400013264,1,10,14,7,1,11,262,2,2,1,3,1848 (BOULEVARD),43.19213,3.01392
201400013265,1,10,14,14,1,11,262,2,1,1,2,"0, MARCORIGNAN (ROUTE DE",43.19526,2.97844
201400013266,3,10,14,14,1,11,262,2,1,1,2,BORDEAUX (AVENUE DE),43.18162,2.98046
201400013267,3,10,14,15,1,11,262,2,1,1,2,"0, RD 6009 NARBONNE - BE",43.15091,2.97891
201400013268,3,10,14,16,1,11,262,2,1,1,2,"1, RD 6009 NARBONNE - PE",43.15091,2.97891
201400013269,9,10,14,23,5,11,262,2,1,1,6,"0, TOULOUSE (AVENUE DE)",43.18236,2.99632
201400013270,10,10,14,16,1,11,262,2,1,1,2,GRUISSAN (ROUTE DE),43.17983,3.01849
201400013271,10,10,14,23,5,11,262,2,2,1,3,POMPIDOR (AVENUE),43.18285,2.97926
201400013272,13,10,14,17,1,11,262,2,1,1,3,"0, MARAUSSAN (BOULEVARD",43.17562,2.9996
201400013273,29,10,14,10,1,11,262,2,1,1,3,"0, MISTRAL (BOULEVARD FR",43.18764,3.00351
201400013274,30,10,14,14,1,11,262,2,1,1,6,"0, DILLON (QUAI)",43.18454,3.00053
201400013275,31,10,14,10,1,11,262,2,1,1,6,"0, LECLERC (AVENUE DU GE",43.17806,2.99505
201400013276,3,11,14,18,5,11,262,2,3,1,2,MAYOLLE (BOULEVARD DE LA,43.17806,3.01216
201400013277,13,11,14,13,1,11,262,2,1,1,7,ESPAGNE (AVENUE D'),43.17079,2.98993
201400013278,14,11,14,12,1,11,262,2,1,1,5,"28, HIPPOLYTE (RUE DE SA",43.16164,2.97432
201400013279,15,11,14,16,1,11,262,2,1,1,6,"0, LACROIX (BOULEVARD DU",43.18032,3.00138
201400013280,18,11,14,15,1,11,262,2,1,1,7,LOUBAT (AVENUE DE PECH),43.16188,2.9676
201400013281,19,11,14,18,2,11,262,2,1,1,4,RD 6009 NARBONNE   BEZIE,43.17028,2.97938
201400013282,21,11,14,10,1,11,262,2,1,1,3,"0, BATIES (RUE DES VIGNE",43.18873,3.01621
201400013283,24,11,14,7,2,11,262,2,1,2,2,ESPAGNE (AVENUE D'),43.17095,2.98998
201400013284,26,11,14,13,1,11,262,2,1,1,3,"0, ELYSIQUES (VOIES DES)",43.18472,2.97893
201400013285,14,12,14,17,3,11,262,2,1,1,6,"0, GRUISSAN (ROUTE DE)",43.17726,3.04333
201400013286,17,12,14,17,4,11,262,2,1,1,6,MISTRAL (BOULEVARD FREDE,43.18881,3.00475
201400013287,22,12,14,17,2,11,262,2,1,1,7,CUXAC (ROUTE DE),43.21848,3.0112
201400013288,31,12,14,16,1,11,262,2,1,1,4,"0, ESPAGNE (AVENUE D')",43.17063,2.98979
201400013289,11,6,14,14,1,60,480,1,9,1,2,,0.0,0.0
201400013290,16,10,14,19,3,60,9,1,1,8,2,,0.0,0.0
201400013291,10,11,14,15,1,60,395,1,9,1,6,Autoroute A16 P?age,0.0,0.0
201400013292,22,1,14,10,1,13,91,2,1,7,6,,0.0,0.0
201400013293,14,7,14,14,1,13,50,2,1,1,6,av badonviller,0.0,0.0
201400013294,7,9,14,12,1,13,50,1,1,1,6,,0.0,0.0
201400013295,2,11,14,9,1,13,50,1,1,1,1,,0.0,0.0
201400013296,4,11,14,6,3,85,94,1,1,5,1,LE BEUGNON,46.53266,-0.68208
201400013297,17,2,14,9,1,31,107,1,1,1,3,,0.0,0.0
201400013298,13,3,14,18,1,31,399,1,1,1,5,,0.0,0.0
201400013299,15,7,14,16,1,31,433,1,1,1,2,,0.0,0.0
201400013300,30,8,14,22,3,31,286,1,1,1,5,,0.0,0.0
201400013301,4,10,14,10,1,31,334,1,1,1,7,,0.0,0.0
201400013302,13,1,14,8,2,76,533,1,4,8,7,,49.49337,0.27656
201400013303,5,6,14,15,1,76,657,1,1,1,2,,49.48398,0.32717
201400013304,20,6,14,1,3,76,279,1,1,1,7,,49.62327,0.59872
201400013305,30,7,14,10,1,76,660,1,1,1,2,,49.4915,0.28728
201400013306,5,8,14,18,1,76,533,1,1,1,7,,49.50323,0.27895
201400013307,5,11,14,21,3,76,660,1,1,1,6,,49.48626,0.31657
201400013308,9,12,14,9,5,76,660,1,1,1,2,,49.43397,0.27376
201400013309,20,12,14,4,3,76,657,1,1,2,1,,49.48611,0.3652
201400013310,14,2,14,22,3,31,270,1,1,1,5,,0.0,0.0
201400013311,26,5,14,17,1,31,391,1,1,8,3,,43.12,0.924
201400013312,8,9,14,15,1,31,430,1,1,1,6,,0.0,0.0
201400013313,26,2,14,19,2,49,2,1,1,1,6,,47.28982,-0.00907
201400013314,2,6,14,7,1,49,41,1,1,1,2,A85,47.27481,0.07969
201400013315,7,6,14,19,1,49,280,1,1,1,7,,47.48129,-0.21211
201400013316,14,6,14,10,1,49,180,1,1,1,6,,47.41869,-0.13262
201400013317,24,6,14,3,3,49,378,1,1,1,7,,47.31182,-0.03415
201400013318,4,7,14,6,2,49,180,1,1,1,7,,47.4187,-0.13262
201400013319,25,8,14,19,1,49,180,1,1,1,6,,47.38729,-0.09603
201400013320,27,8,14,22,3,49,378,1,1,1,6,,47.33007,-0.03668
201400013321,13,10,14,14,1,49,100,1,1,1,2,,47.20564,-0.19838
201400013322,20,10,14,12,1,49,49,1,1,7,6,,47.43717,-0.17154
201400013323,6,4,14,15,1,74,164,2,3,1,3,,0.0,0.0
201400013324,15,4,14,17,1,74,209,2,6,1,2,,0.0,0.0
201400013325,23,9,14,14,1,74,241,1,1,1,3,,0.0,0.0
201400013326,21,3,14,12,1,80,218,1,1,1,7,,0.0,0.0
201400013327,7,4,14,7,2,80,107,1,1,1,7,,0.0,0.0
201400013328,14,5,14,11,1,80,21,1,1,1,3,A16,0.0,0.0
201400013329,15,6,14,19,1,80,227,1,1,1,2,,0.0,0.0
201400013330,16,10,14,11,1,80,160,1,1,1,6,,0.0,0.0
201400013331,27,12,14,15,1,80,424,1,1,4,5,,0.0,0.0
201400013332,27,1,14,7,2,80,598,1,1,4,6,,0.0,0.0
201400013333,27,1,14,8,1,80,87,1,1,4,6,,0.0,0.0
201400013334,10,3,14,22,3,80,268,1,1,1,6,,0.0,0.0
201400013335,23,3,14,0,3,80,806,1,1,4,7,,0.0,0.0
201400013336,28,3,14,8,1,80,518,1,1,8,7,,0.0,0.0
201400013337,12,4,14,19,1,80,76,1,1,1,6,,0.0,0.0
201400013338,16,4,14,17,1,80,806,1,1,1,6,,0.0,0.0
201400013339,20,4,14,8,1,80,809,1,1,1,1,,0.0,0.0
201400013340,21,6,14,16,1,80,815,1,1,1,6,,0.0,0.0
201400013341,27,6,14,7,1,80,1,1,1,1,6,,0.0,0.0
201400013342,2,8,14,18,1,80,578,1,1,1,6,,0.0,0.0
201400013343,9,9,14,20,3,80,332,1,1,1,6,,0.0,0.0
201400013344,1,12,14,8,2,80,578,1,1,1,5,,0.0,0.0
201400013345,6,11,14,19,3,73,117,1,1,1,6,,0.0,0.0
201400013346,30,1,14,6,3,39,229,1,1,8,2,,0.0,0.0
201400013347,1,3,14,7,2,39,49,1,1,2,6,,0.0,0.0
201400013348,18,4,14,9,1,71,177,1,1,1,7,,0.0,0.0
201400013349,13,7,14,18,1,71,300,1,1,3,7,,0.0,0.0
201400013350,26,1,14,16,1,12,89,1,1,2,1,"1095, ESTAQUES (LES)",44.5753,2.24315
201400013351,5,2,14,10,1,12,305,2,1,2,6,"30, JAURES JEAN (AVENUE)",44.5554,2.21636
201400013352,11,4,14,12,1,12,13,2,1,1,7,17 AV. PAUL VAILLANT COU,44.5275,2.24281
201400013353,15,6,14,5,2,12,13,2,1,1,6,"30, LYCEE (AVENUE)",44.5309,2.23745
201400013354,10,7,14,16,1,12,89,2,1,1,3,"33, RODEZ (AVENUE DE)",0.0,0.0
201400013355,19,8,14,18,1,12,28,1,1,1,6,RD 840,44.5758,0.0
201400013356,27,8,14,16,1,12,83,2,1,1,6,1ER MAI (DU),44.52642,0.0
201400013357,31,8,14,12,1,12,83,2,2,1,3,"., JAURES JEAN (PLACE)",44.52502,0.0
201400013358,30,4,14,9,1,12,145,1,1,1,1,D911,44.1212,3.06262
201400013359,22,4,14,10,1,12,145,2,2,2,6,"0, REC",44.0971,3.07156
201400013360,13,8,14,7,2,12,145,1,1,2,5,D911,0.0,0.0
201400013361,4,9,14,18,1,12,145,2,1,1,2,"03, FRATERNITE (PLACE DE",0.0,0.0
201400013362,5,12,14,19,5,12,145,2,1,2,6,"31, RICHARD (BOULEVARD)",0.0,0.0
201400013363,15,12,14,19,5,12,145,2,1,1,7,"34, DE GAULLE CHARLES (A",0.0,0.0
201400013364,27,12,14,0,5,12,145,2,1,1,1,GUYENNE (AVENUE DE),0.0,0.0
201400013365,7,1,14,20,5,12,202,2,6,1,3,SAINT LOUIS (GIRATOIRE),44.3652,2.57419
201400013366,10,1,14,7,5,12,202,2,1,1,6,"8, BORDEAUX (AVENUE DE)",44.3563,2.57577
201400013367,10,1,14,12,1,12,202,2,2,1,3,MOYRAZES (ROUTE DE),44.3511,2.55557
201400013368,7,2,14,14,1,12,202,2,1,1,6,"91, RUE PIERRE CARRERE",44.3632,2.55666
201400013369,16,2,14,11,1,12,146,2,1,1,6,"38, MILLAU (AVENUE DE)",44.3452,2.58002
201400013370,20,2,14,9,1,12,202,2,1,1,3,VABRE (AVENUE DE),44.3673,2.57187
201400013371,23,2,14,16,1,12,174,2,1,1,2,GIRATOIRE DU LACHET,44.3257,2.55797
201400013372,25,2,14,8,1,12,202,2,1,1,3,MOYRAZES (ROUTE DE),44.3542,2.56537
201400013373,8,3,14,15,1,12,202,2,1,1,2,"70, GINESTE (AVENUE DE L",44.3629,2.55986
201400013374,19,3,14,18,1,12,176,2,3,1,1,"9, PALOMBES (RUE DES)",44.3766,2.56956
201400013375,3,4,14,8,1,12,176,2,3,1,2,RN 88,44.3684,2.5809
201400013376,16,4,14,11,1,12,202,2,6,1,2,BEL AIR (CARREFOUR),44.3734,2.54588
201400013377,19,4,14,8,1,12,202,2,3,1,6,FRANCOIS FABIE (BOULEVAR,44.3467,2.57607
201400013378,30,4,14,15,1,12,174,2,1,2,6,"48, MOULINE (AVENUE DES",44.3374,2.56209
201400013379,27,6,14,8,1,12,174,2,3,1,3,MOULINE (AVENUE DES HAUT,44.3298,2.55922
201400013380,1,7,14,17,1,12,202,2,1,1,6,PAUL RAMADIER (BOULEVARD,0.0,0.0
201400013381,7,7,14,12,1,12,174,2,1,3,7,RN88 (Rocade),0.0,0.0
201400013382,10,7,14,10,1,12,202,2,1,1,4,"96, GINESTE (AVENUE DE L",0.0,0.0
201400013383,12,7,14,11,1,12,202,2,1,1,2,RN88 (Rocade),0.0,0.0
201400013384,20,7,14,20,1,12,202,2,1,2,1,RN88 (Rocade),0.0,0.0
201400013385,23,7,14,12,1,12,176,2,1,1,4,RN 88,0.0,0.0
201400013386,1,8,14,15,1,12,202,2,1,1,6,MARECHAL JOFFRE (AVENUE,0.0,0.0
201400013387,20,8,14,17,1,12,202,2,1,1,2,RN88 (Rocade),0.0,0.0
201400013388,30,8,14,16,1,12,202,2,3,1,3,Avenue Boscary Monsservi,0.0,0.0
201400013389,5,9,14,2,3,12,176,2,1,1,7,SAINT MAYME (ROUTE DE),0.0,0.0
201400013390,12,9,14,17,1,12,202,2,1,1,6,GINESTE (GIRATOIRE DE LA,0.0,0.0
201400013391,27,9,14,2,5,12,202,2,1,1,7,SAINT PIERRE (ROUTE DE),0.0,0.0
201400013392,9,10,14,5,5,12,202,2,1,1,7,"36, MONTPELLIER (AVENUE",0.0,0.0
201400013393,11,10,14,17,1,12,176,2,1,1,2,Rue Jo?l Pilon,0.0,0.0
201400013394,14,10,14,15,1,12,176,2,1,1,2,CAPUCINES (BOULEVARD DES,0.0,0.0
201400013395,21,10,14,16,1,12,202,2,3,1,6,"6, CAMBON (IMPASSE)",0.0,0.0
201400013396,24,10,14,20,3,12,202,2,1,1,6,RN88 (Rocade),0.0,0.0
201400013397,27,10,14,4,5,12,176,2,2,1,1,SEVERAC LE CHATEAU (ROUT,0.0,0.0
201400013398,31,10,14,17,1,12,202,2,1,1,6,"52, TARAYRE (AVENUE)",0.0,0.0
201400013399,5,11,14,19,3,12,202,2,1,1,6,MOUTIERS (GIRATOIRE DES),0.0,0.0
201400013400,13,11,14,18,5,12,202,2,3,1,3,"17, BORDEAUX (AVENUE DE)",0.0,0.0
201400013401,20,11,14,17,5,12,176,2,6,1,3,SEVERAC LE CHATEAU (ROUT,0.0,0.0
201400013402,24,12,14,6,5,12,176,1,1,5,6,VABRE (AVENUE DE),0.0,0.0
201400013403,15,6,14,14,1,46,309,1,1,1,6,,44.89909,1.50102
201400013404,2,10,14,11,1,46,178,1,1,1,5,,44.83038,1.49574
201400013405,7,1,14,9,1,60,68,1,3,1,3,,0.0,0.0
201400013406,19,12,14,8,1,38,524,1,1,1,3,,0.0,0.0
201400013407,24,12,14,8,3,38,524,1,1,1,6,,0.0,0.0
201400013408,17,1,14,10,1,45,238,1,1,1,6,,47.61875,2.80684
201400013409,17,1,14,11,1,45,281,1,1,1,6,,48.03502,3.00306
201400013410,13,2,14,14,1,45,113,1,1,4,4,,48.04283,2.92874
201400013411,14,2,14,15,1,45,155,1,1,1,6,,47.69148,2.7394
201400013412,27,2,14,16,1,45,247,1,1,1,6,,47.99588,2.67639
201400013413,23,11,14,13,1,45,148,2,2,7,3,D 2007/RUE DE LA GARE,48.09637,2.77333
201400013414,10,12,14,8,1,45,66,1,2,2,3,,47.94269,2.55422
201400013415,17,3,14,17,1,24,370,1,1,1,3,PRENTYGARDE,44.8496,0.11264
201400013416,24,9,14,11,1,24,501,1,1,1,6,PORT DE PESSAC,44.8219,0.07682
201400013417,13,12,14,2,5,24,35,2,1,1,6,VAUREZ,44.7752,1.00808
201400013418,1,10,14,9,1,53,14,1,1,5,3,,47.83042,-0.6856
201400013419,22,5,14,11,1,19,135,2,3,8,3,INTERSECTION D979/ D982,45.4906,2.31328
201400013420,10,7,14,10,1,19,134,1,1,3,2,SENS CLERMONT > BORDEAUX,45.6238,2.47794
201400013421,15,8,14,6,2,63,399,1,1,8,7,,0.0,0.0
201400013422,15,12,14,7,2,19,58,1,2,5,3,LA VILLE EN BOIS,45.4703,2.15882
201400013423,22,12,14,13,1,19,70,1,1,1,7,FONT MARTIN,45.4353,2.08998
201400013424,2,1,14,20,3,10,45,1,1,1,4,,0.0,0.0
201400013425,4,1,14,2,3,10,130,1,1,1,6,,0.0,0.0
201400013426,16,1,14,18,3,10,92,1,1,8,2,,0.0,0.0
201400013427,13,2,14,20,3,10,442,1,1,8,6,,0.0,0.0
201400013428,2,12,14,13,1,10,45,1,1,8,7,,48.17244,4.45841
201400013429,31,1,14,4,5,13,1,2,1,2,6,"00, ARTS ET METIERS (COU",0.0,0.0
201400013430,15,1,14,12,1,13,1,1,2,1,3,"0, ST CANADET (ROUTE) D",43.59884,5.46402
201400013431,26,1,14,2,3,13,1,2,1,1,6,"2100, PUY SAINTE REPARAD",43.5771,5.43212
201400013432,22,1,14,8,2,13,1,2,3,1,6,"1, VILLENEUVE ST THOMAS",43.5334,5.4591
201400013433,3,2,14,8,1,13,1,2,6,1,6,"1, SAINT MITRE (QUARTIER",0.0,0.0
201400013434,4,2,14,18,2,13,1,2,1,9,4,RD9,43.49997,5.38562
201400013435,7,2,14,17,1,13,1,2,1,1,6,"FACE 33, ST LOUIS (COURS",0.0,0.0