Num_Acc,jour,mois,an,hr,condition_eclairage,departement,commune,condition_agglomeration,intersection,condition_atmosphere,type_collision,adresse,lattitude,longitude
201400013436,12,2,14,15,1,13,1,2,1,1,6,"90, BONAPARTE NAPOLEON(A",43.5265,5.44496
201400013437,14,2,14,12,1,13,1,1,1,1,3,"2840, BELLEC MAURICE (RT",43.57559,5.425
201400013438,16,2,14,8,2,13,1,2,1,2,2,"19, ST JEROME (AV)",43.52255,5.45239
201400013439,12,2,14,8,1,13,1,1,1,1,2,"0, MARSEILLE (ROUTE DE )",0.0,0.0
201400013440,26,2,14,9,1,13,1,2,1,2,6,"115, VILLEVIELLE JOSEPH",43.52625,5.44241
201400013441,2,3,14,6,3,13,1,1,1,1,7,"6065, RD 543",0.0,0.0
201400013442,20,2,14,14,1,13,1,1,1,1,2,".;, LEDOUX CLAUDE NICOLA",0.0,0.0
201400013443,8,3,14,6,3,13,1,1,1,1,1,RD 14,0.0,0.0
201400013444,12,3,14,12,1,13,1,2,1,1,6,"., BEAUVALLE (CH DE LA)",0.0,0.0
201400013445,12,3,14,20,3,13,1,2,1,1,6,"0, GALICE (RTE DE)",0.0,0.0
201400013446,5,3,14,13,1,13,1,2,3,1,3,SCHUMAN ROBERT (AV),0.0,0.0
201400013447,14,3,14,13,1,13,1,2,2,1,6,"/, JUVENAL MAX (AV)",43.52609,5.44116
201400013448,21,3,14,17,1,13,1,2,1,1,3,"36, ZOLA FRANCOIS ET EMI",43.53289,5.45492
201400013449,3,4,14,10,1,13,1,2,1,8,3,"67, BROSSOLETTE PIERRE (",0.0,0.0
201400013450,27,3,14,15,1,13,1,2,1,1,3,"35, BELGES (AV DES)",0.0,0.0
201400013451,14,4,14,16,1,13,1,2,1,1,6,"1, HUGO VICTOR (AV)",43.52576,5.4461
201400013452,24,4,14,20,5,13,1,2,1,1,3,"20, ROI RENE (BD DU)",0.0,0.0
201400013453,7,5,14,16,1,13,1,2,3,1,3,"160, VAIR GUILLAUME DU (",43.50809,5.40644
201400013454,14,5,14,14,1,13,1,2,1,1,6,"22, MANUEL (RUE)",43.52846,5.4527
201400013455,9,5,14,12,1,13,1,2,1,1,6,"/, MARSEILLE (ROUTE DE )",0.0,0.0
201400013456,28,5,14,15,1,13,1,1,1,1,6,"nc, MILLES (RTE DES)",0.0,0.0
201400013457,1,6,14,1,5,13,1,2,2,1,7,"1, PETRARQUE (RUE)",43.53301,5.45546
201400013458,28,5,14,18,1,13,1,1,1,1,3,"4865, BELLEC MAURICE (RT",43.58119,5.44858
201400013459,31,5,14,20,2,13,1,2,3,9,4,"/, KENNEDY PRESIDENT (BD",43.51865,5.43168
201400013460,27,5,14,11,1,13,1,2,1,1,1,"100, THUMINE GRANDE (BD",0.0,0.0
201400013461,5,6,14,15,1,13,1,2,2,1,3,BROSSOLETTE PIERRE (AV),43.51644,5.44278
201400013462,8,6,14,11,1,13,1,2,1,1,6,"40, EUROPE (AV )",43.52487,5.43007
201400013463,3,5,14,8,1,13,1,2,1,1,6,RD 543,0.0,0.0
201400013464,7,6,14,14,1,13,1,2,1,1,7,"1, DE GAULE GENERALE (PL",0.0,0.0
201400013465,11,6,14,16,1,13,1,2,1,1,6,"13, HUGO VICTOR (AV)",43.525,5.44628
201400013466,7,6,14,3,5,13,1,2,1,1,2,"563, DALMAS JEAN (RUE)",43.53164,5.43126
201400013467,21,6,14,21,4,13,1,1,1,1,6,RD 17,0.0,0.0
201400013468,21,6,14,5,2,13,1,1,1,1,3,RD9,0.0,0.0
201400013469,16,6,14,14,1,13,1,2,1,1,6,"1, DE LATTRE DE TASSIGNY",0.0,0.0
201400013470,22,6,14,2,5,13,1,2,2,1,3,"0, ENFANT (RTE DE L')",43.48856,5.38734
201400013471,28,6,14,19,1,13,1,2,1,1,3,BREDASQUE (AV DE LA),0.0,0.0
201400013472,13,7,14,6,2,13,1,1,1,1,7,"1025, GARDANNE (ROUTE DE",43.49585,5.40397
201400013473,29,7,14,8,1,13,1,2,1,1,6,"44, GALICE (RTE DE)",43.52853,5.42557
201400013474,30,7,14,15,1,13,1,2,1,1,6,"90, BONAPARTE NAPOLEON(A",43.52649,5.44495
201400013475,28,7,14,17,1,13,1,1,1,1,3,"2260, RD 65",43.5099,5.39211
201400013476,12,8,14,15,1,13,1,2,6,1,2,"1, GALICE (RTE DE)",0.0,0.0
201400013477,15,8,14,8,1,13,1,2,6,1,3,EUROPE (AV ),43.52363,5.43697
201400013478,16,8,14,23,4,13,1,2,1,1,3,R.D7,0.0,0.0
201400013479,16,8,14,1,5,13,1,2,1,1,6,"50, ROI RENE (BD DU)",43.52426,5.45256
201400013480,21,8,14,21,5,13,1,2,1,1,2,"2005, PRESIDENTE (CH DE",43.59055,5.45682
201400013481,27,8,14,4,3,13,1,2,1,8,6,"/, GARDANNE (ROUTE DE )",43.48953,5.40769
201400013482,23,8,14,20,1,13,1,2,6,1,3,"24, GAMBETTA (COURS)",43.52374,5.45536
201400013483,4,9,14,18,1,13,1,2,3,1,7,RN 7,43.54929,5.42724
201400013484,14,9,14,4,3,13,1,1,1,1,2,RD9,0.0,0.0
201400013485,16,9,14,17,1,13,1,2,1,1,6,"15, MALACRIDA HENRI (AV)",43.51675,5.46652
201400013486,18,9,14,14,1,13,1,2,4,1,3,PETIT BARTHELEMY (AV DU),43.51923,5.43626
201400013487,20,9,14,9,1,13,1,1,9,1,6,"10, AUBEPINES (CHEMIN DE",0.0,0.0
201400013488,23,8,14,13,1,13,1,2,1,1,6,"10, VILLEVIELLE JOSEPH (",43.52511,5.44146
201400013489,20,9,14,21,5,13,1,2,1,1,3,FOURANE (RUE),0.0,0.0
201400013490,28,9,14,18,1,13,1,1,1,1,2,"N96, R.N 296",0.0,0.0
201400013491,8,10,14,12,1,13,1,2,1,1,6,"389, CLUB HIPPIQUE (AV)",43.51428,5.43178
201400013492,14,10,14,17,1,13,1,1,2,2,5,ROSE (CH DE LA),43.55898,5.44276
201400013493,17,10,14,20,5,13,1,2,1,1,1,PEUPLIERS (ALLEE DES),43.53783,5.45231
201400013494,18,10,14,20,5,13,1,2,2,1,3,"51, ST MICHEL DU PIGONNE",0.0,0.0
201400013495,22,10,14,9,1,13,1,1,1,1,1,,0.0,0.0
201400013496,23,10,14,23,3,13,1,1,9,1,6,"1925, BLAQUE (CHEMIN )",43.50563,5.42214
201400013497,24,10,14,2,5,13,1,2,1,1,7,"0, GIONO JEAN (AV)",0.0,0.0
201400013498,29,9,14,19,2,13,1,2,1,1,2,BROSSOLETTE PIERRE (AV),0.0,0.0
201400013499,14,10,14,13,1,13,1,2,2,1,6,REPUBLIQUE (BD DE LA),43.52731,5.44318
201400013500,30,10,14,18,5,13,1,2,3,1,3,MALACRIDA HENRI (AV),43.51719,5.46544
201400013501,1,11,14,9,1,13,1,1,3,1,3,"/, RD 7",43.56477,5.40484
201400013502,6,11,14,20,5,13,1,1,1,1,3,"580, VAIR GUILLAUME DU (",43.5075,5.40165
201400013503,7,11,14,19,3,13,1,2,3,1,2,"791, FERRINI FORTUNE (AV",43.50484,5.43544
201400013504,20,10,14,17,1,13,1,1,1,1,2,RD9,0.0,0.0
201400013505,13,11,14,9,1,13,1,2,6,1,3,"0, ST EXUPERY (RUE)",43.51891,5.43276
201400013506,14,11,14,23,5,13,1,2,3,2,3,HUGO VICTOR (AV),43.52492,5.44632
201400013507,7,11,14,20,3,13,1,1,1,1,1,"4665, EGUILLES (ROUTE D'",43.55613,5.38177
201400013508,30,11,14,4,3,13,1,1,1,1,6,R.N 296,0.0,0.0
201400013509,4,12,14,14,1,13,1,2,3,1,3,BROSSOLETTE PIERRE (AV),43.51599,5.44281
201400013510,16,12,14,17,3,13,1,2,2,1,6,PUY SAINTE REPARADE (CH),43.58746,5.43258
201400013511,17,12,14,8,1,13,1,2,1,1,1,GUIENNE (CH DE LA),43.57511,5.40926
201400013512,19,12,14,15,1,13,1,2,1,1,6,PREMIERE DIV FRANCAISE L,0.0,0.0
201400013513,20,12,14,8,2,13,1,2,1,1,3,"., SOLARI PHILIPPE (AV)",0.0,0.0
201400013514,22,12,14,16,2,13,1,2,1,1,6,"1460, GALICE (RTE DE)",43.53037,5.41874
201400013515,15,1,14,17,2,13,4,2,1,1,6,DOCTEUR SCHWEITZER RUE D,0.0,0.0
201400013516,30,1,14,18,5,13,4,2,1,2,6,"158, STALINGRAD AVENUE D",43.69371,4.63962
201400013517,8,2,14,9,1,13,4,2,4,1,6,DOCTEUR ROBERT MOREL AVE,43.68156,4.61896
201400013518,13,2,14,18,5,13,4,2,1,1,6,MARECHAL JUIN AVENUE DU,0.0,0.0
201400013519,24,2,14,14,1,13,4,2,2,1,7,VALENTIN JAUME RUE,0.0,0.0
201400013520,26,2,14,15,1,13,4,2,1,1,6,STALINGRAD AVENUE DE,0.0,0.0
201400013521,1,3,14,17,3,13,4,1,1,1,3,ABRIVADO RUE DE L',0.0,0.0
201400013522,22,3,14,20,5,13,4,2,1,1,3,V.C.N33 DITE CHEMIN DE F,0.0,0.0
201400013523,22,3,14,9,1,13,4,2,1,1,6,VICTOR HUGO AVENUE,43.67493,4.6341
201400013524,20,4,14,0,3,13,4,1,4,1,3,V.C.N34 DE NADAL,0.0,0.0
201400013525,22,4,14,18,1,13,4,2,1,1,7,GEORGES CLEMENCEAU BOULE,0.0,0.0
201400013526,3,5,14,23,5,13,4,2,1,1,7,GAMBETTA RUE,0.0,0.0
201400013527,16,5,14,17,1,13,4,2,1,1,6,"0, EMILE COMBES BOULEVAR",0.0,0.0
201400013528,29,5,14,12,1,13,4,1,1,1,2,R.D113 DU PETIT RHONE,0.0,0.0
201400013529,8,6,14,12,1,13,4,1,1,1,2,R.N.N113 DU PETIT RHONE,0.0,0.0
201400013530,11,6,14,18,1,13,4,2,3,1,3,RUE DE HERPY L'ARLESIENN,0.0,0.0
201400013531,17,6,14,18,1,13,4,2,1,1,3,STALINGRAD AVENUE DE,0.0,0.0
201400013532,26,6,14,13,1,13,4,2,1,1,6,"35, GEORGES CLEMENCEAU B",0.0,0.0
201400013533,3,7,14,17,1,13,4,1,9,1,1,R.N.572 DU VITTIER VERS,43.67915,4.60755
201400013534,23,7,14,9,1,13,4,1,1,1,2,R.N.N113 DU PETIT RHONE,0.0,0.0
201400013535,24,7,14,12,1,13,4,2,1,1,3,ARCHES AVENUE DES,0.0,0.0
201400013536,26,7,14,15,1,13,4,2,1,1,3,"75, MOINES CHEMIN DES",43.69875,4.6392
201400013537,31,7,14,16,1,13,4,1,9,1,5,R.N.N113 DU PETIT RHONE,0.0,0.0
201400013538,18,8,14,14,1,13,4,1,3,1,4,R.N.N113 DU PETIT RHONE,43.6654,4.61856
201400013539,19,8,14,16,1,13,4,2,1,1,3,LOUIS VISSAC AVENUE,0.0,0.0
201400013540,22,8,14,8,1,13,4,2,1,1,6,"15, LA BRUYERE RUE",43.24682,5.40274
201400013541,26,8,14,14,1,13,4,2,1,1,6,LICES BOULEVARD DES,43.67529,4.62787
201400013542,28,8,14,9,1,13,4,1,1,1,6,"51, V.C.N25 DE BARRIOL",43.6669,4.61122
201400013543,5,9,14,8,1,13,4,2,6,1,3,"0, PREMIERE DIVISION FRA",0.0,0.0
201400013544,16,9,14,19,1,13,4,2,1,1,7,"13, PRESIDENT SALVADOR A",43.66968,4.61583
201400013545,22,9,14,8,1,13,4,2,2,1,5,"21, GAMBETTA RUE",43.67497,4.62501
201400013546,27,9,14,8,1,13,4,2,1,1,6,ALYSCAMPS AV DES,0.0,0.0
201400013547,26,9,14,17,1,13,4,2,1,1,6,"18, DOCTEUR FANTON RUE D",43.67812,4.62684
201400013548,30,9,14,7,2,13,4,2,9,1,6,"19, LUCIEN GUINTOLI RUE",43.67012,4.62736
201400013549,2,10,14,14,1,13,4,1,1,1,6,V.C.N1 DITE DES LIMITES,0.0,0.0
201400013550,3,10,14,18,1,13,4,2,1,1,6,FERDINAND DE LESSEPS RUE,0.0,0.0
201400013551,5,10,14,15,1,13,4,2,1,1,6,"01, ALYSCAMPS AV DES",43.67487,4.63237
201400013552,6,10,14,17,1,13,4,2,2,1,6,FORUM PLACE DU,43.67782,4.62712
201400013553,10,10,14,8,1,13,4,2,1,1,2,STALINGRAD AVENUE DE,0.0,0.0
201400013554,15,10,14,12,1,13,4,2,1,1,6,"23, VICTOR HUGO AVENUE",43.67478,4.63447
201400013555,5,11,14,18,5,13,4,2,1,1,6,"164, STALINGRAD AVENUE D",43.69402,4.63982
201400013556,3,11,14,12,1,13,4,2,3,1,2,"57, STALINGRAD AVENUE DE",43.68572,4.63436
201400013557,10,11,14,9,1,13,4,2,3,1,1,"121, DOCTEUR ROBERT MORE",43.68179,4.60946
201400013558,20,11,14,7,1,13,4,2,1,1,6,"71, HONGRIE AVENUE DE",43.69135,4.63367
201400013559,19,11,14,16,1,13,4,2,1,1,6,"77, STALINGRAD AVENUE DE",43.68845,4.63607
201400013560,8,11,14,13,1,13,4,2,1,1,6,"05, EMILE FASSIN RUE",43.67432,4.62935
201400013561,1,12,14,13,1,13,4,2,2,2,6,MARECHAL LYAUTEY AVENUE,43.6712,4.6331
201400013562,17,12,14,17,5,13,4,2,1,2,6,MIREILLE RUE,0.0,0.0
201400013563,6,12,14,23,5,13,4,2,1,1,6,"8, LICES BOULEVARD DES",43.67528,4.62981
201400013564,15,12,14,11,1,13,4,2,1,1,6,MOINES CHEMIN DES,43.69834,4.63829
201400013565,3,1,14,14,1,13,5,2,3,1,3,"420, RN 8",43.28634,5.58729
201400013566,6,1,14,7,1,13,5,2,1,1,3,D8N,43.28481,5.59198
201400013567,9,1,14,17,1,13,5,1,1,1,1,RD 43 C,0.0,0.0
201400013568,25,1,14,16,1,13,5,2,1,1,3,"0, GEMENOS (ROUTE DE CD2",43.28815,5.54359
201400013569,14,1,14,17,2,13,5,1,3,1,5,"3170, GEMENOS (ROUTE DE",43.29765,5.60755
201400013570,20,1,14,10,1,13,5,2,1,2,6,RD 96,0.0,0.0
201400013571,20,1,14,17,2,13,5,2,1,1,4,GARLABAN (AVENUE DU),43.30038,5.57137
201400013572,22,1,14,15,1,13,5,2,1,1,7,"1, RD 559 A (ROUTE DE LA",0.0,0.0
201400013573,27,1,14,11,1,13,5,2,7,1,2,"0, RASTEGUE (COURS BARTH",43.29264,5.56569
201400013574,27,1,14,18,5,13,5,2,3,2,3,FENESTRELLES (CHEMIN DE),43.27987,5.5652
201400013575,29,1,14,13,1,13,5,2,2,2,1,VERDUN (AVENUE DE),43.28924,5.57254
201400013576,31,1,14,10,1,13,5,2,2,2,6,RN 8,0.0,0.0
201400013577,3,2,14,15,1,13,5,2,1,1,6,"018407, RN 396 (ROUTE NA",0.0,0.0
201400013578,7,2,14,8,1,13,5,1,2,2,1,RD 396 (ROUTE NATIONALE),43.30867,5.60809
201400013579,8,2,14,12,1,13,5,2,1,1,1,"1435, QUARTIER VAUX (CHE",43.28043,5.56658
201400013580,9,2,14,21,5,13,5,2,1,1,1,RD 2 (CAMP MAJOR),0.0,0.0
201400013581,10,2,14,11,1,13,5,1,1,2,2,"2250, RD 396 (ROUTE NATI",0.0,0.0
201400013582,12,2,14,8,1,13,5,2,1,1,3,"276, DOUARD (AVENUE DU)",43.28629,5.5983
201400013583,12,2,14,12,1,13,5,2,1,1,2,"0, PLANQUE (TRAVERSE DE",43.29486,5.57376
201400013584,14,2,14,11,1,13,5,2,1,1,4,"1, GEMENOS (ROUTE DE RD2",0.0,0.0
201400013585,14,2,14,15,1,13,5,2,1,1,7,"1, RD8N",43.28493,5.55166
201400013586,14,2,14,15,1,13,5,2,1,1,3,PALUDS (AVENUE DES),0.0,0.0
201400013587,18,2,14,10,1,13,5,2,1,1,3,"., SALENGRO (AVENUE ROGE",0.0,0.0
201400013588,21,2,14,12,1,13,5,2,1,1,7,RD 43 C,43.30732,5.59237
201400013589,22,2,14,11,1,13,5,2,3,1,3,PAGNOL (AVENUE MARCEL),43.29644,5.56939
201400013590,28,2,14,13,1,13,5,2,1,3,1,SALENGRO (AVENUE ROGER),0.0,0.0
201400013591,5,3,14,15,1,13,5,1,2,1,3,RD 396 (ROUTE NATIONALE),43.30872,5.6081
201400013592,6,3,14,17,1,13,5,2,1,1,6,VERDUN (AVENUE DE),0.0,0.0
201400013593,7,3,14,14,1,13,5,2,1,1,3,"., GEMENOS (ROUTE DE RD2",0.0,0.0
201400013594,13,3,14,17,1,13,70,2,1,1,4,ANTONETTI (AVENUE),43.28719,5.51238
201400013595,16,3,14,18,5,13,5,2,1,1,3,RN 96 (ROUTE NATIONALE ),0.0,0.0
201400013596,18,3,14,18,1,13,5,2,1,1,6,"31, GOUMS (AVENUE DES)",43.29146,5.56106
201400013597,18,3,14,19,5,13,5,1,1,1,6,RD 2 (CAMP MAJOR),0.0,0.0
201400013598,19,3,14,13,1,13,5,2,9,1,7,AIRES NOUVEAUX (TRAVERSE,0.0,0.0
201400013599,22,3,14,18,2,13,5,2,1,2,7,AUBES (CHEMIN DES),0.0,0.0
201400013600,28,3,14,19,5,13,5,2,1,1,3,RD 2 (CAMP MAJOR),0.0,0.0
201400013601,29,3,14,9,1,13,5,2,3,1,3,GARLABAN (AVENUE DU),43.29757,5.57377
201400013602,1,4,14,14,1,13,5,2,6,1,3,"0, NATIONALE 8",43.28373,5.59463
201400013603,2,4,14,18,1,13,5,2,1,1,6,"1465, D8N",0.0,0.0
201400013604,5,4,14,11,1,13,5,2,1,1,4,RD 396,0.0,0.0
201400013605,9,4,14,15,1,13,70,2,1,1,6,"272, VOLTAIRE (BOULEVARD",43.2819,5.52527
201400013606,9,4,14,12,1,13,5,2,1,1,6,ROBESPIERRE (AVENUE),0.0,0.0
201400013607,9,4,14,18,1,13,5,2,1,1,6,LASCOURS (CHEMIN DE ),0.0,0.0
201400013608,11,4,14,8,1,13,70,2,1,1,2,"148, VOLTAIRE (BOULEVARD",43.28137,5.51663
201400013609,14,4,14,10,1,13,5,2,1,1,1,GOUMS (AVENUE DES),0.0,0.0
201400013610,17,4,14,9,1,13,5,2,1,1,6,"817, PALUDS (AVENUE DES)",43.28974,5.59733
201400013611,23,4,14,11,1,13,5,2,1,1,3,"1420, RN 8",0.0,0.0
201400013612,18,4,14,19,1,13,5,2,1,1,6,"0, 21 AOUT 1944 (AVENUE",0.0,0.0
201400013613,29,4,14,17,1,13,5,1,1,1,7,RD 96 (ROUTE NATIONALE ),0.0,0.0
201400013614,30,4,14,14,1,13,5,1,1,1,7,RD 559 A (ROUTE DE LA BE,0.0,0.0
201400013615,30,4,14,19,1,13,5,2,1,1,1,BLANCARD (PROMENADE PIER,0.0,0.0
201400013616,3,5,14,17,1,13,5,2,1,1,2,GEMENOS (ROUTE DE RD2),0.0,0.0
201400013617,9,5,14,19,1,13,5,2,3,1,3,"18, VERDUN (AVENUE DE)",43.28877,5.57331
201400013618,11,5,14,19,1,13,5,2,6,1,6,VERDUN (AVENUE DE),0.0,0.0
201400013619,14,5,14,13,1,13,5,2,9,1,6,"90, D8N",0.0,0.0
201400013620,15,5,14,18,1,13,5,2,1,1,2,SALENGRO (AVENUE ROGER),0.0,0.0
201400013621,4,5,14,21,5,13,5,2,2,1,3,"1, SALENGRO (AVENUE ROGE",43.29559,5.56824
201400013622,21,5,14,1,5,13,5,2,1,1,1,BLANCARD (PROMENADE PIER,0.0,0.0
201400013623,16,4,14,16,1,13,5,2,1,1,3,GOUMS (AVENUE DES),43.29234,5.56207
201400013624,21,5,14,18,1,13,5,2,1,1,2,AVELANEDE (CHEMIN DE L'),0.0,0.0
201400013625,22,5,14,15,1,13,5,2,3,1,3,AMITIE (AVENUE DE L'),0.0,0.0
201400013626,24,5,14,21,2,13,5,2,1,1,1,ROUGIER (RUE ELZEARD),0.0,0.0
201400013627,25,5,14,10,1,13,5,2,1,1,2,CEINTURE DE CAMPS MAJOR,0.0,0.0
201400013628,25,5,14,11,1,13,5,2,1,1,5,GARLABAN (AVENUE DU),0.0,0.0
201400013629,26,5,14,8,1,13,5,2,9,1,6,"0, MERLANCON (CHEMIN DU)",43.28436,5.58075
201400013630,26,5,14,8,1,13,5,2,1,1,1,CIOTAT (ROUTE DE LA RN55,0.0,0.0
201400013631,29,5,14,19,1,13,5,1,1,1,1,EOURES (ROUTE D'),0.0,0.0
201400013632,27,5,14,8,1,13,5,1,1,1,3,"2260, GEMENOS (ROUTE DE",43.29825,5.5997
201400013633,3,6,14,16,1,13,70,2,1,1,2,"287, VOLTAIRE (BOULEVARD",43.28214,5.52632
201400013634,6,6,14,19,2,13,5,2,1,1,6,VERDUN (AVENUE DE),0.0,0.0
201400013635,8,6,14,15,1,13,5,1,1,1,7,RD96 (ROUTE NATIONALE),0.0,0.0
201400013636,21,11,14,19,3,13,5,1,1,1,3,SAINT JEAN DE GARGUIER (,43.30251,5.59484
201400013637,5,6,14,16,1,13,5,2,3,1,3,BARBAROUX PROLONGEE AV.,43.28639,5.54551
201400013638,11,6,14,14,1,13,5,2,3,1,3,BEAUDINARD (ROUTE DE),0.0,0.0
201400013639,18,6,14,12,1,13,5,2,1,1,2,"1965, GEMENOS (ROUTE DE",43.29961,5.59691
201400013640,19,6,14,18,1,13,70,2,1,3,3,"0, ANTONETTI (AVENUE)",0.0,0.0
201400013641,21,6,14,10,1,13,5,2,1,1,3,"900, 21 AOUT 1944 (AVENU",43.28682,5.5589
201400013642,23,6,14,8,1,13,70,2,1,1,6,GARE (BOULEVARD DE LA),0.0,0.0
201400013643,25,6,14,20,5,13,5,2,1,1,3,"1000, GEMENOS (ROUTE DE",43.29672,5.58489
201400013644,30,6,14,12,1,13,5,1,1,1,1,"0, RD 559 A (ROUTE DE LA",43.26399,5.58621
201400013645,3,7,14,12,1,13,5,2,1,1,3,COURONNE DES PINS (AVENU,0.0,0.0
201400013646,9,7,14,18,1,13,5,2,7,1,6,"0, CHAULAN (PLACE)",43.29137,5.57089
201400013647,12,7,14,9,1,13,70,2,1,1,2,"3000, VOLTAIRE (BOULEVAR",0.0,0.0
201400013648,12,7,14,12,1,13,5,2,3,1,2,"1, FOCH (COURS MARECHAL)",43.295,5.56806
201400013649,13,7,14,18,1,13,5,2,1,1,4,"1345, RN 96 (ROUTE NATIO",43.31757,5.58253
201400013650,16,7,14,16,1,13,5,2,1,1,6,"1047, 21 AOUT 1944 (AVEN",43.28585,5.55556
201400013651,18,7,14,10,1,13,5,2,1,1,2,BONNES NOUVELLES (CH.DES,0.0,0.0
201400013652,18,7,14,18,1,13,5,2,1,1,2,"665, RN 96 (ROUTE NATION",0.0,0.0
201400013653,18,7,14,18,1,13,5,2,1,1,3,"31, VERDUN (AVENUE DE)",43.28784,5.57876
201400013654,23,7,14,11,1,13,5,2,1,1,3,CD 2 (CAMP MAJOR),0.0,0.0
201400013655,24,7,14,18,1,13,5,1,1,1,2,"1, RN 96 (ROUTE NATIONAL",0.0,0.0
201400013656,28,7,14,14,1,13,5,2,1,1,6,RN 8,0.0,0.0
201400013657,30,7,14,18,1,13,5,1,3,1,5,RN 96 (ROUTE NATIONALE ),43.30549,5.57256
201400013658,6,8,14,18,1,13,5,2,1,1,2,"545, GARLABAN (AVENUE DU",43.30009,5.57202
201400013659,8,8,14,14,1,13,5,2,1,1,6,RD 43 C,0.0,0.0
201400013660,10,8,14,22,5,13,5,2,2,1,3,"0, BEAUDINARD (CHEMIN DE",43.31186,5.58022
201400013661,14,8,14,15,1,13,5,2,2,1,3,REPUBLIQUE (RUE DE LA),0.0,0.0
201400013662,12,8,14,9,1,13,5,2,2,1,2,"1, SALENGRO (AVENUE ROGE",43.30319,5.57169
201400013663,14,8,14,13,1,13,5,2,1,1,3,PAIX (AVENUE DE LA ),0.0,0.0
201400013664,19,8,14,11,1,13,5,2,1,1,2,"71, JOUQUES (AVENUE DES)",43.28841,5.60186
201400013665,20,8,14,7,1,13,5,2,1,1,2,"1, NATIONALE 8",0.0,0.0
201400013666,24,8,14,19,1,13,5,2,1,1,3,"5, GOUMS (AVENUE DES)",43.29258,5.56466
201400013667,25,8,14,14,1,13,5,2,1,1,2,GARLABAN (AVENUE DU),0.0,0.0
201400013668,27,8,14,18,1,13,70,2,1,1,2,"49, QUEIRADE (CHEMIN DE",43.27548,5.52899
201400013669,27,8,14,18,1,13,5,2,1,1,3,MANOUCHIAN (AVENUE),0.0,0.0
201400013670,30,8,14,11,1,13,5,2,1,1,2,"27, GOUMS (AVENUE DES)",43.29178,5.56142
201400013671,31,8,14,18,2,13,5,2,2,1,3,TEMPLIERS (AVENUE DES),43.31725,5.58239
201400013672,2,9,14,8,1,13,5,2,1,1,7,GEMENOS (ROUTE DE CD2),0.0,0.0
201400013673,4,9,14,16,1,13,5,2,1,1,2,"0, GARLABAN (AVENUE DU)",0.0,0.0
201400013674,5,9,14,11,1,13,5,2,1,1,3,"99, REPUBLIQUE (RUE DE L",43.28933,5.57244
201400013675,5,9,14,20,5,13,70,2,1,1,2,"164, VOLTAIRE (BOULEVARD",43.28125,5.51746
201400013676,6,9,14,2,5,13,5,2,1,1,6,NATIONALE 8 DE PARIS A T,0.0,0.0
201400013677,9,9,14,13,1,13,5,2,1,1,2,GEMENOS (ROUTE DE CD2),0.0,0.0
201400013678,10,9,14,17,1,13,5,1,6,1,4,RN 8,43.28414,5.59407
201400013679,12,9,14,12,1,13,5,1,9,1,3,CIOTAT (ROUTE DE LA RN55,0.0,0.0
201400013680,12,9,14,13,1,13,5,1,1,1,6,"1990, EOURES (ROUTE D')",43.30786,5.55231
201400013681,12,9,14,19,1,13,5,1,1,1,1,RD 559 A (ROUTE DE LA BE,0.0,0.0
201400013682,15,9,14,11,1,13,5,1,1,1,2,RN 96 (ROUTE NATIONALE ),0.0,0.0
201400013683,16,9,14,16,1,13,5,1,1,1,4,RN 96 (ROUTE NATIONALE ),0.0,0.0
201400013684,16,9,14,19,1,13,5,2,1,1,3,"0, AVELANEDE (CHEMIN DE",0.0,0.0
201400013685,18,9,14,17,1,13,5,2,3,1,5,SALENGRO (AVENUE ROGER),0.0,0.0
201400013686,21,9,14,0,5,13,5,1,1,1,3,GEMENOS (ROUTE DE CD2),0.0,0.0
201400013687,24,9,14,16,1,13,70,2,1,1,2,ROUSSEAU (BOULEVARD JEAN,0.0,0.0
201400013688,30,9,14,8,1,13,5,1,1,1,1,RD 559 A (ROUTE DE LA BE,0.0,0.0
201400013689,1,10,14,9,1,13,5,2,1,1,2,"15, VERDUN (AVENUE DE)",43.28864,5.57358
201400013690,2,10,14,11,1,13,5,2,1,1,2,RN 8,0.0,0.0
201400013691,2,10,14,14,1,13,5,2,1,1,6,BONNES NOUVELLES (CH.DES,0.0,0.0
201400013692,2,10,14,18,1,13,70,2,1,1,2,BOURGADE (TRAVERSE DE LA,43.28442,5.52356
201400013693,2,10,14,18,1,13,5,2,1,1,2,THUILIERE (CHEMIN DE LA,0.0,0.0
201400013694,8,10,14,20,5,13,5,1,1,1,5,"825, EOURES (ROUTE D')",43.30045,5.56001
201400013695,16,10,14,17,1,13,5,2,1,1,2,"1, RN 8",0.0,0.0
201400013696,18,10,14,16,1,13,5,2,1,1,2,"17, DELFIEU (AVENUE LOUL",43.29257,5.56573
201400013697,18,10,14,22,5,13,5,2,3,1,3,"1, PAIX (AVENUE DE LA )",43.28296,5.54904
201400013698,20,10,14,16,1,13,5,2,1,1,2,"0, BLANCARD (PROMENADE P",0.0,0.0
201400013699,22,10,14,11,1,13,5,2,1,1,6,"6, FOCH (COURS MARECHAL)",43.29327,5.56777
201400013700,24,10,14,13,1,13,5,2,3,1,1,RN 8,43.28633,5.58726
201400013701,24,10,14,16,1,13,5,1,1,1,6,RD 43 C,0.0,0.0
201400013702,24,10,14,16,1,13,5,2,3,1,3,PAIX (AVENUE DE LA ),43.28296,5.54911
201400013703,29,10,14,12,1,13,70,2,1,1,7,"17, BOURGADE (TRAVERSE D",43.2841,5.52365
201400013704,31,10,14,13,1,13,5,2,1,1,6,"130, CHATEAU (IMPASSE DU",43.2935,5.57716
201400013705,4,11,14,18,5,13,5,2,1,3,6,"19, SALENGRO (AVENUE ROG",43.3005,5.56964
201400013706,5,11,14,8,1,13,70,2,3,1,3,VOLTAIRE (BOULEVARD),43.28155,5.52277