Num_Acc,jour,mois,an,hr,condition_eclairage,departement,commune,condition_agglomeration,intersection,condition_atmosphere,type_collision,adresse,lattitude,longitude
201400013707,5,11,14,15,1,13,5,2,1,1,2,"..., RN 8",0.0,0.0
201400013708,5,11,14,22,5,13,5,2,1,1,1,PAIX (AVENUE DE LA ),0.0,0.0
201400013709,8,11,14,11,1,13,70,2,1,1,6,"13, ANTONETTI (AVENUE)",43.28742,5.51405
201400013710,12,11,14,7,1,13,5,2,1,2,6,"7, FOCH (COURS MARECHAL)",43.29322,5.56751
201400013711,20,11,14,13,1,13,70,2,1,1,6,GARE (BOULEVARD DE LA),43.28295,5.515
201400013712,23,11,14,11,1,13,5,2,9,1,2,RN 8,0.0,0.0
201400013713,26,11,14,8,1,13,5,2,1,1,6,MARCEL PAUL (AVENUE),0.0,0.0
201400013714,30,11,14,6,5,13,5,1,1,8,7,"3190, CD 2 (CAMP MAJOR)",43.28809,5.52235
201400013715,12,12,14,11,1,13,70,2,1,1,2,"42, BEAL (BOULEVARD DU)",43.28032,5.50666
201400013716,14,12,14,11,1,13,5,1,3,2,3,BEAUDINARD (ROUTE DE),43.31001,5.58333
201400013717,16,12,14,13,1,13,5,2,1,1,3,PALUDS (Z.I. DES ),0.0,0.0
201400013718,18,12,14,14,1,13,70,2,1,1,2,GARE (BOULEVARD DE LA),0.0,0.0
201400013719,20,12,14,20,5,13,5,2,1,1,1,"501, BLANCARD (PROMENADE",43.2973,5.56486
201400013720,16,12,14,19,5,13,5,2,3,1,3,"15, VOLTAIRE (COURS)",43.29501,5.56806
201400013721,23,12,14,9,1,13,70,2,1,1,7,"176, VOLTAIRE (BOULEVARD",43.28116,5.51812
201400013722,28,12,14,12,1,13,70,2,3,1,3,"221, VOLTAIRE (BOULEVARD",43.28124,5.52068
201400013723,28,12,14,19,5,13,5,2,3,1,3,"19, VERDUN (AVENUE DE)",43.28842,5.57397
201400013724,13,1,14,19,5,13,28,2,1,2,6,"1943, DULAC (AVENUE GUIL",43.20011,5.61958
201400013725,17,1,14,7,2,13,28,2,1,2,6,"217, ERNEST SUBILIA",43.18396,5.60972
201400013726,17,2,14,8,1,13,28,1,1,7,3,CD 559,0.0,0.0
201400013727,22,2,14,15,1,13,28,2,1,1,6,FERRY (AVENUE JULES ),0.0,0.0
201400013728,27,2,14,11,1,13,28,2,1,1,6,"15, BOURGOGNE (AVENUE DE",43.19075,5.6182
201400013729,9,3,14,16,1,13,28,2,1,1,3,ROVARCH (AVENUE PIERRE),43.11237,5.37332
201400013730,31,3,14,14,1,13,28,2,6,1,6,"885, DULAC (AVENUE GUILL",43.1922,5.60939
201400013731,11,4,14,18,1,13,28,1,1,1,1,BODIN (AVENUE EMILE),0.0,0.0
201400013732,4,5,14,14,1,13,28,2,3,1,3,CD 559,43.19071,5.64089
201400013733,20,5,14,14,1,13,28,2,1,1,3,"7, GANTEAUME (QUAI HONOR",43.17378,5.60927
201400013734,28,5,14,19,1,13,28,2,2,7,3,LORRAINE (AVENUE DE),43.18739,5.62017
201400013735,30,5,14,18,1,13,28,1,1,1,1,RD 559,0.0,0.0
201400013736,25,5,14,13,1,13,28,2,1,1,3,LORRAINE (AVENUE DE),43.18839,5.62691
201400013737,8,6,14,10,1,13,28,2,2,1,3,"394, LAVAUX (BOULEVARD D",43.19873,5.62642
201400013738,29,6,14,19,1,13,28,2,3,7,3,GARDE (CHEMIN DE LA),0.0,0.0
201400013739,4,7,14,18,1,13,28,2,1,1,3,CD40B,43.1929,5.60286
201400013740,15,7,14,13,1,13,28,2,2,1,3,HOMME ROUGE (CHEMIN DE L,43.1927,5.63504
201400013741,21,7,14,18,1,13,28,1,2,1,3,HOMME ROUGE (CHEMIN DE L,43.19271,5.63506
201400013742,8,8,14,1,5,13,28,2,6,1,3,"105, RIPERT (AVENUE EMIL",43.19168,5.61775
201400013743,9,8,14,10,1,13,28,2,1,1,4,Rond-Point*Rovarch/Saint,43.11237,5.37332
201400013744,26,8,14,18,1,13,28,2,6,7,3,ROVARCH (AVENUE PIERRE),43.19191,5.60472
201400013745,30,8,14,19,1,13,28,2,2,1,3,CROZET (AVENUE LOUIS ),43.17896,5.60008
201400013746,18,9,14,21,3,13,28,2,1,8,6,"1194, LAVAUX (BOULEVARD",43.19991,5.62658
201400013747,22,9,14,16,1,13,28,2,1,1,2,"501, ROUMANILLE (AVENUE",43.19687,5.62104
201400013748,22,9,14,19,2,13,28,2,1,1,3,"ns, PROVENCE (AVENUE DE",0.0,0.0
201400013749,3,10,14,9,1,13,28,2,1,1,3,"181, BODIN (AVENUE EMILE",43.19045,5.6027
201400013750,12,10,14,21,3,13,28,2,3,8,2,CD 559,43.19349,5.60179
201400013751,17,10,14,15,1,13,28,2,3,1,3,WILSON (AVENUE PRESIDENT,43.18319,5.61617
201400013752,19,10,14,10,1,13,28,1,1,1,3,CD.559,0.0,0.0
201400013753,23,10,14,17,1,13,28,2,1,1,2,DULAC (AVENUE GUILLAUME),0.0,0.0
201400013754,23,10,14,19,1,13,28,2,1,1,6,DULAC (AVENUE GUILLAUME),0.0,0.0
201400013755,25,10,14,12,1,13,28,2,1,1,3,"64, RIPERT (AVENUE EMIL",43.18752,5.61531
201400013756,26,10,14,17,1,13,28,2,1,1,3,"590, LAVAUX (BOULEVARD D",43.19521,5.62865
201400013757,29,10,14,16,1,13,28,2,1,1,6,LAMARTINE (BOULEVARD JEA,0.0,0.0
201400013758,4,11,14,17,5,13,28,2,1,3,6,"ns, DIFFONTY (RUE HENRI)",0.0,0.0
201400013759,6,11,14,8,1,13,28,1,1,1,3,CD 559,0.0,0.0
201400013760,24,10,14,19,5,13,28,2,3,1,3,ROUMANILLE (AVENUE JOSEP,43.19726,5.62126
201400013761,8,11,14,10,1,13,28,2,1,1,4,"857, RIPERT (AVENUE EMIL",0.0,0.0
201400013762,10,11,14,18,4,13,28,2,3,1,3,CLEMENCEAU (BOULEVARD GE,43.17857,5.61094
201400013763,13,11,14,17,2,13,28,2,3,1,3,LAVAUX (BOULEVARD DE),0.0,0.0
201400013764,14,11,14,8,1,13,28,2,1,8,2,"3, ROMAGOUA (CHEMIN DE)",43.19515,5.6112
201400013765,15,11,14,16,1,13,28,2,1,1,6,PUITS DE BRUNET (CHEMIN,0.0,0.0
201400013766,15,11,14,19,5,13,28,2,3,1,3,WILSON (AVENUE PRESIDENT,43.18321,5.61618
201400013767,19,11,14,10,1,13,28,2,1,1,1,"1807, DULAC (AVENUE GUIL",43.20007,5.6196
201400013768,1,12,14,16,2,13,28,2,6,3,3,"20, BERTOLUCCI (BOULEVAR",43.17397,5.60412
201400013769,3,12,14,6,5,13,28,2,1,1,2,ROVARCH (AVENUE PIERRE),0.0,0.0
201400013770,7,12,14,15,1,13,28,2,9,1,1,"1, MUGEL (AVENUE DU)",43.16709,5.60531
201400013771,7,12,14,14,1,13,28,2,1,1,6,"111, ROOSEVELT (AVENUE F",0.0,0.0
201400013772,12,12,14,13,1,13,28,2,1,1,6,PEPINIERE (CHEMIN DE LA),43.19039,5.60251
201400013773,14,12,14,13,1,13,28,2,1,1,2,"471, FONTSAINTE (AVENUE",43.19065,5.63855
201400013774,13,12,14,9,1,13,28,1,1,1,3,CD.559,43.18076,5.67179
201400013775,17,12,14,14,1,13,28,2,2,1,3,"33, BILLOUX (AVENUE FRAN",43.17873,5.59749
201400013776,19,12,14,5,5,13,28,2,1,1,6,"ns, PETIT ROUMAGOUA (CHE",0.0,0.0
201400013777,19,12,14,10,1,13,28,2,1,1,1,"537, Chemin Puits de bru",0.0,0.0
201400013778,27,12,14,13,1,13,28,1,1,2,1,CD 559 (CHEMIN DEPAR,0.0,0.0
201400013779,19,12,14,18,3,13,28,1,1,1,4,CD40B,43.19262,5.60346
201400013780,30,12,14,13,1,13,28,2,1,1,2,"ns, CLEMENCEAU (BOULEVAR",0.0,0.0
201400013781,15,3,14,10,1,78,380,2,1,1,2,rue saint vincent,0.0,0.0
201400013782,24,4,14,7,1,78,380,2,1,1,5,RD 191,0.0,0.0
201400013783,9,12,14,12,1,78,206,1,1,7,1,,0.0,0.0
201400013784,17,9,14,9,1,78,368,2,1,1,6,Rue Christian Pouillard,0.0,0.0
201400013785,27,1,14,11,1,13,63,2,1,1,6,BARBIER JAUFFRET RUE,43.57932,5.00125
201400013786,7,3,14,16,1,13,63,1,2,1,3,D 10,43.56161,5.02977
201400013787,18,3,14,16,1,13,47,1,1,1,5,RD 1569,0.0,0.0
201400013788,10,5,14,12,1,13,47,1,1,1,3,"100, RN 1569",0.0,0.0
201400013789,23,6,14,16,1,13,47,1,1,1,1,RN 1569 LA TRANSHUMANCE,0.0,0.0
201400013790,4,7,14,20,1,13,63,2,3,1,3,ARC EN CIEL AVENUE DE L',43.59806,5.00952
201400013791,6,8,14,5,5,13,47,2,1,1,1,"100, FOS ROUTE DE",0.0,0.0
201400013792,20,8,14,18,1,13,47,1,1,1,3,CD16 (LE DELA),0.0,0.0
201400013793,22,8,14,12,1,13,47,1,8,1,6,"19, BELLONS CHEMIN DES",43.52881,4.97155
201400013794,4,9,14,19,1,13,47,1,1,1,3,"94, RD16 (LE DELA)",43.55069,5.01149
201400013795,10,10,14,16,1,13,47,1,1,1,3,D.5,0.0,0.0
201400013796,15,10,14,11,1,13,47,1,3,1,6,"100, MAS DE CHAUVET CHEM",0.0,0.0
201400013797,27,10,14,13,1,13,47,1,1,1,3,RD 1569,0.0,0.0
201400013798,4,12,14,17,3,13,47,1,1,2,1,"100, D.5",43.46462,5.00346
201400013799,11,12,14,19,5,13,47,2,1,1,6,"100, RAYMOND FILIPPI AVE",0.0,0.0
201400013800,13,12,14,18,5,13,47,2,1,1,6,ALDERIC CHAVE AVENUE,43.50264,4.99303
201400013801,4,1,14,20,3,13,54,1,1,2,1,"10, C D 9",43.42128,5.22872
201400013802,10,1,14,19,5,13,54,2,1,1,3,"45,AV BARRELET  HENRI",43.41676,5.21003
201400013803,12,1,14,18,5,13,102,2,2,1,3,ABBADIE  BLD,43.41577,5.24401
201400013804,13,1,14,10,1,13,54,1,1,1,4,C D 9,0.0,0.0
201400013805,17,1,14,16,1,13,54,1,1,1,2,CD9,0.0,0.0
201400013806,8,2,14,14,1,13,54,2,1,2,2,"25, SAINT PIERRE  CHE DE",43.41354,5.21139
201400013807,13,2,14,11,1,13,54,2,1,1,1,DUBOS  RUE RENE,0.0,0.0
201400013808,19,2,14,18,5,13,54,2,3,1,3,"0, SALAN  AVE GENERAL",0.0,0.0
201400013809,3,3,14,7,1,13,54,1,1,2,4,R D 9,0.0,0.0
201400013810,8,3,14,18,1,13,54,2,3,1,3,"0, BERNARD  BOULEVARD A.",43.42033,5.21958
201400013811,19,3,14,19,5,13,43,2,1,1,6,PAUL  AVENUE MARCEL,0.0,0.0
201400013812,20,3,14,12,1,13,54,2,1,1,1,DUBOS  RUE RENE,0.0,0.0
201400013813,28,3,14,9,1,13,54,2,2,1,2,SALAN  AVE GENERAL,43.40295,5.2165
201400013814,5,4,14,14,1,13,43,2,6,1,3,FRANCOIS MITTERAND  AVEN,43.39605,5.23862
201400013815,6,4,14,19,1,13,54,2,1,1,3,MARTIGUES  RTE DE,0.0,0.0
201400013816,11,4,14,21,3,13,102,2,4,1,3,JUIN  AVENUE MARECHAL,0.0,0.0
201400013817,17,4,14,8,1,13,102,2,6,1,3,ABBADIE  BLD,43.41998,5.23654
201400013818,17,4,14,15,1,13,54,2,1,1,3,DE GAULLE  AVE GAL DE,0.0,0.0
201400013819,26,4,14,23,5,13,54,2,2,2,3,RUINAT  AVENUE MARIUS,43.41564,5.21066
201400013820,29,4,14,14,1,13,54,2,1,1,5,RD9,0.0,0.0
201400013821,30,4,14,16,1,13,43,1,3,1,3,FERNANDEL  AVENUE,0.0,0.0
201400013822,11,5,14,14,1,13,54,2,2,1,3,GUYNEMER  AVENUE,0.0,0.0
201400013823,17,5,14,10,1,13,54,2,2,1,5,SALAN  AVE GENERAL,43.40368,5.21705
201400013824,7,6,14,0,4,13,54,2,1,1,6,"30, ROSTAND  RUE EDMOND",43.41586,5.20602
201400013825,10,6,14,9,1,13,54,2,1,1,6,BRUYERES  RUE DES,0.0,0.0
201400013826,10,6,14,13,1,13,54,2,3,1,3,SALAN  AVE GENERAL,43.40368,5.21705
201400013827,16,6,14,21,4,13,43,2,3,1,3,"1, POUSARAQUE  AVENUE DE",0.0,0.0
201400013828,3,7,14,14,1,13,43,1,4,1,3,RD 368,43.39487,5.20698
201400013829,2,8,14,17,1,13,43,1,1,1,3,MEDITERRANEE  AVENUE DE,0.0,0.0
201400013830,8,8,14,13,1,13,54,1,1,1,4,CD9,0.0,0.0
201400013831,14,8,14,10,1,13,54,2,2,1,6,GUYNEMER  AVENUE,43.41838,5.21827
201400013832,5,9,14,23,5,13,54,2,3,1,3,SAINT EXUPERY  RUE A.,43.41727,5.21968
201400013833,10,9,14,16,1,13,43,2,3,1,2,"96, POMPIDOU (384)",43.38751,5.21449
201400013834,11,9,14,7,1,13,54,2,4,1,3,OLIVIERS  ALLEE DES,43.41415,5.23022
201400013835,12,9,14,15,1,13,54,2,1,1,3,BARRELET  AVENUE HENRI,0.0,0.0
201400013836,15,9,14,12,1,13,43,2,1,1,7,"23, REPUBLIQUE  AVENUE D",43.39415,5.23736
201400013837,15,10,14,12,1,13,54,2,1,1,4,MAI-45 AV DU 8,0.0,0.0
201400013838,20,10,14,10,1,13,54,2,3,1,3,COUVENT  CHEMIN DU,43.41881,5.22728
201400013839,23,10,14,13,1,13,43,1,2,6,3,"000, POMPIDOU  AVENUE",43.38752,5.21447
201400013840,26,10,14,12,1,13,43,2,2,1,3,"0000, RICAUD  AVENUE JUL",0.0,0.0
201400013841,27,10,14,17,1,13,54,1,2,8,3,"00000, CD9",0.0,0.0
201400013842,28,10,14,16,1,13,54,2,3,1,6,"6, SCHWEITZER  AVENUE DU",43.41828,5.21825
201400013843,19,11,14,18,5,13,102,2,1,1,1,"00000, JUIN  AVENUE MARE",0.0,0.0
201400013844,12,12,14,16,1,13,54,2,1,1,3,DE GAULLE  AVE GAL DE,0.0,0.0
201400013845,18,12,14,19,2,13,54,2,1,1,2,CARPENTIER  AVENUE GEORG,0.0,0.0
201400013846,7,1,14,8,1,13,55,2,1,1,6,"6, RUE LAUTARD",43.30911,5.38158
201400013847,26,12,14,21,4,13,55,2,2,1,6,"89, BD LOUIS MAZAUDIER",43.31145,5.42288
201400013848,9,12,14,16,1,13,55,2,1,1,6,"12, VOI LA CANEBIERE",43.2955,5.37511
201400013849,8,12,14,18,5,13,55,2,1,1,2,"21, BD JEAN MOULIN",43.28982,5.39987
201400013850,9,12,14,10,1,13,55,2,2,1,3,"02, RUE DE VERDUN",43.29654,5.39514
201400013851,26,11,14,22,5,13,55,2,1,3,6,"01, BD D ATHENES",0.0,5.38091
201400013852,26,12,14,19,5,13,55,2,2,1,3,"49, RUE BROCHIER",43.29098,5.39211
201400013853,5,12,14,11,1,13,55,2,1,1,6,"69, PCE JEAN JAURES",43.29415,5.38601
201400013854,15,12,14,9,1,13,55,2,1,1,2,"14, AVE DE CORINTHE",43.28396,5.39027
201400013855,4,11,14,12,1,13,55,2,1,2,6,"00, BD SAKAKINI",0.0,0.0
201400013856,19,12,14,14,1,13,55,2,1,1,2,"222, RUE SAINT PIERRE",43.2927,5.40022
201400013857,19,12,14,16,1,13,55,2,1,1,2,"08, RUE DES CATALANS",43.29076,5.35591
201400013858,30,9,14,13,1,13,55,2,1,3,6,"00, RTE LEON LACHAMP",0.0,0.0
201400013859,24,12,14,11,1,13,55,2,1,1,6,"36, TRA DE LA MONTRE",43.29401,5.47447
201400013860,28,12,14,19,3,13,55,2,1,1,2,"00, RUE BELLE OMBRE",43.26948,5.40842
201400013861,18,12,14,11,1,13,55,2,1,1,6,"70, AVE ANDRE ZENATTI",43.24634,5.38774
201400013862,29,12,14,11,1,13,55,2,1,1,6,"15, BD DES DAMES",43.30209,5.37117
201400013863,19,12,14,14,1,13,55,2,1,1,6,"54, RUE FRANCOIS ARAGO",43.28967,5.39117
201400013864,16,8,14,9,1,13,55,2,6,1,3,"00, RPT PIERRE PARAF",43.32966,5.38821
201400013865,4,12,14,16,1,13,55,2,1,2,6,"07, CHE DE SAINT JOSEPH",43.34184,5.38648
201400013866,23,12,14,6,3,13,55,2,2,1,3,"57, RUE ALPHONSE DAUDET",43.31908,5.40816
201400013867,22,12,14,19,5,13,55,2,1,1,6,"00, BD HENRI BARNIER",0.0,0.0
201400013868,25,12,14,13,1,13,55,2,3,1,6,"01, BD SIMON BOLIVAR",43.3411,5.37721
201400013869,23,12,14,10,1,13,55,2,1,1,6,"18, VSN ROSE A LA GRAVE",0.0,0.0
201400013870,8,12,14,16,1,13,55,2,1,1,7,"278, AVE DE LA CROIX ROU",0.0,0.0
201400013871,18,12,14,14,1,13,55,2,1,1,7,"0.3, PCE SADI CARNOT",43.29939,5.37159
201400013872,12,12,14,16,1,13,55,2,1,1,6,"10, BD VOLTAIRE",43.30208,5.38258
201400013873,12,10,14,18,1,13,55,2,1,1,6,"30, BD MICHELET",43.27075,5.39226
201400013874,13,12,14,15,1,13,55,2,1,1,6,"71, RUE D' ITALIE",43.28822,5.3833
201400013875,22,12,14,14,1,13,55,2,1,1,6,"11, RUE DES TROIS FRERES",43.2927,5.38448
201400013876,19,12,14,14,1,13,55,2,1,1,6,"433, RUE DE LYON",43.34219,5.35987
201400013877,14,10,14,11,1,13,55,2,1,1,6,"36, BD CHARLES LIVON",43.29221,5.36045
201400013878,8,12,14,9,1,13,55,2,1,1,6,"06, ALL LEON GAMBETTA",43.29911,5.38115
201400013879,10,12,14,12,1,13,55,2,1,1,6,"144, BD BAILLE",43.28826,5.3926
201400013880,17,10,14,13,1,13,55,2,1,1,7,"00, BD SCHLOESING",0.0,0.0
201400013881,5,12,14,18,5,13,2,2,1,8,4,"00, CANTON VERT (AVENUE",0.0,0.0
201400013882,19,12,14,16,1,13,55,2,1,1,6,"780, AVE DU VINGT QUATRE",0.0,0.0
201400013883,29,12,14,15,1,13,55,2,1,1,6,"34, BD DE PLOMBIERES",43.31545,5.38655
201400013884,19,12,14,15,1,13,55,2,1,1,1,"67, CHE DE LA PARETTE",0.0,0.0
201400013885,20,12,14,0,5,13,55,2,1,1,7,"131, COR PRESIDENT JOHN",43.28699,5.3519
201400013886,20,12,14,1,5,13,55,2,1,1,2,"44, BD NOTRE DAME",43.28837,5.37317
201400013887,31,12,14,13,1,13,55,2,4,1,6,"00, QAI DE RIVE NEUVE",43.29222,5.36321
201400013888,12,12,14,13,1,13,55,2,1,2,6,"22, ALL LEON GAMBETTA",43.29909,5.38218
201400013889,24,12,14,11,1,13,55,2,1,1,6,"08, RUE SAINTE BARBE",43.29976,5.37429
201400013890,26,11,14,18,5,13,2,2,1,2,7,"08, BON RENCONTRE (CHEMI",43.35208,5.47848
201400013891,8,12,14,18,5,13,55,2,1,1,2,"01, CV DU RUISSEAU MIRAB",43.35103,5.35379
201400013892,27,12,14,12,1,13,55,2,1,1,4,"182, CHE DE GIBBES",43.32659,5.38404
201400013893,18,12,14,11,1,13,55,2,1,1,6,"75, RUE DU DOCTEUR ESCAT",43.28305,5.38047
201400013894,20,12,14,13,1,13,55,2,1,1,2,"140, AVE DU PRADO",43.27977,5.38686
201400013895,20,11,14,1,5,13,55,2,1,1,6,"410, RUE PARADIS",43.27615,5.38405
201400013896,30,12,14,17,2,13,55,2,1,1,6,"282, BD MIREILLE LAUZE",43.28495,5.42177
201400013897,27,12,14,17,2,13,55,2,1,1,6,"01, AVE MILLIE MATHYS",0.0,0.0
201400013898,5,10,14,19,1,13,55,2,1,1,4,"261, AVE DE LA VISTE",0.0,0.0
201400013899,20,11,14,21,5,13,55,2,1,2,1,"23, AVE DESIRE BIANCO",43.28635,5.42553
201400013900,24,12,14,18,5,13,55,2,2,1,6,"132, BD ROMAIN ROLLAND",43.27376,5.41387
201400013901,10,1,14,7,2,13,55,2,1,1,2,AVE ALEXANDRE FLEMING,0.0,0.0
201400013902,3,1,14,16,5,13,55,2,2,1,3,"140, AVE DU PRADO",43.27986,5.38682
201400013903,3,1,14,6,5,13,55,2,1,1,3,"546, BD MIREILLE LAUZE",43.28877,5.43652
201400013904,1,1,14,6,5,13,55,2,6,1,7,RPT PERE WRESINKI,0.0,0.0
201400013905,3,1,14,15,1,13,55,2,1,1,6,"129, CHE DE SAINT JOSEPH",43.3458,5.38179
201400013906,3,1,14,19,3,13,55,2,1,1,6,"315, BD NATIONAL",43.31272,5.37587
201400013907,5,1,14,23,5,13,55,2,1,2,1,BD LEDRU ROLLIN,0.0,0.0
201400013908,12,10,14,0,5,13,55,2,1,1,6,"00, RTE LEON LACHAMP",0.0,0.0
201400013909,5,1,14,3,5,13,55,2,2,3,6,BD DU MARECHAL JUIN,43.3138,5.40579
201400013910,31,12,14,23,5,13,55,2,1,1,6,"156, BD RABATAU",0.0,0.0
201400013911,4,7,14,21,5,13,55,2,1,1,6,"340, AVE DE LA CAPELETTE",43.27982,5.41613
201400013912,27,10,14,15,1,13,55,2,1,1,6,"41, BD CHARLES MORETTI",43.32377,5.38443
201400013913,13,1,14,19,5,13,55,2,2,3,3,RUE DE RUFFI,0.0,0.0
201400013914,3,1,14,23,5,13,55,2,1,1,6,"117, AVE DE SAINT LOUIS",43.34692,5.35914
201400013915,16,1,14,8,1,13,55,2,1,2,6,"02, RUE FAUCHIER",43.30487,5.37271
201400013916,30,12,14,13,1,13,55,2,3,1,6,QAI D ARENC,43.31326,5.36631
201400013917,6,1,14,18,5,13,55,2,1,1,6,"72, RUE FRANCOIS MAURIAC",43.27364,5.41978
201400013918,5,11,14,16,1,13,55,2,3,1,1,"47, CRS LIEUTAUD",0.0,0.0
201400013919,4,11,14,9,1,13,55,2,1,2,6,"49, RUE DES TROIS FRERES",43.29332,5.38622
201400013920,28,12,14,6,5,13,55,2,1,1,7,"00, TUN TUNNEL ST CHARLE",0.0,0.0
201400013921,16,1,14,12,1,13,55,2,1,1,2,"1, VOL PLOMBIERES FERDIN",0.0,0.0
201400013922,1,1,14,16,1,13,55,2,1,1,3,"19, AVE DE LA MARTHELINE",43.24647,5.39881
201400013923,12,11,14,11,1,13,55,2,1,8,6,"18, AVE DE VALDONNE",0.0,0.0
201400013924,31,12,14,21,5,13,55,2,1,1,6,"05, BD GARIBALDI",43.29693,5.38117
201400013925,4,1,14,6,3,13,55,2,2,2,3,"4, BD GILLIBERT",43.26483,5.40934
201400013926,17,1,14,21,5,13,55,2,1,1,6,"76, AVE DES CHUTES LAVIE",43.31444,5.39754
201400013927,21,1,14,19,5,13,55,2,3,1,3,"16, CRS FRANKLIN ROOSEVE",43.29904,5.38663
201400013928,19,1,14,20,5,13,55,2,2,2,3,"49, RUE BRETEUIL",43.29025,5.37585
201400013929,22,11,14,12,1,13,55,2,1,1,6,"000, RUE PARADIS",0.0,0.0
201400013930,14,1,14,21,5,13,55,2,1,1,5,BD DE LA CORDERIE,43.29023,5.36866
201400013931,8,1,14,19,5,13,55,2,1,1,3,"03, RTE D ENCO DE BOTTE",43.31284,5.46524
201400013932,9,1,14,18,5,13,55,2,1,8,3,"41, AVE LOUIS MALOSSE",0.0,0.0
201400013933,12,1,14,16,1,13,55,2,1,1,3,"146, BD DE LA VALBARELLE",43.28833,5.4514
201400013934,13,1,14,15,5,13,55,2,1,2,2,AVE DES PEINTRES ROUX,0.0,0.0
201400013935,14,1,14,13,1,13,55,2,1,1,3,"15, BD JEAN EUGENE CABAS",43.2859,5.41288
201400013936,21,1,14,17,1,13,55,2,1,1,1,"108, AVE DU PRADO",43.28111,5.38608
201400013937,22,1,14,1,3,13,55,2,1,1,6,"50, CHE DE LA MADRAGUE V",43.32152,5.36496
201400013938,12,1,14,8,1,13,75,2,1,1,7,"55, PAUL SIRVENT (AVE)",43.34277,5.46946
201400013939,14,1,14,16,1,13,55,2,1,1,4,"164, BD DE PLOMBIERES",43.31867,5.37962
201400013940,17,1,14,18,2,13,55,2,1,1,1,RUE DES MUSARDISES,0.0,0.0
201400013941,30,12,14,19,5,13,55,2,1,1,6,"262, RUE PARADIS",43.28147,5.38183
201400013942,22,1,14,8,1,13,55,2,1,1,1,"1, AVE DU CAP PINEDE ROC",43.32898,5.36563
201400013943,9,1,14,16,1,13,55,1,1,1,1,VSN CAP JANET CHE,0.0,0.0
201400013944,26,1,14,23,3,13,55,2,1,1,2,"1, AVE DU CAP PINEDE ROC",0.0,0.0
201400013945,28,10,14,15,1,13,55,2,1,1,6,"08, BD DUGOMMIER",43.29829,5.38096
201400013946,18,1,14,19,5,13,55,2,1,2,1,CHE DES JONQUILLES,0.0,0.0
201400013947,8,1,14,7,2,13,55,2,1,1,6,"04, CHE DE SAINT ANTOINE",43.34973,5.37515
201400013948,28,1,14,9,1,13,55,2,1,1,6,"142, AVE PIERRE MENDES F",43.25683,5.37647
201400013949,15,1,14,13,1,13,55,2,1,1,3,"105, CRS LIEUTAUD",43.28913,5.38408
201400013950,12,1,14,17,1,13,55,2,3,1,6,"146, RUE DE ROME",43.2887,5.3822
201400013951,5,11,14,13,1,13,55,2,1,1,6,"01, AVE FLORIAN",43.28171,5.42755
201400013952,16,1,14,13,1,13,55,2,1,8,3,AVE ESCADRILLE NORMANDIE,0.0,0.0
201400013953,9,1,14,18,5,13,55,2,1,1,3,"84, AVE DU MERLAN",43.33909,5.40802
201400013954,5,1,14,12,1,13,55,2,3,1,6,"111, RUE DE L' EVECHE",43.30242,5.36736
201400013955,7,1,14,16,1,13,55,2,1,1,6,"75, BD LOUIS VILLECROZE",43.32025,5.39198
201400013956,13,1,14,10,1,13,55,2,1,1,6,"106, RUE D' ITALIE",43.28657,5.38442
201400013957,8,1,14,21,5,13,55,2,1,1,7,"30, RTE DE LA SABLIERE",43.29233,5.47937
201400013958,11,12,14,19,5,13,55,2,3,1,6,"40, RUE CHATEAU PAYAN",43.29106,5.38904
201400013959,14,1,14,18,2,13,55,2,1,2,3,"55, CV DE MORGIOU",0.0,0.0
201400013960,16,1,14,8,1,13,55,2,1,2,4,"69, AVE DE LATTRE DE TAS",43.24657,5.40819
201400013961,22,1,14,21,5,13,55,2,3,1,1,CHE DE LA MILLIERE A S,43.28924,5.4992
201400013962,9,1,14,10,1,13,55,2,1,1,7,CV DE L' ARGILE,0.0,0.0
201400013963,10,1,14,10,1,13,55,2,1,2,7,"120, BD RABATAU",43.27796,5.39922
201400013964,16,1,14,8,1,13,55,2,1,3,7,"12, BD FERNAND BONNEFOY",0.0,0.0
201400013965,4,12,14,9,1,13,55,2,1,1,6,"00, RUE DE SUEZ",0.0,0.0
201400013966,17,1,14,14,1,13,55,2,6,1,2,AVE SALVADOR ALLENDE,43.33038,5.38906
201400013967,3,1,14,14,1,13,2,2,2,1,3,"4, GUSTAVE RAMBERT (BOUL",0.0,0.0
201400013968,5,1,14,17,5,13,75,2,1,1,1,"1, PAUL SIRVENT (AVE)",43.34501,5.46134
201400013969,8,1,14,7,2,13,55,1,3,1,3,BD SIMON BOLIVAR,43.3432,5.37586
201400013970,8,1,14,11,1,13,55,2,1,1,6,"89, AVE DES CAILLOLS",43.30357,5.43132