Num_Acc,jour,mois,an,hr,condition_eclairage,departement,commune,condition_agglomeration,intersection,condition_atmosphere,type_collision,adresse,lattitude,longitude
201400013971,11,1,14,0,5,13,2,2,6,1,7,"1,AV GENERAL LECLERC",43.33966,5.48434
201400013972,11,1,14,15,1,13,2,2,1,1,6,"12, JEAN GIONO (AVENUE)",43.3341,5.4801
201400013973,13,1,14,17,1,13,2,2,1,3,6,"563, SALVATORE ALLENDE (",43.35251,5.48145
201400013974,15,1,14,7,2,13,55,2,1,1,6,"205, AVE DU VINGT QUATRE",0.0,0.0
201400013975,18,1,14,18,5,13,75,2,1,3,7,"90, FREDERIC CHEVILLON",43.34812,5.46476
201400013976,8,1,14,12,1,13,55,2,3,1,2,"347, AVE DE SAINT ANTOIN",43.38028,5.35742
201400013977,18,1,14,15,1,13,55,2,2,3,3,"1, RUE DE ROUBAIX",43.32232,5.4127
201400013978,19,1,14,7,1,13,55,2,3,2,2,"41, BD SIMON BOLIVAR",43.34521,5.37822
201400013979,25,1,14,14,1,13,55,2,1,1,6,RUE ALBERT MARQUET,0.0,0.0
201400013980,8,12,14,21,5,13,55,2,6,1,6,"01, RPT PERE WRESINKI",43.33033,5.40969
201400013981,29,1,14,7,1,13,55,2,1,2,1,AVE DE LA CAPELETTE,43.27934,5.41142
201400013982,17,1,14,14,1,13,55,2,2,1,3,"8, PCE DE LA GARE DE L'",43.28123,5.42696
201400013983,3,2,14,9,1,13,55,2,3,1,6,"01, AVE MERLEAU PONTY",43.33745,5.42089
201400013984,1,1,14,3,5,13,55,2,3,1,2,"13, RTE D ENCO DE BOTTE",43.3136,5.46578
201400013985,7,1,14,19,4,13,55,2,1,1,6,AVE DU MARECHAL FOCH,0.0,0.0
201400013986,19,1,14,13,1,13,55,2,1,2,1,"44, RUE DU RACATI",43.30664,5.37565
201400013987,20,1,14,16,1,13,55,2,1,1,3,AVE JEAN PAUL SARTRE,0.0,0.0
201400013988,11,1,14,13,1,13,55,2,3,1,3,"12, RUE DE LA GRANDE ARM",43.30028,5.38418
201400013989,22,1,14,14,1,13,55,2,1,1,6,RUE BENEDIT,43.30641,5.39309
201400013990,15,1,14,12,1,13,55,2,1,1,2,"341, CHE DE LA MADRAGUE",43.33782,5.35774
201400013991,4,1,14,14,1,13,55,2,1,2,7,"252, AVE DES CAILLOLS",43.30224,5.44529
201400013992,25,1,14,19,5,13,55,2,9,1,6,"24, RUE ALBERT EINSTEIN",43.33361,5.4312
201400013993,20,1,14,12,1,13,55,2,3,1,7,"104, RUE FELIX PYAT",43.3166,5.37414
201400013994,5,8,14,20,1,13,55,2,1,1,6,"00, RUE ESPERANDIEU",0.0,0.0
201400013995,25,1,14,15,1,13,55,2,1,1,2,"1, BD DE PLOMBIERES AERI",0.0,0.0
201400013996,10,1,14,9,1,13,55,2,2,1,2,"62, RUE CONSOLAT",43.30064,5.38833
201400013997,13,1,14,14,5,13,55,2,1,2,3,"960, BD DE LA LIBERATION",0.0,0.0
201400013998,25,1,14,12,1,13,55,2,2,1,3,RUE BEL AIR,43.28958,5.3824
201400013999,26,1,14,16,1,13,55,2,1,1,2,"12, QAI DE RIVE NEUVE",43.29334,5.37108
201400014000,16,1,14,17,2,13,55,2,1,2,5,"368, BD HENRI BARNIER",43.36073,5.34258
201400014001,16,1,14,20,5,13,55,2,1,2,3,"44, BD FERDINAND DE LESS",43.32087,5.37481
201400014002,27,11,14,11,1,13,2,2,3,1,6,"01, ANGE MARTIN  (BOULEV",0.0,0.0
201400014003,20,1,14,10,1,13,55,2,1,2,2,AVE JEAN PAUL SARTRE,0.0,0.0
201400014004,24,1,14,15,1,13,55,2,1,1,3,"60, RUE DE LA REPUBLIQUE",43.30089,5.37046
201400014005,22,1,14,12,1,13,55,2,1,1,3,"17, AVE CAMILLE PELLETAN",43.3031,5.374
201400014006,23,1,14,16,1,13,55,2,6,1,6,"1, RUE LOUIS REYBAUD",43.29737,5.42698
201400014007,1,12,14,2,5,13,55,2,1,2,7,"122, AVE DES PEINTRES RO",43.30297,5.47384
201400014008,24,1,14,11,1,13,55,2,1,1,6,BD DE LA BOUGIE,0.0,0.0
201400014009,27,1,14,16,1,13,55,2,3,1,3,"243, AVE ROGER SALENGRO",43.32056,5.36757
201400014010,22,1,14,13,1,13,55,2,1,1,6,", RUE PEYSSONNEL",0.0,0.0
201400014011,18,1,14,9,1,13,55,2,1,2,7,CHE DU LITTORAL,0.0,0.0
201400014012,28,1,14,13,1,13,55,2,1,1,6,RUE BOISSELOT,0.0,0.0
201400014013,23,2,14,19,5,13,55,2,1,8,2,"01, BD DE PLOMBIERES",0.0,0.0
201400014014,14,1,14,12,1,13,55,2,1,1,1,VSN ROVE ANC CHE DU,0.0,0.0
201400014015,5,2,14,23,5,13,55,2,3,1,1,"77, BD DE PLOMBIERES",43.31608,5.38401
201400014016,30,1,14,8,1,13,106,2,1,3,3,NELSON MANDELA (AVENUE),43.40841,5.36648
201400014017,1,2,14,8,1,13,106,2,1,3,1,"00, NELSON MANDELA (AVEN",0.0,0.0
201400014018,13,1,14,11,1,13,55,2,1,1,3,"37, RUE FALQUE",43.28414,5.38193
201400014019,5,2,14,7,1,13,55,2,1,3,6,"74, BD DE SAINT LOUP",0.0,0.0
201400014020,27,1,14,16,1,13,55,2,1,1,4,"161, BD ROMAIN ROLLAND",43.27635,5.41818
201400014021,21,10,14,22,5,13,55,2,1,1,7,"76B, AVE JEAN LOMBARD",43.28893,5.43092
201400014022,14,1,14,17,2,13,55,2,1,2,1,"95, BD VAUBAN",43.28274,5.3743
201400014023,31,7,14,0,5,13,55,2,1,1,7,"88, BD DE LA MILLIERE",0.0,0.0
201400014024,17,1,14,12,1,13,55,2,1,1,2,"11, BD DU METRO",43.3344,5.42877
201400014025,9,2,14,10,1,13,55,2,2,1,3,"00, BD MIREILLE LAUZE",43.28332,5.41281
201400014026,9,2,14,17,1,13,55,2,1,1,6,"11, AVE D' AIR BEL",0.0,0.0
201400014027,27,1,14,13,1,13,55,2,1,1,3,"41, BD CHARLES MORETTI",43.32383,5.38442
201400014028,6,2,14,12,1,13,55,2,1,1,6,"01, BD DU BOSPHORE",0.0,0.0
201400014029,28,1,14,12,1,13,55,2,1,1,2,"210, AVE DE SAINT LOUIS",43.35067,5.35868
201400014030,9,1,14,11,1,13,55,2,1,1,2,"9, RUE SAINT PIERRE",43.29378,5.38732
201400014031,27,1,14,18,5,13,55,2,1,1,3,"1, PRO GEORGES POMPIDOU",0.0,0.0
201400014032,29,1,14,22,5,13,55,2,2,1,6,"83, BD DE STRASBOURG",43.30904,5.3784
201400014033,1,2,14,5,5,13,55,2,2,1,3,"00, RUE CHARRAS",43.29073,5.35736
201400014034,20,1,14,10,1,13,55,1,1,1,7,VSN LEON LACHAMP (RTE),0.0,0.0
201400014035,22,1,14,9,1,13,55,2,1,1,3,"386, RUE PARADIS",43.27745,5.38351
201400014036,26,1,14,14,1,13,55,2,1,1,6,"78, BD DE SAINT LOUP",43.28241,5.43063
201400014037,4,2,14,10,1,13,55,2,2,1,6,"144, AVE DU PRADO",43.28039,5.38719
201400014038,13,1,14,19,5,13,55,1,1,1,3,"53, RUE GASTON DE FLOTTE",43.29677,5.42752
201400014039,21,1,14,9,1,13,55,2,1,1,7,"112, CHE DE LA PARETTE",43.29083,5.42638
201400014040,22,1,14,11,1,13,55,2,1,1,3,"17, RUE SAINT PIERRE",43.29373,5.38751
201400014041,27,1,14,6,5,13,55,2,1,1,3,"1, AVE FLORIAN",43.28348,5.427
201400014042,26,1,14,17,4,13,55,2,9,1,3,BD ROLAND DORGELES,0.0,0.0
201400014043,27,1,14,13,1,13,55,2,1,1,6,"529, CHE DE LA MADRAGUE",43.34656,5.35418
201400014044,28,1,14,18,5,13,75,2,3,2,3,"98, FREDERIC MISTRAL (AV",43.35113,5.47181
201400014045,13,2,14,16,1,13,55,2,1,1,6,"18, AVE PROSPER MERIMEE",43.32817,5.39805
201400014046,12,2,14,16,1,13,55,2,3,1,6,"75, BD JEANNE D' ARC",43.29327,5.40403
201400014047,13,2,14,5,5,13,55,2,2,1,6,"29, BD FRANCOISE DUPARC",43.30193,5.40053
201400014048,13,2,14,22,5,13,55,2,1,1,6,"50, BD DE LA BARASSE RN",43.28618,5.47722
201400014049,12,11,14,19,5,13,55,2,1,1,6,AVE ARNAVON,0.0,0.0
201400014050,13,11,14,10,1,13,55,2,3,1,1,"00, BD ROMAIN ROLLAND",43.2707,5.4076
201400014051,26,1,14,7,5,13,55,2,2,1,3,"00, RUE PIERRE DUPRE",43.2814,5.38324
201400014052,14,2,14,9,1,13,55,2,3,1,6,"84, RUE SAINT ANTOINE",43.37036,5.35625
201400014053,26,11,14,18,5,13,55,2,1,3,6,"270, BD PAUL CLAUDEL",0.0,0.0
201400014054,15,2,14,15,1,13,55,2,1,1,6,"31, RUE DE LA REINE ELIS",43.2968,5.37437
201400014055,15,2,14,9,5,13,55,2,2,1,6,"03, AVE DE LA ROSE",43.32622,5.42073
201400014056,16,2,14,11,1,13,55,2,1,1,6,"35, BD BERNABO",0.0,0.0
201400014057,14,2,14,21,5,13,55,2,1,1,6,"00, RUE RENE CASSIN",0.0,0.0
201400014058,17,2,14,15,1,13,55,2,1,1,6,"63, VOI LA CANEBIERE",43.29691,5.37909
201400014059,17,2,14,18,5,13,55,2,1,1,1,RTE LEON LACHAMP,43.24655,5.44765
201400014060,6,2,14,23,1,13,55,2,1,1,6,"42, RUE EDMOND ROSTAND",43.28717,5.3808
201400014061,2,2,14,17,2,13,55,2,1,1,6,"35, RUE GRAND RUE",43.29775,5.37091
201400014062,3,2,14,17,1,13,55,2,1,1,6,"03, RUE BELLE DE MAI",43.30824,5.38182
201400014063,19,1,14,21,5,13,55,2,1,2,2,"107, BD SAKAKINI",43.29249,5.40129
201400014064,8,2,14,23,5,13,55,2,1,8,6,"40, RUE FELIX PYAT",43.31426,5.37604
201400014065,9,1,14,11,1,13,55,2,1,1,7,"526, RUE PARADIS",43.27189,5.38588
201400014066,9,1,14,13,1,13,55,2,6,1,2,"1, PLACE LOUIS BONNEFON",43.25422,5.38173
201400014067,10,1,14,8,1,13,55,2,3,1,3,"1, BD DE LA VERRERIE",43.235,5.36024
201400014068,10,1,14,19,5,13,55,2,1,1,6,"256, BD PAUL CLAUDEL",43.26899,5.42201
201400014069,11,1,14,9,1,13,55,2,1,1,2,"1, RUE DU COMMANDANT ROL",43.27892,5.38215
201400014070,13,1,14,17,5,13,55,2,1,2,3,"1, AVE DE LA BARQUIERE",0.0,0.0
201400014071,13,1,14,16,1,13,55,2,1,2,3,"00, RTE LEON LACHAMP",0.0,0.0
201400014072,22,1,14,9,1,13,55,2,1,1,6,"03, RUE CHALUSSET",0.0,0.0
201400014073,24,1,14,9,1,13,55,2,1,1,6,"21, RUE DE PROVENCE",43.30174,5.39708
201400014074,8,2,14,13,1,13,55,2,1,1,6,"01, RPT PERE WRESINKI",0.0,0.0
201400014075,13,2,14,20,5,13,55,2,1,1,2,"03, AVE FRANCOIS MIGNET",43.32967,5.42729
201400014076,14,1,14,10,1,13,2,2,1,1,6,"702, GENERAL MONTSABERT",43.35576,5.48688
201400014077,24,1,14,14,1,13,55,2,3,1,3,"26, RUE GUIBAL",43.30633,5.38509
201400014078,26,1,14,16,1,13,55,2,1,1,3,"83, AVE DU CAP PINEDE RO",0.0,0.0
201400014079,8,2,14,19,5,13,55,2,1,2,6,"107, AVE DES OLIVES",43.32806,5.43679
201400014080,12,2,14,8,1,13,55,2,1,1,6,"53, AVE DE FRAIS VALLON",0.0,0.0
201400014081,12,2,14,11,1,13,55,2,1,1,2,"128, RUE DE LYON",43.32745,5.36617
201400014082,13,2,14,2,5,13,55,2,1,1,7,"01, QAI D ARENC",0.0,0.0
201400014083,29,1,14,0,5,13,55,2,1,3,7,RPT LIEUTENANT COLONEL P,0.0,0.0
201400014084,30,1,14,11,1,13,55,2,1,3,3,"41, AVE DE SAINT BARNABE",43.30409,5.41081
201400014085,17,1,14,17,5,13,55,2,6,1,7,CHE DU LANCIER,43.24606,5.39514
201400014086,8,2,14,14,1,13,55,2,1,2,1,"08, RUE DU CARGO RHIN FI",43.32741,5.35527
201400014087,8,2,14,20,3,13,55,2,1,2,6,"327, RUE DE LYON",43.33722,5.36277
201400014088,19,2,14,20,5,13,55,2,1,1,6,"00, AVE JEAN PAUL SARTRE",0.0,0.0
201400014089,13,1,14,20,5,13,55,2,1,2,4,"01, AVE DU PRADO",43.28552,5.38431
201400014090,6,2,14,21,5,13,55,2,1,1,6,"145, BD RABATAU",0.0,0.0
201400014091,2,2,14,18,5,13,55,2,6,1,3,"01, RPT DU PRADO",43.27266,5.39155
201400014092,11,2,14,5,3,13,55,2,1,1,6,"00, CHE DE LA PELOUQUE",0.0,0.0
201400014093,20,2,14,11,1,13,55,2,1,1,2,"01, BD FERDINAND DE LESS",43.3191,5.36759
201400014094,21,2,14,21,5,13,55,1,3,1,3,"00, RUE JEAN QUEILLAU",43.33199,5.38661
201400014095,13,2,14,12,1,13,55,2,1,1,6,"60, AVE JEAN LOMBARD",43.28894,5.43043
201400014096,28,1,14,13,1,13,55,2,1,1,3,"32, BD FERNAND BONNEFOY",43.28039,5.40068
201400014097,10,2,14,17,1,13,55,2,1,2,6,"181, RUE LE CHATELIER",43.34895,5.37388
201400014098,15,2,14,15,1,13,106,2,1,1,2,"20, 8 MAI 1945 (AVENUE D",43.38803,5.35999
201400014099,21,2,14,16,1,13,55,2,1,1,2,"38, AVE DES ARNAVAUX",0.0,0.0
201400014100,25,1,14,8,1,13,55,2,1,1,2,"175, BD BAILLE",43.28986,5.39836
201400014101,14,2,14,13,1,13,55,2,1,1,6,"02, RUE PEYRONNET",43.2797,5.36244
201400014102,6,2,14,8,1,13,55,2,1,1,6,"01, RPT ANDRE ROUSSIN CO",0.0,0.0
201400014103,6,2,14,17,1,13,55,2,1,1,6,"1820, RUE MARIUS BRIATA",0.0,0.0
201400014104,17,2,14,9,1,13,55,2,1,1,3,"00, RPT JEAN MOULIN ST P",0.0,0.0
201400014105,6,1,14,8,1,13,55,2,1,1,3,RTE DES TROIS LUCS A LA,0.0,0.0
201400014106,6,2,14,9,1,13,55,2,1,1,6,"75, BD CHARLES LIVON",43.292,5.35903
201400014107,17,1,14,11,1,13,55,2,1,1,2,"0, RUE DE LA CREDENCE",0.0,0.0
201400014108,22,1,14,16,1,13,55,2,1,1,5,"323, BD MICHELET",43.25881,5.3993
201400014109,14,2,14,2,5,13,55,2,2,1,3,"81, RUE SAINTE",43.2915,5.37084
201400014110,23,2,14,17,1,13,55,2,1,1,1,"29, BD DE LA COMTESSE",43.31359,5.44741
201400014111,9,1,14,8,1,13,55,2,1,1,1,"101, AVE DU PRADO",43.28087,5.38692
201400014112,17,1,14,7,1,13,55,2,1,2,3,"15, AVE DE LATTRE DE TAS",43.24975,5.40474
201400014113,31,1,14,10,1,13,55,2,1,1,5,"33, BD DU CABOT",43.25931,5.41666
201400014114,10,2,14,14,1,13,55,2,1,2,6,"230, BD PERIER",43.27775,5.3755
201400014115,17,2,14,14,1,13,55,2,3,1,6,"01, BD JOURDAN",43.33403,5.39097
201400014116,20,1,14,14,1,13,55,2,2,1,3,"10, BD DE LA LIBERTE",43.30081,5.38164
201400014117,22,1,14,8,1,13,55,2,1,1,2,"174, BD DE LA LIBERATION",43.30225,5.39514
201400014118,10,2,14,17,1,13,55,2,1,2,2,"10, CRS FRANKLIN ROOSEVE",43.29902,5.38644
201400014119,12,2,14,18,1,13,55,2,1,1,6,"11, CRS LIEUTAUD",43.29495,5.38185
201400014120,11,2,14,17,1,13,55,2,2,1,3,"09, RUE DE LA REPUBLIQUE",43.29692,5.37363
201400014121,29,1,14,8,1,13,55,2,1,1,6,VSN MIREILLE LAUZE BD,0.0,0.0
201400014122,3,2,14,12,1,13,55,2,1,1,6,BD ACHILLE MARCEL,0.0,0.0
201400014123,12,1,14,14,1,13,55,2,1,1,6,"51, RUE DU DOCTEUR LEON",43.3155,5.38924
201400014124,11,2,14,17,1,13,55,2,1,1,6,"35, RUE LOUIS REYBAUD",43.29794,5.4256
201400014125,4,2,14,13,1,13,55,2,1,1,6,"18, BD BARRY",43.317,5.40848
201400014126,24,1,14,8,1,13,55,2,1,1,2,"ns4, RUE BERTHE SYLVA",0.0,0.0
201400014127,4,2,14,16,1,13,55,2,3,1,1,"24, AVE DU MERLAN",43.33355,5.40739
201400014128,4,2,14,19,5,13,55,2,1,1,2,"52, BD DU CAPITAINE GEZE",43.33082,5.37232
201400014129,12,2,14,8,1,13,55,2,1,1,6,"49, BD FERDINAND DE LESS",43.3217,5.37595
201400014130,12,2,14,2,1,13,55,2,1,1,2,"274, AVE DE SAINT ANTOIN",43.37504,5.35577
201400014131,16,2,14,16,1,13,55,2,4,1,6,"60, AVE PROSPER MERIMEE",43.33066,5.40479
201400014132,19,2,14,14,1,13,55,2,1,1,6,"26, RUE SAINTE BAUME",43.28689,5.40044
201400014133,19,2,14,17,1,13,55,1,1,1,6,"06, AVE DE SAINT JULIEN",43.30446,5.41479
201400014134,14,2,14,12,1,13,55,2,1,1,6,"05, AVE DE DELPHES",43.28493,5.38824
201400014135,17,1,14,21,5,13,55,2,1,1,2,"1, CHE DE SAINT ANTOINE",0.0,0.0
201400014136,22,2,14,0,5,13,75,2,1,1,1,"26, JEAN GIONO (AVE)",43.34606,5.45718
201400014137,27,2,14,22,5,13,55,2,2,1,1,"76, RUE DE LODI",43.28915,5.38745
201400014138,27,2,14,22,5,13,55,2,1,1,2,"32, AVE DU DOCTEUR HECKE",43.28859,5.44159
201400014139,2,3,14,17,1,13,55,2,1,1,2,"487, RUE JEAN QUEILLAU",43.33945,5.38652
201400014140,4,3,14,8,1,13,55,2,1,1,6,"25, BD BOUES",43.31146,5.38283
201400014141,12,1,14,14,1,13,55,2,2,1,3,"00, RUE CONSOLAT",43.30064,5.38834
201400014142,24,1,14,13,1,13,55,2,1,1,6,"0, QAI DES BELGES",0.0,0.0
201400014143,18,2,14,15,1,13,55,1,1,1,6,"01, RUE BRETEUIL",43.29279,5.37478
201400014144,19,2,14,16,2,13,55,2,1,1,6,"05, BD D ATHENES",43.29999,5.38072
201400014145,24,2,14,9,1,13,55,2,1,1,6,"212 BIS, AVE JULES CANTI",43.27875,5.39683
201400014146,23,2,14,14,1,13,55,2,1,1,6,"227, RUE DU TERRAIL",0.0,0.0
201400014147,24,1,14,15,1,13,55,2,2,1,6,"53, CRS FRANKLIN ROOSEVE",43.2989,5.38903
201400014148,22,2,14,17,1,13,55,2,3,1,3,"58, AVE DES CHARTREUX",43.30463,5.39882
201400014149,27,2,14,20,5,13,55,2,1,2,2,"122, AVE DE LA VISTE",43.35931,5.35763
201400014150,23,2,14,13,1,13,55,2,3,1,3,"69, BD FRANCOISE DUPARC",43.30453,5.40085
201400014151,7,2,14,14,1,13,55,2,1,1,6,"52, BD PERIER",43.27933,5.38408
201400014152,7,2,14,20,5,13,55,2,1,8,6,"283, AVE DU PRADO",43.27321,5.39124
201400014153,14,2,14,22,5,13,55,1,1,1,3,"01, PCE ERNEST DELIBES",0.0,0.0
201400014154,15,2,14,20,5,13,55,2,1,1,6,"45, AVE DE LA POINTE ROU",0.0,0.0
201400014155,6,2,14,8,1,13,55,1,1,1,6,"82, AVE DE HAMBOURG",43.25073,5.38848
201400014156,6,1,14,11,1,13,55,2,1,1,6,"25, RUE PIERRE DUPRE",43.28163,5.38417
201400014157,9,1,14,8,1,13,55,2,1,1,6,"04, BD GASTON CREMIEUX",43.27876,5.38047
201400014158,1,2,14,4,5,13,55,2,1,1,2,"265 , AVE DU PRADO",43.27394,5.39083
201400014159,6,2,14,15,1,13,55,2,1,1,6,"00, BD DU SABLIER",0.0,0.0
201400014160,5,2,14,9,1,13,55,2,1,3,5,"559, RTE A CASSIS",0.0,0.0
201400014161,5,2,14,16,1,13,55,2,1,1,6,"00, BD MICHELET",0.0,0.0
201400014162,6,2,14,11,1,13,55,1,1,1,3,"325, AVE DU PRADO",0.0,0.0
201400014163,11,2,14,17,1,13,55,2,1,1,3,"47, AVE CLOT BEY",43.26031,5.38701
201400014164,23,1,14,12,1,13,55,2,1,1,6,"02, PCE DU GENERAL FERRI",43.2775,5.39891
201400014165,6,3,14,1,5,13,55,2,2,1,6,"04, BD LOUIS PASTEUR",0.0,0.0
201400014166,6,3,14,2,5,13,55,2,2,1,3,"153, RUE SAINTE",43.29068,5.36646
201400014167,29,1,14,19,5,13,55,2,1,1,2,"95, COR PRESIDENT JOHN F",43.28877,5.35378
201400014168,22,2,14,20,5,13,55,2,1,1,6,"22, BD CAMILLE FLAMMARIO",43.30415,5.38788
201400014169,25,1,14,20,5,13,55,2,1,1,6,"32, BD FERNAND BONNEFOY",43.28043,5.40072
201400014170,17,2,14,12,1,13,55,2,3,1,3,"35, AVE ALEXANDRE DUMAS",43.26366,5.38945
201400014171,21,2,14,21,5,13,55,2,1,1,1,"310, CHE DE L ARMEE D AF",43.28588,5.41973
201400014172,25,2,14,19,5,13,55,2,3,1,3,"11, BD DE SAINT LOUP",43.28166,5.42829
201400014173,26,2,14,23,5,13,55,2,2,2,3,"00, AVE FLORIAN",0.0,0.0
201400014174,21,2,14,13,1,13,55,2,1,1,6,"63, BD JEAN MOULIN",43.28549,5.39882
201400014175,2,3,14,14,1,13,55,2,2,1,3,"27, RUE PIERRE GUYS",43.30962,5.43752
201400014176,25,2,14,13,1,13,2,2,1,2,6,"00, ETIENNE CUCCA-RD908",0.0,0.0
201400014177,12,2,14,19,5,13,55,2,3,1,3,"00, VOI LA CANEBIERE",43.29727,5.38012
201400014178,1,3,14,18,1,13,55,2,1,1,2,"00, BD FRANCOISE DUPARC",0.0,0.0
201400014179,6,2,14,9,1,13,55,2,1,1,6,"195, RUE LE CHATELIER",43.34882,5.3754
201400014180,16,2,14,13,1,13,55,2,3,1,3,"04, AVE CLAUDE MONET",43.32374,5.39313
201400014181,18,2,14,6,5,13,55,2,1,1,2,"91, CHE DU MERLAN A LA R",43.33062,5.4112
201400014182,19,2,14,10,1,13,55,2,3,1,3,"274, AVE DE SAINT ANTOIN",43.37516,5.35581
201400014183,20,2,14,7,2,13,55,2,1,1,6,"00, CV DES BESSONS",0.0,0.0
201400014184,22,2,14,18,5,13,55,2,1,1,6,"00, BD CHARLES MORETTI",0.0,0.0
201400014185,12,3,14,7,1,13,55,2,1,1,2,AVE FREDERIC MISTRAL,0.0,0.0
201400014186,9,3,14,6,2,13,55,2,2,1,3,"08, RUE DU BOSQUET",43.29987,5.39967
201400014187,13,3,14,22,5,13,55,2,1,1,6,RPT PERE WRESINKI,0.0,0.0
201400014188,15,3,14,2,5,13,55,2,1,1,6,"00, AVE DU CAP PINEDE RO",43.32855,5.3648
201400014189,14,2,14,16,1,13,55,2,3,1,3,"32, RUE RAPHAEL PONSON",43.26579,5.38741
201400014190,3,2,14,21,5,13,55,2,3,2,6,"274, CHE DU CAP JANET",43.34017,5.34867
201400014191,17,3,14,13,1,13,55,2,3,1,3,"282, CHE DE LA MADRAGUE",43.33445,5.35811
201400014192,18,3,14,9,1,13,55,2,1,1,6,"131, AVE CLOT BEY",43.25723,5.38298
201400014193,4,2,14,14,1,13,55,2,1,1,6,"04, BD DE LA REVOLUTION",43.31299,5.38529
201400014194,21,2,14,15,1,13,55,2,1,1,6,"10, RUE DE JEMMAPES",43.29973,5.38196
201400014195,14,1,14,11,1,13,55,2,1,1,6,"15, AVE DE MAZARGUES",43.26943,5.38818
201400014196,20,2,14,8,1,13,55,2,1,1,6,"150, AVE DU PRADO",43.27938,5.38709
201400014197,6,2,14,10,1,13,55,2,3,1,6,"42, AVE DU VINGT QUATRE",43.30781,5.42931
201400014198,15,2,14,17,1,13,55,2,1,1,6,"00, CR DE LA VALBARELLE",0.0,0.0
201400014199,27,2,14,14,1,13,55,2,1,1,6,"000, CHE DU ROY D' ESPAG",0.0,0.0
201400014200,6,2,14,9,1,13,55,2,1,1,6,"20, BD MIREILLE JOURDAN-",43.24485,5.37682
201400014201,7,3,14,11,1,13,55,2,1,1,6,"15, RUE LOUIS CONTE",43.24836,5.40079
201400014202,19,2,14,12,1,13,55,2,1,1,6,"58, CRS LIEUTAUD",43.2929,5.38248
201400014203,1,3,14,17,1,13,55,2,2,1,3,"26, BD CHARLES NEDELEC",0.0,0.0
201400014204,4,3,14,22,5,13,55,2,2,1,3,"00, CRS PIERRE PUGET",43.28995,5.37257
201400014205,21,2,14,20,5,13,55,2,2,1,6,"00, RUE DE RUFFI",43.3143,5.36968
201400014206,6,3,14,1,5,13,55,2,1,1,6,"146, BD DE PONT DE VIVAU",43.28161,5.42503
201400014207,26,2,14,11,1,13,55,2,1,2,3,"08, BD DES TILLEULS",43.31902,5.40821
201400014208,3,3,14,14,1,13,75,2,1,1,2,"95, LIBERATION (AVE DE L",43.34178,5.45713
201400014209,2,3,14,13,1,13,55,2,1,1,6,"01, AVE ALFRED BLACHERE",0.0,0.0
201400014210,19,3,14,13,1,13,55,2,1,1,6,"68, BD FRANCOISE DUPARC",43.3039,5.40097
201400014211,30,1,14,13,1,13,55,2,1,3,1,"210, RTE LEON LACHAMP",43.24792,5.45461
201400014212,30,1,14,19,5,13,55,2,1,2,6,"27, AVE DE LA POINTE ROU",43.24803,5.37502
201400014213,11,2,14,17,1,13,55,1,1,1,6,"45, AVE ANDRE ZENATTI",43.24605,5.39234
201400014214,16,3,14,6,1,13,55,2,2,1,3,"201, BD DE SAINTE MARGUE",43.26478,5.4094
201400014215,14,3,14,13,1,13,55,2,1,1,4,"90, AVE FREDERIC MISTRAL",43.32264,5.45561
201400014216,23,2,14,13,1,13,55,2,1,1,6,"70, BD DE SAINTE MARGUER",43.26838,5.4054
201400014217,5,3,14,23,5,13,55,2,2,1,3,"01, RUE DE CRIMEE",43.30904,5.3784
201400014218,9,3,14,4,5,13,55,2,1,1,6,"200, COR PRESIDENT JOHN",43.26858,5.37051
201400014219,11,3,14,23,5,13,55,2,1,1,2,"168, RUE BRETEUIL",43.28301,5.37879
201400014220,21,3,14,2,5,13,55,2,1,1,6,"200, COR PRESIDENT JOHN",43.26887,5.36901
201400014221,10,3,14,13,1,13,55,2,1,1,6,RUE RUISSEAU MIRABEAU,0.0,0.0
201400014222,1,3,14,21,5,13,55,2,1,1,6,"258, CHE DE SAINT ANTOIN",43.3743,5.35572
201400014223,4,3,14,8,1,13,55,2,1,1,6,"169, RUE DE LYON",43.33065,5.36505
201400014224,5,3,14,15,1,13,55,2,1,1,2,"27, BD CHARLES MORETTI",43.32609,5.37712
201400014225,7,3,14,12,1,13,55,2,3,1,3,"114, TRA CHARLES SUSINI",43.33973,5.41378
201400014226,23,3,14,11,1,13,55,2,1,1,2,"93, AVE JEAN LOMBARD",43.28938,5.43782
201400014227,11,3,14,14,1,13,55,2,2,1,2,"90, BD DES DAMES",43.30289,5.36753
201400014228,9,2,14,5,5,13,55,2,1,1,7,"00, RUE DES TROIS FRERES",0.0,0.0