Num_Acc,jour,mois,an,hr,condition_eclairage,departement,commune,condition_agglomeration,intersection,condition_atmosphere,type_collision,adresse,lattitude,longitude
201400014229,2,3,14,19,5,13,55,2,1,1,1,"09, RUE BRANDIS",43.28557,5.39495
201400014230,19,3,14,15,1,13,55,2,2,1,6,"118, CHE SAINT JEAN DU D",43.29381,5.4096
201400014231,11,3,14,17,1,13,55,2,1,1,6,"06, TRA MARITIME",43.33787,5.35372
201400014232,15,2,14,14,1,13,55,2,3,1,6,"02, AVE DES CHARTREUX",43.30293,5.39689
201400014233,27,2,14,14,1,13,55,2,1,1,6,"02, RUE HENRI FIOCCA",43.29773,5.37402
201400014234,4,3,14,11,1,13,55,2,2,1,3,"20, BD EUGENE PIERRE",43.2977,5.39053
201400014235,5,3,14,14,1,13,55,2,2,1,6,"16, RUE JOEL RECHER",43.28771,5.36241
201400014236,16,3,14,7,1,13,55,2,1,1,6,"110, BD DE PARIS",43.31018,5.37004
201400014237,20,2,14,20,5,13,55,2,1,1,6,"59, AVE DE SAINT JUST",43.31688,5.40468
201400014238,9,3,14,1,5,13,55,2,3,1,6,"73, BD EUGENE PIERRE",43.29573,5.39075
201400014239,14,3,14,19,5,13,55,2,1,1,6,"110, CHE DE LA MADRAGUE",0.0,0.0
201400014240,13,3,14,20,5,13,55,2,1,1,4,"248, AVE ROGER SALENGRO",43.32124,5.3676
201400014241,20,2,14,18,2,13,2,2,1,1,6,"992, 7EME TIRAILLEURS AL",0.0,0.0
201400014242,8,3,14,19,2,13,55,2,3,1,5,"01, AVE DE SAINT LOUIS",43.34267,5.35965
201400014243,19,3,14,8,1,13,55,2,1,1,6,"05, QAI DE LA JOLIETTE",43.30381,5.36497
201400014244,16,3,14,5,5,13,55,2,1,1,6,"19, BD DE LA BARASSE RN",43.28626,5.4756
201400014245,10,3,14,13,1,13,55,2,1,1,6,"31, BD VOLTAIRE",0.0,0.0
201400014246,27,2,14,8,1,13,55,2,1,1,6,"71, AVE DES CHARTREUX",43.30571,5.39942
201400014247,16,1,14,8,1,13,55,2,3,1,3,"0, RUE SAINT PIERRE",43.29162,5.40599
201400014248,7,2,14,16,1,13,55,2,2,1,3,"00, BD CHAVE",43.29586,5.4004
201400014249,13,3,14,13,1,13,55,2,1,7,4,"242, AVE DES CAILLOLS",43.30226,5.44396
201400014250,22,2,14,14,1,13,55,2,1,1,6,"30, BD JEAN MOULIN",43.29003,5.39985
201400014251,12,3,14,19,5,13,55,2,1,1,2,"233, BD BAILLE",43.29004,5.39984
201400014252,13,3,14,15,1,13,55,2,3,1,6,"02, AVE DE PROVENCE",43.31083,5.42186
201400014253,12,3,14,11,1,13,55,2,1,1,6,"46, BD DE LA CARTONNERIE",43.29126,5.46165
201400014254,28,1,14,15,1,13,55,2,1,1,6,"2373, AVE DES OLIVES",0.0,0.0
201400014255,4,2,14,12,1,13,55,2,1,1,6,"00, RUE MIRES",0.0,0.0
201400014256,11,3,14,16,1,13,55,2,1,1,6,"53, RUE DE LA REPUBLIQUE",43.3005,5.37061
201400014257,11,3,14,21,5,13,55,2,1,1,6,"248, CHE DE LA MADRAGUE",43.33265,5.35883
201400014258,22,1,14,8,1,13,55,2,2,1,3,"103, RUE PARADIS",43.28922,5.37858
201400014259,9,3,14,22,5,13,55,2,1,1,6,"317 BIS, COR PRESIDENT J",0.0,0.0
201400014260,10,3,14,22,5,13,55,2,2,1,3,"213, BD CHAVE",43.29584,5.40015
201400014261,25,2,14,13,1,13,55,2,1,2,6,"12, RTE DE LA SABLIERE",0.0,0.0
201400014262,4,3,14,11,1,13,55,2,1,1,2,"01, PCE DU 10 JUIN 1944",0.0,0.0
201400014263,21,1,14,17,1,13,55,2,1,1,5,"01, BD DE VINTIMILLE",43.31997,5.36742
201400014264,1,3,14,11,1,13,55,2,1,1,5,"388, BD MICHELET",43.25485,5.40103
201400014265,11,3,14,12,1,13,55,2,1,1,6,PIERRE CHEVALIER (RUE),0.0,0.0
201400014266,30,1,14,8,2,13,55,2,1,1,6,"81, AVE DU MERLAN",43.33871,5.40767
201400014267,17,2,14,6,2,13,106,2,1,1,1,"24, 8 MAI 1945 (AVENUE D",43.39067,5.36297
201400014268,20,2,14,14,1,13,55,1,1,1,6,"00, RUE ENRICO FERMI",0.0,0.0
201400014269,18,3,14,17,1,13,55,2,1,1,6,"100, CHE DE SAINTE MARTH",43.32342,5.38929
201400014270,15,3,14,20,5,13,55,2,1,1,2,"178, BD RABATAU",0.0,0.0
201400014271,6,2,14,18,2,13,55,2,1,1,6,"06, BD CAMILLE FLAMMARIO",43.30364,5.3863
201400014272,3,3,14,7,2,13,55,2,1,3,6,"46, RUE CESAR ALEMAN",43.2901,5.35624
201400014273,9,3,14,20,5,13,55,2,1,1,6,"00, BD JEAN MOULIN",0.0,0.0
201400014274,16,3,14,23,5,13,55,2,1,1,6,"19, RUE HENRI BARBUSSE",43.29831,5.37405
201400014275,27,2,14,19,5,13,55,2,3,2,6,"48, AVE DE MAZARGUES",43.26859,5.38871
201400014276,2,3,14,19,5,13,55,1,1,1,6,"273, RUE PIERRE DOIZE",43.27116,5.42576
201400014277,7,3,14,7,2,13,55,2,1,1,6,"163, AVE DE LUMINY",43.2342,5.43605
201400014278,15,3,14,12,1,13,55,2,1,1,6,"42, AVE SAINT PAUL",43.32689,5.40808
201400014279,3,1,14,13,1,13,55,2,2,1,3,"490, AVE DU PRADO",43.26638,5.3814
201400014280,26,3,14,16,1,13,55,2,1,2,1,"46, PRO DU GRAND LARGE",43.23844,5.36237
201400014281,22,3,14,19,5,13,55,2,1,2,6,"260, BD NATIONAL",43.3112,5.37806
201400014282,20,3,14,8,1,13,55,2,1,1,6,"03, BD DU MARECHAL JUIN",0.0,0.0
201400014283,13,3,14,18,2,13,55,2,1,1,6,"01, ALL MANUEL DE FALLA",0.0,0.0
201400014284,14,3,14,14,1,13,55,2,1,1,1,"28, BD DU CABOT",43.26012,5.41588
201400014285,14,3,14,18,1,13,55,2,1,1,6,"87, RUE AUGUSTIN AUBERT",43.26509,5.40372
201400014286,20,3,14,11,1,13,55,2,1,1,6,"08, RUE RAYMOND TEISSEIR",43.27315,5.39903
201400014287,19,3,14,18,1,13,55,2,1,1,6,"89, BD PINATEL",43.31526,5.44446
201400014288,16,3,14,12,1,13,55,2,1,1,2,RPT JANE CASTINEL,43.31695,5.43684
201400014289,17,3,14,12,1,13,55,2,1,1,6,"01, RTE DE LA SABLIERE",0.0,0.0
201400014290,18,1,14,11,1,13,55,2,1,1,6,"41, AVE FRANCOIS MIGNET",43.33079,5.42773
201400014291,3,3,14,9,1,13,55,2,1,8,6,"61, BD DE PLOMBIERES",43.31583,5.38484
201400014292,18,2,14,16,1,13,106,2,1,1,2,"09, Z.A.C. HAUTE B?DOULE",0.0,0.0
201400014293,27,3,14,11,1,13,55,2,1,1,6,"27, BD FRANCOISE DUPARC",43.30163,5.40056
201400014294,23,3,14,12,1,13,55,2,1,1,6,"70, AVE DE HAMBOURG",43.25119,5.38789
201400014295,1,4,14,17,1,13,55,2,1,1,6,"00, RUE AVIATEUR LE BRIX",0.0,0.0
201400014296,4,4,14,13,1,13,55,2,3,1,6,"000, BD CHAVE",43.29519,5.39081
201400014297,11,1,14,11,1,13,55,2,1,1,6,"14, RUE DES TROIS FRERES",0.0,0.0
201400014298,4,4,14,13,1,13,55,2,2,1,3,"41, RUE DES BONS ENFANTS",43.29088,5.3883
201400014299,5,4,14,22,4,13,55,2,1,1,6,"35, PRO GEORGES POMPIDOU",43.26516,5.37353
201400014300,7,4,14,2,5,13,55,2,1,1,7,"142, RUE DU COMMANDANT R",43.26812,5.37913
201400014301,6,4,14,19,1,13,55,2,1,1,6,"57, MTE DE SAINT MENET",43.29417,5.49223
201400014302,7,3,14,12,1,13,55,2,1,2,6,"01, RUE DU DOCTEUR LEON",43.31321,5.38627
201400014303,7,4,14,23,5,13,55,2,3,1,3,"00, AVE DU MERLAN",43.33195,5.40658
201400014304,28,3,14,7,2,13,55,2,1,1,6,"00, BD RABATAU",0.0,0.0
201400014305,7,2,14,8,1,13,55,2,1,3,1,"04, AVE LUDOVIC LEGRE",0.0,0.0
201400014306,6,3,14,13,1,13,55,2,1,1,6,"327, BD MICHELET",43.25797,5.39979
201400014307,24,3,14,19,2,13,55,2,1,1,6,"32, AVE CESAR BOY",43.29629,5.4828
201400014308,25,3,14,13,1,13,55,2,1,1,6,"28, BD DU CABOT",43.26016,5.41585
201400014309,12,3,14,12,1,13,55,2,6,1,2,"23, BD AMPERE",0.0,0.0
201400014310,4,3,14,9,1,13,55,2,1,1,1,"01, AVE CAMILLE PELLETAN",43.30189,5.3744
201400014311,23,2,14,10,1,13,55,2,2,1,3,"00, AVE SALVADOR ALLENDE",43.33019,5.40976
201400014312,18,3,14,8,1,13,55,2,1,1,6,"853, AVE ROGER SALENGRO",0.0,0.0
201400014313,19,2,14,15,1,13,55,2,1,1,1,"00, RUE ANDRE CHAMSON",0.0,0.0
201400014314,20,2,14,8,1,13,55,2,1,1,6,"03 bis, RUE D HOZIER",43.30475,5.36971
201400014315,11,3,14,20,5,13,55,2,2,1,5,"95, BD HENRI FABRE",0.0,0.0
201400014316,21,3,14,18,1,13,55,2,1,1,6,BD ACHILLE MARCEL,0.0,0.0
201400014317,8,4,14,11,1,13,55,2,3,1,6,"93, CHE DE SAINT JOSEPH",43.3436,5.38536
201400014318,7,4,14,7,2,13,55,2,1,1,6,"10, BD LAVERAN",43.32512,5.41473
201400014319,26,2,14,4,5,13,55,2,2,1,3,"01, AVE DU VINGT QUATRE",43.30768,5.42536
201400014320,9,3,14,2,5,13,55,2,1,1,3,"00, RUE PIERRE DOIZE",0.0,0.0
201400014321,21,3,14,18,1,13,55,2,1,1,2,"39-41, BD VINCENT DELPUE",43.2829,5.39196
201400014322,18,3,14,12,1,13,55,2,1,1,6,"38, BD FERDINAND DE LESS",43.3206,5.3738
201400014323,10,3,14,17,1,13,55,2,1,1,6,"425, BD ROMAIN ROLLAND",0.0,0.0
201400014324,19,3,14,11,1,13,75,2,3,1,5,"136, LIBERATION (AVE DE",43.34345,5.45809
201400014325,21,3,14,14,1,13,2,2,6,1,6,"272, MARCEL JULIEN (AVEN",43.35708,5.48814
201400014326,9,4,14,0,5,13,55,2,1,1,6,"18, BD CHARLES MORETTI",43.32603,5.3773
201400014327,13,2,14,8,1,13,75,2,1,1,6,"0, MARECHAL JUIN (AVE DU",0.0,0.0
201400014328,8,2,14,5,5,13,55,2,2,1,3,"00, RUE JEAN MARTIN",43.29341,5.40309
201400014329,13,3,14,13,1,13,55,2,1,1,6,"395, RUE PARADIS",43.27548,5.38434
201400014330,15,3,14,18,2,13,55,1,1,6,1,"01, RTE LEON LACHAMP",43.24499,5.42801
201400014331,30,1,14,9,1,13,55,2,1,1,6,"23, RUE PIERRE DOIZE",43.28114,5.42961
201400014332,9,2,14,16,1,13,55,1,1,1,6,"20, BD SCHLOESING",43.27479,5.39974
201400014333,26,2,14,16,1,13,55,2,1,1,6,"17, PRO GEORGES POMPIDOU",43.26682,5.37256
201400014334,9,4,14,17,1,13,55,2,1,1,5,"52, BD DU CAPITAINE GEZE",43.33081,5.37232
201400014335,9,4,14,21,5,13,55,2,2,1,3,"135, RUE DE LYON",43.32922,5.36555
201400014336,28,3,14,17,1,13,55,2,1,1,6,"33, CRS LIEUTAUD",0.0,0.0
201400014337,28,3,14,11,1,13,55,2,1,1,6,"20, BD BAILLE",43.28669,5.38653
201400014338,9,4,14,17,1,13,55,2,1,1,6,"33, AVE RAIMU",0.0,0.0
201400014339,14,3,14,7,2,13,55,2,1,1,2,"00, BD DE PLOMBIERES AER",0.0,0.0
201400014340,14,3,14,17,1,13,55,2,1,1,6,"112, AVE CAMILLE PELLETA",43.30836,5.3741
201400014341,21,3,14,9,1,13,55,2,1,1,2,"05, RUE DE LYON",43.32297,5.36771
201400014342,16,3,14,17,1,13,55,2,2,1,3,"01, PCE ERNEST DELIBES",43.27908,5.38286
201400014343,26,3,14,13,1,13,55,2,6,1,6,"00, RPT LOUIS MATHIEU VE",0.0,0.0
201400014344,5,3,14,13,1,13,55,2,1,1,2,"62, AVE DU MERLAN",43.33773,5.40751
201400014345,6,3,14,13,1,13,55,2,1,1,6,"62, PGE DE L' ESTAQUE",0.0,0.0
201400014346,26,3,14,14,1,13,55,2,1,2,6,"10, TRA DU PRIEUR",43.3425,5.35991
201400014347,24,3,14,18,1,13,75,2,1,1,6,"18, JEAN GIONO (AVE)",43.34485,5.45824
201400014348,10,4,14,20,2,13,55,2,1,1,6,"01, PCE PAUL RICARD",43.28442,5.3497
201400014349,12,4,14,16,1,13,55,2,1,1,6,"54, BD PAUL PEYTRAL",43.29013,5.37821
201400014350,28,3,14,20,5,13,75,2,2,1,3,"18 BIS, JEAN GIONO (AVE)",43.345,0.0
201400014351,25,3,14,14,1,13,55,2,1,1,2,CHE DE SAINT JOSEPH A SA,0.0,0.0
201400014352,19,2,14,11,1,13,55,2,1,1,6,"121, AVE DU VINGT QUATRE",43.30816,5.43532
201400014353,14,4,14,9,1,13,55,2,3,1,6,"01, AVE ALEXANDRE ANSALD",43.33236,5.40404
201400014354,14,3,14,10,1,13,55,2,3,1,3,"0, BD HILARION BOEUF",43.28982,5.40719
201400014355,11,3,14,22,5,13,55,2,1,1,6,"293, BD ROMAIN ROLLAND",43.27268,5.41159
201400014356,22,3,14,21,5,13,55,2,1,1,6,"02, RUE AGUILLON",43.26585,5.4117
201400014357,1,4,14,8,1,13,55,2,1,1,6,"90, AVE DE MAZARGUES",43.26722,5.38952
201400014358,28,3,14,14,1,13,55,2,1,1,6,"05, RUE CALLELONGUE",0.0,0.0
201400014359,28,3,14,18,1,13,55,2,1,1,6,"10, CR DE LA VALBARELLE",0.0,0.0
201400014360,27,1,14,13,1,13,55,2,3,1,2,"00, AVE DES TROIS LUCS",43.2978,5.48273
201400014361,15,3,14,17,1,13,55,2,1,1,1,"40, AVE DES BORROMEES",43.30055,5.43435
201400014362,25,3,14,9,1,13,55,2,1,1,2,"51, BD DU CAPITAINE GEZE",43.33118,5.37367
201400014363,26,3,14,17,1,13,55,2,1,1,6,"44, BD DU CAPITAINE GEZE",43.33058,5.37136
201400014364,3,3,14,9,1,13,55,2,1,1,2,"37, AVE DE FRAIS VALLON",43.32462,5.42445
201400014365,10,3,14,9,1,13,55,2,1,1,2,"00, AVE ESCADRILLE NORMA",0.0,0.0
201400014366,21,3,14,17,1,13,55,2,1,1,6,"00, BD SCHLOESING",0.0,0.0
201400014367,12,3,14,11,1,13,55,2,1,2,2,"59, AVE DE LA CROIX ROUG",43.33201,5.43428
201400014368,27,3,14,19,5,13,55,2,1,1,2,"15, BD GUEY",43.3041,5.42249
201400014369,25,3,14,20,5,13,55,1,1,1,6,"146, AVE DES OLIVES",43.32639,5.43864
201400014370,25,3,14,19,5,13,55,2,1,2,6,"01, RUE DES DOCKS",0.0,0.0
201400014371,27,3,14,12,1,13,55,2,3,1,6,"01, RUE CENTRALE",0.0,0.0
201400014372,26,3,14,18,1,13,2,2,1,2,1,ETIENNE CUCCA-RD908 (AVE,0.0,0.0
201400014373,2,4,14,15,1,13,2,2,1,1,6,"459, ETIENNE CUCCA-RD908",0.0,0.0
201400014374,30,1,14,13,1,13,55,2,1,2,6,"222, CHE DU ROUCAS BLANC",43.28064,5.36874
201400014375,5,3,14,10,1,13,55,2,1,1,6,"147, CRS LIEUTAUD",43.28724,5.38506
201400014376,15,3,14,13,1,13,55,2,1,1,6,"21, RUE NATIONALE",43.29955,5.37743
201400014377,26,3,14,2,5,13,55,2,1,1,6,BD CHARLES LIVON,0.0,0.0
201400014378,27,3,14,15,1,13,55,2,1,1,6,"100, CRS LIEUTAUD",43.29115,5.38305
201400014379,28,3,14,8,1,13,55,2,2,1,3,"00, CRS GOUFFE",43.28607,5.387
201400014380,31,3,14,7,1,13,55,2,2,1,3,"60, RUE DES BONS ENFANTS",43.28996,5.38834
201400014381,31,3,14,13,1,13,55,2,1,1,6,"00, QAI DES BELGES",0.0,0.0
201400014382,28,3,14,15,1,13,55,2,1,1,6,"27, BD MIRABEAU",43.31381,5.36811
201400014383,21,3,14,14,1,13,55,2,1,1,3,"00, BD RABATAU DANIEL MA",0.0,0.0
201400014384,25,3,14,14,1,13,55,2,1,1,4,"51, AVE FRANCOIS MIGNET",43.33181,5.42878
201400014385,4,4,14,15,1,13,55,2,1,8,6,"66, CHE DE SAINTE MARTHE",43.32122,5.38985
201400014386,31,3,14,13,1,13,55,2,1,1,6,"00, RUE LE PELLETIER",0.0,0.0
201400014387,19,3,14,18,1,13,55,2,1,1,6,"00, AVE DU CAP PINEDE RO",0.0,0.0
201400014388,2,4,14,11,1,13,55,2,1,1,2,"08, BD LOUIS VILLECROZE",43.3178,5.39056
201400014389,12,4,14,22,5,13,55,2,3,1,3,"179, BD NATIONAL",43.30887,5.38059
201400014390,1,4,14,9,1,13,55,2,1,1,6,"145, BD BAILLE",43.28877,5.3943
201400014391,5,4,14,16,1,13,55,2,1,1,6,"05, RUE HENRI BARBUSSE",43.29723,5.37409
201400014392,5,4,14,14,1,13,55,1,7,1,3,"01, RPT DE MAZARGUES",43.2506,5.40378
201400014393,2,4,14,19,1,13,55,2,1,1,6,"26, BD FERNAND BONNEFOY",43.28081,5.40123
201400014394,4,4,14,9,1,13,55,2,1,1,6,"01, BD DE LA POMME",43.29093,5.44188
201400014395,10,4,14,13,1,13,55,2,1,1,6,"88, IMP DE LA FARANDOLE",43.32685,5.42307
201400014396,11,4,14,22,5,13,55,2,1,1,6,"00, RPT PIERRE PARAF",0.0,0.0
201400014397,27,3,14,16,1,13,2,2,3,1,6,"41, VALLON VERT (AVENUE",43.33599,5.45549
201400014398,28,3,14,18,1,13,75,2,1,1,2,"126, LIBERATION (AVE DE",43.34265,5.4575
201400014399,8,4,14,17,1,13,2,2,1,1,6,"52, ENCO DE BOTTE (ROUTE",0.0,0.0
201400014400,2,4,14,7,1,13,55,2,1,1,6,"140, BD HENRI BARNIER",43.37077,5.34697
201400014401,2,4,14,16,1,13,55,2,2,1,3,"34, BD DU CAPITAINE GEZE",43.33027,5.37008
201400014402,6,4,14,8,1,13,55,2,1,1,6,"00, AVE JEAN PAUL SARTRE",0.0,0.0
201400014403,15,4,14,17,1,13,55,2,1,1,6,"127, CHE DU MERLAN A LA",43.33079,5.40757
201400014404,2,3,14,15,1,13,55,2,1,1,6,"186, BD DE PARIS",43.31343,5.36814
201400014405,8,3,14,18,2,13,55,2,1,1,2,"00, RUE CAPITAINE DESSEM",0.0,0.0
201400014406,2,4,14,13,1,13,55,2,2,1,3,"22, RUE DECAZES",43.28781,5.35966
201400014407,7,4,14,16,1,13,55,2,1,1,6,"16, RUE BRETEUIL",43.29198,5.37512
201400014408,31,3,14,19,1,13,55,2,1,1,6,"35, AVE DU DOCTEUR HECKE",0.0,0.0
201400014409,3,4,14,13,1,13,55,2,2,1,3,"47, TRA MARCEL MARIDET",43.3094,5.42279
201400014410,16,4,14,14,1,13,55,2,1,1,6,"22, BD GUSTAVE GANAY",43.26612,5.40079
201400014411,5,2,14,7,1,13,55,2,1,1,6,"18, BD CHAVE",43.295,5.3882
201400014412,14,3,14,16,1,13,55,2,1,1,1,"76, BD DE LA CORDERIE",43.29026,5.36897
201400014413,9,4,14,15,1,13,55,2,1,1,2,"03, BD DE STRASBOURG",43.30658,5.37446
201400014414,4,4,14,7,1,13,55,2,1,1,6,"15, RUE BELLE OMBRE",43.26853,5.40913
201400014415,27,3,14,20,5,13,55,2,1,1,6,"130, BD DE SAINTE MARGUE",43.26719,5.40795
201400014416,9,4,14,23,5,13,55,2,1,1,1,"256, AVE DE MAZARGUES",43.26273,5.39306
201400014417,18,3,14,13,1,13,55,2,1,1,6,AVE FLORIAN,0.0,0.0
201400014418,1,4,14,17,1,13,55,2,1,1,6,"84, BD DE LA MEDITERRANE",43.33264,5.3598
201400014419,7,4,14,17,1,13,55,2,1,1,6,"283, ANC CHE CHATEAU GOM",0.0,0.0
201400014420,18,4,14,13,1,13,55,2,2,1,2,"00, RUE PARADIS",43.28863,5.37882
201400014421,18,4,14,0,5,13,55,2,2,1,3,"03, AVE DE LA CORSE",43.28985,5.3663
201400014422,6,4,14,21,5,13,55,2,3,1,6,"00, AVE DE MAZARGUES",43.25338,5.39457
201400014423,20,3,14,17,1,13,55,2,1,1,6,"21, AVE COLGATE",43.23426,5.40928
201400014424,4,4,14,18,1,13,55,2,1,1,6,"494, AVE DU PRADO",43.26648,5.38153
201400014425,4,4,14,22,5,13,55,2,1,1,6,"313, BD ROMAIN ROLLAND",43.27199,5.41031
201400014426,4,4,14,13,1,13,55,2,3,1,3,"68, AVE VINCENT ANDREU",43.286,5.45163
201400014427,30,3,14,15,1,13,55,2,1,1,6,"01, CHE DE SAINT ANTOINE",43.21333,5.62658
201400014428,5,4,14,13,1,13,55,2,1,1,6,"78, RUE CLOVIS HUGUES",43.31114,5.3845
201400014429,19,4,14,20,2,13,75,2,1,1,6,"26, L'ENJOLRAS (AVE DE)",0.0,0.0
201400014430,25,2,14,17,1,13,55,2,1,1,6,"200, AVE DE MAZARGUES",43.26462,5.39169
201400014431,3,4,14,16,1,13,55,2,3,1,6,"424, BD MICHELET",43.253,5.40206
201400014432,1,4,14,13,1,13,55,2,1,1,6,"58, RUE DU ROUET",43.28323,5.38695
201400014433,8,4,14,10,1,13,55,2,1,1,6,"550, RUE PARADIS",43.27084,5.38633
201400014434,14,4,14,14,1,13,55,2,1,1,2,"274, AVE DES POILUS",43.32089,5.45812
201400014435,15,4,14,8,1,13,55,2,1,1,6,"273, AVE DE LA CAPELETTE",43.27912,5.41236
201400014436,16,4,14,19,1,13,55,2,1,1,6,"573, RUE SAINT PIERRE",43.29141,5.42245
201400014437,9,4,14,11,1,13,55,2,3,1,3,"00, RUE ALPHONSE DAUDET",43.32061,5.40997
201400014438,8,1,14,22,5,13,55,2,3,1,6,"00, CHE DE GIBBES",43.32047,5.38053
201400014439,25,4,14,6,1,13,55,2,1,1,6,"01, RUE DE MONDOVI",43.28595,5.38554
201400014440,25,4,14,0,5,13,55,2,1,1,6,"00, BD HENRI BARNIER",0.0,0.0
201400014441,19,4,14,16,1,13,2,1,1,1,1,"000, ETIENNE CUCCA-RD908",0.0,0.0
201400014442,6,2,14,15,1,13,55,2,1,1,6,"00, RUE SAINT SAVOURNIN",0.0,0.0
201400014443,15,4,14,10,1,13,55,2,1,1,6,"218, AVE DE CHATEAU GOMB",0.0,0.0
201400014444,11,4,14,9,1,13,55,2,1,1,6,"03, CRS JEAN BALLARD",43.29363,5.37439
201400014445,12,4,14,14,1,13,55,2,1,1,6,"20, AVE JEAN LOMBARD",43.28913,5.4277
201400014446,15,4,14,14,1,13,55,2,2,1,3,"05, PCE EDMOND AUDRAN",43.30972,5.40154
201400014447,9,4,14,19,2,13,55,2,1,1,1,"24, RUE D ANTHOINE",43.31613,5.36718
201400014448,8,4,14,12,1,13,55,2,1,1,1,"49, BD PERIER",43.27932,5.38409
201400014449,9,4,14,11,1,13,55,2,3,1,3,"260, RTE DES TROIS LUCS",43.29874,5.48122
201400014450,14,4,14,18,1,13,55,2,1,1,6,"08, ALL TURCAT MERY",0.0,0.0
201400014451,3,2,14,8,1,13,55,2,1,1,1,"182, BD PERIER",43.27878,5.37735
201400014452,1,4,14,19,1,13,55,2,1,1,6,"222, BD RABATAU DANIEL M",43.28301,5.39954
201400014453,5,4,14,4,5,13,55,2,1,1,6,"387, AVE DU PRADO",43.26874,5.3858
201400014454,3,4,14,20,5,13,55,2,1,1,6,"05, AVE PIERRE MENDES FR",0.0,0.0
201400014455,4,4,14,7,2,13,55,2,3,1,5,"62, AVE DU MERLAN",43.33717,5.40871
201400014456,7,4,14,17,1,13,55,2,1,1,6,"01, RUE LOUIS LEPRINCE R",0.0,0.0
201400014457,13,3,14,15,1,13,55,2,1,1,6,"70, VOI LA CANEBIERE",43.29765,5.38119
201400014458,27,3,14,12,1,13,55,2,1,1,2,"60, RUE MARX DORMOY",43.29963,5.39716
201400014459,10,4,14,17,1,13,55,2,2,1,6,"17, RUE D' ORANGE",43.31279,5.38635
201400014460,16,4,14,8,1,13,55,2,1,1,6,"30, TRA DE LA MONJARDE",43.36109,5.32849
201400014461,16,4,14,14,1,13,55,2,1,1,6,"31, RUE PLUMIER",43.30417,5.36802
201400014462,21,3,14,18,1,13,55,2,1,1,6,"01, RUE PARADIS",43.29571,5.37578
201400014463,19,4,14,18,1,13,55,2,1,1,6,"86, CR DE LA VALBARELLE",0.0,0.0
201400014464,15,4,14,19,1,13,55,2,1,1,6,"100, RUE DE L AUDIENCE",43.2956,5.48794
201400014465,31,3,14,8,1,13,2,2,1,1,6,"890, JEAN GIONO (AVENUE)",0.0,0.0
201400014466,10,4,14,19,1,13,55,2,3,1,2,"171, BD RABATAU DANIEL M",43.28109,5.39943
201400014467,6,2,14,20,5,13,55,2,1,1,6,"66, RUE JEAN MARTIN",43.29218,5.40364
201400014468,1,4,14,14,1,13,55,2,1,1,6,"32, AVE DES CHARTREUX",43.30407,5.39828
201400014469,3,4,14,21,5,13,55,2,1,1,2,"138, BD BAILLE",43.2882,5.39237
201400014470,7,4,14,20,2,13,55,2,1,1,6,"01, RUE VITALIS",43.29215,5.39264
201400014471,15,4,14,14,1,13,55,2,1,1,6,"129, BD DE LA LIBERATION",43.30107,5.39124
201400014472,10,4,14,8,1,13,55,2,2,1,6,"30, VSN MICHELET CONTRE",0.0,0.0
201400014473,9,1,14,17,2,13,55,2,1,1,1,"68, BD DE LA VALBARELLE",43.28697,5.44583
201400014474,29,1,14,10,1,13,55,2,1,3,2,"81, AVE DE MONTOLIVET",43.30938,5.40567
201400014475,2,4,14,19,1,13,55,2,2,1,3,"31, BD HENRI FABRE",43.30766,5.41611
201400014476,3,4,14,16,1,13,55,2,1,1,2,"20, TRA DE LA MONTRE",0.0,0.0
201400014477,6,4,14,12,1,13,55,2,1,1,6,"87, BD DES FAUVETTES",43.31689,5.43865
201400014478,30,3,14,12,1,13,55,2,1,1,6,"48, BD DE SAINT MARCEL",43.28873,5.45835
201400014479,28,4,14,16,1,13,55,2,1,1,6,"00, AVE ELLEON",0.0,0.0
201400014480,5,2,14,3,5,13,55,2,1,2,6,"56, BD ROMAIN ROLLAND",43.27958,5.42358
201400014481,12,1,14,5,5,13,55,2,1,1,6,RUE LOUIS REGIS,0.0,0.0
201400014482,5,4,14,15,1,13,55,2,3,1,6,"75, RUE CAPITAINE DESSEM",43.28917,5.35459
201400014483,7,4,14,11,1,13,55,2,2,1,3,"107, RUE HORACE BERTIN",43.2959,5.39362
201400014484,17,4,14,8,1,13,55,2,1,1,6,"171B, CHE DE LA MADRAGUE",43.32828,5.35949
201400014485,19,4,14,21,5,13,55,2,1,1,6,"347, RUE PARADIS",43.27805,5.38329
201400014486,31,3,14,9,1,13,55,2,1,1,2,"361, BD DU REDON",43.24521,5.42695