Num_Acc,jour,mois,an,hr,condition_eclairage,departement,commune,condition_agglomeration,intersection,condition_atmosphere,type_collision,adresse,lattitude,longitude
201400014487,17,4,14,8,1,13,55,2,1,1,6,"01, RPT MARIE-MADELEINE",0.0,0.0
201400014488,17,4,14,17,1,13,55,2,1,1,6,"15, RUE JEAN TRINQUET",43.30087,5.37108
201400014489,18,4,14,12,1,13,55,2,1,1,6,"09, AVE ALEXANDRE FLEMIN",43.3161,5.40062
201400014490,18,4,14,14,1,13,55,2,1,1,6,"110, CHE DE LA MADRAGUE",43.32449,5.36237
201400014491,13,2,14,16,1,13,55,2,2,1,3,"00, RUE DU PROGRES",43.29637,5.39151
201400014492,21,2,14,18,1,13,55,2,3,1,3,"190, CHE DU VALLON DE L'",43.27755,5.36205
201400014493,15,4,14,7,1,13,55,2,2,1,3,"22, CRS PIERRE PUGET",43.29042,5.37578
201400014494,15,4,14,11,1,13,55,2,3,1,6,"000, BD FRANCOISE DUPARC",43.30291,5.40059
201400014495,21,2,14,11,1,13,55,2,1,1,6,"000, CHE DE LA COLLINE S",0.0,0.0
201400014496,9,4,14,8,1,13,55,2,1,1,6,"18, AVE ROBERT SCHUMAN",43.30095,5.36598
201400014497,10,4,14,12,1,13,55,2,4,1,6,"00, CHE DE LA MADRAGUE V",43.34093,5.35167
201400014498,18,4,14,16,1,13,55,2,1,1,2,"138, CHE DE CHATEAU GOMB",43.34244,5.42025
201400014499,22,4,14,18,1,13,55,2,1,1,1,"00, AVE DE LA ROSE",0.0,0.0
201400014500,4,5,14,6,2,13,55,2,1,1,6,"188, BD DE LA MILLIERE",43.28298,5.50463
201400014501,4,5,14,21,5,13,55,2,1,1,6,BD DE PLOMBIERES,0.0,0.0
201400014502,4,5,14,5,5,13,55,2,2,1,3,"00, AVE DU GENERAL LECLE",43.30411,5.37793
201400014503,6,4,14,15,1,13,55,2,1,1,2,"00, RUE DE LA BUSSERINE",0.0,0.0
201400014504,11,4,14,15,1,13,55,2,1,1,6,"000, RUE BONNETERIE",0.0,0.0
201400014505,22,4,14,13,1,13,55,2,1,8,2,"17, BD DE PLOMBIERES",43.31505,5.3873
201400014506,25,3,14,14,1,13,55,2,1,1,6,"37, AVE BELLE VUE",43.31554,5.38046
201400014507,15,3,14,11,1,13,55,2,1,1,6,"385, RUE PARADIS",43.27602,5.38414
201400014508,9,4,14,8,1,13,55,2,1,1,6,"314, RPT DU PRADO",0.0,0.0
201400014509,12,4,14,15,1,13,55,2,1,1,2,"214, AVE DE LA CAPELETTE",43.27963,5.41056
201400014510,29,4,14,9,1,13,55,2,6,1,6,"117, TRA DE LA MONTRE",0.0,0.0
201400014511,2,4,14,14,1,13,55,2,1,1,6,"00, RUE DE LA REPUBLIQUE",0.0,0.0
201400014512,25,4,14,20,2,13,55,2,1,1,1,"50, RUE CHARLES KADDOUZ",43.31038,5.42742
201400014513,13,4,14,11,1,13,55,2,1,1,6,RUE LE CHATELIER,0.0,0.0
201400014514,25,4,14,13,1,13,55,2,6,2,2,"00, RUE DE LA REPUBLIQUE",43.29952,5.37148
201400014515,16,4,14,18,1,13,55,2,1,1,6,"00, BD DES FABRES",0.0,0.0
201400014516,26,4,14,0,5,13,55,2,3,1,6,"00, PIERRE CHEVALIER (RU",43.29487,5.41753
201400014517,6,4,14,13,1,13,55,2,1,1,6,"41, AVE DE HAMBOURG",43.25279,5.38569
201400014518,7,4,14,8,1,13,55,2,1,1,6,"162, AVE DE LATTRE DE TA",0.0,0.0
201400014519,16,4,14,7,1,13,55,2,1,1,6,"279, AVE DU PRADO",43.27339,5.39114
201400014520,26,4,14,20,5,13,55,2,1,2,6,"00, PRO GEORGES POMPIDOU",0.0,0.0
201400014521,27,4,14,21,5,13,55,2,1,1,6,"112, AVE JULES CANTINI",43.28117,5.39239
201400014522,29,4,14,13,1,13,55,1,2,1,3,"238, RTE DES TROIS LUCS",0.0,0.0
201400014523,4,4,14,6,5,13,55,2,1,2,6,"187, AVE DE MONTOLIVET",43.31257,5.4118
201400014524,22,4,14,17,1,13,55,2,1,1,6,"310, CHE DE L ARMEE D AF",0.0,0.0
201400014525,22,4,14,20,1,13,55,2,1,3,6,"101, PIERRE CHEVALIER (R",0.0,0.0
201400014526,25,4,14,13,1,13,55,2,1,2,1,"01, BD JEAN EUGENE CABAS",0.0,0.0
201400014527,5,4,14,18,1,13,55,2,1,1,6,"64, BD NATIONAL",43.30537,5.38418
201400014528,28,3,14,8,1,13,55,2,1,1,6,"202, AVE DES CHARTREUX",43.31151,5.4011
201400014529,14,4,14,16,1,13,55,2,1,1,6,"31, AVE DE LA MADRAGUE D",43.23744,5.3637
201400014530,15,4,14,9,1,13,55,2,1,1,2,RUE DE LA BOISERAIE,0.0,0.0
201400014531,22,4,14,6,2,13,55,2,1,1,6,"43, BD RABATAU",43.27453,5.39449
201400014532,14,4,14,13,1,13,55,2,1,1,7,"178, AVE DES POILUS",43.32089,5.45812
201400014533,15,4,14,12,1,13,55,2,1,1,6,"96, RUE SAINT PIERRE",43.29228,5.39223
201400014534,23,4,14,16,1,13,55,2,1,1,6,"285, COR PRESIDENT JOHN",43.27714,5.35695
201400014535,10,4,14,7,1,13,55,2,3,1,3,"341, AVE DE CHATEAU GOMB",43.35121,5.43296
201400014536,24,4,14,13,1,13,55,2,1,1,2,"274, AVE DES POILUS",43.31641,5.45991
201400014537,24,4,14,18,1,13,55,2,3,1,6,"01, CHE DE SAINTE MARTHE",43.3182,5.39029
201400014538,28,4,14,8,1,13,55,2,1,1,6,"69, AVE DE LA CAPELETTE",43.28271,5.40238
201400014539,29,4,14,23,5,13,55,2,3,1,6,"149, AVE DU PRADO",43.27886,5.38805
201400014540,28,3,14,15,1,13,55,2,1,1,6,"176, RUE PIERRE DOIZE",43.27366,5.42722
201400014541,13,5,14,17,1,13,55,2,1,1,6,"40, RPT ANDRE ROUSSIN CO",0.0,0.0
201400014542,14,5,14,17,1,13,55,2,1,1,6,AVE JEAN PAUL SARTRE,0.0,0.0
201400014543,14,5,14,20,2,13,55,2,1,1,6,"42, QAI DE RIVE NEUVE",43.29244,5.36677
201400014544,31,3,14,19,1,13,55,2,2,1,3,"01, PCE SEBASTOPOL",43.29962,5.39715
201400014545,28,4,14,16,1,13,55,2,1,1,6,"36, BD DE LA MEDITERRANE",43.33309,5.36226
201400014546,3,4,14,15,1,13,55,2,1,1,6,BD SCHLOESING,0.0,0.0
201400014547,11,3,14,20,5,13,55,2,1,1,2,"01, BD DE LA CARTONNERIE",43.29257,5.45804
201400014548,24,4,14,13,1,13,55,2,3,1,3,"358, RUE SAINT PIERRE",43.29173,5.40895
201400014549,14,4,14,10,1,13,55,2,1,1,6,"00, AVE DES TROIS LUCS",0.0,0.0
201400014550,27,4,14,16,1,13,55,1,3,1,6,"00, BD BARBES",43.32615,5.37504
201400014551,27,4,14,6,5,13,55,2,1,1,6,"128, CRS LIEUTAUD",43.28915,5.38407
201400014552,26,4,14,11,1,13,55,2,1,1,6,"89, BD CHARLES LIVON",43.29195,5.35826
201400014553,26,4,14,0,5,13,55,2,2,1,3,"30, RUE PIERRE ROCHE",43.30931,5.40344
201400014554,21,3,14,10,1,13,55,2,1,1,6,"86, BD BAILLE",43.28757,5.38997
201400014555,25,4,14,13,2,13,55,2,3,1,3,"00, RUE ROGER RENZO",43.27788,5.39413
201400014556,10,4,14,17,1,13,75,2,1,1,6,"03, JULES ROLLANDIN (BD)",43.34789,5.46299
201400014557,24,4,14,14,1,13,2,2,1,1,1,"01, QUATRE SAISONS (ROUT",43.3311,5.48859
201400014558,12,2,14,20,5,13,55,2,1,1,2,"03, PCE DES MARSEILLAISE",43.30137,5.38002
201400014559,6,3,14,19,5,13,55,2,1,1,2,"00, TUN TUNNEL JOLIETTE",0.0,0.0
201400014560,6,4,14,5,2,13,55,2,2,1,1,"00, BD BAILLE",43.28637,5.38578
201400014561,30,3,14,18,1,13,55,2,1,1,6,"00, RUE JEAN QUEILLAU",0.0,0.0
201400014562,20,4,14,12,1,13,55,2,1,1,2,"01, AVE ALEXANDRE FLEMIN",43.31489,5.38791
201400014563,19,5,14,2,5,13,55,2,1,2,2,"2444, AVE DU PRADO",0.0,0.0
201400014564,17,5,14,8,1,13,55,2,1,1,6,"125, BD OLIVES",43.32678,5.43761
201400014565,18,5,14,0,5,13,55,2,1,1,6,"08, PCE DE LA GARE DE L'",43.28154,5.4265
201400014566,19,5,14,9,1,13,55,1,2,2,6,"47, RUE BRETEUIL",43.29041,5.37577
201400014567,26,3,14,13,1,13,55,2,1,1,6,"38, RUE JEAN MERMOZ",43.27672,5.38717
201400014568,27,4,14,6,2,13,55,2,1,1,1,"36, BD GASTON CREMIEUX",43.2799,5.3787
201400014569,30,4,14,16,1,13,55,2,1,1,6,"0116, AVE JULES CANTINI",43.28097,5.39276
201400014570,26,4,14,11,1,13,55,2,2,1,6,"00, CHE DE L ARMEE D AFR",43.2869,5.41243
201400014571,19,5,14,10,1,13,55,2,1,2,6,"12, AVE DE MAZARGUES",43.26968,5.38801
201400014572,23,3,14,10,1,13,55,2,6,1,1,RPT ANTOINE SARTORIO,43.36182,5.34563
201400014573,20,5,14,18,1,13,55,2,3,1,3,"27, RUE LEVAT",43.31031,5.38455
201400014574,5,4,14,23,5,13,55,2,6,1,2,"00, AVE ARNAVON",43.33019,5.3878
201400014575,10,4,14,8,1,13,55,2,2,1,6,"00, AVE DES AYGALADES",43.34632,5.3661
201400014576,18,4,14,12,1,13,55,2,2,1,3,"44B, BD BARBES",43.32529,5.37483
201400014577,22,4,14,12,1,13,55,1,1,1,2,"112, BD BARA",43.34788,5.44779
201400014578,22,4,14,9,1,13,55,2,1,1,5,"25, VOL PASSERELLE PLOMB",0.0,0.0
201400014579,30,4,14,20,1,13,55,2,1,1,2,"426, BD NATIONAL",43.31487,5.37179
201400014580,1,5,14,16,1,13,55,2,2,1,7,"00, RUE LE CHATELIER",43.34632,5.36611
201400014581,4,5,14,14,1,13,55,2,1,1,6,"145, RUE FELIX PYAT",43.32006,5.37437
201400014582,7,5,14,22,5,13,55,2,1,1,2,"114, BD DE PLOMBIERES",43.31693,5.38211
201400014583,12,5,14,22,5,13,55,2,1,1,6,"23, BD DE PLOMBIERES",0.0,0.0
201400014584,19,4,14,16,1,13,55,2,1,1,6,"00, TRA PARANGON",0.0,0.0
201400014585,11,5,14,5,2,13,55,2,2,1,6,"173, BD ROMAIN ROLLAND",43.27592,5.41741
201400014586,13,4,14,16,1,13,55,2,1,1,6,"32, CHE DE CHATEAU GOMBE",43.33592,5.42083
201400014587,9,5,14,15,1,13,55,2,1,1,3,"27, BD CHARLES MORETTI",43.32608,5.37714
201400014588,8,5,14,18,1,13,106,2,1,1,6,"00, ORATOIRE (CHEMIN DE",0.0,0.0
201400014589,1,5,14,11,1,13,55,2,1,1,6,"153, BD CHARLES MORETTI",0.0,0.0
201400014590,2,5,14,11,1,13,55,2,1,1,1,"15, RUE ETIENNE DOLET",43.33883,5.39499
201400014591,31,3,14,13,1,13,55,2,1,1,6,"03, PCE DU QUATRE SEPTEM",43.28851,5.35927
201400014592,14,4,14,18,1,13,55,2,1,1,2,"178, BD FRANCOISE DUPARC",0.0,0.0
201400014593,4,4,14,8,1,13,55,2,1,2,6,"00, TRA DE MALPASSE",0.0,0.0
201400014594,23,4,14,14,1,13,55,2,3,1,3,"000, BD HENRI BARNIER",43.36742,5.34369
201400014595,9,5,14,21,5,13,55,2,3,1,5,"82, BD DE LA BARASSE RN",43.28583,5.47954
201400014596,12,5,14,13,1,13,55,2,3,1,3,"82, BD DE LA BARASSE RD",43.28583,5.47954
201400014597,2,4,14,11,1,13,55,2,1,1,6,"193, BD HENRI BARNIER",43.36834,5.34457
201400014598,9,4,14,15,1,13,55,2,1,2,6,RUE DU CARGO RHIN FIDELI,0.0,0.0
201400014599,3,5,14,14,1,13,55,2,2,1,3,"47, RUE LE CHATELIER",43.34826,5.36246
201400014600,8,5,14,18,1,13,55,2,1,1,4,"00, AVE DE SAINT MENET",0.0,0.0
201400014601,9,5,14,0,5,13,75,2,1,1,6,"89, LIBERATION (AVE DE L",43.34081,5.45674
201400014602,13,5,14,15,1,13,55,2,1,1,6,"55, ALL LEON GAMBETTA",43.29905,5.38392
201400014603,13,5,14,10,1,13,55,2,2,1,3,"355, AVE DE SAINT ANTOIN",43.38031,5.35738
201400014604,18,4,14,14,1,13,55,2,1,1,6,"01, BD CHARLES LIVON",43.29223,5.36333
201400014605,10,4,14,7,1,13,55,2,1,1,6,"123, BD PERIER",43.27828,5.37884
201400014606,22,4,14,8,1,13,55,2,6,2,6,"00, RPT DES PIERRE GUERR",43.25046,5.38885
201400014607,24,4,14,18,1,13,55,2,1,1,6,"212, VSN PRADO CASTELLAN",0.0,0.0
201400014608,14,5,14,17,1,13,55,2,1,1,2,"41, AVE ANDRE ZENATTI",0.0,0.0
201400014609,13,1,14,19,5,13,55,2,1,2,1,"19, AVE DE SAINT MENET",43.2897,5.49561
201400014610,11,5,14,8,1,13,55,1,1,1,7,AVE DE SAINT MENET,0.0,0.0
201400014611,12,5,14,15,1,13,55,2,1,1,6,"00, RTE DE LA SABLIERE",0.0,0.0
201400014612,13,5,14,19,1,13,55,2,1,1,6,"89, CHE DU MERLAN A LA R",0.0,0.0
201400014613,7,4,14,10,1,13,55,2,1,1,6,"60, RUE FRANCOIS MAURIAC",43.27533,5.4179
201400014614,12,4,14,18,1,13,2,2,1,1,6,ETIENNE CUCCA-CD908 (AVE,0.0,0.0
201400014615,7,4,14,17,1,13,55,2,1,1,2,"00, RUE DU CARGO RHIN FI",0.0,0.0
201400014616,5,5,14,10,1,13,55,2,1,1,7,"94, AVE CAMILLE PELLETAN",43.30776,5.37392
201400014617,2,5,14,6,1,13,55,2,6,1,6,"87, RUE JULES ISAAC",43.25205,5.40069
201400014618,3,5,14,11,1,13,55,2,1,1,6,"21, AVE DE LA CAPELETTE",43.28363,5.39985
201400014619,5,5,14,18,1,13,55,1,2,1,5,"50, BD QUEIREL",43.28158,5.43424
201400014620,20,5,14,10,1,13,55,2,1,1,2,"18, RUE FRANCIS DAVSO",43.29351,5.37786
201400014621,8,5,14,15,1,13,55,2,1,1,6,"614, AVE DU PRADO",43.2625,5.37535
201400014622,8,5,14,20,5,13,55,2,1,1,6,"59, BD PERIER",43.27919,5.38347
201400014623,9,5,14,16,1,13,55,2,1,1,6,"00, AVE PIERRE MENDES FR",0.0,0.0
201400014624,10,5,14,18,1,13,55,2,1,1,6,"78, BD DES FAUVETTES",43.31616,5.43883
201400014625,13,5,14,14,1,13,55,2,1,1,2,"182, AVE JULES CANTINI",43.27912,5.39619
201400014626,14,5,14,12,1,13,55,2,1,1,6,"60, AVE DE LA TIMONE",43.28575,5.4027
201400014627,13,5,14,15,1,13,55,2,1,1,6,"01, AVE VITON",0.0,0.0
201400014628,12,5,14,18,1,13,55,2,1,1,6,"157, BD DE SAINT MARCEL",43.28772,5.46461
201400014629,13,5,14,12,1,13,55,2,1,1,1,"12, AVE DE LA GROGNARDE",43.29186,5.43557
201400014630,23,4,14,15,1,13,55,2,1,1,6,"01, BD DU MARECHAL JUIN",0.0,0.0
201400014631,25,4,14,13,1,13,55,2,1,2,1,"03, BD CAMILLE FLAMMARIO",43.30428,5.38873
201400014632,25,4,14,15,1,13,55,2,2,1,2,"25, BD DE LA LIBERTE",43.30092,5.3824
201400014633,24,4,14,18,1,13,55,2,1,1,1,"17, AVE ALEXANDRE ANSALD",43.33535,5.40003
201400014634,17,2,14,8,1,13,55,2,1,1,1,"167, AVE JULES CANTINI",0.0,0.0
201400014635,28,4,14,19,1,13,55,2,1,1,6,"151, BD PAUL CLAUDEL",43.26819,5.41577
201400014636,14,4,14,10,1,13,55,2,1,1,6,"23, BD DES TRINITAIRES",43.27179,5.4067
201400014637,17,4,14,17,1,13,55,2,1,1,6,"13BIS, BD DE LA PUGETTE",43.26878,5.40175
201400014638,1,5,14,20,2,13,55,2,1,1,1,"40, BD QUEIREL",43.28186,5.43396
201400014639,2,5,14,13,1,13,55,2,1,2,6,"274, AVE DES POILUS",43.31645,5.46097
201400014640,30,4,14,11,1,13,55,2,1,1,2,"18, AVE DES OLIVES",43.32935,5.43046
201400014641,19,5,14,10,1,13,55,2,1,2,6,"09, RUE D' ORANGE",43.31217,5.38643
201400014642,14,4,14,19,1,13,55,2,2,1,3,"27, RUE JOEL RECHER",43.28772,5.3624
201400014643,7,5,14,18,1,13,55,2,1,1,6,"000, CRS BELSUNCE",0.0,0.0
201400014644,9,5,14,17,1,13,55,2,2,1,3,"34, RUE DE FORBIN",43.30536,5.36936
201400014645,25,4,14,13,1,13,55,2,2,1,3,"66, BD DE LA CONCORDE",43.24816,5.40105
201400014646,15,4,14,15,1,13,55,2,1,1,6,"83, RPT MTEE ST MENET TS",0.0,0.0
201400014647,7,5,14,16,1,13,55,2,3,1,6,"123, RUE PIERRE DOIZE",43.27707,5.42722
201400014648,12,5,14,6,1,13,55,2,1,1,6,"01, TRA DE LA VERRERIE",43.27976,5.41838
201400014649,30,4,14,16,1,13,55,2,1,1,2,"00, PAR BORELY",0.0,0.0
201400014650,25,5,14,2,5,13,55,2,1,1,6,"198, AVE DES CHARTREUX",43.31126,5.40106
201400014651,5,5,14,7,1,13,55,2,3,1,2,"146, RUE PARADIS",43.2871,5.37947
201400014652,23,4,14,13,1,13,55,2,2,1,3,"39, RUE DE L' OLIVIER",43.29461,5.38898
201400014653,10,5,14,22,5,13,55,2,3,1,3,"189, RUE SAINT PIERRE",43.29233,5.39692
201400014654,5,5,14,15,1,13,55,2,3,1,6,"132, AVE DU PRADO",43.27988,5.38681
201400014655,11,4,14,16,1,13,55,2,1,1,6,"63, BD JEAN MOULIN",43.28549,5.39882
201400014656,30,4,14,8,1,13,55,2,7,1,3,"00, BD DE LA CONCORDE",43.2506,5.40345
201400014657,4,3,14,10,1,13,55,2,1,1,2,"87, AVE FERNANDEL",43.31168,5.45314
201400014658,11,4,14,20,5,13,55,2,1,1,6,"83, TRA DU DIABLE",43.30924,5.44937
201400014659,5,5,14,7,1,13,75,2,1,1,2,"36, PAUL SIRVENT (AVE)",0.0,0.0
201400014660,25,5,14,15,1,13,55,2,3,1,2,"210, BD ROMAIN ROLLAND",43.27459,5.41524
201400014661,26,5,14,22,5,13,55,2,1,1,6,AVE ALEXANDRE FLEMING,0.0,0.0
201400014662,27,5,14,9,1,13,55,2,1,1,3,"92 BIS, VSN SABLES JAUNE",43.31129,5.4356
201400014663,2,5,14,8,1,13,55,2,1,1,2,"27, BD CHARLES MORETTI",43.32609,5.37712
201400014664,5,5,14,17,1,13,55,2,1,1,2,"00, VOL PASSER PLOMBIERE",0.0,0.0
201400014665,4,4,14,18,1,13,55,2,1,1,6,"83, BD DU REDON",0.0,0.0
201400014666,15,5,14,18,1,13,55,2,1,1,2,"306, BD DE SAINT MARCEL",43.28624,5.47353
201400014667,9,5,14,7,1,13,55,2,1,1,6,"02, AVE DES CIGALONS",43.30332,5.45381
201400014668,25,4,14,14,1,13,55,2,1,1,6,"000, RUE GEORGES DE BEAU",0.0,0.0
201400014669,25,4,14,17,1,13,55,2,1,1,6,"00, CHE DE SAINTE MARTHE",0.0,0.0
201400014670,11,5,14,1,3,13,2,2,1,1,7,"01, ALLAUCH A PICHAURIS",0.0,0.0
201400014671,31,5,14,1,5,13,55,2,1,1,6,"0, AVE DU PRADO",43.28185,5.38569
201400014672,31,5,14,4,5,13,55,2,1,1,6,"68, BD NATIONAL",43.30558,5.38401
201400014673,19,4,14,19,1,13,55,2,1,1,6,"47, AVE DE TOULON",43.28535,5.38817
201400014674,6,4,14,21,5,13,55,2,1,1,1,"30, BD CAMILLE FLAMMARIO",43.30482,5.39052
201400014675,23,4,14,13,1,13,55,2,1,1,6,"65, AVE DE TOULON",43.28512,5.38917
201400014676,12,5,14,8,1,13,55,2,1,1,6,"55, BD SAKAKINI",43.2959,5.40038
201400014677,3,5,14,13,1,13,55,2,1,1,6,"142, BD DE SAINT MARCEL",43.28794,5.46397
201400014678,25,2,14,10,1,13,55,2,2,1,3,"00, RUE ALPHONSE DAUDET",43.32231,5.4127
201400014679,15,5,14,11,1,13,55,2,1,1,6,"45, AVE DE SAINT LOUIS",43.34435,5.3594
201400014680,15,5,14,20,1,13,55,2,1,1,6,"30, BD CAMILLE FLAMMARIO",43.30481,5.39068
201400014681,29,4,14,16,1,13,55,2,1,1,2,"306, AVE DU VINGT QUATRE",43.31032,5.44229
201400014682,14,5,14,9,1,13,55,2,1,1,1,"23, RUE DES AYGADIERS",43.34747,5.41619
201400014683,16,5,14,7,1,13,55,2,1,1,6,"141, TRA CHARLES SUSINI",43.34105,5.41108
201400014684,16,5,14,12,1,13,55,2,1,1,6,"01, CHE DES JONQUILLES",0.0,0.0
201400014685,17,5,14,15,1,13,55,2,1,1,1,"428, AVE DE SAINT ANTOIN",43.38242,5.35807
201400014686,17,5,14,16,1,13,55,2,2,1,6,"17, BD DE PLOMBIERES",43.31477,5.38857
201400014687,18,5,14,22,5,13,55,2,2,1,3,"28, RUE STANISLAS TORREN",43.28779,5.37823
201400014688,2,5,14,11,1,13,55,2,1,1,6,"91, CHE DU ROY D' ESPAGN",0.0,0.0
201400014689,13,5,14,12,1,13,55,2,2,1,3,"151, BD MICHELET",43.26524,5.39568
201400014690,13,5,14,17,1,13,55,2,1,1,4,"69, AVE D' HAIFA",43.25111,5.39024
201400014691,16,5,14,7,1,13,55,2,1,1,6,"27, BD DE LOUVAIN",43.27632,5.39274
201400014692,19,3,14,20,5,13,55,2,1,1,6,"161, BD RABATAU",0.0,0.0
201400014693,26,5,14,0,5,13,55,2,1,1,2,"391, BD PIERRE DRAMARD",0.0,0.0
201400014694,9,5,14,12,1,13,55,2,1,1,6,"42, AVE BACCHUS",0.0,0.0
201400014695,22,5,14,10,1,13,55,2,1,1,6,"278, CHE DE SAINT ANTOIN",0.0,0.0
201400014696,29,3,14,17,1,13,55,2,1,1,6,"00, BD DU MARECHAL JUIN",0.0,0.0
201400014697,29,4,14,8,1,13,55,2,1,1,2,"317, COR PRESIDENT JOHN",43.27466,5.36067
201400014698,3,5,14,19,1,13,55,2,1,1,3,"100, CRS LIEUTAUD",43.29114,5.38305
201400014699,15,5,14,17,1,13,55,2,1,1,6,BD BOUYALA D' ARNAUD,0.0,0.0
201400014700,17,5,14,11,1,13,55,2,3,1,6,"02, AVE DU DOCTEUR HECKE",0.0,0.0
201400014701,8,4,14,14,1,13,55,2,1,1,6,"472, RPT FRANCE INDOCHIN",0.0,0.0
201400014702,30,4,14,19,1,13,55,2,1,1,2,"00, BD LIONEL TERRAY",0.0,0.0
201400014703,1,6,14,9,1,13,55,2,1,1,6,"02, BD SIDOLLE",43.28153,5.42366
201400014704,24,5,14,13,1,13,55,2,3,1,3,"157, BD DE PLOMBIERES",43.31846,5.37954
201400014705,18,3,14,11,1,13,55,2,1,1,6,"01, AVE DU CAP PINEDE RO",0.0,0.0
201400014706,16,4,14,10,1,13,55,2,1,1,6,"118, CHE DE MIMET",43.38115,5.35824
201400014707,9,5,14,18,1,13,55,2,1,1,5,"182, BD HENRI BARNIER",43.36875,5.34476
201400014708,17,5,14,0,5,13,55,2,1,1,6,"179, BD DE SAINT MARCEL",43.28729,5.46586
201400014709,19,5,14,12,1,13,55,2,1,2,6,"28, AVE ANDRE ZENATTI",0.0,0.0
201400014710,20,5,14,20,2,13,55,2,3,1,6,"187, AVE PIERRE MENDES F",43.2525,5.37587
201400014711,20,5,14,9,1,13,55,2,1,1,4,"130, BD RABATAU",43.2785,5.39925
201400014712,20,5,14,15,1,13,55,2,1,1,3,"280, AVE DU PRADO",43.27388,5.39025
201400014713,20,5,14,21,3,13,75,2,3,1,3,"89, FREDERIC MISTRAL (AV",0.0,0.0
201400014714,22,5,14,12,1,13,55,2,1,1,3,"30, BD BARRAL",43.2647,5.39342
201400014715,23,5,14,3,5,13,55,2,1,1,7,"122, BD DE PONT DE VIVAU",43.28153,5.42341
201400014716,23,5,14,15,1,13,55,2,1,1,6,"00, RUE PIERRE DOIZE",0.0,0.0
201400014717,12,3,14,10,1,13,55,2,1,1,2,"09, AVE DE GARLABAN",43.29822,5.41857
201400014718,23,3,14,21,5,13,55,2,1,1,6,"00, ALL DES PRIMEVERES",0.0,0.0
201400014719,6,5,14,19,1,13,55,2,1,1,2,"02, CV DE LA MILLIERE A",0.0,0.0
201400014720,17,5,14,18,1,13,55,2,1,1,5,"52, AVE DE LA CROIX ROUG",43.33149,5.43325
201400014721,24,5,14,17,1,13,55,2,1,1,1,"96, CHE DE LA PELOUQUE",43.36491,5.33789
201400014722,3,6,14,17,1,13,55,2,1,1,4,"000, RUE MAHBOUBI TIR",0.0,0.0
201400014723,25,4,14,14,1,13,55,2,1,1,6,"23, IMP BOYER",0.0,0.0
201400014724,12,5,14,9,1,13,55,2,1,1,1,"61, RUE PAUL LANGEVIN",43.34335,5.43164
201400014725,14,5,14,9,1,13,55,2,1,1,7,"37, BD PIERRE DRAMARD",0.0,0.0
201400014726,17,5,14,10,1,13,55,2,1,1,2,"100, AVE DES OLIVES",43.32753,5.43598
201400014727,23,5,14,14,1,13,55,2,1,1,6,"71, AVE DE LA VISTE",43.35721,5.35747
201400014728,3,5,14,18,1,13,55,2,1,1,2,"56, RUE GRANOUX",43.29875,5.40059
201400014729,22,5,14,10,1,13,55,2,1,1,6,"00, AVE SAINT PAUL",0.0,0.0
201400014730,2,6,14,12,1,13,55,2,1,1,6,"01, BD THERMIDOR",43.33561,5.43646
201400014731,19,5,14,16,1,13,55,2,1,2,3,"97, AVE DES OLIVES",43.32751,5.43608
201400014732,20,5,14,10,1,13,55,2,1,1,2,"38, AVE CAMILLE PELLETAN",43.30377,5.37366
201400014733,23,5,14,12,1,13,55,2,1,1,5,"80, AVE DES AYGALADES",43.33714,5.3673
201400014734,19,5,14,17,1,13,55,2,1,1,6,"63, AVE DE SAINT JEROME",43.33072,5.41921
201400014735,4,5,14,11,1,13,55,2,1,1,2,"107, BD SAKAKINI",43.2926,5.40135
201400014736,8,5,14,18,1,13,55,2,1,1,7,"31, ALL LATERALE P. CRS",0.0,0.0
201400014737,14,5,14,16,1,13,55,2,2,1,3,"43, AVE DE LA CORSE",43.2891,5.36206
201400014738,13,5,14,11,1,13,55,2,1,1,6,"00, RUE CHARRAS",0.0,0.0
201400014739,30,5,14,20,1,13,55,1,1,1,6,"21, BD CARMAGNOLE",43.26829,5.38704
201400014740,23,5,14,21,5,13,55,2,1,1,7,"28, RUE JULES ISAAC",43.25609,5.39845
201400014741,31,5,14,14,1,13,55,2,6,1,3,"00, RPT IAN PALACH",43.27892,5.42628
201400014742,21,4,14,12,1,13,55,2,3,1,6,"19, QAI DES BELGES",43.29529,5.37442
201400014743,20,5,14,13,1,13,55,2,1,1,6,"01, BD DE LA LIBERTE",43.30069,5.38084