Num_Acc,jour,mois,an,hr,condition_eclairage,departement,commune,condition_agglomeration,intersection,condition_atmosphere,type_collision,adresse,lattitude,longitude
201400014744,20,5,14,17,1,13,55,2,1,1,6,"41, RUE BERLIOZ",43.28979,5.3855
201400014745,2,5,14,9,1,13,55,2,1,1,6,"40, BD VOLTAIRE",43.30269,5.38435
201400014746,24,5,14,22,5,13,55,2,1,1,2,"00, AVE ALEXANDRE FLEMIN",0.0,0.0
201400014747,30,5,14,16,1,13,55,2,6,1,2,"00, AVE DE HAMBOURG",43.24613,5.39454
201400014748,31,5,14,6,2,13,55,2,1,1,6,"251, BD PERIER",43.27715,5.37554
201400014749,26,4,14,19,1,13,55,2,1,1,6,"258, BD ROMAIN ROLLAND",0.0,0.0
201400014750,19,5,14,13,1,13,55,2,1,2,6,TRA REGNY,0.0,0.0
201400014751,20,5,14,15,1,13,55,2,1,1,2,"182, BD DE SAINTE MARGUE",43.2652,5.40897
201400014752,27,5,14,17,1,13,55,2,1,1,6,"56, BD ROMAIN ROLLAND",43.27958,5.42357
201400014753,28,5,14,10,1,13,55,2,1,1,6,"02, AVE DU DOCTEUR HECKE",43.28997,5.4411
201400014754,27,5,14,16,1,13,55,2,1,1,6,"38, BD BARRAL",43.2643,5.39242
201400014755,12,5,14,18,1,13,55,2,3,1,3,"262, AVE DE LA CAPELETTE",43.27913,5.41223
201400014756,13,5,14,7,1,13,55,2,3,1,3,"46, CHE DU VALLON DE TOU",43.26687,5.42409
201400014757,14,5,14,8,1,13,55,2,1,1,2,"190, VSN PERIER",43.27878,5.37709
201400014758,23,5,14,17,1,13,55,2,3,1,3,"01, AVE SOLE MIO",0.0,0.0
201400014759,14,3,14,17,1,13,55,2,1,1,1,"33, AVE CLOT BEY",43.26019,5.38824
201400014760,26,5,14,16,1,13,55,2,3,1,3,"02, BD DE LA CHARBONNELL",43.29824,5.41669
201400014761,16,5,14,20,1,13,55,2,1,1,2,"06, BD SIMON BOLIVAR",43.34145,5.3776
201400014762,7,5,14,15,1,13,55,2,1,1,6,"255, AVE DU PRADO",43.27422,5.39067
201400014763,7,5,14,12,1,13,55,2,1,1,6,"34, CHE DE SAINT JOSEPH",43.34091,5.38675
201400014764,19,5,14,10,1,13,55,2,1,2,6,"327, COR PRESIDENT JOHN",43.2739,5.36239
201400014765,9,5,14,8,1,13,55,2,1,1,6,BD SIMON BOLIVAR,0.0,0.0
201400014766,16,4,14,13,1,13,55,2,1,1,2,"194, BD DE SAINT LOUP",43.28457,5.43701
201400014767,9,6,14,23,5,13,55,2,1,1,6,"147, AVE DES CHARTREUX",43.30844,5.40026
201400014768,6,6,14,1,5,13,55,2,1,1,6,"04, BD LOUIS VILLECROZE",0.0,0.0
201400014769,6,6,14,13,1,13,55,2,1,1,6,"00, QAI DE LA TOURETTE",0.0,0.0
201400014770,2,5,14,15,1,13,55,2,1,1,1,"000, CHE DE NOTRE DAME D",0.0,0.0
201400014771,15,5,14,12,1,13,55,2,3,1,6,"000, RUE DESIREE CLARY",43.30949,5.37264
201400014772,19,5,14,17,2,13,55,2,1,1,6,"00, RUE LOUBON",0.0,0.0
201400014773,21,5,14,11,1,13,55,2,3,1,3,"114, TRA CHARLES SUSINI",43.33973,5.41377
201400014774,27,1,14,12,1,13,55,2,2,1,3,"00, BD BOISSON",43.29682,5.40397
201400014775,23,4,14,18,1,13,55,2,1,1,2,"141, BD FRANCOISE DUPARC",43.30794,5.40192
201400014776,17,5,14,1,5,13,55,2,2,1,3,"50, CRS GOUFFE",43.28637,5.38578
201400014777,18,5,14,18,1,13,55,2,2,1,3,"06, RUE EDOUARD PONS",43.28862,5.38838
201400014778,17,5,14,11,1,13,55,2,1,1,6,"09, PCE ROBESPIERRE",0.0,0.0
201400014779,2,6,14,8,1,13,55,2,1,1,6,"193, AVE DE LA CAPELETTE",43.28042,5.40831
201400014780,11,6,14,15,1,13,55,2,1,1,2,"03, CRS GOUFFE",43.28629,5.3862
201400014781,11,6,14,18,1,13,55,2,1,1,6,"45, BD FRANCOISE DUPARC",43.30385,5.40079
201400014782,12,6,14,5,2,13,55,2,1,1,2,"26, BD SAKAKINI",43.29796,5.40082
201400014783,1,6,14,18,1,13,55,2,1,1,6,"138, AVE PIERRE MENDES F",0.0,0.0
201400014784,2,6,14,21,2,13,55,2,1,1,2,"24, RUE LOUIS REGE",43.28148,5.39141
201400014785,5,6,14,11,1,13,106,2,3,1,1,"00, NELSON MANDELA (AVEN",43.40847,5.36654
201400014786,4,4,14,14,1,13,55,2,1,1,6,"239, VSN MORGIOU CHE",0.0,0.0
201400014787,9,4,14,16,1,13,55,2,1,1,5,"82, RUE AUGUSTIN AUBERT",43.2656,5.40345
201400014788,24,5,14,15,1,13,55,2,1,1,6,"338, AVE DE MAZARGUES",43.25972,5.39405
201400014789,27,5,14,7,1,13,55,2,1,1,6,"00, AVE DE LATTRE DE TAS",0.0,0.0
201400014790,3,6,14,8,1,13,106,1,3,1,3,"00, BEDOULE (CHEMIN DE L",0.0,0.0
201400014791,2,6,14,13,1,13,55,2,1,1,3,"81, BD HENRI BARNIER",43.37264,5.3495
201400014792,22,4,14,18,1,13,55,2,1,1,6,"91, ALL DE LA ROUGUIERE",43.2976,5.45774
201400014793,20,5,14,7,1,13,55,2,1,1,6,"162, AVE DE LA TIMONE",43.28607,5.4097
201400014794,23,5,14,15,1,13,55,2,1,1,6,"174, BD DU REDON",43.25129,5.42198
201400014795,3,6,14,14,1,13,55,2,1,1,6,"219, BD DE SAINT LOUP",43.28489,5.43932
201400014796,20,5,14,16,1,13,55,2,1,1,2,CHE DE SAINT JOSEPH A SA,0.0,0.0
201400014797,25,5,14,16,1,13,55,2,3,1,3,"52, BD DANIELLE CASANOVA",43.32315,5.37428
201400014798,30,5,14,8,1,13,55,2,1,1,6,"124, CHE DE NOTRE DAME D",43.33905,5.42857
201400014799,2,6,14,12,1,13,55,2,1,1,2,"0, RPT PIERRE PARAF",0.0,0.0
201400014800,22,4,14,18,1,13,55,2,1,1,6,"39, BD BALTHAZAR BLANC",43.34455,5.35751
201400014801,31,1,14,12,1,13,55,2,1,1,6,"34, VOI LA CANEBIERE",0.0,0.0
201400014802,1,6,14,16,1,13,55,2,3,1,3,"205, RUE PARADIS",43.2839,5.38083
201400014803,2,6,14,5,2,13,55,2,1,1,6,"69, BD BAILLE",43.28731,5.38891
201400014804,29,5,14,16,1,13,55,2,1,1,1,"01, RUE MIGNARD",43.26204,5.40087
201400014805,2,6,14,11,1,13,55,2,1,1,6,"14, RUE FRANCOIS MAURIAC",43.27832,5.41648
201400014806,8,6,14,22,5,13,55,2,1,1,6,"30, BD SCHLOESING",43.27323,5.40057
201400014807,15,2,14,22,5,13,55,2,1,1,6,"43, AVE DE LA VISTE",43.35631,5.35735
201400014808,25,5,14,17,1,13,55,2,1,1,6,"11, AVE DES OLIVES",43.32958,5.43007
201400014809,27,5,14,12,1,13,55,2,1,1,6,CHE DU MERLAN A LA ROSE,0.0,0.0
201400014810,20,5,14,18,1,13,55,2,3,1,6,"130, AVE DE LA VISTE",0.0,0.0
201400014811,2,6,14,16,1,13,55,2,1,1,6,"21, AVE DE LA CROIX ROUG",43.3306,5.43072
201400014812,1,6,14,4,5,13,55,2,1,1,3,"366, AVE DE SAINT ANTOIN",43.37908,5.35702
201400014813,1,6,14,5,5,13,55,2,2,1,3,"01, BD DE PLOMBIERES",43.31489,5.38787
201400014814,4,6,14,12,1,13,55,2,1,1,1,"305, CHE DE SAINTE MARTH",43.33613,5.39215
201400014815,6,6,14,19,1,13,55,2,3,1,6,"21, BD SIMON BOLIVAR",43.34105,5.37735
201400014816,24,1,14,10,1,13,55,2,1,1,1,"34, AVE DE SAINT JEROME",43.32929,5.41895
201400014817,2,6,14,7,1,13,55,2,1,1,6,"03, AVE ROGER SALENGRO",43.30911,5.37403
201400014818,28,4,14,17,1,13,55,2,1,1,6,"86, BD VAUBAN",43.28317,5.37479
201400014819,13,5,14,14,1,13,55,2,1,1,6,"22, RUE DE LA GRANDE ARM",43.30101,5.38353
201400014820,21,5,14,16,1,13,55,2,1,1,2,"00, RUE DE LA REINE ELIS",0.0,0.0
201400014821,28,5,14,8,1,13,55,2,2,1,6,"272, BD CHAVE",43.29596,5.4022
201400014822,28,5,14,14,1,13,55,2,1,1,6,"11, BD DU DOCTEUR DAVID",43.29297,5.39758
201400014823,1,6,14,2,5,13,55,2,1,1,2,"100, BD DE LA LIBERATION",43.30102,5.39117
201400014824,3,6,14,7,1,13,55,2,1,1,6,"366, AVE DES POILUS",43.31325,5.46362
201400014825,27,5,14,15,1,13,55,2,1,1,6,"355, AVE DU PRADO",43.27016,5.38803
201400014826,28,5,14,19,1,13,106,2,1,1,6,"000, COLLINES (R?SIDENCE",0.0,0.0
201400014827,18,6,14,7,1,13,55,2,1,1,3,"149, BD BAILLE",43.28947,5.39694
201400014828,18,6,14,1,5,13,55,2,1,1,3,"20, RUE SAINT THEODORE",0.0,0.0
201400014829,13,5,14,7,1,13,55,2,1,1,6,"000, AVE DU MARCHE NATIO",0.0,0.0
201400014830,3,6,14,16,1,13,55,2,6,1,3,"126, RPT ADRIEN LEGROS 1",43.29081,5.47281
201400014831,30,5,14,3,5,13,55,2,1,1,1,"240, CHE SAINT JEAN DU D",43.29546,5.41924
201400014832,3,6,14,13,1,13,55,2,1,1,6,"20, ALL DE LA ROUGUIERE",43.29585,5.45808
201400014833,12,5,14,18,1,13,55,2,3,1,3,"01, CHE DE LA MADRAGUE V",0.0,0.0
201400014834,3,6,14,7,1,13,55,2,1,1,2,"79, AVE DE LA ROSE",0.0,0.0
201400014835,6,6,14,13,1,13,55,2,3,1,3,"00, AVE RAIMU",43.33576,5.39873
201400014836,5,6,14,19,1,13,55,2,1,1,6,"01, AVE DU CAP PINEDE RO",0.0,0.0
201400014837,11,6,14,11,1,13,55,2,1,1,6,"67, BD MARIUS RICHARD",43.31561,5.42733
201400014838,5,6,14,11,1,13,55,2,1,1,6,"08, BD DE PARIS",43.30558,5.37262
201400014839,28,5,14,12,1,13,55,2,1,1,6,"149, BD MICHELET",43.2652,5.39571
201400014840,21,5,14,14,1,13,55,2,1,1,6,"384, BD MICHELET",43.25502,5.40094
201400014841,29,5,14,20,2,13,55,2,1,1,7,"08, AVE DES GOUMIERS",43.24785,5.37511
201400014842,5,5,14,13,1,13,55,2,1,1,2,"38, AVE DE LA FIGONE",43.30672,5.43824
201400014843,20,5,14,10,1,13,55,2,1,1,7,"63, RUE SAINT JEAN DU DE",43.29835,5.43621
201400014844,12,3,14,6,5,13,55,2,1,1,2,"12, AVE ROBERT SCHUMAN",43.30073,5.36591
201400014845,17,4,14,20,2,13,55,2,3,1,3,"57, AVE DU GENERAL LECLE",43.30325,5.37896
201400014846,5,6,14,20,1,13,106,2,1,1,6,"102, 8 MAI 1945 (AVENUE",43.40527,5.37184
201400014847,8,6,14,13,1,13,55,2,1,1,6,"146, AVE DES OLIVES",43.32638,5.43873
201400014848,8,6,14,19,1,13,55,2,1,1,2,"58, AVE DE LA CROIX ROUG",43.33156,5.4334
201400014849,16,6,14,13,1,13,55,2,1,1,6,"110, BD DE LA LIBERATION",43.30116,5.3916
201400014850,7,6,14,12,1,13,55,2,1,1,3,"90, AVE DU PRADO",43.28185,5.38569
201400014851,5,6,14,17,1,13,55,2,1,1,6,"26, RUE ELZEARD ROUGIER",43.3094,5.41031
201400014852,11,6,14,15,1,13,55,2,1,1,2,"00, RUE JOSEPH CLERISSY",0.0,0.0
201400014853,19,6,14,11,1,13,55,2,1,1,6,"779, AVE DE MAZARGUES",43.24827,5.39893
201400014854,29,5,14,16,1,13,55,2,1,1,6,"02, QAI D ARENC",43.31228,5.36699
201400014855,4,6,14,18,1,13,55,2,1,1,6,"96, BD DANIELLE CASANOVA",43.32511,5.37391
201400014856,30,4,14,10,1,13,55,2,1,1,6,"57, RUE ROQUEBRUNE",43.30799,5.40475
201400014857,29,5,14,10,1,13,55,2,2,1,3,"00, BD FRANCOISE DUPARC",43.30293,5.40079
201400014858,5,6,14,15,1,13,55,2,1,1,6,"18, BD GARIBALDI",43.29675,5.38123
201400014859,6,6,14,20,1,13,55,2,1,1,3,"549, BD DE LA CORDERIE",0.0,0.0
201400014860,20,5,14,9,1,13,55,2,1,1,2,"101, BD DES LIBERATEURS",43.29838,5.45915
201400014861,20,5,14,11,1,13,55,2,2,1,3,"23, RUE GRAND RUE",43.29775,5.37209
201400014862,4,6,14,20,1,13,55,2,6,1,2,"01, AVE SALVADOR ALLENDE",43.33013,5.38907
201400014863,5,6,14,18,1,13,55,2,3,1,2,"00, RUE LE CHATELIER",43.34707,5.36847
201400014864,7,6,14,12,1,13,55,2,2,1,3,"17, RUE CRINAS",43.28803,5.36096
201400014865,23,5,14,15,1,13,55,2,3,1,6,"74, AVE DE MAZARGUES",43.26772,5.38925
201400014866,9,6,14,19,1,13,55,2,1,1,6,"263, AVE DU PRADO",43.274,5.39079
201400014867,10,6,14,9,1,13,55,2,1,1,6,"458, RUE DE LYON",43.34171,5.36022
201400014868,10,6,14,15,1,13,55,2,3,1,3,"00, CHE DE SAINT ANTOINE",43.35188,5.37313
201400014869,11,6,14,8,1,13,55,2,1,1,3,"01, RPT PERE WRESINKI",0.0,0.0
201400014870,11,6,14,20,1,13,55,2,1,1,1,"01, VOL FRAIS VALLON / J",0.0,0.0
201400014871,18,5,14,6,2,13,75,2,1,1,7,"31, LOUIS PASTEUR (AVE)",43.3527,5.46729
201400014872,27,5,14,16,1,13,55,2,1,1,6,"28, TRA PARANGON",43.24506,5.38016
201400014873,2,6,14,16,2,13,55,2,3,1,3,"147, AVE WILLIAM BOOTH",0.0,0.0
201400014874,24,1,14,20,1,13,55,2,2,1,3,"51, RUE D' ITALIE",43.28884,5.38289
201400014875,2,5,14,13,1,13,55,2,2,2,3,"10, RUE DE LA REPUBLIQUE",43.29692,5.37363
201400014876,13,5,14,0,5,13,55,2,2,1,3,"22, AVE DE CORINTHE",43.28305,5.39
201400014877,26,5,14,17,1,13,55,2,1,1,4,"169, RUE SAINT PIERRE",43.29218,5.39542
201400014878,7,6,14,15,1,13,55,2,1,1,6,"28, BD JEAN MOULIN",43.2895,5.39997
201400014879,16,5,14,23,4,13,55,2,3,1,6,"35, AVE DE LA CORSE",43.2893,5.36314
201400014880,28,5,14,15,1,13,55,2,6,1,6,"00, PCE LOUIS BONNEFON",43.25441,5.38199
201400014881,3,6,14,18,1,13,55,2,1,1,2,"49, BD GILLIBERT",43.26436,5.40657
201400014882,14,5,14,15,1,13,55,2,1,1,6,AVE JEAN PAUL SARTRE,0.0,0.0
201400014883,27,5,14,13,1,13,55,1,3,1,3,"06, BD DE REIMS",0.0,0.0
201400014884,30,5,14,14,1,13,55,2,1,1,7,"76, RUE LE CHATELIER",43.34638,5.36518
201400014885,4,6,14,18,1,13,55,2,1,1,2,"01, VOL PASSERELLE PLOMB",0.0,0.0
201400014886,7,6,14,12,1,13,55,2,1,1,6,"148, CHE DE LA MADRAGUE",43.32755,5.36013
201400014887,11,6,14,18,1,13,55,2,6,1,3,"01, RPT PIERRE PARAF",43.33016,5.38905
201400014888,13,5,14,9,1,13,55,2,1,1,6,"430, RUE PARADIS",43.27545,5.38434
201400014889,7,6,14,16,1,13,55,2,3,1,6,"93, RUE FELIX PYAT",43.31613,5.37439
201400014890,17,6,14,8,1,13,55,2,4,1,6,"83, RTE DES TROIS LUCS A",43.3076,5.47026
201400014891,22,6,14,16,1,13,55,2,1,1,6,"90, CHE DU FOUR DE BUZE",43.34541,5.39792
201400014892,26,5,14,2,5,13,55,2,2,1,3,"00, BD NATIONAL",43.30348,5.38596
201400014893,11,3,14,17,1,13,55,2,2,1,2,"36, RUE DU ROUET",43.28416,5.38555
201400014894,21,5,14,15,1,13,55,2,1,1,2,"397, COR PRESIDENT JOHN",43.27009,5.36609
201400014895,6,6,14,23,4,13,55,2,1,1,2,"07, RUE FONDERE",43.30185,5.39896
201400014896,10,6,14,8,1,13,55,2,1,1,6,"95, AVE DU PRADO",43.28093,5.38688
201400014897,12,6,14,14,1,13,55,1,2,1,3,"10, RUE DE L' EGLISE SAI",43.2959,5.39362
201400014898,4,6,14,11,1,13,55,2,3,1,6,"166, BD DE PLOMBIERES",43.31901,5.37916
201400014899,10,6,14,15,1,13,55,2,1,1,2,"61, CHE DE SAINT ANTOINE",43.35347,5.37175
201400014900,12,6,14,17,1,13,55,2,1,2,2,"43, RUE FELIX PYAT",43.31418,5.37614
201400014901,14,6,14,18,1,13,55,2,1,1,4,"181, RUE LE CHATELIER",43.34895,5.37388
201400014902,21,5,14,12,1,13,55,2,1,6,6,"92, BD SAKAKINI",0.0,0.0
201400014903,12,6,14,16,1,13,55,2,2,1,3,"53, BD CHARLES MORETTI",43.32359,5.38665
201400014904,13,6,14,15,1,13,55,2,1,1,6,"04, BD DES DAMES",43.30164,5.37347
201400014905,17,6,14,8,1,13,55,2,1,1,2,"01, AVE ARNAVON",0.0,0.0
201400014906,11,6,14,7,1,13,55,2,1,1,2,"69, RTE D ENCO DE BOTTE",43.31601,5.46845
201400014907,12,6,14,16,1,13,55,2,1,1,2,"40, CHE DU ROY D' ESPAGN",0.0,0.0
201400014908,7,5,14,15,1,13,55,2,2,1,6,"60, BD VOLTAIRE",43.30348,5.38595
201400014909,13,6,14,19,1,13,55,2,1,1,6,"93, BD HENRI BARNIER",43.3712,5.35024
201400014910,3,6,14,15,1,13,55,2,1,1,6,"65, CHE DE LA PARETTE",43.29359,5.42513
201400014911,11,6,14,23,5,13,2,2,1,1,6,"31, GRAND'RUE (RUE)",0.0,0.0
201400014912,22,5,14,20,5,13,55,2,2,2,3,"13, BD BAILLE",43.28645,5.38557
201400014913,24,5,14,15,1,13,55,2,7,1,2,"107, BD SAKAKINI",43.29249,5.4013
201400014914,12,6,14,12,1,13,55,2,1,1,6,"01, RUE GILBERT BOSSY",0.0,0.0
201400014915,24,6,14,19,1,13,55,2,4,1,6,"245, AVE ROGER SALENGRO",43.32056,5.36755
201400014916,24,6,14,11,1,13,55,2,1,1,6,"00, PIERRE CHEVALIER (RU",0.0,0.0
201400014917,21,5,14,12,1,13,55,2,1,1,6,"17, AVE PASTEUR",43.29112,5.3591
201400014918,9,6,14,10,1,13,55,2,1,1,6,"279, COR PRESIDENT JOHN",43.27772,5.35584
201400014919,12,6,14,13,1,13,55,2,1,1,6,"10, BD CASSINI",43.30621,5.39601
201400014920,14,6,14,14,1,13,55,1,1,1,6,"10, VOI LA CANEBIERE",43.29551,5.37514
201400014921,7,6,14,20,1,13,55,2,1,1,6,"375, BD NATIONAL",43.31423,5.37357
201400014922,19,2,14,15,1,13,55,2,1,1,2,"99, BD FRANCOISE DUPARC",0.0,0.0
201400014923,18,6,14,9,2,13,55,2,1,1,6,"04, RUE DU MONASTERE",43.30169,5.40131
201400014924,12,6,14,19,1,13,55,2,1,2,7,"09, RUE RAIBAUD",43.28015,5.39876
201400014925,12,6,14,8,1,13,55,2,1,1,1,"130, BD MIREILLE LAUZE",43.2832,5.41178
201400014926,17,6,14,14,1,13,55,2,1,1,6,"21, BD FERDINAND DE LESS",43.32026,5.37195
201400014927,13,6,14,16,1,13,55,2,1,1,6,"54, BD DANIELLE CASANOVA",43.32328,5.37419
201400014928,26,6,14,14,1,13,55,2,1,1,4,"35, BD MARCEL DELPRAT",43.33426,5.45495
201400014929,30,6,14,1,5,13,55,2,1,1,3,"00, AVE DU CAP PINEDE RO",0.0,0.0
201400014930,24,6,14,14,1,13,55,2,1,1,2,"730, AVE DE MAZARGUES",0.0,0.0
201400014931,27,6,14,23,5,13,55,2,1,1,1,"58, BD DE LA MILLIERE",43.28328,5.49611
201400014932,2,7,14,2,5,13,55,2,1,1,6,"00, RPT JEAN MONDET",43.28988,5.48137
201400014933,20,2,14,19,5,13,55,2,1,1,6,"186, CHE DE LA MADRAGUE",43.3295,5.35901
201400014934,10,6,14,17,1,13,55,2,1,1,6,"15, BD DES DAMES",43.30209,5.37116
201400014935,16,6,14,14,1,13,55,2,1,1,6,"69, AVE DE LA CAPELETTE",43.28269,5.40241
201400014936,2,6,14,10,1,13,55,2,1,1,6,"272, BD DE SAINTE MARGUE",0.0,0.0
201400014937,27,6,14,15,1,13,55,2,1,1,1,"167, RUE D ENDOUME",43.28623,5.36079
201400014938,19,6,14,8,1,13,55,2,1,1,2,"123, BD DE PARIS",43.3105,5.3698
201400014939,10,6,14,11,1,13,55,2,3,1,3,"36, BD DE SAINT MARCEL",43.28872,5.45831
201400014940,17,6,14,8,1,13,55,2,1,1,6,"67, AVE DE LA FOURRAGERE",43.30022,5.43072
201400014941,15,6,14,15,1,13,55,2,5,8,3,CHE DE SAINT ANTOINE A S,0.0,0.0
201400014942,16,6,14,9,1,13,55,2,1,1,6,RPT ANTOINE SARTORIO,43.36162,5.34508
201400014943,17,6,14,17,1,13,55,2,1,1,6,"174, BD RABATAU",0.0,0.0
201400014944,24,6,14,11,1,13,55,2,1,1,6,"24, BD SCHLOESING",43.27422,5.39996
201400014945,18,6,14,18,1,13,55,2,1,1,6,"282, CHE DE LA MADRAGUE",43.33429,5.35815
201400014946,21,6,14,16,1,13,55,2,1,1,6,"120, AVE JEAN PAUL SARTR",0.0,0.0
201400014947,30,4,14,11,1,13,2,2,1,1,6,"07, QUATRE SAISONS (ROUT",0.0,0.0
201400014948,22,6,14,3,5,13,55,2,1,1,6,"03, AVE DES TILLEULS",0.0,0.0
201400014949,20,6,14,15,1,13,55,2,2,1,2,"15, TRA PARANGON",43.2459,5.38025
201400014950,12,6,14,8,1,13,55,2,1,1,6,"63, AVE JEAN LOMBARD",43.28908,5.43001
201400014951,20,6,14,12,1,13,55,2,1,1,6,"373, BD MICHELET",43.2552,5.40134
201400014952,12,6,14,21,5,13,55,2,1,1,6,"01, AVE WILLIAM BOOTH",0.0,0.0
201400014953,20,6,14,14,1,13,55,1,2,1,1,"00, BD ROMAIN ROLLAND",43.27667,5.41869
201400014954,25,6,14,17,1,13,55,2,1,1,1,"22, BD FERDINAND DE LESS",43.32007,5.37183
201400014955,19,6,14,15,1,13,55,2,1,1,6,"246, RUE DE LYON",43.33232,5.36449
201400014956,20,6,14,10,1,13,55,2,1,1,2,"54, AVE DU MERLAN",43.33636,5.40728
201400014957,27,6,14,7,1,13,55,2,6,1,6,"00, RPT JEAN MONDET",43.28968,5.48143
201400014958,2,7,14,16,1,13,55,2,1,1,6,"00, AVE DU CAP PINEDE RO",43.32887,5.36559
201400014959,11,6,14,9,1,13,55,2,1,1,2,"65, BD DU SABLIER",43.25129,5.38298
201400014960,17,6,14,12,1,13,55,2,1,1,4,"173, AVE CLOT BEY",43.25518,5.38218
201400014961,24,6,14,8,1,13,55,2,1,1,2,"304, CHE DE L ARMEE D AF",43.28549,5.4215
201400014962,29,6,14,17,1,13,55,2,1,1,6,"90, AVE DE MAZARGUES",0.0,0.0
201400014963,25,6,14,18,1,13,55,2,1,1,6,"00, CHE DE LA PARETTE",0.0,0.0
201400014964,14,6,14,9,1,13,55,2,1,1,6,"115, RUE MONTAIGNE",43.3039,5.41822
201400014965,11,6,14,10,1,13,55,2,1,1,2,"421, CHE DE LA MADRAGUE",43.3409,5.35209
201400014966,11,6,14,15,1,13,55,2,3,1,3,"171, AVE DE LA VISTE",43.3657,5.35689
201400014967,16,6,14,17,1,13,55,2,3,1,3,"01, RUE JEAN QUEILLAU",43.33199,5.38661
201400014968,19,6,14,8,1,13,55,2,1,1,7,"46, AVE DU CAP PINEDE RO",0.0,0.0
201400014969,26,6,14,9,1,13,55,2,1,1,6,"34, BD DU CAPITAINE GEZE",43.33027,5.37011
201400014970,31,5,14,19,1,13,55,2,1,1,5,"217, AVE DES POILUS",43.31949,5.46024
201400014971,1,6,14,15,1,13,55,2,1,1,6,"26, CHE DE SAINTE MARTHE",43.319,5.39026
201400014972,5,6,14,13,1,13,55,2,1,1,6,"00, BD DE L ANGELETTE",0.0,0.0
201400014973,23,6,14,20,5,13,55,1,1,1,6,"04, QAI D ARENC",43.31481,5.36561
201400014974,19,6,14,8,1,13,55,2,1,1,6,"63, BD JEAN MOULIN",43.2855,5.39882
201400014975,25,6,14,17,1,13,55,2,1,1,4,"00, AVE JEAN PAUL SARTRE",0.0,0.0
201400014976,23,6,14,16,1,13,55,2,1,1,6,"99, RUE DE LYON",43.32727,5.36621
201400014977,19,6,14,0,5,13,55,2,1,1,3,"00, AVE PIERRE MENDES FR",0.0,0.0
201400014978,16,5,14,9,1,13,55,2,1,1,6,"144, RTE DE LA VALENTINE",43.29007,5.47525
201400014979,9,6,14,19,1,13,55,2,7,1,6,"00, RUE CHARLES KADDOUZ",43.3076,5.42544
201400014980,20,6,14,14,1,13,55,2,1,1,6,"00, AVE DES POILUS",0.0,0.0
201400014981,20,6,14,19,1,13,55,2,1,1,2,"265, AVE DE LA CAPELETTE",43.27917,5.41202
201400014982,9,5,14,15,1,13,55,2,1,1,6,"00, BD ROMAIN ROLLAND",0.0,0.0
201400014983,5,4,14,12,1,13,55,2,1,1,6,"06, PCE DES ETATS UNIS",43.32617,5.37492
201400014984,30,5,14,19,1,13,55,2,1,1,1,"10, AVE DE BOISBAUDRAN",43.34041,5.37192
201400014985,27,6,14,6,1,13,55,2,1,1,3,"00, AVE DU GENERAL LECLE",0.0,0.0
201400014986,21,2,14,19,5,13,55,2,1,1,7,"08, PCE PAUL CEZANNE",43.29248,5.38324
201400014987,17,6,14,15,1,13,55,2,1,1,2,"208, RUE SAINT PIERRE",43.29255,5.39853
201400014988,17,5,14,11,1,13,55,2,1,1,2,"00, RPT ALAIN SAVARY",0.0,0.0
201400014989,19,6,14,10,1,13,55,2,1,1,3,"398, RUE PARADIS",43.27681,5.38379
201400014990,16,6,14,18,1,13,55,2,1,1,6,"220, RUE CHARLES KADDOUZ",43.31734,5.43816
201400014991,28,6,14,0,5,13,55,2,3,1,2,"340, BD ROMAIN ROLLAND",43.27057,5.40749
201400014992,19,4,14,15,1,13,55,2,1,1,6,"250, BD ROMAIN ROLLAND",43.27344,5.41312
201400014993,13,6,14,17,1,13,55,2,1,1,3,"02, AVE CLOT BEY",43.26221,5.38773
201400014994,24,6,14,14,1,13,55,2,1,1,6,"141, AVE DE LATTRE DE TA",43.24615,5.41755
201400014995,2,7,14,14,1,13,55,2,1,1,6,"36, BD CHARLES NEDELEC",43.30291,5.37821
201400014996,26,6,14,17,1,13,55,2,1,1,2,"57, RUE DE L AUDIENCE",43.29606,5.48678
201400014997,23,6,14,9,1,13,55,2,1,1,6,"01, RUE PLUMIER",43.30469,5.36967
201400014998,26,6,14,17,1,13,55,2,1,1,6,"00, AVE FRANCOIS MIGNET",0.0,0.0
201400014999,16,6,14,16,1,13,55,2,1,1,3,"11, AVE DE SAINT ANTOINE",43.36655,5.3567