Num_Acc,jour,mois,an,hr,condition_eclairage,departement,commune,condition_agglomeration,intersection,condition_atmosphere,type_collision,adresse,lattitude,longitude
201400015000,26,6,14,20,1,13,55,2,1,1,3,"49, AVE FRANCOIS MIGNET",43.33118,5.4281
201400015001,27,6,14,21,2,13,55,2,1,1,6,"225, AVE DE LA ROSE",43.32913,5.42737
201400015002,28,6,14,16,1,13,55,2,1,1,6,"01, CHE DU MERLAN A LA R",0.0,0.0
201400015003,8,5,14,1,5,13,55,2,1,1,6,"108, AVE JULES CANTINI",43.28132,5.39212
201400015004,17,6,14,17,1,13,55,2,1,1,3,"190, BD DU REDON",43.24953,5.42249
201400015005,25,6,14,17,1,13,55,2,1,1,3,"161, AVE DE LATTRE DE TA",43.24615,5.41754
201400015006,26,6,14,11,1,13,55,2,1,1,3,"102, BD MIREILLE LAUZE",43.28309,5.4104
201400015007,30,6,14,8,1,13,55,2,1,1,6,"09, BD VELASQUEZ",43.24303,5.38636
201400015008,30,6,14,15,1,13,55,2,3,1,2,"343, BD ROMAIN ROLLAND",43.27132,5.40911
201400015009,25,6,14,19,1,13,55,2,1,1,6,"69, AVE BENJAMIN DELESSE",43.28523,5.40438
201400015010,2,7,14,15,1,13,55,2,2,1,6,"68, BD FRANCOISE DUPARC",43.30293,5.40078
201400015011,6,7,14,17,1,13,55,2,1,1,7,"159, RUE LE CHATELIER",43.34887,5.37242
201400015012,30,6,14,12,1,13,55,2,1,1,3,"98, AVE DES CHARTREUX",43.30595,5.39952
201400015013,30,6,14,20,1,13,55,2,1,1,4,"200, COR PRESIDENT JOHN",43.26886,5.36906
201400015014,26,6,14,21,3,13,55,2,3,1,3,"207, BD DE PLOMBIERES",43.31909,5.3791
201400015015,27,6,14,5,2,13,55,2,1,1,2,"58, BD DE LA POMME",43.29305,5.45055
201400015016,30,6,14,19,1,13,55,2,1,1,6,"08, BD FERDINAND DE LESS",43.31937,5.36974
201400015017,28,6,14,11,1,13,55,2,6,1,3,"00, RPT LOUISE MICHEL 18",43.36995,5.3461
201400015018,25,6,14,23,5,13,55,2,1,1,3,"13, BD DE PLOMBIERES",43.315,5.3875
201400015019,5,7,14,0,5,13,55,2,6,1,6,"00, RPT PERE WRESINKI",43.33021,5.40964
201400015020,12,6,14,17,1,13,55,2,1,1,6,"21, BD NOTRE DAME",43.28927,5.37281
201400015021,14,6,14,12,1,13,55,2,1,1,2,"16, BD DUGOMMIER",43.29861,5.38094
201400015022,10,6,14,9,1,13,55,2,1,1,6,"22, AVE PASTEUR",43.29068,5.35915
201400015023,30,6,14,13,1,13,55,2,2,1,6,"000, BD DE LA CORDERIE",43.28986,5.3663
201400015024,29,5,14,16,1,13,55,2,2,1,3,"01, PCE DE L HOTEL DES P",43.29926,5.37413
201400015025,15,6,14,17,1,13,55,2,1,2,2,"01, AVE JEAN PAUL SARTRE",0.0,0.0
201400015026,19,6,14,16,1,13,55,2,1,1,2,"107, BD SAKAKINI",43.29258,5.40134
201400015027,28,6,14,14,1,13,55,2,1,1,6,"230, AVE DU MERLAN",0.0,0.0
201400015028,24,3,14,13,1,13,55,2,1,1,6,"000, IMP BERANGER",43.36832,5.35613
201400015029,3,7,14,17,1,13,55,2,1,1,6,"01, BD LUCIEN BAGNASCO",43.25115,5.37733
201400015030,2,7,14,19,1,13,55,2,1,1,6,"71, AVE DE HAMBOURG",43.2507,5.38868
201400015031,26,6,14,10,1,13,55,2,3,1,7,"01, BD D ANJOU",43.3534,5.36578
201400015032,23,6,14,11,1,13,55,2,1,1,2,"04, BD DE LA CONCORDE",43.25018,5.40307
201400015033,4,7,14,20,2,13,55,2,1,1,6,"32, TRA NOTRE DAME DE BO",43.3144,5.38589
201400015034,4,7,14,21,1,13,55,2,1,1,6,"37, BD HENRI BARNIER",43.37316,5.35313
201400015035,4,7,14,8,1,13,55,2,2,1,3,"00, RUE AMELIE",43.32691,5.37609
201400015036,9,6,14,12,1,13,55,2,1,1,4,"191, AVE DES POILUS",43.32017,5.45859
201400015037,4,7,14,15,1,13,55,2,1,1,6,"03, SQ STALINGRAD",43.29958,5.38484
201400015038,16,6,14,17,1,13,55,2,8,1,2,"00, TRA DU PRADEL",0.0,0.0
201400015039,27,4,14,12,1,13,55,2,1,1,2,"20, RUE LEON GOZLAN",43.3057,5.38036
201400015040,31,3,14,7,1,13,55,2,1,1,6,"296, AVE DES OLIVES",43.32311,5.44668
201400015041,23,1,14,7,2,13,55,2,1,1,1,"191, AVE DE SAINT LOUIS",43.3499,5.35876
201400015042,5,3,14,18,2,13,55,2,1,1,5,"254, AVE DES OLIVES",43.32392,5.44428
201400015043,3,7,14,17,1,13,55,2,1,1,1,"32, CHE DES AMARYLLIS",43.31672,5.44144
201400015044,6,7,14,18,1,13,55,2,1,1,1,TRA DE LA GOUFFONNE,0.0,0.0
201400015045,8,7,14,19,1,13,55,2,1,1,6,"46, BD DE LA CARTONNERIE",43.29126,5.46164
201400015046,15,7,14,10,1,13,55,2,3,1,3,"07, BD SAINT BRUNO",43.31327,5.40355
201400015047,26,6,14,14,1,13,55,2,3,1,3,"509, AVE DU PRADO",43.26536,5.37982
201400015048,13,3,14,16,1,13,55,2,2,1,3,79 rue louis rege,43.28172,5.39148
201400015049,30,7,14,16,1,13,55,2,1,1,7,RTE LEON LACHAMP,0.0,0.0
201400015050,30,6,14,17,1,13,55,2,1,1,2,"01, RUE D' ANDRE BARDON",0.0,0.0
201400015051,28,6,14,17,1,13,55,2,1,1,6,"179, AVE DE LA CAPELETTE",43.28061,5.40775
201400015052,19,4,14,20,5,13,55,2,1,1,6,"00, RUE AVIATEUR LE BRIX",0.0,0.0
201400015053,15,6,14,2,5,13,55,2,1,1,2,"34, BD DU CAPITAINE GEZE",43.33025,5.37008
201400015054,17,7,14,15,1,13,55,2,1,1,6,"77, RUE RUISSEAU MIRABEA",43.34945,5.34709
201400015055,21,5,14,19,1,13,55,2,1,1,6,"00, RPT HENRI MARTINET",0.0,0.0
201400015056,15,4,14,17,1,13,55,2,1,1,7,"70, AVE DE LA MADRAGUE D",43.23618,5.36184
201400015057,27,6,14,18,1,13,2,2,1,1,3,"499, G?N?RAL DE GAULLE (",0.0,0.0
201400015058,1,7,14,13,1,13,2,2,1,1,3,"678, CANTON VERT (AVENUE",43.34191,5.47131
201400015059,10,7,14,7,1,13,55,2,1,1,2,"145, BD RABATAU",43.2772,5.3985
201400015060,15,7,14,8,1,13,55,2,2,1,3,"00, RUE CHATEAU PAYAN",43.28931,5.38912
201400015061,1,7,14,15,1,13,55,2,3,1,6,"00, BD DE LA PUGETTE",43.26868,5.40151
201400015062,5,7,14,16,1,13,55,2,1,1,6,"01, RTE DE LA TREILLE",43.30167,5.5045
201400015063,22,6,14,19,1,13,55,2,1,1,4,CHE DE SAINT ANTOINE A S,0.0,0.0
201400015064,18,5,14,1,5,13,55,2,1,1,6,"164, BD DE PLOMBIERES",43.3188,5.37942
201400015065,10,7,14,12,1,13,55,2,1,1,6,"48, AVE DE SAINT LOUIS",43.34393,5.35949
201400015066,7,7,14,15,1,13,55,2,3,1,3,"00, AVE RAIMU",43.3332,5.39887
201400015067,13,7,14,18,1,13,55,2,1,1,2,"409, BD MICHELET",43.25281,5.40269
201400015068,13,7,14,17,1,13,55,2,1,1,6,"97/99, PRO GEORGES POMPI",43.26225,5.37461
201400015069,30,6,14,12,1,13,55,2,1,1,6,"141, BD RABATAU",0.0,0.0
201400015070,12,7,14,15,1,13,55,2,1,1,6,"460, AVE DU PRADO",43.26708,5.38282
201400015071,16,2,14,3,5,13,55,2,1,1,6,"32, BD FERNAND BONNEFOY",43.28038,5.40067
201400015072,4,7,14,19,1,13,55,2,2,1,6,"55, BD SAKAKINI",43.29583,5.40029
201400015073,11,7,14,23,5,13,55,2,1,1,2,"02, BD CHAVE",43.29495,5.38717
201400015074,6,7,14,11,1,13,55,2,1,1,5,"217, AVE DES POILUS",43.3195,5.46029
201400015075,28,6,14,13,1,13,55,2,1,1,2,"79, CHE DU MERLAN A LA R",43.33082,5.40543
201400015076,7,7,14,12,1,13,55,2,1,1,4,"211, RUE DU ROUET",43.27606,5.3951
201400015077,7,7,14,17,1,13,55,2,1,1,6,"73, AVE DE LATTRE DE TAS",43.24653,5.40829
201400015078,3,7,14,11,1,13,55,2,3,1,6,"12, RUE DAUMIER",43.2784,5.38464
201400015079,2,7,14,10,1,13,55,2,1,1,7,"01, PCE ERNEST DELIBES",43.27906,5.38303
201400015080,3,7,14,18,1,13,55,2,1,1,2,"347, RUE PARADIS",43.27807,5.38331
201400015081,20,2,14,17,1,13,55,2,3,1,3,"05, RUE D' ANDRE BARDON",43.28341,5.427
201400015082,10,6,14,14,1,13,55,2,1,1,6,"00, CHE DU ROY D' ESPAGN",0.0,0.0
201400015083,19,7,14,17,1,13,55,2,1,1,6,"07, AVE DE SAINT BARNABE",43.30424,5.40735
201400015084,6,7,14,20,2,13,55,2,1,1,2,"141, RUE FRANCOIS MAURIA",43.26915,5.42534
201400015085,27,6,14,16,1,13,55,2,1,1,2,"231, CHE DE LA MADRAGUE",43.33289,5.35872
201400015086,3,7,14,18,1,13,55,2,1,1,6,"83, AVE DU CAP PINEDE RO",43.32904,5.36558
201400015087,2,7,14,8,1,13,55,2,2,1,3,"006, RUE BONNARDEL",0.0,0.0
201400015088,8,7,14,9,1,13,55,2,3,1,6,"0, BD DE LA COMTESSE",43.3217,5.44839
201400015089,12,7,14,14,1,13,55,2,1,1,2,"300, BD DE SAINTE MARGUE",43.2617,5.41442
201400015090,13,7,14,18,1,13,55,2,1,1,7,"37, AVE DE MONTREDON",43.24421,5.37151
201400015091,7,7,14,19,1,13,55,2,1,1,1,"109, AVE CLOT BEY",43.25803,5.38347
201400015092,5,7,14,20,1,13,55,2,1,1,6,"137, RUE RABELAIS",43.35953,5.3322
201400015093,26,1,14,4,5,13,55,2,1,1,1,"00, AVE PROSPER MERIMEE",0.0,0.0
201400015094,13,7,14,11,1,13,55,2,1,1,6,"124, BD FRANCOISE DUPARC",43.30762,5.40184
201400015095,16,6,14,11,1,13,55,2,1,1,2,"94, RUE FRANCOIS SCARAME",43.30821,5.4109
201400015096,28,6,14,11,1,13,55,2,1,1,6,"51, AVE DU MERLAN",43.33603,5.40733
201400015097,30,6,14,7,1,13,55,2,1,1,6,"40, CHE DU VAL DES BOIS",43.26394,5.42273
201400015098,3,7,14,23,5,13,55,2,1,1,6,"11, BD GAY LUSSAC",43.3316,5.37467
201400015099,14,7,14,11,1,13,55,2,1,1,6,"18, RUE ALBERT MARQUET",43.33274,5.41266
201400015100,3,7,14,7,1,13,55,2,1,1,6,"01, RUE LUCIEN ROLMER",43.30491,5.37609
201400015101,16,7,14,13,1,13,55,2,1,1,6,"67, CHE DE SAINTE MARTHE",43.32175,5.38938
201400015102,5,7,14,13,1,13,55,1,1,1,6,"02, BD BAILLE",43.28602,5.38433
201400015103,16,7,14,19,1,13,55,2,1,1,4,"00, AVE JULES CANTINI",0.0,0.0
201400015104,17,7,14,13,1,13,55,2,1,1,6,"116, RUE FELIX PYAT",43.31711,5.37404
201400015105,30,1,14,6,5,13,55,2,2,3,6,"000, CHE DE SAINT ANTOIN",43.35787,5.36585
201400015106,14,7,14,18,1,13,55,2,1,1,2,"57, TRA BERNABO",43.33703,5.35743
201400015107,15,7,14,22,4,13,55,2,1,1,2,"379, RUE SAINT PIERRE",43.29168,5.40929
201400015108,16,7,14,8,1,13,55,2,1,1,5,"00, CHE DE L ARMEE D AFR",0.0,0.0
201400015109,12,7,14,1,5,13,55,2,1,1,6,"00, AVE SALVADOR ALLENDE",0.0,0.0
201400015110,23,2,14,7,2,13,55,2,1,1,6,"08, RUE DU CARGO RHIN FI",0.0,0.0
201400015111,7,7,14,6,1,13,55,2,1,1,6,"20, PGE DE L' ESTAQUE",43.35981,5.316
201400015112,12,5,14,14,1,13,55,2,3,1,3,"430, CHE DE LA MADRAGUE",43.34094,5.35233
201400015113,9,1,14,16,1,13,55,2,1,1,6,"54, BD LAVERAN",43.32854,5.41377
201400015114,21,1,14,16,2,13,55,2,3,1,4,"01, BD HENRI BARNIER",43.35997,5.3429
201400015115,19,6,14,9,1,13,55,2,1,1,6,"02, CV DE LA MILLIERE A",0.0,0.0
201400015116,3,7,14,9,1,13,55,2,1,1,1,"00, BD JEAN MOULIN",0.0,0.0
201400015117,18,7,14,8,1,13,55,2,1,1,6,"04, AVE EMMANUEL ALLARD",43.28934,5.43848
201400015118,17,7,14,16,1,13,55,2,1,1,2,"01, RPT PIERRE PARAF",43.33022,5.38834
201400015119,17,7,14,10,1,13,55,2,1,1,2,"706, CHE DU LITTORAL",43.35754,5.32027
201400015120,1,7,14,17,1,13,55,2,1,1,6,"110, TRA DE LA MALVINA",43.32118,5.46095
201400015121,8,7,14,6,1,13,55,1,1,1,6,"53, AVE PASTEUR",43.28929,5.35942
201400015122,3,7,14,22,5,13,55,2,1,1,6,"160, CHE DES JONQUILLES",43.32319,5.43776
201400015123,30,6,14,17,1,13,106,2,1,1,1,"329, 8 MAI 1945 (AVENUE",0.0,0.0
201400015124,13,7,14,20,1,13,55,2,1,1,7,"37, AVE ANDRE ZENATTI",43.24676,5.38478
201400015125,24,7,14,17,1,13,55,2,1,1,3,"151, BD MICHELET",43.26498,5.39556
201400015126,24,7,14,16,1,13,55,2,1,1,1,"108, RUE LE CHATELIER",43.34689,5.3677
201400015127,16,7,14,11,1,13,55,2,1,1,6,"01, BD DU DOCTEUR RODOCA",43.27455,5.3865
201400015128,25,7,14,9,1,13,55,2,1,1,6,"00, BD CHARLES LIVON",0.0,0.0
201400015129,24,7,14,15,1,13,55,2,2,1,3,"79, AVE DE LA ROSE",43.32623,5.42071
201400015130,26,7,14,4,5,13,55,2,1,1,6,"02, RUE PIERRE BERANGER",43.3108,5.44286
201400015131,27,7,14,17,1,13,55,2,2,1,3,"81, ALL LATERALE I. CRS",43.28996,5.37258
201400015132,29,7,14,13,1,13,55,2,1,1,3,"01, CHE DU MERLAN A LA R",43.32852,5.41745
201400015133,18,7,14,23,5,13,55,2,1,9,7,"00, AVE D' HAIFA",0.0,0.0
201400015134,19,7,14,17,1,13,55,2,1,1,2,"211, BD ROMAIN ROLLAND",43.27463,5.41533
201400015135,19,6,14,13,1,13,55,2,2,1,6,"48, BD FIGUIERE",43.31039,5.40744
201400015136,4,7,14,6,1,13,55,2,1,1,6,"105, RUE D ENDOUME",43.28702,5.36402
201400015137,26,6,14,12,1,13,55,2,1,1,3,"49, BD DE LA LIBERATION",43.29992,5.38786
201400015138,25,6,14,19,1,13,55,2,3,1,6,"84, VSN QUAI DU PORT A L",43.29598,5.36882
201400015139,1,6,14,2,5,13,55,2,1,1,6,"244, SQ NOTRE DAME D' AF",0.0,0.0
201400015140,8,6,14,1,5,13,55,2,1,1,2,"31, BD NOTRE DAME",43.28887,5.37297
201400015141,15,6,14,16,1,13,55,1,1,2,7,"200, AVE ROGER SALENGRO",43.31809,5.36823
201400015142,16,6,14,10,1,13,55,2,7,1,2,"61, BD RABATAU",43.27544,5.39593
201400015143,19,4,14,2,5,13,55,2,1,1,6,"626, RUE SAINT PIERRE",43.29012,5.42578
201400015144,21,5,14,17,1,13,55,2,1,1,6,"42, BD MICHELET",43.25231,5.40303
201400015145,25,4,14,15,1,13,55,2,1,1,7,"01, RPT IBRAHIM ALI (197",0.0,0.0
201400015146,5,6,14,23,3,13,55,2,1,1,2,"10, RTE DE LA VALENTINE",0.0,0.0
201400015147,11,7,14,22,5,13,55,2,1,6,2,"75, RUE LOUIS REGIS",43.28857,5.50108
201400015148,11,6,14,16,1,13,55,2,1,1,3,"15, AVE JEAN PAUL SARTRE",0.0,0.0
201400015149,14,3,14,19,5,13,55,2,3,1,3,"57, RUE TEISSERE",0.0,0.0
201400015150,19,6,14,9,1,13,55,2,1,1,6,"108, BD DE SAINT LOUP",43.2827,5.43202
201400015151,24,6,14,20,1,13,55,2,1,1,2,"123, COR PRESIDENT JOHN",43.2875,5.3522
201400015152,25,6,14,8,1,13,55,2,1,1,3,"07, QAI DE LA JOLIETTE",43.30354,5.36489
201400015153,31,7,14,15,1,13,55,2,1,1,6,"85, AVE DE LA POINTE ROU",43.24557,5.3733
201400015154,3,8,14,10,1,13,55,2,1,1,2,"55, RUE DU DOCTEUR ESCAT",43.2833,5.38164
201400015155,8,7,14,16,1,13,55,2,1,1,6,"341, CHE DE LA MADRAGUE",43.33782,5.35773
201400015156,9,7,14,19,1,13,55,2,1,1,6,"131, CRS LIEUTAUD",43.28785,5.38476
201400015157,14,7,14,18,1,13,55,2,1,1,6,"43, QAI DE RIVE NEUVE",43.29241,5.36664
201400015158,19,7,14,20,1,13,55,2,5,1,3,"02, RUE SAINTE CECILE",43.28671,5.39037
201400015159,18,6,14,10,1,13,55,2,1,1,6,"18, BD GASTON CREMIEUX",43.27952,5.37973
201400015160,13,7,14,14,1,13,55,2,3,1,6,"00, BD DANIELLE CASANOVA",43.32589,5.37437
201400015161,1,7,14,21,5,13,55,2,1,1,2,"160, BD DE SAINT MARCEL",43.28763,5.46483
201400015162,27,1,14,12,1,13,55,2,2,1,6,"00, RUE LOUIS MOURONVAL",43.31188,5.38643
201400015163,1,7,14,16,1,13,55,2,3,1,1,"00, AVE DE LATTRE DE TAS",43.24592,5.421
201400015164,2,8,14,2,5,13,55,2,1,1,1,"60, BD VOLTAIRE",43.30337,5.38578
201400015165,24,7,14,8,1,13,55,2,1,1,3,"122, BD DE LA CORDERIE",0.0,0.0
201400015166,10,7,14,7,1,13,55,2,1,1,2,"24, AVE DU PRADO",43.28412,5.38444
201400015167,21,7,14,11,1,13,55,2,1,7,6,"438, BD MIREILLE LAUZE",43.28834,5.43498
201400015168,4,7,14,17,1,13,55,2,2,1,3,"343, BD ROMAIN ROLLAND",43.27133,5.40912
201400015169,25,7,14,12,1,13,55,2,1,1,3,"154, BD DE SAINT LOUP",43.28363,5.43453
201400015170,6,7,14,13,1,13,2,1,1,1,7,"00, ETIENNE CUCCA-CD908",0.0,0.0
201400015171,2,7,14,12,1,13,55,2,1,1,2,"45, CHE DU VALLON DE L'",43.28216,5.36341
201400015172,26,7,14,4,5,13,55,2,2,1,7,"00, CHE DU VALLON DE TOU",43.26657,5.42677
201400015173,17,7,14,16,1,13,55,2,1,1,3,"138, RUE MONTAIGNE",43.30383,5.41749
201400015174,24,7,14,21,5,13,55,2,6,1,3,"00, PRK ANDRE BARDON/FLO",43.28208,5.42692
201400015175,1,7,14,23,5,13,55,2,3,1,3,"00, AVE DU PRADO",43.26909,5.38637
201400015176,2,7,14,16,1,13,55,2,1,1,1,"26, CHE DES CAMPANULES",43.30162,5.44814
201400015177,10,7,14,21,2,13,55,2,1,1,6,"08, AVE DE HAMBOURG",43.25377,5.3841
201400015178,1,7,14,12,1,13,55,2,1,1,3,"176, AVE DES POILUS",43.32099,5.45804
201400015179,16,7,14,10,1,13,55,2,1,1,6,"50, BD FERDINAND DE LESS",43.32102,5.37539
201400015180,16,7,14,17,1,13,55,2,1,1,2,"01, RPT DE FORESTA",43.36593,5.3546
201400015181,19,7,14,19,1,13,55,2,1,1,7,"143, AVE DE LA CROIX ROU",43.33425,5.44181
201400015182,16,6,14,11,1,13,55,2,1,1,3,"154, CHE DE LA COMMANDER",43.34578,5.36145
201400015183,28,6,14,12,1,13,55,2,1,1,1,"00, BD DU CAPITAINE GEZE",0.0,0.0
201400015184,21,5,14,8,1,13,55,2,1,1,6,"88, BD DE LA CORDERIE",43.29019,5.36845
201400015185,3,6,14,16,1,13,55,2,1,1,3,"042, QAI DE RIVE NEUVE",0.0,0.0
201400015186,25,6,14,16,1,13,55,2,3,1,3,"304, RUE SAINT PIERRE",43.29162,5.40599
201400015187,5,7,14,21,5,13,55,2,1,1,7,"55, BD JEAN MOULIN",43.28646,5.3992
201400015188,12,7,14,2,5,13,55,2,1,1,3,"294, RUE SAINT ANTOINE",43.3758,5.35604
201400015189,28,7,14,1,5,13,55,2,1,2,6,"99, BD DE LA LIBERATION",43.30061,5.38987
201400015190,11,7,14,10,1,13,55,2,1,1,6,"152, AVE DE MAZARGUES",43.26546,5.39029
201400015191,16,7,14,5,2,13,55,2,1,1,6,"00, CHE DE SORMIOU",0.0,0.0
201400015192,18,7,14,12,1,13,55,2,1,1,6,"256, AVE DE TOULON",43.28338,5.39721
201400015193,4,8,14,20,1,13,55,2,1,1,6,"00, AVE DE LA MARTHELINE",0.0,0.0
201400015194,22,6,14,1,5,13,55,2,2,1,6,"01, BD D ATHENES",43.29913,5.38089
201400015195,22,7,14,11,1,13,55,2,1,1,2,"227, RUE SAINT PIERRE",43.29264,5.39906
201400015196,26,7,14,20,1,13,55,1,2,1,3,"35, RUE D' ALGER",43.28931,5.38913
201400015197,17,7,14,11,1,13,55,2,1,1,2,"400, AVE PIERRE MENDES F",43.25502,5.37634
201400015198,22,7,14,7,1,13,55,2,1,1,2,"00, RUE DU ROUET",0.0,0.0
201400015199,28,7,14,8,1,13,55,2,1,1,6,"28, BD MICHELET",43.27073,5.39209
201400015200,9,6,14,7,1,13,55,2,1,1,3,"148, AVE PIERRE MENDES F",0.0,0.0
201400015201,17,7,14,15,1,13,55,2,1,1,6,"254, AVE DU PRADO",43.275,5.38953
201400015202,10,6,14,16,1,13,55,2,1,1,2,"430, AVE DE LATTRE DE TA",43.24498,5.42482
201400015203,11,4,14,23,4,13,55,2,1,1,3,"000, PCE BOUGAINVILLE",0.0,0.0
201400015204,24,7,14,15,1,13,55,2,1,1,6,"00, BD ODDO",0.0,0.0
201400015205,20,7,14,18,1,13,55,2,3,1,1,"120, CHE DE PALAMA",43.36054,5.44299
201400015206,27,7,14,13,1,13,75,2,1,1,6,"31, JEAN GIONO (AVE)",43.34653,5.45651
201400015207,5,8,14,18,1,13,55,2,1,1,6,"00, BD DES BASSINS DE RA",0.0,0.0
201400015208,27,6,14,0,5,13,55,2,2,1,3,"0, BD BAILLE",43.28638,5.38577
201400015209,28,6,14,22,5,13,55,2,3,1,1,"00, CRS BELSUNCE",43.29638,5.37765
201400015210,7,7,14,15,1,13,55,2,1,1,6,"29, RUE DE LA PROVIDENCE",43.2996,5.3782
201400015211,23,7,14,8,1,13,55,2,1,1,4,"05, CRS GOUFFE",43.28659,5.38632
201400015212,24,7,14,8,1,13,55,2,1,1,6,"00, AVE DU PARC BORELY",0.0,0.0
201400015213,18,7,14,11,1,13,75,2,1,1,6,"122, LIBERATION (AVE DE",43.34253,5.45745
201400015214,23,7,14,16,1,13,55,2,1,1,1,"00, RTE LEON LACHAMP",0.0,0.0
201400015215,7,8,14,4,5,13,55,2,1,1,2,"35, BD SCHLOESING",43.27408,5.4002
201400015216,7,8,14,8,1,13,55,2,1,1,6,"14, BD GUSTAVE GANAY",43.26574,5.39948
201400015217,7,8,14,12,1,13,55,2,1,1,6,"00, BD DANIELLE CASANOVA",0.0,0.0
201400015218,25,7,14,16,1,13,55,2,2,1,3,"100, CRS LIEUTAUD",43.2911,5.38307
201400015219,26,7,14,16,1,13,55,2,1,1,6,"00, BD CHARLES MORETTI",0.0,0.0
201400015220,22,7,14,15,1,13,55,2,1,1,3,"143, RUE*D ENDOUME",43.28622,5.36213
201400015221,24,7,14,11,1,13,55,2,6,1,2,"01, TRA PARANGON",43.24573,5.38036
201400015222,24,7,14,9,1,13,55,2,3,1,6,"01, CHE DES PAROYES",43.35915,5.46052
201400015223,25,7,14,9,1,13,55,2,5,1,3,"358, AVE DE SAINT ANTOIN",43.37865,5.35683
201400015224,26,7,14,18,1,13,55,2,1,1,7,"80, CHEMIN VICINAL DE LA",0.0,0.0
201400015225,23,7,14,11,1,13,75,1,2,1,1,"146, FREDERIC*MISTRAL (A",43.35188,5.47589
201400015226,20,7,14,11,1,13,55,2,4,1,3,"387, BD NATIONAL",43.3148,5.37263
201400015227,25,7,14,9,1,13,55,2,1,1,6,"23, AVE DE CORINTHE",43.2835,5.39023
201400015228,29,7,14,11,1,13,55,2,1,1,5,"115, AVE DU*PRADO",43.28006,5.38739
201400015229,28,7,14,16,1,13,55,2,1,1,6,"243, AVE DES POILUS",43.31847,5.45971
201400015230,27,7,14,19,1,13,55,2,3,1,3,"00, AVE LOUIS MALOSSE",43.29821,5.45011
201400015231,3,7,14,16,1,13,55,2,2,1,6,"01, BD MIRABEAU",43.31455,5.3705
201400015232,7,7,14,15,1,13,55,2,1,1,6,"10, CRS PIERRE PUGET",43.29052,5.37699
201400015233,24,7,14,16,1,13,55,2,2,1,3,"100, BD DE LA BLANCARDE",43.30319,5.40311
201400015234,27,7,14,9,1,13,55,2,2,1,3,"49, BD DE LA LIBERTE",43.30185,5.38334
201400015235,27,7,14,4,5,13,55,2,1,1,6,"01, PCE DU GENERAL FERRI",43.2776,5.39895
201400015236,31,7,14,16,1,13,55,2,1,1,6,"69, AVE DE LATTRE DE TAS",43.24661,5.40814
201400015237,23,7,14,18,1,13,55,2,3,1,3,"56, AVE DE FRAIS VALLON",43.32554,5.43051
201400015238,28,7,14,15,1,13,55,2,1,1,6,"00, CHE DU LITTORAL",0.0,0.0
201400015239,28,7,14,19,1,13,55,2,1,1,1,"23, BD LAVERAN",43.32504,5.41478
201400015240,30,7,14,21,5,13,55,2,1,1,6,"347, AVE DE CHATEAU GOMB",43.35047,5.43201
201400015241,30,7,14,16,1,13,55,2,1,1,1,"40, AVE DE LA CROIX ROUG",43.33128,5.43258
201400015242,6,7,14,20,1,13,55,2,1,1,6,"162, VOI LA CANEBIERE",43.29878,5.38446
201400015243,30,7,14,13,1,13,55,2,2,1,6,"00, BD MARIUS THOMAS",43.28506,5.36
201400015244,31,7,14,18,1,13,55,2,3,1,3,"17, RUE DU CAMBODGE",43.28052,5.37513
201400015245,10,7,14,12,1,13,55,2,2,1,3,"00, RUE DE CRIMEE",43.30903,5.37841
201400015246,31,7,14,4,5,13,55,2,1,1,3,"160, AVE DU PRADO",43.27903,5.38732
201400015247,5,8,14,15,1,13,55,2,1,1,6,"35, RUE ADOLPHE THIERS",43.29744,5.38539
201400015248,9,8,14,13,1,13,55,2,1,1,6,"255, AVE DU PRADO",43.27422,5.39067
201400015249,3,8,14,0,5,13,55,2,1,8,6,"200, COR PRESIDENT JOHN",43.26886,5.36909
201400015250,5,8,14,8,1,13,55,2,1,1,6,"110, RUE SAINT PIERRE",43.29194,5.39348
201400015251,6,8,14,0,5,13,55,2,1,1,7,"36, BD JEAN MOULIN",43.2876,5.40031
201400015252,6,7,14,12,1,13,55,2,1,1,6,"83, PRO GEORGES POMPIDOU",43.26372,5.37391
201400015253,8,8,14,21,5,13,55,2,1,1,5,"38, AVE DE LA CROIX ROUG",43.33123,5.43236