Num_Acc,jour,mois,an,hr,condition_eclairage,departement,commune,condition_agglomeration,intersection,condition_atmosphere,type_collision,adresse,lattitude,longitude
201400015254,16,6,14,9,1,13,55,2,1,1,3,"00, AVE PAUL GAFFAREL",0.0,0.0
201400015255,16,6,14,9,1,13,55,2,1,1,2,"01, AVE ARNAVON",0.0,0.0
201400015256,3,8,14,2,5,13,55,2,1,3,7,"01, RPT HENRI FRENAY",43.25449,5.3764
201400015257,23,4,14,2,5,13,55,2,1,8,6,"222, AVE DE LA MADRAGUE",0.0,0.0
201400015258,22,7,14,17,1,13,55,2,1,1,6,"21, AVE DE LA FOURRAGERE",43.29896,5.43066
201400015259,4,8,14,16,1,13,55,1,1,1,6,"68, RTE DES CAMOINS",43.29655,5.49586
201400015260,5,8,14,11,1,13,55,2,1,1,6,"125, AVE DU PRADO",43.2799,5.38749
201400015261,3,2,14,11,1,13,55,2,3,1,6,"237, RUE DE LYON",43.33344,5.36409
201400015262,28,3,14,18,2,13,55,2,6,1,7,"00, RPT 1ERE ARMEE FRANC",43.37353,5.35486
201400015263,27,5,14,14,1,13,55,2,1,1,2,"00, AVE DU MARCHE NATION",0.0,0.0
201400015264,2,8,14,23,5,13,55,2,6,3,3,"00, AVE DU CAP PINEDE RO",43.32871,5.36569
201400015265,12,8,14,14,1,13,55,2,1,1,6,"326, AVE DE MONTOLIVET",43.31767,5.41754
201400015266,3,8,14,12,1,13,55,2,1,1,6,"34, BD DU CAPITAINE GEZE",43.33024,5.37008
201400015267,9,7,14,17,1,13,55,2,3,1,1,"551, AVE DE MAZARGUES",43.25413,5.39435
201400015268,26,7,14,15,1,13,55,2,6,1,6,"00, RPT IAN PALACH",0.0,0.0
201400015269,31,7,14,17,1,13,55,1,6,1,6,"00, RPT M.LAUZE/FLORIAN",43.28584,5.42526
201400015270,1,8,14,18,1,13,2,2,1,1,6,"00, QUATRE SAISONS (ROUT",0.0,0.0
201400015271,4,8,14,10,1,13,55,2,1,1,6,"19, AVE DE LA TIMONE",43.28552,5.40018
201400015272,7,8,14,8,1,13,55,2,3,1,2,"00, BD SCHLOESING",43.27017,5.40262
201400015273,2,8,14,17,1,13,55,2,1,1,6,"100, BD DE SAINT LOUP",43.28258,5.43167
201400015274,7,8,14,20,1,13,55,2,1,1,4,"00, PGE DE L' ESTAQUE",0.0,0.0
201400015275,14,8,14,18,1,13,55,2,2,1,3,"100, AVE ROGER SALENGRO",43.31676,5.36913
201400015276,31,7,14,2,5,13,55,2,1,1,6,"02, RUE DU MONASTERE",43.30165,5.4008
201400015277,11,8,14,0,5,13,55,2,1,1,7,"83, BD VAUBAN",43.28306,5.37468
201400015278,1,8,14,16,1,13,55,2,1,1,6,"30, BD CHARLES LIVON",43.29224,5.36207
201400015279,7,8,14,0,5,13,55,2,1,1,1,"00, BD RABATAU",0.0,0.0
201400015280,30,7,14,17,1,13,55,2,1,1,6,"00, CHE DE SORMIOU",0.0,0.0
201400015281,10,8,14,4,5,13,55,2,1,1,6,"200, COR PRESIDENT JOHN",43.26888,5.36906
201400015282,7,8,14,10,5,13,55,2,1,1,4,"03, BD GASTON RAMON",43.26678,5.39541
201400015283,22,7,14,21,5,13,55,2,1,1,2,"44, BD DU CAPITAINE GEZE",43.33049,5.37096
201400015284,9,8,14,7,1,13,55,2,1,1,6,"01, RUE CAVAIGNAC",43.30637,5.38503
201400015285,4,8,14,9,1,13,55,2,1,1,1,"122, BD ROMAIN ROLLAND",43.27765,5.4205
201400015286,6,8,14,14,1,13,55,2,3,1,3,"01, BD PERIER",43.27986,5.3868
201400015287,11,6,14,23,5,13,55,2,1,1,7,"27, CRS PIERRE PUGET",43.29021,5.37552
201400015288,10,8,14,23,5,13,55,2,2,1,5,"11, RUE BERNEX",43.30063,5.38834
201400015289,10,8,14,17,1,13,55,2,1,1,6,"222, BD ROMAIN ROLLAND",43.27459,5.41522
201400015290,6,8,14,13,1,13,55,2,1,1,2,"105, BD DE LA BARASSE RN",43.28533,5.48208
201400015291,31,7,14,15,1,13,55,2,1,1,2,"18, RUE ARMENY",43.29056,5.37823
201400015292,6,8,14,14,1,13,55,2,2,1,3,"75, RUE D' ITALIE",43.28795,5.38344
201400015293,4,8,14,19,1,13,55,2,1,1,2,"48, AVE DE SAINT LOUIS",43.34388,5.35948
201400015294,29,7,14,9,1,13,55,2,1,1,6,"373, BD MICHELET",43.25511,5.40115
201400015295,13,8,14,17,1,13,55,2,1,1,6,"149, CHE DE LA COMMANDER",43.34583,5.36145
201400015296,20,8,14,13,2,13,55,1,2,1,3,"00, PIERRE CHEVALIER (RU",43.29493,5.42699
201400015297,21,8,14,19,1,13,55,2,1,1,6,"13, BD BAILLE",43.28642,5.38526
201400015298,8,8,14,14,1,13,55,2,1,1,6,"00, VSN ROVE ANC CHE DU",0.0,0.0
201400015299,12,8,14,11,1,13,55,2,2,1,3,"48, RUE D' ITALIE",43.28885,5.38289
201400015300,15,8,14,15,1,13,55,2,2,1,3,"35, RUE GRANOUX",43.29871,5.39878
201400015301,27,7,14,10,1,13,55,2,1,1,6,"179, AVE DES OLIVES",43.3257,5.44101
201400015302,29,7,14,10,1,13,55,2,1,1,6,"14, RUE LEON CHARVE",43.28342,5.35884
201400015303,13,8,14,17,1,13,55,2,1,1,6,"53, BD DE PONT DE VIVAUX",43.28008,5.41929
201400015304,24,8,14,5,5,13,55,2,6,1,1,"300, AVE DU PRADO",43.27259,5.391
201400015305,17,7,14,16,1,13,55,2,1,1,3,"01, BD DU MARECHAL JUIN",43.31109,5.40358
201400015306,10,8,14,19,1,13,55,2,2,1,3,"23, RUE DE LA CARRIERE",43.31968,5.38258
201400015307,11,8,14,19,1,13,55,2,2,1,3,"00, BD DE PLOMBIERES",43.31498,5.38797
201400015308,6,8,14,8,1,13,55,2,1,1,1,"79, RUE DE LA MAURELLE",43.32232,5.44025
201400015309,13,8,14,10,1,13,55,2,1,3,1,"614, CHE DU LITTORAL",43.35391,5.3285
201400015310,16,8,14,15,1,13,55,1,3,1,1,"132, RUE ALPHONSE DAUDET",43.32156,5.41109
201400015311,17,8,14,17,1,13,55,2,1,1,2,"01, AVE SALVADOR ALLENDE",0.0,0.0
201400015312,15,7,14,19,1,13,75,2,1,1,3,"02, LOUIS PASTEUR (AVE)",43.35907,5.46614
201400015313,8,8,14,8,1,13,2,2,3,1,1,"12, JEAN GIONO (AVENUE)",0.0,0.0
201400015314,9,8,14,10,1,13,55,2,1,1,6,"23, AVE DES CAILLOLS",43.30412,5.42391
201400015315,17,8,14,19,1,13,55,2,1,1,2,"120, RUE FRANCOIS MAURIA",43.27064,5.42274
201400015316,14,8,14,13,1,13,2,2,1,1,6,"676, CANTON VERT (AVENUE",43.34203,5.47113
201400015317,26,8,14,0,5,13,55,2,2,1,2,"00, RUE DE LA ROTONDE",43.30047,5.3832
201400015318,25,8,14,21,5,13,55,2,1,1,7,"01, SQ DE NARVIK",0.0,0.0
201400015319,24,8,14,0,5,13,106,2,2,1,6,"01, DESSERTE (CHEMIN DE)",0.0,0.0
201400015320,16,8,14,19,1,13,55,2,1,1,4,"317, COR PRESIDENT JOHN",43.27452,5.36125
201400015321,3,8,14,13,1,13,55,2,1,1,2,"595, AVE PIERRE MENDES F",0.0,0.0
201400015322,9,8,14,19,1,13,55,2,1,1,6,"24, AVE CLAUDE MONET",43.3253,5.39404
201400015323,21,8,14,17,1,13,55,2,3,1,1,"377, RUE DE LYON",43.33954,5.36176
201400015324,2,2,14,13,1,13,55,2,2,1,2,"75, BD DE PARIS",43.30877,5.37081
201400015325,30,7,14,20,1,13,2,2,1,1,1,"00, ETIENNE CUCCA-CD908",0.0,0.0
201400015326,18,8,14,16,1,13,55,2,2,1,3,"50, RUE DE RUFFI",43.31161,5.37131
201400015327,24,8,14,19,1,13,55,2,1,1,6,"01, RUE DE FORBIN",43.30649,5.37321
201400015328,1,9,14,23,5,13,55,2,2,1,3,"439, RUE DE LYON",43.34257,5.35967
201400015329,21,7,14,5,5,13,55,2,1,1,6,"54, CRS LIEUTAUD",43.2933,5.38237
201400015330,12,5,14,15,1,13,55,2,1,1,6,"37, CHE DE LA MADRAGUE V",0.0,0.0
201400015331,19,8,14,21,5,13,55,1,1,2,6,"00, AVE DE MONTREDON",0.0,0.0
201400015332,14,8,14,9,1,13,55,2,1,1,6,"0, AVE DU DOCTEUR HECKEL",0.0,0.0
201400015333,19,8,14,15,1,13,55,2,1,1,6,"11, BD BEZOMBES",43.28798,5.42923
201400015334,15,3,14,15,1,13,55,2,6,1,2,"00, RPT M.LAUZE/FLORIAN",43.28514,5.42595
201400015335,16,8,14,22,5,13,55,2,1,1,6,"141, BD DE SAINT MARCEL",43.28803,5.46378
201400015336,15,7,14,12,1,13,55,2,1,1,6,"136, CHE HENRI BEYLE",43.35223,5.3604
201400015337,20,8,14,18,1,13,75,2,2,1,5,"01, JULES ROLLANDIN (BD)",43.34749,5.46373
201400015338,20,8,14,21,5,13,2,2,1,1,7,"335, MOULINS (RUE DES)",0.0,0.0
201400015339,23,8,14,18,1,13,55,2,1,1,1,"62, RUE RAPHAEL PONSON",43.26657,5.38836
201400015340,29,8,14,1,5,13,55,2,1,1,6,"90, AVE DU PRADO",43.28195,5.38598
201400015341,21,8,14,17,1,13,55,2,1,1,2,"250, BD PERIER",43.27719,5.37544
201400015342,10,8,14,13,1,13,55,2,1,1,2,"298, AVE DES POILUS",43.31553,5.46155
201400015343,11,5,14,1,5,13,55,2,6,1,6,"00, RUE AVIATEUR LE BRIX",43.26276,5.40446
201400015344,14,8,14,18,1,13,55,2,1,1,6,"26, AVE ALEXANDRE DUMAS",43.26395,5.38988
201400015345,3,9,14,20,2,13,55,2,1,1,6,"329, BD MICHELET",43.25773,5.39992
201400015346,29,8,14,3,5,13,55,2,1,1,7,"40, BD DE DUNKERQUE",43.30686,5.36774
201400015347,2,9,14,12,1,13,55,2,2,1,6,"00, BD DU MARECHAL JUIN",43.3094,5.40294
201400015348,31,7,14,17,1,13,55,2,3,1,6,"157, BD BOMPARD",43.27846,5.36019
201400015349,24,5,14,19,1,13,55,2,1,1,6,"11, CHE DE LA BIGOTTE",0.0,0.0
201400015350,4,8,14,11,1,13,55,2,3,1,3,"37, AVE BELLE VUE",43.31508,5.38028
201400015351,21,8,14,18,1,13,55,2,1,1,1,"22, RUE EDMOND JALOUX",43.3289,5.38093
201400015352,27,8,14,16,1,13,55,2,2,1,3,"21, RUE NEUVE SAINTE CAT",43.29192,5.36832
201400015353,21,7,14,15,1,13,55,2,1,1,2,"128, RUE AUGUSTIN AUBERT",43.26412,5.40416
201400015354,20,8,14,18,1,13,55,2,1,1,6,"06, RUE ROGER RENZO",43.27932,5.39354
201400015355,13,7,14,22,5,13,55,2,1,1,6,"112, RPT WILLIAM BOOTH L",43.29566,5.44627
201400015356,12,8,14,7,1,13,55,2,1,1,6,"13, RUE PIERRE DRAVET",43.28892,5.46223
201400015357,27,8,14,9,1,13,55,2,2,1,3,"138, RUE DU DOCTEUR CAUV",43.29825,5.41668
201400015358,26,8,14,23,5,13,55,2,1,1,3,"01, RUE EDGAR MELIK",0.0,0.0
201400015359,23,8,14,11,1,13,55,2,1,1,6,"115, BD DE LA MILLIERE",43.2834,5.49849
201400015360,2,9,14,8,1,13,55,2,1,1,6,"02, BD DE SAINT LOUP",43.28161,5.42756
201400015361,21,8,14,17,1,13,75,2,1,1,7,"00, TERMES (ALLEE DES)",0.0,0.0
201400015362,7,6,14,16,1,13,55,2,1,1,3,"100, RUE DU ROUET",43.28045,5.38989
201400015363,29,8,14,7,1,13,55,2,3,1,7,"00, CHE DE SAINT JOSEPH",43.34361,5.38534
201400015364,31,8,14,17,1,13,55,2,1,1,6,"352, CHE DE SAINT ANTOIN",43.36673,5.36304
201400015365,7,8,14,10,1,13,55,2,1,1,1,"44, CHE DE L AMERICAINE",43.37171,5.36284
201400015366,12,8,14,19,1,13,55,2,1,1,2,"358, AVE DE SAINT ANTOIN",43.37854,5.35687
201400015367,29,8,14,20,2,13,55,2,1,1,6,"46, CRS LIEUTAUD",43.29374,5.38221
201400015368,8,9,14,11,1,13,55,2,1,1,6,"24, RUE LULLI",43.29233,5.37648
201400015369,1,9,14,22,5,13,55,2,1,1,6,"19, RUE HENRI BARBUSSE",43.29843,5.37404
201400015370,29,8,14,17,1,13,55,2,1,1,6,"11, BD FERNAND BONNEFOY",43.28062,5.40099
201400015371,31,8,14,12,1,13,55,2,1,1,7,"626, RUE SAINT PIERRE",43.29029,5.42554
201400015372,21,8,14,14,1,13,55,1,1,1,4,"246, AUT NORD LYON MARSE",0.0,0.0
201400015373,28,8,14,18,1,13,106,2,1,1,6,"43, BEDOULE (CHEMIN DE L",43.38753,5.35201
201400015374,24,8,14,8,1,13,55,2,3,1,3,"140, VSN PRADO CASTELLAN",43.27987,5.38684
201400015375,31,8,14,17,1,13,55,2,3,1,3,"289, BD ROMAIN ROLLAND",43.27281,5.4118
201400015376,5,8,14,13,1,13,55,2,6,1,3,"00, RPT PROFESSEUR PIERR",0.0,0.0
201400015377,1,9,14,17,1,13,55,1,6,2,6,"70, RUE SAINT JEAN DU DE",43.29869,5.43673
201400015378,24,8,14,18,1,13,2,2,1,1,7,"00, ETIENNE CUCCA-CD908",0.0,0.0
201400015379,2,9,14,10,1,13,75,2,3,1,3,"00, LIBERATION (AVE DE L",43.34055,5.45658
201400015380,4,9,14,8,1,13,2,2,6,1,6,"34, MARCEL JULIEN (AVENU",43.35602,5.48692
201400015381,2,9,14,21,5,13,55,2,1,1,7,"59, PRO GEORGES POMPIDOU",43.2648,5.3734
201400015382,2,9,14,11,1,13,55,2,2,1,3,"140, VSN PRADO AVE",43.27989,5.38675
201400015383,28,8,14,21,5,13,55,2,1,1,7,"63, AVE CLAUDE MONET",43.3264,5.39453
201400015384,20,8,14,11,1,13,55,2,1,1,6,108 Boulevard de la Valb,43.28747,5.4481
201400015385,4,9,14,9,1,13,55,2,1,1,7,"39, CRS LIEUTAUD",43.2933,5.38238
201400015386,8,9,14,18,1,13,55,2,2,1,3,"11, BD DE PLOMBIERES",0.0,0.0
201400015387,7,9,14,14,1,13,55,2,1,1,1,"41, AVE ALEXANDRE ANSALD",43.33333,5.40309
201400015388,6,9,14,4,5,13,55,2,1,1,2,"00, AVE DU GENERAL LECLE",0.0,0.0
201400015389,10,9,14,5,5,13,55,2,1,1,1,"30, CHE DE LA MADRAGUE V",43.32058,5.36506
201400015390,7,9,14,10,1,13,55,2,1,1,6,"00, AVE DE LA POINTE ROU",0.0,0.0
201400015391,10,9,14,19,1,13,106,2,1,1,2,"51, 8 MAI 1945 (AVENUE D",43.38767,5.35962
201400015392,11,9,14,9,1,13,55,2,1,1,6,"210, BD DE LA LIBERATION",43.3026,5.39614
201400015393,11,9,14,17,1,13,55,2,1,1,3,"207, BD DE PLOMBIERES",43.32072,5.37886
201400015394,13,9,14,18,1,13,55,2,1,1,4,"152, AVE DE LA MADRAGUE",43.23901,5.36552
201400015395,18,8,14,17,1,13,55,2,3,1,6,"18, RUE COLBERT",43.29925,5.37411
201400015396,27,8,14,14,1,13,55,2,2,1,3,"00, CRS PIERRE PUGET",43.29004,5.37253
201400015397,30,8,14,16,1,13,55,2,1,1,6,"218, CHE DE SAINTE MARTH",43.3309,5.38893
201400015398,9,7,14,21,5,13,55,2,2,1,3,"24, RUE NEUVE SAINTE CAT",43.29214,5.36897
201400015399,21,8,14,15,1,13,55,2,1,1,6,"77, BD FRANCOISE DUPARC",43.30532,5.40077
201400015400,23,8,14,6,2,13,75,2,1,1,2,"33, MARECHAL JUIN (AVE D",43.35211,5.46093
201400015401,28,8,14,14,1,13,55,2,2,1,3,"28, RUE ABBE DE L EPEE",43.29701,5.38879
201400015402,3,9,14,18,1,13,55,2,3,1,3,"84, BD ODDO",43.32922,5.36554
201400015403,4,9,14,7,1,13,55,2,1,1,6,"20, RUE LOUBON",43.31164,5.3787
201400015404,4,9,14,9,1,13,55,2,1,1,6,"89, BD DE STRASBOURG",43.30925,5.3787
201400015405,6,9,14,14,1,13,55,2,1,1,3,"00, RUE DE LA PETITE OUR",43.3418,5.37293
201400015406,6,9,14,14,1,13,55,2,1,1,6,"360, CHE DE LA MADRAGUE",0.0,0.0
201400015407,6,9,14,17,1,13,55,2,1,1,1,"000, CHE DU CAP JANET",0.0,0.0
201400015408,5,7,14,15,1,13,55,2,1,1,2,"197, AVE PIERRE MENDES F",43.25182,5.37571
201400015409,3,9,14,16,1,13,55,2,1,1,6,"105, RUE FLORALIA",43.24535,5.38917
201400015410,5,9,14,22,5,13,55,2,1,1,6,"106, BD DE SAINT MARCEL",43.28859,5.46206
201400015411,1,9,14,10,1,13,55,2,1,1,6,"347, BD MICHELET",0.0,0.0
201400015412,16,9,14,18,1,13,55,2,1,1,6,"00, TUN TUNNEL ST CHARLE",0.0,0.0
201400015413,1,9,14,19,1,13,55,2,2,1,6,"349, BD ROMAIN ROLLAND",43.27133,5.40909
201400015414,3,9,14,18,1,13,55,2,1,1,6,"86, BD DE PONT DE VIVAUX",43.28065,5.42114
201400015415,5,9,14,19,1,13,55,2,2,1,3,"371, BD ROMAIN ROLLAND",43.2706,5.40747
201400015416,6,9,14,9,1,13,55,2,1,1,4,"555, RUE SAINT PIERRE",43.29048,5.42028
201400015417,26,8,14,17,1,13,55,2,1,1,2,"141, BD DE SAINT MARCEL",43.28803,5.46375
201400015418,27,8,14,17,1,13,55,2,1,1,6,"028, BD DE LA PADOUANE",43.35341,5.3664
201400015419,3,9,14,15,1,13,55,2,2,1,6,"12, PCE BOUGAINVILLE",0.0,0.0
201400015420,24,8,14,3,5,13,55,2,1,1,2,"66, VOI LA CANEBIERE",43.29711,5.37966
201400015421,10,6,14,14,1,13,55,2,2,1,3,"00, RUE BERNEX",43.30063,5.38833
201400015422,28,8,14,13,1,13,55,2,2,1,1,"78, AVE DE LA CORSE",43.28936,5.3576
201400015423,7,9,14,14,1,13,55,2,1,1,6,"146, BD BAILLE",0.0,0.0
201400015424,27,8,14,19,1,13,55,2,3,1,6,"00, BD RICARD",43.31281,5.38449
201400015425,31,7,14,9,1,13,55,2,1,1,1,"67, AVE DE SAINT ANTOINE",43.3697,5.3563
201400015426,4,9,14,15,1,13,55,2,2,1,2,"27, AVE DU PRADO",43.28402,5.38479
201400015427,23,8,14,17,1,13,55,2,3,1,6,"00, AVE DE LA MADRAGUE D",43.23877,5.36517
201400015428,31,8,14,10,1,13,55,2,1,1,2,"00, COR PRESIDENT JOHN F",0.0,0.0
201400015429,4,9,14,11,1,13,55,2,1,1,1,"224, BD ROMAIN ROLLAND",43.27421,5.41465
201400015430,12,9,14,13,1,13,55,2,1,1,2,"01, RPT PROFESSEUR LOUIS",43.24665,5.43451
201400015431,9,9,14,10,1,13,55,2,1,1,6,"34, RUE DE LA CREDENCE",0.0,0.0
201400015432,9,9,14,10,1,13,55,2,2,1,3,"186, BD DE PARIS",0.0,0.0
201400015433,9,9,14,17,1,13,55,2,1,1,6,"56, CHE DE GIBBES",0.0,0.0
201400015434,2,4,14,16,1,13,55,2,3,1,3,"01, TRA DE L HERMITAGE",43.36217,5.35732
201400015435,17,9,14,21,5,13,55,2,1,3,4,"171, AVE DE LA VISTE",43.36504,5.35689
201400015436,4,9,14,20,5,13,55,2,1,1,6,"00, RUE ANDRE MAURIC",0.0,0.0
201400015437,4,9,14,17,1,13,55,2,1,1,6,"101, AVE DES OLIVES",43.32721,5.43666
201400015438,14,9,14,15,1,13,55,2,2,1,3,"160, RUE ALBERT EINSTEIN",43.33914,5.43981
201400015439,13,9,14,15,1,13,55,2,4,1,6,"298, AVE DU VINGT QUATRE",43.30992,5.44163
201400015440,15,9,14,7,1,13,55,2,1,2,2,"04, RUE MARIUS DUBOIS",43.27747,5.39936
201400015441,11,9,14,16,1,13,55,2,1,1,2,"00, BD DANIELLE CASANOVA",0.0,0.0
201400015442,4,9,14,15,1,13,2,2,6,1,7,"01, GUERIDON (CHEMIN  DU",43.33186,5.48655
201400015443,8,9,14,10,1,13,55,2,1,1,2,"765, CHE DU LITTORAL",43.35695,5.3273
201400015444,18,9,14,16,1,13,55,2,1,1,6,"36, BD CHARLES LIVON",43.29225,5.36055
201400015445,18,9,14,15,1,13,55,2,1,1,6,"00, BD SAKAKINI",0.0,0.0
201400015446,21,9,14,7,2,13,55,2,1,1,7,"176, AVE JULES CANTINI",43.27945,5.39559
201400015447,22,9,14,11,1,13,55,2,2,1,6,"47, RUE LE CHATELIER",43.34825,5.36248
201400015448,9,9,14,10,1,13,55,2,1,1,6,"469, RUE PARADIS",43.27281,5.3855
201400015449,11,9,14,13,1,13,55,2,1,1,6,"94, RUE D AUBAGNE",43.29357,5.38178
201400015450,31,8,14,18,1,13,55,2,1,1,2,"11, BD DE LA POMME",0.0,0.0
201400015451,8,6,14,1,5,13,55,2,1,1,6,"44, AVE MARIE JEANNE BER",43.29395,5.48791
201400015452,6,9,14,21,1,13,55,2,1,1,6,"18, TRA DES QUATRE CHEMI",43.31572,5.422
201400015453,7,9,14,22,5,13,55,2,1,1,2,"55, AVE DU VINGT QUATRE",43.30797,5.43056
201400015454,8,9,14,9,1,13,55,2,1,1,7,"99, RTE DES CAMOINS",43.29806,5.49813
201400015455,11,9,14,19,1,13,55,2,2,1,3,"00, AVE DE SAINT BARNABE",43.30428,5.41307
201400015456,4,9,14,5,5,13,55,2,1,1,6,"96, RUE DE LYON",43.32644,5.36654
201400015457,1,9,14,17,1,13,55,2,1,1,1,"249, AVE DES AYGALADES",43.35213,5.36545
201400015458,1,9,14,6,1,13,55,2,1,1,6,"01, RUE DU CARGO RHIN FI",43.32731,5.35531
201400015459,15,9,14,11,1,13,55,2,1,1,6,"107, BD JEANNE D' ARC",43.29297,5.40633
201400015460,5,9,14,10,1,13,55,2,1,1,7,"81, BD DE SAINT LOUP",43.28274,5.43208
201400015461,13,9,14,10,1,13,55,2,1,1,7,"147, CR DES PRUD' HOMMES",0.0,0.0
201400015462,29,8,14,17,1,13,55,2,1,1,2,"24, BD SCHLOESING",43.27431,5.40001
201400015463,11,9,14,9,1,13,106,2,1,1,6,"00, BEDOULE (CHEMIN DE L",0.0,0.0
201400015464,12,9,14,8,1,13,55,2,3,1,1,"96, AVE DE LA CAPELETTE",43.2814,5.40506
201400015465,6,9,14,16,1,13,55,2,1,1,6,"00, BD MICHELET",0.0,0.0
201400015466,21,7,14,20,1,13,55,2,1,1,2,"325, BD ROMAIN ROLLAND",43.27191,5.4102
201400015467,2,9,14,14,1,13,55,2,3,1,6,"00, BD DE LA POMME",43.29326,5.45506
201400015468,8,9,14,12,1,13,55,2,1,1,6,"45, RUE D ENDOUME",43.28886,5.36652
201400015469,18,8,14,15,1,13,55,2,1,1,7,"207, BD DE SAINT MARCEL",43.28677,5.46731
201400015470,17,9,14,6,5,13,55,2,1,1,1,"49/55, AVE DU DOCTEUR HE",43.28739,5.442
201400015471,22,9,14,16,1,13,55,2,1,1,6,"11, QAI DES BELGES",43.29464,5.37456
201400015472,16,9,14,6,1,13,55,2,1,1,6,"363, RUE PARADIS",43.2772,5.38366
201400015473,6,9,14,11,1,13,55,2,1,1,2,"00, AVE ANDRE ZENATTI",0.0,0.0
201400015474,8,9,14,14,1,13,55,2,1,1,2,"61, AVE ROGER SALENGRO",43.31239,5.3719
201400015475,9,9,14,20,2,13,55,2,1,1,6,"55, SQ DE LA COMETE",43.34446,5.37308
201400015476,12,9,14,16,1,13,55,2,1,1,7,"00, AVE MILLIE MATHYS",0.0,0.0
201400015477,13,9,14,13,1,13,55,2,3,1,3,"07, BD DE BRIANCON",43.3169,5.36955
201400015478,13,9,14,18,1,13,55,2,1,1,6,"101, CHE DE SAINTE MARTH",0.0,0.0
201400015479,18,9,14,12,1,13,55,2,1,1,6,"12, BD DE PARIS",43.306,5.37238
201400015480,19,9,14,20,5,13,55,2,1,1,7,"00, AVE DE LA FOURRAGERE",0.0,0.0
201400015481,24,9,14,16,1,13,55,2,1,1,6,"033, VSN MARECHAL JUIN F",0.0,0.0
201400015482,9,9,14,17,1,13,55,2,1,1,6,"32, CRS LIEUTAUD",43.29428,5.38202
201400015483,12,9,14,9,1,13,55,2,3,1,3,"84, RUE DE LODI",43.28861,5.38793
201400015484,19,9,14,15,1,13,55,2,1,1,6,"142, CRS LIEUTAUD",43.28859,5.38434
201400015485,9,9,14,7,1,13,55,2,1,1,2,"03, AVE CAMILLE PELLETAN",43.30261,5.37431
201400015486,9,9,14,10,1,13,55,2,1,1,4,"121, CHE DE SAINTE MARTH",43.32516,5.38824
201400015487,9,9,14,14,1,13,55,2,1,1,6,"297, AVE DE SAINT ANTOIN",43.3767,5.3563
201400015488,20,9,14,18,1,13,55,2,1,1,6,"67, AVE DE FRAIS VALLON",43.32539,5.4294
201400015489,16,9,14,16,1,13,55,2,1,1,1,"07, RUE EMILE ZOLA",43.24789,5.39985
201400015490,19,9,14,8,1,13,55,2,1,1,4,"114, BD MIREILLE LAUZE",43.28153,5.41107
201400015491,28,2,14,5,3,13,55,2,1,8,7,"62, AVE JULES CANTINI",43.28268,5.3896
201400015492,1,8,14,9,1,13,55,2,1,1,7,"01, PIERRE CHEVALIER (RU",43.29529,5.42537
201400015493,4,9,14,19,1,13,55,2,1,1,7,"210, RUE PIERRE DOIZE",43.27271,5.42815
201400015494,15,9,14,12,1,13,2,2,1,1,6,"0, ENCO DE BOTTE (ROUTE",0.0,0.0
201400015495,16,9,14,16,1,13,55,2,2,1,6,"168, AVE DE SAINT JULIEN",43.30763,5.42546
201400015496,18,9,14,10,1,13,55,2,1,1,2,"219, AVE DE CHATEAU GOMB",43.34575,5.42472
201400015497,18,9,14,13,1,13,55,2,1,1,7,"122, RUE DE LYON",43.32721,5.36626
201400015498,29,9,14,17,1,13,55,2,1,8,6,"168, AVE DE LA ROSE",43.32861,5.42625
201400015499,29,9,14,18,1,13,55,2,1,1,7,"78, BD NATIONAL",43.30602,5.38356
201400015500,19,8,14,19,1,13,55,2,1,1,6,"04, RUE DES DOMINICAINES",43.29999,5.37619
201400015501,13,9,14,11,1,13,55,2,1,1,6,"06, BD D ATHENES",43.29918,5.38088
201400015502,30,9,14,16,1,13,55,2,1,3,6,"80, AVE ALEXANDRE ANSALD",43.33089,5.40591
201400015503,17,9,14,15,1,13,55,2,3,1,1,AVE DE MAZARGUES,43.26143,5.39358
201400015504,23,9,14,21,5,13,55,2,1,2,7,"70, AVE DE MAZARGUES",43.26812,5.38898
201400015505,18,9,14,20,3,13,55,2,7,1,6,"00, AVE DE MAZARGUES",43.24762,5.40046
201400015506,19,9,14,7,1,13,55,2,1,8,6,"239, CV DE MORGIOU",43.23323,5.41253
201400015507,20,9,14,13,1,13,55,2,1,1,6,"02, AVE DE BONNEVEINE",0.0,0.0