Num_Acc,jour,mois,an,hr,condition_eclairage,departement,commune,condition_agglomeration,intersection,condition_atmosphere,type_collision,adresse,lattitude,longitude
201400015508,22,9,14,17,1,13,55,1,1,1,6,"131, AVE DU PRADO",43.27958,5.38766
201400015509,11,9,14,17,1,13,55,2,1,1,6,"02, RUE PIERRE DRAVET",43.28886,5.46145
201400015510,17,9,14,11,1,13,55,2,1,1,6,"00, BD DE LA POMME",0.0,0.0
201400015511,20,9,14,13,1,13,55,2,1,1,6,"68, BD DE PLOMBIERES",43.31605,5.38466
201400015512,23,9,14,18,1,13,55,2,1,1,6,"00, AVE ALEXANDRE FLEMIN",0.0,0.0
201400015513,3,9,14,11,1,13,55,1,3,1,1,"134, BD DE PONT DE VIVAU",43.28157,5.42365
201400015514,11,9,14,14,1,13,2,2,1,1,6,"314, ETIENNE CUCCA-CD908",43.36088,5.49399
201400015515,17,9,14,18,1,13,75,2,1,1,6,"17, LOUIS PASTEUR (AVE)",43.35093,5.46818
201400015516,24,8,14,13,1,13,55,2,1,1,6,"01, PCE DES MARSEILLAISE",43.30137,5.37988
201400015517,24,8,14,18,1,13,55,2,2,1,6,"44, CRS FRANKLIN ROOSEVE",43.29896,5.38815
201400015518,7,9,14,7,1,13,55,2,1,1,7,"02, RAM SAINT MAURICE",0.0,0.0
201400015519,21,9,14,14,1,13,55,2,1,1,6,"139, AVE CAMILLE PELLETA",43.30804,5.37394
201400015520,25,8,14,19,1,13,55,2,1,1,6,"270, BD PAUL CLAUDEL",43.26976,5.42189
201400015521,22,9,14,19,2,13,55,2,3,1,6,"09, TRA PETROCCOCHINO",43.25214,5.38395
201400015522,16,9,14,16,1,13,55,2,6,1,1,"00, RPT PERE WRESINKI",0.0,0.0
201400015523,22,6,14,0,5,13,55,2,1,1,6,"546, AVE DU PRADO",43.26433,5.37822
201400015524,1,10,14,20,5,13,55,2,3,1,6,"168, BD DE SAINT MARCEL",43.28725,5.46595
201400015525,22,9,14,20,5,13,55,2,1,1,6,"00, CHE DE LA MADRAGUE V",0.0,0.0
201400015526,4,10,14,2,5,13,55,2,1,1,6,"06, BD DE SAINTE MARGUER",43.26959,5.40181
201400015527,29,9,14,15,1,13,55,2,1,1,6,"61, ALL DE LA GRANDE BAS",0.0,0.0
201400015528,8,9,14,15,1,13,55,2,1,1,7,"01, BD DE LA VALBARELLE",43.28582,5.44248
201400015529,21,8,14,23,5,13,55,2,1,1,6,"06, RUE DES LICES",43.28948,5.36705
201400015530,20,9,14,9,1,13,55,2,1,1,2,"19, AVE DE SAINT MENET",43.28966,5.49577
201400015531,22,9,14,21,5,13,55,2,1,1,6,"00, BD ACHILLE MARCEL",0.0,0.0
201400015532,23,9,14,20,5,13,55,2,1,1,6,"78, BD DES LIBERATEURS",43.30107,5.46213
201400015533,11,9,14,9,1,13,55,2,1,1,6,"327, BD MICHELET",43.25796,5.39978
201400015534,25,9,14,18,1,13,2,2,1,1,4,"21, PROVENCE (AVENUE DE)",0.0,0.0
201400015535,24,9,14,11,1,13,55,2,1,1,7,"60, BD CAMILLE FLAMMARIO",43.3056,5.39219
201400015536,22,9,14,12,1,13,55,2,1,1,6,"00, COR PRESIDENT JOHN F",0.0,0.0
201400015537,26,9,14,7,1,13,55,2,1,1,6,"116, BD DE SAINT LOUP",43.28286,5.4324
201400015538,28,9,14,18,1,13,2,2,1,1,1,"00, ETIENNE CUCCA-CD908",0.0,0.0
201400015539,29,8,14,10,1,13,55,2,1,1,2,"08, RUE NEGRESKO",43.27016,5.39182
201400015540,22,9,14,10,1,13,55,2,1,1,6,"33, AVE DES FELIBRES",43.31154,5.42523
201400015541,7,10,14,0,5,13,55,2,1,1,7,"00, RUE PAUL LANGEVIN",43.34536,5.42912
201400015542,22,9,14,14,1,13,55,2,1,1,6,"138, RUE PARADIS",43.28753,5.37924
201400015543,25,9,14,12,1,13,55,2,1,1,6,"00, BD GARIBALDI",0.0,0.0
201400015544,30,9,14,7,1,13,55,2,1,2,6,"219, AVE DES CHARTREUX",43.31227,5.40132
201400015545,6,9,14,15,1,13,55,2,1,1,6,"00, RPT ANTOINE SARTORIO",43.36159,5.3451
201400015546,21,9,14,0,5,13,55,2,1,1,7,"141, AVE DE MONTOLIVET",43.31037,5.40911
201400015547,21,9,14,0,5,13,55,2,2,1,6,"02, CRS LIEUTAUD",43.29615,5.38145
201400015548,12,8,14,23,5,13,55,2,1,1,6,"582, CHE DU LITTORAL",43.35396,5.33223
201400015549,10,9,14,10,1,13,55,2,1,1,6,"85, RUE DE LA REPUBLIQUE",43.3023,5.3691
201400015550,13,9,14,11,1,13,55,2,2,1,6,"00, RUE LE CHATELIER",43.34769,5.36173
201400015551,26,9,14,17,1,13,55,2,2,1,6,"00, BD DU MARECHAL JUIN",43.31321,5.40509
201400015552,27,9,14,14,1,13,55,2,1,1,6,"62, CHE DU LITTORAL",43.3333,5.35465
201400015553,27,9,14,19,3,13,55,2,1,1,2,"05, CHE DE SAINT JOSEPH",43.34126,5.38659
201400015554,5,10,14,1,5,13,55,2,1,1,6,"07, QAI DE RIVE NEUVE",43.29369,5.37253
201400015555,5,10,14,22,5,13,55,2,2,1,7,"45, BD FRANCOISE DUPARC",43.30293,5.40068
201400015556,14,9,14,10,1,13,55,2,1,1,6,"122, VSN COMMANDANT ROLL",43.26926,5.38097
201400015557,27,9,14,14,1,13,55,2,1,1,6,"01, PCE LOUIS BONNEFON",43.25423,5.38195
201400015558,27,8,14,17,1,13,55,2,1,1,6,"57, MTE DE SAINT MENET",43.28863,5.49913
201400015559,3,10,14,22,5,13,55,2,1,1,6,"160, BD DE LA BARASSE RN",43.28465,5.48437
201400015560,4,10,14,5,5,13,55,2,1,1,6,"132, RUE DE CRIMEE",43.30844,5.37905
201400015561,16,9,14,8,1,13,55,2,1,1,2,"00, VOL LESSEPS / PASSER",0.0,0.0
201400015562,24,9,14,19,1,13,55,2,1,1,6,"81, RUE LE CHATELIER",43.3466,5.36462
201400015563,27,9,14,15,1,13,55,2,1,1,4,"09, AVE DE SAINT ANTOINE",43.36635,5.35673
201400015564,27,9,14,21,5,13,55,2,3,1,3,"144, CHE DE SAINT ANTOIN",43.35624,5.36967
201400015565,30,9,14,20,5,13,55,2,3,2,3,"00, BD LIONEL TERRAY",43.31557,5.40378
201400015566,1,10,14,15,1,13,55,2,1,1,6,"00, AVE JENNY HELIA",43.36659,5.35574
201400015567,1,10,14,18,1,13,55,2,1,1,6,"34, BD DU CAPITAINE GEZE",43.3303,5.37004
201400015568,2,10,14,7,1,13,55,2,1,1,6,"36, AVE DU MERLAN",43.33535,5.40748
201400015569,9,10,14,21,5,13,55,2,2,1,3,"22, AVE DE MONTOLIVET",43.30814,5.4031
201400015570,9,10,14,21,5,13,55,2,2,1,6,"149, BD RABATAU DANIEL M",43.27935,5.39928
201400015571,11,10,14,0,5,13,75,2,1,1,2,"144, LIBERATION (AVE DE",43.34408,5.45949
201400015572,8,10,14,13,1,13,106,2,1,1,1,"0000, DESSERTE (CHEMIN D",0.0,0.0
201400015573,5,4,14,5,2,13,55,2,1,1,3,"421, BD MICHELET",43.25232,5.40296
201400015574,2,9,14,10,1,13,55,2,2,1,3,"82, RUE BRETEUIL",43.28752,5.37694
201400015575,11,9,14,16,1,13,55,2,1,1,6,"48, BD VOLTAIRE",43.30278,5.38455
201400015576,29,9,14,17,1,13,55,2,2,1,6,"02, BD LEGLIZE",43.31131,5.39621
201400015577,2,10,14,20,5,13,55,2,1,1,1,"431, RUE SAINT PIERRE",43.29171,5.41279
201400015578,30,9,14,7,1,13,55,2,1,2,6,"00, BD DE PLOMBIERES",0.0,0.0
201400015579,30,9,14,15,1,13,55,2,1,2,6,"385, BD NATIONAL",43.31463,5.37294
201400015580,30,9,14,10,1,13,55,2,1,3,1,"0, RTE LEON LACHAMP",0.0,0.0
201400015581,1,10,14,10,1,13,55,2,1,1,7,"18, CHE DU VAL DES BOIS",43.26421,5.42277
201400015582,27,8,14,18,1,13,55,2,1,1,6,"349, AVE DU PRADO",43.27028,5.38822
201400015583,25,9,14,11,1,13,55,2,1,2,6,"58, AVE JEAN LOMBARD",43.28872,5.43001
201400015584,25,9,14,10,1,13,55,2,1,1,6,"00, AVE DU PRADO",0.0,0.0
201400015585,13,9,14,11,1,13,55,2,1,1,6,"148, AVE DES PEINTRES RO",43.30126,5.47579
201400015586,3,10,14,12,1,13,55,2,1,1,6,"216, BD HENRI BARNIER",43.36693,5.34345
201400015587,3,10,14,9,1,13,55,2,1,1,7,"52, RUE RAPHAEL",43.26803,5.39017
201400015588,25,8,14,17,1,13,55,2,1,1,6,"62, CRS LIEUTAUD",43.29274,5.38252
201400015589,1,10,14,13,1,13,55,2,1,1,7,"42, RUE TAPIS VERT",43.29865,5.37917
201400015590,16,8,14,11,1,13,55,2,2,1,3,"70, RUE SAINT JEAN DU DE",43.29871,5.43667
201400015591,24,9,14,10,1,13,55,2,1,1,6,"121, AVE DE LA CAPELETTE",43.28145,5.405
201400015592,29,9,14,12,1,13,55,1,1,1,6,"61, RTE LEON LACHAMP",43.24636,5.43143
201400015593,1,10,14,13,1,13,55,2,1,1,4,"98, AVE DES POILUS",43.32465,5.45534
201400015594,2,10,14,8,1,13,55,2,1,1,6,"113, AVE DE SAINT JULIEN",43.3069,5.42196
201400015595,7,10,14,10,1,13,55,2,1,2,7,"61, CHE SAINT JEAN DU DE",43.29357,5.407
201400015596,24,7,14,23,5,13,55,2,1,1,7,"13, RUE RICARD",43.31341,5.38406
201400015597,8,9,14,18,1,13,55,2,1,1,6,"01, RPT VERRERIE LAFFON",0.0,0.0
201400015598,19,9,14,16,1,13,55,2,1,1,6,"00, PCE MARCEAU",43.30506,5.37291
201400015599,1,10,14,11,1,13,55,2,1,1,6,"215, CHE DE SAINTE MARTH",43.33096,5.38897
201400015600,10,10,14,12,1,13,55,2,1,1,6,"01, BD DE LA STATION",43.33375,5.38295
201400015601,25,9,14,21,5,13,55,2,2,1,6,"64, BD SAKAKINI",43.29583,5.40015
201400015602,13,9,14,12,1,13,55,2,1,1,2,"194, BD PAUL CLAUDEL",43.268,5.41815
201400015603,4,10,14,12,1,13,55,2,1,1,6,"99, RUE FLORALIA",43.24516,5.38972
201400015604,6,9,14,19,1,13,55,2,1,1,2,"305, BD DE SAINT MARCEL",43.28628,5.47267
201400015605,26,9,14,9,1,13,55,2,2,1,3,"000, PCE DU 10 JUIN 1944",0.0,0.0
201400015606,11,6,14,22,5,13,55,2,1,1,6,"35, RUE NIELS BOHR",43.33624,5.44498
201400015607,1,10,14,20,5,13,55,2,1,1,6,"00, RUE HENRI COCHET",0.0,0.0
201400015608,25,7,14,15,1,13,55,2,1,1,6,"35, BD BOUES",43.31219,5.38168
201400015609,20,9,14,15,1,13,55,2,1,1,4,"00, AVE DE SAINT LOUIS",0.0,0.0
201400015610,5,10,14,22,5,13,55,2,2,1,3,"70, RUE DU CAMAS",43.29727,5.39408
201400015611,6,10,14,9,1,13,55,2,1,1,6,"40, BD VINCENT DELPUECH",43.28098,5.39513
201400015612,24,9,14,9,1,13,2,2,1,2,7,"18, ETIENNE CUCCA-CD908",0.0,0.0
201400015613,5,10,14,16,1,13,75,2,1,1,6,"117, LIBERATION (AVE DE",43.30087,5.3906
201400015614,4,10,14,0,5,13,55,2,1,1,6,"0, AVE DE MONTREDON",0.0,0.0
201400015615,28,9,14,23,5,13,55,2,3,1,6,"72, CHE DU MERLAN A LA R",43.33046,5.41252
201400015616,29,9,14,10,1,13,55,2,1,1,6,"255, AVE DES OLIVES",43.32346,5.4457
201400015617,1,10,14,7,2,13,55,2,1,1,6,"25, AVE ALEXANDRE ANSALD",43.33532,5.40008
201400015618,6,10,14,8,1,13,55,2,1,1,2,"01, AVE DU MARCHE NATION",43.3415,5.37312
201400015619,3,10,14,23,5,13,55,2,1,1,6,"206, RUE FELIX PYAT",43.3206,5.37465
201400015620,9,10,14,10,1,13,55,2,1,1,6,"00, RUE DES CEDRATS",0.0,0.0
201400015621,25,8,14,17,1,13,55,2,1,1,6,"01, CHE DE LA NERTHE",43.3634,5.31576
201400015622,2,10,14,11,1,13,55,2,1,1,1,"68, BD DU CAPITAINE GEZE",43.33146,5.37554
201400015623,8,10,14,15,1,13,55,2,1,1,6,"25, AVE DU PRADO",43.28432,5.38501
201400015624,9,10,14,16,1,13,55,2,1,1,6,"39, BD SAKAKINI",43.29715,5.4006
201400015625,10,10,14,10,1,13,55,2,1,1,6,"34, RUE BRIFFAUT",43.29434,5.39743
201400015626,12,10,14,1,5,13,55,2,1,1,6,"01, PCE DE L HOTEL DES P",43.29906,5.3741
201400015627,7,10,14,15,1,13,55,2,1,1,3,"09, RUE EDMOND ROSTAND",43.289,5.38003
201400015628,1,10,14,15,1,13,55,2,1,1,6,"87, BD MIREILLE LAUZE",0.0,0.0
201400015629,7,10,14,14,1,13,55,2,2,1,3,"174, CHE DE L ARMEE D A",43.28691,5.41242
201400015630,11,10,14,16,1,13,55,2,1,1,6,"132, AVE DE LA CAPELETTE",0.0,0.0
201400015631,4,10,14,13,1,13,55,2,1,1,7,"111, RPT VALENTINE SABLI",43.29341,5.48095
201400015632,9,10,14,23,5,13,55,2,1,1,6,"08, RUE GORDE",43.28572,5.39924
201400015633,8,10,14,7,1,13,55,2,1,1,6,"00, CHE DE SAINT JOSEPH",0.0,0.0
201400015634,6,10,14,19,5,13,55,2,1,1,4,"01, CHE DU LITTORAL",0.0,0.0
201400015635,7,10,14,21,5,13,55,2,1,1,7,"02, AVE JEAN BOUIN",43.26682,5.40293
201400015636,3,10,14,10,1,13,55,2,1,1,6,"262, BD PAUL CLAUDEL",43.26955,5.42136
201400015637,6,10,14,17,1,13,55,2,1,1,6,"23, RUE FRANCOIS MAURIAC",43.27785,5.41653
201400015638,2,10,14,12,1,13,55,2,1,1,6,"160, RUE LE CHATELIER",43.34879,5.37215
201400015639,30,8,14,17,1,13,55,2,3,1,1,"00, BD DES BOUIRES",43.29918,5.45341
201400015640,13,10,14,18,1,13,55,2,1,1,6,"38, AVE DU MARCHE NATION",43.3391,5.38116
201400015641,19,10,14,5,5,13,55,2,1,1,6,"6310, BD JEAN MOULIN",0.0,0.0
201400015642,19,10,14,20,2,13,55,2,1,1,6,"19, RUE DE LA BIBLIOTHEQ",43.29562,5.38489
201400015643,6,10,14,12,1,13,55,2,1,1,2,"65, AVE DE LA CAPELETTE",43.28292,5.40203
201400015644,25,9,14,19,2,13,55,2,6,1,6,"00, RPT M.LAUZE/FLORIAN",43.28584,5.42526
201400015645,19,10,14,19,2,13,55,2,1,1,6,"112, AVE WILLIAM BOOTH",43.29567,5.44626
201400015646,13,10,14,13,1,13,55,2,1,1,6,"90, RUE DE L' EVECHE",43.30081,5.36677
201400015647,13,10,14,11,1,13,55,2,1,1,6,"01, RTE LEON LACHAMP",43.245,5.428
201400015648,17,10,14,16,1,13,55,2,1,1,6,"78, AVE ANDRE ZENATTI",0.0,0.0
201400015649,23,9,14,12,1,13,55,2,1,1,6,"153, AVE DE SAINT LOUIS",43.34845,5.35894
201400015650,14,10,14,10,1,13,55,2,1,1,6,"34, CHE DE SAINTE MARTHE",43.3191,5.39024
201400015651,27,8,14,12,1,13,55,2,1,1,6,"02, QAI DE LA JOLIETTE",43.30435,5.3651
201400015652,22,10,14,0,5,13,55,2,1,1,7,"72, CHE DU MERLAN A LA R",0.0,5.41326
201400015653,30,7,14,3,5,13,55,2,1,1,1,"00, BD BOURRELY",0.0,0.0
201400015654,1,10,14,14,1,13,55,2,1,1,4,"222, AVE DE LA VISTE",0.0,0.0
201400015655,2,10,14,16,1,13,55,2,1,1,6,"10, RUE JUNOT",43.31069,5.37632
201400015656,8,10,14,10,1,13,55,2,6,1,7,"00, RPT PASCAL LENA",43.33119,5.39833
201400015657,11,10,14,16,1,13,55,2,1,1,6,"32, AVE CAMILLE PELLETAN",43.30359,5.37376
201400015658,13,9,14,5,5,13,55,2,1,1,6,"00, BD DU REDON",0.0,0.0
201400015659,17,10,14,22,5,13,55,2,1,1,1,"369, AVE DU PRADO",43.26941,5.38685
201400015660,9,10,14,19,5,13,55,2,1,1,6,"000, QAI D ARENC",0.0,0.0
201400015661,14,10,14,19,1,13,55,2,1,1,2,"00, QAI DU LAZARET",0.0,0.0
201400015662,1,10,14,20,5,13,55,2,1,1,6,"145, BD DANIELLE CASANOV",43.32632,5.37459
201400015663,26,9,14,7,1,13,55,2,1,1,2,"67, BD DU CAPITAINE GEZE",43.33219,5.37592
201400015664,14,9,14,15,1,13,55,2,1,1,6,"00, QAI DE RIVE NEUVE",0.0,0.0
201400015665,17,9,14,10,1,13,55,2,1,1,6,"36, BD CHARLES LIVON",43.29227,5.36068
201400015666,11,10,14,18,1,13,55,2,1,1,6,"01, PCE BUREL",43.31437,5.3874
201400015667,13,10,14,19,5,13,55,2,1,1,3,"64, AVE DE LA CORSE",43.28884,5.36048
201400015668,30,8,14,10,1,13,55,2,1,1,6,"02, BD MIREILLE JOURDAN-",43.2459,5.37422
201400015669,25,9,14,21,5,13,55,2,1,1,6,"116, BD MIREILLE LAUZE",43.28206,5.41051
201400015670,10,10,14,19,5,13,55,2,1,1,7,"01, BD BAPTISTIN CAYOL",43.24841,5.38217
201400015671,15,10,14,15,1,13,55,2,1,1,6,"158, BD DE SAINTE MARGUE",43.26601,5.4085
201400015672,5,8,14,17,1,13,55,2,1,1,2,"551, AVE DU PRADO",43.26367,5.37792
201400015673,10,10,14,10,1,13,55,2,1,1,2,"00, AVE JEAN PAUL SARTRE",0.0,0.0
201400015674,27,10,14,5,5,13,55,2,1,1,6,"00, AVE DU CAP PINEDE RO",43.57932,5.00125
201400015675,26,10,14,1,5,13,55,2,1,1,6,"23, AVE ALEXANDRE DUMAS",43.26403,5.38997
201400015676,25,10,14,16,1,13,55,2,1,1,6,"000, PAR BORELY",0.0,0.0
201400015677,28,10,14,9,1,13,55,2,1,1,6,"355, AVE DU PRADO",43.27016,5.38799
201400015678,29,9,14,14,1,13,55,2,1,1,7,"114, BD DE LA CORDERIE",43.29001,5.36714
201400015679,18,9,14,8,1,13,55,2,2,1,3,"37, RUE DE BRUYS",43.29567,5.38889
201400015680,9,10,14,13,2,13,55,2,6,1,6,"00, AVE DU CAP PINEDE RO",43.32863,5.36566
201400015681,4,10,14,1,5,13,55,2,3,1,6,"23, BD LOUIS SALVATOR",43.29118,5.3825
201400015682,5,10,14,19,5,13,55,2,1,1,6,"78, AVE JULES CANTINI",43.28235,5.39019
201400015683,17,10,14,0,5,13,55,2,1,1,2,"106, COR PRESIDENT JOHN",43.28348,5.35016
201400015684,6,10,14,8,1,13,55,2,1,1,2,"63, BD JEAN MOULIN",43.28551,5.39882
201400015685,16,10,14,9,1,13,55,2,1,1,2,"141, BD FRANCOISE DUPARC",43.30794,5.40191
201400015686,8,10,14,13,1,13,55,1,1,1,2,"39, AVE CLAUDE MONET",43.32556,5.3941
201400015687,11,10,14,16,1,13,55,2,2,1,6,RUE FELIX PYAT,43.31332,5.37625
201400015688,29,10,14,7,5,13,55,2,2,1,3,"04, RUE D IENA",43.28545,5.38983
201400015689,29,10,14,6,5,13,55,2,2,1,3,"180, AVE DES AYGALADES",43.34633,5.3661
201400015690,22,7,14,14,1,13,55,2,1,1,6,"58, VOI LA CANEBIERE",0.0,0.0
201400015691,27,7,14,14,1,13,55,2,1,1,6,"58, VOI LA CANEBIERE",43.29682,5.37889
201400015692,23,7,14,19,1,13,55,2,1,1,7,"399, COR PRESIDENT JOHN",43.26901,5.36823
201400015693,16,10,14,8,1,13,55,2,2,1,3,33 RUE LONGUE DES CAPUCI,43.29789,5.37911
201400015694,16,10,14,15,1,13,55,2,4,1,6,"86, AVE ROBERT SCHUMAN",43.30467,5.36708
201400015695,7,8,14,14,1,13,55,2,1,1,6,"41, AVE ALEXANDRE ANSALD",43.3334,5.40295
201400015696,27,9,14,18,1,13,55,2,2,1,1,"146, BD DANIELLE CASANOV",43.3275,5.37502
201400015697,16,10,14,14,1,13,55,2,1,1,6,"215, CHE DE GIBBES",43.32825,5.38497
201400015698,20,10,14,15,1,13,55,2,1,1,6,"199, AVE PIERRE MENDES F",43.25168,5.37566
201400015699,2,7,14,18,1,13,55,2,1,1,6,"540, RUE PARADIS",43.27141,5.38611
201400015700,2,7,14,20,1,13,55,2,1,1,6,"148, BD FERNAND BONNEFOY",43.28067,5.40122
201400015701,21,9,14,13,1,13,55,2,1,1,4,"47, AVE DE LATTRE DE TAS",43.24836,5.40603
201400015702,16,10,14,14,1,13,55,2,1,1,2,"281, BD ROMAIN ROLLAND",43.27295,5.41205
201400015703,18,10,14,18,1,13,55,2,1,1,6,"04, BD GASTON RAMON",43.26676,5.39546
201400015704,15,10,14,9,1,13,55,2,1,1,6,"259, BD DE SAINT MARCEL",43.28629,5.47002
201400015705,25,10,14,20,5,13,55,2,2,1,3,"99, RUE PARADIS",43.28922,5.37858
201400015706,14,9,14,9,1,13,55,2,1,1,2,"80, RUE BRETEUIL",43.28757,5.37689
201400015707,2,10,14,12,1,13,55,2,1,1,6,"87, AVE DE FRAIS VALLON",43.32551,5.43218
201400015708,15,10,14,8,1,13,55,2,1,1,6,"40, BD DE PLOMBIERES",43.31555,5.3862
201400015709,17,10,14,16,1,13,55,2,2,1,3,"00, BD FERDINAND DE LESS",43.32103,5.37472
201400015710,17,10,14,22,5,13,55,2,1,1,6,"246, RUE SAINT PIERRE",43.29215,5.40162
201400015711,3,11,14,7,1,13,55,2,1,2,6,"49, RUE CAPITAINE DESSEM",43.28881,5.35523
201400015712,14,10,14,12,1,13,55,2,1,2,6,"01, VOL RABATAU PROL CAP",0.0,0.0
201400015713,3,9,14,16,1,13,55,2,1,1,2,"214, AVE DE LA CAPELETTE",43.27961,5.41058
201400015714,20,10,14,9,1,13,55,2,1,1,2,"31, BD EDOUARD HERRIOT",43.27226,5.38848
201400015715,13,10,14,14,1,13,55,2,1,1,6,"13, BD D ATHENES",43.29991,5.3807
201400015716,13,10,14,17,1,13,55,2,1,1,1,"01, VOL RPT CASINO RTE S",43.29379,5.47935
201400015717,20,10,14,22,5,13,55,2,1,1,7,"00, RUE DE L' OLIVIER",0.0,0.0
201400015718,18,10,14,15,1,13,55,2,2,1,3,"39, BD SAKAKINI",43.29748,5.40101
201400015719,5,8,14,10,1,13,55,2,2,1,3,"174, VOI LA CANEBIERE",43.29905,5.38528
201400015720,3,11,14,16,1,13,55,2,1,1,1,"150, RUE FELIX PYAT",43.31839,5.37487
201400015721,4,10,14,17,1,13,55,2,1,1,6,"08, PCE CASTELLANE",43.28609,5.38351
201400015722,24,10,14,17,1,13,55,2,1,1,6,"104, BD FRANCOISE DUPARC",43.30592,5.40095
201400015723,27,10,14,15,1,13,55,2,1,1,6,"30, BD LONGCHAMP",43.30131,5.38828
201400015724,30,10,14,6,5,13,55,2,1,1,6,"243, CHE DE LA MADRAGUE",43.33297,5.35868
201400015725,14,10,14,22,5,13,55,2,1,1,6,"00, AVE JULES CANTINI",0.0,0.0
201400015726,19,10,14,19,5,13,55,2,1,1,6,"62, BD DE SAINT LOUP",43.28214,5.42994
201400015727,16,10,14,17,1,13,55,2,1,1,6,"122, AVE DE LATTRE DE TA",0.0,0.0
201400015728,21,10,14,22,5,13,55,2,2,1,6,"52, RUE PARADIS",43.29221,5.37728
201400015729,18,10,14,3,5,13,55,2,1,1,6,"00, VSN MARECHAL JUIN AL",0.0,0.0
201400015730,26,10,14,2,5,13,55,2,1,1,6,"55, BD JEAN MOULIN",43.28618,5.39903
201400015731,17,10,14,18,2,13,55,2,1,1,6,"00, BD LOUIS FRANGIN",0.0,0.0
201400015732,20,10,14,18,2,13,2,2,1,8,6,"564, CANTON VERT (AVENUE",43.34136,5.47251
201400015733,26,10,14,15,1,13,55,2,2,1,6,"106, BD GEORGES ESTRANGI",43.27702,5.37293
201400015734,25,10,14,6,5,13,55,2,3,1,6,"185, AVE DE MONTOLIVET",43.31236,5.41144
201400015735,25,10,14,19,1,13,55,2,1,1,1,"111, CHE HENRI BEYLE",43.35248,5.35932
201400015736,24,10,14,16,1,13,55,2,1,1,6,"06, RUE DE LA BUSSERINE",43.33201,5.39835
201400015737,24,10,14,13,1,13,55,2,1,1,6,"00, AVE JEAN PAUL SARTRE",0.0,0.0
201400015738,24,10,14,9,1,13,55,2,1,1,2,"595, AVE DE LA ROSE",0.0,0.0
201400015739,24,10,14,21,5,13,55,2,1,1,6,"29, TRA DE CHANTE PERDRI",43.27306,5.43682
201400015740,25,10,14,23,5,13,55,2,1,2,6,"46, RUE NEGRESKO",43.26921,5.38885
201400015741,7,10,14,12,1,13,55,2,1,1,6,"83, BD PERIER",43.27879,5.38155
201400015742,20,10,14,20,5,13,55,2,1,1,1,"357, AVE DU PRADO",43.26994,5.38763
201400015743,15,10,14,6,5,13,55,2,1,1,6,"02, AVE CESAR BOY",43.29698,5.48393
201400015744,18,10,14,18,5,13,55,2,1,1,6,"000, AVE DE LATTRE DE TA",0.0,0.0
201400015745,17,10,14,9,1,13,55,2,6,1,6,"01, PCE MARCEAU",43.30485,5.37282
201400015746,16,10,14,17,1,13,55,2,1,1,4,"00, BD DE PLOMBIERES",0.0,0.0
201400015747,8,10,14,13,1,13,55,2,1,1,6,"00, AVE WILLIAM BOOTH",0.0,0.0
201400015748,23,10,14,14,1,13,55,2,1,1,6,"21, AVE FERNANDEL",43.31239,5.44885
201400015749,22,10,14,19,5,13,2,2,1,6,6,"379, SAINTE EUPHEMIE (CH",43.34418,5.47084
201400015750,26,10,14,11,1,13,55,2,1,1,1,"16, AVE DE LA ROSE",43.32494,5.41734
201400015751,25,10,14,14,1,13,55,2,2,1,2,"00, AVE DES PEINTRES ROU",43.31076,5.46539
201400015752,25,10,14,17,1,13,55,2,1,1,6,"67, RTE DES TROIS LUCS A",43.30857,5.46956
201400015753,19,10,14,14,1,13,55,2,1,1,2,"000, AVE PIERRE MENDES F",0.0,0.0
201400015754,22,10,14,18,2,13,55,2,1,6,6,"00, AVE DE LA FOURRAGERE",0.0,0.0
201400015755,30,9,14,17,1,13,55,2,1,2,6,"16, AVE DE LA VISTE",0.0,0.0
201400015756,4,9,14,19,1,13,55,2,1,1,6,"125, BD FRANCOISE DUPARC",43.30667,5.40087
201400015757,16,10,14,10,1,13,55,2,2,1,6,"14, RUE DE LA REPUBLIQUE",43.29713,5.37346
201400015758,4,11,14,17,2,13,55,2,1,3,6,"09, BD DE STRASBOURG",43.30647,5.37483