Num_Acc,jour,mois,an,hr,condition_eclairage,departement,commune,condition_agglomeration,intersection,condition_atmosphere,type_collision,adresse,lattitude,longitude
201400015759,6,11,14,10,1,13,2,2,1,1,2,"272, LEI RIMA (AVENUE)",43.35727,5.48897
201400015760,2,11,14,23,5,13,55,2,1,1,6,"32, BD FERNAND BONNEFOY",43.28032,5.40056
201400015761,28,10,14,14,1,13,55,2,1,1,6,"00, RPT PERE WRESINKI",0.0,0.0
201400015762,28,10,14,19,5,13,55,2,1,1,6,"435, RUE JEAN QUEILLAU",43.33835,5.38607
201400015763,20,10,14,17,1,13,55,2,2,1,6,"43, AVE ROBERT SCHUMAN",43.30309,5.36663
201400015764,30,10,14,13,1,13,55,2,1,1,6,"231, AVE ROGER SALENGRO",43.3199,5.36744
201400015765,22,9,14,23,5,13,55,2,1,1,6,"155, VSN MORGIOU CHE",43.23821,5.40854
201400015766,14,10,14,12,1,13,55,2,1,1,6,"108, BD DE PONT DE VIVAU",43.28119,5.42261
201400015767,22,10,14,11,1,13,55,2,1,1,6,"23, RUE DE LA MAURELLE",43.32542,5.43814
201400015768,16,10,14,15,1,13,55,2,1,1,6,"01, AVE DU CAP PINEDE RO",0.0,0.0
201400015769,7,11,14,12,1,13,55,2,1,1,6,"69, AVE D' HAIFA",43.25109,5.39019
201400015770,30,9,14,9,1,13,55,2,1,1,6,"148, RUE BRETEUIL",43.2841,5.37834
201400015771,30,10,14,17,1,13,55,2,1,1,6,"25, CRS GOUFFE",43.28597,5.3876
201400015772,5,7,14,1,5,13,55,2,1,1,6,"331, COR PRESIDENT JOHN",43.27331,5.36274
201400015773,9,11,14,14,1,13,55,2,1,2,6,"40, CHE DES BAUMILLONS",43.38151,5.36786
201400015774,30,9,14,20,2,13,55,2,1,1,6,"153, AVE DE SAINT LOUIS",43.34845,5.35894
201400015775,25,10,14,9,1,13,55,2,3,1,6,"120, BD LOUIS VILLECROZE",43.32227,5.3922
201400015776,1,11,14,21,5,13,55,2,1,1,7,"202, BD DE LA VALBARELLE",43.2886,5.45495
201400015777,30,10,14,13,1,13,55,2,1,1,7,"00, BD SCHLOESING",0.0,0.0
201400015778,1,11,14,14,1,13,55,2,1,1,7,"56, AVE JULES CANTINI",43.28309,5.38881
201400015779,13,10,14,16,1,13,55,2,1,1,6,"47, CRS LIEUTAUD",43.29255,5.38261
201400015780,29,10,14,17,1,13,55,2,1,1,6,"00, BD CHARLES MORETTI",0.0,0.0
201400015781,26,10,14,19,5,13,55,2,1,1,6,"72, BD NATIONAL",43.30573,5.38385
201400015782,27,10,14,9,1,13,55,2,1,1,6,"00, RUE PARADIS",0.0,0.0
201400015783,3,11,14,18,2,13,55,2,1,1,1,"00, TRA DE CHANTE PERDRI",0.0,0.0
201400015784,3,11,14,5,5,13,55,2,2,2,3,"02, AVE DU MARCHE NATION",43.34108,5.37723
201400015785,31,10,14,17,1,13,55,2,1,1,2,"00, CHE DE SAINT ANTOINE",0.0,0.0
201400015786,1,11,14,19,5,13,55,2,1,1,6,"01, RUE DE L' OLIVIER",43.29449,5.38695
201400015787,28,10,14,12,1,13,55,2,1,1,6,"17, BD GARIBALDI",43.29641,5.38137
201400015788,2,11,14,22,5,13,75,2,1,1,6,"143, ANDRE BAILLET (RUE)",0.0,0.0
201400015789,1,9,14,10,1,13,55,2,1,1,6,"236, AVE DE MONTOLIVET",43.3144,5.41389
201400015790,18,9,14,10,1,13,55,2,2,1,3,"10, RUE DE LA REPUBLIQUE",43.29692,5.3736
201400015791,6,10,14,7,1,13,55,2,1,1,6,"17, CHE DU VALLON VERT",43.33507,5.45274
201400015792,25,9,14,10,1,13,55,2,1,1,6,"01, RPT DU PRADO",43.27247,5.39129
201400015793,29,10,14,11,1,13,55,2,1,1,6,"546, BD MIREILLE LAUZE",43.28871,5.4362
201400015794,15,10,14,13,1,13,2,2,1,1,4,"563, SALVATORE ALLENDE (",43.3525,5.48143
201400015795,5,10,14,18,5,13,55,2,1,1,6,"56, BD DE LA VALBARELLE",43.28689,5.44556
201400015796,20,9,14,7,1,13,55,2,3,8,3,"192, BD DU REDON",43.24961,5.42258
201400015797,30,10,14,15,1,13,55,2,2,1,3,"00, RUE DU ROUET",43.27612,5.39496
201400015798,28,10,14,15,1,13,55,2,1,1,2,"28, BD DE LA CARTONNERIE",43.29162,5.46064
201400015799,25,9,14,10,1,13,55,2,1,1,6,"218, CHE DE L ARMEE D AF",43.28673,5.41436
201400015800,29,10,14,16,1,13,55,2,1,1,2,"46, BD DE LA CARTONNERIE",43.29126,5.46165
201400015801,20,10,14,14,1,13,55,2,6,1,6,"01, RPT DE MAZARGUES",43.25075,5.40355
201400015802,30,10,14,8,1,13,55,2,3,7,6,"21, AVE DE LA CAPELETTE",43.28362,5.39968
201400015803,28,10,14,6,5,13,55,2,1,1,6,"55, RTE DES CAMOINS",43.29705,5.49404
201400015804,29,10,14,20,5,13,55,2,1,1,6,"30, BD SCHLOESING",43.27323,5.40055
201400015805,30,10,14,17,1,13,2,2,1,1,1,"409, ANTOINE CAMOIN (CHE",43.33064,5.45975
201400015806,15,11,14,14,1,13,55,1,1,1,6,RTE LEON LACHAMP,0.0,0.0
201400015807,17,10,14,19,5,13,55,2,1,1,1,"00, CV DU RUISSEAU MIRAB",0.0,0.0
201400015808,1,11,14,14,1,13,55,2,1,1,2,"00, AVE ARNAVON",0.0,0.0
201400015809,7,11,14,8,1,13,55,2,1,1,6,"582, CHE DU LITTORAL",43.35383,5.33195
201400015810,28,7,14,22,5,13,55,2,3,1,3,"00, CHE DE SAINT ANTOINE",43.36375,5.36136
201400015811,8,11,14,15,1,13,55,2,1,1,6,"00, BD PIERRE MENARD",0.0,0.0
201400015812,27,10,14,17,1,13,55,2,1,1,6,"00, CHE DU MERLAN A LA R",0.0,0.0
201400015813,8,11,14,13,1,13,55,2,1,1,6,"01, BD HENRI BARNIER",43.37319,5.35501
201400015814,3,11,14,12,1,13,55,2,1,1,6,"01, CHE DE MIMET",43.37027,5.35667
201400015815,6,11,14,12,1,13,55,2,1,1,6,"41, AVE ALEXANDRE ANSALD",43.3335,5.40287
201400015816,5,11,14,11,1,13,55,2,1,1,6,"70, CV DU RUISSEAU MIRAB",43.35029,5.34903
201400015817,25,10,14,10,1,13,55,2,4,1,6,"00, AVE FLORIAN",0.0,0.0
201400015818,2,11,14,14,1,13,55,2,1,1,6,"09, AVE LOUIS MALOSSE",43.3024,5.44963
201400015819,4,10,14,15,1,13,55,2,1,1,2,"02, RUE D' ITALIE",43.29071,5.38155
201400015820,19,10,14,10,1,13,55,2,2,1,7,"00, BD CHAVE",43.29572,5.39787
201400015821,3,11,14,18,4,13,55,2,1,1,6,"35, AVE DES FELIBRES",43.31154,5.42538
201400015822,30,10,14,22,5,13,55,2,1,1,6,"46, BD DE LA CARTONNERIE",43.29106,5.46218
201400015823,3,11,14,22,5,13,55,2,1,1,7,"00, AVE D' AIR BEL",0.0,0.0
201400015824,31,10,14,8,1,13,55,2,1,1,6,"00, RUE FLORALIA",0.0,0.0
201400015825,24,10,14,9,1,13,55,2,3,1,1,"00, RUE DES MYOSOTIS",43.29217,5.44153
201400015826,10,10,14,15,1,13,55,2,3,1,2,"98, CHE DE LA COLLINE SA",43.25066,5.41568
201400015827,28,10,14,14,1,13,55,2,3,1,3,"26, AVE ANDRE ZENATTI",43.24679,5.3836
201400015828,8,11,14,18,5,13,55,2,1,1,4,"81, BD FRANCOISE DUPARC",43.30615,5.40075
201400015829,7,11,14,13,1,13,55,2,1,1,6,"00, BD ACHILLE MARCEL",0.0,0.0
201400015830,12,9,14,11,1,13,2,2,6,1,3,"0, GENERAL MONTSABERT (A",43.34949,5.48745
201400015831,3,11,14,10,1,13,55,2,1,1,6,"313, COR PRESIDENT JOHN",43.27554,5.3597
201400015832,16,9,14,12,1,13,55,2,6,1,6,"00, PCE CASTELLANE",43.28569,5.38384
201400015833,2,11,14,16,1,13,55,2,1,1,6,"31, PCE JEAN JAURES",43.29511,5.38589
201400015834,5,11,14,21,5,13,55,2,1,1,6,"32, BD NATIONAL",43.30298,5.3864
201400015835,4,11,14,8,1,13,55,2,1,1,6,"51, AVE FRANCOIS MIGNET",43.33174,5.42864
201400015836,8,11,14,17,1,13,55,2,1,1,6,"00, AVE PIERRE MENDES FR",0.0,0.0
201400015837,31,10,14,4,5,13,55,2,1,1,7,"01, VOI LA CANEBIERE",0.0,0.0
201400015838,6,11,14,18,2,13,55,2,6,1,6,"00, RPT ALAIN SAVARY",43.24621,5.39509
201400015839,7,11,14,14,1,13,55,2,1,1,6,"270, BD PAUL CLAUDEL",43.26979,5.42197
201400015840,3,10,14,12,1,13,55,2,1,1,4,"57, AVE DU MERLAN",43.33668,5.40726
201400015841,11,11,14,9,1,13,55,2,1,3,6,"162, AVE DE FRAIS VALLON",43.32465,5.43528
201400015842,9,10,14,8,1,13,55,2,1,1,6,"00, AVE DE LA CAPELETTE",0.0,0.0
201400015843,10,10,14,11,1,13,55,2,1,1,6,"00, TRA DE LA MAURELLE",0.0,0.0
201400015844,3,10,14,18,1,13,55,2,1,1,6,"115, AVE DE TOULON",43.28476,5.39276
201400015845,12,11,14,6,5,13,55,2,1,2,7,"29, BD SCHLOESING",43.27459,5.39996
201400015846,2,11,14,18,5,13,55,2,1,1,6,"01, AVE PIERRE MENDES FR",0.0,0.0
201400015847,8,11,14,20,5,13,55,2,1,1,6,"76, BD DE LA BARASSE RN",43.28585,5.47936
201400015848,2,11,14,12,1,13,75,2,1,1,5,"52, L'ENJOLRAS (AVE DE)",43.33929,5.45413
201400015849,8,11,14,0,5,13,55,2,1,1,7,"10, AVE DE BONNEVEINE",43.25437,5.38028
201400015850,7,9,14,14,1,13,55,2,1,1,2,"36, BD JEAN MOULIN",43.28755,5.4003
201400015851,5,11,14,17,2,13,55,2,1,1,4,"35, BD SCHLOESING",43.27409,5.40017
201400015852,12,11,14,12,1,13,55,2,3,2,6,"103, AVE DE LA MADRAGUE",43.235,5.36023
201400015853,30,10,14,21,5,13,55,2,1,1,6,"00, CHE DU MERLAN A LA R",0.0,0.0
201400015854,11,11,14,19,4,13,55,2,1,1,6,"310, CHE DE L ARMEE D AF",43.28555,5.42122
201400015855,31,10,14,19,5,13,55,2,1,1,6,"154, BD MIREILLE LAUZE",43.28345,5.41399
201400015856,22,10,14,15,1,13,55,2,1,6,1,"185, PRK KENNEDY / RAPAT",43.2843,5.34974
201400015857,9,11,14,18,5,13,55,2,1,2,6,"106, BD CHARLES MORETTI",0.0,0.0
201400015858,6,11,14,12,1,13,55,2,1,1,6,"39, BD CHARLES MORETTI",43.32502,5.38232
201400015859,5,11,14,12,1,13,55,2,1,1,6,"00, CHE DE SAINT ANTOINE",0.0,0.0
201400015860,12,11,14,7,1,13,55,2,1,3,2,"10, CHE DU ROY D' ESPAGN",0.0,0.0
201400015861,25,9,14,12,1,13,55,2,1,1,6,"01, AVE ESCADRILLE NORMA",0.0,0.0
201400015862,12,11,14,13,1,13,55,2,1,1,6,"00, AVE RAIMU",0.0,0.0
201400015863,9,11,14,11,1,13,55,2,3,1,1,"09, CRS FRANKLIN ROOSEVE",43.29903,5.38662
201400015864,19,10,14,12,1,13,55,1,3,1,6,"00, CRS LIEUTAUD",43.29347,5.38227
201400015865,30,10,14,12,1,13,55,2,1,1,2,"91, RUE DE LODI",43.28839,5.38812
201400015866,13,11,14,1,5,13,55,2,1,1,6,"26, AVE JULES CANTINI",43.2843,5.38663
201400015867,13,11,14,17,2,13,55,2,1,1,6,"25, RUE AVIATEUR LE BRIX",43.2618,5.40404
201400015868,29,10,14,20,5,13,55,2,1,1,6,"79, AVE DE LA CORSE",0.0,0.0
201400015869,2,11,14,1,5,13,55,2,1,1,6,"203, AVE ROGER SALENGRO",43.3184,5.36801
201400015870,12,11,14,16,1,13,55,2,1,1,6,"00, AVE DU GENERAL LECLE",0.0,0.0
201400015871,1,11,14,10,1,13,55,2,1,1,6,"64, BD MIREILLE LAUZE",43.2826,5.40685
201400015872,14,11,14,7,1,13,55,1,2,1,6,"27, BD LOUIS MAZAUDIER",43.31215,5.41795
201400015873,5,5,14,21,5,13,55,2,2,1,3,"02, BD DE SAINT LOUP",0.0,0.0
201400015874,3,11,14,15,1,13,55,2,1,1,6,"120, BD RABATAU",43.27796,5.3992
201400015875,8,10,14,8,1,13,55,2,1,1,6,"00, RUE SAINT PIERRE",0.0,0.0
201400015876,19,11,14,17,2,13,55,2,3,1,3,"33, BD DU CABOT",43.26018,5.41582
201400015877,12,11,14,15,1,13,55,2,1,1,6,"395, RUE PARADIS",43.27526,5.38445
201400015878,21,11,14,6,5,13,55,2,2,1,6,"69, BD DE LA LIBERATION",43.30017,5.38872
201400015879,21,11,14,2,5,13,55,2,1,1,6,"00, AVE DES PEINTRES ROU",0.0,0.0
201400015880,4,11,14,19,5,13,55,2,1,1,6,"00, BD DE LA LIBERTE",0.0,0.0
201400015881,13,10,14,7,1,13,55,2,1,1,2,"348, AVE DES POILUS",43.31381,5.46301
201400015882,12,11,14,7,1,13,2,2,1,2,4,"00, ETIENNE CUCCA-CD908",0.0,0.0
201400015883,14,11,14,23,5,13,2,2,3,2,6,"535, SALVATORE ALLENDE",43.35263,5.48211
201400015884,16,11,14,19,5,13,55,2,2,1,6,"00, AVE DU MARCHE NATION",43.34074,5.37819
201400015885,12,11,14,8,1,13,75,1,1,3,1,"89, LIBERATION (AVE DE L",43.34082,5.45675
201400015886,16,11,14,13,1,13,55,2,1,1,6,"257, BD DE SAINT LOUP",43.28577,5.4423
201400015887,16,11,14,19,5,13,55,2,1,1,6,"51, AVE DE SAINT JULIEN",43.30527,5.41679
201400015888,2,11,14,10,1,13,55,2,1,1,6,"47, BD DE LA VALBARELLE",43.28678,5.44519
201400015889,2,10,14,22,5,13,55,2,1,1,6,"250, BD MIREILLE LAUZE",43.2841,5.41945
201400015890,3,11,14,8,1,13,55,2,1,3,1,"218, AVE DES CAILLOLS",43.30327,5.44242
201400015891,14,11,14,18,5,13,55,2,3,2,1,"44, RUE NEGRESKO",43.26926,5.38903
201400015892,10,11,14,15,1,13,55,2,1,1,6,"01, RUE LE CHATELIER",43.34774,5.35917
201400015893,8,11,14,18,5,13,55,2,1,1,6,"01, BD HENRI BARNIER",43.37318,5.35497
201400015894,13,11,14,15,1,13,55,2,3,1,4,"71, AVE DE FRAIS VALLON",43.32554,5.43049
201400015895,16,11,14,7,1,13,55,2,1,1,6,"01, AVE DU MARCHE NATION",0.0,0.0
201400015896,13,11,14,16,1,13,55,2,1,1,7,"41, RUE COUTELLERIE",43.29672,5.37225
201400015897,6,11,14,15,1,13,55,2,1,1,4,"01, BD SCHLOESING",43.27733,5.3992
201400015898,16,11,14,18,1,13,55,2,1,1,4,"00, RTE DE LA SABLIERE",0.0,0.0
201400015899,8,11,14,9,1,13,55,2,1,1,2,"222, AVE DU PRADO",43.27622,5.38887
201400015900,8,11,14,10,1,13,55,2,2,1,6,"00, PIERRE CHEVALIER (RU",43.29492,5.42699
201400015901,15,11,14,3,5,13,2,2,1,2,6,"992, 7EME TIRAILLEURS AL",43.33841,5.46852
201400015902,15,11,14,12,1,13,55,2,1,3,6,"01, BD SIMON BOLIVAR",43.34136,5.37744
201400015903,17,11,14,17,5,13,55,2,1,1,6,"00, RUE JUNOT",0.0,0.0
201400015904,17,11,14,8,1,13,106,2,3,2,6,"00, 8 MAI 1945 (AVENUE D",43.39018,5.36268
201400015905,24,11,14,21,5,13,55,2,1,1,6,"00, RUE ALBERT MARQUET",0.0,0.0
201400015906,26,11,14,10,1,13,55,2,1,1,6,"01, BD DE MONTRICHER",43.30381,5.3931
201400015907,26,11,14,11,1,13,55,2,1,1,6,"00, RUE DE LYON",0.0,0.0
201400015908,6,11,14,17,1,13,55,2,1,1,6,"08, BD DE DUNKERQUE",43.30523,5.36725
201400015909,21,10,14,12,1,13,55,2,6,1,6,"00, BD VINCENT DELPUECH",43.28288,5.39237
201400015910,6,11,14,10,1,13,55,2,1,1,6,"00, AVE RAIMU",0.0,0.0
201400015911,19,11,14,18,5,13,55,2,1,1,1,"72, AVE DU VINGT QUATRE",43.30802,5.43182
201400015912,12,11,14,12,1,13,55,2,1,1,2,"23, RUE AVIATEUR LE BRIX",43.26189,5.40411
201400015913,12,11,14,8,1,13,55,2,3,3,3,"196, AVE DE TOULON",43.28484,5.39503
201400015914,24,11,14,20,5,13,55,2,1,1,6,"00, BD FRANCOISE DUPARC",0.0,0.0
201400015915,18,11,14,20,5,13,55,2,1,1,4,"310, AVE DE CHATEAU GOMB",43.34933,5.43103
201400015916,18,11,14,21,5,13,55,2,3,1,6,"00, BD DE PLOMBIERES",43.31499,5.38796
201400015917,1,11,14,7,5,13,2,2,1,1,1,"693, CANTON VERT (AVENUE",43.3422,5.4707
201400015918,18,11,14,8,1,13,55,2,1,1,6,"250, RUE ALBERT EINSTEIN",43.34374,5.44616
201400015919,23,11,14,13,1,13,55,2,1,1,6,"357, RUE DE LYON",43.33862,5.36226
201400015920,8,11,14,13,1,13,55,2,1,1,6,"00, SQ STALINGRAD",0.0,0.0
201400015921,30,10,14,18,3,13,55,2,2,1,6,"00, RUE PYTHEAS",43.29439,5.37542
201400015922,13,11,14,15,1,13,55,2,1,1,6,"355, COR PRESIDENT JOHN",43.2713,5.36285
201400015923,4,11,14,19,3,13,55,1,1,3,4,"01, AVE DES CHUTES LAVIE",43.31171,5.39605
201400015924,6,11,14,10,1,13,55,2,1,1,6,"00, RUE MISSION DE FRANC",43.29854,5.3801
201400015925,1,12,14,7,5,13,55,2,1,1,6,AVE PROSPER MERIMEE,0.0,0.0
201400015926,5,11,14,5,5,13,55,2,1,1,1,"73, BD EUGENE PIERRE",43.2964,5.39076
201400015927,19,11,14,11,1,13,55,2,1,1,6,"04, QAI D ARENC",43.31453,5.36563
201400015928,21,11,14,6,5,13,55,2,1,1,6,"70, CV DU RUISSEAU MIRAB",43.3503,5.34908
201400015929,18,11,14,21,5,13,55,2,2,1,6,"01, BD FERDINAND DE LESS",43.32083,5.37473
201400015930,24,11,14,12,1,13,55,2,1,1,6,"12, RUE LEON D' ASTROS",43.33358,5.43534
201400015931,25,10,14,14,1,13,55,2,1,1,1,"68, BD DES OLIVETTES",43.2826,5.45363
201400015932,10,11,14,16,1,13,55,2,3,1,6,"269, AVE DE MONTOLIVET",43.31622,5.41559
201400015933,14,11,14,11,1,13,55,2,2,1,6,"104, BD DE LA BLANCARDE",43.30293,5.40067
201400015934,7,11,14,1,5,13,55,2,1,1,6,"22, BD JEAN MOULIN",0.0,0.0
201400015935,6,11,14,15,1,13,55,2,3,1,6,"00, RUE DES DOCKS",43.30782,5.36701
201400015936,17,11,14,13,1,13,55,2,1,1,6,"368, BD HENRI BARNIER",43.36189,5.3423
201400015937,19,11,14,0,5,13,55,2,3,1,6,"01, BD GUSTAVE GANAY",43.2667,5.40286
201400015938,22,11,14,11,1,13,55,2,1,1,6,"00, CHE DU LITTORAL VOIE",0.0,0.0
201400015939,24,11,14,14,1,13,55,2,1,1,6,"11, RUE NOGARETTE",43.33168,5.40771
201400015940,17,11,14,20,5,13,55,2,1,1,6,"00, BD ACHILLE MARCEL",0.0,0.0
201400015941,24,11,14,11,1,13,55,2,2,1,6,"00, BD PIERRE MENARD",43.29009,5.4379
201400015942,20,11,14,7,1,13,55,2,1,1,2,"173, AVE DE LA ROSE",43.3289,5.42684
201400015943,24,11,14,18,5,13,55,2,2,1,6,"02, RUE BONNETERIE",43.29667,5.3717
201400015944,3,12,14,15,1,13,55,2,1,1,6,"02, BD DUGOMMIER",43.29772,5.38094
201400015945,15,10,14,16,1,13,55,2,1,1,6,"16, AVE JEAN BOUIN",43.2674,5.40325
201400015946,13,11,14,11,1,13,55,2,3,1,6,"501, RUE PARADIS",43.27131,5.38614
201400015947,13,11,14,7,1,13,55,2,3,1,6,"08, AVE DE CHATEAU GOMBE",43.35185,5.43446
201400015948,19,11,14,12,1,13,55,2,3,1,6,"90, AVE DU PRADO",43.28195,5.38561
201400015949,14,11,14,12,1,13,55,2,1,1,6,"114, RUE DE ROME",43.28989,5.38144
201400015950,4,11,14,9,1,13,55,2,2,2,6,"65, CRS LIEUTAUD",43.29049,5.38338
201400015951,22,10,14,14,1,13,55,2,1,1,6,"01, SQ PAUL MELIZAN",0.0,0.0
201400015952,24,11,14,12,1,13,55,2,1,8,6,"27, AVE DESIRE BIANCO",43.28909,5.42575
201400015953,12,11,14,16,1,13,55,2,3,1,6,"00, AVE ANNE MARIE",43.38019,5.35436
201400015954,18,11,14,13,1,13,55,2,1,1,6,"00, VOL PASSERELLE PLOMB",43.32093,5.37807
201400015955,19,11,14,10,1,13,55,2,1,1,6,"43, BD RABATAU",43.27475,5.39432
201400015956,25,10,14,20,5,13,55,2,1,1,7,"48, AVE DE SAINT LOUIS",43.34414,5.3594
201400015957,19,11,14,8,1,13,55,2,1,1,6,"33, RUE FREDERIC JOLIOT-",43.34082,5.43649
201400015958,19,11,14,8,1,13,55,2,1,1,6,"33, RUE FREDERIC JOLIOT-",43.34087,5.43646
201400015959,13,11,14,12,1,13,55,2,1,1,6,"306, AVE DES OLIVES",43.32307,5.44714
201400015960,19,11,14,2,5,13,55,2,1,1,6,"143, VSN GOUFFONE DE LAT",0.0,0.0
201400015961,19,11,14,13,1,13,55,2,1,1,6,"00, RUE DESIREE CLARY",0.0,0.0
201400015962,8,12,14,15,1,13,55,2,1,1,6,"01, IMP SAINT MARTIN",43.28216,5.35185
201400015963,13,11,14,19,5,13,55,2,3,1,6,"120, BD DE LA POMME",43.29328,5.45503
201400015964,23,11,14,8,1,13,55,2,2,1,6,"00, RUE AUGUSTIN AUBERT",43.2667,5.40286
201400015965,19,11,14,15,1,13,55,2,1,1,6,CHE DU ROY D' ESPAGN,0.0,0.0
201400015966,7,11,14,12,1,13,55,2,1,1,6,"22, BD GILLIBERT",43.29321,5.39504
201400015967,25,11,14,13,1,13,106,2,1,8,6,"42, TUBIE (ROUTE DE)",43.40886,5.36621
201400015968,21,11,14,13,1,13,55,2,1,1,6,"29, RUE NATIONALE",43.29966,5.37781
201400015969,25,11,14,11,1,13,55,2,1,2,6,"58, AVE DES CAMOINS",43.3051,5.51207
201400015970,25,11,14,19,5,13,55,2,1,1,4,"191, AVE DES POILUS",43.32019,5.45859
201400015971,25,11,14,14,1,13,55,2,1,1,1,"21, RUE LUCIEN ROLMER",43.30601,5.37628
201400015972,15,11,14,6,5,13,55,2,3,2,6,"00, BD DANIELLE CASANOVA",43.33271,5.37776
201400015973,12,11,14,9,1,13,55,2,1,1,6,"00, AVE ALEXANDRE ANSALD",0.0,0.0
201400015974,1,12,14,18,5,13,55,2,1,2,6,"31, BD VOLTAIRE",43.30281,5.3846
201400015975,26,11,14,19,5,13,55,2,1,2,6,"03, AVE VITON",43.26132,5.40562
201400015976,6,11,14,20,5,13,55,2,1,1,6,"12, QAI DE RIVE NEUVE",43.29337,5.37108
201400015977,24,10,14,12,1,13,55,2,1,1,6,"127, CHE DE SAINT JOSEPH",43.34562,5.38216
201400015978,24,11,14,19,5,13,55,2,1,1,6,"00, RUE CAVAIGNAC",0.0,0.0
201400015979,30,11,14,13,1,13,55,2,1,2,6,"00, AVE RAIMU",0.0,0.0
201400015980,1,11,14,12,1,13,55,2,1,1,6,"00, CHE DE SAINT LOUIS A",0.0,0.0
201400015981,19,11,14,17,1,13,55,2,1,1,5,"01, RUE CADE",43.33151,5.38948
201400015982,26,11,14,20,5,13,55,2,1,2,6,"128, RUE AUGUSTIN AUBERT",43.26413,5.40415
201400015983,26,11,14,17,5,13,55,2,1,2,6,"138, AVE DU PRADO",43.2799,5.38682
201400015984,28,11,14,8,1,13,55,1,2,1,6,"47, BD QUEIREL",43.28158,5.43423
201400015985,22,10,14,13,1,13,55,2,1,1,2,"00, AVE DE LA CROIX ROUG",0.0,0.0
201400015986,21,11,14,7,2,13,55,1,1,1,6,"23, BD DU MARECHAL JUIN",43.3109,5.40335
201400015987,25,11,14,2,5,13,55,2,1,1,6,"112, BD FRANCOISE DUPARC",43.3071,5.40142
201400015988,30,11,14,0,5,13,55,2,1,2,6,"197, AVE DES OLIVES",43.32506,5.44204
201400015989,10,12,14,12,1,13,55,2,1,1,6,"12, BD DEMANDOLX",43.33349,5.35781
201400015990,29,11,14,13,1,13,55,2,1,1,4,"220, RUE CHARLES KADDOUZ",43.31723,5.43801
201400015991,24,11,14,12,1,13,55,2,1,1,6,"17, AVE DE SAINT MENET",43.28758,5.50767
201400015992,26,11,14,10,1,13,55,2,1,1,6,"30, BD SCHLOESING",43.27322,5.40058
201400015993,27,11,14,22,5,13,55,2,1,1,6,"00, RPT DU PRADO",43.27237,5.39105
201400015994,25,11,14,18,5,13,55,2,2,2,6,"0, AVE DES ARNAVAUX",0.0,0.0
201400015995,26,11,14,19,5,13,55,2,2,2,6,"00, BD CAMILLE FLAMMARIO",43.30428,5.38874
201400015996,3,11,14,16,1,13,55,2,1,1,4,"299, AVE DE MAZARGUES",43.26162,5.39349
201400015997,27,11,14,16,1,13,55,2,6,1,6,"44, RPT R FOLLEREAU BD B",43.29535,5.44532
201400015998,30,11,14,11,1,13,55,2,1,1,6,"26, AVE DE SAINT JULIEN",43.30473,5.41566
201400015999,20,11,14,10,1,13,55,2,6,1,6,"01, RPT M.LAUZE/FLORIAN",43.28584,5.42525
201400016000,14,11,14,15,1,13,55,2,1,1,6,"08, TRA DE CHANTE PERDRI",43.27701,5.43069
201400016001,28,11,14,22,5,13,55,2,1,1,6,"102, AVE DU PRADO",43.28135,5.38596
201400016002,25,11,14,16,1,13,55,2,1,8,6,"01, BD DE LA BARASSE RN",43.2837,5.49359
201400016003,24,11,14,12,1,13,55,2,3,2,6,"55, VSN MORGIOU CHE",43.24382,5.40603
201400016004,21,5,14,21,5,13,55,2,1,1,6,"00, ALL DE LA ROUGUIERE*",0.0,0.0
201400016005,15,12,14,14,1,13,55,2,1,1,6,"04, QAI D ARENC",43.31337,5.36622
201400016006,27,11,14,21,5,13,55,2,1,1,6,"00, CHE DU LITTORAL",0.0,0.0
201400016007,24,11,14,14,1,13,55,2,1,8,6,"239, BD NATIONAL",43.31054,5.37878
201400016008,25,11,14,20,5,13,55,2,1,1,6,"16, RUE DE LA GARDIETTE",43.35957,5.41333
201400016009,28,11,14,13,1,13,2,2,6,1,6,"37, PASTEUR ( BOULEVARD)",43.35323,5.46692
201400016010,25,11,14,10,1,13,2,2,1,1,6,"BD35, PROVENCE (AVENUE D",43.33136,5.48631
201400016011,20,11,14,22,5,13,55,2,3,1,6,BD ROLAND DORGELES,43.34735,5.3784