Num_Acc,jour,mois,an,hr,condition_eclairage,departement,commune,condition_agglomeration,intersection,condition_atmosphere,type_collision,adresse,lattitude,longitude
201400016012,3,12,14,7,2,13,55,2,1,1,6,"204, CHE DE LA MADRAGUE",43.33075,5.35917
201400016013,28,11,14,15,1,13,55,2,1,1,6,"265, AVE DE LA CAPELETTE",43.27924,5.41174
201400016014,28,11,14,12,1,13,55,2,6,2,6,"207, RTE DES TROIS LUCS",43.30049,5.47717
201400016015,17,11,14,7,1,13,55,2,1,2,6,"01, RUE DE LYON",43.32306,5.3677
201400016016,30,11,14,11,1,13,55,2,1,1,6,"00, AVE JEAN PAUL SARTRE",0.0,0.0
201400016017,21,11,14,7,1,13,55,2,1,1,6,"01, RPT DOCTEUR MARIA",43.36366,5.34218
201400016018,16,12,14,14,1,13,55,2,1,1,6,"55, AVE DE LA ROSE",43.32581,5.41982
201400016019,3,10,14,13,1,13,55,2,4,1,6,"00, TUN TUNNEL ST CHARLE",43.30193,5.38074
201400016020,14,8,14,14,1,13,55,2,5,1,6,RUE ANTOINE ZATTARA,43.30402,5.37753
201400016021,2,12,14,9,1,13,55,2,1,2,6,"00, CHE DE L HERMITAGE",0.0,0.0
201400016022,2,12,14,12,1,13,55,2,3,1,3,"121, CHE DE SAINTE MARTH",0.0,0.0
201400016023,10,12,14,5,5,13,55,2,1,1,6,"84, COR PRESIDENT JOHN F",43.28427,5.34971
201400016024,19,11,14,11,1,13,55,2,2,1,6,"00, TRA CAPRON",43.31352,5.41799
201400016025,21,11,14,12,1,13,55,2,1,1,6,"53, RUE ESPERANDIEU",43.30513,5.39173
201400016026,27,11,14,17,2,13,55,2,1,1,7,"148, AVE DES CHARTREUX",43.30821,5.40022
201400016027,16,9,14,19,2,13,55,2,1,1,6,"00, BD DU MARECHAL JUIN",0.0,0.0
201400016028,3,12,14,9,1,13,55,2,2,1,3,"15, CRS GOUFFE",43.28609,5.387
201400016029,18,12,14,19,3,13,55,2,1,1,6,"00, AVE DE LATTRE DE TAS",0.0,0.0
201400016030,19,12,14,15,1,13,55,2,1,7,6,AVE RAOUL FOLLEREAU,0.0,0.0
201400016031,5,12,14,16,1,13,55,2,1,1,7,"10, AVE DE VALDONNE",43.32294,5.41299
201400016032,3,12,14,9,1,13,55,2,2,1,6,"15, RUE DE BISKRA",43.32745,5.37647
201400016033,28,9,14,14,1,13,55,2,1,1,1,"249, AVE ROGER SALENGRO",43.32069,5.36751
201400016034,5,12,14,11,1,13,55,2,1,1,6,"293, AVE ROGER SALENGRO",43.32293,5.36769
201400016035,29,11,14,12,1,13,55,2,1,1,4,"37, AVE DES CAILLOLS",43.30377,5.42639
201400016036,11,11,14,9,1,13,55,2,1,1,6,"146, AVE DE LA VISTE",43.36321,5.35716
201400016037,16,10,14,8,1,13,55,2,1,1,2,"277, AVE DES OLIVES",43.3231,5.44709
201400016038,26,11,14,17,5,13,55,2,1,2,3,"23, BD FERDINAND DE LESS",43.32033,5.37219
201400016039,27,11,14,20,5,13,55,2,2,1,6,"00, RUE DU DOCTEUR LEON",43.31321,5.38626
201400016040,1,12,14,13,1,13,55,2,1,2,1,"52, BD DE LA POMME",43.29153,5.4482
201400016041,20,11,14,12,1,13,55,2,1,1,1,"40, CHE DE LA MADRAGUE V",43.32088,5.36486
201400016042,6,12,14,17,1,13,55,2,1,3,6,AVE PROSPER MERIMEE,0.0,0.0
201400016043,4,10,14,21,5,13,55,2,1,1,6,"00, BD D ATHENES",0.0,0.0
201400016044,24,11,14,19,5,13,55,2,1,1,6,"23, RUE AVIATEUR LE BRIX",43.26186,5.40411
201400016045,6,12,14,19,5,13,55,2,1,2,6,"01, AVE DU CORAIL",43.2403,5.37711
201400016046,5,12,14,11,1,13,55,2,1,8,6,"132, AVE JULES CANTINI",43.2807,5.39327
201400016047,7,12,14,3,5,13,55,2,1,1,7,"48, AVE DE BONNEVEINE",43.25437,5.37912
201400016048,5,12,14,7,5,13,55,2,1,2,6,"153, AVE WILLIAM BOOTH",43.29598,5.4463
201400016049,28,11,14,18,5,13,55,2,2,2,3,"27, RUE PIERRE GUYS",43.30963,5.43752
201400016050,26,11,14,6,3,13,2,2,1,2,7,ETIENNE CUCCA-CD908 (AVE,0.0,0.0
201400016051,18,11,14,11,1,13,2,2,1,1,7,"00, RIBASSIERE (CHEMIN D",0.0,0.0
201400016052,26,11,14,15,1,13,55,2,1,8,5,"10, AVE CLAUDE MONET",43.32403,5.39328
201400016053,21,9,14,12,1,13,55,2,1,1,6,"42, BD CHAVE",43.29517,5.38951
201400016054,4,11,14,13,1,13,55,2,1,2,7,"132, CHE DU ROUCAS BLANC",43.28318,5.36781
201400016055,21,11,14,14,1,13,55,2,1,1,6,"20, RUE DES VERTUS",43.2913,5.3921
201400016056,6,11,14,12,1,13,55,2,1,1,2,"05, BD NOTRE DAME",43.29038,5.37238
201400016057,27,11,14,16,1,13,55,2,1,2,6,"00, BD FRANCOISE DUPARC",0.0,0.0
201400016058,5,11,14,7,1,13,55,2,1,1,6,"31, AVE DU PRADO",43.28398,5.38519
201400016059,7,12,14,21,5,13,55,2,1,1,6,"541, AVE DU PRADO",43.26389,5.37825
201400016060,7,12,14,16,2,13,55,2,1,1,4,"197, AVE PIERRE MENDES F",43.25183,5.3757
201400016061,21,11,14,16,1,13,55,2,1,1,1,"90, TRA DU COMMANDEUR",43.31972,5.46531
201400016062,25,11,14,20,4,13,55,2,1,3,6,"01, BD MARCEL DELPRAT",43.33484,5.45352
201400016063,6,12,14,19,5,13,55,2,1,2,2,AVE DE L' ARGILITE,0.0,0.0
201400016064,5,12,14,22,5,13,55,2,3,3,6,"29, AVE RAIMU",43.33189,5.39854
201400016065,7,12,14,20,5,13,55,2,1,1,6,"01, AVE JEAN PAUL SARTRE",0.0,0.0
201400016066,19,12,14,11,1,13,55,2,1,1,6,"67, AVE DES CAILLOLS",43.30378,5.42647
201400016067,20,10,14,18,1,13,55,2,1,1,6,"00, TRA DE BEAUMONT",43.31006,5.44053
201400016068,23,12,14,10,1,13,55,2,1,1,6,"00, IMP MONTAGNON MONIER",43.3122,5.45397
201400016069,6,12,14,21,5,13,55,2,1,8,6,"125, BD BOURRELY",43.38512,5.36447
201400016070,28,12,14,13,1,13,55,2,2,1,6,"166, BD DE PLOMBIERES",43.31902,5.37918
201400016071,27,12,14,13,1,13,55,2,1,2,2,VSN ANCIEN CHEMIN DU LIT,0.0,0.0
201400016072,31,12,14,19,5,13,55,2,1,1,2,"61, BD NOTRE DAME",43.28708,5.37377
201400016073,23,12,14,19,5,13,55,2,1,1,7,"00, PCE DE LA JOLIETTE",0.0,0.0
201400016074,21,12,14,6,5,13,55,2,1,1,6,"03, ALL DE LA MONTAGNETT",43.34778,5.37279
201400016075,9,12,14,11,1,13,55,2,3,1,6,"91, CHE DU MERLAN A LA",43.33067,5.41178
201400016076,26,11,14,18,5,13,55,2,2,3,6,"40, BD DE DUNKERQUE",43.30621,5.36754
201400016077,10,12,14,12,1,13,55,2,3,1,6,"267, AVE DE SAINT LOUIS",43.35261,5.3577
201400016078,7,12,14,8,1,13,55,2,2,1,3,"00, RUE MARCEL SEMBAT",43.30174,5.38249
201400016079,11,12,14,20,5,13,55,2,1,1,2,"36, AVE FLORIAN",43.28352,5.42699
201400016080,12,12,14,15,1,13,55,2,1,1,6,"134, BD MICHELET",43.26536,5.39508
201400016081,12,12,14,8,1,13,55,2,1,1,2,"71, TRA PARANGON",43.24128,5.37868
201400016082,10,12,14,7,1,13,55,2,1,1,6,"23, BD DES DAMES",43.30221,5.37052
201400016083,14,12,14,12,1,13,55,2,1,1,6,"61, RUE PAUL LANGEVIN",43.34327,5.43175
201400016084,10,12,14,21,5,13,75,2,4,1,2,"80, FREDERIC MISTRAL (AV",43.35061,5.47119
201400016085,28,11,14,17,1,13,55,2,3,1,2,"358, AVE DE SAINT ANTOIN",43.37864,5.35685
201400016086,16,11,14,13,1,13,55,2,1,1,6,"24, AVE CLAUDE MONET",43.32527,5.39401
201400016087,4,11,14,19,5,13,55,2,1,1,6,"01, AVE ARNAVON",43.33041,5.38771
201400016088,9,12,14,13,1,13,55,2,1,1,6,"0268, CHE DE LA MADRAGUE",43.33358,5.35841
201400016089,27,11,14,10,1,13,55,2,3,3,6,"21, BD DE PLOMBIERES",43.31525,5.3872
201400016090,9,12,14,19,5,13,55,2,1,1,6,"102, CHE DE L ARMEE D AF",43.28904,5.4087
201400016091,25,11,14,13,1,13,55,2,1,1,1,"27, AVE DESIRE BIANCO",43.28748,5.42518
201400016092,10,12,14,13,1,13,55,2,3,1,6,"03, AVE ELSA TRIOLET",43.25063,5.38545
201400016093,4,12,14,17,5,13,55,2,3,3,6,"00, AVE WILLIAM BOOTH",43.29622,5.44785
201400016094,8,12,14,18,5,13,55,2,1,1,1,"20, RUE JOBIN",43.31059,5.38925
201400016095,18,10,14,15,1,13,55,2,1,1,6,"15, BD DES DAMES",43.30207,5.37123
201400016096,17,12,14,14,1,13,55,2,1,8,2,"184, BD RABATAU",43.28111,5.39932
201400016097,28,11,14,13,1,13,75,2,3,1,6,"69, REPUBLIQUE (AVE DE L",0.0,0.0
201400016098,9,12,14,9,1,13,55,2,1,1,7,"188, BD BAILLE",43.28892,5.39486
201400016099,26,11,14,13,1,13,55,2,1,1,7,"03, BD MAURICE BOURDET",43.30234,5.37958
201400016100,7,12,14,15,1,13,55,2,1,1,6,"00, AVE DU CAP PINEDE RO",0.0,0.0
201400016101,7,12,14,0,5,13,55,2,1,1,6,"23, BD DUGOMMIER",43.29869,5.38092
201400016102,23,12,14,11,1,13,106,2,3,1,6,"106, 8 MAI 1945 (AVENUE",43.4068,5.37115
201400016103,3,12,14,10,1,13,55,2,1,1,1,"38, AVE DE LA VISTE",0.0,0.0
201400016104,20,2,14,10,1,13,55,2,1,1,6,"139, CHE DE LA MADRAGUE",43.32688,5.36066
201400016105,9,12,14,18,2,13,55,2,1,1,6,"70, AVE CLAUDE MONET",43.3262,5.39445
201400016106,15,12,14,9,1,13,55,2,2,1,6,"27, BD CHRISTOPHE MONCAD",43.32319,5.36919
201400016107,11,12,14,10,1,13,55,2,1,1,6,"439, RUE DE LYON",43.34245,5.35969
201400016108,1,12,14,5,3,13,55,2,1,9,6,"264, AVE ROGER SALENGRO",43.32241,5.36772
201400016109,8,11,14,21,5,13,55,2,3,1,6,"01, TRA DU PRADEL",43.35594,5.34631
201400016110,29,11,14,22,5,13,55,2,1,2,6,"34, BD FRANCOISE DUPARC",43.30192,5.40071
201400016111,2,12,14,7,5,13,55,2,1,3,1,"16, BD DE SAINT MARCEL",43.28862,5.45612
201400016112,15,12,14,20,5,13,55,2,1,1,7,"00, AVE FLORIAN",0.0,0.0
201400016113,16,12,14,16,1,13,55,2,1,1,7,"110, BD ROMAIN ROLLAND",43.27804,5.42105
201400016114,14,12,14,7,2,13,55,2,1,8,6,"01, BD DU REDON",43.25651,5.41972
201400016115,12,12,14,17,2,13,55,2,1,1,6,"03, BD GILLIBERT",43.26478,5.40876
201400016116,16,12,14,15,1,13,55,2,1,1,6,"222, AVE DU PRADO",43.27636,5.38879
201400016117,3,11,14,14,1,13,75,2,1,1,6,"04, GENERAL DE GAULLE (M",43.33735,5.48343
201400016118,16,12,14,19,5,13,55,2,1,1,6,"02, BD GUSTAVE GANAY",43.26546,5.39673
201400016119,17,12,14,17,5,13,55,2,1,2,2,AVE MERLEAU PONTY,0.0,0.0
201400016120,17,12,14,13,1,13,55,2,1,2,6,"17, BD ROLAND DORGELES",43.34646,5.37982
201400016121,18,12,14,17,1,13,55,2,1,1,6,"28, BD DE LA PADOUANE",43.35337,5.36659
201400016122,19,12,14,13,1,13,55,2,3,1,6,"158, BD DE SAINTE MARGUE",43.26648,5.40824
201400016123,4,12,14,16,1,13,55,2,1,2,6,"00, RUE ALBERT EINSTEIN",0.0,0.0
201400016124,16,12,14,18,5,13,55,2,1,1,6,"137, AVE CLOT BEY",43.25694,5.38283
201400016125,23,11,14,18,5,13,55,2,6,1,6,"00, RPT ALEXANDRE ET JER",43.29223,5.44585
201400016126,22,12,14,19,5,13,55,2,1,1,6,"07, BD JULIEN RANCUREL",43.28483,5.48303
201400016127,19,12,14,15,1,13,55,2,2,1,7,"68, BD NATIONAL",0.0,0.0
201400016128,21,12,14,13,1,13,55,2,1,1,6,"236, AVE DE SAINT ANTOIN",43.37391,5.35578
201400016129,22,12,14,4,5,13,55,2,1,1,6,"130, AVE DE SAINT JEROME",43.33358,5.42017
201400016130,28,11,14,9,1,13,55,2,1,6,6,"01, AVE FERNAND SARDOU",43.35973,5.33925
201400016131,20,12,14,15,2,13,55,2,1,1,6,"36, TRA DE GIBBES",43.31846,5.37884
201400016132,19,12,14,8,1,13,55,2,1,1,6,"00, CHE DE L ARMEE D AFR",0.0,0.0
201400016133,23,12,14,15,1,13,55,2,1,1,6,"30, BD DE LA POMME",43.29209,5.44606
201400016134,10,12,14,21,3,13,55,2,2,1,1,"344, BD MICHELET",43.25787,5.39936
201400016135,16,12,14,17,2,13,55,2,1,1,6,"01, AVE ELLEON",43.2856,5.44209
201400016136,19,11,14,14,1,13,55,2,1,1,6,"02, IMP ROUSSEAU",43.29043,5.39379
201400016137,16,12,14,12,1,13,55,2,4,1,1,"00, AVE DESIRE BIANCO",43.28896,5.42575
201400016138,19,11,14,13,1,13,55,2,1,1,6,"53, RUE DAUMIER",43.27831,5.38397
201400016139,12,12,14,18,5,13,55,2,1,1,6,"614, AVE DU PRADO",43.2626,5.37549
201400016140,14,12,14,19,5,13,55,2,1,1,6,"164, BD DE SAINTE MARGUE",43.26575,5.40861
201400016141,24,11,14,19,5,13,55,2,1,1,7,"00, ALL DE LA ROUGUIERE",0.0,0.0
201400016142,23,12,14,13,1,13,55,2,1,1,6,"266, RTE DES TROIS LUCS",43.29855,5.48152
201400016143,15,12,14,8,1,13,55,2,1,1,6,"101, BD NATIONAL",43.30674,5.38275
201400016144,11,12,14,18,1,13,55,2,2,1,6,"151, BD MICHELET",43.26521,5.39567
201400016145,12,12,14,19,5,13,55,2,1,1,6,"00, RPT IAN PALACH",43.279,5.42668
201400016146,28,12,14,7,2,13,55,2,1,1,7,"01, RUE ANDRE MAURIC",0.0,0.0
201400016147,24,12,14,18,4,13,55,2,1,1,6,AVE DES POILUS,0.0,0.0
201400016148,21,12,14,3,5,13,55,2,1,1,7,"712, AUT DU LITTORAL A55",0.0,0.0
201400016149,23,12,14,12,1,13,55,2,1,1,5,AVE ALEXANDRE FLEMING,0.0,0.0
201400016150,19,12,14,15,1,13,55,2,1,1,6,"274, BD HENRI BARNIER",43.3645,5.34223
201400016151,2,12,14,7,2,13,55,2,3,8,6,"79, AVE DE LA FOURRAGERE",43.29891,5.43069
201400016152,10,12,14,9,1,13,55,2,1,1,6,"328, BD DE SAINTE MARGUE",43.26188,5.41421
201400016153,27,12,14,16,1,13,55,2,1,1,6,"100, BD ROMAIN ROLLAND",43.27866,5.42198
201400016154,18,12,14,18,5,13,55,2,1,1,7,"198, BD RABATAU",43.28173,5.3996
201400016155,25,12,14,17,5,13,55,2,1,1,6,"27, AVE DESIRE BIANCO",43.28902,5.42574
201400016156,28,12,14,18,5,13,55,2,1,1,6,"219, BD RABATAU DANIEL M",43.28257,5.39945
201400016157,31,7,14,16,1,13,55,2,1,1,6,"201, AVE DE SAINT ANTOIN",43.37365,5.3558
201400016158,3,11,14,16,1,13,55,2,1,1,6,"150, RUE FELIX PYAT",0.0,0.0
201400016159,28,11,14,14,1,13,55,2,3,1,6,"269, AVE ROGER SALENGRO",43.3219,5.36768
201400016160,2,12,14,4,5,13,55,2,1,2,7,"01, VOL PASSERELLE PLOMB",0.0,0.0
201400016161,6,12,14,21,5,13,55,2,1,1,6,"43, BD SIMON BOLIVAR",43.34401,5.37814
201400016162,27,1,14,12,1,13,55,2,2,1,3,"00, BD BOISSON",0.0,0.0
201400016163,30,1,14,15,1,13,55,2,1,2,6,"81, BD BAILLE",43.28747,5.38957
201400016164,25,4,14,17,1,13,55,2,1,1,6,"183, AVE DES CHARTREUX",43.30973,5.40064
201400016165,7,9,14,1,5,13,55,2,1,1,6,"59, BD FRANCOISE DUPARC",43.30369,5.40071
201400016166,15,11,14,5,5,13,75,2,1,1,6,"29, MARECHAL JUIN (AVE D",43.35215,5.461
201400016167,20,11,14,19,5,13,55,2,1,1,6,"71, BD BAILLE",43.28734,5.38899
201400016168,24,11,14,14,1,13,55,2,2,1,3,"24, RUE D' ITALIE",0.0,0.0
201400016169,11,12,14,11,1,13,55,2,1,1,6,"92, BD BAILLE",43.28768,5.39037
201400016170,28,12,14,15,1,13,55,2,1,1,6,"81, RUE DE LODI",43.28892,5.38765
201400016171,30,12,14,14,1,13,55,2,2,1,6,"00, RUE BRETEUIL",43.28752,5.37694
201400016172,8,5,14,19,1,13,55,2,1,1,2,"01, RUE DU COMMANDANT RO",0.0,0.0
201400016173,3,4,14,19,1,13,55,2,1,1,6,"41, RUE VERDILLON",43.27624,5.42225
201400016174,4,4,14,23,5,13,55,2,5,1,6,"122, BD RABATAU",43.27752,5.3992
201400016175,7,8,14,17,1,13,55,2,1,1,6,"00, RTE DE LA SABLIERE",0.0,0.0
201400016176,22,8,14,1,5,13,55,2,6,1,6,"300, RPT DU PRADO",43.27292,5.39074
201400016177,7,11,14,16,1,13,55,2,1,1,6,"314, AVE DU PRADO",43.27239,5.39064
201400016178,19,11,14,9,1,13,55,2,1,1,6,"423, BD MICHELET",43.25222,5.40301
201400016179,25,11,14,10,1,13,55,2,1,2,6,"20, CHE DU ROY D' ESPAGN",43.24228,5.39693
201400016180,26,11,14,12,1,13,55,2,1,1,6,"00, IMP PARADOU",0.0,0.0
201400016181,5,12,14,19,5,13,55,2,1,1,6,"09, BD GUSTAVE GANAY",43.26625,5.4012
201400016182,6,12,14,18,5,13,55,2,1,1,6,"00, RUE CAPITAINE GALINA",0.0,0.0
201400016183,13,12,14,10,1,13,55,2,2,1,7,"02, AVE FLORIAN",43.28164,5.42751
201400016184,20,12,14,15,1,13,55,2,3,1,6,AVE COLGATE,43.23334,5.40555
201400016185,8,8,14,20,2,13,55,2,1,1,7,"231, RUE PIERRE DOIZE",43.27188,5.42774
201400016186,27,7,14,5,2,13,55,2,1,1,7,"00, RTE LEON LACHAMP",0.0,0.0
201400016187,28,8,14,20,1,13,55,2,1,1,2,"376, AVE DU PRADO",43.27011,5.38723
201400016188,2,12,14,7,5,13,55,2,1,3,6,"16, BD DE SAINT MARCEL",0.0,0.0
201400016189,15,10,14,20,5,13,55,2,1,1,7,"124, RTE DE LA TREILLE",43.31071,5.51166
201400016190,15,11,14,14,1,13,55,2,1,1,6,"90, BD BOUYALA D' ARNAUD",43.29747,5.44087
201400016191,26,11,14,12,1,13,55,2,1,1,2,ALL DE LA GRANDE BASTIDE,0.0,0.0
201400016192,5,6,14,20,1,13,55,2,1,1,6,"54, BD ROLAND DORGELES",43.34794,5.37726
201400016193,7,8,14,9,1,13,55,2,1,1,6,"37, AVE DU MERLAN",43.3351,5.40751
201400016194,20,9,14,11,1,13,55,2,1,1,6,"172, AVE DES OLIVES",0.0,0.0
201400016195,20,9,14,10,1,13,55,2,1,1,6,"110, CHE DE LA MADRAGUE",43.3245,5.36238
201400016196,30,9,14,20,3,13,55,2,1,2,6,"00, BD LIONEL TERRAY",0.0,0.0
201400016197,7,10,14,0,5,13,55,2,1,1,6,"000, RUE PAUL LANGEVIN",0.0,0.0
201400016198,30,10,14,21,5,13,55,2,1,1,7,"34, BD FREDERIC SAUVAGE",0.0,0.0
201400016199,16,3,14,11,1,13,55,2,1,1,6,"02, AVE DU CAP PINEDE RO",0.0,0.0
201400016200,22,3,14,23,5,13,55,2,1,2,6,"00, BD AMPERE",0.0,0.0
201400016201,5,5,14,12,1,13,55,2,1,1,6,AVE DU MARCHE NATIONAL,0.0,0.0
201400016202,30,5,14,23,5,13,55,2,3,1,6,CHE DE SAINT LOUIS AU RO,43.3485,5.35678
201400016203,2,5,14,23,5,13,55,2,1,1,6,"244, AVE DE SAINT ANTOIN",0.0,0.0
201400016204,19,6,14,0,5,13,55,1,1,1,7,"00, BD DE LA GARE",0.0,0.0
201400016205,12,9,14,20,5,13,55,2,1,1,6,"00, BD ROLAND DORGELES",0.0,0.0
201400016206,24,9,14,13,1,13,55,2,1,1,6,"01, QAI DE LA JOLIETTE",43.30444,5.36515
201400016207,27,10,14,12,1,13,55,2,1,1,6,"136, CHE DU LITTORAL",43.33651,5.35302
201400016208,25,11,14,5,5,13,55,2,1,3,6,"00, TRA DU PRADEL",0.0,0.0
201400016209,23,1,14,18,1,13,75,2,1,1,1,"45-47, PAUL SIRVENT (AVE",43.343,5.46861
201400016210,19,3,14,15,1,13,55,2,1,1,6,"00, AVE DE LA CROIX ROUG",0.0,0.0
201400016211,27,8,14,16,1,13,75,2,1,1,6,"28, FR?D?RIC CHEVILLON (",43.34565,5.46151
201400016212,27,8,14,17,1,13,55,2,1,1,2,"108, TRA DE CHANTE PERDR",43.27361,5.43618
201400016213,11,10,14,0,5,13,75,2,1,1,2,"144, LIBERATION (AVE DE",43.34408,5.4595
201400016214,16,10,14,9,1,13,55,2,1,1,6,"37, RUE PARADIS",43.29284,5.37703
201400016215,2,11,14,19,5,13,55,2,2,1,6,"59, PAL PIERRE MENARD /",43.29089,5.44282
201400016216,22,4,14,9,1,13,55,2,1,3,1,"00, VSN TELLENE BD ROUCA",0.0,0.0
201400016217,5,6,14,5,2,13,55,2,1,1,6,"141, BD DE LA LIBERATION",43.30125,5.3918
201400016218,14,6,14,19,1,13,55,2,1,1,6,"00, CRS BELSUNCE",0.0,0.0
201400016219,10,6,14,13,1,13,55,2,1,1,6,"47, QAI DE RIVE NEUVE",43.29237,5.36623
201400016220,12,8,14,21,5,13,55,2,1,1,6,"26, BD GARIBALDI",43.29632,5.38137
201400016221,14,8,14,11,1,13,55,1,2,1,3,"01, AVE DE CORINTHE",43.28304,5.39005
201400016222,8,9,14,12,1,13,55,2,1,1,6,"000, AVE DE LA CORSE",0.0,0.0
201400016223,26,11,14,18,3,13,55,2,2,1,6,"22, BD DE LA LIBERTE",0.0,0.0
201400016224,21,12,14,2,5,13,55,2,1,1,6,"01, BD CHARLES LIVON",43.29223,5.36333
201400016225,4,7,14,14,1,13,55,2,1,1,2,"00, BD DE PLOMBIERES",0.0,0.0
201400016226,23,5,14,15,1,13,55,2,1,1,6,"68, RUE LOUBON",43.31245,5.38082
201400016227,19,7,14,0,5,13,55,2,1,1,6,"391, RUE DE LYON",43.34025,5.36127
201400016228,18,8,14,18,1,13,55,2,2,1,6,"00, BD DE STRASBOURG",43.3066,5.37447
201400016229,22,8,14,0,5,13,55,2,1,1,6,"81, BD LOUIS VILLECROZE",43.3206,5.39198
201400016230,13,9,14,16,1,13,55,2,1,1,6,"51, RUE LE CHATELIER",43.34751,5.36341
201400016231,24,8,14,1,5,13,55,2,1,1,6,"00, AVE DE LA POINTE ROU",0.0,0.0
201400016232,26,8,14,17,1,13,55,2,6,1,6,"01, RPT SORMIOU COLGATE",43.23521,5.41083
201400016233,6,1,14,9,1,13,39,1,1,1,3,ROUTE NATIONALE 569,43.4705,4.94637
201400016234,8,1,14,10,1,13,56,2,1,1,1,LAVANDIN RUE DU,0.0,0.0
201400016235,10,1,14,19,5,13,77,2,1,1,7,CRISTOFOL JEAN (bld),0.0,0.0
201400016236,22,1,14,8,1,13,56,2,1,1,3,KENNEDY AVENUE DU PRESID,0.0,0.0
201400016237,27,1,14,11,1,13,77,1,1,2,5,RN 568,0.0,0.0
201400016238,12,2,14,12,1,13,26,2,1,1,6,LAURE (route de),0.0,0.0
201400016239,11,2,14,15,1,13,77,2,1,1,6,THOREZ MAURICE (avenue),0.0,0.0
201400016240,22,2,14,11,1,13,77,2,1,1,7,NEDELEC CHARLES (rue),0.0,0.0
201400016241,3,3,14,7,2,13,39,2,1,3,6,CHALAND (Chemin du),0.0,0.0
201400016242,27,2,14,11,1,13,26,2,1,1,7,"5, CLAIRIN (bld Germain)",43.38249,5.16439
201400016243,13,3,14,8,1,13,77,1,3,1,5,"27, MIRABEAU (rue)",0.0,0.0
201400016244,18,2,14,7,2,13,39,1,1,1,7,RN 568,0.0,0.0
201400016245,21,3,14,13,1,13,56,2,1,1,6,AUGUETTE AVENUE D',0.0,0.0
201400016246,7,4,14,22,5,13,56,2,3,1,6,CANTO PERDRIX AVENUE DE,43.41979,5.05411
201400016247,22,4,14,17,1,13,77,2,1,1,2,ETANG (chemin de l'),0.0,0.0
201400016248,8,4,14,11,1,13,77,2,1,3,6,VELLA PAUL (rue),0.0,0.0
201400016249,15,4,14,21,5,13,56,2,1,1,6,QUATORZE JUILLET,0.0,0.0
201400016250,10,4,14,22,3,13,56,1,1,1,6,RD 49,0.0,0.0
201400016251,9,4,14,14,1,13,26,1,1,1,4,RD 568,0.0,0.0
201400016252,26,3,14,10,1,13,56,2,1,1,2,TURCAN FRANCIS,0.0,0.0
201400016253,18,4,14,13,1,13,56,2,1,1,3,RD 5 (Route d'Istres),0.0,0.0
201400016254,24,4,14,12,1,13,56,2,1,1,1,ELUARD BOULEVARD PAUL,0.0,0.0
201400016255,25,4,14,12,1,13,39,1,1,1,2,RN 568,0.0,0.0
201400016256,3,5,14,13,1,13,39,1,1,1,3,FOSSETTE (Rond-point de,43.48707,4.88417
201400016257,10,5,14,18,1,13,26,2,1,1,1,CHATEAU MOUSTIER (bld du,0.0,0.0
201400016258,18,5,14,13,1,13,39,1,1,1,3,ROUTE NATIONALE 569,0.0,0.0
201400016259,11,6,14,18,1,13,56,1,1,1,3,BARBOUSSADE CHEMIN DE,0.0,0.0
201400016260,19,5,14,11,1,13,77,2,1,1,6,PAPIN DENIS (rue),0.0,0.0
201400016261,26,5,14,12,1,13,56,2,1,1,2,TURCAN FRANCIS,0.0,0.0
201400016262,9,6,14,18,1,13,56,2,1,1,6,CARRO (avenue de),0.0,0.0
201400016263,11,6,14,6,2,13,26,2,1,1,6,MICHELES (rue des),0.0,0.0
201400016264,12,6,14,8,1,13,56,2,1,1,2,ROUTE DU PORT DE LAVERA,0.0,0.0
201400016265,16,6,14,11,1,13,56,2,1,1,3,LECLERC (Parking G?n?ral,0.0,0.0
201400016266,20,6,14,13,1,13,56,2,1,1,1,ELUARD BOULEVARD PAUL,0.0,0.0
201400016267,22,6,14,19,1,13,39,1,1,1,3,RN 568,0.0,0.0
201400016268,28,6,14,5,2,13,77,2,1,1,3,RN 568,0.0,0.0
201400016269,2,7,14,20,1,13,56,2,1,1,6,TOURET DE VALLIER,43.42689,5.05838
201400016270,1,7,14,20,1,13,56,2,1,1,6,ALLENDE BOULEVARD SALVAD,0.0,0.0
201400016271,6,7,14,18,2,13,77,2,1,1,1,CHOPIN FREDERIC (bld),0.0,0.0