Num_Acc,jour,mois,an,hr,condition_eclairage,departement,commune,condition_agglomeration,intersection,condition_atmosphere,type_collision,adresse,lattitude,longitude
201400016272,21,7,14,21,5,13,56,1,3,1,3,TAMARIS,43.38466,5.02553
201400016273,18,7,14,8,1,13,56,1,1,1,3,COURONNE,0.0,0.0
201400016274,19,7,14,10,1,13,77,2,3,1,3,RN 568,43.42181,4.97736
201400016275,22,7,14,6,1,13,26,1,1,1,5,RN 568,0.0,0.0
201400016276,30,7,14,14,1,13,56,2,1,1,6,QUATORZE JUILLET,43.40874,5.05628
201400016277,24,7,14,17,1,13,26,1,1,1,1,RN 568,0.0,0.0
201400016278,3,8,14,14,1,13,56,1,3,1,3,REVEILLA,43.42267,5.02111
201400016279,10,8,14,0,5,13,39,2,2,1,1,PHION (Chemin de),43.45556,4.93732
201400016280,23,8,14,2,3,13,56,1,1,1,5,ROUTE DE SAINT PIERRE,43.37782,5.06467
201400016281,25,8,14,5,2,13,77,1,1,1,4,RN 568,0.0,0.0
201400016282,20,8,14,10,1,13,77,1,1,1,2,LA TREMIE (acc?s RN 568,0.0,0.0
201400016283,21,8,14,18,1,13,56,2,3,1,3,PORT DE BOUC ROUTE DE,43.41091,5.02112
201400016284,27,8,14,22,5,13,77,2,1,1,1,THOREZ MAURICE (avenue),0.0,0.0
201400016285,3,9,14,20,3,13,56,2,1,1,6,ROUTE DU PORT DE LAVERA,43.40156,5.01386
201400016286,25,8,14,16,1,13,56,2,3,1,3,ISTRES ROUTE D',43.42289,5.05614
201400016287,28,8,14,18,1,13,77,2,1,1,6,RN 568,0.0,0.0
201400016288,12,9,14,15,1,13,56,2,3,1,3,DIX NEUF MARS 1962 BOULE,43.42084,5.03582
201400016289,12,9,14,18,1,13,56,2,1,1,6,PARADIS CHEMIN DE,0.0,0.0
201400016290,21,9,14,5,3,13,39,1,1,5,7,FOSSETTE (Rond-point de,43.48679,4.88541
201400016291,29,9,14,13,1,13,39,1,1,1,6,RN 544,43.46045,4.89693
201400016292,26,9,14,15,1,13,39,1,1,1,6,RN 568,0.0,0.0
201400016293,19,9,14,14,1,13,56,2,1,1,4,AV TURCAN FRANCIS,0.0,0.0
201400016294,6,10,14,10,1,13,39,1,1,1,2,SAINT-GERVAIS (Carrefour,43.43305,4.94129
201400016295,7,10,14,11,1,13,56,2,2,2,6,BARBOUSSADE CHEMIN DE,43.42484,5.05353
201400016296,8,10,14,19,5,13,26,2,2,1,3,AUDIBERT (bld Armand),43.38628,5.16915
201400016297,20,10,14,8,2,13,39,1,1,5,4,RN 568,43.49082,4.88114
201400016298,29,10,14,9,1,13,39,1,1,1,4,RN 568,0.0,0.0
201400016299,13,10,14,14,1,13,77,1,1,1,2,RN 568,0.0,0.0
201400016300,14,10,14,8,1,13,26,1,1,1,6,CD 9,0.0,0.0
201400016301,21,10,14,23,5,13,56,2,2,1,1,FOURNIER BOULEVARD HELEN,43.41364,5.05703
201400016302,24,10,14,17,1,13,56,2,1,1,2,LECLERC QUAI GENERAL CHA,0.0,0.0
201400016303,8,11,14,19,5,13,56,2,1,1,6,TESSE MAURICE,0.0,0.0
201400016304,10,11,14,8,1,13,56,2,1,1,1,ARAGON (rue Louis),0.0,0.0
201400016305,19,11,14,11,1,13,56,2,1,1,2,TURCAN FRANCIS,0.0,0.0
201400016306,3,12,14,15,1,13,26,1,1,1,2,CD 9,0.0,0.0
201400016307,13,11,14,8,1,13,77,2,1,1,2,LA TREMIE (acc?s RN 568,0.0,0.0
201400016308,19,11,14,8,1,13,56,2,1,1,6,PINEDE ALLEE DE LA,0.0,0.0
201400016309,27,11,14,12,1,13,26,2,2,3,3,AUDIBERT (bld Armand),43.38625,5.16913
201400016310,12,12,14,15,1,13,39,1,1,1,6,RN 568,0.0,0.0
201400016311,13,12,14,11,1,13,56,2,1,2,2,FLEMING AVENUE DU ALEXAN,0.0,0.0
201400016312,18,12,14,15,1,13,39,2,1,1,7,GUIGONNET (Route du),0.0,0.0
201400016313,9,1,14,16,1,13,103,2,1,1,6,"275, RUE PIRON -EUGENE",0.0,0.0
201400016314,16,1,14,8,1,13,103,2,1,2,6,CHEMIN SAINT JEAN-RD 68E,0.0,0.0
201400016315,18,1,14,5,3,13,103,1,1,8,6,D 113,0.0,0.0
201400016316,28,1,14,17,2,13,103,1,1,1,3,ROUTE DE JEAN MOULIN-RN,43.64733,5.09333
201400016317,29,1,14,7,2,13,103,1,3,3,3,AVENUE CHABAN DELMAS -JA,43.64048,5.06474
201400016318,17,3,14,7,1,13,103,2,6,1,3,"1, RPT DES BARETTES",43.64035,5.07641
201400016319,30,4,14,8,1,13,103,2,1,1,3,AVENUE DE L' EUROPE,0.0,0.0
201400016320,1,5,14,22,3,13,103,1,1,1,6,ROUTE D'ARLES-RN 113,0.0,0.0
201400016321,9,5,14,14,1,13,103,1,1,1,1,RTE D' EYGUIERES-RD 17,0.0,0.0
201400016322,26,5,14,11,1,13,103,1,1,1,7,VIEILLE ROUTE DE PELISSA,0.0,0.0
201400016323,27,5,14,12,1,13,103,2,9,1,7,RUE DE GRIGNAN,0.0,0.0
201400016324,29,6,14,6,2,13,103,1,1,1,6,RTE DE PELISSANNE-RD 572,0.0,0.0
201400016325,3,7,14,12,1,13,103,2,1,1,3,"483, AVENUE DE LATTRE DE",0.0,0.0
201400016326,18,7,14,3,3,13,103,1,1,1,1,ROUTE DE JEAN MOULIN-RN,0.0,0.0
201400016327,18,7,14,15,1,13,103,1,1,1,4,RN 569,0.0,0.0
201400016328,25,7,14,8,1,13,103,2,1,1,6,AVENUE MICHELET,0.0,0.0
201400016329,27,7,14,2,3,13,103,1,1,1,6,"153, ROUTE DE JEAN MOULI",43.64868,5.09392
201400016330,28,7,14,22,5,13,103,2,1,1,6,BOULEVARD DANTON,0.0,0.0
201400016331,15,8,14,0,3,13,103,2,1,1,7,AVENUE DE LATTRE DE TASS,43.67299,5.07361
201400016332,26,8,14,9,1,13,103,2,3,8,1,AVENUE CHABAN DELMAS  J,43.64049,5.06475
201400016333,9,9,14,15,1,13,103,2,1,1,6,"0, BOULEVARD DES CAPUCIN",0.0,0.0
201400016334,15,9,14,23,5,13,103,2,2,2,3,"0, RUE KINET",43.6473,5.09298
201400016335,9,10,14,13,1,13,103,2,1,1,3,"0, AVENUE LECLERC   DU M",0.0,0.0
201400016336,17,11,14,4,5,13,103,2,1,1,6,RUE CHANZY,43.64014,5.09454
201400016337,17,11,14,16,1,13,103,1,9,1,3,AVENUE MOULIN -JEAN- RN,0.0,0.0
201400016338,7,12,14,12,1,13,103,2,1,1,6,COURS CARNOT,0.0,0.0
201400016339,2,1,14,0,3,30,32,1,1,2,1,BELLEGARDE ROUTE DE,43.77966,4.54872
201400016340,3,1,14,12,1,30,32,1,3,1,6,SAINT GILLES ROUTE DE,43.79738,4.60914
201400016341,11,1,14,18,5,30,32,2,3,1,3,FARCIENNES AVENUE DE,43.81237,4.62964
201400016342,23,1,14,10,1,13,108,1,1,1,7,VALLABREGUES ( RD 81 ROU,0.0,0.0
201400016343,31,1,14,7,2,13,108,2,1,3,6,JULES FERRY (BOULEVARD),43.8021,4.66378
201400016344,8,1,14,8,2,13,108,1,1,1,7,"1, D33 ROUTE DE FONTVEIL",43.75046,4.70165
201400016345,1,2,14,1,3,30,32,1,1,1,7,SAINT GILLES ROUTE DE,0.0,0.0
201400016346,7,2,14,12,1,13,108,2,3,1,3,"70, VICTOR HUGO (BOULEVA",43.80306,4.66135
201400016347,8,2,14,10,1,30,32,1,1,2,7,"8135, saint gilles route",43.78024,4.54998
201400016348,12,2,14,22,5,30,32,1,1,1,6,D999,43.80462,4.64919
201400016349,12,2,14,12,1,13,108,1,1,1,7,RD 570 N ROUTE D ARLES,0.0,0.0
201400016350,17,2,14,8,1,30,32,1,1,1,1,NIMES ROUTE DE CD 999,43.81718,4.61682
201400016351,17,2,14,18,4,30,32,2,1,1,6,NIMES ROUTE DE CD 999,43.81682,4.61446
201400016352,20,2,14,12,1,30,32,1,1,1,7,NIMES ROUTE DE CD 999,43.81865,4.61227
201400016353,21,2,14,18,2,13,108,2,1,1,6,"3, REPUBLIQUE (AVENUE)",43.80486,4.65519
201400016354,25,2,14,7,2,30,32,1,3,1,3,saint gilles route de,43.79821,4.60857
201400016355,1,3,14,14,1,30,32,1,2,1,3,CABANETTE CHEMIN DE,43.73854,4.58408
201400016356,8,3,14,23,3,30,32,1,9,1,7,D 90,43.79249,4.63025
201400016357,9,3,14,17,1,13,108,1,1,1,5,RD 970 ROUTE D'AVIGNON,43.81401,4.67212
201400016358,13,3,14,0,3,13,108,1,1,1,7,ARLES (PETITE ROUTE D AR,43.74212,4.65352
201400016359,23,3,14,18,2,13,108,1,1,1,7,"2A, RD 970 ROUTE D'AVIGN",43.81767,4.68076
201400016360,27,3,14,17,1,30,32,2,3,1,3,MIRABEAU RUE,43.80728,4.64782
201400016361,10,4,14,13,1,13,108,2,1,1,2,VOLTAIRE (FAUBOURG),0.0,0.0
201400016362,10,4,14,14,1,13,108,1,1,1,7,ARLES (PETITE ROUTE D AR,0.0,0.0
201400016363,11,4,14,20,2,13,108,2,9,1,7,"1, SAINT GEORGES (CHEMIN",43.80778,4.66293
201400016364,14,4,14,11,1,30,32,2,1,1,6,"12, FARCIENNES AVENUE DE",43.80928,4.63856
201400016365,15,4,14,17,1,13,108,1,1,1,6,RD 99 ROUTE DE SAINT REM,43.79662,4.69045
201400016366,17,4,14,19,1,30,32,2,1,1,7,"34, MARECHAL JUIN AVENUE",43.80911,4.62265
201400016367,21,4,14,16,1,13,108,1,2,1,3,RD 970 ROUTE D'AVIGNON,43.83694,4.72565
201400016368,25,4,14,9,1,30,32,2,1,1,2,MARECHAL FOCH BD DU,43.80956,4.63863
201400016369,2,5,14,9,1,13,108,1,1,1,7,CD 35 ROUTE DE BOULBON,43.83508,4.67378
201400016370,3,5,14,9,1,13,108,1,1,1,2,RD 970 ROUTE D'AVIGNON,0.0,0.0
201400016371,6,5,14,16,1,13,108,1,1,1,7,RD 570 N ROUTE D ARLES,0.0,0.0
201400016372,8,5,14,17,1,30,32,2,1,1,7,"43, LILAS IMPASSE DES",0.0,0.0
201400016373,13,5,14,17,1,30,32,1,1,1,7,BELLEGARDE ROUTE DE,43.78518,4.56978
201400016374,15,5,14,14,1,13,108,2,3,1,3,REVOLUTION (RUE),43.80474,4.66135
201400016375,17,5,14,4,3,30,32,1,1,1,1,FOURQUES ROUTE DE,0.0,0.0
201400016376,17,5,14,18,1,13,108,1,1,1,3,RD 99 ROUTE DE SAINT REM,43.79663,4.69032
201400016377,22,5,14,9,1,30,32,1,1,1,3,VALESCURE CHEMIN DE,43.7799,4.5298
201400016378,24,5,14,6,1,30,32,1,1,1,2,D 90,43.83087,4.61846
201400016379,3,6,14,15,1,30,32,1,1,1,6,BELLEGARDE ROUTE DE,43.7733,4.53754
201400016380,7,6,14,10,1,30,32,2,1,1,5,FARCIENNES AVENUE DE,43.8113,4.63486
201400016381,15,6,14,15,1,30,32,2,1,2,7,MOULINELLE AVENUE DE,0.0,0.0
201400016382,14,6,14,14,1,13,108,1,1,1,7,RD 570 N ROUTE D ARLES,0.0,0.0
201400016383,9,6,14,15,1,30,32,2,1,1,7,CHEMIN DE LANDAU,43.78532,4.55502
201400016384,17,6,14,8,1,13,108,1,1,1,7,RD 99 ROUTE DE SAINT REM,43.7952,4.69669
201400016385,24,6,14,18,1,13,108,1,1,1,7,RD 970 ROUTE D'AVIGNON,0.0,0.0
201400016386,25,6,14,19,1,13,108,1,1,1,7,VALLABREGUES ( RD 81 ROU,0.0,0.0
201400016387,25,6,14,10,1,30,32,2,1,3,2,FARCIENNES AVENUE DE,0.0,0.0
201400016388,26,6,14,21,5,13,108,2,1,1,7,DESPLACES GUSTAVE (BOULE,43.80258,4.65766
201400016389,27,6,14,18,1,30,32,1,1,1,5,JEAN MONNET AVENUE,0.0,0.0
201400016390,5,7,14,7,1,30,32,1,1,1,3,BELLEGARDE ROUTE DE,43.77954,4.54844
201400016391,22,7,14,17,1,13,108,1,1,1,3,RD 570 N ROUTE D ARLES,43.75607,4.68337
201400016392,22,7,14,12,1,13,108,1,1,1,7,RD 570 N ROUTE D ARLES,43.75607,4.68337
201400016393,25,7,14,19,1,30,32,1,1,2,7,"8135, SAINT GILLES ROUTE",43.77855,4.54546
201400016394,25,7,14,20,1,13,108,1,1,1,7,RD 970 ROUTE D ARLES,43.78661,4.67652
201400016395,29,7,14,8,1,30,32,1,1,1,7,D 90,43.79892,4.60813
201400016396,1,8,14,22,4,13,108,2,1,1,5,CHATEAU (RUE),0.0,0.0
201400016397,5,8,14,11,1,30,32,2,2,1,3,ANCIENS COMBATTANTS AFRI,43.81138,4.64429
201400016398,5,8,14,13,1,13,108,2,1,1,2,RD 99 ROUTE DE SAINT REM,43.80113,4.67021
201400016399,10,8,14,15,1,13,108,1,3,1,3,RD 570 N ROUTE D ARLES,43.79476,4.67011
201400016400,17,8,14,18,1,13,108,1,4,1,3,"1, D33 ROUTE DE FONTVEIL",43.75096,4.70083
201400016401,21,8,14,16,1,30,32,1,1,1,4,NIMES ROUTE DE CD 999,43.79246,4.63123
201400016402,26,8,14,19,1,13,108,1,3,1,6,"1, D33 A",43.75102,4.70079
201400016403,31,8,14,7,1,13,108,1,1,1,7,RD 570 N ROUTE D ARLES,43.74611,4.67691
201400016404,1,9,14,8,1,13,108,2,2,1,6,ITAM (BOULEVARD),43.80654,4.65743
201400016405,1,9,14,15,1,30,32,2,1,1,3,SAINT JOSEPH CHEMIN DE,43.8034,4.64157
201400016406,1,9,14,17,1,30,32,2,1,1,2,"22, FARCIENNES AVENUE DE",43.81127,4.63545
201400016407,3,9,14,7,1,30,32,2,2,1,3,GAMBETTA COURS,43.80607,4.64337
201400016408,5,9,14,17,1,13,108,1,1,1,1,ARLES (PETITE ROUTE D AR,43.7699,4.66814
201400016409,9,9,14,16,1,13,108,2,1,1,6,JULES FERRY (BOULEVARD),43.80271,4.66294
201400016410,11,9,14,15,1,13,108,1,1,1,7,RD 970 ROUTE D'AVIGNON,43.80213,4.66326
201400016411,13,9,14,15,1,13,108,2,1,1,5,"2, VOLTAIRE (FAUBOURG)",43.80876,4.66358
201400016412,16,9,14,12,1,30,32,1,1,1,2,"38, SAINT GILLES ROUTE D",0.0,0.0
201400016413,20,9,14,8,1,13,108,1,1,1,7,RD 570 N ROUTE D ARLES,43.78024,4.70029
201400016414,24,9,14,8,1,30,32,1,1,3,7,saint gilles route de D3,43.77879,4.54608
201400016415,26,9,14,7,1,13,108,1,1,1,6,RD 99 ROUTE DE SAINT REM,0.0,0.0
201400016416,26,9,14,10,1,13,108,1,1,1,6,VALLABREGUES ( RD 81 ROU,43.82345,4.64944
201400016417,30,9,14,17,1,30,32,1,1,1,2,SAINT GILLES ROUTE DE,43.79917,4.60983
201400016418,9,10,14,21,3,30,32,1,1,1,6,COMPS ROUTE DE,43.83073,4.61783
201400016419,10,10,14,13,1,13,108,2,1,2,7,ROUSTIDES (CHEMIN DES),0.0,0.0
201400016420,10,10,14,15,1,13,108,1,1,1,6,CD 8O ROUTE DE GRAVESON,0.0,0.0
201400016421,12,10,14,16,1,30,32,2,1,1,6,REDOUTE RUE DE LA,0.0,0.0
201400016422,18,10,14,17,1,30,32,2,1,1,7,saint gilles route de,43.80718,4.6364
201400016423,31,10,14,18,3,30,32,1,1,1,7,saint gilles route de D3,43.79142,4.5824
201400016424,1,11,14,2,3,30,32,1,1,1,7,saint gilles route de D3,0.0,0.0
201400016425,4,11,14,19,3,13,108,1,1,2,7,RD 970 ROUTE D'AVIGNON,43.8247,4.69685
201400016426,6,11,14,17,2,30,32,1,1,1,6,D 90,43.79412,4.61167
201400016427,7,11,14,7,2,30,32,2,1,1,6,paix quai de la,0.0,0.0
201400016428,4,11,14,12,1,13,108,1,1,2,7,CD 35 ROUTE DE BOULBON,0.0,0.0
201400016429,8,11,14,16,1,13,108,1,1,1,3,RD 970 ROUTE D'AVIGNON,43.77963,4.68142
201400016430,15,11,14,18,5,13,108,2,1,2,6,GAMBETTA (BOULEVARD),43.80277,4.6629
201400016431,18,11,14,20,3,13,108,1,1,1,7,VALLABREGUES ( RD 81 ROU,43.82996,4.65142
201400016432,19,11,14,16,1,30,32,2,1,1,6,hotel de ville,0.0,0.0
201400016433,19,11,14,23,3,30,32,1,1,1,7,"4828, BELLEGARDE ROUTE D",43.79283,4.5859
201400016434,27,11,14,15,1,30,32,2,1,1,6,JULES FERRY AVENUE,0.0,0.0
201400016435,27,11,14,17,3,13,108,1,1,3,1,RD 99 D,43.78522,4.66033
201400016436,7,12,14,17,4,13,108,2,1,1,4,ITAM (BOULEVARD),0.0,0.0
201400016437,6,12,14,18,3,13,108,1,1,1,1,RD 570 N ROUTE D ARLES,0.0,0.0
201400016438,12,12,14,16,2,13,108,1,1,1,2,"699, MAS DE BOSC CHEMIN",0.0,0.0
201400016439,12,12,14,19,3,30,32,1,1,1,3,FOURQUES ROUTE DE,43.75764,4.615
201400016440,18,12,14,11,1,30,32,1,1,1,7,SAINT GILLES ROUTE DE,0.0,0.0
201400016441,18,12,14,14,1,30,32,2,1,1,6,CARREFOUR PARKING CENTRE,43.81716,4.61339
201400016442,19,12,14,11,1,13,108,1,1,1,7,"1, D33 ROUTE DE FONTVEIL",0.0,0.0
201400016443,20,12,14,21,5,30,32,2,1,1,7,D999,0.0,0.0
201400016444,22,12,14,19,3,13,108,1,1,1,7,VALLABREGUES ( RD 81 ROU,43.82378,4.64903
201400016445,23,12,14,15,1,30,32,1,1,1,1,FOURQUES ROUTE DE,43.78488,4.6269
201400016446,23,12,14,19,3,13,108,1,1,1,7,D33 ROUTE DE FONTVEILLE,0.0,0.0
201400016447,24,12,14,10,1,30,32,2,1,1,3,CARREFOUR PARKING CENTRE,43.8171,4.6136
201400016448,1,1,14,13,1,13,19,1,1,1,6,"7255, AVENUE MARCEL MATT",43.46191,5.36953
201400016449,2,1,14,14,1,13,117,2,9,1,2,GRIFFON ( ECHANGEUR DU ),0.0,0.0
201400016450,3,1,14,11,1,13,117,2,1,1,6,PADOVANI ( AVE ),0.0,0.0
201400016451,7,1,14,20,5,13,71,2,1,1,5,"87, MITTERRAND (AVENUE F",43.38019,5.34846
201400016452,7,1,14,21,5,13,71,1,2,1,3,RD 543,43.41759,5.3671
201400016453,10,1,14,5,5,13,117,2,1,1,2,"48, ATHENES (RUE D')",43.44208,5.2414
201400016454,10,1,14,18,5,13,71,2,1,1,6,"17, HUGO ( AVENUE VICTOR",43.41025,5.3123
201400016455,13,1,14,16,1,13,117,1,1,2,4,STADIUM (CD9),0.0,0.0
201400016456,15,1,14,8,1,13,117,1,1,1,3,ROUTE DEPARTEMENTALE 20,0.0,0.0
201400016457,15,1,14,15,1,13,117,2,2,1,3,"xx, MONNET ( AVENUE JEAN",43.42592,5.27838
201400016458,15,1,14,20,5,13,117,2,2,1,3,"xx, RABIN ( AVENUE YITZH",43.44852,5.24652
201400016459,16,1,14,7,2,13,117,2,2,2,1,SALYENS ( AVENUE DES ),43.44405,5.25177
201400016460,16,1,14,8,1,13,117,1,1,3,6,D9,0.0,0.0
201400016461,19,1,14,13,1,13,117,2,1,8,6,ROUTE NATIONALE 113 - CA,0.0,0.0
201400016462,20,1,14,12,1,13,19,1,6,1,2,ROUTE D'APT,43.42194,5.36774
201400016463,21,1,14,16,1,13,71,2,1,1,1,JEAN-JAURES,0.0,0.0
201400016464,23,1,14,16,1,13,71,2,1,1,6,MITTERRAND (AVENUE FRANC,0.0,0.0
201400016465,24,1,14,3,5,13,117,2,1,1,6,MARSEILLE ( AVENUE DE ),43.45477,5.25069
201400016466,26,1,14,17,2,13,117,2,2,1,3,EUROPE ( AVENUE DE L' ),43.44156,5.24377
201400016467,27,1,14,7,1,13,71,2,6,1,2,ROUTE NATIONALE 113 - AG,43.41719,5.28302
201400016468,29,1,14,19,3,13,71,1,3,1,3,ROUTE NATIONALE 368 (PLA,43.40803,5.30392
201400016469,30,1,14,17,1,13,71,2,1,2,3,BOEUFS ( CHEMIN DES ),0.0,0.0
201400016470,30,1,14,10,1,13,117,1,1,3,6,DEPARTEMENTALE 9,0.0,0.0
201400016471,5,2,14,9,1,13,117,1,1,3,6,RD 20,0.0,0.0
201400016472,5,2,14,11,1,13,117,2,1,3,6,ROUCAS ( CORNICHE DU ),0.0,0.0
201400016473,4,2,14,11,1,13,19,1,1,1,6,"2, AVENUE ETIENNE RABATT",0.0,0.0
201400016474,6,2,14,16,1,13,117,1,1,1,2,D 9,0.0,0.0
201400016475,6,2,14,18,3,13,117,2,1,1,2,D 9 ESTROUBLANS,0.0,0.0
201400016476,7,2,14,16,1,13,117,2,1,1,2,"0, ROUARD ( AVENUE VITAL",0.0,0.0
201400016477,7,2,14,19,4,13,19,1,1,1,2,RD6,0.0,0.0
201400016478,8,2,14,18,3,13,19,1,1,2,6,ROUTE D'APT,0.0,0.0
201400016479,10,2,14,12,1,13,71,1,1,2,3,CD 543,0.0,0.0
201400016480,16,2,14,4,3,13,117,1,1,1,7,STADIUM (CD9),0.0,0.0
201400016481,16,2,14,11,1,13,117,1,1,1,6,ROUTE NATIONALE 113-L'AN,0.0,0.0
201400016482,16,2,14,14,1,13,19,2,1,1,6,AVENUE DU PLAN DE CAMPAG,0.0,0.0
201400016483,18,2,14,16,1,13,117,2,1,1,1,ROUTE NATIONALE 113 - CA,0.0,0.0
201400016484,20,2,14,19,3,13,19,1,1,1,6,RD 6 (,0.0,0.0
201400016485,4,3,14,17,1,13,117,2,6,1,4,MONNET (AVENUE JEAN),0.0,0.0
201400016486,6,3,14,11,1,13,71,2,9,1,6,VERSAILLES (ROND POINT D,0.0,0.0
201400016487,9,3,14,15,1,13,117,2,1,1,7,TRESORERIE PRINCIPALE (A,0.0,0.0
201400016488,13,3,14,9,1,13,71,1,1,1,2,PTT GAVOTTE (RN 113),0.0,0.0
201400016489,14,3,14,16,1,13,117,2,4,1,2,RD 9 ESTROUBLANS,43.42735,5.26637
201400016490,14,3,14,18,1,13,117,1,1,1,4,RD 113-L'AN,0.0,0.0
201400016491,16,3,14,18,1,13,71,1,2,1,3,ROUTE NATIONALE 368 (PLA,43.40616,5.28589
201400016492,18,3,14,17,1,13,117,2,3,1,3,GLACIERE ( RUE DE LA ),0.0,0.0
201400016493,19,3,14,8,1,13,117,1,1,1,4,RD 9 ESTROUBLANS,0.0,0.0
201400016494,20,3,14,0,3,13,117,1,1,1,7,EUROCOPTER RD 20,0.0,0.0
201400016495,21,3,14,8,1,13,117,2,1,8,4,RD 113 - AG,0.0,0.0
201400016496,21,3,14,17,1,13,19,2,3,1,1,AVENUE MARCEL MATTEODA,43.45584,5.38449
201400016497,21,3,14,22,5,13,117,2,3,1,3,EUROPE ( AVENUE DE L' ),0.0,0.0
201400016498,22,3,14,10,1,13,19,1,1,2,6,ROUTE D'APT,0.0,0.0
201400016499,23,3,14,15,1,13,117,1,1,1,3,RD 113 - CA,0.0,0.0
201400016500,24,3,14,10,1,13,71,2,1,1,4,AVENUE BARREAU NORD-SUD,0.0,0.0
201400016501,25,3,14,9,1,13,117,1,1,1,3,RD 9,0.0,0.0
201400016502,25,3,14,9,1,13,117,1,1,1,6,GLYCINES ( ALLEE DES ),43.44124,5.25487
201400016503,23,3,14,10,1,13,19,1,1,1,6,AVENUE DU PLAN DE CAMPAG,0.0,0.0
201400016504,29,3,14,10,1,13,19,2,6,1,2,CARREFOUR DU MAR. DE LA,43.46533,5.35358
201400016505,29,3,14,18,1,13,117,2,3,1,2,ROUARD ( AVENUE VITAL ),43.45634,5.2503
201400016506,3,4,14,13,1,13,117,2,1,1,4,MONNET ( AVENUE JEAN ),0.0,0.0
201400016507,3,4,14,17,1,13,117,2,1,1,3,"10, LION ( CHEMIN DU )",43.45388,5.23285
201400016508,4,4,14,8,1,13,117,2,1,1,2,ROUTE DEPARTEMENTALE 20,0.0,0.0
201400016509,10,4,14,8,1,13,19,2,1,1,6,AVENUE MARECHAL LECLERC,0.0,0.0
201400016510,10,4,14,9,1,13,71,1,1,1,7,"2, BRUTUS (AV DU CAPITAI",43.39956,5.33276
201400016511,10,4,14,16,1,13,71,1,1,1,4,TOTAL (RN 113 - LE TUNNE,0.0,0.0
201400016512,12,4,14,16,1,13,117,2,1,1,3,MARSEILLE ( AVENUE DE ),0.0,0.0
201400016513,14,4,14,13,1,13,19,1,6,1,6,ROUTE D?APT,43.42194,5.36774
201400016514,15,4,14,17,1,13,117,1,1,1,2,RD 20,0.0,0.0
201400016515,18,4,14,5,5,13,117,2,1,1,7,"37, PADOVANI ( AVE )",0.0,0.0
201400016516,19,4,14,11,1,13,19,2,1,1,6,"817, AVENUE EUGENE MIRAB",0.0,0.0
201400016517,19,4,14,12,1,13,19,1,3,1,3,ROUTE DE PIMPARIN,43.46242,5.36892
201400016518,20,4,14,10,1,13,71,1,1,2,6,CAPITAINE DE CORVETTE P.,0.0,0.0
201400016519,21,4,14,5,2,13,117,2,9,1,6,MONNET (AVENUE JEAN),0.0,0.0
201400016520,22,4,14,11,1,13,71,2,6,2,3,JAS DE RHODES (RUE DU),43.38933,5.33415
201400016521,23,4,14,8,2,13,19,1,1,5,2,D9,0.0,0.0
201400016522,25,4,14,13,1,13,117,1,6,2,3,LAVANDE (ROND POINT),0.0,0.0
201400016523,28,4,14,8,1,13,117,2,1,1,3,"12, GLACIERE ( RUE DE LA",43.41889,5.24513
201400016524,28,4,14,17,1,13,117,1,1,1,6,EUROPE (AVENUE DE L'),0.0,0.0
201400016525,3,5,14,17,1,13,71,1,1,1,6,PINCHINADES ( CHEMIN DES,0.0,0.0
201400016526,6,5,14,13,1,13,71,2,1,1,7,"82, HUGO ( AVENUE VICTOR",43.4108,5.31803
201400016527,7,5,14,10,1,13,71,2,1,1,7,"6, DOMREMY ( RUE )",43.38221,5.34508
201400016528,7,5,14,22,5,13,71,2,1,1,3,PLAN DE CAMPAGNE,0.0,0.0
201400016529,10,5,14,16,1,13,19,1,1,1,6,D9,43.45728,5.33034
201400016530,12,5,14,18,1,13,71,2,1,1,3,"90, VIEILLE ROUTE DE LA",43.39251,5.34121
201400016531,14,5,14,21,5,13,71,2,3,1,3,VIEILLE ROUTE DE LA GAVO,0.0,0.0
201400016532,15,5,14,18,1,13,117,1,1,1,2,"24, PADOVANI ( AVE )",0.0,0.0
201400016533,16,5,14,23,5,13,117,1,1,1,2,EUROCOPTER CD 20,0.0,0.0
201400016534,16,5,14,19,1,13,71,2,3,1,3,ROUTE NATIONALE 113 - RE,43.41587,5.29547
201400016535,18,5,14,13,1,13,117,2,1,1,6,"31, 8 MAI 1945 (AVENUE)",0.0,0.0
201400016536,18,5,14,16,1,13,117,2,1,1,7,RHIN DANUBE ( AVENUE ),0.0,0.0
201400016537,20,5,14,16,1,13,19,2,1,1,3,AVENUE DU PLAN DE CAMPAG,0.0,0.0
201400016538,20,5,14,18,1,13,71,2,1,1,6,PENNES AUX PINS ( CHEMIN,0.0,0.0
201400016539,22,5,14,21,5,13,117,2,1,2,2,LAMARTINE (RESIDENCE) AV,0.0,0.0
201400016540,24,5,14,20,1,13,117,2,1,1,6,CARREFOUR (PARKING CENTR,0.0,0.0
201400016541,27,5,14,16,1,13,117,1,1,1,6,ROUTE NATIONALE 113-L'AN,0.0,0.0
201400016542,31,5,14,12,1,13,71,2,4,1,3,ROUTE NATIONALE 113 - VI,43.41124,5.31229
201400016543,26,5,14,0,5,13,117,2,1,1,7,CARREFOUR (CENTRE COMMER,0.0,0.0
201400016544,1,6,14,14,1,13,117,2,1,1,6,PADOVANI ( AVE ),0.0,0.0