Num_Acc,jour,mois,an,hr,condition_eclairage,departement,commune,condition_agglomeration,intersection,condition_atmosphere,type_collision,adresse,lattitude,longitude
201400016545,3,6,14,11,1,13,117,2,1,1,1,EUROCOPTER RD20,0.0,0.0
201400016546,5,6,14,8,1,13,117,1,1,1,2,CHEMIN DEPARTEMENTAL RD,0.0,0.0
201400016547,5,6,14,10,1,13,117,1,2,1,3,CHEMIN DEPARTEMENTAL CD,0.0,0.0
201400016548,5,6,14,17,1,13,117,1,1,1,4,ROUTE NATIONALE 113-L'AN,0.0,0.0
201400016549,7,6,14,15,1,13,19,1,1,1,1,ROUTE D'APT,0.0,0.0
201400016550,7,6,14,21,1,13,117,2,1,1,3,"00, PIERRE PLANTEE (ROND",43.44639,5.2484
201400016551,10,6,14,8,1,13,117,2,1,1,2,DROITS DE L'HOMME (AVENU,0.0,0.0
201400016552,10,6,14,16,1,13,71,1,1,1,3,ROUTE NATIONALE 368 (PLA,0.0,0.0
201400016553,11,6,14,17,1,13,117,2,9,1,3,DE LATTRE DE TASSIGNY (,0.0,0.0
201400016554,12,6,14,19,1,13,117,2,9,2,6,LUTHER-KING ( RUE MARTIN,0.0,0.0
201400016555,16,6,14,17,1,13,71,1,1,1,2,ROUTE NATIONALE 368 (PLA,0.0,0.0
201400016556,21,6,14,13,1,13,71,1,1,1,3,BAMBA (LA) - CHEMIN DE B,0.0,0.0
201400016557,22,6,14,14,1,13,117,1,1,1,7,LA BASTIDE BLANCHE CD 9,0.0,0.0
201400016558,25,6,14,6,2,13,19,1,1,2,7,D9,0.0,0.0
201400016559,29,6,14,22,3,13,71,1,1,1,7,"0, VANADES  ( CHEMIN DES",0.0,0.0
201400016560,30,6,14,10,1,13,71,2,1,1,2,TOTAL (RN 113 - LE TUNNE,0.0,0.0
201400016561,30,6,14,18,1,13,117,2,1,1,4,PADOVANI ( AVE ),0.0,0.0
201400016562,2,7,14,5,2,13,117,2,4,1,3,CHEMIN DEPARTEMENTAL CD,43.50006,5.22694
201400016563,5,7,14,20,1,13,117,1,1,1,6,STADIUM (CD9),0.0,0.0
201400016564,8,7,14,17,1,13,117,2,1,1,3,"1071, MONNET (AVENUE JEA",43.42367,5.28428
201400016565,10,7,14,13,1,13,71,2,1,1,7,ROUTE NATIONALE 113 - MO,0.0,0.0
201400016566,10,7,14,20,1,13,117,1,2,1,3,LONDRES (AVENUE DE),43.42719,5.23538
201400016567,11,7,14,14,1,13,19,1,1,1,2,D60 A,0.0,0.0
201400016568,11,7,14,16,1,13,117,2,3,1,3,RHIN DANUBE ( AVENUE ),43.42275,5.27074
201400016569,11,7,14,18,1,13,117,2,1,1,6,FILLE DU PUISATIER ( RUE,0.0,0.0
201400016570,14,7,14,19,1,13,71,2,1,1,2,CD 6,0.0,0.0
201400016571,21,7,14,12,1,13,117,2,6,1,2,INDOCHINE( ROND POINT),43.44414,5.24575
201400016572,26,7,14,16,1,13,19,1,1,1,4,"0, CD6",0.0,0.0
201400016573,28,7,14,22,5,13,117,2,1,1,6,ROUTE NATIONALE 113 - CA,0.0,0.0
201400016574,29,7,14,5,3,13,117,1,1,1,6,CD 9 ESTROUBLANS,0.0,0.0
201400016575,31,7,14,19,1,13,19,2,4,1,3,AVENUE RENE CASSIN,43.46076,5.35361
201400016576,3,8,14,3,5,13,117,2,1,3,6,CHEMIN DEPARTEMENTAL 9 (,0.0,0.0
201400016577,8,8,14,13,1,13,71,1,1,1,1,PENNES AUX PINS ( CHEMIN,0.0,0.0
201400016578,10,8,14,13,1,13,117,1,1,1,6,ROUTE NATIONALE 113 - LA,0.0,0.0
201400016579,14,8,14,19,1,13,71,2,2,1,1,"138, MITTERRAND (AVENUE",43.38536,5.3455
201400016580,14,8,14,18,1,13,117,2,3,1,7,MARSEILLE ( AVENUE DE ),43.44742,5.25509
201400016581,15,8,14,23,5,13,71,1,1,1,3,ROUTE NATIONALE 113 - AG,0.0,0.0
201400016582,18,8,14,18,1,13,117,1,1,1,7,STADIUM (CD9),0.0,0.0
201400016583,21,8,14,15,1,13,117,2,1,1,2,ASSEDIC (DENIS PADOVANI),43.43807,5.25607
201400016584,22,8,14,17,1,13,117,1,3,1,6,STADIUM (CD9),0.0,0.0
201400016585,25,8,14,10,1,13,19,1,3,1,3,ROUTE DE PONT DE BOUC,43.44547,5.37639
201400016586,25,8,14,11,1,13,117,2,3,1,3,PADOVANI ( AVE ),43.43792,5.25649
201400016587,25,8,14,12,1,13,117,2,1,1,3,DROITS DE L'HOMME (AVENU,0.0,0.0
201400016588,26,8,14,7,1,13,117,1,3,1,3,CHEMIN DEPARTEMENTAL 20,43.45401,5.23184
201400016589,26,8,14,17,1,13,117,1,1,1,5,ROUTE DEPARTEMENTALE 20,0.0,0.0
201400016590,27,8,14,20,1,13,71,2,1,1,2,"16, CD 543",43.40434,5.3639
201400016591,30,8,14,11,1,13,19,2,1,1,6,CD6,0.0,0.0
201400016592,30,8,14,12,1,13,71,2,1,1,3,"1, QUICK (CD6)",0.0,0.0
201400016593,2,9,14,10,1,13,71,2,1,1,6,"72, MITTERRAND (AVENUE F",43.37984,5.35078
201400016594,4,9,14,10,1,13,19,2,1,1,2,CHEMIN DU MOULIN DES SON,0.0,0.0
201400016595,4,9,14,13,1,13,19,1,1,1,6,AVENUE DU PLAN DE CAMPAG,0.0,0.0
201400016596,4,9,14,16,1,13,19,1,1,1,6,D9,0.0,0.0
201400016597,5,9,14,16,1,13,117,2,4,1,3,ROUTE NATIONALE 113 - AG,0.0,0.0
201400016598,8,9,14,11,1,13,19,1,2,1,3,ROUTE D'APT,43.44005,5.36179
201400016599,10,9,14,18,1,13,117,2,1,1,3,FONT BLANCHE ( ROND POIN,0.0,0.0
201400016600,16,9,14,8,1,13,117,2,3,1,3,PADOVANI ( AVE ),0.0,0.0
201400016601,17,9,14,15,1,13,117,1,1,1,7,CD 9 ESTROUBLANS,0.0,0.0
201400016602,18,9,14,12,1,13,19,1,3,1,3,AVENUE ETIENNE RABATTU,0.0,0.0
201400016603,18,9,14,16,1,13,71,1,1,1,2,ROUTE NATIONALE 113 - AG,0.0,0.0
201400016604,19,9,14,2,3,13,117,2,1,1,6,CHEMIN DEPARTEMENTAL CD,0.0,0.0
201400016605,19,9,14,9,1,13,117,2,1,3,6,VICTOIRE ( PLACE DE LA ),0.0,0.0
201400016606,19,9,14,12,1,13,117,1,1,1,6,CHEMIN DEPARTEMENTAL 9 (,0.0,0.0
201400016607,21,9,14,13,1,13,19,1,1,1,3,"519, AVENUE EUGENE MIRAB",43.4522,5.38039
201400016608,24,9,14,10,1,13,117,1,1,2,6,EUROCOPTER CD 20,0.0,0.0
201400016609,24,9,14,14,1,13,117,2,1,8,6,CORNICHE (MONTEE DE LA),0.0,0.0
201400016610,24,9,14,14,1,13,117,1,1,8,7,EUROCOPTER CD 20,43.4372,5.23523
201400016611,28,9,14,13,1,13,71,2,1,1,3,PLAN DE CAMPAGNE (AVE. D,0.0,0.0
201400016612,28,9,14,18,1,13,19,2,1,1,2,CHEMIN DE LA GRANDE CAMP,0.0,0.0
201400016613,30,9,14,16,1,13,71,1,1,3,1,CD 543,0.0,0.0
201400016614,1,10,14,20,3,13,71,1,3,1,3,ROUTE NATIONALE 113 - AG,0.0,0.0
201400016615,3,10,14,19,1,13,71,1,1,1,7,CD 6,0.0,0.0
201400016616,4,10,14,17,1,13,71,2,1,1,2,RIGONS ( CHEMIN DES ),0.0,0.0
201400016617,7,10,14,12,1,13,117,2,6,1,1,EUROPE ( AVENUE DE L' ),43.43974,5.24261
201400016618,7,10,14,20,3,13,117,1,1,1,7,"1, AEROPORT(ZONE DE L')",0.0,0.0
201400016619,8,10,14,12,1,13,117,2,1,1,3,SALYENS ( AVENUE DES ),0.0,0.0
201400016620,9,10,14,17,1,13,117,2,1,1,5,ROUTE NATIONALE 113-L'AN,0.0,0.0
201400016621,12,10,14,17,1,13,117,2,2,1,1,SALYENS ( AVENUE DES ),43.44205,5.25299
201400016622,14,10,14,15,1,13,117,2,1,2,1,D55F,0.0,0.0
201400016623,15,10,14,17,1,13,117,1,1,1,4,ROUTE NATIONALE 113-L'AN,0.0,0.0
201400016624,16,10,14,13,1,13,71,2,6,1,3,VELAUX (CHEMIN),43.41486,5.35015
201400016625,16,10,14,17,1,13,117,1,1,1,3,EUROPE ( AVENUE DE L' ),0.0,0.0
201400016626,17,10,14,17,1,13,71,2,1,1,3,HUGO ( AVENUE VICTOR ),0.0,0.0
201400016627,21,10,14,11,1,13,117,1,1,1,2,LA BASTIDE BLANCHE RN 11,0.0,0.0
201400016628,26,10,14,15,1,13,117,1,1,1,7,CHEMIN DEPARTEMENTAL CD,0.0,0.0
201400016629,27,10,14,18,2,13,117,2,3,1,3,MOULIN ( AVENUE JEAN),43.4548,5.24379
201400016630,1,11,14,4,5,13,71,2,1,5,6,"1854, VELAUX (CHEMIN)",43.41966,5.34818
201400016631,3,11,14,8,1,13,71,2,1,2,2,JOYEUX ( AVENUE DES ),0.0,0.0
201400016632,3,11,14,11,1,13,117,2,1,2,3,ROUTE NATIONALE 113-L'AN,0.0,0.0
201400016633,3,11,14,9,1,13,19,1,1,2,7,CHEMIN DE LA GRANDE CAMP,0.0,0.0
201400016634,6,11,14,8,1,13,19,1,1,1,2,ROUTE D'APT,0.0,0.0
201400016635,10,11,14,8,1,13,19,1,1,8,1,ROUTE D'APT,0.0,0.0
201400016636,10,11,14,8,1,13,117,2,1,8,7,CUGNOT ( AVENUE JOSEPH ),0.0,0.0
201400016637,10,11,14,10,1,13,117,1,1,8,7,STADIUM (CD9),0.0,0.0
201400016638,12,11,14,11,1,13,19,2,1,2,6,ROUTE D'APT,0.0,0.0
201400016639,11,11,14,15,1,13,71,1,1,2,3,"1448, CD 6",0.0,0.0
201400016640,12,11,14,8,1,13,117,2,9,3,6,CHEMIN DEPARTEMENTAL 9 (,43.42864,5.27221
201400016641,12,11,14,20,5,13,71,2,1,1,6,ROUTE NATIONALE 113 - AG,0.0,0.0
201400016642,14,11,14,13,1,13,71,2,2,1,3,VIEILLE ROUTE DE LA GAVO,43.39077,5.34173
201400016643,15,11,14,11,1,13,19,2,1,2,7,CD6,0.0,0.0
201400016644,15,11,14,14,1,13,19,1,1,2,5,ROUTE D'APT,0.0,0.0
201400016645,15,11,14,14,1,13,71,1,1,1,3,PLAN DE CAMPAGNE,0.0,0.0
201400016646,15,11,14,21,5,13,19,2,3,8,3,AVENUE MARECHAL LECLERC,43.46493,5.34839
201400016647,15,11,14,23,5,13,71,2,9,8,1,VELAUX (CHEMIN),0.0,0.0
201400016648,17,11,14,15,1,13,117,2,1,1,2,MONTICELLI ( RUE ADOLPHE,0.0,0.0
201400016649,20,11,14,12,1,13,71,2,3,1,3,"17-19, MITTERRAND (AVENU",43.37714,5.35279
201400016650,21,11,14,9,1,13,71,1,1,1,2,RD113/RD6/RD368 Rd point,43.40944,5.32505
201400016651,21,11,14,11,1,13,117,2,2,1,3,SALYENS ( AVENUE DES ),43.44207,5.25297
201400016652,21,11,14,16,1,13,117,1,1,1,3,EUROPE (AVENUE DE L'),0.0,0.0
201400016653,23,11,14,14,1,13,71,1,1,1,6,PLAN DE CAMPAGNE,0.0,0.0
201400016654,24,11,14,17,3,13,117,1,1,1,4,ROUTE NATIONALE 113-L'AN,0.0,0.0
201400016655,25,11,14,11,1,13,117,1,1,2,6,EUROCOPTER CD 20,0.0,0.0
201400016656,27,11,14,8,1,13,117,2,1,1,3,DROITS DE L'HOMME (AVENU,0.0,0.0
201400016657,27,11,14,14,1,13,117,2,1,2,2,PADOVANI ( AVE ),0.0,0.0
201400016658,27,11,14,17,2,13,19,1,1,2,6,ROUTE D'APT,0.0,0.0
201400016659,28,11,14,18,3,13,117,2,1,1,2,ROUTE NATIONALE 113 - CA,0.0,0.0
201400016660,28,11,14,19,3,13,117,1,1,1,2,ROUTE NATIONALE 113 - CA,0.0,0.0
201400016661,29,11,14,11,1,13,117,2,2,1,3,LONDRES (AVENUE DE),43.42708,5.23511
201400016662,29,11,14,13,1,13,71,1,1,1,3,CD 6,0.0,0.0
201400016663,1,12,14,12,1,13,117,2,1,2,7,CHEMIN DEPARTEMENTAL 9 (,0.0,0.0
201400016664,2,12,14,8,1,13,117,1,1,1,7,STADIUM (CD9),0.0,0.0
201400016665,1,12,14,13,1,13,19,1,2,2,3,"2, ROUTE D'APT",43.44004,5.3617
201400016666,2,12,14,11,1,13,117,2,1,1,6,"40, PADOVANI ( AVE )",43.43621,5.25822
201400016667,2,12,14,18,5,13,117,1,1,1,4,ROUTE NATIONALE 113 - CA,0.0,0.0
201400016668,3,12,14,15,1,13,71,2,3,1,3,PLAN DE CAMPAGNE (AVE. D,0.0,0.0
201400016669,3,12,14,17,1,13,71,2,1,1,5,CHEMIN DEPARTEMENTAL 6 (,0.0,0.0
201400016670,4,12,14,7,1,13,71,1,1,1,2,VERSAILLES (ROND POINT D,0.0,0.0
201400016671,4,12,14,19,5,13,117,2,3,2,1,SEYSSAUD ( RUE RENE ),43.44041,5.25721
201400016672,9,12,14,19,5,13,117,2,6,1,6,VALERY ( RUE PAUL ),43.44627,5.24998
201400016673,12,12,14,18,3,13,117,1,1,1,3,"D9B1, CD 9 ESTROUBLANS",0.0,0.0
201400016674,17,12,14,8,1,13,71,2,9,1,3,ROUTE NATIONALE 113 - RE,0.0,0.0
201400016675,17,12,14,16,1,13,117,1,1,1,5,CHEMIN DEPARTEMENTAL 9 (,0.0,0.0
201400016676,17,12,14,18,5,13,19,1,1,1,1,ROUTE D'APT,0.0,0.0
201400016677,17,12,14,18,5,13,71,2,1,1,6,AVENUE BARREAU NORD-SUD,0.0,0.0
201400016678,18,12,14,19,5,13,117,2,1,1,5,CHEMIN DEPARTEMENTAL 9 (,0.0,0.0
201400016679,18,12,14,19,3,13,117,1,1,1,4,CHEMIN DEPARTEMENTAL 9 (,0.0,0.0
201400016680,26,12,14,17,2,13,71,2,1,1,6,REPUBLIQUE ( RUE DE LA ),43.40998,5.30907
201400016681,19,1,14,16,1,68,22,1,1,8,3,,47.82108,7.39355
201400016682,7,2,14,18,3,68,252,1,1,1,4,,48.14841,7.36947
201400016683,8,2,14,14,1,68,295,1,1,2,6,,48.01463,7.37338
201400016684,12,2,14,19,3,68,295,1,1,1,5,,48.0181,7.37424
201400016685,27,2,14,20,3,68,113,1,1,2,2,,48.17798,7.38195
201400016686,7,3,14,6,3,68,205,1,1,1,2,,47.93216,7.36
201400016687,2,4,14,7,1,68,242,1,1,1,2,,47.97614,7.37339
201400016688,16,4,14,6,3,68,205,1,1,1,2,,47.92491,7.35979
201400016689,20,4,14,7,2,68,82,1,1,1,6,,47.85434,7.39417
201400016690,16,5,14,4,3,68,252,1,1,1,7,,48.1385,7.36515
201400016691,18,5,14,11,1,68,82,1,1,1,6,,47.88746,7.37849
201400016692,29,5,14,18,1,68,66,1,1,1,7,,48.15821,7.37914
201400016693,6,6,14,15,1,68,205,1,1,1,4,,47.93055,7.35977
201400016694,12,6,14,8,1,68,252,1,1,1,6,,48.14629,7.36885
201400016695,13,6,14,23,3,68,266,1,1,1,6,,47.89555,7.37375
201400016696,18,6,14,8,1,68,22,1,1,1,2,,47.8191,7.39321
201400016697,29,6,14,22,3,68,113,1,1,2,6,,48.18875,7.39265
201400016698,6,8,14,15,1,68,66,1,1,1,7,,48.09517,7.38231
201400016699,18,9,14,4,3,68,82,1,1,1,2,,47.90466,7.36811
201400016700,9,10,14,10,1,68,37,1,1,1,6,,47.96945,7.37145
201400016701,13,10,14,12,1,68,146,1,1,1,2,,48.12282,7.36514
201400016702,30,10,14,7,2,68,205,1,1,1,6,,47.92331,7.36029
201400016703,10,11,14,6,2,68,295,1,2,2,3,,47.99556,7.38103
201400016704,15,11,14,10,1,68,66,1,1,8,7,,48.06691,7.38347
201400016705,26,11,14,8,1,68,82,1,1,1,5,,47.88352,7.38097
201400016706,2,12,14,1,3,68,113,1,1,2,6,,48.18727,7.39109
201400016707,18,12,14,22,3,68,22,1,1,1,2,,47.83187,7.39408
201400016708,1,1,14,14,1,78,356,1,1,2,6,,0.0,0.0
201400016709,25,1,14,19,3,78,356,1,1,5,1,,48.74,2.06999
201400016710,12,2,14,7,1,78,356,1,1,9,1,,0.0,0.0
201400016711,28,2,14,19,3,78,143,1,1,2,1,,0.0,0.0
201400016712,5,5,14,16,1,78,406,2,1,1,1,CD 46,48.733,2.008
201400016713,10,7,14,9,1,78,356,1,1,2,3,,0.0,0.0
201400016714,25,7,14,9,1,78,356,1,4,1,1,,48.744,2.04199
201400016715,1,8,14,17,1,78,356,1,1,1,7,,0.0,0.0
201400016716,3,8,14,9,1,78,561,1,1,1,2,,48.741,2.016
201400016717,5,8,14,21,1,78,356,1,1,1,7,,48.744,2.096
201400016718,17,9,14,8,1,78,356,1,1,1,6,,48.745,2.037
201400016719,18,5,14,11,1,33,191,1,1,1,6,,0.0,0.0
201400016720,8,8,14,8,1,33,447,1,1,2,2,,0.0,0.0
201400016721,20,6,14,14,1,72,191,1,1,1,6,,0.0,0.0
201400016722,18,7,14,9,1,72,124,1,1,1,2,,0.0,0.0
201400016723,23,9,14,10,1,72,47,1,1,1,6,,0.0,0.0
201400016724,27,9,14,8,3,72,231,1,1,1,6,,0.0,0.0
201400016725,15,10,14,7,3,72,191,1,1,1,6,,0.0,0.0
201400016726,2,12,14,9,1,72,54,1,1,8,3,,48.014,0.312
201400016727,18,2,14,10,1,72,351,1,1,8,3,,0.0,0.0
201400016728,3,3,14,12,1,72,261,1,1,8,5,,0.0,0.0
201400016729,6,3,14,15,1,72,351,1,1,1,3,,0.0,0.0
201400016730,6,6,14,7,1,72,315,2,1,1,6,RUE GRASBY,0.0,0.0
201400016731,5,9,14,14,1,72,24,1,1,1,5,,48.1161,0.14712
201400016732,18,9,14,18,1,72,315,1,1,1,1,,0.0,0.0
201400016733,15,9,14,19,1,72,89,1,1,1,1,,0.0,0.0
201400016734,19,10,14,1,3,72,256,1,1,1,6,,0.0,0.0
201400016735,28,10,14,11,1,72,255,1,9,5,3,,48.171,-0.169
201400016736,21,8,14,19,1,95,392,2,1,1,1,R DE L'ABBAYE DU VAL,49.0759,2.2157
201400016737,18,9,14,19,1,95,394,2,1,1,3,AV DE LA LIBERATION,49.0542,2.1944
201400016738,22,9,14,13,1,95,394,2,1,1,1,CHE DES BOEUFS,49.0551,2.1714
201400016739,7,10,14,17,1,95,394,2,1,1,2,R JEAN BRESTEL,49.0533,2.1909
201400016740,26,11,14,18,5,95,394,2,1,2,6,AV DE LA LIBERATION,49.0521,2.1971
201400016741,10,1,14,16,1,72,97,1,1,5,6,,0.0,0.0
201400016742,23,7,14,14,1,72,380,1,1,1,6,,0.0,0.0
201400016743,30,7,14,16,1,72,56,1,1,1,6,,0.0,0.0
201400016744,9,10,14,15,1,72,308,1,1,1,6,,48.419,0.148
201400016745,17,1,14,3,3,49,308,1,1,1,6,,47.39934,-0.51474
201400016746,28,2,14,6,3,49,71,1,1,2,6,A87,47.24108,-0.64833
201400016747,28,2,14,16,1,49,92,1,1,6,7,A87,47.22999,-0.75274
201400016748,20,3,14,15,1,49,355,1,1,1,2,A87,47.13642,-0.82466
201400016749,3,4,14,12,1,49,99,1,1,8,7,A87,47.01179,-0.88867
201400016750,17,5,14,17,1,49,92,1,1,1,7,,47.22858,-0.75443
201400016751,31,8,14,14,1,49,92,1,1,1,7,,47.24483,-0.68203
201400016752,7,10,14,7,3,49,92,1,1,3,2,,47.16515,-0.75368
201400016753,28,11,14,7,2,49,27,1,1,1,3,,47.13698,-0.95676
201400016754,12,12,14,17,3,49,74,1,1,2,2,,47.15875,-0.81562
201400016755,15,1,14,7,3,24,373,1,1,1,6,,44.689,0.475
201400016756,14,1,14,17,1,24,549,1,1,1,6,LES DURANDS,44.7637,0.30265
201400016757,11,2,14,10,1,24,186,1,1,1,1,LE PETIT LAC,44.7129,0.41191
201400016758,18,4,14,19,1,24,225,2,8,7,3,LE BOURG,44.8426,0.37969
201400016759,30,4,14,23,3,24,357,1,1,1,6,LA BRANDE,44.7707,0.45633
201400016760,20,5,14,5,5,24,168,1,2,1,3,LA HALTE D'EYRENVILLE,44.704,0.56335
201400016761,7,8,14,20,1,24,532,1,2,1,3,MOULIN NEUF,44.6691,0.46533
201400016762,7,8,14,17,1,24,274,1,1,1,3,,44.8001,0.46402
201400016763,12,8,14,16,1,24,225,1,1,1,2,SAINT GEORGES,44.841,0.39003
201400016764,1,11,14,0,3,24,186,1,1,1,1,LE TUQUET,44.7061,0.42085
201400016765,18,12,14,2,3,24,357,2,1,2,6,PLAN DU CASSE,44.7913,0.45378
201400016766,8,2,14,18,5,68,375,2,3,2,6,148 RUE DE REININGUE,47.79021,7.22714
201400016767,31,3,14,17,1,68,375,1,1,1,3,,47.81635,7.26725
201400016768,17,5,14,15,1,68,375,2,1,1,7,2a rue de STAFFELFELDEN,47.81015,7.2405
201400016769,13,10,14,9,1,68,375,1,1,3,1,,47.81465,7.2639
201400016770,24,12,14,10,1,68,375,2,1,1,1,Route du Wahlweg,0.0,0.0
201400016771,28,2,14,20,3,19,287,1,1,3,3,SENS BORDEAUX > CLERMONT,45.3707,1.96032
201400016772,20,4,14,10,1,19,176,1,1,2,7,SENS CLERMONT - BORDEAUX,45.3982,1.98623
201400016773,17,7,14,13,1,19,207,1,1,1,2,SENS CLERMONT - BORDEAUX,45.2927,1.63977
201400016774,31,8,14,14,1,19,176,1,1,1,6,SENS CLERMONT > BORDEAUX,45.3983,1.98633
201400016775,21,11,14,22,3,19,234,1,1,1,2,BARREAU A20 - A89,45.2928,1.59723
201400016776,17,3,14,10,1,67,388,1,1,1,6,"PV,SENS FROESCHW./REICHS",0.0,0.0
201400016777,15,4,14,10,1,67,388,1,1,1,7,,0.0,0.0
201400016778,8,5,14,18,1,67,238,2,1,1,6,15A rue de Bitschhoffen,0.0,0.0
201400016779,8,6,14,17,1,67,324,1,3,1,1,,0.0,0.0
201400016780,22,6,14,17,1,67,388,1,1,1,1,,0.0,0.0
201400016781,7,8,14,9,1,67,48,1,1,1,7,,0.0,0.0
201400016782,17,9,14,16,1,67,174,2,1,1,3,RUE PRINCIPALE,0.0,0.0
201400016783,5,11,14,12,1,67,238,1,1,2,7,,0.0,0.0
201400016784,28,11,14,21,5,67,388,2,9,1,3,6 rue du g?n?ral Koenig,0.0,0.0
201400016785,1,1,14,1,5,14,167,1,1,1,6,"0, CD N  226 A",49.2042,-0.31093
201400016786,9,1,14,14,1,14,118,2,3,1,3,"0, GUILLOU (BOULEVARD YV",49.1772,-0.36737
201400016787,14,1,14,7,2,14,327,2,2,8,3,GAULLE (AVENUE DU GENERA,49.2126,-0.34202
201400016788,17,1,14,17,1,14,566,2,1,8,6,"21, ARDENNES ( RUE D')",49.2127,-0.40493
201400016789,17,1,14,20,5,14,587,1,1,1,5,ECHANGEUR N  7 ( CHEMIN,49.1912,-0.4182
201400016790,19,1,14,20,5,14,101,1,1,1,6,"0, RN 814",49.1655,-0.42917
201400016791,24,1,14,4,5,14,118,2,2,1,1,"0, BAYEUX (RUE DE  <= 14",49.1833,-0.38702
201400016792,26,1,14,5,5,14,437,1,1,1,6,ECHANGEUR N  01 ( PORTE,49.1692,-0.30208
201400016793,28,1,14,1,5,14,118,1,1,1,6,RN 814,49.1984,-0.37372
201400016794,4,2,14,12,1,14,118,2,2,7,6,"1, LEBISEY (RUE DE)",49.1913,-0.35733
201400016795,6,2,14,12,1,14,118,2,1,2,6,"0, SOHIER (PASSAGE)",49.1842,-0.36039
201400016796,12,2,14,16,1,14,118,2,1,3,6,"1, PAIX (ESPLANADE DE LA",49.1888,-0.36393
201400016797,28,2,14,9,1,14,327,2,2,8,2,"1, GARBSEN (AVENUE DE)",49.2154,-0.34808
201400016798,28,2,14,7,2,14,118,2,1,1,2,ROUTE NATIONALE 814,49.2015,-0.3669
201400016799,5,3,14,7,1,14,118,2,1,1,1,"1, CHAMPLAIN (PLACE)",49.1976,-0.34742
201400016800,10,3,14,18,1,14,101,2,3,1,6,"0, BRETAGNE (ROUTE DE )",49.1652,-0.41749
201400016801,14,3,14,12,1,14,327,2,2,1,3,"0, GAULLE (AVENUE DU GEN",49.2126,-0.34202
201400016802,21,3,14,12,1,14,137,1,3,1,3,"0, MONTS PANNEAUX (RUE D",49.1923,-0.44366
201400016803,21,3,14,4,5,14,437,2,1,1,2,"1, MONTALIVET (COURS)",49.1822,-0.32224
201400016804,30,3,14,6,5,14,341,1,1,1,6,ECHANGEUR N  13 ( PORTE,49.1462,-0.32987
201400016805,3,4,14,21,5,14,118,2,1,1,3,"1, JUIN (BD MARECHAL",49.1965,-0.39666
201400016806,6,4,14,15,1,14,118,2,2,1,3,HAVRE (RUE DU),49.1795,-0.3576
201400016807,10,4,14,19,1,14,327,1,1,1,2,RD 515 (ROUTE DE OUISTRE,49.2174,-0.31851
201400016808,11,4,14,22,5,14,118,2,2,1,3,CARREFOUR CYGNE DE CROIX,49.1705,-0.35332
201400016809,16,4,14,17,1,14,118,2,1,1,6,"1, JUIN (BOULEVARD MAREC",49.2097,-0.37106
201400016810,21,4,14,18,1,14,118,2,1,1,6,"104, SAINT MARTIN (RUE)",49.1825,-0.37375
201400016811,22,4,14,8,1,14,118,2,1,1,1,"1, MORICE (AVENUE PROFES",49.2062,-0.35207
201400016812,17,4,14,12,1,14,181,1,1,1,2,ECHANGEUR N  14 ( CORMEL,49.148,-0.32223
201400016813,6,4,14,11,1,14,118,2,1,1,6,"0, HAMELIN (QUAI AMIRAL)",0.0,0.0
201400016814,18,5,14,3,5,14,327,2,1,1,6,"0, TSUKUBA (AVENUE DE)",0.0,0.0
201400016815,20,5,14,15,1,14,327,2,1,1,4,"0, GAULLE (AVENUE DU GEN",49.2128,-0.34176
201400016816,20,5,14,20,1,14,101,1,1,1,6,RN 814,49.1639,-0.42813
201400016817,12,5,14,17,1,14,118,2,2,1,1,"0, CALMETTE (RUE DOCTEUR",49.1937,-0.34792
201400016818,23,5,14,12,1,14,437,2,1,1,6,"31 BIS, EGLISE (RUE DE L",49.1793,-0.30027
201400016819,27,5,14,20,1,14,271,2,1,1,2,"25 BIS, HARCOURT (ROUTE",49.15,-0.37173
201400016820,28,5,14,13,1,14,118,2,2,1,3,"1, SAINT JEAN (RUE DE 1",49.1795,-0.35758
201400016821,30,5,14,14,1,14,437,2,1,1,3,"54, MENDES FRANCE  (AVEN",49.17,-0.32355
201400016822,28,5,14,17,1,14,271,2,1,1,6,"0, ROUZIERE (RUE SERGE)",49.1474,-0.37737
201400016823,12,6,14,16,1,14,167,2,6,1,2,ROND POINT LAZARRO,49.1993,-0.29281
201400016824,14,6,14,2,5,14,327,1,1,1,2,RN 814,49.1875,-0.33064
201400016825,17,6,14,17,1,14,437,2,1,1,3,"54, MENDES FRANCE  (AVEN",49.1699,-0.32309
201400016826,18,6,14,17,1,14,118,2,6,1,2,"1, POMPIDOU (BOULEVARD G",49.1816,-0.40051
201400016827,20,6,14,20,1,14,118,2,1,1,6,"0, FRANCOIS MITTERAND (Q",49.1824,-0.35168
201400016828,11,6,14,12,1,14,327,2,1,1,6,BOULEVARD DES ORMES,49.2092,-0.32459
201400016829,29,6,14,17,1,14,118,2,1,1,6,CARNOT (RUE SADI),0.0,0.0
201400016830,17,6,14,18,1,14,327,1,1,1,4,RN 814,0.0,0.0
201400016831,11,4,14,19,1,14,437,2,1,1,7,RUE BRI?RE,49.1744,-0.31151
201400016832,11,7,14,6,1,14,118,2,1,1,6,"0, MONTMORENCY (QUARTIER",49.1872,-0.33516
201400016833,21,6,14,17,1,14,118,2,1,1,3,?CHANGEUR 5,49.2028,-0.35775