Num_Acc,jour,mois,an,hr,condition_eclairage,departement,commune,condition_agglomeration,intersection,condition_atmosphere,type_collision,adresse,lattitude,longitude
201400016834,6,8,14,0,3,14,137,1,3,1,2,CAUMONT (ROUTE DE ),49.1827,-0.46744
201400016835,4,7,14,21,1,14,437,2,1,1,7,PASTEUR (RUE),49.1811,-0.31841
201400016836,9,8,14,5,5,14,167,2,1,1,3,JEAN JAURES (RUE ),49.2016,-0.30211
201400016837,9,8,14,23,5,14,242,2,2,1,3,"1, RD N  7 (DE CAEN A DO",49.2225,-0.36837
201400016838,13,8,14,10,1,14,327,1,3,1,3,"1, CD N  226 B",49.2078,-0.31728
201400016839,14,8,14,5,5,14,118,2,3,1,3,DELIVRANDE (RUE DE LA),49.1927,-0.35975
201400016840,21,8,14,18,1,14,118,2,1,1,6,"28, EPARGNE (RUE DE L')",0.0,0.0
201400016841,31,8,14,18,1,14,327,2,1,1,6,"1, VAL (BLD DU )",49.205,-0.32599
201400016842,3,9,14,17,1,14,341,2,3,1,3,"7, DRONNIERE (RUE DE LA)",49.1394,-0.33763
201400016843,2,9,14,17,1,14,271,1,6,1,6,ECHANGEUR 11,49.1356,-0.3767
201400016844,7,9,14,22,5,14,118,2,2,1,6,CLEMENCEAU (AVENUE GEORG,49.1906,-0.34265
201400016845,8,9,14,16,1,14,341,1,6,1,3,"0, ADER ( BD CLEMENT )",49.1393,-0.33031
201400016846,6,9,14,16,1,14,118,2,1,1,6,"0, BALADAS (BOULEVARD DE",0.0,0.0
201400016847,16,9,14,23,5,14,118,2,1,1,7,ALLIES (BOULEVARD DES,49.1838,-0.35992
201400016848,13,9,14,18,1,14,118,2,6,1,3,"1, COURSEULLES (AVENUE D",49.2062,-0.37662
201400016849,24,9,14,1,5,14,118,2,1,1,6,"15, ISIGNY (RUE D')",49.19,-0.40166
201400016850,29,9,14,19,5,14,167,2,1,1,3,LEON BLUM (AVENUE,49.2043,-0.29422
201400016851,1,10,14,23,5,14,327,1,1,1,2,RN 814,49.1934,-0.33614
201400016852,1,10,14,12,1,14,118,2,3,1,1,"1, VANIER (BOULEVARD GEN",49.1991,-0.34683
201400016853,3,10,14,17,1,14,118,2,1,1,6,"0, GEOLE (RUE DE)",49.185,-0.36267
201400016854,2,10,14,7,1,14,437,1,3,1,3,"1, MONTALIVET (COURS)",49.1828,-0.31925
201400016855,6,10,14,20,5,14,118,2,1,1,6,"1, SOREL (AVENUE ALBERT)",49.1762,-0.37122
201400016856,24,9,14,11,1,14,118,2,1,1,3,AV NICOLAS COPERNIC,49.1996,-0.35462
201400016857,8,10,14,8,3,14,118,2,1,2,6,"125, FALAISE (RUE DE >=9",49.169,-0.35243
201400016858,9,10,14,16,1,14,215,2,1,1,3,"0, SCHOEFFLER ( PLACE AN",49.1923,-0.2634
201400016859,12,10,14,5,5,14,301,2,1,8,6,"21, MONTAGNE (RUE DE LA)",0.0,0.0
201400016860,13,10,14,8,1,14,118,2,2,1,1,GAULLE (AVENUE DU GENERA,49.2055,-0.3506
201400016861,15,10,14,16,1,14,118,2,1,8,6,"121, DOUMER (RUE PAUL)",0.0,0.0
201400016862,30,10,14,17,1,14,167,2,2,1,1,"1, LEON BLUM (AVENUE)",49.2045,-0.29101
201400016863,5,11,14,14,1,14,327,1,1,1,2,"1, RD 515 (ROUTE DE OUIS",49.2047,-0.32264
201400016864,6,11,14,23,5,14,118,2,1,1,1,"1, DELIVRANDE (RUE DE LA",49.1963,-0.36008
201400016865,2,11,14,20,5,14,118,2,1,2,7,"1, DUNOIS (BOULEVARD)",49.1833,-0.38704
201400016866,17,11,14,6,5,14,301,2,3,2,3,"1, COLOMBELLES CD N  230",49.1686,-0.28322
201400016867,26,11,14,21,5,14,437,2,1,1,1,"1, MENDES FRANCE  (AVENU",49.1714,-0.32773
201400016868,3,12,14,8,2,14,118,2,1,1,6,"125, BAYEUX (RUE DE  <=",0.0,0.0
201400016869,3,12,14,23,5,14,118,2,1,1,6,"1, SAINT PIERRE (PLACE)",0.0,0.0
201400016870,6,12,14,19,5,14,118,2,2,1,6,CHEMIN VERT (RUE DU >= N,0.0,0.0
201400016871,5,12,14,20,4,14,437,2,2,2,3,ROCHES (RUE DES),0.0,0.0
201400016872,14,12,14,6,5,14,118,2,1,1,6,"138, CHERON (AVENUE HENR",0.0,0.0
201400016873,17,12,14,8,4,14,118,2,1,2,6,"1, MONTALIVET (COURS)",0.0,0.0
201400016874,17,12,14,16,1,14,118,2,1,1,6,"0, SAINT JEAN (RUE DE 1",0.0,0.0
201400016875,18,12,14,11,1,14,118,1,1,2,5,ROUTE NATIONALE 814,0.0,0.0
201400016876,21,12,14,7,5,14,118,2,2,1,3,"0, BASSE (RUE >= 93 IMPA",0.0,0.0
201400016877,28,12,14,6,5,14,118,2,1,1,6,"1, VENDEUVRE (QUAI)",0.0,0.0
201400016878,31,10,14,16,1,89,276,2,1,1,5,RN 77,48.04229,3.79172
201400016879,9,1,14,15,1,31,454,1,1,1,1,,0.0,0.0
201400016880,13,1,14,8,1,31,454,1,2,2,3,,0.0,0.0
201400016881,17,5,14,16,1,31,269,1,1,1,3,,0.0,0.0
201400016882,31,5,14,0,3,31,547,2,1,8,6,RUE EDMOND ROSTAND,43.49561,1.3171
201400016883,31,5,14,3,3,31,419,1,1,7,7,,43.4172,1.03651
201400016884,17,8,14,20,1,31,547,1,1,1,6,730 ch de vallesville,43.51076,1.25425
201400016885,19,10,14,6,3,31,454,1,1,1,6,,43.43543,1.13475
201400016886,4,1,14,12,1,14,225,2,3,8,3,MAURICE THOREZ (BLD),49.2847,-0.10243
201400016887,28,1,14,17,2,14,225,2,1,8,6,MAURICE THOREZ (BLD),49.2883,-0.09908
201400016888,14,2,14,14,1,14,225,1,1,2,6,SARLABOT (COTE),49.2836,-0.08285
201400016889,23,1,14,13,1,14,225,2,1,1,2,FRANCOIS MITTERAND (AVEN,49.2789,-0.09514
201400016890,24,3,14,9,1,14,225,2,1,1,2,GAULLE (RUE DU GAL),49.2854,-0.11014
201400016891,26,4,14,11,1,14,338,2,1,1,2,BAINS (RUE DES),49.3007,-0.08277
201400016892,5,5,14,13,1,14,225,2,1,1,3,"105, GAULLE (RUE DU GAL)",49.2852,-0.10889
201400016893,20,5,14,8,1,14,117,2,1,8,2,GENERAL LECLERC (AVENUE,49.2868,-0.11712
201400016894,23,7,14,17,1,14,225,2,1,1,1,FRANCOIS MITTERAND (AVEN,49.2807,-0.09577
201400016895,4,8,14,13,1,14,117,2,6,2,3,"16, CHARLES DE GAULLE (A",49.2875,-0.12344
201400016896,12,8,14,11,1,14,117,2,1,1,3,GENERAL LECLERC (AVENUE,49.2868,-0.11729
201400016897,26,8,14,9,1,14,225,2,2,1,3,MAURICE THOREZ (BLD),49.2909,-0.09606
201400016898,3,9,14,15,1,14,225,1,1,1,2,LISIEUX (ROUTE DE),49.2826,-0.08144
201400016899,26,7,14,20,1,14,117,2,1,7,7,"14, GENERAL LECLERC (AVE",49.2863,-0.11347
201400016900,18,9,14,18,1,14,117,2,2,1,3,MAURICE DUVAL (RUE),0.0,0.0
201400016901,14,10,14,15,1,14,225,1,1,1,7,"00, SARLABOT (COTE)",49.2889,-0.08932
201400016902,19,10,14,18,1,14,117,2,6,1,3,"28, CHARLES DE GAULLE (A",49.2871,-0.12623
201400016903,13,11,14,15,1,14,225,2,6,1,6,SARLABOT (COTE),49.2862,-0.091
201400016904,6,12,14,17,5,14,225,2,1,1,7,LIBERTE (AVENUE DE LA),0.0,0.0
201400016905,25,2,14,11,1,30,34,1,3,2,1,,43.76184,4.52514
201400016906,19,3,14,17,1,30,135,2,1,1,3,RD999 et RD 763,43.83041,4.5634
201400016907,30,4,14,7,1,30,135,1,1,1,1,,43.82853,4.59106
201400016908,21,7,14,14,1,30,60,2,3,1,3,CD 135,43.79251,4.38236
201400016909,30,7,14,1,3,30,34,1,1,1,6,,43.76848,4.47402
201400016910,5,10,14,16,1,30,60,2,1,1,2,98 route de saint gilles,43.7905,4.38665
201400016911,13,11,14,22,3,30,135,1,1,1,6,,43.83122,4.58202
201400016912,16,11,14,19,3,30,34,1,1,1,6,,43.73945,4.47547
201400016913,14,12,14,3,3,30,34,1,1,1,6,,43.77054,4.53385
201400016914,25,12,14,13,1,30,47,1,1,1,1,,43.80028,4.40985
201400016915,21,12,14,16,1,30,125,1,2,7,3,,43.77621,4.42754
201400016916,18,4,14,21,5,88,65,2,1,1,3,3 rue de mirecourt,48.09839,6.05686
201400016917,29,7,14,18,1,88,450,1,1,1,3,,47.98642,5.7952
201400016918,18,5,14,13,1,80,237,1,2,1,1,,49.8277,4.77357
201400016919,7,6,14,11,1,80,328,2,2,1,3,Rue des M?sanges,0.0,0.0
201400016920,8,6,14,9,1,80,448,1,1,1,1,,49.886,4.80684
201400016921,9,6,14,1,3,80,302,2,1,1,6,LES WOIRIES,49.9072,4.74771
201400016922,19,7,14,14,1,80,302,1,1,1,6,,0.0,0.0
201400016923,14,10,14,14,3,80,139,1,1,8,6,,0.0,0.0
201400016924,5,11,14,21,5,80,328,2,1,1,6,191 RUE JEAN JAURES,49.8173,4.76888
201400016925,21,12,14,16,5,80,218,2,1,1,6,30 BIS RUE DU RAUTOU,49.8797,4.84517
201400016926,13,1,14,18,3,80,460,1,1,2,3,,49.862,4.51
201400016927,1,6,14,12,1,80,206,2,1,1,6,route de Lonny,0.0,0.0
201400016928,16,6,14,7,1,80,260,2,1,1,3,ROUTE DE LAON,49.8133,4.58301
201400016929,2,7,14,11,1,80,155,1,1,1,3,,49.8605,4.4479
201400016930,16,7,14,14,1,80,340,2,2,1,3,CD925-PK5,0.0,0.0
201400016931,12,11,14,9,1,80,239,2,1,1,3,,0.0,0.0
201400016932,21,12,14,12,1,80,314,2,1,1,6,22 RUE FREDERIC PATE,49.408,4.31187
201400016933,9,3,14,15,1,80,419,2,1,1,6,Ruelle de Cour Rogelet,0.0,0.0
201400016934,13,5,14,16,1,80,262,1,1,2,6,,49.541,4.46491
201400016935,17,6,14,12,1,80,113,1,1,1,7,,49.6274,4.2145
201400016936,3,8,14,19,1,80,329,1,1,1,7,,0.0,0.0
201400016937,7,8,14,20,1,80,102,1,1,8,7,,49.6088,4.32158
201400016938,14,9,14,5,5,80,402,2,1,1,6,,0.0,0.0
201400016939,30,10,14,11,1,80,185,2,4,1,3,RUE DES EVIGNES,49.9911,4.69589
201400016940,23,11,14,4,3,80,363,1,1,5,7,,49.9082,4.68808
201400016941,8,3,14,14,1,80,28,2,1,7,3,7 RUE MARECHAL FOCH,50.1026,4.76326
201400016942,3,8,14,12,1,80,183,2,1,1,2,RD 46,50.1307,4.84718
201400016943,27,11,14,2,3,80,122,1,1,1,6,,50.1251,4.7952
201400016944,4,5,14,21,2,80,37,2,1,1,2,,0.0,0.0
201400016945,17,5,14,23,3,80,37,1,1,1,6,,0.0,0.0
201400016946,18,9,14,11,1,80,282,2,1,1,7,7 RUE DE CHARLEVILLE-MEZ,49.8693,4.42749
201400016947,5,10,14,5,5,80,53,2,1,3,6,24 RUE DU FOUR,49.6735,4.97863
201400016948,23,11,14,5,5,80,475,2,1,1,6,"14, RUE DE LA BARRIERE",49.7158,5.03457
201400016949,10,4,14,10,1,80,119,1,1,1,1,,0.0,0.0
201400016950,5,8,14,18,1,80,357,1,1,1,7,,49.6632,4.97339
201400016951,9,8,14,18,1,80,23,1,2,1,3,,49.5742,4.86917
201400016952,17,8,14,10,1,80,191,2,4,1,3,RUE DES SABOTIERS,49.7225,4.98872
201400016953,28,9,14,20,3,80,354,1,1,1,2,,49.5734,4.96071
201400016954,5,10,14,12,1,80,391,1,1,1,6,,49.7541,4.93801
201400016955,6,11,14,14,1,80,357,2,1,1,7,,49.6528,4.99365
201400016956,7,2,14,20,3,80,164,1,1,2,6,,49.3953,4.73332
201400016957,4,5,14,15,1,80,490,2,1,1,6,rue albert caquot,0.0,0.0
201400016958,5,5,14,11,1,80,490,2,1,1,6,Rue Chanzy,0.0,0.0
201400016959,26,6,14,0,3,80,443,1,1,1,6,,0.0,0.0
201400016960,18,7,14,18,1,80,103,1,1,7,3,,0.0,0.0
201400016961,31,8,14,17,1,80,320,1,1,1,7,,49.3498,4.44792
201400016962,15,9,14,8,1,80,97,2,1,1,6,23 RUE REMUAT,49.3132,4.71242
201400016963,17,12,14,11,1,80,490,1,2,3,3,,49.4117,4.72105
201400016964,29,6,14,6,2,80,116,1,1,3,6,,0.0,0.0
201400016965,24,8,14,17,1,80,405,1,1,1,7,,49.5425,4.7771
201400016966,29,8,14,11,1,52,353,2,1,1,6,1 rue Carnot,48.02669,5.3425
201400016967,30,5,14,19,1,52,60,2,1,1,3,Route de Bourgogne,47.9529,5.75237
201400016968,29,7,14,5,1,52,60,1,1,2,6,u,47.92471,5.76018
201400016969,11,8,14,11,1,52,135,1,1,1,2,,47.92583,5.69633
201400016970,3,9,14,14,1,52,197,1,1,1,1,,47.7893,5.60549
201400016971,9,1,14,8,2,14,243,2,6,1,3,CD 579,49.3971,0.2125
201400016972,10,1,14,15,1,14,536,2,2,1,3,QUATRE FRANCS (CARREFOUR,49.4095,0.25132
201400016973,25,1,14,1,5,14,243,2,1,2,6,"49, CAPUCINS (RUE DES)",49.422,0.22925
201400016974,28,1,14,7,3,14,333,2,3,2,2,"0, CARTIER (AVENUE JACQU",49.3933,0.24756
201400016975,3,2,14,18,3,14,1,1,1,1,7,LE CALVAIRE,49.3877,0.28915
201400016976,24,2,14,15,1,14,536,2,1,7,3,CD 580,49.4117,0.25149
201400016977,28,2,14,13,1,14,333,2,3,2,1,DUCHESNE (AVENUE DU PRES,49.4155,0.25144
201400016978,1,3,14,14,1,14,333,2,1,1,6,"2, PASSAGERS (QUAI DES)",49.4214,0.23365
201400016979,5,4,14,17,1,14,333,2,1,1,3,"16, MONTPENSIER (RUE)",49.4195,0.23293
201400016980,24,4,14,14,1,14,333,2,1,1,6,"24, BUTTES (RUE DES)",49.4156,0.2315
201400016981,27,4,14,2,5,14,333,2,1,1,7,"BAT  C, MANUEL (COURS AL",49.4129,0.22776
201400016982,3,5,14,15,1,14,333,2,1,1,4,"64, MANUEL (COURS ALBERT",49.4112,0.22654
201400016983,6,5,14,12,1,14,333,2,1,3,3,JETEE DE L'EST,49.421,0.23775
201400016984,22,5,14,9,1,14,1,1,3,1,3,"1700, GENNEVILLE (ROUTE)",49.3895,0.27685
201400016985,31,5,14,16,1,14,536,2,2,1,3,CANTELOUP (AVENUE DU),49.4087,0.24692
201400016986,16,6,14,15,1,14,333,2,1,1,6,"16, LEPAULMIER (QUAI)",49.4187,0.237
201400016987,23,6,14,16,1,14,536,2,6,1,2,ANGLAIS (ROND POINT DES),49.4112,0.2589
201400016988,1,7,14,17,1,14,333,1,1,1,7,CD 579,49.3937,0.24993
201400016989,10,7,14,10,1,14,333,2,1,8,2,"9, CHARLES V (BOULEVARD)",49.4226,0.23291
201400016990,22,8,14,17,1,14,1,1,1,2,6,"1650, GENNEVILLE (ROUTE)",49.3901,0.27683
201400016991,20,9,14,16,1,14,333,2,1,1,6,"22, HAMELIN (PLACE)",0.0,0.0
201400016992,28,9,14,2,3,14,243,1,1,1,6,CD 579,0.0,0.0
201400016993,8,10,14,18,1,14,1,1,1,1,2,"23, LES VATS",0.0,0.0
201400016994,13,10,14,19,5,14,333,2,1,1,3,"39 BIS, CHARLES V (BOULE",49.4232,0.23178
201400016995,1,11,14,18,5,14,243,2,1,1,3,CD 579,0.0,0.0
201400016996,5,11,14,16,1,14,304,1,2,2,3,"0, CD 144 B",0.0,0.0
201400016997,13,11,14,19,3,14,536,2,4,8,3,MONTSAINT (CHARRIERE),0.0,0.0
201400016998,27,11,14,17,5,14,333,2,1,8,6,"2, PORTE DE ROUEN (PLACE",0.0,0.0
201400016999,4,12,14,9,1,14,304,1,2,8,3,C D 579,0.0,0.0
201400017000,12,12,14,7,5,14,333,2,2,2,6,"1, DAUPHIN (RUE DU)",0.0,0.0
201400017001,26,3,14,13,1,52,364,2,1,1,1,,47.77585,5.27158
201400017002,18,5,14,15,1,52,425,2,1,1,6,rue de cheville,47.65908,5.23358
201400017003,21,9,14,12,1,52,189,2,1,1,7,mis permis valide,47.68697,5.24708
201400017004,3,5,14,11,1,52,250,2,1,1,3,24 av. de la Marne,48.4494,5.14699
201400017005,17,5,14,2,3,52,391,1,1,1,6,u2 prise sang ms ps taux,48.50872,4.79618
201400017006,26,2,14,10,1,48,133,1,1,8,7,,0.0,0.0
201400017007,1,5,14,5,2,48,147,1,1,8,7,,0.0,0.0
201400017008,6,6,14,17,1,48,13,2,1,1,6,12 AV J-Antoine CHAPTAL,0.0,0.0
201400017009,7,6,14,12,1,48,147,1,1,1,6,,0.0,0.0
201400017010,8,6,14,12,1,48,16,1,1,1,7,,0.0,0.0
201400017011,19,7,14,12,1,48,27,1,1,1,1,,0.0,0.0
201400017012,14,8,14,16,1,48,157,1,1,1,1,,0.0,0.0
201400017013,31,8,14,12,1,48,53,1,1,1,7,,0.0,0.0
201400017014,4,10,14,5,3,48,42,1,1,1,6,,0.0,0.0
201400017015,11,6,14,7,1,48,180,1,1,1,6,,0.0,0.0
201400017016,18,6,14,17,1,48,146,1,1,2,1,,0.0,0.0
201400017017,3,7,14,15,1,48,146,1,1,7,7,,44.372,3.414
201400017018,20,10,14,0,3,48,39,1,1,1,3,,0.0,0.0
201400017019,3,9,14,17,1,48,90,1,1,1,6,,44.855,3.329
201400017020,30,1,14,17,3,30,102,1,1,8,1,,43.92782,4.28128
201400017021,19,1,14,18,5,37,50,2,1,1,2,1 AVENUE MINKOWSKI a,0.0,0.0
201400017022,5,5,14,16,1,37,272,2,1,1,6,rue principale,0.0,0.0
201400017023,27,8,14,10,1,37,99,2,6,8,3,ROND POINT DU PANIER,0.0,0.0
201400017024,27,9,14,20,3,37,54,1,1,1,1,,0.0,0.0
201400017025,6,7,14,22,3,37,231,2,1,1,6,,0.0,0.0
201400017026,9,8,14,11,1,37,21,2,1,1,1,LA GRANDE CARRERIE,0.0,0.0
201400017027,19,10,14,15,1,37,54,2,3,1,5,LE BUISSON RTE DE MONNAI,0.0,0.0
201400017028,19,1,14,6,3,37,139,2,1,1,7,BOUGE AU VIN,0.0,0.0
201400017029,22,1,14,9,1,37,217,1,1,2,6,63 ROUTE DE LA CHAPPE,0.0,0.0
201400017030,23,2,14,18,2,37,55,2,1,1,6,RUE DU CIMETIERE,0.0,0.0
201400017031,14,3,14,20,5,37,109,2,1,1,7,RUE ALFRED DE MUSSET,0.0,0.0
201400017032,29,6,14,13,1,37,109,1,6,3,1,,0.0,0.0
201400017033,15,9,14,18,1,37,109,2,1,1,5,73 AV DU GAL DE  GAULLE,0.0,0.0
201400017034,14,11,14,18,3,37,109,1,1,1,6,48 RUE DE LA  LIMOUGERE,0.0,0.0
201400017035,2,12,14,11,1,37,109,2,1,2,6,84 AV DU GAL DE GAULLE,0.0,0.0
201400017036,11,12,14,20,3,37,241,1,1,1,6,LA GITIERE,0.0,0.0
201400017037,22,2,14,21,5,37,225,2,1,1,6,RUE DE LA RESISTANCE,0.0,0.0
201400017038,18,5,14,18,1,37,273,1,1,1,3,,0.0,0.0
201400017039,14,7,14,2,3,37,8,2,1,1,7,ROUTE DE  GRANDLAY,0.0,0.0
201400017040,20,7,14,22,3,37,156,1,1,1,7,RUE DU BAS DE NOUY,0.0,0.0
201400017041,28,8,14,16,1,37,8,1,1,1,3,,0.0,0.0
201400017042,30,8,14,8,1,37,15,1,1,1,1,LE GRAIS,0.0,0.0
201400017043,5,9,14,17,1,37,156,2,1,1,7,QUAI DE LA GARE,0.0,0.0
201400017044,12,10,14,6,5,37,91,2,2,8,1,48 RUE JACQUES SOUFFLET,0.0,0.0
201400017045,16,10,14,19,5,37,156,2,1,3,6,35 RUE DESCARTES,0.0,0.0
201400017046,19,10,14,8,1,37,156,1,1,7,3,,0.0,0.0
201400017047,12,11,14,9,1,37,273,2,3,1,3,,0.0,0.0
201400017048,24,4,14,9,1,37,10,1,1,1,7,,0.0,0.0
201400017049,25,11,14,17,3,37,179,2,1,1,3,2x2 voies,0.0,0.0
201400017050,9,12,14,15,1,37,179,1,6,1,6,,0.0,0.0
201400017051,9,1,14,13,1,14,366,2,1,2,6,ROCQUES (CHEMIN DE),49.1558,0.23107
201400017052,12,1,14,18,5,14,366,2,3,1,3,"38, FOURNET (RUE)",49.1381,0.22721
201400017053,18,1,14,15,1,14,366,2,3,1,2,"30, ROGER AINI (RUE)",49.1436,0.24814
201400017054,29,1,14,7,2,14,366,2,6,2,6,"64, LOUIS PASTEUR (BOULE",49.144,0.21907
201400017055,13,2,14,21,5,14,366,2,6,1,3,SAINTE ANNE (BOULEVARD),49.143,0.22699
201400017056,20,2,14,17,1,14,366,2,3,1,3,AVENUE GEORGES DUVAL,49.1449,0.27531
201400017057,9,3,14,18,1,14,366,2,2,1,3,"22, CARNOT (BOULEVARD)",49.1479,0.22498
201400017058,19,3,14,11,1,14,366,2,3,1,3,"188, EDOUARD BRANLY (RUE",49.1483,0.25835
201400017059,2,4,14,16,1,14,574,1,1,1,2,"2342, DIVES (D.45 ROUTE",49.1538,0.19937
201400017060,11,4,14,14,1,14,366,2,1,1,6,"43, PAUL BANASTON (RUE)",49.1502,0.2223
201400017061,14,4,14,16,1,14,366,2,1,1,2,"3, GENERAL LECLERC (RUE",49.1492,0.22454
201400017062,16,4,14,8,1,14,366,2,2,1,6,"0, J. FERRY (BOULEVARD)",49.1483,0.2282
201400017063,19,4,14,0,5,14,366,2,2,1,3,PONT MORTAIN (RUE),49.1436,0.22676
201400017064,27,4,14,20,1,14,366,2,2,1,3,"0, EUGENE BOUDIN (RUE)",49.1428,0.24631
201400017065,4,5,14,22,5,14,366,2,3,1,7,"1, FOURNET (PLACE)",49.1408,0.22708
201400017066,6,5,14,14,1,14,366,1,1,2,2,LIVAROT (CD579 ROUTE DE),49.1273,0.22495
201400017067,13,5,14,13,1,14,366,2,1,2,2,"54, FOURNET (RUE)",49.137,0.22706
201400017068,23,5,14,8,1,14,487,1,2,1,3,CD 48,49.1784,0.20935
201400017069,16,6,14,6,1,14,366,2,1,1,6,"26, GENERAL LECLERC (RUE",49.1501,0.2243
201400017070,24,6,14,19,1,14,574,1,2,1,3,D. 159,49.1599,0.19274
201400017071,2,7,14,20,1,14,366,2,1,1,3,"41, PARIS (RUE DE)",49.1467,0.23217
201400017072,11,9,14,18,1,14,69,2,1,1,1,"77, ORBEC (ROUTE D')",49.1301,0.2622
201400017073,14,9,14,0,5,14,366,2,1,1,7,RUE DE LA R?SISTANCE,49.1444,0.22707
201400017074,17,9,14,14,1,14,366,1,1,1,1,"0, AUGUSTIN FRESNEL",49.1436,0.27423
201400017075,19,9,14,18,1,14,366,2,2,1,3,"28, REPUBLIQUE (PLACE DE",49.1438,0.22368
201400017076,28,9,14,15,1,14,366,2,1,1,6,"0, TOUQUES (RUE DE LA)",0.0,0.0
201400017077,2,10,14,9,1,14,366,1,6,2,7,ESPERANCE (CARREFOUR DE,49.1444,0.26312
201400017078,2,10,14,18,1,14,366,2,1,1,2,"10A, FOURNET (PLACE)",0.0,0.0
201400017079,7,10,14,16,1,14,69,2,1,1,6,"0, SALLE DES DROITS",49.1316,0.255
201400017080,10,10,14,18,2,14,366,2,2,1,3,"26, DUCHESNE FOURNET (BO",49.1483,0.22821
201400017081,13,10,14,7,5,14,366,2,1,2,6,"84, CARMEL (RUE DU)",49.1412,0.22728
201400017082,17,10,14,10,1,14,366,1,1,1,6,"0, CAPRON (RUE)",49.1436,0.26379
201400017083,4,11,14,7,1,14,366,1,1,1,3,D.613 ( LISIEUX),49.1295,0.22675
201400017084,14,11,14,8,2,14,366,2,6,2,3,"0, ALBERT SCHWEITZER (GI",49.1463,0.22939
201400017085,14,11,14,8,1,14,366,2,1,8,6,"4, ROGER AINI (RUE)",49.1458,0.23327
201400017086,24,11,14,12,1,14,366,2,1,1,6,"85, LOUIS PASTEUR (BOULE",49.1435,0.21903
201400017087,28,11,14,14,1,14,366,2,1,1,2,ESPERANCE (CARREFOUR DE,49.1444,0.26308
201400017088,29,11,14,15,1,14,366,2,2,1,7,"20, CONDORCET (RUE)",49.1479,0.22497
201400017089,5,12,14,7,2,14,366,2,1,2,3,"68, PAUL CORNU ( RD48 RU",0.0,0.0
201400017090,9,12,14,4,3,14,366,1,1,9,6,D.613 ( LISIEUX),0.0,0.0
201400017091,11,12,14,8,1,14,366,2,1,2,4,"64, GUIZOT (RUE)",0.0,0.0
201400017092,14,12,14,18,5,14,366,2,1,2,7,"96, ORBEC (ROUTE D')",0.0,0.0
201400017093,22,12,14,12,1,14,366,2,1,1,1,"57, ORBEC (ROUTE D')",0.0,0.0
201400017094,13,2,14,8,1,37,72,2,1,8,1,F MITTERAND/BOUQUETEAU,0.0,0.0
201400017095,29,6,14,16,1,14,69,2,1,1,1,VAL-MENARD (CHEMIN DU,49.1386,0.25879
201400017096,2,9,14,16,1,14,366,2,6,1,6,"91, LOUIS PASTEUR (BOULE",49.1433,0.21879
201400017097,19,10,14,3,5,14,366,2,1,1,6,"14, SAINTE ANNE (BOULEVA",49.1432,0.22808
201400017098,23,11,14,11,1,14,366,2,1,2,1,"31, MARECHAL DE LATTRE D",49.1423,0.24516
201400017099,3,12,14,23,3,14,366,2,1,1,6,"00, JEAN XXIII (AVENUE)",0.0,0.0
201400017100,4,12,14,13,1,14,366,1,6,1,4,"0, ESPERANCE (CARREFOUR",0.0,0.0
201400017101,12,6,14,16,1,37,72,2,1,1,3,QUAI JEANNE D ARC,0.0,0.0
201400017102,20,1,14,5,3,37,53,1,1,5,3,NEUVILLE,0.0,0.0
201400017103,10,2,14,22,3,37,269,1,1,1,7,,0.0,0.0
201400017104,14,3,14,13,1,37,16,1,1,1,2,,0.0,0.0
201400017105,14,3,14,13,1,37,111,2,1,1,6,Le Pont GENILLE 37460,0.0,0.0
201400017106,10,7,14,12,1,37,269,1,1,1,7,LES CONTENTS VC 10,0.0,0.0
201400017107,11,10,14,18,1,37,53,1,1,1,1,,0.0,0.0
201400017108,15,10,14,12,1,37,111,1,1,1,7,,0.0,0.0
201400017109,31,8,14,21,3,37,168,1,1,1,6,LA THIBAUDIERE,0.0,0.0
201400017110,12,12,14,18,5,87,88,2,9,8,3,pl docteur donnet,0.0,0.0
201400017111,22,4,14,10,1,87,11,1,1,2,3,,0.0,0.0
201400017112,10,9,14,11,1,87,59,1,3,1,3,,0.0,0.0
201400017113,24,7,14,18,1,87,154,2,1,1,7,avenue Voltaire,0.0,0.0
201400017114,6,8,14,16,1,87,140,2,1,3,6,route du Moulin,0.0,0.0
201400017115,8,3,14,17,1,87,30,1,1,1,6,,0.0,0.0
201400017116,23,6,14,10,1,87,34,1,1,1,1,,0.0,0.0
201400017117,24,8,14,19,1,87,111,2,6,1,6,avenue de ventadour,0.0,0.0
201400017118,28,12,14,10,1,87,36,1,1,4,6,,0.0,0.0
201400017119,14,1,14,9,1,87,106,2,1,1,6,Intersection D11 et D.15,0.0,0.0
201400017120,6,2,14,7,2,87,49,1,1,1,1,,0.0,0.0
201400017121,23,2,14,10,1,87,106,1,1,1,6,,0.0,0.0