Num_Acc,jour,mois,an,hr,condition_eclairage,departement,commune,condition_agglomeration,intersection,condition_atmosphere,type_collision,adresse,lattitude,longitude
201400017122,12,4,14,14,1,87,127,1,1,1,7,,0.0,0.0
201400017123,3,8,14,23,3,87,49,1,1,1,7,,0.0,0.0
201400017124,10,10,14,16,1,87,187,1,1,1,1,,0.0,0.0
201400017125,29,10,14,13,1,87,187,1,1,1,6,,0.0,0.0
201400017126,10,11,14,21,3,87,71,1,1,1,6,,0.0,0.0
201400017127,1,6,14,11,1,23,168,1,1,1,7,,0.0,0.0
201400017128,28,8,14,8,1,23,11,2,1,1,6,Rue principale - RD. 912,46.083,1.689
201400017129,9,6,14,17,1,23,102,1,1,1,7,,46.281,2.045
201400017130,26,7,14,10,1,23,100,1,1,1,7,,46.187,2.07799
201400017131,3,2,14,15,1,23,8,2,1,7,6,Avenue des lissiers,45.959,2.172
201400017132,8,5,14,15,1,23,214,1,1,1,6,,0.0,0.0
201400017133,15,6,14,15,1,23,185,1,2,1,3,,46.142,2.199
201400017134,12,10,14,3,3,23,182,1,1,1,6,,0.0,0.0
201400017135,26,11,14,16,1,23,8,1,1,1,3,,0.0,0.0
201400017136,27,6,14,17,1,28,199,1,1,2,3,,0.0,0.0
201400017137,16,1,14,6,3,27,44,1,1,2,1,,48.582,1.091
201400017138,31,1,14,7,3,27,287,1,1,5,1,,49.002,1.051
201400017139,29,1,14,13,1,27,44,1,1,1,6,,48.562,1.065
201400017140,19,7,14,11,1,27,44,1,1,1,7,,48.582,1.083
201400017141,1,8,14,15,1,27,439,2,9,1,6,Rond de CAER-NORMANVILLE,49.033,1.102
201400017142,25,8,14,18,1,27,439,1,1,3,6,,49.032,1.102
201400017143,28,8,14,4,3,27,165,2,1,1,6,rue rhodes,48.57,0.555
201400017144,24,1,14,9,1,27,225,1,1,2,1,,48.515,0.594
201400017145,7,3,14,13,1,27,225,1,2,1,2,,48.532,1.00099
201400017146,21,5,14,11,1,27,693,1,1,2,1,,48.523,1.05
201400017147,11,6,14,20,1,27,406,1,1,1,1,,48.455,1.164
201400017148,5,7,14,21,2,27,548,1,1,2,1,,48.46,1.16
201400017149,4,7,14,18,1,27,378,1,1,3,4,,48.453,1.141
201400017150,8,8,14,19,1,27,350,1,1,1,7,,48.502,1.142
201400017151,6,12,14,19,5,27,438,2,1,1,6,69 grande rue - D50,48.461,1.115
201400017152,18,1,14,18,3,27,265,1,1,1,1,,48.464,0.513
201400017153,24,1,14,15,1,27,19,1,1,1,1,,48.415,0.494
201400017154,13,6,14,19,1,27,578,1,1,1,6,,48.473,0.525
201400017155,7,9,14,4,3,27,573,1,1,1,6,,48.49,0.551
201400017156,30,9,14,11,1,27,112,2,7,7,6,Place Laffitte,48.501,0.544
201400017157,24,10,14,22,3,27,108,1,2,1,3,,48.445,0.474
201400017158,14,11,14,22,1,27,19,1,1,2,6,,48.415,0.494
201400017159,12,12,14,21,3,27,643,1,1,2,6,,48.445,1.01
201400017160,6,7,14,18,1,27,463,1,1,1,5,,49.081,0.385
201400017161,10,11,14,18,3,27,295,1,2,1,3,,49.02,0.312
201400017162,9,12,14,7,2,27,179,1,1,1,7,,49.065,0.34
201400017163,11,12,14,19,3,27,414,1,1,2,6,,48.563,0.283
201400017164,24,12,14,16,1,27,442,1,1,2,3,,0.0,0.0
201400017165,18,4,14,12,1,27,296,1,1,1,1,,49.021,0.4
201400017166,15,4,14,18,1,27,51,2,1,1,3,boulevard boisgelin,49.044,0.463
201400017167,15,5,14,12,1,27,210,2,1,1,1,RD 613,49.075,0.483
201400017168,15,5,14,12,1,27,52,1,1,1,6,,49.122,0.444
201400017169,8,6,14,6,1,27,210,1,1,1,7,,49.071,0.503
201400017170,10,7,14,10,1,27,41,2,1,1,3,rue de l'?glise,48.564,0.395
201400017171,26,10,14,15,1,27,49,1,1,1,7,,49.001,0.414
201400017172,31,10,14,23,5,27,40,2,2,1,3,route de beaumont,49.014,0.515
201400017173,12,11,14,8,1,27,164,1,1,1,7,,49.07,0.514
201400017174,23,11,14,18,3,27,444,1,1,2,7,,49.002,0.465
201400017175,4,2,14,7,3,27,670,1,1,1,4,,49.222,1.195
201400017176,28,5,14,19,2,27,294,1,1,2,7,,49.193,1.231
201400017177,31,1,14,7,3,27,617,1,1,5,1,,48.183,1.313
201400017178,19,3,14,17,2,27,324,2,3,1,3,rue des landes,49.21,1.433
201400017179,17,12,14,18,4,27,284,1,1,2,1,,49.16,1.47
201400017180,7,3,14,20,5,27,428,2,1,1,2,rue de Verdun,49.09,0.542
201400017181,23,4,14,10,1,27,192,1,2,7,3,Hameau de Coquerel,49.072,0.562
201400017182,30,8,14,18,1,27,53,1,2,2,3,,49.143,0.584
201400017183,10,9,14,16,1,27,185,1,2,1,3,,49.123,0.583
201400017184,23,5,14,15,1,27,243,2,1,1,7,,49.232,0.183
201400017185,9,4,14,16,1,27,227,1,1,1,7,,49.225,0.402
201400017186,5,8,14,19,1,27,102,1,1,1,3,,49.212,0.464
201400017187,3,9,14,22,3,27,77,1,1,1,1,,49.16,0.461
201400017188,28,9,14,18,1,27,340,1,1,1,3,,49.2228,0.4828
201400017189,18,10,14,15,1,27,340,1,1,1,3,,49.213,0.511
201400017190,26,10,14,18,5,27,316,2,1,1,1,route de barneville,49.234,0.461
201400017191,23,11,14,21,3,27,163,1,1,1,1,,49.212,0.381
201400017192,13,4,14,17,1,40,230,1,1,1,2,,0.0,0.0
201400017193,28,6,14,0,3,40,94,1,1,1,6,,0.0,0.0
201400017194,29,6,14,16,1,40,230,1,1,1,1,,0.0,0.0
201400017195,17,1,14,9,1,40,90,1,1,4,6,,0.0,0.0
201400017196,22,6,14,15,1,40,8,1,1,1,1,,0.0,0.0
201400017197,12,9,14,14,1,40,174,1,1,1,3,,0.0,0.0
201400017198,20,12,14,4,3,40,76,1,1,5,6,,0.0,0.0
201400017199,13,7,14,17,2,40,6,1,1,1,6,,0.0,0.0
201400017200,26,9,14,16,1,40,136,1,1,1,1,,0.0,0.0
201400017201,27,9,14,16,1,40,219,1,1,1,3,,0.0,0.0
201400017202,13,1,14,15,1,40,157,2,1,8,3,RD08 PK 24.800,0.0,0.0
201400017203,16,3,14,17,1,40,135,1,1,1,7,,0.0,0.0
201400017204,22,6,14,0,3,40,135,1,1,1,7,,0.0,0.0
201400017205,13,1,14,14,1,40,88,1,1,2,1,,0.0,0.0
201400017206,16,2,14,3,3,40,242,1,1,1,6,,0.0,0.0
201400017207,31,3,14,9,1,40,111,1,1,1,3,,0.0,0.0
201400017208,28,4,14,9,1,40,88,1,1,1,2,,43.94633,5.77318
201400017209,24,5,14,0,3,40,188,1,1,2,6,,0.0,0.0
201400017210,29,9,14,20,3,40,162,1,1,1,6,lieu-dit Gubian,0.0,0.0
201400017211,10,7,14,20,2,40,123,1,1,1,1,,44.28,5.853
201400017212,17,12,14,21,3,40,134,1,1,1,6,,0.0,0.0
201400017213,26,4,14,5,3,24,468,1,1,1,6,LE COMBALET,45.0022,0.71732
201400017214,6,6,14,18,1,24,115,1,1,1,6,LA TAMANIE,45.2679,0.71063
201400017215,25,1,14,12,1,24,210,1,3,1,3,LE BUISSON,45.2707,1.12888
201400017216,16,2,14,19,4,24,123,1,1,1,6,LEYTERIE,44.9564,0.65377
201400017217,21,1,14,10,1,24,28,1,2,1,1,GONDRAS,44.7545,0.77333
201400017218,26,8,14,12,1,24,307,1,1,3,1,LE TONDU,44.7505,0.73112
201400017219,19,11,14,7,1,24,142,1,1,5,6,LES PRADASQUES,44.8333,0.94043
201400017220,5,1,14,9,1,24,311,2,1,8,6,ROUTE DE VILLARS,45.5228,0.66418
201400017221,20,2,14,15,1,24,311,2,1,2,1,ROUTE DE VILLARS,45.5223,0.66449
201400017222,12,6,14,20,2,24,56,2,2,1,3,LE BOURG,45.6022,0.62823
201400017223,30,6,14,16,1,24,479,2,1,1,1,SIMPLY MARKET,45.4943,0.74188
201400017224,24,8,14,12,1,24,311,2,1,1,6,AVENUE JULES FERRY,45.5327,0.66519
201400017225,30,12,14,11,1,24,16,1,1,1,1,PUYBEGOUT,45.5639,0.69363
201400017226,16,7,14,17,1,24,99,1,1,1,6,LES TROIS PIERRES,45.4446,0.58767
201400017227,14,5,14,19,1,24,304,2,2,1,3,AVENUE L?ON COUZINOU,45.4087,0.92098
201400017228,8,7,14,19,1,24,8,1,2,1,1,D704/D80,45.4256,1.14211
201400017229,3,12,14,16,1,24,551,2,1,8,6,PLACE DE LA REPUBLIQUE,45.4155,0.91881
201400017230,18,9,14,9,1,24,504,1,1,2,3,LE MAS POITEVIN,45.175,0.38867
201400017231,12,3,14,0,5,24,354,2,1,1,6,BALAN,45.1592,0.00706
201400017232,1,3,14,14,1,24,520,1,4,1,3,LE BOIS DE BONTEMPS,44.8674,1.24784
201400017233,15,4,14,19,1,24,520,2,1,1,1,Impasse Pech Sud,44.894,1.245
201400017234,8,4,14,8,1,24,516,2,1,1,6,ROUTE DE SARLAT,44.9738,1.3234
201400017235,23,5,14,15,1,24,412,1,2,2,3,LES QUATRE ROUTES,44.9961,1.24176
201400017236,26,7,14,11,1,24,82,1,1,1,1,LE SINGLE DE MONFORT,44.8443,1.25249
201400017237,8,12,14,17,2,24,82,1,3,2,3,LES SIX CHEMINS,44.8627,1.26337
201400017238,28,11,14,17,3,24,179,1,1,1,1,GUINASSOU,45.1252,1.39684
201400017239,31,12,14,16,1,40,102,2,1,1,7,rue du marsan,43.98522,0.01087
201400017240,1,6,14,20,1,40,259,1,2,1,5,les arbouts,43.81293,-0.29658
201400017241,3,8,14,5,2,40,161,1,1,1,6,RD 933N,44.09871,-0.01704
201400017242,12,7,14,10,1,40,233,1,1,1,1,,43.59287,-1.03124
201400017243,3,9,14,9,1,40,332,1,1,1,3,,44.32188,-0.89812
201400017244,11,10,14,16,1,40,217,1,1,2,5,,44.33491,-1.05316
201400017245,26,10,14,10,1,40,217,1,2,1,5,,44.34209,-1.02379
201400017246,27,6,14,22,3,40,78,1,2,1,3,,43.6711,-0.76414
201400017247,5,10,14,21,3,40,205,1,1,1,6,,43.72023,-0.81414
201400017248,11,1,14,23,3,21,32,1,1,1,6,,0.0,0.0
201400017249,6,12,14,7,2,21,502,1,1,1,6,,47.03,5.108
201400017250,13,3,14,13,1,21,163,1,1,1,5,,0.0,0.0
201400017251,22,6,14,0,3,21,211,1,1,1,3,,0.0,0.0
201400017252,25,5,14,1,3,21,547,1,1,1,2,,0.0,0.0
201400017253,13,9,14,4,3,21,429,1,1,1,6,,47.585,4.336
201400017254,16,9,14,6,3,21,394,2,1,1,6,D9D,47.512,4.4
201400017255,21,9,14,6,2,21,709,1,1,1,6,,47.542,4.296
201400017256,2,1,14,16,1,21,393,1,1,1,1,,47.888,4.596
201400017257,10,2,14,13,1,21,104,1,1,2,6,,47.74,4.595
201400017258,4,9,14,17,1,21,154,2,1,1,6,marechal de lattre,47.863,4.573
201400017259,25,1,14,23,5,21,663,2,2,1,3,Avenue de Dijon,47.545,4.462
201400017260,26,2,14,7,1,53,140,1,1,5,2,,48.11076,-0.73457
201400017261,10,6,14,15,1,53,76,1,2,1,3,,47.9648,-0.35675
201400017262,19,12,14,8,2,53,152,1,1,2,6,,47.95311,-0.59074
201400017263,1,3,14,20,3,53,153,1,1,2,6,,48.20722,-0.43775
201400017264,11,6,14,11,1,53,97,1,1,1,3,,48.12015,-0.37258
201400017265,24,8,14,23,3,53,161,2,1,1,6,rue de la Gare,48.14028,-0.55181
201400017266,14,9,14,18,1,53,97,1,1,1,6,,48.15977,-0.41081
201400017267,24,1,14,8,4,53,84,2,6,2,6,PLACE DU 11 NOVEMBRE,47.84689,-0.94825
201400017268,6,2,14,18,5,53,84,2,6,2,6,boulevard d'Ok?hampton,47.84692,-0.94823
201400017269,12,3,14,9,1,53,12,1,1,1,1,,47.89266,-0.9318
201400017270,14,3,14,19,2,53,88,1,1,8,7,,47.95662,-1.10877
201400017271,18,8,14,17,1,53,147,2,3,1,3,rue boris vian,48.30423,-0.63932
201400017272,11,3,14,17,1,53,107,2,9,1,2,avenue de l'Abb? Angot,48.41332,-0.82828
201400017273,7,2,14,13,1,53,190,1,3,1,1,,48.36015,-0.45107
201400017274,16,1,14,18,5,70,349,2,1,3,6,avenue L?on Blum,0.0,0.0
201400017275,1,2,14,9,1,70,260,2,3,1,3,intersection RD 2 RD 322,0.0,0.0
201400017276,8,3,14,16,1,70,5,1,1,1,3,,0.0,0.0
201400017277,17,5,14,17,1,70,38,1,1,1,6,,44.609,4.067
201400017278,25,7,14,19,1,70,81,1,1,1,6,,44.939,4.1044
201400017279,23,8,14,19,2,70,132,1,1,1,1,,44.862,4.519
201400017280,22,1,14,13,1,70,91,1,1,1,1,,0.0,0.0
201400017281,23,2,14,15,1,70,158,1,1,1,7,,44.82,4.334
201400017282,1,3,14,15,1,70,210,1,1,1,1,,0.0,0.0
201400017283,16,8,14,10,1,70,139,1,1,1,6,,0.0,0.0
201400017284,15,8,14,4,3,70,121,1,1,1,7,,0.0,0.0
201400017285,2,4,14,13,1,70,156,1,1,1,3,,0.0,0.0
201400017286,27,8,14,7,3,70,156,1,1,1,1,,0.0,0.0
201400017287,15,1,14,10,1,70,23,1,1,1,1,,0.0,0.0
201400017288,26,2,14,8,1,70,183,1,1,1,4,,0.0,0.0
201400017289,15,6,14,19,1,70,201,1,1,1,6,,0.0,0.0
201400017290,25,6,14,21,1,70,330,1,1,1,3,,0.0,0.0
201400017291,29,6,14,11,1,70,291,1,1,1,2,,0.0,0.0
201400017292,23,7,14,23,3,70,328,1,1,2,6,,0.0,0.0
201400017293,25,7,14,17,1,70,101,1,1,3,1,,0.0,0.0
201400017294,23,2,14,17,1,70,308,1,1,1,5,,0.0,0.0
201400017295,29,9,14,17,1,70,227,1,1,8,3,,0.0,0.0
201400017296,14,10,14,20,3,70,10,1,1,8,6,,0.0,0.0
201400017297,19,10,14,15,1,70,243,1,1,1,7,,0.0,0.0
201400017298,2,12,14,14,1,70,10,2,8,8,6,ROUTE LEVERT,0.0,0.0
201400017299,12,2,14,14,1,70,73,1,1,1,6,,0.0,0.0
201400017300,1,3,14,14,3,70,52,1,1,1,1,,0.0,0.0
201400017301,13,9,14,20,1,70,79,1,1,1,7,,0.0,0.0
201400017302,25,5,14,20,1,70,204,1,1,1,1,,0.0,0.0
201400017303,18,9,14,16,1,70,64,2,1,2,6,AVENUE DE JAGORNAC,0.0,0.0
201400017304,30,10,14,0,3,70,204,1,1,1,6,,0.0,0.0
201400017305,21,1,14,10,1,16,119,1,1,7,6,Le Pouyaud Chateau,45.55429,0.26372
201400017306,21,2,14,8,1,16,175,1,1,1,5,Cote de Petignac,45.53837,-0.04503
201400017307,15,6,14,17,1,16,338,2,1,1,1,rue de l'eglise,45.51141,-0.13785
201400017308,1,1,14,2,3,16,167,2,1,2,6,17 rue pasteur,45.6815,-0.17216
201400017309,17,5,14,19,1,16,148,1,1,1,7,Les petits Foys,45.79228,0.01231
201400017310,21,6,14,11,3,16,167,1,1,1,3,Lartige,45.68698,-0.15155
201400017311,23,6,14,16,1,16,167,2,1,1,7,avenue du general Lecler,45.68068,-0.15725
201400017312,27,8,14,17,1,16,369,1,2,1,3,La Jarrie,45.73974,-0.18901
201400017313,9,3,14,15,1,16,393,1,1,1,5,,45.74247,0.13136
201400017314,10,5,14,10,1,16,206,2,1,1,6,RUE GRANGE DU CHAPITRE,45.87488,0.17885
201400017315,18,8,14,10,1,16,140,2,1,1,1,La Gagnarderie,45.8814,0.183
201400017316,10,10,14,7,2,16,210,1,1,5,5,,45.71582,0.0742
201400017317,18,4,14,11,1,16,292,2,1,1,1,route d'aigre,45.02249,0.19236
201400017318,16,3,14,13,1,36,86,1,1,1,6,,47.038,1.42576
201400017319,15,6,14,16,1,36,149,2,1,1,6,RUE DU MOULIN,46.9417,1.31575
201400017320,28,8,14,19,1,36,188,1,1,1,6,,47.0217,1.12132
201400017321,31,8,14,18,1,36,88,1,1,1,3,LES MAISONS NEUVES,46.9389,2.02679
201400017322,14,1,14,11,1,36,143,1,2,1,3,,46.6307,1.94432
201400017323,19,1,14,7,2,36,109,1,1,1,7,,46.5422,1.9871
201400017324,4,4,14,18,1,36,91,1,1,2,1,,46.5814,2.04022
201400017325,9,6,14,18,1,36,208,1,1,1,7,,46.5246,2.06771
201400017326,3,7,14,18,1,36,91,2,2,1,3,R LA FONTAINE/RUE DU PRE,46.5841,2.02385
201400017327,26,8,14,17,2,36,240,1,1,2,6,,46.4273,2.15916
201400017328,8,9,14,19,1,36,46,2,1,1,2,30 RUE P DECOURTEIX,46.5793,1.9876
201400017329,10,11,14,18,5,36,46,2,1,1,6,AVENUE ARISTIDE BRIAND,46.5831,1.98467
201400017330,23,12,14,8,2,36,126,1,1,9,6,,46.4896,1.76465
201400017331,28,1,14,13,1,36,78,1,1,1,6,LIEU DIT FROMENTEAU,46.5816,1.8782
201400017332,26,1,14,2,5,36,172,1,6,1,7,,46.6403,1.39772
201400017333,17,2,14,11,1,36,161,2,3,1,3,,46.6266,1.4901
201400017334,1,3,14,12,1,36,42,1,2,1,3,,46.679,1.50032
201400017335,7,3,14,14,1,36,219,1,3,1,3,,46.6503,1.56317
201400017336,14,3,14,13,1,36,32,1,1,1,1,"LD ""LES GRANGES""",46.544,1.5558
201400017337,8,6,14,10,1,36,134,2,3,1,6,11 LIEU DIT RHODE,46.3535,1.42359
201400017338,9,8,14,13,1,36,33,1,1,1,6,,46.5468,1.4966
201400017339,20,11,14,17,5,36,231,2,1,1,6,ROUTE DE MOSNAY,46.6867,1.64677
201400017340,27,11,14,16,1,36,6,2,1,1,6,RUE BARA,0.0,0.0
201400017341,9,7,14,0,5,10,430,1,1,2,6,,48.63374,4.11215
201400017342,29,11,14,21,3,10,6,1,1,1,2,,48.519,4.143
201400017343,22,1,14,12,1,10,133,1,3,1,3,,0.0,0.0
201400017344,21,6,14,2,3,10,40,2,1,1,6,Route d?partemantale 23,47.9951,4.00036
201400017345,29,6,14,22,2,10,140,1,1,1,6,,48.09767,3.8645
201400017346,4,7,14,18,1,10,395,2,1,1,6,10 rue du bois,48.02656,4.02704
201400017347,16,8,14,10,1,10,371,1,1,1,7,,48.16352,3.94193
201400017348,27,8,14,17,1,10,51,1,1,1,7,,48.18417,3.98489
201400017349,30,9,14,8,1,10,331,1,1,1,6,,48.14197,4.17831
201400017350,20,12,14,9,1,10,328,1,1,1,6,,48.358,4.261
201400017351,12,1,14,16,1,10,401,1,1,1,6,,0.0,0.0
201400017352,10,9,14,15,1,10,33,2,1,1,2,Ave du G?n?ral Leclerc,48.23771,4.70101
201400017353,2,2,14,6,3,10,158,1,1,9,6,,48.148,4.275
201400017354,3,2,14,18,2,10,418,1,1,1,7,,48.08832,4.30401
201400017355,13,2,14,21,5,10,34,2,1,1,6,10 avenue Paul Portier,48.115,4.379
201400017356,18,2,14,21,3,10,55,1,1,1,6,,48.13,4.365
201400017357,21,4,14,17,1,10,158,1,1,2,1,,48.14309,4.27946
201400017358,20,7,14,9,1,10,155,1,1,2,6,,48.08645,4.59629
201400017359,26,8,14,15,1,10,296,1,1,6,7,,48.04815,4.37435
201400017360,4,9,14,6,2,10,55,1,1,1,6,,48.1293,4.34136
201400017361,17,1,14,18,2,10,54,1,4,1,3,,48.389,3.612
201400017362,30,3,14,6,3,10,280,2,1,1,6,80 rue nationale,48.49,3.732
201400017363,27,3,14,18,1,10,280,1,1,1,6,,48.46,3.707
201400017364,24,4,14,14,1,10,323,2,6,1,1,rue Pierre Semard,48.512,3.746
201400017365,4,5,14,9,1,10,341,1,4,7,3,,48.51232,3.68342
201400017366,23,5,14,7,1,10,280,2,2,1,3,Route Nationale,48.48341,3.73024
201400017367,30,6,14,17,1,10,323,2,1,1,6,85 rue Pierre Semard,48.50615,3.75136
201400017368,15,7,14,18,1,10,220,1,1,1,1,,48.504,3.817
201400017369,16,7,14,12,1,10,353,1,1,1,1,,48.442,3.911
201400017370,22,7,14,6,2,10,89,1,1,1,7,,48.503,3.84
201400017371,24,7,14,14,1,10,347,1,1,1,7,,48.452,3.635
201400017372,2,9,14,20,5,10,341,2,1,1,6,Rue Mouille Cul,48.51721,3.6583
201400017373,14,9,14,8,1,10,368,1,1,1,6,,48.42,3.932
201400017374,5,10,14,9,1,10,280,2,2,2,1,rue traversiere,48.487,3.731
201400017375,19,12,14,20,5,10,323,2,1,8,7,1r Gornet Boivin,48.523,3.727
201400017376,24,12,14,18,5,10,323,1,1,2,1,,48.52973,3.73896
201400017377,7,6,14,10,1,43,111,2,3,1,3,LOT BEL AIR,0.0,0.0
201400017378,16,3,14,14,1,43,190,1,6,1,3,RDPT DE SAINT GERMAIN,45.0386,3.97007
201400017379,29,6,14,13,1,43,150,1,1,1,3,"LIEU-DIT ""LES GRANGES""",45.1057,4.07247
201400017380,9,9,14,13,1,43,61,1,1,2,6,"LIEU-DIT ""LES VARENNES""",45.0745,3.96441
201400017381,21,12,14,14,1,43,216,1,1,1,6,"LIEU-DIT ""NOLHAC""",45.115,3.81858
201400017382,31,1,14,14,1,43,234,1,1,1,7,MOULIN NEUF,44.9657,3.5425
201400017383,2,4,14,10,1,43,185,2,3,1,2,RD5 /RUE DE LA GAIETE,45.392,3.32704
201400017384,20,7,14,1,3,43,121,1,1,1,6,LIEU-DIT TOURETTE,0.0,0.0
201400017385,31,12,14,23,5,43,25,1,1,1,1,PIROLLES,45.2704,4.11365
201400017386,29,9,14,8,1,43,268,2,7,1,6,GARE ROUTI?RE D'ANTREUIL,0.0,0.0
201400017387,19,7,14,9,1,43,268,1,3,1,1,INTER ROUTE D'ARD'HUY,45.1432,4.14093
201400017388,24,9,14,15,1,43,203,1,1,8,6,LA CHAUD DE VERNE,45.1669,4.0599
201400017389,14,12,14,11,1,43,25,1,1,8,6,SUC DU CHABANOU,45.2631,4.10529
201400017390,3,3,14,12,1,43,223,1,1,1,6,"LIEU-DIT ""LES COINS""",45.272,4.33651
201400017391,7,5,14,8,1,43,227,1,1,2,6,"LIEU-DIT""LE TREVE""",45.302,4.31568
201400017392,19,8,14,10,1,43,213,1,1,1,1,"LIEU-DIT ""LA VIALATTE""",45.2565,4.27571
201400017393,28,8,14,15,1,43,224,2,2,1,1,RUE ST DIDIER/RUE FAYARD,45.2437,4.23557
201400017394,24,11,14,15,1,43,177,2,1,8,1,2 BIS RUE NATIONALE,45.3035,4.27666
201400017395,22,6,14,16,1,43,142,1,1,1,6,LA BERTHE,45.165,4.36791
201400017396,13,10,14,9,1,43,51,1,1,1,6,"LIEU-DIT ""LA FAYOLLE""",45.0551,4.28658
201400017397,21,10,14,21,3,43,159,1,1,1,1,LA DETOURBE,45.1719,4.28572
201400017398,9,11,14,18,2,43,244,1,1,2,3,"LIEU-DIT ""LA POMME """,45.1037,4.30029
201400017399,3,12,14,8,1,43,142,1,1,4,6,LIEU-DIT AULAGNIER,45.1612,4.30693
201400017400,8,1,14,9,1,18,23,2,1,1,6,rue saint martin,47.08088,2.72795
201400017401,16,3,14,9,1,18,118,1,1,1,6,,47.049,2.986
201400017402,18,3,14,21,3,18,18,1,1,1,3,,47.041,2.601
201400017403,30,3,14,16,1,18,139,1,1,1,1,,0.0,0.0
201400017404,7,4,14,6,2,18,53,1,1,1,7,,47.156,2.858
201400017405,1,6,14,4,5,18,49,2,1,1,6,71 avenue jacques Coeur,0.0,0.0
201400017406,17,6,14,8,1,18,118,1,1,1,7,,47.05,2.997
201400017407,18,6,14,4,3,18,174,1,1,1,7,,0.0,0.0
201400017408,14,8,14,9,1,18,77,2,3,1,6,D53,47.11681,2.82472
201400017409,31,8,14,17,1,18,35,1,1,7,3,,0.0,0.0
201400017410,12,9,14,19,2,18,265,1,2,1,3,,46.98767,3.00187
201400017411,10,11,14,16,1,18,240,2,1,1,6,RN 151,47.155,2.914
201400017412,12,12,14,18,5,18,118,2,1,1,1,Cite Heymann,47.06112,3.01616
201400017413,21,12,14,5,3,18,184,1,1,1,6,,47.12132,2.93076
201400017414,8,1,14,20,3,18,162,1,1,1,6,,0.0,0.0
201400017415,7,2,14,11,1,18,151,1,1,6,3,,47.26071,2.69976
201400017416,10,4,14,2,3,18,151,1,1,2,6,,0.0,0.0
201400017417,12,4,14,19,1,18,194,1,1,1,2,11 route des Aix,47.18798,2.61048
201400017418,10,5,14,9,1,18,194,1,1,1,1,,0.0,0.0
201400017419,14,5,14,11,1,18,223,1,1,1,1,,0.0,0.0
201400017420,18,5,14,12,1,18,226,1,2,9,3,,47.15667,2.49451
201400017421,6,7,14,18,1,18,109,1,1,2,6,,0.0,0.0
201400017422,19,7,14,18,1,18,51,1,4,4,3,,47.35261,2.60944
201400017423,5,8,14,8,1,18,235,1,1,1,7,,0.0,0.0
201400017424,26,8,14,22,3,18,156,2,1,1,6,D46 route de la borne,0.0,0.0
201400017425,15,9,14,7,2,18,4,1,1,1,6,,0.0,0.0
201400017426,4,10,14,10,1,18,145,1,1,2,6,,47.22545,2.50027
201400017427,18,12,14,12,1,18,51,1,4,2,3,,47.35258,2.60936
201400017428,19,12,14,9,1,18,226,1,1,2,6,,0.0,0.0
201400017429,11,1,14,15,1,18,197,2,1,1,1,,46.72115,2.5186
201400017430,17,1,14,17,1,18,197,2,3,1,3,Avenue Jean Jaures,46.72413,2.49894
201400017431,23,1,14,0,3,18,86,1,1,2,6,,46.701,2.525
201400017432,20,2,14,19,3,18,197,1,3,2,3,RD101-Le Ptit Marcais,46.71023,2.5379
201400017433,21,3,14,11,1,18,197,2,1,1,6,parking commerce GIFI,46.7349,2.49187
201400017434,14,5,14,19,1,18,38,1,1,1,7,,46.77304,2.42774
201400017435,1,6,14,18,1,18,136,1,1,1,6,Bouffeloux,46.6872,2.38718
201400017436,29,8,14,15,1,18,38,2,1,1,7,20 avenue de St Amand,46.76808,2.4333
201400017437,30,10,14,13,1,18,197,2,1,1,6,avenue Jean Jaures,46.72519,2.4956
201400017438,22,12,14,22,5,18,197,2,2,5,3,Avenue de la Republique,46.72853,2.50882
201400017439,10,7,14,9,1,18,89,1,1,2,6,,0.0,0.0
201400017440,30,8,14,9,1,18,57,1,1,1,6,,0.0,0.0
201400017441,24,12,14,12,1,18,112,1,2,8,4,,0.0,0.0
201400017442,8,5,14,20,2,18,8,1,2,1,3,,46.955,2.3489
201400017443,25,7,14,22,3,18,58,1,1,1,7,,46.89,2.34
201400017444,3,3,14,18,2,18,62,2,1,1,1,LIEU DIT LES BLANCS,46.98229,2.9888
201400017445,5,3,14,17,1,18,275,1,1,1,6,,46.87,2.891
201400017446,16,3,14,10,1,18,108,2,1,1,2,rue du marechal leclerc,0.0,0.0