Num_Acc,jour,mois,an,hr,condition_eclairage,departement,commune,condition_agglomeration,intersection,condition_atmosphere,type_collision,adresse,lattitude,longitude
201400017447,25,7,14,11,1,18,155,1,1,1,6,,0.0,0.0
201400017448,30,8,14,17,1,18,48,1,1,1,6,,46.908,2.948
201400017449,9,10,14,7,3,18,113,1,1,3,7,,0.0,0.0
201400017450,2,2,14,14,1,18,67,2,1,1,6,16 Route d'Isdes,47.56997,2.30525
201400017451,25,4,14,10,1,18,30,2,1,8,6,35 ROUTE DE COULLONS,47.541,2.53
201400017452,18,5,14,15,1,18,11,1,1,1,1,,0.0,0.0
201400017453,30,6,14,11,1,18,165,2,1,1,6,Place du 8 mai,47.32,2.256
201400017454,24,9,14,7,2,18,159,1,2,1,3,,47.32035,2.18315
201400017455,9,11,14,20,3,18,165,1,1,2,6,,47.299,2.277
201400017456,21,11,14,10,1,18,219,1,1,1,1,,0.0,0.0
201400017457,17,2,14,8,1,18,138,2,1,7,6,45 rue des marais,47.10203,2.27851
201400017458,9,3,14,10,1,18,141,2,3,1,3,RUE ANDRE BREMU,47.13027,2.21103
201400017459,21,3,14,0,3,18,28,1,1,1,6,,0.0,0.0
201400017460,2,4,14,3,3,18,103,1,1,1,7,,0.0,0.0
201400017461,8,4,14,21,3,18,128,1,1,1,1,,0.0,0.0
201400017462,16,5,14,19,1,18,281,2,6,1,3,,0.0,0.0
201400017463,21,5,14,15,1,18,138,1,2,1,3,,0.0,0.0
201400017464,21,7,14,15,1,18,141,2,1,1,6,111 RUE JEANNE D ARC,47.14454,2.21597
201400017465,30,7,14,18,1,18,237,1,1,1,3,,47.069,2.1929
201400017466,8,8,14,16,1,18,281,1,2,1,6,,47.1947,2.21426
201400017467,27,9,14,14,1,18,190,2,1,1,1,route de MEHUN,0.0,0.0
201400017468,4,11,14,17,3,18,210,1,1,1,6,,0.0,0.0
201400017469,18,11,14,7,2,18,141,2,1,3,6,place du 14 juillet,0.0,0.0
201400017470,26,11,14,17,2,18,237,2,1,1,1,route de BOURGES,47.0808,2.1981
201400017471,8,3,14,7,1,73,50,1,1,1,6,,45.6813,5.8509
201400017472,17,5,14,16,1,73,127,1,1,1,3,,45.6026,5.69
201400017473,31,5,14,11,1,73,39,1,1,1,5,,45.5683,5.6651
201400017474,22,6,14,10,1,73,219,2,3,1,2,,45.5579,5.789
201400017475,23,9,14,3,3,73,229,1,1,1,1,,45.4559,5.7871
201400017476,21,11,14,4,3,73,282,1,1,1,7,,45.489,5.8354
201400017477,8,2,14,22,5,73,84,1,4,1,3,,45.5114,6.0067
201400017478,2,8,14,17,1,73,151,2,1,1,2,,45.5003,6.0003
201400017479,23,10,14,9,1,73,247,1,1,1,6,,45.543,6.1392
201400017480,31,1,14,19,5,73,188,2,3,1,3,cd925/d69A,45.6268,6.3419
201400017481,19,5,14,19,1,73,283,1,1,1,6,,45.6196,6.3068
201400017482,22,6,14,11,1,73,303,1,1,1,7,,45.7945,6.4844
201400017483,13,8,14,18,1,73,129,2,1,1,1,270 grand rue,0.0,0.0
201400017484,25,2,14,8,1,73,248,1,1,1,1,,45.2682,6.3279
201400017485,5,5,14,18,1,64,511,1,1,1,2,,0.0,0.0
201400017486,23,9,14,22,5,64,37,1,1,1,6,,43.343,-0.509
201400017487,18,1,14,15,1,64,216,1,1,2,1,,0.0,0.0
201400017488,30,1,14,7,5,64,405,2,1,3,6,RUE DES CORDELIERS,43.35,-0.262
201400017489,12,2,14,0,3,64,152,1,1,2,6,,0.0,0.0
201400017490,16,4,14,17,1,64,210,1,1,1,7,,0.0,0.0
201400017491,22,7,14,12,1,64,405,1,6,1,2,,0.0,0.0
201400017492,6,9,14,19,1,64,238,1,1,1,3,,0.0,0.0
201400017493,22,9,14,9,1,64,405,2,6,1,3,D943,43.355,-0.255
201400017494,19,11,14,19,3,64,59,1,1,1,6,,43.283,-0.232
201400017495,12,12,14,18,3,64,419,2,1,1,4,RD 817,0.0,0.0
201400017496,1,1,14,4,3,64,68,1,1,1,6,,0.0,0.0
201400017497,12,1,14,15,1,64,400,1,1,1,7,,43.145,-0.208
201400017498,27,6,14,20,1,64,536,1,1,1,6,,0.0,0.0
201400017499,1,7,14,16,1,64,321,2,1,1,3,CHEMIN DE BEDAT,43.438,-0.297
201400017500,12,7,14,11,1,64,63,1,1,1,1,,0.0,0.0
201400017501,12,2,14,19,3,64,256,1,1,1,6,,0.0,0.0
201400017502,1,4,14,22,3,64,377,1,1,1,6,,0.0,0.0
201400017503,16,10,14,13,1,64,94,1,1,1,6,,0.0,0.0
201400017504,8,7,14,11,1,64,317,1,1,2,5,,43.381,-1.434
201400017505,17,10,14,11,1,64,188,2,1,1,3,Rue Muxurendorda,43.237,-0.866
201400017506,29,9,14,8,1,64,175,1,1,1,1,,43.085,-0.417
201400017507,23,10,14,16,1,64,320,1,1,1,7,,42.826,-0.396
201400017508,5,12,14,11,1,64,320,1,1,4,7,,42.826,-0.405
201400017509,29,3,14,15,1,64,393,1,1,1,6,,43.325,-0.596
201400017510,10,5,14,12,1,64,149,1,1,1,5,,0.0,0.0
201400017511,1,9,14,16,1,64,306,1,1,1,1,,43.343,-0.596
201400017512,17,10,14,14,1,64,178,1,1,1,3,,43.341,-0.779
201400017513,29,11,14,12,1,64,459,1,1,1,1,,43.284,-0.721
201400017514,10,3,14,20,5,64,108,2,1,1,7,ROUTE DE LAHONTAN,0.0,0.0
201400017515,20,7,14,15,1,45,146,2,1,1,6,RTE DE CHAUMONT,47.70258,1.93024
201400017516,10,2,14,7,2,45,272,2,1,2,6,1136 R DE GAUTRAY,47.81051,1.95282
201400017517,11,3,14,18,2,45,324,2,1,1,3,9 RTE D'OUVROUER,47.79989,2.19672
201400017518,25,6,14,11,1,45,173,1,2,1,3,,47.84767,2.13554
201400017519,27,6,14,13,1,45,311,2,1,1,3,53 RTE CHATEAUNEUF,47.83605,2.22521
201400017520,17,9,14,7,1,45,193,2,2,1,3,D 921/D 7,47.76451,2.02095
201400017521,18,10,14,18,1,45,272,1,1,1,3,,47.81681,1.97277
201400017522,8,6,14,20,1,45,40,1,1,1,6,CH LA CHEUILLE,47.57927,2.80973
201400017523,12,11,14,15,1,45,323,1,1,1,1,,0.0,0.0
201400017524,21,6,14,14,1,45,149,1,1,1,6,,48.08946,3.01645
201400017525,6,7,14,12,1,45,265,1,1,2,1,LES GOURDETS,48.10532,2.94868
201400017526,12,11,14,10,1,45,97,2,1,1,7,rue de chateau renard,0.0,0.0
201400017527,27,2,14,13,1,45,347,2,3,2,3,R BOURG/CROIX ALLARD,48.08271,2.23287
201400017528,16,3,14,17,1,45,111,1,1,1,6,,48.05389,2.21948
201400017529,15,9,14,9,1,45,224,1,1,7,1,,48.08962,2.03987
201400017530,27,9,14,19,1,45,240,1,2,1,3,D 97/D 22,48.23316,2.07665
201400017531,23,11,14,18,5,45,88,2,1,8,1,RTE BAZOCHES,48.16972,1.97909
201400017532,9,12,14,5,3,45,72,1,1,9,6,,47.99574,1.94289
201400017533,18,1,14,19,5,60,646,2,1,1,1,intersection D901 - D133,0.0,0.0
201400017534,4,4,14,17,1,60,230,1,1,1,7,,0.0,0.0
201400017535,9,2,14,7,2,60,681,1,1,1,1,,0.0,0.0
201400017536,12,2,14,9,1,60,516,1,1,1,7,,0.0,0.0
201400017537,6,3,14,11,1,60,319,1,1,7,6,,0.0,0.0
201400017538,21,3,14,8,1,60,516,1,1,2,6,,0.0,0.0
201400017539,12,8,14,9,1,60,235,1,1,1,1,,0.0,0.0
201400017540,25,9,14,7,2,60,29,1,1,5,3,,0.0,0.0
201400017541,3,10,14,12,1,60,660,1,1,1,6,,0.0,0.0
201400017542,14,1,14,0,5,60,590,2,1,8,6,rue du Marechal Leclerc,0.0,0.0
201400017543,23,2,14,6,2,60,387,1,1,9,6,,0.0,0.0
201400017544,1,3,14,14,1,60,435,1,1,1,7,,0.0,0.0
201400017545,9,3,14,15,1,60,387,1,6,7,7,,0.0,0.0
201400017546,11,3,14,16,1,60,286,1,1,1,1,,0.0,0.0
201400017547,10,4,14,12,1,60,387,2,1,1,6,,0.0,0.0
201400017548,4,5,14,9,1,60,388,1,2,1,1,,0.0,0.0
201400017549,24,6,14,7,1,60,110,1,3,1,1,,0.0,0.0
201400017550,27,6,14,20,1,60,4,1,2,1,3,,0.0,0.0
201400017551,12,9,14,19,2,60,271,1,1,7,6,,0.0,0.0
201400017552,2,10,14,3,5,60,566,1,1,1,6,,0.0,0.0
201400017553,21,9,14,22,3,60,245,1,1,1,6,,0.0,0.0
201400017554,24,10,14,19,3,60,521,1,1,2,3,,0.0,0.0
201400017555,3,11,14,16,1,60,521,1,1,3,1,,0.0,0.0
201400017556,1,12,14,8,1,60,605,1,1,1,1,,0.0,0.0
201400017557,9,12,14,18,5,60,590,2,1,1,6,Rue du Maréchal Leclerc,0.0,0.0
201400017558,16,12,14,8,2,60,286,1,1,5,5,,0.0,0.0
201400017559,19,12,14,8,3,60,136,1,1,2,1,,0.0,0.0
201400017560,3,1,14,7,2,60,513,1,1,1,1,,0.0,0.0
201400017561,11,2,14,7,2,60,601,2,1,1,3,,0.0,0.0
201400017562,5,3,14,9,1,60,686,2,1,1,3,,0.0,0.0
201400017563,11,3,14,16,1,60,584,2,1,1,3,RUE DE L HOTEL DIEU,0.0,0.0
201400017564,1,5,14,11,1,60,686,2,3,2,6,,0.0,0.0
201400017565,13,5,14,12,1,60,686,1,1,1,6,,0.0,0.0
201400017566,18,2,14,17,1,60,253,1,2,1,3,,0.0,0.0
201400017567,19,12,14,21,5,60,627,1,1,1,6,,0.0,0.0
201400017568,1,3,14,14,1,60,133,1,2,1,3,,0.0,0.0
201400017569,1,3,14,18,2,60,581,1,1,1,1,,0.0,0.0
201400017570,18,8,14,20,1,60,177,1,2,1,3,,49.463,2.566
201400017571,3,10,14,14,1,60,522,2,2,1,5,Carrefour D23 - D 117,49.559,2.426
201400017572,19,10,14,18,2,60,581,2,2,1,1,Rue de Beauvais,49.51,2.43
201400017573,27,10,14,18,2,60,581,2,1,1,6,RUE DU BANC ST PIERRE,49.513,2.435
201400017574,14,11,14,18,5,60,581,2,2,2,3,RD938,0.0,0.0
201400017575,24,11,14,14,2,60,526,1,1,1,1,,0.0,0.0
201400017576,21,3,14,21,5,60,188,2,1,1,1,rue des tuileries,0.0,0.0
201400017577,30,4,14,2,5,60,119,2,1,8,6,"201,rue nationale",0.0,0.0
201400017578,1,5,14,11,1,60,188,2,1,2,6,RUE DU DOCTEUR MOUSSEAU,0.0,0.0
201400017579,5,5,14,12,1,60,25,1,2,1,3,,0.0,0.0
201400017580,15,6,14,20,1,60,32,2,1,1,6,11 rue de la Horse,0.0,0.0
201400017581,26,7,14,12,1,60,119,2,1,1,7,254 rue du moulinet,0.0,0.0
201400017582,20,8,14,11,1,60,438,1,1,7,3,,0.0,0.0
201400017583,14,9,14,11,1,60,156,2,1,1,7,130 rue de la République,0.0,0.0
201400017584,17,10,14,18,5,60,392,2,6,3,5,"d15, petit melicocq",0.0,0.0
201400017585,8,12,14,8,2,60,537,1,1,9,1,,0.0,0.0
201400017586,31,12,14,18,5,60,119,2,1,1,1,rue des plantes,0.0,0.0
201400017587,16,7,14,15,1,60,21,1,1,1,1,,0.0,0.0
201400017588,25,7,14,1,3,60,181,2,1,1,6,RUE MARCEL FOULIN,0.0,0.0
201400017589,7,8,14,5,2,60,278,2,1,2,1,RUE DE PARIS,0.0,0.0
201400017590,19,8,14,21,1,60,471,2,1,1,6,D145 - avenue Jean JAURE,0.0,0.0
201400017591,7,9,14,20,4,60,507,2,1,1,2,d934 grande rue,0.0,0.0
201400017592,5,10,14,6,2,60,471,2,1,1,6,rue de llalib?ration,0.0,0.0
201400017593,27,10,14,17,1,60,558,2,1,7,6,Rue Saint-Martin,0.0,0.0
201400017594,21,11,14,17,2,60,471,2,1,1,6,Boulevard Ernest Noel,0.0,0.0
201400017595,12,1,14,18,3,60,48,1,1,1,1,,0.0,0.0
201400017596,20,2,14,8,1,60,254,1,2,2,3,,0.0,0.0
201400017597,20,2,14,19,5,60,383,2,1,2,6,grande rue,0.0,0.0
201400017598,10,3,14,8,1,60,160,1,4,1,2,,0.0,0.0
201400017599,16,4,14,19,1,60,441,1,6,7,3,,0.0,0.0
201400017600,26,5,14,7,1,60,386,1,1,2,1,,0.0,0.0
201400017601,7,8,14,18,1,60,351,1,1,1,1,,0.0,0.0
201400017602,24,9,14,16,1,60,223,2,1,1,1,rue des sablons,0.0,0.0
201400017603,16,12,14,12,1,60,281,1,1,1,1,,0.0,0.0
201400017604,17,2,14,19,5,60,667,2,1,1,2,Avenue Rene Firmin,0.0,0.0
201400017605,30,4,14,7,1,60,560,1,1,1,6,,0.0,0.0
201400017606,30,4,14,19,2,60,670,1,1,1,6,,0.0,0.0
201400017607,14,5,14,7,1,60,509,2,1,1,6,rue PERRONET,0.0,0.0
201400017608,30,8,14,17,1,60,670,2,1,1,3,rue camilles desmoulins,0.0,0.0
201400017609,14,10,14,19,1,60,68,2,9,1,6,Chateau de la DOUYE,0.0,0.0
201400017610,26,12,14,11,1,60,670,2,1,1,3,D 120,0.0,0.0
201400017611,16,7,14,15,1,90,139,1,1,1,7,,42.61159,1.81924
201400017612,19,10,14,15,1,90,32,1,1,1,4,,41.7065,1.83637
201400017613,20,10,14,7,2,90,131,2,1,1,7,,42.76813,1.75577
201400017614,1,11,14,11,1,90,189,1,1,1,7,,42.6635,1.83439
201400017615,11,7,14,5,2,90,290,1,1,1,7,,0.0,0.0
201400017616,21,7,14,17,1,90,261,2,1,1,2,Avenue Aristide Berg?s,42.98935,1.1392
201400017617,23,7,14,11,1,90,289,2,1,1,6,Avenue Charles de Gaulle,0.0,0.0
201400017618,10,8,14,19,2,90,5,1,1,3,7,,0.0,0.0
201400017619,9,1,14,21,3,83,25,1,1,1,7,,0.0,0.0
201400017620,10,3,14,10,1,83,32,1,1,1,1,,0.0,0.0
201400017621,4,4,14,18,1,83,21,1,1,1,3,,0.0,0.0
201400017622,9,4,14,0,5,83,32,2,1,1,1,"RD 562, PK 11+100",0.0,0.0
201400017623,18,4,14,20,3,83,154,1,1,1,1,,0.0,0.0
201400017624,16,5,14,23,3,83,135,1,1,1,1,,43.571,6.017
201400017625,23,5,14,21,3,83,84,1,1,1,6,,0.0,0.0
201400017626,7,6,14,10,1,83,12,2,1,1,2,"RD554, route de Tavernes",0.0,0.0
201400017627,25,6,14,10,1,83,51,1,1,1,3,,0.0,0.0
201400017628,2,7,14,17,1,83,46,2,7,1,7,Place Joseph SIGOT,43.52675,6.15046
201400017629,8,7,14,18,1,83,32,1,1,1,7,,0.0,0.0
201400017630,23,7,14,4,3,83,60,1,1,1,6,,0.0,0.0
201400017631,4,8,14,23,3,83,25,1,1,1,1,,0.0,0.0
201400017632,10,8,14,12,1,83,32,1,1,1,1,,0.0,0.0
201400017633,10,8,14,19,1,83,32,1,1,1,1,,0.0,0.0
201400017634,11,9,14,22,3,83,39,1,1,1,6,,0.0,0.0
201400017635,24,9,14,20,3,83,95,1,1,1,1,,0.0,0.0
201400017636,29,9,14,21,3,83,12,2,1,1,6,RD 560 - PK 38+700,0.0,0.0
201400017637,25,11,14,19,5,83,83,1,1,3,6,627 Rue des ecoles,43.47365,6.12333
201400017638,13,12,14,12,1,83,39,1,1,1,7,,0.0,0.0
201400017639,22,7,14,17,1,83,56,1,1,1,1,,0.0,0.0
201400017640,18,8,14,22,3,83,10,1,1,1,6,,0.0,0.0
201400017641,10,9,14,14,1,90,9,2,1,2,6,rue des d?port?s,0.0,0.0
201400017642,21,10,14,11,1,90,63,1,1,3,1,,0.0,0.0
201400017643,28,10,14,17,2,90,9,1,1,2,7,,0.0,0.0
201400017644,15,1,14,19,4,90,72,2,1,1,6,RUE GENERAL LECLERC,0.0,0.0
201400017645,16,3,14,14,1,90,77,2,8,1,1,rue de la barri?re,0.0,0.0
201400017646,15,6,14,10,1,90,14,1,1,1,7,,0.0,0.0
201400017647,9,8,14,11,1,50,601,2,1,1,4,RUE HAVIN,49.0375,-0.98137
201400017648,13,8,14,14,1,50,32,1,1,1,1,ROUTE DE LA BARBEE,49.0815,-1.03304
201400017649,8,10,14,11,1,50,538,1,3,1,3,LA CROIX ROUGE,49.1383,-0.96276
201400017650,22,10,14,14,1,50,325,1,1,1,6,LE BOURG,49.1597,-1.27789
201400017651,21,2,14,13,1,50,74,1,1,1,1,LA TESSONNIERE,48.7329,-1.16769
201400017652,27,3,14,15,1,50,74,1,2,1,1,LA DOISNELLIERE,48.7327,-1.16766
201400017653,21,6,14,10,1,50,185,1,1,1,2,LA GALONNIERE,48.8413,-1.29076
201400017654,29,10,14,8,1,50,121,1,1,1,1,L'AULNERIE,48.8121,-1.17155
201400017655,14,7,14,17,1,50,397,1,3,1,3,LA GEFRERE,48.7212,-1.00991
201400017656,24,9,14,4,3,50,131,1,1,5,6,LES FORGES,48.704,-0.99065
201400017657,9,10,14,16,1,50,494,1,2,1,3,,48.6091,-0.90907
201400017658,4,6,14,21,1,50,347,1,3,1,3,LA LATTE,48.5249,-1.29253
201400017659,27,1,14,11,1,50,256,2,1,2,6,LE BOURG,48.5864,-1.18502
201400017660,5,3,14,11,1,50,293,1,1,1,6,LA HODINIERE,48.6281,-1.12014
201400017661,12,4,14,19,1,50,484,2,2,1,3,LA CROIX DE  L'EPINE,48.5687,-1.07589
201400017662,12,4,14,15,1,50,256,1,3,1,3,,48.6151,-1.24006
201400017663,4,5,14,17,1,50,515,1,1,1,3,LA RUSSELIERE,48.5728,-1.17976
201400017664,1,6,14,17,1,50,274,2,3,1,3,PLACE SAINT MICHEL,48.5775,-1.09377
201400017665,11,6,14,15,1,50,293,1,1,1,2,LE TURMEL,48.6085,-1.10205
201400017666,24,6,14,19,1,50,591,2,2,1,3,RUE DU DOCTEUR MALON,48.538,-0.87398
201400017667,19,7,14,18,1,50,515,1,3,1,3,LA FROIDRIERE,48.5647,-1.18657
201400017668,30,7,14,10,1,50,263,2,2,1,3,LA CROIX DE L'EPINE,48.5687,-1.07589
201400017669,21,9,14,17,1,50,256,1,2,1,3,LA CROIX VEZINS,48.598,-1.22824
201400017670,23,10,14,20,5,50,484,1,3,1,3,RUE DE PARIS,48.5719,-1.07615
201400017671,29,12,14,20,5,50,274,2,1,9,3,RUE DE PARIS,48.5754,-1.08315
201400017672,15,1,14,15,1,50,433,2,1,2,1,RUE DU GENERAL DE GAULLE,49.6189,-1.25959
201400017673,21,3,14,14,1,50,296,1,3,1,2,HAMEL ES RONCHE,49.645,-1.45916
201400017674,11,7,14,17,1,50,615,2,1,1,6,RUE VILLAULT DUCHESNOIS,49.5099,-1.46943
201400017675,18,12,14,9,1,50,395,1,3,2,3,L'ESCARBOSVILLE,49.6102,-1.2927
201400017676,1,3,14,14,1,50,503,1,1,1,3,VARREVILLE,49.3209,-1.66946
201400017677,11,9,14,17,1,50,604,1,1,7,1,,49.5554,-1.85374
201400017678,9,12,14,6,3,50,646,1,1,1,3,LE HAUT DES COTES,49.4502,-1.68368
201400017679,5,5,14,10,1,50,400,1,1,1,2,LA CAMPAGNE SAINT ANDRE,49.371,-1.38972
201400017680,17,5,14,16,1,50,341,1,1,1,6,ROUTE DE LA MUSERESTE,49.4997,-1.38518
201400017681,4,10,14,0,3,50,186,1,1,1,6,LE RUAGE,49.4708,-1.45015
201400017682,30,10,14,22,3,50,341,1,2,1,3,LES BUHOTS,49.508,-1.37001
201400017683,1,11,14,19,3,50,191,1,1,1,1,,49.4367,-1.25932
201400017684,10,11,14,15,1,50,370,1,1,1,1,RUE DE SAUDRE,49.4081,-1.56647
201400017685,5,12,14,20,3,50,509,1,1,2,1,LA DUNE,49.4005,-1.19972
201400017686,26,1,14,17,1,50,111,1,1,8,6,LA BERGERIE,49.0318,-1.24889
201400017687,6,2,14,20,3,50,61,1,1,3,6,LA CLERQUERIE,49.0827,-1.53825
201400017688,8,4,14,7,1,50,388,1,2,2,3,,49.0014,-1.44294
201400017689,24,10,14,11,1,50,3,1,3,1,3,LES LANDELLES,49.0636,-1.59788
201400017690,14,11,14,10,1,50,215,2,1,7,6,RUE DU SUD,49.0947,-1.58686
201400017691,14,11,14,19,4,50,44,1,1,1,5,LA CHAPELLE,49.0738,-1.3516
201400017692,6,4,14,15,1,50,228,1,1,1,1,LE MIGNON,48.9517,-1.27307
201400017693,16,7,14,11,1,50,76,2,6,1,1,RUE BRISELANCE,48.8981,-1.51143
201400017694,30,4,14,17,1,50,403,2,2,1,3,RUE DES VINGT LIBRAIRES,49.1807,-1.57336
201400017695,2,4,14,17,1,50,50,2,1,1,6,,44.46491,6.22999
201400017696,24,10,14,22,3,50,39,1,1,1,7,,44.75882,6.00797
201400017697,14,7,14,16,1,50,40,1,1,1,1,,44.5303,6.32206
201400017698,11,6,14,12,1,50,164,2,9,7,2,avenue de la combe d'or,44.52635,6.40145
201400017699,8,12,14,18,1,50,45,1,1,1,5,,44.53375,6.46398
201400017700,22,6,14,7,1,14,288,2,1,1,6,D 93 A,49.2519,-0.48674
201400017701,24,3,14,16,1,14,605,2,1,1,6,ROUTE DE PORT-EN- BESSIN,49.3591,-0.88102
201400017702,29,3,14,17,1,14,614,2,2,1,3,RUE DE LA GARE,49.2265,-1.05009
201400017703,6,8,14,11,1,14,480,2,6,8,7,,49.3222,-1.09222
201400017704,10,10,14,7,2,14,370,2,6,1,3,ROND POINT DE L  TOILE,49.2427,-0.87284
201400017705,11,10,14,21,3,14,763,1,1,1,7,,0.0,0.0
201400017706,12,10,14,18,1,14,35,1,1,2,6,,49.1803,-0.8241
201400017707,22,1,14,18,4,14,676,2,7,1,2,,49.2937,-0.64819
201400017708,18,3,14,11,1,14,191,2,1,1,6,RUE DE LA MER,49.332,-0.45798
201400017709,2,6,14,20,1,14,515,2,4,1,1,CHEMIN DU SEMAPHORE,49.3462,-0.77351
201400017710,31,12,14,18,3,14,200,1,2,1,3,,0.0,0.0
201400017711,11,4,14,17,1,14,692,1,2,1,2,,49.1589,-0.63255
201400017712,14,7,14,12,1,14,372,2,1,1,6,LIEU-DIT MITRECAMP,49.1029,-0.79328
201400017713,30,11,14,16,2,14,449,1,1,1,2,,49.1227,-0.62847
201400017714,12,1,14,4,3,14,578,1,1,1,6,,49.364,0.15254
201400017715,31,1,14,6,3,14,85,1,1,8,6,,49.2845,0.34823
201400017716,26,5,14,22,3,14,578,1,2,2,3,,49.3553,0.17072
201400017717,12,11,14,16,1,14,77,2,1,1,1,ROUTE DE LA CIDRERIE,49.2488,0.27235
201400017718,30,1,14,9,1,14,70,1,1,1,6,,49.195,-0.05579
201400017719,8,3,14,15,1,14,126,1,1,1,6,,49.1424,0.06038
201400017720,10,4,14,21,5,14,723,1,2,1,1,CARREFOUR RD45/RD16,49.2351,0.09681
201400017721,2,6,14,14,1,14,45,1,1,1,1,,49.2089,-0.11733
201400017722,22,6,14,11,1,14,16,2,9,1,2,LE  BOURG,49.2537,0.05671
201400017723,17,9,14,4,5,14,16,2,1,1,6,D 45  ANNEBAULT,49.2533,0.05727
201400017724,28,2,14,9,1,14,45,1,3,7,3,,49.2003,-0.12981
201400017725,4,2,14,13,1,14,5,1,1,6,7,,49.0844,-0.15114
201400017726,24,6,14,21,5,14,20,2,1,1,7,,49.1418,-0.16375
201400017727,26,6,14,11,1,14,637,1,1,1,7,D 78,49.1724,-0.11311
201400017728,21,8,14,18,1,14,408,2,1,1,6,RUE PAUL SAMSON,49.0961,-0.3716
201400017729,3,9,14,7,1,14,90,1,1,5,1,BOULON RD 562 A,49.0709,-0.38985
201400017730,19,9,14,10,1,14,116,1,2,1,3,D 91/ D 239 LE BU SUR RO,49.0372,-0.16794
201400017731,1,10,14,15,1,14,556,1,2,1,2,,49.1285,-0.37712
201400017732,1,10,14,22,3,14,287,1,1,3,3,,49.1383,-0.23743
201400017733,17,10,14,16,1,14,57,1,1,1,6,,49.1318,-0.20314
201400017734,18,10,14,23,3,14,20,1,1,1,3,,49.1191,-0.18072
201400017735,15,3,14,15,1,14,213,1,1,1,6,,0.0,0.0
201400017736,21,7,14,22,3,14,427,1,1,1,7,,48.8513,-0.38044
201400017737,7,1,14,19,3,14,326,1,1,1,3,,49.1631,0.2754
201400017738,29,3,14,14,1,14,154,2,1,1,1,,49.0679,0.33075
201400017739,25,5,14,3,3,14,270,1,1,1,6,,0.0,0.0
201400017740,1,6,14,1,3,14,293,1,1,1,6,,49.1574,0.37857
201400017741,8,6,14,17,1,14,478,1,2,1,3,D519,49.0171,0.40506
201400017742,2,7,14,11,1,14,460,2,1,1,2,RUE JEAN MONNET,49.1947,0.36006
201400017743,13,9,14,12,1,14,326,1,1,1,3,,0.0,0.0
201400017744,21,9,14,17,1,14,626,1,1,1,3,LA FORTINERIE,49.0771,0.28848
201400017745,28,10,14,11,1,14,504,1,1,1,3,,0.0,0.0
201400017746,1,12,14,8,2,14,595,1,1,1,6,,0.0,0.0
201400017747,15,7,14,15,1,14,189,1,1,1,1,,49.062,0.10615
201400017748,20,7,14,2,3,14,697,1,1,1,7,COTE DU BILLOT,48.9703,0.06846
201400017749,22,8,14,5,3,14,173,2,1,2,6,ROUTE DE GLATIGNY,0.0,0.0
201400017750,4,1,14,18,5,14,762,2,1,2,6,,48.8455,-0.89849
201400017751,9,2,14,17,1,14,762,1,3,8,3,,48.8447,-0.9134
201400017752,10,2,14,12,1,14,417,1,1,8,1,,48.8667,-0.9665
201400017753,15,7,14,12,1,14,717,1,1,1,5,LE VIVIER DES BROUSSES,48.7964,-0.8004
201400017754,1,9,14,18,1,14,584,1,2,7,3,LE MAUPAS D76,48.8104,-0.92854
201400017755,26,9,14,19,5,14,762,2,1,1,6,ROUTE DES VAUX,0.0,0.0
201400017756,27,10,14,18,3,14,584,1,1,1,5,,0.0,0.0
201400017757,23,3,14,1,3,14,113,1,1,2,6,,48.8597,-0.81553
201400017758,27,4,14,12,1,14,174,1,1,2,6,,48.86,-0.53354
201400017759,15,5,14,6,2,14,521,1,1,1,6,,48.8905,-0.77476
201400017760,9,6,14,19,1,14,662,2,1,2,7,LE BOURG,48.9086,-0.64243
201400017761,24,12,14,11,1,14,521,1,1,2,1,,48.892,-0.783
201400017762,3,10,14,8,1,60,7,2,1,1,2,RD9 Route de CANNES,0.0,0.0
201400017763,6,4,14,3,3,60,148,1,1,1,6,,0.0,0.0
201400017764,16,8,14,14,1,60,136,1,1,2,1,,0.0,0.0
201400017765,27,2,14,7,1,60,163,1,1,9,1,,44.103,7.589
201400017766,6,8,14,16,5,60,23,2,1,1,6,,43.946,7.518
201400017767,21,3,14,12,1,60,150,1,1,1,6,,0.0,0.0
201400017768,13,7,14,10,1,60,59,2,1,1,2,,0.0,0.0
201400017769,23,8,14,1,5,60,150,1,1,1,1,,0.0,0.0
201400017770,24,11,14,9,1,60,59,1,1,1,1,,0.0,0.0
201400017771,4,12,14,8,1,60,150,1,1,8,2,,0.0,0.0
201400017772,23,10,14,8,1,60,101,1,1,1,3,,0.0,0.0
201400017773,27,7,14,11,1,60,120,1,1,1,6,,0.0,0.0
201400017774,11,8,14,14,1,60,120,1,1,1,7,,0.0,0.0
201400017775,25,10,14,13,1,60,73,1,1,1,6,,0.0,0.0