Num_Acc,jour,mois,an,hr,condition_eclairage,departement,commune,condition_agglomeration,intersection,condition_atmosphere,type_collision,adresse,lattitude,longitude
201400017776,27,8,14,18,1,60,127,1,1,7,6,,0.0,0.0
201400017777,9,2,14,17,1,72,328,1,1,3,1,,48.031,0.222
201400017778,15,5,14,7,1,72,94,1,1,1,1,,47.995,0.62
201400017779,24,5,14,5,2,72,54,2,1,1,1,rue Leopold Goulomes,48.027,0.335
201400017780,21,6,14,20,1,72,241,1,1,1,6,,48.053,0.442
201400017781,5,1,14,21,3,72,24,1,1,2,5,,0.0,0.0
201400017782,8,1,14,19,5,72,89,2,1,1,3,24 Rue de l'eglise,48.12396,-0.01923
201400017783,7,5,14,19,1,72,198,1,1,1,5,,0.0,0.0
201400017784,10,1,14,16,1,72,27,1,2,1,3,,47.676,0.559
201400017785,22,2,14,10,1,72,134,1,3,3,3,,0.0,0.0
201400017786,14,2,14,18,5,72,184,2,1,6,1,rue principale,0.0,0.0
201400017787,26,1,14,10,1,72,51,2,1,1,7,62 rue Nationale,0.0,0.0
201400017788,5,2,14,19,3,72,291,1,1,2,7,,0.0,0.0
201400017789,24,2,14,16,1,72,176,1,1,1,1,,47.64,0.087
201400017790,20,4,14,8,1,72,176,2,1,1,7,avenue de la lib?ration,47.654,0.14
201400017791,7,6,14,13,1,72,364,2,1,1,3,rue de la liberation,0.0,0.0
201400017792,18,1,14,0,3,72,122,1,1,1,1,,0.0,0.0
201400017793,5,2,14,13,1,72,122,1,1,6,3,,0.0,0.0
201400017794,5,9,14,8,1,72,245,1,1,1,1,,0.0,0.0
201400017795,18,9,14,0,3,72,375,1,1,1,2,,0.0,0.0
201400017796,27,9,14,15,1,72,132,2,1,1,3,rue robert surmont,0.0,0.0
201400017797,26,10,14,0,3,72,363,1,1,5,6,,0.0,0.0
201400017798,19,11,14,18,2,72,93,1,2,1,3,,0.0,0.0
201400017799,8,12,14,10,1,72,132,1,1,1,6,,0.0,0.0
201400017800,9,12,14,18,3,72,80,1,1,2,2,,0.0,0.0
201400017801,16,1,14,18,2,72,337,1,1,2,1,,0.0,0.0
201400017802,14,3,14,18,1,72,212,1,1,1,7,,0.0,0.0
201400017803,25,7,14,17,1,72,137,1,1,1,7,,0.0,0.0
201400017804,9,9,14,7,1,72,337,1,1,1,1,,0.0,0.0
201400017805,12,9,14,15,1,72,266,1,1,7,6,,0.0,0.0
201400017806,20,3,14,17,1,54,569,1,1,1,1,,48.84418,6.12852
201400017807,13,4,14,6,2,54,60,2,1,1,4,RD 657,48.4904,6.548
201400017808,20,4,14,22,3,54,372,1,1,1,7,,48.82474,6.26554
201400017809,9,5,14,8,1,54,31,2,3,1,3,route de Millery,48.82131,6.11641
201400017810,27,6,14,8,1,54,72,1,1,1,2,,48.8471,6.09534
201400017811,3,2,14,7,2,54,445,1,1,5,6,,48.65244,6.49316
201400017812,25,2,14,18,2,54,76,2,1,1,6,Avenue Pierre S?mard,48.556,6.397
201400017813,1,6,14,12,1,54,393,1,1,1,2,,48.46625,6.56117
201400017814,9,5,14,11,1,54,77,2,9,1,6,80 rue du 18 novembre,48.59202,6.84385
201400017815,14,6,14,11,1,54,427,1,1,1,7,,48.46743,6.92978
201400017816,23,7,14,10,1,54,427,1,1,1,3,,48.441,6.922
201400017817,25,8,14,16,1,54,230,1,1,1,1,,48.61733,6.87531
201400017818,1,5,14,5,3,54,523,1,1,1,7,,48.573,5.962
201400017819,14,2,14,19,3,54,225,1,1,1,7,,48.84034,6.00515
201400017820,21,3,14,12,1,54,557,1,1,1,3,,48.6892,6.00359
201400017821,28,9,14,18,1,54,202,1,1,7,2,,48.7083,5.97848
201400017822,30,10,14,10,1,54,557,1,1,1,1,,0.0,0.0
201400017823,13,12,14,16,2,54,208,1,1,2,7,,48.73217,5.93545
201400017824,14,12,14,7,2,54,318,1,1,2,6,,48.74754,6.07718
201400017825,13,5,14,23,5,54,415,2,1,1,6,rue Jean-Jaures,48.98062,6.02406
201400017826,26,9,14,21,3,54,564,1,1,1,6,,48.93017,5.90021
201400017827,23,10,14,18,3,54,22,1,1,1,6,,49.013,6.041
201400017828,30,9,14,11,1,66,3,2,1,3,5,ROUTE DE CERET,0.0,0.0
201400017829,18,5,14,11,1,14,220,2,1,1,3,"30, FERNAND MOUREAUX (BO",49.3625,0.08524
201400017830,1,1,14,1,3,14,79,1,1,1,6,TOURGEVILLE (ROUTE DE),49.3239,0.04148
201400017831,1,1,14,17,1,66,63,1,1,1,3,,0.0,0.0
201400017832,10,3,14,4,3,14,79,1,1,1,6,"4, TOURGEVILLE (ROUTE DE",49.3243,0.03872
201400017833,15,3,14,13,1,14,701,1,2,1,6,CD 278 A,49.311,0.08371
201400017834,16,1,14,13,1,14,715,2,1,1,7,SOEURS DE L'HOPITAL (RUE,49.3617,0.08951
201400017835,22,4,14,13,1,14,715,2,1,3,7,"61, JOHN FITZGERALD KENN",49.3567,0.08996
201400017836,7,4,14,14,1,14,699,2,2,1,3,CD 677,49.351,0.09245
201400017837,20,4,14,4,3,14,79,1,1,2,7,TOURGEVILLE (ROUTE DE),49.3234,0.02741
201400017838,21,5,14,21,1,14,220,2,3,1,3,REPUBLIQUE (AVENUE DE LA,49.355,0.06772
201400017839,24,4,14,19,1,14,79,2,1,1,3,"89, MICHEL D'ORNANO (AVE",49.3364,0.02263
201400017840,1,6,14,15,1,14,699,1,1,1,6,HONFLEUR (ROUTE D'HONFLE,49.3613,0.12162
201400017841,7,6,14,8,1,14,79,1,1,1,6,VILLERS (ROUTE DE),49.3105,0.02737
201400017842,25,6,14,12,1,14,220,2,1,1,6,ECORES (RUE DES),49.3641,0.0834
201400017843,14,2,14,9,1,14,220,2,1,1,3,MARINE (QUAI DE LA ),49.3607,0.08029
201400017844,23,2,14,13,1,14,715,2,3,1,3,RUE EUGENE ISABEY,49.3603,0.08792
201400017845,1,3,14,8,1,14,699,1,1,1,3,ARGUILLERS (CHEMIN DES),49.3636,0.12402
201400017846,2,10,14,6,3,14,701,1,0,2,6,CD 278 A,0.0,0.0
201400017847,11,3,14,18,1,14,699,2,1,1,7,TONNELIERS (RUE DES),49.348,0.09501
201400017848,11,12,14,16,1,66,24,1,1,1,1,,42.51749,2.8323
201400017849,17,4,14,16,1,14,220,2,2,1,3,FERNAND MOUREAUX (BOULEV,49.3644,0.08266
201400017850,1,5,14,19,1,14,699,2,2,1,3,HAUT BOIS (RUE DU),49.3519,0.10098
201400017851,21,5,14,19,1,14,59,2,2,1,7,TERRASSE (AVENUE DE LA),49.3524,0.05421
201400017852,5,6,14,16,1,14,699,2,3,1,3,ROY (CHEMIN DU),49.3468,0.09711
201400017853,13,6,14,17,1,14,715,2,1,1,7,GUILLAUME LE CONQUERANT,49.3631,0.08702
201400017854,1,7,14,8,1,14,220,2,1,1,3,AGUSTE-DECAENS (RUE),0.0,0.0
201400017855,14,7,14,11,1,14,220,2,1,1,7,REPUBLIQUE (AVENUE DE LA,0.0,0.0
201400017856,18,7,14,11,1,14,220,2,1,2,7,"50, MIRABEAU (RUE)",0.0,0.0
201400017857,18,7,14,16,1,14,79,1,1,1,7,TOURGEVILLE (ROUTE DE),0.0,0.0
201400017858,20,7,14,1,3,14,715,1,1,1,7,AGUESSEAU (ROUTE D'),0.0,0.0
201400017859,20,7,14,12,1,14,715,2,3,1,3,PARC CORDIER (AVENUE DU),0.0,0.0
201400017860,22,7,14,10,1,14,699,2,1,1,6,"28, ROSES (RUE DES)",0.0,0.0
201400017861,25,7,14,11,1,14,59,2,1,1,7,LAIS DE MER (RUE DES),0.0,0.0
201400017862,25,7,14,14,1,14,220,2,1,1,3,BRIQUETTERIE (CHEMIN DE,0.0,0.0
201400017863,29,7,14,22,3,14,701,1,1,1,7,CD 275,0.0,0.0
201400017864,30,7,14,13,1,14,220,2,1,1,2,REPUBLIQUE (AVENUE DE LA,0.0,0.0
201400017865,31,7,14,15,1,14,557,1,1,1,7,MARE (VOIE COMMUNALE DE,0.0,0.0
201400017866,2,8,14,17,1,14,715,2,3,1,3,FERNAND MOUREAUX (BOULEV,0.0,0.0
201400017867,3,8,14,11,1,14,79,1,1,1,7,MICHEL D'ORNANO (AVENUE),0.0,0.0
201400017868,19,8,14,11,1,14,220,2,1,1,7,REPUBLIQUE (AVENUE DE LA,0.0,0.0
201400017869,2,9,14,11,1,14,715,2,1,1,2,GENERAL DE GAULLE (RUE D,0.0,0.0
201400017870,4,9,14,16,1,14,220,2,1,1,2,AGUSTE-DECAENS (RUE),0.0,0.0
201400017871,13,9,14,13,1,14,220,2,1,1,7,REPUBLIQUE (AVENUE DE LA,0.0,0.0
201400017872,11,10,14,15,1,14,59,2,0,1,1,LITTORAL (AVENUE DU),0.0,0.0
201400017873,25,10,14,22,5,14,220,2,0,1,6,AGUSTE-DECAENS (RUE),0.0,0.0
201400017874,2,11,14,0,5,14,699,1,1,1,6,PEUPLIERS (RUE DES),0.0,0.0
201400017875,9,11,14,20,5,14,220,2,1,1,3,GENERAL LECLERC (RUE),0.0,0.0
201400017876,17,11,14,17,5,14,220,2,2,2,3,VICTOR HUGO (RUE),49.3547,0.06493
201400017877,20,11,14,11,1,14,699,2,1,1,6,ECOLES (RUE DES),49.3438,0.09985
201400017878,25,11,14,11,1,14,220,2,1,2,6,AGUSTE DECAENS (RUE),0.0,0.0
201400017879,26,11,14,8,1,14,701,1,1,5,6,CD 275,0.0,0.0
201400017880,27,11,14,18,5,14,220,2,1,1,6,CORNUCHE (BOULEVARD),49.3631,0.07543
201400017881,28,11,14,13,1,14,715,2,1,1,1,AGUESSEAU (ROUTE D'),0.0,0.0
201400017882,10,12,14,18,4,14,220,2,1,2,6,GARE (QUAI DE LA),0.0,0.0
201400017883,10,12,14,20,3,14,79,2,1,2,6,LAFORGE (RUE),0.0,0.0
201400017884,16,4,14,9,1,66,222,1,1,1,1,,0.0,0.0
201400017885,4,9,14,14,1,66,147,1,1,1,6,,0.0,0.0
201400017886,4,3,14,15,1,66,4,2,9,4,6,AVENUE DE BALCERE,42.58042,2.07225
201400017887,28,12,14,16,1,66,124,2,1,4,1,45 avenue Joffre,42.50304,2.04375
201400017888,8,3,14,6,1,66,71,1,1,1,6,,0.0,0.0
201400017889,10,6,14,7,1,66,71,1,1,7,1,,0.0,0.0
201400017890,24,6,14,16,1,66,107,1,1,1,2,,0.0,0.0
201400017891,11,12,14,14,1,66,187,1,1,2,3,,0.0,0.0
201400017892,17,12,14,20,5,66,46,2,2,1,1,avenue du roussilon,0.0,0.0
201400017893,30,8,14,10,1,58,95,2,1,1,3,rd 981,0.0,0.0
201400017894,14,2,14,20,5,58,88,2,1,1,6,rue du 08 mai 1945,0.0,0.0
201400017895,30,6,14,21,2,58,212,2,1,1,1,les champs martins,0.0,0.0
201400017896,4,9,14,9,1,58,303,1,2,1,1,,0.0,0.0
201400017897,5,10,14,17,1,58,311,1,2,2,3,,0.0,0.0
201400017898,20,3,14,12,1,58,276,1,1,1,7,,0.0,0.0
201400017899,13,5,14,11,1,58,63,1,1,8,2,,0.0,0.0
201400017900,18,5,14,15,1,58,82,1,1,1,7,,0.0,0.0
201400017901,3,6,14,12,1,58,63,1,1,1,1,,0.0,0.0
201400017902,9,8,14,17,1,58,276,1,1,2,7,,0.0,0.0
201400017903,11,9,14,16,1,58,262,1,1,1,5,,0.0,0.0
201400017904,23,9,14,16,1,58,221,1,1,1,6,,0.0,0.0
201400017905,11,1,14,23,3,58,80,1,1,1,6,,0.0,0.0
201400017906,4,10,14,15,1,58,65,2,1,1,1,lieu dit Frasnay,0.0,0.0
201400017907,15,8,14,18,1,26,165,1,1,1,3,26165,0.0,0.0
201400017908,10,1,14,7,2,26,113,2,1,1,6,AVENUE SADI CARNOT,0.0,0.0
201400017909,10,2,14,16,1,26,368,1,1,1,1,26368,0.0,0.0
201400017910,29,5,14,14,1,26,69,1,1,1,2,26069,0.0,0.0
201400017911,13,11,14,17,2,26,339,1,1,1,1,26339,0.0,0.0
201400017912,20,12,14,8,1,26,106,2,1,1,1,rn7,0.0,0.0
201400017913,23,12,14,15,1,26,339,1,1,1,1,26339,0.0,0.0
201400017914,24,11,14,13,2,66,116,1,1,2,1,,0.0,0.0
201400017915,2,7,14,17,1,26,307,1,1,1,6,26307,0.0,0.0
201400017916,14,11,14,9,1,26,349,1,1,1,1,26349,45.2098,5.0041
201400017917,22,12,14,18,3,26,349,1,1,1,6,26349,0.0,0.0
201400017918,21,8,14,18,1,70,428,2,1,1,1,D322,0.0,0.0
201400017919,12,6,14,11,1,70,329,1,1,1,1,,0.0,0.0
201400017920,8,8,14,12,1,70,292,1,1,1,6,,0.0,0.0
201400017921,15,3,14,20,3,70,533,1,1,1,7,,0.0,0.0
201400017922,10,4,14,18,1,70,334,1,1,7,5,,0.0,0.0
201400017923,16,6,14,7,1,70,126,2,1,1,1,departementale 12,0.0,0.0
201400017924,25,6,14,12,1,70,193,1,1,1,3,,0.0,0.0
201400017925,26,6,14,16,1,70,102,1,9,1,3,,0.0,0.0
201400017926,16,7,14,19,1,70,152,1,1,1,3,,0.0,0.0
201400017927,21,8,14,5,2,70,126,2,1,1,3,d?partementale 12,0.0,0.0
201400017928,3,9,14,8,1,70,104,2,1,1,6,18 rue de l'Europe,0.0,0.0
201400017929,8,11,14,11,1,70,181,2,1,1,1,departementale 11,0.0,0.0
201400017930,31,1,14,16,1,70,248,2,1,7,3,CARREFOUR DES BARRES,0.0,0.0
201400017931,4,10,14,0,5,70,258,2,1,1,7,rue de la plaine,0.0,0.0
201400017932,10,11,14,23,3,70,155,1,1,2,7,,0.0,0.0
201400017933,2,4,14,14,1,70,315,2,1,1,7,Av. jacques Parisot,0.0,0.0
201400017934,8,5,14,10,1,70,245,1,1,1,3,,0.0,0.0
201400017935,28,5,14,15,1,70,245,2,1,1,6,4 rue de Fontaine,0.0,0.0
201400017936,2,6,14,4,2,70,245,1,1,1,3,,0.0,0.0
201400017937,6,8,14,8,1,70,245,2,2,1,3,rue du bas de laval,0.0,0.0
201400017938,9,5,14,7,1,85,38,1,1,8,6,,46.90873,-1.31921
201400017939,12,5,14,10,1,85,84,1,1,1,1,,46.81069,-1.21
201400017940,4,9,14,8,1,85,191,1,1,7,5,,46.73036,-1.39402
201400017941,8,10,14,10,1,85,65,1,1,2,1,,46.9103,-1.23852
201400017942,29,1,14,23,3,10,72,1,1,1,1,,46.17,5.34264
201400017943,25,4,14,15,1,10,321,1,4,1,3,,46.1658,5.36069
201400017944,2,5,14,14,1,10,195,1,3,1,3,"""LE CANTON""",46.2371,5.28687
201400017945,19,7,14,8,1,10,350,2,1,1,3,RUE CENTRALE,0.0,0.0
201400017946,9,7,14,9,2,10,85,1,1,2,6,,46.0952,5.0029
201400017947,3,1,14,12,1,10,412,1,1,2,1,,46.166,4.9497
201400017948,25,1,14,15,1,10,457,2,6,1,3,,46.2193,4.99214
201400017949,20,3,14,18,1,10,93,1,2,1,3,,46.1289,4.95933
201400017950,17,1,14,12,1,10,102,2,1,1,1,LE BOURG,0.0,0.0
201400017951,28,3,14,20,5,10,266,2,1,1,6,AV DE MACON,46.3361,5.12855
201400017952,9,11,14,16,1,10,266,1,1,2,7,,46.3133,5.1099
201400017953,11,11,14,3,3,10,144,1,1,5,6,,46.3249,5.02603
201400017954,20,12,14,19,3,10,232,1,1,3,7,,46.3337,5.22049
201400017955,27,12,14,10,1,10,296,1,1,1,4,,0.0,0.0
201400017956,15,8,14,1,3,10,134,1,6,3,6,,46.2948,4.89335
201400017957,21,10,14,12,1,10,25,1,1,1,3,,0.0,0.0
201400017958,31,7,14,15,1,10,138,2,1,1,6,12 RUE DE LA ROSERAIE,0.0,0.0
201400017959,6,1,14,20,3,10,300,1,1,1,6,,46.1493,5.6758
201400017960,11,1,14,22,3,10,171,1,1,9,6,,46.2636,5.62843
201400017961,27,1,14,17,1,10,152,1,1,4,6,,46.229,5.70988
201400017962,7,3,14,16,1,10,307,2,6,1,3,,46.1658,5.57115
201400017963,25,7,14,16,1,10,274,1,3,1,4,,46.1598,5.65205
201400017964,16,8,14,3,3,10,51,1,1,1,6,,46.1936,5.46591
201400017965,6,10,14,15,1,10,265,2,6,1,1,AVENUE DE QUEBEC,46.1834,5.57836
201400017966,6,12,14,22,5,10,148,2,1,1,7,ROUTE DE SAINTE CLAUDE,0.0,0.0
201400017967,4,6,14,2,5,10,304,2,1,1,6,D984 SORTIE A42,46.0496,5.32802
201400017968,11,6,14,17,1,10,145,1,1,1,2,,46.0771,5.22136
201400017969,25,6,14,16,1,10,199,1,1,1,1,,46.0354,5.41683
201400017970,6,7,14,2,3,10,314,1,1,1,6,RTE DU PONT,46.0044,5.29159
201400017971,27,9,14,20,3,10,273,1,1,1,6,,46.091,5.3759
201400017972,10,12,14,13,1,10,151,1,1,1,7,,46.054,5.3211
201400017973,27,6,14,11,1,10,424,1,2,1,3,CHEMIN GRAND ETANG,45.8879,4.96928
201400017974,12,1,14,10,1,10,183,1,2,8,3,,46.1015,4.76502
201400017975,3,9,14,18,1,10,263,2,3,1,3,CHEMIN VERT,0.0,0.0
201400017976,9,12,14,7,5,10,263,1,1,1,6,,46.0801,4.76895
201400017977,20,3,14,19,2,15,267,1,2,1,3,,44.899,2.349
201400017978,13,9,14,7,1,15,204,1,1,1,1,,44.96,2.282
201400017979,22,1,14,14,1,15,196,1,1,3,5,,0.0,0.0
201400017980,18,6,14,11,1,15,184,1,1,2,6,,0.0,0.0
201400017981,11,10,14,23,3,15,36,1,1,1,6,,45.247,2.285
201400017982,22,11,14,17,2,15,153,1,1,1,1,,45.132,2.292
201400017983,12,7,14,17,1,15,170,1,1,1,6,,45.345,2.684
201400017984,29,12,14,14,1,15,162,1,1,1,7,,45.268,2.676
201400017985,27,8,14,17,1,15,202,1,1,1,6,,0.0,0.0
201400017986,24,7,14,18,1,15,168,1,1,7,1,,45.001,3.226
201400017987,30,8,14,11,1,15,231,1,1,1,3,,45.102,3.072
201400017988,27,8,14,16,1,15,142,1,1,1,6,,44.898,2.983
201400017989,13,9,14,13,1,30,156,1,2,1,3,,0.0,0.0
201400017990,31,5,14,18,1,30,130,2,1,7,3,le bourg BARDAIS,0.0,0.0
201400017991,10,7,14,12,1,30,31,1,1,2,1,,0.0,0.0
201400017992,18,9,14,16,1,30,82,2,6,3,6,rue des pégauds,0.0,0.0
201400017993,21,2,14,8,4,30,80,2,1,2,5,02 route de Bellerive,0.0,0.0
201400017994,3,10,14,20,3,30,163,1,1,1,3,,0.0,0.0
201400017995,2,3,14,15,1,30,78,1,1,1,6,,0.0,0.0
201400017996,28,4,14,14,1,30,22,1,1,2,7,,0.0,0.0
201400017997,17,5,14,8,1,30,268,1,1,1,4,,0.0,0.0
201400017998,10,12,14,11,1,30,43,1,1,2,6,,0.0,0.0
201400017999,31,1,14,1,5,30,254,2,1,8,6,D2009 route de Moulins,46.323,3.287
201400018000,22,7,14,11,1,30,254,2,6,1,1,route de varennes,0.0,0.0
201400018001,10,8,14,15,1,30,49,1,1,1,3,,0.0,0.0
201400018002,25,11,14,17,3,30,134,1,1,1,3,,0.0,0.0
201400018003,17,12,14,16,1,30,254,2,1,2,6,83 bvd ledru rollin,0.0,0.0
201400018004,12,4,14,9,1,84,20,1,1,1,1,,0.0,0.0
201400018005,24,4,14,15,1,84,89,2,1,1,6,Avenue du 8 mai,0.0,0.0
201400018006,16,8,14,0,3,84,2,1,1,1,6,,0.0,0.0
201400018007,10,4,14,15,1,84,79,1,1,1,1,,44.09255,5.34904
201400018008,12,10,14,12,1,84,30,2,1,1,6,Rue de la Baisse,0.0,0.0
201400018009,20,11,14,15,1,84,77,1,1,1,1,,0.0,0.0
201400018010,26,11,14,14,1,84,148,1,1,2,6,,0.0,0.0
201400018011,19,2,14,8,2,20,468,1,1,2,1,,0.0,0.0
201400018012,21,6,14,13,1,20,180,1,2,1,3,,0.0,0.0
201400018013,19,7,14,15,1,20,689,2,1,1,6,11 rue de l'Eglise,0.0,0.0
201400018014,21,10,14,13,1,20,559,2,1,3,6,11 rue de ponceau,0.0,0.0
201400018015,23,12,14,18,3,20,338,1,1,1,3,,0.0,0.0
201400018016,31,1,14,17,2,20,820,2,3,8,3,,0.0,0.0
201400018017,22,4,14,16,1,20,173,2,1,1,3,,49.61231,3.21983
201400018018,5,7,14,14,1,20,336,1,1,8,6,,0.0,0.0
201400018019,6,2,14,16,1,20,159,1,2,2,3,,49.54171,3.2629
201400018020,13,2,14,12,1,20,750,1,1,2,6,,0.0,0.0
201400018021,2,12,14,7,3,20,159,1,2,2,3,,0.0,0.0
201400018022,25,12,14,15,1,20,18,2,2,1,3,rue jean jaures,49.50527,3.44959
201400018023,19,6,14,19,1,20,252,1,1,1,1,,49.40976,3.7017
201400018024,16,7,14,18,1,20,7,1,1,1,1,,0.0,0.0
201400018025,3,2,14,15,1,20,307,1,1,1,6,,0.0,0.0
201400018026,12,1,14,8,2,20,32,1,1,5,1,,0.0,0.0
201400018027,29,7,14,7,1,20,32,2,1,1,1,D 930,0.0,0.0
201400018028,10,8,14,20,2,20,310,1,1,1,6,,0.0,0.0
201400018029,8,1,14,17,3,20,648,2,1,1,6,2 Rue Blondel,49.783,3.397
201400018030,16,2,14,19,3,20,397,1,1,1,6,,49.72012,3.2443
201400018031,6,5,14,9,1,20,636,1,1,2,4,,0.0,0.0
201400018032,10,9,14,19,1,20,756,1,1,1,1,,0.0,0.0
201400018033,14,9,14,20,5,20,648,2,1,1,6,rue des Fosses,49.79608,3.46181
201400018034,19,11,14,19,3,20,667,1,1,2,7,,0.0,0.0
201400018035,15,4,14,9,1,20,224,1,1,1,6,,0.0,0.0
201400018036,16,8,14,15,1,20,179,1,1,1,6,,0.0,0.0
201400018037,11,4,14,18,1,20,232,1,2,1,5,,0.0,0.0
201400018038,21,4,14,17,1,20,810,1,1,1,3,,0.0,0.0
201400018039,4,5,14,11,1,20,201,2,1,1,7,,0.0,0.0
201400018040,11,7,14,19,1,20,810,2,3,1,1,rue lavoisier,0.0,0.0
201400018041,28,7,14,17,1,20,528,1,3,1,1,,49.34662,3.0988
201400018042,12,9,14,17,1,20,326,2,1,1,1,48 rue de Soissons,0.0,0.0
201400018043,21,9,14,5,3,20,506,1,1,2,1,,0.0,0.0
201400018044,4,10,14,10,1,20,792,1,2,1,3,,0.0,0.0
201400018045,13,11,14,18,3,20,810,1,1,1,1,,0.0,0.0
201400018046,12,12,14,17,3,20,232,1,1,3,1,,0.0,0.0
201400018047,25,12,14,20,3,20,506,1,1,8,1,,0.0,0.0
201400018048,14,3,14,18,1,20,181,1,1,1,6,,0.0,0.0
201400018049,30,4,14,21,2,20,69,1,1,1,6,,0.0,0.0
201400018050,31,5,14,15,1,20,502,2,1,1,6,RUE DE L EGALITE,49.6926,4.01963
201400018051,17,7,14,11,1,20,586,1,1,1,6,,0.0,0.0
201400018052,31,8,14,20,2,20,369,2,1,8,6,D37,0.0,0.0
201400018053,24,10,14,16,1,20,789,1,1,1,3,,0.0,0.0
201400018054,15,1,14,13,1,20,381,2,1,2,6,2 rue du Plain,49.92639,4.0868
201400018055,17,4,14,9,1,20,134,2,1,1,6,80 route d'hirson,0.0,0.0
201400018056,23,9,14,14,1,20,381,2,1,1,6,80 RUE CHARLES DE GAULLE,49.92026,4.08416
201400018057,17,10,14,11,1,20,197,2,3,1,1,CD 1043 - CD 41,0.0,0.0
201400018058,22,10,14,19,3,20,419,1,1,1,1,,0.0,0.0
201400018059,6,11,14,18,3,20,547,1,1,1,7,,0.0,0.0
201400018060,1,5,14,9,1,13,45,1,1,1,3,,0.0,0.0
201400018061,7,6,14,21,1,13,45,1,1,1,1,,0.0,0.0
201400018062,20,6,14,0,3,13,36,1,1,1,6,,43.863,4.851
201400018063,7,11,14,18,3,13,10,2,1,1,2,route de la gare,0.0,0.0
201400018064,9,11,14,11,1,13,45,2,1,3,6,RN 571 EYRAGUES 13630,0.0,0.0
201400018065,26,2,14,19,2,38,158,1,1,2,4,,45.14698,5.765
201400018066,16,2,14,3,3,38,413,1,1,4,6,,0.0,0.0
201400018067,16,4,14,16,1,38,254,1,1,1,2,,0.0,0.0
201400018068,27,8,14,14,1,38,497,1,1,1,6,,0.0,0.0
201400018069,3,6,14,19,1,38,445,1,1,2,3,,0.0,0.0
201400018070,19,6,14,19,1,38,562,1,1,1,2,,45.05188,5.78009
201400018071,25,6,14,0,3,38,212,1,1,1,6,,0.0,0.0
201400018072,26,10,14,15,1,38,562,2,1,1,1,Rte d'Uriage,45.07524,5.7807
201400018073,4,11,14,18,4,38,562,2,1,3,5,avenue maurice thorez,0.0,0.0
201400018074,25,5,14,16,1,38,165,2,1,2,3,22 route de luissert,0.0,0.0
201400018075,26,5,14,17,1,38,29,2,1,1,1,route de lyon,0.0,0.0
201400018076,8,6,14,18,1,38,525,2,1,1,6,rue de la poterie,0.0,0.0
201400018077,4,7,14,17,1,38,14,1,1,2,3,,0.0,0.0
201400018078,20,7,14,18,1,38,148,1,1,3,3,,0.0,0.0
201400018079,19,10,14,4,5,38,29,2,2,1,6,rue de la soie,45.57887,5.52791
201400018080,4,11,14,9,1,38,261,1,1,3,5,,0.0,0.0
201400018081,28,1,14,11,1,38,249,1,1,1,4,,45.374,5.359
201400018082,11,6,14,12,1,38,229,2,1,1,3,01 boulevard des Alpes,0.0,0.0
201400018083,16,6,14,7,1,38,126,2,2,1,5,route de chartreuse,0.0,0.0
201400018084,21,8,14,13,1,38,431,1,1,1,1,,45.2729,5.84181
201400018085,20,11,14,13,1,38,126,2,3,1,1,105 avenue de l'eygala,45.21218,5.75763
201400018086,5,3,14,12,1,38,150,2,1,1,3,rue casimir julhiet,0.0,0.0
201400018087,18,3,14,12,1,38,547,2,2,1,6,RUE ALFRED FREYDET,45.25843,5.90842
201400018088,8,6,14,20,1,38,150,2,1,1,3,Carrefour des mortes,0.0,0.0
201400018089,29,7,14,9,1,38,422,2,1,3,6,lieu dit Le Rossin,0.0,0.0
201400018090,29,8,14,16,1,38,150,2,9,1,3,62 rue jean jaures,0.0,0.0
201400018091,30,4,14,17,1,38,36,1,1,1,4,,0.0,0.0
201400018092,23,8,14,17,1,38,453,2,1,1,3,54 route de Valence,0.0,0.0
201400018093,6,9,14,14,1,38,245,1,1,1,6,,0.0,0.0
201400018094,25,10,14,15,1,38,356,1,9,1,6,,0.0,0.0
201400018095,21,11,14,16,1,38,384,2,1,-1,7,38 ROUTE ST PIERRE DE BR,45.3354,5.33544
201400018096,23,8,14,8,1,38,457,1,1,1,3,,45.53,5.298
201400018097,14,12,14,14,1,38,347,1,1,2,5,,0.0,0.0
201400018098,11,1,14,6,3,38,130,1,3,1,1,le rival,45.35161,5.26497
201400018099,11,3,14,18,3,38,130,1,2,1,3,,45.39265,5.23901
201400018100,23,6,14,12,1,38,121,1,1,1,1,,0.0,0.0
201400018101,1,10,14,22,3,38,34,2,1,1,7,,0.0,0.0
201400018102,19,10,14,12,1,38,69,1,1,1,3,,0.0,0.0
201400018103,28,10,14,14,1,38,161,2,1,1,2,Chemin de chantemerle,0.0,0.0
201400018104,15,5,14,17,1,38,157,1,1,1,5,,0.0,0.0
201400018105,20,6,14,8,1,38,215,1,1,1,1,,0.0,0.0
201400018106,21,7,14,20,1,38,336,1,1,8,6,,0.0,0.0