Num_Acc,jour,mois,an,hr,condition_eclairage,departement,commune,condition_agglomeration,intersection,condition_atmosphere,type_collision,adresse,lattitude,longitude
201400018107,8,8,14,12,1,38,199,1,1,1,2,,0.0,0.0
201400018108,20,12,14,22,5,38,215,2,1,1,2,rue du plan,0.0,0.0
201400018109,25,12,14,17,3,38,238,2,1,1,1,"""La D?tourbe"" RD502",0.0,0.0
201400018110,7,2,14,17,1,38,519,1,1,4,1,,45.60588,5.01604
201400018111,28,2,14,19,3,38,389,1,1,2,1,,45.56318,5.09544
201400018112,8,4,14,10,1,38,519,2,1,1,6,RD53A,0.0,0.0
201400018113,28,8,14,23,3,38,15,1,1,1,6,,0.0,0.0
201400018114,4,12,14,14,1,38,184,1,1,1,6,,0.0,0.0
201400018115,9,12,14,15,1,38,189,2,1,1,6,,0.0,0.0
201400018116,26,12,14,10,1,38,480,1,1,1,4,,0.0,0.0
201400018117,31,1,14,9,1,31,341,1,1,8,5,route de toulouse,0.0,0.0
201400018118,13,5,14,12,1,31,341,1,1,1,1,,0.0,0.0
201400018119,16,6,14,14,1,31,232,2,1,1,2,RD17,43.76476,1.2939
201400018120,16,6,14,16,1,31,120,1,3,1,3,chemin bousquettes/RD 24,43.66737,1.16875
201400018121,24,6,14,11,1,31,592,1,2,1,3,rte de larra/RD 87,43.72906,1.23796
201400018122,12,8,14,19,1,31,90,1,1,8,1,,0.0,0.0
201400018123,13,8,14,14,1,31,232,1,1,1,6,,0.0,0.0
201400018124,16,10,14,6,2,31,341,1,1,2,3,,0.0,0.0
201400018125,30,10,14,14,1,31,553,1,1,1,2,,0.0,0.0
201400018126,16,11,14,8,1,31,341,1,1,1,6,,0.0,0.0
201400018127,14,12,14,15,1,31,341,1,2,1,3,,0.0,0.0
201400018128,20,12,14,12,1,31,425,1,1,1,6,,43.16377,1.11998
201400018129,25,5,14,16,2,31,466,1,1,1,6,,43.5342,1.16782
201400018130,9,2,14,15,1,31,108,1,1,8,6,,0.0,0.0
201400018131,22,5,14,23,3,31,18,1,1,1,7,,43.1452,0.9222
201400018132,31,5,14,15,1,31,315,1,1,1,6,,0.0,0.0
201400018133,29,6,14,14,1,31,245,1,1,8,6,,0.0,0.0
201400018134,11,10,14,15,1,31,183,1,1,1,1,,0.0,0.0
201400018135,30,9,14,16,1,31,106,1,2,7,3,,0.0,0.0
201400018136,31,8,14,16,1,31,451,1,1,1,1,,0.0,0.0
201400018137,6,1,14,16,1,29,37,1,1,1,3,,47.8837,-4.16387
201400018138,10,3,14,18,2,29,220,2,1,1,6,,0.0,0.0
201400018139,10,4,14,8,1,29,296,1,1,1,6,,47.90527,-4.21145
201400018140,25,4,14,19,1,29,220,2,1,1,6,,47.86716,-4.22197
201400018141,16,7,14,18,1,29,171,2,1,1,1,,47.84085,-4.28358
201400018142,4,11,14,18,5,29,135,2,1,2,6,rue du g?n?ral de gaulle,47.83278,-4.18092
201400018143,1,12,14,7,3,29,174,1,1,1,4,bourg,47.90287,-4.28263
201400018144,20,12,14,16,1,29,135,2,6,1,3,croaziou,47.83454,-4.18899
201400018145,9,9,14,18,1,29,75,2,1,1,6,rue anne de bretagne,48.442,-4.395
201400018146,1,1,14,14,2,29,160,1,1,3,6,,48.5064,-4.38266
201400018147,5,3,14,13,1,29,209,2,1,1,6,place de la mairie,48.53005,-4.45165
201400018148,7,3,14,6,2,29,15,1,2,1,3,,48.49962,-4.50627
201400018149,7,4,14,2,3,29,160,1,1,2,6,,48.49896,-4.41854
201400018150,9,4,14,9,1,29,15,1,6,1,3,,48.4995,-4.50657
201400018151,4,5,14,18,1,29,93,1,1,1,1,,48.57004,-4.41928
201400018152,9,6,14,17,1,29,160,1,1,2,6,,48.49896,-4.41854
201400018153,24,6,14,20,2,29,15,1,3,1,3,,48.4995,-4.50657
201400018154,16,7,14,17,1,29,195,2,1,1,3,Croas Thevezan,47.87283,-3.92073
201400018155,29,8,14,17,1,29,195,2,1,1,2,Lieu-dit La Martyre,48.61551,-4.51503
201400018156,28,9,14,13,1,29,93,2,1,1,3,,48.57004,-4.41928
201400018157,17,10,14,22,2,29,117,2,1,1,6,52 rue de la roche,48.5727,-4.53041
201400018158,27,11,14,15,1,29,195,1,1,2,3,,48.60592,-4.50451
201400018159,28,12,14,18,3,29,160,1,1,1,6,,48.49896,-4.41854
201400018160,6,4,14,18,1,29,149,1,1,1,1,,48.46688,-4.56667
201400018161,21,12,14,6,3,29,149,1,1,1,6,,48.46688,-4.56667
201400018162,12,5,14,14,1,29,24,1,1,3,1,,48.27558,-3.57418
201400018163,19,10,14,12,1,29,24,1,6,8,7,,48.27558,-3.57418
201400018164,16,1,14,12,1,29,267,1,1,4,1,,48.15433,-3.88636
201400018165,15,5,14,20,1,29,107,1,1,1,6,pont ar helec,48.05761,-3.97555
201400018166,17,6,14,15,1,29,16,1,1,1,7,,48.32039,-3.96436
201400018167,23,2,14,23,5,29,256,2,1,1,6,rue de la Plage,48.19727,-4.29978
201400018168,4,1,14,15,1,29,202,1,1,4,6,,48.4664,-3.87704
201400018169,3,10,14,15,1,29,105,1,1,1,1,,48.51013,-4.07326
201400018170,3,9,14,19,1,29,259,1,1,1,1,,48.68511,-3.98653
201400018171,28,9,14,18,1,29,79,1,1,1,6,,48.63246,-3.92753
201400018172,8,11,14,5,5,29,276,2,1,1,7,CD10 - Le bourg,48.66246,-4.04513
201400018173,31,5,14,12,1,29,293,2,1,1,3,Rue de St Philibert,47.85093,-3.85076
201400018174,11,6,14,18,1,34,926,1,1,1,6,,0.0,0.0
201400018175,7,8,14,8,1,34,192,2,1,1,1,rue de l'Abbe Broccardi,0.0,0.0
201400018176,15,8,14,9,1,34,154,1,1,1,2,,0.0,0.0
201400018177,5,4,14,7,3,35,326,1,1,1,7,,48.341,-1.523
201400018178,4,4,14,20,1,35,146,1,1,1,3,,48.24615,-1.8206
201400018179,8,6,14,21,1,35,356,1,1,1,7,,0.0,0.0
201400018180,10,6,14,9,1,35,355,1,1,1,7,,48.32615,-1.50926
201400018181,1,9,14,14,1,35,128,1,1,1,6,,48.29458,-1.73435
201400018182,30,11,14,10,1,35,251,1,1,1,7,,0.0,0.0
201400018183,1,1,14,7,3,35,290,1,1,3,6,,48.09492,-2.10931
201400018184,14,1,14,9,1,35,171,1,1,9,6,,48.27258,-2.04354
201400018185,18,2,14,19,2,35,257,1,1,1,6,La Bigottière,48.39821,-1.37299
201400018186,19,2,14,14,1,35,297,1,4,1,3,,48.18881,-2.2109
201400018187,12,10,14,15,1,35,184,1,1,2,2,,48.21829,-2.10321
201400018188,12,12,14,6,3,35,58,1,1,3,6,,48.26702,-1.84309
201400018189,20,12,14,16,1,35,297,2,1,8,3,rue henri letord,48.19107,-2.2019
201400018190,9,12,14,8,1,35,227,1,1,9,6,,48.19501,-1.86622
201400018191,18,2,14,8,1,35,227,1,1,1,3,,48.195,-1.863
201400018192,1,5,14,3,3,35,133,1,1,1,6,,48.15086,-2.04933
201400018193,11,5,14,13,1,35,169,1,1,1,3,,0.0,0.0
201400018194,15,9,14,18,1,35,227,1,1,1,1,,48.18792,-1.94138
201400018195,8,11,14,18,3,35,223,1,1,3,6,,48.0124,-2.08576
201400018196,28,1,14,8,1,35,243,1,1,8,1,,48.37528,-1.24896
201400018197,6,2,14,20,3,35,179,1,1,3,2,,48.54485,-1.92774
201400018198,9,2,14,0,3,35,224,1,1,1,6,,48.54284,-1.85396
201400018199,10,3,14,10,1,35,49,2,7,1,6,2 rue Jean-Marie Savatte,48.67548,-1.85177
201400018200,28,3,14,0,3,35,179,1,6,1,6,,48.53562,-1.91508
201400018201,22,4,14,17,1,35,49,2,1,1,6,1 rue du Cocar,0.0,0.0
201400018202,27,4,14,5,5,35,299,2,1,1,6,Rue de l'emeraude,0.0,0.0
201400018203,22,5,14,8,1,35,284,2,1,1,6,C15,48.6069,-1.98503
201400018204,8,6,14,23,3,35,49,1,1,1,6,,0.0,0.0
201400018205,16,6,14,15,1,35,179,1,1,1,7,,48.49547,-1.90625
201400018206,4,7,14,10,1,35,49,2,1,1,2,avenue du Gal de gaulle,48.67857,-1.86067
201400018207,20,7,14,19,1,35,263,1,1,1,1,,48.69064,-1.90027
201400018208,28,8,14,23,5,35,49,2,1,1,1,36 rue du Port ? CANCALE,48.67591,-1.85171
201400018209,8,10,14,19,3,35,224,1,2,1,3,,48.51051,-1.84454
201400018210,13,10,14,7,3,35,179,1,2,2,3,,48.5023,-1.89773
201400018211,1,11,14,2,3,35,362,1,1,1,6,,0.0,0.0
201400018212,3,11,14,18,2,35,122,1,3,2,3,,48.61181,-1.90363
201400018213,8,11,14,8,1,35,306,1,1,1,6,,48.60438,-1.92666
201400018214,18,11,14,8,1,35,263,1,1,1,1,,48.66918,-1.93446
201400018215,19,12,14,8,2,35,299,1,1,2,1,,48.62981,-1.88144
201400018216,17,4,14,17,1,35,186,1,1,1,6,,48.58323,-1.74114
201400018217,4,12,14,18,3,35,9,1,1,1,3,,48.51738,-1.7442
201400018218,4,2,14,11,1,35,69,2,6,7,1,Rond Point Du Z?phyr,48.03806,-1.50298
201400018219,21,2,14,22,3,35,254,1,1,2,7,,0.0,0.0
201400018220,14,4,14,19,1,35,264,1,1,1,4,,48.07865,-1.32339
201400018221,22,6,14,16,1,35,161,1,1,1,7,,0.0,0.0
201400018222,28,6,14,2,3,35,204,1,1,1,1,,48.04775,-1.58231
201400018223,2,9,14,8,1,35,68,1,2,1,1,,48.09934,-1.40127
201400018224,8,12,14,15,1,35,68,2,9,1,7,,48.09959,-1.41717
201400018225,28,7,14,9,1,44,60,1,1,1,1,,0.0,0.0
201400018226,8,8,14,19,1,44,213,2,1,8,1,route de Nantes D723,0.0,0.0
201400018227,19,11,14,7,2,44,3,2,1,1,3,bd pierre marie curie,0.0,0.0
201400018228,9,12,14,9,1,44,180,2,1,7,1,rue de l' Europe,0.0,0.0
201400018229,21,2,14,18,3,44,202,1,1,1,6,La croix,0.0,0.0
201400018230,5,8,14,19,1,44,202,1,3,1,3,la bouillère,0.0,0.0
201400018231,5,9,14,16,1,44,28,1,1,1,1,,0.0,0.0
201400018232,26,9,14,8,1,44,48,1,1,1,1,,0.0,0.0
201400018233,4,10,14,13,1,44,77,1,1,1,6,le marais,0.0,0.0
201400018234,5,11,14,7,2,44,82,1,1,1,3,la feuillée,0.0,0.0
201400018235,12,12,14,11,1,44,28,1,1,3,4,launay,0.0,0.0
201400018236,21,12,14,15,1,44,118,2,1,1,6,LA BOURDINNIERE,0.0,0.0
201400018237,4,1,14,12,1,44,56,1,1,3,1,La rétentais,47.442,-1.783
201400018238,29,5,14,18,1,44,57,1,1,8,7,la guilbourgere,0.0,0.0
201400018239,2,7,14,12,1,44,128,1,1,1,3,Ker Philippe,0.0,0.0
201400018240,24,8,14,0,5,44,185,1,6,1,6,montplaisir,0.0,0.0
201400018241,17,8,14,9,1,44,126,1,1,1,6,,0.0,0.0
201400018242,19,10,14,12,1,44,131,1,1,1,1,le pont du clion,0.0,0.0
201400018243,25,1,14,19,5,44,154,2,1,1,1,Avenue de la Guerche,0.0,0.0
201400018244,21,2,14,15,1,44,43,2,1,1,6,Place des Douves,0.0,0.0
201400018245,6,11,14,4,3,44,88,1,1,5,6,la pepiere,0.0,0.0
201400018246,25,1,14,16,1,44,212,2,7,1,1,parking - rd116,0.0,0.0
201400018247,11,4,14,9,1,44,212,2,1,1,6,boulevard Evariste DEJOI,0.0,0.0
201400018248,11,6,14,15,1,44,84,1,1,1,6,la quintaine,0.0,0.0
201400018249,12,6,14,7,2,44,212,1,1,1,1,le drouillet,0.0,0.0
201400018250,10,6,14,17,1,44,212,1,1,1,1,la raingaillot,0.0,0.0
201400018251,13,8,14,21,2,44,169,1,1,1,5,84 rue de la goulaine,0.0,0.0
201400018252,15,12,14,7,3,44,32,1,2,1,3,route de nantes,47.178,-1.372
201400018253,15,1,14,19,3,44,130,1,6,3,2,rd pt viais,0.0,0.0
201400018254,7,2,14,10,1,44,130,2,1,1,6,RUE DU VIGNOBLE,0.0,0.0
201400018255,17,4,14,18,1,44,18,1,3,1,3,La Beauvaiserie,47.133,-1.65
201400018256,14,10,14,8,1,44,18,1,2,7,1,,0.0,0.0
201400018257,29,9,14,8,1,44,155,1,1,2,5,ZA  pont james,47.02,-1.57
201400018258,1,5,14,5,3,44,69,1,1,2,6,rte de sandun,47.342,-2.377
201400018259,3,8,14,19,1,25,473,1,2,2,3,,47.182,5.995
201400018260,16,4,14,8,1,25,34,1,1,1,1,,47.312,5.944
201400018261,16,4,14,13,1,25,217,2,1,1,6,grande rue,47.316,5.869
201400018262,26,6,14,17,1,25,30,1,1,1,3,,47.267,5.862
201400018263,31,7,14,8,1,25,527,2,2,1,3,MONTFERRAND-LE-CHATEAU,47.183,5.927
201400018264,23,8,14,17,1,25,475,1,1,1,1,,47.114,5.878
201400018265,16,9,14,18,1,25,149,1,1,1,4,,47.164,5.953
201400018266,3,6,14,8,1,25,505,2,1,1,3,CD 486 Pk 39+900,0.0,0.0
201400018267,3,9,14,10,1,25,578,2,1,1,1,Rue du lavoir,47.14818,6.34403
201400018268,18,12,14,7,2,25,578,2,6,2,1,rond point du gros ch?ne,47.14869,6.33235
201400018269,18,2,14,23,3,25,190,1,1,1,7,,47.509,6.922
201400018270,8,3,14,17,1,25,237,2,1,1,6,2 RUE DE DAMPIERRE,47.523,6.901
201400018271,9,4,14,17,1,25,367,2,1,1,3,rue de la lib?ration,47.455,6.801
201400018272,6,9,14,15,1,25,378,1,1,1,7,,47.421,6.893
201400018273,14,10,14,20,5,25,4,2,1,1,7,28 grande rue,47.435,6.92
201400018274,6,4,14,7,1,25,463,2,1,1,1,CD 437 - PR 123+050,0.0,0.0
201400018275,19,12,14,19,3,25,422,1,1,2,1,,0.0,0.0
201400018276,10,1,14,22,3,25,282,1,1,1,3,,0.0,0.0
201400018277,10,7,14,14,1,25,110,1,1,2,1,,0.0,0.0
201400018278,5,9,14,17,1,25,440,1,1,1,7,,0.0,0.0
201400018279,4,10,14,17,1,25,259,1,1,1,3,,0.0,0.0
201400018280,25,10,14,16,1,25,25,2,1,1,6,Grande rue,0.0,0.0
201400018281,13,11,14,10,1,25,157,1,1,8,1,,0.0,0.0
201400018282,25,11,14,16,1,25,122,1,1,1,6,,0.0,0.0
201400018283,1,11,14,22,3,25,514,1,1,1,6,,0.0,0.0
201400018284,27,2,14,14,1,25,321,2,3,1,6,ROUTE DES BRENETS,0.0,0.0
201400018285,31,5,14,9,1,25,248,1,1,1,7,,47.2,6.75
201400018286,12,7,14,14,1,25,12,1,1,2,6,,0.0,0.0
201400018287,7,10,14,7,2,25,347,1,1,2,1,,0.0,0.0
201400018288,29,6,14,5,2,73,141,1,1,3,1,,45.4383,6.0499
201400018289,28,7,14,16,1,39,43,1,1,2,2,,0.0,0.0
201400018290,12,2,14,9,1,39,500,2,9,1,6,Parking supermarch? ATAC,0.0,0.0
201400018291,6,6,14,2,3,39,176,1,1,1,6,,47.004,5.77
201400018292,24,3,14,11,1,39,37,1,1,4,7,,0.0,0.0
201400018293,23,4,14,17,1,39,34,1,1,1,5,,0.0,0.0
201400018294,23,12,14,15,1,39,571,2,2,1,3,CROISEMENT RD 469 / 217,0.0,0.0
201400018295,4,4,14,19,2,39,190,2,1,1,7,Rue de Dole,0.0,0.0
201400018296,4,9,14,20,2,39,579,1,1,1,6,,0.0,0.0
201400018297,6,9,14,15,1,39,491,2,1,1,1,Grande Rue,0.0,0.0
201400018298,10,3,14,6,2,39,131,1,1,2,6,,0.0,0.0
201400018299,14,6,14,16,1,39,470,1,1,1,3,,0.0,0.0
201400018300,16,11,14,20,3,39,470,1,1,2,2,,0.0,0.0
201400018301,17,5,14,17,1,22,222,1,1,1,6,Ld Barac'h,48.6807,-2.95611
201400018302,19,6,14,21,1,22,367,2,1,1,1,,48.55662,-2.85331
201400018303,25,7,14,16,1,22,222,2,1,1,6,Place Foch,48.67595,-2.92901
201400018304,8,8,14,9,1,22,251,1,1,1,1,,48.54336,-2.83701
201400018305,8,8,14,10,1,22,222,2,1,2,1,15 rue Carles Le Goffic,48.66818,-2.92002
201400018306,21,9,14,20,2,22,7,2,1,1,7,rue des marionnettes,48.60888,-2.82264
201400018307,27,9,14,10,1,22,7,2,1,1,3,les pré calans,48.61199,-2.82881
201400018308,17,10,14,18,1,22,325,2,4,1,3,rue des martourets,48.64957,-2.8393
201400018309,14,3,14,18,1,22,136,1,2,1,3,,48.18416,-2.78005
201400018310,24,3,14,21,3,22,136,1,1,1,2,,48.1507,-2.75928
201400018311,5,4,14,17,1,22,136,1,2,1,3,,48.1783,-2.7786
201400018312,10,5,14,7,2,22,155,1,1,2,7,,48.22183,-2.73963
201400018313,26,5,14,15,1,22,136,1,1,1,7,pas dossier geo,48.18154,-2.80963
201400018314,17,6,14,15,1,22,136,1,1,1,1,,48.20451,-2.75558
201400018315,16,7,14,14,1,22,136,1,2,1,2,le guerrieux,48.18341,-2.83133
201400018316,13,9,14,23,3,22,136,1,1,1,1,,48.20019,-2.78635
201400018317,16,9,14,9,1,22,330,1,1,1,6,le pont geffray,48.22681,-2.84725
201400018318,3,11,14,7,3,22,300,1,1,3,1,,48.27733,-2.80277
201400018319,21,12,14,11,1,22,384,1,2,1,3,le pas tranchant,48.27906,-2.83121
201400018320,24,12,14,17,1,22,155,1,1,2,6,saint potan,48.23317,-2.68517
201400018321,26,1,14,23,3,22,371,1,6,1,6,,48.19643,-2.33194
201400018322,9,5,14,12,1,22,183,1,2,8,1,,48.17851,-2.61021
201400018323,12,11,14,9,1,22,183,1,1,1,1,,48.17676,-2.56178
201400018324,21,11,14,17,2,22,309,1,1,8,1,,48.21802,-2.38581
201400018325,4,3,14,19,5,22,258,2,2,2,3,rue de l'H?tel Girault,48.42138,-2.6588
201400018326,25,3,14,13,1,22,80,1,1,2,1,,48.35657,-2.83777
201400018327,28,4,14,23,3,22,258,1,1,1,6,LE BOHU D'EN BAS,48.43156,-2.64028
201400018328,15,5,14,17,1,22,191,1,9,1,6,la ville neuve,48.27336,-2.59452
201400018329,26,7,14,19,1,22,79,1,1,1,1,La Maladerie,48.38263,-2.65614
201400018330,6,10,14,15,1,22,80,1,1,1,6,,48.34744,-2.84174
201400018331,10,10,14,7,2,22,281,1,2,8,3,la croix cabaret,48.4118,-2.74346
201400018332,18,10,14,11,1,22,345,2,7,1,6,place de l'église,48.35548,-2.55288
201400018333,8,11,14,7,2,22,203,2,2,2,3,rue de Montifault,48.34969,-2.75906
201400018334,12,12,14,17,2,22,191,1,1,2,6,la ville louis,48.3125,-2.61495
201400018335,15,12,14,2,3,22,80,1,1,2,7,la ville adam,48.35764,-2.85462
201400018336,26,12,14,16,1,22,258,1,1,2,1,la chesnaie,48.4176,-2.62535
201400018337,4,3,14,10,1,22,50,2,1,1,6,place du 11 novembre,48.45648,-2.05327
201400018338,26,3,14,17,1,22,118,1,1,1,6,les forges,48.43363,-2.01244
201400018339,2,4,14,7,1,22,26,1,1,1,1,,48.39691,-2.02711
201400018340,11,4,14,17,3,22,364,1,1,1,1,,48.43712,-2.09352
201400018341,21,4,14,1,5,22,50,2,1,1,6,rue de Brest,48.44755,-2.07247
201400018342,16,5,14,15,1,22,50,2,3,1,3,Rue Thiers,48.45537,-2.04913
201400018343,3,6,14,8,1,22,35,1,3,1,3,le bourg,48.4147,-1.96026
201400018344,11,7,14,17,1,22,308,1,1,1,1,la hautière,48.34918,-2.04227
201400018345,16,7,14,17,1,22,213,1,2,1,3,,48.52689,-2.00548
201400018346,31,7,14,19,1,22,197,1,2,1,3,,48.48736,-1.93822
201400018347,9,8,14,21,3,22,197,1,1,1,3,,48.50332,-1.96357
201400018348,22,8,14,15,1,22,385,1,1,1,3,,48.49313,-1.97518
201400018349,1,9,14,3,3,22,118,2,1,1,6,Avenue des Acacias,48.45665,-2.0299
201400018350,12,9,14,11,1,22,50,2,1,1,6,Av Saint Jean de Dieu,48.44561,-2.04752
201400018351,18,9,14,17,1,22,299,2,1,1,6,,48.4708,-1.95974
201400018352,1,10,14,17,1,22,3,1,1,2,3,,48.45348,-2.10663
201400018353,2,10,14,9,1,22,123,2,6,1,3,Rd pt de la Brancherie,48.44223,-2.04735
201400018354,10,11,14,19,3,22,35,1,1,1,7,bonne fontaine,48.42305,-1.96749
201400018355,27,11,14,10,1,22,197,2,1,1,1,41 rue de Saint Malo,48.51426,-1.94722
201400018356,26,12,14,12,1,22,8,2,1,2,7,57 route de Caulnes,48.41118,-2.08248
201400018357,27,5,14,18,1,22,310,1,4,1,1,LD  Rubiant,48.62597,-3.24153
201400018358,27,12,14,20,3,22,248,1,1,2,7,Ty-coat,48.62557,-3.13305
201400018359,23,3,14,10,1,22,13,2,3,1,6,,48.47406,-3.18829
201400018360,5,5,14,9,1,22,23,1,1,1,7,poull ar big,48.44682,-3.35688
201400018361,12,9,14,15,1,22,216,1,1,1,6,lan pont névez,48.4794,-3.38806
201400018362,26,2,14,20,3,22,181,1,1,1,6,,48.21712,-3.20627
201400018363,10,7,14,10,1,22,107,1,1,1,6,,48.23302,-3.1432
201400018364,10,7,14,16,1,22,181,2,1,1,7,Grande Rue - CD 76,48.20303,-3.20918
201400018365,8,8,14,15,1,22,158,1,2,3,3,,48.20315,-2.96586
201400018366,19,12,14,13,1,22,158,1,2,3,3,,48.20875,-2.97339
201400018367,3,1,14,18,5,22,266,2,1,1,6,20 rue abbé gibert,48.23573,-3.31985
201400018368,30,1,14,21,3,22,61,1,3,1,3,,48.25546,-3.38609
201400018369,5,4,14,0,3,22,229,1,1,1,6,Toul Pry,48.27524,-3.26345
201400018370,7,6,14,14,1,22,29,1,1,1,7,Ld Kanac'h Bernard,48.34305,-3.08143
201400018371,17,6,14,18,1,22,163,1,2,1,3,,48.25721,-3.44682
201400018372,13,4,14,11,1,68,155,2,2,1,3,REPUBLIQUE (RUE),48.09619,7.30383
201400018373,21,9,14,11,2,22,29,1,1,1,1,,48.31523,-3.12803
201400018374,1,11,14,18,3,22,229,1,1,1,1,,48.26987,-3.27322
201400018375,27,12,14,13,1,22,61,1,1,2,3,,48.23543,-3.38278
201400018376,25,4,14,16,1,22,211,1,1,1,2,,48.69005,-3.44546
201400018377,2,5,14,17,1,22,119,1,1,1,6,,48.61833,-3.53146
201400018378,7,6,14,20,1,22,207,1,2,1,1,Le Croajou,48.63872,-3.45499
201400018379,15,6,14,16,1,22,226,1,1,1,6,Landebouc'h,48.68753,-3.561
201400018380,29,6,14,0,3,22,349,1,1,1,5,KERVAN,48.70635,-3.55916
201400018381,9,9,14,19,1,22,194,1,1,1,6,keravénou,48.66559,-3.6014
201400018382,29,9,14,19,1,22,211,1,3,1,3,,48.65571,-3.44448
201400018383,16,10,14,9,1,22,224,1,1,2,4,,48.71507,-3.49479
201400018384,9,1,14,8,2,22,362,2,1,9,2,3 Ave des Etats de Breta,48.78275,-3.23214
201400018385,16,2,14,15,1,22,347,1,2,1,3,,48.80546,-3.19867
201400018386,1,3,14,13,1,22,152,1,2,1,3,,48.76633,-3.27885
201400018387,31,3,14,15,1,22,152,1,6,2,1,,48.77259,-3.23808
201400018388,10,4,14,11,1,22,28,1,2,1,2,,48.78335,-3.32487
201400018389,18,4,14,17,1,22,199,2,3,1,3,rue de la mer,48.80017,-3.15556
201400018390,1,6,14,14,1,22,362,2,7,1,1,,48.78808,-3.2251
201400018391,15,7,14,18,1,22,166,1,1,1,1,rue de kerancoualc'h,48.8228,-3.30567
201400018392,29,7,14,13,1,22,195,2,1,1,3,27 Rue de Pleumeur,48.8411,-3.13943
201400018393,23,8,14,18,1,22,218,1,1,1,6,pors hir,48.85855,-3.22085
201400018394,16,10,14,16,1,22,42,1,1,1,1,,48.75738,-3.30346
201400018395,17,10,14,18,1,22,166,1,2,1,3,,48.79717,-3.31312
201400018396,7,11,14,17,1,22,152,1,6,1,1,pont losquet,48.76063,-3.29386
201400018397,5,12,14,8,2,22,28,1,1,9,6,crec'h illy,48.78122,-3.31935
201400018398,6,1,14,16,1,68,374,1,1,1,1,,48.06718,7.24865
201400018399,9,5,14,17,1,68,150,2,1,1,7,,48.03502,7.28734
201400018400,30,5,14,15,1,68,374,1,1,1,7,,48.07256,7.26608
201400018401,19,11,14,17,2,68,270,2,1,2,6,142 rue principale,47.78171,7.27391
201400018402,28,2,14,22,3,68,135,1,3,8,3,,47.58921,7.54723
201400018403,9,4,14,19,2,68,135,2,3,1,7,rue de folgensbourg,47.57269,7.51207
201400018404,28,4,14,6,1,68,349,2,2,2,2,boulevard d'alsace,47.60253,7.58377
201400018405,18,10,14,18,1,68,349,2,2,1,3,BOULEVARD D ALSACE,47.60253,7.58377
201400018406,22,8,14,17,1,68,234,1,2,1,3,,47.94219,7.41721
201400018407,9,3,14,13,1,68,307,1,1,1,7,,47.81199,6.87086
201400018408,14,7,14,18,1,68,60,1,1,1,6,,47.71446,7.11582
201400018409,26,11,14,14,1,68,201,1,1,1,1,,47.782,6.995
201400018410,17,2,14,18,2,34,252,2,1,1,6,2 route de Saint Gervais,0.0,0.0
201400018411,14,4,14,17,1,34,119,1,6,1,1,,0.0,0.0
201400018412,29,4,14,13,1,34,19,1,1,1,1,,0.0,0.0
201400018413,1,7,14,9,1,34,126,2,1,1,6,29 avenue charcot,0.0,0.0
201400018414,16,3,14,19,2,34,310,1,1,1,7,,0.0,0.0
201400018415,18,4,14,15,1,34,310,2,1,1,1,rue Frederic Mistral,0.0,0.0
201400018416,11,5,14,18,1,34,69,2,1,1,6,avenue waldeck rousseau,43.39626,3.09799
201400018417,13,5,14,11,1,34,178,1,1,1,1,,0.0,0.0
201400018418,14,5,14,7,1,34,310,1,1,1,3,,0.0,0.0
201400018419,8,6,14,17,1,34,223,1,1,1,7,,0.0,0.0
201400018420,11,6,14,16,1,34,130,1,1,1,7,,43.53643,3.18355
201400018421,24,6,14,18,1,34,74,2,2,1,3,AVENUE RAOUL BAYOU,0.0,0.0
201400018422,1,7,14,8,1,34,70,1,1,1,2,,0.0,0.0
201400018423,4,7,14,21,2,34,130,1,1,1,6,,0.0,0.0
201400018424,21,6,14,11,1,34,147,1,1,1,1,,43.48277,3.20156