Num_Acc,jour,mois,an,hr,condition_eclairage,departement,commune,condition_agglomeration,intersection,condition_atmosphere,type_collision,adresse,lattitude,longitude
201400018425,7,9,14,22,3,34,214,1,1,1,1,,0.0,0.0
201400018426,27,9,14,0,3,34,300,1,1,1,6,,0.0,0.0
201400018427,9,2,14,15,1,34,334,1,1,1,1,,43.547,2.98
201400018428,29,5,14,15,1,34,293,1,1,1,7,,43.99,2.165
201400018429,19,9,14,16,1,34,193,1,1,1,6,,0.0,0.0
201400018430,6,8,14,14,1,34,209,1,1,1,6,,0.0,0.0
201400018431,6,3,14,5,3,34,72,1,1,1,6,,0.0,0.0
201400018432,28,7,14,17,1,34,220,1,1,1,1,,0.0,0.0
201400018433,4,4,14,17,1,34,222,2,1,1,3,Route de Tressan,0.0,0.0
201400018434,16,4,14,14,1,34,79,2,1,1,6,Bd Gambetta N 57,0.0,0.0
201400018435,25,4,14,18,1,34,13,1,1,1,1,,0.0,0.0
201400018436,4,7,14,4,3,34,76,1,1,1,6,,0.0,0.0
201400018437,4,7,14,23,3,34,180,1,1,1,6,,0.0,0.0
201400018438,19,7,14,22,3,34,323,1,1,1,6,,0.0,0.0
201400018439,16,10,14,11,1,34,79,2,1,1,6,place du cdt demarne,0.0,0.0
201400018440,26,10,14,18,2,34,51,1,1,1,3,,0.0,0.0
201400018441,15,11,14,16,2,34,194,2,1,1,6,Allee des tilleuils,0.0,0.0
201400018442,18,12,14,17,3,34,79,2,1,1,6,D609,0.0,0.0
201400018443,8,1,14,18,3,15,12,1,1,1,5,SENILHES BAS,0.0,0.0
201400018444,17,1,14,14,1,15,14,2,1,1,6,CAMISIERES (RUE DES),0.0,0.0
201400018445,17,2,14,16,1,15,14,2,1,7,6,JOLY (BOULEVARD ANTHONY),0.0,0.0
201400018446,1,3,14,14,1,15,14,1,1,1,6,LIBERTE (AVENUE DE LA),0.0,0.0
201400018447,11,3,14,15,1,15,14,2,1,1,6,"94, BLUM (RUE LEON)",0.0,0.0
201400018448,13,3,14,9,1,15,14,2,1,1,6,"1, LESCUDILLIERS (BOULEV",0.0,0.0
201400018449,11,4,14,17,1,15,12,1,1,1,1,"1, RD 920",0.0,0.0
201400018450,15,5,14,17,1,15,14,2,2,1,3,"32, PRADES (AVENUE DES)",0.0,0.0
201400018451,11,6,14,11,1,15,12,1,1,1,3,"611, LABROUSSE (ROUTE DE",0.0,0.0
201400018452,29,7,14,13,1,15,14,2,2,1,3,"1, PLOMB DU CANTAL (AVEN",0.0,0.0
201400018453,14,8,14,19,1,15,14,2,1,1,6,"1, BAR (RUE DU)",0.0,0.0
201400018454,20,9,14,15,1,15,14,1,1,1,6,DONE (AVENUE DE),0.0,0.0
201400018455,25,10,14,20,5,15,14,2,1,1,6,"16, PUPILLES DE LA NATIO",0.0,0.0
201400018456,21,6,14,20,1,34,101,1,9,1,3,,43.3766,3.48532
201400018457,12,7,14,20,1,34,150,1,1,1,1,,43.32,3.54054
201400018458,24,8,14,11,1,34,101,1,1,1,6,,0.0,0.0
201400018459,4,1,14,0,3,34,2,1,1,3,7,,43.535,3.433
201400018460,18,4,14,16,1,34,199,2,9,1,6,paul vidal de la blache,0.0,0.0
201400018461,19,5,14,17,1,34,17,1,1,3,6,,43.47373,3.45212
201400018462,13,6,14,16,1,34,199,1,1,1,1,,43.42437,3.41628
201400018463,15,10,14,13,1,34,199,2,1,1,6,Place Frederic Mistral,0.0,0.0
201400018464,13,8,14,20,1,86,178,2,6,1,3,rue de la chanterie,0.0,0.0
201400018465,15,8,14,22,3,86,263,1,1,3,6,,0.0,0.0
201400018466,5,9,14,9,1,86,99,1,1,1,7,,0.0,0.0
201400018467,3,10,14,18,2,86,141,1,2,7,3,,0.0,0.0
201400018468,17,6,14,17,1,86,82,2,1,1,2,Avenue de PARIS,0.0,0.0
201400018469,20,6,14,5,2,86,82,1,1,1,1,,0.0,0.0
201400018470,23,8,14,11,1,86,213,1,1,2,3,,0.0,0.0
201400018471,19,1,14,4,3,86,30,1,1,1,6,,0.0,0.0
201400018472,7,6,14,12,1,86,300,1,1,1,2,,0.0,0.0
201400018473,25,7,14,8,1,86,177,1,1,1,6,,0.0,0.0
201400018474,31,7,14,11,1,86,271,1,1,1,2,,0.0,0.0
201400018475,1,9,14,11,1,86,160,2,1,1,7,Rue Gilbert Landry,0.0,0.0
201400018476,1,10,14,11,1,86,160,2,1,1,7,rue Gilbert Landry,0.0,0.0
201400018477,7,11,14,17,5,86,160,2,1,1,6,13 bld foulques Nerra,0.0,0.0
201400018478,16,12,14,10,3,86,160,1,1,2,6,,0.0,0.0
201400018479,4,2,14,23,3,86,92,2,2,2,3,route de descartes,0.0,0.0
201400018480,7,6,14,8,1,86,137,2,1,8,1,rue de la mairie,0.0,0.0
201400018481,12,6,14,20,1,86,137,1,1,1,3,VC DE BEAU SOLEIL,0.0,0.0
201400018482,15,7,14,7,1,86,49,1,1,1,1,,0.0,0.0
201400018483,5,8,14,17,1,86,137,1,2,1,3,,0.0,0.0
201400018484,25,8,14,19,1,86,137,1,1,1,4,,0.0,0.0
201400018485,29,8,14,18,1,86,137,1,3,1,3,,0.0,0.0
201400018486,20,10,14,8,1,86,274,1,1,5,1,,0.0,0.0
201400018487,13,11,14,13,1,86,137,1,1,1,2,,0.0,0.0
201400018488,18,7,14,16,1,29,189,2,1,1,6,rue du pont,48.37623,-4.37077
201400018489,19,8,14,17,1,29,86,1,1,1,1,,48.373,-4.217
201400018490,12,11,14,15,1,29,189,2,1,1,6,Gorrequer,48.385,-4.343
201400018491,4,1,14,12,1,41,97,1,1,1,3,,47.272,1.663
201400018492,14,1,14,16,1,41,97,1,2,7,3,R villefranche/R pecheri,47.284,1.707
201400018493,22,2,14,9,1,41,38,1,1,1,3,,47.278,1.745
201400018494,11,6,14,11,1,41,222,1,1,1,7,,47.273,1.818
201400018495,13,6,14,21,2,41,242,1,1,1,6,61 rue de la collinière,47.276,1.563
201400018496,5,9,14,21,5,41,242,2,1,1,6,all?e de la gravouille,47.277,1.558
201400018497,27,8,14,9,1,41,97,1,1,1,6,,47.288,1.714
201400018498,17,9,14,12,1,41,242,1,1,1,6,,47.272,1.557
201400018499,5,10,14,4,3,41,139,1,1,2,6,Les avrays,47.255,1.529
201400018500,2,11,14,20,3,41,185,1,1,3,6,chateau margot,47.348,1.723
201400018501,13,12,14,13,1,41,16,1,1,8,7,,47.322,1.571
201400018502,2,1,14,15,1,41,229,1,1,2,2,,47.31,1.348
201400018503,9,1,14,13,1,41,180,1,1,6,6,lieu dit l'alleu,47.408,1.21
201400018504,20,1,14,14,1,41,151,2,1,1,6,08 rue vieille de Blois,47.346,1.186
201400018505,25,2,14,10,1,41,145,1,1,1,1,,47.47,1.294
201400018506,15,3,14,13,1,41,229,1,1,1,1,RD675,47.311,1.398
201400018507,1,4,14,11,1,41,59,2,1,1,3,boulevard de l'industrie,47.426,1.433
201400018508,12,4,14,14,1,41,257,2,1,1,6,rue pierre girault,47.388,1.283
201400018509,21,4,14,18,1,41,92,2,2,1,3,route des vignobles de t,47.448,1.342
201400018510,25,5,14,0,3,41,146,1,1,8,6,7 route de thenay,47.367,1.312
201400018511,18,6,14,7,1,41,94,1,1,1,1,,47.443,1.427
201400018512,21,7,14,7,1,41,237,2,1,1,2,6 route de soings,47.395,1.442
201400018513,25,7,14,8,1,41,145,2,1,8,6,28 route de montrichard,47.476,1.294
201400018514,6,8,14,12,1,41,181,1,1,2,7,,47.326,1.273
201400018515,19,8,14,11,1,41,51,1,1,1,1,route de vallières,47.345,1.14
201400018516,27,8,14,16,1,41,145,1,1,1,1,,47.346,1.262
201400018517,26,8,14,18,1,41,151,1,1,1,1,,47.363,1.21
201400018518,4,9,14,11,1,41,239,1,1,1,7,,47.26,1.356
201400018519,19,9,14,11,1,41,164,2,1,1,6,rue du g?n?ral de gaulle,47.289,1.387
201400018520,26,9,14,17,1,41,94,1,1,1,6,,47.44,1.402
201400018521,28,9,14,10,1,41,80,1,1,1,6,,47.332,1.195
201400018522,27,10,14,17,2,41,49,1,1,1,2,,47.346,1.481
201400018523,5,11,14,12,1,41,180,2,1,1,1,57 route de montrichard,47.687,1.251
201400018524,24,11,14,15,1,41,258,2,8,2,1,LIEU DIT LES VARENNES,47.326,1.318
201400018525,5,1,14,12,1,41,232,1,1,1,6,route de marcilly,47.439,2.02599
201400018526,9,1,14,8,1,41,232,2,1,1,6,23 bvd de la république,47.425,2.053
201400018527,5,2,14,17,2,41,152,1,1,1,1,La métairie du chesnay,47.539,1.692
201400018528,10,2,14,8,1,41,106,1,1,2,6,avenue napoléon 3,47.596,2.019
201400018529,5,4,14,18,1,41,232,1,1,1,1,RD 55,47.454,2.06999
201400018530,6,7,14,6,2,41,297,1,1,2,6,,47.655,1.864
201400018531,27,8,14,20,3,41,241,1,1,2,7,,47.358,1.905
201400018532,8,9,14,4,3,41,296,1,1,1,7,,47.634,2.001
201400018533,26,9,14,18,1,41,232,1,1,1,7,,47.444,2.067
201400018534,27,10,14,3,3,41,296,1,1,5,7,,47.637,2.004
201400018535,15,11,14,9,1,41,241,1,2,1,3,,0.0,0.0
201400018536,1,12,14,10,1,41,159,1,1,2,6,,47.54,1.763
201400018537,6,1,14,18,5,41,175,2,1,2,2,34 Route de PARIS,47.87,1.141
201400018538,8,1,14,7,2,41,209,2,1,1,6,Rue des bl?s d'or,47.852,1.087
201400018539,28,1,14,16,1,41,26,1,1,2,7,D42 PR 3+600,47.946,1.288
201400018540,22,3,14,22,3,41,190,1,1,1,7,,47.287,1.134
201400018541,29,5,14,8,1,41,254,1,1,1,6,,47.929,0.933
201400018542,2,6,14,5,2,41,209,1,1,1,6,,47.857,1.084
201400018543,25,6,14,15,1,41,60,1,1,1,2,RD151 A,47.971,0.909
201400018544,28,6,14,23,4,41,254,2,1,1,6,1 route de mondoubleau,47.938,0.934
201400018545,19,7,14,19,1,41,277,1,1,2,6,les fontaines,47.969,1.17
201400018546,25,7,14,6,1,41,28,1,1,1,6,,47.893,1.119
201400018547,2,9,14,15,1,41,214,1,1,1,4,RD19,47.919,1.213
201400018548,13,9,14,20,3,41,73,1,1,1,7,,47.883,1.03699
201400018549,5,10,14,0,3,41,175,1,1,1,1,RN 10,47.867,1.127
201400018550,7,10,14,4,5,41,235,2,1,2,6,lieu dit monplaisir,47.91,0.851
201400018551,31,10,14,13,1,41,196,1,1,1,3,,48.024,1.123
201400018552,24,2,14,9,1,47,209,1,1,1,6,,0.0,0.0
201400018553,4,4,14,19,2,47,66,1,1,1,6,,44.2513,0.40572
201400018554,23,1,14,14,1,47,113,1,1,1,6,,0.0,0.0
201400018555,23,1,14,17,1,47,216,1,3,3,3,,0.0,0.0
201400018556,28,1,14,11,1,47,3,1,3,3,3,,0.0,0.0
201400018557,19,3,14,18,1,47,35,1,1,1,1,,0.0,0.0
201400018558,22,7,14,8,1,47,232,1,1,1,6,,0.0,0.0
201400018559,28,7,14,18,1,47,296,1,2,1,3,,44.5961,0.52057
201400018560,2,9,14,19,1,47,218,1,1,1,7,,0.0,0.0
201400018561,10,9,14,8,1,47,294,1,1,1,3,,44.7269,0.19332
201400018562,29,9,14,7,2,47,301,2,1,1,3,,0.0,0.0
201400018563,14,10,14,18,2,47,168,2,2,1,3,17 LATTRE DE TASSIGNY,44.6003,0.36254
201400018564,30,3,14,10,1,47,325,2,1,1,7,LACASSORE,0.0,0.0
201400018565,26,5,14,7,2,47,65,1,1,1,7,,0.0,0.0
201400018566,22,8,14,15,1,47,95,2,3,3,3,RUE J PANNO/D813,44.405,0.29694
201400018567,30,8,14,13,1,47,65,1,1,1,6,,0.0,0.0
201400018568,9,9,14,16,1,47,110,1,1,1,1,,44.4469,0.29243
201400018569,29,9,14,18,1,47,42,1,1,1,7,,0.0,0.0
201400018570,16,11,14,6,3,47,46,1,1,2,1,,44.38,0.23968
201400018571,8,12,14,18,1,47,310,1,1,1,6,,44.3781,0.31846
201400018572,22,12,14,9,1,47,285,1,1,5,7,,44.4192,0.12525
201400018573,25,7,14,23,3,47,41,1,3,1,6,,44.2061,0.41043
201400018574,6,1,14,17,2,47,43,1,1,1,3,,0.0,0.0
201400018575,25,2,14,10,1,47,93,1,1,1,6,,0.0,0.0
201400018576,11,3,14,18,1,47,39,1,1,1,1,,44.148,0.111
201400018577,9,5,14,10,1,47,43,2,1,2,1,RD642,0.0,0.0
201400018578,24,5,14,4,3,47,52,1,1,1,6,,44.2963,0.0993
201400018579,13,12,14,22,4,47,222,1,1,1,7,,44.3102,0.13398
201400018580,8,11,14,14,1,47,280,1,1,1,6,,0.0,0.0
201400018581,19,11,14,15,1,47,203,1,1,1,6,,44.3822,0.83019
201400018582,26,11,14,17,3,47,315,1,6,2,2,,44.4499,0.88691
201400018583,4,12,14,19,5,47,175,2,6,1,3,ROND POINT DU COLL?GE,44.5275,0.76069
201400018584,23,9,14,13,1,47,241,1,1,1,1,,0.0,0.0
201400018585,15,2,14,19,2,47,79,1,1,1,6,,44.38,0.876
201400018586,2,6,14,5,3,47,106,1,1,1,6,,44.5008,0.94717
201400018587,11,11,14,3,3,47,36,1,1,1,6,,44.4168,0.97231
201400018588,6,6,14,15,1,46,169,1,1,1,6,,44.7079,1.2969
201400018589,20,11,14,17,3,10,79,1,1,1,1,,0.0,0.0
201400018590,3,1,14,16,1,12,56,2,1,2,6,449 AVENUE DU CENTRE,44.2771,2.43603
201400018591,18,4,14,17,1,12,133,1,1,1,3,291 AVENUE DE RODEZ,44.318,2.55819
201400018592,23,5,14,14,1,12,102,1,3,8,1,BELLEVUE,44.3149,2.66616
201400018593,11,6,14,8,1,12,162,2,3,1,3,INTERSECTION VC 24/CD 85,44.3431,2.39802
201400018594,27,7,14,13,1,12,50,2,1,1,6,RD 176,0.0,0.0
201400018595,2,8,14,17,1,12,133,2,1,1,3,route de calzins,44.319,2.535
201400018596,8,11,14,9,1,12,185,1,1,7,1,,0.0,0.0
201400018597,9,11,14,17,3,12,162,1,1,2,6,,44.358,2.395
201400018598,30,8,14,17,1,12,94,1,1,1,7,,44.652,2.561
201400018599,4,9,14,9,1,12,116,1,1,7,1,,0.0,0.0
201400018600,7,9,14,11,1,12,209,1,1,1,6,,44.666,2.663
201400018601,4,10,14,19,2,12,93,1,1,1,6,,44.659,2.509
201400018602,8,10,14,7,2,12,36,1,1,1,6,,44.829,2.688
201400018603,12,6,14,16,1,12,168,1,1,3,6,LIEUDIT : LES CARBONIES,44.0925,3.26206
201400018604,17,10,14,9,1,12,208,2,6,1,1,Bd Aristide Briand,43.963,2.882
201400018605,1,2,14,20,2,12,147,1,1,2,7,LIEUDIT CAMI DE LA ROQUE,43.8068,3.01129
201400018606,6,2,14,14,1,12,186,1,1,1,5,CD 999,43.869,2.56863
201400018607,2,5,14,16,1,12,25,1,3,1,3,CARREFOUR DU PETIT ST JE,43.8703,2.75674
201400018608,28,5,14,12,1,12,42,1,1,1,3,RD 902,43.9269,2.73492
201400018609,26,6,14,9,1,12,69,1,1,1,6,LIEUDIT : LA BESSEDE,43.8763,2.70105
201400018610,7,7,14,11,1,12,195,1,1,2,5,,0.0,0.0
201400018611,2,7,14,19,1,12,217,1,1,1,6,,44.429,1.955
201400018612,25,4,14,23,5,49,35,2,1,1,1,rue chevrière,47.41896,-0.61175
201400018613,17,5,14,9,1,49,214,2,1,1,6,10 Rue Espéranto,47.52924,-0.60475
201400018614,17,6,14,18,1,49,278,1,1,1,7,,47.43292,-0.56929
201400018615,12,1,14,3,3,49,42,1,6,2,6,,47.46697,-0.43526
201400018616,12,1,14,17,1,49,42,2,1,1,3,rue du veau dore,47.48019,-0.41382
201400018617,15,2,14,19,3,49,307,1,1,1,6,,47.42917,-0.29974
201400018618,2,3,14,12,1,49,307,1,1,1,2,,47.41415,-0.3474
201400018619,10,6,14,8,1,49,32,1,1,1,4,,47.41604,-0.35837
201400018620,3,7,14,18,1,49,117,1,1,7,1,,47.42014,-0.42131
201400018621,8,8,14,10,1,49,323,2,1,2,6,avenue de la millardiere,47.51403,-0.47396
201400018622,26,8,14,19,1,49,323,2,1,1,3,avenue de la millardière,47.5141,-0.47417
201400018623,7,11,14,23,3,49,42,1,1,1,1,,47.46882,-0.44426
201400018624,21,12,14,8,1,49,42,1,1,1,6,Le grand limesle,47.44798,-0.43864
201400018625,29,12,14,14,1,49,42,2,1,7,2,grande rue,47.44762,-0.40962
201400018626,26,1,14,13,1,49,63,1,1,2,6,,47.3155,-0.76648
201400018627,30,5,14,18,1,49,39,1,2,1,3,,47.32199,-0.84103
201400018628,20,1,14,19,5,49,316,2,1,2,1,rue de vendee,47.27164,-1.0738
201400018629,16,2,14,15,1,49,204,1,1,7,7,,47.39699,-0.9206
201400018630,26,9,14,15,1,49,313,2,1,1,6,avenue du Parc,47.26938,-1.02592
201400018631,23,5,14,16,1,49,150,1,2,1,3,,47.55258,0.06961
201400018632,15,8,14,8,1,49,372,1,1,8,6,,47.50646,-0.15994
201400018633,20,8,14,10,1,49,369,1,1,7,2,,47.38033,0.08685
201400018634,8,1,14,8,3,49,370,1,1,5,6,,47.26999,-0.20144
201400018635,12,2,14,17,1,49,261,2,2,2,3,inters D751 Bis et D952,47.34973,-0.22664
201400018636,8,1,14,7,2,49,46,1,1,5,6,,47.1629,-0.04542
201400018637,29,6,14,8,1,49,364,2,2,1,3,Rue croix St André,47.14562,-0.24212
201400018638,16,8,14,19,1,49,215,1,1,7,4,,47.13703,-0.16378
201400018639,21,1,14,17,4,49,248,1,1,2,1,,47.77702,-1.19317
201400018640,31,1,14,4,3,49,36,1,1,5,6,,47.74887,-0.97868
201400018641,25,2,14,14,1,49,277,1,1,1,6,,47.69264,-0.89862
201400018642,8,3,14,19,3,49,331,1,6,1,7,La Renaissance,47.69694,-0.87014
201400018643,29,4,14,12,1,49,229,2,1,2,3,rue du parc,47.70567,-0.96258
201400018644,12,7,14,18,1,49,305,1,1,1,3,,47.69804,-0.70928
201400018645,30,8,14,8,1,49,178,1,1,1,7,,47.60585,-0.99057
201400018646,16,9,14,7,2,49,248,1,1,1,6,Les Loges,47.74382,-1.19121
201400018647,26,10,14,2,3,49,187,1,1,1,6,La Pagerie,47.65095,-0.86116
201400018648,8,11,14,9,1,49,178,1,1,8,1,,47.60597,-0.99047
201400018649,2,12,14,13,1,49,184,1,2,8,3,La Lambergere,47.70201,-0.83094
201400018650,29,3,14,14,1,49,251,1,1,1,7,La chevrie,47.58799,-0.66483
201400018651,3,7,14,18,1,49,367,1,2,1,3,Le Bignon,47.56336,-0.86786
201400018652,28,11,14,9,1,49,176,2,3,1,3,Place cochard,47.62487,-0.71877
201400018653,24,8,14,18,1,55,85,1,1,1,7,,48.81958,5.71511
201400018654,12,9,14,18,1,55,537,1,2,1,3,,0.0,0.0
201400018655,4,10,14,18,1,55,361,1,1,1,6,,49.273,5.773
201400018656,14,10,14,14,1,55,317,1,1,1,1,,49.183,5.965
201400018657,17,4,14,0,3,55,351,1,1,1,6,"lieu-dit ""TIVOLI""",49.52498,5.36155
201400018658,31,10,14,11,1,61,104,1,1,1,7,,48.58638,-0.27733
201400018659,17,5,14,16,1,61,64,1,1,1,7,,48.64334,0.32131
201400018660,6,7,14,9,1,61,215,1,1,3,6,,48.53464,0.37231
201400018661,26,7,14,20,1,61,314,2,1,1,6,,48.78533,-0.06446
201400018662,22,8,14,14,1,61,170,1,1,1,2,,48.68711,-0.05962
201400018663,29,10,14,13,1,61,9,1,2,1,3,SAINTE EUGENIE,48.78411,0.07373
201400018664,5,12,14,17,3,61,199,1,1,2,6,BISSEY,48.77421,-0.16982
201400018665,10,1,14,18,3,61,86,1,3,5,1,HOTELLERIE FAROULT,48.89445,0.11036
201400018666,4,5,14,8,1,61,138,1,1,1,7,LE BOUILLONNAY,48.75178,0.27478
201400018667,11,7,14,14,1,61,275,2,1,1,7,RUE GUITRY,48.70189,0.29022
201400018668,8,11,14,22,3,61,310,2,1,8,6,,48.71024,0.20314
201400018669,17,4,14,9,1,61,145,2,1,7,6,6 RUE DE LA REPUBLIQUE,48.59145,-0.64654
201400018670,20,10,14,9,1,61,421,1,2,1,3,L HOTEL MORTON,48.5469,-0.77095
201400018671,23,12,14,12,1,61,145,2,1,2,2,L'HOTELLERIE,48.58007,-0.61942
201400018672,12,4,14,14,1,61,186,2,1,1,6,Rue Saint Hilaire,48.51108,-0.48108
201400018673,3,5,14,12,1,61,168,1,1,1,6,,48.55547,-0.38523
201400018674,28,5,14,7,1,61,243,1,1,1,3,LA COUR CHALMEL,48.58736,-0.33797
201400018675,6,7,14,12,1,61,243,1,1,1,6,SAINT JEAN,48.58138,-0.3517
201400018676,4,9,14,14,1,61,463,1,1,1,1,,48.62753,-0.42889
201400018677,25,10,14,20,3,61,239,1,1,1,6,LA BROUDIERE,48.56587,-0.77095
201400018678,14,12,14,16,1,61,260,1,1,1,6,LES MANOIRS,48.66882,-0.40924
201400018679,11,4,14,19,1,61,66,1,3,1,3,LA HARACHE,48.50734,0.40567
201400018680,5,5,14,9,1,61,411,1,2,1,3,LA GRAVELLE,48.43955,0.45689
201400018681,9,5,14,18,1,61,418,2,1,1,1,RUE DE L'EGLISE,48.50978,0.63339
201400018682,10,6,14,17,1,61,414,2,2,1,3,rue des Ravenelles/D931,48.51267,0.54014
201400018683,2,9,14,10,1,61,29,1,3,1,5,,48.53439,0.49361
201400018684,18,11,14,19,3,61,327,1,3,1,3,,48.43582,0.44684
201400018685,9,2,14,6,2,61,342,2,1,1,6,LE MOULIN,48.74703,0.57951
201400018686,8,3,14,17,1,61,456,2,1,1,6,65 BLD LECLERC,48.76133,0.64398
201400018687,4,4,14,0,3,61,214,2,1,1,6,Avenue du mont st michel,48.75721,0.60721
201400018688,30,5,14,0,3,61,456,1,1,1,7,LA FERME D ECUBLEI,48.77969,0.66527
201400018689,30,5,14,1,3,61,136,1,1,1,6,BEAUFILS,48.84767,0.55887
201400018690,10,6,14,19,1,61,214,2,1,1,6,10 RUE DR FRINAULT,48.76584,0.61294
201400018691,12,7,14,12,1,61,432,1,3,8,5,,48.75853,0.68151
201400018692,1,10,14,6,5,61,214,1,7,1,6,PLACE FULBERT DE BEINA,48.76483,0.6296
201400018693,5,8,14,18,1,61,296,1,1,1,1,,48.5506,0.77624
201400018694,8,8,14,20,2,61,115,1,1,1,6,LA PETITE PITOUGERE,48.38652,0.82223
201400018695,31,1,14,9,1,76,192,1,1,1,1,,50.02183,1.34792
201400018696,14,2,14,7,1,76,618,1,3,1,3,,49.96261,1.23642
201400018697,26,2,14,17,1,76,442,1,1,1,6,,49.98796,1.47822
201400018698,13,3,14,10,1,76,255,1,3,5,3,,50.062,1.42454
201400018699,24,5,14,6,2,76,638,2,1,1,6,"78, R DE LA FORET",50.01948,1.4554
201400018700,6,7,14,15,1,76,255,2,1,2,1,AV DES CANADIENS,50.0387,1.42358
201400018701,2,8,14,6,1,76,435,2,2,1,6,"2, RUE CHASSES MAREES",49.97121,1.4455
201400018702,20,8,14,8,1,76,255,2,1,1,1,"5, R DES BELGES",50.0564,1.42345
201400018703,26,9,14,13,1,76,192,1,1,1,6,,50.01073,1.29925
201400018704,27,9,14,10,1,76,374,2,1,1,2,"50, R PIERRE ET MARIE CU",50.01155,1.4937
201400018705,23,9,14,18,1,76,192,2,1,1,6,"72, R DE LA LIBERATION",50.01656,1.3183
201400018706,2,10,14,7,2,76,435,1,1,1,6,,49.97934,1.44298
201400018707,17,10,14,18,1,76,638,2,1,1,3,70 Rue du fresne,50.00796,1.43794
201400018708,30,10,14,20,3,76,618,1,1,1,4,,49.95608,1.22882
201400018709,2,11,14,23,5,76,507,2,1,2,7,"33, RTE D'EU",50.04226,1.43711
201400018710,12,11,14,18,3,76,696,1,3,8,2,,50.00008,1.2846
201400018711,14,12,14,15,1,76,266,1,1,1,1,,50.03303,1.37638
201400018712,2,2,14,9,1,76,591,1,2,1,3,,49.45114,1.20936
201400018713,25,3,14,18,1,76,106,2,6,2,6,RUE DE L EGLISE,49.4331,1.25614
201400018714,9,4,14,22,4,76,121,1,1,1,6,,49.56831,1.43522
201400018715,14,11,14,9,1,76,738,1,2,1,3,,49.555,1.27946
201400018716,6,12,14,16,1,76,243,2,2,1,6,RD 93 - RD 290,49.5354,1.36198
201400018717,22,3,14,14,1,63,350,1,1,1,1,,0.0,0.0
201400018718,17,5,14,20,1,63,214,2,1,1,6,Route d?partementale D8,45.692,3.191
201400018719,17,7,14,16,1,63,378,1,3,1,1,,0.0,0.0
201400018720,16,2,14,17,1,63,207,1,1,1,3,,45.651,3.67
201400018721,30,3,14,12,1,63,132,2,1,1,7,place du marché,45.63236,3.5602
201400018722,8,5,14,15,1,63,132,1,1,1,7,,0.0,0.0
201400018723,11,5,14,12,1,63,258,2,1,1,6,,45.68,3.633
201400018724,25,6,14,14,1,63,207,1,1,1,1,,0.0,0.0
201400018725,8,9,14,17,1,63,207,1,1,3,3,,45.671,3.647
201400018726,17,9,14,6,2,63,207,1,1,1,1,,45.672,3.646
201400018727,10,10,14,13,1,63,258,1,1,3,3,,45.681,3.638
201400018728,23,10,14,17,1,63,132,2,7,1,6,ld la barge,45.62542,3.56384
201400018729,20,11,14,15,1,63,258,2,1,1,6,l'Orme,45.67538,3.64
201400018730,7,12,14,15,1,63,414,1,1,2,7,,0.0,0.0
201400018731,5,4,14,14,1,63,412,1,1,1,3,,45.41,3.89
201400018732,28,5,14,17,1,63,178,1,1,1,2,,0.0,0.0
201400018733,29,8,14,16,1,63,178,2,3,1,3,chemin de pardines,45.54709,3.24121
201400018734,6,10,14,17,1,63,199,1,1,2,6,,0.0,0.0
201400018735,6,11,14,13,1,63,261,1,3,1,3,,45.5627,3.27359
201400018736,19,12,14,8,1,63,178,2,3,1,2,Kennedy/mendes france,45.55139,3.25007
201400018737,8,6,14,9,1,63,236,1,1,1,7,,45.59,2.796
201400018738,16,6,14,15,1,63,246,2,1,7,7,le bourg D219,0.0,0.0
201400018739,9,7,14,19,1,63,28,1,1,3,7,,0.0,0.0
201400018740,18,7,14,11,1,63,317,1,2,1,1,,45.96396,3.31763
201400018741,9,8,14,20,3,63,400,1,1,1,7,,0.0,0.0
201400018742,20,8,14,17,1,63,89,1,1,1,1,,45.87303,3.21886
201400018743,26,8,14,16,1,63,148,1,3,1,3,,45.898,3.215