Num_Acc,jour,mois,an,hr,condition_eclairage,departement,commune,condition_agglomeration,intersection,condition_atmosphere,type_collision,adresse,lattitude,longitude
201400018744,28,4,14,14,1,63,55,1,1,1,6,,0.0,0.0
201400018745,27,6,14,22,3,63,85,1,1,1,6,,0.0,0.0
201400018746,17,7,14,12,1,63,118,1,1,1,3,,0.0,0.0
201400018747,30,7,14,19,1,63,385,1,1,1,1,,0.0,0.0
201400018748,30,6,14,15,1,63,281,1,2,1,3,,46.11144,2.69843
201400018749,8,11,14,13,1,63,233,2,3,1,3,rue poste/ rue promenade,46.17939,2.80931
201400018750,12,2,14,10,1,63,430,2,1,1,6,rue du moutier,45.85124,3.54402
201400018751,23,3,14,23,3,63,430,1,1,8,6,,0.0,0.0
201400018752,14,6,14,19,1,63,430,2,1,1,1,avenue Ernest Grange,0.0,0.0
201400018753,17,7,14,16,1,63,430,2,1,1,6,en face gendar et Brouss,45.8485,3.53325
201400018754,17,12,14,17,5,63,125,2,1,3,6,9 AVENUE HENRI POURRAT,45.75514,3.54283
201400018755,25,4,14,1,3,63,265,1,1,2,6,,0.0,0.0
201400018756,25,4,14,13,1,63,195,1,1,2,6,,0.0,0.0
201400018757,19,8,14,14,1,63,364,1,1,1,1,,0.0,0.0
201400018758,13,6,14,8,1,89,119,2,1,1,6,route de clamecy,47.52051,3.53983
201400018759,16,6,14,19,1,89,256,1,1,1,6,,0.0,0.0
201400018760,21,8,14,16,1,89,125,1,1,1,6,,47.58628,3.51371
201400018761,29,8,14,2,5,89,200,2,6,1,6,,47.92861,3.60544
201400018762,4,11,14,1,3,89,263,1,1,3,3,,47.84241,3.55079
201400018763,20,11,14,7,2,89,68,1,1,1,2,,47.82031,3.77911
201400018764,1,4,14,16,1,89,216,1,1,1,6,,47.55942,3.26742
201400018765,22,6,14,11,1,89,254,1,1,1,3,,47.70654,3.18178
201400018766,12,7,14,11,1,89,192,1,9,1,6,,47.78929,3.19077
201400018767,24,1,14,18,3,89,235,1,1,1,6,,47.48589,3.99082
201400018768,4,2,14,19,5,89,25,2,1,2,3,10 avenue Victor Hugo,47.49037,3.89697
201400018769,7,4,14,6,2,89,134,1,1,1,2,,47.47773,4.01047
201400018770,26,4,14,21,3,89,25,1,1,2,3,,47.4594,3.91786
201400018771,10,5,14,15,1,89,349,1,1,1,6,,47.39955,4.03014
201400018772,17,8,14,15,1,89,277,1,1,1,6,,47.69115,3.86529
201400018773,17,2,14,16,1,89,418,1,6,1,7,,0.0,0.0
201400018774,13,3,14,17,1,89,211,1,1,1,6,,47.88381,3.94747
201400018775,17,1,14,18,3,89,78,1,1,1,1,,47.93539,3.36611
201400018776,11,2,14,10,1,89,3,2,1,1,6,35 Rue Saint Antoine,47.87436,3.35069
201400018777,16,3,14,15,1,89,304,2,1,1,3,"04, rue des Grains d'Arg",47.83093,3.42023
201400018778,7,6,14,16,1,89,167,2,1,1,7,15 Grande Rue,47.8706,3.45347
201400018779,26,6,14,18,1,89,304,2,1,1,3,rue Saint Louis,47.84345,3.39401
201400018780,7,9,14,10,1,89,334,1,1,7,7,,47.83277,3.31232
201400018781,15,12,14,10,1,89,334,1,1,7,6,,47.83631,3.29249
201400018782,17,12,14,13,1,89,163,1,1,2,6,,47.86527,3.23728
201400018783,4,6,14,18,1,89,460,2,1,1,6,21 rue Gustave Eiffel,48.34147,3.07695
201400018784,3,9,14,16,1,89,449,1,1,1,3,,48.32846,3.07713
201400018785,27,9,14,18,2,89,414,1,1,7,1,,48.30376,3.42276
201400018786,26,10,14,11,1,89,414,1,1,1,6,,48.28732,3.42764
201400018787,1,12,14,17,3,89,74,1,1,2,3,,48.31627,3.1485
201400018788,14,1,14,19,3,89,459,1,3,1,3,,48.14927,3.17576
201400018789,11,11,14,17,3,89,380,1,1,1,1,,48.07026,3.10456
201400018790,23,1,14,19,5,89,464,2,2,2,3,Rue Carnot/Valprofonde,48.08351,3.29476
201400018791,11,5,14,16,1,89,388,1,1,1,1,,47.93791,3.25867
201400018792,11,6,14,20,1,89,348,2,1,1,6,39 avenue pasteur,48.02829,3.30282
201400018793,29,4,14,22,3,71,525,1,1,3,6,,0.0,0.0
201400018794,30,10,14,17,1,71,582,1,1,1,6,,0.0,0.0
201400018795,23,12,14,18,3,71,217,1,1,4,7,,46.28696,4.59142
201400018796,30,1,14,20,3,71,591,2,6,1,6,,46.4491,4.88635
201400018797,9,6,14,9,1,71,550,1,1,1,3,,0.0,0.0
201400018798,11,10,14,18,1,71,345,2,2,1,4,,46.43551,4.80841
201400018799,28,10,14,11,1,71,305,1,1,1,5,,0.0,0.0
201400018800,29,5,14,2,3,71,190,1,1,1,6,,0.0,0.0
201400018801,31,5,14,16,1,71,190,1,1,1,6,,0.0,0.0
201400018802,4,6,14,15,1,71,14,2,1,1,2,avenue du 2eme dragon,46.95607,4.31433
201400018803,8,6,14,22,3,71,162,1,1,1,3,,0.0,0.0
201400018804,7,7,14,18,1,71,190,2,1,2,6,38 rue jean bouveri,46.98563,4.51737
201400018805,18,8,14,9,1,71,144,1,9,1,3,,47.03863,4.33976
201400018806,29,8,14,9,1,71,14,1,1,2,1,,0.0,0.0
201400018807,3,11,14,18,3,71,349,1,1,2,1,,0.0,0.0
201400018808,4,11,14,18,2,71,14,1,1,2,1,,46.94828,4.3498
201400018809,27,12,14,17,5,71,14,2,1,8,6,rue Arbalete,46.94949,4.3004
201400018810,7,9,14,15,1,71,450,1,1,1,7,,0.0,0.0
201400018811,23,3,14,13,1,71,390,2,1,1,6,31 RUE DU PAQUIER,46.69462,4.34114
201400018812,26,7,14,19,1,71,310,1,1,8,1,,0.0,0.0
201400018813,7,11,14,15,1,71,268,1,1,1,6,,0.0,0.0
201400018814,18,9,14,15,1,71,95,1,1,3,1,,0.0,0.0
201400018815,18,10,14,19,5,71,133,1,1,1,1,,0.0,0.0
201400018816,3,8,14,9,1,71,230,2,1,1,1,rue Roger COUDERC,46.59527,4.05364
201400018817,28,11,14,6,5,71,212,1,1,1,3,,0.0,0.0
201400018818,20,1,14,13,2,71,558,1,1,2,1,,0.0,0.0
201400018819,7,3,14,17,1,71,263,2,1,7,7,rue d'Alsace,46.62983,5.22564
201400018820,17,5,14,20,1,71,528,1,1,1,6,,46.60422,5.17847
201400018821,25,5,14,22,3,71,528,1,1,1,6,,0.0,0.0
201400018822,29,5,14,15,1,71,56,1,1,1,6,,46.64149,5.19717
201400018823,30,5,14,14,1,71,263,2,3,1,3,Rue de Beaufort,0.0,0.0
201400018824,1,6,14,17,1,71,263,2,1,1,3,route de Sornay,0.0,0.0
201400018825,18,7,14,10,1,71,367,1,1,1,1,,0.0,0.0
201400018826,27,10,14,14,1,71,484,1,2,1,3,,46.6708,5.27088
201400018827,6,9,14,3,3,71,248,1,1,1,1,,0.0,0.0
201400018828,23,1,14,18,5,64,410,2,1,2,6,avenue Henri IV,43.376,-0.63
201400018829,10,3,14,14,1,64,512,2,1,1,1,ROUTE DE LOUBIENG - D110,43.411,-0.715
201400018830,29,3,14,3,5,64,288,1,1,1,6,,43.379,-0.53
201400018831,23,8,14,21,3,64,57,2,1,1,7,ROUTE DE CAUBIN,0.0,0.0
201400018832,29,8,14,8,1,64,410,2,6,8,6,AVENUE CHARLES  MOUREU,0.0,0.0
201400018833,30,10,14,10,1,64,410,2,9,1,6,avenue charles moureu,43.375,-0.625
201400018834,2,9,14,12,1,71,154,2,6,1,3,rue Paul Sabatier,0.0,0.0
201400018835,17,11,14,11,1,71,154,2,2,2,2,44 rue Paul Sabatier,46.82744,4.86714
201400018836,20,9,14,13,1,81,31,1,3,1,5,,43.6284,2.41049
201400018837,6,1,14,7,2,81,2,1,3,1,3,,43.5173,2.31097
201400018838,16,7,14,18,1,81,307,2,1,1,6,LE BOURG,43.5686,2.30889
201400018839,3,8,14,9,1,81,237,1,1,1,6,,43.4809,2.11293
201400018840,10,8,14,10,1,81,66,2,3,1,6,CARREFOUR MAIRIE,43.5687,2.30841
201400018841,13,8,14,0,3,81,288,1,1,2,6,,43.4531,2.03551
201400018842,17,9,14,21,3,81,325,1,1,1,6,,43.5541,2.19811
201400018843,19,9,14,20,3,81,120,1,1,1,1,,43.5194,2.30512
201400018844,21,10,14,0,5,81,307,2,1,1,6,CD 612,43.5688,2.3023
201400018845,21,12,14,5,3,81,289,1,1,1,6,,0.0,0.0
201400018846,23,8,14,20,2,69,82,2,3,2,3,,46.225,4.672
201400018847,7,9,14,10,1,69,150,2,1,1,6,le bourg,0.0,0.0
201400018848,28,12,14,20,3,69,162,1,1,9,6,,46.13,4.624
201400018849,2,12,14,8,1,69,169,1,1,5,3,,45.974,4.423
201400018850,28,3,14,23,5,33,236,2,1,1,6,AVENUE DE LA VIGNE,0.0,0.0
201400018851,7,5,14,10,1,33,36,2,1,1,6,Rue Fondespan,0.0,0.0
201400018852,14,6,14,16,1,33,195,1,1,1,6,,0.0,0.0
201400018853,7,7,14,15,1,33,36,2,2,1,3,,0.0,0.0
201400018854,16,8,14,6,3,33,333,2,1,1,6,avenue de l'oc?an,0.0,0.0
201400018855,17,5,14,22,3,33,125,1,1,1,7,,0.0,0.0
201400018856,4,6,14,22,5,33,314,1,1,1,6,,0.0,0.0
201400018857,5,7,14,6,2,33,125,1,1,1,1,,0.0,0.0
201400018858,6,12,14,21,5,33,314,2,1,1,3,SAINT LAMBERT,0.0,0.0
201400018859,30,9,14,16,1,33,490,1,1,1,6,,0.0,0.0
201400018860,20,3,14,17,1,33,301,1,1,1,1,,0.0,0.0
201400018861,16,4,14,17,1,33,531,1,1,1,1,,0.0,0.0
201400018862,22,12,14,17,1,33,194,1,1,1,6,,0.0,0.0
201400018863,16,10,14,11,1,33,320,1,1,2,6,,0.0,0.0
201400018864,6,12,14,23,3,33,480,1,1,1,7,,44.414,0.299
201400018865,30,6,14,12,1,65,281,2,1,7,6,24 route des Pyrenees,43.1169,0.06917
201400018866,2,6,14,15,1,65,315,1,1,1,1,,43.24651,0.49864
201400018867,25,9,14,14,1,65,28,1,1,1,7,D 24,0.0,0.0
201400018868,9,2,14,14,1,65,130,1,1,1,1,,43.55999,-0.0197
201400018869,27,5,14,19,1,65,460,2,1,1,6,rue du mar?chal foch,43.38519,0.05211
201400018870,26,5,14,16,1,65,121,2,6,1,3,Rond-point de ST-AUNIS,43.35857,0.06467
201400018871,23,7,14,10,1,65,460,2,1,1,6,23 BD ALSACE LORRAINE,43.38514,0.05516
201400018872,14,10,14,14,1,65,425,1,1,1,1,,0.0,0.0
201400018873,1,1,14,0,3,65,138,1,1,1,7,ROUTE DU CAMBASQUE,42.88263,-0.14044
201400018874,19,9,14,13,1,65,271,1,1,1,7,,43.10123,-0.00632
201400018875,22,6,14,5,2,41,110,1,1,1,7,,47.309,1.836
201400018876,21,7,14,20,1,41,126,1,1,1,6,A85 PR146+200,47.292,1.28
201400018877,11,8,14,6,2,41,2,1,1,1,6,PR 142+000,47.3,1.226
201400018878,29,8,14,19,1,41,110,1,1,1,2,PR 190+600,47.31,1.834
201400018879,12,9,14,16,1,41,180,1,1,1,2,,47.402,1.262
201400018880,26,9,14,11,2,41,44,1,1,1,2,,47.294,1.932
201400018881,16,5,14,6,1,82,48,2,6,1,3,RD 813 - RD 06,0.0,0.0
201400018882,15,9,14,18,1,82,25,1,1,1,6,,0.0,0.0
201400018883,17,3,14,19,2,82,127,1,1,1,6,,0.0,0.0
201400018884,20,8,14,19,1,82,51,1,1,1,6,,44.185,1.158
201400018885,29,10,14,22,3,82,112,1,1,1,6,,0.0,0.0
201400018886,14,11,14,17,2,82,169,1,1,3,2,,0.0,0.0
201400018887,25,11,14,20,3,82,80,1,1,5,1,,0.0,0.0
201400018888,10,2,14,15,1,80,338,2,1,1,6,"63, RUE JULES LARDIERE",0.0,0.0
201400018889,15,2,14,22,3,80,36,1,1,8,6,,0.0,0.0
201400018890,21,3,14,19,2,80,461,1,2,1,3,,0.0,0.0
201400018891,30,4,14,23,3,80,426,1,1,1,1,,0.0,0.0
201400018892,18,5,14,16,1,80,752,1,1,1,6,,0.0,0.0
201400018893,21,7,14,16,1,80,112,1,1,1,6,,0.0,0.0
201400018894,3,8,14,7,2,80,429,2,1,1,6,1 rue du Chateau,0.0,0.0
201400018895,6,10,14,13,1,80,507,1,1,1,1,,49.85408,2.54997
201400018896,17,11,14,19,3,80,159,1,1,2,7,,49.86965,2.46662
201400018897,14,3,14,7,1,80,754,1,1,5,5,,0.0,0.0
201400018898,16,3,14,10,1,80,62,2,1,1,1,38 RUE DE BEUVILLE,49.84601,1.78448
201400018899,9,4,14,14,1,80,554,1,1,1,7,,0.0,0.0
201400018900,14,4,14,11,1,80,456,1,1,1,5,,0.0,0.0
201400018901,18,6,14,6,1,80,796,1,1,1,7,,0.0,0.0
201400018902,25,7,14,10,1,80,587,1,1,1,3,,0.0,0.0
201400018903,1,9,14,2,3,80,61,1,1,1,6,,49.82856,1.77331
201400018904,31,10,14,5,5,80,732,1,1,1,2,,49.88882,1.71836
201400018905,24,12,14,11,1,80,61,1,1,2,6,,49.82929,1.77273
201400018906,31,1,14,9,1,80,583,1,2,5,3,,0.0,0.0
201400018907,9,2,14,5,5,80,301,2,1,6,6,rue de la gare,0.0,0.0
201400018908,23,2,14,16,1,80,656,1,1,1,7,,0.0,0.0
201400018909,3,3,14,14,1,80,791,2,1,8,6,01 le culmont,0.0,0.0
201400018910,25,4,14,3,3,80,627,1,1,1,7,,0.0,0.0
201400018911,7,6,14,19,1,80,611,1,1,1,7,RUE DE LA FONTENELLE,49.76994,2.26965
201400018912,22,6,14,15,1,80,485,2,1,1,6,5 rue du marais,49.77218,2.17023
201400018913,16,7,14,19,1,80,717,1,1,1,3,,0.0,0.0
201400018914,25,7,14,19,1,80,696,2,1,1,1,Rue de la chaussée - RD7,0.0,0.0
201400018915,9,8,14,17,1,80,573,1,1,1,3,,0.0,0.0
201400018916,30,9,14,18,1,80,583,2,1,1,6,RUE D AMIENS,49.79507,2.20176
201400018917,18,1,14,22,3,80,207,1,1,1,6,,0.0,0.0
201400018918,22,2,14,19,3,80,24,1,1,1,3,,0.0,0.0
201400018919,4,3,14,11,1,80,718,2,1,8,6,331 RUE MAURICE THOREZ,0.0,0.0
201400018920,1,7,14,13,1,80,20,1,1,1,3,,0.0,0.0
201400018921,5,9,14,23,3,80,639,2,1,1,3,rue H et G. DESJARDIN,49.94214,2.28028
201400018922,8,10,14,16,1,80,173,1,1,1,1,RUE D'ARTOIS,49.95204,2.358
201400018923,13,10,14,15,1,80,24,1,1,1,3,,49.94067,2.23276
201400018924,2,12,14,0,3,80,562,1,1,1,6,,49.97967,2.43026
201400018925,10,12,14,8,3,80,718,1,1,2,2,,49.9574,2.22786
201400018926,15,2,14,3,3,80,512,2,1,6,6,route de rouen,0.0,0.0
201400018927,30,5,14,9,1,80,215,1,1,1,2,,0.0,0.0
201400018928,1,6,14,16,1,80,328,1,1,1,1,,0.0,0.0
201400018929,12,6,14,12,1,80,635,2,1,1,1,cd901,0.0,0.0
201400018930,25,6,14,15,1,80,779,1,1,1,5,,0.0,0.0
201400018931,5,7,14,8,1,80,282,1,1,1,6,,0.0,0.0
201400018932,7,9,14,12,1,80,486,1,1,1,3,32 R DE LA CHAPELLE,50.04267,1.98626
201400018933,21,9,14,20,5,80,249,2,1,1,2,29 chaussee brunehaut,50.11677,2.04715
201400018934,26,10,14,19,5,80,512,2,1,1,6,107 grande rue,50.07348,1.8224
201400018935,25,11,14,17,3,80,578,1,1,2,1,,50.06625,1.77414
201400018936,8,12,14,14,1,80,260,1,1,1,1,,50.1501,1.8506
201400018937,17,12,14,12,1,80,635,1,1,2,4,,50.06094,1.89439
201400018938,13,1,14,17,1,80,368,2,1,1,6,RUE JULES VALLES,50.08951,1.5521
201400018939,7,2,14,20,5,80,182,2,1,1,6,RUE MARECHAL FOCH,0.0,0.0
201400018940,18,2,14,7,3,80,183,1,1,1,6,,0.0,0.0
201400018941,25,2,14,13,1,80,597,2,1,1,1,10 RUE DE FEUQUIERES,50.07802,1.60074
201400018942,2,3,14,11,1,80,39,2,1,1,6,BD MICHEL COUILLET,50.10686,1.45151
201400018943,3,3,14,14,1,80,265,1,2,1,3,,50.03394,1.56712
201400018944,9,3,14,14,1,80,662,2,1,1,3,,0.0,0.0
201400018945,22,3,14,7,2,80,146,2,1,1,6,6 route nationale,0.0,0.0
201400018946,15,4,14,8,1,80,146,1,1,1,6,,0.0,0.0
201400018947,29,4,14,12,1,80,518,2,1,1,7,14 rue de vismes,0.0,0.0
201400018948,9,5,14,18,1,80,597,2,1,1,6,rue de feuquieres,50.07839,1.60052
201400018949,13,5,14,16,1,80,368,2,3,1,3,Avenue de la Liberation,0.0,0.0
201400018950,1,6,14,17,1,80,110,1,1,1,7,,50.16201,1.65558
201400018951,30,6,14,18,1,80,182,1,1,1,1,,0.0,0.0
201400018952,7,7,14,18,1,80,110,1,1,1,5,,0.0,0.0
201400018953,11,7,14,16,1,80,518,1,2,2,3,,0.0,0.0
201400018954,31,7,14,17,1,80,765,2,2,1,3,carrefour CD 29 - CD 22,0.0,0.0
201400018955,3,8,14,11,1,80,721,1,2,8,3,,0.0,0.0
201400018956,17,8,14,19,1,80,110,2,1,2,7,CD940,0.0,0.0
201400018957,13,9,14,11,1,80,161,1,1,1,1,,50.12762,1.73898
201400018958,22,9,14,16,1,80,714,1,6,1,3,,50.0631,1.4655
201400018959,7,12,14,12,1,80,721,2,1,8,6,"49, QUAI BLAVET",50.18596,1.64172
201400018960,14,12,14,14,1,80,4,1,1,1,1,,0.0,0.0
201400018961,27,12,14,15,1,80,500,2,1,7,1,rue principale,50.01043,1.60647
201400018962,9,3,14,14,1,80,688,1,1,1,2,,0.0,0.0
201400018963,9,3,14,11,1,80,598,2,1,1,3,,0.0,0.0
201400018964,1,4,14,17,1,80,250,1,1,1,3,,0.0,0.0
201400018965,26,6,14,20,1,80,649,1,1,1,6,,0.0,0.0
201400018966,22,7,14,8,1,80,590,1,2,1,6,,0.0,0.0
201400018967,14,8,14,13,1,80,149,1,1,2,3,,0.0,0.0
201400018968,4,9,14,8,1,80,688,2,1,1,6,rue du marais,50.26885,1.67607
201400018969,4,10,14,22,3,80,149,1,1,2,6,,50.15539,1.81812
201400018970,6,10,14,16,1,80,633,1,1,3,3,,50.22907,1.7206
201400018971,13,10,14,10,1,80,633,1,1,6,6,,50.21139,1.67162
201400018972,31,10,14,18,3,80,109,1,9,1,1,,50.25701,1.96922
201400018973,2,11,14,5,3,80,374,2,1,1,6,rue du quesnoy,50.19049,1.94194
201400018974,11,5,14,11,1,80,153,2,1,2,7,3 Grande rue,0.0,0.0
201400018975,1,7,14,10,1,80,253,2,7,1,6,PLACE THELU,50.15579,2.34348
201400018976,7,8,14,11,1,80,3,2,1,1,1,"8, rue de Lealvillers",50.07241,2.5314
201400018977,4,10,14,22,3,80,253,1,1,2,3,,0.0,0.0
201400018978,14,11,14,23,3,80,70,1,1,8,7,,50.07541,2.35399
201400018979,8,12,14,15,1,80,43,1,1,1,1,,50.11628,2.50313
201400018980,27,5,14,20,2,80,100,2,1,1,7,rue principale,0.0,0.0
201400018981,9,7,14,19,1,80,795,2,1,2,6,"2, rue georges outrebon",0.0,0.0
201400018982,18,7,14,19,1,80,93,2,1,7,3,"12, rue lucien peyrat",50.04608,2.14698
201400018983,3,10,14,18,1,80,566,1,2,1,1,,50.08854,2.20131
201400018984,17,10,14,11,1,80,318,2,1,1,6,2 rue roger godard,50.0167,2.07944
201400018985,18,1,14,18,2,80,685,1,3,1,1,AV FRANCOIS MITTERAND,49.69625,2.79799
201400018986,14,3,14,7,2,80,176,1,1,5,3,,0.0,0.0
201400018987,28,4,14,16,1,80,561,2,1,1,1,Avenue Maurice Leconte,0.0,0.0
201400018988,1,5,14,19,1,80,561,2,1,1,3,place exeter,0.0,0.0
201400018989,20,5,14,17,2,80,232,1,1,2,3,,0.0,0.0
201400018990,29,5,14,3,5,80,685,2,1,1,6,Rue St Gilles,0.0,0.0
201400018991,11,7,14,16,1,80,685,1,1,2,1,,0.0,0.0
201400018992,2,8,14,22,3,80,74,1,1,1,7,,0.0,0.0
201400018993,18,9,14,17,1,80,53,2,1,1,1,route de Roye,49.71003,2.86169
201400018994,11,10,14,1,3,80,232,1,1,1,6,,0.0,0.0
201400018995,6,11,14,12,1,80,293,1,2,1,3,,49.6688,2.60198
201400018996,13,12,14,16,1,80,170,1,1,2,7,,49.65909,2.50181
201400018997,16,1,14,17,2,80,652,2,1,2,1,,0.0,0.0
201400018998,19,2,14,7,2,80,242,1,1,1,6,,0.0,0.0
201400018999,3,8,14,7,1,80,315,2,1,1,6,Route Nationale,0.0,0.0
201400019000,31,8,14,14,1,80,499,2,1,1,3,RUE DE SAUVILLERS,0.0,0.0
201400019001,14,9,14,14,1,80,758,1,1,1,1,,49.73338,2.42817
201400019002,27,9,14,20,3,80,321,1,1,1,7,,49.69488,2.37228
201400019003,18,10,14,16,1,80,31,1,1,1,7,,49.75544,2.65152
201400019004,4,5,14,20,1,80,240,1,2,7,3,,0.0,0.0
201400019005,30,6,14,11,1,80,150,1,1,1,1,,0.0,0.0
201400019006,13,9,14,11,1,80,620,2,1,1,2,,49.90143,2.92455
201400019007,24,9,14,13,1,80,762,1,1,1,6,,49.94382,3.03477
201400019008,10,10,14,20,3,80,258,1,1,1,6,,49.95131,2.99992
201400019009,19,10,14,17,1,80,401,1,1,1,1,,0.0,0.0
201400019010,6,11,14,16,1,80,620,2,1,1,1,"25, RUE DU QUINCONCE",49.93561,2.92873
201400019011,11,11,14,21,5,80,601,2,1,2,3,ROUTE NATIONALE,50.00688,3.0191
201400019012,9,1,14,9,1,80,116,2,2,1,3,D934,0.0,0.0
201400019013,17,2,14,7,2,80,186,2,1,1,6,rue de nesle,0.0,0.0
201400019014,2,3,14,13,1,80,481,1,8,1,1,,49.81287,2.76946
201400019015,16,3,14,10,1,80,417,2,3,1,3,Rue de Lihons,0.0,0.0
201400019016,25,8,14,17,1,80,608,1,1,1,6,,0.0,0.0
201400019017,30,10,14,14,1,80,432,1,1,1,7,,49.87416,2.75211
201400019018,29,11,14,20,3,80,33,1,1,5,1,,49.89356,2.83297
201400019019,7,12,14,20,5,80,593,2,1,1,1,55 ROUTE DE ROYE,49.92532,2.72554
201400019020,5,2,14,20,5,80,410,2,1,1,3,Rue de ST Quentin,0.0,0.0
201400019021,1,6,14,16,1,80,585,1,1,1,3,,0.0,0.0
201400019022,24,6,14,20,1,80,158,1,1,1,7,,0.0,0.0
201400019023,28,12,14,17,3,80,509,1,1,1,7,,0.0,0.0
201400019024,30,3,14,19,1,60,154,2,2,1,3,Rue Yvonne DROUIN,0.0,0.0
201400019025,17,4,14,8,1,60,539,1,1,1,3,,0.0,0.0
201400019026,24,5,14,5,2,60,539,1,1,1,6,,0.0,0.0
201400019027,14,11,14,11,1,60,102,2,1,2,3,chemin de halage,0.0,0.0
201400019028,26,11,14,7,5,60,587,2,1,2,6,Rue de Paris,0.0,0.0
201400019029,3,2,14,11,1,19,30,1,1,1,2,sens brive > bordeaux,45.16014,1.33607
201400019030,26,5,14,14,1,19,274,1,1,3,6,SORTIE 19,45.1749,1.47139
201400019031,23,6,14,11,1,19,124,1,1,1,6,,0.0,0.0
201400019032,11,8,14,15,1,202,233,2,1,1,6,COVILI,0.0,0.0
201400019033,4,5,14,23,3,202,194,1,1,1,7,,0.0,0.0
201400019034,6,5,14,17,1,202,299,1,1,1,7,,0.0,0.0
201400019035,23,1,14,15,1,202,49,1,6,2,6,,0.0,0.0
201400019036,30,1,14,13,1,202,50,1,1,2,6,,0.0,0.0
201400019037,18,6,14,12,1,202,150,1,1,1,1,,0.0,0.0
201400019038,22,4,14,5,3,202,218,1,1,1,7,,0.0,0.0
201400019039,10,11,14,11,1,202,96,2,1,1,3,RN 200 Chenes verts,0.0,0.0
201400019040,15,1,14,17,4,202,251,2,1,1,3,D244/strada di a scola,0.0,0.0
201400019041,16,3,14,0,5,202,123,2,1,1,2,route de Ghisoni,0.0,0.0
201400019042,30,5,14,22,3,202,251,1,1,1,3,,0.0,0.0
201400019043,29,7,14,17,1,202,123,1,1,1,1,,0.0,0.0
201400019044,5,8,14,16,1,202,123,1,1,1,3,,0.0,0.0
201400019045,24,8,14,4,3,202,123,1,1,1,3,,0.0,0.0
201400019046,6,9,14,8,1,202,342,1,2,1,1,,0.0,0.0
201400019047,24,11,14,18,3,202,123,2,1,1,2,Ancienne voie ferr?e,0.0,0.0
201400019048,8,1,14,16,1,31,56,2,1,1,6,50 rue de la république,43.66338,1.37052
201400019049,18,3,14,8,1,31,150,2,1,8,6,32 route de Aussonne,43.65738,1.32458
201400019050,18,4,14,15,1,31,150,2,1,1,2,RD 63E,0.0,0.0
201400019051,16,7,14,4,1,31,541,2,1,1,3,route de Grenade,43.69553,1.35078
201400019052,29,7,14,10,1,31,56,1,1,1,6,,0.0,0.0
201400019053,23,8,14,9,1,31,150,1,1,1,1,route de pibrac,0.0,0.0
201400019054,1,9,14,15,1,31,541,1,1,1,5,,0.0,0.0
201400019055,12,9,14,15,1,31,541,1,1,1,7,,43.69321,1.35929
201400019056,31,10,14,22,5,31,351,2,1,1,1,8 RUE DE LA REPUBLIQUE,43.6712,1.28786
201400019057,17,12,14,6,3,31,150,1,1,1,2,,43.6652,1.31404
201400019058,13,3,14,13,1,201,48,1,1,1,1,,42.05104,8.75107
201400019059,20,5,14,12,1,201,48,1,1,1,3,,42.03196,8.76292
201400019060,28,4,14,16,1,201,130,2,1,1,3,DEPARTEMENTALE 555,41.88977,8.81424
201400019061,27,9,14,6,2,201,130,2,1,1,3,BD Marie Jeanne Bozzi,41.88863,8.79888
201400019062,13,3,14,10,1,201,41,1,1,1,2,,41.41923,9.17962
201400019063,27,4,14,6,2,201,41,1,1,1,7,,41.47317,9.22678
201400019064,31,5,14,17,1,201,41,1,1,1,6,,41.37775,9.20898
201400019065,31,12,14,19,3,201,130,1,1,1,5,,41.87823,8.94767
201400019066,2,4,14,23,3,79,66,1,6,1,6,,0.0,0.0
201400019067,30,6,14,21,1,79,119,1,1,1,7,,0.0,0.0
201400019068,10,7,14,18,1,79,281,2,1,1,6,ROUTE DE NIORT,0.0,0.0
201400019069,20,10,14,18,1,79,77,1,2,1,3,,0.0,0.0
201400019070,26,10,14,17,1,79,351,1,1,1,6,,0.0,0.0
201400019071,28,12,14,9,1,79,77,1,1,1,6,"LD ""LE BOIS CHAPELEAU""",0.0,0.0
201400019072,12,1,14,12,1,79,34,2,1,1,1,RUE DU CHATEAU D'EAU,0.0,0.0
201400019073,18,2,14,11,1,79,46,1,2,1,3,,0.0,0.0
201400019074,6,3,14,8,1,79,137,1,3,1,3,,0.0,0.0
201400019075,2,4,14,15,1,79,100,2,1,1,6,11 RUE DE PREPLOT,0.0,0.0