Num_Acc,jour,mois,an,hr,condition_eclairage,departement,commune,condition_agglomeration,intersection,condition_atmosphere,type_collision,adresse,lattitude,longitude
201400019076,3,4,14,11,1,79,257,1,1,1,7,,0.0,0.0
201400019077,7,4,14,9,1,79,162,2,1,1,2,,0.0,0.0
201400019078,13,4,14,9,1,79,112,2,1,1,6,,0.0,0.0
201400019079,9,5,14,17,1,79,216,1,1,1,1,,0.0,0.0
201400019080,7,6,14,9,1,79,34,1,1,1,5,,0.0,0.0
201400019081,6,7,14,5,2,79,216,1,1,3,7,"LD ""CHIRON-MALLET""",0.0,0.0
201400019082,5,7,14,5,3,79,130,1,9,2,7,,0.0,0.0
201400019083,5,8,14,13,1,79,130,1,2,1,3,,0.0,0.0
201400019084,2,9,14,8,1,79,3,1,1,1,3,,0.0,0.0
201400019085,6,10,14,12,1,79,170,2,1,8,3,ROUTE SAINT-HILAIRE,0.0,0.0
201400019086,12,2,14,14,1,79,327,1,1,6,6,,0.0,0.0
201400019087,25,7,14,16,1,79,4,1,1,1,7,,0.0,0.0
201400019088,24,8,14,2,3,79,217,1,1,1,7,,0.0,0.0
201400019089,29,8,14,3,4,79,90,2,1,1,7,ROUTE DU FOUR A CHAUX,0.0,0.0
201400019090,17,10,14,18,1,79,126,1,1,1,1,,0.0,0.0
201400019091,31,10,14,12,1,79,174,1,1,1,1,"LD ""LA VERGNE""",0.0,0.0
201400019092,19,11,14,16,1,79,174,2,1,1,6,PLACE RENE GROUSSARD,0.0,0.0
201400019093,19,2,14,19,5,79,270,2,2,1,3,RUE GARRAN DE BALZAN,0.0,0.0
201400019094,28,2,14,16,1,79,48,1,1,9,6,,0.0,0.0
201400019095,13,3,14,13,1,79,48,1,1,1,2,,0.0,0.0
201400019096,28,3,14,20,3,79,24,1,1,1,6,,0.0,0.0
201400019097,11,8,14,17,1,79,270,2,1,1,6,24 AVENUE GAMBETTA,0.0,0.0
201400019098,2,9,14,18,1,79,302,1,3,7,3,,0.0,0.0
201400019099,7,11,14,12,1,79,114,1,1,2,6,,0.0,0.0
201400019100,12,12,14,19,3,79,201,1,2,8,1,,0.0,0.0
201400019101,20,3,14,16,1,79,79,2,1,1,1,RUE DU MOUTON BLANC,0.0,0.0
201400019102,13,4,14,19,1,79,62,1,2,1,3,,0.0,0.0
201400019103,2,8,14,15,1,79,207,1,3,3,4,"LD ""LA MAUFREYERE""",0.0,0.0
201400019104,5,9,14,4,3,79,195,1,1,1,6,,0.0,0.0
201400019105,23,9,14,7,2,79,50,1,1,1,3,,0.0,0.0
201400019106,31,10,14,16,1,79,62,2,1,1,3,20 AVENEU DE LA GARE,0.0,0.0
201400019107,23,5,14,17,1,79,265,2,1,1,1,RUE DE FONTENILLES,0.0,0.0
201400019108,25,7,14,15,1,79,161,1,8,1,3,,0.0,0.0
201400019109,1,8,14,14,1,79,292,1,1,1,6,,0.0,0.0
201400019110,9,8,14,21,2,79,171,2,3,1,6,RUE DE LA LOGE,0.0,0.0
201400019111,18,9,14,17,1,79,171,1,1,1,6,"LD ""LA CROIX D'INGAND""",0.0,0.0
201400019112,1,11,14,20,3,79,161,1,1,1,7,,46.923,-0.196
201400019113,2,11,14,9,1,79,280,1,1,1,6,,0.0,0.0
201400019114,28,3,14,15,1,79,213,1,1,1,6,,0.0,0.0
201400019115,17,4,14,15,1,79,202,2,1,1,6,,0.0,0.0
201400019116,6,5,14,20,2,79,202,1,1,1,1,,0.0,0.0
201400019117,9,5,14,20,1,79,172,2,2,1,2,RUE DE LA VERRONNERIE,0.0,0.0
201400019118,16,5,14,11,1,79,213,2,9,1,3,ROUTE DE ST MAIXENT,0.0,0.0
201400019119,9,7,14,1,3,79,29,1,1,8,7,,0.0,0.0
201400019120,4,8,14,14,1,79,225,1,1,1,1,,0.0,0.0
201400019121,6,10,14,14,1,79,29,1,1,2,6,"LD ""LA PIOCHERE""",0.0,0.0
201400019122,16,10,14,17,1,79,202,2,6,3,7,Boulevard de l'Europe,0.0,0.0
201400019123,27,10,14,17,1,79,339,2,1,1,1,4 RUE DU CHENE,0.0,0.0
201400019124,21,11,14,13,1,79,8,1,1,1,6,,0.0,0.0
201400019125,25,11,14,14,1,79,202,2,1,8,6,,0.0,0.0
201400019126,18,12,14,8,2,79,213,1,1,1,1,,0.0,0.0
201400019127,22,12,14,4,5,79,347,2,1,1,1,ROUTE DE THOUARS,0.0,0.0
201400019128,12,2,14,20,4,79,135,1,2,3,3,,0.0,0.0
201400019129,4,4,14,17,1,79,16,1,4,8,1,,0.0,0.0
201400019130,9,4,14,17,1,79,5,2,1,1,6,,0.0,0.0
201400019131,16,12,14,16,1,79,260,1,1,1,1,,0.0,0.0
201400019132,26,1,14,14,1,79,311,1,1,3,6,,0.0,0.0
201400019133,12,2,14,19,3,79,179,2,1,3,6,,0.0,0.0
201400019134,20,4,14,22,3,79,188,1,1,1,6,,0.0,0.0
201400019135,8,5,14,20,2,79,311,2,1,1,6,6 ROUTE DE LA FORET,0.0,0.0
201400019136,19,7,14,3,3,79,7,1,1,2,6,"LD ""L'AUBERTIERE""",0.0,0.0
201400019137,8,8,14,17,1,79,311,1,1,3,6,,0.0,0.0
201400019138,19,10,14,15,1,79,94,1,1,1,3,,0.0,0.0
201400019139,6,2,14,10,1,76,179,1,1,2,3,,49.61408,1.10962
201400019140,14,7,14,13,1,76,197,1,3,1,3,,49.77928,1.07817
201400019141,23,10,14,14,1,76,360,1,1,8,6,,49.73346,1.06577
201400019142,28,3,14,12,1,76,556,1,3,1,3,D81,49.53031,0.47577
201400019143,19,10,14,15,1,76,279,2,1,1,1,,49.61613,0.59304
201400019144,16,12,14,16,1,76,281,1,2,1,3,,49.52195,0.58435
201400019145,23,6,14,8,1,76,744,2,3,1,1,,49.83866,1.56869
201400019146,14,1,14,9,1,76,495,2,1,7,6,"22, R JEAN MAILLARD",49.56841,0.95388
201400019147,13,2,14,6,3,76,433,1,2,3,3,,49.58409,0.88624
201400019148,22,6,14,16,1,76,436,1,1,1,1,,49.41926,0.86421
201400019149,31,7,14,20,1,76,608,2,1,1,6,"91, RTE DE SAINT PAER",49.51074,0.85124
201400019150,11,11,14,17,1,76,636,1,6,1,3,,49.51515,0.9196
201400019151,17,4,14,12,1,67,165,1,1,1,6,,0.0,0.0
201400019152,21,5,14,11,1,67,59,1,1,1,3,,0.0,0.0
201400019153,25,6,14,22,2,67,436,1,1,1,6,,0.0,0.0
201400019154,24,7,14,23,3,67,325,1,1,1,6,,0.0,0.0
201400019155,20,10,14,16,1,67,276,2,1,1,1,"142, rue principale",0.0,0.0
201400019156,15,11,14,12,1,67,543,1,1,1,1,,0.0,0.0
201400019157,7,12,14,0,3,67,342,1,1,1,6,PV,0.0,0.0
201400019158,15,12,14,17,3,67,420,1,1,1,1,,0.0,0.0
201400019159,21,8,14,18,1,67,105,2,1,1,6,12 rue du printemps,0.0,0.0
201400019160,15,11,14,16,2,67,2,1,1,1,2,,0.0,0.0
201400019161,28,11,14,7,3,67,234,1,1,1,7,,0.0,0.0
201400019162,30,11,14,2,5,67,514,1,1,5,6,,0.0,0.0
201400019163,25,9,14,15,1,67,330,1,2,8,3,,48.89,8.04299
201400019164,9,3,14,15,1,67,160,1,1,1,3,,0.0,0.0
201400019165,7,4,14,7,1,67,379,2,1,1,3,CD28 / CD77,0.0,0.0
201400019166,15,5,14,17,1,67,257,2,1,1,6,3 rue du g?n?ral LECLERC,0.0,0.0
201400019167,1,9,14,12,1,67,537,1,1,1,1,,0.0,0.0
201400019168,12,9,14,20,5,67,110,2,1,2,3,71 rue principale,0.0,0.0
201400019169,5,10,14,7,2,67,160,1,1,8,6,,0.0,0.0
201400019170,22,7,14,15,1,78,597,1,1,1,1,,0.0,0.0
201400019171,28,7,14,0,3,78,474,1,1,3,1,,48.872,1.651
201400019172,9,4,14,8,1,77,446,1,1,1,1,,0.0,0.0
201400019173,12,7,14,4,5,77,467,1,1,8,1,,48.391,3.086
201400019174,8,12,14,17,3,77,507,1,1,2,2,,0.0,0.0
201400019175,18,12,14,6,3,77,212,1,1,2,6,,48.403,3.122
201400019176,6,1,14,7,2,74,11,2,3,1,6,RUE DES CYGNES/MOUETTES,0.0,0.0
201400019177,29,4,14,14,1,74,282,1,1,1,6,LIEU DIT CHENE,0.0,0.0
201400019178,1,7,14,19,1,74,11,1,1,1,1,,0.0,0.0
201400019179,7,7,14,18,1,74,120,1,1,2,5,,0.0,0.0
201400019180,17,8,14,19,1,74,299,1,1,1,5,ROUTE d'ANNECY,0.0,0.0
201400019181,1,9,14,11,1,74,307,1,1,1,1,,0.0,0.0
201400019182,21,10,14,7,2,74,11,2,1,2,6,"17,avenue de Chavoires",0.0,0.0
201400019183,16,6,14,18,1,74,289,1,1,1,7,,0.0,0.0
201400019184,7,10,14,4,3,74,225,1,1,2,1,,0.0,0.0
201400019185,19,10,14,4,3,74,170,1,1,5,7,CHEMIN DE LIGNY A PERRET,0.0,0.0
201400019186,19,10,14,19,3,74,2,1,1,1,7,,0.0,0.0
201400019187,2,11,14,17,3,74,165,1,1,1,2,,0.0,0.0
201400019188,30,3,14,3,3,20,288,2,1,1,6,rue de Saint Quentin,0.0,0.0
201400019189,24,1,14,10,1,74,240,1,1,1,7,,0.0,0.0
201400019190,14,2,14,18,5,74,312,2,1,1,1,AVENUE DE GENEVE,0.0,0.0
201400019191,28,3,14,20,5,74,164,2,1,1,1,121 AVENUE D'ANTERNE,0.0,0.0
201400019192,22,5,14,14,1,74,311,1,1,1,1,ROUTE DE THY,0.0,0.0
201400019193,1,7,14,14,1,74,304,1,1,1,1,,0.0,0.0
201400019194,9,8,14,23,3,74,294,1,1,1,6,Route de taninges,0.0,0.0
201400019195,7,9,14,15,1,74,183,1,1,1,6,,0.0,0.0
201400019196,3,2,14,16,1,74,229,1,1,1,1,,0.0,0.0
201400019197,6,5,14,22,3,74,40,1,1,2,1,,0.0,0.0
201400019198,30,5,14,10,1,74,21,1,2,1,5,LIEU DI LA CHAPELLE,0.0,0.0
201400019199,2,7,14,7,1,74,128,1,1,2,3,,0.0,0.0
201400019200,5,10,14,10,1,74,220,2,3,1,6,,0.0,0.0
201400019201,13,10,14,8,1,74,197,1,1,9,4,,0.0,0.0
201400019202,1,11,14,9,5,74,220,2,2,1,1,intersection CD 2 et 19,0.0,0.0
201400019203,5,11,14,6,5,74,193,2,1,2,6,34 centre ville,0.0,0.0
201400019204,15,12,14,12,1,74,197,1,1,1,6,,0.0,0.0
201400019205,29,12,14,18,3,74,128,1,1,4,1,,0.0,0.0
201400019206,8,3,14,7,1,74,314,1,1,1,6,,0.0,0.0
201400019207,12,6,14,22,3,74,296,1,1,1,1,,0.0,0.0
201400019208,21,6,14,23,5,74,88,1,3,1,3,,0.0,0.0
201400019209,28,5,14,6,2,74,168,1,1,1,7,,0.0,0.0
201400019210,18,7,14,17,1,74,269,1,1,1,6,,0.0,0.0
201400019211,18,7,14,18,1,74,311,1,1,1,6,,0.0,0.0
201400019212,24,9,14,8,1,74,140,1,1,1,1,,0.0,0.0
201400019213,5,10,14,15,1,74,236,1,4,1,1,,0.0,0.0
201400019214,18,4,14,17,1,74,208,1,3,1,6,,0.0,0.0
201400019215,24,6,14,14,1,74,208,2,4,1,3,,0.0,0.0
201400019216,20,2,14,19,5,59,94,2,1,8,6,rue decoussemaecker,0.0,0.0
201400019217,20,4,14,18,1,59,358,1,1,1,7,,50.9,2.262
201400019218,18,8,14,11,1,59,94,2,1,1,1,rue de bergues,0.0,0.0
201400019219,11,10,14,11,1,59,94,2,1,1,1,,0.0,0.0
201400019220,4,10,14,18,1,59,18,1,1,1,6,,0.0,0.0
201400019221,15,2,14,17,1,25,186,1,1,3,1,,0.0,0.0
201400019222,18,6,14,14,1,25,258,2,1,1,6,4 Grande Rue,47.24,5.926
201400019223,19,7,14,20,1,25,258,1,1,1,6,,47.217,5.936
201400019224,1,8,14,15,1,25,381,2,1,1,7,RUE DU NEUF SEPTEMBRE,47.292,5.973
201400019225,27,8,14,6,2,25,133,1,1,1,1,,47.319,5.998
201400019226,13,9,14,19,1,25,30,1,1,1,5,,0.0,0.0
201400019227,16,12,14,7,3,56,67,1,1,8,1,,0.0,0.0
201400019228,11,4,14,17,1,56,2,1,1,1,1,,0.0,0.0
201400019229,12,6,14,20,1,56,126,1,1,1,6,,0.0,0.0
201400019230,26,9,14,11,1,56,212,1,1,1,3,,0.0,0.0
201400019231,3,10,14,11,1,56,52,2,1,1,3,rue de kervoyal,47.52097,-2.56972
201400019232,7,10,14,13,1,56,58,1,1,1,5,,0.0,0.0
201400019233,21,5,14,20,1,56,150,1,1,3,1,,0.0,0.0
201400019234,25,5,14,14,1,56,251,1,1,1,3,,0.0,0.0
201400019235,14,7,14,11,1,56,240,1,1,1,3,,47.53923,-2.73752
201400019236,24,8,14,11,1,56,5,2,1,1,6,Rue de la Gendarmerie,47.55007,-2.89252
201400019237,23,10,14,7,3,56,252,1,1,2,6,,0.0,0.0
201400019238,11,1,14,2,3,56,168,1,1,8,6,,0.0,0.0
201400019239,19,4,14,12,1,56,34,1,1,1,6,,47.61232,-3.0507
201400019240,28,5,14,13,1,56,34,1,1,1,3,,47.57358,-3.0722
201400019241,21,7,14,17,1,56,186,2,1,1,6,Bd Rene Cassin,47.47607,-3.11237
201400019242,15,8,14,19,1,56,186,2,1,1,7,3 RUE DE LA VIERGE,47.49929,-3.12162
201400019243,23,8,14,5,3,56,34,1,1,1,6,,0.0,0.0
201400019244,28,8,14,6,5,56,34,2,1,1,1,Avenue de l'Atlantique,0.0,0.0
201400019245,17,9,14,10,1,56,233,2,2,1,3,rue des Ormes,47.58683,-3.00159
201400019246,28,9,14,9,1,56,234,1,1,1,3,,0.0,0.0
201400019247,12,10,14,14,1,56,234,1,1,3,6,,0.0,0.0
201400019248,24,10,14,19,5,56,258,2,1,1,6,RUE DE CARNAC,47.58965,-3.02948
201400019249,1,11,14,11,1,56,34,2,1,1,7,10 avenue des salines,47.58292,-3.08155
201400019250,9,11,14,12,1,56,186,2,1,1,6,rue de kermorvan,47.48492,-3.11724
201400019251,28,12,14,6,5,56,258,1,1,2,7,,0.0,0.0
201400019252,25,7,14,3,3,56,101,1,1,1,6,,0.0,0.0
201400019253,20,1,14,7,3,56,185,1,1,8,1,,0.0,0.0
201400019254,25,2,14,18,1,56,36,1,1,1,1,,47.79131,-3.34063
201400019255,8,3,14,3,3,56,26,1,1,5,6,,0.0,0.0
201400019256,27,3,14,21,2,56,78,1,1,8,6,,0.0,0.0
201400019257,31,5,14,11,1,56,78,1,1,1,2,,0.0,0.0
201400019258,18,6,14,10,1,56,26,1,1,1,1,,0.0,0.0
201400019259,27,6,14,10,1,56,185,1,1,2,7,,0.0,0.0
201400019260,15,7,14,16,1,56,40,1,1,1,3,,47.87888,-3.37265
201400019261,24,7,14,18,1,56,78,1,1,1,2,,0.0,0.0
201400019262,31,7,14,18,1,56,179,1,1,1,3,,0.0,0.0
201400019263,25,8,14,16,2,56,78,2,1,3,6,RUE ANNE DE BRETAGNE,47.81469,-3.47686
201400019264,29,8,14,0,3,56,166,2,1,1,6,BD CHAMPIONNATS DU MONDE,0.0,0.0
201400019265,7,9,14,21,2,56,40,1,3,1,3,,0.0,0.0
201400019266,20,9,14,10,1,56,185,1,1,1,5,,0.0,0.0
201400019267,23,9,14,12,1,56,36,1,1,1,6,,47.79014,-3.32031
201400019268,25,9,14,11,1,56,36,1,1,1,4,,0.0,0.0
201400019269,25,9,14,18,1,56,185,2,6,1,7,RUE JULES VERNE,47.78041,-3.4121
201400019270,29,9,14,13,1,56,36,1,1,1,2,,0.0,0.0
201400019271,10,12,14,7,5,56,36,2,1,2,1,,47.7931,-3.35315
201400019272,11,1,14,11,1,56,119,1,1,1,3,,0.0,0.0
201400019273,3,7,14,23,3,56,54,1,1,1,3,,0.0,0.0
201400019274,2,9,14,18,1,56,13,1,4,7,1,,0.0,0.0
201400019275,3,9,14,9,1,56,55,2,1,7,1,RUE CROIX IZAN,0.0,0.0
201400019276,21,4,14,16,1,56,165,1,1,1,6,,0.0,0.0
201400019277,23,2,14,10,1,56,124,2,1,1,6,"4, rue Edouard Entremont",47.80992,-2.3773
201400019278,22,6,14,12,1,56,12,2,7,1,6,place de l'eglise,47.97014,-2.17204
201400019279,21,6,14,15,1,56,133,1,1,1,1,,0.0,0.0
201400019280,4,7,14,22,3,56,191,2,1,3,7,rue de l'eglise,47.85932,-2.2322
201400019281,12,7,14,2,3,56,75,1,1,1,1,,0.0,0.0
201400019282,3,7,14,16,1,56,124,2,1,1,6,CHEMIN DE L'ECLUSE,47.81103,-2.38369
201400019283,1,10,14,17,1,56,219,1,1,1,2,,0.0,0.0
201400019284,30,9,14,8,1,56,75,2,1,5,6,1 rue aux roux,47.90411,-2.11966
201400019285,27,11,14,13,1,56,75,2,1,1,3,rue du cahello,47.94461,-2.1259
201400019286,15,12,14,19,5,56,124,2,7,2,3,place queinnec,47.81057,-2.38413
201400019287,11,1,14,8,3,56,102,1,1,1,6,,47.98063,-2.60175
201400019288,8,3,14,16,1,56,204,1,1,1,6,,0.0,0.0
201400019289,18,4,14,16,1,56,50,1,1,1,7,,0.0,0.0
201400019290,24,4,14,18,1,56,47,2,1,1,3,lieu dit kerbris D17,0.0,0.0
201400019291,19,6,14,19,1,56,222,1,1,1,3,,0.0,0.0
201400019292,18,9,14,21,3,56,24,1,9,1,6,,0.0,0.0
201400019293,30,10,14,12,1,56,70,1,1,1,6,,0.0,0.0
201400019294,29,12,14,5,3,56,189,1,1,1,6,,0.0,0.0
201400019295,28,5,14,19,1,56,92,1,1,2,1,,0.0,0.0
201400019296,18,8,14,14,1,56,151,1,1,1,7,,0.0,0.0
201400019297,1,11,14,17,1,56,151,1,1,1,2,,0.0,0.0
201400019298,14,11,14,9,1,56,151,1,1,1,6,,48.05399,-2.88733
201400019299,11,11,14,9,1,56,178,2,6,1,3,26 Ave de la liberation,48.06878,-2.95625
201400019300,10,12,14,8,2,56,178,2,1,9,6,3 RUE DES RECOLLETS,48.07029,-2.96579
201400019301,9,7,14,8,1,56,117,2,1,1,6,BOULEVARD DUGUESCLIN,0.0,0.0
201400019302,12,9,14,18,1,56,140,1,1,1,5,,0.0,0.0
201400019303,2,2,14,3,3,56,66,2,1,1,7,route de spezet,48.14395,-3.61659
201400019304,14,9,14,16,1,56,66,2,1,1,1,Rue J Louis KERGARAVAT,48.13652,-3.61075
201400019305,8,1,14,20,3,95,280,1,6,2,3,RD 47,49.0129,2.4716
201400019306,9,3,14,12,1,95,527,1,1,1,2,RD 317 B2,49.0016,2.4859
201400019307,4,8,14,8,1,95,527,1,1,1,4,AV CHARLES DE GAULLE,48.9979,2.5075
201400019308,8,9,14,16,1,95,633,2,1,1,2,R DE PARIS,49.0013,2.4876
201400019309,31,10,14,19,3,95,527,1,1,1,3,RD 902A,49.0051,2.5057
201400019310,2,12,14,8,2,95,612,2,1,8,3,RTE DE GONESSE,49.0066,2.4639
201400019311,14,2,14,16,1,19,176,1,1,1,1,FONTAINE DU TRAIT,45.3721,2.00278
201400019312,22,11,14,11,1,19,235,1,1,2,1,LA CROIX DU DON,45.2064,1.89324
201400019313,23,6,14,11,1,19,213,1,1,2,5,LES FONTBELLES,45.3814,1.67003
201400019314,17,1,14,12,1,19,273,1,1,8,5,LA VAYSSE,45.0552,1.57354
201400019315,11,3,14,23,3,19,13,1,1,1,6,LES VAYRES,45.2018,1.66109
201400019316,3,9,14,9,1,19,19,2,7,1,6,Place du Marche,0.0,0.0
201400019317,7,9,14,19,2,19,257,1,1,7,6,LA PLANTADE,45.1035,1.73561
201400019318,11,9,14,14,1,19,19,1,1,1,1,COURSAC,44.9697,1.82574
201400019319,14,1,14,18,5,56,101,2,9,8,1,rue de la resistance,0.0,0.0
201400019320,17,1,14,17,1,56,177,1,1,1,1,,0.0,0.0
201400019321,19,1,14,15,1,56,94,1,1,1,7,,47.78052,-3.21466
201400019322,4,2,14,13,1,56,175,1,1,1,1,,0.0,0.0
201400019323,4,5,14,12,1,56,90,1,1,1,6,,47.86403,-3.21628
201400019324,25,5,14,11,1,56,83,1,1,1,2,,0.0,0.0
201400019325,7,6,14,13,1,56,101,1,1,1,5,,0.0,0.0
201400019326,7,6,14,18,1,56,101,2,2,1,3,rue de la mairie,0.0,0.0
201400019327,12,6,14,12,1,56,175,1,1,1,7,,0.0,0.0
201400019328,22,8,14,17,1,56,177,1,2,1,3,,47.75768,-2.96973
201400019329,1,9,14,19,1,56,90,2,1,1,5,15 RUE LANN VIHAN,47.82952,-3.25622
201400019330,1,9,14,18,1,56,177,2,1,1,2,ROUTE DE BIEUZY,0.0,0.0
201400019331,28,9,14,16,1,56,31,1,1,1,7,,0.0,0.0
201400019332,19,12,14,18,2,56,94,1,1,8,1,,47.76265,-3.29523
201400019333,20,12,14,15,1,56,31,1,1,8,3,,0.0,0.0
201400019334,25,12,14,16,1,56,94,1,6,1,6,,0.0,0.0
201400019335,28,12,14,10,1,56,101,1,1,1,7,,0.0,0.0
201400019336,1,10,14,6,2,59,384,2,1,5,6,RUE DES JUIFS,0.0,0.0
201400019337,19,10,14,17,1,59,607,2,1,2,7,GRAND RUE,0.0,0.0
201400019338,30,11,14,16,2,59,384,1,1,5,6,,0.0,0.0
201400019339,21,12,14,7,2,59,61,2,1,1,6,route de floyon,0.0,0.0
201400019340,20,10,14,8,1,59,528,1,1,1,1,,0.0,0.0
201400019341,27,3,14,11,1,59,624,2,2,1,2,ROUTE DE GOUY,0.0,0.0
201400019342,25,7,14,18,1,59,231,2,1,1,6,rue L?o LAGARANGE,0.0,0.0
201400019343,4,2,14,18,2,51,343,1,1,1,6,D50,0.0,0.0
201400019344,2,6,14,16,1,51,535,1,9,1,1,N4/BRETELLE,0.0,0.0
201400019345,4,6,14,16,1,51,407,1,1,3,1,N4,0.0,0.0
201400019346,10,4,14,5,3,51,488,1,1,1,1,D951,0.0,0.0
201400019347,22,9,14,21,3,51,347,1,1,1,6,D1,0.0,0.0
201400019348,20,10,14,12,1,51,204,1,2,1,3,D1/R. DU GENERAL SARRAIL,0.0,0.0
201400019349,14,12,14,15,1,51,76,1,3,5,5,D3/D222,0.0,0.0
201400019350,13,3,14,17,1,51,362,1,1,1,1,CV3 DE POUILLON,0.0,0.0
201400019351,25,7,14,23,5,51,183,2,1,1,1,D26,0.0,0.0
201400019352,19,11,14,13,2,51,580,1,1,5,5,D26,0.0,0.0
201400019353,24,8,14,3,3,51,440,1,1,1,6,D980,0.0,0.0
201400019354,25,8,14,14,1,51,440,1,1,1,6,D64,0.0,0.0
201400019355,2,12,14,8,1,51,261,1,1,2,1,D74,0.0,0.0
201400019356,7,12,14,2,5,62,443,2,1,9,6,RD65,50.45633,2.65143
201400019357,5,5,14,17,1,62,230,1,1,3,1,,50.74747,1.86481
201400019358,24,6,14,11,1,62,281,1,1,1,3,,50.70796,1.66016
201400019359,28,6,14,9,1,62,896,2,1,1,3,Route de desvres,50.68001,1.77957
201400019360,20,2,14,17,1,91,573,2,1,2,3,avenue louis lachenal,0.0,0.0
201400019361,23,2,14,2,4,91,225,1,6,5,7,D448,48.632,2.474
201400019362,24,2,14,19,3,91,573,1,1,1,3,Av Louis Lachenal,0.0,0.0
201400019363,3,3,14,2,4,91,600,2,1,1,2,av du général de gaulle,48.646,2.457
201400019364,20,3,14,2,3,91,600,2,1,1,2,N448,48.646,2.457
201400019365,2,6,14,8,1,91,573,2,1,1,6,rue vivaldi,48.625,2.535
201400019366,11,8,14,17,1,91,573,2,6,1,6,AVENUE DU GAL DE GAULLE,0.0,0.0
201400019367,9,6,14,22,3,91,274,1,1,8,7,D988,0.0,0.0
201400019368,28,9,14,0,5,91,274,2,1,1,6,9 rue de la vacheresse,48.681,2.1
201400019369,7,2,14,20,3,95,26,1,1,1,6,RD 316,49.1426,2.4393
201400019370,22,2,14,14,1,95,652,2,1,1,6,R JEAN MOULIN,49.1348,2.3753
201400019371,16,7,14,16,1,95,56,1,1,1,2,RD 909,49.0887,2.3583
201400019372,21,7,14,16,1,95,352,1,1,1,1,RD 922,49.1002,2.4131
201400019373,12,10,14,11,1,95,144,1,1,1,6,R HONORE MIRABEAU,49.0663,2.4619
201400019374,2,2,14,8,1,89,308,1,1,9,1,,48.17831,3.4236
201400019375,14,7,14,20,1,89,240,1,1,1,2,,48.17455,3.3994
201400019376,27,7,14,14,1,89,14,2,1,1,6,24 route de St Florentin,48.08769,3.60392
201400019377,1,9,14,9,1,89,429,1,1,1,1,,48.15044,3.4947
201400019378,10,10,14,16,1,89,387,2,1,1,3,rd606,48.14684,3.30705
201400019379,24,10,14,16,1,40,102,1,1,1,1,,0.0,0.0
201400019380,8,3,14,17,1,57,708,2,2,1,5,D913-D67,0.0,0.0
201400019381,9,10,14,22,3,57,57,1,1,1,6,,0.0,0.0
201400019382,13,10,14,2,3,57,547,1,1,2,6,,0.0,0.0
201400019383,29,1,14,10,1,57,28,1,1,1,5,,0.0,0.0
201400019384,11,2,14,8,1,57,510,1,6,1,6,,49.12639,6.2675
201400019385,8,2,14,19,5,57,97,2,1,2,1,,0.0,0.0
201400019386,19,4,14,9,1,57,132,2,1,1,6,"4, rue de METZ",0.0,0.0
201400019387,15,6,14,12,1,57,290,1,1,1,5,,0.0,0.0
201400019388,20,7,14,0,3,57,483,1,1,1,7,,0.0,0.0
201400019389,10,11,14,0,3,57,275,1,1,2,6,,0.0,0.0
201400019390,20,5,14,15,1,57,682,1,1,1,1,,0.0,0.0
201400019391,25,5,14,15,1,57,682,1,1,1,7,,0.0,0.0
201400019392,19,6,14,15,1,57,321,1,1,1,6,,0.0,0.0
201400019393,21,6,14,16,1,57,382,2,1,1,7,,0.0,0.0
201400019394,23,7,14,10,1,57,462,2,1,1,3,R Principale48.808 7.207,0.0,0.0
201400019395,13,4,14,9,1,57,260,1,1,1,3,,0.0,0.0
201400019396,15,5,14,18,1,57,535,2,1,1,2,9A rue de la colline,49.05303,7.30099
201400019397,31,5,14,3,5,57,89,2,6,1,6,2 place du g?n?ral Bizot,49.05584,7.43408
201400019398,20,7,14,18,1,57,338,1,1,1,1,GN 49.087 7.382,0.0,0.0
201400019399,1,10,14,18,1,57,541,1,1,1,7,48.996 7.559,0.0,0.0
201400019400,5,10,14,13,1,57,89,1,1,1,6,,0.0,0.0
201400019401,7,10,14,16,1,57,103,2,1,1,6,"7, rue Eugene PISTORIUS",49.1217,7.45703
201400019402,10,3,14,14,1,57,38,2,1,7,6,1 rue de la libération,0.0,0.0
201400019403,2,3,14,16,1,57,331,1,1,1,7,GN49.302 6.364,0.0,0.0
201400019404,4,3,14,11,1,57,358,2,1,1,7,1T route de Bouzonville,49.30682,6.33575
201400019405,24,3,14,14,1,57,269,2,1,3,6,rue du General MANGIN,0.0,0.0
201400019406,5,2,14,9,1,35,24,2,9,1,6,BOULEVARD D'ARMORIQUE,48.18156,-1.63977
201400019407,28,2,14,18,2,35,173,1,2,2,5,,48.19576,-1.69167
201400019408,25,3,14,12,1,35,24,1,6,1,3,,48.15524,-1.62533
201400019409,27,3,14,14,1,35,24,1,1,8,1,,48.16166,-1.65484
201400019410,28,4,14,10,1,35,24,1,1,1,4,,48.16626,-1.67344
201400019411,21,5,14,15,1,35,24,2,1,1,2,rue de rennes,48.18078,-1.63596
201400019412,8,7,14,14,1,35,24,1,2,2,3,Les 4 chemins,48.18966,-1.67136
201400019413,30,7,14,18,1,35,173,1,4,1,2,le Clos Vallé,48.23007,-1.69314