Num_Acc,jour,mois,an,hr,condition_eclairage,departement,commune,condition_agglomeration,intersection,condition_atmosphere,type_collision,adresse,lattitude,longitude
201400019414,19,8,14,17,1,35,24,1,2,1,3,,48.21678,-1.72767
201400019415,20,10,14,16,1,35,24,1,2,1,3,,48.18483,-1.69384
201400019416,25,11,14,8,2,35,24,2,1,2,6,RUE DU TREGOR,48.18393,-1.65011
201400019417,13,1,14,7,5,31,203,2,6,3,3,CH MAILHEAUX/RUE FERRY,43.51991,1.32017
201400019418,28,3,14,16,1,31,157,2,6,1,1,rue du canigou,43.53279,1.35449
201400019419,1,10,14,20,2,31,157,2,6,1,6,avenue du 11 novembre,43.54528,1.34975
201400019420,18,1,14,6,5,44,9,1,1,1,6,,0.0,0.0
201400019421,15,1,14,9,2,44,9,1,1,3,4,,47.217,-1.427
201400019422,11,2,14,17,2,44,71,2,2,3,5,Le champ failli,0.0,0.0
201400019423,18,6,14,11,1,44,70,2,1,1,1,rue de la gare,0.0,0.0
201400019424,8,8,14,18,1,44,71,2,1,8,6,04 rue de l'ile challand,0.0,0.0
201400019425,5,12,14,20,3,30,73,1,1,9,1,,0.0,0.0
201400019426,31,5,14,2,3,62,458,1,1,1,6,,50.79441,2.15815
201400019427,31,12,14,19,3,83,116,1,1,1,5,,0.0,0.0
201400019428,17,1,14,13,1,83,87,1,1,8,6,,0.0,0.0
201400019429,28,5,14,12,1,83,87,2,1,1,6,D80,0.0,0.0
201400019430,12,7,14,0,3,83,116,1,1,1,7,,0.0,0.0
201400019431,31,8,14,10,1,83,116,2,1,1,3,zone des garniers,43.45611,5.85227
201400019432,19,9,14,17,1,83,110,1,1,1,6,,0.0,0.0
201400019433,19,10,14,7,2,83,116,1,1,5,6,,0.0,0.0
201400019434,24,10,14,1,3,83,116,1,1,1,1,,0.0,0.0
201400019435,14,11,14,9,1,83,116,2,1,1,3,rue estienne d'orves,0.0,0.0
201400019436,15,12,14,16,1,83,116,2,1,2,6,13 rue de la Republique,43.45283,5.86091
201400019437,2,12,14,12,1,83,116,2,7,1,6,route d'Aix,43.45438,5.85443
201400019438,22,12,14,17,3,83,116,1,1,1,2,,0.0,0.0
201400019439,15,1,14,15,1,83,73,2,1,1,6,dn97,0.0,0.0
201400019440,27,1,14,7,2,83,31,1,1,1,2,,0.0,0.0
201400019441,2,3,14,16,1,83,92,1,1,1,3,,43.51,6.41
201400019442,7,3,14,6,2,83,31,2,1,1,6,PR 62+100 RN7,0.0,0.0
201400019443,6,3,14,22,5,83,73,2,6,1,4,dn7,0.0,0.0
201400019444,20,3,14,12,1,83,33,1,1,1,7,,43.487,6.365
201400019445,12,4,14,23,3,83,31,1,1,1,7,,0.0,0.0
201400019446,24,6,14,12,1,83,31,1,1,1,5,,0.0,0.0
201400019447,2,9,14,8,1,83,31,1,1,1,3,,0.0,0.0
201400019448,12,10,14,19,3,83,67,1,1,2,6,,0.0,0.0
201400019449,9,1,14,7,1,74,105,2,2,1,1,ROUTE DE THONON/ORATOIRE,0.0,0.0
201400019450,24,1,14,17,3,74,150,2,1,1,6,,46.274,6.316
201400019451,28,1,14,19,3,74,25,1,1,1,3,ROUTE DES FOURNEES,0.0,0.0
201400019452,15,2,14,3,3,74,263,1,1,1,1,,0.0,0.0
201400019453,17,3,14,18,1,74,293,1,2,1,3,,0.0,0.0
201400019454,14,4,14,15,1,74,263,2,3,1,3,avenue de Sciez,0.0,0.0
201400019455,30,4,14,15,1,74,263,2,1,1,2,ROUTE D'EXCENEVEX,0.0,0.0
201400019456,6,5,14,13,1,74,263,1,1,1,3,,0.0,0.0
201400019457,17,5,14,3,5,74,43,2,1,1,6,687 ROUTE DU SALEVE,0.0,0.0
201400019458,10,6,14,15,1,74,263,1,1,1,1,,0.0,0.0
201400019459,6,7,14,4,5,74,293,1,1,1,4,,0.0,0.0
201400019460,19,7,14,8,1,74,210,1,9,1,3,,0.0,0.0
201400019461,22,7,14,10,1,74,43,2,1,1,6,96 AVENUE DU LEMAN,0.0,0.0
201400019462,28,7,14,12,1,74,105,2,1,1,2,AVENUE DES VOIRONS,0.0,0.0
201400019463,31,7,14,20,1,74,150,1,1,1,6,,0.0,0.0
201400019464,9,8,14,1,5,74,263,1,1,1,3,,0.0,0.0
201400019465,3,9,14,11,1,74,163,1,2,1,1,,0.0,0.0
201400019466,3,9,14,2,3,74,5,1,1,1,6,ROUTE DES CHATEAUX VIEUX,0.0,0.0
201400019467,7,9,14,17,1,74,171,1,1,1,3,,0.0,0.0
201400019468,6,9,14,12,1,74,106,1,2,1,3,,0.0,0.0
201400019469,27,10,14,19,5,74,105,2,2,1,3,AVENUE DE GENEVE,0.0,0.0
201400019470,29,10,14,10,1,74,263,1,1,1,1,,0.0,0.0
201400019471,31,10,14,20,3,74,48,1,1,1,2,,0.0,0.0
201400019472,6,12,14,17,5,74,210,2,1,1,1,716 ROUTE DE THONON,0.0,0.0
201400019473,11,12,14,8,1,74,171,1,1,1,3,,0.0,0.0
201400019474,20,12,14,20,3,74,53,1,1,1,6,,0.0,0.0
201400019475,13,10,14,10,1,24,59,1,1,1,2,A 89,45.0231,0.39193
201400019476,20,12,14,1,3,24,442,1,1,2,4,,45.1045,0.49682
201400019477,3,1,14,11,1,34,169,1,1,3,1,,43.66585,3.86621
201400019478,23,1,14,18,3,34,118,1,1,1,5,,0.0,0.0
201400019479,7,2,14,17,1,34,217,2,1,1,1,route de Mende,0.0,0.0
201400019480,5,5,14,22,3,34,14,1,1,1,7,,0.0,0.0
201400019481,9,7,14,16,1,34,309,1,1,1,1,,0.0,0.0
201400019482,9,7,14,17,1,34,217,2,1,1,6,avenue de Montpellier,0.0,0.0
201400019483,21,7,14,18,1,34,309,1,1,1,5,,0.0,0.0
201400019484,1,10,14,14,1,34,118,1,1,1,1,,43.729,3.065
201400019485,1,2,14,10,1,16,15,2,1,2,6,BOULEVARD PASTEUR,45.6498,0.15853
201400019486,6,12,14,18,5,16,113,2,1,1,2,,45.60753,0.08841
201400019487,29,1,14,21,4,16,113,1,1,2,3,,45.60952,0.08352
201400019488,29,1,14,14,1,16,291,1,1,1,1,Cote de la poste manquee,45.69474,0.26331
201400019489,17,1,14,9,1,16,341,2,3,1,1,AV ANCIENS COMBATTANTS,45.64318,0.07071
201400019490,28,1,14,17,3,16,113,1,1,2,4,vallee des eaux claires,45.61607,0.14849
201400019491,28,1,14,15,1,16,15,2,1,2,6,127 rue SAINT ROCH,45.64985,0.16937
201400019492,9,1,14,15,1,16,341,2,1,1,6,1 RUE DU LOGIS,45.64364,0.10489
201400019493,4,3,14,13,1,16,15,2,1,1,6,23 place  QUATRE SILLONS,45.64523,0.16692
201400019494,7,3,14,6,5,16,154,2,1,1,6,"37, FOUR A CHAUX (RUE DE",45.67974,0.17364
201400019495,6,2,14,8,1,16,154,2,2,1,3,ROUTE DE VARS,45.67181,0.15936
201400019496,6,2,14,17,2,16,15,2,1,1,6,rue de BEAULIEU,45.65049,0.14773
201400019497,8,2,14,18,5,16,15,2,6,1,6,Giratoire de l'eperon,45.64992,0.16045
201400019498,5,2,14,20,3,16,15,1,1,1,5,,45.63998,0.11873
201400019499,11,2,14,14,1,16,15,2,1,2,6,3 PLACE VICTOR HUGO,45.64883,0.17374
201400019500,4,2,14,5,3,16,78,1,1,1,7,Combe d'arsac,45.69206,0.2342
201400019501,28,2,14,18,5,16,291,2,1,1,6,2157  route de gond pont,45.67828,0.19299
201400019502,20,3,14,18,5,16,15,2,1,1,4,63 BOULEVARD BESSON BEY,45.65436,0.15808
201400019503,21,2,14,8,2,16,15,2,9,8,6,Bd du hUIT MAI 1945,45.65616,0.1704
201400019504,27,3,14,9,1,16,15,2,1,1,6,RUE PAUL DESFARGES,45.66024,0.18131
201400019505,28,3,14,8,1,16,15,2,1,1,4,364 RUE DE MONTMOREAU,45.63578,0.15427
201400019506,29,3,14,13,1,16,271,1,1,1,6,vallée des Eaux Claires,45.64523,0.14767
201400019507,1,4,14,18,1,16,154,2,7,1,6,113 ROUTE DE VARS,45.66844,0.16067
201400019508,3,4,14,19,1,16,154,2,1,2,2,ROUTE DE PARIS,45.67884,0.177
201400019509,15,4,14,8,1,16,154,1,1,1,2,RN 10,45.69285,0.16421
201400019510,11,4,14,21,5,16,374,2,1,1,7,17 rue  COLETTE,45.64925,0.18618
201400019511,12,4,14,9,1,16,291,2,1,1,1,ROUTE DES SOURCES,45.67522,0.24036
201400019512,23,4,14,10,1,16,113,2,1,1,6,RUE PASTEUR,45.608,0.10281
201400019513,20,3,14,14,1,16,15,1,1,1,7,chemin des jesuites a la,45.63255,0.17996
201400019514,14,4,14,16,1,16,15,2,2,1,6,,45.64835,0.12063
201400019515,6,5,14,18,1,16,166,2,6,1,6,boulevard salvator allen,45.6711,0.19383
201400019516,8,5,14,1,5,16,15,2,1,1,6,CARREFOUR DE LILLE,45.64805,0.16089
201400019517,12,4,14,17,1,16,113,2,4,1,2,55 route de  BORDEAUX,45.61376,0.09941
201400019518,19,5,14,18,1,16,374,2,1,1,6,AVENUE DU Gal DE GAULLE,45.64314,0.18655
201400019519,21,5,14,11,1,16,358,2,1,2,2,Deviation d'Angouleme,45.66669,0.1329
201400019520,21,5,14,18,1,16,15,2,6,2,7,RUE DE MONTMOREAU,45.64988,0.16057
201400019521,21,4,14,17,1,16,154,2,1,1,2,123 rue des four a Chaux,45.67922,0.16619
201400019522,24,5,14,9,1,16,15,2,6,1,6,317 rue de BASSEAU,45.65116,0.11959
201400019523,25,5,14,18,1,16,358,1,1,1,1,25 rueMONTEE DE VENAT,45.68885,0.10971
201400019524,23,5,14,19,1,16,166,2,1,1,2,225 AVENUE REPUBLIQUE,45.66518,0.20127
201400019525,30,5,14,9,1,16,15,2,1,1,2,385 ROUTE DE BORDEAUX,45.64397,0.13709
201400019526,30,5,14,9,1,16,374,1,1,1,6,RUE DU 19 MARS 1962,45.65374,0.2044
201400019527,5,6,14,10,1,16,15,2,1,1,6,65 RUE DE SAINTES,45.65731,0.14709
201400019528,6,6,14,22,5,16,15,2,1,1,6,RUE DE SAINTES,45.65419,0.14811
201400019529,7,6,14,12,1,16,15,2,1,1,6,Av de LATTRE DE TASSIGNY,45.65498,0.16843
201400019530,11,6,14,12,1,16,166,2,1,1,4,.AVENUE DU MAREChal JUIN,45.66529,0.17831
201400019531,20,6,14,19,1,16,15,2,1,1,4,AV de LATTRE DE TASSIGNY,45.65708,0.17094
201400019532,20,6,14,7,1,16,291,2,1,1,2,1221  AV Malrechal FOCH,45.68733,0.24345
201400019533,25,6,14,19,1,16,15,2,1,1,6,RAMPE D'AGUESSEAU,45.64966,0.15973
201400019534,3,7,14,15,1,16,291,2,1,1,6,route du Gond-Pontouvre,45.67978,0.20226
201400019535,10,6,14,17,1,16,15,2,1,1,6,11 rue CARNOT,45.64682,0.15487
201400019536,10,6,14,20,1,16,15,2,1,1,2,364 route de BORDEAUX,45.64594,0.13937
201400019537,17,6,14,14,1,16,15,2,1,1,6,201 RUE DE SAINTES,45.66037,0.14053
201400019538,21,6,14,16,1,16,15,2,9,1,6,,45.66089,0.14036
201400019539,25,7,14,13,1,16,154,2,1,1,2,ROUTE DE VARS,45.66245,0.16238
201400019540,4,7,14,11,1,16,374,2,6,1,2,AVENUE DU Gal DE GAULLE,45.64452,0.18119
201400019541,25,7,14,9,1,16,15,2,6,1,7,route de Bordeaux,45.65037,0.14467
201400019542,24,7,14,20,1,16,15,2,3,1,3,CHEMIN DE HALAGE,45.65654,0.14381
201400019543,25,7,14,15,1,16,166,2,1,2,1,BD SALVATOR ALLENDE,45.66975,0.20594
201400019544,6,8,14,9,1,16,15,2,1,1,6,Voie de l'Europe,45.64402,0.16165
201400019545,12,9,14,17,1,16,166,2,3,1,6,AVENUE MARYSE BASTIE,45.6719,0.19006
201400019546,22,9,14,18,1,16,154,2,2,1,3,ROUTE DE PARIS,45.66178,0.16695
201400019547,3,9,14,17,1,16,358,2,2,1,1,,45.66874,0.13111
201400019548,3,10,14,3,5,16,15,2,1,1,6,386 ROUTE DE BORDEAUX,45.66489,0.13805
201400019549,2,10,14,9,1,16,166,2,1,1,6,12 BIS Av de  REPUBLIQUE,45.66086,0.1827
201400019550,21,8,14,9,1,16,374,1,1,1,6,Contournement Est,45.64669,0.20783
201400019551,19,8,14,20,2,16,374,1,1,1,7,Bel Air,45.67192,0.21247
201400019552,24,8,14,18,1,16,15,1,1,1,2,BOULEVARD DE BIGORRE,45.62945,0.14014
201400019553,24,10,14,15,1,16,113,2,7,1,6,9 RUE LEONARD JARRAUD,45.60957,0.10145
201400019554,17,10,14,15,1,16,166,2,3,1,6,BOULEVARD des ECASSEAUX,45.66419,0.19049
201400019555,17,10,14,9,1,16,15,2,1,2,6,30 BD du HUIT MAI 1945,45.65859,0.17168
201400019556,18,10,14,17,2,16,374,1,1,1,7,Contournement Est,45.62871,0.20294
201400019557,15,10,14,12,1,16,15,2,1,1,3,AVENUE DE NAVARRE,45.63355,0.15402
201400019558,18,10,14,20,5,16,15,2,3,1,6,RUE DE BORDEAUX,45.65337,0.14796
201400019559,6,10,14,13,1,16,154,2,1,2,7,17  ROUTE DE VARS,45.66243,0.16239
201400019560,7,10,14,18,1,16,358,1,1,2,7,AVENUE DE L'UNION,45.67823,0.13151
201400019561,29,9,14,7,2,16,113,2,1,1,6,AV ETANG DES MOINES,45.61193,0.09803
201400019562,3,11,14,8,1,16,15,2,1,1,4,13 BOULEVARD d'AQUITAINE,45.64482,0.13413
201400019563,6,11,14,13,1,16,15,2,1,1,6,RUE RAYMOND POINCARE,45.64835,0.16293
201400019564,12,9,14,15,1,16,113,1,1,1,3,Déviation La Couronne,45.61221,0.09169
201400019565,7,9,14,7,2,16,358,1,3,1,3,"90, Route  De  ROYAN",45.66277,0.13271
201400019566,3,9,14,10,1,16,341,1,1,1,7,DEVIATION La Couronne,45.63614,0.11802
201400019567,18,11,14,11,1,16,374,2,2,1,3,CHEMIN DE FREGENEUIL,45.63944,0.20394
201400019568,19,11,14,8,1,16,166,2,1,2,6,170 av de la republique,45.66323,0.19282
201400019569,12,11,14,17,3,16,374,1,1,1,7,Les Rochers,45.65345,0.20878
201400019570,11,11,14,11,1,16,15,2,1,1,2,PLACE VICTOR HUGO,45.64879,0.17432
201400019571,6,11,14,16,1,16,15,2,1,1,6,BOULEVARD jean MOULIN,45.63184,0.15164
201400019572,14,11,14,7,5,16,15,2,1,2,7,11rue de larochefoucauld,45.65174,0.16004
201400019573,12,11,14,17,2,16,15,2,1,2,7,RUE EDOUARD ESCALIER,45.65166,0.16303
201400019574,31,10,14,23,5,16,341,2,1,1,7,4 AVENUE DE LA LIBERTE,45.63639,0.10636
201400019575,29,11,14,16,1,16,15,2,1,1,6,Av de Lattre de Tassigny,45.65271,0.1641
201400019576,29,11,14,18,5,16,15,2,1,1,1,42 ROUTE DE BORDEAUX,45.65284,0.15612
201400019577,30,10,14,10,1,16,15,2,1,1,3,27 AVENUE DES MARECHAUX,45.6474,0.15367
201400019578,11,12,14,18,5,16,113,2,1,1,3,140 route de Bordeaux,45.60748,0.08829
201400019579,17,12,14,13,1,16,15,2,1,1,6,18 MPASSE d'AUSTERLITZ,45.64767,0.15776
201400019580,22,12,14,7,2,16,113,1,1,1,1,AVENUE ITZEHOE,45.62127,0.10735
201400019581,18,12,14,17,1,16,113,1,1,1,6,AVENUE D' ITZEHOE,45.62341,0.11019
201400019582,12,12,14,21,5,16,15,2,1,1,2,198 RUE DE PARIS,45.65244,0.15903
201400019583,23,12,14,18,3,16,374,2,1,1,7,"120,Av général de Gaulle",45.64238,0.1899
201400019584,10,12,14,17,3,16,358,1,1,1,4,DEVIATION d'Angouleme,45.66178,0.12744
201400019585,10,12,14,20,3,16,15,2,1,1,7,BOULEVARD JEAN MONNET,45.64168,0.14831
201400019586,1,3,14,15,1,16,102,2,1,1,2,41 RUE DE MONTPLAISIR,45.69817,-0.33934
201400019587,29,3,14,21,5,16,89,2,2,1,1,Beauregard,45.69817,-0.33934
201400019588,7,4,14,10,1,16,102,2,3,1,3,BOULEVARD D ECHATENAY,45.69873,-0.31859
201400019589,10,4,14,18,1,16,102,2,2,1,3,RUE AMBROISE PARE,45.69344,-0.32023
201400019590,3,5,14,11,1,16,102,2,2,1,3,RUE MILLARDET,45.68995,-0.31937
201400019591,7,6,14,5,5,16,89,2,1,1,7,Tout Blanc,45.65664,-0.325
201400019592,7,6,14,16,1,16,89,2,7,1,6,rue Samuel de Champlain,45.68413,-0.30506
201400019593,24,7,14,18,1,16,102,2,1,3,6,RUE D'ANGOULEME,45.69435,-0.32646
201400019594,24,8,14,9,1,16,102,2,1,1,6,71 AVENUE VICTOR HUGO,45.69105,-0.32246
201400019595,30,8,14,18,1,16,102,2,1,1,6,Quais des Flammands,45.69595,-0.33302
201400019596,12,9,14,18,1,16,102,2,1,1,7,Allee de  la COURTINE,45.7042,-0.32513
201400019597,16,9,14,13,1,16,102,2,3,1,3,,45.69216,-0.32513
201400019598,14,10,14,18,5,16,102,2,1,1,7,AV de LATTRE DE TASSIGNY,45.69955,-0.33261
201400019599,19,11,14,17,1,16,102,1,1,1,1,déviation der Cognac,45.67687,-0.32006
201400019600,28,11,14,16,1,16,102,2,1,1,6,RUE ELYSEE MOUSNIER,45.69108,-0.32914
201400019601,3,12,14,18,5,16,102,2,3,1,3,AVENUE VICTOR HUGO,45.69061,-0.32152
201400019602,8,12,14,7,2,16,102,2,1,2,7,127 bd DENFERT ROCHEREAU,45.69864,-0.32903
201400019603,22,12,14,16,1,16,89,2,1,1,5,RN 141,45.67844,-0.31567
201400019604,22,5,14,14,1,77,65,1,1,1,1,,48.454,2.519
201400019605,1,7,14,10,1,77,69,2,1,1,3,15 RUE DE MELUN,0.0,0.0
201400019606,4,7,14,13,1,77,69,1,1,2,6,,0.0,0.0
201400019607,31,7,14,14,1,77,65,1,1,1,1,,48.777,2.909
201400019608,25,1,14,13,1,69,100,2,1,1,3,60 RUE DU VIEUX PORT,0.0,0.0
201400019609,11,2,14,16,1,69,260,2,1,2,6,rue des usines,45.652,4.815
201400019610,20,2,14,10,1,69,100,2,1,1,6,Rue d'Yvours CD 315,0.0,0.0
201400019611,2,3,14,17,1,69,133,1,1,1,1,,0.0,0.0
201400019612,8,6,14,20,1,69,100,2,1,1,1,11 rue de la damette,0.0,0.0
201400019613,26,7,14,14,1,69,133,1,1,3,6,,45.628,4.785
201400019614,16,10,14,10,1,69,260,2,9,2,6,170 route de LYON,0.0,0.0
201400019615,5,12,14,18,5,69,260,2,1,1,6,rue du pont,0.0,0.0
201400019616,27,12,14,18,5,69,46,2,1,2,1,rue du malpas,0.0,0.0
201400019617,7,1,14,9,1,17,299,2,1,1,7,"03, POTTIER RUE AMIRAL",45.94161,-0.96867
201400019618,11,1,14,13,1,17,449,1,2,1,5,R.D. 137 (TONNAY CHARENT,45.94439,-0.86476
201400019619,14,1,14,13,1,17,299,2,1,1,7,"20 Bis, LESSON RUE",45.93595,-0.96031
201400019620,16,1,14,18,5,17,299,2,1,3,7,"70, PELTIER RUE DU DOCTE",45.93437,-0.96474
201400019621,20,1,14,7,5,17,299,2,1,2,7,"43, PELLETAN AVENUE",45.94311,-0.96076
201400019622,21,1,14,18,5,17,449,2,2,1,3,"2, BRIAND AVENUE ARISTID",45.94475,-0.89287
201400019623,23,1,14,9,1,17,299,2,6,1,3,VAUBAN ROND POINT,45.93067,-0.96014
201400019624,23,1,14,17,1,17,449,2,1,1,2,"174490025, PONT ROUGE AV",45.9506,-0.93238
201400019625,25,1,14,17,5,17,299,2,2,1,3,GAMBETTA RUE,45.94018,-0.97116
201400019626,8,2,14,20,5,17,299,2,3,2,3,HUIT MAI 1945 AVENUE DU,45.95554,-0.96912
201400019627,10,2,14,16,1,17,299,2,6,2,3,PECHEURS D'ISLANDE RUE D,45.947,-0.98842
201400019628,18,2,14,12,1,17,299,2,1,1,2,"21, BUISSON BOULEVARD",45.94235,-0.98107
201400019629,23,2,14,18,1,17,299,2,1,1,7,"35, BACHELARD AVENUE VIC",45.95223,-0.95423
201400019630,9,3,14,17,1,17,299,2,2,1,3,JAURES RUE JEAN,45.93584,-0.95941
201400019631,15,3,14,11,1,17,299,2,2,1,3,"79, ONZE NOVEMBRE 1918 A",45.92561,-0.96008
201400019632,24,3,14,16,1,17,449,1,1,3,7,"174490160, RD 117",45.98044,-0.83996
201400019633,1,4,14,15,1,17,299,2,1,1,7,"65, DENFERT ROCHEREAU RU",45.9364,-0.96756
201400019634,4,4,14,16,1,17,299,2,1,1,6,"38, DE GAULLE AVENUE DU",45.93564,-0.96261
201400019635,6,4,14,0,5,17,299,2,1,2,6,"40, BUISSON BOULEVARD",45.94178,-0.98214
201400019636,10,4,14,19,1,17,299,1,1,1,2,"172990257, MILLE PATTES",45.93591,-0.9846
201400019637,24,4,14,5,5,17,299,2,1,1,7,"53, POUZET BOULEVARD EDO",45.9313,-0.97083
201400019638,29,4,14,8,1,17,299,2,1,3,7,"172990048, BIGNON BOULEV",45.94657,-0.9884
201400019639,3,5,14,17,1,17,449,2,1,1,2,"22, AUNIS AVENUE D'",45.94832,-0.91388
201400019640,7,5,14,12,1,17,299,2,1,1,6,"33, TOUFAIRE RUE",45.9376,-0.95817
201400019641,13,5,14,12,1,17,299,1,1,1,7,"172990397, RD 5",45.97496,-0.95674
201400019642,22,5,14,8,1,17,299,1,1,1,2,"172990257, MILLE PATTES",45.92236,-0.9713
201400019643,25,5,14,7,2,17,299,2,1,1,6,"1, CHARRE CHEMIN",45.95713,-0.95784
201400019644,2,6,14,14,1,17,299,2,1,1,6,"70, JAURES RUE JEAN",45.93319,-0.96002
201400019645,14,6,14,17,1,17,449,1,1,1,1,"174490160, RD 117",45.97383,-0.84597
201400019646,27,6,14,10,1,17,299,2,4,1,3,"., PELLETAN AVENUE",45.94196,-0.96265
201400019647,2,7,14,12,1,17,449,2,3,1,3,"., RD 214",45.95273,-0.88728
201400019648,4,7,14,10,1,17,449,2,1,1,2,"04, FONDSECHE RUE",45.94481,-0.88303
201400019649,5,7,14,11,1,17,299,1,1,2,2,MILLE PATTES BOULEVARD D,45.92804,-0.9784
201400019650,5,7,14,12,1,17,449,2,1,1,2,"24, AUNIS AVENUE D'",45.94835,-0.91407
201400019651,8,7,14,8,1,17,449,1,1,2,7,"19, PUYJARREAU RUE DE",45.94551,-0.91893
201400019652,9,7,14,9,1,17,299,2,1,1,4,"., BIGNON BOULEVARD ET R",45.94725,-0.9882
201400019653,11,7,14,10,1,17,299,2,1,1,2,"., PONTY AVENUE W.",45.94421,-0.95904
201400019654,16,7,14,16,1,17,299,2,1,1,3,"31, FULLER AVENUE",45.95048,-0.94311
201400019655,17,7,14,8,1,17,299,2,1,1,7,"19, DENFERT ROCHEREAU RU",45.94042,-0.96544
201400019656,20,7,14,11,1,17,299,2,1,2,7,"., BIGNON BOULEVARD ET R",0.0,0.0
201400019657,7,8,14,10,1,17,449,2,1,1,3,"13, PONT ROUGE AVENUE DU",45.95068,-0.93206
201400019658,22,8,14,9,1,17,299,2,1,1,7,"2, GIRAUD RUE",45.94957,-0.97663
201400019659,25,8,14,17,1,17,449,1,1,1,5,"147, SAINTONGE AVENUE DE",45.95334,-0.87902
201400019660,29,8,14,9,1,17,299,2,1,1,3,"14, DAUPHINS RUE DES",45.94103,-0.97657
201400019661,29,8,14,17,1,17,449,2,1,1,2,SAINTONGE AVENUE DE,45.95171,-0.888
201400019662,2,9,14,15,1,17,299,2,1,1,7,"63, PELTIER RUE DU DOCTE",45.93556,-0.96449
201400019663,4,9,14,14,1,17,299,2,1,1,7,"19, DENFERT ROCHEREAU RU",45.94042,-0.96544
201400019664,9,9,14,11,1,17,299,2,1,1,3,BIGNON BOULEVARD ET ROND,45.9386,-0.98514
201400019665,15,9,14,18,1,17,449,2,1,1,2,SAINTONGE AVENUE DE,45.95023,-0.89689
201400019666,16,9,14,17,1,17,299,2,1,1,2,"33, PASTEUR RUE",45.94214,-0.96658
201400019667,29,9,14,10,2,17,299,2,2,1,3,"., DE GAULLE AVENUE DU G",45.93574,-0.96341
201400019668,4,10,14,15,1,17,299,1,1,1,3,MILLE PATTES BOULEVARD D,45.93152,-0.98203
201400019669,10,10,14,16,1,17,449,2,1,1,2,"6, PONT ROUGE AVENUE DU",45.95067,-0.93169
201400019670,13,10,14,14,1,17,299,2,1,1,3,"9, CASSE AUX PRETRES RUE",45.9552,-0.97055
201400019671,27,10,14,14,1,17,449,1,1,1,6,"5, RD 124",45.93888,-0.87164
201400019672,28,10,14,18,5,17,299,2,1,1,7,"., SADI CARNOT AVENUE",45.93854,-0.96616
201400019673,5,11,14,11,1,17,449,1,1,1,7,"., R.D. 911",45.97103,-0.91837
201400019674,14,11,14,18,3,17,449,2,1,1,2,SAINTONGE AVENUE DE,45.95236,-0.87299
201400019675,15,11,14,23,5,17,299,2,1,2,7,"510, PELTIER RUE DU DOCT",45.93709,-0.96415
201400019676,25,11,14,17,2,17,449,2,2,1,3,SAINTONGE AVENUE DE,45.94938,-0.90201
201400019677,1,12,14,18,5,17,299,2,6,1,7,"., PELLETAN AVENUE",45.94322,-0.96061
201400019678,2,12,14,7,5,17,299,2,1,2,2,"20, DULIN AVENUE",45.96005,-0.96132
201400019679,3,12,14,12,1,17,299,2,9,1,3,ONZE NOVEMBRE 1918 AVENU,45.92342,-0.95848
201400019680,6,12,14,13,1,17,299,2,2,1,3,"75, GAMBETTA RUE",45.94015,-0.97114
201400019681,11,12,14,9,1,17,299,2,1,1,7,"63, PELTIER RUE DU DOCTE",45.93574,-0.96444
201400019682,12,12,14,18,3,17,299,1,1,1,7,MILLE PATTES BOULEVARD D,45.92661,-0.97674
201400019683,15,12,14,18,5,17,299,2,1,2,3,"., TORRELAVEGA AVENUE DE",45.92697,-0.96592
201400019684,17,12,14,8,2,17,299,2,1,2,7,"34, DEPORTES ET FUSILLES",45.93305,-0.96647
201400019685,2,1,14,0,5,17,300,2,1,2,6,"40, LYAUTEY   BOULEVARD",46.16143,-1.20649
201400019686,3,1,14,12,1,17,300,2,1,1,2,"125, CORSAIRES   AVENUE",46.16952,-1.17021
201400019687,7,1,14,7,2,17,300,2,2,1,6,SARTRE   AVENUE JEAN-PAU,46.15656,-1.12659
201400019688,7,1,14,9,1,17,300,2,3,1,3,SAUTEL  BOULEVARD ANDRE,46.1667,-1.13658