Num_Acc,jour,mois,an,hr,condition_eclairage,departement,commune,condition_agglomeration,intersection,condition_atmosphere,type_collision,adresse,lattitude,longitude
201400019689,14,1,14,18,2,17,274,2,1,1,3,"3, GRANDE RUE   RUE",46.15436,-1.09707
201400019690,16,1,14,16,1,17,300,2,2,1,6,VILLENEUVE   RUE,46.16175,-1.14669
201400019691,16,1,14,17,1,17,300,2,1,1,6,"40, VOILIERS   RUE DES",46.16521,-1.14561
201400019692,25,1,14,18,2,17,300,2,3,1,6,"2, REAUMUR   RUE",46.15862,-1.15638
201400019693,1,2,14,22,5,17,28,1,1,2,7,"2, PLAGE   ROUTE DE LA",46.12622,-1.12718
201400019694,1,2,14,15,1,17,300,2,1,1,6,35 PK RN11 ROCADE NANTES,46.17222,-1.12005
201400019695,2,2,14,22,4,17,300,1,1,1,7,116 PK RN137 ROCHEFORT J,46.15459,-1.11499
201400019696,2,2,14,22,3,17,300,1,1,1,6,"2, 05 PK RN237 MOULIN JU",46.17438,-1.17498
201400019697,5,2,14,17,1,17,300,2,3,2,3,"2, DEFLANDRE   RUE MARCE",46.17222,-1.21293
201400019698,5,2,14,17,2,17,300,2,1,1,6,"2, DENFERT-ROCHEREAU   A",46.16554,-1.1886
201400019699,7,2,14,18,1,17,300,2,1,1,3,"36, MARILLAC   AVENUE",46.14119,-1.16053
201400019700,11,2,14,12,1,17,300,2,1,1,7,"50, SCHWEITZER   RUE DU",46.15851,-1.14565
201400019701,11,2,14,18,2,17,300,2,1,1,3,"2, CARNOT   AVENUE",46.16458,-1.18166
201400019702,13,2,14,8,1,17,300,2,1,1,6,"2, SCHWEITZER   RUE DU D",46.15851,-1.14547
201400019703,15,2,14,17,1,17,291,1,1,1,3,02 PK RN237 RE MOULIN JU,46.18152,-1.14149
201400019704,18,2,14,8,1,17,300,2,1,2,7,"4, GUILLAUMAT   RUE GENE",46.16336,-1.18246
201400019705,18,2,14,18,2,17,300,2,1,1,6,"2, GRANDES VARENNES   AV",46.17142,-1.17701
201400019706,19,2,14,15,1,17,300,2,3,1,3,SAUTEL  BOULEVARD ANDRE,46.17066,-1.12459
201400019707,21,2,14,19,2,17,200,2,6,1,3,"2, MOISY   AVENUE DU REC",46.17393,-1.16664
201400019708,5,3,14,17,1,17,300,2,1,1,6,"2, CORDELIERS   AVENUE D",46.16329,-1.1455
201400019709,6,3,14,12,1,17,200,1,1,1,5,02 PK RN237 MOULIN JUSTI,46.18149,-1.14155
201400019710,7,3,14,18,1,17,200,2,1,1,7,"2, MOISY   AVENUE DU REC",46.17262,-1.17026
201400019711,12,3,14,16,1,17,300,1,1,1,6,33 PK RN11 ROCADE NANTES,46.17673,-1.1031
201400019712,13,3,14,21,5,17,300,2,1,1,6,"2, BRIAND   AVENUE ARIST",46.16309,-1.16501
201400019713,14,3,14,12,1,17,300,2,1,1,7,"14, HILAIRE   COURS DAME",46.15755,-1.15371
201400019714,16,3,14,3,5,17,300,2,1,1,6,"2, CHIRONS LONGS   CHEMI",46.16488,-1.20341
201400019715,26,3,14,18,1,17,300,2,1,1,6,"02, LACROIX   RUE MARIUS",46.16951,-1.14658
201400019716,30,3,14,4,5,17,28,2,1,1,1,"2, ANVILLE   RUE D'",46.13793,-1.1111
201400019717,1,4,14,12,1,17,300,2,1,1,6,"2, VALIN   QUAI",46.15704,-1.14996
201400019718,3,4,14,19,1,17,291,1,1,1,2,"46, LIBERATION   RUE DE",46.17693,-1.11518
201400019719,7,4,14,1,5,17,274,2,1,1,7,QUATRE CHEVALIERS   RUE,46.16329,-1.11174
201400019720,8,4,14,16,1,17,300,2,1,1,6,"2, NORMANDIN   RUE EMILE",46.14144,-1.13863
201400019721,10,4,14,8,1,17,300,2,1,7,7,"176, CARNOT   AVENUE",46.16461,-1.17893
201400019722,11,4,14,18,1,17,300,2,1,1,6,"124, GUITON   AVENUE JEA",46.16059,-1.17143
201400019723,11,4,14,18,1,17,300,2,1,1,6,"2, CRAPAUDIERES   AVENUE",46.16896,-1.17196
201400019724,27,5,14,20,2,17,200,1,2,1,1,"44, ROSE AVENUE DU FIEF",46.18091,-1.16716
201400019725,14,4,14,17,1,17,300,2,1,1,6,"6, FROMENTIN   RUE CHARL",46.1603,-1.15397
201400019726,15,4,14,9,1,17,300,2,1,1,7,"170, GUITON   AVENUE JEA",46.16116,-1.17491
201400019727,21,4,14,18,1,17,300,2,1,1,6,CHAMP DE MARS   AVENUE D,46.1694,-1.14875
201400019728,22,4,14,1,5,17,300,2,1,1,7,"395, GUITON   AVENUE JEA",46.15994,-1.19693
201400019729,22,4,14,8,1,17,300,1,1,1,7,115 PK RN137 ROCHEFORT J,46.14589,-1.10901
201400019730,22,4,14,9,1,17,28,2,1,1,6,"2, 114 PK RN137 JUSTICE",46.13726,-1.10348
201400019731,22,4,14,18,1,17,200,1,1,1,7,"12, ROSE AVENUE DU FIEF",46.17444,-1.16669
201400019732,22,4,14,15,1,17,300,2,1,1,7,"22, ALBERT IER   RUE",46.16449,-1.15165
201400019733,25,4,14,12,1,17,300,2,1,1,7,"2, BERLIN   AVENUE DE",46.16705,-1.1817
201400019734,29,4,14,17,1,17,300,1,3,1,3,"2, DEFLANDRE   RUE MARCE",46.1705,-1.21284
201400019735,29,4,14,10,1,17,300,2,1,1,7,"2, LACROIX   RUE MARIUS",46.16951,-1.14656
201400019736,3,5,14,15,1,17,300,2,1,1,6,"2, 112 PK RN137 JUSTICE",46.12082,-1.10954
201400019737,7,5,14,12,1,17,300,2,1,1,7,"230, CARNOT   AVENUE",46.16485,-1.18324
201400019738,8,5,14,14,1,17,300,1,1,1,3,05 PK RN237 MOULIN JUSTI,46.18089,-1.14716
201400019739,10,5,14,15,1,17,200,2,3,1,6,"2, ROSE AVENUE DU FIEF",46.18,-1.16416
201400019740,10,5,14,16,1,17,300,2,1,2,7,"48, GARGOULLEAU   RUE",46.16202,-1.15251
201400019741,16,5,14,23,5,17,274,2,1,1,7,"2, REPUBLIQUE   ROND-POI",46.15304,-1.11188
201400019742,20,5,14,12,1,17,300,2,1,1,6,"2, 537 RN ROND POINT DEN",46.16465,-1.19782
201400019743,21,5,14,16,1,17,300,2,1,3,6,"86, SAUTEL  BOULEVARD AN",46.17069,-1.12481
201400019744,22,5,14,12,1,17,300,2,1,1,7,DUPERRE   QUAI,46.15815,-1.15188
201400019745,24,5,14,3,5,17,300,2,1,9,6,CREPEAU   AVENUE MICHEL,46.14815,-1.15847
201400019746,5,6,14,10,1,17,300,2,1,1,7,"60, SAUTEL  BOULEVARD AN",46.16792,-1.13309
201400019747,5,6,14,14,1,17,300,2,1,1,6,"2, ROUX   RUE DE",46.14711,-1.15219
201400019748,7,6,14,0,5,17,300,2,1,1,2,"134, SAUTEL  BOULEVARD A",46.17022,-1.1261
201400019749,12,6,14,15,1,17,300,2,1,1,7,"88, SAUTEL  BOULEVARD AN",46.16912,-1.12938
201400019750,13,6,14,15,1,17,300,2,1,1,6,"2, JOFFRE   BOULEVARD (1",46.16089,-1.14036
201400019751,15,6,14,19,1,17,300,2,1,1,2,"59, ONZE NOVEMBRE 1918",46.17447,-1.15048
201400019752,22,6,14,4,5,17,291,2,1,1,5,"52, MARE  RUE DU FIEF DE",46.18062,-1.12713
201400019753,25,6,14,18,1,17,300,1,1,1,2,114 PK RN137 JUSTICE ROC,46.1514,-1.11275
201400019754,25,6,14,12,1,17,300,2,1,1,6,"2, MAUBEC   QUAI",46.15903,-1.14864
201400019755,22,6,14,7,2,17,274,1,1,1,7,"2, D 111",46.16118,-1.06965
201400019756,30,6,14,9,1,17,300,2,1,2,3,"27, SCHWEITZER   RUE DU",46.15854,-1.14551
201400019757,30,6,14,10,1,17,300,2,1,1,1,"12, LYAUTEY   BOULEVARD",46.16154,-1.20389
201400019758,8,7,14,22,5,17,300,2,1,1,1,SCIERIE   RUE DE LA,46.14896,-1.15354
201400019759,10,7,14,19,2,17,300,2,1,1,6,"2, 33 PK RN11 ROCADE NAN",46.17253,-1.11893
201400019760,11,7,14,20,2,17,300,2,1,1,2,"28, MAIL   ALLEE DU",46.15601,-1.16513
201400019761,14,7,14,18,1,17,300,2,1,1,3,"18, LECLERC   AVENUE DU",46.16255,-1.15986
201400019762,14,7,14,20,1,17,28,2,1,1,1,CLAIRES   RUE DES,46.13138,-1.13707
201400019763,14,7,14,22,2,17,300,2,3,1,1,"148, LECLERC   AVENUE DU",46.16293,-1.16339
201400019764,16,7,14,16,1,17,274,2,1,1,3,"2, REPUBLIQUE   ROND-POI",46.15288,-1.11072
201400019765,22,7,14,8,1,17,300,2,1,1,6,"2, MAIL   ALLEE DU",46.15613,-1.16239
201400019766,22,7,14,18,1,17,300,2,1,1,6,"107, BRIAND   AVENUE ARI",46.16857,-1.16371
201400019767,24,7,14,17,1,17,300,2,2,1,3,LECLERC   AVENUE DU GENE,46.16245,-1.15857
201400019768,28,7,14,4,5,17,300,2,1,1,7,SARTRE   AVENUE JEAN-PAU,46.15642,-1.12803
201400019769,31,7,14,11,1,17,300,2,3,1,6,JUIN   AVENUE DU MARECHA,46.15573,-1.18089
201400019770,31,7,14,17,1,17,300,2,1,1,6,"2, NORMANDIN   RUE EMILE",46.14119,-1.13788
201400019771,31,7,14,20,1,17,300,2,1,1,7,"2, VERDUN   PLACE DE",46.1628,-1.15258
201400019772,6,8,14,9,1,17,291,1,1,3,7,112 PK RN137 ROCHEFORT J,46.17216,-1.12125
201400019773,6,8,14,11,1,17,291,1,1,1,2,113 PK RN137 JUSTICE ROC,46.17225,-1.12127
201400019774,6,8,14,12,1,17,300,2,1,1,3,"6, CORDELIERS   PLACE DE",46.16289,-1.14561
201400019775,10,8,14,2,5,17,200,2,3,1,3,"2, HUIT MAI 1945   AVENU",46.17748,-1.15261
201400019776,15,8,14,9,1,17,300,2,1,1,6,"30, KENNEDY   AVENUE DU",46.16752,-1.18035
201400019777,15,8,14,21,1,17,300,2,1,1,7,"06, BERNIER   AVENUE DU",46.16654,-1.15956
201400019778,16,8,14,21,2,17,300,2,1,1,1,BILLAUD-VARENNE   AVENUE,46.15157,-1.11883
201400019779,26,8,14,8,1,17,300,2,1,1,6,"2, SAUTEL  BOULEVARD AND",46.16667,-1.13667
201400019780,21,8,14,16,1,17,300,2,1,1,3,ALBERT IER   RUE,46.16317,-1.15219
201400019781,25,8,14,17,1,17,300,2,1,1,6,"23, FLEURIAU   RUE",46.16152,-1.15221
201400019782,26,8,14,0,5,17,300,2,1,3,2,"167, SAUTEL  BOULEVARD A",46.17072,-1.1247
201400019783,2,9,14,17,1,17,28,2,1,1,6,"13, COPERNIC   RUE",46.12833,-1.09462
201400019784,3,9,14,12,1,17,300,2,1,1,6,"2, REMBLAIS   CHEMIN DES",46.16723,-1.20407
201400019785,4,9,14,16,1,17,291,1,1,1,2,09 PK RN237 RE MOULIN JU,46.17831,-1.15861
201400019786,4,9,14,16,1,17,28,2,1,1,6,"74, GRASSET   AVENUE EDM",46.1318,-1.10675
201400019787,5,9,14,8,1,17,274,2,1,1,2,"2, GRANDE RUE   RUE",46.15424,-1.09749
201400019788,6,9,14,20,1,17,28,2,1,1,2,D 939,46.13127,-1.09891
201400019789,7,9,14,13,1,17,300,2,1,1,6,115 PK RN137 ROCHEFORT J,0.0,0.0
201400019790,7,9,14,10,1,17,291,2,6,1,3,SONNETTERIE   RUE DE LA,46.18118,-1.12511
201400019791,12,9,14,17,1,17,291,1,1,1,2,0 PK RN237 RE MOULIN DE,46.1727,-1.12161
201400019792,13,9,14,10,1,17,300,2,1,1,3,"2, DENFERT-ROCHEREAU   A",46.16555,-1.18866
201400019793,14,9,14,14,1,17,300,2,1,1,2,"156, CARNOT   AVENUE",46.16436,-1.17723
201400019794,15,9,14,16,1,17,300,2,1,1,6,"2, TASDON   IMPASSE DE",46.14367,-1.14032
201400019795,18,9,14,15,1,17,300,2,1,1,2,SAUTEL  BOULEVARD ANDRE,46.17123,-1.1231
201400019796,20,9,14,17,1,17,300,2,3,1,3,"74, CORSAIRES   AVENUE D",46.16474,-1.17531
201400019797,20,9,14,19,1,17,300,1,1,1,3,33 PK RN11 NANTES ROCADE,46.17917,-1.09653
201400019798,21,9,14,22,5,17,300,1,1,1,6,115 PK RN137 JUSTICE ROC,46.14594,-1.10922
201400019799,23,9,14,19,1,17,300,2,1,1,6,"2, CHAUDRIER   RUE",46.1612,-1.15306
201400019800,26,9,14,10,1,17,300,2,6,1,6,"251, GUITON   AVENUE JEA",46.16147,-1.17903
201400019801,28,9,14,6,5,17,300,2,1,1,7,"2, CACAUD    PLACE",46.16306,-1.14767
201400019802,29,9,14,10,1,17,291,1,1,1,7,0 PK RN237 MOULIN JUSTIC,46.18144,-1.14148
201400019803,30,9,14,18,1,17,300,2,1,1,2,LECLERC   AVENUE DU GENE,46.16311,-1.16517
201400019804,1,10,14,18,1,17,300,2,1,1,6,"78, SARTRE   AVENUE JEAN",46.15616,-1.11878
201400019805,3,10,14,21,2,17,300,2,1,1,6,"33, VIENNE   AVENUE DE",46.16771,-1.16915
201400019806,8,10,14,14,1,17,300,2,3,1,3,"74, FRERES PRECHEURS   R",46.16298,-1.14718
201400019807,9,10,14,18,1,17,300,2,1,1,3,"5, LA FONTAINE   RUE",46.16562,-1.14121
201400019808,18,10,14,15,1,17,300,2,1,1,6,"18, PARIS   AVENUE DE",46.16939,-1.17476
201400019809,18,10,14,19,2,17,300,2,1,1,1,"20, SARTRE   AVENUE JEAN",46.15569,-1.13447
201400019810,21,10,14,0,5,17,300,2,1,1,7,LACROIX   RUE MARIUS,46.17306,-1.1464
201400019811,22,10,14,7,5,17,300,1,1,1,3,"176, SAUTEL  BOULEVARD A",46.17106,-1.12337
201400019812,27,10,14,18,5,17,300,2,4,1,6,JURA   RUE DU,46.17391,-1.19951
201400019813,29,10,14,15,1,17,300,2,1,1,2,"81, GUITON   AVENUE JEAN",46.15986,-1.16683
201400019814,31,10,14,17,1,17,300,2,1,1,6,"150, SARTRE   AVENUE JEA",46.15626,-1.12975
201400019815,1,11,14,18,1,17,300,2,1,1,2,"16, MESCHINET DE RICHEMO",46.16228,-1.18355
201400019816,3,11,14,15,1,17,28,2,1,1,2,LYSIACK   AVENUE DU COMM,46.13634,-1.12419
201400019817,9,11,14,18,2,17,300,2,1,1,7,"12, GERMINAL   RUE",46.16787,-1.18009
201400019818,16,11,14,19,5,17,274,2,1,1,7,"25, JOLIOT-CURIE   AVENU",46.15753,-1.10682
201400019819,17,11,14,21,4,17,300,2,1,2,7,"64, MOULIN   AVENUE JEAN",46.14863,-1.13815
201400019820,18,11,14,9,2,17,200,2,2,1,6,"1, BECQUEREL   RUE HENRI",46.1874,-1.15285
201400019821,20,11,14,16,1,17,300,2,1,1,6,"2, ROYALE   AVENUE DE LA",46.16239,-1.1408
201400019822,21,11,14,5,5,17,300,2,1,1,2,SAINT-LOUIS   RUE,46.16082,-1.1457
201400019823,24,11,14,22,5,17,300,2,1,2,3,MOULIN   AVENUE JEAN,46.15175,-1.13964
201400019824,26,11,14,16,1,17,300,2,1,1,7,"15, GUE   RUE DU",46.17695,-1.14094
201400019825,26,11,14,17,1,17,300,2,1,1,3,"12, SCHUMANN   AVENUE RO",46.16652,-1.17848
201400019826,30,11,14,22,5,17,300,2,1,1,6,"2, DAME HILAIRE   COURS",46.16861,-1.17309
201400019827,4,12,14,1,5,17,300,2,1,1,7,"2, VESPUCCI   AVENUE AME",46.15313,-1.15469
201400019828,8,12,14,7,5,17,300,2,3,1,3,SARTRE   AVENUE JEAN-PAU,46.15575,-1.13437
201400019829,11,12,14,15,1,17,291,1,1,1,6,"2, QUATORZE JUILLET   RU",46.17466,-1.11675
201400019830,11,12,14,17,5,17,300,2,2,2,3,"02, PRIEURE   CHEMIN DU",46.17341,-1.15036
201400019831,12,12,14,20,5,17,291,1,1,1,2,33 PK RN11 ROCADE NANTES,46.17912,-1.09652
201400019832,18,12,14,8,2,17,274,2,1,1,1,"2, LUMIERE   AVENUE LOUI",46.15856,-1.10115
201400019833,18,12,14,17,5,17,300,2,1,1,6,MONNET   AVENUE JEAN,46.14433,-1.15308
201400019834,18,12,14,18,5,17,300,2,1,1,6,"9, COLIGNY   AVENUE",46.15716,-1.16618
201400019835,19,12,14,10,1,17,291,1,1,1,7,"02, CHENES  RUE DES",46.19271,-1.11101
201400019836,22,12,14,11,1,17,300,2,1,1,6,"8, FORBIN   COURS",46.16537,-1.17646
201400019837,28,12,14,16,1,17,300,2,1,1,3,"167, GUITON   AVENUE JEA",46.16087,-1.17318
201400019838,29,12,14,18,2,17,291,2,1,1,5,05 PK RN237 MOULIN JUSTI,46.17824,-1.12832
201400019839,3,1,14,9,1,17,306,2,2,1,3,"., CLEMENCEAU  GEORGES (",45.62753,-1.02012
201400019840,22,1,14,20,5,17,306,2,1,2,6,"16, SION (DE)",45.63028,-1.02931
201400019841,4,2,14,14,1,17,461,2,1,1,6,"78, SOURCE (CHEMIN DE LA",45.6428,-1.05
201400019842,5,2,14,22,5,17,306,2,1,1,6,"2, PAPIN DENIS",45.63232,-0.99406
201400019843,9,2,14,22,5,17,461,2,1,1,6,ROCHE (DE LA),45.64794,-1.05473
201400019844,19,2,14,19,5,17,306,2,2,1,3,LOTI PIERRE,45.62451,-1.02974
201400019845,26,2,14,14,1,17,306,2,2,1,3,LOTI PIERRE,45.62453,-1.02975
201400019846,18,2,14,19,5,17,306,2,1,1,2,"., QUEBEC (AVENUE)",45.63372,-1.02035
201400019847,19,2,14,10,1,17,306,2,2,1,3,ROCHEFORT (DE)  (AVENUE),45.6356,-1.02636
201400019848,4,3,14,9,1,17,333,2,4,1,3,SAUJON (DE),45.60467,-0.98172
201400019849,11,3,14,10,1,17,306,1,1,1,2,EXPRESS (VOIE),45.63931,-1.02573
201400019850,17,3,14,10,1,17,380,2,1,1,6,GANIPOTE (AVENUE DE LA),45.65156,-1.08525
201400019851,18,3,14,13,1,17,306,2,1,1,3,"61, DOUMER PAUL (PARKING",45.62923,-1.02958
201400019852,25,3,14,16,1,17,380,1,2,1,3,VERDUN (AVENUE DE),45.66365,-1.07201
201400019853,8,3,14,14,1,17,306,2,1,1,3,CLEMENCEAU  GEORGES (BD),45.62751,-1.02011
201400019854,2,4,14,19,1,17,306,2,1,1,6,"51, GAMBETTA",45.62248,-1.03107
201400019855,8,4,14,23,5,17,306,2,1,1,7,"89, BASTIE MARYSE",45.62402,-1.01492
201400019856,17,4,14,15,1,17,306,2,1,1,6,FRONT DE MER (PROMENADE,45.62385,-1.02716
201400019857,19,4,14,20,1,17,306,2,1,1,6,SCHUMAN (PLACE),45.62134,-1.03167
201400019858,22,4,14,18,2,17,380,2,2,2,3,PALOMBES (DES),45.65156,-1.10868
201400019859,24,4,14,11,1,17,306,2,2,1,3,"46, BRIAND  ARISTIDE  (B",45.62595,-1.03009
201400019860,27,4,14,3,3,17,306,2,1,1,7,"76, LAMY (BD FRANCK)",45.62766,-1.01509
201400019861,7,4,14,23,3,17,306,2,1,1,7,"60, GRANDE CONCHE (DE LA",45.62366,-1.01716
201400019862,30,4,14,18,1,17,306,2,1,1,6,SOURCE (DE LA),45.62809,-1.03225
201400019863,11,5,14,12,1,17,306,2,1,1,2,EUROPE (COURS DE L'),45.62486,-1.02235
201400019864,11,5,14,18,2,17,306,2,1,1,6,"4, 5 JANVIER 1945 (DU) (",45.62519,-1.02801
201400019865,14,5,14,8,1,17,306,2,1,1,6,ZOLA (ALLEE EMILE),45.61795,-1.01388
201400019866,21,5,14,16,1,17,333,2,1,1,1,MOULIN  JEAN  (AVENUE),45.59313,-0.96997
201400019867,23,5,14,13,1,17,306,2,2,1,3,"222, ROCHEFORT (DE)  (AV",45.65343,-1.02327
201400019868,25,5,14,22,3,17,306,1,1,1,6,PUISADE,45.63384,-0.97994
201400019869,29,5,14,20,2,17,306,2,1,1,1,"28, RENAISSANCE (DE LA)",45.62967,-1.03977
201400019870,30,5,14,15,1,17,306,2,1,1,3,"1, LIBERATION (DE LA) (A",45.62359,-1.01286
201400019871,1,6,14,5,3,17,306,1,1,1,1,EXPRESS (VOIE),45.63191,-0.98583
201400019872,3,6,14,19,2,17,306,2,1,1,6,"13, CHATEAU D'EAU (DU)",45.62381,-1.03258
201400019873,8,6,14,10,1,17,306,2,1,1,3,"143, ROCHEFORT (DE)  (AV",45.65486,-1.023
201400019874,13,6,14,19,2,17,333,1,1,1,1,MEDIS  (DE),45.60923,-0.96986
201400019875,14,6,14,1,5,17,306,2,1,1,6,"41, PONTAILLAC (DE) (AVE",45.62122,-1.03746
201400019876,14,6,14,14,1,17,306,1,1,1,5,EXPRESS (VOIE),45.63934,-1.0257
201400019877,15,6,14,18,1,17,306,2,1,1,1,"47, GRANDE CONCHE (DE LA",45.62362,-1.01787
201400019878,18,6,14,23,3,17,306,2,2,1,3,VERDUN (DE) AVENUE),45.62108,-1.00883
201400019879,24,6,14,12,1,17,380,1,1,1,3,EXPRESS (VOIE),45.65573,-1.11517
201400019880,6,7,14,15,1,17,380,1,1,1,1,EXPRESS (VOIE),45.66247,-1.13318
201400019881,7,7,14,15,1,17,306,2,1,1,6,"01, PLATANES (DES) (AVEN",45.62509,-1.04107
201400019882,10,7,14,17,1,17,333,2,1,1,6,RHIN ET DANUBLE (AVENUE),45.6187,-0.96549
201400019883,11,7,14,17,1,17,333,2,1,1,6,"49, DE GAULLE (DU GENERA",45.60584,-0.99716
201400019884,11,7,14,14,1,17,306,2,1,1,2,"., FRONT DE MER (PROMENA",45.6213,-1.02997
201400019885,19,7,14,5,5,17,380,2,1,2,6,"51, MOUILLERES (AVENUE D",45.65158,-1.09629
201400019886,19,7,14,11,1,17,306,1,1,1,6,"., EXPRESS (VOIE)",45.62905,-1.00346
201400019887,24,7,14,18,1,17,306,2,1,1,6,"49, CLEMENCEAU  GEORGES",45.62843,-1.02209
201400019888,26,7,14,12,1,17,333,1,1,1,6,"., EXPRESS (voie)",45.61659,-0.98822
201400019889,29,7,14,23,3,17,380,2,1,1,6,"., TAMARIS (AVENUE DES)",45.62329,-1.04991
201400019890,30,7,14,14,1,17,306,2,3,1,3,BOUCHET LOUIS (AVENUE),45.62866,-0.99495
201400019891,31,7,14,1,5,17,306,2,2,1,3,BAILLET (BD COLONEL ROBE,45.62674,-1.04351
201400019892,4,8,14,17,1,17,333,2,2,1,6,"., TILLEULS (AVENUE DES)",45.60314,-0.9934
201400019893,6,8,14,11,1,17,306,2,3,1,3,"., CLEMENCEAU  GEORGES (",45.6309,-1.02833
201400019894,9,8,14,16,1,17,306,2,2,1,6,"., CLEMENCEAU  GEORGES (",45.62752,-1.02012
201400019895,10,8,14,11,1,17,306,2,3,1,3,"., ISAURE CLEMENCE (AVEN",45.6266,-1.04834
201400019896,12,8,14,17,1,17,333,2,1,1,6,"., COTE DE BEAUTE (BOULE",45.60121,-0.99852
201400019897,16,8,14,9,1,17,461,2,1,1,3,"., PASTEUR (AVENUE)",45.63177,-1.05688
201400019898,17,8,14,0,5,17,306,2,1,1,6,"71-73, HEDDE (AVENUE DAN",45.63657,-1.02845
201400019899,19,8,14,14,1,17,306,2,1,1,2,"., EUROPE (COURS DE L')",45.62489,-1.02152
201400019900,20,8,14,11,1,17,306,2,1,1,2,"., ROCHEFORT (DE)  (AVEN",45.6397,-1.02507
201400019901,22,8,14,21,2,17,306,2,3,1,3,"., CLEMENCEAU  GEORGES (",45.62499,-1.0181
201400019902,24,8,14,17,1,17,333,2,6,1,6,"., MOCQUERIES (AVENUE)",45.59944,-0.99427
201400019903,31,8,14,22,5,17,333,2,1,1,3,"., COTE DE BEAUTE (BOULE",45.59519,-0.99159
201400019904,3,9,14,17,1,17,306,2,1,1,6,"., EUROPE (COURS DE L')",45.62489,-1.02159
201400019905,7,9,14,2,5,17,333,2,1,1,6,"82, DE LATTRE DE TASSIGN",45.6071,-1.00669
201400019906,9,9,14,8,1,17,306,2,1,2,6,AQUITAINE (ALIENOR D') (,45.61639,-1.00268
201400019907,9,9,14,15,1,17,333,2,1,1,4,"., 107 REGIMENT D'INFANT",45.59311,-0.97056
201400019908,12,9,14,8,1,17,306,2,1,1,6,"., AMPERE",45.63088,-1.00539
201400019909,17,9,14,8,1,17,333,2,6,1,6,"., TILLEULS (AVENUE DES)",45.60476,-0.99332
201400019910,20,9,14,15,1,17,306,2,1,1,6,"80, BRIAND  ARISTIDE  (B",45.6268,-1.03072
201400019911,3,10,14,14,1,17,306,2,1,1,2,AMPERE,45.63122,-0.99681
201400019912,10,10,14,7,3,17,306,2,2,1,6,ROCHEFORT (DE)  (AVENUE),45.64898,-1.02447
201400019913,10,10,14,17,1,17,306,1,1,1,6,"27, VERDUN (DE) AVENUE)",45.62233,-1.01305
201400019914,15,10,14,17,1,17,333,1,2,1,3,"2, SUZAC (AVENUE DE)",45.58455,-0.98555
201400019915,20,10,14,18,2,17,306,2,2,1,3,"43, MARNE (DE LA) (BD)",45.62676,-1.00825
201400019916,5,11,14,14,1,17,306,2,4,1,3,"., HEDDE (AVENUE DANIEL)",45.63613,-1.02858
201400019917,12,11,14,19,5,17,306,2,1,1,7,REGAZZONI (AVENUE CHARLE,45.63922,-1.04014
201400019918,14,11,14,12,1,17,306,2,1,2,6,"6, REUTIN (BD FELIX)",45.63603,-1.02747
201400019919,14,11,14,18,5,17,306,2,1,1,2,"71, HEDDE (AVENUE DANIEL",45.63672,-1.02848
201400019920,20,11,14,19,5,17,306,2,2,1,3,"6, PAIX (DE LA)",45.62004,-1.03756
201400019921,26,11,14,18,5,17,306,2,1,1,2,EUROPE (COURS DE L'),45.62489,-1.02166
201400019922,1,12,14,13,1,17,306,2,1,1,2,"., FRESNEL AUGUSTIN",45.63148,-0.99231
201400019923,8,12,14,19,5,17,306,2,1,1,6,"05, BRANLY EDOUARD",45.63007,-0.99491
201400019924,12,12,14,18,5,17,306,2,1,1,6,"., DE LATTRE DE TASSIGNY",45.62527,-1.02276
201400019925,22,12,14,10,1,17,306,2,1,1,6,"0, ROCHEFORT (DE)  (AVEN",45.65458,-1.02301
201400019926,29,12,14,11,1,17,306,2,1,9,2,"63, CLEMENCEAU  GEORGES",45.62963,-1.02515
201400019927,2,10,14,7,3,27,564,1,1,2,6,,49.042,0.282
201400019928,4,5,14,17,1,61,192,1,1,1,7,,48.67984,0.2302
201400019929,24,8,14,12,1,61,352,1,9,1,7,,48.81628,-0.12934
201400019930,1,1,14,18,5,17,415,2,1,1,6,"1, SAINT PIERRE PLACE",45.74503,-0.63259