Num_Acc,jour,mois,an,hr,condition_eclairage,departement,commune,condition_agglomeration,intersection,condition_atmosphere,type_collision,adresse,lattitude,longitude
201400020220,14,7,14,18,1,18,33,1,3,2,3,GARE DE MARCHANDISES (RU,47.09638,2.39283
201400020221,18,7,14,15,1,18,33,2,6,1,4,PAUL (RUE MARCEL),47.06545,2.39481
201400020222,21,7,14,16,1,18,33,2,1,1,3,"30, SANTOS-DUMONT (BOULE",47.07072,2.38462
201400020223,22,7,14,17,1,18,50,2,1,1,2,LE VERNILLET (LIEU-DIT),47.04878,2.32348
201400020224,22,7,14,18,1,18,33,2,1,1,3,avenue ernest renan,47.08257,2.41303
201400020225,23,7,14,8,1,18,33,1,6,1,7,RN 142,47.05666,2.42764
201400020226,24,7,14,7,1,18,33,2,6,1,6,CHAPPE (CHAUSSEE DE,47.09178,2.42164
201400020227,25,7,14,17,1,18,33,2,1,1,6,LIBERATION (AVENUE DE LA,47.10265,2.40468
201400020228,28,7,14,7,1,18,33,2,1,3,6,VAL D'AURON (AV DU),47.06365,2.41174
201400020229,28,7,14,10,1,18,33,1,1,8,4,QUATRE VENTS (ROUTE DES),0.0,0.0
201400020230,28,7,14,15,1,18,33,1,1,1,6,SAINT-MICHEL (ROUTE DE),0.0,0.0
201400020231,29,7,14,18,1,18,213,2,6,2,7,RN 151,47.09635,2.44405
201400020232,31,7,14,19,1,18,33,1,3,1,1,NIEPCE (RUE NICEPH,47.04579,2.34404
201400020233,7,8,14,18,1,18,33,2,3,1,3,DE VOGUE (RUE ARNAUD),47.09469,2.40543
201400020234,8,8,14,18,1,18,33,2,1,1,3,DUN-SUR-AURON (AVENUE DE,47.06623,2.41819
201400020235,12,8,14,11,1,18,267,1,1,1,6,PLAIMPIED (ROUTE DE),47.01006,2.3847
201400020236,12,8,14,15,1,18,33,2,1,1,6,"sans, FRANCE (COUR ANATO",47.08325,2.40261
201400020237,14,8,14,20,1,18,205,2,4,1,1,ORLEANS (ROUTE D'),47.09174,2.38383
201400020238,20,8,14,14,1,18,205,2,3,1,2,"80, ORLEANS (ROUTE D')",47.09971,2.38119
201400020239,20,8,14,18,1,18,33,2,2,1,3,AVENIR (BD DE L'),47.08074,2.38293
201400020240,24,8,14,18,1,18,205,2,4,1,1,ORLEANS (AVENUE D'),47.09141,2.38398
201400020241,26,8,14,8,1,18,205,2,1,2,6,PONTS (RUE DES DEUX),47.09606,2.38687
201400020242,2,9,14,13,1,18,33,2,1,1,3,"112, LATTRE DE TASSIGNY",47.09827,2.417
201400020243,3,9,14,14,1,18,33,2,1,1,2,"362, DE GAULLE (AV DU GE",47.11379,2.41662
201400020244,6,9,14,15,1,18,33,2,1,1,2,rue de sarrebourg,47.08007,2.40248
201400020245,8,9,14,19,1,18,33,2,3,1,2,"224, SAINT-MICHEL (ROUTE",47.10449,2.42452
201400020246,9,9,14,17,1,18,33,2,1,1,6,VILLON (RUE FRANCOIS),47.10185,2.41084
201400020247,10,9,14,14,1,18,33,1,6,1,3,RD 400 (Rocade),0.0,0.0
201400020248,10,9,14,19,1,18,33,2,3,1,3,VOLTA (RUE),47.08891,2.39325
201400020249,11,9,14,17,1,18,33,2,1,1,2,CHARITE (ROUTE DE LA),47.09499,2.42154
201400020250,11,9,14,23,3,18,33,2,1,1,6,"64, LAMARCK (BOULEVARD)",47.07853,2.39186
201400020251,12,9,14,18,1,18,33,2,6,1,2,AUGER (BD),0.0,0.0
201400020252,18,9,14,13,1,18,33,2,3,1,7,DE GAULLE (AV DU GENERA,47.10316,2.40934
201400020253,20,9,14,1,5,18,33,1,1,1,2,CHAUSSEE DE CHAPPE,47.09486,2.42348
201400020254,24,9,14,16,1,18,33,2,1,1,4,JURANVILLE (BOULEVARD DE,47.08243,2.38911
201400020255,27,9,14,22,5,18,33,2,1,1,1,"69, BOURBONNOUX (RUE)",47.0833,2.39997
201400020256,2,10,14,8,1,18,33,2,1,1,4,rue du gl challe,47.09385,2.40153
201400020257,6,10,14,15,1,18,33,1,1,1,6,Rocade,0.0,0.0
201400020258,7,10,14,9,1,18,33,2,2,2,1,bd Ml Foch/rue E Martin,47.07823,2.4089
201400020259,14,10,14,16,1,18,33,2,1,1,6,"25, JURANVILLE (BOULEVAR",47.08555,2.38847
201400020260,18,10,14,11,1,18,213,1,1,1,1,RD 151,0.0,0.0
201400020261,20,10,14,16,1,18,33,2,1,1,6,"69, BOURBONNOUX (RUE)",47.08307,2.40009
201400020262,23,10,14,17,1,18,33,2,2,1,3,LYAUTEY (ALLEE DU MARECH,47.11199,2.4177
201400020263,4,11,14,10,1,18,33,2,9,2,6,LAMARCK (BOULEVARD,47.08219,2.38926
201400020264,6,11,14,8,1,18,33,2,2,5,2,SANTOS-DUMONT (BOULEVARD,47.07038,2.38228
201400020265,10,11,14,8,1,18,33,2,1,1,2,"15, AUDOUX (rueMARGUERIT",47.07709,2.37773
201400020266,11,11,14,11,1,18,33,2,2,1,3,LAZENAY (RUE DE),47.06317,2.40018
201400020267,11,11,14,18,5,18,33,2,2,1,3,"165, DE GAULLE (AV DU GE",47.10387,2.40979
201400020268,13,11,14,14,1,18,33,2,3,1,5,REPUBLIQUE (BD DE LA),47.08873,2.39618
201400020269,15,11,14,15,1,18,213,2,1,3,1,RN 151,0.0,0.0
201400020270,18,11,14,12,1,18,33,2,2,3,3,SAINT-MICHEL (RTE,47.10007,2.41565
201400020271,20,11,14,19,5,18,33,2,1,1,6,"20, FOCH (BOULEVARD DU M",47.07681,2.40717
201400020272,1,12,14,8,1,18,33,2,1,2,6,"57, SERAUCOURT (RUE DE)",47.07626,2.40086
201400020273,10,12,14,16,2,18,33,2,6,2,6,MALRAUX (PLACE,0.0,0.0
201400020274,11,12,14,17,1,18,33,2,1,1,2,LATTRE DE TASSIGNY (AVEN,47.09777,2.41739
201400020275,18,12,14,8,2,18,33,2,2,2,6,MALLET (RUE LOUIS),47.07983,2.38193
201400020276,18,12,14,17,4,18,33,2,1,2,6,"43, PRES-LE-ROI (AVENUE",47.09337,2.38655
201400020277,22,1,14,9,1,83,91,2,1,1,1,la joselette,0.0,0.0
201400020278,24,1,14,11,1,83,49,1,1,1,2,,0.0,0.0
201400020279,25,1,14,9,1,83,100,2,1,1,7,177 rue de la liberation,0.0,0.0
201400020280,9,2,14,19,3,83,91,1,1,1,1,,0.0,0.0
201400020281,17,2,14,17,1,83,43,2,1,1,1,AVENUE CAMINAT,0.0,0.0
201400020282,24,2,14,10,1,83,33,2,2,1,6,2 rue Pierre Curie,0.0,0.0
201400020283,31,3,14,8,1,83,49,1,1,1,3,,0.0,0.0
201400020284,11,5,14,15,1,83,43,1,1,1,6,,0.0,0.0
201400020285,25,5,14,18,1,83,91,2,1,1,6,,0.0,0.0
201400020286,29,5,14,0,3,83,100,1,1,1,2,,0.0,0.0
201400020287,27,6,14,6,2,83,100,1,1,1,6,,0.0,0.0
201400020288,22,8,14,11,1,83,91,1,1,1,7,,0.0,0.0
201400020289,16,9,14,10,1,83,43,1,1,1,7,,0.0,0.0
201400020290,4,10,14,17,1,83,100,1,1,1,6,,0.0,0.0
201400020291,2,12,14,6,5,83,49,2,1,2,6,place pasteur,43.23788,6.0713
201400020292,5,12,14,14,1,83,49,1,1,2,5,,0.0,0.0
201400020293,10,12,14,6,5,83,91,2,1,1,6,Parking du DIXMUDE,0.0,0.0
201400020294,12,12,14,17,3,83,100,1,3,1,3,,0.0,0.0
201400020295,19,12,14,18,5,83,91,1,1,1,2,avenue des Poilus,0.0,0.0
201400020296,21,4,14,17,1,41,173,1,2,8,3,,47.886,1.531
201400020297,19,12,14,18,5,41,173,2,1,8,6,Avenue de Chanzy,47.911,1.531
201400020298,19,12,14,21,3,41,290,1,9,8,3,,47.724,1.154
201400020299,3,1,14,18,3,12,270,1,1,3,3,SENS SUD/NORD,44.315,3.09768
201400020300,8,9,14,12,1,12,270,1,1,1,7,,0.0,0.0
201400020301,5,12,14,17,1,12,270,1,1,4,3,,44.367,3.118
201400020302,11,3,14,3,3,58,67,1,1,1,7,,0.0,0.0
201400020303,23,5,14,15,1,58,248,2,1,1,1,,0.0,0.0
201400020304,25,7,14,22,1,58,86,1,1,1,2,,0.0,0.0
201400020305,2,8,14,23,3,58,164,1,1,8,6,,0.0,0.0
201400020306,5,8,14,11,1,58,164,1,1,1,5,,0.0,0.0
201400020307,28,3,14,19,2,71,4,1,1,1,3,,0.0,0.0
201400020308,16,2,14,15,1,36,33,1,1,1,2,,46.5113,1.50812
201400020309,14,3,14,17,1,36,134,1,1,1,6,,46.3811,1.4479
201400020310,25,3,14,0,3,36,6,1,1,2,6,,46.6023,1.49882
201400020311,11,4,14,23,3,36,150,1,1,1,2,,46.4468,1.48682
201400020312,15,5,14,11,1,36,101,1,1,1,6,,46.7144,1.59535
201400020313,4,7,14,10,1,36,150,1,1,3,6,,46.4513,1.49192
201400020314,15,7,14,16,1,36,200,1,1,1,6,,46.6166,1.53935
201400020315,19,8,14,22,3,36,239,1,1,1,6,,46.494,1.49877
201400020316,11,10,14,16,1,36,6,1,1,1,3,,46.5953,1.49945
201400020317,2,12,14,12,1,36,239,1,1,8,2,,46.4739,1.49769
201400020318,8,12,14,18,3,36,150,1,1,4,1,,46.4403,1.48191
201400020319,18,5,14,18,1,15,108,1,1,1,6,,44.946,3.2
201400020320,25,6,14,15,1,43,191,1,1,1,2,,45.3599,3.28113
201400020321,7,7,14,15,1,15,55,1,1,2,6,,45.104,3.13
201400020322,19,7,14,16,1,43,88,1,1,1,6,X,45.298,3.244
201400020323,22,4,14,12,1,63,52,1,1,1,6,,45.459,3.264
201400020324,18,5,14,15,1,63,121,1,1,1,6,,45.616,3.21
201400020325,10,7,14,16,1,63,178,1,1,2,6,,45.519,3.261
201400020326,20,7,14,6,2,63,241,1,1,3,2,,45.625,3.199
201400020327,7,9,14,19,2,63,241,1,1,1,7,,45.629,3.196
201400020328,22,9,14,10,1,63,54,1,1,1,6,,0.0,0.0
201400020329,5,11,14,5,3,63,178,1,1,2,7,,0.0,0.0
201400020330,19,12,14,21,3,63,31,1,1,1,6,,0.0,0.0
201400020331,3,3,14,15,1,87,20,1,1,3,6,,0.0,0.0
201400020332,20,7,14,17,1,87,3,1,1,3,3,,0.0,0.0
201400020333,27,8,14,12,1,87,183,1,1,1,7,,0.0,0.0
201400020334,5,9,14,10,1,87,14,1,1,1,7,,0.0,0.0
201400020335,9,9,14,11,1,87,14,1,1,1,7,,0.0,0.0
201400020336,5,10,14,17,1,87,47,1,1,1,1,,0.0,0.0
201400020337,16,10,14,11,1,87,14,1,1,1,3,,0.0,0.0
201400020338,30,12,14,13,1,87,122,1,1,8,4,,0.0,0.0
201400020339,1,1,14,2,3,34,123,1,1,2,6,,43.623,3.784
201400020340,30,12,14,6,3,34,196,1,1,6,6,,43.361,3.307
201400020341,19,1,14,23,3,34,282,1,1,2,2,,43.6284,3.69807
201400020342,10,3,14,7,1,34,194,1,1,1,6,,0.0,0.0
201400020343,13,6,14,20,1,34,300,1,1,1,5,,0.0,0.0
201400020344,23,7,14,17,1,34,196,1,9,1,6,,43.82113,3.31995
201400020345,27,7,14,15,1,34,282,1,1,1,6,,0.0,0.0
201400020346,31,7,14,14,1,34,79,1,1,1,6,,0.0,0.0
201400020347,10,8,14,0,3,34,16,1,1,1,3,,0.0,0.0
201400020348,18,8,14,7,1,34,79,1,1,7,4,,0.0,0.0
201400020349,21,8,14,20,2,34,32,1,1,1,6,,0.0,0.0
201400020350,26,8,14,11,1,34,79,1,1,1,2,,0.0,0.0
201400020351,4,9,14,16,1,34,199,1,1,1,6,,0.0,0.0
201400020352,13,9,14,6,5,34,142,1,1,1,6,,43.72776,3.32696
201400020353,30,9,14,8,1,34,163,1,1,1,6,,43.63259,3.73886
201400020354,4,10,14,14,1,34,300,1,1,1,5,,0.0,0.0
201400020355,21,10,14,16,1,34,163,1,1,1,6,,0.0,0.0
201400020356,27,10,14,22,3,34,123,1,1,1,6,,43.027,3.33
201400020357,14,11,14,18,3,34,282,1,1,3,2,,0.0,0.0
201400020358,5,1,14,6,3,48,32,1,1,4,7,,0.0,0.0
201400020359,12,6,14,13,1,48,17,1,1,1,7,,0.0,0.0
201400020360,27,7,14,8,1,48,99,1,1,1,3,,0.0,0.0
201400020361,28,7,14,10,1,48,17,1,1,1,2,,0.0,0.0
201400020362,13,9,14,6,1,48,5,1,1,1,6,,0.0,0.0
201400020363,16,10,14,8,1,48,5,1,1,2,6,,0.0,0.0
201400020364,24,11,14,2,3,48,5,1,1,1,7,,0.0,0.0
201400020365,26,12,14,7,2,48,99,1,1,1,2,,0.0,0.0
201400020366,10,1,14,8,2,80,397,1,1,1,7,,0.0,0.0
201400020367,28,2,14,20,3,80,402,1,1,4,1,,49.5874,4.49091
201400020368,26,4,14,9,1,80,395,1,1,1,6,,49.6981,4.69146
201400020369,7,6,14,11,2,80,503,1,1,1,6,,49.684,4.6694
201400020370,18,11,14,14,1,80,150,1,1,1,2,,49.5538,4.28325
201400020371,6,9,14,1,3,44,51,1,1,1,6,,0.0,0.0
201400020372,12,10,14,7,3,44,113,1,1,2,7,,0.0,0.0
201400020373,25,2,14,21,3,44,129,1,1,8,6,,0.0,0.0
201400020374,23,3,14,14,1,44,195,1,1,1,2,,0.0,0.0
201400020375,6,7,14,1,3,44,195,1,1,2,6,,0.0,0.0
201400020376,26,7,14,22,3,44,89,1,1,1,6,,0.0,0.0
201400020377,21,8,14,18,1,44,25,1,1,1,6,,0.0,0.0
201400020378,12,10,14,20,3,44,194,1,1,3,2,,0.0,0.0
201400020379,9,11,14,0,3,44,89,1,1,2,2,,0.0,0.0
201400020380,18,4,14,8,1,14,596,1,1,1,2,,0.0,0.0
201400020381,5,7,14,7,1,14,311,1,1,1,6,,0.0,0.0
201400020382,8,7,14,0,3,14,636,1,1,1,7,,49.021,-0.83996
201400020383,23,7,14,10,1,14,374,1,1,5,5,A84 LES LOGES,49.0387,-0.80645
201400020384,22,8,14,16,1,14,738,1,1,1,4,,49.1643,-0.43597
201400020385,26,9,14,9,1,14,752,1,1,7,5,A 84,49.0748,-0.64384
201400020386,20,11,14,18,3,14,636,1,1,1,2,,49.0199,-0.84196
201400020387,29,11,14,21,3,14,449,1,1,1,7,,49.1007,-0.61335
201400020388,3,3,14,15,1,50,407,1,1,3,6,,48.6166,-1.33454
201400020389,11,4,14,16,1,50,616,1,1,1,7,,48.6703,-1.37267
201400020390,15,6,14,14,1,14,513,1,1,1,6,,0.0,0.0
201400020391,21,7,14,7,1,50,607,1,1,1,7,,48.8017,-1.26199
201400020392,9,8,14,7,2,50,48,1,1,1,7,,48.861,-1.19847
201400020393,7,10,14,16,1,50,71,1,1,1,2,,48.7584,-1.27856
201400020394,8,10,14,21,3,50,407,1,1,1,1,,48.6038,-1.33256
201400020395,16,10,14,15,1,50,411,1,1,1,7,,48.7074,-1.33373
201400020396,3,1,14,18,3,50,615,1,1,1,2,,49.5163,-1.49644
201400020397,10,2,14,16,1,50,578,1,1,1,1,,49.4953,-1.42381
201400020398,19,8,14,15,1,50,498,1,1,1,6,,0.0,0.0
201400020399,24,9,14,11,1,50,172,1,1,1,2,,49.4546,-1.35299
201400020400,21,11,14,10,1,50,194,1,1,1,3,,49.4425,-1.34377
201400020401,3,1,14,16,1,18,279,2,2,1,3,MANHES (RUE DU COLONEL),47.22417,2.0771
201400020402,10,1,14,10,1,18,279,2,1,1,3,BRASSENS (SQUARE),47.20156,2.07749
201400020403,2,2,14,16,1,18,279,2,1,1,7,CHAILLOT (AVENUE DE),47.19897,2.08656
201400020404,14,2,14,9,1,18,279,2,2,2,3,TRAMWAYS DE L'INDRE/ripa,47.21367,2.05845
201400020405,11,3,14,11,1,18,279,2,1,1,2,FOECY (ROUTE DE),47.21061,2.10117
201400020406,21,3,14,17,1,18,279,1,1,1,1,RD 2020,47.25247,2.06027
201400020407,1,4,14,17,1,18,279,2,3,1,3,BASSIN (QUAI DU),47.22041,2.06794
201400020408,2,4,14,16,1,18,279,2,1,1,6,BARON (RUE BLANCHE),47.22287,2.06591
201400020409,4,4,14,16,1,18,279,2,1,2,6,NEUVY (ROUTE DE),47.24735,2.09633
201400020410,9,4,14,17,1,18,279,2,1,1,6,REPUBLIQUE (AVENUE DE LA,47.22355,2.06474
201400020411,12,4,14,19,1,18,279,2,1,1,6,MERIGOT (RUE LEO ),47.22949,2.05033
201400020412,22,4,14,10,1,18,279,2,3,1,3,VAILLANT (AVENUE EDOUARD,47.24015,2.06079
201400020413,15,5,14,17,1,18,279,2,1,1,6,MARS 1962 (AVE DU 19),47.23946,2.09129
201400020414,17,5,14,18,1,18,279,2,1,1,4,MARCEL (RUE ETIENNE),47.21793,2.0973
201400020415,6,6,14,18,1,18,279,1,2,1,3,RD 926,0.0,0.0
201400020416,16,6,14,16,1,18,279,2,3,1,3,GOURDON (RUE),47.22418,2.0687
201400020417,13,6,14,11,1,18,279,2,1,1,1,VAILLANT (AVENUE EDOUARD,47.22982,2.06112
201400020418,19,6,14,17,1,18,279,2,3,1,3,RUE DU TRAVAIL,47.23244,2.04392
201400020419,7,7,14,9,1,18,279,2,1,1,3,"24, VAILLANT (AVENUE EDO",47.23135,2.06112
201400020420,17,7,14,17,1,18,279,2,2,1,2,ROUX (RUE DU DOCTEUR),47.22421,2.06877
201400020421,19,7,14,2,5,18,279,2,2,1,3,REPUBLIQUE (AVENUE DE LA,47.22299,2.06599
201400020422,22,7,14,8,1,18,279,2,2,1,3,JAURES (RUE JEAN ),47.23015,2.04902
201400020423,8,8,14,16,1,18,279,2,1,1,6,MARCEL (RUE ETIENNE),47.21708,2.10115
201400020424,6,9,14,19,1,18,279,2,1,1,2,MARCEL (RUE ETIENNE),47.21753,2.09983
201400020425,8,9,14,10,1,18,279,2,3,1,3,RECHIGNARDES (CHEMIN DES,47.23166,2.07799
201400020426,10,9,14,19,1,18,279,2,2,1,6,REPUBLIQUE (AVENUE DE LA,47.22241,2.06725
201400020427,13,9,14,12,1,18,279,1,3,1,3,D 926,47.24392,2.08436
201400020428,17,9,14,12,1,18,279,2,1,1,6,"81, PONTS ( RUE DES )",47.21657,2.0653
201400020429,17,9,14,16,1,18,279,2,1,1,3,parking hypermarche L.,0.0,0.0
201400020430,19,9,14,16,1,18,279,2,1,1,3,parking carrefour market,47.2218,2.0653
201400020431,24,9,14,15,1,18,279,2,3,1,3,BRINAY (ROUTE DE),47.08066,2.40682
201400020432,11,10,14,19,5,18,279,2,2,1,4,CLEMENT J.B rue berteau,47.23413,2.0784
201400020433,31,10,14,13,1,18,279,2,1,1,6,YEVRE (QUAI D'),47.21919,2.06364
201400020434,5,11,14,16,1,18,279,2,2,1,6,JAURES (RUE JEAN ),47.23017,2.04903
201400020435,8,11,14,16,1,18,279,2,1,1,6,"184, PUITS BERTEAU (CITE",47.23965,2.06304
201400020436,10,11,14,5,5,18,279,1,6,5,7,CD 926,47.24543,2.07617
201400020437,12,11,14,15,1,18,279,2,1,1,2,MOUTON (RUE DU ),47.231,2.08136
201400020438,13,11,14,9,1,18,279,2,1,1,6,"92,RUE FELIX PYAT",47.22732,2.08748
201400020439,15,11,14,11,1,18,279,2,2,1,3,MOUTON (RUE DU ),47.23026,2.08827
201400020440,23,11,14,19,5,18,279,2,1,1,1,"122, VAILLANT (AVENUE ED",47.23921,2.06083
201400020441,24,11,14,23,5,18,279,2,1,1,1,TOURS (ROUTE DE),47.23855,2.02989
201400020442,25,11,14,12,1,18,279,2,2,2,3,BLANC (RUE DU CHEMIN),47.20646,2.05622
201400020443,28,11,14,15,1,18,279,2,9,1,6,BLANQUI (RUE) pa Hopital,47.22757,2.05085
201400020444,1,12,14,11,1,18,279,2,3,8,3,PONTS ( RUE DES ),47.21677,2.06538
201400020445,3,12,14,16,2,18,279,2,1,2,3,MITTERRAND ( RUE FRANCOI,47.21885,2.06054
201400020446,10,12,14,20,5,18,279,2,1,2,6,QUINET (RUE EDGARD,47.22425,2.06656
201400020447,30,12,14,9,1,18,279,2,1,1,6,PUITS BERTEAU (CITE DU C,47.23744,2.07098
201400020448,10,1,14,18,1,44,51,1,4,1,7,,0.0,0.0
201400020449,17,1,14,17,1,44,113,1,1,1,6,la villatte,0.0,0.0
201400020450,27,2,14,13,1,44,105,1,1,1,6,villerbray,0.0,0.0
201400020451,6,2,14,15,1,72,213,1,1,1,1,,0.0,0.0
201400020452,8,2,14,15,1,72,350,1,1,8,5,,0.0,0.0
201400020453,3,5,14,19,1,72,287,1,1,1,7,,0.0,0.0
201400020454,23,8,14,12,1,72,124,2,1,1,1,63 route du mans,0.0,0.0
201400020455,27,1,14,13,1,72,306,1,1,1,6,,0.0,0.0
201400020456,14,3,14,16,1,72,8,2,2,1,3,avenue de lla libert?,0.0,0.0
201400020457,16,4,14,9,1,72,124,2,1,1,6,,0.0,0.0
201400020458,24,4,14,16,1,72,213,1,1,1,1,,0.0,0.0
201400020459,2,5,14,22,2,72,58,1,1,1,3,,0.0,0.0
201400020460,14,6,14,8,1,72,187,1,1,7,1,,0.0,0.0
201400020461,12,6,14,19,1,72,200,1,2,1,3,,0.0,0.0
201400020462,21,6,14,19,1,72,124,1,1,1,5,,0.0,0.0
201400020463,4,7,14,19,1,72,213,1,2,1,3,,0.0,0.0
201400020464,4,8,14,22,3,72,8,1,1,1,3,,0.0,0.0
201400020465,30,10,14,11,2,72,350,1,1,1,1,,0.0,0.0
201400020466,9,11,14,3,3,72,260,2,1,1,6,route de brette les pins,0.0,0.0
201400020467,22,11,14,13,1,72,260,2,1,1,5,D 140 ter,0.0,0.0
201400020468,12,1,14,16,1,65,285,2,2,1,3,rue du midi,43.29986,0.15502
201400020469,16,1,14,19,3,83,19,2,1,2,1,RN 98,0.0,0.0
201400020470,29,1,14,7,2,83,70,2,1,3,3,avenue de provence,0.0,0.0
201400020471,27,4,14,9,1,83,70,2,1,1,7,AVENUE MARECHAL JUIN,43.13617,6.35935
201400020472,4,5,14,21,5,83,19,2,1,1,7,rue des dionnees,0.0,0.0
201400020473,8,5,14,9,1,83,19,2,1,1,1,ROUTE DE BENAT,0.0,0.0
201400020474,8,5,14,17,1,83,70,1,1,1,6,,0.0,0.0
201400020475,10,5,14,17,1,83,19,2,3,1,3,chemin de benat,43.13821,6.34634
201400020476,23,5,14,13,1,83,19,2,3,1,5,route de Benat,0.0,0.0
201400020477,29,5,14,16,1,83,70,1,1,1,3,,0.0,0.0
201400020478,20,6,14,3,5,83,70,1,1,1,6,,0.0,0.0
201400020479,25,6,14,12,1,83,19,1,1,1,1,,0.0,0.0
201400020480,15,7,14,8,1,83,19,2,1,1,1,avenue lou mistraou,0.0,0.0
201400020481,21,7,14,19,1,83,70,2,1,1,3,avenue vincent AURIOL,0.0,0.0
201400020482,25,8,14,5,5,83,70,2,1,1,6,20 Avenue Paul Valery,43.13858,6.36242
201400020483,24,8,14,18,1,83,19,2,1,1,6,la verrerie,0.0,0.0
201400020484,8,12,14,15,1,83,70,2,1,1,6,Avenue du Levant,0.0,0.0
201400020485,14,12,14,4,5,83,70,2,1,1,1,cd 559,0.0,0.0
201400020486,12,1,14,15,1,60,552,1,1,1,3,,0.0,0.0
201400020487,28,1,14,17,2,60,479,1,1,1,1,,0.0,0.0
201400020488,18,2,14,7,1,60,176,2,1,1,1,route de Soissons,0.0,0.0
201400020489,13,5,14,17,1,60,672,2,3,1,3,cote de vez,0.0,0.0
201400020490,27,7,14,17,1,60,176,2,1,1,1,rue henri laroche,0.0,0.0
201400020491,10,8,14,5,5,60,83,2,1,8,6,324 route de CREPY,0.0,0.0
201400020492,10,8,14,23,3,60,380,2,1,1,7,rue de la fontaine,0.0,0.0
201400020493,2,9,14,8,1,60,203,2,1,1,6,RD 1324,0.0,0.0
201400020494,3,9,14,9,3,60,479,2,1,1,7,grande rue,0.0,0.0
201400020495,27,9,14,13,1,60,69,1,1,1,3,,0.0,0.0
201400020496,13,10,14,21,3,60,176,1,1,1,6,,0.0,0.0
201400020497,14,10,14,18,1,60,231,2,1,1,6,01 rue de l'eglise,0.0,0.0
201400020498,3,11,14,11,1,60,69,1,1,1,6,,0.0,0.0
201400020499,22,11,14,19,5,60,176,1,1,1,3,,0.0,0.0
201400020500,15,1,14,14,1,91,340,1,1,2,1,D153,0.0,0.0
201400020501,1,2,14,2,5,91,340,2,1,2,1,rue de paris,0.0,0.0
201400020502,9,2,14,9,3,91,340,2,1,1,1,CD153,0.0,0.0
201400020503,21,8,14,6,2,91,648,1,1,1,2,D26,0.0,0.0
201400020504,5,9,14,15,1,91,340,2,1,1,1,avenue des parcs,0.0,0.0
201400020505,28,9,14,12,1,91,648,1,1,1,2,D31,0.0,0.0
201400020506,13,10,14,13,1,91,340,2,7,1,3,rue du bois chaland,0.0,0.0
201400020507,21,10,14,17,2,91,648,1,1,8,3,RD 31,0.0,0.0
201400020508,7,1,14,8,2,19,31,2,1,1,6,QUATRE JUILLET 1776 (AVE,45.1592,1.47621
201400020509,9,1,14,11,1,19,31,2,1,1,6,"40, VOLTAIRE (BOULEVARD)",45.1599,1.54072
201400020510,10,1,14,6,5,19,31,2,2,1,3,DE JOUVENEL (BOULEVARD H,45.1574,1.52379
201400020511,10,1,14,17,1,19,31,2,1,1,3,DE JOUVENEL (BOULEVARD H,45.1591,1.52344
201400020512,20,1,14,17,1,19,31,2,1,3,6,VERLHAC (BOULEVARD DOCTE,45.1678,1.53286
201400020513,21,1,14,7,2,19,31,2,2,1,6,"127, RIBOT (AVENUE)",45.1647,1.50735
201400020514,21,1,14,13,1,19,31,2,2,1,6,DELMAS (RUE FERNAND),45.1593,1.53056
201400020515,24,1,14,16,1,19,31,2,3,3,3,EMERY (AVENUE ANDRE),45.1578,1.5111
201400020516,25,1,14,18,5,19,31,2,3,2,6,"04, YERNAUX (RUE JOSEPH)",45.1483,1.50923
201400020517,30,1,14,18,5,19,31,2,1,2,6,"3, THIERS (PLACE)",45.1565,1.53352
201400020518,3,2,14,13,1,19,31,2,1,1,3,"18, VERLHAC (BOULEVARD D",45.1682,1.5367
201400020519,4,2,14,17,1,19,31,2,1,1,3,"2, DE JOUVENEL (BOULEVAR",45.1577,1.52369
201400020520,4,2,14,18,5,19,31,2,3,1,3,PASTEUR (AVENUE),45.1659,1.53181
201400020521,18,2,14,17,1,19,31,2,1,1,6,"22, FOCH (AVENUE MARECHA",45.1628,1.53669
201400020522,22,2,14,13,1,19,31,2,1,1,2,KOENIG (BOULEVARD GENERA,45.1593,1.53064
201400020523,22,2,14,14,1,19,31,2,1,1,3,"100, RIBOT (AVENUE)",45.1647,1.50903
201400020524,23,2,14,15,1,19,31,2,1,1,2,"103, RIBOT (AVENUE)",45.1647,1.50872
201400020525,3,3,14,17,1,19,31,2,3,2,3,ROYER (BOULEVARD GONTRAN,45.1669,1.52321
201400020526,4,3,14,15,1,19,31,2,3,1,3,DUBOUSQUET LABORDERIE (R,45.162,1.53108
201400020527,9,3,14,7,2,19,31,2,2,1,1,DUBOIS (BOULEVARD CARDIN,45.1631,1.54063
201400020528,10,3,14,17,1,19,31,2,1,1,2,MALRAUX (AVENUE ANDRE),45.1647,1.49797