Num_Acc,jour,mois,an,hr,condition_eclairage,departement,commune,condition_agglomeration,intersection,condition_atmosphere,type_collision,adresse,lattitude,longitude
201400020529,11,3,14,18,1,19,31,2,1,1,6,"141, KENNEDY (AVENUE JOH",45.1676,1.55093
201400020530,14,3,14,14,1,19,31,2,6,1,3,CARIVEN (CARREFOUR),45.165,1.53208
201400020531,14,3,14,17,1,19,31,2,1,1,3,CHAUMEIL (RUE PIERRE),45.1547,1.4983
201400020532,19,3,14,12,1,19,31,2,1,1,6,GRIVEL (BOULEVARD AMIRAL,45.1543,1.53835
201400020533,4,4,14,7,2,19,31,2,2,2,3,FRANKLIN (RUE BENJAMIN),45.164,1.51246
201400020534,5,4,14,14,1,19,31,2,1,1,2,MALRAUX (AVENUE ANDRE),45.1643,1.49212
201400020535,6,4,14,17,1,19,31,2,1,1,6,"21, DOUMER (AVENUE PAUL)",45.166,1.51895
201400020536,8,4,14,8,1,19,31,2,1,1,6,"149, RIBOT (AVENUE)",45.1647,1.50313
201400020537,8,4,14,12,1,19,31,2,2,1,3,TREILHARD (AVENUE),45.1553,1.52999
201400020538,9,4,14,12,1,19,31,2,3,1,3,MOULIN (BOULEVARD JEAN),45.1613,1.50318
201400020539,11,4,14,23,5,19,31,2,2,1,3,ROUSSEAU (AVENUE JEAN JA,45.1526,1.51977
201400020540,15,4,14,9,1,19,31,2,1,1,6,"11, PARIS (AVENUE DE)",45.1633,1.5324
201400020541,16,4,14,18,1,19,31,2,1,1,6,ALVITRE (AVENUE ABBE),45.1529,1.50702
201400020542,19,4,14,17,1,19,31,2,2,1,4,MIRABEAU (BOULEVARD) COT,45.1627,1.52277
201400020543,19,4,14,18,1,19,31,2,2,1,3,MOULIN (BOULEVARD JEAN),45.1631,1.50279
201400020544,30,4,14,9,1,19,31,2,1,1,6,FOCH (AVENUE MARECHAL),45.1625,1.53641
201400020545,30,4,14,12,1,19,31,2,1,1,6,"39 BIS, RIBOT (AVENUE)",45.1648,1.51664
201400020546,5,5,14,7,1,19,31,2,2,1,3,LAGRANGE (AVENUE LEO),45.159,1.54057
201400020547,18,5,14,5,3,19,31,1,1,1,7,MEYSSAC (ROUTE DE),45.1276,1.55402
201400020548,19,5,14,16,1,19,31,2,1,1,3,PRINTEMPS (AVENUE DU),45.1693,1.52836
201400020549,21,5,14,8,1,19,31,2,1,2,2,9 SEMARD (AVENUE PIERRE,45.1572,1.52303
201400020550,21,5,14,18,1,19,31,2,6,3,3,CARIVEN (CARREFOUR),45.165,1.53205
201400020551,28,5,14,21,1,19,31,2,1,1,3,ALSACE LORRAINE (AVENUE),45.1533,1.53933
201400020552,2,6,14,9,1,19,31,2,2,1,3,KOENIG (BOULEVARD GENERA,45.1613,1.53282
201400020553,9,6,14,10,1,19,31,2,1,1,6,"50TER, POMPIDOU (AVENUE",45.1576,1.54038
201400020554,11,6,14,12,1,19,31,2,3,1,3,RIVET (AVENUE JEAN CHARL,45.1496,1.49419
201400020555,11,6,14,17,1,19,31,2,2,1,3,"172, RIBOT (AVENUE)",45.1647,1.50253
201400020556,11,6,14,19,1,19,31,2,1,1,4,"31, BOURLIAGUET (RUE LEO",45.1453,1.49796
201400020557,12,6,14,17,1,19,31,2,1,1,2,COURBET (RUE GUSTAVE),45.1507,1.49349
201400020558,17,6,14,12,1,19,31,2,1,1,2,"11, GRIVEL (BOULEVARD AM",45.155,1.53921
201400020559,18,6,14,19,1,19,31,2,1,1,3,"29, MAILLARD (AVENUE)",45.1653,1.53586
201400020560,22,6,14,4,5,19,31,2,1,1,6,"56, MUSSET (RUE ALFRED D",45.1625,1.52457
201400020561,27,6,14,23,5,19,31,2,1,1,2,"136, SEMARD AVENUE PIER",45.1565,1.51879
201400020562,2,7,14,15,1,19,31,2,2,1,3,EMERY (AVENUE ANDRE),45.1606,1.50331
201400020563,2,7,14,19,1,19,31,2,2,1,3,MUSSET (RUE ALFRED DE),45.1623,1.52642
201400020564,7,7,14,18,1,19,31,2,1,1,3,DIX HUIT JUIN 1940 (AVEN,45.1582,1.49427
201400020565,15,7,14,8,1,19,31,2,3,1,6,MOISSINAC (RUE XAVIER),45.1648,1.5173
201400020566,15,7,14,22,5,19,31,2,1,1,7,"52, GUYNEMER (AVENUE)",45.151,1.51136
201400020567,16,7,14,16,1,19,31,2,2,1,3,DELESSERT (RUE BENJAMIN),45.1631,1.54056
201400020568,17,7,14,16,1,19,31,2,3,1,3,DELMAS (RUE FERNAND),45.16,1.52758
201400020569,26,7,14,22,5,19,31,2,2,1,3,MICHELET (AVENUE EDMOND),45.1507,1.53176
201400020570,31,7,14,20,1,19,31,2,1,1,2,GUYNEMER (AVENUE),45.1509,1.50794
201400020571,1,8,14,15,1,19,31,2,1,1,6,ESTIENNE D'ORVES (BD),45.1655,1.52046
201400020572,4,8,14,20,1,19,31,2,2,1,3,LAGRANGE (AVENUE LEO),45.1605,1.54076
201400020573,12,8,14,10,1,19,31,2,1,1,7,"71, COSNAC (RUE DANIEL D",45.1502,1.5636
201400020574,17,8,14,23,5,19,31,2,1,1,6,ROCHE (RUE MARCELIN),45.1652,1.52883
201400020575,26,8,14,12,1,19,31,2,1,1,4,RIVET (AVENUE JEAN CHARL,45.1497,1.49478
201400020576,28,8,14,8,1,19,31,2,2,1,6,VOLTAIRE (BOULEVARD),45.159,1.54058
201400020577,29,8,14,8,2,19,31,2,2,2,3,MAILLARD (AVENUE),45.1574,1.52377
201400020578,31,8,14,9,1,19,31,2,1,1,3,"71, TURGOT (AVENUE)",45.1661,1.52432
201400020579,31,8,14,17,1,19,31,2,1,1,6,"18, VERLHAC (BOULEVARD D",45.1681,1.53588
201400020580,1,9,14,8,1,19,31,2,3,1,3,BLUM (AVENUE LEON),45.152,1.53248
201400020581,4,9,14,13,1,19,31,2,1,1,2,ALVITRE (AVENUE ABBE),45.1516,1.5019
201400020582,6,9,14,11,1,19,31,2,1,1,2,"35, MAILLARD (AVENUE)",45.1654,1.53639
201400020583,7,9,14,11,1,19,31,2,1,1,6,ROCHE (RUE MARCELIN),45.1643,1.52162
201400020584,10,9,14,13,1,19,31,2,1,1,3,RIBOT (AVENUE),45.1653,1.52014
201400020585,12,9,14,7,2,19,31,2,3,7,3,CHAUMEIL (RUE PIERRE),45.1559,1.50179
201400020586,12,9,14,12,1,19,31,2,1,1,2,"34, ROOSEVELT (AVENUE DU",45.1587,1.52838
201400020587,14,9,14,23,5,19,31,2,1,1,6,"20, FERRY (BOULEVARD JUL",45.1573,1.53592
201400020588,16,9,14,7,1,19,31,2,3,1,3,"12, SEMARD (AVENUE PIERR",45.157,1.52201
201400020589,16,9,14,9,1,19,31,2,1,1,2,"12, PAINLEVE (BOULEVARD",45.168,1.53892
201400020590,17,9,14,17,1,19,31,2,1,1,4,HUIT MAI 1945 (AVENUE DU,45.164,1.55214
201400020591,19,9,14,18,1,19,31,2,1,1,2,"04, TURGOT (AVENUE)",45.1652,1.5315
201400020592,19,9,14,20,5,19,31,2,6,1,3,CARIVEN (CARREFOUR),45.1651,1.53225
201400020593,22,9,14,15,1,19,31,2,1,1,3,"26, RIVET (AVENUE JEAN C",45.1504,1.49731
201400020594,24,9,14,18,1,19,31,2,1,1,3,"36, ALSACE LORRAINE (AVE",45.1531,1.53947
201400020595,26,9,14,9,1,19,31,1,6,1,6,COMTE (RUE ERNEST),45.1555,1.48066
201400020596,3,10,14,16,1,19,31,2,1,1,4,"1, RIVET (AVENUE JEAN CH",45.1515,1.50126
201400020597,5,10,14,10,1,19,31,2,1,2,2,MARBEAU (BOULEVARD DU DO,45.1548,1.52858
201400020598,6,10,14,19,5,19,31,2,3,3,3,"125, POMPIDOU (AVENUE GE",45.1579,1.55003
201400020599,9,10,14,10,1,19,31,2,1,3,6,"1, GAMBETTA (RUE)",45.1587,1.53385
201400020600,11,10,14,3,5,19,31,2,1,1,1,"10, BUGEAUD (AVENUE MARE",45.1605,1.53722
201400020601,13,10,14,11,1,19,31,2,1,1,4,SEMARD (AVENUE PIERRE) A,45.1555,1.51637
201400020602,14,10,14,7,1,19,31,2,3,1,3,SEMARD (AVENUE PIERRE) A,45.1544,1.51222
201400020603,17,10,14,17,1,19,31,2,1,1,6,VEZERE (ROND POINT DE LA,45.1466,1.48341
201400020604,18,10,14,10,1,19,31,2,1,1,1,SAINT SIMON (RUE),45.143,1.49557
201400020605,18,10,14,10,1,19,31,2,3,1,3,RIBOT (AVENUE),45.1647,1.50465
201400020606,20,10,14,11,1,19,31,2,1,1,3,RIBOT (AVENUE),45.1646,1.5028
201400020607,23,10,14,18,1,19,31,2,1,1,4,RIVET (AVENUE JEAN CHARL,45.1507,1.49834
201400020608,24,10,14,13,1,19,31,2,1,1,1,LECORNU (RUE LEON),45.1531,1.56389
201400020609,24,10,14,14,1,19,31,2,3,1,3,MOULIN (BOULEVARD JEAN),45.1613,1.50314
201400020610,26,10,14,21,5,19,31,2,1,1,2,"13, ALSACE LORRAINE (AVE",45.1565,1.53635
201400020611,27,10,14,15,1,19,31,2,1,1,2,"23, PARIS (AVENUE DE)",45.1629,1.53248
201400020612,28,10,14,8,1,19,31,2,1,1,2,BRUNE (BOULEVARD),45.1533,1.53371
201400020613,30,10,14,11,1,19,31,2,1,1,1,QUATORZE JUILLET (AVENUE,45.1625,1.53263
201400020614,30,10,14,12,1,19,31,2,1,1,2,"140, POMPIDOU (AVENUE GE",45.1579,1.55229
201400020615,3,11,14,12,1,19,31,2,1,1,3,"11, ALLARD (AVENUE ADRIE",45.1621,1.52104
201400020616,4,11,14,10,1,19,31,2,5,1,3,CARIVEN (CARREFOUR),45.1651,1.53209
201400020617,4,11,14,16,1,19,31,2,3,1,3,"142, QUEUILLE (AVENUE HE",45.1777,1.52771
201400020618,6,11,14,16,1,19,31,2,1,1,3,"24, MELITOPOL (AVENUE DE",45.1609,1.51531
201400020619,7,11,14,15,1,19,31,2,1,1,7,MICHELET (BOULEVARD),45.1651,1.54118
201400020620,10,11,14,15,1,19,31,2,1,1,2,"42, SEMARD (AVENUE PIERR",45.1565,1.5201
201400020621,10,11,14,21,5,19,31,2,1,9,6,"32, ZOLA (AVENUE EMILE)",45.1564,1.52648
201400020622,11,11,14,14,1,19,31,2,6,9,6,MENDES FRANCE (AVENUE PI,45.1444,1.47502
201400020623,12,11,14,18,5,19,31,2,3,1,3,RIBOT (AVENUE),45.1646,1.5028
201400020624,17,11,14,16,1,19,31,2,1,2,2,CHAUMEIL (RUE PIERRE),45.1565,1.50417
201400020625,17,11,14,19,5,19,31,2,2,1,3,GRIVEL (BOULEVARD AMIRAL,45.1543,1.53838
201400020626,19,11,14,13,1,19,31,2,1,1,2,SEMARD (AVENUE PIERRE) A,45.1559,1.51797
201400020627,21,11,14,8,1,19,31,2,1,1,6,VAUBAN (RUE),45.1483,1.51348
201400020628,21,11,14,12,1,19,31,2,2,1,3,EMERY (AVENUE ANDRE),45.1582,1.50955
201400020629,25,11,14,18,5,19,31,2,2,2,3,MICHELET (AVENUE EDMOND),45.1507,1.53173
201400020630,1,12,14,11,1,19,31,2,3,1,3,"1, LAGRANGE (AVENUE LEO)",45.159,1.54076
201400020631,3,12,14,13,1,19,31,2,1,1,7,"82, ILE DU ROI (RUE)",45.1618,1.51438
201400020632,6,12,14,17,5,19,31,2,3,1,3,ROYER (BOULEVARD GONTRAN,45.1669,1.52317
201400020633,8,12,14,7,2,19,31,2,2,1,3,VOLTAIRE (BOULEVARD),45.1576,1.54032
201400020634,9,12,14,15,1,19,31,2,1,1,2,QUINZE AOUT (PLACE DU ),45.1606,1.53023
201400020635,9,12,14,17,5,19,31,2,1,1,7,"18, HOTEL DE VILLE (RUE",45.1571,1.53165
201400020636,17,12,14,12,1,19,31,2,3,2,2,SELVA (RUE BLANCHE),45.1691,1.51174
201400020637,19,12,14,19,5,19,31,2,1,2,3,"76, ZOLA (AVENUE EMILE)",45.1551,1.52274
201400020638,20,12,14,19,5,19,31,2,3,1,3,KENNEDY (AVENUE JOHN),45.1665,1.54365
201400020639,22,12,14,18,5,19,31,2,1,1,2,"10, VOLTAIRE (BOULEVARD)",45.1594,1.54095
201400020640,24,12,14,17,5,19,31,2,1,1,6,HOTEL DE VILLE (RUE DE L,45.1574,1.53198
201400020641,25,12,14,18,5,19,31,2,1,1,3,DUBOIS (BOULEVARD CARDIN,45.1662,1.52031
201400020642,3,8,14,16,1,59,309,1,1,1,1,Rue des Moeres,50.98281,2.57469
201400020643,3,9,14,17,1,59,605,1,1,1,3,,0.0,0.0
201400020644,8,1,14,10,1,59,641,1,1,2,7,Route d'Hondschoote,50.9645,2.48494
201400020645,14,4,14,21,3,59,260,1,1,1,6,,0.0,0.0
201400020646,11,6,14,11,1,59,641,1,1,1,6,,0.0,0.0
201400020647,14,7,14,19,1,59,46,2,1,1,1,rue principale,0.0,0.0
201400020648,26,7,14,13,1,59,309,1,1,1,7,,0.0,0.0
201400020649,30,8,14,18,1,59,641,1,1,1,5,,0.0,0.0
201400020650,10,10,14,1,3,59,641,1,9,1,7,,0.0,0.0
201400020651,31,10,14,12,5,59,107,2,1,1,3,RUE PIERRE DECOCK,0.0,0.0
201400020652,4,11,14,20,5,59,107,2,9,1,6,Bd du General de Gaulle,0.0,0.0
201400020653,21,12,14,10,1,59,641,1,1,1,6,,0.0,0.0
201400020654,10,1,14,15,1,19,272,2,1,1,6,"36 BIS, BALUZE (QUAI)",45.2695,1.77316
201400020655,29,1,14,10,1,19,272,2,1,2,6,FOIRAIL (PLACE),45.2525,1.76096
201400020656,3,2,14,10,1,19,272,2,1,1,6,"0, RIGNY (QUAI)",45.2642,1.76349
201400020657,12,3,14,13,1,19,272,2,1,1,2,"78, VICTOR HUGO (RUE)",45.2625,1.76101
201400020658,23,3,14,14,1,19,272,2,1,1,5,"1, REPUBLIQUE (QUAI)",45.2655,1.77
201400020659,1,4,14,10,1,19,272,2,1,1,6,"23, VICTOR HUGO (RUE)",45.2633,1.76342
201400020660,8,4,14,7,1,19,272,2,1,1,3,"53, MARTYRS (RUE)",45.2605,1.74806
201400020661,7,5,14,15,1,19,272,2,1,1,5,"7, RIGNY (QUAI)",45.2637,1.76224
201400020662,17,5,14,16,1,19,272,2,1,7,6,FOIRAIL (PLACE),45.2521,1.76259
201400020663,25,8,14,10,1,19,272,1,1,1,3,RD89,45.2802,1.79398
201400020664,14,9,14,12,1,19,272,2,1,1,7,MARTYRS (RUE),45.2593,1.7522
201400020665,14,10,14,17,1,19,272,2,1,1,6,"3, TULIPES (IMPASSE)",45.2777,1.76437
201400020666,1,11,14,2,5,19,272,2,6,1,6,BASTILLE (AV),45.2705,1.77481
201400020667,16,11,14,12,1,19,272,1,1,8,7,EVARISTE GALLOIS (AVENUE,45.2801,1.79289
201400020668,12,1,14,11,1,19,275,2,1,1,1,"60, LECLERC (AVENUE DU G",45.5581,2.30162
201400020669,5,4,14,10,1,19,275,2,1,1,6,"1, GRAMMONT (RUE DE)",45.5537,2.31817
201400020670,28,5,14,10,1,19,275,1,1,1,7,R.D. 982 SUD,45.5262,2.30471
201400020671,15,7,14,19,1,19,275,2,3,1,3,"22, PEUPLIERS (RUE DES)",45.5558,2.31195
201400020672,31,8,14,16,1,19,275,2,1,1,6,"25, LECLERC (AVENUE DU G",45.5557,2.30226
201400020673,10,10,14,17,1,19,275,2,1,3,6,RD 1089 SUD,45.5742,2.35145
201400020674,31,7,14,17,1,19,275,2,1,1,3,"90, LECLERC (AVENUE DU G",45.56223,2.30032
201400020675,7,12,14,2,5,19,275,1,1,2,6,RD 1089 NORD,45.5722,2.33437
201400020676,20,12,14,21,5,19,275,2,9,1,2,"25, GOUDOUNECHE (BD DU D",45.5476,2.31399
201400020677,23,12,14,16,1,19,275,2,1,1,6,ALSACE-LORRAINE (PLACE),45.5465,2.30848
201400020678,9,4,14,16,1,68,15,2,2,1,3,Rue de l'Eglise,47.79846,7.3792
201400020679,1,7,14,17,1,68,300,2,3,1,3,rue du général de Gaulle,47.77556,7.37952
201400020680,14,7,14,15,1,68,22,2,1,1,3,cd 201,47.82745,7.38105
201400020681,21,11,14,13,1,68,300,1,1,1,6,,47.78057,7.41909
201400020682,30,12,14,12,1,68,20,1,1,4,6,,47.8153,7.51058
201400020683,9,4,14,7,2,21,54,2,1,1,6,"5, CHASSEURS (RUE DU 16",0.0,0.0
201400020684,22,5,14,18,1,21,54,2,1,1,2,"2, PASTEUR (RUE)",0.0,0.0
201400020685,12,5,14,19,1,21,54,2,3,1,3,MAUCHAMP (RUE MAURICE),0.0,0.0
201400020686,2,6,14,10,1,21,54,2,2,1,3,"0, CHOREY (RUE DE)",0.0,0.0
201400020687,17,6,14,4,5,21,54,2,2,1,3,"0, SAVIGNY (ROUTE DE)",0.0,0.0
201400020688,26,6,14,8,1,21,54,2,1,1,7,"6, HUIT SEPTEMBRE (AVENU",0.0,0.0
201400020689,25,8,14,19,1,21,54,2,2,1,2,LAC (AVENUE DU),0.0,0.0
201400020690,19,9,14,13,1,21,54,2,1,3,6,"16, BRETONNIERE (RUE DU",0.0,0.0
201400020691,31,8,14,17,1,21,54,2,2,1,3,CHALLANGES (ROUTE DE),0.0,0.0
201400020692,17,9,14,12,1,21,54,2,2,1,6,MOULIN (RUE JEAN),0.0,0.0
201400020693,26,9,14,12,1,21,54,2,1,1,6,"4, COLBERT (RUE)",0.0,0.0
201400020694,10,4,14,14,1,21,54,2,1,1,3,"104, DIJON (ROUTE DE)",0.0,0.0
201400020695,5,10,14,15,1,21,54,2,2,3,3,CHALLANGES (ROUTE DE),0.0,0.0
201400020696,2,10,14,17,1,21,54,2,1,1,3,JOFFRE (BOULEVARD MARECH,0.0,0.0
201400020697,14,10,14,12,1,21,54,2,1,1,3,"164, DIJON (ROUTE DE)",0.0,0.0
201400020698,8,10,14,14,1,21,54,2,1,1,7,"28, MADELEINE (RUE DU FA",0.0,0.0
201400020699,11,11,14,17,5,21,54,2,2,1,3,RICHARD (RUE),0.0,0.0
201400020700,6,12,14,16,1,21,54,2,1,1,6,SEURRE (ROUTE DE),0.0,0.0
201400020701,3,1,14,19,5,21,278,2,2,1,2,FAUBOURG ST NICOLAS (DU),0.0,0.0
201400020702,7,1,14,17,5,21,166,2,3,1,6,"0, MAXIME GUILLOT (RUE)",0.0,0.0
201400020703,8,1,14,17,5,21,231,2,1,1,6,"12, CRACOVIE (DE) (RUE)",0.0,0.0
201400020704,8,1,14,18,5,21,278,2,3,1,1,DOCTEUR MAJNONI D'INTIGN,0.0,0.0
201400020705,10,1,14,14,1,21,231,1,2,1,3,LANGRES (DE) (ROUTE),0.0,0.0
201400020706,23,1,14,13,1,21,231,2,1,1,6,"72, DRAPEAU (DU) (AVENUE",0.0,0.0
201400020707,31,1,14,14,1,21,231,2,4,1,1,PERRIERES (DES) (RUE),0.0,0.0
201400020708,1,2,14,20,5,21,231,2,6,1,2,CRACOVIE (DE) (RUE),0.0,0.0
201400020709,11,2,14,12,1,21,231,2,3,1,6,"39, JOUVENCE (DE) (IMPAS",0.0,0.0
201400020710,13,2,14,8,1,21,231,2,1,2,6,PREMIER CONSUL (DU) (AVE,0.0,0.0
201400020711,13,2,14,19,5,21,231,2,1,2,6,"28, LONGVIC (DE) (RUE)",0.0,0.0
201400020712,15,2,14,14,1,21,231,2,7,2,6,PASCAL (BOULEVARD),0.0,0.0
201400020713,20,2,14,18,5,21,231,2,1,1,6,"45, AUXONNE (D') (RUE)",0.0,0.0
201400020714,25,2,14,16,1,21,231,2,3,2,2,"12, GUSTAVE EIFFEL (AVEN",0.0,0.0
201400020715,26,2,14,11,1,21,617,2,3,1,6,"22, RESERVOIR (DU) (RUE)",0.0,0.0
201400020716,1,3,14,20,5,21,231,2,7,1,1,"50, DEVOSGE (RUE)",0.0,0.0
201400020717,12,3,14,12,1,21,231,2,2,1,1,VOLTAIRE (BOULEVARD),0.0,0.0
201400020718,16,3,14,11,1,21,231,2,2,1,3,CHAMPOLLION (AVENUE),0.0,0.0
201400020719,17,3,14,15,1,21,166,2,3,1,3,MARECHAL DE LATTRE DE TA,0.0,0.0
201400020720,22,3,14,0,5,21,617,2,1,1,6,CLOMIERS (DES) (BOULEVAR,0.0,0.0
201400020721,26,3,14,12,1,21,231,2,2,1,2,"20, CARNOT (BOULEVARD)",0.0,0.0
201400020722,27,3,14,8,1,21,231,2,3,1,3,ALBERT PREMIER (AVENUE),0.0,0.0
201400020723,1,4,14,20,5,21,231,2,2,1,2,"2, STEARINERIE (DE LA) (",0.0,0.0
201400020724,3,4,14,14,1,21,231,2,3,1,2,"2 bis, FLEURY (COURS)",0.0,0.0
201400020725,8,4,14,20,5,21,231,2,3,1,7,ALBERT PREMIER (AVENUE),0.0,0.0
201400020726,9,4,14,10,1,21,231,2,1,1,6,"12, ETIENNE DOLET (RUE)",0.0,0.0
201400020727,14,4,14,20,5,21,231,2,2,1,3,"21, THEODORE DE BEZE (RU",0.0,0.0
201400020728,16,4,14,3,5,21,231,2,1,1,6,"84, PASCAL (BOULEVARD)",0.0,0.0
201400020729,30,4,14,21,5,21,231,2,2,1,3,"46, GENERAL FAUCONNET (D",0.0,0.0
201400020730,9,5,14,11,1,21,231,2,2,1,6,MARTYRS DE LA RESISTANCE,0.0,0.0
201400020731,16,5,14,10,1,21,231,2,3,1,6,"5, SEVIGNE (DE) (BOULEVA",0.0,0.0
201400020732,24,5,14,15,1,21,231,1,1,1,6,COMBE A LA SERPENT (DE L,0.0,0.0
201400020733,30,5,14,10,1,21,231,2,2,1,6,JACQUES CELLERIER (RUE),0.0,0.0
201400020734,1,6,14,18,1,21,231,2,1,1,2,"25, LANGRES (DE) (AVENUE",0.0,0.0
201400020735,6,6,14,17,1,21,231,2,2,1,3,MARCEL SEMBAT (RUE),0.0,0.0
201400020736,10,6,14,9,1,21,231,2,1,1,2,"20, YORK (D') (RUE)",0.0,0.0
201400020737,13,6,14,16,1,21,231,2,1,1,6,"19, HENRI FARMAN (RUE)",0.0,0.0
201400020738,15,6,14,1,5,21,355,1,9,1,2,122 A (CD),0.0,0.0
201400020739,20,6,14,20,1,21,231,2,1,1,6,UNIVERSITE (DE L') (BOUL,0.0,0.0
201400020740,21,6,14,4,5,21,231,2,7,1,7,"31, CHABOT CHARNY (RUE)",0.0,0.0
201400020741,23,6,14,20,1,21,231,1,9,8,6,GEORGES POMPIDOU (VOIE),0.0,0.0
201400020742,24,6,14,11,1,21,231,2,7,1,6,REPUBLIQUE (DE LA) (PLAC,0.0,0.0
201400020743,24,6,14,13,1,21,231,2,3,1,3,CHAMPOLLION (AVENUE),0.0,0.0
201400020744,26,6,14,21,1,21,231,2,2,1,3,PREMIER CONSUL (DU) (AVE,0.0,0.0
201400020745,30,6,14,17,1,21,166,2,1,1,2,"54, MAXIME GUILLOT (RUE)",0.0,0.0
201400020746,2,7,14,2,5,21,231,2,1,1,6,MARTYRS DE LA RESISTANCE,0.0,0.0
201400020747,4,7,14,0,5,21,231,2,2,1,3,MARECHAL LYAUTEY (AVENUE,0.0,0.0
201400020748,4,7,14,21,2,21,231,2,2,2,3,"65, CHENOVE (DE) (RUE)",0.0,0.0
201400020749,9,7,14,12,1,21,231,2,1,1,2,"7, CHEVREUL (RUE)",0.0,0.0
201400020750,10,7,14,2,5,21,231,2,1,2,6,ALBERT PREMIER (AVENUE),0.0,0.0
201400020751,16,7,14,7,1,21,231,2,6,1,3,GEORGES POMPIDOU (ROND P,0.0,0.0
201400020752,19,7,14,1,5,21,231,2,1,1,6,"30, MARECHAL JOFFRE (BOU",0.0,0.0
201400020753,23,7,14,21,2,21,231,2,1,1,1,"3, HENRI FARMAN (RUE)",0.0,0.0
201400020754,29,7,14,20,1,21,231,1,1,2,1,PIERRE DE COUBERTIN (RUE,0.0,0.0
201400020755,1,8,14,7,1,21,231,2,4,1,3,"29, LEONARD DE VINCI (RU",0.0,0.0
201400020756,1,8,14,22,5,21,231,2,2,1,1,VICTOR HUGO (AVENUE),0.0,0.0
201400020757,2,8,14,19,1,21,231,2,2,1,3,AUGUSTE DROUOT (RUE),0.0,0.0
201400020758,5,8,14,8,1,21,231,2,1,1,6,"9, PETIT CITEAUX (DU) (R",0.0,0.0
201400020759,6,8,14,18,1,21,231,2,3,8,6,"14, FYOT DE LA MARCHE (R",0.0,0.0
201400020760,14,8,14,20,2,21,231,2,2,1,3,CHARLES POISOT (RUE),0.0,0.0
201400020761,16,8,14,17,1,21,231,2,1,1,6,ALBERT PREMIER (AVENUE),0.0,0.0
201400020762,19,8,14,0,5,21,231,2,1,1,3,LANGRES (DE) (ROUTE),0.0,0.0
201400020763,21,8,14,20,1,21,355,2,3,1,1,ROMELET (DE) (RUE),0.0,0.0
201400020764,30,8,14,16,1,21,166,2,1,1,2,PALISSY (BERNARD) (BOULE,0.0,0.0
201400020765,30,8,14,0,5,21,231,2,2,1,6,MANUTENTION (DE LA) (RUE,0.0,0.0
201400020766,17,9,14,21,5,21,231,2,2,1,3,CHAMPAGNE (DE) (BOULEVAR,0.0,0.0
201400020767,24,9,14,21,5,21,231,2,2,1,1,MARECHAL GALLIENI (BOULE,0.0,0.0
201400020768,25,9,14,12,1,21,231,2,2,1,3,CREUX D'ENFER (RUE),0.0,0.0
201400020769,26,9,14,14,1,21,231,2,3,1,1,"34, EUGENE SPULLER (BOUL",0.0,0.0
201400020770,28,9,14,15,1,21,166,2,3,1,6,MARECHAL DE LATTRE DE TA,0.0,0.0
201400020771,2,10,14,20,5,21,231,2,5,1,1,LANGRES (DE) (AVENUE),0.0,0.0
201400020772,3,10,14,10,1,21,231,2,1,1,6,"16, STRASBOURG (DE) (BOU",0.0,0.0
201400020773,3,10,14,15,1,21,231,2,3,1,3,"3-5, SULLY  (RUE)",0.0,0.0
201400020774,3,10,14,3,5,21,231,2,7,1,6,CHAMPOLLION (AVENUE),0.0,0.0
201400020775,8,10,14,8,1,21,231,2,2,1,3,COTE D'OR (DE LA) (RUE),0.0,0.0
201400020776,8,10,14,17,1,21,231,2,1,1,6,"22, CHARLES DUMONT (RUE)",0.0,0.0
201400020777,9,10,14,7,1,21,231,2,1,1,6,"1, DE LATTRE DE TASSIGNY",0.0,0.0
201400020778,11,10,14,10,1,21,166,2,3,1,4,MARSANNAY (DE) (RUE),0.0,0.0
201400020779,12,10,14,16,1,21,231,2,3,2,6,JOHN KENNEDY (BOULEVARD),0.0,0.0
201400020780,16,10,14,14,1,21,166,2,1,1,6,"6, MARECHAL DE LATTRE DE",0.0,0.0
201400020781,13,10,14,8,1,21,166,2,1,2,6,"11, VALENDONS (DES) (BOU",0.0,0.0
201400020782,20,10,14,12,1,21,231,2,1,1,3,"21, CREBILLON (RUE)",0.0,0.0
201400020783,26,10,14,15,1,21,231,2,9,1,1,GASTON BACHELARD (BOULEV,0.0,0.0
201400020784,31,10,14,4,5,21,540,2,1,5,6,GEORGES POMPIDOU (voie),0.0,0.0
201400020785,8,11,14,18,5,21,231,2,1,1,3,"170, AUXONNE (D') (RUE)",0.0,0.0
201400020786,15,11,14,11,1,21,278,2,2,8,3,HAUTEVILLE (D') (RUE),0.0,0.0
201400020787,15,11,14,12,1,21,231,2,1,1,6,PIERRE DE COUBERTIN (RUE,0.0,0.0
201400020788,17,11,14,10,1,21,231,2,1,8,1,PIERRE DE COUBERTIN (RUE,0.0,0.0
201400020789,28,11,14,21,5,21,231,2,2,1,6,TREMOUILLE (BOULEVARD),0.0,0.0
201400020790,7,12,14,4,5,21,231,2,3,1,3,"47, CHABOT CHARNY (RUE)",0.0,0.0
201400020791,13,12,14,18,5,21,231,2,2,2,3,MONTALEMBERT (RUE),0.0,0.0
201400020792,14,12,14,6,5,21,231,2,3,1,3,DE LATTRE DE TASSIGNY (B,0.0,0.0