Num_Acc,jour,mois,an,hr,condition_eclairage,departement,commune,condition_agglomeration,intersection,condition_atmosphere,type_collision,adresse,lattitude,longitude
201400020793,15,12,14,10,1,21,231,2,7,8,6,"2, MANSART (BOULEVARD)",0.0,0.0
201400020794,18,12,14,21,5,21,166,2,2,8,1,MAXIME GUILLOT (RUE),47.29443,5.01073
201400020795,19,12,14,5,5,21,231,2,1,1,6,"47, THIERS (BOULEVARD)",0.0,0.0
201400020796,21,12,14,14,1,21,231,2,5,1,1,"21, TRANSVAAL (DU) (RUE)",0.0,0.0
201400020797,21,12,14,16,1,21,231,2,2,1,5,THIERS (BOULEVARD),0.0,0.0
201400020798,24,12,14,14,1,21,231,2,2,1,3,CONCORDE  DE LA (AVENUE),0.0,0.0
201400020799,14,4,14,13,1,42,32,2,1,1,3,Route de l'Aqueduc,45.50984,4.54182
201400020800,27,9,14,16,1,42,308,1,1,1,4,,45.44341,4.61805
201400020801,1,11,14,17,1,42,308,1,1,1,7,,45.46191,4.58294
201400020802,31,12,14,20,5,22,113,2,1,9,6,"7, TREBEURDEN (ROUTE DE)",48.74898,-3.48738
201400020803,19,12,14,17,2,22,113,1,3,1,3,PASCAL (RUE BLAISE),48.75906,-3.47143
201400020804,9,1,14,12,1,22,113,1,1,2,2,"191, BEG LEGUER (ROUTE D",48.74058,-3.52505
201400020805,14,11,14,16,1,22,113,2,1,1,6,"11, ARMOR (BOULEVARD D')",48.74495,-3.47107
201400020806,10,2,14,9,1,22,113,2,1,1,6,PARK NEVEZ (AVENUE DE),48.72962,-3.44988
201400020807,16,2,14,18,2,22,113,2,1,1,7,MENDES FRANCE (BOULEVARD,48.73038,-3.47238
201400020808,3,3,14,10,1,22,113,2,6,2,6,rue de PLACENN AR GUER,48.74681,-3.46093
201400020809,24,3,14,16,1,22,113,2,1,8,6,"32, POMPIDOU (RUE GEORGE",48.73406,-3.466
201400020810,9,4,14,16,1,22,113,2,1,1,7,PARK NEVEZ (AVENUE DE),48.72981,-3.44837
201400020811,28,4,14,16,1,22,113,2,1,1,6,PALAIS DE JUSTICE (ALLEE,48.73024,-3.45943
201400020812,26,3,14,14,1,22,113,2,1,1,7,", TRIBUNAL (ALLEE DU)",48.73031,-3.45953
201400020813,14,6,14,14,1,22,113,2,1,1,3,"146, KER AN FAOUT (CHEMI",48.75487,-3.48453
201400020814,4,7,14,18,1,22,113,1,9,2,1,KERMARIA SULARD (ROUTE D,48.74251,-3.42768
201400020815,4,7,14,17,1,22,113,2,6,2,7,MENDES FRANCE (BOULEVARD,48.72228,-3.48079
201400020816,5,8,14,15,1,22,113,1,1,1,6,TREBEURDEN (ROUTE DE),48.74729,-3.48208
201400020817,17,9,14,14,1,22,113,2,1,1,7,KERLIGONAN (LIEU-DIT),48.74133,-3.48117
201400020818,25,9,14,16,1,22,113,2,9,7,6,SARTRE (RUE JEAN PAUL),48.74444,-3.47702
201400020819,14,10,14,6,3,22,113,1,1,3,2,"29, TREBEURDEN (ROUTE DE",48.74808,-3.48423
201400020820,26,11,14,17,2,22,113,1,1,2,6,"66,ROUTE DE TREBEURDEN",48.75157,-3.49538
201400020821,30,11,14,19,5,22,113,2,1,8,1,MENDES FRANCE (BOULEVARD,48.73029,-3.46614
201400020822,13,12,14,13,1,22,113,2,6,1,3,AIGUILLON (QUAI D'),48.73234,-3.4618
201400020823,11,6,14,23,4,22,113,2,1,1,6,SARTRE (RUE JEAN PAUL),48.74338,-3.47409
201400020824,12,12,14,2,5,22,113,2,6,3,6,RESISTANCE (AVENUE DE LA,48.75291,-3.45801
201400020825,1,1,14,16,1,22,360,1,1,3,4,D 700,48.47872,-2.76789
201400020826,5,1,14,12,1,22,215,1,1,1,7,"1, PONT DES ILES (RUE DU",48.51831,-2.81368
201400020827,6,1,14,19,5,22,215,2,6,2,6,rue guy de MAUPASSANT,48.50131,-2.77999
201400020828,7,1,14,16,1,22,278,2,1,1,6,Rue E. ROSTAND,48.51692,-2.73459
201400020829,8,1,14,14,1,22,360,1,1,1,3,D 700,48.48368,-2.76529
201400020830,10,1,14,8,2,22,360,1,4,5,2,D 700,48.49072,-2.76303
201400020831,11,1,14,19,5,22,278,2,1,1,6,"1, PENTHIEVRE (DE)",48.51932,-2.79315
201400020832,13,1,14,12,1,22,187,1,4,1,3,rue de BEAUREGARD,48.52928,-2.78178
201400020833,15,1,14,18,3,22,360,1,3,3,5,"0, VALLEE (RUE DE LA)",48.47889,-2.70951
201400020834,16,1,14,14,1,22,215,1,1,1,6,PONT DES ILES (RUE DU),48.52258,-2.81678
201400020835,17,1,14,17,4,22,360,2,3,2,6,Rue Marcel RAULT,48.4889,-2.73844
201400020836,20,1,14,8,2,22,278,2,2,1,7,chemin de  l'ECLUSES,48.52769,-2.73119
201400020837,23,1,14,8,1,22,187,2,1,2,6,"33, ADOLPHE LE BAIL (RUE",48.52511,-2.74172
201400020838,24,1,14,16,1,22,106,2,1,2,2,GENETS (RUE DES),48.49902,-2.73563
201400020839,25,1,14,14,1,22,278,2,1,1,6,"10, GOUEDIC (DE)",48.51118,-2.75757
201400020840,26,1,14,23,3,22,278,2,3,2,2,"81, ATLANTIQUE (BD) N 58",48.51896,-2.79314
201400020841,30,1,14,16,1,22,278,2,6,1,3,"0, APOLLINAIRE (GUILLAUM",48.49732,-2.74718
201400020842,30,1,14,19,5,22,278,2,1,1,6,ABBE GARNIER,48.50687,-2.76092
201400020843,31,1,14,9,1,22,360,1,1,1,6,RN12,48.4888,-2.72055
201400020844,31,1,14,11,1,22,278,2,1,1,7,"0, SAINT-MICHEL (PL.)",48.51599,-2.75807
201400020845,3,2,14,10,1,22,278,2,1,1,2,10.Bd de L'ATLANTIQUE,48.51906,-2.78618
201400020846,5,2,14,10,1,22,278,2,2,3,3,"43, FERRY (JULES)",48.50465,-2.76717
201400020847,7,2,14,16,1,22,278,2,6,2,2,RUE DE LA GARE,48.50808,-2.76453
201400020848,10,2,14,8,1,22,360,1,1,1,6,RN12,48.48292,-2.69322
201400020849,8,2,14,11,1,22,278,2,1,1,1,"0, BOUGAINVILLE (DE)",48.51991,-2.71686
201400020850,16,2,14,0,3,22,106,2,6,1,7,RENNES (RUE DE),48.49281,-2.70874
201400020851,17,2,14,1,5,22,278,2,1,1,7,"32,Av. CORNEILLE",48.5122,-2.74844
201400020852,16,2,14,19,5,22,278,2,1,1,3,"58,RUE DE  PARIS",48.5035,-2.73994
201400020853,21,2,14,9,1,22,278,2,2,1,5,RUE DU DOCTEUR RAHUEL,48.50564,-2.74513
201400020854,21,2,14,16,1,22,215,1,1,1,2,RUE DU  PONT NOIR,48.48966,-2.84041
201400020855,21,2,14,19,2,22,360,1,3,1,2,RUE DE LA VALLEE,48.47796,-2.71159
201400020856,21,2,14,20,2,22,278,2,1,1,7,"167, BERT (PAUL)",48.50087,-2.75181
201400020857,22,2,14,1,5,22,278,2,2,2,7,"0, BERRIEN (DE)",48.52472,-2.80415
201400020858,25,2,14,17,1,22,215,2,3,1,6,5RUE DES IRIS,48.49761,-2.7864
201400020859,27,2,14,18,2,22,278,2,1,1,6,GOUEDIC (DE),48.51081,-2.75704
201400020860,4,3,14,10,1,22,187,1,6,1,3,Av. CHALUTIER SANS PITIE,48.53327,-2.75959
201400020861,5,3,14,14,1,22,278,2,1,1,2,RAHUEL (DOCTEUR),48.50712,-2.75055
201400020862,6,3,14,15,1,22,278,2,1,1,7,"0, VALLES (JULES)",48.50019,-2.74794
201400020863,6,3,14,23,4,22,360,2,1,1,2,"0, MONCONTOUR (RUE DE)",48.48382,-2.7319
201400020864,7,3,14,14,1,22,215,2,1,1,6,"47,Ae CHATELETS",48.46268,-2.78544
201400020865,9,3,14,15,1,22,187,1,1,1,2,"0, RN12",48.54593,-2.77841
201400020866,11,3,14,19,2,22,278,2,1,1,1,"27, LE GOFF (DES TROIS F",48.51645,-2.76463
201400020867,12,3,14,17,1,22,187,1,1,1,6,"14,rue René  DESCARTES",48.54641,-2.80286
201400020868,13,3,14,20,3,22,187,1,1,5,2,RD786,48.54876,-2.79417
201400020869,16,3,14,17,1,22,215,2,6,1,7,"0, RD 712",48.50062,-2.77764
201400020870,20,3,14,8,1,22,278,2,1,1,4,"76, HAREL-DE-LA-NOE (BD)",48.51886,-2.74808
201400020871,22,3,14,10,1,22,215,2,3,2,7,RUE DE LA  CENSIE,48.48729,-2.82699
201400020872,23,3,14,22,5,22,106,1,1,1,7,"0, RN12",48.50083,-2.72761
201400020873,23,3,14,12,1,22,278,2,1,1,7,VIEILLE COTE DE GOUET,48.51793,-2.76594
201400020874,25,3,14,15,1,22,187,2,1,1,6,3bPLACE DU SOUVENIR,48.53504,-2.76786
201400020875,29,3,14,15,1,22,278,2,1,1,6,RUE DES LYCEENS-MARTYRS,48.51194,-2.76204
201400020876,4,4,14,8,2,22,278,2,6,2,6,RUE EDOUARD PRIGENT,48.50878,-2.77202
201400020877,3,4,14,18,1,22,215,1,3,1,7,RUE DU  PONT NOIR,48.48732,-2.8269
201400020878,7,4,14,17,1,22,278,2,1,1,2,RAHUEL (DOCTEUR),48.50616,-2.74682
201400020879,7,4,14,18,1,22,187,1,9,1,4,RN12,48.53242,-2.7571
201400020880,9,4,14,19,1,22,187,2,1,1,6,"33,Rue des  Chênes",48.53423,-2.76234
201400020881,10,4,14,15,1,22,215,2,1,1,2,"40,RUE  GRANDE METAIRIE",48.4913,-2.80607
201400020882,13,4,14,1,4,22,278,2,2,1,2,"RUE, MONGE",48.5024,-2.73816
201400020883,14,4,14,7,2,22,278,2,6,2,7,"0, AGADEZ (ROND-POINT)",48.51036,-2.78279
201400020884,19,4,14,21,5,22,106,2,1,1,6,RUE DE  RENNES,48.49133,-2.70323
201400020885,23,4,14,19,1,22,278,2,1,1,7,"6, BALZAC",48.51415,-2.74745
201400020886,26,4,14,3,4,22,360,1,1,2,7,RUE DE MONCONTOUR,48.47827,-2.72417
201400020887,26,4,14,15,1,22,278,2,1,1,7,"04, GARNIER (ABBE)",48.50625,-2.76118
201400020888,29,4,14,23,5,22,187,2,1,1,7,"1, LAMARTINE (Rue )",48.53933,-2.83351
201400020889,30,4,14,16,1,22,360,2,1,1,6,Avenue du G. LECLERC,48.49346,-2.73512
201400020890,2,5,14,9,1,22,360,1,6,1,3,Rd point DU BOCAGE,48.48331,-2.7485
201400020891,2,5,14,22,5,22,360,1,1,1,2,RUE DE L'URNE,48.48328,-2.74843
201400020892,3,5,14,6,1,22,278,2,3,1,3,Rue du 71ème RI,48.511,-2.76034
201400020893,3,5,14,20,1,22,106,2,3,1,3,RUE DE RENNES,48.49458,-2.71477
201400020894,9,5,14,14,1,22,278,2,1,1,3,"44, TROIS-FRERES-LE-GOFF",48.51687,-2.76506
201400020895,9,5,14,16,1,22,187,2,1,1,7,RUE DE LA CROIX,48.53064,-2.76515
201400020896,11,5,14,3,4,22,278,2,1,1,7,LAENNEC (BD),48.51075,-2.77418
201400020897,12,5,14,18,1,22,278,2,2,1,3,Bd HERAULT,48.51709,-2.75443
201400020898,12,5,14,20,1,22,187,1,4,1,2,"1, RN12",48.54561,-2.79013
201400020899,1,5,14,12,1,22,278,2,3,1,7,RUE DE  GOUEDIC,48.50832,-2.75289
201400020900,17,5,14,20,2,22,278,2,1,1,6,"93, PRIGENT (EDOUARD)",48.51004,-2.78155
201400020901,18,5,14,10,1,22,215,1,6,1,3,giratoire du GRIMOLET,48.48792,-2.79489
201400020902,17,5,14,17,1,22,278,2,1,1,6,Parking Cc Géant,48.5202,-2.78993
201400020903,21,5,14,8,1,22,187,2,2,1,3,"1, VERDUN (rue de )",48.54271,-2.78242
201400020904,22,5,14,1,3,22,106,1,1,1,6,"14, JOLIOT CURIE",48.49925,-2.72145
201400020905,22,5,14,8,1,22,360,1,1,2,4,"0, RN12",48.4831,-2.69806
201400020906,24,5,14,19,2,22,215,1,1,1,7,"7, CHATELETS (rue des )",48.4711,-2.80151
201400020907,26,5,14,18,1,22,187,2,1,1,1,"26, GRIPPET (Rue du )",48.52941,-2.7534
201400020908,30,5,14,15,1,22,187,1,1,1,7,"1, RN12",48.54607,-2.7798
201400020909,1,6,14,12,1,22,215,2,1,1,2,"0, BRETAGNE (AVENUE DE)",48.49346,-2.78437
201400020910,4,6,14,16,1,22,360,2,6,1,3,RUE DE LA  FONTENELLE,48.49347,-2.73765
201400020911,6,6,14,15,1,22,278,2,1,1,3,RUE DES GALLOIS,48.49694,-2.74709
201400020912,7,6,14,7,2,22,360,1,6,2,7,"0, D 700",48.47781,-2.76818
201400020913,11,6,14,21,2,22,187,1,2,1,3,rue de la FONTAINE HUE,48.53429,-2.81837
201400020914,12,6,14,18,1,22,187,2,1,1,3,"10, GABRIEL PERI (Quai)",48.52437,-2.74673
201400020915,14,6,14,18,1,22,278,2,3,1,1,"1, ROCHE-GAUTIER (DE LA)",48.49038,-2.75324
201400020916,16,6,14,14,1,22,278,2,2,1,6,"0, COMBAT-DES-TRENTE (DU",48.51071,-2.75888
201400020917,19,6,14,15,1,22,278,2,1,1,2,"81rue de, GOUEDIC",48.50874,-2.75361
201400020918,20,6,14,8,1,22,215,2,1,1,2,"0, BEL-AIR (RUE DE)",48.49855,-2.78585
201400020919,21,6,14,6,2,22,278,2,3,1,3,"40, CLEMENCEAU (BD)",48.50815,-2.76039
201400020920,22,6,14,12,1,22,278,2,2,1,3,"0, HOCHE (BD)",48.50521,-2.76967
201400020921,24,6,14,17,1,22,278,2,6,1,7,"0, LAMAZE (DOCTEUR)",48.50392,-2.74064
201400020922,26,6,14,13,1,22,215,2,1,1,7,"0, CROIX (RUE DES)",48.48588,-2.78921
201400020923,2,7,14,19,1,22,278,2,1,1,3,"0, CHAPTAL",48.51023,-2.73545
201400020924,3,7,14,15,1,22,278,2,6,1,2,"0, LAMAZE (DOCTEUR)",48.50387,-2.74079
201400020925,3,7,14,21,2,22,187,1,1,1,6,RD786,48.54997,-2.79739
201400020926,7,7,14,18,1,22,215,1,1,3,4,"0, MAUPASSANT (Rue Guy d",48.49474,-2.76479
201400020927,9,7,14,16,1,22,187,1,2,1,3,"0, ROSAIRES  AVE",48.55628,-2.7649
201400020928,12,7,14,13,1,22,187,1,1,1,2,"61G, RN12",48.54617,-2.78136
201400020929,14,7,14,16,1,22,187,2,3,1,7,"21, RUE DU GENERAL DE GA",48.53714,-2.77145
201400020930,17,7,14,15,1,22,215,1,3,1,2,"0, MERLET (RUE DE)",48.49119,-2.80672
201400020931,17,7,14,18,1,22,278,2,3,3,2,"55, GOUEDIC (DE)",48.50934,-2.75478
201400020932,17,7,14,18,1,22,278,2,2,1,3,"0, LA FAYETTE",48.51216,-2.74508
201400020933,20,7,14,13,1,22,278,2,1,1,7,"43, LUZEL",48.50532,-2.77565
201400020934,21,7,14,10,1,22,360,2,1,1,2,FONTENELLE (RUE DE LA),48.49587,-2.73608
201400020935,22,7,14,13,1,22,360,2,6,1,3,PASTEUR (RUE),48.48618,-2.75061
201400020936,27,7,14,11,1,22,360,1,6,1,3,"1, MERIMEE (Prosper)",48.49437,-2.76204
201400020937,31,7,14,18,1,22,215,1,1,1,7,"0, RD 222",48.47734,-2.76143
201400020938,2,8,14,12,1,22,187,1,4,9,3,"pk 59,200, RN12",48.53534,-2.75941
201400020939,3,8,14,20,5,22,278,2,6,1,1,"0, NERUDA (RD PT PABLO)",48.51915,-2.79173
201400020940,6,8,14,18,1,22,278,2,1,1,3,"15, GOUET (VIEILLE COTE",48.51819,-2.76561
201400020941,9,8,14,0,3,22,360,1,6,3,6,"0, SAINT-BRIEUC (AVENUE",48.47728,-2.72342
201400020942,9,8,14,14,1,22,215,2,9,1,3,parc de stationnement CC,48.49916,-2.77817
201400020943,14,8,14,19,1,22,215,2,1,2,6,"16, BEL-AIR (RUE DE)",48.49778,-2.78843
201400020944,15,8,14,8,1,22,360,1,1,1,3,"0, BOCAGE (RUE DU)",48.48322,-2.75005
201400020945,18,8,14,14,1,22,278,2,1,1,3,"106, HOCHE (BD)",48.50567,-2.77157
201400020946,20,8,14,2,5,22,278,2,1,1,7,LIBERATION (AV. DE LA),48.51106,-2.75863
201400020947,20,8,14,20,1,22,187,2,2,1,3,"1, stade (rue du)",48.53884,-2.75706
201400020948,25,8,14,19,1,22,215,1,1,1,2,"1, PONT DES ILES (RUE DU",48.52569,-2.82292
201400020949,26,8,14,8,1,22,278,2,1,1,7,"3, LIBERATION (AV. DE LA",48.51187,-2.75777
201400020950,29,8,14,17,1,22,215,1,6,1,6,BOIS JOLI (RUE DU),48.46457,-2.80881
201400020951,1,9,14,20,2,22,278,2,1,1,3,COUCOU (DU),48.5052,-2.77258
201400020952,5,9,14,15,1,22,278,2,2,1,3,CORNEILLE COTE IMPAIR,48.51209,-2.74507
201400020953,8,9,14,11,1,22,278,2,1,1,6,"6, PARIS (DE)",48.50543,-2.74455
201400020954,8,9,14,23,5,22,278,2,1,1,7,SAINT-HILAIRE,48.51975,-2.78887
201400020955,9,9,14,14,1,22,278,2,3,1,3,"153, BERT (PAUL)",48.50138,-2.75242
201400020956,10,9,14,17,1,22,278,2,3,1,6,TULLAYE (DE LA),48.50896,-2.74943
201400020957,11,9,14,16,1,22,278,2,1,1,2,"0, RAHUEL (DOCTEUR)",48.5063,-2.74729
201400020958,12,9,14,19,1,22,278,2,1,1,6,"49, RAHUEL (DOCTEUR)",48.50603,-2.74634
201400020959,14,9,14,16,1,22,278,2,2,1,3,"0, CARNOT (BD)",48.50631,-2.76587
201400020960,14,9,14,17,1,22,187,1,1,1,2,"0, VERDUN (rue de )",48.54571,-2.78759
201400020961,16,9,14,21,5,22,278,2,1,1,6,"7, LE GOFF (DES TROIS FR",48.5153,-2.76346
201400020962,17,9,14,8,1,22,278,2,1,1,3,VAU-GICQUEL (DU),48.52434,-2.78882
201400020963,18,9,14,7,1,22,278,2,2,1,3,"1, CHAPTAL",48.51227,-2.73749
201400020964,18,9,14,15,1,22,278,2,1,1,6,"0, SAINT-J.B DE LA SALLE",48.51943,-2.73646
201400020965,22,9,14,15,1,22,278,2,1,1,3,"2, GALLOIS (DES)",48.49671,-2.74689
201400020966,24,9,14,7,5,22,278,2,1,1,3,"0, TREGUEUX (DE)",48.4992,-2.75504
201400020967,24,9,14,14,1,22,278,2,1,1,6,"33, DUQUESNE",48.52646,-2.72358
201400020968,25,9,14,2,5,22,278,2,6,1,7,"56 BD de L', ATLANTIQUE",48.51912,-2.79165
201400020969,25,9,14,7,2,22,187,2,3,1,3,"0, GABRIEL PERI (Quai)",48.52506,-2.74185
201400020970,26,9,14,17,1,22,215,1,1,1,6,"25, LOGE (RUE DE LA)",48.47708,-2.79741
201400020971,2,10,14,17,1,22,215,1,1,1,6,"25, LOGE (RUE DE LA)",48.47336,-2.80078
201400020972,27,9,14,9,1,22,278,2,1,1,7,"35, CORNOUAILLE (DE)",48.51656,-2.78804
201400020973,25,9,14,16,1,22,278,2,1,1,6,"1, CHAPTAL",48.51278,-2.73826
201400020974,30,9,14,10,1,22,278,2,2,1,2,"1, BECQUEREL (HENRI)",48.50017,-2.75105
201400020975,2,10,14,20,1,22,360,2,1,1,3,"0, FONTENELLE (RUE DE LA",48.49455,-2.73759
201400020976,3,10,14,12,1,22,215,1,1,1,7,"1, FUTUR (ROUTE DU)",48.48107,-2.80048
201400020977,8,10,14,7,4,22,187,2,1,2,6,"0, REPUBLIQUE (Place de",48.53532,-2.76989
201400020978,8,10,14,8,2,22,278,2,2,1,3,"0, LAENNEC (BD)",48.51261,-2.77557
201400020979,9,10,14,16,1,22,278,2,3,1,3,MALAUNAY (DE),48.52152,-2.78854
201400020980,9,10,14,22,3,22,187,2,6,1,7,"1, PONT A L'ANGLAIS (Rue",48.53256,-2.75452
201400020981,10,10,14,10,1,22,278,2,1,1,7,"1 BIS, CORDERIE (DE LA)",48.51512,-2.77158
201400020982,13,10,14,11,1,22,187,2,1,1,7,"1, VIADUC (RUE DU)",48.52452,-2.7628
201400020983,14,10,14,8,1,22,187,1,1,1,7,"0, RN12",48.54516,-2.79524
201400020984,14,10,14,12,1,22,278,2,2,1,7,PARIS (DE),48.50567,-2.74504
201400020985,17,10,14,14,1,22,187,1,3,1,3,RD786,48.54471,-2.78568
201400020986,19,10,14,18,1,22,215,2,1,1,6,COUBERTIN (RUE PIERRE DE,48.49808,-2.7624
201400020987,23,10,14,11,1,22,278,2,1,1,2,"47, RAHUEL (DOCTEUR)",48.50614,-2.74679
201400020988,28,10,14,8,2,22,278,2,6,1,3,"0, 8 MAI 1945 (PL DU)",48.51236,-2.75555
201400020989,28,10,14,22,5,22,215,2,3,1,2,"42, BEL-AIR (RUE DE)",48.49844,-2.78613
201400020990,30,10,14,20,3,22,106,1,1,1,6,"0, LAENNEC (RUE)",48.49583,-2.72488
201400020991,3,11,14,8,1,22,278,2,3,2,6,"0, CLEMENCEAU (BD)",48.50943,-2.75984
201400020992,3,11,14,11,1,22,278,2,1,1,6,PARIS (DE),48.50541,-2.74457
201400020993,3,11,14,20,5,22,215,2,1,1,6,"5, BEAU SOLEIL (RUE DU)",48.49209,-2.80032
201400020994,4,11,14,20,4,22,278,2,1,1,2,"0, FRANCE (AV. DE)",48.50855,-2.73745
201400020995,5,11,14,13,1,22,187,1,1,1,2,"0, RN12",48.54486,-2.77268
201400020996,6,11,14,9,1,22,106,2,1,1,7,"33, VERLAINE (RUE PAUL)",48.50313,-2.7196
201400020997,7,11,14,11,1,22,187,1,4,1,2,"61.500, RN12",48.54581,-2.78772
201400020998,8,11,14,1,5,22,278,2,1,1,6,"0, LYCEENS-MARTYRS (DES)",48.51133,-2.76204
201400020999,8,11,14,5,4,22,360,2,2,1,3,"0, VILLEBONNE (RUE DE)",48.49114,-2.74275
201400021000,10,11,14,20,5,22,278,2,1,1,4,"1, PROUST (MARCEL)",48.49275,-2.74874
201400021001,11,11,14,12,1,22,278,2,1,1,7,"0, AMPERE",48.505,-2.73364
201400021002,12,11,14,9,1,22,278,2,1,1,1,"3, VAU-MENO (DU)",48.52202,-2.78453
201400021003,11,11,14,20,3,22,278,2,1,1,3,TREGUEUX (DE),48.49853,-2.75396
201400021004,19,11,14,17,1,22,278,2,1,1,2,", rue du 71ème RI",48.51118,-2.76254
201400021005,20,11,14,15,1,22,187,1,6,1,3,RD786,48.54835,-2.79398
201400021006,20,11,14,18,5,22,278,2,1,1,4,"0, ARMOR (AV. D') COTE P",48.51218,-2.75275
201400021007,25,11,14,17,2,22,360,1,2,1,4,"0, VALLEE (RUE DE LA)",48.47876,-2.71036
201400021008,25,11,14,20,5,22,278,1,1,2,6,"5, PENTHIEVRE (DE)",48.51942,-2.79377
201400021009,26,11,14,17,1,22,278,2,6,2,6,"1, rue du 71ème RI",48.51117,-2.76251
201400021010,28,11,14,17,1,22,106,2,6,1,2,"0, COTE TERRE (RD-PT)",48.49669,-2.72469
201400021011,27,11,14,8,1,22,187,1,1,2,6,"RUE DU, VIADUC",48.52699,-2.76969
201400021012,27,11,14,12,1,22,278,2,1,1,2,"54, CHARNER (BD)",48.50856,-2.77024
201400021013,28,11,14,7,2,22,278,2,3,1,2,"16, TOUR-D'AUVERGNE (BD",48.5134,-2.77512
201400021014,29,11,14,14,1,22,278,2,3,1,3,"0, PROMENADES (ET ALL. D",48.51367,-2.75718
201400021015,29,11,14,17,2,22,278,2,6,1,6,"0, TROIS-FRERES-LE-GOFF",48.51753,-2.7658
201400021016,30,11,14,6,2,22,215,2,1,1,7,JUILLET 1789 (RUE DU 14),48.50045,-2.78169
201400021017,3,12,14,10,1,22,278,2,2,1,3,"0, CORNEILLE COTE IMPAIR",48.51209,-2.74502
201400021018,3,12,14,13,1,22,278,1,1,1,7,"1, AMPERE",48.50507,-2.7336
201400021019,12,12,14,13,1,22,187,2,1,1,7,"31, VIADUC (RUE DU)",48.52704,-2.76969
201400021020,12,12,14,18,4,22,187,1,3,1,3,"0, VERDUN (rue de )",48.54471,-2.78573
201400021021,13,12,14,7,3,22,278,2,1,1,7,"1, ROHANNEC'H (DE)",48.5236,-2.74074
201400021022,13,12,14,9,1,22,278,2,1,1,2,"0, QUINQUAINE (ET IMP.)",48.51517,-2.76471
201400021023,13,12,14,14,1,22,278,2,1,1,7,LEGUE (DU),48.5188,-2.76471
201400021024,13,12,14,17,3,22,215,1,1,1,3,LOGE (RUE DE LA),48.47644,-2.79793
201400021025,15,12,14,19,5,22,278,2,1,1,6,"72, BAGOT",48.51211,-2.77986
201400021026,17,12,14,14,1,22,187,1,1,2,5,"0, RN12",48.54572,-2.77658
201400021027,21,12,14,0,4,22,360,1,6,1,2,D 700,48.49302,-2.76231
201400021028,21,12,14,17,2,22,106,1,1,1,7,"1, RN12",48.49764,-2.7247
201400021029,26,12,14,14,1,22,106,1,1,1,3,"0, AMBROISE PARE (RUE)",48.49743,-2.73194
201400021030,29,12,14,8,3,22,106,1,1,1,3,RN12,48.49772,-2.72459
201400021031,22,1,14,7,5,23,96,2,9,9,6,"33, CHARLES DE GAULLE (A",0.0,0.0
201400021032,21,1,14,18,5,23,96,2,1,2,6,"10, BRESARD (RUE DU DOCT",0.0,0.0
201400021033,4,2,14,16,2,23,96,2,1,1,6,"60, BEAUREGARD (RUE DE)",0.0,0.0
201400021034,16,5,14,19,1,23,96,2,1,1,7,"44, CHAMPEGAUD (RUE DE)",0.0,0.0
201400021035,28,5,14,10,1,23,96,2,1,1,3,"27, COURTILLE (ROUTE DE)",0.0,0.0
201400021036,8,6,14,13,1,23,96,2,1,1,1,TABARLY (Rue Eric),0.0,0.0
201400021037,24,6,14,17,1,23,96,2,1,1,6,17 avenue de la Républiq,0.0,0.0
201400021038,27,6,14,10,1,23,96,2,1,1,6,"2, GAMBETTA (AVENUE)",0.0,0.0
201400021039,4,7,14,11,1,23,96,2,1,2,6,"3650, BERRY (AVENUE DU)",0.0,0.0
201400021040,28,7,14,17,1,23,96,2,6,1,7,ARFEUILLERE (ROND-POINT),0.0,0.0
201400021041,16,9,14,21,5,23,96,2,1,1,3,TABARLY (Rue Eric),0.0,0.0
201400021042,30,9,14,11,1,23,96,2,1,1,6,GARE (PLACE),0.0,0.0
201400021043,25,10,14,20,3,23,96,1,1,8,7,940 (ROUTE DEPARTEMENTAL,0.0,0.0
201400021044,2,11,14,12,1,23,96,2,2,2,3,", ROUDAIRE (RUE DU COLON",0.0,0.0
201400021045,13,11,14,10,1,23,96,2,4,1,3,"3BIS, GARE (BOULEVARD DE",0.0,0.0
201400021046,12,12,14,7,2,23,96,2,1,1,6,"1, GARE (BOULEVARD DE LA",0.0,0.0
201400021047,23,7,14,6,2,23,96,2,1,8,6,"09, VERNET (RUE DE)",0.0,0.0
201400021048,24,2,14,8,1,24,37,2,1,1,3,"11, BOULEVARD J.SANTRAIL",44.8591,0.48485