Num_Acc,jour,mois,an,hr,condition_eclairage,departement,commune,condition_agglomeration,intersection,condition_atmosphere,type_collision,adresse,lattitude,longitude
201400021049,28,3,14,15,1,24,37,1,1,1,1,ROUTE STE-FOY-DES-VIGNES,44.8897,0.47756
201400021050,29,3,14,3,3,24,437,1,1,1,6,LE PAILLET,44.8337,0.44284
201400021051,3,4,14,8,1,24,37,2,4,2,3,BOULEVARD CLAVEILLE,44.8529,0.507
201400021052,28,4,14,17,1,24,437,1,1,1,2,LES MARTRAS,44.8187,0.45451
201400021053,1,6,14,5,3,24,437,1,1,1,6,"28 ROUTE DE, BORDEAUX",44.8338,0.43868
201400021054,17,9,14,8,1,24,145,2,1,1,3,PLACE DE LA CREYSSETTE,44.8558,0.57038
201400021055,27,9,14,10,1,24,37,2,2,1,6,AVENUE DU WILSON,44.8562,0.49124
201400021056,28,9,14,2,3,24,37,1,1,1,7,RN21,44.8275,0.51188
201400021057,17,10,14,6,2,24,145,2,6,1,2,ROUTE DE LA NAUVE,44.8501,0.5369
201400021058,11,11,14,11,1,24,37,1,1,1,5,SAINT-CHRISTOPHE,44.8147,0.50603
201400021059,13,11,14,19,5,24,140,2,3,1,6,AVENUE  DE LA ROQUE,44.8532,0.55435
201400021060,29,11,14,17,5,24,419,2,1,2,6,GRAND RUE,44.8551,0.56503
201400021061,21,2,14,11,1,24,322,2,2,8,3,RUE ANTOINE GADAUD,45.1881,0.71723
201400021062,8,3,14,17,1,24,557,2,3,1,3,"165, AVENUE GRANDOU",45.1893,0.7517
201400021063,31,3,14,22,5,24,138,2,1,1,6,AVENUE CHURCHILL,45.182,0.69909
201400021064,2,4,14,18,1,24,322,2,1,1,6,PLACE YVES GUENA,45.1872,0.72152
201400021065,4,4,14,21,5,24,322,2,6,1,3,PLACE YVES GUENA,45.1872,0.72152
201400021066,9,5,14,16,1,24,53,2,1,1,6,ALLEE JACQUES DUCLOS,45.1849,0.77686
201400021067,15,5,14,5,5,24,557,2,3,1,7,AVENUE MICHEL GRANDOU,45.1945,0.77785
201400021068,20,5,14,18,1,24,138,1,1,2,1,ALLEE DES CHENES,45.1598,0.67292
201400021069,25,5,14,22,5,24,557,2,6,1,7,CHARRIERAS,45.2037,0.80291
201400021070,24,5,14,16,1,24,53,2,1,9,6,AVENUE MARCEL PAUL,45.1829,0.767
201400021071,23,5,14,14,1,24,322,2,1,2,6,PLACE BUGEAUD,45.184,0.7188
201400021072,29,5,14,17,1,24,102,1,3,1,3,"71, ROUTE DE RIBERAC",45.1962,0.651
201400021073,1,6,14,16,1,24,322,2,1,1,6,COURS FENELON,45.1826,0.71904
201400021074,2,6,14,12,1,24,557,2,2,1,3,RUE DU MOULIN,45.1888,0.74054
201400021075,8,6,14,12,1,24,138,2,1,1,3,AVENUE DE GAULLE,45.1877,0.69843
201400021076,17,6,14,16,1,24,256,1,1,1,2,"122, ROUTE DE BORDEAUX",45.1832,0.64943
201400021077,17,6,14,9,1,24,322,2,1,1,6,"66, RUE PIERRE SEMARD",45.1943,0.70442
201400021078,30,8,14,13,1,24,322,2,3,1,3,RUE VICTOR HUGO,45.1897,0.71179
201400021079,11,9,14,10,1,24,322,2,1,1,3,PLACE CHARLES DURAND,45.1796,0.71535
201400021080,21,9,14,18,1,24,322,2,1,1,6,"276, ROUTE D'ANGOULEME",45.2006,0.68442
201400021081,6,10,14,21,5,24,322,2,3,2,3,BOULEVARD SAUMANDE,45.1809,0.72277
201400021082,10,10,14,10,1,24,53,1,1,1,1,ROUTE NATIONALE 221,45.1661,0.77026
201400021083,29,10,14,8,1,24,322,2,1,1,6,"16, RUE GAMBETTA",45.186,0.71813
201400021084,1,11,14,19,5,24,138,2,1,1,6,AVENUE DE GAULLE,45.1901,0.69388
201400021085,19,11,14,13,1,24,322,2,3,1,3,"80, BASCH (RUE VICTOR)",0.0,0.0
201400021086,11,12,14,9,1,24,138,1,9,2,6,PLACE PERON,45.1575,0.68863
201400021087,5,1,14,1,5,25,56,2,1,3,6,"50, DOLE RUE DE <82",47.23468,6.00894
201400021088,9,1,14,12,1,25,56,2,6,1,3,"SANS, CHAR  RUE RENE",0.0,0.0
201400021089,10,1,14,10,1,25,56,2,1,1,6,"20, BRABANT RUE DE",0.0,0.0
201400021090,11,1,14,10,1,25,56,2,3,1,6,"SANS, BASILIQUE RUE DE L",0.0,0.0
201400021091,10,1,14,14,1,25,56,2,1,1,3,OUEST BOULEVARD,0.0,0.0
201400021092,14,1,14,16,1,25,56,2,1,3,4,"SANS, OUEST BOULEVARD",0.0,0.0
201400021093,15,1,14,8,1,25,56,2,1,1,3,"sans, CHURCHILL BD WINST",0.0,0.0
201400021094,15,1,14,14,1,25,56,2,1,1,6,"105 Bis, BELFORT RUE DE",47.25149,6.03458
201400021095,17,1,14,15,2,25,56,2,2,1,6,"sans, LILAS  RUE DES",0.0,0.0
201400021096,18,1,14,18,5,25,56,2,1,1,6,"10, CHAR  RUE RENE",47.21831,5.95205
201400021097,20,1,14,18,5,25,56,2,1,3,6,ALLENDE  BOULEVARD SALVA,0.0,0.0
201400021098,24,1,14,6,3,25,56,2,1,1,7,"SANS, ESCALE  CHEMIN DE",0.0,0.0
201400021099,25,1,14,18,5,25,56,1,3,1,3,"SANS, CHURCHILL BD WINST",0.0,0.0
201400021100,25,1,14,22,5,25,56,2,1,1,6,ALLENDE  BOULEVARD SALVA,0.0,0.0
201400021101,27,1,14,19,5,25,56,2,2,1,6,"sans, PROUDHON RUE J-B V",0.0,0.0
201400021102,29,1,14,19,5,25,56,2,1,2,3,"23, VESOUL RUE DE < 52",47.24828,6.01994
201400021103,4,2,14,9,1,25,56,2,1,2,6,"SANS, EPITAPHE CHEMIN DE",0.0,0.0
201400021104,4,2,14,10,1,25,56,2,6,2,6,"SANS, MONTBOUCONS CHEMIN",0.0,0.0
201400021105,6,2,14,7,1,25,56,2,6,8,3,"2, GRAY ROUTE DE",47.24493,5.99575
201400021106,7,2,14,11,1,25,56,2,1,2,6,"61, GRANGES RUE DES > 26",47.23712,6.02689
201400021107,7,2,14,12,1,25,56,2,1,2,6,"172, DOLE RUE DE >82 & <",47.22782,5.98266
201400021108,8,2,14,23,5,25,56,2,1,8,6,RN 1057 (ROUTE DE GRAY-C,0.0,0.0
201400021109,11,2,14,11,1,25,56,2,1,1,6,PLANCON RUE GABRIEL,0.0,0.0
201400021110,11,2,14,14,1,25,56,2,1,1,6,SEPTIEME ARMEE AM. AVENU,0.0,0.0
201400021111,15,2,14,19,5,25,56,2,1,2,3,"SANS, KENNEDY  BOULEVARD",47.1407,5.59057
201400021112,17,2,14,16,1,25,56,2,1,1,2,DOLE RUE DE >200,0.0,0.0
201400021113,17,2,14,16,1,25,56,2,1,1,6,"52, VESOUL RUE DE < 52",47.25431,6.01546
201400021114,3,3,14,12,1,25,56,2,1,1,6,CHURCHILL BD WINSTON >19,47.25089,6.00922
201400021115,3,3,14,17,1,25,56,2,1,1,4,DOLE RUE DE >185 & <200,0.0,0.0
201400021116,7,3,14,16,1,25,56,2,3,1,3,"10, MUGUET  RUE DU",47.26615,6.04988
201400021117,7,3,14,17,1,25,56,2,1,1,6,"5, BERLIOZ RUE HECTOR",47.26103,6.04073
201400021118,10,3,14,11,1,25,56,2,1,1,4,"06, VOIRIN RUE",0.0,0.0
201400021119,11,3,14,9,1,25,56,2,1,1,2,"sans, NODIER  RUE CHARLE",0.0,0.0
201400021120,13,3,14,16,1,25,56,2,1,1,6,"18, PARC AVENUE DU",47.218,5.97126
201400021121,20,3,14,21,5,25,56,2,1,1,6,"SANS, KENNEDY  BOULEVARD",0.0,0.0
201400021122,25,3,14,7,1,25,56,2,1,1,2,"SANS, LAGRANGE  AVENUE L",0.0,0.0
201400021123,30,3,14,15,1,25,56,2,1,1,6,"SANS, MONTBOUCONS CHEMIN",0.0,0.0
201400021124,2,4,14,17,1,25,56,2,1,1,6,"SANS, DOLE RUE DE >82 &",0.0,0.0
201400021125,4,4,14,8,1,25,56,2,9,1,6,"61, BELFORT RUE DE <144",0.0,0.0
201400021126,6,4,14,10,1,25,56,2,1,1,7,FRIBOURG RUE DE,0.0,0.0
201400021127,8,4,14,7,1,25,56,2,1,2,2,"81, DOLE RUE DE <82",0.0,0.0
201400021128,8,4,14,17,1,25,56,2,1,1,2,"SANS, DOLE RUE DE >185 &",0.0,0.0
201400021129,9,4,14,11,1,25,56,2,1,1,4,"SANS, KENNEDY  BOULEVARD",0.0,0.0
201400021130,9,4,14,19,2,25,56,2,1,1,6,"30, CHOPARD RUE ALEXIS",47.24867,6.03172
201400021131,12,4,14,11,1,25,56,2,1,1,6,"3, FLEMING BOULEVARD",0.0,0.0
201400021132,13,4,14,15,1,25,56,2,1,1,6,"SANS, VAN GOGH SQUARE",0.0,0.0
201400021133,16,4,14,17,1,25,56,2,1,1,2,"SANS, FAURE AVENUE EDGAR",47.14691,6.13519
201400021134,26,4,14,4,3,25,56,1,1,2,1,MORRE ROUTE DE,0.0,0.0
201400021135,27,4,14,12,1,25,56,2,1,1,7,"27, GRETTE  RUE",47.23246,6.02042
201400021136,4,5,14,14,1,25,56,2,1,1,6,", MONTBOUCONS VOIES CITE",0.0,0.0
201400021137,7,5,14,13,1,25,56,2,3,1,5,"SANS, ERMITAGE  CHEMIN D",0.0,0.0
201400021138,13,5,14,17,1,25,56,1,2,2,5,"SANS, MARCHAUX ROUTE DE",47.2876,6.06519
201400021139,13,5,14,17,1,25,56,2,1,2,6,"SANS, SEPTIEME ARMEE AM.",47.1436,6.041
201400021140,19,5,14,7,1,25,56,2,1,1,3,"14 bis, JARDINS RUE DES",47.25028,6.0374
201400021141,19,5,14,15,1,25,56,1,1,1,6,MARCHAUX ROUTE DE,0.0,0.0
201400021142,20,5,14,11,1,25,56,2,1,1,1,VESOUL RUE DE < 52,0.0,0.0
201400021143,26,5,14,20,2,25,56,2,3,3,3,KENNEDY  BOULEVARD J.F.,0.0,0.0
201400021144,24,5,14,14,1,25,56,2,1,1,6,"13, BERNARD RUE TRISTAN",47.24894,6.03951
201400021145,25,5,14,12,1,25,56,2,1,1,1,"20, FONTAINE ECU RUE DE",47.24962,6.01102
201400021146,27,5,14,0,5,25,56,2,5,2,3,LECLERC   PLACE MA,0.0,0.0
201400021147,28,5,14,8,1,25,56,2,1,1,6,DOLE RUE DE <82,47.23215,5.99922
201400021148,28,5,14,12,1,25,56,2,1,1,6,CHURCHILL BD WINST,47.2482,6.00048
201400021149,31,5,14,14,1,25,56,2,1,1,6,"15, CHARMONT RUE DU PETI",47.24084,6.01672
201400021150,31,5,14,23,5,25,56,2,1,1,6,"14, CHAMPROND RUE",47.24205,6.02156
201400021151,2,6,14,15,1,25,56,2,2,1,3,BELLAY RUE JOACHIM DU,47.21465,5.95109
201400021152,3,6,14,7,1,25,56,2,1,1,6,"SANS, BLUM  BOULEVARD LE",47.25944,6.02917
201400021153,3,6,14,8,1,25,56,2,1,1,4,"SANS, MARCHAUX ROUTE DE",0.0,0.0
201400021154,4,6,14,16,1,25,56,2,1,1,2,"136, DOLE RUE DE >82 & <",47.22907,5.98859
201400021155,6,6,14,14,1,25,56,2,3,1,6,"SANS, VESOUL RUE DE < 52",47.25431,6.01546
201400021156,9,6,14,10,1,25,56,2,3,1,3,"40, DOLE RUE DE <82",47.23458,6.01066
201400021157,17,6,14,10,1,25,56,2,1,1,6,"87, VESOUL RUE DE < 52",47.25709,6.01135
201400021158,17,6,14,12,1,25,56,2,1,1,6,"21 B, DELACROIX RUE ALPH",47.24495,6.00554
201400021159,17,6,14,16,1,25,56,2,1,1,6,"SANS, DROZ   AVENUE EDOU",47.23959,6.03233
201400021160,19,6,14,3,5,25,56,2,1,1,7,"70, CRAS RUE DES",47.25686,6.03587
201400021161,21,6,14,23,5,25,56,2,1,1,6,"0, FOCH AVENUE MARECHAL",47.24295,6.02534
201400021162,24,6,14,10,1,25,56,2,1,1,6,"17, EDISON RUE THOMAS",47.23026,5.97108
201400021163,24,6,14,16,1,25,56,2,1,1,6,"SANS, BATTANT GRAPILLE D",47.24337,6.02291
201400021164,25,6,14,11,1,25,56,2,3,1,2,"SANS, MARCHAUX ROUTE DE",47.27066,6.05782
201400021165,26,6,14,12,1,25,56,2,1,1,3,"0, LAGRANGE  AVENUE LEO",47.24474,6.0037
201400021166,26,6,14,18,1,25,56,2,1,1,6,"0, BOURGOGNE AVENUE DE",47.22162,5.97414
201400021167,27,6,14,8,1,25,56,2,1,1,3,"SANS, VOIRIN RUE",47.24252,6.01288
201400021168,8,7,14,20,5,25,56,1,1,3,6,"SANS, RN 1057 (BD CHURCH",47.2505,6.00667
201400021169,10,7,14,10,1,25,56,2,1,2,6,"sans, BELIN RUE EDOUARD",47.22597,5.96895
201400021170,15,7,14,13,1,25,56,2,1,1,6,"1, GRANGES RUE DES < 26",47.23972,6.02325
201400021171,16,7,14,18,1,25,56,2,3,1,6,"sans, GAULARD AVENUE < 1",47.23497,6.0333
201400021172,21,7,14,12,1,25,56,2,6,2,3,"0, CHAR  RUE RENE",47.21813,5.9515
201400021173,21,7,14,18,1,25,56,2,9,8,3,"0, BRETON RUE ANDRE",47.21564,5.9497
201400021174,22,7,14,18,1,25,56,1,1,8,7,"0, RN 1057 (CH. EPITAPHE",47.25094,5.99196
201400021175,24,7,14,8,1,25,56,2,1,1,3,"sans, GARE D'EAU AV.  DE",47.23175,6.02396
201400021176,25,7,14,7,1,25,56,2,1,1,6,"30, CHASNOT RUE DU",47.2504,6.02676
201400021177,26,7,14,4,5,25,56,2,1,3,6,"sans, CHAMARS PARKING",0.0,0.0
201400021178,26,7,14,4,5,25,56,2,1,3,2,"228, DOLE RUE DE >200",0.0,0.0
201400021179,29,7,14,18,1,25,56,1,1,2,1,GRAY ROUTE DE,47.2445,5.98321
201400021180,1,8,14,0,5,25,56,2,1,1,6,"170, BELFORT RUE DE BELF",47.25694,6.04246
201400021181,7,8,14,21,3,25,56,2,1,1,6,"SANS, CHENE NOTRE DAME R",47.17835,6.18842
201400021182,20,8,14,14,1,25,56,2,1,8,6,"SANS, HELVETIE AVENUE D'",47.1455,6.17778
201400021183,23,8,14,5,5,25,56,2,1,1,6,"SANS, DOLE RUE DE >82 &",0.0,0.0
201400021184,23,8,14,17,1,25,56,2,1,1,6,"sans, FLEMING BOULEVARD",47.22547,5.96482
201400021185,23,8,14,23,5,25,56,2,2,2,3,"SANS, CHIFFLET RUE",47.23316,6.02615
201400021186,28,8,14,18,1,25,56,2,1,1,6,"SANS, FAURE AVENUE EDGAR",47.24391,6.01763
201400021187,29,8,14,19,1,25,56,2,1,1,3,"SANS, GRAY ROUTE DE",47.24003,5.98203
201400021188,2,9,14,17,1,25,56,2,1,1,3,"54, DOLE RUE DE <82",47.14041,6.04618
201400021189,2,9,14,20,5,25,56,2,3,1,1,"SANS, CLEMENCEAU AVENUE",47.23707,6.00412
201400021190,9,9,14,18,1,25,56,2,1,1,3,"31, CLEMENCEAU AVENUE G.",47.23865,6.01113
201400021191,5,9,14,12,1,25,56,2,1,1,6,"10, VIGNY  RUE ALFRED",47.21574,5.96212
201400021192,6,9,14,19,1,25,56,2,1,1,2,"SANS, DOLE RUE DE <82",47.23215,5.99922
201400021193,7,9,14,9,1,25,56,2,1,1,3,"sans, BLUM BOULEVARD LEO",47.26022,6.03156
201400021194,12,9,14,19,2,25,56,2,1,1,6,RN 1057 (CH. EPITAPHE-CH,47.25327,5.9886
201400021195,13,9,14,14,1,25,56,2,6,1,3,"SANS, MONTARMOTS CHEMIN",47.26612,6.02734
201400021196,13,9,14,19,1,25,56,2,1,1,6,"15, AVANNE A VELOTTE CHE",47.12975,6.01508
201400021197,14,9,14,20,5,25,56,2,1,1,6,"SANS, FAURE AVENUE EDGAR",47.14579,6.10273
201400021198,13,9,14,18,1,25,56,2,1,1,3,"SANS, MORRE ROUTE DE",0.0,0.0
201400021199,15,9,14,17,1,25,56,2,1,1,3,"SANS, DOLE RUE DE >185 &",47.227,5.98039
201400021200,19,9,14,4,5,25,56,2,1,1,6,"58, DOLE RUE DE <82",47.23309,6.00393
201400021201,18,9,14,19,2,25,56,2,1,1,1,"48, FORT BENOIT CHEMIN D",47.25953,6.05151
201400021202,22,9,14,7,1,25,56,2,1,1,3,OUEST BOULEVARD,0.0,0.0
201400021203,4,9,14,17,1,25,56,2,1,1,6,HUIT MAI 1945 AVENUE DU,47.23523,6.01315
201400021204,7,10,14,17,1,25,56,2,1,3,7,LAGRANGE  AVENUE LEO,0.0,0.0
201400021205,9,10,14,13,1,25,56,2,1,1,6,"SANS, LAGRANGE  AVENUE L",0.0,0.0
201400021206,10,10,14,7,2,25,56,2,6,2,2,"SANS, TORCOLS CHEMIN DES",47.15559,6.0952
201400021207,15,10,14,19,1,25,56,2,2,2,3,"SANS, BELFORT RUE DE <14",47.2468,6.02669
201400021208,16,10,14,19,5,25,56,2,2,3,3,"SANS, GAULLE BOULEVARD C",0.0,0.0
201400021209,18,10,14,17,1,25,56,2,5,1,3,"SANS, LECLERC   PLACE MA",0.0,0.0
201400021210,19,10,14,2,5,25,56,2,1,1,1,"SANS, FAURE AVENUE EDGAR",0.0,0.0
201400021211,17,10,14,17,1,25,56,2,1,1,2,"SANS, DOLE RUE DE >82 &",47.1328,5.2812
201400021212,20,10,14,16,1,25,56,2,1,1,3,"SANS, VOIRIN RUE",0.0,0.0
201400021213,21,10,14,12,1,25,56,2,5,2,3,"SANS, LECLERC   PLACE MA",47.24205,6.01467
201400021214,21,10,14,23,5,25,56,2,2,1,6,"SANS, PICARD RUE EMILE",47.24439,6.04085
201400021215,24,10,14,17,1,25,56,2,1,1,1,PUITS RUE DU,47.23434,5.98948
201400021216,29,10,14,11,1,25,56,2,1,1,6,"2, BIBLIOTHEQUE RUE DE L",47.23613,6.02805
201400021217,13,11,14,16,1,25,56,2,1,1,6,"1, BERLIOZ RUE HECTOR",47.26099,6.04104
201400021218,14,11,14,12,1,25,56,2,1,1,6,"SANS, DROZ   AVENUE EDOU",0.0,0.0
201400021219,20,11,14,16,1,25,56,2,1,1,3,"sans, CHAR  RUE RENE",0.0,0.0
201400021220,25,11,14,11,1,25,56,2,1,1,3,"SANS, VESOUL RUE DE < 52",47.25431,6.01546
201400021221,26,11,14,17,5,25,56,2,1,1,3,"97, DOLE RUE DE >82 & <1",47.22925,5.98968
201400021222,27,11,14,15,1,25,56,2,1,1,3,"42, MONTRAPON AVENUE DE",47.24802,6.00596
201400021223,1,12,14,17,5,25,56,2,1,1,6,"4, CAUSSES RUE DES",47.21766,5.96598
201400021224,4,12,14,15,1,25,56,2,1,1,6,"9, BEAUREGARD RUE",47.24442,6.03309
201400021225,7,12,14,15,1,25,56,2,1,1,7,"72, CHALEZEULE RUE DE >",47.24923,6.05044
201400021226,13,12,14,11,1,25,56,2,1,1,6,"1, PREFECTURE RUE DE LA",47.23586,6.02632
201400021227,19,12,14,21,5,25,56,2,1,2,6,"SANS, JARDINS RUE DES",47.25123,6.03767
201400021228,25,12,14,0,5,25,56,2,1,2,6,"25, CASSOTTE  RUE DE LA",47.24711,6.03093
201400021229,28,12,14,14,1,25,56,1,1,4,6,"SANS, RN 1057 (CH. EPITA",0.0,0.0
201400021230,15,1,14,14,1,25,20,2,6,1,6,PERLINSKY (RUE R.),0.0,0.0
201400021231,19,1,14,15,1,25,388,2,1,1,6,"45, CHABAUD-LATOUR (AVEN",47.51071,6.80891
201400021232,18,3,14,7,1,25,388,2,1,1,6,"0, CHENOIS (RUE DU PETIT",0.0,0.0
201400021233,26,5,14,16,1,25,388,2,1,1,3,ALLIES (AVENUE DES),47.51364,6.79874
201400021234,26,5,14,9,1,25,388,2,1,1,5,LUDWIGSBURG (AVENUE DE),0.0,0.0
201400021235,11,6,14,16,1,25,31,2,1,1,6,PRESBYTERE (RUE DU),47.48651,6.83164
201400021236,21,11,14,12,1,25,388,2,1,1,1,LECLERC (RUE DU GENERAL),47.51044,6.79767
201400021237,10,7,14,16,1,25,539,2,6,8,3,"2, BANNOT (RUE DU)",47.45941,6.85787
201400021238,15,7,14,16,1,25,31,2,1,7,6,"37, JAURES (AVENUE JEAN)",47.48754,6.83086
201400021239,6,10,14,16,1,25,388,2,1,1,6,HOLLANDE (RUE DE LA PETI,47.50067,6.79163
201400021240,2,11,14,18,5,25,20,2,1,1,3,"1, RD 472",0.0,0.0
201400021241,26,7,14,17,1,25,547,2,1,1,7,"4, rue d'Epinal",47.51502,6.83047
201400021242,19,9,14,13,1,25,388,2,1,1,6,"24, LECLERC (RUE DU GENE",47.51231,6.79806
201400021243,25,9,14,13,1,25,388,2,1,1,6,"09, FONTAINE (RUE JEAN D",47.51917,6.78722
201400021244,23,10,14,16,1,25,388,2,3,1,1,"1, GAMBETTA (AVENUE)",47.51449,6.79755
201400021245,23,10,14,15,1,25,230,2,3,1,6,"2, CONTEJEAN (RUE LOUIS)",47.4978,6.83328
201400021246,12,11,14,11,1,25,388,2,3,2,6,"2, MONT BART (RUE DU)",47.50612,6.79422
201400021247,12,11,14,18,5,25,539,2,1,3,6,"6, BERNE (RUE DE)",47.45385,6.87563
201400021248,24,11,14,20,3,25,31,1,1,1,1,DASLE (RUE DE),47.47967,6.86082
201400021249,11,10,14,23,5,25,547,2,1,1,7,"2, GRAND CHARMONT (RUE D",47.53537,6.7961
201400021250,22,7,14,17,1,25,580,2,1,3,3,BEAULIEU- RN 437 (ROUTE,47.45687,6.84012
201400021251,28,11,14,17,5,25,388,2,1,1,6,"102, AUDINCOURT (ROUTE D",47.49722,6.80616
201400021252,26,9,14,12,1,25,547,2,1,1,1,"06, rue d'Epinal",47.51515,6.82986
201400021253,3,10,14,20,5,25,388,2,1,1,6,"59, CHABAUD-LATOUR (AVEN",47.50919,6.80961
201400021254,29,10,14,9,1,25,539,2,1,1,6,"129, LECLERC (AVENUE DU",47.46139,6.85971
201400021255,12,11,14,7,5,25,539,2,1,2,6,"6, LECLERC (AVENUE DU GE",47.45875,6.86851
201400021256,15,11,14,17,5,25,31,2,1,2,6,"36, JAURES (AVENUE JEAN)",47.48745,6.83059
201400021257,18,11,14,14,1,25,580,2,1,1,3,"15, BRUYERES (AVENUE DES",47.45485,6.82828
201400021258,14,1,14,13,1,25,204,2,1,1,6,Fruiti?re  (de la ),0.0,0.0
201400021259,14,1,14,18,5,25,462,2,1,4,6,PILLOD JOSEPH,0.0,0.0
201400021260,31,1,14,6,5,25,462,2,1,9,7,"18, DENIS PAPIN",46.91467,6.33765
201400021261,26,2,14,16,1,25,462,2,1,4,7,ETRACHES LES,0.0,0.0
201400021262,28,2,14,12,1,25,204,2,1,2,6,"115, rue de Besançon",46.92077,6.34379
201400021263,2,3,14,17,1,25,462,2,6,8,3,"1, MORTEAU DE (DU 0 AU 3",46.90588,6.35757
201400021264,20,3,14,16,1,25,462,2,1,1,6,"8, CAMUS ALBERT",0.0,0.0
201400021265,18,3,14,12,1,25,462,2,2,1,3,"15, PAIX DE LA",0.0,0.0
201400021266,5,4,14,15,1,25,462,2,3,2,6,GARE (DE LA),0.0,0.0
201400021267,26,4,14,7,1,25,462,2,2,1,3,"12, PAIX DE LA",46.91029,6.35059
201400021268,24,5,14,17,1,25,462,2,1,1,6,"34A, BESANCON (RUE DE)",46.90702,6.35035
201400021269,21,6,14,19,1,25,462,2,6,1,5,BESANCON (DU 72TER A LA,47.53129,6.81057
201400021270,23,6,14,9,1,25,462,2,1,1,3,"18, ARMEE DE L'EST (AVEN",46.9041,6.35424
201400021271,23,6,14,22,5,25,462,2,6,3,3,ROCADE G.POMPIDOU (DU 25,0.0,0.0
201400021272,1,7,14,9,1,25,462,2,3,1,6,CHAPPE CLAUDE,46.90816,6.34118
201400021273,1,7,14,12,1,25,462,2,1,1,2,MARPAUD,46.90198,6.35477
201400021274,1,7,14,18,1,25,462,2,1,1,6,"60, SALINS DE (DU 16 AU",46.90849,6.34109
201400021275,10,7,14,9,1,25,462,2,1,3,6,"38, BESANCON (RUE DE)",46.9077,6.35052
201400021276,11,7,14,18,1,25,462,2,1,2,6,"40, LIBERATION DE LA (DU",46.91102,6.33864
201400021277,15,7,14,16,1,25,462,2,1,1,2,BESANCON (DU 72TER A LA,46.91435,6.34611
201400021278,19,7,14,19,1,25,462,2,1,1,2,MARPAUD,46.90198,6.35477
201400021279,1,8,14,14,1,25,204,1,1,1,6,Route D?partementale 437,0.0,0.0
201400021280,2,8,14,11,1,25,462,2,1,1,3,"12, PASTEUR (RUE)",46.90424,6.35032
201400021281,8,8,14,10,1,25,462,2,9,1,3,"4, SCHUMAN (ROBERT)",46.90838,6.33583
201400021282,9,8,14,18,1,25,204,2,1,1,6,"12, Buraco",46.55,6.21
201400021283,20,8,14,18,1,25,462,2,6,1,2,ARMEE DE L'EST (AVENUE D,0.0,0.0
201400021284,8,9,14,14,1,25,462,2,1,1,6,"1, BERNARDINES",46.90508,6.35457
201400021285,25,9,14,19,3,25,204,1,1,1,6,R-N 57.,0.0,0.0
201400021286,26,9,14,19,2,25,462,2,3,1,3,CAPUCINS DES,46.90655,6.35
201400021287,3,10,14,15,1,25,462,2,3,1,6,"53, DOUBS DE (DU 25 A LA",46.92,6.35
201400021288,21,10,14,7,5,25,462,2,1,2,1,ROCADE G.POMPIDOU (DU 25,0.0,0.0
201400021289,22,10,14,15,1,25,462,2,3,8,3,"17, GRANGES DES",46.89814,6.34587
201400021290,15,11,14,17,5,25,462,2,1,2,6,"33, SAINT ETIENNE FAUBOU",46.90127,6.36078
201400021291,25,11,14,12,1,25,204,2,1,1,2,"1, Grande rue",46.92748,6.34697
201400021292,27,11,14,11,1,25,462,1,1,1,7,ROCADE G.POMPIDOU (DU 25,46.90185,6.34476
201400021293,28,11,14,13,1,25,462,2,3,1,3,"1, THOMAS EMILE",46.90574,6.34956
201400021294,29,11,14,13,1,25,204,1,1,1,7,"1, Route D?partementale",47.3889,6.75296
201400021295,12,12,14,8,1,25,204,2,3,4,1,"1, Chauss?e   (de la)",0.0,0.0
201400021296,18,12,14,15,1,25,462,2,1,2,7,"29, DENIS PAPIN",46.90962,6.33526
201400021297,18,12,14,18,5,25,462,2,1,2,6,"81, SALINS DE (DU 64 A L",46.90805,6.34133
201400021298,29,12,14,13,1,25,462,2,2,4,3,"1, BAUMONT",0.0,0.0
201400021299,10,1,14,21,3,84,62,1,2,1,3,,0.0,0.0
201400021300,18,1,14,11,1,84,99,1,1,2,7,,0.0,0.0
201400021301,15,2,14,7,2,84,38,1,1,1,7,,0.0,0.0
201400021302,8,4,14,9,1,84,38,1,1,2,7,,0.0,0.0
201400021303,13,7,14,4,3,84,71,1,1,1,7,,0.0,0.0
201400021304,27,7,14,18,1,84,62,1,1,1,3,,0.0,0.0
201400021305,17,11,14,12,1,84,99,1,1,8,1,,0.0,0.0
201400021306,15,12,14,14,1,84,99,1,1,1,6,,0.0,0.0
201400021307,15,1,14,8,3,59,16,1,2,2,3,,0.0,0.0
201400021308,26,1,14,6,3,59,463,1,1,1,6,,0.0,0.0
201400021309,28,1,14,11,1,59,67,2,7,1,6,PLACE MARCHE AUX POISSON,50.9706,2.43262