Num_Acc,jour,mois,an,hr,condition_eclairage,departement,commune,condition_agglomeration,intersection,condition_atmosphere,type_collision,adresse,lattitude,longitude
201400021310,7,6,14,11,1,59,162,1,1,1,6,,0.0,0.0
201400021311,25,8,14,16,1,59,478,1,1,3,1,,0.0,0.0
201400021312,17,9,14,17,1,59,478,1,1,1,1,,0.0,0.0
201400021313,7,12,14,3,3,59,319,1,1,9,6,,0.0,0.0
201400021314,14,9,14,11,1,79,95,1,2,1,3,,0.0,0.0
201400021315,14,9,14,13,1,79,60,1,1,1,6,,0.0,0.0
201400021316,5,11,14,18,3,79,349,1,1,1,6,,0.0,0.0
201400021317,12,1,14,0,3,62,849,2,1,8,6,rue de verton,50.39682,1.63249
201400021318,13,4,14,14,1,62,688,1,1,1,4,,50.41422,1.66894
201400021319,17,4,14,17,1,62,390,2,1,1,2,route de berck,50.39352,1.60227
201400021320,10,5,14,20,1,62,261,2,1,1,1,avenue de la lib?ration,50.47369,1.61767
201400021321,17,5,14,17,1,62,233,1,3,1,3,,50.35011,1.64776
201400021322,11,6,14,11,1,62,849,1,1,1,1,,50.4077,1.64025
201400021323,13,6,14,14,1,62,261,2,2,1,3,rue victor,50.48237,1.59281
201400021324,27,6,14,6,1,62,752,1,1,1,6,,50.49519,1.66236
201400021325,26,7,14,14,1,62,866,2,1,7,1,,50.38038,1.65391
201400021326,19,10,14,16,1,62,849,1,2,1,3,,50.40791,1.64747
201400021327,17,11,14,16,2,62,849,2,1,2,2,route de Wailly CD142E2,50.40138,1.65107
201400021328,6,12,14,17,3,62,752,1,1,9,6,,50.46634,1.66318
201400021329,19,12,14,12,1,62,571,2,1,2,1,RD940,50.4454,1.61754
201400021330,19,12,14,16,2,62,261,2,2,1,3,,50.48007,1.59529
201400021331,14,1,14,17,5,59,278,2,3,1,6,10 rue De Gaulle,0.0,0.0
201400021332,5,3,14,14,1,59,653,2,1,1,6,rue vincent auriol,0.0,0.0
201400021333,31,3,14,9,1,59,208,2,1,7,1,20 Route d'Aubers,0.0,0.0
201400021334,16,6,14,12,1,59,653,2,1,1,6,"20, PINTEAUX ACHILLE RUE",0.0,0.0
201400021335,3,9,14,12,1,59,553,1,3,1,3,,0.0,0.0
201400021336,21,9,14,17,1,59,278,1,6,1,6,,0.0,0.0
201400021337,7,11,14,23,3,59,553,2,6,9,6,RD341,0.0,0.0
201400021338,1,12,14,18,3,59,88,1,1,1,5,,0.0,0.0
201400021339,9,12,14,17,2,59,278,1,1,8,1,,0.0,0.0
201400021340,7,2,14,17,5,74,272,2,1,2,6,1290 ROUTE DE CLERMONT,0.0,0.0
201400021341,7,5,14,17,1,74,26,1,1,1,1,ROUTE DE CHOISY - VINCY,0.0,0.0
201400021342,11,5,14,17,1,74,19,1,1,1,1,,0.0,0.0
201400021343,12,6,14,8,1,74,272,2,3,1,3,4477 ROUTE DE CLERMONT,0.0,0.0
201400021344,5,7,14,18,1,74,181,1,1,1,5,,0.0,0.0
201400021345,5,7,14,23,5,74,217,2,1,1,6,ROUTE DE GENEVE,0.0,0.0
201400021346,2,9,14,22,3,74,98,1,1,1,7,ROUTE DE PROMERY,0.0,0.0
201400021347,10,9,14,8,1,74,19,2,1,1,6,route de Pringy,0.0,0.0
201400021348,28,9,14,5,3,74,181,1,1,1,6,,0.0,0.0
201400021349,1,10,14,2,5,74,213,2,1,1,6,ROUTE DE L AGRICULTURE,0.0,0.0
201400021350,2,10,14,10,1,74,182,2,9,1,6,3 RUE FRANCOIS VERNEX,0.0,0.0
201400021351,29,10,14,1,3,74,272,2,1,1,2,Route de Bellegarde,0.0,0.0
201400021352,14,11,14,23,5,74,182,2,2,2,1,avenue du stade,0.0,0.0
201400021353,15,2,14,4,3,10,33,1,1,1,6,,46.1216,5.81877
201400021354,7,3,14,15,1,10,91,2,6,1,6,RUE DU MONT-BLANC,46.1138,5.78671
201400021355,27,7,14,14,1,10,44,1,1,1,6,,0.0,0.0
201400021356,21,11,14,7,3,10,401,1,1,1,5,,0.0,0.0
201400021357,16,8,14,8,2,83,43,1,1,1,7,,0.0,0.0
201400021358,18,10,14,11,1,83,100,1,1,1,1,,0.0,0.0
201400021359,5,11,14,18,3,83,49,1,6,1,1,,0.0,0.0
201400021360,11,1,14,18,5,26,198,2,1,1,7,AVENUE JEAN JAURES,0.0,0.0
201400021361,4,2,14,10,1,26,198,2,1,2,6,AVENUE SAINT LAZARE,0.0,0.0
201400021362,20,2,14,13,1,26,198,2,1,1,6,RUE CHABERT,44.5581,4.7453
201400021363,26,2,14,23,3,26,198,1,1,1,2,RTE NATIONALE 7,0.0,0.0
201400021364,1,3,14,6,5,26,198,2,1,2,6,115 RTE DE MARSEILLE,0.0,0.0
201400021365,2,3,14,16,1,26,198,2,1,1,3,CHEMIN DE LA NITRIERE,44.5706,4.7499
201400021366,4,3,14,8,1,26,198,2,9,1,3,CHEMIN DE LA NITRIERE,44.5705,4.7509
201400021367,21,2,14,10,1,26,198,2,1,1,3,ROUTE DU TEIL,0.0,0.0
201400021368,1,4,14,12,1,26,198,1,1,1,7,RUE DES GREZES,0.0,0.0
201400021369,21,5,14,17,1,26,198,1,1,1,6,ROUTE DEPARTEMENTAL 540,0.0,0.0
201400021370,25,5,14,21,5,26,198,2,1,2,6,RUE DU DOCTEUR PINEL,0.0,0.0
201400021371,3,6,14,18,1,26,198,2,1,1,6,CHEMIN DES ROSIERS,44.5555,4.7211
201400021372,5,6,14,14,1,26,198,2,1,1,3,ROUTE DE MARSEILLE,0.0,0.0
201400021373,13,6,14,20,1,26,198,2,1,1,3,ROUTE DE MARSEILLE,0.0,0.0
201400021374,23,6,14,14,1,26,198,2,1,1,3,BD PRESIDT ALBERT LEBRUN,0.0,0.0
201400021375,6,7,14,20,2,26,198,1,2,1,3,RUE DE LA FEDERATION,0.0,0.0
201400021376,15,7,14,21,5,26,198,2,1,1,2,33  BD MARRE DESMARAIS,0.0,0.0
201400021377,21,7,14,12,1,26,198,1,1,1,2,RTE NATIONALE 7,0.0,0.0
201400021378,7,8,14,10,1,26,198,2,1,1,3,RD PT DES COMBATTANTS AF,0.0,0.0
201400021379,2,8,14,15,1,26,198,2,1,1,3,AVENUE DE GOURNIER,0.0,0.0
201400021380,4,9,14,10,1,26,198,1,3,1,3,26198,0.0,0.0
201400021381,24,9,14,17,1,26,198,1,1,2,3,26198,0.0,0.0
201400021382,15,10,14,14,1,26,198,2,1,1,2,26198,0.0,0.0
201400021383,25,11,14,8,1,26,198,2,1,3,2,26198,0.0,0.0
201400021384,8,12,14,20,3,26,198,1,3,2,1,ROUTE DE DIEULEFIT,0.0,0.0
201400021385,19,12,14,10,1,26,198,2,1,1,3,26198,44.5632,4.7471
201400021386,6,1,14,16,2,26,57,2,1,1,6,RUE  VALLON ANTONIN,0.0,0.0
201400021387,10,1,14,17,2,26,281,2,7,1,3,PARKING CENTRAL GAMBETT,45.0454,5.0571
201400021388,15,1,14,7,2,26,281,2,6,1,7,AVENUE DU DOCTEUR BONNET,45.0504,5.0469
201400021389,16,1,14,17,2,26,281,2,2,1,3,BD MARX DORMOY,45.0468,5.0553
201400021390,17,1,14,9,1,26,281,2,1,1,3,PONT VIEUX,45.0422,5.0485
201400021391,4,2,14,8,1,26,281,2,1,2,6,RD 538 DIRECTION MOURS,45.0486,5.0491
201400021392,8,2,14,20,5,26,281,2,3,1,3,RUE ARMILLERIE,45.0439,5.05
201400021393,10,2,14,14,1,26,281,2,6,3,7,BD LAPASSAT ETIENNE JEAN,0.0,0.0
201400021394,11,2,14,19,5,26,281,2,3,1,3,RUE VALLIN NINON,45.0481,5.0756
201400021395,16,2,14,21,5,26,281,2,1,8,1,RUE  ABBAT SIMONE,45.0483,5.0379
201400021396,17,2,14,9,1,26,281,2,1,1,4,BD LAPASSAT ETIENNE J,0.0,0.0
201400021397,13,2,14,15,1,26,281,1,1,1,3,BOULEVARD SERVET MICHEL,45.0515,5.0533
201400021398,18,2,14,7,1,26,281,2,1,1,1,BD  MENDES FRANCE PIERRE,0.0,0.0
201400021399,20,2,14,18,2,26,281,2,3,1,6,BD LIBERATION,45.0479,5.0474
201400021400,26,2,14,12,1,26,281,1,1,2,3,26281,0.0,0.0
201400021401,28,2,14,8,1,26,57,2,1,2,2,RD 2532N,0.0,0.0
201400021402,3,3,14,9,1,26,281,2,1,2,2,26281,45.0483,5.0737
201400021403,4,3,14,14,1,26,281,2,3,1,6,BD MENDES FRANCE PIERRE,0.0,0.0
201400021404,18,3,14,16,1,26,281,2,1,1,6,BD LAPASSAT ETIENNE JEAN,0.0,0.0
201400021405,19,3,14,18,1,26,281,2,1,1,6,PLACE JEAN JAURES,45.0458,5.0507
201400021406,24,3,14,16,1,26,281,2,2,1,3,AVENUE DU 8 MAI,45.0469,5.0812
201400021407,28,3,14,8,1,26,281,2,1,1,2,AVENUE DUCHESNE,45.0471,5.0434
201400021408,29,3,14,11,1,26,281,2,1,1,3,COTE DES MASSES,45.0451,5.0446
201400021409,28,3,14,17,1,26,281,2,1,1,2,RD 532 DIRECTION TAIN,0.0,0.0
201400021410,4,4,14,7,1,26,57,2,2,1,2,RUE VALLON ANTONIN,45.04,5.0566
201400021411,9,4,14,7,1,26,57,2,1,1,2,RD 2532N,0.0,0.0
201400021412,11,4,14,14,1,26,281,2,2,1,3,RUE  PAPIN DENIS,45.0541,5.101
201400021413,14,4,14,11,1,26,281,2,6,1,3,ROUTE DE  TAIN,45.0433,5.0291
201400021414,15,4,14,9,1,26,281,2,6,1,6,AV DU MAQUIS,45.05,5.0784
201400021415,21,4,14,13,1,26,281,2,1,1,1,BD LAPASSAT ETIENNE JEAN,0.0,0.0
201400021416,23,4,14,17,1,26,281,2,1,1,3,AVENUE FIGUET ADOLPHE,45.044,5.0626
201400021417,29,4,14,19,1,26,57,1,1,1,2,RD 149,0.0,0.0
201400021418,9,5,14,11,1,26,57,2,3,1,3,CARREFOUR SUD,0.0,0.0
201400021419,9,5,14,18,1,26,281,2,2,1,3,COURS PIERRE DIDIER,45.0458,5.0492
201400021420,13,5,14,13,1,26,281,2,2,1,3,BOULEVARD REMY ROURE,45.0499,5.0399
201400021421,2,6,14,15,1,26,281,2,1,1,2,1 AVENUE  DUCHESNE,45.0457,5.046
201400021422,3,6,14,4,5,26,281,2,1,1,1,COTES DES CHAPELIERS,45.0418,5.0442
201400021423,4,6,14,16,1,26,57,2,2,2,3,RN 2532,0.0,0.0
201400021424,5,6,14,10,1,26,281,2,1,1,6,AVENUE BERTHELOT,45.0436,5.0323
201400021425,7,6,14,18,1,26,57,1,1,1,2,RD 538,0.0,0.0
201400021426,9,6,14,8,1,26,281,2,6,1,3,AVENUE JEAN MOULIN,45.0503,5.0471
201400021427,11,6,14,15,1,26,281,2,1,1,3,PLACE CHARLES GAULLE,45.045,5.0501
201400021428,11,6,14,19,1,26,281,2,1,1,1,AVENUE GAMBETTA,45.0454,5.0594
201400021429,13,6,14,8,1,26,281,2,1,1,6,COURS PIERRE DIDIER,45.0456,5.0482
201400021430,19,6,14,17,1,26,281,2,6,1,6,PLACE CARNOT,45.0486,5.0487
201400021431,27,6,14,8,1,26,57,2,1,1,1,AV GEORGES  POMPIDOU,0.0,0.0
201400021432,3,7,14,12,1,26,57,1,1,1,4,RD 2532N,0.0,0.0
201400021433,4,7,14,8,1,26,57,2,1,1,4,RD 2532N,0.0,0.0
201400021434,4,7,14,9,1,26,57,2,6,1,6,GRAND RUE JEAN JAURES,45.0394,5.0477
201400021435,5,7,14,20,2,26,281,2,2,1,3,BD PIERRE MENDES FRANCE,0.0,0.0
201400021436,14,7,14,15,1,26,281,2,1,1,7,RUE NICOLAS  APPERT,45.0573,5.0891
201400021437,16,7,14,8,1,26,281,2,6,1,2,RD 532 DIRECTION TAIN,0.0,0.0
201400021438,17,7,14,15,1,26,281,2,1,1,2,BOULEVARD REMY ROURE,45.05,5.0437
201400021439,19,7,14,14,1,26,57,2,2,1,1,RD 2532N,0.0,0.0
201400021440,23,7,14,21,2,26,57,1,1,1,2,RD 538,0.0,0.0
201400021441,24,7,14,14,1,26,281,2,1,1,1,RD 532 DIRECTION TAIN,0.0,0.0
201400021442,31,7,14,12,1,26,281,2,1,1,6,PLACE DE  PRESLE,45.0428,5.0455
201400021443,7,8,14,22,2,26,281,2,2,1,3,AVENUE DUCHESNE,45.0468,5.044
201400021444,16,8,14,12,1,26,57,2,6,1,2,PLACE ENDREVON,45.0386,5.0506
201400021445,22,8,14,12,1,26,281,2,6,1,2,BD  LAPASSAT ETIENNE J,0.0,0.0
201400021446,31,8,14,13,1,26,281,1,1,1,1,RD 532 DIRECTION TAIN,0.0,0.0
201400021447,9,9,14,11,1,26,281,2,2,1,3,PLACE JEAN JAURES,45.0459,5.0518
201400021448,15,9,14,17,1,26,281,2,3,1,3,RD 532 DIRECTION TAIN,0.0,0.0
201400021449,16,9,14,18,1,26,281,2,1,1,3,RUE CHENIER ANDRE,45.0511,5.0557
201400021450,19,9,14,19,2,26,57,2,1,1,3,BD ALPES PROVENCE,0.0,0.0
201400021451,30,9,14,11,1,26,281,2,6,1,3,AVENUE GAMBETTA,45.0453,5.062
201400021452,1,10,14,11,1,26,281,2,6,1,3,AVENUE GAMBETTA,45.0453,5.062
201400021453,30,9,14,18,1,26,281,2,1,1,3,RD 532 DIRECTION TAIN,0.0,0.0
201400021454,8,10,14,17,1,26,281,2,4,1,3,26281,45.0465,5.069
201400021455,11,10,14,18,1,26,281,2,6,1,3,26281,45.0454,5.0533
201400021456,17,10,14,16,1,26,281,2,1,1,4,26281,0.0,0.0
201400021457,19,10,14,13,1,26,57,2,2,1,6,BOUL RAPHAELLE LUPIS,45.0369,5.0636
201400021458,22,10,14,17,1,26,281,2,1,1,6,26281,45.047,5.0542
201400021459,24,10,14,17,1,26,281,2,1,1,2,26281,45.0521,5.0612
201400021460,24,10,14,19,5,26,281,2,3,1,2,26281,45.0592,5.0503
201400021461,26,10,14,20,5,26,281,2,3,1,3,26281,45.0578,5.0498
201400021462,27,10,14,11,1,26,57,2,3,1,3,GRAND RUE JEAN JAURES,45.0319,5.0468
201400021463,4,11,14,8,1,26,281,2,2,3,3,26281,45.0471,5.0708
201400021464,7,11,14,8,1,26,281,2,1,1,6,26281,45.0501,5.041
201400021465,7,11,14,17,2,26,57,1,2,1,2,26057,0.0,0.0
201400021466,19,11,14,18,2,26,57,2,1,1,3,26057,45.0407,5.0536
201400021467,24,11,14,16,1,26,57,2,2,1,3,26057,0.0,0.0
201400021468,27,11,14,13,1,26,281,2,1,1,6,26281,45.0477,5.0546
201400021469,27,11,14,14,1,26,57,2,1,1,6,26057,0.0,0.0
201400021470,3,12,14,8,1,26,281,2,0,2,2,MENDES FRANCE PIE,0.0,0.0
201400021471,8,12,14,9,1,26,281,2,6,1,6,PLACE JEAN JAURES,45.0457,5.0554
201400021472,9,12,14,15,1,26,281,2,6,1,3,AVENUE EMILE ZOLA,45.0552,5.0646
201400021473,10,12,14,7,2,26,281,2,6,1,3,AVENUE ADOLPHE FIGUET,45.0427,5.058
201400021474,15,12,14,13,1,26,281,2,0,1,3,BOULEVARD REMY ROURE,45.05,5.0425
201400021475,17,12,14,11,1,26,57,1,2,1,2,RD 538,0.0,0.0
201400021476,17,12,14,11,1,26,281,2,1,1,6,COURS PIERRE DIDIER,45.0456,5.0481
201400021477,17,12,14,17,2,26,281,1,1,2,3,RD 532,0.0,0.0
201400021478,17,12,14,18,5,26,281,2,1,2,7,26281,45.0486,5.0496
201400021479,19,12,14,18,3,26,57,1,2,1,3,RD 102,0.0,0.0
201400021480,8,1,14,17,5,26,58,2,6,1,3,RUE GAY LUSSAC,44.9438,4.891
201400021481,10,1,14,10,1,26,362,2,1,1,3,RUE DE LA FORET,44.9201,4.9152
201400021482,14,1,14,21,5,26,252,2,2,2,3,RUE JEAN JAURES,0.0,0.0
201400021483,15,1,14,20,5,26,362,2,3,1,1,AVENUE DE ROMANS,44.9346,4.9073
201400021484,16,1,14,4,3,26,313,1,1,1,6,LACRA RN 532,0.0,0.0
201400021485,17,1,14,15,1,26,252,2,1,1,3,DEVIATION DE PORTES,0.0,0.0
201400021486,29,1,14,7,1,26,362,2,1,1,6,RUE DENIS PAPIN,44.9262,4.892
201400021487,31,1,14,8,1,26,362,2,1,1,3,31 BOULEVARD  ROOSEVELT,44.9202,4.9152
201400021488,2,2,14,2,5,26,362,2,1,1,6,RUE ARMENIE,44.9335,4.8949
201400021489,16,2,14,8,1,26,4,1,1,2,7,LACRA RN532,0.0,0.0
201400021490,24,2,14,9,1,26,362,2,1,1,6,AVENUE  GAMBETTA,44.9304,4.8885
201400021491,26,2,14,8,1,26,362,2,1,2,6,98 RUE CHATEAUVERT,44.9216,4.8986
201400021492,7,3,14,15,1,26,252,2,4,1,3,RUE DORMOY MARX,44.8793,4.8852
201400021493,17,3,14,17,1,26,362,2,1,1,6,RUE BRANLY EDOUARD,44.9184,4.8991
201400021494,18,3,14,14,1,26,58,2,1,1,6,AVENUE JACQUES BREL,44.9518,4.9032
201400021495,22,3,14,22,5,26,362,2,6,2,1,AV DE  LA LIBERATION,44.9149,4.8901
201400021496,21,3,14,10,1,26,362,2,1,1,6,123 AVENUE DE ROMANS,44.9342,4.9055
201400021497,31,3,14,13,1,26,252,1,1,1,2,RN7 DEVIATION DE PORTES,0.0,0.0
201400021498,9,4,14,15,1,26,362,2,1,1,6,376 AV VICTOR HUGO,44.9132,4.8846
201400021499,12,4,14,23,5,26,362,2,1,1,6,47 AVENUE DOCTEUR SANTY,44.9144,4.908
201400021500,12,4,14,15,1,26,362,2,2,1,7,RUE FAVENTINES,44.9191,4.9079
201400021501,14,4,14,21,5,26,362,2,2,1,3,RUE DES  ALPES,44.9262,4.9013
201400021502,18,4,14,17,1,26,362,2,3,1,6,109 AVENUE HUGO  VICTOR,44.9259,4.8887
201400021503,23,4,14,22,5,26,362,2,1,1,4,41 AVENUE  FAURE FELIX,44.9307,4.8948
201400021504,26,4,14,16,1,26,362,2,3,1,3,BD ROOSEVELT FRANCKLIN,44.9203,4.9154
201400021505,10,5,14,14,1,26,362,2,1,1,6,PONT  FREDERIC MISTRAL,44.9318,4.8837
201400021506,24,5,14,14,1,26,252,2,1,1,7,AVENUE JEAN JAURES,0.0,0.0
201400021507,4,6,14,16,1,26,362,2,2,2,6,RUE JULIEN VEYRENC,44.9289,4.8968
201400021508,7,6,14,7,1,26,313,1,1,1,2,RN 532,0.0,0.0
201400021509,8,6,14,19,1,26,362,2,6,1,3,RD PT PONT DES ANGLAIS,0.0,0.0
201400021510,11,6,14,11,1,26,252,2,1,1,2,RUE JEAN JAURES,0.0,0.0
201400021511,23,6,14,16,1,26,58,1,2,1,3,ROUTE DE PONT USERE,0.0,0.0
201400021512,28,6,14,14,1,26,362,2,1,1,1,RUE HENRI DU PARC FOUQUE,44.9294,4.9182
201400021513,30,6,14,21,1,26,362,2,3,1,3,AVENUE DE PROVENCE,44.9317,4.885
201400021514,23,7,14,15,1,26,362,2,2,1,3,BD WINSTON CHURCHILL,44.9327,4.9184
201400021515,28,7,14,14,1,26,362,2,1,2,3,192 AVENUE DE  ROMANS,44.938,4.913
201400021516,13,8,14,10,1,26,362,2,1,1,6,37 AVENUE SADI CARNOT,44.9356,4.8971
201400021517,15,8,14,13,1,26,362,2,2,1,7,47 BD MARECHAL JUIN,44.9133,4.8935
201400021518,27,8,14,18,1,26,362,1,2,1,3,CHEMIN DES  BRUYERES,44.954,4.963
201400021519,28,8,14,14,1,26,313,1,1,1,7,LACRA RN532,0.0,0.0
201400021520,15,8,14,10,1,26,58,1,1,1,2,ROUTE LA ROCHE DE GLUN,0.0,0.0
201400021521,3,9,14,16,1,26,362,2,1,1,2,26362,44.8999,4.8789
201400021522,5,9,14,22,5,26,4,1,1,1,7,26004,0.0,0.0
201400021523,6,9,14,21,5,26,362,2,2,1,3,26362,44.9163,4.8851
201400021524,9,9,14,23,3,26,362,1,1,1,2,26362,0.0,0.0
201400021525,17,9,14,11,1,26,252,1,2,1,6,26252,0.0,0.0
201400021526,17,9,14,11,1,26,362,1,3,1,3,26362,0.0,0.0
201400021527,17,9,14,22,5,26,362,2,1,3,7,26362,44.9409,4.9247
201400021528,18,9,14,19,1,26,362,1,1,3,7,26362,44.9029,4.8791
201400021529,19,9,14,1,4,26,362,1,1,2,6,26362,0.0,0.0
201400021530,19,9,14,16,1,26,362,2,1,1,6,AVENUE SADI CARNOT,44.9331,4.8961
201400021531,21,9,14,20,5,26,362,2,1,1,3,26362,44.9169,4.8852
201400021532,27,9,14,12,1,26,58,2,1,1,3,26058,44.9402,4.8955
201400021533,26,9,14,19,5,26,362,2,1,1,3,69 AV LIBERATION 31 AOUT,44.9097,4.8873
201400021534,4,10,14,16,1,26,58,2,1,1,6,26058,44.9404,4.893
201400021535,1,10,14,19,1,26,362,1,1,1,2,26362,0.0,0.0
201400021536,8,10,14,21,3,26,362,1,1,1,2,26362,0.0,0.0
201400021537,8,10,14,20,3,26,252,2,6,1,2,RUE MARX DORMOY,44.8791,4.8861
201400021538,24,10,14,16,1,26,362,2,2,1,6,AVENUE VICTOR HUGO,44.9163,4.8851
201400021539,1,10,14,10,1,26,362,2,1,1,6,RUE DENIS PAPIN,44.9272,4.8925
201400021540,16,11,14,14,1,26,362,2,1,1,6,ROUTE DE ROMANS,44.9442,4.9207
201400021541,15,11,14,11,1,26,58,2,6,1,3,RUE ROGER SALENGRO,44.9484,4.904
201400021542,19,11,14,15,1,26,58,2,1,1,6,QUAI DE LA LIBERATION,44.9438,4.8907
201400021543,27,11,14,10,1,26,313,1,1,1,1,LACRA RN 7,0.0,0.0
201400021544,30,11,14,10,1,26,362,2,1,1,6,BOULEVARD  VAUBAN,44.9355,4.893
201400021545,1,12,14,17,2,26,58,2,1,1,5,AVENUE DE LYON,44.947,4.8931
201400021546,3,12,14,16,1,26,362,2,1,1,3,AVENUE DE ROMANS,44.9334,4.9022
201400021547,10,12,14,12,1,26,362,1,1,1,5,L A C R A RN 7,0.0,0.0
201400021548,12,12,14,19,3,26,362,1,1,1,7,L A C R A  RN 7,0.0,0.0
201400021549,26,12,14,8,1,26,362,1,1,1,7,26200,0.0,0.0
201400021550,1,3,14,15,1,84,37,1,1,1,2,,0.0,0.0
201400021551,7,5,14,20,1,84,37,2,2,1,3,Route de Courthezon,0.0,0.0
201400021552,29,8,14,15,1,84,39,2,1,1,3,1356 rte de chateauneuf,0.0,0.0
201400021553,6,5,14,8,1,60,33,2,1,1,3,Z.I de Carros 1?re av.,0.0,0.0
201400021554,19,5,14,16,1,60,64,1,1,1,1,,0.0,0.0
201400021555,30,9,14,6,2,60,64,2,1,2,1,514 route de la BARONNE,0.0,0.0
201400021556,29,10,14,9,1,60,117,1,6,1,2,,0.0,0.0
201400021557,2,11,14,14,1,60,938,1,1,1,7,,0.0,0.0
201400021558,23,4,14,7,1,38,373,2,1,1,5,RD 12 route du vercors,0.0,0.0
201400021559,29,9,14,17,1,38,133,2,1,1,3,route du Bourg,0.0,0.0
201400021560,6,4,14,8,1,38,133,2,1,1,6,route de chartreuse,45.36338,5.6054
201400021561,9,4,14,19,1,38,105,1,1,1,2,,0.0,0.0
201400021562,5,6,14,7,1,38,383,1,1,1,6,,0.0,0.0
201400021563,1,8,14,16,1,38,84,1,1,1,6,,0.0,0.0
201400021564,29,8,14,11,1,38,105,1,1,1,1,,0.0,0.0
201400021565,12,9,14,18,1,38,337,2,1,1,6,75 RUE DE LA REPUBLIQUE,0.0,0.0
201400021566,14,9,14,6,2,38,337,1,1,1,1,,0.0,0.0
201400021567,10,10,14,22,3,38,383,2,1,1,6,chemin des reynauds,0.0,0.0
201400021568,12,10,14,11,1,38,337,1,9,1,1,,0.0,0.0
201400021569,15,10,14,16,1,38,337,2,1,1,2,RUE ALFRED BUTTIN,0.0,0.0
201400021570,30,10,14,18,3,38,30,1,1,1,6,,0.0,0.0
201400021571,12,12,14,10,1,38,337,2,1,1,1,RD 50 F,0.0,0.0
201400021572,20,12,14,12,1,69,283,2,1,2,1,route d' Heyrieux,0.0,0.0
201400021573,24,1,14,10,1,58,33,1,1,8,7,,0.0,0.0
201400021574,4,6,14,14,1,58,86,2,1,1,3,Rue du Colonel RABIER,0.0,0.0
201400021575,5,8,14,21,5,58,86,2,1,1,6,quai du marchal joffre,0.0,0.0
201400021576,8,12,14,22,5,58,187,2,1,2,6,route de villeberne,0.0,0.0
201400021577,25,1,14,0,3,41,136,1,1,2,1,A10,47.72,1.488
201400021578,28,1,14,7,3,41,252,1,1,8,7,A10,47.688,1.427
201400021579,8,4,14,1,3,41,206,1,1,8,7,A10 PR 145+300,47.647,1.368
201400021580,2,5,14,13,1,41,288,1,1,8,6,,47.662,1.384
201400021581,5,5,14,6,2,41,223,1,1,1,2,,47.617,1.214
201400021582,7,6,14,8,1,41,101,1,1,1,2,A10 PR 163+400,47.614,1.157
201400021583,12,6,14,3,3,41,156,1,1,1,5,,47.672,1.396
201400021584,19,6,14,21,2,41,8,1,1,7,2,A10 paris province,47.738,1.523
201400021585,4,7,14,17,1,41,276,1,1,1,1,A10 PR 152+700,47.616,1.309
201400021586,21,7,14,0,3,41,252,1,1,1,4,,47.693,1.434
201400021587,17,10,14,21,3,41,252,1,1,1,2,A10 PR 141+500,47.677,1.403
201400021588,25,10,14,3,3,41,206,1,9,1,2,,47.63,1.353
201400021589,25,11,14,3,3,41,206,1,1,8,3,,47.636,1.358
201400021590,21,12,14,18,1,41,136,1,1,1,6,,47.715,1.478
201400021591,15,12,14,18,3,41,206,1,1,2,7,,47.637,1.358
201400021592,10,1,14,9,1,27,229,2,1,1,6,"0, MOULIN (RUE JEAN)",49.01,1.091
201400021593,29,1,14,19,5,27,299,2,1,1,2,"133, BRIAND (AVENUE ARIS",49.025,1.095
201400021594,6,2,14,2,5,27,229,2,1,1,6,QUATORZE JUILLET (BOULEV,49.002,1.094
201400021595,3,3,14,12,1,27,229,2,6,1,3,"1, BROSSOLETTE (RUE PIER",49.01,1.101
201400021596,6,3,14,15,1,27,229,2,1,1,6,"57, QUATORZE JUILLET (BO",49.002,1.095
201400021597,11,3,14,12,1,27,229,2,1,1,6,route de paris,49.005,1.111
201400021598,19,3,14,18,1,27,229,2,1,1,6,"28, LEPOUZE (RUE)",49.014,1.091
201400021599,29,3,14,13,1,27,299,2,1,1,4,"91, BRIAND (AVENUE ARIST",49.024,1.093
201400021600,9,4,14,19,1,27,229,2,9,1,6,rue des lombards,49.013,1.085
201400021601,30,4,14,9,1,27,229,2,1,1,6,SEPTIEME CHASSEUR (RUE D,49.014,1.084
201400021602,16,5,14,13,1,27,229,2,1,1,6,"27, CHARTRAINE (RUE)",49.013,1.085
201400021603,25,5,14,21,3,27,299,2,1,1,1,rue de netreville,49.023,1.102
201400021604,1,6,14,12,1,27,229,2,3,1,3,MOULIN (RUE JEAN),49.005,1.09
201400021605,5,6,14,18,1,27,229,2,1,1,6,"72, VERNON (RUE DE)",49.012,1.1
201400021606,16,6,14,13,1,27,229,2,1,1,6,"2, BORVILLE DUPUIS (RUE)",49.014,1.09
201400021607,23,6,14,15,1,27,229,2,1,1,3,"17, MILLET (RUE)",49.015,1.092
201400021608,7,6,14,14,1,27,229,2,1,1,6,"4, CURIE (RUE PIERRE ET",49.01,1.095
201400021609,7,7,14,12,1,27,229,2,1,1,3,REPUBLIQUE (PLACE DE LA),49.013,1.092