Num_Acc,jour,mois,an,hr,condition_eclairage,departement,commune,condition_agglomeration,intersection,condition_atmosphere,type_collision,adresse,lattitude,longitude
201400021610,15,8,14,17,1,27,229,2,2,1,6,"34, RUGBY (RUE DE)",49.003,1.093
201400021611,16,8,14,2,5,27,229,2,1,1,6,"46, ARGENCE (RUE D')",49.02,1.094
201400021612,2,10,14,10,1,27,229,2,1,2,6,SEMARD (RUE PIERRE),49.005,1.094
201400021613,9,10,14,9,1,27,229,2,1,1,6,"1, CONCHES (ROUTE DE)",49.012,1.073
201400021614,15,11,14,22,5,27,229,2,1,1,6,"2, BERNARD (RUE GEORGES)",0.0,0.0
201400021615,16,11,14,21,5,27,229,2,1,1,6,"41, GAMBETTA (BOULEVARD)",0.0,0.0
201400021616,1,12,14,16,1,27,299,2,1,1,6,"21, AVIRON (RUE D')",49.025,1.093
201400021617,3,12,14,8,2,27,229,2,1,1,6,"01, CHURCHILL (AVENUE WI",0.0,0.0
201400021618,25,11,14,21,5,27,229,2,1,1,1,ROCHETTE (RUE DE LA),0.0,0.0
201400021619,25,6,14,18,1,35,353,1,1,1,2,,48.12255,-1.77371
201400021620,22,1,14,8,5,27,375,2,1,3,7,CHURCHILL (AVENUE WINSTO,49.133,1.1
201400021621,1,3,14,15,1,27,701,2,1,1,6,"0, BLANCHE (CH. DE LA VO",49.162,1.121
201400021622,20,3,14,9,1,27,375,2,1,1,6,"0, BELGIQUE (RUE DE)",49.121,1.091
201400021623,15,4,14,11,1,27,375,2,2,1,5,JOFFRE (BOULEVARD DU ML),49.125,1.1
201400021624,4,5,14,17,1,27,375,1,1,1,6,"1, RD313",49.131,1.105
201400021625,30,5,14,14,1,27,701,2,1,1,6,QUATRES SAISONS (PLACE D,49.161,1.123
201400021626,25,8,14,14,1,27,701,2,2,2,3,"1, ANDELLE (CHAUSSEE D')",49.161,1.14
201400021627,16,9,14,16,1,27,701,2,1,1,3,ANDELLE (CHAUSSEE D'),49.163,1.134
201400021628,25,9,14,10,1,27,701,2,3,1,3,ANDELLE (CHAUSSEE D'),49.163,1.134
201400021629,25,9,14,13,1,27,375,2,1,1,2,"19, SAINT JEAN (RUE)",49.123,1.103
201400021630,15,10,14,14,1,27,375,2,2,1,3,HUIT MAI 1945 (RUE DU),49.124,1.095
201400021631,4,11,14,20,5,27,375,2,3,1,6,CHURCHILL (AVENUE WINSTO,49.131,1.1
201400021632,17,12,14,18,1,27,375,2,3,2,4,CHURCHILL (AVENUE WINSTO,49.132,1.1
201400021633,23,12,14,17,4,27,701,2,2,1,5,LERY (CH. DE) SEINE A FA,49.1461,1.13
201400021634,1,1,14,8,2,14,700,1,1,2,6,,49.2997,-0.79592
201400021635,10,1,14,23,3,14,4,1,1,2,6,,49.3339,-0.91691
201400021636,30,1,14,16,1,14,453,1,1,4,6,,49.3046,-0.8168
201400021637,9,4,14,20,3,14,124,1,1,1,6,,49.3401,-1.01513
201400021638,23,4,14,2,3,14,124,1,1,1,6,,49.3395,-1.01423
201400021639,7,6,14,10,1,14,132,1,1,1,3,RN 13 CANCHY,49.3414,-0.98005
201400021640,4,7,14,20,1,14,480,1,1,1,6,,49.3316,-1.0699
201400021641,20,9,14,5,3,14,397,1,1,1,6,RN 13 PR 105+500,49.3179,-0.84955
201400021642,22,9,14,8,1,14,543,1,1,1,4,,0.0,0.0
201400021643,23,9,14,20,3,14,406,1,1,1,6,,0.0,0.0
201400021644,12,12,14,4,3,14,378,1,1,3,6,,0.0,0.0
201400021645,5,1,14,17,1,60,118,2,1,2,1,Route des grottes,0.0,0.0
201400021646,9,2,14,14,1,60,130,1,1,1,6,,0.0,0.0
201400021647,21,3,14,18,1,60,118,1,1,1,6,,0.0,0.0
201400021648,16,4,14,7,1,60,95,2,1,1,3,AV DE BOUTINY,0.0,0.0
201400021649,28,4,14,9,1,60,95,2,1,1,6,,0.0,0.0
201400021650,6,5,14,11,1,60,95,2,1,1,2,82 route de DRAGUIGNAN,0.0,0.0
201400021651,23,5,14,16,1,60,95,2,1,1,6,03 av du doctr belletrud,0.0,0.0
201400021652,24,5,14,15,1,60,95,2,1,1,6,02 RUE DE LA TOUR,0.0,0.0
201400021653,7,6,14,11,1,60,140,2,1,1,3,380 ROUTE DE DRAGUIGNAN,0.0,0.0
201400021654,29,7,14,13,1,60,95,1,1,1,6,,0.0,0.0
201400021655,2,8,14,17,1,60,130,1,1,1,6,,0.0,0.0
201400021656,11,8,14,11,1,60,95,2,1,1,2,,0.0,0.0
201400021657,6,9,14,10,1,60,95,2,1,1,6,25 avenue Boutiny,0.0,0.0
201400021658,13,9,14,13,1,60,130,1,9,1,6,,0.0,0.0
201400021659,9,10,14,14,1,60,118,1,1,1,7,,0.0,0.0
201400021660,5,12,14,19,5,60,140,2,1,2,3,route de draguignan,0.0,0.0
201400021661,19,12,14,17,3,60,140,1,1,1,1,,0.0,0.0
201400021662,25,12,14,21,5,60,95,2,1,1,1,Avenue de Boutiny,0.0,0.0
201400021663,10,11,14,14,1,39,331,1,2,8,3,,0.0,0.0
201400021664,30,12,14,14,1,27,681,2,6,1,3,ISAMBARD (BOULEVARD),0.0,0.0
201400021665,4,1,14,18,5,27,562,2,3,2,3,PRES (RUE DES),49.06,1.27
201400021666,11,3,14,11,1,27,562,1,1,1,7,"1, D 64",49.053,1.245
201400021667,12,4,14,7,1,27,681,2,1,1,3,"8, ROUEN (AVENUE DE)",49.054,1.285
201400021668,6,5,14,17,1,27,562,2,9,1,1,HAUTVILLE (RUE DE),49.053,1.264
201400021669,12,6,14,8,1,27,588,1,1,1,5,,49.074,1.255
201400021670,3,7,14,9,1,27,681,2,3,1,3,"125, PARIS (AVENUE DE)",49.052,1.292
201400021671,31,7,14,7,1,27,681,2,3,1,3,FUTAIE (RUE DE LA),49.043,1.29
201400021672,18,8,14,14,1,27,681,2,3,1,7,BULLY (RUE AMBROISE),49.053,1.285
201400021673,14,8,14,18,1,27,681,2,3,1,3,"1, SAINT LOUIS (RUE)",49.051,1.284
201400021674,8,9,14,9,1,27,681,2,3,1,3,RIQUIER (RUE),49.053,1.285
201400021675,16,9,14,21,3,27,681,2,1,1,6,IVRY (ROUTE D'),49.044,1.283
201400021676,5,10,14,11,1,27,681,2,1,1,6,"8, ROUEN (AVENUE DE)",49.054,1.285
201400021677,27,10,14,16,2,27,681,2,6,1,6,"20, CAPUCINS (AVENUE DES",49.053,1.095
201400021678,10,12,14,14,1,27,681,2,3,1,3,MONET (RUE CLAUDE),0.0,0.0
201400021679,2,2,14,11,1,17,142,1,3,1,1,,46.16719,-1.09236
201400021680,13,7,14,20,1,17,222,1,6,1,2,,46.2319,-1.12365
201400021681,2,11,14,14,1,17,222,1,1,1,3,,46.24318,-1.12112
201400021682,22,2,14,6,2,25,32,1,1,1,7,,47.382,6.387
201400021683,4,7,14,17,1,25,614,1,1,1,2,,0.0,0.0
201400021684,25,7,14,9,1,25,67,1,1,1,5,,47.421,6.621
201400021685,24,11,14,9,1,25,20,1,1,1,1,,47.492,6.815
201400021686,5,1,14,17,5,91,363,2,1,2,6,Rue Gambetta,48.646,2.22
201400021687,8,1,14,8,2,91,363,1,1,1,7,D3,0.0,0.0
201400021688,5,3,14,16,1,91,363,2,1,1,7,Impasse Colette,0.0,0.0
201400021689,2,6,14,8,1,91,665,2,1,1,3,chemin saint éloi,0.0,0.0
201400021690,29,6,14,16,1,91,363,1,1,2,1,D446,48.667,2.2
201400021691,29,6,14,20,1,91,665,2,1,1,2,vieux chemin de montlher,48.66,2.27
201400021692,2,7,14,1,3,91,666,2,6,1,6,avenue des Tropiques,0.0,0.0
201400021693,3,9,14,18,1,91,458,1,6,1,3,Voie Nouvelle,0.0,0.0
201400021694,13,9,14,17,1,91,458,1,1,1,2,Route de Montlhéry,0.0,0.0
201400021695,26,10,14,14,1,91,665,2,2,1,3,vieux chemin montlhery,0.0,0.0
201400021696,23,12,14,17,3,91,458,1,1,2,5,CD35,48.662,2.233
201400021697,2,9,14,11,1,76,278,1,1,1,6,,49.84063,1.54022
201400021698,3,3,14,11,1,87,203,1,1,8,5,,0.0,0.0
201400021699,13,3,14,9,1,87,203,1,1,1,6,,0.0,0.0
201400021700,19,5,14,18,1,87,203,1,1,1,2,,0.0,0.0
201400021701,5,11,14,15,1,87,146,1,1,1,6,,0.0,0.0
201400021702,25,11,14,20,3,87,154,1,1,3,1,,0.0,0.0
201400021703,26,1,14,0,3,19,248,1,1,1,7,SENS PARIS > PROVINCE,45.463,1.51332
201400021704,27,4,14,18,1,19,250,1,1,2,3,,0.0,0.0
201400021705,8,6,14,17,1,19,178,1,1,1,7,SENS PARIS - TOULOUSE,45.2734,1.5571
201400021706,15,7,14,13,1,19,250,1,9,1,6,SENS PARIS > TOULOUSE,45.4806,1.52747
201400021707,9,8,14,5,3,19,250,1,1,1,5,SENS TOULOUSE > PARIS,45.4942,1.52599
201400021708,25,9,14,6,2,19,276,1,1,1,2,SENS PARIS - PROVINCE,45.4051,1.55807
201400021709,10,10,14,9,1,19,72,1,1,1,6,SENS PARIS - PROVINCE,45.2508,1.53748
201400021710,29,10,14,16,1,19,129,1,1,7,2,SENS PARIS - PROVINCE,45.5242,1.51507
201400021711,12,11,14,18,3,19,250,1,1,2,3,SENS PARIS - PROVINCE,45.5018,1.51589
201400021712,15,12,14,13,1,19,276,1,1,1,2,SENS PARIS - PROVINCE,45.4036,1.56044
201400021713,3,2,14,8,1,59,123,1,1,7,5,,0.0,0.0
201400021714,2,4,14,15,1,59,266,2,1,1,6,Rue Joseph Poissonnier,0.0,0.0
201400021715,26,5,14,8,1,59,266,2,1,1,2,64 rue de la barre,0.0,0.0
201400021716,30,12,14,5,3,59,123,1,1,9,1,,0.0,0.0
201400021717,4,1,14,17,5,28,85,2,1,1,5,"56, MERMOZ (RUE JEAN)",48.45027,1.50899
201400021718,16,9,14,17,1,28,110,2,1,1,6,"26, VOVES (RUE DE)",48.42873,1.49327
201400021719,7,1,14,22,3,28,110,2,1,3,7,"1, Henri MACE",0.0,0.0
201400021720,8,1,14,19,5,28,218,2,1,2,4,REPUBLIQUE (AVENUE DE LA,48.43908,1.45927
201400021721,19,9,14,8,1,28,85,2,1,1,1,MAUNOURY (RUE DU DOCTEUR,48.43874,1.48139
201400021722,10,1,14,7,5,28,85,2,7,1,6,"4, SEMARD (PLACE PIERRE)",48.44811,1.48206
201400021723,20,9,14,2,5,28,85,2,1,1,1,"30, COURTILLE (BOULEVARD",48.44196,1.49305
201400021724,11,1,14,15,1,28,85,2,1,1,6,"22, CORROIERIE (RUE DE L",48.44791,1.49042
201400021725,20,9,14,16,1,28,218,2,1,1,6,"49, CLEMENCEAU (RUE GEOR",48.43513,1.47404
201400021726,25,9,14,14,1,28,220,2,1,1,6,"6, L'Orme de Sours (Rue",48.41929,1.45553
201400021727,13,1,14,18,5,28,85,2,1,2,3,HUGO (AVENUE VICTOR),0.0,0.0
201400021728,25,9,14,19,1,28,85,2,1,1,5,COURTILLE (BOULEVARD DE,48.44234,1.49388
201400021729,19,1,14,6,3,28,85,1,1,1,6,"sans, NOGENT LE PHAYE (R",48.44721,1.54531
201400021730,20,9,14,15,1,28,220,1,2,1,3,LECLERC (RUE DU MARECHAL,48.43102,1.46386
201400021731,21,1,14,12,1,28,85,2,1,1,2,"18 ter, REPUBLIQUE (AVEN",48.45564,1.47721
201400021732,22,9,14,7,2,28,24,1,6,1,1,RN 123,48.41625,1.46403
201400021733,21,1,14,14,1,28,85,2,1,1,2,"43, NICOLE (RUE)",48.44531,1.47791
201400021734,28,9,14,10,1,28,85,2,1,1,6,"12, CHANZY (RUE ET ROND",48.43741,1.48474
201400021735,22,1,14,19,5,28,85,2,3,1,6,"1, LAUNAY (RUE DE)",48.43307,1.4929
201400021736,3,10,14,17,1,28,209,1,1,1,2,RN 1154,48.47166,1.46391
201400021737,23,1,14,17,5,28,85,2,1,1,6,"28, CHASLES (BOULEVARD)",48.44275,1.48616
201400021738,4,10,14,5,5,28,85,2,1,1,3,"70, MERMOZ (RUE JEAN)",48.45214,1.51999
201400021739,24,1,14,10,1,28,218,2,3,2,3,BEAUCE (RUE DE),0.0,0.0
201400021740,7,10,14,18,1,28,85,2,3,1,1,"41, LAUNAY (RUE DE)",0.0,0.0
201400021741,27,1,14,14,1,28,85,2,1,1,3,"60, MAUNOURY (RUE DU DOC",48.44077,1.48259
201400021742,8,10,14,15,1,28,218,2,6,1,6,EUROPE (CARREFOUR DE L'),0.0,0.0
201400021743,3,2,14,20,3,28,70,1,1,1,7,D823,48.46258,1.52736
201400021744,11,10,14,13,1,28,70,2,3,1,3,Rue Jean Moulin,48.46685,1.5058
201400021745,3,2,14,19,4,28,85,2,2,1,3,BOURGNEUF (RUE DU),48.45772,1.4854
201400021746,12,10,14,8,1,28,85,2,1,2,1,"01, PORTE DROUAISE (RUE",48.4523,1.48876
201400021747,9,2,14,20,3,28,229,1,1,6,6,"1, RD24",48.45048,1.4499
201400021748,12,10,14,1,5,28,85,2,1,1,6,"40, FAUBOURG LA GRAPPE (",48.44176,1.50056
201400021749,12,10,14,18,1,28,218,2,1,1,6,"23, FOCH (RUE DU MARECHA",48.43604,1.47517
201400021750,11,2,14,6,3,28,229,2,1,1,7,"5, DUNANT (IMPASSE HENRI",48.44465,1.46666
201400021751,14,10,14,17,1,28,85,2,1,1,4,"39, NICOLE (RUE)",0.0,0.0
201400021752,11,2,14,13,1,28,220,2,1,1,1,"0, LIBERTE (RUE DE LA)",48.42766,1.46535
201400021753,16,10,14,9,1,28,218,2,1,1,6,EUROPE (AVENUE DE L'),48.44297,1.45153
201400021754,12,2,14,8,1,28,218,2,2,1,7,FOREAU (RUE FRANCOIS),0.0,0.0
201400021755,16,10,14,12,1,28,85,2,1,1,6,"44, FOCH (BOULEVARD DU M",48.45003,1.49189
201400021756,13,2,14,8,2,28,218,2,9,3,6,"12, DE TASSIGNY (RUE DE",48.43464,1.45682
201400021757,22,10,14,12,1,28,85,2,1,1,6,BEAULIEU (AVENUE DE),0.0,0.0
201400021758,12,2,14,11,1,28,70,2,6,1,7,D823,48.47164,1.51162
201400021759,12,2,14,8,1,28,110,2,1,1,7,"1, DU GORD",48.43582,1.46118
201400021760,29,10,14,16,1,28,85,2,2,2,3,CHANZY (RUE ET ROND POIN,0.0,0.0
201400021761,16,2,14,15,1,28,220,2,1,1,6,"30, Hochstadt (boulevard",48.4224,1.46616
201400021762,31,10,14,6,5,28,85,2,4,1,1,MENDES FRANCE (RUE PIERR,48.44142,1.4952
201400021763,17,2,14,16,1,28,220,2,2,1,6,"1, AVENUE DE LA REPUBLIQ",48.41924,1.46667
201400021764,31,10,14,11,1,28,85,2,1,1,6,"01, VIOLETTE (BOULEVARD",48.44574,1.4836
201400021765,20,2,14,22,5,28,85,2,4,1,5,MARTIN (RUE JULES),48.44207,1.49341
201400021766,21,2,14,7,1,28,85,1,1,1,6,LAENNEC (AVENUE DU DOCTE,48.44537,1.52951
201400021767,31,10,14,15,1,28,85,2,1,1,7,"FACE 7, DESPORTES (RUE P",48.43988,1.4812
201400021768,31,10,14,19,2,28,220,2,1,1,6,"31, AVENUE DE LA REPUBLI",48.42582,1.47164
201400021769,21,2,14,19,5,28,70,2,1,1,6,PRESSOIR (RUE DU),48.47023,1.50603
201400021770,22,2,14,19,3,28,209,1,5,1,3,RN 1154,48.46705,1.46481
201400021771,1,11,14,14,1,28,85,2,1,1,6,PICHARD (RUE JOSEPH),0.0,0.0
201400021772,24,2,14,12,1,28,218,2,1,1,3,"9, MAUNOURY (CITE JEAN)",48.43829,1.46097
201400021773,2,11,14,7,1,28,85,1,6,1,6,ROUTE NATIONALE 123,48.42741,1.51484
201400021774,3,11,14,20,5,28,85,2,1,3,3,"1, MACE (RUE HENRI)",48.42895,1.50546
201400021775,28,2,14,19,5,28,85,2,1,2,2,"2, VIOLETTE (BOULEVARD M",48.44554,1.48357
201400021776,4,11,14,18,5,28,218,2,2,1,1,"01, REPUBLIQUE (RUE DE L",0.0,0.0
201400021777,5,11,14,13,1,28,85,2,1,1,6,"34, MERMOZ (RUE JEAN)",48.44957,1.50549
201400021778,6,3,14,15,1,28,220,2,3,1,3,"1, VALLEE DE L'EURE (RUE",48.42959,1.4811
201400021779,9,3,14,0,5,28,85,2,3,1,3,ORMES (RUE DES),48.44313,1.4899
201400021780,7,11,14,8,1,28,220,2,1,8,6,"34, DE GAULLE (RUE GENER",0.0,0.0
201400021781,10,3,14,14,1,28,85,2,1,1,6,REGNIER (RUE MATHURIN),48.44302,1.48736
201400021782,8,11,14,16,1,28,85,1,1,1,1,JUBELINES (IMPASSE DES),48.45027,1.48232
201400021783,30,10,14,16,1,28,110,1,3,1,1,DOUIN Charles Isidor (D3,48.42924,1.49271
201400021784,10,3,14,15,1,28,229,2,1,1,2,CHATEAU D'EAU (RUE DU),0.0,0.0
201400021785,16,11,14,13,1,28,85,2,1,2,3,"2, BOURGNEUF (RUE DU)",0.0,0.0
201400021786,11,3,14,15,1,28,220,2,1,1,3,"1, MARCEAU (RUE)",48.42677,1.47265
201400021787,12,3,14,8,1,28,85,2,1,1,6,SAINT ANDRE (PLACE ET RU,48.44975,1.48984
201400021788,21,11,14,8,1,28,218,2,1,1,1,GENEVE (RUE DE),48.43908,1.44313
201400021789,12,3,14,10,1,28,220,2,1,1,2,"1, MARCEAU (RUE)",48.42679,1.47257
201400021790,22,11,14,18,3,28,85,1,1,2,6,ROUTE D'ORLEANS,48.42741,1.51539
201400021791,25,11,14,18,4,28,85,2,1,2,6,SEMARD (PLACE PIERRE),48.44785,1.48161
201400021792,12,3,14,16,1,28,70,2,3,7,1,"1, SAINT PERE EN VALLEE",48.46579,1.50668
201400021793,19,3,14,8,1,28,85,1,1,1,7,HUGO (AVENUE VICTOR),48.44699,1.54157
201400021794,26,11,14,15,1,28,85,2,1,1,1,"6, CHATEAUDUN (RUE DE)",0.0,0.0
201400021795,19,3,14,14,1,28,220,2,2,1,3,LECLERC (RUE DU MARECHAL,48.42846,1.46023
201400021796,27,11,14,12,1,28,85,2,1,1,1,"1, DROUAISE (PLACE)",48.45297,1.48852
201400021797,20,3,14,9,1,28,85,2,3,1,3,"7, LECLERC (RUE DU MAREC",48.43918,1.47422
201400021798,28,11,14,9,1,28,85,2,1,1,1,"45, ORLEANS (AVENUE D')",0.0,0.0
201400021799,28,11,14,18,5,28,85,2,1,2,7,"31, PATTON (RUE DU GENER",0.0,0.0
201400021800,11,3,14,8,2,28,85,2,2,1,3,MORARD (PLACE),48.44526,1.49648
201400021801,22,3,14,16,1,28,110,1,1,1,2,RN 123 (ROCADE),48.41587,1.50168
201400021802,21,11,14,22,5,28,220,2,3,1,2,"33, MAUNOURY (MAURICE)",48.43463,1.47825
201400021803,24,3,14,20,5,28,85,2,3,1,3,"102, GRANDES FILLES DIEU",48.45641,1.49491
201400021804,2,12,14,17,5,28,85,2,3,2,7,"01, SAINT MICHEL (RUE)",48.44364,1.48987
201400021805,25,3,14,19,5,28,85,2,9,1,3,VIOLETTE (BOULEVARD MAUR,48.44505,1.4835
201400021806,8,12,14,15,1,28,229,1,3,2,3,CHATEAU D'EAU (RUE DU),48.45093,1.44711
201400021807,25,3,14,12,1,28,85,2,6,2,7,MERMOZ (RUE JEAN),0.0,0.0
201400021808,8,12,14,17,5,28,229,2,1,2,6,"6, COUBERTIN (RUE PIERRE",48.44685,1.47371
201400021809,26,3,14,15,1,28,85,2,9,1,6,ONZE NOVEMBRE (PLACE DU),48.44717,1.51989
201400021810,9,12,14,9,1,28,85,2,1,9,7,"72, MERMOZ (RUE JEAN)",48.45223,1.51967
201400021811,27,3,14,10,1,28,209,1,1,1,7,RD 1154,48.48252,1.46294
201400021812,9,12,14,16,1,28,85,2,1,1,6,PEGUY (BOULEVARD CHARLES,48.27009,1.29041
201400021813,29,3,14,16,1,28,85,2,1,1,3,"1, CHASLES (BOULEVARD)",48.44218,1.48927
201400021814,10,12,14,18,3,28,229,1,1,2,2,D105,48.46531,1.46445
201400021815,4,4,14,16,1,28,85,2,1,1,6,"62, BRIAND (RUE ARISTIDE",48.44705,1.52083
201400021816,11,12,14,8,1,28,229,2,2,1,6,"88, REPUBLIQUE (rue de L",48.26545,1.28068
201400021817,5,4,14,23,5,28,110,1,1,1,7,ROUTE NATIONALE 123,48.41681,1.50479
201400021818,14,12,14,15,1,28,218,1,2,2,1,BEAUCE (RUE DE),48.42846,1.46026
201400021819,9,4,14,21,3,28,209,1,1,1,3,RN 154,48.48575,1.46747
201400021820,16,12,14,7,3,28,85,1,6,1,6,FRESNAY (RUE DE),48.46665,1.46532
201400021821,11,4,14,9,1,28,85,2,6,1,3,EPARS (PLACE DES),48.44421,1.48359
201400021822,14,12,14,7,2,28,85,2,1,2,6,"01, SAINT MICHEL (RUE)",48.44234,1.48955
201400021823,12,4,14,19,1,28,85,2,3,1,4,"1, MADELEINE (RUE DE LA)",48.45065,1.5104
201400021824,17,12,14,18,3,28,209,1,1,2,2,RD 1154,48.48758,1.47054
201400021825,13,4,14,21,5,28,85,2,3,1,1,"98, FAUBOURG LA GRAPPE (",48.43775,1.504
201400021826,19,12,14,12,1,28,85,2,6,1,3,"13, EPARS (PLACE DES)",48.44367,1.48377
201400021827,15,4,14,16,1,28,85,2,1,1,2,COMTESSES (IMPASSE ET RU,48.43465,1.48459
201400021828,22,12,14,16,1,28,218,2,2,1,3,FOREAU (RUE FRANCOIS),48.43586,1.46125
201400021829,19,4,14,19,1,28,218,2,1,2,2,"2, PARC (RUE DU)",48.44062,1.4723
201400021830,21,12,14,20,5,28,85,2,3,1,3,PROUST (AVENUE MARCEL),48.45122,1.52798
201400021831,22,12,14,18,5,28,229,2,1,1,6,"34, DUNANT (RUE HENRI)",48.26516,1.28048
201400021832,6,5,14,11,1,28,85,2,1,1,6,CHASLES (BOULEVARD),48.44226,1.48892
201400021833,24,12,14,11,1,28,220,1,1,1,6,RIBOUCHES (RUE DES),48.41929,1.46469
201400021834,6,5,14,13,1,28,85,2,1,2,7,"1, DROUAISE (PLACE)",48.45282,1.48803
201400021835,27,12,14,17,2,28,85,2,9,2,6,"41, MAUNOURY (RUE DU DOC",0.0,0.0
201400021836,7,5,14,1,5,28,85,2,1,1,6,"0, FAUBOURG GUILLAUME (R",48.44699,1.49222
201400021837,29,12,14,13,1,28,229,2,3,1,3,ANJOU (RUE D'),0.0,0.0
201400021838,8,5,14,9,1,28,229,1,1,1,7,R.N.1154,48.44493,1.43543
201400021839,30,12,14,8,1,28,85,1,1,9,7,ARAGO (RUE FRANCOIS),48.43386,1.52006
201400021840,10,5,14,18,1,28,85,2,1,1,3,", PATTON (RUE DU GENERAL",48.44148,1.4744
201400021841,30,12,14,19,5,28,218,2,3,1,6,"31, LECLERC (RUE DU MARE",48.43756,1.47247
201400021842,11,5,14,11,1,28,85,2,2,1,3,BEAUREPAIRE (AVENUE),48.45858,1.48797
201400021843,13,5,14,11,1,28,85,2,3,1,3,MERMOZ (RUE JEAN),48.44902,1.5028
201400021844,19,5,14,16,1,28,220,1,6,1,3,AVENUE DE LA REPUBLIQUE,48.41629,1.46417
201400021845,23,5,14,13,1,28,85,2,9,1,6,HALLES (PLACE DES),48.44421,1.48769
201400021846,23,5,14,19,1,28,229,1,1,1,4,"1.000, RN 1154",48.44633,1.43747
201400021847,25,5,14,15,1,28,85,2,1,1,6,FRANCOIS MITTERAND (rue),48.43686,1.51094
201400021848,28,5,14,18,1,28,85,2,1,2,7,"44, CLEMENCEAU (BOULEVAR",48.44669,1.494
201400021849,4,6,14,19,1,28,229,1,3,1,6,"1.000, RD24",48.45065,1.4437
201400021850,6,6,14,8,1,28,218,2,2,1,3,LECLERC (RUE DU MARECHAL,48.43097,1.46386
201400021851,6,6,14,19,1,28,229,1,3,1,2,D939,0.0,0.0
201400021852,10,6,14,14,1,28,220,2,6,1,6,"81, LEPINE (fran?ois)",48.42709,1.46316
201400021853,10,6,14,19,1,28,218,2,1,1,2,"1.000, LECLERC (RUE DU M",48.42507,1.45554
201400021854,11,6,14,11,1,28,229,2,3,1,6,"1, RENOIR (RUE AUGUSTE)",48.45348,1.46891
201400021855,13,6,14,13,1,28,85,2,7,1,2,MORARD (PLACE),48.44522,1.49653
201400021856,14,6,14,14,1,28,110,2,1,1,4,RN 123 (ROCADE),48.4214,1.51117
201400021857,20,6,14,23,5,28,85,2,1,1,2,"30, SAINT PIERRE (RUE)",48.44469,1.49173
201400021858,22,6,14,20,1,28,229,2,1,1,6,MARCHE (PLACE DU),48.45099,1.46288
201400021859,21,6,14,17,1,28,85,2,1,1,3,"36, ALLONNES (RUE D')",48.4339,1.50775
201400021860,27,6,14,8,1,28,229,2,1,1,2,"33, COUBERTIN (RUE PIERR",48.44701,1.46899
201400021861,28,6,14,19,1,28,85,2,1,2,2,BOURGNEUF (RUE DU),48.46051,1.48301
201400021862,6,7,14,20,1,28,85,2,1,1,4,"20, RENOUARD SAINT LOUP",48.43884,1.4885
201400021863,8,7,14,21,2,28,209,2,1,3,6,"52, LONGSAULT(RUE)",48.46882,1.49064
201400021864,16,7,14,14,1,28,85,2,2,1,3,RESERVOIRS (RUE - IMPASS,48.43693,1.48967
201400021865,17,7,14,18,1,28,218,2,1,1,3,"61 BIS, REPUBLIQUE (RUE",48.43949,1.46153
201400021866,18,7,14,17,1,28,85,2,9,1,3,"1, PROUST (AVENUE MARCEL",48.4521,1.52685
201400021867,17,7,14,16,1,28,218,2,1,1,6,"10, ARCADES (PLACE DES)",48.4364,1.44722
201400021868,21,7,14,17,1,28,85,2,6,1,3,VIEUX CAPUCINS (rue des),48.438,1.48853
201400021869,23,7,14,16,1,28,209,2,1,1,3,"1.000, HOCHE ALLARD (rue",48.47023,1.48027
201400021870,24,7,14,14,1,28,85,1,1,1,6,HUGO (AVENUE VICTOR),48.44665,1.53485
201400021871,24,7,14,16,1,28,209,1,1,1,6,"1, Mousseau (Rue du)",48.48849,1.4481
201400021872,25,7,14,17,1,28,85,2,2,1,3,"8, CHANZY (RUE ET ROND P",48.4374,1.48465
201400021873,29,7,14,13,1,28,85,2,1,1,6,VIOLETTE (BOULEVARD MAUR,48.44544,1.48355
201400021874,6,8,14,14,1,28,218,2,1,8,7,"113, REPUBLIQUE (AVENUE",48.43866,1.45656
201400021875,7,8,14,18,1,28,85,2,1,2,7,"44, FOCH (BOULEVARD DU M",48.45014,1.49186
201400021876,9,8,14,19,1,28,229,2,1,1,6,"45, LIBERATION (RUE DE L",48.454,1.4589
201400021877,10,8,14,11,1,28,218,2,1,2,3,"59, REPUBLIQUE (RUE DE L",48.43957,1.46202
201400021878,16,8,14,12,1,28,220,2,9,1,1,"23, AVENUE DE LA REPUBLI",48.42722,1.47268
201400021879,10,8,14,1,5,28,85,2,1,2,6,"3, ANE REZ (RUE DE L')",48.44427,1.49328