Num_Acc,jour,mois,an,hr,condition_eclairage,departement,commune,condition_agglomeration,intersection,condition_atmosphere,type_collision,adresse,lattitude,longitude
201400021880,23,8,14,20,1,28,85,2,1,1,3,"97, MAUNOURY (RUE DU DOC",48.43969,1.4821
201400021881,29,8,14,17,1,28,110,1,1,1,2,RN 123 (ROCADE),48.41549,1.49243
201400021882,2,9,14,12,1,28,85,2,8,1,6,"1, NICOLE (RUE)",48.44766,1.4813
201400021883,3,9,14,22,3,28,229,1,1,1,6,RD24,48.451,1.44296
201400021884,4,9,14,8,1,28,85,2,1,1,7,"33, FAUBOURG LA GRAPPE (",48.44324,1.49905
201400021885,4,9,14,20,5,28,85,2,1,1,6,"56, COURTILLE (BOULEVARD",48.44457,1.49626
201400021886,5,9,14,8,1,28,85,2,1,8,3,"46, MAUNOURY (RUE DU DOC",48.44091,1.48264
201400021887,5,9,14,12,1,28,85,2,3,8,6,GILBERT (RUE VICTOR),48.44026,1.49113
201400021888,5,9,14,16,1,28,85,2,3,1,3,"46, ORLEANS (AVENUE D')",48.43076,1.51068
201400021889,6,9,14,11,1,28,85,2,1,1,7,"14, PERRIERS (RUE DES)",48.43457,1.49205
201400021890,8,9,14,12,1,28,229,1,1,1,7,D121.5,48.46591,1.44065
201400021891,9,9,14,19,1,28,85,2,1,1,2,"98, FAUBOURG LA GRAPPE (",48.43792,1.50391
201400021892,7,9,14,7,2,28,85,2,2,1,6,"10, FOCH (BOULEVARD DU M",48.44756,1.4934
201400021893,12,9,14,20,2,28,85,2,1,1,6,FAUBOURG LA GRAPPE (RUE,0.0,0.0
201400021894,14,9,14,21,5,28,85,2,1,1,6,"68, SOUVENIR FRANCAIS (R",48.44402,1.50431
201400021895,13,9,14,16,1,28,85,2,1,1,5,ARAGO (RUE FRANCOIS),48.43212,1.51893
201400021896,12,9,14,18,1,28,85,2,1,1,3,SAINT BRICE (RUE),48.43383,1.49297
201400021897,24,2,14,17,1,42,232,2,1,1,7,PLACE VERDUN,46.06698,3.91447
201400021898,28,9,14,13,1,42,49,1,1,1,6,,46.14676,3.90029
201400021899,20,2,14,11,1,42,220,1,2,1,3,,46.12465,3.93131
201400021900,10,5,14,18,1,42,3,1,1,1,7,Le Moulin Juste,46.08989,3.90503
201400021901,27,5,14,11,1,42,232,1,1,1,3,,46.06385,3.92452
201400021902,30,5,14,16,1,42,257,1,1,7,1,,46.20358,3.80466
201400021903,7,7,14,9,1,42,49,1,1,2,6,,46.1404,3.89975
201400021904,9,7,14,13,1,42,182,1,1,2,6,,46.05571,3.90586
201400021905,15,7,14,9,1,42,233,2,2,1,5,,46.06707,3.92185
201400021906,6,9,14,16,1,42,253,2,1,7,1,Chemin des Saules,46.03651,4.0026
201400021907,8,9,14,8,2,42,182,1,1,1,7,,46.04053,3.86832
201400021908,11,9,14,12,1,42,49,1,2,7,3,,46.1383,3.89437
201400021909,8,10,14,18,2,42,253,2,1,1,3,592 route de rensaison,46.04267,4.00126
201400021910,8,10,14,13,1,42,3,1,1,1,6,,46.12108,3.89861
201400021911,9,12,14,12,1,42,253,1,1,1,6,,46.03613,4.01196
201400021912,26,12,14,12,1,42,220,1,1,8,5,,46.12503,3.93061
201400021913,3,1,14,13,1,28,134,2,1,1,2,"17, VIEUX PRE (PLACE DU)",0.0,0.0
201400021914,30,9,14,9,1,28,404,1,1,1,2,RN 154,48.70884,1.36986
201400021915,9,1,14,16,1,28,134,2,1,1,6,"2, FENOTS (AVENUE DES)",0.0,0.0
201400021916,5,10,14,20,5,28,404,2,1,1,2,BREZOLLES (ROUTE DE),0.0,0.0
201400021917,9,10,14,19,2,28,134,2,1,1,3,"91, NUISEMENT (RUE DE)",48.71894,1.37526
201400021918,3,2,14,8,1,28,404,2,2,1,6,DE GAULLE (ROND POINT CH,48.71193,1.35995
201400021919,7,11,14,10,1,78,643,2,1,1,1,"75, BUREAU (RUE SUZANNE)",0.0,0.0
201400021920,6,2,14,6,2,28,134,2,1,1,6,"31, DUNANT (RUE HENRI)",48.73753,1.39348
201400021921,8,11,14,18,5,28,134,2,1,1,3,"24, LIVRAINDIERES (RUE D",48.74838,1.36097
201400021922,21,11,14,18,5,28,134,2,1,1,6,"17, MARCEAU (AVENUE DU G",48.72578,1.36629
201400021923,11,3,14,18,1,28,134,2,6,1,2,"72, SAINT THIBAULT (RUE)",0.0,0.0
201400021924,3,12,14,16,1,28,134,2,3,1,3,MARCEAU (AVENUE DU GENER,48.72428,1.36607
201400021925,20,3,14,20,2,28,134,2,3,1,3,POTEZ (RUE HENRY),48.75059,1.36091
201400021926,28,12,14,11,1,28,134,2,1,1,1,ISAACS (RUE SAM),48.74665,1.38291
201400021927,23,3,14,6,1,28,404,2,1,1,7,LIBERTE (AVENUE DE LA),48.72947,1.32677
201400021928,29,3,14,23,3,28,404,1,1,1,3,RN 154,48.70474,1.37218
201400021929,30,3,14,5,5,28,134,2,1,1,3,RN 12 (CARREFOUR DELISLE,48.74598,1.36838
201400021930,4,4,14,6,3,28,134,1,1,1,1,RN 12 (DESCENTE ET PONT,48.74648,1.38101
201400021931,7,4,14,13,1,28,134,2,1,1,6,"18, EUROPE (BOULEVARD DE",48.73967,1.34588
201400021932,7,4,14,12,1,28,134,2,1,1,2,"73, HAUTS BUISSONS (RUE",48.75366,1.33126
201400021933,9,4,14,17,1,28,134,2,8,1,3,"0, SAINT THIBAULT (RUE)",48.73333,1.34713
201400021934,7,5,14,14,1,28,134,2,1,1,5,"0, EPARGES (RUE DES)",48.7324,1.37174
201400021935,7,5,14,18,1,28,134,2,1,1,2,"7, VERNOUILLET (RUE DE)",48.73078,1.36409
201400021936,19,5,14,14,1,28,134,2,1,1,2,"124, SAINT THIBAULT (RUE",48.73332,1.35516
201400021937,23,5,14,5,2,28,134,2,9,1,3,"111, RN 12 (ARCHE DU GAZ",48.74291,1.33761
201400021938,3,6,14,12,1,28,404,2,6,1,3,DE GAULLE (ROND POINT CH,48.71187,1.36035
201400021939,6,6,14,14,1,28,134,2,1,1,6,"0, HARICOT (RUE LEON)",48.73238,1.3807
201400021940,13,6,14,12,1,28,134,2,1,1,6,"70, SAINT THIBAULT (RUE)",48.73469,1.36001
201400021941,17,6,14,8,1,28,134,1,1,1,3,RN 12 (CARREFOUR DELISLE,48.74541,1.39172
201400021942,18,6,14,12,1,28,404,2,2,1,3,FRANCOIS MITTERAND (AVE),48.70916,1.35803
201400021943,21,6,14,16,1,28,134,2,1,1,3,", GARENNE (RUE DE LA)",48.75842,1.35652
201400021944,22,6,14,18,1,28,134,2,1,1,6,"40, KENNEDY (AVENUE DU P",48.73045,1.37912
201400021945,4,7,14,6,1,28,134,2,2,1,3,GAULTS (RUE DES),48.73648,1.37218
201400021946,7,7,14,17,1,28,404,2,1,1,3,"55, CHARTRES (AVE DE)",48.71598,1.36735
201400021947,17,7,14,12,1,28,134,2,6,1,3,"2, ROND POINT DES BATES",48.73755,1.35712
201400021948,21,7,14,13,1,28,134,2,1,1,7,"33, DUNANT (RUE HENRI)",48.73746,1.39291
201400021949,23,7,14,12,1,28,134,2,1,1,6,"2, MELSUNGEN  (AVENUE DE",48.73063,1.36517
201400021950,1,8,14,18,1,28,404,1,1,1,3,RN 154,48.72091,1.38357
201400021951,8,8,14,22,3,28,404,1,1,2,7,RN 154,48.7005,1.37453
201400021952,4,9,14,1,5,28,134,2,1,1,2,"31, FENOTS (AVENUE DES)",48.74032,1.34902
201400021953,5,9,14,12,1,28,134,2,1,1,1,"0, PASTEUR (BOULEVARD)",48.73452,1.37612
201400021954,15,9,14,16,1,28,134,2,1,1,6,"34, SAINT THIBAULT (RUE)",48.73589,1.36169
201400021955,9,1,14,18,3,71,512,1,1,1,5,,0.0,0.0
201400021956,13,3,14,1,3,71,52,1,9,1,2,,0.0,0.0
201400021957,2,6,14,11,1,71,520,1,1,1,6,,0.0,0.0
201400021958,15,6,14,20,1,71,475,1,1,1,6,,0.0,0.0
201400021959,8,9,14,8,1,71,202,1,1,1,2,,0.0,0.0
201400021960,13,10,14,9,1,71,512,1,1,1,2,,0.0,0.0
201400021961,5,12,14,9,1,95,527,1,1,2,2,RD 317,49.0072,2.4901
201400021962,27,2,14,7,2,14,347,1,2,3,3,,49.0312,-0.73278
201400021963,6,7,14,8,1,14,129,1,1,2,6,,48.9637,-0.9392
201400021964,6,9,14,21,3,14,347,1,2,1,3,RD 107 / RD 577 JURQUES,49.0312,-0.73278
201400021965,21,9,14,19,2,14,532,1,1,1,1,LE MESNIL LE RECULEY,48.8999,-0.83877
201400021966,1,2,14,7,1,22,188,1,1,7,2,,48.52583,-2.89437
201400021967,20,2,14,11,1,22,67,1,1,1,6,,48.54909,-3.16294
201400021968,27,2,14,11,1,22,135,1,1,4,7,,48.56737,-3.31058
201400021969,28,3,14,15,1,22,4,1,1,3,7,,48.61765,-3.29226
201400021970,2,4,14,17,1,22,5,1,1,1,6,,48.55103,-3.39099
201400021971,16,4,14,14,1,22,304,1,1,1,7,,48.53612,-3.03524
201400021972,3,5,14,23,3,22,225,1,9,1,6,belle vue PAS DOSSIER,48.55235,-3.12955
201400021973,24,5,14,14,1,22,182,1,1,8,7,LA BRAGUETTE,48.53132,-2.9358
201400021974,6,8,14,13,1,22,225,1,1,1,7,,48.55208,-3.11796
201400021975,13,9,14,20,2,22,251,1,1,1,6,,48.5349,-2.85016
201400021976,24,9,14,14,1,22,225,1,1,1,6,,48.5516,-3.13356
201400021977,3,12,14,18,3,22,225,1,4,2,4,,48.54361,-3.08338
201400021978,31,12,14,8,1,22,372,1,1,9,6,,48.52241,-2.87348
201400021979,3,2,14,8,1,22,341,1,1,1,6,pas dossier geo,48.39369,-2.39876
201400021980,27,2,14,10,1,22,44,1,1,1,4,Les Landes,48.47586,-2.58151
201400021981,1,3,14,12,1,22,193,1,9,1,6,,48.4202,-2.43884
201400021982,31,3,14,11,1,22,327,1,1,1,7,,48.48502,-2.04179
201400021983,4,6,14,4,3,22,259,1,1,2,7,,48.45833,-2.07595
201400021984,21,6,14,17,1,22,185,1,1,1,6,PAS DOSSIER GEO,48.42621,-2.45758
201400021985,30,6,14,13,1,22,93,1,1,1,5,,48.46745,-2.54884
201400021986,6,7,14,0,3,22,193,1,1,3,6,,48.42354,-2.45327
201400021987,15,7,14,14,1,22,213,1,1,1,6,,48.5349,-2.01152
201400021988,28,7,14,10,1,22,193,1,1,1,7,,48.42245,-2.45181
201400021989,20,7,14,17,1,22,337,1,1,1,6,,48.35346,-2.30263
201400021990,8,8,14,22,1,22,20,1,1,1,6,,48.29287,-2.2173
201400021991,28,10,14,7,3,22,339,1,1,5,6,,48.47083,-2.05481
201400021992,5,11,14,8,1,22,93,1,1,3,4,La Ville es Lan,48.46662,-2.54734
201400021993,23,11,14,5,3,22,97,1,1,3,6,la tombe,48.42739,-2.1755
201400021994,8,12,14,9,1,22,93,1,1,1,7,,48.46114,-2.5386
201400021995,9,12,14,4,3,22,305,1,1,9,6,,48.27017,-2.15464
201400021996,13,12,14,4,3,22,93,1,9,3,6,,48.46831,-2.55005
201400021997,15,12,14,8,1,22,389,1,1,2,2,,48.47966,-2.67094
201400021998,21,1,14,7,3,29,179,1,1,1,4,,48.48084,-4.3028
201400021999,25,2,14,14,1,29,68,1,1,1,7,,48.5511,-3.96233
201400022000,12,3,14,17,1,29,75,1,1,1,7,,0.0,0.0
201400022001,9,4,14,15,1,29,266,1,1,1,7,,48.52125,-3.94684
201400022002,16,4,14,8,1,29,245,1,1,1,7,,48.45369,-4.33553
201400022003,10,6,14,4,3,29,105,1,1,1,1,,48.51823,-4.04155
201400022004,18,6,14,9,1,29,266,1,1,7,7,,48.52681,-3.95256
201400022005,28,8,14,13,1,29,75,1,1,1,6,,48.43598,-4.4007
201400022006,7,9,14,17,1,29,245,1,1,1,6,,48.45369,-4.33553
201400022007,5,10,14,2,3,29,264,1,1,1,6,,48.51154,-4.15433
201400022008,17,10,14,23,3,29,68,1,1,1,6,,48.5511,-3.96233
201400022009,21,10,14,15,3,29,199,1,1,1,6,,48.56761,-3.70135
201400022010,6,11,14,12,1,29,75,1,1,2,7,,48.43598,-4.4007
201400022011,9,12,14,5,3,29,183,1,9,2,6,bourg,48.62076,-3.67413
201400022012,15,12,14,8,2,29,61,1,1,1,4,bourg,48.45133,-4.46899
201400022013,17,12,14,17,3,29,61,1,1,2,6,vieux bourg,48.45133,-4.46899
201400022014,3,5,14,8,1,29,302,1,1,1,2,,48.25439,-4.08964
201400022015,16,3,14,12,1,29,215,2,2,1,1,VC721/VC1-RUE TRINITE,47.99207,-4.43088
201400022016,28,6,14,15,1,29,20,1,1,1,2,,48.10239,-3.99989
201400022017,29,7,14,8,1,29,20,1,1,1,6,,48.10239,-3.99989
201400022018,3,3,14,5,3,35,139,1,1,2,3,,47.99003,-1.69542
201400022019,16,3,14,14,1,35,124,1,9,1,7,,47.74513,-1.71483
201400022020,29,3,14,8,1,35,231,1,1,1,6,,47.91967,-1.67945
201400022021,13,4,14,22,3,35,139,1,1,1,2,,0.0,0.0
201400022022,13,6,14,10,1,35,139,1,1,1,6,,47.97886,-1.69548
201400022023,25,6,14,10,1,35,206,1,1,1,4,,48.07189,-1.67609
201400022024,16,9,14,8,2,35,66,1,1,5,2,,48.04229,-1.68522
201400022025,7,12,14,8,1,35,231,1,1,1,6,,47.88671,-1.69021
201400022026,22,7,14,14,1,35,152,1,1,1,3,,48.23539,-1.47836
201400022027,16,11,14,22,3,35,356,1,1,8,2,,48.24194,-1.76032
201400022028,24,1,14,19,2,10,109,1,1,2,1,,46.1228,5.89782
201400022029,26,3,14,21,5,10,401,2,1,1,6,181 RUE DES PRESLES,0.0,0.0
201400022030,5,4,14,21,3,10,354,1,1,1,1,,46.2445,6.03851
201400022031,7,4,14,17,1,10,308,2,1,1,1,,46.139,5.95116
201400022032,9,7,14,13,1,10,209,1,1,1,6,,46.0919,5.86803
201400022033,16,5,14,0,3,10,401,1,1,1,6,RUE DU MONT BLANC,0.0,0.0
201400022034,3,7,14,21,1,10,78,2,1,1,3,ROUTE DE LA PLAINE,0.0,0.0
201400022035,25,9,14,13,1,10,109,2,1,1,1,RD 884,0.0,0.0
201400022036,26,9,14,18,1,10,135,2,1,1,3,ROUTE AVOUZON,0.0,0.0
201400022037,18,10,14,20,5,10,401,2,1,1,1,1510 RUE DU JURA,0.0,0.0
201400022038,22,10,14,9,1,10,354,1,1,1,6,,46.2544,6.04208
201400022039,5,11,14,14,1,10,354,1,1,2,7,,46.252,6.04549
201400022040,5,7,14,8,1,10,209,1,1,8,3,,0.0,0.0
201400022041,23,9,14,18,1,10,78,2,1,1,3,ROUTE DE LA PLAINE,46.1805,5.98379
201400022042,27,9,14,17,1,10,354,1,1,1,6,,0.0,0.0
201400022043,11,10,14,13,1,10,109,1,1,8,6,,0.0,0.0
201400022044,11,1,14,18,3,54,138,1,1,1,1,,49.51323,5.72806
201400022045,13,1,14,7,3,54,514,1,1,5,7,,49.50396,5.62978
201400022046,25,4,14,19,1,54,378,1,1,1,1,,49.47395,5.66549
201400022047,20,5,14,17,1,54,151,2,1,1,6,29 route de chenieres,49.47954,5.75102
201400022048,3,6,14,8,1,54,428,1,1,1,1,,49.431,5.696
201400022049,20,6,14,12,1,54,322,2,1,1,7,RUE DE LONGWY  D618,49.45237,5.60134
201400022050,6,7,14,23,3,54,322,1,1,8,6,,49.46059,5.59459
201400022051,13,7,14,10,1,54,322,2,1,1,6,rue marechal Joffre,49.453,5.603
201400022052,20,7,14,19,1,54,322,2,1,1,7,RD643,49.44387,5.60426
201400022053,26,9,14,21,3,54,134,2,1,1,6,Avenue antioche,49.45751,5.55885
201400022054,5,10,14,2,5,54,476,2,1,1,1,RUE DU 1ER BCP,49.45591,5.46916
201400022055,15,10,14,15,1,54,537,1,1,1,5,,49.45812,5.71357
201400022056,3,3,14,19,3,67,283,1,1,1,6,,0.0,0.0
201400022057,18,3,14,17,1,67,6,1,1,1,6,,0.0,0.0
201400022058,4,8,14,0,3,67,161,1,1,1,6,,0.0,0.0
201400022059,22,5,14,13,1,57,106,2,1,8,6,avenue de l' europe,49.29651,6.55166
201400022060,22,4,14,17,1,83,48,2,1,1,6,RD559 - Le Resto,0.0,0.0
201400022061,31,5,14,22,5,83,36,1,1,1,1,,43.313,6.913
201400022062,30,7,14,18,1,83,152,2,1,7,1,4 avenue Courmes,43.154,6.486
201400022063,8,9,14,18,1,83,152,1,1,1,1,,43.15,6.45
201400022064,20,9,14,0,3,83,36,1,1,1,6,,43.197,6.547
201400022065,27,9,14,1,5,83,36,2,1,1,7,395 promenade de la Mer,0.0,0.0
201400022066,5,1,14,19,5,40,62,2,1,4,6,Departementale D29,44.4595,6.74276
201400022067,17,8,14,4,3,40,86,1,1,1,6,,44.403,6.706
201400022068,11,1,14,11,1,35,285,1,9,2,6,Le Sévéroué,47.76338,-1.94075
201400022069,12,2,14,1,3,35,129,1,1,1,1,,47.87963,-1.87599
201400022070,2,5,14,21,3,35,129,1,1,1,6,,47.87877,-1.85453
201400022071,22,5,14,10,1,35,285,1,1,2,3,,47.76236,-1.93945
201400022072,18,6,14,19,1,35,57,2,1,1,6,Rue du Plat d'Or,47.92836,-1.94174
201400022073,30,7,14,5,2,35,168,1,1,1,6,,47.91195,-2.08012
201400022074,30,7,14,15,1,35,129,1,1,1,3,La Bimais,47.81176,-1.85068
201400022075,4,8,14,16,1,35,219,1,1,1,1,,47.78217,-1.92783
201400022076,7,8,14,2,4,35,219,2,1,2,6,60 rue Pasteur,47.809,-1.95352
201400022077,8,8,14,7,1,35,129,1,1,2,7,,47.88229,-1.87519
201400022078,27,11,14,14,1,35,219,1,2,1,3,La Croix Belle à Pied,47.83009,-1.97019
201400022079,31,12,14,9,1,35,311,1,1,5,5,,47.84602,-2.0241
201400022080,8,7,14,19,1,86,100,1,1,2,6,,0.0,0.0
201400022081,2,8,14,16,1,86,91,1,1,1,6,,0.0,0.0
201400022082,27,10,14,6,2,86,56,1,1,5,4,,0.0,0.0
201400022083,13,2,14,15,1,21,634,1,1,4,5,,47.1485,4.69973
201400022084,28,2,14,22,3,21,214,1,1,2,7,,0.0,0.0
201400022085,7,4,14,8,1,21,634,1,1,1,2,,0.0,0.0
201400022086,6,5,14,14,1,21,214,1,1,1,7,,0.0,0.0
201400022087,19,5,14,6,1,21,449,1,1,1,6,,0.0,0.0
201400022088,17,7,14,4,3,21,633,1,1,1,2,,0.0,0.0
201400022089,11,8,14,10,1,21,449,1,1,1,7,,0.0,0.0
201400022090,23,8,14,23,3,21,282,1,1,1,6,,0.0,0.0
201400022091,26,8,14,20,3,21,214,1,1,2,6,,0.0,0.0
201400022092,12,9,14,1,3,21,501,1,1,1,2,,0.0,0.0
201400022093,30,9,14,1,3,21,87,1,1,1,7,,0.0,0.0
201400022094,11,10,14,15,1,21,73,1,1,1,7,,0.0,0.0
201400022095,12,10,14,14,1,21,676,1,1,3,6,,0.0,0.0
201400022096,31,10,14,21,3,21,529,1,1,1,3,,0.0,0.0
201400022097,10,5,14,17,1,86,153,1,1,1,1,,0.0,0.0
201400022098,14,7,14,16,1,86,140,2,1,1,6,RUE DE L ETANG,0.0,0.0
201400022099,13,9,14,11,1,86,77,1,1,1,6,,0.0,0.0
201400022100,25,7,14,12,1,10,71,1,6,1,6,,46.318,6.06429
201400022101,8,9,14,16,1,10,173,2,1,1,6,82 RUE CHARLES HARENT,0.0,0.0
201400022102,24,9,14,16,1,10,143,2,1,8,3,RD15-FRONTIERE CHAVANNE,46.346,6.15184
201400022103,7,10,14,14,1,10,143,1,1,3,1,,46.3593,6.11749
201400022104,18,10,14,21,5,10,103,1,6,1,7,,0.0,0.0
201400022105,11,11,14,16,1,10,180,1,1,8,1,,0.0,0.0
201400022106,8,1,14,17,1,12,216,1,1,1,6,D 987 - LIEUDIT MALET,44.5211,2.82237
201400022107,20,3,14,18,1,12,201,1,1,1,6,RD 20,44.4967,2.66909
201400022108,14,8,14,14,1,12,201,1,1,1,3,,0.0,0.0
201400022109,16,8,14,17,1,12,120,1,1,1,1,,0.0,0.0
201400022110,28,11,14,12,1,12,131,1,1,3,6,,0.0,0.0
201400022111,24,12,14,19,3,12,276,1,1,5,6,,0.0,0.0
201400022112,14,3,14,15,1,64,396,2,1,1,1,CD 817,43.449,-0.671
201400022113,29,5,14,12,1,64,410,2,6,1,1,AV DU BOURG D33,43.388,-0.611
201400022114,11,6,14,16,1,64,396,1,1,1,2,,43.446,-0.667
201400022115,30,6,14,12,1,64,57,1,1,1,3,,43.493,-0.611
201400022116,4,7,14,17,1,64,382,1,1,1,2,,0.0,0.0
201400022117,21,6,14,12,1,68,22,1,1,1,3,,47.8318,7.38015
201400022118,5,6,14,13,1,68,300,2,1,1,3,RUE JEAN DE LA FONTAINE,47.77894,7.36819
201400022119,17,9,14,0,1,68,300,1,1,1,2,,47.78275,7.42487
201400022120,6,1,14,12,1,10,194,2,1,1,7,,45.9872,4.75712
201400022121,18,3,14,9,1,10,238,2,1,1,3,86 RTE DE CIVRIEUX,45.9063,4.82559
201400022122,1,6,14,20,1,10,194,1,9,1,3,,45.9771,4.75664
201400022123,30,6,14,10,1,10,157,1,1,1,3,,46.0296,4.75425
201400022124,6,9,14,23,5,28,358,2,1,1,6,RD 6,48.50057,1.53584
201400022125,2,1,14,13,1,29,19,2,1,1,3,"0, CLEMENCEAU GEORGES (D",48.3907,-4.48715
201400022126,6,1,14,17,1,29,19,2,1,6,6,GUYNEMER CAPITAINE (DE 1,48.39567,-4.46408
201400022127,10,1,14,7,5,29,19,2,1,1,3,BACH JEAN SEBASTIEN,48.39209,-4.52331
201400022128,17,1,14,7,5,29,19,2,2,1,3,D'ESTIENNE D'ORVES,48.39137,-4.46148
201400022129,17,1,14,18,2,29,19,2,3,2,3,"., CEZANNE",48.41361,-4.47134
201400022130,24,1,14,16,2,29,19,2,1,3,2,GILOUX YVES (DE 13 A,48.41502,-4.486
201400022131,25,1,14,14,1,29,19,2,1,1,6,MONTAIGNE (DE 1 A 37 ET,48.40509,-4.47823
201400022132,28,1,14,9,1,29,19,2,1,1,6,CONCARNEAU,48.40587,-4.45988
201400022133,29,1,14,18,5,29,19,2,1,2,6,LESVEN JULES (DE 1 A,48.40536,-4.47842
201400022134,2,2,14,0,5,29,19,2,1,2,6,"., PLYMOUTH (DE 89 A 135",48.38613,-4.53243
201400022135,3,2,14,18,2,29,19,2,3,2,3,QUATRE POMPES (DE 1 A,48.39039,-4.48607
201400022136,14,2,14,11,1,29,19,2,1,6,6,"16, DEUXIEME DB",48.39039,-4.48607
201400022137,14,2,14,13,1,29,19,2,1,6,6,REPUBLIQUE 19 ET 30 A F,48.39015,-4.4774
201400022138,16,2,14,15,1,29,19,2,3,1,3,REVEILLERE AMIRAL JARDIN,48.3867,-4.48442
201400022139,17,2,14,20,5,29,19,2,1,2,3,"32, LOUPPE ALBERT",48.40329,-4.46986
201400022140,22,2,14,15,1,29,19,2,1,1,6,REPUBLIQUE 19 ET 30 A F,48.39102,-4.47666
201400022141,27,2,14,10,1,29,19,2,1,1,6,"., DOCTEUR DELALANDE AND",48.39035,-4.52693
201400022142,27,2,14,17,1,29,19,2,1,2,2,SEBASTOPOL,48.39908,-4.47101
201400022143,28,2,14,7,2,29,19,2,3,3,6,"., COMMANDANT SOMME PY",48.40378,-4.48551
201400022144,3,3,14,17,1,29,19,2,1,3,4,"0, TALLIN",48.38955,-4.52511
201400022145,7,3,14,18,5,29,19,2,1,2,4,QUIMPER (154 ET 173 A,48.39956,-4.44264
201400022146,13,3,14,9,1,29,19,2,3,5,3,GAMBETTA DE 2 A 64 S,48.38869,-4.48027
201400022147,18,3,14,13,1,29,19,2,1,1,6,";, KERVEZENNEC",48.41843,-4.46177
201400022148,18,3,14,15,1,29,19,2,1,1,6,NORMANDIE,48.40291,-4.51001
201400022149,18,3,14,21,5,29,19,2,6,1,2,VILLENEUVE IMPASSE,48.41001,-4.46324
201400022150,21,3,14,17,1,29,19,2,3,1,6,GOUESNOU DE 1 A 29 E,48.40539,-4.46757
201400022151,24,3,14,16,1,29,19,2,1,1,1,PAULET GENERAL DE 1 A 10,48.41439,-4.47505
201400022152,25,3,14,7,2,29,19,2,6,2,3,"., ROND POINT Dun Laogha",48.40067,-4.49997
201400022153,25,3,14,14,1,29,19,2,1,2,3,6 FOCH MARECHAL,48.39299,-4.48778
201400022154,31,3,14,8,1,29,19,2,1,1,4,"6, QUIMPER (DE 1 A 103 E",48.40241,-4.4654
201400022155,1,4,14,10,1,29,19,2,3,1,3,TARENTE,48.40424,-4.50911
201400022156,3,4,14,16,1,29,19,2,3,1,5,PORTMOGUER,48.39228,-4.49214
201400022157,3,4,14,17,1,29,19,2,1,1,3,", LE GORGEU (N29 TOTAL",48.41006,-4.51479
201400022158,7,4,14,7,2,29,19,2,2,2,6,", EUROPE (DE 58 A 166 E",48.41311,-4.49247
201400022159,8,4,14,20,1,29,19,2,2,1,7,"0, ARMORIQUE (DE 1 A 51",48.38526,-4.49912
201400022160,9,4,14,10,1,29,19,2,1,1,3,"., TRITSCHLER",48.38827,-4.4597
201400022161,10,4,14,17,1,29,19,2,3,1,3,PRIGENT TANGUY (DE MESNO,48.39763,-4.53062
201400022162,11,4,14,18,1,29,19,2,1,1,6,"67, KERMARIA (DE 33 A 83",48.4169,-4.48465
201400022163,15,4,14,15,1,29,19,2,2,1,3,"0, PEN AR CH'LEUZ",48.41511,-4.47976
201400022164,17,4,14,19,1,29,19,2,1,1,3,"0, VILLENEUVE (RUE)",48.41012,-4.46254
201400022165,17,4,14,19,1,29,19,2,1,1,6,"83, ROBESPIERRE (DE 33 A",48.40799,-4.49068
201400022166,24,4,14,20,5,29,19,2,1,2,6,"13, DUC D'AUMALE",48.40122,-4.50505
201400022167,27,4,14,17,1,29,19,2,3,1,3,"., BALZAC HONORE DE",48.39025,-4.48616
201400022168,1,5,14,13,1,29,19,2,3,1,3,"35, EUSEN VICTOR",48.38005,-4.53357
201400022169,4,5,14,18,1,29,19,2,1,1,3,EUROPE (DE 37 A 47),48.41319,-4.4875
201400022170,12,5,14,14,1,29,19,2,9,1,6,LIBERTE PLACE DE LA,48.39061,-4.48478
201400022171,18,5,14,20,1,29,19,2,1,1,3,"0, COLLET YVES (DE 1 A 2",48.39267,-4.47941
201400022172,20,5,14,8,1,29,19,2,2,2,6,ROBESPIERRE (96 ET 109 A,48.41005,-4.49088
201400022173,20,5,14,8,1,29,19,2,1,2,3,"., GOUESNOU (DE 1 A 29 E",48.41506,-4.46832
201400022174,22,5,14,7,1,29,19,2,1,2,1,"12, GILOUX YVES (DE 13 A",48.41564,-4.49122
201400022175,22,5,14,12,1,29,19,2,1,2,2,"171, PAULET GENERAL (DE",48.4206,-4.4749