Num_Acc,jour,mois,an,hr,condition_eclairage,departement,commune,condition_agglomeration,intersection,condition_atmosphere,type_collision,adresse,lattitude,longitude
201400022176,25,5,14,2,5,29,19,2,2,1,3,"., MARCEAU (DE 1 A 15 ET",48.40167,-4.4797
201400022177,26,5,14,16,1,29,19,2,1,1,6,"4, QUIMPER (154 ET 173 A",48.40262,-4.46556
201400022178,26,5,14,19,1,29,19,2,9,1,3,ROUTE DE SAINTE ANNE DU,48.36171,-4.5544
201400022179,2,6,14,13,1,29,19,2,6,1,3,"., POULCANASTROC (RUE ET",48.40489,-4.49714
201400022180,12,6,14,12,1,29,19,2,1,1,6,NAPOLEON III (PLACE),48.40447,-4.5076
201400022181,13,6,14,17,1,29,19,2,3,1,3,DUVAL MARCELLIN (DE 1 A,48.39039,-4.48607
201400022182,13,6,14,17,1,29,19,2,1,1,2,"13, DOURJACQ",48.40669,-4.47489
201400022183,15,6,14,6,2,29,19,2,1,1,6,COLLET YVES (DE 27 ET 28,48.3914,-4.48069
201400022184,18,6,14,14,1,29,19,2,2,1,3,PLANTE GASTON,48.42741,-4.46529
201400022185,18,6,14,17,1,29,19,2,2,1,3,GAY LUSSAC,48.40706,-4.49465
201400022186,19,6,14,8,1,29,19,2,3,1,3,RODIN AUGUSTE,48.39656,-4.46444
201400022187,20,6,14,9,1,29,19,2,1,1,6,"10, DOCTEUR LE NOBLE",48.39212,-4.4859
201400022188,20,6,14,22,5,29,19,2,3,1,7,PARIS ( 33 ET 42 A FIN),48.405,-4.46348
201400022189,23,6,14,18,1,29,19,2,6,1,3,PAULET GENERAL (DE 1,48.4068,-4.47551
201400022190,24,6,14,7,1,29,19,2,1,1,6,"12, SAINT POL ROUX",48.40004,-4.48148
201400022191,24,6,14,12,1,29,19,2,1,1,6,DEUXIEME DB,48.3921,-4.48311
201400022192,25,6,14,13,1,29,19,2,1,1,2,EUROPE (DE 13 A 15),48.41319,-4.4875
201400022193,27,6,14,11,1,29,19,2,6,1,3,SALAUN PENQUER,48.38432,-4.48403
201400022194,27,6,14,23,5,29,19,2,1,1,3,COLAS ALAIN (PARTIE O,48.39031,-4.4433
201400022195,29,6,14,18,1,29,19,2,6,1,3,LE GORGEU,48.40461,-4.50601
201400022196,2,7,14,13,1,29,19,2,1,1,3,"2, ARCHIVES",48.39877,-4.50757
201400022197,4,7,14,16,1,29,19,2,1,2,5,KERVALGUEN (CHEMIN),48.45015,-4.51258
201400022198,8,7,14,13,1,29,19,2,2,1,3,"., BRUAT (DE 1 A 23 ET 2",48.39658,-4.48263
201400022199,8,7,14,23,5,29,19,2,7,1,3,Albert 1er,48.39759,-4.48935
201400022200,16,7,14,16,1,29,19,2,1,1,1,"5, MORVAN AUGUSTIN",48.39182,-4.48712
201400022201,18,7,14,14,1,29,19,2,1,1,2,PEN AR CH'LEUZ,48.41405,-4.47933
201400022202,19,7,14,16,1,29,19,2,2,1,6,"., DUPLEIX",48.39283,-4.48318
201400022203,23,7,14,10,1,29,19,2,1,1,6,"13, MESSIDOU",48.40192,-4.48134
201400022204,23,7,14,12,1,29,19,2,6,7,3,"., PREMIERE DFL (AVENUE)",48.37604,-4.55391
201400022205,30,7,14,9,1,29,19,2,3,1,3,BOUGUEN,48.39716,-4.49744
201400022206,30,7,14,20,1,29,19,1,1,1,2,"0, RN 12 (PEN AR CH'LEUZ",48.39039,-4.48607
201400022207,2,8,14,8,1,29,19,2,1,1,6,"0, PICASSO PABLO",48.41587,-4.47376
201400022208,5,8,14,18,1,29,19,2,3,1,3,"., HEMON LOUIS",48.38733,-4.49213
201400022209,7,8,14,11,1,29,19,2,1,1,2,"., LE GORGEU (SANS N? EN",48.40461,-4.50601
201400022210,11,8,14,14,1,29,19,2,1,1,3,"80, PAULET GENERAL (DE 1",48.41047,-4.47654
201400022211,18,8,14,14,1,29,19,2,2,1,3,"., FRANCE ANATOLE (DE 1",48.38075,-4.53063
201400022212,19,8,14,13,1,29,19,2,2,1,3,"., PARIS ( 33 ET 42 A FI",48.407,-4.46037
201400022213,21,8,14,8,1,29,19,2,1,1,1,PRIGENT TANGUY (DE MESNO,48.39677,-4.53253
201400022214,22,8,14,19,1,29,19,2,1,1,2,"., TARENTE",48.40469,-4.5096
201400022215,1,9,14,7,1,29,19,2,1,1,2,"., RN 12",48.39039,-4.48607
201400022216,2,9,14,11,1,29,19,2,1,1,6,"7, TARENTE",0.0,0.0
201400022217,5,9,14,7,1,29,19,2,2,1,3,"., MAISSIN",48.3879,-4.50338
201400022218,5,9,14,8,1,29,19,2,1,1,3,"., BEREST EUGENE",48.39368,-4.43454
201400022219,7,9,14,16,1,29,19,2,1,1,3,"59, MONTAIGNE (DE 39 A 1",48.40246,-4.48144
201400022220,10,9,14,7,1,29,19,2,6,1,6,"., QUIMPER (DE 1 A 103 E",48.40088,-4.45133
201400022221,11,9,14,10,1,29,19,2,1,1,6,"0, SARTHE",48.38388,-4.49039
201400022222,11,9,14,13,1,29,19,2,1,1,3,"0, VILLENEUVE (RUE)",48.41004,-4.46289
201400022223,1,9,14,19,1,29,19,2,1,1,2,"., LE GORGEU (SANS N? EN",48.40461,-4.50601
201400022224,15,9,14,8,1,29,19,2,3,1,2,MONTAIGNE (DE 1 A 37 ET,48.40328,-4.48087
201400022225,18,9,14,20,2,29,19,2,2,1,3,"., FRANCE ANATOLE (DE 1",48.38289,-4.51791
201400022226,19,9,14,17,1,29,19,2,3,1,6,"., VAUBAN (DE 1 A 23 ET",48.38489,-4.50096
201400022227,22,9,14,10,1,29,19,2,3,1,3,"., TARENTE",48.40469,-4.5096
201400022228,23,9,14,12,1,29,19,2,2,1,6,"., BLUM LEON",48.40559,-4.48466
201400022229,23,9,14,17,1,29,19,2,3,1,6,MAGENTA,48.39778,-4.47281
201400022230,26,9,14,7,2,29,19,2,1,1,3,"18, COLLET YVES (DE 1 A",48.39124,-4.48143
201400022231,26,9,14,18,1,29,19,2,1,2,4,QUIMPER (DE 1 A 103 ET 2,48.40088,-4.45133
201400022232,28,9,14,10,1,29,19,2,2,1,3,"., THOMAS ALBERT",48.40268,-4.4944
201400022233,29,9,14,13,1,29,19,2,1,1,2,"207, RUE HUNDERTWASSER",48.38884,-4.53722
201400022234,29,9,14,15,1,29,19,2,1,1,3,EUROPE (DE 161 A 199),48.41319,-4.4875
201400022235,2,10,14,20,2,29,19,2,1,1,3,HUGO VICTOR (DE 1 A 17 E,48.39089,-4.47895
201400022236,1,10,14,7,2,29,19,2,2,2,3,"., LOUPPE ALBERT (DE 1 A",48.40352,-4.47229
201400022237,1,10,14,16,1,29,19,2,1,1,6,GILOUX YVES (DE 13 A 63,48.41492,-4.48383
201400022238,2,10,14,19,1,29,19,2,1,1,2,"., TARENTE",48.40469,-4.5096
201400022239,4,10,14,14,1,29,19,2,3,1,6,"., PLYMOUTH (DE 89 A 135",48.38613,-4.53243
201400022240,5,10,14,2,5,29,19,2,3,1,3,"., DONNART MATHIEU (DE 1",48.3997,-4.486
201400022241,6,10,14,17,1,29,19,2,2,1,3,"., GOUESNOU (DE 1 A 29 E",48.41515,-4.46823
201400022242,7,10,14,15,1,29,19,2,6,1,3,"., PEN AR CH'LEUZ (ROND",48.41405,-4.47933
201400022243,7,10,14,16,1,29,19,2,1,1,6,"., ROOSEVELT FRANKLIN (A",48.38225,-4.49012
201400022244,11,10,14,2,4,29,19,2,6,8,6,PEN AR CH'LEUZ (ROND POI,48.41405,-4.47933
201400022245,11,10,14,15,1,29,19,2,1,1,2,PEN AR CH'LEUZ (ROND POI,48.41405,-4.47933
201400022246,15,10,14,12,1,29,19,2,1,2,6,BLUM LEON,0.0,0.0
201400022247,16,10,14,9,1,29,19,2,1,9,3,ROBESPIERRE (96 ET 109 A,48.41005,-4.49088
201400022248,20,10,14,17,1,29,19,2,2,1,6,"56, DUVAL MARCELLIN (DE",48.41685,-4.48731
201400022249,21,10,14,16,1,29,19,2,1,1,2,"., LE GROS CHARLES (DE 1",48.42477,-4.46038
201400022250,22,10,14,21,4,29,19,2,1,1,7,SIAM (DE 46 A 82 ET 49 A,48.38725,-4.49019
201400022251,24,10,14,9,1,29,19,2,1,2,6,QUIMPER (DE 1 A 103 ET 2,48.40088,-4.45133
201400022252,24,10,14,15,1,29,19,2,1,1,3,"., LE GORGEU (N?29 (TOTA",48.40461,-4.50601
201400022253,28,10,14,7,1,29,19,2,1,1,4,"109, GOUESNOU (DE 43 A 2",48.4118,-4.46836
201400022254,28,10,14,13,1,29,19,2,1,1,2,PEN AR CH'LEUZ (ROND POI,48.41405,-4.47933
201400022255,28,10,14,18,4,29,19,2,2,1,2,"., CLEMENCEAU GEORGES (D",48.39083,-4.48715
201400022256,2,11,14,16,1,29,19,2,1,8,6,"7, PARIS (DE 1 A 31 ET 2",47.99787,-4.12655
201400022257,3,11,14,8,5,29,19,2,3,1,6,"., DURAS MARGUERITE",48.41787,-4.49652
201400022258,3,11,14,13,1,29,19,2,1,1,7,KIEL,0.0,0.0
201400022259,4,11,14,7,2,29,19,2,1,2,3,"8, COLAS ALAIN (PARTIE Z",48.39318,-4.44859
201400022260,4,11,14,9,1,29,19,2,1,1,6,"., FOCH MARECHAL",48.3953,-4.48848
201400022261,5,11,14,18,3,29,19,2,3,1,6,"., VALY HIR (DE 1 A 19 E",48.38558,-4.52259
201400022262,5,11,14,20,5,29,19,2,6,1,3,HUGO VICTOR (DE 1 A 17 E,48.39089,-4.47895
201400022263,16,11,14,11,1,29,19,2,3,1,3,PETIT THOUARS,48.39039,-4.48607
201400022264,24,11,14,1,5,29,19,2,1,3,1,"., SALAUN PENQUER",48.38432,-4.48403
201400022265,29,11,14,8,1,29,19,2,1,1,6,"., MIRABEAU",48.40816,-4.48683
201400022266,27,11,14,7,5,29,19,2,1,1,6,"., LOSCOAT",48.42355,-4.49135
201400022267,29,11,14,12,1,29,19,2,1,1,2,"99, MONTAIGNE (DE 98 ET",48.40441,-4.47881
201400022268,29,11,14,16,1,29,19,2,1,1,6,"111, ECOLE NAVALE (DE 86",48.37974,-4.52689
201400022269,1,12,14,16,1,29,19,2,2,1,3,"., GILLOUX YVES (DE 1 A",48.41548,-4.48078
201400022270,2,12,14,8,2,29,19,2,1,2,6,"74, GALLIENI GENERAL (DE",48.39089,-4.50652
201400022271,4,12,14,7,5,29,19,2,2,2,6,"., LANGEVIN PROFESSEUR",48.40272,-4.49838
201400022272,7,12,14,2,3,29,19,2,1,1,6,"22, LE BORGNE JOSEPH (1",48.40243,-4.49025
201400022273,8,12,14,8,1,29,19,2,2,2,6,"., GRETRY",48.41054,-4.49684
201400022274,8,12,14,11,1,29,19,2,1,2,4,"., SALAUN PENQUER",48.38474,-4.4831
201400022275,8,12,14,12,1,29,19,2,3,2,2,"27 BIS, PORTE (DE 1 A 75",48.38437,-4.4991
201400022276,10,12,14,18,5,29,19,2,7,2,3,"., ALBERT 1ER",48.39758,-4.48906
201400022277,11,12,14,12,1,29,19,2,1,1,4,"., MONTAIGNE (DE 1 A 37",48.40328,-4.48087
201400022278,15,12,14,8,2,29,19,2,6,2,3,"., PRIGENT TANGUY (RP CA",48.39549,-4.53877
201400022279,18,12,14,11,1,29,19,2,2,2,6,"3, BEAUMANOIR",48.38718,-4.51392
201400022280,20,12,14,17,1,29,19,2,3,1,2,"., PARIS ( 33 ET 42 A FI",48.40497,-4.46357
201400022281,26,2,14,16,1,40,164,1,1,3,6,,44.13956,-0.27585
201400022282,13,4,14,12,1,40,259,1,1,1,6,,43.84611,-0.33537
201400022283,18,7,14,12,1,40,245,1,1,1,6,,44.03997,-0.34317
201400022284,14,1,14,14,1,29,39,1,1,1,4,VILLENEUVE ( RUE DE LA),47.89964,-3.91174
201400022285,18,1,14,22,4,29,39,1,1,2,7,KERAMPERU ( ROND POINT D,47.89463,-3.91401
201400022286,28,1,14,6,3,29,39,1,1,2,7,KERSIMONOU ( CHEMIN DE ),47.93512,-3.9197
201400022287,27,1,14,18,3,29,39,2,1,8,7,RD 783,47.89662,-3.912
201400022288,1,2,14,14,1,29,39,1,1,2,3,RN165 (VE),47.87283,-3.92073
201400022289,3,2,14,18,5,29,39,2,1,1,6,GENERAL DE GAULLE (PLACE,47.8716,-3.91901
201400022290,11,2,14,18,1,29,39,2,1,1,6,"118, GARE AVENUE DE LA",47.88218,-3.91943
201400022291,15,2,14,0,5,29,39,2,6,1,1,"122, GARE AVENUE DE LA",47.88263,-3.91923
201400022292,28,2,14,10,1,29,39,1,1,6,6,STANG AR LIN ( RUE DE),47.88133,-3.90531
201400022293,1,3,14,15,1,29,39,1,1,1,6,TREGUNC RUE DE,47.86033,-3.88295
201400022294,17,3,14,20,3,29,39,1,6,1,2,RD 70 (route d?partement,0.0,0.0
201400022295,7,4,14,17,1,29,39,2,1,1,3,PARE ( RUE AMBOISE),47.86753,-3.89892
201400022296,8,5,14,12,1,29,39,2,1,2,7,RD 783 MOROS 'ROND POINT,47.87974,-3.90598
201400022297,8,5,14,16,1,29,39,2,2,2,1,SIMON ( RUE JULES ),47.87283,-3.92073
201400022298,27,5,14,13,1,29,39,2,1,1,6,"30, DEBUSSY ( RUE CLAUDE",47.87764,-3.92437
201400022299,4,6,14,10,1,29,39,2,6,1,7,"1, JAN (RUE ROBERT)",47.87283,-3.92073
201400022300,19,6,14,10,1,29,39,2,1,1,6,"20, TREGUNC ( RUE DE )",47.86855,-3.90418
201400022301,20,6,14,13,1,29,39,2,1,1,3,"23, MAISON BLANCHE (LIEU",47.88965,-3.91851
201400022302,24,6,14,17,1,29,39,1,1,1,7,RN165 (VE),47.87283,-3.92073
201400022303,25,6,14,18,1,29,39,2,1,1,4,VILLENEUVE ( RUE DE LA),47.89727,-3.9124
201400022304,1,7,14,9,1,29,39,1,1,2,3,RD 44,47.87283,-3.92073
201400022305,13,7,14,16,1,29,39,2,1,1,7,LANRIEC ( RUE DE ),47.86918,-3.89477
201400022306,21,7,14,13,1,29,39,2,1,1,7,PENEROFF ( QUAI),47.87064,-3.91677
201400022307,25,7,14,11,1,29,39,1,2,1,3,TRICHARD (RUE YVES),47.87868,-3.86993
201400022308,30,7,14,10,1,29,39,1,1,1,7,STANG BIHAN ( LIEU-DIT),47.87283,-3.92073
201400022309,9,8,14,12,1,29,39,2,1,1,7,JAN (RUE ROBERT),47.87891,-3.92427
201400022310,17,8,14,21,3,29,39,2,1,1,6,"16, GUILLOU ( BOULEVARD",47.87476,-3.92847
201400022311,20,8,14,14,1,29,39,1,1,1,3,RD 783,47.87283,-3.92073
201400022312,31,8,14,8,1,29,39,2,1,1,6,NEUVE ( RUE),47.89423,-3.90559
201400022313,4,9,14,10,1,29,39,2,6,1,7,"01, TREGUNC ( RUE DE )",47.87297,-3.9054
201400022314,9,9,14,10,1,29,39,1,1,1,1,RD 44,47.87283,-3.92073
201400022315,19,9,14,15,1,29,39,2,1,1,6,CROIX ( PLACE DE LA ),47.86901,-3.91757
201400022316,20,9,14,4,3,29,39,1,1,1,7,COLGUEN ( RUE DE),47.89954,-3.9094
201400022317,1,10,14,12,1,29,39,2,1,2,6,MOROS 'ROND POINT DU),47.87953,-3.90641
201400022318,1,10,14,15,1,29,39,2,3,2,6,"71, LE LAY ( AVENUE ALAI",47.87721,-3.91503
201400022319,4,10,14,11,1,29,39,2,1,2,4,"209, TREGUNC ( RUE DE )",47.86105,-3.88599
201400022320,13,10,14,17,1,29,39,1,2,1,1,RD 783 BEUZEC,47.5254,3.45699
201400022321,22,10,14,22,3,29,39,1,1,1,6,RD 783,47.82988,-3.88891
201400022322,23,10,14,8,1,29,39,2,6,1,7,KERAMPORIEL ( ROND POINT,47.90021,-3.91174
201400022323,23,10,14,18,1,29,39,2,1,1,6,"7, FRENES ( RUE DES)",47.88225,-3.9157
201400022324,1,11,14,14,1,29,39,1,1,1,3,RN165 (VE),47.93811,-3.91468
201400022325,16,11,14,9,1,29,39,1,9,1,7,MELGVEN ( RUE DE ),47.88118,-3.88344
201400022326,17,11,14,10,1,29,39,2,1,1,7,WYLIE ( BOULEVARD KATHER,47.87072,-3.9276
201400022327,22,11,14,9,1,29,39,1,3,1,7,FORET (ANCIENNE ROUTE DE,47.89103,-3.92226
201400022328,22,11,14,13,1,29,39,2,1,2,7,RN165 (VE),47.87283,-3.92073
201400022329,30,11,14,15,1,29,39,1,1,1,7,RN165 (VE),47.87283,-3.92073
201400022330,3,12,14,15,1,29,39,2,2,1,3,ROUTE DE PENANGUER,47.90917,-3.91942
201400022331,6,12,14,18,3,29,39,1,1,1,4,RD 783 BEUZEC,47.88892,-3.91525
201400022332,6,12,14,19,3,29,39,1,1,1,7,RD 44,47.92075,-3.91288
201400022333,17,12,14,15,1,29,39,2,2,2,2,KERGUERES (Route de),47.89161,-3.92307
201400022334,17,12,14,16,1,29,39,1,1,2,2,RD 783,47.87283,-3.92073
201400022335,18,12,14,17,5,29,39,2,6,2,3,"4, VERGER ( RUE DU)",47.88411,-3.92691
201400022336,18,4,14,19,1,29,151,2,1,1,3,"8, OTAGES (PLACE DES)",48.57723,-3.82837
201400022337,6,6,14,15,1,29,254,2,1,1,7,"29, ST FRANCOIS (LIEU DI",48.59737,-3.84172
201400022338,13,6,14,14,1,29,151,2,1,1,6,"5, CORLE (RUE PIERRE)",48.59366,-3.81525
201400022339,10,6,14,12,1,29,151,2,1,1,7,"24, REPUBLIQUE (AVENUE D",48.58433,-3.83357
201400022340,20,6,14,14,1,29,254,2,1,1,2,"17, SAINT MARTIN (BOULEV",48.57401,-3.84994
201400022341,28,6,14,16,1,29,254,2,1,1,1,ST FRANCOIS (LIEU DIT),48.59313,-3.84144
201400022342,13,7,14,14,1,29,254,2,1,1,6,CUBURIEN (LIEU DIT),48.59849,-3.85281
201400022343,25,7,14,17,1,29,254,2,1,1,7,"., GOAREM PELLA (RUE)",48.58018,-3.8663
201400022344,16,8,14,16,1,29,254,1,1,1,5,ST FRANCOIS (LIEU DIT),48.59313,-3.84144
201400022345,2,9,14,22,5,29,151,2,1,1,6,"48, PARIS (ROUTE DE)",48.57486,-3.8154
201400022346,16,11,14,4,3,29,254,1,1,1,6,LE CUN (LIEU DIT),48.77842,3.33618
201400022347,7,12,14,1,3,29,151,1,1,1,6,OREE DU BOIS (RUE DE L'),48.5828,-3.80795
201400022348,6,12,14,17,5,29,254,2,9,1,2,"12, SAINT MARTIN (BOULEV",48.57361,-3.85029
201400022349,11,2,14,20,3,52,432,1,1,1,7,,47.94845,5.3274
201400022350,24,2,14,12,1,52,519,1,1,1,2,,47.70117,5.18676
201400022351,21,3,14,4,3,52,282,1,1,1,2,,47.98394,5.13021
201400022352,14,5,14,9,1,52,282,1,1,8,2,,47.97032,5.14179
201400022353,23,7,14,14,1,52,258,1,1,1,6,,48.10372,4.7999
201400022354,17,8,14,7,1,52,14,1,1,1,6,,47.75826,5.18832
201400022355,25,8,14,17,1,52,147,1,1,1,6,,47.82419,5.22559
201400022356,23,9,14,18,1,52,282,1,1,1,2,,47.97597,5.13695
201400022357,3,10,14,14,1,52,384,1,1,1,7,,47.8154,5.22371
201400022358,12,10,14,19,3,52,282,1,1,8,5,,47.96446,5.14731
201400022359,30,10,14,4,3,52,432,1,1,5,6,,47.94773,5.34001
201400022360,24,11,14,23,3,52,399,1,1,1,2,,48.08045,4.86906
201400022361,11,9,14,16,1,57,224,1,1,7,1,,0.0,0.0
201400022362,4,8,14,8,1,76,404,1,1,1,3,,49.58733,0.25542
201400022363,16,11,14,3,4,76,275,2,1,1,7,R SAINT MICHEL,49.56114,0.18227
201400022364,16,11,14,19,5,76,167,1,1,1,5,,49.60645,0.15031
201400022365,29,5,14,16,1,41,256,1,1,3,2,,47.347,2.049
201400022366,8,7,14,9,1,41,161,1,1,1,7,A71 PR 150+800,47.523,2.004
201400022367,14,10,14,20,3,41,106,1,1,1,5,,47.587,1.99
201400022368,26,12,14,18,3,41,232,1,1,2,7,,47.435,2.017
201400022369,1,1,14,18,5,29,232,2,1,6,2,BOULEVARD DE FRANCE,47.98404,-4.13022
201400022370,2,1,14,11,1,29,232,2,1,1,7,POULGUINAN BOULEVARD DE,47.9794,-4.12147
201400022371,2,1,14,17,3,29,232,2,1,2,6,LE GUENNEC LOUIS BOULEVA,47.98003,-4.1076
201400022372,6,1,14,17,1,29,232,2,1,1,2,LEBON PHILIPPE  ROND POI,47.99474,-4.07305
201400022373,8,1,14,8,3,29,232,1,1,2,2,"., VOIE EXPRESS QUIMPER",48.00604,-4.06268
201400022374,9,1,14,8,1,29,232,1,1,1,2,LEBON PHILIPPE  ROND Pt,47.99521,-4.07318
201400022375,9,1,14,18,5,29,232,2,1,8,6,"1, PEN AR STANG",47.99348,-4.09906
201400022376,10,1,14,13,1,29,232,1,1,1,2,KERDRONIOU CHEMIN DE,47.9749,-4.00099
201400022377,11,1,14,12,1,29,232,1,1,7,7,", VIEILLE ROUTE DE BRIEC",48.02746,-4.07768
201400022378,11,1,14,22,5,29,232,2,1,1,2,DUPLEIX BOULEVARD,47.99474,-4.10123
201400022379,14,1,14,18,5,29,232,2,1,2,7,UNIVERSITE RUE DE L',47.98131,-4.09674
201400022380,16,1,14,15,1,29,232,2,1,3,3,"., GUTENBERG ROND POINT",47.98023,-4.07934
201400022381,16,1,14,20,5,29,232,2,1,9,1,SAINT POL ROUX RUE,47.99038,-4.09755
201400022382,18,1,14,11,1,29,232,1,1,2,7,VOIE EXPRESS QUIMPER,47.98853,-4.02734
201400022383,18,1,14,15,1,29,232,2,1,2,7,POULGUINAN BOULEVARD,47.98321,-4.11905
201400022384,21,1,14,11,1,29,232,2,1,1,6,FRANCE LIBRE  AVENUE,48.00892,-4.09626
201400022385,21,1,14,20,5,29,232,2,1,2,2,"43, AMIRAL DE KERGUELEN",47.99528,-4.09946
201400022386,23,1,14,7,4,29,232,1,1,2,3,VICTOR LE GORGEU,47.9751,-4.13191
201400022387,24,1,14,10,1,29,232,2,1,9,6,JUSTICES CHEMIN DES,47.99334,-4.11916
201400022388,27,1,14,17,1,29,232,1,1,2,2,LOC' H ROUTE DU,48.01128,-4.09141
201400022389,27,1,14,19,1,29,232,2,1,2,7,"., TY BOS AVENUE DE",47.97473,-4.06665
201400022390,28,1,14,19,5,29,232,2,1,2,7,"7 AV, POMPIDOU GEORGES",47.98288,-4.07223
201400022391,2,2,14,11,1,29,51,1,6,1,3,"., SAINT JOAQUIM Rond Po",47.99638,-4.02738
201400022392,3,2,14,7,2,29,232,2,1,1,6,REMSCHEID AVENUE DE,47.99754,-4.09789
201400022393,6,2,14,11,1,29,232,2,1,2,6,"44, BREST ROUTE DE",47.99754,-4.09789
201400022394,6,2,14,18,2,29,232,2,6,1,3,"80, LIBERATION AVENUE",47.99245,-4.0818
201400022395,7,2,14,15,1,29,232,2,1,1,2,FLANDRES DUNKERQUE 19,47.97928,-4.09356
201400022396,11,2,14,8,5,29,232,2,1,3,7,14  DUPLEIX BOULEVARD,47.9951,-4.09782
201400022397,15,2,14,21,5,29,232,2,1,1,7,BECHARLES AVENUE DE,48.0167,-4.09112
201400022398,18,2,14,19,2,29,232,2,1,2,3,42 ROSPORDEN VIEILLE ROU,47.99078,-4.06777
201400022399,21,2,14,17,1,29,232,2,4,1,6,PARC RUE DU,47.99427,-4.10563
201400022400,28,2,14,11,1,29,232,2,1,3,6,POHER RUE DU,47.98363,-4.10632
201400022401,3,3,14,13,1,29,232,1,1,1,7,VOIE EXPRESS QUIMPER,48.00369,-4.05824
201400022402,3,3,14,16,1,29,232,2,1,1,7,VOIE EXPRESS QUIMPER,48.02995,-4.08807
201400022403,3,3,14,23,5,29,232,1,1,1,7,"., LOUIS LE GUENNEC",47.9804,-4.10057
201400022404,4,3,14,20,5,29,232,1,1,1,3,163 BENODET ROUTE DE,47.97581,-4.09365
201400022405,8,3,14,11,1,29,232,2,1,1,7,"36, DOUARNENEZ ROUTE DE",47.99935,-4.11465
201400022406,10,3,14,17,1,29,232,1,1,1,7,CHAPELLE DE CUZON RUE,48.00382,-4.07058
201400022407,12,3,14,21,4,29,232,1,1,1,7,FRANCE BOULEVARD DE,47.98447,-4.13033
201400022408,13,3,14,13,1,29,232,2,1,1,6,CREAC' H GWEN BOULEVARD,47.97703,-4.10014
201400022409,15,3,14,3,3,29,232,1,1,9,6,CNO,48.01575,-4.11681
201400022410,24,3,14,7,1,29,232,1,1,1,7,"., CONCARNEAU ROUTE DE",47.96867,-4.06283
201400022411,25,3,14,7,1,29,232,1,2,3,3,CONCARNEAU ROUTE DE,47.95241,-4.03704
201400022412,22,3,14,14,1,29,232,1,1,4,7,MORBIHAN AVENUE DU,47.9788,-4.06253
201400022413,28,3,14,11,1,29,232,2,1,1,7,REMSCHEID AVENUE DE,47.98166,-4.09565
201400022414,7,4,14,16,1,29,232,2,6,2,3,GOURVILLY  ROND POINT DE,48.01871,-4.0838
201400022415,9,4,14,13,1,29,232,2,1,1,2,"12, BARBUSSE HENRI RUE",47.99067,-4.07606
201400022416,11,4,14,14,1,29,232,2,1,1,4,"0, LE GUENNEC LOUIS BOUL",47.98023,-4.10282
201400022417,15,4,14,15,1,29,232,2,1,1,6,"., ERGUE ARMEL  ROND POI",47.98693,-4.07406
201400022418,16,4,14,13,1,29,232,2,1,1,6,"43, KEREON RUE DE",47.99601,-4.10529
201400022419,22,4,14,16,1,29,232,1,1,1,7,"9, LEON RUE DU",47.98217,-4.10453
201400022420,25,4,14,18,1,29,232,2,1,1,7,"., VOIE EXPRESS QUIMPER",47.99754,-4.09789
201400022421,26,4,14,18,1,29,232,2,3,2,7,PARC RUE DU,47.99623,-4.02902
201400022422,27,4,14,17,1,29,232,2,1,1,7,RUE HENT GLAZ,47.99754,-4.0979
201400022423,29,4,14,16,1,29,232,2,1,1,2,RUE DE PONT L'ABBE,47.99124,-4.11553
201400022424,1,5,14,16,1,29,51,2,3,1,3,ROUILLEN AVENUE,47.99905,-4.05517
201400022425,3,5,14,2,5,29,232,2,1,1,6,"15, 19 MARS 1962 RUE DU",45.00518,0.16063
201400022426,4,5,14,18,1,29,232,1,1,1,2,BREST ROUTE DE,48.02319,-4.08428
201400022427,5,5,14,23,5,29,232,2,2,1,3,DEESSE RUE DE LA,47.99754,-4.09789
201400022428,7,5,14,10,1,29,232,2,6,1,2,GUTENBERG ROND POINT,47.97942,-4.07979
201400022429,8,5,14,21,2,29,232,1,1,2,6,MORBIHAN AVENUE DU,47.97857,-4.04778
201400022430,9,5,14,7,1,29,232,1,1,1,6,VOIE EXPRESS QUIMPER - B,47.99754,-4.09789
201400022431,10,5,14,10,1,29,232,2,1,1,7,BREST ROUTE DE,48.02319,-4.08449
201400022432,13,5,14,18,1,29,232,2,3,1,3,BREST RUE DE,48.02313,-4.08458
201400022433,15,5,14,15,1,29,232,2,6,1,5,POULGUINAN BOULEVARD DE,47.98371,-4.11729