Num_Acc,jour,mois,an,hr,condition_eclairage,departement,commune,condition_agglomeration,intersection,condition_atmosphere,type_collision,adresse,lattitude,longitude
201400022434,16,5,14,6,1,29,232,1,1,1,7,Park Poullig rond point,47.99754,-4.09789
201400022435,16,5,14,15,1,29,232,2,1,1,2,"11, KERGESTIN RUE DE",47.98622,-4.1303
201400022436,22,5,14,8,1,29,232,2,6,2,2,TY BOS AVENUE DE,47.97302,-4.06494
201400022437,22,5,14,17,1,29,232,2,1,2,6,"., KERVILLOU de Rond-Poi",47.98601,-4.05973
201400022438,23,5,14,18,1,29,232,2,1,1,3,PROVENCE BOULEVARD DE,47.98312,-4.12907
201400022439,25,5,14,17,1,29,232,2,1,1,7,PONT L'ABBE RUE DE,47.98312,-4.12907
201400022440,27,5,14,20,1,29,232,2,1,1,3,"., BRETAGNE BOULEVARD DE",47.98515,-4.12651
201400022441,28,5,14,18,1,29,232,2,9,1,3,"12, VICTOR LE GORGEU",47.97534,-4.13246
201400022442,28,5,14,18,1,29,232,2,1,1,2,"1, HAUTE RUE",47.98951,-4.11082
201400022443,30,5,14,16,1,29,232,2,1,8,4,"., PRESIDENT ALLENDE BOU",48.00035,-4.07621
201400022444,31,5,14,19,1,29,232,2,2,1,1,AMIRAL RONARC'H RUE,47.99425,-4.10742
201400022445,1,6,14,4,1,29,232,1,1,1,6,"103, TERRE NOIRE RUE DE",47.99848,-4.1302
201400022446,1,6,14,18,1,29,232,2,1,1,3,"., FRUGY RUE DU",47.98755,-4.10399
201400022447,12,6,14,4,2,29,232,2,1,1,7,"., TOUL SABLE  ROND POIN",47.97308,-4.08773
201400022448,14,6,14,18,1,29,232,2,6,1,3,"., LUDUGRIS  ROND POINT",47.97946,-4.12209
201400022449,14,6,14,19,1,29,51,1,1,1,7,"., CORAY ROUTE DE",48.02702,-3.97103
201400022450,15,6,14,0,3,29,51,1,1,1,7,PEN CARN ROND POINT,48.0122,-4.01478
201400022451,15,6,14,16,1,29,232,2,1,1,7,BENODET ROUTE DE,47.95707,-4.0821
201400022452,18,6,14,18,1,29,232,1,1,1,4,TY BOS AVENUE DE,47.97302,-4.06494
201400022453,22,6,14,5,5,29,232,2,6,1,6,VERDI RUE,48.00295,-4.08932
201400022454,23,6,14,8,1,29,232,1,1,1,3,ERGUE ARMEL  ROND POINT,47.97941,-4.09516
201400022455,24,6,14,16,1,29,232,2,2,1,6,"71, BREST ROUTE DE",48.00184,-4.08542
201400022456,26,6,14,8,1,29,232,1,3,1,5,REMSCHEID AVENUE DE,47.98241,-4.09275
201400022457,27,6,14,8,1,29,232,2,1,1,3,POULGUINAN PONT DE,47.98349,-4.11834
201400022458,27,6,14,23,2,29,232,2,1,1,6,"., LEBON RUE PHILIPPE",47.97251,-3.9947
201400022459,30,6,14,15,1,29,232,2,1,1,4,LOUIS LE GUENNEC,47.98018,-4.10299
201400022460,5,7,14,23,3,29,232,2,1,3,2,PRESIDENT ALLENDE BOULEV,47.99372,-4.07337
201400022461,9,7,14,18,1,29,232,1,1,1,7,"., VOIE EXPRESS QUIMPER",0.0,0.0
201400022462,13,7,14,10,1,29,232,2,5,2,3,"FACE AU 53, TOUR D'AUVER",47.9892,-4.08203
201400022463,17,7,14,11,1,29,232,2,1,1,6,TY PONT AVENUE DE,48.01542,-4.10533
201400022464,24,7,14,15,1,29,232,1,1,1,3,VOIE EXPRESS QUIMPER - B,47.99754,-4.09789
201400022465,26,7,14,19,1,29,232,2,1,1,6,GARE AVENUE DE LA,47.99443,-4.09431
201400022466,29,7,14,10,1,29,232,2,1,1,6,SAINT ALOR RUE,47.98299,-4.06754
201400022467,30,7,14,16,1,29,232,1,3,1,6,PLOMELIN ROUTE DE,47.97016,-4.12731
201400022468,2,8,14,12,1,29,51,1,4,1,1,AMPERE Rue,48.00073,-4.04351
201400022469,5,8,14,0,3,29,51,1,1,1,7,REUNIC Route du,48.00025,-4.00558
201400022470,8,8,14,0,5,29,232,2,3,2,6,BRIAND  ARISTIDE RUE,47.99502,-4.0966
201400022471,11,8,14,9,1,29,232,2,1,1,7,"., DUPLEIX BOULEVARD",47.99473,-4.10127
201400022472,14,8,14,14,1,29,232,2,1,2,3,"., EAU BLANCHE  ROND POI",47.9909,-4.07396
201400022473,12,8,14,19,1,29,232,1,1,1,7,VOIE EXPRESS QUIMPER - B,47.99754,-4.09789
201400022474,19,8,14,0,5,29,232,2,1,1,3,"6, LIMERICK AVENUE DE",47.98744,-4.09193
201400022475,19,8,14,8,1,29,232,2,3,1,3,"Face au 27, BREST ROUTE",47.99924,-4.0924
201400022476,23,8,14,0,5,29,232,2,1,1,2,"39, KERGESTIN RUE DE",47.98415,-4.13077
201400022477,23,8,14,13,1,29,232,2,3,1,6,"., DOUARNENEZ ROUTE DE",47.99917,-4.13323
201400022478,23,8,14,14,1,29,232,2,1,1,2,"., DUPLEIX BOULEVARD",47.99917,-4.13323
201400022479,28,8,14,17,1,29,232,2,1,2,2,POULGUINAN PONT DE,47.98313,-4.11904
201400022480,25,8,14,13,1,29,232,2,1,3,6,GARE AVENUE DE LA,47.99443,-4.09431
201400022481,25,8,14,19,1,29,51,1,1,2,1,"., CORAY ROUTE DE",48.0258,-3.97435
201400022482,25,8,14,7,2,29,51,1,1,2,1,ROUTE d'ELLIANT,47.99061,-4.01633
201400022483,30,8,14,1,3,29,232,1,1,1,7,CORAY ROUTE DE,47.99429,-4.07085
201400022484,8,9,14,8,1,29,232,2,6,1,2,ERGUE ARMEL  ROND POINT,47.97941,-4.09516
201400022485,10,9,14,18,1,29,232,2,3,1,1,"., DANTON RUE",47.98872,-4.10135
201400022486,15,9,14,12,1,29,232,1,4,1,3,ROSPORDEN ROUTE DE,47.98121,-4.03027
201400022487,20,9,14,3,3,29,51,1,1,1,7,"., RD 115 Lieu Dit Stang",48.02385,-4.04388
201400022488,20,9,14,13,1,29,232,1,3,1,5,"., TY BOS AVENUE DE",47.97316,-4.06504
201400022489,23,9,14,15,1,29,232,1,1,7,7,COAT BILY CHEMIN DE,48.02772,-4.08459
201400022490,28,9,14,15,1,29,232,2,4,1,7,"., MENDES FRANCE  PIERRE",47.97575,-4.12729
201400022491,1,10,14,18,1,29,232,2,6,2,4,FLANDRES DUNKERQUE 1940,47.97985,-4.08731
201400022492,4,10,14,13,1,29,232,2,3,1,3,OISEAUX AVENUE DES,47.99132,-4.12605
201400022493,6,10,14,8,2,29,232,2,1,3,7,"4, UNIVERSITE RUE DE L'",47.98213,-4.09773
201400022494,8,10,14,8,2,29,232,1,3,2,3,CONCARNEAU ROUTE DE,47.95833,-4.04864
201400022495,17,10,14,14,1,29,232,1,1,2,6,ROSPORDEN ROUTE DE,47.98517,-4.04328
201400022496,17,10,14,19,5,29,232,2,6,2,6,MANOIR DU PARC  ROND POI,47.99754,-4.09789
201400022497,21,10,14,8,1,29,232,2,1,2,2,BREST ROUTE DE,48.02313,-4.08458
201400022498,24,10,14,5,3,29,51,1,1,2,6,CORAY ROUTE DE,48.0258,-3.97435
201400022499,31,10,14,6,3,29,232,1,1,1,7,PRESIDENT ALLENDE BOULEV,48.40238,-4.41622
201400022500,31,10,14,15,1,29,232,2,6,1,6,LUDUGRIS  ROND POINT DE,47.97946,-4.12209
201400022501,1,11,14,19,2,29,232,2,1,1,6,TERRE NOIRE RUE DE LA,47.99787,-4.12655
201400022502,2,11,14,2,3,29,232,1,1,3,7,CNO,48.01675,-4.11459
201400022503,6,11,14,5,3,29,232,1,1,1,7,MORBIHAN AVENUE DU,47.97852,-4.04788
201400022504,7,11,14,8,1,29,232,2,1,3,3,"41 BIS, LE DEAN AIME JEA",47.99754,-4.09789
201400022505,8,11,14,17,1,29,232,1,6,2,3,Park Poullig rond point,47.99754,-4.09789
201400022506,11,11,14,12,1,29,232,2,1,1,6,MENDES FRANCE  PIERRE AV,47.97575,-4.12729
201400022507,12,11,14,13,1,29,232,2,1,3,6,JUNIVILLE RUE,47.99558,-4.09996
201400022508,12,11,14,19,5,29,232,2,3,2,6,DUPLEIX BOULEVARD,47.99473,-4.10127
201400022509,14,11,14,11,1,29,232,2,1,1,7,TY DOUAR AVENUE DE,47.98148,-4.07466
201400022510,17,11,14,8,2,29,232,2,3,1,7,"., FRANCE LIBRE  AVENUE",48.0061,-4.09733
201400022511,19,11,14,15,1,29,232,2,1,8,6,"., DOUARNENEZ ROUTE DE",47.99917,-4.13323
201400022512,20,11,14,18,1,29,232,1,1,2,2,"., MORBIHAN AVENUE DU",47.97852,-4.04788
201400022513,23,11,14,1,4,29,232,1,1,3,6,"., POULGUINAN PONT DE",47.98313,-4.11904
201400022514,1,12,14,8,2,29,232,2,1,1,1,"2, THEPOT YVES AVENUE",47.9873,-4.09829
201400022515,4,12,14,14,1,29,232,1,6,1,3,"., KERUSTUM  ROND POINT",47.97941,-4.09516
201400022516,9,12,14,13,1,29,232,2,1,1,7,"., BENODET RUE DE",47.98404,-4.1049
201400022517,11,12,14,13,1,29,232,2,1,9,6,"55, KERADENNEC AVENUE DE",47.97808,-4.07773
201400022518,12,12,14,6,3,29,51,1,1,2,7,"., ROUTE d'ELLIANT",47.99061,-4.01633
201400022519,14,12,14,6,3,29,232,1,1,2,7,"., BENODET ROUTE DE",47.95701,-4.08217
201400022520,18,12,14,18,2,29,232,2,1,2,6,"95, BLUM  LEON RUE",47.98736,-4.08485
201400022521,22,12,14,18,4,29,232,2,1,1,3,"., POULGUINAN BOULEVARD",47.98367,-4.1175
201400022522,27,12,14,19,2,29,232,2,1,2,6,STANG BIHAN RUE DE,48.01039,-4.10336
201400022523,27,12,14,15,1,29,232,2,1,1,2,"., LUZEL RUE",47.99655,-4.1
201400022524,21,6,14,18,1,54,253,1,1,1,2,,49.19813,5.89519
201400022525,28,6,14,7,1,55,400,1,1,1,1,,0.0,0.0
201400022526,24,7,14,13,1,57,443,1,1,1,2,,0.0,0.0
201400022527,7,2,14,16,1,60,88,1,1,1,5,,0.0,0.0
201400022528,21,3,14,7,2,60,395,1,1,1,3,,0.0,0.0
201400022529,20,4,14,13,1,60,88,1,1,1,6,,0.0,0.0
201400022530,18,9,14,7,1,60,395,1,2,1,3,,0.0,0.0
201400022531,20,9,14,11,1,60,395,1,2,1,3,,0.0,0.0
201400022532,15,10,14,9,1,60,395,2,1,1,1,rue Vaillant Radiologue,0.0,0.0
201400022533,27,1,14,16,1,30,7,2,1,7,7,"., PERI (PLACE GABRIEL)",44.12151,4.08038
201400022534,29,1,14,11,1,30,7,2,1,2,7,"., SAUVAGES (RUE)",0.0,0.0
201400022535,13,2,14,17,1,30,7,1,1,2,3,"120, BACHAGA BOUALEM (RU",44.12378,4.09515
201400022536,26,2,14,12,1,30,7,2,1,1,4,"., JUIN (AVE DU MARECHAL",0.0,0.0
201400022537,27,2,14,12,1,30,243,2,1,1,3,"831, MONTEZE (ROUTE DE)",44.09246,4.0842
201400022538,27,2,14,18,1,30,243,2,1,1,1,"., MONTEZE (ROUTE DE)",44.07654,4.08992
201400022539,1,3,14,15,1,30,7,2,1,1,7,"., BEAUTEVILLE (RUE DE)",0.0,0.0
201400022540,17,3,14,7,1,30,7,2,1,1,4,"., ONZE NOVEMBRE 1918 (Q",0.0,0.0
201400022541,27,3,14,2,5,30,7,2,1,1,6,"., BOISSIER DE SAUVAGE",0.0,0.0
201400022542,9,4,14,16,1,30,7,2,1,1,3,"., GRABIEUX (QUAI DU)",0.0,0.0
201400022543,17,4,14,17,1,30,7,2,1,1,3,"., BARBUSSE (PLACE HENRI",44.12388,4.08035
201400022544,23,4,14,10,1,30,7,2,3,1,4,"., FAUBOURG D'AUVERGNE (",44.12922,4.0795
201400022545,24,4,14,8,1,30,7,2,2,1,3,"1062, SAINT JEAN DU PIN",44.12169,4.06012
201400022546,5,5,14,16,1,30,7,2,1,1,7,"1C, MOULIN (GRAND' RUE J",44.12443,4.07354
201400022547,21,6,14,1,3,30,7,2,1,1,6,"., CARNOT (AVE)",44.12133,4.08183
201400022548,30,6,14,20,2,30,7,2,1,1,6,"17, BLANC (BD LOUIS)",44.12494,4.08021
201400022549,10,6,14,15,1,30,7,2,1,1,2,RIBOT (AVE GASTON),44.13528,4.08946
201400022550,27,6,14,9,1,30,7,2,1,1,3,NORD (PLACE DU),44.14954,4.08113
201400022551,18,6,14,15,1,30,7,2,1,2,3,PERRIN (RUE JEAN),44.14443,4.09682
201400022552,22,7,14,13,1,30,243,2,1,1,6,"., MONTPELLIER (ROUTE)",44.06103,4.09029
201400022553,26,7,14,11,1,30,7,2,1,1,6,SAINT VINCENT (RUE),44.12386,4.07953
201400022554,5,8,14,18,1,30,7,2,1,1,4,MONGE (AVENUE),0.0,0.0
201400022555,1,9,14,11,1,30,7,2,1,1,6,"30, CHAPTAL ( QUAI MAX )",0.0,0.0
201400022556,16,8,14,18,1,30,7,2,1,1,2,"30, CARNOT (AVE)",44.12144,4.08769
201400022557,20,9,14,14,1,30,7,2,1,1,2,MAS D'HOURS (QUAI DU),0.0,0.0
201400022558,3,10,14,1,5,30,7,2,6,1,3,SPORTS (CHEMIN DES),44.11972,4.08671
201400022559,5,11,14,17,5,30,7,2,1,1,2,"., SERRES (AVE OLIVIER D",0.0,0.0
201400022560,28,10,14,16,1,30,7,2,1,1,5,"., MONGE (AVENUE)",0.0,0.0
201400022561,18,10,14,11,1,30,7,2,1,1,2,"0, BAGNOLS (ROUTE DE)",0.0,0.0
201400022562,6,11,14,11,1,30,7,2,1,1,6,BLANC (BD LOUIS),0.0,0.0
201400022563,17,11,14,12,1,30,7,2,1,1,7,ERMITAGE (PROMENADE DE L,0.0,0.0
201400022564,19,11,14,13,1,30,7,2,1,9,6,PASTEUR (RUE),0.0,0.0
201400022565,21,11,14,21,5,30,7,2,1,9,3,DE GAULLE (AVE DU GENERA,44.12702,4.08237
201400022566,13,12,14,21,3,30,243,2,1,9,6,DRAILLE (ROUTE DE LA),0.0,0.0
201400022567,1,12,14,8,1,30,7,2,1,1,6,"., SAINT MARTIN (ROUTE D",0.0,0.0
201400022568,2,12,14,11,1,30,7,2,1,1,3,RESCA (PONT DE),44.12661,4.0735
201400022569,14,12,14,15,1,30,7,2,1,1,6,CLAVIERES (AVE DE),0.0,0.0
201400022570,20,12,14,15,1,30,7,2,1,7,6,"7, ALSACE (ROUTE D')",44.13572,4.08427
201400022571,11,12,14,11,1,30,7,2,1,1,3,MOULIN (GRAND' RUE JEAN),0.0,0.0
201400022572,17,1,14,10,1,30,28,2,1,2,6,"1, LACOMBE (BOULEVARD TH",44.16185,4.62264
201400022573,22,1,14,2,5,30,28,2,8,1,3,BERRET (AVENUE DE),44.15685,4.63381
201400022574,5,2,14,19,5,30,28,2,1,1,6,PERRIERES (DESCENTE DES),0.0,0.0
201400022575,14,2,14,13,1,30,28,2,1,1,2,"354, COMMANDO VIGAN BRAQ",44.16283,4.6118
201400022576,1,3,14,5,5,30,28,2,1,1,2,NIMES (ROUTE DE),44.14804,4.61548
201400022577,7,3,14,11,1,30,28,2,3,1,3,LADROIT (RUE DU),0.0,0.0
201400022578,23,3,14,6,2,30,28,2,1,1,6,"1, SAINT GERVAIS (ROUTE)",0.0,0.0
201400022579,13,4,14,10,1,30,28,1,1,1,2,PONT SAINT ESPRIT (ROUTE,0.0,0.0
201400022580,23,4,14,12,1,30,28,2,1,1,6,"1, ROGER SALENGRO (AVENU",44.16517,4.61873
201400022581,10,5,14,13,1,30,28,2,1,1,2,PONT SAINT ESPRIT (ROUTE,44.18417,4.62111
201400022582,29,5,14,17,1,30,28,2,3,1,3,"2, ANCYSE (AVENUE DEL')",44.15979,4.61386
201400022583,4,6,14,6,1,30,28,2,3,1,3,"1, JAURES (PLACE JEAN)",44.1653,4.61936
201400022584,18,6,14,12,1,30,28,2,1,1,2,CHARRIER (AVENUE),44.16128,4.62441
201400022585,25,6,14,18,1,30,28,1,1,1,1,AVIGNON (ROUTE D'),44.1545,4.6426
201400022586,15,7,14,11,1,30,28,2,1,1,3,"36, ANCYSE (AVENUE DE L)",44.16047,4.60819
201400022587,28,7,14,13,1,30,28,2,1,1,1,GOURDON (AVENUE ROBERT),44.1655,4.62561
201400022588,23,7,14,12,1,30,28,2,6,1,2,DE LATTRE DE TASSIGNY (A,44.16901,4.61882
201400022589,25,7,14,19,1,30,28,1,3,1,3,"1, CASSOULE (CHEMIN DE)",44.17975,4.60056
201400022590,5,8,14,18,1,30,28,2,1,1,3,JEAN MONNET (ROND POINT),44.16883,4.61941
201400022591,6,8,14,18,1,30,28,1,3,1,3,"1, ROUTE DE SAINT GERVAI",44.1781,4.61441
201400022592,3,10,14,11,1,30,28,2,1,1,4,GENERAL DE GAULE (AVENUE,0.0,0.0
201400022593,31,10,14,5,3,30,28,1,1,1,1,ALES (ROUTE D'),0.0,0.0
201400022594,13,10,14,13,1,30,28,2,1,1,6,"1, LACOMBE (BOULEVARD TH",44.16181,4.62264
201400022595,15,11,14,6,5,30,28,2,1,1,2,COMPERE MOREL (ROND POIN,44.15823,4.63236
201400022596,4,12,14,17,5,30,28,2,1,2,6,"1, AURIOL (AVENUE VINCEN",44.15529,4.6166
201400022597,2,1,14,17,1,30,189,2,1,1,3,"125, BEAUCAIRE (ROUTE)",43.83765,4.38119
201400022598,4,1,14,18,5,30,189,2,3,1,3,MAS DE CHEYLON,43.80525,4.33644
201400022599,7,1,14,18,5,30,189,2,3,1,6,AVIGNON (ROUTE),43.84216,4.37895
201400022600,11,1,14,12,1,30,189,2,1,2,2,DHUODA (RUE),0.0,0.0
201400022601,13,1,14,18,5,30,189,2,3,2,6,"6, LIBERATION (BOULEVARD",43.82283,4.35511
201400022602,17,1,14,14,1,30,189,2,6,1,6,ALLENDE SALVADOR (RUE),43.81784,4.3475
201400022603,18,1,14,22,5,30,189,2,2,2,6,AQUITAINE (RUE),43.84159,4.36308
201400022604,17,1,14,7,2,30,189,2,1,1,6,ARENES (BOULEVARD),0.0,0.0
201400022605,21,1,14,18,3,30,189,1,2,1,3,PARATONNERRE (CHEMIN),0.0,0.0
201400022606,26,1,14,12,1,30,189,1,3,1,3,POULX (ROUTE DE),43.89203,4.41886
201400022607,29,1,14,8,1,30,189,2,1,2,2,ALLENDE SALVADOR (RUE),0.0,0.0
201400022608,31,1,14,9,1,30,189,2,6,2,7,baillet claude,0.0,0.0
201400022609,31,1,14,18,5,30,189,2,2,1,3,AQUEDUC (RUE),43.83024,4.35458
201400022610,31,1,14,19,5,30,189,2,3,1,6,BEAUCAIRE (RUE),43.83852,4.37212
201400022611,31,1,14,21,5,30,189,2,2,1,7,REPUBLIQUE (RUE),43.82969,4.35586
201400022612,3,2,14,9,1,30,189,2,2,1,6,MARECHAL JUIN (BOULEVARD,43.82096,4.34699
201400022613,4,2,14,10,1,30,189,2,1,1,1,POETES (AVENUE),43.82198,4.33694
201400022614,5,2,14,19,5,30,189,2,3,1,3,DAYAN GEORGES (AVENUE),43.82035,4.34029
201400022615,7,2,14,15,1,30,189,2,1,1,2,ALES (ROUTE),43.8536,4.32115
201400022616,7,2,14,16,1,30,189,2,1,1,4,ALES (ROUTE),43.83611,4.32111
201400022617,7,2,14,20,5,30,189,2,1,1,6,CONDE (RUE),43.8393,4.36426
201400022618,10,2,14,12,1,30,189,2,7,1,6,DEBUSSY CLAUDE (PLACE),43.8241,4.33564
201400022619,12,2,14,21,5,30,189,2,2,1,3,JAURES JEAN (BOULEVARD),43.82687,4.3531
201400022620,15,2,14,23,5,30,189,2,2,1,3,"25, TRIAIRE SERGENT (BOU",43.82841,4.35996
201400022621,19,2,14,18,2,30,189,2,2,1,6,CROIX DE VAUVERT (CHEMIN,43.82106,4.3473
201400022622,19,2,14,18,5,30,189,2,1,1,2,MENDES FRANCE PIERRE (AV,43.82146,4.38468
201400022623,19,2,14,19,5,30,189,2,4,1,2,"16, FAITA VINCENT (RUE)",43.84134,4.36674
201400022624,20,2,14,18,5,30,189,2,1,1,6,"13, POETES (AVENUE)",43.8216,4.33042
201400022625,21,2,14,7,1,30,189,2,1,2,6,POMPIDOU GEORGES (AVENUE,43.83609,4.34671
201400022626,24,2,14,7,1,30,189,1,1,1,1,D 135,43.78855,4.3626
201400022627,24,2,14,9,1,30,189,2,2,9,5,REINACH SALOMON (RUE),43.83566,4.37513
201400022628,24,2,14,14,1,30,189,2,1,1,6,BEAUCAIRE (ROUTE),0.0,0.0
201400022629,2,3,14,22,5,30,189,2,2,1,3,TRIAIRE SERGENT (BOULEVA,43.8285,4.35995
201400022630,3,3,14,17,1,30,189,2,1,1,4,ALLENDE SALVADOR (RUE),0.0,0.0
201400022631,4,3,14,19,5,30,189,2,2,1,3,JAURES JEAN (BOULEVARD),43.83325,4.40562
201400022632,7,3,14,12,1,30,189,1,3,1,2,SAINT GILLES (ROUTE),43.76466,4.40562
201400022633,8,3,14,16,1,30,189,2,2,1,3,MAS DE CHEYLON,43.80523,4.33643
201400022634,8,3,14,19,5,30,189,2,3,1,3,MENDES FRANCE PIERRE (AV,43.82734,4.3749
201400022635,9,3,14,16,1,30,189,2,6,1,3,FOUR A CHAUX (ROND POINT,43.81417,4.33477
201400022636,14,3,14,14,1,30,189,2,1,1,3,"990, MAURICE SCHUMANN",43.81225,4.36876
201400022637,14,3,14,18,2,30,189,2,4,1,6,TRIAIRE SERGENT (BOULEVA,43.83004,4.36237
201400022638,15,3,14,17,1,30,189,2,3,1,3,DAYAN GEORGES (AVENUE),43.81652,4.333
201400022639,16,3,14,15,1,30,189,2,7,1,2,VERDUN (RUE),43.83058,4.35165
201400022640,17,3,14,8,1,30,189,2,3,1,4,DAYAN GEORGES (AVENUE),43.81652,4.333
201400022641,17,3,14,8,1,30,189,2,2,1,3,VIERGE (RUE),43.84235,4.36253
201400022642,20,3,14,7,1,30,189,2,1,1,1,"57, FAITA VINCENT (RUE)",43.84889,4.37364
201400022643,21,3,14,18,2,30,189,2,3,1,3,BEAUCAIRE (ROUTE),43.83697,4.38716
201400022644,21,3,14,18,5,30,189,2,2,1,3,MENDES FRANCE PIERRE (AV,43.82503,4.37875
201400022645,27,3,14,16,1,30,189,2,6,1,2,BOEGNER PASTEUR MARC (BO,0.0,0.0
201400022646,27,3,14,16,1,30,189,2,1,1,6,DE LATTRE DE TASSIGNY (A,0.0,0.0
201400022647,28,3,14,11,1,30,189,2,2,1,5,MAS DE CHEYLON,43.80524,4.33644
201400022648,28,3,14,17,1,30,189,2,2,1,3,MENARD (RUE),43.84216,4.35551
201400022649,30,3,14,6,5,30,189,2,1,1,6,"103, SAINT GILLES (ROUTE",43.82107,4.36555
201400022650,1,4,14,1,5,30,189,2,1,1,6,UTRILLO (RUE OU IMPASSE),43.82274,4.33517
201400022651,2,4,14,12,1,30,189,2,2,1,2,ALLENDE SALVADOR (RUE),43.82739,4.37478
201400022652,3,4,14,14,1,30,189,2,1,1,6,MONTJARDIN (RUE),0.0,0.0
201400022653,3,4,14,15,1,30,189,2,3,1,3,PAVLOV (AVENUE),43.81428,4.31511
201400022654,4,4,14,11,1,30,189,2,2,1,3,ATON BERNARD (RUE),43.8321,4.36256
201400022655,4,4,14,16,1,30,189,2,2,1,3,FOURNIER ALAIN (RUE),43.8242,4.34791
201400022656,5,4,14,15,1,30,189,2,3,1,3,CANAUX (CHEMIN),0.0,0.0
201400022657,6,4,14,6,1,30,189,2,1,1,7,KENNEDY (AVENUE),0.0,0.0
201400022658,7,4,14,5,3,30,189,2,6,1,3,BEAUCAIRE (ROUTE),0.0,0.0
201400022659,8,4,14,21,5,30,189,2,2,1,3,MAIL (RUE),43.83274,4.35266
201400022660,9,4,14,21,5,30,189,2,1,1,1,BOMPARD ROBERT (AVENUE),0.0,0.0
201400022661,10,4,14,23,5,30,189,2,6,1,6,PUCCINI (RUE),43.82298,4.33601
201400022662,11,4,14,20,5,30,189,2,1,1,1,ROBERVAL GILLES (RUE OU,0.0,0.0
201400022663,12,4,14,13,1,30,189,2,1,1,4,SAINT GILLES (ROUTE),0.0,0.0
201400022664,12,4,14,14,1,30,189,2,3,1,6,TRIAIRE SERGENT (BOULEVA,43.82842,4.35996
201400022665,14,4,14,14,1,30,189,2,2,1,4,JAURES JEAN (BOULEVARD),43.83333,4.35167
201400022666,18,4,14,23,5,30,189,2,1,1,3,TELLIER CHARLES (RUE),43.83875,4.42161
201400022667,19,4,14,16,1,30,189,2,2,1,2,UZES (ROUTE D'),43.8504,4.37442
201400022668,19,4,14,22,5,30,189,2,3,1,3,DELON ANTOINE (RUE),43.84136,4.37598
201400022669,20,4,14,19,3,30,189,2,6,2,2,BEAUCAIRE (ROUTE),43.83688,4.38841
201400022670,23,4,14,7,1,30,189,2,1,2,2,MENDES FRANCE PIERRE (AV,0.0,0.0
201400022671,22,4,14,15,1,30,189,2,2,2,3,NICOT (RUE),43.84081,4.37107
201400022672,25,4,14,1,5,30,189,2,1,1,7,KENNEDY (AVENUE),43.82625,4.33242
201400022673,28,4,14,3,3,30,189,2,1,1,6,"149, SAUVE (ROUTE)",43.84038,4.31859
201400022674,29,4,14,11,1,30,189,2,2,1,6,POMPIDOU GEORGES (AVENUE,43.8378,4.34521
201400022675,30,4,14,3,5,30,189,2,4,1,3,MAS DE LAUZE (CHEMIN),43.83078,4.32272
201400022676,1,5,14,18,1,30,189,2,2,1,2,MAS DE CHEYLON,43.80522,4.33645
201400022677,3,5,14,11,1,30,189,2,2,1,6,SEMARD PIERRE (RUE),43.83925,4.36473
201400022678,3,5,14,17,1,30,189,2,2,1,6,TALABOT (BOULEVARD),43.83846,4.37243
201400022679,4,5,14,13,1,30,189,2,1,1,6,FRANCAIS LIBRES (BD),43.83639,4.3211
201400022680,5,5,14,8,1,30,189,2,1,1,6,"8, DHUODA (RUE)",43.8294,4.35359
201400022681,6,5,14,14,1,30,189,2,3,1,1,MENDES FRANCE PIERRE (AV,43.81435,4.38663
201400022682,9,5,14,15,1,30,189,1,1,1,1,CANAUX (CHEMIN),43.79175,4.37366
201400022683,13,5,14,12,1,30,189,2,1,1,6,NATIONALE (RUE),43.84003,4.35948
201400022684,13,5,14,20,1,30,189,2,2,1,1,TRIAIRE SERGENT (BOULEVA,43.83128,4.36428
201400022685,16,5,14,8,1,30,189,2,1,1,3,GOLF (CHEMIN OU IMPASSE),43.85105,4.30978
201400022686,17,5,14,22,5,30,189,2,2,1,3,ENCLOS REY (RUE),43.8416,4.36309
201400022687,20,5,14,18,1,30,189,2,2,1,3,PLACETTE (PLACE),43.83371,4.35317
201400022688,20,5,14,19,1,30,189,2,2,1,6,BIR HAKEIM (AVENUE),43.84195,4.38787
201400022689,22,5,14,10,1,30,189,2,5,1,3,SIMON ANDRE (RUE),43.82511,4.36183
201400022690,27,5,14,9,1,30,189,2,1,1,4,LECLERC GENERAL (AVENUE),0.0,0.0
201400022691,28,5,14,21,2,30,189,2,1,1,6,GENERAC (ROUTE),0.0,0.0
201400022692,31,5,14,9,1,30,189,2,2,1,3,TOUR DE L'EVEQUE (RUE),43.82662,4.36616
201400022693,31,5,14,22,5,30,189,1,1,1,3,SAUVE (ROUTE),0.0,0.0