Num_Acc,jour,mois,an,hr,condition_eclairage,departement,commune,condition_agglomeration,intersection,condition_atmosphere,type_collision,adresse,lattitude,longitude
201400022694,6,6,14,6,1,30,189,2,1,1,6,TALABOT (BOULEVARD),43.83389,4.36721
201400022695,6,6,14,18,1,30,189,1,1,1,3,"25, CALVAS (RUE)",43.84986,4.36542
201400022696,8,6,14,14,1,30,189,2,1,1,1,SAUVE (ROUTE),0.0,0.0
201400022697,8,6,14,22,5,30,189,2,1,1,6,"51, POMPIDOU GEORGES (AV",43.83649,4.34634
201400022698,9,6,14,16,1,30,189,2,1,1,6,JAURES JEAN (BOULEVARD),0.0,0.0
201400022699,9,6,14,0,5,30,189,2,2,1,3,JAURES JEAN (BOULEVARD),43.82684,4.35311
201400022700,9,6,14,20,1,30,189,2,3,1,3,MENDES FRANCE PIERRE (AV,43.82514,4.3785
201400022701,10,6,14,9,1,30,189,2,1,1,2,ALES (ROUTE),43.87191,4.31984
201400022702,13,6,14,17,1,30,189,1,1,3,3,ALES (ROUTE),43.8558,4.32315
201400022703,13,6,14,19,1,30,189,2,2,2,2,GAMBETTA (BD),43.83964,4.35556
201400022704,17,6,14,12,1,30,189,2,3,1,6,REPUBLIQUE (RUE),43.83255,4.35845
201400022705,17,6,14,17,1,30,189,2,1,1,6,NEPER (RUE),0.0,0.0
201400022706,17,6,14,21,5,30,189,2,3,2,1,MAURICE SCHUMANN,43.84121,4.38648
201400022707,18,6,14,16,1,30,189,2,1,3,2,REINACH SALOMON (RUE),43.83397,4.37784
201400022708,18,6,14,22,5,30,189,2,3,1,7,AVIGNON (ROUTE),43.84219,4.37909
201400022709,20,6,14,17,1,30,189,2,1,1,7,ARTS (AVENUE),43.82387,4.33526
201400022710,25,6,14,7,1,30,189,2,1,2,2,MENDES FRANCE PIERRE (AV,0.0,0.0
201400022711,26,6,14,2,3,30,189,1,3,1,7,MAS DE CHEYLON,43.79372,4.34652
201400022712,26,6,14,16,1,30,189,2,4,1,6,NATOIRE (BOULEVARD),43.8308,4.36915
201400022713,30,6,14,21,2,30,189,2,2,1,6,BOURDAN PIERRE (RUE),43.84243,4.38495
201400022714,1,7,14,12,1,30,189,2,1,1,3,TOUR DE L'EVEQUE (RUE),43.82885,4.36286
201400022715,1,7,14,15,1,30,189,2,1,1,6,FEUCHERES (AVENUE),43.83295,4.36542
201400022716,1,7,14,17,1,30,189,2,1,1,3,ALLENDE SALVADOR (RUE),43.81561,4.34204
201400022717,5,7,14,17,1,30,189,2,3,1,6,CHASSAINTES (RUE),43.83702,4.35233
201400022718,7,7,14,22,5,30,189,2,6,1,1,RISHON LE ZION (ROND POI,43.83689,4.38851
201400022719,8,7,14,19,1,30,189,2,1,1,4,"57, JAURES JEAN (BOULEVA",43.82948,4.35276
201400022720,8,7,14,18,1,30,189,2,1,1,6,BABY JACQUES (RUE ET IMP,43.85008,4.39899
201400022721,8,7,14,21,2,30,189,2,3,1,3,SAUVE (RUE),43.83748,4.34764
201400022722,13,7,14,0,5,30,189,2,2,1,7,CLERISSEAU (RUE),43.84137,4.35794
201400022723,15,7,14,13,1,30,189,2,6,1,3,ROND POINT DE LA LIBERTE,43.81182,4.36693
201400022724,15,7,14,14,1,30,189,2,1,1,7,FRANCAIS LIBRES (BD),43.82481,4.32687
201400022725,16,7,14,7,1,30,189,2,3,1,3,BOSC AUGUSTE (RUE),43.82806,4.34772
201400022726,18,7,14,0,5,30,189,2,2,1,3,CASERNETTE (RUE),43.82811,4.35518
201400022727,19,7,14,15,1,30,189,2,3,1,6,JAURES JEAN (BOULEVARD),43.83793,4.35034
201400022728,23,7,14,11,1,30,189,2,1,1,3,MONTPELLIER (ROUTE DE),0.0,0.0
201400022729,25,7,14,4,5,30,189,2,1,1,3,MAS DE CHEYLON,43.80026,4.34116
201400022730,25,7,14,21,5,30,189,2,6,1,3,LANGUEDOC (AVENUE),0.0,0.0
201400022731,26,7,14,18,1,30,189,2,3,1,3,"3, HUGO VICTOR (BOULEVAR",43.83579,4.35778
201400022732,30,7,14,13,1,30,189,2,1,1,2,BOEGNER PASTEUR MARC (BO,0.0,0.0
201400022733,31,7,14,18,1,30,189,2,1,1,2,BEAUCAIRE (ROUTE),43.83327,4.42469
201400022734,3,8,14,18,1,30,189,1,1,1,7,CANAUX (CHEMIN),43.79169,4.3724
201400022735,4,8,14,9,1,30,189,2,1,1,2,ALLENDE SALVADOR (RUE),43.82328,4.36772
201400022736,8,8,14,19,1,30,189,2,6,1,3,ARTS (AVENUE),43.82612,4.33265
201400022737,10,8,14,23,5,30,189,2,1,1,7,"19, ECLUSE (PLACE OU RUE",43.83889,4.36578
201400022738,11,8,14,21,5,30,189,2,3,1,6,JAURES JEAN (BOULEVARD),43.8297,4.35226
201400022739,13,8,14,18,1,30,189,2,2,1,6,TESSIER GASTON (RUE),43.82226,4.35612
201400022740,15,8,14,0,5,30,189,2,1,1,3,"13, GAMBETTA (BD)",43.84046,4.3594
201400022741,28,8,14,7,2,30,189,2,1,1,3,MONTPELLIER (ROUTE DE),43.81323,4.33312
201400022742,1,9,14,15,1,30,189,2,3,1,3,FAITA VINCENT (RUE),43.84433,3.65997
201400022743,1,9,14,18,1,30,189,2,2,1,3,DHUODA (RUE),43.82753,4.35582
201400022744,3,9,14,12,1,30,189,2,1,1,3,FAITA VINCENT (RUE),0.0,0.0
201400022745,4,9,14,17,1,30,189,2,1,1,3,JEAN LAURET,43.80937,4.36163
201400022746,5,9,14,17,1,30,189,2,1,1,2,ALLENDE SALVADOR (RUE),0.0,0.0
201400022747,6,9,14,9,1,30,189,2,2,1,2,ANDUZE (ROUTE OU ANCIENN,43.86752,4.30112
201400022748,9,9,14,21,3,30,189,1,1,1,1,SAUVE (ROUTE),0.0,0.0
201400022749,10,9,14,10,1,30,189,2,3,1,6,BEAUCAIRE (ROUTE),43.83771,4.3808
201400022750,11,9,14,21,5,30,189,2,3,1,6,BROSSOLETTE PIERRE (RUE),43.84364,4.39124
201400022751,12,9,14,6,2,30,189,1,1,1,3,SAINT GILLES (ROUTE),0.0,0.0
201400022752,13,9,14,9,1,30,189,1,6,1,2,BEAUCAIRE (ROUTE),43.83315,4.42629
201400022753,13,9,14,8,1,30,189,2,9,1,6,KENNEDY (AVENUE),43.82636,4.33304
201400022754,14,9,14,22,5,30,189,2,3,1,2,GAMBETTA (BD),43.84045,4.36013
201400022755,14,9,14,22,5,30,189,2,3,1,3,CIRQUE ROMAIN (RUE),43.83206,4.35283
201400022756,15,9,14,9,1,30,189,2,1,2,6,baillet claude,0.0,0.0
201400022757,16,9,14,7,2,30,189,1,1,2,7,ANDUZE (ROUTE OU ANCIENN,0.0,0.0
201400022758,17,9,14,12,1,30,189,2,6,1,3,BEAUCAIRE (ROUTE),43.83689,4.38826
201400022759,17,9,14,13,1,30,189,2,1,1,1,SAINT GILLES (ROUTE),0.0,0.0
201400022760,17,9,14,13,1,30,189,2,4,1,6,NATOIRE (BOULEVARD),43.83078,4.36701
201400022761,18,9,14,8,1,30,189,2,1,2,2,BEAUCAIRE (ROUTE),43.83321,4.42527
201400022762,18,9,14,9,1,30,189,2,1,1,6,DAUMIER (RUE),43.82089,4.33377
201400022763,19,9,14,15,1,30,189,2,7,1,6,ROBERT JEAN (PLACE),43.84,4.3657
201400022764,19,9,14,21,5,30,189,2,1,1,2,ALLENDE SALVADOR (RUE),43.8222,4.36497
201400022765,19,9,14,21,5,30,189,2,1,1,7,MAS BOULBON (CHEMIN),0.0,0.0
201400022766,22,9,14,13,1,30,189,2,1,1,6,PITOT (RUE),43.84725,4.37804
201400022767,22,9,14,15,1,30,189,2,4,1,6,BABY JACQUES (RUE ET IMP,43.85307,4.39773
201400022768,27,9,14,18,1,30,189,2,1,1,7,JAURES JEAN (BOULEVARD),0.0,0.0
201400022769,30,9,14,15,1,30,189,2,2,1,3,"21, REPUBLIQUE (RUE)",43.83217,4.358
201400022770,1,10,14,9,1,30,189,2,3,1,3,PASTEUR PAUL BRUNEL,0.0,0.0
201400022771,6,10,14,6,5,30,189,2,2,1,3,JAURES JEAN (BOULEVARD),43.83025,4.35234
201400022772,6,10,14,8,1,30,189,2,3,1,6,VERDUN (RUE),43.83217,4.34986
201400022773,6,10,14,15,1,30,189,2,6,1,3,ALLENDE SALVADOR (RUE),43.82436,4.36926
201400022774,7,10,14,9,1,30,189,2,3,2,3,AVIGNON (ROUTE),43.84182,4.3776
201400022775,7,10,14,10,1,30,189,1,1,1,2,AVIGNON (ROUTE),0.0,0.0
201400022776,7,10,14,12,1,30,189,2,2,3,3,GENERAC (ROUTE),43.80525,4.33644
201400022777,7,10,14,20,3,30,189,2,1,2,2,"163, SAUVE (ROUTE)",43.83936,4.32183
201400022778,9,10,14,22,5,30,189,2,3,1,3,DAYAN GEORGES (AVENUE),43.82143,4.3429
201400022779,11,10,14,14,1,30,189,2,2,1,3,TRIAIRE SERGENT (BOULEVA,43.82671,4.3568
201400022780,11,10,14,18,1,30,189,2,6,1,6,KENNEDY (AVENUE),43.82353,4.32787
201400022781,11,10,14,22,5,30,189,2,3,1,6,"GALILEE (RUE, PLACE OU I",43.82947,4.32653
201400022782,12,10,14,15,1,30,189,2,1,2,3,"63, LECLERC GENERAL (AVE",43.82852,4.37288
201400022783,12,10,14,20,5,30,189,2,2,1,3,RANGUEIL (RUE),43.84211,4.36124
201400022784,14,10,14,8,1,30,189,2,3,1,3,SAUVE (ROUTE),43.83942,4.32162
201400022785,16,10,14,22,5,30,189,2,3,1,6,PUECH DE LA GRUE (CHEMIN,43.82255,4.3477
201400022786,17,10,14,12,1,30,189,2,2,1,3,AVIGNON (ROUTE),0.0,0.0
201400022787,19,10,14,11,1,30,189,2,1,1,2,BOEGNER PASTEUR MARC (BO,0.0,0.0
201400022788,19,10,14,18,1,30,189,1,6,1,6,BEAUCAIRE (ROUTE),43.83321,4.42634
201400022789,24,10,14,21,5,30,189,2,3,1,3,"276, AVIGNON (ROUTE)",43.84725,4.38961
201400022790,26,10,14,9,1,30,189,2,3,1,1,BOUIN JEAN (RUE),43.84746,4.373
201400022791,26,10,14,10,1,30,189,2,3,1,3,FAITA VINCENT (RUE),43.84747,4.37301
201400022792,29,10,14,15,1,30,189,2,6,1,3,PERE BROTTIER  (RUE),43.81781,4.3475
201400022793,29,10,14,22,5,30,189,2,2,1,3,SEMARD PIERRE (RUE),43.84088,4.37325
201400022794,30,10,14,18,5,30,189,2,1,1,6,ADER CLEMENT (AVENUE),0.0,0.0
201400022795,31,10,14,23,5,30,189,2,2,1,6,ARENES (BOULEVARD),43.83391,4.35989
201400022796,31,10,14,8,1,30,189,2,1,1,6,LANGUEDOC (AVENUE),0.0,0.0
201400022797,3,11,14,1,3,30,189,2,1,1,6,BRETELLE SORTIE RN 106,43.8942,4.28962
201400022798,5,11,14,17,2,30,189,2,3,1,3,MARECHAL JUIN (BOULEVARD,43.82224,4.35003
201400022799,6,11,14,17,2,30,189,2,3,1,3,FAITA VINCENT (RUE),43.84568,4.37169
201400022800,7,11,14,9,1,30,189,2,2,1,3,TRAJAN (RUE),43.83977,4.35338
201400022801,7,11,14,16,1,30,189,2,1,1,6,"538, PROUVE JEAN (AVENUE",43.81421,4.35297
201400022802,8,11,14,12,1,30,189,2,3,1,6,GAMBETTA (BD),43.84043,4.36032
201400022803,10,11,14,12,1,30,189,2,1,1,3,FOREZ (RUE),43.82438,4.36793
201400022804,10,11,14,20,5,30,189,2,2,2,3,TALABOT (BOULEVARD),43.83694,4.37112
201400022805,11,11,14,10,1,30,189,2,1,1,4,GENERAC (ROUTE),0.0,0.0
201400022806,11,11,14,15,1,30,189,2,1,1,4,baillet claude,0.0,0.0
201400022807,12,11,14,18,5,30,189,2,1,1,4,FAITA VINCENT (RUE),0.0,0.0
201400022808,14,11,14,7,2,30,189,2,1,1,1,POULX (ROUTE DE),43.9138,4.3956
201400022809,15,11,14,19,5,30,189,2,1,1,3,FAITA VINCENT (RUE),43.84609,4.37198
201400022810,18,11,14,18,5,30,189,2,3,1,6,LILLE (RUE),43.8283,4.37325
201400022811,18,11,14,23,5,30,189,2,2,1,3,SAINTE FELICITE (RUE),43.83017,4.36436
201400022812,19,11,14,10,1,30,189,2,6,1,6,FAITA VINCENT (RUE),43.84316,4.36956
201400022813,20,11,14,21,3,30,189,2,1,1,7,AVIGNON (ROUTE),43.85953,4.41169
201400022814,21,11,14,10,1,30,189,2,1,1,6,HUGO VICTOR (BOULEVARD),0.0,0.0
201400022815,23,11,14,18,5,30,189,2,1,1,6,"23, FLORIAN (RUE)",43.83512,4.34909
201400022816,24,11,14,19,5,30,189,2,1,3,6,COLBERT (RUE),43.83725,4.36631
201400022817,27,11,14,23,5,30,189,2,1,3,2,ALLENDE SALVADOR (RUE),43.83111,4.38138
201400022818,29,11,14,14,1,30,189,2,3,1,6,FORT (RUE),43.84072,4.35672
201400022819,29,11,14,16,1,30,189,2,1,1,3,NATOIRE (BOULEVARD),43.83089,4.36526
201400022820,5,12,14,14,1,30,189,1,1,2,7,ALES (ROUTE),0.0,0.0
201400022821,5,12,14,18,5,30,189,2,3,2,3,FAITA VINCENT (RUE),43.84567,4.37169
201400022822,6,12,14,11,1,30,189,2,2,2,3,MAS DE CHEYLON,43.80526,4.33644
201400022823,11,12,14,4,5,30,189,2,4,1,6,"764, NEPER (RUE)",43.82709,4.33152
201400022824,11,12,14,9,1,30,189,2,1,1,6,ARENES (BOULEVARD),0.0,0.0
201400022825,11,12,14,17,2,30,189,2,1,1,3,ALLENDE SALVADOR (RUE),43.82324,4.36778
201400022826,11,12,14,22,5,30,189,2,1,1,3,TRIAIRE SERGENT (BOULEVA,43.83111,4.36416
201400022827,12,12,14,15,1,30,189,2,4,1,3,MICHEL DEBRE (RUE),43.82238,4.31863
201400022828,21,12,14,14,1,30,189,2,1,1,6,"29, FONTAINE (QUAI)",43.83839,4.35093
201400022829,21,12,14,17,3,30,189,1,1,1,1,ALES (ROUTE),43.86352,4.32344
201400022830,24,12,14,22,3,30,189,2,1,1,6,"1332, ANTIQUAILLES (CHEM",43.87064,4.34498
201400022831,25,12,14,21,5,30,189,2,2,1,3,SAINT LAURENT (RUE),43.83667,4.34715
201400022832,28,12,14,14,1,30,189,2,6,1,2,TOUR DE L'EVEQUE (RUE),43.824,4.37
201400022833,23,2,14,17,1,30,11,1,1,1,3,ARAMON ROUTE D',0.0,0.0
201400022834,11,1,14,17,1,63,446,2,1,1,6,la combes,46.05,3.16538
201400022835,4,8,14,16,1,63,116,1,1,1,2,,0.0,0.0
201400022836,9,8,14,10,1,63,13,1,1,1,5,,45.977,3.179
201400022837,31,10,14,16,1,63,473,1,1,1,2,,0.0,0.0
201400022838,16,3,14,17,1,63,53,1,2,7,6,,0.0,0.0
201400022839,20,3,14,11,1,63,225,1,1,1,7,,0.0,0.0
201400022840,9,12,14,10,1,63,163,1,1,4,3,,45.771,2.831
201400022841,13,10,14,18,1,23,193,1,1,1,1,,46.154,1.909
201400022842,28,1,14,13,1,23,193,1,1,1,6,,46.144,1.911
201400022843,19,2,14,1,3,23,2,1,1,1,2,,46.2,1.96
201400022844,2,3,14,5,3,23,68,1,1,1,6,,0.0,0.0
201400022845,8,3,14,17,1,23,208,1,3,1,3,,46.171,1.807
201400022846,3,5,14,14,1,23,193,1,1,1,6,,0.0,0.0
201400022847,23,6,14,18,1,23,262,1,1,2,6,,46.166,2.091
201400022848,11,7,14,14,1,23,247,1,1,1,6,,46.202,1.762
201400022849,13,9,14,7,1,23,247,1,1,1,6,,0.0,0.0
201400022850,15,9,14,12,1,23,154,1,1,1,2,,0.0,0.0
201400022851,18,10,14,0,3,23,88,2,1,1,6,place du 19 mars 1962,46.153,1.739
201400022852,3,11,14,18,3,23,138,1,1,2,7,,46.097,2.065
201400022853,13,1,14,7,3,26,116,1,1,2,5,26116,0.0,0.0
201400022854,13,1,14,18,3,26,345,1,2,3,3,26345,0.0,0.0
201400022855,7,1,14,20,3,26,305,1,1,1,6,26305,0.0,0.0
201400022856,27,1,14,17,1,26,357,1,1,1,2,,44.287,4.929
201400022857,6,2,14,16,1,26,235,1,1,1,6,26235,44.3572,4.7121
201400022858,19,2,14,4,3,26,166,1,1,1,2,26166,0.0,0.0
201400022859,19,2,14,21,3,26,121,1,1,1,6,26121,0.0,0.0
201400022860,19,2,14,16,1,26,116,1,1,1,6,26116,0.0,0.0
201400022861,28,2,14,15,1,26,235,2,1,1,6,RUE DU PONT NOIR,44.3658,4.7054
201400022862,6,3,14,11,1,26,235,2,1,1,6,AVENUE MARECHAL LECLERC,44.379,4.7007
201400022863,24,3,14,18,1,26,235,1,1,1,1,26235,0.0,0.0
201400022864,25,3,14,18,1,26,85,2,1,1,3,CITE BONLIEU,44.4979,4.7135
201400022865,20,2,14,12,1,26,3,1,1,1,1,26003,0.0,0.0
201400022866,30,3,14,15,1,26,5,1,1,1,2,26005,0.0,0.0
201400022867,30,3,14,2,3,26,169,1,1,1,7,26169,0.0,0.0
201400022868,4,3,14,8,1,26,191,1,1,1,2,26191,0.0,0.0
201400022869,7,4,14,6,2,26,33,1,1,1,2,26033,0.0,0.0
201400022870,11,4,14,16,1,26,5,2,1,1,1,RD 126 A face cimetiere,0.0,0.0
201400022871,23,4,14,15,1,26,169,1,1,1,1,26169,0.0,0.0
201400022872,26,4,14,7,1,26,169,1,1,1,6,26169,0.0,0.0
201400022873,2,5,14,9,1,26,235,2,1,1,1,18 RUE JEAN MOULIN,44.382,4.7036
201400022874,2,5,14,16,1,26,121,1,3,1,5,26121,0.0,0.0
201400022875,4,5,14,10,1,26,324,2,1,6,7,RD 158,0.0,0.0
201400022876,11,5,14,22,3,26,324,1,1,1,2,26324,0.0,0.0
201400022877,21,5,14,20,1,26,169,2,2,1,3,RUE NOTRE DAME,44.3799,4.6926
201400022878,29,5,14,14,1,26,357,1,1,1,3,26357,0.0,0.0
201400022879,31,5,14,18,1,26,5,1,1,1,7,26005,0.0,0.0
201400022880,1,6,14,7,2,26,339,1,1,1,2,26339,0.0,0.0
201400022881,6,6,14,10,1,26,339,1,1,1,4,26339,0.0,0.0
201400022882,8,6,14,3,3,26,360,1,1,1,6,26360,0.0,0.0
201400022883,25,5,14,12,1,26,326,1,1,1,7,26326,0.0,0.0
201400022884,18,6,14,12,1,26,338,1,1,1,6,26338,0.0,0.0
201400022885,20,6,14,16,1,26,312,1,1,1,3,26312,0.0,0.0
201400022886,22,6,14,16,1,26,5,1,1,1,6,26005,0.0,0.0
201400022887,26,6,14,17,1,26,339,1,1,1,7,26339,44.5957,4.7961
201400022888,27,6,14,23,3,26,54,2,1,1,1,RD441,0.0,0.0
201400022889,4,7,14,17,1,26,322,1,1,3,1,26322,0.0,0.0
201400022890,20,7,14,18,1,26,138,1,1,1,1,26138,0.0,0.0
201400022891,21,7,14,13,1,26,353,1,1,1,4,26353,0.0,0.0
201400022892,31,7,14,21,2,26,324,1,1,1,3,26324,44.3339,4.7286
201400022893,2,8,14,20,1,26,243,1,1,2,5,26243,0.0,0.0
201400022894,6,8,14,17,1,26,235,1,1,1,2,26235,0.0,0.0
201400022895,10,8,14,17,1,26,93,1,1,1,6,26169,0.0,0.0
201400022896,17,8,14,18,1,26,324,2,9,1,6,AV GENERAL DE GAULLE,0.0,0.0
201400022897,20,8,14,15,1,26,191,1,1,2,2,26191,0.0,0.0
201400022898,24,8,14,9,1,26,345,2,1,1,1,26345,0.0,0.0
201400022899,24,8,14,12,1,26,235,1,1,1,3,26235,0.0,0.0
201400022900,25,8,14,8,1,26,85,1,1,1,5,26085,0.0,0.0
201400022901,27,8,14,4,3,26,5,1,3,1,6,26005,0.0,0.0
201400022902,8,7,14,16,1,26,326,2,1,1,1,CHEMIN DE LA COTE,44.324,4.7988
201400022903,3,9,14,15,1,26,169,1,1,1,2,26169,0.0,0.0
201400022904,6,9,14,15,1,26,145,1,2,1,3,26145,0.0,0.0
201400022905,10,9,14,17,1,26,324,1,1,1,5,26324,0.0,0.0
201400022906,10,9,14,18,1,26,235,1,2,1,5,26235,44.3746,4.6728
201400022907,17,9,14,17,1,26,85,1,1,3,2,26085,0.0,0.0
201400022908,18,9,14,17,1,26,106,2,1,1,6,26106,0.0,0.0
201400022909,19,9,14,7,1,26,235,1,2,3,3,26235,0.0,0.0
201400022910,20,9,14,11,1,26,138,1,1,1,4,26324,0.0,0.0
201400022911,1,10,14,1,3,26,106,1,1,1,5,26106,0.0,0.0
201400022912,6,10,14,16,1,26,261,1,1,1,7,26261,0.0,0.0
201400022913,7,10,14,11,2,26,338,1,1,3,6,26338,0.0,0.0
201400022914,21,9,14,16,1,26,176,1,1,1,6,26176,44.6476,4.8711
201400022915,17,10,14,12,1,26,5,1,1,1,2,26005,0.0,0.0
201400022916,25,10,14,16,1,26,146,1,1,1,7,26146,0.0,0.0
201400022917,10,11,14,9,1,26,337,1,1,8,6,26337,0.0,0.0
201400022918,31,10,14,11,1,26,145,1,1,1,4,26145,0.0,0.0
201400022919,16,11,14,20,3,26,337,1,1,2,4,26337,0.0,0.0
201400022920,26,11,14,22,3,26,312,1,1,2,3,26312,0.0,0.0
201400022921,12,12,14,9,3,26,85,1,1,1,1,26085,0.0,0.0
201400022922,11,12,14,11,1,26,45,1,1,1,2,26045,0.0,0.0
201400022923,21,12,14,17,5,26,324,2,1,1,6,RD 59,0.0,0.0
201400022924,31,12,14,8,1,84,127,1,1,6,7,,0.0,0.0
201400022925,1,8,14,15,1,11,203,1,2,1,3,,43.23033,2.79552
201400022926,23,1,14,9,1,35,265,1,3,2,3,,48.37091,-1.87509
201400022927,9,3,14,18,1,35,337,1,1,7,2,,48.31981,-1.86794
201400022928,9,3,14,9,1,35,226,1,2,7,1,,48.42677,-1.89051
201400022929,13,3,14,7,2,35,85,1,1,5,5,,48.39518,-1.73631
201400022930,17,5,14,6,1,35,337,2,1,1,6,avenue des trente,48.32798,-1.84118
201400022931,12,6,14,15,1,35,226,1,1,1,7,,48.39312,-1.90955
201400022932,20,6,14,16,1,35,226,1,1,1,3,,48.42792,-1.91023
201400022933,20,6,14,16,1,35,308,1,1,7,1,,48.44724,-1.92603
201400022934,23,8,14,18,1,35,172,1,2,2,1,Tournebride,48.41499,-1.83913
201400022935,28,8,14,10,1,35,17,1,1,1,4,,48.33693,-1.82252
201400022936,19,9,14,14,1,35,226,2,1,1,6,19 rue de rennes,48.39655,-1.90129
201400022937,20,10,14,20,5,35,85,2,1,1,1,le pont thebault,48.41155,-1.75783
201400022938,11,12,14,7,2,35,337,2,3,1,1,67 RUE LAMENAIS,48.33463,-1.84428
201400022939,23,12,14,22,3,35,159,1,1,1,7,,0.0,0.0
201400022940,30,3,14,20,1,27,421,1,1,1,6,,48.541,1.21
201400022941,20,4,14,14,1,27,309,1,1,1,6,,48.522,1.22
201400022942,28,6,14,14,1,27,177,1,1,2,1,,48.523,1.143
201400022943,25,7,14,21,2,27,421,1,1,1,6,,48.543,1.221
201400022944,5,9,14,19,2,27,230,2,1,1,6,53 rue octave lenoir,48.515,1.245
201400022945,5,10,14,4,5,27,183,2,1,1,6,Rue d'EZY,48.534,1.242
201400022946,24,1,14,9,1,62,756,2,1,1,6,rue du wetz,50.888,2.18034
201400022947,10,2,14,17,1,62,57,1,1,8,1,,50.8943,2.07072
201400022948,23,4,14,9,1,62,228,1,1,1,1,,50.79343,1.97004
201400022949,9,8,14,11,1,62,57,2,1,1,1,RD224 - RUE D'HENNUIN,50.87773,2.08604
201400022950,23,8,14,3,5,62,38,2,1,1,6,AVENUE DU LAC,50.86614,1.97403
201400022951,11,1,14,20,5,83,4,2,2,1,3,Avenue des 13 Lorguais,43.45513,6.47979
201400022952,24,1,14,19,5,83,86,2,1,1,1,bd de la liberation,43.47307,6.5611
201400022953,6,5,14,13,1,83,134,1,1,1,3,,0.0,0.0
201400022954,10,7,14,11,1,83,4,1,1,1,3,,0.0,0.0
201400022955,29,7,14,17,1,83,4,1,1,1,6,,0.0,0.0
201400022956,8,8,14,17,1,83,134,1,1,1,1,,0.0,0.0
201400022957,2,9,14,12,1,83,86,2,1,1,6,,43.47164,6.56632
201400022958,28,11,14,14,1,83,148,1,1,2,4,,0.0,0.0
201400022959,5,12,14,17,3,83,148,1,1,1,2,,0.0,0.0
201400022960,29,3,14,9,5,54,264,2,1,1,6,16 route de nancy,48.535,6.091
201400022961,4,9,14,9,1,54,299,1,1,1,1,,48.469,6.25583
201400022962,4,7,14,2,3,50,161,2,1,1,6,RD1091,44.93899,6.57459
201400022963,5,8,14,14,1,50,107,1,1,1,5,,44.86556,6.5998
201400022964,18,8,14,18,1,50,79,1,1,1,3,05220,44.98262,6.49353
201400022965,15,2,14,21,3,55,207,1,1,1,7,,0.0,0.0
201400022966,5,5,14,8,1,55,120,1,1,7,1,,0.0,0.0
201400022967,12,10,14,15,2,55,254,1,1,8,1,,48.934,5.199
201400022968,6,2,14,15,1,67,493,1,1,1,3,,48.343,7.321
201400022969,14,8,14,14,1,67,239,1,1,1,1,,0.0,0.0
201400022970,2,1,14,14,1,31,483,2,6,1,3,BLD ENCORE/RUE CAUSSADES,43.1157,0.73761
201400022971,15,1,14,19,5,31,483,1,6,1,4,D921/RUE BOUERY,43.0955,0.73654
201400022972,2,2,14,19,5,31,483,2,1,1,3,"65, FOCH (AVENUE DU MARE",43.1047,0.71374
201400022973,6,2,14,15,1,31,483,2,6,1,3,AVE FOCH/AVE JOFFRE,43.10696,0.72071
201400022974,22,2,14,21,5,31,483,2,1,1,6,102 F. MITTERRAND (AVE),43.11132,0.74086
201400022975,22,2,14,20,5,31,483,2,1,1,6,ETANCELIN PHILIPPE (RUE),43.1,0.70746
201400022976,13,3,14,10,1,31,483,2,6,1,3,AZEMAR EUGENE (BD),43.1068,0.72067
201400022977,4,4,14,12,1,31,483,2,1,2,2,"114, FRANCOIS MITTERAND",43.11192,0.74394
201400022978,13,4,14,2,5,31,483,2,1,1,6,"13, VIDAILHET. J (RUE)",43.11352,0.73297
201400022979,9,3,14,16,1,31,483,2,1,1,7,"0, MONTAGUT HENRI (AVE)",43.10762,0.72666
201400022980,30,4,14,12,1,31,483,2,1,1,5,"09, GAULLE (BOULEVARD CH",43.1088,0.7215
201400022981,11,4,14,18,1,31,483,1,1,1,7,"3584, CAZAUX (ROUTE DE L",43.14016,0.7353
201400022982,26,5,14,14,1,31,483,2,9,1,3,ARRIEU ANSELME (AVENUE),43.11025,0.71867
201400022983,18,6,14,14,1,31,483,2,3,1,3,BD SOUMES/ALL COMMINGES,43.12151,0.72486
201400022984,3,7,14,12,1,31,483,2,3,1,1,ROUTE DE LA SERRE DE CAZ,43.12192,0.72586
201400022985,20,7,14,19,1,31,483,2,4,3,7,KENNEDY (AVENUE),43.10623,0.72535
201400022986,11,8,14,8,1,31,483,1,1,2,7,"1394,RTE SERRE DE NEROU",43.13223,0.70596
201400022987,23,8,14,23,5,31,483,2,3,1,2,SOUMES (BOULEVARD DU),0.0,0.0