Num_Acc,jour,mois,an,hr,condition_eclairage,departement,commune,condition_agglomeration,intersection,condition_atmosphere,type_collision,adresse,lattitude,longitude
201400022988,31,8,14,19,1,31,483,2,1,1,7,CAZAUX (RTE DE LA SERRE),43.12214,0.7259
201400022989,1,9,14,16,1,31,483,2,7,1,3,PL FOURNIER/BD CAZASSUS,43.11253,0.71415
201400022990,2,9,14,14,1,31,483,2,2,1,2,BD GAULLE/RUE NEBOUZAN,43.10858,0.72098
201400022991,6,9,14,16,1,31,483,1,6,1,2,D8/D21/bd étancelin,43.09889,0.70768
201400022992,26,9,14,17,1,31,483,2,3,1,6,RUE MONDON/RTE CLAVERIN,43.11111,0.75142
201400022993,21,10,14,11,1,31,483,2,3,1,2,ARRIEU ANSELME (AVE),43.11067,0.71783
201400022994,21,10,14,19,5,31,483,2,1,1,6,GAULLE (BLD) CHARLES DE,43.10896,0.7226
201400022995,30,10,14,11,1,31,483,2,2,1,5,"02, ARRIEU ANSELME (AVE",43.11027,0.71869
201400022996,5,11,14,13,1,31,344,1,1,1,7,ASPET (ROUTE),0.0,0.0
201400022997,1,10,14,17,1,31,483,2,1,1,6,GAULLE (BOULEVARD CHARLE,43.10923,0.72555
201400022998,8,12,14,17,3,31,344,1,1,3,6,POINTIS INARD (ROUTE DE),43.09731,0.77058
201400022999,12,12,14,18,3,31,344,1,1,1,6,ASPET (ROUTE),43.09158,0.75313
201400023000,23,12,14,13,1,31,344,2,1,1,7,ASPET (ROUTE),0.0,0.0
201400023001,12,5,14,14,1,69,277,1,1,8,1,,0.0,0.0
201400023002,16,5,14,19,1,69,277,1,2,7,5,,0.0,0.0
201400023003,14,7,14,18,1,69,280,2,1,1,2,ROUTE DE PUSIGNAN,45.802,5.085
201400023004,2,1,14,14,1,31,555,2,1,1,2,"999, BD DES CRETES",0.0,0.0
201400023005,2,1,14,16,1,31,555,2,1,1,6,BD DE STRASBOURG,0.0,0.0
201400023006,2,1,14,16,1,31,555,1,1,1,3,VA007331 A620,43.6294,1.41988
201400023007,3,1,14,3,5,31,555,2,1,1,7,BOULINGRIN,0.0,0.0
201400023008,5,1,14,4,5,31,555,2,1,1,6,"28, RUE DOMINIQUE CLOS",0.0,0.0
201400023009,7,1,14,8,1,31,555,2,3,1,1,"1, AV JEAN RIEUX",0.0,0.0
201400023010,7,1,14,17,1,31,555,2,1,1,1,"304, RTE DE SEYSSES",0.0,0.0
201400023011,7,1,14,14,1,31,557,2,1,1,1,AV DE GASCOGNE/CH PANEGA,43.59244,1.33782
201400023012,7,1,14,10,1,31,555,2,3,1,3,"999, RUE BENOIT ARZAC",0.0,0.0
201400023013,8,1,14,16,1,31,149,2,1,1,3,46 MONNET (AVENUE JEAN),43.62981,1.34454
201400023014,11,1,14,6,5,31,555,1,1,2,6,Rd Pt Firmin Pons,0.0,0.0
201400023015,10,1,14,8,1,31,555,2,1,1,6,AV JEAN RIEUX,0.0,0.0
201400023016,13,1,14,11,1,31,69,2,1,2,6,FIL D'ARIANE (RD902),43.6542,1.36475
201400023017,13,1,14,11,1,31,149,2,1,1,3,CH SALVETAT/RP JUPITER,43.60473,1.3073
201400023018,13,1,14,15,1,31,555,2,1,2,6,"25, ALL JEAN JAURES",0.0,0.0
201400023019,13,1,14,15,1,31,557,2,1,2,2,"2, DOUMERGUE (RUE GASTON",43.58252,1.33908
201400023020,9,1,14,8,1,31,149,2,3,1,3,MARCEL DASSAULT (BLD),43.6109,1.34657
201400023021,10,1,14,14,1,31,69,2,1,1,5,PINS (AV DES),43.64,1.38288
201400023022,14,1,14,16,1,31,555,2,6,1,6,"01, AV DE GRANDE BRETAGN",0.0,0.0
201400023023,15,1,14,13,1,31,555,2,1,1,3,"999, CHE DE RIVALSUPERVI",0.0,0.0
201400023024,15,1,14,19,1,31,555,2,3,1,3,"999, BD DU MARECHAL JUIN",0.0,0.0
201400023025,16,1,14,16,1,31,555,2,3,1,6,AV JEAN CHAUBET,0.0,0.0
201400023026,16,1,14,8,1,31,69,2,1,1,4,FIL D'ARIANE (RD902),0.0,0.0
201400023027,17,1,14,8,1,31,555,2,1,1,6,RUE GAZAGNE,0.0,0.0
201400023028,19,1,14,14,1,31,555,2,1,1,1,"999, CHE COTES DE PECH D",0.0,0.0
201400023029,20,1,14,13,1,31,555,2,1,1,3,"999, ESP COMPANS CAFFARE",0.0,0.0
201400023030,17,1,14,8,1,31,555,1,1,1,1,VA007342 LA CEPIERE  A62,0.0,0.0
201400023031,17,1,14,10,1,31,555,2,1,1,3,"170, AV DE GRANDE BRETAG",0.0,0.0
201400023032,17,1,14,16,1,31,557,2,1,1,6,PEYRETTE (CH DE LA),43.583,1.30625
201400023033,17,1,14,16,1,31,149,2,1,7,6,BD MONTEL/ESP MITTERRAND,43.60721,1.33566
201400023034,19,1,14,16,1,31,555,2,1,1,6,"27, RUE AUGUSTE GUENOT",0.0,0.0
201400023035,20,1,14,18,1,31,555,2,1,1,2,"999, BD DES MINIMES",0.0,0.0
201400023036,22,1,14,19,5,31,555,2,1,2,6,"1, PL DU CAPITOLE",0.0,0.0
201400023037,21,1,14,12,1,31,555,2,1,1,6,"1 bis, AV PAUL SEJOURNE",0.0,0.0
201400023038,24,1,14,6,5,31,555,2,1,2,6,"100, ALL DE BARCELONE",0.0,0.0
201400023039,24,1,14,10,1,31,555,2,1,1,6,"53, GRANDE RUE SAINT MIC",0.0,0.0
201400023040,24,1,14,6,1,31,555,2,1,1,6,"108, RUE LOUIS PLANA",0.0,0.0
201400023041,25,1,14,23,5,31,555,2,1,1,6,ALL DE BRIENNE,0.0,0.0
201400023042,26,1,14,5,5,31,555,2,1,2,6,"76, AV CAMILLE PUJOL",0.0,0.0
201400023043,21,1,14,18,5,31,149,2,1,1,3,BD DE GAULLE/ALLEE ASPIN,43.6101,1.32826
201400023044,26,1,14,18,5,31,555,2,1,2,3,"0, RTE DE SEYSSES",0.0,0.0
201400023045,27,1,14,7,3,31,555,1,1,1,2,VA007495 A62,0.0,0.0
201400023046,28,1,14,7,5,31,555,2,2,1,3,"999, CHE TRICOU",0.0,0.0
201400023047,28,1,14,7,1,31,555,2,1,1,1,"187, RTE D ALBI",0.0,0.0
201400023048,22,1,14,13,1,31,149,2,1,1,6,BD SELERY/ALLEE MORIAME,43.62274,1.32503
201400023049,24,1,14,10,1,31,555,1,1,3,2,VA007622 RANGUEIL A620 S,0.0,0.0
201400023050,24,1,14,19,5,31,555,2,1,3,6,"1, GRANDE RUE SAINT MICH",0.0,0.0
201400023051,29,1,14,7,2,31,555,2,1,2,6,"22, PL DES CARMES",0.0,0.0
201400023052,31,1,14,0,5,31,555,2,1,1,6,"30, BD JEAN BRUNHES",0.0,0.0
201400023053,31,1,14,14,1,31,555,2,1,2,2,AV LOUIS BAZERQUE,0.0,0.0
201400023054,31,1,14,15,1,31,555,2,1,2,4,"1, AV DE REYNERIE",0.0,0.0
201400023055,31,1,14,16,1,31,555,2,1,1,4,AV DES ETATS UNIS,0.0,0.0
201400023056,31,1,14,20,4,31,555,2,1,1,6,"47, ALL FORAIN FRANCOIS",0.0,0.0
201400023057,31,1,14,21,5,31,555,1,1,1,2,VA007355 PURPAN A620 Sor,0.0,0.0
201400023058,1,2,14,14,1,31,69,2,1,3,6,FIL D'ARIANE (RD902),0.0,0.0
201400023059,2,2,14,1,5,31,555,2,1,1,1,"999, RUE DU POLE",0.0,0.0
201400023060,2,2,14,14,1,31,555,2,1,1,1,RD916,43.55431,1.49769
201400023061,1,2,14,12,1,31,557,2,1,1,6,"114, LARRAMET (CH DE)",43.56074,1.34827
201400023062,30,1,14,10,1,31,555,2,3,2,6,"1, AV JEAN RIEUX",0.0,0.0
201400023063,31,1,14,14,1,31,555,2,1,1,6,"1, RUE AUGUSTE GUENOT",0.0,0.0
201400023064,31,1,14,17,1,31,555,2,3,1,6,"1, RTE DE SAINT SIMON",0.0,0.0
201400023065,3,2,14,16,1,31,555,2,1,1,3,"28, RUE JEAN PERRIN",0.0,0.0
201400023066,30,1,14,18,5,31,555,2,3,1,6,"416, RTE DE SAINT SIMON",0.0,0.0
201400023067,31,1,14,14,1,31,149,2,1,2,6,"46, HUGO (BOULEVARD VICT",43.6167,1.31227
201400023068,5,2,14,14,1,31,555,2,3,1,3,RUE BOUDEVILLE,0.0,0.0
201400023069,30,1,14,20,5,31,555,2,1,2,6,AV CRAMPEL,0.0,0.0
201400023070,5,2,14,20,5,31,555,2,1,1,3,"56, BD DE STRASBOURG",0.0,0.0
201400023071,6,2,14,11,1,31,555,2,1,1,2,AV DE FRONTON,0.0,0.0
201400023072,6,2,14,16,1,31,555,2,1,7,6,"92 bis, RTE DE SAINT SIM",0.0,0.0
201400023073,6,2,14,13,1,31,555,2,1,1,6,"98, BD SILVIO TRENTIN",0.0,0.0
201400023074,7,2,14,16,1,31,555,1,1,1,2,VA007379 BAYLAC  A624 So,0.0,0.0
201400023075,7,2,14,16,1,31,557,2,1,1,3,"3, BORDENEUVE (CH DE)",43.57754,1.32576
201400023076,7,2,14,17,1,31,555,2,1,1,3,"999, AV DE CASSELARDIT",0.0,0.0
201400023077,8,2,14,10,1,31,555,2,1,1,7,PL DES CARMES,0.0,0.0
201400023078,10,2,14,7,2,31,555,2,9,1,3,"93, AV JEAN CHAUBET",0.0,0.0
201400023079,6,2,14,18,1,31,149,2,1,1,6,MARCEL DASSAULT (BD),43.61127,1.34583
201400023080,6,2,14,19,5,31,555,1,3,1,3,"999, RUE DU POLE",0.0,0.0
201400023081,7,2,14,20,1,31,555,1,1,1,1,LA FAOURETTE A620,43.5826,1.40402
201400023082,11,2,14,18,5,31,555,2,1,2,6,"9, RUE CLAUDE GONIN",0.0,0.0
201400023083,12,2,14,2,5,31,69,2,1,2,6,ROND POINT BORDEBASSE,43.6369,1.37568
201400023084,12,2,14,7,2,31,555,1,1,1,7,VA007553 A62,0.0,0.0
201400023085,12,2,14,16,1,31,557,2,1,1,3,1 SPORTS (ALL DES),43.57953,1.34276
201400023086,12,2,14,16,1,31,69,2,1,1,6,"15, COMPANS (AV DU GENER",43.62668,1.39839
201400023087,13,2,14,8,2,31,555,2,1,1,6,"260, AV DE CASSELARDIT",0.0,0.0
201400023088,13,2,14,13,1,31,557,2,1,1,2,39 DOUMERGUE (RUE GASTON,43.5841,1.3429
201400023089,14,2,14,13,1,31,555,2,1,1,3,"28, BD LAZARE CARNOT",0.0,0.0
201400023090,15,2,14,21,5,31,149,2,1,2,2,"4, 3 COLOMIERS EST (A624",0.0,0.0
201400023091,17,2,14,0,1,31,555,2,1,2,3,"999, PL DU PARLEMENT",0.0,0.0
201400023092,14,2,14,18,5,31,555,2,1,1,3,"1, PL INTERIEURE ST CYPR",0.0,0.0
201400023093,21,2,14,17,1,31,555,2,1,1,1,"999, AV SALVADOR DALI",0.0,0.0
201400023094,21,2,14,21,5,31,555,2,1,1,3,"999, ALL CHARLES DE FITT",0.0,0.0
201400023095,26,2,14,17,1,31,149,1,3,1,3,CH NASQUE/CH DE CHASSE,43.60081,1.30615
201400023096,24,2,14,16,1,31,149,2,1,1,2,RP F.LUMINEU/RTE BAYONNE,43.60952,1.35275
201400023097,24,2,14,19,5,31,149,2,1,1,4,D980,0.0,0.0
201400023098,27,2,14,6,5,31,555,1,1,1,7,A 62,0.0,0.0
201400023099,27,2,14,22,5,31,555,2,1,2,6,"72, AV DES ETATS UNIS",0.0,0.0
201400023100,28,2,14,7,2,31,69,2,1,2,6,D 902,0.0,0.0
201400023101,28,2,14,9,2,31,555,2,1,3,2,"999, AV EDOUARD BELIN",0.0,0.0
201400023102,28,2,14,9,1,31,555,2,3,2,6,"58, AV DES ETATS UNIS",0.0,0.0
201400023103,2,3,14,18,2,31,555,2,1,1,6,"1, RUE DE L ETOILE",0.0,0.0
201400023104,3,3,14,20,5,31,555,2,1,3,6,"999, RTE DE NARBONNE",0.0,0.0
201400023105,3,3,14,21,5,31,555,2,2,2,3,"999, AV DE LA GLOIRE",0.0,0.0
201400023106,6,1,14,15,1,31,555,2,2,1,3,"xx, RUE LANCEFOC",0.0,0.0
201400023107,5,3,14,15,1,31,555,2,3,1,6,"999, RUE ARISTIDE MAILLO",0.0,0.0
201400023108,6,3,14,18,1,31,555,1,1,1,2,VA007313 LE CHAPITRE A64,0.0,0.0
201400023109,7,3,14,17,1,31,555,2,1,1,6,"13, AV DES MAZADES",0.0,0.0
201400023110,7,3,14,17,1,31,555,2,1,1,3,"999, AV JEAN RIEUX",0.0,0.0
201400023111,8,3,14,8,1,31,555,1,1,1,7,VA007418 PONT JUMEAUX A6,43.6112,1.41577
201400023112,8,3,14,12,1,31,555,2,1,1,1,"78, BD PIERRE ET MARIE C",0.0,0.0
201400023113,8,3,14,17,1,31,555,1,1,1,6,VA007495 A62,0.0,0.0
201400023114,9,3,14,13,1,31,555,2,1,1,2,"0, BD LAZARE CARNOT",0.0,0.0
201400023115,6,3,14,10,1,31,555,1,1,1,5,VA007331 A620,43.558,1.4902
201400023116,11,3,14,2,5,31,555,2,1,1,7,"2, AV YVES BRUNAUD",0.0,0.0
201400023117,6,3,14,17,1,31,557,2,1,1,4,"32, AURIOL (BD VINCENT)",43.58709,1.34921
201400023118,11,3,14,18,1,31,555,2,3,1,6,"91, CHE DE GABARDIE",0.0,0.0
201400023119,12,3,14,1,5,31,555,2,1,1,6,"32, AV VICTOR SEGOFFIN",0.0,0.0
201400023120,11,3,14,17,1,31,555,2,2,1,1,"999, BD DE LA GARE",0.0,0.0
201400023121,12,3,14,13,1,31,555,2,1,1,6,"999, AV DU GENERAL EISEN",0.0,0.0
201400023122,12,3,14,18,1,31,555,2,1,2,2,RD901,43.6165,1.39312
201400023123,10,3,14,17,1,31,149,2,1,1,2,SIDOBRE (PLACE DU),43.60956,1.3457
201400023124,13,3,14,18,1,31,555,2,1,1,6,"224, AV DES ETATS UNIS",0.0,0.0
201400023125,12,3,14,17,1,31,555,2,1,1,4,"348, CHE DE TUCAUT",0.0,0.0
201400023126,14,3,14,10,1,31,555,2,1,1,2,"999, RTE D ALBI",0.0,0.0
201400023127,14,3,14,11,1,31,555,2,6,1,3,"999, CHE CARROSSE",0.0,0.0
201400023128,14,3,14,17,1,31,555,2,1,1,5,"999, RUE DU POLE",0.0,0.0
201400023129,14,3,14,22,5,31,69,2,3,1,1,BELISAIRE (CH)/CH BERRY,43.63373,1.38973
201400023130,15,3,14,5,1,31,555,2,1,1,7,"999, AV DE GRANDE BRETAG",0.0,0.0
201400023131,15,3,14,21,1,31,555,2,3,1,3,"112, GRANDE RUE SAINT MI",0.0,0.0
201400023132,15,3,14,23,5,31,555,2,1,1,3,AV PAUL SEJOURNE,0.0,0.0
201400023133,16,3,14,4,1,31,555,1,1,1,7,VA007547 SOUPETARD A61 S,0.0,0.0
201400023134,16,3,14,1,5,31,555,2,3,1,1,"41, AV CRAMPEL",0.0,0.0
201400023135,17,3,14,8,1,31,555,1,1,1,5,VA007518 A68,43.64476,1.49756
201400023136,18,3,14,18,1,31,555,2,2,1,3,"999, RUE DU GENERAL PELE",0.0,0.0
201400023137,14,3,14,9,1,31,149,2,6,1,2,RP GALILEE,43.60973,1.30819
201400023138,20,3,14,8,1,31,555,2,2,1,2,RUE DU PONT GUILHEMERY,0.0,0.0
201400023139,20,3,14,9,1,31,555,1,1,1,5,VA007539 LA ROSERAIE A61,0.0,0.0
201400023140,20,3,14,19,1,31,555,2,1,1,1,"331, AV DE FRONTON",0.0,0.0
201400023141,21,3,14,8,1,31,555,2,3,1,3,"22, RUE SALVY",0.0,0.0
201400023142,21,3,14,11,1,31,555,1,1,1,2,VA007331 A620,43.5686,1.41579
201400023143,21,3,14,18,1,31,69,2,1,1,3,AVE CORNEBARRIEU/PINS,43.63757,1.38383
201400023144,22,3,14,17,1,31,555,2,1,1,6,"271, AV DE MURET",0.0,0.0
201400023145,23,3,14,6,5,31,555,2,1,1,7,"18, PL DOMINIQUE MARTIN",0.0,0.0
201400023146,24,3,14,15,1,31,555,2,3,1,3,"999, BD MATABIAU",0.0,0.0
201400023147,24,3,14,19,5,31,555,2,3,3,5,"999, CHE RAYNAL",0.0,0.0
201400023148,25,3,14,10,1,31,555,2,1,1,6,BD DE L EMBOUCHURE,0.0,0.0
201400023149,23,3,14,9,1,31,555,1,1,1,7,VA007644 EMPALOT A620,43.5718,1.43558
201400023150,25,3,14,13,1,31,555,2,1,3,1,"25, RTE D ESPAGNE",0.0,0.0
201400023151,25,3,14,16,1,31,555,1,1,1,2,VA007493 LES IZARDS A62,0.0,0.0
201400023152,25,3,14,21,1,31,555,2,1,1,6,"57, BD LASCROSSES",0.0,0.0
201400023153,24,3,14,20,5,31,555,2,1,1,1,"999, RTE DE LAUNAGUET",0.0,0.0
201400023154,25,3,14,17,1,31,555,1,1,1,5,VA007379 BAYLAC  A624,43.6049,1.39716
201400023155,26,3,14,12,1,31,555,2,1,1,6,"33, BD LAZARE CARNOT",0.0,0.0
201400023156,27,3,14,8,1,31,555,2,1,1,6,"999, RTE DE LAUNAGUET",0.0,0.0
201400023157,27,3,14,7,1,31,555,2,1,1,5,"999, CHE DE GABARDIE",0.0,0.0
201400023158,26,3,14,20,4,31,555,2,1,1,1,"999, ALL DES DEMOISELLES",0.0,0.0
201400023159,28,3,14,18,1,31,555,2,1,1,6,"999, RUE DR ALBERT SCHWE",0.0,0.0
201400023160,28,3,14,19,2,31,555,2,1,1,6,"20, RTE DE REVEL",0.0,0.0
201400023161,28,3,14,14,1,31,149,2,1,1,3,CALVET (BOULEVARD EMILE),43.61158,1.33662
201400023162,1,4,14,8,1,31,555,2,1,1,6,"1, RUE JOACHIM DU BELLAY",0.0,0.0
201400023163,1,4,14,9,1,31,555,1,1,1,6,VA007333 LA FAOURETTE,43.5814,1.40482
201400023164,1,4,14,11,1,31,555,2,1,1,3,"2, RUE MONTMORENCY",0.0,0.0
201400023165,27,3,14,19,2,31,555,2,1,1,6,"999, AV JULES JULIEN",0.0,0.0
201400023166,2,4,14,10,1,31,555,2,1,1,6,"37bis, AV JEAN ZAY",0.0,0.0
201400023167,3,4,14,13,1,31,555,2,1,1,6,"235, AV DE FRONTON",0.0,0.0
201400023168,3,4,14,17,1,31,555,2,1,1,1,"19, CHE DE LA LOGE",0.0,0.0
201400023169,5,4,14,2,1,31,555,2,1,1,2,"65, AV DES MINIMES",0.0,0.0
201400023170,5,4,14,4,1,31,555,2,1,1,2,"999, ALL JULES GUESDE",0.0,0.0
201400023171,7,4,14,8,1,31,557,2,1,1,6,"158, LARRAMET (CH DE)",43.56058,1.35509
201400023172,7,4,14,13,1,31,555,1,1,1,2,VA007379 BAYLAC  A624 So,43.6049,1.39729
201400023173,7,4,14,17,1,31,555,2,1,1,6,"999, AV DE RANGUEIL",0.0,0.0
201400023174,2,4,14,17,1,31,149,2,1,1,6,OCCITANIE (PLACE D'),43.61133,1.33515
201400023175,1,4,14,17,1,31,149,2,1,1,2,Maurice Grynfogel (bd),43.61686,1.33988
201400023176,7,4,14,7,1,31,149,2,1,1,2,"07, MARCEL DASSAULT (BOU",43.61027,1.34854
201400023177,8,4,14,10,1,31,555,2,1,1,6,"3, BD LASCROSSES",0.0,0.0
201400023178,8,4,14,16,1,31,555,2,1,1,6,"75, ALL JULES GUESDE",0.0,0.0
201400023179,8,4,14,23,5,31,555,2,2,1,1,"0, AV DE LARDENNE",43.5921,1.39939
201400023180,9,4,14,11,1,31,555,2,3,1,3,"999, RUE BERTRAND DE BOR",0.0,0.0
201400023181,9,4,14,19,1,31,555,1,1,1,2,DEMOISELLE/RANGUEIL,43.5723,1.45796
201400023182,9,4,14,21,5,31,555,1,1,1,6,VA007500 CROIX DAURADE A,0.0,0.0
201400023183,10,4,14,10,1,31,69,2,1,1,3,BRASSENS (AV GEORGE,43.64954,1.3797
201400023184,10,4,14,19,1,31,149,2,1,1,3,"15, BD DE L'EUROPE",43.60039,1.35618
201400023185,11,4,14,6,1,31,149,1,1,1,1,HUGO (BLD) VICTOR,43.60496,1.3069
201400023186,12,4,14,14,1,31,149,2,1,1,3,RN124,0.0,0.0
201400023187,12,4,14,16,1,31,555,2,1,1,6,"999, RUE D ALSACE LORRAI",0.0,0.0
201400023188,13,4,14,0,5,31,555,2,2,1,3,"999, BD DE BONREPOS",0.0,0.0
201400023189,13,4,14,0,5,31,555,1,1,1,2,VA007306 A64,0.0,0.0
201400023190,13,4,14,8,1,31,555,2,3,1,3,"999, RTE DE SAINT SIMON",0.0,0.0
201400023191,13,4,14,18,1,31,555,2,9,1,6,"37, RUE ROBERT MESURET",0.0,0.0
201400023192,14,4,14,8,1,31,555,2,1,1,6,"999, RUE ADOLPHE COLL",0.0,0.0
201400023193,9,4,14,20,2,31,555,2,1,1,7,"999, Rd Pt Firmin Pons",0.0,0.0
201400023194,14,4,14,8,1,31,555,2,1,1,6,"118, RTE DE NARBONNE",0.0,0.0
201400023195,15,4,14,8,1,31,557,2,3,1,3,TARBES (ROUTE DE),0.0,0.0
201400023196,15,4,14,10,1,31,555,2,1,1,2,"408, AV DE FRONTON",0.0,0.0
201400023197,15,4,14,16,1,31,555,1,1,1,4,VA008482 A624,43.6113,1.37832
201400023198,15,4,14,15,1,31,149,2,1,1,3,"8, BRUNAUD (AVENUE YVES)",43.61499,1.34731
201400023199,15,4,14,18,1,31,555,1,1,1,4,VA008124 A 620,43.6054,1.40471
201400023200,16,4,14,8,1,31,555,2,1,1,3,"223, RTE D ALBI",0.0,0.0
201400023201,16,4,14,20,1,31,149,2,2,1,1,AL DU LOT/RUE GILET,43.60963,1.33927
201400023202,17,4,14,6,1,31,555,1,1,1,1,VA008482 A624 ancely,43.6053,1.39485
201400023203,17,4,14,22,5,31,555,2,1,1,2,"999, BD DES RECOLLETS",0.0,0.0
201400023204,19,4,14,6,5,31,555,1,1,1,2,VA007418 PURPAN,43.6061,1.40626
201400023205,22,4,14,20,1,31,555,2,1,1,5,"999, RTE DE NARBONNE",0.0,0.0
201400023206,23,4,14,6,5,31,149,2,1,1,3,MONTEL (BD)/AL COMMINGES,43.60705,1.33525
201400023207,23,4,14,18,1,31,555,2,1,1,3,"999, CHE DE FENOUILLET",0.0,0.0
201400023208,23,4,14,8,1,31,555,2,1,1,6,"13, RUE DE METZ",0.0,0.0
201400023209,24,4,14,13,1,31,555,2,1,1,1,"999, RUE ANDRE VASSEUR",0.0,0.0
201400023210,24,4,14,18,1,31,555,2,1,1,3,"999, AV DE FRONTON",0.0,0.0
201400023211,25,4,14,11,1,31,555,2,1,1,6,"999, RUE ANTONIO VIVALDI",0.0,0.0
201400023212,28,4,14,6,2,31,69,2,1,1,6,"51, BUCHES (RUE DES)",43.63674,1.39138
201400023213,28,4,14,9,1,31,69,2,1,1,3,88 RTE GRENADE/ PASTEUR,43.63437,1.39135
201400023214,28,4,14,14,1,31,149,2,1,1,2,SALVETAT (CHEMIN DE),43.60333,1.30469
201400023215,29,4,14,17,1,31,555,1,1,1,2,VA007331 A620,43.5831,1.40373
201400023216,28,4,14,11,1,31,555,2,1,1,6,"999, RUE HENRI DESBALS",0.0,0.0
201400023217,30,4,14,8,1,31,555,1,1,1,2,VA007622 RANGUEIL A620 S,43.5723,1.45823
201400023218,30,4,14,10,1,31,149,2,1,1,1,LOUDET (CHEMIN DU),43.60776,1.30078
201400023219,30,4,14,23,5,31,555,2,3,1,6,"999, AV DE L URSS",0.0,0.0
201400023220,3,5,14,17,1,31,555,2,1,1,6,"999, AV DE LAVAUR",0.0,0.0
201400023221,4,5,14,1,5,31,555,2,3,1,3,"999, AV DES MINIMES",0.0,0.0
201400023222,4,5,14,6,5,31,555,2,3,1,3,"999, AV DE LA GLOIRE",0.0,0.0
201400023223,6,5,14,2,5,31,555,1,1,1,2,VA007440 LES MINIMESA620,43.6242,1.41788
201400023224,6,5,14,13,1,31,555,2,1,1,2,"60, BD DE L EMBOUCHURE",0.0,0.0
201400023225,7,5,14,19,1,31,555,2,1,1,6,"42, RUE DE LA BEAUCE",0.0,0.0
201400023226,8,5,14,2,5,31,555,2,2,1,6,"81, BD LAZARE CARNOT",0.0,0.0
201400023227,8,5,14,22,5,31,555,2,1,1,6,"999, AV DES MINIMES",0.0,0.0
201400023228,2,5,14,20,2,31,149,2,3,1,3,COMMINGES/PISCINE (ALLEE,43.60764,1.33347
201400023229,8,5,14,14,1,31,555,2,1,1,3,"91, BD GABRIEL KOENIGS",0.0,0.0
201400023230,10,5,14,23,1,31,555,2,1,1,1,"125, RTE DE REVEL",0.0,0.0
201400023231,13,5,14,20,1,31,555,2,1,1,6,"999, ALL GABRIEL BIENES",0.0,0.0
201400023232,14,5,14,7,1,31,555,2,1,1,3,"999, PONT GARIGLIANO",0.0,0.0
201400023233,14,5,14,11,1,31,555,2,1,1,3,"999, AV DES ETATS UNIS",0.0,0.0
201400023234,14,5,14,19,1,31,555,1,1,1,3,VA007500 CROIX DAURADA62,0.0,0.0
201400023235,15,5,14,7,1,31,555,1,1,1,7,VA007306 A64,0.0,0.0
201400023236,16,5,14,7,1,31,149,2,1,1,1,ROUERGUE (ALLEE DU),43.60942,1.33018
201400023237,16,5,14,8,1,31,555,2,2,1,3,"999, AV EMMANUEL MAIGNAN",0.0,0.0
201400023238,16,5,14,10,1,31,555,2,1,1,6,"999, PL DU RAVELIN",0.0,0.0
201400023239,17,5,14,3,4,31,555,2,1,1,6,"15, BD DE LA GARE",0.0,0.0
201400023240,17,5,14,17,1,31,555,2,1,1,6,"999, RUE RIGUEPELS",0.0,0.0
201400023241,17,5,14,19,1,31,555,2,3,1,3,ALL DES DEMOISELLES,0.0,0.0
201400023242,18,5,14,12,1,31,555,2,1,1,6,"72, RUE ACHILLE VIADIEU",0.0,0.0
201400023243,18,5,14,16,1,31,555,2,1,1,6,"17, RUE ANDRE CHAMSON",0.0,0.0
201400023244,18,5,14,17,1,31,555,2,1,1,3,"20, GRANDE RUE SAINT MIC",0.0,0.0
201400023245,18,5,14,19,1,31,555,2,1,1,2,"221, RTE D ALBI",0.0,0.0
201400023246,16,5,14,19,1,31,149,2,1,1,7,EL PEY (CHEMIN D'),43.60218,1.31492
201400023247,17,5,14,13,1,31,149,2,1,1,6,"80, LOUDET (CHEMIN DU)",43.60983,1.30776
201400023248,19,5,14,8,1,31,555,1,1,1,2,VA007644 EMPALOT A620 So,43.5707,1.43147
201400023249,20,5,14,11,1,31,69,2,1,1,6,CORNEBARRIEU (ROUTE DE),43.64502,1.36427
201400023250,20,5,14,9,1,31,555,2,1,1,4,"10, PORT SAINT SAUVEUR",0.0,0.0
201400023251,20,5,14,12,1,31,555,2,5,1,3,BD PIERRE ET MARIE CURIE,0.0,0.0
201400023252,18,4,14,13,1,31,555,2,1,1,6,"42, RUE MATABIAU",0.0,0.0
201400023253,16,5,14,14,1,31,555,2,1,1,6,"15, RUE DE LA REPUBLIQUE",0.0,0.0
201400023254,18,5,14,17,1,31,555,2,1,1,6,"82, RTE DE BAYONNE",0.0,0.0
201400023255,23,5,14,8,1,31,149,2,1,1,3,"12, GUYNEMER (AVE) GEORG",43.61784,1.34396
201400023256,23,5,14,12,1,31,69,2,1,1,2,FIL D'ARIANE (RD902),0.0,0.0
201400023257,23,5,14,20,2,31,149,2,1,1,6,RN124,43.6069,1.33142
201400023258,24,5,14,17,1,31,555,1,1,1,6,VA008432 LANGLADE A620,43.5686,1.41992
201400023259,24,5,14,23,5,31,555,2,6,1,6,"999, AV ETIENNE BILLIERE",0.0,0.0
201400023260,23,5,14,18,1,31,555,2,3,1,3,"999, AV DES ETATS UNIS",0.0,0.0