Num_Acc,jour,mois,an,hr,condition_eclairage,departement,commune,condition_agglomeration,intersection,condition_atmosphere,type_collision,adresse,lattitude,longitude
201400023261,24,5,14,15,1,31,555,2,1,1,2,"999, AV DES ETATS UNIS",0.0,0.0
201400023262,27,5,14,17,1,31,555,2,1,1,6,"13, CHE CARROSSE",0.0,0.0
201400023263,26,5,14,15,1,31,555,2,1,3,6,"10, CHE DES CAPELLES",0.0,0.0
201400023264,28,5,14,6,1,31,555,2,2,1,3,AV JEAN ZAY,0.0,0.0
201400023265,28,5,14,7,1,31,555,2,1,1,3,"999, BD RICHARD WAGNER",0.0,0.0
201400023266,28,5,14,19,2,31,555,2,1,3,1,RTE DE LABEGE,0.0,0.0
201400023267,28,5,14,12,1,31,555,2,6,1,6,"999, RUE LOUIS BONIN",0.0,0.0
201400023268,29,5,14,16,1,31,555,2,6,1,3,ROND POINT LALANDE,0.0,0.0
201400023269,30,5,14,14,1,31,555,2,1,1,6,"999, RUE D ARMAGNAC",0.0,0.0
201400023270,30,5,14,14,1,31,555,1,1,1,6,VA007440 LES MINIMESA620,0.0,0.0
201400023271,30,5,14,16,1,31,555,2,3,1,3,"19, AV JEAN RIEUX",0.0,0.0
201400023272,30,5,14,18,1,31,555,2,1,1,6,"999, RUE THOMAS EDISON",0.0,0.0
201400023273,30,5,14,19,1,31,555,2,1,1,6,"325, AV DES ETATS UNIS",0.0,0.0
201400023274,30,5,14,7,1,31,555,2,3,1,3,"999, RUE DU POLE",0.0,0.0
201400023275,31,5,14,13,1,31,555,2,1,1,6,"42, RUE DE LA TOURAINE",0.0,0.0
201400023276,1,6,14,23,5,31,149,2,1,1,6,"3, MONNET (AVENUE JEAN)",43.61784,1.34082
201400023277,2,6,14,15,1,31,555,2,1,1,6,"67, GRANDE RUE SAINT MIC",0.0,0.0
201400023278,3,6,14,14,1,31,555,2,1,1,7,"16, AV CAMILLE FLAMMARIO",0.0,0.0
201400023279,2,6,14,17,1,31,555,2,1,1,6,"999, RUE DU CHER",0.0,0.0
201400023280,2,6,14,16,1,31,555,2,1,1,1,"999, AV DE GRANDE BRETAG",0.0,0.0
201400023281,5,6,14,13,1,31,555,2,3,1,6,"1, AV DE LESPINET",0.0,0.0
201400023282,5,6,14,23,4,31,149,2,1,1,7,sortie 4/colomiers gare,43.60624,1.33759
201400023283,2,6,14,16,1,31,149,2,1,1,6,ADER (AVENUE CLEMENT),43.61525,1.3457
201400023284,5,6,14,17,1,31,149,2,1,1,6,EUGENE MONTEL (BOULEV),43.6078,1.33582
201400023285,7,6,14,12,1,31,555,2,3,1,3,"999, RUE DOULADOURE",0.0,0.0
201400023286,7,6,14,21,1,31,555,2,1,1,7,"999, AV CRAMPEL",0.0,0.0
201400023287,10,6,14,10,1,31,555,2,5,1,7,"47, BD LAZARE CARNOT",0.0,0.0
201400023288,10,6,14,12,1,31,555,2,1,1,7,"37, AV HONORE SERRES",0.0,0.0
201400023289,10,6,14,17,1,31,555,2,1,1,1,"999, PONT DES CATALANS",0.0,0.0
201400023290,11,6,14,12,1,31,555,2,1,1,3,"999, ALL DE BARCELONE",0.0,0.0
201400023291,11,6,14,15,1,31,69,2,1,1,3,"211, GRENADE (ROUTE DE)",43.64434,1.38581
201400023292,11,6,14,16,1,31,557,2,1,1,1,"210, RAMELET MOUNDI (CH",43.57917,1.35908
201400023293,11,6,14,18,1,31,555,2,1,1,1,"143, CHE DE FENOUILLET",0.0,0.0
201400023294,11,6,14,19,1,31,555,2,1,1,3,"37 Bis, AV HONORE SERRES",0.0,0.0
201400023295,11,6,14,22,5,31,555,2,1,1,6,"999, CHE HENRI BESSEMER",0.0,0.0
201400023296,11,6,14,22,5,31,555,1,1,1,2,VA007331 A620,43.5557,1.49142
201400023297,12,6,14,13,1,31,555,2,1,1,6,"999, RUE SARAH BERNHARDT",0.0,0.0
201400023298,12,6,14,16,1,31,555,2,1,1,7,"999, AV DES ETATS UNIS",0.0,0.0
201400023299,12,6,14,20,1,31,555,2,1,1,6,"44, ALL JEAN JAURES",0.0,0.0
201400023300,13,6,14,19,1,31,69,2,2,1,3,BARTAVELLES/BRASSENS,43.64868,1.37229
201400023301,15,6,14,0,5,31,149,2,1,1,6,SAINT GRANIER (AVENUE DE,43.59724,1.36307
201400023302,16,6,14,0,5,31,555,2,1,1,1,RD916,43.55879,1.49597
201400023303,17,6,14,16,1,31,149,2,1,1,3,ingres (auguste),43.59708,1.34989
201400023304,18,6,14,16,1,31,555,2,3,1,1,"999, BD LAZARE CARNOT",0.0,0.0
201400023305,18,6,14,20,1,31,555,2,1,1,5,CHE MARTYRS DE BORDELONG,0.0,0.0
201400023306,19,6,14,7,1,31,555,2,1,1,6,"999, PL DU DR JOSEPH BAY",0.0,0.0
201400023307,19,6,14,8,1,31,555,2,1,1,3,"14, IMP BARTHE",0.0,0.0
201400023308,19,6,14,10,1,31,555,2,1,7,6,"116, RTE DE BLAGNAC",0.0,0.0
201400023309,19,6,14,17,1,31,555,1,1,1,2,VA007418 PONTJUMEAUXA620,43.6113,1.4159
201400023310,20,6,14,19,1,31,555,2,1,1,3,"8, BD LASCROSSES",0.0,0.0
201400023311,20,6,14,12,1,31,555,2,1,1,6,"10, RUE MARIE FRANCE BRI",0.0,0.0
201400023312,20,6,14,11,1,31,555,1,1,1,5,VA00 N124,0.0,0.0
201400023313,21,6,14,18,1,31,555,2,1,1,1,"39, RUE DU PONT DE TOUNI",0.0,0.0
201400023314,21,6,14,21,5,31,557,1,1,1,7,sortie tournef./lardenne,43.58789,1.36139
201400023315,20,6,14,16,1,31,555,2,1,1,3,"999, BD DE BONREPOS",0.0,0.0
201400023316,23,6,14,8,1,31,149,2,1,1,3,"49, GILET (RUE)",43.61029,1.33957
201400023317,23,6,14,17,1,31,555,2,2,1,3,CHE DU COIN DE LA MOURE,0.0,0.0
201400023318,24,6,14,0,4,31,555,2,3,1,3,"999, BD PIERRE PAUL RIQU",0.0,0.0
201400023319,24,6,14,9,1,31,555,2,1,1,6,"19, AV CAMILLE PUJOL",0.0,0.0
201400023320,24,6,14,13,1,31,555,2,1,1,5,"999, AV M BOURGES MAUNOU",0.0,0.0
201400023321,24,6,14,14,1,31,555,2,1,1,3,"999, CHE DE LA SALADE PO",0.0,0.0
201400023322,25,6,14,7,1,31,555,1,1,1,5,VA007331 A620,43.57529,1.44041
201400023323,25,6,14,6,1,31,555,1,1,1,7,VA007440 LES MINIMESA620,43.6296,1.4199
201400023324,25,6,14,17,1,31,555,2,1,1,2,sortie 03/colomiers est,43.60919,1.35711
201400023325,27,6,14,9,1,31,555,2,2,1,3,"., AV ALBERT BEDOUCE",0.0,0.0
201400023326,28,6,14,20,1,31,555,2,1,1,3,"999, AV DE LYON",0.0,0.0
201400023327,30,6,14,20,1,31,555,2,1,1,6,"999, AV DE REYNERIE",0.0,0.0
201400023328,30,6,14,22,5,31,555,2,3,1,6,"148, BD DE SUISSE",0.0,0.0
201400023329,25,6,14,17,1,31,555,2,3,1,1,"127, RUE HENRI DESBALS",0.0,0.0
201400023330,1,7,14,12,1,31,555,2,3,1,3,"16, RUE DU REMPART ST ET",0.0,0.0
201400023331,1,7,14,1,5,31,69,2,1,1,7,"1, SARRAZINIERE (RUE)",43.63621,1.39857
201400023332,1,7,14,11,1,31,555,2,1,1,3,"999, BD DE LA MARQUETTE",0.0,0.0
201400023333,1,7,14,15,1,31,149,2,1,1,6,2 PIBRAC (ROUTE DE),43.61325,1.32251
201400023334,2,7,14,12,1,31,69,1,1,8,4,3 LE RITOURET (FIL D'ARI,0.0,0.0
201400023335,2,7,14,21,2,31,555,2,8,1,3,ALL MAURICE SARRAUT,0.0,0.0
201400023336,3,7,14,14,1,31,555,2,1,1,5,"999, CHE DE TUCAUT",0.0,0.0
201400023337,5,7,14,12,1,31,555,2,1,1,4,"999, ALL FORAIN FRANCOIS",0.0,0.0
201400023338,4,7,14,17,1,31,555,2,1,1,6,"45, AV DE L URSS",0.0,0.0
201400023339,6,7,14,10,1,31,555,1,1,1,2,VA007539 LA ROSERAIE A61,0.0,0.0
201400023340,6,7,14,20,5,31,555,1,1,9,7,VA007440 LES MINIMESA620,43.6241,1.41782
201400023341,7,7,14,16,1,31,555,2,1,1,2,"999, PONT SAINT MICHEL",0.0,0.0
201400023342,8,7,14,18,1,31,555,2,3,1,6,"999, CHE DE TOURNEFEUILL",0.0,0.0
201400023343,7,7,14,16,1,31,149,2,1,1,6,"27, HUGO (BLD) VICTOR",43.61209,1.30874
201400023344,9,7,14,20,1,31,555,2,3,1,3,"137, CHE DE LAPUJADE",0.0,0.0
201400023345,9,7,14,23,5,31,555,2,1,1,6,"999, AV M BOURGES MAUNOU",0.0,0.0
201400023346,10,7,14,1,5,31,555,2,3,1,6,"999, BD DE SUISSE",0.0,0.0
201400023347,7,7,14,19,1,31,555,1,1,1,4,VA008432 LANGLADE A620 S,43.5686,1.42045
201400023348,11,7,14,16,1,31,555,2,1,1,7,"2, RUE ROGER CAMBOULIVES",0.0,0.0
201400023349,15,7,14,18,1,31,555,2,1,1,6,"999, RUE PEYROLIERES",0.0,0.0
201400023350,13,7,14,19,1,31,149,2,1,1,2,VA008482 N124,0.0,0.0
201400023351,14,7,14,1,5,31,555,2,3,1,2,RUE DU POLE,0.0,0.0
201400023352,14,7,14,15,1,31,555,2,1,1,1,"0, BD DE GENEVE",0.0,0.0
201400023353,16,7,14,17,1,31,555,2,1,1,2,"999, BD D ARCOLE",0.0,0.0
201400023354,17,7,14,2,5,31,555,2,2,1,3,"2, AV ETIENNE BILLIERES",0.0,0.0
201400023355,15,7,14,12,1,31,555,2,1,1,5,"27, CHE DE LESTANG",43.5548,1.39439
201400023356,20,7,14,6,2,31,555,2,1,1,3,"999, RUE DE METZ",0.0,0.0
201400023357,19,7,14,10,1,31,69,2,1,1,2,"2, ZOLA (ALL)  EMILE",43.64474,1.36928
201400023358,19,7,14,17,1,31,555,1,1,1,2,VA007331 A620,43.6542,1.42641
201400023359,20,7,14,3,5,31,555,1,1,1,6,VA007495 A62,0.0,0.0
201400023360,20,7,14,20,1,31,555,2,1,1,3,"999, AV DU GENERAL EISEN",0.0,0.0
201400023361,21,7,14,11,1,31,149,2,4,1,3,ALL LAURAGAIS/ROUERGUE,43.60992,1.33173
201400023362,21,7,14,20,5,31,555,2,1,1,5,"999, AV DES ETATS UNIS",0.0,0.0
201400023363,22,7,14,15,1,31,555,2,1,1,3,"999, AV DE LARDENNE",0.0,0.0
201400023364,22,7,14,17,1,31,555,2,1,1,2,RUE LOUIS PLANA,0.0,0.0
201400023365,22,7,14,20,1,31,555,2,6,1,3,"131, RTE DE LAUNAGUET",0.0,0.0
201400023366,22,7,14,20,1,31,555,1,1,1,2,VA007500 CROIX DAURADE A,0.0,0.0
201400023367,23,7,14,18,1,31,555,2,1,1,6,"999, RUE JEAN MERMOZ",0.0,0.0
201400023368,23,7,14,23,1,31,555,2,2,1,3,"999, RTE D ALBI",0.0,0.0
201400023369,27,7,14,18,1,31,557,2,1,1,3,"111, TARBES (ROUTE DE)",43.58057,1.33404
201400023370,28,7,14,18,1,31,555,1,1,2,4,VA001490 A621,0.0,0.0
201400023371,29,7,14,17,1,31,555,2,1,1,1,"4, RUE THEODORE OZENNE",0.0,0.0
201400023372,29,7,14,20,1,31,555,2,3,1,3,"230, RTE DE LAUNAGUET",0.0,0.0
201400023373,31,7,14,11,1,31,555,2,2,1,3,"999, RUE PEYRAS",0.0,0.0
201400023374,31,7,14,8,1,31,555,1,1,1,2,VA007553 A61,0.0,0.0
201400023375,31,7,14,18,1,31,555,2,1,1,6,"999, RUE DE METZ",0.0,0.0
201400023376,1,8,14,17,1,31,555,2,1,1,2,"203, AV DE FRONTON",0.0,0.0
201400023377,1,8,14,18,1,31,555,2,1,1,2,"100, BD SILVIO TRENTIN",0.0,0.0
201400023378,3,8,14,22,5,31,555,2,1,1,3,"61, BD DE STRASBOURG",0.0,0.0
201400023379,4,8,14,3,5,31,555,2,1,1,7,"31, BD DEODAT DE SEVERAC",0.0,0.0
201400023380,4,8,14,8,1,31,69,1,1,1,2,A621 ST MICHEL DU TOUCH,0.0,0.0
201400023381,5,8,14,1,5,31,555,2,1,1,7,"19, RUE DE METZ",0.0,0.0
201400023382,6,8,14,18,1,31,555,2,1,1,2,"999, AV DE GRANDE BRETAG",0.0,0.0
201400023383,7,8,14,8,1,31,555,2,1,1,1,"999, ROND POINT HENRY PO",0.0,0.0
201400023384,9,8,14,13,1,31,555,1,1,1,6,VA007333 LA FAOURETTE,43.5827,1.40398
201400023385,10,8,14,0,5,31,555,2,1,1,6,"999, RUE JEAN GOUJON",0.0,0.0
201400023386,11,8,14,13,1,31,555,2,1,1,3,"999, RUE DU POLE",0.0,0.0
201400023387,11,8,14,15,1,31,69,2,1,1,6,"216, GRENADE (ROUTE DE)",43.64683,1.38408
201400023388,12,8,14,15,1,31,555,2,1,1,6,"999, BD ANDRE NETWILLER",0.0,0.0
201400023389,12,8,14,19,1,31,555,2,1,1,2,"999, PONT SAINT MICHEL",0.0,0.0
201400023390,12,8,14,19,1,31,555,2,1,1,6,RTE D ALBI,0.0,0.0
201400023391,4,8,14,12,1,31,555,1,1,3,6,VA007355 PURPAN A620 Sor,43.605,1.40365
201400023392,15,8,14,11,1,31,555,2,1,1,6,"23, BD DE BONREPOS",0.0,0.0
201400023393,15,8,14,13,1,31,555,2,1,1,3,"999, AV JEAN ZAY",0.0,0.0
201400023394,30,7,14,18,1,31,555,2,2,1,6,"999, AV ETIENNE BILLIERE",0.0,0.0
201400023395,16,8,14,13,1,31,555,2,1,1,2,"344, AV DES ETATS UNIS",0.0,0.0
201400023396,13,8,14,16,1,31,149,2,1,1,6,Rond Point fontaine lumi,43.60919,1.35241
201400023397,18,8,14,19,1,31,555,2,3,1,3,"999, PL DU DR JOSEPH BAY",0.0,0.0
201400023398,19,8,14,15,1,31,149,2,1,1,6,EUGENE MONTEL (BLD),43.60876,1.33623
201400023399,20,8,14,23,5,31,69,1,1,1,6,A621 SAINT MICHEL DU TOU,43.6225,1.39171
201400023400,20,8,14,17,1,31,149,2,1,1,6,CHE DE LAPUJOUANE,43.59511,1.34802
201400023401,21,8,14,17,1,31,555,2,1,1,2,"3, AV MAURICE MAGRE",0.0,0.0
201400023402,21,8,14,19,1,31,555,2,1,1,6,"73, RTE D ALBI",0.0,0.0
201400023403,23,8,14,5,5,31,555,2,1,1,6,"6, AV DES ETATS UNIS",0.0,0.0
201400023404,22,8,14,16,1,31,555,1,1,2,4,VA007342 LA CEPIERE A620,43.5829,1.40381
201400023405,22,8,14,11,1,31,149,2,1,1,6,AV MAURICE GRYNFOGEL,43.61821,1.33889
201400023406,24,8,14,4,5,31,555,2,1,1,6,"999, ALL DES FOULQUES",0.0,0.0
201400023407,25,8,14,18,1,31,555,2,1,1,3,"126, CHE DE NICOL",0.0,0.0
201400023408,25,8,14,22,5,31,555,2,1,1,2,"341, AV DES ETATS UNIS",0.0,0.0
201400023409,26,8,14,22,5,31,555,1,1,3,6,VA007644 EMPALOT A620,43.5707,1.43173
201400023410,27,8,14,2,5,31,555,1,1,2,2,VA007313 LE CHAPITRE A64,0.0,0.0
201400023411,22,8,14,15,1,31,555,1,1,2,6,VA007342 LA CEPIERE A620,43.5913,1.39885
201400023412,27,8,14,17,1,31,555,2,3,1,3,"999, RTE DE NARBONNE",0.0,0.0
201400023413,28,8,14,7,1,31,555,2,3,1,6,"999, RUE DU CANON D ARCO",0.0,0.0
201400023414,28,8,14,9,1,31,555,1,1,1,4,VA007518 A68,43.6407,1.48885
201400023415,28,8,14,15,1,31,149,1,1,1,6,ECH ST MARTIN A624/D 901,43.6102,1.38553
201400023416,28,8,14,11,1,31,149,2,3,1,6,SIGAL (CH)/AL BLANQUETTE,43.6061,1.32785
201400023417,29,8,14,7,1,31,149,2,1,1,6,"8, BRUNAUD (AVENUE YVES)",43.61521,1.34589
201400023418,30,8,14,5,5,31,555,2,1,1,6,"999, RD PT JJ LAFFONT",0.0,0.0
201400023419,30,8,14,17,1,31,555,2,1,1,6,"999, RUE DES POTIERS",0.0,0.0
201400023420,1,9,14,3,1,31,555,2,1,1,6,"167, AV DE MURET",0.0,0.0
201400023421,1,9,14,11,1,31,555,2,1,1,3,"999, AV DES MINIMES",0.0,0.0
201400023422,1,9,14,17,1,31,69,2,1,1,4,DEWOITINE (RD-PT EMILE),43.62544,1.38302
201400023423,1,9,14,8,1,31,557,2,4,1,3,CH PIERRE (CH)/LANGUEDOC,43.58371,1.33836
201400023424,1,9,14,15,1,31,149,2,1,1,1,THULIEZ (allée),43.62333,1.32687
201400023425,2,9,14,13,1,31,555,2,1,1,3,"142, AV DES ETATS UNIS",0.0,0.0
201400023426,2,9,14,17,1,31,555,2,1,1,5,"999, AV M BOURGES MAUNOU",0.0,0.0
201400023427,2,9,14,15,1,31,555,2,1,1,2,"999, ALL DE BRIENNE",0.0,0.0
201400023428,3,9,14,10,1,31,555,2,1,1,2,"17, BD SILVIO TRENTIN",0.0,0.0
201400023429,4,9,14,16,1,31,555,1,1,1,2,VA008482 A624,43.6095,1.38666
201400023430,5,9,14,18,1,31,555,1,1,1,6,"999, CHE DE PAYSSAT",0.0,0.0
201400023431,7,9,14,16,1,31,555,1,1,1,5,VA007456 SESQUIERES,43.6511,1.42277
201400023432,8,9,14,17,1,31,557,2,1,1,1,"87, TARBES (ROUTE DE)",43.57918,1.33068
201400023433,9,9,14,21,1,31,555,2,1,1,2,"4, AV JEAN RIEUX",0.0,0.0
201400023434,9,9,14,13,1,31,149,2,1,1,6,MONTURON (AVENUE DE),43.61654,1.31071
201400023435,9,9,14,17,1,31,149,2,1,1,1,AVE G BRASSENS/AVE MAGRE,43.59917,1.34608
201400023436,9,9,14,18,1,31,555,2,1,1,7,"21, AV GEORGES POMPIDOU",0.0,0.0
201400023437,10,9,14,13,1,31,555,2,1,1,4,"376, AV DES ETATS UNIS",0.0,0.0
201400023438,10,9,14,15,1,31,555,2,1,1,2,"63, BD LASCROSSES",0.0,0.0
201400023439,10,9,14,19,1,31,555,2,1,1,7,"118, AV FREDERIC ESTEBE",0.0,0.0
201400023440,11,9,14,7,1,31,555,2,6,1,3,ROND POINT JANY,0.0,0.0
201400023441,11,9,14,10,1,31,555,2,1,1,6,"36, RUE D ALSACE LORRAIN",0.0,0.0
201400023442,11,9,14,13,1,31,555,2,2,1,3,"999, RUE GABRIEL PERI",0.0,0.0
201400023443,12,9,14,8,1,31,555,2,1,1,6,"34, RUE CIMETIERE ST CYP",0.0,0.0
201400023444,11,9,14,9,1,31,555,2,1,1,3,"269, RTE DE NARBONNE",0.0,0.0
201400023445,11,9,14,20,1,31,555,1,1,1,2,VA007333LA FAOURETTEA620,43.583,1.40375
201400023446,12,9,14,8,1,31,555,2,2,1,3,"999, RUE DELMAS",0.0,0.0
201400023447,12,9,14,16,1,31,555,2,1,1,2,"999, R-PT EUGENE CLAUDIU",0.0,0.0
201400023448,13,9,14,10,1,31,555,2,1,1,3,"999, BARRIERE DE LOMBEZ",0.0,0.0
201400023449,10,9,14,5,5,31,555,2,1,1,7,"213, AV ANTOINE DE ST EX",0.0,0.0
201400023450,10,9,14,8,1,31,555,2,1,1,7,"999, RUE JACQUES BABINET",0.0,0.0
201400023451,11,9,14,8,1,31,557,2,1,1,3,"275, LARDENNE (AV DE)",43.58991,1.37632
201400023452,15,9,14,19,1,31,555,2,1,1,6,"79, BD DE LA MARQUETTE",0.0,0.0
201400023453,15,9,14,20,1,31,555,2,1,1,1,"999, AV CRAMPEL",0.0,0.0
201400023454,12,9,14,8,1,31,555,2,1,1,2,"999, Rd Pt Firmin Pons",0.0,0.0
201400023455,12,9,14,17,1,31,69,2,1,1,1,SERVANTY (AV LUCIEN),43.62526,1.39811
201400023456,18,9,14,13,1,31,555,2,1,1,6,"12, BD DE STRASBOURG",0.0,0.0
201400023457,19,9,14,13,1,31,555,2,1,1,1,"25, BD DE SUISSE",0.0,0.0
201400023458,20,9,14,20,5,31,555,2,1,1,2,"999, BD DE STRASBOURG",0.0,0.0
201400023459,21,9,14,18,1,31,555,2,1,1,2,"347, AV DES ETATS UNIS",0.0,0.0
201400023460,22,9,14,10,1,31,555,2,1,1,1,"999, AV ETIENNE BILLIERE",0.0,0.0
201400023461,22,9,14,11,1,31,555,2,1,1,3,"33, AV ETIENNE BILLIERES",0.0,0.0
201400023462,22,9,14,10,1,31,555,2,1,1,1,"81, BD DEODAT DE SEVERAC",0.0,0.0
201400023463,19,9,14,15,1,31,557,2,1,1,6,3 b AURIOL (BD VINCENT),43.58503,1.3452
201400023464,23,9,14,5,1,31,557,2,6,1,3,AV JAURES/CH ST EXUPERY,43.58851,1.35881
201400023465,23,9,14,19,1,31,555,1,1,2,3,"999, AVENUE DU 14EME REG",0.0,0.0
201400023466,23,9,14,20,5,31,555,2,1,1,1,"23, AV ANTOINE DE ST EXU",0.0,0.0
201400023467,24,9,14,12,1,31,555,2,1,1,3,"101, RTE DE REVEL",0.0,0.0
201400023468,25,9,14,8,1,31,555,1,1,1,2,VA007306 A64,0.0,0.0
201400023469,25,9,14,8,1,31,555,2,1,1,6,"73, BD SILVIO TRENTIN",0.0,0.0
201400023470,25,9,14,15,1,31,555,2,1,1,6,"23, RUE DES FRERES LION",0.0,0.0
201400023471,25,9,14,16,1,31,555,2,1,1,3,"45, RUE DE GIRONIS",0.0,0.0
201400023472,26,9,14,7,1,31,69,2,6,1,4,PARC (AV DU)R P BELLONTE,43.62706,1.38522
201400023473,26,9,14,7,1,31,149,2,1,1,3,RN124,0.0,0.0
201400023474,26,9,14,6,5,31,555,2,1,1,1,"999, RTE DE SEYSSES",0.0,0.0
201400023475,28,9,14,3,5,31,555,1,1,1,6,VA007333LA FAOURETTEA620,43.57522,1.40908
201400023476,26,9,14,8,1,31,555,2,1,1,6,"25, RUE DE SAINTONGE",0.0,0.0
201400023477,26,9,14,14,1,31,555,2,1,1,6,"37, BD DES RECOLLETS",0.0,0.0
201400023478,26,9,14,15,1,31,555,2,1,1,1,"999, CHE D ESCALLES",0.0,0.0
201400023479,26,9,14,17,1,31,555,2,1,1,6,"4, CHE MICHOUN",0.0,0.0
201400023480,26,9,14,19,1,31,555,1,1,1,2,VA007333LA FAOURETTEA620,43.6072,1.40866
201400023481,26,9,14,22,1,31,555,2,1,1,1,", BD DES MINIMES",0.0,0.0
201400023482,28,9,14,5,1,31,555,2,1,1,4,"999, RUE DU POLE",0.0,0.0
201400023483,28,9,14,22,1,31,555,2,1,1,6,"999, AV DE L URSS",0.0,0.0
201400023484,29,9,14,8,1,31,555,2,2,1,3,RUE PAUL BERNIES,0.0,0.0
201400023485,29,9,14,17,1,31,555,2,1,1,6,AV M BOURGES MAUNOURY,0.0,0.0
201400023486,29,9,14,20,1,31,555,2,1,1,6,"999, AV PIERRE G LATECOE",0.0,0.0
201400023487,27,9,14,0,5,31,555,2,1,1,6,"999, BD PIERRE PAUL RIQU",0.0,0.0
201400023488,30,9,14,8,1,31,555,2,1,1,6,"62, AV JULES JULIEN",0.0,0.0
201400023489,30,9,14,7,1,31,555,2,1,1,1,"11, RUE FEDERICO GARCIA",0.0,0.0
201400023490,30,9,14,17,1,31,555,2,1,1,6,"5, PL ROBERT SCHUMAN",0.0,0.0
201400023491,1,10,14,7,5,31,555,2,1,1,3,"14, AV GEORGES POMPIDOU",0.0,0.0
201400023492,1,10,14,8,1,31,555,1,1,1,2,VA007331 A620,43.571,1.43381
201400023493,2,10,14,8,1,31,555,2,1,1,6,"999, ALL CHARLES DE FITT",0.0,0.0
201400023494,2,10,14,12,1,31,555,2,1,1,3,"31, RUE DES COSMONAUTES",0.0,0.0
201400023495,2,10,14,14,1,31,555,2,1,1,6,"150, AV DE LESPINET",0.0,0.0
201400023496,2,10,14,18,1,31,555,2,1,1,2,"999, RTE DE SAINT SIMON",0.0,0.0
201400023497,3,10,14,0,5,31,555,2,1,1,3,"341, AV DES ETATS UNIS",0.0,0.0
201400023498,3,10,14,18,1,31,555,2,1,1,2,"248, AV DE GRANDE BRETAG",0.0,0.0
201400023499,4,10,14,10,1,31,555,2,1,1,3,"999, AV JEAN RIEUX",0.0,0.0
201400023500,3,10,14,15,1,31,555,2,1,1,6,"129, RUE DE CUGNAUX",0.0,0.0
201400023501,4,10,14,19,1,31,555,2,1,1,6,"16, GRANDE RUE SAINT MIC",0.0,0.0
201400023502,5,10,14,22,5,31,555,2,1,1,3,"999, BD DU MARECHAL JUIN",0.0,0.0
201400023503,5,10,14,20,5,31,555,2,1,1,6,"999, QU DE LA DAURADE",0.0,0.0
201400023504,3,10,14,12,1,31,69,1,1,1,2,VA001490 A621,43.6232,1.38978
201400023505,5,10,14,16,1,31,69,2,1,1,6,"19, DE GAULLE (AV DU GEN",43.64091,1.37964
201400023506,2,10,14,22,5,31,555,2,1,1,3,"66, AV ETIENNE BILLIERES",0.0,0.0
201400023507,6,10,14,15,1,31,555,2,1,1,6,"312, AV DES ETATS UNIS",0.0,0.0
201400023508,6,10,14,17,1,31,555,1,1,1,2,VA007331 A620,0.0,0.0
201400023509,6,10,14,18,1,31,555,2,1,1,3,"999, AV SALVADOR DALI",0.0,0.0
201400023510,2,10,14,16,1,31,555,2,1,1,3,"999, BD LAZARE CARNOT",0.0,0.0
201400023511,7,10,14,23,5,31,555,2,1,1,3,"999, PL DE LA PATTE D OI",0.0,0.0
201400023512,8,10,14,2,5,31,555,2,1,1,7,"20, BD DE LA GARE",0.0,0.0
201400023513,8,10,14,8,4,31,555,2,1,1,3,"33, AV DES MAZADES",0.0,0.0
201400023514,8,10,14,13,1,31,555,2,1,1,3,"239, RTE DE NARBONNE",0.0,0.0
201400023515,8,10,14,14,1,31,555,1,1,1,7,VA008482 A624,43.61,1.38581
201400023516,8,10,14,8,1,31,149,2,6,1,3,BRUNAUD (AVENUE YVES),43.61399,1.35304
201400023517,10,10,14,17,1,31,555,1,1,1,2,VA007342 LA CEPIERE A620,43.5915,1.39875
201400023518,10,10,14,21,5,31,555,2,1,2,6,"999, Rd Pt Firmin Pons",0.0,0.0
201400023519,13,10,14,12,1,31,555,2,3,1,3,BD SUISSE/AVE ELCHE,43.6218,1.42492
201400023520,8,10,14,19,1,31,555,2,1,1,3,"999, PL DE LA PATTE D OI",0.0,0.0
201400023521,13,10,14,12,1,31,555,1,1,1,4,VA008482 A624,43.60904,1.37104
201400023522,13,10,14,17,1,31,149,2,1,1,2,MARCEL DASSAULT (BD),43.612,1.34403
201400023523,14,10,14,14,1,31,555,2,1,1,3,"999, ALL DE BARCELONE",0.0,0.0
201400023524,13,10,14,15,1,31,555,2,1,1,6,"40, AV JULES JULIEN",0.0,0.0
201400023525,14,10,14,17,4,31,555,2,1,1,3,"999, RUE CAMBARD",0.0,0.0
201400023526,15,10,14,7,2,31,555,2,1,1,3,"999, ALL DE BARCELONE",0.0,0.0
201400023527,15,10,14,7,2,31,555,2,1,1,3,"3, RUE ANDRE VILLET",0.0,0.0
201400023528,15,10,14,10,1,31,555,2,1,1,3,"25, RTE D ESPAGNE",0.0,0.0
201400023529,15,10,14,13,1,31,555,2,1,1,1,"8, RUE DU POIDS DE L HUI",0.0,0.0
201400023530,15,10,14,15,1,31,555,2,1,1,3,"118, RTE DE NARBONNE",0.0,0.0
201400023531,15,10,14,16,1,31,555,2,1,1,3,"999, PONT GEORGES POMPID",0.0,0.0