Num_Acc,jour,mois,an,hr,condition_eclairage,departement,commune,condition_agglomeration,intersection,condition_atmosphere,type_collision,adresse,lattitude,longitude
201400023532,16,10,14,7,1,31,555,2,1,1,2,"50, AV DE LOMBEZ",0.0,0.0
201400023533,16,10,14,19,1,31,555,1,3,1,3,"999, RTE D ALBI",0.0,0.0
201400023534,19,10,14,4,5,31,555,2,1,1,2,"39, BD LASCROSSES",0.0,0.0
201400023535,17,10,14,17,1,31,149,2,3,1,3,Grynfogel Bd/CH GRAMONT,43.6183,1.33888
201400023536,16,10,14,17,1,31,149,2,1,1,6,PYRENEES (ALLEE DES),43.61191,1.3266
201400023537,19,10,14,16,1,31,555,2,1,1,6,"999, AV JEAN MOULIN",0.0,0.0
201400023538,20,10,14,8,1,31,555,1,1,1,2,VA007622 RANGUEIL A620 S,43.5755,1.44501
201400023539,20,10,14,13,1,31,555,1,1,1,2,VA007553 A61,0.0,0.0
201400023540,21,10,14,17,1,31,555,2,1,1,2,"52, RUE ANDRE VASSEUR",0.0,0.0
201400023541,21,10,14,17,1,31,555,2,1,1,6,"14, RUE DES BOUQUETINS",0.0,0.0
201400023542,16,10,14,12,1,31,555,2,1,1,6,"65, AV DE L URSS",0.0,0.0
201400023543,22,10,14,23,5,31,555,2,1,1,1,"999, BD DE STRASBOURG",0.0,0.0
201400023544,23,10,14,18,5,31,555,1,1,1,5,VA007644 EMPALOT A620 So,43.56876,1.41568
201400023545,23,10,14,7,2,31,555,2,1,1,3,"12, BD SILVIO TRENTIN",0.0,0.0
201400023546,23,10,14,12,1,31,555,1,1,1,2,VA007598 LESPINET A620,43.5732,1.47246
201400023547,23,10,14,16,1,31,555,2,1,1,6,"999, RUE HENRI DESBALS",0.0,0.0
201400023548,23,10,14,16,1,31,555,1,1,1,2,VA007539 LA ROSERAIE A61,0.0,0.0
201400023549,23,10,14,18,1,31,555,2,1,1,6,"15, BD LASCROSSES",0.0,0.0
201400023550,25,10,14,5,5,31,555,2,1,1,6,"54, BD DE STRASBOURG",0.0,0.0
201400023551,26,10,14,4,5,31,555,2,1,1,6,"127, CHE DE LANUSSE",0.0,0.0
201400023552,25,10,14,14,1,31,555,2,1,1,2,"134, RTE D ESPAGNE",0.0,0.0
201400023553,25,10,14,18,5,31,555,2,1,1,6,"999, AV DE GRANDE BRETAG",0.0,0.0
201400023554,27,10,14,15,1,31,555,2,1,1,6,"999, RUE CAMBARD",0.0,0.0
201400023555,28,10,14,14,1,31,555,2,1,1,6,"62, RUE DE METZ",0.0,0.0
201400023556,29,10,14,1,5,31,555,2,1,1,3,"57, AV DE L URSS",0.0,0.0
201400023557,29,10,14,8,1,31,555,2,1,1,3,"6, RUE CLAUDE GONIN",0.0,0.0
201400023558,24,10,14,17,1,31,149,2,3,1,1,LOUDET (CH DU)/AV AMPERE,43.6093,1.30596
201400023559,27,10,14,8,1,31,149,2,1,1,5,GUYNEMER (8 AVE) GEORGES,43.61677,1.34354
201400023560,29,10,14,10,1,31,555,2,1,1,6,"1, PL AGAPITO NADAL",0.0,0.0
201400023561,29,10,14,15,1,31,555,2,1,1,6,"125, RUE HENRI DESBALS",0.0,0.0
201400023562,29,10,14,18,5,31,555,2,2,1,3,"999, PONT NEUF",0.0,0.0
201400023563,29,10,14,18,5,31,555,2,1,1,3,"999, RUE ANTONIO VIVALDI",0.0,0.0
201400023564,30,10,14,14,1,31,555,2,1,1,3,"34-36, BD DE STRASBOURG",0.0,0.0
201400023565,30,10,14,11,1,31,555,1,1,1,2,VA007456 SESQUIERES,43.6512,1.42287
201400023566,31,10,14,10,1,31,555,2,1,1,2,"24 bis, RTE DE NARBONNE",0.0,0.0
201400023567,1,11,14,1,5,31,555,2,1,1,7,"86 bis, RTE D ALBI",0.0,0.0
201400023568,1,11,14,6,5,31,555,2,1,1,6,"999, RUE CROIX BARAGNON",0.0,0.0
201400023569,1,11,14,13,1,31,555,2,1,1,6,"28, RUE DES FRERES LION",0.0,0.0
201400023570,1,11,14,13,1,31,555,2,1,1,4,RD916,43.57786,1.4939
201400023571,3,11,14,18,5,31,555,2,1,1,5,"999, BD DE STRASBOURG",0.0,0.0
201400023572,31,10,14,8,1,31,555,2,1,1,3,"288, AV DE FRONTON",0.0,0.0
201400023573,4,11,14,14,1,31,555,2,1,1,3,"56, AV DES ETATS UNIS",0.0,0.0
201400023574,5,11,14,12,1,31,149,2,1,1,6,VOIE LATERALE NORD,43.60707,1.33783
201400023575,8,11,14,19,2,31,555,1,1,1,5,VA007331 A620,43.57029,1.42985
201400023576,10,11,14,14,1,31,69,1,2,1,3,BARTAVELLES/BRASSENS,43.64864,1.37229
201400023577,10,11,14,15,1,31,555,2,1,1,1,"999, AV YVES BRUNAUD",0.0,0.0
201400023578,10,11,14,17,1,31,555,1,1,1,3,VA007553 A61,0.0,0.0
201400023579,10,11,14,21,5,31,555,2,1,1,4,"999, BD DEODAT DE SEVERA",0.0,0.0
201400023580,13,11,14,14,1,31,555,2,3,1,6,"26, BD DE STRASBOURG",0.0,0.0
201400023581,13,11,14,17,1,31,555,2,3,1,3,"999, RUE DE L HIRONDELLE",0.0,0.0
201400023582,14,11,14,18,5,31,555,2,1,3,3,ALL FORAIN FRANCOIS VERD,0.0,0.0
201400023583,14,11,14,19,5,31,149,2,6,3,3,AVE BRASSENS/ALL MAILHOL,43.59709,1.35002
201400023584,14,11,14,21,5,31,149,2,6,2,3,BD HUGO/ALLEE GUERANDE,43.61666,1.31215
201400023585,15,11,14,5,5,31,555,2,1,1,6,"163, AV DES MINIMES",0.0,0.0
201400023586,16,11,14,18,5,31,555,1,1,3,4,VA007331 A62,0.0,0.0
201400023587,17,11,14,9,1,31,555,1,1,1,3,"227, AV DE CASSELARDIT",0.0,0.0
201400023588,17,11,14,12,1,31,69,2,1,2,7,FIL D'ARIANE (RD902),43.6304,1.38192
201400023589,13,11,14,14,1,31,555,2,1,1,2,"275, AV DE GRANDE BRETAG",0.0,0.0
201400023590,18,11,14,8,1,31,555,2,1,2,2,"43, AV ETIENNE BILLIERES",0.0,0.0
201400023591,18,11,14,16,1,31,555,2,1,1,3,"46, AV JEAN ZAY",0.0,0.0
201400023592,15,11,14,13,1,31,555,1,1,1,6,VA007331 A620,43.60425,1.40401
201400023593,16,11,14,14,1,31,555,2,1,1,4,"363, AV DES ETATS UNIS",0.0,0.0
201400023594,16,11,14,18,3,31,555,1,1,3,4,VA007331 A62,0.0,0.0
201400023595,17,11,14,18,5,31,555,1,1,1,2,VA008482 A624,43.61099,1.38386
201400023596,19,11,14,12,1,31,555,2,1,1,3,"999, RD PT JJ LAFFONT",0.0,0.0
201400023597,19,11,14,14,1,31,555,1,1,1,3,"., VA007331 A620",0.0,0.0
201400023598,17,11,14,11,1,31,555,2,1,1,6,"999, AV ETIENNE BILLIERE",0.0,0.0
201400023599,20,11,14,8,1,31,555,2,1,1,2,"999, AV DE LA MARCAISSON",0.0,0.0
201400023600,20,11,14,18,5,31,555,2,1,1,3,"51, AV DE L URSS",0.0,0.0
201400023601,21,11,14,6,5,31,555,2,1,1,1,RUE MARIE LAURENCIN,0.0,0.0
201400023602,21,11,14,10,1,31,555,2,1,1,6,"999, RUE DE LA REPUBLIQU",0.0,0.0
201400023603,21,11,14,15,1,31,555,1,1,1,3,"265, RTE DE LAUNAGUET",0.0,0.0
201400023604,21,11,14,17,5,31,555,2,1,1,3,"28, RUE JEAN PERRIN",0.0,0.0
201400023605,21,11,14,18,1,31,555,2,1,1,1,"999, RTE DE SAINT SIMON",0.0,0.0
201400023606,20,11,14,8,1,31,557,2,1,1,1,DE GAULLE (AV DU GAL),43.5818,1.32469
201400023607,20,11,14,8,1,31,555,2,1,1,3,"999, RUE CARLOS GARDEL",0.0,0.0
201400023608,24,11,14,11,1,31,555,2,1,1,6,"999, CHE DE LA TERRASSE",0.0,0.0
201400023609,25,11,14,12,1,31,555,2,1,1,3,"361, AV DES ETATS UNIS",0.0,0.0
201400023610,24,11,14,18,5,31,149,2,1,1,6,"41, LAURAGAIS (ALLEE DU)",43.60874,1.33584
201400023611,25,11,14,13,1,31,555,2,1,1,1,"355, AV DES ETATS UNIS",0.0,0.0
201400023612,25,11,14,13,1,31,555,2,1,1,2,"999, AV PIERRE G LATECOE",0.0,0.0
201400023613,23,11,14,15,1,31,555,2,1,1,2,"30, AV DE FRONTON",0.0,0.0
201400023614,25,11,14,17,1,31,555,2,1,1,2,"26, BD LASCROSSES",0.0,0.0
201400023615,25,11,14,17,1,31,555,2,3,1,2,"6, AV PAUL SEJOURNE",0.0,0.0
201400023616,25,11,14,19,5,31,555,2,1,1,6,"61, RUE DE BAYARD",0.0,0.0
201400023617,26,11,14,18,5,31,555,2,1,3,6,"16, AV JEAN RIEUX",0.0,0.0
201400023618,27,11,14,7,2,31,555,1,1,1,4,VA008482 A624,43.6109,1.3766
201400023619,25,11,14,17,1,31,555,1,1,1,2,VA007379 BAYLAC A 624,0.0,0.0
201400023620,27,11,14,10,1,31,555,2,1,1,3,"70, CHE DE GABARDIE",0.0,0.0
201400023621,25,11,14,13,1,31,555,2,9,2,6,AV JAMES CLERCK MAXWELL,0.0,0.0
201400023622,26,11,14,16,1,31,557,2,1,1,6,"185, RAMELET MOUNDI (CH",43.58148,1.36731
201400023623,28,11,14,15,1,31,555,2,6,1,3,AV DES ETATS UNIS,0.0,0.0
201400023624,28,11,14,4,5,31,555,2,1,1,1,"84, RTE D AGDE",0.0,0.0
201400023625,28,11,14,8,1,31,555,1,1,1,3,VA007331 A620,43.5842,1.40297
201400023626,29,11,14,17,1,31,555,2,3,1,3,"., AV DE LA MARCAISSONNE",0.0,0.0
201400023627,30,11,14,4,5,31,555,2,1,1,6,"66, RUE DE LA COLOMBETTE",0.0,0.0
201400023628,30,11,14,5,5,31,555,2,1,1,7,"999, PL DE LA PATTE D OI",0.0,0.0
201400023629,30,11,14,11,1,31,555,1,1,1,7,VA007566 MONTAUDRAN A61,0.0,0.0
201400023630,1,12,14,15,1,31,555,2,1,1,3,"999, Rd Pt Firmin Pons",0.0,0.0
201400023631,2,12,14,19,1,31,555,2,3,1,3,"999, AV JEAN MOULIN",0.0,0.0
201400023632,3,12,14,8,1,31,555,2,1,1,4,"999, AV PAUL SEJOURNE",0.0,0.0
201400023633,5,12,14,18,5,31,555,2,1,1,5,"103, CHE DE LANUSSE",0.0,0.0
201400023634,5,12,14,20,1,31,555,2,3,3,1,"128, AV DES MINIMES",0.0,0.0
201400023635,7,12,14,16,1,31,555,2,1,1,6,"999, AV SALVADOR ALLENDE",0.0,0.0
201400023636,8,12,14,8,2,31,555,2,1,3,6,"999, PONT GUILHEMERY",0.0,0.0
201400023637,7,12,14,7,5,31,555,1,1,1,4,VA007313 LE CHAPITRE A64,0.0,0.0
201400023638,9,12,14,8,1,31,555,2,1,1,2,"33 BIS, BD ANDRE NETWILL",0.0,0.0
201400023639,9,12,14,16,1,31,555,2,1,1,6,"999, RTE D ALBI",0.0,0.0
201400023640,9,12,14,20,5,31,149,2,1,1,3,Rond P. fontaine lumineu,43.60926,1.35271
201400023641,8,12,14,19,5,31,555,2,1,1,3,"999, RTE DE SEYSSES",0.0,0.0
201400023642,10,12,14,8,1,31,555,2,1,1,3,"999, BD DE SUISSE",0.0,0.0
201400023643,10,12,14,20,5,31,555,2,2,1,6,"40, ALL CHARLES DE FITTE",0.0,0.0
201400023644,11,12,14,15,1,31,555,2,1,1,6,"17, BD LASCROSSES",0.0,0.0
201400023645,11,12,14,16,1,31,69,2,6,2,3,RP MATISSE/CH GRENADE,43.63738,1.39073
201400023646,13,12,14,3,5,31,555,2,1,1,6,"28-30, AV LEON BLUM",0.0,0.0
201400023647,14,12,14,12,1,31,555,2,2,1,3,RTE DE LAUNAGUET,0.0,0.0
201400023648,15,12,14,9,1,31,555,2,1,2,2,"126, AV DE GRANDE BRETAG",0.0,0.0
201400023649,15,12,14,18,5,31,555,1,1,1,3,"., AV DES ETATS UNIS",0.0,0.0
201400023650,16,12,14,19,5,31,555,2,1,1,1,"80, AV DE LA COLONNE",0.0,0.0
201400023651,16,12,14,7,2,31,149,2,4,1,3,CH CHASSE/AVE ALLENDE,43.60435,1.31347
201400023652,16,12,14,12,1,31,555,2,1,1,2,"32, RUE DU FAUBOURG BONN",0.0,0.0
201400023653,16,12,14,17,1,31,555,2,1,1,6,RUE LOUIS PLANA,0.0,0.0
201400023654,16,12,14,18,5,31,555,2,1,1,3,"306, RTE DE SEYSSES",0.0,0.0
201400023655,15,12,14,18,5,31,555,1,1,1,2,VA007331 A620,43.5871,1.40112
201400023656,17,12,14,7,2,31,555,2,1,1,1,"0, RTE DE REVEL",0.0,0.0
201400023657,17,12,14,9,1,31,555,2,1,2,2,"14, RUE DU GEN JEAN COMP",0.0,0.0
201400023658,17,12,14,17,5,31,555,2,1,2,6,"19, AV DES MINIMES",0.0,0.0
201400023659,18,12,14,7,5,31,555,2,1,1,6,"999, AV PAUL SEJOURNE",0.0,0.0
201400023660,19,12,14,6,1,31,555,2,2,1,3,"999, BD PIERRE ET MARIE",0.0,0.0
201400023661,20,12,14,16,1,31,555,2,1,1,6,"22, ALL FREDERIC MISTRAL",0.0,0.0
201400023662,20,12,14,20,5,31,555,2,1,1,1,"999, BD LAZARE CARNOT",0.0,0.0
201400023663,21,12,14,3,5,31,555,1,1,1,2,VA007553 A61,0.0,0.0
201400023664,25,12,14,21,1,31,69,2,1,1,1,"246, GRENADE (ROUTE DE)",43.64944,1.38222
201400023665,29,12,14,19,5,31,555,1,1,2,2,VA007331 A620,43.5707,1.4319
201400023666,26,12,14,10,1,31,555,2,1,1,6,"346, AV DE FRONTON",0.0,0.0
201400023667,26,12,14,22,5,31,555,2,1,2,3,"72, AV DES ETATS UNIS",0.0,0.0
201400023668,28,12,14,6,5,31,555,2,1,2,6,"2, AV GEORGES POMPIDOU",0.0,0.0
201400023669,29,12,14,2,5,31,555,2,1,1,2,"402, RTE DE SAINT SIMON",0.0,0.0
201400023670,22,12,14,9,1,31,557,2,1,1,3,"13, MUSSET (RUE ALFRED D",43.58882,1.35447
201400023671,31,12,14,10,1,31,555,2,1,1,1,"195, CHE DE FENOUILLET",0.0,0.0
201400023672,31,12,14,12,1,31,555,2,1,1,3,"136, BD PIERRE ET MARIE",0.0,0.0
201400023673,11,6,14,11,1,10,329,1,1,1,6,,48.25543,4.13003
201400023674,9,7,14,11,1,10,340,2,2,8,3,Route Nationale 77,48.23961,4.02124
201400023675,3,8,14,1,3,10,282,1,2,1,5,,48.38899,3.9688
201400023676,9,8,14,17,1,10,282,2,1,1,3,35 hugues de payns,48.38176,3.97831
201400023677,15,4,14,13,1,68,19,1,1,1,1,,48.0902,7.56106
201400023678,30,8,14,19,1,68,7,1,3,8,3,,48.05138,7.45292
201400023679,31,10,14,13,1,68,227,2,1,1,6,17 RUE PRINCIPALE,48.10224,7.47213
201400023680,29,3,14,17,2,68,317,1,1,1,6,,48.06374,7.03013
201400023681,11,8,14,17,1,68,310,1,6,1,3,,48.13262,7.31862
201400023682,20,1,14,0,3,71,195,1,1,2,6,,0.0,0.0
201400023683,18,6,14,6,1,71,305,1,1,1,2,,0.0,0.0
201400023684,10,7,14,5,1,71,497,1,9,2,6,,46.36939,4.83653
201400023685,2,8,14,23,3,71,576,1,1,1,2,,0.0,0.0
201400023686,30,8,14,0,5,71,383,1,1,1,2,,0.0,0.0
201400023687,8,9,14,2,3,71,270,1,1,1,6,,0.0,0.0
201400023688,5,10,14,11,1,71,270,1,1,2,6,,0.0,0.0
201400023689,17,11,14,19,3,71,90,1,1,2,6,,0.0,0.0
201400023690,25,11,14,16,1,71,90,1,1,1,1,,0.0,0.0
201400023691,10,5,14,9,1,83,132,1,1,1,2,,0.0,0.0
201400023692,5,1,14,16,1,83,57,1,1,1,6,,0.0,0.0
201400023693,12,1,14,20,3,83,54,1,1,1,2,,0.0,0.0
201400023694,7,2,14,9,1,83,62,1,1,3,4,,0.0,0.0
201400023695,11,2,14,22,3,83,62,1,1,1,6,,0.0,0.0
201400023696,12,4,14,18,1,83,57,1,1,1,2,,0.0,0.0
201400023697,4,5,14,17,1,83,148,1,1,1,3,,0.0,0.0
201400023698,12,5,14,9,1,83,26,1,1,1,6,,0.0,0.0
201400023699,28,5,14,18,1,83,54,1,1,1,3,,0.0,0.0
201400023700,6,6,14,8,1,83,67,1,1,1,1,,0.0,0.0
201400023701,8,6,14,18,1,83,31,1,1,1,6,,0.0,0.0
201400023702,26,6,14,9,1,83,99,1,1,1,6,,0.0,0.0
201400023703,8,7,14,12,1,83,148,1,1,1,3,,0.0,0.0
201400023704,19,7,14,19,1,83,73,1,1,1,2,,0.0,0.0
201400023705,21,7,14,17,1,83,26,1,1,1,3,,0.0,0.0
201400023706,14,8,14,7,1,83,31,1,1,1,6,,0.0,0.0
201400023707,10,10,14,7,2,83,54,1,1,1,4,,0.0,0.0
201400023708,10,10,14,12,1,83,99,1,1,1,2,,0.0,0.0
201400023709,25,10,14,14,1,83,57,1,1,1,5,,0.0,0.0
201400023710,27,10,14,18,2,83,54,1,1,1,5,,0.0,0.0
201400023711,4,11,14,18,3,83,99,1,1,3,6,,0.0,0.0
201400023712,13,11,14,6,2,83,62,1,9,1,6,,0.0,0.0
201400023713,24,11,14,7,2,83,130,1,1,1,2,,0.0,0.0
201400023714,17,12,14,18,3,83,54,1,1,1,2,,0.0,0.0
201400023715,18,12,14,10,1,83,54,1,1,1,2,,0.0,0.0
201400023716,30,12,14,21,3,83,148,1,1,1,2,,0.0,0.0
201400023717,15,3,14,7,1,28,141,1,1,1,6,,48.32211,1.3603
201400023718,23,3,14,18,1,28,403,1,1,4,3,,48.38506,1.49062
201400023719,20,5,14,16,1,28,110,1,1,3,7,,48.42164,1.51145
201400023720,8,6,14,10,1,28,123,1,1,1,6,,48.24022,1.08583
201400023721,16,6,14,14,1,28,73,1,1,1,3,,48.47784,1.62853
201400023722,23,6,14,17,1,28,141,1,1,1,6,,48.34946,1.42034
201400023723,29,6,14,8,1,28,73,1,1,8,6,,48.4787,1.63204
201400023724,18,7,14,22,3,28,327,1,1,8,2,,48.19247,0.84362
201400023725,21,9,14,3,3,28,139,1,1,8,6,,48.317,1.3312
201400023726,23,12,14,6,3,28,361,1,1,8,7,,48.51016,1.74931
201400023727,23,6,14,19,1,45,50,1,1,1,2,,48.09783,2.3621
201400023728,28,6,14,9,1,45,310,2,1,2,1,RTE DE PITHIVIERS,48.29168,2.20332
201400023729,26,9,14,7,1,45,328,1,1,1,2,,48.07232,2.64049
201400023730,2,1,14,18,5,44,14,1,1,8,2,,0.0,0.0
201400023731,1,2,14,12,1,44,216,1,1,4,3,,0.0,0.0
201400023732,20,6,14,6,1,44,206,1,2,1,5,la grollière,0.0,0.0
201400023733,15,10,14,7,3,44,41,1,1,2,2,,0.0,0.0
201400023734,4,11,14,9,1,44,9,1,1,1,2,,0.0,0.0
201400023735,7,11,14,16,1,44,24,1,1,1,1,moulin cassé,0.0,0.0
201400023736,18,11,14,7,2,44,14,1,1,1,1,les gros cailloux,0.0,0.0
201400023737,3,12,14,14,1,44,41,1,1,8,6,,0.0,0.0
201400023738,24,3,14,8,1,13,78,2,1,1,3,avenue louis arragon,0.0,0.0
201400023739,23,2,14,4,5,77,141,1,9,1,4,,0.0,0.0
201400023740,4,5,14,15,1,77,401,1,1,1,6,,0.0,0.0
201400023741,13,11,14,17,2,77,505,1,1,1,1,,48.919,2.989
201400023742,4,10,14,4,3,81,198,1,1,2,7,,0.0,0.0
201400023743,4,10,14,22,3,81,97,1,1,1,6,,43.8732,2.21385
201400023744,14,5,14,6,3,81,238,1,1,1,6,LIEU DIT RIEUVERGNET,43.475,2.50431
201400023745,11,7,14,10,1,81,115,2,1,2,1,37 BOULEVARD CARNOT,43.4761,2.63811
201400023746,2,8,14,15,1,81,36,1,1,8,2,,43.4969,2.40207
201400023747,21,8,14,14,1,81,321,2,1,1,3,le mariech,0.0,0.0
201400023748,9,9,14,10,1,81,239,1,1,1,6,,43.489,2.4605
201400023749,16,2,14,21,5,32,13,2,3,1,1,"28, LORRAINE",43.6497,0.58693
201400023750,21,2,14,18,2,32,13,1,1,8,7,AGEN (ROUTE D'),43.673,0.60229
201400023751,9,3,14,0,3,32,117,1,1,1,1,ROCADE (RN 124 OUEST),43.6653,0.5527
201400023752,25,3,14,16,1,32,13,2,1,2,7,"11, RUE CHARRAS",43.6461,0.58755
201400023753,15,4,14,9,1,32,13,2,3,1,1,PARKING DU MOUZON,43.6361,0.58616
201400023754,15,4,14,11,1,32,13,2,2,1,3,CORPS FRANC POMMIES (AVE,43.6311,0.58131
201400023755,30,4,14,5,3,32,13,1,1,9,6,,43.6602,0.63953
201400023756,5,5,14,17,1,32,13,2,4,1,3,"62, AV. 1ER  ARMEE FRANC",43.6497,0.59806
201400023757,13,5,14,11,1,32,13,2,4,2,3,"119, PREMIERE ARMEE FRAN",43.651,0.60244
201400023758,3,6,14,16,1,32,13,2,1,1,7,"41, JEANNE D'ALBRET",43.6323,0.59276
201400023759,17,6,14,11,1,32,13,2,1,1,6,METZ,43.6436,0.58327
201400023760,19,6,14,19,1,32,13,2,1,1,3,AGEN (ROUTE D'),43.6564,0.59697
201400023761,20,6,14,2,3,32,13,1,1,1,6,ROQUELAURE (CHEMIN DE),43.6878,0.59585
201400023762,2,7,14,1,3,32,13,1,1,2,6,CHEMIN DE L'AR?ON,43.6771,0.61864
201400023763,16,7,14,7,1,32,13,2,1,1,2,PREMIERE ARMEE FRANCAISE,43.6496,0.59757
201400023764,25,7,14,17,1,32,13,1,1,8,1,TOULOUSE (ROUTE DE),43.6517,0.62002
201400023765,29,7,14,11,1,32,13,2,1,1,2,PREMIERE ARMEE FRANCAISE,43.6501,0.59936
201400023766,6,8,14,17,1,32,13,2,3,1,5,AVENUE DES PYR?N?ES,43.6367,0.58375
201400023767,7,8,14,9,1,32,13,2,1,1,7,RETHOURIE (IMPASSE DE),43.644,0.60379
201400023768,14,8,14,8,1,32,13,2,1,1,6,"8, ONZE NOVEMBRE",43.6423,0.59083
201400023769,23,8,14,12,1,32,13,1,1,1,6,SAINT-CRICQ (CHEMIN DE),43.668,0.6325
201400023770,24,8,14,7,1,32,13,1,1,1,7,BARRAN (ROUTE DE),43.6476,0.52811
201400023771,12,9,14,12,1,32,13,2,3,1,1,HERMITAGE (CHEMIN DE L'),43.6366,0.59816
201400023772,12,9,14,14,1,32,13,2,2,1,2,ROUGET DE LISLE,43.6466,0.59183
201400023773,18,9,14,11,1,32,13,2,1,1,7,"17, MARCEAU (RUE)",43.65,0.58881
201400023774,23,9,14,22,5,32,13,2,1,1,7,"1, SADI-CARNOT (BOULEVAR",43.6399,0.58498
201400023775,28,9,14,12,1,32,13,2,1,1,7,"0, SADI-CARNOT (BOULEVAR",43.6475,0.58869
201400023776,3,10,14,16,1,32,13,1,1,1,3,AGEN (ROUTE D'),43.6668,0.60216
201400023777,17,10,14,3,5,32,13,2,1,1,6,"1, RUE DU POUY",43.6485,0.58711
201400023778,27,10,14,17,1,32,13,1,1,1,7,R N 21,43.6869,0.604
201400023779,30,10,14,10,1,32,13,2,1,1,7,VOLTAIRE,43.6466,0.59192
201400023780,8,11,14,11,1,32,13,2,1,1,7,"1, VOLTAIRE",43.6466,0.59191
201400023781,12,11,14,16,2,32,13,2,1,1,7,"3, PAUL DESCOMPS (PLACE)",43.6338,0.59483
201400023782,14,11,14,8,2,32,13,2,1,2,7,SADI CARNOT (BOULEVARD),43.649,0.58943
201400023783,27,11,14,11,1,32,13,2,1,1,7,ROUGET DE LISLE,43.6479,0.59256
201400023784,29,11,14,2,3,32,13,2,1,1,7,ENGACHIES (ROUTE D'),43.6551,0.61566
201400023785,6,12,14,19,3,32,13,2,1,2,6,PESSAN (ROUTE DE),43.6408,0.59606
201400023786,10,12,14,14,1,32,13,2,1,1,6,CORPS FRANC POMMIES (AVE,43.6351,0.58316
201400023787,16,12,14,18,5,32,13,1,1,2,3,JEAN JAURES (AVENUE),43.6645,0.59539
201400023788,17,12,14,23,5,32,13,2,1,2,1,VILLARET DE JOYEUSE (PLA,43.6493,0.58813
201400023789,8,4,14,7,1,57,629,1,1,1,5,,0.0,0.0
201400023790,7,4,14,16,1,57,635,1,1,1,7,,0.0,0.0
201400023791,18,5,14,17,1,57,246,1,1,1,1,,48.75299,6.73091
201400023792,7,8,14,6,1,57,98,1,1,1,6,,0.0,0.0
201400023793,5,12,14,16,3,57,65,1,1,1,6,,0.0,0.0
201400023794,4,2,14,8,1,21,57,1,1,2,5,,0.0,0.0
201400023795,6,6,14,14,1,21,599,1,1,1,3,,0.0,0.0
201400023796,27,11,14,18,3,21,171,1,1,1,2,,47.28113,5.12445
201400023797,20,12,14,17,3,21,330,1,1,1,6,,0.0,0.0
201400023798,12,2,14,7,2,76,10,1,1,9,6,,49.64538,0.96649
201400023799,17,11,14,15,1,76,227,1,1,2,7,,49.66199,0.9179
201400023800,5,3,14,8,1,31,445,1,1,8,3,route de castres,43.5859,1.52378
201400023801,18,4,14,18,1,31,285,1,1,1,1,,43.64396,1.60806
201400023802,31,5,14,19,1,31,163,1,1,1,6,,0.0,0.0
201400023803,20,2,14,19,5,31,446,2,1,1,4,83 avenue tolosane,43.54189,1.47833
201400023804,10,4,14,8,1,31,506,2,1,1,7,CHEMIN DE CAYRAS,43.56889,1.51157
201400023805,27,6,14,13,1,31,446,2,6,1,6,salvador allende,43.54054,1.48304
201400023806,27,11,14,18,5,31,446,2,1,1,3,106 AVENUE TOLOSANE,43.53872,1.48057
201400023807,8,8,14,23,3,84,116,1,1,1,6,,0.0,0.0
201400023808,20,11,14,18,3,31,282,1,1,1,6,,0.0,0.0
201400023809,1,2,14,6,5,41,167,1,6,3,7,,47.492,1.191
201400023810,22,2,14,18,2,41,93,1,1,8,6,,47.642,1.104
201400023811,3,4,14,16,1,41,101,2,1,1,3,RD26 rue de beauce,47.607,1.143
201400023812,28,4,14,10,1,41,55,1,1,2,1,la sablière,47.502,1.227
201400023813,22,5,14,16,1,41,55,1,1,1,1,la morandière,47.532,1.236
201400023814,27,5,14,16,1,41,142,2,1,1,3,CHEMIN DES TIRONS,47.57,1.219
201400023815,30,5,14,9,3,41,272,1,1,1,7,,47.47,1.121
201400023816,15,6,14,5,2,41,167,1,9,1,7,,47.488,1.192
201400023817,30,7,14,23,5,41,230,2,1,1,6,ROUTE D4HERBAULT - CD 32,47.607,1.272
201400023818,28,8,14,18,1,41,276,1,1,1,1,,47.624,1.326
201400023819,16,9,14,10,1,41,55,1,1,1,1,,47.531,1.267
201400023820,21,9,14,10,1,41,55,1,1,1,1,,47.535,1.274
201400023821,12,11,14,12,1,41,230,2,1,1,1,,47.607,1.267
201400023822,26,12,14,0,3,41,167,1,1,5,7,,47.484,1.177
201400023823,14,1,14,7,5,33,529,2,1,3,2,"33, CAZAUX (BD DE) DU 01",0.0,0.0
201400023824,24,1,14,14,1,33,9,2,2,9,3,"., FARGES (AVE JEAN) DU",0.0,0.0
201400023825,6,2,14,16,1,33,9,2,1,1,6,"37, GAMBETTA (AVE) DU 37",0.0,0.0