Num_Acc,jour,mois,an,hr,condition_eclairage,departement,commune,condition_agglomeration,intersection,condition_atmosphere,type_collision,adresse,lattitude,longitude
201400023826,13,2,14,14,1,33,529,1,1,1,2,"24, CAZAUX (BD DE) DU 02",0.0,0.0
201400023827,17,2,14,21,5,33,529,2,1,1,1,"60, LAGRUA (CH.)",0.0,0.0
201400023828,19,2,14,13,1,33,529,2,1,1,3,"., GRAILLY (RUE JEAN DE)",0.0,0.0
201400023829,6,3,14,16,1,33,9,2,2,1,3,"33, DELATTRE DE TASSIGNY",0.0,0.0
201400023830,8,3,14,19,1,33,529,2,1,1,6,"., RD 1250 (CAMICAS-OUST",0.0,0.0
201400023831,12,3,14,15,1,33,529,1,1,1,1,RD1250 (BONNEVAL - LA HU,0.0,0.0
201400023832,13,3,14,9,1,33,529,2,1,1,3,"141, INDUSTRIE (BD DE L'",0.0,0.0
201400023833,17,3,14,15,1,33,529,1,1,1,1,"., RD 259",0.0,0.0
201400023834,30,4,14,19,1,33,529,1,1,8,6,"., RD 259",0.0,0.0
201400023835,3,5,14,18,1,33,529,1,2,1,3,"., LISIERE DU GOLF (ALL.",0.0,0.0
201400023836,4,5,14,17,1,33,529,2,1,7,3,"3, DE GAULLE (AVE GAL) D",0.0,0.0
201400023837,9,5,14,14,1,33,529,1,1,1,4,"., RD1250 (BONNEVAL - LA",0.0,0.0
201400023838,17,5,14,2,5,33,529,1,1,1,6,"63, OCEAN (BD DE L')",0.0,0.0
201400023839,1,6,14,17,1,33,529,1,1,1,1,BISCAROSSE (AVE) DUNE VE,0.0,0.0
201400023840,13,6,14,8,1,33,529,1,1,1,6,"., RD 1250 (BONNEVAL -LA",0.0,0.0
201400023841,8,6,14,20,1,33,529,2,6,1,3,"., HUGO (RUE VICTOR)",0.0,0.0
201400023842,22,6,14,8,1,33,529,1,1,1,6,RD 112,0.0,0.0
201400023843,8,7,14,18,1,33,529,1,1,1,6,"255, OCEAN (BD DE L')",0.0,0.0
201400023844,15,7,14,18,1,33,9,1,1,1,3,"164, COTE D'ARGENT (BD)",0.0,0.0
201400023845,16,7,14,19,1,33,529,2,1,1,2,"., LAC (RTE DU)",0.0,0.0
201400023846,15,7,14,14,1,33,529,1,1,1,6,"311, PARC DES EXPOSITION",0.0,0.0
201400023847,4,8,14,19,1,33,529,2,1,1,3,"4, CUREPIPE (BD DE) DU 0",0.0,0.0
201400023848,13,8,14,14,1,33,529,2,1,1,3,"55, SAINT-EXUPERY (AVE)",0.0,0.0
201400023849,21,8,14,15,1,33,9,2,1,1,6,"., BERDOULAT (AVE GAL)",0.0,0.0
201400023850,25,8,14,15,1,33,529,1,1,1,6,BISCAROSSE (AVE) DUNE VE,0.0,0.0
201400023851,8,9,14,10,1,33,529,1,1,1,6,"., BONDON (RPT)",0.0,0.0
201400023852,28,8,14,18,1,33,529,1,1,1,6,"51 bis, LECLERC (AVE DU",0.0,0.0
201400023853,14,9,14,6,3,33,529,1,1,1,3,BISCAROSSE (AVE) DUNE VE,0.0,0.0
201400023854,12,9,14,16,1,33,529,1,1,1,5,RD 1250 (OUSTALET - BONN,0.0,0.0
201400023855,25,9,14,17,1,33,9,2,2,1,3,"., GAMBETTA (AVE) DU 01",0.0,0.0
201400023856,3,10,14,16,1,33,529,1,1,1,6,"., DE GAULLE (AVE CHARLE",0.0,0.0
201400023857,12,10,14,19,5,33,529,2,2,1,3,"., PLOS (RUE GUSTAVE FER",0.0,0.0
201400023858,13,10,14,12,1,33,9,2,2,1,3,"., LAMARQUE PLAISANCE (C",0.0,0.0
201400023859,16,10,14,19,5,33,529,2,1,1,6,"83, DE GAULLE (AVE CHARL",0.0,0.0
201400023860,25,10,14,12,1,33,9,2,2,1,3,RAPP (AVE),0.0,0.0
201400023861,22,10,14,19,5,33,9,2,1,1,6,"., REGUE VERTE (AVE)* BA",0.0,0.0
201400023862,10,11,14,19,5,33,529,2,9,1,3,"., LECLERC (AVE DU GAL)",0.0,0.0
201400023863,28,11,14,14,1,33,529,2,3,1,3,"., LECLERC (AVE DU GAL)",0.0,0.0
201400023864,27,11,14,9,1,33,9,1,1,1,3,"., ALBERT 1ER (RUE)",0.0,0.0
201400023865,13,12,14,21,5,33,529,2,6,1,1,"., CAZAUX (BD DE)",0.0,0.0
201400023866,12,12,14,20,5,33,529,2,9,1,6,"., CARNOT (RUE DU PRESID",0.0,0.0
201400023867,28,12,14,14,1,33,9,2,6,1,3,"., GRANDS CHENES (CITE)",0.0,0.0
201400023868,17,7,14,19,1,74,191,2,1,1,3,parking de la poste,0.0,0.0
201400023869,8,8,14,18,1,74,188,1,1,1,1,LES LINDARETS,0.0,0.0
201400023870,20,8,14,18,1,74,191,2,1,1,3,,0.0,0.0
201400023871,22,8,14,12,1,74,188,2,1,1,1,LE LAVANCHY,46.209,6.706
201400023872,26,8,14,16,1,74,34,1,1,1,3,,0.0,0.0
201400023873,30,8,14,13,1,74,238,1,1,1,3,ROUTE DES MARTINETS,46.231,6.658
201400023874,31,8,14,10,1,74,114,1,1,1,7,LIEUDIT CREUX DE LA MIAZ,46.218,6.668
201400023875,25,9,14,7,1,74,238,1,1,1,6,,46.219,6.67
201400023876,31,12,14,14,1,74,34,1,1,1,6,,46.259,6.63
201400023877,2,1,14,7,2,33,63,2,3,2,3,QUAI DE LA SOUYS,0.0,0.0
201400023878,2,1,14,16,1,33,63,2,3,1,3,RUE DE PESSAC,0.0,0.0
201400023879,31,12,14,20,5,33,63,2,1,1,3,"27, RUE DOC CHARLES NANC",0.0,0.0
201400023880,2,1,14,19,5,33,63,2,1,1,3,"139, RUE FONDAUDEGE",0.0,0.0
201400023881,6,1,14,15,1,33,63,2,2,1,2,"88, RUE BERNARD ADOUR CA",0.0,0.0
201400023882,7,1,14,20,5,33,63,2,1,1,6,"5, PCE LOUIS BARTHOU",0.0,0.0
201400023883,2,1,14,17,2,33,162,2,1,1,6,"2, ALL DE L'EUROPE",0.0,0.0
201400023884,2,1,14,16,1,33,281,2,1,1,3,"24, AVE DE LA SOMME",0.0,0.0
201400023885,6,1,14,17,1,33,63,2,2,1,3,CRS SAINT LOUIS,0.0,0.0
201400023886,6,1,14,14,1,33,281,2,6,1,6,AVE DE L'YSER,0.0,0.0
201400023887,3,1,14,19,5,33,167,2,1,1,2,QUAI DE LA SOUYS,0.0,0.0
201400023888,9,1,14,11,1,33,63,2,3,1,6,"95, RUE BELLEVILLE",0.0,0.0
201400023889,12,1,14,2,5,33,63,2,3,1,6,"61, QUAI DES CHARTRONS",0.0,0.0
201400023890,8,1,14,8,1,33,281,2,1,1,5,"23, AVE MARCEL DASSAULT",0.0,0.0
201400023891,12,1,14,14,1,33,63,2,2,1,3,RUE STEHELIN CAUD,0.0,0.0
201400023892,8,1,14,17,5,33,281,2,5,1,3,AVE PRESIDENT J.F. KENNE,0.0,0.0
201400023893,10,1,14,8,1,33,63,2,2,1,6,"75, CRS DE L'YSER",0.0,0.0
201400023894,3,1,14,14,1,33,39,2,3,1,3,RUE FERDINAND BUISSON,0.0,0.0
201400023895,11,1,14,17,1,33,63,2,3,1,6,PONT SAINT- JEAN,0.0,0.0
201400023896,7,1,14,16,1,33,167,2,1,1,3,"38, AVE HUBERT DUBEDOUT",0.0,0.0
201400023897,11,1,14,9,1,33,281,2,1,1,3,"7, AVE DE L'ALOUETTE",0.0,0.0
201400023898,11,1,14,2,5,33,281,2,1,1,7,"364, AVE D'ARES",0.0,0.0
201400023899,12,1,14,14,1,33,281,2,2,1,3,AVE DU MARECHAL GALLIENI,0.0,0.0
201400023900,13,1,14,7,5,33,63,2,4,2,5,QUAI SAINTE- CROIX,0.0,0.0
201400023901,10,1,14,16,1,33,281,2,6,1,2,AVE ROLAND GARROS,0.0,0.0
201400023902,9,1,14,10,1,33,281,2,2,1,3,AVE DE LA LIBERATION,0.0,0.0
201400023903,7,1,14,23,5,33,522,2,1,1,7,RUE BOURGES,0.0,0.0
201400023904,31,12,14,17,1,33,318,2,3,1,2,AVE DU GENERAL LECLERC,0.0,0.0
201400023905,31,12,14,19,1,33,39,2,1,1,1,"141, RUE ALEXIS LABRO",0.0,0.0
201400023906,13,1,14,14,1,33,318,2,3,1,5,AVE PASTEUR,0.0,0.0
201400023907,16,1,14,14,1,33,63,2,3,1,3,"70, CRS D'ALBRET",0.0,0.0
201400023908,14,1,14,16,1,33,318,2,3,1,6,"156, AVE JEAN JAURES",0.0,0.0
201400023909,18,1,14,0,5,33,63,2,3,1,3,"71, CRS ARISTIDE BRIAND",0.0,0.0
201400023910,19,1,14,11,1,33,63,2,2,1,6,RUE DE LA FUSTERIE,0.0,0.0
201400023911,13,1,14,7,5,33,63,2,1,2,5,PONT SAINT- JEAN,0.0,0.0
201400023912,19,1,14,11,1,33,63,2,1,1,7,PONT DU GUIT,0.0,0.0
201400023913,10,1,14,7,2,33,318,2,3,1,3,AVE DE MONBALLON,0.0,0.0
201400023914,17,1,14,11,1,33,63,2,3,1,3,RUE ESPRIT-DES-LOIS,0.0,0.0
201400023915,19,1,14,7,5,33,63,2,3,2,6,PCE DE LA VICTOIRE,0.0,0.0
201400023916,14,1,14,9,1,33,13,2,3,3,1,AVE DE L'EGLISE ROMANE,0.0,0.0
201400023917,15,1,14,20,4,33,13,2,3,1,3,AVE DES TABERNOTTES,0.0,0.0
201400023918,16,1,14,14,1,33,167,2,1,1,3,ALL DE LA GABARRE,0.0,0.0
201400023919,16,1,14,16,1,33,318,2,2,1,3,AVE DU DOCTEUR ROGER MAR,0.0,0.0
201400023920,14,1,14,7,5,33,39,2,2,2,3,AVE JEANNE D'ARC,0.0,0.0
201400023921,15,1,14,19,5,33,63,2,2,1,6,QUAI DES QUEYRIES,0.0,0.0
201400023922,21,1,14,14,1,33,63,2,2,1,3,RUE LAFAURIE DE MONBADON,0.0,0.0
201400023923,16,1,14,11,1,33,75,2,3,1,3,AVE DE LA RESERVE,0.0,0.0
201400023924,21,1,14,7,1,33,63,2,1,1,2,RUE DE LA PELOUSE DE DOU,0.0,0.0
201400023925,16,1,14,21,5,33,162,2,3,1,3,AVE DU MEDOC,0.0,0.0
201400023926,21,1,14,9,1,33,63,2,1,1,2,QUAI DE PALUDATE,0.0,0.0
201400023927,18,1,14,13,1,33,281,2,3,2,2,"132, AVE DE LA MARNE",0.0,0.0
201400023928,16,1,14,8,1,33,281,2,6,1,3,AVE FRANCOIS MITTERRAND,0.0,0.0
201400023929,17,1,14,8,1,33,249,2,2,1,6,AVE DE PARIS,0.0,0.0
201400023930,20,1,14,7,5,33,249,2,1,2,6,AVE CARNOT,0.0,0.0
201400023931,17,1,14,10,1,33,249,2,1,1,6,AVE DE LA LIBERATION,0.0,0.0
201400023932,17,1,14,5,5,33,39,2,1,1,2,RUE GUSTAVE EIFFEL,0.0,0.0
201400023933,17,1,14,13,1,33,69,2,1,1,3,"44, AVE VICTOR HUGO",0.0,0.0
201400023934,17,1,14,19,5,33,550,2,6,1,2,CHEM DE COUHINS,0.0,0.0
201400023935,20,1,14,15,1,33,200,2,6,2,3,RUE VICTOR HUGO,0.0,0.0
201400023936,17,1,14,18,5,33,550,2,3,1,6,"555, RTE DE TOULOUSE",0.0,0.0
201400023937,10,1,14,8,1,33,522,2,1,1,3,"351, CRS DE LA LIBERATIO",0.0,0.0
201400023938,23,1,14,17,1,33,522,2,1,2,5,"88, CRS MARECHAL GALLIEN",0.0,0.0
201400023939,18,1,14,14,1,33,75,2,1,1,3,"27, AVE PERIER",0.0,0.0
201400023940,24,1,14,19,5,33,63,2,4,2,3,IMP Brown de COLSTOUN,0.0,0.0
201400023941,25,1,14,16,1,33,63,2,1,1,3,"3, QUAI DE LA SOUYS",0.0,0.0
201400023942,26,1,14,2,5,33,63,2,4,2,1,RUE DOC CHARLES NANCEL P,0.0,0.0
201400023943,24,1,14,18,5,33,63,2,2,3,6,RUE CORPS FRANC POMMIES,0.0,0.0
201400023944,25,1,14,17,1,33,63,2,1,1,6,"24, CRS GEORGES CLEMENCE",0.0,0.0
201400023945,24,1,14,17,1,33,63,2,1,2,2,"150, AVE THIERS",0.0,0.0
201400023946,28,1,14,0,5,33,63,2,2,2,3,CARLES (RUE VITAL),0.0,0.0
201400023947,21,1,14,16,1,33,39,2,2,1,3,FAVARQUE (AVE),0.0,0.0
201400023948,20,1,14,14,1,33,522,2,3,1,3,RUE DE LA REPUBLIQUE,0.0,0.0
201400023949,19,12,14,22,5,33,63,2,1,1,6,"74, AVE THIERS",0.0,0.0
201400023950,27,1,14,13,1,33,63,2,1,2,7,AVE DE LABARDE,0.0,0.0
201400023951,27,1,14,17,2,33,63,2,1,2,6,"15/21, BD DU PRESIDENT W",0.0,0.0
201400023952,27,1,14,11,1,33,63,2,2,3,6,AVE MARCEL DASSAULT,0.0,0.0
201400023953,30,1,14,15,1,33,63,2,4,1,6,PCE MARTYRS DE LA RESIST,0.0,0.0
201400023954,30,1,14,13,1,33,63,2,3,1,3,RUE CROIX DE SEGUEY,0.0,0.0
201400023955,28,1,14,8,1,33,281,2,1,2,3,"221, AVE DE L'ARGONNE",0.0,0.0
201400023956,27,1,14,7,4,33,63,2,6,3,3,CRS DE L'ARGONNE,0.0,0.0
201400023957,1,2,14,11,1,33,69,2,1,1,6,BD GODARD,0.0,0.0
201400023958,31,1,14,11,1,33,63,2,7,1,6,AVE D'ARES CAUD,0.0,0.0
201400023959,1,2,14,17,2,33,63,2,2,2,3,CRS BALGUERIE STUTTENBER,0.0,0.0
201400023960,27,1,14,16,1,33,69,2,3,2,3,AVE DE LA LIBERATION-CH.,0.0,0.0
201400023961,28,1,14,5,5,33,281,2,9,2,2,AVE PRESIDENT J.F. KENNE,0.0,0.0
201400023962,31,1,14,17,1,33,63,2,2,1,3,RUE VILLEDIEU,0.0,0.0
201400023963,30,1,14,21,5,33,167,2,4,2,3,Route D?partementale 10,0.0,0.0
201400023964,3,2,14,10,1,33,63,2,3,1,6,"14, CRS DE LA SOMME",0.0,0.0
201400023965,30,1,14,7,5,33,281,2,4,1,6,AVE PIERRE MENDES FRANCE,0.0,0.0
201400023966,27,1,14,17,2,33,318,2,3,3,3,ACCES AFPA,0.0,0.0
201400023967,29,1,14,8,1,33,69,2,4,1,6,RUE AUSONE,0.0,0.0
201400023968,4,2,14,9,1,33,63,2,2,1,7,CRS SAINT LOUIS,0.0,0.0
201400023969,6,2,14,14,1,33,63,2,2,1,6,RUE ABBE DE L'EPEE,0.0,0.0
201400023970,6,2,14,9,1,33,63,2,3,2,3,"74BIS, RUE FRANCOIS DE S",0.0,0.0
201400023971,6,2,14,7,1,33,63,2,2,1,3,JARDIN PUBLIC (RUE DU),0.0,0.0
201400023972,6,2,14,15,1,33,63,2,1,1,2,"16, FURTADO (RUE )",0.0,0.0
201400023973,3,2,14,19,5,33,550,2,6,1,6,AVE JEAN MONNET,0.0,0.0
201400023974,1,2,14,22,5,33,522,2,3,8,6,AVE ROUL,0.0,0.0
201400023975,3,2,14,14,1,33,162,2,4,1,3,AVE DU MEDOC,0.0,0.0
201400023976,10,2,14,8,1,33,63,2,3,1,3,QUAI DE LA SOUYS,0.0,0.0
201400023977,9,2,14,1,5,33,63,2,2,2,6,CRS DE LA MARNE,0.0,0.0
201400023978,30,1,14,17,1,33,522,2,4,1,1,ALL PIERRE DE COUBERTIN,0.0,0.0
201400023979,8,2,14,6,5,33,63,2,2,2,3,RUE CHARLES DOMERCQ,0.0,0.0
201400023980,4,2,14,17,1,33,249,2,2,1,6,RUE MICHEL MONTAIGNE,0.0,0.0
201400023981,10,2,14,13,1,33,63,2,2,1,6,GAMBETTA (PCE ),0.0,0.0
201400023982,10,2,14,17,2,33,63,2,3,2,6,RUE PASTEUR CAUD,0.0,0.0
201400023983,5,2,14,14,1,33,249,2,1,3,3,VOIE D'ACCES CENTRE COMM,0.0,0.0
201400023984,7,2,14,8,1,33,119,2,3,1,6,AVE GEORGES CLEMENCEAU,0.0,0.0
201400023985,4,2,14,17,1,33,39,2,3,1,3,"62, RTE DE TOULOUSE",0.0,0.0
201400023986,5,2,14,8,2,33,550,2,1,3,2,CHEM DE GALGON,0.0,0.0
201400023987,6,2,14,20,5,33,119,2,3,1,1,AVE RENE CASSAGNE,0.0,0.0
201400023988,30,1,14,19,5,33,550,2,1,3,3,AVE MIRIEU DE LABARRE,0.0,0.0
201400023989,7,2,14,18,4,33,281,2,3,1,6,"8, AVE DU MARECHAL GALLI",0.0,0.0
201400023990,12,2,14,20,5,33,63,2,2,2,3,SOURDIS (RUE FRANCOIS DE,0.0,0.0
201400023991,10,2,14,7,2,33,162,2,1,3,4,AVE DU MEDOC,0.0,0.0
201400023992,13,2,14,9,1,33,63,2,2,2,3,CRS SAINT LOUIS,0.0,0.0
201400023993,12,2,14,4,3,33,550,2,1,1,7,AVE DE THOUARS,0.0,0.0
201400023994,16,2,14,12,1,33,69,2,3,1,6,"198, AVE D'EYSINES",0.0,0.0
201400023995,6,2,14,16,1,33,522,2,6,1,3,AVE ROUL,0.0,0.0
201400023996,15,2,14,18,5,33,63,2,2,1,3,CRS DU MEDOC,0.0,0.0
201400023997,7,2,14,14,1,33,39,2,2,2,5,RUE CALIXTE CAMELLE,0.0,0.0
201400023998,16,2,14,4,5,33,550,2,6,1,7,AVE DES PYRENEES,0.0,0.0
201400023999,11,2,14,17,1,33,69,2,1,2,6,"53, AVE LEON BLUM",0.0,0.0
201400024000,13,2,14,22,5,33,32,2,1,1,3,"35, RUE D'AMBARES",0.0,0.0
201400024001,12,2,14,14,1,33,550,2,2,1,1,RUE JEAN MERMOZ,0.0,0.0
201400024002,1,2,14,10,1,33,281,2,3,1,6,ALL PRESIDENT RENE COTY,0.0,0.0
201400024003,14,2,14,18,1,33,318,2,3,1,3,AVE DE LA TUILERANNE,0.0,0.0
201400024004,14,2,14,18,5,33,200,2,1,2,2,"149, AVE PASTEUR",0.0,0.0
201400024005,1,1,14,5,5,33,63,2,2,2,3,QUAI DE PALUDATE,0.0,0.0
201400024006,19,2,14,8,1,33,281,2,3,1,3,RUE THALES,0.0,0.0
201400024007,19,2,14,19,5,33,550,2,1,1,6,"593, RTE DE TOULOUSE",0.0,0.0
201400024008,21,2,14,10,1,33,63,2,2,1,3,BARRES (RUE GEORGES),0.0,0.0
201400024009,20,2,14,18,2,33,318,2,1,2,2,AVE DU DOCTEUR ALBERT SC,0.0,0.0
201400024010,21,2,14,12,1,33,63,2,3,1,6,BONNIER (RUE CLAUDE),0.0,0.0
201400024011,22,2,14,8,1,33,63,2,2,2,2,"87, ALBRET (CRS D)",0.0,0.0
201400024012,17,2,14,14,1,33,39,2,6,1,3,CRS VICTOR HUGO,0.0,0.0
201400024013,24,2,14,9,1,33,63,2,2,1,5,RUE DE BEGLES,0.0,0.0
201400024014,24,2,14,11,1,33,63,2,1,1,6,RUE DES ETRANGERS,0.0,0.0
201400024015,24,2,14,16,1,33,63,2,1,1,3,"22, RUE GEORGES BOUBES",0.0,0.0
201400024016,24,2,14,22,4,33,281,2,1,1,6,AVE ROLAND GARROS,0.0,0.0
201400024017,14,2,14,22,5,33,522,2,1,1,6,"173, CRS GAMBETTA",0.0,0.0
201400024018,25,2,14,16,1,33,32,2,1,2,1,QUAI DE VIAL,0.0,0.0
201400024019,17,2,14,8,1,33,522,2,1,1,3,"318, CRS MARECHAL GALLIE",0.0,0.0
201400024020,26,2,14,15,1,33,63,2,3,1,3,RUE DE PESSAC,0.0,0.0
201400024021,20,2,14,21,5,33,522,2,2,2,3,RUE DE SUZON,0.0,0.0
201400024022,26,2,14,19,5,33,281,2,4,2,3,AVE MARCEL DASSAULT,0.0,0.0
201400024023,26,2,14,16,1,33,318,2,3,1,3,RUE AMBROISE PARE,0.0,0.0
201400024024,26,2,14,20,5,33,522,2,6,1,3,RUE PIERRE NOAILLES,0.0,0.0
201400024025,27,2,14,20,5,33,281,2,2,2,3,AVE PRESIDENT J.F. KENNE,0.0,0.0
201400024026,28,2,14,6,5,33,39,2,1,3,6,"218, AVE DU MARECHAL LEC",0.0,0.0
201400024027,28,2,14,8,1,33,63,2,1,2,6,"74 Bis, AVE THIERS",0.0,0.0
201400024028,28,2,14,17,1,33,63,2,3,8,6,AVE DE LA REPUBLIQUE CAU,0.0,0.0
201400024029,28,2,14,18,5,33,63,2,1,2,5,QUAI RICHELIEU,0.0,0.0
201400024030,1,3,14,8,1,33,318,2,3,1,3,AVE DU BOURGAILH,0.0,0.0
201400024031,28,2,14,18,5,33,63,2,1,2,6,"18, CRS DE LA MARNE",0.0,0.0
201400024032,1,3,14,13,1,33,63,2,3,1,2,QUAI DE BRAZZA,0.0,0.0
201400024033,28,2,14,4,5,33,63,2,2,2,7,BD ANTOINE GAUTIER,0.0,0.0
201400024034,2,3,14,20,5,33,550,2,1,8,6,AVE FERNAND COIN,0.0,0.0
201400024035,3,3,14,12,1,33,281,2,6,3,2,"9, AVE RENE CASSIN",0.0,0.0
201400024036,3,3,14,15,1,33,63,2,2,3,3,RUE LAJARTE,0.0,0.0
201400024037,4,3,14,9,1,33,63,2,3,1,1,QUAI DE PALUDATE,0.0,0.0
201400024038,5,3,14,9,1,33,63,2,3,1,3,AVE MAL DE LATTRE TASSIG,0.0,0.0
201400024039,5,3,14,15,1,33,63,2,1,1,2,"353, BD ALFRED DANEY",0.0,0.0
201400024040,5,3,14,18,2,33,318,2,6,1,3,AVE MAL DE LATTRE DE TAS,0.0,0.0
201400024041,6,3,14,0,5,33,522,2,4,1,6,RUE DE LA VIEILLE TOUR,0.0,0.0
201400024042,6,3,14,6,2,33,63,2,2,1,3,RUE BABIN,0.0,0.0
201400024043,6,3,14,19,5,33,63,2,3,1,3,CRS DE LA SOMME,0.0,0.0
201400024044,5,3,14,15,1,33,318,2,1,1,2,"20, AVE PASTEUR",0.0,0.0
201400024045,7,3,14,11,1,33,281,2,1,1,6,AVE DES FRERES ROBINSON,0.0,0.0
201400024046,7,3,14,10,1,33,550,2,3,1,6,RUE THIERS,0.0,0.0
201400024047,7,3,14,16,1,33,63,2,1,1,6,DIJEAUX (RUE DE LA PORTE,0.0,0.0
201400024048,8,3,14,10,1,33,281,2,1,1,4,AVE FRANCOIS MITTERRAND,0.0,0.0
201400024049,8,3,14,15,1,33,63,2,3,1,3,"62, BRUNET (RUE JOSEPH)",0.0,0.0
201400024050,9,3,14,3,5,33,63,2,9,1,7,PONT SAINT- JEAN,0.0,0.0
201400024051,7,3,14,2,5,33,63,2,1,1,6,"1, QUAI SAINTE- CROIX",0.0,0.0
201400024052,10,3,14,16,1,33,63,2,3,1,6,RTE DE TOULOUSE,0.0,0.0
201400024053,10,3,14,18,1,33,281,2,1,1,3,AVE ROLAND GARROS,0.0,0.0
201400024054,11,3,14,17,1,33,162,2,2,1,3,AVE DU TAILLAN-MEDOC,0.0,0.0
201400024055,11,3,14,13,1,33,318,2,2,1,3,AVE PIERRE CORNEILLE,0.0,0.0
201400024056,12,3,14,10,1,33,318,2,1,1,3,"90, AVE DU BOURGAILH",0.0,0.0
201400024057,10,3,14,17,1,33,249,2,2,1,6,RUE ANDRE DUPIN,0.0,0.0
201400024058,7,3,14,14,1,33,162,2,1,1,3,"194, AVE DE SAINT-MEDARD",0.0,0.0
201400024059,13,3,14,15,1,33,63,2,2,1,6,RUE BERGERET,0.0,0.0
201400024060,8,3,14,11,1,33,167,2,2,1,3,RUE VAILLANT-COUTURIER,0.0,0.0
201400024061,13,3,14,17,1,33,63,2,1,1,6,"286, CRS DE LA SOMME",0.0,0.0
201400024062,13,3,14,15,1,33,281,2,3,1,3,AVE MARCEL DASSAULT,0.0,0.0
201400024063,11,3,14,11,1,33,63,2,2,1,3,RUE DE BELFORT,0.0,0.0
201400024064,14,3,14,13,1,33,318,2,6,1,2,AVE DE MAGONTY,0.0,0.0
201400024065,15,3,14,13,1,33,63,2,1,1,2,"311, WILSON (BD DU PRESI",0.0,0.0
201400024066,15,3,14,22,5,33,63,2,2,1,6,QUAI DE BACALAN,0.0,0.0
201400024067,16,3,14,20,5,33,63,2,1,1,5,PIERRE (PONT DE),0.0,0.0
201400024068,17,3,14,1,5,33,281,2,4,1,7,AVE PRESIDENT J.F. KENNE,0.0,0.0
201400024069,15,3,14,20,5,33,63,2,2,1,3,POIRSON (RUE AUGUSTE),0.0,0.0
201400024070,13,3,14,11,1,33,63,2,2,1,3,AVE DE CAUDERAN CAUD,0.0,0.0
201400024071,17,3,14,14,1,33,63,2,2,1,4,FONDAUDEGE (RUE ),0.0,0.0
201400024072,19,3,14,9,1,33,281,2,3,1,6,AVE DU MARECHAL LECLERC,0.0,0.0
201400024073,19,3,14,9,1,33,119,2,3,1,2,AVE RENE CASSAGNE,0.0,0.0
201400024074,19,3,14,15,1,33,63,2,1,1,6,AVE DE LAROQUE,0.0,0.0
201400024075,19,3,14,18,1,33,39,2,2,1,3,AVE DU PROFESSEUR BERGON,0.0,0.0
201400024076,19,3,14,17,1,33,63,2,2,1,3,RUE FRANCOIS DE SOURDIS,0.0,0.0
201400024077,20,3,14,14,1,33,63,2,1,1,3,"93, QUAI DES CHARTRONS",0.0,0.0
201400024078,20,3,14,22,5,33,550,2,3,1,6,RTE DE TOULOUSE,0.0,0.0
201400024079,19,3,14,15,1,33,119,2,3,1,7,AVE JEAN JAURES,0.0,0.0
201400024080,20,3,14,12,1,33,119,2,1,1,5,"62, AVE RENE CASSAGNE",0.0,0.0
201400024081,23,3,14,0,5,33,249,2,6,2,3,"126, QUAI CARRIET",0.0,0.0
201400024082,23,3,14,12,1,33,281,2,1,1,3,"117BIS, AVE DE MAGUDAS",0.0,0.0
201400024083,23,3,14,20,5,33,63,2,2,1,2,QUAI SAINTE- CROIX,0.0,0.0
201400024084,24,3,14,14,1,33,522,2,4,2,1,"50-52, RUE H. DE MONTHER",0.0,0.0
201400024085,24,3,14,16,1,33,63,2,2,2,3,BD JEAN-JACQUES BOSC,0.0,0.0
201400024086,25,3,14,6,5,33,281,2,6,2,2,AVE FRANCOIS MITTERRAND,0.0,0.0
201400024087,24,3,14,10,1,33,167,2,3,1,3,"43, AVE GASTON CABANNES",0.0,0.0
201400024088,25,3,14,9,1,33,281,2,4,2,6,RUE ARMAND GAYRAL,0.0,0.0
201400024089,24,3,14,19,5,33,318,2,2,2,3,AVE MONTESQUIEU,0.0,0.0
201400024090,25,3,14,12,1,33,63,2,5,2,3,CRS DE LA LIBERATION,0.0,0.0
201400024091,24,3,14,17,1,33,63,2,3,2,3,AVE DE LA REPUBLIQUE CAU,0.0,0.0
201400024092,25,3,14,12,1,33,281,2,4,2,3,"76, AVE DE LA MARNE",0.0,0.0
201400024093,25,3,14,20,5,33,162,2,1,1,6,"9, AVE DU MAL DE LATTRE",0.0,0.0
201400024094,25,3,14,19,5,33,63,2,2,2,5,CRS GEORGES CLEMENCEAU,0.0,0.0
201400024095,26,3,14,9,1,33,63,2,3,1,6,"56, RUE AMEDEE SAINT-GER",0.0,0.0
201400024096,26,3,14,16,1,33,63,2,1,1,6,"4, RUE DU PORT",0.0,0.0
201400024097,27,3,14,20,5,33,63,2,2,1,3,RTE DE TOULOUSE,0.0,0.0
201400024098,27,3,14,19,5,33,63,2,2,1,6,"10, RUE DE TAUZIA",0.0,0.0
201400024099,28,3,14,21,5,33,63,2,2,1,3,RUE SAINT- JEAN,0.0,0.0
201400024100,30,3,14,1,5,33,63,2,1,1,6,QUAI DE LA MONNAIE,0.0,0.0
201400024101,30,3,14,11,1,33,63,2,2,1,3,AVE MAL DE LATTRE TASSIG,0.0,0.0
201400024102,30,3,14,18,1,33,249,2,3,1,3,AVE DE LA LIBERATION,0.0,0.0
201400024103,30,3,14,11,1,33,162,2,3,1,1,"98, AVE DE PICOT",0.0,0.0
201400024104,31,3,14,8,1,33,63,2,1,1,6,"8, BARBEY (CRS )",0.0,0.0
201400024105,1,4,14,18,1,33,63,2,2,1,3,RUE LACORNEE,0.0,0.0
201400024106,1,4,14,23,5,33,281,2,9,1,6,RUE DIDIER PIRONI,0.0,0.0
201400024107,2,4,14,11,1,33,249,2,1,1,2,AVE DE PARIS,0.0,0.0
201400024108,28,3,14,11,1,33,119,2,1,1,6,AVE ROGER SCHWOB,0.0,0.0
201400024109,3,4,14,10,1,33,63,2,4,2,3,DESCHAMPS (QUAI ),0.0,0.0
201400024110,2,4,14,15,1,33,63,2,2,1,6,"162, ARGONNE (CRS DE L)",0.0,0.0
201400024111,3,4,14,15,1,33,249,2,3,2,2,RUE DU PIMPIN,0.0,0.0
201400024112,3,4,14,21,5,33,63,2,6,2,6,RUE JULES FERRY CAUD,0.0,0.0
201400024113,3,4,14,21,5,33,63,2,1,3,3,"75, MEDOC (CRS DU)",0.0,0.0
201400024114,4,4,14,21,5,33,63,2,4,1,6,BD JOLIOT-CURIE,0.0,0.0
201400024115,4,4,14,19,1,33,119,2,3,1,3,RUE JULES GUESDE,0.0,0.0
201400024116,5,4,14,15,1,33,63,2,2,1,6,"273, CRS DE LA SOMME",0.0,0.0