Num_Acc,jour,mois,an,hr,condition_eclairage,departement,commune,condition_agglomeration,intersection,condition_atmosphere,type_collision,adresse,lattitude,longitude
201400024117,6,4,14,7,2,33,318,2,2,1,2,AVE JEAN JAURES,0.0,0.0
201400024118,6,4,14,19,1,33,63,2,1,1,2,AVE DE LA REPUBLIQUE CAU,0.0,0.0
201400024119,6,4,14,21,5,33,63,2,1,1,2,"3, QUAI RICHELIEU",0.0,0.0
201400024120,5,4,14,13,1,33,281,2,3,1,6,RUE DES VIGNOBLES,0.0,0.0
201400024121,7,4,14,8,1,33,63,2,1,1,6,"326, AVE D'ARES CAUD",0.0,0.0
201400024122,7,4,14,19,1,33,63,2,3,1,3,CROIX (QUAI SAINTE-),0.0,0.0
201400024123,8,4,14,10,1,33,318,2,2,1,3,AVE DU GENERAL LECLERC,0.0,0.0
201400024124,8,4,14,13,1,33,281,2,3,1,3,"146, AVE DE MAGUDAS",0.0,0.0
201400024125,8,4,14,13,1,33,63,2,2,1,3,CRS DE L'ARGONNE,0.0,0.0
201400024126,9,4,14,9,1,33,63,2,2,1,3,RUE CLAUDE BONNIER,0.0,0.0
201400024127,9,4,14,9,1,33,63,2,1,1,6,"35, ALBERT 1ER (BD )",0.0,0.0
201400024128,9,4,14,10,1,33,63,2,7,1,6,CRS DU CHAPEAU ROUGE,0.0,0.0
201400024129,9,4,14,16,1,33,63,2,2,1,3,AUCHAN (PRK ),0.0,0.0
201400024130,9,4,14,20,5,33,13,2,3,1,7,AVE DESCLAUX,0.0,0.0
201400024131,7,4,14,16,1,33,75,2,3,1,6,"78, RTE DU MEDOC",0.0,0.0
201400024132,10,4,14,8,1,33,63,2,2,1,3,BD DU PRESIDENT WILSON,0.0,0.0
201400024133,10,4,14,9,1,33,63,2,2,1,2,"31, RUE CAMILLE GODARD",0.0,0.0
201400024134,10,4,14,21,5,33,550,2,3,1,3,RTE DE TOULOUSE,0.0,0.0
201400024135,11,4,14,0,5,33,63,2,1,1,7,"241, RUE CAMILLE GODARD",0.0,0.0
201400024136,10,4,14,17,1,33,318,2,3,1,3,AVE GUSTAVE EIFFEL,0.0,0.0
201400024137,11,4,14,10,1,33,63,2,3,1,3,AVE DE LA REPUBLIQUE CAU,0.0,0.0
201400024138,11,4,14,13,1,33,69,2,1,1,6,"449, AVE D'EYSINES",0.0,0.0
201400024139,11,4,14,17,1,33,318,2,3,1,2,"14, AVE GUSTAVE EIFFEL",0.0,0.0
201400024140,12,4,14,0,5,33,69,2,1,1,7,RUE RAYMOND LAVIGNE,0.0,0.0
201400024141,12,4,14,15,1,33,63,2,2,1,1,TONDU (RUE DU),0.0,0.0
201400024142,12,4,14,22,5,33,63,2,1,1,2,"52, PASTEUR (CRS )",0.0,0.0
201400024143,13,4,14,23,5,33,63,2,2,1,3,CURSOL (RUE DE),0.0,0.0
201400024144,13,4,14,0,5,33,281,2,3,1,1,RUE FONTAINE D'ARLAC,0.0,0.0
201400024145,14,4,14,13,1,33,522,2,6,1,7,RUE PACARIS,0.0,0.0
201400024146,10,4,14,9,1,33,281,2,2,1,3,AVE NEIL ARMSTRONG,0.0,0.0
201400024147,14,4,14,13,1,33,63,2,2,1,1,BACALAN (QUAI DE),0.0,0.0
201400024148,15,4,14,8,1,33,63,2,1,1,2,"287, BD ALFRED DANEY",0.0,0.0
201400024149,15,4,14,11,1,33,522,2,6,1,6,"2, AVE MAL DE LATTRE DE",0.0,0.0
201400024150,14,4,14,10,1,33,522,2,2,1,6,AVE MAL DE LATTRE DE TAS,0.0,0.0
201400024151,15,4,14,16,1,33,63,2,3,1,6,"103, CRS ARISTIDE BRIAND",0.0,0.0
201400024152,15,4,14,9,1,33,318,2,1,1,3,AVE MAL DE LATTRE DE TAS,0.0,0.0
201400024153,16,4,14,19,1,33,63,2,2,1,2,WILSON (BD DU PRESIDENT),0.0,0.0
201400024154,17,4,14,9,1,33,63,2,1,1,6,AVE DES QUARANTE JOURNAU,0.0,0.0
201400024155,17,4,14,17,1,33,63,2,3,1,3,BD ALFRED DANEY,0.0,0.0
201400024156,17,4,14,17,1,33,63,2,3,1,5,"280, AVE THIERS",0.0,0.0
201400024157,18,4,14,7,1,33,13,2,1,1,2,"7, AVE DESCLAUX",0.0,0.0
201400024158,18,4,14,11,1,33,550,2,3,1,6,RUE 19 MARS 1962,0.0,0.0
201400024159,17,4,14,19,1,33,550,2,4,1,3,AVE DES PYRENEES,0.0,0.0
201400024160,18,4,14,12,1,33,63,2,2,1,3,RUE PERINOT CAUD,0.0,0.0
201400024161,19,4,14,19,1,33,63,2,1,1,6,AVE DES QUARANTE JOURNAU,0.0,0.0
201400024162,20,4,14,2,5,33,63,2,1,1,7,"127, RUE AMEDEE SAINT-GE",0.0,0.0
201400024163,22,4,14,1,5,33,63,2,3,1,3,"182, FONDAUDEGE (RUE )",0.0,0.0
201400024164,22,4,14,16,1,33,318,2,1,1,2,"63, AVE PASTEUR",0.0,0.0
201400024165,6,4,14,15,1,33,200,2,3,1,3,RUE HUSTIN,0.0,0.0
201400024166,31,3,14,18,1,33,69,2,3,1,3,AVE DE LA LIBERATION-CH.,0.0,0.0
201400024167,5,4,14,19,1,33,281,2,6,1,6,AVE HENRI VIGNEAU,0.0,0.0
201400024168,23,4,14,19,1,33,63,2,3,1,3,CRS PORTAL,0.0,0.0
201400024169,23,4,14,19,1,33,119,2,1,1,6,"13, AVE JEAN JAURES",0.0,0.0
201400024170,24,4,14,7,1,33,63,2,3,1,3,BOSC (BD JEAN-JACQUES),0.0,0.0
201400024171,24,4,14,18,1,33,192,2,1,1,3,"36, RUE DU BOURDILLAT",0.0,0.0
201400024172,25,4,14,13,1,33,281,2,6,2,2,AVE FRANCOIS MITTERRAND,0.0,0.0
201400024173,25,4,14,15,1,33,119,2,2,1,2,RUE CAMILLE PELLETAN,0.0,0.0
201400024174,26,4,14,14,1,33,167,2,2,2,3,CRS GAMBETTA,0.0,0.0
201400024175,28,4,14,7,1,33,63,2,1,2,3,"54, RUE CROIX DE SEGUEY",0.0,0.0
201400024176,28,4,14,9,1,33,63,2,3,1,6,"391, WILSON (BD DU PRESI",0.0,0.0
201400024177,29,4,14,8,1,33,63,2,2,2,6,RUE DELBOS,0.0,0.0
201400024178,29,4,14,14,1,33,192,2,1,2,2,CRS DU GENERAL DE GAULLE,0.0,0.0
201400024179,30,4,14,7,1,33,318,2,1,2,3,AVE JEAN JAURES,0.0,0.0
201400024180,30,4,14,8,1,33,550,2,3,2,3,AVE DES PYRENEES,0.0,0.0
201400024181,30,4,14,7,1,33,63,2,4,1,3,"9, BD JOLIOT-CURIE",0.0,0.0
201400024182,30,4,14,11,1,33,119,2,1,1,6,RUE STEPHANE MALLARME,0.0,0.0
201400024183,30,4,14,16,1,33,63,2,2,1,1,RUE ESPRIT-DES-LOIS,0.0,0.0
201400024184,30,4,14,18,1,33,192,2,1,1,5,RUE DE CANTARANNE,0.0,0.0
201400024185,1,5,14,12,1,33,63,2,1,1,3,QUAI DE LA SOUYS,0.0,0.0
201400024186,30,4,14,16,1,33,281,2,5,1,3,RUE DU JARD,0.0,0.0
201400024187,1,5,14,6,2,33,281,2,2,8,3,MERIGNAC (AVENUE DE),0.0,0.0
201400024188,2,5,14,11,1,33,550,2,1,1,3,"40, RTE DE TOULOUSE",0.0,0.0
201400024189,4,5,14,12,1,33,281,2,6,1,3,AVE FRANCOIS MITTERRAND,0.0,0.0
201400024190,5,5,14,6,1,33,249,2,5,1,3,AVE DU PRESIDENT J.F. KE,0.0,0.0
201400024191,5,5,14,9,1,33,281,2,3,1,3,RUE PROSPER MERIMEE,0.0,0.0
201400024192,5,5,14,12,1,33,318,2,1,1,6,AVE DU HAUT LEVEQUE,0.0,0.0
201400024193,5,5,14,18,1,33,281,2,6,1,2,ROCADE EXTERIEURE N?12,0.0,0.0
201400024194,5,5,14,19,1,33,162,2,6,1,3,AVE DE LA POMPE,0.0,0.0
201400024195,29,4,14,23,5,33,63,2,1,1,7,BACALAN (QUAI DE),0.0,0.0
201400024196,6,5,14,12,1,33,63,2,3,1,6,AVE D'EYSINES CAUD,0.0,0.0
201400024197,6,5,14,15,1,33,63,2,3,1,6,LOUIS XVIII (QUAI ),0.0,0.0
201400024198,7,5,14,14,1,33,63,2,1,1,6,PRK LEROY MERLIN,0.0,0.0
201400024199,7,5,14,16,1,33,281,2,2,1,3,RUE FUSTEL DE COULANGES,0.0,0.0
201400024200,7,5,14,18,1,33,63,2,1,1,3,PCE MARTYRS DE LA RESIST,0.0,0.0
201400024201,7,5,14,16,1,33,63,2,2,1,6,RUE CHABRELY,0.0,0.0
201400024202,8,5,14,17,1,33,281,2,1,1,5,"132, AVE DE LA MARNE",0.0,0.0
201400024203,7,5,14,17,1,33,522,2,2,1,3,RUE DE MEGRET,0.0,0.0
201400024204,9,5,14,9,1,33,63,2,3,1,3,QUAI SAINTE- CROIX,0.0,0.0
201400024205,9,5,14,8,1,33,167,2,3,2,3,CHEM DES PLATEAUX,0.0,0.0
201400024206,9,5,14,14,1,33,63,2,3,1,6,"35, PCE PEY BERLAND",0.0,0.0
201400024207,9,5,14,14,1,33,318,2,2,1,3,AVE DU DOCTEUR NANCEL PE,0.0,0.0
201400024208,9,5,14,14,1,33,63,2,3,1,3,AVE DE MERIGNAC CAUD,0.0,0.0
201400024209,9,5,14,14,1,33,63,2,1,1,6,"59, QUAI RICHELIEU",0.0,0.0
201400024210,9,5,14,12,1,33,63,2,3,8,3,RUE PROFESSEUR DARGET,0.0,0.0
201400024211,10,5,14,18,1,33,63,2,2,1,6,CRS D'ALBRET,0.0,0.0
201400024212,10,5,14,22,5,33,63,2,1,2,7,AQUITAINE (BD ALIENOR D),0.0,0.0
201400024213,11,5,14,16,1,33,63,2,4,1,3,"3, FONDAUDEGE (RUE )",0.0,0.0
201400024214,12,5,14,6,1,33,119,2,6,1,3,RUE CAMILLE PELLETAN,0.0,0.0
201400024215,12,5,14,9,1,33,318,2,3,1,5,AVE DE MADRAN,0.0,0.0
201400024216,12,5,14,12,1,33,281,2,1,2,3,"188, AVE MARCEL DASSAULT",0.0,0.0
201400024217,12,5,14,16,1,33,281,2,3,1,3,MERIGNAC (AVENUE DE),0.0,0.0
201400024218,12,5,14,17,1,33,522,2,1,1,2,"65, AVE MARECHAL LECLERC",0.0,0.0
201400024219,12,5,14,22,5,33,119,2,4,1,7,"69, AVE JEAN JAURES",0.0,0.0
201400024220,13,5,14,8,1,33,63,2,2,1,6,ALBERT 1ER (BD ),0.0,0.0
201400024221,13,5,14,20,1,33,63,2,1,1,6,"2, RUE DES ANCIENS COMBA",0.0,0.0
201400024222,14,5,14,8,1,33,63,2,4,1,3,BD ALFRED DANEY,0.0,0.0
201400024223,14,5,14,10,1,33,63,2,3,1,6,RUE DE SEGUR,0.0,0.0
201400024224,13,5,14,19,1,33,69,2,2,1,3,AVE DE LA LIBERATION-CH.,0.0,0.0
201400024225,14,5,14,19,1,33,63,2,1,1,6,"15, RUE LAPLACETTE",0.0,0.0
201400024226,14,5,14,21,5,33,63,2,1,1,3,"78-80, QUAI DES CHARTRON",0.0,0.0
201400024227,15,5,14,12,1,33,63,2,1,1,1,AVE DE PERNON,0.0,0.0
201400024228,15,5,14,12,1,33,522,2,2,1,3,AVE MARECHAL LECLERC,0.0,0.0
201400024229,15,5,14,10,1,33,281,2,1,1,3,AVE MARCEL DASSAULT,0.0,0.0
201400024230,16,5,14,8,1,33,63,2,3,1,3,"92, CRS MARECHAL JUIN",0.0,0.0
201400024231,4,5,14,4,5,33,13,2,1,1,6,AVE DU PEYROU,0.0,0.0
201400024232,16,5,14,16,1,33,167,2,1,1,6,"25, AVE DE LA LIBERATION",0.0,0.0
201400024233,16,5,14,18,1,33,63,2,1,1,6,"24, QUAI DE LA SOUYS",0.0,0.0
201400024234,16,5,14,19,1,33,63,2,3,1,3,"21-23, RUE ALFRED DE VIG",0.0,0.0
201400024235,16,5,14,21,2,33,63,2,2,1,7,BRICAUD (CRS CHARLES),0.0,0.0
201400024236,14,5,14,9,1,33,318,2,3,1,3,"92 Bis, AVE DE NOES",0.0,0.0
201400024237,17,5,14,2,3,33,13,1,1,1,2,RN 89,0.0,0.0
201400024238,17,5,14,16,1,33,162,2,3,1,3,AVE DE L'HIPPODROME,0.0,0.0
201400024239,17,5,14,15,1,33,522,2,1,1,2,CRS DE LA LIBERATION,0.0,0.0
201400024240,11,5,14,22,5,33,318,2,2,1,1,AVE DU GENERAL LECLERC,0.0,0.0
201400024241,19,5,14,9,1,33,75,2,2,1,3,RTE DU MEDOC,0.0,0.0
201400024242,19,5,14,11,1,33,63,2,3,1,2,RUE LUCIEN FAURE,0.0,0.0
201400024243,20,5,14,8,1,33,550,2,1,2,3,AVE DES PYRENEES,0.0,0.0
201400024244,17,5,14,19,1,33,249,2,6,1,3,AVE DE LA LIBERATION,0.0,0.0
201400024245,20,5,14,17,1,33,63,2,2,2,6,"217, BD DU PRESIDENT WIL",0.0,0.0
201400024246,21,5,14,19,1,33,63,2,1,1,6,"22, PCE DE LA VICTOIRE",0.0,0.0
201400024247,22,5,14,7,1,33,119,2,6,1,3,PCE DES DEUX VILLES,0.0,0.0
201400024248,22,5,14,8,1,33,65,2,1,1,2,CHEM DE LA MATTE,0.0,0.0
201400024249,21,5,14,16,1,33,318,2,3,1,6,AVE COLONEL ROBERT JACQU,0.0,0.0
201400024250,22,5,14,13,1,33,281,2,1,1,3,"8, AVE MARCEL DASSAULT",0.0,0.0
201400024251,22,5,14,17,1,33,318,2,1,1,6,AVE DE LA CHATAIGNERAIE,0.0,0.0
201400024252,23,5,14,11,1,33,63,2,7,2,3,RUE DE L'EGLISE CAUD,0.0,0.0
201400024253,23,5,14,14,1,33,63,2,1,1,6,"112, AVE D'ARES CAUD",0.0,0.0
201400024254,23,5,14,17,1,33,39,2,1,1,3,RUE DU LUGAN,0.0,0.0
201400024255,23,5,14,14,1,33,63,2,6,1,3,RUE FURTADO,0.0,0.0
201400024256,24,5,14,23,5,33,63,2,2,1,1,RUE FRANCOIS LEVEQUE,0.0,0.0
201400024257,25,5,14,4,5,33,63,2,2,2,3,PALUDATE (QUAI DE),0.0,0.0
201400024258,25,5,14,7,1,33,63,2,2,1,3,CRS LOUIS FARGUE,0.0,0.0
201400024259,26,5,14,10,1,33,63,2,2,1,5,CRS ARISTIDE BRIAND,0.0,0.0
201400024260,26,5,14,18,1,33,13,2,1,1,3,"61, BD FEYDEAU",0.0,0.0
201400024261,26,5,14,18,1,33,281,2,3,1,3,RUE MARIE MARVINGT,0.0,0.0
201400024262,26,5,14,17,1,33,249,2,3,1,3,RUE PIERRE MENDES-FRANCE,0.0,0.0
201400024263,27,5,14,8,1,33,13,2,1,1,3,AVE DE L' ILE DE FRANCE,0.0,0.0
201400024264,28,5,14,15,1,33,63,2,1,1,6,PASS DE L'HOPITAL,0.0,0.0
201400024265,29,5,14,7,1,33,63,2,1,1,6,QUAI DE BACALAN,0.0,0.0
201400024266,29,5,14,18,1,33,167,2,2,1,3,RUE EMILE COMBES,0.0,0.0
201400024267,30,5,14,0,5,33,119,2,1,1,6,RUE DE LA VIEILLE CURE,0.0,0.0
201400024268,28,5,14,21,1,33,200,2,2,1,3,AVE DE LA REPUBLIQUE,0.0,0.0
201400024269,30,5,14,12,1,33,162,2,1,1,3,"130, AVE DU MEDOC",0.0,0.0
201400024270,29,5,14,19,1,33,39,2,3,1,3,"416, RTE DE TOULOUSE",0.0,0.0
201400024271,30,5,14,15,1,33,281,2,1,1,3,"6, AVE DE L'YSER",0.0,0.0
201400024272,31,5,14,10,1,33,281,2,1,1,5,"334, AVE DE L'ARGONNE",0.0,0.0
201400024273,28,5,14,11,1,33,281,2,3,1,3,AVE DE LA MARNE,0.0,0.0
201400024274,31,5,14,17,1,33,63,2,6,1,2,RUE LEON BLUM,0.0,0.0
201400024275,1,6,14,1,5,33,63,2,2,1,3,CRS D'ALSACE ET LORRAINE,0.0,0.0
201400024276,1,6,14,2,5,33,63,2,3,1,6,RUE SAINT-JAMES,0.0,0.0
201400024277,2,6,14,9,1,33,318,2,3,1,3,RUE BERNARD PALISSY,0.0,0.0
201400024278,2,6,14,21,5,33,63,2,3,1,6,RUE MANDRON,0.0,0.0
201400024279,2,6,14,12,1,33,281,2,1,1,2,"34, AVE ROLAND GARROS",0.0,0.0
201400024280,3,6,14,8,1,33,63,2,2,1,3,BD ALBERT BRANDENBURG,0.0,0.0
201400024281,2,6,14,20,1,33,63,2,3,1,3,CRS DE LA LIBERATION,0.0,0.0
201400024282,3,6,14,17,1,33,63,2,1,1,3,"56, CRS EDOUARD VAILLANT",0.0,0.0
201400024283,4,6,14,13,1,33,281,2,4,1,6,"22, AVE DE L'YSER",0.0,0.0
201400024284,5,6,14,18,1,33,63,2,2,1,3,RUE AMEDEE SAINT-GERMAIN,0.0,0.0
201400024285,5,6,14,8,1,33,249,2,6,1,3,RUE DE LA BUTTINIERE,0.0,0.0
201400024286,26,5,14,12,1,33,550,2,3,2,2,"21, RTE DE LEOGNAN",0.0,0.0
201400024287,6,6,14,18,1,33,63,2,1,1,3,"24, QUAI DE LA SOUYS",0.0,0.0
201400024288,7,6,14,23,5,33,39,2,1,1,6,"159, AVE DU MARECHAL LEC",0.0,0.0
201400024289,9,6,14,3,5,33,63,2,1,1,6,"23, QUAI DE PALUDATE",0.0,0.0
201400024290,9,6,14,15,1,33,63,2,2,1,3,CRS ARISTIDE BRIAND,0.0,0.0
201400024291,9,6,14,18,1,33,63,2,1,1,3,BRETELLE D'ACCES (pr?cis,0.0,0.0
201400024292,11,6,14,8,1,33,63,2,1,1,2,"379, BD JEAN-JACQUES BOS",0.0,0.0
201400024293,11,6,14,12,1,33,281,2,3,1,3,AVE DU TRUC,0.0,0.0
201400024294,11,6,14,19,1,33,63,2,3,1,3,AVE D'EYSINES CAUD,0.0,0.0
201400024295,11,6,14,14,1,33,63,2,2,1,6,CRS DE LA MARNE,0.0,0.0
201400024296,12,6,14,8,1,33,32,2,1,1,3,AVE DE LA SOMME,0.0,0.0
201400024297,30,5,14,15,1,33,318,2,1,1,6,AVE GUSTAVE EIFFEL,0.0,0.0
201400024298,12,6,14,9,1,33,167,2,2,1,3,PLACE DE LA SOUYS,0.0,0.0
201400024299,12,6,14,14,1,33,63,2,2,1,3,"49, RUE MOUNEYRA",0.0,0.0
201400024300,12,6,14,14,1,33,281,2,1,1,3,AVE RENE CASSIN,0.0,0.0
201400024301,13,6,14,8,1,33,192,2,6,1,2,ALL GASTON RODRIGUES,0.0,0.0
201400024302,13,6,14,8,1,33,63,2,1,1,6,"196, RUE FONDAUDEGE",0.0,0.0
201400024303,13,6,14,9,1,33,200,2,1,1,2,"9, AVE DE MAGUDAS",0.0,0.0
201400024304,13,6,14,11,1,33,39,2,3,1,5,RUE FERDINAND BUISSON,0.0,0.0
201400024305,13,6,14,14,1,33,318,2,2,1,3,RUE AMBROISE PARE,0.0,0.0
201400024306,14,6,14,12,1,33,63,2,3,1,3,ACHARD (RUE ),0.0,0.0
201400024307,16,6,14,16,1,33,63,2,1,1,2,"22, RUE DES GENERAUX DUC",0.0,0.0
201400024308,16,6,14,16,1,33,167,2,3,1,5,QUAI DE LA SOUYS,0.0,0.0
201400024309,16,6,14,10,1,33,162,2,1,1,2,AVE JEAN MERMOZ,0.0,0.0
201400024310,17,6,14,19,1,33,192,2,1,1,3,"6BIS, AVE DE LA POTERIE",0.0,0.0
201400024311,18,6,14,7,2,33,39,2,6,1,3,RUE DES FRERES LUMIERE,0.0,0.0
201400024312,18,6,14,12,1,33,162,2,1,1,4,AVE DE SAINT-MEDARD,0.0,0.0
201400024313,19,6,14,16,1,33,318,2,3,1,3,AVE JEAN CORDIER,0.0,0.0
201400024314,20,6,14,6,1,33,39,2,2,1,3,BD JEAN-JACQUES BOSC,0.0,0.0
201400024315,20,6,14,9,1,33,63,2,3,1,6,"14, ALL D'ORLEANS",0.0,0.0
201400024316,20,6,14,12,1,33,167,2,1,1,2,AVE DU PDT FRANCOIS MITT,0.0,0.0
201400024317,20,6,14,13,1,33,63,2,2,1,3,RUE FURTADO,0.0,0.0
201400024318,20,6,14,14,1,33,162,2,5,1,3,AVE DU MEDOC,0.0,0.0
201400024319,20,6,14,15,1,33,63,2,1,1,6,"10, RUE DU TEMPS PASSE",0.0,0.0
201400024320,20,6,14,18,1,33,63,2,3,1,3,CRS D'ALBRET,0.0,0.0
201400024321,20,6,14,23,5,33,63,2,3,1,3,RUE GASTON MARCHOU,0.0,0.0
201400024322,21,6,14,19,1,33,281,2,1,1,3,"66, AVE DE LA SOMME",0.0,0.0
201400024323,21,6,14,23,5,33,63,2,3,1,3,RUE BOUFFARD,0.0,0.0
201400024324,22,6,14,2,5,33,63,2,1,1,6,PALUDATE (QUAI DE),0.0,0.0
201400024325,21,6,14,20,1,33,63,2,1,1,6,"154, RUE DE LA BENAUGE",0.0,0.0
201400024326,22,6,14,6,2,33,63,2,2,1,3,RUE DE SAGET,0.0,0.0
201400024327,22,6,14,13,1,33,318,2,3,1,6,AVE MARC DESBATS,0.0,0.0
201400024328,22,6,14,14,1,33,281,1,1,1,1,AVE DE L'ARGONNE,0.0,0.0
201400024329,23,6,14,2,5,33,63,2,1,3,7,RUE DE SAINT GENES,0.0,0.0
201400024330,23,6,14,16,1,33,63,2,1,1,3,RUE STEHELIN CAUD,0.0,0.0
201400024331,20,6,14,8,1,33,63,2,3,1,4,AVE DE LAROQUE,0.0,0.0
201400024332,24,6,14,12,1,33,281,2,3,1,3,AVE PIERRE MENDES FRANCE,0.0,0.0
201400024333,24,6,14,15,1,33,63,2,3,1,6,CRS DE LA MARNE,0.0,0.0
201400024334,24,6,14,19,1,33,63,2,2,1,3,CRS VICTOR HUGO,0.0,0.0
201400024335,25,6,14,7,1,33,318,2,3,1,3,AVE DE BEUTRE,0.0,0.0
201400024336,25,6,14,18,1,33,281,2,1,1,4,"34, AVE DE LA GRANGE NOI",0.0,0.0
201400024337,26,6,14,21,1,33,162,2,1,1,6,"99, AVE DE SAINT-MEDARD",0.0,0.0
201400024338,25,6,14,23,5,33,75,2,2,1,3,Rue Raymond MANAUD,0.0,0.0
201400024339,20,6,14,8,1,33,162,2,2,1,6,AVE DU MAL DE LATTRE DE,0.0,0.0
201400024340,26,6,14,18,1,33,63,2,3,1,6,BD DU PRESIDENT WILSON,0.0,0.0
201400024341,25,6,14,12,1,33,550,2,2,1,3,RUE DE LA PAIX,0.0,0.0
201400024342,27,6,14,7,1,33,32,2,1,1,2,QUAI DE VIAL,0.0,0.0
201400024343,27,6,14,20,1,33,63,2,1,1,2,"53, CRS GEORGES CLEMENCE",0.0,0.0
201400024344,26,6,14,20,1,33,63,2,1,1,7,AVE DE LAROQUE,0.0,0.0
201400024345,28,6,14,15,1,33,167,2,1,1,7,COTE DE MONREPOS,0.0,0.0
201400024346,29,6,14,17,1,33,281,2,2,1,3,AVE DU PRESIDENT WILSON,0.0,0.0
201400024347,30,6,14,8,1,33,281,2,2,1,2,"325, AVE ARISTIDE BRIAND",0.0,0.0
201400024348,30,6,14,7,1,33,281,2,4,1,4,"42, AVE DE LA SOMME",0.0,0.0
201400024349,30,6,14,19,1,33,63,2,2,1,3,PELLEPORT (RUE ),0.0,0.0
201400024350,1,7,14,8,1,33,281,2,2,1,3,AVE DU CHUT,0.0,0.0
201400024351,1,7,14,12,1,33,522,2,1,1,3,"203, RTE DE TOULOUSE",0.0,0.0
201400024352,1,7,14,12,1,33,63,2,2,1,6,RUE MARCEL PAGNOL,0.0,0.0
201400024353,1,7,14,16,1,33,162,2,2,1,3,AVE DU MEDOC,0.0,0.0
201400024354,1,7,14,17,1,33,281,2,7,1,2,"86 Ter, AVE DE LA LIBERA",0.0,0.0
201400024355,1,7,14,14,1,33,39,2,1,2,3,"102, AVE LUCIEN LEROUSSE",0.0,0.0
201400024356,30,6,14,21,5,33,318,2,1,1,7,AVE DU HAUT-BRION,0.0,0.0
201400024357,1,7,14,23,3,33,75,2,1,1,6,PONTS (AVE DES 4),0.0,0.0
201400024358,1,7,14,12,1,33,63,2,1,1,3,"21, MOUNEYRA (RUE )",0.0,0.0
201400024359,2,7,14,7,1,33,63,2,2,1,3,RUE BUHAN,0.0,0.0
201400024360,30,6,14,20,1,33,318,2,2,1,3,AVE JEAN JAURES,0.0,0.0
201400024361,2,7,14,13,1,33,318,2,1,1,3,"290, AVE JEAN JAURES",0.0,0.0
201400024362,3,7,14,17,1,33,281,2,1,1,3,"158, AVE DES MARRONNIERS",0.0,0.0
201400024363,3,7,14,15,1,33,281,2,1,1,5,"28, RUE JACQUES PREVERT",0.0,0.0
201400024364,3,7,14,17,1,33,63,2,3,1,5,AVE DE LABARDE,0.0,0.0
201400024365,4,7,14,9,1,33,281,2,2,1,3,RUE DEMEULIN,0.0,0.0
201400024366,4,7,14,14,1,33,63,2,2,1,3,RUE DU TONDU,0.0,0.0
201400024367,30,6,14,9,1,33,167,2,6,1,3,ENTREE ROCADE N?24,0.0,0.0
201400024368,6,7,14,2,5,33,75,2,2,1,3,AVE PERIER,0.0,0.0
201400024369,6,7,14,15,1,33,63,2,1,2,7,"177, AVE THIERS",0.0,0.0
201400024370,4,7,14,18,1,33,162,2,1,1,1,"21, RTE DE PAUILLAC",0.0,0.0
201400024371,7,7,14,12,1,33,63,2,2,1,3,CRS D'ALBRET,0.0,0.0
201400024372,7,7,14,15,1,33,63,2,2,2,6,KLEBER (RUE ),0.0,0.0
201400024373,7,7,14,17,1,33,32,2,2,1,3,RUE MAL DE LATTRE DE TAS,0.0,0.0
201400024374,7,7,14,21,5,33,32,2,1,1,6,AVE MANON CORMIER,0.0,0.0
201400024375,8,7,14,9,1,33,63,2,2,2,3,RUE JUDAIQUE,0.0,0.0
201400024376,9,7,14,2,5,33,63,2,1,1,6,"8, CRS DE LA MARNE",0.0,0.0
201400024377,8,7,14,10,1,33,281,2,3,2,2,AVE DE LA GARE,0.0,0.0
201400024378,8,7,14,17,1,33,63,2,2,1,3,RUE MOUNEYRA,0.0,0.0
201400024379,9,7,14,22,5,33,63,2,1,8,3,"28, CHARTRONS (QUAI DES)",0.0,0.0
201400024380,9,7,14,19,1,33,63,2,2,1,3,AVE DU MAL DE LATTRE DE,0.0,0.0
201400024381,7,7,14,8,1,33,281,2,2,1,3,AVE FRANCOIS MITTERRAND,0.0,0.0
201400024382,8,7,14,18,1,33,63,2,1,1,6,"110, RUE CAMILLE GODARD",0.0,0.0
201400024383,11,7,14,10,1,33,550,2,1,1,6,AVE PIERRE PROUDHON,0.0,0.0
201400024384,11,7,14,12,1,33,281,2,1,1,3,"48, RUE DU JARD",0.0,0.0
201400024385,11,7,14,22,5,33,63,2,3,1,7,"402, AVE D'ARES CAUD",0.0,0.0
201400024386,12,7,14,11,1,33,281,2,3,1,6,RUE DU JARD,0.0,0.0
201400024387,14,7,14,23,5,33,63,2,1,1,2,"48, QUAI DE BRAZZA",0.0,0.0
201400024388,15,7,14,7,1,33,63,2,3,1,3,QUAI DES QUEYRIES,0.0,0.0
201400024389,16,7,14,19,1,33,69,2,2,1,1,"191, AVE DE LA LIBERATIO",0.0,0.0
201400024390,4,7,14,18,1,33,318,2,2,1,3,GUTENBERG (RUE),0.0,0.0
201400024391,16,7,14,16,1,33,63,2,3,1,6,"188, CRS DE LA SOMME",0.0,0.0
201400024392,16,7,14,16,1,33,63,2,3,1,3,"39, CROIX BLANCHE (RUE D",0.0,0.0
201400024393,16,7,14,18,1,33,522,2,1,1,6,AVE DES FACULTES,0.0,0.0
201400024394,16,7,14,20,1,33,318,2,2,1,3,AVE MAL DE LATTRE DE TAS,0.0,0.0
201400024395,17,7,14,22,4,33,167,2,1,1,6,"6, CHEM DES BORIES",0.0,0.0
201400024396,17,7,14,23,5,33,522,2,3,1,6,"208, RUE DE SUZON",0.0,0.0
201400024397,18,7,14,6,5,33,63,2,1,1,3,"68, QUAI DE PALUDATE",0.0,0.0
201400024398,18,7,14,9,1,33,162,2,2,1,6,AVE DU DERBY,0.0,0.0
201400024399,19,7,14,9,1,33,162,2,2,1,2,"176, AVE DU TAILLAN-MEDO",0.0,0.0
201400024400,19,7,14,15,1,33,75,2,2,1,6,"451, MEDOC (RTE DU)",0.0,0.0
201400024401,19,7,14,18,1,33,63,2,1,1,6,"19, RUE RAYMOND POINCARE",0.0,0.0
201400024402,20,7,14,19,1,33,281,2,1,2,4,AVE FRANCOIS MITTERRAND,0.0,0.0
201400024403,21,7,14,18,1,33,63,2,4,1,2,WILSON (BD DU PRESIDENT),0.0,0.0
201400024404,21,7,14,17,1,33,281,2,3,1,3,AVE DE L'YSER,0.0,0.0
201400024405,17,7,14,19,1,33,63,2,4,1,5,PIERRE 1ER (BD ),0.0,0.0
201400024406,22,7,14,12,1,33,550,2,3,1,1,"65, CHEM DE GALGON",0.0,0.0
201400024407,25,7,14,13,1,33,63,2,1,1,6,"15, BD ANTOINE GAUTIER",0.0,0.0