Num_Acc,jour,mois,an,hr,condition_eclairage,departement,commune,condition_agglomeration,intersection,condition_atmosphere,type_collision,adresse,lattitude,longitude
201400024408,26,7,14,6,2,33,192,2,3,5,3,RUE DE MARTINON,0.0,0.0
201400024409,26,7,14,7,1,33,550,2,2,5,3,CHEM DU PAS DE LA COTE,0.0,0.0
201400024410,26,7,14,21,5,33,249,2,1,1,6,RUE DU COURANT,0.0,0.0
201400024411,26,7,14,12,1,33,162,2,3,1,4,"3, AVE DU TAILLAN-MEDOC",0.0,0.0
201400024412,24,7,14,17,1,33,281,2,6,1,3,AVE PRESIDENT J.F. KENNE,0.0,0.0
201400024413,26,7,14,9,1,33,281,2,1,1,3,"35, RUE MAURIAN",0.0,0.0
201400024414,27,7,14,14,1,33,63,2,3,1,2,"200, AVE DE LABARDE",0.0,0.0
201400024415,26,7,14,3,5,33,63,2,4,1,3,QUAI SAINTE- CROIX,0.0,0.0
201400024416,27,7,14,23,5,33,318,2,3,1,3,"13, AVE DU GENERAL LECLE",0.0,0.0
201400024417,29,7,14,7,1,33,63,2,1,1,3,"56, QUAI DE BRAZZA",0.0,0.0
201400024418,29,7,14,11,1,33,249,2,3,1,3,RUE MARC NOUAUX,0.0,0.0
201400024419,30,7,14,0,4,33,63,1,3,1,2,AVE DE LABARDE,0.0,0.0
201400024420,30,7,14,19,1,33,63,2,3,1,3,RUE DE CAPEYRON CAUD,0.0,0.0
201400024421,31,7,14,19,1,33,63,2,1,1,1,"72, RUE PIERRE TREBOD",0.0,0.0
201400024422,31,7,14,19,1,33,63,2,3,1,3,PCE BIR HAKEIM,0.0,0.0
201400024423,1,8,14,10,1,33,167,2,1,1,6,AVE SALVADOR ALLENDE,0.0,0.0
201400024424,1,8,14,17,1,33,281,2,1,1,4,"80, AVE DE LA SOMME",0.0,0.0
201400024425,2,8,14,9,1,33,162,2,6,1,2,ALL DE L'EUROPE,0.0,0.0
201400024426,3,8,14,2,5,33,63,2,5,1,6,CRS D'ALSACE ET LORRAINE,0.0,0.0
201400024427,3,8,14,4,5,33,63,2,2,2,7,BD ANTOINE GAUTIER,0.0,0.0
201400024428,3,8,14,21,2,33,63,2,2,1,6,BLANQUI (RUE ),0.0,0.0
201400024429,4,8,14,17,1,33,281,2,2,1,3,AVE PRESIDENT J.F. KENNE,0.0,0.0
201400024430,5,8,14,17,1,33,63,2,2,1,6,RUE DE CURSOL,0.0,0.0
201400024431,5,8,14,20,1,33,63,2,4,1,3,BD ALFRED DANEY,0.0,0.0
201400024432,16,7,14,17,1,33,281,2,1,1,3,AVE FRANCOIS MITTERRAND,0.0,0.0
201400024433,5,8,14,19,2,33,318,2,3,1,3,AVE ANTOINE BECQUEREL,0.0,0.0
201400024434,6,8,14,15,1,33,63,2,1,1,3,"41, CRS GEORGES CLEMENCE",0.0,0.0
201400024435,6,8,14,15,1,33,63,2,2,1,3,RUE ALBERT PITRES,0.0,0.0
201400024436,7,8,14,16,1,33,119,2,4,1,3,IMP PELLETAN,0.0,0.0
201400024437,8,8,14,1,5,33,63,2,1,1,7,"59, RUE SAINTE- CATHERIN",0.0,0.0
201400024438,8,8,14,9,1,33,63,2,3,2,3,RUE DURIEU DE MAISONNEUV,0.0,0.0
201400024439,8,8,14,12,1,33,63,2,1,1,5,"223, GALLIENI (CRS DU MA",0.0,0.0
201400024440,8,8,14,13,1,33,281,2,2,1,6,AVE DE BOURRANVILLE,0.0,0.0
201400024441,8,8,14,19,1,33,63,2,1,1,5,"12, RUE ESPRIT-DES-LOIS",0.0,0.0
201400024442,9,8,14,14,1,33,281,2,1,1,2,"137, AVE DE LA LIBERATIO",0.0,0.0
201400024443,10,8,14,12,1,33,63,2,1,1,6,"56, ALL DE TOURNY",0.0,0.0
201400024444,11,8,14,0,5,33,162,2,4,1,3,AVE DU MEDOC,0.0,0.0
201400024445,11,8,14,2,5,33,318,2,1,1,3,"60, RUE DE ROMAINVILLE",0.0,0.0
201400024446,13,8,14,12,1,33,63,2,2,2,2,CRS D'ALBRET,0.0,0.0
201400024447,13,8,14,15,1,33,39,2,3,1,6,RTE DE TOULOUSE,0.0,0.0
201400024448,14,8,14,17,1,33,63,2,1,1,3,CRS GEORGES CLEMENCEAU,0.0,0.0
201400024449,14,8,14,16,1,33,522,2,2,1,3,RUE LAMARTINE,0.0,0.0
201400024450,14,8,14,21,5,33,63,2,1,2,6,"20, RUE DES CARMES",0.0,0.0
201400024451,15,8,14,19,1,33,63,2,2,1,3,BD MARECHAL LECLERC,0.0,0.0
201400024452,17,8,14,18,1,33,63,2,1,1,6,RUE LAMOUROUS,0.0,0.0
201400024453,18,8,14,19,1,33,63,2,2,1,3,AVE D'ARES CAUD,0.0,0.0
201400024454,18,8,14,22,5,33,63,2,3,1,6,"72, RUE FONDAUDEGE",0.0,0.0
201400024455,19,8,14,8,1,33,75,2,1,1,3,"67, AVE DE VERDUN",0.0,0.0
201400024456,20,8,14,7,1,33,200,2,6,1,3,"32, AVE DE MAGUDAS",0.0,0.0
201400024457,20,8,14,12,1,33,249,2,6,1,3,AVE DE PARIS,0.0,0.0
201400024458,20,8,14,15,1,33,63,2,3,1,6,RUE ESPRIT-DES-LOIS,0.0,0.0
201400024459,20,8,14,18,1,33,63,2,1,1,2,"66-68, CRS PORTAL",0.0,0.0
201400024460,21,8,14,19,1,33,32,2,2,1,6,AVE PASTEUR,0.0,0.0
201400024461,22,8,14,8,1,33,32,2,1,1,1,"18, AVE LUCIEN VICTOR ME",0.0,0.0
201400024462,21,8,14,20,1,33,63,2,3,1,6,"123, CRS DE LA MARNE",0.0,0.0
201400024463,22,8,14,16,1,33,39,2,1,1,2,RTE DE COURREJEAN,0.0,0.0
201400024464,22,8,14,14,1,33,63,2,3,1,3,QUAI DE LA SOUYS,0.0,0.0
201400024465,23,8,14,18,1,33,281,2,3,1,3,AVE PRESIDENT J.F. KENNE,0.0,0.0
201400024466,23,8,14,20,1,33,63,2,4,1,3,"377, WILSON (BD DU PRESI",0.0,0.0
201400024467,23,8,14,19,1,33,63,2,1,1,3,"107, CARTHY CAUD (RUE MA",0.0,0.0
201400024468,25,8,14,8,1,33,192,2,2,1,3,RTE DE CANEJAN,0.0,0.0
201400024469,25,8,14,10,1,33,63,2,2,1,2,BOSC (BD JEAN-JACQUES),0.0,0.0
201400024470,26,8,14,12,1,33,281,2,1,2,7,AVE DU MARECHAL GALLIENI,0.0,0.0
201400024471,26,8,14,16,1,33,63,2,1,2,4,ALL DE BOUTAUT,0.0,0.0
201400024472,26,8,14,19,1,33,13,2,1,2,1,AVE DE L' ILE DE FRANCE,0.0,0.0
201400024473,22,8,14,16,1,33,162,2,2,1,3,RUE ANDRE BLANC,0.0,0.0
201400024474,27,8,14,14,1,33,167,2,1,1,6,"51, RUE JULES GUESDE",0.0,0.0
201400024475,27,8,14,14,1,33,550,2,6,1,3,RUE PABLO NERUDA,0.0,0.0
201400024476,28,8,14,8,1,33,281,2,3,1,2,AVE DE VERDUN,0.0,0.0
201400024477,28,8,14,7,1,33,69,2,3,1,6,"1, RUE HENRI GROSSARD",0.0,0.0
201400024478,28,8,14,10,1,33,69,2,3,1,6,"102, AVE DE LA LIBERATIO",0.0,0.0
201400024479,29,8,14,2,5,33,63,2,1,3,7,BD DES FRERES MOGA,0.0,0.0
201400024480,30,8,14,17,1,33,281,2,3,1,3,AVE MONTESQUIEU,0.0,0.0
201400024481,30,8,14,14,1,33,75,2,1,1,2,"427, RTE DU MEDOC",0.0,0.0
201400024482,30,8,14,7,1,33,63,2,3,1,6,CURIE (BD JOLIOT),0.0,0.0
201400024483,31,8,14,16,1,33,63,2,3,1,6,BD MARECHAL LECLERC,0.0,0.0
201400024484,31,8,14,23,3,33,65,1,4,1,7,COTE DU PIQUET,0.0,0.0
201400024485,2,9,14,17,1,33,63,2,2,1,3,CRS D'ALBRET,0.0,0.0
201400024486,3,9,14,8,1,33,63,2,4,7,3,"201, AVE DE LABARDE",0.0,0.0
201400024487,3,9,14,9,1,33,281,2,3,1,6,ST MEDARD (AVE),0.0,0.0
201400024488,3,9,14,23,5,33,39,2,3,1,6,RUE DES QUATRE CASTERA,0.0,0.0
201400024489,2,9,14,19,1,33,75,2,2,1,3,RUE DES REDUITS,0.0,0.0
201400024490,4,9,14,7,1,33,167,2,3,1,3,"0, AVE SALVADOR ALLENDE",0.0,0.0
201400024491,4,9,14,9,1,33,63,2,6,1,3,PCE BIR HAKEIM,0.0,0.0
201400024492,4,9,14,8,1,33,318,2,2,1,3,AVE PEY BERLAND,0.0,0.0
201400024493,4,9,14,8,1,33,192,2,1,1,3,ROUMEGOUS (Place Bernard,0.0,0.0
201400024494,4,9,14,10,1,33,63,2,3,1,1,RUE DU DOCTEUR GABRIEL P,0.0,0.0
201400024495,4,9,14,14,1,33,63,2,6,1,3,RUE FRANCOIS DE SOURDIS,0.0,0.0
201400024496,4,9,14,17,1,33,69,2,3,1,6,AVE LEON BLUM,0.0,0.0
201400024497,4,9,14,17,1,33,63,2,1,1,3,"29, AVE CARNOT CAUD",0.0,0.0
201400024498,4,9,14,16,1,33,63,2,3,1,6,CRS PASTEUR,0.0,0.0
201400024499,5,9,14,8,1,33,281,2,6,1,3,AVE DE L'YSER,0.0,0.0
201400024500,5,9,14,8,1,33,281,2,3,1,3,AVENUE DU CHATEAU D'EAU,0.0,0.0
201400024501,5,9,14,11,1,33,63,2,2,1,6,CRS BALGUERIE STUTTENBER,0.0,0.0
201400024502,5,9,14,11,1,33,63,2,3,1,3,AVE DU MAL DE LATTRE DE,0.0,0.0
201400024503,5,9,14,18,1,33,63,2,2,1,3,BD JEAN-JACQUES BOSC,0.0,0.0
201400024504,7,9,14,4,5,33,63,2,1,1,6,"38, QUAI DE PALUDATE",0.0,0.0
201400024505,8,9,14,1,5,33,63,2,5,1,3,PCE RAVESIES,0.0,0.0
201400024506,6,9,14,19,1,33,192,2,1,1,7,RUE DU MOULINEAU,0.0,0.0
201400024507,8,9,14,11,1,33,63,2,2,1,6,RUE EDMOND COSTEDOAT,0.0,0.0
201400024508,8,9,14,12,1,33,550,2,4,1,3,CHEM DU TILLON,0.0,0.0
201400024509,8,9,14,14,1,33,69,2,2,1,3,RTE DU MEDOC,0.0,0.0
201400024510,8,9,14,14,1,33,63,2,2,1,1,RUE DU CHAI DES FARINES,0.0,0.0
201400024511,8,9,14,14,1,33,63,2,6,1,6,CRS VICTOR HUGO,0.0,0.0
201400024512,8,9,14,17,1,33,281,2,1,1,3,AVE FRANCOIS MITTERRAND,0.0,0.0
201400024513,8,9,14,17,1,33,249,2,3,1,3,AVE DE LA LIBERATION,0.0,0.0
201400024514,9,9,14,14,1,33,63,2,1,1,2,"56, CRS MARECHAL JUIN",0.0,0.0
201400024515,9,9,14,17,1,33,63,2,1,1,3,"68, BD MARECHAL LECLERC",0.0,0.0
201400024516,9,9,14,16,1,33,63,2,3,1,3,AVE CHARLES DE GAULLE CA,0.0,0.0
201400024517,9,9,14,18,1,33,63,2,6,1,3,BD ANDRE RICARD,0.0,0.0
201400024518,9,9,14,22,5,33,162,2,1,1,3,"86, AVE DE L'HIPPODROME",0.0,0.0
201400024519,9,9,14,20,5,33,192,2,1,1,5,RUE DU MOULINEAU,0.0,0.0
201400024520,10,9,14,8,1,33,522,2,3,1,6,"71, AVE MARECHAL LECLERC",0.0,0.0
201400024521,10,9,14,10,1,33,63,2,1,1,3,"17, RUE DU GRAND LEBRUN",0.0,0.0
201400024522,10,9,14,9,1,33,63,2,3,1,1,RUE CAPDEVILLE,0.0,0.0
201400024523,10,9,14,18,1,33,69,2,2,1,3,BD PIERRE 1ER,0.0,0.0
201400024524,11,9,14,8,1,33,75,2,1,1,2,AVE PERIER,0.0,0.0
201400024525,10,9,14,20,2,33,63,2,2,1,5,"138, AVE DE LA REPUBLIQU",0.0,0.0
201400024526,12,9,14,0,5,33,63,2,1,1,6,"40, QUAI DE PALUDATE",0.0,0.0
201400024527,12,9,14,7,2,33,318,2,1,1,3,"156, AVE DU GENERAL LECL",0.0,0.0
201400024528,12,9,14,16,1,33,63,2,2,1,1,LARMINAT (RUE GENERAL DE,0.0,0.0
201400024529,12,9,14,15,1,33,63,2,2,1,3,RUE SAINT- JEAN,0.0,0.0
201400024530,12,9,14,19,1,33,281,2,1,1,2,"35, AVE DE VERDUN",0.0,0.0
201400024531,13,9,14,8,1,33,63,2,2,1,3,CRS DU MEDOC,0.0,0.0
201400024532,13,9,14,9,1,33,192,2,6,1,1,"00, AVE DE L'HIPPODROME",0.0,0.0
201400024533,13,9,14,11,1,33,63,2,2,1,3,RUE MOUNEYRA,0.0,0.0
201400024534,12,9,14,16,1,33,318,2,3,1,3,RUE CHATEAUBRIAND,0.0,0.0
201400024535,13,9,14,13,1,33,281,2,3,1,1,"5, AVE PRESIDENT J.F. KE",0.0,0.0
201400024536,13,9,14,17,1,33,318,2,6,1,2,AVE LEON BLUM,0.0,0.0
201400024537,13,9,14,22,5,33,63,2,2,1,3,CRS DE L'YSER,0.0,0.0
201400024538,13,9,14,22,4,33,318,2,6,1,3,RUE CHATEAUBRIAND,0.0,0.0
201400024539,14,9,14,0,5,33,63,2,4,1,3,BD DU PDT FRANKLIN ROOSE,0.0,0.0
201400024540,15,9,14,2,5,33,63,2,1,1,2,BRETELLE D'ACCES QUAI DE,0.0,0.0
201400024541,15,9,14,18,1,33,281,1,1,1,3,AVE FRANCOIS MITTERRAND,0.0,0.0
201400024542,15,9,14,18,1,33,63,2,3,1,3,BD ANTOINE GAUTIER,0.0,0.0
201400024543,23,8,14,21,2,33,281,2,3,1,5,RUE PAUL DOUMER,0.0,0.0
201400024544,16,9,14,9,1,33,522,2,1,1,3,"235, AVE DE THOUARS",0.0,0.0
201400024545,16,9,14,10,1,33,63,2,3,1,6,CRS DE L'YSER,0.0,0.0
201400024546,16,9,14,18,1,33,63,2,2,1,3,LARMINAT (RUE GENERAL DE,0.0,0.0
201400024547,16,9,14,17,1,33,281,2,1,1,3,"119, AVE HENRI VIGNEAU",0.0,0.0
201400024548,17,9,14,9,1,33,63,1,3,1,3,AVE DU MAL DE LATTRE DE,0.0,0.0
201400024549,17,9,14,22,5,33,522,2,3,1,1,RUE DE LA VIEILLE TOUR,0.0,0.0
201400024550,18,9,14,7,1,33,63,2,4,1,7,"15, ALBERT 1ER (BD )",0.0,0.0
201400024551,18,9,14,8,1,33,192,2,1,1,3,"62, CRS DU GENERAL DE GA",0.0,0.0
201400024552,18,9,14,9,1,33,63,2,3,1,6,"89, RUE MALBEC",0.0,0.0
201400024553,18,9,14,10,1,33,63,2,1,1,1,"51, CRS GEORGES CLEMENCE",0.0,0.0
201400024554,18,9,14,14,1,33,63,2,6,1,7,"195, MARNE (CRS DE LA)",0.0,0.0
201400024555,18,9,14,17,1,33,13,2,1,2,3,"41, AVE DE L' ILE DE FRA",0.0,0.0
201400024556,19,9,14,8,1,33,200,2,2,1,3,RUE BERNARD DE GIRARD,0.0,0.0
201400024557,19,9,14,9,1,33,63,2,3,1,2,RUE DE CAUDERES,0.0,0.0
201400024558,19,9,14,16,1,33,281,2,6,1,6,AVE DE LA LIBERATION,0.0,0.0
201400024559,19,9,14,22,5,33,63,2,2,1,3,BD DU PRESIDENT WILSON,0.0,0.0
201400024560,20,9,14,0,5,33,63,2,2,1,7,"108, BD MARECHAL LECLERC",0.0,0.0
201400024561,21,9,14,10,1,33,63,2,3,1,1,QUAI DESCHAMPS,0.0,0.0
201400024562,21,9,14,17,1,33,281,2,3,1,3,RUE DE L'EMAILLERIE,0.0,0.0
201400024563,15,9,14,14,1,33,119,2,2,1,1,"0, AVE RENE CASSAGNE",0.0,0.0
201400024564,22,9,14,14,1,33,63,2,6,1,3,RDPT DOCTEUR ETIENNE GIN,0.0,0.0
201400024565,22,9,14,16,1,33,75,2,3,1,2,ALL DE BOUTAUT,0.0,0.0
201400024566,22,9,14,19,1,33,522,2,2,1,6,RUE DE SUZON,0.0,0.0
201400024567,20,9,14,23,5,33,63,2,6,1,3,BD DU PDT FRANKLIN ROOSE,0.0,0.0
201400024568,23,9,14,7,1,33,63,2,2,1,3,CRS DE L'ARGONNE,0.0,0.0
201400024569,23,9,14,9,1,33,63,2,6,1,3,PLACE RAVEZIES,0.0,0.0
201400024570,23,9,14,9,1,33,63,2,3,1,2,AVE DE LA JALLERE,0.0,0.0
201400024571,23,9,14,16,1,33,63,2,5,1,3,"28, RUE LE CHAPELIER",0.0,0.0
201400024572,23,9,14,16,1,33,167,2,3,1,6,"30, AVE HUBERT DUBEDOUT",0.0,0.0
201400024573,23,9,14,17,1,33,162,2,1,1,6,"50, AVE DE SAINT-MEDARD",0.0,0.0
201400024574,23,9,14,18,1,33,249,2,3,1,3,RUE JOACHIM DU BELLAY,0.0,0.0
201400024575,23,9,14,23,5,33,281,2,1,1,6,"179, AVE DE LA LIBERATIO",0.0,0.0
201400024576,24,9,14,0,5,33,119,2,2,1,2,AVE JEAN JAURES,0.0,0.0
201400024577,23,9,14,14,1,33,318,2,1,1,3,AVE DE SAIGE,0.0,0.0
201400024578,24,9,14,10,1,33,63,2,1,1,2,RUE JEAN SAMAZEUILH,0.0,0.0
201400024579,24,9,14,13,1,33,318,2,2,1,3,AVE DU PRESIDENT JF KENN,0.0,0.0
201400024580,24,9,14,13,1,33,63,2,3,1,3,BD PIERRE 1ER,0.0,0.0
201400024581,24,9,14,16,1,33,318,2,3,1,6,RUE MARC CHAGALL,0.0,0.0
201400024582,24,9,14,14,1,33,63,2,2,1,3,CRS BALGUERIE STUTTENBER,0.0,0.0
201400024583,24,9,14,18,1,33,63,2,1,1,3,"137, RUE FONDAUDEGE",0.0,0.0
201400024584,23,9,14,16,1,33,63,2,2,1,6,RTE DE TOULOUSE,0.0,0.0
201400024585,25,9,14,10,1,33,281,2,3,1,1,RUE THIERRY SABINE,0.0,0.0
201400024586,25,9,14,17,1,33,318,2,3,1,3,"28, AVE GUSTAVE EIFFEL",0.0,0.0
201400024587,26,9,14,3,5,33,63,2,2,1,3,CRS DE L'YSER,0.0,0.0
201400024588,26,9,14,7,2,33,522,2,1,1,5,"41, RUE PACARIS",0.0,0.0
201400024589,26,9,14,14,1,33,281,2,1,1,5,AVE MARCEL DASSAULT,0.0,0.0
201400024590,26,9,14,18,1,33,63,2,1,1,6,"10, RUE DES PILIERS DE T",0.0,0.0
201400024591,26,9,14,16,1,33,63,2,2,1,3,RUE JOSEPH AUBE,0.0,0.0
201400024592,26,9,14,17,1,33,162,2,3,1,3,"186, RUE DE GASTEBOY",0.0,0.0
201400024593,26,9,14,17,1,33,318,2,6,1,3,AVE DU GENERAL LECLERC,0.0,0.0
201400024594,26,9,14,19,1,33,13,2,1,1,2,RN 89,0.0,0.0
201400024595,26,9,14,8,2,33,63,2,1,1,3,"84, BD MARECHAL LECLERC",0.0,0.0
201400024596,27,9,14,0,5,33,281,2,6,1,7,RUE MARCEL ISSARTIER,0.0,0.0
201400024597,26,9,14,19,2,33,318,2,1,1,6,"8, RUE ANDRE PUJOL",0.0,0.0
201400024598,27,9,14,14,1,33,39,2,4,1,3,RUE DE BEGLES,0.0,0.0
201400024599,29,9,14,8,1,33,63,2,2,1,6,ALBERT 1ER (BD ),0.0,0.0
201400024600,29,9,14,13,1,33,75,2,6,1,2,"36, RUE ANDRE MESSAGER",0.0,0.0
201400024601,29,9,14,16,1,33,281,2,1,1,1,"117 bis, AVE DE MAGUDAS",0.0,0.0
201400024602,29,9,14,18,1,33,63,2,1,1,5,"103, AVE DU GENERAL LECL",0.0,0.0
201400024603,29,9,14,17,1,33,63,2,8,1,3,PCE AMELIE RABA LEON,0.0,0.0
201400024604,30,9,14,7,1,33,63,2,6,1,3,RUE DE BETHMANN,0.0,0.0
201400024605,30,9,14,7,1,33,75,2,2,1,3,RTE DU MEDOC,0.0,0.0
201400024606,30,9,14,9,1,33,281,2,6,1,3,SORTIE ROCADE N?11,0.0,0.0
201400024607,30,9,14,15,1,33,63,2,1,1,6,"5, RUE DE CURSOL",0.0,0.0
201400024608,30,9,14,18,1,33,281,2,1,1,7,"16, AVE PIERRE MENDES FR",0.0,0.0
201400024609,1,10,14,13,1,33,522,2,2,1,3,RUE LAFITTE,0.0,0.0
201400024610,1,10,14,16,1,33,318,2,3,1,6,AVE DU MARECHAL JUIN,0.0,0.0
201400024611,1,10,14,17,1,33,63,2,2,1,2,"101, RUE DOCTEUR ALBERT",0.0,0.0
201400024612,1,10,14,16,1,33,63,2,6,1,3,RUE FRANCIS JAMMES,0.0,0.0
201400024613,1,10,14,20,5,33,281,2,1,1,3,AVE DE MAGUDAS,0.0,0.0
201400024614,1,10,14,22,5,33,63,2,1,1,7,"38, RUE CHARLES DOMERCQ",0.0,0.0
201400024615,27,9,14,8,1,33,522,2,2,1,3,CRS GAMBETTA,0.0,0.0
201400024616,2,10,14,7,1,33,63,2,2,1,3,CRS D'ALBRET,0.0,0.0
201400024617,2,10,14,16,1,33,63,2,4,1,6,CRS DE VERDUN,0.0,0.0
201400024618,2,10,14,13,1,33,318,2,2,1,3,AVE PEY BERLAND,0.0,0.0
201400024619,2,10,14,17,1,33,550,2,6,1,3,AVE DU MARECHAL LECLERC,0.0,0.0
201400024620,2,10,14,19,1,33,249,2,2,1,3,BD ODILON REDON,0.0,0.0
201400024621,3,10,14,8,1,33,167,2,3,1,3,RUE JACQUES DUCLOS,0.0,0.0
201400024622,3,10,14,19,1,33,63,2,1,1,6,RUE CHARLES DOMERCQ,0.0,0.0
201400024623,3,10,14,20,5,33,522,2,6,1,3,AVE DE THOUARS,0.0,0.0
201400024624,3,10,14,21,5,33,63,2,2,1,3,RUE DU 144EME R.I.,0.0,0.0
201400024625,3,10,14,19,1,33,281,2,6,1,5,AVE FRANCOIS MITTERRAND,0.0,0.0
201400024626,4,10,14,9,1,33,318,2,2,1,3,RUE NUNGESSER,0.0,0.0
201400024627,5,10,14,11,1,33,39,2,3,1,1,"95, AVE JEANNE D'ARC",0.0,0.0
201400024628,5,10,14,12,1,33,522,2,2,1,3,AVE DE THOUARS,0.0,0.0
201400024629,5,10,14,14,1,33,63,2,5,1,3,PCE AMELIE RABA LEON,0.0,0.0
201400024630,6,10,14,6,1,33,281,2,6,1,2,AVE ROLAND GARROS,0.0,0.0
201400024631,6,10,14,8,1,33,63,2,4,1,6,CRS DE L'YSER,0.0,0.0
201400024632,6,10,14,13,1,33,281,2,5,1,3,AVE DE LA LIBERATION,0.0,0.0
201400024633,2,10,14,10,1,33,63,2,1,1,6,"41, RUE JOSEPH BRUNET",0.0,0.0
201400024634,6,10,14,17,1,33,281,2,3,1,3,AVE DE BELFORT,0.0,0.0
201400024635,4,10,14,22,5,33,318,2,6,1,7,AVE ARAGO,0.0,0.0
201400024636,6,10,14,17,1,33,281,2,1,2,3,"51, AVE HENRI VIGNEAU",0.0,0.0
201400024637,7,10,14,11,1,33,75,2,2,1,3,RUE DE LA TOUR DE GASSIE,0.0,0.0
201400024638,7,10,14,10,1,33,63,2,1,1,7,RUE PERE DIEUZAIDE,0.0,0.0
201400024639,7,10,14,9,1,33,63,2,1,1,4,"167 bis, ALBERT 1ER (BD",0.0,0.0
201400024640,8,10,14,8,1,33,63,2,2,8,3,CRS DE L'ARGONNE,0.0,0.0
201400024641,8,10,14,10,1,33,281,2,6,1,1,RUE DE BEAUDESERT,0.0,0.0
201400024642,3,10,14,9,1,33,32,2,3,1,6,RUE PAUL BERT,0.0,0.0
201400024643,8,10,14,14,1,33,63,2,3,1,6,QUAI RICHELIEU,0.0,0.0
201400024644,8,10,14,14,1,33,522,2,1,1,6,RUE ROBESPIERRE,0.0,0.0
201400024645,8,10,14,17,1,33,63,2,3,1,6,CRS VICTOR HUGO,0.0,0.0
201400024646,8,10,14,17,1,33,63,2,3,1,3,QUAI ARMAND LALANDE,0.0,0.0
201400024647,8,10,14,20,5,33,13,2,6,1,7,AVE DE VIRECOURT,0.0,0.0
201400024648,9,10,14,7,2,33,63,2,1,3,3,PASTEUR CAUD (RUE ),0.0,0.0
201400024649,9,10,14,21,5,33,63,2,1,1,7,"55, CRS PASTEUR",0.0,0.0
201400024650,9,10,14,17,1,33,63,2,2,1,3,RUE VILLEDIEU,0.0,0.0
201400024651,10,10,14,15,1,33,192,2,1,1,1,"72-74, GAULLE (CRS DU GE",0.0,0.0
201400024652,10,10,14,19,1,33,318,2,6,1,3,AVE DE MAGONTY,0.0,0.0
201400024653,11,10,14,9,1,33,63,2,2,1,3,RUE BERNARD ADOUR CAUD,0.0,0.0
201400024654,11,10,14,21,5,33,63,2,3,1,2,QUAI DE LA SOUYS,0.0,0.0
201400024655,12,10,14,23,4,33,550,1,3,1,6,CHEM DE CADAUJAC,0.0,0.0
201400024656,13,10,14,8,1,33,281,2,1,1,3,AVE FRANCOIS MITTERRAND,0.0,0.0
201400024657,12,10,14,10,1,33,63,2,1,1,2,BD DES FRERES MOGA,0.0,0.0
201400024658,13,10,14,17,1,33,281,2,1,1,4,AVE FRANCOIS MITTERRAND,0.0,0.0
201400024659,13,10,14,16,1,33,550,2,2,1,6,RTE DE LEOGNAN,0.0,0.0
201400024660,14,10,14,14,1,33,63,2,1,1,2,QUAI ARMAND LALANDE,0.0,0.0
201400024661,14,10,14,15,1,33,63,2,3,1,6,"36, GAMBETTA (PCE )",0.0,0.0
201400024662,14,10,14,18,1,33,281,2,3,1,3,AVE DE VERDUN,0.0,0.0
201400024663,14,10,14,21,5,33,63,2,3,1,3,"22, QUAI RICHELIEU",0.0,0.0
201400024664,15,10,14,12,1,33,63,2,1,1,6,"164, RUE FRANCOIS DE SOU",0.0,0.0
201400024665,15,10,14,13,1,33,69,2,2,1,3,RUE AMIRAL COURBET,0.0,0.0
201400024666,15,10,14,14,1,33,63,2,3,1,3,RUE JULES STEEG,0.0,0.0
201400024667,15,10,14,15,1,33,63,2,1,1,3,"60, RUE MALBEC",0.0,0.0
201400024668,15,10,14,18,1,33,75,2,2,1,3,RUE JULES LADOUMEGUE,0.0,0.0
201400024669,15,10,14,18,5,33,192,2,4,1,3,AVE DE L'HIPPODROME,0.0,0.0
201400024670,15,10,14,21,5,33,162,2,2,1,6,ALL LEO LAGRANGE,0.0,0.0
201400024671,15,10,14,16,1,33,318,2,1,1,3,"11, RUE FELIX FAURE",0.0,0.0
201400024672,16,10,14,9,2,33,281,2,1,2,6,"255 BIS, AVE DE VERDUN",0.0,0.0
201400024673,16,10,14,15,1,33,249,2,3,2,3,RUE FRANCOIS VILLON,0.0,0.0
201400024674,16,10,14,21,5,33,63,2,2,2,6,CRS GEORGES CLEMENCEAU,0.0,0.0
201400024675,16,10,14,21,3,33,63,2,1,1,2,AVE DE LABARDE,0.0,0.0
201400024676,17,10,14,12,1,33,63,2,2,1,6,CRS D'ALSACE ET LORRAINE,0.0,0.0
201400024677,17,10,14,14,1,33,281,2,1,1,3,"23, AVE MARCEL DASSAULT",0.0,0.0
201400024678,18,10,14,2,5,33,63,2,3,1,1,LOUIS XVIII (QUAI ),0.0,0.0
201400024679,18,10,14,11,1,33,63,2,6,1,6,"37, BD DU PRESIDENT WILS",0.0,0.0
201400024680,18,10,14,17,1,33,63,2,2,1,3,RUE ESPRIT-DES-LOIS,0.0,0.0
201400024681,18,10,14,22,5,33,162,2,3,1,3,AVE DE PICOT,0.0,0.0
201400024682,19,10,14,4,3,33,13,2,1,1,3,N 89,0.0,0.0
201400024683,19,10,14,14,1,33,281,2,2,1,3,AVE PIERRE MENDES FRANCE,0.0,0.0
201400024684,19,10,14,17,1,33,192,2,1,1,3,AVE DE L'HIPPODROME,0.0,0.0
201400024685,18,10,14,19,2,33,192,2,1,1,3,"331, CRS DU GENERAL DE G",0.0,0.0
201400024686,20,10,14,23,5,33,63,2,1,1,7,"4, QUAI DE PALUDATE",0.0,0.0
201400024687,20,10,14,9,1,33,281,2,3,1,3,RUE DE CHARLIN,0.0,0.0
201400024688,21,10,14,7,2,33,318,2,1,1,7,AVE DU GENERAL LECLERC,0.0,0.0
201400024689,21,10,14,11,1,33,63,2,3,1,3,"394, AVE DU MAL DE LATTR",0.0,0.0
201400024690,21,10,14,14,1,33,63,2,6,1,3,DOMERCQ (RUE CHARLES),0.0,0.0
201400024691,21,10,14,16,1,33,281,2,1,2,6,"124, AVE PIERRE MENDES F",0.0,0.0
201400024692,22,10,14,7,2,33,281,2,2,1,3,AVE DES COLOMBES,0.0,0.0
201400024693,22,10,14,7,1,33,63,2,2,1,6,RUE DE MARSEILLE,0.0,0.0
201400024694,22,10,14,13,1,33,63,2,1,1,3,"120, AVE LOUIS BARTHOU C",0.0,0.0
201400024695,22,10,14,13,1,33,63,2,1,1,6,"41, RUE FONDAUDEGE",0.0,0.0
201400024696,22,10,14,14,1,33,63,2,3,1,3,CRS VICTOR HUGO,0.0,0.0
201400024697,17,10,14,16,1,33,281,2,2,1,3,AVE DU DOCTEUR FERNAND G,0.0,0.0