Num_Acc,jour,mois,an,hr,condition_eclairage,departement,commune,condition_agglomeration,intersection,condition_atmosphere,type_collision,adresse,lattitude,longitude
201400024698,22,10,14,17,1,33,63,2,1,1,3,"347, RUE PASTEUR CAUD",0.0,0.0
201400024699,22,10,14,20,5,33,63,2,3,2,2,RUE MONTFAUCON,0.0,0.0
201400024700,23,10,14,4,5,33,63,2,1,1,7,QUAI DE LA SOUYS,0.0,0.0
201400024701,23,10,14,8,2,33,281,2,4,1,3,AVE DU DOC ALBERT SCHWEI,0.0,0.0
201400024702,23,10,14,17,1,33,63,2,2,1,3,ALL HAUSMANN,0.0,0.0
201400024703,22,10,14,17,1,33,162,2,6,1,2,D. 1215,0.0,0.0
201400024704,23,10,14,18,1,33,281,2,1,1,3,AVE DE MAGUDAS,0.0,0.0
201400024705,23,10,14,21,5,33,162,2,6,1,3,AVE DE LA LIBERATION,0.0,0.0
201400024706,23,10,14,22,5,33,63,2,3,1,7,CRS DE LA MARNE,0.0,0.0
201400024707,23,10,14,8,1,33,63,2,1,1,2,RUE DE LA PELOUSE DE DOU,0.0,0.0
201400024708,24,10,14,9,1,33,522,2,6,1,3,RUE DU PROFESSEUR ARNOZA,0.0,0.0
201400024709,24,10,14,21,5,33,63,2,2,1,3,RUE DU VERGNE,0.0,0.0
201400024710,25,10,14,7,5,33,63,2,3,1,6,QUAI DE PALUDATE,0.0,0.0
201400024711,25,10,14,5,2,33,550,2,6,1,3,ROCADE EXTERIEURE,0.0,0.0
201400024712,25,10,14,10,1,33,75,2,2,1,3,AVE CHARLES DE GAULLE,0.0,0.0
201400024713,25,10,14,11,1,33,63,2,1,1,2,"279, RUE GEORGES BONNAC",0.0,0.0
201400024714,25,10,14,22,5,33,63,2,2,1,6,"229, RUE JUDAIQUE",0.0,0.0
201400024715,26,10,14,0,5,33,63,2,2,1,6,"59, RUE DE PESSAC",0.0,0.0
201400024716,24,10,14,14,1,33,522,2,1,1,2,AVE PEY BERLAND,0.0,0.0
201400024717,26,10,14,16,1,33,63,2,1,1,6,RUE CHARLES DOMERCQ,0.0,0.0
201400024718,26,10,14,18,5,33,192,2,1,1,4,"32, CRS DU GENERAL DE GA",0.0,0.0
201400024719,27,10,14,12,1,33,63,2,1,1,6,AVE THIERS,0.0,0.0
201400024720,27,10,14,21,5,33,63,2,3,1,3,QUAI LOUIS XVIII,0.0,0.0
201400024721,27,10,14,19,5,33,522,2,2,1,3,RUE DES EPOUX LESGOURGUE,0.0,0.0
201400024722,28,10,14,10,1,33,63,1,1,1,3,"94, QUAI DES CHARTRONS",0.0,0.0
201400024723,28,10,14,13,1,33,281,2,3,1,3,AVE DE VERDUN,0.0,0.0
201400024724,28,10,14,17,1,33,39,2,2,1,1,GAMBETTA (RUE LEON),0.0,0.0
201400024725,29,10,14,8,1,33,281,2,1,1,3,"26, AVE DE FONCASTEL",0.0,0.0
201400024726,29,10,14,8,1,33,63,2,2,1,3,BD GODARD,0.0,0.0
201400024727,29,10,14,9,1,33,63,2,3,1,6,RUE ROBERT SCHUMAN,0.0,0.0
201400024728,29,10,14,11,1,33,63,2,1,1,6,PCE NANSOUTY,0.0,0.0
201400024729,29,10,14,11,1,33,162,2,3,1,3,"173, AVE DE L'HIPPODROME",0.0,0.0
201400024730,29,10,14,23,5,33,318,2,6,1,7,AVE DU DOCTEUR NANCEL PE,0.0,0.0
201400024731,30,10,14,8,1,33,318,2,3,1,6,AVE EUGENE ET MARC DULOU,0.0,0.0
201400024732,30,10,14,10,1,33,63,2,1,1,3,"63, CRS D'ALBRET",0.0,0.0
201400024733,30,10,14,20,5,33,63,2,3,1,6,RUE SAINT VINCENT DE PAU,0.0,0.0
201400024734,30,10,14,9,1,33,281,2,1,1,2,"22, AVE ARISTIDE BRIAND",0.0,0.0
201400024735,31,10,14,13,1,33,200,2,6,1,3,AVE DE MAGUDAS,0.0,0.0
201400024736,31,10,14,16,1,33,281,2,1,1,3,"119, AVE HENRI VIGNEAU",0.0,0.0
201400024737,31,10,14,17,1,33,63,2,3,1,3,RUE GEORGES MANDEL,0.0,0.0
201400024738,31,10,14,19,5,33,522,2,1,1,3,RUE LAMARTINE,0.0,0.0
201400024739,1,11,14,9,1,33,200,2,1,1,3,"33, AVE DE PARIS",0.0,0.0
201400024740,1,11,14,9,1,33,281,2,4,1,1,RUE DU JARD,0.0,0.0
201400024741,1,11,14,11,1,33,63,2,1,1,2,"287, BD ALFRED DANEY",0.0,0.0
201400024742,1,11,14,13,1,33,63,2,2,1,3,"243, AVE D'EYSINES CAUD",0.0,0.0
201400024743,1,11,14,23,5,33,63,2,1,1,6,"72, QUAI DES CHARTRONS",0.0,0.0
201400024744,1,11,14,11,1,33,550,2,1,1,6,"70, RTE DE LEOGNAN",0.0,0.0
201400024745,3,11,14,16,1,33,119,2,1,2,7,AVE ROGER SCHWOB,0.0,0.0
201400024746,4,11,14,9,1,33,167,2,1,1,3,"6, COTE DE L'EMPEREUR",0.0,0.0
201400024747,4,11,14,18,2,33,13,2,3,2,5,AVE DE L' ILE DE FRANCE,0.0,0.0
201400024748,5,11,14,9,1,33,249,2,2,1,3,AVE DE PARIS,0.0,0.0
201400024749,5,11,14,13,1,33,63,2,3,1,1,BD MARECHAL LECLERC,0.0,0.0
201400024750,5,11,14,19,5,33,162,2,3,1,3,AVE DE L'HIPPODROME,0.0,0.0
201400024751,5,11,14,21,5,33,63,2,3,1,2,"15, RUE JUDAIQUE",0.0,0.0
201400024752,6,11,14,1,5,33,63,2,2,1,3,PCE AMEDEE LARRIEU,0.0,0.0
201400024753,6,11,14,2,5,33,318,2,1,1,6,"56, AVE ROGER COHE",0.0,0.0
201400024754,6,11,14,9,1,33,75,2,2,1,6,AVE DU LAC,0.0,0.0
201400024755,6,11,14,10,1,33,63,2,3,1,3,"14, CRS DE L'YSER",0.0,0.0
201400024756,6,11,14,18,5,33,200,2,3,1,5,AVE DE MAGUDAS,0.0,0.0
201400024757,6,11,14,17,1,33,65,2,3,1,3,AVE DE LA BELLE ETOILE,0.0,0.0
201400024758,7,11,14,8,1,33,39,2,6,2,6,GAMBETTA (RUE LEON),0.0,0.0
201400024759,5,11,14,19,5,33,522,2,3,2,3,"96, CRS GAMBETTA",0.0,0.0
201400024760,7,11,14,8,1,33,522,2,2,1,3,RUE CALIXTE CAMELLE,0.0,0.0
201400024761,7,11,14,16,1,33,75,2,1,1,1,AVE J. CHABAN DELMAS,0.0,0.0
201400024762,8,11,14,7,2,33,63,2,6,1,6,ALL DU BOIS,0.0,0.0
201400024763,7,11,14,18,5,33,192,2,3,1,3,RTE DE PESSAC,0.0,0.0
201400024764,7,11,14,18,5,33,522,2,3,1,2,AVE DE THOUARS,0.0,0.0
201400024765,9,11,14,0,5,33,550,2,1,2,1,"31, CHEM DU PAS DE LA CO",0.0,0.0
201400024766,10,11,14,9,1,33,550,2,6,1,6,"50-60, AVE DES PYRENEES",0.0,0.0
201400024767,4,11,14,19,4,33,13,2,1,2,3,RTE DEPARTEMENTALE N?936,0.0,0.0
201400024768,6,11,14,11,1,33,63,2,3,1,3,BD GODARD,0.0,0.0
201400024769,10,11,14,15,1,33,63,2,2,1,3,RUE CLAUDE BONNIER,0.0,0.0
201400024770,10,11,14,16,1,33,69,2,4,1,2,AVE D'EYSINES,0.0,0.0
201400024771,10,11,14,18,5,33,162,2,3,1,3,AVE DU MEDOC,0.0,0.0
201400024772,10,11,14,17,1,33,281,2,2,1,3,GEORGES LATECOER (RUE),0.0,0.0
201400024773,12,11,14,3,5,33,63,2,1,3,6,QUAI DE LA DOUANE,0.0,0.0
201400024774,12,11,14,7,2,33,192,2,2,3,3,RUE DE LA CROIX DE MONJO,0.0,0.0
201400024775,12,11,14,9,1,33,63,2,2,1,2,BD DU PRESIDENT WILSON,0.0,0.0
201400024776,12,11,14,16,1,33,550,2,3,1,3,RUE BLAISE CENDRARS,0.0,0.0
201400024777,12,11,14,17,2,33,119,2,1,2,5,AVE DU PRESIDENT J.F. KE,0.0,0.0
201400024778,12,11,14,19,5,33,318,2,1,2,2,AVE JEAN BABIN,0.0,0.0
201400024779,12,11,14,20,5,33,318,2,2,1,3,AVE PASTEUR,0.0,0.0
201400024780,13,11,14,9,1,33,522,2,3,1,3,RUE ANDRE MESSAGER,0.0,0.0
201400024781,13,11,14,9,1,33,119,2,6,1,2,AVE ROGER SCHWOB,0.0,0.0
201400024782,13,11,14,8,1,33,162,2,3,1,1,RUE DU COLLEGE TECHNIQUE,0.0,0.0
201400024783,13,11,14,17,5,33,75,2,3,1,1,RTE DU MEDOC,0.0,0.0
201400024784,13,11,14,18,5,33,69,2,2,1,3,"27, RUE FRANCIS DE PRESS",0.0,0.0
201400024785,13,11,14,20,5,33,63,2,3,1,3,RUE AMEDEE SAINT-GERMAIN,0.0,0.0
201400024786,13,11,14,21,5,33,522,2,3,1,6,CRS MARECHAL GALLIENI,0.0,0.0
201400024787,13,11,14,9,1,33,281,2,2,2,2,"27, RUE FRANCOIS ARAGO",0.0,0.0
201400024788,13,11,14,12,1,33,281,2,3,1,4,RUE DU JARD,0.0,0.0
201400024789,12,11,14,17,5,33,63,2,2,2,3,RUE DELBOS,0.0,0.0
201400024790,13,11,14,19,5,33,522,2,2,1,3,RUE PEYDAVANT,0.0,0.0
201400024791,14,11,14,14,1,33,522,2,3,1,3,CRS DE LA LIBERATION,0.0,0.0
201400024792,14,11,14,18,2,33,63,2,1,1,6,"9, PCE MARTYRS DE LA RES",0.0,0.0
201400024793,14,11,14,18,5,33,281,2,2,2,3,AVE PIERRE MENDES FRANCE,0.0,0.0
201400024794,14,11,14,21,5,33,550,2,2,5,6,AVE DU MARECHAL JUIN,0.0,0.0
201400024795,15,11,14,1,5,33,63,2,3,1,3,"39, RTE DE TOULOUSE",0.0,0.0
201400024796,15,11,14,16,1,33,522,2,6,3,3,AVE MARECHAL LECLERC,0.0,0.0
201400024797,15,11,14,21,5,33,522,2,1,3,2,"750, CRS DE LA LIBERATIO",0.0,0.0
201400024798,15,11,14,12,1,33,281,2,2,2,3,AVE DE FONCASTEL,0.0,0.0
201400024799,16,11,14,4,5,33,63,2,2,3,6,RUE LEYTEIRE,0.0,0.0
201400024800,17,11,14,0,5,33,162,2,1,2,7,"246, AVE DE SAINT MEDARD",0.0,0.0
201400024801,14,11,14,12,1,33,63,2,2,8,6,ALBERT 1ER (BD ),0.0,0.0
201400024802,17,11,14,9,1,33,281,2,1,2,2,"89, AVE DE LA LIBERATION",0.0,0.0
201400024803,17,11,14,15,1,33,63,2,1,1,2,"21, RUE SUFFREN",0.0,0.0
201400024804,13,11,14,7,5,33,522,2,2,1,6,RES PACARIS,0.0,0.0
201400024805,14,11,14,12,1,33,522,2,3,8,3,RUE ROBESPIERRE,0.0,0.0
201400024806,14,11,14,7,5,33,192,2,6,3,3,RTE DE CANEJAN,0.0,0.0
201400024807,18,11,14,15,1,33,63,2,3,1,6,"60, CRS DE LA SOMME",0.0,0.0
201400024808,18,11,14,17,1,33,162,2,2,1,3,AVE DU TAILLAN MEDOC,0.0,0.0
201400024809,18,11,14,17,2,33,63,2,2,1,2,BD PIERRE 1ER,0.0,0.0
201400024810,18,11,14,18,1,33,63,2,2,1,4,CRS DE L'YSER,0.0,0.0
201400024811,18,11,14,21,5,33,63,2,4,1,3,RUE FERNAND AUDEGUIL,0.0,0.0
201400024812,18,11,14,19,5,33,522,2,1,1,3,"120, RUE PEYDAVANT",0.0,0.0
201400024813,19,11,14,17,5,33,63,2,3,1,6,FAURE (RUE LUCIEN),0.0,0.0
201400024814,19,11,14,19,5,33,192,2,2,1,3,AVE DE L'HIPPODROME,0.0,0.0
201400024815,19,11,14,20,5,33,63,2,1,1,3,"173, CRS DE L'YSER",0.0,0.0
201400024816,18,11,14,19,5,33,162,2,1,1,6,"40, AVE DE PICOT",0.0,0.0
201400024817,19,11,14,12,1,33,69,2,1,1,6,"208, AVE DE LA LIBERATIO",0.0,0.0
201400024818,19,11,14,9,1,33,69,2,2,1,6,RUE DU PRESIDENT KENNEDY,0.0,0.0
201400024819,20,11,14,8,1,33,318,2,1,1,6,"168, AVE PASTEUR",0.0,0.0
201400024820,20,11,14,12,1,33,550,2,1,1,6,CHEM GASTON,0.0,0.0
201400024821,20,11,14,16,2,33,281,1,3,1,1,AVE DE L'ARGONNE,0.0,0.0
201400024822,20,11,14,18,3,33,162,2,1,1,5,D. 1215,0.0,0.0
201400024823,21,11,14,7,2,33,13,1,1,1,2,ROUTE NATIONALE 89,0.0,0.0
201400024824,20,11,14,19,5,33,522,2,6,1,3,CRS GAMBETTA,0.0,0.0
201400024825,21,11,14,11,1,33,63,2,2,1,6,CRS VICTOR HUGO,0.0,0.0
201400024826,21,11,14,18,5,33,162,2,2,1,3,RUE DU MEDOC,0.0,0.0
201400024827,21,11,14,18,5,33,63,2,3,1,3,PCE BIR HAKEIM,0.0,0.0
201400024828,22,11,14,10,1,33,63,2,6,1,3,BD MARECHAL LECLERC,0.0,0.0
201400024829,21,11,14,19,5,33,162,2,3,1,1,PCE ROUILLAOU,0.0,0.0
201400024830,22,11,14,16,1,33,281,2,1,1,3,RUE JACQUES ANQUETIL,0.0,0.0
201400024831,22,11,14,20,5,33,550,2,2,1,3,AVE DES PYRENEES,0.0,0.0
201400024832,23,11,14,19,5,33,63,2,2,1,3,BD JEAN JACQUES BOSC,0.0,0.0
201400024833,24,11,14,8,2,33,550,2,3,2,6,RTE DE TOULOUSE,0.0,0.0
201400024834,19,11,14,11,1,33,63,2,1,1,6,AVE DES TROIS CARDINAUX,0.0,0.0
201400024835,25,11,14,1,5,33,167,2,2,1,1,RUE SALVADOR ALLENDE,0.0,0.0
201400024836,25,11,14,14,1,33,63,2,2,2,3,RUE DOC CHARLES NANCEL P,0.0,0.0
201400024837,25,11,14,22,5,33,63,2,3,8,3,RUE ESPRIT DES LOIS,0.0,0.0
201400024838,26,11,14,0,5,33,162,2,1,2,6,AVE RENE ANTOUNE,0.0,0.0
201400024839,24,11,14,19,5,33,522,2,6,1,3,RUE PACARIS,0.0,0.0
201400024840,26,11,14,8,1,33,522,2,3,1,3,RUE PACARIS,0.0,0.0
201400024841,26,11,14,8,1,33,63,2,1,1,2,"120, QUAI DE BACALAN",0.0,0.0
201400024842,26,11,14,17,2,33,162,2,2,2,3,RUE DU 19 MARS 1962,0.0,0.0
201400024843,26,11,14,18,5,33,63,2,3,2,1,"99, RUE DE LA BENAUGE",0.0,0.0
201400024844,26,11,14,20,5,33,63,2,1,2,7,QUAI DE BRIENNE,0.0,0.0
201400024845,24,11,14,9,1,33,281,2,6,2,3,ALL PRESIDENT RENE COTY,0.0,0.0
201400024846,27,11,14,16,1,33,63,2,1,1,6,"203, ALBERT 1ER (BD )",0.0,0.0
201400024847,28,11,14,18,5,33,281,2,3,1,6,"325, AVE DE VERDUN",0.0,0.0
201400024848,29,11,14,13,1,33,522,2,1,2,2,"746, CRS DE LA LIBERATIO",0.0,0.0
201400024849,29,11,14,15,1,33,63,2,4,2,2,BD ALBERT 1ER,0.0,0.0
201400024850,30,11,14,3,5,33,63,2,1,2,7,"135, CRS VICTOR HUGO",0.0,0.0
201400024851,1,12,14,8,2,33,69,2,6,1,3,RUE FORMIGE,0.0,0.0
201400024852,2,12,14,16,1,33,281,2,2,1,5,AVE MONTESQUIEU,0.0,0.0
201400024853,2,12,14,17,1,33,69,2,2,1,3,AVE LEON BLUM,0.0,0.0
201400024854,3,12,14,7,2,33,63,1,3,1,4,AVE DE LABARDE,0.0,0.0
201400024855,3,12,14,12,1,33,69,2,1,1,3,"293, AVE DE LA LIBERATIO",0.0,0.0
201400024856,4,12,14,6,5,33,63,2,2,1,3,GALLIENI (CRS DU MARECHA,0.0,0.0
201400024857,4,12,14,19,5,33,192,2,1,2,3,"42, CRS DU GENERAL DE GA",0.0,0.0
201400024858,4,12,14,23,4,33,281,2,1,1,7,AVE DE MAGUDAS,0.0,0.0
201400024859,5,12,14,2,5,33,63,2,3,1,7,"25, RUE DOC CHARLES NANC",0.0,0.0
201400024860,4,12,14,20,5,33,63,2,9,1,6,"0, PCE DES QUINCONCES",0.0,0.0
201400024861,5,12,14,13,1,33,63,2,4,1,6,JUIN (CRS MARECHAL),0.0,0.0
201400024862,7,12,14,2,5,33,162,2,2,1,3,AVE DE SAINT-MEDARD,0.0,0.0
201400024863,6,12,14,20,5,33,63,2,1,1,6,PONT SAINT- JEAN,0.0,0.0
201400024864,7,12,14,23,5,33,63,2,2,2,6,CRS DE L'YSER,0.0,0.0
201400024865,5,12,14,13,1,33,281,2,3,1,3,"46, ST MEDARD (AVE)",0.0,0.0
201400024866,8,12,14,9,1,33,63,2,6,1,3,AVE CHARLES DE GAULLE CA,0.0,0.0
201400024867,8,12,14,15,1,33,281,2,4,2,3,AVE DE LA MARNE,0.0,0.0
201400024868,8,12,14,18,5,33,167,2,6,1,3,AVE DE LA LIBERATION,0.0,0.0
201400024869,8,12,14,21,5,33,192,2,1,1,7,"59, RUE DU MOULINEAU",0.0,0.0
201400024870,9,12,14,7,2,33,63,2,1,1,6,RUE DOCTEUR FINLAY,0.0,0.0
201400024871,9,12,14,17,2,33,69,2,1,1,3,AVE DE LA LIBERATION-CH.,0.0,0.0
201400024872,8,12,14,7,2,33,63,2,3,1,6,RUE STEHELIN CAUD,0.0,0.0
201400024873,10,12,14,8,2,33,63,2,1,1,4,"156, AVE DE LABARDE",0.0,0.0
201400024874,10,12,14,10,1,33,63,2,6,2,3,RUE DES CORDELIERS,0.0,0.0
201400024875,10,12,14,11,1,33,63,2,3,2,6,CITE SNCF/BD JEAN JACQUE,0.0,0.0
201400024876,10,12,14,16,1,33,63,2,3,2,3,"14, MARSEILLE (RUE DE)",0.0,0.0
201400024877,10,12,14,18,5,33,281,2,1,2,6,"98, AVE BON AIR",0.0,0.0
201400024878,11,12,14,2,5,33,63,2,1,1,6,"41, MARNE (CRS DE LA)",0.0,0.0
201400024879,11,12,14,4,5,33,63,2,3,2,3,"115, AVE D'ARES CAUD",0.0,0.0
201400024880,11,12,14,8,1,33,63,2,3,1,3,AVE DE LAROQUE,0.0,0.0
201400024881,11,12,14,10,1,33,63,2,1,1,6,"18, RUE SAINT FORT",0.0,0.0
201400024882,11,12,14,17,5,33,63,2,3,1,2,"320, WILSON (BD DU PRESI",0.0,0.0
201400024883,11,12,14,21,5,33,69,2,6,1,3,AVE MAL DE LATTRE DE TAS,0.0,0.0
201400024884,12,12,14,2,5,33,192,2,6,1,6,RTE DE CANEJAN,0.0,0.0
201400024885,12,12,14,8,1,33,119,2,6,1,1,RUE DU 11 NOVEMBRE 1918,0.0,0.0
201400024886,12,12,14,11,1,33,281,2,1,1,6,AVE DU MARECHAL GALLIENI,0.0,0.0
201400024887,13,12,14,6,2,33,63,2,2,1,3,MEDOC (CRS DU),0.0,0.0
201400024888,13,12,14,9,1,33,63,2,2,1,2,RUE BAUDUCHEU,0.0,0.0
201400024889,14,12,14,2,5,33,162,2,2,1,5,AVE DU MEDOC,0.0,0.0
201400024890,15,12,14,8,1,33,69,2,2,1,3,AVE DE LA LIBERATION-CH.,0.0,0.0
201400024891,16,12,14,11,1,33,63,2,1,1,6,RUE VICTOR HUGO CAUD,0.0,0.0
201400024892,16,12,14,18,5,33,75,2,2,2,3,AVE CHARLES DE GAULLE,0.0,0.0
201400024893,17,12,14,19,5,33,281,2,1,2,3,"20, AVE PYTHAGORE",0.0,0.0
201400024894,18,12,14,13,1,33,119,2,1,2,6,AVE CARNOT,0.0,0.0
201400024895,19,12,14,7,5,33,32,2,3,1,6,AVE DES GRIFFONS,0.0,0.0
201400024896,19,12,14,11,1,33,63,2,3,2,3,RUE DE LA BENAUGE,0.0,0.0
201400024897,19,12,14,13,1,33,119,2,6,2,3,AVE GEORGES CLEMENCEAU,0.0,0.0
201400024898,19,12,14,21,5,33,63,2,1,1,3,"7, AVE DE LA REPUBLIQUE",0.0,0.0
201400024899,20,12,14,1,5,33,167,2,4,3,7,"41, COTE DE L'EMPEREUR",0.0,0.0
201400024900,20,12,14,6,5,33,318,2,3,1,3,AVE DU DOCTEUR ALBERT SC,0.0,0.0
201400024901,21,12,14,6,5,33,63,2,2,1,3,ALL DE BOUTAUT,0.0,0.0
201400024902,21,12,14,22,5,33,63,2,1,1,7,"40, RUE DU FAUBOURG DES",0.0,0.0
201400024903,22,12,14,10,1,33,39,2,1,1,3,RUE DU PRECHE,0.0,0.0
201400024904,22,12,14,9,1,33,550,2,6,1,3,AVE JEAN MONNET,0.0,0.0
201400024905,20,12,14,20,5,33,318,2,1,1,1,"65, AVE DES FACULTES",0.0,0.0
201400024906,24,12,14,6,5,33,75,2,1,5,6,"2, AVE PERIER",0.0,0.0
201400024907,23,12,14,20,5,33,318,2,1,1,6,AVE JEAN JAURES,0.0,0.0
201400024908,24,12,14,18,5,33,75,2,3,2,3,AVE D'AQUITAINE,0.0,0.0
201400024909,25,12,14,8,1,33,318,2,1,2,1,"200, RUE DE LA PRINCESSE",0.0,0.0
201400024910,24,12,14,3,5,33,550,2,2,5,3,RTE DE TOULOUSE,0.0,0.0
201400024911,26,12,14,11,1,33,63,2,1,1,3,"148, CRS DU MEDOC",0.0,0.0
201400024912,26,12,14,18,5,33,63,2,6,3,1,"0, RUE DOCTEUR JEAN VINC",0.0,0.0
201400024913,26,12,14,20,5,33,39,2,6,1,6,BRETELLE DE SORTIE A631,0.0,0.0
201400024914,27,12,14,6,5,33,63,2,6,3,6,QUAI DE PALUDATE,0.0,0.0
201400024915,27,12,14,18,5,33,522,2,4,3,6,AVE PIERRE CORNEILLE,0.0,0.0
201400024916,28,12,14,12,1,33,63,2,3,1,3,BD ALFRED DANEY,0.0,0.0
201400024917,30,12,14,15,1,33,318,2,2,1,3,AVE DU GENERAL LECLERC,0.0,0.0
201400024918,31,12,14,12,1,33,550,2,9,1,1,AVENUE DU SEPTIEME ART,0.0,0.0
201400024919,4,1,14,17,3,49,281,1,2,2,3,,47.15687,-0.75734
201400024920,6,1,14,6,4,49,92,2,7,1,6,Place du souvenir,47.21849,-0.72761
201400024921,20,1,14,7,3,49,355,1,1,5,1,,47.10605,-0.81018
201400024922,1,3,14,0,3,49,92,1,1,8,6,La Fardollière,47.23438,-0.75451
201400024923,6,3,14,10,1,49,70,1,1,1,6,,47.07962,-0.74038
201400024924,8,7,14,8,1,49,70,1,1,1,7,,47.09971,-0.69257
201400024925,17,7,14,4,5,49,58,2,1,1,3,3 RUE SAINT JACQUES,46.99958,-0.64018
201400024926,16,4,14,17,1,18,241,1,1,1,1,,47.32974,2.84927
201400024927,19,4,14,0,3,18,32,1,1,1,6,,0.0,0.0
201400024928,8,7,14,13,1,18,269,1,1,2,1,,0.0,0.0
201400024929,15,7,14,17,1,18,20,2,3,1,3,,47.3896,2.88703
201400024930,28,9,14,17,3,18,32,1,1,1,7,chemin de halage,47.43239,2.91805
201400024931,9,10,14,20,3,18,39,2,1,1,6,24 rue saint vincent,47.31026,2.79251
201400024932,3,12,14,8,1,18,32,2,6,1,1,Rond point des fouchards,0.0,0.0
201400024933,6,1,14,19,5,60,161,2,1,1,1,av Mal delattre tassigny,0.0,0.0
201400024934,10,1,14,10,1,60,44,1,1,1,1,,0.0,0.0
201400024935,28,1,14,14,1,60,161,2,1,1,3,rd 6098,43.646,7.145
201400024936,24,2,14,17,1,60,161,2,1,1,3,PK 28+250 RD6007,0.0,0.0
201400024937,8,3,14,8,1,60,161,2,1,1,1,avenue des plans,0.0,0.0
201400024938,25,4,14,20,5,60,161,2,1,1,6,376 route du bord de mer,0.0,0.0
201400024939,22,5,14,8,1,60,161,1,1,1,1,,0.0,0.0
201400024940,21,5,14,18,1,60,161,2,1,1,1,avenue des maurettes,0.0,0.0
201400024941,15,7,14,17,1,60,161,2,1,1,3,,0.0,0.0
201400024942,28,7,14,13,1,60,161,2,1,1,1,RN7 CD 6007,0.0,0.0
201400024943,2,8,14,14,1,60,44,2,1,1,3,route de cagnes,0.0,0.0
201400024944,8,8,14,13,1,60,161,2,1,1,2,ROUTE DU BORD DE MER,0.0,0.0
201400024945,10,8,14,17,1,60,161,1,1,1,1,,0.0,0.0
201400024946,20,8,14,7,2,60,161,2,1,1,5,avenue des ferrayonnes,0.0,0.0
201400024947,12,9,14,14,1,60,161,1,1,1,3,,0.0,0.0
201400024948,27,9,14,10,1,60,44,1,1,1,5,,0.0,0.0
201400024949,17,10,14,15,1,60,161,2,1,1,6,avenue de la batterie,0.0,0.0
201400024950,13,12,14,2,5,60,44,2,6,1,6,boulevard sauvaigo,0.0,0.0
201400024951,24,12,14,9,1,60,27,1,6,7,3,,0.0,0.0
201400024952,23,1,14,9,1,34,3,2,1,1,6,"26, POMPIDOU (H12 A 14",0.0,0.0
201400024953,24,1,14,18,5,34,3,2,9,2,3,"Q, GRAND CAP (RUE)",0.0,0.0
201400024954,17,2,14,18,1,34,3,2,1,1,1,"aucun, SOLEIL (G15 A J18",0.0,0.0
201400024955,12,3,14,5,3,34,3,1,1,1,5,RD612,43.30517,3.45067
201400024956,15,4,14,13,1,34,3,2,6,1,3,BELLE AGATHOISE (D8 ET E,0.0,0.0
201400024957,30,5,14,4,5,34,3,2,1,1,1,GENTILSHOMMES (H16 A L17,43.2897,3.50716
201400024958,26,6,14,12,1,34,3,2,1,1,2,GENTILSHOMMES (H16 A L17,0.0,0.0
201400024959,4,7,14,11,1,34,3,2,1,2,3,"aucun, GUIRAUDETTE (K13",43.29559,3.47107
201400024960,24,7,14,20,1,34,3,1,1,1,6,"aucun, D 912 VIAS (ROUTE",43.31439,3.45699
201400024961,30,7,14,19,1,34,3,2,1,1,3,GENTILSHOMMES (H16 A L17,0.0,0.0
201400024962,1,8,14,6,1,34,3,2,1,1,6,"2, DEUX FRERES (RUE DES)",0.0,0.0
201400024963,10,8,14,11,1,34,3,2,1,1,3,"SANS, PLESSIS (J7 A J8",0.0,0.0
201400024964,27,8,14,12,1,34,3,2,1,1,2,GENTILSHOMMES (H16 A L17,0.0,0.0
201400024965,30,8,14,0,3,34,3,1,1,1,3,"aucun, D 912 VIAS (ROUTE",43.31435,3.45699
201400024966,6,9,14,20,1,34,3,2,1,1,6,"aucun, VAISSEAUX (RUE DE",0.0,0.0
201400024967,28,9,14,16,1,34,3,2,1,1,3,SERGENTS (I14 A K17,0.0,0.0
201400024968,12,10,14,0,5,34,3,1,1,1,6,GENTILSHOMMES (H16 A L17,0.0,0.0
201400024969,4,11,14,17,5,34,3,2,1,1,7,GENTILSHOMMES (H16 A L17,43.28666,3.51257
201400024970,10,11,14,17,5,34,3,2,1,1,6,"0, SETE",43.30863,3.48991
201400024971,2,12,14,9,1,34,3,1,1,1,3,"aucun, D 51 MARSEILLAN (",43.3264,3.48095
201400024972,27,12,14,16,1,34,3,2,1,1,1,"aucun, AVOCETTE (RUE DE",43.2948,3.45747
201400024973,5,1,14,10,1,34,32,2,6,9,3,"NR, SARCEY FRANCISQUE (B",0.0,0.0
201400024974,10,1,14,14,1,34,32,2,1,9,2,DIDEROT DENIS (IMP ET RU,0.0,0.0
201400024975,15,1,14,18,3,34,32,2,1,9,7,RIVETTI ROBERT (RUE),43.34465,3.24085
201400024976,14,1,14,19,5,34,32,2,2,9,7,JUIN MARECHAL (RUE DU),0.0,0.0
201400024977,20,1,14,16,1,34,336,2,1,9,7,BEREGOVOY (AVENUE PIERRE,0.0,0.0
201400024978,23,1,14,14,1,34,32,2,1,9,2,CONSTANS JEAN (AV),0.0,0.0
201400024979,25,1,14,17,5,34,32,2,1,9,6,GRAMME ZENOBE (RUE),0.0,0.0
201400024980,26,1,14,11,1,34,32,2,1,9,6,"24, GAMBETTA (AV)",0.0,0.0
201400024981,31,1,14,6,1,34,32,2,1,9,6,GAMBETTA (AV),0.0,0.0
201400024982,6,2,14,8,1,34,32,1,1,1,1,ROUTE D'AGDE (RD 612B),43.32501,3.24665
201400024983,9,2,14,15,1,34,32,1,1,1,3,ROUTE DEPARTEMENTALE 612,0.0,0.0
201400024984,16,2,14,1,3,34,32,1,1,1,1,BESSAN (ROUTE DE),43.35439,3.27607
201400024985,4,2,14,22,5,34,32,2,1,1,6,"49, MARNE (AV DE LA)",0.0,0.0
201400024986,31,1,14,9,1,34,32,2,1,1,7,"NP, KENNEDY PRESIDENT (B",0.0,0.0
201400024987,7,3,14,6,2,34,32,1,1,1,7,ROUTE DEPARTEMENTALE NR.,43.33292,3.15132