Num_Acc,jour,mois,an,hr,condition_eclairage,departement,commune,condition_agglomeration,intersection,condition_atmosphere,type_collision,adresse,lattitude,longitude
201400024988,21,3,14,15,1,34,32,2,1,1,7,"51, RIQUET PIERRE PAUL (",0.0,0.0
201400024989,22,3,14,15,1,34,32,1,1,1,7,"NP, STADE DE LA PRESIDEN",0.0,0.0
201400024990,27,3,14,15,1,34,32,1,1,1,2,ROUTE DE PEZENAS (RN.113,0.0,0.0
201400024991,31,3,14,20,2,34,32,2,2,1,3,"NP, LECLERC MARECHAL (BD",0.0,0.0
201400024992,15,4,14,13,1,34,73,1,1,1,7,CHAZOTTES (CHEMIN DES),0.0,0.0
201400024993,15,4,14,15,1,34,32,2,1,1,7,ROUTE DE MARAUSSAN (RD.1,43.34118,3.19802
201400024994,21,4,14,13,1,34,32,2,1,1,6,"0, NELSON MANDELA (PROME",0.0,0.0
201400024995,28,4,14,17,1,34,32,1,1,1,1,RD.909,43.37128,3.22308
201400024996,11,5,14,21,5,34,32,2,9,9,3,"21, DUMAS ALEXANDRE (BD)",0.0,0.0
201400024997,13,5,14,14,1,34,32,2,1,9,7,"15, LECLERC MARECHAL (BD",0.0,0.0
201400024998,14,5,14,7,1,34,336,2,1,1,2,"30, BEREGOVOY (AVENUE PI",0.0,0.0
201400024999,24,5,14,14,1,34,32,1,1,9,1,RD.64,43.315,3.20551
201400025000,1,6,14,14,1,34,32,1,1,1,3,ROUTE DE NARBONNE (RN 11,43.31422,3.17957
201400025001,1,6,14,17,1,34,32,1,1,1,7,ROUTE DEPARTEMENTALE  61,43.35947,3.17568
201400025002,30,5,14,21,5,34,32,2,3,1,3,"33, GAMBETTA (AV)",0.0,0.0
201400025003,26,6,14,10,1,34,32,2,3,9,3,CR.106,0.0,0.0
201400025004,27,6,14,10,1,34,32,2,1,1,7,"149, MOULIN JEAN (AV)",0.0,0.0
201400025005,29,6,14,18,1,34,32,2,9,1,7,"NR, BIR-HARKEIM (BD DE)",0.0,0.0
201400025006,16,7,14,11,1,34,336,1,1,1,2,MEDITERRANEE (ROND POINT,43.32055,3.29397
201400025007,17,7,14,6,2,34,336,2,3,1,3,"NP, CHEMIN DEPARTEMENTAL",0.0,0.0
201400025008,11,8,14,15,1,34,32,1,1,1,2,MAUREILHAN (ROUTE DE),43.34577,3.16314
201400025009,23,8,14,14,1,34,32,2,9,9,3,BEDARIEUX (ROUTE DE),0.0,0.0
201400025010,1,9,14,7,1,34,32,2,6,1,7,WILSON PRESIDENT (AV DU),0.0,0.0
201400025011,25,9,14,13,1,34,32,2,2,9,7,SYLVESTRE NOEL (RUE),0.0,0.0
201400025012,27,9,14,11,1,34,32,1,1,1,1,ROUTE DE CAPESTANG (RD.1,43.33561,3.17779
201400025013,1,11,14,5,5,34,336,1,1,9,1,"NR, R.D 612",43.33379,3.28355
201400025014,14,11,14,8,1,34,32,2,1,1,6,FAURE EDGARD (RD.POINT),0.0,0.0
201400025015,16,11,14,20,3,34,37,1,1,1,1,RD 15 (rte de Bdarieux),0.0,0.0
201400025016,1,12,14,11,1,34,32,2,1,1,7,"21, CLEMENCEAU GEORGES (",0.0,0.0
201400025017,4,12,14,13,1,34,32,2,1,1,7,"NR, JUSSIEU (RUE DE)",0.0,0.0
201400025018,9,12,14,18,4,34,32,2,1,1,7,"NP, ROUTE D'AGDE (RD 612",43.34732,3.25377
201400025019,11,12,14,20,5,34,32,2,1,1,2,"54, ALBERT 1ER (AVENUE)",43.34989,3.21841
201400025020,29,12,14,18,5,34,32,2,1,1,7,"NP, MONTIMARAN (ZONE ART",0.0,0.0
201400025021,1,1,14,2,5,34,172,2,1,2,7,"sans, LIBERTE (AVENUE DE",43.6056,3.86481
201400025022,1,1,14,14,1,34,172,2,6,1,3,"sans, AURIOL (AVENUE VIN",43.65069,3.86541
201400025023,2,1,14,9,1,34,172,2,1,1,1,"sans, NERUDA (AVENUE PAB",43.62031,3.82232
201400025024,2,1,14,12,1,34,172,2,2,1,3,LODEVE (AVENUE DE,43.61026,3.85446
201400025025,4,1,14,14,1,34,172,2,1,8,7,"0, NERUDA (AVENUE PABLO)",43.62013,3.82233
201400025026,6,1,14,11,1,34,172,2,3,1,3,"0, TOULOUSE (AVENUE DE",43.59742,3.86418
201400025027,6,1,14,12,1,34,172,2,1,1,3,"2310, TOULOUSE (AVENUE D",43.58961,3.85602
201400025028,7,1,14,13,1,34,172,2,1,8,2,"430, BLUM (RUE LEON)",43.60663,3.89013
201400025029,7,1,14,15,1,34,172,2,1,8,7,"sans, LIBERTE (AVENUE DE",43.6188,3.81818
201400025030,8,1,14,15,1,34,172,2,2,2,3,GIRAUD (AVENUE DU DOYEN,43.63433,3.84943
201400025031,8,1,14,18,5,34,172,2,1,8,6,"1424, MENDE (ROUTE DE)",43.63501,3.86829
201400025032,8,1,14,21,5,34,172,2,2,1,3,"SANS, ECOLE D'AGRICULTUR",43.61553,3.85632
201400025033,9,1,14,17,2,34,172,2,3,8,6,"80, FAUBOURG FIGUEROLLES",43.60616,3.86347
201400025034,9,1,14,18,5,34,172,2,3,8,6,ROQUETURIERE (RUE DE LA),43.62842,3.88745
201400025035,11,1,14,4,5,34,172,2,1,1,1,"25, JEU DE PAUME (BOULEV",43.60708,3.87452
201400025036,11,1,14,15,1,34,172,2,1,8,3,"0, COMTE DE NICE (AVENUE",43.6418,3.81293
201400025037,11,1,14,21,5,34,172,2,3,1,1,"SANS, CLEMENCEAU (AVENUE",43.60229,3.8701
201400025038,13,1,14,17,4,34,172,2,1,2,3,"65, ASSAS (AVENUE D')",43.61668,3.86163
201400025039,13,1,14,19,5,34,172,2,1,2,2,"sans, JUSTICE DE CASTELN",43.62702,3.89023
201400025040,14,1,14,7,5,34,198,2,1,1,6,"SANS, MONTPELLIER (AVENU",0.0,0.0
201400025041,14,1,14,9,1,34,172,2,1,1,2,"40, FLAHAULT (AVENUE CHA",43.62306,3.86323
201400025042,15,1,14,15,1,34,172,2,3,1,7,SAINT MAURICE DE SAURET,43.61989,3.8909
201400025043,16,1,14,12,1,34,172,2,1,2,2,"5, FOCH (RUE)",43.61106,3.87377
201400025044,16,1,14,19,5,34,172,2,1,1,3,"0, MENDE (ROUTE DE)",43.63673,3.86727
201400025045,17,1,14,17,1,34,172,2,1,1,2,"1035, MOULARES (CHEMIN D",43.59688,3.89262
201400025046,18,1,14,19,5,34,172,2,1,1,3,"526, BOLOGNE (RUE DE)",43.63051,3.82046
201400025047,18,1,14,19,5,34,172,2,2,1,3,"sans, SAINT CLEOPHAS (RU",43.60008,3.86809
201400025048,18,1,14,12,1,34,172,2,1,2,3,HORTUS (RUE DE L'),43.64229,3.85923
201400025049,18,1,14,11,1,34,172,2,1,1,2,"0, LIBERTE (AVENUE DE LA",43.61386,3.82209
201400025050,19,1,14,17,1,34,172,2,1,8,7,"302, MENDE (ROUTE DE)",43.62543,3.87076
201400025051,20,1,14,21,5,34,172,2,2,1,3,"SANS, BRINGUIER (AVENUE",43.61632,3.8413
201400025052,23,1,14,16,1,34,172,2,1,1,3,"967, MER (AVENUE DE LA)",43.59783,3.90366
201400025053,23,1,14,17,1,34,172,2,6,1,2,APPEL DU 18 JUIN (ROND-P,43.63672,3.83079
201400025054,24,1,14,14,1,34,172,2,1,2,6,"15C, FIGAIRASSE (RUE DE",43.60747,3.84959
201400025055,24,1,14,16,1,34,172,2,1,8,7,"1, RONDELET (RUE)",43.60499,3.87511
201400025056,24,1,14,21,5,34,172,2,2,1,3,"23, RENOUVIER (BOULEVARD",43.60325,3.86782
201400025057,25,1,14,9,1,34,172,2,3,8,3,"0, PRES D'ARENES (AVENUE",43.59064,3.88473
201400025058,27,1,14,8,1,34,172,2,3,1,3,"9, BLEUETS (RUE DES)",43.60657,3.84768
201400025059,28,1,14,21,5,34,172,2,1,1,2,RIMBAUD (RUE PAUL),43.61807,3.84383
201400025060,30,1,14,18,5,34,172,2,1,1,6,"292, CHENAIE (RUE DE LA)",43.63551,3.86955
201400025061,31,1,14,15,1,34,172,2,2,1,3,BERTHELOT (BOULEVARD),43.59938,3.8734
201400025062,1,2,14,1,5,34,172,2,2,1,3,FIGAIRASSE (RUE DE LA),43.6019,3.85352
201400025063,2,2,14,14,1,34,172,1,1,1,5,GRAMMONT (COMPLEXE SPORT,43.61442,3.93006
201400025064,3,2,14,11,1,34,172,2,2,1,6,MONTMORENCY (ALLEE HENRI,43.61038,3.89006
201400025065,4,2,14,8,1,34,172,2,3,1,1,JUVENAL (PONT),43.6059,3.89408
201400025066,4,2,14,6,2,34,172,2,2,1,3,8 MAI 1945 (PLACE DU),43.60117,3.86772
201400025067,4,2,14,9,1,34,172,2,2,1,3,CARTIER (AVENUE JACQUES),43.60682,3.89401
201400025068,4,2,14,18,5,34,172,2,1,1,7,"0, ULYSSE (ALLEE)",43.6029,3.9175
201400025069,5,2,14,9,1,34,172,2,1,8,3,"0, BALEARES (RUE DES)",43.64019,3.81794
201400025070,7,2,14,16,1,34,172,2,1,1,1,"277, PRIEST ST DE 1 A 51",43.63102,3.84626
201400025071,11,2,14,14,1,34,172,2,1,1,6,"57, FAUBOURG FIGUEROLLES",43.60637,3.8643
201400025072,12,2,14,9,1,34,172,2,3,1,5,"0, LAENNEC (RUE RENE)",43.62835,3.85967
201400025073,12,2,14,16,1,34,172,2,1,1,6,"sans, SAINT LOUIS (RUE)",0.0,0.0
201400025074,13,2,14,14,1,34,172,2,1,1,3,MONTELS-EGLISE (RUE DE),43.5757,3.87117
201400025075,14,2,14,12,1,34,172,2,1,1,7,"sans, LIBERTE (AVENUE DE",43.59632,3.87647
201400025076,14,2,14,13,1,34,172,2,3,1,3,LODEVE (AVENUE DE,43.61267,3.84468
201400025077,15,2,14,14,1,34,198,2,3,1,2,"0, PAGNOL (AVENUE MARCEL",43.55397,3.9673
201400025078,15,2,14,19,5,34,172,2,1,1,3,"779, SAINT HILAIRE (RUE",43.5914,3.8911
201400025079,16,2,14,6,5,34,172,2,3,2,7,CROIX DES ROSIERS (RUE D,43.61085,3.83069
201400025080,16,2,14,18,3,34,129,1,1,8,2,"0, CALADE (ALLEE DE LA)",43.57693,3.89726
201400025081,17,2,14,8,1,34,172,2,1,1,2,"597, JUSTICE DE CASTELNA",43.62616,3.87677
201400025082,19,2,14,12,1,34,172,2,1,1,6,"59, TOULOUSE (AVENUE DE",43.59724,3.86406
201400025083,20,2,14,8,1,34,172,2,1,1,6,"585, AIGUELONGUE (RUE DE",43.63319,3.87528
201400025084,20,2,14,13,1,34,172,2,2,1,6,SALENGRO (PLACE ROGER),43.60743,3.86708
201400025085,21,2,14,8,1,34,172,2,1,1,3,"1000, MONTASINOS (RUE DE",43.63065,3.87885
201400025086,23,2,14,20,5,34,172,2,1,1,3,"sans, MOULINS (AVENUE DE",43.61989,3.83239
201400025087,24,2,14,10,1,34,172,2,3,8,3,"0, PUECH VILLA (RUE DE)",43.64128,3.83473
201400025088,25,2,14,8,1,34,172,2,1,2,7,"59, LODEVE (AVENUE DE",43.60974,3.86308
201400025089,26,2,14,10,1,34,172,2,2,1,3,"48, MAS DE BROUSSE (RUE",43.59938,3.91985
201400025090,26,2,14,18,5,34,172,2,3,1,3,AVENUE DE BARCELONE,43.62373,3.81745
201400025091,26,2,14,21,5,34,172,2,1,1,7,"SANS, FABRE DE MORLHON (",43.59019,3.88227
201400025092,27,2,14,15,1,34,172,2,2,8,3,"0, SOULAS (AVENUE DU PER",43.62952,3.84403
201400025093,27,2,14,14,1,34,172,2,2,1,3,GRASSET (AVENUE DU PROFE,43.62152,3.86848
201400025094,28,2,14,22,5,34,172,2,1,1,1,"1206, SORBES (RUE DE LAS",43.61425,3.84932
201400025095,2,3,14,4,5,34,172,2,1,1,7,"0, SARRAIL (BOULEVARD)",43.61356,3.88077
201400025096,2,3,14,10,1,34,172,2,2,1,1,"0, VANIERES (AVENUE DE)",43.59261,3.85262
201400025097,2,3,14,16,1,34,129,2,1,1,2,"sans, PALAVAS D986 (ROUT",43.56431,3.8945
201400025098,3,3,14,12,1,34,172,2,1,1,3,"8, MICHEL (RUE ERNEST)",43.6015,3.8739
201400025099,5,3,14,15,1,34,172,2,1,1,7,"0, NERUDA (AVENUE PABLO)",43.61696,3.82014
201400025100,5,3,14,11,1,34,172,2,2,1,1,MONTASINOS (RUE DE,43.62613,3.88232
201400025101,6,3,14,18,1,34,172,2,1,1,3,"1993, TOULOUSE (AVENUE D",43.58727,3.8535
201400025102,7,3,14,13,1,34,172,2,9,1,3,"23, NIMES (AVENUE DE)",43.61677,3.88511
201400025103,7,3,14,18,2,34,172,2,1,1,7,"sans, PEYROU (PROMENADE",43.61078,3.87064
201400025104,9,3,14,6,5,34,172,1,1,1,2,"SANS, RN109 A RN113",43.61035,3.82255
201400025105,10,3,14,8,1,34,172,2,9,1,4,"100, VALERY (BOULEVARD P",43.58936,3.85707
201400025106,10,3,14,10,1,34,172,2,1,1,3,"100, HEIDELBERG (AVENUE",43.62571,3.81302
201400025107,14,3,14,11,1,34,172,2,1,1,4,"19, RENOUVIER (BOULEVARD",0.0,0.0
201400025108,14,3,14,20,5,34,198,1,9,1,3,"sans, D172",43.57789,3.93581
201400025109,15,3,14,15,1,34,172,2,3,1,3,PEQUET (RUE HENRI),43.61009,3.89992
201400025110,15,3,14,21,5,34,172,2,2,1,3,"SANS, MARIE DE MONTPELLI",43.60083,3.89762
201400025111,17,3,14,11,1,34,129,2,9,1,6,MONTELS L' EGLISE (RUE D,43.5851,3.88819
201400025112,15,3,14,15,1,34,172,2,1,1,3,FABRE DE MORLHON (BOULEV,0.0,0.0
201400025113,18,3,14,11,1,34,172,2,3,1,6,BELLAY (RUE JOACHIM DU),43.60664,3.85954
201400025114,18,3,14,16,1,34,172,2,2,1,1,"0, JUSTICE DE CASTELNAU",43.62686,3.86973
201400025115,19,3,14,8,1,34,172,2,1,1,1,"0, GARRATS (AVENUE DES)",43.61332,3.83898
201400025116,19,3,14,8,1,34,172,2,1,1,3,SAINT LAZARE (AVENUE DE),43.62388,3.88871
201400025117,19,3,14,20,5,34,172,2,1,1,2,"38, PEYSON (RUE FREDERIC",43.60068,3.87941
201400025118,21,3,14,6,5,34,172,2,1,8,7,"sans, LIBERTE (AVENUE DE",43.59788,3.87435
201400025119,22,3,14,10,1,34,172,2,1,2,7,"100, LIBERTE (AVENUE DE",43.6087,3.84766
201400025120,23,3,14,15,1,34,172,2,1,1,4,"0, LIBERTE (AVENUE DE LA",43.6141,3.82173
201400025121,23,3,14,20,5,34,172,2,3,1,3,"0, MARQUEROSE (RUE DE LA",43.58847,3.86962
201400025122,24,3,14,7,1,34,172,2,1,1,2,"273, SORBES (RUE DE LAS",43.61695,3.86075
201400025123,26,3,14,10,1,34,172,2,2,1,7,"0, CARTIER (AVENUE JACQU",43.60685,3.89247
201400025124,27,3,14,8,1,34,172,2,1,1,7,"87, LODEVE (AVENUE DE",43.61031,3.85933
201400025125,28,3,14,13,1,34,172,2,1,1,3,"566, JUSTICE DE CASTELNA",0.0,0.0
201400025126,28,3,14,15,1,34,172,2,1,1,2,BLAYAC (RUE DU PROFESSEU,43.62644,3.82293
201400025127,29,3,14,3,5,34,129,1,1,1,6,"sans, CARNON (ROUTE DE",43.585,3.92082
201400025128,29,3,14,11,1,34,172,2,3,1,7,FOCH (RUE),43.61101,3.87345
201400025129,30,3,14,15,1,34,172,2,3,1,3,"0, INDUSTRIE (RUE DE L')",43.58908,3.88474
201400025130,30,3,14,15,1,34,172,2,1,1,3,"0, RIMBAUD (RUE PAUL)",43.61771,3.83875
201400025131,31,3,14,8,1,34,172,2,1,1,3,"0, JOUHAUX (AVENUE LEON)",43.5947,3.8202
201400025132,1,4,14,19,1,34,172,2,1,1,3,"141, JANVIER (RUE GUILLA",43.59624,3.86566
201400025133,2,4,14,1,3,34,129,1,1,1,3,"sans, PEROLS D132 (AVENU",43.56017,3.92374
201400025134,1,4,14,10,1,34,172,2,1,2,3,"1580, SOULAS (AVENUE DU",43.62474,3.85178
201400025135,1,4,14,11,1,34,172,2,1,8,7,"44, FAUBOURG DU COURREAU",43.60841,3.87026
201400025136,4,4,14,13,1,34,172,2,2,1,3,"0, EINSTEIN (AVENUE ALBE",43.6083,3.90658
201400025137,4,4,14,16,1,34,172,2,1,1,3,"0, SOULAS (AVENUE DU PER",43.62058,3.85823
201400025138,6,4,14,1,5,34,172,2,1,1,6,"SANS, FRANCE (PLACE DE)",43.604,3.9167
201400025139,6,4,14,14,1,34,172,2,1,1,1,"sans, FONTAINE (RUE DE L",43.64667,3.84442
201400025140,9,4,14,22,5,34,172,2,4,1,7,"SANS, TOULOUSE (AVENUE D",43.59508,3.86185
201400025141,10,4,14,8,1,34,172,2,3,1,5,SOULAS (AVENUE DU PERE,43.62259,3.85461
201400025142,10,4,14,9,1,34,172,2,1,1,5,"934, CAUSSE (RUE PIERRE)",43.61014,3.83636
201400025143,10,4,14,17,1,34,129,2,1,1,4,"0, MONTPELLIER (AVENUE D",43.56858,3.90415
201400025144,11,4,14,13,1,34,172,2,1,1,7,"0, MOULINS (AVENUE DES",43.62555,3.83701
201400025145,11,4,14,14,1,34,172,2,1,1,7,"159, LUNEL (RUE ARMAND)",43.60197,3.84657
201400025146,1,4,14,11,1,34,172,2,1,1,7,"0, HUIT MAI 1945 (PLACE",43.60093,3.86809
201400025147,12,4,14,14,1,34,172,2,2,1,3,"sans, AEROPORT INTERNATI",43.60924,3.89433
201400025148,12,4,14,23,5,34,172,2,1,1,6,"1317, TOULOUSE (AVENUE D",0.0,0.0
201400025149,13,4,14,15,1,34,172,1,1,1,3,"sans, GENNEVAUX (ROND-PO",43.5927,3.82017
201400025150,14,4,14,7,1,34,172,2,1,1,6,"18, VIEUSSENS (BOULEVARD",43.60034,3.87829
201400025151,14,4,14,9,1,34,172,2,1,1,4,"28, SAINT LAZARE (AVENUE",43.61884,3.88643
201400025152,16,4,14,10,1,34,172,2,9,1,6,AURIOL (AVENUE VINCENT),43.64529,3.85268
201400025153,16,4,14,15,1,34,172,2,1,1,2,"540, VINCI (RUE LEONARD",43.61296,3.90538
201400025154,16,4,14,16,1,34,172,2,1,1,6,"0, MAS SAINT PIERRE (RUE",43.58167,3.88061
201400025155,17,4,14,8,1,34,172,2,1,1,6,SAINT HILAIRE (RUE DE),43.59348,3.89631
201400025156,17,4,14,9,1,34,172,2,3,1,3,RABELAIS (BOULEVARD),43.6012,3.88158
201400025157,17,4,14,20,1,34,172,2,1,1,7,LIBERTE (AVENUE DE LA,0.0,0.0
201400025158,18,4,14,9,1,34,172,2,2,1,3,"273, SORBES (RUE DE LAS",43.61671,3.86036
201400025159,18,4,14,17,1,34,172,2,1,1,3,"80, GRANIER (ROND POINT",43.60207,3.90043
201400025160,22,4,14,11,1,34,172,2,1,1,7,"0, LOUISVILLE (AVENUE DE",0.0,0.0
201400025161,22,4,14,14,1,34,172,2,1,2,2,MAS SAINT PIERRE (RUE DU,43.58383,3.87678
201400025162,23,4,14,8,1,34,172,2,3,1,5,"39, FIGAIRASSE (RUE DE L",43.60493,3.85595
201400025163,24,4,14,8,1,34,172,2,1,1,2,RIMBAUD (RUE PAUL),43.61892,3.84769
201400025164,25,4,14,8,1,34,172,2,1,2,7,"2939, MEHUL (AVENUE ETIE",43.57707,3.86012
201400025165,25,4,14,11,1,34,172,2,1,2,5,"0, JOUHAUX (AVENUE LEON)",43.60899,3.85483
201400025166,26,4,14,19,1,34,172,2,1,1,5,LIBERTE (AVENUE DE LA,43.60883,3.85271
201400025167,26,4,14,21,5,34,129,2,1,2,3,"sans, D172",43.57003,3.8989
201400025168,28,4,14,14,1,34,172,2,1,1,4,"0, JOUHAUX (AVENUE LEON)",43.59334,3.82082
201400025169,28,4,14,17,1,34,172,2,3,1,3,"0, CASTELNAU JUSTICE DE",43.6255,3.87952
201400025170,3,5,14,17,1,34,172,2,1,1,6,VALLOIS (RUE PROFESSEUR,43.61438,3.88382
201400025171,4,5,14,21,5,34,172,2,1,1,7,MENDES FRANCE (AVENUE PR,43.608,3.92504
201400025172,5,5,14,8,1,34,129,1,1,1,7,CEREIREDE (CHEMIN DE),43.58113,3.89985
201400025173,4,5,14,11,1,34,129,1,1,1,7,ETANGS (CHEMIN DES),43.55033,3.89759
201400025174,6,5,14,9,1,34,172,2,1,8,2,"0, TOULOUSE (AVENUE DE",43.58419,3.84852
201400025175,6,5,14,14,1,34,172,2,1,1,2,"sans, MOULINS (AVENUE DE",43.6365,3.84456
201400025176,6,5,14,14,1,34,172,2,1,8,3,"974, POMPIGNANE (AVENUE",43.61484,3.8979
201400025177,8,5,14,15,1,34,172,2,1,8,7,JUSTICE DE CASTELNAU (AV,43.62638,3.88531
201400025178,9,5,14,13,1,34,172,2,1,1,2,LIBERTE (AVENUE DE LA,43.6085,3.86178
201400025179,9,5,14,13,1,34,172,2,1,1,2,ROUGET DE LISLE (RUE),43.59518,3.83766
201400025180,9,5,14,16,1,34,172,2,4,1,3,RENE (RUE HENRI),43.60475,3.88245
201400025181,10,5,14,11,1,34,172,2,3,1,2,LAURAGAIS (AVENUE DU),43.6307,3.82217
201400025182,11,5,14,15,1,34,172,2,1,1,3,"103, FAUBOURG FIGUEROLLE",43.60539,3.86078
201400025183,12,5,14,16,1,34,172,2,1,1,6,"sans, LIBERTE (AVENUE DE",43.60501,3.86483
201400025184,14,5,14,9,1,34,172,2,1,1,2,"sans, MENDES FRANCE (AVE",43.6094,3.90907
201400025185,14,5,14,14,1,34,172,2,1,1,2,CARRIEU (RUE MARIUS),43.61751,3.84322
201400025186,14,5,14,17,1,34,172,2,2,1,3,VIEUSSENS (BOULEVARD),43.6003,3.87822
201400025187,15,5,14,8,1,34,172,2,7,1,3,VOIE DOMITIENNE (PLACE D,43.62993,3.86989
201400025188,15,5,14,12,1,34,172,2,1,1,3,RAYMOND DUGRAND (AVENUE),43.5983,3.90338
201400025189,16,5,14,21,5,34,172,2,2,1,3,MOULINS (AVENUE DES,0.0,0.0
201400025190,16,5,14,1,5,34,172,2,1,1,6,OLLIVIER (RUE ARISTIDE),0.0,0.0
201400025191,16,5,14,12,1,34,172,2,3,1,2,MICHEL (RUE ERNEST),43.60143,3.87382
201400025192,16,5,14,13,1,34,172,2,1,1,7,"0, MENDES FRANCE (AVENUE",43.60284,3.93776
201400025193,16,5,14,15,1,34,172,2,1,1,7,"1400, MOULARES (CHEMIN D",43.59385,3.88996
201400025194,17,5,14,12,1,34,172,2,1,1,3,"201, YUCCAS (RUE DES)",43.59132,3.88489
201400025195,18,5,14,17,1,34,172,2,1,1,6,"13, SARRAIL (BOULEVARD)",43.60962,3.88083
201400025196,19,5,14,10,1,34,172,2,1,2,3,"131, PARGUEL (AVENUE ABB",43.63327,3.86025
201400025197,20,5,14,11,1,34,172,2,1,8,2,"970, MOULARES (CHEMIN DE",43.59746,3.89284
201400025198,20,5,14,15,1,34,172,2,1,8,6,PAVELET (AVENUE DU COLON,43.59083,3.85729
201400025199,22,5,14,4,5,34,172,2,1,2,7,SANS RAYMOND DUGRAND (A,43.59505,3.90553
201400025200,23,5,14,1,5,34,172,2,1,1,7,"SANS, PENELOPE (BOULEVAR",43.60313,3.91341
201400025201,23,5,14,13,1,34,172,2,3,1,3,"0, POMPIGNANE (AVENUE DE",43.6183,3.89741
201400025202,23,5,14,18,1,34,172,2,1,8,3,"170, MONTELS-EGLISE (RUE",43.58214,3.88603
201400025203,23,5,14,15,1,34,172,2,1,1,6,"178, SICILE (RUE DE)",43.63524,3.81303
201400025204,25,5,14,9,1,34,172,2,3,1,3,"0, TOULOUSE (AVENUE DE",43.60032,3.86743
201400025205,25,5,14,14,1,34,172,2,1,8,6,"sans, PAS DU LOUP (RUE D",43.60019,3.84832
201400025206,25,5,14,18,1,34,172,2,1,1,1,"sans, POITIERS (AVENUE G",43.63969,3.81857
201400025207,27,5,14,17,1,34,172,2,1,8,6,"6, GRAU (RUE DU)",43.5926,3.88513
201400025208,27,5,14,18,1,34,129,2,1,1,3,EUROPE (PLACE DE L'),43.57159,3.90636
201400025209,28,5,14,7,1,34,172,2,1,1,7,BICENTENAIRE (PLACE DU),43.60368,3.87878
201400025210,29,5,14,1,5,34,172,2,1,1,7,"15, GAMBETTA (COURS)",43.60058,3.8732
201400025211,30,5,14,18,1,34,172,2,1,8,1,"SANS, BIONNE (RUE DE)",43.61143,3.82743
201400025212,30,5,14,21,4,34,172,2,1,2,3,"44, BERTHELOT (BOULEVARD",43.59972,3.87533
201400025213,1,6,14,16,1,34,172,2,2,1,3,TOULOUSE (AVENUE DE,43.5974,3.86424
201400025214,1,6,14,20,1,34,172,2,6,1,2,FONT CARRADE (RUE DE),43.6081,3.85871
201400025215,2,6,14,8,1,34,172,2,1,1,6,"4, BOUISSON-BERTRAND (AV",43.61625,3.87465
201400025216,2,6,14,17,1,34,172,2,1,1,3,ALCO (ROND POINT D'),43.62342,3.83394
201400025217,4,6,14,4,4,34,172,2,2,1,6,ANTONELLI (AVENUE DU PRO,43.59927,3.89388
201400025218,5,6,14,2,3,34,198,1,1,1,6,"0, D66  VOIE RAPIDE",43.60077,3.93828
201400025219,7,6,14,12,1,34,172,2,1,1,3,"sans, CARTIER (AVENUE JA",0.0,0.0
201400025220,10,6,14,21,2,34,172,2,2,1,3,"SANS, FES (RUE DE)",43.63387,3.83237
201400025221,11,6,14,13,1,34,172,2,1,1,6,"23, PELLICIER (RUE GUILL",43.60764,3.86715
201400025222,15,6,14,1,5,34,172,2,2,1,3,"SANS, GRASSET (AVENUE DU",43.62147,3.86854
201400025223,15,6,14,19,1,34,172,2,1,1,6,"211, CARRIEU (RUE MARIUS",0.0,0.0
201400025224,16,6,14,14,1,34,172,2,1,1,2,"0, MOULINS (AVENUE DES",43.63178,3.84227
201400025225,16,6,14,17,1,34,172,2,1,1,3,"7, LODEVE (ROUTE DE)",43.6146,3.82951
201400025226,17,6,14,10,1,34,172,2,3,1,3,"0, MARIE DE MONTPELLIER",43.60089,3.89771
201400025227,20,6,14,12,1,34,172,2,1,1,2,"100, POMPIGNANE (AVENUE",43.6075,3.89859
201400025228,20,6,14,14,1,34,172,2,3,1,2,"1996, RAVAZ (AVENUE DU P",43.62511,3.8413
201400025229,23,6,14,0,5,34,129,2,6,1,6,BOIRARGUES (AVENUE DE),43.57565,3.91142
201400025230,23,6,14,18,1,34,172,2,1,1,3,"0, VALERY (BOULEVARD PAU",43.59328,3.85189
201400025231,27,6,14,15,1,34,172,2,3,1,3,"0, MARIE DE MONTPELLIER",43.60076,3.89752
201400025232,24,6,14,17,1,34,172,2,1,1,6,"284, VIALA (AVENUE PROFE",43.63637,3.82704
201400025233,24,6,14,19,1,34,172,2,1,1,6,"SANS, PETIT BARD (AVENUE",43.61608,3.83604