Num_Acc,jour,mois,an,hr,condition_eclairage,departement,commune,condition_agglomeration,intersection,condition_atmosphere,type_collision,adresse,lattitude,longitude
201400025234,25,6,14,12,1,34,172,2,1,1,6,PETIT SEMINAIRE (RUE DU),43.61506,3.83061
201400025235,25,6,14,17,1,34,172,1,1,8,2,JOUHAUX (AVENUE LEON),43.59335,3.82061
201400025236,26,6,14,15,1,34,172,2,1,1,6,CITADELLE (PASSERELLE DE,43.61402,3.88305
201400025237,26,6,14,14,1,34,172,2,1,1,1,BOULLOCHE (RUE ANDRE),43.641,3.8464
201400025238,26,6,14,18,1,34,172,2,6,1,5,GRANIER (ROND POINT ERNE,43.60244,3.90093
201400025239,26,6,14,22,5,34,172,2,2,1,3,"SANS, JUVENAL (PONT)",43.60591,3.89405
201400025240,27,6,14,17,1,34,172,2,3,1,3,"0, BIONNE (RUE DE)",43.61135,3.82801
201400025241,27,6,14,19,1,34,172,2,1,1,7,"0, ALBERT 1ER (PLACE)",43.6161,3.87481
201400025242,30,6,14,18,1,34,172,2,1,1,3,"SANS, DUBOUT (AVENUE ALB",43.59699,3.87777
201400025243,1,7,14,14,1,34,172,2,1,8,3,SCHUMAN (PLACE ROBERT),43.6202,3.81787
201400025244,2,7,14,18,1,34,129,1,1,1,3,D132,43.57886,3.88435
201400025245,3,7,14,7,1,34,172,2,1,1,6,ORIENT (BOULEVARD D'),43.60189,3.8849
201400025246,4,7,14,21,5,34,172,2,2,1,3,TOULOUSE (AVENUE DE,43.59742,3.86419
201400025247,5,7,14,16,1,34,172,2,1,1,6,"235, MELIES (RUE GEORGES",0.0,0.0
201400025248,6,7,14,22,3,34,154,1,1,8,3,"SANS, D66  VOIE RAPIDE",43.59946,3.93972
201400025249,7,7,14,14,1,34,172,2,1,8,2,"33, NIMES (AVENUE DE)",43.6184,3.88678
201400025250,8,7,14,17,1,34,172,2,3,1,3,SOULAS (AVENUE DU PERE,43.61956,3.86062
201400025251,9,7,14,8,1,34,172,2,9,1,6,"2, BERTHELOT (BOULEVARD)",0.0,0.0
201400025252,9,7,14,11,1,34,172,2,1,1,6,"1161, SORBES (RUE DE LAS",0.0,0.0
201400025253,10,7,14,14,1,34,172,2,3,1,3,"36, CLEMENCEAU (AVENUE G",43.60274,3.87092
201400025254,11,7,14,19,1,34,172,2,1,1,6,"261, PUECH VILLA (RUE DE",43.64134,3.83463
201400025255,12,7,14,15,1,34,172,2,1,1,6,"62, GAMBETTA (COURS)",43.60825,3.86868
201400025256,13,7,14,13,1,34,172,2,1,1,1,"416, POUTINGON (CHEMIN D",0.0,0.0
201400025257,13,7,14,15,1,34,172,2,2,1,3,VILLENEUVE-ANGOULEME (AV,0.0,0.0
201400025258,15,7,14,12,1,34,172,2,1,1,3,"0, GARRATS (AVENUE DES)",43.6105,3.83893
201400025259,15,7,14,16,1,34,172,2,1,1,7,"5, LODEVE (AVENUE DE",43.60934,3.86649
201400025260,15,7,14,17,1,34,172,2,1,1,1,"602, SOULAS (AVENUE DU P",43.61954,3.86068
201400025261,16,7,14,9,1,34,172,2,4,1,6,FOCH (RUE),43.61089,3.87417
201400025262,17,7,14,16,1,34,172,2,2,1,3,"sans, EINSTEIN (AVENUE A",43.60836,3.90658
201400025263,18,7,14,16,1,34,172,2,3,1,3,"74 bis, LODEVE (ROUTE DE",43.61506,3.82401
201400025264,20,7,14,13,1,34,172,2,1,1,6,MOSSON (ESPACE),43.6173,3.81719
201400025265,20,7,14,17,1,34,172,2,1,1,3,"2bis, LEPIC (AVENUE)",43.6011,3.86693
201400025266,21,7,14,13,1,34,172,2,1,1,2,"30, CHASSEURS (RUE DES)",43.59909,3.86114
201400025267,22,7,14,13,1,34,172,2,2,1,3,"0, FABRE DE MORLHON (BOU",43.58911,3.8849
201400025268,22,7,14,16,1,34,172,2,2,1,1,"0, DOMITIENNE (VOIE)",43.62398,3.86222
201400025269,23,7,14,14,1,34,172,2,9,1,3,"sans, TURCHINI (AVENUE D",0.0,0.0
201400025270,23,7,14,19,1,34,172,2,9,1,3,"sans, LODEVE (AVENUE DE",43.61077,3.84868
201400025271,24,7,14,10,1,34,172,2,1,1,7,"0, JAURES (PLACE JEAN)",43.61015,3.87719
201400025272,26,7,14,9,1,34,172,2,3,1,3,CHAPTAL (RUE),43.60472,3.86953
201400025273,27,7,14,18,1,34,172,2,2,1,1,SOULAS (AVENUE DU PERE,43.62262,3.85458
201400025274,26,7,14,19,1,34,172,2,2,1,3,EINSTEIN (AVENUE ALBERT,43.60836,3.90659
201400025275,29,7,14,19,1,34,172,2,6,1,3,"SANS, PIERRE MAS ST",43.58224,3.87979
201400025276,30,7,14,21,3,34,129,1,1,1,4,"sans, PALAVAS D986 (ROUT",43.56476,3.89455
201400025277,31,7,14,8,1,34,172,2,1,1,2,"SANS, ARGELLIERS MAS",43.58874,3.89021
201400025278,31,7,14,17,1,34,172,2,1,1,7,FLANDRES-DUNKERQUE (PLAC,43.59034,3.85585
201400025279,1,8,14,5,2,34,198,1,1,1,6,D66  VOIE RAPIDE,43.57387,3.95295
201400025280,1,8,14,8,1,34,172,2,1,1,4,"sans, LIBERTE (AVENUE DE",43.60896,3.85465
201400025281,1,8,14,18,1,34,172,2,9,1,3,CARDONILLE (RUE DE LA),43.63506,3.84416
201400025282,5,8,14,9,1,34,172,2,2,1,3,"0, MOULARES (CHEMIN DE",43.59478,3.89056
201400025283,5,8,14,16,1,34,172,2,1,1,2,"SANS, GANGES (ROUTE DE",43.64101,3.84663
201400025284,7,8,14,8,1,34,172,2,1,1,1,"106, BARI (RUE DE)",0.0,0.0
201400025285,8,8,14,2,3,34,129,2,1,1,2,PALAVAS D986 (ROUTE DE),43.55549,3.893
201400025286,8,8,14,8,1,34,172,2,3,1,1,"645, VIEILLE POSTE (RUE",43.61375,3.90579
201400025287,8,8,14,15,1,34,172,2,1,1,7,"0, NERUDA (AVENUE PABLO)",43.61599,3.82031
201400025288,10,8,14,7,2,34,172,2,1,8,6,"0, GANGES (ROUTE DE",43.64359,3.84431
201400025289,12,8,14,14,1,34,172,2,1,1,3,"73, KLEBER (ALLEE)",43.60342,3.88668
201400025290,12,8,14,16,1,34,172,2,1,1,4,MENDES FRANCE (AVENUE PR,43.60766,3.91578
201400025291,14,8,14,5,5,34,172,2,1,1,7,GANGES (ROUTE DE,43.63958,3.84739
201400025292,14,8,14,9,1,34,172,2,3,1,3,"33, VIEUSSENS (BOULEVARD",43.60051,3.87885
201400025293,14,8,14,9,1,34,129,1,1,1,7,D116,43.55648,3.85463
201400025294,13,8,14,18,1,34,172,2,1,1,7,"0, LAURAGAIS (AVENUE DU)",43.63137,3.82218
201400025295,16,8,14,14,1,34,172,2,1,1,2,"974, PIREE (AVENUE DU)",43.60225,3.8952
201400025296,16,8,14,16,1,34,172,2,2,1,3,"sans, INDUSTRIE (RUE DE",43.58527,3.88212
201400025297,18,8,14,20,2,34,172,2,2,1,3,TOULOUSE (AVENUE DE,43.59743,3.86414
201400025298,19,8,14,18,1,34,172,2,1,1,3,LIBERTE (AVENUE DE LA,43.6055,3.86483
201400025299,20,8,14,18,1,34,172,2,1,1,2,PAVELET (AVENUE DU COLON,43.5852,3.86
201400025300,23,8,14,0,5,34,172,2,1,1,1,RIMBAUD (RUE PAUL),43.62001,3.85031
201400025301,23,8,14,12,1,34,172,2,1,1,1,"sans, MENDES FRANCE (AVE",43.61025,3.90651
201400025302,24,8,14,10,1,34,172,2,1,1,6,"6, VIEUSSENS (BOULEVARD)",43.59983,3.87614
201400025303,20,8,14,18,1,34,172,2,2,1,7,JUSTICE DE CASTELNAU (AV,43.62622,3.88426
201400025304,27,8,14,15,1,34,172,2,2,1,3,"0, DORIA (RUE)",43.6128,3.86741
201400025305,28,8,14,8,1,34,172,2,1,1,2,"0, LIBERTE (AVENUE DE LA",43.6039,3.86523
201400025306,29,8,14,6,2,34,172,2,1,1,3,"0, INDUSTRIE (RUE DE L')",43.58527,3.88217
201400025307,29,8,14,15,1,34,172,2,1,1,3,"38, MAURIN (AVENUE DE",43.60045,3.87553
201400025308,29,8,14,15,1,34,172,2,1,1,3,"sans, LIBERTE (AVENUE DE",43.61005,3.83657
201400025309,29,8,14,17,1,34,172,2,1,1,2,"SANS, DUBOUT (AVENUE ALB",43.59818,3.88851
201400025310,29,8,14,18,1,34,172,2,1,1,2,BRET (ROND POINT PAUL LO,43.57693,3.87402
201400025311,31,8,14,5,5,34,172,2,1,1,6,"SANS, RAYMOND DUGRAND (A",43.59556,3.90526
201400025312,31,8,14,10,1,34,172,2,1,1,3,"sans, BRET (ROND POINT P",43.57637,3.87419
201400025313,31,8,14,18,1,34,129,1,1,1,3,BRET (ROND POINT L),43.57667,3.87323
201400025314,2,9,14,15,1,34,172,2,1,1,3,"14, TOULOUSE (AVENUE DE",43.60004,3.86708
201400025315,2,9,14,22,5,34,172,2,5,1,3,"1, MOULINS (AVENUE DES",43.63842,3.84762
201400025316,3,9,14,13,1,34,129,2,3,1,3,"sans, VINCI (AVENUE LEON",43.57401,3.90525
201400025317,3,9,14,17,1,34,172,2,1,1,3,"12, PONT JUVENAL (AVENUE",43.60626,3.88403
201400025318,4,9,14,7,1,34,129,1,1,1,7,"0, D116",43.54729,3.85858
201400025319,6,9,14,6,5,34,172,2,2,1,1,"sans, TOULOUSE (AVENUE D",43.59738,3.86417
201400025320,6,9,14,10,1,34,172,2,1,1,3,"sans, DUNANT (RUE HENRI)",43.62667,3.86801
201400025321,6,9,14,20,1,34,172,2,3,1,3,SCHUMAN (PLACE ROBERT),43.61999,3.81733
201400025322,7,9,14,15,1,34,172,2,2,1,3,"0, EUROPE (AVENUE DE L')",43.62699,3.82185
201400025323,8,9,14,14,1,34,172,2,1,8,7,"0, ARGELLIERS MAS",43.58637,3.889
201400025324,8,9,14,19,2,34,172,2,1,2,7,"0, LIBERTE (AVENUE DE LA",43.60552,3.86481
201400025325,8,9,14,19,2,34,172,2,1,2,7,"0, JOUHAUX (AVENUE LEON)",43.60839,3.82059
201400025326,9,9,14,17,1,34,172,2,1,1,4,"SANS, NOBEL (RUE ALFRED)",0.0,0.0
201400025327,9,9,14,18,1,34,172,2,1,1,2,GANGES (ROUTE DE,43.63658,3.84775
201400025328,7,9,14,15,1,34,129,2,1,1,6,AGAU (AVENUE DE L'),43.58439,3.90871
201400025329,10,9,14,10,1,34,172,2,1,1,7,"0, LIBERTE (AVENUE DE LA",43.60847,3.86166
201400025330,6,9,14,6,2,34,172,2,1,1,6,"10, PAGEZY (RUE)",43.60505,3.87922
201400025331,10,9,14,17,1,34,172,2,1,1,2,VANIERES (AVENUE DE),43.59656,3.84526
201400025332,10,9,14,23,3,34,172,1,1,1,6,MENDES FRANCE (AVENUE PR,43.59962,3.93942
201400025333,11,9,14,17,1,34,172,2,2,1,3,CROIX VERTE (RUE DE LA),43.64462,3.84165
201400025334,11,9,14,20,5,34,172,2,3,1,3,FAUBOURG FIGUEROLLES (RU,43.60622,3.86361
201400025335,12,9,14,8,1,34,172,2,1,1,3,"sans, GARRATS (AVENUE DE",43.612,3.83898
201400025336,12,9,14,21,5,34,172,2,3,1,3,"SANS, AVENUE DE BARCELON",43.6258,3.81755
201400025337,15,9,14,15,1,34,172,2,1,1,5,LE NOTRE (RUE ANDRE),43.61385,3.82351
201400025338,15,9,14,16,1,34,172,2,1,1,2,"SANS, DELMAS (RUE)",43.61918,3.8879
201400025339,17,9,14,9,1,34,172,2,1,8,6,"01, SAMAIN (RUE ALBERT)",43.60514,3.85928
201400025340,17,9,14,9,1,34,172,2,1,8,3,"SANS, JUSTICE DE CASTELN",43.62602,3.8824
201400025341,17,9,14,11,1,34,198,2,1,8,6,"sans, D21E",43.55173,3.96888
201400025342,17,9,14,12,1,34,172,2,1,1,4,"7, FLAHAULT (AVENUE CHAR",43.6195,3.86551
201400025343,17,9,14,14,1,34,172,2,1,2,6,"55, DOMITIENNE (VOIE)",43.62093,3.85824
201400025344,17,9,14,19,1,34,172,2,3,1,3,VENDEMIAIRE (RUE),43.60318,3.89872
201400025345,17,9,14,17,1,34,172,2,9,2,3,AURIOL (AVENUE VINCENT),43.65042,3.8658
201400025346,18,9,14,17,1,34,172,2,1,1,6,"2, SAINT MAURICE DE SAUR",43.61926,3.88905
201400025347,22,9,14,14,1,34,172,2,1,1,5,"SANS, FLAHAULT (AVENUE C",43.61986,3.86537
201400025348,22,9,14,13,1,34,172,2,1,1,3,"190, LODEVE (AVENUE DE",43.61364,3.8399
201400025349,22,9,14,14,1,34,172,2,1,1,6,"625, CROIX VERTE (RUE DE",43.64589,3.84044
201400025350,22,9,14,16,1,34,172,2,1,1,2,"18, VERDANSON (QUAI DU)",43.61518,3.8779
201400025351,23,9,14,17,1,34,172,2,6,2,2,APPEL DU 18 JUIN (ROND-P,43.63743,3.83109
201400025352,23,9,14,21,5,34,172,2,1,2,6,ARENES (ROND POINT DES P,43.58895,3.89074
201400025353,25,9,14,15,1,34,172,2,1,1,3,"1637, SOULAS (AVENUE DU",43.62499,3.85097
201400025354,26,9,14,1,5,34,172,2,1,1,3,"SANS, LIBERTE (AVENUE DE",43.60423,3.86509
201400025355,27,9,14,22,5,34,172,2,1,1,6,DUNANT (RUE HENRI),43.6264,3.86644
201400025356,27,9,14,23,5,34,172,2,1,1,3,"1180, MONTASINOS (RUE DE",43.63066,3.87884
201400025357,28,9,14,6,4,34,129,1,1,1,7,"0, CARNON (ROUTE DE  D21",43.58344,3.92386
201400025358,1,10,14,4,5,34,172,2,1,1,7,"SANS, RAYMOND DUGRAND (A",43.59528,3.9055
201400025359,30,9,14,19,5,34,172,2,2,1,1,ALCO (RUE D',43.61273,3.84474
201400025360,3,10,14,19,5,34,172,2,1,1,3,"sans, GOSSEC (RUE FRANCO",43.57511,3.85686
201400025361,4,10,14,19,5,34,172,2,1,1,3,"3027, VALERY (BOULEVARD",43.59303,3.8522
201400025362,6,10,14,19,3,34,172,2,2,2,3,NAZARETH (RUE DE),43.62074,3.87718
201400025363,7,10,14,9,1,34,172,2,3,8,7,SALAISON (RUE DE),43.62193,3.90882
201400025364,8,10,14,9,1,34,198,2,3,1,3,D21  ROUTE DE CARNON,43.57777,3.93554
201400025365,8,10,14,18,2,34,172,2,1,1,7,"0, RECAMBALE (AVENUE DE",43.60007,3.84062
201400025366,10,10,14,22,5,34,172,2,3,1,3,MOULARES (CHEMIN DE,0.0,0.0
201400025367,11,10,14,14,1,34,172,2,3,7,1,FABRE DE MORLHON (BOULEV,43.59077,3.88169
201400025368,11,10,14,17,1,34,172,2,1,1,3,CARRIEU (RUE MARIUS),43.61696,3.84213
201400025369,12,10,14,7,2,34,172,2,1,8,4,"sans, LIBERTE (AVENUE DE",43.60869,3.86095
201400025370,13,10,14,18,1,34,172,2,2,1,3,"0, JUSTICE DE CASTELNAU",43.62614,3.87722
201400025371,13,10,14,20,5,34,172,2,1,1,7,"5, JEU DE PAUME (BOULEVA",43.60815,3.87344
201400025372,14,10,14,17,1,34,172,2,1,1,7,"0, POSEIDON (RUE)",0.0,0.0
201400025373,17,10,14,4,5,34,172,2,2,1,3,"sans, MOULARES (CHEMIN D",43.59898,3.89375
201400025374,17,10,14,18,1,34,172,2,1,1,6,"1070, JUSTICE DE CASTELN",43.62601,3.8827
201400025375,17,10,14,20,5,34,172,2,6,1,3,"sans, GRANIER (ROND POIN",0.0,0.0
201400025376,17,10,14,20,5,34,198,2,1,1,3,"sans, GUETTE (RUE DE LA)",0.0,0.0
201400025377,19,10,14,17,1,34,172,2,1,1,7,"39, LODEVE (ROUTE DE)",43.61484,3.82758
201400025378,22,10,14,0,5,34,172,2,1,1,3,MARES (AVENUE HENRI),43.61996,3.85113
201400025379,24,10,14,12,1,34,172,2,2,1,6,"sans, MOULIN DE GASCONNE",43.63455,3.87331
201400025380,24,10,14,10,1,34,172,2,9,1,3,"125, LODEVE (AVENUE DE",43.61228,3.84522
201400025381,24,10,14,14,1,34,172,2,2,1,3,LEPINE (RUE LOUIS),43.6122,3.90706
201400025382,26,10,14,15,1,34,172,2,1,1,7,"42, LAVERUNE (ROUTE DE",0.0,0.0
201400025383,28,10,14,11,1,34,172,2,1,1,2,"0, GRAND SAINT JEAN (RUE",0.0,0.0
201400025384,30,10,14,14,1,34,172,2,1,1,6,EPIDAURE (RUE D'),43.61127,3.89478
201400025385,30,10,14,15,1,34,172,2,1,1,6,"25, SARRAIL (BOULEVARD)",43.61051,3.88058
201400025386,30,10,14,16,1,34,172,2,1,1,3,"895, MOULARES (CHEMIN DE",43.59813,3.8933
201400025387,1,11,14,9,1,34,172,2,2,8,6,FONTENILLE (IMPASSE),43.61238,3.86457
201400025388,1,11,14,17,1,34,172,2,1,8,3,"243, UPPSALA (RUE D')",43.62957,3.81949
201400025389,4,11,14,8,1,34,172,2,1,8,3,"803, MONTASINOS (RUE DE",43.62894,3.88072
201400025390,5,11,14,19,5,34,172,2,1,1,2,JUSTICE DE CASTELNAU (AV,43.62697,3.89001
201400025391,6,11,14,10,1,34,172,2,9,7,3,GIRAUD (AVENUE DU DOYEN,43.63233,3.85175
201400025392,7,11,14,12,1,34,172,2,3,1,2,"0, ORANGE (AVENUE RAIMBA",43.63744,3.8208
201400025393,7,11,14,15,1,34,172,2,1,1,6,"3200, VALERY (BOULEVARD",43.59158,3.85392
201400025394,8,11,14,18,3,34,198,1,1,1,6,"sans, D66  VOIE RAPIDE",43.60068,3.93926
201400025395,10,11,14,18,5,34,198,2,1,1,3,"5, DAUDET (RUE ALPHONSE)",43.57042,3.94574
201400025396,10,11,14,20,5,34,172,2,1,2,3,"414, LOUISVILLE (AVENUE",43.62509,3.8156
201400025397,11,11,14,7,1,34,172,2,1,1,2,"806, MONTASINOS (RUE DE",43.62903,3.88061
201400025398,15,11,14,1,5,34,172,2,1,1,6,COMEDIE (TUNNEL DE LA),43.60334,3.89188
201400025399,18,11,14,21,5,34,172,2,1,1,3,"31, TOULOUSE (AVENUE DE",43.59893,3.86597
201400025400,21,11,14,3,5,34,172,2,1,1,1,"sans, RECAMBALE (AVENUE",43.60754,3.83808
201400025401,22,11,14,16,1,34,129,1,1,8,3,CARNON (ROUTE DE  D21),43.5838,3.92311
201400025402,20,11,14,14,1,34,172,2,3,1,3,"sans, VIEILLE POSTE (RUE",43.61616,3.91037
201400025403,26,11,14,15,1,34,172,1,9,2,3,"SANS, PALAVAS (AVENUE DE",43.58809,3.89237
201400025404,27,11,14,15,1,34,172,2,1,8,4,"sans, SAPORTA (ROND-POIN",43.58558,3.88835
201400025405,30,11,14,5,5,34,172,2,3,8,6,"645, PRES D'ARENES (AVEN",43.59147,3.88241
201400025406,2,12,14,8,1,34,172,2,2,1,3,HUIT MAI 1945 (PLACE DU),0.0,0.0
201400025407,4,12,14,18,5,34,172,2,1,1,6,PEZET (AVENUE DU DOCTEUR,43.62931,3.86985
201400025408,6,12,14,7,5,34,172,2,9,3,6,MASSENA (AVENUE),43.61158,3.84628
201400025409,7,12,14,17,5,34,172,2,2,1,1,LAVERUNE (ROUTE DE,43.60018,3.8442
201400025410,8,12,14,14,1,34,172,2,1,8,3,"sans, LODEVE (AVENUE DE",43.61369,3.83927
201400025411,9,12,14,17,5,34,172,2,1,1,3,"sans, PALAVAS (AVENUE DE",43.59676,3.88708
201400025412,10,12,14,18,5,34,172,2,9,1,2,FLANDRES-DUNKERQUE (PLAC,43.59018,3.85569
201400025413,11,12,14,18,5,34,172,2,1,1,6,SAINT DENIS (PLACE),43.60528,3.87526
201400025414,13,12,14,17,5,34,172,2,2,8,3,"0, LAVERUNE (ROUTE DE",43.6002,3.8442
201400025415,14,12,14,1,5,34,172,2,1,1,1,"83, PALAVAS (AVENUE DE)",43.5953,3.88824
201400025416,14,12,14,14,1,34,129,1,1,8,4,"sans, D172",43.5748,3.92285
201400025417,16,12,14,23,3,34,129,1,1,1,3,D116,43.56356,3.86795
201400025418,16,12,14,8,1,34,172,1,1,8,3,"sans, NERUDA (AVENUE PAB",43.624,3.82486
201400025419,16,12,14,21,5,34,172,2,1,1,3,"SANS, MARIE DE MONTPELLI",43.6008,3.89757
201400025420,18,12,14,9,1,34,172,2,9,1,3,VENTRE (ROND-POINT JULES,43.61837,3.86338
201400025421,9,12,14,12,1,34,172,2,1,1,7,"0, SALENGRO (PLACE ROGER",43.60656,3.86728
201400025422,19,12,14,7,1,34,172,2,9,1,6,"298, FONT COUVERTE (RUE",43.60176,3.85688
201400025423,19,12,14,14,1,34,172,2,1,1,5,"0, MENDES FRANCE (AVENUE",43.60932,3.89884
201400025424,2,12,14,17,5,34,172,2,1,1,6,"396, RIMBAUD (RUE PAUL)",43.61861,3.84608
201400025425,22,12,14,14,1,34,129,1,1,1,5,FIGUIERES (AVENUE DE),43.58907,3.9328
201400025426,23,12,14,18,5,34,172,2,1,1,6,PRIEST ST DE 1485 ET 157,0.0,0.0
201400025427,24,12,14,12,1,34,129,2,3,1,3,CHASSELAS (RUE DES),43.5882,3.93125
201400025428,26,12,14,14,1,34,172,2,1,1,2,"sans, FOURCADE (AVENUE D",43.59076,3.89738
201400025429,27,12,14,22,5,34,172,2,1,1,7,"SANS, POITIERS (AVENUE G",43.63751,3.81731
201400025430,3,1,14,21,5,34,301,2,1,2,7,"0, BLANC LOUIS (RUE)",0.0,0.0
201400025431,5,1,14,21,3,34,301,1,1,1,1,"0, RD 612",43.32788,3.56664
201400025432,17,1,14,16,1,34,301,2,1,1,3,RD 612,43.40171,3.66161
201400025433,5,2,14,14,1,34,301,2,3,2,3,"0, VALERY PAUL (RUE)",0.0,0.0
201400025434,6,2,14,12,1,34,108,1,1,1,7,RD 612,43.46474,3.76659
201400025435,10,2,14,7,2,34,108,2,3,1,7,"0, MURIERS (AVENUE DES)",0.0,0.0
201400025436,11,2,14,11,1,34,108,1,1,1,3,"0, RD 612",43.4467,3.76264
201400025437,17,2,14,5,3,34,108,1,1,2,5,"0, RD 612",0.0,0.0
201400025438,17,2,14,12,1,34,301,2,4,1,5,"0, VERDUN (BOULEVARD DE)",0.0,0.0
201400025439,19,2,14,3,3,34,301,2,1,1,7,"0, CAYENNE (ROUTE DE)",0.0,0.0
201400025440,23,2,14,16,1,34,301,2,2,1,5,"sans, BARBUSSE HENRI (RU",0.0,0.0
201400025441,26,2,14,18,1,34,301,2,1,1,1,LECLERC PHILIPPE MARECHA,43.39298,3.69157
201400025442,10,3,14,0,5,34,301,2,1,1,2,"0, SUQUET LEOPOLD (QUAI)",0.0,0.0
201400025443,7,3,14,10,1,34,301,2,1,1,7,"0, BLANC CAMILLE (BOULEV",0.0,0.0
201400025444,10,3,14,17,1,34,301,2,1,1,7,"0, BLANC CAMILLE (BOULEV",0.0,0.0
201400025445,21,3,14,23,5,34,301,2,1,1,3,RD2 Route de Balaruc,0.0,0.0
201400025446,22,3,14,15,1,34,301,2,3,1,3,"0, VERDUN (BOULEVARD DE)",0.0,0.0
201400025447,2,4,14,0,5,34,301,2,1,1,7,"0, GOELLETE (ALLEE DE LA",43.39533,3.6599
201400025448,12,4,14,17,1,34,301,2,1,1,3,NEUBURG (CORNICHE DE),0.0,0.0
201400025449,12,4,14,19,1,34,108,1,3,1,3,RD2 Route de Balaruc,43.43346,3.70233
201400025450,15,4,14,17,1,34,301,2,1,1,7,"0, CALVETTI AMILCAR (RUE",0.0,0.0
201400025451,19,4,14,17,1,34,301,2,1,1,1,"0, CLERVILLE CHEVALIER D",0.0,0.0
201400025452,23,4,14,7,1,34,108,2,3,2,3,"0, MAL DE LATTRE DE TASS",0.0,0.0
201400025453,10,5,14,10,1,34,301,2,1,1,7,"0, FAUVETTE (RUE DES)",43.41594,3.66874
201400025454,13,5,14,13,1,34,301,2,1,1,7,"3, SOURCE (AVENUE DE LA)",43.41133,3.66981
201400025455,19,5,14,17,1,34,301,2,1,2,5,"0, BLANC CAMILLE (BOULEV",43.40756,3.66819
201400025456,21,5,14,14,1,34,301,2,3,1,3,"0, ALLENDE SALVADOR (RUE",43.40842,3.68479
201400025457,31,5,14,16,1,34,301,2,3,1,1,"0, PEPINIERE (RUE DE LA)",0.0,0.0
201400025458,2,6,14,13,1,34,301,2,1,1,4,"0, LECLERC PHILIPPE MARE",43.39377,3.68035
201400025459,3,6,14,13,1,34,301,1,1,1,1,"0,",43.35526,3.59637
201400025460,10,6,14,18,1,34,301,2,3,1,3,"0, VERDUN (BOULEVARD DE)",0.0,0.0
201400025461,11,6,14,15,1,34,301,2,1,1,5,"0, LECLERC PHILIPPE MARE",0.0,0.0
201400025462,15,6,14,5,3,34,301,1,1,1,2,"0, BALARUC (ROUTE DE)",43.41473,3.69896
201400025463,21,6,14,10,1,34,301,2,1,1,3,"0, BLANC CAMILLE (BOULEV",0.0,0.0
201400025464,2,7,14,20,1,34,301,2,1,1,2,"0, BLANC CAMILLE (BOULEV",0.0,0.0
201400025465,5,7,14,9,1,34,301,2,1,1,7,"0, RHIN ET DANUBE (QUAI)",0.0,0.0
201400025466,12,7,14,11,1,34,301,2,1,1,3,"1, VERDUN (BOULEVARD DE)",0.0,0.0
201400025467,21,7,14,0,3,34,301,1,1,1,7,0,43.40787,3.70082
201400025468,27,7,14,3,3,34,301,2,1,1,6,"0, RHIN ET DANUBE (QUAI)",0.0,0.0
201400025469,5,8,14,23,5,34,301,2,1,1,3,"0, JUIN MARECHAL (AVENUE",0.0,0.0
201400025470,9,8,14,23,5,34,301,2,1,1,3,"0, MONNET JEAN (AVENUE)",0.0,0.0
201400025471,12,8,14,15,1,34,301,2,3,1,5,"0, LIBERTE (RUE DE LA)",0.0,0.0
201400025472,22,8,14,23,5,34,108,2,1,2,7,MAL JUIN (AVENUE DU),0.0,0.0
201400025473,23,8,14,3,5,34,301,2,1,1,7,"0, PONT-LEVIS (CHEMIN DU",0.0,0.0
201400025474,3,9,14,1,3,34,108,2,1,1,2,"0, AVENUE DES ETANGS",43.43762,3.78247
201400025475,27,9,14,13,1,34,108,2,3,1,3,"0, MAL LECLERC (RUE)",0.0,0.0
201400025476,28,9,14,1,5,34,301,2,1,1,7,"0, MONTMORENCY (RUE)",0.0,0.0
201400025477,2,10,14,17,1,34,301,2,1,1,2,"0, BLANC CAMILLE (BOULEV",0.0,0.0
201400025478,7,10,14,23,3,34,108,1,1,1,1,"0, BALARUC (ROUTE DE)",0.0,0.0
201400025479,7,10,14,22,5,34,301,2,1,1,6,"0, ROUSTAN MARIO (GRAND'",0.0,0.0
201400025480,7,10,14,20,3,34,301,1,1,1,2,BALARUC (ROUTE DE),43.41388,3.69644
201400025481,9,10,14,8,1,34,301,1,1,1,5,"0,",0.0,0.0
201400025482,27,10,14,9,1,34,108,1,1,1,5,"0, LA PEYRADE (ROND-POIN",0.0,0.0