Num_Acc,jour,mois,an,hr,condition_eclairage,departement,commune,condition_agglomeration,intersection,condition_atmosphere,type_collision,adresse,lattitude,longitude
201400025483,6,11,14,0,5,34,301,2,1,1,2,"690, VERDUN (BOULEVARD D",0.0,0.0
201400025484,30,11,14,10,1,34,301,2,1,1,3,"0, VERDUN (BOULEVARD DE)",0.0,0.0
201400025485,10,12,14,0,5,34,301,2,1,1,2,"0, VERDUN (BOULEVARD DE)",0.0,0.0
201400025486,20,12,14,14,1,34,108,2,1,1,6,"0, CALMETTE (AVENUE DES)",0.0,0.0
201400025487,3,1,14,16,1,35,115,2,1,1,6,"12, SAINT GERMAIN (BOULE",48.35728,-1.20456
201400025488,2,12,14,19,5,35,115,2,6,8,3,"., FORAIRIE (AVENUE DE L",48.36579,-1.18781
201400025489,17,1,14,18,3,35,150,1,1,8,3,"14, MESLAIS (LA) LIEUX-D",48.36581,-1.23129
201400025490,16,1,14,7,5,35,115,2,1,1,3,"21, RENNES (BOULEVARD DE",48.35651,-1.20502
201400025491,24,1,14,16,1,35,115,2,1,8,6,"6, REPUBLIQUE (PLACE)",48.34989,-1.19589
201400025492,28,1,14,8,2,35,115,2,2,1,6,"17, LE PAYS (RUE RENE)",48.35521,-1.19221
201400025493,1,2,14,10,1,35,115,2,6,1,6,"0, FORAIRIE (AVENUE DE L",48.36591,-1.1858
201400025494,21,3,14,12,1,35,115,2,1,1,3,"7, SAINT GERMAIN (BOULEV",48.36239,-1.20948
201400025495,31,3,14,16,1,35,150,2,1,1,3,MOTELLE (BD DE LA),48.36202,-1.22532
201400025496,31,5,14,15,1,35,150,2,1,1,2,"84, BLICHE (BOULEVARD DE",48.35246,-1.22539
201400025497,19,6,14,16,1,35,150,1,1,1,1,", THEODORE LEVANNIER (RU",0.0,0.0
201400025498,11,7,14,11,1,35,115,1,1,1,6,FORAIRIE (AVENUE DE LA),48.36855,-1.19248
201400025499,7,8,14,11,1,35,115,2,1,1,7,"0, GAULLE (AVENUE DU GEN",0.0,0.0
201400025500,1,9,14,4,5,35,115,2,1,1,6,"11, MITTERAND (AVENUE FR",48.35042,-1.20152
201400025501,8,9,14,17,1,35,150,1,1,1,3,D 706,0.0,0.0
201400025502,28,7,14,17,1,35,115,2,1,1,6,SAINT GERMAIN (BOULEVARD,48.36251,-1.21086
201400025503,10,9,14,12,1,35,115,2,3,1,3,"3, MITTERAND (AVENUE FRA",48.35116,-1.20098
201400025504,10,10,14,19,2,35,115,2,2,1,3,"115, ROUSSIN (BOULEVARD",48.34508,-1.19266
201400025505,10,10,14,20,5,35,115,2,7,1,6,HERBERT (PLACE EDMOND),48.34497,-1.19058
201400025506,21,11,14,19,5,35,115,2,1,1,3,"98, FORET (RUE DE LA)",48.35724,-1.19624
201400025507,8,12,14,9,1,35,115,2,2,3,3,CHANZY (RUE DU GENERAL),48.35525,-1.19411
201400025508,13,6,14,22,5,35,115,2,6,1,6,"0, BARON (RUE)",48.35489,-1.19862
201400025509,16,12,14,17,5,35,115,2,1,2,6,"106, FORET (RUE DE LA)",48.35732,-1.19588
201400025510,27,12,14,11,1,35,115,2,1,7,7,"16, SEVIGNE (RUE DE)",48.3485,-1.19386
201400025511,2,1,14,19,5,35,278,2,1,1,7,"33, PRESSOIR GODIER (RUE",48.14699,-1.6835
201400025512,3,1,14,18,3,35,238,2,5,2,6,PORTE DE VILLEJEAN,48.1238,-1.71757
201400025513,5,1,14,16,1,35,51,2,1,2,7,"00, RIGOURDIERE (PORTE D",0.0,0.0
201400025514,6,1,14,9,1,35,278,1,9,8,7,"00, PORTE DE ST MALO",0.0,0.0
201400025515,6,1,14,9,1,35,238,2,3,8,3,P.MARTIN/A.MARTIN,48.1022,-1.66716
201400025516,7,1,14,10,1,35,238,2,1,7,6,"23, RUE MOTTE BR?LON",48.1266,-1.66959
201400025517,8,1,14,7,5,35,238,2,2,2,3,BOIS LABB?/C.TILLON,48.1247,-1.70307
201400025518,8,1,14,11,1,35,238,2,5,8,2,PORTE D'ANGERS,48.0838,-1.64304
201400025519,8,1,14,15,1,35,238,2,5,8,6,C.P?GUY/VITR?,48.119,-1.64996
201400025520,8,1,14,21,5,35,238,2,3,1,3,O.LEROUX/G.HERV?,48.0914,-1.66493
201400025521,9,1,14,7,3,35,238,2,1,1,2,PORTE DE MAUREPAS,48.14149,-1.67069
201400025522,9,1,14,12,1,35,238,2,3,1,3,L.BERTHAULT/LORIENT,48.1066,-1.73072
201400025523,9,1,14,13,1,35,238,2,3,1,3,COUBERTIN/GRAFF,48.0869,-1.69164
201400025524,9,1,14,15,1,35,238,2,6,1,6,FOUG?RES/GAYEULLES,48.1277,-1.65209
201400025525,10,1,14,10,1,35,238,2,5,1,6,PORTE DE BREST,48.1207,-1.71905
201400025526,10,1,14,20,5,35,238,2,2,2,6,VOLNEY/ANTRAIN,48.1248,-1.66712
201400025527,11,1,14,21,1,35,51,2,1,1,6,"00, VALETTE (PORTE DE LA",0.0,0.0
201400025528,13,1,14,14,1,35,238,2,1,8,6,"123, AVENUE A.BRIAND",48.1103,-1.65724
201400025529,14,1,14,8,5,35,238,2,3,1,6,CL?MENCEAU/NICOLET,48.0941,-1.68
201400025530,14,1,14,8,1,35,206,2,5,1,7,PORTE DE NANTES,48.08,-1.68199
201400025531,14,1,14,14,1,35,238,2,3,1,4,FOUG?RES/P.LOTI,48.1254,-1.65581
201400025532,14,1,14,14,1,35,51,2,1,1,3,"00, BRAY (ROND-POINT DE)",0.0,0.0
201400025533,16,1,14,8,1,35,281,2,3,8,6,"00, BLUM (MAIL LEON)",0.0,0.0
201400025534,16,1,14,16,1,35,238,2,6,1,3,F.CH?TEAU/M.DE JOU?,48.1118,-1.64641
201400025535,17,1,14,21,5,35,238,2,3,1,6,F.ROBERT/B.MORRISSOT,48.132,-1.70705
201400025536,18,1,14,14,1,35,206,2,5,1,4,PORTE DE NANTES,48.08,-1.68103
201400025537,18,1,14,16,1,35,238,2,2,2,6,LIBERT?/VIEUX COURS,48.1074,-1.67912
201400025538,18,1,14,17,3,35,51,2,1,2,2,"00, VALETTE (PORTE DE LA",48.10928,-1.59268
201400025539,18,1,14,18,5,35,238,2,2,2,3,REDON/MALAKOFF,48.1051,-1.6934
201400025540,18,1,14,20,5,35,238,2,3,2,3,B.F.DUNKERQUE/HENRY,48.1213,-1.70087
201400025541,20,1,14,5,3,35,51,2,1,5,4,"00, NORMANDIE (PORTE DE)",0.0,0.0
201400025542,20,1,14,16,1,35,238,2,2,8,3,ST MALO/CO?TLOGON,48.1226,-1.68419
201400025543,20,1,14,16,1,35,278,2,1,1,7,"00, PORTE DE ST MALO",0.0,0.0
201400025544,20,1,14,21,5,35,238,2,2,1,2,C.BERNARD/REDON,48.1051,-1.6934
201400025545,21,1,14,5,5,35,238,2,6,1,7,RP GAYEULLES/GAYEULLES,48.1277,-1.65209
201400025546,21,1,14,8,1,35,238,2,2,1,3,L.GUILLOUX/MARBEUF,48.112,-1.70236
201400025547,21,1,14,8,2,35,55,2,1,9,7,"00, DOLTO FRANCOISE (ALL",0.0,0.0
201400025548,22,1,14,11,1,35,238,2,5,2,4,NITSCH/GUINES,48.1018,-1.68441
201400025549,23,1,14,15,1,35,238,2,3,2,6,PL?LO/TRONJOLLY,48.1061,-1.68101
201400025550,24,1,14,8,5,35,238,2,1,2,3,RUE DE NANTES,48.0949,-1.69017
201400025551,24,1,14,12,1,35,238,2,3,2,6,FOUG?RES/TAROUILLY,48.1223,-1.66176
201400025552,25,1,14,14,1,35,238,2,2,1,2,SU?DE/CAR?LIE,48.0867,-1.68047
201400025553,25,1,14,15,1,35,238,2,1,1,2,"14, BD L.VOLCLAIR",48.0883,-1.66255
201400025554,29,1,14,8,1,35,238,2,5,1,2,PORTE DE LORIENT,48.1072,-1.71838
201400025555,29,1,14,10,1,35,238,2,5,2,6,PORTE DE NANTES,48.0805,-1.67521
201400025556,30,1,14,16,1,35,238,2,1,1,6,"157,AVENUE G.PATTON",48.1253,-1.66651
201400025557,31,1,14,8,1,35,278,2,1,5,3,"00, RD 137",0.0,0.0
201400025558,31,1,14,14,1,35,238,2,6,2,3,RD 29/RP ST SULPICE,48.1549,-1.62542
201400025559,31,1,14,18,5,35,238,2,1,2,6,"3, ALL?E DE BEAULIEU",48.117,-1.63402
201400025560,31,1,14,19,5,35,238,2,1,2,3,"3, RUE DE BREST",48.1121,-1.68783
201400025561,1,2,14,3,5,35,238,2,5,2,6,VITR?/C.FOULON,48.119,-1.64996
201400025562,1,2,14,9,1,35,278,2,1,1,7,"00, D 175",0.0,0.0
201400025563,1,2,14,10,1,35,238,2,1,1,6,"24, RUE DE LA DONELI?RE",48.129,-1.68586
201400025564,4,2,14,8,5,35,238,2,3,2,6,ALBERT 1ER/GUYNEMER,48.0901,-1.68931
201400025565,4,2,14,14,1,35,51,1,1,2,2,"00, LONGCHAMPS (PORTE DE",0.0,0.0
201400025566,4,2,14,20,5,35,278,2,1,3,2,"00, CHENAY HUE  (LIEU DI",48.17528,-1.6942
201400025567,5,2,14,8,1,35,238,2,3,1,2,LORIENT/RETARDAIS,48.1067,-1.72957
201400025568,5,2,14,17,1,35,238,2,2,8,6,BREST/VERDUN,48.1128,-1.69343
201400025569,6,2,14,13,1,35,51,1,1,8,7,"00, EST (ROCADE)",0.0,0.0
201400025570,7,2,14,9,1,35,238,2,1,7,6,"45, RUE DE BREST",48.1138,-1.69825
201400025571,9,2,14,19,5,35,238,2,3,2,3,PL?LO/TRONJOLLY,48.1061,-1.68101
201400025572,9,2,14,22,5,35,238,2,2,2,3,A.DUVAL/C.BERNARD,48.1035,-1.69401
201400025573,10,2,14,16,1,35,238,2,2,1,4,VOLTAIRE/A.DUVAL,48.1051,-1.69812
201400025574,11,2,14,8,1,35,238,2,1,1,6,PK ?GLISE VILLENEUVE,48.0987,-1.68109
201400025575,11,2,14,9,1,35,238,2,2,2,2,AUBRY/MAGENTA,48.1057,-1.67398
201400025576,12,2,14,8,1,35,278,1,1,2,2,"00, PORTE DE ST MALO",0.0,0.0
201400025577,12,2,14,16,1,35,238,2,2,8,3,"00, GUILLOUX (LOUIS)",0.0,0.0
201400025578,13,2,14,16,1,35,206,2,1,1,4,ROCADE SUD,48.0798,-1.68329
201400025579,13,2,14,18,5,35,278,2,1,1,6,"13, MELLIERS (RUE DES)",48.14666,-1.68355
201400025580,14,2,14,8,1,35,238,2,1,3,6,BD P.PAINLEV?,48.1226,-1.65774
201400025581,14,2,14,23,5,35,238,2,2,2,6,TRONJOLLY/LIBERT?,48.1074,-1.68037
201400025582,15,2,14,12,1,35,238,2,5,1,3,LA?NNEC/ST H?LIER,48.1056,-1.66605
201400025583,15,2,14,16,1,35,238,2,2,7,6,LICES/JUILLET,48.1126,-1.68481
201400025584,18,2,14,12,1,35,238,2,3,1,3,B.F.DUNKERQUE/HENRY,48.1213,-1.70087
201400025585,19,2,14,8,1,35,238,2,3,1,3,V.MAREUIL/CHARDONNET,48.1067,-1.6509
201400025586,21,2,14,13,1,35,51,2,1,1,6,"49A, RENNES (RUE DE)",48.11419,-1.61766
201400025587,21,2,14,17,1,35,238,2,1,1,4,ROCADE OUEST PR15-300,48.1165,-1.71964
201400025588,23,2,14,8,1,35,55,2,1,1,6,"00, RD 463",0.0,0.0
201400025589,24,2,14,23,5,35,238,2,3,1,1,SAINT-THOMAS/DUC,48.1082,-1.6752
201400025590,26,2,14,8,1,35,238,2,1,1,7,CARREFOUR JOUAUST,48.1124,-1.68632
201400025591,26,2,14,15,1,35,55,2,1,1,4,"32, BIGNON (RUE DU)",48.09847,-1.62236
201400025592,27,2,14,13,1,35,238,2,5,2,2,PORTE DE LORIENT,48.1075,-1.71646
201400025593,27,2,14,22,3,35,55,2,9,1,7,"00, RD 463",0.0,0.0
201400025594,28,2,14,2,5,35,238,2,2,2,6,ST H?LIER/L.BARTHOU,48.1069,-1.6706
201400025595,28,2,14,15,1,35,238,2,1,1,3,"22, RUE DES VEYETTES",48.1003,-1.63174
201400025596,28,2,14,17,1,35,238,2,1,2,1,"7, RUE DES ARTS",48.1108,-1.71467
201400025597,2,3,14,7,4,35,238,2,5,1,6,LORIENT/ROCADE OUEST,48.1075,-1.71646
201400025598,2,3,14,19,5,35,238,2,3,3,6,VEZIN/E.MERLIN,48.1163,-1.7119
201400025599,3,3,14,15,1,35,51,1,1,1,7,EST (ROCADE),48.11736,-1.57301
201400025600,3,3,14,20,5,35,281,2,2,3,1,"00, MERMOZ (BOULEVARD JE",48.09631,-1.69271
201400025601,4,3,14,11,1,35,238,2,2,1,3,ST MALO/TASSIGNY,48.1214,-1.68299
201400025602,4,3,14,18,3,35,278,1,1,2,2,PORTE DE ST MALO,0.0,0.0
201400025603,5,3,14,16,1,35,281,2,3,1,2,"00, LEO (ANDRE)",48.06857,-1.69959
201400025604,8,3,14,22,5,35,281,2,3,1,3,"00, MERMOZ (BOULEVARD JE",48.09485,-1.69721
201400025605,9,3,14,21,5,35,238,2,2,1,3,MITTERRAND/VANEAU,48.1085,-1.69298
201400025606,7,3,14,23,5,35,238,2,1,1,6,"3, BD E.MOUNIER",48.1256,-1.66474
201400025607,11,3,14,7,1,35,238,2,2,1,3,C.TILLON/W.CHURCHILL,48.1245,-1.70982
201400025608,11,3,14,13,1,35,238,2,2,1,3,VERN/L.GRIMAULT,48.0912,-1.64548
201400025609,11,3,14,16,1,35,238,2,2,1,6,ST LAURENT/G.PATTON,48.1385,-1.65858
201400025610,13,3,14,8,1,35,238,2,1,1,6,RUE DE CH?TILLON,48.1021,-1.67354
201400025611,14,3,14,14,1,35,238,2,1,1,6,"18, RUE DE BREST",48.1119,-1.69147
201400025612,15,3,14,22,5,35,281,2,1,1,6,"00, DODIN (AVENUE ROGER)",48.08651,-1.70745
201400025613,16,3,14,14,1,35,238,2,5,1,7,PORTE DE CLEUNAY,48.1047,-1.71671
201400025614,18,3,14,11,1,35,238,2,3,1,6,BOURGEOIS/FEUILL?E,48.0992,-1.65274
201400025615,18,3,14,12,1,35,238,2,2,1,6,VERDUN/CO?TLOGON,48.1227,-1.68542
201400025616,19,3,14,19,4,35,281,2,1,1,7,"00, CLAUDEL (COURS CAMIL",48.08191,-1.71367
201400025617,20,3,14,21,5,35,278,2,1,1,6,"00, RD 29",0.0,0.0
201400025618,20,3,14,23,5,35,238,2,3,1,6,LAMENNAIS/LANJUINAIS,48.1098,-1.68201
201400025619,21,3,14,8,1,35,238,2,5,1,4,PORTE DE MAUREPAS,48.1422,-1.65814
201400025620,23,3,14,18,1,35,51,2,3,7,6,"00, RD96",0.0,0.0
201400025621,27,3,14,7,1,35,238,2,1,2,6,MAIL F.MITTERRAND,48.1082,-1.69461
201400025622,28,3,14,14,1,35,51,2,1,2,7,FOUGERES (ROUTE DE),0.0,0.0
201400025623,28,3,14,14,1,35,238,2,5,2,4,PORTE DE VILLEJEAN,48.1248,-1.71643
201400025624,28,3,14,15,1,35,238,2,2,1,3,LEROUX (BD OSCAR),0.0,0.0
201400025625,28,3,14,20,1,35,238,2,2,1,3,FOUGERES/METZ,48.1218,-1.66274
201400025626,29,3,14,8,1,35,238,2,2,1,3,FOUG?RES/JOUANET,48.1319,-1.6355
201400025627,29,3,14,12,1,35,55,1,1,1,3,RD 463,0.0,0.0
201400025628,31,3,14,9,1,35,51,1,1,1,2,NORMANDIE (PORTE DE),48.14633,-1.59206
201400025629,1,4,14,8,1,35,51,2,1,1,3,"2, FOUGERES (ROUTE DE)",48.1336,-1.63
201400025630,1,4,14,18,1,35,281,2,3,1,3,"00, BENOIT (RUE FREDERIC",48.08671,-1.71054
201400025631,2,4,14,12,1,35,238,2,2,1,4,CH?TEAUGIRON/BOTMEL,48.0941,-1.63435
201400025632,3,4,14,7,3,35,278,2,1,3,6,RD 137,48.1365,-1.69253
201400025633,3,4,14,8,1,35,238,2,5,3,2,PORTE DE NANTES,48.081,-1.67077
201400025634,3,4,14,14,1,35,55,2,1,1,4,LOGETTES (RUE DES),48.08372,-1.62448
201400025635,4,4,14,11,1,35,238,2,3,1,3,T.BRIANT/MAIGNAN,48.1044,-1.67792
201400025636,4,4,14,12,1,35,51,2,2,1,3,CHANTEPIE (ROUTE DE),48.09959,-1.60506
201400025637,4,4,14,15,1,35,238,1,1,1,7,".., PORTE ALMA",0.0,0.0
201400025638,4,4,14,18,1,35,51,2,6,1,6,DEZERSEUL (BOULEVARD DE),48.11858,-1.60082
201400025639,5,4,14,18,1,35,55,2,1,1,6,"10, BONNIN ANDRE (AVENUE",0.0,0.0
201400025640,6,4,14,6,5,35,238,1,1,1,7,"00, ROCADE 8-9",0.0,0.0
201400025641,8,4,14,9,1,35,238,2,5,1,3,J.GU?HENNO/D.ANNE,48.1193,-1.66743
201400025642,9,4,14,7,1,35,238,2,2,1,3,JANVIER/LIBERT?,48.1079,-1.67354
201400025643,9,4,14,20,3,35,281,2,2,1,3,"00, MERMOZ (BOULEVARD JE",0.0,0.0
201400025644,10,4,14,17,1,35,281,1,2,1,3,"00, PATIS-DES-COUASNES (",0.0,0.0
201400025645,11,4,14,23,5,35,238,2,1,1,6,"00, GAYEULLES (ROND POIN",0.0,0.0
201400025646,10,4,14,23,5,35,238,2,6,1,6,RP GAYEULLES/GAYEULLES,48.1277,-1.65209
201400025647,11,4,14,8,1,35,278,1,1,1,7,".., PORTE DE ST MALO",0.0,0.0
201400025648,13,4,14,1,5,35,238,2,1,1,2,"20, BD DE CH?ZY",48.1155,-1.68701
201400025649,13,4,14,20,1,35,278,1,1,1,6,RD 137,48.16138,-1.70702
201400025650,14,4,14,7,1,35,238,2,3,1,7,C.G?NIAUX/LE LANNOU,48.1135,-1.71363
201400025651,14,4,14,10,1,35,238,2,6,1,6,PORTE DE MAUREPAS,48.1416,-1.66379
201400025652,14,4,14,20,1,35,238,2,6,1,3,NOYER/BIGNON,48.0968,-1.63532
201400025653,15,4,14,4,3,35,281,2,1,1,7,"37, HAIE-DES-COGNETS (BO",0.0,0.0
201400025654,15,4,14,9,1,35,51,2,6,1,2,ALLIES (BOULEVARD DES),0.0,0.0
201400025655,15,4,14,10,1,35,55,1,1,1,2,PORTE DES LOGES,0.0,0.0
201400025656,16,4,14,19,1,35,206,2,1,1,2,ROCADE SUD,48.0797,-1.68394
201400025657,16,4,14,19,1,35,238,2,3,1,6,ISLY/PL?LO,48.1064,-1.67774
201400025658,17,4,14,13,1,35,238,1,1,1,6,"00, RN 137",0.0,0.0
201400025659,17,4,14,19,1,35,238,2,1,1,1,LES BASSES OURMES,48.0844,-1.6385
201400025660,18,4,14,12,1,35,238,2,3,1,3,P.PROUDHON/E.POTTIER,48.1017,-1.71199
201400025661,19,4,14,12,1,35,238,2,1,1,2,ROCADE OUEST PR13-500,48.099,-1.71416
201400025662,20,4,14,7,5,35,278,2,1,2,6,GAULLE (RUE DU GAL DE),0.0,0.0
201400025663,22,4,14,16,1,35,51,1,1,1,6,TIZE (LIEU-DIT LA LANDE,0.0,0.0
201400025664,23,4,14,15,1,35,238,2,2,8,7,CL?MENCEAU/K?RANGAL,48.0945,-1.68562
201400025665,25,4,14,14,1,35,238,2,3,1,6,ST MALO/V.BONER,48.1298,-1.68891
201400025666,25,4,14,16,1,35,238,2,1,1,6,"25, RUE F.DE LESSEPS",48.1009,-1.707
201400025667,26,4,14,11,1,35,238,2,1,1,6,RUE DE SUISSE,48.0865,-1.66244
201400025668,26,4,14,16,1,35,238,2,6,2,6,PORTE DE MAUREPAS,48.1422,-1.65814
201400025669,30,4,14,0,3,35,238,2,1,2,6,RUE DU PATIS TATELIN,48.1392,-1.63345
201400025670,30,4,14,15,1,35,238,2,2,1,3,R.H.GUERRAND/CLEUNAY,48.1021,-1.69866
201400025671,1,5,14,19,1,35,51,1,1,3,7,EST (ROCADE),0.0,0.0
201400025672,2,5,14,16,1,35,238,2,2,1,6,NANTES/CL?MENCEAU,48.0947,-1.69024
201400025673,5,5,14,14,1,35,238,2,2,1,4,CLOS COURTEL/PAPEGAULT,48.1297,-1.63073
201400025674,5,5,14,14,1,35,238,2,1,1,2,"8, QUAI ROBINOT ST CYR",48.1052,-1.71809
201400025675,5,5,14,17,1,35,238,2,3,1,6,ISLY/ALLI?S,48.1051,-1.67753
201400025676,7,5,14,13,1,35,238,2,3,1,6,NANTES/LOBINEAU,48.1015,-1.68464
201400025677,8,5,14,12,1,35,238,2,3,8,6,F.EBOU?/H.BERGSON,48.0857,-1.69373
201400025678,9,5,14,18,1,35,238,2,2,1,1,MEYNIER/JNATON,48.1305,-1.70514
201400025679,10,5,14,11,1,35,238,2,5,2,7,PORTE DE CLEUNAY,48.1049,-1.71697
201400025680,11,5,14,18,1,35,238,2,2,1,3,GROS MALHON/ARMORIQUE,48.1279,-1.68345
201400025681,12,5,14,4,3,35,278,1,6,1,7,RD 29,0.0,0.0
201400025682,12,5,14,7,1,35,238,2,1,1,6,RUE DE ST LAURENT,48.1386,-1.65691
201400025683,11,5,14,11,1,35,238,2,4,1,6,YSER/LT FOURNIER,48.0907,-1.68045
201400025684,11,5,14,11,1,35,238,2,1,1,6,"00, YSER (BD DE L')",0.0,0.0
201400025685,13,5,14,14,1,35,281,1,2,1,3,"00, JAUNAIS DE MIVOIE (R",48.06843,-1.70435
201400025686,13,5,14,14,1,35,238,2,1,2,7,"66, RUE DE ST BRIEUC",48.1136,-1.70501
201400025687,15,5,14,8,1,35,278,2,1,1,2,"00, RD 91",0.0,0.0
201400025688,17,5,14,19,1,35,278,2,2,1,6,"00, GROS MALHON (AVENUE)",0.0,0.0
201400025689,18,5,14,11,1,35,238,2,1,1,5,"198, RUE DE ST MALO",48.1222,-1.68391
201400025690,19,5,14,12,1,35,278,2,6,1,2,ROUTE DE SAINT-MALO,0.0,0.0
201400025691,21,5,14,18,1,35,55,1,1,1,2,RD 463,0.0,0.0
201400025692,21,5,14,23,5,35,238,2,1,1,6,290 RUE DE ST MALO,48.1304,-1.68933
201400025693,22,5,14,17,1,35,238,2,1,1,2,ROCADE OUEST,48.1146,-1.71897
201400025694,23,5,14,8,1,35,278,1,1,1,2,R.N. 136,0.0,0.0
201400025695,23,5,14,8,1,35,278,1,1,1,5,R.N. 136,0.0,0.0
201400025696,23,5,14,12,1,35,238,2,1,1,6,"23, BD L.BOURGEOIS",48.099,-1.65334
201400025697,23,5,14,11,1,35,238,2,6,7,5,ST BRIEUC/ANJOU,48.1181,-1.7138
201400025698,24,5,14,12,1,35,238,2,1,1,2,"00, YSER (BD DE L')",0.0,0.0
201400025699,26,5,14,16,1,35,278,2,1,8,4,CHESNAIS BEAUREGARD (RUE,48.1374,-1.68803
201400025700,26,5,14,16,1,35,238,2,1,1,6,PASSAGE CHAPELLE BOBY,48.1101,-1.66401
201400025701,26,5,14,17,1,35,281,1,9,3,2,R.N. 136,48.08779,-1.70154
201400025702,27,5,14,12,1,35,238,2,1,1,6,"69, RUE GINGUEN?",48.0991,-1.67974
201400025703,27,5,14,14,1,35,238,2,3,1,3,"15, QUAI DE LA PR?VALAYE",48.1091,-1.68656
201400025704,27,5,14,14,1,35,238,2,2,1,6,SUISSE/ITALIE,48.0865,-1.66777
201400025705,28,5,14,11,1,35,51,1,1,1,6,BEAULIEU (PORTE DE),48.09941,-1.61358
201400025706,28,5,14,12,1,35,278,2,1,1,6,ABBE PIERRE (RUE),48.15522,-1.67291
201400025707,28,5,14,17,1,35,51,2,6,3,3,METAIRIES (BOULEVARD DES,48.12189,-1.6001
201400025708,28,5,14,17,1,35,238,2,2,3,3,PATTON/ST LAURENT,48.1385,-1.65858
201400025709,29,5,14,15,1,35,238,2,2,1,3,FR?VILLE/PORTUGAL,48.0837,-1.67449
201400025710,29,5,14,22,5,35,238,2,2,1,3,LICES/JUILLET,48.1126,-1.68481
201400025711,30,5,14,13,1,35,238,2,3,1,2,AB?LARD/CONWO?N,48.1057,-1.68829
201400025712,31,5,14,21,1,35,278,1,1,1,2,RN 137,48.1802,-1.71957
201400025713,3,6,14,15,1,35,238,2,1,1,6,"97, BD DE VITRE",48.12,-1.65059
201400025714,4,6,14,9,1,35,281,2,6,1,6,DODIN (AVENUE ROGER),48.08694,-1.70748
201400025715,4,6,14,17,1,35,238,2,1,1,3,AV DES GAYEULLES (BLIZZ),48.1327,-1.65206
201400025716,4,6,14,18,1,35,238,1,1,1,2,PORTE DE ST NAZAIRE,0.0,0.0
201400025717,5,6,14,8,1,35,281,2,6,1,2,"00, DODIN (AVENUE ROGER)",48.08695,-1.70739
201400025718,5,6,14,17,1,35,281,2,6,1,6,DODIN (AVENUE ROGER),48.08698,-1.70743
201400025719,6,6,14,9,1,35,238,2,1,1,2,"21, RUE M DE SERVIGN?",48.1018,-1.7286
201400025720,6,6,14,13,1,35,238,2,3,1,6,CANADA/GRO?LAND,48.0857,-1.68241
201400025721,6,6,14,17,1,35,238,2,1,1,6,"29, RUE DE LORIENT",48.1077,-1.702
201400025722,7,6,14,23,5,35,238,2,2,1,3,PATTON/MONTS D'ARR?E,48.1351,-1.65961
201400025723,8,6,14,1,4,35,238,2,2,1,3,PASTEUR/CH?TEAUBRIAND,48.1102,-1.6742
201400025724,9,6,14,12,1,35,238,2,6,1,3,CUCILL?/MUSSAT,48.1291,-1.69604
201400025725,9,6,14,15,1,35,51,2,3,1,3,LANDELLES (RUE DES),48.10077,-1.62434
201400025726,10,6,14,17,1,35,238,2,2,1,2,J.VALL?S/E.POTTIER,48.1052,-1.7041
201400025727,10,6,14,18,1,35,238,2,2,1,4,CL?MENCEAU/K?RANGAL,48.0945,-1.68562
201400025728,10,6,14,23,5,35,238,2,6,1,6,KENNEDY/G.BERGER,48.1213,-1.70452
201400025729,11,6,14,8,1,35,238,2,3,1,3,FOUG?RES/S.MICHEL,48.1258,-1.6551
201400025730,11,6,14,8,1,35,278,1,1,1,2,PORTE DE ST MALO,0.0,0.0
201400025731,12,6,14,18,1,35,238,2,5,1,4,PORTE DE NANTES,48.0803,-1.67815
201400025732,13,6,14,9,1,35,238,2,2,1,2,ESPAGNE/CH?TILLON,48.0866,-1.67193
201400025733,13,6,14,9,1,35,238,2,5,1,2,ROCADE 13-14,48.1422,-1.65814
201400025734,14,6,14,17,1,35,238,2,2,1,2,MITTERRAND/VANEAU,48.1089,-1.69293
201400025735,15,6,14,20,1,35,238,2,2,1,3,ST BRIEUC/MARBEUF,48.112,-1.70236
201400025736,16,6,14,0,5,35,238,2,1,1,6,"28, PLACE DES LICES",48.1131,-1.68357
201400025737,16,6,14,8,1,35,51,2,3,1,7,"00, CHARMILLES (RUE DES)",48.10077,-1.62433
201400025738,16,6,14,8,1,35,238,2,2,1,4,J.CARTIER/GARIGLIANO,48.0968,-1.68157
201400025739,16,6,14,10,1,35,238,2,2,1,3,CH?TEAUGIRON/BOURGEOIS,48.1004,-1.64993
201400025740,16,6,14,18,1,35,238,2,6,1,6,VERN/HAUTES OURMES,48.0877,-1.64463
201400025741,17,6,14,10,1,35,238,2,1,1,6,"10, ALL?E DE MAUREPAS",48.1272,-1.66242
201400025742,18,6,14,8,1,35,55,1,3,1,3,RD 463,0.0,0.0
201400025743,18,6,14,11,1,35,238,2,1,1,1,ENCEINTE PONTCHAILLOU,48.1206,-1.69001
201400025744,19,6,14,15,1,35,238,1,1,1,7,ROCADE 14-15,0.0,0.0
201400025745,20,6,14,14,1,35,238,2,5,1,2,PORTE D'ALMA,48.0812,-1.66722
201400025746,21,6,14,17,1,35,281,2,1,1,3,"00, MARIN (RUE JEAN)",0.0,0.0
201400025747,22,6,14,1,5,35,238,2,2,1,5,CL?MENCEAU/K?RANGAL,48.0945,-1.68562