Num_Acc,jour,mois,an,hr,condition_eclairage,departement,commune,condition_agglomeration,intersection,condition_atmosphere,type_collision,adresse,lattitude,longitude
201400025748,23,6,14,15,1,35,278,1,3,1,3,"00, RD 82",0.0,0.0
201400025749,26,6,14,20,1,35,238,2,1,1,7,"41, RUE VASSELOT",48.1086,-1.67691
201400025750,25,6,14,20,1,35,51,1,1,1,7,EST (ROCADE),0.0,0.0
201400025751,26,6,14,0,5,35,281,2,1,1,6,"60, DODIN (AVENUE ROGER)",48.07799,-1.71249
201400025752,27,6,14,9,1,35,278,1,9,1,7,"00, PORTE DE BEAUREGARD",0.0,0.0
201400025753,27,6,14,11,1,35,51,1,1,2,2,BEAULIEU (PORTE DE),0.0,0.0
201400025754,27,6,14,15,1,35,238,2,3,1,3,JANVIER/DUHAMEL,48.1089,-1.67379
201400025755,27,6,14,11,1,35,238,2,3,3,6,LORIENT/RETARDAIS,48.1067,-1.72957
201400025756,28,6,14,12,1,35,238,2,5,2,6,J.GU?HENNO/D.ANNE,48.1193,-1.66743
201400025757,28,6,14,15,1,35,278,1,1,2,7,"00, PORTE DE BEAUREGARD",0.0,0.0
201400025758,30,6,14,8,1,35,238,2,3,1,7,MEYNIER/LEROY,48.1264,-1.7108
201400025759,30,6,14,14,1,35,238,2,2,1,3,CL?MENCEAU/AUDIBERT,48.094,-1.67745
201400025760,30,6,14,18,1,35,281,1,3,2,3,PATIS-DES-COUASNES (RUE,48.08119,-1.72723
201400025761,2,7,14,15,1,35,238,2,5,1,3,LA?NNEC/ST H?LIER,48.1056,-1.66605
201400025762,2,7,14,18,1,35,238,2,3,1,2,VEZIN/BROC?LIANDE,48.1163,-1.71408
201400025763,2,7,14,19,1,35,238,2,1,1,1,CHEMIN DE LA PR?VALAYE,48.0952,-1.73285
201400025764,3,7,14,8,1,35,238,2,3,1,3,LORIENT/MARCEAU,48.108,-1.70066
201400025765,3,7,14,17,1,35,238,2,3,1,3,A.PAVIE/ST SA?NS,48.104,-1.63625
201400025766,3,7,14,18,1,35,238,2,1,1,5,207 RUE DE VERN,48.0883,-1.64468
201400025767,3,7,14,20,1,35,238,2,1,1,6,BD DE YOUGOSLAVIE,48.0876,-1.65193
201400025768,4,7,14,8,1,35,238,2,3,1,2,A.BRIAND/LENOIR,48.1103,-1.66424
201400025769,4,7,14,17,1,35,238,2,1,1,4,ROCADE OUEST,48.1121,-1.71842
201400025770,6,7,14,0,5,35,238,2,2,3,3,R.BRICE/A.ROUAULT,48.0922,-1.66781
201400025771,6,7,14,22,5,35,51,2,1,1,3,"41, MUGUET (RUE DU)",48.11828,-1.61112
201400025772,7,7,14,7,1,35,238,2,2,1,3,LORIENT (DE),48.1094,-1.7076
201400025773,8,7,14,19,1,35,238,2,1,1,6,"14, RUE P?TIS TATELIN",48.1336,-1.63857
201400025774,8,7,14,18,1,35,238,2,1,1,6,"78, BD DE S?VIGN?",48.1162,-1.66437
201400025775,9,7,14,12,1,35,238,2,6,1,3,YOUGOSLAVIE/PAYS BAS,48.0884,-1.66079
201400025776,9,7,14,22,5,35,238,2,2,1,3,LEGRAVEREND/ST MALO,48.1171,-1.68085
201400025777,10,7,14,8,1,35,238,2,1,1,3,"91, RUE DE ST BRIEUC",48.1159,-1.70907
201400025778,10,7,14,13,1,35,238,2,3,1,3,IRLANDE/BELGIQUE,48.0878,-1.68545
201400025779,10,7,14,19,1,35,238,2,2,1,3,S.MICHEL/R.POINCAR?,48.1254,-1.65289
201400025780,13,7,14,22,5,35,281,2,6,1,3,"00, DODIN (AVENUE ROGER)",48.08704,-1.71017
201400025781,13,7,14,22,1,35,238,2,1,1,7,"11,QUAI DE LA PR?VALAYE",48.1091,-1.68632
201400025782,15,7,14,8,1,35,55,2,6,1,3,"00, BONNIN ANDRE (AVENUE",48.09007,-1.62327
201400025783,16,7,14,8,1,35,238,2,2,1,6,ST BRIEUC/VEZIN,48.1165,-1.70992
201400025784,16,7,14,23,5,35,238,2,2,1,3,ST MALO/J.BODIN,48.126,-1.68578
201400025785,17,7,14,13,1,35,238,2,4,1,6,GROS MALHON/B.RAULT,48.1299,-1.68422
201400025786,18,7,14,17,1,35,238,2,2,1,6,L.GUILLOUX/MARBEUF,48.112,-1.70236
201400025787,19,7,14,18,1,35,238,2,1,1,7,PATIS TATELIN (LIEU-DIT,0.0,0.0
201400025788,20,7,14,4,5,35,238,2,1,1,6,"7, BD DE S?VIGN?",48.1164,-1.67319
201400025789,24,7,14,9,1,35,238,2,3,1,3,PR?VALAYE/J.GABRIEL,48.1091,-1.68656
201400025790,25,7,14,18,1,35,238,2,4,1,4,GUILLOUX (LOUIS),48.11141,-1.70126
201400025791,25,7,14,18,1,35,238,2,1,1,3,RUE D'ESPAGNE,48.0866,-1.67163
201400025792,26,7,14,2,5,35,238,2,6,1,7,MONTS D'ARR?E/L.PR?S,48.1324,-1.65662
201400025793,26,7,14,11,1,35,278,2,1,1,6,BEAUREGARD (270),48.13707,-1.69001
201400025794,26,7,14,13,1,35,278,2,1,1,3,"00, CERISAIE (RUE DE LA)",48.13844,-1.68975
201400025795,28,7,14,8,1,35,238,2,2,1,3,C.BERNARD/A.DUVAL,48.1035,-1.69401
201400025796,28,7,14,10,1,35,238,2,5,1,7,PORTE DE NANTES,48.0806,-1.67419
201400025797,28,7,14,12,1,35,238,2,3,2,3,CH?TILLON/QUINELEU,48.1016,-1.67281
201400025798,28,7,14,14,1,35,238,2,2,1,3,F.ROOSEVELT/VERN,48.0981,-1.65566
201400025799,28,7,14,17,1,35,51,2,6,1,4,ALLIES (BOULEVARD DES),48.1366,-1.62495
201400025800,28,7,14,21,1,35,238,2,2,1,3,C.BERNARD/A.DUVAL,48.1035,-1.69401
201400025801,29,7,14,8,1,35,238,2,3,1,3,VERGER/ST H?LIER,48.1061,-1.66727
201400025802,29,7,14,17,1,35,281,2,2,1,6,"00, BLUM (MAIL LEON)",48.08091,-1.71546
201400025803,30,7,14,22,4,35,51,2,1,1,7,BRAY (ROND-POINT DE),0.0,0.0
201400025804,31,7,14,16,1,35,238,2,5,1,3,PORTE DE BREST,48.1227,-1.71925
201400025805,1,8,14,10,1,35,55,2,1,1,7,"00, BREIL (RUE DU)",0.0,0.0
201400025806,2,8,14,14,1,35,278,1,1,3,7,"00, PORTE DE ST MALO",0.0,0.0
201400025807,3,8,14,6,1,35,238,2,5,1,2,PORTE DE LORIENT,48.111,-1.71838
201400025808,3,8,14,19,1,35,238,2,2,1,3,AUDIBERT/CLEMENCEAU,48.094,-1.67745
201400025809,7,8,14,23,5,35,55,1,1,2,3,"00, PRE DU PONT (ALLEE D",0.0,0.0
201400025810,8,8,14,16,1,35,238,2,2,2,2,GROS MALHON/TROIS CROIX,48.1279,-1.68345
201400025811,10,8,14,9,1,35,238,2,1,2,6,"96, RUE DE L'ALMA",48.0984,-1.67543
201400025812,13,8,14,3,5,35,238,2,3,2,7,"01, NIVERNAIS (DU)",48.122,-1.70876
201400025813,13,8,14,4,3,35,278,1,1,1,7,RN 137,0.0,0.0
201400025814,13,8,14,10,1,35,238,2,6,1,7,RP E.N.NI?MEN,48.1054,-1.70846
201400025815,13,8,14,10,1,35,238,2,1,1,7,"00, VALLES (JULES)",0.0,0.0
201400025816,13,8,14,11,1,35,238,2,3,1,3,GUILLOUX (LOUIS),48.1091,-1.69732
201400025817,19,8,14,9,1,35,238,2,1,1,3,ROCADE OUEST PR15-150,48.1154,-1.71914
201400025818,21,8,14,10,1,35,238,2,1,1,6,"9, RUE LE BASTARD",48.1131,-1.67936
201400025819,25,8,14,17,1,35,238,2,2,3,2,TROIS CROIX/ST MALO,48.1271,-1.68651
201400025820,25,8,14,16,1,35,238,2,1,3,4,ROCADE OUEST,48.0856,-1.69955
201400025821,25,8,14,20,1,35,238,2,2,3,3,NANTES/CL?MENCEAU,48.0947,-1.69024
201400025822,25,8,14,19,1,35,238,2,2,3,3,NANTES (DE),0.0,0.0
201400025823,27,8,14,18,1,35,238,2,3,1,7,VEZIN/E.MERLIN,48.1163,-1.7119
201400025824,29,8,14,15,1,35,55,1,1,1,3,"00, RD 463",48.08404,-1.62289
201400025825,29,8,14,19,1,35,238,2,3,1,2,G.BERGER/J.MOULIN,48.1187,-1.70463
201400025826,31,8,14,14,1,35,238,2,2,1,6,REDON/MALAKOFF,48.1051,-1.6934
201400025827,3,9,14,10,1,35,238,2,5,1,2,PORTE DE NANTES,48.0807,-1.67631
201400025828,3,9,14,11,1,35,238,2,6,1,3,P.LANGEVIN/O.LEROUX,48.0916,-1.65839
201400025829,3,9,14,13,1,35,238,2,1,1,6,"15,QUAI LAMENNAIS",48.1098,-1.68253
201400025830,4,9,14,3,5,35,238,2,1,1,6,BD D'ARMORIQUE (PONT),48.1294,-1.67974
201400025831,4,9,14,18,1,35,238,2,1,1,3,"7, BD JEANNE D'ARC",48.1111,-1.65911
201400025832,5,9,14,0,3,35,238,2,1,1,6,MILON (ALLEE YVES),48.1188,-1.63817
201400025833,5,9,14,10,1,35,238,2,3,1,6,MAGENTA/GURVAND,48.1044,-1.67357
201400025834,5,9,14,18,1,35,55,2,6,1,7,PORTE D'ANGERS,48.0823,-1.64058
201400025835,5,9,14,18,1,35,281,2,1,1,7,"00, DODIN (AVENUE ROGER)",0.0,0.0
201400025836,7,9,14,12,1,35,51,2,3,1,7,"00, CHANTEPIE (ROUTE DE)",48.10691,-1.60622
201400025837,7,9,14,18,1,35,238,2,4,1,3,DAUTRY/COLOMBIER,48.1026,-1.6786
201400025838,8,9,14,18,1,35,238,2,1,1,7,"4, RUE C.BERNARD",48.1046,-1.69359
201400025839,8,9,14,20,5,35,238,2,3,1,3,ANJOT/DANTON,48.1183,-1.65357
201400025840,9,9,14,8,1,35,238,2,2,1,3,PATTON/ARMORIQUE,48.1285,-1.66415
201400025841,9,9,14,8,1,35,238,2,1,1,3,"25, A.BRIAND",48.1102,-1.66897
201400025842,9,9,14,14,1,35,281,2,6,1,4,"00, DODIN (AVENUE ROGER)",48.08692,-1.70752
201400025843,11,9,14,8,1,35,51,1,1,1,3,BEAULIEU (PORTE DE),0.0,0.0
201400025844,11,9,14,10,1,35,238,2,2,1,3,"00, BOURGEOIS (BOULEVARD",0.0,0.0
201400025845,12,9,14,16,1,35,238,2,5,1,3,PORTE ALMA,48.081,-1.6691
201400025846,12,9,14,17,1,35,51,1,1,7,3,RIGOURDIERE (PORTE DE LA,0.0,0.0
201400025847,14,9,14,11,1,35,238,2,2,1,3,CH?TEAUGIRON/BOTMEL,48.0941,-1.63435
201400025848,15,9,14,7,1,35,238,1,1,1,4,PORTE DE MAUREPAS,48.14168,-1.66857
201400025849,15,9,14,17,1,35,238,2,2,1,3,V.MAREUIL/A.GU?RIN,48.1099,-1.65548
201400025850,16,9,14,9,1,35,238,2,2,1,7,GROS MALHON/3 CROIX,48.1279,-1.68345
201400025851,17,9,14,13,1,35,238,2,1,1,6,"00, LITTRE (EMILE)",0.0,0.0
201400025852,18,9,14,20,1,35,281,2,2,1,3,"00, MERMOZ (BOULEVARD JE",48.09634,-1.69263
201400025853,19,9,14,8,1,35,238,2,1,1,2,BD L.GRIMAULT,48.0913,-1.65217
201400025854,19,9,14,12,1,35,51,2,1,1,6,"15, BOURGCHEVREUIL (MAIL",48.11776,-1.607
201400025855,19,9,14,16,1,35,278,1,1,1,2,PORTE DE ST MALO,48.13263,-1.70803
201400025856,20,9,14,10,1,35,238,2,1,1,6,"30, CANAL ST MARTIN",48.1225,-1.67962
201400025857,25,9,14,14,1,35,51,2,6,1,2,"00, BRAY (ROND-POINT DE)",48.10114,-1.6096
201400025858,25,9,14,14,1,35,238,2,2,1,6,ANTRAIN/ST ANNE,48.1145,-1.67943
201400025859,25,9,14,18,1,35,51,1,1,1,4,RIGOURDIERE (PORTE DE LA,48.11884,-1.57252
201400025860,25,9,14,18,1,35,51,1,1,1,2,RIGOURDIERE (PORTE DE LA,0.0,0.0
201400025861,26,9,14,15,1,35,238,2,6,1,6,CANADA/NORV?GE,48.0869,-1.68234
201400025862,29,9,14,15,1,35,238,2,1,1,6,"00, CANADA (AVENUE DU)",48.08788,-1.68225
201400025863,26,9,14,18,1,35,278,2,6,7,3,"00, RD 82",48.1616,-1.68995
201400025864,27,9,14,11,1,35,238,2,1,1,2,"57, AVENUE A.BRIAND",48.1103,-1.66605
201400025865,30,9,14,8,1,35,278,1,2,5,4,RD 29,48.16256,-1.68371
201400025866,2,10,14,8,1,35,238,1,1,1,5,ROCADE 5-6,0.0,0.0
201400025867,2,10,14,21,5,35,238,2,2,1,6,ALMA/BEAUMONT,48.1035,-1.67694
201400025868,3,10,14,6,5,35,238,2,3,1,6,BRETAGNE/CHALOTAIS,48.1093,-1.68423
201400025869,3,10,14,8,1,35,238,2,4,1,2,STRASBOURG-LECLERC,48.1146,-1.65579
201400025870,4,10,14,15,1,35,278,2,1,3,7,"32, BOUTIERE (BOULEVARD",48.14684,-1.69628
201400025871,3,10,14,12,1,35,238,2,1,1,6,ALL?E J.NO?L,48.119,-1.6486
201400025872,4,10,14,8,1,35,238,2,2,1,3,NEMOURS/LAMARTINE,48.1102,-1.68021
201400025873,4,10,14,15,1,35,238,2,3,3,6,K?RANGAL/H?MON,48.0938,-1.68583
201400025874,4,10,14,18,1,35,238,2,3,2,3,PAYS BAS/PORTUGAL,48.0835,-1.66098
201400025875,4,10,14,19,3,35,206,2,5,1,2,PORTE DE NANTES,48.08,-1.68199
201400025876,5,10,14,16,1,35,238,2,3,1,6,YOUGOSLAVIE/BOSNIE,48.0882,-1.6561
201400025877,5,10,14,18,1,35,281,2,3,1,2,"00, RD 177",48.06751,-1.71432
201400025878,6,10,14,13,1,35,51,1,1,2,7,RIGOURDIERE (PORTE DE LA,48.11974,-1.57261
201400025879,7,10,14,20,5,35,238,2,2,1,3,ALMA/J.CARTIER,48.0974,-1.67516
201400025880,7,10,14,20,5,35,51,2,1,1,6,"00, BOURGCHEVREUIL (MAIL",48.11847,-1.60398
201400025881,8,10,14,8,1,35,51,1,1,1,7,RIGOURDIERE (PORTE DE LA,48.11444,-1.57094
201400025882,9,10,14,14,1,35,51,2,1,2,3,"26, ERBONIERE (RUE DE L)",48.10334,-1.6247
201400025883,10,10,14,8,2,35,51,1,1,1,4,"00, LONGCHAMPS (PORTE DE",48.14198,-1.6628
201400025884,10,10,14,11,1,35,238,2,3,1,6,PAYS BAS/PORTUGAL,48.0835,-1.66098
201400025885,11,10,14,18,1,35,238,2,5,1,2,PORTE DE VILLEJEAN,48.1273,-1.71331
201400025886,11,10,14,18,1,35,238,2,5,1,6,PORTE DE CLEUNAY,48.0992,-1.71432
201400025887,13,10,14,8,1,35,238,2,1,1,3,18 RUE P?TIS TATELIN,48.1348,-1.63744
201400025888,13,10,14,13,1,35,238,2,2,1,6,LEGRAVEREND/DINAN,48.1173,-1.68311
201400025889,13,10,14,14,1,35,238,2,6,8,3,PAVIE/VILLEBOIS MAREUIL,48.1041,-1.65012
201400025890,13,10,14,17,1,35,238,2,5,1,4,PORTE D'ANGERS,48.0834,-1.64317
201400025891,14,10,14,6,3,35,238,2,5,1,5,PORTE D'ANGERS,48.0834,-1.64317
201400025892,14,10,14,20,5,35,238,2,2,1,3,METZ/G.LEJEAN,48.1162,-1.65831
201400025893,15,10,14,8,1,35,55,1,6,2,3,"00, RD 163",48.07819,-1.63274
201400025894,15,10,14,19,2,35,238,2,2,2,6,LA?NNEC/ST H?LIER,48.1056,-1.66605
201400025895,16,10,14,7,2,35,238,2,1,2,6,"175, AVENUE PATTON",48.127,-1.66512
201400025896,16,10,14,8,1,35,238,2,3,1,6,COU?DIC/LA T.D'AUVERGNE,48.1039,-1.68435
201400025897,16,10,14,18,1,35,238,2,2,1,3,ANTRAIN/VINCENNES,48.1182,-1.67633
201400025898,16,10,14,18,1,35,238,2,3,2,3,"00, TOURAUDAIS (AVENUE D",48.12017,-1.63141
201400025899,16,10,14,21,5,35,238,2,2,3,3,L.GUILLOUX/MARBEUF,48.112,-1.70236
201400025900,17,10,14,9,1,35,51,2,3,8,3,"00, ALLIES (BOULEVARD DE",48.13102,-1.62115
201400025901,18,10,14,3,3,35,51,1,1,1,2,NORMANDIE (PORTE DE),48.14799,-1.61393
201400025902,19,10,14,7,5,35,281,2,1,1,6,"09, DODIN (AVENUE ROGER)",48.08817,-1.70679
201400025903,19,10,14,19,2,35,238,2,3,1,2,ST H?LIER/CR?CHE,48.1063,-1.66791
201400025904,20,10,14,16,1,35,238,2,2,8,6,FOUG?RES/COURTELINE,48.1251,-1.6567
201400025905,20,10,14,21,3,35,238,2,5,1,2,PORTE DE CLEUNAY,48.1047,-1.71671
201400025906,21,10,14,20,5,35,238,2,1,2,3,"19, BD DU COLOMBIER",48.1024,-1.67992
201400025907,22,10,14,7,5,35,238,2,6,8,3,VERN/HAUTES OURMES,48.0877,-1.64463
201400025908,22,10,14,12,1,35,238,2,2,1,3,G.POMPIDOU/BUF?RON,48.1,-1.68662
201400025909,22,10,14,11,1,35,238,2,2,1,6,LIBERT?/ISLY,48.1074,-1.67784
201400025910,22,10,14,13,1,35,238,2,6,1,6,F.CH?TEAU/JOU?,48.1118,-1.64641
201400025911,22,10,14,22,5,35,238,2,1,1,3,"1, AV DE LA PR?FECTURE",48.1271,-1.6933
201400025912,24,10,14,13,1,35,238,2,3,8,3,SUISSE/BERNE,48.0865,-1.66508
201400025913,24,10,14,13,1,35,238,2,1,1,3,ROCADE SUD EXT,48.0812,-1.66324
201400025914,24,10,14,15,1,35,238,2,3,1,3,LORIENT/J/LEMAISTRE,48.1045,-1.71923
201400025915,24,10,14,17,1,35,278,1,1,1,2,PORTE DE ST MALO,48.14091,-1.68268
201400025916,24,10,14,3,5,35,238,2,6,1,7,"00, HAUT-SANCE (AVENUE D",0.0,0.0
201400025917,25,10,14,3,5,35,238,2,6,1,7,BIGNON/HAUT SANC?,48.0965,-1.63701
201400025918,25,10,14,17,1,35,238,2,1,1,3,AVENUE DES GAYEULLES,48.138,-1.6523
201400025919,30,10,14,23,5,35,238,2,2,1,7,DUGUAY TROUIN/MISSION,48.1101,-1.68461
201400025920,31,10,14,12,1,35,51,2,1,1,6,"00, RIGOURDIERE (RUE DE",48.11211,-1.58705
201400025921,2,11,14,17,1,35,51,2,3,8,3,"00, CARADEUC (AVENUE DE)",48.12,-1.60641
201400025922,4,11,14,6,5,35,281,2,6,8,3,"00, DODIN (AVENUE ROGER)",48.08216,-1.71123
201400025923,6,11,14,7,2,35,238,2,2,8,7,"33, CHEZY (BD DE)",0.0,0.0
201400025924,5,11,14,7,2,35,238,2,3,8,3,N.DU FAIL/CH?ZY,48.1174,-1.68584
201400025925,5,11,14,13,1,35,238,2,1,2,4,RUE SAINT-H?LIER,48.1054,-1.66574
201400025926,6,11,14,8,1,35,238,2,3,8,7,J.GU?HENNO/BRIZEUX,48.1182,-1.67237
201400025927,6,11,14,15,1,35,238,2,3,8,2,ISLY/PL?LO,48.1064,-1.67774
201400025928,7,11,14,15,1,35,51,2,6,7,6,"00, RD96",48.13176,-1.59722
201400025929,7,11,14,19,5,35,238,2,6,1,6,LORIETTES/BOSPHORE,48.0839,-1.67686
201400025930,7,11,14,20,3,35,238,2,5,1,4,PORTE DE CLEUNAY,48.0992,-1.71432
201400025931,9,11,14,12,1,35,238,2,2,1,6,JAUR?S/ZOLA,48.1098,-1.67782
201400025932,10,11,14,16,1,35,206,2,1,2,3,ALL?E D'UKRAINE,48.0814,-1.68128
201400025933,10,11,14,19,5,35,238,2,1,1,3,"14, RUE L ET R.MOINE",48.091,-1.68212
201400025934,11,11,14,11,1,35,278,1,1,2,1,RN 137,48.1416,-1.6969
201400025935,11,11,14,18,1,35,238,2,1,2,7,"00, DUCHESSE ANNE (BLD D",0.0,0.0
201400025936,11,11,14,17,1,35,238,2,1,2,6,"11, BD DUCHESSE.ANNE",48.1157,-1.66598
201400025937,12,11,14,8,1,35,238,2,1,1,7,"12, KERAUTRET BOTMEL (LO",0.0,0.0
201400025938,12,11,14,15,1,35,238,2,3,1,6,REDON/AB?LARD,48.1062,-1.68801
201400025939,12,11,14,16,1,35,278,1,1,1,4,"00, RD 137",48.15627,-1.70347
201400025940,14,11,14,11,1,35,238,2,3,1,6,LORIENT/CALLO'CH,48.1083,-1.71281
201400025941,14,11,14,18,5,35,51,2,1,2,3,ALLIES (BOULEVARD DES),48.131,-1.62115
201400025942,14,11,14,19,5,35,238,2,3,1,6,H.FR?VILLE/BOSPHORE,48.0855,-1.67527
201400025943,16,11,14,9,1,35,278,1,1,1,2,ROCADE 13-14,48.14005,-1.69506
201400025944,17,11,14,11,1,35,55,2,6,8,6,"00, BIGNON (RUE DU)",48.09869,-1.62188
201400025945,17,11,14,16,1,35,238,2,3,2,6,LORRAINE/FLANDRE,48.123,-1.70599
201400025946,17,11,14,18,5,35,238,2,1,3,1,"ALL?E,MORVAN LEBESQUE",48.1309,-1.63304
201400025947,18,11,14,17,5,35,238,2,1,1,6,"8, RUE MAL JOFFRE",48.1088,-1.67784
201400025948,19,11,14,11,1,35,51,2,1,1,2,"00, CHALOTAIS (RUE DE LA",48.12279,-1.60216
201400025949,21,11,14,8,1,35,238,2,2,1,3,VITR?/J.JUGAN,48.1157,-1.64845
201400025950,22,11,14,18,5,35,238,2,1,1,6,"24, METZ (BD DE)",0.0,0.0
201400025951,22,11,14,18,5,35,238,2,3,1,3,METZ/PALESTINE,48.1159,-1.65812
201400025952,23,11,14,11,1,35,238,2,5,2,7,PORTE D'ANGERS,48.0819,-1.64664
201400025953,23,11,14,13,1,35,238,2,2,8,3,FR?VILLE/UKRAINE,48.0837,-1.67516
201400025954,24,11,14,8,1,35,51,1,1,1,2,LONGCHAMPS (PORTE DES),48.1471,-1.61582
201400025955,25,11,14,17,1,35,281,1,1,2,4,PORTE DE ST NAZAIRE,48.09005,-1.7047
201400025956,26,11,14,11,1,35,206,2,5,8,2,PORTE ALMA,48.08,-1.68199
201400025957,27,11,14,3,5,35,238,2,3,8,6,V.MAREUIL/S.DE BREUR,48.1089,-1.65435
201400025958,27,11,14,16,1,35,238,2,1,1,6,"18, RUE D'ISLY",48.1057,-1.67765
201400025959,2,12,14,18,5,35,238,2,3,1,6,YSER/NICOLET,48.0907,-1.68045
201400025960,3,12,14,10,1,35,51,2,1,1,7,"00, RENNES (RUE DE)",48.11422,-1.61265
201400025961,3,12,14,18,5,35,281,2,1,8,4,"256, NANTES (RUE DE)",48.09206,-1.69171
201400025962,4,12,14,18,5,35,238,2,3,2,6,J.GU?HENNO/G.SAND,48.1188,-1.66839
201400025963,5,12,14,20,5,35,238,2,2,8,6,ROCHESTER/G.ROPARTZ,48.128,-1.65746
201400025964,5,12,14,19,3,35,238,1,1,2,7,PORTE DE MAUREPAS,48.1416,-1.66622
201400025965,5,12,14,18,5,35,238,2,3,2,3,M.COLOMB/A.PAILHERET,48.1008,-1.65562
201400025966,6,12,14,12,1,35,238,2,1,1,2,BD DE YOUGOSLAVIE,48.0876,-1.65212
201400025967,6,12,14,11,1,35,238,2,3,1,2,L.BOURGEOIS/LE DANTEC,48.09995,-1.65081
201400025968,6,12,14,18,3,35,238,2,5,1,2,PORTE DE LORIENT,48.1078,-1.71765
201400025969,6,12,14,23,3,35,238,2,1,1,6,8 RUE D'ECHANGE,48.115,-1.6828
201400025970,8,12,14,18,5,35,238,2,3,2,3,P.AMYS/A.GU?RIN,48.1097,-1.65635
201400025971,8,12,14,20,5,35,238,2,2,2,3,ROCHESTER/G.ROPARTZ,48.128,-1.65746
201400025972,9,12,14,14,1,35,238,2,1,1,2,"73, BD DE LA T.AUVERGNE",48.1024,-1.68431
201400025973,10,12,14,17,2,35,238,2,2,8,5,TROIS CROIX/GROS MALHON,48.1279,-1.68345
201400025974,11,12,14,14,1,35,238,2,3,1,3,HONGRIE/L.GRIMAULT,48.0914,-1.65733
201400025975,12,12,14,12,1,35,238,2,5,2,4,PORTE DE LORIENT,48.111,-1.71838
201400025976,12,12,14,16,1,35,238,2,1,3,6,"7, AV G.GRAFF",48.0853,-1.69192
201400025977,12,12,14,17,5,35,238,2,6,2,6,L.GRIMAULT/PAYS BAS,48.0916,-1.65839
201400025978,13,12,14,0,5,35,238,2,2,2,3,ISLY/COLOMBIER,48.1051,-1.67753
201400025979,13,12,14,6,5,35,238,2,1,2,6,53 BD DE L. T.AUVERGNE,48.1036,-1.68435
201400025980,13,12,14,14,1,35,55,2,6,1,3,"00, LOGES (RUE DES)",48.08371,-1.62444
201400025981,14,12,14,10,1,35,238,2,2,1,3,O.LEROUX/BINQUENAIS,48.0914,-1.6675
201400025982,14,12,14,18,5,35,281,2,6,1,6,"00, DODIN (AVENUE ROGER)",48.08681,-1.70757
201400025983,15,12,14,18,5,35,238,2,6,2,6,YSER/ONU,48.09,-1.68226
201400025984,15,12,14,18,4,35,238,1,5,2,1,PORTE DE BREST,48.1182,-1.71529
201400025985,16,12,14,9,1,35,238,2,3,1,2,VEYETTES/PR? GAREL,48.1032,-1.63462
201400025986,17,12,14,9,1,35,238,2,3,1,2,"00, PRE GAREL (DU)",48.10323,-1.63457
201400025987,16,12,14,16,1,35,238,2,1,1,6,"27, RUE P.BERT",48.1106,-1.66896
201400025988,16,12,14,13,1,35,238,2,3,1,3,BERGER/DAUPHIN?,48.1193,-1.70461
201400025989,17,12,14,21,5,35,238,2,3,2,7,MALAKOFF/M/JOUAN,48.1067,-1.69323
201400025990,18,12,14,6,5,35,51,2,2,2,3,"00, ALLIES (BOULEVARD DE",0.0,0.0
201400025991,18,12,14,7,5,35,238,2,2,1,3,"00, FREVILLE (AVENUE HEN",48.08668,-1.67494
201400025992,19,12,14,16,1,35,238,2,2,1,3,MAUCONSEIL/POMPIDOU,48.0982,-1.6883
201400025993,19,12,14,12,1,35,238,2,3,8,3,GAYEULLES/SQ GAYEULLES,48.1304,-1.65206
201400025994,20,12,14,6,3,35,278,1,1,1,6,"00, RD 29",0.0,0.0
201400025995,20,12,14,18,5,35,238,2,2,1,3,ST MALO/TROIS CROIX,48.1272,-1.6866
201400025996,23,12,14,9,1,35,238,2,1,1,7,AVENUE DU CANADA,48.0871,-1.68234
201400025997,23,12,14,14,1,35,238,2,1,1,7,68 BD V.MAREUIL,48.1048,-1.65037
201400025998,24,12,14,7,3,35,281,1,1,1,2,RD 177,48.0772,-1.71261
201400025999,24,12,14,23,5,35,238,2,2,1,3,C.TILLON/W.CHURCHILL,48.1245,-1.70982
201400026000,25,12,14,18,5,35,238,2,1,1,2,RUE A.PAVIE,48.1041,-1.63841
201400026001,27,12,14,18,5,35,281,2,2,2,6,HAIE-DES-COGNETS (BOUL D,48.08342,-1.73065
201400026002,28,12,14,20,5,35,238,2,6,1,7,V.MAREUIL/MOU?ZY,48.1041,-1.65012
201400026003,30,12,14,14,1,35,238,2,2,1,3,GUERRAND/CLEUNAY,48.1021,-1.69866
201400026004,31,12,14,13,1,35,238,2,3,1,3,F.CH?TEAU/BAUD,48.1122,-1.64349
201400026005,3,1,14,18,2,35,288,2,1,1,6,"0, GREVES DE CHASLES (RU",48.63987,-2.01068
201400026006,10,1,14,16,2,35,288,2,1,1,6,"51, JEAN XXIII (RUE)",48.63381,-2.01423
201400026007,7,1,14,16,1,35,288,2,1,1,6,"45, TALARDS (BOULEVARD D",48.64385,-2.00848