Num_Acc,jour,mois,an,hr,condition_eclairage,departement,commune,condition_agglomeration,intersection,condition_atmosphere,type_collision,adresse,lattitude,longitude
201400026008,21,2,14,15,1,35,288,2,1,1,6,"12, SCHUMANN (DU PRESIDE",48.65834,-1.98574
201400026009,15,3,14,20,2,35,288,2,1,1,7,"52, ANTILLES (RUE DES)",48.63823,-1.99831
201400026010,25,3,14,17,1,35,288,2,1,1,6,"15, SILLON (DU) CHAUSSEE",48.65477,-2.00746
201400026011,11,4,14,15,1,35,288,2,1,1,6,"15, TALARDS (BOULEVARD D",48.64565,-2.00841
201400026012,23,4,14,14,1,35,288,2,1,2,6,"110, MARNE (RUE DE LA)",48.63012,-2.0066
201400026013,9,5,14,22,5,35,288,2,2,1,3,DEMALVILLAIN LEONCE (BOU,48.63312,-1.99715
201400026014,19,5,14,20,1,35,241,1,1,3,7,DINARD (RUE DE),48.61067,-2.03514
201400026015,21,5,14,11,1,35,288,1,1,1,5,"0, RN 137",48.61841,-1.98646
201400026016,5,6,14,13,1,35,288,2,1,1,6,"80, TALARDS (BOULEVARD D",48.64209,-2.00871
201400026017,4,6,14,18,1,35,288,2,3,1,6,"86, VILLE PEPIN (RUE)",48.63343,-2.01256
201400026018,16,7,14,9,1,35,93,2,1,1,1,"62, EDOUARD VII - N?1A 6",48.63296,-2.0634
201400026019,24,7,14,6,2,35,93,2,1,1,6,"1, VILLE ES PASSANTS (RU",48.61707,-2.05842
201400026020,13,8,14,9,1,35,288,2,9,1,6,"50, RUELLAN (SIX FRERES)",48.65619,-1.98046
201400026021,18,8,14,17,1,35,288,1,1,1,7,D2,48.6298,-1.96273
201400026022,29,10,14,16,1,35,93,2,1,1,3,VILLOU ( BOULEVARD DU),48.62995,-2.07569
201400026023,3,9,14,18,1,35,288,2,6,1,6,"48, REPUBLIQUE (BOULEVAR",48.64758,-2.00836
201400026024,19,9,14,7,1,35,288,1,1,1,7,rue de la Blanche Roche,48.6142,-1.98077
201400026025,22,9,14,8,1,35,93,2,3,1,3,"00, GOUYON MATIGNON (RUE",48.62447,-2.06769
201400026026,25,9,14,17,1,35,288,2,9,1,6,"17, UMBRICHT (REVEREND P",48.65769,-1.99434
201400026027,26,10,14,10,1,35,288,2,1,1,6,"0, SAINT FRANCOIS XAVIER",48.63682,-1.99026
201400026028,1,10,14,19,1,35,93,2,1,1,6,"30, RENAN ERNEST (RUE)",48.63098,-2.07207
201400026029,1,11,14,13,1,35,288,2,6,1,6,"0, PATTON GENERAL (RUE D",48.62309,-1.99732
201400026030,2,7,14,17,1,36,44,2,2,1,3,DELACROIX/COMBANAIRE,46.804,1.7107
201400026031,17,1,14,12,1,36,202,1,1,1,5,16 AVENUE DE LA FORET,46.7652,1.67269
201400026032,19,1,14,7,2,36,63,1,6,1,7,RD PT GRAND VERGER,46.8455,1.70895
201400026033,5,7,14,19,1,36,44,2,1,1,4,69 RUE RASPAIL,46.8056,1.69176
201400026034,16,1,14,9,1,36,202,1,1,1,2,FACE CHATEAU LA LIENNE,46.7513,1.62735
201400026035,7,1,14,8,4,36,44,2,2,8,3,PAUL VALERY/BD BLAISE P,46.797,1.70923
201400026036,9,7,14,8,1,36,44,2,2,8,3,RUE BARBOUX/RUE LA POSTE,46.8103,1.69384
201400026037,7,2,14,11,1,36,44,2,3,1,3,RD920/ALLEE DU CRAQUELIN,46.7942,1.71972
201400026038,11,7,14,11,1,36,44,2,7,1,6,PLACE GAMBETTA,46.8122,1.69565
201400026039,14,7,14,6,2,36,44,1,1,1,7,160 AVENUE DE TOURS,46.8195,1.67272
201400026040,13,1,14,12,1,36,44,2,1,1,2,318 AVENUE DE VERDUN,46.7926,1.70005
201400026041,1,3,14,19,1,36,44,2,1,9,3,14 RUE EUGENE DELACROIX,46.8034,1.7085
201400026042,16,7,14,10,1,36,63,2,6,1,3,,46.8483,1.71017
201400026043,14,1,14,12,1,36,44,2,1,1,3,132 AV GENERAL DE GAULLE,46.8059,1.69676
201400026044,17,1,14,9,1,36,44,2,1,1,2,4 RUE SAINT LUC,46.8126,1.69708
201400026045,17,1,14,17,2,36,44,2,1,1,4,344 AV DE LA CHATRE,46.8021,1.71884
201400026046,21,7,14,14,1,36,44,2,1,1,2,132 AV MARCEL LEMOINE,46.8207,1.6974
201400026047,21,7,14,16,1,36,44,2,2,1,3,F LESSEPS/HECTOR BERLIOZ,46.8085,1.7149
201400026048,22,7,14,2,3,36,44,2,1,1,7,25 RUE PIERRE GAUTIER,46.8084,1.69954
201400026049,22,7,14,4,3,36,44,2,1,1,7,69 RUE RASPAIL,46.8056,1.69176
201400026050,18,1,14,19,2,36,44,2,1,1,7,143 AV DE VERDUN,46.8024,1.69625
201400026051,22,7,14,11,1,36,44,2,1,1,6,25 RUE MARINIER,46.8167,1.71139
201400026052,23,7,14,19,1,36,159,1,1,1,3,ROUTE DE VARENNES,0.0,0.0
201400026053,5,4,14,16,1,36,63,1,1,1,2,RD 925,46.8253,1.76546
201400026054,25,3,14,17,1,36,44,2,3,1,3,RUE MONTAIGNE/RUE LOTI,46.7977,1.7059
201400026055,16,4,14,6,2,36,44,1,2,1,3,RD920/RD40,46.7887,1.6913
201400026056,27,7,14,13,1,36,44,2,1,1,7,112 BD LE CORBUSIER,46.7947,1.70639
201400026057,22,6,14,21,1,36,57,1,1,1,6,COMPTABILISE ZONE POLICE,46.8767,1.72262
201400026058,24,1,14,16,1,36,44,2,3,2,2,AV MONTAIGNE/RUE P LOTI,46.8126,1.69708
201400026059,29,7,14,20,1,36,63,1,3,1,3,RD956/ROUTE DE VILLERS,46.8393,1.67549
201400026060,14,5,14,7,1,36,202,2,1,1,1,RUE DE VILLERS,46.8132,1.6324
201400026061,15,5,14,18,1,36,44,2,1,1,6,ROND POINT DESCHIZEAU,46.8103,1.6872
201400026062,25,5,14,6,2,36,44,2,3,8,7,AV LEMOINE/RUE LA PRAIRI,46.8242,1.69801
201400026063,6,8,14,13,1,36,202,1,1,8,7,RD920,46.7428,1.61671
201400026064,2,6,14,11,1,36,44,2,1,1,6,AVENUE DE BLOIS,46.8269,1.6811
201400026065,8,8,14,13,1,36,159,2,1,1,6,2 AV DE LA FORET,46.759,1.72111
201400026066,25,6,14,15,1,36,44,2,1,1,7,16 RUE D'AQUITAINE,46.8022,1.6771
201400026067,30,6,14,22,5,36,63,1,2,1,3,PLACE MARCEL DASSAULT,46.8532,1.71237
201400026068,4,2,14,16,1,36,44,2,1,1,2,147 RUE MONTAIGNE,46.7988,1.7045
201400026069,10,8,14,13,1,36,202,1,1,1,7,10 RUE DE VILLERS,46.8088,1.63607
201400026070,6,2,14,18,2,36,44,2,2,1,1,AVVERDUN/BD LE CORBUSIER,46.7935,1.6998
201400026071,6,2,14,19,5,36,44,2,1,1,2,26 AVENUE D'ARGENTON,46.8069,1.67595
201400026072,9,2,14,18,1,36,44,2,1,1,3,RUE GAULTIER PARK CARREF,46.807,1.69598
201400026073,11,2,14,6,3,36,202,1,1,9,6,8 AVENUE DE LA FORET,46.7735,1.65272
201400026074,11,2,14,8,1,36,44,2,1,4,7,1 ROUTE DE CHATELLERAULT,0.0,0.0
201400026075,11,2,14,10,1,36,44,2,1,1,6,RUE MOLIERE,46.8119,1.693
201400026076,18,8,14,12,1,36,44,2,7,1,2,47 PLACE VOLTAIRE,46.8107,1.7
201400026077,18,8,14,23,3,36,44,1,1,1,7,ROUTE DEPARTEMENTALE 920,46.8012,1.73836
201400026078,14,2,14,21,5,36,44,2,1,8,3,141 AVENUE DE VERDUN,46.8025,1.6962
201400026079,15,2,14,18,2,36,63,2,3,9,3,AV DE GAULLE/RUE BRIAND,46.8288,1.70146
201400026080,23,8,14,10,1,36,44,2,3,1,3,GUIMARD/LE CORBUSIER,46.7943,1.7053
201400026081,22,8,14,16,1,36,44,2,1,1,3,2 DESCENTE DE VILLE,46.8129,1.6887
201400026082,3,9,14,17,1,36,44,2,1,1,3,AVENUE DE LA CHATRE,0.0,0.0
201400026083,26,8,14,19,1,36,44,2,1,1,6,2 ALLEE DE L'ESPERANCE,46.8144,1.70069
201400026084,20,2,14,8,1,36,202,2,1,8,2,AVENUE D'OCCITANIE,46.7765,1.64919
201400026085,28,8,14,13,1,36,44,2,1,1,4,129 AVENUE D'ARGENTON,46.8018,1.6715
201400026086,29,8,14,18,1,36,202,2,1,1,2,208 AVENUE DE TOURS,46.8201,1.6697
201400026087,24,9,14,12,1,36,63,2,1,1,6,17 AVENUE PAUL LANGEVIN,46.8259,1.70776
201400026088,1,9,14,12,1,36,44,2,3,1,1,55 ALLEE DES SERINGAS,46.791,1.69407
201400026089,14,10,14,14,1,36,44,2,1,1,6,44 BOULEVARD DE LA VALLA,46.81,1.6756
201400026090,13,10,14,17,1,36,44,2,1,1,6,106 BOULEVARD ST DENIS,46.8167,1.7093
201400026091,27,2,14,13,1,36,44,2,1,1,7,220 RTE DE CHATELLERAULT,46.8035,1.6635
201400026092,17,10,14,16,1,36,202,2,1,1,1,137 ROUTE DE CHATEAUROUX,46.8141,1.6612
201400026093,18,10,14,6,5,36,44,2,1,1,6,128 AVENUE DES MARINS,46.8091,1.6813
201400026094,18,10,14,23,4,36,44,2,1,1,6,19 RUE JJ ROUSSEAU,46.8106,1.68987
201400026095,26,10,14,19,3,36,63,1,4,1,3,RUE DE COING/AV DE GAULL,46.8317,1.70276
201400026096,27,10,14,15,1,36,202,1,1,1,4,RD 67,46.7704,1.66337
201400026097,28,10,14,20,3,36,44,2,6,1,2,ROND POINT MONTAIGNE,46.7917,1.71203
201400026098,1,11,14,13,1,36,63,1,3,1,3,ALLEE RP DE BLOIS/RD 956,46.8549,1.66821
201400026099,9,11,14,21,3,36,159,1,1,1,7,ROUTE DES ORANGEONS,0.0,0.0
201400026100,10,9,14,16,1,36,44,2,1,1,2,180 AVENUE DE LA CHATRE,46.8059,1.71084
201400026101,10,9,14,14,1,36,44,2,1,1,2,28 AV MARCEL LEMOINE,46.8159,1.69685
201400026102,12,9,14,11,1,36,44,2,2,1,3,CHAT RAOUL/DESC DE VILLE,46.813,1.68868
201400026103,30,11,14,13,1,36,44,2,2,1,3,AV KENNEDY/AV VERDUN,46.7887,1.6913
201400026104,9,3,14,19,1,36,63,2,1,1,2,BIS ROUTE DE VILLERS,0.0,0.0
201400026105,17,9,14,16,1,36,159,1,6,1,3,ORANGEONS/RTE PETIT EPOT,46.7622,1.67846
201400026106,17,12,14,16,1,36,44,2,2,8,3,AV VERDUN/ALL GRD CHAMPS,46.7963,1.69894
201400026107,18,12,14,13,1,36,44,2,1,8,6,21 RTE DE CHATELLERAULT,46.8074,1.67558
201400026108,17,9,14,23,4,36,44,2,1,1,3,14 RUE JOSEPH BELLIER,46.8123,1.6926
201400026109,22,12,14,13,1,36,44,2,1,1,6,PIERRE LOTI,46.7978,1.7058
201400026110,18,9,14,18,1,36,44,2,1,1,6,184 AVENUE DES MARINS,46.8087,1.67923
201400026111,14,3,14,7,1,36,159,1,1,1,3,ROUTE DE VELLES,0.0,0.0
201400026112,16,3,14,18,1,36,44,2,1,1,2,86 AVENUE DE BLOIS,46.8209,1.6338
201400026113,17,3,14,9,1,36,159,1,1,5,4,RTE DE MONTLUCON RD 943,46.796,1.73165
201400026114,25,9,14,12,1,36,44,2,1,1,2,129 BOULEVARD DE CLUIS,46.8057,1.6995
201400026115,27,9,14,8,1,36,44,2,2,1,3,54LA ROCHETTE/21 SOUPIRS,46.8188,1.69856
201400026116,21,3,14,17,1,36,63,1,1,1,7,PONT DE BITRAY,46.82,1.72866
201400026117,21,3,14,22,5,36,44,2,6,1,3,AV VERDUN/AV FRANCOEUR,46.788,1.70369
201400026118,23,3,14,10,1,36,44,2,1,1,7,32 RUE ERNEST NIVET,46.8185,1.7068
201400026119,29,9,14,19,1,36,44,2,1,1,6,29 AVENUE MARCEL LEMOINE,46.816,1.69678
201400026120,3,10,14,16,1,36,202,2,1,1,2,AVENUE D'OCCITANIE,0.0,0.0
201400026121,3,10,14,17,1,36,44,2,1,1,2,5 AVENUE BERNARD LOUVET,46.8031,1.70348
201400026122,4,10,14,6,5,36,44,2,1,1,7,67 AVENUE F MITTERRAND,46.811,1.67768
201400026123,29,3,14,19,1,36,159,1,3,1,3,RTE VELLES/RTE GRD EPOT,46.7711,1.68523
201400026124,7,10,14,9,1,36,63,1,6,8,3,RP DIT DU FREESBEE,46.8515,1.70119
201400026125,1,4,14,10,1,36,159,2,1,1,2,ROUTE DES GRANDS TAILLIS,46.764,1.68512
201400026126,1,4,14,13,1,36,44,2,3,1,3,AV LA CHATRE/ A D'AUVERG,46.8094,1.70343
201400026127,4,4,14,22,3,36,44,2,1,1,7,130 AV D'ARGENTON,46.801,1.67079
201400026128,15,10,14,18,2,36,44,2,1,1,3,125 RUE DES ETATS UNIS,46.8174,1.70328
201400026129,16,10,14,20,4,36,44,2,2,2,3,DAUVERGNE/AV LA CHATRE,46.8094,1.70345
201400026130,17,10,14,15,1,36,159,1,1,1,7,RTE DEPARTEMENTALE PK 11,46.7196,1.73923
201400026131,14,4,14,19,1,36,202,1,1,1,6,LD LALEUF,46.7714,1.59197
201400026132,24,10,14,19,2,36,44,2,1,1,6,AVENUE DE GENERAL RUBY,46.8087,1.6952
201400026133,29,10,14,8,1,36,44,2,1,1,6,RUE DE LA CATICHE,46.8182,1.68835
201400026134,19,4,14,16,1,36,63,1,1,1,7,LA TRISTERIE,46.8103,1.7526
201400026135,19,4,14,19,1,36,63,1,1,1,7,RD 956 LE POIRIER,46.857,1.66728
201400026136,25,4,14,14,1,36,44,2,3,1,3,AV BERNARDET/RUE DUCHATE,46.8182,1.69496
201400026137,7,11,14,11,1,36,44,2,1,1,7,BOULEVARD SAINT DENIS,46.8167,1.7093
201400026138,7,11,14,18,5,36,44,2,6,1,6,BOULEVARD DU MOULIN NEUF,46.8183,1.68877
201400026139,10,11,14,6,3,36,63,1,6,1,2,ROUTE NATIONALE 151,46.8455,1.70895
201400026140,1,5,14,20,1,36,44,2,3,1,3,RUE ALBERT 1/RUE LA GAR,46.8106,1.69742
201400026141,7,5,14,14,1,36,44,2,3,1,3,145 RUE LEMOINE/ RICHARD,46.8232,1.69765
201400026142,18,11,14,13,1,36,44,2,1,8,3,52 BIS AVENUE KENNEDY,0.0,0.0
201400026143,21,11,14,13,1,36,44,2,6,1,3,ROND POINT F GERBAUD,46.82,1.66448
201400026144,21,11,14,17,1,36,44,1,6,1,4,RD 920,46.7917,1.71203
201400026145,14,5,14,15,1,36,202,2,1,1,6,208 AV DE TOURS,46.8206,1.6699
201400026146,4,12,14,11,1,36,44,2,1,1,7,1 RUE HENRIETTE LABONNE,46.799,1.68339
201400026147,23,5,14,8,1,36,44,2,1,1,2,23 RUE DE LA CATICHE,46.8184,1.68856
201400026148,6,12,14,11,1,36,63,2,1,1,7,43 AV GENERAL DE GAULLE,46.8259,1.70059
201400026149,11,12,14,18,3,36,202,2,1,1,3,PARKING BD DU FRANC,46.7777,1.64677
201400026150,15,12,14,18,4,36,44,2,1,1,6,54 AV MARCEL LEMOINE,46.8173,1.6969
201400026151,16,12,14,14,1,36,44,2,1,1,3,65 AVENUE MARCEL LEMOINE,46.8203,1.6973
201400026152,16,12,14,17,5,36,44,2,1,1,1,AVENUE BERNARD LOUVET,46.8028,1.7039
201400026153,3,6,14,8,1,36,202,1,1,1,7,118 AVENUE D'OCCITANIE,46.7742,1.64718
201400026154,17,12,14,16,1,36,44,2,1,2,6,AVENUE D'ARGENTON,46.7954,1.6651
201400026155,17,12,14,17,5,36,202,2,1,2,6,96 AVENUE D'OCCITANIE,46.7808,1.65294
201400026156,18,12,14,16,1,36,44,1,1,1,2,ROUTE DEPARTEMENTALE 920,46.7887,1.6645
201400026157,19,12,14,18,5,36,202,2,1,3,6,ROUTE DEPARTEMENTALE 67,46.7764,1.64686
201400026158,6,6,14,16,1,36,44,2,1,1,7,238 AVENUE DE LA CHATRE,46.8048,1.71309
201400026159,22,12,14,16,1,36,44,2,1,1,4,AVENUE DE LA CHATRE,46.7985,1.72631
201400026160,23,12,14,21,5,36,44,2,1,8,6,AVENUE DE VERDUN,46.8053,1.6944
201400026161,10,6,14,20,1,36,44,2,1,1,4,45 RUE VICTOR HUGO,46.8109,1.69174
201400026162,13,6,14,10,1,36,44,2,1,1,2,8 MAI 1945,46.8043,1.70017
201400026163,30,12,14,20,5,36,44,2,1,1,2,152 BIS AV LEMOINE,46.8225,1.6975
201400026164,23,6,14,8,1,36,44,2,6,1,2,PLCE LAFAYETTE/AV LEMOI,46.8143,1.6966
201400026165,24,6,14,14,1,36,44,2,4,1,3,W CHURCHIL/RUE COMBOLIAU,46.7938,1.68757
201400026166,25,6,14,15,1,36,44,2,1,1,3,362 AVENUE DE LA CHATRE,46.7999,1.72341
201400026167,26,6,14,19,1,36,44,2,6,1,2,ROND POINT DESCHIZEAU,46.8102,1.6878
201400026168,27,6,14,11,1,36,44,2,1,1,7,28 RUE DE LA GARE,46.8111,1.6963
201400026169,15,8,14,15,1,36,44,2,1,1,7,28 PROMENADE DES CAPUCIN,46.8077,1.69413
201400026170,6,1,14,7,2,37,233,2,1,2,2,AVENUE GEORGE POMPIDOU,0.0,0.0
201400026171,9,1,14,18,5,37,261,2,2,1,3,RUE DE CALAIS,0.0,0.0
201400026172,15,1,14,18,5,37,261,2,1,2,4,BD ABEL GANCE,0.0,0.0
201400026173,16,1,14,18,5,37,261,2,1,1,6,RUE DES TANNEURS,0.0,0.0
201400026174,16,1,14,17,2,37,261,1,2,1,3,RUE DE RICHELIEU,0.0,0.0
201400026175,17,1,14,7,1,37,261,2,1,1,2,AV GEORGE POMPIDOU,0.0,0.0
201400026176,17,1,14,8,1,37,233,2,1,1,6,RUE JEANNE LABOURDE,0.0,0.0
201400026177,17,1,14,11,1,37,261,2,1,1,2,BD ABEL GANCE,0.0,0.0
201400026178,21,1,14,18,5,37,261,2,3,1,2,DANIEL MAYER,0.0,0.0
201400026179,21,1,14,18,5,37,261,1,1,1,6,RUE DANIEL MAYER,0.0,0.0
201400026180,28,1,14,13,1,37,261,2,6,2,7,RUE DE L'AUBERDIERE,0.0,0.0
201400026181,28,1,14,14,1,37,122,2,1,1,5,LE PETIT MORON,0.0,0.0
201400026182,28,1,14,18,5,37,261,2,1,3,2,RUE DE L'AVIATION,0.0,0.0
201400026183,28,1,14,18,5,37,261,2,1,3,2,PONT  MIRABEAU,0.0,0.0
201400026184,29,1,14,9,1,37,208,2,2,2,3,RUE DU PETIT BOIS,0.0,0.0
201400026185,3,2,14,18,5,37,261,2,1,1,3,AV MARC DASSAULT,0.0,0.0
201400026186,5,2,14,9,1,37,261,2,2,1,3,RUE D ENTRAIGUES,0.0,0.0
201400026187,9,2,14,18,3,37,122,1,1,2,7,RD 37,0.0,0.0
201400026188,9,2,14,18,3,37,122,1,1,2,7,RD 37,0.0,0.0
201400026189,9,2,14,20,5,37,195,2,3,8,3,RUE LOUIS XI,0.0,0.0
201400026190,14,2,14,18,5,37,261,2,1,1,6,12  RUE PINGUET GUINDON,0.0,0.0
201400026191,14,2,14,20,5,37,261,2,1,1,3,QUAI ANDRE MALRAUX,0.0,0.0
201400026192,11,2,14,12,1,37,261,2,1,1,6,AVENUE DE SEVIGNE,0.0,0.0
201400026193,17,2,14,11,1,37,261,2,2,1,1,RUE D ENTRAIGUES,0.0,0.0
201400026194,21,2,14,14,1,37,195,2,3,1,3,RUE RENE CASSIN,0.0,0.0
201400026195,26,2,14,17,1,37,214,2,1,1,6,QUAI  DE LA LOIRE,0.0,0.0
201400026196,26,2,14,18,5,37,261,2,3,1,3,RUE FROMENTEL,0.0,0.0
201400026197,26,2,14,19,5,37,195,2,1,2,4,LEVEE DU CHER,0.0,0.0
201400026198,5,3,14,16,1,37,261,2,2,1,3,RUE DE SUEDE,0.0,0.0
201400026199,5,3,14,18,1,37,261,2,2,1,3,RUE LEON BOYER,0.0,0.0
201400026200,10,3,14,20,5,37,233,2,1,1,4,AVENUE JACQUES DUCLOS,0.0,0.0
201400026201,12,3,14,7,1,37,233,2,1,1,7,140  AVENUE STALINGRAD,0.0,0.0
201400026202,11,3,14,18,1,37,195,2,1,1,7,RUE DU PETIT PLESSIS,0.0,0.0
201400026203,28,3,14,14,1,37,261,2,2,1,3,RUE CHRISTOPHE COLOMB,0.0,0.0
201400026204,17,2,14,23,5,37,208,2,3,1,3,RUE DE  CORMERY,0.0,0.0
201400026205,8,3,14,21,5,37,261,2,2,1,1,RUE EDOUARD VAILLANT,0.0,0.0
201400026206,27,3,14,23,5,37,195,2,1,1,6,15 PLACE  SAINTE ANNE,0.0,0.0
201400026207,5,4,14,3,3,37,233,1,1,1,6,LEVEE DE LA LOIRE,0.0,0.0
201400026208,10,5,14,22,5,37,261,2,2,1,3,QUAI ANDRE MALRAUX,0.0,0.0
201400026209,16,5,14,22,5,37,195,2,1,1,7,78bis  RUE DE LA MAIRIE,0.0,0.0
201400026210,16,5,14,22,5,37,261,2,1,1,6,15 BIS QUAI PORTILLON,0.0,0.0
201400026211,20,5,14,22,5,37,261,2,2,2,3,RUE MIRABEAU,0.0,0.0
201400026212,7,6,14,20,1,37,208,2,2,1,2,BD Paul DOUMER,0.0,0.0
201400026213,16,6,14,20,1,37,261,2,1,1,3,BORDIERS (RUE DES),0.0,0.0
201400026214,22,6,14,0,5,37,261,2,1,1,2,AV GAL  POMPIDOU,0.0,0.0
201400026215,28,6,14,3,5,37,261,2,1,1,6,35 RUE JEHAN FOUQUET,0.0,0.0
201400026216,3,8,14,0,5,37,261,2,1,8,6,PLACE JEAN JAURES,0.0,0.0
201400026217,8,8,14,22,3,37,122,2,1,2,2,SOUS PONT VC 300,0.0,0.0
201400026218,17,8,14,0,5,37,261,2,6,1,3,CARREF FRANCAIS LIBRES,0.0,0.0
201400026219,21,8,14,0,5,37,261,2,2,1,5,BD  TONNELLE /ENTRAIGUE,0.0,0.0
201400026220,25,8,14,22,3,37,122,2,9,3,6,RD 37,0.0,0.0
201400026221,26,8,14,0,5,37,261,2,2,2,3,RUE JEHAN FOUQUET/ORIGET,0.0,0.0
201400026222,25,8,14,22,5,37,261,2,1,3,6,"73 bis, AV DE GRAMMONT",0.0,0.0
201400026223,30,8,14,2,5,37,261,2,3,1,6,RUE COMPAGNONS D'EMMAUS,0.0,0.0
201400026224,12,9,14,20,5,37,233,2,4,1,2,16 RUE JEAN MOULIN,0.0,0.0
201400026225,18,9,14,21,5,37,261,2,3,8,3,BOULEVARD TONNELLE,0.0,0.0
201400026226,21,9,14,2,5,37,261,2,1,1,6,PLACE JEAN JAURES,0.0,0.0
201400026227,26,9,14,20,2,37,261,2,6,1,7,RUE DU PORTILLON,0.0,0.0
201400026228,4,10,14,22,5,37,261,2,1,2,7,26 RUE JULES SIMON,0.0,0.0
201400026229,9,10,14,23,5,37,233,2,1,1,6,60 QUAI DE LA LOIRE,0.0,0.0
201400026230,11,10,14,23,5,37,261,2,6,1,7,FRANCAIS LIBRES,0.0,0.0
201400026231,12,10,14,1,3,37,122,2,1,8,2,RD 37,0.0,0.0
201400026232,12,10,14,22,5,37,261,2,1,1,3,14  RUE DE L ORATOIRE,0.0,0.0
201400026233,13,10,14,21,5,37,261,2,3,1,1,BD TONNELLE,0.0,0.0
201400026234,9,1,14,9,1,37,261,2,9,8,7,RUE VALENTIN HUY,0.0,0.0
201400026235,13,1,14,17,2,37,261,2,2,1,3,138 BD HEURTELOUP,0.0,0.0
201400026236,13,1,14,19,2,37,214,2,1,1,7,266 BD CHARLES DE GAULLE,0.0,0.0
201400026237,16,1,14,8,1,37,261,2,1,2,7,RUE DES TANNEURS,0.0,0.0
201400026238,22,1,14,7,3,37,195,1,1,2,7,RD 88,0.0,0.0
201400026239,22,1,14,10,1,37,261,2,6,2,3,RUE DES TANNEURS,0.0,0.0
201400026240,26,1,14,18,5,37,261,2,1,2,1,PONT MIRABEAU,0.0,0.0
201400026241,26,1,14,20,5,37,261,2,1,2,7,37 AV DU GAL DE GAULLE,0.0,0.0
201400026242,28,1,14,8,2,37,261,2,1,8,7,2 PLACE  RABELAIS,0.0,0.0
201400026243,3,2,14,7,3,37,208,2,1,1,7,RUE DE L ECORCHEVEAU,0.0,0.0
201400026244,3,2,14,8,1,37,122,2,1,1,7,RUE DE LA  MARBELLIERE,0.0,0.0
201400026245,7,2,14,19,2,37,261,2,1,1,7,BD  TONNELLE,0.0,0.0
201400026246,9,2,14,8,1,37,261,2,2,8,3,RUE DE LA FUYE,0.0,0.0
201400026247,8,2,14,10,1,37,261,2,3,1,3,RUE EDOUARD VAILLANT,0.0,0.0
201400026248,12,2,14,17,1,37,195,2,1,2,7,27 PLACE  SAINTE ANNE,0.0,0.0
201400026249,12,2,14,18,1,37,261,2,2,2,3,"0, FOUQUET (RUE JEHAN)",0.0,0.0
201400026250,12,2,14,18,1,37,261,2,1,2,7,RUE DE  CLOCHEVILLE,0.0,0.0
201400026251,15,2,14,9,1,37,233,2,1,1,7,108 RUE DES  ATELIERS,0.0,0.0
201400026252,24,2,14,13,1,37,233,2,1,1,7,AVENUE YVES FARGES,0.0,0.0
201400026253,3,3,14,15,1,37,122,2,1,2,4,36 AVENUE DE BORDEAUX,0.0,0.0
201400026254,2,3,14,16,1,37,214,2,1,1,3,BD ANDRE GEORGE VOISIN,0.0,0.0
201400026255,4,3,14,7,1,37,261,2,1,1,7,18 RUE CHARLES GILLES,0.0,0.0
201400026256,3,3,14,16,1,37,261,2,1,2,2,BD WINSTON CHURCHILL,0.0,0.0
201400026257,4,3,14,10,1,37,261,2,2,1,3,RUE FERNAND LEGER,0.0,0.0
201400026258,5,3,14,10,1,37,261,2,1,1,7,21 RUE JEHAN FOUQUET,0.0,0.0
201400026259,9,3,14,19,3,37,122,2,1,1,7,RUE DES NOISETIERS,0.0,0.0
201400026260,10,3,14,11,1,37,233,2,1,1,6,37 BD JEAN JAURES,0.0,0.0
201400026261,10,3,14,12,1,37,122,2,1,1,7,59 BOULEVARD DE CHINON,0.0,0.0
201400026262,21,3,14,16,1,37,261,2,1,1,2,AVENUE PROUDHON,0.0,0.0
201400026263,28,3,14,8,1,37,261,2,2,1,3,RUE LAKANAL,0.0,0.0
201400026264,27,3,14,19,5,37,261,2,1,2,7,232 AVENUE DE  GRAMMONT,0.0,0.0
201400026265,28,3,14,9,1,37,261,2,1,1,2,RUE  DANIEL MAYER,0.0,0.0
201400026266,28,3,14,12,1,37,261,2,1,1,2,AV ANDRE MAGINOT,0.0,0.0
201400026267,6,1,14,16,1,37,261,2,1,2,2,BD DU MARECHAL JUIN,0.0,0.0
201400026268,7,1,14,8,1,37,261,2,1,1,2,61 RUE GIRAUDEAU,0.0,0.0
201400026269,8,1,14,8,1,37,261,2,1,1,6,253 RUE FEBVOTTE,0.0,0.0
201400026270,13,1,14,12,1,37,261,2,3,1,2,56 RUE DE SUEDE,0.0,0.0
201400026271,14,1,14,7,5,37,261,2,6,1,7,AVENUE GUSTAVE EIFFEL,0.0,0.0
201400026272,14,1,14,12,1,37,261,2,3,1,3,RUE EDOUARD VAILLANT,0.0,0.0
201400026273,17,1,14,13,1,37,261,2,3,1,6,RUE FRANCOIS COPPE,0.0,0.0
201400026274,17,1,14,16,1,37,261,2,6,7,6,CARREFOUR DE L'ALOUETTE,0.0,0.0
201400026275,18,1,14,16,1,37,261,2,2,1,3,18 RUE LAMARTINE,0.0,0.0
201400026276,23,1,14,14,1,37,261,2,1,1,4,AV DU GENERAL DE GAULLE,0.0,0.0
201400026277,23,1,14,16,1,37,233,2,1,1,4,AVENUE GEORGE POMPIDOU,0.0,0.0
201400026278,25,1,14,11,1,37,233,2,6,1,3,RUE DE LA RABATERIE,0.0,0.0
201400026279,30,1,14,16,1,37,261,2,1,1,6,114 BD TONNELLE,0.0,0.0