Num_Acc,jour,mois,an,hr,condition_eclairage,departement,commune,condition_agglomeration,intersection,condition_atmosphere,type_collision,adresse,lattitude,longitude
201400026280,4,2,14,13,1,37,261,1,1,1,3,24 AV MARCEL DASSAULT,0.0,0.0
201400026281,5,2,14,16,1,37,122,2,1,2,2,17 AV DU GAL  DE GAULLE,0.0,0.0
201400026282,5,2,14,17,2,37,208,2,1,1,7,RUE DE ROCHEPINARD,0.0,0.0
201400026283,13,2,14,8,1,37,261,2,1,1,6,36 RUE DESMOULINS,0.0,0.0
201400026284,13,2,14,10,1,37,261,1,1,1,6,RD 37,0.0,0.0
201400026285,22,2,14,14,1,37,214,2,6,2,7,1 RUE HENRI LEBRUN,0.0,0.0
201400026286,23,2,14,13,1,37,261,2,4,1,3,57 AV ANDRE  MAGINOT,0.0,0.0
201400026287,23,2,14,18,2,37,261,2,2,1,3,RUE DE LA  FUYE,0.0,0.0
201400026288,11,2,14,17,1,37,261,2,1,1,6,8 RUE DU PRESIDENT COTY,0.0,0.0
201400026289,14,3,14,8,1,37,261,2,1,1,6,PLACE DU MAL LECLERC,0.0,0.0
201400026290,19,3,14,18,1,37,214,2,1,1,4,362 BD CHARLE DE GAULLE,0.0,0.0
201400026291,27,3,14,11,1,37,261,2,1,1,2,118 RUE DU  REMPART,0.0,0.0
201400026292,1,4,14,10,1,37,261,2,3,1,3,RUE DE LA VICTOIRE,0.0,0.0
201400026293,20,3,14,8,1,37,261,2,2,1,3,BOULEVARD HEURTELOUP,0.0,0.0
201400026294,5,4,14,18,1,37,214,2,1,1,7,BOULEVARD ANDRE VOISIN,0.0,0.0
201400026295,6,4,14,19,1,37,261,2,1,1,7,AVENUE GUSTAVE EIFFEL,0.0,0.0
201400026296,7,4,14,5,3,37,261,2,1,1,6,2 RUE DE LA SOURCE,0.0,0.0
201400026297,8,12,14,8,1,37,261,2,1,1,6,83 QUAI PAUL BERT,0.0,0.0
201400026298,28,3,14,18,1,37,233,2,6,1,6,AVENUE DE LA REPUBLIQUE,0.0,0.0
201400026299,29,3,14,18,1,37,261,2,1,1,4,BD WILSON CHURCHIL,0.0,0.0
201400026300,28,3,14,13,1,37,122,2,3,1,3,RUE ERNEST RENAN,0.0,0.0
201400026301,3,4,14,16,1,37,261,1,1,2,3,AV ST VINCENT DE PAULE,0.0,0.0
201400026302,3,4,14,18,1,37,214,2,2,2,1,BOULEVARD ANDRE VOISIN,0.0,0.0
201400026303,4,4,14,19,1,37,261,2,1,1,7,44 RUE DU PAS NOTRE DAME,0.0,0.0
201400026304,5,4,14,8,1,37,122,2,3,1,3,ROUTE DE MONTS,0.0,0.0
201400026305,9,4,14,13,1,37,261,2,1,1,3,199 RUE DES DOUETS,0.0,0.0
201400026306,9,4,14,18,1,37,208,2,2,1,3,RUE HONORE DE BALZAC,0.0,0.0
201400026307,9,4,14,19,1,37,261,2,1,7,6,QUAI ANDRE MALRAUX,0.0,0.0
201400026308,10,4,14,18,1,37,261,2,1,1,3,AVENUE DE GRAMMONT,0.0,0.0
201400026309,12,4,14,12,1,37,261,2,1,1,3,191  AVENUE DE GRAMMONT,0.0,0.0
201400026310,12,4,14,12,1,37,233,2,1,1,3,AVENUE JACQUES DUCLOS,0.0,0.0
201400026311,16,4,14,17,1,37,261,2,1,1,6,65 RUE DE LA VICTOIRE,0.0,0.0
201400026312,16,4,14,20,1,37,122,2,2,1,2,BOULEVARD JEAN JAURES,0.0,0.0
201400026313,4,5,14,17,1,37,261,1,1,1,2,BD WILSON CHURCHILL,0.0,0.0
201400026314,6,5,14,10,1,37,261,2,3,1,3,AV EDOUARD MICHELIN,0.0,0.0
201400026315,10,5,14,14,1,37,261,2,3,2,3,BORDIERS (RUE DES),0.0,0.0
201400026316,12,5,14,11,1,37,261,2,2,1,3,AVENUE DE LA TRANCHEE,0.0,0.0
201400026317,15,5,14,18,1,37,233,2,3,1,2,RUE JOSEPH CUGNOT,0.0,0.0
201400026318,16,5,14,16,1,37,261,2,1,1,6,24 BIS AV C DE GAULLE,0.0,0.0
201400026319,16,5,14,17,1,37,261,2,1,1,7,96 RUE ST BARTHELEMY,0.0,0.0
201400026320,16,5,14,18,1,37,261,2,2,1,3,RUE DELAROCHE,0.0,0.0
201400026321,21,5,14,13,1,37,195,2,1,3,7,BD LOUIS XI,0.0,0.0
201400026322,21,5,14,18,1,37,261,2,1,3,3,BD RICHARD WAGNER,0.0,0.0
201400026323,22,5,14,13,1,37,261,2,1,1,3,148 RUE  FROMENTEL,0.0,0.0
201400026324,22,5,14,14,1,37,261,2,1,1,2,BD DU MARECHAL JUIN,0.0,0.0
201400026325,23,5,14,9,1,37,122,1,2,1,3,ROUTE DE  VIEILLE CARTE,0.0,0.0
201400026326,27,5,14,18,1,37,261,1,6,8,7,SAVONNIERES (ROUTE DE),0.0,0.0
201400026327,27,5,14,19,1,37,261,2,1,2,2,174 RUE ED VAILLANT,0.0,0.0
201400026328,4,6,14,11,1,37,261,2,1,1,7,RUE JULIEN GRACQ,0.0,0.0
201400026329,8,6,14,15,1,37,233,2,1,1,7,146 AVENUE  STALINGRAD,0.0,0.0
201400026330,9,6,14,14,1,37,233,2,1,9,6,104-106 QUAI DE LALOIRE,0.0,0.0
201400026331,9,6,14,18,1,37,122,2,1,1,6,114 BD JEAN JAURES,0.0,0.0
201400026332,18,1,14,13,1,37,261,2,1,1,7,RUE GEORGE MELIES,0.0,0.0
201400026333,1,4,14,18,1,37,261,2,1,1,7,31 RUE DU CYGNE,0.0,0.0
201400026334,3,4,14,8,2,37,122,2,1,1,7,RUE CERCELE,0.0,0.0
201400026335,4,4,14,8,1,37,122,2,1,2,5,IMPASSE DE L AUBERDIERE,0.0,0.0
201400026336,14,4,14,15,1,37,261,2,1,1,7,AVENUE GEORGE POMPIDOU,0.0,0.0
201400026337,14,4,14,15,1,37,261,2,2,1,3,233 BD JEAN ROYER,0.0,0.0
201400026338,15,4,14,11,1,37,214,2,1,1,5,ROUTE DE ROUZIERS,0.0,0.0
201400026339,19,4,14,19,1,37,195,2,6,1,2,COUVENT DES MINIMES,0.0,0.0
201400026340,26,4,14,20,1,37,233,2,1,1,7,CENTRE LES ATLANTES,0.0,0.0
201400026341,27,4,14,11,1,37,122,1,1,2,7,RD 37,0.0,0.0
201400026342,7,5,14,16,1,37,261,2,1,1,7,DELAROCHE (RUE),0.0,0.0
201400026343,7,5,14,13,1,37,233,2,1,1,5,AVENUE JACQUES DUCLOS,0.0,0.0
201400026344,8,5,14,15,1,37,261,2,1,1,2,22 RUE MARCEAU,0.0,0.0
201400026345,14,5,14,18,1,37,261,2,3,1,3,47 AV DU GL DE GAULLE,0.0,0.0
201400026346,16,5,14,11,1,37,261,2,1,1,2,FRANCE (PLACE ANATOLE),0.0,0.0
201400026347,19,5,14,14,1,37,261,2,1,1,2,RUE DE SUEDE,0.0,0.0
201400026348,20,5,14,18,1,37,261,2,2,8,5,RUE DE SUEDE,0.0,0.0
201400026349,14,1,14,13,1,37,233,2,2,1,6,AVENUE JACQUES DUCLOS,0.0,0.0
201400026350,19,4,14,9,1,37,208,2,6,1,3,AVENUE DU LAC,0.0,0.0
201400026351,20,4,14,7,1,37,261,2,2,1,3,RUE EDOUARD VAILLANT,0.0,0.0
201400026352,2,5,14,6,2,37,122,1,1,8,7,,0.0,0.0
201400026353,5,5,14,13,1,37,208,2,1,1,6,33 RUE DES  CICOTTEES,0.0,0.0
201400026354,5,5,14,16,1,37,261,2,3,1,6,24 RUE  DU  COLOMBIER,0.0,0.0
201400026355,5,5,14,17,1,37,261,2,1,1,4,3 BD RICHARD WAGNER,0.0,0.0
201400026356,5,5,14,17,1,37,261,2,2,1,3,8 RUE LOUIS BREGUET,0.0,0.0
201400026357,11,5,14,17,1,37,261,2,1,1,2,QUAI DE LA LOIRE,0.0,0.0
201400026358,11,5,14,19,1,37,261,2,1,1,6,18 RUE ROUGET DE L ISLE,0.0,0.0
201400026359,13,5,14,12,1,37,233,2,3,1,2,RUE MARCEL CACHIN,0.0,0.0
201400026360,14,5,14,9,1,37,261,2,1,1,6,BOULEVARD HEURTELOUP,0.0,0.0
201400026361,20,5,14,8,1,37,261,2,1,2,3,35 RUE VICTORE HUGO,0.0,0.0
201400026362,2,5,14,12,1,37,233,2,3,1,3,BEAUFILS (RUE MAURICE),0.0,0.0
201400026363,23,5,14,15,1,37,261,2,3,2,2,94 RUE ED VAILLANT,0.0,0.0
201400026364,24,5,14,15,1,37,122,2,3,2,3,26 RUE DE  GENILLE,0.0,0.0
201400026365,25,5,14,6,1,37,261,2,4,1,3,240 RUE ED  VAILLANT,0.0,0.0
201400026366,26,5,14,8,1,37,261,2,1,1,5,11 RUE LEON BOYER,0.0,0.0
201400026367,30,5,14,15,1,37,261,2,1,2,6,6 BD BERANGER,0.0,0.0
201400026368,4,6,14,14,1,37,261,2,3,1,3,19 RUE DE TOURCOING,0.0,0.0
201400026369,6,6,14,8,1,37,261,2,1,1,6,57 AVENUE DE GRAMMONT,0.0,0.0
201400026370,10,6,14,13,1,37,261,2,2,8,7,QUAI ANDRE MALRAUX,0.0,0.0
201400026371,10,6,14,14,1,37,261,2,2,1,3,AVENUE EUGENE GOUIN,0.0,0.0
201400026372,17,6,14,15,1,37,233,2,1,1,1,31 QUAI DE LA LOIRE,0.0,0.0
201400026373,17,6,14,15,1,37,261,2,2,1,3,AVENUE DE GRAMMONT,0.0,0.0
201400026374,16,6,14,14,1,37,233,2,1,1,4,AV JACQUE DUCLOS,0.0,0.0
201400026375,16,6,14,17,1,37,233,2,1,1,2,101 AV JEAN BONNIN,0.0,0.0
201400026376,18,6,14,8,1,37,208,2,6,1,2,AVENUE DU LAC,0.0,0.0
201400026377,19,6,14,8,1,37,208,2,1,1,2,AVENUE DU  LAC,0.0,0.0
201400026378,22,6,14,18,1,37,261,2,1,1,6,34 RUE DE CLARTE DIEU,0.0,0.0
201400026379,24,6,14,7,1,37,261,2,1,1,3,28 AV ANDRE MAGINOT,0.0,0.0
201400026380,24,6,14,8,1,37,261,2,1,1,5,"88 bis, AV MAGINOT",0.0,0.0
201400026381,25,6,14,8,1,37,214,2,1,1,2,347 BD CHARLE DE GAULLE,0.0,0.0
201400026382,4,7,14,15,1,37,261,2,1,1,6,3BD WILSON CHURCHILL,0.0,0.0
201400026383,4,3,14,12,1,37,122,2,1,1,6,BOULEVARD JEAN JAURES,0.0,0.0
201400026384,9,3,14,10,1,37,261,2,1,1,6,AVENUE PROUDHON,0.0,0.0
201400026385,14,3,14,10,1,37,261,2,1,1,7,AVENUE SAINT LAZARE,0.0,0.0
201400026386,18,1,14,15,1,37,214,2,1,1,6,4 QUAI DE LA LOIRE,0.0,0.0
201400026387,28,5,14,6,2,37,122,1,1,8,7,RD 37,0.0,0.0
201400026388,28,5,14,6,1,37,261,2,2,1,3,84 RUE VICTOR HUGO,0.0,0.0
201400026389,28,5,14,11,1,37,233,2,1,1,7,96 AV JACQUES DUCLOS,0.0,0.0
201400026390,2,6,14,8,1,37,261,1,1,1,7,ROND POINT EMMAUS,0.0,0.0
201400026391,2,6,14,9,1,37,261,2,2,1,3,RUE CHRISTOPHE COLOMB,0.0,0.0
201400026392,7,6,14,16,1,37,261,2,1,1,2,64 RUE DANIEL MAYER,0.0,0.0
201400026393,12,6,14,14,1,37,261,2,1,1,3,"0, CHANOINEAU (RUE)",0.0,0.0
201400026394,13,6,14,13,1,37,233,2,2,1,6,IMPASSE ANDRE FOUSSIER,0.0,0.0
201400026395,20,6,14,9,1,37,261,2,1,1,7,258 RUE ED VAILLANT,0.0,0.0
201400026396,24,6,14,12,1,37,195,2,1,1,3,RUE DE LA MAIRIE,0.0,0.0
201400026397,26,6,14,8,1,37,261,2,6,1,3,AV DE LA REPUBLIQUE,0.0,0.0
201400026398,24,7,14,18,1,37,261,2,1,1,7,AVENUE DU GAL DE GAULLE,0.0,0.0
201400026399,1,8,14,9,1,37,261,2,6,1,3,PONT  SAINT SAUVEUR,0.0,0.0
201400026400,1,8,14,12,1,37,208,1,1,1,7,151 RUE DE  LARCAY,0.0,0.0
201400026401,6,8,14,15,1,37,195,1,1,2,7,AVENUE PRUDHOMME,0.0,0.0
201400026402,6,8,14,19,1,37,195,1,1,2,7,PERIPHERIQUE OUEST,0.0,0.0
201400026403,7,8,14,8,1,37,261,2,2,8,3,RUE DE LA GRANDIERE,0.0,0.0
201400026404,7,8,14,10,1,37,208,1,1,8,7,RUE DE CORMERY,0.0,0.0
201400026405,11,8,14,15,1,37,122,2,1,1,7,10 RUE DE  BERGEONNERIE,0.0,0.0
201400026406,12,8,14,16,1,37,122,1,1,2,7,RD 37,0.0,0.0
201400026407,12,8,14,16,1,37,233,2,1,2,7,AVENUE JACQUES DUCLOS,0.0,0.0
201400026408,23,8,14,17,1,37,261,2,1,1,6,RUE  GIRAUDEAU,0.0,0.0
201400026409,25,8,14,8,1,37,261,2,1,1,7,RUE EDOUARD VAILLANT,0.0,0.0
201400026410,26,8,14,9,1,37,122,1,1,1,7,,0.0,0.0
201400026411,6,9,14,6,5,37,261,2,1,1,7,4 RUE  NEWTON,0.0,0.0
201400026412,1,9,14,12,1,37,261,2,3,1,7,RUE LAVOISIER/FLEURY,0.0,0.0
201400026413,10,9,14,18,1,37,261,2,1,1,2,RUE  DANIEL MAYER,0.0,0.0
201400026414,11,9,14,18,1,37,261,2,1,1,7,RUE  BOURGOIN,0.0,0.0
201400026415,16,9,14,17,1,37,122,2,1,1,7,BD DE CHINON/JUMEAUX,0.0,0.0
201400026416,12,9,14,10,1,37,261,2,6,1,7,BD LOUIS XI,0.0,0.0
201400026417,3,4,14,16,1,37,122,2,1,9,7,RUE DU MARECHAL JUIN,0.0,0.0
201400026418,5,4,14,3,5,37,122,2,1,1,6,BOULEVARD DE CHINON,0.0,0.0
201400026419,8,4,14,19,1,37,122,2,1,1,6,BOULEVARD JEAN JAURES,0.0,0.0
201400026420,10,6,14,8,1,37,214,2,6,1,2,RUE DE LA MENARDIERE,0.0,0.0
201400026421,14,6,14,17,1,37,233,2,2,1,1,AVENUE LENINE,0.0,0.0
201400026422,15,6,14,18,1,37,208,2,3,1,3,RUE DE LA BELLERIE,0.0,0.0
201400026423,17,6,14,8,1,37,261,2,2,1,3,RUE DU MAL FOCH,0.0,0.0
201400026424,17,6,14,8,1,37,261,2,1,1,2,38 RUE DE SUEDE,0.0,0.0
201400026425,20,6,14,16,1,37,208,2,1,1,6,AVENUE BEAUGAILLARD,0.0,0.0
201400026426,21,6,14,13,1,37,261,2,1,1,7,PONT NAPOLEON,0.0,0.0
201400026427,21,6,14,14,1,37,261,2,1,1,6,118  RUE ED VAILLANT,0.0,0.0
201400026428,22,6,14,7,1,37,261,2,2,1,3,RUE LEON BOYER,0.0,0.0
201400026429,22,6,14,9,1,37,195,2,6,1,3,RUE DE LA MAIRIE,0.0,0.0
201400026430,26,6,14,13,1,37,233,2,6,1,3,BD JEAN  JAURES,0.0,0.0
201400026431,27,6,14,17,1,37,195,1,1,1,2,PERIPHERIQUE OUEST,0.0,0.0
201400026432,1,7,14,8,2,37,261,2,1,1,4,37 AV DU GAL DE GAULLE,0.0,0.0
201400026433,1,7,14,11,1,37,122,2,3,1,3,AVENUE DE BORDEAUX,0.0,0.0
201400026434,3,7,14,17,1,37,261,2,2,1,3,RUE SEVERINE,0.0,0.0
201400026435,3,7,14,18,1,37,261,2,1,1,1,FACE PARKING DECATLON,0.0,0.0
201400026436,3,7,14,20,1,37,261,2,1,1,3,3 RUE DU DOCTEUR BOSC,0.0,0.0
201400026437,4,7,14,11,1,37,261,2,2,1,3,BOULEVARD HEURTELOUP,0.0,0.0
201400026438,5,7,14,12,1,37,233,2,3,1,2,AV GEORGE POMPIDOU,0.0,0.0
201400026439,14,5,14,7,1,37,261,2,1,2,7,RUE NATIONALE,0.0,0.0
201400026440,2,5,14,9,2,37,261,2,3,1,2,RUE MARCEAU,0.0,0.0
201400026441,5,7,14,18,1,37,261,2,2,1,3,RUE DU PLAT D'ETAIN,0.0,0.0
201400026442,5,7,14,16,1,37,122,1,1,1,4,BOULEVARD PERIPHERIQUE,0.0,0.0
201400026443,6,7,14,10,1,37,261,2,1,2,6,AVENUE PROUDHON,0.0,0.0
201400026444,27,5,14,20,1,37,261,2,1,1,3,ROND P MARCEL DASSAULT,0.0,0.0
201400026445,14,7,14,18,1,37,261,2,1,1,6,152 RUE DE LA  FUYE,0.0,0.0
201400026446,15,7,14,16,1,37,261,2,2,1,3,DANIEL MAYER,0.0,0.0
201400026447,7,7,14,12,1,37,122,2,6,1,3,BOULEVARD JEAN JAURES,0.0,0.0
201400026448,13,7,14,11,1,37,122,1,1,2,6,BOULEVARD PERIPHERIQUE N,0.0,0.0
201400026449,7,6,14,11,1,37,214,1,1,1,6,27 RUE DU PORTILLON,0.0,0.0
201400026450,16,7,14,19,1,37,233,1,1,1,6,QUAI DE LA LOIRE,0.0,0.0
201400026451,22,7,14,17,1,37,195,2,1,1,2,87 RUE  SAINT-FRANCOIS,0.0,0.0
201400026452,25,7,14,8,1,37,261,2,1,1,3,193 RUE JOLIVET,0.0,0.0
201400026453,25,7,14,10,1,37,195,1,1,1,6,222 RT SAINT-GENOUPH,0.0,0.0
201400026454,31,7,14,7,1,37,195,2,3,1,3,BD LOUIS XI - MONTILS,0.0,0.0
201400026455,15,8,14,13,1,37,233,2,1,1,5,AVENUE JACQUES DUCLOS,0.0,0.0
201400026456,18,8,14,11,1,37,261,2,1,8,3,92 RUE GIRAUDEAU,0.0,0.0
201400026457,21,8,14,14,1,37,261,2,1,1,2,96 RUE WALVEIN,0.0,0.0
201400026458,22,8,14,13,1,37,261,2,1,1,6,ROUTE DE SAINT AVERTIN,0.0,0.0
201400026459,29,8,14,10,1,37,261,2,1,1,2,AVENUE PROUDHON /CHAUMIE,0.0,0.0
201400026460,5,9,14,8,1,37,261,2,6,1,3,POMPIDOU AVENUE GEORGES,0.0,0.0
201400026461,29,7,14,17,1,37,261,2,1,2,1,168 QUAI PAUL BERT,0.0,0.0
201400026462,14,9,14,13,1,37,122,2,1,1,7,AVENUE DU LAC,0.0,0.0
201400026463,14,9,14,13,1,37,208,1,2,1,6,221 RUE DE  CORMERY,0.0,0.0
201400026464,14,9,14,20,5,37,261,2,3,1,3,AVENUE DU GL  DE GAULLE,0.0,0.0
201400026465,15,9,14,17,1,37,261,2,1,1,6,115 AVENUE DE GRAMMONT,0.0,0.0
201400026466,16,9,14,9,1,37,208,2,1,1,6,69 RUE DU NOUVEAU BOIS,0.0,0.0
201400026467,16,9,14,12,1,37,261,2,2,1,3,55 RUE ORIGET,0.0,0.0
201400026468,20,9,14,19,1,37,261,2,6,8,7,BD DU MARECHAL JUIN,0.0,0.0
201400026469,26,9,14,16,1,37,261,2,1,1,5,89 QUAI PAUL BERT,0.0,0.0
201400026470,27,9,14,18,1,37,261,2,1,1,4,BD RICHARD WAGNER,0.0,0.0
201400026471,29,9,14,9,1,37,261,2,1,2,1,AV DU GAL NIESSEL,0.0,0.0
201400026472,2,10,14,18,1,37,261,2,1,1,7,168 RUE FEBVOTTE,0.0,0.0
201400026473,4,5,14,18,1,37,122,2,2,1,7,RUE D AUVERGNE,0.0,0.0
201400026474,15,5,14,15,1,37,261,2,2,1,3,RUE DU SANITAS,0.0,0.0
201400026475,25,1,14,5,5,37,261,2,1,2,7,"23, PINGUET GUINDON (RUE",0.0,0.0
201400026476,17,5,14,10,1,37,122,2,2,1,3,RUE D AMBOISE,0.0,0.0
201400026477,21,5,14,17,1,37,214,2,1,1,6,QUAI PORTILLON,0.0,0.0
201400026478,22,5,14,18,1,37,261,2,1,1,6,RUE DE LA FUYE,0.0,0.0
201400026479,15,7,14,17,1,37,261,2,6,1,3,ROND POINT DES JUSTES,0.0,0.0
201400026480,20,7,14,15,1,37,261,2,1,1,3,41 AV DU GL DE GAULLE,0.0,0.0
201400026481,3,6,14,14,1,37,261,2,1,1,3,96 RUE DE LA FUYE,0.0,0.0
201400026482,27,7,14,16,1,37,261,2,2,1,3,RUE SEBASTOPOL,0.0,0.0
201400026483,27,7,14,13,1,37,214,2,1,1,6,RUE DE LA MENARDIERE,0.0,0.0
201400026484,27,6,14,15,1,37,233,2,3,1,2,AVENUE GEORGES POMPIDOU,0.0,0.0
201400026485,28,7,14,7,1,37,233,2,3,1,2,AVENUE GEORGES POMPIDOU,0.0,0.0
201400026486,29,7,14,7,1,37,261,2,1,1,6,PLACE DE LA TRANCHEE,0.0,0.0
201400026487,2,8,14,16,1,37,195,1,1,2,6,RD 88,0.0,0.0
201400026488,8,8,14,19,1,37,261,2,2,2,3,RUE  JOLIVET,0.0,0.0
201400026489,8,8,14,20,1,37,122,2,1,2,6,RD 37,0.0,0.0
201400026490,15,7,14,15,1,37,261,2,1,1,7,25 RUE PINGUET GUINDON,0.0,0.0
201400026491,13,8,14,19,1,37,208,2,6,1,2,AVENUE DE  BEAUGAILLARD,0.0,0.0
201400026492,20,8,14,17,1,37,261,2,3,1,3,RUE JEAN ANOUILH,0.0,0.0
201400026493,21,8,14,8,1,37,261,2,1,1,7,141 BD  HEURTELOUP,0.0,0.0
201400026494,26,8,14,14,1,37,261,2,2,1,3,RUE EMILE ZOLA/BUFFON,0.0,0.0
201400026495,2,9,14,19,1,37,261,2,1,1,6,171 AVENUE DE  GRAMMONT,0.0,0.0
201400026496,7,9,14,17,1,37,261,2,2,1,6,PONT SAINT SYMPHORIEN,0.0,0.0
201400026497,9,9,14,8,1,37,261,2,3,1,3,QUAI PAUL BERT,0.0,0.0
201400026498,12,9,14,15,1,37,261,2,1,1,6,26 RUE MARCEAU,0.0,0.0
201400026499,15,9,14,8,1,37,261,2,2,1,3,RUE GEORGES RENARD,0.0,0.0
201400026500,19,9,14,17,1,37,261,1,1,1,4,BD ABEL GANCE,0.0,0.0
201400026501,20,9,14,5,5,37,122,2,1,1,2,1 AVENUE DE BORDEAUX,0.0,0.0
201400026502,21,9,14,9,1,37,214,2,1,1,6,63  RUE DES RIMONEAUX,0.0,0.0
201400026503,24,9,14,16,1,37,122,1,1,1,3,RD 37,0.0,0.0
201400026504,25,9,14,18,1,37,214,2,1,1,7,15 BD CHARLE  DE GAULLE,0.0,0.0
201400026505,24,9,14,16,1,37,122,1,1,1,2,RD 37,0.0,0.0
201400026506,26,9,14,11,1,37,261,2,3,1,2,15 AV ED MICHELIN,0.0,0.0
201400026507,30,9,14,20,3,37,261,2,1,1,2,AV DU GAL DE GAULLE,0.0,0.0
201400026508,1,10,14,16,1,37,261,2,2,1,3,BD JEAN ROYER/LAKANAL,0.0,0.0
201400026509,4,6,14,14,1,37,261,2,1,1,7,AVENUE GEORGE POMPIDOU,0.0,0.0
201400026510,6,6,14,8,1,37,122,2,1,1,6,RUE DE LA ROTIERE,0.0,0.0
201400026511,28,1,14,21,5,37,261,2,3,2,3,BOULEVARD HEURTELOUP,0.0,0.0
201400026512,11,9,14,19,1,37,261,1,1,1,7,ROND POINT ALFRED NOBEL,0.0,0.0
201400026513,18,9,14,8,1,37,122,2,3,1,1,RUE CHARLES GOUNOD,0.0,0.0
201400026514,23,9,14,19,1,37,261,2,1,1,3,AVENUE MARCEL MERIEUX,0.0,0.0
201400026515,23,9,14,14,1,37,261,2,2,1,3,RUES ENTRAIGUES/WALVEIN,0.0,0.0
201400026516,25,9,14,8,1,37,233,2,1,1,7,RUE PIERRE BROSSELETTE,0.0,0.0
201400026517,29,9,14,17,1,37,233,2,2,1,3,BD LANGEVIN/VIALA,0.0,0.0
201400026518,30,9,14,8,1,37,261,2,3,1,5,AV DE FLORENCE/CHAUTEMPS,0.0,0.0
201400026519,1,10,14,12,1,37,261,2,3,1,3,122 RUE JOLIVET,0.0,0.0
201400026520,6,10,14,8,5,37,261,2,3,1,3,RUE DE LA FUYE,0.0,0.0
201400026521,7,10,14,7,1,37,261,2,1,2,4,236 RUE AUGUS CHEVALLIER,0.0,0.0
201400026522,7,10,14,11,1,37,261,2,1,1,7,AV ANDRE MAGINOT,0.0,0.0
201400026523,10,10,14,15,1,37,233,2,1,1,7,RUE JEANNE LABOURDE,0.0,0.0
201400026524,10,10,14,16,1,37,261,2,1,1,7,14  RUE BERNARD PALISSY,0.0,0.0
201400026525,11,10,14,18,1,37,261,2,1,1,1,22 BIS RUE MARIE CURIE,0.0,0.0
201400026526,13,10,14,12,1,37,261,2,1,1,7,RUE FEBVOTTE,0.0,0.0
201400026527,16,10,14,19,5,37,261,2,1,2,7,RUE CHRISTOPHE COLOMB,0.0,0.0
201400026528,17,10,14,16,1,37,261,2,1,1,7,233 AVENUE DE  GRAMMONT,0.0,0.0
201400026529,17,10,14,18,1,37,208,2,1,1,7,RUE JEAN MANCEAU,0.0,0.0
201400026530,23,10,14,20,5,37,261,2,6,1,3,PLACE DE LA TRANCHEE,0.0,0.0
201400026531,23,10,14,18,5,37,261,2,3,1,3,RUE CORNEILLE/SCELLERIE,0.0,0.0
201400026532,12,10,14,5,5,37,261,2,1,1,7,61 RUE MIRABEAU,0.0,0.0
201400026533,18,7,14,9,1,37,261,2,1,1,7,103 AV DE GRAMMONT,0.0,0.0
201400026534,20,7,14,11,1,37,122,2,1,1,7,RD 37,0.0,0.0
201400026535,25,7,14,8,1,37,122,2,1,1,7,113 BD  DE CHINON,0.0,0.0
201400026536,1,2,14,17,1,37,261,2,1,1,3,29 AVENUE DE PONT CHER,0.0,0.0
201400026537,2,10,14,9,1,37,261,1,2,1,3,RUE LA FUYE/TOUR AUVERGN,0.0,0.0
201400026538,6,10,14,15,1,37,214,1,2,2,2,BD ANDRE  GEORGES VOISIN,0.0,0.0
201400026539,6,10,14,15,1,37,261,2,1,3,7,AVENU  PROUDHON,0.0,0.0
201400026540,7,10,14,14,1,37,261,2,1,2,1,RUE LOUIS DE BROGLIE,0.0,0.0
201400026541,7,10,14,15,1,37,261,2,1,1,7,ROND POINT JEAN LE RESTE,0.0,0.0
201400026542,7,10,14,17,1,37,195,1,1,2,4,PERIPHERIQUE OUEST,0.0,0.0
201400026543,7,10,14,18,1,37,195,2,3,2,3,42 PLACE SAINT ANNE,0.0,0.0
201400026544,3,10,14,7,1,37,261,2,3,1,3,RUE DE L AVIATION,0.0,0.0
201400026545,3,10,14,9,1,37,208,2,3,1,2,AVENUE DU LAC,0.0,0.0
201400026546,3,10,14,8,1,37,261,2,1,1,3,ROUTE DE SAINT AVERTIN,0.0,0.0
201400026547,3,10,14,10,1,37,122,2,1,1,7,RUE LAVOISIER,0.0,0.0
201400026548,8,10,14,8,1,37,122,1,1,2,6,"pr 7.9, RD 37",0.0,0.0
201400026549,12,10,14,19,3,37,214,2,3,1,3,BD CHARLES DE GAULLE,0.0,0.0
201400026550,13,10,14,14,1,37,122,2,1,1,4,RD 37,0.0,0.0
201400026551,12,10,14,19,5,37,261,2,1,8,7,PLACE ANNE DE BRETAGNE,0.0,0.0
201400026552,18,10,14,15,1,37,233,2,2,1,1,AVENUE LENINE /CASANOVA,0.0,0.0
201400026553,26,10,14,5,5,37,261,2,1,5,7,5 RUE  MIRABEAU,0.0,0.0
201400026554,26,10,14,6,5,37,261,2,2,1,3,81 RUE MIRABEAU,0.0,0.0
201400026555,30,10,14,18,5,37,261,2,3,1,3,PAS NOTRE DAME/ORATOIRE,0.0,0.0
201400026556,6,11,14,17,5,37,261,2,3,1,3,RUE GIRAUDEAU,0.0,0.0
201400026557,7,11,14,10,1,37,261,2,1,1,2,POMPIDOU (AVENUE GEORGES,0.0,0.0
201400026558,11,11,14,18,5,37,261,2,2,2,3,RUE VINCENT INDY,0.0,0.0
201400026559,13,11,14,7,1,37,122,2,3,1,6,BD DES BRETONNIERES,0.0,0.0
201400026560,14,11,14,10,1,37,122,1,1,2,7,RD 37,0.0,0.0
201400026561,18,11,14,19,5,37,261,2,3,2,6,RUE DEVILDE,0.0,0.0
201400026562,18,11,14,14,1,37,261,2,1,2,4,71 AV ANDRE MAGINOT,0.0,0.0
201400026563,18,11,14,17,2,37,233,2,1,1,6,RUE DE LA RABATERIE,0.0,0.0
201400026564,19,11,14,8,1,37,208,1,1,8,7,RUE DE LARCAY,0.0,0.0
201400026565,25,11,14,8,1,37,233,2,6,2,3,BD JEAN JAURES,0.0,0.0
201400026566,6,8,14,16,1,37,122,2,1,2,6,RUE DE PENAVET,0.0,0.0
201400026567,3,10,14,15,1,37,214,2,3,1,7,BD CHARLES DE GAULLE,0.0,0.0
201400026568,3,10,14,16,1,37,261,2,1,1,3,1 RUE DE LA VICTOIRE,0.0,0.0
201400026569,3,10,14,18,1,37,261,2,6,1,3,EIFFEL (AVENUE GUSTAVE),0.0,0.0
201400026570,9,10,14,18,1,37,122,2,1,1,2,81 RUE DE VERDUN,0.0,0.0
201400026571,10,10,14,10,1,37,122,1,1,1,7,RUE DE CHAMBRAY,0.0,0.0
201400026572,17,10,14,8,2,37,233,2,2,1,3,AVENUE LENINE,0.0,0.0
201400026573,27,10,14,18,2,37,233,2,1,1,3,AVENUE JACQUES DUCLOS,0.0,0.0