Num_Acc,jour,mois,an,hr,condition_eclairage,departement,commune,condition_agglomeration,intersection,condition_atmosphere,type_collision,adresse,lattitude,longitude
201400026574,27,10,14,20,4,37,261,2,6,1,3,BD HEURTELOUP,0.0,0.0
201400026575,27,10,14,19,5,37,233,2,3,1,4,RABATERIE (RUE DE LA),0.0,0.0
201400026576,28,10,14,10,1,37,195,1,1,1,3,222  ROUTE  ST-GENOUPH,0.0,0.0
201400026577,29,10,14,10,1,37,261,2,1,1,6,66 RUE NATIONALE,0.0,0.0
201400026578,2,11,14,15,1,37,122,2,3,1,2,RUE DE LA DOUZILLIERE,0.0,0.0
201400026579,2,11,14,17,2,37,214,1,9,2,7,BD CHARLES DE GAULLE,0.0,0.0
201400026580,4,11,14,7,1,37,261,2,2,1,3,DANIEL MAYER,0.0,0.0
201400026581,9,11,14,12,1,37,261,2,1,1,6,49 RUE DU DOC CHAUMIER,0.0,0.0
201400026582,14,11,14,15,1,37,261,2,1,1,6,AVENUE DE L EUROPE,0.0,0.0
201400026583,14,11,14,16,1,37,122,1,1,1,1,PARC ACTIVIT LIODIERE,0.0,0.0
201400026584,20,11,14,17,5,37,261,2,1,1,7,5 AVENUE  PROUDHON,0.0,0.0
201400026585,26,11,14,13,1,37,261,2,1,1,7,21 ALLEE FERNAN LESSEPS,0.0,0.0
201400026586,26,11,14,18,5,37,233,2,3,1,2,QUAI DE LA LOIRE,0.0,0.0
201400026587,27,11,14,12,1,37,261,2,1,1,7,260 AVENUE DE  GRAMMONT,0.0,0.0
201400026588,28,11,14,12,1,37,261,2,3,1,3,RUE DE LA VICTOIRE,0.0,0.0
201400026589,4,10,14,10,1,37,122,2,1,1,3,164 BD JEAN JAURES,0.0,0.0
201400026590,2,12,14,17,2,37,208,2,6,2,3,RUE JULES ROMAINS,0.0,0.0
201400026591,4,12,14,10,1,37,261,2,1,2,2,POMPIDOU (AVENUE GEORGES,0.0,0.0
201400026592,7,12,14,19,4,37,261,2,1,2,6,252 AV GRAMMONT,0.0,0.0
201400026593,9,12,14,7,5,37,261,2,1,1,6,53 AV DE LA REPUBLIQUE,0.0,0.0
201400026594,13,12,14,15,1,37,214,1,1,2,7,RUE DE LA GAGNERIE,0.0,0.0
201400026595,13,12,14,17,5,37,214,2,1,1,6,78 QUAI DES MAISONS BLAN,0.0,0.0
201400026596,14,12,14,12,1,37,261,2,1,1,7,AVENUE ANDRE MAGINOT,0.0,0.0
201400026597,14,12,14,15,1,37,261,2,1,1,3,19 RUE DE L' ORATOIRE,0.0,0.0
201400026598,14,12,14,17,2,37,233,2,1,1,6,30 QUAI DE LA  LOIRE,0.0,0.0
201400026599,15,12,14,5,5,37,261,2,1,1,7,PLACE ANATOLE  FRANCE,0.0,0.0
201400026600,15,12,14,8,1,37,261,2,1,1,7,98 BD HEURTELOUP,0.0,0.0
201400026601,19,12,14,17,3,37,261,2,1,2,6,RUE CHRISTIAN HUYGENS,0.0,0.0
201400026602,19,12,14,18,5,37,122,2,1,2,7,74 BD JEAN JAURES,0.0,0.0
201400026603,19,12,14,19,5,37,261,2,2,2,3,63 RUE JEANNE WEDELLS,0.0,0.0
201400026604,19,12,14,19,5,37,233,2,2,2,3,AVENUE DE LA REPUBLIQUE,0.0,0.0
201400026605,31,12,14,14,1,37,233,2,1,1,6,AVENUES JACQUES DUCLOS,0.0,0.0
201400026606,19,10,14,23,5,37,261,2,2,1,3,RUE VICTOR  HUGO,0.0,0.0
201400026607,1,11,14,3,5,37,261,2,1,1,1,57 RUE J CHARPENTIER,0.0,0.0
201400026608,22,11,14,21,5,37,214,2,6,1,7,BD CHARLE DE GAULLE,0.0,0.0
201400026609,5,12,14,22,5,37,122,2,2,1,3,BD JEAN JAURES,0.0,0.0
201400026610,6,12,14,2,5,37,261,2,1,1,1,CHATEAUNEUF (PLACE),0.0,0.0
201400026611,6,12,14,3,5,37,261,2,1,1,6,65 RUE COLBERT,0.0,0.0
201400026612,8,12,14,21,5,37,261,2,2,1,6,RUE GIRAUDEAU,0.0,0.0
201400026613,10,12,14,23,5,37,261,2,6,1,6,CARFOUR FRANCAIS LIBRES,0.0,0.0
201400026614,13,12,14,23,5,37,261,2,1,1,3,QUAI ANDRE MALRAUX,0.0,0.0
201400026615,14,12,14,3,3,37,233,2,3,8,6,QUAI DE LA LOIRE,0.0,0.0
201400026616,17,12,14,4,3,37,122,2,1,3,7,ROUTE DE MONTS,0.0,0.0
201400026617,20,12,14,20,5,37,122,2,1,1,1,ESPACE ANDRE MALRAUX,0.0,0.0
201400026618,3,11,14,16,1,37,261,2,1,2,7,BD TONNELLE,0.0,0.0
201400026619,4,11,14,12,1,37,122,1,1,1,2,RD 37,0.0,0.0
201400026620,4,11,14,16,1,37,122,2,1,1,7,1 AVENUE VICTOR HUGO,0.0,0.0
201400026621,5,11,14,12,1,37,261,2,1,1,7,16 RUE BERNARD PALISSY,0.0,0.0
201400026622,10,11,14,14,1,37,214,2,6,1,3,RUE DE LA GAGNERIE,0.0,0.0
201400026623,17,11,14,7,1,37,122,1,1,2,7,RD 37,0.0,0.0
201400026624,24,11,14,5,5,37,261,2,1,1,7,RUE DE  BOUILLY,0.0,0.0
201400026625,27,11,14,13,1,37,261,2,1,1,6,RUE VINCENT D INDDY,0.0,0.0
201400026626,30,11,14,11,1,37,122,2,1,1,6,AV DU GAL DE GAULLE,0.0,0.0
201400026627,9,2,14,0,5,37,261,2,1,1,6,6 SQUARE J-B GREUZE,0.0,0.0
201400026628,3,2,14,10,1,37,208,2,1,8,7,80 RUE HENRI ADAM,0.0,0.0
201400026629,6,10,14,17,1,37,208,2,1,1,6,10 BD PAUL DOUMER,0.0,0.0
201400026630,3,10,14,10,1,37,233,2,3,1,3,AVENUE JACQUES DUCLOS,0.0,0.0
201400026631,14,10,14,8,1,37,233,2,1,1,6,16 RUE AUDENET DAMAS,0.0,0.0
201400026632,14,10,14,10,1,37,261,2,1,1,6,90 BD HEURTELOUP,0.0,0.0
201400026633,25,11,14,12,1,37,122,2,3,8,3,56 BD DE CHINON,0.0,0.0
201400026634,26,11,14,8,1,37,122,2,1,1,3,189 RUE DE  DOUZILLIERE,0.0,0.0
201400026635,29,11,14,17,5,37,122,2,2,1,3,RUE DE CHANTEPIE,0.0,0.0
201400026636,30,11,14,14,1,37,261,2,2,1,3,62 RUE JEMMAPES,0.0,0.0
201400026637,2,12,14,5,5,37,261,2,1,1,3,avenue GUSTAVE EIFFEL,0.0,0.0
201400026638,2,12,14,7,4,37,261,2,3,2,6,RUE  NATIONALE,0.0,0.0
201400026639,2,12,14,8,1,37,122,1,1,2,7,ROUTE DE MONTS,0.0,0.0
201400026640,2,12,14,12,1,37,261,2,1,2,6,22 BD HEURTELOUP,0.0,0.0
201400026641,6,12,14,17,5,37,261,2,2,1,3,AVENUE  MONTJOYEUX,0.0,0.0
201400026642,20,12,14,10,1,37,261,2,3,1,3,AVENUE DE LA TRANCHEE,0.0,0.0
201400026643,23,12,14,14,1,37,122,2,1,1,6,LECLERC (PLACE DU GENERA,0.0,0.0
201400026644,26,12,14,11,1,37,261,2,1,1,2,174 RUE ED  VAILLANT,0.0,0.0
201400026645,30,12,14,14,1,37,122,1,3,1,7,RD 37,0.0,0.0
201400026646,31,12,14,10,1,37,261,2,2,1,6,RUE DELAROCHE,0.0,0.0
201400026647,17,9,14,14,1,37,122,2,1,1,2,RUE DU PONT VOLANT,0.0,0.0
201400026648,19,9,14,20,2,37,261,2,1,1,7,197 av  DE  GRAMMONT,0.0,0.0
201400026649,25,9,14,17,1,37,261,2,1,1,3,AV  GEORGES POMPIDOU,0.0,0.0
201400026650,3,12,14,18,5,37,261,2,1,2,6,RUE  DELAROCHE,0.0,0.0
201400026651,9,12,14,13,1,37,261,2,1,1,7,RUE  DES TANNEURS,0.0,0.0
201400026652,9,12,14,17,2,37,261,2,1,1,7,41 AVENUE DE  GRAMMONT,0.0,0.0
201400026653,2,1,14,20,4,37,261,2,1,1,7,PLAC LOISEAU 'ENTRAIGUES,0.0,0.0
201400026654,10,12,14,17,1,37,214,2,1,8,7,RUE HENRI  BERGSON,0.0,0.0
201400026655,12,12,14,8,2,37,261,2,1,2,2,PONT SAINT SAUVEUR,0.0,0.0
201400026656,12,12,14,10,1,37,261,2,1,2,2,AVENUE  STENDHAL,0.0,0.0
201400026657,16,12,14,16,1,37,261,2,1,8,2,AVENUE DE PONT CHER,0.0,0.0
201400026658,16,12,14,16,1,37,233,2,1,8,3,185 RUE MARCEL CACHIN,0.0,0.0
201400026659,18,12,14,7,2,37,122,2,1,2,3,28 BD JEAN JAURES,0.0,0.0
201400026660,22,12,14,18,5,37,261,2,1,1,7,95 BD HEURTELOUP,0.0,0.0
201400026661,23,12,14,10,1,37,122,2,1,1,2,ROUTE DE MONTS,0.0,0.0
201400026662,30,12,14,6,2,37,261,2,2,9,6,RUE DANIEL MAYER,0.0,0.0
201400026663,3,3,14,9,1,37,233,2,1,1,3,51 RUE DE LA RABATERIE,0.0,0.0
201400026664,17,2,14,13,1,37,195,2,1,1,1,51 RUE DE LA MAIRIE,0.0,0.0
201400026665,6,10,14,20,2,37,261,2,1,1,6,AVENUE PROUDHON,0.0,0.0
201400026666,19,10,14,16,1,37,233,1,1,1,7,QUAI DE LA LOIRE,0.0,0.0
201400026667,6,11,14,16,1,37,261,2,1,1,6,RUE GAMBETTA,0.0,0.0
201400026668,4,11,14,9,1,37,261,2,1,1,7,RD 37,0.0,0.0
201400026669,19,12,14,17,5,37,208,2,1,1,4,RUE DE CORMERY,0.0,0.0
201400026670,19,12,14,17,2,37,261,2,1,1,6,RUE D ENTRAIGUES,0.0,0.0
201400026671,24,2,14,15,1,37,261,2,3,1,5,RUE  BONDONNIERE,0.0,0.0
201400026672,19,10,14,15,1,37,261,2,1,1,2,66 BD HEURTELOUP,0.0,0.0
201400026673,7,3,14,15,1,37,261,2,1,1,2,179 AVENUE ANDRE MAGINOT,0.0,0.0
201400026674,9,3,14,13,1,37,261,2,1,1,3,BD ABEL GANCE,0.0,0.0
201400026675,8,3,14,15,1,37,122,2,1,1,7,RUE  GUTENBERG,0.0,0.0
201400026676,21,3,14,17,1,37,233,2,1,1,2,33 BD JEAN JAURES,0.0,0.0
201400026677,23,3,14,22,5,37,261,2,1,1,7,SQUARE BERTHE MORISOT,0.0,0.0
201400026678,24,3,14,19,5,37,233,2,3,1,3,AVENUE STALINGRAD,0.0,0.0
201400026679,26,9,14,14,1,37,261,2,4,1,1,RUE DU NOUVEAU CALVAIRE,0.0,0.0
201400026680,7,4,14,12,1,37,195,2,1,1,2,RUE DU  11 NOVMEBRE,0.0,0.0
201400026681,8,4,14,8,1,37,261,2,2,1,3,BOULEVARD PREUILLY,0.0,0.0
201400026682,7,4,14,19,1,37,261,2,1,1,1,"203, MAGINOT (AV. ANDRE)",0.0,0.0
201400026683,14,4,14,10,1,37,261,2,1,1,3,AVENUE GEORGE POMPIDOU,0.0,0.0
201400026684,18,4,14,20,2,37,122,2,1,1,6,99 RUE DE SAINT LEGER,0.0,0.0
201400026685,20,4,14,14,1,37,261,2,2,1,3,BOULEVARD PREUILLY,0.0,0.0
201400026686,6,5,14,16,1,37,122,2,1,1,1,BERGEONNERIE (RUE DE LA),0.0,0.0
201400026687,19,5,14,14,1,37,233,2,2,1,1,AV JACQUES DUCLOS,0.0,0.0
201400026688,19,5,14,14,1,37,261,2,6,1,6,PLACE 4 FILS AYMON,0.0,0.0
201400026689,29,5,14,15,1,37,261,2,1,1,6,RUE JACQUES BREL,0.0,0.0
201400026690,29,5,14,22,5,37,122,2,1,1,6,AVENUE DE BORDEAUX,0.0,0.0
201400026691,1,6,14,6,2,37,261,2,2,1,3,QUAI ANDRE MALRAUX,0.0,0.0
201400026692,8,6,14,23,5,37,261,2,1,1,6,41 RUE MARCEAU,0.0,0.0
201400026693,18,6,14,13,1,37,261,1,1,1,7,"36, BERANGER (BOULEVARD)",0.0,0.0
201400026694,3,7,14,8,1,37,261,2,1,1,6,159 RUE DE  BOISDENIER,0.0,0.0
201400026695,19,7,14,5,3,37,233,2,1,1,6,33 BD JEAN JAURES,0.0,0.0
201400026696,3,8,14,16,1,37,208,2,1,1,6,BD PAUL DOUMER,0.0,0.0
201400026697,7,8,14,7,2,37,261,2,2,2,3,BD DU MARECHAL JUIN,0.0,0.0
201400026698,8,8,14,6,2,37,261,2,1,8,1,AVENUE ANDRE MAGINOT,0.0,0.0
201400026699,9,8,14,1,5,37,208,2,1,8,6,AVENUE GEORGES POMPIDOU,0.0,0.0
201400026700,12,8,14,18,1,37,261,2,1,8,7,27bis RUE DES BORDIERS,0.0,0.0
201400026701,25,8,14,10,1,37,122,1,1,1,1,BD DES BRETONNIERES,0.0,0.0
201400026702,30,8,14,19,1,37,261,2,2,1,3,RUE  SEBASTOPOL,0.0,0.0
201400026703,5,9,14,17,1,37,233,2,1,1,6,45 AVENUE LENINE,0.0,0.0
201400026704,5,9,14,17,1,37,261,2,1,1,7,22 RUE DE LA PREFECTURE,0.0,0.0
201400026705,5,9,14,17,1,37,208,2,2,1,3,PONT D' ARCOLE,0.0,0.0
201400026706,10,9,14,19,1,37,261,2,1,1,6,92 AVENUE DE  GRAMMONT,0.0,0.0
201400026707,15,9,14,13,1,37,261,2,2,1,3,BOULEVRD PREUILLY,0.0,0.0
201400026708,16,9,14,19,1,37,261,2,1,1,1,ROND POINT  MULHEIM,0.0,0.0
201400026709,22,9,14,16,1,37,261,2,1,1,7,QUAI ANDRE MALRAUX,0.0,0.0
201400026710,24,9,14,12,1,37,261,2,3,1,3,10 PLACE CHOISEUL,0.0,0.0
201400026711,23,9,14,12,1,37,261,2,2,1,3,242 RUE VICTOR HUGO,0.0,0.0
201400026712,4,10,14,19,5,37,261,2,1,3,7,50 RUE DES TANNEURS,0.0,0.0
201400026713,16,10,14,18,1,37,261,2,1,2,6,125 RUE FEBVOTTE,0.0,0.0
201400026714,13,10,14,10,1,37,261,2,1,1,7,31 BD BERANGER,0.0,0.0
201400026715,22,10,14,17,1,37,122,2,1,1,7,119 BD DE  CHINON,0.0,0.0
201400026716,28,10,14,14,1,37,122,2,1,1,7,RUE GALLIENI,0.0,0.0
201400026717,30,10,14,8,2,37,122,2,2,1,7,199 BD JEAN  JAURES,0.0,0.0
201400026718,3,11,14,19,3,37,233,2,1,3,7,BD PAUL LANGEVIN,0.0,0.0
201400026719,12,11,14,7,1,37,261,2,1,1,2,PONT MIRABEAU,0.0,0.0
201400026720,17,11,14,12,1,37,122,2,1,8,2,25 RUE DES  MARTYRS,0.0,0.0
201400026721,21,11,14,14,1,37,261,2,2,1,7,213  RUE GIRAUDEAU,0.0,0.0
201400026722,15,12,14,17,1,37,233,2,9,1,7,AVENUE JACQUES DUCLOS,0.0,0.0
201400026723,10,8,14,17,1,37,261,2,1,1,6,64 AVENUE DE  GRAMMONT,0.0,0.0
201400026724,11,2,14,16,1,38,53,2,1,1,6,DARD,0.0,0.0
201400026725,24,2,14,16,1,38,53,2,6,1,2,CD 522,0.0,0.0
201400026726,15,2,14,11,1,38,53,2,1,1,6,GENERAL DE GAULLE (PLA),0.0,0.0
201400026727,19,3,14,15,1,38,53,2,9,1,6,D 1006,0.0,0.0
201400026728,1,5,14,18,1,38,53,2,1,2,6,"43, GAMBETTA (AVE)",0.0,0.0
201400026729,15,6,14,13,1,38,53,2,7,1,7,5 R R. BELMONT,45.58525,5.2783
201400026730,13,6,14,12,1,38,53,2,1,1,3,JOLIOT CURIE,0.0,0.0
201400026731,21,6,14,15,1,38,53,2,2,1,6,BARBUSSE,0.0,0.0
201400026732,26,6,14,11,1,38,53,2,5,1,6,TIXIER (AVENUE),0.0,0.0
201400026733,5,7,14,4,3,38,53,2,2,1,5,"2, ITALIE (AVE)",45.58446,5.28552
201400026734,18,8,14,10,1,38,53,2,7,1,7,SAINT MICHEL (BLD),0.0,0.0
201400026735,21,8,14,18,1,38,53,2,9,1,5,"73, ASIMOV (ISAAC)",0.0,0.0
201400026736,23,8,14,2,5,38,53,2,1,1,7,"5, BARBUSSE",0.0,0.0
201400026737,24,8,14,10,1,38,53,2,1,1,6,RIVOIRE,0.0,0.0
201400026738,29,8,14,7,1,38,53,2,1,1,2,ST MARCEL BEL ACCUEIL (R,0.0,0.0
201400026739,20,9,14,21,3,38,53,1,1,1,6,5 rte de DEMPTEZIEU,45.60182,5.29354
201400026740,27,9,14,23,5,38,53,1,1,1,3,JOLIOT CURIE,0.0,0.0
201400026741,20,9,14,22,5,38,53,2,1,1,5,"15, ZOLA (AV EMILE)",0.0,0.0
201400026742,12,10,14,13,1,38,53,2,1,1,6,"10, ROUSSEAU (BLD JEAN J",0.0,0.0
201400026743,28,10,14,10,1,38,53,2,1,1,2,ALSACE LORRAINE,0.0,0.0
201400026744,1,11,14,19,3,38,53,2,1,1,6,"39, GRENOBLE (ROUTE DE)",0.0,0.0
201400026745,29,11,14,10,1,38,53,2,1,5,2,CD 522,0.0,0.0
201400026746,8,12,14,17,5,38,53,2,1,1,3,"22, DAUPHINE (AVE)",0.0,0.0
201400026747,10,12,14,4,5,38,53,2,4,1,6,BUGEY,0.0,0.0
201400026748,8,1,14,7,2,38,421,2,1,1,6,"99, AVENUE JULES VALL?S",0.0,0.0
201400026749,8,1,14,15,1,38,185,2,1,1,6,"7, PLACE VICTOR HUGO",0.0,0.0
201400026750,8,1,14,17,5,38,185,2,1,1,1,"50, AVENUE JEANNE D'ARC",0.0,0.0
201400026751,10,1,14,10,1,38,151,2,1,1,6,"4, AVENUE AUGUSTE FERRIE",0.0,0.0
201400026752,20,1,14,6,5,38,185,2,1,2,6,"31, AVENUE DU GRAND CH?T",0.0,0.0
201400026753,20,1,14,11,1,38,169,2,1,1,6,AVENUE AMBROISE CROIZAT,0.0,0.0
201400026754,21,1,14,16,1,38,185,2,2,8,2,"00, AVENUE DE L'EUROPE",0.0,0.0
201400026755,24,1,14,13,1,38,516,2,1,1,6,"00, QUAI YERMOLOFF",0.0,0.0
201400026756,24,1,14,19,5,38,169,2,1,1,3,"83, AVENUE ARISTIDE BRIA",0.0,0.0
201400026757,28,1,14,17,1,38,185,2,1,1,6,RUE NICOLAS CHORIER,0.0,0.0
201400026758,31,1,14,19,3,38,423,1,1,1,5,99 VOIE NON IDENTIFIEE,0.0,0.0
201400026759,4,2,14,8,1,38,179,2,8,1,3,1,0.0,0.0
201400026760,4,2,14,17,1,38,185,2,1,1,1,"0, BOULEVARD CLEMENCEAU",0.0,0.0
201400026761,8,2,14,4,5,38,421,2,1,1,6,"0, RUE DU CHAMP ROMAN",0.0,0.0
201400026762,19,2,14,19,3,38,229,1,1,1,6,99 VOIE NON IDENTIFIEE,0.0,0.0
201400026763,25,2,14,8,1,38,185,2,1,1,6,RUE DES ALLI?S,0.0,0.0
201400026764,26,2,14,17,1,38,185,2,1,3,6,"42, BOULEVARD MAR?CHAL F",0.0,0.0
201400026765,27,2,14,8,1,38,169,2,1,1,6,"2, RUE ANTOINE POLOTTI",0.0,0.0
201400026766,28,2,14,9,1,38,151,2,1,2,6,"., RUE DE LA LIBERT?",0.0,0.0
201400026767,4,3,14,12,1,38,485,2,1,2,3,PONT DE CATANE,0.0,0.0
201400026768,6,3,14,21,5,38,169,2,2,1,3,BOULEVARD PAUL LANGEVIN,0.0,0.0
201400026769,6,3,14,6,5,38,151,2,1,1,6,"13, AVENUE VICTOR HUGO",0.0,0.0
201400026770,8,3,14,19,2,38,185,2,1,1,6,AVENUE EDMOND ESMONIN,0.0,0.0
201400026771,10,3,14,15,1,38,185,2,1,1,6,"40, BOULEVARD MAR?CHAL F",0.0,0.0
201400026772,10,3,14,21,5,38,185,2,1,1,5,"107, AVENUE JEAN PERROT",0.0,0.0
201400026773,13,3,14,14,1,38,151,2,1,1,6,"20, AVENUE EDMOND ESMONI",0.0,0.0
201400026774,17,3,14,8,1,38,151,2,1,1,6,"00, COURS JEAN JAUR?S",0.0,0.0
201400026775,28,3,14,15,1,38,185,2,2,1,6,"00, BOULEVARD ?DOUARD RE",0.0,0.0
201400026776,29,3,14,21,5,38,169,2,1,1,6,"00, AVENUE AMBROISE CROI",0.0,0.0
201400026777,31,3,14,6,2,38,169,2,2,1,3,"17, AVENUE DU VERCORS",0.0,0.0
201400026778,2,4,14,20,5,38,151,2,1,1,6,"00, AVENUE DU 8 MAI 1945",0.0,0.0
201400026779,2,4,14,22,4,38,185,2,1,1,6,"0, PLACE HUBERT DUBEDOUT",0.0,0.0
201400026780,11,4,14,15,1,38,185,2,1,1,6,"0, BOULEVARD GAMBETTA",0.0,0.0
201400026781,12,4,14,21,5,38,185,2,1,1,6,COURS DE LA LIB?RATION E,0.0,0.0
201400026782,13,4,14,2,5,38,185,2,1,1,6,"60, RUE CLAUDE GENIN",45.18085,5.74244
201400026783,14,4,14,17,1,38,185,2,1,1,6,"36, BOULEVARD MAR?CHAL L",0.0,0.0
201400026784,15,4,14,14,1,38,185,2,1,1,3,"22, AVENUE MALHERBE",0.0,0.0
201400026785,16,4,14,10,1,38,185,2,1,1,6,"0, AVENUE RHIN ET DANUBE",0.0,0.0
201400026786,18,4,14,17,1,38,185,2,1,1,6,"0, RUE DES BAINS",0.0,0.0
201400026787,22,4,14,6,2,38,185,2,2,1,3,"19, AVENUE MARCELIN BERT",0.0,0.0
201400026788,25,4,14,15,1,38,421,2,2,1,3,BOULEVARD DULCIE SEPTEMB,0.0,0.0
201400026789,26,4,14,16,1,38,151,1,4,1,4,sortie 6 comboire,45.15167,5.69721
201400026790,27,4,14,17,1,38,421,2,1,1,6,"28, AVENUE POTIE",0.0,0.0
201400026791,28,4,14,16,1,38,185,2,1,1,6,"23, BOULEVARD CLEMENCEAU",0.0,0.0
201400026792,1,5,14,16,1,38,423,2,1,1,7,"3, RUE CONRAD KILLIAN",0.0,0.0
201400026793,2,5,14,13,1,38,169,2,1,2,6,"98, BOULEVARD JOLIOT-CUR",0.0,0.0
201400026794,3,5,14,19,3,38,151,1,1,3,3,ECHANGEUR DU RONDEAU,45.15906,5.70128
201400026795,3,5,14,23,4,38,151,2,1,1,3,"00, RUE NORMANDIE-NIEMEN",0.0,0.0
201400026796,4,5,14,0,5,38,151,2,1,2,6,"2, AVENUE G?N?RAL DE GAU",0.0,0.0
201400026797,4,5,14,7,1,38,421,2,1,1,6,"00, RUE HENRI WALLON",0.0,0.0
201400026798,8,5,14,11,1,38,151,1,1,1,3,"00, RUE DE COMBOIRE",0.0,0.0
201400026799,10,5,14,18,1,38,151,2,1,1,6,"0, RUE DE NORMANDIE",0.0,0.0
201400026800,12,5,14,16,1,38,151,2,9,1,2,AVENUE DES ?TATS G?N?RAU,0.0,0.0
201400026801,13,5,14,15,1,38,421,2,9,3,6,"0, AVENUE DE LA MOGNE",0.0,0.0
201400026802,15,5,14,9,1,38,516,2,1,1,6,BOULEVARD DE LA CHANTOUR,0.0,0.0
201400026803,18,5,14,6,2,38,516,1,1,1,6,"0, CHEMIN DE LA CARRONNE",0.0,0.0
201400026804,19,5,14,8,1,38,421,2,1,1,3,"174, AVENUE AMBROISE CRO",0.0,0.0
201400026805,23,5,14,11,1,38,185,2,1,1,6,"17, RUE BAYARD",0.0,0.0
201400026806,23,5,14,10,1,38,185,2,1,1,6,"2, RUE JEAN PR?VOST",0.0,0.0
201400026807,25,5,14,14,1,38,179,1,1,1,3,"23, AVENUE DE LA COMBE",0.0,0.0
201400026808,26,5,14,11,1,38,185,2,1,1,3,"0, RUE DES PEUPLIERS",0.0,0.0
201400026809,28,5,14,17,1,38,185,2,3,1,3,"00, COURS DE LA LIB?RATI",0.0,0.0
201400026810,3,6,14,20,1,38,185,2,1,1,1,"0, AVENUE PAUL VERLAINE",0.0,0.0
201400026811,5,6,14,16,1,38,185,2,1,1,6,"57, BOULEVARD MAR?CHAL F",0.0,0.0
201400026812,5,6,14,17,1,38,185,2,1,1,6,"., BOULEVARD JOSEPH VALL",0.0,0.0
201400026813,6,6,14,14,1,38,185,2,1,1,3,"0, RUE DE STALINGRAD",0.0,0.0
201400026814,11,6,14,10,1,38,421,2,1,1,6,"100, AVENUE MARCEL CACHI",0.0,0.0
201400026815,12,6,14,16,1,38,185,2,3,1,3,"57, RUE DES EAUX CLAIRES",0.0,0.0
201400026816,12,6,14,18,1,38,185,2,1,1,6,"0, BOULEVARD ?DOUARD REY",0.0,0.0
201400026817,12,6,14,7,1,38,185,2,1,1,6,"0, BOULEVARD JEAN PAIN",0.0,0.0
201400026818,19,6,14,19,1,38,169,2,2,1,3,"0, AVENUE JEAN JAUR?S",0.0,0.0
201400026819,20,6,14,6,1,38,185,2,4,1,6,A480 inter sortie 1,45.21077,5.68544
201400026820,24,6,14,12,1,38,185,2,2,1,3,"4, PLACE JEAN ACHARD",0.0,0.0
201400026821,28,6,14,9,1,38,185,2,1,1,4,"46, BOULEVARD JOSEPH VAL",0.0,0.0
201400026822,28,6,14,11,1,38,151,1,1,1,2,A480 PR8,45.15456,5.69867
201400026823,28,6,14,14,1,38,185,2,1,1,6,BOULEVARD CLEMENCEAU,0.0,0.0
201400026824,2,7,14,16,1,38,151,2,1,1,6,AVENUE DES ?TATS G?N?RAU,0.0,0.0
201400026825,5,7,14,10,1,38,169,2,1,1,3,"0, BOULEVARD PAUL LANGEV",0.0,0.0
201400026826,5,7,14,19,1,38,185,2,1,1,6,"14, BOULEVARD GAMBETTA",0.0,0.0
201400026827,8,7,14,4,5,38,185,1,1,2,3,"00, PONT DU VERCORS",0.0,0.0
201400026828,8,7,14,15,1,38,229,1,1,3,2,"00, CHEMIN DE LA CARRONN",0.0,0.0
201400026829,11,7,14,1,5,38,185,2,1,2,6,"00, PLACE ARISTIDE BRIAN",0.0,0.0
201400026830,12,7,14,16,1,38,151,2,1,2,3,"00, RUE CARMAGNOLE LIBER",0.0,0.0
201400026831,13,7,14,17,1,38,169,2,5,1,3,"00, BOULEVARD PAUL LANGE",0.0,0.0
201400026832,14,7,14,15,1,38,151,2,2,1,3,"00, AVENUE DE KIMBERLEY",0.0,0.0
201400026833,14,7,14,21,1,38,185,2,2,1,3,BOULEVARD AGUTTE SEMBAT,0.0,0.0
201400026834,17,7,14,12,1,38,185,2,2,1,1,"00, COURS JEAN JAUR?S",0.0,0.0
201400026835,17,7,14,18,1,38,421,2,1,1,1,"00, AVENUE AMBROISE CROI",0.0,0.0
201400026836,18,7,14,10,1,38,185,2,1,1,6,"00, AVENUE EDMOND ESMONI",0.0,0.0
201400026837,21,7,14,10,1,38,185,2,1,2,6,"54, AVENUE RHIN ET DANUB",0.0,0.0
201400026838,29,7,14,13,1,38,185,2,1,2,3,"0, AVENUE MARIE REYNOARD",0.0,0.0
201400026839,30,7,14,15,1,38,185,2,2,1,5,"0, RUE DU 19 MARS 1962",0.0,0.0
201400026840,30,7,14,11,1,38,185,2,1,2,6,"0, PLACE GUSTAVE RIVET",0.0,0.0
201400026841,30,7,14,18,1,38,516,2,6,1,3,CARREFOUR DE L'EUROPE,0.0,0.0
201400026842,31,7,14,11,1,38,158,2,1,1,7,RN.87,0.0,0.0
201400026843,5,8,14,10,1,38,185,2,1,1,3,"0, RUE DU 4?ME R?GIMENT",0.0,0.0
201400026844,6,8,14,10,1,38,151,2,1,1,7,"27, CHEMIN DU TREMBLAY",0.0,0.0
201400026845,6,8,14,13,1,38,185,2,1,1,3,"0, BOULEVARD JOSEPH VALL",0.0,0.0
201400026846,12,8,14,15,1,38,185,2,1,1,7,"80, RUE DES ALLI?S",0.0,0.0
201400026847,18,8,14,16,1,38,421,2,1,1,6,"0, AVENUE BENO?T FRACHON",0.0,0.0
201400026848,22,8,14,17,1,38,169,2,2,1,3,"0, AVENUE DU VERCORS",0.0,0.0
201400026849,22,8,14,11,1,38,185,2,2,1,5,"0, PLACE PASTEUR",0.0,0.0
201400026850,26,8,14,16,1,38,185,2,1,2,6,"27, RUE NICOLAS CHORIER",0.0,0.0
201400026851,31,8,14,18,1,38,185,2,1,1,6,"72, AV RHIN ET DANUBE",45.1714,5.70497
201400026852,1,9,14,21,5,38,185,2,2,1,3,"0, RUE DE TURENNE",0.0,0.0
201400026853,2,9,14,16,1,38,185,2,1,1,6,"15, RUE EUG?NE FAURE",0.0,0.0
201400026854,5,9,14,12,1,38,185,2,1,1,3,"37, BOULEVARD JOSEPH VAL",0.0,0.0
201400026855,11,9,14,12,1,38,185,2,1,1,6,"44, RUE DES EAUX CLAIRES",0.0,0.0
201400026856,16,9,14,16,1,38,169,2,3,1,3,AVENUE DU VERCORS,0.0,0.0
201400026857,20,9,14,9,1,38,185,2,1,1,6,"9, PLACE SAINT-BRUNO",0.0,0.0