Num_Acc,jour,mois,an,hr,condition_eclairage,departement,commune,condition_agglomeration,intersection,condition_atmosphere,type_collision,adresse,lattitude,longitude
201400026858,23,9,14,19,2,38,185,2,1,1,6,"8 BIS, RUE PAUL BOURGET",0.0,0.0
201400026859,25,9,14,9,1,38,516,1,1,1,4,99 VOIE NON IDENTIFIEE,0.0,0.0
201400026860,25,9,14,10,1,38,185,2,3,1,3,RUE CHARLES TESTOUD,0.0,0.0
201400026861,26,9,14,6,2,38,151,2,2,1,3,COURS JEAN JAUR?S,0.0,0.0
201400026862,30,9,14,8,1,38,151,2,1,3,2,AVENUE DU 8 MAI 1945,0.0,0.0
201400026863,3,10,14,13,1,38,421,2,4,1,3,"0, RUE PAUL LANGEVIN",0.0,0.0
201400026864,5,10,14,13,1,38,185,2,1,1,3,"24, AVENUE MARIE REYNOAR",0.0,0.0
201400026865,6,10,14,17,1,38,185,2,1,1,6,"20, RUE MARCEAU",0.0,0.0
201400026866,7,10,14,8,1,38,185,2,1,1,6,"14, AVENUE L?ON BLUM",0.0,0.0
201400026867,9,10,14,8,1,38,169,2,1,1,6,BOULEVARD PAUL LANGEVIN,0.0,0.0
201400026868,9,10,14,10,1,38,179,1,1,1,6,"11, RUE PIERRE-GIRAUD",0.0,0.0
201400026869,12,10,14,1,5,38,185,2,1,1,6,"0, COURS JEAN JAUR?S",0.0,0.0
201400026870,13,10,14,12,1,38,185,2,1,1,6,COURS BERRIAT,0.0,0.0
201400026871,14,10,14,7,5,38,185,2,1,1,6,"0, RUE LESDIGUI?RES",0.0,0.0
201400026872,16,10,14,7,3,38,185,1,1,1,2,1090,0.0,0.0
201400026873,16,10,14,15,1,38,185,2,1,1,6,"54, BOULEVARD JOSEPH VAL",0.0,0.0
201400026874,19,10,14,12,1,38,169,2,1,1,1,"00, RUE JULES GUESDE",0.0,0.0
201400026875,19,10,14,20,5,38,421,2,1,1,6,AVENUE BENO?T FRACHON,0.0,0.0
201400026876,24,10,14,18,1,38,151,2,1,1,6,AVENUE DES F.T.P.F.,0.0,0.0
201400026877,31,10,14,12,1,38,151,2,1,1,4,AVENUE DES F.T.P.F.,0.0,0.0
201400026878,4,11,14,18,5,38,185,2,1,2,6,PLACE GRENETTE,0.0,0.0
201400026879,4,11,14,16,2,38,185,2,1,3,6,"3, CHEMIN DE LA POTERNE",0.0,0.0
201400026880,9,11,14,16,1,38,185,2,1,2,2,COURS JEAN JAUR?S,0.0,0.0
201400026881,12,11,14,10,1,38,185,2,1,1,6,"96, COURS DE LA LIB?RATI",0.0,0.0
201400026882,13,11,14,8,1,38,421,2,1,1,6,"37, AVENUE GABRIEL P?RI",0.0,0.0
201400026883,13,11,14,15,1,38,185,2,1,1,3,"00, AVENUE LA BRUY?RE",0.0,0.0
201400026884,14,11,14,13,1,38,185,2,1,1,6,"43, AVENUE MARIE REYNOAR",0.0,0.0
201400026885,16,11,14,10,1,38,169,2,9,8,6,BOULEVARD JOLIOT-CURIE,0.0,0.0
201400026886,17,11,14,10,1,38,151,2,3,3,3,AVENUE DES ?TATS G?N?RAU,0.0,0.0
201400026887,25,11,14,9,1,38,169,2,2,8,3,AVENUE JEAN JAUR?S,0.0,0.0
201400026888,26,11,14,23,5,38,185,2,2,1,3,COURS DE LA LIB?RATION E,0.0,0.0
201400026889,27,11,14,10,1,38,185,2,1,1,6,RUE BERTHE DE BOISSIEUX,0.0,0.0
201400026890,29,11,14,15,1,38,151,2,1,1,6,RUE PABLO PICASSO,0.0,0.0
201400026891,3,12,14,17,5,38,185,2,1,1,6,RUE LAMARTINE,0.0,0.0
201400026892,13,12,14,1,5,38,185,2,1,1,3,RUE CONDILLAC,0.0,0.0
201400026893,16,12,14,9,1,38,151,1,5,1,6,AV 8 MAI 1945/etats gene,45.15195,5.71789
201400026894,17,12,14,19,5,38,185,2,1,2,6,"25, RUE MOYRAND",0.0,0.0
201400026895,19,12,14,11,1,38,185,2,1,1,6,"., BOULEVARD ROGER SALEN",0.0,0.0
201400026896,23,12,14,7,1,38,151,2,2,1,3,"., AVENUE DE LA R?PUBLIQ",0.0,0.0
201400026897,24,12,14,16,1,38,185,2,1,1,1,"175 C, RUE DE STALINGRAD",0.0,0.0
201400026898,24,12,14,10,1,38,169,2,1,1,3,"13, AVENUE AMBROISE CROI",0.0,0.0
201400026899,27,12,14,1,5,38,185,2,2,1,3,"., AVENUE JEANNE D'ARC",0.0,0.0
201400026900,16,3,14,9,1,38,544,2,1,1,6,"05, ST MARTIN(PLACE)",0.0,0.0
201400026901,8,2,14,12,1,38,544,1,1,3,1,", GUILLEMOTTES(RUE DES)",0.0,0.0
201400026902,30,4,14,23,5,38,544,2,3,1,3,GEN LECLERC/St Germain,45.51307,4.86573
201400026903,27,9,14,9,1,38,544,2,9,7,3,"1, ST MARCEL(MONTEE)",0.0,0.0
201400026904,19,4,14,19,1,38,544,2,1,1,7,"21, ETIENNE REY(QUAI)",0.0,0.0
201400026905,3,6,14,17,1,38,544,2,3,1,7,"47, VIMAINE(RUE)",0.0,0.0
201400026906,31,7,14,11,1,38,544,2,1,1,7,"2, VERDUN(COUR DE)",0.0,0.0
201400026907,15,8,14,10,1,38,544,2,1,1,3,"25, PASTEUR(QUAI)",0.0,0.0
201400026908,2,9,14,16,1,38,318,2,1,1,5,JOSEPH GRENOUILLET(RUE),0.0,0.0
201400026909,22,8,14,16,1,38,318,2,1,1,6,"510, RAIE BRUNET(CHEMIN",0.0,0.0
201400026910,4,10,14,14,1,38,544,2,2,1,3,"25, PASTEUR(QUAI)",0.0,0.0
201400026911,21,10,14,20,5,38,544,2,1,3,7,"6, ST MARTIN(PLACE)",0.0,0.0
201400026912,16,10,14,10,1,38,544,2,1,2,1,CD 41,0.0,0.0
201400026913,21,11,14,19,5,38,544,2,1,1,3,"19, ROMESTANG(COURS)",0.0,0.0
201400026914,16,2,14,5,5,38,563,2,1,2,7,"44, GAMBETTA (AVENUE)",0.0,0.0
201400026915,23,3,14,15,1,38,563,2,1,1,6,"25, HAUSSEZ (AVENUE D')",0.0,0.0
201400026916,26,5,14,8,1,38,563,2,1,1,1,"139, VERDIN (MONTEE DU)",0.0,0.0
201400026917,23,6,14,23,5,38,563,2,1,1,1,"212, VERDIN (MONTEE DU)",0.0,0.0
201400026918,27,7,14,5,2,38,563,2,1,1,7,"17, VERDUN (AVENUE DE)",0.0,0.0
201400026919,30,7,14,14,1,38,563,2,1,2,6,"8, GRANDE (RUE)",0.0,0.0
201400026920,2,12,14,16,1,38,563,1,1,1,6,"00, GORGES (RUE DES)",0.0,0.0
201400026921,9,12,14,16,1,38,563,2,1,1,6,"47, DENFERT ROCHEREAU (B",0.0,0.0
201400026922,11,12,14,21,3,38,563,2,1,9,1,"00, MARAIS (RUE DES)",0.0,0.0
201400026923,29,12,14,15,1,38,563,2,1,1,6,"1, NEEL (RUE L.)",0.0,0.0
201400026924,26,12,14,7,5,38,563,2,1,1,6,"4, FRIER (AVENUE G.)",0.0,0.0
201400026925,12,1,14,20,5,39,198,2,1,1,6,JUIN (AVENUE DU MARECHAL,0.0,0.0
201400026926,28,1,14,4,3,39,198,2,3,4,6,"0, LATTRE DE TASSIGNY (A",0.0,0.0
201400026927,28,6,14,18,1,39,198,1,1,2,5,"0, RD 673 (Rd Pt Cote d'",0.0,0.0
201400026928,9,9,14,7,2,39,198,2,1,1,6,"205, GUYNEMER (RUE GEORG",0.0,0.0
201400026929,18,10,14,15,1,39,198,2,1,1,3,"98, DUHAMEL (AVENUE JACQ",0.0,0.0
201400026930,6,1,14,15,1,39,300,2,1,1,6,"0, GAMBETTA (BOULEVARD)",0.0,0.0
201400026931,9,3,14,16,1,39,300,2,1,1,3,PROST (AVENUE CAMILLE) N,0.0,0.0
201400026932,17,4,14,17,1,39,300,2,1,1,6,"0, CHAPUIS (RUE EDMOND)",0.0,0.0
201400026933,10,6,14,18,1,39,300,2,1,1,6,"435, GENTIANES (RUE DES)",0.0,0.0
201400026934,21,8,14,17,1,39,300,2,1,1,6,"12, DUPARCHY (BOULEVARD",0.0,0.0
201400026935,15,10,14,10,1,39,300,2,1,1,6,"105, OFFENBOURG (AVENUE",0.0,0.0
201400026936,24,10,14,12,1,39,300,2,9,1,6,"78, SALINES (RUE DES)",0.0,0.0
201400026937,1,12,14,10,1,39,300,2,1,2,1,"0, VERNIER (BD THEODORE)",0.0,0.0
201400026938,3,12,14,23,5,39,300,2,1,1,6,"8, PERRAUD (PLACE)",0.0,0.0
201400026939,9,1,14,8,2,40,88,2,3,1,1,"102, TUILERIES (AVENUE D",43.71388,-1.06358
201400026940,10,1,14,22,5,40,279,1,6,1,6,RD 524,43.73329,-1.03267
201400026941,13,1,14,17,1,40,279,2,1,1,6,SAINT-VINCENT DE PAUL (B,43.7293,-1.03944
201400026942,29,1,14,7,5,40,88,2,1,3,6,"175, SAINT-VINCENT DE PA",43.71998,-1.05245
201400026943,3,2,14,17,2,40,88,2,1,1,6,"72, HUGO (AVENUE VICTOR)",43.70108,-1.05404
201400026944,5,2,14,18,5,40,279,2,3,1,3,"2, RESISTANCE (AVE DE LA",43.72522,-1.06465
201400026945,16,3,14,6,3,40,279,1,1,1,3,MINIERES (ROUTE DES) CD,43.71649,-1.08168
201400026946,10,5,14,10,1,40,279,2,3,1,6,DESPAX (RUE EMILE),43.74539,-1.04798
201400026947,3,6,14,7,1,40,279,2,1,1,6,,43.72234,-1.05169
201400026948,10,6,14,10,1,40,279,2,1,1,6,LIBERTE (AVE DE LA),43.72215,-1.05175
201400026949,3,7,14,15,1,40,279,1,1,1,6,RD 524,43.73778,-1.0976
201400026950,6,7,14,16,1,40,88,2,6,2,1,ROND POINT DE LA GARE,43.71906,-1.04918
201400026951,8,7,14,10,1,40,279,2,1,1,6,FOCH (AVENUE DU MARECHAL,43.7307,-1.04864
201400026952,31,8,14,16,1,40,279,1,1,1,1,BARTHES (ROUTE DES) CD,43.71612,-1.08539
201400026953,4,9,14,17,1,40,279,1,1,1,4,RD 824,0.0,0.0
201400026954,4,10,14,19,1,40,279,1,2,1,3,"17, SAINT-VINCENT DE PAU",43.73462,-1.03008
201400026955,13,10,14,17,1,40,88,2,2,1,3,HUGO (AVENUE VICTOR),43.70388,-1.0528
201400026956,28,10,14,10,1,40,88,2,1,1,2,"819, TERCIS (ROUTE DE)",43.68453,-1.08132
201400026957,22,11,14,18,5,40,279,2,1,1,2,RESISTANCE (AVE DE LA),43.7255,-1.06759
201400026958,25,1,14,9,1,40,192,2,1,2,5,ROCADE EST (RD 932 E),43.88265,-0.45222
201400026959,28,1,14,7,5,40,192,2,1,3,6,DEPRUNEAUX (RUE CLAUDE),43.88953,-0.49808
201400026960,5,3,14,9,1,40,192,2,3,2,5,HOUGA (AV DU),43.87855,-0.47852
201400026961,5,3,14,14,1,40,192,2,1,1,2,"432, FOCH (AV DU MARECHA",43.89546,-0.49272
201400026962,20,3,14,17,1,40,192,2,1,1,6,AURIBEAU (BD D'),43.88791,-0.50517
201400026963,24,3,14,17,1,40,192,2,3,2,3,LACOSTE (BD JEAN),43.89512,-0.50387
201400026964,9,4,14,8,1,40,192,2,1,1,6,VICTOR HUGO,43.89316,-0.50003
201400026965,11,4,14,8,1,40,281,1,1,1,5,"0, ROCADE SUD RD 824",43.872,-0.5189
201400026966,16,5,14,7,1,40,192,2,1,7,2,"10, DULAMON (RUE ARMAND)",43.8929,-0.50252
201400026967,12,6,14,18,1,40,192,2,1,1,6,"0, AURIBEAU (BD D')",43.8882,-0.50605
201400026968,17,6,14,18,1,40,192,2,6,1,3,JUIN (V DU MARECHAL),43.90241,-0.47981
201400026969,22,7,14,8,1,40,192,2,1,1,6,"524, FOCH (AV DU MARECHA",43.89598,-0.49188
201400026970,3,8,14,4,2,40,192,2,1,1,6,"30, PEMEGNAN (CHEMIN DE)",43.89728,-0.46231
201400026971,16,9,14,13,1,40,192,2,3,1,6,FARBOS (AV HENRI),43.89327,-0.50847
201400026972,23,9,14,10,1,40,281,1,1,1,3,"200, ROCADE SUD (RD 824)",43.86718,-0.48516
201400026973,23,10,14,15,1,40,281,2,1,1,4,KENNEDY (AV DU PDT. JOHN,43.8719,-0.49107
201400026974,3,11,14,15,1,40,192,2,1,1,3,LABRIT (AV DU DR ETIENNE,43.90257,-0.47768
201400026975,12,11,14,5,5,40,192,2,2,3,3,"., 34EME R.I. (BOULEVARD",43.88548,-0.50082
201400026976,20,11,14,8,1,40,192,2,3,1,3,"545, DUPOUY (AV JEAN)",43.89334,-0.46555
201400026977,27,11,14,13,1,40,192,2,1,1,2,"317, R?GIMENT D'INFANTER",43.88652,-0.5002
201400026978,27,11,14,12,1,40,192,2,2,1,3,"28, MAINGUY (BD YVES)",43.8835,-0.48116
201400026979,29,11,14,18,5,40,192,2,2,2,3,THORE (CHEMIN DE),43.89209,-0.51435
201400026980,3,12,14,18,2,40,192,2,3,2,3,CANDAU (BD FERDINANT DE),43.89222,-0.50688
201400026981,8,12,14,8,2,40,192,2,3,1,3,"., COUILLEAU (AV DU COL.",43.89901,-0.5003
201400026982,5,12,14,15,1,40,281,2,1,2,2,RD 932 E,43.86855,-0.48014
201400026983,9,12,14,7,2,40,281,2,2,1,3,"., BRETTES-CAMILLE (AV)",43.88448,-0.51477
201400026984,9,12,14,9,1,40,192,2,1,1,2,KENNEDY (AV DU PRESIDENT,43.88064,-0.49618
201400026985,16,12,14,7,5,40,192,2,2,3,3,"., DUPOUY (AV JEAN)",43.89012,-0.46626
201400026986,23,12,14,15,1,40,192,2,3,1,3,"., CHAUMI?RE (AV BELLE)",43.89976,-0.52452
201400026987,22,1,14,8,1,41,18,2,1,2,3,MAUNOURY (AVENUE DU MARE,47.597,1.342
201400026988,8,2,14,16,1,41,18,2,1,1,2,LIBERATION (CARREFOUR DE,47.584,1.339
201400026989,13,2,14,18,5,41,18,1,1,1,2,CITES UNIES (BOULEVARD D,47.605,1.345
201400026990,19,2,14,12,1,41,18,2,1,1,1,GUTEMBERG (RUE),47.603,1.309
201400026991,1,3,14,11,1,41,18,2,1,1,6,PONT DU GAST (RUE DU),47.587,1.328
201400026992,13,3,14,18,1,41,212,1,1,1,2,D 956,47.555,1.373
201400026993,14,3,14,17,1,41,18,2,3,7,2,AUGE (BOULEVARD MARC ET,47.569,1.339
201400026994,17,3,14,10,1,41,18,2,3,1,3,RENAULME (AVENUE PAUL),47.591,1.339
201400026995,24,3,14,7,1,41,47,1,1,1,7,RD 50,47.621,1.352
201400026996,28,3,14,16,1,41,18,2,1,1,4,MAUNOURY (AVENUE DU MARE,47.596,1.342
201400026997,4,4,14,8,1,41,18,2,1,2,2,PAPIN (RUE DENIS),47.587,1.334
201400026998,14,4,14,9,1,41,18,2,1,1,2,MARE (RUE DE LA),47.594,1.322
201400026999,16,4,14,12,1,41,18,2,1,1,6,CARTIER (RUE ROBERT),47.6,1.338
201400027000,30,4,14,10,1,41,18,2,1,1,6,"20, BUTTE (AVENUE DE LA)",47.583,1.32
201400027001,4,5,14,7,1,41,18,2,1,1,7,D174,47.595,1.352
201400027002,6,5,14,14,1,41,212,2,3,1,4,NATIONALE (ROUTE),47.572,1.356
201400027003,8,5,14,11,1,41,47,2,1,2,7,"11, SAINT LAZARE (RUE)",47.611,1.357
201400027004,10,5,14,18,1,41,212,2,1,2,2,PATTE D'OIE (rond point),47.561,1.372
201400027005,6,6,14,17,1,41,18,2,1,1,3,RD 952,47.564,1.302
201400027006,19,6,14,10,1,41,18,2,1,1,6,18 JUIN 1940 (RUE DU),47.591,1.333
201400027007,21,6,14,20,1,41,18,2,1,1,6,FENELON (RUE),47.586,1.316
201400027008,25,6,14,18,1,41,18,2,1,1,6,"4, GARROS (RUE ROLAND)",47.592,1.311
201400027009,1,7,14,13,1,41,18,2,3,1,5,Berthonneau (rue Jules),47.605,1.299
201400027010,17,7,14,15,1,41,47,2,1,1,2,OCTROI (RUE DE L'),47.601,1.346
201400027011,10,8,14,9,1,41,18,2,1,2,6,DUPUIS (BOULEVARD DANIEL,47.581,1.322
201400027012,18,8,14,11,1,41,18,2,1,1,6,WILSON (AVENUE DU PRESID,47.581,1.342
201400027013,29,8,14,16,1,41,18,2,1,1,6,BROSSELETTE (AVENUE PIER,47.569,1.333
201400027014,2,9,14,15,1,41,18,2,1,1,3,RIFFAULT (RUE EUGENE),47.591,1.342
201400027015,3,9,14,15,1,41,18,2,1,1,2,D951,47.59,1.354
201400027016,5,9,14,18,1,41,18,2,1,1,6,"3, GARENNE (RUE DE LA)",47.587,1.327
201400027017,23,10,14,6,5,41,18,2,2,1,3,WILSON (AVENUE DU PRESID,47.581,1.343
201400027018,27,10,14,6,5,41,18,2,2,5,1,BESNARD (QUAI ULYSSE),47.578,1.321
201400027019,28,10,14,12,1,41,295,2,1,1,3,GRAIN D'OR (AVENUE DU),47.566,1.375
201400027020,7,11,14,14,1,41,18,2,1,7,2,VENDOME (AVENUE DE),47.604,1.314
201400027021,7,11,14,21,5,41,18,2,1,1,3,D174,47.594,1.352
201400027022,15,11,14,16,1,41,18,2,1,1,2,CROIX PICHON (RUE DE LA,47.596,1.306
201400027023,15,12,14,13,1,41,18,2,1,2,7,SCHUMAN (AVENUE ROBERT),47.609,1.335
201400027024,19,1,14,11,1,41,18,2,1,1,6,SCHUMAN (AVENUE ROBERT),47.61,1.337
201400027025,16,2,14,22,5,41,18,2,1,1,6,"5, MOULIN (RUE JEAN)",47.587,1.327
201400027026,11,3,14,9,1,41,18,2,1,1,7,VENDOME (AVENUE DE),47.559,1.32
201400027027,16,4,14,11,1,41,18,2,1,1,7,VENDOME (AVENUE DE),47.601,1.316
201400027028,20,4,14,19,1,41,18,2,1,1,3,VENDOME (AVENUE DE),47.605,1.313
201400027029,11,5,14,23,3,41,18,2,1,2,7,CHATEAU-RENAULT (ROUTE D,47.582,1.295
201400027030,6,5,14,11,1,41,18,2,1,1,3,SAINT-JEAN (QUAI),47.588,1.34
201400027031,20,5,14,17,1,41,295,1,1,3,5,D951,47.61,1.381
201400027032,28,5,14,12,1,41,18,2,1,1,6,VILLEBREME (RUE DE),47.608,1.325
201400027033,3,6,14,1,3,41,18,2,1,1,7,DUPUIS (BOULEVARD DANIEL,47.579,1.32
201400027034,2,6,14,15,1,41,18,2,1,1,6,"5, INDUSTRIE (BOULEVARD",47.6,1.32
201400027035,22,5,14,8,1,41,18,2,2,2,3,BESNARD (QUAI ULYSSE),47.578,1.32
201400027036,21,6,14,23,5,41,18,2,1,1,6,"233, CABOCHON (RUE DE)",47.576,1.302
201400027037,22,6,14,1,3,41,18,1,1,1,7,COULANGES (ALLEE DE),47.558,1.268
201400027038,28,7,14,23,5,41,18,2,1,1,6,"3, MONIN (RUE)",47.591,1.34
201400027039,22,6,14,23,5,41,18,2,1,1,3,FRANCE (AVENUE DE)  1,47.599,1.319
201400027040,7,8,14,19,1,41,18,2,2,1,3,FRANCE (AVENUE DE)  1,47.596,1.316
201400027041,26,8,14,16,1,41,295,2,1,1,6,"121, TAILLES  (RUE DES)",47.594,1.388
201400027042,22,8,14,9,1,41,18,2,1,1,2,BUTTE (AVENUE DE LA),47.583,1.32
201400027043,20,9,14,1,5,41,295,1,1,1,1,D951,47.593,1.359
201400027044,23,9,14,10,1,41,18,1,6,1,3,ROBERT NAU (ROND POINT),47.614,1.334
201400027045,10,10,14,11,1,41,295,1,1,1,7,ST DYE (LEVEE DE ),47.601,1.373
201400027046,11,10,14,0,3,41,18,1,1,1,6,RD 952,47.556,1.295
201400027047,10,10,14,12,1,41,18,2,1,1,2,GAMBETTA (AVENUE),47.584,1.319
201400027048,26,9,14,17,1,41,18,1,1,1,3,CITES UNIES (BOULEVARD D,47.609,1.338
201400027049,9,10,14,17,1,41,18,2,1,1,6,"1, CHATEAU-RENAULT (ROUT",47.584,1.317
201400027050,8,11,14,16,1,41,18,2,1,1,7,"24, WALDSHUT (RUE DE)",47.59,1.316
201400027051,22,11,14,16,1,41,18,1,1,1,6,CITES UNIES (BOULEVARD D,47.608,1.341
201400027052,27,11,14,8,1,41,18,2,1,1,3,VENDOME (AVENUE DE),47.602,1.315
201400027053,23,11,14,17,5,41,212,2,1,1,3,NATIONALE (ROUTE),47.562,1.371
201400027054,17,12,14,12,1,41,295,2,1,2,6,"197, CHAMBORD (ROUTE DE)",47.574,1.394
201400027055,20,12,14,20,5,41,18,2,1,1,7,CABOCHON (RUE DE),47.579,1.309
201400027056,24,12,14,22,5,41,295,2,1,2,6,"20, DES NOELS (AVENUE)",47.595,1.387
201400027057,7,1,14,16,1,41,269,2,2,1,2,PARIS (ROUTE DE),47.795,1.074
201400027058,4,2,14,18,2,41,269,2,3,1,6,"02, GREVE (RUE DE LA)",47.79,1.063
201400027059,7,2,14,12,1,41,269,1,1,1,3,"., CITES UNIES D'EUROPE",47.817,1.022
201400027060,23,2,14,16,1,41,226,1,1,1,1,"., DE LA NOUETTE (CHEMIN",47.817,1.087
201400027061,25,3,14,17,1,41,269,2,2,1,3,"., GUIMOND (AVENUE GEORG",47.798,1.07
201400027062,1,4,14,12,1,41,269,2,2,1,2,"., TANNEURS (PONT DES)",47.788,1.072
201400027063,10,6,14,12,1,41,269,2,3,2,3,"., CROIX BRIFFAULT (RUE",47.801,1.055
201400027064,12,6,14,11,1,41,226,2,6,1,3,"., DE DIETRICH (ALLEE)",47.806,1.069
201400027065,15,7,14,5,5,41,269,2,6,1,3,BLOIS (ROUTE DE),47.778,1.076
201400027066,24,7,14,14,1,41,269,2,2,1,6,"., MAILLETTES (RUE DES)",47.81,1.065
201400027067,2,11,14,2,3,41,269,2,1,1,7,"., BLOIS (ROUTE DE)",47.779,1.076
201400027068,3,11,14,18,5,41,269,2,1,2,3,"06, MOULIN (AV JEAN) (SE",47.807,1.064
201400027069,12,11,14,19,5,41,158,2,3,1,3,VIEUX PUITS (RUE DU),47.788,1.036
201400027070,18,12,14,9,1,41,269,2,3,2,3,"25, FATON (RUE DU DOCTEU",47.794,1.072
201400027071,29,12,14,9,1,42,95,2,1,1,6,"1, BREUIL (PLACE DU)",45.38906,4.28745
201400027072,31,1,14,13,1,42,316,2,1,1,3,"1, JAURES (RUE JEAN)",45.39518,4.28089
201400027073,20,2,14,14,1,42,316,2,1,1,6,CD 3,45.39513,4.26319
201400027074,12,3,14,16,1,42,44,2,1,1,6,"1, ZOLA (RUE EMILE)",45.39732,4.32512
201400027075,2,5,14,5,5,42,316,2,1,2,1,CD 3,45.39197,4.27246
201400027076,2,5,14,12,1,42,99,2,1,1,1,CD 25,45.38811,4.26998
201400027077,13,5,14,2,5,42,316,2,1,2,6,"3, CD 3",45.39531,4.2631
201400027078,7,5,14,14,1,42,316,2,1,2,7,"2, PAIX (RUE DE LA)",45.40271,4.26051
201400027079,16,5,14,19,1,42,44,2,1,1,3,RD 88,45.3944,4.30589
201400027080,20,5,14,16,1,42,316,2,1,1,6,"1, BEAUMES (RUE DES)",45.40723,4.25962
201400027081,23,5,14,9,1,42,316,1,1,1,7,CD 3,45.402,4.25483
201400027082,23,5,14,11,1,42,183,2,1,1,7,"0, BLACHIER (RUE JEAN-PI",45.4052,4.35946
201400027083,30,5,14,6,5,42,44,1,1,1,6,"1, LANGEVIN (RUE PAUL)",45.39356,4.32167
201400027084,19,6,14,7,1,42,95,1,1,1,6,RD 500-1,45.38734,4.30016
201400027085,20,6,14,15,1,42,95,2,1,1,6,"75, CD 500",45.38654,4.29795
201400027086,27,6,14,19,1,42,44,2,1,1,3,"0, BERGOGNON (RUE DE)",45.39208,4.30867
201400027087,28,6,14,12,1,42,95,2,1,1,3,"1, ALCAZAR (RUE DE L')",45.39555,4.29194
201400027088,28,6,14,23,5,42,44,2,1,3,1,"1, DEMEURE (RUE FLEURY)",45.39555,4.32291
201400027089,5,7,14,17,1,42,95,2,1,1,6,CD 500,45.38855,4.29577
201400027090,14,7,14,19,1,42,316,2,1,1,3,CD 3,45.41017,4.21141
201400027091,30,7,14,22,5,42,183,2,1,1,3,RD  88,45.40492,4.37404
201400027092,21,8,14,17,1,42,44,1,1,1,1,LANGEVIN (RUE PAUL),45.39356,4.32161
201400027093,2,9,14,17,1,42,316,1,3,1,3,CD 25,45.40639,4.27119
201400027094,1,10,14,23,5,42,44,2,1,1,6,RD 10,45.40028,4.32196
201400027095,19,10,14,14,1,42,99,2,6,1,3,JOLIOT CURIE (RUE IRENE),45.38649,4.27265
201400027096,20,10,14,12,1,42,99,2,1,1,2,CD 25,45.38204,4.2729
201400027097,21,10,14,8,1,42,44,2,1,1,6,RD 88-2,45.39741,4.32744
201400027098,30,10,14,14,1,42,316,2,1,1,3,CD 25,45.40598,4.26773
201400027099,2,11,14,11,1,42,95,2,1,1,2,"1, PLOTTON (RUE ROBERT)",45.387,4.28948
201400027100,1,11,14,17,1,42,95,2,1,1,2,RD 88,45.38985,4.28795
201400027101,18,11,14,15,1,42,31,2,1,2,1,CD 3,45.40403,4.23475
201400027102,22,11,14,18,3,42,31,1,1,1,1,CD 3,45.40498,4.22961
201400027103,13,12,14,14,1,42,95,2,1,1,6,"16, ROCHEREAU (RUE DENFE",45.3911,4.29102
201400027104,30,1,14,17,5,42,186,2,1,9,6,"1, SEMARD PONT PIERRE",45.52484,4.60843
201400027105,5,2,14,17,2,42,186,2,1,1,4,"49, REPUBLIQUE DU N?1 AU",45.53094,4.61227
201400027106,28,2,14,7,1,42,123,2,3,1,1,"01, GANDIN PASSAGE",45.50983,4.58054
201400027107,15,2,14,19,5,42,186,2,1,2,7,JUIN AVENUE DU MARECHAL,45.53255,4.62834
201400027108,11,4,14,8,1,42,186,2,3,1,3,"63, DRIVON RUE CLAUDE",45.526,4.61095
201400027109,12,5,14,17,1,42,186,2,3,1,3,CHEMIN DEPARTEMENTAL 88,45.51926,4.59487
201400027110,8,5,14,16,1,42,259,1,1,1,1,"0, MUNAT ROUTE DU",45.5425,4.59512
201400027111,24,5,14,16,1,42,186,2,1,1,1,"181, D 6",45.53036,4.61215
201400027112,16,5,14,7,1,42,186,2,1,7,6,"47, EDOUARD VAILLANT RUE",45.52417,4.60674
201400027113,10,6,14,16,1,42,186,2,1,1,6,GAMBETTA COURS,45.52896,4.61917
201400027114,3,7,14,13,1,42,259,1,1,1,7,D 77,45.56838,4.58957
201400027115,6,7,14,19,1,42,53,2,1,2,1,"0, ETAINGS ROUTE DES",45.53603,4.64124
201400027116,3,7,14,13,1,42,186,2,3,1,3,"24, JUIN AVENUE DU MAREC",45.53365,4.63082
201400027117,12,7,14,10,1,42,103,2,1,8,6,"20, JAURES RUE JEAN",45.50529,4.5703
201400027118,2,8,14,22,5,42,186,2,6,9,2,SARDON ROND POINT,45.52008,4.59342
201400027119,22,8,14,13,1,42,186,2,1,1,2,"51, EDOUARD VAILLANT RUE",45.52397,4.60613
201400027120,30,8,14,4,5,42,225,2,1,1,6,"518, TAPIGNEUX ROUTE DE",45.53898,4.56792
201400027121,17,9,14,17,1,42,186,2,1,1,4,"49, REPUBLIQUE DU N?1 AU",45.53091,4.61226
201400027122,31,8,14,11,1,42,186,2,1,1,1,"17, MAI 1945 COURS DU 8",45.53006,4.62173
201400027123,6,10,14,17,1,42,123,2,1,1,6,"19, D 88",45.51509,4.58677