Num_Acc,jour,mois,an,hr,condition_eclairage,departement,commune,condition_agglomeration,intersection,condition_atmosphere,type_collision,adresse,lattitude,longitude
201400027124,7,11,14,13,1,42,186,2,1,2,6,"31, ROUX DU N?1 AU 31 RU",45.52952,4.61133
201400027125,29,10,14,16,1,42,186,2,1,7,6,"25, JUIN AVENUE DU MAREC",45.53131,4.62379
201400027126,13,11,14,9,1,42,103,2,1,1,2,"10, Jaur?s Rue Jean",45.50477,4.57002
201400027127,19,11,14,8,1,42,103,2,1,1,6,"1, CELLIEU ROUTE DE",45.50743,4.5671
201400027128,15,12,14,12,1,42,123,2,1,1,1,"21, GREZIEUX PLAINE DE",45.51665,4.59086
201400027129,21,11,14,16,1,42,225,1,1,1,1,"525, TAREVIEUX ROUTE DE",45.54162,4.55833
201400027130,9,1,14,23,5,42,187,2,3,1,3,"0, PARIS (AVENUE DE)",46.05055,4.06672
201400027131,10,1,14,17,2,42,187,2,3,1,3,"0, RHIN ET DANUBE (RUE)",46.06097,4.09121
201400027132,10,1,14,12,1,42,187,2,1,1,7,"5, THOMAS (RUE ALBERT)",46.04232,4.07331
201400027133,17,1,14,7,2,42,71,2,3,2,3,"0, LECLERC (QUAI DU GENE",46.03169,4.08235
201400027134,23,1,14,21,5,42,184,2,1,2,6,"31, CHEVIGNON LEGER (RUE",46.0525,4.05382
201400027135,25,1,14,17,2,42,170,1,1,2,4,"0, LE PALAIR (LIEU DIT)",46.04573,4.13187
201400027136,24,1,14,13,1,42,187,2,1,2,7,FUYANT (RUE DU),46.04541,4.05612
201400027137,29,1,14,17,3,42,170,1,3,1,3,"0, 17 (ROUTE DEPARTEMENT",46.05269,4.12847
201400027138,30,1,14,7,2,42,127,2,1,2,2,Route nationale 7,46.07653,4.03716
201400027139,2,2,14,19,5,42,187,2,3,1,2,"0, GIRAUD (RUE DU GENERA",46.03256,4.05984
201400027140,4,2,14,20,4,42,187,2,1,1,2,"0, BRISON (RUE)",46.03268,4.06832
201400027141,6,2,14,22,5,42,187,2,1,1,7,"10, BOURGOGNE (RUE DE)",46.03867,4.07796
201400027142,10,2,14,19,5,42,184,2,1,1,7,"0, OUCHES (  RT D')",46.02714,4.02621
201400027143,10,2,14,19,5,42,187,2,1,1,2,"0, PARIS (AVENUE DE)",46.05054,4.06653
201400027144,15,2,14,21,5,42,184,2,1,1,7,"0, SEMARD PIERRE (RUE)",46.05778,4.05048
201400027145,18,2,14,17,1,42,187,2,1,1,4,SEMARD (RUE PIERRE ),46.03837,4.06228
201400027146,20,2,14,12,1,42,184,2,1,1,3,"1254, FOCH MARECHAL (RUE",46.03984,4.0359
201400027147,21,2,14,14,1,42,187,2,1,1,3,"18, THOMAS (RUE ALBERT)",46.0436,4.07393
201400027148,22,2,14,18,5,42,187,2,1,1,7,"0, CENTRALE (AVENUE)",46.0671,4.0789
201400027149,26,2,14,20,5,42,187,2,3,1,1,"0, BARON DU MARAIS (BOUL",46.04576,4.07017
201400027150,28,2,14,12,1,42,184,2,1,2,2,GALLIENI JOSEPH (AVENUE),46.04447,4.05271
201400027151,8,3,14,23,5,42,187,2,2,1,3,"0, BLANQUI (BOULEVARD LO",46.02474,4.05789
201400027152,20,3,14,3,3,42,170,1,1,1,7,"0, EST (ROCADE)",46.03357,4.09938
201400027153,20,3,14,15,1,42,127,2,1,1,7,"2, CHARLES DE GAULLE(AV)",46.07837,4.06642
201400027154,20,3,14,17,1,42,187,2,1,1,6,"135, THOMAS (RUE ALBERT)",46.05048,4.07407
201400027155,21,3,14,15,1,42,187,2,1,2,2,"17, MULSANT (RUE)",46.03798,4.0605
201400027156,21,3,14,21,5,42,187,2,3,1,3,"0, MOULIN PAILLASSON (RU",46.03529,4.06343
201400027157,29,3,14,11,1,42,187,2,1,1,6,"14, PROMENADES POPULLE (",46.03674,4.06618
201400027158,29,3,14,15,1,42,187,2,1,1,7,"0, DESROCHE (RUE HENRI)",46.03127,4.04676
201400027159,29,3,14,17,1,42,187,2,1,1,6,"47, CONDORCET (RUE)",46.05834,4.09415
201400027160,30,3,14,15,1,42,71,2,3,1,3,"98, LIBERATION (AVENUE D",46.02728,4.08521
201400027161,1,4,14,15,1,42,187,2,3,1,1,"0, THOMAS (RUE ALBERT)",46.04764,4.07423
201400027162,2,4,14,17,1,42,187,2,1,1,6,"0, SEMARD (RUE PIERRE )",46.03882,4.06208
201400027163,6,4,14,14,1,42,71,2,1,1,6,"40, DE GAULLE (BOULEVARD",46.01318,4.0965
201400027164,8,4,14,21,5,42,187,2,1,1,7,"22, PROMENADES POPULLE(P",46.03558,4.06522
201400027165,9,4,14,12,1,42,184,2,1,1,2,"0, OUEST  (BD)",46.04784,4.05143
201400027166,10,4,14,10,1,42,71,2,1,1,6,"71, LIBERATION (AVENUE D",46.02774,4.08509
201400027167,12,4,14,18,1,42,184,2,2,1,3,"306, SAINT-ROMAIN (RUE D",46.04242,4.04899
201400027168,12,4,14,18,1,42,184,2,6,1,3,CANAUX (RUE DES),46.03989,4.05233
201400027169,16,4,14,17,1,42,187,2,1,1,7,"14, PUY (RUE JEAN)",46.03809,4.0689
201400027170,16,4,14,18,1,42,187,2,1,1,7,"63, JAURES (RUE JEAN)",46.03595,4.07057
201400027171,16,4,14,20,1,42,184,2,3,1,3,"0, DUBREUIL PIERRE (PASS",46.04855,4.04534
201400027172,17,4,14,17,1,42,184,2,1,1,6,"180, ADER CLEMENT (RUE)",46.06043,4.04575
201400027173,21,4,14,13,1,42,187,2,1,1,1,"0, MARNE (AVENUE DE LA )",46.05697,4.08317
201400027174,23,4,14,23,5,42,187,2,1,1,6,"0, MACE (RUE JEAN)",46.03821,4.07522
201400027175,30,4,14,16,1,42,187,2,1,1,7,"0, SEMARD (RUE PIERRE )",46.03876,4.06191
201400027176,2,5,14,18,1,42,187,2,3,2,3,"1, CLERMONT (RUE DE )",46.03118,4.06733
201400027177,2,5,14,18,1,42,187,2,1,1,6,"54, COMMELLE (ROUTE DE)",46.02079,4.08114
201400027178,8,5,14,16,1,42,187,2,1,1,7,"0, STEPHENSON (RUE)",46.04571,4.06151
201400027179,9,5,14,21,5,42,187,2,1,1,7,"0, OUEST (BOULEVARD)",46.05063,4.06677
201400027180,16,5,14,8,1,42,127,2,1,1,6,"0, FORT DE TROYON (RUE D",46.07081,4.07688
201400027181,18,5,14,18,1,42,127,2,3,1,3,"17, BRIENNON (RT DE)",46.05631,4.07315
201400027182,19,5,14,10,1,42,187,2,1,1,6,"0, PARIS (AVENUE DE)",46.04538,4.07024
201400027183,23,5,14,8,1,42,187,2,2,1,3,"0, GAMBETTA (AVENUE)",46.03939,4.06622
201400027184,24,5,14,10,1,42,71,2,3,1,6,"0, LIBERATION (AVENUE DE",46.02826,4.08464
201400027185,27,5,14,11,1,42,187,2,1,1,7,"36, CUGNOT (RUE NICOLAS)",46.04285,4.06219
201400027186,24,5,14,21,5,42,187,2,3,1,3,"0, CHARLIEU (RUE DE )",46.0533,4.0856
201400027187,29,5,14,19,1,42,71,2,3,1,3,"25, COMMELLE (ROUTE DE )",46.02184,4.08333
201400027188,2,6,14,18,1,42,184,2,6,1,7,"0, BRANLY (RUE)",46.06153,4.04805
201400027189,9,6,14,19,1,42,187,2,1,1,6,"14, CARNOT (AVENUE)",46.03945,4.06653
201400027190,11,6,14,15,1,42,187,2,1,1,1,"22, SEGUIN (RUE)",46.04399,4.06202
201400027191,11,6,14,18,1,42,170,2,1,1,7,"0, EST (ROCADE)",46.02121,4.10196
201400027192,12,6,14,19,1,42,127,2,1,3,7,"0, FONTAINE JEAN  (RUE D",46.06569,4.05915
201400027193,16,6,14,7,1,42,170,1,2,1,3,LE PERELLES (LIEU DIT),46.03384,4.11449
201400027194,16,6,14,12,1,42,184,2,6,1,3,"0, MICHEL LOUISE  (RUE)",46.05719,4.04602
201400027195,17,6,14,18,1,42,187,2,1,1,4,"424, AUGE (RUE JOANNY)",46.03602,4.05212
201400027196,20,6,14,9,1,42,71,2,2,1,7,"0, BELGES (BOULEVARD DES",46.02364,4.08767
201400027197,21,6,14,17,1,42,71,2,1,1,1,"31, LIBERATION (AVENUE D",46.03013,4.08347
201400027198,22,6,14,12,1,42,187,2,1,1,6,"2, MOULIN PAILLASSON (IM",46.03603,4.06379
201400027199,18,6,14,21,5,42,184,2,1,1,7,"0, OUEST  (BD)",46.04714,4.04864
201400027200,24,6,14,13,1,42,71,2,3,1,3,"0, BALMES (RUE DES )",46.0265,4.08241
201400027201,27,6,14,17,1,42,71,2,3,1,3,"0, LIBERATION (AVENUE DE",46.01453,4.09307
201400027202,25,6,14,21,1,42,187,2,1,1,4,"0, PROMENADES POPULLE (P",46.03666,4.06665
201400027203,30,6,14,9,1,42,187,2,1,1,2,"75, BARON DU MARAIS (BOU",46.043,4.06691
201400027204,2,7,14,10,1,42,170,2,1,1,7,"0, R.D 504",46.03713,4.12026
201400027205,2,7,14,17,1,42,170,1,1,1,3,"0, LES PLAINES (LIEU DIT",46.03156,4.10057
201400027206,2,7,14,19,1,42,184,2,2,7,3,"0, SAINT-ROMAIN (RUE DE)",46.04756,4.03713
201400027207,4,7,14,9,1,42,187,2,2,1,3,"0, CENTRALE (AVENUE)",46.06724,4.07538
201400027208,4,7,14,17,1,42,187,2,1,1,1,"0, VIES VIEILLES (RUE DE",46.03691,4.07711
201400027209,7,7,14,14,1,42,187,2,2,2,3,"0, MATEL (RUE DE )",46.049,4.08708
201400027210,9,7,14,8,1,42,187,2,1,2,6,"31, RAFFIN (RUE ALEXANDR",46.03395,4.06689
201400027211,15,7,14,16,1,42,187,2,1,1,2,"0, PROMENADES POPULLE(PO",46.03666,4.06432
201400027212,16,7,14,19,1,42,187,2,1,1,7,"0, CIMETIERE (BOULEVARD",46.04964,4.07042
201400027213,27,7,14,1,5,42,332,2,1,1,6,"28, COMMIERES (RUE DE )",46.02097,4.05396
201400027214,1,8,14,23,5,42,187,2,1,1,6,"87, SEMARD (RUE PIERRE )",46.04205,4.06041
201400027215,4,8,14,18,1,42,187,2,2,1,7,"0, RABELAIS (RUE FRANCOI",46.04071,4.05571
201400027216,5,8,14,10,1,42,187,2,2,1,3,"0, GONTHIER (RUE)",46.0392,4.05447
201400027217,7,8,14,13,1,42,71,2,1,1,2,"0, PARMENTIER (RUE ANTOI",46.02872,4.08837
201400027218,12,8,14,14,1,42,187,1,1,1,1,"0, EST (ROCADE)",46.04953,4.08552
201400027219,12,8,14,18,1,42,187,2,1,1,6,"1, SEMARD (RUE PIERRE )",46.03725,4.06381
201400027220,16,8,14,22,5,42,187,2,1,1,7,"33, COOPERATION (RUE DE",46.03016,4.06274
201400027221,21,8,14,14,1,42,184,2,3,1,3,"0, BLUM  LEON   (RUE)",46.04312,4.03246
201400027222,22,8,14,15,1,42,187,2,3,1,3,"0, FOURCAULD (QUAI  COMM",46.03884,4.08423
201400027223,26,8,14,11,1,42,170,1,1,1,1,"0, R.D 504",46.03699,4.12417
201400027224,28,8,14,9,1,42,71,2,3,1,3,"1, LIBERATION (AVENUE DE",46.03168,4.08258
201400027225,31,8,14,18,1,42,187,2,1,1,6,"0, BOURGOGNE (RUE DE)",46.03897,4.07768
201400027226,2,9,14,17,1,42,187,2,2,1,3,"0, ARRAS (BOULEVARD D')",46.06422,4.07443
201400027227,5,9,14,20,5,42,184,2,1,1,6,"0, RUE DU FUYANT",46.04472,4.05546
201400027228,7,9,14,19,1,42,187,2,2,1,3,"44, CUGNOT (RUE NICOLAS)",46.04373,4.06123
201400027229,10,9,14,16,1,42,187,2,1,1,2,"91, CLERMONT (RUE DE )",46.02784,4.06423
201400027230,15,9,14,17,1,42,187,2,2,1,3,"0, LIBERTE ( BOULEVARD D",46.04716,4.08359
201400027231,16,9,14,13,1,42,187,2,1,1,6,"94, CHARLIEU (RUE DE )",46.04696,4.08186
201400027232,25,9,14,8,2,42,184,2,6,2,7,"0, MICHEL LOUISE  (RUE)",46.04768,4.05133
201400027233,25,9,14,15,1,42,187,2,1,1,2,"0, CHARLIEU (RUE DE )",46.05972,4.08788
201400027234,26,9,14,16,1,42,187,2,1,1,6,"0, LIBERTE ( BOULEVARD D",46.04788,4.08249
201400027235,27,9,14,11,1,42,187,2,1,1,7,"0, CHARLIEU (RUE DE )",46.05574,4.08638
201400027236,6,10,14,22,5,42,187,2,2,2,3,"0, BELGIQUE (BOULEVARD D",46.04592,4.07453
201400027237,9,10,14,10,2,42,187,2,1,1,7,"78, MULSANT (RUE)",46.03856,4.05844
201400027238,11,10,14,20,5,42,184,2,1,1,7,"0, OUEST  (BD)",46.04565,4.05689
201400027239,12,10,14,12,1,42,184,2,1,3,7,"0, MICHEL LOUISE  (RUE)",46.04828,4.05166
201400027240,17,10,14,8,1,42,187,2,2,1,3,"0, POLYGONE (AVENUE DU )",46.05621,4.07805
201400027241,18,10,14,11,1,42,127,2,1,1,4,"116, Route nationale 7",46.07103,4.04648
201400027242,18,10,14,21,5,42,187,2,2,1,3,"0, HOCHE (RUE)",46.03001,4.07517
201400027243,18,10,14,12,1,42,187,2,4,1,6,"0, PASCAL (IMPASSE)",46.04249,4.05821
201400027244,20,10,14,11,1,42,187,2,2,1,3,"0, CIMETIERE (BOULEVARD",46.04845,4.06948
201400027245,21,10,14,17,1,42,187,2,2,1,3,"0, BARON DU MARAIS (BOUL",46.04353,4.06759
201400027246,27,10,14,13,1,42,184,2,1,1,2,"0, RONDET MICHEL (RUE)",46.05976,4.05152
201400027247,27,10,14,17,1,42,187,2,1,1,7,"0, MARECHAL JOFFRE (BOUL",46.05315,4.07394
201400027248,28,10,14,19,5,42,127,2,6,1,3,"0, CORNEILLE PIERRE (RUE",46.06299,4.06268
201400027249,29,10,14,15,1,42,71,2,6,1,7,"0, POTERIE (BOULEVARD DE",46.01911,4.0928
201400027250,29,10,14,17,5,42,187,2,2,1,3,"2, BENOIT (BOULEVARD CAM",46.04908,4.07399
201400027251,3,11,14,15,1,42,187,2,2,1,7,"0, CLEMENT (BOULEVARD JE",46.0402,4.08023
201400027252,4,11,14,18,5,42,184,1,1,3,7,"0, OUEST  (BD)",46.05315,4.06967
201400027253,8,11,14,13,1,42,184,2,2,1,3,"0, BLUM  LEON   (RUE)",46.04555,4.04038
201400027254,9,11,14,21,5,42,187,2,2,2,3,"0, PARIS (AVENUE DE)",46.04572,4.07021
201400027255,16,11,14,14,1,42,187,2,1,2,7,"0, AUGE (RUE JOANNY)",46.03989,4.05229
201400027256,20,11,14,14,1,42,187,2,2,1,3,"0, PERNETTY (RUE)",46.04078,4.05579
201400027257,21,11,14,7,1,42,187,2,1,1,7,"0, HOPITAL (RUE DE L')",46.04142,4.07765
201400027258,21,11,14,7,1,42,187,2,1,1,6,"0, JAURES (RUE JEAN)",46.03602,4.0707
201400027259,22,11,14,11,1,42,187,2,2,1,3,"0, PARIS (AVENUE DE)",46.05065,4.06661
201400027260,28,11,14,16,1,42,187,2,1,1,7,"25, DEPIERRE (RUE PIERRE",46.03134,4.0759
201400027261,30,11,14,5,5,42,187,2,1,3,6,"0, LOIRE (LEVEE DE LA )",46.03034,4.07761
201400027262,1,12,14,14,1,42,187,2,2,6,6,"0, DOURDEIN (RUE AUGUSTE",46.04048,4.05359
201400027263,3,12,14,8,1,42,187,2,1,2,3,"0, FOCH (RUE MARECHAL)",46.03925,4.04563
201400027264,6,12,14,17,5,42,187,2,1,2,6,"0, MACE (RUE JEAN)",46.03779,4.07531
201400027265,9,12,14,9,1,42,184,2,1,1,3,"145, FOCH MARECHAL (RUE)",46.03978,4.04986
201400027266,9,12,14,15,1,42,170,2,1,1,4,"0, LES PLAINES (LIEU DIT",46.0293,4.09511
201400027267,12,12,14,8,2,42,187,2,1,1,7,"0, RECLUS (RUE ELISEE)",46.0434,4.06826
201400027268,11,12,14,11,1,42,187,2,1,2,6,"61, JAURES (RUE JEAN)",46.03576,4.07151
201400027269,12,12,14,11,1,42,187,2,1,1,2,"0, LECLERC (QUAI DU GENE",46.03266,4.07946
201400027270,15,12,14,13,1,42,187,2,1,1,7,"0, FOLLEREAU (RUE RAOUL)",46.0324,4.07395
201400027271,18,12,14,8,5,42,187,2,2,3,3,"0, BRAVARD (RUE)",46.02745,4.06371
201400027272,18,12,14,11,1,42,127,2,1,1,2,"0, Route nationale 7",46.07982,4.03151
201400027273,22,12,14,15,1,42,184,1,1,1,6,"1007, DUBREUIL PIERRE (P",46.05248,4.04427
201400027274,25,12,14,1,5,42,71,2,2,1,3,"0, LIBERATION (AVENUE DE",46.02354,4.08753
201400027275,26,12,14,12,1,42,187,2,2,1,3,"0, SAINT-ALBAN (RUE DE )",46.03573,4.05217
201400027276,16,1,14,8,1,42,207,2,1,2,5,CRET D'OEILLET ROUTE DU,45.48735,4.52588
201400027277,10,1,14,13,1,42,207,2,1,1,3,"26, VARIZELLE ROUTE DE L",45.46351,4.49021
201400027278,13,1,14,18,5,42,207,2,1,2,3,"18, FONSALA BOULEVARD",45.47612,4.52903
201400027279,4,2,14,17,1,42,110,2,1,7,3,"12, MARIN  COURS",45.48666,4.54562
201400027280,11,2,14,9,1,42,207,2,1,1,6,"19, BROSSE DE LA",45.47535,4.51923
201400027281,13,2,14,14,1,42,207,2,1,1,6,"23, LIBERTE  PLACE DE LA",45.4739,4.50983
201400027282,14,2,14,15,1,42,110,2,1,1,6,"81, PASTEUR  AVENUE",45.4837,4.53552
201400027283,21,1,14,9,1,42,207,2,1,8,6,DAUPHINE COURS DU,45.47619,4.53439
201400027284,19,5,14,9,1,42,110,2,1,1,3,"12, PASTEUR  AVENUE",45.48657,4.54331
201400027285,16,6,14,20,1,42,207,2,1,1,1,"12, GAMBETTA RUE",45.4735,4.51116
201400027286,13,6,14,18,1,42,110,2,1,1,5,PASTEUR  AVENUE,45.48744,4.54534
201400027287,18,6,14,19,1,42,207,2,3,3,3,"10, ROYET DE LA BASTIE R",45.46369,4.50626
201400027288,26,6,14,11,1,42,207,2,1,1,6,"1, COIN ROUTE DU",45.47245,4.51779
201400027289,19,7,14,12,1,42,207,2,1,1,2,"13, SAINT ETIENNE ROUTE",45.46677,4.49863
201400027290,15,8,14,14,1,42,110,2,1,1,2,"27, PASTEUR  AVENUE",45.48644,4.54397
201400027291,3,9,14,8,1,42,207,2,1,1,3,"1, LIBERATION  AVENUE  D",45.47473,4.51171
201400027292,2,10,14,20,5,42,207,2,2,1,3,"17, RIVE QUAI DE LA",45.47912,4.51555
201400027293,8,10,14,17,1,42,207,1,1,1,1,"1, BOURDON LIEU DIT",45.49544,4.52478
201400027294,28,11,14,7,2,42,207,2,3,1,3,"1, SAINT ETIENNE RUE",45.47222,4.50688
201400027295,17,12,14,17,5,42,110,2,1,2,6,"34, PASTEUR  AVENUE",45.48378,4.53502
201400027296,3,1,14,20,3,42,223,1,1,2,6,C.D. N?15,45.44525,4.33984
201400027297,8,12,14,17,5,42,218,2,1,1,4,"ignor?, KRUMNOW FREDO (B",45.43962,4.37865
201400027298,7,1,14,11,1,42,189,2,1,1,6,"ignor?, LECLERC MARECHAL",45.43116,4.33215
201400027299,7,1,14,18,5,42,218,2,2,1,1,"27, PUPIER JOSEPH",45.41563,4.39503
201400027300,9,1,14,12,1,42,218,2,1,1,6,"SANS, LOUGANSK (DE)",45.42205,4.41388
201400027301,16,12,14,7,5,42,218,2,3,1,6,"sans, PICASSO (PABLO)",45.44982,4.3888
201400027302,11,1,14,13,1,42,218,2,3,1,6,"56, ONZE NOVEMBRE A PART",45.42559,4.3912
201400027303,14,1,14,23,5,42,218,2,2,1,6,"101, VALBENOITE (BD) JUS",45.424,4.39748
201400027304,14,1,14,17,5,42,218,2,1,2,6,"17, VISITATION (DE LA)",45.44906,4.37969
201400027305,16,1,14,8,1,42,218,2,1,1,6,"17, LAMARTINE",45.44855,4.38104
201400027306,22,1,14,18,5,42,218,2,3,2,6,THIERS (BOULEVARD),45.45365,4.38822
201400027307,23,1,14,7,3,42,218,2,3,1,3,TOUR (DE LA),45.47615,4.38809
201400027308,23,1,14,9,1,42,218,2,2,1,3,"ignor?, ACIERIES (DES)",45.45359,4.39071
201400027309,26,1,14,13,1,42,218,2,3,1,6,"28, BRIAND ET DE LA PAIX",45.43895,4.38286
201400027310,30,1,14,18,5,42,218,2,1,3,6,"33, ROCHETAILLEE (AVENUE",45.41849,4.39982
201400027311,31,1,14,7,2,42,218,2,3,8,6,"102, CHAVASSIEUX A PARTI",45.44974,4.36479
201400027312,1,2,14,11,1,42,305,2,1,1,6,LECLERC Général,45.48233,4.43131
201400027313,2,2,14,8,1,42,218,2,2,1,3,"ignor?, FOUGEROLLE",45.43229,4.39271
201400027314,6,2,14,2,5,42,218,2,6,1,6,BASTIN MARCEL (ROND POIN,45.4488,4.39375
201400027315,6,2,14,8,1,42,305,1,3,1,3,"ignor?, CD 498",45.48118,4.43479
201400027316,11,2,14,10,1,42,223,2,1,1,6,"29, REPUBLIQUE",45.44434,4.33762
201400027317,10,2,14,15,1,42,218,2,3,1,6,"01, COLARD CAMILLE",45.43775,4.38752
201400027318,20,2,14,15,1,42,218,2,2,8,3,"27, POURCEL ALEXANDRE A",45.42388,4.39611
201400027319,20,2,14,16,1,42,218,2,1,8,5,"FACE 72, JANIN JULES (BD",45.44498,4.3978
201400027320,21,2,14,12,1,42,218,2,1,1,6,"16, MICHELON DOCTEUR PAU",45.42461,4.42283
201400027321,23,2,14,7,2,42,218,2,1,1,6,"IGNORE, TILLEULS (DES)",45.44634,4.38004
201400027322,23,2,14,11,1,42,218,1,1,1,6,"ignor?, ROSERAIE (ROND P",45.4327,4.29423
201400027323,23,2,14,16,1,42,218,2,3,1,3,"138, BERGSON A PARTIR N?",45.46336,4.38039
201400027324,24,2,14,16,1,42,218,2,2,1,3,DE GAULLE CHARLES,45.44325,4.386
201400027325,20,2,14,16,1,42,189,1,1,1,1,"IGNORE, BRIQUETTERIE",45.42104,4.32341
201400027326,25,2,14,9,1,42,218,2,1,1,6,"1, DORNE MARIE JOSEPH",45.42248,4.39806
201400027327,27,2,14,15,1,42,218,2,9,3,6,"88, ONZE NOVEMBRE A PART",45.42339,4.3917
201400027328,1,3,14,18,1,42,218,2,1,1,6,"45, DE GAULLE CHARLES",45.44564,4.38535
201400027329,1,3,14,20,5,42,218,2,2,1,2,"ignor?, ONZE NOVEMBRE A",45.42647,4.39074
201400027330,7,3,14,17,1,42,218,2,2,1,3,"15, ARCOLE A PARTIR DES",45.44016,4.38257
201400027331,9,3,14,5,3,42,223,1,1,1,6,ROCADE OUEST,45.44291,4.34226
201400027332,24,3,14,8,1,42,218,2,3,1,6,"56, MONTAT (DE LA) JUSQU",45.44118,4.40469
201400027333,24,3,14,17,1,42,218,2,1,1,6,"58, VERGNETTE S/LT JOSEP",45.4251,4.38402
201400027334,3,4,14,17,1,42,218,2,2,8,3,"67, TERRENOIRE (DE) A PA",45.43424,4.41728
201400027335,4,4,14,14,1,42,218,2,3,1,3,"ignor?, BRULE JUSQU'AUX",45.4286,4.37282
201400027336,8,4,14,13,1,42,218,2,2,1,3,ALLIES JUSQU'AUX N? 115-,45.43904,4.40512
201400027337,14,4,14,17,1,42,218,2,1,1,6,"7, FLOQUET CHARLES",45.44287,4.37181
201400027338,14,4,14,19,1,42,218,2,1,1,6,"07, MORISOT BERTHE",45.42535,4.41533
201400027339,15,4,14,19,1,42,218,2,1,1,6,"32, CHARCOT DOCTEURS JUS",45.42116,4.39228
201400027340,15,4,14,19,1,42,330,2,3,1,1,"09, MICHARD",45.47174,4.3609
201400027341,16,4,14,12,1,42,305,2,1,1,6,"50, HUGO VICTOR",45.48211,4.43751
201400027342,16,4,14,7,1,42,218,2,1,1,6,"3, BORIE",45.4501,4.38393
201400027343,16,4,14,17,1,42,218,2,1,1,2,"face au 27, MIMARD ETIEN",45.43879,4.39693
201400027344,16,4,14,19,1,42,218,2,1,1,6,"01, DESTRE DOCTEUR LOUIS",45.43677,4.43728
201400027345,25,4,14,17,1,42,305,2,1,1,6,"02, ECUREUILS (SENTIER)",45.48676,4.4286
201400027346,28,4,14,10,1,42,218,2,2,1,6,"ignor?, CROIX COURETTE",45.43557,4.39345
201400027347,29,4,14,17,1,42,218,2,1,1,6,"10, HOTEL DE VILLE (PLAC",45.43854,4.38738
201400027348,12,5,14,5,5,42,218,2,1,1,6,"144, EVRARD FLORENT A PA",45.41555,4.37508
201400027349,29,4,14,15,1,42,218,2,1,1,6,"19, ROBESPIERRE",45.41362,4.39626
201400027350,30,4,14,18,1,42,218,2,2,1,1,"17, LAVOISIER",45.44649,4.38977
201400027351,1,5,14,11,1,42,189,1,1,1,6,"53, BRAILLE LOUIS (BOULE",45.41486,4.30481
201400027352,5,5,14,17,1,42,218,1,1,1,3,"sans, LE BERLAND (LIEU D",45.43404,4.29535
201400027353,13,5,14,10,1,42,218,2,1,1,6,"ignor?, MENDES FRANCE PI",45.43711,4.37881
201400027354,18,5,14,13,1,42,189,2,1,1,2,"15, GAMBETTA",45.43321,4.32464
201400027355,19,5,14,14,1,42,218,2,1,1,2,"03, FAURIAT (BOULEVARD)",45.44956,4.40272
201400027356,19,5,14,18,1,42,218,2,1,1,6,"01, FAURIAT (BOULEVARD)",45.44951,4.4027
201400027357,24,5,14,9,1,42,218,2,1,1,3,"12, BADOUILLERE JUSQU'AU",45.43212,4.39117
201400027358,27,5,14,7,1,42,218,2,1,2,6,"42, GAUTHIER DUMONT A PA",45.43532,4.41847
201400027359,27,5,14,15,1,42,218,2,1,1,6,GRIGNARD VICTOR,45.46262,4.39769
201400027360,27,5,14,18,1,42,218,2,1,1,6,"35, FOURNEYRON (PLACE)",45.43964,4.39654
201400027361,27,5,14,16,1,42,218,2,1,1,6,"42, PERI GABRIEL A PARTI",45.41124,4.38564
201400027362,30,5,14,18,1,42,218,2,3,1,6,"09, RONDET MICHEL JUSQU'",45.43819,4.38613
201400027363,1,6,14,4,5,42,218,2,1,1,6,"65, DESTRE DOCTEUR LOUIS",45.44144,4.43531
201400027364,4,6,14,15,1,42,218,2,1,1,6,"6, THOMAS ALBERT (PLACE)",45.43243,4.38766
201400027365,7,6,14,11,1,42,218,2,3,1,3,"19, MIMARD ETIENNE JUSQU",45.43811,4.39603
201400027366,6,6,14,8,1,42,275,2,1,1,6,"7, SALENGRO ROGER (SQUAR",45.46849,4.38142