Num_Acc,jour,mois,an,hr,condition_eclairage,departement,commune,condition_agglomeration,intersection,condition_atmosphere,type_collision,adresse,lattitude,longitude
201400027367,9,6,14,17,1,42,189,2,6,1,3,"ignor?, MARTYRS DE LA RE",45.43239,4.32233
201400027368,6,6,14,14,1,42,218,2,6,1,3,"62, NORMANDIE NIEMEN A P",45.43673,4.41342
201400027369,11,6,14,19,1,42,218,2,1,1,6,"16, BALAY JUSQU'AUX N? 5",45.4431,4.38687
201400027370,12,6,14,14,1,42,330,1,1,1,6,"IGNORE, C.C. VILLARS",45.47803,4.34699
201400027371,15,6,14,7,1,42,218,2,2,1,3,"78, ONZE NOVEMBRE A PART",45.42421,4.39138
201400027372,16,6,14,7,1,42,305,2,1,1,6,"10, HUGO VICTOR",45.47979,4.43154
201400027373,19,6,14,20,1,42,218,2,1,1,6,"81, MONTAT (DE LA) JUSQU",45.44194,4.40775
201400027374,19,6,14,13,1,42,218,2,2,1,6,CHOLAT CHARLES,45.46609,4.39888
201400027375,21,6,14,10,1,42,218,2,3,1,2,"72, MARENGO A PARTIR N?",45.44811,4.38335
201400027376,21,6,14,22,5,42,218,2,1,1,6,"13, APPRENTISSAGE",45.4344,4.37824
201400027377,23,6,14,10,1,42,218,2,1,1,6,"4, JACQUARD (PLACE)",45.4418,4.38261
201400027378,23,6,14,20,1,42,218,2,4,1,6,RONIN PAUL,45.43591,4.41578
201400027379,25,6,14,19,1,42,218,2,3,1,3,"sans, HAVEURS (DES)",45.42392,4.37508
201400027380,27,6,14,7,1,42,218,2,1,1,3,"49, TERRENOIRE (DE) A PA",45.43327,4.4158
201400027381,26,6,14,14,1,42,218,2,1,1,1,"01, J. B. OGIER",45.43529,4.43095
201400027382,27,6,14,20,1,42,237,2,1,1,6,"2, BETHANIE (SOEUR MARIE",45.44745,4.43686
201400027383,1,7,14,3,5,42,218,2,1,1,7,VOYTIER FRANCISQUE,45.42334,4.40383
201400027384,4,7,14,18,1,42,218,1,1,3,1,R.D. N?25,45.41595,4.30055
201400027385,15,7,14,12,1,42,218,2,1,8,6,"8, ROCHETAILLEE (AVENUE)",45.42077,4.398
201400027386,16,7,14,18,1,42,218,2,1,1,4,"5, VALBENOITE (BD) JUSQU",45.42952,4.39474
201400027387,17,7,14,18,1,42,218,2,1,1,2,"47, ROCHETAILLEE (AV",45.41757,4.4004
201400027388,21,7,14,9,1,42,218,2,1,3,6,PARE AMBROISE A PARTIR N,45.413,4.39243
201400027389,22,7,14,22,5,42,218,2,1,1,6,"36, BEAUBRUN",45.43363,4.38187
201400027390,25,7,14,16,1,42,218,2,1,3,6,"32, MICHELET A PARTIR N?",45.43471,4.3896
201400027391,1,8,14,21,3,42,218,2,1,3,3,"10, PARE AMBROISE JUSQU'",45.41144,4.38983
201400027392,15,8,14,9,1,42,218,2,1,1,7,"20, CHAVASSIEUX JUSQU'AU",45.44602,4.36793
201400027393,23,8,14,5,5,42,218,2,2,1,3,"IGNORE, PARMENTIER A PAR",45.41439,4.40083
201400027394,23,8,14,13,1,42,305,2,2,1,3,"ignor?, HUGO VICTOR",45.48232,4.43815
201400027395,23,8,14,18,1,42,218,2,2,1,3,"IGNORE, POURCEL ALEXANDR",45.42393,4.39615
201400027396,28,8,14,20,2,42,218,2,1,1,7,"15, CHARCOT DOCTEURS JUS",45.42235,4.39223
201400027397,6,9,14,11,1,42,330,2,1,1,6,"29, THIERS",45.46609,4.36948
201400027398,8,9,14,1,5,42,218,2,1,1,6,"38, ALLIES JUSQU'AUX N?",45.43979,4.40169
201400027399,8,9,14,15,1,42,218,2,1,3,6,"130, MONTAT (DE LA) A PA",45.44383,4.41629
201400027400,11,9,14,11,1,42,218,2,1,1,3,"7, ODDE CLAUDE",45.45953,4.38506
201400027401,14,9,14,20,4,42,218,2,6,1,2,ROOSEVELT FRANKLIN (SQUA,45.421,4.41083
201400027402,15,9,14,19,1,42,218,2,1,3,2,"22 bis, JANIN JULES (BD)",45.44784,4.38796
201400027403,15,9,14,8,1,42,218,1,1,1,5,CONDAMINE (LIEU DIT),45.44849,4.28264
201400027404,16,9,14,21,5,42,218,2,1,1,3,LATTRE DE TASSIGNY MARCH,45.44065,4.36953
201400027405,18,9,14,11,1,42,218,2,1,1,6,"29, SAINT JEAN",45.43745,4.39033
201400027406,19,9,14,22,5,42,218,2,2,1,3,ALLARD MARCELLIN,45.4367,4.39256
201400027407,16,9,14,16,1,42,218,2,1,1,6,"02, BARROUIN JUSQU'AUX N",45.45391,4.38359
201400027408,23,9,14,23,5,42,218,2,3,1,6,"01, HOTEL DE VILLE (PLAC",45.43967,4.38779
201400027409,23,9,14,21,5,42,218,2,1,1,6,"01, CHARCOT DOCTEURS JUS",45.42312,4.39193
201400027410,26,9,14,16,1,42,237,1,1,1,6,BONNEFONDS LA SOURCE (LI,45.45298,4.44744
201400027411,26,9,14,18,1,42,218,2,1,1,6,"133, MONTAT (DE LA) A PA",45.44395,4.41579
201400027412,29,9,14,8,1,42,223,2,1,3,2,BOIS (ALLEE DU),45.45272,4.33063
201400027413,29,9,14,11,1,42,218,2,2,1,3,"ignore, BUFFON",45.41619,4.39071
201400027414,2,10,14,5,5,42,218,2,2,1,3,"54, MONTAT (DE LA) JUSQU",45.44127,4.40476
201400027415,26,9,14,16,1,42,218,2,1,1,3,"99 BIS, FAURIEL (COURS)",45.42292,4.4093
201400027416,3,10,14,10,1,42,218,2,1,1,6,"1, FAURIEL (COURS)",45.43155,4.39559
201400027417,4,10,14,11,1,42,218,2,3,1,3,DE LATTRE DE TASSIGNY MA,45.44108,4.36966
201400027418,3,10,14,15,1,42,223,2,1,1,3,"9, REPUBLIQUE",45.44589,4.33669
201400027419,3,10,14,17,1,42,330,2,1,1,6,"sans, THIERS",45.46878,4.36559
201400027420,7,10,14,15,1,42,218,2,2,1,3,"IGNORE, THIERRY AUGUSTIN",45.44683,4.38375
201400027421,7,10,14,20,2,42,218,2,1,1,6,"16, CHAIZE NICOLAS JUSQU",45.41823,4.3961
201400027422,13,10,14,18,1,42,218,2,2,2,6,", MONTGOLFIER",45.44689,4.38638
201400027423,11,10,14,13,1,42,275,2,8,1,6,"SANS, MENDES FRANCE PIER",45.47412,4.36796
201400027424,13,10,14,9,1,42,218,2,2,1,3,MADAGASCAR,45.42562,4.42119
201400027425,24,10,14,3,5,42,218,2,1,1,7,"22, REVOLLIER J-FRANCOIS",45.45552,4.37709
201400027426,24,10,14,17,1,42,218,2,3,1,3,"IGNORE, PARC (DU)",45.40977,4.44621
201400027427,25,10,14,7,2,42,218,2,1,1,3,"7, MARX KARL (BOULEVARD)",45.42597,4.41394
201400027428,25,10,14,17,1,42,218,1,1,1,6,La Barbanche,45.38949,4.4784
201400027429,26,10,14,4,5,42,218,2,1,1,6,"07, SAINT JOSEPH JUSQU'A",45.44194,4.37713
201400027430,26,10,14,19,5,42,218,2,3,1,3,"IGNORE, TULIPES (DES)",45.46894,4.39408
201400027431,27,10,14,18,5,42,218,2,1,1,3,"ignor?, TALAUDIERE (DE L",45.45605,4.4143
201400027432,30,10,14,7,1,42,305,2,1,1,3,"ignor?, HUGO VICTOR",45.48231,4.43815
201400027433,31,10,14,10,1,42,218,2,1,1,4,"139, PERI GABRIEL A PART",45.40711,4.38012
201400027434,31,10,14,17,1,42,218,2,2,1,3,"ignor?, MOLINA (DE)",45.46609,4.39888
201400027435,7,11,14,13,1,42,218,2,1,1,6,"ignor?, CANCET ROBERT",45.43838,4.40202
201400027436,7,11,14,18,2,42,330,1,1,1,4,ROCADE OUEST,45.47474,4.34561
201400027437,11,11,14,18,5,42,218,2,1,1,6,"IGNORE, MENDES FRANCE PI",45.43737,4.37875
201400027438,13,11,14,1,5,42,275,2,1,1,6,"8 BIS, REPUBLIQUE",45.46948,4.37828
201400027439,13,11,14,8,1,42,218,2,8,1,6,"1, CHARCOT DOCTEURS JUSQ",45.423,4.39179
201400027440,15,11,14,21,4,42,218,2,1,1,6,"99, SAINT SIMON",45.4524,4.3659
201400027441,26,11,14,18,3,42,189,1,1,1,2,ROCADE OUEST,45.42798,4.35448
201400027442,27,11,14,8,1,42,218,2,1,1,3,TROIS GLORIEUSES (DES),45.46782,4.38349
201400027443,27,11,14,10,1,42,218,2,2,1,3,"ignor?, FRAISSINETTE ALE",45.42512,4.4206
201400027444,3,12,14,18,5,42,218,2,1,1,6,"ignor?, ONZE NOVEMBRE A",45.43028,4.38966
201400027445,3,12,14,18,5,42,218,2,1,2,4,"32 A, ROCHETAILLEE (AVEN",45.41822,4.39994
201400027446,8,12,14,15,1,42,218,2,2,2,3,"ignor?, VERNEY CARRON CL",45.46369,4.38176
201400027447,8,12,14,7,2,42,218,2,1,2,6,"40, MIMARD ETIENNE A PAR",45.43923,4.39759
201400027448,12,12,14,17,5,42,218,2,1,1,6,"ignor?, THIERS (BOULEVAR",45.45033,4.39001
201400027449,14,12,14,17,1,42,237,2,1,1,1,ONZE NOVEMBRE (PLACE DU),45.45233,4.44736
201400027450,12,12,14,17,5,42,189,2,1,1,6,"14, MARECHAL LECLERC (BO",45.43263,4.32694
201400027451,11,12,14,17,2,42,218,2,2,1,1,"ignor?, ACIERIES (DES)",45.45359,4.39071
201400027452,17,12,14,17,1,42,218,2,1,1,5,"IGNORE, BERGSON A PARTIR",45.4563,4.38254
201400027453,27,12,14,10,1,42,330,1,1,1,6,"ignor?, ROCADE OUEST",45.47954,4.34818
201400027454,28,12,14,5,5,42,218,2,2,4,6,"02, AMOUROUX JUSQU'AUX N",45.41378,4.39604
201400027455,13,1,14,17,5,43,251,2,1,2,6,R ST BENOIT/R CH MASSOT,0.0,0.0
201400027456,16,1,14,8,1,43,157,2,1,2,6,15 RTE DE MONTREDON,0.0,0.0
201400027457,27,1,14,23,5,43,157,2,2,1,3,VAL-VERT (AVENUE DU),0.0,0.0
201400027458,7,2,14,13,1,43,157,2,1,1,4,"19, BELGES (AV. DES)",45.0472,3.89622
201400027459,3,2,14,11,1,43,89,2,3,1,2,1 AV D'AIGUILHE,45.0515,3.86994
201400027460,7,2,14,19,5,43,41,2,6,1,3,RDPT CORSAC,45.0496,3.91375
201400027461,19,3,14,12,1,43,89,1,1,1,1,D 590,45.0582,3.83945
201400027462,14,4,14,8,1,43,157,2,1,1,6,13 AV ANDR? SOULIER,0.0,0.0
201400027463,11,4,14,12,1,43,157,2,1,1,6,AV DU G?N?RAL DE GAULLE,0.0,0.0
201400027464,13,5,14,14,1,43,157,1,3,2,3,CARF DE MONTREDON,45.0556,3.90274
201400027465,21,5,14,13,1,43,157,2,3,1,3,BD GAMBETTA,45.0447,3.87826
201400027466,3,6,14,18,1,43,41,2,1,1,6,70 AV CHARLES DUPUY,45.0524,3.91131
201400027467,5,6,14,16,1,43,157,2,1,1,6,AV DU MAR?CHAL JOFFRE,45.0312,3.88541
201400027468,10,6,14,17,1,43,41,1,3,1,3,,45.0499,3.91668
201400027469,10,6,14,20,1,43,157,2,1,1,6,30 AV FOCH,45.0399,3.88824
201400027470,8,6,14,20,1,43,157,2,2,1,3,,0.0,0.0
201400027471,11,6,14,20,1,43,157,2,1,1,6,COT DE TIREBOEUF,45.05,3.90307
201400027472,12,6,14,10,1,43,41,2,6,1,3,RDPT DE LA CHARTREUSE,45.0552,3.90904
201400027473,20,6,14,17,1,43,157,2,2,1,3,BD DE CLUNY,45.048,3.89334
201400027474,26,6,14,11,1,43,45,1,1,1,6,AV DE LA BERNARDE,45.0572,3.83112
201400027475,13,7,14,14,1,43,157,2,1,1,6,35 BD SAINT LOUIS,45.0428,3.88038
201400027476,17,7,14,1,5,43,251,2,1,1,6,AV DE VALS,45.0299,3.8759
201400027477,6,8,14,16,1,43,89,1,3,1,3,RTE DE SAUGUES/CHM DE CO,45.0356,3.86515
201400027478,16,8,14,13,1,43,157,1,1,1,1,RN 88 GORGES DU LION,45.0158,3.88291
201400027479,29,8,14,12,1,43,157,1,1,1,6,88 (ROUTE NATIONALE),45.0193,3.88647
201400027480,2,9,14,20,2,43,157,2,1,1,3,"53, BD ST-LOUIS",45.0439,3.88014
201400027481,13,9,14,16,1,43,157,2,1,1,6,"18, GAZELLE (RUE DE LA)",0.0,0.0
201400027482,17,9,14,14,1,43,251,2,1,1,6,"61, AV DE VALS",45.0319,3.87828
201400027483,16,9,14,18,2,43,157,2,1,1,6,49 BIS BD SAINT LOUIS,45.0446,3.87998
201400027484,21,9,14,18,5,43,157,2,1,1,1,5 RUE DE COMPOSTELLE,0.0,0.0
201400027485,7,9,14,16,1,43,46,2,3,1,3,PONT LAFAYETTE,45.056,3.90059
201400027486,30,9,14,10,1,43,157,2,1,1,6,RUE PIERRET,0.0,0.0
201400027487,7,10,14,7,2,43,157,2,1,1,3,RTE DE MONTREDON,0.0,0.0
201400027488,9,10,14,22,5,43,46,2,1,3,1,16 MONTEE DE CHADRAC,0.0,0.0
201400027489,11,10,14,17,1,43,251,2,1,1,3,"16, MASSOT (RUE CHARLES)",0.0,0.0
201400027490,20,10,14,11,1,43,41,2,9,1,6,AV DE COUBON,45.043,3.92798
201400027491,31,10,14,10,1,43,157,2,1,1,6,RUE SIMONE WEIL,0.0,0.0
201400027492,30,10,14,13,1,43,157,2,1,1,6,BD MAR?CHAL FAYOLLE,0.0,0.0
201400027493,7,11,14,16,1,43,41,2,1,1,6,RUE DE LA TRANSCEVENOLE,0.0,0.0
201400027494,21,11,14,20,2,43,89,2,1,1,6,AV DE LA BERNARDE,45.0477,3.85557
201400027495,21,12,14,18,5,43,41,2,1,1,6,141 AV CHARLES DUPUY,45.0528,3.91089
201400027496,15,4,14,19,1,43,157,2,2,1,3,17 AV ST FLORY/AV MECHED,0.0,0.0
201400027497,12,2,14,17,1,44,55,2,1,1,7,"NS, NEYMAN ( AVENUE JEAN",0.0,0.0
201400027498,21,2,14,12,1,44,55,2,2,1,3,"NS, LILAS ( AVENUE DES )",0.0,0.0
201400027499,22,2,14,18,1,44,55,2,1,1,7,"NS, CAILLAUD ( BOULEVARD",0.0,0.0
201400027500,23,2,14,0,5,44,55,2,6,1,7,"NS, PALMIERS ( PLACE DES",0.0,0.0
201400027501,7,3,14,8,1,44,55,1,1,1,7,RD 213,0.0,0.0
201400027502,12,3,14,8,1,44,135,2,3,1,6,"NS, OC?AN ( AVENUE DE L'",0.0,0.0
201400027503,17,3,14,19,5,44,55,2,3,1,3,"18, DUBOIS ( BOULEVARD D",0.0,0.0
201400027504,26,3,14,15,1,44,135,2,3,1,3,"NS, DE GAULLE ( BOULEVAR",0.0,0.0
201400027505,30,3,14,13,1,44,132,2,1,1,6,"140, OCEANIDES (BOULEVAR",0.0,0.0
201400027506,4,4,14,17,1,44,55,2,1,7,6,"71, OCEAN ( BOULEVARD DE",0.0,0.0
201400027507,8,4,14,14,1,44,132,2,6,1,3,OCEANIDES (BD),0.0,0.0
201400027508,9,4,14,16,1,44,55,2,1,1,1,"NS, LILAS ( AVENUE DES )",0.0,0.0
201400027509,12,4,14,12,1,44,55,1,1,1,2,"NS, RD 213",0.0,0.0
201400027510,15,4,14,19,1,44,55,2,3,1,3,"NS, MOULINS DE ROCHEFORT",0.0,0.0
201400027511,16,4,14,14,1,44,55,2,1,1,3,"48, NO?LLES ( AVENUE DES",0.0,0.0
201400027512,17,4,14,0,5,44,132,2,1,1,7,"119, GAULLE (AVENUE DU G",0.0,0.0
201400027513,18,4,14,17,1,44,55,2,1,1,4,"265, LATTRE DE TASSIGNY",0.0,0.0
201400027514,20,4,14,17,1,44,55,1,1,1,7,D 213,0.0,0.0
201400027515,20,4,14,22,5,44,55,2,1,1,6,"55, M?SOR? ( CHEMIN DE )",0.0,0.0
201400027516,23,4,14,16,1,44,132,2,1,2,7,"52, OCEANIDES (BOULEVARD",0.0,0.0
201400027517,30,4,14,9,1,44,55,2,6,1,3,"NS, OC?AN ( BOULEVARD DE",0.0,0.0
201400027518,30,4,14,12,1,44,55,2,2,1,3,"NS, R?GALES ( AVENUE DES",0.0,0.0
201400027519,4,5,14,14,1,44,55,2,2,1,1,"NS, ETOILE ( AVENUE DE L",0.0,0.0
201400027520,6,5,14,22,5,44,55,2,1,1,6,"NS, DUBOIS ( BOULEVARD D",0.0,0.0
201400027521,8,5,14,20,1,44,55,2,3,2,3,"NS, CAILLAUD ( BOULEVARD",0.0,0.0
201400027522,27,5,14,8,1,44,132,1,1,1,1,"NS, D 392",0.0,0.0
201400027523,28,5,14,18,1,44,132,2,1,1,2,"5, SAINT SEBASTIEN (AVEN",0.0,0.0
201400027524,30,5,14,12,1,44,55,2,1,1,2,"4, DARLU ( BOULEVARD )",0.0,0.0
201400027525,31,5,14,2,5,44,55,2,1,1,6,LOCMARIAQUER ( AVENUE DE,0.0,0.0
201400027526,1,6,14,2,5,44,132,2,1,1,7,"151, GAULLE (AVENUE DU G",0.0,0.0
201400027527,23,6,14,7,1,44,55,2,6,1,6,"NS, OC?AN ( BOULEVARD DE",0.0,0.0
201400027528,27,6,14,16,1,44,132,2,1,1,6,"54, OCEANIDES (BOULEVARD",0.0,0.0
201400027529,29,6,14,0,5,44,55,2,2,1,3,"NS, PIERRE PERC?E ( AVEN",0.0,0.0
201400027530,4,7,14,7,1,44,55,1,1,1,7,"NS, RD 213",0.0,0.0
201400027531,10,7,14,14,1,44,55,2,6,1,3,"1, FONTAINES ( AVENUE DE",0.0,0.0
201400027532,11,7,14,13,1,44,55,2,9,1,2,"NS, LILAS ( AVENUE DES )",0.0,0.0
201400027533,13,7,14,8,1,44,55,2,1,2,2,"05, CHAMPSAVIN ( BOULEVA",0.0,0.0
201400027534,13,7,14,11,1,44,132,2,1,1,2,"NS, FLAMMARION (AVENUE C",0.0,0.0
201400027535,14,7,14,17,1,44,55,2,1,1,2,MERMOZ ( AVENUE JEAN ),0.0,0.0
201400027536,19,7,14,16,1,44,55,2,2,1,3,"37, ONDINES ( AVENUE DES",0.0,0.0
201400027537,20,7,14,0,3,44,132,1,1,1,6,"NS, GUERANDE (ROUTE DE)",0.0,0.0
201400027538,25,7,14,0,3,44,55,1,1,1,6,"ns, RD 213",0.0,0.0
201400027539,26,7,14,11,1,44,135,2,6,1,3,"ns, OC?AN ( AVENUE DE L'",0.0,0.0
201400027540,27,7,14,3,5,44,55,2,6,1,6,"96, OC?AN ( BOULEVARD DE",0.0,0.0
201400027541,29,7,14,20,1,44,55,2,1,1,2,"17, OC?AN ( BOULEVARD DE",0.0,0.0
201400027542,3,8,14,18,1,44,55,2,1,1,3,"24, BARRIERE ( ESPLANADE",0.0,0.0
201400027543,19,8,14,1,5,44,135,2,6,1,7,GARE ( PLACE DE LA ),0.0,0.0
201400027544,4,9,14,14,1,44,55,2,1,1,7,"NS, OCEAN ( BOULEVARD DE",0.0,0.0
201400027545,7,9,14,10,1,44,55,2,1,1,2,"29, DARLU ( BOULEVARD )",0.0,0.0
201400027546,15,9,14,19,1,44,132,2,2,1,3,"9, MER (AVENUE DE LA)",0.0,0.0
201400027547,18,9,14,18,1,44,135,2,2,1,3,ATLANTIQUE ( BOULEVARD D,0.0,0.0
201400027548,19,9,14,18,1,44,55,2,2,1,1,"NS, LOIRE ( AVENUE DE LA",0.0,0.0
201400027549,19,9,14,14,1,44,55,2,1,1,6,"6, GERVOT ( AVENUE LOUIS",0.0,0.0
201400027550,19,9,14,20,5,44,55,2,1,1,3,"NS, CAILLAUD ( BOULEVARD",0.0,0.0
201400027551,28,9,14,14,1,44,55,2,1,1,7,"11, DARLU ( BOULEVARD )",0.0,0.0
201400027552,6,10,14,23,3,44,132,1,1,1,7,"NS, MAHUIT (ROUTE DE)",0.0,0.0
201400027553,21,10,14,17,1,44,55,2,1,1,3,"192, LATTRE DE TASSIGNY",0.0,0.0
201400027554,23,10,14,3,5,44,132,2,1,1,6,"30-34, VILLES BABIN (ROU",0.0,0.0
201400027555,26,10,14,3,5,44,55,2,1,1,7,"28, OC?AN ( BOULEVARD DE",0.0,0.0
201400027556,30,10,14,1,5,44,55,1,1,1,6,"10, BOUTROUX ( AVENUE JE",0.0,0.0
201400027557,30,10,14,17,1,44,55,2,3,1,3,"NS, HENNECART ( BOULEVAR",0.0,0.0
201400027558,30,10,14,19,5,44,55,2,3,1,6,LATTRE DE TASSIGNY ( AVE,0.0,0.0
201400027559,1,11,14,12,1,44,132,1,3,1,3,"NS, MAHUIT (ROUTE DE)",0.0,0.0
201400027560,1,11,14,11,1,44,55,2,1,1,3,"ns, LATTRE DE TASSIGNY (",0.0,0.0
201400027561,2,11,14,12,1,44,55,2,9,8,6,"9, LOTI ( AVENUE PIERRE",0.0,0.0
201400027562,5,11,14,14,1,44,55,2,2,1,3,"251, LATTRE DE TASSIGNY",0.0,0.0
201400027563,4,12,14,19,5,44,55,2,3,1,3,"27, FORET ( BOULEVARD DE",0.0,0.0
201400027564,21,12,14,2,4,44,55,2,1,1,6,"44, CLEMENCEAU ( AVENUE",0.0,0.0
201400027565,21,12,14,18,5,44,55,2,9,1,3,"NS, BARRIERE ( ESPLANADE",0.0,0.0
201400027566,2,2,14,17,1,44,135,2,1,1,7,"59, GARE ( RUE DE LA )",0.0,0.0
201400027567,17,2,14,12,1,44,55,2,1,1,7,BOUTROUX ( AVENUE JEAN ),0.0,0.0
201400027568,4,2,14,4,3,44,55,1,1,4,7,RD 213,0.0,0.0
201400027569,18,2,14,15,1,44,132,2,6,7,6,"44, OCEANIDES (BOULEVARD",0.0,0.0
201400027570,5,2,14,4,3,44,55,1,1,3,6,RD 213,0.0,0.0
201400027571,1,3,14,14,1,44,132,2,6,1,6,"23, BAULOIS (AVENUE DU)",0.0,0.0
201400027572,6,1,14,21,5,44,109,2,1,1,6,PLACE VIARME,0.0,0.0
201400027573,6,1,14,21,5,44,109,2,1,1,6,"19, ROUTE DE RENNES",0.0,0.0
201400027574,7,1,14,14,1,44,109,2,1,1,3,"52, ROUTE DE LA CHAPELLE",0.0,0.0
201400027575,6,2,14,16,1,44,109,2,2,1,6,BOULEVARD DES BELGES,0.0,0.0
201400027576,9,1,14,12,1,44,109,2,1,1,3,BOULEVARD DU PETIT PORT,0.0,0.0
201400027577,9,1,14,20,5,44,109,2,1,1,7,"., BOULEVARD DU PETIT PO",0.0,0.0
201400027578,6,1,14,7,5,44,162,2,6,3,3,"., RUE DE SAINT NAZAIRE",0.0,0.0
201400027579,9,1,14,16,1,44,109,2,1,1,6,"31, RUE DE STRASBOURG",0.0,0.0
201400027580,11,1,14,6,5,44,109,2,1,1,7,RUE PITRE CHEVALIER,0.0,0.0
201400027581,8,1,14,8,5,44,172,2,1,9,3,PONT DE BELLEVUE,0.0,0.0
201400027582,13,1,14,18,2,44,109,2,1,9,6,BOULEVARD GENERAL DE GAU,0.0,0.0
201400027583,19,1,14,19,5,44,109,2,2,5,6,BOULEVARD DE LA LIBERTE,0.0,0.0
201400027584,20,1,14,20,5,44,109,2,1,1,6,"0, RUE DOCTEUR JULES SEB",0.0,0.0
201400027585,21,1,14,13,2,44,109,2,1,1,2,BOULEVARD JULES VERNE,0.0,0.0
201400027586,23,1,14,8,2,44,190,2,1,1,6,"55, AVENUE JEAN JAURES",0.0,0.0
201400027587,13,1,14,14,1,44,114,2,6,1,6,RUE ALFRED NOBEL,0.0,0.0
201400027588,14,1,14,12,1,44,162,1,2,1,3,AVENUE DE LA BARAUDIE,0.0,0.0
201400027589,1,2,14,11,1,44,114,2,1,1,6,"0, RUE HUBERT DE LA BROS",0.0,0.0
201400027590,1,2,14,18,1,44,109,2,1,1,2,"., RUE SAINT JACQUES",0.0,0.0
201400027591,8,2,14,9,1,44,109,2,1,1,6,"., BOULEVARD LEON JOUHAU",0.0,0.0
201400027592,9,2,14,2,5,44,109,2,1,1,2,"202, RUE PAUL BELLAMY",0.0,0.0
201400027593,8,2,14,21,5,44,109,2,1,1,3,COURS OLIVIER DE CLISSON,0.0,0.0
201400027594,10,2,14,17,1,44,109,2,1,1,2,"224, BOULEVARD ROBERT SC",0.0,0.0
201400027595,9,2,14,12,1,44,109,2,1,1,6,"0, PONT DE PONT ROUSSEAU",0.0,0.0
201400027596,9,2,14,14,1,44,114,1,1,8,3,75,0.0,0.0
201400027597,31,1,14,20,5,44,109,2,1,3,3,"00, ROUTE DE SAINT JOSEP",0.0,0.0
201400027598,9,2,14,20,3,44,20,1,1,1,6,PERIPHERIQUE SUD,0.0,0.0
201400027599,15,2,14,13,1,44,109,2,1,1,6,"19, LADMIRAULT (PL)",0.0,0.0
201400027600,14,2,14,11,1,44,190,2,1,1,6,ROUTE DE CLISSON,0.0,0.0
201400027601,17,2,14,8,2,44,162,2,1,1,6,"0, BOULEVARD SALVADOR AL",0.0,0.0
201400027602,17,2,14,16,1,44,143,2,1,9,6,"0, RUE GEORGES BOUTIN",0.0,0.0
201400027603,14,2,14,21,5,44,109,2,1,1,6,COURS DES 50 OTAGES,0.0,0.0
201400027604,18,2,14,8,1,44,109,2,1,1,6,"36, BOULEVARD VICTOR HUG",0.0,0.0
201400027605,21,2,14,8,1,44,47,1,1,1,5,PERIPHERIQUE ROUTIER,0.0,0.0
201400027606,21,2,14,16,1,44,109,2,1,1,6,"16, BOULEVARD ERNEST DAL",0.0,0.0
201400027607,22,2,14,1,5,44,190,2,1,2,6,"0, RUE MARIE CURIE",0.0,0.0
201400027608,23,2,14,7,3,44,162,2,1,1,3,ROUTE ARMOR,0.0,0.0
201400027609,23,2,14,7,1,44,114,2,1,1,7,PERIPHERIQUE ROUTIER,0.0,0.0
201400027610,21,2,14,9,1,44,114,1,1,9,2,"00, ROUTE DE VANNES",0.0,0.0
201400027611,25,2,14,20,5,44,109,2,4,1,6,"0, QUAI ERNEST RENAUD",0.0,0.0
201400027612,26,2,14,7,2,44,162,2,1,5,6,"123, QUAI EMILE CORMERAI",0.0,0.0
201400027613,16,2,14,7,2,44,162,2,1,5,6,"123, QUAI EMILE CORMERAI",0.0,0.0
201400027614,26,2,14,9,1,44,109,1,1,1,4,"0, PONT DE CHEVIRE",0.0,0.0
201400027615,16,2,14,9,1,44,109,1,1,1,4,"0, PONT DE CHEVIRE",0.0,0.0
201400027616,22,2,14,19,2,44,109,2,1,9,6,"00, ALLEE BRANCAS",0.0,0.0
201400027617,26,2,14,20,5,44,109,2,1,1,6,"0, RUE ANATOLE DE MONZIE",0.0,0.0
201400027618,18,4,14,14,1,44,109,2,3,1,3,"11, BD VINCENT GACHE",0.0,0.0
201400027619,26,2,14,15,1,44,109,2,1,1,6,"0, ALLEE BACO",0.0,0.0
201400027620,1,3,14,12,1,44,109,2,1,1,6,"0, RUE GASTON VEIL",0.0,0.0
201400027621,2,3,14,19,3,44,114,2,6,3,2,"280, ROUTE DE VANNES",0.0,0.0
201400027622,3,3,14,11,1,44,109,2,1,8,3,"224, BOULEVARD ROBERT SC",0.0,0.0
201400027623,5,3,14,9,1,44,109,2,1,1,6,"0, BOULEVARD DE STALINGR",0.0,0.0
201400027624,5,3,14,11,1,44,109,2,1,1,4,PONT DE CHEVIRE,0.0,0.0
201400027625,7,3,14,16,1,44,109,2,1,1,6,"258, ROUTE DE VANNES",0.0,0.0
201400027626,8,3,14,3,5,44,109,2,1,1,6,"0, BOULEVARD BENOIT FRAC",0.0,0.0
201400027627,11,3,14,0,5,44,109,2,1,1,7,"., RUE OCTAVE FEUILLET",0.0,0.0
201400027628,14,3,14,20,5,44,162,1,2,1,6,QUAI EMILE CORMERAIS,0.0,0.0
201400027629,14,3,14,13,1,44,109,2,6,1,6,"0, BOULEVARD DE SARREBRU",0.0,0.0
201400027630,14,3,14,15,1,44,109,2,1,9,6,RUE MERCOEUR,0.0,0.0
201400027631,17,3,14,13,1,44,109,2,1,1,5,"72, RUE DE LA BOURGEONNI",0.0,0.0
201400027632,18,3,14,17,1,44,109,2,1,1,6,"48, BOULEVARD ERNEST DAL",0.0,0.0