Num_Acc,jour,mois,an,hr,condition_eclairage,departement,commune,condition_agglomeration,intersection,condition_atmosphere,type_collision,adresse,lattitude,longitude
201400027633,21,3,14,4,5,44,109,2,6,3,3,"0, BOULEVARD MICHELET",0.0,0.0
201400027634,21,3,14,10,1,44,162,2,1,1,6,"104, BOULEVARD FRANCOIS",0.0,0.0
201400027635,22,3,14,21,5,44,109,2,1,1,3,"9, BOULEVARD GEORGES POM",0.0,0.0
201400027636,23,3,14,14,1,44,162,2,1,2,6,"0, BOULEVARD MARCEL PAUL",0.0,0.0
201400027637,24,3,14,12,1,44,109,2,1,1,6,RUE HENRI PICHERIT,0.0,0.0
201400027638,24,3,14,16,1,44,109,2,6,2,3,"00, BOULEVARD SALVADOR A",0.0,0.0
201400027639,24,3,14,20,5,44,109,2,6,1,6,"0, BOULEVARD JEAN PHILIP",0.0,0.0
201400027640,26,3,14,14,1,44,162,2,1,1,6,"39, AVENUE DES NAUDIERES",0.0,0.0
201400027641,28,3,14,17,1,44,162,2,1,1,7,"., RUE DE SAINT SERVAN",0.0,0.0
201400027642,29,3,14,7,2,44,109,2,1,1,6,QUAI DU MARQUIS D'AIGUIL,0.0,0.0
201400027643,29,3,14,15,1,44,109,2,1,1,6,BOULEVARD DES BELGES,0.0,0.0
201400027644,31,3,14,12,1,44,109,2,1,1,6,BOULEVARD GENERAL DE GAU,0.0,0.0
201400027645,31,3,14,17,1,44,190,2,1,1,6,"0, RUE DES PLANTES",0.0,0.0
201400027646,7,4,14,18,2,44,109,2,1,1,6,"0, COURS DES 50 OTAGES",0.0,0.0
201400027647,7,4,14,19,1,44,109,2,6,1,3,"., ROUTE DE LA CHAPELLE",0.0,0.0
201400027648,8,4,14,20,1,44,114,2,1,1,6,RD 965,0.0,0.0
201400027649,10,4,14,8,1,44,109,2,3,1,3,RUE DES RENARDS,0.0,0.0
201400027650,10,4,14,13,1,44,109,2,3,1,5,"0, RUE DU PORT BOYER",0.0,0.0
201400027651,10,4,14,23,5,44,109,2,1,1,7,"0, BOULEVARD ROBERT SCHU",0.0,0.0
201400027652,12,4,14,15,1,44,143,2,1,1,6,RUE DU CHATEAU DE REZE,0.0,0.0
201400027653,12,4,14,20,1,44,109,2,1,1,6,"0, PLACE VICTOR MANGIN",0.0,0.0
201400027654,13,4,14,17,1,44,143,2,1,1,6,"30, RUE PIERRE LEGENDRE",0.0,0.0
201400027655,15,4,14,12,1,44,109,2,1,1,3,"0, RUE GUIBAL",0.0,0.0
201400027656,16,4,14,18,1,44,143,2,1,1,6,"25, AVENUE DE LA LIBERAT",0.0,0.0
201400027657,18,4,14,9,1,44,109,2,1,1,6,"15, RUE PITRE CHEVALIER",0.0,0.0
201400027658,19,4,14,14,1,44,109,2,1,1,6,"0, BOULEVARD BENOIT FRAC",0.0,0.0
201400027659,19,4,14,22,5,44,109,2,1,1,6,"215, RUE PAUL BELLAMY",0.0,0.0
201400027660,19,4,14,6,2,44,109,2,1,1,6,"0, QUAI DE LA FOSSE",0.0,0.0
201400027661,21,4,14,16,1,44,114,2,1,1,6,"., RUE ARISTIDE ET MARGU",0.0,0.0
201400027662,24,4,14,17,1,44,109,2,1,1,3,"52, BOULEVARD DE DOULON",0.0,0.0
201400027663,24,4,14,20,2,44,109,2,1,9,3,"., RUE DE L'ILE BOTTY",0.0,0.0
201400027664,25,4,14,19,2,44,143,2,1,1,6,RUE DE LA ROBINIERE,0.0,0.0
201400027665,26,4,14,21,2,44,109,2,1,9,4,"00, BOULEVARD GABRIEL GU",0.0,0.0
201400027666,26,4,14,22,5,44,109,2,1,3,6,"0, BOULEVARD DE STALINGR",0.0,0.0
201400027667,27,4,14,15,2,44,109,2,6,2,6,"0, BOULEVARD ALEXANDRE M",0.0,0.0
201400027668,27,4,14,11,1,44,143,2,1,2,6,pte des sorinières,0.0,0.0
201400027669,27,4,14,12,1,44,109,2,1,1,1,"86, RUE DU BOIS HERCE",0.0,0.0
201400027670,28,4,14,15,1,44,162,2,1,1,6,PERIPHERIQUE,0.0,0.0
201400027671,28,4,14,16,1,44,162,2,1,2,2,"0, BOULEVARD SALVADOR AL",0.0,0.0
201400027672,28,4,14,14,1,44,109,2,1,1,6,BOULEVARD DU TERTRE,0.0,0.0
201400027673,29,4,14,18,1,44,109,1,1,1,4,RUE DE GESVRES,0.0,0.0
201400027674,30,4,14,12,1,44,143,2,1,1,6,"0, PERIPHERIQUE",0.0,0.0
201400027675,2,5,14,22,5,44,109,2,6,1,2,COURS JOHN KENNEDY,0.0,0.0
201400027676,5,5,14,8,1,44,162,2,8,1,2,AVENUE DES THEBAUDIERES,0.0,0.0
201400027677,6,5,14,7,1,44,162,2,1,8,3,"44, RUE ROBERT SCHUMAN",0.0,0.0
201400027678,9,5,14,18,1,44,109,2,1,1,3,"4 bis, RUE DES RENARDS",0.0,0.0
201400027679,9,5,14,20,2,44,162,2,1,1,6,RUE JAMES COOK,0.0,0.0
201400027680,15,5,14,17,1,44,109,2,1,1,3,ROUTE DE CARQUEFOU,0.0,0.0
201400027681,15,5,14,22,2,44,143,2,1,1,6,"25, RUE MAZUREAU",0.0,0.0
201400027682,16,5,14,15,1,44,109,2,1,1,6,RUE DU CORPS DE GARDE,0.0,0.0
201400027683,18,5,14,12,1,44,109,2,1,1,6,"139, ROUTE DE VERTOU",0.0,0.0
201400027684,21,5,14,15,1,44,109,2,1,2,6,"0, BOULEVARD DE LA PRAIR",0.0,0.0
201400027685,21,5,14,17,1,44,162,2,1,2,3,"58, QUAI EMILE CORMERAIS",0.0,0.0
201400027686,22,5,14,8,1,44,114,2,1,8,2,137,0.0,0.0
201400027687,3,7,14,18,1,44,109,2,1,1,3,BD ERNEST DALBY,0.0,0.0
201400027688,28,5,14,11,1,44,162,1,1,1,6,PERIPHERIQUE ROUTIER,0.0,0.0
201400027689,24,5,14,9,1,44,109,2,1,1,6,"0, ROUTE DE GACHET",0.0,0.0
201400027690,28,5,14,17,1,44,109,2,2,2,1,"., ROUTE DE SAINT JOSEPH",0.0,0.0
201400027691,29,5,14,21,5,44,162,2,6,1,3,"., AVENUE DE LA BRANCHOI",0.0,0.0
201400027692,3,6,14,0,5,44,109,2,1,9,6,"00, BOULEVARD JEAN PHILI",0.0,0.0
201400027693,4,6,14,20,1,44,109,2,1,1,3,"228, BOULEVARD ROBERT SC",0.0,0.0
201400027694,5,6,14,10,1,44,109,2,1,1,6,ROND-POINT DES COMBATTAN,0.0,0.0
201400027695,5,6,14,19,1,44,143,2,1,9,6,"0, AVENUE DE LA LIBERATI",0.0,0.0
201400027696,6,6,14,7,1,44,109,2,1,1,6,"0, RUE DES BOURDONNIERES",0.0,0.0
201400027697,6,6,14,14,1,44,109,2,1,1,3,"210, BOULEVARD JULES VER",0.0,0.0
201400027698,9,6,14,6,2,44,109,2,1,2,6,"0, PLACE DELORME",0.0,0.0
201400027699,9,6,14,7,2,44,109,2,1,1,6,"0, BOULEVARD DES TRIBUNE",0.0,0.0
201400027700,10,6,14,17,1,44,109,2,1,1,6,"0, RUE DE LA SOUILLARDER",0.0,0.0
201400027701,12,6,14,9,1,44,114,2,1,1,6,"33, ROUTE DE RENNES",0.0,0.0
201400027702,12,6,14,9,1,44,114,2,1,1,6,RUE DU PONT AUX PRETRES,0.0,0.0
201400027703,13,6,14,12,1,44,109,2,1,1,7,"0, COURS DES 50 OTAGES",0.0,0.0
201400027704,14,6,14,10,1,44,114,2,1,1,1,AVENUE DE LA PAQUELAIS,0.0,0.0
201400027705,15,6,14,16,1,44,109,2,1,1,6,"0, BOULEVARD LEON BUREAU",0.0,0.0
201400027706,17,6,14,14,1,44,143,2,1,1,6,"00, RUE DE LA CHAUSSEE",0.0,0.0
201400027707,15,6,14,3,5,44,109,2,1,1,3,"10/12, ALLEE DUQUESNE",0.0,0.0
201400027708,18,6,14,14,1,44,109,2,1,1,6,"0, BOULEVARD MARTIN LUTH",0.0,0.0
201400027709,18,6,14,18,1,44,109,2,1,9,2,RUE GENERAL BUAT,0.0,0.0
201400027710,18,6,14,19,1,44,109,2,1,1,3,RUE DES RENARDS,0.0,0.0
201400027711,19,6,14,8,1,44,114,2,1,1,4,pierre plate,0.0,0.0
201400027712,19,6,14,17,1,44,143,2,1,1,3,"165, RUE DES SORINIERES",0.0,0.0
201400027713,19,6,14,21,1,44,162,2,1,1,6,"0, BOULEVARD DU MASSACRE",0.0,0.0
201400027714,19,6,14,1,5,44,109,2,3,1,3,RUE DES 3 ROIS,0.0,0.0
201400027715,20,6,14,14,1,44,114,2,1,1,6,,0.0,0.0
201400027716,20,6,14,14,1,44,109,2,1,1,3,"11, RUE DE LA BRASSERIE",0.0,0.0
201400027717,22,6,14,1,3,44,109,2,1,1,6,"0, BOULEVARD DES BELGES",0.0,0.0
201400027718,22,6,14,23,5,44,109,2,1,1,6,PLACE ALEXIS RICORDEAU,0.0,0.0
201400027719,23,6,14,19,1,44,109,2,1,1,6,"0, RUE DE LA BOTTIERE",0.0,0.0
201400027720,27,6,14,4,5,44,109,2,1,1,6,BOULEVARD ALEXANDRE MILL,0.0,0.0
201400027721,29,6,14,3,3,44,162,2,1,3,6,VOIE NON TROUVEE 2,0.0,0.0
201400027722,2,7,14,17,1,44,109,2,1,1,6,RUE DE LOURMEL,0.0,0.0
201400027723,3,7,14,0,3,44,143,2,1,1,2,PERIPHERIQUE,0.0,0.0
201400027724,3,7,14,11,1,44,109,2,1,1,6,ALLEE DE LA TREMPERIE,0.0,0.0
201400027725,3,7,14,17,1,44,109,2,1,7,6,RUE JACQUES DUCLOS,0.0,0.0
201400027726,4,7,14,12,1,44,109,2,1,1,2,"., RUE DE GIGANT",0.0,0.0
201400027727,4,7,14,20,1,44,109,2,1,2,6,"00, RUE GUILLAUME GROOTA",0.0,0.0
201400027728,4,7,14,11,1,44,109,2,1,1,7,"0, AVENUE JEAN CLAUDE BO",0.0,0.0
201400027729,8,7,14,7,1,44,109,1,1,1,6,PONT DE CHEVIRE,0.0,0.0
201400027730,8,7,14,10,1,44,114,2,1,1,6,"00, AVENUE CLAUDE ANTOIN",0.0,0.0
201400027731,9,7,14,17,1,44,109,2,1,1,6,BD MARTYRS N. DE LA RESI,0.0,0.0
201400027732,9,7,14,20,1,44,109,2,3,1,3,"43, RUE FELIX LEMOINE",0.0,0.0
201400027733,11,7,14,16,1,44,109,2,1,1,6,"87, ROUTE DE RENNES",0.0,0.0
201400027734,12,7,14,7,1,44,162,1,1,1,3,75,0.0,0.0
201400027735,12,7,14,10,1,44,109,2,2,1,3,"1, AVENUE D'HOEDIC",0.0,0.0
201400027736,12,7,14,14,1,44,109,2,1,1,6,"12, RUE DE LA PATOUILLER",0.0,0.0
201400027737,15,7,14,1,5,44,109,2,1,9,1,BOULEVARD JULES VERNE,0.0,0.0
201400027738,16,7,14,16,1,44,109,2,2,1,3,"0, RUE DE LA GOURMETTE",0.0,0.0
201400027739,16,7,14,18,1,44,109,2,6,1,3,RUE DE LA RENAUDIERE,0.0,0.0
201400027740,18,7,14,21,1,44,162,2,1,1,6,"3, BOULEVARD CHARLES DE",0.0,0.0
201400027741,19,7,14,19,1,44,162,2,3,1,3,"57, AVENUE DE TOLEDE",0.0,0.0
201400027742,21,7,14,21,1,44,109,2,1,1,1,AVENUE DE LA GARE DE SAI,0.0,0.0
201400027743,21,7,14,14,1,44,162,1,1,9,2,"0, ROUTE ARMOR",0.0,0.0
201400027744,22,7,14,8,1,44,109,2,6,1,6,QUAI PRESIDENT WILSON,0.0,0.0
201400027745,22,7,14,20,1,44,109,2,1,1,6,"19, BOULEVARD DE LA LIBE",0.0,0.0
201400027746,26,7,14,9,1,44,162,2,6,9,3,AVENUE DE LA BRANCHOIRE,0.0,0.0
201400027747,30,7,14,7,1,44,109,2,3,1,6,QUAI DE LA FOSSE,0.0,0.0
201400027748,30,7,14,18,1,44,109,2,3,1,6,"93, RUE HECTOR BERLIOZ",0.0,0.0
201400027749,1,8,14,11,1,44,109,2,1,1,6,"2, IMPASSE DU PETIT CHAT",0.0,0.0
201400027750,25,7,14,16,1,44,109,2,1,1,2,"0, RUE DES RENARDIERES",0.0,0.0
201400027751,4,8,14,7,1,44,20,1,1,1,5,PERIPHERIQUE SUD,0.0,0.0
201400027752,5,8,14,12,1,44,109,2,1,1,6,"0, CHEMIN DU BAS",0.0,0.0
201400027753,9,8,14,7,1,44,109,2,1,1,6,"256, BOULEVARD ROBERT SC",0.0,0.0
201400027754,10,8,14,2,3,44,143,2,1,1,6,BOULEVARD GENERAL DE GAU,0.0,0.0
201400027755,11,8,14,16,1,44,143,2,6,1,3,RUE DU JAUNAIS,0.0,0.0
201400027756,14,8,14,4,5,44,109,2,1,1,6,"0, RUE GASTON VEIL",0.0,0.0
201400027757,16,8,14,7,2,44,109,2,1,1,6,"0, RUE DE SAINT DOMINGUE",0.0,0.0
201400027758,17,8,14,21,2,44,109,2,1,1,7,RUE JACQUES DUCLOS,0.0,0.0
201400027759,15,8,14,3,5,44,109,2,1,1,3,"0, PLACE MARECHAL FOCH",0.0,0.0
201400027760,24,8,14,1,5,44,109,2,1,1,6,"294, BOULEVARD DU MASSAC",0.0,0.0
201400027761,24,8,14,1,3,44,109,2,1,1,6,"0, BOULEVARD DU MASSACRE",0.0,0.0
201400027762,26,8,14,7,1,44,194,2,1,1,1,RD 26,0.0,0.0
201400027763,26,8,14,23,3,44,109,2,1,1,6,"0, RUE GASTON MICHEL",0.0,0.0
201400027764,28,8,14,0,5,44,109,2,1,2,7,"99, QUAI DE LA FOSSE",0.0,0.0
201400027765,31,8,14,3,5,44,109,2,1,1,6,"0, BOULEVARD JEAN PHILIP",0.0,0.0
201400027766,1,9,14,19,1,44,109,2,6,1,3,BOULEVARD GENERAL DE GAU,0.0,0.0
201400027767,4,9,14,16,1,44,109,2,1,1,3,"51, BOULEVARD DE LA FRAT",0.0,0.0
201400027768,5,9,14,14,1,44,109,2,1,1,6,"., RUE DU CHAMP DE TIR",0.0,0.0
201400027769,5,9,14,23,5,44,109,2,1,1,6,"14, RUE DU PORT BOYER",0.0,0.0
201400027770,6,9,14,22,5,44,109,2,6,1,7,BOULEVARD EMILE GABORY,0.0,0.0
201400027771,9,9,14,8,1,44,109,2,1,1,3,QUAI DU MARQUIS D'AIGUIL,0.0,0.0
201400027772,7,9,14,8,1,44,109,2,1,1,6,CHEMIN DE LA HOUSSINIERE,0.0,0.0
201400027773,6,9,14,10,1,44,143,2,1,1,2,RUE DES CHEVALIERS,0.0,0.0
201400027774,9,9,14,17,1,44,109,2,1,1,6,"10, RUE D'ANGLETERRE",0.0,0.0
201400027775,11,9,14,10,1,44,109,2,1,1,6,RUE GENERAL BUAT,0.0,0.0
201400027776,11,9,14,12,1,44,109,2,7,9,6,PLACE VICTOR MANGIN,0.0,0.0
201400027777,11,9,14,19,1,44,109,2,1,1,6,RUE DES DERVALLIERES,0.0,0.0
201400027778,12,9,14,15,1,44,162,2,3,9,6,RUE DE L'AQUITAINE,0.0,0.0
201400027779,16,9,14,9,1,44,190,2,1,1,7,RUE EDOUARD HERVE,0.0,0.0
201400027780,16,9,14,2,5,44,143,2,1,2,2,PERIPHERIQUE,0.0,0.0
201400027781,16,9,14,17,1,44,109,2,6,1,3,BOULEVARD JEAN PHILIPPOT,0.0,0.0
201400027782,17,9,14,15,1,44,162,2,1,1,6,"., BOULEVARD MARCEL PAUL",0.0,0.0
201400027783,17,9,14,18,1,44,109,2,3,1,3,"., ROUTE DE RENNES",0.0,0.0
201400027784,17,9,14,17,1,44,143,2,1,9,3,RUE PASCAL,0.0,0.0
201400027785,18,9,14,4,5,44,109,2,1,1,6,11,0.0,0.0
201400027786,18,9,14,18,1,44,109,2,1,1,3,"116, BOULEVARD DES ANGLA",0.0,0.0
201400027787,19,8,14,17,1,44,109,2,1,9,3,"00, QUAI DE LA FOSSE",0.0,0.0
201400027788,22,9,14,16,1,44,109,1,1,1,3,BOULEVARD DE LA PRAIRIE,0.0,0.0
201400027789,20,9,14,12,1,44,109,2,3,1,3,BOULEVARD GENERAL DE GAU,0.0,0.0
201400027790,25,9,14,7,2,44,109,2,1,1,2,"0, BOULEVARD RENE CASSIN",0.0,0.0
201400027791,26,9,14,0,5,44,109,2,1,1,6,BOULEVARD AMIRAL COURBET,0.0,0.0
201400027792,29,9,14,17,1,44,109,2,1,1,6,"110, BOULEVARD DES BELGE",0.0,0.0
201400027793,29,9,14,18,1,44,109,2,1,1,2,"1, RUE CARDINAL RICHARD",0.0,0.0
201400027794,29,9,14,19,2,44,109,2,1,1,6,"33, RUE LAMORICIERE",0.0,0.0
201400027795,28,9,14,10,1,44,109,2,1,1,6,BOULEVARD DU MASSACRE,0.0,0.0
201400027796,30,9,14,15,1,44,109,2,1,1,2,RUE LOUIS LOUCHEUR,0.0,0.0
201400027797,3,10,14,7,5,44,109,2,1,9,3,PLACE DE LA BONDE,0.0,0.0
201400027798,28,9,14,18,2,44,109,2,1,9,6,COURS FRANKLIN ROOSEVELT,0.0,0.0
201400027799,5,10,14,2,5,44,109,2,1,1,1,RUE COLONEL DESGREES DU,0.0,0.0
201400027800,5,10,14,13,1,44,9,1,1,1,6,PERIPHERIQUE SUD,0.0,0.0
201400027801,7,10,14,3,4,44,109,2,1,1,6,CHAUSSEE DE LA MADELEINE,0.0,0.0
201400027802,8,10,14,7,5,44,109,2,1,2,7,"17, RUE DESAIX",0.0,0.0
201400027803,9,10,14,7,4,44,162,2,1,1,6,"16, RUE BOBBY SANDS",0.0,0.0
201400027804,8,10,14,18,1,44,109,2,1,1,6,RUE AUGUSTIN FRESNEL,0.0,0.0
201400027805,9,10,14,6,5,44,109,2,1,1,6,"1, RUE DE FELTRE",0.0,0.0
201400027806,11,10,14,3,5,44,109,2,1,1,6,"137, RUE PAUL BELLAMY",0.0,0.0
201400027807,12,10,14,2,5,44,109,2,1,1,2,RUE GENERAL LECLERC,0.0,0.0
201400027808,14,10,14,12,1,44,162,2,1,1,3,PLACE OCEANE,0.0,0.0
201400027809,16,10,14,8,2,44,114,2,1,1,6,"78, ROUTE DE RENNES",0.0,0.0
201400027810,17,10,14,19,2,44,114,1,1,1,2,PERIPHERIQUE ROUTIER,0.0,0.0
201400027811,20,10,14,7,2,44,109,2,1,1,3,RUE DES CHALATRES,0.0,0.0
201400027812,20,10,14,13,1,44,162,2,1,1,6,"4, RUE ROBERT SCHUMAN",0.0,0.0
201400027813,21,10,14,17,1,44,109,2,1,1,3,PLACE DES DERVALLIERES,0.0,0.0
201400027814,21,10,14,21,5,44,109,2,1,1,7,"0, ROUTE DE SAINT JOSEPH",0.0,0.0
201400027815,20,10,14,17,1,44,20,1,1,1,5,"., PERIPHERIQUE SUD",0.0,0.0
201400027816,23,10,14,11,1,44,109,2,2,1,3,"0, RUE GENERAL LECLERC D",0.0,0.0
201400027817,23,10,14,22,5,44,109,2,1,1,3,"00, PLACE VICTOR MANGIN",0.0,0.0
201400027818,25,10,14,6,5,44,143,2,1,9,6,"00, AVENUE DU MARECHAL D",0.0,0.0
201400027819,25,10,14,19,5,44,109,2,1,1,6,"1, RUE JEAN JAURES",0.0,0.0
201400027820,26,10,14,12,1,44,114,2,1,1,7,"., RUE DU PONT AUX PRETR",0.0,0.0
201400027821,27,10,14,8,1,44,109,2,1,1,7,"23, RUE DU CROISSANT",0.0,0.0
201400027822,27,10,14,16,1,44,109,2,1,1,6,PLACE SAINT PIERRE,0.0,0.0
201400027823,28,10,14,17,1,44,109,2,1,9,6,RUE DU CHAMP DE TIR,0.0,0.0
201400027824,28,10,14,17,5,44,109,2,1,1,6,"2, PLACE ARISTIDE BRIAND",0.0,0.0
201400027825,28,10,14,19,3,44,162,1,1,1,3,"00, PERIPHERIQUE",0.0,0.0
201400027826,28,10,14,22,3,44,109,2,6,9,3,RUE JEAN BAPTISTE GREUZE,0.0,0.0
201400027827,29,10,14,20,5,44,109,2,1,1,2,"70, QUAI DE LA FOSSE",0.0,0.0
201400027828,30,10,14,13,1,44,109,2,1,1,3,BOULEVARD ROBERT SCHUMAN,0.0,0.0
201400027829,30,10,14,19,5,44,162,2,1,1,3,RUE JEAN-MARIE BRULE,0.0,0.0
201400027830,30,10,14,12,1,44,109,2,1,7,6,"111, RUE DU LANDREAU",0.0,0.0
201400027831,31,10,14,17,1,44,109,2,1,1,3,"0, BOULEVARD VINCENT GAC",0.0,0.0
201400027832,30,10,14,8,1,44,162,2,1,1,3,"8, RUE DU COUTELIER",0.0,0.0
201400027833,3,11,14,18,5,44,109,2,1,2,6,"8, BOULEVARD BOULAY PATY",0.0,0.0
201400027834,6,11,14,17,1,44,109,2,3,4,3,"0, RUE HENRI PICHERIT",0.0,0.0
201400027835,11,11,14,11,1,44,109,2,1,1,2,RUE DE LA DURANTIERE,0.0,0.0
201400027836,11,11,14,10,1,44,114,2,1,1,7,CHEMIN DE LA RETARDIE,0.0,0.0
201400027837,12,11,14,9,1,44,143,2,1,1,6,"1, RUE PIERRE LEGENDRE",0.0,0.0
201400027838,12,11,14,18,5,44,109,2,1,9,6,"10, BOULEVARD JULES VERN",0.0,0.0
201400027839,13,11,14,7,2,44,162,2,1,1,6,"2, ALLEE ROMAIN ROLLAND",0.0,0.0
201400027840,15,11,14,4,3,44,9,1,1,9,6,PERIPHERIQUE SUD,0.0,0.0
201400027841,16,11,14,18,5,44,109,2,1,1,6,RUE DES RENARDS,0.0,0.0
201400027842,14,11,14,20,5,44,109,2,1,9,7,RUE YVES BODIGUEL,0.0,0.0
201400027843,18,11,14,12,1,44,162,2,1,1,6,AVENUE DU PARNASSE,0.0,0.0
201400027844,20,11,14,8,1,44,109,2,1,8,3,"204, ROUTE DE SAINT JOSE",0.0,0.0
201400027845,20,11,14,8,1,44,143,2,1,1,3,"32, AVENUE DE LA LIBERAT",0.0,0.0
201400027846,21,11,14,16,1,44,109,2,1,1,6,"2/4, RUE DU CHATEAU DE L",0.0,0.0
201400027847,22,11,14,2,5,44,109,2,1,1,6,"112, BOULEVARD EUGENE OR",0.0,0.0
201400027848,22,11,14,15,1,44,109,2,1,1,3,"0, RUE FELIX EBOUE",0.0,0.0
201400027849,22,11,14,21,5,44,109,2,1,1,6,"2, BOULEVARD DE LA BEAUJ",0.0,0.0
201400027850,23,11,14,6,5,44,109,2,1,1,6,"108, BOULEVARD DES ANGLA",0.0,0.0
201400027851,21,11,14,22,5,44,109,2,1,9,2,BD JULES VERNE,0.0,0.0
201400027852,21,11,14,15,1,44,109,2,1,1,3,"2, RUE LA NOUE BRAS DE F",0.0,0.0
201400027853,24,11,14,7,2,44,109,2,1,9,7,ROND-POINT DE LA NOE,0.0,0.0
201400027854,23,11,14,0,5,44,109,2,1,9,7,"00, BOULEVARD DE STALING",0.0,0.0
201400027855,26,11,14,10,1,44,109,2,1,1,5,BOULEVARD DU MASSACRE,0.0,0.0
201400027856,27,11,14,16,2,44,109,2,1,1,6,"0, QUAI DE LA FOSSE",0.0,0.0
201400027857,27,11,14,23,5,44,109,2,1,1,6,PLACE DU GARIGLIANO,0.0,0.0
201400027858,28,11,14,7,3,44,162,2,1,1,1,"., RUE ROBERT SCHUMAN",0.0,0.0
201400027859,29,11,14,0,5,44,109,2,1,1,1,COURS COMMANDANT D'ESTIE,0.0,0.0
201400027860,29,11,14,5,5,44,109,2,6,1,3,"., BOULEVARD EMILE GABOR",0.0,0.0
201400027861,28,11,14,19,5,44,109,2,1,1,6,"142, RUE PAUL BELLAMY",0.0,0.0
201400027862,1,12,14,16,1,44,109,2,1,8,3,BOULEVARD DES ANGLAIS,0.0,0.0
201400027863,3,12,14,7,2,44,114,1,1,1,7,PERIPHERIQUE ROUTIER,0.0,0.0
201400027864,6,12,14,14,1,44,109,2,6,1,3,"5, RUE GAETAN RONDEAU",0.0,0.0
201400027865,8,12,14,16,1,44,109,2,1,1,6,BOULEVARD DES ANGLAIS,0.0,0.0
201400027866,5,12,14,20,5,44,109,2,1,1,2,RUE FELIX FAURE,0.0,0.0
201400027867,9,12,14,8,2,44,109,2,1,1,3,"1, PLACE VICTOR MANGIN",0.0,0.0
201400027868,11,12,14,8,1,44,109,2,3,1,6,RUE MARGUERITE LE MEIGNE,0.0,0.0
201400027869,6,12,14,10,1,44,162,2,9,1,3,AVENUE CLAUDE BERNARD,0.0,0.0
201400027870,15,12,14,16,1,44,162,2,3,1,1,RUE ANDRE AMPERE,0.0,0.0
201400027871,16,12,14,8,2,44,109,2,1,2,6,"0, BOULEVARD JULES VERNE",0.0,0.0
201400027872,16,12,14,7,2,44,162,2,1,2,6,"15, RUE DE SAINT SERVAN",0.0,0.0
201400027873,29,11,14,17,5,44,109,2,1,1,6,"2, ROUTE DE SAINT JOSEPH",0.0,0.0
201400027874,23,12,14,17,5,44,109,2,1,2,6,BOULEVARD JULES VERNE,0.0,0.0
201400027875,17,12,14,18,5,44,109,2,1,1,6,"2, RUE DU MOULIN DE LA G",0.0,0.0
201400027876,18,12,14,8,2,44,109,2,1,2,6,"7, RUE DE BEL AIR",0.0,0.0
201400027877,18,12,14,14,1,44,162,2,1,1,6,BOULEVARD MARCEL PAUL,0.0,0.0
201400027878,8,12,14,12,1,44,109,2,1,1,5,QUAI CEINERAY,0.0,0.0
201400027879,4,11,14,18,2,44,109,2,1,1,6,"1, BOULEVARD GENERAL DE",0.0,0.0
201400027880,17,12,14,8,2,44,114,2,1,1,6,"22, RUE DE SOLAY",0.0,0.0
201400027881,21,12,14,12,1,44,109,2,1,1,6,"7, RUE PETITE BIESSE",0.0,0.0
201400027882,24,12,14,23,5,44,109,2,1,2,5,QUAI ANDRE MORICE,0.0,0.0
201400027883,26,12,14,7,2,44,109,2,3,1,1,"., BOULEVARD LEON BUREAU",0.0,0.0
201400027884,31,12,14,12,1,44,184,2,1,1,7,AUBINAIS (ROUTE DES),0.0,0.0
201400027885,2,1,14,14,1,44,184,2,2,2,3,PAIX ET DES ARTS (RUE DE,0.0,0.0
201400027886,2,1,14,18,5,44,184,2,8,1,3,CROIX DE M?AN (RUE DE LA,0.0,0.0
201400027887,7,1,14,15,1,44,184,2,1,1,7,"36, MERMOZ (BOULEVARD JE",0.0,0.0
201400027888,14,1,14,14,1,44,184,2,9,1,3,H?PITAL (BOULEVARD DE L',0.0,0.0
201400027889,17,1,14,16,1,44,184,2,2,1,3,LE NOTRE (RUE ANDR?),0.0,0.0
201400027890,30,1,14,15,1,44,184,2,2,1,7,GAUTIER (RUE HENRI) DU 1,0.0,0.0
201400027891,31,1,14,7,1,44,184,2,1,1,3,"0, OC?ANIS (ROND-POINT)",0.0,0.0
201400027892,2,2,14,19,2,44,184,2,2,1,3,PARMENTIER (RUE ANTOINE),0.0,0.0
201400027893,7,2,14,16,1,44,184,2,2,2,3,MENHIR (RUE DU),0.0,0.0
201400027894,7,2,14,15,1,44,184,2,1,1,3,"9, RENAISSANCE (BOULEVAR",0.0,0.0
201400027895,9,2,14,17,2,44,184,2,1,2,7,"3, SUNDERLAND (BOULEVARD",0.0,0.0
201400027896,7,2,14,21,5,44,184,2,2,3,3,R?PUBLIQUE (AVENUE DE LA,0.0,0.0
201400027897,13,2,14,17,1,44,184,2,1,1,1,ALBERT I (BOULEVARD) DU,0.0,0.0
201400027898,18,2,14,16,1,44,184,2,1,1,3,MITTERRAND (AVENUE FRAN?,0.0,0.0
201400027899,22,2,14,21,5,44,184,2,3,1,6,L?GION D'HONNEUR (BOULEV,0.0,0.0
201400027900,25,2,14,11,1,44,184,2,1,2,6,"39, MARCET (RUE BAPTISTE",0.0,0.0
201400027901,27,2,14,13,1,44,184,2,6,1,2,MERMOZ (BOULEVARD JEAN),0.0,0.0
201400027902,27,2,14,15,1,44,184,2,1,1,7,"52, GAULLE (RUE DU GAL D",0.0,0.0
201400027903,16,3,14,18,1,44,184,2,1,1,2,RD 213,0.0,0.0
201400027904,8,3,14,14,1,44,184,2,1,1,4,BASSINS (ROUTE DES),0.0,0.0
201400027905,13,3,14,14,1,44,184,2,1,1,2,C?TE D'AMOUR (RTE DE LA),0.0,0.0
201400027906,20,3,14,6,2,44,184,2,1,1,3,"27, RENAISSANCE (BOULEVA",0.0,0.0
201400027907,30,3,14,9,1,44,184,2,1,1,7,COPP?E (RUE FRAN?OIS),0.0,0.0
201400027908,31,3,14,14,1,44,184,2,2,1,3,VILLE ETABLE (RUE DE LA),0.0,0.0
201400027909,3,4,14,11,1,44,184,2,2,1,3,WALDECK-ROUSSEAU (RUE PI,0.0,0.0