Num_Acc,jour,mois,an,hr,condition_eclairage,departement,commune,condition_agglomeration,intersection,condition_atmosphere,type_collision,adresse,lattitude,longitude
201400027910,17,4,14,17,1,44,184,2,6,1,3,RETON (ROUTE DE),0.0,0.0
201400027911,23,4,14,17,1,44,184,2,1,1,3,GAULLE (RUE DU GAL DE) D,0.0,0.0
201400027912,27,4,14,18,1,44,184,2,1,2,6,BOURGEOIS (RUE L?ON) DU4,0.0,0.0
201400027913,3,5,14,13,1,44,184,2,1,1,1,VILLES-BOUSSEAU (ROUTE D,0.0,0.0
201400027914,12,5,14,21,1,44,184,2,5,1,3,GUTENBERG (RUE JEAN),0.0,0.0
201400027915,13,5,14,20,1,44,184,2,2,1,3,"54, ANDR? (AVENUE G?O)",0.0,0.0
201400027916,14,5,14,21,2,44,184,2,2,1,3,BUISSON (RUE FERDINAND),0.0,0.0
201400027917,15,5,14,12,1,44,184,2,1,1,3,"4, F?VRIER 1943 (RUE DU",0.0,0.0
201400027918,21,5,14,17,1,44,184,2,1,2,7,"1, YOURCENAR (RUE MARGUE",0.0,0.0
201400027919,23,5,14,11,1,44,184,2,2,1,3,"33, MADIOT (RUE FRAN?OIS",0.0,0.0
201400027920,26,5,14,11,1,44,184,2,1,1,7,"4, SUNDERLAND (BOULEVARD",0.0,0.0
201400027921,29,5,14,14,1,44,184,1,1,1,3,RD 213,0.0,0.0
201400027922,3,6,14,20,2,44,184,2,3,2,3,LEFERME (BOULEVARD PAUL),0.0,0.0
201400027923,5,6,14,17,1,44,184,2,2,1,3,GUTENBERG (RUE JEAN),0.0,0.0
201400027924,6,6,14,8,1,44,184,2,1,1,6,,0.0,0.0
201400027925,11,6,14,8,1,44,184,2,1,1,5,RD 213,0.0,0.0
201400027926,15,6,14,12,1,44,184,2,2,1,3,GARENNES (CHEMIN DES),0.0,0.0
201400027927,17,6,14,6,1,44,184,2,1,1,6,"17/25, SEGUIN (RUE LOUIS",0.0,0.0
201400027928,14,6,14,13,1,44,184,2,1,1,7,"42/44, OFFENBACH (RUE JA",0.0,0.0
201400027929,18,6,14,18,1,44,184,2,1,1,7,"41, DOLMEN (RUE DU)",0.0,0.0
201400027930,26,6,14,21,2,44,184,2,3,1,3,"29, ZOLA (BOULEVARD EMIL",0.0,0.0
201400027931,30,6,14,16,1,44,184,2,2,1,3,LAENNEC (BD DU DR REN?),0.0,0.0
201400027932,1,7,14,15,1,44,184,2,3,1,3,COUBERTIN (AVENUE PIERRE,0.0,0.0
201400027933,4,7,14,10,1,44,184,2,1,1,7,"2, HUGO (BOULEVARD VICTO",0.0,0.0
201400027934,4,7,14,9,1,44,184,2,1,1,3,LONGUET (RUE CHARLES),0.0,0.0
201400027935,4,7,14,14,1,44,184,2,6,1,3,RD 492 DU RP OC?ANIS AU,0.0,0.0
201400027936,5,7,14,21,2,44,184,1,2,8,6,RD 213,0.0,0.0
201400027937,6,7,14,4,2,44,184,2,1,2,6,"22, AURIOL (RUE VINCENT)",0.0,0.0
201400027938,9,7,14,9,1,44,184,2,2,1,3,G?T? (RUE DU CDT) DU 01,0.0,0.0
201400027939,13,7,14,21,2,44,184,2,6,1,3,FAUR? (RUE GABRIEL),0.0,0.0
201400027940,15,7,14,17,1,44,184,2,2,1,3,H?PITAL (BOULEVARD DE L',0.0,0.0
201400027941,17,7,14,11,1,44,184,2,2,1,3,BERTHAUDERIE (RUE DE LA),0.0,0.0
201400027942,16,7,14,14,1,44,184,2,1,1,3,TULIPES (ALLeE DES),0.0,0.0
201400027943,24,7,14,13,1,44,184,2,1,1,2,"28, FRATERNIT? (BOULEVAR",0.0,0.0
201400027944,28,7,14,5,5,44,184,2,3,1,3,ZOLA (BOULEVARD EMILE),0.0,0.0
201400027945,1,8,14,10,1,44,184,2,1,1,2,"45, UNIVERSIT? (BOULEVAR",0.0,0.0
201400027946,3,8,14,18,1,44,184,2,1,1,1,RD 492 DU PONT BD H?PITA,0.0,0.0
201400027947,8,8,14,0,5,44,184,2,1,2,7,"1, FORT DE L'EVE (ROUTE",0.0,0.0
201400027948,9,8,14,8,1,44,184,2,2,1,3,BERLIOZ (AVENUE HECTOR),0.0,0.0
201400027949,12,8,14,11,1,44,184,2,2,1,3,GAULLE (RUE DU GAL DE) D,0.0,0.0
201400027950,17,8,14,8,1,44,184,2,1,1,7,"5, GUERANDE (ROUTE DE)",0.0,0.0
201400027951,18,8,14,21,2,44,184,2,6,1,3,LAENNEC (BD DU DR RENE),0.0,0.0
201400027952,18,8,14,18,1,44,184,2,2,1,3,MUN (RUE ALBERT DE) DU 0,0.0,0.0
201400027953,21,8,14,19,1,44,184,2,2,1,3,BROODCOORENS (RUE) DU 02,0.0,0.0
201400027954,23,8,14,16,1,44,184,2,9,1,3,FAURE (RUE GABRIEL),0.0,0.0
201400027955,31,8,14,5,5,44,184,2,2,1,7,LAENNEC (BD DU DR REN?),0.0,0.0
201400027956,8,9,14,17,1,44,184,2,2,1,3,GUTENBERG (RUE JEAN),0.0,0.0
201400027957,16,9,14,8,1,44,184,2,1,1,2,RD 492 DU RP EINSTEIN AU,0.0,0.0
201400027958,18,9,14,9,1,44,184,2,1,1,3,"2, FORT DE L'EVE (ROUTE",0.0,0.0
201400027959,18,9,14,16,1,44,184,2,2,1,2,MARRE (RUE VICTOR),0.0,0.0
201400027960,20,9,14,14,1,44,184,2,1,1,3,"19, PICCARD (RUE AUGUSTE",0.0,0.0
201400027961,24,9,14,6,2,44,184,2,1,1,3,"18, G?T? (RUE DU CDT) DU",0.0,0.0
201400027962,26,9,14,8,2,44,184,2,2,1,3,RENAISSANCE (BOULEVARD D,0.0,0.0
201400027963,27,9,14,18,1,44,184,2,6,1,3,RD 492 DU RP OC?ANIS AU,0.0,0.0
201400027964,28,9,14,16,1,44,184,2,1,1,1,RD 492 DU RP EINSTEIN AU,0.0,0.0
201400027965,1,10,14,16,1,44,184,2,1,1,2,MICHEL ANGE (RUE),0.0,0.0
201400027966,3,10,14,9,1,44,184,2,1,1,7,"393,",0.0,0.0
201400027967,8,10,14,8,2,44,184,2,1,2,7,"0, GRENAPIN (RUE PITRE)",0.0,0.0
201400027968,9,10,14,7,2,44,184,2,2,1,3,R?PUBLIQUE (AVENUE DE LA,0.0,0.0
201400027969,10,10,14,22,5,44,184,2,6,1,3,TR?BALE (ROUTE DE),0.0,0.0
201400027970,11,10,14,3,5,44,184,2,1,1,6,"11, DUFREXOU (RUE JEAN-P",0.0,0.0
201400027971,12,10,14,5,5,44,184,2,6,1,3,G?T? (RUE DU CDT) DU 35,0.0,0.0
201400027972,13,10,14,13,1,44,184,2,2,1,3,MAC? (RUE JEAN),0.0,0.0
201400027973,14,10,14,10,1,44,184,2,1,1,6,BROODCOORENS (RUE) DU 12,0.0,0.0
201400027974,17,10,14,16,1,44,184,2,1,1,3,"27, APPRENTIS (BOULEVARD",0.0,0.0
201400027975,18,10,14,14,1,44,184,2,3,1,3,GRENAPIN (RUE PITRE),0.0,0.0
201400027976,25,10,14,19,1,44,184,2,1,1,3,"123, ZOLA (BOULEVARD EMI",0.0,0.0
201400027977,26,10,14,11,1,44,184,2,1,1,7,"84, JAURES (RUE JEAN) DU",0.0,0.0
201400027978,25,10,14,19,5,44,184,2,2,1,2,MAUPERTUIS (BD DE) DU 83,0.0,0.0
201400027979,28,10,14,17,1,44,184,2,6,1,3,APPRENTIS (BOULEVARD DES,0.0,0.0
201400027980,29,10,14,15,1,44,184,2,1,1,2,RN 171 (CRAN NEUF AU PON,0.0,0.0
201400027981,31,10,14,11,1,44,184,2,6,1,3,POINT DU JOUR (ROUTE DU),0.0,0.0
201400027982,3,11,14,15,1,44,184,2,2,2,3,JOUHAUX (AVENUE L?ON),0.0,0.0
201400027983,4,11,14,10,1,44,184,2,2,1,3,CROIX FRA?CHE (RUE DE LA,0.0,0.0
201400027984,7,11,14,19,5,44,184,2,1,1,3,"57, PAIX ET DES ARTS (RU",0.0,0.0
201400027985,9,11,14,19,2,44,184,2,3,2,3,LESSEPS (AVENUE DE) DU 0,0.0,0.0
201400027986,13,11,14,20,5,44,184,2,1,1,3,COUBERTIN (AVENUE PIERRE,0.0,0.0
201400027987,20,11,14,16,1,44,184,2,6,1,3,BROODCOORENS (RUE) DU 02,0.0,0.0
201400027988,20,11,14,18,1,44,184,2,1,1,4,RD 492 DU PONT BD H?PITA,0.0,0.0
201400027989,23,11,14,14,1,44,184,2,2,2,3,MERMOZ (BOULEVARD JEAN),0.0,0.0
201400027990,24,11,14,18,2,44,184,2,1,1,6,"2, GRENAPIN (RUE PITRE)",0.0,0.0
201400027991,25,11,14,18,5,44,184,2,1,2,3,LEFERME (BOULEVARD PAUL),0.0,0.0
201400027992,30,11,14,16,2,44,184,2,1,1,6,RD 492 DU RP EINSTEIN AU,0.0,0.0
201400027993,1,12,14,19,5,44,184,2,2,2,3,"20, TOUTES AIDES (RUE DE",0.0,0.0
201400027994,2,12,14,6,5,44,184,2,1,1,7,RD 492 DU RP EINSTEIN AU,0.0,0.0
201400027995,4,12,14,13,1,44,184,2,1,1,7,"24, COUBERTIN (AVENUE PI",0.0,0.0
201400027996,6,12,14,5,3,44,184,2,1,1,6,RD 213,0.0,0.0
201400027997,18,12,14,8,2,44,184,2,1,1,7,BROODCOORENS (RUE) DU 02,0.0,0.0
201400027998,20,12,14,15,1,44,184,2,1,1,2,HUGO (BOULEVARD VICTOR),0.0,0.0
201400027999,19,12,14,12,1,44,184,2,6,1,3,COTY (BOULEVARD REN?),0.0,0.0
201400028000,2,1,14,11,1,45,338,1,1,8,7,R CANNETIERE,0.0,0.0
201400028001,7,1,14,19,3,45,338,1,1,2,1,RD 2060,0.0,0.0
201400028002,15,1,14,10,1,45,208,2,1,2,6,BD PAUL BAUDIN,47.99985,2.73369
201400028003,14,1,14,13,1,45,338,2,1,2,7,R JEAN MERMOZ,0.0,0.0
201400028004,14,1,14,16,1,45,208,2,4,2,3,R LIBERATION/E.MALATRE/S,47.99428,2.72404
201400028005,14,1,14,16,1,45,338,2,2,8,3,R PELERINS/ALEXANDRE DUM,47.98341,2.71716
201400028006,16,1,14,14,1,45,4,1,1,1,4,RD 2007 - ZONE TRAVAUX,47.99703,2.73958
201400028007,17,1,14,15,1,45,208,2,1,1,6,PL VICTOR HUGO,47.99481,2.73257
201400028008,17,1,14,17,2,45,208,2,1,1,5,45 AV L.M CHAUTEMPS,48.01027,2.75459
201400028009,18,1,14,16,1,45,208,2,1,1,6,13 R RASPAIL,47.99486,2.7309
201400028010,20,1,14,23,5,45,4,2,2,8,6,AV ANTIBES/R VERNISSON/B,47.97982,2.73301
201400028011,23,1,14,18,5,45,4,2,1,2,6,529 RTE ST FIRMIN DES VI,47.97722,2.73699
201400028012,24,1,14,8,1,45,208,2,1,2,6,24 R JEAN JAURES,47.99346,2.73235
201400028013,24,1,14,20,5,45,68,2,2,1,3,R J.JAURES/GAMBETTA/F.BO,48.01306,2.73125
201400028014,29,1,14,11,1,45,68,1,1,2,6,RD 2007 -HT COPADEX,48.0339,2.74566
201400028015,29,1,14,12,1,45,208,2,1,2,6,189 R EMILE MENGIN,48.00458,2.74161
201400028016,31,1,14,18,5,45,68,2,3,1,1,R SIRENE/BD KENNEDY,48.00527,2.72396
201400028017,2,2,14,8,1,45,338,1,1,1,6,RD 2060,0.0,0.0
201400028018,2,2,14,8,1,45,338,1,1,7,6,D 2060,0.0,0.0
201400028019,25,2,14,22,5,45,208,2,6,1,2,R SIRENE/PT QUEBEC,47.99949,2.72939
201400028020,26,2,14,9,1,45,68,2,7,1,3,PL J.JAURES/AV J.JAURES,48.01305,2.73125
201400028021,26,2,14,17,1,45,338,2,3,1,1,R JODON/JEAN MERMOZ,47.98328,2.70828
201400028022,1,3,14,10,1,45,208,2,1,1,6,38 PL REPUBLIQUE,47.9955,2.73366
201400028023,9,3,14,17,1,45,208,2,1,1,6,12 R FG CHAUSSEE,47.99783,2.73771
201400028024,14,3,14,4,3,45,338,1,1,1,7,62 RTE LORRIS,47.9819,2.67721
201400028025,26,3,14,11,1,45,4,2,2,1,3,RTE VIROY/A.BRIAND/ARMEE,47.99502,2.75474
201400028026,27,3,14,8,1,45,208,2,1,1,3,122 R PAUL DOUMER,48.00145,2.74255
201400028027,29,3,14,14,1,45,338,2,3,1,3,R CHAMBON/COURTIL CABOT,47.9859,2.69047
201400028028,31,3,14,11,1,45,338,2,2,1,3,R BEL AIR/ALEXANDRE DUMA,47.98341,2.71717
201400028029,10,4,14,9,1,45,208,2,1,7,2,17 AV GAILLARDIN,47.99415,2.73091
201400028030,11,4,14,2,3,45,68,1,1,1,6,RD 2007,48.02524,2.74062
201400028031,11,4,14,15,1,45,68,2,1,1,2,5 R GUSTAVE NOURY,48.01941,2.71591
201400028032,10,4,14,8,1,45,68,2,1,1,6,111 BIS R VOLTAIRE,48.02927,2.73585
201400028033,15,4,14,18,1,45,4,2,1,1,3,256 AV ANTIBES,47.98499,2.7326
201400028034,16,4,14,10,1,45,338,2,2,1,3,R BUISSON/GEORGES SAND,47.98647,2.71218
201400028035,17,4,14,18,1,45,4,2,1,1,3,873 R GROS MOULIN,47.96452,2.78025
201400028036,19,4,14,4,5,45,68,2,6,1,6,R 23 AOUT/ST JUST,48.00903,2.72189
201400028037,19,4,14,14,1,45,4,2,1,8,2,164 RTE ST FIRMIN DES VI,47.97581,2.74141
201400028038,19,4,14,15,1,45,208,2,6,8,2,D 94/R CHATEAU,47.99906,2.72902
201400028039,23,4,14,17,1,45,4,2,1,1,2,829 R DE LA NIVELLE,47.98401,2.75064
201400028040,27,4,14,10,1,45,208,2,3,1,3,R LOUIS LACROIX/A.COCHER,48.00249,2.73883
201400028041,28,4,14,10,1,45,68,2,3,8,6,R RAIMBAULT/GAMBETTA,48.00637,2.73885
201400028042,5,5,14,22,5,45,338,1,1,1,6,BRETELLE SORTIE D2060,47.97116,2.71879
201400028043,15,5,14,17,1,45,4,1,9,1,7,CHESNOY (RUE DU),0.0,0.0
201400028044,18,5,14,5,2,45,208,2,1,1,6,25 R ERNEST MALATRE,47.99556,2.72097
201400028045,20,5,14,9,1,45,208,2,2,1,3,R J.F KENNEDY/ERNEST MAL,47.99569,2.72035
201400028046,19,5,14,20,1,45,208,2,1,1,6,25 R DOREE,47.9973,2.73292
201400028047,20,5,14,12,1,45,208,2,4,1,2,BRETELLE/R EUROPE,47.99668,2.73999
201400028048,21,5,14,18,1,45,4,2,1,2,3,698 R GROS MOULIN,47.96528,2.77827
201400028049,24,5,14,16,1,45,68,2,1,8,3,4 BIS R WALDECK ROUSSEAU,48.02343,2.73263
201400028050,30,5,14,17,1,45,4,1,2,1,5,R PT ARDAN/MANILLE/VC,47.98166,2.83194
201400028051,13,6,14,15,1,45,338,2,1,1,6,48 R JEAN MERMOZ,47.9809,2.72017
201400028052,26,6,14,9,1,45,208,2,2,1,3,R E.DECOURT/ROUX-FEDRY,47.99831,2.74636
201400028053,7,7,14,19,1,45,68,2,1,2,7,21 R LAZARE CARNOT,48.00846,2.73315
201400028054,7,7,14,19,1,45,338,1,1,2,6,RD 2060,47.97812,2.71183
201400028055,12,7,14,2,3,45,338,2,1,2,6,12 R VIEUX BOURG,47.99018,2.72462
201400028056,12,7,14,21,1,45,338,2,2,8,3,R BEL AIR/A. DUMAS,47.98339,2.71717
201400028057,5,8,14,21,1,45,68,2,3,1,3,R LAZARE CARNOT/ANATOLE,48.00733,2.73444
201400028058,6,8,14,16,1,45,68,2,1,1,6,1 M R ANDRE GIDE,0.0,0.0
201400028059,8,8,14,15,1,45,338,2,1,1,1,34 R DES PLANTES,47.97754,2.71429
201400028060,14,8,14,19,1,45,4,2,3,1,3,RTE FIRMIN DES VIGNES/BR,47.97586,2.74117
201400028061,23,8,14,20,1,45,68,2,2,1,3,R NELSON MANDELA/MARCEAU,48.01312,2.73003
201400028062,29,8,14,15,1,45,68,2,6,1,3,GIRATOIRE AV J.JAURES,48.01256,2.73942
201400028063,29,8,14,17,1,45,4,2,1,1,6,R LIBERATION,47.98029,2.76993
201400028064,30,8,14,15,1,45,4,2,3,8,3,SAINT FIRMIN DES VIGNES,0.0,0.0
201400028065,3,9,14,17,1,45,4,2,6,1,3,RTE CHATILLON/R DES PONT,47.96277,2.76446
201400028066,6,9,14,22,3,45,338,1,1,1,6,ROUTE NATIONALE 60,0.0,0.0
201400028067,11,9,14,16,1,45,208,2,3,1,2,FG CHAUSSEE/R EUROPE,47.99798,2.73986
201400028068,13,9,14,5,5,45,338,2,2,1,3,R VIEUX BOURG/J.MERMOZ,47.98094,2.72309
201400028069,19,9,14,22,5,45,68,2,2,1,3,R FERNAND BOUTTET/MARCEA,48.0131,2.72999
201400028070,24,9,14,12,1,45,68,2,1,1,6,12 R ST JUST,0.0,0.0
201400028071,29,9,14,7,1,45,208,2,3,2,6,D 2007/AV GL DE GAULLE,48.00362,2.73682
201400028072,5,10,14,10,1,45,68,2,1,3,3,AV GL LECLERC,0.0,0.0
201400028073,7,10,14,8,2,45,338,2,1,2,6,58 BIS AV HENRI BARBUSSE,47.99279,2.71936
201400028074,7,10,14,15,1,45,4,1,1,3,1,JOIGNY (ROUTE DE),0.0,0.0
201400028075,8,10,14,10,1,45,4,1,1,2,7,BRETELLE VERS D 2060,47.97046,2.73352
201400028076,26,10,14,15,1,45,68,2,1,1,6,R ROGER SALENGRO // PONT,48.02288,2.71571
201400028077,29,10,14,15,1,45,338,2,2,1,3,R LISLEDON/COURTIL CABOT,47.98515,2.69245
201400028078,5,11,14,7,1,45,4,1,4,1,3,"1, RN7",0.0,0.0
201400028079,17,11,14,13,1,45,68,2,1,8,6,12 RUE DES ECOLES,0.0,0.0
201400028080,18,11,14,7,5,45,208,2,3,2,3,FG CHAUSSEE//BRETELLE,47.99792,2.73912
201400028081,21,11,14,18,3,45,338,1,1,1,2,RD 2060,47.98914,2.68465
201400028082,24,11,14,17,2,45,208,2,1,1,6,17 AV GAILLARDIN,47.99414,2.73089
201400028083,29,11,14,16,1,45,338,2,1,8,2,22 R NICEPHORE NIEPCE,47.98019,2.71294
201400028084,28,11,14,14,1,45,208,2,3,1,1,R LIBERATION/R VIMORY,47.99405,2.72551
201400028085,5,12,14,1,5,45,4,2,1,1,6,196 R MARECHAL JUIN,47.97422,2.7761
201400028086,5,12,14,8,1,45,68,2,1,1,7,PONTONNERIE (RUE DE LA),0.0,0.0
201400028087,5,12,14,7,5,45,208,2,1,8,6,14 R DE LA SIRENE,48.00425,2.72463
201400028088,11,12,14,8,1,45,68,2,1,2,6,3 R FERDINAND BUISSON,48.02779,2.73197
201400028089,11,12,14,16,1,45,208,2,1,1,1,CHAUSSEE (RUE DU FAUBOUR,0.0,0.0
201400028090,13,12,14,13,1,45,208,2,1,8,3,67 R DE LA SIRENE,48.00493,2.72419
201400028091,15,12,14,17,5,45,338,2,3,2,6,R LIBERATION/CHAINTREAU,47.99067,2.70887
201400028092,15,12,14,18,5,45,208,2,1,2,6,11 R DE GREVEN,48.00104,2.73975
201400028093,17,12,14,8,5,45,208,2,1,3,3,18 JUIN 1940 (PLACE),0.0,0.0
201400028094,23,12,14,17,5,45,338,2,1,1,6,"1 bis, LIBERATION (RUE D",0.0,0.0
201400028095,7,1,14,7,5,45,338,2,2,1,3,R LIBERATION/ARISTIDE BR,47.98994,2.69738
201400028096,3,1,14,14,1,45,234,2,1,1,6,AV J.ZAY//BUS GASTON COU,47.91035,1.92289
201400028097,8,1,14,8,1,45,298,2,1,1,1,RTE  ST MESMIN//HT R BER,47.87832,1.85754
201400028098,16,1,14,12,1,45,234,2,1,2,6,69 R FG BANNIER,47.91041,1.90062
201400028099,17,1,14,14,1,45,234,2,1,1,3,72 Q DU CHATELET,47.89789,1.90679
201400028100,17,1,14,14,1,45,169,2,6,1,1,R CHAPELLE/MINES,47.90419,1.83584
201400028101,27,1,14,14,1,45,234,2,1,1,6,66 BD ALEXANDRE MARTIN,47.90627,1.90775
201400028102,27,1,14,16,1,45,234,2,1,1,6,61 R BOURGOGNE,47.90067,1.91599
201400028103,28,1,14,19,5,45,234,2,6,2,3,R CHATEAUBRIAND/AUGUSTE,47.81891,1.93823
201400028104,31,1,14,19,5,45,302,2,2,2,3,RTE NATIONALE/R ORMETEAU,47.94465,1.89242
201400028105,3,2,14,12,1,45,234,2,2,1,3,FG ST VINCENT/BD P.SEGEL,47.9048,1.91347
201400028106,4,2,14,7,1,45,234,2,1,1,1,82 R ARGONNE,47.91454,1.92605
201400028107,6,2,14,8,1,45,234,2,1,1,3,JOFFRE (PONT),0.0,0.0
201400028108,12,2,14,12,1,45,274,2,1,1,3,1170 R DE BRANSLES,47.89095,1.94505
201400028109,13,2,14,18,1,45,274,1,3,1,3,R MELLERAY/R CHATEAU,47.87656,1.98471
201400028110,7,2,14,15,1,45,302,2,3,1,3,ALL JEAN BOUIN/AV STADE,47.94978,1.88358
201400028111,17,2,14,18,1,45,284,2,1,1,3,41 AV DENIS PAPIN,47.91289,1.94766
201400028112,21,2,14,11,1,45,272,1,1,1,3,AV GASTON GALLOUX,47.84936,1.94363
201400028113,21,2,14,15,1,45,234,2,1,1,3,33 R ROMAIN ROLLAND,47.83946,1.92835
201400028114,26,2,14,10,1,45,169,2,2,1,3,RTE ORLEANS/R FOLIE,47.91598,1.84008
201400028115,2,3,14,15,1,45,169,2,1,1,3,10 RUE DE LA MAIRIE,47.91884,1.82864
201400028116,12,3,14,9,1,45,232,2,1,7,6,50 R GENERAL DE GAULLE,47.86447,1.90018
201400028117,13,3,14,17,1,45,234,2,1,1,3,21 Q DU ROI,47.89945,1.92408
201400028118,22,3,14,15,1,45,234,2,3,1,3,FG BANNIER/R ECOLES,47.93066,1.89553
201400028119,7,4,14,8,1,45,234,2,4,1,3,R ST MARC/HENRI LAVEDAN,47.90485,1.92315
201400028120,7,4,14,13,1,45,235,1,1,1,4,RD 955,47.95655,1.79379
201400028121,9,4,14,17,1,45,234,2,1,1,6,28 FG ST JEAN,47.90486,1.89301
201400028122,9,4,14,22,5,45,234,2,1,1,2,35 BD ROCHEPLATTE,47.90663,1.89933
201400028123,18,4,14,15,1,45,284,2,1,1,3,105 AV DE LA PAIX,47.91365,1.96192
201400028124,21,4,14,15,1,45,234,2,2,1,5,RN 20 (ROUTE NATIONALE 2,0.0,0.0
201400028125,8,5,14,14,1,45,285,2,1,1,2,184 R CHARLES BEAUHAIRE,47.91581,1.86606
201400028126,15,5,14,8,1,45,147,2,2,1,1,BD LAMARTINE/R LAMARTINE,47.92133,1.90711
201400028127,23,5,14,18,1,45,169,2,1,1,6,4 R MAIRIE,47.91923,1.82843
201400028128,29,5,14,2,5,45,234,2,1,1,6,AV ROGER SECRETAIN,47.89095,1.89558
201400028129,1,6,14,5,2,45,232,2,1,1,6,356 AV DE VERDUN,47.86931,1.9083
201400028130,1,6,14,17,1,45,284,2,1,1,3,58 AV VERDUN,47.91878,1.98209
201400028131,31,5,14,15,1,45,234,2,1,1,6,22 AV PRESIDENT KENNEDY,47.83902,1.93586
201400028132,4,6,14,18,1,45,75,2,1,1,1,RTE DE CHAINGY,0.0,0.0
201400028133,6,6,14,18,1,45,234,2,2,1,3,AV PARC FLORAL/R GOBSON,47.84625,1.94091
201400028134,11,6,14,18,1,45,234,2,3,1,5,QU CYPIERRE/R G.TEMPLIER,47.89817,1.90347
201400028135,13,6,14,22,5,45,234,2,2,1,3,AV ROGER SECRETAIN/CHABA,47.88412,1.89827
201400028136,30,6,14,18,1,45,147,2,2,1,5,R M.BERTHELOT/SANGNIER,47.92149,1.91448
201400028137,3,7,14,16,1,45,234,2,1,1,6,27 BIS BD A.MARTIN,47.90505,1.91051
201400028138,4,7,14,12,1,45,234,2,2,2,3,R LIEVRE D'OR/RENE BERTH,47.89061,1.89774
201400028139,24,7,14,7,1,45,75,2,1,1,6,R DES BAS CHAMPS,0.0,0.0
201400028140,26,7,14,7,1,45,232,2,1,1,6,539 R MARCEL BELOT,47.86278,1.90048
201400028141,24,7,14,12,1,45,147,2,1,1,6,27 R GUSTAVE ROLAND,47.92998,1.91289
201400028142,31,7,14,17,1,45,302,2,6,1,3,D 2020/R PAUL LANGEVIN,47.95725,1.89008
201400028143,3,8,14,10,1,45,234,2,2,1,3,AV DAUPHINE/QU TOURELLES,47.89468,1.90462
201400028144,6,8,14,13,1,45,285,2,3,1,3,R G.CLEMENCEAU/MARMOGNE,47.89608,1.86032
201400028145,16,8,14,5,5,45,298,2,6,1,6,"SANS, TRAITE DE ROME (AV",0.0,0.0
201400028146,22,8,14,15,1,45,302,2,1,1,1,R DE LA TUILERIE,0.0,0.0
201400028147,20,8,14,17,1,45,232,2,3,1,3,R POIRIERS/PASSE CRASSAG,47.85419,1.91702
201400028148,25,8,14,13,1,45,234,2,2,1,6,FG ST JEAN/BD JEAN JAURE,47.90378,1.89445
201400028149,2,9,14,17,1,45,284,2,3,1,2,AV P.M CURIE/R FEULARDE,47.90667,1.98479
201400028150,2,9,14,11,1,45,284,2,1,1,6,AV GENERAL LECLERC,47.91524,1.96889
201400028151,5,9,14,5,4,45,232,1,1,1,6,AV DE SOLOGNE,47.85909,1.91245
201400028152,6,9,14,14,1,45,234,2,1,1,6,5 RUE ARSENE BOURGEOIS,47.91623,1.92536
201400028153,8,9,14,17,1,45,284,2,3,1,6,126 FG DE BOURGOGNE/R GL,47.90359,1.93307
201400028154,9,9,14,20,5,45,234,2,2,1,3,AV ROGER SECRETAIN/VERDU,47.86846,1.91179
201400028155,12,9,14,11,1,45,147,2,1,1,2,295 R MARCELLIN BERTHELO,47.93994,1.91946
201400028156,17,9,14,18,1,45,285,2,2,1,1,R CHARLES BEAUHAIRE/B.MI,47.91159,1.87768
201400028157,19,9,14,18,1,45,234,2,1,1,3,97 R VIEILLE LEVEE,47.89193,1.88796
201400028158,20,9,14,16,1,45,234,2,3,1,3,R EMILE ZOLA/ST YVES,47.90976,1.90762
201400028159,24,9,14,14,1,45,234,2,2,1,3,BD MAIE STUART/R AMBERT,47.90846,1.93828
201400028160,25,9,14,8,1,45,75,2,3,1,2,R CROQUECHATAINE/J.DUFRA,47.89775,1.83307
201400028161,1,10,14,17,1,45,234,2,1,1,6,22 Q CYPIERRE,47.89821,1.90142
201400028162,2,10,14,13,1,45,302,2,1,1,1,R DU CHAMP ROUGE,47.95779,1.8476
201400028163,3,10,14,11,1,45,234,2,1,1,3,21 R DES MURLINS,47.90893,1.89939
201400028164,7,10,14,20,5,45,234,2,2,2,3,R STANISLAS JULIEN/CROIX,47.89975,1.89779
201400028165,9,10,14,11,1,45,234,2,1,1,3,AV WICHITA,47.91401,1.92825
201400028166,9,10,14,12,1,45,147,2,1,1,6,11 R VICTOR HUGO,47.92215,1.90554
201400028167,9,10,14,17,1,45,234,2,1,1,6,AV ROGER SECRETAIN,47.88416,1.89816
201400028168,14,10,14,15,1,45,284,2,3,1,3,AV CT JEAN/R PIERRE LOUG,47.90853,1.94864
201400028169,15,10,14,0,5,45,234,2,4,1,1,AV R.SECRETAIN/BRETELL,0.0,0.0
201400028170,15,10,14,8,2,45,75,2,1,1,6,"46, BLOIS (ROUTE DE BLOI",0.0,0.0
201400028171,18,10,14,11,1,45,234,2,2,1,6,BD CHATEAUDUN/ALL REGIME,47.90856,1.89169
201400028172,23,10,14,19,5,45,234,2,1,1,3,116 FG ST JEAN,47.90805,1.88604
201400028173,8,11,14,5,5,45,234,2,2,8,3,AV R SECRETAIN/R BASSE M,47.87953,1.90888
201400028174,8,11,14,16,1,45,234,2,1,1,6,27 Q DU ROI,47.89969,1.92522
201400028175,10,11,14,8,1,45,302,2,1,1,4,RTE NATIONALE 20,47.96291,1.88884