Num_Acc,jour,mois,an,hr,condition_eclairage,departement,commune,condition_agglomeration,intersection,condition_atmosphere,type_collision,adresse,lattitude,longitude
201400028176,10,11,14,20,5,45,234,2,3,1,3,RTE OLIVET/R MOREAU,47.88122,1.90338
201400028177,12,11,14,10,1,45,234,2,1,1,6,AV PARIS,47.90946,1.90423
201400028178,11,11,14,17,2,45,285,2,1,1,6,26 R HENRI PAVARD,47.90035,1.87249
201400028179,18,11,14,13,1,45,302,2,1,2,2,PASSE DEBOUT (RUE),0.0,0.0
201400028180,29,11,14,10,1,45,234,2,2,1,3,BRECHE (RUE DE LA),0.0,0.0
201400028181,5,12,14,18,5,45,285,2,1,1,6,94 R CHARLES BEAUHAIRE,47.91342,1.87329
201400028182,3,12,14,7,1,45,286,2,1,2,3,31 R GL DE GAULLE,47.89254,1.91765
201400028183,15,12,14,7,2,45,234,2,1,1,1,CONCYR (AVENUE DE),0.0,0.0
201400028184,19,12,14,8,2,45,234,2,1,2,6,"16, PRESIDENT KENNEDY (A",0.0,0.0
201400028185,20,12,14,0,3,45,302,1,1,1,1,ORMES (ROUTE D'),0.0,0.0
201400028186,22,1,14,17,1,46,42,1,1,5,7,"1728, LACAPELLE (ROUTE D",0.0,0.0
201400028187,31,1,14,15,1,46,42,1,1,1,1,D?partementale 811 (entr,44.48224,1.4115
201400028188,14,2,14,9,1,46,42,2,1,1,5,BASTIE (AVENUE MARYSE),0.0,0.0
201400028189,4,3,14,17,1,46,42,1,2,1,3,C?te de la Marchande,44.40866,1.46861
201400028190,7,3,14,12,1,46,42,2,7,1,3,RACINE (RUE JEAN),44.46176,1.45223
201400028191,16,3,14,11,1,46,42,2,1,8,6,SOUPIRS (ALLEE DES),44.44146,1.43539
201400028192,12,5,14,11,1,46,224,2,1,1,3,"756, RIMADES (ALLEE DES)",44.46918,1.40576
201400028193,20,5,14,12,1,46,42,2,7,1,3,CROIX (PLACE DE LA),44.44076,1.443
201400028194,1,6,14,10,1,46,42,2,1,1,6,BASTIE (AVENUE MARYSE),44.45804,1.42525
201400028195,19,6,14,17,1,46,42,2,1,1,3,"45, BARRY (RUE)",0.0,0.0
201400028196,19,7,14,14,1,46,42,2,1,1,1,CASANOVA (RUE DANIEL),44.43194,1.45655
201400028197,13,9,14,18,1,46,42,2,1,1,7,SEMARD (AVE PIERRE),44.44715,1.43281
201400028198,19,8,14,11,1,46,42,2,1,1,6,"15, MAGNY (RUE OLIVEIR D",44.44607,1.44445
201400028199,26,8,14,20,1,46,42,2,1,2,7,"57, MONZIE (AVENUE ANATO",44.43969,1.44115
201400028200,8,10,14,7,1,46,95,1,1,1,7,DEPARTEMENTALE N? 811,44.51634,1.36411
201400028201,7,9,14,21,5,46,95,1,1,1,7,DEPARTEMENTALE N? 811,44.50506,1.38053
201400028202,14,10,14,14,1,46,42,2,2,1,7,BOURTOUMIEUX (RUE PIERRE,44.44543,1.43508
201400028203,15,10,14,17,1,46,42,2,9,1,3,D820 BRETELLE PRADINES,44.46214,1.41986
201400028204,20,10,14,14,1,46,42,2,1,1,1,,44.4366,1.38496
201400028205,23,10,14,13,1,46,42,2,1,1,2,MAQUIS (AVENUE DU),44.45454,1.44847
201400028206,2,11,14,11,1,46,42,2,1,1,6,"93, GAMBETTA (BOULEVARD",44.44511,1.44161
201400028207,5,12,14,19,5,46,42,2,3,2,3,ZOLA (RUE EMILE),0.0,0.0
201400028208,12,12,14,16,1,46,42,2,1,1,2,ORMEAUX (COTE DES),44.46302,1.42803
201400028209,9,1,14,3,5,47,31,2,3,1,3,"1, NOGUES (Avenue du)",0.0,0.0
201400028210,10,1,14,8,1,47,1,2,2,1,3,LECLERC (AV. DU GENERAL),0.0,0.0
201400028211,10,2,14,8,1,47,1,2,2,2,3,LACOUR (BD EDOUARD),0.0,0.0
201400028212,21,2,14,12,1,47,1,2,3,1,6,STRASBOURG (RUE DE),0.0,0.0
201400028213,1,3,14,18,1,47,31,2,1,1,1,Rocade D813,0.0,0.0
201400028214,6,3,14,17,1,47,32,2,1,1,3,ARMAND (RUE),0.0,0.0
201400028215,13,4,14,0,5,47,1,2,1,1,1,CANAL (QUAI DU),0.0,0.0
201400028216,19,5,14,17,1,47,1,2,1,1,3,MONNET (AV. JEAN),0.0,0.0
201400028217,20,5,14,17,1,47,1,2,1,1,5,TISSIDRE (AV. ANDRE),0.0,0.0
201400028218,10,6,14,16,1,47,1,2,1,1,6,MIDI (AVENUE DU),0.0,0.0
201400028219,16,7,14,12,1,47,1,2,1,1,7,VERONE (AVENUE DE),0.0,0.0
201400028220,24,7,14,18,1,47,201,2,3,1,3,MAURICE (AVENUE JUSTIN),0.0,0.0
201400028221,2,8,14,18,1,47,201,2,1,1,7,BRAX (route de),0.0,0.0
201400028222,3,8,14,11,1,47,1,2,1,1,1,FOCH (PL. DU MARECHAL),0.0,0.0
201400028223,5,8,14,17,1,47,31,2,3,1,3,MENDES FRANCE,0.0,0.0
201400028224,23,8,14,11,1,47,31,1,1,1,1,RD813,0.0,0.0
201400028225,16,9,14,8,1,47,31,2,3,1,7,RUE DES VOSGES,0.0,0.0
201400028226,19,9,14,7,1,47,1,2,1,1,6,SCALIGER (BOULEVARD),0.0,0.0
201400028227,23,9,14,16,1,47,32,2,2,1,3,Rue Denis Papin,0.0,0.0
201400028228,9,10,14,17,1,47,1,2,6,1,3,ANCIENS COMBATTANTS AFN,0.0,0.0
201400028229,14,10,14,19,2,47,1,2,3,1,3,JAURES (AV. JEAN),0.0,0.0
201400028230,20,10,14,21,5,47,1,2,1,1,2,"., LIBERATION (PONT DE L",0.0,0.0
201400028231,10,11,14,16,1,47,31,2,1,1,3,AV LACAPELETTE,0.0,0.0
201400028232,27,11,14,19,5,47,1,2,2,2,3,"., PELLETAN (BOULEVARD E",0.0,0.0
201400028233,8,12,14,18,5,47,201,2,1,1,6,PYRENEES (AVENUE DES),0.0,0.0
201400028234,10,12,14,8,2,47,1,2,1,1,6,SCALIGER (BOULEVARD),0.0,0.0
201400028235,11,12,14,10,1,47,31,1,1,1,7,ROUTE DE CANCELLES,0.0,0.0
201400028236,21,12,14,16,1,47,1,2,1,1,6,DEUX ROCS (RUE DES),0.0,0.0
201400028237,18,12,14,9,1,47,201,2,2,1,6,BEME (AVENUE PAUL),0.0,0.0
201400028238,7,2,14,15,1,47,323,2,6,1,3,"1, REVOLUTION (PLACE DE",0.0,0.0
201400028239,5,4,14,18,1,47,323,2,3,1,6,"68, BARBUSSE (RUE HENRI)",0.0,0.0
201400028240,15,5,14,13,1,47,215,1,1,1,7,RD 921,0.0,0.0
201400028241,20,5,14,11,1,47,323,2,1,1,6,"24, COQUARD (RUE DE)",0.0,0.0
201400028242,31,5,14,17,1,47,323,2,2,1,3,"60, FUMEL(AVENUE DE )",0.0,0.0
201400028243,18,6,14,15,1,47,323,2,5,1,3,PUJOLS (AV),0.0,0.0
201400028244,30,8,14,23,3,47,323,1,1,1,7,ROUTE NATIONALE 21,0.0,0.0
201400028245,31,8,14,3,5,47,323,2,3,1,3,"62, BARBUSSE (R HENRI)",0.0,0.0
201400028246,18,10,14,14,1,47,323,2,1,1,6,DESMOULINS (BD CAMILLE),0.0,0.0
201400028247,19,10,14,11,1,47,323,2,2,1,1,LYES (RUE DE),0.0,0.0
201400028248,22,10,14,16,1,47,323,2,1,1,7,"57, DELVERT(RUE RAY)",0.0,0.0
201400028249,26,11,14,20,3,47,323,1,1,2,1,RD 676,0.0,0.0
201400028250,28,12,14,19,5,47,323,2,2,8,3,"06, COLLEGE(RUE DU)",0.0,0.0
201400028251,21,2,14,0,3,48,95,1,1,8,3,RD 806,44.53344,3.4919
201400028252,16,3,14,17,1,48,95,2,2,1,5,BRITEXTE (BOULEVARD),0.0,0.0
201400028253,19,4,14,8,1,48,95,2,1,7,6,"2, BOURILLON (BOULEVARD",44.51626,3.49923
201400028254,5,5,14,10,1,48,95,2,1,7,6,BRITEXTE (BOULEVARD),0.0,0.0
201400028255,10,6,14,16,1,48,95,2,1,1,6,FOCH (AVENUE),44.51805,3.49428
201400028256,16,8,14,17,1,48,95,1,1,1,5,RN 88 (LA TEBAIDE),44.50887,3.46534
201400028257,2,1,14,13,1,49,15,1,1,1,1,MEIGNANNE ROUTE DE LA,47.4952,-0.60653
201400028258,2,1,14,14,1,49,7,2,1,1,7,GRAND LAUNAY,47.46572,-0.59497
201400028259,1,1,14,5,2,49,7,2,1,2,7,"35, MADELEINE",47.4641,-0.54268
201400028260,4,1,14,12,1,49,267,1,1,1,5,RD 347,47.47071,-0.45296
201400028261,6,1,14,15,1,49,7,2,1,2,3,"14, BIRGE BOULEVARD",47.47993,-0.52162
201400028262,2,1,14,16,1,49,267,2,1,2,1,"87, PAPERIE",47.46571,-0.50953
201400028263,7,1,14,15,1,49,7,2,1,8,2,RUE J. LAKANAL,47.47708,-0.59949
201400028264,10,1,14,20,5,49,7,2,2,1,6,Bd BLANCHOIN,47.44742,-0.54338
201400028265,11,1,14,6,2,49,246,1,1,5,7,ROUTE de JUIGNE,47.4107,-0.51532
201400028266,11,1,14,21,5,49,7,2,1,1,2,"1, MONTAIGNE AVENUE",47.47152,-0.53837
201400028267,12,1,14,23,5,49,7,2,1,2,3,"26, CHANZY AVENUE",47.46021,-0.5564
201400028268,16,1,14,7,2,49,7,2,1,2,6,"100, GASNIER AVENUE",47.48499,-0.57158
201400028269,15,1,14,18,5,49,7,2,1,1,3,PATTON AVENUE,47.47325,-0.59651
201400028270,18,1,14,20,5,49,7,2,1,2,2,"74, VOLNEY",47.46055,-0.53854
201400028271,17,1,14,11,1,49,7,2,1,1,5,"54, AYRAULT",47.47548,-0.54926
201400028272,17,1,14,11,1,49,246,1,1,2,5,,47.42397,-0.50387
201400028273,21,1,14,11,1,49,7,2,1,1,1,"59, COUBERTIN BOULEVARD",47.45945,-0.53284
201400028274,22,1,14,21,5,49,7,2,1,2,3,"10, PATTON AVENUE",47.47376,-0.58049
201400028275,28,1,14,7,2,49,7,2,1,2,2,"00, GASNIER AVENUE",47.48702,-0.57322
201400028276,27,1,14,16,1,49,7,2,1,1,3,MELGRANI IMPASSE ET RUE,47.47513,-0.59446
201400028277,28,1,14,15,1,49,7,2,1,1,6,BIRGE BOULEVARD,47.47921,-0.52136
201400028278,4,2,14,17,5,49,7,2,1,1,2,BIRGE BOULEVARD,47.47455,-0.51977
201400028279,5,2,14,7,5,49,7,2,1,2,3,MONPROFIT PLACE,47.47418,-0.56712
201400028280,7,2,14,16,1,49,7,2,1,1,6,MEIGNANNE,47.48092,-0.57356
201400028281,10,2,14,7,2,49,7,2,1,2,7,"78, VOLNEY",47.46092,-0.53943
201400028282,10,2,14,12,1,49,7,1,1,1,6,"1, BARANGE BOULEVARD",47.45446,-0.56785
201400028283,10,2,14,14,1,49,267,2,1,1,7,JOLIOT CURIE,47.46727,-0.5037
201400028284,8,2,14,12,1,49,7,2,1,1,2,"1, GANDHI",47.4688,-0.5199
201400028285,11,2,14,9,1,49,7,2,1,1,3,Bd J. MILLOT,47.45609,-0.53374
201400028286,13,2,14,8,1,49,7,2,1,2,3,Rue Charles DENIS,47.45516,-0.53592
201400028287,12,2,14,18,5,49,7,2,1,2,6,"5, CHAUVAT BOULEVARD",47.45403,-0.56721
201400028288,10,2,14,7,5,49,7,2,2,1,3,BRISSAC,47.46531,-0.55033
201400028289,11,2,14,16,1,49,7,2,6,1,3,Rue de la LANDE,47.47694,-0.5988
201400028290,16,2,14,11,1,49,7,2,1,1,6,"0, RAMON BOULEVARD",47.48702,-0.53971
201400028291,15,2,14,4,5,49,7,2,1,1,7,BOUCHEMAINE ROUTE,47.44954,-0.57264
201400028292,14,2,14,8,1,49,267,1,1,1,3,"0, BEAUFORT ROUTE",47.46808,-0.47087
201400028293,14,2,14,17,1,49,7,2,6,8,3,Bd du BON PASTEUR,47.47034,-0.56923
201400028294,11,2,14,16,1,49,7,2,1,2,6,"1, LEROY PLACE",47.46465,-0.54879
201400028295,15,2,14,16,1,49,7,2,1,1,6,"48, JERUSALEM",47.47366,-0.53096
201400028296,11,2,14,16,1,49,267,1,1,1,2,"1, ANGERS ROUTE",47.46956,-0.51136
201400028297,17,2,14,11,1,49,353,1,1,1,4,"1, DAUTEL BOULEVARD",47.44283,-0.48347
201400028298,17,2,14,8,1,49,7,2,3,1,3,"244, PASTEUR AVENUE",47.48012,-0.52598
201400028299,19,2,14,15,1,49,15,2,2,1,3,LECLERC AVENUE DU MARECH,47.49561,-0.58198
201400028300,19,2,14,16,1,49,7,2,1,1,3,Bd BESSONEAU,47.47199,-0.54639
201400028301,21,2,14,8,1,49,7,1,1,1,2,"1, VILLESICARD RUE",47.44948,-0.53028
201400028302,21,2,14,18,1,49,7,2,1,1,6,"25, JEAN XXIII AVENUE",47.44983,-0.56671
201400028303,21,2,14,16,1,49,7,2,5,1,6,"1, TARDAT",47.44426,-0.55158
201400028304,22,2,14,11,1,49,7,2,1,1,6,"52, ROI RENE BOULEVARD",47.46703,-0.55476
201400028305,26,2,14,17,1,49,15,1,3,2,3,TERNIERE RUE DE LA,47.49404,-0.59911
201400028306,21,2,14,16,1,49,7,2,6,1,6,"1, EUROPE PLACE",47.48757,-0.52739
201400028307,25,2,14,8,1,49,7,2,1,1,6,Bd BESSONEAU,47.47147,-0.54687
201400028308,26,2,14,20,3,49,7,2,1,1,2,RD 323,47.47311,-0.55689
201400028309,28,2,14,8,1,49,7,2,1,1,6,"1, LABOULAYE",47.47447,-0.55388
201400028310,3,3,14,8,1,49,267,2,1,1,7,1 Bd de la CHANTERIE,47.47685,-0.5058
201400028311,3,3,14,6,2,49,7,2,1,2,7,ARBRISSEL,47.4437,-0.56324
201400028312,4,3,14,14,1,49,7,2,1,1,7,MONPLAISIR BOULEVARD,47.49075,-0.52744
201400028313,8,3,14,3,5,49,267,1,1,1,6,A87N,47.47841,-0.501
201400028314,4,3,14,8,1,49,267,2,1,1,3,1 Bd de la CHANTERIE,47.4766,-0.50383
201400028315,15,3,14,17,1,49,7,2,2,1,5,DEUX CROIX BOULEVARD,47.47113,-0.53113
201400028316,18,3,14,9,1,49,7,2,1,1,3,BOREAU,47.4765,-0.54474
201400028317,18,3,14,11,1,49,7,2,2,1,3,DEUX CROIX BOULEVARD,47.4747,-0.52913
201400028318,19,3,14,20,5,49,7,2,1,1,6,BOULEVARD ST MICHEL,47.47347,-0.5421
201400028319,20,3,14,8,1,49,246,1,1,1,3,A87N,47.4426,-0.513
201400028320,19,3,14,8,1,49,267,1,1,1,6,"1, CHANTERIE",47.47721,-0.49601
201400028321,14,3,14,20,5,49,7,2,1,1,6,"1, BRIOLLAY ROUTE",47.48617,-0.5329
201400028322,6,3,14,0,5,49,7,2,1,1,7,"4, DEUX CROIX BOULEVARD",47.4781,-0.52814
201400028323,12,3,14,16,1,49,7,2,1,1,7,RUE CHEVREUL,47.47211,-0.54864
201400028324,21,3,14,13,1,49,7,2,1,1,3,"0, PRE PIGEON",47.47635,-0.5393
201400028325,22,3,14,9,1,49,7,2,1,2,7,"1, ATLANTIQUE  AVENUE DE",47.46578,-0.56896
201400028326,24,3,14,9,1,49,7,1,1,1,6,"1, ATLANTIQUE  AVENUE DE",47.46456,-0.57345
201400028327,21,3,14,18,1,49,267,1,1,1,7,A87N,47.47165,-0.50961
201400028328,25,3,14,13,1,49,7,2,1,1,6,FOCH BOULEVARD,47.46783,-0.55106
201400028329,27,3,14,7,1,49,246,2,6,1,2,"1, BOUTTON AVENUE",47.43842,-0.50874
201400028330,27,3,14,17,1,49,15,1,1,1,6,ROUTE DE LA MEIGNANNE,47.49486,-0.60301
201400028331,30,3,14,13,1,49,7,2,1,1,6,"1, DUNANT BOULEVARD",47.48348,-0.52818
201400028332,30,3,14,12,1,49,267,1,1,1,5,RD 347,47.4732,-0.48908
201400028333,2,4,14,17,1,49,246,2,1,1,2,"1, PONT DUMNACUS",47.42248,-0.52368
201400028334,3,4,14,17,1,49,267,2,1,1,6,"37, ROMANERIE BOULEVARD",47.48525,-0.50987
201400028335,16,1,14,22,5,49,7,2,1,1,6,"1, CHALOUERE",47.47896,-0.54262
201400028336,7,4,14,16,1,49,7,2,1,1,6,"8, GARDOT",47.4675,-0.53564
201400028337,8,4,14,18,1,49,7,1,1,1,5,"1, BARANGE BOULEVARD",47.45464,-0.56806
201400028338,8,4,14,18,1,49,7,2,1,1,6,TALET AVENUE,47.47601,-0.54797
201400028339,8,4,14,10,1,49,7,2,3,9,3,"1, HAMELIN RUE",47.47512,-0.5872
201400028340,4,4,14,13,1,49,7,2,1,1,6,PASTEUR AVENUE,47.47649,-0.53289
201400028341,10,4,14,18,1,49,7,2,1,1,7,"1, BRISSAC",47.4646,-0.55042
201400028342,1,4,14,21,5,49,7,2,1,1,7,"1, PAUL BERT",47.46639,-0.55269
201400028343,9,4,14,15,1,49,7,2,3,1,3,PRE PIGEON,47.47629,-0.53907
201400028344,10,4,14,18,1,49,267,2,1,1,2,RD 347,47.47235,-0.50043
201400028345,12,4,14,8,1,49,267,1,1,1,6,"20, GEMMETRIE",47.4659,-0.50075
201400028346,13,4,14,14,1,49,7,2,1,1,3,BEDIER BOULEVARD,47.4517,-0.54568
201400028347,13,4,14,18,1,49,7,2,1,1,7,Pont Jean Moulin,47.4896,-0.54672
201400028348,15,4,14,16,1,49,7,2,1,1,6,Pont Jean Moulin,47.49054,-0.54819
201400028349,9,4,14,22,5,49,7,2,1,1,5,"163, PASTEUR AVENUE",47.47549,-0.53464
201400028350,14,4,14,8,2,49,267,2,1,1,6,RUE DE LA PELLERINIERE,47.45992,-0.48674
201400028351,15,4,14,8,1,49,7,2,1,1,2,VOIE DES BERGES,47.4751,-0.5554
201400028352,15,4,14,16,1,49,7,2,6,1,3,JUSTICES PLACE,47.45337,-0.52593
201400028353,15,4,14,16,1,49,7,2,6,1,3,"1, GIDE",47.48339,-0.57455
201400028354,15,4,14,19,1,49,7,2,2,1,3,STRASBOURG BOULEVARD,47.45944,-0.56026
201400028355,14,4,14,9,1,49,7,2,1,1,3,VOLNEY,47.46232,-0.5428
201400028356,14,4,14,16,1,49,353,2,1,1,7,RECLUS,47.45128,-0.50066
201400028357,16,4,14,19,1,49,7,2,1,1,6,24 av notre dame du lac,47.47862,-0.58549
201400028358,18,4,14,10,1,49,7,2,1,1,6,"5bis, MONTESQUIEU PASSAG",47.47309,-0.58355
201400028359,12,4,14,18,1,49,7,2,1,1,7,"132, JAURES",47.45366,-0.52574
201400028360,19,4,14,13,1,49,7,2,1,1,3,MILLOT BOULEVARD JACQUES,47.45565,-0.53389
201400028361,23,4,14,13,1,49,7,2,1,1,2,"14, ARAGO BOULEVARD",47.47671,-0.55788
201400028362,23,4,14,11,1,49,7,2,2,1,3,BIRGE BOULEVARD,47.47079,-0.51917
201400028363,23,4,14,18,1,49,15,2,6,1,3,CROIX CADEAU LIEU DIT,47.51808,-0.61371
201400028364,18,4,14,22,3,49,267,1,1,1,3,RD 347,47.47241,-0.50428
201400028365,26,4,14,4,4,49,246,2,1,8,6,GAULLE RUE CHARLES DE,47.4245,-0.52492
201400028366,25,4,14,9,1,49,7,2,1,1,3,CLEMENCEAU BOULEVARD,47.47643,-0.56646
201400028367,24,4,14,12,1,49,7,2,1,1,6,"1, VAUCANSSON",47.48792,-0.54297
201400028368,25,4,14,7,1,49,7,2,1,1,3,"00, BAUMETTE PROMENADE",47.4552,-0.57299
201400028369,28,4,14,14,1,49,7,2,1,2,3,"0, CLEMENCEAU BOULEVARD",47.4768,-0.56621
201400028370,1,5,14,19,1,49,7,2,6,1,3,"38, ARAGON AVENUE",47.47187,-0.5672
201400028371,2,5,14,17,1,49,7,2,1,1,7,"1, CHAUMIN BOULEVARD",47.45024,-0.5559
201400028372,30,4,14,19,1,49,7,2,1,1,2,PATTON AVENUE,47.47327,-0.59628
201400028373,6,5,14,15,1,49,7,2,1,1,6,JEAN XXIII AVENUE,47.44799,-0.56345
201400028374,8,5,14,15,1,49,7,2,1,2,6,CAMUS,47.48298,-0.57581
201400028375,2,5,14,0,5,49,7,2,1,1,7,VOIE DES BERGES,47.47333,-0.55663
201400028376,12,5,14,7,1,49,15,1,1,1,7,ADEZIERE ROUTE,47.50273,-0.60656
201400028377,13,5,14,12,1,49,7,2,1,1,6,Rue colonel leon FAYE,47.48964,-0.51472
201400028378,14,5,14,9,1,49,7,2,2,1,6,PATTON AVENUE,47.47339,-0.59199
201400028379,15,5,14,12,1,49,7,2,1,1,6,LICES,47.46831,-0.55437
201400028380,19,5,14,14,1,49,7,2,1,1,6,VERDUN PONT,47.47323,-0.55844
201400028381,16,5,14,16,1,49,7,2,6,1,3,ROI RENE BOULEVARD,47.46854,-0.55867
201400028382,20,5,14,18,1,49,267,1,1,1,3,RD 347,47.47397,-0.48194
201400028383,16,5,14,21,1,49,7,1,1,1,6,ROUCHY,47.47918,-0.54729
201400028384,20,5,14,16,1,49,246,2,1,2,6,"0, DAVID D'ANGERS",47.43603,-0.53089
201400028385,17,5,14,11,1,49,7,2,1,1,6,"0, GRAND MONTREJEAU",47.46852,-0.52253
201400028386,17,5,14,3,5,49,7,2,1,1,2,ATLANTIQUE  AVENUE DE L',47.46925,-0.58968
201400028387,16,5,14,17,1,49,7,2,1,1,6,LORRAINE PLACE,47.46972,-0.54774
201400028388,19,5,14,17,1,49,353,2,1,1,6,avenue pierre mendes,47.44807,-0.50728
201400028389,16,5,14,9,1,49,7,2,1,1,3,Bd AYRAULT,47.47633,-0.55112
201400028390,17,5,14,17,1,49,7,2,1,1,7,DAUDET RUE ET SQUARE,47.48722,-0.58099
201400028391,16,5,14,18,1,49,7,2,1,1,6,104 rue BRESSIGNY,47.46608,-0.5471
201400028392,21,5,14,12,1,49,7,2,1,2,1,MOULIN BOULEVARD,47.49231,-0.55461
201400028393,23,5,14,15,1,49,15,2,1,2,2,AVENUE MENDES FRANCE,47.5032,-0.58588
201400028394,22,5,14,12,1,49,7,2,1,1,6,LAVOISIER BOULEVARD,47.48062,-0.60388
201400028395,23,5,14,16,1,49,7,2,3,1,3,"0, MOREL",47.47468,-0.6066
201400028396,24,5,14,15,1,49,7,2,2,1,6,BEAUREPAIRE,47.47437,-0.56021
201400028397,25,5,14,16,1,49,267,2,1,1,2,Rue de la GEMMETRIE,47.46127,-0.49272
201400028398,27,5,14,17,1,49,7,1,1,1,4,ATLANTIQUE  AVENUE DE,47.46524,-0.5788
201400028399,27,5,14,15,1,49,7,1,1,1,2,ATLANTIQUE  AVENUE DE,47.46478,-0.57574
201400028400,27,5,14,10,1,49,7,1,1,1,4,ATLANTIQUE  AVENUE DE L',47.46485,-0.57644
201400028401,27,5,14,18,1,49,15,1,1,1,2,D775,47.50971,-0.6183
201400028402,28,5,14,18,1,49,15,2,6,1,2,"0, DE GAULLE ROND POINT",47.50058,-0.59055
201400028403,30,5,14,17,1,49,267,2,1,1,3,RD 347,47.47235,-0.50089
201400028404,30,5,14,18,1,49,7,2,1,1,6,"0, DAVID D'ANGERS",47.47116,-0.54934
201400028405,1,6,14,17,1,49,7,2,2,1,6,"0, LETANDUERE",47.45706,-0.55409
201400028406,3,6,14,17,1,49,246,2,1,1,6,RUE PASTEUR,47.41745,-0.52332
201400028407,4,6,14,17,1,49,7,2,2,1,1,Passa HAUTE DES BANCHAIS,47.48056,-0.51752
201400028408,7,6,14,10,1,49,7,2,3,2,7,RUE ROC EPINE,47.48241,-0.58081
201400028409,10,6,14,10,1,49,7,2,1,1,6,JOXE AVENUE,47.48374,-0.54167
201400028410,12,6,14,13,1,49,7,2,1,1,3,ARAGO BOULEVARD,47.47659,-0.55803
201400028411,12,6,14,14,1,49,7,2,6,1,6,COUBERTIN BOULEVARD,47.46425,-0.53139
201400028412,13,6,14,18,1,49,7,2,1,1,6,RUE SAUMUROISE,47.45691,-0.532
201400028413,13,6,14,19,1,49,7,2,2,1,3,"0, BOISNET RUE",47.47435,-0.55237
201400028414,7,6,14,12,1,49,7,2,1,1,6,"121, MADELEINE",47.46069,-0.53789
201400028415,18,6,14,7,1,49,7,2,1,1,2,"0, MEIGNANNE",47.48094,-0.57363
201400028416,21,6,14,9,1,49,7,2,1,1,6,MEIGNANNE,47.48005,-0.57227
201400028417,20,6,14,8,1,49,7,2,2,1,3,BICHON PLACE,47.47842,-0.56475
201400028418,22,6,14,10,1,49,246,2,6,1,6,GALLIENI AVENUE,47.4371,-0.51467
201400028419,23,6,14,10,1,49,15,2,2,1,3,CHEMIN DE LA BEURRIERE,47.49701,-0.5891
201400028420,24,6,14,13,1,49,15,2,6,1,3,AVENUE MENDES FRANCE,47.50692,-0.58978
201400028421,25,6,14,13,1,49,7,2,1,1,4,VOIE DES BERGES,47.4788,-0.55248
201400028422,25,6,14,17,1,49,7,2,1,1,6,CONTADES AVENUE,47.46357,-0.55393
201400028423,26,6,14,14,1,49,15,1,6,1,6,Route Nationale,47.52039,-0.6102
201400028424,26,6,14,8,1,49,267,1,3,1,7,RD 116,47.48661,-0.4832
201400028425,28,6,14,17,1,49,7,2,1,2,2,Rue du GRAND LAUNAY,47.4665,-0.59427
201400028426,28,6,14,18,1,49,7,2,1,1,3,IMBACH PLACE,47.4739,-0.54805
201400028427,2,7,14,16,1,49,7,2,1,1,6,ONZE NOVEMBRE 1918 AV,47.47102,-0.5459
201400028428,2,7,14,14,1,49,353,2,3,1,6,JEAN JAURES RUE,47.44447,-0.5006
201400028429,3,7,14,7,1,49,267,2,1,1,6,HELENE BOUCHER,47.48742,-0.49409
201400028430,4,7,14,12,1,49,7,2,1,1,1,BARON,47.49041,-0.52819
201400028431,4,7,14,14,1,49,7,2,3,1,3,rue SAINT JACQUES,47.47362,-0.57109
201400028432,4,7,14,9,1,49,7,2,1,1,3,ALLONNEAU(AUGUSTE) BO,47.48328,-0.52678
201400028433,4,7,14,16,1,49,267,1,6,1,3,RUE CUL D'ANON,47.47423,-0.51558
201400028434,7,7,14,17,1,49,7,2,1,1,6,MAURIAC SQUARE,47.4458,-0.56592
201400028435,7,7,14,17,1,49,7,2,1,1,4,RABELAIS,47.46124,-0.54666
201400028436,11,7,14,22,5,49,7,2,1,1,7,"36, DEUX CROIX BOULEVARD",47.47361,-0.52982
201400028437,15,7,14,11,1,49,7,2,2,1,3,"73, PATTON AVENUE",47.47353,-0.5859
201400028438,16,7,14,20,1,49,15,2,1,1,2,AVENUE MENDES FRANCE,47.50168,-0.58469
201400028439,16,7,14,17,1,49,353,2,1,1,3,Bd Charles de GAULLE,47.45313,-0.47791
201400028440,18,7,14,16,1,49,7,2,2,1,3,ALLONNEAU(AUGUSTE) Bd,47.48337,-0.52673
201400028441,18,7,14,17,1,49,15,2,1,1,1,"0, ARDENNE RUE ET CHEMIN",47.51149,-0.59264
201400028442,23,7,14,13,1,49,7,2,1,1,2,DUMESNIL BOULEVARD,47.47264,-0.56578
201400028443,25,7,14,19,1,49,7,2,2,1,3,RUE Auguste GAUTIER,47.46356,-0.56393
201400028444,28,7,14,18,1,49,7,2,1,1,3,LECOMBRE,47.46163,-0.5199
201400028445,25,7,14,11,1,49,7,2,2,1,6,RUR LAREVELLIERE,47.47142,-0.5248
201400028446,28,7,14,11,1,49,7,2,2,1,6,BEAUREPAIRE,47.47473,-0.56087
201400028447,5,8,14,15,1,49,353,2,2,1,3,REPUBLIQUE AVENUE,47.4461,-0.49642