Num_Acc,jour,mois,an,hr,condition_eclairage,departement,commune,condition_agglomeration,intersection,condition_atmosphere,type_collision,adresse,lattitude,longitude
201400028448,8,8,14,8,1,49,7,2,1,3,2,"15, DUPETIT THOUARS",47.46268,-0.55242
201400028449,8,8,14,13,1,49,7,2,1,3,7,ALLONNEAU(AUGUSTE) BOULE,47.48298,-0.52671
201400028450,10,8,14,0,5,49,353,2,1,9,7,PASTEUR,47.44548,-0.46634
201400028451,14,8,14,0,5,49,7,2,1,9,6,"52, RAMON BOULEVARD",47.48621,-0.53578
201400028452,15,8,14,19,2,49,7,2,1,1,7,LAFAYETTE PLACE,47.46268,-0.55309
201400028453,23,8,14,1,5,49,7,2,2,1,3,BLANCHERAIE AVENUE,47.46706,-0.56106
201400028454,26,8,14,9,1,49,7,2,1,1,7,RD 323,47.46575,-0.56898
201400028455,24,8,14,7,1,49,267,2,1,1,7,"1, HAUT BOIS",0.0,0.0
201400028456,27,8,14,17,1,49,7,2,1,1,6,MADELEINE,47.4631,-0.54109
201400028457,28,8,14,12,1,49,7,2,1,1,3,"22, MAIL",47.47466,-0.5529
201400028458,15,8,14,18,1,49,7,2,1,2,2,DAVIERS BOULEVARD,47.47933,-0.56002
201400028459,29,8,14,11,1,49,267,2,1,1,6,ROMANERIE BOULEVARD,47.48514,-0.50927
201400028460,2,9,14,0,5,49,267,1,1,1,6,A87N,47.47559,-0.50404
201400028461,3,9,14,11,1,49,7,2,2,1,3,"0, FREMUR",47.46,-0.55847
201400028462,3,9,14,18,1,49,7,2,2,1,3,BEDIER BOULEVARD,47.45175,-0.54486
201400028463,3,9,14,17,1,49,15,2,6,1,7,"0, GRANDE PLANCHE ROND P",47.50175,-0.59648
201400028464,3,5,14,22,5,49,7,2,1,1,3,"79, Av Haut de St AUBIN",47.49238,-0.56735
201400028465,4,9,14,17,1,49,7,2,1,1,6,267 rue SAUMUROISE,47.45383,-0.52698
201400028466,5,9,14,9,1,49,7,2,1,1,6,"26, ROI RENE BOULEVARD",47.46797,-0.55698
201400028467,4,9,14,13,1,49,7,2,1,1,2,BEAUSSIER BOULEVARD,47.47746,-0.59881
201400028468,5,9,14,17,1,49,246,1,1,1,4,A87N,47.43178,-0.50675
201400028469,6,9,14,16,1,49,7,1,1,1,4,ATLANTIQUE  AVENUE DE,47.46501,-0.57723
201400028470,9,9,14,16,1,49,267,2,3,1,3,RD 347,47.47141,-0.45593
201400028471,13,9,14,11,1,49,7,2,1,1,6,BD BESSONEAU,47.47203,-0.54651
201400028472,13,9,14,17,1,49,7,2,1,1,2,"0, LISERON",47.44249,-0.56691
201400028473,17,9,14,18,1,49,7,2,1,1,6,GAIN ( LOUIS),47.46888,-0.53975
201400028474,18,9,14,17,1,49,15,2,1,1,2,"188, MENDES FRANCE AVENU",47.5094,-0.59257
201400028475,17,9,14,19,1,49,15,2,1,1,2,AVENUE MENDES FRANCE,47.49976,-0.58331
201400028476,18,9,14,11,1,49,267,1,1,1,4,RUE DE LA CRESSONNIERE,47.47372,-0.49306
201400028477,18,9,14,18,1,49,7,2,2,1,3,MONPROFIT PLACE,47.47426,-0.56709
201400028478,21,9,14,17,1,49,7,2,1,1,2,VOIE DES BERGES,47.47503,-0.55541
201400028479,19,9,14,7,1,49,7,2,1,8,2,BASSE CHAINE PONT,47.47024,-0.56279
201400028480,19,9,14,9,1,49,7,2,2,1,3,RUE EVAIN,47.46059,-0.55214
201400028481,21,9,14,17,1,49,7,1,1,1,4,VOIE DES BERGES,47.47675,-0.55408
201400028482,22,9,14,18,1,49,7,2,1,1,7,VOIE DES BERGES,47.46947,-0.56346
201400028483,22,9,14,8,1,49,7,2,1,1,4,BEAUSSIER BOULEVARD,47.47729,-0.59891
201400028484,23,9,14,17,1,49,7,2,1,1,6,RUE DE LA POISSONNERIE,47.47283,-0.55615
201400028485,24,9,14,19,2,49,7,2,1,1,6,MENDES FRANCE PLACE,47.47296,-0.54568
201400028486,25,9,14,18,1,49,7,2,1,1,4,DE LATTRE DE TASSIGNY,47.45208,-0.54043
201400028487,25,9,14,11,1,49,7,2,1,1,6,SEMARD PLACE,47.46515,-0.55929
201400028488,25,9,14,14,1,49,7,2,1,1,7,PAPILLAIE CHEMIN,47.45953,-0.60336
201400028489,25,9,14,19,5,49,7,2,1,1,7,"23, ROC EPINE SQUARE",47.48073,-0.58126
201400028490,27,9,14,16,1,49,7,1,1,1,6,BEAUSSIER BOULEVARD,47.47636,-0.59933
201400028491,26,9,14,20,3,49,7,2,6,1,3,RUE MAJOR ALLARD,47.47682,-0.54075
201400028492,29,9,14,17,1,49,246,2,2,1,3,DAVID D'ANGERS,47.44272,-0.53506
201400028493,29,9,14,18,1,49,7,2,2,1,3,RUE DE RENNES,47.47815,-0.54824
201400028494,29,9,14,16,1,49,7,2,2,1,3,Bd AYRAULT,47.4754,-0.54914
201400028495,29,9,14,7,2,49,7,2,1,1,7,RUE DE L'ETANDUERE,47.45596,-0.55383
201400028496,29,9,14,13,1,49,267,2,1,1,7,LA  GRANDE CORBIERE,47.48814,-0.46773
201400028497,2,10,14,17,1,49,7,2,2,1,1,"0, DAVIERS BOULEVARD",47.4793,-0.56041
201400028498,3,10,14,7,3,49,7,2,7,1,3,CLAUDEL,47.45012,-0.56616
201400028499,6,10,14,7,2,49,267,2,2,1,3,LD AMBILLONS,47.46935,-0.46559
201400028500,4,10,14,7,2,49,7,2,1,1,1,LIBERTE BOULEVARD,47.44883,-0.53448
201400028501,3,10,14,18,1,49,7,2,2,1,3,BICHON PLACE,47.47875,-0.56502
201400028502,6,10,14,18,1,49,7,2,2,1,3,Chem des 3 paroisses,47.44272,-0.53517
201400028503,6,10,14,15,1,49,7,2,1,3,2,JEANNE D'ARC AVENUE,47.46884,-0.54174
201400028504,6,10,14,14,1,49,7,2,1,2,3,LECOMBRE,47.46163,-0.5199
201400028505,8,10,14,5,5,49,15,2,6,1,7,RUE HENRI DUNANT,47.50189,-0.58503
201400028506,7,10,14,9,1,49,7,2,2,1,3,RUE DAGUENET,47.47441,-0.51966
201400028507,9,10,14,9,1,49,7,2,1,1,7,ATLANTIQUE  AVENUE DE,47.4656,-0.57971
201400028508,9,10,14,7,1,49,7,2,1,1,2,ATLANTIQUE  AVENUE DE,47.46785,-0.58523
201400028509,9,10,14,15,1,49,7,2,2,1,3,Bd RESISTANCE ET DEPORTA,47.47132,-0.5469
201400028510,9,10,14,17,1,49,7,1,1,1,6,RAMON BOULEVARD,47.48892,-0.54497
201400028511,11,10,14,17,1,49,7,2,3,1,3,GAIN ( LOUIS),47.46749,-0.53578
201400028512,11,10,14,14,1,49,7,2,1,1,2,"0, PATTON AVENUE",47.4732,-0.59637
201400028513,10,10,14,16,1,49,7,2,6,1,6,"0, MOULIN PONT ET PLACE",47.48888,-0.54588
201400028514,11,10,14,14,1,49,7,1,1,1,2,RD 323,47.46457,-0.57238
201400028515,13,10,14,17,1,49,15,1,2,1,3,MEIGNANNE ROUTE DE LA,47.49968,-0.62112
201400028516,14,10,14,9,1,49,7,2,2,1,3,HUTREAU CHEMIN,47.44476,-0.5767
201400028517,14,10,14,17,1,49,7,2,6,1,3,AMSLER RUE,47.48788,-0.55409
201400028518,14,10,14,10,1,49,7,2,1,1,6,RUE PAUL BERT,47.46557,-0.55097
201400028519,30,8,14,14,1,49,7,2,2,1,2,"14, DAVIERS BOULEVARD",47.47899,-0.55715
201400028520,16,10,14,12,1,49,267,1,3,1,5,RD 347,47.47339,-0.46584
201400028521,16,10,14,9,1,49,7,2,2,1,6,FOCH BOULEVARD,47.46842,-0.55022
201400028522,17,10,14,8,2,49,7,2,1,1,7,ROI DE POLOGNE QUAI,47.46843,-0.56461
201400028523,19,10,14,1,5,49,7,2,2,1,3,"20, PASTEUR AVENUE",47.47219,-0.54097
201400028524,17,10,14,16,1,49,7,2,1,1,2,BEDIER BOULEVARD,47.45142,-0.54675
201400028525,19,10,14,0,5,49,7,2,1,1,7,Bd D'ARBRISSEL,47.44616,-0.56907
201400028526,18,10,14,16,1,49,15,2,6,1,3,avenue de la boissière,47.49053,-0.58267
201400028527,21,10,14,18,1,49,7,2,1,1,2,BON PASTEUR BOULEVARD,47.47118,-0.57272
201400028528,22,10,14,7,2,49,267,1,1,1,7,A87N,47.47167,-0.5096
201400028529,22,10,14,12,1,49,267,2,6,1,3,BD CHANTERIE,47.48164,-0.49144
201400028530,23,10,14,9,1,49,353,2,6,1,3,RUE CLOS DU PLESSIS,47.44072,-0.49841
201400028531,23,10,14,16,1,49,7,2,3,1,3,Bd Général de GAULLE,47.46973,-0.56189
201400028532,24,10,14,19,3,49,7,1,1,1,3,RD 323,47.46516,-0.5769
201400028533,24,10,14,18,1,49,246,2,1,1,2,"88, BOUTTON AVENUE",47.44021,-0.50105
201400028534,27,10,14,16,1,49,7,2,1,1,3,"44, PATTON AVENUE",47.47364,-0.58343
201400028535,28,10,14,11,1,49,7,2,1,1,6,BASSE CHAINE PONT,47.47047,-0.56338
201400028536,28,10,14,14,1,49,7,2,3,1,2,GANDHI,47.46834,-0.51906
201400028537,29,10,14,12,1,49,7,2,6,1,2,COUBERTIN BOULEVARD,47.46425,-0.53139
201400028538,29,10,14,18,5,49,7,2,6,1,7,LAFAYETTE PLACE,47.46272,-0.55252
201400028539,29,10,14,17,1,49,7,2,2,1,3,MANSION,47.47736,-0.58941
201400028540,30,10,14,12,1,49,7,2,1,1,2,GAULLE BOULEVARD CHAR,47.46979,-0.56153
201400028541,30,10,14,20,3,49,7,2,4,1,3,RUE DU DAGUENET,47.47504,-0.52534
201400028542,2,10,14,19,2,49,246,2,1,1,5,HUGO VICTOR RUE,47.42801,-0.52741
201400028543,1,11,14,17,1,49,7,2,2,1,3,BEAUSSIER BOULEVARD,47.47315,-0.59987
201400028544,4,11,14,8,2,49,7,2,1,1,7,"00, GAULLE BOULEVARD CHA",47.46982,-0.56157
201400028545,4,11,14,9,1,49,7,2,1,1,2,"1, ROI RENE BOULEVARD",47.46858,-0.55853
201400028546,31,10,14,16,1,49,7,2,1,1,6,"36, FOCH BOULEVARD",47.46845,-0.5505
201400028547,5,11,14,18,5,49,7,2,2,9,3,BIRGE BOULEVARD,47.4744,-0.51971
201400028548,5,11,14,18,5,49,7,2,1,1,6,"0, DE LATTRE DE TASSIGNY",47.45192,-0.54034
201400028549,7,11,14,10,1,49,7,2,3,1,7,LETANDUERE,47.46396,-0.55534
201400028550,7,11,14,22,3,49,267,1,1,2,5,RD 347,47.47342,-0.4666
201400028551,8,11,14,21,5,49,7,2,6,1,2,"0, GRAND LAUNAY",47.46774,-0.59306
201400028552,10,11,14,19,5,49,7,2,1,2,3,"27B, LA COMBE RUE",47.48625,-0.57899
201400028553,10,11,14,18,2,49,7,2,6,1,7,LEROY PLACE,47.46467,-0.54854
201400028554,11,11,14,20,4,49,7,2,1,2,7,DE LATTRE DE TASSIGNY,47.45576,-0.543
201400028555,13,11,14,14,1,49,7,2,6,1,3,GRAND MONTREJEAU,47.46782,-0.52094
201400028556,3,11,14,15,2,49,353,2,1,3,7,"0, BARA",47.44296,-0.48456
201400028557,6,11,14,7,1,49,7,2,6,1,3,ARAGON AVENUE,47.47202,-0.56714
201400028558,21,11,14,18,5,49,7,2,3,1,6,GASNIER AVENUE,47.48625,-0.57263
201400028559,20,11,14,20,3,49,7,2,1,1,7,ATLANTIQUE  AVENUE DE L',47.46509,-0.5776
201400028560,20,11,14,19,5,49,7,2,1,1,6,RUE BLAISE PASCAL,47.45786,-0.53913
201400028561,21,11,14,5,4,49,7,2,9,1,7,GARDOT,47.46884,-0.53198
201400028562,21,11,14,21,5,49,7,2,1,1,7,"45, NOTRE DAME DU LAC AV",47.47957,-0.58942
201400028563,21,11,14,17,2,49,7,2,1,1,7,"41, PAUL BERT",47.46504,-0.54941
201400028564,21,11,14,18,2,49,7,1,2,1,3,"0, RESISTANCE ET DEPORTA",47.47131,-0.54685
201400028565,22,11,14,15,1,49,7,2,1,8,6,"2, BOUCHEMAINE ROUTE",47.45392,-0.56855
201400028566,22,11,14,14,1,49,7,2,1,1,3,"0, CHATENAY AVENUE VICTO",47.4855,-0.51571
201400028567,22,11,14,12,1,49,15,2,6,8,6,AVENUE MENDES FRANCE,47.50198,-0.58512
201400028568,25,11,14,12,1,49,7,2,1,9,3,"16, BIRGE BOULEVARD",47.47976,-0.52153
201400028569,25,11,14,18,5,49,7,2,1,5,6,RUE DES CAPUCINS,47.48708,-0.55496
201400028570,27,11,14,8,2,49,7,2,1,1,6,PATTON AVENUE,47.47334,-0.59301
201400028571,1,12,14,8,2,49,353,1,1,1,7,RUE RECLUS,47.45171,-0.49621
201400028572,30,11,14,16,1,49,7,2,1,1,6,RUE MALSOU,47.47677,-0.56093
201400028573,1,12,14,14,1,49,7,2,2,1,6,CHAUVAT BOULEVARD,47.45297,-0.56551
201400028574,2,12,14,8,2,49,7,2,1,2,6,PASTEUR AVENUE,47.47578,-0.53417
201400028575,2,12,14,15,1,49,7,1,1,1,6,ATLANTIQUE  AVENUE DE,47.46484,-0.576
201400028576,2,12,14,17,2,49,267,2,1,2,2,CLAVERIE,47.48673,0.0
201400028577,3,12,14,13,1,49,7,2,1,1,2,"86, PATTON AVENUE",47.47349,-0.58833
201400028578,4,12,14,17,5,49,7,2,1,2,2,MONPLAISIR BOULEVARD,47.48991,-0.52205
201400028579,4,12,14,18,5,49,7,2,2,3,3,MARIANNE BOULEVARD,47.45031,-0.52912
201400028580,4,12,14,18,5,49,7,2,1,2,2,MONTAIGNE AVENUE,47.46903,-0.53231
201400028581,5,12,14,18,3,49,7,2,1,1,4,VOIE DES BERGES,47.47228,-0.55851
201400028582,6,12,14,8,1,49,7,2,2,1,3,RUE PAUL BERT,47.46533,-0.55035
201400028583,7,12,14,0,5,49,246,2,2,1,2,PYRAMIDE ROUTE,47.44824,-0.51151
201400028584,10,12,14,8,2,49,7,2,2,1,7,BEDIER BOULEVARD,47.45178,-0.54484
201400028585,10,12,14,21,5,49,7,2,6,1,2,Rue VOLNEY,47.46473,-0.54864
201400028586,9,12,14,17,5,49,246,1,1,1,3,CHAUVIN AVENUE,47.43125,-0.5376
201400028587,12,12,14,10,1,49,246,2,4,1,7,EUROPE AVENUE,47.43673,-0.53117
201400028588,12,12,14,7,5,49,7,2,1,1,4,Rue RABELAIS,47.46415,-0.54845
201400028589,9,12,14,16,1,49,353,2,1,1,6,"0, REPUBLIQUE AVENUE",47.44867,-0.50127
201400028590,15,12,14,11,1,49,7,1,1,1,7,BD BESSONEAU,47.47146,-0.54689
201400028591,12,12,14,18,5,49,15,2,1,1,6,RUE HENRI DUNANT,47.50189,-0.58521
201400028592,15,12,14,20,5,49,7,2,3,1,7,"16, FOCH BOULEVARD",47.46943,-0.54922
201400028593,15,12,14,16,1,49,7,2,1,1,6,"8bis, SAINT JACQUES",47.47392,-0.56854
201400028594,31,10,14,12,1,49,7,2,1,1,2,BARANGE BOULEVARD,47.45455,-0.5682
201400028595,17,12,14,0,4,49,7,2,1,1,7,"18, MEIGNANNE",47.47785,-0.56838
201400028596,18,12,14,22,5,49,7,2,3,1,2,LARREY,47.4793,-0.55571
201400028597,18,12,14,19,5,49,7,2,6,1,6,"0, KENNEDY PLACE",47.46857,-0.55866
201400028598,18,12,14,20,5,49,7,2,2,1,6,"18, PASTEUR",47.47214,-0.54111
201400028599,19,12,14,19,5,49,7,2,3,2,3,FAURE QUAI,47.4831,-0.54918
201400028600,24,12,14,18,4,49,7,2,2,1,3,RUE DE LETANDUERE,47.4506,-0.5528
201400028601,26,12,14,19,5,49,7,2,2,1,3,BOISNET RUE,47.47376,-0.55573
201400028602,29,12,14,14,1,49,7,2,2,1,1,RAMON BOULEVARD,47.48552,-0.53333
201400028603,30,12,14,13,1,49,267,1,1,1,6,A87N,47.42796,-0.50468
201400028604,3,1,14,19,5,49,99,2,2,2,3,DELHUMEAU PLESSIS (BOULE,47.05789,-0.87941
201400028605,10,1,14,20,3,49,99,2,1,1,2,RD160,47.07813,-0.83424
201400028606,3,1,14,14,1,49,99,2,3,1,6,EUROPE (AVENUE DE L'),47.04857,-0.88511
201400028607,17,1,14,8,1,49,99,2,3,1,3,"40, LECLERC (AVENUE DU M",47.06422,-0.86352
201400028608,20,1,14,7,3,49,99,2,2,5,3,FLECHE (RUE DE LA),47.07363,-0.86765
201400028609,24,1,14,6,5,49,99,2,2,3,3,JUIN (BOULEVARD DU MAREC,47.0442,-0.88546
201400028610,23,1,14,15,1,49,99,2,2,8,3,SAINT CHRISTOPHE (RUE DE,47.05398,-0.90083
201400028611,25,1,14,0,5,49,99,2,1,2,6,Place du 77è RI,47.06522,-0.87057
201400028612,30,1,14,18,5,49,99,2,2,1,3,MAINE (BOULEVARD DU),47.07362,-0.86762
201400028613,2,2,14,3,3,49,99,2,6,2,6,BEAUPREAU (AVENUE DE),47.07268,-0.89965
201400028614,3,2,14,19,2,49,99,2,1,8,2,"41, CHANZY (Bd)",47.06949,-0.88274
201400028615,8,2,14,18,5,49,99,2,1,1,4,TROIS PROVINCES (AVENUE,47.06009,-0.93234
201400028616,26,2,14,17,2,49,99,2,1,1,3,"42, DELACROIX (RUE EUGEN",47.0665,-0.86354
201400028617,18,3,14,17,1,49,99,2,1,1,6,15 bd DELHUMEAU PLESSIS,47.05762,-0.87895
201400028618,18,3,14,20,5,49,99,2,6,1,2,CEZANNE (RUE PAUL),47.05021,-0.85509
201400028619,25,3,14,17,1,49,99,2,1,1,1,RD160,47.079,-0.83251
201400028620,28,3,14,17,1,49,99,2,1,1,5,BREMOND (RUE EUGENE),47.07383,-0.90329
201400028621,29,3,14,15,1,49,99,2,1,1,7,04 rue St MELAINE,47.05887,-0.88772
201400028622,1,4,14,8,1,49,99,2,6,1,3,DELHUMEAU PLESSIS (Bd),47.05567,-0.87642
201400028623,8,4,14,18,1,49,99,2,1,1,3,"26, CHOUTEAU (BOULEVARD",47.06725,-0.887
201400028624,9,4,14,17,1,49,99,2,1,1,4,"68, TROIS PROVINCES (AVE",47.05946,-0.91767
201400028625,10,4,14,19,1,49,99,2,6,1,3,RD160,47.0501,-0.87221
201400028626,12,4,14,6,5,49,99,2,1,1,6,"9, MARTEAUX (RUE DES)",47.06025,-0.88317
201400028627,13,4,14,13,1,49,99,1,1,1,6,RD 752,46.99044,-0.8903
201400028628,14,4,14,17,1,49,99,2,3,1,6,SAINT PIERRE (RUE),47.06032,-0.87435
201400028629,17,4,14,18,1,49,99,2,1,1,2,"01, GUILLAUMINERIE (RUE",47.05955,-0.87339
201400028630,6,5,14,9,1,49,99,2,3,1,3,NORMANDIE (RUE DE),47.0719,-0.87419
201400028631,12,5,14,17,1,49,99,2,1,8,2,"1, SABLES (AVENUE DES )",47.04144,-0.89992
201400028632,12,5,14,19,1,49,99,2,1,1,6,"80, ITALIE (RUE D')",47.03946,-0.86876
201400028633,13,5,14,10,1,49,99,2,6,1,3,CARNOT (RUE SADI),47.06306,-0.86597
201400028634,11,6,14,19,1,49,99,1,1,1,6,VC12,0.0,0.0
201400028635,12,6,14,21,1,49,99,2,1,1,1,"26, SAINT SERVAN (RUE)",47.06498,-0.89927
201400028636,19,6,14,18,1,49,99,2,3,1,3,MANCEAU (AVENUE ANATOLE),47.05208,-0.87863
201400028637,24,6,14,12,1,49,99,2,6,1,3,SABLES (AVENUE DES ),47.03792,-0.90376
201400028638,28,6,14,11,1,49,99,2,1,8,2,"97, RICHARD (Bd)",47.06709,-0.88119
201400028639,30,6,14,18,1,49,99,2,6,1,2,RUE D'ANJOU,47.07689,-0.84137
201400028640,11,7,14,16,1,49,99,2,1,1,3,"04, POITOU (BOULEVARD DU",47.06872,-0.85148
201400028641,12,7,14,20,1,49,99,2,1,1,6,FONTAINE DU GRAND PIN (R,47.06121,-0.88095
201400028642,12,7,14,3,5,49,99,2,2,1,3,RICHELIEU (BOULEVARD DE),47.04407,-0.88556
201400028643,17,7,14,17,1,49,99,2,1,1,3,CHENE ROND (AVENUE DU),47.04182,-0.88513
201400028644,17,7,14,18,1,49,99,2,1,1,4,TROIS PROVINCES (AVENUE,47.05949,-0.91897
201400028645,18,7,14,9,1,49,99,2,2,1,2,MAINE (BOULEVARD DU),47.07314,-0.86224
201400028646,20,7,14,11,1,49,99,2,1,8,6,"23, CHOUTEAU (Bd)",47.06729,-0.88676
201400028647,21,7,14,16,1,49,99,2,9,1,6,"1, KOENIG (AVENUE DU MAR",47.05202,-0.84972
201400028648,25,7,14,12,1,49,99,2,2,1,4,JUIN (BOULEVARD DU MAREC,47.04407,-0.88554
201400028649,25,7,14,18,1,49,99,2,2,1,3,NATIONALE (RUE),47.06182,-0.88427
201400028650,4,8,14,16,1,49,99,2,2,2,5,RUE DU BORDAGE MARC,47.05613,-0.87502
201400028651,9,8,14,4,2,49,99,2,1,1,6,VOUVRAY (RUE DE ),47.07027,-0.85858
201400028652,15,8,14,7,2,49,99,2,1,1,2,TOURAINE (BOULEVARD DE),47.0707,-0.85424
201400028653,23,8,14,1,3,49,99,1,1,1,6,RD 157,46.99753,-0.88434
201400028654,30,8,14,13,1,49,99,2,1,1,3,ARCOLE (RUE D'),47.04632,-0.89816
201400028655,30,8,14,19,1,49,99,2,3,1,3,LYAUTEY (RUE DU MARECHAL,47.05439,-0.86759
201400028656,30,9,14,14,1,49,99,2,1,1,6,SABLES (AVENUE DES ),47.04224,-0.89921
201400028657,1,10,14,13,1,49,99,2,1,1,3,CHANZY (BOULEVARD GENERA,47.06835,-0.88166
201400028658,14,10,14,8,1,49,99,1,1,1,2,RN 249,47.03429,-0.90081
201400028659,18,10,14,22,5,49,99,2,3,1,3,HERAULT (BOULEVARD),47.06885,-0.87989
201400028660,4,11,14,7,2,49,99,2,3,8,3,NANTES (AVENUE DE),47.05977,-0.90075
201400028661,10,11,14,19,5,49,99,2,3,1,3,LIBERATION (AVENUE DE LA,47.05491,-0.87996
201400028662,11,12,14,16,3,49,99,2,3,8,6,STRASBOURG (BOULEVARD DE,0.0,0.0
201400028663,12,12,14,7,5,49,99,2,1,8,2,LIBERATION (AVENUE DE LA,0.0,0.0
201400028664,13,12,14,1,5,49,99,2,1,1,6,VERLAINE (PLACE PAUL),0.0,0.0
201400028665,14,12,14,17,2,49,99,1,1,1,5,,47.0857,-0.83047
201400028666,15,12,14,18,5,49,99,2,1,2,6,"55, LORRAINE (RUE DE)",0.0,0.0
201400028667,17,12,14,4,5,49,99,2,3,2,3,NIVERNAIS (RUE DU),0.0,0.0
201400028668,18,12,14,8,5,49,99,2,3,2,3,STRASBOURG (BOULEVARD DE,0.0,0.0
201400028669,24,12,14,0,3,49,99,1,1,2,6,RN160,0.0,0.0
201400028670,24,1,14,18,5,49,328,2,1,2,3,FUSILLES (AVENUE DES),47.28269,-0.0521
201400028671,25,1,14,18,1,49,328,2,6,1,3,MARNE (ROND-POINT),47.25007,-0.07932
201400028672,29,1,14,12,1,49,328,2,6,1,7,G. POMPIDOU (AV),47.26513,-0.10105
201400028673,5,2,14,15,1,49,328,1,1,2,7,ROCADE D 347,47.27312,-0.0808
201400028674,10,2,14,16,1,49,328,2,1,1,4,"440, FRICOTELLE (RUE)",47.24645,-0.07547
201400028675,17,2,14,9,1,49,328,2,3,1,4,ALSACE (RUE D'),47.25814,-0.08347
201400028676,25,2,14,12,1,49,328,2,1,1,7,DE GAULLE (AVENUE),47.26405,-0.0734
201400028677,26,2,14,14,1,49,328,2,1,1,6,"32, SEIGNEUR (RUE)",47.25318,-0.07877
201400028678,26,2,14,18,2,49,328,2,6,1,3,RESISTANCE (PLACE DE LA),47.26718,-0.06978
201400028679,28,2,14,19,1,49,328,1,1,1,2,ROCADE D 347,47.24668,-0.10605
201400028680,11,3,14,10,1,49,328,2,3,1,3,DAVID D'ANGERS (AVENUE),47.27143,-0.07475
201400028681,18,3,14,10,1,49,328,2,6,8,6,"sans, DELESSERT (BOULEVA",47.26021,-0.08908
201400028682,24,3,14,11,1,49,328,2,1,8,7,CHEMIN VERT (RUE DU),47.24118,-0.07752
201400028683,24,3,14,14,1,49,328,2,2,1,3,FIDELITE (RUE DE LA),47.26138,-0.07837
201400028684,25,3,14,7,1,49,328,2,3,1,6,BERNARD (RUE CLAUDE),47.24089,-0.07468
201400028685,25,3,14,8,1,49,328,2,1,1,6,Bd DELESSERT,47.25598,-0.08731
201400028686,27,3,14,11,1,49,328,2,6,1,6,MAUPASSANT (PLACE),47.25739,-0.08143
201400028687,28,3,14,7,1,49,328,2,6,1,6,BALZAC (SQUARE),47.25209,-0.08014
201400028688,28,3,14,13,1,49,328,2,1,1,6,MARCEAU (RUE),47.25079,-0.074
201400028689,1,4,14,13,1,49,328,2,6,1,3,RESISTANCE (PLACE),47.26769,-0.06941
201400028690,4,4,14,8,1,49,328,2,4,1,3,PONT FOUCHARD (RUE DU),47.2515,-0.08782
201400028691,4,4,14,22,5,49,328,2,6,1,3,MUSEE DU MOTEUR (Rd pt),47.25208,-0.08738
201400028692,15,4,14,11,1,49,328,2,6,1,3,AMIOT (RUE JULES),47.26124,-0.09863
201400028693,19,4,14,14,1,49,328,2,1,1,7,ROUTE DE MONTSOREAU,47.24452,-0.03462
201400028694,21,4,14,22,5,49,328,2,6,1,3,RESISTANCE (PLACE DE LA),47.26724,-0.06987
201400028695,24,4,14,6,1,49,328,2,1,1,7,MERMOZ (AVENUE JEAN),47.25977,-0.10341
201400028696,5,5,14,21,2,49,328,1,1,1,7,VIEUX VIVY (ROUTE),47.29081,-0.07016
201400028697,7,5,14,0,5,49,328,2,1,1,7,"45, ORLEANS (RUE D')",47.25923,-0.07903
201400028698,15,5,14,17,1,49,328,2,1,1,6,"120, FUSILLES (AVENUE DE",47.27504,-0.0602
201400028699,15,5,14,19,1,49,328,1,1,1,7,ANGERS (ROUTE D'),47.28563,-0.09886
201400028700,17,5,14,9,1,49,328,2,1,1,7,WEYGAND (Rd Point),47.26433,-0.09173
201400028701,19,5,14,7,1,49,328,2,6,1,3,CHEMIN VERT (RUE DU),47.24691,-0.07707
201400028702,27,5,14,12,1,49,328,2,2,1,3,MARAICHERS (AVENUE DES),47.27337,-0.06939
201400028703,2,6,14,13,1,49,328,2,1,1,3,WEYGAND (BOULEVARD),47.26351,-0.09072
201400028704,4,6,14,13,1,49,328,1,1,1,7,VIEUX VIVY (ROUTE),47.28993,-0.06972
201400028705,6,6,14,16,1,49,328,2,1,1,6,ORLEANS (RUE D'),47.25806,-0.08031
201400028706,18,6,14,15,1,49,328,2,2,1,3,DEMOISELLES (Bd),47.28029,-0.06821
201400028707,22,6,14,17,1,49,328,2,1,1,6,QUAI LUCIEN GAUTIER,47.26042,-0.075
201400028708,25,6,14,17,1,49,328,2,1,1,6,"769, CHEMIN VERT (RUE DU",47.24499,-0.07717
201400028709,28,6,14,5,4,49,328,2,6,1,6,DE GAULLE (AVENUE,47.26438,-0.07324
201400028710,28,6,14,15,1,49,328,2,1,3,7,PONT FOUCHARD (RUE),47.2489,-0.09091