Num_Acc,jour,mois,an,hr,condition_eclairage,departement,commune,condition_agglomeration,intersection,condition_atmosphere,type_collision,adresse,lattitude,longitude
201400028711,4,7,14,20,1,49,328,2,1,1,1,CHAMPIGNY (ROUTE DE),47.24053,-0.04507
201400028712,6,7,14,7,1,49,328,2,1,2,6,CHAMPIGNY (ROUTE DE),47.24648,-0.05285
201400028713,22,7,14,20,1,49,328,2,3,1,7,GRANGE COURONNE (Rue),47.27926,-0.06761
201400028714,23,7,14,21,2,49,328,2,1,1,1,"24, MAYAUD (QUAI)",47.25664,-0.06845
201400028715,23,7,14,21,2,49,328,2,1,1,7,DELESSERT (Bd),47.25625,-0.08744
201400028716,1,8,14,16,1,49,328,2,1,1,7,"166, GAY LUSSAC (RUE)",47.2489,-0.0785
201400028717,6,8,14,14,1,49,328,2,1,1,6,"sans, DUNANT (BOULEVARD",47.26779,-0.08666
201400028718,6,8,14,18,1,49,328,2,6,1,3,"sans, FONTEVRAUD (ROUTE",47.24673,-0.06371
201400028719,10,8,14,12,1,49,328,2,1,1,2,"65, PRESSOIR (RUE DU)",47.25055,-0.07746
201400028720,10,8,14,14,1,49,328,2,1,6,7,"94, MABILEAU (RUE RENE)",47.2545,-0.09168
201400028721,11,8,14,23,4,49,328,2,6,1,7,RESISTANCE (PLACE),47.26721,-0.06994
201400028722,14,8,14,9,1,49,328,2,1,1,3,"55 bis, PALUSTRE (RUE)",47.27476,-0.11025
201400028723,17,8,14,1,5,49,328,2,1,1,7,CARNOT (QUAI),47.26357,-0.08067
201400028724,28,8,14,16,1,49,328,2,1,1,4,POMPIDOU (AVENUE GEORGES,47.26512,-0.10007
201400028725,10,9,14,16,1,49,328,1,4,1,7,CHAMPIGNY (ROUTE DE),47.23409,-0.03756
201400028726,11,9,14,8,1,49,328,1,1,1,7,"sans, CADRE NOIR (PONT D",47.2711,-0.08427
201400028727,12,9,14,7,1,49,328,2,1,1,3,BERNARD (RUE CLAUDE),47.24091,-0.07645
201400028728,15,9,14,22,3,49,328,1,1,1,2,ANGERS (ROUTE D'),47.27126,-0.07723
201400028729,17,9,14,15,1,49,328,1,1,1,4,ROCADE D 347,47.25598,-0.09881
201400028730,22,9,14,17,1,49,328,2,1,1,2,FUSILLES (AVENUE DES),47.2791,-0.05683
201400028731,29,9,14,18,2,49,328,2,1,1,2,"173, PEUPLERAIES (AVENUE",47.24686,-0.08925
201400028732,14,10,14,12,1,49,328,1,1,1,2,ROCADE D 347,47.24672,-0.10597
201400028733,17,10,14,0,5,49,328,2,2,1,3,CHANZY (RUE),47.2604,-0.08163
201400028734,17,10,14,14,1,49,328,2,1,1,6,ARCHE DOREE (PLACE),47.25654,-0.07888
201400028735,21,10,14,17,1,49,328,2,1,1,2,FOUCHARD (Rue du Pont),47.24964,-0.09001
201400028736,24,10,14,17,1,49,328,2,2,1,3,GRANDE RUE (RUE),47.25633,-0.07677
201400028737,28,10,14,17,1,49,328,1,1,1,2,PONT DU CADRE NOIR,47.27141,-0.08378
201400028738,30,10,14,15,1,49,328,2,2,1,3,MARAICHERS (AVENUE),47.27339,-0.06937
201400028739,5,11,14,17,1,49,328,2,3,1,3,PALUSTRE (RUE LEOP,47.27476,-0.11029
201400028740,12,11,14,16,1,49,328,2,1,1,7,BRAILLE (RUE LOUIS),47.24425,-0.07816
201400028741,14,11,14,20,5,49,328,2,1,1,7,CESSART (PONT),47.26235,-0.07548
201400028742,15,11,14,11,1,49,328,2,1,1,3,DE LATTRE DE TASSIGNY (B,47.25952,-0.08977
201400028743,16,12,14,10,1,49,328,2,6,2,3,CHEMIN VERT (RUE DU),47.24695,-0.07722
201400028744,16,12,14,17,2,49,328,2,1,1,6,"27, ALSACE (RUE D')",47.25785,-0.0827
201400028745,30,12,14,12,1,49,328,2,1,1,6,"22, Av CROIX DE GUERRE",47.27568,-0.07992
201400028746,2,1,14,0,5,50,173,2,6,6,6,ROND POINT DE CAPEL,49.6575,-1.66871
201400028747,3,1,14,12,1,50,173,2,6,2,2,ROND POINT QUERQUEVILLE,49.6607,-1.68568
201400028748,6,1,14,12,1,50,129,2,6,1,6,ROND POINT DE THEMIS,49.6342,-1.61434
201400028749,11,1,14,16,1,50,602,2,3,1,5,J MOULIN/B MARCET,49.6346,-1.59418
201400028750,11,1,14,0,3,50,416,1,1,1,7,,49.6492,-1.71708
201400028751,11,1,14,18,2,50,129,2,3,1,3,R DE L'ONGLET/H DUNANT,49.6439,-1.62821
201400028752,10,1,14,17,5,50,129,2,2,1,6,RGAMBETTA/ALBERT MAHIEU,49.6382,-1.62529
201400028753,14,1,14,7,1,50,129,2,1,1,3,RUE ROGER SALENGRO,49.6265,-1.64362
201400028754,15,1,14,8,2,50,129,2,1,2,6,R BECQUEREL,49.6284,-1.63966
201400028755,14,1,14,17,1,50,129,2,1,1,2,RUE DE L'ABBAYE,49.6458,-1.63976
201400028756,14,1,14,14,1,50,129,2,2,1,6,PLACE JEAN JAURES,49.634,-1.6225
201400028757,15,1,14,7,5,50,129,2,1,1,3,ROND POINT DE THEMIS,49.6345,-1.61376
201400028758,15,1,14,8,1,50,602,2,2,2,1,R LEMARESQUIER/BD MANCHE,49.6479,-1.57874
201400028759,18,1,14,10,1,50,173,2,4,1,3,RUE DU FORT,49.6569,-1.66166
201400028760,17,1,14,14,1,50,203,2,1,2,7,RUE LUCET,49.6217,-1.61546
201400028761,21,1,14,17,5,50,602,2,1,2,6,RU GAL LECLERC,49.6395,-1.60401
201400028762,22,1,14,8,1,50,203,1,1,2,6,AXE NORD SUD,49.5986,-1.59636
201400028763,27,1,14,5,3,50,602,1,1,4,6,AXE NORD - SUD,49.6299,-1.58072
201400028764,25,1,14,15,1,50,203,1,1,1,1,ROUTE DE LA VENTE,49.6047,-1.57692
201400028765,28,1,14,12,1,50,173,2,3,3,3,SUECOUF/ARAGO,49.6553,-1.65644
201400028766,30,1,14,14,1,50,129,2,3,1,7,R GAMBETTA/3 HANGARS,49.6469,-1.64455
201400028767,30,1,14,23,3,50,129,2,1,1,6,RUE TOULORGE LEFEVRE,49.6239,-1.60797
201400028768,31,1,14,19,5,50,173,2,1,3,6,RUE DE LA PAIX,49.6509,-1.65182
201400028769,1,2,14,17,1,50,129,2,1,1,7,RUE DE L'ABBAYE,49.645,-1.63597
201400028770,4,2,14,14,1,50,129,2,1,1,6,RUE  DES MACONS,49.6449,-1.64471
201400028771,5,2,14,11,1,50,129,2,2,2,3,RUE POLLE / RUE ASSSELIN,49.6399,-1.63407
201400028772,8,2,14,6,5,50,129,2,1,1,7,BOULEVARD MENDES FRANCE,49.6352,-1.62862
201400028773,10,2,14,19,5,50,129,2,1,1,2,RUE DU VAL DE SAIRE,49.6384,-1.6109
201400028774,11,2,14,8,2,50,129,2,4,6,7,R A LEVEEL/AV DE PARIS,49.6264,-1.61726
201400028775,11,2,14,12,1,50,129,2,1,2,6,RUE DU MAUPAS,49.6337,-1.61269
201400028776,11,2,14,10,1,50,602,1,1,6,6,VOIE CONTOURNEMENT EST,49.6498,-1.56502
201400028777,11,2,14,17,1,50,203,2,6,1,3,ROND POINT ANDRE MALRAUX,49.5996,-1.59735
201400028778,12,2,14,22,5,50,129,2,2,1,3,"0, COUBERTIN (RUE PIERRE",49.6425,-1.6374
201400028779,14,2,14,17,1,50,129,2,2,6,4,R W ROUSSEAU/R BECQUEREL,49.6291,-1.6411
201400028780,15,2,14,8,5,50,129,2,2,1,1,RUE DES TANNERIES,49.634,-1.6225
201400028781,19,2,14,19,5,50,129,2,2,1,2,R DES MACONS/R F FAURE,49.6435,-1.64438
201400028782,21,2,14,13,1,50,129,2,3,1,7,AV DELAVILLE/BD SCHUMAN,49.6359,-1.62577
201400028783,22,2,14,19,5,50,129,2,2,1,1,BRETONNIERE/VAL DE SAIRE,49.6392,-1.60545
201400028784,24,2,14,16,1,50,129,2,1,1,6,CHEMIN CRESPINIERE,49.6305,-1.65073
201400028785,8,3,14,15,1,50,416,1,1,1,7,,49.6476,-1.72234
201400028786,10,3,14,18,1,50,602,2,1,1,7,RUE DE LA MER,49.6536,-1.56906
201400028787,10,3,14,17,1,50,129,2,4,1,6,AV LECARPENTIER/MAUPAS,49.6318,-1.61086
201400028788,13,3,14,16,1,50,129,2,2,5,3,DE LA POLLE/PETITES FOUR,49.6405,-1.64061
201400028789,19,3,14,8,1,50,602,2,3,1,3,R DES METIERS/ARTISANS,49.6359,-1.59067
201400028790,22,3,14,3,3,50,129,2,1,1,6,CHEMIN DE LA LOGE,49.6204,-1.61888
201400028791,25,3,14,13,1,50,129,2,3,1,3,R J FERRY/BARBUSSE,49.6096,-1.65995
201400028792,29,3,14,16,1,50,173,2,1,1,6,RUE DE LA REPUBLIQUE,49.6459,-1.65042
201400028793,6,4,14,0,5,50,129,2,1,1,2,RUE DU MAINE,49.6278,-1.63451
201400028794,6,4,14,17,1,50,129,2,3,1,3,AL VERDUN/PL DES JUSTES,49.6242,-1.64451
201400028795,10,4,14,19,1,50,173,2,1,1,2,BD DE LA SALINE,49.6547,-1.64988
201400028796,14,4,14,11,1,50,129,2,1,1,6,PLACE DIVETTE,49.6366,-1.62458
201400028797,16,4,14,12,1,50,129,2,1,1,7,BOULEVARD FELIX AMIOT,49.6428,-1.60797
201400028798,18,4,14,8,1,50,129,2,1,1,2,RUE JOLIOT CURIE,49.6296,-1.64244
201400028799,18,4,14,10,1,50,602,2,3,1,3,RUE DU BECQUET,49.6498,-1.5662
201400028800,18,4,14,12,1,50,129,2,3,1,6,R ILE DE FRANCE/ VEXIN,49.6275,-1.63342
201400028801,22,4,14,10,1,50,173,2,1,1,7,RUE MARCEL SEMBAT,49.6584,-1.68461
201400028802,23,4,14,15,1,50,129,2,6,2,6,BD FELIX AMIOT,49.6425,-1.61529
201400028803,25,4,14,9,1,50,129,2,2,2,3,RP POOLE/R MONTEBELLO,49.6359,-1.63137
201400028804,27,4,14,20,1,50,129,2,1,1,1,PONT COSNARD,49.6155,-1.64042
201400028805,3,5,14,17,1,50,129,2,1,1,7,QUAI ALEXANDRE III,49.6386,-1.62159
201400028806,10,5,14,21,5,50,129,2,1,6,6,AV RENE SCHMITT,49.6338,-1.64891
201400028807,13,5,14,7,1,50,129,2,1,1,7,"0, CONQUERANT (BOULEVARD",49.6392,-1.63565
201400028808,19,5,14,10,1,50,129,2,1,1,5,RUE DU VAL DE SAIRE,49.6388,-1.61531
201400028809,23,5,14,11,1,50,129,2,1,2,2,RUE DU VAL DE SAIRE,49.6386,-1.60933
201400028810,24,5,14,17,1,50,203,2,1,1,6,LES ROUGES TERRES,49.6096,-1.60037
201400028811,27,5,14,15,1,50,602,2,1,1,7,LES BRULINS,49.6226,-1.58134
201400028812,28,5,14,17,1,50,173,2,1,1,2,BOULEVARD DE LA SALINE,49.6485,-1.64386
201400028813,3,6,14,14,1,50,129,2,1,1,4,AV AMIRAL LEMONNIER,49.6346,-1.61296
201400028814,3,6,14,16,1,50,129,2,1,1,6,PLACE NAPOLEON,49.6423,-1.62221
201400028815,5,6,14,2,5,50,129,2,1,1,6,RUE DU VAL DE SAIRE,49.639,-1.61866
201400028816,4,6,14,19,1,50,129,2,1,1,6,RUE PIERRE DE COUBERTIN,49.6426,-1.64059
201400028817,4,6,14,6,1,50,129,2,1,2,6,ROND POINT THEMIS,49.6346,-1.61333
201400028818,6,6,14,7,1,50,173,2,3,1,2,RUE DE LA PAIX,49.6483,-1.64915
201400028819,6,6,14,8,1,50,602,2,1,1,2,RUE GAMBETTA,49.6424,-1.58428
201400028820,6,6,14,13,1,50,129,2,3,1,3,R ROGER SALENGRO/V HUGO,49.6241,-1.64596
201400028821,10,6,14,14,1,50,129,2,2,1,3,BD ATLANTIQUE/J MESLIN,49.6209,-1.64264
201400028822,12,6,14,16,1,50,416,2,6,1,2,RD POINT DE QUERQUEVILLE,49.6616,-1.68146
201400028823,13,6,14,18,1,50,129,2,2,1,7,RUE MALAKOFF/TOURVILLE,49.6401,-1.61411
201400028824,22,6,14,6,1,50,173,2,1,1,1,RUE DU GENERAL DE GAULLE,49.6612,-1.68091
201400028825,23,6,14,9,1,50,203,1,1,1,7,AXE NORD - SUD,49.6106,-1.58563
201400028826,23,6,14,10,1,50,203,2,1,1,7,LES ROUGES TERRES,49.6141,-1.60307
201400028827,24,6,14,16,1,50,129,2,1,1,2,BOULEVARD MENDES FRANCE,49.6346,-1.62562
201400028828,25,6,14,18,1,50,129,2,4,1,1,R E DOLET/A BRIAND,49.6275,-1.6481
201400028829,26,6,14,8,1,50,173,2,6,1,7,RD POINT DE QUERQUEVILLE,49.6616,-1.68146
201400028830,27,6,14,4,5,50,129,2,1,1,6,AVENUE DE PARIS,49.628,-1.61793
201400028831,28,6,14,11,1,50,416,2,1,1,7,RUE DES CLAIRES,49.6615,-1.69043
201400028832,2,7,14,16,1,50,129,2,1,1,1,RUE DU MAINE,49.6289,-1.63107
201400028833,5,7,14,17,1,50,602,2,1,2,6,RUE BREQUECAL,49.6317,-1.56138
201400028834,5,7,14,12,1,50,129,2,1,2,6,BD DE L'ATLANTIQUE,49.6268,-1.63676
201400028835,7,7,14,17,1,50,129,2,3,1,6,PLACE NAPOLEON,49.643,-1.62449
201400028836,7,7,14,16,1,50,173,2,2,1,3,R VAUBAN/BD SALINE,49.6539,-1.64909
201400028837,9,7,14,18,1,50,129,2,1,1,6,RUE DES TRIBUNAUX,49.6382,-1.6233
201400028838,13,7,14,9,1,50,203,2,1,1,6,GIRATOIRE DES MARETTES,49.6049,-1.59891
201400028839,13,7,14,10,1,50,129,2,1,1,6,RUE LOUIS LANSONNEUR,49.6197,-1.62219
201400028840,17,7,14,11,1,50,129,2,1,1,2,RUE BECQUEREL,49.6284,-1.63964
201400028841,18,7,14,17,1,50,129,2,1,1,2,PLACE NAPOLEON,49.6424,-1.6224
201400028842,21,7,14,16,1,50,129,2,1,1,2,PLACE JEAN JAURES,49.6339,-1.62163
201400028843,22,7,14,16,1,50,173,2,2,1,3,R PAUL BERT/R SALENGRO,49.6501,-1.65197
201400028844,26,7,14,17,1,50,416,2,3,1,3,RUE DU BRETON,49.6559,-1.69951
201400028845,28,7,14,17,1,50,129,2,2,1,3,R BONHOMME/BUCAILLE,49.6413,-1.63199
201400028846,30,7,14,11,1,50,173,2,1,1,7,AVENUE DE TOURVILLE,49.6524,-1.65133
201400028847,31,7,14,4,3,50,203,1,1,1,7,,49.5925,-1.59598
201400028848,4,8,14,22,5,50,173,2,3,1,1,R DE LA PAIX/SALINE,49.6553,-1.65645
201400028849,10,8,14,8,1,50,129,2,3,2,3,G LE CONQUE/DE L'ABBAYE,49.6456,-1.63885
201400028850,9,8,14,8,1,50,602,2,1,1,2,RUE MEDERIC,49.6414,-1.5929
201400028851,15,8,14,20,1,50,129,2,2,1,3,"0, CACHIN (RUE DE L'INGE",49.6396,-1.6174
201400028852,17,8,14,11,1,50,416,2,1,1,6,RUE D'AMFREVILLE,49.6614,-1.71368
201400028853,14,8,14,16,1,50,129,2,2,1,7,AV DE PARIS/JF MILLET,49.6334,-1.61737
201400028854,18,8,14,7,1,50,602,2,1,1,7,BD DE LA MANCHE,49.6404,-1.5729
201400028855,21,8,14,17,1,50,416,2,1,1,6,PLACE DU G DE GAULLE,49.6647,-1.69727
201400028856,26,8,14,1,5,50,129,2,1,3,6,RUE ROBERT LECOUVEY,49.63,-1.59773
201400028857,25,8,14,12,1,50,129,2,6,2,6,RONS POINT THEMIS,49.6342,-1.61428
201400028858,25,8,14,17,1,50,129,2,3,1,1,BREMERHAVEN/FEVRES,49.6313,-1.60761
201400028859,2,9,14,17,1,50,129,2,3,1,7,,49.6333,-1.61732
201400028860,4,9,14,8,1,50,129,2,2,1,3,RUE ARAGO/DE LA VALLEE,49.6365,-1.64948
201400028861,5,9,14,22,5,50,129,2,2,1,1,SADI CARNOT/BECQUEREL,49.6291,-1.6411
201400028862,7,9,14,21,2,50,173,2,1,1,7,AVENUE DE BENECERE,49.6578,-1.68915
201400028863,9,9,14,12,1,50,173,2,2,1,2,M SEMBAT/DES CLAIRES,49.6586,-1.69093
201400028864,9,9,14,16,1,50,173,2,1,1,6,RUE PAUL DOUMER,49.646,-1.65686
201400028865,13,9,14,21,5,50,602,2,1,1,7,RUE DES ALLIES,49.6374,-1.57073
201400028866,16,9,14,8,1,50,129,2,1,1,7,CH DE LA CRESPINIERE,49.633,-1.65068
201400028867,17,9,14,13,1,50,129,2,3,1,2,RUE HENRI BARBUSSE,49.6226,-1.64738
201400028868,17,9,14,13,1,50,129,2,1,1,3,RUE DES RESISTANTS,49.6318,-1.63965
201400028869,18,9,14,17,1,50,602,2,1,1,2,"0, BROSSOLETTE (RUE PIER",49.6329,-1.59098
201400028870,25,9,14,7,2,50,203,2,1,1,7,LES ROUGES TERRES,49.6208,-1.61434
201400028871,25,9,14,11,1,50,602,2,2,1,3,AVENUE DE NORTHEIM,49.6443,-1.58156
201400028872,25,9,14,17,1,50,129,2,1,1,2,BD DE L'ATLANTIQUE,49.6247,-1.6375
201400028873,26,9,14,18,1,50,129,2,1,8,3,AVENUE ARISTIDE BRIAND,49.6396,-1.61634
201400028874,30,9,14,9,1,50,129,2,1,1,7,RUE DE L'ABBAYE,49.6456,-1.63881
201400028875,1,10,14,16,1,50,129,2,1,2,7,RUE BECQUEREL,49.6277,-1.63882
201400028876,3,10,14,12,1,50,173,2,1,1,2,RUE DES MACONS,49.6455,-1.64408
201400028877,6,10,14,9,1,50,129,2,3,3,3,R MAUPAS/LUDE,49.6323,-1.6115
201400028878,6,10,14,16,1,50,129,2,2,1,7,BD SCHUMAN/J DUFRESNE,49.6373,-1.62552
201400028879,7,10,14,18,1,50,129,2,1,1,4,SALINE (BOULEVARD DE LA),49.6479,-1.64343
201400028880,8,10,14,7,5,50,173,2,1,2,7,ROND POINT DE LA CAPEL,49.6576,-1.66777
201400028881,8,10,14,12,1,50,129,2,2,2,3,AVENUE DE LATTRE DE TASS,49.636,-1.60462
201400028882,8,10,14,21,5,50,173,2,1,3,6,RUE LEON BLUM,49.6457,-1.66306
201400028883,10,10,14,18,1,50,602,1,4,1,3,CH COSTILS/R CH RAVALETS,49.6306,-1.56739
201400028884,11,10,14,12,1,50,129,2,7,1,2,AVENU MILLET /QUAI ALEX,49.634,-1.62251
201400028885,14,10,14,11,1,50,129,1,2,1,7,RUE PASTEUR,49.6431,-1.64692
201400028886,14,10,14,17,1,50,416,2,2,1,1,R FOUQUET/R GLINEL,49.6649,-1.68606
201400028887,15,10,14,14,1,50,129,2,2,2,7,RUE BECQUEREL,49.6291,-1.6411
201400028888,15,10,14,19,5,50,173,2,1,3,2,RUE DE LA PAIX,49.6492,-1.65006
201400028889,17,10,14,13,1,50,129,2,1,1,2,AVENUE RENE SCMITT,49.6309,-1.64616
201400028890,19,10,14,5,5,50,129,2,2,1,7,R PAIX/AUVRAY,49.6431,-1.62703
201400028891,22,10,14,7,5,50,129,2,3,1,1,AV NORMANDIE/LORRAINE,49.6263,-1.62751
201400028892,22,10,14,19,5,50,129,2,2,1,3,,49.6438,-1.62598
201400028893,24,10,14,14,1,50,173,2,1,2,2,AVENUE THIVET,49.6356,-1.65673
201400028894,28,10,14,13,1,50,173,2,2,1,7,,49.6534,-1.66297
201400028895,30,10,14,10,1,50,173,2,1,1,2,RUE MARCEL SEMBAT,49.6571,-1.67441
201400028896,30,10,14,17,1,50,129,2,1,1,3,RUE DU ROULE,49.6277,-1.61958
201400028897,24,10,14,18,2,50,602,2,1,3,7,RUE MEDERIC,49.642,-1.58967
201400028898,31,10,14,8,1,50,129,2,3,1,1,AVENUE CESSART,49.6468,-1.6424
201400028899,4,11,14,11,1,50,203,2,1,1,7,AV BANQUE A GENETS,49.6016,-1.60262
201400028900,28,10,14,11,1,50,173,2,1,1,7,,49.6528,-1.65383
201400028901,8,11,14,10,1,50,416,1,1,1,7,,49.6462,-1.72804
201400028902,10,11,14,17,1,50,203,2,9,1,3,PARKING,49.602,-1.60009
201400028903,12,11,14,11,1,50,602,2,1,1,2,RUE GENERAL LECLERC,49.6398,-1.60226
201400028904,12,11,14,11,1,50,129,2,1,1,7,RUE DE L'ANCIEN QUAI,49.637,-1.62462
201400028905,16,11,14,1,5,50,129,2,2,1,1,VAL DE SAIRE/QUAI COLLIN,49.6391,-1.61938
201400028906,15,11,14,17,2,50,162,1,1,1,7,LA BESNARDERIE,49.5981,-1.55296
201400028907,17,11,14,14,1,50,129,2,3,3,2,SALINE/R DES 3 HANGARS,49.6481,-1.64358
201400028908,21,11,14,0,3,50,173,2,1,1,7,RUETTES (RUE DES),49.6444,-1.68334
201400028909,21,11,14,18,5,50,129,2,1,1,4,RUE HENRI BARBUSSE,49.6155,-1.65432
201400028910,22,11,14,18,5,50,602,2,1,2,1,R DU GENERAL LECLERC,49.6407,-1.59665
201400028911,27,11,14,10,1,50,129,2,3,1,7,R SALENGRO/ARMISTICES,49.6274,-1.6428
201400028912,29,11,14,0,5,50,173,2,1,1,7,VAL L'ABBE (DUR DU),49.6425,-1.65287
201400028913,4,12,14,7,5,50,173,2,6,2,2,ROND POINT DE CAPEL,49.6575,-1.66874
201400028914,3,12,14,12,1,50,129,2,1,1,2,BD DE L'ATLANTIQUE,49.6296,-1.63305
201400028915,11,12,14,7,5,50,173,2,2,1,3,R DE LA PAIX/R SALENGRO,49.6505,-1.65141
201400028916,11,12,14,8,1,50,129,2,2,2,3,RUE DE LA FOEDRE,49.6284,-1.64961
201400028917,11,12,14,20,5,50,129,2,1,2,7,BD FELIX AMIOT,49.6424,-1.61437
201400028918,14,12,14,6,5,50,129,2,3,1,7,R MAINE/VALOIS,49.6285,-1.63279
201400028919,13,12,14,20,5,50,602,2,6,1,5,ROND POINT JEAN MOULIN,49.6353,-1.59189
201400028920,15,12,14,14,2,50,129,2,4,2,2,RUE DE L'ABBAYE,49.6456,-1.63886
201400028921,18,12,14,19,5,50,173,2,3,2,4,R ARAGO/A DUMAS,49.6479,-1.66851
201400028922,22,12,14,13,1,50,602,2,2,2,3,BOULEVARD DE L'EST,49.6351,-1.58653
201400028923,23,12,14,10,1,50,129,2,2,2,2,AV MILLET/AV DE PARIS,49.6334,-1.61737
201400028924,26,12,14,18,3,50,416,2,1,3,1,RUE DU BRETON,49.6542,-1.70648
201400028925,29,12,14,12,1,50,129,2,1,1,7,QUAI DE CALIGNY,49.6399,-1.62152
201400028926,29,12,14,22,5,50,129,2,2,1,3,RUE FAURE,49.6431,-1.64694
201400028927,30,12,14,17,2,50,129,2,1,1,1,QUAI DE CALIGNY,49.6422,-1.62178
201400028928,8,2,14,12,1,50,147,2,1,7,6,RUE DANIEL,49.0477,-1.44656
201400028929,18,2,14,7,2,50,147,2,3,1,3,RUE DE LA MARNE,49.0406,-1.4484
201400028930,20,2,14,8,1,50,147,2,2,2,2,AV REPUBLIQUE/VIKINGS,49.0552,-1.43751
201400028931,2,3,14,22,5,50,147,2,1,3,6,R DE LA CROUTE,49.0446,-1.44303
201400028932,8,3,14,16,1,50,147,1,1,1,3,ROCADE NORD,49.0676,-1.41779
201400028933,30,4,14,18,1,50,147,2,3,1,3,BD ALSACE LORRAINE/R NOR,49.0534,-1.44189
201400028934,23,7,14,1,3,50,92,1,6,1,7,ROUTE DE CARENTAN,49.0693,-1.42982
201400028935,11,8,14,12,1,50,147,2,1,1,6,ROCADE NORD,0.0,0.0
201400028936,4,9,14,18,1,50,92,1,3,7,3,ROUTE DE LESSAY,49.0693,-1.42979
201400028937,17,9,14,17,1,50,147,2,1,1,6,RUE DE LA MARNE,49.0469,-1.44965
201400028938,15,11,14,11,1,50,147,2,1,1,6,RUE ERNEST HULIN,49.0464,-1.43895
201400028939,21,11,14,16,1,50,376,1,3,1,3,,49.0338,-1.43514
201400028940,26,11,14,20,5,50,376,2,1,2,7,GEOFFROY DE MONTBRAY,49.0435,-1.44663
201400028941,15,12,14,18,3,50,147,1,6,2,2,ROND POINT DES ISLES,49.0548,-1.46776
201400028942,16,1,14,13,1,50,218,2,1,1,3,RUE DES MENNERIES,48.8283,-1.5679
201400028943,21,1,14,10,1,50,218,2,1,1,3,AVENUE DE LA GARE,48.8394,-1.58729
201400028944,21,1,14,17,2,50,218,2,1,1,6,AVENUE DES VENDEENS,48.8309,-1.56998
201400028945,24,1,14,17,2,50,647,1,1,2,4,ROUTE DE VILLEDIEU,48.8377,-1.5589
201400028946,26,1,14,18,5,50,218,2,1,8,6,BD DES AMIRAUX GRANVILLA,48.8351,-1.59501
201400028947,2,2,14,19,3,50,165,1,1,1,1,,48.8519,-1.56195
201400028948,12,2,14,12,1,50,218,2,1,2,3,ROUTE DE VILLEDIEU,48.8376,-1.55296
201400028949,24,2,14,10,1,50,165,2,3,1,6,RUE CLOS DES SOURCES,48.8499,-1.57666
201400028950,21,2,14,8,2,50,218,2,1,1,6,RUE VICTOR HUGO,48.8372,-1.58544
201400028951,8,3,14,9,1,50,165,2,1,1,6,AV DE LA LIBERATION,48.8425,-1.58946
201400028952,21,3,14,15,1,50,218,2,1,1,6,AV MARECHAL LECLERC,48.8378,-1.58781
201400028953,30,3,14,7,3,50,218,2,1,1,6,AVENUE DE LA GARE,48.8403,-1.58659
201400028954,4,4,14,18,1,50,218,2,1,1,2,AV MAL LECLERC,48.8378,-1.58785
201400028955,17,4,14,16,1,50,218,2,1,1,6,RUE DE LA FONTAINE,48.8332,-1.5827
201400028956,29,4,14,18,1,50,532,1,1,1,4,,48.8122,-1.54075
201400028957,5,5,14,20,1,50,218,2,2,1,3,R GENETAIS/HUGUENANS,48.8424,-1.57294
201400028958,10,5,14,18,1,50,218,2,1,1,7,RUE DU PORT,48.8348,-1.60767
201400028959,13,5,14,17,1,50,218,2,1,1,7,RUE DU COURAYE,48.8371,-1.5956
201400028960,30,5,14,16,1,50,218,2,1,1,3,RUE DES CORSAIRES,48.8383,-1.59902
201400028961,4,6,14,16,1,50,218,1,1,1,3,RUE DE LA CRETE,48.824,-1.57569
201400028962,5,6,14,18,1,50,647,1,1,1,3,ROUTE DE VILLEDIEU,48.8376,-1.55621
201400028963,8,6,14,20,1,50,218,1,1,1,1,,48.8323,-1.53878
201400028964,25,6,14,16,1,50,165,2,1,1,1,RUE DE LA FOUGERAIE,48.846,-1.57272
201400028965,27,6,14,19,1,50,218,2,1,2,7,RUE DES JUIFS,48.8384,-1.59901
201400028966,29,6,14,19,1,50,218,2,6,1,3,PLACE ALSACE LORRAINE,48.838,-1.58499
201400028967,2,7,14,13,1,50,218,2,3,1,1,BD QUEBEC/AV MATIGNONS,48.8378,-1.56937
201400028968,2,7,14,12,1,50,218,1,1,1,2,,48.8368,-1.53898
201400028969,7,7,14,9,1,50,218,1,1,7,7,VILLAGE GENVRESSE,48.8261,-1.54821
201400028970,7,7,14,11,1,50,532,1,1,1,3,ROUTE D'AVRANCHES,48.8081,-1.535
201400028971,13,7,14,19,1,50,532,1,1,1,4,,48.8205,-1.55251