Num_Acc,jour,mois,an,hr,condition_eclairage,departement,commune,condition_agglomeration,intersection,condition_atmosphere,type_collision,adresse,lattitude,longitude
201400028972,16,7,14,16,1,50,218,2,1,1,2,BD AMIRAUX GRANVILLAIS,48.835,-1.59466
201400028973,28,7,14,17,1,50,218,2,1,1,4,ROUTE DE VILLEDIEU,48.8375,-1.54743
201400028974,31,7,14,18,1,50,218,2,1,1,2,RUE DU FOURNEAU,48.8178,-1.57229
201400028975,14,8,14,9,1,50,218,2,1,2,2,RUE DES ARMATEURS,48.8371,-1.5509
201400028976,23,8,14,15,1,50,218,2,2,1,3,RD POINT DE ST BRELADE,48.8344,-1.56302
201400028977,10,9,14,1,5,50,165,2,1,1,6,RUE DU MOULIN,48.8475,-1.578
201400028978,11,9,14,8,1,50,532,1,1,1,7,,48.8192,-1.55097
201400028979,21,9,14,19,1,50,532,2,6,1,7,R ST NICOLAS/ECOLES,48.8339,-1.5711
201400028980,25,9,14,18,1,50,165,2,1,1,6,ROUTE DE COUTANCES,48.845,-1.58399
201400028981,28,9,14,15,1,50,218,2,1,1,6,RUE DE LA CRETE,48.8314,-1.58284
201400028982,29,9,14,19,1,50,165,2,6,1,3,AV MATIGNON/MESNIL,48.8378,-1.56637
201400028983,26,9,14,7,1,50,81,2,1,1,7,RUE MARIN-MARIE,48.8414,-1.57131
201400028984,1,10,14,15,1,50,532,1,6,8,3,,48.8041,-1.54866
201400028985,1,10,14,18,1,50,218,2,1,2,7,AVENUE MARECHAL LECLERC,48.8378,-1.58821
201400028986,2,10,14,10,1,50,165,2,1,1,7,ROUTE DE COUTANCES,48.8475,-1.5787
201400028987,11,10,14,16,1,50,218,2,3,1,3,MATIGNON (AV DES),48.8379,-1.57818
201400028988,24,10,14,14,1,50,218,2,1,2,7,AVENUE DES MATIGNONS,48.8379,-1.57795
201400028989,23,10,14,11,1,50,532,2,1,1,7,PLACE DE GAULLE,48.8161,-1.57178
201400028990,29,11,14,21,5,50,165,2,1,1,6,BD DES AMIRAUX,48.8359,-1.59496
201400028991,30,11,14,17,5,50,218,2,2,2,6,R DES CEDRES/RTE VILLEDI,48.8375,-1.54669
201400028992,29,11,14,23,5,50,218,2,1,1,6,RUE SAINT GAUD,48.8337,-1.59132
201400028993,2,12,14,20,5,50,165,2,1,2,6,ROUTE DE COUTANCES,48.8482,-1.57735
201400028994,5,12,14,15,1,50,165,2,1,1,6,ROUTE DE COUTANCES,48.8506,-1.57229
201400028995,11,12,14,18,3,50,532,1,3,8,3,,48.8203,-1.55216
201400028996,13,12,14,19,5,50,532,2,1,1,6,AVENUE DES VENDEENS,48.8346,-1.57787
201400028997,30,12,14,16,1,50,165,2,1,1,6,ROUTE DE COUTANCES,48.8518,-1.56961
201400028998,4,1,14,20,5,50,502,2,1,2,7,RUE MAL LECLERC,49.1149,-1.08678
201400028999,9,1,14,7,5,50,502,2,1,1,5,RUE LOUISE MICHEL,49.1001,-1.0738
201400029000,13,1,14,18,5,50,502,2,3,1,3,R BEAUCOUDRAY/PL MARS,49.1163,-1.08866
201400029001,4,2,14,12,1,50,475,2,2,1,2,AVENUE DU COTENTIN,49.1286,-1.094
201400029002,3,3,14,15,1,50,502,2,1,1,2,RUE DES NOYERS,49.1164,-1.09229
201400029003,4,3,14,21,3,50,502,1,1,1,7,,49.0983,-1.11156
201400029004,16,3,14,17,1,50,502,2,6,1,3,,49.1119,-1.06992
201400029005,26,3,14,12,1,50,502,2,1,1,4,RUE DE TORIGNI,49.1091,-1.07354
201400029006,20,4,14,3,5,50,502,2,1,2,7,AVENUE DE VERDUN,49.1177,-1.08735
201400029007,22,4,14,21,5,50,502,1,2,1,1,,49.1072,-1.06034
201400029008,17,5,14,13,1,50,502,2,1,1,6,RTE DE VILLEDIEU,49.1144,-1.09872
201400029009,21,5,14,16,1,50,502,2,1,1,4,R DE LATTRE DE TASSIGNY,49.1071,-1.07059
201400029010,27,5,14,13,1,50,502,2,2,8,3,JOUHAUX L?ON,49.1107,-1.05569
201400029011,11,6,14,15,1,50,2,2,1,1,3,RUE PAPIN DENIS,49.1118,-1.1329
201400029012,12,6,14,16,1,50,502,1,1,1,3,RD POINT DES MATIGNONS,49.1056,-1.06915
201400029013,15,6,14,6,2,50,502,2,1,1,6,CANDOL (LIEU DIT),49.0927,-1.1174
201400029014,7,7,14,8,1,50,2,2,1,7,6,RUE HAVIN,49.1146,-1.09176
201400029015,10,7,14,16,1,50,502,2,1,1,6,ROUTE DE TESSY,49.1061,-1.09371
201400029016,18,7,14,14,1,50,502,1,1,1,7,,49.0991,-1.11352
201400029017,2,8,14,14,1,50,502,2,2,1,3,R MARNE/TADSSIGNY,49.1131,-1.07946
201400029018,5,8,14,10,1,50,502,2,1,1,3,AVENUE DES HETRES,49.1111,-1.06416
201400029019,18,8,14,9,1,50,502,2,1,1,7,ROUTE DE TORIGNI,49.1087,-1.07295
201400029020,23,8,14,12,1,50,2,1,1,1,1,ROCREUIL,49.1106,-1.12306
201400029021,31,8,14,16,1,50,321,1,3,1,3,ROUTE D'ISIGNY,49.1333,-1.0675
201400029022,27,10,14,8,1,50,502,2,3,1,1,RUE JOUHAUX L?ON,49.1145,-1.05448
201400029023,7,11,14,17,1,50,2,2,1,8,6,RUE HENRI DUNANT,49.1073,-1.10793
201400029024,24,11,14,14,1,50,502,1,1,8,7,LA CHEVALERIE,49.1111,-1.04285
201400029025,28,11,14,18,5,50,502,2,6,8,3,RD POINT MATIGNONS,49.1058,-1.06877
201400029026,2,12,14,19,5,50,502,2,1,2,6,PLACE DE GAULLE,49.1157,-1.09096
201400029027,28,11,14,7,5,50,475,2,1,8,6,AVENUE DU COTENTIN,49.1299,-1.09403
201400029028,7,12,14,18,3,50,2,1,1,1,6,,49.1135,-1.1493
201400029029,17,1,14,15,1,51,108,2,3,1,6,PL TISSIER/RUE DE VAUX,0.0,0.0
201400029030,13,2,14,3,3,51,453,1,1,8,2,N44,0.0,0.0
201400029031,20,2,14,8,1,51,108,2,3,1,6,RUE P. LEBON/AVE SARRAIL,0.0,0.0
201400029032,22,2,14,0,5,51,108,2,4,1,3,D87/D977,0.0,0.0
201400029033,31,3,14,21,4,51,242,2,1,1,6,D3,0.0,0.0
201400029034,6,4,14,7,2,51,506,2,1,1,1,24 AVENUE JACQUES SIMON,0.0,0.0
201400029035,11,4,14,18,1,51,108,2,2,1,3,RUES JAURES/DE FAGNIERES,0.0,0.0
201400029036,23,4,14,15,1,51,108,2,2,1,1,DU GPE LIBERATION NORD,0.0,0.0
201400029037,26,5,14,15,1,51,108,1,1,8,3,N44,0.0,0.0
201400029038,7,6,14,20,1,51,108,2,2,1,3,AVE P. SEMARD/M. COLIN,0.0,0.0
201400029039,16,6,14,17,1,51,506,1,1,1,3,N44,0.0,0.0
201400029040,23,6,14,19,1,51,108,2,1,1,6,RUE D ORFEUIL,0.0,0.0
201400029041,6,9,14,18,1,51,108,2,3,1,3,AVE SEMARD/PL DE CANCALE,0.0,0.0
201400029042,10,9,14,13,1,51,506,2,2,1,3,AVE J. SIMON/A. BAUDIET,0.0,0.0
201400029043,15,9,14,17,1,51,108,2,1,1,6,57 RUE JEAN JAURES,0.0,0.0
201400029044,4,10,14,15,1,51,108,1,1,1,1,N 44,0.0,0.0
201400029045,7,10,14,14,1,51,108,2,2,2,1,D60/AVENUE DES GREVIERE,0.0,0.0
201400029046,20,10,14,13,1,51,168,1,1,1,5,D977,0.0,0.0
201400029047,30,10,14,11,1,51,108,2,3,1,3,D3/RUE DU 372E RALVF,0.0,0.0
201400029048,2,11,14,8,1,51,108,2,1,1,6,D87,0.0,0.0
201400029049,4,11,14,5,5,51,242,2,2,2,3,D. POSTES/NOUE DU MOULIN,0.0,0.0
201400029050,10,11,14,10,1,51,108,2,2,9,3,DU LT LOYER/DES AVEUGLES,0.0,0.0
201400029051,12,12,14,5,3,51,168,1,1,2,5,D977,0.0,0.0
201400029052,31,12,14,21,5,51,108,2,1,1,6,D3,0.0,0.0
201400029053,14,3,14,12,1,51,230,2,1,7,6,RUE PASTEUR,0.0,0.0
201400029054,6,6,14,20,1,51,230,2,1,1,6,RUE DE LA GUADELOUPE,0.0,0.0
201400029055,8,7,14,15,1,51,230,2,1,1,6,AVE GENERAL MARGUERITTE,0.0,0.0
201400029056,4,8,14,19,1,51,230,2,2,1,6,"31, AVE DE FRANCHE COMTE",0.0,0.0
201400029057,16,12,14,8,1,51,230,2,6,2,6,62 AVENUE PAUL CHANDON,0.0,0.0
201400029058,7,1,14,17,2,51,454,2,1,2,6,BOULEVARD VICTOR HUGO,0.0,0.0
201400029059,10,1,14,17,5,51,454,2,1,1,6,AVENUE GEORGES POMPIDOU,0.0,0.0
201400029060,14,1,14,9,1,51,454,2,2,2,5,RUES G. LAURENT/CHEVIGNE,0.0,0.0
201400029061,15,1,14,8,5,51,172,2,1,2,6,BD ALSACE LORRAINE,0.0,0.0
201400029062,19,1,14,4,5,51,454,2,2,1,3,BD POMMERY/RUE DE CERNAY,0.0,0.0
201400029063,28,1,14,9,1,51,454,2,1,8,4,12 RUE TROIS RAISINETS,0.0,0.0
201400029064,4,2,14,14,1,51,454,2,1,1,6,44 PLACE DU FORUM,0.0,0.0
201400029065,4,2,14,19,5,51,454,2,1,1,2,1 ROUTE DE WITRY,0.0,0.0
201400029066,10,2,14,18,5,51,454,2,1,1,6,42 AVENUE DE PARIS,0.0,0.0
201400029067,17,2,14,18,5,51,454,2,1,1,5,ALLEE DU VIGNOBLE,0.0,0.0
201400029068,27,2,14,18,5,51,172,2,1,2,6,11 RUE DE LA SENTELLE,0.0,0.0
201400029069,4,3,14,22,5,51,454,2,2,1,3,BD DES BELGES/NEUFCHATEL,0.0,0.0
201400029070,8,3,14,19,5,51,454,2,2,1,3,RUES HINCMAR/D. CAPUCINS,0.0,0.0
201400029071,16,3,14,6,1,51,454,2,2,1,3,RUES LANDOUZY/DUQUENELLE,0.0,0.0
201400029072,20,3,14,18,1,51,454,2,1,1,2,28 RUE DE VENISE,0.0,0.0
201400029073,21,3,14,14,1,51,454,2,1,1,5,19 BD DU GENERAL LECLERC,0.0,0.0
201400029074,6,4,14,14,1,51,454,2,1,1,3,RUE CERES,0.0,0.0
201400029075,14,4,14,8,1,51,454,2,2,1,3,R. DES CAPUCINS/HINCMAR,0.0,0.0
201400029076,24,4,14,20,1,51,573,2,1,1,6,RUE DU MONT SAINT PIERRE,0.0,0.0
201400029077,30,4,14,16,1,51,454,2,1,1,6,RUE CHAVAILLAUD,0.0,0.0
201400029078,20,5,14,22,5,51,172,2,1,1,6,D8,0.0,0.0
201400029079,18,5,14,18,1,51,454,2,6,1,6,34 AVENUE DE L YSER,0.0,0.0
201400029080,31,5,14,13,1,51,454,2,1,1,3,24 RUE DES CAPUCINS,0.0,0.0
201400029081,16,5,14,8,1,51,454,2,1,1,4,D944,0.0,0.0
201400029082,10,6,14,10,1,51,454,2,1,1,6,13 BOULEVARD DAUPHINOT,0.0,0.0
201400029083,19,6,14,21,1,51,454,2,1,1,6,40 RUE DIEU LUMIERE,0.0,0.0
201400029084,22,6,14,17,1,51,454,2,1,1,6,42 RUE PIERRE TAITTINGER,0.0,0.0
201400029085,24,6,14,15,1,51,454,2,2,1,2,R. DE ROUEN/COGNACQ JAY,0.0,0.0
201400029086,25,6,14,19,1,51,55,2,1,1,3,D74,0.0,0.0
201400029087,3,7,14,11,1,51,454,2,2,1,3,RUE BETHENY/AV. FRACHON,0.0,0.0
201400029088,13,7,14,16,1,51,454,2,1,1,2,19 BOULEVARD DE LA PAIX,0.0,0.0
201400029089,18,7,14,18,1,51,454,2,2,1,3,BONAPARTE/JOLIOT-CURIE,0.0,0.0
201400029090,19,7,14,13,1,51,454,2,3,1,3,BD H. VASNIER/GAL GIRAUD,0.0,0.0
201400029091,31,7,14,20,1,51,454,2,3,1,3,BD POMMERY/R. DE SILLERY,0.0,0.0
201400029092,7,8,14,13,1,51,172,2,1,1,1,48 ROUTE DE TAISSY,0.0,0.0
201400029093,10,8,14,20,1,51,573,2,1,8,6,14 RUE CHARLES VANEL,0.0,0.0
201400029094,18,8,14,12,1,51,454,2,2,1,1,BD ALBERT 1ER/R. A. HUET,0.0,0.0
201400029095,22,8,14,15,1,51,454,2,2,1,3,RUES ST THIERRY/GERUZEZ,0.0,0.0
201400029096,27,8,14,17,1,51,454,2,1,1,6,4 ESPLANADE P. CEZANNE,0.0,0.0
201400029097,29,8,14,9,1,51,454,2,1,1,7,ROND POINT DE CHAMPAGNE,0.0,0.0
201400029098,3,9,14,23,5,51,454,2,1,1,5,RUE DES GOBELINS,0.0,0.0
201400029099,16,9,14,7,3,51,58,1,1,5,1,1 RUE DE SACY,0.0,0.0
201400029100,18,9,14,17,1,51,454,2,1,1,3,BOULEVARD HENRI HENROT,0.0,0.0
201400029101,23,9,14,6,5,51,454,2,3,5,3,BD ROBESPIERRE/E. SENART,0.0,0.0
201400029102,24,9,14,11,1,51,454,2,1,1,3,RUE DES CRAYERES,0.0,0.0
201400029103,3,10,14,11,1,51,454,2,2,1,3,AVE EPERNAY/EISENHOWER,0.0,0.0
201400029104,8,10,14,6,5,51,454,2,1,3,3,69 BOULEVARD POMMERY,0.0,0.0
201400029105,7,10,14,18,1,51,454,2,6,9,6,AVENUE HENRI FARMAN,0.0,0.0
201400029106,11,10,14,19,1,51,454,2,6,1,3,R. DE LOUVOIS/C. COLOMB,0.0,0.0
201400029107,13,10,14,11,1,51,454,2,1,1,6,9 RUE CERES,0.0,0.0
201400029108,17,10,14,12,1,51,454,2,1,1,6,1 RUE DE CONTRAI,0.0,0.0
201400029109,6,11,14,14,1,51,454,2,1,1,6,202 RUE DES CAPUCINS,0.0,0.0
201400029110,7,11,14,19,5,51,454,2,3,1,1,A. PETIT/PL. LENONCOURT,0.0,0.0
201400029111,25,11,14,14,1,51,454,2,2,1,3,N51,0.0,0.0
201400029112,22,11,14,16,1,51,172,2,1,1,3,D9,0.0,0.0
201400029113,9,12,14,8,1,51,454,2,1,8,1,10 12EME ESCADRE D AVIAT,0.0,0.0
201400029114,14,12,14,14,1,51,454,2,1,1,3,48 RUE BUIRETTE,0.0,0.0
201400029115,25,12,14,9,1,51,454,2,1,1,6,19 RUE PATRICK DONGOIS,0.0,0.0
201400029116,23,12,14,19,2,51,454,2,1,8,2,AVENUE BREBANT,0.0,0.0
201400029117,18,2,14,20,5,52,121,2,6,2,2,"89, VICTOIRE DE LA MARNE",48.11473,5.14052
201400029118,20,2,14,17,1,52,121,2,3,1,6,"1, ASHTON UNDER LYNE (AV",48.09724,5.14052
201400029119,21,2,14,17,1,52,121,2,1,1,6,14  VALLEE (RUE DE LA),48.1267,5.13228
201400029120,27,3,14,7,1,52,121,2,2,1,6,"0, PLATANES (RUE DES)",48.10006,5.13809
201400029121,4,4,14,14,1,52,121,2,3,1,6,"19, BOUCHARDON  RUE EDME",48.11256,5.13995
201400029122,20,4,14,0,5,52,121,2,1,1,6,"0, NEUILLY (ROUTE DE) R.",48.0841,5.14603
201400029123,27,4,14,10,1,52,121,2,2,1,3,"0, GIRARDEL (AVENUE PHIL",48.09876,5.14696
201400029124,2,6,14,8,1,52,121,2,2,1,3,"0, PATRONAGE LAIQUE (RUE",0.0,0.0
201400029125,30,5,14,9,1,52,121,2,1,1,6,"7, REPUBLIQUE (AVENUE)",48.10483,5.14275
201400029126,3,6,14,18,1,52,121,2,1,1,1,"0, FOCH (AVENUE)",48.11061,5.13163
201400029127,5,7,14,12,1,52,121,1,1,1,6,R.D. 161,48.12715,5.13956
201400029128,8,7,14,16,1,52,121,2,6,1,6,"0, MARECHAL DE LATTRE DE",48.10742,5.14779
201400029129,20,7,14,18,1,52,121,1,1,1,7,"0, R.D. 161",48.12625,5.15383
201400029130,13,8,14,12,1,52,121,2,1,3,6,"13, P. BURELLO (RUE)",48.12019,5.14304
201400029131,13,8,14,12,1,52,121,1,1,3,6,RD 674,48.12019,5.174
201400029132,13,9,14,11,1,52,125,2,1,1,6,"43, CHAUMONT (RUE DE)",48.10603,5.15831
201400029133,24,10,14,11,1,52,121,2,1,2,6,"45, AMPERE (RUE)",48.09176,5.24708
201400029134,10,10,14,8,1,52,121,2,1,1,6,"0, NEUILLY (ROUTE DE) Rt",48.08439,5.146
201400029135,3,12,14,17,3,52,121,1,2,1,2,RN 67,48.07945,5.08392
201400029136,14,12,14,12,1,52,121,1,1,2,7,RD 674,48.12993,5.1953
201400029137,17,12,14,7,5,52,121,2,1,2,6,"12, ETATS UNIS (AVNUE DE",48.11984,5.14227
201400029138,12,2,14,10,1,52,448,2,1,1,6,"1, ROND POINT DE VERGY",48.63024,4.93319
201400029139,17,3,14,16,1,52,448,2,1,1,6,"43, CARNOT (RUE DU PRESI",48.64051,4.94547
201400029140,26,3,14,16,1,52,448,2,1,1,3,"1, CAPUCINS (RUE DES)",48.62642,4.94735
201400029141,28,3,14,10,1,52,448,2,1,1,3,"1, LOUBERT (AVENUE DE)",48.64726,4.96531
201400029142,18,4,14,15,1,52,448,2,3,1,3,"1, BASCH (RUE VICTOR)",48.63384,4.97107
201400029143,26,5,14,17,1,52,448,2,1,1,6,"28, BREGUET (RUE LOUIS)",48.64754,4.96088
201400029144,13,6,14,14,1,52,104,2,1,1,3,"15, BAR LE DUC (ROUTE DE",48.66829,4.98536
201400029145,19,7,14,18,1,52,448,2,1,1,6,"3, VERLAINE (RUE PAUL)",48.63025,4.93931
201400029146,2,8,14,13,1,52,534,2,1,8,7,"1, SAINT DIZIER (ROUTE D",48.66388,4.90599
201400029147,13,8,14,21,5,52,448,2,1,1,6,"1, HOERICOURT (RUE D')",48.64147,4.96159
201400029148,16,9,14,8,1,52,448,2,1,7,6,"57, FRANCOIS 1ER (RUE)",48.63909,4.94024
201400029149,29,9,14,0,3,52,448,1,1,1,7,RN4,48.63852,4.91926
201400029150,28,10,14,12,1,52,448,2,1,1,7,"3, TOURS (RUE DES)",48.64447,4.97771
201400029151,29,10,14,11,1,52,448,2,1,1,6,"1, GENEVOIX (PLACE MAURI",48.6442,4.97301
201400029152,3,11,14,12,1,52,448,2,1,1,6,", PLACE DE L'EUROPE",48.64444,4.96341
201400029153,17,11,14,20,5,52,448,2,2,1,3,"54, REPUBLIQUE (AVE DE L",48.63747,4.94336
201400029154,24,11,14,18,3,52,448,2,1,1,6,"1, FAUBERT (VOIE)",48.63664,4.97673
201400029155,19,12,14,18,5,52,448,2,1,3,6,"13, CARTIER (AVENUE MARI",48.63779,4.94735
201400029156,19,12,14,17,3,52,448,2,1,3,6,"11, COMMUNE DE PARIS (RU",48.63633,4.94742
201400029157,22,1,14,8,2,53,130,2,1,2,6,"26, PARIS ( RUE DE )",48.07117,-0.76425
201400029158,31,1,14,22,5,53,130,2,2,2,3,BRIAND (PONT ARISTIDE ),48.07092,-0.77009
201400029159,20,2,14,10,1,53,130,2,1,2,6,PARIS ( RUE DE ),48.07227,-0.7577
201400029160,25,3,14,8,1,53,130,2,4,1,6,"0, SAINTE ANNE ( RUE )",48.0677,-0.76841
201400029161,10,5,14,20,1,53,201,1,1,1,6,RD 500 VERS AHUILLE,48.04909,-0.81477
201400029162,14,5,14,15,1,53,130,1,1,1,4,ANGERS ( ROUTE ),48.03453,-0.73906
201400029163,17,5,14,17,1,53,34,2,3,1,3,"26, MAINE ( RUE DU )",48.07334,-0.69995
201400029164,28,5,14,7,1,53,130,2,3,1,6,KLEBER ( AVENUE ),48.05721,-0.74618
201400029165,28,5,14,12,1,53,34,2,3,1,7,"12, DEBUSSY (rue Claude)",48.07421,-0.71117
201400029166,18,6,14,18,1,53,34,2,3,1,2,RD 57 VERS LE MANS,48.07019,-0.69758
201400029167,12,7,14,20,1,53,34,2,3,1,7,"10, NOE PIERRE ( RUE DE",48.07392,-0.70539
201400029168,16,7,14,16,1,53,130,2,3,1,3,INDUSTRIE ( BOULEVARD DE,48.0719,-0.75133
201400029169,4,9,14,17,1,53,130,2,6,1,2,"361, BRETAGNE ( AVENUE D",48.06858,-0.80263
201400029170,9,9,14,18,1,53,201,1,1,7,2,RD 57 VERS RENNES,48.07148,-0.85648
201400029171,15,9,14,15,1,53,34,1,1,1,1,RD 57 VERS LAVAL,48.07133,-0.7118
201400029172,18,9,14,18,1,53,130,2,1,7,6,"137, BRETAGNE ( RUE DE )",48.07024,-0.78697
201400029173,18,9,14,15,1,53,54,2,1,1,7,"1, BLANCHISSERIE ( LIEU",48.09281,-0.78426
201400029174,26,9,14,8,1,53,130,1,1,1,6,RD 900,0.0,0.0
201400029175,5,10,14,19,2,53,130,2,1,1,7,"0, DU GUESCLIN ( BOULEVA",48.07438,-0.79559
201400029176,17,10,14,21,3,53,130,1,1,1,6,"562, ANGERS ( ROUTE )",48.03661,-0.73999
201400029177,28,10,14,21,5,53,130,2,1,5,6,"89, VAL DE MAYENNE ( RUE",48.06841,-0.7704
201400029178,31,10,14,17,5,53,130,2,1,1,2,BOOTZ ( QUAI DE ),48.07797,-0.76964
201400029179,6,11,14,19,5,53,130,2,3,1,6,"95, BOISSEL ( RUE VICTOR",48.06394,-0.76057
201400029180,12,11,14,18,5,53,130,2,2,1,3,NEVEU ( RUE PIERRE ),48.0784,-0.75821
201400029181,12,11,14,18,5,53,130,2,1,8,6,"13, BAS DES BOIS ( RUE D",48.05861,-0.76241
201400029182,13,12,14,15,1,53,130,2,1,1,6,"16, JAURES ( BOULEVARD J",48.06473,-0.78914
201400029183,15,12,14,8,1,54,263,2,1,1,7,"0, ROUGES-GORGES (RUE DE",0.0,0.0
201400029184,5,4,14,16,1,54,280,2,1,1,6,"32, EUGENE BASTIEN (RUE)",0.0,0.0
201400029185,11,4,14,4,5,54,341,2,1,1,2,"PR 11, 643 (RD)",49.26468,5.908
201400029186,28,5,14,12,1,54,263,2,3,1,3,137 (RD),49.22424,5.98184
201400029187,3,6,14,12,1,54,36,1,1,1,3,906 (RD),49.28463,5.95882
201400029188,10,6,14,17,1,54,263,2,1,1,3,"0, THOREZ (RUE MAURICE)",0.0,0.0
201400029189,30,4,14,14,1,54,36,2,1,1,6,"10, FERRY (RUE JULES)",0.0,0.0
201400029190,15,7,14,5,2,54,36,1,1,1,6,906 (RD),49.28038,5.95964
201400029191,29,6,14,8,1,54,99,1,1,2,7,138 (RD),49.25182,5.98413
201400029192,15,9,14,8,1,54,280,2,1,1,6,"1, GARE (RUE DE LA)",0.0,0.0
201400029193,26,9,14,11,1,54,99,1,1,1,1,138 (RD),49.24977,5.96565
201400029194,16,4,14,20,2,54,273,2,6,1,1,LAFAYETTE (AVENUE),0.0,0.0
201400029195,3,6,14,12,1,54,136,2,1,1,6,"12, GRANDJEAN (RUE DES D",49.16908,5.8577
201400029196,10,6,14,20,1,54,51,1,2,1,3,DEPARTEMENTALE 13,49.17603,5.96834
201400029197,8,12,14,8,1,54,253,1,1,5,6,DEPARTEMENTALE 613,49.19957,5.90347
201400029198,17,12,14,8,2,54,136,2,1,2,6,"2, VERDUN (RUE DE)",49.16705,5.85676
201400029199,13,3,14,12,1,54,159,1,9,1,1,"1, BLAINVILLE (RUE DE)",0.0,0.0
201400029200,30,3,14,20,3,54,549,1,1,1,7,RD 80,48.64717,6.33172
201400029201,28,9,14,17,1,54,483,2,1,1,7,VILLE EN VERMOIS (ROUTE,0.0,0.0
201400029202,14,1,14,11,1,54,382,2,3,8,3,ARTS (AVENUE DES),0.0,0.0
201400029203,17,1,14,10,1,54,382,2,3,7,3,MARCELLIN BERTHELOT (RUE,0.0,0.0
201400029204,5,2,14,21,4,54,382,2,1,2,6,EUROPE (AVENUE DE L'),49.54286,5.79979
201400029205,17,11,14,16,1,54,323,2,1,1,6,"NR, MERCY (RUE)",0.0,0.0
201400029206,29,11,14,16,1,54,323,1,1,1,6,"NR, 52 (ROUTE NATIONALE)",0.0,0.0
201400029207,10,12,14,7,2,54,323,2,8,1,6,"NR, MERCY (RUE)",0.0,0.0
201400029208,15,2,14,7,2,54,261,2,1,1,2,LUXEMBOURG (AVENUE DU),0.0,0.0
201400029209,17,2,14,10,1,54,323,2,1,1,6,ANATOLE FRANCE (RUE),0.0,0.0
201400029210,10,2,14,19,2,54,382,2,1,1,6,EUROPE (AVENUE DE L'),0.0,0.0
201400029211,14,3,14,15,1,54,321,2,1,1,6,BOGDAN POLITANSKI (AVENU,0.0,0.0
201400029212,16,3,14,14,1,54,254,2,1,1,6,ARDECHE (RUE DE L'),0.0,0.0
201400029213,21,3,14,15,1,54,323,2,1,1,2,"19, ALBERT LABRO (RUE)",0.0,0.0
201400029214,29,3,14,14,1,54,382,2,1,1,6,CASANOVA (RUE),0.0,0.0
201400029215,20,3,14,15,1,54,382,2,3,8,3,GARE (AVENUE DE LA),0.0,0.0
201400029216,16,4,14,10,1,54,323,2,1,1,6,"NR, CHARCOT (RUE DU DOCT",0.0,0.0
201400029217,30,4,14,13,1,54,451,2,1,1,7,"01, BOTTE LONGUE (RUE DE",0.0,0.0
201400029218,19,5,14,11,1,54,321,2,1,1,3,"10, LUXEMBOURG (AVENUE D",0.0,0.0
201400029219,21,5,14,10,1,54,323,2,1,1,2,"NR, AVIATION (AVENUE DE",0.0,0.0
201400029220,23,5,14,18,1,54,451,1,1,3,6,52 (ROUTE NATIONALE),0.0,0.0
201400029221,12,6,14,11,1,54,323,2,1,1,6,"NC, ALBERT THOMAS (RUE)",0.0,0.0
201400029222,21,6,14,0,5,54,323,2,1,1,6,"NC, MERCY (RUE)",0.0,0.0
201400029223,30,6,14,14,1,54,323,2,1,1,6,"NC, VAUBAN (RUE)",0.0,0.0
201400029224,12,7,14,11,1,54,323,2,1,1,6,"NR, MERCY (RUE)",0.0,0.0
201400029225,9,7,14,21,2,54,367,1,1,1,6,NATIONALE 52 (ROUTE),49.50455,5.78583
201400029226,18,7,14,19,1,54,321,2,1,1,6,"NR, BOGDAN POLITANSKI (A",0.0,0.0
201400029227,21,7,14,13,1,54,321,2,1,1,6,"NC, LUXEMBOURG (AVENUE D",0.0,0.0
201400029228,14,8,14,17,1,54,323,2,1,1,6,"NC, ARISTIDE BRIAND (RUE",0.0,0.0
201400029229,28,8,14,15,1,54,323,2,1,1,6,"nr, ALBERT THOMAS (RUE)",0.0,0.0
201400029230,3,9,14,17,1,54,323,2,1,1,6,"NR, FRONTIERE (RUE DE LA",0.0,0.0
201400029231,4,9,14,21,3,54,367,1,1,1,6,"NR, NATIONALE 52 (ROUTE)",49.50599,5.77834
201400029232,10,9,14,5,2,54,493,2,1,1,6,"07, LONGWY (RUE DE)",0.0,0.0
201400029233,3,10,14,17,1,54,323,1,1,1,6,"N, 520 (R.D.)",49.50565,5.75838
201400029234,3,11,14,19,2,54,382,1,1,1,6,"NR, EUROPE (AVENUE DE L'",0.0,0.0
201400029235,20,9,14,18,1,54,321,1,1,1,2,"NR, LUXEMBOURG (AVENUE D",0.0,0.0
201400029236,28,11,14,15,1,54,382,2,1,1,7,"43, IRIS (RUE DES)",0.0,0.0
201400029237,22,12,14,18,5,54,382,2,1,8,1,"54, METZ (BOULEVARD DE)",0.0,0.0
201400029238,23,12,14,18,5,54,382,2,1,1,6,"NR, EUROPE (AVENUE DE L'",0.0,0.0
201400029239,31,10,14,15,1,54,254,1,1,1,6,"NR, MOULIN (RUE DU)",0.0,0.0
201400029240,26,12,14,22,5,54,321,2,1,1,6,"NR, ERNEST HEMINGWAY (AV",0.0,0.0
201400029241,18,2,14,18,5,54,329,2,1,1,6,"42, AVENUE DE LA LIBERAT",0.0,0.0
201400029242,14,10,14,7,2,54,329,2,3,1,6,RUE RIVOLET,0.0,0.0
201400029243,6,1,14,7,2,54,395,2,1,1,6,PROVENCAL (PLACE ET RUE),0.0,0.0
201400029244,6,1,14,17,5,54,265,2,1,1,4,RD570,48.63928,6.18253