Num_Acc,jour,mois,an,hr,condition_eclairage,departement,commune,condition_agglomeration,intersection,condition_atmosphere,type_collision,adresse,lattitude,longitude
201400029245,7,1,14,8,1,54,395,2,2,1,3,GARENNE (ALLEE ET AVENUE,0.0,0.0
201400029246,7,1,14,18,5,54,395,2,1,2,2,DESILLES (RUE),0.0,0.0
201400029247,8,1,14,9,1,54,304,1,1,1,6,LIBERATION (AVENUE DE LA,0.0,0.0
201400029248,9,1,14,22,5,54,300,1,1,1,1,COTE GRISE,48.64872,6.23882
201400029249,9,1,14,13,1,54,274,2,1,1,6,"84, REPUBLIQUE (RUE DE L",0.0,0.0
201400029250,11,1,14,13,1,54,547,2,1,1,6,"3-5, JONQUILLES (AVENUE",0.0,0.0
201400029251,11,1,14,17,5,54,395,2,1,1,3,LOBAU (BOULEVARD),0.0,0.0
201400029252,11,1,14,18,5,54,395,2,1,1,6,TIERCELINS (RUE DES),0.0,0.0
201400029253,11,1,14,22,5,54,395,2,1,1,5,PINCHARD (AVENUE - TAMAR,0.0,0.0
201400029254,12,1,14,17,5,54,395,2,1,1,4,"47, SCARPONE (BD DE)",0.0,0.0
201400029255,15,1,14,16,1,54,395,2,3,1,3,ROUBAIX (RUE DE),0.0,0.0
201400029256,17,1,14,14,1,54,25,1,1,1,3,RD 126,0.0,0.0
201400029257,17,1,14,16,1,54,395,2,2,1,3,LYAUTEY (RUE),0.0,0.0
201400029258,17,1,14,18,5,54,526,2,1,1,5,FRATERNITE (RUE DE LA),0.0,0.0
201400029259,17,1,14,20,3,54,395,2,2,1,6,BALFOURIER (RUE DU GAL),0.0,0.0
201400029260,17,1,14,20,5,54,395,2,1,1,2,"16, LEOPOLD (COURS)",0.0,0.0
201400029261,20,1,14,15,1,54,526,2,2,2,3,FRATERNITE (RUE DE LA),0.0,0.0
201400029262,20,1,14,17,2,54,395,2,2,2,3,STRASBOURG (AVENUE DE),0.0,0.0
201400029263,21,1,14,9,1,54,395,2,1,1,6,"09, HAGUENAUER (RUE DU G",0.0,0.0
201400029264,22,1,14,11,1,54,526,2,2,1,2,MILLENAIRE (BOULEVARD DU,0.0,0.0
201400029265,23,1,14,7,2,54,395,2,1,2,6,"39, LECLERC (AV. DU GENE",0.0,0.0
201400029266,23,1,14,12,1,54,482,2,1,2,6,CARNOT (AVENUE),0.0,0.0
201400029267,23,1,14,18,5,54,482,2,1,2,4,"104, CARNOT (AVENUE)",0.0,0.0
201400029268,24,1,14,8,1,54,498,2,2,1,7,HELEUX (AVENUE DES),0.0,0.0
201400029269,24,1,14,13,1,54,304,2,1,1,2,"18, BERT (RUE PAUL)",0.0,0.0
201400029270,26,1,14,14,1,54,184,2,3,1,3,BRIGACHTAL (AVENUE DE),0.0,0.0
201400029271,28,1,14,7,3,54,25,1,1,5,6,RD 126,48.66088,6.24348
201400029272,28,1,14,8,1,54,395,2,1,8,6,"53, BOUFFLERS (AV. DE 74",0.0,0.0
201400029273,31,1,14,16,1,54,526,2,1,1,6,RD 2 BIS,48.68424,6.22832
201400029274,31,1,14,8,1,54,357,2,1,1,6,AULNES (BATIMENT LES),0.0,0.0
201400029275,31,1,14,10,1,54,395,1,3,7,6,LORRAIN (QUAI CLAUDE,0.0,0.0
201400029276,31,1,14,14,1,54,526,2,2,1,6,FRATERNITE (RUE DE LA),0.0,0.0
201400029277,2,2,14,12,1,54,526,1,1,1,3,RD 2 BIS,0.0,0.0
201400029278,2,2,14,13,1,54,482,2,1,1,6,"1, NOUE (RUE DE LA)",0.0,0.0
201400029279,3,2,14,7,1,54,300,2,3,5,6,AULNOIS (RUE DES),0.0,0.0
201400029280,4,2,14,12,1,54,328,2,1,1,2,PASTEUR (RUE LOUIS),0.0,0.0
201400029281,4,2,14,18,5,54,395,2,1,1,7,INSURRECTION DU GHETTO V,0.0,0.0
201400029282,5,2,14,7,1,54,395,2,3,2,3,STRASBOURG (AVENUE DE),0.0,0.0
201400029283,5,2,14,18,5,54,395,2,5,2,6,SAINTE CATHERINE (QUAI),0.0,0.0
201400029284,5,2,14,19,5,54,395,2,1,1,6,"12, FOCH (AVENUE 2 A 16/",0.0,0.0
201400029285,6,2,14,21,3,54,274,2,3,1,2,SONGEUR (RUE LEON),0.0,0.0
201400029286,7,2,14,2,5,54,395,2,2,1,3,MICHOTTES (RUE DES),0.0,0.0
201400029287,7,2,14,17,1,54,547,2,1,1,3,ARC (AVENUE JEANNE D'),0.0,0.0
201400029288,10,2,14,12,1,54,395,2,1,2,6,"13, MOLITOR (RUE)",0.0,0.0
201400029289,6,2,14,8,1,54,257,2,1,1,2,ERABLES (AVENUE DES),0.0,0.0
201400029290,12,2,14,15,1,54,395,2,2,1,6,"32, SAINT LEON (RUE ET E",0.0,0.0
201400029291,14,2,14,17,5,54,304,2,1,1,2,SAPINIERE (RUE DE LA),0.0,0.0
201400029292,14,2,14,22,5,54,526,2,1,1,1,TOLSTOI (BOULEVARD),0.0,0.0
201400029293,14,2,14,23,5,54,395,2,1,1,6,SAINT EPVRE (Rue et Plac,0.0,0.0
201400029294,16,2,14,14,1,54,578,2,3,1,1,MULLER (AVENUE PAUL),0.0,0.0
201400029295,17,2,14,19,5,54,395,2,1,1,2,LOBAU (BOULEVARD),0.0,0.0
201400029296,19,2,14,12,1,54,304,2,3,1,2,MEUSE (RUE DE LA),0.0,0.0
201400029297,21,2,14,20,5,54,395,2,3,1,3,MANGIN (AVENUE DU GENERA,0.0,0.0
201400029298,21,2,14,8,1,54,25,2,1,2,1,SAINTE MARGUERITE (AVENU,0.0,0.0
201400029299,21,2,14,16,1,54,526,2,1,1,3,MOULIN (RUE JEAN),0.0,0.0
201400029300,21,2,14,17,1,54,526,2,1,1,3,CROIZAT (RUE AMBROISE),0.0,0.0
201400029301,22,2,14,16,1,54,578,2,2,1,3,AIGUILLETTES  (BD 5A A 1,0.0,0.0
201400029302,24,2,14,8,1,54,547,2,1,1,3,MILAN (RUE DE),0.0,0.0
201400029303,24,2,14,8,1,54,498,2,4,7,6,GRAND'RUE,0.0,0.0
201400029304,24,2,14,14,1,54,357,2,1,1,6,"09, CHARCOT (RUE DU COMM",0.0,0.0
201400029305,24,2,14,15,1,54,184,2,1,1,3,SAUVAGE (rue Catherine),0.0,0.0
201400029306,24,2,14,15,1,54,304,2,1,7,4,"29, RESISTANCE (AV. DE L",0.0,0.0
201400029307,25,2,14,7,1,54,395,2,2,1,3,TOMBLAINE (RUE DE),0.0,0.0
201400029308,25,2,14,12,1,54,395,2,1,1,3,"101, LIBERATION (AVENUE",0.0,0.0
201400029309,28,2,14,8,1,54,304,1,1,2,6,QUATRE VENTS (AVENUE DES,0.0,0.0
201400029310,28,2,14,13,1,54,547,2,1,2,2,ARC (AVENUE JEANNE D'),0.0,0.0
201400029311,28,2,14,16,1,54,547,2,1,2,6,HOLLANDE (RUE DE),0.0,0.0
201400029312,28,2,14,17,1,54,395,2,1,1,6,"25, LORRAIN (QUAI CLAUDE",0.0,0.0
201400029313,2,3,14,16,1,54,339,2,1,1,2,"68, DRIANT (RUE DU COLON",0.0,0.0
201400029314,4,3,14,17,1,54,395,2,1,1,3,SABLES (RUE DES),0.0,0.0
201400029315,5,3,14,7,1,54,395,2,2,1,7,"175, LECLERC (AV. DU GEN",0.0,0.0
201400029316,6,3,14,13,1,54,395,2,2,7,6,POINCARE (RUE RAYMOND 1-,0.0,0.0
201400029317,6,3,14,17,1,54,304,2,3,1,6,ZOLA (RUE EMILE),48.68461,6.15392
201400029318,6,3,14,17,1,54,395,2,1,1,2,ALEXANDRE 1ER  (PLACE),0.0,0.0
201400029319,6,3,14,18,1,54,498,2,1,9,4,RD 674,0.0,0.0
201400029320,4,3,14,19,5,54,304,2,2,1,3,EUROPE (AVENUE DE L'),48.67977,6.14847
201400029321,7,3,14,14,1,54,395,2,1,1,6,SAINTE CATHERINE (QUAI),0.0,0.0
201400029322,10,3,14,17,1,54,482,2,2,1,3,GAMBETTA (RUE),0.0,0.0
201400029323,10,3,14,7,1,54,395,2,1,1,3,SCARPONE (BD DE),0.0,0.0
201400029324,12,3,14,11,1,54,395,2,2,1,3,CRAFFE (RUE DE LA),0.0,0.0
201400029325,17,3,14,16,1,54,304,2,2,1,3,FOCH (BOULEVARD MARECHAL,0.0,0.0
201400029326,17,3,14,19,5,54,300,2,1,1,3,GALTIER (RUE LUCIEN),0.0,0.0
201400029327,19,3,14,7,1,54,395,2,1,1,6,"97, MON DESERT (RUE)",0.0,0.0
201400029328,18,3,14,17,1,54,395,2,1,1,6,PINCHARD (AVENUE - TAMAR,0.0,0.0
201400029329,20,3,14,14,1,54,184,2,6,1,3,RD 674,48.71227,6.24778
201400029330,21,3,14,16,1,54,395,2,1,1,3,JOFFRE (Boulevard),0.0,0.0
201400029331,23,3,14,1,5,54,395,2,1,1,2,SAINT DIZIER (RUE 2 A 80,0.0,0.0
201400029332,24,3,14,13,1,54,547,2,1,1,6,FAURE (RUE GABRIEL),0.0,0.0
201400029333,25,3,14,15,1,54,304,2,2,7,6,BOUFFLERS (AV DE 336/401,0.0,0.0
201400029334,26,3,14,15,1,54,395,2,1,1,6,PHALSBOURG (RUE DE),0.0,0.0
201400029335,26,3,14,17,1,54,395,2,1,1,4,BOUFFLERS (AVENUE) DE 2,0.0,0.0
201400029336,27,3,14,9,1,54,482,2,1,1,6,PARC (RUE DU),0.0,0.0
201400029337,28,3,14,13,1,54,395,2,1,1,1,JOFFRE (Boulevard),0.0,0.0
201400029338,28,3,14,20,5,54,395,2,1,1,2,BATAILLE (QUAI DE LA),0.0,0.0
201400029339,29,3,14,18,2,54,395,2,3,1,3,MALZEVILLE (PONT DE),48.70333,6.18187
201400029340,29,3,14,9,1,54,339,2,2,1,3,SAINT MICHEL (AVENUE),0.0,0.0
201400029341,31,3,14,21,5,54,526,2,2,1,3,POTIER (RUE EUGENE),0.0,0.0
201400029342,28,3,14,21,5,54,526,2,1,1,3,JAURES (BOULEVARD JEAN),0.0,0.0
201400029343,1,4,14,13,1,54,395,2,1,1,6,"73, BOUFFLERS (AV. DE 74",0.0,0.0
201400029344,1,4,14,18,1,54,395,2,2,1,6,CHARLES III (RUE),0.0,0.0
201400029345,2,4,14,14,1,54,304,2,1,1,6,RHIN (AV. DU),0.0,0.0
201400029346,1,4,14,14,1,54,395,2,1,1,6,"13, HAGUENAUER (RUE DU G",0.0,0.0
201400029347,4,4,14,16,1,54,304,2,1,1,3,"29, LIBERATION (AVENUE D",0.0,0.0
201400029348,4,4,14,17,1,54,395,2,1,1,6,FOCH (AVENUE 18 ET 9 A F,0.0,0.0
201400029349,6,4,14,15,1,54,25,2,3,1,3,PARC (RUE DU),0.0,0.0
201400029350,6,4,14,17,1,54,395,2,3,1,3,STRASBOURG (AVENUE DE),0.0,0.0
201400029351,8,4,14,8,1,54,304,2,1,1,4,BOIS GRONEE (AVENUE DU),0.0,0.0
201400029352,9,4,14,17,1,54,395,2,3,1,6,ARC (RUE JEANNE D' N?53,0.0,0.0
201400029353,9,4,14,17,1,54,395,2,1,1,2,TIERCELINS (RUE DES),0.0,0.0
201400029354,10,4,14,16,1,54,395,2,1,1,3,"62, MON DESERT (RUE)",0.0,0.0
201400029355,11,4,14,15,1,54,547,2,1,1,2,NORVEGE (RUE DE),0.0,0.0
201400029356,12,4,14,17,1,54,25,1,1,1,2,SAINT PHLIN (RUE DU FAUB,48.65077,6.27108
201400029357,14,4,14,9,1,54,304,2,3,1,3,RHIN (AV. DU),0.0,0.0
201400029358,15,4,14,9,1,54,304,2,3,1,6,VOLTAIRE (RUE),0.0,0.0
201400029359,16,4,14,12,1,54,547,2,6,1,3,EUROPE (BOULEVARD DE L'),0.0,0.0
201400029360,16,4,14,13,1,54,357,1,1,1,6,COURBET (RUE),0.0,0.0
201400029361,16,4,14,18,1,54,395,2,2,1,4,SENN (RUE DU RECTEUR),0.0,0.0
201400029362,16,4,14,18,1,54,578,2,2,1,3,MULLER (AVENUE PAUL),0.0,0.0
201400029363,17,4,14,7,1,54,547,2,1,1,2,,0.0,0.0
201400029364,19,4,14,9,1,54,395,2,2,1,6,MON DESERT (RUE),0.0,0.0
201400029365,20,4,14,10,1,54,547,2,1,1,3,EUROPE (BOULEVARD DE L'),0.0,0.0
201400029366,21,4,14,11,1,54,395,2,1,1,6,"0, HAUSSONVILLE (BD D')",0.0,0.0
201400029367,22,4,14,17,1,54,547,2,1,1,3,LECLERC (AVENUE DU GENER,0.0,0.0
201400029368,22,4,14,8,1,54,395,2,7,1,2,COMMANDERIE (RUE/PLACE D,0.0,0.0
201400029369,23,4,14,11,1,54,184,2,1,1,6,REPUBLIQUE (PLACE DE LA),0.0,0.0
201400029370,24,4,14,10,1,54,526,2,3,1,5,VOLTAIRE (RUE),0.0,0.0
201400029371,24,4,14,17,1,54,526,2,1,1,4,RD 2 BIS,0.0,0.0
201400029372,25,4,14,14,1,54,304,2,1,1,6,BOIS GRONEE (AVENUE DU),0.0,0.0
201400029373,25,4,14,16,1,54,547,2,1,1,3,EUROPE (BOULEVARD DE L'),0.0,0.0
201400029374,25,4,14,19,1,54,184,2,1,1,6,"139, FOCH (AVENUE)",0.0,0.0
201400029375,27,4,14,7,1,54,547,2,4,1,6,BERGER (RUE EUGENIE),0.0,0.0
201400029376,28,4,14,15,1,54,395,2,1,1,2,HAGUENAUER (RUE DU GRAND,0.0,0.0
201400029377,28,4,14,17,1,54,25,2,1,1,4,"50, SAINT PHLIN (RUE DU",0.0,0.0
201400029378,28,4,14,19,2,54,526,2,2,2,3,ROUGET DE L'ISLE (RUE),0.0,0.0
201400029379,30,4,14,14,1,54,395,2,1,1,2,BLANDAN (IMPASSE ET RUE,0.0,0.0
201400029380,30,4,14,21,5,54,395,2,1,1,3,"0, MOTHE (RUE DE LA)",0.0,0.0
201400029381,30,4,14,22,5,54,395,2,1,1,6,"0, OBERLIN (RUE)",0.0,0.0
201400029382,2,5,14,17,1,54,304,2,1,1,2,SAPINIERE (RUE DE LA),0.0,0.0
201400029383,3,5,14,17,1,54,547,2,1,1,2,"109, JAURES (AVENUE JEAN",0.0,0.0
201400029384,1,5,14,6,2,54,304,1,1,1,6,BOIS GRONEE (AVENUE DU),0.0,0.0
201400029385,5,5,14,12,1,54,328,2,6,1,3,FRESNEL (RUE AUGUSTIN),0.0,0.0
201400029386,5,5,14,14,1,54,300,1,1,1,7,BAYON (ROUTE DE),48.63435,6.2545
201400029387,6,5,14,15,1,54,184,2,1,1,3,FOCH (AVENUE),0.0,0.0
201400029388,6,5,14,21,3,54,25,1,1,1,7,RD 126,0.0,0.0
201400029389,11,5,14,23,5,54,547,2,1,2,2,"0, BARTHOU (BD LOUIS)",0.0,0.0
201400029390,12,5,14,20,1,54,395,2,2,2,3,SAINT JEAN (RUE),0.0,0.0
201400029391,15,5,14,16,1,54,395,2,3,1,1,PINCHARD (AV TAMARIS,0.0,0.0
201400029392,15,5,14,16,1,54,395,2,1,1,6,SAINT DIZIER (RUE 2,0.0,0.0
201400029393,16,5,14,7,1,54,526,2,1,1,4,FRATERNITE (RUE DE LA),0.0,0.0
201400029394,16,5,14,16,1,54,274,2,3,1,3,NEY (RUE DU MARECHAL),0.0,0.0
201400029395,21,5,14,18,1,54,395,2,1,1,4,"248, STRASBOURG (AVENUE",0.0,0.0
201400029396,22,5,14,10,1,54,547,2,1,1,2,EUROPE (BOULEVARD DE L'),0.0,0.0
201400029397,22,5,14,16,1,54,578,2,2,2,6,AIGUILLETTES  (BD 5 A 73,0.0,0.0
201400029398,21,5,14,18,1,54,547,2,1,2,2,PERI (RUE GABRIEL),0.0,0.0
201400029399,22,5,14,18,1,54,395,2,3,1,1,GRANDVILLE (RUE),0.0,0.0
201400029400,29,5,14,18,1,54,395,2,1,9,6,VOSGES (PLACE DES),0.0,0.0
201400029401,26,5,14,7,1,54,395,2,1,8,6,"25, LORRAIN (QUAI CLAUDE",0.0,0.0
201400029402,26,5,14,8,1,54,547,2,1,1,3,"19, LUXEMBOURG (RUE DU)",0.0,0.0
201400029403,27,5,14,20,1,54,547,2,1,1,1,"01, FRERE (RUE DU GENERA",0.0,0.0
201400029404,27,5,14,22,5,54,482,2,1,1,2,"47 et 70, HUET (RUE JOSE",0.0,0.0
201400029405,28,5,14,7,1,54,547,2,1,1,2,BOURGOGNE (AVENUE DE),0.0,0.0
201400029406,30,5,14,11,1,54,395,2,1,1,6,LALLEMENT (RUE LEOPOLD),0.0,0.0
201400029407,3,6,14,4,5,54,395,2,1,1,1,"27, STANISLAS (RUE)",0.0,0.0
201400029408,4,6,14,17,1,54,395,2,2,1,3,LEOPOLD (COURS),0.0,0.0
201400029409,5,6,14,10,1,54,395,2,1,7,6,SAINT DIZIER (RUE 2 A 80,0.0,0.0
201400029410,5,6,14,13,1,54,357,2,3,1,1,REPUBLIQUE (RUE DE LA),0.0,0.0
201400029411,5,6,14,19,1,54,328,2,3,1,3,"0, SAUSSI (ALLEE DU)",0.0,0.0
201400029412,7,6,14,18,1,54,482,2,1,1,6,ALEXANDRE 1ER (RUE),0.0,0.0
201400029413,7,6,14,18,1,54,395,2,1,1,3,VINGT SIXIEME R.I. (BOUL,0.0,0.0
201400029414,8,6,14,16,1,54,395,2,1,1,3,BONSECOURS (RUE DE),0.0,0.0
201400029415,10,6,14,19,1,54,339,2,2,1,3,BARRES (RUE MAURICE),0.0,0.0
201400029416,11,6,14,18,1,54,328,2,1,7,3,CHAUDEAU (AVENUE DU),0.0,0.0
201400029417,11,6,14,19,1,54,482,2,1,1,6,"24, ALEXANDRE 1ER (RUE)",0.0,0.0
201400029418,12,6,14,14,1,54,395,2,1,1,6,QUATRE EGLISES (RUE,0.0,0.0
201400029419,12,6,14,14,1,54,395,2,3,1,2,DE LATTRE DE TASSIGNY (A,0.0,0.0
201400029420,12,6,14,20,1,54,395,2,1,1,4,"314, LIBERATION (AVENUE",0.0,0.0
201400029421,13,6,14,11,1,54,328,2,2,1,3,FLEVILLE (ROUTE DE),0.0,0.0
201400029422,15,6,14,20,1,54,578,1,1,1,6,MARON (AVENUE DE),0.0,0.0
201400029423,17,6,14,17,1,54,184,2,1,1,4,SOIXANTE NEUVIEME R.I. (,0.0,0.0
201400029424,19,6,14,16,1,54,547,2,1,1,2,NORVEGE (RUE DE),0.0,0.0
201400029425,24,6,14,21,2,54,395,2,1,1,3,MON DESERT (RUE),0.0,0.0
201400029426,20,6,14,14,1,54,395,2,1,1,3,"15, DE LATTRE DE TASSIGN",0.0,0.0
201400029427,20,6,14,12,1,54,184,2,1,1,6,BRIGACHTAL (AVENUE DE),0.0,0.0
201400029428,20,6,14,18,1,54,395,2,1,1,6,POINCARE (RUE RAYMOND 1-,0.0,0.0
201400029429,22,6,14,4,5,54,395,2,1,1,7,SAINT GEORGES (RUE),0.0,0.0
201400029430,24,6,14,11,1,54,184,2,1,1,3,LE TRONC QUI FUME (LIEU-,0.0,0.0
201400029431,25,6,14,9,1,54,547,2,1,1,4,CHARLES DE GAULLE (ROND,0.0,0.0
201400029432,24,6,14,17,1,54,526,2,3,1,6,POTIER (RUE EUGENE),0.0,0.0
201400029433,18,6,14,11,1,54,395,2,1,1,6,JARDINIERS (RUE DES,0.0,0.0
201400029434,30,6,14,15,1,54,395,2,2,1,3,HAUT-BOURGEOIS (RUE DU),0.0,0.0
201400029435,1,7,14,11,1,54,357,2,1,1,2,"62, LAFAYETTE (RUE)",0.0,0.0
201400029436,1,7,14,20,1,54,578,2,1,1,6,MULLER (AVENUE PAUL),0.0,0.0
201400029437,2,7,14,20,1,54,395,2,1,1,6,"78, FOCH (AVENUE 2 A 16/",0.0,0.0
201400029438,5,7,14,19,1,54,328,2,1,1,3,PASTEUR (RUE LOUIS),0.0,0.0
201400029439,6,7,14,12,1,54,257,2,1,2,3,"0, SONGEUR (RUE LEON)",0.0,0.0
201400029440,7,7,14,19,1,54,547,2,1,2,1,BOIS LE DUC (RUE DU),0.0,0.0
201400029441,8,7,14,14,1,54,395,2,3,1,6,FOLLER (RUE),0.0,0.0
201400029442,8,7,14,22,5,54,578,2,3,9,3,"45, AIGUILLETTES  (BD 5",0.0,0.0
201400029443,9,7,14,17,1,54,395,2,2,2,3,VIEIL AITRE (RUE DU),0.0,0.0
201400029444,14,7,14,19,1,54,357,2,1,1,3,SEILLE (RUE DE LA),0.0,0.0
201400029445,15,7,14,9,1,54,395,2,2,1,3,KENNEDY (VIADUC),0.0,0.0
201400029446,15,7,14,14,1,54,395,2,1,1,2,JUIN (AVENUE DU MARECHAL,0.0,0.0
201400029447,15,7,14,21,1,54,395,2,2,1,1,REPUBLIQUE (RUE DE LA),0.0,0.0
201400029448,14,7,14,0,5,54,547,2,6,2,6,VELODROME (CARREFOUR DU),0.0,0.0
201400029449,15,7,14,17,1,54,547,2,3,1,3,LECLERC (AVENUE DU GENER,0.0,0.0
201400029450,16,7,14,9,1,54,395,2,1,1,6,"125, SAINT DIZIER (RUE 8",0.0,0.0
201400029451,17,7,14,9,1,54,526,2,2,1,3,MILLENAIRE (BOULEVARD DU,0.0,0.0
201400029452,18,7,14,17,1,54,526,2,2,1,2,JAURES (BOULEVARD JEAN),0.0,0.0
201400029453,18,7,14,17,1,54,395,2,1,7,6,"200, LIBERATION (AVENUE",0.0,0.0
201400029454,19,7,14,18,1,54,482,2,1,1,6,GAMBETTA (RUE),0.0,0.0
201400029455,19,7,14,20,1,54,395,2,1,1,2,STRASBOURG (AVENUE DE),0.0,0.0
201400029456,21,7,14,13,1,54,395,2,1,9,3,"75, LOBAU (BOULEVARD)",0.0,0.0
201400029457,22,7,14,18,1,54,547,2,3,1,3,"16, PERSEVERANCE (RUE DE",0.0,0.0
201400029458,22,7,14,19,1,54,395,2,1,1,6,BOUDONVILLE (RUE DU MOUL,0.0,0.0
201400029459,23,7,14,21,5,54,304,2,2,1,3,FOCH (BOULEVARD MARECHAL,0.0,0.0
201400029460,24,7,14,13,1,54,25,1,1,1,1,RD 2 Bis,0.0,0.0
201400029461,27,7,14,9,1,54,395,2,2,1,6,FRANCE (AVENUE ANATOLE),0.0,0.0
201400029462,29,7,14,13,1,54,395,2,1,1,3,PINCHARD (AVENUE - OMBEL,0.0,0.0
201400029463,25,7,14,17,1,54,395,2,1,1,6,"103, BOUDONVILLE (Rue de",0.0,0.0
201400029464,31,7,14,11,1,54,395,2,1,1,2,POINCARE (RUE RAYMOND 1-,0.0,0.0
201400029465,1,8,14,15,1,54,395,2,4,1,3,MAC MAHON (RUE),0.0,0.0
201400029466,1,8,14,15,1,54,395,2,1,1,4,"122, LOBAU (BOULEVARD)",0.0,0.0
201400029467,4,8,14,7,1,54,395,2,5,1,3,JAURES (BOULEVARD JEAN),0.0,0.0
201400029468,5,8,14,10,1,54,395,2,1,1,3,"4, ROPARTZ (RUE GUY)",0.0,0.0
201400029469,5,8,14,15,1,54,526,2,1,1,6,HERBUVAUX (PLACE RENE),0.0,0.0
201400029470,5,8,14,17,1,54,395,2,1,1,3,LEOPOLD (COURS),0.0,0.0
201400029471,6,8,14,11,1,54,184,2,1,1,6,"120, SOIXANTE NEUVIEME R",0.0,0.0
201400029472,6,8,14,13,1,54,395,2,2,1,3,PALISSOT (RUE),0.0,0.0
201400029473,11,8,14,12,1,54,395,2,2,1,7,"147, SAINT DIZIER (RUE 8",0.0,0.0
201400029474,12,8,14,15,1,54,395,2,1,1,6,"07, TIERCELINS (RUE DES)",0.0,0.0
201400029475,12,8,14,18,1,54,395,2,2,1,6,"0, SAINT DIZIER (RUE 2",0.0,0.0
201400029476,13,8,14,16,1,54,547,2,1,3,1,"0, JAURES (AVENUE JEAN)",0.0,0.0
201400029477,14,8,14,18,1,54,25,2,1,1,5,RD 126,48.65894,6.27002
201400029478,14,8,14,21,2,54,395,2,1,1,6,"0, VINGTIEME CORPS (AVEN",0.0,0.0
201400029479,16,8,14,5,2,54,304,2,1,1,2,"9, AIGUILLETTES  (BD 16",0.0,0.0
201400029480,21,8,14,14,1,54,395,2,1,1,2,GRANDVILLE (RUE),0.0,0.0
201400029481,21,8,14,15,1,54,395,2,1,1,6,"0, MALVAL (PLACE JOSEPH)",0.0,0.0
201400029482,22,8,14,14,1,54,395,2,1,1,3,"0, MARIN (VIADUC LOUIS)",0.0,0.0
201400029483,22,8,14,22,4,54,395,2,1,1,6,"264, LECLERC (AV. DU GEN",0.0,0.0
201400029484,23,8,14,16,1,54,304,2,1,1,3,BOIS GRONEE (AVENUE DU),0.0,0.0
201400029485,24,8,14,23,5,54,578,2,1,1,6,JARDIN BOTANIQUE (RUE DU,0.0,0.0
201400029486,25,8,14,15,1,54,184,2,1,1,2,BRIGACHTAL (AVENUE DE),0.0,0.0
201400029487,25,8,14,16,1,54,328,2,1,1,3,"8, BAS DE LA COTE (RUE D",0.0,0.0
201400029488,25,8,14,18,1,54,547,2,2,2,3,"0, FORET DE HAYE (RUE DE",0.0,0.0
201400029489,26,8,14,14,1,54,547,2,1,2,1,"0, FORET DE HAYE (RUE DE",0.0,0.0
201400029490,27,8,14,9,1,54,395,2,6,1,3,"0, BROT (Rond-Point Marc",0.0,0.0
201400029491,27,8,14,12,1,54,547,2,3,1,2,OPALINSKA (RUE CATHERINE,0.0,0.0
201400029492,28,8,14,12,1,54,165,2,2,1,3,"0, SAINTE GENEVIEVE (RUE",0.0,0.0
201400029493,28,8,14,17,1,54,395,2,3,1,3,RUE CROIX SAINT-CLAUDE,0.0,0.0
201400029494,29,8,14,15,1,54,547,2,1,1,6,"16, HOLLANDE (RUE DE)",0.0,0.0
201400029495,29,8,14,16,1,54,395,2,1,1,4,"0, MILLENAIRE (PONT DU)",0.0,0.0
201400029496,30,8,14,15,1,54,547,2,1,1,6,"28, PORTUGAL (RUE DU)",0.0,0.0
201400029497,4,9,14,3,5,54,197,2,1,1,6,"0, RD 71",0.0,0.0
201400029498,7,9,14,0,5,54,395,2,1,1,6,"39, SOURCE (RUE DE LA)",0.0,0.0
201400029499,8,9,14,11,1,54,257,1,1,1,2,RD 570,48.63166,6.18252
201400029500,9,9,14,19,2,54,395,2,1,8,7,"114, REPUBLIQUE (RUE DE",0.0,0.0
201400029501,10,9,14,10,1,54,526,2,2,1,3,"0, FRATERNITE (RUE DE LA",0.0,0.0
201400029502,10,9,14,12,1,54,300,2,1,1,3,RD 400,0.0,0.0
201400029503,11,9,14,16,1,54,395,2,1,1,6,"83, POINCARE (RUE RAYMON",0.0,0.0
201400029504,12,9,14,1,5,54,395,2,1,9,6,"4, LA SALLE (RUE DE)",0.0,0.0
201400029505,12,9,14,8,1,54,395,2,2,1,3,JOFFRE (Boulevard),0.0,0.0
201400029506,12,9,14,10,1,54,395,2,1,1,2,LIBERATION (AVENUE DE LA,0.0,0.0
201400029507,12,9,14,17,1,54,395,2,1,1,3,FOLLER (RUE),0.0,0.0
201400029508,13,9,14,9,1,54,395,2,1,1,6,"0, DE GAULLE (PLACE DU G",0.0,0.0
201400029509,13,9,14,20,2,54,578,2,2,1,3,MULLER (AVENUE PAUL),0.0,0.0
201400029510,16,9,14,16,1,54,395,2,1,1,2,"08, LAXOU (Rue de)",0.0,0.0
201400029511,17,9,14,18,1,54,526,2,1,1,6,"0, JAURES (BOULEVARD JEA",0.0,0.0
201400029512,17,9,14,5,5,54,300,2,1,5,1,"01, COTE GRISE",48.64506,6.24827
201400029513,17,9,14,10,1,54,526,2,2,1,7,JAURES (BOULEVARD JEAN),0.0,0.0
201400029514,17,9,14,10,1,54,578,2,1,1,6,"92, LECLERC (AVENUE DU G",0.0,0.0
201400029515,18,9,14,13,1,54,304,2,1,1,6,EUROPE (AVENUE DE L'),0.0,0.0
201400029516,20,9,14,13,1,54,395,2,1,1,3,LECLERC (AV DU GENERAL),0.0,0.0
201400029517,20,9,14,17,1,54,395,2,1,1,6,"12, CHARLEMAGNE (BD)",0.0,0.0
201400029518,21,9,14,10,1,54,395,2,2,2,3,MON DESERT (RUE),0.0,0.0
201400029519,22,9,14,13,1,54,395,2,1,1,6,"50, MAUVAIS (RUE VIRGINI",0.0,0.0
201400029520,22,9,14,14,1,54,395,2,1,1,2,LIBERATION (AVENUE DE LA,0.0,0.0
201400029521,22,9,14,17,1,54,304,2,3,1,3,MEUSE (RUE DE LA),0.0,0.0
201400029522,23,9,14,8,1,54,395,2,3,1,3,SCARPONE (BD DE),0.0,0.0
201400029523,25,9,14,8,1,54,165,1,1,1,7,PAIN DE SUCRE (CHEMIN),0.0,0.0
201400029524,26,9,14,13,1,54,357,2,1,1,3,"32, PATTON (AV. DU GENER",0.0,0.0