Num_Acc,jour,mois,an,hr,condition_eclairage,departement,commune,condition_agglomeration,intersection,condition_atmosphere,type_collision,adresse,lattitude,longitude
201400029525,26,9,14,16,1,54,395,2,1,1,7,"3, MARTIMPREY (RUE DE)",0.0,0.0
201400029526,26,9,14,17,1,54,395,2,1,1,6,"0, SAINT SEBASTIEN (EGLI",0.0,0.0
201400029527,27,9,14,13,1,54,395,2,1,1,3,PINCHARD (AVENUE - TAMAR,0.0,0.0
201400029528,27,9,14,18,1,54,547,2,3,1,6,"0, BRIAND (RUE ARISTIDE)",0.0,0.0
201400029529,29,9,14,8,1,54,395,2,1,1,6,KENNEDY (VIADUC),0.0,0.0
201400029530,29,9,14,19,2,54,395,2,2,1,3,METZ (RUE DE),0.0,0.0
201400029531,30,9,14,10,1,54,395,2,1,1,2,"100, LIBERATION (AVENUE",0.0,0.0
201400029532,30,9,14,17,1,54,395,2,2,1,3,JAURES (BOULEVARD JEAN),0.0,0.0
201400029533,2,10,14,8,1,54,304,2,1,1,3,ARCHAMBAULT (RUE DU DOCT,0.0,0.0
201400029534,3,10,14,16,1,54,395,2,3,1,6,CHANZY (RUE DE),0.0,0.0
201400029535,4,10,14,20,5,54,526,2,2,1,1,RD 2 BIS,0.0,0.0
201400029536,6,10,14,7,1,54,395,2,2,1,3,KLEBER (RUE),0.0,0.0
201400029537,6,10,14,12,1,54,578,2,3,1,3,AVIATION (ROUTE DE L'),0.0,0.0
201400029538,6,10,14,18,1,54,184,2,1,1,2,BRIGACHTAL (AVENUE DE),0.0,0.0
201400029539,6,10,14,18,1,54,395,2,1,1,1,COURNAULT (RUE ETIENNE),0.0,0.0
201400029540,7,10,14,16,1,54,395,2,1,2,6,BAILLY (RUE),0.0,0.0
201400029541,8,10,14,7,5,54,395,2,1,1,7,SELLIER (RUE),0.0,0.0
201400029542,7,10,14,14,1,54,395,2,1,1,3,SERRE (RUE DE),0.0,0.0
201400029543,9,10,14,13,1,54,482,2,3,3,6,"0, SAINT LIVIER (RUE",0.0,0.0
201400029544,10,10,14,11,1,54,526,2,2,1,3,FRATERNITE (RUE DE LA),0.0,0.0
201400029545,10,10,14,17,2,54,395,2,1,1,6,BRABOIS (AVENUE DE),0.0,0.0
201400029546,10,10,14,20,5,54,395,2,2,2,3,CALLOT (RUE),0.0,0.0
201400029547,12,10,14,4,5,54,395,2,1,5,6,ARC ( RUE JEANNE D'N,0.0,0.0
201400029548,12,10,14,15,1,54,395,2,1,2,6,TOMBLAINE (RUE DE),0.0,0.0
201400029549,13,10,14,19,2,54,395,2,1,1,6,"0, SAINTE CATHERINE (QUA",0.0,0.0
201400029550,13,10,14,7,1,54,395,2,4,2,6,LIBERATION (AVENUE DE LA,0.0,0.0
201400029551,13,10,14,7,1,54,395,2,1,1,6,"37, KLEBER (RUE)",0.0,0.0
201400029552,13,10,14,10,1,54,395,2,1,1,2,"56, BOUDONVILLE (Rue de)",0.0,0.0
201400029553,13,10,14,15,1,54,395,2,2,1,6,SENN (RUE DU RECTEUR),0.0,0.0
201400029554,13,10,14,19,5,54,395,2,1,1,6,"70, JARDINIERS (RUE DES",0.0,0.0
201400029555,14,10,14,12,1,54,395,2,1,1,1,BATAILLE (QUAI DE LA),0.0,0.0
201400029556,14,10,14,17,1,54,578,2,3,1,3,MULLER (AVENUE PAUL),0.0,0.0
201400029557,14,10,14,17,1,54,274,2,1,1,6,GOUNOD (RUE CHARLES),0.0,0.0
201400029558,15,10,14,22,5,54,547,2,1,8,6,BARTHOU (BD LOUIS),0.0,0.0
201400029559,17,10,14,16,1,54,578,2,2,1,3,MULLER (AVENUE PAUL),0.0,0.0
201400029560,17,10,14,17,1,54,328,2,1,1,2,MESSEIN (ROUTE DE),0.0,0.0
201400029561,21,10,14,12,1,54,304,2,1,1,5,RESISTANCE (AV. DE LA -P,0.0,0.0
201400029562,21,10,14,17,1,54,547,2,1,2,5,FORET DE HAYE (RUE DE LA,0.0,0.0
201400029563,21,10,14,20,5,54,547,2,1,1,2,BERGER (RUE EUGENIE),0.0,0.0
201400029564,22,10,14,14,1,54,547,2,1,1,3,PERI (RUE GABRIEL),0.0,0.0
201400029565,24,10,14,10,1,54,395,2,1,1,6,"0, DE LATTRE DE TASSIGNY",0.0,0.0
201400029566,25,10,14,19,5,54,395,2,1,1,6,"5, ROPARTZ (RUE GUY)",0.0,0.0
201400029567,27,10,14,18,5,54,395,2,1,1,3,"69, BOUFFLERS (AVENUE) D",0.0,0.0
201400029568,31,10,14,6,5,54,395,2,2,1,3,ALBERT 1ER  (BD),0.0,0.0
201400029569,2,11,14,17,5,54,395,2,2,1,3,MON DESERT (RUE),0.0,0.0
201400029570,4,11,14,5,5,54,304,2,1,2,3,SAPINIERE (RUE DE LA),0.0,0.0
201400029571,4,11,14,12,1,54,339,2,1,3,2,EGLISE (RUE DE L'),0.0,0.0
201400029572,4,11,14,18,5,54,547,2,1,3,2,MIRECOURT (ROUTE DE),0.0,0.0
201400029573,4,11,14,22,5,54,395,2,2,2,3,LECLERC (AV DU GENERAL),0.0,0.0
201400029574,5,11,14,13,1,54,395,2,1,1,6,PINCHARD (AVENUE   TAMAR,0.0,0.0
201400029575,8,11,14,8,1,54,395,2,1,1,4,LIBERATION (AVENUE DE LA,0.0,0.0
201400029576,8,11,14,16,1,54,547,2,1,1,4,MIRECOURT (ROUTE DE),0.0,0.0
201400029577,10,11,14,19,5,54,395,2,3,1,6,"0, KELLER (RUE CHARLES)",0.0,0.0
201400029578,11,11,14,9,1,54,328,2,1,2,5,"276, MONT (RUE DU)",0.0,0.0
201400029579,11,11,14,10,1,54,547,2,1,1,6,"0, EUROPE (BOULEVARD DE",0.0,0.0
201400029580,14,11,14,8,2,54,547,2,1,5,3,BOURGOGNE (AVENUE DE),0.0,0.0
201400029581,14,11,14,10,1,54,304,2,1,1,3,SAPINIERE (RUE DE LA),0.0,0.0
201400029582,14,11,14,12,1,54,395,2,1,1,6,HUGO (RUE VICTOR),0.0,0.0
201400029583,15,11,14,20,5,54,395,2,1,2,6,"37, MIRECOURT (ROUTE DE)",0.0,0.0
201400029584,16,11,14,19,2,54,395,2,2,2,3,MOUILLERON (RUE GABRIEL),0.0,0.0
201400029585,18,11,14,12,1,54,395,2,1,1,6,"47, COMMANDERIE (RUE/PLA",0.0,0.0
201400029586,20,11,14,16,2,54,274,2,3,1,3,SONGEUR (RUE LEON),0.0,0.0
201400029587,17,11,14,19,5,54,395,2,1,2,2,"79, SAINT NICOLAS (RUE R",0.0,0.0
201400029588,19,11,14,12,1,54,526,2,1,1,6,POTIER (RUE EUGENE),0.0,0.0
201400029589,24,11,14,7,1,54,184,2,1,1,3,SAULXURES (AVENUE DE),0.0,0.0
201400029590,24,11,14,14,1,54,395,2,2,1,3,MOUILLERON (RUE GABRIEL),0.0,0.0
201400029591,25,11,14,17,5,54,395,2,1,1,6,"236, BOUFFLERS (AV. DE 7",0.0,0.0
201400029592,25,11,14,17,5,54,257,2,3,1,6,BREST (RUE DE),0.0,0.0
201400029593,25,11,14,17,5,54,547,2,3,1,1,GEMBLOUX (RUE DE),0.0,0.0
201400029594,25,11,14,17,2,54,357,2,3,1,3,JUSTICE (RUE DE LA),0.0,0.0
201400029595,21,11,14,13,1,54,395,2,1,1,6,THEURIET (RUE ANDRE),0.0,0.0
201400029596,28,11,14,15,1,54,395,2,1,1,4,MILLENAIRE (PONT DU),0.0,0.0
201400029597,1,12,14,18,5,54,395,2,2,1,6,LEOPOLD (COURS),0.0,0.0
201400029598,2,12,14,17,5,54,395,2,1,2,6,"0, HAGUENAUER (RUE DU GR",0.0,0.0
201400029599,3,12,14,15,1,54,328,2,1,1,3,TECHNOLOGIES (BOULEVARD,0.0,0.0
201400029600,5,12,14,2,5,54,395,2,1,2,6,STANISLAS (PLACE ET PORT,0.0,0.0
201400029601,5,12,14,12,1,54,304,2,1,8,3,QUATRE VENTS (AVENUE DES,0.0,0.0
201400029602,5,12,14,14,1,54,395,2,1,1,4,FAUBOURG DES TROIS MAISO,0.0,0.0
201400029603,6,12,14,2,5,54,339,2,1,2,6,EGLISE (RUE DE L'),0.0,0.0
201400029604,8,12,14,7,2,54,257,2,1,1,6,BREST (RUE DE),0.0,0.0
201400029605,8,12,14,14,1,54,395,2,3,1,3,VILLERS (RUE DE),0.0,0.0
201400029606,9,12,14,7,1,54,339,2,1,1,3,"28, REPUBLIQUE (RUE DE L",0.0,0.0
201400029607,9,12,14,14,1,54,395,2,2,1,6,GAMBETTA (RUE),0.0,0.0
201400029608,10,12,14,8,1,54,395,2,3,2,6,"0, CARMES (RUE DES)",0.0,0.0
201400029609,11,12,14,15,1,54,395,2,1,2,6,LOBAU (BOULEVARD),0.0,0.0
201400029610,11,12,14,22,5,54,25,1,1,2,7,,0.0,0.0
201400029611,12,12,14,1,5,54,395,2,1,1,4,"24, DESILLES (RUE)",0.0,0.0
201400029612,12,12,14,7,2,54,395,2,1,1,6,MULHOUSE (RUE DE),0.0,0.0
201400029613,12,12,14,8,1,54,395,2,1,1,6,COMMANDERIE (RUE/PLACE D,0.0,0.0
201400029614,12,12,14,8,1,54,526,2,3,1,3,TOLSTOI (BOULEVARD),0.0,0.0
201400029615,12,12,14,9,1,54,547,2,1,1,6,"10, THIERRY (RUE LOUIS)",0.0,0.0
201400029616,13,12,14,18,5,54,300,2,1,2,3,ART-SUR-MEURTHE (ROUTE E,0.0,0.0
201400029617,14,12,14,16,5,54,395,2,1,2,6,MAZAGRAN (RUE),0.0,0.0
201400029618,15,12,14,10,1,54,395,2,1,1,6,"77, CROSNE (RUE DU)",0.0,0.0
201400029619,16,12,14,17,5,54,395,2,1,1,2,"52, LOBAU (BOULEVARD)",0.0,0.0
201400029620,18,12,14,6,5,54,395,2,3,8,6,FOCH (AVENUE 18 ET 9 A F,0.0,0.0
201400029621,18,12,14,17,5,54,547,2,1,2,4,EUROPE (BOULEVARD DE L'),0.0,0.0
201400029622,18,12,14,20,5,54,395,2,3,3,2,DE LATTRE DE TASSIGNY (A,0.0,0.0
201400029623,19,12,14,7,1,54,25,2,1,2,1,CHARTREUSE (AVENUE DE LA,0.0,0.0
201400029624,20,12,14,10,1,54,395,2,1,1,6,"26, SAINT LEON (RUE ET E",0.0,0.0
201400029625,20,12,14,11,1,54,395,2,1,1,2,"122, STRASBOURG (AVENUE",0.0,0.0
201400029626,22,12,14,16,2,54,395,2,1,1,6,MAUVAIS (RUE VIRGINIE),0.0,0.0
201400029627,22,12,14,16,1,54,274,2,1,1,2,GOUNOD (RUE CHARLES),0.0,0.0
201400029628,23,12,14,13,1,54,482,2,2,1,3,GAMBETTA (RUE),0.0,0.0
201400029629,23,12,14,16,5,54,547,2,1,1,2,"10, PORTUGAL (RUE DU)",0.0,0.0
201400029630,25,12,14,11,1,54,395,2,2,1,3,"38, JAURES (BOULEVARD JE",0.0,0.0
201400029631,17,12,14,13,1,54,357,2,1,2,3,"32, PATTON (AV. DU GENER",0.0,0.0
201400029632,19,12,14,10,1,54,395,2,2,1,6,"52, DEGLIN (RUE HENRI)",0.0,0.0
201400029633,27,12,14,18,3,54,547,2,3,4,3,CARNOT (RUE),0.0,0.0
201400029634,16,1,14,17,5,54,431,2,1,1,6,Camille CAVALIER (AVENUE,48.89544,6.05213
201400029635,30,9,14,19,2,54,431,1,1,1,3,RD 657 CHAMPEY,0.0,0.0
201400029636,22,1,14,12,1,54,431,2,3,1,6,DAMAY (RUE),0.0,0.0
201400029637,3,2,14,8,1,54,431,1,1,9,6,RD 657 CHAMPEY,48.94344,6.06345
201400029638,24,4,14,10,1,54,431,2,1,1,3,"1, EUROPE (AVENUE DE L')",48.9168,6.06452
201400029639,29,4,14,17,1,54,431,2,1,1,4,BRIEY (ROUTE DE),48.90957,6.03888
201400029640,17,5,14,10,1,54,79,2,4,1,3,"18, SAINT-MARTIN (RUE)",0.0,0.0
201400029641,23,5,14,8,1,54,431,1,4,1,2,"1006, NORROY (ROUTE DE)",48.92811,6.03815
201400029642,15,6,14,12,1,54,431,1,9,1,7,RD 657 CHAMPEY,48.9432,6.0633
201400029643,8,7,14,15,1,54,375,1,1,1,1,RD 958 COTES SAINT-PIERR,48.89922,5.99325
201400029644,27,9,14,17,1,54,431,1,1,1,7,RD 657 CHAMPEY,48.93187,6.06366
201400029645,9,11,14,16,2,54,431,1,2,2,3,RD 657 CHAMPEY,48.91952,6.06321
201400029646,12,11,14,16,2,54,431,2,1,8,6,"25, HUGO (RUE VICTOR)",48.90217,6.05269
201400029647,29,11,14,22,5,54,79,1,1,1,6,RD 657,48.865,6.07131
201400029648,24,1,14,13,1,54,528,2,1,1,6,"28, FOCH (AVENUE)",0.0,0.0
201400029649,28,1,14,19,3,54,174,1,3,1,3,RD11B/RD11C,48.66724,5.85373
201400029650,7,2,14,12,1,54,528,1,3,1,3,GENERAL BIGEARD (AVENUE),0.0,0.0
201400029651,23,2,14,19,5,54,528,2,2,1,3,GENERAL BIGEARD (AVENUE),48.66448,5.88879
201400029652,13,3,14,12,1,54,528,1,3,1,2,RD904,48.71501,5.8756
201400029653,26,3,14,17,1,54,528,2,3,1,6,VICTOR HUGO (AVENUE),0.0,0.0
201400029654,2,4,14,8,1,54,528,2,3,1,6,DROUAS,0.0,0.0
201400029655,16,4,14,20,2,54,528,2,1,1,6,"67, ALBERT DENIS",0.0,0.0
201400029656,23,4,14,16,1,54,528,1,1,1,6,VILLEY SAINT ETIENNE (RO,0.0,0.0
201400029657,9,5,14,16,1,54,528,2,1,1,3,COLONEL GRANDVAL (AVENUE,0.0,0.0
201400029658,6,7,14,15,1,54,528,2,2,1,3,PAUL KELLER,0.0,0.0
201400029659,23,8,14,0,3,54,174,1,1,1,6,PLATEAU,0.0,0.0
201400029660,23,10,14,11,1,54,528,1,1,1,1,D611,48.6945,5.90472
201400029661,20,12,14,21,5,54,167,2,1,8,1,FOCH (AVENUE),0.0,0.0
201400029662,19,12,14,17,2,54,580,1,4,2,1,GAMBETTA (RUE),49.4696,5.9192
201400029663,11,1,14,11,1,54,575,1,1,1,7,DEPARTEMENTALE 26 (ROUTE,0.0,0.0
201400029664,1,4,14,5,2,54,270,1,1,1,7,D26 (CHEMIN DEPARTEMENTA,49.49046,5.87095
201400029665,5,5,14,15,1,54,575,1,1,1,2,NATIONALE 52 (ROUTE),49.47209,5.83587
201400029666,20,6,14,21,1,54,580,2,1,1,1,"4, AUDUN (ROUTE D')",0.0,0.0
201400029667,21,6,14,18,1,54,575,1,1,1,7,NATIONALE 52 (ROUTE),49.47561,5.83054
201400029668,21,6,14,9,1,54,580,2,1,1,2,"0, LEBRUN ALBERT (RUE)",0.0,0.0
201400029669,16,8,14,18,1,54,521,2,2,1,7,PETIT BOIS (CHEMIN DU),0.0,0.0
201400029670,7,10,14,11,1,54,270,1,1,8,7,D26 (CHEMIN DEPARTEMENTA,49.48482,5.86614
201400029671,12,10,14,15,1,54,580,2,2,1,1,"1, CHANOIR (CARREFOUR)",0.0,0.0
201400029672,27,10,14,23,3,54,525,1,1,1,2,NATIONALE 52 (ROUTE),49.45384,5.87469
201400029673,14,12,14,9,1,54,575,1,1,1,4,NATIONALE 52 (ROUTE),49.48345,5.81584
201400029674,20,2,14,21,3,55,302,1,6,1,6,RN135,0.0,0.0
201400029675,27,2,14,15,1,55,29,2,1,3,6,"28, ROCHELLE ( BOULEVARD",0.0,0.0
201400029676,23,4,14,16,1,55,29,2,1,1,3,"57, POINCARE ( BOULEVARD",0.0,0.0
201400029677,10,4,14,16,1,55,476,2,2,1,5,PONT DAMMARIE (ROUTE DU),0.0,0.0
201400029678,10,6,14,13,1,55,29,2,3,1,3,"1, WEISS ( RUE LOUISE )",0.0,0.0
201400029679,20,6,14,15,1,55,29,2,1,1,7,"10-12, VERDUN ( RUE DE )",0.0,0.0
201400029680,24,8,14,6,3,55,186,1,1,1,7,D146,0.0,0.0
201400029681,1,9,14,8,1,55,29,1,1,1,1,RD 635,0.0,0.0
201400029682,14,1,14,11,1,55,545,2,1,1,7,GRAND BAYARD ( DU ),0.0,0.0
201400029683,17,4,14,15,1,55,545,2,1,1,7,ARGONNE ( ROUTE DE L' ),0.0,0.0
201400029684,2,6,14,15,1,55,545,2,1,1,1,"86, BRIOLET ( DU )",0.0,0.0
201400029685,4,6,14,20,1,55,545,2,1,1,7,CITADELLE   (BOULEVARD D,0.0,0.0
201400029686,11,7,14,14,1,55,545,1,1,1,1,"0, ARGONNE ( ROUTE DE L'",0.0,0.0
201400029687,24,9,14,12,1,55,545,2,1,1,3,METZ ( AVENUE DE ),0.0,0.0
201400029688,26,9,14,13,1,55,545,2,1,1,7,MAURICE GENEVOIX ( PLACE,0.0,0.0
201400029689,4,10,14,14,1,55,545,2,1,1,4,ETAIN ( AVENUE D' ),0.0,0.0
201400029690,20,11,14,18,5,55,545,2,2,1,3,MIRIBEL ( AVENUE ),0.0,0.0
201400029691,19,12,14,18,5,55,545,2,1,2,2,METZ ( AVENUE DE ),0.0,0.0
201400029692,6,1,14,17,2,56,98,2,1,1,3,Giratoire 18 juin,47.76298,-3.32871
201400029693,8,1,14,8,5,56,121,2,2,8,3,"0, CARNOT (RUE  LAZARE )",47.74189,-3.36142
201400029694,9,1,14,15,4,56,121,2,1,1,7,"40, MERVILLE (RUE  JEAN",47.7449,-3.37776
201400029695,16,1,14,11,2,56,83,2,1,1,7,"0, BRUANT ( AV. ARISTIDE",47.80028,-3.26143
201400029696,16,1,14,18,5,56,121,2,1,1,7,"0, TOULLEC (RUE  FRANCOI",47.73284,-3.38192
201400029697,17,1,14,10,1,56,121,2,3,1,7,"0, PUCE QUI RENIFLE ( PT",47.73895,-3.38084
201400029698,18,1,14,10,1,56,121,2,1,2,3,"78, MULLER ( DU COLONEL",47.76451,-3.39831
201400029699,18,1,14,15,1,56,121,2,1,3,5,"0, RD 465",0.0,0.0
201400029700,20,1,14,8,3,56,121,1,1,1,5,"0, RN 465 (DESSERTE PORT",47.7358,-3.3704
201400029701,21,1,14,6,5,56,121,2,2,1,3,"0, VILLENEUVE (RUE  DE L",47.75222,-3.37823
201400029702,17,1,14,17,2,56,121,2,1,1,7,"0, RD 465",47.74867,-3.38759
201400029703,24,1,14,16,1,56,83,2,1,2,7,"144, VAILLANT ( AV. EDOU",47.82351,-3.24972
201400029704,24,1,14,18,5,56,121,2,1,2,5,ORADOUR SUR GLANE ( BD D,47.75452,-3.37135
201400029705,24,1,14,18,5,56,98,2,1,1,3,"30, MITTERAND ( AV. FRAN",47.76607,-3.33295
201400029706,30,1,14,11,1,56,98,2,1,1,3,"0, LE COUTALLER (RUE  JE",47.7597,-3.33101
201400029707,1,2,14,18,5,56,121,2,1,2,3,"0, BLUM ( BD LEON )",47.75224,-3.3709
201400029708,4,2,14,20,5,56,121,2,1,3,7,"7, DELESSERT (RUE  BENJA",47.74711,-3.36736
201400029709,6,2,14,19,5,56,98,2,1,2,7,"0, DE GAULLE ( AV. GENER",47.75939,-3.32653
201400029710,8,2,14,17,1,56,98,2,1,9,7,"112, JAURES (RUE  JEAN )",47.76697,-3.35561
201400029711,13,2,14,17,1,56,98,2,3,1,3,"0, FABIEN ( AV. DU COLON",47.76191,-3.34223
201400029712,17,2,14,19,2,56,121,2,1,1,3,"0, KERVENANEC (RUE  DE )",47.73698,-3.39749
201400029713,18,2,14,10,1,56,98,2,3,1,5,avenue du fouedic,47.7461,-3.36719
201400029714,20,2,14,16,1,56,121,2,1,1,3,"0, FRANCE ( AVE ANATOLE",47.7468,-3.36623
201400029715,21,2,14,18,2,56,121,1,1,1,5,"0, DESSERTE PORTUAIRE (R",47.73565,-3.37467
201400029716,22,2,14,14,1,56,121,2,1,1,3,"0, ROUX (RUE  DOCTEUR )",47.75696,-3.36329
201400029717,26,2,14,16,1,56,121,2,1,1,3,"0, FRANCE ( AVE ANATOLE",47.74711,-3.36576
201400029718,3,3,14,6,3,56,121,2,1,3,2,"0, DESSERTE PORTUAIRE (R",47.73623,-3.37591
201400029719,4,3,14,15,1,56,121,2,1,1,2,"0, DUGUAY-TROUIN (RUE RE",47.74301,-3.3659
201400029720,4,3,14,15,1,56,121,2,1,2,3,"0, FRANCE ( AVE ANATOLE",47.74547,-3.36783
201400029721,5,3,14,19,5,56,98,2,1,1,7,"65, REPUBLIQUE (RUE DE L",47.75768,-3.3406
201400029722,6,3,14,23,4,56,121,2,1,1,7,"0, ASSEMBLEE-NATIONALE (",47.74826,-3.36383
201400029723,8,3,14,16,1,56,83,2,3,1,5,"0, VAILLANT ( AV. EDOUAR",0.0,0.0
201400029724,9,3,14,12,1,56,121,2,1,1,3,"0, CARNEL (RUE  DE )",47.7387,-3.36866
201400029725,11,3,14,18,1,56,83,1,1,1,2,"0, LOCOYARNE (LIEU-DIT)",0.0,0.0
201400029726,15,3,14,4,3,56,121,1,1,1,7,"0, RD 465",47.7644,-3.37975
201400029727,17,3,14,11,1,56,121,2,1,1,7,"0, CHAZELLES ( COURS LOU",47.75235,-3.36145
201400029728,22,3,14,23,5,56,121,2,2,2,3,"0, BLUM ( BD LEON )",47.75136,-3.37166
201400029729,25,3,14,17,1,56,121,2,1,2,6,"0, NAYEL ( ET PLACE AUGU",47.74696,-3.36131
201400029730,28,3,14,4,3,56,162,1,1,1,7,"0, 152 (ROUTE DEPARTEMEN",0.0,0.0
201400029731,5,4,14,22,5,56,162,2,1,1,7,"0, KERSCOUET",0.0,0.0
201400029732,6,4,14,14,1,56,98,2,2,1,3,"0, COMMUNE DE PARIS ( AV",47.77191,-3.33876
201400029733,6,4,14,19,1,56,121,2,3,1,3,"0, CARNOT (RUE  LAZARE )",47.74191,-3.3614
201400029734,6,4,14,1,5,56,121,2,1,1,7,"0, FERRY ( PL. JULES )",47.74616,-3.3644
201400029735,9,4,14,20,2,56,83,2,1,1,7,"0, PORT LOUIS ( ROUTE)",47.80331,-3.27857
201400029736,11,4,14,8,1,56,121,1,1,1,3,"0, ROHAN ( Q DE )",47.74531,-3.36165
201400029737,10,4,14,15,1,56,121,2,1,1,7,"40, KERGUESTENEN (RUE  D",47.74975,-3.39433
201400029738,14,4,14,21,5,56,121,2,1,1,7,"11, TOURTERELLES (RUE ET",47.73513,-3.39068
201400029739,15,4,14,8,1,56,121,2,9,1,7,"2 A, DUNANT (RUE  HENRI",47.75155,-3.37708
201400029740,15,4,14,17,1,56,121,2,1,1,7,"0, ALSACE-LORRAINE  ( PL",47.74982,-3.36209
201400029741,15,4,14,19,1,56,121,2,1,1,7,"52, COSMAO-DUMANOIR ( BD",47.75405,-3.36723
201400029742,16,4,14,17,1,56,83,2,1,1,3,"0, ZOLA ( IMP. ET RUE EM",47.80375,-3.268
201400029743,17,4,14,7,1,56,121,2,1,1,1,"0, KERLIN (RUE  DE )",47.74775,-3.37797
201400029744,17,4,14,11,1,56,121,2,1,1,2,"19, MERVILLE (RUE  JEAN",47.74509,-3.3766
201400029745,17,4,14,14,1,56,107,1,1,1,7,"0, DAME (PLACE NOTRE)",47.70636,-3.38494
201400029746,18,4,14,18,1,56,121,1,1,1,5,"0, RD 465",47.75813,-3.38458
201400029747,19,4,14,14,1,56,121,2,1,1,7,"21, JOLIOT-CURIE (RUE  I",47.74747,-3.38288
201400029748,22,4,14,18,1,56,121,1,1,1,5,"0, DESSERTE PORTUAIRE (R",47.73589,-3.37012
201400029749,23,4,14,16,1,56,162,2,3,3,3,"0, FORT BLOQUE (RUE DU)",47.73664,-3.43528
201400029750,26,4,14,12,1,56,121,2,3,1,3,"0, MARNE ( AV DE LA )",47.74276,-3.3683
201400029751,9,5,14,17,1,56,98,1,1,1,5,"0, RN 165",0.0,0.0
201400029752,11,5,14,16,1,56,107,2,1,1,2,"0, BEG TAL MEN (RUE)",47.70519,-3.38424
201400029753,16,5,14,17,1,56,98,2,2,1,3,"0, CHEVAL BLANC ( AV. DU",47.7679,-3.35128
201400029754,17,5,14,17,1,56,162,1,1,1,7,"0, KAOLINS (PLAGE DES )",47.72339,-3.48475
201400029755,19,5,14,10,1,56,121,2,1,1,7,"37, SANGNIER (RUE  MARC",47.74722,-3.37402
201400029756,20,5,14,16,1,56,162,2,1,1,7,"2, QUEVEN (ROUTE DE)",47.73732,-3.42873
201400029757,20,5,14,16,1,56,121,2,1,1,7,"0, GAMBETTA (RUE LEON)",47.7449,-3.36364
201400029758,23,5,14,14,1,56,83,2,1,1,2,"0, RESISTANCE (AVENUE  D",47.81553,-3.24393
201400029759,25,5,14,20,2,56,107,1,1,1,7,"0, BRISE (IMPASSE DE LA)",47.70717,-3.38401
201400029760,26,5,14,13,1,56,121,2,1,1,7,"0, JACOB ( RP. MAX )",47.75424,-3.38334
201400029761,27,5,14,15,1,56,107,2,1,1,7,"0, NOURRIGUEL (PLACE DE",47.71126,-3.37581
201400029762,28,5,14,16,1,56,162,1,1,1,3,"0, D 162",0.0,0.0
201400029763,31,5,14,4,3,56,162,1,1,1,2,"0, MOULIN DU TER",47.73049,-3.3991
201400029764,4,6,14,17,1,56,98,1,1,1,7,"0, BOLLARDIERE (RUE  GEN",47.77788,-3.3436
201400029765,6,6,14,14,1,56,98,2,1,1,7,", SAKHAROV (RUE  ANDRE",47.77709,-3.34258
201400029766,6,6,14,18,1,56,121,2,1,1,3,"0, SCORFF ( BD DU )",47.7641,-3.36785
201400029767,6,6,14,22,3,56,98,2,1,1,7,"09, JAURES (RUE  JEAN )",47.76259,-3.36274
201400029768,8,6,14,16,1,56,107,2,1,1,7,"0, KERGALAN OU CD 185 (D",47.71237,-3.41561
201400029769,10,6,14,9,1,56,98,2,1,1,7,"0, MAURIAC (RUE  FRANCOI",47.76528,-3.34828
201400029770,11,6,14,12,1,56,83,2,3,1,3,"0, KERPOTENCE (RUE  DE )",47.81545,-3.24391
201400029771,11,6,14,18,1,56,121,2,1,1,3,"43, DUPUY DE LOME ( ET I",47.74154,-3.36425
201400029772,14,6,14,10,1,56,121,2,1,1,7,"0, JAURES ( AVE JEAN )",47.74534,-3.36906
201400029773,17,6,14,20,1,56,121,2,1,7,3,"2, ROBESPIERRE ( AV MAXI",47.76845,-3.34424
201400029774,18,6,14,22,3,56,107,1,1,1,7,"0, KERGALAN OU CD 185 (D",47.70778,-3.41432
201400029775,19,6,14,18,1,56,121,2,1,1,3,"0, TOULLEC (RUE  FRANCOI",47.73236,-3.37938
201400029776,23,6,14,10,1,56,121,2,1,1,7,"0, BOVE ( COURS DE LA )",47.74771,-3.35908
201400029777,23,6,14,17,1,56,107,2,1,1,1,"0, BRUYERES (RUE DES)",47.72438,-3.38259
201400029778,25,6,14,12,1,56,121,2,1,1,3,"1, KEROLAY (RUE  DE )",47.73958,-3.37394
201400029779,26,6,14,18,1,56,83,2,1,1,5,"0, ALLENDE ( AV. PRES. S",47.80602,-3.25976
201400029780,30,6,14,11,1,56,121,2,1,1,7,"0, MULLER ( DU COLONEL J",47.76481,-3.39851
201400029781,1,7,14,18,1,56,162,1,1,1,7,"., MOULIN DU TER",47.73285,-3.40405
201400029782,3,7,14,8,1,56,121,2,3,1,3,"0, COURBET (RUE  AMIRAL",47.74396,-3.36376
201400029783,4,7,14,18,1,56,121,2,6,1,3,"., KERYADO ( RD-PT DE )",47.76603,-3.40096
201400029784,4,7,14,19,1,56,98,2,1,1,7,"., CROIZAT ( AVE AMBROIS",47.77623,-3.34503
201400029785,5,7,14,22,2,56,83,1,1,1,7,"., LOCOYARNE ( R-P DE )",47.79121,-3.27678
201400029786,6,7,14,6,1,56,121,2,1,1,7,"17, CORRE (RUE  EMILE )",47.74479,-3.35887
201400029787,9,7,14,18,1,56,121,2,1,1,7,"., CHENAILLER DIT COLONE",47.73341,-3.38566
201400029788,9,7,14,19,1,56,162,2,2,1,3,"., VENTURA (RUE LINO)",47.7411,-3.43116