Num_Acc,jour,mois,an,hr,condition_eclairage,departement,commune,condition_agglomeration,intersection,condition_atmosphere,type_collision,adresse,lattitude,longitude
201400030040,29,3,14,14,1,57,463,2,1,1,6,"00, HANNAUX (RUE)",0.0,0.0
201400030041,30,3,14,15,1,57,463,2,2,1,3,"00, PAIXHANS (BOULEVARD",49.12399,6.18259
201400030042,1,4,14,1,5,57,463,2,9,1,6,ANDRE MAGINOT (BOULEVARD,49.11916,6.18386
201400030043,1,4,14,15,1,57,463,2,3,1,6,"0, ARMES (PLACE D')",49.11928,6.17573
201400030044,3,4,14,16,1,57,463,2,1,1,6,"9, LANCON (RUE DU )",49.10311,6.16786
201400030045,11,4,14,8,1,57,487,2,1,1,2,"45, JOUY (ROUTE DE )",49.09375,6.13309
201400030046,17,4,14,22,5,57,463,2,3,1,6,"15, COUPILLON (RUE DU )",49.13802,6.14713
201400030047,19,4,14,15,1,57,412,2,1,1,1,"135, SAINT SYMPHORIEN (B",0.0,0.0
201400030048,21,4,14,18,1,57,463,2,3,1,6,JOFFRE  (AVENUE ),49.11187,6.17104
201400030049,24,4,14,13,1,57,463,2,1,1,6,ARS LAQUENEXY (ROUTE D'),0.0,0.0
201400030050,24,4,14,18,1,57,480,2,1,1,6,SAINT LADRE (RUE),0.0,0.0
201400030051,25,4,14,17,1,57,616,2,3,1,3,"39, FRANCOIS SIMON (RUE",49.12554,6.19698
201400030052,29,4,14,20,1,57,463,2,1,1,3,XX EME CORPS AMERICAIN,49.10357,6.16504
201400030053,2,5,14,10,1,57,480,2,3,1,6,PONT A MOUSSON (RUE DE ),49.10507,6.16309
201400030054,3,5,14,2,5,57,463,2,3,1,6,"00, LORRY (ROUTE DE )",0.0,0.0
201400030055,5,5,14,18,1,57,463,2,1,1,6,"33, MANGIN (RUE )",49.1017,6.16702
201400030056,7,5,14,12,1,57,412,2,4,1,3,"00, SAINT SYMPHORIEN (BO",49.11096,6.1619
201400030057,16,5,14,19,1,57,463,2,1,1,3,"00, QUEULEU (RUE DE )",0.0,0.0
201400030058,18,5,14,0,4,57,487,2,3,1,3,"00, RD 157B",49.09832,6.11791
201400030059,20,5,14,7,1,57,412,2,3,1,2,GENERAL DE GAULLE (RUE D,49.11056,6.1289
201400030060,21,5,14,12,1,57,463,2,1,1,6,"20, PIERRE ET MARIE CURI",49.14448,6.16627
201400030061,21,5,14,20,1,57,49,2,3,1,3,"3, GENERAL DE GAULLE (AV",49.12128,6.14988
201400030062,22,5,14,17,1,57,480,2,3,1,6,MARLY (RUE DE ),49.08618,6.15611
201400030063,23,5,14,10,1,57,463,2,1,2,6,"66, EUROPE (BOULEVARD DE",49.11857,6.20249
201400030064,25,5,14,15,1,57,751,2,1,1,6,"42, CORNEILLE AGRIPPA (R",49.15036,6.1635
201400030065,30,5,14,16,1,57,463,2,2,1,3,"00, CLAUDE BERNARD (RUE",49.11273,6.2154
201400030066,2,6,14,13,1,57,480,2,3,1,3,REIMS (RUE DE ),49.10157,6.14921
201400030067,3,6,14,12,1,57,463,2,2,1,6,"00, LAURENT CHARLES MARE",49.10067,6.18858
201400030068,8,6,14,19,1,57,463,2,3,1,3,"00, LOTHAIRE (RUE )",49.10052,6.18466
201400030069,12,6,14,8,1,57,487,2,1,1,5,"26, JOUY (ROUTE DE )",49.09412,6.13573
201400030070,18,6,14,10,1,57,463,2,1,1,3,DELATTRE DE TASSIGNY (AV,0.0,0.0
201400030071,19,6,14,18,1,57,463,2,3,1,3,LOTHAIRE (PONT ),49.10052,6.18466
201400030072,27,6,14,18,1,57,480,2,2,1,3,"00, SAINT ANDRE (RUE )",49.09422,6.16263
201400030073,11,7,14,14,1,57,480,2,3,1,3,"00, PONT A MOUSSON (RUE",49.09726,6.14374
201400030074,14,7,14,18,1,57,412,2,1,1,6,GENERAL DE GAULLE (RUE D,0.0,0.0
201400030075,16,7,14,22,5,57,751,2,1,1,3,THIONVILLE (AVENUE ),49.14725,6.1613
201400030076,18,7,14,13,1,57,463,2,1,1,3,"00, XX EME CORPS AMERICA",0.0,0.0
201400030077,18,7,14,16,1,57,480,2,1,1,6,"103, FRESCATY (RUE DE )",49.09014,6.14443
201400030078,19,7,14,2,5,57,463,2,1,1,6,"5, POUILLY (RUE DE )",49.07779,6.18361
201400030079,24,7,14,17,1,57,463,2,1,1,2,CHARPENTIERS (RUE DES ),0.0,0.0
201400030080,12,8,14,7,1,57,463,2,3,1,3,"00, METZ PLAGE (ALLEE DE",0.0,0.0
201400030081,13,8,14,18,1,57,487,2,9,1,3,"00,  RD157B",0.0,0.0
201400030082,18,8,14,7,1,57,751,2,6,1,3,"00, GENERAL DE GAULLE (R",49.15046,6.14823
201400030083,23,8,14,21,3,57,463,2,1,1,6,VOIE RAPIDE EST,49.11605,6.20586
201400030084,26,8,14,18,1,57,463,2,3,2,5,"00, JEAN PIERRE JEAN (RU",49.12573,6.2166
201400030085,29,8,14,19,1,57,463,2,3,1,1,RUISSEAU (RUE DU ),49.11264,6.22072
201400030086,30,8,14,16,1,57,463,2,3,1,6,"00, PARIS (RUE DE )",49.12489,6.16447
201400030087,4,9,14,16,1,57,463,2,1,1,4,"10 bis, ALLIES (RUE DES)",49.12972,6.16514
201400030088,12,9,14,15,1,57,463,2,1,1,6,"00, COISLIN (RUE )",0.0,0.0
201400030089,13,9,14,17,1,57,545,2,1,1,3,"1-9, PRES ST-JACQUES (RU",49.13402,6.13163
201400030090,15,9,14,17,1,57,463,2,1,1,5,"00, VOIE RAPIDE EST",49.11813,6.21769
201400030091,26,9,14,8,1,57,463,2,1,1,6,LAFAYETTE (RUE ),0.0,0.0
201400030092,24,9,14,14,1,57,463,2,1,1,6,"00, FONTAINE (RUE DE LA",0.0,0.0
201400030093,27,9,14,14,1,57,447,2,1,1,2,"00, RD5b",49.07752,6.11973
201400030094,28,9,14,20,5,57,463,2,3,1,6,"317, STRASBOURG (AVENUE",49.09479,6.221
201400030095,30,9,14,17,1,57,463,2,1,1,6,"0, CATHEDRALE (PLACE DE",0.0,0.0
201400030096,1,10,14,7,2,57,463,2,1,5,3,"00, TREVES (BOULEVARD DE",49.12319,6.1879
201400030097,2,10,14,12,1,57,463,2,2,1,3,PONTIFFROY (BOULEVARD DU,49.12526,6.18062
201400030098,3,10,14,14,1,57,447,2,6,1,6,"00, AEROGARE (RUE DE L')",49.06431,6.13563
201400030099,9,10,14,18,1,57,463,2,1,1,2,"00, PONT A MOUSSON (RUE",0.0,0.0
201400030100,7,10,14,14,1,57,463,2,1,1,2,"183, LORRY (ROUTE DE )",0.0,0.0
201400030101,10,10,14,19,5,57,480,2,3,1,3,"00, GENERAL FRANIATTE (R",49.08799,6.15228
201400030102,12,10,14,10,1,57,463,2,3,1,3,"00, BELCHAMPS (RUE DE )",0.0,0.0
201400030103,15,10,14,18,5,57,463,2,1,3,2,"00, TOUL (RUE DE )",0.0,0.0
201400030104,16,10,14,7,1,57,463,2,2,1,3,PLANTIERES (PASSAGE DE ),49.11292,6.18423
201400030105,18,10,14,11,1,57,463,2,1,1,6,"22, XX EME CORPS AMERICA",49.10318,6.16517
201400030106,23,10,14,23,5,57,480,2,3,1,3,"00, GENERAL FRANIATTE (R",49.09207,6.1557
201400030107,31,10,14,14,1,57,463,2,2,1,3,"00, GENIVAUX (RUE DE )",49.12189,6.21839
201400030108,1,11,14,12,1,57,463,2,1,1,6,"00, DEUX FONTAINES (AVEN",0.0,0.0
201400030109,1,11,14,16,1,57,642,2,1,1,3,"62, LIBERTE (VOIE DE LA)",49.10719,6.11823
201400030110,3,11,14,8,1,57,463,2,1,8,6,"0, GUYENNE (BOULEVARD DE",0.0,0.0
201400030111,6,11,14,9,1,57,463,2,2,1,3,"00, JOFFRE  (AVENUE )",49.11183,6.17095
201400030112,8,11,14,20,5,57,480,2,3,1,3,"00, GENERAL FRANIATTE (R",49.09535,6.15843
201400030113,15,11,14,19,5,57,751,2,3,1,3,"32, THIONVILLE (AVENUE",49.14584,6.1624
201400030114,17,11,14,9,1,57,412,2,3,1,6,"00, GENERAL DE GAULLE (R",49.11497,6.14034
201400030115,17,11,14,10,1,57,463,2,4,1,7,"00, TROU AUX SERPENTS (R",49.1361,6.17939
201400030116,22,11,14,20,5,57,751,2,1,1,6,"00, MARECHAL FOCH (RUE )",0.0,0.0
201400030117,28,11,14,21,1,57,487,2,3,1,6,"00, CONSTANTINE (RUE DE",49.09144,6.12587
201400030118,3,12,14,7,5,57,463,2,1,2,6,"20, COETLOSQUET (RUE DU",49.11556,6.17399
201400030119,5,12,14,17,5,57,751,2,1,1,2,FORT GAMBETTA (RUE DU ),49.15045,6.18197
201400030120,7,12,14,14,1,57,447,2,1,1,5,"00, COSTES ET BELLONTE (",49.08627,6.13369
201400030121,11,12,14,14,1,57,480,2,2,2,6,"0, XX EME CORPS AMERICAI",49.09825,6.16082
201400030122,11,12,14,15,1,57,463,2,1,3,7,FOCH (AVENUE ),0.0,0.0
201400030123,12,12,14,13,1,57,463,2,6,2,1,VICTOR HEGLY (ALLEE ),49.11008,6.1639
201400030124,15,12,14,14,1,57,463,2,9,2,6,TANNEURS (RUE DES ),49.1181,6.17974
201400030125,16,12,14,17,5,57,751,2,1,2,6,"00, BRIEY (RUE DE )",49.15326,6.14428
201400030126,17,12,14,18,5,57,463,2,1,2,6,"00, ANDRE MALRAUX (AVENU",49.10561,6.17936
201400030127,17,12,14,18,5,57,480,2,3,2,6,"00, PHILIPPE COLSON (RUE",49.09028,6.16636
201400030128,24,12,14,14,1,57,480,2,2,1,3,"0, SAINT ANDRE (RUE )",49.0942,6.16263
201400030129,27,12,14,18,5,57,487,2,6,4,6,"00, TOURNEBRIDE (Z.I. DE",49.08159,6.10889
201400030130,23,1,14,18,5,57,606,2,1,2,7,"45, MANGIN (RUE DU GENER",49.1081,6.71859
201400030131,17,2,14,13,1,57,606,1,1,1,7,"10, CARRIERE (RUE DE LA)",49.09961,6.71478
201400030132,18,3,14,12,1,57,606,1,6,1,2,"37, LORRAINE (BOULEVARD",49.1064,6.70841
201400030133,13,4,14,17,1,57,606,1,1,1,1,"1, FRANCE (RUE DE)",49.15807,6.76634
201400030134,15,4,14,13,1,57,606,2,1,1,2,"83, LORRAINE (BOULEVARD",49.10808,6.71532
201400030135,14,6,14,14,1,57,606,1,1,1,7,RD910,0.0,0.0
201400030136,22,6,14,23,5,57,606,2,1,1,7,"23, CARRIERE (RUE DE LA)",49.10219,6.71776
201400030137,7,7,14,23,5,57,336,1,1,2,7,"4, SARRELOUIS (RUE DE)",49.15754,6.71282
201400030138,11,7,14,10,1,57,336,2,1,8,7,"28, FONTAINE (RUE DE LA)",49.16267,6.73223
201400030139,6,1,14,18,5,57,630,2,1,1,6,TANNEURS,0.0,0.0
201400030140,18,1,14,20,5,57,630,1,2,1,3,"0, BELLEVUE (DE)",48.74465,7.0713
201400030141,16,2,14,19,5,57,630,2,1,1,6,VOIE ANDRE MALRA,0.0,0.0
201400030142,30,3,14,14,1,57,630,2,1,1,2,"5, GARE (DE LA)",48.73737,7.05299
201400030143,3,4,14,7,1,57,630,2,1,1,6,"14, GAMBETTA (AV)",48.73739,7.05787
201400030144,23,4,14,11,1,57,630,2,1,1,6,"NEANT, RD 955",48.72816,7.02772
201400030145,24,4,14,7,1,57,630,2,1,1,6,"NEANT, KERPRICH (RUE DE)",0.0,0.0
201400030146,15,5,14,12,1,57,630,2,1,1,6,"5, FOCH (MARECHAL)",48.73519,7.05617
201400030147,9,6,14,15,1,57,630,2,2,1,3,POINCARE (RAYMOND),48.73632,7.05265
201400030148,19,7,14,10,1,57,119,1,1,1,7,SARREBOURG,48.72098,7.09527
201400030149,24,7,14,17,1,57,630,2,1,1,7,"22, FRANCE (AV)",48.73499,7.04828
201400030150,1,8,14,12,1,57,630,2,6,1,3,"NEANT, HESSE ( ROUTE DE)",48.71975,7.04646
201400030151,27,8,14,17,1,57,630,2,1,2,3,"NEANT, NIDERVILLER",0.0,0.0
201400030152,2,10,14,15,1,57,630,2,1,1,3,"NEANT, POINCARE (RAYMOND",0.0,0.0
201400030153,8,10,14,17,1,57,119,1,1,1,6,SARREBOURG,0.0,0.0
201400030154,2,9,14,8,1,57,630,2,1,1,6,"5, ERCKMANN CHATRIAN",48.7382,7.0541
201400030155,24,1,14,18,5,57,631,2,1,1,3,"1, MYOSOTIS (RUE DES)",49.1035,7.06262
201400030156,4,3,14,20,5,57,631,2,1,1,3,"9, OSTER (RUE CLAIRE)",49.11146,7.07473
201400030157,2,7,14,10,1,57,631,1,1,7,3,WOUSTVILLER (RUE DE) A2-,0.0,0.0
201400030158,9,8,14,16,1,57,568,2,1,1,6,"1, SILTZHEIM (RUE DE)",49.08713,7.08232
201400030159,18,10,14,15,1,57,631,2,1,1,2,"23, CLEMENCEAU (RUE)",49.11472,7.07119
201400030160,5,11,14,17,5,57,631,2,1,2,1,"2, GUTENBERG (RUE) E4-F4",0.0,0.0
201400030161,6,11,14,9,1,57,631,2,1,1,6,"1, GEIGER (RUE)",49.11355,7.07192
201400030162,3,1,14,15,1,57,306,2,1,1,1,"165, FOCH (RUE)",49.33336,6.05054
201400030163,6,1,14,14,1,57,672,2,1,1,3,"6, CASTELNAU (RUE DE)",49.35423,6.16252
201400030164,7,1,14,15,1,57,672,2,1,1,6,"40, FOCH (BOULEVARD)",49.36148,6.16524
201400030165,10,1,14,22,4,57,221,1,1,1,2,"1, ROMAINS (RUE DES)",49.32472,6.1364
201400030166,18,1,14,19,5,57,12,2,1,1,6,"2, Paix (Rue de la )",49.34873,6.04185
201400030167,28,1,14,11,1,57,757,2,1,1,6,"1, CULTURE (RUE DE LA)",49.36095,6.19446
201400030168,29,1,14,17,1,57,221,2,1,1,1,PORT (RUE DU),0.0,0.0
201400030169,1,2,14,13,1,57,672,2,1,1,6,"58, ALBERT 1ER (AVENUE)",49.36547,6.16808
201400030170,10,2,14,18,5,57,221,2,1,1,6,"110, VERDUN (RUE DE)",49.31852,6.10682
201400030171,15,2,14,22,5,57,306,2,1,2,6,"1, METROPOLE (AVENUE DE",49.34785,6.05805
201400030172,18,2,14,13,1,57,306,1,1,1,6,"1, de la Comedie (Place)",0.0,0.0
201400030173,28,2,14,10,1,57,672,2,1,1,6,"2, BEL AIR (ALLEE) - PAI",49.36638,6.15038
201400030174,9,3,14,19,2,57,672,2,1,1,3,"1, BUCHEL (ROUTE DU)",49.3547,6.11057
201400030175,11,3,14,10,1,57,757,2,3,1,3,"58, Nations (Avenue)",49.35916,6.19083
201400030176,20,3,14,9,1,57,306,2,1,1,5,"91, WENDEL (RUE DE)",49.32806,6.0666
201400030177,7,4,14,15,1,57,672,1,1,1,6,"33, MAILLET (RUE DU)",49.35502,6.14259
201400030178,5,4,14,19,1,57,757,2,1,1,3,"118, ROOSEVELT (RUE DU P",0.0,0.0
201400030179,8,4,14,13,1,57,508,2,2,1,3,"1, SAPINS (RUE DES)",49.34359,6.05385
201400030180,22,4,14,7,1,57,672,2,1,2,7,ARLON (ROUTE D'),0.0,0.0
201400030181,23,4,14,9,1,57,221,2,1,1,6,"32, LORRAINE (AVENUE DE)",49.32367,6.11875
201400030182,25,4,14,15,1,57,306,2,1,1,6,"59, WENDEL (RUE DE)",0.0,0.0
201400030183,26,4,14,2,5,57,368,2,1,1,6,"194, RIMMEL (RUE VICTOR)",49.34286,6.023
201400030184,13,5,14,17,1,57,672,2,1,1,3,"45, BEL AIR (ALLEE) - IM",49.36896,6.14989
201400030185,16,5,14,17,1,57,441,2,1,1,3,GARCHE (ROUTE DE),0.0,0.0
201400030186,16,5,14,11,1,57,672,2,1,1,6,"1, ALBERT 1ER (AVENUE) -",49.35999,6.17092
201400030187,22,5,14,19,1,57,666,2,1,1,3,"1, 14 JUILLET (AVENUE DU",49.34658,6.12735
201400030188,31,5,14,18,1,57,672,2,1,1,3,"1, REPUBLIQUE (PLACE DE",49.35584,6.16594
201400030189,3,6,14,14,1,57,672,2,1,1,3,"20, MARECHAL JOFFRE (RUE",49.35426,6.16031
201400030190,5,6,14,20,1,57,672,2,1,1,1,"23, ALBERT 1ER (AVENUE)",49.36184,6.17029
201400030191,10,6,14,10,1,57,306,2,1,1,6,"41, MENDES FRANCE (RUE P",49.33345,6.07542
201400030192,12,6,14,20,1,57,757,2,1,1,3,"83, Nations (Avenue)",49.35938,6.19283
201400030193,21,6,14,18,1,57,306,2,1,1,6,"23, TROENES (RUE DES)",49.31308,6.0787
201400030194,23,6,14,22,4,57,221,2,1,1,6,ROMAINS (RUE DES),49.33441,6.1348
201400030195,6,7,14,20,1,57,672,2,1,1,3,"1, AMERIQUE (CHAUSSEE D'",49.37292,6.16739
201400030196,8,7,14,23,5,57,306,2,1,1,3,"149, VERDUN (RUE DE)",49.32598,6.05229
201400030197,15,7,14,8,1,57,757,2,1,1,6,"5, Nations (Avenue)",49.35405,6.18105
201400030198,19,7,14,9,3,57,666,2,1,1,6,VERDUN (ROUTE DE),49.33437,6.13484
201400030199,23,7,14,19,1,57,672,2,1,1,3,"1, GENERAL MANGIN (RUE)",49.35732,6.16153
201400030200,27,7,14,20,1,57,12,2,1,1,6,"77, AMERICAINS (RUE DES)",49.35911,6.03533
201400030201,3,8,14,21,4,57,368,2,1,1,6,"194, RIMMEL (RUE VICTOR)",49.34272,6.02297
201400030202,18,8,14,20,1,57,221,2,1,1,6,"5, FAMECK (RUE DE)",49.31702,6.1131
201400030203,29,8,14,19,1,57,672,2,1,2,3,"1, PIERRE MARCHAL (QUAI)",49.35791,6.16939
201400030204,7,9,14,11,1,57,672,2,1,1,6,"3, PAUL ALBERT (RUE) - I",49.3567,6.15624
201400030205,9,9,14,11,1,57,672,2,1,1,6,"1, VIEUX COLLEGE (RUE DU",49.35858,6.16393
201400030206,9,9,14,12,1,57,672,2,1,1,6,"38, LIBERATION (ALLEE DE",49.36411,6.15348
201400030207,12,9,14,14,1,57,306,1,1,1,3,CD 13,0.0,0.0
201400030208,14,9,14,20,2,57,757,2,1,1,3,"1, ILLANGE (ROUTE D')",49.34395,6.17705
201400030209,20,9,14,18,1,57,368,2,1,1,3,"52, REPUBLIQUE (RUE DE L",49.34038,6.04077
201400030210,23,9,14,16,1,57,672,2,1,1,6,"1, ARLON (ROUTE D')",49.35778,6.13697
201400030211,6,10,14,12,1,57,221,2,2,1,3,"1 RUE DE LA, CENTRALE",49.31773,6.11303
201400030212,15,10,14,19,5,57,757,2,2,2,3,"121, Nations (Avenue)",49.36273,6.19874
201400030213,16,10,14,11,1,57,306,2,1,1,6,"64, PAIX (PLACE DE LA)",0.0,0.0
201400030214,23,10,14,14,1,57,757,2,1,1,3,"1, BLERIOT (RUE LOUIS)",49.35002,6.20267
201400030215,4,11,14,8,1,57,757,2,1,2,3,"6, GRAND'RUE",49.35863,6.18398
201400030216,4,11,14,16,5,57,12,2,1,2,6,"59, FOCH (RUE)",49.36441,6.05118
201400030217,8,11,14,13,1,57,672,2,1,1,6,"39, PAUL ALBERT (RUE) -",49.35636,6.14882
201400030218,9,11,14,4,5,57,672,2,1,1,6,"1, FERRONNIER (BOUCLE DU",49.35386,6.13277
201400030219,19,11,14,18,5,57,306,2,1,1,6,"6, SAINT-JEAN (AVENUE)",49.35186,6.06283
201400030220,21,11,14,0,5,57,508,2,1,1,6,"7, ALGRANGE (RUE D')",49.3434,6.03727
201400030221,2,12,14,18,5,57,757,2,1,1,3,"1, KASTLER (IMPASSE ALFR",49.35019,6.17309
201400030222,8,12,14,12,1,57,306,1,1,2,6,"0, PEUPLIERS (AVENUE DES",0.0,0.0
201400030223,10,12,14,8,2,57,672,2,1,2,6,"8, VAUBAN (AVENUE)",49.36093,6.15717
201400030224,10,12,14,17,5,57,306,2,1,2,6,"14, RUISSEAU (RUE DU)",49.33905,6.07893
201400030225,11,12,14,18,5,57,306,2,1,2,6,"17, GAULLE (RUE DE)",49.33056,6.06289
201400030226,16,12,14,8,2,57,306,2,1,2,6,"1, ARLOIS (RUE D')",49.35208,6.05928
201400030227,16,12,14,15,1,57,672,2,1,2,6,"37, GUISE (AVENUE DE) -",49.36506,6.16533
201400030228,19,12,14,17,5,57,757,2,1,2,6,"4, Nations (Avenue)",49.35533,6.18198
201400030229,20,12,14,22,5,57,306,2,1,2,6,"17, GAULLE (RUE DE)",49.33056,6.06289
201400030230,27,1,14,18,5,33,447,2,1,3,6,35 cour du gal de gaulle,0.0,0.0
201400030231,17,6,14,11,1,33,1,1,1,1,1,,0.0,0.0
201400030232,5,8,14,11,1,33,447,2,1,1,1,RD1089,0.0,0.0
201400030233,11,7,14,8,1,11,288,1,1,8,6,,0.0,0.0
201400030234,16,9,14,7,1,11,254,1,1,8,2,,0.0,0.0
201400030235,17,9,14,17,1,11,99,1,1,1,3,,0.0,0.0
201400030236,19,9,14,22,3,11,418,1,1,1,5,,43.2598,2.02645
201400030237,10,11,14,13,1,11,397,1,1,1,5,,0.0,0.0
201400030238,23,7,14,12,1,57,341,1,1,1,1,,0.0,0.0
201400030239,6,1,14,18,3,86,76,1,2,3,4,,0.0,0.0
201400030240,1,5,14,12,1,58,194,2,1,2,7,"sans, DOCKS",0.0,0.0
201400030241,6,5,14,10,1,58,194,2,1,1,7,PIERRE DE COUBERTIN,0.0,0.0
201400030242,28,5,14,11,1,58,194,2,1,1,7,GRAND MOUESSE (FAUBOURG),0.0,0.0
201400030243,18,6,14,16,1,58,194,2,1,1,7,JEROME TRESAGUET,0.0,0.0
201400030244,29,6,14,11,1,58,194,2,1,2,7,"sans, PONT DE LOIRE",0.0,0.0
201400030245,26,7,14,12,1,58,194,2,1,1,7,"sans, SAINTE HELENE",0.0,0.0
201400030246,28,7,14,13,1,58,194,2,1,2,7,"SANS, EDOUARD MILLIEN (S",0.0,0.0
201400030247,6,8,14,9,1,58,194,2,1,1,7,"22, VICTOR HUGO (BOULEVA",0.0,0.0
201400030248,17,8,14,17,1,58,194,2,1,1,7,ROMAIN ROLLAND,0.0,0.0
201400030249,20,8,14,2,5,58,194,2,1,1,7,"2, CHAMPS PACAUD",0.0,0.0
201400030250,12,9,14,12,1,58,194,2,1,1,7,ALBERT 1ER,0.0,0.0
201400030251,17,9,14,16,1,58,194,2,1,2,7,ANTONY DUVIVIER,0.0,0.0
201400030252,19,9,14,17,1,58,194,2,1,1,7,VICTOR HUGO (BOULEVARD),0.0,0.0
201400030253,30,9,14,7,1,58,194,2,1,1,7,"sans, CHAUSSADE",0.0,0.0
201400030254,26,10,14,20,5,58,194,2,1,1,7,"1, LOUIS STEVENOT (IMPAS",0.0,0.0
201400030255,28,10,14,14,1,58,194,2,1,1,7,"sans, COLBERT",0.0,0.0
201400030256,5,11,14,16,1,58,194,2,1,2,7,EDUENS (QUAI),0.0,0.0
201400030257,21,11,14,7,2,58,194,2,1,1,7,AMIRAL JACQUINOT,0.0,0.0
201400030258,24,11,14,17,2,58,194,2,1,1,7,PIERRE EMILE GASPARD,0.0,0.0
201400030259,26,11,14,12,1,58,194,2,1,1,7,PIQUE,0.0,0.0
201400030260,9,12,14,0,5,58,194,2,1,1,7,"22BIS, MARECHAL JUIN",0.0,0.0
201400030261,10,1,14,12,1,58,194,2,1,1,3,MONTE CASSINO (ROND POIN,0.0,0.0
201400030262,13,1,14,17,2,58,194,2,6,1,2,"sans, GAUTRON DU COUDRAY",0.0,0.0
201400030263,17,1,14,15,1,58,194,2,3,1,3,"sans, HENRI BOUQUILLARD",0.0,0.0
201400030264,21,1,14,10,1,58,194,2,1,1,3,HAMMAMET,0.0,0.0
201400030265,31,1,14,18,5,58,194,2,2,1,3,"sans, BANLAY",0.0,0.0
201400030266,3,2,14,12,1,58,194,2,3,1,3,"SANS, SOUVENIR FRANCAIS",0.0,0.0
201400030267,4,2,14,9,1,58,194,2,1,1,7,MARECHAL DE LATTRE DE TA,0.0,0.0
201400030268,8,2,14,10,1,58,194,2,1,8,6,PASSIERE,0.0,0.0
201400030269,9,2,14,8,1,58,194,2,2,2,3,"sans, MARZY",0.0,0.0
201400030270,10,2,14,15,1,58,194,2,1,2,2,"57, VAUZELLES",0.0,0.0
201400030271,12,2,14,16,1,58,194,2,1,2,1,"32, SAINT BENIN",0.0,0.0
201400030272,12,2,14,19,5,58,194,2,1,2,7,PIERRE DE COUBERTIN,0.0,0.0
201400030273,14,2,14,18,5,58,194,2,3,1,3,"sans, MADEMOISELLE BOURG",0.0,0.0
201400030274,15,2,14,8,1,58,194,2,1,1,6,"28, VAUZELLES",0.0,0.0
201400030275,21,2,14,15,1,58,194,2,1,1,6,"sans, JEAN DESVEAUX",0.0,0.0
201400030276,22,2,14,11,1,58,194,2,1,1,3,VAUZELLES,0.0,0.0
201400030277,5,3,14,7,1,58,194,2,1,1,6,"sans, HENRI BOUQUILLARD",0.0,0.0
201400030278,5,3,14,10,1,58,194,2,1,1,7,COLBERT,0.0,0.0
201400030279,17,3,14,10,1,58,194,2,1,1,7,"SANS, SAINT EXUPERY (BOU",0.0,0.0
201400030280,14,3,14,12,1,58,194,2,1,1,2,MARECHAL JUIN,0.0,0.0
201400030281,19,3,14,11,1,58,194,2,1,1,6,"24, PAUL BERT",0.0,0.0
201400030282,22,3,14,0,5,58,194,2,3,3,3,"sans, MARZY",0.0,0.0
201400030283,19,3,14,16,1,58,194,2,1,1,3,PIERRE MENDES FRANCE (SQ,0.0,0.0
201400030284,21,3,14,18,1,58,194,2,1,1,7,FERDINAND GAMBON,0.0,0.0
201400030285,26,3,14,21,5,58,194,2,1,1,3,FONTAINE D'ARGENT (PLACE,0.0,0.0
201400030286,28,3,14,18,1,58,194,2,1,1,6,"SANS, PIERRE DE COUBERTI",0.0,0.0
201400030287,4,4,14,17,1,58,194,2,1,3,6,"sans, GENERAL DE GAULLE",0.0,0.0
201400030288,10,4,14,11,1,58,194,2,1,1,2,"42, TREIZIEME DE LIGNE",0.0,0.0
201400030289,8,4,14,12,1,58,194,2,1,1,7,MARZY,0.0,0.0
201400030290,21,4,14,19,2,58,194,2,1,1,2,"4bis, BARATTE (FAUBOURG)",0.0,0.0
201400030291,23,4,14,12,1,58,194,2,3,1,3,"sans, BERNARD PALISSY",0.0,0.0
201400030292,26,4,14,13,1,58,194,2,1,2,1,"sans, GERMINE",0.0,0.0
201400030293,22,4,14,8,1,58,194,2,1,1,7,"sans, TREIZIEME DE LIGNE",0.0,0.0
201400030294,14,4,14,17,1,58,194,2,1,1,6,"46, MARZY",0.0,0.0
201400030295,5,5,14,13,1,58,194,2,1,1,3,"9, PERE DE FOUCAULD",0.0,0.0
201400030296,9,5,14,7,1,58,194,2,1,1,6,MARECHAL JUIN,0.0,0.0
201400030297,9,5,14,18,1,58,194,2,1,1,6,"13, GENERAL DE GAULLE",0.0,0.0
201400030298,25,4,14,19,1,58,194,2,3,1,3,"sans, GONZAGUE",0.0,0.0
201400030299,16,5,14,8,1,58,194,2,2,1,6,SAINT GILDARD,0.0,0.0
201400030300,17,5,14,17,1,58,194,2,3,1,3,ANDRE THUILLIER,0.0,0.0
201400030301,19,5,14,7,1,58,194,2,1,1,7,"49, GENERAL DE GAULLE",0.0,0.0