Num_Acc,jour,mois,an,hr,condition_eclairage,departement,commune,condition_agglomeration,intersection,condition_atmosphere,type_collision,adresse,lattitude,longitude
201400030302,8,5,14,12,1,58,194,2,1,1,6,"SANS, EDME LABORDE",0.0,0.0
201400030303,20,5,14,18,1,58,194,2,1,1,3,VAUZELLES,0.0,0.0
201400030304,21,5,14,17,1,58,194,2,1,1,6,BARATTE (FAUBOURG),0.0,0.0
201400030305,23,5,14,7,1,58,194,2,1,7,4,"86, MARZY",0.0,0.0
201400030306,6,6,14,17,1,58,194,2,1,1,6,"SANS, BERNARD PALISSY",0.0,0.0
201400030307,12,6,14,16,1,58,194,2,1,1,6,"29, MARZY",0.0,0.0
201400030308,21,6,14,6,2,58,194,2,1,1,7,"SANS, GRAND PRE DES BORD",0.0,0.0
201400030309,23,6,14,13,1,58,194,2,1,2,3,FRANCIS GARNIER,0.0,0.0
201400030310,24,6,14,18,1,58,194,2,1,1,7,"sans, SAINT BENIN",0.0,0.0
201400030311,26,6,14,7,1,58,194,2,1,1,7,JACQUES DUCLOS,0.0,0.0
201400030312,26,6,14,14,1,58,194,2,1,1,6,"1, REPUBLIQUE (BOULEVARD",0.0,0.0
201400030313,1,7,14,18,1,58,194,2,2,1,3,"SANS, LYON (FAUBOURG)",0.0,0.0
201400030314,3,7,14,4,2,58,194,2,3,1,3,"SANS, BERNARD PALISSY",0.0,0.0
201400030315,10,7,14,16,1,58,194,2,2,1,6,"sans, CHARLES ROY",0.0,0.0
201400030316,31,7,14,11,1,58,194,2,2,1,3,"sans, FRANCHET D'ESPEREY",0.0,0.0
201400030317,2,8,14,10,1,58,194,2,1,1,1,BARATTE (FAUBOURG),0.0,0.0
201400030318,26,7,14,1,5,58,194,2,3,1,2,"SANS, MONTOTS",0.0,0.0
201400030319,19,8,14,22,5,58,194,2,2,1,3,"SANS, MOLIERE",0.0,0.0
201400030320,18,8,14,14,1,58,194,2,1,1,3,TREIZIEME DE LIGNE,0.0,0.0
201400030321,21,8,14,17,1,58,194,2,1,1,2,MARECHAL JUIN,0.0,0.0
201400030322,21,8,14,18,1,58,194,2,1,1,3,MONTOTS,0.0,0.0
201400030323,23,8,14,5,2,58,194,2,1,1,3,HENRI BOUQUILLARD,0.0,0.0
201400030324,24,8,14,20,1,58,194,2,2,1,3,"SANS, MARZY",0.0,0.0
201400030325,26,8,14,7,1,58,194,2,1,1,3,COMMANDANT PAUL PIERRE C,0.0,0.0
201400030326,5,9,14,16,1,58,194,2,1,1,4,"sans, HENRI BOUQUILLARD",0.0,0.0
201400030327,7,9,14,13,1,58,194,2,1,1,7,FRERES GAYET,0.0,0.0
201400030328,9,9,14,7,1,58,194,2,9,1,3,"sans, TREIZIEME DE LIGNE",0.0,0.0
201400030329,9,9,14,11,1,58,194,2,1,1,3,GRANDS JARDINS,0.0,0.0
201400030330,11,9,14,20,5,58,194,2,2,1,3,"sans, FRANCIS GARNIER",0.0,0.0
201400030331,23,9,14,12,1,58,194,2,1,1,2,COLBERT,0.0,0.0
201400030332,25,9,14,17,1,58,194,2,1,1,4,TREIZIEME DE LIGNE,0.0,0.0
201400030333,27,9,14,15,1,58,194,2,2,1,3,"sans, GONZAGUE",0.0,0.0
201400030334,23,9,14,12,1,58,194,2,3,1,6,"sans, BOVET",0.0,0.0
201400030335,28,9,14,15,1,58,194,2,1,1,2,"sans, HENRI BOUQUILLARD",0.0,0.0
201400030336,29,9,14,14,1,58,194,2,6,1,4,"sans, GEORGES POMPIDOU (",0.0,0.0
201400030337,16,9,14,13,1,58,194,2,1,1,6,JEAN MOULIN,0.0,0.0
201400030338,2,10,14,16,1,58,194,2,3,1,6,"sans, GUSTAVE MATHIEU",0.0,0.0
201400030339,6,10,14,12,1,58,194,2,1,1,7,ARDENETS,0.0,0.0
201400030340,9,10,14,1,5,58,194,2,1,1,6,"45, BARATTE (FAUBOURG)",0.0,0.0
201400030341,28,9,14,19,5,58,194,2,1,1,2,"30, MARECHAL JUIN",0.0,0.0
201400030342,16,10,14,19,2,58,194,2,1,1,7,PIERRE DE COUBERTIN,0.0,0.0
201400030343,28,10,14,9,1,58,194,2,2,1,3,"sans, FAIDHERBE",0.0,0.0
201400030344,31,10,14,13,1,58,194,2,1,1,6,"68, MADEMOISELLE BOURGEO",0.0,0.0
201400030345,4,11,14,21,4,58,194,2,1,2,1,"SANS, GAMBETTA",0.0,0.0
201400030346,7,11,14,1,5,58,194,2,6,1,7,"sans, PONT CIZEAU",0.0,0.0
201400030347,9,11,14,18,5,58,194,2,1,2,3,"8, GABRIEL VALETTE",0.0,0.0
201400030348,11,11,14,14,1,58,194,2,1,1,2,COLBERT,0.0,0.0
201400030349,13,11,14,18,5,58,194,2,2,1,3,MARECHAL LECLERC,0.0,0.0
201400030350,15,11,14,12,1,58,194,1,1,1,4,"SANS, LYON (FAUBOURG)",0.0,0.0
201400030351,15,11,14,17,5,58,194,2,1,3,6,"sans, COLBERT",0.0,0.0
201400030352,18,11,14,0,5,58,194,2,1,2,3,GRAND MOUESSE (FAUBOURG),0.0,0.0
201400030353,22,11,14,18,5,58,194,2,2,1,2,"sans, LYON (FAUBOURG)",0.0,0.0
201400030354,2,12,14,8,1,58,194,2,1,2,2,"9, CHAUSSADE",0.0,0.0
201400030355,8,12,14,16,1,58,194,2,2,2,3,"sans, MARECHAL LYAUTEY",0.0,0.0
201400030356,2,12,14,17,5,58,194,2,6,2,3,"sans, FONTAINE D'ARGENT",0.0,0.0
201400030357,11,12,14,11,1,58,194,2,2,1,4,"sans, PISSEROTTE (BOULEV",0.0,0.0
201400030358,17,12,14,16,1,58,194,2,2,2,3,"SANS, PETIT MOUESSE",0.0,0.0
201400030359,19,12,14,8,1,58,194,2,3,2,3,"sans, JEAN MOULIN",0.0,0.0
201400030360,21,12,14,17,5,58,194,2,1,1,6,"sans, COLONEL JEAN PIERR",0.0,0.0
201400030361,20,12,14,17,5,58,194,2,1,2,6,"sans, COLBERT",0.0,0.0
201400030362,17,12,14,11,1,58,194,2,3,2,3,JACQUES DUCLOS,0.0,0.0
201400030363,27,9,14,15,1,69,133,1,1,1,1,,0.0,0.0
201400030364,16,1,14,17,1,95,58,2,1,8,2,RTE DE CLERMONT,49.1612,2.2856
201400030365,21,5,14,16,1,95,52,2,1,1,3,R SAINT ROCH,49.1425,2.2799
201400030366,24,5,14,16,1,60,139,1,1,2,1,,0.0,0.0
201400030367,25,7,14,12,1,95,58,1,2,1,1,RD 929,49.1556,2.2922
201400030368,23,1,14,7,2,95,116,1,1,1,1,RD 924,49.1594,2.3179
201400030369,20,3,14,11,1,95,487,2,1,1,6,AV GASTON VERMEIRE,49.1493,2.2796
201400030370,25,3,14,8,1,95,116,1,1,1,6,,49.1595,2.3323
201400030371,1,6,14,18,1,95,487,1,1,1,1,RD 4,49.1545,2.2599
201400030372,12,6,14,17,1,95,436,1,1,1,4,RD 301,49.1307,2.2559
201400030373,6,8,14,20,1,95,487,1,1,1,7,RD 301,49.1487,2.2485
201400030374,18,9,14,23,5,95,52,2,1,1,1,RUE NATIONALE,49.1436,2.2846
201400030375,5,11,14,14,1,95,52,2,1,1,6,R NATIONALE,49.1434,2.2845
201400030376,12,12,14,15,1,95,116,1,6,6,7,RD 924Z,49.1588,2.3147
201400030377,23,12,14,7,5,95,52,2,1,1,1,R SAINT ROCH,49.1431,2.2814
201400030378,13,1,14,15,1,95,313,2,1,7,6,R DE PONTOISE,49.1089,2.2224
201400030379,17,1,14,15,1,95,313,2,6,1,3,AV PONIATIOWSKI,49.1193,2.2318
201400030380,25,1,14,15,1,95,313,2,1,1,1,R ABBE BREUIL,49.1149,2.2168
201400030381,29,1,14,15,1,95,445,1,1,1,1,R LES COUTUMES,49.1011,2.2754
201400030382,3,3,14,5,5,95,313,2,1,1,1,AV DE PARIS,49.1096,2.2286
201400030383,22,3,14,0,3,95,504,1,1,1,6,RD 64E,49.1018,2.2812
201400030384,6,4,14,1,3,95,313,1,1,1,6,R DE PONTOISE,49.0932,2.2104
201400030385,27,4,14,11,1,95,313,1,1,8,6,RN 184,0.0,0.0
201400030386,13,7,14,0,3,95,504,2,1,2,6,R DE THALEISCHWEILER,49.1198,2.2911
201400030387,15,7,14,7,1,95,313,1,1,1,6,RN 184,0.0,0.0
201400030388,23,8,14,13,1,95,313,2,1,3,3,AV DE PARIS,49.1098,2.2277
201400030389,10,10,14,8,1,95,504,2,1,1,3,R DE LA REPUBLIQUE,49.1141,2.2867
201400030390,11,10,14,18,1,95,445,1,1,1,2,N 184,0.0,0.0
201400030391,16,10,14,11,1,95,313,2,1,1,6,R MICHEL PONIATOWSKI,49.1128,2.2255
201400030392,2,11,14,20,5,95,313,2,1,2,6,GRANDE RUE,49.1123,2.2159
201400030393,6,11,14,10,1,95,504,1,1,1,3,RD 64E,49.1014,2.2771
201400030394,27,5,14,10,1,71,239,1,1,1,6,,0.0,0.0
201400030395,4,6,14,12,1,71,47,2,1,2,1,RUE DES PREBENDES,46.62211,3.77685
201400030396,13,1,14,14,1,59,143,2,1,1,2,"214, NATIONALE  ( ROUTE)",0.0,0.0
201400030397,25,1,14,18,5,59,17,2,5,1,3,THIERS (PLACE ),0.0,0.0
201400030398,3,2,14,9,1,59,143,2,1,8,1,"157, OLLIVIER (RUE OMER",0.0,0.0
201400030399,13,3,14,18,1,59,431,1,3,1,3,"1822, BAILLEUL (RUE DE)",0.0,0.0
201400030400,12,3,14,20,5,59,17,2,3,1,3,RESISTANTS (RUE DES ),0.0,0.0
201400030401,26,3,14,5,5,59,17,2,3,1,3,"10bis, DEPORTES RUE DES",0.0,0.0
201400030402,15,4,14,11,1,59,431,1,3,1,3,HOUCKE (AVENUE JULES),0.0,0.0
201400030403,15,4,14,12,1,59,17,2,1,1,6,DECEUNINCK  (RUE ERNEST,0.0,0.0
201400030404,11,4,14,17,1,59,17,2,3,1,4,LEBLEU (RUE JULES ),0.0,0.0
201400030405,19,4,14,19,1,59,431,1,1,1,6,BAC (RUE DU),0.0,0.0
201400030406,20,4,14,0,5,59,143,2,1,1,1,"55, VIGNERON (RUE VICTOR",50.67299,2.90811
201400030407,22,5,14,18,1,59,17,2,2,1,6,NORD (RUE DU ),0.0,0.0
201400030408,5,6,14,14,1,59,143,2,3,1,6,NATIONALE  ( ROUTE),0.0,0.0
201400030409,4,7,14,21,1,59,317,2,1,1,6,HUGO  (RUE VICTOR),0.0,0.0
201400030410,6,7,14,0,5,59,17,2,2,1,3,CARTIER (RUE JACQUES ),0.0,0.0
201400030411,11,7,14,17,1,59,17,2,3,1,6,"1, LILLE (RUE DE )",0.0,0.0
201400030412,10,8,14,20,1,59,17,2,6,1,7,FAIDHERBE (BD ),0.0,0.0
201400030413,29,8,14,20,2,59,431,2,1,1,3,"1457, ARMENTIERES  (RUE",0.0,0.0
201400030414,6,9,14,0,5,59,143,1,1,1,6,ROUTE NATIONALE (IMP),0.0,0.0
201400030415,6,9,14,8,1,59,17,2,3,1,3,LEBLEU (RUE JULES ),0.0,0.0
201400030416,9,9,14,19,1,59,17,2,1,1,6,"35, FUSILLES (RUE DES )",0.0,0.0
201400030417,27,9,14,19,1,59,431,2,1,1,3,HOUCKE (AVENUE JULES),0.0,0.0
201400030418,2,10,14,12,1,59,17,2,2,1,3,CARNOT (RUE SADI ),0.0,0.0
201400030419,25,10,14,17,1,59,317,2,2,1,3,"9, JAURES  (RUE JEAN )",0.0,0.0
201400030420,30,10,14,17,5,59,17,2,2,1,5,EUROPE  (AVENUE DE L'),0.0,0.0
201400030421,1,11,14,12,1,59,143,2,1,1,6,"13, VIGNERON (RUE VICTOR",0.0,0.0
201400030422,6,11,14,12,1,59,143,1,1,1,1,PONCHELLE POREE (RUE),0.0,0.0
201400030423,13,11,14,17,5,59,17,2,3,1,3,"48, LEBLEU (RUE JULES )",0.0,0.0
201400030424,3,11,14,20,5,59,17,2,7,1,6,"2, DUNKERQUE (RUE DE)",0.0,0.0
201400030425,25,11,14,8,1,59,17,2,1,1,3,LEBLEU (RUE JULES ),0.0,0.0
201400030426,20,11,14,12,1,59,17,2,1,1,6,"71, JAURES (RUE JEAN )",0.0,0.0
201400030427,15,12,14,16,1,59,17,2,1,1,7,"2, SANGNIER (AVENUE MARC",0.0,0.0
201400030428,5,12,14,18,1,59,143,2,3,1,6,BEAUCHAMP  (RUE LEON ),0.0,0.0
201400030429,25,3,14,16,1,59,41,2,1,1,6,MAUBEUGE (RUE DE),0.0,0.0
201400030430,30,4,14,17,1,59,467,2,1,1,7,"57, PANTEGNIES (ROUTE DE",0.0,0.0
201400030431,3,7,14,14,1,59,68,1,1,2,3,LOUIS DUBOC (RUE),0.0,0.0
201400030432,22,2,14,9,1,59,43,2,1,1,6,"198, LILLE (RUE DE) S1",0.0,0.0
201400030433,2,5,14,14,1,59,43,2,1,1,6,"50, GARE (RUE DE LA)",0.0,0.0
201400030434,12,9,14,18,1,59,43,2,3,1,6,PHARAON DE WINTER (RUE),0.0,0.0
201400030435,15,10,14,10,1,59,43,1,1,1,2,"3064, LILLE (RUE DE) S1",0.0,0.0
201400030436,26,10,14,4,3,59,43,1,9,1,6,"987, LEET (RUE DU)",0.0,0.0
201400030437,12,12,14,15,1,59,43,2,1,2,6,"2, LILLE (RUE DE) S1",0.0,0.0
201400030438,18,3,14,16,1,59,122,2,2,1,3,"0, GAUTHIER (RUE)",0.0,0.0
201400030439,6,4,14,5,3,59,206,1,1,1,6,NAVES (ROUTE DE) OU DEPA,0.0,0.0
201400030440,20,5,14,7,1,59,206,1,1,1,6,NAVES (ROUTE DE) OU DEPA,0.0,0.0
201400030441,12,4,14,17,1,59,122,2,3,1,3,GAUTHIER (RUE),0.0,0.0
201400030442,26,7,14,17,1,59,122,2,1,1,6,", BART (BOULEVARD JEAN)",0.0,0.0
201400030443,4,9,14,17,1,59,122,2,1,1,7,CAMBRESIS (RUE DU),0.0,0.0
201400030444,11,10,14,7,2,59,122,2,1,2,6,"1, CROIX A POTERIES (RAN",0.0,0.0
201400030445,17,10,14,7,5,59,122,2,2,1,6,"10, SAINT AUBERT (RUE)",0.0,0.0
201400030446,13,10,14,14,1,59,122,2,1,1,6,LANDRECIES (RUE DES),0.0,0.0
201400030447,4,11,14,17,2,59,122,2,3,1,1,VAUBAN (BOULEVARD),0.0,0.0
201400030448,9,12,14,17,5,59,122,2,1,8,7,HUGO (AVENUE VICTOR),0.0,0.0
201400030449,3,1,14,15,1,59,253,2,1,1,3,JAURES (RUE JEAN ),0.0,0.0
201400030450,1,1,14,22,5,59,153,2,1,1,6,"32, JAURES (AVENUE JEAN",0.0,0.0
201400030451,14,1,14,17,3,59,153,1,1,8,1,C.D. 935 (NOUVEAU ),0.0,0.0
201400030452,14,2,14,8,1,59,153,2,6,1,3,"3, BONSECOURS (ROUTE DE",0.0,0.0
201400030453,13,2,14,2,3,59,253,1,1,1,6,C.D. 935 (NOUVEAU ),0.0,0.0
201400030454,28,2,14,20,5,59,153,2,1,2,3,"12, MONS (RUE DE )",0.0,0.0
201400030455,3,4,14,18,1,59,153,2,2,1,3,BERTHELOT (IMPASSE ),0.0,0.0
201400030456,11,4,14,22,5,59,616,2,1,1,7,BETH (RUE RENE ),0.0,0.0
201400030457,2,1,14,9,1,59,616,2,1,1,3,"0, DEWASMES (RUE CESAR )",0.0,0.0
201400030458,16,5,14,17,1,59,616,2,4,1,3,HUGO (RUE VICTOR ),0.0,0.0
201400030459,8,6,14,22,5,59,591,2,1,2,6,SAINT AYBERT (RUE DE ),0.0,0.0
201400030460,31,7,14,18,1,59,253,2,3,1,3,PAIX (RUE DE LA ),0.0,0.0
201400030461,5,9,14,22,5,59,591,2,1,1,7,"133, SAINT AYBERT (RUE D",0.0,0.0
201400030462,20,9,14,18,1,59,153,2,3,1,3,"0, GRAS BOEUF (RUE DU )",0.0,0.0
201400030463,24,9,14,23,5,59,153,2,1,2,6,"181, BERNISSART (ROUTE D",0.0,0.0
201400030464,8,10,14,11,1,59,253,1,6,3,3,PAIX (RUE DE LA ),0.0,0.0
201400030465,14,10,14,23,5,59,153,2,1,1,6,"342, BONSECOURS (ROUTE D",0.0,0.0
201400030466,17,11,14,14,1,59,526,2,1,1,1,"1057, DELCOURT (RUE PIER",0.0,0.0
201400030467,16,12,14,17,5,59,253,2,2,1,3,ZOLA (RUE EMILE ),0.0,0.0
201400030468,21,1,14,12,1,59,172,2,3,1,3,JAURES (AV. JEAN),0.0,0.0
201400030469,11,2,14,15,1,59,179,2,3,1,6,ALLENDE (R. SALVATOR),0.0,0.0
201400030470,22,2,14,16,1,59,172,2,1,1,3,BRUNET (R. ARTHUR),0.0,0.0
201400030471,27,3,14,20,3,59,179,2,1,1,2,D 630,0.0,0.0
201400030472,23,2,14,17,1,59,632,2,1,1,6,"160, JAURES (R. JEAN)",0.0,0.0
201400030473,9,4,14,8,1,59,288,1,9,1,3,CD 40,0.0,0.0
201400030474,16,5,14,21,1,59,179,2,3,1,5,HASPRES (R. D'),0.0,0.0
201400030475,16,5,14,21,1,59,361,2,1,1,2,"., ROUSSEAU (R. WALDECK)",0.0,0.0
201400030476,21,5,14,8,2,59,172,2,1,1,6,PETIT (R. LOUIS),0.0,0.0
201400030477,22,5,14,16,1,59,172,2,3,1,3,"964, BERTHELOT (R.)",0.0,0.0
201400030478,4,6,14,20,1,59,205,2,3,3,3,SCHNEIDER (CITE),0.0,0.0
201400030479,10,3,14,15,1,59,632,1,1,1,2,MINEURS (BD DES),0.0,0.0
201400030480,14,6,14,7,1,59,205,2,3,1,3,HUGO (R. VICTOR),0.0,0.0
201400030481,15,6,14,6,2,59,172,2,2,1,3,BERTHELOT (R.),0.0,0.0
201400030482,16,6,14,0,5,59,172,2,2,1,3,LECLERC (R. MARECHAL),0.0,0.0
201400030483,24,6,14,11,1,59,632,2,1,1,1,"96, MATTEOTI",0.0,0.0
201400030484,14,7,14,22,1,59,172,2,9,1,6,VILLARS (R.),0.0,0.0
201400030485,3,8,14,17,1,59,632,2,1,1,3,SEMBAT (R. MARCEL),0.0,0.0
201400030486,19,8,14,17,1,59,504,2,1,1,5,"52, EGALITE (R. DE L')",0.0,0.0
201400030487,21,8,14,23,5,59,361,2,1,1,7,"1301, JAURES (RES. JEAN)",0.0,0.0
201400030488,3,9,14,10,1,59,172,2,2,1,3,"., CARAMAN (BD)",0.0,0.0
201400030489,15,9,14,19,1,59,179,2,1,1,2,D 630,0.0,0.0
201400030490,1,9,14,21,5,59,651,2,1,1,6,ISBERGUES (R. CHARLES),0.0,0.0
201400030491,15,10,14,19,5,59,172,2,3,1,3,BERTHELOT (R.),0.0,0.0
201400030492,7,11,14,16,1,59,179,2,1,1,6,REPUBLIQUE (AV DE LA),0.0,0.0
201400030493,28,11,14,16,2,59,172,2,1,1,6,PYRAMIDE (R.),0.0,0.0
201400030494,6,12,14,23,5,59,172,2,2,1,3,JAURES (AV. JEAN),0.0,0.0
201400030495,11,12,14,13,1,59,361,2,1,2,6,JAURES (RES. JEAN),0.0,0.0
201400030496,25,12,14,21,5,59,172,2,1,1,6,PYRAMIDE (R.),0.0,0.0
201400030497,1,1,14,20,5,59,390,2,2,2,3,"190, MOUSSERON (RUE JULE",0.0,0.0
201400030498,17,1,14,5,3,59,165,1,9,1,4,R.D 621,0.0,0.0
201400030499,26,2,14,17,1,59,203,1,1,2,3,POUILLE LUCIEN (RUE),0.0,0.0
201400030500,8,12,14,7,2,59,156,2,1,8,1,CANAL (RUE DU),0.0,0.0
201400030501,2,3,14,18,1,59,654,2,6,1,3,"114, MARTEL (RUE DES FRE",0.0,0.0
201400030502,21,1,14,18,5,59,327,2,2,1,2,"374, POILUS (RUE DES)",0.0,0.0
201400030503,18,3,14,9,1,59,654,2,6,8,3,COET (RUE ANTOINE),0.0,0.0
201400030504,27,3,14,16,1,59,178,2,6,1,2,FAUBOURG DE BETHUNE (RUE,0.0,0.0
201400030505,31,3,14,21,5,59,24,2,1,1,1,"16, LEBAS (RUE JEAN)",0.0,0.0
201400030506,26,3,14,11,1,59,329,2,6,1,6,LEBAS (RUE JEAN-BAPTISTE,0.0,0.0
201400030507,23,1,14,14,1,59,178,2,1,2,6,"08, PASTEUR (BOULEVARD)",0.0,0.0
201400030508,6,4,14,18,1,59,486,2,1,1,7,NATIONALE (RUE),0.0,0.0
201400030509,20,3,14,14,1,59,8,2,1,1,6,"02, JAURES (PLACE JEAN)",0.0,0.0
201400030510,15,4,14,19,1,59,113,2,8,7,5,SALENGRO ROGER(RUE),0.0,0.0
201400030511,7,3,14,16,1,59,239,2,4,1,6,LAMBERT (RUE MOISE),0.0,0.0
201400030512,9,4,14,7,1,59,345,2,3,7,3,JAURES (RUE),0.0,0.0
201400030513,5,5,14,7,1,59,234,2,1,1,3,"23, MARTIN (RUE MARCEAU)",0.0,0.0
201400030514,30,4,14,15,1,59,569,2,2,7,3,LAMENDIN (RUE ARTHUR),0.0,0.0
201400030515,16,5,14,19,1,59,170,2,3,1,3,K (ALLEE - LA CROIX DE P,0.0,0.0
201400030516,11,6,14,11,1,59,28,2,6,1,3,8 MAI (PLACE DU),0.0,0.0
201400030517,16,6,14,1,5,59,314,2,1,1,6,"0000000000, BEAUCAIRE(RU",0.0,0.0
201400030518,16,5,14,17,1,59,178,2,1,7,6,"08, PASTEUR (BOULEVARD)",0.0,0.0
201400030519,15,5,14,9,1,59,178,2,1,1,6,REPUBLIQUE (BOULEVARD DE,0.0,0.0
201400030520,14,5,14,13,1,59,654,1,3,1,6,DUBOIS (RUE CELESTIN),0.0,0.0
201400030521,7,5,14,12,1,59,8,2,3,1,3,VERRERIE D'EN BAS(RUE),0.0,0.0
201400030522,15,5,14,19,1,59,390,1,1,1,7,MONCHECOURT (ROUTE DE),0.0,0.0
201400030523,29,6,14,13,1,59,574,1,1,2,5,RD 957,0.0,0.0
201400030524,6,7,14,0,5,59,314,2,1,1,6,"37, BLAISE(RUE)",0.0,0.0
201400030525,12,6,14,12,1,59,654,2,1,1,2,DUBOIS (RUE CELESTIN),0.0,0.0
201400030526,12,7,14,5,2,59,390,2,1,1,1,"17, LANNOY (RUE SUZANNE)",0.0,0.0
201400030527,14,7,14,0,5,59,375,1,1,1,7,CD 957,0.0,0.0
201400030528,20,7,14,5,3,59,569,2,1,1,2,R.D 500,0.0,0.0
201400030529,25,6,14,11,1,59,178,2,1,1,6,"0000000000, BREGUET (BOU",0.0,0.0
201400030530,27,6,14,10,1,59,178,2,1,1,6,CAMBRAI (RUE DE),0.0,0.0
201400030531,10,7,14,12,1,59,178,2,1,1,6,"62, SAINT SULPICE (RUE)",0.0,0.0
201400030532,29,7,14,12,1,59,178,2,6,1,3,SAINT SULPICE (RUE),0.0,0.0
201400030533,12,8,14,9,1,59,156,1,6,1,3,STASSIN (RUE FERNAND),0.0,0.0
201400030534,26,8,14,18,1,59,178,2,1,1,7,GAULLE (PLACE CHARLES DE,0.0,0.0
201400030535,31,8,14,12,1,59,8,2,1,1,6,"10, OLERON (RUE D')",0.0,0.0
201400030536,7,9,14,18,1,59,239,1,1,1,1,SCARPE (RUE DE LA),0.0,0.0
201400030537,11,9,14,19,2,59,329,1,1,1,1,BREGUET (RUE DES FRERES),0.0,0.0
201400030538,27,8,14,14,1,59,569,2,1,1,6,ABBAYE (RUE DE L'),0.0,0.0
201400030539,4,9,14,7,1,59,314,2,1,1,6,"157, DUEZ JEAN(RUE)",0.0,0.0
201400030540,20,8,14,13,1,59,486,2,1,1,6,"342, NATIONALE (RUE)",0.0,0.0
201400030541,4,10,14,17,1,59,170,1,6,1,3,CAMUS (RUE ALBERT),0.0,0.0
201400030542,8,10,14,13,1,59,574,1,1,1,6,CD 957 Bis,0.0,0.0
201400030543,16,11,14,1,5,59,345,2,1,1,6,ARAGON (RUE LOUIS),0.0,0.0
201400030544,7,10,14,17,1,59,178,2,1,1,6,"524, JEANNE D'ARC (BOULE",0.0,0.0
201400030545,5,10,14,12,1,59,178,2,3,1,5,"03, PONT DE LA DEULE (RU",0.0,0.0
201400030546,7,10,14,8,1,59,569,2,3,3,6,8 MAI  1945 (RUE DU),0.0,0.0
201400030547,8,12,14,17,3,59,329,1,1,2,6,R.D 621,0.0,0.0
201400030548,13,12,14,13,1,59,569,1,1,1,1,R.D 500,0.0,0.0
201400030549,10,11,14,8,1,59,8,2,1,1,6,LAGRANGE (RUE LEO),0.0,0.0
201400030550,2,1,14,9,1,59,183,2,2,1,3,"14, ROME",0.0,0.0
201400030551,8,1,14,8,5,59,183,2,9,1,6,"26, CITE - AVENUE",0.0,0.0
201400030552,11,1,14,18,5,59,271,1,9,1,2,"., RN 1",0.0,0.0
201400030553,16,1,14,12,1,59,588,1,3,1,3,"., HAMEAU N-D DES NEIGES",0.0,0.0
201400030554,20,1,14,7,3,59,588,1,9,1,1,"., 32EME DI",0.0,0.0
201400030555,25,1,14,13,1,59,540,2,1,1,6,"., REPUBLIQUE",0.0,0.0
201400030556,1,2,14,0,5,59,183,2,3,3,3,"., PECHEURS",0.0,0.0
201400030557,1,2,14,14,1,59,540,2,9,1,6,DELVALLEE - SQUARE,0.0,0.0
201400030558,3,2,14,8,1,59,271,2,2,9,6,"., LA HAYE",0.0,0.0
201400030559,4,2,14,10,1,59,183,2,1,1,6,"., ALEXANDRE III - BOULE",0.0,0.0
201400030560,15,2,14,11,1,59,183,2,2,6,3,"., BEL AIR",0.0,0.0
201400030561,18,2,14,10,1,59,183,2,1,2,6,"10, MARINE",0.0,0.0
201400030562,31,1,14,8,1,59,183,2,1,1,7,"., REPUBLIQUE - F MITTER",0.0,0.0
201400030563,23,2,14,17,1,59,183,2,2,1,3,"., CALAIS",0.0,0.0
201400030564,4,3,14,16,1,59,271,2,9,7,6,"., MITTERRAND FRANCOIS -",0.0,0.0
201400030565,5,3,14,16,1,59,155,2,1,1,3,"., FURNES - ROUTE",0.0,0.0
201400030566,9,3,14,11,1,59,271,2,3,1,3,"., LAMARTINE",0.0,0.0
201400030567,14,3,14,18,1,59,183,2,1,1,6,"48, PRESIDENT POINCARE",0.0,0.0
201400030568,16,3,14,6,2,59,183,1,1,8,6,"., DIGUE DU BREAK - ROUT",0.0,0.0
201400030569,13,3,14,11,1,59,540,2,1,1,6,REPUBLIQUE,0.0,0.0
201400030570,19,3,14,15,1,59,248,2,1,7,6,"17, BROSSOLETTE PIERRE",0.0,0.0
201400030571,20,3,14,1,5,59,273,2,1,1,6,"., OUEST (QUAI)",0.0,0.0
201400030572,3,4,14,11,1,59,183,2,2,1,3,"., HERBEAUX LOUIS - AVEN",0.0,0.0
201400030573,12,4,14,1,3,59,271,1,1,1,7,"., RD 601",0.0,0.0
201400030574,13,4,14,3,5,59,183,2,1,1,6,"77, LEOSTIC PIERRE",0.0,0.0
201400030575,13,4,14,22,5,59,183,2,1,1,2,"., MENDES FRANCE - BOULE",0.0,0.0
201400030576,18,4,14,6,1,59,183,2,1,1,1,"., HOLLANDAIS - QUAI",0.0,0.0
201400030577,18,4,14,16,1,59,271,2,3,1,6,"., SUWALKI - AVENUE",0.0,0.0
201400030578,26,4,14,12,1,59,271,2,2,2,3,"., ALLENDE SALVADOR",0.0,0.0
201400030579,24,4,14,14,1,59,183,2,1,1,6,"., PETITE-SYNTHE CD 940",0.0,0.0
201400030580,8,5,14,9,1,59,183,2,9,2,2,"., REPUBLIQUE - F MITTER",0.0,0.0
201400030581,14,5,14,18,1,59,183,2,3,1,3,", PETITE-SYNTHE CD 940 -",0.0,0.0
201400030582,8,5,14,18,1,59,183,2,3,2,3,"., CORSAERT",0.0,0.0
201400030583,1,6,14,19,1,59,183,2,2,1,1,"502, ROSENDAEL - AVENUE",0.0,0.0
201400030584,2,6,14,8,1,59,183,2,6,1,6,EMMERY - PONT,0.0,0.0
201400030585,9,6,14,21,1,59,359,1,1,1,7,"., N316",0.0,0.0
201400030586,14,6,14,13,1,59,273,2,2,1,3,"., SCULPTEURS (BOULEVARD",0.0,0.0
201400030587,11,6,14,13,1,59,272,2,2,1,3,"., CALAIS (AVENUE DE)",0.0,0.0
201400030588,21,6,14,11,1,59,272,2,1,1,6,"4, LEPRETRE (PLACE JOSEP",0.0,0.0
201400030589,24,6,14,19,1,59,183,2,1,1,6,"1790, BANC VERT",0.0,0.0
201400030590,19,7,14,1,5,59,183,2,1,2,6,"20, HERMITE",0.0,0.0