Num_Acc,jour,mois,an,hr,condition_eclairage,departement,commune,condition_agglomeration,intersection,condition_atmosphere,type_collision,adresse,lattitude,longitude
201400030591,30,7,14,19,1,59,183,2,1,1,6,"., BANC VERT",0.0,0.0
201400030592,2,8,14,0,5,59,183,2,9,1,6,"., KRUYSBELLAERT",0.0,0.0
201400030593,2,8,14,14,1,59,588,2,1,1,6,"81, PAGNOL MARCEL",0.0,0.0
201400030594,11,8,14,16,1,59,183,2,2,1,3,"., ALBERT 1ER - PONT",0.0,0.0
201400030595,12,8,14,21,1,59,183,2,1,1,7,"., DARSES - CHAUSSEE",0.0,0.0
201400030596,14,8,14,22,4,59,155,2,1,2,2,"., FURNES - ROUTE",0.0,0.0
201400030597,16,8,14,12,1,59,183,2,1,1,6,"., ROSENDAEL - AVENUE",0.0,0.0
201400030598,6,9,14,5,5,59,155,1,3,1,3,"., BERGUES CD 916 - ROUT",0.0,0.0
201400030599,23,8,14,9,1,59,183,2,9,1,6,"., ABOUT - AVENUE",0.0,0.0
201400030600,16,8,14,16,1,59,271,2,1,1,6,"81, PROVENCE",0.0,0.0
201400030601,3,10,14,11,1,59,183,2,9,1,6,"164, NANCY",0.0,0.0
201400030602,3,10,14,17,1,59,183,1,9,1,3,KRUYSBELLAERT,0.0,0.0
201400030603,6,10,14,13,1,59,183,2,3,1,3,"., CENT DIXIEME R.I",0.0,0.0
201400030604,12,10,14,9,1,59,183,2,2,1,3,"., RD 601",0.0,0.0
201400030605,12,10,14,21,5,59,155,2,2,3,3,"., FURNES - ROUTE",0.0,0.0
201400030606,21,3,14,21,5,59,155,2,2,3,3,"., FURNES - ROUTE",0.0,0.0
201400030607,8,10,14,17,1,59,183,2,1,1,6,"24, CALAIS",0.0,0.0
201400030608,19,10,14,17,1,59,540,2,9,1,2,"., REPUBLIQUE",0.0,0.0
201400030609,17,10,14,19,4,59,155,1,1,1,6,AUTOROUTE A16,0.0,0.0
201400030610,29,10,14,21,5,59,183,2,2,1,3,"., ARBRES",0.0,0.0
201400030611,1,11,14,19,5,59,183,2,9,1,6,"., HUGO VICTOR - BOULEVA",0.0,0.0
201400030612,5,11,14,9,1,59,131,2,6,1,3,"., PAPE VELD",0.0,0.0
201400030613,23,11,14,0,5,59,183,2,9,2,6,"., MARDYCK - QUAI",0.0,0.0
201400030614,25,11,14,6,5,59,183,2,6,1,6,"., KRUYSBELLAERT",0.0,0.0
201400030615,7,12,14,20,5,59,183,2,2,1,3,MALRAUX Andr?,0.0,0.0
201400030616,6,12,14,19,5,59,273,2,1,1,6,"., EUROPE (BOULEVARD DE",0.0,0.0
201400030617,15,12,14,21,5,59,183,2,2,1,3,"., ROSENDAEL - AVENUE",0.0,0.0
201400030618,19,12,14,21,5,59,272,2,1,1,2,"., GRAVELINES (RUE DE)",0.0,0.0
201400030619,19,12,14,23,5,59,183,2,1,1,2,"., RD 601",0.0,0.0
201400030620,24,12,14,12,1,59,588,1,1,2,5,"., 32EME DI",0.0,0.0
201400030621,30,12,14,12,1,59,183,2,1,1,6,"., MALO GASPARD - AVENUE",0.0,0.0
201400030622,4,4,14,0,5,59,295,2,1,1,7,DE MERVILLE,0.0,0.0
201400030623,6,4,14,9,1,59,295,2,1,1,6,DEPOORTER,0.0,0.0
201400030624,14,4,14,20,3,59,295,1,1,1,5,DE LA MOTTE AU BOIS,0.0,0.0
201400030625,1,8,14,12,1,59,295,1,1,1,5,1611 RTE DE MERVILLE,50.69826,2.55698
201400030626,26,12,14,19,5,59,295,2,1,1,3,"91, NOTRE DAME",0.0,0.0
201400030627,7,2,14,8,2,59,324,2,1,6,3,"1, DORMOY MAX (RUE)",0.0,0.0
201400030628,19,4,14,7,1,59,324,2,1,1,6,"98, LEON BLUM (RUE)",0.0,0.0
201400030629,18,7,14,8,1,59,324,2,1,1,3,"274, COLLERET (RUE)",0.0,0.0
201400030630,24,7,14,18,1,59,104,1,1,1,6,MORONVAL (RUE),0.0,0.0
201400030631,3,9,14,22,5,59,324,1,1,1,6,GENERAL DE GAULLE (AVENU,0.0,0.0
201400030632,3,1,14,16,2,59,350,2,2,3,6,"NC, FAUBOURG DE ROUBAIX",0.0,0.0
201400030633,8,1,14,10,1,59,350,2,2,1,2,"131, ARTOIS RUE D'",0.0,0.0
201400030634,13,1,14,11,1,59,378,2,2,1,3,"0, DELATTRE DE TASSIGNY",0.0,0.0
201400030635,17,1,14,3,5,59,527,2,2,1,6,LAMBERSART RUE DE,0.0,0.0
201400030636,17,1,14,7,2,59,350,2,2,1,3,TERRE PLACE MONT DE,0.0,0.0
201400030637,16,1,14,12,1,59,350,2,2,1,6,TURENNE RUE DE,0.0,0.0
201400030638,13,1,14,16,1,59,350,2,2,1,6,"67, REPUBLIQUE AVENUE DE",0.0,0.0
201400030639,9,1,14,17,5,59,560,2,2,1,7,FENELON RUE,0.0,0.0
201400030640,9,1,14,16,1,59,368,2,2,1,3,"face 83bis, POMPIDOU G.",0.0,0.0
201400030641,21,1,14,12,1,59,350,2,2,8,6,MONTEBELLO BOULEVARD,0.0,0.0
201400030642,26,1,14,1,5,59,527,2,4,1,2,"NC, QUESNOY DE, RUE",0.0,0.0
201400030643,27,1,14,19,5,59,350,2,7,2,6,DOREZ BARTHELEMY PLACE,0.0,0.0
201400030644,21,1,14,21,5,59,350,2,3,1,6,"799, DUNKERQUE AVENUE",0.0,0.0
201400030645,16,1,14,13,1,59,360,2,4,2,3,"155, BARBUSSE HENRI RUE",0.0,0.0
201400030646,23,1,14,12,1,59,368,2,2,1,3,LECLERC RUE DU MARECHAL,0.0,0.0
201400030647,9,2,14,6,5,59,350,2,2,1,3,FAUBOURG D'ARRAS RUE,0.0,0.0
201400030648,26,1,14,7,2,59,350,2,2,1,3,BATELIERS RUE DES,0.0,0.0
201400030649,8,2,14,20,5,59,350,2,2,1,1,LEGRAND PIERRE RUE,0.0,0.0
201400030650,30,1,14,19,5,59,350,2,1,1,6,"119, VOLTAIRE RUE",0.0,0.0
201400030651,21,1,14,7,2,59,350,2,3,5,6,DUNKERQUE AVENUE,0.0,0.0
201400030652,10,2,14,15,1,59,350,2,3,1,6,"186, GAMBETTA LEON RUE",0.0,0.0
201400030653,31,1,14,11,1,59,350,2,2,1,6,REPUBLIQUE PLACE DE LA,0.0,0.0
201400030654,24,1,14,10,1,59,350,2,2,1,6,FAUBOURG DE ROUBAIX RUE,50.6421,3.09261
201400030655,8,2,14,9,1,59,350,2,2,8,3,"75, VAUBAN BOULEVARD N?",0.0,0.0
201400030656,3,2,14,16,1,59,350,2,4,1,3,LAMBRET OSCAR CENTRE,0.0,0.0
201400030657,12,2,14,12,1,59,9,2,1,1,6,ROUX RUE DU DOCTEUR,0.0,0.0
201400030658,19,1,14,20,5,59,368,2,2,1,6,"267, REPUBLIQUE AVENUE D",0.0,0.0
201400030659,8,2,14,23,5,59,350,2,5,2,6,BARRE RUE DE LA,0.0,0.0
201400030660,28,1,14,13,1,59,328,2,2,2,6,LECLERC AVENUE DU MARECH,0.0,0.0
201400030661,12,2,14,10,1,59,350,2,2,7,3,CHATEAU D'ISENGHEIN RUE,0.0,0.0
201400030662,11,2,14,17,2,59,350,2,2,8,6,"71, LIBERTE BOULEVARD DE",0.0,0.0
201400030663,19,2,14,16,1,59,220,2,1,7,1,ARBRISSEAU RUE DE L   N?,0.0,0.0
201400030664,13,2,14,19,5,59,378,2,5,1,6,"390, REPUBLIQUE AV DE LA",0.0,0.0
201400030665,19,2,14,17,1,59,350,2,1,1,3,"6, BIGO DANEL BOULEVARD",0.0,0.0
201400030666,16,2,14,20,5,59,350,2,2,1,6,LEROUX DE FAUQUEMONT PLA,0.0,0.0
201400030667,21,2,14,0,4,59,350,2,2,2,3,ERFURT PONT,0.0,0.0
201400030668,24,2,14,15,1,59,350,2,2,8,6,"75, PEUPLE BELGE AVENUE",50.64739,3.06071
201400030669,22,2,14,21,5,59,457,1,1,1,6,COEULLERIE CHEMIN DE LA,50.67177,2.95571
201400030670,19,2,14,12,1,59,9,2,9,1,7,"22, PASTEUR RUE",0.0,0.0
201400030671,19,2,14,13,1,59,328,2,1,1,2,"67, DELECAUX HENRI AVENU",50.64461,3.03194
201400030672,22,2,14,6,5,59,350,2,1,1,6,"0, SOLFERINO RUE N?1 - 1",0.0,0.0
201400030673,5,2,14,21,5,59,350,2,2,1,3,LANNOY RUE DE,0.0,0.0
201400030674,28,2,14,15,1,59,350,2,6,2,6,DUTHOIT EUGENE BOULEVARD,0.0,0.0
201400030675,25,2,14,19,5,59,9,2,6,1,6,DE VALMY PLACE,0.0,0.0
201400030676,9,3,14,18,2,59,350,2,3,1,3,MERMOZ RUE,0.0,0.0
201400030677,4,3,14,13,1,59,350,2,2,1,3,LIBERTE BOULEVARD DE LA,0.0,0.0
201400030678,2,3,14,10,1,59,350,2,3,1,6,"299 bis, FAUBOURG D'ARRA",0.0,0.0
201400030679,26,2,14,12,1,59,286,2,2,1,6,GAMBETTA LEON RUE,0.0,0.0
201400030680,25,2,14,18,2,59,328,2,2,3,6,"286, DUNKERQUE AVENUE DE",0.0,0.0
201400030681,20,3,14,10,1,59,360,2,2,1,6,"97, FOCH RUE DU MARECHAL",0.0,0.0
201400030682,20,3,14,7,1,59,470,2,1,1,5,"19, ROUTE NATIONALE",0.0,0.0
201400030683,22,3,14,13,1,59,350,2,9,1,3,MONTEBELLO BOULEVARD N?,0.0,0.0
201400030684,26,3,14,13,1,59,350,2,2,1,3,BERTEAUX MAURICE RUE,0.0,0.0
201400030685,23,3,14,21,5,59,350,2,2,1,3,"0, MONTEBELLO BD PAIRS D",0.0,0.0
201400030686,27,3,14,14,1,59,350,2,3,1,7,LEBAS JEAN BAPTISTE BOUL,0.0,0.0
201400030687,1,4,14,13,1,59,350,2,1,7,6,CORMONTAIGNE PLACE,0.0,0.0
201400030688,30,3,14,7,2,59,350,2,2,1,6,"4, CARREL ARMAND RUE",0.0,0.0
201400030689,3,4,14,10,1,59,350,2,2,1,3,VAUBAN BOULEVARD N? REST,0.0,0.0
201400030690,3,4,14,11,1,59,350,2,2,1,5,HUGO VICTOR RUE,0.0,0.0
201400030691,5,4,14,10,1,59,9,2,2,1,3,FLANDRE AVENUEE DE,0.0,0.0
201400030692,5,4,14,18,1,59,286,2,9,1,5,"190, CARNOT SADI RUE",0.0,0.0
201400030693,1,4,14,22,5,59,527,2,1,1,2,LILLE RUE DE N?2 - 36-31,0.0,0.0
201400030694,5,4,14,21,3,59,636,2,1,1,7,"1650, COMINES CHEMIN DE",0.0,0.0
201400030695,22,3,14,1,5,59,350,2,1,1,6,CARREL ARMAND RUE,0.0,0.0
201400030696,10,4,14,20,1,59,193,2,1,1,6,"POTIE, rue A.",0.0,0.0
201400030697,14,4,14,16,1,59,316,2,1,1,7,"167, JAURES JEAN RUE",0.0,0.0
201400030698,29,3,14,19,5,59,378,2,2,1,3,NATIONALE RUE,0.0,0.0
201400030699,1,4,14,17,1,59,527,2,3,1,2,"151, DE LATTRE TASSIGNY.",0.0,0.0
201400030700,15,4,14,19,1,59,350,2,3,1,6,TURGOT RUE,0.0,0.0
201400030701,25,4,14,6,2,59,350,2,3,1,3,"10, CARREL ARMAND RUE",0.0,0.0
201400030702,17,4,14,15,1,59,193,1,9,1,3,D. 341,0.0,0.0
201400030703,25,4,14,23,4,59,350,2,1,1,3,"0, FENELON RUE",0.0,0.0
201400030704,17,4,14,19,1,59,350,2,2,1,1,VAUBAN BOULEVARD N? REST,0.0,0.0
201400030705,18,4,14,21,5,59,9,2,2,1,3,JAURES JEAN RUE    N?101,0.0,0.0
201400030706,25,4,14,10,1,59,360,2,2,1,7,FOCH RUE DU MARECHAL,0.0,0.0
201400030707,30,4,14,18,1,59,350,2,2,1,6,"1, POT RUE LONG",0.0,0.0
201400030708,5,5,14,18,1,59,328,2,1,1,6,"0, HIPPODROME AV DE L N?",0.0,0.0
201400030709,7,5,14,18,1,59,350,2,1,1,7,"71, SAINT SEBASTIEN RUE",0.0,0.0
201400030710,9,5,14,11,1,59,360,2,1,1,2,"8 bis, FOCH RUE DU MAREC",0.0,0.0
201400030711,6,5,14,14,1,59,350,2,1,1,6,PARIS RUE N? RESTE,0.0,0.0
201400030712,10,5,14,12,1,59,560,1,9,1,1,MARTINSART ROUTE DE,0.0,0.0
201400030713,7,5,14,22,5,59,9,2,1,1,6,"2, BOIS AVENUE DU PONT D",0.0,0.0
201400030714,13,5,14,14,1,59,350,2,1,2,5,LIBERTE BVD N?147 A FIN-,0.0,0.0
201400030715,5,5,14,13,1,59,648,2,2,1,3,CLEMENCEAU RUE,0.0,0.0
201400030716,14,5,14,10,1,59,350,2,2,1,3,"01, WAZEMMES RUE DE N?1",0.0,0.0
201400030717,12,5,14,15,1,59,350,2,1,1,6,"19, LEBAS JEAN BAPTISTE",0.0,0.0
201400030718,5,5,14,16,1,59,9,2,9,1,7,"53, BARATTE GASTON RUE",0.0,0.0
201400030719,19,5,14,19,1,59,527,2,3,1,1,"197, CARNOT SADI RUE",0.0,0.0
201400030720,19,5,14,12,1,59,328,2,2,1,3,GAMBETTA LEON RUE,0.0,0.0
201400030721,20,5,14,18,1,59,378,2,3,1,7,GUESDE JULES RUE,0.0,0.0
201400030722,22,5,14,15,1,59,9,2,1,1,7,"5, TREMIERE RUE",0.0,0.0
201400030723,24,5,14,14,1,59,470,1,9,1,7,BLEUE LIEUDIT LA,0.0,0.0
201400030724,18,5,14,4,5,59,328,2,2,1,2,HIPPODROME AV DE L N?134,0.0,0.0
201400030725,27,5,14,17,1,59,648,2,1,1,1,"62, CLEMENCEAU RUE",0.0,0.0
201400030726,31,5,14,4,2,59,350,2,3,1,3,"NC, BALLON RUE DU",0.0,0.0
201400030727,31,5,14,3,5,59,350,2,1,1,6,"230, ARRAS RUE D",0.0,0.0
201400030728,23,5,14,14,1,59,9,2,2,1,3,"NC, OUEST BOULEVARD DE L",0.0,0.0
201400030729,29,5,14,20,1,59,350,2,2,1,3,CHURCHILL WINSTON RUE,0.0,0.0
201400030730,30,5,14,20,1,59,386,2,9,1,3,"NC, LECLERCQ RUE DU GENE",0.0,0.0
201400030731,9,6,14,18,1,59,356,2,1,1,1,"0, LILLE RUE DE",0.0,0.0
201400030732,30,5,14,16,1,59,220,2,1,1,6,FERRER RUE,0.0,0.0
201400030733,2,6,14,13,1,59,9,2,2,1,5,"2, FUSILLES RUE DES DU N",0.0,0.0
201400030734,5,6,14,8,1,59,378,2,1,1,2,"65, EGALITE RUE DE L",0.0,0.0
201400030735,6,6,14,13,1,59,328,2,1,1,4,"226, HIPPODROME AV DE L",0.0,0.0
201400030736,7,6,14,15,1,59,560,2,2,1,3,APOLDA RUE D,0.0,0.0
201400030737,8,6,14,12,1,59,350,2,1,1,7,"NC, MARCHE RUE DU",0.0,0.0
201400030738,11,6,14,18,1,59,350,2,1,1,3,NATIONALE RUE N?2 - 178B,0.0,0.0
201400030739,4,6,14,0,5,59,350,2,4,9,6,DE BETTIGNIES LOUISE PLA,0.0,0.0
201400030740,14,6,14,11,1,59,350,2,9,1,6,"148, LIBERTE BVD N?147 A",0.0,0.0
201400030741,14,6,14,20,1,59,378,2,4,1,1,MESUREUR GUSTAVE RUE,0.0,0.0
201400030742,14,6,14,18,1,59,527,2,1,1,6,"34, LAMBERSART RUE DE",0.0,0.0
201400030743,10,6,14,21,2,59,368,2,1,1,1,"2 TER, HALLENDRE EUGENE",0.0,0.0
201400030744,4,6,14,10,1,59,350,2,9,2,7,SALENGRO ROGER RUE,0.0,0.0
201400030745,10,6,14,9,1,59,378,2,2,1,7,"NC, REPUBLIQUE AV DE LA",0.0,0.0
201400030746,17,6,14,11,1,59,378,2,2,1,6,LISFRANC-CROISE LAROCHE,0.0,0.0
201400030747,17,6,14,16,1,59,457,2,1,1,6,TUILERIE AVENUE DE LA,0.0,0.0
201400030748,17,6,14,16,1,59,350,2,6,1,6,"NC, DOREZ BARTHELEMY PLA",0.0,0.0
201400030749,17,6,14,14,1,59,350,1,1,1,6,Embranchement RN 356,0.0,0.0
201400030750,8,6,14,2,5,59,356,2,1,1,2,PERENCHIES ROUTE DE,0.0,0.0
201400030751,20,6,14,10,1,59,350,2,1,1,6,CARREL ARMAND RUE,0.0,0.0
201400030752,22,6,14,2,5,59,350,2,1,1,6,"NC, NEUF RUE PONT",0.0,0.0
201400030753,16,6,14,22,1,59,350,2,2,1,3,LEFEVRE GEORGES RUE,0.0,0.0
201400030754,24,6,14,13,1,59,9,2,1,1,3,DOUMER PAUL RUE DU PRESI,0.0,0.0
201400030755,25,6,14,16,1,59,350,2,9,1,3,SALENGRO ROGER RUE,0.0,0.0
201400030756,23,6,14,8,1,59,350,2,2,1,3,"NC, BERNOS RUE",0.0,0.0
201400030757,21,6,14,14,1,59,9,2,9,1,1,"NC, 8 MAI 1945 RUE DU PE",0.0,0.0
201400030758,20,6,14,0,5,59,350,2,1,1,6,CAMBRAI RUE DE N?PAIRS,0.0,0.0
201400030759,28,6,14,11,1,59,350,2,2,1,3,CAMBRAI RUE DE N?PAIRS,0.0,0.0
201400030760,22,6,14,13,1,59,350,2,1,1,6,"NC, DUNKERQUE AVENUE",0.0,0.0
201400030761,28,6,14,16,1,59,566,2,1,1,6,"NC, BOUTILLERIE AVENUE D",0.0,0.0
201400030762,27,6,14,2,5,59,350,2,1,1,6,POSTES RUE N? RESTE,0.0,0.0
201400030763,29,6,14,17,1,59,9,2,2,1,3,"NC, OUEST BOULEVARD DE L",0.0,0.0
201400030764,27,6,14,17,1,59,350,2,2,2,3,"NC, BRUXELLES RUE DE",0.0,0.0
201400030765,24,6,14,20,2,59,350,2,2,1,3,"NC, ASIE RUE DE L",0.0,0.0
201400030766,30,6,14,23,3,59,636,2,1,1,6,"180, VOIE D'ACCES ROCADD",0.0,0.0
201400030767,7,7,14,15,1,59,507,2,1,1,6,STRASBOURG RUE DE,0.0,0.0
201400030768,1,7,14,7,1,59,328,2,6,1,3,"NC, SAUT DU LOUP ROND PO",0.0,0.0
201400030769,2,7,14,23,5,59,350,2,9,1,7,DOREZ BARTHELEMY PLACE,0.0,0.0
201400030770,2,7,14,22,1,59,360,2,1,1,6,"NC, BARBUSSE HENRI RUE",0.0,0.0
201400030771,4,7,14,21,1,59,378,2,1,1,6,"NC, REPUBLIQUE AV DE LA",0.0,0.0
201400030772,9,7,14,18,1,59,350,2,1,2,6,"NC, DUNKERQUE AVENUE DE",0.0,0.0
201400030773,22,6,14,19,1,59,360,2,3,1,6,"38, FOCH RUE DU MARECHAL",0.0,0.0
201400030774,17,8,14,19,1,59,350,2,1,1,6,CHASSEURS DE DRIANT PLAC,0.0,0.0
201400030775,11,7,14,3,3,59,350,2,3,3,6,"NC, DECONYNCK ERNEST RUE",0.0,0.0
201400030776,15,7,14,13,1,59,346,2,1,8,1,CHANZY RUE,0.0,0.0
201400030777,11,7,14,22,5,59,350,2,9,1,6,"NC, TACQ ANTOINE PLACE",0.0,0.0
201400030778,28,5,14,18,1,59,350,2,3,7,6,"NC, ESPLANADE FACADE",0.0,0.0
201400030779,26,6,14,10,1,59,350,2,2,1,3,"NC, DUNKERQUE AVENUE",0.0,0.0
201400030780,27,6,14,1,5,59,378,1,6,1,6,"NC, NATIONALE RUE",0.0,0.0
201400030781,6,7,14,17,1,59,360,2,9,1,3,"NC, POTIE GEORGES RUE",0.0,0.0
201400030782,8,7,14,11,1,59,527,2,1,1,2,"74, LECLERC RUE DU GENER",0.0,0.0
201400030783,16,7,14,13,1,59,360,2,1,1,6,"146, FOCH RUE DU MARECHA",0.0,0.0
201400030784,16,7,14,10,1,59,350,2,5,1,5,MOSELLE BOULEVARD DE LA,0.0,0.0
201400030785,13,7,14,21,1,59,350,2,1,1,7,"130, SOLFERINO RUE N?1 -",0.0,0.0
201400030786,2,7,14,16,1,59,9,2,3,1,3,VERSAILLE RUE DE,0.0,0.0
201400030787,16,7,14,10,1,59,350,2,1,1,6,"0, METZ BOULEVARD",0.0,0.0
201400030788,16,7,14,16,1,59,350,2,6,7,2,JUSSIEU RUE,0.0,0.0
201400030789,9,7,14,12,1,59,368,2,3,2,6,"111, DE GAULLE RUE DU GE",0.0,0.0
201400030790,21,7,14,6,2,59,350,2,9,1,5,"NC, LAMBRET OSCAR AVENUE",0.0,0.0
201400030791,23,7,14,13,1,59,9,2,1,1,6,"NC, BREUCQ BOULEVARD DU",0.0,0.0
201400030792,20,5,14,19,1,59,350,2,1,2,6,"0, VANHOENACKER PLACE",0.0,0.0
201400030793,25,7,14,16,1,59,350,2,3,1,5,"NC, LIBERTE BOULEVARD N?",0.0,0.0
201400030794,27,7,14,10,1,59,350,2,1,1,6,"0, VAUBAN BOULEVARD N? R",0.0,0.0
201400030795,22,7,14,12,1,59,350,2,9,1,3,DUBUISSON EMILE BOULEVAR,0.0,0.0
201400030796,22,7,14,17,1,59,350,2,1,1,6,MARQUILLIES RUE,0.0,0.0
201400030797,23,7,14,13,1,59,378,2,1,1,3,"0, MARNE AVENUE DE LA",0.0,0.0
201400030798,30,7,14,21,5,59,368,2,2,1,3,"20, BALLON RUE DU",0.0,0.0
201400030799,2,8,14,17,1,59,368,2,1,1,6,"1, HUGO VICTOR AVENUE",0.0,0.0
201400030800,26,8,14,11,1,59,350,2,3,2,3,BERTHELOT MARCELIN RUE,0.0,0.0
201400030801,30,5,14,17,1,59,560,2,1,1,6,BOUVRY ROGER IMPASSE,0.0,0.0
201400030802,4,8,14,23,4,59,350,2,1,1,6,MAUBEUGE RUE N?1 - 32,0.0,0.0
201400030803,10,8,14,15,1,59,350,2,9,3,3,"NC, ARRAS RUE D",0.0,0.0
201400030804,25,7,14,12,1,59,9,2,3,1,6,FUSILLES RUE DES DU N?9,0.0,0.0
201400030805,7,8,14,20,1,59,560,2,1,1,7,CD 925,0.0,0.0
201400030806,18,8,14,8,1,59,378,2,1,1,7,"0, POINCARE AVENUE",0.0,0.0
201400030807,2,7,14,19,1,59,193,2,1,1,6,"0, GUSTAVE DELORY, RUE",0.0,0.0
201400030808,8,8,14,14,1,59,350,2,2,2,3,"NC, MONTEBELLO BOULEVARD",0.0,0.0
201400030809,20,8,14,14,1,59,328,2,3,1,3,LILLE RUE DE,0.0,0.0
201400030810,24,7,14,17,1,59,350,2,2,1,3,"NC, LIBERTE BVD N?2 - 90",0.0,0.0
201400030811,28,8,14,12,1,59,350,2,1,1,5,"0, FAUBOURG D'ARRAS RUE",0.0,0.0
201400030812,3,9,14,22,5,59,410,2,3,1,2,SANGNIER MARC AVENUE,0.0,0.0
201400030813,8,9,14,17,1,59,527,2,2,1,6,"0, LAMBERSART RUE DE",0.0,0.0
201400030814,19,9,14,21,5,59,343,2,1,1,1,"AUCUN, VOLTAIRE RUE",0.0,0.0
201400030815,28,9,14,6,5,59,350,2,9,1,6,"nc, DOREZ BARTHELEMY PLA",0.0,0.0
201400030816,26,9,14,11,1,59,350,2,3,1,3,"125, DUNKERQUE AVENUE",0.0,0.0
201400030817,27,9,14,14,1,59,360,2,1,1,4,"104, FOCH RUE DU MARECHA",0.0,0.0
201400030818,17,9,14,8,1,59,9,2,1,1,3,"NC, RECLUS RUE ELISEE",0.0,0.0
201400030819,24,9,14,10,1,59,9,2,4,2,6,"215, GUESDE JULES RUE",0.0,0.0
201400030820,26,9,14,13,1,59,220,2,9,1,3,"AUCUN, LECLERCQ AVENUE D",0.0,0.0
201400030821,30,9,14,14,1,59,9,2,1,1,6,"0, TOURNAI BOULEVARD DE",0.0,0.0
201400030822,13,9,14,21,5,59,350,2,1,1,6,"NC, LAMBRET OSCAR AVENUE",0.0,0.0
201400030823,27,9,14,11,1,59,360,2,1,1,3,"44, REPUBLIQUE BOULEVARD",0.0,0.0
201400030824,17,9,14,16,1,59,350,2,2,1,3,"NC, GHESQUIERES RUE",0.0,0.0
201400030825,19,9,14,7,1,59,350,2,1,1,3,"211, PARIS RUE N? RESTE",0.0,0.0
201400030826,8,10,14,16,1,59,9,2,1,1,6,"02, PASTEUR RUE",0.0,0.0
201400030827,2,10,14,8,1,59,350,2,9,1,6,"AUCUN, LEZENNES BOULEVAR",0.0,0.0
201400030828,2,10,14,10,1,59,560,2,1,1,3,"NC, LILLE ROUTE DE",0.0,0.0
201400030829,5,10,14,20,5,59,378,2,1,1,3,"102, MENIN RUE DE",0.0,0.0
201400030830,3,10,14,8,1,59,350,2,1,1,6,"NC, DUNKERQUE AVENUE",0.0,0.0
201400030831,2,10,14,20,2,59,350,2,1,1,7,"NC, LEGRAND PIERRE RUE",0.0,0.0
201400030832,4,10,14,12,1,59,368,2,2,1,7,"NC, DE GAULLE RUE DU GEN",0.0,0.0
201400030833,12,10,14,14,1,59,350,2,2,9,4,", HUGO VICTOR  BVD N?2 -",0.0,0.0
201400030834,13,10,14,15,1,59,350,2,1,1,6,"0, LEBON PHILLIPE PLACE",0.0,0.0
201400030835,11,10,14,15,1,59,350,2,3,1,3,"NC, REGNAULT HENRI RUE",0.0,0.0
201400030836,25,9,14,9,1,59,350,2,1,1,2,"64, LIBERTE BOULEVARD N?",0.0,0.0
201400030837,6,10,14,18,1,59,350,2,1,8,6,"196, MONTEBELLO BD PAIRS",0.0,0.0
201400030838,4,10,14,15,1,59,350,2,1,9,3,"AUCUN, MONTEBELLO BOULEV",0.0,0.0
201400030839,21,10,14,20,3,59,507,2,1,9,5,"NC, FRANCE ANATOLE RUE",0.0,0.0
201400030840,21,10,14,8,2,59,9,2,1,1,5,"NC, DOUMER PAUL RUE DU P",0.0,0.0
201400030841,23,10,14,17,1,59,350,2,2,1,3,"NC, ARC RUE JEANNE D N?",0.0,0.0
201400030842,27,10,14,10,1,59,350,2,1,1,6,"159, FAUBOURG DES POSTES",0.0,0.0
201400030843,28,10,14,17,1,59,9,2,9,1,1,OUEST BOULEVARD DE L,0.0,0.0
201400030844,1,11,14,20,5,59,9,2,1,1,7,"aucun, BREUGHEL RUE",0.0,0.0
201400030845,26,10,14,15,1,59,9,2,9,1,3,"AUCUN, LILLE, Rue de",0.0,0.0
201400030846,31,10,14,12,1,59,410,2,2,1,6,"NC, BECQUEREL RUE DU",0.0,0.0
201400030847,31,10,14,19,5,59,350,2,2,1,7,MASUREL RUE,0.0,0.0
201400030848,5,11,14,8,1,59,585,2,1,7,6,"2, ENNETIERES ROUTE DE",0.0,0.0
201400030849,3,11,14,21,5,59,350,2,1,2,6,"52, CARNOT SADI BV. N?PA",0.0,0.0
201400030850,6,11,14,10,1,59,560,2,1,1,6,"21, LILLE ROUTE DE",0.0,0.0
201400030851,6,11,14,23,5,59,350,2,2,1,6,"AUCUN, SOLFERINO RUE N?1",0.0,0.0
201400030852,1,11,14,11,1,59,350,2,2,1,3,"NC, VANHOENACKER PLACE",0.0,0.0
201400030853,6,11,14,16,1,59,350,2,1,1,6,"24, ESPLANADE FACADE",0.0,0.0
201400030854,5,11,14,8,1,59,360,2,1,1,6,"NC, HERRIOT EDOUARD RUE",0.0,0.0
201400030855,3,11,14,13,1,59,560,2,1,1,6,"89, BOUVRY ROGER RUE",0.0,0.0
201400030856,10,11,14,8,1,59,350,2,1,1,6,"40, THUMESNIL RUE",0.0,0.0
201400030857,10,11,14,10,1,59,328,2,1,1,3,"NC, ALLIANCE NORD OUEST",0.0,0.0
201400030858,30,10,14,19,1,59,350,2,2,1,3,MOSELLE BOULEVARD N?IMPA,0.0,0.0
201400030859,31,10,14,16,1,59,356,2,6,1,7,"NC, PERENCHIES ROUTE DE",0.0,0.0
201400030860,21,10,14,7,2,59,350,2,1,8,6,"22, SOLFERINO RUE N?1 -",0.0,0.0
201400030861,11,11,14,14,1,59,350,2,4,1,6,"AUCUN, BELFORT BOULEVARD",0.0,0.0
201400030862,12,11,14,11,1,59,350,2,1,1,6,AUSTERLITZ RUE D,0.0,0.0
201400030863,12,11,14,8,1,59,350,2,2,1,1,"NC, VAUBAN BOULEVARD N?",0.0,0.0
201400030864,15,11,14,14,1,59,9,1,1,1,3,"AUCUN, RD 626",0.0,0.0
201400030865,16,11,14,3,5,59,350,2,1,1,6,"9, CHATS BOSSUS RUE DES",0.0,0.0
201400030866,4,11,14,7,2,59,286,2,1,2,3,"176, CARNOT SADI RUE",0.0,0.0
201400030867,15,11,14,4,5,59,350,2,1,2,4,"NC, LAMBRET OSCAR AVENUE",0.0,0.0
201400030868,18,11,14,17,4,59,196,1,1,1,6,"NC, ZONE COMMERCIALE",0.0,0.0
201400030869,27,10,14,17,1,59,220,2,1,1,7,"01, JOINVILLE RUE DE",0.0,0.0
201400030870,11,10,14,13,1,59,350,2,1,1,6,"NC, BRANDT WILLY AVENUE",0.0,0.0