Num_Acc,jour,mois,an,hr,condition_eclairage,departement,commune,condition_agglomeration,intersection,condition_atmosphere,type_collision,adresse,lattitude,longitude
201400030871,24,11,14,18,5,59,368,2,9,1,6,"NC, FAURE RUE FELIX",0.0,0.0
201400030872,25,11,14,4,5,59,350,2,2,9,2,"NC, MOSELLE BOULEVARD N?",0.0,0.0
201400030873,21,11,14,8,1,59,350,2,1,1,3,"12, TENREMONDE RUE N?PAI",0.0,0.0
201400030874,23,11,14,17,3,59,560,1,9,2,6,"AUCUN, AVELIN ROUTE D",0.0,0.0
201400030875,26,11,14,10,1,59,350,2,9,1,6,"NC, SOLFERINO RUE N?1 -",0.0,0.0
201400030876,26,11,14,9,1,59,360,2,1,1,3,"28, POTIE GEORGES RUE",0.0,0.0
201400030877,27,11,14,13,1,59,350,2,1,1,1,"NC, GUESDE JULES N?27 -",0.0,0.0
201400030878,25,11,14,12,1,59,350,2,1,1,6,"NC, EMMERIN RUE",0.0,0.0
201400030879,1,12,14,11,1,59,350,2,1,1,3,"NC, REPUBLIQUE AVENUE DE",0.0,0.0
201400030880,28,11,14,19,1,59,286,2,3,1,2,"195, CARNOT SADI RUE",0.0,0.0
201400030881,1,12,14,8,2,59,350,2,9,9,6,"253, LEGRAND PIERRE RUE",0.0,0.0
201400030882,3,12,14,16,1,59,360,2,1,1,6,"NC, SEQUEDIN ROUTE DE",0.0,0.0
201400030883,27,11,14,12,1,59,360,2,3,1,6,"0, FOCH RUE DU MARECHAL",0.0,0.0
201400030884,4,12,14,13,1,59,360,2,2,1,3,"NC, FOCH RUE DU MARECHAL",0.0,0.0
201400030885,5,12,14,18,5,59,560,2,2,2,6,"NC, HENTGES JOSEPH BOULE",0.0,0.0
201400030886,6,12,14,2,5,59,360,2,1,1,7,"35, SALENGRO ROGER RUE",0.0,0.0
201400030887,7,12,14,13,1,59,368,2,9,2,4,"258, POMPIDOU G. RUE DU",0.0,0.0
201400030888,5,12,14,17,5,59,507,2,9,5,7,"139, JAURES JEAN RUE",0.0,0.0
201400030889,12,12,14,17,5,59,220,2,1,2,6,"229, ARRAS ROUTE D     N",0.0,0.0
201400030890,15,12,14,22,5,59,350,2,9,5,7,"172, SALENGRO ROGER RUE",0.0,0.0
201400030891,9,12,14,22,5,59,350,2,2,1,3,"NC, NATIONALE RUE N?2 -",0.0,0.0
201400030892,20,12,14,13,1,59,350,2,1,1,3,RUE DU PONT A FOURCHON,0.0,0.0
201400030893,18,12,14,7,2,59,350,2,1,2,6,"59, MONTEBELLO BOULEVARD",0.0,0.0
201400030894,19,12,14,15,1,59,648,2,2,1,2,"54, CLEMENCEAU RUE",0.0,0.0
201400030895,13,12,14,2,5,59,527,2,1,1,6,"110, CARNOT SADI RUE",0.0,0.0
201400030896,10,12,14,13,1,59,350,2,1,1,3,"272, NATIONALE RUE N?RES",0.0,0.0
201400030897,16,12,14,19,5,59,9,2,6,1,6,"NC, DE  VALMY PLACE",0.0,0.0
201400030898,22,12,14,18,1,59,378,2,2,1,1,"NC, REPUBLIQUE AV DE LA",0.0,0.0
201400030899,28,11,14,8,2,59,220,1,2,1,3,"NC, FRANCE ANATOLE RUE",0.0,0.0
201400030900,23,12,14,18,5,59,560,2,9,1,6,"16, STALINGRAD PLACE",0.0,0.0
201400030901,22,12,14,19,5,59,350,2,1,1,6,"7, HUGO VICTOR  BVD N?IM",0.0,0.0
201400030902,24,12,14,13,1,59,378,2,2,2,3,"NC, MARNE AVENUE DE LA",0.0,0.0
201400030903,26,12,14,23,5,59,368,2,1,2,2,"226, DE GAULLE RUE DU GE",0.0,0.0
201400030904,30,12,14,16,2,59,350,2,9,2,6,"14, HUGO VICTOR RUE",0.0,0.0
201400030905,31,12,14,12,1,59,378,2,6,1,1,"480, BAILLY ALBERT RUE",0.0,0.0
201400030906,28,12,14,7,5,59,350,2,9,4,6,"1, CAMBRAI RUE DE N? IMP",0.0,0.0
201400030907,23,12,14,14,1,59,350,2,2,1,3,"NC, DOUAI RUE",0.0,0.0
201400030908,30,12,14,14,1,59,560,1,9,1,7,"NC, BOUVRY ROGER RUE",0.0,0.0
201400030909,31,12,14,16,1,59,9,1,1,1,2,"NC, D?partemental 700",0.0,0.0
201400030910,2,2,14,16,1,59,392,2,1,1,3,PORTE DE MONS,0.0,0.0
201400030911,13,3,14,20,5,59,514,2,3,1,2,"118, FERRIERE (AVENUE DE",0.0,0.0
201400030912,25,4,14,20,1,59,225,2,1,1,6,", ARTHUR DUBOIS (RUE)",0.0,0.0
201400030913,24,5,14,12,1,59,225,1,1,1,1,NEUF MESNIL (RUE DE),0.0,0.0
201400030914,8,12,14,9,1,59,291,1,1,2,4,ROUTE NATIONALE N?2,0.0,0.0
201400030915,11,12,14,7,2,59,365,2,1,2,6,CLAUDE DEBUSSY (RUE),0.0,0.0
201400030916,21,2,14,11,1,59,650,2,1,1,6,"14, DELVAINQUIERE (PLACE",0.0,0.0
201400030917,6,1,14,23,4,59,512,2,3,2,3,"53, FOURMIES (BOULEVARD",0.0,0.0
201400030918,10,1,14,8,1,59,650,2,1,1,6,"24, VAN GOGH (AVENUE VIN",0.0,0.0
201400030919,10,1,14,8,1,59,646,2,2,1,5,FLANDRE (AVENUE DE),0.0,0.0
201400030920,11,1,14,18,5,59,650,2,3,1,5,MENDES FRANCE (BOULEVARD,0.0,0.0
201400030921,26,2,14,17,1,59,512,2,1,1,6,"213, GUESDE (RUE JULES)",0.0,0.0
201400030922,12,1,14,18,5,59,299,2,6,1,3,"01, D6D",0.0,0.0
201400030923,13,1,14,16,1,59,339,1,6,1,4,CD 700,0.0,0.0
201400030924,14,1,14,8,5,59,646,2,2,3,6,FLANDRE (AVENUE DE),0.0,0.0
201400030925,14,1,14,18,5,59,163,2,1,1,3,"202, JAURES (RUE JEAN)",0.0,0.0
201400030926,16,1,14,20,5,59,163,2,1,1,3,"24, SEIGNEUR (RUE LOUIS)",0.0,0.0
201400030927,20,1,14,0,5,59,646,2,2,1,6,"61, WASTYN (RUE JEAN)",0.0,0.0
201400030928,22,1,14,7,5,59,163,2,1,1,5,"25, FLANDRE (AVENUE DE)",0.0,0.0
201400030929,22,1,14,17,2,59,367,2,3,8,1,"0, LEBAS (RUE JEAN BAPT",0.0,0.0
201400030930,24,1,14,7,1,59,598,2,1,1,1,"165, LYS (RUE DE)",0.0,0.0
201400030931,25,1,14,15,1,59,339,2,2,2,3,"1, PICAVET (RUE DU CAPIT",0.0,0.0
201400030932,25,1,14,19,5,59,512,2,1,8,6,"228, MOTTE (AVENUE ALFRE",0.0,0.0
201400030933,27,1,14,0,5,59,650,2,1,2,6,"222, PHILIPPOT (RUE GEOR",0.0,0.0
201400030934,27,1,14,10,1,59,650,2,1,2,2,"392, CARNOT (RUE)",0.0,0.0
201400030935,27,1,14,14,1,59,339,1,1,2,7,CD 700,0.0,0.0
201400030936,27,1,14,18,3,59,646,2,1,2,6,MARNE (AVENUE DE LA),0.0,0.0
201400030937,28,1,14,19,5,59,512,2,1,2,6,"69, CAMBRAI (BOULEVARD D",0.0,0.0
201400030938,30,1,14,20,1,59,512,2,2,2,3,MOTTE (AVENUE ALFRED),0.0,0.0
201400030939,3,2,14,18,3,59,646,2,1,1,1,"14, HAUT VINAGE (RUE DU)",0.0,0.0
201400030940,8,3,14,14,1,59,367,1,2,1,3,"1, GUESDE (RUE JULES)",0.0,0.0
201400030941,24,1,14,15,1,59,512,2,2,1,3,"123, DUPUY DE LOME (RUE)",0.0,0.0
201400030942,22,3,14,13,1,59,512,2,1,1,6,PIERRE DE ROUBAIX (RUE),0.0,0.0
201400030943,25,3,14,17,1,59,339,2,2,1,6,"6, GAMBETTA (RUE LEON)",0.0,0.0
201400030944,6,2,14,13,1,59,650,2,2,2,1,"40, LA FONTAINE (RUE)",0.0,0.0
201400030945,7,2,14,19,5,59,299,2,1,1,2,GUESDE (RUE JULES),0.0,0.0
201400030946,8,2,14,5,5,59,650,2,1,2,6,"1, BEAULIEU (RUE DE)",0.0,0.0
201400030947,10,2,14,10,1,59,163,2,3,1,6,"11, GARE (RUE DE LA)",0.0,0.0
201400030948,10,2,14,19,5,59,163,2,2,1,3,"18, JAURES (RUE JEAN)",0.0,0.0
201400030949,1,5,14,14,1,59,512,2,2,1,3,MOTTE (AVENUE ALFRED),0.0,0.0
201400030950,11,2,14,15,1,59,512,2,3,2,6,"1, VAN DER MEERSCH (AVEN",0.0,0.0
201400030951,12,2,14,12,1,59,512,2,1,1,6,COMMUNAUTE URBAINE (RUE,0.0,0.0
201400030952,14,2,14,6,5,59,367,2,1,1,6,"180, VERT PRE (RUE DU)",0.0,0.0
201400030953,14,2,14,16,1,59,512,2,3,3,6,NATIONS UNIES (AVENUE DE,0.0,0.0
201400030954,16,2,14,13,1,59,512,2,3,1,6,"12, LUNEVILLE (RUE DE)",0.0,0.0
201400030955,8,6,14,19,1,59,650,2,1,1,7,CEZANNE (RUE PAUL),0.0,0.0
201400030956,23,7,14,21,2,59,650,2,2,1,5,MONT A LEUX (RUE DU),0.0,0.0
201400030957,20,2,14,8,1,59,650,2,1,2,6,"100, PATRIOTES (RUE DES)",0.0,0.0
201400030958,20,2,14,19,5,59,512,2,3,2,3,"16, JAURES (AVENUE JEAN)",0.0,0.0
201400030959,20,2,14,21,3,59,299,2,1,9,6,"7, COUBRONNE (RUE DU DOC",0.0,0.0
201400030960,23,2,14,15,1,59,512,2,2,1,3,"1, MOTTE (AVENUE ALFRED)",0.0,0.0
201400030961,25,2,14,17,1,59,512,2,1,2,6,"67, MACKELLERIE (RUE DE",0.0,0.0
201400030962,27,2,14,15,1,59,512,2,1,1,3,"163, LANNOY (RUE DE )",0.0,0.0
201400030963,1,3,14,19,5,59,512,2,1,2,6,"59, NATIONS UNIES (AVENU",0.0,0.0
201400030964,2,3,14,0,5,59,512,2,1,1,3,"9, LACORDAIRE",0.0,0.0
201400030965,2,3,14,13,1,59,512,2,1,1,3,"144, LINNE ( AVENUE)",0.0,0.0
201400030966,6,3,14,15,1,59,512,2,2,1,6,COLBERT (RUE),0.0,0.0
201400030967,8,3,14,19,2,59,646,2,2,1,3,"1, MARNE (AVENUE DE LA)",0.0,0.0
201400030968,11,3,14,15,1,59,512,2,1,1,6,"145, FOURMIES (BOULEVARD",0.0,0.0
201400030969,11,3,14,15,1,59,367,2,1,1,6,VERT PRE (RUE DU),0.0,0.0
201400030970,12,3,14,17,1,59,650,2,9,1,3,"00, LIBERTE (BOULEVARD D",0.0,0.0
201400030971,13,3,14,15,1,59,512,2,1,2,2,"1, AVELGHEM (RUE D')",0.0,0.0
201400030972,13,3,14,12,1,59,512,2,1,1,6,"4, PERCHE (RUE DE LA)",0.0,0.0
201400030973,14,3,14,13,1,59,512,2,1,1,3,"8, SAINT ANTOINE (RUE)",0.0,0.0
201400030974,14,3,14,12,1,59,512,2,3,1,6,"35, MARLOT (RUE LEON)",0.0,0.0
201400030975,16,3,14,17,1,59,512,2,1,1,6,NOUVEAU MONDE (RUE DU),0.0,0.0
201400030976,17,3,14,17,1,59,512,2,3,1,3,JAURES (AVENUE JEAN),0.0,0.0
201400030977,19,3,14,17,1,59,512,2,2,1,3,ALGER  (RUE D'),0.0,0.0
201400030978,23,3,14,16,1,59,367,2,2,2,3,"0, NEGRIER (RUE)",0.0,0.0
201400030979,24,3,14,9,1,59,646,2,1,1,6,MARCQ EN BAROEUL (RUE DE,0.0,0.0
201400030980,25,3,14,18,1,59,512,2,1,1,5,"20, STRASBOURG (BOULEVAR",0.0,0.0
201400030981,26,3,14,16,1,59,512,2,1,1,6,"1, LEBAS (AVENUE JEAN)",0.0,0.0
201400030982,27,3,14,11,1,59,646,2,1,1,6,"25, WASTYN (RUE JEAN)",0.0,0.0
201400030983,27,3,14,16,1,59,512,2,2,1,3,NATIONS UNIES (AVENUE DE,0.0,0.0
201400030984,28,3,14,8,1,59,512,2,2,1,6,"149, EPEULE  (RUE DE L')",0.0,0.0
201400030985,28,3,14,8,1,59,163,2,2,1,3,"71, FAVREUIL (RUE)",0.0,0.0
201400030986,31,3,14,15,1,59,512,2,3,1,6,"678, NATIONS UNIES (AVEN",0.0,0.0
201400030987,31,3,14,18,1,59,650,2,1,1,6,"66, CATTEAU (RUE PIERRE)",0.0,0.0
201400030988,31,3,14,21,5,59,512,2,1,1,6,"44, NATIONS UNIES (AVENU",0.0,0.0
201400030989,1,4,14,12,1,59,163,2,1,1,4,"15, CURIE (RUE PIERRE)",0.0,0.0
201400030990,2,4,14,18,1,59,512,2,1,1,1,CALMETTE (RUE ALBERT),0.0,0.0
201400030991,2,4,14,21,5,59,512,2,1,1,5,LEERS (RUE DE),0.0,0.0
201400030992,4,4,14,18,1,59,512,2,1,1,2,"58, JOUFFROY (RUE)",0.0,0.0
201400030993,8,4,14,8,1,59,163,2,9,2,6,"1, ZOLA (BOULEVARD EMILE",0.0,0.0
201400030994,8,4,14,17,1,59,512,2,1,1,6,"314, NATIONS UNIES (AVEN",0.0,0.0
201400030995,11,4,14,10,1,59,299,1,1,1,6,COLBERT (RUE),0.0,0.0
201400030996,12,4,14,8,1,59,512,2,2,1,3,"., DECREME (RUE)",0.0,0.0
201400030997,12,4,14,10,1,59,512,2,1,1,6,ARTS  (RUE DES),0.0,0.0
201400030998,13,4,14,16,1,59,512,2,2,1,3,"302, GRANDE  RUE",0.0,0.0
201400030999,14,4,14,8,1,59,299,2,1,1,6,"431, GUESDE (RUE JULES)",0.0,0.0
201400031000,14,4,14,10,1,59,512,2,2,1,6,SALENGRO (AVENUE ROGER),0.0,0.0
201400031001,15,4,14,11,1,59,512,2,1,1,3,"60, GUESDE (RUE JULES)",0.0,0.0
201400031002,15,4,14,15,1,59,512,2,1,1,7,"120, VERDUN (AVENUE DE)",0.0,0.0
201400031003,15,4,14,18,1,59,512,2,1,1,6,"182, ARTS (RUE DES)",0.0,0.0
201400031004,17,4,14,10,1,59,512,2,2,1,2,"223, LINNE ( AVENUE)",0.0,0.0
201400031005,18,4,14,11,1,59,163,2,1,1,6,FAVREUIL (RUE),0.0,0.0
201400031006,18,4,14,13,1,59,339,2,3,1,3,MICHELET (RUE),0.0,0.0
201400031007,22,4,14,12,1,59,512,2,3,1,1,"34, DUNANT (RUE HENRI)",0.0,0.0
201400031008,22,4,14,14,1,59,512,2,1,1,6,SEBASTOPOL (RUE DE),0.0,0.0
201400031009,22,4,14,14,1,59,512,2,2,1,1,"2, DE ROUBAIX (RUE PIERR",0.0,0.0
201400031010,23,4,14,17,1,59,512,2,1,1,2,"0, FOCH (RUE DU MARECHAL",0.0,0.0
201400031011,24,4,14,10,1,59,163,2,2,1,3,"69, BAUDIN (RUE)",0.0,0.0
201400031012,25,4,14,7,1,59,512,2,2,2,3,"1, GAND (QUAI DE)",0.0,0.0
201400031013,26,4,14,11,1,59,512,2,2,1,3,"1, ROCROI (RUE DE)",0.0,0.0
201400031014,2,5,14,7,1,59,650,2,1,2,3,LAINE (ROUTE DE LA),0.0,0.0
201400031015,3,5,14,17,1,59,512,2,2,1,2,GAND (QUAI DE),0.0,0.0
201400031016,3,5,14,19,1,59,512,2,1,1,2,NATIONS UNIES (AVENUE DE,0.0,0.0
201400031017,7,5,14,1,5,59,650,2,1,1,2,"161, DELECOURT (RUE ALFR",0.0,0.0
201400031018,7,5,14,17,1,59,512,2,1,1,3,"1, DE GAULLE (BOULEVARD",0.0,0.0
201400031019,19,4,14,21,2,59,367,2,1,9,2,TOUR EIFFEL (RUE DE LA),0.0,0.0
201400031020,9,5,14,21,1,59,512,2,2,1,3,METZ (BOULEVARD DE),0.0,0.0
201400031021,13,5,14,16,1,59,512,2,2,2,3,ORAN (RUE D'),0.0,0.0
201400031022,14,5,14,8,1,59,299,1,1,1,4,CD 700,0.0,0.0
201400031023,14,5,14,12,1,59,650,2,1,1,3,"169, TROIS PIERRES (RUE",0.0,0.0
201400031024,14,5,14,18,1,59,163,2,1,1,6,"21, FLANDRE (AVENUE DE)",0.0,0.0
201400031025,15,5,14,17,1,59,163,2,1,1,3,HEM (RUE D'),0.0,0.0
201400031026,19,5,14,18,1,59,163,2,5,1,3,"67, FLANDRE (AVENUE DE)",0.0,0.0
201400031027,21,5,14,14,1,59,512,2,1,8,6,"96, CHEMIN NEUF  (RUE DU",0.0,0.0
201400031028,21,5,14,15,1,59,512,2,2,2,6,FOSSE AUX CHENES  (AVENU,0.0,0.0
201400031029,19,5,14,9,1,59,339,2,1,1,6,"0, LEROY (RUE JOSEPH)",0.0,0.0
201400031030,22,5,14,19,1,59,512,2,1,1,6,"25, LEUZE (RUE DE)",0.0,0.0
201400031031,22,5,14,21,2,59,646,1,1,1,6,"16, LEMIRE (RUE DE L'ABB",0.0,0.0
201400031032,24,5,14,12,1,59,512,2,1,1,5,"84, MONTESQUIEU (BOULEVA",0.0,0.0
201400031033,25,5,14,9,1,59,650,2,1,1,1,"0, ESTAIMPUIS (RUE D')",0.0,0.0
201400031034,27,5,14,2,5,59,512,2,1,1,6,GAMBETTA ( BOULEVARD),0.0,0.0
201400031035,27,5,14,17,1,59,512,2,2,1,3,LAGACHE (AVENUE JULIEN),0.0,0.0
201400031036,31,5,14,21,1,59,367,2,1,1,6,"25, VERT PRE (RUE DU)",0.0,0.0
201400031037,4,6,14,8,1,59,512,2,2,2,6,GAMBETTA (BOULEVARD),0.0,0.0
201400031038,5,6,14,5,2,59,512,2,3,2,3,"79, GRANDE  RUE",0.0,0.0
201400031039,6,6,14,10,1,59,646,2,2,1,1,MARNE (AVENUE DE LA),0.0,0.0
201400031040,7,6,14,11,1,59,512,2,1,1,6,"585, LANNOY (RUE DE )",0.0,0.0
201400031041,9,6,14,8,1,59,512,2,2,1,3,JOUFFROY (RUE),0.0,0.0
201400031042,10,6,14,8,1,59,650,2,2,1,6,PATRIOTES (RUE DES),0.0,0.0
201400031043,10,6,14,18,1,59,163,2,2,1,3,FAVREUIL (RUE),0.0,0.0
201400031044,10,6,14,19,1,59,646,2,1,1,1,HAUT VINAGE (RUE DU),0.0,0.0
201400031045,11,6,14,7,1,59,646,2,4,1,6,"6, REPUBLIQUE (PLACE DE",0.0,0.0
201400031046,12,6,14,7,1,59,650,2,1,1,2,"501, MONT A LEUX (RUE DU",0.0,0.0
201400031047,17,6,14,23,5,59,512,2,1,8,6,"17, DANEMARK (RUE DU)",0.0,0.0
201400031048,19,6,14,17,1,59,650,2,1,1,6,DELVAINQUIERE (PLACE JEA,0.0,0.0
201400031049,19,6,14,18,1,59,299,2,3,1,3,"199, DE GAULLE (AVENUE C",0.0,0.0
201400031050,22,6,14,19,1,59,512,2,1,1,6,"84, DENAIN (RUE DE)",0.0,0.0
201400031051,24,6,14,7,1,59,512,2,1,1,6,"., COQ FRANCAIS (RUE DU)",0.0,0.0
201400031052,24,6,14,13,1,59,299,2,2,1,3,"1, CLEMENCEAU (BOULEVARD",0.0,0.0
201400031053,24,6,14,21,1,59,650,2,1,1,5,PHILIPPOT (RUE GEORGES),0.0,0.0
201400031054,27,6,14,14,1,59,512,2,1,1,6,"3, REIMS (BOULEVARD DE)",0.0,0.0
201400031055,1,7,14,8,1,59,512,2,1,1,6,"156, GAMBETTA ( BOULEVAR",0.0,0.0
201400031056,1,7,14,10,1,59,512,2,1,1,6,"1, FOSSE AUX CHENES (PLA",0.0,0.0
201400031057,4,7,14,15,1,59,512,2,1,1,6,"56, GRANDE RUE",0.0,0.0
201400031058,7,7,14,17,1,59,512,2,1,1,6,"128, REGNAULT (RUE HENRI",0.0,0.0
201400031059,9,7,14,10,1,59,512,2,3,3,6,"45, GRAND CHEMIN (RUE DU",0.0,0.0
201400031060,12,7,14,14,1,59,163,2,1,1,3,GARE (RUE DE LA),0.0,0.0
201400031061,13,7,14,18,1,59,512,2,1,1,6,"67, MICHELET (RUE JULES)",0.0,0.0
201400031062,14,7,14,13,1,59,163,2,2,1,6,"21, FLANDRE (AVENUE DE)",0.0,0.0
201400031063,13,7,14,19,1,59,512,2,1,1,3,GAMBETTA ( BOULEVARD),0.0,0.0
201400031064,18,7,14,9,1,59,163,2,1,1,2,"., FLANDRE (AVENUE DE)",0.0,0.0
201400031065,19,7,14,1,3,59,512,2,1,2,6,"4BIS, ALSACE (AVENUE D')",0.0,0.0
201400031066,20,7,14,13,1,59,646,2,2,1,5,"85, FLANDRE (AVENUE DE)",0.0,0.0
201400031067,19,7,14,14,1,59,512,2,1,1,2,"1, HOSPICE (RUE DE L')",0.0,0.0
201400031068,23,7,14,9,1,59,650,2,2,1,3,"., LONDRES (RUE DE)",0.0,0.0
201400031069,25,7,14,9,1,59,650,2,1,1,3,GUESDE (RUE JULES),0.0,0.0
201400031070,28,7,14,23,5,59,646,2,2,1,3,BRIAND (RUE ARISTIDE),0.0,0.0
201400031071,30,7,14,18,1,59,646,2,5,1,5,MARNE (AVENUE DE LA),0.0,0.0
201400031072,2,8,14,17,1,59,512,2,2,1,3,"1, VERDUN (AVENUE DE)",0.0,0.0
201400031073,3,8,14,11,1,59,512,2,2,1,3,"76, GUESDE (RUE JULES)",0.0,0.0
201400031074,2,8,14,20,1,59,512,2,2,1,6,"., INKERMANN (RUE D')",0.0,0.0
201400031075,5,8,14,17,1,59,512,2,1,1,3,"23, DELORY  (AVENUE GUST",0.0,0.0
201400031076,6,8,14,18,1,59,299,1,6,1,2,DELACROIX (AVENUE HENRI),0.0,0.0
201400031077,9,8,14,7,1,59,163,2,1,1,6,"95, FLANDRE (AVENUE DE)",0.0,0.0
201400031078,10,8,14,18,1,59,646,2,1,2,6,"1, MARNE (AVENUE DE LA)",0.0,0.0
201400031079,14,8,14,16,1,59,299,2,1,1,3,VIEUX CIVRON (RUE DU),0.0,0.0
201400031080,15,8,14,6,5,59,512,2,3,1,6,NATIONS UNIES (AVENUE DE,0.0,0.0
201400031081,20,8,14,13,1,59,512,2,2,1,3,"225, GUESDE (RUE JULES)",0.0,0.0
201400031082,21,8,14,15,1,59,512,2,1,1,7,KENNEDY (AVENUE DU PRESI,0.0,0.0
201400031083,22,8,14,17,1,59,650,2,1,1,6,"9, BLUM (RUE LEON)",0.0,0.0
201400031084,23,8,14,18,1,59,646,2,9,2,2,"30, FLANDRE (AVENUE DE)",0.0,0.0
201400031085,27,8,14,12,1,59,512,2,3,1,3,NATIONS UNIES (AVENUE DE,0.0,0.0
201400031086,28,8,14,9,1,59,512,2,2,1,3,"9, FABRICANTS (RUE DES)",0.0,0.0
201400031087,29,8,14,16,1,59,512,2,1,1,2,"8, BEAUREPAIRE (BOULEVAR",0.0,0.0
201400031088,30,8,14,1,5,59,512,2,2,1,4,EPEULE  (RUE DE L'),0.0,0.0
201400031089,30,8,14,11,1,59,299,2,1,2,6,CALMETTE (AVENUE),0.0,0.0
201400031090,31,8,14,12,1,59,299,2,2,1,7,"1, MARNE (AVENUE DE)",0.0,0.0
201400031091,1,9,14,14,1,59,512,2,1,1,6,"159, GAMBETTA ( BOULEVAR",0.0,0.0
201400031092,7,9,14,19,1,59,163,2,1,1,6,DUTHOIT (RUE EUGENE),0.0,0.0
201400031093,8,9,14,13,1,59,650,2,1,1,2,"., EGALITE (BOULEVARD DE",0.0,0.0
201400031094,10,9,14,8,1,59,512,2,1,1,3,"32, SALENGRO  (AVENUE RO",0.0,0.0
201400031095,11,9,14,18,1,59,512,2,2,1,6,DELORY  (AVENUE GUSTAVE),0.0,0.0
201400031096,12,9,14,14,1,59,512,2,1,1,3,INGRES (RUE),0.0,0.0
201400031097,11,9,14,20,5,59,512,2,3,1,3,ALMA  (RUE DE L)',0.0,0.0
201400031098,13,9,14,16,1,59,650,2,3,1,6,"0, LISZT (RUE FRANZ)",0.0,0.0
201400031099,15,9,14,10,1,59,512,2,2,1,6,MOUVAUX (RUE DE),0.0,0.0
201400031100,15,9,14,18,1,59,512,2,1,1,6,GAMBETTA ( BOULEVARD),0.0,0.0
201400031101,16,9,14,13,1,59,512,2,1,1,3,"194, ALMA  (RUE DE L)'",0.0,0.0
201400031102,17,9,14,19,5,59,512,2,1,1,6,ROCROI (RUE DE),0.0,0.0
201400031103,19,9,14,17,1,59,512,2,1,1,3,"18, ROLLIN (RUE)",0.0,0.0
201400031104,20,9,14,17,1,59,650,2,2,1,3,"0, EGALITE (BOULEVARD DE",0.0,0.0
201400031105,20,9,14,8,1,59,512,2,1,1,6,LE NOTRE (AVENUE),0.0,0.0
201400031106,24,9,14,15,1,59,512,2,1,3,4,LEERS (RUE DE),0.0,0.0
201400031107,24,9,14,16,1,59,512,2,6,1,3,MOTTE (AVENUE ALFRED),0.0,0.0
201400031108,25,9,14,13,1,59,512,2,2,1,5,"265, GUESDE (RUE JULES)",0.0,0.0
201400031109,25,9,14,16,1,59,163,2,1,1,2,"210, VERTE (RUE)",0.0,0.0
201400031110,3,9,14,13,1,59,512,2,1,1,3,LINNE (AVENUE),0.0,0.0
201400031111,28,9,14,17,1,59,512,2,1,1,3,"1, GUESDE (RUE JULES)",0.0,0.0
201400031112,30,9,14,9,1,59,339,2,1,1,6,"41, SALENGRO (RUE ROGER)",0.0,0.0
201400031113,30,9,14,8,1,59,299,2,1,1,3,"1, PINAY (AVENUE ANTOINE",0.0,0.0
201400031114,1,10,14,15,1,59,299,2,3,1,3,LIONDERIE (RUE DE LA),0.0,0.0
201400031115,1,10,14,18,1,59,163,2,3,1,3,JAURES (RUE JEAN),0.0,0.0
201400031116,2,10,14,6,2,59,646,2,6,1,6,"1, GRAND COTTIGNIES (AVE",0.0,0.0
201400031117,2,10,14,13,1,59,512,2,2,1,3,", DUNKERQUE (QUAI DE)",0.0,0.0
201400031118,4,10,14,16,1,59,650,1,6,1,3,EUROZONE (ROND POINT DE,0.0,0.0
201400031119,8,10,14,0,5,59,512,2,1,1,6,"186, BEAUREPAIRE  (RUE D",0.0,0.0
201400031120,9,10,14,7,1,59,512,2,1,1,1,MULHOUSE (BOULEVARD DE),0.0,0.0
201400031121,9,10,14,13,1,59,512,2,3,1,3,PARC DES SPORTS (AVENUE,0.0,0.0
201400031122,9,10,14,15,1,59,163,2,4,1,3,"1, BRASSERIE (RUE DE LA)",0.0,0.0
201400031123,16,10,14,0,5,59,163,2,3,2,3,JAURES (RUE JEAN),0.0,0.0
201400031124,16,10,14,14,1,59,367,1,1,2,6,"116, GUESDE (RUE JULES)",0.0,0.0
201400031125,16,10,14,19,5,59,299,2,1,1,4,"169, DE GAULLE (AVENUE C",0.0,0.0
201400031126,17,10,14,13,1,59,367,2,3,1,3,"80, LEBAS (RUE JEAN BAPT",0.0,0.0
201400031127,17,10,14,13,1,59,646,2,1,1,6,CHAMPS (RUE DES),0.0,0.0
201400031128,17,10,14,19,5,59,512,2,1,1,6,"29, SAINT JEAN  (RUE)",0.0,0.0
201400031129,17,10,14,19,5,59,512,2,1,1,6,GRIMONPONT (QUAI DU),0.0,0.0
201400031130,19,10,14,10,1,59,339,2,2,1,3,"41, LECLERC (RUE DU MARE",0.0,0.0
201400031131,19,10,14,14,1,59,512,2,1,1,6,"38, DAMPIERRE (ME)",0.0,0.0
201400031132,21,10,14,14,1,59,512,2,2,1,3,NATIONS UNIES (AVENUE DE,0.0,0.0
201400031133,22,10,14,20,5,59,512,2,2,1,3,"94, DAUBENTON (RUE)",0.0,0.0
201400031134,22,10,14,20,5,59,512,2,2,1,3,CHEMIN NEUF (RUE DU),0.0,0.0
201400031135,25,10,14,17,1,59,512,2,1,1,3,"78, GRAND CHEMIN (RUE DU",0.0,0.0
201400031136,26,10,14,15,1,59,299,1,1,1,2,CD 700,0.0,0.0
201400031137,26,10,14,19,3,59,299,1,1,1,3,EUROPE (AVENUE DE L'),0.0,0.0
201400031138,27,10,14,18,2,59,512,2,1,1,6,"86, FOSSE AUX CHENES (AV",0.0,0.0
201400031139,27,10,14,20,5,59,512,2,1,1,3,"112, SAINT ANTOINE (RUE)",0.0,0.0
201400031140,28,10,14,14,1,59,512,2,1,1,6,"1, CUVIER (RUE)",0.0,0.0
201400031141,28,10,14,18,5,59,512,2,1,1,6,"1, LECLERC (BOULEVARD DU",0.0,0.0
201400031142,31,10,14,18,5,59,650,2,1,1,6,"71, SAINT VINCENT DE PAU",0.0,0.0
201400031143,3,11,14,9,1,59,512,2,2,1,3,"285, MACKELLERIE (RUE DE",0.0,0.0
201400031144,4,11,14,8,1,59,512,2,1,1,4,GAND (QUAI DE),0.0,0.0
201400031145,4,11,14,21,5,59,512,2,2,1,3,NOTTE (RUE JEAN BAPTISTE,0.0,0.0