Num_Acc,jour,mois,an,hr,condition_eclairage,departement,commune,condition_agglomeration,intersection,condition_atmosphere,type_collision,adresse,lattitude,longitude
201400031146,5,11,14,7,1,59,512,2,3,1,6,"117, GRANDE  RUE",0.0,0.0
201400031147,5,11,14,15,1,59,339,2,1,1,6,"13, HUGO (RUE VICTOR)",0.0,0.0
201400031148,5,11,14,21,5,59,512,2,2,1,3,"2, COLMAR (BOULEVARD DE)",0.0,0.0
201400031149,6,11,14,20,5,59,512,2,3,1,3,LANNOY (RUE DE ),0.0,0.0
201400031150,7,11,14,16,1,59,512,2,3,1,3,GRANDE  RUE,0.0,0.0
201400031151,8,11,14,0,5,59,163,2,2,2,3,HANNART (AVENUE GEORGES),0.0,0.0
201400031152,9,11,14,20,5,59,512,2,2,1,3,"284, FOURMIES (BOULEVARD",0.0,0.0
201400031153,10,11,14,7,1,59,512,2,1,1,6,"66, ALGER  (RUE D')",0.0,0.0
201400031154,12,11,14,19,5,59,646,2,3,1,3,JAURES (RUE JEAN),0.0,0.0
201400031155,13,11,14,9,1,59,512,2,3,1,3,"32, DELORY  (AVENUE GUST",0.0,0.0
201400031156,13,11,14,17,2,59,163,2,2,1,3,"170, JAURES (RUE JEAN)",0.0,0.0
201400031157,18,11,14,15,1,59,512,2,2,1,3,"9, FABRICANTS (RUE DES)",0.0,0.0
201400031158,20,11,14,8,1,59,512,2,1,1,6,VAILLANT (RUE EDOUARD),0.0,0.0
201400031159,21,11,14,2,5,59,650,1,6,1,7,"., EUROPE (ROND POINT DE",0.0,0.0
201400031160,21,11,14,8,1,59,650,2,1,1,6,"73, FOSSES (RUE DES)",0.0,0.0
201400031161,22,11,14,11,1,59,299,2,2,1,3,ECOLES (RUE DES),0.0,0.0
201400031162,26,11,14,16,5,59,646,2,1,2,2,"23, MARNE (AVENUE DE LA)",0.0,0.0
201400031163,27,11,14,9,1,59,646,2,1,1,6,"25, FLANDRE (AVENUE DE)",0.0,0.0
201400031164,27,11,14,14,1,59,339,2,1,1,3,"108, LECLERC (RUE DU MAR",0.0,0.0
201400031165,28,11,14,21,5,59,512,2,1,1,3,"28, PARC DES SPORTS (AVE",0.0,0.0
201400031166,29,11,14,22,5,59,512,1,1,1,5,"., DUNKERQUE (QUAI DE)",0.0,0.0
201400031167,30,11,14,14,1,59,163,2,3,5,3,ZOLA (BOULEVARD EMILE),0.0,0.0
201400031168,1,12,14,15,1,59,512,2,1,1,6,VERDUN (AVENUE DE),0.0,0.0
201400031169,1,12,14,16,1,59,646,2,5,1,4,"--, GRAND COTTIGNIES (AV",0.0,0.0
201400031170,2,12,14,17,5,59,512,2,1,2,6,"180, ALMA (RUE DE L')",0.0,0.0
201400031171,3,12,14,8,2,59,512,2,1,1,2,DUNKERQUE (QUAI DE),0.0,0.0
201400031172,5,12,14,14,1,59,512,2,2,2,6,"177, ALMA (RUE DE L')",0.0,0.0
201400031173,5,12,14,20,2,59,512,2,1,2,2,"108, ALGER  (RUE D')",0.0,0.0
201400031174,8,12,14,17,5,59,367,2,1,2,3,"1, GAMBETTA (RUE)",0.0,0.0
201400031175,8,12,14,18,3,59,646,2,6,2,6,TRIEZ (RUE DU),0.0,0.0
201400031176,8,12,14,21,5,59,512,2,2,2,1,"1, ALGER (RUE D')",0.0,0.0
201400031177,9,12,14,17,5,59,512,2,1,1,6,EPEULE  (RUE DE L'),0.0,0.0
201400031178,12,12,14,13,1,59,163,2,1,2,2,"0, VAILLANT (AVENUE EDOU",0.0,0.0
201400031179,12,12,14,19,5,59,512,2,1,1,3,LIBERTE (PLACE DE LA),0.0,0.0
201400031180,13,12,14,13,1,59,512,2,2,1,3,DROUOT (RUE),0.0,0.0
201400031181,18,12,14,8,2,59,650,2,1,2,6,"98, VOLTAIRE (RUE)",0.0,0.0
201400031182,18,12,14,18,5,59,512,2,2,1,1,"0, ARMENTIERES (BOULEVAR",0.0,0.0
201400031183,19,12,14,14,1,59,512,2,1,1,1,"7, MACKELLERIE (RUE DE L",0.0,0.0
201400031184,26,12,14,19,5,59,650,2,2,1,3,MENDES FRANCE (BOULEVARD,0.0,0.0
201400031185,23,12,14,12,1,59,512,2,2,1,3,NATIONS UNIES (AVENUE DE,0.0,0.0
201400031186,27,12,14,22,5,59,339,2,1,4,3,"., LECLERC (RUE DU MAREC",0.0,0.0
201400031187,28,12,14,12,1,59,512,2,1,7,6,"115, HOMMELET (RUE DE L'",0.0,0.0
201400031188,29,12,14,6,5,59,512,2,2,1,3,"98, EPEULE  (RUE DE L')",0.0,0.0
201400031189,26,6,14,8,1,59,526,2,1,1,6,DE LA WEMBERGUE,0.0,0.0
201400031190,18,6,14,11,1,59,526,2,1,1,6,"13, DE VALENCIENNES",0.0,0.0
201400031191,9,8,14,6,3,59,526,2,1,2,6,"0, ROUTE DE VALENCIENNES",0.0,0.0
201400031192,3,10,14,12,1,59,284,1,2,1,3,CD40,0.0,0.0
201400031193,3,10,14,16,1,59,526,2,1,1,6,"0, DU MOULIN BLANC",0.0,0.0
201400031194,24,10,14,13,1,59,526,2,1,2,1,HENRI DURRE,0.0,0.0
201400031195,22,11,14,19,3,59,526,2,1,1,7,DE LA CENSE AU BOIS,0.0,0.0
201400031196,7,1,14,7,2,59,599,2,1,1,6,GUERRE (RUE FIN DE LA),0.0,0.0
201400031197,10,1,14,11,1,59,152,2,1,7,6,FOCH (RUE DU MARECHAL),0.0,0.0
201400031198,10,1,14,13,1,59,352,2,1,1,6,"16, CASTELNAU (RUE)",0.0,0.0
201400031199,12,1,14,4,5,59,98,2,1,1,6,"3bis, BERSAULT (RUE)",0.0,0.0
201400031200,15,1,14,18,5,59,421,2,1,2,6,"6, CARNOT (BLD)DE 30A46-",0.0,0.0
201400031201,17,1,14,8,2,59,421,2,1,1,6,"., PRIEUX (SENTIER)",0.0,0.0
201400031202,16,1,14,20,5,59,599,2,1,8,2,"0, MOUVAUX (RUE DE)",0.0,0.0
201400031203,21,1,14,7,5,59,508,2,3,5,6,"91 TER, TOURCOING (RUE",0.0,0.0
201400031204,22,1,14,16,1,59,599,2,1,2,3,"9, BLANC SEAU (QUAI DU)",0.0,0.0
201400031205,22,1,14,17,2,59,599,2,1,2,6,"324, GAND (RUE DE)",0.0,0.0
201400031206,24,1,14,8,1,59,90,2,1,9,6,GAULLE (AVENUE DU GENERA,0.0,0.0
201400031207,24,1,14,8,1,59,421,2,1,8,6,"168, TOURCOING (RUE DE)",0.0,0.0
201400031208,27,1,14,17,5,59,426,2,1,2,2,"80, GAND (RUE DE)",0.0,0.0
201400031209,31,1,14,13,1,59,599,2,3,9,3,VOLTAIRE (RUE),0.0,0.0
201400031210,3,2,14,11,1,59,599,2,1,7,6,"2, NEUVE (RUE)",0.0,0.0
201400031211,4,2,14,8,2,59,421,2,3,1,3,"., MIRABEAU (RUE)",0.0,0.0
201400031212,11,2,14,8,1,59,279,2,1,1,1,RONCQ (BOULEVARD),0.0,0.0
201400031213,7,2,14,12,1,59,508,2,1,2,3,LILLE (RUE DE)LATERALE A,0.0,0.0
201400031214,21,2,14,20,5,59,599,2,1,1,6,"56, GAND (RUE DE)",0.0,0.0
201400031215,21,2,14,18,5,59,508,2,1,1,6,"579, LILLE (RUE DE)MENIN",0.0,0.0
201400031216,22,2,14,1,5,59,98,1,1,1,7,BOIS (RUE CEINGLES AU),0.0,0.0
201400031217,2,3,14,14,1,59,279,2,1,1,3,"58, STADE (AVENUE DU)",0.0,0.0
201400031218,9,3,14,18,1,59,90,2,1,1,3,"17 bis, RUE JEAN BAPTIST",0.0,0.0
201400031219,10,3,14,15,1,59,599,2,2,1,3,PAPIN (CHAUSSEE DENIS),0.0,0.0
201400031220,14,3,14,9,1,59,599,2,2,1,3,TOUQUET (RUE DU),0.0,0.0
201400031221,15,3,14,12,1,59,599,2,1,1,3,EGALITE (BOULEVARD DE L',0.0,0.0
201400031222,14,3,14,19,5,59,90,2,6,1,5,GAULLE (AVENUE DU GENER,0.0,0.0
201400031223,23,3,14,11,1,59,508,2,1,1,6,"351 TER, DRONCKAERT (RUE",0.0,0.0
201400031224,25,3,14,16,1,59,599,2,1,1,6,POMPIDOU (AVENUE GEORGES,0.0,0.0
201400031225,26,3,14,12,1,59,599,2,2,1,6,GAND (RUE DE),0.0,0.0
201400031226,26,3,14,20,5,59,599,2,1,1,6,GAND (RUE DE),0.0,0.0
201400031227,29,3,14,16,1,59,656,1,6,1,3,LINSELLES (RUE DE),0.0,0.0
201400031228,30,3,14,4,5,59,508,2,3,1,3,LATTE PROLONGEE (RUE DE,0.0,0.0
201400031229,10,4,14,12,1,59,599,2,3,1,6,PARIS (RUE DE),0.0,0.0
201400031230,11,4,14,15,1,59,599,2,1,1,6,"189, GUERRE (RUE FIN DE",0.0,0.0
201400031231,15,4,14,9,1,59,426,2,1,1,6,HUGO (RUE VICTOR),0.0,0.0
201400031232,9,4,14,16,1,59,599,2,1,1,6,"194, MENIN (RUE DE)",0.0,0.0
201400031233,17,4,14,14,1,59,599,2,1,1,6,ROUGE (RUE DE LA CROIX),0.0,0.0
201400031234,17,4,14,16,1,59,599,2,1,1,6,DHERIN (RUE CHARLES),0.0,0.0
201400031235,9,4,14,17,1,59,599,2,1,1,6,CLOCHE (RUE DE LA),0.0,0.0
201400031236,21,4,14,15,1,59,279,2,1,1,3,"276, LILLE (RUE DE)",0.0,0.0
201400031237,16,4,14,10,1,59,426,2,1,1,6,TOURCOING (RUE DE),0.0,0.0
201400031238,26,4,14,16,1,59,426,2,3,2,1,VERTUQUET (RUE DU),0.0,0.0
201400031239,27,4,14,12,1,59,599,2,2,1,7,HALOT (RUE DU),0.0,0.0
201400031240,3,5,14,15,1,59,421,2,2,1,3,CARNOT (BLD)DE 30A46-150,0.0,0.0
201400031241,15,5,14,15,1,59,152,2,1,1,6,WERWICQ (RUE DE),0.0,0.0
201400031242,16,5,14,12,1,59,90,2,1,1,2,GAULLE (AVENUE DU GENERA,0.0,0.0
201400031243,17,5,14,15,1,59,152,2,2,1,6,"1, GAULLE (PLACE DU GENE",0.0,0.0
201400031244,20,5,14,10,1,59,599,2,1,1,6,TOURNAI (RUE DE),0.0,0.0
201400031245,25,5,14,0,5,59,421,2,1,1,6,"332, LORTHIOIS (RUE)320A",0.0,0.0
201400031246,5,6,14,13,1,59,599,2,2,1,3,"187, BRUN PAIN (RUE DU)",0.0,0.0
201400031247,13,6,14,19,1,59,599,2,1,1,3,"30, CALMETTE (RUE ALBERT",0.0,0.0
201400031248,20,6,14,18,1,59,599,2,2,1,3,WATTINE (RUE CHARLES),0.0,0.0
201400031249,23,6,14,9,1,59,152,2,1,1,6,"92, WERVICQ (RUE DE)",0.0,0.0
201400031250,23,6,14,14,1,59,599,2,1,1,6,VARSOVIE (RUE DE),0.0,0.0
201400031251,1,7,14,8,1,59,352,1,2,1,3,"10, QUESNOY (RUE)",50.73019,3.05887
201400031252,4,7,14,17,1,59,599,2,1,1,3,CAMPAGNE (RUE MA),0.0,0.0
201400031253,11,7,14,23,5,59,279,2,1,1,6,BARBUSSE (RUE HENRI),0.0,0.0
201400031254,18,7,14,8,1,59,508,2,3,1,1,LILLE (RUE DE)MENIN A 8,0.0,0.0
201400031255,19,7,14,19,1,59,352,2,1,1,2,"37, VISCOURT (RUE)",0.0,0.0
201400031256,4,4,14,21,3,59,90,2,3,1,6,GAULLE (AVENUE DU GENERA,0.0,0.0
201400031257,26,7,14,19,1,59,599,2,1,1,3,FAIDHERBE (RUE ),0.0,0.0
201400031258,31,7,14,16,1,59,599,2,2,1,5,FROISSART (RUE JEAN),0.0,0.0
201400031259,2,8,14,14,1,59,426,1,3,7,3,"., RACCORDEMENT (VOIE DE",0.0,0.0
201400031260,3,8,14,7,1,59,599,2,2,1,3,"0, CARTIER (RUE JACQUES)",0.0,0.0
201400031261,20,8,14,13,1,59,599,2,1,1,6,"63, BRUN PAIN (RUE DU)",0.0,0.0
201400031262,24,8,14,17,1,59,279,1,9,1,3,"., NEUVILLE (ROUTE DE)",0.0,0.0
201400031263,28,8,14,21,5,59,98,2,1,1,1,"13, LINSELLES (RUE DE)",0.0,0.0
201400031264,3,9,14,16,1,59,599,2,1,1,4,FOREST (CHAUSSEE FERNAND,0.0,0.0
201400031265,4,9,14,9,1,59,599,2,1,1,6,"37, BRUN PAIN (RUE DU)",0.0,0.0
201400031266,5,9,14,23,5,59,599,2,1,1,6,FOREST (CHAUSSEE FERNAND,0.0,0.0
201400031267,6,9,14,17,1,59,90,1,3,1,6,SIX (ABBE)2A6-1A27 BIS,0.0,0.0
201400031268,8,9,14,10,1,59,599,2,2,1,6,"244, BRUN PAIN (RUE DU)",0.0,0.0
201400031269,25,9,14,14,1,59,152,1,1,1,2,DU GRAND PERNE (ROND POI,0.0,0.0
201400031270,30,9,14,13,1,59,599,2,2,1,3,YSER (RUE DE L'),0.0,0.0
201400031271,30,9,14,19,1,59,279,2,1,1,1,ZOLA (RUE EMILE),0.0,0.0
201400031272,3,10,14,7,2,59,599,2,1,1,3,MARNE (AVENUE DE LA),0.0,0.0
201400031273,1,10,14,17,1,59,279,2,1,1,7,"1, LYS (RUE DE LA)",0.0,0.0
201400031274,8,10,14,6,5,59,352,2,1,2,6,"0, VANRULLEN (RUE DES FR",0.0,0.0
201400031275,9,10,14,17,1,59,599,2,1,1,3,"218, EGALITE (BOULEVARD",0.0,0.0
201400031276,19,10,14,17,1,59,421,2,1,1,6,PREVOST (RUE PIERRE),0.0,0.0
201400031277,23,10,14,7,5,59,599,2,1,1,1,RETROUVAILLES (RUE DES),0.0,0.0
201400031278,30,10,14,17,3,59,426,2,3,1,3,RONCQ (ROUTE),0.0,0.0
201400031279,7,11,14,12,1,59,90,2,1,8,2,GAULLE (AVENUE DU GENERA,0.0,0.0
201400031280,19,11,14,21,5,59,152,2,1,1,3,"21, REPUBLIQUE (RUE DE L",0.0,0.0
201400031281,19,11,14,17,2,59,279,2,1,1,6,LILLE (RUE DE),0.0,0.0
201400031282,23,11,14,20,5,59,599,2,1,2,3,LEVANT (RUE DU),0.0,0.0
201400031283,24,11,14,17,2,59,508,2,1,1,1,"17, BRIQUETERIE (RUE DE",0.0,0.0
201400031284,27,11,14,12,1,59,279,2,2,7,6,"1, MARTEL (RUE DES FRERE",0.0,0.0
201400031285,30,11,14,7,5,59,599,2,1,5,7,MARNE (AVENUE DE LA),0.0,0.0
201400031286,27,12,14,9,1,59,599,2,1,2,6,CHANZY (RUE),0.0,0.0
201400031287,28,12,14,12,1,59,599,2,1,9,6,"143, DUNKERQUE (RUE DE)",0.0,0.0
201400031288,10,1,14,15,1,59,606,2,1,1,6,"1, SENATEUR GIRARD (AVEN",0.0,0.0
201400031289,13,1,14,20,5,59,459,2,9,1,6,"00, ZAC AUCHAN",0.0,0.0
201400031290,16,1,14,15,1,59,606,2,1,1,6,"0, REPUBLIQUE (PLACE DE",0.0,0.0
201400031291,15,1,14,19,5,59,606,2,1,1,6,WATTEAU (BOULEVARD),0.0,0.0
201400031292,20,1,14,8,1,59,606,2,6,1,6,"00, MAGALOTTI (RUE)",0.0,0.0
201400031293,24,1,14,9,1,59,160,1,1,1,1,"00, THIVENCELLE (ROUTE D",0.0,0.0
201400031294,28,1,14,18,5,59,491,2,1,1,6,"00, SALENGRO (RUE ROGER)",0.0,0.0
201400031295,20,1,14,7,2,59,112,2,1,1,6,"00, ZOLA (RUE EMILE)",0.0,0.0
201400031296,9,2,14,3,5,59,491,2,1,1,6,"95, SALENGRO (RUE ROGER)",0.0,0.0
201400031297,6,2,14,14,1,59,606,2,1,3,6,"00, REPUBLIQUE (PLACE DE",0.0,0.0
201400031298,22,1,14,17,5,59,613,2,1,1,6,"0, RD 50",0.0,0.0
201400031299,22,1,14,8,1,59,606,2,1,1,6,"245, DENAIN (AVENUE DE)",0.0,0.0
201400031300,2,2,14,0,5,59,606,2,1,1,6,"01, GAMBETTA (RUE)",0.0,0.0
201400031301,7,2,14,7,2,59,606,2,1,1,6,"230, DESANDROUIN (AV) -",0.0,0.0
201400031302,20,2,14,21,5,59,27,2,1,9,6,"48, BOTSARRON (RUE GILBE",0.0,0.0
201400031303,24,2,14,17,2,59,491,2,1,1,6,DUSART (RUE LEOPOLD),0.0,0.0
201400031304,14,1,14,11,1,59,606,2,3,1,6,"00, DENAIN (AVENUE DE)",0.0,0.0
201400031305,15,2,14,10,1,59,603,2,1,1,6,"24, JAURES (RUE JEAN)",0.0,0.0
201400031306,16,2,14,18,5,59,14,2,2,1,6,"00, FRANCE (AVENUE ANATO",0.0,0.0
201400031307,22,2,14,17,1,59,79,2,3,1,3,"2, JAURES (RUE JEAN)",0.0,0.0
201400031308,23,3,14,14,1,59,491,2,1,1,1,"00, ERMITES (MONT DES)",0.0,0.0
201400031309,29,3,14,10,1,59,491,2,1,1,6,"00, DUSART (RUE LEOPOLD)",0.0,0.0
201400031310,1,4,14,17,1,59,112,2,1,1,6,"701, JAURES (RUE JEAN)",0.0,0.0
201400031311,1,4,14,17,1,59,32,1,3,1,3,"00, MOUSSERON (RUE JULES",0.0,0.0
201400031312,4,4,14,18,1,59,606,2,6,1,6,"00, MONS (RUE DE)",0.0,0.0
201400031313,11,4,14,13,1,59,459,2,6,1,6,"00, GALOIS (rue Evatrice",0.0,0.0
201400031314,12,4,14,6,5,59,383,2,1,1,6,"00, SAINT SAULVE (RUE DE",0.0,0.0
201400031315,6,4,14,21,5,59,606,2,6,1,6,"00, WINSTON CHURCHILL (P",0.0,0.0
201400031316,18,4,14,9,1,59,544,2,1,1,6,"1, SALENGRO (RUE ROGER)",0.0,0.0
201400031317,18,4,14,16,1,59,606,2,1,1,6,"1, ST-AMAND (AVENUE DE)",0.0,0.0
201400031318,11,4,14,17,1,59,606,2,1,1,2,"00, LOMPREZ (RUE)",0.0,0.0
201400031319,18,4,14,8,1,59,14,2,1,1,6,"00, ESCAUT (RUE DE L')",0.0,0.0
201400031320,24,4,14,11,1,59,606,2,1,1,6,"00, SALY (BOULEVARD)",0.0,0.0
201400031321,26,4,14,23,5,59,606,2,1,1,6,"0, PARIS (RUE DE)",0.0,0.0
201400031322,7,5,14,12,1,59,606,2,2,1,6,"00, DAMPIERRE (AVENUE)",0.0,0.0
201400031323,7,5,14,15,1,59,606,2,1,1,6,"100, FAMARS (RUE DE)",0.0,0.0
201400031324,25,4,14,13,1,59,606,2,1,1,6,"00, ARC (RUE JEANNE D')",0.0,0.0
201400031325,19,5,14,9,1,59,606,2,1,1,6,"37, SALY (BOULEVARD)",0.0,0.0
201400031326,8,3,14,16,1,59,14,2,3,1,6,"00, JONAS (RUE LUCIEN)",0.0,0.0
201400031327,19,5,14,15,1,59,447,2,1,1,6,"42, SALENGRO (RUE ROGER)",0.0,0.0
201400031328,10,4,14,18,1,59,369,1,1,1,6,"00, CAUMONT (RUE DU FOND",0.0,0.0
201400031329,23,5,14,13,1,59,14,2,2,1,6,"00, FRANCE (AVENUE ANATO",0.0,0.0
201400031330,1,5,14,14,1,59,369,2,1,1,6,"00, RD 40",0.0,0.0
201400031331,22,2,14,21,5,59,606,2,1,1,6,"00, VILLARS (AVENUE)",0.0,0.0
201400031332,6,6,14,5,2,59,603,2,1,1,6,"0, GUESDE (RUE JULES)",0.0,0.0
201400031333,8,6,14,11,1,59,484,2,1,1,6,"00, HAUTS BOIS (RESIDENC",0.0,0.0
201400031334,23,5,14,17,1,59,479,2,1,1,1,"135, GAMBETTA (RUE)",0.0,0.0
201400031335,14,6,14,6,1,59,606,2,1,1,6,"92, QUINT (RUE CHARLES)",0.0,0.0
201400031336,14,6,14,15,1,59,603,1,3,1,3,DELORY (RUE GUSTAVE),0.0,0.0
201400031337,21,6,14,22,5,59,606,2,6,1,3,"00, POMPIDOU (AVENUE GEO",0.0,0.0
201400031338,15,4,14,17,1,59,606,2,3,1,6,"00, CONDE (AVENUE DE)",0.0,0.0
201400031339,5,5,14,9,1,59,491,2,1,1,2,"448, DURRE (RUE HENRI)",0.0,0.0
201400031340,23,6,14,14,1,59,606,2,6,1,6,"00, CANADA (PLACE DU)",0.0,0.0
201400031341,25,6,14,19,2,59,564,2,1,2,2,"00, JAURES (AVENUE JEAN)",0.0,0.0
201400031342,28,6,14,17,1,59,613,2,9,3,6,"0, RD 50",0.0,0.0
201400031343,4,7,14,17,1,59,557,2,3,1,3,"00, POSTES (CHEMIN DES)",0.0,0.0
201400031344,7,7,14,12,1,59,484,2,1,1,2,"563, JAURES (AVENUE JEAN",0.0,0.0
201400031345,8,7,14,18,1,59,606,2,3,1,6,"00, DOUANE (RUE DE LA)",0.0,0.0
201400031346,10,7,14,18,1,59,606,2,1,1,6,"00, MAGALOTTI (RUE)",0.0,0.0
201400031347,15,7,14,0,3,59,544,1,1,1,6,"00, RD 935 N",0.0,0.0
201400031348,16,7,14,16,1,59,491,2,1,1,6,"176, JAURES (RUE JEAN)",0.0,0.0
201400031349,23,5,14,12,1,59,606,2,1,1,6,"38, DURRE (RUE HENRI)",0.0,0.0
201400031350,20,7,14,0,5,59,606,2,1,2,6,"104bis, DENAIN (AVENUE D",0.0,0.0
201400031351,20,7,14,16,1,59,491,2,1,1,6,"00, CHATEAU DE LA PRINCE",0.0,0.0
201400031352,21,7,14,17,1,59,606,2,3,1,6,"0, LEVASSEUR (RUE ROSALI",0.0,0.0
201400031353,21,7,14,20,1,59,606,2,1,1,6,"00, LECREUX (PLACE NICOL",0.0,0.0
201400031354,23,7,14,16,1,59,606,2,1,1,4,"23, DAMPIERRE (AVENUE)",0.0,0.0
201400031355,24,7,14,9,1,59,112,2,1,1,6,"5, JAURES (RUE JEAN)",0.0,0.0
201400031356,1,8,14,19,1,59,606,2,1,1,6,"00, POILUS (RUE DES)",0.0,0.0
201400031357,4,8,14,11,1,59,484,2,2,1,6,"00, JAURES (AVENUE JEAN)",0.0,0.0
201400031358,12,8,14,21,2,59,14,2,1,1,6,"20, PARIS (RUE DE)",0.0,0.0
201400031359,16,8,14,15,1,59,32,2,3,1,3,"4, LIBERATION (AVENUE DE",0.0,0.0
201400031360,17,8,14,4,5,59,32,2,1,1,6,"23, FELEINE (RUE DE)",0.0,0.0
201400031361,19,8,14,9,1,59,606,2,3,1,3,"94, SPORTS (AVENUE DES)",0.0,0.0
201400031362,23,8,14,5,2,59,383,2,6,1,6,"0, PRESEAU (ROUTE DE)",0.0,0.0
201400031363,23,8,14,18,1,59,479,2,1,1,6,"0, JAURES (AVENUE JEAN)",0.0,0.0
201400031364,26,8,14,21,5,59,14,2,1,8,6,"54, SAINT WAAST (RUE DE)",0.0,0.0
201400031365,28,8,14,18,1,59,564,1,1,1,6,RN 30,0.0,0.0
201400031366,4,9,14,11,1,59,606,2,6,1,6,"00, AMSTERDAM (AVENUE D'",0.0,0.0
201400031367,9,9,14,15,1,59,606,2,1,1,6,"19, ALBERT 1ER (AVENUE)",0.0,0.0
201400031368,17,9,14,12,1,59,606,2,3,1,3,"24, VERDUN (AVENUE DE)",0.0,0.0
201400031369,18,9,14,15,1,59,491,2,3,1,3,"0, DURRE (RUE HENRI)",0.0,0.0
201400031370,18,9,14,22,5,59,606,2,1,1,2,"74, SPORTS (AVENUE DES)",0.0,0.0
201400031371,21,9,14,0,5,59,459,2,1,1,6,ZAC AUCHAN,0.0,0.0
201400031372,19,9,14,9,1,59,14,2,1,1,6,"25, CAPLIEZ (COUR) - 8 R",0.0,0.0
201400031373,3,10,14,17,1,59,606,2,1,1,1,MAGALOTTI (RUE),0.0,0.0
201400031374,3,10,14,15,1,59,606,2,1,1,6,"93, DENAIN (AVENUE DE)",0.0,0.0
201400031375,10,10,14,15,1,59,606,2,2,1,6,"00, THOLOZE (RUE)",0.0,0.0
201400031376,11,10,14,15,1,59,606,2,1,1,6,"165, CHAUFFOUR (RUE DU)",0.0,0.0
201400031377,15,10,14,12,1,59,606,2,1,1,6,"0, 127 EME R.I. (RUE DU)",0.0,0.0
201400031378,17,10,14,17,1,59,14,2,3,1,3,HUGO (RUE VICTOR),0.0,0.0
201400031379,21,10,14,5,3,59,557,1,1,1,6,"0, RN 49",0.0,0.0
201400031380,21,10,14,11,1,59,491,2,1,1,6,RD 70,0.0,0.0
201400031381,30,10,14,23,5,59,491,2,3,1,6,SALENGRO (RUE ROGER),0.0,0.0
201400031382,3,11,14,17,1,59,32,1,1,1,2,"00, RD 958",0.0,0.0
201400031383,3,11,14,19,5,59,491,2,1,1,6,"00, DURRE (RUE HENRI)",0.0,0.0
201400031384,3,11,14,19,5,59,79,2,1,1,6,"00, HUIT MAI 1945 (RUE D",0.0,0.0
201400031385,6,11,14,15,1,59,606,2,1,1,6,"00, ALLIES (BOULEVARD DE",0.0,0.0
201400031386,6,11,14,20,5,59,160,2,3,1,6,DEPORTES (RUE DES),0.0,0.0
201400031387,2,11,14,19,5,59,606,2,6,1,3,"00, ST-AMAND (AVENUE DE)",0.0,0.0
201400031388,7,11,14,18,5,59,383,2,1,2,6,"00, CARPENTIER (RUE OSCA",0.0,0.0
201400031389,10,11,14,11,1,59,383,1,1,1,5,RD 75,0.0,0.0
201400031390,10,11,14,13,1,59,606,2,1,1,6,"00, DESANDROUIN (AV) - S",0.0,0.0
201400031391,14,11,14,18,5,59,491,2,1,2,6,"153, JAURES (RUE JEAN)",0.0,0.0
201400031392,14,11,14,22,3,59,515,2,1,1,6,PRISE D'EAU (LIEU-DIT LA,0.0,0.0
201400031393,15,11,14,10,1,59,484,2,1,1,6,"126, JAURES (AVENUE JEAN",0.0,0.0
201400031394,14,11,14,13,1,59,606,2,6,1,6,VILLARS (AVENUE),0.0,0.0
201400031395,20,11,14,2,5,59,606,2,1,1,6,"00, DUNKERQUE (AVENUE DE",0.0,0.0
201400031396,20,11,14,21,5,59,479,2,1,1,6,"67, PASTEUR (RUE)",0.0,0.0
201400031397,22,11,14,11,1,59,369,2,2,1,3,"0, RD 40",0.0,0.0
201400031398,23,11,14,5,5,59,603,2,1,1,1,"0, RD 59",0.0,0.0
201400031399,26,11,14,11,1,59,491,2,1,1,6,"00, DURRE (RUE HENRI)",0.0,0.0
201400031400,27,11,14,18,5,59,447,2,2,1,6,GIRAUD (RUE CHARLES),0.0,0.0
201400031401,1,12,14,17,1,59,544,2,6,1,6,RD 75,0.0,0.0
201400031402,5,12,14,18,5,59,14,2,1,1,6,"91, ROUSSEAU (RUE WALDEC",0.0,0.0
201400031403,30,11,14,5,5,59,606,2,1,1,6,"00, BOURGEOIS (CHEMIN DE",0.0,0.0
201400031404,10,12,14,7,5,59,160,2,1,1,6,"00, TRAVERSIERE (RUE)",0.0,0.0
201400031405,10,12,14,18,1,59,606,2,1,1,4,"00, ST-AMAND (AVENUE DE)",0.0,0.0
201400031406,11,12,14,8,2,59,14,2,1,1,6,"00, SPORTS (AVENUE DES)",0.0,0.0
201400031407,8,12,14,11,1,59,484,2,1,1,6,"11, MINE (RUE DE LA)",0.0,0.0
201400031408,9,12,14,8,1,59,447,1,1,9,1,"00, THIERS (ROUTE DE)",0.0,0.0
201400031409,12,12,14,17,5,59,447,2,1,2,6,"00, PARMENTIER (RUE)",0.0,0.0
201400031410,17,12,14,11,1,59,369,2,1,1,6,"54, SALENGRO (RUE ROGER)",0.0,0.0
201400031411,19,12,14,8,1,59,544,2,1,1,6,"00, JAURES (RUE JEAN)",0.0,0.0
201400031412,19,12,14,11,1,59,14,2,3,1,6,"00, BEAULIEUX (RUE DU SO",0.0,0.0
201400031413,25,12,14,1,5,59,606,2,2,1,6,"00, POMPIDOU (AVENUE GEO",0.0,0.0
201400031414,30,12,14,14,1,59,79,2,1,1,3,POILUS (RUE DES),0.0,0.0
201400031415,14,2,14,13,1,68,112,2,1,1,6,rue du 4 F?vrier,47.90555,7.21462
201400031416,6,4,14,15,1,68,188,1,1,1,7,,47.93979,7.06389
201400031417,18,5,14,19,1,68,274,1,1,1,7,,47.90024,7.13874
201400031418,7,6,14,14,1,68,188,1,1,1,3,,47.93837,7.06886
201400031419,21,6,14,16,1,68,112,2,3,1,3,Rue Théodore DECK,47.9129,7.20478
201400031420,29,6,14,5,2,68,58,1,1,3,6,,47.9246,7.1962
201400031421,21,8,14,10,1,68,112,2,1,1,7,09 Quartier L?o Lagrange,47.90058,7.21772
201400031422,25,9,14,16,1,68,112,2,1,1,6,RUE ALBERT SCHWEITZER,47.91066,7.21186
201400031423,28,5,14,14,1,68,343,1,1,7,1,,47.88282,7.30935