Num_Acc,jour,mois,an,hr,condition_eclairage,departement,commune,condition_agglomeration,intersection,condition_atmosphere,type_collision,adresse,lattitude,longitude
201400031424,2,7,14,16,1,68,156,1,3,1,6,,47.9023,7.25425
201400031425,6,7,14,15,1,68,315,2,1,1,3,16 route de Guebwiller,47.89755,7.22194
201400031426,28,7,14,7,1,68,315,1,6,1,6,,47.8724,7.24709
201400031427,13,8,14,13,1,68,112,2,4,1,1,all?e des pr?s,47.89786,7.22474
201400031428,10,9,14,8,1,68,315,1,1,1,2,,47.89853,7.23338
201400031429,22,9,14,15,1,68,315,2,1,1,6,route de GUEBWILLER,47.8964,7.22301
201400031430,29,9,14,17,1,68,359,1,1,1,6,,47.82992,7.21824
201400031431,29,10,14,10,1,68,32,1,3,1,1,,47.83306,7.22348
201400031432,7,3,14,8,1,43,40,1,1,1,6,HTEUR LE MOULIN DARDELIN,45.2914,3.4053
201400031433,7,3,14,11,1,43,40,2,1,1,6,18 BOULEVARD DESAIX,45.2939,3.38012
201400031434,24,4,14,23,3,43,188,1,1,1,1,,45.1375,3.59879
201400031435,31,7,14,18,1,43,74,1,4,1,1,RUE DU BREUIL,0.0,0.0
201400031436,12,8,14,9,1,43,40,2,1,1,6,RUE DE LA GAZELLE,0.0,0.0
201400031437,21,1,14,7,1,41,194,2,1,1,6,194 ROUTE DU 08 MAI,47.361,1.735
201400031438,27,1,14,18,5,41,194,2,1,1,3,ROUTE DE GY,47.363,1.713
201400031439,14,2,14,5,3,41,185,1,1,2,1,la goinfrerie,47.374,1.691
201400031440,29,4,14,19,1,41,194,2,2,1,3,R.J.GUESDES/R papillons,47.356,1.75
201400031441,27,6,14,14,1,41,194,2,1,1,5,Avenue de Paris,47.374,1.736
201400031442,20,9,14,17,1,41,157,1,1,8,6,,47.413,1.614
201400031443,30,9,14,17,1,41,194,2,1,1,3,216 rue du 8 mai 1945,47.362,1.733
201400031444,18,10,14,14,1,41,140,1,1,1,3,,47.433,1.76
201400031445,29,10,14,13,1,41,194,2,1,1,5,carrefour St Roch,47.357,1.752
201400031446,1,12,14,16,1,41,194,1,1,2,5,lieu dit la noue,47.391,1.741
201400031447,7,12,14,7,2,41,282,1,1,5,6,,47.36,1.811
201400031448,7,1,14,18,5,41,150,2,1,1,6,RUE NATIONALE,47.562,1.456
201400031449,14,2,14,13,1,41,31,1,1,1,7,,47.553,1.395
201400031450,27,2,14,15,1,41,50,2,1,4,6,Route de Romorantin,47.502,1.462
201400031451,24,3,14,14,1,41,67,1,1,1,7,route de bracieux,47.516,1.473
201400031452,30,5,14,17,1,41,25,2,3,1,3,Rue de la bonn heure,47.55,1.549
201400031453,10,7,14,11,1,41,67,1,1,3,5,,47.517,1.442
201400031454,6,8,14,15,1,41,148,1,1,3,3,,47.643,1.426
201400031455,22,10,14,17,1,41,150,1,1,1,1,,47.567,1.44
201400031456,27,2,14,13,1,60,57,2,1,1,6,"9, CLEMENCEAU (PLACE)",0.0,0.0
201400031457,1,3,14,22,5,60,57,2,1,1,6,"39, FAUBOURG SAINT ANDRE",0.0,0.0
201400031458,20,3,14,8,1,60,57,2,2,1,3,COROT (AVENUE),0.0,0.0
201400031459,30,3,14,0,5,60,57,2,1,1,6,JEAN MERMOZ (AVENUE),0.0,0.0
201400031460,16,4,14,15,1,60,57,2,3,1,6,MONTAIGNE (AVENUE),0.0,0.0
201400031461,30,4,14,21,5,60,57,2,3,1,6,"1, SAINT ANDRE (BOULEVAR",0.0,0.0
201400031462,16,5,14,21,5,60,57,2,1,1,3,"1, ALLENDE SALVADOR (AVE",0.0,0.0
201400031463,19,5,14,7,1,60,57,1,1,1,1,ROCADE NORD,0.0,0.0
201400031464,29,5,14,20,2,60,57,2,2,1,1,"1, BERLIOZ HECTOR (RUE)",0.0,0.0
201400031465,30,5,14,17,1,60,57,2,1,1,3,"218, av marcel dassault",0.0,0.0
201400031466,1,6,14,6,2,60,57,1,1,1,7,"1, ROCADE NORD -NOTRE DA",0.0,0.0
201400031467,28,6,14,11,1,60,57,2,6,1,3,"01, CHAMPAGNE (AVENUE DE",0.0,0.0
201400031468,22,8,14,18,1,60,57,2,1,1,6,"19, GUI PATIN (RUE)",0.0,0.0
201400031469,14,10,14,16,1,60,57,2,2,1,3,"03, SALVADOR ALLENDE (AV",0.0,0.0
201400031470,13,10,14,7,5,60,57,2,1,2,3,"77, Jacques GODET",0.0,0.0
201400031471,20,12,14,11,1,60,57,2,1,1,6,"10, DESCARTES (AVENUE)",0.0,0.0
201400031472,12,12,14,8,2,60,57,2,1,1,6,"08, GENERAL DE GAULLE (B",0.0,0.0
201400031473,12,12,14,10,1,60,57,2,1,2,6,"6, TILLOY (RUE DU) > AVE",0.0,0.0
201400031474,20,12,14,16,1,60,57,2,1,1,6,"19, LUCIEN LAINE (RUE)",0.0,0.0
201400031475,16,3,14,16,1,22,311,2,1,1,1,la maison neuve,48.52482,-2.244
201400031476,20,4,14,2,3,22,317,1,1,1,6,COUAVRA,48.42474,-2.25786
201400031477,11,5,14,0,3,22,311,2,1,1,6,PAS DOSSIER GEO,48.55069,-2.23302
201400031478,26,7,14,16,1,22,172,1,3,1,3,,48.53747,-2.22426
201400031479,6,9,14,15,1,22,180,1,2,1,3,les quatre routes,48.4424,-2.2311
201400031480,14,9,14,15,1,22,172,1,3,1,3,,48.53747,-2.22424
201400031481,21,9,14,18,1,22,97,2,1,1,3,la tombe,48.43016,-2.17729
201400031482,10,10,14,13,1,22,49,1,2,1,1,la Pichardais,48.56409,-2.21303
201400031483,16,11,14,12,1,22,237,2,1,1,3,5 rue du stade,48.53068,-2.26248
201400031484,2,12,14,16,1,22,172,2,1,2,6,24 rue du pont,48.52236,-2.23413
201400031485,4,12,14,10,1,22,311,1,1,1,7,,48.56547,-2.24181
201400031486,19,12,14,8,4,22,48,2,9,3,6,rue de l'hotellerie,48.47943,-2.1598
201400031487,17,1,14,11,1,22,65,1,1,1,5,,48.61872,-3.0016
201400031488,10,3,14,16,1,22,121,1,2,1,2,,48.63606,-2.97885
201400031489,15,4,14,8,1,22,38,2,1,1,6,11 rue du général LECLER,48.54271,-2.97022
201400031490,3,5,14,20,1,22,177,1,1,1,6,ld le plessis,48.63273,-2.95448
201400031491,28,5,14,19,1,22,375,1,1,1,5,,48.62178,-2.97664
201400031492,6,6,14,23,3,22,182,1,1,1,3,,48.60368,-2.95636
201400031493,6,6,14,17,1,22,361,1,1,1,4,La Ribotée,48.60341,-2.9562
201400031494,18,7,14,23,5,22,121,1,6,1,1,rond point de ponlo,48.6336,-2.97679
201400031495,25,10,14,15,1,22,356,1,1,1,1,,48.5683,-2.89912
201400031496,4,11,14,19,3,22,182,1,2,8,3,le mourvet noir,48.54568,-2.94537
201400031497,17,12,14,11,1,22,234,1,1,2,1,,48.48187,-2.94835
201400031498,10,1,14,7,2,60,159,2,6,1,6,"8, NOYON (Rond point de)",0.0,0.0
201400031499,27,1,14,22,5,60,159,2,2,1,3,rue du president sorel,0.0,0.0
201400031500,31,1,14,19,5,60,159,2,1,8,6,"142, PARIS (DE)",0.0,0.0
201400031501,11,2,14,15,1,60,159,1,9,2,6,"154, rue des metiers",0.0,0.0
201400031502,12,2,14,17,1,60,159,2,1,2,2,,0.0,0.0
201400031503,12,2,14,22,5,60,159,2,6,1,6,BOUVINES (DE),0.0,0.0
201400031504,24,2,14,12,1,60,159,1,6,1,2,Rd 1031,0.0,0.0
201400031505,9,3,14,11,1,60,665,1,6,1,3,RN 1031,0.0,0.0
201400031506,2,4,14,17,1,60,159,2,3,1,3,EUROPE (AV.DE L'),0.0,0.0
201400031507,8,4,14,16,1,60,159,2,1,7,6,BAYARD (CLEMENT),0.0,0.0
201400031508,11,4,14,15,1,60,159,2,1,1,7,"09, CHANGE (RUE DU)",0.0,0.0
201400031509,12,4,14,15,1,60,665,1,1,1,4,RN 1031,0.0,0.0
201400031510,19,4,14,23,3,60,159,1,1,1,7,Route Nationale 31,0.0,0.0
201400031511,23,4,14,22,3,60,325,2,1,1,6,RD 1131,0.0,0.0
201400031512,6,5,14,9,1,60,159,2,7,2,6,DELATTRE DE TASSIGNY (AV,0.0,0.0
201400031513,7,5,14,8,1,60,159,2,6,1,2,ABBAYE (CARREFOUR DE L'),0.0,0.0
201400031514,7,6,14,16,1,60,159,1,1,1,7,ROYALLIEU (AV. DE),0.0,0.0
201400031515,22,6,14,19,1,60,159,2,1,1,3,"25, GUYNEMER (COURS)",0.0,0.0
201400031516,1,7,14,8,1,60,159,2,1,1,6,"59 bis, MARTYRS-DE-LA-LI",0.0,0.0
201400031517,11,7,14,14,1,60,159,2,1,2,6,"195, PARIS (DE)",0.0,0.0
201400031518,24,7,14,8,1,60,159,2,2,1,6,"5, COUTTOLENC (ROGER)",0.0,0.0
201400031519,13,9,14,15,1,60,159,1,3,1,3,D 130,0.0,0.0
201400031520,30,9,14,20,5,60,159,2,1,1,6,"1, DE-GAULLE (PLACE DU G",0.0,0.0
201400031521,11,10,14,19,1,60,159,2,1,1,6,"92 BIS, PARIS (DE)",0.0,0.0
201400031522,28,10,14,17,1,60,382,2,1,1,6,POINCARE (AV. RAYMOND),0.0,0.0
201400031523,5,11,14,22,3,60,159,1,1,1,6,Rd 1031,0.0,0.0
201400031524,10,11,14,17,3,60,159,2,3,1,3,"05, BOTTIER (HIPPOLYTE)",0.0,0.0
201400031525,11,11,14,9,1,60,159,1,6,7,2,D 973,0.0,0.0
201400031526,23,11,14,16,1,60,159,1,1,1,6,Route Nationale 31,0.0,0.0
201400031527,12,12,14,17,5,60,382,2,1,3,6,"117, BUTIN (AV. OCTAVE)",0.0,0.0
201400031528,13,12,14,6,5,60,159,2,1,1,6,"26, BATAILLON DE FRANCE",0.0,0.0
201400031529,13,12,14,6,5,60,159,1,6,2,6,SCHUMAN (CARREFOUR ROBER,0.0,0.0
201400031530,16,12,14,19,5,60,382,2,3,1,3,", POINCARE (AV. RAYMOND)",0.0,0.0
201400031531,18,12,14,13,1,60,159,1,1,8,6,D 973,0.0,0.0
201400031532,20,12,14,19,5,60,159,2,1,1,6,"140 BIS, PARIS (DE)",0.0,0.0
201400031533,2,12,14,10,1,60,159,2,2,1,6,"3, MAGENTA",0.0,0.0
201400031534,5,1,14,19,5,60,175,2,1,2,6,"10, MICHELET (RUE JULES)",0.0,0.0
201400031535,11,1,14,19,3,60,414,1,1,1,1,,0.0,0.0
201400031536,27,1,14,7,5,60,175,2,1,8,6,"128, JAURES (RUE JEAN)",0.0,0.0
201400031537,28,2,14,20,5,60,463,2,2,1,3,,0.0,0.0
201400031538,16,3,14,14,1,60,414,2,1,1,6,BLANC (RUE LOUIS),0.0,0.0
201400031539,1,4,14,17,1,60,463,2,3,1,3,VERDUN (RUE DE),0.0,0.0
201400031540,20,4,14,16,1,60,463,2,4,1,3,avenue de l europe,0.0,0.0
201400031541,25,4,14,4,3,60,175,1,1,8,6,RN 16_PONT ZONE DE VAUX_,49.254,3.45699
201400031542,1,5,14,17,1,60,414,2,1,1,6,"25, GOURNAY (RUE DE)",0.0,0.0
201400031543,7,5,14,19,1,60,414,2,1,1,3,CONDE (RUE DE),0.0,0.0
201400031544,25,5,14,16,1,60,175,2,1,1,2,ALLENDE (BOULEVARD SALVA,0.0,0.0
201400031545,30,5,14,17,1,60,175,2,3,1,3,RESISTANCE (RUE DE,0.0,0.0
201400031546,31,5,14,18,1,60,175,2,2,1,1,BRIAND (RUE ARISTIDE) NO,0.0,0.0
201400031547,3,6,14,20,1,60,175,2,1,1,6,BD salvador allende,0.0,0.0
201400031548,6,6,14,18,1,60,175,2,1,1,6,STEPHENSON (RUE GEORGES,0.0,0.0
201400031549,28,6,14,19,2,60,463,1,1,2,3,,0.0,0.0
201400031550,28,6,14,21,3,60,463,1,1,3,3,,0.0,0.0
201400031551,1,7,14,15,1,60,175,2,1,1,6,"17, DUGUE (PLACE ALBERT)",0.0,0.0
201400031552,1,9,14,7,1,60,175,1,1,1,2,RN 16_PONT ZONE DE VAUX_,0.0,0.0
201400031553,1,10,14,11,1,60,175,2,9,1,3,GENERAL DE GAULLE (RUE D,0.0,0.0
201400031554,8,10,14,18,1,60,601,2,6,2,6,"13, CHANUT (RUE ANTOINE)",0.0,0.0
201400031555,20,10,14,12,1,60,463,2,2,1,3,RD 200_VACHETTE EXCLUS_C,0.0,0.0
201400031556,23,10,14,17,1,60,175,2,1,1,7,"0.00, BERGSON (RUE HENRI",0.0,0.0
201400031557,13,10,14,7,2,60,175,1,1,2,1,RN16_CHANTILLY_CENTRE DE,0.0,0.0
201400031558,15,11,14,15,1,60,175,2,1,1,6,"12, MARECHAL DELATTRE DE",0.0,0.0
201400031559,13,11,14,18,3,60,175,2,2,1,5,"5250.00, RD 200_SUD",0.0,0.0
201400031560,29,11,14,16,1,60,175,2,2,1,3,"0.00, RAINETTE (RUE DE L",0.0,0.0
201400031561,28,11,14,19,3,60,175,1,1,1,1,RD 200_SUD,0.0,0.0
201400031562,27,4,14,2,3,84,88,1,1,2,6,,44.02201,5.05166
201400031563,23,8,14,15,1,84,88,1,1,1,3,,0.0,0.0
201400031564,15,9,14,7,2,84,88,2,1,1,6,950 route Mazan,44.00886,5.06756
201400031565,29,1,14,11,1,201,186,1,1,4,7,,41.82848,9.08843
201400031566,28,5,14,11,1,201,363,1,1,1,3,,41.73766,9.10699
201400031567,3,9,14,13,1,201,24,1,1,1,7,,41.8259,9.09824
201400031568,11,10,14,11,1,201,254,1,1,1,6,,41.814,9.249
201400031569,28,12,14,13,1,201,142,1,1,1,1,,0.0,0.0
201400031570,4,1,14,19,1,91,16,1,1,1,3,,0.0,0.0
201400031571,8,3,14,19,2,91,414,1,1,1,3,D18,0.0,0.0
201400031572,11,10,14,15,1,91,294,1,1,1,6,N20 Mondésir,0.0,0.0
201400031573,5,1,14,19,3,74,96,1,1,8,1,,0.0,0.0
201400031574,17,1,14,17,1,74,2,1,1,1,6,,0.0,0.0
201400031575,28,1,14,15,1,74,182,1,1,1,6,,0.0,0.0
201400031576,12,9,14,19,1,74,96,1,1,1,6,,0.0,0.0
201400031577,21,9,14,21,3,74,116,1,1,2,2,,0.0,0.0
201400031578,31,1,14,12,1,61,143,2,3,2,3,LAZARE CARNOT x MAURE,48.44706,0.07781
201400031579,10,2,14,7,5,61,143,1,1,5,6,MONTFOULON,48.44504,0.0634
201400031580,21,2,14,7,2,61,1,2,3,1,3,REPUBLIQUE  x  PIQUET,48.42886,0.0944
201400031581,6,3,14,10,1,61,497,1,1,1,7,FOURNEAUX (RUE DES ),48.45627,0.09128
201400031582,7,3,14,13,1,61,1,2,2,1,6,FRESNAY (RUE DE ),48.42665,0.0839
201400031583,6,5,14,12,1,61,1,2,1,1,6,QUAKENBRUCK (AVENUE DE),48.43203,0.09515
201400031584,10,5,14,5,5,61,77,2,1,1,7,1 RUE DE L INDUSTRIE,48.44835,0.11699
201400031585,18,5,14,2,3,61,497,1,1,1,7,D 500,48.46945,0.12776
201400031586,7,6,14,19,1,61,1,2,7,1,3,RUE BRETAGNE x PL FOCH,48.43069,0.08235
201400031587,24,6,14,16,1,61,1,2,1,1,6,149 BLD REPUBLIQUE,48.42332,0.08987
201400031588,21,6,14,10,1,61,117,1,1,1,6,L'ETANG,48.42331,0.01611
201400031589,7,8,14,19,1,61,397,2,2,1,3,KOUTIALA (BOULEVARD),48.42302,0.08082
201400031590,25,8,14,13,1,61,1,2,1,2,6,"16, PIERRE ET MARIE CURI",48.43714,0.10393
201400031591,28,8,14,10,1,61,1,2,3,1,3,LAZARE CARNOT (RUE),48.44474,0.09805
201400031592,6,9,14,22,5,61,1,2,3,1,1,REPUBLIQUE (BOULEVARD DE,48.42729,0.09306
201400031593,11,9,14,2,3,61,117,2,1,1,1,RD 521,48.42554,0.06129
201400031594,11,9,14,10,1,61,1,2,1,1,6,79 BLD DE LA REPUBLIQUE,48.42852,0.09413
201400031595,10,9,14,14,1,61,1,2,2,1,3,MANS (RUE DU ),48.42729,0.08937
201400031596,25,9,14,17,1,61,1,2,2,1,3,"36, DENIS PAPIN (RUE)",48.43333,0.0983
201400031597,14,11,14,17,5,61,1,2,1,1,6,"116, MANS (RUE DU )",48.42335,0.08964
201400031598,3,12,14,17,3,61,117,2,1,1,6,45 RUE BEAUSEJOUR,48.42887,0.0612
201400031599,4,12,14,7,5,61,1,2,3,1,1,"36, REPUBLIQUE (BOULEVAR",48.42881,0.09438
201400031600,8,12,14,17,5,61,1,2,3,1,6,JACQUES COMTE (RUE),48.43894,0.10012
201400031601,14,12,14,17,5,61,117,2,1,5,6,1 RUE DU HERTRE,48.43152,0.05897
201400031602,27,10,14,10,1,61,1,2,1,1,6,,48.42015,0.09455
201400031603,10,1,14,17,5,61,6,2,2,1,3,57 RUE REPUBLIQUE,48.74653,-0.02041
201400031604,18,8,14,17,1,61,6,2,2,1,6,PETITS FOSSES (RUE DES),48.7492,-0.02351
201400031605,7,3,14,7,1,61,6,2,3,1,3,"4, INDUSTRIE (AVENUE DE)",48.73483,-0.02698
201400031606,18,3,14,10,1,61,6,2,1,1,6,"2, CLOS MENOU (IMPASSE D",48.74398,-0.02638
201400031607,1,7,14,8,1,61,6,2,2,1,3,"1, JEANNE D'ARC (RUE)",48.74626,-0.01147
201400031608,1,8,14,17,1,61,6,1,2,1,3,SEES (ROUTE DE),48.69661,0.00196
201400031609,2,10,14,12,1,61,6,2,1,1,6,"2, GRIFFON (RUE DU)",48.76483,-0.02035
201400031610,11,10,14,11,1,61,6,2,6,3,6,"2, GAULLE (RUE DU GENERA",48.74241,-0.02011
201400031611,16,12,14,8,1,61,6,2,6,2,6,LES TROIS CROIX,48.74905,-0.01488
201400031612,25,10,14,23,5,61,6,2,6,1,2,,48.73237,-0.03585
201400031613,13,1,14,8,1,61,169,2,2,1,6,"60, SIX JUIN (RUE DU)",48.74888,-0.56859
201400031614,11,3,14,15,1,61,169,2,1,1,7,LES CLOSETS,48.73284,-0.58022
201400031615,26,4,14,14,1,61,169,2,1,2,2,"43, 11EME DB (RUE DE LA)",48.75209,-0.57071
201400031616,14,8,14,14,1,61,169,2,2,1,3,DESRIVIERES x LAFOREST,48.75033,-0.56817
201400031617,18,9,14,17,1,61,11,1,1,1,5,LA POTERIE,48.77583,-0.56321
201400031618,20,9,14,9,1,61,169,2,6,7,7,"54, RICHARD LENOIR (RUE)",48.75203,-0.57478
201400031619,2,10,14,17,1,61,169,2,1,1,6,"275, FOUQUERIE (LA)",48.75076,-0.54166
201400031620,28,9,14,16,1,61,11,1,1,1,7,LES BRUYERES,48.76665,-0.55066
201400031621,3,10,14,8,1,61,169,2,6,1,3,MESSEI (RUE DE),48.7418,-0.55774
201400031622,19,10,14,18,1,61,169,2,1,1,3,"20, CELESTIN MAUTAINT (R",48.75246,-0.55841
201400031623,11,10,14,11,1,61,169,2,4,1,1,121 RUE DE LA CHAUSSEE,48.7384,-0.56151
201400031624,13,12,14,9,1,61,169,2,1,3,6,"51, PARIS (RUE DE)",48.75021,-0.56322
201400031625,30,1,14,8,2,16,343,1,1,1,6,Le Maine au Franc,45.58853,-0.17066
201400031626,16,2,14,19,3,16,150,1,1,8,6,les Six Chemins,45.63449,-0.2831
201400031627,2,5,14,1,3,16,12,2,1,1,6,156 rue du Chateau,45.61816,-0.28287
201400031628,21,12,14,9,1,16,340,2,1,5,6,La Sabliere,45.65866,-0.14606
201400031629,22,5,14,12,1,16,397,1,1,1,6,Guignefolle,45.88743,-0.07538
201400031630,11,8,14,14,1,16,142,1,1,1,1,,46.0736,0.06747
201400031631,20,10,14,23,3,16,185,1,1,1,7,Touche Ferme,45.9291,0.11144
201400031632,12,4,14,13,1,20,359,1,1,1,2,,0.0,0.0
201400031633,11,5,14,2,3,20,257,1,9,1,6,,0.0,0.0
201400031634,28,7,14,14,1,20,691,1,1,3,2,,0.0,0.0
201400031635,16,9,14,1,3,20,330,1,1,1,6,,0.0,0.0
201400031636,2,11,14,2,3,20,17,1,1,1,6,,0.0,0.0
201400031637,21,11,14,13,1,20,776,1,1,1,2,,0.0,0.0
201400031638,11,7,14,16,1,17,94,2,1,1,4,,46.08774,-1.09617
201400031639,17,7,14,17,1,17,193,2,3,1,3,route nationale,0.0,0.0
201400031640,30,9,14,18,1,17,59,2,2,1,2,51 rue de la commanderie,46.16556,-1.02621
201400031641,1,8,14,8,1,17,194,2,1,1,2,CHEMIN DE LA VILLE,46.12775,-0.98531
201400031642,4,8,14,15,1,17,315,1,1,1,2,,46.13548,-0.95847
201400031643,15,8,14,10,1,17,94,2,1,1,6,Avenue de strasbourg,0.0,0.0
201400031644,17,10,14,21,3,17,373,1,1,1,6,,46.15529,-0.95894
201400031645,5,11,14,18,2,17,420,1,1,2,4,,46.12329,-1.04613
201400031646,30,12,14,12,1,17,413,1,1,1,1,,46.07779,-1.04116
201400031647,9,7,14,16,1,60,106,1,1,2,2,,0.0,0.0
201400031648,8,8,14,15,1,60,451,2,4,2,1,rue de cambronne,0.0,0.0
201400031649,8,10,14,22,3,60,130,1,1,9,7,,0.0,0.0
201400031650,19,10,14,13,1,60,454,2,1,1,6,rue du g?naral de gaulle,0.0,0.0
201400031651,22,10,14,12,1,60,454,2,1,1,3,rue du G?n?ral De Gaulle,0.0,0.0
201400031652,20,11,14,18,3,60,130,1,1,1,3,,0.0,0.0
201400031653,10,12,14,14,1,60,40,1,1,8,3,,0.0,0.0
201400031654,27,12,14,13,1,62,753,1,4,1,3,RD 950,50.30856,2.79212
201400031655,8,1,14,18,5,62,753,2,1,1,6,"15, GERS LAURENT",50.29886,2.8024
201400031656,9,1,14,14,1,62,37,2,6,8,3,Stade ( Rue du,50.3103,2.75074
201400031657,9,1,14,17,2,62,41,2,1,8,6,"0, FERRY ( JULES",50.29547,2.76689
201400031658,11,1,14,14,1,62,99,1,1,7,2,D 60,50.26566,2.79642
201400031659,30,1,14,11,1,62,41,2,3,1,3,HOCHETTES ( DES ),50.29049,2.75649
201400031660,6,2,14,21,5,62,41,2,1,2,7,"42, CAPUCINS (DES)",50.28805,2.77107
201400031661,11,2,14,4,5,62,764,1,1,1,1,RD 917,50.30108,2.784
201400031662,11,2,14,17,2,62,4,2,8,3,3,SALENGRO rue Roger,50.27852,2.76431
201400031663,16,2,14,5,5,62,4,2,1,2,6,"42 Ter, SALENGRO ( Roger",50.27971,2.76609
201400031664,16,2,14,9,1,62,263,1,1,8,6,WATT( AVENUE JAMES),50.2675,2.7229
201400031665,16,2,14,8,1,62,744,2,1,1,2,"66, ROUTE NATIONALE",50.30046,2.76514
201400031666,26,2,14,15,1,62,41,2,1,1,6,PERIN ( Paul ),50.2911,2.78131
201400031667,14,3,14,17,1,62,4,1,2,1,3,D 60,50.27184,2.7453
201400031668,28,3,14,1,5,62,41,2,9,1,6,"000, DE GAULLE ( BVD DU",50.28446,2.76428
201400031669,29,3,14,21,5,62,41,2,1,1,6,"27, ERNESTAL rue",50.28982,2.77376
201400031670,15,5,14,22,5,62,41,2,1,1,6,"72, ST QUENTIN ( DE )",50.2843,2.78507
201400031671,22,5,14,7,1,62,753,1,6,1,3,"1, IMMERCOURT (Av. D')",50.28876,2.80788
201400031672,10,6,14,7,1,62,41,2,1,1,7,"0, LECLERC ( AV. DU MARE",50.2859,2.77761
201400031673,12,6,14,16,1,62,41,2,1,1,6,CRESPEL (BD),50.28735,2.76623
201400031674,21,5,14,10,1,62,753,1,1,1,2,RD 950,50.3082,2.79851
201400031675,19,6,14,2,5,62,41,2,1,1,6,"3, FERRY ( JULES )",50.29502,2.76847
201400031676,27,6,14,20,1,62,41,2,1,1,6,"114, AVENUE FERNAND LOBB",50.27981,2.78152
201400031677,1,7,14,14,1,62,37,1,2,1,3,RN 25,50.31187,2.72071
201400031678,24,6,14,18,1,62,753,1,1,1,3,RD 950,50.30819,2.78982
201400031679,11,6,14,9,1,62,4,1,2,1,3,60 ( RD ),50.27181,2.74527
201400031680,13,7,14,19,1,62,4,2,1,1,1,Bapaume ( Route de ),50.27427,2.78347
201400031681,30,6,14,11,1,62,41,2,1,1,6,DELETOILLE( ARTHUR),50.28028,2.78169
201400031682,24,8,14,3,5,62,37,2,1,1,3,"50, rue Sadi Carnot",50.31842,2.73729
201400031683,4,9,14,18,1,62,41,2,2,1,3,"0, FAUVETTES ( DES )",50.28895,2.74287
201400031684,10,9,14,16,1,62,41,2,6,1,6,DE LATTRE DE TASSIGNY (,50.28718,2.78638
201400031685,15,9,14,12,1,62,753,2,6,1,3,RUE D' ESTIENNE CAUCHY,50.30501,2.80169
201400031686,27,9,14,16,1,62,41,2,1,7,6,"72, WINSTON CHURCHILL (A",50.29812,2.74889
201400031687,7,10,14,18,2,62,41,2,1,3,6,KENNEDY ( AV. JOHN ),50.28707,2.74595
201400031688,6,10,14,8,1,62,41,2,1,1,6,"2, TURENNE ( DE )",50.29297,2.76849
201400031689,30,9,14,10,1,62,753,2,1,1,6,"2, VERSAILLES ( DE )",50.3006,2.80202
201400031690,22,10,14,9,1,62,41,2,1,1,6,BLD DE STRASBOURG,50.28797,2.77934
201400031691,17,10,14,7,2,62,41,2,1,1,6,"142, CAMBRAI (DE)",50.28196,2.80629
201400031692,27,10,14,18,3,62,744,1,1,1,3,RN 25,50.32373,2.75289
201400031693,31,10,14,12,1,62,41,2,1,1,6,"01, TURENNE ( DE )",50.29295,2.7685
201400031694,29,11,14,16,2,62,4,1,2,8,2,60 ( RD ),50.27182,2.74529
201400031695,2,12,14,9,1,62,41,2,6,8,6,"1, PICASSO ( CARREFOUR )",50.29908,2.74492
201400031696,6,12,14,17,5,62,753,2,3,1,3,RUE D' ESTIENNE CAUCHY,50.30686,2.80202
201400031697,6,12,14,19,5,62,99,2,3,8,1,rue du  1 er Mai,50.26376,2.78846
201400031698,12,12,14,16,2,62,41,2,1,2,6,RUE SAINTE CROIX,50.29302,2.77837
201400031699,18,12,14,23,3,62,37,1,1,2,3,RN 25,50.31237,2.72048
201400031700,23,12,14,2,5,62,41,2,1,1,6,"2, PIERRE BEREGOVOY",50.26469,2.79198
201400031701,27,12,14,22,5,62,41,2,3,2,3,"0, DOUMER (PAUL)",50.29192,2.77241
201400031702,3,1,14,13,1,62,197,1,1,1,1,BRUNEHAUT ( chaussee),50.49378,2.45937
201400031703,25,1,14,15,1,62,48,1,1,1,1,CD 183 E,50.51952,2.46614
201400031704,30,1,14,18,3,62,48,2,1,8,6,"103, BASLY (BD)",50.51045,2.46276
201400031705,18,2,14,11,1,62,516,2,6,1,5,ROUTE NATIONALE 43,50.56835,2.46051
201400031706,14,2,14,8,1,62,48,2,6,1,3,CD 183 E,50.51439,2.47228
201400031707,6,3,14,17,1,62,48,2,1,1,3,"143, RAOUL BRIQUET rue",50.51009,2.46627
201400031708,16,3,14,19,5,62,532,2,1,1,6,Joseph CARLIER,50.51898,2.49802
201400031709,2,6,14,21,1,62,48,2,3,1,1,"0, LAMENDIN (ARTHUR)",50.51652,2.45182