Num_Acc,jour,mois,an,hr,condition_eclairage,departement,commune,condition_agglomeration,intersection,condition_atmosphere,type_collision,adresse,lattitude,longitude
201400031710,4,7,14,10,1,62,516,2,1,1,6,HAYE ( rue de la),50.56553,2.47295
201400031711,27,11,14,22,4,62,516,1,1,8,7,ROUTE NATIONALE 43,50.54801,2.51756
201400031712,1,12,14,9,1,62,516,1,2,1,3,C.D 916,50.5651,2.46318
201400031713,22,11,14,9,1,62,570,2,1,1,6,"38, JUSSIEU",50.41276,2.8772
201400031714,6,1,14,9,1,62,65,2,3,1,3,"0, PERI (GABRIEL BD)",50.40967,2.82926
201400031715,14,1,14,7,2,62,65,2,1,3,6,DE LA PAIX (AV),50.41388,2.82707
201400031716,21,4,14,15,1,62,65,2,1,8,7,D 917,50.41661,2.82242
201400031717,29,3,14,16,1,62,65,2,2,1,1,JAURES JEAN rue,50.39899,2.83763
201400031718,6,4,14,13,1,62,724,2,2,1,3,ITALIENS (BOULEVARD),50.40368,2.91987
201400031719,9,4,14,8,2,62,65,2,1,1,3,VOLTAIRE rue,50.42209,2.84186
201400031720,26,4,14,18,1,62,570,2,3,1,3,"67, DIX MARS (AV DU)",50.40603,2.87845
201400031721,1,5,14,14,1,62,65,2,1,1,7,"16, SEMARD PIERRE",50.41536,2.84398
201400031722,9,5,14,23,5,62,65,2,2,1,6,PERI (GABRIEL BD,50.4112,2.83092
201400031723,19,5,14,21,5,62,570,2,1,1,1,D 262,50.39894,2.88276
201400031724,17,6,14,16,1,62,570,2,2,1,7,"29, DIDEROT",50.40161,2.87138
201400031725,27,6,14,11,1,62,65,2,3,1,6,"00, BRIQUET RAOUL",50.40893,2.83042
201400031726,26,7,14,17,1,62,65,2,6,1,5,DUCLOS ( PLACE JACQUES),50.41359,2.83368
201400031727,31,7,14,2,5,62,570,2,1,1,6,FLOHA (AVENUE DE ),50.40471,2.87321
201400031728,13,8,14,13,1,62,65,2,2,1,3,"00, PERI (GABRIEL BD)",50.4112,2.8309
201400031729,18,8,14,9,1,62,277,2,6,1,2,"2, IZEL",50.38759,2.91739
201400031730,24,8,14,19,1,62,570,2,1,1,3,"111, SIMON (PIERRE)",50.41063,2.8838
201400031731,12,9,14,8,1,62,65,2,1,1,6,"1, FRANCE (BOULEVARD ANA",50.40017,2.8354
201400031732,20,9,14,8,1,62,724,2,2,1,3,FOSSE DEUX ( BOULEVARD),50.40338,2.91408
201400031733,6,10,14,18,1,62,570,2,2,2,3,"36, OFFENBACH (JACQUES)",50.40322,2.88051
201400031734,6,10,14,21,3,62,65,1,1,2,7,RD 917,50.40058,2.82493
201400031735,10,10,14,13,1,62,570,2,1,1,2,"17, SIMON (PIERRE)",50.40671,2.87922
201400031736,18,10,14,17,1,62,277,2,1,1,3,"189, ARRAS",50.39925,2.93681
201400031737,8,11,14,19,5,62,724,2,4,1,3,"23, FOCH (DU MARECHAL)",50.39289,2.9045
201400031738,5,11,14,12,1,62,570,2,1,1,6,"21, SIMON (PIERRE)",50.40702,2.87956
201400031739,3,12,14,20,5,62,570,2,6,1,6,"2, COURTY",50.40902,2.86089
201400031740,20,12,14,0,3,62,65,1,1,2,1,RN 17,50.40507,2.82455
201400031741,12,4,14,9,1,62,108,2,6,1,2,"1, SAINT JOSSE",50.41109,1.59377
201400031742,26,5,14,20,2,62,108,2,2,3,3,BOULOGNE,50.41441,1.58676
201400031743,14,8,14,15,1,62,108,2,1,1,6,VERDUN,50.40599,1.5956
201400031744,13,9,14,13,1,62,108,2,2,1,3,DOCTEUR QUETTIER,50.41125,1.57756
201400031745,2,10,14,23,5,62,108,2,2,1,6,HUIT MAI,50.4084,1.57811
201400031746,18,10,14,20,5,62,108,2,3,1,3,IMPERATRICE,50.40529,1.56872
201400031747,31,10,14,1,5,62,108,2,1,1,7,"20, MICHEL MALINGRE",50.40949,1.56989
201400031748,16,12,14,14,1,62,108,2,2,1,6,"21, ROTHSCHILD",50.4065,1.56351
201400031749,5,1,14,9,1,62,735,2,1,1,6,CD   943,50.50095,2.69621
201400031750,3,1,14,12,1,62,119,2,1,1,6,BRUAY ( AVENUE DE,50.52302,2.62779
201400031751,8,1,14,7,5,62,119,2,1,2,3,LILLE ( RUE DE,50.52541,2.65001
201400031752,11,1,14,15,1,62,330,2,1,1,3,LILLE ( RUE DE,50.55509,2.7685
201400031753,16,1,14,7,2,62,119,2,1,2,6,PRE DES SOEURS rue du,50.52797,2.65106
201400031754,17,1,14,20,5,62,51,2,3,2,1,HUMBLOT IGNACE ( RUE,50.5127,2.78395
201400031755,28,1,14,19,3,62,863,1,1,2,7,CD941,50.51638,2.7714
201400031756,9,2,14,2,5,62,119,2,3,6,6,BERTHELOT ( RUE MARCELLI,50.52995,2.64482
201400031757,15,2,14,9,1,62,132,2,3,1,6,"73, DE GAULLE rue du Gén",50.51577,2.86156
201400031758,27,2,14,15,1,62,846,1,1,1,7,GUESDE JULES ( RUE ),50.48925,2.75856
201400031759,9,3,14,13,1,62,35,2,3,1,6,"72, QUATRE VENTS rue des",50.54448,2.62286
201400031760,15,4,14,17,1,62,119,2,1,1,6,TREILLES rue des,50.53048,2.63781
201400031761,26,4,14,8,1,62,119,2,3,1,3,PRE DES SOEURS ( RUE DU,50.52957,2.6476
201400031762,18,5,14,21,5,62,132,2,6,1,7,Avenue de sofia,50.52314,2.85344
201400031763,24,5,14,10,1,62,119,2,3,1,3,LILLE ( RUE DE),50.52443,2.65277
201400031764,28,5,14,18,1,62,863,1,2,1,5,CD 167 E2,50.53474,2.76923
201400031765,30,5,14,8,1,62,846,2,4,1,3,REPUBLIQUE ( PL DE LA,50.48769,2.74571
201400031766,15,6,14,20,1,62,119,2,1,1,6,LILLE ( RUE DE ),50.52472,2.65194
201400031767,6,6,14,13,1,62,35,1,1,1,6,AVELETTE ( RUE DE L'),50.55435,2.63365
201400031768,1,8,14,9,1,62,119,2,2,1,6,"86, SALENGRO ( Bd",50.53097,2.63186
201400031769,16,8,14,22,4,62,126,1,1,1,7,CD 941,50.51357,2.69213
201400031770,11,8,14,13,1,62,626,1,2,2,3,CAMBRIN ( ROUTE DE),50.49701,2.73051
201400031771,12,8,14,20,2,62,119,2,1,1,3,rue du beau marais,50.53169,2.6531
201400031772,12,8,14,18,1,62,35,2,3,1,6,LILAS ( Rue des ),50.53872,2.61208
201400031773,8,9,14,17,1,62,350,1,6,1,3,941(CD),50.51119,2.61941
201400031774,15,9,14,13,1,62,276,2,1,1,6,"194, LENS ( ROUTE DE )",50.50936,2.80766
201400031775,30,9,14,19,2,62,841,2,1,1,3,RENOUVEAU ( RUE DU ),50.54139,2.60838
201400031776,6,10,14,17,1,62,736,2,1,2,6,"19, MONGY ( RUE )",50.50207,2.69779
201400031777,26,9,14,16,1,62,119,2,1,1,6,TRAIN DE LOOS (rue),50.52133,2.63115
201400031778,8,10,14,17,1,62,119,2,1,1,3,HORLOGERIE ( RUE DE L' ),50.52073,2.64611
201400031779,14,10,14,23,5,62,401,2,2,2,3,LENS ( ROUTE DE ),50.50882,2.80781
201400031780,30,10,14,20,3,62,735,1,1,1,5,CD 943,50.49606,2.70272
201400031781,2,11,14,9,1,62,262,2,2,1,6,941 (CD),50.51266,2.74741
201400031782,12,10,14,10,1,62,119,2,6,1,3,SAINT ELOI ( PLACE ),50.52812,2.64251
201400031783,20,11,14,7,5,62,276,1,1,1,6,DULIEUX ( RUE DU CAPITAI,50.50497,2.83885
201400031784,23,11,14,6,5,62,119,2,9,8,6,AIRE ( RUE D' ),50.5368,2.63622
201400031785,27,11,14,17,1,62,119,2,1,8,6,BOUTLEUX ( RUE ),50.53028,2.63596
201400031786,20,11,14,9,1,62,276,1,1,1,6,Londres,50.52311,2.82481
201400031787,7,11,14,16,1,62,119,2,1,2,3,CARNOT ( RUE SADI ),50.53523,2.6381
201400031788,7,12,14,13,1,62,276,2,1,1,1,"141, JAURES ( RUE JEAN )",50.5088,2.81772
201400031789,27,12,14,21,3,62,119,1,1,2,6,CD 937( RUE DEPARTEMENTA,50.54017,2.65336
201400031790,11,1,14,10,1,62,758,2,1,8,6,"83, DESVRES ( Rue de",50.71785,1.65712
201400031791,13,1,14,15,1,62,893,2,1,7,6,BON AIR ( Rue du,50.77788,1.61191
201400031792,25,1,14,19,4,62,667,2,1,3,6,"2, LIBERTE ( Bld de la",50.71599,1.59111
201400031793,3,2,14,16,1,62,160,2,1,7,6,SAINTE BEUVE (Bld,50.73424,1.59469
201400031794,4,2,14,10,1,62,758,2,1,1,2,DESVRES  Rue de,50.72267,1.64339
201400031795,26,2,14,17,1,62,160,2,2,1,6,"135,rue FAIDHERBE",50.72624,1.60739
201400031796,5,3,14,2,5,62,643,2,1,1,6,"119, MASSENET Rue Jules",50.69739,1.57896
201400031797,24,3,14,8,1,62,160,2,1,1,6,BRANLY (Rue Edouard),50.71988,1.61534
201400031798,18,5,14,11,1,62,758,2,1,1,3,"336, SAINT OMER Route de",50.72636,1.64053
201400031799,12,4,14,10,1,62,160,2,1,1,6,PAUGHAM (square Blanche),50.73374,1.60026
201400031800,25,5,14,2,5,62,160,2,1,1,7,BOULEVARD DE L EUROPE,50.71988,1.59939
201400031801,28,6,14,17,1,62,160,2,1,1,1,"96, NATIONALE (Rue)",50.72161,1.61074
201400031802,10,7,14,21,1,62,160,2,3,8,3,NATIONALE (Rue),50.72085,1.61242
201400031803,30,7,14,21,2,62,160,2,1,1,2,"77, GRANDE RUE",50.72389,1.60784
201400031804,17,8,14,12,1,62,160,2,1,8,6,"43, DAUNOU (Bld)",50.72056,1.60548
201400031805,24,9,14,12,1,62,160,2,3,1,3,KENNEDY (Ave. John),50.71559,1.61427
201400031806,4,10,14,1,3,62,894,1,1,1,6,C.D. 96e,50.74407,1.60968
201400031807,6,10,14,12,1,62,160,2,1,8,3,SAINTE BEUVE (Bld),50.73401,1.59465
201400031808,28,10,14,8,1,62,643,2,2,7,3,"1, CLERC ( Rue du Profes",50.69973,1.58917
201400031809,1,11,14,8,1,62,160,2,1,8,1,OUTREAU (Rue d'),50.71254,1.59804
201400031810,21,10,14,18,5,62,160,1,1,1,6,"22, CHANZY (Quai)",50.72008,1.6017
201400031811,8,12,14,16,2,62,160,2,1,1,6,"36, KENNEDY (Ave. John)",50.71448,1.61415
201400031812,26,12,14,17,5,62,160,1,1,3,6,"A, GAMBETTA (Bld L?on)",48.84617,2.24101
201400031813,8,1,14,15,1,62,445,1,4,1,6,D86,50.48934,2.60257
201400031814,12,2,14,7,1,62,445,1,1,1,5,D86,50.494,2.60634
201400031815,1,3,14,0,5,62,400,2,1,2,6,"1002, ZOLA rue Emile",50.46772,2.56712
201400031816,20,3,14,20,5,62,270,2,1,1,6,"31, ALLENDE rue SALVATO",50.48166,2.50349
201400031817,10,4,14,17,1,62,270,2,1,1,3,PLOUVIEZ      rue,50.47271,2.51888
201400031818,1,5,14,7,1,62,178,2,1,1,7,"348, CAUDRON ( FLORENT )",50.48413,2.54839
201400031819,9,6,14,18,1,62,178,2,3,2,3,ANATOLE FRANCE,50.48361,2.55528
201400031820,11,6,14,17,1,62,178,2,3,1,6,"104, AMONT ( D')",50.48181,2.53714
201400031821,17,6,14,11,1,62,457,2,1,1,6,"71, GARE (RUE DE LA)",50.40246,2.86915
201400031822,22,6,14,12,1,62,178,2,3,1,2,REPUBLIQUE ( DE LA ),50.4737,2.52811
201400031823,3,8,14,6,1,62,445,1,1,1,7,D86,50.48617,2.60068
201400031824,11,9,14,13,1,62,178,2,9,1,1,"213, ETATS-UNIS",50.4723,2.55315
201400031825,22,9,14,13,1,62,178,2,2,1,3,LIBERATION ( AVENUE ),50.49047,2.56445
201400031826,13,10,14,10,1,62,270,2,1,1,1,"43, BASLY (RUE EMILE)",50.47336,2.50924
201400031827,28,11,14,15,1,62,400,2,1,8,1,"656, ZOLA ( EMILE )",50.46912,2.57002
201400031828,7,12,14,11,1,62,377,2,1,8,1,DESRUELLE ( CAMILLE ),50.51104,2.58609
201400031829,9,12,14,16,2,62,178,2,1,1,1,D 188,50.49521,2.57194
201400031830,21,12,14,19,5,62,178,2,1,8,1,"978, LIBERATION ( AVENUE",50.49267,2.56929
201400031831,21,5,14,18,1,62,178,2,1,1,3,"1113, LIBERATION ( AVE",50.48784,2.56
201400031832,2,1,14,14,1,62,193,2,1,2,6,"173, GAMBETTA (BOULEVAR",50.9461,1.83958
201400031833,28,1,14,10,1,62,193,2,2,7,6,MARINOT rue M,50.95031,1.88694
201400031834,7,1,14,8,2,62,193,2,3,1,6,SAINT OMER (ROUTE DE,50.93895,1.88061
201400031835,11,1,14,13,1,62,193,2,1,7,6,"377, ROGER SALENGRO (AV",50.94537,1.83257
201400031836,8,2,14,1,5,62,193,2,6,2,6,SAINT EXUPERY  3 av,50.94704,1.92182
201400031837,6,2,14,12,1,62,193,2,1,1,6,HUIT MAI (bd du),50.95594,1.83485
201400031838,29,1,14,14,1,62,239,2,1,1,3,"109, DE GAULLE av Ch.",50.94219,1.80686
201400031839,20,3,14,16,1,62,193,2,2,1,3,GAMBETTA (BD),50.94683,1.84573
201400031840,1,4,14,13,1,62,193,2,1,1,6,JARDIN DES PLANTES rue,50.94705,1.85982
201400031841,8,4,14,18,1,62,244,2,2,1,6,GUINES (RTE DE),50.92664,1.86783
201400031842,20,4,14,17,1,62,193,2,6,1,2,GASTON BERTHE digue,50.96546,1.84177
201400031843,2,5,14,18,1,62,193,1,1,1,5,A216,0.0,0.0
201400031844,2,5,14,17,1,62,193,2,3,1,3,ROGER SALENGRO (AVENUE),50.94485,1.82703
201400031845,16,5,14,16,1,62,193,2,3,1,3,MOLLIEN,50.95412,1.85689
201400031846,24,5,14,15,1,62,193,2,1,1,6,CURIE (BD),50.93962,1.86102
201400031847,7,6,14,19,1,62,193,2,2,1,3,VAUXHALL (RUE DU),50.94798,1.85126
201400031848,16,6,14,16,1,62,244,2,2,1,3,HAUTS CHAMPS (RUE DES),50.92616,1.87568
201400031849,6,7,14,18,1,62,193,2,1,1,1,ORLEANSVILLE (RUE D'),50.94785,1.83356
201400031850,11,7,14,17,1,62,193,2,1,1,1,GARENNES (RUE DES),50.96785,1.89659
201400031851,1,8,14,12,1,62,193,2,1,1,6,CONSTANT CRONIE,50.94859,1.82673
201400031852,10,8,14,17,1,62,548,2,4,6,3,Avenue de Calais,50.9478,1.95119
201400031853,27,8,14,19,2,62,193,2,1,1,6,PARMENTIER (CHEMIN),50.95591,1.8842
201400031854,3,9,14,13,1,62,239,1,1,1,1,KENT (BOULEVARD DU),50.932,1.81081
201400031855,5,9,14,17,1,62,193,2,1,1,2,JACQUARD (BOULEVARD),50.94898,1.85413
201400031856,16,9,14,13,1,62,193,2,1,7,2,APOLLINAIRE (RUE G.),50.93924,1.87505
201400031857,1,10,14,8,1,62,193,2,3,1,6,GAMBETTA (BOULEVARD),50.94664,1.84416
201400031858,5,10,14,2,5,62,193,2,5,1,6,SQUARE DES FONTINETTES,50.94027,1.85131
201400031859,7,10,14,9,1,62,193,2,1,1,6,MARTIN LUTHER KING,50.95481,1.89466
201400031860,12,10,14,20,3,62,193,1,1,3,6,A216,50.9606,1.90528
201400031861,16,10,14,12,1,62,239,1,1,2,6,EUROPE (BOULEVARD DE L'),50.93823,1.81552
201400031862,26,10,14,10,1,62,774,2,6,1,6,R.D.940,50.95903,1.82776
201400031863,16,11,14,2,5,62,548,2,1,1,6,avenue de Calais,50.9469,1.91618
201400031864,19,11,14,23,5,62,193,2,6,1,3,VIC (RUE DE),50.94945,1.86175
201400031865,15,11,14,16,2,62,193,2,1,1,6,"158, EGALITE (BOULEVARD",50.94579,1.87437
201400031866,23,11,14,11,1,62,193,2,2,1,3,GERSCHEL (RUE A.),50.95879,1.84687
201400031867,25,11,14,7,2,62,774,1,1,1,6,D243,50.93792,1.77541
201400031868,28,11,14,0,3,62,193,1,1,8,6,A216,50.95368,1.90603
201400031869,4,12,14,18,5,62,193,2,2,1,3,EGALITE (BOULEVARD DE L',50.94585,1.87656
201400031870,12,12,14,20,3,62,548,1,3,1,3,PASCAL (RUE),50.93932,1.94061
201400031871,28,11,14,17,5,62,239,2,1,1,4,EUROPE (BOULEVARD DE L'),50.93213,1.80687
201400031872,10,1,14,7,5,62,215,2,4,1,6,"SANS, VIEUX CHATEAU (RD",50.48548,2.95974
201400031873,17,1,14,14,1,62,215,1,3,1,3,", R.D.306",50.48206,2.97572
201400031874,6,2,14,11,1,62,413,2,2,2,3,"SANS, GUERRE rue Paul",50.44562,2.89658
201400031875,27,1,14,17,2,62,413,2,1,2,6,"17, BARBUSSE (AV",50.44684,2.90389
201400031876,24,2,14,0,3,62,215,1,1,1,2,ESTEVELLES (CHE. D,50.48505,2.93448
201400031877,23,3,14,13,1,62,311,2,3,2,3,"81, DUPONT (R BLANCHE)",50.4745,2.91071
201400031878,7,4,14,21,3,62,215,1,1,8,2,RD917   57+1,50.47994,2.95737
201400031879,22,3,14,15,1,62,907,2,1,7,1,"8, SCHUMANN (BD",50.4766,3.01172
201400031880,10,4,14,16,1,62,215,2,3,1,3,"749, BUQUEUX rue",50.4956,2.96969
201400031881,16,4,14,17,1,62,215,2,3,1,5,POSTES (CHEMIN  DE,50.50173,2.94681
201400031882,3,5,14,16,1,62,907,2,3,1,3,DARCHICOURT (AV FE,50.48204,3.00402
201400031883,16,5,14,14,1,62,413,2,3,1,1,"60, DEBARGE (R Charles)",50.44344,2.89811
201400031884,23,4,14,16,1,62,250,2,3,1,2,"18, LAMENDIN (Rue ARTHUR",50.45488,2.94642
201400031885,5,5,14,7,1,62,215,1,6,1,2,RD919,50.50504,2.95024
201400031886,8,6,14,14,1,62,413,2,2,1,3,"34, FOSSE (AV. DE LA)",50.44334,2.88314
201400031887,7,6,14,20,1,62,33,2,2,1,3,"SANS, ROLLE (rue KLEBER)",50.4637,2.87974
201400031888,10,6,14,18,1,62,637,2,1,1,6,"sans, FUSILLES (R DES 80",50.47081,2.98373
201400031889,10,6,14,19,1,62,413,2,2,1,3,"sans, FOSSE (AV. DE LA)",50.44151,2.88535
201400031890,20,6,14,14,1,62,33,1,3,1,2,"sans, LILLE (RTE DE)",50.45311,2.87627
201400031891,4,7,14,0,5,62,215,2,2,1,3,"sans, PRESSENCE  (R FRAN",50.48983,2.95486
201400031892,13,7,14,0,5,62,215,2,1,1,5,QUINET (R CYPRIEN),50.49202,2.98092
201400031893,25,7,14,16,1,62,250,2,1,1,6,"85, LAMENDIN (R ARTHUR)",50.45231,2.95155
201400031894,27,7,14,2,5,62,413,2,1,1,6,FUSILLES (R DES),50.44585,2.9095
201400031895,3,7,14,18,1,62,33,1,3,1,3,"sans, LILLE (RTE DE)",50.45311,2.87629
201400031896,8,8,14,13,1,62,413,2,1,2,6,"SANS, BARBUSSE (AV)",50.4461,2.90507
201400031897,24,8,14,4,5,62,666,2,1,1,6,"SANS, SERGEANT (R ROLAND",50.47165,2.88463
201400031898,10,9,14,17,1,62,637,2,2,1,3,"SANS, ZOLA (R EMILE)",50.47139,2.99755
201400031899,12,9,14,17,1,62,413,2,3,7,3,"SANS, FUSILLES (R DES)",50.44455,2.90569
201400031900,28,8,14,20,2,62,413,2,1,1,3,"42, LENS (RTE DE)",50.44076,2.8873
201400031901,10,10,14,18,1,62,413,2,1,1,6,"SANS, PLACE (GRAND)",50.44473,2.90407
201400031902,6,9,14,13,1,62,250,2,1,1,1,"sans, TILLOY (R MAURICE)",50.46529,2.94236
201400031903,7,10,14,10,1,62,907,2,1,2,1,"SANS, QUINET (R CYPRIEN)",50.48448,3.01574
201400031904,21,10,14,18,3,62,907,1,1,1,4,"SANS, RD 917",50.48591,2.98738
201400031905,6,11,14,7,2,62,637,1,1,1,4,"0, RD306",50.46781,3.00227
201400031906,6,12,14,12,1,62,907,1,6,1,3,DARCHICOURT (AV FERNAND,50.48282,3.00278
201400031907,1,12,14,7,2,62,666,2,3,2,3,"SANS, VENDIN (RTE DE)",50.46948,2.87556
201400031908,26,12,14,19,5,62,215,2,2,1,3,"SANS, PLACHEZ (R EDOUARD",50.49339,2.95759
201400031909,8,12,14,12,1,62,427,2,2,1,3,"0, SCHWEITZER ALBERT (BD",50.41634,2.97709
201400031910,8,11,14,4,3,62,427,2,1,1,6,"sans, BUISSE (CHE. DE LA",50.43298,2.95298
201400031911,24,1,14,12,1,62,249,2,1,1,6,"11, POILUS rue de",50.41818,3.01785
201400031912,7,2,14,15,1,62,427,2,2,1,6,"0, LECLERCQ rue Henri",50.41975,2.94516
201400031913,16,2,14,9,1,62,351,2,6,1,6,HUGO (R VICTOR ),50.43062,2.91076
201400031914,20,1,14,12,1,62,351,2,1,1,6,"127, LECLERC R DU MARE",50.42522,2.90633
201400031915,23,2,14,13,1,62,133,2,1,1,6,"104, REPUBLIQUE (AV. DE",50.41981,2.914
201400031916,11,2,14,12,1,62,427,2,1,3,3,SCHWEITZER ALBERT (BD,50.41643,2.97676
201400031917,11,4,14,15,1,62,351,1,1,1,6,RD 39,50.43736,2.92113
201400031918,19,4,14,16,1,62,427,2,1,1,6,"14, DEMARQUETTE (Rue",50.42066,2.94632
201400031919,17,4,14,14,1,62,427,2,3,1,6,GRUYELLE (Rue ELIE),50.42047,2.94947
201400031920,22,4,14,21,5,62,427,2,3,1,6,"210, GRUYELLE (Rue ELIE)",50.42082,2.95198
201400031921,5,4,14,22,5,62,624,2,2,1,3,VERDUN (R DE),50.42019,2.99439
201400031922,28,4,14,19,1,62,274,2,1,1,6,"04, COURBET (R GUSTAVE)",50.43229,2.99196
201400031923,11,4,14,13,1,62,427,2,1,1,6,CHURCHILL (BD WINSTO,50.428,2.94595
201400031924,23,4,14,18,1,62,351,2,3,1,3,BOUSSAC (Rue DE),50.4211,2.89319
201400031925,10,4,14,17,1,62,427,2,1,1,6,"239, TOUR D'AUVERGNE rue",50.40091,2.96479
201400031926,23,5,14,7,1,62,321,1,2,1,5,D160 E,50.43518,3.03552
201400031927,21,5,14,10,1,62,427,2,1,8,6,PAPIN (R DENIS),50.42065,2.94668
201400031928,1,6,14,19,1,62,351,2,1,1,3,"., OUSSEKINE (R MALIK)",50.42647,2.91976
201400031929,7,6,14,8,2,62,274,1,1,1,6,"0, CD 306",50.45331,3.00987
201400031930,7,6,14,18,1,62,427,2,1,1,6,"182, HERBAUT (BD DES FRE",50.40889,2.94022
201400031931,7,6,14,19,1,62,427,2,1,1,6,"277, PASTEUR (rue",50.4166,2.94686
201400031932,9,6,14,13,1,62,497,2,1,2,1,"78, JAURES (R JEAN)",50.43961,3.0662
201400031933,16,5,14,17,1,62,249,2,1,1,6,"11, FISMES (Rue DE)",50.4113,3.01582
201400031934,20,6,14,8,1,62,321,2,2,1,3,"220B, BASLY (R EMILE )",50.44047,3.02064
201400031935,4,7,14,0,5,62,133,2,1,1,6,"17, REPUBLIQUE (AV. DE L",50.41984,2.90034
201400031936,24,6,14,17,1,62,351,2,9,1,3,"27, LECLERC (R DU MARECH",50.44439,2.90828
201400031937,12,9,14,4,3,62,274,1,1,1,1,"0, RD 160",50.43777,2.99384
201400031938,28,8,14,10,1,62,427,2,1,1,6,"334, ABBAYE (R DE L' )",50.42383,2.94464
201400031939,23,9,14,11,1,62,427,2,3,1,2,"sans, ABBAYE (R DE L')",50.42242,2.94593
201400031940,11,10,14,12,1,62,249,2,6,1,6,JAURES (PL JEAN),50.419,3.01467
201400031941,23,9,14,11,1,62,624,1,9,1,3,"0, CENTRE COMMERCIAL AUC",50.41153,2.97914
201400031942,25,10,14,21,5,62,427,2,1,1,7,"482, DOURGES (R DE)",50.42733,2.96336
201400031943,27,9,14,14,1,62,427,2,1,1,2,"sans, laennec (rue du do",50.43611,2.94519
201400031944,31,10,14,17,2,62,497,2,2,1,3,"48, CARNOT (R LAZARE)",50.43012,3.06067
201400031945,8,11,14,6,5,62,321,1,9,1,3,"0, D160E",50.43232,3.02562
201400031946,17,10,14,21,5,62,133,2,1,1,1,"sans, OUSSEKINE (R MALIK",50.42541,2.91897
201400031947,27,11,14,15,1,62,497,2,1,1,3,"29, VOLTAIRE (R )",50.43949,3.05906
201400031948,4,12,14,17,2,62,249,2,3,1,3,"sans, FERRY (R JULES)",50.40969,3.00373
201400031949,22,11,14,7,2,62,497,2,6,1,2,"sans, EGALITE (R DE L')",50.4426,3.0632
201400031950,11,12,14,22,5,62,427,2,3,1,1,"187, GRUYELLE (R ELIE)",50.42069,2.95135
201400031951,15,11,14,13,1,62,498,2,1,1,2,"322, BETHUNE (RTE DE)",50.44145,2.80606
201400031952,16,1,14,21,5,62,771,2,1,1,6,"70, VAILLANT (R EDOUARD",50.41972,2.87286
201400031953,24,12,14,17,5,62,498,2,1,3,3,"251, MAES (AV. ALFRED )",50.42697,2.80622
201400031954,17,1,14,19,5,62,895,2,2,2,3,BASLY (R EMILE,50.49434,2.85091
201400031955,24,12,14,14,1,62,771,2,1,3,2,"77, LAMENDIN (R ARTHUR)",50.42003,2.86169
201400031956,3,1,14,10,1,62,842,2,1,2,6,"sans, GUESDE (R JULES",50.47362,2.86647
201400031957,11,1,14,11,1,62,498,2,3,1,3,BETHUNE (ROUTE DE),50.43853,2.8115
201400031958,1,3,14,4,5,62,498,2,1,1,3,"SANS, BLUM (R LEON)",50.43999,2.79735
201400031959,8,3,14,1,5,62,498,2,1,1,6,"87,NOTRE DAME DE LORETTE",50.42463,2.81566
201400031960,11,3,14,18,1,62,498,2,1,1,6,BASSEE (RTE DE LA),50.44329,2.81983
201400031961,22,3,14,13,1,62,895,2,2,1,3,"sans, PERI (R GABRIEL",50.48952,2.84093
201400031962,10,4,14,10,1,62,498,2,1,1,6,DELOTS (R AUGUSTIN,50.43099,2.84011
201400031963,12,4,14,21,5,62,498,2,1,1,6,"101, BLUM (R LEON)",50.43908,2.79584
201400031964,29,3,14,17,1,62,628,2,2,1,3,COURTAIGNE rue de,50.41982,2.88644
201400031965,10,4,14,8,1,62,498,2,1,1,6,"17, QUATRE SEPTEMBRE (AV",50.43216,2.82961
201400031966,4,5,14,16,1,62,628,1,1,1,2,Departementale 262,50.42826,2.86676