Num_Acc,jour,mois,an,hr,condition_eclairage,departement,commune,condition_agglomeration,intersection,condition_atmosphere,type_collision,adresse,lattitude,longitude
201400031967,15,5,14,18,1,62,498,2,1,1,6,ALLENDE (R SALVADOR ),50.44226,2.83177
201400031968,17,5,14,16,1,62,842,2,1,1,1,ST NAZAIRE n 107,50.45999,2.84791
201400031969,28,5,14,11,1,62,842,2,1,1,2,LECOEUR (R JACQUES,50.47328,2.86984
201400031970,22,5,14,16,1,62,895,1,9,1,2,RN 47,50.48643,2.83627
201400031971,29,3,14,7,1,62,842,2,2,1,3,BLANDAIN rue,50.45592,2.84502
201400031972,5,3,14,13,1,62,498,2,2,1,3,LAFARGUE rue Paul,50.44565,2.83313
201400031973,28,6,14,4,5,62,771,2,6,1,6,"SANS, DARRAS (R CONSTANT",50.42392,2.84722
201400031974,25,4,14,14,1,62,498,2,2,1,3,"0000, LEFEBVRE (R AUGUST",50.43984,2.81355
201400031975,19,4,14,16,1,62,771,2,2,1,6,LAMENDIN (R ARTHUR,50.4208,2.85874
201400031976,25,5,14,9,1,62,498,2,1,1,6,"0, VAN PELT (AV. ALFRED)",50.43124,2.84176
201400031977,18,5,14,17,1,62,895,2,1,1,6,CANARDERIE rue de la,50.49744,2.87248
201400031978,13,6,14,10,1,62,628,2,1,1,6,RD 262,50.4214,2.87125
201400031979,7,7,14,21,2,62,628,2,1,1,6,"1, DESSINGES (IMP)",50.42098,2.87501
201400031980,31,7,14,15,1,62,464,2,1,1,6,"face 246, SALENGRO (R RO",50.49198,2.80909
201400031981,2,8,14,5,2,62,498,2,1,1,6,"103, LA BASSEE (RTE DE",50.44148,2.82031
201400031982,4,8,14,17,2,62,498,2,1,1,2,"174/176, BERT (R PAUL",50.43187,2.8073
201400031983,9,8,14,23,5,62,628,1,1,1,6,P?n?trante A 21,50.43421,2.86968
201400031984,17,8,14,0,5,62,771,2,1,1,6,"18, DARRAS (R CONSTANT)",50.42512,2.84248
201400031985,13,8,14,19,1,62,771,2,1,1,6,"face au 72, DARRAS (R",50.39447,2.92805
201400031986,7,9,14,17,1,62,628,2,2,1,3,"sans, CARVIN (R DE)",50.42532,2.87636
201400031987,28,8,14,10,1,62,523,2,1,1,6,rue Madeleine DERAM,50.44024,2.86068
201400031988,3,9,14,9,1,62,498,2,2,1,3,"0, FALAISE (R DE)",50.44309,2.83047
201400031989,22,9,14,14,1,62,498,2,1,1,6,"37, NOTRE DAME DE LORETT",50.4252,2.81814
201400031990,15,9,14,17,1,62,895,2,1,1,2,"54, GUESDE (R JULES)",50.4949,2.85488
201400031991,17,9,14,9,1,62,498,2,1,1,6,"108, BLUM (R LEON)",50.43899,2.79561
201400031992,30,9,14,12,1,62,498,2,3,1,2,"13, BROSSOLETTE (R PIERR",50.44354,2.80371
201400031993,2,9,14,9,1,62,498,2,1,1,6,"SANS, JAURES (AV. JEAN)",50.42915,2.8313
201400031994,8,10,14,6,5,62,523,2,3,8,7,HARNES (RTE D'),50.43889,2.87481
201400031995,28,9,14,0,4,62,498,2,3,1,3,"sans, BETHUNE (RTE DE)",50.43852,2.81149
201400031996,9,10,14,9,1,62,498,2,1,1,6,"SANS, BETHUNE (RTE DE)",50.43616,2.81586
201400031997,9,10,14,8,1,62,498,2,1,1,5,"25A, ONZE NOVEMBRE (R DU",50.43152,2.82509
201400031998,4,11,14,17,1,62,573,1,1,1,5,"sans, RD165",50.49033,2.89405
201400031999,8,10,14,11,1,62,842,2,1,8,6,"sans, PASTEUR (R )",50.47238,2.86878
201400032000,24,10,14,19,3,62,573,1,1,2,1,"SANS, RD165",50.49032,2.89374
201400032001,3,11,14,14,1,62,498,2,1,3,6,"sans, BLUM (R LEON)",50.43826,2.79425
201400032002,2,12,14,7,1,62,498,2,8,1,6,"91, BLUM (R LEON)",50.43787,2.79366
201400032003,11,12,14,7,2,62,498,2,1,3,3,"SANS, BASSEE (RTE DE LA)",50.45139,2.81763
201400032004,6,1,14,13,1,62,32,2,1,2,3,ALLENDE (PL.SALVADOR,50.4084,2.75689
201400032005,20,12,14,8,1,62,510,2,1,1,7,"., LEMAIRE (R FLORIMONT",50.41825,2.76976
201400032006,15,2,14,18,1,62,563,2,1,1,3,BEUGNET (R CASIMIR),50.47069,2.71862
201400032007,14,2,14,20,2,62,510,1,1,1,7,MITTERAND (AV FRANCOIS,50.42737,2.78882
201400032008,1,2,14,20,5,62,510,2,1,1,6,"2, DERNONCOURT (R HENRI)",50.41737,2.7931
201400032009,8,3,14,19,2,62,510,2,1,1,3,TASSIGNY (R DU MAL. DE,50.4149,2.7637
201400032010,12,3,14,19,1,62,528,2,1,1,2,"., BLUM (R LEON)",50.44564,2.7879
201400032011,22,3,14,12,1,62,510,2,1,4,3,"41, JAURES (AV JEAN",50.42329,2.7852
201400032012,28,3,14,12,1,62,186,2,1,1,7,CONDORCET rue,50.43911,2.72657
201400032013,4,4,14,14,1,62,510,1,1,1,3,"0, MITTERAND av FRANCOIS",50.4264,2.7912
201400032014,8,4,14,7,1,62,510,2,1,1,6,TASSIGNY rue du marechal,50.41502,2.76391
201400032015,21,4,14,21,5,62,510,2,1,1,6,"82, CARPENTIER (R George",50.42375,2.7562
201400032016,29,4,14,7,1,62,19,2,1,1,6,"., BETHUNE (R DE)",50.42892,2.70741
201400032017,28,4,14,13,1,62,510,2,1,1,6,"., LECLERC (AV DU MAR",50.42239,2.77572
201400032018,7,5,14,21,2,62,386,2,1,1,1,BEUGNET (Rue CASIMIR),50.4463,2.73923
201400032019,13,5,14,14,1,62,186,2,1,1,3,VOLTAIRE rue,50.44675,2.72292
201400032020,19,5,14,17,1,62,386,2,1,1,7,"., FLANDRE (BD DE LA)",50.44869,2.74271
201400032021,2,6,14,21,1,62,186,2,1,1,6,"13, DEBEAUMONT ( RUE EDM",50.44302,2.72302
201400032022,5,6,14,23,5,62,563,2,1,1,5,"., DUTOUQUET (R )",50.46654,2.71978
201400032023,13,6,14,19,1,62,510,2,1,1,3,"., MARTIN (R HENRI )",50.42466,2.77474
201400032024,26,6,14,21,1,62,19,2,6,1,3,"., ARRAS (R D')",50.42641,2.71142
201400032025,2,7,14,15,1,62,186,2,1,1,3,"., LOIRE (BD DE LA)",50.45681,2.72202
201400032026,28,7,14,12,1,62,510,2,1,1,7,"., FENELON (R)",50.4226,2.78741
201400032027,2,8,14,16,1,62,510,2,1,1,3,AMPERE (R),50.42144,2.79673
201400032028,5,8,14,18,1,62,19,1,1,1,6,RD 301,50.43533,2.69422
201400032029,14,8,14,23,5,62,186,2,1,1,3,"., BEUGNET (R CASIMIR)",50.45475,2.72103
201400032030,21,8,14,0,5,62,510,2,2,1,3,"., TASSIGNY (R DU MAL. D",50.41494,2.76372
201400032031,30,8,14,12,1,62,528,2,1,1,7,"., PASTEUR (R)",50.4578,2.7938
201400032032,15,9,14,18,1,62,510,2,1,1,3,"., LIBERTE (R DE LA )",50.4371,2.77951
201400032033,17,9,14,9,1,62,510,2,1,1,7,"., BARRE (R CHEVALIER DE",50.42299,2.78303
201400032034,6,10,14,17,1,62,563,2,1,1,3,"., LOIRE (BD DE LA)",50.45908,2.72217
201400032035,11,10,14,19,1,62,386,2,1,1,1,"0, ZOLA (R EMILE)",50.45199,2.73276
201400032036,2,11,14,23,5,62,186,2,1,2,1,"., SALENGRO (R ROGER)",50.44625,2.7307
201400032037,12,11,14,16,1,62,510,2,1,1,7,"., ABREGAIN (R DE)",50.42392,2.77777
201400032038,19,11,14,8,1,62,186,2,1,1,2,JAURES (R  JEAN),50.44025,2.71985
201400032039,16,11,14,14,1,62,510,1,1,1,3,"., CD58",50.42218,2.77345
201400032040,1,12,14,7,2,62,186,2,1,1,3,"., GARE (PL. DE LA )",50.44832,2.73249
201400032041,11,12,14,18,2,62,510,2,1,1,7,"., MARTIN (R HENRI)",50.42292,2.77095
201400032042,5,12,14,17,2,62,32,2,1,1,3,"., CLEMENCEAU (R GEORGES",50.40807,2.76108
201400032043,21,12,14,18,2,62,510,2,1,1,7,"., LEMAIRE (R FLORIMONT)",50.41826,2.76977
201400032044,16,3,14,17,1,62,197,2,1,1,6,"54, BRUNEHAUT CD 341",50.4804,2.4779
201400032045,27,3,14,23,5,62,555,2,1,1,6,"12, GAMBETTA (RUE LEON )",50.50165,2.50171
201400032046,2,8,14,13,1,62,555,1,2,1,3,CD 188,50.49932,2.52731
201400032047,16,8,14,18,1,62,555,1,2,1,5,CD 188,50.49927,2.52734
201400032048,22,1,14,16,1,62,737,2,1,2,1,"129, NATIONALE (ROUTE",50.4542,2.68442
201400032049,9,4,14,17,1,62,737,2,2,1,3,LIBERTE bld DE LA,50.4444,2.68332
201400032050,8,2,14,19,5,62,617,2,1,1,6,"70, SAILLY (rue de",50.48207,2.66732
201400032051,22,3,14,17,1,62,83,2,1,1,6,"01, TROYES (RUE DE)",50.45486,2.61629
201400032052,28,3,14,8,1,62,83,2,1,1,6,HERSIN rue d',50.45744,2.62297
201400032053,13,4,14,19,1,62,617,1,1,1,1,CD937,50.47052,2.68548
201400032054,21,4,14,12,1,62,540,2,6,1,3,ROND POINT DE LA RD72,50.45093,2.57907
201400032055,15,5,14,8,1,62,737,2,1,1,6,"12, PRINCE (RUE DU )",50.4358,2.67638
201400032056,1,6,14,20,2,62,456,1,1,1,7,RUITZ (RUE DE),50.48017,2.61554
201400032057,19,7,14,16,1,62,540,1,1,1,7,"1, D941",50.45524,2.57303
201400032058,6,8,14,20,1,62,83,2,1,1,1,"7, AMADE (RUE D')",50.44465,2.6139
201400032059,28,8,14,17,1,62,456,1,1,1,1,RD 72,50.47787,2.61071
201400032060,31,8,14,6,2,62,617,1,1,1,6,LAC (AVENUE DU),50.47554,2.67822
201400032061,12,8,14,9,1,62,617,2,1,1,6,"01, CASTELNAU (BD DU G",50.46615,2.67334
201400032062,6,9,14,4,5,62,617,2,9,1,6,"1, BLUM (RUE LEON)",50.48016,2.66559
201400032063,3,11,14,20,5,62,737,2,1,2,6,"14, JAURES (RUE JEAN)",50.45067,2.68595
201400032064,23,8,14,23,5,62,902,2,1,2,6,"24, LAGRANGE (RUE LEO",50.70778,2.22711
201400032065,13,1,14,11,1,62,765,2,1,1,6,"13, HAUT PONT (QUAI DU",50.75731,2.26078
201400032066,17,1,14,17,5,62,525,2,1,2,6,"4, CORDONNIER (Rue DENIS",50.74244,2.24806
201400032067,4,2,14,13,1,62,765,1,1,1,3,SAINT MOMELIN route de,50.78719,2.25134
201400032068,20,2,14,7,2,62,765,2,1,2,6,DE GAULLE (Av Charles,50.74119,2.25767
201400032069,26,5,14,18,1,62,525,2,1,2,3,"18, CLEMENCEAU (AV GEOR",50.74339,2.25011
201400032070,14,7,14,20,1,62,765,2,1,1,6,"71, FAISEURS DE BATEAUX",50.76456,2.26095
201400032071,6,8,14,19,1,62,525,2,1,1,3,REMBRANDT (RUE),50.73927,2.2718
201400032072,31,10,14,10,1,62,757,2,1,7,6,"21, JOFFRE (AVE.... 1A 3",50.75456,2.23821
201400032073,11,11,14,19,5,62,525,2,2,1,3,"., BOUCHER (RUE HELENE..",50.7433,2.27452
201400032074,25,9,14,15,1,62,826,2,1,1,6,"1, PLAGE (BOULEVARD DE L",50.52325,1.58057
201400032075,15,2,14,11,1,62,826,2,2,1,3,"36, LONDRES (RUE DE)",50.52516,1.58554
201400032076,16,3,14,7,2,62,826,2,1,1,6,"1, GENERAL DE GAULLE",50.50812,1.60847
201400032077,13,4,14,11,1,62,826,2,2,1,3,PICARDIE   AVENUE DE,50.51735,1.61024
201400032078,21,4,14,4,5,62,826,2,1,1,6,GENERAL DE GAULLE avenue,50.50876,1.6001
201400032079,12,6,14,12,1,62,826,2,2,1,6,"1, SAINT JEAN (RUE)",50.52401,1.58456
201400032080,11,7,14,0,5,62,826,2,6,3,7,"1, CANADIENS (AVENUE DES",50.51209,1.61561
201400032081,22,7,14,17,1,62,826,2,9,1,6,"35, DALOZ (BOULEVARD)",50.52246,1.58748
201400032082,10,8,14,5,5,62,826,2,2,2,3,LONDRES (rue de ),50.51985,1.58246
201400032083,18,8,14,9,1,62,826,2,3,1,3,"1, CHATEAU (AVENUE DU)",50.51532,1.6061
201400032084,13,8,14,7,2,62,826,2,9,1,2,1 MONTHOR (CHEMIN),50.5096,1.61984
201400032085,20,8,14,15,1,62,826,2,2,1,1,"1, VINCENT (AVENUE)",50.51147,1.60628
201400032086,23,8,14,14,1,62,826,2,1,1,6,"01, DUNKERQUE (AVENUE DE",50.51518,1.58395
201400032087,13,9,14,20,2,62,826,2,2,1,3,"1, DOROTHEE (RUE)",50.51838,1.58204
201400032088,2,10,14,12,1,62,826,2,2,1,4,"1, DALOZ (BOULEVARD)",50.52337,1.58828
201400032089,3,10,14,10,1,62,826,2,2,1,6,"1, SAINT LOUIS (RUE)",50.52313,1.58461
201400032090,23,12,14,11,1,62,826,2,2,2,1,"00, JOSEPH DUBOC (RUE)",50.52704,1.58383
201400032091,4,1,14,7,5,63,75,2,1,1,6,BERTHELOT (BOULEVARD),0.0,0.0
201400032092,4,1,14,9,1,63,113,2,3,1,3,"., LECUELLE (RUE)",45.79301,3.08883
201400032093,9,1,14,16,1,63,113,2,1,1,6,"1, GROLIERE (RUE DE LA)",0.0,0.0
201400032094,12,1,14,17,1,63,113,2,1,1,3,"., SAINT JEAN (BD)",0.0,0.0
201400032095,10,1,14,21,5,63,113,2,3,1,3,"1, LAFAYETTE (BD)",45.76969,3.10252
201400032096,25,1,14,9,1,63,32,2,1,1,6,ROMAGNAT (ROUTE DE),0.0,0.0
201400032097,24,1,14,1,5,63,113,2,1,1,2,POCHET LAGAYE (BD PAUL),0.0,0.0
201400032098,1,2,14,3,3,63,113,2,1,1,2,"., JAURES (BD JEAN)",0.0,0.0
201400032099,30,1,14,14,1,63,308,2,1,1,7,BARRIEU (BOULEVARD),0.0,0.0
201400032100,5,2,14,20,5,63,113,2,1,1,6,"., CARMES DECHAUX (PLACE",0.0,0.0
201400032101,8,2,14,5,5,63,113,2,2,1,3,"1, MICHELIN (AVENUE EDOU",0.0,0.0
201400032102,9,2,14,5,3,63,308,1,1,4,1,"1, CHARADE (BOULEVARD DE",0.0,0.0
201400032103,14,2,14,18,2,63,113,2,1,1,6,"15, PRE LA REINE (RUE DU",45.78176,3.11007
201400032104,21,2,14,20,5,63,113,2,1,1,1,"., LEMOY (RUE ROBERT)",0.0,0.0
201400032105,22,2,14,6,5,63,113,2,2,1,3,"., SABLON (COURS)",0.0,0.0
201400032106,27,2,14,9,1,63,113,2,1,1,6,MAYER (BD DANIEL),0.0,0.0
201400032107,13,3,14,20,5,63,113,2,1,1,6,"42, COTE BLATIN (BD)",45.77037,3.09161
201400032108,9,3,14,20,5,63,75,2,2,1,7,BERTHELOT (BOULEVARD),45.77631,3.07324
201400032109,15,3,14,19,2,63,113,2,2,1,3,"56, BLATIN (RUE)",45.7765,3.0751
201400032110,15,3,14,21,5,63,113,2,1,1,6,"., REPUBLIQUE (AVENUE DE",0.0,0.0
201400032111,16,3,14,13,1,63,75,2,1,1,6,"127, ROYAT (AVENUE DE)",45.77187,3.05979
201400032112,18,3,14,18,3,63,113,2,1,1,1,"130, LIMOUSIN (AVENUE DU",0.0,0.0
201400032113,19,3,14,7,1,63,113,2,1,1,6,BORDEAUX (AVENUE DE),0.0,0.0
201400032114,20,3,14,8,1,63,113,2,1,7,6,"1, ROOSEVELT (AVENUE FRA",0.0,0.0
201400032115,28,3,14,17,1,63,113,2,1,1,1,"., PONT DE NEYRAT (RUE D",0.0,0.0
201400032116,2,4,14,18,1,63,113,2,1,1,6,"., GAILLARD (PLACE GILBE",0.0,0.0
201400032117,7,4,14,16,1,63,113,2,1,1,3,"1, ROND-POINT RENE BERGE",0.0,0.0
201400032118,18,4,14,10,1,63,113,2,1,1,6,"1, BLANZAT (RUE DE)",0.0,0.0
201400032119,10,5,14,17,1,63,70,1,1,1,1,BERZET (ROUTE DE),0.0,0.0
201400032120,24,4,14,8,1,63,113,2,1,1,6,"1, JAURES (BD JEAN)",0.0,0.0
201400032121,23,4,14,11,1,63,113,2,1,1,2,"34, JULIEN (AVENUE)",45.77474,3.0786
201400032122,28,5,14,16,1,63,70,2,1,1,6,D2089,0.0,0.0
201400032123,28,5,14,16,1,63,32,2,1,1,6,"1, D2089",0.0,0.0
201400032124,28,5,14,19,1,63,113,2,2,1,6,"1, COTE BLATIN (BD)",45.76941,3.09097
201400032125,17,5,14,17,1,63,75,2,1,1,3,"1, BRIAND (AVENUE ARISTI",0.0,0.0
201400032126,7,6,14,18,1,63,113,2,1,1,2,"1, SAINT ALYRE (RUE)",0.0,0.0
201400032127,5,6,14,15,1,63,113,2,1,1,3,LIBERATION (AVENUE DE LA,0.0,0.0
201400032128,6,6,14,16,1,63,113,2,1,1,6,"157, CLEMENTEL (BD ETIEN",45.80425,3.10951
201400032129,4,6,14,18,1,63,113,2,1,1,6,CHANELLES (RUE DES),45.79006,3.07891
201400032130,11,6,14,12,1,63,113,2,2,1,3,"1, BARBIER DAUBREE (AVEN",45.7885,3.09554
201400032131,13,6,14,18,1,63,113,2,1,1,6,"121, REPUBLIQUE (AVENUE",45.78934,3.10841
201400032132,19,6,14,8,1,63,113,2,1,1,6,"1, BATHOL (RUE FRANCISQU",0.0,0.0
201400032133,21,6,14,17,1,63,113,2,1,1,2,"1, RENOUX (PLACE)",0.0,0.0
201400032134,26,6,14,8,1,63,113,2,1,1,3,"., ORADOU (RUE DE L')",0.0,0.0
201400032135,19,6,14,7,1,63,113,2,1,1,6,"., QUINET (BD EDGAR)",0.0,0.0
201400032136,3,7,14,10,1,63,113,2,1,1,6,CHAMBRETTES (RUE DES),0.0,0.0
201400032137,9,7,14,4,5,63,113,2,1,1,6,"99, REPUBLIQUE (AVENUE D",45.78693,3.10391
201400032138,12,7,14,2,5,63,113,2,3,1,2,"., LAVOISIERS (BD)",45.78499,3.07794
201400032139,13,7,14,6,1,63,113,2,2,1,6,UNION SOVIETIQUE / fleur,45.77722,3.09642
201400032140,18,7,14,11,1,63,113,2,1,1,6,"., BLATIN (RUE)",0.0,0.0
201400032141,20,7,14,6,1,63,113,2,1,1,6,"1, REPUBLIQUE (AVENUE DE",0.0,0.0
201400032142,18,7,14,15,1,63,113,2,1,1,2,"41, JOUHAUX (BD LEON)",45.7919,3.11632
201400032143,20,7,14,4,5,63,113,2,3,3,3,"., JACOBINS (RUE DES)",45.78222,3.09528
201400032144,31,7,14,12,1,63,113,2,1,1,7,"., GANDAILLAT (CHEMIN DI",0.0,0.0
201400032145,31,7,14,19,1,63,113,2,5,1,6,"., MICHELIN (AVENUE EDOU",45.78223,3.09541
201400032146,6,8,14,22,5,63,113,2,1,1,6,"184, ORADOU (RUE DE L')",45.76925,3.11602
201400032147,11,8,14,20,1,63,113,2,1,1,6,"3, NEYRAT (RUE DE)",45.81078,3.10229
201400032148,5,8,14,12,1,63,32,2,1,1,3,"1, POURLIAT (ROND-POINT",45.73095,3.19986
201400032149,10,8,14,2,5,63,113,2,1,1,3,SABLON (COURS),0.0,0.0
201400032150,19,8,14,19,1,63,70,2,1,1,1,"1, MONTROGNON (RUE DE)",45.43919,9.30408
201400032151,20,8,14,21,5,63,113,2,1,1,6,JOUHAUX (BD LEON),0.0,0.0
201400032152,21,8,14,15,1,63,70,2,1,1,7,D2089,0.0,0.0
201400032153,21,8,14,14,1,63,32,2,1,1,3,"9TER, LECLERC (AVENUE DU",45.75382,3.08483
201400032154,30,8,14,21,5,63,113,2,3,1,3,"1, MARCHADIER (RUE ROBER",45.79531,3.10979
201400032155,3,9,14,18,1,63,113,2,3,1,3,"., LAVOISIERS (BD)",45.78349,3.07524
201400032156,6,9,14,0,5,63,113,1,4,1,3,"X, AGRICULTURE (AVENUE D",45.77886,3.12625
201400032157,7,9,14,18,1,63,113,2,1,1,6,"14, CLAUDIUS (CHAUSSEE)",45.7844,3.09766
201400032158,5,9,14,16,1,63,113,2,1,1,6,"120, BLUM (AVENUE LEON)",45.76474,3.09777
201400032159,19,9,14,15,1,63,113,2,1,1,3,"1, CLARET (RUE JEAN)",0.0,0.0
201400032160,26,9,14,7,2,63,113,2,3,1,3,"1, BARRE (ALLEE DE LA)",45.79184,3.0992
201400032161,16,9,14,7,2,63,113,2,3,1,3,"1, BARRE (ALLEE DE LA)",45.79187,3.09922
201400032162,8,10,14,12,1,63,113,2,1,1,6,"1, JOUHAUX (BD LEON)",0.0,0.0
201400032163,10,10,14,17,1,63,113,2,1,2,1,"1, MAYER (BD DANIEL)",0.0,0.0
201400032164,15,10,14,13,1,63,113,2,1,1,6,"13, BERGOUGNAN (AVENUE R",45.78286,3.07136
201400032165,17,10,14,11,1,63,113,2,2,1,6,"., SABLON (COURS)",45.77628,3.09007
201400032166,28,10,14,2,5,63,113,2,1,5,4,"0, CLEMENTEL (BD ETIENNE",0.0,0.0
201400032167,28,10,14,8,1,63,75,2,1,1,6,"69, ROYAT (AVENUE DE)",45.77523,3.06547
201400032168,30,10,14,21,5,63,14,2,1,1,3,"1, ROUSSILLON (AVENUE DU",0.0,0.0
201400032169,31,10,14,16,1,63,113,2,1,1,3,"., SAINT JEAN (BD)",0.0,0.0
201400032170,29,10,14,7,1,63,113,2,1,1,3,"1, GILBERT (RUE EUGENE)",0.0,0.0
201400032171,4,11,14,11,1,63,113,2,1,8,3,"70, JAURES (BD JEAN)",45.76862,3.07844
201400032172,22,11,14,2,5,63,113,2,1,1,7,"3, LANDAIS (AVENUE DES)",45.76475,3.11023
201400032173,10,11,14,9,1,63,113,1,1,1,2,"*, BLERIOT (AVENUE LOUIS",0.0,0.0
201400032174,25,11,14,19,5,63,113,2,1,8,1,"1, BINGEN (BD JACQUES)",0.0,0.0
201400032175,23,11,14,16,1,63,113,1,1,1,1,CHARTOIRE (BD LOUIS),0.0,0.0
201400032176,27,11,14,1,5,63,14,2,1,8,6,"1, ROUSSILLON (AVENUE DU",0.0,0.0
201400032177,24,11,14,17,5,63,113,2,1,1,6,"X, VERCINGETORIX (AVENUE",0.0,0.0
201400032178,28,11,14,17,2,63,113,1,3,1,3,"., RIBOT (RUE ALEXANDRE)",45.76224,3.09473
201400032179,30,11,14,8,1,63,113,2,1,1,6,"3, MONTALEMBERT (RUE)",45.76044,3.09377
201400032180,28,11,14,19,5,63,113,2,1,3,5,"115, ORADOU (RUE DE L')",45.77008,3.10802
201400032181,30,11,14,15,1,63,113,2,1,1,3,"*, REPUBLIQUE (AVENUE DE",0.0,0.0
201400032182,29,11,14,16,1,63,113,2,1,8,6,"31, GUYNEMER (RUE)",45.77986,3.10735
201400032183,31,10,14,20,5,63,113,2,1,1,3,VIVIANI (RUE),0.0,0.0
201400032184,5,12,14,13,1,63,113,2,1,1,6,"25, CLEMENTEL (BD ETIENN",45.79649,3.11264
201400032185,13,12,14,5,3,63,32,1,1,1,6,"., POURLIAT (ROND-POINT",0.0,0.0
201400032186,9,12,14,8,2,63,113,2,1,9,6,"1, BENNETT (RUE GORDON)",0.0,0.0
201400032187,14,12,14,23,5,63,113,2,2,8,3,"1, DORMOY (AVENUE MARX)",45.76542,3.08225
201400032188,11,12,14,14,1,63,113,2,1,1,6,"11, SAINT RAMES (RUE)",45.77413,3.1021
201400032189,12,12,14,11,1,63,113,2,3,1,6,MARCHADIER (RUE ROBERT),45.79529,3.11038
201400032190,22,12,14,15,1,63,32,2,2,1,3,HUIT MAI 1945 (ESPLANADE,45.75329,3.08799
201400032191,25,12,14,22,5,63,113,2,2,1,6,"., BARBIER DAUBREE (AVEN",45.78839,3.09554
201400032192,13,12,14,15,1,63,113,2,1,1,6,"1, MONTLOSIER (RUE)",0.0,0.0
201400032193,11,1,14,14,1,63,69,2,1,1,6,MERMOZ (RUE JEAN),45.72845,3.18613
201400032194,20,1,14,8,2,63,124,2,1,2,6,JACQUET (RUE PIERRE),45.73804,3.19324
201400032195,24,1,14,9,1,63,193,2,1,2,3,"46, BARDINES (RUE DES)",45.77631,3.20211
201400032196,24,1,14,18,5,63,124,2,8,9,1,"60, MIDI (AVENUE DU)",0.0,0.0
201400032197,30,1,14,17,1,63,193,2,2,1,3,RD 769,0.0,0.0
201400032198,30,1,14,23,5,63,124,2,3,1,6,SAINT-EXUPERY (RUE),45.75124,3.16053
201400032199,7,2,14,8,1,63,124,2,1,1,7,"29, LEMPDES (AVENUE DE)",0.0,0.0
201400032200,11,2,14,9,1,63,69,2,2,1,6,ANCIENS COMBATTANTS D'AF,45.71847,3.18444
201400032201,19,2,14,17,1,63,69,1,1,1,7,MARTRES (ROUTE DES),45.71411,3.19372
201400032202,25,2,14,8,2,63,69,2,6,1,6,STADE (AVENUE DU),45.71806,3.18824
201400032203,1,3,14,15,1,63,124,2,3,1,3,RUE RENE LAENNEC,45.74581,3.2052
201400032204,4,3,14,9,1,63,193,1,1,2,2,BOULANGER (RUE PIERRE),0.0,0.0
201400032205,9,3,14,9,1,63,124,2,1,1,7,"29, PASTEUR (BOULEVARD)",45.72749,3.20242
201400032206,12,3,14,8,1,63,124,2,1,1,6,"15, LIBERTE (AVENUE DE L",45.73683,3.19502
201400032207,5,4,14,17,1,63,124,2,2,1,3,CENDRE (ROUTE DU),0.0,0.0
201400032208,2,4,14,17,1,63,193,2,2,1,2,RD 766,0.0,0.0
201400032209,4,4,14,8,1,63,124,2,2,1,3,LIVRADOIS (AVENUE DU),45.7316,3.19991
201400032210,23,4,14,16,1,63,124,2,3,1,6,"1, Traverse DOMES/CLEMEN",45.73195,3.1933
201400032211,22,4,14,18,1,63,193,2,1,1,2,GRASSETTE (RUE DE LA),45.77393,3.18013
201400032212,28,4,14,4,5,63,124,2,3,1,2,GARDET (PLACE JOSEPH),45.73955,3.19709
201400032213,25,4,14,17,1,63,124,1,4,2,3,CENDRE (ROUTE DU),45.73193,3.18249
201400032214,26,4,14,18,1,63,124,1,1,2,1,LAVEUSES (RUE DES),45.73937,3.22256
201400032215,30,4,14,13,1,63,124,2,9,2,7,LIBERATION (AV. DE LA),45.73076,3.19109
201400032216,14,5,14,16,1,63,193,2,2,1,5,RD 769,0.0,0.0
201400032217,30,5,14,9,1,63,124,2,3,1,6,DOMES (AVENUE DES),45.73149,3.193
201400032218,5,7,14,18,1,63,272,2,3,1,3,"21, REPUBLIQUE (AVENUE D",45.72757,3.14569
201400032219,7,7,14,16,1,63,124,2,3,1,6,CENDRE (ROUTE DU),45.7464,3.16371
201400032220,2,8,14,7,1,63,124,2,2,1,7,LIVRADOIS (AVENUE DU),45.73095,3.19986
201400032221,9,8,14,13,1,63,193,1,1,1,3,RD 769,0.0,0.0
201400032222,29,8,14,20,5,63,124,2,4,1,3,GARDET (PLACE JOSEPH),45.73979,3.19735
201400032223,7,9,14,17,1,63,124,2,2,1,3,AUBIERE (AV. D'),45.73727,3.17485
201400032224,29,9,14,10,1,63,124,2,2,2,3,LIVRADOIS (AVENUE DU),45.73158,3.19994