Num_Acc,jour,mois,an,hr,condition_eclairage,departement,commune,condition_agglomeration,intersection,condition_atmosphere,type_collision,adresse,lattitude,longitude
201400032225,6,10,14,8,2,63,193,2,4,1,6,GRANGES (RUE DES),45.7696,3.19122
201400032226,27,11,14,14,1,63,124,2,3,1,3,DE GAULLE (BOULEVARD CHA,45.74473,3.17155
201400032227,29,11,14,20,3,63,193,2,1,1,1,RD 52,0.0,0.0
201400032228,17,4,14,18,1,63,63,2,1,1,6,LEMOY (RUE R.) park LIDL,45.81772,3.11342
201400032229,2,6,14,19,1,63,164,2,1,1,6,"., ONZE NOVEMBRE (RUE DU",45.82413,3.14961
201400032230,18,6,14,20,2,63,164,2,1,1,6,étincelle / pont,45.82721,3.14001
201400032231,21,6,14,11,1,63,164,2,1,1,6,"., FONTCHENILLE (ALLEE D",45.81786,3.15395
201400032232,20,6,14,14,1,63,164,2,1,1,6,,45.83329,3.15845
201400032233,10,7,14,16,1,63,164,1,1,2,6,"8, EUROPE (BOULEVARD DE",45.83721,3.13125
201400032234,13,9,14,17,1,63,63,2,1,1,6,"7, FERRY (IMPASSE JEAN)",45.82863,3.1009
201400032235,25,9,14,20,3,63,164,2,1,1,6,Fr Mitterrand,45.82834,3.15803
201400032236,24,10,14,14,1,63,164,2,1,1,6,"0, ONZE NOVEMBRE (RUE DU",45.82484,3.14999
201400032237,23,11,14,17,3,63,19,2,1,1,6,"32, HLM LE BREUIL",45.79541,3.1667
201400032238,21,11,14,14,1,63,19,2,2,1,3,"1, AEROPORT CLERMONT-AUV",45.79164,3.16525
201400032239,5,12,14,17,3,63,164,2,1,1,2,CEBAZAT (ROUTE DE),45.82294,3.1372
201400032240,12,1,14,19,3,63,103,1,1,1,5,RD 227,45.54343,3.45699
201400032241,24,1,14,18,2,63,103,2,1,2,6,"28, BARADUC (AVENUE)",45.55104,3.45699
201400032242,17,3,14,14,1,63,300,2,1,1,6,"09, MALOUET (RUE)",45.89436,3.11259
201400032243,12,4,14,10,1,63,300,2,2,1,6,"32, CROISIER (RUE)",45.89167,3.11382
201400032244,19,6,14,8,1,63,300,2,6,5,3,RD 224,45.53219,3.45699
201400032245,18,7,14,7,1,63,300,1,1,1,3,RD 224,45.53193,3.45699
201400032246,23,7,14,17,1,63,300,2,1,1,6,"9, RD 224",45.5329,3.45699
201400032247,5,8,14,17,1,63,300,1,3,1,3,RD 78,45.5216,3.45699
201400032248,17,8,14,17,1,63,212,2,1,1,6,"5B, CHANEAUX (RUE DES)",45.87362,3.07202
201400032249,14,10,14,19,5,63,300,2,2,2,6,"4, RD 2029",45.53347,3.45699
201400032250,6,11,14,19,3,63,245,1,1,1,1,RD 455,45.5353,3.4569
201400032251,27,11,14,7,2,63,300,2,9,8,6,"10, RD 2029",45.89345,3.1091
201400032252,8,12,14,7,2,63,300,1,1,8,4,RD 2009,0.0,0.0
201400032253,1,1,14,9,1,64,102,2,1,1,7,PONT DU LABOURD,0.0,0.0
201400032254,4,1,14,0,5,64,24,2,1,8,7,AV DE BAYONNE,0.0,0.0
201400032255,7,1,14,17,2,64,102,2,3,1,7,PONT DU GENIE,0.0,0.0
201400032256,9,1,14,18,5,64,140,2,2,1,3,"., GAULLE (AV CHARLES DE",0.0,0.0
201400032257,13,1,14,17,2,64,24,2,3,1,3,AV DE BIARRITZ,0.0,0.0
201400032258,15,1,14,16,1,64,24,2,1,1,3,RUE DE HAUSQUETTE,0.0,0.0
201400032259,16,1,14,14,1,64,102,2,1,1,3,42 CHEMIN DE SABALCE,0.0,0.0
201400032260,29,1,14,19,5,64,24,2,3,3,3,RUE DE HARDOY,0.0,0.0
201400032261,7,2,14,16,1,64,24,2,1,1,6,BD DES PLAGES,0.0,0.0
201400032262,7,2,14,19,5,64,24,2,3,1,3,AV JL LAPORTE,0.0,0.0
201400032263,15,2,14,11,1,64,24,2,1,2,3,133 AV DE L' ADOUR,0.0,0.0
201400032264,17,2,14,17,1,64,24,2,3,1,7,AV DE L'ADOUR,0.0,0.0
201400032265,20,2,14,13,1,64,140,2,1,1,1,38 RUE GEORGE LASSALLE,0.0,0.0
201400032266,7,3,14,7,1,64,102,2,3,1,6,19 bis CHEMIN BERNARD,0.0,0.0
201400032267,7,3,14,20,5,64,102,2,1,1,5,AV CPT RESPLANDY,0.0,0.0
201400032268,9,3,14,17,1,64,102,2,1,1,2,PONT GRENET,0.0,0.0
201400032269,10,3,14,17,1,64,102,2,1,1,3,67 AV CPT RESPLANDY,0.0,0.0
201400032270,14,3,14,7,2,64,24,2,1,1,6,16 RUE JUSTIN LARREBAT,0.0,0.0
201400032271,16,3,14,0,5,64,102,2,1,1,7,AV ALLEES PAULMY,0.0,0.0
201400032272,17,3,14,19,5,64,24,2,3,1,1,45 AV DE BIARRITZ,0.0,0.0
201400032273,19,3,14,22,5,64,102,2,2,1,3,BD ALSACE LORRAINE,0.0,0.0
201400032274,20,3,14,17,1,64,24,2,3,1,5,ROUTE DE MAIGNON,0.0,0.0
201400032275,25,3,14,21,5,64,24,2,2,3,3,AV DE BIARRITZ,43.48104,-1.53472
201400032276,1,4,14,11,1,64,24,2,1,1,6,9 ROUTE DE PITOYS,0.0,0.0
201400032277,5,4,14,17,1,64,140,2,1,1,2,GIFI BOUCAU,0.0,0.0
201400032278,7,4,14,8,1,64,102,2,3,1,3,21 RUE DOC LEON MOYNAC,0.0,0.0
201400032279,9,4,14,11,1,64,24,2,1,1,6,32 RUE DE LAMIGOTTE,0.0,0.0
201400032280,12,4,14,22,5,64,102,2,1,1,6,78 AV MARECHAL SOULT,0.0,0.0
201400032281,14,4,14,14,1,64,24,2,1,1,7,RP CAPITAINERIE,0.0,0.0
201400032282,16,4,14,14,1,64,24,2,3,1,3,AV DE BAYONNE,0.0,0.0
201400032283,17,4,14,7,1,64,24,2,3,1,6,RUE DE HARDOY,0.0,0.0
201400032284,17,4,14,17,1,64,102,2,3,1,3,CHEMIN DE HARGOUS,0.0,0.0
201400032285,21,4,14,18,1,64,102,2,1,1,2,70 AV MARECHAL SOULT,0.0,0.0
201400032286,3,5,14,8,1,64,102,2,1,1,7,14 RUE DE LACHEPAILLET,0.0,0.0
201400032287,3,5,14,13,1,64,102,2,1,1,7,RUE CORSAIRE SOUSTRA,0.0,0.0
201400032288,9,5,14,9,1,64,102,2,1,1,1,AV DE L'AQUITAINE,0.0,0.0
201400032289,13,5,14,8,1,64,102,2,1,8,2,RUE CORSAIRE SOUSTRA,0.0,0.0
201400032290,15,5,14,17,1,64,102,2,6,1,5,RP PIECE NOYEE,0.0,0.0
201400032291,17,5,14,4,5,64,24,2,1,1,7,"14, ESPAGNE (AVENUE D')",0.0,0.0
201400032292,18,5,14,14,1,64,24,2,1,1,2,"163, MONTBRUN (AVENUE DE",0.0,0.0
201400032293,18,5,14,21,1,64,24,2,1,1,7,"., MER (BOULEVARD DE LA)",0.0,0.0
201400032294,21,5,14,23,5,64,140,2,1,8,6,"92, POLITZER (RUE GEORGE",0.0,0.0
201400032295,27,5,14,20,1,64,24,2,3,1,3,"5, EUGENE BERNAIN (AVENU",0.0,0.0
201400032296,3,6,14,17,1,64,102,2,3,1,1,"., PAUL PRAS (AVENUE)",43.48399,-1.47669
201400032297,4,6,14,6,2,64,102,2,6,2,7,AV HENRI DE NAVARRE,43.50472,-1.44683
201400032298,5,6,14,15,1,64,102,2,1,1,4,47 AV ALLEES MARINES,43.49885,-1.48832
201400032299,11,6,14,15,1,64,24,2,1,1,2,PROMENADE DES FALAISES,43.49735,-1.5403
201400032300,13,6,14,21,1,64,24,2,3,1,3,"., PYRENEES (AVENUE DES)",43.50243,-1.50713
201400032301,15,6,14,7,1,64,102,2,2,1,3,AV LOUIS DE FOIX,43.50636,-1.46724
201400032302,15,6,14,23,5,64,24,2,1,1,7,"95, QUATRE CANTONS (RUE",43.48817,-1.52677
201400032303,17,6,14,19,1,64,102,2,6,1,1,chemin de SABALCE,43.49379,-1.49162
201400032304,20,6,14,2,5,64,102,2,1,1,7,BAB (Boulevard),43.4982,-1.49075
201400032305,21,6,14,17,1,64,24,2,2,1,3,allée Pr Parking BAB2,43.4905,-1.49785
201400032306,23,6,14,9,1,64,24,2,1,1,7,"40,promenade de la BARRE",43.49897,-1.52766
201400032307,24,6,14,13,1,64,102,2,1,1,5,Av HENRI GRENET,43.50385,-1.47428
201400032308,28,6,14,15,1,64,24,2,1,1,3,Av de BAYONNE,43.48138,-1.51099
201400032309,1,7,14,13,1,64,102,2,3,2,7,Bd ALSACE LORRAINE,43.49428,-1.46773
201400032310,9,7,14,12,1,64,102,2,1,8,3,Av H GRENET,43.5041,-1.47325
201400032311,9,7,14,15,1,64,24,2,3,1,2,Av de BAYONNE,43.48134,-1.51099
201400032312,11,7,14,13,1,64,140,2,1,1,7,"., BAZE (Z.A. DU)",0.0,0.0
201400032313,17,7,14,22,2,64,102,2,1,1,6,"19,Allées  MARINES",43.49672,-1.48275
201400032314,22,7,14,9,1,64,102,2,2,1,3,Av LOUIS DE FOIX,43.50634,-1.46724
201400032315,23,7,14,23,5,64,24,2,6,1,7,Rond point de la BARRE,43.52601,-1.51678
201400032316,26,7,14,1,5,64,102,2,1,1,2,Av MARECHEL SOULT,0.0,0.0
201400032317,26,7,14,5,5,64,24,2,6,8,7,RD 810 RD PT  BERNAIN,43.48149,-1.50976
201400032318,28,7,14,19,1,64,24,2,3,8,3,"38-40, ESPAGNE (AVENUE D",0.0,0.0
201400032319,29,7,14,15,1,64,102,2,1,1,2,"47, ALLEES MARINES",43.48598,-1.46101
201400032320,4,8,14,1,5,64,102,2,1,8,7,AV DE L AQUITAINE,0.0,0.0
201400032321,6,8,14,18,1,64,24,2,1,1,3,3 AV  BIARRITZ,43.48039,-1.51681
201400032322,12,8,14,5,3,64,24,2,1,1,7,30 AV D' ESPAGNE,0.0,0.0
201400032323,12,8,14,8,1,64,24,2,3,1,3,AV D'ESPAGNE,0.0,0.0
201400032324,14,8,14,7,1,64,24,2,1,2,7,ROND POINT DE JORLIS,43.49814,-1.49356
201400032325,18,8,14,16,1,64,24,2,6,1,4,ROND POINT DE BAHINOS,43.49419,-1.51905
201400032326,20,8,14,15,1,64,102,2,3,8,3,ALLEES MARINES,43.50312,-1.49458
201400032327,20,8,14,22,5,64,24,2,1,1,3,19 RUE DES BARTHES,43.48423,-1.50669
201400032328,2,9,14,17,1,64,102,2,6,1,7,AV JEAN DARRIGRAND,43.47848,-1.49197
201400032329,10,9,14,10,1,64,102,2,1,1,7,AV INTERNE JACQUES LOEB,43.47844,-1.48425
201400032330,10,9,14,15,1,64,102,2,6,1,3,ROND POINT SAINT LEON,43.48845,-1.48269
201400032331,11,9,14,12,1,64,140,2,3,1,2,BOULEVARD J DUCLOS,0.0,0.0
201400032332,14,9,14,19,1,64,102,2,1,1,7,12 RUE DES LILAS,43.50585,-1.4713
201400032333,17,9,14,8,1,64,102,2,1,1,6,"7, VITAL BIRABEN (AVENUE",0.0,0.0
201400032334,17,9,14,12,1,64,102,1,3,1,2,AV DU GRAND BASQUE,0.0,0.0
201400032335,26,9,14,14,1,64,102,2,1,1,6,160 AV HENRI DE NAVARRE,0.0,0.0
201400032336,30,9,14,7,1,64,24,2,1,2,5,38 AVENUE DE  BIARRITZ,43.48014,-1.52274
201400032337,30,9,14,12,1,64,24,2,3,8,7,RUE DE CHASSIN,43.48869,-1.53017
201400032338,1,10,14,17,1,64,102,2,1,1,7,RUE DE LA FEUILLEE,43.48493,-1.49939
201400032339,1,10,14,18,1,64,102,2,1,1,6,AV HENRI GRENET,43.50368,-1.46921
201400032340,3,10,14,22,5,64,102,2,1,1,3,PLACE PAUL BERT,43.48993,-1.47141
201400032341,6,10,14,16,1,64,102,2,1,1,7,15 REMPART LACHEPAILLET,43.48934,-1.4793
201400032342,7,10,14,5,5,64,24,2,1,1,7,159 RUE DE  HAUSQUETTE,43.50006,-1.5045
201400032343,11,10,14,18,1,64,102,2,1,1,3,AVENUE MARECHAL SOULT,0.0,0.0
201400032344,15,10,14,19,2,64,102,2,3,1,3,115 AV MARECHAL SOULT,0.0,0.0
201400032345,14,10,14,12,1,64,24,2,1,1,2,ROUTE DE PITOYS,43.46353,-1.51093
201400032346,16,10,14,18,1,64,24,2,1,1,6,77 AVENUE ADOUR,43.50913,-1.49893
201400032347,17,10,14,17,1,64,102,2,3,1,3,AVENUE MARECHAL SOULT,0.0,0.0
201400032348,19,10,14,8,1,64,102,2,1,1,7,AVENUE JEAN DARRIGRAND,43.48115,-1.48824
201400032349,24,10,14,11,1,64,102,2,1,1,7,QUAI AMIRAL SALA,43.4954,-1.47121
201400032350,24,10,14,11,1,64,102,2,6,1,3,114 RUE MAUBEC,43.50116,-1.46705
201400032351,26,10,14,14,1,64,24,2,3,1,3,PROMENADE DE LA BARRE,43.50824,-1.52223
201400032352,28,10,14,16,1,64,102,2,1,1,6,58 BD ALSACE LORRAINE,43.49243,-1.46514
201400032353,29,10,14,16,1,64,102,2,1,1,5,AVENUE D'AQUITAINE,0.0,0.0
201400032354,30,10,14,18,2,64,102,2,1,1,7,QUAI DE LESSEPS,43.49848,-1.48048
201400032355,31,10,14,11,1,64,24,2,3,1,6,AVENUE DE BAYONNE,0.0,0.0
201400032356,3,11,14,19,5,64,102,2,1,2,1,AVENUE  PAUL PRAS,43.48476,-1.47644
201400032357,3,11,14,18,5,64,24,2,1,2,7,ROUTE DE  PITOYS,43.46373,-1.5212
201400032358,8,11,14,20,5,64,102,2,3,1,2,BD  ALSACE LORRAINE,43.49464,-1.46838
201400032359,19,11,14,13,1,64,102,2,1,1,3,PLACE DE L'ARSENAL,43.4894,-1.47189
201400032360,20,11,14,18,5,64,24,2,6,1,6,RUE CHARLES KRAEMER,43.49488,-1.52821
201400032361,28,11,14,18,2,64,24,2,1,1,3,AVENUE DE BIARRITZ,43.48018,-1.52214
201400032362,30,11,14,15,1,64,102,2,1,8,7,ROND POINT BEYRIS,43.47864,-1.49251
201400032363,30,11,14,17,5,64,102,2,1,2,7,AVENUE HENRI GRENET,43.5036,-1.46807
201400032364,6,12,14,20,5,64,102,2,1,1,2,AVENUE MARECHAL SOULT,0.0,0.0
201400032365,10,12,14,19,5,64,102,2,1,2,4,AVENUE MARECHAL SOULT,0.0,0.0
201400032366,12,12,14,16,1,64,102,2,1,1,7,DUVERGIER DE HAURANNE,43.48938,-1.46804
201400032367,18,12,14,8,1,64,24,2,1,2,6,PROMENADE DU PARC BELAY,43.47704,-1.52009
201400032368,21,12,14,11,1,64,102,2,1,1,7,89 AVENUE LOUIS DE FOIX,0.0,0.0
201400032369,26,12,14,18,5,64,102,2,1,2,3,GIRATOIRE BEYRIS,43.47821,-1.49277
201400032370,26,12,14,23,5,64,24,2,1,1,2,BOULEVARD DU BAB,0.0,0.0
201400032371,31,12,14,13,1,64,102,2,1,1,1,CHEMIN DE SAINT BERNARD,0.0,0.0
201400032372,1,1,14,5,5,64,125,2,1,1,1,66 AV ATHERBEA,0.0,0.0
201400032373,28,1,14,11,1,64,122,2,1,1,3,46 AV KENNEDY,0.0,0.0
201400032374,7,2,14,11,1,64,122,2,1,1,6,9 BD PRINCE DE GALLES,0.0,0.0
201400032375,16,2,14,17,1,64,125,2,1,1,3,AV DU PLATEAU,0.0,0.0
201400032376,16,3,14,4,5,64,122,2,1,1,3,10 AV DE LA MARNE,0.0,0.0
201400032377,4,4,14,18,1,64,122,2,1,1,6,ALLEE DORZIAT GABRIELLE,0.0,0.0
201400032378,16,4,14,20,1,64,122,2,6,1,3,ROND POINT DU MOUSSE,43.46793,-1.54001
201400032379,23,4,14,20,2,64,122,2,1,1,3,AV DE LA MARNE/LAHOUZE,0.0,0.0
201400032380,1,5,14,18,1,64,122,2,1,8,6,BD MARCEL DASSAULT,0.0,0.0
201400032381,2,5,14,16,1,64,122,2,1,1,2,13 AV MARECHAL FOCH,0.0,0.0
201400032382,5,5,14,7,1,64,125,2,1,1,2,4 RUE DE L'ETAPE,0.0,0.0
201400032383,10,5,14,11,1,64,122,2,6,1,7,5 AV DE LA MILADY,0.0,0.0
201400032384,13,5,14,11,1,64,122,2,1,1,3,80 AV KENNEDY,0.0,0.0
201400032385,15,6,14,10,1,64,122,2,1,1,2,"21, BRAOU (AVENUE DU)",43.47892,-1.53609
201400032386,17,6,14,5,5,64,122,2,3,1,7,rue REGINA,43.49073,-1.55106
201400032387,17,6,14,11,1,64,122,2,1,1,1,RD 810,43.46052,-1.54719
201400032388,21,6,14,16,1,64,122,2,1,1,6,3 rue JOSEPH PETIT,43.48295,-1.5583
201400032389,22,6,14,9,1,64,122,2,1,1,7,Av Maréchal FOCH,43.47926,-1.55867
201400032390,27,6,14,22,5,64,122,2,1,8,3,35 rue Maréchel JOFFRE,43.47646,-1.56239
201400032391,28,6,14,15,1,64,122,2,1,1,7,8 Av EDOUARD VII,43.48259,-1.55888
201400032392,29,6,14,4,5,64,122,2,1,9,6,21 Av EDOUARD VII,43.48431,-1.55741
201400032393,9,7,14,3,5,64,122,2,1,1,6,65 av LAHOUZE,43.47751,-1.55089
201400032394,15,7,14,2,5,64,122,2,1,1,6,63 AV MILADY,43.46709,-1.57081
201400032395,16,7,14,17,1,64,125,2,1,1,1,Avenue ATHERBEA,43.43292,-1.59592
201400032396,18,7,14,11,1,64,122,2,1,2,7,av REINE VICTORIA,0.0,0.0
201400032397,21,7,14,9,1,64,122,2,1,1,3,Av Maréchal FOCH,43.47933,-1.55864
201400032398,31,7,14,18,1,64,125,2,1,1,1,Av de  BIARRITZ,0.0,0.0
201400032399,1,8,14,22,5,64,122,2,1,1,5,Bd MARCEL DASSAULT (viad,0.0,0.0
201400032400,3,8,14,23,5,64,122,2,1,2,2,"3, Av EDOUARD VII",43.48338,-1.55876
201400032401,5,8,14,15,1,64,122,2,1,1,2,RUE DU PORT VIEUX,43.48206,-1.56845
201400032402,5,7,14,15,1,64,122,2,1,1,2,rue du PORT VIEUX,43.4821,-1.56598
201400032403,6,8,14,11,1,64,122,2,1,1,6,40 AV DE VERDUN,43.48182,-1.55415
201400032404,9,8,14,18,1,64,125,2,1,1,6,ALLEE  ANTOINE D'ABBADIE,43.44571,-1.55349
201400032405,10,8,14,13,1,64,122,2,9,1,3,AV DE LA MILADY,43.46153,-1.57062
201400032406,17,8,14,11,1,64,122,2,1,1,6,108 AV DE  VERDUN,43.48084,-1.54533
201400032407,23,8,14,12,1,64,122,2,1,1,6,8 RUE  PELLOT,43.48566,-1.55392
201400032408,28,8,14,0,5,64,122,2,1,1,6,17 BIS AV MARECHAL FOCH,43.47998,-1.55857
201400032409,1,9,14,9,1,64,122,2,1,1,5,1 BOULEVARD DE CASCAIS,43.47353,-1.54557
201400032410,3,9,14,15,1,64,122,2,2,1,3,(AVENUE DE GRAMMONT,43.47389,-1.5548
201400032411,3,9,14,19,1,64,122,2,3,1,3,AVENUE DU LAC MARION,43.46999,-1.55257
201400032412,11,9,14,18,1,64,122,2,1,1,3,AV DU PRESIDENT KENNEDY,43.46085,-1.54862
201400032413,14,9,14,16,1,64,122,2,1,1,6,AVENUE D'ILBARRITZ,43.46198,-1.57056
201400032414,17,9,14,11,1,64,122,2,1,1,3,1 RUE GUY PETIT,43.47841,-1.5553
201400032415,22,9,14,8,1,64,122,2,1,1,1,BD MARCEL DASSAULT,0.0,0.0
201400032416,3,10,14,8,1,64,122,2,1,9,7,RUE ALAN SEEGER,43.45827,-1.54739
201400032417,10,10,14,17,1,64,122,2,1,1,6,RUE CHAPELET,43.45976,-1.54538
201400032418,1,11,14,17,1,64,125,2,1,2,6,760 AVENUE D' ESPAGNE,0.0,0.0
201400032419,2,11,14,12,1,64,122,2,1,1,7,19 AV ALPHONSE XIII,43.49136,-1.55064
201400032420,5,11,14,14,1,64,122,2,1,2,7,ROND POINT DU MOUSSE,0.0,0.0
201400032421,7,11,14,9,1,64,122,2,1,1,6,48 AVENUE KENNEDY,43.47134,-1.55533
201400032422,10,11,14,10,1,64,122,2,2,1,6,AVENUE DU JARDIN PUBLIC,43.48011,-1.5605
201400032423,15,11,14,18,5,64,125,2,1,8,3,931 AVENUE DE  BIARRITZ,0.0,0.0
201400032424,21,11,14,14,1,64,125,2,1,1,1,AVENUE D'ESPAGNE,0.0,0.0
201400032425,7,12,14,11,1,64,122,2,1,1,3,AVENUE KENNEDY,43.47456,-1.55726
201400032426,12,12,14,4,3,64,125,2,1,2,7,74 RUE CALAMARDIN,43.4389,-1.57741
201400032427,12,12,14,9,1,64,122,2,1,1,3,110 AVENUE DE VERDUN,43.48082,-1.54532
201400032428,15,12,14,14,1,64,122,2,1,1,3,68 AVENUE DE LA MARNE,43.48278,-1.54535
201400032429,2,1,14,12,1,64,445,2,1,1,6,22 RUE PALASSOU,0.0,0.0
201400032430,6,1,14,7,2,64,129,2,1,2,6,198 AV JEAN MERMOZ,0.0,0.0
201400032431,3,1,14,15,1,64,445,2,2,2,3,"0, COPERNIC",0.0,0.0
201400032432,7,1,14,7,1,64,269,2,1,2,2,ROUTE DE TARBES,0.0,0.0
201400032433,8,1,14,7,3,64,132,1,6,1,6,D938,43.28767,-0.33237
201400032434,8,1,14,8,1,64,445,2,1,1,6,44 BD MARECHAL LECLERC,0.0,0.0
201400032435,8,1,14,13,1,64,348,2,6,1,3,"0,AV DE SANTONA",0.0,0.0
201400032436,12,1,14,6,5,64,445,2,1,1,6,"0,BD OLOF PALME",0.0,0.0
201400032437,14,1,14,7,5,64,445,2,6,2,3,"0, YITZHAK RABIN",0.0,0.0
201400032438,15,1,14,17,1,64,348,2,1,1,3,1AV DE LA RESISTANCE,0.0,0.0
201400032439,16,1,14,8,2,64,445,2,1,2,6,PLACE FRANCOIS RECABORDE,0.0,0.0
201400032440,16,1,14,8,2,64,445,2,1,2,2,31 RUE MARECHAL LECLERC,0.0,0.0
201400032441,16,1,14,18,2,64,445,2,2,1,2,AV HONORE BARADAT,0.0,0.0
201400032442,18,1,14,17,1,64,445,2,6,2,2,RP DROITS DE L' HOMME,0.0,0.0
201400032443,18,1,14,19,5,64,445,2,1,1,6,13 RUE JACQUES TERRIER,0.0,0.0
201400032444,18,1,14,23,5,64,237,2,1,1,6,1 RUE MARECHAL LECLERC,0.0,0.0
201400032445,19,1,14,13,1,64,284,2,2,1,3,PONT D' ESPAGNE,0.0,0.0
201400032446,19,1,14,16,1,64,445,2,1,1,6,"0,RUE RAUSKY",0.0,0.0
201400032447,20,1,14,14,1,64,445,2,2,2,3,47 RUE DU 14 JUILLET,0.0,0.0
201400032448,21,1,14,17,2,64,348,1,1,1,6,AV DE SANTONA,0.0,0.0
201400032449,22,1,14,12,1,64,348,1,1,2,4,VOIE NORD SUD,0.0,0.0
201400032450,24,1,14,11,1,64,445,2,1,2,3,"1, DOYEN HENRY VIZIOZ",0.0,0.0
201400032451,24,1,14,16,1,64,445,2,2,3,3,8 AV DU BEARN,0.0,0.0
201400032452,25,1,14,0,5,64,445,2,1,1,2,4 BD BARBANEGRE,0.0,0.0
201400032453,25,1,14,10,1,64,445,2,2,3,3,PONT D' ESPAGNE,0.0,0.0
201400032454,27,1,14,12,1,64,445,2,2,2,3,13 RUE BAYARD,0.0,0.0
201400032455,27,1,14,15,1,64,445,2,6,2,6,RP ERIC TABARLY,0.0,0.0
201400032456,28,1,14,17,1,64,348,2,1,2,3,"0,AV MARCEL DASSAULT",0.0,0.0
201400032457,29,1,14,7,3,64,445,2,1,1,6,ALLEE CONDORCET,0.0,0.0
201400032458,30,1,14,7,3,64,129,2,6,2,2,ROUTE DE BAYONNE,0.0,0.0
201400032459,30,1,14,8,1,64,445,2,1,2,6,BD TOURASSE,0.0,0.0
201400032460,30,1,14,18,2,64,445,1,1,3,6,BD TOURASSE,0.0,0.0
201400032461,1,2,14,13,1,64,445,2,2,2,2,"0,RUE CASTETNAU",0.0,0.0
201400032462,3,2,14,19,3,64,445,2,1,2,6,108 BD ALSACE LORRAINE,0.0,0.0
201400032463,4,2,14,9,1,64,129,2,2,1,3,ROUTE DE BAYONNE,0.0,0.0
201400032464,4,2,14,15,1,64,348,2,2,1,3,100 BD CHARLES DE GAULLE,0.0,0.0
201400032465,5,2,14,12,1,64,132,2,1,1,4,47 AV ALBERT 1ER,0.0,0.0
201400032466,5,2,14,18,2,64,445,2,2,1,3,"0,BD ALSACE LORRAINE",0.0,0.0
201400032467,6,2,14,7,5,64,445,2,7,1,3,7 PLACE DE LA MONNAIE,0.0,0.0
201400032468,6,2,14,15,1,64,445,2,6,1,2,RP VICTOR SCHOELCHER,0.0,0.0
201400032469,7,2,14,14,1,64,445,1,2,1,3,"0,AV D' ATTIGNY",0.0,0.0
201400032470,7,2,14,14,1,64,445,2,1,1,6,"0,BD ALFRED NOBEL",0.0,0.0
201400032471,7,2,14,16,1,64,445,2,1,1,3,14 BD DE LA PAIX,0.0,0.0
201400032472,7,2,14,22,5,64,445,2,2,1,3,"0,RUE MAQUIS DU BEARN",0.0,0.0
201400032473,8,2,14,20,5,64,129,2,2,2,3,"0,AV DE LONS",0.0,0.0
201400032474,10,2,14,12,1,64,445,2,1,2,6,CHAMPETIER DE RIBES,0.0,0.0
201400032475,10,2,14,16,1,64,445,2,1,2,4,AV GENERAL LECLERC,0.0,0.0
201400032476,10,2,14,20,5,64,129,2,1,3,5,SOUS PONT D'ESPAGNE,0.0,0.0
201400032477,11,2,14,10,1,64,348,2,1,1,6,177 AV JEAN MERMOZ,0.0,0.0
201400032478,14,2,14,12,1,64,445,2,1,1,6,50 COURS LYAUTEY,0.0,0.0
201400032479,15,2,14,6,5,64,348,2,1,2,6,65 AV DU TONKIN,0.0,0.0
201400032480,16,2,14,13,1,64,445,2,2,1,3,"0,RUE ERNEST GABARD",0.0,0.0
201400032481,16,2,14,17,1,64,445,2,1,1,3,36 RUE RONSARD,0.0,0.0
201400032482,17,2,14,17,1,64,445,2,1,1,6,12  CORPS FRANC POMMIES,0.0,0.0
201400032483,18,2,14,1,5,64,237,2,1,1,6,36 RUE MARECHAL LECLERC,0.0,0.0
201400032484,20,2,14,19,5,64,129,2,1,1,3,26 ROURE DE BAYONNE,0.0,0.0
201400032485,26,2,14,17,1,64,445,2,1,1,6,36 COURS LYAUTEY,0.0,0.0
201400032486,27,2,14,16,1,64,445,2,6,2,2,106 AV DE L' EUROPE,0.0,0.0
201400032487,3,3,14,20,5,64,445,1,2,3,3,"0,RUE JEAN GENEZE",0.0,0.0
201400032488,4,3,14,10,1,64,269,2,6,2,2,"0, D938",0.0,0.0
201400032489,6,3,14,18,2,64,445,2,3,1,3,RUE DU BEZET,0.0,0.0
201400032490,6,3,14,18,2,64,129,2,1,1,4,44 ROUTE DE BAYONNE,0.0,0.0
201400032491,7,3,14,12,1,64,445,2,1,1,6,"0,BD DE LA PAIX",0.0,0.0
201400032492,7,3,14,14,1,64,445,2,6,1,3,COMBATTANTS D' INDOCHINE,0.0,0.0
201400032493,9,3,14,18,1,64,445,2,1,1,3,BD OLOF PALME,0.0,0.0
201400032494,10,3,14,10,1,64,445,2,2,1,3,"0,RUE CARNOT",0.0,0.0
201400032495,10,3,14,19,5,64,445,2,3,1,3,302 BD DE LA PAIX,0.0,0.0
201400032496,12,3,14,12,1,64,445,2,1,1,3,RUE D'ORLEANS,0.0,0.0
201400032497,12,3,14,19,2,64,445,2,1,1,4,AV PRESIDENT KENNEDY,0.0,0.0
201400032498,13,3,14,18,1,64,129,2,1,1,2,46 AV DU CHATEAU D'ESTE,0.0,0.0
201400032499,13,3,14,19,5,64,129,2,3,1,3,AV DU TONKIN,0.0,0.0
201400032500,14,3,14,16,1,64,445,2,1,1,6,COURS LYAUTEY,0.0,0.0
201400032501,17,3,14,11,1,64,445,2,1,1,3,13 AV DES ETATS UNIS,0.0,0.0