Num_Acc,jour,mois,an,hr,condition_eclairage,departement,commune,condition_agglomeration,intersection,condition_atmosphere,type_collision,adresse,lattitude,longitude
201400032502,18,3,14,13,1,64,237,2,1,1,2,RUE MARECHAL LECLERC,0.0,0.0
201400032503,19,3,14,12,1,64,445,2,1,1,3,75 AV DES LILAS,0.0,0.0
201400032504,19,3,14,17,1,64,348,2,1,1,6,29 RUE BLERIOT,0.0,0.0
201400032505,20,3,14,8,1,64,129,2,1,1,6,30 AV BEZIOU,0.0,0.0
201400032506,20,3,14,18,1,64,348,2,1,1,2,MARTYRS DU PONT LONG,0.0,0.0
201400032507,20,3,14,19,5,64,445,2,1,1,1,"0,BD ALSACE LORRAINE",0.0,0.0
201400032508,22,3,14,14,1,64,445,2,1,2,2,33 AV DES LILAS,0.0,0.0
201400032509,23,3,14,17,1,64,335,2,2,1,3,"0, D509",0.0,0.0
201400032510,25,3,14,8,1,64,445,2,1,2,2,271 BD DE LA PAIX,0.0,0.0
201400032511,25,3,14,21,5,64,129,2,2,2,3,"0,ROUTE DE BAYONNE DE",0.0,0.0
201400032512,25,3,14,23,5,64,445,2,1,2,6,"0, BD DU CAMI SALIE",0.0,0.0
201400032513,26,3,14,8,1,64,237,2,6,2,3,RP  CORPS FRANC POMMIES,0.0,0.0
201400032514,26,3,14,9,1,64,445,2,2,2,2,2 RUE HENRI FAISANS,0.0,0.0
201400032515,28,3,14,10,1,64,132,2,1,1,6,24 RUE ALBERT 1ER,0.0,0.0
201400032516,28,3,14,15,1,64,445,2,3,1,3,"0,BD ALFRED NOBEL",0.0,0.0
201400032517,29,3,14,16,1,64,335,2,1,1,6,"0,RUE JOSEPH CUGNOT",0.0,0.0
201400032518,31,3,14,8,1,64,445,2,1,1,3,BD EDOUARD HERRIOT,0.0,0.0
201400032519,1,4,14,9,1,64,445,2,1,1,2,"0,ALLEE DE MORLAAS",0.0,0.0
201400032520,1,4,14,14,1,64,445,2,2,1,3,RUE CARREROT/BONADO,0.0,0.0
201400032521,1,4,14,16,1,64,445,2,6,1,2,COURS LEON BERARD/MONTAR,0.0,0.0
201400032522,1,4,14,23,5,64,445,2,2,1,3,AV JEAN MERMOZ/SARRAIL,0.0,0.0
201400032523,3,4,14,17,1,64,348,2,1,3,3,23 AV JOLIOT CURIE,0.0,0.0
201400032524,3,4,14,19,5,64,348,2,1,3,5,"0,BD DE L' EUROPE",0.0,0.0
201400032525,4,4,14,15,1,64,445,2,1,1,6,AV JEAN MERMOZ/TILLEULS,0.0,0.0
201400032526,4,4,14,18,1,64,445,2,1,1,6,COURS BOSQUET/MONNET,0.0,0.0
201400032527,7,4,14,16,1,64,348,2,1,1,2,AV MONTGOLFIER/LUSSAC,0.0,0.0
201400032528,8,4,14,8,1,64,284,2,1,3,3,133 AV RAUSKI,0.0,0.0
201400032529,12,4,14,12,1,64,129,2,1,1,2,14 ROUTE DE BAYONNE,0.0,0.0
201400032530,14,4,14,16,1,64,445,2,1,1,6,32 AV DU LOUP,0.0,0.0
201400032531,14,4,14,17,1,64,445,2,3,1,6,CHAMPETIER DE RIBES/NOLI,0.0,0.0
201400032532,15,4,14,14,1,64,445,2,1,1,3,"0,RUE AMEDEE ROUSSILLE",0.0,0.0
201400032533,15,4,14,19,1,64,445,2,1,1,3,85 RUE CASTETNAU,0.0,0.0
201400032534,16,4,14,17,1,64,445,2,6,1,3,RP DE LA COMMUNE,0.0,0.0
201400032535,16,4,14,18,1,64,445,2,1,1,7,47 BD ALSACE LORRAINE,0.0,0.0
201400032536,17,4,14,18,1,64,284,2,1,1,6,8 RUE DE COUBERTIN,0.0,0.0
201400032537,18,4,14,13,1,64,348,2,1,1,2,"0, MARTYRS DU PONT LONG",0.0,0.0
201400032538,23,4,14,19,2,64,445,2,2,1,3,"0,PLACE GRAMONT",0.0,0.0
201400032539,24,4,14,8,1,64,445,2,1,1,3,11 RUE HENRI FAISANS,0.0,0.0
201400032540,24,4,14,17,1,64,445,2,3,3,6,140 AV DE BUROS,0.0,0.0
201400032541,25,4,14,12,1,64,445,2,1,2,4,7 AV DIDIER DAURAT,0.0,0.0
201400032542,26,4,14,22,5,64,445,2,1,2,4,"0,ROUTE DE BAYONNE",0.0,0.0
201400032543,29,4,14,8,1,64,335,2,1,1,3,50 ROUTE DE TARBES,0.0,0.0
201400032544,30,4,14,18,1,64,348,2,1,1,1,"0,AV DU TONKIN",0.0,0.0
201400032545,30,4,14,19,1,64,445,2,1,1,3,AV DE VERDUN,0.0,0.0
201400032546,2,5,14,18,1,64,284,2,1,1,2,"0,PONT D' ESPAGNE",0.0,0.0
201400032547,6,5,14,17,1,64,445,2,2,1,3,AV COPERNIC/AV BUROS,0.0,0.0
201400032548,6,5,14,17,1,64,445,2,1,1,6,21 RUE SERVIEZ,0.0,0.0
201400032549,7,5,14,12,1,64,445,2,1,1,6,"0,RUE DES FRERES CAMORS",0.0,0.0
201400032550,7,5,14,17,1,64,445,2,1,1,2,"0,RUE JEAN GENEZE",0.0,0.0
201400032551,9,5,14,6,2,64,445,2,2,1,3,"0, CATHERINE DE BOURBON",0.0,0.0
201400032552,16,5,14,8,1,64,445,2,2,1,1,"64, PAIX",0.0,0.0
201400032553,20,5,14,17,1,64,348,2,1,1,4,"51, CHARLES DE GAULLE",0.0,0.0
201400032554,20,5,14,17,1,64,284,2,6,1,2,"0, VALLEES DES",0.0,0.0
201400032555,23,5,14,10,1,64,445,2,2,2,3,"45 bis, TRESPOEY",0.0,0.0
201400032556,1,6,14,17,1,64,348,2,1,1,6,"75, CHARLES DE GAULLE",43.3113,-0.41307
201400032557,2,6,14,9,1,64,445,2,2,1,3,Av des ETATS UNIS,43.30052,-0.36035
201400032558,4,6,14,16,1,64,284,2,1,1,3,RUE DU 8 MAI 1945,0.0,0.0
201400032559,5,6,14,23,5,64,445,2,2,1,3,5 rueCHAMPETIER DE RIBES,43.30326,0.37851
201400032560,6,6,14,13,1,64,445,2,2,1,2,73 AVENUE TRESPOEY,43.29899,-0.34915
201400032561,6,6,14,13,1,64,445,2,6,1,3,Rd Pt ALLEES DE MORLAAS,43.30786,0.33841
201400032562,7,6,14,12,1,64,445,2,1,1,2,"43,Av du LOUP",43.30866,-0.35579
201400032563,10,6,14,14,1,64,445,2,2,1,3,PLACE GRAMONT,43.29655,-0.37427
201400032564,12,6,14,18,1,64,445,2,1,1,3,71Bd ALSACE LORRAINE,43.30481,-0.37006
201400032565,18,6,14,13,1,64,348,2,1,1,6,"62, CHARLES DE GAULLE",43.31078,-0.41219
201400032566,19,6,14,18,1,64,237,2,1,1,3,RUE PASTEUR,43.27969,-0.38
201400032567,20,6,14,12,1,64,445,1,1,1,2,"4, LEON BERARD",43.31502,-0.37173
201400032568,20,6,14,12,1,64,269,2,1,1,6,"32,RTE DE TARBES",43.29849,-0.30421
201400032569,22,6,14,11,1,64,445,2,3,1,3,Av des TILLEULS,43.3038,-0.35091
201400032570,25,6,14,10,1,64,445,2,1,1,3,"27, LEON BLUM",43.36284,1.77156
201400032571,25,6,14,15,1,64,129,2,2,1,2,Av de la PEIADE,43.30497,-0.39302
201400032572,27,6,14,8,1,64,284,2,1,1,6,137 Avenue RAUSKI,43.25986,-0.39057
201400032573,27,6,14,10,1,64,284,2,1,1,3,"21, RAUSKI",43.27341,-0.38873
201400032574,21,6,14,21,5,64,445,2,1,1,6,allée du GRAND TOUR,43.2984,-0.37929
201400032575,1,7,14,19,1,64,445,2,1,2,2,40 bd ALSACE LORRAINE,43.30358,-0.36484
201400032576,3,7,14,10,1,64,445,2,1,1,3,120 bd TOURASSE,43.31137,-0.36156
201400032577,3,7,14,19,1,64,445,2,2,2,3,"0, CORPS FRANC POMMIES D",43.30679,-0.32759
201400032578,4,7,14,8,1,64,445,2,1,2,3,40 rue  RONSARD,43.3187,-0.35921
201400032579,11,7,14,17,1,64,445,2,6,1,6,"0, ERIC TABARLY",43.31877,-0.35963
201400032580,16,7,14,18,1,64,445,2,1,1,3,6 AV GENERAL DE GAULLE,43.30206,-0.35475
201400032581,16,7,14,19,1,64,445,2,1,1,5,Bd OLOF PALME,0.0,0.0
201400032582,17,7,14,18,1,64,348,2,1,1,3,101 MARTYRS  PONT LONG,43.34036,-0.37984
201400032583,18,7,14,17,1,64,129,2,1,1,3,"161, JEAN MERMOZ",43.31941,-0.37876
201400032584,19,7,14,15,1,64,445,2,2,1,3,Av DUFAU/SARAGOSSE,43.30866,-0.36394
201400032585,19,7,14,19,1,64,445,2,2,1,3,RUE JEAN JOVE/CASTERET,43.30339,-0.3618
201400032586,21,7,14,12,1,64,445,2,2,1,6,PL ROYALE/BD PYRENEES,43.29338,-0.37064
201400032587,25,7,14,19,1,64,445,2,1,1,4,av de l'EUROPE,0.0,0.0
201400032588,27,7,14,20,1,64,132,2,1,1,6,GEORGES CLEMENCEAU,43.28875,-0.35357
201400032589,4,8,14,11,1,64,445,2,1,1,6,"13 BIS, ALSACE LORRAINE",0.0,0.0
201400032590,1,8,14,17,1,64,445,2,1,2,3,RUE EDMOND AUDRAN,43.31848,-0.34537
201400032591,2,8,14,16,1,64,445,2,1,1,3,angle DUFAU/SHUMANN,43.30938,-0.36399
201400032592,3,8,14,17,1,64,445,2,1,1,6,"25,Av dui  LOUP",43.30613,-0.35668
201400032593,3,8,14,19,1,64,445,2,2,1,3,rue CASTERET,43.30354,-0.36233
201400032594,4,8,14,17,1,64,445,2,3,1,3,COURS  LYAUTEY,43.30861,-0.36388
201400032595,6,8,14,17,1,64,445,2,1,1,6,18 AV SIMIN PALAY,43.30993,-0.33159
201400032596,8,8,14,10,1,64,445,2,1,1,2,9  RUE  CARNOT,43.29925,-0.37023
201400032597,13,8,14,14,1,64,445,2,6,2,3,ALLEES DE MORLAAS,0.0,0.0
201400032598,18,8,14,8,1,64,445,2,2,1,3,RUE FOSSIE,43.30353,-0.36227
201400032599,23,8,14,22,5,64,445,2,1,1,3,62 AV JEAN MERMOZ,43.31069,-0.37708
201400032600,25,8,14,23,5,64,445,2,2,1,3,RUE D'ETIGNY,43.29628,-0.37623
201400032601,27,8,14,14,1,64,132,2,3,1,3,AV GEORGES CLEMENCEAU,43.28929,-0.35454
201400032602,29,8,14,17,1,64,445,2,6,1,3,ROND POINT DE LA COMMUNE,0.0,0.0
201400032603,29,8,14,23,5,64,284,2,2,1,2,RUE ERNEST CAZENAVE,43.28774,-0.39073
201400032604,1,9,14,11,1,64,373,2,2,1,3,RUE DU FER A CHEVAL,43.28153,-0.36017
201400032605,4,9,14,18,1,64,445,2,3,1,3,RUE DE CASSIOPE,43.31793,-0.33926
201400032606,8,9,14,9,1,64,445,2,6,1,3,RUE BACHAGA BOUALAN,0.0,0.0
201400032607,9,9,14,9,1,64,129,2,1,1,2,140 AV JEAN MERMOZ,0.0,0.0
201400032608,9,9,14,10,1,64,445,2,6,1,6,COURS LEON BERARD,43.31313,-0.36902
201400032609,9,9,14,17,1,64,335,1,1,1,6,D817,0.0,0.0
201400032610,10,9,14,16,1,64,445,2,1,1,6,24 BD D'ALSACE LORRAINE,43.30312,-0.36303
201400032611,11,9,14,19,1,64,445,2,6,1,3,ROND POINT DE LA COMMUNE,43.31116,-0.36244
201400032612,12,9,14,7,1,64,348,2,1,1,2,34 AV CHARLES DE GAULLE,43.30879,-0.4084
201400032613,13,9,14,18,1,64,445,2,1,1,6,29 AV DES LILAS,43.30569,-0.35025
201400032614,15,9,14,14,1,64,445,2,1,1,3,AVENUE POEYMIRAU,43.29434,-0.35899
201400032615,16,9,14,8,1,64,284,2,1,1,2,13 RUE DU BERNET,43.28426,-0.39198
201400032616,17,9,14,9,1,64,445,2,1,1,6,PARKING DE  REPUBLIQUE,43.29983,-0.36934
201400032617,17,9,14,10,1,64,445,1,1,1,5,"0, EUROPE DE L'",0.0,0.0
201400032618,19,9,14,7,1,64,132,2,1,1,3,RUE GEORGES CLEMENCEAU,43.28828,-0.35279
201400032619,19,9,14,8,1,64,445,2,1,1,6,103 BD ALSACE LORRAINE,43.30518,-0.3724
201400032620,19,9,14,17,1,64,445,2,2,1,6,RUE DE LIEGE,43.30026,-0.37514
201400032621,20,9,14,16,1,64,445,2,1,1,2,117  MARTYRS DU PONT LON,0.0,0.0
201400032622,21,9,14,9,1,64,445,2,1,1,6,26 AV DES PYRENEES,43.29349,-0.37188
201400032623,22,9,14,16,1,64,284,2,1,1,6,8 AV RAUSKI,0.0,0.0
201400032624,23,9,14,16,1,64,445,2,1,1,2,48 COURS CAMOU,43.30001,-0.37895
201400032625,24,9,14,13,1,64,445,2,1,1,6,173 BD DE LA PAIX,0.0,0.0
201400032626,24,9,14,15,1,64,132,2,1,1,2,24 AV GEORGES CLEMENCEAU,43.29069,-0.35679
201400032627,24,9,14,17,1,64,445,2,2,1,3,RUE DU MOHEDAN,43.31102,-0.37216
201400032628,25,9,14,9,1,64,284,2,1,1,1,52 AVENUE  RAUSKI,0.0,0.0
201400032629,29,9,14,11,1,64,445,2,1,1,2,RUE ALFRED DE MUSSET,43.29578,-0.3617
201400032630,25,9,14,17,1,64,129,2,1,1,1,"3, BARRAU",43.31799,-0.37991
201400032631,25,9,14,19,1,64,445,2,1,1,3,RUE  BAYARD,43.2972,-0.37592
201400032632,27,9,14,0,5,64,284,2,1,1,5,AVENUE DU 18 JUIN 1940,0.0,0.0
201400032633,27,9,14,2,5,64,445,2,1,1,1,26 AV JJ  DE MONAIX,43.30249,-0.36025
201400032634,28,9,14,0,5,64,445,2,1,1,6,11 RUE CAZAUBON NORBERT,43.30437,-0.36771
201400032635,29,9,14,17,1,64,445,2,1,1,3,213 AVENUE DE  BUROS,43.33198,-0.33467
201400032636,30,9,14,10,1,64,348,2,2,1,5,77 AVENUE  DIDIER DAURAT,43.33489,-0.37971
201400032637,2,10,14,7,2,64,445,2,1,5,3,ALLEES DE MORLAAS,43.30742,-0.33671
201400032638,2,10,14,11,1,64,445,2,1,1,3,COURS LYAUTEY,43.30866,-0.3639
201400032639,3,10,14,20,5,64,445,2,1,1,3,2 AV DE L A RESISTANCE,43.30019,-0.37518
201400032640,4,10,14,12,1,64,445,2,1,1,3,32 AV JEAN MERMOZ,43.30777,-0.3765
201400032641,5,10,14,18,1,64,445,2,1,1,3,RUE D'ORLEANS,43.29913,-0.37193
201400032642,6,10,14,10,1,64,445,2,1,1,3,AVENUE NORMAN PRINCE,43.30524,-0.34612
201400032643,6,10,14,18,1,64,129,2,1,1,6,53 RUE DU  GOLF,43.29829,-0.39257
201400032644,7,10,14,17,1,64,445,2,1,1,6,318 BOULEVARD DE LA PAIX,43.32257,-0.36888
201400032645,9,10,14,18,2,64,445,2,1,2,3,55 RUE GENERAL DE GAULLE,43.30121,-0.35917
201400032646,10,10,14,17,1,64,445,2,1,2,6,212 AVENUE JEAN MERMOZ,43.3191,-0.37865
201400032647,11,10,14,0,4,64,445,2,1,1,3,BOULEVARD DES PYRENEES,0.0,0.0
201400032648,11,10,14,6,3,64,129,2,1,2,1,RUE DES  ENTREPRENEURS,43.30078,-0.40876
201400032649,11,10,14,8,2,64,129,2,2,1,6,AVENUE DU TONKIN,43.3151,-0.38491
201400032650,11,10,14,13,1,64,445,2,2,1,3,RUE DE L'AUBISQUE,43.31295,-0.35331
201400032651,11,10,14,19,2,64,445,2,1,1,1,BOULEVARD OLOF PALME,0.0,0.0
201400032652,12,10,14,11,1,64,237,2,6,1,3,AVENUE VALLEE HEUREUSE,43.27904,-0.37558
201400032653,14,10,14,9,1,64,445,2,1,1,1,AVENUE D'ETIGNY,0.0,0.0
201400032654,15,10,14,12,1,64,445,2,1,1,6,68  RUE EMILE GARET,43.29919,-0.36342
201400032655,16,10,14,8,2,64,284,2,1,1,3,PONT D'ESPAGNE,43.29322,-0.38681
201400032656,16,10,14,12,1,64,445,2,1,1,3,12 AVENUE FOUCHET,43.31342,-0.37102
201400032657,17,10,14,7,1,64,445,2,2,1,3,AVENUE DES MARRONNIERS,43.30526,-0.3393
201400032658,18,10,14,7,5,64,445,2,2,1,3,BOULEVARD  CAMI SALIE,43.32611,-0.33822
201400032659,18,10,14,20,5,64,445,2,6,1,2,ROND POINT V SCHOELCHER,43.32136,-0.35855
201400032660,19,10,14,16,1,64,335,2,2,1,3,AVENUE JOSEPH D'ARISTE,43.32944,-0.41101
201400032661,22,10,14,10,1,64,445,2,1,1,6,62 AV JEAN MERMOZ,43.3107,-0.37712
201400032662,24,10,14,9,1,64,348,2,1,1,6,AV ERCKMAN CHATRIAN,43.32881,-0.39803
201400032663,25,10,14,11,1,64,445,2,1,1,6,EDOUARD HERRIOT,43.30511,-0.3781
201400032664,28,10,14,18,1,64,445,2,1,1,3,69 RTE DE  BAYONNE,0.0,0.0
201400032665,29,10,14,20,5,64,445,1,1,1,1,BOULEVARD DE LA PAIX,43.31503,-0.3355
201400032666,30,10,14,10,1,64,445,2,2,1,3,PLACE DES SEPT CANTONS,43.29857,-0.37055
201400032667,30,10,14,18,5,64,445,2,1,1,3,25 AVENUE DU LOUP,43.30625,-0.35672
201400032668,31,10,14,7,1,64,445,2,3,1,3,98  BOULEVARD TOURASSE,43.31124,-0.35863
201400032669,31,10,14,12,1,64,348,2,1,1,2,44 BD CHARLES DE GAULLE,43.30937,-0.40943
201400032670,31,10,14,13,1,64,445,2,1,1,3,BD ALSACE LORRAINE,43.30477,-0.36962
201400032671,1,11,14,7,2,64,445,2,1,1,6,14 AVENUE JEAN MERMOZ,43.30647,-0.37624
201400032672,1,11,14,18,3,64,335,2,1,1,3,25 AVENUE DE L OUSSE,43.33792,-0.43342
201400032673,3,11,14,19,5,64,445,2,2,2,3,AVENUE DE  EUROPE,0.0,0.0
201400032674,4,11,14,18,2,64,445,2,1,1,6,2 RUE LOUIS BARTHOU,43.29459,-0.36506
201400032675,6,11,14,14,1,64,445,2,2,1,3,BOULEVA ALSACE LORRAINE,43.30547,-0.37436
201400032676,6,11,14,16,1,64,129,2,2,1,2,ROUTE DE  BAYONNE,0.0,0.0
201400032677,7,11,14,23,5,64,445,2,1,1,3,AVENUE JEAN MERMOZ,43.3245,-0.37951
201400032678,9,11,14,20,5,64,445,2,1,1,6,OLOF PALME,0.0,0.0
201400032679,12,11,14,13,1,64,445,2,1,1,6,40 RUE CARNOT,43.30239,-0.36899
201400032680,12,11,14,18,4,64,348,2,1,1,3,15 RUE MARCEL DASSAULT,43.30211,-0.41422
201400032681,13,11,14,11,1,64,445,2,1,1,3,44  AVENUE  TRESPOEY,43.29898,-0.34664
201400032682,13,11,14,15,1,64,129,2,1,1,6,43 RUE DE LA  SALIGUE,43.29704,-0.40425
201400032683,13,11,14,20,5,64,129,2,1,1,6,2 RUE  LASSANSAA,43.30285,-0.39544
201400032684,15,11,14,11,1,64,445,2,2,1,6,RUE PIERRE MASSE,43.31123,-0.3587
201400032685,15,11,14,19,5,64,445,2,2,1,3,AVENUE DES LILAS,43.30586,-0.3498
201400032686,18,11,14,19,5,64,445,2,2,1,6,77 AV  ALFRED NOBEL,43.31099,-0.32412
201400032687,19,11,14,9,1,64,445,2,1,1,3,110 BD ALSACE LORRAINE,43.30547,-0.37438
201400032688,19,11,14,10,1,64,445,2,1,1,2,14 AV GENERAL LECLERC,43.30583,-0.33691
201400032689,19,11,14,12,1,64,445,2,2,1,6,RUE EMILE GUICHENNE,43.29937,-0.36345
201400032690,19,11,14,20,3,64,348,2,1,1,3,2 AV FRERES MONTGOLFIER,43.30463,-0.41815
201400032691,20,11,14,12,1,64,445,2,2,1,3,ALLEES  DE BOURBON,43.32482,-0.3574
201400032692,20,11,14,13,1,64,445,2,2,1,3,AVENUE  NORMAN PRINCE,43.30304,-0.3521
201400032693,22,11,14,13,1,64,335,2,1,1,3,99 BD DE L' EUROPE,43.32766,-0.44309
201400032694,22,11,14,16,1,64,132,2,6,1,3,AVENUE ALBERT 1,0.0,0.0
201400032695,25,11,14,9,1,64,445,2,1,2,6,26 AVENUE DES  LILAS,43.30583,-0.34995
201400032696,25,11,14,17,5,64,269,2,1,1,6,RD 802,0.0,0.0
201400032697,26,11,14,12,1,64,445,2,1,3,6,RUE COMTE DE SAINT-CRICQ,43.30626,-0.35206
201400032698,27,11,14,14,1,64,132,2,1,1,1,D100,0.0,0.0
201400032699,27,11,14,17,1,64,129,2,1,1,2,AVENUE  CHATEAU D'ESTE,43.30588,-0.39232
201400032700,27,11,14,18,5,64,335,2,1,1,3,AVENUE DE L'  EUROPE,43.3249,-0.43803
201400032701,28,11,14,8,1,64,445,2,2,1,3,153 BD DE LA  PAIX,43.31877,-0.34594
201400032702,28,11,14,17,1,64,445,2,2,1,3,RUE LEON JOUHAUX,43.31296,-0.35343
201400032703,28,11,14,18,5,64,445,2,1,1,3,AVENUE  PIERRE MASSE,43.31387,-0.35769
201400032704,1,12,14,7,5,64,445,2,1,1,2,2  ALLEES DE MORLAAS,43.30774,-0.34013
201400032705,2,12,14,8,1,64,335,2,1,2,4,D945,0.0,0.0
201400032706,2,12,14,14,1,64,445,2,1,1,6,1 BIS RUE HENRI FAISANS,43.30086,-0.35979
201400032707,4,12,14,7,5,64,445,2,2,1,3,BOULEVARD DE LA PAIX,43.32225,-0.36686
201400032708,4,12,14,16,1,64,445,2,2,1,3,40 COURS LYAUTEY,43.30932,-0.3636
201400032709,4,12,14,17,5,64,445,2,1,1,6,24 AVENUE GASTON LACOSTE,43.29234,-0.36901
201400032710,5,12,14,7,5,64,445,2,2,1,3,RUE DES ANGLAIS,43.30133,-0.36664
201400032711,5,12,14,16,1,64,132,2,1,2,2,RENE MOUCHOTTE,43.30633,-0.3326
201400032712,5,12,14,17,5,64,445,2,1,2,6,72 RUE D' ETIGNY,43.29607,-0.38226
201400032713,5,12,14,17,2,64,445,2,1,2,3,BD DU  CAMI SALIE,43.32539,-0.33277
201400032714,6,12,14,16,1,64,284,2,1,1,6,AVENUE HENRI IV,43.28209,-0.38734
201400032715,7,12,14,11,1,64,348,2,1,1,3,"48, CHARLES DE GAULLE",43.30946,-0.40975
201400032716,7,12,14,13,1,64,445,2,2,1,3,RUE CASTETNAU,43.30042,-0.36512
201400032717,8,12,14,9,1,64,445,2,1,2,3,BOULEVARD OLOF PALME,0.0,0.0
201400032718,9,12,14,8,1,64,129,2,1,1,3,2 AVENUE CHATEAU D'ESTE,43.30751,-0.38056
201400032719,9,12,14,17,5,64,445,2,3,1,3,175 AVENUE DE MONTARDON,43.3287,-0.36761
201400032720,10,12,14,7,2,64,445,2,1,1,3,AVENUE TRESPOEY,0.0,0.0
201400032721,10,12,14,8,2,64,284,2,1,1,3,AVENUE GEORGES GUYNEMER,43.29218,-0.39647
201400032722,10,12,14,11,1,64,445,2,1,1,6,RUE BERNES CAMBOT,43.30552,-0.37039
201400032723,10,12,14,19,5,64,445,2,1,2,6,ROND POINT F MITTERAND,43.32985,-0.35595
201400032724,11,12,14,18,5,64,129,2,1,1,3,"70, ROUTE DE BAYONNE",43.30305,-0.39794
201400032725,12,12,14,1,5,64,445,2,1,1,3,FEDERICO GARCIA LORCA,43.3072,-0.35502
201400032726,12,12,14,13,1,64,445,2,1,1,6,AVENUE CASTETNAU,43.30043,-0.36531
201400032727,14,12,14,19,5,64,445,2,1,1,6,27 RUE DU 14 JUILLET,43.29133,-0.37865
201400032728,15,12,14,11,1,64,445,2,1,1,1,AVENUE DE LA  RESISTANCE,43.30251,-0.37555
201400032729,15,12,14,18,5,64,348,2,1,1,3,118 BD CHARLES DE GAULLE,43.31654,-0.42268
201400032730,15,12,14,19,3,64,335,1,1,1,1,RD 817,0.0,0.0
201400032731,17,12,14,18,5,64,445,2,1,2,6,9 PLACE DE LA MONNAIE,43.29419,-0.37711
201400032732,18,12,14,19,5,64,284,2,1,1,4,AVENUE RAUSKI,0.0,0.0
201400032733,20,12,14,14,1,64,348,2,1,2,3,3 AVENUE MARCEL DASSAULT,43.30118,-0.41143
201400032734,21,12,14,10,1,64,445,2,1,1,6,13 AVENUE DIDIER DAURAT,43.32586,-0.37962
201400032735,22,12,14,19,3,64,132,1,1,1,2,ROUTE D'IDRON,0.0,0.0
201400032736,23,12,14,8,1,64,335,2,1,1,3,RUE JEAN JAURES,43.3054,-0.35823
201400032737,23,12,14,10,1,64,445,2,1,1,2,258 BOULEVARD DE LA PAIX,43.32165,-0.3623
201400032738,23,12,14,12,1,64,348,2,1,1,3,AVENUE MARCEL DASSAULT,43.30211,-0.41419
201400032739,24,12,14,14,1,64,445,2,1,1,4,AV 18EME REGIMENT D'INFA,43.29698,-0.38192
201400032740,27,12,14,17,1,64,335,2,1,3,3,BOULEVARD DE L'EUROPE,43.32441,-0.43717
201400032741,30,12,14,20,5,64,445,2,1,1,3,7 PLACE DU FOIRAIL,43.30277,-0.36973
201400032742,14,1,14,13,1,64,483,2,1,1,6,22 AV DE  HABAS,0.0,0.0
201400032743,23,1,14,11,1,64,545,1,1,3,5,Route de la Corniche,0.0,0.0
201400032744,14,2,14,18,1,64,483,2,1,8,6,PLACE FOCH,0.0,0.0
201400032745,18,2,14,16,1,64,189,2,1,9,7,36 AV BESSELERE,0.0,0.0
201400032746,23,2,14,20,5,64,260,2,1,1,3,BD DE L'EMPEREUR,0.0,0.0
201400032747,25,2,14,16,1,64,545,1,1,3,3,RD810,0.0,0.0
201400032748,26,2,14,7,2,64,545,1,3,1,3,RD810,0.0,0.0
201400032749,4,3,14,19,2,64,260,2,1,3,2,ACCES PONT ST JACQUES,0.0,0.0
201400032750,17,3,14,11,1,64,545,1,1,1,4,RD 810,0.0,0.0
201400032751,18,3,14,16,1,64,545,1,1,8,2,RD810,0.0,0.0
201400032752,11,4,14,15,1,64,483,2,1,1,6,AV JAUREGUIBERRY,0.0,0.0
201400032753,11,4,14,20,5,64,189,2,1,1,3,CARREFOUR DES EVADES,0.0,0.0
201400032754,18,4,14,15,1,64,545,1,1,1,1,RD810,0.0,0.0
201400032755,18,4,14,18,1,64,189,2,3,1,3,RD810,0.0,0.0
201400032756,19,4,14,16,1,64,483,2,1,1,3,91 RUE GAMBETTA,0.0,0.0
201400032757,26,4,14,6,2,64,545,1,1,2,7,RD810,0.0,0.0
201400032758,27,4,14,14,1,64,483,2,2,8,3,RUE SOPITE,0.0,0.0
201400032759,30,4,14,11,1,64,483,2,1,2,4,AV DE CHANTACO,0.0,0.0
201400032760,15,5,14,13,1,64,483,2,1,1,6,"35, HUGO VICTOR (BOULEVA",0.0,0.0
201400032761,26,5,14,9,1,64,260,1,1,2,2,CD 912,0.0,0.0
201400032762,3,6,14,12,1,64,260,2,1,1,6,78 rue de BEHOBIE,43.34918,-1.7727
201400032763,4,6,14,11,1,64,260,2,1,1,2,EMPEREUR (BOULEVARD DE ),43.35058,-1.76991
201400032764,5,6,14,19,1,64,483,2,1,1,2,RD810,43.41338,1.6149
201400032765,6,6,14,8,1,64,483,2,1,1,3,Bd THIERS,43.39082,1.65918
201400032766,11,6,14,10,1,64,260,2,3,1,3,RESERVOIRS (RUE DES),43.35524,-1.76805
201400032767,12,6,14,16,1,64,545,1,1,1,3,RD810,43.36706,-1.68692
201400032768,12,6,14,16,1,64,545,1,1,1,2,"1, CAMIETA (ALLEE DE)",43.37579,-1.67141
201400032769,14,6,14,9,1,64,483,2,6,1,3,48 Av A ITHURRALDE,43.3972,-1.64447
201400032770,15,6,14,10,1,64,189,1,1,1,2,BRETELLE DE SOCOA RD 913,43.37323,-1.68249