Num_Acc,jour,mois,an,hr,condition_eclairage,departement,commune,condition_agglomeration,intersection,condition_atmosphere,type_collision,adresse,lattitude,longitude
201400032771,21,6,14,17,1,64,545,1,1,1,1,IBARDIN (ROUTE D'),0.0,0.0
201400032772,7,7,14,15,1,64,483,2,1,1,2,RD810,0.0,0.0
201400032773,10,7,14,12,1,64,483,2,1,1,2,16 rue Paul GELOS,43.37727,-1.67412
201400032774,11,7,14,0,3,64,483,1,1,1,6,RD810,0.0,0.0
201400032775,13,7,14,18,1,64,483,2,1,1,1,RD810,43.39653,-1.64593
201400032776,14,7,14,16,1,64,545,1,1,1,2,RD810,43.36891,-1.68442
201400032777,15,7,14,11,1,64,260,1,1,1,2,accè pt SAINT JACQUES,43.34995,-1.78403
201400032778,15,7,14,20,2,64,260,1,1,1,3,rue de la GLACIERE,43.35625,-1.74338
201400032779,22,7,14,1,3,64,545,1,1,1,6,RD810,43.36615,-1.68763
201400032780,23,7,14,15,1,64,483,1,1,1,3,RD810,0.0,0.0
201400032781,23,7,14,18,1,64,483,1,3,1,3,"1, CHIBAU BERRIA PIERRE",43.4092,-1.63641
201400032782,26,7,14,19,1,64,260,2,1,1,7,"6,Bd LECLERC",43.36284,-1.77156
201400032783,27,7,14,19,1,64,260,2,1,1,3,BD BAIE DE CHINGUDY,43.36983,-1.77324
201400032784,29,7,14,13,1,64,483,2,1,1,3,RD810,0.0,0.0
201400032785,29,7,14,18,1,64,483,2,6,1,3,RD810,0.0,0.0
201400032786,30,7,14,11,1,64,545,1,1,8,4,RD810,0.0,0.0
201400032787,30,7,14,16,1,64,483,2,1,1,1,"1, place LOUIS XIV",0.0,0.0
201400032788,1,8,14,20,1,64,189,2,1,1,3,RD810,0.0,0.0
201400032789,2,8,14,11,1,64,260,2,1,1,2,5 rue des LAURIERS,43.35852,-1.77526
201400032790,7,8,14,14,1,64,260,2,3,1,3,106 BD EMPEREUR,43.36857,-1.75602
201400032791,11,8,14,9,1,64,260,2,1,1,6,10 RUE D'IRANDATZ,43.35298,-1.77384
201400032792,13,8,14,15,1,64,483,2,3,1,3,23 AV A ITHURRALDE,43.39239,-1.65304
201400032793,17,8,14,11,1,64,483,2,1,1,2,RD810,0.0,0.0
201400032794,17,8,14,20,1,64,545,1,1,1,1,ROUTE D'IBARDIN,0.0,0.0
201400032795,22,8,14,20,1,64,249,1,1,1,5,RD810,0.0,0.0
201400032796,23,8,14,13,1,64,483,2,1,1,3,RD810,0.0,0.0
201400032797,23,8,14,20,1,64,483,2,1,1,2,1 AV DE LAYATS,0.0,0.0
201400032798,27,8,14,17,1,64,260,2,1,1,5,46 RUE HAPETENIA,0.0,0.0
201400032799,28,8,14,11,1,64,483,2,1,1,6,3  PASSICOT JEAN MARTIN,0.0,0.0
201400032800,29,8,14,16,1,64,545,1,1,1,5,RD810,0.0,0.0
201400032801,1,9,14,15,1,64,483,1,1,1,2,RD810,0.0,0.0
201400032802,2,9,14,9,1,64,483,2,3,1,3,AVENUE DE CHANTACO,0.0,0.0
201400032803,2,9,14,18,1,64,545,1,1,1,3,RD810,0.0,0.0
201400032804,4,9,14,16,1,64,260,1,1,1,1,31 RUE DE LA GLACIERE,0.0,0.0
201400032805,6,9,14,17,1,64,483,2,6,1,3,RD810,43.39174,-1.6549
201400032806,12,9,14,9,1,64,483,1,1,1,2,"1, LAHANCHIPIA (AVENUE)",0.0,0.0
201400032807,12,9,14,17,1,64,260,2,1,1,1,ROUTE DE LA CORNICHE,0.0,0.0
201400032808,17,9,14,18,1,64,260,2,1,1,1,10 RUE IRANDATZ,0.0,0.0
201400032809,21,9,14,15,1,64,545,1,1,1,3,RD810,0.0,0.0
201400032810,23,9,14,11,1,64,189,2,1,1,6,2 QUAI MAURICE RAVEL,0.0,0.0
201400032811,23,9,14,18,1,64,483,2,1,1,3,6 BD ADOLPHE THIERS,43.38968,-1.65857
201400032812,24,9,14,17,1,64,483,2,1,1,3,20 AV ANDRE ITHURRALDE,0.0,0.0
201400032813,25,9,14,12,1,64,545,2,3,1,3,RUE PAUL GELOS,43.37797,-1.67247
201400032814,29,9,14,15,1,64,260,2,1,1,6,10 RUE IRANDATZ,43.35298,-1.77399
201400032815,3,10,14,18,1,64,483,2,1,1,3,74 BOULEVAR THIERS,43.39602,-1.66021
201400032816,5,10,14,17,1,64,260,1,1,1,6,69 ROUTE DE  BEHOBIE,0.0,0.0
201400032817,13,10,14,17,1,64,483,2,1,1,2,RD810,0.0,0.0
201400032818,20,10,14,16,1,64,483,2,1,1,2,17 AV JEAN COULOMME,43.39328,-1.6455
201400032819,24,10,14,8,1,64,483,2,1,1,7,5 BD HUGO VICTOR,43.30168,-0.37663
201400032820,26,10,14,3,5,64,483,2,1,1,6,AVENUE DE CHANTACO,0.0,0.0
201400032821,30,10,14,12,1,64,545,1,1,1,3,RD810,0.0,0.0
201400032822,31,10,14,9,1,64,260,2,1,1,6,14 BD GENERAL LECLERC,0.0,0.0
201400032823,31,10,14,15,1,64,483,2,1,1,5,AVENUE LAHANCHIPIA,43.40124,-1.63516
201400032824,1,11,14,17,1,64,260,2,1,1,1,RUE DES ALLEZS,43.35516,-1.77446
201400032825,2,11,14,19,5,64,545,1,1,3,1,RD810,0.0,0.0
201400032826,3,11,14,18,3,64,260,2,1,3,6,RD 912,0.0,0.0
201400032827,4,11,14,16,1,64,260,2,1,1,6,RUE DE BEHOBIE,0.0,0.0
201400032828,5,11,14,9,1,64,260,2,1,2,3,BOULEVARD DE L EMPEREUR,0.0,0.0
201400032829,16,11,14,17,2,64,483,2,1,1,3,RD810,0.0,0.0
201400032830,20,11,14,8,1,64,483,1,1,1,3,RD 307,0.0,0.0
201400032831,20,11,14,15,1,64,260,2,1,1,3,RUE DES BASQUES,43.35484,-1.77755
201400032832,21,11,14,16,1,64,249,1,1,1,2,RD810,0.0,0.0
201400032833,24,11,14,17,1,64,545,1,1,1,1,RD810,0.0,0.0
201400032834,2,12,14,13,1,64,260,2,1,8,2,AVENUE DE LISSARDY,43.36863,-1.76402
201400032835,22,12,14,6,5,64,483,2,1,1,3,AVENUE DE CHANTACO,0.0,0.0
201400032836,23,12,14,16,1,64,545,1,1,9,1,RUE PAUL GELOS,0.0,0.0
201400032837,31,12,14,15,1,64,483,2,1,7,6,6 RUEDE L'ICHACA,43.38622,-1.65236
201400032838,30,12,14,16,1,64,483,2,1,1,3,AV MARANON,43.3858,-1.65881
201400032839,30,12,14,18,2,64,483,1,1,1,5,RD810,0.0,0.0
201400032840,26,1,14,3,5,64,483,2,1,3,6,BD JEAN PASSICOT,0.0,0.0
201400032841,16,2,14,16,1,64,483,2,3,1,1,AV COULOMME,0.0,0.0
201400032842,23,2,14,18,2,64,249,1,1,1,2,AV GETARIA,0.0,0.0
201400032843,27,3,14,12,1,64,545,1,1,1,6,Route de la Corniche,0.0,0.0
201400032844,5,5,14,8,1,64,260,2,1,1,6,"25/27, ORIO (RUE D')",0.0,0.0
201400032845,3,6,14,17,1,64,545,1,1,1,5,RD810,43.34969,-1.74281
201400032846,5,7,14,12,1,64,545,1,1,1,1,701 rte  de BIRIATOU,43.35222,-1.70262
201400032847,17,8,14,22,5,64,483,1,1,1,3,RD 304,0.0,0.0
201400032848,25,9,14,22,5,64,483,1,1,1,7,25  RUE HIRIBARREN,43.38765,-1.65225
201400032849,2,10,14,10,1,64,545,1,1,1,7,RTE DE LA GLACIERE,0.0,0.0
201400032850,24,2,14,12,1,65,286,1,1,1,7,RD937,43.1034,-0.06851
201400032851,28,2,14,10,1,65,286,2,1,6,6,"1, MICHELET (RUE EDMOND)",43.08937,-0.0469
201400032852,11,3,14,13,1,65,286,2,3,1,3,"1, CAPDANGELLE (RUE)",43.09876,-0.03802
201400032853,24,3,14,16,1,65,286,1,3,3,3,ROUTE DE TARBES,43.11607,-0.03292
201400032854,31,3,14,19,1,65,286,2,2,1,3,LAPACCA (BOULEVARD DU,43.09717,-0.03848
201400032855,6,4,14,9,1,65,286,2,1,1,6,"1, EGLISE (RUE DE L')",43.09651,-0.04566
201400032856,14,4,14,18,1,65,286,2,3,1,6,"50, JUIN (AVENUE MARECHA",43.09375,-0.04221
201400032857,17,4,14,16,1,65,286,2,3,1,6,"44, LANGELLE (RUE DE)",43.09698,-0.04059
201400032858,12,4,14,15,1,65,286,2,1,1,3,48 AV.ALEX.MARQUI,43.10281,-0.04329
201400032859,19,4,14,13,1,65,286,1,1,1,2,SAUX Z.I,43.12723,-0.02742
201400032860,24,4,14,16,1,65,286,2,2,3,6,"1, LACADE (RUE ANSELME)",43.09349,-0.04609
201400032861,9,5,14,17,1,65,286,2,3,1,3,MARQUI (AVENUE ALEXANDRE,43.10217,-0.04378
201400032862,25,5,14,3,5,65,286,2,1,1,1,"34, GAVE (BOULEVARD DU)",43.08981,-0.05336
201400032863,31,5,14,9,1,65,286,2,9,1,5,"1, ABADIE (Avenue Fran?o",43.11129,-0.03645
201400032864,11,6,14,9,1,65,286,2,1,1,6,"0, CHAMP COMMUN (PLACE)",43.09352,-0.04691
201400032865,7,6,14,12,1,65,286,2,4,1,1,"12, SCHOEFFER (AVENUE MO",43.09552,-0.05574
201400032866,15,6,14,12,1,65,286,2,1,1,5,"1, ROMAIN (BOULEVARD DU",43.10053,-0.04533
201400032867,23,6,14,13,1,65,286,2,7,1,6,"1, LAURENCE (PLACE MONSE",43.09675,-0.0544
201400032868,11,7,14,17,1,65,286,2,1,1,5,"1, ROMAIN (BOULEVARD DU",43.1006,-0.04581
201400032869,2,8,14,14,1,65,286,2,1,1,6,"6, LAFITTE (RUE)",43.09466,-0.0461
201400032870,2,8,14,19,1,65,286,2,1,1,3,"86, MARQUI (AVENUE ALEXA",43.10484,-0.04167
201400032871,8,8,14,10,1,65,286,2,2,1,6,"0, ALSACE LORRAINE (RUE)",43.09459,-0.05461
201400032872,16,8,14,9,1,65,286,2,1,1,2,"48, MARQUI (AVENUE ALEXA",43.10279,-0.04329
201400032873,17,8,14,19,4,65,286,2,1,1,6,"1, FORET (ROUTE DE LA)",43.09715,-0.05943
201400032874,21,8,14,14,1,65,286,1,1,1,6,RD921B-COTE DES COURRIER,43.081,-0.04172
201400032875,20,8,14,9,1,65,286,2,2,1,3,ESPAGNE (BOULEVARD D'),43.08784,-0.04316
201400032876,20,8,14,11,1,65,286,2,1,1,2,"2, ESPAGNE (BOULEVARD D'",43.08634,-0.04334
201400032877,14,9,14,21,5,65,286,2,1,1,5,"4A, JEAN PRAT(AVENUE)",43.10696,-0.06496
201400032878,7,9,14,21,5,65,286,2,6,1,2,PYRENEES (PLACE DES),43.09233,-0.04942
201400032879,9,9,14,12,1,65,286,2,1,1,2,"1, JEAN PRAT(AVENUE)",43.10585,-0.06257
201400032880,5,9,14,15,1,65,286,2,1,1,2,ESPAGNE (BOULEVARD D'),43.08737,-0.04318
201400032881,18,9,14,18,1,65,286,2,1,1,6,"23, MARQUI (AVENUE ALEXA",43.10303,-0.04307
201400032882,17,9,14,16,1,65,286,2,1,1,6,"2, ESPAGNE (BOULEVARD D'",43.08629,-0.04334
201400032883,24,9,14,7,2,65,286,2,1,1,6,"1, LAURENCE (PLACE MONSE",43.0967,-0.05448
201400032884,10,9,14,16,1,65,286,2,1,7,6,"1, CHAMP COMMUN (PLACE)",43.09425,-0.04648
201400032885,25,9,14,9,1,65,286,2,2,1,3,"15, BAGNERES (RUE DE)",43.09594,-0.04484
201400032886,29,9,14,16,1,65,286,2,1,1,6,"32, LAC (CHEMIN DU)",43.10762,-0.07314
201400032887,4,10,14,13,1,65,286,2,3,1,3,"64, MARQUI (AVENUE ALEXA",0.0,0.0
201400032888,29,10,14,19,5,65,286,2,1,1,6,"54, MARQUI (AVENUE ALEXA",43.10304,-0.04309
201400032889,26,11,14,17,2,65,286,2,1,3,6,"13, LAFITTE (RUE)",43.09438,-0.04612
201400032890,18,12,14,20,3,65,286,1,1,2,1,"1, PAU (ROUTE DE)",43.2413,0.00993
201400032891,8,1,14,16,1,65,440,2,1,1,6,"22, PASTEUR (RUE)",43.23747,0.06677
201400032892,17,1,14,7,2,65,100,1,2,1,3,"., BOURS (ROUTE DE)",43.26809,0.07647
201400032893,4,2,14,13,1,65,47,2,3,1,3,NOVEMBRE (RUE DU XI),43.26203,0.09217
201400032894,11,2,14,8,1,65,226,1,1,1,3,PAU (ROUTE DE),43.24465,-0.02305
201400032895,12,2,14,9,1,65,417,2,1,1,6,"9, MITTERRAND (AVENUE FR",43.23281,0.09233
201400032896,18,2,14,18,2,65,440,2,2,1,3,"., MIMOSAS (RUE DES)",43.2472,0.07028
201400032897,24,2,14,8,1,65,440,2,1,1,6,"55, JUIN (BOULEVARD DU M",43.23879,0.05976
201400032898,28,2,14,21,3,65,440,2,4,3,6,"44, MARTINET (BOULEVARD",43.23603,0.08382
201400032899,3,3,14,13,1,65,417,2,1,2,4,SEMEAC AV.F. MITTERRAND,43.2231,0.10273
201400032900,3,3,14,16,1,65,417,2,1,4,2,"., MITTERRAND (AVENUE FR",43.2166,0.11038
201400032901,12,3,14,14,1,65,440,2,1,1,2,"., MASSEY (RUE)",43.23977,0.07383
201400032902,14,3,14,12,1,65,100,1,6,1,3,BORDEAUX (ROUTE DE) CD 9,43.26775,0.07069
201400032903,15,3,14,12,1,65,440,2,2,1,3,"., LAFORGUE (AVENUE JULE",43.22419,0.0684
201400032904,23,3,14,20,5,65,440,2,3,1,3,"8, MARTINET (BOULEVARD D",43.23295,0.08667
201400032905,24,3,14,5,5,65,440,2,1,1,6,"82, ALSACE LORRAINE (AVE",43.25177,0.07267
201400032906,31,3,14,21,5,65,440,2,1,1,2,"20, LATTRE DE TASSIGNY(B",43.22784,0.05656
201400032907,4,4,14,9,1,65,331,2,1,1,3,"., LOURDES (AVENUE DE)",43.21,0.04689
201400032908,4,4,14,16,1,65,440,2,1,1,2,"58, HUGO (RUE VICTOR)",43.23883,0.06958
201400032909,13,4,14,18,1,65,440,2,3,1,3,"149, CORPS FRANC POMMIE",43.23697,0.05139
201400032910,13,4,14,19,1,65,440,1,1,1,2,ROCADE SUD-OUEST,43.23105,0.04278
201400032911,14,4,14,20,2,65,440,2,1,1,3,"15, MOUSIS (RUE FRANCOIS",43.23105,0.08205
201400032912,23,4,14,8,1,65,440,2,1,1,6,"48, MARQUES (RUE FRANCOI",43.23154,0.05441
201400032913,24,4,14,11,1,65,440,2,1,1,6,"22, JOFFRE (AVENUE DU MA",43.23956,0.07139
201400032914,26,4,14,16,1,65,440,2,3,2,2,LATTRE DE TASSIGNY(BOULE,43.2241,0.05775
201400032915,29,4,14,14,1,65,331,2,1,1,3,"111, BRIAND (AVENUE ARIS",43.21644,0.0551
201400032916,19,4,14,18,1,65,440,2,1,1,1,"., QUAI D'EMBARQUEMENT (",43.24141,0.0634
201400032917,5,5,14,10,1,65,440,2,3,1,6,"., LAC D'OREDON (RUE DU)",43.24112,0.05115
201400032918,9,5,14,14,1,65,440,2,1,1,3,"13, MARCADIEU (PLACE)",43.2316,0.08378
201400032919,14,5,14,19,1,65,440,2,1,1,3,BRIAND (AVENUE ARISTIDE),43.22526,0.06613
201400032920,17,5,14,13,1,65,440,2,2,1,2,SEPTEMBRE (RUE DU IV),43.22922,0.08482
201400032921,22,5,14,7,1,65,226,1,6,1,3,"., DEPARTEMENTALE 64 (RO",43.23343,0.01712
201400032922,22,5,14,10,1,65,440,2,1,1,6,"20, ADOUR (QUAI DE L')",43.22935,0.08815
201400032923,2,6,14,12,1,65,440,2,2,1,3,"., SEPTEMBRE (RUE DU IV)",43.22888,0.08304
201400032924,2,6,14,21,1,65,440,2,2,1,3,"., FOURCADE (RUE ANDRE)",43.23576,0.07797
201400032925,2,6,14,22,5,65,440,2,1,1,6,"25 bis, CARNOT (RUE)",43.22219,0.07024
201400032926,4,6,14,7,1,65,433,2,2,2,3,"., BREYER (RUE ANDRE)",43.20362,0.10315
201400032927,6,6,14,12,1,65,440,2,1,1,3,"88, ALSACE LORRAINE (AVE",43.2531,0.07255
201400032928,19,6,14,10,1,65,440,2,1,1,6,"., MOUSIS (RUE FRANCOIS)",43.23068,0.08213
201400032929,21,6,14,10,1,65,417,2,1,1,2,"., MITTERRAND (AVENUE FR",43.22319,0.10276
201400032930,21,6,14,15,1,65,440,2,1,1,6,"10, TENOT (RUE EUGENE)",43.23485,0.07824
201400032931,25,6,14,15,1,65,433,2,6,7,3,"32, MAUMUS (RUE JEAN)",43.20422,0.09601
201400032932,2,7,14,17,1,65,440,2,2,1,3,"1, CARNOT (RUE)",43.22405,0.06976
201400032933,7,7,14,0,5,65,440,2,1,2,6,"30, LACAUSSADE (BOULEVAR",43.23241,0.0546
201400032934,18,7,14,7,1,65,417,2,3,1,3,"., PASTEUR (RUE)",43.23028,0.0925
201400032935,19,7,14,9,1,65,440,2,2,1,3,"., ECHEZ (AVENUE DE L",43.22943,0.05185
201400032936,21,7,14,18,1,65,226,2,4,1,3,"28BIS, BOIS DU COMMANDEU",43.23874,0.00408
201400032937,5,8,14,10,1,65,417,2,1,1,2,"., MITTERRAND (AVENUE FR",43.2312,0.09404
201400032938,5,8,14,15,1,65,251,2,1,1,1,MARECHAL FOCH (RUE DU ),43.20472,0.07427
201400032939,11,8,14,8,1,65,100,2,2,1,3,"40, FRANCE (RUE ANATOLE)",43.25457,0.04698
201400032940,16,8,14,18,1,65,433,2,3,1,6,"., CURIE (BOULEVARD JOL",43.20814,0.09512
201400032941,17,8,14,21,2,65,226,1,1,1,6,COTE DE GER,43.24359,-0.01774
201400032942,20,8,14,14,1,65,440,2,3,1,3,"., LASSALLE (RUE GEORGES",43.23532,0.06737
201400032943,2,9,14,9,1,65,433,2,3,1,3,LAPORTE (RUE HONORE),43.2113,0.10034
201400032944,2,9,14,13,1,65,440,1,1,1,6,ROCADE SUD-OUEST,43.23015,0.04351
201400032945,8,9,14,21,2,65,47,2,2,1,2,RUE DU 8 MAI,43.24748,0.08707
201400032946,12,9,14,17,1,65,440,2,2,1,6,23 AV.DE LA MARNE,43.23215,0.08733
201400032947,14,9,14,20,5,65,100,1,6,1,3,"., BOURS (ROUTE DE)",43.26777,0.07142
201400032948,15,9,14,5,3,65,440,2,2,1,3,"., BRIAND (AVENUE ARISTI",43.22454,0.06531
201400032949,17,9,14,15,1,65,440,2,2,1,3,"., VOSGES (BD DES)",43.24884,0.06322
201400032950,21,9,14,9,1,65,417,1,1,1,6,"., MITTERRAND (AVENUE FR",43.21661,0.11038
201400032951,25,9,14,5,5,65,417,2,3,1,6,"., PRADETTES (ALLEE DES)",43.22853,0.10783
201400032952,29,9,14,11,1,65,440,2,1,1,6,"1, ORMEAU (CHEMIN DE L')",43.22793,0.07572
201400032953,2,10,14,14,1,65,440,2,1,1,6,"28, GAMBETTA (COURS)",43.23086,0.07335
201400032954,3,10,14,16,1,65,440,2,7,1,6,"3, MARCADIEU (PLACE)",43.23163,0.08269
201400032955,3,10,14,17,1,65,417,2,3,1,3,"13, REPUBLIQUE (RUE DE L",43.22847,0.09953
201400032956,6,10,14,15,1,65,440,2,1,1,4,PAU (ROUTE DE),43.23808,0.04054
201400032957,9,10,14,7,2,65,440,2,1,2,3,FORGES (AVENUE DES),43.23959,0.0835
201400032958,9,10,14,9,1,65,417,1,1,1,2,"., MITTERRAND (AVENUE FR",43.2195,0.10708
201400032959,12,10,14,1,5,65,47,2,1,1,3,"18, NOVEMBRE (RUE DU XI)",43.23676,0.09061
201400032960,16,10,14,10,1,65,440,2,1,1,3,"114, CORPS FRANC POMMIES",43.23706,0.05046
201400032961,17,10,14,7,5,65,440,2,1,1,6,DREYT (RUE GASTON),43.23089,0.06517
201400032962,17,10,14,18,1,65,440,2,1,1,6,"44, JOFFRE (AVENUE DU MA",43.2395,0.06891
201400032963,18,10,14,17,1,65,100,1,1,1,1,"., KLEBER (RUE PROLONGEE",43.26599,0.0772
201400032964,22,10,14,10,1,65,251,2,1,1,7,AV. DES PYRENEES,43.21212,0.07258
201400032965,27,10,14,17,1,65,226,1,3,1,3,"10, OURSBELILLE (ROUTE D",43.24564,0.01101
201400032966,30,10,14,9,1,65,440,2,3,1,6,ARSONVAL (RUE ARSENE D'),43.23602,0.08392
201400032967,31,10,14,9,1,65,440,2,2,1,6,"., MOUSIS (RUE FRANCOIS)",43.23134,0.08186
201400032968,1,11,14,10,1,65,440,2,1,1,3,"74, ALSACE LORRAINE (AVE",43.25097,0.07275
201400032969,3,11,14,8,1,65,440,2,2,1,3,"., MARTINET (BOULEVARD D",43.23844,0.08188
201400032970,5,11,14,22,5,65,440,2,2,1,3,"., ALSACE LORRAINE (AVEN",43.24449,0.07333
201400032971,7,11,14,15,1,65,100,2,4,2,3,"24, URAC (CHEMIN D')",43.24671,0.04217
201400032972,12,11,14,9,1,65,417,2,1,1,6,"., RAVEL (RUE MAURICE)",43.2258,0.10115
201400032973,24,11,14,18,5,65,433,2,3,1,1,LAPORTE (RUE HONORE),43.21129,0.10032
201400032974,26,11,14,9,1,65,440,2,1,3,3,2 BD DES ARDENNES,43.24964,0.07202
201400032975,1,12,14,16,2,65,440,2,1,2,3,"35, HENRI IV (BOULEVARD)",43.23392,0.05876
201400032976,4,12,14,8,1,65,100,2,3,1,3,"23, FONTAINE (RUE)",43.2618,0.05572
201400032977,9,12,14,12,1,65,440,2,3,1,1,"., LAMOUSSE Auguste",43.24345,0.07969
201400032978,13,12,14,14,1,65,417,2,2,1,3,GAUTIER (RUE TEOPHILE),43.23035,0.10561
201400032979,19,12,14,13,1,65,226,1,1,1,2,"., DEPARTEMENTALE 94 (RO",43.21612,0.02004
201400032980,27,12,14,8,2,65,417,2,1,1,6,"69, MITTERRAND (AVENUE F",43.22608,0.09963
201400032981,24,9,14,8,1,90,294,1,1,1,7,,43.19912,1.35759
201400032982,6,1,14,15,1,66,136,2,1,1,6,CLEMENCEAU (BOULEVARD),42.70043,2.89033
201400032983,9,1,14,15,1,66,136,2,1,1,2,"., ESPRIU (SALVADOR)",42.66721,2.88309
201400032984,10,1,14,7,3,66,136,2,1,1,3,"., LANGUEDOC (AVENUE DU",42.72389,2.88709
201400032985,15,1,14,10,1,66,136,1,1,1,3,"., ESPAGNE (ROUTE D')",42.67003,2.88488
201400032986,17,1,14,12,1,66,136,1,1,1,2,Departementale 914,0.0,0.0
201400032987,18,1,14,0,5,66,136,2,1,1,3,SAINT-ASSISCLE (BOULEVAR,42.6952,2.87865
201400032988,25,1,14,6,5,66,136,2,1,1,3,PALAIS-DES-EXPO (AVENUE,42.70689,2.90014
201400032989,29,1,14,16,1,66,136,2,1,1,3,FRANCE LIBRE (BOULEVARD,42.70541,2.90167
201400032990,29,1,14,17,1,66,136,2,1,1,4,FRANCE LIBRE (BOULEVARD,42.70627,2.90082
201400032991,28,1,14,19,5,66,136,2,1,1,6,"., DALBIEZ (AVENUE VICTO",42.68948,2.8844
201400032992,30,1,14,11,1,66,136,2,1,1,6,CLEMENCEAU (BOULEVARD),42.69988,2.88906
201400032993,4,2,14,23,5,66,136,2,1,1,3,"., COQUELICOTS (DES)",42.70533,2.90177
201400032994,6,2,14,16,1,66,136,2,1,1,6,"., BARTHOLDI FREDERIC",42.70313,2.87826
201400032995,6,2,14,18,1,66,136,2,1,1,3,"., DALBIEZ (AVENUE VICTO",42.68563,2.88199
201400032996,7,2,14,7,1,66,136,2,1,1,3,"., ALDUY (Paul)",42.68425,2.90182
201400032997,17,2,14,14,1,66,136,2,1,1,3,"., DALBIEZ (AVENUE VICTO",42.68918,2.88402
201400032998,12,2,14,20,3,66,136,2,1,1,1,"., LESAGE (ALAIN)",42.68974,2.88676
201400032999,8,2,14,6,2,66,136,2,1,1,3,RUBENS (PAUL),42.69596,2.91589
201400033000,8,2,14,1,5,66,136,2,1,1,1,TORREILLES (AV DU DOCTEU,42.68759,2.87397
201400033001,20,2,14,13,1,66,136,2,2,1,3,"., BEARN DU",42.68735,2.89789
201400033002,22,2,14,2,3,66,136,1,1,1,2,Departementale  617,0.0,0.0
201400033003,21,2,14,18,1,66,136,2,1,1,1,"07BIS, ANCIEN CHEMIN DE",42.70805,2.87567
201400033004,25,2,14,20,3,66,136,2,1,1,4,ARGELES SUR MER AVENUE D,42.67776,2.91306
201400033005,26,2,14,22,5,66,136,2,1,1,2,"., CLEMENCEAU (BOULEVARD",42.69926,2.88861
201400033006,1,3,14,16,1,66,136,2,2,1,3,GAUGUIN (AVENUE PAUL),42.71533,2.8937
201400033007,3,3,14,15,1,66,136,1,9,1,6,ESPAGNE (ROUTE D'),42.66984,2.8822
201400033008,5,3,14,17,1,66,136,2,1,1,6,"., PALAIS-DES-EXPO (AVEN",42.70448,2.89279
201400033009,9,3,14,12,1,66,136,2,2,1,3,"., CARSALADE-DU-PONT(AVE",42.68746,2.90056
201400033010,17,3,14,16,1,66,136,1,1,1,2,"., ARCADES (RD POINT)",42.67414,2.88753
201400033011,17,3,14,18,1,66,136,2,1,1,6,"17, VILLAS-AMIEL (ALLEE",42.69876,2.88555
201400033012,20,3,14,10,1,66,136,2,1,1,6,GUYNEMER (AVENUE GEORGES,42.6949,2.90801
201400033013,24,3,14,20,3,66,136,1,1,1,6,"., R D 900",0.0,0.0
201400033014,28,3,14,17,1,66,136,2,1,1,3,LANGUEDOC (AVENUE DU CD,42.72559,2.88762
201400033015,1,4,14,16,1,66,136,2,2,1,3,DIAZ NARCISSE VIRGIL,42.71753,2.88939
201400033016,3,4,14,8,1,66,136,2,1,2,6,MAILLY,42.69813,2.89297
201400033017,4,4,14,16,1,66,136,2,1,1,3,JOFFRE (AVENUE DU MARECH,42.70443,2.89256
201400033018,8,4,14,12,1,66,136,2,3,1,3,DALBIEZ (AVENUE VICTOR),42.69051,2.88546
201400033019,10,4,14,5,5,66,136,2,1,1,6,"141 b, JOFFRE (AVENUE DU",42.71254,2.8894
201400033020,11,4,14,19,1,66,136,2,1,1,2,DESNOYE (BOULEVARD DR. J,42.70761,2.88633
201400033021,14,4,14,9,1,66,136,2,1,1,3,DIDEROT (DENIS),42.70073,2.90427
201400033022,15,4,14,9,1,66,136,2,1,1,4,COQUELICOTS (DES),42.70546,2.90165
201400033023,11,4,14,10,1,66,136,2,2,1,3,"., BANYOLES (RUE)",42.66341,2.88088
201400033024,15,4,14,17,1,66,136,2,1,1,1,"., VIVES (CHEMIN DEL)",42.71092,2.8986
201400033025,14,4,14,2,3,66,136,2,1,1,1,FRANCE LIBRE (BOULEVARD,42.70428,2.89732
201400033026,27,4,14,20,5,66,136,2,1,1,6,SAUVY (ALFRED),42.67949,2.89861
201400033027,25,4,14,8,1,66,136,2,2,2,7,"15, POINCARE (BOULEVARD",42.69151,2.89458
201400033028,1,5,14,12,1,66,136,2,2,1,3,BRUTUS AVENUE GILBERT,42.69342,2.88906
201400033029,1,5,14,23,5,66,136,2,1,1,3,KENNEDY (BD JOHN-FITZGER,42.69082,2.89649