Num_Acc,jour,mois,an,hr,condition_eclairage,departement,commune,condition_agglomeration,intersection,condition_atmosphere,type_collision,adresse,lattitude,longitude
201400033030,1,5,14,5,5,66,136,2,2,1,3,ROUDAYRE (AVENUE EMILE),42.71036,2.89752
201400033031,5,5,14,10,1,66,136,2,1,1,2,"., PAYRA (JEAN)",42.70391,2.89286
201400033032,6,5,14,6,1,66,136,2,1,1,6,"., BLANC AVENUE ROSETTE",42.69863,2.92879
201400033033,13,5,14,18,1,66,136,2,1,1,6,"47, LASSUS (COURS MARIE-",42.70261,2.90097
201400033034,15,5,14,8,1,66,136,2,1,1,6,BACCHUS ALLEE DE,42.68949,2.88463
201400033035,17,5,14,18,1,66,136,2,2,1,3,ANCIEN CHAMP DE MARS AVE,42.70517,2.88992
201400033036,23,5,14,20,1,66,136,2,1,1,3,COQUELICOTS (DES),42.70529,2.90173
201400033037,27,5,14,16,1,66,136,2,2,1,3,OISEAUX (DES),42.71099,2.88621
201400033038,2,6,14,12,1,66,136,2,1,1,5,LANGUEDOC (AVENUE DU CD,42.74041,2.89192
201400033039,10,6,14,17,1,66,136,2,1,1,6,VAUBAN (QUAI SEBASTIEN),42.69829,2.8918
201400033040,10,6,14,17,1,66,136,2,1,1,3,"., JULIEN PANCHOT (AVENU",42.68833,2.87485
201400033041,11,6,14,10,1,66,136,2,1,1,3,"63, BRIAND BOULEVARD ARI",42.69378,2.90087
201400033042,11,6,14,19,1,66,136,2,1,1,6,ESCARGUEL (COURS LAZARE),42.69957,2.88681
201400033043,16,6,14,16,1,66,136,2,1,1,2,"., ORNANO (PLACE DU COLO",42.69004,2.89996
201400033044,21,6,14,14,1,66,136,2,1,1,6,ARGENTERIE DE L',42.69846,2.8968
201400033045,28,6,14,19,1,66,136,2,1,1,3,"., DALBIEZ (AVENUE VICTO",42.68958,2.8844
201400033046,27,6,14,18,1,66,136,2,1,1,1,MERMOZ (AVENUE JEAN),42.69337,2.91482
201400033047,1,7,14,9,1,66,136,2,1,1,2,"., ROUDAYRE (AVENUE EMIL",42.70766,2.89955
201400033048,1,7,14,15,1,66,136,1,1,1,3,"., BROGLIE, Av de",42.7101,2.911
201400033049,3,7,14,0,5,66,136,2,1,1,3,"., COQUELICOTS (DES)",42.70412,2.90254
201400033050,4,7,14,14,1,66,136,1,1,1,3,"., ESPAGNE (ROUTE D')",42.66892,2.88345
201400033051,7,7,14,13,1,66,136,1,1,3,6,"., D 616",0.0,0.0
201400033052,7,7,14,14,1,66,136,1,1,3,7,"., R D 900",0.0,0.0
201400033053,9,7,14,8,1,66,136,2,2,1,3,FUSAINS (DES),42.68519,2.88101
201400033054,10,7,14,15,1,66,136,2,1,1,6,"., GAULLE (AVENUE GENERA",42.69734,2.88384
201400033055,15,7,14,16,1,66,136,2,1,1,3,"., GUYNEMER (AVENUE GEOR",42.69044,2.905
201400033056,13,7,14,19,1,66,136,2,1,1,3,"., ARAGO FRANCOIS PLACE",42.69828,2.89197
201400033057,18,7,14,17,1,66,136,2,1,1,6,", FRANCE (BOULEVARD ANAT",42.69734,2.90399
201400033058,19,7,14,19,1,66,136,1,1,1,6,"., R D 900",0.0,0.0
201400033059,21,7,14,17,1,66,136,2,1,1,3,"., GAUGUIN (AVENUE PAUL)",42.68559,2.87327
201400033060,12,7,14,17,1,66,136,2,2,1,3,"., JOFFRE (AVENUE DU MAR",42.7064,2.8918
201400033061,27,7,14,1,5,66,136,2,1,1,3,MEILHAC (HENRI),42.72249,2.8908
201400033062,25,7,14,15,1,66,136,2,1,1,3,"0, MASSOT (PAUL)",42.69596,2.88393
201400033063,29,7,14,16,1,66,136,2,2,1,5,FOCH (MARECHAL),42.69441,2.88864
201400033064,2,8,14,9,1,66,136,2,1,1,3,JOFFRE (AVENUE DU MARECH,42.71771,2.88739
201400033065,2,8,14,17,1,66,136,2,1,1,2,BOUSSIRON AVENUE SIMON,42.69831,2.92849
201400033066,11,8,14,20,2,66,136,2,1,1,6,"80, GUYNEMER AVENUE",42.69009,2.9053
201400033067,11,8,14,21,2,66,136,2,1,1,3,JOFFRE (AVENUE DU MARECH,42.71745,2.88747
201400033068,11,8,14,16,1,66,136,2,1,1,7,QUATRE-SEPTEMBRE (DU),42.69902,2.89072
201400033069,11,8,14,15,1,66,136,2,1,1,3,"23, CLEMENCEAU (BOULEVAR",42.70042,2.89014
201400033070,17,8,14,23,3,66,136,2,1,1,6,R D 900,42.69906,2.87405
201400033071,10,8,14,5,2,66,136,1,1,1,2,Departementale 914,0.0,0.0
201400033072,21,8,14,14,1,66,136,2,1,1,3,COQUELICOTS (DES),42.70175,2.90445
201400033073,23,8,14,9,1,66,136,2,1,1,6,ESPAGNE (ROUTE D'),42.67435,2.88798
201400033074,27,8,14,15,1,66,136,2,1,1,3,CLEMENCEAU (BOULEVARD),42.70089,2.8925
201400033075,25,8,14,15,1,66,136,2,1,1,3,"., VELODROME (DU)",42.69507,2.90347
201400033076,1,9,14,15,1,66,136,2,2,1,3,"., WILSON (BOULEVARD THO",42.70188,2.89569
201400033077,2,9,14,17,1,66,136,2,1,1,2,"., MAS-DONAT (DU)",42.71329,2.90553
201400033078,5,9,14,16,1,66,136,2,1,1,3,"., DALBIEZ (AVENUE VICTO",42.68415,2.88201
201400033079,6,9,14,18,1,66,136,2,1,1,3,WILSON (BOULEVARD THOMAS,42.70198,2.89563
201400033080,7,9,14,20,2,66,136,2,1,1,6,"11, LECLERC (AVENUE DU G",42.70161,2.89169
201400033081,9,9,14,21,2,66,136,2,1,1,3,"45, MERMOZ (AVENUE JEAN)",42.69663,2.90819
201400033082,10,9,14,8,1,66,136,2,1,1,3,JUIN (AVENUE DU MARECHAL,42.68761,2.89965
201400033083,11,9,14,20,2,66,136,1,1,1,2,R D 900,0.0,0.0
201400033084,15,9,14,16,1,66,136,1,1,1,2,R D 900,0.0,0.0
201400033085,16,9,14,13,1,66,136,1,1,1,2,Departementale  617,0.0,0.0
201400033086,23,9,14,15,1,66,136,1,1,1,3,Departementale  617,42.70448,2.90914
201400033087,25,9,14,10,1,66,136,2,1,1,3,"., BEAU DE ROCHAS ALPHON",42.73285,2.89498
201400033088,26,9,14,21,5,66,136,1,1,1,3,COTE RADIEUSE (DE LA),42.67786,2.91285
201400033089,28,9,14,17,1,66,136,1,1,1,1,D 62 a,42.6878,2.90868
201400033090,29,9,14,18,1,66,136,1,1,2,2,departementale 914,0.0,0.0
201400033091,7,10,14,10,1,66,136,2,1,1,3,"38, NUNGESSER-ET-COLI",42.68706,2.88737
201400033092,8,10,14,9,1,66,136,2,1,1,2,FRANCE (BOULEVARD ANATOL,42.69792,2.90437
201400033093,8,10,14,8,1,66,136,2,1,1,6,"38, MANOIR",42.69468,2.84862
201400033094,8,10,14,7,1,66,136,2,1,1,2,"64, KENNEDY",42.68687,2.9065
201400033095,8,10,14,19,3,66,136,2,1,1,2,R D 900,0.0,0.0
201400033096,8,10,14,17,1,66,136,2,1,1,6,"19, PALAIS-DES-EXPO (AVE",42.70508,2.89426
201400033097,11,10,14,16,1,66,136,2,1,1,6,EAUX-VIVES (AVENUE DES),42.70666,2.89196
201400033098,10,10,14,13,1,66,136,2,2,1,3,"., MERMOZ (AVENUE JEAN)",42.69641,2.91027
201400033099,15,10,14,12,1,66,136,2,1,1,6,"., SAINT-ASSISCLE (BOULE",42.69485,2.87884
201400033100,13,10,14,8,1,66,136,1,1,1,4,"3760, JULIEN PANCHOT (AV",42.67607,2.84354
201400033101,17,10,14,22,5,66,136,2,1,1,3,JULIEN PANCHOT (AVENUE),42.69159,2.88276
201400033102,26,10,14,16,1,66,136,2,1,1,6,"., KOENING Bd",42.68628,2.9066
201400033103,20,10,14,23,3,66,136,2,1,1,6,"28, DEGAS (EDGARD)",42.69265,2.91225
201400033104,30,10,14,0,5,66,136,2,1,1,6,LECLERC (AVENUE DU GENER,42.70114,2.88994
201400033105,21,10,14,9,1,66,136,2,6,1,3,"., ESPAGNE (ROUTE D')",42.68154,2.89408
201400033106,4,11,14,18,3,66,136,1,1,3,6,"., ESPAGNE (ROUTE D')",42.66956,2.88329
201400033107,6,11,14,18,5,66,136,2,1,1,3,"., GAUGUIN (AVENUE PAUL)",42.7171,2.89137
201400033108,10,11,14,14,1,66,136,2,1,1,6,"., SAINT CHARLES (ROCADE",0.0,0.0
201400033109,13,11,14,7,1,66,136,2,2,1,3,VERNE (JULES),42.69001,2.89378
201400033110,13,11,14,17,1,66,136,2,1,1,6,"., CAMUS AVENUE ALBERT",42.69132,2.90754
201400033111,14,11,14,15,1,66,136,2,1,1,2,"., MISTRAL (BOULEVARD FR",42.69873,2.90545
201400033112,19,11,14,18,3,66,136,1,1,1,2,Departementale 914,0.0,0.0
201400033113,21,11,14,8,1,66,136,2,1,1,2,"., FRANCE (BOULEVARD ANA",42.69852,2.90465
201400033114,22,11,14,22,5,66,136,2,1,1,6,BROUSSE EMMANUEL,42.69062,2.90123
201400033115,27,11,14,18,2,66,136,2,1,2,6,PORT-VENDRES (DE),42.68054,2.90946
201400033116,1,12,14,11,1,66,136,2,1,1,3,FRANCE LIBRE (BOULEVARD,42.70203,2.88845
201400033117,1,12,14,12,1,66,136,2,1,1,6,"39, DALBIEZ (AVENUE VICT",42.69183,2.88694
201400033118,2,12,14,18,5,66,136,2,1,1,3,"., GRANDE BRETAGNE (AVEN",42.69946,2.88219
201400033119,3,12,14,18,5,66,136,2,1,1,6,"., GAULLE (AVENUE GENERA",42.69793,2.88622
201400033120,3,12,14,17,1,66,136,2,2,1,3,"., ORBAIS (JEAN D')",42.69506,2.92129
201400033121,4,12,14,18,5,66,136,2,1,1,6,"19, ALBERT MARCELLIN",42.69012,2.89199
201400033122,10,12,14,16,2,66,136,2,1,1,5,Departementale 914,0.0,0.0
201400033123,10,12,14,19,3,66,136,2,1,6,2,SAINT CHARLES (ROCADE),42.69438,2.85127
201400033124,11,12,14,19,2,66,136,2,3,1,3,PANCHOT (AVENUE JULIEN),42.6928,2.88581
201400033125,12,12,14,13,1,66,136,2,1,1,3,LANGUEDOC (AVENUE DU CD,42.73459,2.89016
201400033126,14,12,14,19,2,66,136,2,1,1,6,"17, JULIEN PANCHOT (AVEN",42.69306,2.88628
201400033127,12,12,14,23,5,66,136,2,1,1,3,JULIEN PANCHOT (AVENUE),42.68832,2.87486
201400033128,17,12,14,15,1,66,136,2,1,1,6,"., JEAN JACQUES ROCADE",42.70406,2.90919
201400033129,16,12,14,19,5,66,136,2,1,1,3,"07bis, AERODROME AVENUE",42.72625,2.88024
201400033130,22,12,14,21,5,66,136,2,1,1,1,";, TORREILLES (AV DU DOC",42.69098,2.87262
201400033131,9,12,14,5,3,60,54,2,1,1,1,D2204 - PONT DE PEILLE,43.771,7.325
201400033132,23,1,14,9,1,67,180,2,3,8,3,COLONEL JEAN DE BENOIST,0.0,0.0
201400033133,1,2,14,17,3,67,180,1,1,2,3,RD 1062,0.0,0.0
201400033134,15,2,14,22,3,67,180,1,1,1,7,PAYSANS (CHEMIN DES),0.0,0.0
201400033135,6,3,14,13,1,67,180,2,9,1,1,"54, SOUFFLENHEIM (ROUTE",0.0,0.0
201400033136,28,4,14,10,1,67,180,2,1,2,6,GUNTZ (RUE),0.0,0.0
201400033137,11,5,14,14,1,67,180,2,1,3,6,MARECHAL FOCH (RUE DU),0.0,0.0
201400033138,26,6,14,22,2,67,180,2,1,1,6,"19, WEITBRUCH (ROUTE DE)",0.0,0.0
201400033139,17,7,14,14,1,67,180,2,1,1,5,WISSEMBOURG (AV. DE),0.0,0.0
201400033140,30,8,14,21,3,67,180,1,6,1,6,SOUFFLENHEIM (ROUTE DE),0.0,0.0
201400033141,6,9,14,1,5,67,180,2,1,1,3,"20, HAGUENAU (COMMUNE DE",0.0,0.0
201400033142,7,9,14,19,2,67,180,1,1,1,3,RD 1063,0.0,0.0
201400033143,26,9,14,19,2,67,180,2,1,1,7,"30, WINTERSHOUSE (ROUTE",0.0,0.0
201400033144,1,10,14,14,1,67,180,2,1,1,6,"32, MARECHAL FOCH (RUE D",0.0,0.0
201400033145,3,11,14,8,1,67,180,1,1,8,5,BITCHE (ROUTE DE),0.0,0.0
201400033146,8,11,14,18,5,67,180,2,1,8,6,SOEURS (RUE DES),0.0,0.0
201400033147,11,11,14,15,1,67,180,1,1,1,1,"PV, RD27 endormissement",0.0,0.0
201400033148,30,11,14,20,3,67,180,1,1,1,7,SCHIRRHEIN (ROUTE DE),0.0,0.0
201400033149,2,10,14,20,3,67,180,2,1,1,3,WINTERSHOUSE (ROUTE DE),0.0,0.0
201400033150,4,1,14,11,1,67,462,2,2,2,3,"1, MARECHAL FOCH (BOULEV",0.0,0.0
201400033151,19,3,14,19,5,67,462,2,2,1,3,"01, ILL (QUAI DE L')",0.0,0.0
201400033152,10,5,14,15,1,67,462,2,1,1,3,COLMAR (ROUTE DE),0.0,0.0
201400033153,22,6,14,2,3,67,462,1,1,1,6,MARCKOLSHEIM (ROUTE DE),0.0,0.0
201400033154,7,8,14,17,1,67,462,2,1,2,6,THIERS (BOULEVARD),0.0,0.0
201400033155,19,11,14,18,5,67,462,2,1,8,6,"2, PORTE DE STRASBOURG (",0.0,0.0
201400033156,1,1,14,4,5,67,482,2,1,2,6,"0, FRANCOIS EPAILLY (RUE",0.0,0.0
201400033157,3,1,14,20,5,67,482,2,2,1,6,"0, SCHIRMECK (ROUTE DE)",0.0,0.0
201400033158,7,1,14,16,5,67,204,2,1,1,2,"0, WANTZENAU (ROUTE DE L",0.0,0.0
201400033159,7,1,14,22,5,67,482,2,1,1,6,"23, ALTKIRCH (RUE D )",0.0,0.0
201400033160,9,1,14,16,2,67,482,2,1,1,6,"57, GENERAL OFFENSTEIN (",0.0,0.0
201400033161,9,1,14,20,5,67,218,2,1,2,3,"77, STRASBOURG (ROUTE DE",0.0,0.0
201400033162,10,1,14,16,1,67,482,2,1,1,6,"1, BRULIG (QUAI DU)",0.0,0.0
201400033163,10,1,14,16,2,67,482,2,1,1,3,"18, SCHNOKELOCH (RUE DU)",0.0,0.0
201400033164,10,1,14,18,5,67,43,2,3,1,3,"0, EDMOND FLAMAND (RUE)",0.0,0.0
201400033165,10,1,14,18,5,67,482,2,1,1,6,"0, PAUL ELUARD (RUE)",0.0,0.0
201400033166,13,1,14,18,5,67,482,2,2,2,6,"0, BONNES GENS (RUE DES)",0.0,0.0
201400033167,14,1,14,19,5,67,482,2,1,1,3,"0, BELGES (QUAI DES)",0.0,0.0
201400033168,15,1,14,9,1,67,447,2,1,7,6,"137, GENERAL DE GAULLE (",0.0,0.0
201400033169,19,1,14,19,5,67,482,2,2,1,3,"0, LA WANTZENAU (ROUTE D",0.0,0.0
201400033170,20,1,14,16,5,67,218,2,1,2,1,"22, LYON (RTE DE)",0.0,0.0
201400033171,21,1,14,20,5,67,447,2,1,1,2,"14, PIERRE MENDES FRANCE",0.0,0.0
201400033172,22,1,14,8,1,67,482,2,1,1,6,"0, CERVANTES (AVENUE)",0.0,0.0
201400033173,22,1,14,18,2,67,482,2,1,1,6,"23, MARECHAL JUIN (RUE D",0.0,0.0
201400033174,24,1,14,13,1,67,482,2,3,1,6,"0, BALDNER (RUE)",0.0,0.0
201400033175,26,1,14,20,5,67,482,2,3,2,3,"0, LAVOISIER (RUE)",0.0,0.0
201400033176,26,1,14,23,5,67,482,2,3,3,3,"0, RHIN NAPOLEON (RUE DU",0.0,0.0
201400033177,27,1,14,17,2,67,482,2,3,2,1,"0, VANNEAUX (RUE DES)",0.0,0.0
201400033178,28,1,14,15,1,67,447,2,2,1,6,"0, CHARME (RUE DU)",0.0,0.0
201400033179,30,1,14,18,5,67,447,2,4,1,6,"145A, DEUXIEME DIVISION",0.0,0.0
201400033180,30,1,14,18,1,67,482,2,2,1,3,"26, ROBERTSAU (ALLEE DE",0.0,0.0
201400033181,30,1,14,20,5,67,447,2,2,1,5,"0, PIERRE MENDES FRANCE",0.0,0.0
201400033182,31,1,14,13,1,67,482,2,4,7,5,"0, MOLIERE (AVENUE)",0.0,0.0
201400033183,31,1,14,17,5,67,218,2,2,1,6,"0, JEU DES ENFANTS (RUE",0.0,0.0
201400033184,1,2,14,14,1,67,482,2,1,8,3,"0, MONTAGNE VERTE (RUE D",0.0,0.0
201400033185,2,2,14,4,5,67,482,2,1,2,7,"0, HAUTEFORT (RUE DE)",0.0,0.0
201400033186,2,2,14,14,1,67,447,2,2,1,3,"0, GENERAL DE GAULLE (RO",0.0,0.0
201400033187,3,2,14,12,1,67,218,2,3,1,3,"0, VERGER (RUE DU)",0.0,0.0
201400033188,6,2,14,12,1,67,482,2,1,1,6,"0, ALSACE (AVENUE D )",0.0,0.0
201400033189,6,2,14,22,5,67,482,2,2,1,3,"0, OBERHAUSBERGEN (ROUTE",0.0,0.0
201400033190,8,2,14,2,5,67,482,2,1,1,6,"4, FORT LOUIS (RUE DU)",0.0,0.0
201400033191,12,2,14,20,1,67,482,2,3,1,6,"0, MARCHE GARE (RUE DU)",0.0,0.0
201400033192,13,2,14,12,1,67,482,2,3,2,6,"0, GENERAL KOENIG (QUAI",0.0,0.0
201400033193,13,2,14,19,5,67,482,2,1,2,3,"111, ROMAINS (ROUTE DES)",0.0,0.0
201400033194,17,2,14,8,1,67,447,2,2,1,3,"0, MODER (RUE DE LA)",0.0,0.0
201400033195,18,2,14,14,1,67,447,2,3,1,3,"0, GENERAL DE GAULLE (RO",0.0,0.0
201400033196,19,2,14,12,1,67,482,2,1,1,4,"41, CHARLES PEGUY (RUE)",0.0,0.0
201400033197,20,2,14,7,1,67,482,2,3,1,3,"0, OBERHAUSBERGEN (ROUTE",0.0,0.0
201400033198,21,2,14,13,1,67,482,2,1,1,6,"28, FLAUBERT (PLACE)",0.0,0.0
201400033199,21,2,14,16,1,67,482,2,4,1,3,"0, VITRY LE FRANCOIS (AV",0.0,0.0
201400033200,22,2,14,14,1,67,482,2,2,1,3,MENACHEM TAFFEL (RUE),0.0,0.0
201400033201,23,2,14,10,1,67,482,2,2,1,3,"0, ROBERTSAU (ALLEE DE L",0.0,0.0
201400033202,24,2,14,10,1,67,365,2,1,1,3,"37a, LINGOLSHEIM (RUE DE",0.0,0.0
201400033203,24,2,14,15,1,67,482,2,1,1,6,"0, PRESIDENT WILSON (BOU",0.0,0.0
201400033204,26,2,14,15,1,67,482,2,3,2,3,"0, CERVANTES (AVENUE)",0.0,0.0
201400033205,28,2,14,20,5,67,482,2,1,9,2,"153, LA WANTZENAU (ROUTE",0.0,0.0
201400033206,1,3,14,17,1,67,482,2,1,1,6,"10, BALZAC (BOULEVARD)",0.0,0.0
201400033207,4,3,14,19,5,67,482,2,2,1,3,"0, HERRENSCHMIDT (AVENUE",0.0,0.0
201400033208,4,3,14,21,5,67,482,2,1,1,6,"13, RHIN (ROUTE DU)",0.0,0.0
201400033209,6,3,14,9,1,67,482,2,2,1,2,"0, SEBASTIEN BRANT (PLAC",0.0,0.0
201400033210,6,3,14,14,1,67,482,2,1,1,6,"61, ZURICH (RUE DE)",0.0,0.0
201400033211,6,3,14,17,2,67,447,2,1,1,6,"10, PIERRE MENDES FRANCE",0.0,0.0
201400033212,6,3,14,23,3,67,218,1,1,1,6,"0, RHIN (ROUTE DU)",0.0,0.0
201400033213,7,3,14,8,1,67,482,2,2,1,3,"34, WACKEN (RUE DU)",0.0,0.0
201400033214,7,3,14,17,1,67,365,2,2,1,3,PLAGE (RUE DE LA),0.0,0.0
201400033215,7,3,14,19,5,67,482,2,1,1,7,"0, RHIN NAPOLEON (RUE DU",0.0,0.0
201400033216,8,3,14,20,5,67,482,2,1,1,2,"0, RHIN (ROUTE DU)",0.0,0.0
201400033217,9,3,14,19,5,67,482,2,1,1,6,"7, DOLLER (RUE DE LA)",0.0,0.0
201400033218,9,3,14,23,3,67,267,2,1,1,2,"0, HOLTZHEIM (RUE DE)",0.0,0.0
201400033219,10,3,14,16,1,67,482,2,1,1,2,"279, SCHIRMECK (ROUTE DE",0.0,0.0
201400033220,10,3,14,18,5,67,482,2,3,1,6,"0, GUERIN (RUE)",0.0,0.0
201400033221,11,3,14,8,1,67,482,2,1,1,3,"2, MARCHE GARE (RUE DU)",0.0,0.0
201400033222,11,3,14,9,1,67,482,2,2,1,5,"0, TAULER (BOULEVARD)",0.0,0.0
201400033223,11,3,14,10,1,67,365,2,2,1,3,"0, ETTORE BUGATTI (RUE)",0.0,0.0
201400033224,11,3,14,19,5,67,482,2,3,1,5,BELGES (QUAI DES),0.0,0.0
201400033225,12,3,14,12,1,67,482,2,1,1,6,"38, VICTOR HUGO (BOULEVA",0.0,0.0
201400033226,12,3,14,16,1,67,482,2,1,1,6,"18, BRUXELLES (RUE DE)",0.0,0.0
201400033227,13,3,14,10,1,67,218,2,1,1,6,"25, MESSMER (AVENUE)",0.0,0.0
201400033228,13,3,14,16,1,67,482,2,1,1,2,"42, FORET NOIRE (AVENUE",0.0,0.0
201400033229,13,3,14,18,2,67,218,2,1,1,6,LIXENBUHL (RUE),0.0,0.0
201400033230,13,3,14,19,1,67,447,2,2,1,3,"0, MARAIS (RUE DU)",0.0,0.0
201400033231,13,3,14,20,5,67,482,2,6,1,3,"0, COMTES (ALLEE DES)",0.0,0.0
201400033232,14,3,14,23,5,67,447,2,1,1,6,"2, BARRAGE (RUE DU)",0.0,0.0
201400033233,15,3,14,5,5,67,482,2,2,1,3,"0, ARISTIDE BRIAND (AVEN",0.0,0.0
201400033234,15,3,14,14,1,67,482,2,3,1,2,"0, DURANCE (RUE DE LA)",0.0,0.0
201400033235,15,3,14,14,1,67,482,2,1,1,6,"0, PECHEURS (QUAI DES)",0.0,0.0
201400033236,16,3,14,19,5,67,482,2,1,1,3,"44, SCHIRMECK (ROUTE DE)",0.0,0.0
201400033237,17,3,14,8,1,67,43,2,2,1,3,"41, BRUMATH (ROUTE DE)",0.0,0.0
201400033238,17,3,14,16,1,67,482,2,1,1,6,"0, JACQUES KABLE (RUE)",0.0,0.0
201400033239,17,3,14,20,5,67,482,2,2,1,3,"0, CLEMENCEAU (BOULEVARD",0.0,0.0
201400033240,20,3,14,13,1,67,267,2,1,1,6,"0, HIRONDELLES (RUE DES)",0.0,0.0
201400033241,22,3,14,9,1,67,482,2,2,2,6,"0, STRAUSS DURKHEIM (RUE",0.0,0.0
201400033242,24,3,14,16,1,67,482,2,1,8,6,"0, COLMAR (AVENUE DE)",0.0,0.0
201400033243,25,3,14,0,5,67,482,2,2,1,3,"0, LOUISE MICHEL (RUE)",0.0,0.0
201400033244,25,3,14,13,1,67,482,2,1,1,6,"37, LAZARET (RUE DU)",0.0,0.0
201400033245,26,3,14,15,1,67,482,2,1,1,3,"41, VIRGILE (RUE)",0.0,0.0
201400033246,26,3,14,17,1,67,218,2,1,1,6,"12, FRAN?OIS MITTERRAND",0.0,0.0
201400033247,28,3,14,8,1,67,447,2,3,1,3,"0, CONTADES (RUE DES)",0.0,0.0
201400033248,28,3,14,15,1,67,482,2,1,1,6,"0, ETUDIANTS (RUE DES)",0.0,0.0
201400033249,28,3,14,17,1,67,482,2,1,1,6,"0, OBERNAI (RUE D )",0.0,0.0
201400033250,28,3,14,21,5,67,218,2,1,1,6,"30, ROSEAUX (RUE DES)",0.0,0.0
201400033251,29,3,14,21,5,67,267,2,3,1,3,USINE (RUE DE L ),0.0,0.0
201400033252,30,3,14,10,1,67,482,2,2,1,6,PIERRE BOUGUER (RUE),0.0,0.0
201400033253,30,3,14,17,1,67,482,2,1,1,4,"0, BELGES (QUAI DES)",0.0,0.0
201400033254,4,4,14,3,5,67,482,2,1,1,6,SEBASTIEN BRANT (PLACE),0.0,0.0
201400033255,5,4,14,10,1,67,482,2,1,1,6,"0, SAINT GUILLAUME (RUE)",0.0,0.0
201400033256,6,4,14,2,5,67,482,2,2,1,3,VIENNE (ROUTE DE),0.0,0.0
201400033257,7,4,14,7,1,67,267,2,3,1,3,MARECHAL FOCH (RUE DU),0.0,0.0
201400033258,7,4,14,11,1,67,482,2,2,1,3,"0, MOLL (RUE)",0.0,0.0
201400033259,7,4,14,21,5,67,482,2,1,1,3,"6, AVERROES",0.0,0.0
201400033260,7,4,14,22,5,67,482,2,3,1,2,"0, CHARMILLE (RUE DE LA)",0.0,0.0
201400033261,8,4,14,15,1,67,482,2,3,1,3,"0, COLMAR (AVENUE DE)",0.0,0.0
201400033262,8,4,14,22,5,67,482,2,2,1,3,"0, PLAINE DES BOUCHERS (",0.0,0.0
201400033263,9,4,14,17,1,67,482,2,1,1,6,"0, HELBLING (QUAI JEANNE",0.0,0.0
201400033264,9,4,14,21,5,67,43,2,2,1,2,BRUMATH (ROUTE DE),0.0,0.0
201400033265,10,4,14,11,1,67,482,2,3,1,3,HERRENSCHMIDT (AVENUE),0.0,0.0
201400033266,10,4,14,15,1,67,482,2,1,1,3,"36, JEAN JAURES (AVENUE)",0.0,0.0
201400033267,10,4,14,20,5,67,482,2,1,1,6,"14, DANIEL HIRTZ (RUE)",0.0,0.0
201400033268,11,4,14,12,1,67,482,2,2,1,3,"0, REUSS (ALLEE)",0.0,0.0
201400033269,11,4,14,18,1,67,482,2,1,1,3,"0, OBERHAUSBERGEN (ROUTE",0.0,0.0
201400033270,12,4,14,18,1,67,482,2,4,1,3,"0, VICTOIRE (BOULEVARD D",0.0,0.0
201400033271,13,4,14,16,1,67,482,2,1,1,6,FAUBOURG DE SAVERNE (RUE,0.0,0.0
201400033272,14,4,14,17,1,67,482,1,3,1,3,"0, LEZAY MARNESIA (QUAI)",0.0,0.0
201400033273,15,4,14,7,1,67,218,2,2,1,3,"0, FORT UHRICH (ROUTE DU",0.0,0.0
201400033274,15,4,14,18,1,67,482,2,1,1,3,"2, CHARLES PEGUY (RUE)",0.0,0.0
201400033275,16,4,14,16,1,67,482,1,1,1,6,LA WANTZENAU (ROUTE DE),0.0,0.0
201400033276,16,4,14,18,1,67,482,2,1,1,3,"12, HENRI FRENAY (RUE)",0.0,0.0
201400033277,17,4,14,11,1,67,482,2,1,1,5,PONT DE L EUROPE (AVENUE,0.0,0.0
201400033278,17,4,14,16,1,67,482,2,1,1,5,"0, LANGUEDOC (RUE DU)",0.0,0.0
201400033279,19,4,14,15,1,67,43,2,1,1,4,"37, BISCHWILLER (ROUTE D",0.0,0.0
201400033280,20,4,14,16,1,67,482,2,1,1,3,"155, POLYGONE (ROUTE DU)",0.0,0.0
201400033281,22,4,14,8,1,67,482,2,1,1,6,"9, GEORGES WODLI (RUE)",0.0,0.0
201400033282,22,4,14,9,1,67,267,2,2,1,3,"0, HOLTZHEIM (RUE DE)",0.0,0.0
201400033283,24,4,14,17,1,67,447,2,1,1,5,"22, GENERAL DE GAULLE (R",0.0,0.0
201400033284,29,4,14,16,1,67,482,2,1,1,3,"0, RHIN (ROUTE DU)",0.0,0.0
201400033285,29,4,14,16,1,67,482,2,1,1,6,"90, SCHIRMECK (ROUTE DE)",0.0,0.0
201400033286,29,4,14,21,2,67,482,2,2,1,3,"0, CLEMENCEAU (BOULEVARD",0.0,0.0
201400033287,30,4,14,16,1,67,482,2,1,1,6,"0, EDMOND ROSTAND (RUE)",0.0,0.0
201400033288,3,5,14,10,1,67,482,2,1,1,3,"75, SCHIRMECK (ROUTE DE)",0.0,0.0
201400033289,6,5,14,9,1,67,447,2,1,1,3,"4, SAINT CHARLES (RUE)",0.0,0.0
201400033290,6,5,14,12,1,67,482,2,2,1,6,"0, ADER (RUE CLEMENT)",0.0,0.0
201400033291,6,5,14,16,1,67,482,2,1,1,3,"0, GENERAL OFFENSTEIN (R",0.0,0.0
201400033292,11,5,14,1,5,67,482,2,1,2,6,"0, LA WANTZENAU (ROUTE D",0.0,0.0
201400033293,13,5,14,20,1,67,482,2,3,1,1,"0, ROMAINS (ROUTE DES)",0.0,0.0