Num_Acc,jour,mois,an,hr,condition_eclairage,departement,commune,condition_agglomeration,intersection,condition_atmosphere,type_collision,adresse,lattitude,longitude
201400033294,14,5,14,17,1,67,482,2,3,1,3,"0, COLMAR (AVENUE DE)",0.0,0.0
201400033295,14,5,14,18,1,67,482,2,1,1,6,"28, SALLUSTE (RUE)",0.0,0.0
201400033296,15,5,14,16,1,67,482,2,1,1,1,"0, KOENIGSHOFFEN (RUE DE",0.0,0.0
201400033297,15,5,14,17,1,67,267,2,1,1,3,"17, CHATEAU (RUE DU)",0.0,0.0
201400033298,16,5,14,9,1,67,482,2,2,1,3,HOCHFELDEN (RUE DE),0.0,0.0
201400033299,17,5,14,15,1,67,482,2,2,1,6,FAUBOURG DE PIERRE (RUE,0.0,0.0
201400033300,17,5,14,15,1,67,482,2,1,1,3,"56, SCHIRMECK (ROUTE DE)",0.0,0.0
201400033301,17,5,14,18,1,67,482,2,1,1,6,"10 et 11, HALLES (PLACE",0.0,0.0
201400033302,19,5,14,8,1,67,482,2,3,1,3,"50, BAN DE LA ROCHE (RUE",0.0,0.0
201400033303,19,5,14,12,1,67,447,2,3,1,3,"0, ERSTEIN (RUE D )",0.0,0.0
201400033304,19,5,14,16,1,67,482,2,3,1,3,"0, SCHIRMECK (ROUTE DE)",0.0,0.0
201400033305,21,5,14,14,1,67,482,2,1,1,3,"0, BOSTON (RUE DE)",0.0,0.0
201400033306,21,5,14,20,2,67,482,2,1,1,6,"9, LAVOISIER (RUE)",0.0,0.0
201400033307,21,5,14,18,1,67,482,2,1,1,1,"10, DOUBS (RUE DU)",0.0,0.0
201400033308,22,5,14,17,1,67,267,2,1,1,4,"0, GRAFFENSTADEN (RUE DE",0.0,0.0
201400033309,23,5,14,14,1,67,482,2,1,1,6,"24, HOPITAL (ROUTE DE L",0.0,0.0
201400033310,23,5,14,18,1,67,482,2,1,1,3,"2, NANCY (BOULEVARD DE)",0.0,0.0
201400033311,23,5,14,19,1,67,482,2,7,1,3,MOLSHEIM (RUE DE),0.0,0.0
201400033312,24,5,14,6,2,67,482,2,1,1,6,MATHISS (QUAI),0.0,0.0
201400033313,26,5,14,13,1,67,482,2,1,1,6,REUSS (ALLEE),0.0,0.0
201400033314,28,5,14,22,5,67,482,2,1,1,6,"3, ERNEST MUNCH (RUE)",0.0,0.0
201400033315,25,5,14,14,1,67,482,2,3,1,3,SALLUSTE (RUE),0.0,0.0
201400033316,30,5,14,16,1,67,482,2,2,1,3,"0, VOSGES (AVENUE DES)",0.0,0.0
201400033317,31,5,14,0,5,67,482,2,1,1,6,MARCEL PROUST (RUE),0.0,0.0
201400033318,3,6,14,18,1,67,482,2,1,1,7,"0, FLASMATT (RUE DE)",0.0,0.0
201400033319,5,6,14,20,1,67,482,2,2,1,6,"0, SERRURIERS (RUE DES)",0.0,0.0
201400033320,6,6,14,12,1,67,482,2,1,1,3,HAGUENAU (PLACE DE),0.0,0.0
201400033321,9,6,14,10,1,67,482,2,3,1,6,"0, BALE (RUE DE)",0.0,0.0
201400033322,9,6,14,13,1,67,482,2,1,1,6,"0, DRESDE (BOULEVARD DE)",0.0,0.0
201400033323,9,6,14,22,5,67,482,2,1,1,6,"79, ROMAINS (ROUTE DES)",0.0,0.0
201400033324,10,6,14,9,1,67,482,2,2,1,3,"0, ALPES (QUAI DES)",0.0,0.0
201400033325,10,6,14,16,1,67,482,2,1,1,3,PLAINE DES BOUCHERS (RUE,0.0,0.0
201400033326,10,6,14,20,1,67,482,2,2,1,3,"0, VICTOIRE (BOULEVARD D",0.0,0.0
201400033327,11,6,14,9,1,67,204,2,2,1,3,TROIS MAIRES (RUE DES),0.0,0.0
201400033328,12,6,14,8,1,67,482,2,1,1,3,"0, PAUL DOPF",0.0,0.0
201400033329,12,6,14,16,1,67,43,2,2,1,6,"0, SYNAGOGUE (PLACE DE L",0.0,0.0
201400033330,13,6,14,14,1,67,482,2,1,1,6,"5, SAINT GOTHARD (RUE)",0.0,0.0
201400033331,13,6,14,16,1,67,482,2,2,1,3,"0, ROBERTSAU (ALLEE DE L",0.0,0.0
201400033332,15,6,14,19,1,67,482,2,1,1,5,"0, OSTWALD (RUE D )",0.0,0.0
201400033333,16,6,14,0,5,67,482,2,2,1,3,"0, RHIN (ROUTE DU)",0.0,0.0
201400033334,17,6,14,23,5,67,482,2,1,1,6,"9, RIVIERE (RUE DE LA)",0.0,0.0
201400033335,18,6,14,12,1,67,482,2,1,1,3,DUNKERQUE (RUE DE),0.0,0.0
201400033336,18,6,14,14,1,67,218,2,2,1,3,"0, STRASBOURG (ROUTE DE)",0.0,0.0
201400033337,19,6,14,16,1,67,482,2,1,1,6,"0, LIEPVRE (RUE DE)",0.0,0.0
201400033338,20,6,14,15,1,67,482,2,1,1,6,"12, OTTO BACK (RUE)",0.0,0.0
201400033339,20,6,14,16,1,67,482,2,1,1,6,"0, LIVIO (RUE)",0.0,0.0
201400033340,20,6,14,23,5,67,482,2,1,1,3,"9, SCHACH (RUE)",0.0,0.0
201400033341,20,6,14,18,1,67,482,2,3,1,3,PLAINE DES BOUCHERS (RUE,0.0,0.0
201400033342,21,6,14,1,5,67,482,2,2,1,3,"0, OR (RUE D )",0.0,0.0
201400033343,22,6,14,1,5,67,482,2,1,1,3,PECHEURS (QUAI DES),0.0,0.0
201400033344,22,6,14,3,5,67,482,2,2,1,7,HOPITAL (ROUTE DE L ),0.0,0.0
201400033345,22,6,14,16,1,67,218,2,3,1,3,"0, STRASBOURG (ROUTE DE)",0.0,0.0
201400033346,23,6,14,16,1,67,447,2,2,1,6,"0, BITCHE (RUE DE)",0.0,0.0
201400033347,23,6,14,20,1,67,482,1,1,1,5,"0, A351 (BRETELLE)",0.0,0.0
201400033348,24,6,14,9,1,67,482,2,6,1,3,"0, LANGUEDOC (RUE DU)",0.0,0.0
201400033349,25,6,14,19,1,67,482,2,1,1,6,"0, KUHNENSAND (ROUTE DU)",0.0,0.0
201400033350,26,6,14,7,1,67,482,2,2,1,3,"0, MONTAGNE VERTE (RUE D",0.0,0.0
201400033351,28,6,14,1,5,67,43,2,1,1,3,"13-15, BISCHWILLER (ROUT",0.0,0.0
201400033352,28,6,14,5,2,67,482,2,1,1,6,"0, SCHIRMECK (ROUTE DE)",0.0,0.0
201400033353,28,6,14,13,1,67,482,2,1,2,6,"4, FRANCS BOURGEOIS (RUE",0.0,0.0
201400033354,30,6,14,13,1,67,447,2,3,1,4,"0, PIERRE MENDES FRANCE",0.0,0.0
201400033355,1,7,14,19,1,67,267,2,1,1,3,"69, MARECHAL FOCH (RUE D",0.0,0.0
201400033356,3,7,14,18,1,67,482,2,1,1,6,"6, JACQUES STURM (QUAI)",0.0,0.0
201400033357,3,7,14,18,1,67,43,2,3,1,6,"1, AIGLE (RUE DE L )",0.0,0.0
201400033358,4,7,14,17,1,67,482,2,3,1,3,"0, HURTIGHEIM (RUE DE)",0.0,0.0
201400033359,7,7,14,13,1,67,482,2,1,1,3,"43, PETIT RHIN (ROUTE DU",0.0,0.0
201400033360,9,7,14,16,1,67,482,2,1,1,6,"210, COLMAR (AVENUE DE)",0.0,0.0
201400033361,10,7,14,11,1,67,482,2,1,1,3,"0, COLMAR (AVENUE DE)",0.0,0.0
201400033362,12,7,14,15,1,67,447,2,2,1,3,"0, JEAN JAURES (RUE)",0.0,0.0
201400033363,14,7,14,0,5,67,482,2,1,3,6,"0, RHIN (ROUTE DU)",0.0,0.0
201400033364,17,7,14,13,1,67,482,2,3,1,3,"0, PLAINE DES BOUCHERS (",0.0,0.0
201400033365,17,7,14,17,1,67,447,2,1,1,2,"0, EUROPE (AVENUE DE L )",0.0,0.0
201400033366,18,7,14,13,1,67,482,2,2,1,6,"0, ARISTIDE BRIAND (AVEN",0.0,0.0
201400033367,18,7,14,15,1,67,204,2,1,1,5,"0, WANTZENAU (ROUTE DE L",0.0,0.0
201400033368,19,7,14,14,1,67,482,2,3,1,3,"0, DOUBS (RUE DU)",0.0,0.0
201400033369,19,7,14,17,1,67,482,2,2,1,3,"0, SEBASTIEN MEY (RUE)",0.0,0.0
201400033370,19,7,14,21,1,67,482,2,1,1,6,UNTERELSAU (RUE DE L ),0.0,0.0
201400033371,20,7,14,17,1,67,267,2,6,1,3,"0, RIVIERE (ROUTE DE LA)",0.0,0.0
201400033372,21,7,14,17,1,67,482,2,1,1,4,"0, HOPITAL (ROUTE DE L )",0.0,0.0
201400033373,22,7,14,2,3,67,482,2,1,1,6,"0, CALAIS (RUE DE)",0.0,0.0
201400033374,22,7,14,15,1,67,218,2,1,1,6,"0, STRASBOURG (ROUTE DE)",0.0,0.0
201400033375,22,7,14,16,1,67,482,2,1,1,3,"66, JEAN JAURES (AVENUE)",0.0,0.0
201400033376,22,7,14,22,5,67,482,2,1,1,3,"0, LOUIS PASTEUR (QUAI)",0.0,0.0
201400033377,24,7,14,19,1,67,482,2,1,1,3,"11, PERIGUEUX (RUE DE)",0.0,0.0
201400033378,24,7,14,18,1,67,482,2,1,1,6,"13, GARE (PLACE DE LA)",0.0,0.0
201400033379,27,7,14,5,1,67,482,2,1,1,6,"97, POLYGONE (ROUTE DU)",0.0,0.0
201400033380,28,7,14,17,1,67,482,2,1,1,3,"0, KEPLER (RUE)",0.0,0.0
201400033381,29,7,14,10,1,67,482,2,1,3,3,"0, MAGASINS (PETITE RUE",0.0,0.0
201400033382,31,7,14,7,1,67,482,2,3,1,3,"0, ROMAINS (ROUTE DES)",0.0,0.0
201400033383,1,8,14,12,1,67,365,2,1,1,4,"0, 23 NOVEMBRE (RUE DU)",0.0,0.0
201400033384,1,8,14,20,1,67,482,2,2,1,3,"0, RACINE (AVENUE)",0.0,0.0
201400033385,1,8,14,20,1,67,447,2,2,1,3,"0, HERRENSCHMIDT (AVENUE",0.0,0.0
201400033386,1,8,14,23,5,67,482,2,1,1,3,"186, SCHIRMECK (ROUTE DE",0.0,0.0
201400033387,2,8,14,3,5,67,482,2,3,1,7,"6, JURA (RUE DU)",0.0,0.0
201400033388,3,8,14,21,2,67,482,2,2,1,3,"0, MARTIN SCHONGAUER (RU",0.0,0.0
201400033389,4,8,14,8,1,67,482,2,1,1,3,"0, COLMAR (AVENUE DE)",0.0,0.0
201400033390,4,8,14,15,1,67,482,2,2,1,3,"0, MOLSHEIM (RUE DE)",0.0,0.0
201400033391,5,8,14,17,1,67,482,2,1,1,6,"42, HERRADE (RUE)",0.0,0.0
201400033392,7,8,14,0,5,67,482,2,2,1,3,"0, ALOISE (RUE SAINT)",0.0,0.0
201400033393,10,8,14,22,5,67,43,2,2,1,3,ECOLE (RUE DE L ),0.0,0.0
201400033394,11,8,14,14,1,67,482,2,1,1,2,"0, SOULTZ (RUE DE)",0.0,0.0
201400033395,13,8,14,15,1,67,43,2,1,1,4,"1, MARAIS (RUE DU)",0.0,0.0
201400033396,14,8,14,17,1,67,482,2,1,1,6,"0, LAVOISIER (RUE)",0.0,0.0
201400033397,16,8,14,6,2,67,482,2,1,1,6,"0, LOUIS PASTEUR (QUAI)",0.0,0.0
201400033398,16,8,14,11,1,67,482,2,2,1,6,"0, GEROLDSECK (RUE)",0.0,0.0
201400033399,19,8,14,13,1,67,482,2,3,1,3,"0, Edmond MICHELET",0.0,0.0
201400033400,19,8,14,16,1,67,482,2,1,1,6,MARSEILLAISE (AVENUE DE,0.0,0.0
201400033401,21,8,14,7,1,67,218,2,1,1,3,"14-16-18, LIXENBUHL (RUE",0.0,0.0
201400033402,21,8,14,12,1,67,482,2,2,1,3,"2, LIBERTE (AVENUE DE LA",0.0,0.0
201400033403,22,8,14,10,1,67,482,1,1,1,6,"8, MOULIN A PORCELAINE (",0.0,0.0
201400033404,25,8,14,17,1,67,482,2,1,1,3,"0, PLAINE DES BOUCHERS (",0.0,0.0
201400033405,25,8,14,18,1,67,447,2,1,1,6,"19B, KLEBER (RUE)",0.0,0.0
201400033406,27,8,14,10,1,67,482,2,1,2,2,"81, ROMAINS (ROUTE DES)",0.0,0.0
201400033407,29,8,14,9,1,67,482,2,1,1,2,"0, PIERRE MENDES FRANCE",0.0,0.0
201400033408,30,8,14,3,5,67,482,2,1,2,2,"0, DOUBS (RUE DU)",0.0,0.0
201400033409,2,9,14,15,1,67,482,2,1,1,2,"0, RHIN (ROUTE DU)",0.0,0.0
201400033410,4,9,14,18,1,67,482,2,1,1,3,ROMAINS (ROUTE DES),0.0,0.0
201400033411,6,9,14,2,5,67,482,2,2,1,1,HAVRE (RUE DU),0.0,0.0
201400033412,8,9,14,0,5,67,482,2,3,1,3,"20, ROMAINS (ROUTE DES)",0.0,0.0
201400033413,8,9,14,10,1,67,482,2,1,7,3,"6, LORRAINE (RUE DE)",0.0,0.0
201400033414,8,9,14,18,1,67,482,2,2,1,3,"0, Edmond Michelet (rue)",0.0,0.0
201400033415,9,9,14,18,1,67,218,2,1,1,1,faubourg de la paix,0.0,0.0
201400033416,11,9,14,8,1,67,482,2,3,1,3,FORET NOIRE (AVENUE DE L,0.0,0.0
201400033417,12,9,14,11,1,67,482,2,2,2,3,AUSTERLITZ (PONT D ),0.0,0.0
201400033418,12,9,14,16,1,67,43,2,1,2,2,"81A, PERIGUEUX (AVENUE D",0.0,0.0
201400033419,18,9,14,17,1,67,482,2,1,1,2,"1, ETOILE (PLACE DE L )",0.0,0.0
201400033420,18,9,14,21,5,67,365,2,1,1,3,"4, ILE DES PECHEURS (RUE",0.0,0.0
201400033421,19,9,14,7,1,67,218,2,1,1,3,"0, STRASBOURG (ROUTE DE)",0.0,0.0
201400033422,19,9,14,10,1,67,482,2,2,1,3,"0, BEETHOVEN (RUE)",0.0,0.0
201400033423,19,9,14,10,1,67,482,2,2,1,3,"0, DESAIX (QUAI)",0.0,0.0
201400033424,19,9,14,16,1,67,482,2,1,1,6,"0, GARE (PLACE DE LA)",0.0,0.0
201400033425,19,9,14,16,1,67,482,2,2,1,6,"0, NANCY (BOULEVARD DE)",0.0,0.0
201400033426,21,9,14,17,1,67,482,2,3,3,6,CHARLES ALTORFFER (QUAI),0.0,0.0
201400033427,20,9,14,2,5,67,482,2,3,1,6,DIVISION LECLERC (RUE DE,0.0,0.0
201400033428,22,9,14,3,4,67,482,2,1,1,6,"0, JACOUTOT (QUAI)",0.0,0.0
201400033429,23,9,14,18,1,67,482,2,1,1,3,FAUBOURG DE SAVERNE (RUE,0.0,0.0
201400033430,25,9,14,14,1,67,482,2,1,1,6,"95, BOECKLIN (RUE)",0.0,0.0
201400033431,26,9,14,3,5,67,482,2,1,1,6,PASTEUR (QUAI LOUIS),0.0,0.0
201400033432,26,9,14,15,1,67,43,2,3,1,6,"11, OFFICIERS (RUE DES)",0.0,0.0
201400033433,28,9,14,16,1,67,267,2,9,1,6,MARECHAL FOCH (RUE DU),0.0,0.0
201400033434,29,9,14,8,1,67,482,2,1,1,5,SCHIRMECK (ROUTE DE),0.0,0.0
201400033435,30,9,14,6,2,67,482,2,3,3,6,ALFRED KASTLER (RUE),0.0,0.0
201400033436,30,9,14,18,1,67,218,2,2,1,3,BENJAMIN BAILLAUD (RUE),0.0,0.0
201400033437,1,10,14,13,1,67,482,2,1,1,6,"0, ABBE DE L'EPEE",0.0,0.0
201400033438,1,10,14,17,1,67,447,2,1,1,5,BISCHWILLER (ROUTE DE),0.0,0.0
201400033439,7,10,14,16,2,67,482,2,1,1,1,PAUL DOPF,0.0,0.0
201400033440,7,10,14,17,1,67,482,2,1,1,6,"41, NANCY (BOULEVARD DE)",0.0,0.0
201400033441,9,10,14,22,5,67,43,2,3,2,3,GEORGES BURGER (RUE),0.0,0.0
201400033442,10,10,14,19,5,67,482,2,2,2,1,WASSELONNE (RUE DE),0.0,0.0
201400033443,13,10,14,19,5,67,482,2,1,1,6,"35, CHARLES PEGUY (RUE)",0.0,0.0
201400033444,13,10,14,12,1,67,482,2,1,2,6,"0, VICTOIRE (BOULEVARD D",0.0,0.0
201400033445,14,10,14,11,1,67,482,2,1,1,3,HOPITAL (PLACE DE L ),0.0,0.0
201400033446,15,10,14,19,5,67,482,2,3,2,3,OR (RUE D ),0.0,0.0
201400033447,16,10,14,17,1,67,482,2,2,2,6,"44, FAUBOURG DE PIERRE (",0.0,0.0
201400033448,16,10,14,19,5,67,482,2,1,1,3,"0, JOSEPH WEYDMANN (RUE)",0.0,0.0
201400033449,17,10,14,21,5,67,365,2,3,1,3,"0, MARECHAL FOCH (RUE DU",0.0,0.0
201400033450,21,10,14,7,1,67,482,2,1,1,6,"0, RHIN (ROUTE DU)",0.0,0.0
201400033451,21,10,14,18,3,67,218,2,1,3,6,"0, FORT UHRICH (ROUTE DU",0.0,0.0
201400033452,25,10,14,0,3,67,447,2,1,1,6,"37, LAUTERBOURG (RUE DE)",0.0,0.0
201400033453,25,10,14,22,5,67,482,2,3,1,6,"0, ROMAINS (ROUTE DES)",0.0,0.0
201400033454,28,10,14,9,1,67,482,2,4,1,6,"0, BOECKLIN (RUE)",0.0,0.0
201400033455,30,10,14,9,1,67,482,2,1,1,3,"34, ROBERTSAU (ALLEE DE",0.0,0.0
201400033456,31,10,14,6,3,67,204,2,1,1,6,"9, WANTZENAU (ROUTE DE L",0.0,0.0
201400033457,31,10,14,19,4,67,482,2,1,1,3,"0, SCHLUTHFELD (PLACE DU",0.0,0.0
201400033458,1,11,14,1,5,67,482,2,1,1,6,GRAND PONT (RUE DU),0.0,0.0
201400033459,2,11,14,14,1,67,218,2,2,1,3,"0, INDUSTRIE (RUE DE L )",0.0,0.0
201400033460,3,11,14,16,1,67,482,2,3,2,6,GRIMLING (RUE),0.0,0.0
201400033461,3,11,14,19,5,67,482,2,2,1,6,WASSELONNE (RUE DE),0.0,0.0
201400033462,4,11,14,19,5,67,482,2,1,3,6,"0, GARE (PLACE DE LA)",0.0,0.0
201400033463,5,11,14,12,1,67,482,2,2,2,6,"0, NEUHOF (ROUTE)",0.0,0.0
201400033464,5,11,14,16,2,67,482,2,6,3,2,"0, CHARLES PEGUY (RUE)",0.0,0.0
201400033465,6,11,14,21,5,67,482,2,3,1,3,"0, JACOB (RUE)",0.0,0.0
201400033466,7,11,14,15,1,67,482,2,1,2,6,"44, FORET NOIRE (AVENUE",0.0,0.0
201400033467,7,11,14,16,1,67,447,2,2,1,3,"0, MADRID (RUE DE)",0.0,0.0
201400033468,7,11,14,19,4,67,482,2,4,1,6,"0, AUVERGNE (PONT D )",0.0,0.0
201400033469,8,11,14,4,5,67,482,2,1,1,6,"0, BROGLIE (PLACE)",0.0,0.0
201400033470,12,11,14,17,5,67,482,2,1,2,3,"91, ROMAINS (ROUTE DES)",0.0,0.0
201400033471,13,11,14,14,1,67,482,2,1,1,6,"0, GARE (PLACE DE LA)",0.0,0.0
201400033472,14,11,14,10,1,67,482,2,1,1,6,"0, COLMAR (AVENUE DE)",0.0,0.0
201400033473,14,11,14,15,1,67,218,2,2,1,1,"0, SEIZE AOUT (RUE DU)",0.0,0.0
201400033474,14,11,14,17,5,67,482,2,1,1,6,"11, ALTENHEIM (ROUTE D )",0.0,0.0
201400033475,14,11,14,17,5,67,482,2,2,1,3,"0, DUNTZENHEIM (RUE DE)",0.0,0.0
201400033476,15,11,14,0,5,67,482,2,1,5,3,"0, INDRE (RUE DE L )",0.0,0.0
201400033477,15,11,14,4,5,67,482,2,1,5,6,"0, LA ROCHELLE (RUE DE)",0.0,0.0
201400033478,15,11,14,16,2,67,482,2,1,2,3,"0, FRANCS BOURGEOIS (RUE",0.0,0.0
201400033479,15,11,14,16,5,67,482,2,1,3,3,"0, PIERRE PFLIMLIN (BOUL",0.0,0.0
201400033480,16,11,14,1,5,67,482,2,3,1,3,"0, DOUBS (RUE DU)",0.0,0.0
201400033481,17,11,14,18,5,67,482,2,3,2,3,"0, LANDSBERG (RUE DU)",0.0,0.0
201400033482,18,11,14,8,1,67,482,2,2,1,3,"0, MARYSE BASTIE (RUE)",0.0,0.0
201400033483,18,11,14,13,1,67,482,2,1,1,6,"0, BATELIERS (QUAI DES)",0.0,0.0
201400033484,19,11,14,11,1,67,482,2,3,1,6,"0, GENERAL ROUVILLOIS (A",0.0,0.0
201400033485,19,11,14,12,1,67,482,2,1,1,6,"34, KRUTENAU (RUE DE LA)",0.0,0.0
201400033486,19,11,14,17,5,67,218,2,1,1,6,"6, STRASBOURG (ROUTE DE)",0.0,0.0
201400033487,20,11,14,8,1,67,482,1,3,1,6,"0, SCHUTZENBERGER (AVENU",0.0,0.0
201400033488,23,11,14,19,5,67,482,2,3,2,6,"140, POLYGONE (ROUTE DU)",0.0,0.0
201400033489,24,11,14,7,1,67,482,2,4,1,6,"0, ARTHUR RIMBAUD (RUE)",0.0,0.0
201400033490,24,11,14,17,5,67,447,2,3,1,3,PIERRE MENDES FRANCE (AV,0.0,0.0
201400033491,26,11,14,7,1,67,482,2,1,1,6,"0, HOPITAL (ROUTE DE L )",0.0,0.0
201400033492,27,11,14,16,2,67,482,2,2,1,3,"76, LANGUEDOC (RUE DU)",0.0,0.0
201400033493,27,11,14,19,5,67,482,2,1,2,1,"0, LUBECK (RUE DE)",0.0,0.0
201400033494,28,11,14,17,5,67,482,2,1,1,6,"42, JACOUTOT (QUAI)",0.0,0.0
201400033495,29,11,14,1,5,67,43,2,1,1,2,"0, GEORGES BURGER (RUE)",0.0,0.0
201400033496,30,11,14,4,5,67,482,2,1,1,6,"30, RHIN TORTU (RUE DU)",0.0,0.0
201400033497,2,12,14,7,2,67,43,2,1,2,4,"83, PERIGUEUX (AVENUE DE",0.0,0.0
201400033498,2,12,14,17,5,67,43,2,1,2,6,"14, GUIRBADEN (RUE DU)",0.0,0.0
201400033499,3,12,14,7,1,67,482,2,2,2,3,"0, RHIN (AVENUE DU)",0.0,0.0
201400033500,3,12,14,18,5,67,218,2,1,1,6,"6, STRASBOURG (ROUTE DE)",0.0,0.0
201400033501,4,12,14,2,5,67,218,2,1,1,6,"205, LYON (RTE DE)",0.0,0.0
201400033502,4,12,14,8,1,67,482,2,3,1,6,"19, GENERAL DE GAULLE (A",0.0,0.0
201400033503,6,12,14,12,1,67,482,2,1,2,6,"0, TEMPLE NEUF (RUE DU)",0.0,0.0
201400033504,9,12,14,7,5,67,482,2,1,2,6,"2, LIBERTE (AVENUE DE LA",0.0,0.0
201400033505,9,12,14,17,5,67,482,2,2,1,2,"0, HOPITAL (ROUTE DE L )",0.0,0.0
201400033506,10,12,14,22,5,67,218,1,6,2,7,"0, RHIN (ROUTE DU)",0.0,0.0
201400033507,10,12,14,22,5,67,482,2,2,2,3,"0, FOSSE DES TREIZE (RUE",0.0,0.0
201400033508,11,12,14,7,5,67,482,2,2,2,3,"0, VOSGES (AVENUE DES)",0.0,0.0
201400033509,13,12,14,17,5,67,482,2,1,2,6,"0, ROTHAU (RUE DE)",0.0,0.0
201400033510,14,12,14,18,3,67,482,2,2,1,3,"132, BALE (RUE DE)",0.0,0.0
201400033511,15,12,14,16,1,67,482,2,1,1,3,"140, SCHIRMECK (ROUTE DE",0.0,0.0
201400033512,15,12,14,17,5,67,482,2,3,1,6,"0, CHARLES ALTORFFER (QU",0.0,0.0
201400033513,15,12,14,19,5,67,482,2,1,1,3,"12, ROME (RUE DE)",0.0,0.0
201400033514,16,12,14,8,1,67,43,2,1,2,4,"2, GEORGES BURGER (RUE)",0.0,0.0
201400033515,16,12,14,9,1,67,447,2,2,2,3,"0, EUROPE (AVENUE DE L )",0.0,0.0
201400033516,16,12,14,11,1,67,482,2,1,1,6,"8, FRERES EBERTS (RUE DE",0.0,0.0
201400033517,16,12,14,17,5,67,482,2,1,2,6,PECHEURS (QUAI DES),0.0,0.0
201400033518,16,12,14,17,5,67,482,2,1,2,6,"72, JESUITES (RUE DES)",0.0,0.0
201400033519,16,12,14,17,5,67,482,2,3,2,3,"0, RENAISSANCE (RUE DE L",0.0,0.0
201400033520,17,12,14,23,5,67,447,2,3,8,2,"0, BISCHWILLER (ROUTE DE",0.0,0.0
201400033521,18,12,14,18,5,67,482,2,1,1,3,"0, TURENNE (RUE DE)",0.0,0.0
201400033522,18,12,14,22,5,67,267,2,3,1,3,"0, CHATEAU (RUE DU)",0.0,0.0
201400033523,19,12,14,11,1,67,482,2,1,1,6,"16, ROUGET DE L ISLE (QU",0.0,0.0
201400033524,20,12,14,19,5,67,482,2,2,1,3,"0, LA WANTZENAU (ROUTE D",0.0,0.0
201400033525,22,12,14,18,5,67,204,2,6,1,3,"0, STADE (RUE DU)",0.0,0.0
201400033526,23,12,14,10,1,67,482,2,2,1,3,ABBE LEMIRE (RUE DE L ),0.0,0.0
201400033527,24,12,14,14,1,67,482,2,3,1,3,"0, DOUBS (RUE DU)",0.0,0.0
201400033528,24,12,14,16,5,67,482,2,3,1,3,"0, SCHIRMECK (ROUTE DE)",0.0,0.0
201400033529,24,12,14,19,5,67,482,2,1,1,2,"38, RHIN (AVENUE DU)",0.0,0.0
201400033530,27,12,14,17,5,67,482,2,1,2,6,"0, SCHIRMECK (ROUTE DE)",0.0,0.0
201400033531,27,12,14,18,5,67,482,2,1,2,6,"0, SCHIRMECK (ROUTE DE)",0.0,0.0
201400033532,27,12,14,20,5,67,482,2,2,4,3,"0, JEAN JAURES (AVENUE)",0.0,0.0
201400033533,28,12,14,3,5,67,482,2,3,4,6,"0, LAUSANNE (RUE DE)",0.0,0.0
201400033534,30,12,14,1,5,67,482,2,1,4,1,"0, PAUL DOPF",0.0,0.0
201400033535,15,1,14,18,3,68,66,2,1,1,6,"170, STRASBOURG (ROUTE D",48.09069,7.36008
201400033536,16,1,14,17,5,68,66,2,2,1,6,"8, POINCARE (AVENUE RAYM",48.07136,7.34989
201400033537,21,1,14,17,5,68,66,2,1,1,6,"1, ALSACE (RUE D')",48.08102,7.36415
201400033538,10,1,14,15,1,68,66,2,1,1,3,"10, JONQUILLES (RUE DES)",48.06916,7.36301
201400033539,26,1,14,5,5,68,66,2,1,1,6,"1, KIENER (RUE ANDRE)",48.09607,7.36831
201400033540,3,2,14,11,1,68,66,2,1,1,3,"28, LIBERTE (AVENUE DE L",48.07731,7.33689
201400033541,7,2,14,12,1,68,66,2,3,1,3,"10, SCHUMANN (RUE)",48.08079,7.33428
201400033542,18,2,14,23,5,68,66,2,1,1,5,"43, GRILLENBREIT (RUE DU",48.07775,7.36992
201400033543,21,2,14,15,1,68,66,2,3,1,3,"1, GOLBERY (RUE)",48.08128,7.35816
201400033544,20,3,14,17,1,68,66,2,9,1,3,LADHOF (RUE DU),48.09435,7.37381
201400033545,20,3,14,15,1,68,66,2,2,1,3,"39, LIBERTE (AVENUE DE L",48.07743,7.33596
201400033546,27,3,14,16,1,68,66,2,2,1,6,"1, SCHWENDI (RUE)",48.07295,7.36014
201400033547,12,4,14,12,1,68,66,2,1,1,6,"1, SELESTAT (ROUTE DE)",48.08176,7.36378
201400033548,24,4,14,18,1,68,66,2,1,1,3,INGERSHEIM (ROUTE D'),48.08703,7.32906
201400033549,29,4,14,10,1,68,66,2,1,1,6,7 rue du Tokay,48.08976,7.34581
201400033550,7,5,14,15,1,68,66,2,1,1,6,NOYER (RUE DU),48.08865,7.37146
201400033551,7,5,14,11,1,68,66,2,2,1,6,VAL SAINT GREGOIRE (RUE,48.08096,7.34671
201400033552,10,5,14,10,1,68,66,2,1,1,2,"1, REY (AVENUE JOSEPH)",48.09426,7.36206
201400033553,14,5,14,17,1,68,66,2,6,1,3,"12, PAPIN (RUE DENIS)",48.11043,7.37689
201400033554,6,6,14,8,1,68,66,2,2,1,7,"10, ALSACE (RUE D')",48.08019,7.36455
201400033555,15,7,14,9,1,68,66,2,3,1,4,"28, TROIS CHATEAUX (RUE",48.07212,7.33265
201400033556,25,7,14,8,1,68,66,2,1,1,6,LOGELBACH ( RUE DU),48.08305,7.33321
201400033557,17,7,14,19,1,68,66,1,6,1,3,"160, LADHOF (RUE DU)",48.09575,7.37535
201400033558,4,8,14,11,1,68,66,2,2,1,3,ALSACE (RUE D'),48.08024,7.36461
201400033559,7,9,14,16,1,68,66,1,1,1,6,NEULAND (CHEMIN DU),48.05116,7.40105
201400033560,8,8,14,7,1,68,66,2,3,1,2,"0, LAVOISIER (RUE)",48.10281,7.37528
201400033561,16,9,14,9,1,68,66,1,1,1,3,"7, REY (AVENUE JOSEPH)",48.09559,7.36876
201400033562,6,10,14,17,1,68,66,2,5,1,3,SCHLUMBERGER (RUE CAMILL,48.07411,7.35247
201400033563,3,10,14,17,1,68,66,2,1,1,6,"0, LOGELBACH ( RUE DU)",0.0,0.0