Num_Acc,jour,mois,an,hr,condition_eclairage,departement,commune,condition_agglomeration,intersection,condition_atmosphere,type_collision,adresse,lattitude,longitude
201400033564,9,10,14,17,1,68,66,2,5,2,6,"7, BRUAT (RUE)",48.07418,7.35262
201400033565,13,10,14,8,1,68,66,2,2,1,6,"29, CLEFS (RUE DES)",48.07863,7.35942
201400033566,16,10,14,18,1,68,66,2,1,1,4,"1, SELESTAT (ROUTE DE)",48.08519,7.36167
201400033567,31,10,14,15,1,68,66,2,3,1,3,ROUFFACH (ROUTE DE),48.067,7.34325
201400033568,3,11,14,8,1,68,66,1,6,1,6,"16, REY (AVENUE JOSEPH)",48.09557,7.36874
201400033569,4,11,14,18,5,68,66,2,1,2,3,"4, DE GAULLE (AVENUE DU",48.07721,7.34795
201400033570,10,11,14,17,5,68,66,2,2,2,6,"29, EST (RUE DE L')",48.07699,7.36433
201400033571,16,11,14,19,5,68,66,2,1,2,1,"face 5, GARE (RUE DE LA)",48.07602,7.34908
201400033572,10,11,14,17,3,68,66,1,2,2,6,ROME (AVENUE DE),48.07447,7.33392
201400033573,5,12,14,17,5,68,66,1,1,5,6,"14, REY (AVENUE JOSEPH)",48.09496,7.36417
201400033574,16,12,14,5,5,68,66,2,3,1,3,"139, INGERSHEIM (ROUTE D",48.08744,7.32702
201400033575,22,12,14,17,5,68,66,1,1,1,6,LORRAINE (AVENUE DE),48.09333,7.35722
201400033576,11,4,14,21,5,68,66,2,2,1,3,"2, AMSTERDAM ( RUE D')",48.0778,7.32693
201400033577,26,4,14,18,1,68,66,2,1,1,3,"39, LIBERTE (AVENUE DE L",48.07721,7.33681
201400033578,29,4,14,18,1,68,66,2,3,1,6,"1, PARIS (AVENUE DE)",48.07013,7.32648
201400033579,15,5,14,18,1,68,66,1,1,1,3,"70, NEULAND (CHEMIN DU)",48.05106,7.40118
201400033580,14,9,14,4,5,68,66,1,1,1,6,"72, STRASBOURG (ROUTE DE",0.0,0.0
201400033581,7,10,14,18,5,68,66,2,1,2,6,BLAISE PASCAL (Rue) 9,48.09097,7.3759
201400033582,12,10,14,6,2,68,66,2,1,1,6,ALSACE (AVENUE D)122,48.06885,7.36506
201400033583,24,10,14,0,5,68,66,1,1,1,6,"7, FOIRE AUX VINS (AVENU",0.0,0.0
201400033584,30,10,14,9,1,68,66,2,1,1,6,"10, ETROITE (RUE)",0.0,0.0
201400033585,12,11,14,17,3,68,66,2,1,2,6,MESANGES (RUE DES) 23,48.08556,7.33514
201400033586,20,11,14,12,1,68,66,2,3,1,3,"1, PARIS (AVENUE DE)",48.08071,7.33421
201400033587,6,1,14,17,5,68,224,2,1,1,6,"12, MARTIN (RUE JEAN)",47.75454,7.30996
201400033588,14,1,14,17,5,68,224,2,1,2,6,"16, DE LATTRE DE TASSIGN",47.74637,7.34318
201400033589,15,1,14,7,2,68,224,2,1,1,6,"61, FLANDRES (RUE DES)",47.76067,7.36388
201400033590,17,1,14,13,1,68,224,2,6,1,3,STRICKER (ROND-POINT GUS,47.74044,7.3204
201400033591,27,1,14,11,1,68,56,2,6,1,3,"338, AV D'ALTKIRCH",47.72298,7.31923
201400033592,28,1,14,14,1,68,224,2,6,1,6,"1, PEPINIERE (RUE DE LA)",47.72782,7.34774
201400033593,30,1,14,18,5,68,224,2,1,1,6,"20, THANN (RUE DE)",47.74771,7.3097
201400033594,31,1,14,14,1,68,224,2,1,1,6,"20, PREISS (RUE JACQUES)",47.74446,7.3321
201400033595,6,2,14,11,1,68,224,2,1,1,3,"126, SCHUMAN (AVENUE ROB",47.75874,7.35043
201400033596,9,2,14,18,2,68,224,2,2,1,6,VAUBAN (RUE),47.75973,7.34419
201400033597,12,2,14,20,5,68,224,2,1,1,6,"167, BRIAND (AVENUE ARIS",47.74641,7.31255
201400033598,12,2,14,9,1,68,224,2,1,1,2,"9, RABBINS (RUE DES)",47.74426,7.33315
201400033599,12,2,14,12,1,68,224,2,6,1,3,"74, THIERSTEIN (RUE)",47.7577,7.32043
201400033600,14,2,14,17,1,68,224,2,2,1,3,"22, SCHWILGUE (RUE)",47.75009,7.3275
201400033601,20,2,14,8,1,68,224,2,2,1,3,"36, SALENGRO (AVENUE ROG",47.75008,7.34565
201400033602,20,2,14,16,1,68,224,2,1,1,6,"1, ARTOIS (RUE D')",47.75777,7.36135
201400033603,21,2,14,20,4,68,224,1,1,1,6,AUTOROUTE A 36,47.77273,7.37545
201400033604,22,2,14,9,1,68,224,2,1,1,6,"27, ARC (RUE JEANNE D')",47.7725,7.31885
201400033605,26,2,14,7,1,68,224,1,1,2,4,AUTOROUTE A 36,47.77239,7.38045
201400033606,10,3,14,12,1,68,224,2,6,1,3,GRUNEWALD (RUE MATHIAS),47.73799,7.29545
201400033607,13,3,14,11,1,68,224,2,1,1,6,"22, THANN (RUE DE)",47.74958,7.30648
201400033608,14,3,14,20,3,68,224,2,1,1,6,KATZ (ALLEE NATHAN),47.75282,7.34644
201400033609,25,3,14,16,1,68,256,2,1,1,6,"26, RICHWILLER (RUE DE)",47.77013,7.30431
201400033610,26,3,14,19,5,68,224,2,6,1,4,THIERSTEIN (RUE),47.75959,7.32432
201400033611,28,3,14,18,1,68,224,2,1,1,6,"119, ILLZACH (RUE D')",47.7572,7.34463
201400033612,30,3,14,13,1,68,224,1,1,1,7,AUTOROUTE A 36,47.74836,7.27664
201400033613,30,3,14,20,5,68,271,2,1,1,6,"66, COURONNE (RUE DE LA)",47.74273,7.35885
201400033614,7,4,14,11,1,68,224,2,1,1,6,"40, ILL (RUE DE L')",47.76156,7.35696
201400033615,14,4,14,12,1,68,224,2,1,1,6,"4, LECLERC (AVENUE DU GE",47.74119,7.33957
201400033616,14,4,14,12,1,68,224,2,1,1,3,"136, SOULTZ (RUE DE)",47.77518,7.32013
201400033617,19,4,14,14,1,68,271,2,1,1,6,"6, STADE (RUE DU)",47.74643,7.35717
201400033618,20,4,14,20,1,68,224,2,1,1,2,"10, CEZANNE (RUE PAUL)",47.73533,7.29202
201400033619,22,4,14,22,5,68,224,2,5,1,3,DREYFUS (RUE DU CAPITAIN,47.75245,7.34677
201400033620,26,4,14,22,5,68,224,2,1,3,6,"31, BRIAND (AVENUE ARIST",47.74922,7.32638
201400033621,30,4,14,22,4,68,224,2,2,1,3,ROMAINS (RUE DES),47.77161,7.31387
201400033622,9,5,14,14,1,68,256,2,1,1,6,"39, REPUBLIQUE (RUE DE L",47.76607,7.3158
201400033623,10,5,14,16,1,68,224,2,6,1,6,SAINT-NAZAIRE (RUE DE),47.77174,7.33124
201400033624,15,5,14,16,1,68,224,2,2,1,6,SINNE (RUE DE LA),47.74498,7.3392
201400033625,25,5,14,20,1,68,224,2,1,1,6,"17, FILATURE (RUE DE LA)",47.75254,7.33318
201400033626,31,5,14,16,1,68,224,2,6,1,4,"50, ZILLISHEIM (RUE DE)",47.74335,7.33386
201400033627,7,6,14,12,1,68,224,2,2,1,6,"136, ROMAINS (RUE DES)",47.77634,7.3293
201400033628,11,6,14,8,1,68,56,2,6,1,6,ASHE (rue Arthur),47.72954,7.32114
201400033629,12,6,14,9,1,68,224,2,2,1,3,"09, SYNAGOGUE (RUE DE LA",47.74494,7.33463
201400033630,12,6,14,10,1,68,224,2,3,1,3,BRIAND (AVENUE ARISTIDE),47.75001,7.32859
201400033631,14,6,14,13,1,68,224,2,6,1,3,ROMAINS (RUE DES),47.77843,7.33383
201400033632,18,6,14,17,1,68,224,2,1,1,6,"20, SPOERRY (Rue Fran?oi",47.73951,7.33141
201400033633,20,6,14,17,1,68,224,2,6,1,2,"69, BELFORT (RUE DE)",47.73752,7.28834
201400033634,20,6,14,9,1,68,256,2,1,1,6,"146, RICHWILLER (RUE DE)",47.77504,7.29627
201400033635,23,6,14,2,5,68,224,2,6,1,7,NATIONS (BOULEVARD DES),47.73138,7.30766
201400033636,28,6,14,13,1,68,224,2,2,1,6,"70, STRASBOURG (RUE DE)",0.0,0.0
201400033637,1,7,14,19,1,68,224,2,3,1,6,"1, LIBERTE (PLACE DE LA)",47.75153,7.34087
201400033638,4,7,14,15,1,68,224,2,1,1,6,COUBERTIN (RUE PIERRE DE,0.0,0.0
201400033639,11,7,14,12,1,68,224,2,3,1,6,"33, JUIN (AVENUE ALPHONS",47.75424,7.35349
201400033640,11,7,14,15,1,68,224,2,1,3,2,"24, FABRIQUES (RUE DES)",47.74759,7.32596
201400033641,18,7,14,0,5,68,224,2,1,1,6,"49, FABRIQUES (RUE DES)",47.74839,7.32479
201400033642,19,7,14,18,1,68,224,2,1,1,6,"38, COLMAR (AVENUE DE)",47.75246,7.33757
201400033643,1,8,14,0,5,68,224,2,2,1,3,"32, VAUBAN (RUE)",47.75668,7.33801
201400033644,6,8,14,14,1,68,224,2,1,1,6,"4, MARSEILLAISE (BOULEVA",47.75831,7.33443
201400033645,7,8,14,18,1,68,224,2,2,1,3,"3, BONNES GENS (RUE DES)",47.74501,7.34514
201400033646,14,8,14,18,1,68,224,2,9,1,7,THENARD (RUE),0.0,0.0
201400033647,15,8,14,21,5,68,224,2,3,3,3,"50, BRUSTLEIN (RUE)",47.75333,7.30893
201400033648,24,8,14,1,5,68,224,2,2,2,3,STRASBOURG (RUE DE),47.75229,7.32812
201400033649,24,8,14,18,1,68,56,2,1,1,1,"223, AV D'ALTKIRCH",47.72671,7.32136
201400033650,30,8,14,15,1,68,224,1,1,1,3,AUTOROUTE A 36,47.77355,7.3623
201400033651,30,8,14,18,1,68,56,2,1,1,3,"235, AV D'ALTKIRCH",47.72584,7.32058
201400033652,6,9,14,18,1,68,224,2,1,1,6,"183, REPOS (AVENUE DU)",47.76317,7.34647
201400033653,8,9,14,7,1,68,224,2,1,1,6,"73, SOULTZ (RUE DE)",47.77061,7.32091
201400033654,11,9,14,16,1,68,56,2,1,1,6,ASHE (rue Arthur),0.0,0.0
201400033655,12,9,14,15,1,68,56,2,3,1,6,"362, AV D'ALTKIRCH",47.72246,7.31877
201400033656,12,9,14,20,3,68,56,1,1,2,1,"1, 19?me Dragon (rue)",47.70908,7.3429
201400033657,13,9,14,17,1,68,224,2,1,1,6,"8, COLOMBIER (RUE DU)",0.0,0.0
201400033658,18,9,14,13,1,68,224,2,1,1,6,"27, WALLACH (BOULEVARD A",47.74152,7.34475
201400033659,19,9,14,14,1,68,224,2,1,1,6,"10, ZU-RHEIN (RUE DU CHA",47.74329,7.31535
201400033660,21,9,14,21,5,68,224,2,1,2,6,"40, SAUSHEIM (RUE DE)",0.0,0.0
201400033661,24,9,14,13,1,68,224,1,1,1,3,AUTOROUTE A 36,47.77295,7.34777
201400033662,28,9,14,13,1,68,224,2,3,1,6,"64, LEFEBVRE (RUE)",47.75891,7.34506
201400033663,3,10,14,16,1,68,224,2,1,1,3,"51, ILLZACH (RUE D')",47.75392,7.3418
201400033664,3,10,14,17,1,68,224,2,1,1,6,"85, LEFEBVRE (RUE)",0.0,0.0
201400033665,4,10,14,11,1,68,224,2,1,1,6,"50, BRIAND (AVENUE ARIST",47.74907,7.3259
201400033666,7,10,14,16,1,68,224,2,1,1,3,"39, TROIS-ROIS (RUE DES)",47.74604,7.33558
201400033667,10,10,14,20,5,68,224,2,2,1,6,"41, HEILMANN (RUE JOSUE)",0.0,0.0
201400033668,17,10,14,0,5,68,224,2,3,2,3,"20, ARC (RUE DE L')",0.0,0.0
201400033669,18,10,14,17,1,68,224,2,3,1,3,BELFORT (PASSAGE INFERIE,47.73961,7.30191
201400033670,19,10,14,1,5,68,224,2,2,1,3,ILE NAPOLEON (RUE DE L'),0.0,0.0
201400033671,19,10,14,18,5,68,224,2,1,1,2,"4, STOESSEL (BOULEVARD C",0.0,0.0
201400033672,27,10,14,8,1,68,271,2,3,1,3,"323, BALE (RUE DE)",0.0,0.0
201400033673,4,11,14,7,2,68,224,2,1,1,6,"60, SAUSHEIM (RUE DE)",0.0,0.0
201400033674,4,11,14,18,5,68,224,2,3,1,6,"41, CAMUS (RUE ALBERT)",47.7358,7.30681
201400033675,8,11,14,11,1,68,256,2,3,1,2,"147, REPUBLIQUE (RUE DE",47.76641,7.30105
201400033676,8,11,14,16,1,68,56,2,1,1,3,Rue de Dornach,0.0,0.0
201400033677,12,11,14,17,5,68,224,2,2,3,3,"20, SCHUTZENBERGER (RUE",0.0,0.0
201400033678,12,11,14,18,5,68,224,2,3,3,3,"222, HOFER (RUE JOSUE)",47.76088,7.32391
201400033679,18,11,14,7,2,68,224,2,1,1,6,GRUNEWALD (RUE MATHIAS),0.0,0.0
201400033680,25,11,14,13,1,68,224,2,1,1,6,"1, DESCARTES (RUE)",0.0,0.0
201400033681,26,11,14,17,5,68,224,2,1,1,6,"25, DMC",47.75087,7.30741
201400033682,29,11,14,14,1,68,224,2,1,8,6,"185, BALE (RUE DE)",0.0,0.0
201400033683,29,11,14,17,3,68,224,2,1,1,6,"42, BALE (RUE DE)",47.74736,7.34633
201400033684,11,12,14,17,5,68,224,2,1,2,6,"4, STOESSEL (BOULEVARD C",47.74237,7.32387
201400033685,13,12,14,15,1,68,224,2,1,1,1,"10, REMBLAI (RUE DU)",0.0,0.0
201400033686,14,12,14,18,4,68,224,2,1,2,6,"183, ROMAINS (RUE DES)",0.0,0.0
201400033687,15,12,14,18,5,68,224,1,1,2,2,"1, VOIE RAPIDE OUEST",47.73028,7.28449
201400033688,16,12,14,3,5,68,224,2,3,1,3,"105, SOULTZ (RUE DE)",0.0,0.0
201400033689,22,12,14,6,2,68,224,2,2,1,3,"157, VAUBAN (RUE)",0.0,0.0
201400033690,24,12,14,15,1,68,224,2,1,1,6,"170, ROMAINS (RUE DES)",0.0,0.0
201400033691,7,1,14,15,1,68,149,2,3,1,2,"1, ABATTOIR ( RUE DE )",47.59372,7.58655
201400033692,21,2,14,23,5,68,297,2,2,2,3,VILLAGE NEUF ( RUE DE ),47.59857,7.5551
201400033693,17,3,14,9,1,68,297,2,3,1,6,MULHOUSE ( RUE)CITE BOUR,47.59651,7.55333
201400033694,30,3,14,0,3,68,297,1,1,1,1,LANGUEDOC ( RUE DU ),47.59657,7.56155
201400033695,17,4,14,16,1,68,297,2,3,1,3,"1, ALTKIRCH ( RUE D' )",47.57849,7.54736
201400033696,15,4,14,15,1,68,149,2,2,1,3,"0, BALE ( AVENUE DE )",47.58525,7.58271
201400033697,27,4,14,12,1,68,297,2,3,1,3,BALE ( AVE DE)FRONTIERE,47.57794,7.57116
201400033698,10,5,14,11,1,68,297,2,1,1,6,"17, MULHOUSE ( RUE DE)JU",47.5872,7.56262
201400033699,17,6,14,19,1,68,297,2,3,8,2,"43, HUNINGUE ( RUE DE )",47.58857,7.5695
201400033700,22,6,14,23,5,68,297,2,1,1,6,"19, VILLAGE NEUF ( RUE D",47.59808,7.5548
201400033701,14,9,14,3,5,68,149,2,1,1,6,"8, INDUSTRIE ( RUE DE L'",47.58097,7.57827
201400033702,8,10,14,14,1,68,297,2,1,1,3,"4, DE GAULLE( AVE DU GLE",47.58559,7.5632
201400033703,9,10,14,22,5,68,297,2,1,2,6,"48, BALE ( AVE DE)WIRU J",47.58282,7.56669
201400033704,10,10,14,18,1,68,297,2,2,1,3,STRASBOURG ( RUE DE ),47.61283,7.53695
201400033705,8,11,14,9,1,68,297,2,3,1,3,MULHOUSE ( RUE)CITE BOUR,47.60365,7.54493
201400033706,19,12,14,23,5,68,297,2,2,2,3,"1, STRASBOURG ( RUE DE )",0.0,0.0
201400033707,20,8,14,20,3,68,297,2,6,1,3,ROUTE DOUANIERE,47.59188,7.5438
201400033708,18,11,14,7,5,68,297,2,1,1,1,AVIATION GENERALE ROUTE,47.58489,7.52305
201400033709,16,1,14,17,5,68,166,2,1,3,6,"151, MULHOUSE (FAUBOURG",47.79872,7.33638
201400033710,24,1,14,16,1,68,376,2,3,1,1,"159, SOULTZ(ROUTE DE)",47.81655,7.30882
201400033711,12,10,14,3,5,68,376,2,1,8,6,"9, SAINT CLOUD (RUE DU)",47.81146,7.33686
201400033712,15,7,14,22,5,68,376,2,1,1,1,"186, MINES (RUE DES)",47.799,7.31494
201400033713,5,12,14,10,1,68,166,2,1,1,6,BEARN (RUE DU),47.7934,7.32303
201400033714,7,1,14,18,5,69,29,2,1,1,6,"20, BOULEVARD PINEL",0.0,0.0
201400033715,7,1,14,18,5,69,29,2,3,1,2,"378, ROUTE DE GENAS",0.0,0.0
201400033716,27,1,14,21,3,69,271,1,1,1,6,"., AVENUE DU DAUPHINE",0.0,0.0
201400033717,17,2,14,13,1,69,29,2,1,1,6,"356, ROUTE DE GENAS",0.0,0.0
201400033718,6,3,14,18,1,69,29,2,1,1,6,"0, AVENUE FRANKLIN ROOSE",0.0,0.0
201400033719,5,4,14,11,1,69,29,2,1,1,6,"53, AVENUE CAMILLE ROUSS",0.0,0.0
201400033720,9,4,14,18,1,69,271,2,2,1,6,"., RUE DE LA REPUBLIQUE",0.0,0.0
201400033721,10,4,14,21,5,69,29,2,1,1,6,"30, RUE DU 35EME REGIMEN",0.0,0.0
201400033722,11,4,14,20,1,69,29,2,1,1,2,"31, AVENUE FRANKLIN ROOS",0.0,0.0
201400033723,17,4,14,8,1,69,29,1,3,1,6,", AUTOROUTE A43 DE LYON",0.0,0.0
201400033724,5,5,14,22,5,69,271,2,2,1,6,"., ROUTE DE LYON",0.0,0.0
201400033725,22,6,14,20,1,69,266,2,2,1,6,"0, ROUTE DE GENAS",0.0,0.0
201400033726,24,6,14,19,1,69,266,2,2,1,3,"0, ROUTE DE GENAS",0.0,0.0
201400033727,28,7,14,14,1,69,29,2,3,3,6,"., RUE LIONEL TERRAY",0.0,0.0
201400033728,5,9,14,18,1,69,271,2,3,1,6,"., RUE ORESTE ZENEZINI",0.0,0.0
201400033729,11,9,14,8,1,69,271,2,1,1,2,"0, AVENUE DU DAUPHINE",0.0,0.0
201400033730,12,9,14,19,1,69,29,2,3,1,6,"0, RUE DU PROGRES",0.0,0.0
201400033731,3,11,14,10,1,69,271,2,1,2,3,"20, AVENUE DES FRERES MO",0.0,0.0
201400033732,8,11,14,17,5,69,29,2,2,1,6,"1, RUE ROGER SALENGRO",0.0,0.0
201400033733,12,12,14,8,1,69,29,2,1,1,3,"17, RUE DE REIMS",0.0,0.0
201400033734,24,12,14,1,5,69,29,2,6,1,6,"95, BOULEVARD PINEL",0.0,0.0
201400033735,25,11,14,20,5,69,271,2,1,1,1,ROUTE DE LYON,0.0,0.0
201400033736,31,12,14,11,1,69,29,2,2,1,6,"., AVENUE GENERAL DE GA",0.0,0.0
201400033737,7,1,14,12,1,69,34,1,9,1,2,"1, AVENUE DE POUMEYROL",0.0,0.0
201400033738,23,1,14,8,1,69,34,2,1,1,5,"92, CHEMIN DE VASSIEUX",0.0,0.0
201400033739,27,1,14,17,2,69,34,2,1,1,1,"10, CHEMIN JEAN PETIT",0.0,0.0
201400033740,14,2,14,0,5,69,34,2,1,2,6,VIADUC JOSEPH PICOT,0.0,0.0
201400033741,27,2,14,13,1,69,34,2,1,1,6,"13B, RUE DU CAPITAINE FE",0.0,0.0
201400033742,6,3,14,12,1,69,34,2,1,1,6,MONTEE CASTELLANE,0.0,0.0
201400033743,14,3,14,16,1,69,34,2,1,1,1,"261, CHEMIN DE WETTE FAY",0.0,0.0
201400033744,18,3,14,8,1,69,34,2,4,1,3,"2, MONTEE DES FORTS",0.0,0.0
201400033745,25,3,14,13,1,69,34,2,1,2,6,"10, CHEMIN JEAN PETIT",0.0,0.0
201400033746,26,3,14,17,1,69,34,2,1,1,6,"90, QUAI CLEMENCEAU",0.0,0.0
201400033747,31,3,14,10,1,69,34,2,4,1,3,"6, MONTEE DES SOLDATS",0.0,0.0
201400033748,19,4,14,16,1,69,34,2,1,1,1,"9 BIS, CHEMIN DES PEUPLI",0.0,0.0
201400033749,20,4,14,20,5,69,34,2,1,2,6,"SANS, MONTEE DE LA BOUCL",0.0,0.0
201400033750,22,4,14,7,1,69,34,2,1,5,1,"69, ROUTE DE STRASBOURG",0.0,0.0
201400033751,22,4,14,20,2,69,34,2,1,1,3,QUAI CLEMENCEAU,0.0,0.0
201400033752,12,5,14,13,1,69,34,2,1,1,6,"1, PLACE VICTOR BASCH",0.0,0.0
201400033753,30,4,14,7,1,69,34,2,3,2,3,"147, GRANDE RUE DE SAINT",0.0,0.0
201400033754,27,5,14,19,1,69,34,2,1,1,6,"71, CHEMIN DE WETTE FAYS",0.0,0.0
201400033755,30,5,14,12,1,69,34,2,3,1,3,"141, GRANDE RUE DE SAINT",0.0,0.0
201400033756,3,6,14,17,1,69,34,2,1,1,3,"86, AVENUE GENERAL LECLE",0.0,0.0
201400033757,6,6,14,13,1,69,34,2,1,1,3,"19, AVENUE BARTHELEMY TH",0.0,0.0
201400033758,7,6,14,12,1,69,34,2,1,1,6,"6, AVENUE GENERAL LECLER",0.0,0.0
201400033759,12,6,14,9,1,69,34,2,1,1,2,"50, MONTEE DES SOLDATS",0.0,0.0
201400033760,20,6,14,18,1,69,34,2,1,1,6,"65, RUE COSTE",0.0,0.0
201400033761,13,6,14,12,1,69,34,2,1,1,3,"96, AVENUE GENERAL LECLE",0.0,0.0
201400033762,6,6,14,12,1,69,34,2,1,1,3,"134, AVENUE GENERAL DE G",0.0,0.0
201400033763,29,6,14,21,1,69,34,2,1,1,2,"22, MONTEE DES SOLDATS",0.0,0.0
201400033764,6,7,14,18,1,69,34,2,1,3,4,"90 bis, QUAI CLEMENCEAU",0.0,0.0
201400033765,10,7,14,19,1,69,34,2,1,1,6,"93, RUE DE MARGNOLLES",0.0,0.0
201400033766,15,7,14,9,1,69,34,2,1,1,6,"44, QUAI CLEMENCEAU",0.0,0.0
201400033767,1,8,14,18,1,69,34,2,3,1,6,COURS ARISTIDE BRIAND,0.0,0.0
201400033768,3,8,14,11,1,69,34,2,1,1,6,"30, ROUTE DE STRASBOURG",0.0,0.0
201400033769,12,8,14,12,1,69,34,2,1,1,6,CHEMIN JEAN PETIT,0.0,0.0
201400033770,20,10,14,18,5,69,34,2,1,1,3,"00, PLACE MARECHAL FOCH",0.0,0.0
201400033771,26,8,14,4,5,69,34,2,1,1,3,"35, RUE FRANCOIS PEISSEL",0.0,0.0
201400033772,26,8,14,20,5,69,34,2,2,1,3,"28, AVENUE BARTHELEMY TH",0.0,0.0
201400033773,16,9,14,16,1,69,34,2,1,1,6,AVENUE GENERAL DE GAULLE,0.0,0.0
201400033774,26,9,14,12,1,69,34,2,2,1,1,BOULEVARD DES OISEAUX,0.0,0.0
201400033775,27,9,14,14,1,69,34,2,1,1,2,"22, RUE DE L ORATOIRE",0.0,0.0
201400033776,27,9,14,20,5,69,34,2,1,1,7,PLACE MARECHAL FOCH,0.0,0.0
201400033777,24,9,14,1,5,69,34,2,1,1,2,BRETELLE BELLEVUE,0.0,0.0
201400033778,1,10,14,18,1,69,34,2,1,1,3,"59, QUAI CLEMENCEAU",0.0,0.0
201400033779,5,10,14,1,5,69,34,2,1,1,6,"27, AVENUE DES PLATANES",0.0,0.0
201400033780,9,10,14,8,1,69,34,2,1,1,6,"36, COURS ARISTIDE BRIAN",0.0,0.0
201400033781,11,10,14,11,1,69,34,2,1,1,3,"88, AVENUE GENERAL DE GA",0.0,0.0
201400033782,14,10,14,17,1,69,34,2,1,8,6,"51 bis, RUE FRANCOIS PEI",0.0,0.0
201400033783,5,12,14,6,5,69,34,1,1,1,6,VIADUC JOSEPH PICOT,0.0,0.0
201400033784,17,10,14,12,1,69,34,2,1,1,4,"16, AVENUE LOUIS DUFOUR",0.0,0.0
201400033785,19,10,14,22,4,69,34,2,1,1,6,VIADUC JOSEPH PICOT,0.0,0.0
201400033786,20,10,14,16,1,69,34,2,3,1,3,AVENUE DES COTTAGES,0.0,0.0
201400033787,22,10,14,11,1,69,34,2,1,1,6,"17, RUE PAUL PAINLEVE",0.0,0.0
201400033788,25,12,14,12,1,69,34,2,1,2,2,7/9 RUE JEAN MOULIN,0.0,0.0
201400033789,25,10,14,9,1,69,34,2,1,1,6,MONTEE DES SOLDATS,0.0,0.0
201400033790,30,10,14,10,1,69,34,2,2,1,3,RUE CURIE,0.0,0.0
201400033791,3,11,14,19,4,69,34,2,1,3,6,"1, MONTEE DES SOLDATS",0.0,0.0
201400033792,11,11,14,2,5,69,34,2,1,1,2,PONT RAYMOND POINCARE,0.0,0.0
201400033793,15,11,14,8,1,69,34,2,1,2,3,3 AVENUE DES COTTAGES,0.0,0.0
201400033794,9,12,14,21,5,69,34,2,1,1,3,"2 Ter, MONTEE DES SOLDAT",0.0,0.0
201400033795,12,12,14,14,1,69,34,2,1,1,3,"42, QUAI CLEMENCEAU",0.0,0.0
201400033796,14,12,14,17,5,69,34,2,1,1,3,QUAI CLEMENCEAU,0.0,0.0
201400033797,2,1,14,7,3,69,91,2,1,3,6,"1, JEAN BERRY  (PL)",0.0,0.0
201400033798,7,1,14,15,1,69,91,1,1,6,6,"91, MORNANT (DE) (RTE)",0.0,0.0
201400033799,13,1,14,18,4,69,96,2,1,2,3,"45, FERRY (JULES) ( R )",0.0,0.0
201400033800,24,1,14,17,3,69,91,2,1,2,2,"12, VICTOR HUGO ( R )",0.0,0.0
201400033801,28,1,14,15,1,69,91,2,6,1,3,RIVE DE GIER (DE) (RTE),0.0,0.0
201400033802,1,2,14,19,5,69,91,2,1,2,6,"4, MARCEL CACHIN ( R )",0.0,0.0
201400033803,11,2,14,6,5,69,91,2,1,1,3,"54, MOULIN (DU) ( R )",0.0,0.0
201400033804,22,2,14,15,1,69,91,2,1,1,3,"9, PAIX (DE LA) ( R )",0.0,0.0
201400033805,27,2,14,19,5,69,96,2,1,1,3,"X, MAYER ( R )",0.0,0.0
201400033806,1,3,14,12,1,69,96,2,3,1,3,LANGEVIN (PAUL) ( R ),0.0,0.0
201400033807,1,3,14,15,1,69,96,2,3,1,3,"1, SABATIER (ANDRE) ( R",0.0,0.0
201400033808,15,3,14,19,5,69,91,2,5,1,6,MONTROND (DE) ( R ),0.0,0.0
201400033809,20,3,14,16,1,69,91,2,1,1,6,"1, PAIX (DE LA) ( R )",0.0,0.0
201400033810,27,3,14,7,1,69,91,2,1,1,6,JOSEPH LIAUTHAUD ( R ),0.0,0.0
201400033811,5,4,14,9,1,69,91,2,5,1,3,GAGARINE (AV),0.0,0.0
201400033812,6,4,14,18,1,69,91,2,1,1,6,"1, VICTOR HUGO ( R )",0.0,0.0
201400033813,8,5,14,12,1,69,91,2,9,1,1,VICTOR HUGO ( R ),0.0,0.0
201400033814,11,5,14,11,1,69,91,2,3,1,3,GABRIEL PERI ( R ),0.0,0.0
201400033815,16,5,14,11,1,69,91,2,3,1,3,"39, DOCTEUR ROUX (DU) (",0.0,0.0
201400033816,18,5,14,17,1,69,91,2,1,1,7,LIBERTE (DE LA) (PL),0.0,0.0
201400033817,22,5,14,13,1,69,91,1,1,3,6,"488, RIVE DE GIER (DE) (",0.0,0.0
201400033818,26,5,14,10,1,69,91,2,1,1,6,"x, MONTROND (DE) ( R )",0.0,0.0
201400033819,10,6,14,8,1,69,96,2,1,1,3,PRESSENSE (FRANCIS DE) (,0.0,0.0
201400033820,12,6,14,12,1,69,91,2,1,1,7,"1, HONORE PETETIN ( R )",0.0,0.0
201400033821,13,6,14,16,1,69,91,2,3,1,6,"X, HONORE PETETIN ( R )",0.0,0.0
201400033822,22,6,14,15,1,69,91,2,1,1,2,"X, ANATOLE FRANCE (AV)",0.0,0.0
201400033823,23,6,14,16,1,69,96,2,9,2,6,AMPERE ( R ),0.0,0.0
201400033824,2,7,14,8,1,69,91,1,1,2,6,"0, MANEVIEUX (LIEU D)",0.0,0.0
201400033825,3,7,14,10,1,69,91,2,9,1,6,4 JOSEPH LIAUTHAUD ( R ),0.0,0.0