Num_Acc,jour,mois,an,hr,condition_eclairage,departement,commune,condition_agglomeration,intersection,condition_atmosphere,type_collision,adresse,lattitude,longitude
201400033826,2,8,14,16,1,69,96,2,9,1,5,"34, BOUTRAS (DE) ( R )",0.0,0.0
201400033827,20,8,14,22,5,69,91,2,3,2,1,"X, GIZARD (DE) (CH)",0.0,0.0
201400033828,24,8,14,23,5,69,91,2,1,1,6,"16, ECHALAS (D')",0.0,0.0
201400033829,3,9,14,8,1,69,91,2,1,1,6,"1, HONORE PETETIN ( R )",0.0,0.0
201400033830,6,9,14,15,1,69,91,1,2,1,3,RIVE DE GIER (DE) (RTE),0.0,0.0
201400033831,10,9,14,20,1,69,91,2,1,1,6,"3, COMMERCE (DU) ( R )",0.0,0.0
201400033832,15,9,14,10,1,69,91,2,1,1,6,"Face N 36, DOCTEUR ROUX",0.0,0.0
201400033833,16,9,14,23,5,69,91,2,2,1,1,"50, JEAN LIGONNET ( R )",0.0,0.0
201400033834,18,9,14,15,1,69,91,2,3,1,6,"6, PORT DU BIEF (PL)",0.0,0.0
201400033835,19,9,14,7,1,69,96,2,6,8,2,SEMARD (PIERRE) ( R ),0.0,0.0
201400033836,24,9,14,15,1,69,91,2,1,2,1,"28, JEAN LIGONNET ( R )",0.0,0.0
201400033837,22,10,14,13,1,69,91,1,1,1,6,RIVE DE GIER (DE) (RTE),0.0,0.0
201400033838,29,10,14,15,1,69,91,1,1,1,6,rue PAIX/CARREFOUR,0.0,0.0
201400033839,1,11,14,18,2,69,96,2,1,1,6,"32, WALDECK-ROUSSEAU (AV",0.0,0.0
201400033840,11,11,14,15,1,69,91,2,1,2,7,"1, PAIX (DE LA) ( R )",0.0,0.0
201400033841,16,11,14,0,5,69,91,2,1,2,6,ROSENBERG (Q),0.0,0.0
201400033842,20,11,14,14,1,69,91,2,1,1,1,MONTROND (DE) ( R ),0.0,0.0
201400033843,21,11,14,7,1,69,91,2,1,1,2,PAIX (DE LA) ( R ),0.0,0.0
201400033844,23,11,14,13,1,69,91,2,1,1,6,"1, PONT DE CHASSE (LIEU",0.0,0.0
201400033845,27,11,14,22,5,69,91,2,4,1,2,VICTOR HUGO ( R ),0.0,0.0
201400033846,20,11,14,17,1,69,91,2,9,8,6,PAIX (DE LA) ( R ),0.0,0.0
201400033847,4,12,14,13,1,69,91,2,6,2,2,"8, MONTROND (DE) ( R )",0.0,0.0
201400033848,2,12,14,17,2,69,91,2,1,2,3,1 GAGARINE (AV),0.0,0.0
201400033849,12,12,14,10,1,69,91,2,1,1,6,"36, TUILERIES (DES) ( R",0.0,0.0
201400033850,24,12,14,9,1,69,91,2,1,1,4,"34, ANATOLE FRANCE (AV)",0.0,0.0
201400033851,31,12,14,12,1,69,91,2,1,1,1,"X, LA CLUZELLE (LIEU D)",0.0,0.0
201400033852,8,1,14,13,1,69,149,2,1,1,6,LEON BOURGEOIS,0.0,0.0
201400033853,14,1,14,7,2,69,202,2,3,2,6,MARECHAL FOCH (DU),0.0,0.0
201400033854,14,1,14,7,1,69,149,2,1,1,3,"7, CADIERE (DE LA)",0.0,0.0
201400033855,18,1,14,15,1,69,142,2,3,8,3,PIERRE SEMARD,0.0,0.0
201400033856,30,1,14,9,1,69,149,2,1,1,6,"20, JOHN ET ROBERT KENNE",0.0,0.0
201400033857,23,1,14,19,5,69,149,2,3,2,6,DUBOIS CRANCE,0.0,0.0
201400033858,5,2,14,18,5,69,152,2,1,1,4,"140, EUROPE (DE L')",0.0,0.0
201400033859,6,2,14,14,1,69,149,2,1,1,1,"31, REPUBLIQUE (DE LA)",0.0,0.0
201400033860,14,2,14,1,5,69,149,2,3,2,3,DUBOIS CRANCE,0.0,0.0
201400033861,19,2,14,14,1,69,142,2,1,1,4,JEAN JACQUES ROUSSEAU,0.0,0.0
201400033862,28,2,14,21,3,69,149,2,1,1,3,"50, FRANCISQUE JOMARD",0.0,0.0
201400033863,14,3,14,11,1,69,202,2,1,1,6,"51, PROVINCES (DES)",0.0,0.0
201400033864,15,3,14,10,1,69,149,2,1,1,6,"37, RASPAIL",0.0,0.0
201400033865,17,3,14,17,1,69,149,2,1,1,6,"6, AMPERE",0.0,0.0
201400033866,20,3,14,21,5,69,142,2,1,1,1,"93, STEPHANE DECHANT",0.0,0.0
201400033867,24,3,14,6,1,69,142,2,3,1,3,PENSIONNAT (DU),0.0,0.0
201400033868,17,3,14,8,1,69,152,2,1,1,2,"4, HENRI MOISSAN",0.0,0.0
201400033869,31,3,14,8,1,69,152,2,1,1,3,"148, JULES GUESDE",0.0,0.0
201400033870,20,3,14,16,1,69,202,2,3,1,3,MARECHAL FOCH (DU),0.0,0.0
201400033871,4,4,14,20,5,69,202,2,7,1,2,PROVINCES (DES),0.0,0.0
201400033872,2,4,14,7,1,69,149,2,1,1,3,"273, GRANDE RUE",0.0,0.0
201400033873,7,4,14,5,5,69,142,2,1,1,6,STEPHANE DECHANT,0.0,0.0
201400033874,9,4,14,17,1,69,149,2,1,1,3,"8, JEAN JAURES",0.0,0.0
201400033875,22,4,14,7,1,69,149,2,1,1,6,"42, AUGUSTE BLANQUI",0.0,0.0
201400033876,23,4,14,20,1,69,202,2,1,1,2,"40, AQUEDUC DE BEAUNANT",0.0,0.0
201400033877,24,4,14,8,1,69,149,2,3,1,3,"150, FRANCISQUE JOMARD",0.0,0.0
201400033878,24,4,14,11,1,69,149,2,1,1,6,"64, GRANDE RUE",0.0,0.0
201400033879,1,5,14,17,1,69,149,2,3,1,3,FRANCISQUE JOMARD,0.0,0.0
201400033880,6,5,14,15,1,69,202,2,1,1,3,"46, COMMANDANT CHARCOT (",0.0,0.0
201400033881,8,5,14,16,1,69,202,2,1,1,2,"89, AQUEDUC DE BEAUNANT",0.0,0.0
201400033882,12,5,14,7,1,69,202,2,1,1,6,"24, LIMBURG (DE)",0.0,0.0
201400033883,14,5,14,12,1,69,202,2,1,1,6,RAZES (DES),0.0,0.0
201400033884,17,5,14,0,5,69,149,2,1,1,1,"127, FRANCISQUE JOMARD",0.0,0.0
201400033885,19,5,14,17,1,69,152,2,1,1,3,JULES GUESDE,0.0,0.0
201400033886,22,5,14,8,1,69,149,2,1,1,6,"38, AUGUSTE BLANQUI",0.0,0.0
201400033887,27,5,14,7,1,69,142,2,2,2,3,STEPHANE DECHANT,0.0,0.0
201400033888,8,6,14,11,1,69,142,2,1,1,6,STEPHANE DECHANT,0.0,0.0
201400033889,20,6,14,7,1,69,149,2,3,1,1,LORTET,0.0,0.0
201400033890,22,9,14,13,1,69,149,2,1,1,6,"3, EUROPE (DE L')",0.0,0.0
201400033891,24,6,14,10,1,69,152,2,1,1,6,"1, MURIERS (DES)",0.0,0.0
201400033892,3,7,14,4,3,69,152,2,1,1,6,"7, MARIUS CHARDON",0.0,0.0
201400033893,7,7,14,14,1,69,142,2,1,3,2,"278, GENERAL DE GAULLE",0.0,0.0
201400033894,7,7,14,21,2,69,142,2,1,8,6,"95, STEPHANE DECHANT",0.0,0.0
201400033895,10,7,14,9,1,69,202,2,1,8,1,RAZES (DES),0.0,0.0
201400033896,11,7,14,17,1,69,152,2,9,1,1,"19, MURIERS (DES)",0.0,0.0
201400033897,27,7,14,13,1,69,149,2,1,1,6,"172, GRANDE RUE",0.0,0.0
201400033898,27,7,14,23,4,69,142,2,1,1,2,"SANS, STEPHANE DECHANT",0.0,0.0
201400033899,30,7,14,0,5,69,202,2,1,1,6,"96, AQUEDUC DE BEAUNANT",0.0,0.0
201400033900,30,7,14,18,1,69,149,2,1,1,1,"179, GRANDE RUE",0.0,0.0
201400033901,8,8,14,0,5,69,142,2,2,1,3,STEPHANE DECHANT,0.0,0.0
201400033902,10,8,14,13,1,69,149,2,1,1,3,8 MAI 1945 (DU),0.0,0.0
201400033903,21,8,14,9,1,69,149,2,1,1,3,EDOUARD VAILLANT,0.0,0.0
201400033904,22,8,14,17,1,69,202,2,1,1,6,"93, LIBERATION (DE LA)",0.0,0.0
201400033905,28,8,14,8,1,69,149,2,1,1,2,"35, EMILE ZOLA",0.0,0.0
201400033906,2,9,14,11,1,69,202,2,4,1,3,"37, COMMANDANT CHARCOT (",0.0,0.0
201400033907,2,9,14,13,1,69,152,2,2,1,3,REPUBLIQUE (DE LA),0.0,0.0
201400033908,4,9,14,7,1,69,149,2,2,1,3,"14, EDOUARD VAILLANT",0.0,0.0
201400033909,18,9,14,11,1,69,149,2,2,1,6,PIERRE SEMARD,0.0,0.0
201400033910,18,9,14,16,1,69,152,2,1,1,6,"26, HAUTE ROCHE (DE)",0.0,0.0
201400033911,23,9,14,12,1,69,149,2,1,1,6,"39, EUROPE (DE L')",0.0,0.0
201400033912,2,10,14,11,1,69,202,2,1,1,3,"27, AQUEDUC DE BEAUNANT",0.0,0.0
201400033913,7,10,14,15,1,69,152,2,1,2,2,"90, EUROPE (DE L')",0.0,0.0
201400033914,7,10,14,12,1,69,142,2,1,8,2,PIERRE SEMARD,0.0,0.0
201400033915,11,10,14,17,1,69,202,2,1,1,3,"137, COMMANDANT CHARCOT",0.0,0.0
201400033916,13,10,14,18,2,69,142,2,1,8,3,STEPHANE DECHANT,0.0,0.0
201400033917,7,10,14,8,1,69,142,2,2,8,3,GENERAL DE GAULLE,0.0,0.0
201400033918,25,10,14,12,1,69,149,2,3,1,3,EMILE ZOLA,0.0,0.0
201400033919,30,10,14,17,2,69,202,2,1,1,3,"19, LIBERATION (DE LA)",0.0,0.0
201400033920,31,10,14,16,1,69,149,2,1,1,3,"57, HENRI BARBUSSE",0.0,0.0
201400033921,2,11,14,0,5,69,152,2,1,1,2,"144, EUROPE (DE L')",0.0,0.0
201400033922,3,11,14,6,5,69,149,2,1,2,1,"116, AQUEDUC DE BEAUNANT",0.0,0.0
201400033923,3,11,14,9,1,69,202,2,1,1,2,AQUEDUC DE BEAUNANT (DE,0.0,0.0
201400033924,4,11,14,15,1,69,149,1,1,3,3,EUROPE (DE L'),0.0,0.0
201400033925,8,11,14,9,1,69,149,2,1,1,6,"5, PROFESSEUR FLEMING (D",0.0,0.0
201400033926,8,11,14,9,1,69,202,2,1,1,7,"132, AQUEDUC DE BEAUNANT",0.0,0.0
201400033927,4,11,14,20,5,69,149,2,2,3,3,GRANDE RUE,0.0,0.0
201400033928,15,11,14,12,1,69,149,2,1,8,6,"10, ORSEL",0.0,0.0
201400033929,18,11,14,10,1,69,152,2,1,1,4,"25, MURIERS (DES)",0.0,0.0
201400033930,18,11,14,15,1,69,149,2,1,2,6,"62, GRANDE RUE",0.0,0.0
201400033931,21,11,14,15,1,69,152,2,2,1,3,JULES GUESDE,0.0,0.0
201400033932,29,11,14,17,5,69,149,2,1,1,6,"141, EMILE ZOLA",0.0,0.0
201400033933,4,12,14,7,1,69,202,2,2,1,3,LIBERATION (DE LA),0.0,0.0
201400033934,9,12,14,19,5,69,149,2,2,1,7,"132, GRANDE RUE",0.0,0.0
201400033935,10,12,14,17,5,69,202,2,1,2,3,"33, 11 NOVEMBRE (DU)",0.0,0.0
201400033936,17,12,14,21,5,69,202,2,1,2,2,PRES (DES),0.0,0.0
201400033937,18,12,14,19,5,69,149,2,2,1,3,GRANDE RUE,0.0,0.0
201400033938,19,12,14,14,1,69,202,2,1,9,6,"102, COMMANDANT CHARCOT",0.0,0.0
201400033939,19,12,14,19,5,69,202,2,2,8,1,11 NOVEMBRE 1918 (DU),0.0,0.0
201400033940,20,12,14,19,5,69,202,2,1,1,3,"35, COMMANDANT CHARCOT (",0.0,0.0
201400033941,21,12,14,14,1,69,149,2,1,1,6,PERRON (DU),0.0,0.0
201400033942,22,12,14,15,1,69,152,2,1,1,6,MURIERS (DES) PK G FRAIS,0.0,0.0
201400033943,17,1,14,19,5,69,256,2,6,2,3,"0, GEORGES ROUGE",0.0,0.0
201400033944,4,2,14,12,1,69,256,2,4,1,6,"., 8 MAI 1945 (DU)",0.0,0.0
201400033945,8,2,14,18,5,69,256,2,6,1,6,"., ERNEST RENAN",0.0,0.0
201400033946,9,2,14,0,5,69,256,2,1,1,6,"., BOELHEN (DE)",0.0,0.0
201400033947,20,2,14,13,1,69,256,2,1,1,6,"3, GEORGES DIMITROV",0.0,0.0
201400033948,22,2,14,16,1,69,256,2,2,1,6,"., REPUBLIQUE (DE LA)",0.0,0.0
201400033949,4,3,14,12,1,69,256,2,3,1,3,"0, HENRI BARBUSSE",0.0,0.0
201400033950,12,3,14,15,1,69,256,2,3,1,6,"., JOUTES (DES)",0.0,0.0
201400033951,15,4,14,19,1,69,256,2,1,1,6,"14, GEORGES DIMITROV",0.0,0.0
201400033952,21,4,14,17,1,69,256,2,3,3,6,"., JEAN FOUCAUD",0.0,0.0
201400033953,24,4,14,10,1,69,256,2,3,1,3,"0, BATAILLON CARMAGNOLE",0.0,0.0
201400033954,2,5,14,17,1,69,256,2,1,1,6,"9, AUGUSTE RENOIR",0.0,0.0
201400033955,5,5,14,8,1,69,256,2,2,1,6,"., SALVADOR ALLENDE",0.0,0.0
201400033956,6,5,14,15,1,69,256,2,1,8,6,"154, GABRIEL PERI",0.0,0.0
201400033957,7,5,14,20,1,69,256,2,2,1,6,"., MARCELIN BERTHELOT",0.0,0.0
201400033958,7,5,14,23,3,69,256,2,1,1,6,"7, FERME (DE LA)",0.0,0.0
201400033959,8,5,14,21,5,69,256,2,1,1,6,"0, GUY MOQUET",0.0,0.0
201400033960,4,5,14,6,2,69,256,2,1,1,6,"., GABRIEL PERI",0.0,0.0
201400033961,13,5,14,11,1,69,256,2,3,1,6,"., GABRIEL PERI",0.0,0.0
201400033962,13,5,14,17,1,69,256,2,1,1,6,"6, PAUL MARCELLIN",0.0,0.0
201400033963,18,5,14,22,5,69,256,2,2,1,3,"0, EMILE ZOLA",0.0,0.0
201400033964,1,6,14,1,5,69,256,2,3,1,6,"., GEORGES DIMITROV",0.0,0.0
201400033965,2,6,14,21,1,69,256,2,1,1,6,"22, FERME (DE LA)",0.0,0.0
201400033966,6,6,14,21,2,69,256,2,1,1,6,"50, BOELHEN (DE)",0.0,0.0
201400033967,24,6,14,19,1,69,256,2,1,1,6,"23, VICTOR HUGO",0.0,0.0
201400033968,1,7,14,13,1,69,256,2,3,1,3,ROMAIN ROLLAND,0.0,0.0
201400033969,16,7,14,20,1,69,256,2,3,1,6,"., ANATOLE FRANCE",0.0,0.0
201400033970,17,7,14,16,1,69,256,2,2,1,3,"0, LYCEE (DU)",0.0,0.0
201400033971,18,6,14,12,1,69,256,2,1,1,6,"., PAUL MARCELLIN",0.0,0.0
201400033972,24,7,14,21,1,69,256,2,6,1,1,"0, ORCHA (D')",0.0,0.0
201400033973,1,8,14,9,1,69,256,2,2,1,6,"18, EUGENE HENAFF",0.0,0.0
201400033974,10,8,14,14,1,69,256,2,1,1,6,"0, MORLET (DU)",0.0,0.0
201400033975,6,9,14,19,1,69,256,2,2,1,3,"0, GABRIEL PERI",0.0,0.0
201400033976,12,9,14,14,1,69,256,2,2,1,3,"0, PABLO PICASSO",0.0,0.0
201400033977,24,10,14,13,1,69,256,2,3,1,6,"., MAURICE THOREZ",0.0,0.0
201400033978,26,10,14,18,5,69,256,2,1,1,5,pont de la soie,0.0,0.0
201400033979,6,11,14,22,5,69,256,2,2,1,3,"0, GABRIEL PERI",0.0,0.0
201400033980,8,11,14,19,5,69,256,2,2,1,5,"0, BOELHEN (DE)",0.0,0.0
201400033981,26,11,14,12,1,69,256,2,3,2,6,"., GENAS (DE)",0.0,0.0
201400033982,28,11,14,6,5,69,256,2,2,1,6,"., RAIL (DU)",0.0,0.0
201400033983,24,11,14,19,5,69,256,2,1,1,6,"6, RAIL (DU)",0.0,0.0
201400033984,28,11,14,19,5,69,256,2,2,1,6,"., PABLO PICASSO",0.0,0.0
201400033985,9,12,14,20,5,69,256,2,1,1,7,"34, PIERRE MENDES FRANCE",0.0,0.0
201400033986,26,12,14,11,1,69,256,2,2,1,6,"., GENAS (DE)",0.0,0.0
201400033987,2,1,14,19,5,69,259,2,3,1,6,PLACE ENNEMOND ROMAND,0.0,0.0
201400033988,5,1,14,18,5,69,259,2,1,1,6,"19, RUE DU CLUZEL",0.0,0.0
201400033989,9,1,14,11,1,69,199,2,1,6,4,"0, BOULEVARD YVES FARGE",0.0,0.0
201400033990,10,1,14,17,5,69,259,2,3,1,1,"0, CLOS VERGER (DU)",0.0,0.0
201400033991,18,1,14,22,5,69,259,2,2,1,3,"0, AVENUE DU 8 MAI 1945",0.0,0.0
201400033992,21,1,14,16,1,69,259,2,1,8,6,"34, BOULEVARD LAURENT GE",0.0,0.0
201400033993,24,1,14,7,2,69,199,2,1,3,5,"14, CARNOT",0.0,0.0
201400033994,26,1,14,15,1,69,276,2,2,8,3,"0, ROUTE DE VIENNE",0.0,0.0
201400033995,29,1,14,10,1,69,259,2,1,1,6,"43, BOULEVARD AMBROISE C",0.0,0.0
201400033996,4,2,14,12,1,69,276,2,1,1,6,"74, ROUTE DE LYON",0.0,0.0
201400033997,8,2,14,15,1,69,259,2,1,2,6,RUE GAMBETTA,0.0,0.0
201400033998,11,2,14,16,1,69,259,2,4,1,3,"0, AVENUE PIERRE SEMARD",0.0,0.0
201400033999,11,2,14,17,1,69,259,2,1,1,2,"5, BOULEVARD AMBROISE CR",0.0,0.0
201400034000,12,2,14,11,1,69,199,2,1,1,6,"0, RUE JULES GUESDE",0.0,0.0
201400034001,15,2,14,10,1,69,259,2,3,1,2,BOULEVARD AMBROISE CROIZ,0.0,0.0
201400034002,19,2,14,13,1,69,259,2,1,1,5,IRENE JOLIOT CURIE,0.0,0.0
201400034003,20,2,14,7,2,69,259,2,1,1,6,"0, RUE PRESIDENT EDOUARD",0.0,0.0
201400034004,24,2,14,20,5,69,259,2,1,1,1,"48, RUE ERNEST RENAN",0.0,0.0
201400034005,21,2,14,7,1,69,259,2,6,3,2,AVENUE JEAN CAGNE,0.0,0.0
201400034006,21,2,14,18,3,69,199,2,1,2,5,"2, JEAN JAURES",0.0,0.0
201400034007,25,2,14,14,1,69,259,2,1,1,2,"9, AVENUE MARCEL HOUEL",0.0,0.0
201400034008,27,2,14,7,2,69,199,2,1,1,6,"39, CARNOT",0.0,0.0
201400034009,5,3,14,20,5,69,259,2,1,1,6,"0, PLACE JULES GRANDCLEM",0.0,0.0
201400034010,12,4,14,20,1,69,259,2,1,1,6,"face 42, AVENUE DU 8 MAI",0.0,0.0
201400034011,8,3,14,17,1,69,259,2,1,1,6,"28, BOULEVARD AMBROISE C",0.0,0.0
201400034012,26,3,14,20,5,69,259,2,2,1,3,AVENUE JEAN CAGNE,0.0,0.0
201400034013,25,3,14,7,1,69,259,2,1,1,2,"364, ROUTE DE VIENNE",0.0,0.0
201400034014,26,3,14,17,1,69,259,2,1,1,3,"260, ROUTE DE VIENNE",0.0,0.0
201400034015,27,3,14,16,1,69,276,2,1,1,1,"6, CHEMIN DE LA BOUVARDI",0.0,0.0
201400034016,27,3,14,17,1,69,259,2,1,1,6,"10, RUE LOUISE MICHEL",0.0,0.0
201400034017,3,4,14,16,1,69,259,2,1,1,6,"0, IRENE JOLIOT CURIE",0.0,0.0
201400034018,4,4,14,18,1,69,199,2,1,1,1,AVENUE ALBERT RAMBOZ,0.0,0.0
201400034019,15,4,14,11,1,69,259,2,1,1,6,"136, BOULEVARD IRENE JOL",0.0,0.0
201400034020,17,4,14,8,1,69,199,2,3,2,3,"0, BOULEVARD LUCIEN SAMP",0.0,0.0
201400034021,18,4,14,8,1,69,259,2,3,8,1,BOULEVARD IRENE JOLIOT,0.0,0.0
201400034022,19,4,14,17,1,69,259,2,1,1,5,93 AVENUE JULES GUESDE,0.0,0.0
201400034023,20,4,14,22,5,69,259,2,5,2,3,"0, BOULEVARD AMBROISE CR",0.0,0.0
201400034024,22,4,14,7,2,69,259,2,2,8,1,"5 bis, RUE ERNEST RENAN",0.0,0.0
201400034025,5,3,14,14,1,69,199,2,1,1,3,"41, BOULEVARD LUCIEN SAM",0.0,0.0
201400034026,28,4,14,19,1,69,199,2,1,1,6,AVENUE ALBERT RAMBOZ,0.0,0.0
201400034027,29,4,14,8,1,69,259,2,3,1,3,"32, ALLEE DES SAVOIES",0.0,0.0
201400034028,26,4,14,13,1,69,259,2,2,1,7,"0, RUE DES MARTYRS DE LA",0.0,0.0
201400034029,30,4,14,16,1,69,199,2,1,1,2,"6, RUE JEAN MACE",0.0,0.0
201400034030,1,5,14,14,1,69,259,2,3,1,6,"0, RUE EUGENE HENAFF",0.0,0.0
201400034031,1,5,14,22,5,69,259,2,1,3,6,"66, BOULEVARD IRENE JOLI",0.0,0.0
201400034032,6,5,14,14,1,69,259,2,1,1,2,"5, AVENUE PIERRE SEMARD",0.0,0.0
201400034033,6,5,14,11,1,69,259,2,1,1,3,"110, AVENUE FRANCIS DE P",0.0,0.0
201400034034,12,5,14,4,5,69,276,1,1,1,1,RUE JEAN BOUIN,0.0,0.0
201400034035,15,5,14,16,1,69,276,2,1,1,3,ROUTE DE VIENNE,0.0,0.0
201400034036,17,5,14,17,1,69,199,2,1,1,3,"19, RUE DE LA TANNERIE",0.0,0.0
201400034037,17,5,14,17,1,69,199,2,3,1,1,CARNOT,0.0,0.0
201400034038,20,5,14,14,1,69,259,2,1,1,6,"20, BOULEVARD MARCEL SEM",0.0,0.0
201400034039,21,5,14,10,1,69,259,2,1,1,2,"24, AVENUE MAURICE THORE",0.0,0.0
201400034040,22,5,14,16,1,69,199,2,2,1,3,"0, CARNOT",0.0,0.0
201400034041,26,5,14,17,1,69,259,2,1,1,6,"63, PROFESSEUR ROUX (DU)",0.0,0.0
201400034042,26,5,14,20,2,69,259,2,2,2,3,"0, RUE LEO LAGRANGE",0.0,0.0
201400034043,26,5,14,10,1,69,259,2,1,1,6,AVENUE MARCEL HOUEL,0.0,0.0
201400034044,24,4,14,11,1,69,199,2,1,1,6,RUE EMILE ZOLA,0.0,0.0
201400034045,18,6,14,16,1,69,259,2,1,1,4,AVENUE PIERRE SEMARD,0.0,0.0
201400034046,19,6,14,14,1,69,259,2,1,1,3,"16, RUE ALBERT EINSTEIN",0.0,0.0
201400034047,14,6,14,7,1,69,199,2,1,1,7,AVENUE ALBERT THOMAS,0.0,0.0
201400034048,14,6,14,21,1,69,276,2,1,1,6,"62, ROUTE DE LYON",0.0,0.0
201400034049,5,6,14,17,1,69,259,2,1,1,6,"0, AVENUE D OSCHATZ",0.0,0.0
201400034050,21,6,14,9,1,69,259,2,2,1,6,"0, CLOS VERGER (DU)",0.0,0.0
201400034051,23,6,14,9,1,69,259,1,1,1,7,BOULEVARD URBAIN SUD DE,0.0,0.0
201400034052,17,6,14,15,1,69,199,2,1,1,6,"49, RUE PARMENTIER",0.0,0.0
201400034053,24,6,14,17,1,69,199,2,1,1,6,CARNOT,0.0,0.0
201400034054,26,6,14,16,1,69,199,2,3,1,6,RUE DE LA ROCHETTE,0.0,0.0
201400034055,30,6,14,11,1,69,290,2,1,1,6,BOULEVARD DE PARILLY,0.0,0.0
201400034056,3,7,14,12,1,69,259,2,5,1,1,"1, AVENUE JEAN CAGNE",0.0,0.0
201400034057,4,7,14,16,1,69,199,2,1,1,6,"59, RUE CARNOT",0.0,0.0
201400034058,7,7,14,20,1,69,259,2,1,2,5,AVENUE FRANCIS DE PRESSE,0.0,0.0
201400034059,8,7,14,15,1,69,259,2,1,1,2,"27-29, AVENUE DE LA REPU",0.0,0.0
201400034060,8,7,14,19,1,69,259,2,1,1,3,"13, RUE PAUL BERT",0.0,0.0
201400034061,9,7,14,22,5,69,259,2,1,2,1,"21, RUE GEORGES LYVET",0.0,0.0
201400034062,9,7,14,13,1,69,259,2,1,1,6,"136, IRENE JOLIOT CURIE",0.0,0.0
201400034063,12,7,14,23,5,69,259,2,1,1,6,"0, AVENUE D OSCHATZ",0.0,0.0
201400034064,23,7,14,6,1,69,199,2,1,1,3,"1, QUAI LOUIS AULAGNE",0.0,0.0
201400034065,26,7,14,21,1,69,259,2,1,1,6,"136, BOULEVARD IRENE JOL",0.0,0.0
201400034066,25,7,14,21,5,69,259,2,2,1,2,MARCEL CACHIN,0.0,0.0
201400034067,26,7,14,15,1,69,259,2,1,1,2,"136, IRENE JOLIOT CURIE",0.0,0.0
201400034068,30,7,14,16,1,69,259,2,1,1,3,"11, AVENUE PIERRE SEMARD",0.0,0.0
201400034069,31,7,14,20,1,69,199,2,1,1,3,"76, JEAN JAURES",0.0,0.0
201400034070,2,8,14,17,1,69,259,2,4,1,3,"0, RUE PIERRE CORNEILLE",0.0,0.0
201400034071,11,8,14,16,1,69,259,2,1,1,5,"56, BOULEVARD AMBROISE C",0.0,0.0
201400034072,12,8,14,19,1,69,290,2,1,1,2,"0, AVENUE PIERRE COT",0.0,0.0
201400034073,16,8,14,15,1,69,259,2,1,1,6,PLACE JULES GRANDCLEMENT,0.0,0.0
201400034074,20,8,14,13,1,69,259,2,3,1,3,"1, BOULEVARD PINEL",0.0,0.0
201400034075,26,8,14,12,1,69,259,2,3,2,3,"0, RUE DE LA DEMOCRATIE",0.0,0.0
201400034076,24,8,14,15,1,69,259,2,1,1,3,"0, AVENUE CHARLES DE GAU",0.0,0.0
201400034077,29,8,14,7,1,69,259,2,1,1,5,", BOULEVARD AMBROISE CRO",0.0,0.0
201400034078,1,9,14,18,1,69,259,1,1,1,6,"16, ALLEE DES CLOSES",0.0,0.0
201400034079,3,9,14,12,1,69,259,2,1,1,6,19 ROUTE DE CORBAS,0.0,0.0
201400034080,7,9,14,10,1,69,388,2,2,1,3,"0, BOULEVARD PINEL",0.0,0.0
201400034081,8,9,14,19,2,69,199,2,1,1,6,ALLEE DE BEZIERS,0.0,0.0
201400034082,10,9,14,15,1,69,259,2,1,1,6,AVENUE JEAN CAGNE,0.0,0.0
201400034083,15,9,14,11,1,69,199,2,3,1,2,"0, BOULEVARD YVES FARGE",0.0,0.0
201400034084,15,9,14,17,1,69,259,2,1,1,1,"10, AVENUE PIERRE SEMARD",0.0,0.0
201400034085,19,9,14,13,1,69,259,2,1,2,2,"0, RUE BEETHOVEN",0.0,0.0
201400034086,19,9,14,11,1,69,259,2,1,2,6,"136, IRENE JOLIOT CURIE",0.0,0.0
201400034087,15,9,14,13,1,69,276,1,1,1,6,"18, ALLEE DU RHONE",0.0,0.0
201400034088,26,9,14,13,1,69,199,2,2,1,5,BOULEVARD YVES FARGE,0.0,0.0
201400034089,27,9,14,3,5,69,259,2,1,1,6,"0, BOULEVARD PINEL",0.0,0.0
201400034090,28,9,14,18,1,69,276,2,1,1,6,PLACE CLAUDIUS BERY,0.0,0.0
201400034091,6,10,14,20,5,69,259,2,1,1,6,83 AV FRANCIS DE PRESSE,0.0,0.0
201400034092,6,10,14,17,1,69,199,2,1,1,6,"40, AVENUE GABRIEL PERI",0.0,0.0
201400034093,7,10,14,19,5,69,259,2,1,2,6,RUE ALBERT EINSTEIN,0.0,0.0
201400034094,9,10,14,17,2,69,276,2,2,3,3,RUE DES MAURES,0.0,0.0
201400034095,9,10,14,18,5,69,259,2,3,3,6,"0, AVENUE MAURICE THOREZ",0.0,0.0
201400034096,17,10,14,6,2,69,259,2,1,2,2,AVENUE PIERRE SEMARD,0.0,0.0
201400034097,28,10,14,22,5,69,259,2,1,1,7,AVENUE DU DOCTEUR GEORGE,0.0,0.0
201400034098,28,10,14,17,2,69,259,2,1,1,6,"91, AVENUE FRANCIS DE PR",0.0,0.0
201400034099,24,10,14,17,1,69,259,2,1,1,6,"24, AVENUE VIVIANI",0.0,0.0
201400034100,31,10,14,15,1,69,199,2,1,1,5,AVENUE GABRIEL PERI,0.0,0.0
201400034101,30,10,14,19,5,69,199,2,3,1,3,"57, JEAN JAURES",0.0,0.0
201400034102,3,11,14,19,5,69,290,2,1,2,4,MONTEE DU LYONNAIS,0.0,0.0
201400034103,3,11,14,14,1,69,199,2,2,3,3,"0, BOULEVARD YVES FARGE",0.0,0.0
201400034104,3,11,14,10,1,69,276,2,3,1,3,"0, AVENUE JEAN JAURES",0.0,0.0
201400034105,4,11,14,17,5,69,199,2,1,3,2,"21, AVENUE ANTOINE GRAVA",0.0,0.0
201400034106,5,11,14,8,1,69,259,2,1,2,2,AVENUE MARCEL CACHIN,0.0,0.0
201400034107,5,11,14,9,1,69,199,2,1,2,3,"0, BOULEVARD YVES FARGE",0.0,0.0
201400034108,5,11,14,11,1,69,259,2,1,2,3,"31, BOULEVARD DU DOCTEUR",0.0,0.0
201400034109,8,11,14,23,5,69,199,2,3,1,3,RUE CARNOT,0.0,0.0