Num_Acc,jour,mois,an,hr,condition_eclairage,departement,commune,condition_agglomeration,intersection,condition_atmosphere,type_collision,adresse,lattitude,longitude
201400034110,10,11,14,16,1,69,259,2,1,1,6,"26, AVENUE JEAN CAGNE",0.0,0.0
201400034111,17,11,14,8,1,69,199,2,1,1,2,RUE CARNOT,0.0,0.0
201400034112,18,11,14,16,1,69,259,2,1,2,6,BOULEVARD MARCEL SEMBAT,0.0,0.0
201400034113,20,11,14,9,1,69,199,2,1,1,3,"37, RUE CHARLES PLASSE",0.0,0.0
201400034114,21,11,14,19,5,69,290,2,1,1,2,RUE PAUL BERT,0.0,0.0
201400034115,21,11,14,13,1,69,259,2,1,1,5,RUE DU VERCORS,0.0,0.0
201400034116,24,11,14,15,1,69,259,2,2,1,3,"0, BOULEVARD AMBROISE C",0.0,0.0
201400034117,1,12,14,7,2,69,199,2,0,2,3,RUE DE LA ROCHETTE,0.0,0.0
201400034118,1,12,14,6,1,69,259,2,0,2,3,"101, AVENUE FRANCIS DE P",0.0,0.0
201400034119,30,11,14,19,5,69,259,2,1,1,4,"0, BOULEVARD AMBROISE CR",0.0,0.0
201400034120,4,12,14,17,5,69,259,2,1,1,6,BOULEVARD AMBROISE CROIZ,0.0,0.0
201400034121,6,12,14,11,1,69,259,2,1,1,3,"39, BOULEVARD LENINE",0.0,0.0
201400034122,6,12,14,4,5,69,199,2,2,1,4,"0, AVENUE GABRIEL PERI",0.0,0.0
201400034123,7,12,14,2,5,69,259,2,1,1,1,"73, RUE DES MARTYRS DE L",0.0,0.0
201400034124,9,12,14,13,1,69,259,2,1,1,6,"136, BOULEVARD IRENE JOL",0.0,0.0
201400034125,11,12,14,22,5,69,259,2,1,2,4,"0, AVENUE PIERRE SEMARD",0.0,0.0
201400034126,14,12,14,22,5,69,259,2,1,1,6,ROUTE DE CORBAS,0.0,0.0
201400034127,20,12,14,13,1,69,199,2,1,1,1,"14, RUE GIUSEPPE VERDI",0.0,0.0
201400034128,20,12,14,13,1,69,259,2,1,2,6,"103, AVENUE FRANCIS DE P",0.0,0.0
201400034129,18,12,14,21,5,69,259,2,2,9,3,"380, AVENUE CHARLES DE G",0.0,0.0
201400034130,18,12,14,10,1,69,259,2,1,3,6,"0, CHEMIN DE FEYZIN",0.0,0.0
201400034131,21,12,14,17,5,69,199,2,1,1,2,"0, BOULEVARD YVES FARGE",0.0,0.0
201400034132,23,12,14,7,2,69,259,2,1,5,6,"01, MARCEL CACHIN",0.0,0.0
201400034133,23,12,14,9,1,69,259,2,1,1,6,"0, AVENUE JULES GUESDE",0.0,0.0
201400034134,30,12,14,23,5,69,259,2,2,1,3,RUE VAILLANT COUTURIER,0.0,0.0
201400034135,7,1,14,11,1,69,264,2,1,1,3,HUGO  VICTOR  R,0.0,0.0
201400034136,24,1,14,9,1,69,13,1,3,3,3,JOUX (AVENUE DE),0.0,0.0
201400034137,28,1,14,8,1,69,264,2,2,1,3,"180, DECHAVANNE",0.0,0.0
201400034138,7,2,14,20,5,69,264,2,3,1,6,GRANGE BLAZET,0.0,0.0
201400034139,22,2,14,17,1,69,264,2,1,1,3,EUROPE L'  AV DE,0.0,0.0
201400034140,17,4,14,17,1,69,92,2,1,1,1,GRANDS MOULINS (CHEMIN D,0.0,0.0
201400034141,18,5,14,13,1,69,13,2,1,1,2,"1145, ROUTE NATIONALE 6",0.0,0.0
201400034142,22,5,14,10,1,69,92,2,3,1,2,"1, DEUX RUISSEAUX (RUE D",0.0,0.0
201400034143,30,5,14,21,2,69,264,2,1,1,5,"288, ANSE D'   R",0.0,0.0
201400034144,24,5,14,15,1,69,13,1,2,1,3,LONGSARD (ROUTE DE),0.0,0.0
201400034145,7,6,14,12,1,69,264,2,1,1,6,"38, VERDUN  RUE DE",0.0,0.0
201400034146,17,6,14,8,1,69,264,2,1,1,3,"264, RENAN ERNEST  R",0.0,0.0
201400034147,1,4,14,14,1,69,264,2,1,1,6,BERNAND ETIENNE  BD,0.0,0.0
201400034148,27,6,14,10,1,69,264,2,2,1,6,CONSTANTINE,0.0,0.0
201400034149,2,7,14,8,1,69,13,1,1,2,1,"1, ROUTE NATIONALE 6",0.0,0.0
201400034150,8,7,14,16,1,69,264,2,1,1,6,"142, VERDUN  RUE DE",0.0,0.0
201400034151,9,9,14,6,2,69,13,1,1,8,1,"850, SAINT JULIEN (ROUTE",0.0,0.0
201400034152,3,9,14,14,1,69,264,2,1,1,6,"10, GRANGE BLAZET",0.0,0.0
201400034153,1,10,14,19,2,69,264,2,2,1,6,LECLERC GENERAL  BD,0.0,0.0
201400034154,11,8,14,11,1,69,264,2,6,1,6,LECLERC GENERAL  BD,0.0,0.0
201400034155,18,10,14,20,5,69,264,2,2,1,1,GAMBETTA  BD,0.0,0.0
201400034156,11,10,14,16,1,69,264,2,1,1,6,FRANS ROUTE DE,0.0,0.0
201400034157,6,11,14,17,5,69,264,2,6,2,3,"1, CONDORCET  R",0.0,0.0
201400034158,5,11,14,13,1,69,264,2,1,9,3,VERDUN  RUE DE,0.0,0.0
201400034159,2,1,14,20,5,69,266,2,2,1,2,"0, RUE PIERRE LOUIS BERN",0.0,0.0
201400034160,6,1,14,19,5,69,266,2,1,1,6,"49, RUE FRANCIS DE PRESS",0.0,0.0
201400034161,8,1,14,18,5,69,266,2,1,1,6,"0, RUE DE LA LIGNE DE L",0.0,0.0
201400034162,9,1,14,8,1,69,266,2,1,1,6,"76, RUE DU 8 MAI 1945",0.0,0.0
201400034163,20,1,14,20,5,69,266,2,2,8,3,"0, COURS DOCTEUR JEAN DA",0.0,0.0
201400034164,22,1,14,21,5,69,266,2,4,1,3,"0, BOULEVARD LAURENT BON",0.0,0.0
201400034165,24,1,14,7,1,69,266,2,1,2,6,"9, RUE VICTOR HUGO",0.0,0.0
201400034166,1,2,14,13,1,69,266,2,4,2,6,"., PLACE JULES GRANDCLEM",0.0,0.0
201400034167,4,2,14,15,1,69,266,2,1,1,6,"170, AVENUE ROGER SALENG",0.0,0.0
201400034168,7,2,14,5,5,69,266,2,2,3,6,"., COURS TOLSTOI",0.0,0.0
201400034169,10,2,14,19,5,69,266,2,2,3,6,"174, AVENUE ROGER SALENG",0.0,0.0
201400034170,10,2,14,19,5,69,266,2,4,3,6,"271, ROUTE DE GENAS",0.0,0.0
201400034171,17,2,14,7,1,69,266,2,2,1,6,"., BOULEVARD DU 11 NOVEM",0.0,0.0
201400034172,24,2,14,12,1,69,266,2,1,1,6,"40, BOULEVARD DU 11 NOVE",0.0,0.0
201400034173,27,2,14,12,1,69,266,2,2,1,6,"., RUE DE FONTANIERES",0.0,0.0
201400034174,23,2,14,17,1,69,266,2,1,1,6,"223, AVENUE ROGER SALENG",0.0,0.0
201400034175,12,2,14,16,1,69,266,2,3,1,6,"., RUE MICHEL SERVET",0.0,0.0
201400034176,10,3,14,17,1,69,266,2,1,1,3,"329, COURS EMILE ZOLA",0.0,0.0
201400034177,23,3,14,14,1,69,266,2,3,1,6,"., RUE DU CANAL",0.0,0.0
201400034178,19,3,14,1,5,69,266,2,3,1,6,"71, ROUTE DE GENAS",0.0,0.0
201400034179,13,3,14,17,1,69,266,2,2,1,3,"0, RUE DE LA DOUA",0.0,0.0
201400034180,14,3,14,17,1,69,266,2,2,1,3,"210, RUE LEON BLUM",0.0,0.0
201400034181,22,3,14,20,5,69,266,2,2,1,6,"., RUE LAFONTAINE",0.0,0.0
201400034182,25,3,14,19,5,69,266,2,1,1,6,"107, RUE DU 8 MAI 1945",0.0,0.0
201400034183,27,3,14,17,1,69,266,2,2,1,6,"., AVENUE ROGER SALENGRO",0.0,0.0
201400034184,29,3,14,10,1,69,266,2,2,1,6,"., RUE D ALSACE",0.0,0.0
201400034185,1,4,14,18,1,69,266,2,1,1,6,"., RUE DU 4 AOUT 1789",0.0,0.0
201400034186,3,4,14,16,1,69,266,2,1,1,6,"60, RUE LAFONTAINE",0.0,0.0
201400034187,10,4,14,8,1,69,266,2,1,1,6,"265, RUE DU 4 AOUT 1789",0.0,0.0
201400034188,12,4,14,7,1,69,266,2,1,1,6,"20, RUE GABRIEL PERI",0.0,0.0
201400034189,15,4,14,7,1,69,266,2,6,1,3,"71, RUE FRANCIS DE PRESS",0.0,0.0
201400034190,15,4,14,22,5,69,266,2,1,1,6,"127, AVENUE ROGER SALENG",0.0,0.0
201400034191,14,4,14,18,1,69,266,2,2,1,6,"., COURS TOLSTOI",0.0,0.0
201400034192,15,4,14,12,1,69,266,2,1,1,6,"37, RUE GERVAIS BUSSIERE",0.0,0.0
201400034193,19,4,14,10,1,69,266,2,1,1,6,"84, RUE DU 4 AOUT 1789",0.0,0.0
201400034194,19,4,14,16,1,69,266,2,3,1,6,"89, COURS EMILE ZOLA",0.0,0.0
201400034195,20,4,14,7,1,69,266,2,1,1,2,"44, AVENUE ROGER SALENGR",0.0,0.0
201400034196,27,4,14,5,5,69,266,2,2,2,6,"., COURS EMILE ZOLA",0.0,0.0
201400034197,3,5,14,11,1,69,266,2,2,1,6,"., COURS TOLSTOI",0.0,0.0
201400034198,7,5,14,21,5,69,266,2,2,1,6,"., RUE DE L EPI DE BLE",0.0,0.0
201400034199,11,5,14,17,1,69,266,2,1,1,6,"7, BOULEVARD HONORE DE B",0.0,0.0
201400034200,15,5,14,11,1,69,266,2,1,1,6,"37, AVENUE GENERAL LECLE",0.0,0.0
201400034201,19,5,14,22,5,69,266,2,2,1,6,"40, RUE GEORGES COURTELI",0.0,0.0
201400034202,24,5,14,14,1,69,266,2,3,1,6,"., RUE VICTOR BASCH",0.0,0.0
201400034203,25,5,14,11,1,69,266,2,1,1,6,"295, RUE FRANCIS DE PRES",0.0,0.0
201400034204,29,5,14,16,1,69,266,2,1,1,6,"39 BIS, RUE DU 8 MAI 194",0.0,0.0
201400034205,29,5,14,17,1,69,266,2,3,1,3,"176, RUE DE LA POUDRETTE",0.0,0.0
201400034206,28,5,14,21,4,69,266,2,1,1,6,"54, BOULEVARD NIELS BOHR",0.0,0.0
201400034207,3,6,14,18,1,69,266,2,1,1,6,"34 BIS, RUE DE LA FEYSSI",0.0,0.0
201400034208,8,6,14,1,4,69,266,2,2,1,3,"0, COURS DE LA REPUBLIQU",0.0,0.0
201400034209,15,6,14,15,1,69,266,2,1,1,6,"1, RUE HENRI ROLLAND",0.0,0.0
201400034210,16,6,14,12,1,69,266,2,2,1,6,"45, AVENUE ROGER SALENGR",0.0,0.0
201400034211,16,6,14,16,1,69,266,2,3,7,3,"0, RUE JEAN JAURES",0.0,0.0
201400034212,20,6,14,14,1,69,266,2,2,1,3,"0, RUE EDOUARD AYNARD",0.0,0.0
201400034213,21,6,14,10,1,69,266,2,2,1,6,"0, BOULEVARD DU 11 NOVEM",0.0,0.0
201400034214,23,6,14,17,1,69,266,2,3,1,1,"93, RUE DU 4 AOUT 1789",0.0,0.0
201400034215,26,6,14,23,5,69,266,2,1,1,2,"0, PONT DE CUSSET",0.0,0.0
201400034216,28,6,14,13,1,69,266,2,3,1,3,"0, RUE VICTOR BASCH",0.0,0.0
201400034217,30,6,14,21,1,69,266,2,3,1,3,"0, RUE DE LA POUDRETTE",0.0,0.0
201400034218,1,7,14,18,1,69,266,2,1,1,6,"98, AVENUE ROGER SALENGR",0.0,0.0
201400034219,3,7,14,16,1,69,266,2,2,1,6,"., COURS EMILE ZOLA",0.0,0.0
201400034220,5,7,14,14,1,69,266,2,6,1,6,"., RUE DES CHARMETTES",0.0,0.0
201400034221,17,7,14,10,1,69,266,2,2,1,3,"0, RUE DEDIEU",0.0,0.0
201400034222,22,7,14,15,1,69,266,2,2,8,3,"0, BOULEVARD DU 11 NOVEM",0.0,0.0
201400034223,24,7,14,6,1,69,266,2,3,1,7,MONIN-BONNEVAY,0.0,0.0
201400034224,24,7,14,7,1,69,266,2,3,1,6,"168, AVENUE ROGER SALENG",0.0,0.0
201400034225,27,7,14,20,1,69,266,2,1,1,1,"34, RUE DU BEL AIR",0.0,0.0
201400034226,3,8,14,7,2,69,266,2,1,1,6,"29, RUE RACINE",0.0,0.0
201400034227,20,7,14,14,1,69,266,2,4,3,3,"0, RUE VICTOR BASCH",0.0,0.0
201400034228,11,8,14,18,1,69,266,2,1,1,6,"45, RUE LEON BLUM",0.0,0.0
201400034229,12,8,14,15,1,69,266,2,2,1,3,"0, RUE EDOUARD VAILLANT",0.0,0.0
201400034230,20,8,14,17,1,69,266,2,6,1,6,"face 1, RUE NICOLAS GARN",0.0,0.0
201400034231,28,8,14,16,1,69,266,2,2,1,3,"0, RUE DES ANTONINS",0.0,0.0
201400034232,23,8,14,22,5,69,266,2,2,1,6,"., RUE LOUIS BECKER",0.0,0.0
201400034233,26,8,14,11,1,69,266,2,3,1,3,"0, BOULEVARD DE LA BATAI",0.0,0.0
201400034234,27,8,14,10,1,69,266,2,2,1,6,"24, RUE ANTONIN PERRIN",0.0,0.0
201400034235,31,8,14,20,5,69,266,2,2,1,3,"0, RUE DES COQUELICOTS",0.0,0.0
201400034236,5,9,14,19,1,69,266,2,1,1,7,"0, RUE DU 4 SEPTEMBRE 17",0.0,0.0
201400034237,13,9,14,22,3,69,266,2,1,1,1,"0, PONT DE CROIX LUIZET",0.0,0.0
201400034238,6,9,14,10,1,69,266,2,1,1,4,"425, COURS EMILE ZOLA",0.0,0.0
201400034239,17,9,14,20,5,69,266,2,3,1,3,"0, RUE MELZET",0.0,0.0
201400034240,27,9,14,14,1,69,266,2,1,1,3,"243, COURS EMILE ZOLA",0.0,0.0
201400034241,29,9,14,22,5,69,266,2,2,1,3,"188, AVENUE ROGER SALENG",0.0,0.0
201400034242,24,9,14,20,5,69,266,2,1,2,3,"0, PONT RAYMOND POINCARE",0.0,0.0
201400034243,24,9,14,16,1,69,266,2,2,1,7,"0, COURS EMILE ZOLA",0.0,0.0
201400034244,3,10,14,17,1,69,266,2,3,1,4,"338, COURS EMILE ZOLA",0.0,0.0
201400034245,4,10,14,22,5,69,266,2,1,1,6,"3, AVENUE ALBERT EINSTEI",0.0,0.0
201400034246,7,10,14,15,1,69,266,2,2,2,3,"0, RUE PASCAL",0.0,0.0
201400034247,7,10,14,11,1,69,266,2,1,1,6,"169, COURS TOLSTOI",0.0,0.0
201400034248,6,10,14,17,1,69,266,2,1,1,6,"18, RUE PAUL VERLAINE",0.0,0.0
201400034249,10,10,14,1,5,69,266,2,1,3,6,"0, BOULEVARD LAURENT BON",0.0,0.0
201400034250,18,10,14,12,1,69,266,2,2,1,6,"211, COURS EMILE ZOLA",0.0,0.0
201400034251,19,10,14,13,1,69,266,2,1,1,6,"51, PLACE JULES GRANDCLE",0.0,0.0
201400034252,23,10,14,7,1,69,266,2,3,1,3,"0, RUE FRANCIS DE PRESSE",0.0,0.0
201400034253,23,10,14,14,1,69,266,2,2,1,3,"51, COURS EMILE ZOLA",0.0,0.0
201400034254,26,10,14,4,5,69,266,2,3,1,6,"., BOULEVARD DE LA BATAI",0.0,0.0
201400034255,8,10,14,19,5,69,266,2,1,1,2,28 AVENUE ROGER SALENGR,0.0,0.0
201400034256,23,10,14,10,1,69,266,2,1,1,6,"331, RUE FRANCIS DE PRES",0.0,0.0
201400034257,27,10,14,8,1,69,266,2,3,1,3,"0, RUE CHARRIN",0.0,0.0
201400034258,2,11,14,16,1,69,266,2,3,1,6,"., AVENUE MARCEL CERDAN",0.0,0.0
201400034259,15,3,14,21,5,69,266,2,2,1,3,"0, RUE LEON BLUM",0.0,0.0
201400034260,7,11,14,14,1,69,266,2,1,2,6,"63, AVENUE ROGER SALENGR",0.0,0.0
201400034261,10,11,14,9,1,69,266,2,1,2,6,"30, RUE GABRIEL PERI",0.0,0.0
201400034262,11,10,14,18,2,69,386,2,2,1,6,"., AVENUE VERGUIN",0.0,0.0
201400034263,12,11,14,15,1,69,266,2,6,2,6,"33, RUE FRANCIS DE PRESS",0.0,0.0
201400034264,15,11,14,16,1,69,266,2,3,1,3,"59, AVENUE GENERAL LECLE",0.0,0.0
201400034265,17,11,14,17,1,69,266,2,1,1,7,"0, RUE HENRI LEGAY",0.0,0.0
201400034266,12,11,14,16,2,69,266,2,2,8,6,"171, COURS EMILE ZOLA",0.0,0.0
201400034267,19,11,14,18,5,69,266,2,1,1,6,"169, COURS TOLSTOI",0.0,0.0
201400034268,21,11,14,16,1,69,266,2,3,1,6,"., COURS EMILE ZOLA",0.0,0.0
201400034269,25,11,14,10,1,69,29,2,2,1,3,"294, ROUTE DE GENAS",0.0,0.0
201400034270,1,12,14,17,5,69,266,2,1,1,6,"., PLACE DES MAISONS NEU",0.0,0.0
201400034271,2,12,14,17,5,69,266,2,1,1,6,"247, COURS EMILE ZOLA",0.0,0.0
201400034272,3,12,14,11,1,69,266,2,1,1,6,"247, COURS EMILE ZOLA",0.0,0.0
201400034273,2,12,14,18,5,69,266,2,6,2,6,"0, COURS ANDRE PHILIP",0.0,0.0
201400034274,7,12,14,18,3,69,266,2,2,8,6,"., RUE JEAN CLAUDE VIVAN",0.0,0.0
201400034275,28,11,14,13,1,69,266,2,1,1,6,COURS EMILE ZOLA,0.0,0.0
201400034276,8,12,14,19,5,69,266,2,1,1,6,"29, RUE DOCTEUR ROLLET",0.0,0.0
201400034277,9,12,14,9,1,69,266,2,1,1,3,"144, RUE LEON BLUM",0.0,0.0
201400034278,10,12,14,18,5,69,266,2,2,2,6,"0, AVENUE ROGER SALENGRO",0.0,0.0
201400034279,16,12,14,18,5,69,266,2,3,1,6,"17, COURS TOLSTOI",0.0,0.0
201400034280,17,12,14,16,1,69,266,2,1,3,6,BOULEVARD LAURENT BONNEV,0.0,0.0
201400034281,18,12,14,19,5,69,266,2,3,2,6,"., AVENUE AUGUSTE BLANQU",0.0,0.0
201400034282,17,12,14,18,5,69,266,2,2,3,6,"., RUE EMILE DECORPS",0.0,0.0
201400034283,15,12,14,17,4,69,266,2,1,1,6,"19, RUE POIZAT",0.0,0.0
201400034284,16,12,14,23,5,69,266,2,1,2,6,"427, COURS EMILE ZOLA",0.0,0.0
201400034285,27,12,14,19,5,69,266,2,2,1,6,"., AVENUE ROGER SALENGRO",0.0,0.0
201400034286,28,12,14,1,5,69,266,2,2,2,6,"., ALLEE DU RHONE",0.0,0.0
201400034287,17,12,14,22,5,69,266,2,1,3,3,"50, COURS DE LA REPUBLIQ",0.0,0.0
201400034288,6,1,14,15,1,69,275,2,3,1,1,"0, AVENUE BERNARD PALISS",0.0,0.0
201400034289,27,1,14,7,2,69,275,2,2,8,6,"., RUE RASPAIL",0.0,0.0
201400034290,31,1,14,19,5,69,275,2,1,1,6,"52, AVENUE JEAN JAURES",0.0,0.0
201400034291,11,2,14,21,5,69,275,2,6,1,6,"., AVENUE EDOUARD HERRIO",0.0,0.0
201400034292,24,3,14,16,1,69,275,2,1,8,6,"180, RUE EMILE ZOLA",0.0,0.0
201400034293,1,4,14,21,5,69,275,2,2,1,6,"., RUE DE LA FRATERNITE",0.0,0.0
201400034294,11,4,14,16,1,69,275,2,1,8,6,"55, RUE DE LA FRATERNITE",0.0,0.0
201400034295,14,4,14,9,1,69,275,2,1,1,6,"26, BOULEVARD CHARLES DE",0.0,0.0
201400034296,26,4,14,21,5,69,275,2,2,3,6,"1, AVENUE JEAN JAURES",0.0,0.0
201400034297,25,5,14,16,1,69,275,2,1,1,6,"0, CHEMIN DU MACHET",0.0,0.0
201400034298,8,6,14,3,5,69,275,2,1,1,6,"183, AVENUE FRANKLIN ROO",0.0,0.0
201400034299,25,6,14,16,1,69,275,2,1,1,6,"., RUE PAUL BERT",0.0,0.0
201400034300,5,7,14,18,1,69,275,2,2,1,6,RUE DE LA FRATERNITE,0.0,0.0
201400034301,22,8,14,16,1,69,275,2,3,1,6,"170, AVENUE JEAN JAURES",0.0,0.0
201400034302,1,10,14,7,1,69,275,2,1,1,3,"3, ROUTE DE JONAGE",0.0,0.0
201400034303,11,9,14,17,1,69,275,2,6,1,2,"0, BOULEVARD CHARLES DE",0.0,0.0
201400034304,2,10,14,10,1,69,275,2,4,1,1,"0, RUE EMILE BERTRAND",0.0,0.0
201400034305,9,10,14,14,1,69,275,2,1,1,3,"289, AVENUE JEAN JAURES",0.0,0.0
201400034306,5,11,14,13,1,69,275,2,1,2,6,"49, AVENUE FRANKLIN ROOS",0.0,0.0
201400034307,5,11,14,18,5,69,275,2,3,1,6,"0, AVENUE JEAN JAURES",0.0,0.0
201400034308,12,11,14,10,1,69,275,2,1,2,7,"108, RUE DE LA REPUBLIQU",0.0,0.0
201400034309,19,11,14,19,5,69,275,2,3,2,3,"61, RUE RASPAIL",0.0,0.0
201400034310,9,12,14,17,5,69,275,2,1,1,5,"39, RUE MARCEAU",0.0,0.0
201400034311,16,12,14,18,5,69,275,2,3,1,6,"16, AVENUE LOUISE MICHEL",0.0,0.0
201400034312,11,2,14,23,5,69,282,2,3,2,6,"., RUE DE LA REPUBLIQUE",0.0,0.0
201400034313,7,3,14,0,5,69,282,2,6,1,2,"., AVENUE DE VERDUN",0.0,0.0
201400034314,8,3,14,19,5,69,282,2,6,1,6,"., BOULEVARD PIERRE MEND",0.0,0.0
201400034315,26,5,14,13,1,69,282,2,3,1,6,"., CHEMIN DES TACHES",0.0,0.0
201400034316,28,5,14,20,1,69,282,2,2,1,6,"., AVENUE DE VERDUN",0.0,0.0
201400034317,5,11,14,11,1,69,282,2,3,2,6,"56, RUE DU 8 MAI 1945",0.0,0.0
201400034318,5,11,14,18,2,69,282,2,3,2,6,"16, AV DOCTEUR SCHWEI",0.0,0.0
201400034319,28,11,14,19,5,69,282,2,1,1,6,"0, AVENUE HECTOR BERLIOZ",0.0,0.0
201400034320,29,11,14,12,1,69,282,2,4,1,6,"3, RUE COSTE ET BELLONTE",0.0,0.0
201400034321,22,12,14,18,3,69,282,2,6,5,6,"., RUE DE LA REPUBLIQUE",0.0,0.0
201400034322,30,12,14,0,5,69,282,2,1,1,6,"8 ter, RUE DE LA REPUBLI",0.0,0.0
201400034323,4,2,14,17,5,69,286,2,3,2,3,AVENUE DE L HIPPODROME,0.0,0.0
201400034324,4,2,14,17,1,69,286,2,1,7,6,"66, AVENUE DE L EUROPE",0.0,0.0
201400034325,22,2,14,10,1,69,286,2,9,1,3,"74, ROUTE DE GENEVE",0.0,0.0
201400034326,26,2,14,8,1,69,286,1,1,3,3,ROUTE DE STRASBOURG,0.0,0.0
201400034327,29,3,14,17,1,69,286,2,1,1,2,"83, AVENUE DE L EUROPE",0.0,0.0
201400034328,7,4,14,13,1,69,286,2,1,1,2,"118, ROUTE DE GENEVE",0.0,0.0
201400034329,14,4,14,7,1,69,286,2,1,1,6,"840, ROUTE DU MAS RILLIE",0.0,0.0
201400034330,4,5,14,21,5,69,286,2,2,1,1,"191, RUE CAPITAINE JULIE",0.0,0.0
201400034331,9,7,14,17,1,69,286,2,1,1,2,"3070, ROUTE DE STRASBOUR",0.0,0.0
201400034332,20,5,14,18,1,69,286,2,1,1,3,"264, ROUTE DE STRASBOURG",0.0,0.0
201400034333,3,7,14,21,2,69,286,2,1,1,6,"1, CHEMIN DES MARTYRS",0.0,0.0
201400034334,1,6,14,12,1,69,286,2,1,1,4,"15, ROUTE DE STRASBOURG",0.0,0.0
201400034335,3,6,14,14,1,69,286,2,1,1,6,"58, AVENUE DE L EUROPE",0.0,0.0
201400034336,6,6,14,16,1,69,286,2,1,1,6,"24, ROUTE DE GENEVE",0.0,0.0
201400034337,21,6,14,9,1,69,286,2,1,1,2,"2133, ROUTE DE STRASBOUR",0.0,0.0
201400034338,23,6,14,13,1,69,286,2,1,1,2,"83, AVENUE DE L EUROPE",0.0,0.0
201400034339,17,7,14,7,1,69,286,1,3,7,3,"SANS, RUE MARYSE BASTIE",0.0,0.0
201400034340,31,7,14,17,1,69,286,2,1,1,6,"2179, AVENUE DE L EUROPE",0.0,0.0
201400034341,17,10,14,17,1,69,286,1,2,1,3,CHEMIN DE SATHONAY VILLA,0.0,0.0
201400034342,4,8,14,19,1,69,286,2,1,3,7,"130, AVENUE DE L INDUSTR",0.0,0.0
201400034343,7,8,14,8,1,69,286,2,1,1,3,"672, RUE DES MERCIERES",0.0,0.0
201400034344,8,8,14,9,1,69,286,2,1,1,1,"6, CHEMIN DES BORDUNES",0.0,0.0
201400034345,11,9,14,15,1,69,286,2,1,1,4,ROUTE DU MAS RILLIER,0.0,0.0
201400034346,6,11,14,8,1,69,286,2,1,1,3,ROUTE DE STRASBOURG,0.0,0.0
201400034347,26,10,14,8,1,69,286,2,1,1,6,"67, AVENUE DE L EUROPE",0.0,0.0
201400034348,22,12,14,19,3,69,286,2,1,5,6,MONTEE CASTELLANE,0.0,0.0
201400034349,23,12,14,10,1,69,286,2,1,1,4,RUE FLEURY SALIGNAT,0.0,0.0
201400034350,11,1,14,17,5,69,290,2,2,1,6,"52, RUE DU DAUPHINE",0.0,0.0
201400034351,12,1,14,1,3,69,290,2,1,1,6,CHEMIN DE SAINT BONNET D,0.0,0.0
201400034352,17,1,14,10,1,69,290,2,3,1,6,"0, RUE DE LA CORDIERE",0.0,0.0
201400034353,25,1,14,20,5,69,290,2,1,1,3,"42 bis, RUE HENRI MARECH",0.0,0.0
201400034354,3,2,14,7,1,69,290,2,1,1,6,"33/36, RUE DU LYONNAIS",0.0,0.0
201400034355,5,2,14,11,1,69,290,2,1,1,6,"60, RUE DE L EGALITE",0.0,0.0
201400034356,7,2,14,18,5,69,290,2,2,2,3,Boulevard  Berlie,0.0,0.0
201400034357,18,2,14,17,1,69,290,2,6,1,3,"183, ROUTE DE GRENOBLE",0.0,0.0
201400034358,19,2,14,14,1,69,290,2,2,1,6,"., RUE JULES FERRY",0.0,0.0
201400034359,1,3,14,9,1,69,290,2,1,2,6,"44, RUE ROBESPIERRE",0.0,0.0
201400034360,12,3,14,8,1,69,290,2,5,1,7,"., RUE DE L AVIATION",0.0,0.0
201400034361,8,3,14,19,5,69,290,2,1,1,6,"42, RUE HENRI MARECHAL",0.0,0.0
201400034362,1,4,14,10,1,69,290,1,1,1,6,"., RUE COLETTE",0.0,0.0
201400034363,14,4,14,18,1,69,290,2,1,1,6,"33-35, RUE HENRI MARECHA",0.0,0.0
201400034364,20,4,14,7,2,69,290,2,1,1,6,"92, ROUTE DE GRENOBLE",0.0,0.0
201400034365,22,4,14,18,1,69,290,2,1,1,6,"97, ALLEE ALEXANDRE BORO",0.0,0.0
201400034366,28,4,14,10,1,69,290,2,1,1,6,"16, AVENUE CHARLES DE GA",0.0,0.0
201400034367,30,4,14,15,1,69,290,2,2,1,3,"0, AVENUE HENRI GERMAIN",0.0,0.0
201400034368,18,5,14,18,1,69,290,2,2,1,6,"., AVENUE JEAN JAURES",0.0,0.0
201400034369,12,5,14,12,1,69,290,2,3,1,6,Boulevard  Berlie,0.0,0.0
201400034370,25,4,14,14,1,69,290,2,2,1,2,"0, RUE JEAN ZAY",0.0,0.0
201400034371,30,5,14,12,1,69,290,2,2,1,1,Boulevard Berlie,0.0,0.0
201400034372,19,5,14,18,1,69,290,2,1,1,6,"., RUE HENRI MARECHAL",0.0,0.0
201400034373,30,5,14,17,1,69,290,2,2,7,3,"0, CHEMIN DU LORTARET",0.0,0.0
201400034374,17,6,14,8,1,69,290,2,2,1,5,COURS DU TROISIEME MILLE,0.0,0.0
201400034375,21,6,14,4,5,69,290,2,1,1,6,"11, RUE DE L AVIATION",0.0,0.0
201400034376,22,6,14,13,1,69,290,2,2,1,3,"0, BOULEVARD DE LA PORTE",0.0,0.0
201400034377,1,7,14,20,1,69,290,2,2,1,1,"0, RUE DES PETROLES",0.0,0.0
201400034378,15,7,14,20,1,69,290,2,1,1,6,"., BOULEVARD ANDRE BOULL",0.0,0.0
201400034379,1,8,14,12,1,69,290,2,1,1,6,"40, ARISTIDE BRIAND (D 5",0.0,0.0
201400034380,5,8,14,19,1,69,290,2,1,1,6,"0, BOULEVARD ANDRE BOULL",0.0,0.0
201400034381,20,8,14,17,1,69,290,2,1,1,6,"51, ROUTE DE GRENOBLE",0.0,0.0
201400034382,28,8,14,10,1,69,290,2,2,1,3,"0, CHEMIN DE GENAS",0.0,0.0
201400034383,6,9,14,16,1,69,290,2,9,1,6,"0, RUE DE L AVIATION",0.0,0.0