Num_Acc,jour,mois,an,hr,condition_eclairage,departement,commune,condition_agglomeration,intersection,condition_atmosphere,type_collision,adresse,lattitude,longitude
201400034384,8,9,14,17,1,69,290,2,1,1,6,"45, AVENUE JEAN JAURES",0.0,0.0
201400034385,12,9,14,19,1,69,290,2,3,1,7,"2, RUE CALMETTE",0.0,0.0
201400034386,13,9,14,14,1,69,290,2,1,1,3,"42, RUE HENRI MARECHAL",0.0,0.0
201400034387,16,9,14,21,5,69,290,2,2,1,1,"0, BOULEVARD DE LA PORTE",0.0,0.0
201400034388,24,9,14,15,1,69,290,2,3,2,7,"36, RUE DES ETATS UNIS",0.0,0.0
201400034389,26,9,14,20,5,69,290,2,2,1,3,"Pkg Auchan, A BOULOCHE",0.0,0.0
201400034390,28,9,14,12,1,69,290,2,1,1,7,"13, MICHEL PETRUCCIANI",0.0,0.0
201400034391,4,10,14,22,5,69,290,2,1,1,3,"9, DAUPHINE (DU)",0.0,0.0
201400034392,2,10,14,21,5,69,290,2,1,1,7,"17, CORDIERE (DE LA)",0.0,0.0
201400034393,21,10,14,17,1,69,290,2,1,1,1,"74, GARIBALDI",0.0,0.0
201400034394,23,10,14,20,5,69,29,2,1,1,6,"., AVENUE DE L EUROPE",0.0,0.0
201400034395,27,10,14,8,1,69,290,2,2,1,3,"0, ROUTE DE GRENOBLE",0.0,0.0
201400034396,28,10,14,19,5,69,290,2,3,1,6,RUE LYON Cité Berliet,0.0,0.0
201400034397,5,11,14,23,5,69,290,2,1,8,5,"0, ROUTE DE LYON",0.0,0.0
201400034398,6,11,14,10,1,69,290,2,2,1,3,"0, RUE EDMOND ROSTAND",0.0,0.0
201400034399,7,11,14,6,5,69,290,2,1,1,1,"119, GRENOBLE (DE)  -  R",0.0,0.0
201400034400,7,11,14,11,1,69,290,2,1,1,2,"11, ARISTIDE BRIAND (D 5",0.0,0.0
201400034401,29,10,14,17,5,69,290,2,2,1,6,"., CHEMIN DE SAINT BONNE",0.0,0.0
201400034402,9,11,14,23,5,69,290,2,1,2,6,RUE DES PETROLES,0.0,0.0
201400034403,8,11,14,10,1,69,290,2,2,5,3,"0, BOULEVARD DE LA PORTE",0.0,0.0
201400034404,18,11,14,7,5,69,290,2,1,2,6,"5, EGALITE (DE L')",0.0,0.0
201400034405,8,12,14,17,5,69,283,2,1,2,6,"115, HEYRIEUX (D')",0.0,0.0
201400034406,10,12,14,8,1,69,290,2,2,1,3,"., AVIATION (DE L')",0.0,0.0
201400034407,18,12,14,17,4,69,290,2,1,2,6,"211, ROUTE DE GRENOBLE",0.0,0.0
201400034408,20,12,14,0,5,69,290,2,2,2,3,"0, RUE ALFRED DE VIGNY",0.0,0.0
201400034409,15,4,14,7,2,70,285,1,1,7,4,CD 438,0.0,0.0
201400034410,12,8,14,17,1,70,285,2,3,1,2,30 fbg de Belfort,0.0,0.0
201400034411,14,10,14,19,5,70,285,2,1,1,1,MONT VAUDOIS (RUE DU),0.0,0.0
201400034412,18,10,14,18,2,70,285,2,6,1,6,"1, MONT VAUDOIS (RUE DU)",0.0,0.0
201400034413,11,12,14,6,5,70,285,2,3,2,1,"54, MONTBELIARD (FAUBOUR",0.0,0.0
201400034414,4,1,14,12,1,70,550,2,1,1,1,rue Jacques Terrier,0.0,0.0
201400034415,6,1,14,15,1,70,550,2,3,1,3,"10, SAINT LOUP (RUE DE)",0.0,0.0
201400034416,15,1,14,15,1,70,550,2,1,1,7,COMMERCE (PLACE DU),0.0,0.0
201400034417,17,1,14,7,5,70,550,2,1,2,6,Quai Yves Barbier,0.0,0.0
201400034418,17,1,14,19,5,70,550,2,6,1,3,rue Grosjean,0.0,0.0
201400034419,27,1,14,7,5,70,550,1,6,2,3,,0.0,0.0
201400034420,11,2,14,12,1,70,550,2,3,1,6,BARBIER (QUAI YVES),0.0,0.0
201400034421,18,2,14,17,1,70,550,1,1,1,4,ROCADE OUEST - RD 457,0.0,0.0
201400034422,28,2,14,18,2,70,550,2,1,1,2,ROCADE OUEST - RD 457,0.0,0.0
201400034423,24,2,14,15,1,70,550,2,1,1,7,RUE EDOUARD BELIN,0.0,0.0
201400034424,10,3,14,9,1,70,513,2,6,1,3,RIVES DU LAC (AVENUE DES,0.0,0.0
201400034425,5,4,14,22,5,70,550,2,1,1,3,rue Dr Courvoisier,0.0,0.0
201400034426,11,4,14,13,1,70,550,2,1,1,3,Maison des Agriculteurs,0.0,0.0
201400034427,19,5,14,12,1,70,388,1,1,1,3,RUE DE LA VAIVRE,0.0,0.0
201400034428,25,5,14,7,2,70,550,2,1,1,6,"16, RENET (PLACE PIERRE)",0.0,0.0
201400034429,27,5,14,19,1,70,550,2,3,1,3,TERRIER (RUE JACQUES),0.0,0.0
201400034430,23,6,14,13,1,70,550,2,1,1,2,"29, MUENIER (RUE )",0.0,0.0
201400034431,17,7,14,9,1,70,207,2,1,1,3,"96, HUGO (AVENUE VICTOR)",0.0,0.0
201400034432,20,7,14,11,1,70,550,2,1,1,7,"17, SAINT GEORGES (RUE)",0.0,0.0
201400034433,14,8,14,15,1,70,550,2,1,3,3,rue Victor Dolle,0.0,0.0
201400034434,21,9,14,6,5,70,388,2,1,2,1,RD13,0.0,0.0
201400034435,20,10,14,19,5,70,261,1,1,3,1,ROZARD (RUE MARCEL ),0.0,0.0
201400034436,22,10,14,11,1,70,513,2,1,1,1,"14, PEUPLIERS (RUE DES)",0.0,0.0
201400034437,7,11,14,17,5,70,550,2,1,1,6,"21, ALLIES (BOULEVARD DE",0.0,0.0
201400034438,3,12,14,7,2,70,513,2,1,1,7,BREUIL (AVENUE DU),0.0,0.0
201400034439,18,12,14,7,2,70,550,2,1,2,6,"15, RENET (PLACE PIERRE)",0.0,0.0
201400034440,3,1,14,10,1,71,76,2,1,1,6,3 rue A DE  MUSSET,46.80935,4.84272
201400034441,8,1,14,18,5,71,445,2,1,1,6,14 rue RENE CASSIN,46.77251,4.86858
201400034442,14,1,14,19,5,71,76,2,1,1,6,1 avenue de VERDUN,46.7767,4.85467
201400034443,11,1,14,14,1,71,76,2,9,1,3,avenue de  PARIS,46.79174,4.84968
201400034444,3,2,14,17,1,71,475,2,1,1,6,rue PIERRE MENDES FRANCE,46.76923,4.82673
201400034445,9,2,14,19,3,71,445,1,1,1,1,RD673,46.78502,4.90862
201400034446,9,2,14,18,2,71,76,2,1,6,3,AVENUE KENNEDY,46.80258,4.86134
201400034447,4,3,14,16,1,71,118,2,1,1,6,32 bis GENERAL DE GAULL,46.79514,4.81596
201400034448,16,3,14,17,1,71,76,2,9,1,3,quai SAINTE MARIE,46.78251,4.86241
201400034449,17,3,14,19,2,71,76,2,1,1,2,avenue PONT DE BOURGOGNE,46.78672,4.86683
201400034450,1,4,14,14,1,71,118,2,1,1,6,rue CONDORCET,46.79662,4.81104
201400034451,2,4,14,14,1,71,76,2,1,1,6,rue des SENTIERS,46.79837,4.85556
201400034452,8,4,14,19,1,71,475,1,9,1,3,RD673,0.0,0.0
201400034453,15,4,14,10,1,71,76,2,9,1,6,"24, MOULIN (RUE JEAN )",0.0,0.0
201400034454,16,4,14,9,1,71,445,2,4,1,3,"2, VARENNE (RUE DE LA)",0.0,0.0
201400034455,14,5,14,18,1,71,475,2,1,8,1,11 RUE DE LA  ROSERAIE,46.76772,4.82139
201400034456,15,5,14,15,1,71,76,2,9,1,6,RUE CAPITAINE DRILLIEN,46.77496,4.83686
201400034457,4,6,14,9,1,71,445,1,1,2,6,,0.0,0.0
201400034458,25,6,14,8,1,71,445,2,1,1,4,RD673,0.0,0.0
201400034459,26,6,14,21,1,71,76,2,3,1,3,LEDRU ROLLIN,46.7895,4.8341
201400034460,4,6,14,10,1,71,76,2,1,2,6,2 rue O MESSIAEN,46.77957,4.8468
201400034461,17,7,14,19,1,71,76,2,3,1,4,18 QUAI MESSAGERIES,46.7804,4.85668
201400034462,18,7,14,13,1,71,76,2,1,1,6,10 RUE JEAN MOULIN,46.78381,4.84682
201400034463,25,7,14,17,1,71,76,2,6,1,3,1 rue louis  THENARD,46.81031,4.85373
201400034464,23,7,14,18,1,71,76,2,1,1,6,AVENUE MONNOT,0.0,0.0
201400034465,22,8,14,10,1,71,76,2,1,1,6,AVENUE BOUCICAUT,46.78593,4.84119
201400034466,1,9,14,19,1,71,76,2,1,1,6,14 QUAI DES  MESSAGERIES,46.78041,4.85675
201400034467,6,9,14,19,1,71,76,2,1,1,1,30A PAUL ELUARD,46.80013,4.86339
201400034468,11,9,14,17,1,71,76,2,9,1,3,avenue de  PARIS,0.0,0.0
201400034469,23,9,14,18,1,71,76,2,1,1,3,rue de l ALMA,46.77735,4.84778
201400034470,8,10,14,15,1,71,76,2,1,1,2,68 AVENUE DE PARIS,46.79139,4.84977
201400034471,11,10,14,1,5,71,76,2,2,2,6,quai SAINT COSME,46.7781,4.85119
201400034472,11,10,14,14,1,71,445,2,1,1,6,9 GRANDE RUE,46.77608,4.88741
201400034473,23,10,14,21,3,71,445,1,1,2,6,RD 978 B,46.7615,4.87785
201400034474,24,10,14,16,1,71,475,2,1,1,2,route de LYON,46.76301,4.84254
201400034475,24,10,14,18,5,71,445,2,1,1,5,19 GRANDE RUE,46.77603,4.88792
201400034476,15,10,14,17,1,71,445,2,1,1,6,49 GRANDE RUE,46.77567,4.88974
201400034477,21,11,14,9,1,71,475,2,3,1,6,42 ROUTE DE GIVRY,46.77398,4.82576
201400034478,27,11,14,9,1,71,76,2,1,2,6,44 avenue NIEPCE,46.78005,4.84914
201400034479,5,12,14,20,5,71,76,2,1,1,1,avenue KENNEDY,0.0,0.0
201400034480,27,12,14,15,1,71,76,2,1,1,6,11 chemin de  COUDRE,46.79971,4.84947
201400034481,3,1,14,11,1,71,153,2,1,2,6,BOULEVARD SAINT ANTOINE,0.0,0.0
201400034482,4,2,14,13,1,71,153,2,2,1,6,rue PRESIDENT WILSON,46.79638,4.42919
201400034483,4,2,14,13,1,71,153,2,9,1,6,boulevard SCHNEIDER,46.80604,4.42796
201400034484,12,3,14,15,1,71,153,2,9,1,1,rue de YOUGOSLAVIE,0.0,0.0
201400034485,1,4,14,9,1,71,153,2,1,1,6,"26, MONTCENIS (ROUTE DE)",0.0,0.0
201400034486,30,4,14,17,1,71,59,2,9,1,6,route de COUCHES,0.0,0.0
201400034487,24,8,14,17,1,71,153,2,1,1,6,RUE CHAPTAL,46.81161,4.42517
201400034488,7,9,14,8,3,71,309,2,1,1,6,LES MINOTS,0.0,0.0
201400034489,12,9,14,12,1,71,153,2,9,1,6,boulevard SCHNEIDER,0.0,0.0
201400034490,17,11,14,7,1,71,540,1,9,2,6,hauteur RN 80,0.0,0.0
201400034491,9,12,14,19,5,71,153,2,1,1,2,RUE MARECHAL FOCH,0.0,0.0
201400034492,6,1,14,7,2,71,270,2,1,1,3,1 rue de  NORMANDIE,46.32031,4.83155
201400034493,8,2,14,21,5,71,270,2,2,1,5,quai lamartine,0.0,0.0
201400034494,15,2,14,11,1,71,270,2,2,1,3,route de la grande charr,46.27805,4.77667
201400034495,23,2,14,16,1,71,105,2,2,1,3,rue du  LAVOIR,46.30759,4.81778
201400034496,28,3,14,19,5,71,270,2,1,1,6,rue marechal JUIN,46.32015,4.83511
201400034497,31,3,14,11,1,71,270,1,1,1,3,place  SAINT-PIERRE,46.30406,4.83127
201400034498,15,4,14,17,1,71,270,2,1,1,6,GAMBETTA (RUE),0.0,0.0
201400034499,1,5,14,23,5,71,270,2,1,2,6,Carrefour MENDES FRANCE,46.29013,4.81311
201400034500,5,5,14,17,1,71,270,2,1,1,6,GILLETS  SENNECE,46.35592,4.83572
201400034501,20,7,14,20,2,71,497,2,6,2,6,BD GENERAL DE GAULLE,0.0,0.0
201400034502,4,8,14,22,5,71,270,1,6,1,1,Rue des Grands Crus,46.28468,4.7814
201400034503,14,8,14,14,1,71,270,2,1,1,3,1RUE DE  SANCE,0.0,0.0
201400034504,8,9,14,17,1,71,270,2,6,1,3,1 Rue de la Rocade,46.31925,4.81441
201400034505,20,9,14,20,3,71,105,2,1,1,6,ROUTE DE DAVAYE,0.0,0.0
201400034506,12,10,14,3,5,71,270,2,1,1,6,1rue  KILOMETRE 400,46.32826,4.84309
201400034507,25,10,14,2,5,71,270,2,1,1,6,90 rue de STRASBOURG,46.30737,4.8357
201400034508,24,10,14,9,1,71,270,2,1,1,6,1avenue de la GARE,46.30301,4.82555
201400034509,29,11,14,19,5,71,497,2,1,8,3,BD GENERAL DE GAULLE,0.0,0.0
201400034510,6,12,14,21,3,71,497,1,1,1,3,,0.0,0.0
201400034511,7,3,14,15,1,71,40,1,1,1,5,RN 70,0.0,0.0
201400034512,15,3,14,16,1,71,306,2,1,1,3,94 quai JULES CHAGOT,46.66953,4.3559
201400034513,7,6,14,10,1,71,306,2,1,1,3,53 rue BEAUBERNARD,46.66965,4.36654
201400034514,17,6,14,18,1,71,486,2,5,1,1,rue VICTOR HUGO,0.0,0.0
201400034515,26,6,14,18,1,71,306,2,1,1,6,1ave MARECHAL LECLERC,0.0,0.0
201400034516,29,6,14,16,1,71,40,1,1,1,1,RN 70,46.7011,4.39377
201400034517,2,7,14,16,1,71,306,2,1,1,7,5  DE LATTRE DE TASSIGNY,46.67725,4.36881
201400034518,23,9,14,16,1,71,306,2,1,1,6,Avenue des  ALOUETTES,46.68126,4.36348
201400034519,9,10,14,7,2,71,40,1,1,1,1,RN 70,0.0,0.0
201400034520,2,11,14,5,5,71,306,2,1,1,7,10 rue de la  COUDRAIE,46.69092,4.35474
201400034521,1,11,14,17,1,71,306,2,1,7,6,avenue MARECHAL LECLERC,0.0,0.0
201400034522,8,11,14,6,4,71,306,2,1,1,7,1 RUE DE  BEL AIR,46.67607,4.36952
201400034523,7,11,14,15,1,71,306,2,1,1,6,rue jean bouveri,46.6716,4.36462
201400034524,16,1,14,23,5,72,181,2,2,1,3,DEMORIEUX ENTRE PT CHEM,0.0,0.0
201400034525,28,1,14,18,5,72,181,2,1,2,7,Robert Jarry (Bd),0.0,0.0
201400034526,4,2,14,8,1,72,181,1,1,1,1,LAVAL (RTE DE) PAIRS,48.01743,0.14158
201400034527,2,3,14,4,5,72,181,2,1,1,2,"198, DEMORIEUX ENTRE PT",0.0,0.0
201400034528,20,3,14,14,1,72,181,2,1,1,6,"142, DURAND GEORGES (AV)",0.0,0.0
201400034529,29,3,14,12,1,72,3,2,1,1,3,RATERIE (RUE DE LA),0.0,0.0
201400034530,4,4,14,5,5,72,181,2,1,1,6,MITTERAND FRANCOIS (AV),0.0,0.0
201400034531,5,5,14,17,1,72,181,2,2,1,3,LIBOISNE (RUE DE),0.0,0.0
201400034532,31,5,14,13,1,72,181,2,1,1,2,GLONNIERES (BD)  IMP,0.0,0.0
201400034533,22,5,14,6,2,72,181,2,1,2,3,GENESLAY FELIX (AV) N? I,0.0,0.0
201400034534,14,6,14,12,1,72,181,2,6,1,3,2 LEFAUCHEUX PIERRE (BD,0.0,0.0
201400034535,12,6,14,10,1,72,181,2,1,1,6,LOUIS BLANC (QUAI),0.0,0.0
201400034536,16,6,14,21,1,72,181,2,1,7,2,3  ETAMINES (RUE DES),0.0,0.0
201400034537,27,6,14,11,1,72,181,2,1,1,6,12  REPUBLIQUE (PL)  1,0.0,0.0
201400034538,13,9,14,1,5,72,181,2,2,1,3,ESTIENNE D'ORVES (BD D'),0.0,0.0
201400034539,25,9,14,13,1,72,181,2,1,1,5,PAPIN DENIS (RUE),0.0,0.0
201400034540,12,10,14,20,5,72,181,2,1,2,6,"8, BOUSSINIERE ED (PL DE",0.0,0.0
201400034541,18,10,14,14,1,72,181,2,2,1,3,LEFAUCHEUX PIERRE (BD),0.0,0.0
201400034542,15,11,14,5,5,72,181,2,1,1,6,CONSTANTINE (RUE DE),0.0,0.0
201400034543,8,3,14,12,1,73,8,2,2,1,3,ROOSEVELT FRANKLIN AVENU,45.7058,5.9108
201400034544,4,3,14,11,1,73,8,2,6,1,6,Boulevard Wilson,45.69,5.9094
201400034545,8,4,14,13,1,73,8,2,3,1,3,GAULLE GENERAL DE AVENUE,45.6879,5.9125
201400034546,20,3,14,16,1,73,8,2,1,1,6,"13, MOLLEX GASTON BOULEV",45.7162,5.8878
201400034547,30,4,14,10,1,73,8,2,1,1,6,"9, MOULIN JEAN SQUARE",45.6882,5.9146
201400034548,4,7,14,18,1,73,8,2,9,2,7,ROCHE DU ROI BOULEVARD D,45.681,5.9128
201400034549,19,7,14,16,1,73,8,2,1,1,7,BAYE CHEMIN DE LA,45.706,5.9254
201400034550,25,11,14,17,5,73,8,2,1,1,3,"200, SIMOND ST AVENUE",45.7121,5.9186
201400034551,18,11,14,19,5,73,8,2,1,3,6,LATTRE DE TASSIGNY AVENU,45.6949,5.905
201400034552,27,3,14,7,1,73,11,2,3,1,3,"265, CHARRETTE (CHEMIN D",45.6624,6.3656
201400034553,15,4,14,12,1,73,11,2,2,1,1,"21, CHAUTEMPS (RUE FELIX",45.6743,6.3883
201400034554,23,10,14,16,1,73,11,1,1,1,2,R.N. 90 DE PT PIERRE DU,0.0,0.0
201400034555,5,12,14,17,5,73,11,2,9,1,5,"48, CHASSEURS ALPINS (AV",45.67055,6.39127
201400034556,9,1,14,18,5,73,65,2,2,1,3,LYON (AVENUE DE),45.5629,5.9081
201400034557,18,1,14,9,1,73,65,2,1,1,6,LEMENC (BOULEVARD),45.5696,5.9224
201400034558,14,2,14,19,5,73,31,2,1,1,2,TURIN (AVENUE DE),45.5713,5.9404
201400034559,25,3,14,13,1,73,31,2,6,1,6,Gonrat (Chemin),45.5742,5.937
201400034560,7,4,14,9,1,73,65,2,1,1,3,REPOS (AVENUE DU),45.5749,5.9064
201400034561,13,5,14,16,1,73,65,1,1,8,1,MENDES FRANCE PIERRE(AVE,45.5929,5.9138
201400034562,25,5,14,12,1,73,65,2,1,1,6,"260, FERHAT ET FOURMI (R",45.6007,5.9177
201400034563,11,6,14,14,1,73,65,2,4,1,3,MACHE (FAUBOURG),45.5629,5.9082
201400034564,30,6,14,17,1,73,65,2,3,1,6,"118, BIOLLAY (CHEMIN DU)",45.5629,5.9082
201400034565,21,6,14,16,1,73,65,2,2,1,3,LARZAC (RUE DU),45.5997,5.9162
201400034566,15,7,14,12,1,73,65,2,1,1,6,LYON (AVENUE DE),45.5638,5.9147
201400034567,19,7,14,16,1,73,65,2,3,1,1,"1, MICHAUD (RUE), JACQUE",45.5626,5.9251
201400034568,18,7,14,18,1,73,65,2,1,1,3,ONZE NOVEMBRE ( QUAI DU),45.5676,5.9377
201400034569,29,7,14,18,1,73,65,2,1,3,1,LYON (AVENUE DE),0.0,0.0
201400034570,1,11,14,21,5,73,65,2,6,1,1,Route de la Labiaz,45.5687,5.8923
201400034571,3,11,14,11,1,73,65,2,1,1,1,LANDIERS (AVENUE DES),45.59887,5.89461
201400034572,21,11,14,17,5,73,222,2,6,1,6,EPINE (AVENUE DE L'),45.57986,5.92256
201400034573,13,12,14,16,2,73,65,1,1,1,4,VOIE RAPIDE URBAINE,45.58994,5.89975
201400034574,8,1,14,13,1,74,10,2,1,1,3,BOULEVARD DU FIER,0.0,0.0
201400034575,17,1,14,9,1,74,10,2,1,1,6,2 AVENUE DE  BROGNY,0.0,0.0
201400034576,23,1,14,12,1,74,10,2,1,2,6,37 AVENUE DE NOVEL,0.0,0.0
201400034577,24,1,14,22,5,74,10,2,6,1,2,AVENUE DE GENEVE/ROCADE,0.0,0.0
201400034578,2,2,14,17,2,74,10,1,6,1,6,ROUTE DE VOVRAY,0.0,0.0
201400034579,7,2,14,18,5,74,10,2,3,3,6,AVENUE DE FRANCE/THONES,0.0,0.0
201400034580,12,2,14,20,5,74,10,2,2,1,2,BOULEVARD DE LA ROCADE,0.0,0.0
201400034581,13,2,14,3,5,74,10,2,6,3,6,BOULEVARD DU LYCEE,0.0,0.0
201400034582,27,2,14,19,5,74,10,2,1,2,6,7 BOULEVARD DU LYCEE,0.0,0.0
201400034583,28,2,14,9,1,74,10,2,6,1,6,AVENUE DU BEL AIR,0.0,0.0
201400034584,8,3,14,16,1,74,10,2,1,1,6,RUE  VAUGELAS,0.0,0.0
201400034585,8,3,14,9,1,74,93,2,1,1,6,"3, PIERRE MENDES-FRANCE",0.0,0.0
201400034586,11,3,14,16,1,74,10,2,6,1,6,17 AV DES MARQUISATS,0.0,0.0
201400034587,31,3,14,10,1,74,10,2,1,1,6,11 CHEMIN CRET DU MAURE,0.0,0.0
201400034588,9,4,14,8,1,74,93,2,6,1,3,.ROUTE DE CHEVENNES,0.0,0.0
201400034589,7,4,14,9,1,74,93,1,1,1,2,VRU RD 3508,0.0,0.0
201400034590,15,4,14,10,1,74,93,2,6,1,3,AVENUE DE LA REPUBLIQUE,0.0,0.0
201400034591,17,4,14,18,1,74,10,2,6,1,1,AVENUE DE CRAN,0.0,0.0
201400034592,24,4,14,19,1,74,10,2,4,2,6,RUE SOMMEILLER,0.0,0.0
201400034593,24,4,14,17,1,74,10,2,1,1,6,AVENUE DES  MARQUISATS,0.0,0.0
201400034594,3,5,14,11,1,74,93,2,6,1,6,CHEVENNES/HARMONIES,0.0,0.0
201400034595,6,5,14,19,1,74,10,2,1,2,3,"34, LOVERCHY (CIMETIERE)",0.0,0.0
201400034596,19,5,14,17,1,74,10,2,1,1,6,"21, BD DE LA ROCADE",0.0,0.0
201400034597,26,5,14,20,2,74,10,2,6,1,6,AVENUE DU RHONE,0.0,0.0
201400034598,29,5,14,20,1,74,10,2,1,1,6,"45,ROUTE DE VOVRAY",0.0,0.0
201400034599,30,5,14,12,1,74,10,2,6,1,6,AV GAMBETTA/ PLAINE,0.0,0.0
201400034600,11,6,14,10,1,74,10,2,1,1,6,"9, BOULEVARD DECOUX",0.0,0.0
201400034601,11,6,14,11,1,74,10,2,3,1,6,RUE DES ARAVIS,0.0,0.0
201400034602,18,6,14,15,1,74,10,2,1,1,6,AV DU RHONE,0.0,0.0
201400034603,22,6,14,18,1,74,10,2,1,1,6,"27, AVENUE D'ALBIGNY",0.0,0.0
201400034604,23,6,14,6,1,74,10,1,1,1,1,VOIE RAPIDE PRINGY,0.0,0.0
201400034605,30,6,14,22,2,74,10,2,1,1,3,"76, AVENUE DE BROGNY",0.0,0.0
201400034606,17,7,14,17,1,74,10,2,1,1,3,"87, BOULEVARD DU FIER",0.0,0.0
201400034607,25,7,14,17,1,74,10,2,1,1,6,"109, AVENUE DE  GENEVE",0.0,0.0
201400034608,29,7,14,13,1,74,10,2,2,2,6,RUE SOMMEILLER,0.0,0.0
201400034609,31,7,14,8,1,74,10,2,1,1,1,"6, AVENUE DE CHAMBERY",0.0,0.0
201400034610,3,8,14,0,5,74,10,2,1,3,6,"7, AVENUE D'ALBIGNY",0.0,0.0
201400034611,8,8,14,15,1,74,93,2,9,1,6,"12, AVENUE DE  GEVRIER",0.0,0.0
201400034612,20,8,14,12,1,74,10,2,1,1,6,AVENUE DE CHEVESNES,0.0,0.0
201400034613,9,9,14,10,1,74,10,1,1,1,5,"46, BD DE LA ROCADE",0.0,0.0
201400034614,10,10,14,8,1,74,93,1,6,2,7,ROUTE DES CREUSES,0.0,0.0
201400034615,10,10,14,8,2,74,10,2,1,2,6,"134, AVENUE DE GENEVE",0.0,0.0
201400034616,11,10,14,11,1,74,10,2,3,2,3,AVENUE DE GENEVE,0.0,0.0
201400034617,14,10,14,15,1,74,93,2,3,1,6,9 AV. DE LA REPUBLIQUE,0.0,0.0
201400034618,28,10,14,22,5,74,10,2,3,1,3,1  BD DU FIER,0.0,0.0
201400034619,8,11,14,20,5,74,10,2,1,1,7,44 AVENUE DE GENEVE,0.0,0.0
201400034620,18,11,14,17,5,74,10,2,1,1,6,"2, AVENUE DE  BROGNY",0.0,0.0
201400034621,21,11,14,18,5,74,10,2,3,1,3,"11, AVENUE D'ALBIGNY",0.0,0.0
201400034622,11,12,14,17,3,74,93,2,1,2,6,ROUTE D'AIX LES BAINS,0.0,0.0
201400034623,19,12,14,16,1,74,93,2,1,1,6,AVENUE DE  GEVRIER,0.0,0.0
201400034624,29,12,14,17,5,74,10,2,3,4,6,RUE DE LA POSTE,0.0,0.0
201400034625,17,1,14,6,5,74,12,2,1,3,6,RUE DE ROMAGNY,0.0,0.0
201400034626,11,2,14,11,1,74,12,2,2,1,6,RUE DU FOSSARD,0.0,0.0
201400034627,15,3,14,14,1,74,12,2,1,1,3,"49, RUE DE ROMAGNY",0.0,0.0
201400034628,15,3,14,14,1,74,305,2,1,1,7,14 RUE DES VOIRONS,0.0,0.0
201400034629,11,4,14,20,3,74,133,2,1,1,6,RUE DE L'INDUSTRIE,0.0,0.0
201400034630,14,4,14,17,1,74,8,2,3,1,6,AVENUE DE GENEVE,0.0,0.0
201400034631,16,4,14,10,1,74,12,2,1,1,3,"26, AVENUE DU LEMAN",0.0,0.0
201400034632,16,4,14,15,1,74,12,2,1,1,6,12 AV CHARLES DE GAULLE,0.0,0.0
201400034633,24,4,14,7,1,74,12,2,1,1,6,"16, RUE DU BEULET",0.0,0.0
201400034634,18,5,14,10,1,74,305,2,1,1,6,"24, RUE ALBERT HENON",0.0,0.0
201400034635,18,6,14,6,1,74,12,2,3,1,3,QUAI D'ARVE/RUE  JARDINS,0.0,0.0
201400034636,7,7,14,21,5,74,118,1,1,3,3,"2, RUE DU 18 AOUT",0.0,0.0
201400034637,1,8,14,16,1,74,12,2,1,1,6,RUE DE GENEVE,0.0,0.0
201400034638,1,9,14,3,5,74,12,2,1,2,6,"02,AVENUE DE L' EUROPE",0.0,0.0
201400034639,29,8,14,11,1,74,12,2,3,1,6,AVENUE DU LEMAN,0.0,0.0
201400034640,3,9,14,9,1,74,133,2,1,1,3,RUE DE GENEVE,0.0,0.0
201400034641,16,9,14,16,1,74,305,2,1,1,6,RUE DU SOLEIL LEVANT,0.0,0.0
201400034642,17,9,14,16,1,74,12,2,1,1,3,"02,AVENUE DE L' EUROPE",0.0,0.0
201400034643,11,9,14,15,1,74,12,2,6,1,3,ROUTE DES VALLEES,0.0,0.0
201400034644,25,9,14,9,1,74,305,2,3,1,6,RUE ALBERT HENON,0.0,0.0
201400034645,1,9,14,15,1,74,8,2,1,1,5,RUE DE GENEVE,0.0,0.0
201400034646,23,9,14,7,1,74,12,2,3,7,6,"35, RUE DE GENEVE",0.0,0.0
201400034647,19,10,14,5,3,74,118,2,1,1,7,CHEMIN CRET DE LA CROIX,0.0,0.0
201400034648,26,10,14,13,1,74,12,2,1,1,3,"23, ROUTE D'ETREMBIERES",0.0,0.0
201400034649,27,11,14,20,5,74,12,2,3,1,3,AV CHARLES DE GAULLE,0.0,0.0
201400034650,26,11,14,16,2,74,12,2,2,1,3,AVENUE JULES FERRY,0.0,0.0
201400034651,9,12,14,9,1,74,12,2,3,9,3,QUAI D'ARVE/AV BROUAZ,0.0,0.0
201400034652,7,1,14,14,1,74,281,2,3,7,6,RUE DU PAMPHIOT,0.0,0.0
201400034653,7,1,14,16,1,74,281,2,3,1,3,"9, BD GEORGES ANDRIER",0.0,0.0
201400034654,31,1,14,18,5,74,218,2,1,1,6,"285,AVENUE DE LA  RIVE",0.0,0.0
201400034655,19,2,14,7,5,74,119,2,1,1,6,QUAI PAUL LEGER,0.0,0.0
201400034656,9,3,14,18,5,74,200,2,1,1,3,"1427, AVENUE DE MILLY",0.0,0.0
201400034657,17,3,14,23,5,74,200,2,1,1,6,"1811,AVENUE DE  MILLY",0.0,0.0
201400034658,28,3,14,9,1,74,200,2,1,1,6,1331 AVENUE D' ABONDANCE,0.0,0.0
201400034659,17,4,14,13,1,74,281,2,1,1,6,AVENUE JULES FERRY,0.0,0.0
201400034660,28,4,14,15,1,74,281,2,1,2,3,ROUTE DE VONGY,0.0,0.0
201400034661,11,5,14,15,1,74,281,2,1,6,6,"16, AVENUE DES  ALLINGES",0.0,0.0
201400034662,14,5,14,12,1,74,281,2,2,8,6,LIBERATION/CH LA RONDE,0.0,0.0
201400034663,18,5,14,9,1,74,281,2,1,1,5,"112, BD DE LA CORNICHE",0.0,0.0