Num_Acc,jour,mois,an,hr,condition_eclairage,departement,commune,condition_agglomeration,intersection,condition_atmosphere,type_collision,adresse,lattitude,longitude
201400034664,19,5,14,19,1,74,281,2,1,1,3,"13,BD GEORGE ANDRIER",0.0,0.0
201400034665,22,5,14,21,5,74,218,2,2,3,3,AVENUE DE LA RIVE,0.0,0.0
201400034666,26,5,14,17,1,74,281,2,6,1,3,ROND POINT DE LETROZ,46.35784,6.45133
201400034667,21,5,14,19,1,74,281,2,1,1,3,AVENUE DES PRES VERTS,0.0,0.0
201400034668,18,5,14,8,1,74,218,2,1,1,1,"341,AVENUE DE LA RIVE",0.0,0.0
201400034669,1,6,14,13,1,74,172,2,1,1,1,"1345, ROUTE NATIONALE",0.0,0.0
201400034670,28,5,14,16,1,74,119,2,1,1,6,25 AVENUE DETANCHE,0.0,0.0
201400034671,10,6,14,13,1,74,281,2,1,1,6,ROUTE DE LA VERSOIE,0.0,0.0
201400034672,30,6,14,17,1,74,119,1,2,7,3,ROUTE LA CORNICHE/ GAVOT,0.0,0.0
201400034673,29,6,14,18,1,74,281,2,1,1,3,"59, AVENUE JULES FERRY",0.0,0.0
201400034674,4,7,14,18,1,74,281,1,1,3,2,RD 1005,0.0,0.0
201400034675,11,7,14,17,1,74,281,2,3,1,6,"11, AV DE GAULLE",0.0,0.0
201400034676,17,7,14,12,1,74,281,2,1,1,2,"87, AVENUE DE GAULLE",0.0,0.0
201400034677,23,7,14,21,2,74,281,1,1,1,7,RD 1005,0.0,0.0
201400034678,4,7,14,18,1,74,13,2,1,2,6,9 AVENUE DU PRE ROBERT,0.0,0.0
201400034679,10,9,14,14,1,74,281,1,1,1,6,ROUTE D'ARMOY,0.0,0.0
201400034680,15,10,14,5,5,74,119,2,1,2,3,AVENUE D'ABONDANCE,0.0,0.0
201400034681,17,10,14,18,1,74,119,2,1,1,3,17 QUAI PAUL LEGER,0.0,0.0
201400034682,30,10,14,18,5,74,281,2,2,1,3,AV CHARLES DE GAULLE,0.0,0.0
201400034683,1,11,14,2,5,74,218,2,1,1,1,AVENUE DE RIVE,0.0,0.0
201400034684,16,12,14,19,5,74,200,2,1,1,7,"634, AV LECHEROT",0.0,0.0
201400034685,23,12,14,9,1,74,281,2,3,7,3,"8, RUE DE VERDUN",0.0,0.0
201400034686,7,2,14,7,5,76,476,2,1,3,6,R MESSAGER HENRI,49.48816,0.56804
201400034687,4,3,14,11,1,76,329,2,3,1,3,R DE L ABBAYE,49.5506,0.4911
201400034688,5,6,14,17,1,76,384,1,3,1,3,RTE DE PORT JEROME,49.50141,0.53322
201400034689,13,9,14,12,1,76,384,1,1,1,7,RTE DE SAINT ROMAIN,49.52416,0.52698
201400034690,19,10,14,18,1,76,114,2,1,1,6,"43, R DE LA GREGEOTTE",49.5652,0.46287
201400034691,4,1,14,1,5,76,217,2,1,1,6,"13, R JOSEPH BRUNEL",49.92637,1.08696
201400034692,10,1,14,10,1,76,545,1,3,1,2,RD 154E,49.90151,1.11889
201400034693,14,1,14,10,1,76,545,1,1,7,2,RD 154E,49.9072,1.10435
201400034694,18,1,14,9,1,76,26,2,6,1,3,,49.88172,1.12622
201400034695,21,1,14,9,1,76,565,1,2,1,3,R DES CANADIENS,49.89578,1.07429
201400034696,3,2,14,10,1,76,217,2,2,1,6,"1, R VICTOR HUGO",49.92463,1.07519
201400034697,7,2,14,19,5,76,26,2,3,1,6,"2, R DE LA CHAUSSEE",49.88058,1.13001
201400034698,12,2,14,10,1,76,217,2,2,1,6,"5, DESMARQUETS",49.92021,1.077
201400034699,19,2,14,15,1,76,217,2,2,1,3,"26, CRS DE DAKAR",49.91527,1.09412
201400034700,21,2,14,20,3,76,414,1,1,1,6,D1,49.89634,1.14004
201400034701,6,3,14,22,5,76,217,2,1,1,6,R DU  SAINT-LAURENT,49.90834,1.08016
201400034702,8,3,14,19,3,76,217,1,1,1,6,RD 925,49.90825,1.0567
201400034703,9,3,14,14,1,76,217,1,2,1,3,ROC DES GRAVES DE MER,49.93147,1.11199
201400034704,17,3,14,18,1,76,565,1,1,1,5,RD 915,49.88682,1.08612
201400034705,27,3,14,21,5,76,545,1,1,1,6,RD 154E,49.90266,1.11677
201400034706,28,3,14,13,1,76,217,2,1,1,6,"13bis, AVENUE JEAN JAURE",49.91327,1.07187
201400034707,5,4,14,3,5,76,545,2,1,1,6,RD 154,49.89264,1.11632
201400034708,9,4,14,10,1,76,217,2,2,1,3,R CLAUDE DELVINCOURT,49.91466,1.06443
201400034709,10,4,14,15,1,76,217,2,1,1,6,BD MARECHAL JOFFRE,49.92293,1.07654
201400034710,25,4,14,13,1,76,324,1,1,8,4,RD 925,49.93162,1.14376
201400034711,7,6,14,13,1,76,217,2,1,1,7,"37, BD DE VERDUN",49.92878,1.07916
201400034712,14,6,14,16,1,76,26,2,3,1,3,R DU 11 NOVEMBRE,49.88671,1.12243
201400034713,15,6,14,12,1,76,707,1,1,1,4,RD 915,49.87182,1.10126
201400034714,19,6,14,22,2,76,217,2,3,1,3,"5, RTE DE BONNE NOUVELLE",49.92452,1.09064
201400034715,20,6,14,12,1,76,217,2,3,1,3,"129, QU HENRI IV",49.92948,1.08421
201400034716,26,6,14,11,1,76,217,1,1,1,2,RD 927,49.91098,1.08467
201400034717,29,6,14,15,1,76,565,2,1,1,1,"350,R DE LA LIBERATION",49.88934,1.06809
201400034718,4,7,14,12,1,76,217,2,1,1,7,"40, R DE LA VICTOIRE",49.92732,1.09665
201400034719,16,7,14,1,3,76,217,1,1,1,6,RD 75,49.92042,1.05118
201400034720,22,7,14,21,1,76,565,2,1,1,6,RD 927,49.8828,1.06786
201400034721,24,7,14,15,1,76,565,1,1,1,7,,49.87142,1.08389
201400034722,2,8,14,19,1,76,565,2,1,1,3,,49.87427,1.06889
201400034723,3,8,14,1,5,76,217,2,6,5,3,RD POINT DES CANADIENS,49.9113,1.07573
201400034724,3,8,14,16,1,76,217,2,5,1,3,"2, AV LEON GAMBETTA",49.92275,1.07319
201400034725,7,8,14,16,1,76,565,1,1,1,3,,49.88682,1.08612
201400034726,8,8,14,19,1,76,217,2,1,1,6,"5, PL HENRI DUNANT",49.92891,1.10164
201400034727,10,8,14,17,1,76,217,2,1,1,3,"26, PL HENRI DUNANT",49.92921,1.10249
201400034728,10,8,14,17,1,76,217,2,1,1,2,"14, QU DU CARENAGE",49.92697,1.08293
201400034729,30,8,14,15,1,76,565,2,1,2,3,"217, RTE DE ROUEN",49.867,1.07107
201400034730,7,9,14,18,1,76,565,1,2,1,3,RD 915,49.88272,1.09026
201400034731,4,10,14,11,1,76,217,1,2,1,3,ROCADE DES GRAVES DE MER,49.93146,1.11198
201400034732,7,10,14,18,1,76,217,2,1,1,6,"20, BD DU MARECHAL JOFFR",49.92201,1.07684
201400034733,18,10,14,16,1,76,217,2,1,1,6,BD GEORGES CLEMENCEAU,49.92197,1.08025
201400034734,1,11,14,5,5,76,217,2,1,1,6,"7, R DAVID MIFFANT",49.90908,1.06391
201400034735,2,11,14,12,1,76,349,1,3,1,6,RD 925,49.89242,1.04
201400034736,14,11,14,20,5,76,217,2,3,1,2,"68, QU DUQUESNE",49.92462,1.08085
201400034737,15,11,14,4,5,76,565,2,1,8,6,"500, R DE LA PROVIDENCE",49.89979,1.07577
201400034738,24,11,14,9,1,76,707,1,2,1,3,RD 915,49.86236,1.11086
201400034739,25,11,14,17,4,76,565,2,1,1,2,,49.89992,1.0773
201400034740,26,11,14,9,1,76,217,2,3,8,6,QU DE LA SOMME,49.92729,1.08591
201400034741,9,12,14,11,1,76,137,1,3,1,1,,49.9358,1.16468
201400034742,9,12,14,17,3,76,217,2,1,1,6,PONT JEHAN ANGOT,49.92645,1.08046
201400034743,15,12,14,17,5,76,217,2,1,2,3,"89, AV DE LA REPUBLIQUE",49.92656,1.09614
201400034744,19,12,14,8,2,76,217,2,3,2,3,QU DE LA CALE,49.92719,1.08458
201400034745,21,12,14,8,2,76,565,1,1,1,6,,49.87818,1.09487
201400034746,13,2,14,21,5,76,231,2,2,1,3,"1, R DE LA REPUBLIQUE",49.29014,1.0028
201400034747,4,4,14,8,1,76,640,1,1,1,1,R DE LOUVIERS,49.26176,1.06035
201400034748,5,4,14,17,1,76,486,1,4,9,3,AV DU CIRCUIT,49.32174,0.99545
201400034749,9,4,14,11,1,76,640,2,2,1,3,R DE LA REPUBLIQUE,49.27702,1.03222
201400034750,12,8,14,7,1,76,705,1,1,1,6,,49.33407,1.09849
201400034751,10,11,14,18,5,76,231,2,1,1,3,"26, R JEAN JAURES",49.28997,1.00961
201400034752,12,11,14,8,1,76,178,2,3,1,6,R DE TOURVILLE,49.30834,1.03582
201400034753,14,11,14,21,5,76,231,2,1,1,1,"87, R DE LA REPUBLIQUE",49.29144,0.99824
201400034754,1,11,14,18,2,76,231,1,1,1,5,RTE DU NEUBOURG,49.27609,0.99697
201400034755,16,11,14,12,1,76,640,2,3,1,6,R DU PUITS MEROT,49.27705,1.0456
201400034756,26,11,14,11,1,76,231,1,1,8,3,R BOURGTHEROULDE,49.28612,0.97
201400034757,9,12,14,17,3,76,231,2,1,2,1,R BOURGTHEROULDE,49.28651,0.96874
201400034758,18,12,14,8,2,76,231,2,3,2,6,"31,R AUGUSTIN HENRI",49.29094,1.0071
201400034759,7,1,14,18,5,76,259,2,3,1,6,"2, R DU PRESIDENT RENE C",49.76055,0.36655
201400034760,12,2,14,16,1,76,259,2,4,3,6,"88, R GUSTAVE COUTURIER",49.75228,0.39469
201400034761,8,6,14,11,1,76,259,2,2,1,3,"49, R DU PRESIDENT RENE",49.75857,0.36456
201400034762,14,7,14,14,1,76,259,2,2,1,3,R CHARLES LEBORGNE,49.75422,0.37302
201400034763,16,8,14,10,1,76,259,2,1,1,3,"3,RTE DE GANZEVILLE",49.74923,0.40327
201400034764,31,8,14,0,5,76,259,2,4,1,2,"59, RTE DE CANY",49.76209,0.3813
201400034765,28,9,14,3,5,76,259,2,2,1,6,BD SUZANNE CLEMENT,49.75276,0.3963
201400034766,13,10,14,8,1,76,259,1,1,2,1,RTE DE VALMONT,49.74952,0.42904
201400034767,5,11,14,17,1,76,259,2,1,8,6,"1, R GEORGES CUVIER",49.75816,0.36781
201400034768,15,11,14,11,1,76,259,2,4,1,6,"93,R DU PRESIDENT RENE C",49.75773,0.36368
201400034769,1,1,14,1,5,76,351,2,1,1,6,AV D APLEMONT,49.50311,0.18054
201400034770,1,1,14,5,5,76,351,2,3,1,3,R JACQUES DE VAULX,49.48964,0.1425
201400034771,3,1,14,14,1,76,351,2,3,1,6,R IRENE JOLIOT CURIE,49.52358,0.10433
201400034772,5,1,14,9,1,76,351,2,1,1,6,AV D APLEMONT,49.50186,0.18534
201400034773,7,1,14,22,5,76,351,2,3,2,7,"47, R JULES SIEGFRIED",49.49219,0.11182
201400034774,8,1,14,22,5,76,351,2,3,2,6,"3, R DE SAINT QUENTIN",49.51558,0.11275
201400034775,9,1,14,8,1,76,447,2,1,1,6,PL DU GENERAL LECLERC DE,49.5433,0.18948
201400034776,9,1,14,17,5,76,351,2,3,1,6,"16, PL DE L HOTEL DE VIL",49.4923,0.10887
201400034777,10,1,14,4,5,76,351,2,6,2,6,R  DUMONT D URVILLE,49.48559,0.13668
201400034778,10,1,14,11,1,76,351,2,1,1,2,"88, R GUSTAVE BRINDEAU",49.49119,0.1408
201400034779,11,1,14,4,5,76,351,2,2,2,7,"22, PIERRE BROSSELETTE",49.4918,0.11787
201400034780,11,1,14,16,1,76,351,2,2,1,6,"40, AV DE FRILEUSE",49.50708,0.14612
201400034781,11,1,14,18,2,76,351,2,1,1,6,"45, R EUGENE LANDOAS",49.50578,0.12619
201400034782,14,1,14,11,1,76,351,2,2,1,6,R IRENE JOLIOT CURIE,49.51541,0.10533
201400034783,15,1,14,0,3,76,351,1,1,2,6,AV AMIRAL DU CHILLOU,49.47693,0.17498
201400034784,15,1,14,16,1,76,351,2,3,1,3,PONT JEAN JACQUES ROUSS,49.4957,0.13142
201400034785,16,1,14,12,1,76,351,2,2,1,6,R FLORIMONT LAURENT,49.51845,0.1166
201400034786,17,1,14,8,1,76,351,2,1,1,6,"290, R DE VERDUN",49.50247,0.16961
201400034787,17,1,14,11,1,76,351,2,3,1,7,"92, R AUGUSTIN NORMAND",49.48875,0.10088
201400034788,17,1,14,20,5,76,351,2,2,1,6,"60, AV PAUL VERLAINE",49.50925,0.15845
201400034789,20,1,14,22,5,76,351,2,2,1,3,"36, IMP TALMA",49.51854,0.11261
201400034790,26,1,14,1,5,76,351,2,3,1,7,R DU BOIS AU COQ,49.50904,0.13524
201400034791,29,1,14,10,1,76,351,2,1,2,6,"46-48, BD AMIRAL MOUCHEZ",49.48579,0.13852
201400034792,29,1,14,17,1,76,351,1,1,1,6,,49.50242,0.18957
201400034793,29,1,14,18,5,76,351,2,1,1,5,R DE  VERDUN,49.50258,0.18909
201400034794,30,1,14,12,1,76,351,2,3,1,3,"124, BD DE GRAVILLE",49.48321,0.15257
201400034795,4,2,14,15,1,76,351,2,1,1,6,R CHARLES LAFFITTE,49.49235,0.12548
201400034796,6,2,14,21,5,76,351,2,2,1,6,"103, R LOUIS BRINDEAU",49.49114,0.10528
201400034797,7,2,14,10,1,76,351,2,2,1,3,"261, AV JEAN JAURES",49.50037,0.16682
201400034798,7,2,14,18,3,76,296,1,1,1,6,R DES BARRICADES,49.51825,0.25042
201400034799,11,2,14,13,1,76,351,2,3,1,6,"22, R AMIRAL COURBET",49.48569,0.13162
201400034800,12,2,14,21,5,76,341,1,1,2,6,RD 6382 A2,49.50264,0.19467
201400034801,16,2,14,13,1,76,447,2,5,1,7,"27, R OSCAR GERMAIN",49.54545,0.19036
201400034802,18,2,14,19,5,76,351,2,2,1,6,R CASIMIR PERIER,49.49402,0.11168
201400034803,18,2,14,23,5,76,351,2,1,1,6,"11, BD WINSTON CHURCHILL",49.49341,0.13554
201400034804,19,2,14,17,1,76,351,2,1,1,6,QU FRISSARD,49.49014,0.12654
201400034805,20,2,14,19,2,76,351,2,3,1,3,R BELLOT,49.48529,0.12713
201400034806,21,2,14,20,5,76,351,2,2,1,3,BD DE GRAVILLE,49.49249,0.14845
201400034807,21,2,14,21,5,76,351,2,2,1,3,"347, R DE VERDUN",49.50243,0.17268
201400034808,25,2,14,7,2,76,351,2,3,3,3,"59, R FREDERIC BELLENGER",49.49556,0.09774
201400034809,27,2,14,20,3,76,447,1,1,1,2,,49.52521,0.18751
201400034810,28,2,14,17,1,76,351,2,3,1,3,R DESMARAIS,49.48929,0.14909
201400034811,28,2,14,18,1,76,351,2,2,2,3,AV THIRE ET BONFAIT,49.50738,0.15333
201400034812,1,3,14,17,1,76,351,2,1,1,1,"15, R ELSA TRIOLET",49.50272,0.17542
201400034813,2,3,14,12,1,76,305,2,6,1,2,AV JACQUES EBERHARD,49.5055,0.23356
201400034814,2,3,14,15,1,76,481,1,1,1,3,"22, RTE DE MONTIVILLIER",49.55615,0.12383
201400034815,5,3,14,8,1,76,351,2,3,1,3,"15, R JULES VERNE",49.50795,0.12812
201400034816,7,3,14,9,1,76,351,2,3,1,3,"176, R DU MARECHAL JOFFR",49.50003,0.13071
201400034817,7,3,14,14,1,76,351,2,2,1,6,CRS LAFAYETTE,49.49198,0.12453
201400034818,8,3,14,14,1,76,481,1,1,1,3,RTE DE LA CHENAIE,49.53117,0.10352
201400034819,9,3,14,16,1,76,351,2,3,1,6,"84, R DE SOUS BRETONNE",49.51119,0.09476
201400034820,10,3,14,7,1,76,481,2,3,1,3,CHE DES QUATRE FERMES,49.54605,0.11928
201400034821,10,3,14,13,1,76,305,1,1,1,3,RTE DE L ESTUAIRE,49.45791,0.2089
201400034822,12,3,14,9,1,76,351,2,2,1,7,R DES SPORTS,49.51394,0.12985
201400034823,13,3,14,9,1,76,351,2,2,1,3,CRS DE LA REPUBLIQUE,49.49589,0.12685
201400034824,15,3,14,23,5,76,351,2,3,1,6,"307, R ARISTIDE BRIAND",49.50046,0.13847
201400034825,16,3,14,18,1,76,351,1,1,1,7,"504, R IRENE JOLIOT CURI",49.52953,0.10326
201400034826,18,3,14,1,5,76,351,2,3,1,6,"170, R DU COMMANDANT ABA",49.50141,0.17465
201400034827,18,3,14,14,1,76,351,2,3,1,6,"31, R  DES CHANTIERS",49.47893,0.15728
201400034828,19,3,14,19,5,76,351,2,3,1,3,AV DU MONT LE COMTE,49.51059,0.18244
201400034829,20,3,14,15,1,76,447,1,1,1,2,,49.54085,0.21415
201400034830,20,3,14,16,1,76,351,2,1,1,6,"191, R DU BOIS AU COQ",49.51028,0.13125
201400034831,21,3,14,12,1,76,351,2,3,1,3,"36, R MARCEAU",49.48756,0.13525
201400034832,24,3,14,21,3,76,351,1,1,1,6,,49.52455,0.17822
201400034833,25,3,14,18,1,76,351,1,6,2,3,R DE VERDUN,49.50342,0.19227
201400034834,25,3,14,21,5,76,351,2,2,2,3,R DU BOIS AU COQ,49.5111,0.12873
201400034835,26,3,14,7,1,76,351,2,1,2,6,AV RENE DESHAYES,49.50977,0.13733
201400034836,26,3,14,21,5,76,351,2,2,1,3,AV LUCIEN CORBEAUX,49.47702,0.14136
201400034837,31,3,14,8,1,76,351,2,3,2,3,AV DU BOIS AU COQ,49.51623,0.12
201400034838,31,3,14,16,1,76,351,2,2,1,6,R LOUIS BLERIOT,49.52256,0.08852
201400034839,31,3,14,20,2,76,351,2,3,1,6,"3, R OTHON FRIESZ",49.49378,0.10096
201400034840,1,4,14,8,1,76,351,2,2,1,6,"202, R DE VERDUN",49.50237,0.16301
201400034841,4,4,14,15,1,76,351,2,2,1,7,"28, R COLETTE",49.51096,0.09914
201400034842,5,4,14,20,5,76,351,2,1,1,6,"138, AV RENE COTY",49.4984,0.11743
201400034843,7,4,14,23,5,76,351,2,2,2,5,R OTHON FRIESZ,49.49531,0.10099
201400034844,8,4,14,19,1,76,351,1,2,1,7,R LOUIS BLERIOT,49.52252,0.08849
201400034845,9,4,14,23,5,76,351,2,2,1,6,R JEAN MACE,49.48752,0.10945
201400034846,10,4,14,12,1,76,351,2,3,1,3,BD CLEMENCEAU,49.48964,0.09772
201400034847,12,4,14,16,1,76,351,2,3,1,7,"255, JEAN JAURES (AVENUE",49.50044,0.16642
201400034848,13,4,14,7,2,76,351,2,1,1,2,QU COLBERT,49.49157,0.12668
201400034849,14,4,14,14,1,76,351,2,3,1,3,"189, R FELIX FAURE",49.50015,0.1042
201400034850,14,4,14,14,1,76,351,2,3,1,5,R LOUIS LUMIERE,49.52706,0.13003
201400034851,16,4,14,18,1,76,351,2,1,1,6,"36, BD ALBERT 1ER",49.49659,0.09327
201400034852,17,4,14,18,1,76,481,2,1,2,1,CHE DE  SAINT ANDRIEUX,49.5459,0.10857
201400034853,18,4,14,18,1,76,351,2,2,1,5,"1, R DE VERDUN",49.50095,0.14541
201400034854,23,4,14,19,1,76,447,2,3,2,7,"30, R FELIX FAURE",49.54574,0.19424
201400034855,24,4,14,2,5,76,351,2,1,1,7,"15 bis, R WINSTON CHURCH",49.49381,0.13702
201400034856,25,4,14,16,1,76,351,2,1,1,6,QU FRISSARD,49.49037,0.12759
201400034857,26,4,14,20,5,76,447,2,1,1,4,"30, AV PRESIDENT WILSON",49.54318,0.18199
201400034858,27,4,14,17,1,76,351,2,1,2,7,QU COLBERT,49.49141,0.12569
201400034859,27,4,14,21,1,76,351,2,1,2,6,BD  WINSTON CHURCHILL,49.49597,0.14594
201400034860,3,5,14,14,1,76,447,2,6,1,4,AV DE LA BELLE ETOILE,0.0,0.0
201400034861,3,5,14,16,1,76,351,2,3,1,6,"55 bis, R GUSTAVE FLAUBE",49.49819,0.11298
201400034862,7,5,14,15,1,76,351,2,1,1,6,"6, R HENRI BEYLE",49.52083,0.07499
201400034863,7,5,14,22,5,76,351,2,1,1,7,AV LUCIEN CORBEAUX,49.47816,0.13201
201400034864,8,5,14,16,1,76,351,2,1,2,7,"17, PL DE L HOTEL DE VIL",49.49236,0.10681
201400034865,9,5,14,20,1,76,351,2,2,1,3,"178, CRS DE LA REPUBLIQU",49.50001,0.12995
201400034866,10,5,14,14,1,76,341,1,4,1,6,,49.50222,0.19408
201400034867,11,5,14,16,1,76,351,2,1,1,3,"50, R JEAN JACQUES ROUSS",49.49692,0.13144
201400034868,12,5,14,14,1,76,305,2,4,1,6,AV JACQUES EBERHARD,49.50772,0.23183
201400034869,13,5,14,7,1,76,351,2,1,2,3,"112, BD JULES DURAND",49.4902,0.15828
201400034870,15,5,14,9,1,76,447,1,3,1,3,"59, R JEAN JAURES",49.54773,0.20833
201400034871,15,5,14,13,1,76,351,2,2,1,2,"3, R MAXIMILLIEN DE ROBE",49.51342,0.16956
201400034872,17,5,14,13,1,76,351,2,5,1,3,R JEAN BORDA,49.50897,0.1083
201400034873,19,5,14,13,1,76,351,2,1,1,6,CRS  LAFAYETTE,49.49184,0.12519
201400034874,20,5,14,19,1,76,351,2,1,1,6,R DE LA BIGNE A FOSSE,49.52294,0.1135
201400034875,25,5,14,11,1,76,351,2,1,1,6,"147, R DU BOIS AU COQ",49.50922,0.13433
201400034876,26,5,14,10,1,76,351,2,2,1,6,R EUGENE MOPIN,49.52139,0.16039
201400034877,26,5,14,17,1,76,351,2,2,1,6,"1, R FREDERIC BELLENGER",49.49556,0.0944
201400034878,27,5,14,11,1,76,351,2,1,1,7,R CASIMIR DELAVIGNE,49.49468,0.12071
201400034879,30,5,14,10,1,76,447,2,1,1,6,AV JEAN PREVOST,49.547,0.1809
201400034880,31,5,14,15,1,76,351,2,3,1,2,"39, R SOCRATE",49.51352,0.16006
201400034881,1,6,14,22,5,76,351,2,1,1,7,"57, AV JEAN JAURES",49.49873,0.15103
201400034882,4,6,14,23,5,76,305,1,1,1,7,RTE DE L ESTUAIRE,49.45791,0.20931
201400034883,6,6,14,18,1,76,552,2,1,1,6,"02, R DU ROI ALBERT",49.50243,0.08617
201400034884,8,6,14,3,5,76,351,2,2,1,3,"19, R ALBERT ANDRE HUET",49.49487,0.11124
201400034885,8,6,14,18,1,76,481,2,1,1,7,"18, RTE DE DONDENEVILLE",49.54386,0.12173
201400034886,10,6,14,14,1,76,351,2,1,1,6,"41, R CASIMIR DELAVIGNE",49.49464,0.12051
201400034887,11,6,14,17,1,76,351,2,1,1,6,"56, R ELSA TRIOLET",49.50327,0.17855
201400034888,11,6,14,18,1,76,351,2,1,1,5,BD DE LENINGRAD,49.49853,0.15736
201400034889,14,6,14,18,1,76,351,2,1,1,2,"66, R JEAN JACQUES ROUSS",49.49764,0.13131
201400034890,17,6,14,19,1,76,351,2,2,1,3,"139, R DEMIDOFF",49.49771,0.13742
201400034891,18,6,14,10,1,76,351,2,1,1,7,BD JULES DURAND,49.49088,0.15998
201400034892,19,6,14,16,1,76,351,2,3,1,3,BD WINSTON CHURCHILL,49.49603,0.14681
201400034893,24,6,14,11,1,76,351,2,1,1,6,"21, R FRANCOISE SAGAN",49.51651,0.11872
201400034894,24,6,14,15,1,76,351,2,9,1,6,"70, PL DE L HOTEL DE VIL",49.49422,0.10942
201400034895,24,6,14,22,5,76,351,2,2,1,3,"57, R DE VERDUN",49.50141,0.15
201400034896,26,6,14,0,5,76,341,1,1,1,7,RD 6382,49.51171,0.19659
201400034897,26,6,14,12,1,76,351,2,3,8,7,"36, R MARECHAL JOFFRE",49.49899,0.11996
201400034898,28,6,14,14,1,76,351,2,1,1,3,"291, R DE LA CAVEE VERTE",49.50714,0.12222
201400034899,28,6,14,20,1,76,351,2,4,1,7,"68, R HOIZEY",49.51052,0.13751
201400034900,29,6,14,10,1,76,351,2,3,3,3,"354, R DE VERDUN",49.50242,0.1747
201400034901,30,6,14,11,1,76,351,1,4,1,6,AV AMIRAL DU CHILLOU,49.46882,0.18075
201400034902,1,7,14,17,1,76,351,2,1,1,7,R DE SOQUENCE,49.50181,0.17637
201400034903,2,7,14,0,5,76,351,2,2,1,6,"46, R FREDERIC RISSON",49.49946,0.1206
201400034904,3,7,14,18,1,76,351,2,3,1,3,AV DU CANADA,49.50709,0.17929
201400034905,3,7,14,22,5,76,351,2,3,1,3,R ALBERT SAMAIN,49.51711,0.09147
201400034906,6,7,14,18,1,76,305,1,1,1,6,,49.48646,0.21124
201400034907,10,7,14,12,1,76,351,2,1,1,6,"35, R FREDERIC BELLENGER",49.49567,0.09659
201400034908,12,7,14,1,5,76,481,2,1,1,7,"15, RTE DE MONTIVILLIERS",49.5562,0.12268
201400034909,13,7,14,19,1,76,351,2,1,1,6,PARVIS SAINT MICHEL,49.4963,0.10834
201400034910,17,7,14,0,5,76,351,1,1,1,6,,49.53198,0.09746
201400034911,17,7,14,14,1,76,351,2,1,1,2,"112, BD JULES DURAND",49.49016,0.15804
201400034912,20,7,14,4,5,76,351,2,1,1,6,"79, R FREDERIC BELLENGER",49.49546,0.09911
201400034913,22,7,14,15,1,76,351,2,2,1,3,AV VAUBAN,49.48982,0.11943
201400034914,22,7,14,22,5,76,552,2,1,1,1,"66, RTE D OCTEVILLE",49.51445,0.0869
201400034915,26,7,14,23,5,76,351,2,2,1,3,QU LAMBLARDIE,49.48954,0.11647
201400034916,30,7,14,20,1,76,351,2,4,1,2,AV D APPLEMONT,49.50463,0.17748
201400034917,31,7,14,8,1,76,351,2,1,1,6,"351, BD DE LENINGRAD",49.49952,0.16481
201400034918,1,8,14,14,1,76,305,2,2,1,6,R ROMAIN ROLLAND,49.52351,0.22374
201400034919,1,8,14,17,1,76,351,2,4,1,3,PONT JEAN JACQUES ROUSSE,49.49579,0.13017
201400034920,2,8,14,1,5,76,351,2,1,1,6,"319, R DE VERDUN",49.50243,0.17154
201400034921,2,8,14,23,5,76,341,2,1,1,6,"26, AV YOURI GAGARINE",49.51353,0.1861
201400034922,7,8,14,13,1,76,447,1,1,1,7,R DE L ANCIEN CHATEAU,49.52351,0.19553
201400034923,13,8,14,19,1,76,341,2,2,1,3,AV DU PRESIDENT RENE COT,49.51081,0.18823
201400034924,15,8,14,16,1,76,447,2,1,1,6,AV MARECHAL FOCH,49.5295,0.18942
201400034925,15,8,14,16,1,76,351,2,2,1,3,"77, R DE PARIS",49.48732,0.10738
201400034926,20,8,14,19,1,76,351,2,2,1,6,"39, R LABEDOYERE",49.49668,0.13444
201400034927,23,8,14,5,2,76,351,2,1,1,3,"70, QU FRISSARD",49.49088,0.12957