Num_Acc,jour,mois,an,hr,condition_eclairage,departement,commune,condition_agglomeration,intersection,condition_atmosphere,type_collision,adresse,lattitude,longitude
201400034928,25,8,14,0,5,76,351,2,6,2,2,BD DE GRAVILLE,49.49392,0.14782
201400034929,28,8,14,14,1,76,351,2,1,1,2,"7, R CASIMIR PERIER",49.4935,0.112
201400034930,29,8,14,15,1,76,351,2,3,1,2,"143, R DU MARECHAL JOFFR",49.49998,0.12774
201400034931,30,8,14,7,1,76,351,2,1,1,6,"28, R ARQUIS",49.51942,0.1083
201400034932,2,9,14,15,1,76,351,2,1,1,6,"19, R DE JEMMAPES",49.487,0.14546
201400034933,9,9,14,20,2,76,351,2,2,1,3,"174, R DE VERDUN",49.50225,0.16047
201400034934,10,9,14,18,1,76,552,2,4,1,5,R ALBERT DUBOSC,49.50532,0.0853
201400034935,11,9,14,13,1,76,351,2,1,1,3,"128,R MARCEAU",49.49185,0.1328
201400034936,12,9,14,7,1,76,447,2,6,1,7,AV DE LA BELLE ETOILE,49.53423,0.18497
201400034937,12,9,14,13,1,76,351,2,3,1,2,AV JEAN JAURES,49.49838,0.14888
201400034938,15,9,14,11,1,76,351,2,3,1,6,"521, R DES CHANTIERS",49.49733,0.16344
201400034939,18,9,14,8,1,76,351,2,1,1,6,"61, R LOUIS SIEFRIDT",49.51079,0.10168
201400034940,19,9,14,9,1,76,351,2,2,1,6,CRS DE LA REPUBLIQUE,49.49993,0.12993
201400034941,24,9,14,17,1,76,351,2,1,1,3,"370, BD JULES DURAND",49.49474,0.17593
201400034942,26,9,14,13,1,76,351,2,2,1,6,BD FRANCOIS 1ER,49.49172,0.09924
201400034943,27,9,14,16,1,76,351,2,3,1,6,"93, R LOUIS BLANC",49.50772,0.13292
201400034944,30,9,14,17,1,76,351,2,6,1,3,QU DE L ILE,49.48697,0.11453
201400034945,1,10,14,23,5,76,351,2,1,1,7,,49.49091,0.16043
201400034946,2,10,14,10,1,76,351,2,1,1,3,PL DE L HOTEL DE VILLE,0.0,0.0
201400034947,3,10,14,11,1,76,351,2,4,1,6,"1, R BEAULIEU",49.51188,0.1072
201400034948,3,10,14,18,1,76,351,2,2,1,7,AV CHRISTOPHE COLOMB,49.47703,0.14162
201400034949,4,10,14,5,5,76,351,2,1,1,6,"15, R DE SAINT QUENTIN",49.51532,0.11368
201400034950,7,10,14,8,1,76,351,2,2,1,7,"234, R LOUIS LUMIERE",49.52408,0.12292
201400034951,7,10,14,8,1,76,341,2,6,8,6,,49.51151,0.19944
201400034952,7,10,14,17,1,76,351,2,2,1,3,R FLANDRES DUNKERQUE,49.51332,0.16946
201400034953,8,10,14,8,5,76,351,2,3,2,6,"146, R HENRI DUNANT",49.52701,0.12996
201400034954,9,10,14,2,5,76,305,2,1,1,6,"63, AV MARCEL LE MIGNOT",49.49715,0.23457
201400034955,10,10,14,4,5,76,341,1,1,1,6,,49.51062,0.19816
201400034956,10,10,14,17,1,76,351,2,1,1,6,BD CLEMENCEAU,49.49218,0.096
201400034957,14,10,14,17,1,76,341,2,3,1,3,R FRIEDRICH ENGELS,49.51376,0.19475
201400034958,15,10,14,7,2,76,351,2,1,1,5,BD JULES DURAND,49.49609,0.17961
201400034959,15,10,14,12,1,76,351,2,1,2,4,"19, R JULES VERNE",49.50813,0.12802
201400034960,16,10,14,8,1,76,351,2,1,1,7,"100, BD JULES DURAND",49.4901,0.15777
201400034961,16,10,14,10,1,76,351,2,1,1,6,"64, R JEAN WEBER",49.51331,0.10083
201400034962,18,10,14,1,3,76,351,1,1,1,7,,49.52448,0.17435
201400034963,19,10,14,11,1,76,341,2,1,1,7,"55, R ROBERT ANCEL",49.51687,0.20113
201400034964,19,10,14,15,1,76,351,2,3,1,6,AV DU HUIT MAI 1945,49.51557,0.1727
201400034965,19,10,14,20,5,76,351,2,3,1,3,"98, AV DU BOIS DE BLEVIL",49.52415,0.12843
201400034966,22,10,14,10,1,76,351,2,2,1,3,"103, BD STRASBOURG",49.49299,0.11438
201400034967,22,10,14,13,1,76,447,2,1,1,6,"5, CRS SAINTE CROIX",49.54313,0.19165
201400034968,22,10,14,17,1,76,351,2,3,1,6,"521, R DES CHANTIERS",49.49735,0.16342
201400034969,27,10,14,17,2,76,296,2,3,1,3,R DE LA LIBERATION,49.51799,0.25696
201400034970,27,10,14,19,5,76,351,2,2,1,3,R DESMALLIERES,49.49898,0.14324
201400034971,28,10,14,17,2,76,351,2,1,1,3,"200, R LOUIS BLERIOT",49.52876,0.09349
201400034972,30,10,14,13,1,76,351,2,1,1,6,AV DU MONT GAILLARD,49.5267,0.1163
201400034973,1,11,14,12,1,76,552,2,1,1,7,"22, RTE D OCTEVILLE",49.51439,0.0869
201400034974,2,11,14,20,5,76,341,2,1,3,3,AV DE LA RESISTANCE,49.50488,0.19957
201400034975,1,11,14,21,5,76,351,2,1,1,6,PL PIERRE COURANT,49.49238,0.11705
201400034976,4,11,14,12,1,76,552,2,3,1,3,"13,R GENERAL DE GAULLE",49.50214,0.08922
201400034977,4,11,14,17,2,76,447,2,6,1,6,"0, BELLE ETOILE",49.53463,0.17836
201400034978,6,11,14,8,1,76,351,2,1,2,7,"25, R PAUL LANGEVIN",49.50991,0.10938
201400034979,5,11,14,21,5,76,351,2,1,1,6,"241, R ARISTIDE BRIAND",49.50016,0.13377
201400034980,6,11,14,20,3,76,305,1,1,1,6,RTE DU CANAL BOSSIERE,49.49571,0.1956
201400034981,7,11,14,18,5,76,341,2,1,1,7,"06, R CARNOT",49.50831,0.20138
201400034982,8,11,14,2,5,76,351,2,6,1,6,"118, R MARCEAU",49.49142,0.13305
201400034983,15,11,14,16,1,76,351,2,3,1,6,R PIERRE FARCIS,49.51718,0.09763
201400034984,9,11,14,18,3,76,447,1,1,1,1,CH D EPREMESNIL,49.53905,0.16804
201400034985,9,11,14,19,5,76,296,2,2,1,6,"146, R DE LA LIBERATION",49.5184,0.26385
201400034986,10,11,14,18,5,76,351,2,1,1,6,"167, R DEMIDOFF",49.49785,0.13956
201400034987,10,11,14,22,5,76,552,2,1,1,1,"22, R GENERAL DE GAULLE",49.50183,0.0893
201400034988,12,11,14,12,1,76,351,2,2,1,6,"57,R LOUIS BRINDEAU",49.49119,0.10334
201400034989,13,11,14,13,1,76,351,2,3,1,3,"337, AV DU BOIS AU COQ",49.51535,0.12166
201400034990,14,11,14,15,1,76,351,2,2,1,6,"93, R D ETRETAT",49.49724,0.09789
201400034991,17,11,14,7,2,76,351,2,4,2,6,BD DE LENINGRAD,49.50138,0.19141
201400034992,18,11,14,8,1,76,351,2,1,1,6,"07, R DE LA VALLEE",49.49295,0.14969
201400034993,19,11,14,18,5,76,351,2,3,1,6,"1, R PIERRE FAURE",49.49531,0.10345
201400034994,21,11,14,15,1,76,351,2,3,1,3,"56, R GUSTAVE BRINDEAU",49.48967,0.14247
201400034995,25,11,14,7,2,76,351,2,2,2,6,"116, R EUGENE MOPIN",49.52102,0.16
201400034996,25,11,14,12,1,76,305,1,1,2,3,RTE DE L ESTUAIRE,49.45569,0.23526
201400034997,26,11,14,18,5,76,552,2,3,1,6,"43, R DE VITANVAL",49.5115,0.0844
201400034998,26,11,14,19,2,76,481,2,1,1,2,"11, RTE DE LA CHENAIE",49.53433,0.1043
201400034999,26,11,14,20,5,76,351,2,1,1,1,"124, R DE LA CAVEE VERTE",49.50672,0.11976
201400035000,27,11,14,0,5,76,351,2,2,1,3,"62, R DU GENERAL SARRAIL",49.49587,0.11908
201400035001,2,12,14,15,1,76,351,2,2,1,3,"43, R DE LA MAILLERAYE",49.4878,0.10179
201400035002,3,12,14,17,5,76,351,2,2,1,3,"4, R PIERRE CURIE",49.50961,0.12765
201400035003,4,12,14,22,5,76,351,2,3,1,3,"16, R PIERRE GUINARD",49.48528,0.12817
201400035004,5,12,14,4,5,76,351,1,1,1,6,,49.52439,0.16225
201400035005,5,12,14,16,2,76,351,2,1,1,4,"99, R SALVADOR ALLENDE",49.50425,0.14528
201400035006,6,12,14,4,5,76,351,1,3,1,5,AV DU SEIZIEME PORT,49.48316,0.16784
201400035007,6,12,14,21,5,76,305,2,1,1,7,"66, RTE D ORCHER",49.50189,0.22189
201400035008,7,12,14,15,1,76,351,1,1,2,6,,49.52006,0.19097
201400035009,9,12,14,17,2,76,351,2,2,1,3,R DE DEAUVILLE,49.50847,0.17326
201400035010,11,12,14,18,5,76,341,1,1,2,5,,49.50755,0.19589
201400035011,12,12,14,18,5,76,351,2,3,1,6,R DE LA BIGNE A FOSSE,49.52288,0.11354
201400035012,13,12,14,10,1,76,351,2,3,1,6,"44, R VOLTAIRE",49.49004,0.10331
201400035013,13,12,14,15,1,76,351,2,2,1,3,R EMILE ZOLA,49.48863,0.10599
201400035014,15,12,14,17,5,76,351,2,3,1,6,BD DE STRASBOURG,49.4933,0.1094
201400035015,15,12,14,18,5,76,351,2,2,2,3,R PAUL DUKAS,49.5197,0.07724
201400035016,15,12,14,20,5,76,305,1,1,1,6,RTE DE L ESTUAIRE,49.50081,0.23259
201400035017,16,12,14,18,5,76,552,2,3,9,3,"60,R GENERAL DE GAULLE",49.50559,0.08704
201400035018,17,12,14,19,5,76,351,2,2,2,6,"125, AV RENE COTY",49.49852,0.11792
201400035019,19,12,14,13,1,76,351,2,3,3,6,R GUSTAVE BRINDEAU,49.49081,0.14115
201400035020,19,12,14,14,1,76,305,2,1,2,5,"22, AV DU CAMPDOLENT",49.50895,0.21412
201400035021,19,12,14,21,5,76,351,2,2,1,3,"16, R LOUIS BLANC",49.50724,0.12614
201400035022,25,12,14,5,5,76,351,2,1,1,3,"219 bis, R DE VERDUN",49.50241,0.16479
201400035023,26,12,14,9,1,76,481,1,3,1,6,R AUGUSTE LE CONTE,49.54964,0.11092
201400035024,27,12,14,0,5,76,305,1,1,3,6,RTE INDUSTRIELLE,49.48669,0.20879
201400035025,29,12,14,19,5,76,351,2,1,1,6,BD ALBERT 1ER,49.49415,0.09548
201400035026,31,12,14,17,1,76,351,2,1,1,6,AV DU GRAND HAMEAU,49.52333,0.10958
201400035027,1,1,14,1,3,76,5,1,1,2,6,RTE D AMFREVILLE,49.39782,1.14029
201400035028,6,1,14,18,5,76,157,2,3,2,6,R DU PETIT AULNAY,49.46151,1.04257
201400035029,27,12,14,19,5,76,497,2,6,2,3,R DE LA PIERRE D ETAT,49.38701,1.02813
201400035030,30,10,14,16,1,76,498,1,1,1,2,,49.43387,1.06456
201400035031,9,1,14,7,2,76,498,2,1,2,6,R ALBERT EINSTEIN,49.41885,1.06241
201400035032,11,1,14,11,1,76,540,2,4,1,2,AV ARISTIDE BRIAND,49.43635,1.10077
201400035033,15,1,14,5,5,76,216,2,2,1,3,R JULES FERRY,49.46897,1.04422
201400035034,11,1,14,21,5,76,410,2,2,1,1,R DES MARTYRS DE LA RESI,49.48236,1.04275
201400035035,14,1,14,16,1,76,540,2,3,1,6,BD GAMBETTA,49.43799,1.1057
201400035036,11,1,14,16,1,76,474,2,2,1,3,R CHARLES DE GAULLE,49.48055,1.05041
201400035037,11,1,14,23,5,76,599,2,1,1,6,"784,RTE DE LYONS",49.4326,1.15477
201400035038,14,1,14,2,5,76,540,2,6,1,6,RTE DE DARNETAL,49.43966,1.13171
201400035039,13,1,14,18,5,76,108,2,1,1,6,RTE DE NEUFCHATEL,49.45704,1.10779
201400035040,15,1,14,2,5,76,540,2,2,1,3,"70, R LA FAYETTE",49.43255,1.08945
201400035041,14,1,14,20,5,76,322,2,2,1,3,AV DU MARECHAL LECLERC,49.41147,1.04147
201400035042,16,12,14,13,1,76,497,1,1,1,5,,49.36415,1.0385
201400035043,17,1,14,5,5,76,540,2,2,1,2,QU JEAN  MOULIN,49.436,1.09
201400035044,16,1,14,8,5,76,108,2,6,2,2,D 1043,49.48187,1.10935
201400035045,16,1,14,17,1,76,681,2,3,1,3,BD INDUSTRIEL,49.40513,1.11028
201400035046,16,1,14,6,2,76,540,2,2,1,3,RTE DE LYONS LA FORET,49.43867,1.10778
201400035047,20,1,14,8,5,76,540,2,2,1,4,"90, R JEANNE D'ARC",49.44468,1.09215
201400035048,18,1,14,7,5,76,540,2,3,2,2,QU DE PARIS,49.43639,1.10057
201400035049,22,1,14,18,5,76,457,2,2,3,3,D 438,49.34485,0.93244
201400035050,16,1,14,8,1,76,108,1,1,1,2,,49.46848,1.1333
201400035051,18,1,14,9,1,76,575,2,1,1,6,AV DE FELLING,49.39602,1.06255
201400035052,23,1,14,13,1,76,540,2,3,3,7,"2, PL GUSTAVE ROBERT",49.44597,1.1084
201400035053,23,1,14,12,1,76,319,2,3,1,3,AV DU GENERAL LECLERC,49.36829,1.01434
201400035054,11,1,14,7,2,76,540,2,2,1,3,PL JEAN RONDEAUX,49.4346,1.07642
201400035055,2,1,14,11,1,76,484,1,6,1,3,,49.34613,1.07703
201400035056,24,1,14,8,1,76,540,2,2,2,3,R JEANNE D ARC,49.44013,1.08944
201400035057,26,1,14,6,5,76,540,2,4,1,5,"4, QU DE  PARIS",49.43645,1.1004
201400035058,25,1,14,15,1,76,540,2,1,1,5,AV DE LA GRAND MARE,49.4458,1.1312
201400035059,25,1,14,18,5,76,540,2,4,1,4,"50, RTE DE BONSECOURS",49.43275,1.10825
201400035060,29,1,14,7,5,76,540,2,2,3,6,"36, R LOUIS BOUILHET",49.45161,1.10695
201400035061,28,1,14,12,1,76,322,2,3,1,3,"38, AV DES  CANADIENS",49.40204,1.06518
201400035062,30,1,14,8,1,76,681,2,5,1,4,"86, R PIERRE CORNEILLE",49.4214,1.0925
201400035063,2,2,14,2,5,76,540,2,2,1,3,AV JEAN RONDEAU,49.4388,1.08009
201400035064,5,2,14,8,1,76,402,2,4,1,6,RTE DE MONTVILLE,49.52717,1.04306
201400035065,5,2,14,18,5,76,540,2,1,2,6,"11, R DE FONTENELLE",49.44119,1.08436
201400035066,5,2,14,10,1,76,540,2,2,1,3,RTE DE  LYONS LA FORET,49.43652,1.13388
201400035067,6,2,14,20,5,76,540,2,1,9,2,RN 28,49.44082,1.13269
201400035068,29,1,14,8,5,76,540,2,1,3,6,"7, R D ELBEUF",49.43041,1.08603
201400035069,8,2,14,9,1,76,540,2,1,2,6,QU DE LA BOURSE,49.43887,1.08905
201400035070,7,2,14,7,2,76,540,2,2,1,3,"37, R DU MAIL",49.43014,1.09069
201400035071,10,2,14,17,1,76,540,2,2,1,3,R HENRI DUNANT,49.46077,1.13569
201400035072,24,2,14,14,1,76,157,2,2,1,2,CHE DE CROISSET,49.44074,1.03848
201400035073,20,2,14,17,1,76,410,2,3,1,6,"48, R PAUL PAINLEVE",49.48564,1.04158
201400035074,26,2,14,13,1,76,540,2,2,2,3,R D ELBEUF,49.42715,1.08357
201400035075,19,2,14,20,5,76,322,2,6,1,6,R TOULOUSE LAUTREC,49.39912,1.03766
201400035076,20,2,14,20,3,76,497,1,1,9,4,,0.0,0.0
201400035077,25,2,14,7,2,76,540,2,2,1,6,"23, R D ELBEUF'",49.4296,1.0854
201400035078,12,2,14,12,1,76,575,2,2,1,3,"15, R DES DAHLIAS.",49.39046,1.09069
201400035079,12,2,14,7,5,76,575,2,3,9,6,"107, R MADRILLET",49.39715,1.074
201400035080,12,2,14,13,1,76,108,2,3,1,3,"2651, RTE DE NEUFCHATEL",49.46535,1.11519
201400035081,13,2,14,21,5,76,322,2,1,1,1,AV DES  CANADIENS,49.39964,1.06351
201400035082,14,2,14,17,1,76,498,2,2,2,3,"90, BD DU 11 NOVEMBRE",49.41672,1.07024
201400035083,16,2,14,13,1,76,540,2,1,1,6,"31, R BLAISE PASCAL",49.42994,1.08028
201400035084,17,2,14,7,5,76,410,2,1,2,6,AV DU  VAL AUX DAMES,49.47868,1.03526
201400035085,17,2,14,18,5,76,540,2,1,1,3,AV JEAN  RONDEAUX,49.43665,1.07823
201400035086,14,2,14,8,2,76,681,2,3,2,3,"55, R RASPAIL",49.4157,1.09464
201400035087,11,2,14,6,5,76,540,2,3,2,3,"5, R DU DOCTEUR GALLOUEN",49.43463,1.11784
201400035088,14,2,14,8,1,76,108,2,1,1,6,"1063, RTE DE NEUFCHATEL",49.45323,1.10388
201400035089,16,2,14,13,1,76,540,2,3,1,6,AV DE BRETAGNE,49.43222,1.08451
201400035090,17,2,14,13,1,76,575,2,1,1,6,"8, R VICTOR DURUY",49.40016,1.07281
201400035091,17,2,14,15,1,76,103,2,1,1,2,"03, RTE DE PARIS",49.41822,1.13089
201400035092,7,2,14,13,1,76,540,2,2,2,3,R JEANNE D'ARC,49.4402,1.08946
201400035093,12,2,14,13,1,76,322,2,1,1,4,RN 338,49.41534,1.04519
201400035094,16,2,14,22,5,76,451,2,2,2,3,"35, RTE DE MAROMME",49.47099,1.07654
201400035095,20,2,14,6,3,76,108,2,1,2,6,"2140, RTE DE NEUFCHATEL",49.46157,1.11126
201400035096,20,2,14,8,2,76,497,1,4,2,2,RN 138,49.37557,1.0472
201400035097,28,2,14,8,1,76,540,2,1,2,1,"75, AV DU MONT RIBOUDET",49.44736,1.06828
201400035098,5,3,14,17,1,76,322,2,4,1,3,"35, BD DE VERDUN",49.41443,1.05077
201400035099,4,3,14,10,1,76,540,2,3,1,2,AV ARISTIDE BRIAND,49.435,1.10477
201400035100,27,2,14,8,2,76,540,2,1,1,6,"98, AV DE CAEN",49.42944,1.07353
201400035101,7,3,14,19,3,76,497,2,1,2,4,N 138,49.3768,1.04826
201400035102,9,3,14,8,1,76,540,2,2,1,3,R DE CONSTANTINE,49.44899,1.0669
201400035103,9,3,14,18,1,76,108,2,6,1,3,ROND POINT DES ROUGES TE,49.48301,1.13278
201400035104,12,3,14,1,5,76,540,2,2,1,2,"33, R HENRI MARTIN",49.42964,1.09287
201400035105,12,3,14,12,1,76,540,2,2,1,2,AV BERNARD BICHERAY,49.45071,1.057
201400035106,6,3,14,16,1,76,484,2,2,1,3,AV DU GENERAL DE GAULLE,49.34284,1.09007
201400035107,13,3,14,10,1,76,108,2,6,1,2,ROND POINT DES MOBILES,49.47767,1.10062
201400035108,9,3,14,15,1,76,540,2,3,1,2,AV JEAN RONDEAUX,49.43587,1.07736
201400035109,14,3,14,18,1,76,319,1,1,1,4,RN 138,49.34478,1.01335
201400035110,13,3,14,11,1,76,474,2,1,1,6,R DES FUSILLES,49.4814,1.04938
201400035111,16,3,14,19,2,76,498,2,2,1,3,"1, R JULES MICHELET",49.41392,1.07385
201400035112,19,3,14,16,1,76,322,2,2,1,3,AV LEON  BLUM,49.408,1.04584
201400035113,15,3,14,18,2,76,429,2,2,1,3,"176, RTE DE PARIS",49.41618,1.1337
201400035114,22,3,14,13,1,76,599,2,3,1,3,"2, GRANDE RUE",49.43588,1.15239
201400035115,21,3,14,23,5,76,540,2,1,1,3,"07, QU DU HAVRE",49.43911,1.08806
201400035116,22,3,14,20,5,76,319,2,3,1,5,R NELSON MANDELA,49.36479,1.01198
201400035117,4,3,14,11,1,76,497,2,1,1,3,,49.3724,1.04389
201400035118,20,3,14,18,1,76,575,2,2,1,3,"125, R DU MADRILLET",49.39476,1.07352
201400035119,25,3,14,9,1,76,540,2,4,1,6,"114, R GRIEU",49.44627,1.12709
201400035120,26,3,14,9,1,76,157,2,1,1,3,"51, R DU CANAL",49.45725,1.04418
201400035121,24,3,14,8,1,76,498,2,1,1,4,,49.43464,1.06935
201400035122,7,3,14,7,1,76,540,2,1,1,3,"136, R SAINT HILAIRE",49.44234,1.10705
201400035123,28,3,14,11,1,76,322,2,6,1,5,AV FRANKLIN ROOSEVELT,49.40511,1.04316
201400035124,27,3,14,8,1,76,681,2,1,1,6,R PAUL ELUARD,49.40593,1.09779
201400035125,29,3,14,18,1,76,681,2,1,1,3,R  PAUL ELUARD,49.40574,1.09812
201400035126,19,3,14,6,5,76,319,1,1,1,3,,49.35488,1.03092
201400035127,4,4,14,20,1,76,575,1,1,1,2,BD LENINE,49.39264,1.11137
201400035128,2,4,14,16,1,76,319,2,1,1,6,R VICTOR HUGO,49.35544,1.00806
201400035129,9,4,14,15,1,76,498,2,1,1,6,"49, AV JEAN JAURES",49.42756,1.06701
201400035130,5,4,14,15,1,76,575,1,1,1,2,BD LENINE,49.38547,1.10994
201400035131,2,3,14,23,5,76,498,2,6,2,3,R ABBE LEMIRE,49.41629,1.05468
201400035132,13,4,14,18,1,76,575,2,2,1,3,AV AMBROISE CROIZAT,49.37492,1.10265
201400035133,6,4,14,18,1,76,540,2,1,1,4,PONT PIERRE CORNEILLE,49.43561,1.09523
201400035134,12,4,14,16,1,76,575,2,6,1,6,AV DE FELLING,49.38811,1.07226
201400035135,15,4,14,18,1,76,540,2,1,1,2,PONT GUILLAUME LE CONQUE,49.4401,1.08106
201400035136,14,4,14,9,1,76,498,2,1,1,6,"75, AV JEAN JAURES",49.42732,1.06527
201400035137,17,4,14,8,1,76,540,2,2,1,3,AV BERNARD BICHERAY,49.44917,1.04782
201400035138,23,4,14,9,1,76,540,2,1,1,7,AV DE LA GRAND MARE,49.44167,1.13208
201400035139,21,4,14,6,1,76,410,2,3,1,5,"47, RTE DE DIEPPE",49.47549,1.04822
201400035140,20,4,14,6,5,76,681,2,1,9,6,MADRILLET,49.40799,1.07611
201400035141,3,5,14,19,1,76,540,2,1,1,6,"100, R JEANNE D'ARC",49.4464,1.09321
201400035142,5,5,14,21,1,76,540,2,3,1,4,AV JEAN  RONDEAUX,49.43791,1.07931
201400035143,9,5,14,7,1,76,540,2,2,9,2,"134, AV DU MONT RIBOUDET",49.44628,1.07117
201400035144,25,4,14,17,1,76,484,1,1,1,1,BD DAMBOURNEY,49.36195,1.11056
201400035145,9,5,14,13,1,76,366,2,1,1,6,,49.50184,1.04289
201400035146,16,5,14,16,1,76,681,2,1,1,7,"57, BD INDUSTRIEL",49.40379,1.11101
201400035147,17,5,14,0,5,76,540,2,3,1,6,"59, R PIERRE RENAUDEL",49.4279,1.08978
201400035148,3,5,14,20,1,76,322,1,1,1,7,RN 338,49.41325,1.04268
201400035149,24,5,14,2,5,76,540,2,9,1,6,"27, R GRAND PONT",49.43961,1.09289
201400035150,24,5,14,3,3,76,5,1,6,1,6,,49.40852,1.12136
201400035151,10,5,14,3,3,76,157,1,1,1,6,,49.46329,1.01959
201400035152,15,4,14,19,1,76,457,2,3,1,3,"1020, R LOUIS MOGUEN",49.34266,0.95361
201400035153,19,4,14,11,1,76,108,2,1,1,6,"145, CH DE LA BRETEQUE",49.47338,1.11261
201400035154,22,4,14,8,1,76,319,1,1,1,3,RN 138,49.36413,1.03852
201400035155,18,4,14,20,1,76,575,2,6,1,7,R JULIAN GRIMAU,49.38714,1.08434
201400035156,27,4,14,14,1,76,103,2,2,1,3,"67, RTE DE PARIS",49.42241,1.12589
201400035157,9,5,14,14,1,76,540,2,3,1,3,AV ARISTIDE BRIAND,49.43513,1.10522
201400035158,4,5,14,7,1,76,540,2,2,1,3,R DE FONTENAY,49.43791,1.10211
201400035159,5,6,14,7,1,76,575,1,1,1,6,BD LENINE,49.37282,1.11573
201400035160,28,5,14,16,1,76,540,2,5,2,7,"7, BD DE LA MARNE",49.44722,1.09376
201400035161,22,5,14,15,1,76,540,2,2,1,6,"17, R JEAN LECANUET",49.44389,1.0962
201400035162,4,6,14,17,1,76,322,2,2,1,6,"2, AV LEON BLUM",49.40663,1.04985
201400035163,4,6,14,16,1,76,540,2,2,2,2,AV DU GRAND COURS,49.426,1.10548
201400035164,5,6,14,19,1,76,497,2,1,1,2,"1519, R ARISTIDE BRIAND",49.38508,1.02181
201400035165,5,5,14,21,1,76,498,2,1,1,6,R DES LIMITES,49.42672,1.06863
201400035166,6,6,14,19,1,76,402,1,1,1,1,,49.52647,1.06961
201400035167,8,6,14,18,1,76,451,2,6,1,2,RTE D HOUPPEVILLE,49.46904,1.09001
201400035168,10,6,14,8,1,76,498,1,1,1,4,,49.42729,1.05608
201400035169,28,5,14,12,1,76,540,2,1,3,7,QU DE LA BOURSE,49.43876,1.08916
201400035170,9,6,14,17,1,76,575,2,3,1,1,PERI HENRI WALLON,49.39666,1.07309
201400035171,3,6,14,14,1,76,216,2,1,1,2,"1B, AV DU GENERAL LECLER",49.45521,1.05605
201400035172,10,6,14,14,1,76,575,2,1,1,6,PARC SAINT JUST,49.3942,1.06912
201400035173,15,5,14,7,1,76,575,2,2,1,3,R JEAN JACQUES  ROUSSEAU,49.38102,1.10745
201400035174,12,6,14,17,1,76,540,2,1,1,7,BD D ORLEANS,49.43676,1.07993
201400035175,13,6,14,13,1,76,95,2,2,1,2,"178, RTE DE NEUFCHATEL",49.45616,1.10721
201400035176,14,6,14,11,1,76,322,2,5,1,3,BD DE VERDUN,49.41611,1.05394
201400035177,28,5,14,18,1,76,540,2,1,1,6,"23, R ROLLON",49.44283,1.08933
201400035178,18,5,14,17,1,76,540,2,3,1,3,R DE  VICOMTE,49.44084,1.08839
201400035179,13,6,14,13,1,76,681,2,3,1,3,"4, R PAUL ELUARD",49.39929,1.09975
201400035180,20,6,14,7,1,76,540,2,3,1,6,QU DE BOISGUILBERT,49.44262,1.07672
201400035181,20,6,14,17,1,76,575,2,1,1,6,R DES COQUELICOTS,49.39075,1.09696
201400035182,14,5,14,19,1,76,451,2,2,1,3,"1, FONDS THIREL. RUE DES",49.46097,1.08643
201400035183,22,6,14,21,1,76,497,1,1,1,1,,49.39648,1.03262
201400035184,17,6,14,8,1,76,103,2,6,1,6,"2, R ARMAND REQUIER",49.42412,1.12452
201400035185,24,6,14,13,1,76,474,2,3,1,6,"148, RTE DE DIEPPE",49.48787,1.04887
201400035186,26,6,14,15,1,76,103,2,1,1,6,"11, RTE NEUVE",49.41669,1.1312
201400035187,27,6,14,15,1,76,103,2,1,2,1,"9, R DE LA REPUBLIQUE",49.42647,1.11276
201400035188,7,6,14,15,1,76,540,2,1,1,6,"63, AV DU MONT RIBOUDET",49.44689,1.0693
201400035189,1,7,14,16,1,76,540,1,1,1,6,,49.45453,1.0524
201400035190,2,7,14,18,1,76,681,1,1,1,4,BD INDUSTRIEL,49.40011,1.11116
201400035191,2,7,14,19,1,76,322,2,6,1,7,AV FRANKLIN ROOSEVELT,49.40838,1.0382