Num_Acc,jour,mois,an,hr,condition_eclairage,departement,commune,condition_agglomeration,intersection,condition_atmosphere,type_collision,adresse,lattitude,longitude
201400035192,3,7,14,7,1,76,540,2,1,1,6,,49.447,1.0616
201400035193,27,6,14,15,1,76,540,2,2,1,6,"18, AV JEAN RONDEAUX",49.43179,1.07378
201400035194,5,7,14,1,5,76,157,1,1,1,7,COTE DE CANTELEU,49.44788,1.04618
201400035195,3,7,14,19,1,76,474,2,3,1,6,"204, RTE DE DIEPPE",49.4892,1.04926
201400035196,6,7,14,23,5,76,498,2,6,1,6,"167 C, AV DES ALLIES",49.42345,1.05422
201400035197,11,7,14,15,1,76,540,2,1,1,6,"29, R JEANNE D'ARC",49.44203,1.09055
201400035198,12,7,14,15,1,76,540,1,1,1,2,,49.44971,1.05987
201400035199,12,7,14,17,1,76,540,2,5,1,6,PL DU DOCTEUR ALFRED CER,49.44618,1.09504
201400035200,4,7,14,16,1,76,484,2,1,2,6,"26, R MAURICE LEVERGER",49.36205,1.09926
201400035201,18,7,14,16,1,76,540,2,1,1,6,PONT PIERRE CORNEILLE,49.43501,1.0939
201400035202,21,7,14,17,1,76,540,2,2,1,3,"2, R JEAN LECANUET",49.44355,1.09816
201400035203,20,7,14,16,1,76,575,2,1,1,6,PERI SAINT JUST,49.39393,1.06993
201400035204,26,7,14,18,1,76,497,2,1,1,7,"2, BD MARITIME",49.37945,1.01331
201400035205,26,7,14,21,1,76,540,2,1,1,6,"45, QU DE PARIS",49.43699,1.09704
201400035206,1,8,14,19,1,76,497,2,6,1,6,R DE LA PIERRE D'ETAT,49.38721,1.028
201400035207,3,8,14,18,1,76,540,2,3,1,6,R FRANCOIS COUPERIN,49.44999,1.13845
201400035208,1,8,14,7,1,76,540,2,2,1,3,"16, R BOUQUET",49.44824,1.09186
201400035209,1,8,14,20,1,76,540,2,1,1,6,"18, R CLAUDE DELVINCOURT",49.45485,1.1287
201400035210,4,8,14,21,1,76,575,2,3,1,6,PL DE L EGLISE,49.38267,1.10604
201400035211,9,8,14,15,1,76,497,1,1,1,7,RN 138,49.36871,1.04126
201400035212,11,8,14,16,1,76,540,2,1,1,6,PL DES COTONNIERS,49.43088,1.08191
201400035213,11,8,14,14,1,76,486,1,1,1,6,"1, RD 938 (VERS GRAND CO",49.33635,1.01292
201400035214,12,8,14,22,5,76,108,2,1,1,6,"215, R DE LA HAIE",49.45924,1.10583
201400035215,13,8,14,16,1,76,322,2,2,1,3,R SADI CARNOT,49.41099,1.03176
201400035216,15,8,14,4,5,76,484,1,6,2,6,,49.34577,1.07699
201400035217,11,8,14,18,1,76,497,2,2,1,2,"82, R ARISTIDE BRIAND",49.39118,1.02325
201400035218,19,8,14,10,1,76,540,2,1,1,2,R MERIDIENNE,49.42592,1.08234
201400035219,24,6,14,23,5,76,540,2,2,1,3,AV JEAN RONDEAUX,49.4388,1.08012
201400035220,25,7,14,12,1,76,322,2,2,1,3,AV FRANKLIN ROOSEVELT,49.4102,1.03087
201400035221,30,7,14,9,1,76,540,2,3,1,6,"51, PAS FLEURY",49.42764,1.07426
201400035222,14,8,14,9,1,76,319,1,1,1,1,,49.34514,1.01129
201400035223,6,8,14,17,1,76,540,2,2,1,2,"02, R DU MAIL",49.42825,1.09304
201400035224,23,8,14,21,2,76,540,2,1,1,6,"1, R DE LA REPUBLIQUE",49.43756,1.0963
201400035225,23,8,14,18,1,76,103,2,1,1,6,"01, R BOIELDIEU",49.41932,1.12995
201400035226,12,6,14,8,1,76,484,2,1,1,7,BD DAMBOURNEY,49.35583,1.11376
201400035227,27,8,14,20,1,76,319,1,1,1,6,BD DU GRAND AULNAY,49.34431,0.97379
201400035228,3,9,14,22,5,76,231,2,1,1,6,"21, CRS CARNOT",49.28706,1.01648
201400035229,6,9,14,0,5,76,540,2,1,1,7,R DU VAL D'EAUPLET,49.4327,1.10789
201400035230,6,9,14,20,1,76,540,2,4,1,2,R NANSEN.,49.45048,1.05912
201400035231,13,8,14,17,1,76,319,2,2,1,3,R PICOT,49.35304,1.01005
201400035232,16,7,14,16,1,76,540,2,3,1,3,"5, R DE SOTTEVILLE",49.42531,1.08793
201400035233,13,9,14,15,1,76,103,2,3,1,4,"118 A, RTE DE PARIS",49.4282,1.11711
201400035234,1,8,14,13,1,76,497,2,3,1,6,"94,R JACQUES DAGUERRE",49.38659,1.0281
201400035235,25,8,14,14,1,76,540,2,3,2,3,AV ARISTIDE BRIAND,49.43497,1.10516
201400035236,16,9,14,16,1,76,216,2,1,1,2,RTE DE DIEPPE,49.46935,1.05033
201400035237,9,9,14,16,1,76,131,2,7,1,3,"11, Bateau (Place du)",49.35232,0.93043
201400035238,1,9,14,13,1,76,497,2,1,1,3,"348, R ARISTIDE BRIAND",49.3954,1.02439
201400035239,17,9,14,15,1,76,451,2,4,1,6,RTE D HOUPPEVILLE,49.47077,1.09152
201400035240,21,9,14,2,5,76,540,2,3,1,4,RTE DU HAVRE,49.45115,1.05707
201400035241,18,9,14,15,1,76,681,2,2,1,7,R PIERRE NENDES FRANCE,49.41454,1.09152
201400035242,21,9,14,7,2,76,540,2,3,2,2,BD DE L YSER,49.44774,1.10216
201400035243,10,9,14,17,1,76,681,2,2,1,3,"29, AV DES CANADIENS",49.41665,1.07597
201400035244,27,9,14,21,5,76,498,2,6,1,1,R CHEVREUL,49.42367,1.0589
201400035245,27,9,14,16,1,76,540,2,2,1,3,QU JEAN MOULIN,49.43588,1.09035
201400035246,28,9,14,19,1,76,410,1,1,1,1,AV DU VAL AUX DAMES,49.4733,1.03411
201400035247,27,9,14,17,1,76,540,2,1,1,3,R JEAN LECANUET,49.44429,1.09418
201400035248,23,9,14,7,1,76,157,1,5,1,5,RTE DE DUCLAIR,49.44502,0.99188
201400035249,19,9,14,15,1,76,157,2,1,1,6,"1, AV CHARLES GOUNOD",49.45455,1.03293
201400035250,16,9,14,15,1,76,157,2,1,1,1,RTE DE DUCLAIR,49.46424,1.04043
201400035251,24,8,14,17,1,76,575,2,1,1,7,"23, AV DE LA MARE AUX DA",49.3861,1.07096
201400035252,27,9,14,17,1,76,540,2,2,1,3,QU PIERRE CORNEILLE,49.4381,1.09179
201400035253,1,10,14,8,1,76,451,2,3,1,6,AV DU MONT AUX MALADES,49.46417,1.07396
201400035254,22,9,14,16,1,76,540,2,1,1,6,"10, R DE LA REPUBLIQUE",49.43788,1.09656
201400035255,3,10,14,14,1,76,681,2,1,1,7,PL DE L HOTEL DE VILLE,49.41483,1.0888
201400035256,7,10,14,8,2,76,540,2,3,2,7,"180, R SAINT JULIEN",49.42559,1.07366
201400035257,7,10,14,12,1,76,95,2,2,1,3,R VICTOR BOUCHER,49.46268,1.12997
201400035258,10,10,14,8,1,76,497,2,1,1,6,"375, R DE LA PIERRE D ET",49.38766,1.02716
201400035259,7,10,14,19,2,76,451,2,4,1,2,R SAINT MAUR,49.45352,1.08553
201400035260,13,10,14,14,1,76,402,2,2,1,3,"36, R DU DOCTEUR LE ROY",49.52487,1.03522
201400035261,8,10,14,7,4,76,322,2,2,3,6,BD MAURICE RAVEL,49.40699,1.04533
201400035262,11,10,14,17,1,76,484,2,1,1,6,"23,R MAURICE LEVERGER",49.3617,1.10042
201400035263,12,10,14,14,1,76,540,2,1,1,1,R LE VERRIER,49.45479,1.13591
201400035264,17,10,14,23,5,76,540,2,1,1,6,"11, R ROLLON",49.44269,1.08982
201400035265,26,10,14,3,5,76,540,2,2,1,3,AV  RONDEAUX,49.43461,1.07644
201400035266,25,10,14,15,1,76,575,2,6,1,7,,49.36764,1.10569
201400035267,29,10,14,10,1,76,540,2,2,1,3,BD JEAN DE BETHENCOURT,49.43896,1.07981
201400035268,28,10,14,13,1,76,575,2,6,1,3,R DU VELAY,49.37281,1.09784
201400035269,30,10,14,14,1,76,322,2,3,1,3,AV FRANKLIN ROOSEVELT,49.39937,1.05697
201400035270,5,11,14,1,5,76,717,1,1,1,2,AV DE QUENNEPORT,49.38864,1.00733
201400035271,2,11,14,0,5,76,498,2,2,1,6,R DE STALINGRAD,49.43279,1.06078
201400035272,16,10,14,12,1,76,540,2,6,1,3,RD POINT DE MADAGASCAR,49.43724,1.06676
201400035273,5,11,14,9,1,76,540,2,1,1,6,"6, R DE TUNIS",49.44943,1.06881
201400035274,16,10,14,7,2,76,540,2,1,2,6,"147, R LA FAYETTE",49.43066,1.08622
201400035275,31,10,14,17,1,76,540,2,3,1,6,BD D ORLEANS,49.43591,1.0841
201400035276,31,10,14,20,5,76,681,2,2,1,2,BD INDUSTRIEL,49.42113,1.10678
201400035277,24,10,14,14,1,76,540,1,1,2,3,A 150,49.45245,1.05521
201400035278,6,11,14,17,1,76,322,2,3,1,3,R HENRI MATISSE,49.40204,1.03919
201400035279,13,11,14,19,5,76,540,2,3,1,3,AV JEAN  RONDEAUX,49.43563,1.07718
201400035280,13,11,14,14,1,76,451,2,1,1,6,BD ANDRE SIEGFRIED,49.45778,1.06442
201400035281,9,11,14,8,1,76,575,2,1,2,6,"239, R GAMBETTA",49.37691,1.10713
201400035282,22,10,14,13,1,76,402,2,2,1,3,R GEORGES PELLERIN,49.52487,1.03524
201400035283,12,11,14,12,1,76,429,2,2,1,6,"48, RTE DE PARIS",49.40833,1.14591
201400035284,14,11,14,8,1,76,540,2,3,1,3,R FRANCOIS COUPERIN,49.45109,1.1383
201400035285,14,11,14,9,1,76,540,2,1,2,1,"62, RTE DE NEUFCHATEL",49.45316,1.09817
201400035286,13,11,14,17,1,76,216,2,1,1,3,"293, RTE DE DIEPPE",49.46993,1.05015
201400035287,18,11,14,13,1,76,410,1,1,2,3,COTE DE LA VALETTE,49.48719,1.02478
201400035288,17,11,14,7,5,76,540,2,1,1,4,RN 338,49.43478,1.0725
201400035289,20,11,14,1,5,76,681,1,2,1,3,BD INDUSTRIEL,49.42145,1.10661
201400035290,20,11,14,17,1,76,540,2,3,1,3,"1, BOULET. QUAI GASTON",49.44177,1.08091
201400035291,22,11,14,18,5,76,540,2,2,1,6,"18, BD DE LA MARNE",49.4471,1.09352
201400035292,23,11,14,4,5,76,410,2,1,2,6,R GARSTEDT,49.48025,1.02961
201400035293,24,11,14,15,1,76,322,1,1,1,3,,49.41828,1.04832
201400035294,24,11,14,18,5,76,451,2,2,1,6,BD ANDRE SIEGFRIED,49.46592,1.07079
201400035295,20,11,14,17,5,76,540,2,3,1,6,QU DE BOISGUILBERT,49.44261,1.0767
201400035296,25,11,14,14,1,76,540,2,2,1,3,,49.43459,1.07641
201400035297,24,9,14,17,1,76,498,2,1,2,6,"208, AV JEAN JAURES",49.4252,1.05659
201400035298,26,11,14,16,1,76,484,2,1,9,6,"52, R DE LA REPUBLIQUE",49.34176,1.09618
201400035299,25,11,14,16,1,76,497,2,6,1,2,R GERMAINE BEAUMONT,49.39652,1.03099
201400035300,18,11,14,21,5,76,540,2,3,1,3,"112, R SAINT HILAIRE",49.4423,1.10803
201400035301,30,11,14,20,5,76,322,2,1,1,2,R GAY LUSSAC,49.41495,1.04403
201400035302,28,11,14,8,1,76,216,2,1,1,3,"243, RTE DE DIEPPE",49.46704,1.0513
201400035303,28,11,14,13,1,76,319,2,1,3,1,"26, R JEAN MOULIN",49.34962,1.0256
201400035304,1,12,14,8,1,76,540,2,2,1,6,"6, R LOUIS RICARD",49.44449,1.09937
201400035305,3,12,14,17,5,76,681,2,2,1,6,R LEON BLUM,49.42046,1.08963
201400035306,5,12,14,17,5,76,322,2,1,1,6,"12, AV JOHN FITZGERALD K",49.40899,1.05054
201400035307,9,12,14,17,5,76,322,2,1,2,6,"114, AV DES PROVINCES",49.40899,1.05117
201400035308,15,12,14,14,1,76,540,2,3,1,6,"13, R DE CONSTANTINE",49.44576,1.07807
201400035309,16,12,14,18,5,76,540,2,2,1,5,"106, RTE DU HAVRE",49.45278,1.05659
201400035310,18,12,14,17,1,76,575,2,1,1,6,AV DE LA MARE AUX DAIMS,49.38638,1.07095
201400035311,18,12,14,19,5,76,95,2,2,8,3,AV DU MARECHAL JUIN,49.46211,1.12257
201400035312,12,12,14,7,5,76,540,2,3,2,3,AV DE LA GRAND MARE,49.45871,1.13511
201400035313,13,12,14,16,1,76,322,2,6,2,3,AV FRANKLIN ROOSEVELT,49.40519,1.04306
201400035314,18,12,14,16,1,76,540,2,2,1,7,"1, BD DE LA MARNE",49.44729,1.09509
201400035315,16,12,14,16,2,76,322,2,1,1,6,R LAMARTINE,49.41357,1.05582
201400035316,27,12,14,6,5,76,540,2,2,2,3,AV ARISTIDE BRIAND,49.43464,1.10588
201400035317,11,1,14,15,1,77,108,2,1,1,6,"48, MARECHAL FOCH (AVENU",0.0,0.0
201400035318,15,1,14,9,1,77,108,2,1,1,6,"12, SOURCES (AVENUE DES)",0.0,0.0
201400035319,15,1,14,20,5,77,108,2,1,2,2,"18, GRAND JARDIN (PLACE",0.0,0.0
201400035320,16,1,14,17,2,77,108,2,1,2,3,"7, NAST (RUE GUSTAVE)",0.0,0.0
201400035321,20,1,14,18,5,77,108,2,1,1,6,"1, ILETTE (RUE DE L' )",0.0,0.0
201400035322,30,12,14,15,1,77,108,2,1,1,6,"14, SYLVIE (AVENUE DE)",0.0,0.0
201400035323,25,1,14,5,5,77,479,2,1,3,6,TORCY (ROUTE DE),0.0,0.0
201400035324,30,1,14,13,1,77,108,2,3,1,3,MONTFERMEIL (ROUTE DE),0.0,0.0
201400035325,8,2,14,15,1,77,108,2,1,2,1,"08, HAUTE BORNE (RUE DE",0.0,0.0
201400035326,15,2,14,15,1,77,108,2,2,1,3,"19, ETERLET (RUE LOUIS )",0.0,0.0
201400035327,16,2,14,18,5,77,108,2,1,1,6,GENDARME CASTERMANT (AVE,0.0,0.0
201400035328,4,3,14,11,1,77,479,2,1,1,6,"26, LORRAINE (BOULEVARD",0.0,0.0
201400035329,6,3,14,9,1,77,479,2,1,1,6,"01, GUE DE LAUNAY (CHEMI",0.0,0.0
201400035330,24,3,14,8,1,77,108,2,1,1,3,"02, BICKART (RUE ALEXAND",0.0,0.0
201400035331,26,3,14,12,1,77,108,2,9,8,4,"01, SOURCES (AVENUE DES)",0.0,0.0
201400035332,5,4,14,18,1,77,55,2,3,1,3,"36, THIEBAULT (AVENUE VI",0.0,0.0
201400035333,16,4,14,11,1,77,108,1,1,1,2,"63, GUETTE (CHEMIN DE LA",0.0,0.0
201400035334,16,4,14,19,1,77,108,2,1,1,6,"33, GAMBETTA ( RUE )",0.0,0.0
201400035335,19,4,14,23,5,77,108,2,3,1,6,"12, MARECHAL FOCH (AVENU",0.0,0.0
201400035336,21,4,14,7,1,77,108,2,1,1,6,"2, GENDARME CASTERMANT (",0.0,0.0
201400035337,25,4,14,21,2,77,363,1,1,1,7,CLAYE (ROUTE DE),0.0,0.0
201400035338,26,4,14,15,1,77,108,2,1,2,4,"32, MARECHAL FOCH (AVENU",0.0,0.0
201400035339,29,4,14,17,1,77,108,2,1,3,6,"14, SYLVIE (AVENUE DE)",0.0,0.0
201400035340,4,5,14,14,1,77,517,1,1,1,3,CD 404,0.0,0.0
201400035341,8,5,14,17,1,77,479,2,3,2,3,"18, JAURES ( AVENUE JEAN",0.0,0.0
201400035342,10,5,14,14,1,77,108,2,1,2,2,"7, SYLVIE (AVENUE DE)",0.0,0.0
201400035343,16,5,14,9,1,77,108,2,1,1,3,"17 bis, MARECHAL FOCH (A",0.0,0.0
201400035344,17,5,14,23,3,77,517,1,3,1,3,CD 404,0.0,0.0
201400035345,30,5,14,8,1,77,108,2,9,1,6,"54, RESISTANCE (AVENUE D",0.0,0.0
201400035346,28,5,14,17,1,77,108,2,1,2,1,TRINQUAND (AVENUE FRANCO,0.0,0.0
201400035347,4,6,14,15,1,77,55,2,9,2,6,BOIS (RUE DES),0.0,0.0
201400035348,5,6,14,17,1,77,108,2,1,1,2,"18, NAST (RUE GUSTAVE)",0.0,0.0
201400035349,7,6,14,16,1,77,108,2,1,1,1,GOURNAY ( PONT DE ),0.0,0.0
201400035350,8,6,14,14,1,77,139,2,1,1,7,"118, CHAT (ROUTE DU)",0.0,0.0
201400035351,23,6,14,0,5,77,108,2,3,1,3,ETERLET (RUE LOUIS ),0.0,0.0
201400035352,23,6,14,9,1,77,108,2,1,1,3,GOURNAY (RUE DE),0.0,0.0
201400035353,2,7,14,19,1,77,139,2,1,1,6,"4, EUROPE (AVENUE DE L')",0.0,0.0
201400035354,4,7,14,18,1,77,517,1,2,1,3,CD 404,0.0,0.0
201400035355,30,7,14,11,1,77,108,2,9,1,3,RESISTANCE (AVENUE DE LA,0.0,0.0
201400035356,26,7,14,17,1,77,108,2,1,1,6,"68, RESISTANCE (AVENUE D",0.0,0.0
201400035357,29,8,14,11,1,77,55,2,1,1,2,"46bis, BOCAGES (ALLEE DE",0.0,0.0
201400035358,31,8,14,19,1,77,108,2,1,1,2,"53, MARECHAL FOCH (AVENU",0.0,0.0
201400035359,3,9,14,10,1,77,108,2,1,1,6,JAURES (AVENUE JEAN),0.0,0.0
201400035360,20,9,14,16,1,77,108,2,1,1,6,"27, NAST (RUE GUSTAVE)",0.0,0.0
201400035361,27,9,14,9,1,77,139,2,2,1,3,HETRES (RUE DES),0.0,0.0
201400035362,30,9,14,17,1,77,108,2,1,1,6,"32, MARECHAL FOCH (AVENU",0.0,0.0
201400035363,13,10,14,12,1,77,108,2,1,1,6,"0, SYLVIE (AVENUE DE)",0.0,0.0
201400035364,18,10,14,8,1,77,108,2,1,1,6,CLAYE (AVENUE DE),0.0,0.0
201400035365,5,11,14,15,1,77,108,2,1,1,6,"32, MARECHAL FOCH (AVENU",0.0,0.0
201400035366,29,10,14,15,1,77,108,2,1,1,6,"32, MARECHAL FOCH (AVENU",0.0,0.0
201400035367,12,11,14,16,1,77,108,2,1,1,6,CLAYE (AVENUE DE),0.0,0.0
201400035368,28,11,14,11,1,77,108,2,2,8,3,"12, LAUSSEDAT (AVENUE)",0.0,0.0
201400035369,10,12,14,17,1,77,139,2,6,1,1,"0, ILE DE FRANCE (ROND P",0.0,0.0
201400035370,8,12,14,20,5,77,108,2,3,1,5,MARECHAL FOCH (AVENUE DU,0.0,0.0
201400035371,12,12,14,18,3,77,108,2,1,3,1,"61, GUETTE (CHEMIN DE LA",0.0,0.0
201400035372,10,12,14,8,5,77,108,2,1,1,6,CLAYE (AVENUE DE),0.0,0.0
201400035373,27,12,14,20,3,77,132,1,6,2,1,EUROPE ( BOULEVARD ),0.0,0.0
201400035374,22,1,14,8,2,77,268,2,9,5,6,"31, CLE DES CHAMPS ( RUE",0.0,0.0
201400035375,17,1,14,11,1,77,18,2,1,1,7,PARIS ( RUE DE ),0.0,0.0
201400035376,15,1,14,13,1,77,131,2,1,2,3,"64, GENERAL LECLERC (RUE",0.0,0.0
201400035377,22,1,14,17,3,77,400,1,2,2,3,"29.500, D 15",0.0,0.0
201400035378,25,1,14,2,3,77,70,1,1,1,6,SAUVAGERE (LIEU DIT LA),0.0,0.0
201400035379,1,2,14,17,1,77,42,2,3,1,2,CHARLES DE GAULLE (AVENU,0.0,0.0
201400035380,5,2,14,10,1,77,131,2,1,8,5,"40, REBAIS (AVENUE DE)",0.0,0.0
201400035381,14,2,14,20,5,77,400,1,1,8,6,"21, D 25",0.0,0.0
201400035382,15,2,14,14,1,77,131,1,1,8,4,D402 (DEVIATION),0.0,0.0
201400035383,2,3,14,18,1,77,131,2,1,1,2,"22, GAMBETTA (COUR)",0.0,0.0
201400035384,14,3,14,13,1,77,131,2,9,1,1,MARNE (BOULEVARD DE LA),0.0,0.0
201400035385,29,3,14,12,1,77,131,2,2,1,5,"5 bis, GRAND MORIN (RUE",0.0,0.0
201400035386,7,4,14,17,1,77,131,2,1,1,7,"1, ELVERT ROBERT (AVENUE",0.0,0.0
201400035387,9,4,14,6,1,77,42,1,2,1,3,RD 222,0.0,0.0
201400035388,17,4,14,15,1,77,70,2,2,7,6,CHATEAU (RUE DU),0.0,0.0
201400035389,28,4,14,18,1,77,131,2,1,1,2,"64, GENERAL LECLERC (RUE",0.0,0.0
201400035390,5,5,14,13,1,77,320,2,1,1,1,"128, GENERAL DE GAULLE (",0.0,0.0
201400035391,11,5,14,20,2,77,70,1,1,2,2,D 934,0.0,0.0
201400035392,13,5,14,19,1,77,131,2,3,1,3,REBAIS (AVENUE DE),0.0,0.0
201400035393,8,5,14,16,1,77,131,2,1,2,2,"10, MARNE (BOULEVARD DE",0.0,0.0
201400035394,20,5,14,16,1,77,371,1,2,1,3,D 934  - AERODROME,0.0,0.0
201400035395,2,6,14,12,1,77,281,2,2,1,5,MONTESQUIOU (RUE),0.0,0.0
201400035396,15,6,14,12,1,77,131,2,3,1,3,STRASBOURG (AVENUE DE),0.0,0.0
201400035397,15,6,14,17,1,77,28,1,1,7,7,TOUCHE  (LIEU DIT),0.0,0.0
201400035398,26,6,14,16,1,77,320,2,2,1,7,LIBERATION (AVENUE DE LA,0.0,0.0
201400035399,1,7,14,17,1,77,371,1,2,1,7,D 15,0.0,0.0
201400035400,8,7,14,14,1,77,400,1,1,2,7,"1, BARNY A EPIED (RUE DE",0.0,0.0
201400035401,10,7,14,8,1,77,131,1,9,2,7,BRISEBECHE (RUE DE LA),0.0,0.0
201400035402,20,7,14,4,3,77,320,1,1,3,2,D 934 (SORTIE MOUROUX AE,0.0,0.0
201400035403,21,7,14,13,1,77,13,1,1,1,7,D402,0.0,0.0
201400035404,30,7,14,18,1,77,70,1,1,1,3,"00, MARTROY (LIEU DIT LE",0.0,0.0
201400035405,30,8,14,6,2,77,371,1,1,1,7,HUERNE (AVENUE DU GENERA,0.0,0.0
201400035406,12,9,14,17,1,77,131,2,3,7,6,"49, STRASBOURG (AVENUE D",0.0,0.0
201400035407,12,10,14,14,1,77,320,2,1,2,6,"21, LIBERATION (AVENUE D",0.0,0.0
201400035408,13,10,14,17,1,77,131,1,1,1,2,D402 (DEVIATION),0.0,0.0
201400035409,24,10,14,16,1,77,131,1,6,1,5,D402 (DEVIATION),0.0,0.0
201400035410,31,10,14,16,1,77,371,1,3,7,3,HUERNE (AVENUE DU GENERA,0.0,0.0
201400035411,2,11,14,21,5,77,281,1,2,2,3,"14, PARADIS (RUE DU)",0.0,0.0
201400035412,9,11,14,2,3,77,70,1,1,1,7,D 209,0.0,0.0
201400035413,10,11,14,20,5,77,42,2,2,1,3,FERTE GAUCHER (RUE DE LA,0.0,0.0
201400035414,19,11,14,19,3,77,433,1,1,5,5,D 402,0.0,0.0
201400035415,8,12,14,11,1,77,131,2,1,2,3,"8, GRAND MORIN (RUE DU)",0.0,0.0
201400035416,17,12,14,19,5,77,42,2,2,2,3,MORIN (RUE DU),0.0,0.0
201400035417,31,12,14,6,3,77,131,1,1,1,6,D402 (DEVIATION),0.0,0.0
201400035418,23,2,14,17,1,77,186,1,1,1,2,RD148 carrefour DIANE ?,0.0,0.0
201400035419,23,2,14,17,1,77,186,1,1,1,5,RD148 carrefour DIANE ?,0.0,0.0
201400035420,25,3,14,8,2,77,186,1,1,1,6,RD148 carrefour DIANE ?,0.0,0.0
201400035421,1,4,14,19,2,77,186,1,1,1,5,RD607 de Barbizon ? pav?,0.0,0.0
201400035422,12,5,14,10,1,77,186,1,1,1,5,RD607 de Barbizon ? pav?,0.0,0.0
201400035423,14,5,14,15,1,77,186,1,2,1,3,RD152 de l'ob?lisque ? p,0.0,0.0
201400035424,17,5,14,23,3,77,186,1,6,1,7,RD606. de la rochette ?,0.0,0.0
201400035425,18,5,14,22,3,77,186,1,1,1,6,RD152 de l'ob?lisque ? p,0.0,0.0
201400035426,15,6,14,16,1,77,186,1,1,1,3,d301 de chantoiseau /gra,0.0,0.0
201400035427,8,7,14,16,1,77,186,1,1,1,6,D137. PanONF thom. carr.,0.0,0.0
201400035428,6,8,14,8,2,77,186,1,1,2,7,D606 de l'ob?lisque ? li,0.0,0.0
201400035429,15,8,14,8,1,77,186,1,1,1,3,RD607 de Barbizon ? pav?,0.0,0.0
201400035430,29,8,14,19,1,77,186,1,2,1,3,RD152 de l'ob?lisque ? p,0.0,0.0
201400035431,6,9,14,23,3,77,186,1,1,1,1,RD607 de Barbizon ? pav?,0.0,0.0
201400035432,7,9,14,15,1,77,186,1,2,7,3,RD148 carrefour DIANE ?,0.0,0.0
201400035433,13,9,14,14,1,77,186,1,6,1,6,RD607 de Barbizon ? pav?,0.0,0.0
201400035434,2,10,14,18,1,77,186,1,5,1,3,TABLE DU GRAND MAITRE (C,0.0,0.0
201400035435,7,10,14,18,1,77,186,1,1,1,3,D606 de l'ob?lisque ? li,0.0,0.0
201400035436,23,10,14,21,3,77,186,1,1,1,6,RD 142 Gland?e au grand,0.0,0.0
201400035437,1,11,14,16,1,77,14,2,1,1,2,"44, VALVINS (AVENUE DE)",0.0,0.0
201400035438,8,11,14,14,1,77,186,1,1,1,3,RD606. de la rochette ?,0.0,0.0
201400035439,16,12,14,16,5,77,186,2,2,1,7,"209, SAINT MERRY (RUE)",0.0,0.0
201400035440,19,12,14,23,5,77,14,2,1,1,6,DE GAULLE (AVENUE DU GEN,0.0,0.0
201400035441,31,12,14,23,5,77,14,2,1,1,6,"4, TOURING CLUB (RUE DU",0.0,0.0
201400035442,7,3,14,9,1,77,58,2,1,1,6,GENERAL DE GAULLE  (AVEN,0.0,0.0
201400035443,27,3,14,22,3,77,438,1,1,1,2,D934,0.0,0.0
201400035444,10,4,14,6,2,77,237,2,1,1,3,"24, MEAUX  (RUE DE  )",0.0,0.0
201400035445,3,5,14,13,1,77,59,2,1,1,3,"20, CHAMPAGNE  (RUE DE",0.0,0.0
201400035446,27,6,14,10,1,77,243,2,1,1,4,"20, JACQUES LEPAIRE  (RU",0.0,0.0
201400035447,16,10,14,16,1,77,58,2,1,8,6,"3, CLOS SAINT GEORGES (P",0.0,0.0
201400035448,27,11,14,17,5,77,58,2,1,9,2,GENERAL DE GAULLE  (AVEN,0.0,0.0
201400035449,21,1,14,19,5,77,513,2,1,2,2,"66, BRIAND ARISTIDE (RUE",0.0,0.0
201400035450,28,1,14,17,5,77,284,2,1,8,6,"96, JOFFRE (AV.DU ML.)",0.0,0.0
201400035451,21,2,14,20,5,77,284,2,1,2,2,"0, GALLIENI (AVENUE)",0.0,0.0
201400035452,3,3,14,19,5,77,284,2,6,2,3,BAYARD (BD.DU CHEVALIER),0.0,0.0
201400035453,21,3,14,18,1,77,284,2,1,1,6,"3, FROT (AV.PAUL)",0.0,0.0
201400035454,26,3,14,16,1,77,284,2,1,8,6,TESSAN (RUE FRANCOIS DE),0.0,0.0
201400035455,30,3,14,4,3,77,335,1,1,1,1,RD5 (ROUTE DEPARTEMENTAL,0.0,0.0
201400035456,3,4,14,18,1,77,276,1,1,1,1,CD N?436,0.0,0.0
201400035457,25,4,14,19,1,77,284,2,1,1,6,"1, OURCQ (RUE DE L')",0.0,0.0
201400035458,12,5,14,13,1,77,475,2,1,2,5,"11, JOFFRE (RUE DU MAL.)",0.0,0.0
201400035459,16,5,14,18,1,77,335,1,1,1,6,RN 330,0.0,0.0
201400035460,22,5,14,20,2,77,475,2,1,3,4,", VERDUN (AVENUE DE)",0.0,0.0
201400035461,22,5,14,21,2,77,284,2,1,2,4,"83, ALLENDE (AV.SALVADOR",0.0,0.0
201400035462,23,5,14,18,1,77,335,1,2,1,6,RD129 (ROUTE DEPARTEMENT,0.0,0.0