Num_Acc,jour,mois,an,hr,condition_eclairage,departement,commune,condition_agglomeration,intersection,condition_atmosphere,type_collision,adresse,lattitude,longitude
201400035463,28,5,14,10,1,77,284,2,1,1,7,"63 bis, DUNANT (AVENUE H",0.0,0.0
201400035464,30,5,14,18,1,77,284,2,1,1,3,"5, CORNILLON (RUE)",0.0,0.0
201400035465,4,6,14,9,1,77,284,2,1,2,6,"18, PASCAL (RUE)",0.0,0.0
201400035466,24,6,14,6,1,77,284,1,1,1,1,VARREDES (ROUTE DE),0.0,0.0
201400035467,27,6,14,15,1,77,284,2,1,7,4,"0, FOCH (AVENUE DU ML.)",0.0,0.0
201400035468,3,7,14,13,1,77,284,2,3,7,1,"1, SAINT-FARON (RUE)",0.0,0.0
201400035469,11,7,14,0,5,77,284,2,1,2,2,"23, GALLIENI (AVENUE)",0.0,0.0
201400035470,12,7,14,21,1,77,276,1,1,1,7,"1143, CHARLES DE GAULLE",0.0,0.0
201400035471,17,7,14,14,1,77,284,2,1,1,2,"66, TESSAN (RUE FRANCOIS",0.0,0.0
201400035472,22,7,14,17,1,77,284,2,6,1,6,APPEL DU 18 JUIN 1940 (A,0.0,0.0
201400035473,31,7,14,18,1,77,284,2,1,1,6,"1, 11 NOVEMBRE 1918 (RUE",0.0,0.0
201400035474,31,7,14,19,1,77,284,2,1,1,6,"8, ROOSEVELT (AV.DU PDT)",0.0,0.0
201400035475,25,8,14,9,1,77,284,2,1,2,7,"46, EUROPE (PLACE DE L')",0.0,0.0
201400035476,12,9,14,21,5,77,284,2,1,1,3,ALLENDE (AV.SALVADOR),0.0,0.0
201400035477,15,11,14,14,1,77,513,1,6,1,2,RUTEL (CHEMIN DE),48.56572,2.51211
201400035478,19,11,14,20,5,77,369,2,1,1,2,"6, MEAUX (AVENUE DE)",0.0,0.0
201400035479,4,1,14,18,4,77,288,2,1,1,6,"31, THIERS   (AVENUE EX",48.31506,2.39191
201400035480,6,1,14,8,1,77,188,2,1,1,1,MASSOURY (ROUTE DE),0.0,0.0
201400035481,10,2,14,16,1,77,407,2,1,1,1,"10, SAUSSAIE(RUE DE LA)",0.0,0.0
201400035482,11,2,14,16,1,77,306,1,1,1,5,D.471 - D.57,48.35504,2.41309
201400035483,26,2,14,9,1,77,288,2,1,8,6,"57, ARISTIDE BRIAND  (BO",0.0,0.0
201400035484,7,2,14,11,1,77,288,2,1,8,7,"1, GALLIENI  (PLACE)",0.0,0.0
201400035485,17,3,14,10,1,77,389,1,3,1,6,HALAGE(CHEMIN DE),0.0,0.0
201400035486,16,3,14,23,5,77,152,1,9,1,3,DEPARTEMENTALE 142,0.0,0.0
201400035487,19,3,14,15,1,77,288,2,1,1,6,"13, ROBERT SCHUMAN (RUE)",0.0,0.0
201400035488,20,3,14,14,1,77,487,1,2,1,3,R.N 105,0.0,0.0
201400035489,30,3,14,6,5,77,152,2,1,1,6,"30, VAILLANT COUTURIER(A",0.0,0.0
201400035490,25,3,14,14,1,77,152,2,3,1,6,RESISTANCE(RUE DE LA),0.0,0.0
201400035491,4,4,14,23,5,77,487,2,2,1,2,TROIS RODES (DES),0.0,0.0
201400035492,5,4,14,22,3,77,288,2,1,1,6,R.N 105,0.0,0.0
201400035493,10,4,14,7,1,77,288,1,1,1,3,R.N 105,0.0,0.0
201400035494,11,4,14,19,1,77,394,1,3,1,3,R.N 36,0.0,0.0
201400035495,6,5,14,17,1,77,394,2,1,1,6,"00, CHAMPION (CENTRE CIA",0.0,0.0
201400035496,9,5,14,18,1,77,285,2,2,1,5,MARCHE MARAIS (AVENUE DE,0.0,0.0
201400035497,3,5,14,21,5,77,152,2,9,1,6,VOLTAIRE(QUAI),0.0,0.0
201400035498,16,6,14,7,1,77,96,2,3,1,3,"0, GEORGES CLEMENCEAU (R",0.0,0.0
201400035499,24,5,14,16,1,77,378,1,1,1,3,FONTAINEBLEAU(AVENUE DE),0.0,0.0
201400035500,2,7,14,18,1,77,152,2,1,1,3,"722, PRIEUR(AVENUE CHARL",0.0,0.0
201400035501,9,7,14,18,1,77,288,2,3,2,3,MEAUX (AVENUE DE),0.0,0.0
201400035502,22,7,14,12,1,77,306,1,2,1,3,D.471,0.0,0.0
201400035503,1,8,14,17,1,77,288,2,1,1,2,CORBEIL (AVENUE DE),0.0,0.0
201400035504,4,8,14,10,1,77,288,2,3,1,3,GENERAL LECLERC (RUE),0.0,0.0
201400035505,21,8,14,21,2,77,288,2,1,1,3,"2, GENERAL LECLERC (RUE)",0.0,0.0
201400035506,11,9,14,19,1,77,389,1,1,1,3,ROUTE NATIONALE 6,0.0,0.0
201400035507,23,9,14,16,1,77,487,2,1,1,2,"7, CHARTRETTES  (ROUTE D",0.0,0.0
201400035508,27,9,14,19,1,77,285,2,2,1,3,MAURICE DAUVERGNE (AVENU,0.0,0.0
201400035509,2,10,14,21,3,77,152,2,1,1,6,"1, LAGRANGE(RUE LEO)",0.0,0.0
201400035510,27,10,14,20,3,77,394,1,1,1,1,D.471,0.0,0.0
201400035511,1,11,14,19,3,77,152,1,1,1,5,BOURGOGNE(ROUTE DE),0.0,0.0
201400035512,1,11,14,20,5,77,518,1,1,1,2,RD 372,0.0,0.0
201400035513,17,11,14,17,5,77,285,2,1,1,6,"147, MAURICE DAUVERGNE (",0.0,0.0
201400035514,29,9,14,8,1,77,288,2,1,1,6,PRESIDENT DESPATYS  (RUE,0.0,0.0
201400035515,2,12,14,7,5,77,288,2,1,5,6,ROND POINT DE L'EUROPE,0.0,0.0
201400035516,7,12,14,7,3,77,518,1,1,5,6,ROUTE NATIONALE 7,0.0,0.0
201400035517,15,12,14,17,5,77,288,2,1,2,6,"77, MEAUX (AVENUE DE)",0.0,0.0
201400035518,15,12,14,16,1,77,269,1,2,2,3,NANGIS - D408 (ROUTE),0.0,0.0
201400035519,22,12,14,18,5,77,288,2,3,1,3,CHASSE  (RUE DE LA),0.0,0.0
201400035520,3,7,14,15,1,77,445,2,6,1,6,D. 50,0.0,0.0
201400035521,6,1,14,17,4,77,67,1,9,2,2,D.346,0.0,0.0
201400035522,7,1,14,18,4,77,326,2,2,2,3,OLOF PALME (AVENUE),0.0,0.0
201400035523,8,1,14,19,3,77,450,1,3,2,3,RD 319,0.0,0.0
201400035524,13,1,14,7,5,77,445,2,3,1,6,CLOCHER (AVENUE DU),0.0,0.0
201400035525,17,7,14,6,1,77,296,2,3,1,7,HENRI POINTCARE (RUE),0.0,0.0
201400035526,21,2,14,17,1,77,122,2,2,1,7,BATELIERE (RUE),0.0,0.0
201400035527,28,2,14,18,1,77,114,1,1,2,2,D471,0.0,0.0
201400035528,2,3,14,16,1,77,122,2,6,1,7,ANDRE MALRAUX (AVENUE),0.0,0.0
201400035529,4,3,14,9,1,77,445,2,1,1,7,BLUM (AVENUE LEON),0.0,0.0
201400035530,3,3,14,5,5,77,53,1,1,2,6,BUTTE AUX BERGERS (RUE D,0.0,0.0
201400035531,7,3,14,11,1,77,445,2,1,1,6,REGALLES (AVENUE DES),0.0,0.0
201400035532,12,3,14,13,1,77,251,2,2,1,3,VICTOR SCHOELCHER (BOULE,0.0,0.0
201400035533,13,3,14,9,1,77,450,1,3,1,5,RD 319,0.0,0.0
201400035534,14,3,14,15,1,77,251,2,3,7,6,RENE CASSIN (AVENUE),0.0,0.0
201400035535,23,3,14,4,3,77,296,2,2,1,3,"437, JEAN JAURES (AVENUE",0.0,0.0
201400035536,23,4,14,17,1,77,67,2,1,1,7,"5, ROSE DES VENTS (RUE D",0.0,0.0
201400035537,12,5,14,2,5,77,251,1,6,1,6,PAUL DELOUVRIER (AVENUE),0.0,0.0
201400035538,29,3,14,12,1,77,122,2,6,7,3,PABLO PICASSO(RUE),0.0,0.0
201400035539,1,6,14,1,3,77,53,2,1,1,7,FOUR A CHAUX (RUE DU),0.0,0.0
201400035540,30,5,14,16,1,77,296,2,1,1,6,"67, DROITS DE L'HOMME (R",0.0,0.0
201400035541,24,6,14,6,2,77,445,2,1,1,7,PALME (AVENUE OLOF),0.0,0.0
201400035542,29,7,14,22,5,77,296,2,2,8,1,"154, JEAN JAURES (AVENUE",0.0,0.0
201400035543,11,7,14,15,1,77,495,2,2,8,6,PARC D'ACTIVITES DE VERT,0.0,0.0
201400035544,22,8,14,22,5,77,296,2,2,1,1,"411, JEAN JAURES (AVENUE",0.0,0.0
201400035545,28,8,14,12,1,77,445,2,3,2,6,SAVIGNY (RUE DE),0.0,0.0
201400035546,21,9,14,13,1,77,251,2,6,8,7,PAUL DELOUVRIER (AVENUE),0.0,0.0
201400035547,24,9,14,12,1,77,445,2,2,1,3,CAMELINAT (AVENUE ZEPHIR,0.0,0.0
201400035548,24,9,14,18,1,77,67,1,1,1,3,D306,0.0,0.0
201400035549,28,9,14,5,5,77,114,2,1,1,7,"2, RD 216",0.0,0.0
201400035550,29,9,14,20,3,77,114,1,1,1,5,RD 216,0.0,0.0
201400035551,6,10,14,2,3,77,67,1,1,1,6,D.346,0.0,0.0
201400035552,13,10,14,19,5,77,122,2,2,1,1,MOISSY(RUE DE),0.0,0.0
201400035553,19,10,14,5,3,77,296,1,1,5,7,D402,0.0,0.0
201400035554,26,10,14,2,5,77,326,2,6,1,7,D.50,0.0,0.0
201400035555,8,10,14,15,1,77,122,2,1,1,6,JEAN-FRANCOIS MILLET(RUE,0.0,0.0
201400035556,26,11,14,19,3,77,122,2,1,1,7,EUROPE ( Boulevard de l',0.0,0.0
201400035557,4,12,14,16,5,77,53,1,1,1,6,"88, GENERAL LECLERC (RUE",0.0,0.0
201400035558,15,12,14,16,5,77,251,1,1,8,6,PAUL DELOUVRIER (AVENUE),0.0,0.0
201400035559,17,12,14,20,3,77,450,1,1,2,2,RD 319,0.0,0.0
201400035560,16,12,14,18,5,77,53,2,6,8,6,GENERAL LECLERC (RUE DU),0.0,0.0
201400035561,11,6,14,18,1,77,122,2,1,1,2,CHENE(RUE DU),0.0,0.0
201400035562,26,7,14,5,2,77,445,2,1,1,7,"08, CLOCHER (AVENUE DU)",0.0,0.0
201400035563,14,6,14,10,1,77,495,1,2,2,5,D.346,0.0,0.0
201400035564,11,2,14,16,1,77,172,2,1,1,1,"08, rue du Port",0.0,0.0
201400035565,1,2,14,17,1,77,482,2,1,1,6,"24 bis, ROUTE NATIONALE",0.0,0.0
201400035566,11,3,14,14,2,77,482,1,1,5,6,ROUTE DEPARTEMENTALE 28A,0.0,0.0
201400035567,28,3,14,19,2,77,482,1,1,1,1,D606,0.0,0.0
201400035568,30,3,14,1,3,77,482,1,1,1,7,ROUTE NATIONALE 6,0.0,0.0
201400035569,9,4,14,14,1,77,172,1,1,1,1,D 219,0.0,0.0
201400035570,3,9,14,8,1,77,210,1,1,1,7,CD39,0.0,0.0
201400035571,7,9,14,0,5,77,305,2,1,1,1,"22, PARIS (NOUVELLE ROUT",0.0,0.0
201400035572,13,12,14,19,5,77,305,2,1,1,7,"15, JAURES (RUE JEAN)",0.0,0.0
201400035573,8,12,14,7,3,77,210,1,2,5,3,D 210,0.0,0.0
201400035574,16,12,14,16,1,77,305,2,1,1,6,GENERAL PAJOL (RUE DU),0.0,0.0
201400035575,19,12,14,12,1,77,210,1,1,6,2,RD 605,0.0,0.0
201400035576,7,3,14,17,1,77,79,1,1,1,4,EUROPE (PLACE DE L'),0.0,0.0
201400035577,26,5,14,14,1,77,166,1,1,2,3,D 606,0.0,0.0
201400035578,13,6,14,19,1,77,166,2,1,1,3,"39, SENS (AVENUE DE)",0.0,0.0
201400035579,28,6,14,12,1,77,463,2,1,2,6,"33, BY (RUE DE)",0.0,0.0
201400035580,17,10,14,15,1,77,516,1,1,1,5,D 606,0.0,0.0
201400035581,22,4,14,17,1,77,333,2,1,3,7,"1, GIRAULT (RUE)",0.0,0.0
201400035582,19,7,14,9,1,77,216,1,6,1,6,DEPARTEMENTALE 607,0.0,0.0
201400035583,18,9,14,15,1,77,333,2,6,2,7,BOURGOGNE ( ROND POINT D,0.0,0.0
201400035584,22,9,14,6,5,77,458,2,1,1,6,"105, MARECHAL LECLERC (A",0.0,0.0
201400035585,17,11,14,9,1,77,431,1,1,8,6,LARCHANT (RUE DE) RD 16,0.0,0.0
201400035586,18,11,14,18,5,77,333,2,1,2,6,"01, CEZANNE (RUE PAUL)",0.0,0.0
201400035587,14,9,14,15,1,77,333,2,1,1,6,"51, LYON (AVENUE DE)RD 6",0.0,0.0
201400035588,9,1,14,18,5,77,83,2,1,1,6,"20, PARIS (RUE DE)",0.0,0.0
201400035589,14,1,14,9,1,77,258,2,1,1,6,SOUBRIARDE (AVENUE DE LA,0.0,0.0
201400035590,17,1,14,18,4,77,83,2,1,1,6,BOIS DE GRACE (BOULEVARD,0.0,0.0
201400035591,6,2,14,8,1,77,83,2,1,2,6,"17, AMPERE (AVENUE)",0.0,0.0
201400035592,14,2,14,9,1,77,146,2,2,1,6,PLATANES (ALLEE DES),0.0,0.0
201400035593,24,2,14,15,1,77,83,2,1,1,6,"30, PARIS (RUE DE)",0.0,0.0
201400035594,9,3,14,20,2,77,468,2,3,1,3,GEORGES BRASSENS (AVENUE,0.0,0.0
201400035595,12,3,14,8,1,77,83,2,3,1,6,ALBERT SCHWEITZER (RUE),0.0,0.0
201400035596,23,3,14,5,5,77,146,2,1,1,6,"88, VIEILLES VIGNES (RON",0.0,0.0
201400035597,29,3,14,14,1,77,169,1,1,1,6,CLOS DE L'AUMONE (BOULEV,0.0,0.0
201400035598,14,4,14,11,1,77,258,2,2,1,6,"2, SEGRAIS (BOULEVARD DU",0.0,0.0
201400035599,23,4,14,16,1,77,337,2,1,1,6,"02, PIERRE MENDES FRANCE",0.0,0.0
201400035600,27,4,14,2,5,77,337,1,1,1,2,BRIE VPO (ROUTE DE LA),0.0,0.0
201400035601,3,5,14,21,2,77,258,2,1,1,7,"20, JEHAN SCARRON (RUE)",0.0,0.0
201400035602,5,5,14,23,5,77,258,2,1,1,6,SOUBRIARDE (AVENUE DE LA,0.0,0.0
201400035603,9,5,14,16,1,77,337,2,1,1,6,"2, SARTRE (JEAN-PAUL)",0.0,0.0
201400035604,22,5,14,15,1,77,337,2,1,1,6,"2, GUI (ALLEE DU)",0.0,0.0
201400035605,28,5,14,12,1,77,121,2,1,1,6,MARNE ET GONDOIRE (RUE),0.0,0.0
201400035606,5,6,14,7,1,77,468,2,2,1,1,"6, ARCHE GUEDON (COURS D",0.0,0.0
201400035607,8,6,14,16,1,77,83,2,2,1,3,CHAMPY-NESLE (BOULEVARD,0.0,0.0
201400035608,9,6,14,17,1,77,169,1,2,1,3,CLOS DE L'AUMONE (BOULEV,0.0,0.0
201400035609,16,6,14,19,1,77,83,2,1,1,7,CHELLES (AVENUE DE),0.0,0.0
201400035610,24,6,14,18,1,77,468,1,6,1,3,JEAN MOULIN (AVENUE),0.0,0.0
201400035611,15,7,14,15,1,77,258,2,1,1,6,"2, PAUL CLAUDEL (ALLEE)",0.0,0.0
201400035612,24,7,14,8,1,77,468,1,3,1,2,LAGNY (ROUTE DE),0.0,0.0
201400035613,3,8,14,10,1,77,468,2,1,1,6,LAGNY (ROUTE DE),0.0,0.0
201400035614,20,8,14,13,1,77,337,2,3,1,3,"60, ROCHES (COURS DES)",0.0,0.0
201400035615,20,8,14,11,1,77,83,2,1,1,6,AMPERE (AVENUE),0.0,0.0
201400035616,5,9,14,13,1,77,83,2,2,1,6,"15, AMPERE (AVENUE)",0.0,0.0
201400035617,7,9,14,17,1,77,337,2,1,1,6,"40, BUISSON (COURS DU)",0.0,0.0
201400035618,9,9,14,18,1,77,83,2,1,1,1,"2, PYRAMIDES (AVENUE DES",0.0,0.0
201400035619,12,9,14,18,1,77,83,2,2,1,3,"11, REPUBLIQUE (BOULEVAR",0.0,0.0
201400035620,22,9,14,7,2,77,121,1,1,1,7,NATIONALE 471 (ROUTE),0.0,0.0
201400035621,7,10,14,9,1,77,169,2,1,1,6,"6, OLOF PALME (BOULEVARD",0.0,0.0
201400035622,23,10,14,0,5,77,169,2,1,1,7,EUROPE (AVENUE DE L'),0.0,0.0
201400035623,22,10,14,22,5,77,468,2,3,1,5,"18, ARCHE GUEDON (COURS",0.0,0.0
201400035624,27,10,14,21,5,77,121,2,1,1,6,"1, CENTRE COMMERCIAL REG",0.0,0.0
201400035625,4,11,14,13,1,77,468,2,3,1,3,"2, NOISIEL (ROUTE DE)",0.0,0.0
201400035626,6,11,14,13,1,77,258,2,1,1,7,SOUBRIARDE (AVENUE DE LA,0.0,0.0
201400035627,12,11,14,11,1,77,258,2,1,1,6,"9, FERME (RUE DE LA)",0.0,0.0
201400035628,21,11,14,17,3,77,121,1,1,1,3,NATIONALE 471 (ROUTE),0.0,0.0
201400035629,6,12,14,20,5,77,468,2,3,1,6,JEAN MOULIN (AVENUE),0.0,0.0
201400035630,11,12,14,19,5,77,258,2,3,1,3,COURCERIN (BOULEVARD DE),0.0,0.0
201400035631,12,12,14,17,1,77,337,2,1,1,6,ARCHE GUEDON (COURS DE L,0.0,0.0
201400035632,16,12,14,0,5,77,83,2,6,1,3,"13, PYRAMIDES (AVENUE DE",0.0,0.0
201400035633,23,12,14,20,5,77,468,2,1,1,6,"29, LACS (COURS DES)",0.0,0.0
201400035634,29,11,14,23,3,77,374,1,1,1,7,CD 471,0.0,0.0
201400035635,2,2,14,1,3,77,374,1,9,9,2,CD 21,48.4736,2.41535
201400035636,23,12,14,17,2,77,390,2,1,1,1,"2, GENERAL LECLERC (AVEN",0.0,0.0
201400035637,7,2,14,7,2,77,373,2,1,1,6,"1bis, PARIS (RUE DE- RN",0.0,0.0
201400035638,7,2,14,7,2,77,373,2,1,3,6,PARIS (RUE DE- RN 4 ),0.0,0.0
201400035639,12,2,14,8,1,77,350,2,1,1,6,"04, AUGUSTE HUDIER (RUE)",0.0,0.0
201400035640,7,3,14,11,1,77,350,1,1,1,1,CD 351,48.45421,2.39494
201400035641,11,3,14,16,1,77,350,1,1,1,6,CD 471,0.0,0.0
201400035642,3,4,14,16,1,77,373,2,1,1,6,BUISSON FLEURI (AVENUE D,0.0,0.0
201400035643,26,4,14,5,5,77,373,2,1,1,7,"9, PARIS (RUE DE- RN 4 )",0.0,0.0
201400035644,31,5,14,17,1,77,350,1,1,1,7,RN4 HORS AGGLOMERATION,0.0,0.0
201400035645,31,5,14,20,1,77,350,2,2,1,3,"1, GEORGES COGNET (AVENU",0.0,0.0
201400035646,8,5,14,17,1,77,373,1,2,2,3,CENTRE COMMERCIAL CARREF,0.0,0.0
201400035647,12,6,14,16,1,77,373,1,1,1,3,RN4 HORS AGGLOMERATION,0.0,0.0
201400035648,13,6,14,14,1,77,373,1,1,1,3,"1, CENTRE COMMERCIAL CAR",0.0,0.0
201400035649,27,8,14,15,1,77,390,2,1,1,6,"13, GARE D'EMERAINVILLE",0.0,0.0
201400035650,30,8,14,14,1,77,373,2,3,1,3,CD 51,0.0,0.0
201400035651,21,9,14,2,3,77,374,2,1,1,6,"02bis, GRAND RUE",0.0,0.0
201400035652,7,10,14,15,1,77,374,1,6,1,3,CD 21,0.0,0.0
201400035653,19,10,14,17,1,77,390,2,9,1,3,GARE D'EMERAINVILLE (RUE,0.0,0.0
201400035654,2,10,14,9,1,77,390,2,1,1,3,JULES FERRY (RUE),0.0,0.0
201400035655,26,11,14,14,1,77,350,2,1,8,6,"38, GENERAL DE GAULLE (A",0.0,0.0
201400035656,20,11,14,13,1,77,350,2,6,1,6,"43, GENERAL DE GAULLE (A",0.0,0.0
201400035657,1,12,14,17,5,77,373,2,1,2,6,"8, PAQUERETTES (AVENUE D",0.0,0.0
201400035658,29,11,14,23,5,77,373,2,6,1,6,LIBERATION (RUE DE LA),0.0,0.0
201400035659,15,1,14,17,3,77,368,1,1,2,1,D403,0.0,0.0
201400035660,4,2,14,7,3,77,379,2,1,1,6,"40, BRAY (ROUTE DE)",0.0,0.0
201400035661,12,3,14,14,1,77,379,1,1,1,1,Route D?partementale 619,0.0,0.0
201400035662,4,6,14,9,1,77,260,2,3,2,3,"01, ANDRE TATON (RUE)",0.0,0.0
201400035663,19,10,14,16,1,77,403,2,1,1,3,"6 BIS, RUE DE CHANOY",0.0,0.0
201400035664,17,12,14,17,2,77,379,2,1,2,6,"2, RUE DE LA FRIPERIE",0.0,0.0
201400035665,10,2,14,22,3,77,514,1,1,1,2,ROUTE NATIONALE 3,0.0,0.0
201400035666,8,3,14,13,1,77,123,1,9,1,5,CD 212,0.0,0.0
201400035667,3,3,14,19,5,77,294,2,2,2,6,ROGER SALENGRO (RUE),0.0,0.0
201400035668,17,6,14,19,1,77,214,2,1,1,6,"27, SAINT DENIS (RUE)",0.0,0.0
201400035669,20,6,14,16,1,77,294,2,1,1,6,"11, ENTREPRENEURS (AVENU",0.0,0.0
201400035670,30,6,14,17,1,77,294,1,1,1,3,CD 309,0.0,0.0
201400035671,13,7,14,15,1,77,514,2,1,8,6,MARCEL SEMBAT (BOULEVARD,0.0,0.0
201400035672,3,8,14,21,3,77,462,1,1,2,7,TROIS VILLES (RUE DES),0.0,0.0
201400035673,6,8,14,5,3,77,294,1,1,1,2,RN 2,0.0,0.0
201400035674,17,10,14,21,5,77,292,2,2,1,3,D. 404 (ROUTE),0.0,0.0
201400035675,16,10,14,9,1,77,514,1,1,8,4,ROUTE NATIONALE 3,0.0,0.0
201400035676,15,10,14,16,1,77,294,2,3,2,6,MARTYRS DE CHATEAUBRIANT,0.0,0.0
201400035677,6,11,14,20,3,77,118,1,1,8,5,DEPARTEMENTAL 34 (ROUTE),0.0,0.0
201400035678,4,11,14,16,1,77,514,2,9,1,3,ROSSIGNOLS (AVENUE DES),0.0,0.0
201400035679,10,11,14,8,1,77,123,1,1,1,2,CD 212,0.0,0.0
201400035680,9,10,14,8,1,77,514,2,2,1,6,JEAN JAURES (RUE),0.0,0.0
201400035681,6,12,14,10,1,77,514,2,1,1,6,"20, ROGER SALENGRO (AVEN",0.0,0.0
201400035682,15,12,14,12,1,77,294,2,1,1,6,BORDIERE (AVENUE DE LA),0.0,0.0
201400035683,22,2,14,11,1,78,126,2,1,1,3,MOULIN JEAN (AVENUE),0.0,0.0
201400035684,23,4,14,13,1,78,126,2,3,1,3,DUCHESNE LUCIEN RENE (AV,0.0,0.0
201400035685,4,6,14,16,1,78,126,2,1,1,4,JONCHERE (AVENUE DE LA),0.0,0.0
201400035686,14,6,14,7,1,78,126,2,3,1,3,PUITS (AVENUE DES),0.0,0.0
201400035687,16,8,14,11,1,78,126,2,2,1,6,DUCHESNE LUCIEN RENE (AV,0.0,0.0
201400035688,30,10,14,19,5,78,92,2,4,1,3,TOURGUENIEF YVAN (RUE,0.0,0.0
201400035689,8,11,14,17,5,78,126,2,4,1,3,"8, DE GAULLE CHARLES (AV",0.0,0.0
201400035690,26,12,14,10,1,78,15,2,1,1,6,"22, FOCH (AVENUE DU MARE",0.0,0.0
201400035691,17,1,14,7,3,78,172,2,1,1,4,RN 184,0.0,0.0
201400035692,4,9,14,10,1,78,138,1,1,1,4,DE GAULLE (AVENUE CHARLE,0.0,0.0
201400035693,30,1,14,15,1,78,172,2,1,1,6,"37, GAILLON (QUAI DE)",0.0,0.0
201400035694,12,3,14,14,1,78,138,2,2,7,3,DE GAULLE (AVENUE CHARLE,0.0,0.0
201400035695,17,3,14,19,2,78,5,1,1,1,6,RD 30,0.0,0.0
201400035696,15,5,14,21,2,78,15,1,1,1,2,RD 55,0.0,0.0
201400035697,17,9,14,18,1,78,172,2,1,1,6,"243, AMBASSADEUR (RUE DE",0.0,0.0
201400035698,29,9,14,22,5,78,172,2,2,1,3,"136, DE GAULLE (BD DU GE",0.0,0.0
201400035699,29,9,14,18,5,78,382,2,1,1,7,"15, ANCIENNE GARE (AVENU",0.0,0.0
201400035700,7,10,14,15,1,78,15,1,3,1,7,"1, RD 55",0.0,0.0
201400035701,11,10,14,21,5,78,172,2,1,1,7,"1, ILE DU BAC (QUAI DE)",0.0,0.0
201400035702,19,6,14,8,1,78,168,2,1,8,4,FONTAINES (CARREFOUR DES,0.0,0.0
201400035703,20,6,14,16,1,78,397,2,1,1,3,HENRI IV (PLACE),0.0,0.0
201400035704,30,6,14,11,1,78,168,2,1,1,3,ARPENTS (BOULEVARD DES),0.0,0.0
201400035705,6,1,14,8,2,78,208,2,1,9,2,,0.0,0.0
201400035706,7,1,14,8,1,78,168,2,1,1,6,GARE (AVENUE DE LA),0.0,0.0
201400035707,16,1,14,16,1,78,383,2,1,1,6,LANGRES (AVENUE DE),0.0,0.0
201400035708,29,1,14,18,5,78,383,2,6,2,3,PYRAMIDES (CARREFOUR DES,0.0,0.0
201400035709,4,2,14,19,5,78,208,2,1,1,1,VILLEDIEU (AVENUE DE LA),0.0,0.0
201400035710,8,2,14,23,5,78,208,2,2,6,3,DASSAULT (AVENUE MARCEL),0.0,0.0
201400035711,16,2,14,0,5,78,168,1,3,1,3,FONTAINES (CARREFOUR DES,0.0,0.0
201400035712,10,3,14,9,1,78,644,2,1,1,6,SCHULLER  (AVENUE GUY),0.0,0.0
201400035713,20,3,14,8,1,78,208,2,1,7,1,BOISSIERE (ROND POINT DE,0.0,0.0
201400035714,3,2,14,7,5,78,383,2,6,9,3,CAMARGUE (IMPASSE DE),0.0,0.0
201400035715,28,1,14,15,1,78,168,2,1,1,6,LUMIERE (RUE DES FRERES),0.0,0.0
201400035716,25,4,14,9,1,78,208,2,1,2,3,"2, COPENHAGUE (RUE DE)",0.0,0.0
201400035717,3,2,14,17,2,78,383,2,3,1,2,LOIRE (BOULEVARD DE LA),0.0,0.0
201400035718,8,3,14,22,5,78,383,2,5,1,3,Laurent SCHWARTZ ( Rond,0.0,0.0
201400035719,30,1,14,8,1,78,208,2,6,1,3,AGIOT (ROND POINT DE L'),0.0,0.0
201400035720,20,5,14,11,1,78,168,2,1,1,6,VOIE LATERALE SUD,0.0,0.0
201400035721,19,6,14,17,1,78,383,2,1,1,6,FOREZ (AVENUE DU),0.0,0.0
201400035722,21,6,14,15,1,78,397,2,2,1,3,CONCORDE (AVENUE),0.0,0.0
201400035723,30,4,14,11,1,78,490,2,2,7,3,LIBERTE (PLACE DE LA),0.0,0.0
201400035724,28,6,14,10,1,78,383,2,6,1,2,COIGNIERES (SEUIL DE),0.0,0.0
201400035725,8,7,14,15,1,78,208,2,1,2,1,ROCADE 12,0.0,0.0
201400035726,14,7,14,14,1,78,208,1,1,1,3,"indeterrm, MALRAUX (BOUL",0.0,0.0
201400035727,16,7,14,20,1,78,168,2,1,1,6,MEULIERE (ALLEE DE LA),0.0,0.0
201400035728,1,5,14,10,1,78,383,2,1,2,6,MORVAN (SQUARE DU),0.0,0.0
201400035729,7,8,14,14,1,78,644,2,1,3,3,MONTFORT  (AVENUE DE),0.0,0.0
201400035730,19,9,14,23,5,78,644,2,1,1,3,"00, DEPARTEMENTALE 58 (R",0.0,0.0
201400035731,6,10,14,8,1,78,397,1,1,1,1,DEPARTEMENTALE 13 (ROUTE,0.0,0.0
201400035732,16,10,14,20,5,78,168,2,1,2,6,"5, Route nationale 10",0.0,0.0
201400035733,19,5,14,8,1,78,168,2,1,1,3,Route nationale 10,0.0,0.0
201400035734,4,12,14,17,5,78,383,2,1,1,6,MARIE CURIE (RUE),0.0,0.0
201400035735,7,12,14,19,5,78,383,2,2,2,3,"INDET, FRANCOIS CEVERT (",0.0,0.0
201400035736,10,6,14,17,1,78,208,2,6,1,2,HOTEL DE VILLE (ROND POI,0.0,0.0
201400035737,2,1,14,8,2,78,297,2,3,1,6,"----, TOULOUSE LAUTREC (",0.0,0.0
201400035738,24,1,14,9,1,78,423,2,3,2,3,PRES (AVENUE DES),0.0,0.0
201400035739,16,1,14,8,5,78,423,2,2,3,6,"49, CENTRE (AVENUE DU)",0.0,0.0
201400035740,22,1,14,8,1,78,297,2,2,2,3,CD 91,0.0,0.0
201400035741,9,2,14,4,3,78,688,2,3,8,6,av du plan de l'église,0.0,0.0
201400035742,24,2,14,12,1,78,297,2,4,1,6,JAURES (BOULEVARD JEAN),0.0,0.0
201400035743,19,3,14,21,5,78,423,2,1,1,7,", AMPERE (AVENUE)",0.0,0.0
201400035744,25,3,14,21,4,78,423,2,1,1,6,"---, FRERES LUMIERES (AV",0.0,0.0
201400035745,20,3,14,9,1,78,688,2,1,1,3,CD 36,0.0,0.0
201400035746,30,1,14,13,1,78,423,1,1,1,2,RD 10,0.0,0.0
201400035747,3,5,14,22,5,78,297,2,1,1,6,AVENUE DES GARENNES,0.0,0.0
201400035748,13,2,14,13,1,78,297,2,2,8,6,JAURES (BOULEVARD JEAN),0.0,0.0