Num_Acc,jour,mois,an,hr,condition_eclairage,departement,commune,condition_agglomeration,intersection,condition_atmosphere,type_collision,adresse,lattitude,longitude
201400035749,15,5,14,12,1,78,423,2,1,1,2,FRERES LUMIERES (AVENUE,0.0,0.0
201400035750,20,5,14,8,1,78,423,2,1,1,6,MANET (AVENUE DU),0.0,0.0
201400035751,2,6,14,9,1,78,297,2,1,1,2,AVENUE DE L'EUROPE,0.0,0.0
201400035752,2,6,14,8,1,78,423,2,1,1,2,LECLERC (AVENUE DU  GENE,0.0,0.0
201400035753,11,6,14,17,1,78,423,2,2,1,3,CENTRE (AVENUE DU),0.0,0.0
201400035754,16,6,14,17,1,78,423,2,1,1,6,"0, PRES (AVENUE DES)",0.0,0.0
201400035755,24,6,14,8,1,78,297,2,1,1,6,Kessel (avenue Joseph),0.0,0.0
201400035756,21,7,14,16,1,78,423,2,2,1,5,"., PRES (AVENUE DES)",0.0,0.0
201400035757,14,9,14,19,1,78,688,2,1,1,6,CD 36,0.0,0.0
201400035758,24,10,14,8,1,78,423,2,6,1,3,POMPIDOU (PLACE GEORGES),0.0,0.0
201400035759,30,10,14,15,1,78,297,2,1,1,5,AV DES GARENNES,0.0,0.0
201400035760,1,11,14,17,2,78,297,2,3,1,3,TROUX (ROUTE DE),0.0,0.0
201400035761,1,11,14,18,1,78,688,2,2,1,3,PYRAMIDE (AVENUE DE LA),0.0,0.0
201400035762,18,11,14,9,1,78,297,2,1,2,3,CHENES (BOULEVARD DES),0.0,0.0
201400035763,27,11,14,18,5,78,297,2,1,9,6,"......, AVENUE BLUM LEON",0.0,0.0
201400035764,10,12,14,7,5,78,688,2,3,2,3,CD 36,0.0,0.0
201400035765,15,12,14,19,5,78,297,2,1,2,2,"........, AVENUE DES GAR",0.0,0.0
201400035766,20,12,14,19,3,78,688,1,1,1,3,RD 91,0.0,0.0
201400035767,13,1,14,7,5,78,311,2,1,1,3,"16, VOLTAIRE (RUE)",0.0,0.0
201400035768,15,1,14,19,5,78,311,2,1,2,2,"57, YSER (AVENUE DE L')",0.0,0.0
201400035769,24,1,14,17,5,78,311,2,1,8,2,"17bis, JEAN JAURES (BOUL",0.0,0.0
201400035770,15,3,14,18,1,78,124,2,4,1,1,"87, MAURICE BERTEAUX (BO",0.0,0.0
201400035771,23,4,14,19,1,78,124,2,1,1,6,"7, MARECHAL JUIN (RUE DU",0.0,0.0
201400035772,6,7,14,21,1,78,311,2,1,1,3,"68, HENRI BARBUSSE (BOUL",0.0,0.0
201400035773,15,7,14,18,1,78,124,2,3,1,3,"34, MARCEAU (RUE)",0.0,0.0
201400035774,12,3,14,16,1,78,311,2,1,1,3,PAIX (RUE DE LA),0.0,0.0
201400035775,11,6,14,10,1,78,311,2,3,1,6,"2, VOLTAIRE (RUE)",0.0,0.0
201400035776,26,7,14,10,1,78,311,2,1,1,2,"31, HENRI BARBUSSE (BOUL",0.0,0.0
201400035777,1,8,14,18,1,78,311,2,1,1,3,"110, HENRI BARBUSSE (BOU",0.0,0.0
201400035778,29,8,14,7,1,78,311,2,3,1,3,JEAN JAURES (BOULEVARD),0.0,0.0
201400035779,11,10,14,20,5,78,311,2,1,1,6,"144, HENRI BARBUSSE (BOU",0.0,0.0
201400035780,23,10,14,8,5,78,124,2,1,1,6,"340, SAINT GERMAIN (ROUT",0.0,0.0
201400035781,21,11,14,18,5,78,311,2,1,1,3,"3, ARGONNE (RUE DE L')",0.0,0.0
201400035782,8,12,14,20,5,78,311,2,3,1,6,"31, CRIMEE (RUE DE)",0.0,0.0
201400035783,3,3,14,15,1,78,358,1,1,2,1,PECQ (ROUTE DU),0.0,0.0
201400035784,30,4,14,18,1,78,358,2,1,2,6,"9, GENERAL DE GAULLE (AV",0.0,0.0
201400035785,2,6,14,9,1,78,358,2,1,1,5,2EME D.B ( PONT DE LA),0.0,0.0
201400035786,5,9,14,0,3,78,358,2,1,1,6,"45, BERTEAUX (RUE MAURIC",0.0,0.0
201400035787,28,9,14,11,1,78,396,2,1,1,3,Avenue de la R?publique,0.0,0.0
201400035788,20,12,14,13,1,78,358,1,1,1,7,"INC, PECQ (ROUTE DU)",0.0,0.0
201400035789,24,12,14,12,1,78,358,2,1,9,2,ALBINE (AVENUE),0.0,0.0
201400035790,13,1,14,18,5,78,361,2,1,2,3,"06, RUE DE LORRAINE",0.0,0.0
201400035791,17,1,14,18,5,78,327,2,1,1,1,"14, RUE DU MARAIS",0.0,0.0
201400035792,24,1,14,11,1,78,267,2,1,2,2,"00, PONT DE RANGIPORT",0.0,0.0
201400035793,3,2,14,8,2,78,362,2,2,1,6,AVENUE DU BREUIL,0.0,0.0
201400035794,11,2,14,7,1,78,314,2,1,1,6,R.D 190,0.0,0.0
201400035795,20,2,14,8,1,78,531,2,3,2,6,R NATIONALE / Lebaudy,0.0,0.0
201400035796,14,3,14,17,1,78,361,2,1,1,6,"02 TER, RUE MOLIERE",0.0,0.0
201400035797,18,3,14,14,1,78,531,1,1,1,6,CD 113,0.0,0.0
201400035798,9,5,14,12,1,78,362,2,1,1,6,"11, RUE GEORGES BRASSENS",0.0,0.0
201400035799,17,5,14,17,1,78,361,2,1,1,1,"00, BOULEVARD SULLY 5",0.0,0.0
201400035800,31,5,14,18,1,78,335,2,1,1,6,"122, AVENUE DE LA PAIX",0.0,0.0
201400035801,20,6,14,13,1,78,361,2,3,1,3,"00, RUE FERNAND BODET",0.0,0.0
201400035802,20,6,14,22,5,78,361,2,1,1,6,"00, BD GEORGES CLEMENCEA",0.0,0.0
201400035803,21,6,14,14,1,78,314,2,1,1,3,"59, RUE NATIONALE",0.0,0.0
201400035804,27,6,14,10,1,78,531,2,1,1,6,"03, RUE DU MOULIN",0.0,0.0
201400035805,8,7,14,10,1,78,361,2,1,8,6,"00, ALLEE DES ECRIVAINS",0.0,0.0
201400035806,15,7,14,17,1,78,267,2,3,1,3,"101, AVENUE DE PARIS",0.0,0.0
201400035807,23,7,14,19,1,78,361,2,1,1,6,"00, PISTE CYCLABLE VOIE",0.0,0.0
201400035808,8,8,14,12,1,78,118,2,1,8,6,"00, Bld  DE LA COMMUNAUT",0.0,0.0
201400035809,2,9,14,7,1,78,335,2,1,1,3,"45 BIS, BOULEVARD PASTEU",0.0,0.0
201400035810,13,9,14,2,5,78,362,2,1,1,7,BOULEVARD ROGER SALENGRO,0.0,0.0
201400035811,16,9,14,20,1,78,267,2,2,1,3,AVENUE DE PARIS,0.0,0.0
201400035812,1,10,14,13,1,78,118,2,1,1,6,"00, RUE DU LOT",0.0,0.0
201400035813,1,10,14,19,1,78,531,1,1,1,1,"10, AVENUE DE MANTES",0.0,0.0
201400035814,3,10,14,10,1,78,361,2,1,1,3,"00, RUE DENIS PAPIN",0.0,0.0
201400035815,3,10,14,10,1,78,361,2,1,1,6,"14, Boulevard Mar?chal J",0.0,0.0
201400035816,27,10,14,7,1,78,335,1,1,1,1,RD983,0.0,0.0
201400035817,2,11,14,6,5,78,361,2,1,1,6,"00, QUAI DES CORDELIERS",0.0,0.0
201400035818,10,11,14,17,5,78,362,2,1,1,6,"05, RUE GEORGES BRASSENS",0.0,0.0
201400035819,26,11,14,17,4,78,267,2,1,2,6,"00, RUE MADEMOISELLE DOS",0.0,0.0
201400035820,4,12,14,15,1,78,354,2,1,1,6,"85, AV DES ROUSSIERES",0.0,0.0
201400035821,23,12,14,20,5,78,361,2,6,1,3,"00, BD GEORGES CLEMENCEA",0.0,0.0
201400035822,30,12,14,14,1,78,361,2,2,1,3,"00, RUE  LEON MARIE CESN",0.0,0.0
201400035823,6,1,14,8,1,78,372,2,3,1,6,PAUL CEZANNE av,0.0,0.0
201400035824,10,4,14,9,1,78,372,2,1,1,7,"7, FONTENELLE (RUE)",0.0,0.0
201400035825,3,7,14,11,1,78,502,2,1,1,3,"16, SIMON VOUET (AVENUE)",0.0,0.0
201400035826,30,8,14,19,1,78,224,1,1,1,7,CD 98,0.0,0.0
201400035827,10,9,14,17,1,78,502,2,1,1,6,"10, SIMON VOUET (AVENUE)",0.0,0.0
201400035828,30,4,14,10,1,78,350,1,2,1,3,VERSAILLES (ROUTE DE),0.0,0.0
201400035829,2,2,14,16,1,78,372,2,3,1,3,"2, PAUL CEZANNE (AVENUE)",0.0,0.0
201400035830,21,12,14,16,2,78,224,2,1,1,1,"21, NOISY (ROUTE DE)",0.0,0.0
201400035831,9,1,14,18,5,78,401,2,2,1,2,Marechal LECLERC (AVENUE,0.0,0.0
201400035832,13,5,14,8,1,78,403,2,1,8,3,"0, CHATEAUBRIAND (AVENUE",0.0,0.0
201400035833,10,3,14,15,1,78,638,1,1,1,7,D 922,0.0,0.0
201400035834,16,12,14,12,1,78,609,1,3,1,3,MEULAN A SAGY (CHEMIN DE,0.0,0.0
201400035835,11,8,14,11,1,78,440,2,2,1,6,ARISTIDE BRIAND (RUE),0.0,0.0
201400035836,17,4,14,12,1,78,401,2,1,1,6,ALBERT JOZON (RUE),0.0,0.0
201400035837,23,6,14,15,1,78,440,2,1,1,6,PAUL RAOULT (AVENUE),0.0,0.0
201400035838,15,6,14,6,1,78,401,2,1,1,6,"11, CD 28",0.0,0.0
201400035839,27,12,14,7,3,78,261,1,1,2,6,MONTCIENT (RUE DE LA),0.0,0.0
201400035840,11,1,14,18,5,78,401,2,2,1,6,ALBERT JOZON (RUE),0.0,0.0
201400035841,14,1,14,20,5,78,401,2,1,1,3,AULNES (AVENUE DES),0.0,0.0
201400035842,13,1,14,18,5,78,440,2,1,1,3,HENRI DUNANT (RUE),0.0,0.0
201400035843,8,1,14,7,2,78,440,2,1,1,6,EUROPE (AVENUE DE L'),0.0,0.0
201400035844,14,3,14,17,1,78,29,2,1,1,1,COOPERATION (RUE DE LA),0.0,0.0
201400035845,25,3,14,18,2,78,440,2,1,2,6,BAPTISTE MARCET (RUE),0.0,0.0
201400035846,25,4,14,12,1,78,440,2,1,2,3,MARECHAL FOCH (AVENUE DU,0.0,0.0
201400035847,27,4,14,17,1,78,440,1,2,2,3,VERNEUIL (ROUTE DE),0.0,0.0
201400035848,4,3,14,8,2,78,440,2,1,1,6,"58, MARECHAL FOCH (AVENU",0.0,0.0
201400035849,6,2,14,18,5,78,440,2,1,1,6,"194, PAUL RAOULT (AVENUE",0.0,0.0
201400035850,11,8,14,12,1,78,238,1,1,1,4,"1, CD 14",0.0,0.0
201400035851,20,5,14,14,1,78,401,2,1,1,1,"40, TESSANCOURT (RUE DE)",0.0,0.0
201400035852,5,6,14,16,1,78,401,2,1,1,6,"31, FERME DU PARADIS (RU",0.0,0.0
201400035853,28,5,14,15,1,78,401,2,1,8,3,CLOS VILLIERS (RUE DU),0.0,0.0
201400035854,12,8,14,18,1,78,227,1,1,1,3,CD 922,0.0,0.0
201400035855,16,11,14,14,1,78,299,2,1,1,6,"3, VEXIN (ROUTE DU)",0.0,0.0
201400035856,29,10,14,15,1,78,440,1,1,1,4,CD 14,0.0,0.0
201400035857,30,10,14,20,5,78,440,2,1,1,3,ROBERT CIMETIERE (RUE),0.0,0.0
201400035858,26,11,14,8,1,78,401,2,1,2,3,TESSANCOURT (RUE DE),0.0,0.0
201400035859,9,9,14,17,1,78,440,2,1,1,2,MARECHAL FOCH (AVENUE DU,0.0,0.0
201400035860,12,5,14,22,2,78,440,2,1,1,3,GAMBETTA (RUE),0.0,0.0
201400035861,16,5,14,16,1,78,440,2,1,1,6,EUROPE (AVENUE DE L'),0.0,0.0
201400035862,16,5,14,16,1,78,440,2,1,1,2,ALBERT THOMAS (RUE),0.0,0.0
201400035863,11,3,14,20,5,78,440,2,1,1,1,VERNEUIL (ROUTE DE),0.0,0.0
201400035864,24,2,14,18,2,78,403,2,1,1,3,"143BIS, CHATEAUBRIAND (A",0.0,0.0
201400035865,7,10,14,13,1,78,440,2,1,2,2,"90, VERNEUIL (ROUTE DE)",0.0,0.0
201400035866,2,7,14,22,1,78,261,2,2,1,3,"75, GRANDE RUE",0.0,0.0
201400035867,22,7,14,23,5,78,440,2,9,1,6,PAUL RAOULT (AVENUE),0.0,0.0
201400035868,14,9,14,5,5,78,440,2,1,1,6,PAUL RAOULT (AVENUE),0.0,0.0
201400035869,1,4,14,11,1,78,440,2,1,1,4,PAUL RAOULT (AVENUE),0.0,0.0
201400035870,12,11,14,10,1,78,29,2,1,1,6,"4, GASTON JOUILLERAT (RU",0.0,0.0
201400035871,10,12,14,20,5,78,440,1,1,1,6,EUROPE (AVENUE DE L'),0.0,0.0
201400035872,9,10,14,12,1,78,440,2,1,1,6,GAMBETTA (RUE),0.0,0.0
201400035873,23,12,14,22,5,78,401,2,1,2,3,MARECHAL JOFFRE (AVENUE,0.0,0.0
201400035874,29,5,14,10,1,78,238,2,1,1,6,PARKING CARREFOUR,0.0,0.0
201400035875,21,6,14,17,1,78,238,2,2,1,6,BOULEVARD EXTERIEUR,0.0,0.0
201400035876,6,10,14,9,1,78,401,1,4,1,6,D 922,0.0,0.0
201400035877,30,1,14,12,1,78,401,2,2,1,1,ALBERT JOZON (RUE),0.0,0.0
201400035878,4,11,14,8,1,78,299,2,1,1,6,VEXIN (ROUTE DU),0.0,0.0
201400035879,12,5,14,11,1,78,440,2,1,1,2,PAUL RAOULT (AVENUE),0.0,0.0
201400035880,11,6,14,11,1,78,238,1,3,1,2,CD 14,0.0,0.0
201400035881,3,4,14,18,1,78,440,2,1,1,6,GAMBETTA (RUE),0.0,0.0
201400035882,17,8,14,21,5,78,29,2,3,8,1,SOURCES (RUE DES),0.0,0.0
201400035883,12,11,14,6,2,78,238,2,1,9,7,CD 113,0.0,0.0
201400035884,21,11,14,13,1,78,401,2,1,1,3,"7, ALBERT JOZON (RUE)",0.0,0.0
201400035885,18,9,14,6,2,78,440,2,2,1,3,"0, GABRIEL VILAIN (RUE)",0.0,0.0
201400035886,2,2,14,18,5,78,440,2,2,1,6,PAUL ELUARD (RUE),0.0,0.0
201400035887,15,9,14,17,1,78,29,2,6,1,2,OCTROI (RUE DE L'),0.0,0.0
201400035888,23,10,14,7,2,78,440,2,1,1,2,CD 14,0.0,0.0
201400035889,20,6,14,14,1,78,440,2,1,1,7,JEAN JAURES  (RUE),0.0,0.0
201400035890,14,1,14,7,2,78,440,2,1,2,6,PAUL RAOULT (AVENUE),0.0,0.0
201400035891,5,9,14,14,1,78,440,2,1,1,3,VERNEUIL (ROUTE DE),0.0,0.0
201400035892,5,1,14,10,1,78,490,2,1,1,5,"1, DEUX PLATEAUX (ROUTE",0.0,0.0
201400035893,12,2,14,10,1,78,165,2,1,1,6,COURTINE (ALLEE DE LA ),0.0,0.0
201400035894,9,2,14,10,1,78,490,1,6,1,2,DEUX PLATEAUX (ROUTE DES,0.0,0.0
201400035895,20,3,14,13,1,78,490,1,1,1,7,SAINT GERMAIN DE LA GRAN,0.0,0.0
201400035896,4,4,14,8,1,78,490,2,1,1,6,"10, NERUDA (RUE PABLO)",0.0,0.0
201400035897,5,4,14,21,5,78,490,2,1,1,7,MITTERRAND (RUE FRANCOIS,0.0,0.0
201400035898,4,6,14,10,1,78,490,2,6,2,1,"0, DIX NEUF MARS 62 ( AV",0.0,0.0
201400035899,28,6,14,15,1,78,490,1,1,2,1,CHEMIN BLANC,0.0,0.0
201400035900,3,7,14,19,1,78,490,2,1,1,6,GUYET (RUE ABEL),0.0,0.0
201400035901,8,7,14,21,1,78,490,2,1,1,5,"1, PRESSOIR (AVENUE DU)",0.0,0.0
201400035902,12,7,14,17,1,78,674,2,1,1,6,CD 11,0.0,0.0
201400035903,4,9,14,15,1,78,490,1,1,1,1,CD 30,0.0,0.0
201400035904,4,9,14,22,5,78,490,2,1,1,2,"1401, BOISSIERE (RUE DE",0.0,0.0
201400035905,31,8,14,11,1,78,490,1,1,1,2,CHEVREUSE (AVENUE DE),0.0,0.0
201400035906,18,9,14,16,1,78,490,2,1,1,6,PICASSO (RUE PABLO),0.0,0.0
201400035907,26,9,14,18,1,78,490,2,1,1,6,"1, SCHUMAN (ROND POINT R",0.0,0.0
201400035908,27,9,14,10,1,78,165,2,2,1,6,JOUET (RUE MAURICE),0.0,0.0
201400035909,25,11,14,22,5,78,490,2,6,3,6,"1, CROIX BLANCHE (CHEMIN",0.0,0.0
201400035910,12,12,14,19,5,78,165,2,1,3,2,"1, BARBUSSE (AVENUE HENR",0.0,0.0
201400035911,10,1,14,16,1,78,672,1,1,1,2,CD 154,0.0,0.0
201400035912,12,1,14,0,5,78,498,1,6,5,6,QUARANTE SOUS ROUTE DE,0.0,0.0
201400035913,13,1,14,7,5,78,672,2,2,1,6,PORT RUE DU,0.0,0.0
201400035914,24,1,14,16,1,78,624,2,1,1,2,DOUMER RUE PAUL,0.0,0.0
201400035915,28,1,14,4,5,78,498,2,1,1,7,"74, LEFEBVRE AV FERNAND",0.0,0.0
201400035916,30,1,14,12,1,78,498,2,2,1,3,FOCH AV / Av de Versaill,0.0,0.0
201400035917,2,2,14,6,3,78,624,1,1,1,7,"1, RD1",0.0,0.0
201400035918,4,2,14,12,1,78,498,2,1,1,3,"1, SAINT SEBASTIEN RUE",0.0,0.0
201400035919,24,2,14,10,1,78,624,1,1,1,1,RD1,0.0,0.0
201400035920,7,2,14,9,1,78,498,1,1,1,3,RD30,0.0,0.0
201400035921,3,3,14,18,1,78,643,2,1,1,6,TRIEL AVENUE DE,0.0,0.0
201400035922,8,3,14,11,1,78,498,2,1,1,6,FREMONT RUE,0.0,0.0
201400035923,6,3,14,12,1,78,123,2,2,1,1,QUENNET RUE A.,0.0,0.0
201400035924,25,2,14,8,1,78,498,2,3,2,2,SAINT LOUIS / Basset,0.0,0.0
201400035925,12,3,14,20,3,78,123,2,1,1,6,BEAUREGARD CHEMIN DE,0.0,0.0
201400035926,18,3,14,19,2,78,624,1,1,1,3,RD 190,0.0,0.0
201400035927,10,3,14,8,1,78,498,2,6,1,6,GAMBETTA BD,0.0,0.0
201400035928,21,3,14,19,5,78,498,2,2,1,4,"17, SAINT SEBASTIEN RUE",0.0,0.0
201400035929,2,4,14,9,1,78,498,2,4,1,2,"1, ROBESPIERRE BD",0.0,0.0
201400035930,11,4,14,16,1,78,498,2,1,1,1,"127, CASTILLE AV BLANCHE",0.0,0.0
201400035931,22,4,14,17,1,78,498,2,2,2,2,"1, CASTILLE AV BLANCHE D",0.0,0.0
201400035932,23,4,14,8,1,78,498,2,1,1,3,BERTEAUX MAURICE AVENUE,0.0,0.0
201400035933,2,4,14,15,1,78,643,2,2,1,3,BURES AVENUE DE (MARSINV,0.0,0.0
201400035934,5,5,14,11,1,78,643,1,1,1,6,"2, ENTREPRENEURS RUE DES",0.0,0.0
201400035935,15,5,14,11,1,78,123,2,1,1,6,"607, GRANDE RUE",0.0,0.0
201400035936,10,5,14,17,1,78,123,2,9,2,3,"1, REINE BLANCHE RUE",0.0,0.0
201400035937,30,4,14,19,1,78,498,2,2,1,6,"22, BD VICTOR HUGO",0.0,0.0
201400035938,8,4,14,12,1,78,498,2,1,1,6,"7, PAIX BD DE LA",0.0,0.0
201400035939,25,5,14,1,5,78,498,1,2,1,5,EUROPE BD DE L',0.0,0.0
201400035940,2,1,14,21,1,78,672,1,6,1,6,PRE AUX MOUTONS RUE DU,0.0,0.0
201400035941,2,6,14,15,1,78,498,2,2,1,3,"1, CHAMBOURCY RUE DE",0.0,0.0
201400035942,28,2,14,17,1,78,624,1,1,2,1,"149, HAUTIL CHEMIN L'",0.0,0.0
201400035943,3,7,14,20,1,78,624,1,1,1,1,RD1,0.0,0.0
201400035944,8,6,14,18,1,78,498,2,1,1,3,"43, MALADRERIE AV DE LA",0.0,0.0
201400035945,29,5,14,19,1,78,643,2,6,1,6,EUROPE BD DE L',0.0,0.0
201400035946,20,6,14,7,1,78,123,1,1,1,6,HAUTIL AV DE L',0.0,0.0
201400035947,22,6,14,2,3,78,643,1,1,1,7,"60, BRETEUIL CHEMIN DE",0.0,0.0
201400035948,1,7,14,11,1,78,624,2,1,1,2,DOUMER RUE PAUL,0.0,0.0
201400035949,1,7,14,18,1,78,123,2,1,1,7,EUROPE (RN 190) AVENUE D,0.0,0.0
201400035950,31,7,14,4,5,78,123,1,2,1,3,EUROPE (RN 190) AVENUE D,0.0,0.0
201400035951,25,6,14,11,1,78,498,2,1,1,4,"1, QUATORZE JUILLETCOURS",0.0,0.0
201400035952,17,7,14,14,1,78,498,2,2,1,3,VERSAILLES AV DE,0.0,0.0
201400035953,29,7,14,14,1,78,123,2,2,1,6,"558, REINE BLANCHE RUE",0.0,0.0
201400035954,17,8,14,18,1,78,672,2,1,1,7,"448, DE GAULLE AVENUE DU",0.0,0.0
201400035955,22,8,14,18,1,78,642,2,1,2,2,MALRAUX BD ANDRE,0.0,0.0
201400035956,31,8,14,16,1,78,643,2,1,1,6,"16, PERVENCHES ALLEE DES",0.0,0.0
201400035957,21,10,14,14,1,78,498,1,1,2,1,RD30,0.0,0.0
201400035958,11,9,14,8,1,78,498,2,1,1,6,"12, PISAN AV CHRISTINE D",0.0,0.0
201400035959,10,9,14,9,1,78,643,2,6,1,6,BOURDILLON RUE EUGENE,0.0,0.0
201400035960,23,9,14,16,1,78,498,2,3,1,6,"123, CASTILLE AV BLANCHE",0.0,0.0
201400035961,26,9,14,16,1,78,498,2,2,1,4,"63, DEVAUX BD",0.0,0.0
201400035962,20,10,14,23,5,78,123,1,1,1,2,"0, EUROPE (RN 190) AVENU",0.0,0.0
201400035963,4,11,14,17,1,78,123,1,1,1,6,EUROPE (RN 190) AVENUE D,0.0,0.0
201400035964,23,10,14,18,5,78,498,2,2,1,3,"1, SAINT SEBASTIEN RUE",0.0,0.0
201400035965,4,10,14,0,5,78,498,2,1,1,6,RD30,0.0,0.0
201400035966,7,10,14,14,1,78,498,2,3,1,1,"1, CASTILLE AV BLANCHE D",0.0,0.0
201400035967,26,9,14,16,1,78,672,2,2,1,3,POISSY RUE DE,0.0,0.0
201400035968,14,10,14,13,1,78,498,2,4,9,7,"133, ROBESPIERRE BD",0.0,0.0
201400035969,10,11,14,8,1,78,498,2,1,1,6,"137, CASTILLE AV BLANCHE",0.0,0.0
201400035970,15,11,14,22,5,78,498,2,3,1,7,MALRAUX RUE ANDRE,0.0,0.0
201400035971,19,11,14,17,1,78,498,2,1,1,7,"1, PONTOISE AV DE",0.0,0.0
201400035972,23,11,14,19,5,78,123,2,2,1,3,"0, REINE BLANCHE RUE",0.0,0.0
201400035973,24,11,14,8,1,78,123,1,1,1,7,EUROPE (RN 190) AVENUE D,0.0,0.0
201400035974,6,12,14,21,3,78,672,1,1,1,6,VERNOUILLET ROUTE DE (CD,0.0,0.0
201400035975,22,11,14,19,3,78,624,2,1,2,6,L'HAUTIL RUE CD2,0.0,0.0
201400035976,25,11,14,8,1,78,498,2,1,1,6,MALADRERIE AV DE LA,0.0,0.0
201400035977,31,12,14,1,5,78,123,2,3,1,6,GRANDE RUE,0.0,0.0
201400035978,2,1,14,8,1,78,517,2,1,1,6,"2, LENOTRE (RUE G.)",0.0,0.0
201400035979,5,1,14,12,1,78,517,1,1,1,7,RN 10,0.0,0.0
201400035980,1,2,14,17,1,78,517,2,1,1,3,"31, CHAMP DE COURSES (RU",0.0,0.0
201400035981,27,4,14,7,1,78,517,1,1,2,6,RN 10,0.0,0.0
201400035982,12,5,14,16,1,78,486,2,4,1,3,CHARTRES (RUE DE,0.0,0.0
201400035983,21,6,14,16,1,78,517,2,2,1,3,"0, PRUNELLIERS (RUE DES)",0.0,0.0
201400035984,14,8,14,15,1,78,486,1,4,8,3,CHARTRES (RUE DE,0.0,0.0
201400035985,15,8,14,17,1,78,269,1,6,1,7,D 150,0.0,0.0
201400035986,31,8,14,11,1,78,220,1,1,1,2,"0, DAMPIERRE (RUE DE)",0.0,0.0
201400035987,6,9,14,20,2,78,517,2,1,1,1,"99, LENOTRE (RUE G.)",0.0,0.0
201400035988,26,9,14,9,1,78,517,2,3,1,6,"41, MONTORGUEIL (RUE)",0.0,0.0
201400035989,26,9,14,18,1,78,220,1,3,1,3,RD 191,0.0,0.0
201400035990,1,10,14,2,3,78,517,1,1,1,3,ETANG DE LA TOUR (RUE DE,0.0,0.0
201400035991,14,11,14,18,4,78,517,2,1,2,6,"40, SADI CARNOT (RUE)",0.0,0.0
201400035992,6,12,14,11,1,78,517,2,1,7,6,"08 BIS, LENOTRE (RUE G.)",0.0,0.0
201400035993,23,12,14,16,5,78,517,2,1,2,6,"34 ter, PATENOTRE (RUE R",0.0,0.0
201400035994,3,2,14,9,1,78,545,2,9,9,6,FRANCE (SQUARE ANATOLE),0.0,0.0
201400035995,4,6,14,19,1,78,242,2,6,7,6,REPUBLIQUE (AVENUE DE LA,0.0,0.0
201400035996,12,6,14,8,1,78,73,2,1,1,3,RD 129,0.0,0.0
201400035997,14,10,14,12,1,78,242,2,7,1,6,FRANCE (RUE ANATOLE),0.0,0.0
201400035998,12,11,14,7,3,78,545,2,1,1,6,"1, CD 7",0.0,0.0
201400035999,24,11,14,18,5,78,242,2,1,1,1,"14, REPUBLIQUE (AVENUE D",0.0,0.0
201400036000,12,12,14,17,5,78,545,2,1,2,6,AVENUES (CHEMIN DES),0.0,0.0
201400036001,15,12,14,17,5,78,545,2,9,2,6,FABIEN (AVENUE COLONEL),0.0,0.0
201400036002,8,1,14,8,4,78,551,2,1,1,6,BOUFFLERS (DE),0.0,0.0
201400036003,31,1,14,16,1,78,551,1,2,8,3,RN 190,0.0,0.0
201400036004,2,2,14,15,1,78,551,1,2,1,3,RN 184,0.0,0.0
201400036005,5,2,14,12,1,78,551,2,7,1,3,LAMANT (PLACE),0.0,0.0
201400036006,14,11,14,21,5,78,551,2,1,1,6,PRIOLET (ALBERT),0.0,0.0
201400036007,1,4,14,17,1,78,551,2,1,1,6,"53 bis, MAREIL (RUE ET P",0.0,0.0
201400036008,13,4,14,5,5,78,133,1,1,1,6,"60, VIEUX CHEMIN DE MANT",0.0,0.0
201400036009,10,5,14,15,1,78,551,2,1,1,7,"01, LATTRE DE TASSIGNY (",0.0,0.0
201400036010,31,5,14,17,1,78,551,2,1,1,6,"INCONNU, PEREIRE",0.0,0.0
201400036011,9,7,14,1,3,78,551,1,1,1,6,"0, RD 308",0.0,0.0
201400036012,12,7,14,11,1,78,481,2,1,1,6,"3, SCHUMAN ROBERT",0.0,0.0
201400036013,15,7,14,16,1,78,551,1,1,8,2,RN 184,0.0,0.0
201400036014,25,7,14,23,5,78,551,1,1,1,3,LOGES (AVENUE DES),0.0,0.0
201400036015,29,8,14,18,1,78,551,2,1,1,6,"25, DUBAIL (AVENUE DU GE",0.0,0.0
201400036016,2,9,14,14,1,78,551,2,1,1,2,"50, LECLERC (AVENUE DU G",0.0,0.0
201400036017,3,10,14,13,1,78,551,1,1,1,2,LOGES (AVENUE DES),0.0,0.0
201400036018,12,10,14,18,2,78,551,1,1,1,3,MUETTE (RUE DE LA),0.0,0.0
201400036019,23,10,14,16,1,78,551,2,1,1,5,"56, PEREIRE",0.0,0.0
201400036020,30,11,14,12,1,78,551,2,1,1,6,"81, POLOGNE (DE)",0.0,0.0
201400036021,27,11,14,17,5,78,251,1,1,1,7,BOIS NOIRS (RUE DES),0.0,0.0
201400036022,8,12,14,18,5,78,551,2,1,1,7,"19, PONTOISE (DE)",0.0,0.0
201400036023,19,12,14,17,5,78,586,2,1,2,2,"0, TOBROUK",0.0,0.0
201400036024,30,1,14,21,5,78,586,2,2,1,2,SCHUMAN (ROBERT),0.0,0.0
201400036025,4,2,14,13,1,78,586,2,1,1,6,"73, TOBROUK",0.0,0.0
201400036026,12,3,14,12,1,78,586,2,1,1,7,"105, TOBROUK",0.0,0.0
201400036027,4,4,14,14,1,78,586,2,3,1,3,SCHUMAN (ROBERT),0.0,0.0
201400036028,15,2,14,0,5,78,586,2,1,1,1,BARBUSSE (HENRI),0.0,0.0
201400036029,25,3,14,16,1,78,586,2,3,2,6,"neant, ROLLAND (ROMAIN)",0.0,0.0
201400036030,8,4,14,9,1,78,586,2,1,1,6,BOBILLOT,0.0,0.0
201400036031,31,5,14,18,1,78,586,2,1,1,7,"0, JOUHAUX (LEON)",0.0,0.0
201400036032,6,6,14,11,1,78,586,2,1,1,3,"64bis, CONVENTION (AVENU",0.0,0.0
201400036033,10,6,14,13,1,78,586,2,2,3,3,BEZONS 21 22,0.0,0.0
201400036034,9,8,14,22,5,78,586,2,1,1,6,CONVENTION (AVENUE),0.0,0.0
201400036035,23,9,14,17,1,78,586,2,3,7,1,CLEMENCEAU (G.) N?1 A 53,0.0,0.0