Num_Acc,jour,mois,an,hr,condition_eclairage,departement,commune,condition_agglomeration,intersection,condition_atmosphere,type_collision,adresse,lattitude,longitude
201400036036,10,9,14,17,1,78,586,2,3,1,3,"0, FOULON (ALFRED)",0.0,0.0
201400036037,3,9,14,11,1,78,586,2,3,1,6,"0, ROUGET DE L'ISLE N? I",0.0,0.0
201400036038,1,10,14,11,1,78,586,2,1,1,7,"6, JUSSIEU",0.0,0.0
201400036039,12,10,14,0,5,78,586,2,3,1,3,"0, BERTEAUX (MAURICE) N?",0.0,0.0
201400036040,9,11,14,17,5,78,586,2,3,1,3,SCHUMAN (ROBERT),0.0,0.0
201400036041,16,11,14,13,1,78,586,2,1,2,1,"12, EUROPE",0.0,0.0
201400036042,18,11,14,8,1,78,586,2,3,2,6,"0, LAMARTINE",0.0,0.0
201400036043,12,11,14,11,1,78,586,2,1,1,6,MERMOZ (JEAN),0.0,0.0
201400036044,25,11,14,16,1,78,586,2,1,1,6,"110, BEZONS N?88 A 164",0.0,0.0
201400036045,10,12,14,19,5,78,586,2,1,2,6,"133, REPUBLIQUE (AVENUE)",0.0,0.0
201400036046,11,2,14,7,2,78,621,2,1,1,6,"22-32, FRERES LUMIERE (A",0.0,0.0
201400036047,14,2,14,8,1,78,621,2,1,2,3,BERLIOZ (RUE HECTOR),0.0,0.0
201400036048,31,3,14,17,1,78,621,2,1,1,2,NATIONALE 10   (ROUTE),0.0,0.0
201400036049,19,3,14,18,1,78,621,2,1,1,2,NATIONALE 10   (ROUTE),0.0,0.0
201400036050,8,4,14,15,1,78,621,2,1,1,6,ARAGON (RUE LOUIS),0.0,0.0
201400036051,8,3,14,12,1,78,621,2,1,1,4,NATIONALE 10   (ROUTE),0.0,0.0
201400036052,1,5,14,6,1,78,621,2,1,1,6,HENNEQUIN (AVENUE ROGER),0.0,0.0
201400036053,7,5,14,15,1,78,621,2,2,2,3,NATIONALE 10   (ROUTE),0.0,0.0
201400036054,11,5,14,19,1,78,621,2,1,2,5,NATIONALE 10   (ROUTE),0.0,0.0
201400036055,16,5,14,10,1,78,621,2,1,1,2,NATIONALE 10   (ROUTE),0.0,0.0
201400036056,8,5,14,17,1,78,621,2,1,1,6,COMMUNE DE PARIS (SQUARE,0.0,0.0
201400036057,14,6,14,19,1,78,621,2,1,1,2,"1, DEPARTEMENTALE 912 (R",0.0,0.0
201400036058,2,7,14,8,1,78,621,1,1,1,2,"1, DEPARTEMENTALE 912 (R",0.0,0.0
201400036059,26,6,14,2,5,78,621,1,1,1,6,"50, FRERES LUMIERE (AVEN",0.0,0.0
201400036060,26,7,14,2,5,78,621,1,1,1,6,"50, FRERES LUMIERE (AVEN",0.0,0.0
201400036061,16,9,14,9,1,78,621,2,1,1,6,PASTEUR MARTIN LUTHER K,0.0,0.0
201400036062,9,10,14,17,1,78,621,2,3,1,2,POTTIER (RUE EUGENE),0.0,0.0
201400036063,27,10,14,11,1,78,621,2,1,1,2,NATIONALE 10   (ROUTE),0.0,0.0
201400036064,22,12,14,19,3,78,322,2,1,2,2,LIBERATION (RUE DE LA),0.0,0.0
201400036065,11,3,14,7,1,78,640,2,1,1,3,"02, MARCEL DASSAULT (RUE",0.0,0.0
201400036066,17,3,14,13,1,78,640,2,3,8,2,ARISTIDE BRIAND (RUE),0.0,0.0
201400036067,17,12,14,9,1,78,640,2,1,3,7,"23 25, MORANE-SAULNIER (",0.0,0.0
201400036068,14,2,14,15,1,78,640,2,1,2,6,"1BIS, PETIT CLAMART (RUE",0.0,0.0
201400036069,19,3,14,18,1,78,686,2,1,1,3,"232, GENERAL LECLERC (AV",0.0,0.0
201400036070,1,4,14,9,1,78,686,2,4,1,3,JEAN REY (RUE),0.0,0.0
201400036071,9,4,14,18,1,78,640,1,1,1,2,GENERAL VALERIE ANDRE,0.0,0.0
201400036072,10,12,14,15,1,78,640,2,1,1,7,EUROPE (AVENUE DE L'),0.0,0.0
201400036073,13,6,14,17,1,78,640,2,1,1,6,"3, SAVOIE (AVENUE DE)",0.0,0.0
201400036074,5,7,14,15,1,78,640,2,1,1,3,"65, EUROPE (AVENUE DE L'",0.0,0.0
201400036075,25,8,14,19,1,78,640,2,4,8,6,SAVOIE (AVENUE DE),0.0,0.0
201400036076,9,12,14,21,5,78,686,2,2,1,6,JOUY (RUE DE),0.0,0.0
201400036077,29,8,14,16,1,78,686,2,1,1,6,GENERAL LECLERC (AVENUE,0.0,0.0
201400036078,4,9,14,15,1,78,640,2,1,1,6,MORANE-SAULNIER (AVENUE),0.0,0.0
201400036079,9,9,14,14,1,78,640,2,2,1,3,DIETZENBACH (RUE DE),0.0,0.0
201400036080,13,9,14,17,1,78,640,2,1,1,6,GENERAL DE GAULLE (AVENU,0.0,0.0
201400036081,22,9,14,5,3,78,640,2,1,8,7,MORTE BOUTEILLE (RUE),0.0,0.0
201400036082,24,10,14,17,1,78,640,1,1,1,3,EUROPE (AVENUE DE L'),0.0,0.0
201400036083,13,12,14,17,4,78,640,1,1,2,4,HARLOW (AVENUE DE),0.0,0.0
201400036084,19,12,14,19,2,78,686,2,2,1,3,JOUY (RUE DE),0.0,0.0
201400036085,14,10,14,8,1,78,646,2,1,1,3,"81, CHANTIERS (RUE DES)",0.0,0.0
201400036086,5,1,14,20,5,78,646,2,5,2,3,"122, PARIS (AVENUE DE)",0.0,0.0
201400036087,6,1,14,16,1,78,646,2,1,2,6,"4, EUROPE (AVENUE DE L')",0.0,0.0
201400036088,30,12,14,16,1,78,646,2,1,1,2,"21, MARECHAL FOCH (RUE D",0.0,0.0
201400036089,19,6,14,23,3,78,646,2,2,1,3,"5/7, ETANG (RUE DE L')",0.0,0.0
201400036090,30,9,14,11,1,78,158,2,9,1,6,POTTIER (RUE),0.0,0.0
201400036091,9,8,14,8,1,78,646,2,1,1,6,"0, RESERVOIRS (RUE DES)",0.0,0.0
201400036092,8,9,14,6,2,78,646,2,1,1,3,"10, PARIS (AVENUE DE)",0.0,0.0
201400036093,9,9,14,12,1,78,646,2,1,1,6,"6, COSTE (RUE)",0.0,0.0
201400036094,19,1,14,13,1,78,646,2,2,1,6,"9, BAILLET REVIRON (RUE)",0.0,0.0
201400036095,15,1,14,10,1,78,646,2,3,2,6,"66, ROYALE (RUE)",0.0,0.0
201400036096,11,1,14,18,5,78,646,2,3,1,6,DEROISIN (RUE),0.0,0.0
201400036097,9,1,14,17,2,78,646,2,1,1,3,CLEMENT ADER (AVENUE),0.0,0.0
201400036098,24,1,14,22,1,78,158,2,1,1,6,"85, VERSAILLES (RUE DE)",0.0,0.0
201400036099,29,1,14,17,5,78,646,2,2,2,7,ROYALE (RUE),0.0,0.0
201400036100,29,1,14,18,5,78,646,2,1,2,3,"10, MARECHAL JOFFRE (RUE",0.0,0.0
201400036101,6,2,14,11,1,78,646,2,3,2,5,SAINT MARTIN (RAMPE),0.0,0.0
201400036102,7,2,14,15,1,78,646,2,1,1,6,M. DE LATTRE DE T,0.0,0.0
201400036103,21,2,14,17,1,78,646,2,1,1,6,MARCHE NOTRE DAME,0.0,0.0
201400036104,31,10,14,15,1,78,646,2,2,1,3,"50, MARECHAL FOCH (RUE D",0.0,0.0
201400036105,14,10,14,18,1,78,646,2,2,1,2,ROYALE (RUE),0.0,0.0
201400036106,6,3,14,12,1,78,646,2,3,1,2,"69, MARECHAL FOCH (RUE D",0.0,0.0
201400036107,11,3,14,17,1,78,646,2,1,1,5,"35, PARIS (AVENUE DE)",0.0,0.0
201400036108,10,3,14,13,1,78,646,2,1,1,3,"7, REINE (BOULEVARD DE L",0.0,0.0
201400036109,23,10,14,7,5,78,158,2,3,1,3,"06, SPORTS (RUE DES)",0.0,0.0
201400036110,13,3,14,14,1,78,158,1,1,1,6,"NEANT, CENTRE COMMERCIAL",0.0,0.0
201400036111,16,3,14,10,1,78,646,2,3,1,3,GENERAL DE GAULLE,0.0,0.0
201400036112,16,3,14,16,1,78,646,2,1,1,2,SAINT CYR (ROUTE DE),0.0,0.0
201400036113,21,3,14,12,1,78,646,2,2,1,6,CHANTIERS (RUE DES),0.0,0.0
201400036114,14,10,14,14,1,78,646,2,2,1,6,"0, SCEAUX (AVENUE DE)",0.0,0.0
201400036115,9,4,14,13,1,78,646,2,2,1,2,"neant, PORTE DE BUC (RUE",0.0,0.0
201400036116,24,4,14,19,2,78,646,2,2,1,6,"21, ROI (BOULEVARD DU)",0.0,0.0
201400036117,3,11,14,8,4,78,158,2,1,1,5,"1, ROUTE NAPOLEON III (R",0.0,0.0
201400036118,21,11,14,12,1,78,646,2,1,1,7,"53, MARECHAL FOCH (RUE D",0.0,0.0
201400036119,12,5,14,21,5,78,646,2,3,1,3,SAINT CYR (ROUTE DE),0.0,0.0
201400036120,4,12,14,18,5,78,646,2,2,1,3,PARIS (AVENUE DE),0.0,0.0
201400036121,19,12,14,16,2,78,646,2,1,2,6,"0, REFUGE (RUE DU)",0.0,0.0
201400036122,22,6,14,3,5,78,646,2,6,1,6,LOI (PLACE DE LA),0.0,0.0
201400036123,1,8,14,13,1,78,646,2,1,1,6,"5, GENERAL DE GAULLE (AV",0.0,0.0
201400036124,23,9,14,15,1,78,646,2,1,1,3,"8, REINE (BOULEVARD DE L",0.0,0.0
201400036125,19,6,14,7,1,78,646,2,1,9,3,"09, PONT COLBERT (RUE DU",0.0,0.0
201400036126,24,5,14,12,1,78,158,2,1,1,3,"168, VERSAILLES (RUE DE)",0.0,0.0
201400036127,6,10,14,7,2,78,158,2,1,1,3,"11, DEBASSEUX (AVENUE)",0.0,0.0
201400036128,11,10,14,15,1,78,158,2,1,1,6,"37, VERSAILLES (RUE DE)",0.0,0.0
201400036129,16,10,14,11,1,78,646,2,1,1,6,"25, ROI (BOULEVARD DU)",0.0,0.0
201400036130,4,11,14,12,1,78,646,2,1,1,1,"45, ETATS UNIS (AVENUE D",0.0,0.0
201400036131,8,11,14,11,1,78,646,2,2,1,6,"N?ant, PAROISSE (RUE DE",0.0,0.0
201400036132,17,11,14,13,1,78,646,2,1,1,2,"67, CHANTIERS (RUE DES)",0.0,0.0
201400036133,15,7,14,15,1,78,646,2,1,1,6,"5, SAINT MICHEL (RUE)",0.0,0.0
201400036134,27,11,14,23,5,78,646,2,1,1,6,"10, NEPVEU SUD (AVENUE)",0.0,0.0
201400036135,28,11,14,8,1,78,158,2,1,1,6,"42, JEAN DUPLESSIS (RUE)",0.0,0.0
201400036136,8,12,14,15,1,78,158,2,3,1,3,"0, DUTARTRE (AVENUE)",0.0,0.0
201400036137,27,12,14,21,5,78,646,1,3,2,3,RD 10,0.0,3.45699
201400036138,7,7,14,7,2,78,646,2,3,1,7,"0, ANJOU (RUE D')",0.0,0.0
201400036139,23,1,14,8,1,78,418,2,3,1,6,JEAN CLAUDE BEZANIER (RU,0.0,0.0
201400036140,6,1,14,15,1,78,418,2,1,1,6,"0, PAUL DEMANGE (PLACE)",0.0,0.0
201400036141,19,3,14,7,1,78,650,2,2,1,6,"311, MONTESSON (ROUTE DE",0.0,0.0
201400036142,5,5,14,7,1,78,418,1,2,1,3,"1, ONZE NOVEMBRE 1918 (R",0.0,0.0
201400036143,4,6,14,18,1,78,418,2,1,1,6,"144, PAUL DOUMER (AVENUE",0.0,0.0
201400036144,11,8,14,19,1,78,418,2,9,9,3,"0, ESPERANCE (CHEMIN DE",0.0,0.0
201400036145,12,9,14,16,1,78,190,2,3,1,6,"0, PONTS (RUE DES)",0.0,0.0
201400036146,13,9,14,11,1,78,146,2,1,1,2,"73, MARECHAL FOCH (AVENU",0.0,0.0
201400036147,5,11,14,21,5,78,190,2,3,1,3,"22, VERDUN (AVENUE DE)",0.0,0.0
201400036148,1,1,14,12,1,79,191,2,1,1,6,186 AVENUE NANTES,0.0,0.0
201400036149,23,1,14,19,3,79,191,2,1,1,3,AVENUE DE LIMOGES,0.0,0.0
201400036150,27,1,14,15,1,79,191,2,2,8,3,22 PLACE CHANZY,0.0,0.0
201400036151,2,2,14,15,1,79,191,2,2,1,6,12 R FIEF D'AMOURETTES,0.0,0.0
201400036152,17,2,14,19,1,79,191,2,2,1,3,216 AV DE LA ROCHELLE,0.0,0.0
201400036153,19,2,14,19,5,79,191,2,2,1,6,BOULEVARD LOUIS TARDY,0.0,0.0
201400036154,26,2,14,21,3,79,191,2,1,1,7,AVENUE DE PARIS,0.0,0.0
201400036155,13,3,14,10,1,79,191,2,1,1,1,1 QUAI DE BELLE ILE,0.0,0.0
201400036156,28,3,14,20,3,79,191,2,1,1,6,BD PIERRE MENDES FRANCE,0.0,0.0
201400036157,2,5,14,13,1,79,191,2,2,1,3,BD DE L'ATLANTIQUE,0.0,0.0
201400036158,7,2,14,17,1,79,191,2,4,8,1,2 RUE DES PELLERINS,0.0,0.0
201400036159,5,6,14,22,5,79,191,2,1,1,6,24 RUE DE L'ESPERANCE,0.0,0.0
201400036160,9,7,14,18,1,79,191,2,1,1,6,103 AV LA VENISE VERTE,0.0,0.0
201400036161,20,8,14,11,1,79,191,2,4,1,3,12 R FIEF DES AMOURETTES,0.0,0.0
201400036162,6,9,14,18,1,79,191,1,4,1,3,ROUTE DE COULONGES,0.0,0.0
201400036163,22,9,14,10,1,79,81,2,1,1,3,RUE DES COMBES,0.0,0.0
201400036164,23,9,14,18,1,79,191,2,1,1,2,21 CHEMIN DE PIERRE,0.0,0.0
201400036165,9,3,14,12,1,79,191,2,1,1,3,196 AV DE LA ROCHELLE,0.0,0.0
201400036166,3,10,14,6,5,79,191,2,2,1,3,AVENUE DE LA ROCHELLE,0.0,0.0
201400036167,8,11,14,15,1,79,191,2,2,1,3,BD DE L'ATLANTIQUE,0.0,0.0
201400036168,10,11,14,7,2,79,191,2,1,1,1,BOULEVARD WILLY BRANDT,0.0,0.0
201400036169,19,3,14,10,1,79,191,2,1,1,6,25 RUE DES BRIZEAUX,0.0,0.0
201400036170,29,10,14,17,1,79,191,2,2,1,3,100 RUE DE SOUCHE,0.0,0.0
201400036171,17,11,14,17,5,79,191,2,1,1,3,8 RUE DES HERBILLAUX,0.0,0.0
201400036172,9,4,14,21,5,79,191,2,2,1,3,48 RUE BASSE,0.0,0.0
201400036173,24,4,14,18,1,79,191,2,1,1,7,BD DE L'ATLANTIQUE,0.0,0.0
201400036174,2,5,14,18,1,79,191,2,1,1,6,72 RUE DE SOUCHE,0.0,0.0
201400036175,13,5,14,13,1,79,191,2,9,1,3,29 RUE HENRI SELLIER,0.0,0.0
201400036176,14,5,14,17,1,79,191,2,3,1,3,211 RUE DE BURGONCE,0.0,0.0
201400036177,23,5,14,19,1,79,191,2,6,8,1,11 RUE VAUMORIN,0.0,0.0
201400036178,20,6,14,18,1,79,191,2,1,1,6,BD PIERRE MENDES FRANCE,0.0,0.0
201400036179,10,9,14,7,1,79,191,2,1,1,3,39 RUE COTEAU ST-HUBERT,0.0,0.0
201400036180,27,9,14,11,1,79,191,2,1,1,3,AVENUE DE PARIS,0.0,0.0
201400036181,9,10,14,15,1,79,191,2,9,1,1,BOULEVARD DE L'EUROPE,0.0,0.0
201400036182,18,10,14,23,4,79,191,2,1,1,7,8 BOULEVARD JEAN COCTEAU,0.0,0.0
201400036183,6,11,14,7,5,79,191,2,4,1,3,173 ROUTE D'AIFFRES,0.0,0.0
201400036184,6,11,14,9,1,79,191,2,3,1,3,42 RUE HENRI SELLIER,0.0,0.0
201400036185,6,11,14,12,1,79,191,2,6,1,7,RUE PETER BARLOW,0.0,0.0
201400036186,11,11,14,22,5,79,191,2,2,2,3,1 BOULEVARD JEAN MOULIN,0.0,0.0
201400036187,12,11,14,10,1,79,191,2,1,2,7,23 RUE ROBERT TURGOT,0.0,0.0
201400036188,24,11,14,21,5,79,191,2,1,2,6,152 AV ST JEAN D'ANGELY,0.0,0.0
201400036189,26,11,14,7,3,79,81,2,1,5,3,ROUTE DE PARIS,0.0,0.0
201400036190,27,11,14,16,1,79,191,2,1,1,6,21B RUE LAURENT BONNEVAY,0.0,0.0
201400036191,11,12,14,10,1,79,191,2,1,1,7,1 RUE DE LA COUDRAIE,0.0,0.0
201400036192,15,12,14,17,2,79,191,2,1,2,7,20 RUE DES HERBILLAUX,0.0,0.0
201400036193,14,1,14,18,5,79,329,2,2,8,3,RUE ANATOLE FRANCE,0.0,0.0
201400036194,15,1,14,17,5,79,329,2,1,2,7,01 RUE GASTON CHERAU,0.0,0.0
201400036195,16,1,14,10,1,79,329,2,9,2,2,22 AVENUE EMILE ZOLA,0.0,0.0
201400036196,14,2,14,8,1,79,329,2,1,2,2,21 AVENUE VICTOR HUGO,0.0,0.0
201400036197,13,3,14,16,1,79,329,2,1,1,6,23 RUE CAMILLE PELLETAN,0.0,0.0
201400036198,17,3,14,6,2,79,329,2,1,5,1,BOULEVARD HELENSBURGH,0.0,0.0
201400036199,21,3,14,7,1,79,329,2,1,2,6,7 RUE JEAN DEVAUX,0.0,0.0
201400036200,21,3,14,7,1,79,300,2,2,3,3,RUE DU DOCTEUR BASSET,0.0,0.0
201400036201,9,3,14,23,3,79,259,1,3,-1,7,"LD ""LE PETIT CORNET""",0.0,0.0
201400036202,28,3,14,17,1,79,329,2,2,1,6,AVENUE VICTOR LECLERC,0.0,0.0
201400036203,4,4,14,8,1,79,259,1,2,8,3,ROUTE DE SAINT VARENT,0.0,0.0
201400036204,10,4,14,7,1,79,329,2,6,1,2,RUE GAMBETTA,0.0,0.0
201400036205,11,4,14,14,1,79,329,2,2,1,3,BD DE LA LIBERATION,0.0,0.0
201400036206,18,4,14,18,1,79,300,2,2,1,3,RUE DU DOCTEUR BASSET,0.0,0.0
201400036207,23,4,14,14,1,79,329,2,1,8,3,BOULEVARD DE EUROPE,0.0,0.0
201400036208,14,5,14,9,1,79,300,2,1,1,3,145 AVENUE EMILE ZOLA,0.0,0.0
201400036209,16,5,14,5,5,79,329,2,3,1,3,47 AVENUE EMILE ZOLA,0.0,0.0
201400036210,31,5,14,21,2,79,329,2,1,1,6,AVENUE VICTOR HUGO,0.0,0.0
201400036211,31,5,14,22,5,79,329,2,1,1,7,5 RUE PORTE MAILLOT,0.0,0.0
201400036212,25,6,14,5,3,79,259,1,3,1,3,ROUTE DE BRESSUIRE,0.0,0.0
201400036213,26,6,14,10,1,79,329,2,2,1,3,43 RUE VOLTAIRE,0.0,0.0
201400036214,30,6,14,18,1,79,329,1,3,8,3,,0.0,0.0
201400036215,7,7,14,9,1,79,329,2,1,1,3,21 RUE RICARD,0.0,0.0
201400036216,7,8,14,13,1,79,329,2,1,1,3,45 RUE ANATOLE FRANCE,0.0,0.0
201400036217,27,8,14,17,1,79,329,2,2,1,3,1 PLACE SAINT-LAON,0.0,0.0
201400036218,11,9,14,15,1,79,329,2,8,1,7,104 RUE JULES GUESDE,0.0,0.0
201400036219,12,9,14,16,1,79,329,2,2,1,3,1 RUE ERNEST PEROCHON,0.0,0.0
201400036220,2,10,14,17,1,79,329,2,1,1,2,118 AVENUE EMILE ZOLA,0.0,0.0
201400036221,6,10,14,17,1,79,259,2,1,2,7,72 ROUTE DE PARTHENAY,0.0,0.0
201400036222,30,10,14,16,1,79,329,2,1,1,7,91 RUE ERNEST PEROCHON,0.0,0.0
201400036223,7,11,14,10,1,79,329,2,2,1,3,BD ALFRED DE VIGNY,0.0,0.0
201400036224,18,11,14,18,3,79,329,2,2,1,3,45 RUE VOLTAIRE,0.0,0.0
201400036225,9,12,14,9,1,79,329,2,2,1,1,1 BOULEVARD JEAN JAURES,0.0,0.0
201400036226,10,12,14,17,5,79,329,2,1,1,6,3 AVENUE EMILE ZOLA,0.0,0.0
201400036227,16,12,14,17,5,79,329,2,1,2,6,38 AVENUE EMILE ZOLA,0.0,0.0
201400036228,17,12,14,12,1,79,259,2,1,2,4,74 ROUTE DE PARTHENAY,0.0,0.0
201400036229,6,1,14,22,5,80,1,2,1,2,6,6 FAUBOURG  PLANCHES,0.0,0.0
201400036230,15,5,14,17,1,80,1,2,1,1,6,"17, NORMANDIE (de)",50.09826,1.85082
201400036231,19,5,14,18,1,80,1,2,1,1,1,"20, LIEUTENANT CARON (du",50.11022,1.84249
201400036232,10,6,14,20,1,80,1,1,1,1,7,,50.08363,1.84765
201400036233,13,6,14,11,1,80,1,2,1,1,6,"25, LINGERS (des)",50.10714,1.83486
201400036234,10,6,14,16,1,80,1,2,1,1,6,CANAL DE TRANSIT (du),50.10249,1.82721
201400036235,14,8,14,16,1,80,1,2,1,1,6,"8, POLONAIS (des)",0.0,0.0
201400036236,14,9,14,1,5,80,1,2,6,1,6,"1, DEPORTES ET INTERNES",50.10988,1.84454
201400036237,16,10,14,10,1,80,1,2,1,1,2,AMIENS (d'),50.10626,1.84627
201400036238,27,10,14,9,1,80,1,2,1,1,3,"42, VAUBAN",50.10536,1.84005
201400036239,6,11,14,17,5,80,1,2,1,8,6,"3, JEAN MENNESSON",50.11616,1.82756
201400036240,9,11,14,19,5,80,1,2,6,2,3,"226, POSTES (du chemin d",50.10034,1.85678
201400036241,20,12,14,9,1,80,1,2,1,2,1,"14, POLONAIS (des)",50.10492,1.79898
201400036242,21,12,14,16,1,80,1,2,6,8,6,"1, JEAN JAURES",50.10401,1.8278
201400036243,4,1,14,15,1,80,21,2,1,7,2,RUE COLBERT,49.89273,2.27456
201400036244,3,1,14,17,2,80,21,2,2,2,2,RUE D' AUTRICHE,49.8737,2.28758
201400036245,4,1,14,15,1,80,256,2,1,1,2,594 AVENUE LOUIS PASTEUR,0.0,0.0
201400036246,7,1,14,10,1,80,21,2,1,1,2,"219,RUE D' ABBEVILLE",0.0,0.0
201400036247,7,1,14,15,1,80,21,2,6,1,3,RUE LESCOUVE,49.89088,2.27686
201400036248,8,1,14,12,1,80,21,2,1,1,3,"59, RUE ALEXANDRE DUMAS",49.8722,2.29508
201400036249,8,1,14,21,5,80,21,2,2,1,1,RUE DE ROUEN,49.88978,2.29015
201400036250,8,1,14,17,3,80,379,1,6,1,4,ROUTE DE ST QUENTIN,0.0,0.0
201400036251,12,1,14,9,1,80,21,2,3,1,3,RUE D' ABBEVILLE,49.91036,2.25753
201400036252,11,1,14,17,5,80,21,2,2,1,3,"1,RUE EUGENE DELACROIX",49.91164,2.29767
201400036253,14,1,14,18,5,80,21,2,1,1,4,"185,BOULEVARD CHATEAUDUN",49.88521,2.28034
201400036254,13,1,14,8,1,80,21,2,1,1,6,"9, RUE D' ASSAS",49.8737,2.31259
201400036255,13,1,14,15,1,80,21,2,1,1,2,AVENUE PAUL CLAUDEL,49.87461,2.27026
201400036256,14,1,14,17,1,80,21,2,3,1,2,"290,RUE SAINT FUSCIEN",49.87659,2.30594
201400036257,14,1,14,17,1,80,21,2,1,1,6,"14,RUE ANDRE CHENIER",49.87764,2.28646
201400036258,14,1,14,8,4,80,489,1,1,2,4,,0.0,0.0
201400036259,14,1,14,7,2,80,21,2,6,1,5,CAR. GEORGES CLEMENCEAU,49.90748,2.30173
201400036260,15,1,14,8,2,80,21,2,1,8,6,"1, SAINT MARTIN AUX WAID",49.89496,2.29907
201400036261,15,1,14,13,1,80,21,1,1,2,2,ROCADE NORD EST RN 1,0.0,0.0
201400036262,16,1,14,9,1,80,21,2,1,3,4,"376,CHAUSSEE JULES FERRY",49.87888,2.33628
201400036263,17,1,14,11,1,80,21,2,1,1,6,"2bis,RUE LAMARCK",49.89139,2.29906
201400036264,21,1,14,19,5,80,21,2,1,1,6,"43,RUE VANMARCKE",49.89628,2.30288
201400036265,21,1,14,17,2,80,21,2,6,1,3,CAR DE LA LIBERATION,49.88665,2.27861
201400036266,20,1,14,7,5,80,21,2,6,1,2,RUE FRANKLIN ROOSEVELT,49.90748,2.30172
201400036267,27,1,14,16,1,80,21,2,1,1,6,RUE ROBERT LE COQ,49.90043,2.26912
201400036268,25,1,14,18,5,80,21,2,1,1,6,PLACE ALPHONSE FIQUET,49.89111,2.30662
201400036269,29,1,14,14,1,80,21,2,1,2,7,RUE JEAN CATELAS,49.8957,2.29022
201400036270,28,1,14,12,1,80,21,2,1,1,1,"505,RUE DE VERDUN",49.8898,2.3279
201400036271,3,2,14,8,1,80,21,2,1,1,2,RUE FRANKLIN ROOSEVELT,49.91813,2.29264
201400036272,4,2,14,13,1,80,21,2,6,1,3,AV QUATORZE JUILLET 1789,49.87546,2.28191
201400036273,5,2,14,10,1,80,21,2,3,1,3,AVENUE PAUL CLAUDEL,49.87442,2.26778
201400036274,5,2,14,14,1,80,21,2,1,1,2,"151,RUE DE PARIS",49.88664,2.28837
201400036275,9,2,14,7,3,80,131,1,1,1,6,RUE MANASSES BARBIER,49.85105,2.37726
201400036276,9,2,14,5,3,80,164,1,1,1,6,"0, RN 25",0.0,0.0
201400036277,7,2,14,14,1,80,21,2,2,1,6,"1,R CHARLES DE FOUCAULD",49.88951,2.30702
201400036278,7,2,14,9,1,80,21,2,1,2,3,"02,BD ALSACE LORRAINE",49.89152,2.30715
201400036279,6,2,14,7,2,80,21,2,1,1,6,RUE DU FAUBOURG DE HEM,49.90343,2.27481
201400036280,6,2,14,11,1,80,724,1,1,1,4,"0, RD 210",0.0,0.0
201400036281,17,2,14,23,4,80,724,1,1,1,7,ROUTE DE ROUEN,0.0,0.0
201400036282,11,2,14,18,5,80,261,2,1,1,2,RD 1001,0.0,0.0
201400036283,15,2,14,10,1,80,674,2,6,1,7,AVENUE DEFENSE PASSIVE,49.91234,2.33837
201400036284,12,2,14,8,1,80,21,2,3,1,3,RUE EDMOND ROSTAND,49.8722,2.32219
201400036285,12,2,14,11,1,80,21,2,2,1,5,BD ALSACE LORRAINE,49.89452,2.30925
201400036286,19,2,14,4,5,80,725,2,1,1,7,ROUTE DE NORMANDIE,0.0,0.0
201400036287,17,2,14,17,1,80,21,2,1,1,3,"189,RUE SAINT HONORE",49.88522,2.28499
201400036288,18,2,14,19,4,80,21,2,1,1,6,"120,RUE SAINT FUSCIEN",49.8813,2.30473
201400036289,17,2,14,9,1,80,21,1,1,1,3,"1,RUE DES BONNARDS",49.90352,2.30714
201400036290,20,2,14,18,5,80,21,2,1,3,6,BD BEAUVILLE CENTRE,49.89454,2.3092
201400036291,20,2,14,19,5,80,21,2,1,2,6,"159,RUE SAINT HONORE",49.88561,2.28573
201400036292,20,2,14,19,3,80,21,1,1,1,7,ROCADE NORD RN 1,0.0,0.0
201400036293,26,2,14,19,4,80,379,1,1,1,7,ROCADE NORD EST RN 25,0.0,0.0
201400036294,26,2,14,13,1,80,21,2,1,1,5,"77,RUE SAINT FUSCIEN",49.88233,2.30449
201400036295,25,2,14,17,1,80,21,2,3,1,3,RUE DE PRAGUE,49.87333,2.31854
201400036296,23,2,14,7,2,80,21,2,1,1,6,"81,BD SAINT QUENTIN",49.87931,2.29635
201400036297,7,3,14,20,5,80,21,2,1,1,6,"1,PLACE ALPHONSE FIQUET",49.89064,2.30629
201400036298,12,3,14,14,1,80,489,2,2,1,3,RUE DENIS PAPIN,49.86691,2.35138
201400036299,12,3,14,8,1,80,21,2,1,1,2,AV GENERAL DE GAULLE,49.90518,2.30141
201400036300,5,3,14,18,2,80,21,2,1,2,3,"15,BD DE STRASBOURG",49.88687,2.27837
201400036301,9,3,14,19,5,80,21,2,1,1,6,"21,RUE DE PARIS",49.88835,2.28957
201400036302,15,3,14,22,5,80,21,2,3,1,3,AVENUE DEFENSE PASSIVE,49.90752,2.32079
201400036303,16,3,14,15,1,80,21,2,1,1,6,CITE DES IRIS,49.88366,2.25657
201400036304,18,3,14,13,1,80,21,2,1,1,6,BOULEVARD DE BELFORT,49.88989,2.30579
201400036305,13,3,14,8,1,80,725,2,1,5,2,AVENUE DU GOLF,49.86664,2.25902
201400036306,18,3,14,17,1,80,21,2,3,1,3,RUE DE BECQUERELLES,49.90175,2.30014
201400036307,22,3,14,15,1,80,379,2,1,1,5,,0.0,0.0
201400036308,22,3,14,19,2,80,21,2,1,1,3,"500,RUE DE CAGNY",49.87582,2.32861
201400036309,28,3,14,13,1,80,21,2,6,1,3,AVENUE ROGER DUMOULIN,0.0,0.0
201400036310,28,3,14,12,1,80,21,2,1,1,6,"119,RUE FAUBOURG DE HEM",49.90187,2.27905
201400036311,26,3,14,8,1,80,21,2,6,1,3,BOULEVARD DU PORT,49.8984,2.29058