Num_Acc,jour,mois,an,hr,condition_eclairage,departement,commune,condition_agglomeration,intersection,condition_atmosphere,type_collision,adresse,lattitude,longitude
201400036312,26,3,14,19,5,80,21,2,1,1,2,"103,RUE ALEXANDRE DUMAS",49.87402,2.28875
201400036313,2,4,14,20,5,80,21,2,1,1,6,"433,DB BEAUVILLE",49.90616,2.31772
201400036314,4,4,14,7,1,80,21,2,1,1,6,"122,RUE SAINT FUSCIEN",49.88122,2.30473
201400036315,4,4,14,18,1,80,21,2,5,1,3,PLACE VOGEL,49.8979,2.29547
201400036316,4,4,14,10,1,80,21,2,1,1,6,"33,MAIL ALBERT 1ER",49.88878,2.29794
201400036317,9,4,14,18,1,80,21,2,1,1,3,RUE LEO LAGRANGE,49.91055,2.31119
201400036318,8,4,14,17,1,80,21,2,1,1,6,"46,R JEAN MARC LAURENT",49.87108,2.31697
201400036319,11,4,14,14,1,80,21,2,1,1,2,"16,RUE D' AUSTRALIE",49.90347,2.27623
201400036320,11,4,14,7,1,80,164,2,1,1,3,"101,RUE MARIUS PETIT",49.88744,2.33796
201400036321,11,4,14,19,1,80,256,2,1,1,3,"323,  LOUIS PASTEUR (AVE",0.0,0.0
201400036322,14,4,14,19,1,80,21,2,1,1,2,BOULEVARD GARIBALDI,49.89354,2.28564
201400036323,14,4,14,18,1,80,489,2,1,1,2,AVENUE VICTOR HUGO,49.86679,2.35493
201400036324,15,4,14,19,1,80,21,2,1,1,6,"32,RUE JEAN MARC LAURENT",49.87081,2.31036
201400036325,15,4,14,10,1,80,21,2,1,1,6,"10,RUE DES SERGENTS",49.89449,2.29891
201400036326,15,4,14,12,1,80,21,2,1,1,3,BD ALSACE LORRAINE,49.89231,2.30772
201400036327,16,4,14,18,1,80,21,2,1,1,3,RUE LEGRAND D' AUSSY,49.89125,2.31188
201400036328,17,4,14,12,1,80,21,2,1,1,3,"228,AVENUE FOY",49.88811,2.2802
201400036329,18,4,14,19,1,80,21,2,3,1,3,RUE PAUL VERLAINE,49.87299,2.32228
201400036330,23,4,14,18,1,80,489,2,1,1,4,RUE HENRI BARBUSSE,49.87325,2.35076
201400036331,30,4,14,13,1,80,21,2,1,1,2,"2,RUE DE LA DEUXIEME DB",49.89381,2.29302
201400036332,1,5,14,16,1,80,21,2,1,3,6,"5, PIERRE ROLLIN (RUE)",49.87854,2.31213
201400036333,3,5,14,14,1,80,21,2,2,1,3,"00, DUFOUR (RUE)",49.88537,2.29704
201400036334,6,5,14,16,1,80,21,2,1,2,6,"2, MARIVAUX (RUE)",49.90905,2.32595
201400036335,6,5,14,17,1,80,21,2,6,3,3,"00, POINTIN (RUE)",49.88547,2.31223
201400036336,6,5,14,14,1,80,21,2,1,2,2,"79, SAINT ROCH (RUE)",49.89546,2.28536
201400036337,11,5,14,20,1,80,21,2,1,1,6,"00, EUROPE (AVENUE DE L'",49.91906,2.30489
201400036338,16,5,14,11,1,80,21,2,1,1,2,"93, SAINT QUENTIN (BOULE",49.87939,2.29704
201400036339,16,5,14,21,1,80,21,2,2,1,3,"00, ALBERT 1ER (MAIL)",49.88858,2.30297
201400036340,17,5,14,11,1,80,724,2,3,1,3,"00, TAISNIL (ROUTE DE)",0.0,0.0
201400036341,19,5,14,13,1,80,21,2,1,1,3,"6, RUE ALFRED CATEL",49.90395,2.27877
201400036342,20,5,14,12,1,80,21,2,1,1,3,"83, FRANKLIN ROOSEVELT (",49.90965,2.29826
201400036343,22,5,14,9,1,80,131,2,1,1,4,RD 934,0.0,0.0
201400036344,23,5,14,15,1,80,21,2,1,2,2,"83, SAINT FUSCIEN (RUE)",49.88189,2.30458
201400036345,26,5,14,13,1,80,21,2,3,2,3,"00, FRANCS MURIERS (RUE",49.89736,2.29782
201400036346,27,5,14,13,1,80,21,2,1,1,2,"00, CHATEAU MILAN (RUE D",49.90204,2.28424
201400036347,31,5,14,14,1,80,131,2,1,1,3,"00, MICHEL STROGOFF  (BO",49.86088,2.38132
201400036348,5,6,14,8,1,80,21,2,3,1,3,"00, GUYENCOURT (BOULEVAR",49.89266,2.28475
201400036349,5,6,14,18,1,80,21,2,1,1,2,"00, PAIX (AVENUE DE LA)",49.91161,2.29887
201400036350,9,6,14,6,1,80,21,2,1,1,6,"499, ABBEVILLE (RUE D')",49.91156,2.25143
201400036351,9,6,14,14,1,80,21,2,1,8,6,"18, MORVILLERS (RUE DE)",49.88817,2.31594
201400036352,6,6,14,8,1,80,131,1,1,1,4,RD 934,0.0,0.0
201400036353,11,6,14,7,1,80,21,2,1,1,6,"4, ROUBAIX (BOULEVARD DE",49.9101,2.31662
201400036354,13,6,14,22,5,80,379,2,1,1,1,"00, ETOILE DU SUD (AVENU",49.86542,2.39104
201400036355,19,6,14,14,1,80,674,2,1,1,2,"29, GENERAL LECLERC (AVE",49.90258,2.32124
201400036356,19,6,14,17,1,80,21,2,1,1,2,PIERRE ROLLIN (RUE),49.87758,2.3125
201400036357,20,6,14,13,1,80,21,2,1,1,3,"85, SAINT QUENTIN (BOULE",49.87933,2.29644
201400036358,20,6,14,19,1,80,21,2,2,1,3,"00, LEO LAGRANGE (RUE)",49.91054,2.31119
201400036359,22,6,14,18,1,80,379,1,1,1,6,RD 1029 (ROUTE DE ST QUE,0.0,0.0
201400036360,24,6,14,22,5,80,21,2,1,1,1,AVENUE ROGER DUMOULIN,0.0,0.0
201400036361,27,6,14,16,1,80,21,2,1,1,6,VOLTAIRE (RUE),49.91186,2.31795
201400036362,27,6,14,23,5,80,21,2,1,1,7,LAMARTINE (RUE),49.89249,2.30543
201400036363,29,6,14,14,1,80,21,2,2,3,3,EUROPE (AVENUE DE L'),49.91164,2.30264
201400036364,29,6,14,15,1,80,21,2,2,2,3,ALSACE LORRAINE (BOULEVA,49.89444,2.30922
201400036365,30,6,14,8,1,80,131,1,1,1,4,RD 934,0.0,0.0
201400036366,1,7,14,15,1,80,21,2,3,1,3,"00, SAVEUSE (RUE DE)",49.90414,2.2657
201400036367,5,7,14,21,1,80,21,2,1,1,4,"00, ROGER ONFRAY (RUE)",49.90318,2.31589
201400036368,12,7,14,14,1,80,21,2,2,1,3,"00, SAINT MARTIN AUX WAI",49.89523,2.29762
201400036369,15,7,14,16,1,80,21,2,1,1,3,"00, EUROPE (AVENUE DE L'",49.91273,2.30266
201400036370,10,7,14,12,1,80,21,2,1,1,2,"00, PIERRE MENDES FRANCE",49.89914,2.28962
201400036371,16,7,14,11,1,80,21,2,1,1,1,"339, ABBEVILLE (RUE D')",49.90987,2.25889
201400036372,9,7,14,15,1,80,21,2,1,2,2,"00, ROLLIN (ALLEE DE)",49.87579,2.31345
201400036373,9,7,14,18,1,80,21,2,2,2,3,"00, FLORIMONT  LEROUX (R",49.89644,2.29288
201400036374,7,7,14,17,1,80,21,2,1,1,2,"2, LONGUEVILLE (PLACE)",49.88829,2.29447
201400036375,3,7,14,11,1,80,489,2,1,1,3,"00, VILLE IDEALE (AVENUE",49.86786,2.36661
201400036376,3,7,14,8,1,80,164,2,1,1,6,"00, PLACE GENERAL LECLER",49.88749,2.34414
201400036377,7,7,14,17,1,80,725,2,1,1,6,"00, RD8",49.87185,2.25795
201400036378,17,7,14,17,1,80,21,2,1,1,6,"00, CHATEAUDUN (BOULEVAR",49.88365,2.28255
201400036379,22,7,14,17,1,80,21,2,1,1,2,"93, SAINT PIERRE (CHAUSS",49.90295,2.30455
201400036380,25,7,14,22,5,80,21,2,3,1,3,"00, JULES FERRY (CHAUSSE",49.88357,2.32459
201400036381,30,7,14,17,1,80,21,2,1,1,6,"00, FENELON (RUE)",49.91469,2.31977
201400036382,31,7,14,12,1,80,21,2,1,1,3,"00, ALSACE LORRAINE (BOU",49.89229,2.30774
201400036383,2,8,14,20,1,80,21,2,1,1,2,"2, GENERAL FRERE (RUE DU",49.90453,2.3021
201400036384,1,8,14,17,1,80,21,2,1,1,3,"219, ABBEVILLE (RUE D')",49.90797,2.26422
201400036385,3,8,14,20,1,80,21,2,1,1,6,"22, AGRICOLE SOYER (RUE)",49.8982,2.26308
201400036386,4,8,14,21,2,80,21,2,1,1,3,"00, WINSTON CHURCHILL (R",49.90848,2.30443
201400036387,7,8,14,17,1,80,21,2,1,1,3,"00, EUROPE (AVENUE DE L'",49.91309,2.30256
201400036388,7,8,14,17,1,80,702,2,3,1,3,"00, DEPARTEMENTALE 7 (RO",49.83764,2.3098
201400036389,24,8,14,18,1,80,489,2,1,1,1,"00, LUCIEN BARBIER (PLAC",49.86443,2.35258
201400036390,19,8,14,17,1,80,725,2,1,1,3,"54, JEAN JAURES (AVENUE)",49.86576,2.24039
201400036391,22,8,14,10,1,80,702,2,1,1,6,"00, DEPARTEMENTALE 7 (RO",49.83177,2.31585
201400036392,25,8,14,21,5,80,21,2,1,3,6,"3, PIERRE MAC ORLAN (RUE",49.87624,2.32476
201400036393,26,8,14,16,1,80,21,2,1,1,5,AVENUE DE L'EUROPE,49.92447,2.30531
201400036394,27,8,14,18,1,80,21,2,1,1,7,"00, ROCADE NORD RN 1",49.92441,2.29182
201400036395,27,8,14,12,1,80,21,2,1,1,3,"00, ROGER DUMOULIN (AVEN",49.92816,2.28703
201400036396,26,8,14,20,1,80,21,2,1,1,3,"3, FLATTERS (RUE)",49.89516,2.29932
201400036397,28,8,14,13,1,80,21,2,2,2,3,"00, SALVADOR ALLENDE (AV",49.90148,2.28413
201400036398,29,8,14,21,2,80,21,2,1,1,2,"5, VICTOR HUGO (RUE)",49.89246,2.30225
201400036399,31,8,14,18,1,80,21,2,1,1,3,"36, LEO LAGRANGE (RUE)",49.91062,2.31361
201400036400,1,9,14,10,1,80,21,2,1,1,2,"00, ROGER DUMOULIN (AVEN",49.94021,2.28105
201400036401,2,9,14,17,1,80,21,2,1,1,6,"00, ROUBAIX (BOULEVARD D",49.90782,2.31768
201400036402,4,9,14,21,5,80,21,2,3,1,3,"40, VIGNACOURT (RUE DE)",49.905,2.2893
201400036403,5,9,14,0,5,80,21,2,1,1,6,"168, ROBERT LE COQ (RUE)",49.9005,2.26918
201400036404,7,9,14,19,1,80,21,2,6,1,3,LESCOUVE (RUE),49.89082,2.27681
201400036405,8,9,14,8,1,80,21,2,1,1,7,FRANCS MURIERS (RUE DES),49.89741,2.29769
201400036406,11,9,14,8,1,80,21,2,1,1,2,TERRAL (RUE),49.9105,2.29361
201400036407,13,9,14,16,1,80,21,2,1,1,7,MARECHAL JOFFRE (PLACE D,49.88798,2.30354
201400036408,13,9,14,16,1,80,164,1,1,1,2,ROCADE NORD EST RN 25,49.90308,2.35942
201400036409,16,9,14,21,2,80,21,2,1,1,6,"203, JEAN MOULIN (RUE)",49.87793,2.27151
201400036410,17,9,14,17,1,80,21,2,1,1,7,"30, LEO LAGRANGE (RUE)",49.91057,2.31188
201400036411,18,9,14,20,2,80,21,2,3,3,3,"185, SAINT MAURICE (RUE)",49.90616,2.28596
201400036412,18,9,14,17,1,80,21,2,3,1,3,BARABAN (BOULEVARD),49.89953,2.30456
201400036413,19,9,14,18,1,80,21,2,1,1,7,18 ROLAND GARROS (RUE),49.90595,2.30101
201400036414,22,9,14,9,1,80,21,2,4,1,3,JULES BARNI (RUE),49.88836,2.31259
201400036415,22,9,14,9,1,80,21,2,1,1,2,"146, SAINT QUENTIN (BOUL",49.87911,2.30088
201400036416,24,9,14,18,1,80,674,1,1,3,7,ROCADE NORD RN 25,49.90478,2.35142
201400036417,24,9,14,21,5,80,21,2,6,1,3,QUATORZE JUILLET 1789 (A,49.8756,2.2818
201400036418,26,9,14,22,5,80,21,2,3,1,3,DEPORTES (RUE DES),49.9008,2.29872
201400036419,26,9,14,8,1,80,21,2,1,1,7,LEO LAGRANGE (RUE),49.9106,2.31363
201400036420,28,9,14,21,5,80,489,2,1,1,2,HENRI BARBUSSE (RUE),49.87117,2.35548
201400036421,27,9,14,21,5,80,21,2,1,1,3,"163, JULES BARNI (RUE)",49.88752,2.31464
201400036422,30,9,14,18,1,80,379,1,1,1,4,RD 1029 (ROUTE DE ST QUE,49.86831,2.39199
201400036423,30,9,14,15,1,80,21,2,1,1,2,"142, LOUIS BLANC (AVENUE",49.90357,2.27157
201400036424,1,10,14,10,1,80,21,2,3,1,3,"00, DORTMUND (RUE DE)",49.87776,2.31238
201400036425,1,10,14,15,1,80,21,2,1,1,7,"4en vis a, ALBERT CATOIR",49.89436,2.29693
201400036426,1,10,14,18,1,80,21,2,1,1,7,"439, SAINT MAURICE (RUE)",49.91423,2.28035
201400036427,1,10,14,20,5,80,21,1,1,1,3,"103, ABBEVILLE (RUE D')",49.90672,2.26811
201400036428,2,10,14,8,1,80,21,2,1,1,7,"217, JEAN MOULIN (RUE)",49.87754,2.27081
201400036429,3,10,14,19,4,80,21,2,1,1,7,"00, EMILE THUILLIEZ (SQU",49.91537,2.25288
201400036430,3,10,14,15,1,80,21,2,1,1,7,"223, PARIS (RUE DE)",49.88541,2.28754
201400036431,4,10,14,9,1,80,21,2,1,1,3,"00, ROUBAIX (BOULEVARD D",49.90721,2.31792
201400036432,6,10,14,17,1,80,21,2,1,2,3,"2, DEFENSE PASSIVE (AVEN",49.90677,2.31848
201400036433,8,10,14,14,1,80,21,2,1,2,7,"337, SAINT FUSCIEN (RUE)",49.87505,2.30639
201400036434,8,10,14,18,1,80,21,2,1,2,3,"00, DES CYGNES (AV)",49.92063,2.25974
201400036435,13,10,14,11,1,80,21,2,1,1,3,"660, ROUEN (RUE DE)",49.88526,2.26713
201400036436,17,10,14,12,1,80,21,2,1,1,1,"30, VAUX (RUE DE )",49.93158,2.26524
201400036437,18,10,14,1,3,80,131,1,1,1,7,VC BOVES-ST FUSCIEN,49.83915,2.33899
201400036438,19,10,14,23,5,80,21,2,1,1,3,"00, ABBEVILLE (RUE D')",49.91158,2.25033
201400036439,21,10,14,15,1,80,21,2,3,1,3,"00, ESPAGNE (AVENUE D')",49.87135,2.28522
201400036440,25,10,14,15,1,80,725,1,1,1,1,"00, RD210",49.85908,2.2544
201400036441,4,11,14,9,1,80,21,2,1,1,6,"51, LEPRINCE (RUE)",49.88587,2.31597
201400036442,4,11,14,11,1,80,160,2,1,1,3,"00, JEAN CATELAS (RUE)",49.85915,2.3386
201400036443,5,11,14,17,1,80,21,2,1,1,7,"00, PAUL CLAUDEL (AVENUE",49.87444,2.26728
201400036444,6,11,14,14,1,80,21,2,2,1,3,"00, BEAUVILLE (BOUL",49.9032,2.31531
201400036445,8,11,14,21,5,80,21,2,1,1,7,"01, VANMARCKE (RUE)",49.89671,2.30059
201400036446,7,11,14,17,2,80,160,2,1,1,7,"17, HENRI BARBUSSE (RUE)",49.86019,2.34378
201400036447,12,11,14,12,1,80,21,2,6,1,3,"00, ABBEVILLE (RUE D')",49.90579,2.27142
201400036448,13,11,14,7,2,80,21,2,1,1,3,"265, VERDUN (RUE DE )",49.89281,2.31817
201400036449,13,11,14,17,1,80,21,2,3,1,1,"00, VIGNACOURT (RUE DE)",49.90713,2.29007
201400036450,13,11,14,17,2,80,21,2,2,1,3,"13, GENERAL FOY (AVENUE",49.89251,2.28449
201400036451,17,11,14,18,5,80,21,2,1,2,7,"125, SAVEUSE (RUE DE)",0.0,0.0
201400036452,18,11,14,23,5,80,725,2,1,1,2,"00, NORMANDIE (ROUTE)",49.86931,2.23988
201400036453,19,11,14,8,2,80,702,1,1,5,4,"00, BRETELLE ROCADE SUD",49.85934,2.30695
201400036454,19,11,14,13,1,80,21,2,6,1,3,"00, LIBERATION (CARR)",49.88667,2.27884
201400036455,21,11,14,16,2,80,725,2,1,1,1,"1, ALBERT CAMUS (AV)",49.87086,2.26074
201400036456,23,11,14,19,5,80,21,2,1,1,7,"26, BAPAUME (BOULEVARD D",49.88203,2.31706
201400036457,23,11,14,14,1,80,21,2,1,1,3,"4, DEFENSE PASSIVE (AVEN",49.90696,2.31896
201400036458,25,11,14,7,5,80,21,2,1,1,7,"00, ROUBAIX (BOULEVARD D",49.91305,2.31333
201400036459,25,11,14,17,5,80,21,2,1,1,7,"27, BAPAUME (BOULEVARD D",49.88179,2.31724
201400036460,26,11,14,9,1,80,21,2,1,1,2,"00, VALENTIN HAUY (RUE)",49.90355,2.31205
201400036461,29,11,14,14,1,80,379,2,1,1,4,"00, PHILEAS FOGG (AVENUE",49.86612,2.37923
201400036462,27,11,14,7,2,80,21,2,1,1,3,"2, PAIX (AVENUE DE LA)",49.91162,2.29666
201400036463,30,11,14,17,5,80,21,2,1,1,2,"10, BELFORT (BOULEVARD D",49.88977,2.30568
201400036464,2,12,14,15,1,80,21,2,1,2,7,"47, DELPECH (RUE)",49.88575,2.29582
201400036465,3,12,14,11,1,80,261,2,1,1,7,AUCHAN (ZONE COMMERCIALE,49.86271,2.27963
201400036466,6,12,14,15,1,80,21,2,1,1,2,"4, BELFORT (BOULEVARD DE",49.89005,2.30588
201400036467,5,12,14,17,5,80,379,2,1,2,7,PHILEAS FOGG (AVENUE),49.86522,2.37899
201400036468,5,12,14,17,5,80,21,2,1,2,7,ALPHONSE FIQUET (PLACE),49.89105,2.3068
201400036469,9,12,14,8,1,80,21,2,3,1,7,"70, DE LA 3 IEME DI (RUE",49.8789,2.31536
201400036470,10,12,14,22,5,80,21,2,3,2,3,"148,VALENTIN HAUY (RUE)",49.90336,2.31392
201400036471,12,12,14,20,5,80,21,2,1,2,3,"716, CAGNY (RUE DE)",49.86911,2.33433
201400036472,12,12,14,13,1,80,21,2,2,2,3,SAINT PIERRE (CHAUSSEE),49.90257,2.30268
201400036473,12,12,14,22,5,80,21,2,1,2,7,ROUBAIX (BOULEVARD DE ),49.90859,2.31734
201400036474,18,12,14,15,1,80,21,2,1,1,3,"476, AV 14 JUILLET 1789",49.88,2.28378
201400036475,21,12,14,16,1,80,21,2,1,1,7,AMONT (PORT D'),49.8952,2.3076
201400036476,19,12,14,18,2,80,21,2,3,1,7,FREDERIC PETIT (RUE),49.89197,2.29069
201400036477,19,12,14,9,1,80,21,2,1,1,2,"145, SAINT PIERRE (CHAUS",49.90347,2.30646
201400036478,23,12,14,17,5,80,21,2,1,1,1,"279, ABBEVILLE (RUE D')",49.90849,2.26216
201400036479,28,12,14,15,1,80,21,2,3,1,3,BAPAUME (BOULEVARD DE),49.88089,2.31329
201400036480,27,12,14,21,5,80,21,2,1,1,7,GENERAL FOY (AVENUE DU ),49.88962,2.2817
201400036481,29,12,14,8,1,80,21,2,3,1,7,BEAUVILLE CENTRE (BOULEV,49.89474,2.30926
201400036482,23,1,14,9,1,81,4,2,2,2,3,BAUDELAIRE (AV),0.0,0.0
201400036483,18,3,14,16,1,81,4,2,1,8,6,Avenue de la République,43.92979,2.1474
201400036484,28,3,14,8,1,81,4,2,1,1,2,"31, GOYA (FRANCISCO)",43.937,2.16703
201400036485,17,4,14,15,1,81,4,2,3,1,3,CORDES (RTE DE),43.9504,2.12732
201400036486,30,5,14,16,1,81,4,2,1,1,3,"52, FOCH (AV ET PASS MAR",43.92,2.14026
201400036487,5,6,14,5,3,81,4,1,1,1,6,MASCRABIERES (CHEM ET IM,43.9512,2.12327
201400036488,19,7,14,0,5,81,4,2,2,1,1,BERMOND (PAUL),0.0,0.0
201400036489,19,7,14,15,1,81,4,1,1,1,1,ROCADE RN88 SUD,43.9188,2.30896
201400036490,4,10,14,11,1,81,4,2,2,1,6,15EME R.I. (DU),43.9385,2.18484
201400036491,7,10,14,2,5,81,4,2,1,1,3,STRASBOURG (BD DE),43.9333,2.14662
201400036492,5,3,14,23,5,81,60,2,1,1,7,"23, SAULES ( RUE DES )",44.0428,2.15971
201400036493,8,3,14,22,5,81,60,2,2,1,3,RUE DE LA VENTE,44.053,2.14312
201400036494,25,7,14,5,5,81,60,2,1,1,6,NECKARSULM (AV. DE),44.05412,2.15885
201400036495,29,7,14,19,1,81,33,2,7,1,6,1 PLACE DU 19 MARS 1962,44.0396,2.15066
201400036496,29,10,14,9,1,81,60,2,8,1,6,"2, RODEZ  (AVENUE DE)",44.0532,2.15898
201400036497,6,12,14,1,5,81,60,2,0,2,6,", MENDES FRANCE (BD PIER",0.0,0.0
201400036498,12,12,14,19,5,81,60,2,1,1,7,"139, CALVIGNAC/EXTERIEUR",0.0,0.0
201400036499,10,1,14,11,1,81,65,1,1,1,2,TOULOUSE RN 126 (RTE DE),43.5888,2.19311
201400036500,19,1,14,1,3,81,65,1,1,1,6,"300, ALBI (AVENUE D')",43.635,2.22524
201400036501,9,2,14,8,2,81,65,2,1,1,6,"47, LAUTREC RD 83 ( AVEN",0.0,0.0
201400036502,17,3,14,3,3,81,65,1,1,1,7,VOIE COMMUNALE 25,43.6195,2.2968
201400036503,2,4,14,16,1,81,65,1,1,1,5,ROCADE SUD (ROC),43.5965,2.21927
201400036504,12,4,14,14,1,81,65,2,1,1,6,"28, ALBI (AVENUE D')",43.61549,2.23686
201400036505,20,5,14,10,1,81,65,1,1,6,1,ALBI (RD612 - RTE D'),43.6625,2.22647
201400036506,12,8,14,17,1,81,65,1,1,1,3,"331, LAUTREC RD 83 (RTE",43.6467,2.18528
201400036507,19,9,14,15,1,81,65,2,1,1,3,ROQUECOURBE (AV. DE),43.6231,2.25188
201400036508,25,9,14,0,5,81,65,2,3,1,3,MERIGONDE (RUE),43.6032,2.25386
201400036509,22,11,14,10,1,81,65,2,3,1,6,"190, DE GAULLE RD 612 (A",43.5954,2.26387
201400036510,18,12,14,16,2,81,65,2,1,3,7,SIDOBRE RD 622 (AV. DU),43.6165,2.26905
201400036511,14,6,14,16,1,81,21,2,1,1,6,"89, RESSE",43.4826,2.3759
201400036512,30,7,14,15,1,81,21,2,2,1,3,TOULOUSE,43.5005,2.36651
201400036513,25,9,14,9,1,81,163,1,3,1,3,RD 118,43.4643,2.36332
201400036514,20,9,14,18,1,81,163,2,3,1,3,"9, JAURES (JEAN) ANC.SAG",43.4937,2.38818
201400036515,1,12,14,17,3,81,21,2,1,1,6,"XXX, MUSSET (ALFRED DE)",0.0,0.0
201400036516,10,1,14,11,1,82,33,1,1,2,1,CD 958,0.0,0.0
201400036517,21,2,14,17,1,82,33,1,1,2,4,CD 958,0.0,0.0
201400036518,19,2,14,19,2,82,33,1,1,1,2,TOULOUSE (de),0.0,0.0
201400036519,22,4,14,9,1,82,33,2,2,2,2,"73, COURBIEU NORD OUEST",44.0462,1.09975
201400036520,5,5,14,15,1,82,33,1,1,1,3,"3215, CD 14",0.0,0.0
201400036521,10,8,14,21,2,82,33,2,6,1,3,LECLERC (du Mar?chal),0.0,0.0
201400036522,18,8,14,19,1,82,33,1,1,1,3,"0, VERRIES BAS",0.0,0.0
201400036523,28,9,14,14,1,82,33,2,3,1,3,TOULOUSE (de),0.0,0.0
201400036524,29,9,14,17,1,82,33,2,1,1,6,VERRIES HAUTS EST,0.0,0.0
201400036525,21,10,14,13,1,82,33,1,1,1,1,"2245, LAFRANCAISE (de)",0.0,0.0
201400036526,21,11,14,3,5,82,33,2,2,1,6,"0, DE LATTRE DE TASSIGNY",0.0,0.0
201400036527,10,10,14,11,1,82,33,2,1,2,2,"14, JUIN (du Mar?chal)",0.0,0.0
201400036528,14,11,14,11,1,82,33,2,1,1,2,LECLERC (du Mar?chal),0.0,0.0
201400036529,7,12,14,20,3,82,33,1,1,1,7,LAFRANCAISE (de),0.0,0.0
201400036530,3,1,14,9,1,82,121,2,3,2,3,"NC, GOUZE(boulevard h)",0.0,0.0
201400036531,3,1,14,16,1,82,121,1,1,1,6,"370, SAINT-ANTONIN (ROUT",0.0,0.0
201400036532,14,1,14,10,1,82,121,2,6,3,3,"NC, giratoire bouyer",0.0,0.0
201400036533,15,1,14,7,5,82,121,2,1,1,6,"4, HERRIOT (BOULEVARD ED",0.0,0.0
201400036534,20,1,14,17,1,82,121,2,5,1,6,"0, DOUMERC (BOULEVARD BL",0.0,0.0
201400036535,21,1,14,16,1,82,121,2,1,7,6,"52, MOURETS (AVENUE DES)",0.0,0.0
201400036536,13,12,14,13,1,82,121,1,1,1,7,"3223, FAU (ROUTE DU)",0.0,0.0
201400036537,11,2,14,19,5,82,121,2,2,3,1,"NC, 10EME DRAGONS (AVENU",0.0,0.0
201400036538,20,2,14,18,1,82,121,2,1,1,2,CLADEL (RUE LEON),0.0,0.0
201400036539,3,3,14,10,1,82,121,2,1,1,6,"17, fontaines ( esplanad",0.0,0.0
201400036540,5,3,14,9,1,82,121,2,1,1,2,"128, ARDUS (AVENUE D')",0.0,0.0
201400036541,8,3,14,1,5,82,121,2,1,1,7,"nc, VIEUX (PONT)",0.0,0.0
201400036542,13,3,14,13,1,82,121,2,3,1,3,"NC, AVEYRON (ROUTE DE L'",0.0,0.0
201400036543,14,3,14,19,5,82,121,2,1,1,6,"NC, rue du Colonel Chris",0.0,0.0
201400036544,10,3,14,18,1,82,121,1,3,1,3,"NC, ALBEFEUILLE D 72 ( R",0.0,0.0
201400036545,17,3,14,9,1,82,121,2,2,1,6,"50, CLADEL (RUE LEON)",0.0,0.0
201400036546,16,3,14,7,3,82,121,1,1,1,6,"4200, MOLIERES (ROUTE DE",0.0,0.0
201400036547,18,3,14,16,1,82,121,2,1,1,6,"NC, fontaines ( esplanad",0.0,0.0
201400036548,12,3,14,14,1,82,121,2,1,1,1,"171, FONNEUVE (AVENUE DE",0.0,0.0
201400036549,30,3,14,7,2,82,121,1,1,6,6,"1987, AUCH (ROUTE D')",0.0,0.0
201400036550,3,4,14,15,1,82,121,2,1,2,6,"21, REPUBLIQUE (RUE DE L",44.0163,1.35487
201400036551,30,3,14,18,1,82,121,1,1,1,6,"346, MIRABEL D 69 (ROUTE",0.0,0.0
201400036552,6,4,14,6,2,82,121,1,1,1,6,"2190, SAINT-ETIENNE DE T",44.0326,1.41396
201400036553,15,4,14,17,1,82,121,1,1,1,4,MONTECH (AVENUE DE),0.0,0.0
201400036554,26,4,14,0,3,82,121,1,1,2,6,"665, MOLIERES (ROUTE DE)",0.0,0.0
201400036555,4,5,14,5,5,82,121,2,1,1,2,"9, POULT (QUAI ADOLPHE)",44.0073,1.34364
201400036556,7,5,14,15,1,82,121,1,1,1,1,"4475, BORDEAUX (AVENUE D",44.049,1.29708
201400036557,28,5,14,17,1,82,121,1,1,1,3,"1200, ARDUS (AVENUE D')",0.0,0.0
201400036558,9,6,14,18,1,82,121,2,9,1,3,"237, MOULIN (avenue jean",0.0,0.0
201400036559,21,6,14,14,1,82,121,1,1,1,1,"1183, ROSSIGNOL (CHEMIN",0.0,0.0
201400036560,4,7,14,11,1,82,121,2,1,1,7,"15, LACAPELLE (FAUBOURG)",0.0,0.0
201400036561,15,7,14,0,5,82,121,2,1,1,3,"74, LACAPELLE (FAUBOURG)",0.0,0.0
201400036562,6,8,14,17,1,82,121,1,1,1,6,"NC, BORDEAUX (AVENUE DE)",0.0,0.0
201400036563,7,8,14,16,1,82,121,2,6,1,3,"NC, DE LATTRE DE TASSIGN",0.0,0.0
201400036564,19,8,14,16,1,82,121,2,1,1,3,"1771, CHANTILLY (BOULEVA",0.0,0.0
201400036565,1,9,14,15,1,82,121,1,1,1,7,"NC, giratoire sortie roc",0.0,0.0