Num_Acc,jour,mois,an,hr,condition_eclairage,departement,commune,condition_agglomeration,intersection,condition_atmosphere,type_collision,adresse,lattitude,longitude
201400036566,1,9,14,19,1,82,121,1,3,1,3,"nc, ALBEFEUILLE D 72 ( R",44.0028,1.35576
201400036567,11,9,14,17,1,82,121,2,6,1,2,"nc, ABBAYE (RUE DE L')",0.0,0.0
201400036568,7,10,14,8,1,82,121,2,3,1,3,"NC, BEAUSOLEIL (AVENUE D",0.0,0.0
201400036569,12,10,14,1,5,82,121,2,3,1,3,"NC, OISEAUX (RUE DES)",0.0,0.0
201400036570,10,10,14,15,1,82,121,2,6,1,6,"nc, giratoire etorre FAR",0.0,0.0
201400036571,11,10,14,19,5,82,121,2,3,1,3,"62, CHARLES DE GAULLE (a",0.0,0.0
201400036572,4,11,14,15,1,82,121,2,1,1,6,"914, MOULIN (avenue jean",0.0,0.0
201400036573,16,11,14,14,1,82,121,1,3,2,3,"nc, AUCH (ROUTE D')",0.0,0.0
201400036574,18,11,14,12,1,82,121,2,1,1,2,"NC, BATAILLON DE CHOC (R",0.0,0.0
201400036575,18,11,14,7,3,82,121,1,1,1,2,MOLIERES (ROUTE DE),0.0,0.0
201400036576,22,11,14,16,1,82,121,2,1,1,6,"NC, parking GIFI rue Hen",0.0,0.0
201400036577,28,11,14,7,5,82,121,2,3,1,3,"nc, FONNEUVE (AVENUE DE)",0.0,0.0
201400036578,30,11,14,19,5,82,121,2,1,1,3,"nc, ISSANCHOU (RUE)",0.0,0.0
201400036579,4,10,14,21,5,82,121,2,1,1,6,"770, ABBAYE (RUE DE L')",0.0,0.0
201400036580,7,12,14,13,1,82,121,2,6,1,3,"nc, route du nord",0.0,0.0
201400036581,9,12,14,18,3,82,121,1,8,1,3,QUART (CHEMIN DU),0.0,0.0
201400036582,21,12,14,17,5,82,121,2,1,1,6,"19, ALIBERT ( RUE DU DOC",0.0,0.0
201400036583,19,12,14,15,1,82,121,1,1,2,1,"NC, giratoire sortie roc",0.0,0.0
201400036584,29,12,14,10,1,82,121,2,6,7,6,"2, SALENGRO (RUE ROGER)",0.0,0.0
201400036585,20,1,14,7,2,83,50,2,1,1,3,GRANDE ARMEE(AVENUE DE L,0.0,0.0
201400036586,20,1,14,17,1,83,50,2,6,1,3,BLUM(BOULEVARD LEON),43.53028,6.47558
201400036587,28,1,14,20,5,83,141,2,1,1,2,RD 1555 (DRAGUIGNAN/ LE,0.0,0.0
201400036588,4,2,14,17,5,83,50,2,6,2,3,BLUM(BOULEVARD LEON),43.53035,6.47561
201400036589,5,2,14,16,1,83,50,2,1,1,4,SAINT HERMENTAIRE(AVENUE,43.53059,6.45648
201400036590,13,2,14,8,1,83,50,2,3,1,3,KENNEDY(BOULEVARD JOHN),0.0,0.0
201400036591,11,3,14,20,5,83,50,2,1,1,7,PERI(BOULEVARD GABRIEL),43.53535,6.46523
201400036592,23,3,14,16,1,83,50,2,3,1,6,DORMOY(BOULEVARD MAX),0.0,0.0
201400036593,16,4,14,13,1,83,50,2,1,1,6,Avenue du 18 Juin 1940,43.52974,6.46789
201400036594,29,4,14,17,1,83,50,2,1,1,6,"460, LAGRANGE(Bd)",0.0,0.0
201400036595,4,5,14,10,1,83,50,2,1,1,3,Boulevard FOCH,0.0,0.0
201400036596,8,5,14,13,1,83,50,2,2,1,3,PAGNOL(BOULEVARD  MARCEL,43.53082,6.47995
201400036597,22,4,14,12,1,83,50,2,1,1,1,"874, GRASSE(AVENUE DE)",0.0,0.0
201400036598,7,6,14,14,1,83,50,2,1,1,5,MERMOZ(BOULEVARD JEAN),43.5209,6.46998
201400036599,19,6,14,16,1,83,50,2,9,1,6,"455, ANCIENS COMBATTANTS",43.53439,6.4569
201400036600,20,6,14,18,1,83,50,2,1,1,3,DE GAULLE(AVENUE CHARLES,0.0,0.0
201400036601,8,7,14,18,1,83,141,1,1,1,2,RD 1555 (DRAGUIGNAN/ LE,0.0,0.0
201400036602,11,7,14,18,1,83,141,2,1,1,6,"01, MONTEE DE LA COTTE",43.50169,6.48379
201400036603,21,8,14,9,1,83,50,2,4,1,3,GALLIENI( AVE DU MAR),0.0,0.0
201400036604,3,9,14,11,1,83,50,2,3,1,6,MAUDUECH (RUE RENE),43.53533,6.4635
201400036605,6,9,14,14,1,83,141,2,3,9,6,ERMITAGE(MONTEE DE),43.50091,6.48584
201400036606,20,9,14,15,1,83,141,2,6,1,3,RD 1555 (DRAGUIGNAN/ LE,0.0,0.0
201400036607,26,9,14,8,1,83,50,2,1,7,6,"38, CARNOT(AVENUE LAZARE",0.0,0.0
201400036608,22,10,14,8,1,83,50,2,6,1,3,"1, DOUAY(PLACE ABEL)",0.0,0.0
201400036609,22,10,14,11,1,83,50,2,1,1,6,CLEMENCEAU(BOULEVARD GEO,43.53717,6.46609
201400036610,26,10,14,15,1,83,50,2,1,1,6,BROSSOLETTE(AVENUE  PIER,0.0,0.0
201400036611,15,11,14,18,4,83,50,1,1,8,1,"673, ALLENDE (avenue Sal",0.0,0.0
201400036612,9,11,14,16,1,83,50,2,3,2,3,FOURNAS( AVENUE DU),43.53236,6.46326
201400036613,6,12,14,16,2,83,50,2,1,8,7,"1, VIDAL (RUE HELENE)",43.53138,6.46992
201400036614,4,12,14,8,1,83,50,2,9,1,3,PREMIERE ARMEE(AVENUE DE,43.53185,6.47297
201400036615,27,11,14,17,5,83,50,2,6,3,6,VERDUN( AVENUE DE),43.53159,6.474
201400036616,4,12,14,16,1,83,50,2,1,2,6,LIBERTE(BOULEVARD DE LA),0.0,0.0
201400036617,13,12,14,5,5,83,50,2,6,1,7,SAINT EXUPERY(BOULEVARD),43.52346,6.46198
201400036618,18,12,14,12,1,83,50,2,4,1,3,SAINTE BARBE(CHEMIN),43.52912,6.4855
201400036619,23,12,14,18,5,83,50,2,3,1,1,MERMOZ(BOULEVARD JEAN),43.52255,6.46467
201400036620,31,12,14,10,1,83,50,2,6,1,3,CAZELLES(AVENUE JULIEN),43.53147,6.4738
201400036621,16,12,14,22,5,83,61,2,6,1,3,"0, RUE JEAN GIONO",43.43476,6.75402
201400036622,23,1,14,16,1,83,118,1,1,1,7,ALLEE A. CAMUS,43.4553,6.82708
201400036623,11,2,14,9,1,83,61,2,6,2,2,VIA AURELIA,0.0,0.0
201400036624,22,2,14,10,1,83,118,2,1,1,7,"0, PORT SANTA LUCIA",0.0,0.0
201400036625,1,3,14,9,1,83,118,2,1,1,6,"15, AVENUE DE VALESCURE",0.0,0.0
201400036626,1,2,14,17,1,83,61,2,1,1,7,"2145, AV DE LA CORNICHE",0.0,0.0
201400036627,25,3,14,14,1,83,61,1,1,1,7,RUE DES BATTERIES,43.42027,6.74406
201400036628,9,2,14,9,1,83,118,2,1,1,6,BOULEVARD JEAN MOULIN,43.42766,6.78165
201400036629,1,4,14,8,1,83,118,1,1,1,6,"0, ROUTE DES GOLFS",43.45432,6.80515
201400036630,1,4,14,16,1,83,61,2,3,1,6,"0, RUE DU CAPITAINE BLAZ",0.0,0.0
201400036631,5,4,14,14,1,83,61,1,1,1,6,RN7,0.0,0.0
201400036632,9,4,14,17,1,83,61,2,1,1,6,"0, AVENUE DE PROVENCE",0.0,0.0
201400036633,15,4,14,11,1,83,118,1,1,1,2,CARREFOUR PEIRE SARADE,43.43041,6.7988
201400036634,15,4,14,21,5,83,61,2,6,1,3,"0, AVENUE DE LATTRE DE T",43.43235,6.74949
201400036635,12,5,14,17,1,83,118,2,1,1,2,AVENUE GENERAL LECLERC,43.42785,6.76628
201400036636,18,5,14,15,1,83,61,1,1,1,3,D37,0.0,0.0
201400036637,14,5,14,15,1,83,61,2,1,1,7,"1464, AV DE TASSIGNY",43.42942,6.76025
201400036638,6,6,14,15,1,83,118,1,1,1,6,"0, ROUTE DES GOLFS",43.45027,6.82097
201400036639,15,6,14,17,1,83,61,1,1,1,6,"0, N98",0.0,0.0
201400036640,23,5,14,14,1,83,61,2,1,1,6,LE FREJUS,0.0,0.0
201400036641,22,6,14,8,1,83,61,1,1,1,3,"0, RN7",0.0,0.0
201400036642,2,7,14,11,1,83,61,1,1,1,7,"0, D4",0.0,0.0
201400036643,18,5,14,8,1,83,61,2,1,1,6,"469, BD DE LA LIBERATION",0.0,0.0
201400036644,3,7,14,23,3,83,107,1,1,1,7,"620, D8",0.0,0.0
201400036645,18,5,14,17,1,83,61,1,1,1,1,AVE DU CORPS EXPEDITIONN,0.0,0.0
201400036646,9,7,14,16,1,83,61,2,2,1,1,AV DE LA CORNICHE D'AZU,0.0,0.0
201400036647,22,7,14,1,5,83,61,2,6,1,6,"0, ROND-POINT DE LA GEND",0.0,0.0
201400036648,11,6,14,8,1,83,118,2,4,1,2,"0, BOULEVARD REMI BELLEA",43.42821,6.79097
201400036649,30,7,14,18,1,83,118,2,1,1,7,"146, RUE CHARLES GOUJON",43.41716,6.8076
201400036650,15,8,14,16,1,83,61,2,1,1,1,"0, AVENUE HENRI GIRAUD",0.0,0.0
201400036651,31,8,14,10,1,83,61,1,1,1,6,RN7,0.0,0.0
201400036652,9,9,14,11,1,83,61,2,1,1,3,RN7,0.0,0.0
201400036653,20,9,14,14,1,83,61,1,1,1,5,RN7,0.0,0.0
201400036654,25,9,14,12,1,83,118,1,1,1,3,BOULEVARD EUGENE BRIEUX,0.0,0.0
201400036655,4,10,14,13,1,83,118,1,1,1,6,"575, AVENUE DU GRATADIS",0.0,0.0
201400036656,19,10,14,17,1,83,61,2,1,1,6,RUE MARCEL PAGNOL,43.43163,6.76223
201400036657,25,9,14,14,1,83,118,2,3,1,3,RUE DE LA SOLEILLETTE,43.42909,6.77154
201400036658,3,10,14,10,1,83,118,2,1,1,6,AVENUE GENERAL LECLERC,43.42312,6.74543
201400036659,3,10,14,14,1,83,61,2,1,1,3,"319, AVE DU GEN CALLIES",0.0,0.0
201400036660,7,11,14,11,1,83,118,2,1,1,6,AVENUE GENERAL LECLERC,43.42342,6.74604
201400036661,13,11,14,10,1,83,61,2,1,1,6,"0, AVENUE LOUIS CASTILLO",0.0,0.0
201400036662,10,10,14,16,1,83,118,2,3,1,6,ROUTE DE LA CORNICHE,0.0,0.0
201400036663,1,12,14,18,4,83,118,2,1,2,6,"195, BD RAYMOND POINCARE",0.0,0.0
201400036664,13,12,14,10,1,83,61,1,1,8,6,RN7,0.0,0.0
201400036665,17,12,14,9,1,83,118,2,1,1,6,"0, AVENUE DE VALESCURE",0.0,0.0
201400036666,17,1,14,16,1,83,69,2,1,1,6,"1, GARE ( RUE DE LA)",43.10904,6.1249
201400036667,25,1,14,12,1,83,69,2,3,1,3,BROSSOLETTE (RUE PIERRE),43.11707,6.12773
201400036668,4,2,14,17,1,83,69,1,1,8,3,"3301, LOUBES (ROUTE DES)",0.0,0.0
201400036669,6,2,14,17,2,83,69,2,1,1,3,FRONT DE MER (BOULEVARD),0.0,0.0
201400036670,8,2,14,5,3,83,69,1,1,1,6,"1, NICE (ROUTE DE)",0.0,0.0
201400036671,23,2,14,10,1,83,69,1,9,1,3,ALMANARRE (ROUTE DE L'),0.0,0.0
201400036672,28,2,14,7,5,83,69,1,1,1,6,ALMANARRE (ROUTE DE L'),0.0,0.0
201400036673,2,4,14,13,1,83,69,2,1,1,3,"15, GODILLOT  ( AVENUE A",0.0,0.0
201400036674,12,8,14,23,3,83,69,1,1,1,7,PIERREFEU (ROUTE DE) RD,0.0,0.0
201400036675,29,3,14,15,1,83,34,1,1,6,1,"1, AVENUE DE FONT BRUN",43.08688,6.09127
201400036676,12,1,14,11,1,83,69,1,1,1,5,MARAIS ( ROUTE DES ),0.0,0.0
201400036677,8,4,14,19,1,83,69,2,1,1,1,"488, CRAU (ROUTE DE LA )",0.0,0.0
201400036678,15,4,14,8,1,83,69,2,1,1,6,"2BIS, MASSEL (RUE JULES)",0.0,0.0
201400036679,18,4,14,5,3,83,69,1,1,1,6,PIERREFEU (ROUTE DE) RD,0.0,0.0
201400036680,22,4,14,0,5,83,69,2,1,1,7,OLBIA  (VOIE),0.0,0.0
201400036681,26,4,14,14,1,83,69,2,1,1,6,"1, MOULIN PREMIER (CHEMI",0.0,0.0
201400036682,4,5,14,11,1,83,69,1,1,1,5,"2915, LOUBES (ROUTE DES)",0.0,0.0
201400036683,9,5,14,3,3,83,69,1,1,1,6,"1, REAL MARTIN (ROUTE DU",0.0,0.0
201400036684,17,4,14,16,1,83,69,2,1,6,2,"1, OLBIA  (VOIE)",0.0,0.0
201400036685,18,5,14,5,5,83,34,2,6,1,6,CD559,0.0,0.0
201400036686,18,5,14,12,1,83,69,1,1,1,6,"10289, PIERREFEU (ROUTE",0.0,0.0
201400036687,30,5,14,13,1,83,69,2,1,7,2,OLBIA  (VOIE),0.0,0.0
201400036688,8,6,14,3,5,83,69,2,6,1,7,"2942, GIENS (ROUTE DE )",0.0,0.0
201400036689,23,6,14,17,1,83,69,2,2,1,3,GODILLOT  ( AVENUE ALEXI,0.0,0.0
201400036690,28,6,14,5,5,83,34,1,1,1,7,"1520, ROUTE DES 3 PINS",0.0,0.0
201400036691,21,7,14,13,1,83,69,2,1,1,3,OLBIA  (VOIE),0.0,0.0
201400036692,25,7,14,11,1,83,69,1,1,1,3,"1374, NICE (ROUTE DE)",0.0,0.0
201400036693,23,7,14,18,1,83,69,2,1,1,3,OLBIA  (VOIE),0.0,0.0
201400036694,26,7,14,20,3,83,34,1,1,1,5,,0.0,0.0
201400036695,29,7,14,19,1,83,69,2,1,6,6,"1, RASCASSE (RUE DE LA)",43.11782,6.20269
201400036696,1,8,14,15,1,83,69,2,1,1,3,"6, VILETTE (CHEMIN DE LA",0.0,0.0
201400036697,31,7,14,6,2,83,69,2,1,1,6,"1703, MADRAGUE (RTE DE)",43.0418,6.13313
201400036698,21,8,14,18,1,83,69,2,1,1,2,"85, TOULON RD 554 (AVENU",0.0,0.0
201400036699,10,9,14,8,1,83,69,1,1,1,6,"37, SEL (ROUTE DU)",43.07791,6.12662
201400036700,22,9,14,18,1,83,69,1,2,1,3,NICE (ROUTE DE),0.0,0.0
201400036701,25,9,14,15,1,83,69,1,1,1,3,"680, ALMANARRE (ROUTE DE",0.0,0.0
201400036702,27,9,14,4,5,83,69,2,1,1,1,"305, NIEPCE ( RUE NICEPH",43.1022,6.14273
201400036703,5,11,14,18,5,83,69,2,1,1,6,"10 bis, LYAUTEY (AVENUE)",43.11912,6.12964
201400036704,22,11,14,17,5,83,69,1,1,1,4,"1914, AEROPORT (AVENUE D",0.0,0.0
201400036705,14,7,14,23,3,83,69,1,1,1,5,GIENS (ROUTE DE ),0.0,0.0
201400036706,2,1,14,17,5,83,129,2,1,1,3,"0, CROS (CORNICHE DU)",0.0,0.0
201400036707,10,1,14,16,1,83,123,2,3,1,3,"237, GARE (ROUTE)",0.0,0.0
201400036708,3,1,14,11,1,83,129,2,1,1,6,"100 BIS, REPUBLIQUE (AVE",0.0,0.0
201400036709,14,1,14,18,5,83,129,2,9,1,6,TRAITE DE L'ELYSEE (RP),0.0,0.0
201400036710,13,1,14,10,1,83,9,2,6,1,3,MARSEILLE (BD DE),43.14192,5.74802
201400036711,21,1,14,16,1,83,123,2,9,7,6,"68, GARE (ROUTE)",0.0,0.0
201400036712,5,2,14,18,5,83,129,2,1,8,6,"67, DE LATTRE DE TASSIGN",0.0,0.0
201400036713,7,2,14,21,5,83,129,2,1,1,6,"1742, MER (AVENUE DE LA)",0.0,0.0
201400036714,11,2,14,7,1,83,129,2,6,1,6,"399, JUIN MARECHAL (AV)",0.0,0.0
201400036715,11,2,14,14,1,83,9,2,1,1,6,"470, LIBERATION (AV DE)",43.1394,5.76669
201400036716,20,2,14,8,1,83,123,2,1,7,6,"309, BANDOL (ROUTE DE)",0.0,0.0
201400036717,22,2,14,4,5,83,129,2,1,1,6,CROS (CORNICHE DU),0.0,0.0
201400036718,23,2,14,8,1,83,9,1,6,1,2,ARMEE D'AFRIQUE (RP),0.0,0.0
201400036719,1,3,14,4,3,83,123,2,1,1,6,"1868, BANDOL (ROUTE)",0.0,0.0
201400036720,8,3,14,19,5,83,9,2,1,1,3,Rue du docteur FABRE,43.13531,5.75329
201400036721,10,3,14,18,1,83,9,2,3,1,3,"165, ONZE NOVEMBRE 1945",43.13739,5.75224
201400036722,12,3,14,14,1,83,129,2,6,1,6,"702, MARECHAL JUIN  (AV)",0.0,0.0
201400036723,24,3,14,14,1,83,129,2,1,1,2,"1360, LAENNEC (AVENUE DE",0.0,0.0
201400036724,25,3,14,17,1,83,129,2,1,1,2,FONT VERT (MO ET BLE),43.11268,5.81237
201400036725,28,3,14,8,1,83,129,2,6,1,3,MARECHAL JUIN (AV DU),0.0,0.0
201400036726,14,4,14,16,1,83,129,2,1,1,3,"1884, MER (AVENUE DE LA)",0.0,0.0
201400036727,12,4,14,8,1,83,129,2,6,1,3,"584, RAYNAUD (AVENUE JOS",0.0,0.0
201400036728,19,4,14,19,1,83,129,2,3,1,6,"401, LAENNEC (AVENUE DE)",0.0,0.0
201400036729,19,4,14,18,1,83,123,2,1,1,3,TOURELLE (CHEMIN de la),43.13836,5.80433
201400036730,20,4,14,21,5,83,123,2,1,1,1,"867, L'HUIDE (CHEMIN DE)",43.12751,5.79937
201400036731,29,4,14,15,1,83,129,2,1,1,3,"58, ROUMANILLE (AVENUE)",43.09256,5.82339
201400036732,4,5,14,3,5,83,123,2,1,1,6,GARE (ROUTE),0.0,0.0
201400036733,15,5,14,12,1,83,129,2,1,1,2,"1, MICOCOULIERS (ALLEE D",0.0,0.0
201400036734,3,6,14,18,1,83,129,2,1,1,6,"1735, MER (AVENUE DE LA)",0.0,0.0
201400036735,7,6,14,23,5,83,129,2,6,1,3,"702, JUIN MARECHAL (AV D",0.0,0.0
201400036736,11,6,14,23,5,83,9,2,1,1,6,"750, BEAUSSET (ROUTE DU)",0.0,0.0
201400036737,12,6,14,9,1,83,129,2,1,1,1,"183, NEGADOUX (CHEMIN DE",43.10954,5.84296
201400036738,19,6,14,6,2,83,129,2,3,1,3,ECOLES (BD DES),43.11203,5.81309
201400036739,24,6,14,14,1,83,123,1,1,1,3,"4691, TOULON (ANCIEN CHE",43.14335,5.77472
201400036740,1,7,14,13,1,83,123,2,1,1,1,"160, EUROPE UNIE (AVENUE",0.0,0.0
201400036741,6,7,14,11,1,83,123,2,1,1,6,ESTIENNE D'ORVES (BD),43.11639,5.80343
201400036742,17,7,14,17,1,83,9,2,1,1,1,BEAUSSET (ROUTE DU),0.0,0.0
201400036743,1,8,14,0,5,83,9,2,1,1,3,"296, 11 NOVEMBRE 1918",43.13824,5.75145
201400036744,1,8,14,16,1,83,123,2,1,1,6,"356, 2 SPAHIS (AV du)",43.12126,5.80494
201400036745,4,8,14,20,1,83,129,2,6,1,3,"617, MER (AVENUE DE LA)",43.09837,5.82774
201400036746,9,8,14,18,1,83,129,2,3,1,6,"282, MER (AVENUE DE LA)",0.0,0.0
201400036747,18,8,14,14,1,83,9,2,1,1,5,ONZE NOVEMBRE 1945 (AV D,43.13822,5.75144
201400036748,23,8,14,21,5,83,9,2,1,1,2,BEAUSSET (ROUTE DU),0.0,0.0
201400036749,29,8,14,23,3,83,123,2,3,1,1,BANDOL (ROUTE)N? PAIRS,0.0,0.0
201400036750,4,9,14,8,1,83,129,2,1,1,3,"554, NEGADOUX (CHEMIN DE",43.1127,5.84247
201400036751,6,9,14,19,1,83,9,2,1,1,6,DE GAULLE (QUAI CHARLES),43.13661,5.75888
201400036752,21,9,14,9,1,83,129,2,1,1,2,"183, MER (AVENUE DE LA)",0.0,0.0
201400036753,27,9,14,0,5,83,123,2,1,1,6,"297, EUROPE UNIE (AVENUE",0.0,0.0
201400036754,2,10,14,13,1,83,129,2,6,1,2,JUIN MARECHAL (AV DU),0.0,0.0
201400036755,1,10,14,14,1,83,9,1,1,1,6,"164, PIERREPLANE (BD DE)",43.13749,5.74594
201400036756,3,10,14,17,1,83,123,2,1,1,2,"1399, BANDOL (ROUTE)",0.0,0.0
201400036757,7,10,14,19,4,83,9,2,3,1,3,ROUTE DE BANDOL,0.0,0.0
201400036758,16,10,14,8,1,83,123,2,1,1,7,VIGNES (ALLEE),43.11924,5.8117
201400036759,23,10,14,12,1,83,123,2,1,1,3,"310-312, MARECHAL LECLER",43.11859,5.79752
201400036760,29,10,14,1,3,83,123,2,1,1,6,"1355, TOURELLE (CHEMIN)",43.13778,5.81009
201400036761,2,11,14,9,1,83,129,2,6,1,3,EMMENNINGEN (ROND POINT,0.0,0.0
201400036762,3,11,14,9,1,83,129,2,1,1,6,"595, DE GAULLE (PROMENAD",0.0,0.0
201400036763,7,11,14,18,5,83,9,2,1,1,6,ROUTE DE BANDOL,0.0,0.0
201400036764,9,11,14,3,5,83,9,2,1,2,6,"220, DANTON (RUE)",43.13962,5.75322
201400036765,6,11,14,11,1,83,129,2,1,1,3,"968, LAENNEC (AVENUE DE)",0.0,0.0
201400036766,12,11,14,13,1,83,123,2,3,8,7,"893, GARE (RTE)",0.0,0.0
201400036767,6,11,14,15,1,83,129,2,1,1,6,"1, LAENNEC (AVENUE DE) N",0.0,0.0
201400036768,16,11,14,23,5,83,123,2,1,1,7,"2195, BANDOL (ROUTE)",0.0,0.0
201400036769,15,11,14,23,5,83,129,2,1,1,5,"501, SOLVIOU (CORNICHE)",0.0,0.0
201400036770,9,12,14,13,1,83,129,2,1,1,6,"333, FARAUD LOUIS (BD ET",43.09685,5.83821
201400036771,14,12,14,14,1,83,129,2,1,1,7,"683, LERY (BOULEVARD DE)",43.11496,5.84887
201400036772,17,12,14,20,5,83,129,2,1,1,2,"202, CROS DE BOYER (RUE)",43.10888,5.82159
201400036773,23,12,14,17,5,83,123,2,1,1,6,"131, DEUXIEME SPAHIS (AV",43.12001,5.8025
201400036774,31,12,14,14,1,83,129,2,1,1,3,"750, DE GAULLE (PROMENAD",0.0,0.0
201400036775,2,1,14,15,1,83,126,2,2,1,3,"65, GAGARINE (AV YOURI)",0.0,0.0
201400036776,24,1,14,18,3,83,126,2,1,1,3,LAGOUBRAN AUX PLAYES (CH,0.0,0.0
201400036777,30,1,14,16,1,83,126,2,1,3,1,Ytzhak RABIN - D63,0.0,0.0
201400036778,11,2,14,8,1,83,126,2,1,1,6,LAMARQUE (AV JEAN ALBERT,0.0,0.0
201400036779,13,2,14,18,3,83,126,2,6,1,6,ECHANGEUR D'OLLIOULES,43.12037,5.85307
201400036780,20,2,14,15,1,83,126,2,6,7,3,MERLE (BD TOUSSAINT),43.10128,5.89182
201400036781,9,3,14,15,1,83,126,2,2,1,3,MERLE (BD TOUSSAINT),43.10012,5.88523
201400036782,14,3,14,7,1,83,126,2,3,1,6,GOUNOD (RUE CHARLES),43.10191,5.87629
201400036783,22,3,14,20,5,83,126,2,1,2,5,PERI (QUAI GABRIEL),43.10101,5.88286
201400036784,26,3,14,19,5,83,126,2,1,1,1,"655, ALLENDE (AV)",0.0,0.0
201400036785,4,4,14,17,1,83,126,2,1,1,6,LAMARQUE (AV JEAN ALBERT,0.0,0.0
201400036786,4,4,14,13,1,83,126,2,1,1,6,Ytzhak Rabin - D18,0.0,0.0
201400036787,12,4,14,21,5,83,126,2,3,1,3,"450, ALLENDE (AV. SALVAD",0.0,0.0
201400036788,5,5,14,1,5,83,126,2,6,1,6,"300, GIOVANNINI (CORN)",43.10235,5.89714
201400036789,16,5,14,16,1,83,126,2,1,1,3,"135, DE GAULLE (AV CHARL",0.0,0.0
201400036790,3,7,14,19,1,83,126,2,1,1,2,MERLE (BD TOUSSAINT),43.1006,5.88798
201400036791,3,7,14,8,2,83,126,2,1,7,2,BRUN (AV ROBERT),43.11628,5.87264
201400036792,4,7,14,1,5,83,126,2,1,1,7,"732, ANCIENS COMBATANTS",0.0,0.0
201400036793,19,7,14,20,1,83,126,2,1,1,3,"1014, RENOIR (AV AUGUSTE",0.0,0.0
201400036794,31,7,14,11,1,83,126,2,1,1,6,"380, LAMARQUE (AV JEAN A",43.10996,5.86005
201400036795,2,9,14,8,1,83,126,2,2,1,3,Ytzhak RABIN - D63,43.11227,5.86601
201400036796,6,9,14,18,1,83,126,2,1,1,7,DONICARDE (CHEMIN DE),43.09551,5.86559
201400036797,14,9,14,14,1,83,126,2,1,1,1,LA SEYNE A BASTIAN (CHEM,43.08863,5.85968
201400036798,6,10,14,9,1,83,126,2,1,1,3,BRUN (AV ROBERT),43.11787,5.85451
201400036799,16,10,14,11,1,83,126,2,1,1,2,"0, MAUVEOU (CHEMIN DE)",43.08508,5.86651
201400036800,29,10,14,12,1,83,126,2,1,1,1,GENDARMES D'OUVEA ( ROUT,0.0,0.0
201400036801,31,10,14,23,5,83,126,2,1,1,6,"93, ARMANDO (AV. ESPRIT)",43.09855,5.89745
201400036802,2,11,14,20,5,83,126,2,1,1,7,"317, PACHA (CORNICHE MIC",43.09343,5.90645
201400036803,16,12,14,18,3,83,153,2,1,1,6,MARIE FLICHE BERGIS (AV),43.07457,5.90955
201400036804,17,12,14,11,1,83,126,2,1,1,6,"291, Pablo Neruda",0.0,0.0
201400036805,13,12,14,9,1,83,126,2,1,1,3,ALLENDE (AV. SALVADOR),0.0,0.0
201400036806,1,1,14,1,5,83,137,2,1,1,5,"0, BIR-HAKEIM (ROND POIN",0.0,0.0
201400036807,3,1,14,19,5,83,137,2,1,1,6,BLERIOT (AVE LOUIS),43.14087,5.91053
201400036808,15,1,14,0,5,83,137,2,1,1,6,"286, ABEL (BD J-B)",43.11639,5.96452
201400036809,8,1,14,8,1,83,137,2,1,1,3,SAINTE CLAIRE DEVILLE (R,43.12674,5.97668
201400036810,9,1,14,16,1,83,137,2,1,1,6,REPUBLIQUE (AVE DE LA),43.12031,5.93215
201400036811,10,1,14,20,5,83,137,2,1,1,6,BERNARD (RUE  LT COLONEL,43.12786,5.91431
201400036812,15,1,14,16,1,83,137,2,1,1,6,STRASBOURG (BD DE ),0.0,0.0
201400036813,16,1,14,7,5,83,137,2,1,3,6,RUE ST BERNARD,43.12216,5.93675
201400036814,16,1,14,18,5,83,137,2,3,3,6,BERTHIER (RUE),43.12412,5.95209
201400036815,17,1,14,15,1,83,62,2,1,1,6,FRERES LUMIERES (RUE DES,43.14117,6.03166
201400036816,20,1,14,18,3,83,62,1,1,8,6,PLANTADES (CHEMIN DES),43.14294,6.02258
201400036817,20,1,14,23,5,83,62,2,2,1,3,"1, PAIX (AVENUE DE LA)",0.0,0.0
201400036818,21,1,14,8,1,83,144,2,1,1,2,LUMIERE (AVE DES FRERES),43.13623,6.00015
201400036819,21,1,14,16,1,83,144,2,3,1,6,"254, DEBUSSY (RUE CLAUDE",43.13152,5.98848
201400036820,17,1,14,8,1,83,137,2,1,2,6,"846, PICOT (AVE DU COL)",0.0,0.0
201400036821,25,1,14,11,1,83,98,2,1,1,4,MOULIN (AVENUE JEAN),43.11025,6.01658
201400036822,27,1,14,14,1,83,144,2,1,1,3,DEPARTEMENTALE 46 (CHEMI,0.0,0.0
201400036823,18,1,14,19,4,83,137,2,2,8,7,GASSENDI (BD),43.12034,5.94908
201400036824,24,1,14,18,5,83,137,2,1,1,3,"621, JOFFRE (BD)",0.0,0.0
201400036825,8,2,14,11,1,83,62,1,1,1,2,DE LATTRE DE TASSIGNY (A,0.0,0.0
201400036826,13,2,14,16,1,83,98,2,1,1,2,GEN BROSSET (AV du),0.0,0.0
201400036827,12,2,14,17,1,83,137,2,1,1,3,"0, BROSSET (BD GENERAL)",0.0,0.0
201400036828,15,2,14,14,1,83,137,2,1,8,6,"48, FOCH (AVENUE)",0.0,0.0
201400036829,21,1,14,11,1,83,137,2,1,1,4,PICOT (AVE DU COLONEL),0.0,0.0
201400036830,29,1,14,19,5,83,137,2,1,1,6,"0, PORT MARCHAND",43.11242,5.93203
201400036831,5,2,14,15,1,83,137,2,1,2,2,"0, BRIAND (AVE ARISTIDE",0.0,0.0