Num_Acc,jour,mois,an,hr,condition_eclairage,departement,commune,condition_agglomeration,intersection,condition_atmosphere,type_collision,adresse,lattitude,longitude
201400036832,16,2,14,14,1,83,137,2,1,1,7,BONNIER (BD INGENIEUR),43.14426,5.90624
201400036833,22,2,14,11,1,83,137,2,1,1,6,"173, LECLERC (BD GEN)",0.0,0.0
201400036834,20,2,14,19,5,83,137,1,4,1,2,1130 AV DES MOULINS,43.14589,5.91237
201400036835,28,2,14,7,1,83,62,2,1,1,3,DIGNE (AVENUE DE ),43.14451,6.03323
201400036836,10,3,14,9,1,83,137,2,1,1,6,"20, COURBET (ALL AMIRAL)",43.12418,5.92704
201400036837,23,2,14,14,1,83,137,2,2,1,3,DARDANELLES (AVE DES),0.0,0.0
201400036838,5,3,14,18,1,83,137,2,1,1,3,ROOSEVELT (AVE FRANKLIN),43.12082,5.9403
201400036839,27,2,14,17,1,83,137,2,1,1,3,608 TRIBUS COMMONI (RTE),0.0,0.0
201400036840,4,3,14,16,1,83,144,2,1,1,3,GIRAUD (RUE),43.13493,5.981
201400036841,7,3,14,18,2,83,62,2,1,1,6,BECQUEREL (AVE ANTOINE),43.13841,6.03308
201400036842,8,3,14,6,3,83,144,2,1,1,6,"1300, TOURRIS (RTE)",0.0,0.0
201400036843,12,3,14,16,1,83,137,2,9,1,6,"0, BLACHE (PLACE NOEL)",0.0,0.0
201400036844,14,3,14,12,1,83,137,2,1,1,3,"0, BRIAND (AVE ARISTIDE",0.0,0.0
201400036845,14,3,14,20,5,83,137,2,3,1,3,"452, CUZIN (AVE FRANCOIS",0.0,0.0
201400036846,17,3,14,14,1,83,90,2,1,1,3,FAVEYROLLES (CHEMIN DE),43.13189,5.87548
201400036847,18,3,14,14,1,83,62,2,1,1,2,"213, NOUVEAU PIGEONNIER",43.12406,6.01432
201400036848,23,3,14,2,5,83,137,2,3,1,3,MIRASOULEOU (ROND P),43.13286,5.98182
201400036849,21,3,14,13,1,83,137,2,2,1,3,Dr BARROIS (RUE DU),43.12917,5.94551
201400036850,24,3,14,20,5,83,137,2,3,1,3,HERRIOT (AVE EDOUARD),0.0,0.0
201400036851,21,3,14,12,1,83,137,2,1,1,6,"845, HERRIOT (AV )",0.0,0.0
201400036852,23,3,14,17,1,83,62,2,1,6,5,"640, RABASSON (CHEM DE)",43.12788,6.02201
201400036853,25,3,14,10,1,83,144,2,1,1,2,"0, BLANC (BD DR EUGENE)",0.0,0.0
201400036854,28,3,14,15,1,83,144,2,1,1,5,"40, Avenue FABIE",43.13772,5.98085
201400036855,27,3,14,8,1,83,137,2,1,1,6,ISLY (RUE D'),43.12882,5.91484
201400036856,1,4,14,14,1,83,62,2,1,1,3,"121, DELAGE (RUE MARC)",43.12491,6.00766
201400036857,1,4,14,16,1,83,62,1,1,8,3,BICENTENAIRE (AV),43.13556,6.02321
201400036858,3,4,14,13,1,83,137,2,7,1,6,TRIBUNAL (TGI),0.0,0.0
201400036859,3,4,14,22,5,83,137,2,1,1,3,"133, BROSSET (BD GENERAL",0.0,0.0
201400036860,31,3,14,11,1,83,137,2,1,1,3,"637, MISTRAL (LITTORAL)",43.10805,5.93996
201400036861,9,4,14,12,1,83,137,2,1,1,6,DARDANELLES (AVE DES),43.12793,5.92244
201400036862,7,4,14,13,1,83,137,2,3,1,6,"54bis, STRASBOURG (BD DE",0.0,0.0
201400036863,12,4,14,5,3,83,90,1,1,1,6,"1915, SANARY (ROUTE DE)",0.0,0.0
201400036864,11,4,14,18,1,83,62,2,3,1,2,PLANTADES (CHEMIN DES),43.14118,6.02991
201400036865,5,4,14,13,1,83,90,2,6,1,3,CAGNARDE (ROND POINT DE,43.12724,5.87767
201400036866,8,4,14,17,1,83,137,2,1,1,6,"557, PICOT (AV DU COL)",0.0,0.0
201400036867,17,4,14,11,1,83,137,2,1,1,6,"0, JUIN (AVE ALPHONSE)",0.0,0.0
201400036868,19,4,14,9,1,83,137,2,9,2,4,MARCHAND (AVE COMMANDANT,43.12443,5.93739
201400036869,20,4,14,5,5,83,137,2,9,1,6,BRIAND (AVE ARISTIDE DE,0.0,0.0
201400036870,18,4,14,12,1,83,90,2,1,1,3,"358, FAVEYROLLES (ROUTE",0.0,0.0
201400036871,18,4,14,17,1,83,137,2,1,1,1,BRIAND (AVE ARISTIDE DE,0.0,0.0
201400036872,19,4,14,18,1,83,137,2,1,1,5,"641, SAINTE CLAIRE DEVIL",43.1287,5.98047
201400036873,18,4,14,12,1,83,137,2,1,1,3,HERRIOT (AVE EDOUARD),0.0,0.0
201400036874,19,4,14,19,1,83,90,1,3,1,1,"0, SANARY (ROUTE DE)",0.0,0.0
201400036875,27,4,14,15,1,83,137,2,1,1,6,"0, DOUAUMONT (PLACE)",43.12133,5.93821
201400036876,27,4,14,22,5,83,137,2,3,1,3,BRIAND (AVE ARISTIDE,43.12125,5.89361
201400036877,29,4,14,15,1,83,98,2,1,1,6,"892, DE LATTRE DE TASS",43.11484,5.93879
201400036878,3,5,14,16,1,83,137,2,1,1,6,"462, SIBLAS (AVE DE BAS",43.13027,5.93779
201400036879,30,4,14,10,1,83,90,1,1,1,4,"0, SANARY (ROUTE DE)",0.0,0.0
201400036880,26,4,14,15,1,83,137,2,2,1,3,"0, DARDANELLES (AVE DES)",43.12848,5.92445
201400036881,27,4,14,7,1,83,137,2,1,1,6,PICOT (AVE DU COLONEL),0.0,0.0
201400036882,7,5,14,15,1,83,137,2,1,1,6,"85, VAUBAN (AVE)",43.12754,5.92919
201400036883,13,5,14,14,1,83,137,2,1,1,5,CARNOT (AVE LAZARE),43.12821,5.92462
201400036884,18,5,14,6,1,83,137,2,2,1,3,STRASBOURG (BD DE ),0.0,0.0
201400036885,16,5,14,8,1,83,62,2,1,1,3,"0, PREMIER (BAT.INF.DU P",43.01332,6.01714
201400036886,17,5,14,18,1,83,144,1,1,1,6,GRAND VAR (PARKING),43.14162,6.01561
201400036887,17,5,14,22,5,83,144,2,2,1,3,MIRASOULEOU (AVE),43.13468,5.97899
201400036888,19,5,14,10,1,83,144,2,1,2,3,"0, MIRASOULEOU (AVE)",43.13252,5.98212
201400036889,15,5,14,19,1,83,144,1,3,1,2,"0, NATIONALE 97 (ROUTE)",0.0,0.0
201400036890,22,5,14,0,5,83,137,2,2,1,1,"122, VAUBAN (AVE)",43.1267,5.92888
201400036891,21,5,14,14,1,83,98,2,1,1,1,"543, GANZIN (AVENUE DE)",0.0,0.0
201400036892,11,5,14,16,1,83,90,1,1,1,3,"0, GORGES (ROUTE DES)",0.0,0.0
201400036893,26,5,14,8,1,83,137,2,1,1,6,"224, FONTAN (AVE DU DOCT",43.13191,5.91887
201400036894,28,5,14,8,1,83,62,1,1,1,1,PLANTADES (CHEMIN DES),43.14115,6.01977
201400036895,28,5,14,20,1,83,137,2,1,1,2,"0, BRIAND (AVE ARISTIDE",43.12021,5.89001
201400036896,2,6,14,14,1,83,137,2,9,1,2,"0, PICOT (AVE DU COLONEL",0.0,0.0
201400036897,24,5,14,20,5,83,137,2,1,1,2,"214, LOUBIERE (CHE DE LA",43.12704,5.94221
201400036898,2,6,14,19,1,83,137,2,1,1,3,"1845, TIRAILLEURS SENEGA",43.10921,5.93126
201400036899,3,6,14,15,1,83,137,2,1,1,6,"0, MOULIN (AVE JEAN)",43.1252,5.92833
201400036900,4,5,14,0,5,83,137,2,1,1,6,"24, GAMBETTA (PLACE)",43.12123,5.93139
201400036901,6,5,14,16,1,83,137,2,1,1,2,"528, VAL D'ARDENE (ROUTE",43.15989,5.92426
201400036902,13,5,14,8,1,83,90,1,1,1,3,"0, SANARY (ROUTE DE)",0.0,0.0
201400036903,18,5,14,15,1,83,137,2,2,1,3,GORLIER (RUE),43.12952,5.91289
201400036904,7,6,14,19,1,83,137,2,3,1,3,"454, PICOT (AVE DU COLON",0.0,0.0
201400036905,27,5,14,19,1,83,144,2,1,1,2,LIBERATION (AVE DE LA),0.0,0.0
201400036906,30,5,14,20,2,83,137,2,1,1,6,"0, MONTSERRAT (RUE / LOT",43.14303,5.88622
201400036907,11,6,14,17,1,83,62,2,1,1,3,"0, DRAGUIGNAN (AVENUE DE",0.0,0.0
201400036908,17,6,14,14,1,83,137,2,1,1,3,PUY (RUE DOCTEUR LOUIS),43.12196,5.93908
201400036909,13,6,14,18,1,83,137,1,1,1,3,"0, JUIN (AVE ALPHONSE)",0.0,0.0
201400036910,18,6,14,7,1,83,137,2,6,1,3,ESCARTEFIGUE (CORNICHE),43.13522,5.97742
201400036911,18,6,14,18,1,83,137,2,1,1,3,"0, RAGEOT DE LA TOUCHE (",43.12765,5.92433
201400036912,19,6,14,12,1,83,90,1,1,1,3,CHEMIN DE LA CAGNARDE,0.0,0.0
201400036913,20,6,14,16,1,83,90,1,6,1,3,"0, SEYNE (ROUTE DE LA)",0.0,0.0
201400036914,23,6,14,6,1,83,137,2,2,1,3,"0, MALON (AVE BENOIT)",43.12326,5.95512
201400036915,27,6,14,7,1,83,137,2,1,1,1,ESCARTEFIGUE (CORNICHE D,43.13532,5.93391
201400036916,22,6,14,19,1,83,90,1,1,1,5,GORGES (ROUTE DES),0.0,0.0
201400036917,6,7,14,11,1,83,137,2,4,1,3,ROUTES (AVE DES),0.0,0.0
201400036918,7,7,14,13,1,83,137,2,1,1,4,BIR-HAKEIM (ROND POINT),43.12147,5.94073
201400036919,10,7,14,2,5,83,137,2,1,1,6,"0, MARCHAND (AVE COMMAND",43.12409,5.9378
201400036920,10,7,14,10,1,83,144,2,1,1,6,LECLERC (BD MARECHAL),43.13614,5.98611
201400036921,15,7,14,8,1,83,137,2,3,1,6,"0, NICOLAS (BD COMMANDAN",43.12927,5.92899
201400036922,26,6,14,16,1,83,137,2,1,1,3,"0, BROSSET (BD GENERAL)",0.0,0.0
201400036923,12,7,14,15,1,83,90,1,1,7,5,"0, SANARY (ROUTE DE)",0.0,0.0
201400036924,16,7,14,11,1,83,62,2,2,1,3,BARBUSSE (AV HENRI),43.12784,5.92229
201400036925,17,7,14,16,1,83,144,2,1,1,2,UNIVERSITE (AVE DE L'),43.13763,6.01028
201400036926,21,7,14,19,1,83,62,1,1,1,7,"297, DIGNE (AVENUE DE )",43.1467,6.03497
201400036927,9,7,14,12,1,83,137,2,1,1,6,"0, JOURDAN (RUE LOUIS)",43.12344,5.93054
201400036928,15,7,14,17,1,83,137,2,3,1,1,"0, DE LATTRE DE TASSIGNY",43.11517,5.93851
201400036929,28,6,14,5,2,83,62,2,1,1,7,QUATRE CHEMINS,43.13594,6.02504
201400036930,23,7,14,14,1,83,144,2,3,1,5,CURIE (AVE / IMP PIERRE,43.13544,5.9984
201400036931,25,7,14,17,1,83,137,2,1,1,6,"2, ISNARD (TRAV CHARLES)",43.12392,5.95149
201400036932,28,7,14,0,5,83,62,2,2,1,3,ROUTE NATIONALE 98,0.0,0.0
201400036933,1,8,14,18,1,83,62,2,1,1,1,"1015, BARAROUX (CH DE)",43.12926,6.03991
201400036934,3,8,14,13,1,83,137,2,1,1,6,"29, FISQUET (BD)",43.13374,5.91461
201400036935,5,8,14,18,1,83,137,2,1,1,6,"85, JOFFRE (BD MARECHAL)",0.0,0.0
201400036936,5,8,14,18,1,83,137,2,1,1,3,SAINTE CLAIRE DEVILLE (R,43.12877,5.9817
201400036937,7,8,14,10,1,83,137,2,1,1,7,"0, RESISTANCE (AVE / IMP",0.0,0.0
201400036938,7,8,14,11,1,83,137,2,3,1,3,"0, BRIAND (AVE ARISTIDE",43.12125,5.89361
201400036939,8,8,14,17,1,83,144,1,1,1,6,"180, TREMOLIERE (AVE)",43.13647,5.98147
201400036940,9,8,14,16,1,83,98,2,1,1,6,"131, HERMINIER (BD DU CO",0.0,0.0
201400036941,13,8,14,16,1,83,90,2,1,1,4,"491, NATIONALE 8 (ROUTE)",0.0,0.0
201400036942,15,8,14,11,1,83,137,2,3,1,3,"207, GOURAUD (AVE GENERA",0.0,0.0
201400036943,11,8,14,14,1,83,137,2,1,1,3,"398, 15EME CORPS (AVE DU",0.0,0.0
201400036944,16,8,14,7,1,83,137,2,1,1,7,"2347, GASQUET (AVE JOSEP",0.0,0.0
201400036945,31,7,14,10,1,83,137,2,5,1,6,"0, BLACHE (PLACE NOEL)",0.0,0.0
201400036946,12,8,14,15,1,83,90,1,1,1,3,"955, GORGES (ROUTE DES)",0.0,0.0
201400036947,20,8,14,4,5,83,137,2,1,1,3,"0, BIR-HAKEIM (ROND POIN",43.12163,5.94117
201400036948,22,8,14,17,1,83,137,2,1,1,3,"2, NICE (ROUTE DE)",0.0,0.0
201400036949,23,8,14,14,1,83,137,2,1,1,3,"1628, GASQUET (AVE JOSEP",0.0,0.0
201400036950,26,8,14,1,5,83,137,2,1,1,1,MARCHAND (AVE COMMANDANT,43.12461,5.93776
201400036951,26,8,14,18,1,83,137,2,1,1,6,"0, RIGOUMEL (CHEMIN DE)",43.1442,5.90634
201400036952,27,8,14,9,1,83,62,2,4,1,3,"0, PREMIER (BAT.INF.DU P",0.0,0.0
201400036953,22,8,14,7,1,83,90,2,1,1,7,"0, NATIONALE 8 (ROUTE)",0.0,0.0
201400036954,27,8,14,20,4,83,137,2,1,1,6,"0, TOESCA (BD PIERRE)",43.12813,5.92911
201400036955,28,8,14,18,1,83,62,1,4,1,2,"0, QUATRE (CHEMIN)",0.0,0.0
201400036956,27,8,14,17,1,83,137,2,1,1,3,BONAPARTE (ROND POINT DU,43.1177,5.93594
201400036957,3,9,14,14,1,83,62,2,1,1,3,PAIX (AVENUE DE LA),0.0,0.0
201400036958,28,8,14,19,1,83,137,2,2,1,2,"577, GOURAUD (AVE GENERA",0.0,0.0
201400036959,6,9,14,0,4,83,62,1,1,1,6,"0, LURCAT (AVENUE ANDRE)",43.13881,6.02134
201400036960,7,9,14,16,1,83,137,2,6,1,6,CAMUS (AVE ALBERT),43.13143,5.88191
201400036961,1,9,14,13,1,83,137,2,1,1,3,PICOT (AVE DU COLONEL),0.0,0.0
201400036962,11,9,14,19,1,83,137,2,1,1,2,"0, WEYGAND (AVE GENERAL)",0.0,0.0
201400036963,20,8,14,16,1,83,137,2,1,1,6,"0, PICOT (AVE DU COLONEL",0.0,0.0
201400036964,11,9,14,18,1,83,90,1,1,1,4,"0, MONNET (AVE JEAN)",0.0,0.0
201400036965,12,9,14,7,1,83,137,2,3,1,3,PICOT (AVE DU COLONEL),0.0,0.0
201400036966,14,9,14,16,1,83,137,2,3,1,3,AVE DU 15EME CORPS,43.12848,5.91575
201400036967,14,9,14,17,1,83,62,2,3,1,3,"1416, HOUOT (AVENUE CDT",0.0,0.0
201400036968,17,9,14,11,1,83,144,2,1,1,6,"0, CHAR VERDUN (AVE DU)",43.13815,5.98449
201400036969,16,9,14,6,2,83,137,2,5,1,2,"0, NOGUES (AVE DU GENERA",43.12747,5.91975
201400036970,16,9,14,21,5,83,62,2,1,1,7,"1626, GANCE (AVENUE ABEL",0.0,0.0
201400036971,17,9,14,13,1,83,137,2,1,1,6,"62, ALEZARD (RUE)",43.12278,5.93426
201400036972,18,9,14,18,1,83,137,2,2,1,1,"0, BROSSET (BD GENERAL)",0.0,0.0
201400036973,19,9,14,18,1,83,137,1,1,8,6,"1930, CD 46",0.0,0.0
201400036974,6,9,14,11,1,83,137,2,1,1,2,"2, DAUDET (RUE ALPHONSE)",43.12138,5.93868
201400036975,13,9,14,9,1,83,137,2,1,7,7,"210, JONQUET (CHEMIN)",43.13925,5.91114
201400036976,22,9,14,8,1,83,137,2,1,1,2,"334, CUNEO (BD DOCTEUR)",43.10696,5.93507
201400036977,23,9,14,16,1,83,90,2,1,1,3,"2229, FAVEYROLLES (ROUTE",0.0,0.0
201400036978,13,9,14,8,1,83,90,1,1,1,1,"1, SANARY (ROUTE DE)",0.0,0.0
201400036979,13,9,14,18,1,83,90,2,1,1,6,"0, MONNET (AVE JEAN)",0.0,0.0
201400036980,14,9,14,16,1,83,137,2,2,1,3,"0, CHURCHILL (AVE WINSTO",43.1244,5.92612
201400036981,25,9,14,17,1,83,137,2,1,1,6,"0, PLAISANCE (CHEMIN DE)",43.13142,5.91813
201400036982,4,10,14,2,5,83,144,2,6,1,7,"0, UNIVERSITE (AVE DE L'",43.13713,6.00321
201400036983,6,10,14,10,1,83,62,2,1,1,6,"0, PLANQUETTE (CHEMIN DE",43.13098,6.02391
201400036984,8,10,14,8,1,83,137,2,1,1,6,"0, MALON (AVE BENOIT)",43.12336,5.95507
201400036985,8,10,14,17,1,83,90,1,1,1,6,"0, NATIONALE 8 (ROUTE)",0.0,0.0
201400036986,21,10,14,15,1,83,137,2,1,1,6,"0, SAINT BERNARD (RUE /",43.12219,5.93676
201400036987,27,10,14,15,1,83,144,2,1,1,6,BROSSOLETTE (AVE PIERRE),43.13759,5.98751
201400036988,17,10,14,7,1,83,144,2,6,1,3,MIRASOULEOU (AVE),43.13551,5.97786
201400036989,23,10,14,20,5,83,98,2,1,1,2,"151, JAURES (BD JEAN)",0.0,0.0
201400036990,2,10,14,19,2,83,144,2,1,1,6,CARREFOUR  (GRANDE SURFA,43.14005,6.01631
201400036991,18,10,14,9,1,83,144,1,1,1,6,11 NOVEMBRE 1918 (AVE DU,0.0,0.0
201400036992,16,8,14,5,5,83,98,2,6,1,7,PREMIERE (D.F.L),0.0,0.0
201400036993,19,10,14,1,5,83,137,2,1,1,6,"3546, MARSEILLE (ROUTE D",0.0,0.0
201400036994,14,10,14,10,1,83,90,1,3,8,3,COLETTA (CHEMIN RAOUL),0.0,0.0
201400036995,29,10,14,16,1,83,137,2,1,1,6,"444, TEMPLE (CHEMIN DU)",43.13592,5.90815
201400036996,1,11,14,17,1,83,137,2,1,1,2,"0, STRASBOURG (BD DE )",0.0,0.0
201400036997,3,11,14,10,1,83,137,2,1,2,3,"0, DESCARTES (RUE / AVE)",43.12694,5.89469
201400036998,5,11,14,14,1,83,90,2,1,1,6,"2027, MONNET (AVE JEAN)",0.0,0.0
201400036999,7,11,14,7,1,83,137,2,1,1,4,"0, BRIAND (AVE ARISTIDE",43.12414,5.89606
201400037000,9,11,14,8,1,83,90,1,1,2,1,"0, CAMP LAURENT (CHEMIN",43.12274,5.86278
201400037001,16,10,14,21,5,83,137,2,1,1,3,"314, FOCH (AVE DU MARECH",0.0,0.0
201400037002,12,11,14,16,1,83,137,2,1,1,2,CAMUS (AVE ALBERT),43.12945,5.88173
201400037003,13,11,14,18,4,83,62,2,3,1,5,HOUOT (AVENUE CDT),0.0,0.0
201400037004,16,11,14,13,1,83,90,2,3,1,3,NATIONALE 8 (ROUTE),0.0,0.0
201400037005,17,11,14,8,1,83,144,2,1,2,7,CHAR VERDUN (AVE DU),43.13791,5.98288
201400037006,19,11,14,23,5,83,137,2,3,1,2,"7, STRASBOURG (BD DE )",0.0,0.0
201400037007,2,11,14,23,5,83,137,2,2,1,3,CUZIN (AVE FRANCOIS),0.0,0.0
201400037008,23,11,14,17,5,83,137,2,1,1,7,EMERIAU (RUE AMIRAL),43.13191,5.92253
201400037009,20,11,14,9,1,83,137,2,3,1,3,BROSSET (BD GENERAL),0.0,0.0
201400037010,20,11,14,10,1,83,90,1,1,1,6,"526, GORGES (ROUTE DES)",0.0,0.0
201400037011,27,11,14,8,1,83,137,1,1,2,3,CHARCOT (QUAI JEAN),43.12663,5.89796
201400037012,29,11,14,20,5,83,137,2,1,2,3,"0, MAGNAN (AVE GENERAL)",43.12315,5.92895
201400037013,2,12,14,12,1,83,144,2,1,1,1,VALERY (AVE PAUL),43.12933,5.9899
201400037014,8,12,14,13,1,83,137,2,1,1,6,"0, JUIN (AVE ALPHONSE)",43.12134,5.94222
201400037015,10,12,14,8,1,83,137,2,1,1,6,"0, NICOLAS (BD COMMANDAN",43.12652,5.9359
201400037016,5,12,14,9,1,83,62,2,1,2,6,"0, FERRY (RUE ET AVENUE",43.12576,6.01604
201400037017,8,12,14,15,1,83,137,2,1,1,3,"0, LECLERC (AVE GENERAL)",0.0,0.0
201400037018,29,12,14,19,5,83,137,2,3,1,7,"0, PICOT (AVE DU COLONEL",0.0,0.0
201400037019,11,12,14,14,1,83,137,2,1,1,3,BRIAND (AVE ARISTIDE DE,43.12496,5.89662
201400037020,12,12,14,13,1,83,144,2,2,1,6,TREMOLIERES (AVE),43.13608,5.9832
201400037021,18,12,14,7,1,83,137,2,1,1,6,"207, GOURAUD (AVE GEN)",0.0,0.0
201400037022,19,12,14,19,3,83,137,2,2,1,3,"0, MALON (AVE BENOIT)",43.12226,5.95555
201400037023,26,12,14,15,1,83,137,2,1,1,3,MAGNAN (AVE GENERAL),43.12316,5.92898
201400037024,29,12,14,11,1,83,90,1,1,1,1,"1470, GROS CERVEAU (ROUT",0.0,0.0
201400037025,31,12,14,18,5,83,62,2,1,2,3,VIEUX CH.DE STE MUSSE,43.12254,5.98616
201400037026,23,12,14,9,1,83,137,2,4,1,6,"370, CUNEO (BD DOCTEUR)",43.10685,5.93557
201400037027,12,12,14,18,5,83,137,2,1,8,6,"0, BON RENCONTRE (ROND P",0.0,0.0
201400037028,30,12,14,16,1,83,137,2,3,1,3,"0, PICOT (AVE DU COLONEL",0.0,0.0
201400037029,26,1,14,1,5,83,137,2,1,1,6,BAOU DE 4 HEURES (CHEMIN,0.0,0.0
201400037030,22,10,14,17,1,84,7,2,1,1,6,"1, COUBERTIN (AV.Pierre",0.0,0.0
201400037031,10,1,14,8,1,84,7,2,1,1,6,VERTES RIVES (Avenue des,0.0,0.0
201400037032,13,1,14,6,5,84,7,2,1,1,6,"01, DEUX ROUTES ( Avenue",0.0,0.0
201400037033,16,1,14,8,1,84,7,2,9,1,5,"10, LYON (route de )",0.0,0.0
201400037034,18,1,14,20,5,84,7,2,2,3,3,TRILLADE (avenue de la ),0.0,0.0
201400037035,18,1,14,10,1,84,7,2,1,1,6,"2, PETITE MEUSE (Rue)",0.0,0.0
201400037036,16,1,14,6,2,84,7,2,2,2,3,Pierre BOULLE,0.0,0.0
201400037037,23,2,14,5,2,84,7,2,1,1,2,C.De GAULLE (Rocade),0.0,0.0
201400037038,18,2,14,15,1,84,7,2,1,1,6,LIMBERT (Boulevard),0.0,0.0
201400037039,12,3,14,10,1,84,7,2,1,1,5,CHARLES DE GAULLE,0.0,0.0
201400037040,14,1,14,20,5,84,7,2,7,2,3,C.De GAULLE (Rocade),0.0,0.0
201400037041,19,3,14,18,1,84,7,1,1,9,6,"00, COMBES (chemin des)",0.0,0.0
201400037042,16,2,14,19,5,84,7,2,1,1,3,"12, MORIERES (Route de )",0.0,0.0
201400037043,16,3,14,8,1,84,7,2,1,1,7,BEL AIR (Route de),0.0,0.0
201400037044,26,3,14,10,1,84,7,2,1,1,6,TRILLADE (avenue de la ),0.0,0.0
201400037045,31,3,14,20,5,84,7,2,1,9,6,"12, SAINT ROCH (Boulevar",0.0,0.0
201400037046,5,4,14,14,1,84,7,2,2,1,3,PIERRE SEMARD (avenue),43.93397,4.83164
201400037047,9,4,14,15,1,84,7,2,1,1,3,MARSEILLE (Route),0.0,0.0
201400037048,26,4,14,6,2,84,7,2,9,1,6,C.De GAULLE (Rocade),0.0,0.0
201400037049,4,5,14,20,1,84,7,1,1,1,2,MARSEILLE (Route),43.89493,4.90034
201400037050,5,5,14,23,5,84,7,2,1,1,2,TARASCON,0.0,0.0
201400037051,23,6,14,10,1,84,7,2,1,1,3,"13-15, CHARLES DE GAULLE",0.0,0.0
201400037052,10,7,14,0,5,84,7,2,1,1,6,C.De GAULLE (Rocade),0.0,0.0
201400037053,25,7,14,19,1,84,7,1,1,3,2,MARSEILLE (Route de ),43.89839,4.89739
201400037054,2,7,14,17,1,84,7,2,2,1,3,MORIERES (ROUTE DE),0.0,0.0
201400037055,4,9,14,22,5,84,7,2,3,1,3,PIERRE SEMARD (avenue),43.93874,4.82238
201400037056,27,9,14,4,5,84,7,2,2,1,3,SAINT RUF (Avenue),0.0,0.0
201400037057,24,9,14,15,1,84,7,2,6,2,3,AMANDIER (Avenue de l'),0.0,0.0
201400037058,10,10,14,14,1,84,7,2,1,1,3,", FELONS (Chemin des)",0.0,0.0
201400037059,11,10,14,22,5,84,7,1,1,1,7,MARSEILLE (Route de ),43.92464,4.85017
201400037060,30,10,14,15,1,84,7,2,6,1,3,C.De GAULLE (Rocade),0.0,0.0
201400037061,17,11,14,19,5,84,7,2,1,1,6,"1, AMANDIER (Avenue de l",0.0,0.0
201400037062,21,10,14,18,3,84,7,2,2,1,3,SOURDAINE (Chemin de),0.0,0.0
201400037063,12,12,14,5,5,84,7,2,5,1,3,"1, MARSEILLE (Route de )",0.0,0.0
201400037064,25,12,14,21,5,84,7,2,1,1,3,"37 ter, SIXTE ISNARD (Bo",0.0,0.0
201400037065,26,12,14,5,5,84,7,2,1,1,6,LYON (route de ),0.0,0.0
201400037066,20,2,14,14,1,84,31,2,1,1,6,COMTAT VENAISSIN,0.0,0.0
201400037067,31,7,14,0,5,84,31,2,1,1,6,"1085, MONT VENTOUX AVENU",0.0,0.0
201400037068,17,8,14,15,1,84,31,2,1,1,1,LUNEL ARMAND,0.0,0.0
201400037069,28,10,14,16,2,84,31,2,1,1,7,MISTRAL AVENUE FREDERIC,0.0,0.0
201400037070,20,11,14,22,3,84,31,1,1,8,6,"1014, CAROMB ROUTE",0.0,0.0
201400037071,25,11,14,6,2,84,80,1,1,3,6,CD 942 RTE SARRIANS A RO,0.0,0.0
201400037072,30,1,14,14,1,84,35,1,1,2,6,BONNEBEAU-CR58 (CHEMIN D,0.0,0.0
201400037073,11,2,14,17,2,84,35,1,1,1,2,MARSEILLE-RD938 (ROUTE D,0.0,0.0
201400037074,13,2,14,6,2,84,35,1,1,1,6,VIDAUQUE-RD234 (ROUTE DE,0.0,0.0
201400037075,7,3,14,21,5,84,35,2,1,1,1,"10, CARNOT (COURS SADI)",0.0,0.0
201400037076,23,5,14,16,1,84,35,2,6,1,3,ROUGET (BOULEVARD ANDRE),0.0,0.0
201400037077,5,6,14,8,1,84,35,1,2,1,3,BANON (ROUTE DE),0.0,0.0
201400037078,14,8,14,15,1,84,35,1,2,1,5,ISLE/SORGUE-RD 938 (ROUT,43.86384,5.04315
201400037079,16,8,14,5,2,84,35,2,3,1,3,SARNETTE (AVENUE ABEL),0.0,0.0
201400037080,11,1,14,22,5,84,87,2,3,1,1,CHATEAUNEUF (RUE DE),0.0,0.0
201400037081,12,3,14,10,1,84,87,2,1,1,3,"56, MOULIN (RUE JEAN)",0.0,0.0
201400037082,6,5,14,14,1,84,87,1,1,1,1,"1, CHATEAUNEUF DU PAPE (",0.0,0.0
201400037083,10,5,14,16,1,84,87,1,3,1,3,LYON (ROUTE DE),44.15928,4.79732
201400037084,21,7,14,15,1,84,87,2,1,1,2,DALADIER (BD EDOUARD),44.1366,4.81154
201400037085,28,7,14,18,1,84,87,1,3,1,3,LYON (ROUTE DE),0.0,0.0
201400037086,15,8,14,10,1,84,87,2,8,9,6,"0, BRIAND (COURS ARISTID",0.0,0.0
201400037087,9,9,14,16,1,84,87,1,6,1,3,ROUTE DE CHATEAUNEUF,0.0,0.0
201400037088,23,10,14,21,3,84,87,1,1,1,5,ROUTE D'UCHAUX,0.0,0.0
201400037089,7,11,14,18,5,84,87,2,4,1,3,"1, TASSIGNY (AVENUE DE L",44.14554,4.80357
201400037090,19,11,14,22,3,84,87,1,1,1,1,JONQUIERES (ROUTE DE),0.0,0.0
201400037091,19,11,14,11,1,84,87,2,1,1,6,"7, BRIAND (COURS ARISTID",44.13814,4.80463
201400037092,11,12,14,16,1,84,87,1,3,1,3,PEAGE (CHEMIN),0.0,0.0
201400037093,3,1,14,16,1,85,191,2,1,2,6,1 RUE NICEPHORE NIEPCE,46.70104,-1.43187