Num_Acc,jour,mois,an,hr,condition_eclairage,departement,commune,condition_agglomeration,intersection,condition_atmosphere,type_collision,adresse,lattitude,longitude
201400037094,4,1,14,21,5,85,191,2,2,2,3,RUE RENE COTY,46.65795,-1.44987
201400037095,6,1,14,10,1,85,191,2,1,1,6,RD 37,46.69962,-1.42037
201400037096,6,1,14,7,5,85,191,2,3,2,2,166 BOULEVARD A. BRIAND,46.6665,-1.43017
201400037097,7,1,14,15,1,85,191,2,2,1,7,BOULEVARD ARAGO,46.66886,-1.44603
201400037098,14,1,14,19,4,85,191,1,1,1,2,D 948,46.69327,-1.47431
201400037099,14,1,14,20,3,85,191,2,1,1,6,RUE F.R CHATEAUBRIAND,46.67214,-1.40706
201400037100,20,1,14,8,1,85,191,2,6,2,6,BOULEVARD DENIS PAPIN,46.68131,-1.43549
201400037101,24,1,14,8,2,85,191,2,1,3,6,158 RUE GENERAL GUERIN,46.66119,-1.40125
201400037102,25,1,14,15,1,85,191,2,1,1,6,RUE HELIODORE DURAND,46.66105,-1.40214
201400037103,27,1,14,12,1,85,191,2,1,2,2,171 RIVOLI BOULEVARD,46.67981,-1.41744
201400037104,27,1,14,18,5,85,191,2,1,1,6,BOULEVARD RIVOLI,46.67065,-1.41577
201400037105,28,1,14,9,1,85,191,1,1,8,1,ROUTE DE NESMY,46.62042,-1.40884
201400037106,4,2,14,19,5,85,191,2,1,3,6,24 BOULEVARD EDISON,46.68165,-1.43663
201400037107,12,2,14,13,1,85,191,2,1,1,1,98 BOULEVARD ANGLETERRE,46.67419,-1.43062
201400037108,13,2,14,7,5,85,191,2,1,3,6,26  BOULEVARD G. GUITTON,46.65888,-1.43428
201400037109,17,2,14,7,5,85,191,2,1,1,3,120 BOULEVARD LAVOISIER,46.65972,-1.44077
201400037110,22,2,14,8,1,85,191,2,1,2,6,RUE D'ARCOLE,46.67964,-1.42161
201400037111,26,2,14,4,5,85,191,2,1,1,6,25 BOULEVARD M. LECLERC,46.66949,-1.43654
201400037112,13,3,14,16,1,85,191,2,6,1,2,AV ALIENOR D'AQUITAINE,46.6898,-1.42991
201400037113,18,3,14,22,5,85,191,2,2,1,3,GIRATOIRE B. PALISSY,46.69066,-1.42984
201400037114,18,3,14,10,1,85,191,2,1,1,6,88 RUE SARAH BERHNARD,46.664,-1.44604
201400037115,13,3,14,9,1,85,191,1,9,1,3,AVENUE YITZHAK RABIN,46.69478,-1.42987
201400037116,28,3,14,0,3,85,191,1,1,2,6,D 948,46.69521,-1.48024
201400037117,29,3,14,12,1,85,191,1,1,1,1,D 160 ROCADE NORD,46.68003,-1.40779
201400037118,9,4,14,10,1,85,191,2,1,1,6,30 BOULEVARD DES BELGES,46.67296,-1.41938
201400037119,17,4,14,17,1,85,191,2,2,1,6,84 RUE P. DE GAULLE,46.67127,-1.42034
201400037120,22,4,14,8,1,85,191,1,1,1,2,D 948,46.68674,-1.45607
201400037121,25,4,14,21,1,85,191,2,2,1,3,RUE DU GENERAL DE GAULLE,46.67137,-1.42117
201400037122,24,4,14,13,1,85,191,2,1,1,6,161 BOULEVARD ARAGO,46.6727,-1.44298
201400037123,8,5,14,11,1,85,191,2,1,1,3,RUE GEORGES MAZURELLE,46.64601,-1.41799
201400037124,10,5,14,9,1,85,191,2,2,1,3,RUE GEORGES MAZURELLE,46.64693,-1.4147
201400037125,13,5,14,9,1,85,191,2,6,1,3,BOULEVARD  LAVOISIER,46.65973,-1.44076
201400037126,18,5,14,0,5,85,191,2,1,1,7,28 BOULEVARD SULLY,46.68322,-1.43179
201400037127,20,5,14,9,1,85,191,2,1,1,6,6 BOULEVARD ANGLETERRE,46.67541,-1.42523
201400037128,5,6,14,15,1,85,191,2,2,1,3,25 BOULEVARD D'EYLAU,46.68366,-1.42807
201400037129,13,6,14,8,1,85,191,2,1,1,6,15 RUE LA FAYETTE,46.66948,-1.42889
201400037130,13,6,14,16,1,85,191,2,2,1,6,BOULEVARD D'EYLAU,46.68356,-1.42813
201400037131,28,6,14,13,1,85,191,2,1,3,1,71 RIVOLI BOULEVARD,46.67559,-1.41621
201400037132,2,7,14,12,1,85,191,2,1,1,6,11  RUE ROGER SALENGRO,46.66832,-1.43618
201400037133,2,7,14,14,1,85,191,1,3,1,6,ROUTE DE LA POTINIERE,46.63845,-1.42599
201400037134,4,7,14,13,1,85,191,2,1,1,6,RUE F.R CHATEAUBRIAND,46.66996,-1.40954
201400037135,8,7,14,21,1,85,191,2,1,1,3,RUE GUTEMBERG,46.68044,-1.43017
201400037136,22,7,14,10,1,85,191,2,2,1,6,25 RUE RAYMOND POINCARE,46.66868,-1.43473
201400037137,3,8,14,5,3,85,191,1,1,1,1,DEPARTEMENTALE 160,46.69102,-1.41666
201400037138,8,8,14,16,1,85,191,1,1,3,3,SAINTE-ANNE,46.69819,-1.42141
201400037139,15,8,14,15,1,85,191,1,1,1,5,D160,46.69135,-1.42453
201400037140,15,8,14,13,1,85,191,2,6,1,3,ROND-POINT DE PALISSY,46.69045,-1.42915
201400037141,5,9,14,15,1,85,191,2,1,1,6,29 RUE DELILLE,46.66772,-1.42756
201400037142,12,9,14,13,1,85,191,2,1,1,6,28 BOULEVARD ANGLETERRE,46.67521,-1.42659
201400037143,19,9,14,10,1,85,191,2,1,1,3,29 RUE DELILLE,46.66764,-1.42791
201400037144,7,10,14,8,1,85,191,2,2,2,1,145 RUE DU GNL GUERIN,46.66112,-1.40219
201400037145,15,10,14,18,1,85,191,1,1,1,6,RD 42 RTE DE VENANSAULT,46.67493,-1.48663
201400037146,3,11,14,16,1,85,191,2,1,1,6,91 BOULEVARD  LECLERC,46.67239,-1.43749
201400037147,12,11,14,19,5,85,191,2,1,1,6,BOULEVARD LOUIS BLANC,46.67214,-1.43492
201400037148,29,11,14,15,1,85,191,1,1,1,2,LA DAVISIERE,46.7015,-1.43977
201400037149,28,1,14,12,1,85,166,1,1,1,7,ROUTE AMIS DE LA NATURE,46.56094,-1.81258
201400037150,29,1,14,12,1,85,60,1,1,3,6,RD 949,46.5137,-1.72843
201400037151,29,1,14,15,1,85,166,2,2,1,3,AVENUE CHARLES DEGAULLE,46.50939,-1.76876
201400037152,3,2,14,9,1,85,194,2,1,1,6,84 BOULEVARD CASTELNAU,46.49486,-1.77606
201400037153,2,2,14,0,5,85,166,1,6,1,3,ROND-POINT VANNERIE,46.51538,-1.75912
201400037154,31,1,14,15,1,85,166,2,6,1,3,BOULEVARD VENDEE GLOBE,46.5134,-1.77665
201400037155,7,2,14,10,1,85,166,2,1,1,6,AV CHARLES DE GAULLE,46.50942,-1.76876
201400037156,10,2,14,22,5,85,166,2,6,1,3,ROND-POINT VANNERIE,46.51522,-1.75875
201400037157,11,2,14,16,1,85,166,1,1,1,1,ROUTE AMIS DE LA NATURE,46.56101,-1.81226
201400037158,16,2,14,5,4,85,166,2,1,1,7,5  RUE DU CANAL,46.54306,-1.79741
201400037159,16,2,14,20,5,85,166,2,3,1,1,RUE DU 8 MAI 1945,46.53643,-1.77275
201400037160,17,2,14,9,1,85,194,2,1,1,6,BOULEVARD L ILE VERTIME,46.50447,-1.78892
201400037161,14,2,14,20,5,85,166,1,1,8,7,RUE DES SABLES,46.53264,-1.77387
201400037162,24,2,14,19,5,85,194,2,1,1,2,171 RUE JOSEPH BENATIER,46.50662,-1.80121
201400037163,25,2,14,19,2,85,60,1,1,1,1,BOULEVARD VENDEE GLOBE,46.49248,-1.74992
201400037164,28,2,14,7,5,85,166,2,6,1,3,BOULEVARD DU VENDEE GLOB,46.51393,-1.79617
201400037165,1,3,14,10,1,85,194,2,2,1,6,RUE DU DOCTEUR CHARCOT,46.50526,-1.78765
201400037166,6,3,14,14,1,85,166,1,1,1,1,ROUTE AMIS DE LA NATURE,46.56229,-1.81405
201400037167,12,3,14,19,1,85,166,2,1,5,6,34 ROUTE DES PINS,46.54236,-1.79798
201400037168,9,3,14,15,1,85,166,1,6,1,3,ROND-POINT VANNERIE,46.51551,-1.75891
201400037169,13,3,14,15,1,85,194,2,1,1,3,QUAI ROUSSEAU MECHIN,46.50074,-1.79669
201400037170,14,3,14,17,1,85,194,2,1,1,3,2BIS PROMENADE G. GODET,46.49023,-1.77209
201400037171,20,3,14,8,1,85,60,2,1,6,6,AVENUE DE TALMONT,46.48731,-1.74273
201400037172,30,3,14,16,1,85,194,2,1,1,6,PROMENADE DU M. JOFFRE,46.49386,-1.79223
201400037173,3,4,14,10,1,85,194,2,1,2,7,75AVENUE ARISTIDE BRIAND,46.48922,-1.76793
201400037174,6,4,14,14,1,85,194,2,2,1,3,RUE DU PALAIS,46.49546,-1.78413
201400037175,10,4,14,13,1,85,166,2,1,1,2,BOULEVARD VENDEE GLOBE,46.51328,-1.7789
201400037176,23,4,14,10,1,85,166,2,1,1,3,292 AVENUE F. MITTERAND,46.53078,-1.77415
201400037177,24,4,14,7,1,85,166,2,1,1,6,BOULEVARD VENDEE GLOBE,46.51343,-1.77667
201400037178,14,4,14,19,1,85,194,2,1,1,6,RUE DU PALAIS,46.49552,-1.78414
201400037179,2,5,14,22,5,85,194,2,1,1,2,COURS J. DUPONT,46.49775,-1.7798
201400037180,17,5,14,9,1,85,166,2,3,1,3,AVENUE F. MITTERAND,46.51719,-1.77599
201400037181,17,5,14,15,1,85,166,2,1,1,3,37 bis AV. F. MITTERAND,46.50857,-1.77715
201400037182,16,5,14,9,1,85,166,2,1,1,3,AVENUE CHARLES DE GAULLE,46.51578,-1.75585
201400037183,20,5,14,14,1,85,194,2,1,1,6,RUE DE VERDUN,46.49767,-1.77716
201400037184,4,6,14,7,1,85,166,2,1,1,1,RUE DES ARCHERS,46.51742,-1.77342
201400037185,7,6,14,1,3,85,60,1,1,1,6,3 RUE DE LA CARAUDIERE,46.50314,-1.73017
201400037186,11,6,14,19,1,85,60,1,1,1,1,PROMENADE DE CAYOLA,46.47463,-1.75266
201400037187,15,7,14,17,1,85,60,2,1,1,5,PROMENADE DE CAYOLA,46.46419,-1.7302
201400037188,22,7,14,12,1,85,60,2,1,1,3,AVENUE DE TALMONT,46.48163,-1.71614
201400037189,31,7,14,2,5,85,194,2,2,1,3,RUE DU DOCTEUR CHARCOT,46.50583,-1.7853
201400037190,1,8,14,19,1,85,166,2,1,1,6,128 RUE G. CLEMENCEAU,46.51542,-1.79068
201400037191,1,8,14,11,1,85,194,2,1,1,6,BOULEVARD L' ILE VERTIME,46.50099,-1.78568
201400037192,11,8,14,16,1,85,60,2,3,1,3,RUE DE LA CROIX BLANCHE,46.49975,-1.74636
201400037193,13,8,14,19,1,85,166,1,1,1,3,ROUTE AMIS DE LA NATURE,46.58706,-1.82909
201400037194,15,8,14,19,1,85,60,1,1,1,1,PROMENADE E. HERRIOT,46.46749,-1.7368
201400037195,20,8,14,13,1,85,194,2,1,1,6,BOULEVARD D'ILE VERTIME,46.50359,-1.78791
201400037196,21,8,14,11,1,85,194,2,1,1,6,3 COURS JOSEPH DUPONT,46.49727,-1.78195
201400037197,31,8,14,16,1,85,60,2,1,1,6,RUE DES VALLEES,46.50382,-1.73827
201400037198,30,8,14,17,1,85,166,2,2,1,6,RUE CLEMENT ADER,46.51933,-1.78092
201400037199,4,9,14,7,1,85,166,1,1,7,6,BOULEVARD VENDEE GLOBE,46.51418,-1.79012
201400037200,7,9,14,16,1,85,194,2,4,1,3,BD DU SOUVENIR FRANCAIS,46.50302,-1.79723
201400037201,12,9,14,19,1,85,194,2,2,1,3,RUE DES ROSES,46.49111,-1.76242
201400037202,12,9,14,21,5,85,166,2,3,1,6,AV FRANCOIS MITTERAND,46.5172,-1.77599
201400037203,18,9,14,16,1,85,166,2,1,1,1,44  RUE DES BERGERS,46.52338,-1.7822
201400037204,19,9,14,10,1,85,194,2,1,1,5,25  AVENUE D'ANJOU,46.50207,-1.77702
201400037205,1,10,14,9,1,85,194,2,3,1,3,AVENUE GENERAL GAULLE,46.49852,-1.78133
201400037206,3,10,14,16,1,85,166,1,3,1,3,ROUTE AMIS DE LA NATURE,46.57191,-1.82286
201400037207,17,10,14,12,1,85,194,2,1,1,6,59 AVENUE DE BRETAGNE,46.50486,-1.77764
201400037208,17,10,14,15,1,85,194,2,2,1,3,RUE DES ECOLIERS,46.4951,-1.78085
201400037209,22,10,14,9,1,85,194,2,1,1,6,44 BOULEVARD PASTEUR,46.49155,-1.76928
201400037210,26,10,14,9,1,85,194,2,5,1,6,RUE DE VERDUN,46.49608,-1.77752
201400037211,16,11,14,18,1,85,194,2,6,3,6,BOULEVARD AMPERE,46.49317,-1.76243
201400037212,14,11,14,16,1,85,60,2,2,7,3,RUE GEORGES CLEMENCEAU,46.50352,-1.74292
201400037213,16,11,14,21,5,85,194,2,1,2,6,QUAI E. FRANQUEVILLE,46.49737,-1.78668
201400037214,10,12,14,7,5,85,166,2,1,2,3,AVENUE CHARLES DE GAULLE,46.509,-1.76903
201400037215,22,11,14,17,4,85,60,1,1,1,7,LE COUDRIOU,46.50901,-1.68614
201400037216,6,2,14,10,1,86,66,2,1,1,6,"144, FOCH (AVENUE DU MAR",0.0,0.0
201400037217,20,2,14,21,5,86,66,2,1,1,3,ABELIN (AVENUE PIERRE),0.0,0.0
201400037218,24,2,14,15,1,86,66,2,1,1,6,"14, ABELIN (AVENUE PIERR",0.0,0.0
201400037219,18,3,14,10,1,86,66,2,1,1,6,MOULIN (AVENUE JEAN),0.0,0.0
201400037220,18,3,14,19,2,86,66,2,1,1,6,"151, DE LATTRE DE TASSIG",0.0,0.0
201400037221,21,3,14,14,1,86,66,2,1,1,6,"63,BOULEVARD  BLOSSAC",0.0,0.0
201400037222,24,3,14,16,1,86,66,2,1,1,6,GAMBETTA (SQUARE),0.0,0.0
201400037223,26,3,14,20,5,86,66,2,6,1,3,WILTZER (ROND POINT DU P,0.0,0.0
201400037224,5,4,14,13,1,86,66,2,4,1,3,"1, ORILLARD (RUE ABEL)",0.0,0.0
201400037225,6,4,14,13,1,86,66,2,1,1,5,RD 161 - ROCADE EST,0.0,0.0
201400037226,23,4,14,15,1,86,66,2,3,1,3,CHATEAU (QUAI DU),0.0,0.0
201400037227,5,5,14,18,1,86,66,2,1,1,3,48  AV PRESIDENT  WILSON,0.0,0.0
201400037228,7,5,14,21,5,86,66,2,1,1,3,THURE (RUE DE),0.0,0.0
201400037229,3,7,14,20,1,86,66,2,1,1,7,"17, ABELIN (AVENUE PIERR",46.80726,0.54303
201400037230,8,7,14,15,1,86,66,2,1,1,6,"3, KENNEDY (AVENUE JOHN)",46.81442,0.54384
201400037231,6,8,14,16,1,86,66,1,6,1,2,PILA (ROND POINT DE),0.0,0.0
201400037232,6,8,14,17,1,86,66,2,1,1,6,"137, BLOSSAC (BOULEVARD",0.0,0.0
201400037233,11,9,14,8,1,86,66,2,1,1,6,"49, PAGE (AVENUE CAMILLE",46.80088,0.52811
201400037234,20,9,14,19,1,86,66,2,1,3,6,PAGE (AVENUE CAMILLE),0.0,0.0
201400037235,26,9,14,18,1,86,66,2,1,1,6,ABELIN (AVENUE PIERRE),0.0,0.0
201400037236,4,10,14,19,5,86,66,2,3,8,3,KREBS (RUE LOUIS CLEMENT,46.81437,0.53516
201400037237,5,10,14,17,1,86,66,2,1,1,1,"0, MERMOZ (AVENUE JEAN)",0.0,0.0
201400037238,11,10,14,19,1,86,66,1,1,1,6,KAYA (AVENUE DE),0.0,0.0
201400037239,13,10,14,20,2,86,66,2,1,1,6,"68, RIPAULT (AVENUE LOUI",0.0,0.0
201400037240,27,11,14,8,1,86,66,2,2,5,1,KAYA (AVENUE DE),0.0,0.0
201400037241,6,12,14,17,5,86,66,2,1,1,6,DE LATTRE DE TASSIGNY (A,0.0,0.0
201400037242,9,12,14,15,1,86,66,2,3,2,3,LECLERC (AVENUE DU MAREC,0.0,0.0
201400037243,26,12,14,19,5,86,66,2,2,2,6,"8, HUGO (BOULEVARD VICTO",0.0,0.0
201400037244,5,1,14,21,3,86,41,1,2,1,3,"., COSSES  (RUE DES)",0.0,0.0
201400037245,6,1,14,18,5,86,194,2,3,2,3,JOHN KENNEDY (AVENUE),0.0,0.0
201400037246,6,1,14,19,5,86,194,2,1,2,3,"220, FAUBOURG PONT NEUF",0.0,0.0
201400037247,6,1,14,19,3,86,214,1,1,2,6,GENCAY (ROUTE DE),0.0,0.0
201400037248,7,1,14,7,5,86,194,2,1,8,6,ANDRE MALRAUX (VOIE),0.0,0.0
201400037249,7,1,14,18,5,86,194,2,1,1,3,"10, MARECHAL DE LATTRE D",0.0,0.0
201400037250,8,1,14,14,1,86,194,2,1,1,6,ROBERT SCHUMAN (AVENUE),0.0,0.0
201400037251,10,1,14,7,5,86,194,2,3,1,3,"., PARC (ALLEE DU)",0.0,0.0
201400037252,11,1,14,21,5,86,194,2,1,1,3,TISON (BOULEVARD),0.0,0.0
201400037253,13,1,14,7,5,86,194,2,1,3,6,"221, NANTES (AVENUE DE)",0.0,0.0
201400037254,13,1,14,8,2,86,194,2,1,2,6,"79, NANTES (AVENUE DE)",0.0,0.0
201400037255,14,1,14,18,5,86,194,1,1,1,3,16 RUE DE LA REPUBLIQUE,0.0,0.0
201400037256,15,1,14,18,5,86,41,2,1,2,2,99 RUE HOTEL DE VILLE,0.0,0.0
201400037257,17,1,14,16,1,86,194,2,2,1,7,ROCADE OUEST (RD 910),0.0,0.0
201400037258,19,1,14,12,5,86,158,2,1,1,6,RD 30,0.0,0.0
201400037259,20,1,14,17,1,86,194,2,2,1,3,JEAN BAPTISTE BOUSSINGAU,0.0,0.0
201400037260,20,1,14,18,3,86,158,1,1,1,3,VOUILLE (RUE DE),0.0,0.0
201400037261,23,1,14,8,1,86,194,2,1,1,3,"48, GRAND CERF (BOULEVAR",0.0,0.0
201400037262,31,1,14,16,1,86,194,2,3,1,6,"., CONCORDE (BOULEVARD D",0.0,0.0
201400037263,3,2,14,7,3,86,194,1,1,1,6,GRELES DES PETITS BOIS (,0.0,0.0
201400037264,4,2,14,12,1,86,194,2,1,1,2,CONCORDE (BOULEVARD DE L,0.0,0.0
201400037265,5,2,14,7,3,86,157,1,1,2,4,CHAUVIGNY (ROUTE DE),0.0,0.0
201400037266,6,2,14,15,1,86,194,2,1,1,6,2 Rue de la MILETERIE,0.0,0.0
201400037267,7,2,14,11,1,86,194,2,1,1,4,"10, LIBERATION (AVENUE D",0.0,0.0
201400037268,7,2,14,14,1,86,194,2,6,1,3,ROCADE OUEST (RD 910),0.0,0.0
201400037269,7,2,14,16,1,86,194,2,1,2,1,"30, COURONNERIES (RUE DE",0.0,0.0
201400037270,7,2,14,17,1,86,194,2,1,2,1,"97, MONTBERNAGE (RUE DE)",0.0,0.0
201400037271,11,2,14,17,1,86,194,2,3,2,5,PLATEAU DES GLIERES (AVE,0.0,0.0
201400037272,13,2,14,19,5,86,194,2,1,1,5,"146, FAUBOURG PONT NEUF",0.0,0.0
201400037273,16,2,14,3,5,86,194,2,1,2,6,159 RUE DE MONTBERNAGE,0.0,0.0
201400037274,17,2,14,8,1,86,194,2,1,1,6,9 RUE GRAND MAISON,0.0,0.0
201400037275,18,2,14,2,5,86,133,2,1,1,6,"31, POITIERS (AVENUE DE)",0.0,0.0
201400037276,18,2,14,17,1,86,194,2,1,1,2,"116 AVENUE , LIBERATION",0.0,0.0
201400037277,20,2,14,20,5,86,194,2,1,1,3,"115, FAUBOURG PONT NEUF",0.0,0.0
201400037278,22,2,14,16,1,86,194,2,1,2,2,11 NOVEMBRE (AVENUE DU),0.0,0.0
201400037279,22,2,14,17,1,86,194,2,1,2,3,ROCADE OUEST (RD 910),0.0,0.0
201400037280,23,2,14,7,5,86,194,2,1,1,6,"43, COURS (PROMENADE DES",0.0,0.0
201400037281,24,2,14,9,1,86,194,2,3,1,6,"2, COLIGNY (BOULEVARD)",0.0,0.0
201400037282,3,3,14,10,1,86,194,2,1,3,6,"7, RENE AMAND (RUE)",0.0,0.0
201400037283,7,3,14,13,1,86,194,2,1,1,5,"138, FAUBOURG PONT NEUF",0.0,0.0
201400037284,8,3,14,19,4,86,194,2,1,1,6,"12, ANATOLE FRANCE (BOUL",0.0,0.0
201400037285,10,3,14,4,5,86,194,2,1,1,3,61bd ANATOLE FRANCE,0.0,0.0
201400037286,10,3,14,8,1,86,194,2,6,1,3,"., NANTES (AVENUE DE)",0.0,0.0
201400037287,11,3,14,12,1,86,194,2,3,1,3,60Avenue de l'EUROPE,0.0,0.0
201400037288,12,3,14,17,1,86,158,2,1,1,3,"67, ENTREPRISES (RUE DES",0.0,0.0
201400037289,14,3,14,8,1,86,88,2,1,1,6,RUE DE L'ECORCERIE,0.0,0.0
201400037290,14,3,14,7,1,86,214,2,6,1,6,"217, GENCAY (ROUTE DE)",0.0,0.0
201400037291,14,3,14,11,1,86,194,2,1,1,6,"11, DEVINIERE (RUE DE LA",0.0,0.0
201400037292,14,3,14,16,1,86,194,2,1,1,6,"37, BIGNOUX (RUE DE)",0.0,0.0
201400037293,16,3,14,10,1,86,41,2,2,1,3,Avenue des AMANDIERS,0.0,0.0
201400037294,17,3,14,9,1,86,194,2,1,5,2,JOHN KENNEDY (AVENUE),0.0,0.0
201400037295,20,3,14,8,1,86,194,1,1,1,2,ANDRE MALRAUX (VOIE),0.0,0.0
201400037296,21,3,14,2,5,86,194,2,1,1,6,"129, BONNEUIL MATOURS (R",0.0,0.0
201400037297,21,3,14,17,1,86,214,2,1,1,6,122  bis ROUTE NOUAILLE,0.0,0.0
201400037298,22,3,14,11,1,86,157,1,1,1,6,RN 147,0.0,0.0
201400037299,23,3,14,17,1,86,157,2,1,1,6,"825, CHAUVIGNY (ROUTE DE",0.0,0.0
201400037300,25,3,14,14,1,86,194,2,1,2,6,"3, VERDUN (BOULEVARD DE)",0.0,0.0
201400037301,26,3,14,11,1,86,194,2,1,1,6,"2, EUGENE CHEVREUL",0.0,0.0
201400037302,26,3,14,16,1,86,194,2,1,1,4,"., NORTHAMPTON (AVENUE D",0.0,0.0
201400037303,28,3,14,14,1,86,194,2,1,1,6,"0, VALLEE MONNAIE (RUE D",0.0,0.0
201400037304,28,3,14,18,1,86,194,2,3,1,3,4PLACE DE ROCHEMAUX,0.0,0.0
201400037305,29,3,14,16,1,86,194,2,1,1,3,"., CHAUMONT (RUE DE)",0.0,0.0
201400037306,29,3,14,23,3,86,27,1,2,1,3,"., CRUCHON (LIEU DIT LE)",0.0,0.0
201400037307,1,4,14,17,1,86,194,2,2,1,3,ROCADE OUEST (RD 910),0.0,0.0
201400037308,3,4,14,13,1,86,214,2,6,3,7,"., GENCAY (ROUTE DE)",0.0,0.0
201400037309,3,4,14,17,1,86,41,2,1,2,6,95 RUE DES 2 COMMUNES,0.0,0.0
201400037310,3,4,14,19,1,86,194,1,1,1,2,RN 147,0.0,0.0
201400037311,4,4,14,21,5,86,194,2,2,1,3,ROCADE OUEST (RD 910),0.0,0.0
201400037312,5,4,14,5,5,86,194,2,6,1,6,8 MAI 1945 (AVENUE DU),0.0,0.0
201400037313,6,4,14,6,3,86,158,1,1,2,1,RN.147,0.0,0.0
201400037314,7,4,14,17,1,86,194,2,1,1,3,"215, FAUBOURG PONT NEUF",0.0,0.0
201400037315,8,4,14,7,1,86,194,2,3,1,3,"., ELVEN (RUE D')",0.0,0.0
201400037316,8,4,14,21,5,86,194,2,2,1,6,AVENUE JACQUES COEUR,0.0,0.0
201400037317,9,4,14,13,1,86,194,2,1,1,2,RUE DE CHAUMONT,0.0,0.0
201400037318,10,4,14,18,1,86,194,2,1,1,6,"., RECTEUR PINEAU (AVENU",0.0,0.0
201400037319,11,4,14,3,3,86,133,1,1,1,7,LES GACHERES,46.51544,0.29959
201400037320,13,4,14,22,5,86,194,2,2,1,6,ROND POINT DU STADE,0.0,0.0
201400037321,14,4,14,18,1,86,194,2,3,1,6,RUE DE VALMY,0.0,0.0
201400037322,16,4,14,12,1,86,194,2,3,1,3,PONT JOUBERT (BOULEVARD),0.0,0.0
201400037323,16,4,14,15,1,86,194,2,1,1,2,ANDRE MALRAUX (VOIE),0.0,0.0
201400037324,25,4,14,18,1,86,194,2,1,1,6,"24, FAUBOURG SAINT CYPRI",0.0,0.0
201400037325,27,4,14,0,4,86,194,2,1,2,2,ROUTE DE BONNEUIL MATOUR,0.0,0.0
201400037326,28,4,14,8,1,86,194,2,1,8,1,"38, GENCAY (ROUTE DE)",0.0,0.0
201400037327,29,4,14,10,1,86,88,1,1,3,2,RN.10,0.0,0.0
201400037328,29,4,14,20,2,86,214,2,1,1,6,"258, GENCAY (ROUTE DE)",0.0,0.0
201400037329,4,5,14,15,1,86,194,2,1,1,6,"6, VICTOR HUGO (RUE)",0.0,0.0
201400037330,5,5,14,14,1,86,194,2,2,1,3,ROCADE EST (RD 162),0.0,0.0
201400037331,5,5,14,18,1,86,194,2,2,1,3,11 NOVEMBRE (AVENUE DU),0.0,0.0
201400037332,7,5,14,4,3,86,214,2,1,1,6,ROCADE SUD EST (RD 162),0.0,0.0
201400037333,7,5,14,10,1,86,194,1,1,1,3,AV DU 8 MAI 45 PAR AUCHA,0.0,0.0
201400037334,7,5,14,22,5,86,194,2,1,1,3,"2, SOLFERINO (BOULEVARD)",0.0,0.0
201400037335,8,5,14,10,1,86,157,1,1,1,3,LIMOGES (ROUTE DE),0.0,0.0
201400037336,9,5,14,2,5,86,194,2,1,1,6,ROCADE EST (RD 162),0.0,0.0
201400037337,12,5,14,12,1,86,194,2,1,1,4,"246, 8 MAI 1945 (AVENUE",0.0,0.0
201400037338,12,5,14,17,1,86,214,2,1,1,4,ROCADE SUD EST (RD 162),0.0,0.0
201400037339,14,5,14,12,1,86,194,2,2,1,3,ROCADE EST (RD 162),0.0,0.0
201400037340,14,5,14,21,4,86,194,2,2,1,6,11 NOVEMBRE (AVENUE DU),0.0,0.0
201400037341,18,5,14,12,1,86,41,2,2,1,3,AMANDIERS (AVENUE DES),0.0,0.0
201400037342,22,5,14,18,1,86,194,2,6,8,3,"., CONCORDE (BOULEVARD D",0.0,0.0
201400037343,22,5,14,18,1,86,194,2,1,3,6,"65, JOHN KENNEDY (AVENUE",0.0,0.0
201400037344,23,5,14,14,1,86,214,1,1,2,6,GENCAY (ROUTE DE),0.0,0.0
201400037345,23,5,14,17,1,86,194,1,1,8,7,"250, 8 MAI 1945 (AVENUE",0.0,0.0
201400037346,27,5,14,20,1,86,194,2,1,1,3,"108, LIBERATION (AVENUE",0.0,0.0
201400037347,28,5,14,19,1,86,194,2,1,1,6,JOHN KENNEDY (AVENUE),0.0,0.0
201400037348,2,6,14,18,1,86,194,2,1,1,5,"23, CHAUMONT (RUE DE)",0.0,0.0
201400037349,2,6,14,18,1,86,194,2,1,1,2,"441, THEOPHRASTE RENAUDO",0.0,0.0
201400037350,3,6,14,1,3,86,158,1,1,1,6,147 (ROUTE NATIONALE),0.0,0.0
201400037351,3,6,14,16,1,86,194,2,1,1,2,"188, PARTHENAY (Rte de)",46.6017,0.31606
201400037352,3,6,14,20,1,86,41,2,2,1,3,"., AMANDIERS (AVENUE DES",0.0,0.0
201400037353,4,6,14,6,2,86,194,1,1,2,6,ROCADE OUEST (RD 910),0.0,0.0
201400037354,6,6,14,15,1,86,194,2,1,1,6,"26, FRATERNITE (PLACE DE",46.58921,0.38256
201400037355,6,6,14,16,1,86,194,2,4,1,6,SAINT JUST (BOULEVARD),46.58775,0.37736
201400037356,7,6,14,18,1,86,194,2,2,1,3,"., STADE (ROND POINT DU)",0.0,0.0
201400037357,8,6,14,18,1,86,194,2,1,1,4,"77, LIBERATION (AVENUE D",46.56888,0.32198
201400037358,8,6,14,18,1,86,194,2,1,1,3,"7, ROBERT SCHUMAN (AVENU",0.0,0.0