Num_Acc,jour,mois,an,hr,condition_eclairage,departement,commune,condition_agglomeration,intersection,condition_atmosphere,type_collision,adresse,lattitude,longitude
201400037359,10,6,14,20,1,86,214,2,3,1,3,CABESTAN (RUE DU),46.56504,0.3598
201400037360,12,6,14,9,1,86,194,2,3,1,3,COURONNERIES (RUE DES),46.59119,0.35555
201400037361,14,6,14,22,5,86,194,2,1,1,6,"46, QUATRE ROUES (RUE DE",46.59072,0.34664
201400037362,13,6,14,15,1,86,157,2,2,1,4,"., RN 147",0.0,0.0
201400037363,17,6,14,13,1,86,194,2,2,1,3,ROCADE OUEST (RD 910),0.0,0.0
201400037364,17,6,14,18,1,86,157,1,1,1,4,LIMOGES (ROUTE DE),0.0,0.0
201400037365,20,6,14,18,1,86,194,2,6,1,3,"., DEUX COMMUNES (RUE DE",0.0,0.0
201400037366,20,6,14,20,2,86,41,2,1,1,3,"32, LIBERTE (AVENUE DE L",0.0,0.0
201400037367,21,6,14,2,5,86,194,2,1,1,7,"19, PIERRE LEVEE (RUE DE",0.0,0.0
201400037368,23,6,14,8,1,86,158,2,1,3,6,"1, RICHELIEU (RUE DE)",46.63384,0.30182
201400037369,25,6,14,19,1,86,194,2,1,1,2,ROCADE EST (RD 162),0.0,0.0
201400037370,23,6,14,17,1,86,158,1,1,1,4,MOULINET (RUE DE),0.0,0.0
201400037371,3,7,14,7,1,86,194,2,2,1,3,ROCADE OUEST (RD 910),0.0,0.0
201400037372,7,7,14,10,1,86,41,2,3,1,6,TERRAGEAUX (RUE DE),46.60576,0.36927
201400037373,8,7,14,17,1,86,194,1,1,3,6,"93, GENCAY (ROUTE DE)",0.0,0.0
201400037374,11,7,14,12,1,86,158,2,1,1,6,"63, NANTEUIL (RUE DE)",46.63403,0.33031
201400037375,12,7,14,0,3,86,194,1,1,1,6,ROCADE OUEST (RD 910),0.0,0.0
201400037376,22,7,14,15,1,86,194,2,3,1,1,JEAN ALEXANDRE (RUE),46.57781,0.3428
201400037377,22,7,14,17,1,86,194,2,6,1,3,"., FAUBOURG SAINT CYPRIE",46.56714,0.34418
201400037378,23,7,14,16,1,86,194,2,3,1,6,RENE DESCARTES (RUE),46.58577,0.34215
201400037379,26,7,14,17,1,86,41,2,1,1,6,ECOLES (RUE DES),46.59651,0.35189
201400037380,27,7,14,8,1,86,157,1,1,1,5,RN 147,0.0,0.0
201400037381,27,7,14,18,1,86,194,2,1,1,6,"3, RHIN ET DANUBE (AVENU",46.56469,0.33809
201400037382,29,7,14,14,1,86,158,2,3,1,1,CENTRE (RUE DU),46.62358,0.31613
201400037383,30,7,14,18,1,86,194,2,1,1,2,"., LAFAYETTE (AVENUE DE)",0.0,0.0
201400037384,5,8,14,14,1,86,194,2,2,1,3,11 NOVEMBRE (AVENUE DU),0.0,0.0
201400037385,5,8,14,17,1,86,194,2,1,1,6,A REGULARISER,0.0,0.0
201400037386,6,8,14,17,1,86,194,2,1,1,7,"144, PARIS (AVENUE DE)",0.0,0.0
201400037387,6,8,14,18,1,86,194,2,2,1,3,LE PELETIER (AVENUE),0.0,0.0
201400037388,10,8,14,19,1,86,194,2,1,1,6,"., JEANNE D'ARC (BOULEVA",0.0,0.0
201400037389,18,8,14,16,1,86,157,1,3,1,4,RN 147,0.0,0.0
201400037390,19,8,14,10,1,86,88,1,1,1,6,RN.10,0.0,0.0
201400037391,19,8,14,22,5,86,194,2,1,1,2,"15, DIEUDONNE COSTES (RU",0.0,0.0
201400037392,22,8,14,10,1,86,194,2,2,1,3,"., VOUNEUIL (RUE DE)",0.0,0.0
201400037393,22,8,14,12,1,86,194,2,3,1,3,"., TISON (BOULEVARD)",0.0,0.0
201400037394,23,8,14,19,1,86,194,2,1,1,4,ROCADE EST (RD 162),0.0,0.0
201400037395,24,8,14,9,1,86,157,1,1,1,6,RN 147,0.0,0.0
201400037396,29,8,14,7,1,86,194,1,2,1,3,ROCADE OUEST (RD 910),0.0,0.0
201400037397,29,8,14,11,1,86,194,2,6,1,3,VICTOR SCHOELCHER (RUE),0.0,0.0
201400037398,29,8,14,12,1,86,194,2,2,1,3,"., SALVADOR ALLENDE (RUE",0.0,0.0
201400037399,29,8,14,16,1,86,194,2,1,1,6,"1, VALLEE MONNAIE (RUE D",0.0,0.0
201400037400,29,8,14,18,1,86,41,1,2,1,3,VALLEE (ROUTE DE LA),0.0,0.0
201400037401,31,8,14,17,1,86,194,2,2,1,3,"., BARA (RUE)",46.58547,0.3747
201400037402,2,9,14,9,1,86,194,2,1,1,4,ROCADE OUEST (RD 910),0.0,0.0
201400037403,4,9,14,12,1,86,194,2,2,1,3,NANTES (AVENUE DE),46.59252,0.32864
201400037404,6,9,14,14,1,86,157,1,2,1,3,NOUAILLE (ROUTE DE),0.0,0.0
201400037405,6,9,14,14,1,86,194,2,2,1,3,"19, GRIGNON DE MONTFORT",46.5895,0.34225
201400037406,7,9,14,2,5,86,194,2,1,1,7,COURS (PROMENADE DES),0.0,0.0
201400037407,10,9,14,11,1,86,194,2,2,1,3,11 NOVEMBRE (AVENUE DU),0.0,0.0
201400037408,11,9,14,8,1,86,194,2,3,7,3,"., DIGUE (BOULEVARD DE L",46.58183,0.35925
201400037409,12,9,14,11,1,86,194,1,2,1,6,BIGNOUX (RUE DE),0.0,0.0
201400037410,12,9,14,23,3,86,157,1,1,1,6,RN 147,0.0,0.0
201400037411,17,9,14,18,1,86,194,2,3,1,6,"., JACQUES COEUR (AVENUE",46.56703,0.37636
201400037412,18,9,14,21,5,86,133,1,1,1,6,"1, Avenue de la Plage.",0.0,0.0
201400037413,20,9,14,21,3,86,158,1,1,8,6,RD 30,0.0,0.0
201400037414,21,9,14,6,2,86,194,2,3,1,4,11 NOVEMBRE (AVENUE DU),0.0,0.0
201400037415,22,9,14,6,2,86,194,2,2,1,3,ROCADE OUEST (RD 910),0.0,0.0
201400037416,23,9,14,7,1,86,194,2,1,1,3,"71, FAUBOURG PONT NEUF (",0.0,0.0
201400037417,24,9,14,4,5,86,194,2,1,1,6,ROCADE EST (RD 162),0.0,0.0
201400037418,25,9,14,12,1,86,194,2,1,1,2,"4, CUEILLE MIREBALAISE (",0.0,0.0
201400037419,26,9,14,3,5,86,194,2,1,1,6,"94, GRAND RUE (RUE)",0.0,0.0
201400037420,26,9,14,9,1,86,41,2,1,1,3,"7, HIPPOLYTE VERON (RUE)",0.0,0.0
201400037421,27,9,14,7,2,86,194,1,1,1,1,ROCADE OUEST (RD 910),0.0,0.0
201400037422,27,9,14,9,1,86,41,1,1,1,2,RN 147 BUXEROLLES,0.0,0.0
201400037423,27,9,14,18,1,86,41,2,2,1,6,"10, HOTEL DE VILLE (RUE",46.59835,0.3521
201400037424,28,9,14,1,5,86,194,2,1,1,6,"137, QUATRE ROUES (RUE D",46.5885,0.35044
201400037425,28,9,14,2,3,86,158,2,1,1,6,"35, DANIEL MESMAINS (RUE",46.63664,0.31229
201400037426,29,9,14,9,1,86,194,2,6,2,1,"., MOZART (AVENUE)",46.56175,0.37363
201400037427,1,10,14,15,1,86,194,2,2,1,1,RAOUL FOLLEREAU (RUE),46.56726,0.38785
201400037428,3,10,14,7,1,86,194,2,1,1,6,"187, NANTES (AVENUE DE)",46.58555,0.33037
201400037429,6,10,14,13,1,86,194,1,1,2,2,"49, LIBERATION (AVENUE D",46.57062,0.32464
201400037430,6,10,14,20,5,86,194,2,1,6,6,COIMBRA (PLACE DE),46.58894,0.3601
201400037431,8,10,14,14,1,86,194,2,6,1,2,LAFAYETTE (AVENUE DE),46.57636,0.37432
201400037432,11,10,14,13,1,86,194,2,1,1,6,"0, NELSON MANDELA (RUE)",46.58756,0.37434
201400037433,13,10,14,8,1,86,194,2,3,1,2,ROCADE EST (RD 162),0.0,0.0
201400037434,13,10,14,17,1,86,214,2,2,1,2,ROCADE SUD EST (RD 162),0.0,0.0
201400037435,16,10,14,14,1,86,194,2,1,1,3,"31, CUEILLE MIREBALAISE",46.5942,0.33347
201400037436,18,10,14,10,1,86,41,2,1,1,2,"2, AMANDIERS (AVENUE DES",46.5994,0.34367
201400037437,23,10,14,12,1,86,194,2,1,1,2,"., CHASSEIGNE (BOULEVARD",46.58959,0.3464
201400037438,23,10,14,17,1,86,158,2,1,1,1,RUE DE POITIERS JARDLAND,46.61954,0.31121
201400037439,24,10,14,13,1,86,194,2,3,1,3,"., MARECHAL DE LATTRE DE",46.58772,0.34903
201400037440,24,10,14,22,5,86,214,2,1,1,6,"26, FLEE (LIEU DIT)",0.0,0.0
201400037441,26,10,14,18,1,86,194,2,1,1,3,"., NORTHAMPTON (AVENUE D",46.5785,0.3789
201400037442,25,10,14,22,5,86,194,2,2,1,3,"., Route de Parthenay",0.0,0.0
201400037443,28,10,14,19,5,86,194,2,3,1,6,"., DIGUE (BOULEVARD DE L",46.58196,0.35521
201400037444,29,10,14,15,1,86,157,2,2,1,5,RN 147,0.0,0.0
201400037445,29,10,14,18,1,86,41,2,1,1,6,"23, CHARLES DE GAULLE (A",46.59876,0.36131
201400037446,3,11,14,7,1,86,194,2,1,1,6,"24, HOCHE (AVENUE)",0.0,0.0
201400037447,3,11,14,17,5,86,194,2,1,2,6,"65, JOHN KENNEDY (AVENUE",0.0,0.0
201400037448,4,11,14,21,5,86,194,2,1,1,6,"., RENE CASSIN (BOULEVAR",0.0,0.0
201400037449,5,11,14,8,1,86,194,2,2,1,6,"77, PONT ACHARD (BOULEVA",0.0,0.0
201400037450,5,11,14,8,1,86,194,2,1,1,6,IAROSLAV (AVENUE DE),0.0,0.0
201400037451,6,11,14,9,1,86,194,2,3,1,1,"121, MONTBERNAGE (RUE DE",0.0,0.0
201400037452,8,11,14,18,5,86,194,2,2,1,1,PARTHENAY (Rte de) (RD 3,0.0,0.0
201400037453,10,11,14,7,1,86,194,2,1,1,3,"10, PARIS (AVENUE DE)",0.0,0.0
201400037454,10,11,14,18,3,86,158,1,1,1,6,MOULINET (LIEU DIT),0.0,0.0
201400037455,14,11,14,13,1,86,194,2,1,2,6,"., LAFAYETTE (AVENUE DE)",0.0,0.0
201400037456,14,11,14,13,1,86,194,2,1,2,6,"0, ANDRE MALRAUX (VOIE)",0.0,0.0
201400037457,16,11,14,10,1,86,158,1,1,1,7,RN.149,0.0,0.0
201400037458,16,11,14,15,1,86,194,2,1,1,4,"249, NANTES (AVENUE DE)",0.0,0.0
201400037459,17,11,14,19,5,86,194,2,1,2,3,"13, PONT SAINT CYPRIEN (",0.0,0.0
201400037460,24,11,14,18,3,86,194,1,1,2,3,RN 147,0.0,0.0
201400037461,26,11,14,8,5,86,194,2,3,1,3,"., HENRI DUNANT (RUE)",0.0,0.0
201400037462,26,11,14,10,1,86,41,2,1,1,6,"33, PIC VERT (RUE DU)",0.0,0.0
201400037463,26,11,14,20,5,86,194,2,1,1,6,ANTOINE PARMENTIER (ALLE,46.57354,0.37143
201400037464,28,11,14,18,5,86,194,2,1,1,3,ROBERT SCHUMAN (AVENUE),0.0,0.0
201400037465,28,11,14,20,5,86,194,2,3,1,3,"0, NANTES (AVENUE DE)",0.0,0.0
201400037466,30,11,14,1,3,86,158,1,1,1,6,RD 30,0.0,0.0
201400037467,2,12,14,19,5,86,157,2,1,2,6,"229, NOUAILLE (ROUTE DE)",0.0,0.0
201400037468,3,12,14,6,5,86,194,2,1,8,2,"., 8 MAI 1945 (AVENUE DU",0.0,0.0
201400037469,4,12,14,18,3,86,41,2,3,2,6,ROMAINE (VOIE),46.5949,0.35572
201400037470,6,12,14,13,1,86,194,2,1,1,3,"1, PROVIDENCE (RUE DE LA",46.56368,0.36657
201400037471,9,12,14,7,3,86,214,2,1,9,6,"., ROCADE SUD EST (RD 16",0.0,0.0
201400037472,9,12,14,7,3,86,133,1,1,9,6,POIRE (CHEMIN LE)),0.0,0.0
201400037473,9,12,14,7,5,86,194,2,1,9,7,"., JEAN DE BERRY (PLACE)",0.0,0.0
201400037474,9,12,14,8,2,86,214,2,1,9,6,"., LORCH (AVENUE DE)",0.0,0.0
201400037475,9,12,14,9,1,86,194,2,1,1,7,JOHN KENNEDY (AVENUE),0.0,0.0
201400037476,9,12,14,18,5,86,194,2,2,1,5,ROCADE OUEST (RD 910),0.0,0.0
201400037477,12,12,14,20,3,86,214,2,1,2,6,ROCADE SUD EST (RD 162),0.0,0.0
201400037478,11,12,14,20,3,86,214,1,1,2,4,ROCADE SUD EST (RD 162),0.0,0.0
201400037479,14,12,14,7,2,86,194,2,1,2,6,"105, GRAND CERF (BOULEVA",46.58317,0.33511
201400037480,14,12,14,9,1,86,194,2,1,2,6,ROCADE OUEST (RD 910),0.0,0.0
201400037481,15,12,14,9,1,86,194,2,1,1,6,"93, PORTEAU (RUE DU)",0.0,0.0
201400037482,16,12,14,9,1,86,194,2,1,1,6,ANDRE MALRAUX (VOIE),0.0,0.0
201400037483,18,12,14,21,5,86,194,2,1,2,4,"40, FAUBOURG PONT NEUF (",46.57595,0.35379
201400037484,20,12,14,5,3,86,157,1,1,1,2,"1617, CHAUVIGNY (ROUTE D",46.56296,0.41477
201400037485,21,12,14,6,3,86,41,1,1,1,6,RN 147 BUXEROLLES,0.0,0.0
201400037486,22,12,14,11,1,86,194,2,1,1,6,JOHN KENNEDY (AVENUE),0.0,0.0
201400037487,23,12,14,17,5,86,194,2,1,1,3,"8, LATTRE DE TASSIGNY (B",46.58462,0.35134
201400037488,25,12,14,18,3,86,157,2,3,1,3,RN 147,0.0,0.0
201400037489,31,12,14,12,1,86,194,2,1,1,2,"29/31, PAUL VERLAINE (RU",46.56736,0.35929
201400037490,2,1,14,12,1,87,85,1,1,1,7,AUTOROUTE A20,0.0,0.0
201400037491,7,1,14,18,5,87,85,2,1,1,6,"03, CHURCHILL WINSTON (P",0.0,0.0
201400037492,8,1,14,14,1,87,85,2,1,1,6,"15, CLOS SAINTE MARIE (R",0.0,0.0
201400037493,10,1,14,16,1,87,50,2,1,1,5,"0, MOULIN (ALLEE JEAN)",0.0,0.0
201400037494,12,1,14,11,1,87,85,2,2,1,1,"02, RESISTANCE LIMOUSINE",0.0,0.0
201400037495,13,1,14,17,1,87,85,2,1,1,6,PALAIS (ROUTE DU),0.0,0.0
201400037496,13,1,14,17,1,87,85,2,1,1,6,"75, LABUSSIERE (AVENUE E",0.0,0.0
201400037497,13,1,14,15,1,87,113,2,3,1,3,"0, BOURNAZEAU (LE)",0.0,0.0
201400037498,14,1,14,16,1,87,85,2,3,1,3,"0, CASSEAUX (AVE DES) (V",0.0,0.0
201400037499,14,1,14,17,5,87,85,2,1,1,6,"1, MARCONI (AVENUE)",0.0,0.0
201400037500,16,1,14,5,3,87,85,1,1,2,6,AUTOROUTE A20,0.0,0.0
201400037501,17,1,14,18,5,87,85,2,1,1,6,"253, DUTREIX (RUE ARMAND",0.0,0.0
201400037502,17,1,14,16,1,87,85,2,1,1,6,PORT DU NAVEIX (RUE DU),0.0,0.0
201400037503,22,1,14,7,2,87,85,1,1,1,4,AUTOROUTE A20,0.0,0.0
201400037504,22,1,14,9,1,87,85,2,2,1,5,"67, LECLERC (AVENUE DU G",0.0,0.0
201400037505,22,1,14,16,1,87,85,2,1,2,2,"221 ter, LECLERC (AVENUE",0.0,0.0
201400037506,23,1,14,9,1,87,85,2,1,2,6,"22, VIGNERAS (RUE PAUL)",0.0,0.0
201400037507,24,1,14,7,2,87,75,2,1,2,3,RD79,0.0,0.0
201400037508,25,1,14,12,1,87,85,2,2,2,6,"332, BRIAND (RUE ARISTID",0.0,0.0
201400037509,26,1,14,20,5,87,85,2,1,2,6,"115, LATTRE-DE-TASSIGNY",0.0,0.0
201400037510,28,1,14,8,1,87,85,1,1,2,4,AUTOROUTE A20,0.0,0.0
201400037511,30,1,14,7,5,87,85,2,1,2,6,"26, RUCHOUX (AVENUE DES)",0.0,0.0
201400037512,30,1,14,17,1,87,113,2,1,1,3,"06, JAURES (RUE JEAN)",0.0,0.0
201400037513,1,2,14,22,5,87,85,2,1,1,6,"1, PERIN (BOULEVARD GEOR",0.0,0.0
201400037514,5,2,14,8,2,87,85,2,1,2,6,"13, CERAMIQUE (RUE DE LA",0.0,0.0
201400037515,7,2,14,19,5,87,85,2,1,2,3,"65, PERRIN (RUE FRANCOIS",0.0,0.0
201400037516,9,2,14,14,1,87,85,2,3,2,3,"46, ISLE (RUE D')",0.0,0.0
201400037517,10,2,14,13,1,87,85,2,2,2,6,"149, VANTEAUX (BOULEVARD",0.0,0.0
201400037518,10,2,14,12,1,87,85,2,1,2,6,"101, MONTJOVIS (AVENUE)",0.0,0.0
201400037519,10,2,14,19,5,87,85,2,2,1,3,"0, STALINGRAD (PLACE)",0.0,0.0
201400037520,12,2,14,19,5,87,85,2,3,2,3,"23, MAUVENDIERE (RUE DE",0.0,0.0
201400037521,13,2,14,6,5,87,85,2,1,2,6,"07, BEAUBREUIL (PLACE DE",0.0,0.0
201400037522,15,2,14,8,1,87,48,1,1,2,6,"0, NEXON (ROUTE DE)",0.0,0.0
201400037523,15,2,14,12,1,87,114,1,1,1,6,"3, PUY MOULINIER - LIEU",0.0,0.0
201400037524,15,2,14,18,5,87,85,2,1,1,6,"71, GARIBALDI (AVENUE)",0.0,0.0
201400037525,16,2,14,15,1,87,85,1,1,2,6,AUTOROUTE A20,0.0,0.0
201400037526,17,2,14,8,1,87,85,1,1,1,4,"38, RD941 (OUEST)",0.0,0.0
201400037527,18,2,14,16,1,87,85,2,1,1,6,"14, BUXEROLLES (RUE DE)",0.0,0.0
201400037528,19,2,14,17,1,87,50,2,1,1,2,"66, RN 147",0.0,0.0
201400037529,20,2,14,11,1,87,85,2,3,1,3,"0, PONT NEUF",0.0,0.0
201400037530,22,2,14,11,1,87,85,2,3,1,6,"3, CHARPENTIER (RUE)",0.0,0.0
201400037531,24,2,14,8,1,87,85,2,1,1,3,"416, TOULOUSE (RUE DE)",0.0,0.0
201400037532,24,2,14,12,1,87,85,2,2,1,6,"1, BLANC LOUIS (BOULEVAR",0.0,0.0
201400037533,26,2,14,8,1,87,85,2,1,2,6,"86, LECLERC (AVENUE DU G",0.0,0.0
201400037534,26,2,14,17,1,87,85,2,1,1,4,"0, FERRER (RUE FRANCISCO",0.0,0.0
201400037535,5,3,14,12,1,87,85,2,1,1,6,"32, FABRE EGLANTINE (ALL",0.0,0.0
201400037536,6,3,14,12,1,87,85,2,1,1,1,"15, ROUSSEAU (RUE JEAN J",0.0,0.0
201400037537,8,3,14,14,1,87,85,2,3,1,5,"267, PERRIN (RUE FRANCOI",0.0,0.0
201400037538,11,3,14,6,2,87,85,2,1,1,6,"42, LATTRE-DE-TASSIGNY (",0.0,0.0
201400037539,11,3,14,8,1,87,85,2,1,1,4,"10, BEAUBLANC (BOULEVARD",0.0,0.0
201400037540,13,3,14,10,1,87,85,2,1,1,3,"245, TOULOUSE (RUE DE)",0.0,0.0
201400037541,13,3,14,14,1,87,85,2,1,1,6,"35, SERRES (RUE OLIVIER",0.0,0.0
201400037542,13,3,14,17,1,87,85,2,1,1,2,"95, VIGENAL (BOULEVARD D",0.0,0.0
201400037543,14,3,14,8,1,87,85,2,1,1,6,"23, JOFFRE (RUE DU MAREC",0.0,0.0
201400037544,14,3,14,14,1,87,85,2,1,1,3,"22, CASSEAUX (AVE DES) (",0.0,0.0
201400037545,16,3,14,16,1,87,85,2,1,1,6,"142, NEXON (RUE DE)",0.0,0.0
201400037546,15,3,14,13,1,87,85,2,3,1,2,"149, VANTEAUX (BOULEVARD",0.0,0.0
201400037547,18,3,14,7,1,87,50,2,1,1,3,"143, LIMOGES (AVENUE DE)",0.0,0.0
201400037548,18,3,14,7,1,87,50,2,2,1,3,RN 147,0.0,0.0
201400037549,18,3,14,12,1,87,85,2,1,1,6,"0, BUXEROLLES (RUE DE)",0.0,0.0
201400037550,19,3,14,11,1,87,85,2,1,1,6,"59, SEMARD (RUE PIERRE)",0.0,0.0
201400037551,19,3,14,17,1,87,113,2,3,1,3,"0, BRIAND (AVENUE ARISTI",0.0,0.0
201400037552,21,3,14,1,5,87,85,2,1,2,6,"11, FONTAUBERT (RUE DE)",0.0,0.0
201400037553,22,3,14,19,1,87,85,2,7,1,3,"13, JOURDAN (PLACE)",0.0,0.0
201400037554,23,3,14,17,1,87,85,2,3,1,3,"0, SCHUMAN (BOULEVARD RO",0.0,0.0
201400037555,24,3,14,6,5,87,85,2,1,1,6,"0, BROGLIE (AVENUE LOUIS",0.0,0.0
201400037556,24,3,14,17,1,87,85,2,1,1,6,"40, GAMBETTA (BOULEVARD)",0.0,0.0
201400037557,26,3,14,17,1,87,85,2,2,1,6,"02, LE BAIL (RUE JEAN)",0.0,0.0
201400037558,29,3,14,16,1,87,85,2,3,1,3,"09, GIFFARD (RUE HENRI)",0.0,0.0
201400037559,30,3,14,7,5,87,85,2,2,1,6,"0, CHURCHILL WINSTON (PL",0.0,0.0
201400037560,31,3,14,7,1,87,65,1,1,1,6,AUTOROUTE A20,0.0,0.0
201400037561,1,4,14,18,1,87,85,2,1,1,6,"78, CHENIEUX (RUE FRANCO",0.0,0.0
201400037562,3,4,14,12,1,87,85,2,1,2,3,"26, CHINCHAUVAUD (RUE DU",0.0,0.0
201400037563,3,4,14,19,1,87,85,2,1,1,6,"40, GARIBALDI (AVENUE)",0.0,0.0
201400037564,3,4,14,19,2,87,85,2,3,1,3,"74, GRAND-TREUIL (RUE DU",0.0,0.0
201400037565,5,4,14,22,5,87,85,2,2,1,3,"37, PETINIAUD BEAUPEYRAT",0.0,0.0
201400037566,9,4,14,8,1,87,85,2,3,1,3,"13, JOURDAN (COURS)",0.0,0.0
201400037567,9,4,14,12,1,87,65,2,3,1,2,"19, PLAISANCE (RUE DE)",0.0,0.0
201400037568,9,4,14,17,1,87,85,2,1,1,6,"0, CATROUX (RUE DU GENER",0.0,0.0
201400037569,10,4,14,9,1,87,114,2,1,1,1,"02, BETOULLE (AVENUE LEO",0.0,0.0
201400037570,13,4,14,10,1,87,85,2,1,1,1,"60, MONTJOVIS (AVENUE)",0.0,0.0
201400037571,13,4,14,11,1,87,85,1,3,1,3,"0, BROGLIE (AVENUE LOUIS",0.0,0.0
201400037572,15,4,14,18,1,87,85,2,9,1,3,"01, MICHAUD (RUE EDOUARD",0.0,0.0
201400037573,15,4,14,19,1,87,85,2,2,1,3,"0, SABLARD (AVENUE DE)",0.0,0.0
201400037574,16,4,14,8,1,87,85,2,9,1,3,"400, RUE DE TOULOUSE",0.0,0.0
201400037575,16,4,14,9,1,87,85,2,1,1,6,"20, MAUVENDIERE (RUE DE",0.0,0.0
201400037576,16,4,14,12,1,87,85,2,3,1,3,"11, ALSACE LORRAINE (RUE",0.0,0.0
201400037577,16,4,14,17,1,87,85,2,2,1,3,"106, RUBEN (AVENUE ERNES",0.0,0.0
201400037578,17,4,14,7,1,87,85,2,2,1,2,"0, FOUGERAS (RUE DE)",0.0,0.0
201400037579,18,4,14,23,5,87,85,2,1,1,6,"105, BAC (RUE THEODORE)",0.0,0.0
201400037580,19,4,14,19,1,87,85,2,1,1,5,"227, LECLERC (AVENUE DU",0.0,0.0
201400037581,20,4,14,11,1,87,85,2,1,1,6,"75, THOMAS (AVENUE ALBER",0.0,0.0
201400037582,22,4,14,15,1,87,85,2,1,1,6,"252, LECLERC (AVENUE DU",0.0,0.0
201400037583,22,4,14,16,1,87,85,2,3,1,3,"101, BRIAND (RUE ARISTID",0.0,0.0
201400037584,23,4,14,12,1,87,85,2,1,1,6,"37, DUMAS (AVENUE GEORGE",0.0,0.0
201400037585,23,4,14,19,1,87,85,2,1,2,2,"22, LATTRE-DE-TASSIGNY (",0.0,0.0
201400037586,24,4,14,19,1,87,85,2,2,2,3,"0, MICHAUD (RUE EDOUARD)",0.0,0.0
201400037587,26,4,14,1,5,87,85,2,1,2,1,"22, LEGENDRE (RUE CHARLE",0.0,0.0
201400037588,26,4,14,12,1,87,85,2,3,2,3,"01, JAMOT (RUE EUGENE)",0.0,0.0
201400037589,26,4,14,20,1,87,85,2,1,2,6,"05, SABLARD (AVENUE DE)",0.0,0.0
201400037590,27,4,14,19,1,87,85,1,1,2,6,AUTOROUTE A20,0.0,0.0
201400037591,28,4,14,11,1,87,50,2,1,2,3,"02, LIMOGES (AVENUE DE)",0.0,0.0
201400037592,29,4,14,20,2,87,85,2,3,3,6,"02, PETITES CARMES (BOUL",0.0,0.0
201400037593,30,4,14,18,1,87,85,2,3,1,3,"12, GAY-LUSSAC (COURS)",0.0,0.0
201400037594,30,4,14,19,1,87,85,2,1,1,2,"11, CEREZ (RUE DU GENERA",0.0,0.0
201400037595,2,5,14,9,1,87,85,2,1,2,2,"33, APPERT (RUE NICOLAS)",0.0,0.0
201400037596,3,5,14,17,1,87,85,2,3,1,3,"51, PISSARO (RUE CAMILLE",0.0,0.0
201400037597,4,5,14,13,5,87,85,2,3,1,6,"57, MONTMAILLER (RUE)",0.0,0.0
201400037598,5,5,14,17,1,87,85,2,2,1,3,"25, MONTEGUT (RUE EMILE)",0.0,0.0
201400037599,7,5,14,7,1,87,85,2,2,1,6,"0, MONNET (RUE JEAN)",0.0,0.0
201400037600,7,5,14,15,1,87,85,2,1,1,6,"23, ARGENTIERS (RUE DES)",0.0,0.0
201400037601,7,5,14,16,1,87,85,2,3,1,3,"273, PERRIN (RUE FRANCOI",0.0,0.0
201400037602,8,5,14,20,1,87,85,2,1,1,6,"28, GARIBALDI (AVENUE)",0.0,0.0
201400037603,12,5,14,13,1,87,85,2,2,2,3,"32, BAUDIN ( AVENUE) (VC",0.0,0.0
201400037604,16,5,14,16,1,87,85,2,1,1,6,"2bis, PETINIAUD BEAUPEYR",0.0,0.0
201400037605,19,5,14,8,1,87,85,2,1,2,4,"27, BEL AIR (BOULEVARD D",0.0,0.0
201400037606,20,5,14,17,1,87,85,2,3,1,3,"19, LECLERC (AVENUE DU G",0.0,0.0
201400037607,22,5,14,0,5,87,85,2,1,2,6,"0, VALOINE (BOULEVARD DE",0.0,0.0
201400037608,22,5,14,16,1,87,85,2,2,1,3,VANTEAUX (BOULEVARD DE),0.0,0.0
201400037609,23,5,14,7,1,87,50,1,2,1,6,"104, RD947",0.0,0.0
201400037610,25,5,14,6,2,87,85,2,2,2,3,"26, PALMIERS (RUE DES)",0.0,0.0
201400037611,25,5,14,16,1,87,75,2,2,2,3,"0, ARAGON (AVENUE LOUIS)",0.0,0.0
201400037612,26,5,14,12,1,87,85,2,3,2,4,SCHUMAN (BOULEVARD ROBER,0.0,0.0
201400037613,27,5,14,20,2,87,85,2,3,1,3,"367, TOULOUSE (RUE DE)",0.0,0.0
201400037614,30,5,14,14,1,87,85,2,3,1,2,"158, VANTEAUX (BOULEVARD",0.0,0.0
201400037615,30,5,14,22,5,87,85,2,2,1,3,"85, LOUYAT (AVENUE DE)",0.0,0.0
201400037616,31,5,14,21,1,87,85,2,3,1,6,"02, PETINIAUD BEAUPEYRAT",0.0,0.0
201400037617,2,6,14,13,1,87,85,2,1,1,2,"11, LEBON (RUE PHILIPPE)",0.0,0.0
201400037618,2,6,14,17,1,87,85,2,1,1,3,"12, PAGUENAUD (RUE JEAN-",0.0,0.0
201400037619,4,6,14,8,1,87,85,2,3,2,3,"83, LATTRE-DE-TASSIGNY (",0.0,0.0
201400037620,4,6,14,11,1,87,85,2,1,2,6,"09, ERMITAGE (RUE DE L')",0.0,0.0
201400037621,4,6,14,11,1,87,85,2,2,2,2,"275, DUTREIX (RUE ARMAND",0.0,0.0
201400037622,5,6,14,18,1,87,65,1,1,1,2,VALIN (AVENUE MARTIAL),0.0,0.0
201400037623,5,6,14,18,1,87,85,2,3,1,2,"01, MAS-BOUYOL  (CITE ET",0.0,0.0
201400037624,6,6,14,20,1,87,85,2,3,1,3,"32, CHURCHILL WINSTON (P",0.0,0.0
201400037625,8,6,14,19,1,87,85,2,1,1,6,"30, GAY-LUSSAC (COURS)",0.0,0.0
201400037626,10,6,14,8,1,87,85,2,3,1,6,"42, LATTRE-DE-TASSIGNY (",0.0,0.0
201400037627,10,6,14,13,1,87,85,2,1,1,6,"25, DORGELES (AVENUE ROL",0.0,0.0
201400037628,10,6,14,20,1,87,65,2,1,1,6,PAGNOL (AVENUE MARCEL-),0.0,0.0
201400037629,11,6,14,15,1,87,114,2,3,1,3,"31, LEYSSENE (JOSEPH-)",0.0,0.0