Num_Acc,jour,mois,an,hr,condition_eclairage,departement,commune,condition_agglomeration,intersection,condition_atmosphere,type_collision,adresse,lattitude,longitude
201400037630,12,6,14,8,1,87,65,2,9,1,3,RD979,0.0,0.0
201400037631,12,6,14,16,1,87,65,2,3,1,3,"0, LEGRAND (RUE FREDERIC",0.0,0.0
201400037632,12,6,14,16,1,87,85,2,1,1,6,"19, FEYTIAT (RUE DE)",0.0,0.0
201400037633,14,6,14,17,1,87,85,1,3,1,2,"21, MOCQUET(RUE GUY)",0.0,0.0
201400037634,15,6,14,19,1,87,85,2,1,1,6,"70, BAUDIN ( AVENUE) (VC",0.0,0.0
201400037635,16,6,14,13,1,87,85,2,1,1,6,"14, PUY IMBERT (RUE DU)",0.0,0.0
201400037636,17,6,14,8,1,87,85,2,3,1,3,"65, BEAUPUY (RUE DE)",0.0,0.0
201400037637,17,6,14,12,1,87,85,2,3,1,5,"104, RUCHOUX (AVENUE DES",0.0,0.0
201400037638,19,6,14,8,1,87,85,2,3,1,2,REYNIE (RUE DE LA),0.0,0.0
201400037639,19,6,14,16,1,87,50,1,2,1,5,"0, MONTIN (ROUTE DU)",0.0,0.0
201400037640,22,6,14,18,1,87,85,1,1,1,5,AUTOROUTE A20,0.0,0.0
201400037641,24,6,14,17,1,87,85,2,1,1,2,"18, CONSULAT (RUE DU)",0.0,0.0
201400037642,24,6,14,18,1,87,85,2,1,1,6,VIGENAL (BOULEVARD DU),0.0,0.0
201400037643,24,6,14,22,2,87,85,2,1,1,6,"49, GARIBALDI (AVENUE)",0.0,0.0
201400037644,28,6,14,12,1,87,85,2,1,1,6,"0, CHURCHILL WINSTON (PL",0.0,0.0
201400037645,30,6,14,18,1,87,85,2,2,1,3,"11, COMTE (RUE AUGUSTE)",0.0,0.0
201400037646,1,7,14,11,1,87,85,2,1,1,3,"33, MICHAUD (RUE EDOUARD",0.0,0.0
201400037647,1,7,14,16,1,87,85,2,1,1,6,"22, NORIAC (RUE JULES)",0.0,0.0
201400037648,1,7,14,16,1,87,85,2,1,1,6,"0, KING (AVENUE MARTIN L",0.0,0.0
201400037649,2,7,14,7,1,87,85,2,1,1,4,"145, FEYTIAT (RUE DE)",0.0,0.0
201400037650,5,7,14,20,1,87,85,2,1,1,6,"67, SABLARD (AVENUE DE)",0.0,0.0
201400037651,7,7,14,9,1,87,85,2,2,1,6,"55, GAMBETTA (BOULEVARD)",0.0,0.0
201400037652,7,7,14,11,1,87,85,2,2,1,3,"11, AQUITAINE (RUE D')",0.0,0.0
201400037653,8,7,14,16,1,87,85,2,1,1,3,"0, BASTIAT (RUE FREDERIC",0.0,0.0
201400037654,9,7,14,12,1,87,114,2,3,1,3,"0, JAURES (AVENUE JEAN-)",0.0,0.0
201400037655,10,7,14,17,1,87,85,2,1,1,6,"0, FOUCAUD (AVENUE)",0.0,0.0
201400037656,12,7,14,20,1,87,85,2,1,1,6,"2, MESSAGER (RUE ANDRE)",0.0,0.0
201400037657,13,7,14,16,1,87,85,1,1,2,6,BELLAC (RUE DE),0.0,0.0
201400037658,15,7,14,16,1,87,85,2,1,2,6,"1, CEREZ (RUE DU GENERAL",0.0,0.0
201400037659,16,7,14,10,1,87,85,1,1,1,6,"0, GROSSEREIX (ROND POIN",0.0,0.0
201400037660,16,7,14,16,1,87,85,2,3,1,3,ALLENDE (QUAI SALVADOR),0.0,0.0
201400037661,16,7,14,20,1,87,85,2,1,1,6,"0, JOFFRE (RUE DU MARECH",0.0,0.0
201400037662,17,7,14,10,1,87,85,2,1,1,6,"10, DUPUYTREN (RUE)",0.0,0.0
201400037663,18,7,14,8,1,87,85,2,1,1,6,"2 Ter, PALISSY (RUE BERN",0.0,0.0
201400037664,19,7,14,11,1,87,85,1,1,1,6,RD914,0.0,0.0
201400037665,20,7,14,10,1,87,114,1,1,1,6,"4, LIEVRES (ROUTE DES)",0.0,0.0
201400037666,21,7,14,9,1,87,85,2,2,1,3,"5, JAURES (RUE JEAN)",0.0,0.0
201400037667,21,7,14,14,1,87,85,2,1,1,2,BORIE (BOULEVARD DE LA),0.0,0.0
201400037668,22,7,14,18,1,87,85,1,1,1,6,AUTOROUTE A20,0.0,0.0
201400037669,22,7,14,20,1,87,85,2,2,1,3,ALLENDE (QUAI SALVADOR),0.0,0.0
201400037670,23,7,14,0,5,87,114,2,1,1,3,"2, MONNET (AVENUE JEAN-)",0.0,0.0
201400037671,25,7,14,11,1,87,85,2,2,1,3,MAS-BOUYOL  (CITE ET BOU,0.0,0.0
201400037672,25,7,14,18,1,87,85,2,3,1,2,"26, THOMAS (AVENUE ALBER",0.0,0.0
201400037673,28,7,14,8,1,87,85,1,1,2,6,AUTOROUTE A20,0.0,0.0
201400037674,28,7,14,11,1,87,85,2,3,1,6,"02, RESISTANCE LIMOUSINE",0.0,0.0
201400037675,28,7,14,16,1,87,85,2,1,1,1,"04, MESSAGER (RUE ANDRE)",0.0,0.0
201400037676,31,7,14,12,1,87,85,2,2,1,6,"0, VALOINE (BOULEVARD DE",0.0,0.0
201400037677,1,8,14,13,1,87,85,2,1,1,3,"160, RUE F. PERRIN",0.0,0.0
201400037678,1,8,14,13,1,87,85,2,1,1,3,"127, PERRIN (RUE FRANCOI",0.0,0.0
201400037679,2,8,14,21,2,87,50,1,2,1,6,"52, RD947",0.0,0.0
201400037680,3,8,14,20,1,87,85,1,1,2,6,AUTOROUTE A20,0.0,0.0
201400037681,4,8,14,12,1,87,114,1,1,1,3,RD941,0.0,0.0
201400037682,4,8,14,15,1,87,85,2,1,1,6,"1, COURAUD (RUE RAYMOND)",0.0,0.0
201400037683,5,8,14,15,1,87,75,1,1,1,1,RN 21,0.0,0.0
201400037684,6,8,14,18,1,87,85,2,1,2,6,"0, VALOINE (BOULEVARD DE",0.0,0.0
201400037685,7,8,14,9,1,87,85,2,3,2,4,"89, FOUGERAS (RUE DE)",0.0,0.0
201400037686,7,8,14,16,1,87,85,2,1,1,3,"93, BAUDIN ( AVENUE) (VC",0.0,0.0
201400037687,8,8,14,13,1,87,85,1,1,2,6,AUTOROUTE A20,0.0,0.0
201400037688,9,8,14,8,1,87,85,2,1,1,6,"10, MICHELS (RUE CHARLES",0.0,0.0
201400037689,10,8,14,14,1,87,75,1,1,2,6,RN 21,0.0,0.0
201400037690,11,8,14,22,5,87,85,2,1,1,6,"184, LANDOUGE (AVENUE DE",0.0,0.0
201400037691,13,8,14,15,1,87,75,2,2,1,6,"0, ARAGON (AVENUE LOUIS)",0.0,0.0
201400037692,14,8,14,16,1,87,85,2,1,2,6,"01, GIFFARD (RUE HENRI)",0.0,0.0
201400037693,14,8,14,19,2,87,85,1,1,1,6,AUTOROUTE A20,0.0,0.0
201400037694,14,8,14,21,1,87,85,2,3,1,3,BORIE (BOULEVARD DE LA),0.0,0.0
201400037695,16,8,14,10,1,87,48,1,1,1,6,CHAMBON (LIEU DIT LE GUE,0.0,0.0
201400037696,18,8,14,12,1,87,85,2,1,1,6,"0, FOCH (RUE DU MARECHAL",0.0,0.0
201400037697,18,8,14,20,1,87,85,2,3,1,3,"1, AINE (PLACE D')",0.0,0.0
201400037698,19,8,14,12,1,87,85,2,1,1,6,"28, GAY-LUSSAC (COURS)",0.0,0.0
201400037699,20,8,14,18,1,87,85,2,1,1,6,VANTEAUX (BOULEVARD DE),0.0,0.0
201400037700,21,8,14,9,1,87,85,2,1,1,6,"180, LANDOUGE (AVENUE DE",0.0,0.0
201400037701,22,8,14,14,1,87,85,1,1,1,2,AUTOROUTE A20,0.0,0.0
201400037702,23,8,14,11,1,87,85,1,1,3,4,AUTOROUTE A20,0.0,0.0
201400037703,23,8,14,13,1,87,50,1,1,1,4,RN520 (COUZEIX),0.0,0.0
201400037704,23,8,14,13,1,87,85,2,1,1,6,"35, NEXON (RUE DE)",0.0,0.0
201400037705,23,8,14,15,1,87,85,2,1,1,6,"0, SAGNES (RUE DES)",0.0,0.0
201400037706,23,8,14,12,1,87,85,2,1,1,6,"78, SAINT MARTIAL (QUAI)",0.0,0.0
201400037707,24,8,14,4,5,87,85,2,1,1,6,"103, FEYTIAT (RUE DE)",0.0,0.0
201400037708,24,8,14,13,1,87,85,2,1,1,2,"47, DUMAS (AVENUE GEORGE",0.0,0.0
201400037709,24,8,14,14,1,87,85,2,1,1,2,"183, BORIE (BOULEVARD DE",0.0,0.0
201400037710,25,8,14,20,1,87,85,2,2,1,3,MAS-BOUYOL  (CITE ET BOU,0.0,0.0
201400037711,27,8,14,14,1,87,85,2,1,1,4,"21, BELLAC (RUE DE)",0.0,0.0
201400037712,27,8,14,16,1,87,85,2,1,1,6,"36, JAURES (RUE JEAN)",0.0,0.0
201400037713,29,8,14,13,1,87,75,2,3,1,3,RN 21,0.0,0.0
201400037714,29,8,14,15,1,87,85,2,1,1,2,"04, BEAUBREUIL (AVENUE D",0.0,0.0
201400037715,30,8,14,12,1,87,85,2,1,1,3,"51, BAUDIN ( AVENUE) (VC",0.0,0.0
201400037716,30,8,14,20,1,87,113,2,1,1,1,"09, MOULIN (AVENUE JEAN)",0.0,0.0
201400037717,1,9,14,10,1,87,85,2,1,1,6,"90, RUCHOUX (AVENUE DES)",0.0,0.0
201400037718,1,9,14,19,1,87,85,2,1,1,6,"0, JOURDAN (PLACE)",0.0,0.0
201400037719,1,9,14,21,5,87,65,2,1,1,1,"0, LEGRAND (RUE FREDERIC",0.0,0.0
201400037720,3,9,14,21,5,87,85,2,1,1,1,"139, DUTREIX (RUE ARMAND",0.0,0.0
201400037721,4,9,14,17,1,87,85,2,1,1,6,"81, PERRIN (RUE FRANCOIS",0.0,0.0
201400037722,5,9,14,15,1,87,85,2,1,1,6,"53, EDISON (RUE)",0.0,0.0
201400037723,6,9,14,11,1,87,113,2,3,1,3,"0, PASTEUR (RUE)",0.0,0.0
201400037724,7,9,14,7,2,87,85,2,1,1,6,"0, CLOUET (RUE)",0.0,0.0
201400037725,8,9,14,17,1,87,85,2,1,1,3,"12, GARIBALDI (AVENUE)",0.0,0.0
201400037726,9,9,14,8,1,87,85,2,3,1,3,"106, RUBEN (AVENUE ERNES",0.0,0.0
201400037727,9,9,14,17,1,87,85,2,1,1,2,"0, BEAUBREUIL (PLACE DE)",0.0,0.0
201400037728,10,9,14,10,1,87,85,2,1,1,6,"11, VENTADOUR (RUE BERNA",0.0,0.0
201400037729,10,9,14,18,1,87,85,2,1,1,6,"65, BASTIE (RUE MARYSE)",0.0,0.0
201400037730,10,9,14,18,1,87,85,2,1,2,6,RD941 (OUEST),0.0,0.0
201400037731,11,9,14,23,5,87,85,2,1,1,3,"30, CASSEAUX (AVE DES) (",0.0,0.0
201400037732,13,9,14,16,1,87,85,2,1,1,6,"29, PORTES FERREES (RUE",0.0,0.0
201400037733,17,9,14,10,1,87,85,2,1,1,6,"69, GARIBALDI (AVENUE)",0.0,0.0
201400037734,17,9,14,16,1,87,85,2,1,1,7,"6, GARIBALDI (AVENUE)",0.0,0.0
201400037735,18,9,14,8,1,87,85,2,3,1,3,"33, DUMAS (AVENUE GEORGE",0.0,0.0
201400037736,22,9,14,14,1,87,85,2,1,1,6,"5, GAMBETTA (BOULEVARD)",0.0,0.0
201400037737,22,9,14,15,1,87,114,2,1,1,6,"01, BLUM (AVENUE LEON-)",0.0,0.0
201400037738,23,9,14,11,1,87,85,2,1,1,3,"42, NEXON (RUE DE)",0.0,0.0
201400037739,25,9,14,10,1,87,85,2,1,1,2,"05, CARNOT (BOULEVARD)",0.0,0.0
201400037740,25,9,14,12,1,87,85,2,1,1,6,"14, CARNOT (BOULEVARD)",0.0,0.0
201400037741,25,9,14,15,1,87,85,2,3,1,3,"31, GIFFARD (RUE HENRI)",0.0,0.0
201400037742,26,9,14,8,1,87,85,2,3,1,3,"120, MONTJOVIS (AVENUE)",0.0,0.0
201400037743,26,9,14,10,1,87,85,2,1,1,6,"05, JAURES (RUE JEAN)",0.0,0.0
201400037744,27,9,14,14,1,87,114,2,3,1,3,PRESSEMANE (AVENUE ADRIE,0.0,0.0
201400037745,27,9,14,19,1,87,48,2,1,1,1,"27, MONTAIGNE (RUE)",0.0,0.0
201400037746,28,9,14,8,1,87,114,2,1,1,6,"39, PUY LA RUE - LIEU DI",0.0,0.0
201400037747,29,9,14,9,1,87,85,1,1,2,6,AUTOROUTE A20,0.0,0.0
201400037748,29,9,14,8,1,87,85,2,1,3,4,"0, VALOINE (BOULEVARD DE",0.0,0.0
201400037749,30,9,14,10,1,87,85,2,1,1,6,"28, LECLERC (AVENUE DU G",0.0,0.0
201400037750,1,10,14,7,2,87,85,2,1,5,6,"91, LEGENDRE (RUE CHARLE",0.0,0.0
201400037751,1,10,14,17,1,87,85,2,1,1,6,"23, JOFFRE (RUE DU MAREC",0.0,0.0
201400037752,2,10,14,20,5,87,85,2,3,1,3,"118, MONTJOVIS (AVENUE)",0.0,0.0
201400037753,3,10,14,7,4,87,85,2,1,1,6,"01, QUEUILLE (PLACE HENR",0.0,0.0
201400037754,3,10,14,9,1,87,113,2,1,1,6,"18, BASTIE (AVENUE MARYS",0.0,0.0
201400037755,3,10,14,22,5,87,85,2,3,1,3,"27, CHENIEUX (RUE FRANCO",0.0,0.0
201400037756,3,10,14,22,5,87,85,2,1,1,6,"0, CAMBUSES (Avenue des)",0.0,0.0
201400037757,5,10,14,10,1,87,85,2,3,2,3,"05 bis, HUGO (BOULEVARD",0.0,0.0
201400037758,6,10,14,18,1,87,85,2,1,2,6,"40, HOCHE (RUE)",0.0,0.0
201400037759,6,10,14,21,3,87,75,1,1,1,6,RN 21,0.0,0.0
201400037760,7,10,14,7,2,87,85,2,1,2,6,"0, PONT NEUF (RAMPE DU)",0.0,0.0
201400037761,7,10,14,9,1,87,85,2,1,1,5,"216, BAUDIN ( AVENUE) (V",0.0,0.0
201400037762,8,10,14,22,5,87,85,2,1,1,6,"173, THOMAS (AVENUE ALBE",0.0,0.0
201400037763,9,10,14,3,5,87,85,2,1,3,6,"12, JOURDAN (PLACE)",0.0,0.0
201400037764,9,10,14,7,2,87,85,2,1,2,6,"236, DUTREIX (RUE ARMAND",0.0,0.0
201400037765,10,10,14,3,5,87,85,2,1,2,6,"03, MONTJOVIS (AVENUE)",0.0,0.0
201400037766,10,10,14,13,1,87,85,2,3,1,3,"0, LARREY (AVENUE DOMINI",0.0,0.0
201400037767,12,10,14,18,1,87,85,2,3,1,3,"17, ARC (RUE JEANNE D')",0.0,0.0
201400037768,13,10,14,14,1,87,85,2,1,1,6,"96, LABUSSIERE (AVENUE E",0.0,0.0
201400037769,14,10,14,14,1,87,85,2,3,1,3,"03, BUISSON (AVENUE DU)",0.0,0.0
201400037770,17,10,14,1,5,87,75,1,1,2,6,RN 21,0.0,0.0
201400037771,17,10,14,9,1,87,85,2,2,1,6,"1, LOUYAT (AVENUE DE)",0.0,0.0
201400037772,17,10,14,10,1,87,85,2,2,1,3,"0, PONT NEUF",0.0,0.0
201400037773,17,10,14,16,1,87,85,2,2,1,3,"0, PONT NEUF",0.0,0.0
201400037774,18,10,14,16,1,87,75,2,1,1,6,"21, CAZAUTETS (RUE JOSEP",0.0,0.0
201400037775,18,10,14,23,5,87,85,2,3,1,3,ALLENDE (QUAI SALVADOR),0.0,0.0
201400037776,19,10,14,13,1,87,85,2,1,1,3,"84, BAUDIN ( AVENUE) (VC",0.0,0.0
201400037777,19,10,14,17,1,87,85,2,2,1,3,"7, AINE (PLACE D')",0.0,0.0
201400037778,19,10,14,20,5,87,85,2,1,1,2,"0, REVOLUTION (PONT DE L",0.0,0.0
201400037779,21,10,14,15,1,87,85,2,2,1,6,"31, BUGEAUD (COURS)",0.0,0.0
201400037780,21,10,14,23,5,87,85,2,1,1,2,FOUGERAS (RUE DE),0.0,0.0
201400037781,22,10,14,22,5,87,85,2,1,1,3,"38, GARIBALDI (AVENUE)",0.0,0.0
201400037782,23,10,14,7,5,87,85,2,1,1,6,BORIE (BOULEVARD DE LA),0.0,0.0
201400037783,23,10,14,15,1,87,65,2,1,1,6,"9, VALIN (AVENUE MARTIAL",0.0,0.0
201400037784,23,10,14,16,1,87,85,2,1,1,2,"0, REVOLUTION (PONT DE L",0.0,0.0
201400037785,24,10,14,15,1,87,85,2,3,1,3,"16, ALSACE LORRAINE (RUE",0.0,0.0
201400037786,25,10,14,18,1,87,85,1,1,2,2,AUTOROUTE A20,0.0,0.0
201400037787,26,10,14,1,3,87,65,1,1,5,6,RD98,0.0,0.0
201400037788,28,10,14,11,1,87,85,1,1,1,3,AUTOROUTE A20,0.0,0.0
201400037789,29,10,14,14,1,87,85,1,1,1,6,"0, GRAND BEAUNE (LIEU DI",0.0,0.0
201400037790,29,10,14,21,5,87,85,2,3,1,3,BEL AIR (BOULEVARD DE),0.0,0.0
201400037791,30,10,14,20,5,87,85,2,1,1,6,"0, LEGENDRE (RUE CHARLES",0.0,0.0
201400037792,30,10,14,20,5,87,65,2,1,1,1,"42, PAGNOL (AVENUE MARCE",0.0,0.0
201400037793,31,10,14,18,3,87,75,1,1,1,7,RD79,0.0,0.0
201400037794,3,11,14,5,5,87,85,1,1,2,2,AUTOROUTE A20,0.0,0.0
201400037795,3,11,14,8,1,87,85,2,1,1,3,"212, CASSEAUX (AVE DES)",0.0,0.0
201400037796,3,11,14,6,5,87,85,1,1,1,6,,0.0,0.0
201400037797,6,11,14,18,5,87,85,2,1,1,2,"45, DURUY (RUE VICTOR)",0.0,0.0
201400037798,7,11,14,16,1,87,50,1,2,2,2,RD947,0.0,0.0
201400037799,7,11,14,17,1,87,85,2,1,1,2,"41, SAINTE CLAIRE (RUE)",0.0,0.0
201400037800,7,11,14,22,4,87,85,1,1,2,1,"0, ESSARTS (RUE DES)",0.0,0.0
201400037801,9,11,14,18,5,87,85,2,1,1,1,"0, PRIEUR (RUE DU)",0.0,0.0
201400037802,10,11,14,12,1,87,85,2,1,1,6,"106, THUILLAT (RUE VICTO",0.0,0.0
201400037803,10,11,14,22,5,87,85,2,2,1,3,"0, TOURNY (CARREFOUR)",0.0,0.0
201400037804,11,11,14,12,1,87,85,2,1,1,6,"2, KING (AVENUE MARTIN L",0.0,0.0
201400037805,12,11,14,8,1,87,85,2,3,2,3,"124, PERRIN (RUE FRANCOI",0.0,0.0
201400037806,13,11,14,9,1,87,85,2,2,1,3,"8, JAURES (RUE JEAN)",0.0,0.0
201400037807,13,11,14,13,1,87,85,2,2,1,3,"11, AINE (PLACE D')",0.0,0.0
201400037808,13,11,14,16,1,87,85,2,1,1,6,"2, FABRE EGLANTINE (ALLE",0.0,0.0
201400037809,14,11,14,13,1,87,85,2,1,2,3,"38, BELLAC (RUE DE)",0.0,0.0
201400037810,15,11,14,8,1,87,75,2,2,1,3,"0, MAI 1945 (RUE DU 8)",0.0,0.0
201400037811,15,11,14,20,5,87,85,2,1,2,6,"0, SCHUMAN (BOULEVARD RO",0.0,0.0
201400037812,15,11,14,21,5,87,85,2,2,2,3,"1, TOURNY (CARREFOUR)",0.0,0.0
201400037813,16,11,14,12,1,87,75,1,1,2,6,RN 21,0.0,0.0
201400037814,17,11,14,15,1,87,85,2,1,2,2,"15, LARREY (AVENUE DOMIN",0.0,0.0
201400037815,18,11,14,7,2,87,85,2,1,2,6,"270, DUTREIX (RUE ARMAND",0.0,0.0
201400037816,18,11,14,12,1,87,85,1,1,2,6,AUTOROUTE A20,0.0,0.0
201400037817,18,11,14,18,5,87,85,2,3,2,4,"35, RUBEN (AVENUE ERNEST",0.0,0.0
201400037818,19,11,14,16,1,87,85,1,1,1,2,ORADOUR SUR GLANE (CARRE,0.0,0.0
201400037819,20,11,14,17,1,87,85,2,1,1,6,"69, LABUSSIERE (AVENUE E",0.0,0.0
201400037820,20,11,14,21,5,87,85,2,1,1,6,"56, LECLERC (AVENUE DU G",0.0,0.0
201400037821,21,11,14,18,5,87,65,2,2,1,3,"0, PONTEIX (AVENUE DU)",0.0,0.0
201400037822,26,11,14,12,1,87,85,2,1,1,3,"187, SOLIGNAC (RUE DE)",0.0,0.0
201400037823,28,11,14,11,1,87,85,2,9,1,3,"29, DE GAULLE (AVENUE DU",0.0,0.0
201400037824,28,11,14,13,1,87,85,2,1,1,6,"79, GAMBETTA (BOULEVARD)",0.0,0.0
201400037825,2,12,14,13,1,87,75,1,3,1,3,RD79,0.0,0.0
201400037826,3,12,14,9,1,87,85,2,3,1,1,FEYTIAT (RUE DE),0.0,0.0
201400037827,3,12,14,13,1,87,85,2,1,1,7,SAINT MARTIAL (QUAI),0.0,0.0
201400037828,5,12,14,13,1,87,85,2,1,1,6,SCHUMAN (BOULEVARD ROBER,0.0,0.0
201400037829,5,12,14,16,1,87,85,2,1,2,2,BORIE (BOULEVARD DE LA),0.0,0.0
201400037830,7,12,14,4,3,87,85,2,1,2,6,"1, DE GAULLE (AVENUE DU",0.0,0.0
201400037831,8,12,14,18,3,87,85,2,1,2,4,"26, PETITES MAISONS (RUE",0.0,0.0
201400037832,9,12,14,13,1,87,113,2,2,1,3,BARDYS (ROUTE DES),0.0,0.0
201400037833,10,12,14,13,1,87,85,2,1,2,1,"104, SAINT GENCE (RUE DE",0.0,0.0
201400037834,10,12,14,17,5,87,85,1,1,2,4,AUTOROUTE A20,0.0,0.0
201400037835,10,12,14,21,3,87,85,1,1,2,6,AUTOROUTE A20,0.0,0.0
201400037836,11,12,14,2,5,87,85,2,1,2,6,"128, LATTRE-DE-TASSIGNY",0.0,0.0
201400037837,15,12,14,10,1,87,85,1,1,2,6,AUTOROUTE A20,0.0,0.0
201400037838,13,12,14,20,5,87,85,2,2,1,3,RN520,0.0,0.0
201400037839,15,12,14,10,1,87,85,2,1,1,6,"15, AURIOL (AVENUE DU PR",0.0,0.0
201400037840,17,12,14,20,3,87,75,1,1,2,1,RD79,0.0,0.0
201400037841,16,12,14,19,1,87,85,2,1,1,6,"59, NORIAC (RUE JULES)",0.0,0.0
201400037842,17,12,14,18,5,87,85,2,1,2,3,"41, BAUDIN ( AVENUE) (VC",0.0,0.0
201400037843,18,12,14,7,1,87,85,1,1,2,6,AUTOROUTE A20,0.0,0.0
201400037844,18,12,14,19,5,87,85,2,1,2,2,SCHUMAN (BOULEVARD ROBER,0.0,0.0
201400037845,19,12,14,12,1,87,75,2,1,2,6,"20, BAYLES (AVENUE DES)",0.0,0.0
201400037846,19,12,14,15,1,87,85,1,1,2,6,AUTOROUTE A20,0.0,0.0
201400037847,19,12,14,19,5,87,85,2,1,1,6,"275, PERRIN (RUE FRANCOI",0.0,0.0
201400037848,22,12,14,13,1,87,85,1,1,1,4,AUTOROUTE A20,0.0,0.0
201400037849,22,12,14,21,5,87,85,2,3,1,3,"107, PERRIN (RUE FRANCOI",0.0,0.0
201400037850,23,12,14,14,1,87,113,2,3,1,3,"0, MITTERRAND (AVENUE FR",0.0,0.0
201400037851,23,12,14,14,1,87,75,2,1,1,4,"63, PERIGUEUX (ROUTE DE)",0.0,0.0
201400037852,23,12,14,19,4,87,50,1,1,1,3,RN520 (COUZEIX),0.0,0.0
201400037853,24,12,14,14,1,87,85,2,1,1,6,"58, LIBERATION (AVENUE D",0.0,0.0
201400037854,4,1,14,10,1,88,209,2,1,3,6,Rue d'Epinal,48.19693,6.43834
201400037855,5,1,14,0,5,88,160,2,1,3,6,Route d'Archette,48.15705,6.4544
201400037856,17,1,14,13,1,88,160,2,1,1,6,"38, DUTAC (AV.)",48.18373,6.44134
201400037857,22,1,14,9,1,88,160,2,1,1,7,"12b, CLE-D'OR (RUE DE LA",48.17501,6.44224
201400037858,22,1,14,17,5,88,160,2,1,1,2,"27, NEUVE-GRANGE (RUE)",48.14967,6.45764
201400037859,24,1,14,13,1,88,160,2,1,1,1,"0, CEDRES (AV. DES)",48.1851,6.46225
201400037860,29,1,14,10,1,88,160,2,1,1,6,"6, GEORGES DE LA TOUR (R",48.17333,6.44678
201400037861,3,2,14,18,3,88,209,2,2,1,3,"0, JEAN-CHARLES PELLERIN",48.19772,6.4114
201400037862,11,2,14,12,1,88,160,2,2,1,3,"0, BLUM (AV. LEON)",48.19059,6.45996
201400037863,28,2,14,4,5,88,160,2,1,2,7,REMIREMONT (RUE DE),48.16129,6.45068
201400037864,11,3,14,15,1,88,160,2,1,1,6,"7, BAZAINE (RUE DE LA)",48.1973,6.46676
201400037865,15,3,14,10,1,88,160,2,3,1,4,"0, PREFECTURE (RUE DE LA",48.17083,6.44989
201400037866,19,3,14,10,1,88,160,2,6,1,3,"0, SAINT-DIE (AV. DE)",48.183,6.46751
201400037867,21,3,14,19,3,88,160,1,1,2,1,"0, QUATRE VENTS (RUE DES",48.14214,6.45295
201400037868,26,3,14,16,1,88,160,2,1,1,6,LOGE-BLANCHE (AV. DE LA),48.16578,6.45066
201400037869,1,4,14,18,1,88,209,1,3,1,3,JEAN-CHARLES PELLERIN (R,48.20569,6.41858
201400037870,5,4,14,11,1,88,209,2,3,1,3,"0, ABBE HAUSTETE (RUE)",48.19758,6.43772
201400037871,8,4,14,10,1,88,160,2,1,1,6,"0, CHIPOTTE (PL. DE LA)",48.17613,6.4512
201400037872,17,4,14,13,1,88,160,1,3,1,1,"0, GERARDMER (route de)",48.17133,6.51942
201400037873,25,4,14,14,1,88,209,2,1,1,3,"0, FORT (RUE DU)",48.19954,6.43099
201400037874,25,4,14,17,1,88,160,2,6,1,5,"0, NOTRE-DAME-DE LORETTE",48.17458,6.43401
201400037875,27,4,14,5,5,88,160,2,1,2,7,HAXO (RUE DU GAL-),48.18826,6.43354
201400037876,21,5,14,18,1,88,209,2,1,1,2,"0, BOULAY (RUE)",48.18973,6.44282
201400037877,11,6,14,18,1,88,160,2,1,1,6,"50, ALSACE (RUE D')",48.16782,6.4452
201400037878,22,6,14,17,1,88,209,2,1,1,7,"79, LECLERC ( RUE GENERA",48.19088,6.41537
201400037879,6,7,14,7,1,88,160,2,3,1,3,BLUM (AV. LEON),48.19216,6.45711
201400037880,9,7,14,12,1,88,160,2,1,1,6,"1, PELLERIN (RUE J. CHAR",48.17239,6.44247
201400037881,9,8,14,11,1,88,209,1,2,1,3,"0, JEAN-CHARLES PELLERIN",48.19771,6.41134
201400037882,8,9,14,8,1,88,209,2,1,1,6,"13, AEROSTATION (RUE DE",48.18445,6.42278
201400037883,10,9,14,16,1,88,87,2,3,1,3,LECLERC (RUE GENERAL-),48.17057,6.43496
201400037884,12,9,14,17,1,88,160,2,1,1,6,"2, CHIPOTTE (RUE DE LA)",48.17794,6.44802
201400037885,30,9,14,1,5,88,160,2,1,1,1,"0, NANCY (FG DE)",48.18683,6.4417
201400037886,15,11,14,10,1,88,160,2,9,1,6,"108, AMBRAIL (FG D')",0.0,0.0
201400037887,18,11,14,8,1,88,160,2,1,9,6,"0, PERROUT (RUE RENE-)",48.18802,6.44237
201400037888,30,1,14,7,2,88,415,2,3,1,2,Route du Pont de Cheneau,48.01142,6.60755
201400037889,26,2,14,16,1,88,383,2,1,2,6,"29, faubourd d'EPINAL",48.02215,6.58812
201400037890,14,6,14,10,1,88,409,1,1,1,3,RD 417,48.01332,6.65213
201400037891,13,4,14,17,1,88,383,2,1,1,5,"18, Route de Plombières",48.01908,6.5723
201400037892,22,4,14,20,1,88,383,2,2,1,3,Faubourg du Val d'Ajol /,48.01266,6.58576
201400037893,3,7,14,13,1,88,409,2,9,1,6,Grande Rue,48.02316,6.66213
201400037894,19,7,14,14,1,88,429,1,1,1,1,RN 57,0.0,0.0
201400037895,14,2,14,22,3,88,429,1,1,1,2,Aire de repos de Ranfain,48.0584,6.59146
201400037896,23,8,14,15,1,88,462,1,1,3,1,RD23,48.0207,6.66598
201400037897,26,8,14,15,1,88,415,2,1,2,2,"24, Grande Rue",48.02136,6.60815
201400037898,4,9,14,10,1,88,415,1,1,1,1,CD417,48.01582,6.62046
201400037899,1,9,14,15,1,88,383,2,1,1,3,"10, rue des etats unis",48.01642,6.58537
201400037900,20,9,14,18,1,88,415,2,1,1,2,"41, rue de la Moselotte",0.0,0.0
201400037901,8,10,14,1,3,88,462,1,1,8,6,"1, CD 417",0.0,0.0
201400037902,4,10,14,13,1,88,415,2,1,1,3,Route de Seux,0.0,0.0
201400037903,13,11,14,18,5,88,462,2,4,1,3,"1, rue de l'Usine",0.0,0.0
201400037904,22,3,14,3,3,88,429,1,1,1,6,RN 57,48.07665,6.5938
201400037905,13,4,14,17,1,88,383,1,1,1,5,"18/20, Route de Plombièr",48.01908,6.5723