Num_Acc,jour,mois,an,hr,condition_eclairage,departement,commune,condition_agglomeration,intersection,condition_atmosphere,type_collision,adresse,lattitude,longitude
201400037906,6,7,14,18,1,88,415,2,1,1,7,rue de la Moselotte,48.01584,6.62059
201400037907,10,1,14,13,1,88,413,2,1,1,5,"133 b, Route d'EP?NAL",48.28127,6.91194
201400037908,19,1,14,21,5,88,413,2,1,1,6,"., Rue de L'ORME",48.2906,6.94465
201400037909,16,1,14,12,1,88,413,2,1,1,6,"7, RUE JEAN MAURICE ANDR",48.28535,6.93956
201400037910,27,1,14,18,4,88,413,2,1,1,6,R?sistance ( Quai de la,48.28227,6.96808
201400037911,25,1,14,14,1,88,413,2,1,1,6,"7, Rue Martin Walseemull",48.27366,6.94512
201400037912,16,3,14,17,1,88,428,2,1,1,7,chemin de Bouguemont,48.31579,6.86533
201400037913,15,2,14,8,1,88,413,2,1,2,6,"23, Rue de la M?nantille",48.28579,6.94327
201400037914,11,3,14,19,5,88,424,2,2,1,3,"435, Alsace ( Rue d ' )",48.26773,6.98263
201400037915,25,3,14,11,1,88,413,2,1,1,6,"10, Torrent  ( Quai du",48.29055,6.95084
201400037916,13,4,14,10,1,88,413,2,1,1,7,"113, Rue d' Epinal",48.28243,6.91649
201400037917,11,4,14,17,1,88,463,1,1,1,5,"Lieudit ""La Bourse""",48.22169,6.90224
201400037918,28,3,14,18,1,88,413,2,3,1,6,"62, Rue de LA BOLLE",48.2847,6.94063
201400037919,6,5,14,16,1,88,424,1,3,1,3,RD 415,48.26269,6.96307
201400037920,17,5,14,14,1,88,413,2,3,1,3,"., Rue de Richarville",48.27742,6.95039
201400037921,28,5,14,7,1,88,413,1,1,1,7,RN 59,48.27435,6.94467
201400037922,15,6,14,11,1,88,413,2,3,1,3,"26, Foucharupt ( Rue de",48.28026,6.95159
201400037923,14,6,14,15,1,88,413,2,1,1,6,Avenue du Cimetière Mili,48.28632,6.92761
201400037924,27,6,14,16,1,88,413,2,1,1,6,"8, Avenue LEON GRANDJEAN",48.28199,6.95784
201400037925,1,6,14,11,1,88,413,2,3,1,6,"24, Rue SAINT CHARLES",48.28807,6.9527
201400037926,18,5,14,10,1,88,413,2,1,1,6,"2, Rue SAINT CHARLES",48.28846,6.94983
201400037927,6,6,14,7,1,88,413,2,1,1,2,"7, AVENUE DE ROBACHE",48.29161,6.95119
201400037928,18,7,14,8,1,88,413,2,3,1,3,Résistance ( Quai de la,48.28588,6.96524
201400037929,25,8,14,16,1,88,463,1,1,1,1,"713, RD 31",48.24322,6.89418
201400037930,30,8,14,21,3,88,413,2,1,1,6,chemin de la frase,0.0,0.0
201400037931,30,8,14,13,1,88,413,2,1,1,6,"10, Rue DAUPHINE",48.28697,6.95042
201400037932,15,9,14,18,1,88,413,2,3,1,6,rue Gaston SAVE,48.27226,6.95281
201400037933,4,10,14,22,5,88,413,2,1,1,2,"58, Rue d'ALSACE",48.16556,6.5708
201400037934,18,10,14,14,1,88,463,1,1,1,6,"764, RD 31",0.0,0.0
201400037935,6,12,14,2,3,88,519,1,1,2,1,RN59,0.0,0.0
201400037936,15,12,14,10,1,88,463,1,1,1,7,RD.31,48.2371,6.89762
201400037937,6,12,14,20,5,88,413,2,1,1,6,"1, RUE PIERRE EVRAT",48.3374,6.89147
201400037938,23,1,14,12,1,89,24,1,3,2,2,VALLAN (ROUTE DE) N? IMP,47.77572,3.55804
201400037939,21,2,14,14,1,89,24,2,1,1,6,"144, PARIS (RUE DE)",47.80027,3.56823
201400037940,20,3,14,17,1,89,24,2,3,1,3,JEAN MERMOZ (AVENUE),47.80959,3.5845
201400037941,22,3,14,9,1,89,346,1,3,1,1,D89 ( DIRECTION AUXERRE,47.80149,3.5082
201400037942,22,4,14,12,1,89,24,2,2,1,3,"0, JEAN JAURES (AVENUE)",47.80109,3.58127
201400037943,6,5,14,9,1,89,24,2,2,1,6,11 NOVEMBRE (BOULEVARD D,47.79529,3.56429
201400037944,24,5,14,20,2,89,346,1,1,1,6,"0, D89 ( DIRECTION AUXER",47.79993,3.51417
201400037945,29,5,14,5,5,89,346,2,1,1,3,GRANDE RUE,47.8061,3.5335
201400037946,8,6,14,3,3,89,24,1,1,1,6,R.N.6,47.81858,3.55994
201400037947,25,6,14,7,1,89,24,2,1,1,4,JEAN MERMOZ (AVENUE),0.0,0.0
201400037948,2,8,14,21,1,89,24,2,1,1,7,"44, VERDUN (BOULEVARD DE",47.80901,3.55926
201400037949,1,8,14,16,1,89,24,2,2,1,3,", MONTARDOINS (RUE DES)",47.78803,3.57507
201400037950,22,9,14,7,1,89,24,2,2,1,3,JEAN MERMOZ (AVENUE),47.80719,3.5836
201400037951,28,9,14,17,1,89,24,2,1,1,3,"16, GALLIENI (BOULEVARD)",47.79692,3.55212
201400037952,22,1,14,7,2,89,387,2,1,1,6,ERNEST LANDRY (QUAI),48.19635,3.27639
201400037953,28,1,14,7,5,89,387,1,1,1,6,RD606 ZI Vauguillettes,48.1935,3.31269
201400037954,29,1,14,19,5,89,387,2,2,1,3,"0, MAURICE PROU (RUE)",48.18966,3.29416
201400037955,11,2,14,18,5,89,387,2,1,1,6,"0, MARNE (AVENUE DE LA)",48.19826,3.30685
201400037956,27,2,14,15,1,89,387,1,1,2,1,D606,0.0,0.0
201400037957,7,4,14,10,1,89,387,2,1,1,6,"000, GARIBALDI (BOULEVAR",48.20056,3.28173
201400037958,6,5,14,13,1,89,387,2,1,1,1,D606,0.0,0.0
201400037959,14,5,14,22,5,89,287,2,1,1,6,"0, PAUL BERT (RUE)",48.17894,3.24656
201400037960,6,6,14,13,1,89,236,1,1,1,1,"0, D 606",48.17767,3.2974
201400037961,4,7,14,17,1,89,387,1,1,1,5,PONT DE SALCY,48.1703,3.27595
201400037962,11,7,14,13,1,89,387,1,1,8,1,Pont de Salcy,48.17052,3.27634
201400037963,29,8,14,11,1,89,342,2,9,1,6,"0, PARIS (RUE DE)",48.22756,3.26669
201400037964,1,10,14,20,3,89,127,1,1,1,7,"0, RD58",0.0,0.0
201400037965,11,10,14,10,1,89,387,2,1,1,2,RENE BINET (RUE),48.18789,3.30435
201400037966,26,10,14,16,1,89,387,2,2,1,1,"000, PENITENTS (RUE DE L",48.19949,3.29396
201400037967,17,11,14,16,1,89,387,2,1,1,6,"0, MARECHAL DE LATTRE DE",48.19815,3.30487
201400037968,24,11,14,17,5,89,387,2,1,1,6,"0, JEAN MOULIN (QUAI)",48.19738,3.27688
201400037969,24,11,14,19,5,89,387,1,6,1,3,ROND-POINT ROSA PARK,48.17418,3.29391
201400037970,3,1,14,16,1,90,10,2,1,1,7,"7, EGALITE (RUE DE L')",0.0,0.0
201400037971,3,1,14,19,5,90,10,2,1,1,6,VESOUL (RUE DE),0.0,0.0
201400037972,4,1,14,18,5,90,8,2,1,2,2,BELFORT (RUE DE),0.0,0.0
201400037973,5,1,14,10,1,90,10,2,1,2,6,"194, JAURES (AVENUE JEAN",0.0,0.0
201400037974,5,1,14,18,5,90,10,2,1,1,6,"14, GAMBETTA (RUE)",0.0,0.0
201400037975,6,1,14,19,5,90,10,2,1,1,2,CORBIS (PLACE),0.0,0.0
201400037976,8,1,14,17,5,90,10,2,1,1,3,"1, FOCH (AVENUE)",0.0,0.0
201400037977,8,1,14,19,5,90,10,2,1,1,2,"2, JOFFRE (BOULEVARD MAR",0.0,0.0
201400037978,9,1,14,12,1,90,32,2,1,1,2,"33, DE GAULLE (RUE DU GE",0.0,0.0
201400037979,10,1,14,10,1,90,10,2,1,1,6,"2, ASPACH (RUE D')",0.0,0.0
201400037980,10,1,14,16,1,90,10,2,3,1,3,LAURENCIE (AVENUE CAPITA,0.0,0.0
201400037981,12,1,14,19,5,90,10,2,3,1,1,"3, MULHOUSE (RUE DE)",0.0,0.0
201400037982,22,1,14,18,5,90,8,2,1,1,4,"2, R.D.47",0.0,0.0
201400037983,15,1,14,20,5,90,10,2,1,2,3,"1, CROIX DU TILLEUL (RUE",0.0,0.0
201400037984,22,1,14,18,1,90,32,2,1,1,4,"2, CHARMEUSE (RUE DE LA)",0.0,0.0
201400037985,27,1,14,14,1,90,1,2,1,2,2,ASSISE (HAMEAU DE L'),0.0,0.0
201400037986,31,1,14,8,1,90,76,2,3,5,5,"43, GRAND'RUE",0.0,0.0
201400037987,31,1,14,10,1,90,10,2,2,1,3,"2, MONTBELIARD (FAUBOURG",0.0,0.0
201400037988,31,1,14,14,1,90,10,2,1,1,4,RABIN (PLACE YITZHAK),0.0,0.0
201400037989,4,2,14,12,1,90,10,2,1,2,6,JAURES (AVENUE JEAN) A 1,0.0,0.0
201400037990,5,2,14,8,1,90,10,2,1,1,3,"1, JUIN (AVENUE DU MAREC",0.0,0.0
201400037991,5,2,14,16,1,90,10,2,3,1,5,"2, MULHOUSE (RUE DE)",0.0,0.0
201400037992,14,2,14,11,1,90,10,2,1,1,2,"2, MOULIN (AVENUE JEAN)",0.0,0.0
201400037993,15,2,14,11,1,90,10,2,3,3,3,"30, MENDES FRANCE (RUE)",0.0,0.0
201400037994,19,2,14,18,5,90,75,2,3,1,1,"2, BRIAND (RUE ARISTIDE)",0.0,0.0
201400037995,22,2,14,9,1,90,10,2,1,1,6,"2, BAVILLIERS (RUE DE)",0.0,0.0
201400037996,22,2,14,18,5,90,10,2,1,2,2,"87, JAURES (AVENUE JEAN)",0.0,0.0
201400037997,24,2,14,14,1,90,10,2,1,1,6,"10, DE GAULLE (AVENUE DU",0.0,0.0
201400037998,24,2,14,19,5,90,99,2,1,2,7,"1, VIPALOGO",0.0,0.0
201400037999,26,2,14,8,1,90,10,2,1,2,6,"2, MARCEL PAUL (RUE)",0.0,0.0
201400038000,1,3,14,17,1,90,39,2,1,1,6,"3, CARRIERES (RUE DES)",0.0,0.0
201400038001,3,3,14,19,2,90,99,2,1,1,2,BLUMBERG (RUE),0.0,0.0
201400038002,13,3,14,11,1,90,32,2,1,1,6,"12, DE GAULLE (RUE DU GE",0.0,0.0
201400038003,15,3,14,10,1,90,10,2,3,1,3,BRUXELLES (RUE DE),0.0,0.0
201400038004,15,3,14,19,5,90,10,2,1,2,6,PREMIERE ARMEE FRANCAISE,0.0,0.0
201400038005,18,3,14,16,1,90,10,2,1,1,1,"14, TROIS CHENES (AVENUE",0.0,0.0
201400038006,25,3,14,18,1,90,10,2,2,1,3,"27, RENAUD DE BOURGOGNE",0.0,0.0
201400038007,28,3,14,14,1,90,10,2,2,1,3,"2, CHANTEREINE (RUE DE)",0.0,0.0
201400038008,9,4,14,10,1,90,10,2,7,1,6,"1, CORBIS (PLACE)",0.0,0.0
201400038009,10,4,14,12,1,90,10,2,1,1,3,"8, LAPOSTOLET (RUE)",0.0,0.0
201400038010,10,4,14,17,1,90,99,2,1,1,6,"8, ZOLA (RUE EMILE)",0.0,0.0
201400038011,11,4,14,17,1,90,32,2,1,1,2,BOSMONT (RUE DU),0.0,0.0
201400038012,16,4,14,9,1,90,10,2,3,1,5,"1, USINES (AVENUE DES)",0.0,0.0
201400038013,16,4,14,17,1,90,10,2,1,1,7,MOULIN (RUE JEAN),0.0,0.0
201400038014,17,4,14,17,1,90,10,2,2,1,3,LORRAINE (RUE DE),0.0,0.0
201400038015,18,4,14,9,1,90,10,2,1,2,2,LAURENCIE (AVENUE CAPITA,0.0,0.0
201400038016,18,4,14,13,1,90,10,2,1,1,6,ANCETRES (FAUBOURG DES),0.0,0.0
201400038017,20,4,14,3,5,90,10,2,1,1,6,"1, DANJOUTIN (RUE DE)",0.0,0.0
201400038018,20,4,14,4,5,90,10,2,7,1,3,ANCETRES (FAUBOURG DES),0.0,0.0
201400038019,23,4,14,8,1,90,10,2,1,2,4,FRANCE BOULEVARD ANATOLE,0.0,0.0
201400038020,23,4,14,18,1,90,10,2,1,1,3,"4, LA FONTAINE (RUE JEAN",0.0,0.0
201400038021,24,4,14,0,5,90,99,2,1,1,6,"37, ZOLA (RUE EMILE)",0.0,0.0
201400038022,29,4,14,7,1,90,99,2,1,1,6,GARE (RUE DE LA),0.0,0.0
201400038023,1,5,14,2,5,90,10,2,2,1,3,KENNEDY (BOULEVARD),0.0,0.0
201400038024,1,5,14,20,2,90,10,2,5,2,3,"10, LECLERC (AVENUE)",0.0,0.0
201400038025,3,5,14,14,1,90,99,2,1,1,6,"3, ZOLA (RUE EMILE)",0.0,0.0
201400038026,9,5,14,21,5,90,8,2,3,2,6,"2, GRAND'RUE",0.0,0.0
201400038027,10,5,14,18,1,90,29,2,1,1,2,"13, BRIAND (RUE ARISTIDE",0.0,0.0
201400038028,15,5,14,16,1,90,32,2,1,1,6,JACQUOT (RUE DU DOCTEUR),0.0,0.0
201400038029,24,5,14,16,1,90,99,2,1,1,3,EHRET (RUE),0.0,0.0
201400038030,29,5,14,18,1,90,99,2,1,1,3,"3, MARTINET (RUE DU)",0.0,0.0
201400038031,31,5,14,13,1,90,32,2,1,1,7,REPUBLIQUE (RUE DE LA),0.0,0.0
201400038032,3,6,14,17,1,90,10,2,1,1,6,"1, SOFIA (RUE DE)",0.0,0.0
201400038033,7,6,14,16,1,90,10,2,1,1,2,"1, LAURENCIE (AVENUE CAP",0.0,0.0
201400038034,8,6,14,11,1,90,10,2,2,1,3,"4, RABIN (PLACE YITZHAK)",0.0,0.0
201400038035,8,6,14,19,1,90,10,2,1,1,3,"8, COPENHAGUE (RUE DE)",0.0,0.0
201400038036,9,6,14,20,1,90,10,2,1,1,6,"22, MITTERRAND (PROMENAD",0.0,0.0
201400038037,10,6,14,17,1,90,10,2,1,1,6,"1, ZAPOROJIE (RUE DE)",0.0,0.0
201400038038,10,6,14,22,5,90,10,2,1,1,6,"36, CORBIS (PLACE)",0.0,0.0
201400038039,11,6,14,19,1,90,99,2,1,1,6,"48, TURENNE (RUE DE)",0.0,0.0
201400038040,19,6,14,10,1,90,10,2,3,1,3,"2, MILITAIRE (QUAI)",0.0,0.0
201400038041,19,6,14,17,1,90,32,2,1,1,2,"1, D47B",0.0,0.0
201400038042,22,6,14,17,1,90,10,2,1,1,3,"2, ANCETRES (FAUBOURG DE",0.0,0.0
201400038043,23,6,14,8,1,90,39,1,4,1,3,R.D.16,0.0,0.0
201400038044,25,6,14,12,1,90,10,2,6,1,2,"10, DUNANT (BOULEVARD HE",0.0,0.0
201400038045,25,6,14,18,1,90,10,2,1,1,6,"180, JAURES (AVENUE JEAN",0.0,0.0
201400038046,3,7,14,8,1,90,10,2,6,1,3,"2, QUAI (RUE DU)",0.0,0.0
201400038047,4,7,14,17,1,90,10,2,1,1,4,"2, MENDES FRANCE (RUE)",0.0,0.0
201400038048,5,7,14,16,1,90,10,2,1,1,2,LECLERC (AVENUE),0.0,0.0
201400038049,7,7,14,23,5,90,10,2,1,2,7,JAURES (AVENUE JEAN) A 1,0.0,0.0
201400038050,16,7,14,18,1,90,10,2,1,1,1,"16, VESOUL (RUE DE)",0.0,0.0
201400038051,25,7,14,12,1,90,10,2,2,1,3,"2, rue des sciences et d",0.0,0.0
201400038052,3,8,14,12,1,90,10,2,1,2,2,"2, MARSEILLE (RUE DE)",0.0,0.0
201400038053,3,8,14,19,1,90,10,2,2,8,3,LECLERC (AVENUE),0.0,0.0
201400038054,7,8,14,13,1,90,10,2,1,1,3,RABIN (PLACE YITZHAK),0.0,0.0
201400038055,9,8,14,12,1,90,10,2,2,1,3,FOLTZ (RUE),0.0,0.0
201400038056,13,8,14,23,3,90,10,2,1,1,6,"72, JAURES (AVENUE JEAN)",0.0,0.0
201400038057,21,8,14,10,1,90,10,2,1,1,2,"2, MONTBELIARD (FAUBOURG",0.0,0.0
201400038058,30,8,14,18,1,90,1,2,1,1,4,"12, MONTBELIARD (ROUTE D",0.0,0.0
201400038059,31,8,14,12,1,90,10,2,1,1,3,"2, VESOUL (RUE DE)",0.0,0.0
201400038060,31,8,14,20,5,90,99,2,1,2,6,"85, TURENNE (RUE DE)",0.0,0.0
201400038061,1,9,14,16,1,90,10,2,8,1,6,"5, CLEMENCEAU (BOULEVARD",0.0,0.0
201400038062,2,9,14,10,1,90,32,2,1,1,6,MOZARD (RUE),0.0,0.0
201400038063,2,9,14,11,1,90,32,2,1,1,4,"2, CABLERIE (RUE DE LA)",0.0,0.0
201400038064,2,9,14,13,1,90,10,2,1,1,2,"12, MARCHAL (RUE)",0.0,0.0
201400038065,13,9,14,10,1,90,10,2,3,8,1,"2, MULHOUSE (RUE DE)",0.0,0.0
201400038066,16,9,14,8,1,90,10,2,1,5,6,"57, JAURES (AVENUE JEAN)",0.0,0.0
201400038067,16,9,14,18,1,90,10,2,1,1,2,"24, VAUBAN (QUAI)",0.0,0.0
201400038068,20,9,14,15,1,90,10,2,1,1,6,"27, VAUBAN (QUAI)",0.0,0.0
201400038069,23,9,14,12,1,90,10,2,1,1,3,"2, TURENNE (RUE DE)",0.0,0.0
201400038070,23,9,14,14,1,90,10,2,1,1,4,LAURENCIE (AVENUE CAPITA,0.0,0.0
201400038071,23,9,14,19,1,90,10,2,1,1,3,MENDES FRANCE (RUE),0.0,0.0
201400038072,25,9,14,17,1,90,10,2,1,1,2,"6, DANJOUTIN (RUE DE)",0.0,0.0
201400038073,26,9,14,19,2,90,1,2,1,1,3,"1, MONTBELIARD (ROUTE DE",0.0,0.0
201400038074,30,9,14,15,1,90,10,2,1,1,7,"12, KOECHLIN (RUE)",0.0,0.0
201400038075,1,10,14,13,1,90,10,2,1,1,6,"07, FONTAINE (RUE JEAN D",0.0,0.0
201400038076,2,10,14,16,1,90,10,2,1,1,6,VAUBAN (QUAI),0.0,0.0
201400038077,5,10,14,15,1,90,75,2,1,1,6,"33, BRIAND (RUE ARISTIDE",0.0,0.0
201400038078,6,10,14,19,5,90,99,2,1,1,6,DE GAULLE (RUE DU GENERA,0.0,0.0
201400038079,7,10,14,13,1,90,10,2,3,3,3,STRASBOURG (RUE DE),0.0,0.0
201400038080,7,10,14,14,1,90,32,2,1,1,2,"12, DE GAULLE (RUE DU GE",0.0,0.0
201400038081,7,10,14,21,5,90,39,2,1,8,1,"48, DE LATTRE DE TASSIGN",0.0,0.0
201400038082,8,10,14,8,1,90,10,2,1,2,6,"17, LYON (FAUBOURG DE)",0.0,0.0
201400038083,9,10,14,18,1,90,29,2,3,3,3,"15, BRIAND (RUE ARISTIDE",0.0,0.0
201400038084,11,10,14,10,1,90,10,2,1,2,2,"35, ANCETRES (FAUBOURG D",0.0,0.0
201400038085,14,10,14,19,1,90,10,2,1,1,6,"2, SANGNIER (RUE MARC)",0.0,0.0
201400038086,16,10,14,6,3,90,10,2,6,2,6,DUNANT (BOULEVARD HENRI),0.0,0.0
201400038087,20,10,14,16,1,90,10,2,1,1,6,"2, RABIN (PLACE YITZHAK)",0.0,0.0
201400038088,21,10,14,11,1,90,10,2,1,2,1,ALEMBERT (RUE D'),0.0,0.0
201400038089,21,10,14,19,5,90,99,2,1,2,4,"2, BLUMBERG (RUE)",0.0,0.0
201400038090,24,10,14,15,1,90,10,2,3,1,2,"11, MONTBELIARD (FAUBOUR",0.0,0.0
201400038091,28,10,14,11,1,90,10,2,1,1,3,"1, FORT HATRY (RUE DU)",0.0,0.0
201400038092,31,10,14,17,2,90,8,2,1,1,6,CHARMEUSE (RUE DE LA),0.0,0.0
201400038093,3,11,14,9,1,90,10,2,1,2,1,"8, MARCHAL (RUE)",0.0,0.0
201400038094,8,11,14,15,1,90,32,1,1,1,4,D47A,0.0,0.0
201400038095,12,11,14,19,5,90,10,2,1,2,6,"2, TANNEURS (RUE DES)",0.0,0.0
201400038096,13,11,14,8,1,90,10,2,1,8,7,"23, SARRAIL (AVENUE)",0.0,0.0
201400038097,15,11,14,19,5,90,76,2,1,2,3,"3, GRAND'RUE",0.0,0.0
201400038098,17,11,14,13,1,90,8,2,1,1,6,GRAND'RUE,0.0,0.0
201400038099,17,11,14,18,5,90,99,2,1,8,4,"2, ZOLA (RUE EMILE)",0.0,0.0
201400038100,18,11,14,9,1,90,99,2,5,1,7,"15, DE GAULLE (RUE DU GE",0.0,0.0
201400038101,18,11,14,17,5,90,10,2,1,2,3,BOHN (AVENUE CHARLES),0.0,0.0
201400038102,19,11,14,8,1,90,10,2,2,1,2,KENNEDY (BOULEVARD),0.0,0.0
201400038103,20,11,14,13,1,90,10,2,1,1,6,ZAPOROJIE (RUE DE),0.0,0.0
201400038104,23,11,14,16,1,90,32,2,1,1,3,REPUBLIQUE (RUE DE LA),0.0,0.0
201400038105,2,12,14,17,3,90,10,2,1,2,6,CHATEAU D'EAU (AVENUE DU,0.0,0.0
201400038106,3,12,14,17,5,90,10,2,3,1,6,FOCH (AVENUE),0.0,0.0
201400038107,8,12,14,12,1,90,10,2,1,3,1,DANJOUTIN (RUE DE),0.0,0.0
201400038108,12,12,14,16,2,90,10,2,2,2,3,"10, MOULIN (AVENUE JEAN)",0.0,0.0
201400038109,13,12,14,14,1,90,1,2,1,1,4,"25, MONTBELIARD (ROUTE D",0.0,0.0
201400038110,16,12,14,18,5,90,10,2,1,2,3,"14, FRANCE BOULEVARD ANA",0.0,0.0
201400038111,18,12,14,18,5,90,10,2,1,2,6,BOHN (AVENUE CHARLES),0.0,0.0
201400038112,29,12,14,14,1,90,39,2,1,4,7,"60, DE GAULLE (RUE DU GE",0.0,0.0
201400038113,1,1,14,6,5,91,552,2,1,2,2,N20,0.0,0.0
201400038114,7,1,14,9,1,91,425,2,1,1,6,"24, TEMERAIRE (Avenue)",0.0,0.0
201400038115,7,1,14,17,5,91,425,1,1,2,3,"72, NATIONALE 20 (ROUTE)",0.0,0.0
201400038116,9,1,14,9,1,91,425,2,1,1,4,TEMPLIERS (ROUTE DES),0.0,0.0
201400038117,9,1,14,11,1,91,457,1,1,1,2,CD 19,0.0,0.0
201400038118,19,1,14,12,1,91,339,1,1,1,2,RN 20,0.0,0.0
201400038119,22,1,14,21,5,91,339,1,1,1,2,RN 20,0.0,0.0
201400038120,23,1,14,7,5,91,347,2,1,2,1,PERRAY (RUE DU),0.0,0.0
201400038121,27,1,14,16,2,91,21,2,1,1,3,JAURES JEAN (BOULEVARD),0.0,0.0
201400038122,28,1,14,7,1,91,103,2,1,1,3,DAUMONES (Z.A. DES),0.0,0.0
201400038123,5,2,14,17,1,91,21,2,2,2,1,JAURES JEAN (BOULEVARD),0.0,0.0
201400038124,12,2,14,13,1,91,103,2,2,1,3,PRES D'AULNAY (RUE DES),0.0,0.0
201400038125,19,2,14,19,5,91,552,2,1,1,3,LEUVILLE (ROUTE DE),0.0,0.0
201400038126,3,3,14,14,1,91,347,2,3,2,5,MONTLHERY (ROUTE DE),0.0,0.0
201400038127,7,3,14,16,1,91,339,2,1,1,3,RN 20,0.0,0.0
201400038128,9,3,14,17,1,91,339,2,1,1,5,RN 20,0.0,0.0
201400038129,12,3,14,12,1,91,21,2,1,1,6,CHARCOT (RUE DU DOCTEUR),0.0,0.0
201400038130,14,3,14,8,1,91,425,2,1,1,3,RN 20,0.0,0.0
201400038131,16,3,14,12,1,91,339,2,1,1,2,RN 20,0.0,0.0
201400038132,26,3,14,19,1,91,21,2,1,1,1,"9, JAURES JEAN (BOULEVAR",0.0,0.0
201400038133,31,3,14,18,1,91,21,2,1,1,2,RN20,0.0,0.0
201400038134,5,4,14,12,1,91,21,2,1,1,4,"20, HOCHE (AVENUE)",0.0,0.0
201400038135,9,4,14,12,1,91,425,1,1,1,2,"11, ORLEANS (ROUTE D')",0.0,0.0
201400038136,10,4,14,18,1,91,552,2,1,1,2,"108, MESNIL (RUE DU)",0.0,0.0
201400038137,14,4,14,19,1,91,552,2,1,1,6,"2, Frédéric Mistral (RUE",0.0,0.0
201400038138,16,4,14,8,1,91,425,2,1,1,2,TEMPLIERS (ROUTE DES),0.0,0.0
201400038139,17,4,14,8,1,91,347,2,1,1,2,PARIS (RUE DE),0.0,0.0
201400038140,17,4,14,11,1,91,103,2,1,1,2,TUILERIE (CHEMIN DE LA),0.0,0.0
201400038141,18,4,14,0,3,91,339,1,1,1,2,RN 20,0.0,0.0
201400038142,3,5,14,13,1,91,425,1,1,1,3,"12, RN 20",0.0,0.0
201400038143,5,5,14,11,1,91,425,2,1,1,2,"face 10A, TEMPLIERS (ROU",0.0,0.0
201400038144,10,5,14,14,1,91,552,2,1,1,1,René Dècle (IMPASSE),0.0,0.0
201400038145,20,5,14,8,1,91,103,2,1,1,6,BOYAU MAURICE (RUE),0.0,0.0
201400038146,20,5,14,8,1,91,21,2,1,1,2,CORNATON ABEL (bld)),0.0,0.0
201400038147,22,5,14,12,1,91,103,2,1,1,6,REPUBLIQUE (BOULEVARD,0.0,0.0
201400038148,31,5,14,18,1,91,103,2,1,1,6,POITOU (RUE DU),0.0,0.0
201400038149,1,6,14,12,1,91,339,1,1,1,3,RN 20,0.0,0.0
201400038150,4,6,14,12,1,91,103,1,6,2,3,BEAU DE ROCHAS ALPHONSE,0.0,0.0
201400038151,7,6,14,18,1,91,339,2,1,1,2,RN 20,0.0,0.0
201400038152,7,6,14,20,1,91,333,2,1,1,3,FERRY JULES (RUE),0.0,0.0
201400038153,8,6,14,17,1,91,457,1,6,1,3,FERTE ALAIS (ROUTE DE LA,0.0,0.0
201400038154,11,6,14,8,1,91,425,2,1,1,2,RN 20,0.0,0.0
201400038155,11,6,14,12,1,91,103,2,1,1,3,"134, BABIN (RUE DU DOCTE",0.0,0.0
201400038156,16,6,14,15,1,91,339,2,1,1,4,RN 20,0.0,0.0
201400038157,16,6,14,22,5,91,347,2,2,1,3,SOURCE (RUE DE LA),0.0,0.0
201400038158,17,6,14,17,1,91,103,2,1,1,6,"11, ALLENDE SALVADOR (RU",0.0,0.0
201400038159,18,6,14,12,1,91,339,2,1,1,4,TABOR (CHEMIN DE),0.0,0.0
201400038160,19,6,14,16,1,91,103,2,1,1,2,ALLENDE SALVADOR (RUE),0.0,0.0
201400038161,19,6,14,17,1,91,347,2,2,1,1,VERDUN (RUE DE),0.0,0.0
201400038162,23,6,14,12,1,91,339,2,1,1,3,DIVISION LECLERC (RUE DE,0.0,0.0
201400038163,25,6,14,8,1,91,333,2,2,1,3,HUIT MAI 1945 (RUE DU),0.0,0.0
201400038164,26,6,14,7,1,91,21,2,1,1,3,RN 20,0.0,0.0
201400038165,28,6,14,9,1,91,103,2,1,2,6,DANAUX EDOUARD (RUE),0.0,0.0
201400038166,12,7,14,10,1,91,339,2,1,1,3,RN 20,0.0,0.0
201400038167,12,7,14,15,1,91,425,2,1,1,3,"10, ORLEANS (ROUTE D')",0.0,0.0
201400038168,18,7,14,11,1,91,552,2,1,1,4,AULNAY (ROUTE D'),0.0,0.0
201400038169,21,7,14,22,3,91,21,1,1,1,1,RN 20,0.0,0.0
201400038170,24,7,14,15,1,91,425,1,1,1,2,NATIONALE 20 (ROUTE),0.0,0.0
201400038171,24,7,14,17,1,91,21,2,1,1,3,"9, DIVISION LECLERC (AVE",0.0,0.0
201400038172,27,7,14,13,1,91,103,2,1,1,3,COMMUNE DE PARIS (AV DE,0.0,0.0
201400038173,29,7,14,5,2,91,103,2,1,1,3,CD 19,0.0,0.0
201400038174,29,7,14,18,1,91,21,2,1,1,5,"3, GIRAULT ERNEST (BOULE",0.0,0.0
201400038175,12,8,14,2,3,91,21,1,1,1,6,RN 20,0.0,0.0
201400038176,12,8,14,15,1,91,103,2,2,1,5,RUE JEAN JAURES,0.0,0.0
201400038177,19,8,14,18,1,91,21,2,1,1,6,CORNATON ABEL (AV),0.0,0.0
201400038178,4,9,14,19,1,91,21,1,1,1,2,RN 20,0.0,0.0
201400038179,6,9,14,18,1,91,425,2,1,1,2,N 20 (Route d'Orléans),0.0,0.0
201400038180,12,9,14,16,1,91,21,2,1,1,6,"21, VERDUN (AVENUE DE)",0.0,0.0
201400038181,16,9,14,10,1,91,339,2,1,1,2,av Robert Benoist,0.0,0.0
201400038182,27,9,14,15,1,91,425,2,1,1,2,"28, GRANDE RUE",0.0,0.0
201400038183,30,9,14,17,1,91,103,2,1,1,3,VALORGE (RUE DE,0.0,0.0
201400038184,3,10,14,12,1,91,425,2,1,1,5,ORLEANS (ROUTE D'),0.0,0.0
201400038185,3,10,14,13,1,91,339,2,1,1,2,RN20,0.0,0.0
201400038186,4,10,14,11,1,91,103,2,6,1,3,CD 19,0.0,0.0