Num_Acc,jour,mois,an,hr,condition_eclairage,departement,commune,condition_agglomeration,intersection,condition_atmosphere,type_collision,adresse,lattitude,longitude
201400038187,6,10,14,20,5,91,339,2,1,2,2,RN20,0.0,0.0
201400038188,7,10,14,18,1,91,21,2,1,1,6,"17, DIVISION LECLERC (AV",0.0,0.0
201400038189,13,10,14,11,1,91,339,2,1,1,1,DIVISION LECLERC (RUE DE,0.0,0.0
201400038190,14,10,14,6,1,91,103,2,1,1,2,POITOU (RUE DU),0.0,0.0
201400038191,18,10,14,17,1,91,339,2,1,1,1,RN 20,0.0,0.0
201400038192,19,10,14,10,1,91,333,2,1,1,6,HUIT MAI 1945 (RUE DU),0.0,0.0
201400038193,19,10,14,14,1,91,457,2,1,1,6,RD 19,0.0,0.0
201400038194,26,10,14,16,1,91,347,2,3,1,3,PERRAY (RUE DU),0.0,0.0
201400038195,24,10,14,7,5,91,347,2,1,1,3,TEMPLIERS (ROUTE DES),0.0,0.0
201400038196,27,10,14,23,5,91,21,2,1,1,6,GIRAULT ERNEST (BOULE,0.0,0.0
201400038197,31,10,14,15,1,91,103,2,1,1,3,R.FONTAINE DU BEL HUTIN,0.0,0.0
201400038198,7,11,14,3,5,91,103,1,1,1,3,CD 19,0.0,0.0
201400038199,8,11,14,5,5,91,103,2,1,1,6,"126, BABIN (RUE DU DOCTE",0.0,0.0
201400038200,8,11,14,19,5,91,21,2,1,1,6,DIVISION LECLERC (AVENUE,0.0,0.0
201400038201,9,11,14,14,1,91,21,2,1,1,2,GRANDE (RUE),0.0,0.0
201400038202,12,11,14,18,5,91,425,2,1,1,2,BOURGUIGNONS (RUE DES),0.0,0.0
201400038203,14,11,14,9,1,91,21,2,1,2,1,HOCHE (AVENUE),0.0,0.0
201400038204,16,11,14,12,1,91,103,1,1,2,6,CD 19,0.0,0.0
201400038205,16,11,14,14,1,91,103,2,1,1,7,CD 19,0.0,0.0
201400038206,17,11,14,20,3,91,425,2,1,2,5,TEMPLIERS (ROUTE DES),0.0,0.0
201400038207,19,11,14,5,5,91,103,2,1,5,2,POITOU (RUE DU),0.0,0.0
201400038208,28,11,14,8,1,91,339,2,1,1,3,"10, DIVISION LECLERC (RU",0.0,0.0
201400038209,29,11,14,12,1,91,103,2,2,1,3,DANAUX EDOUARD (RUE),0.0,0.0
201400038210,4,12,14,0,5,91,21,2,1,1,1,"4, GIRAULT ERNEST (BOULE",0.0,0.0
201400038211,4,12,14,13,1,91,339,2,1,1,2,SABLONS (RUE DES),0.0,0.0
201400038212,4,12,14,18,5,91,552,2,1,1,6,CORBEIL (ROUTE DE),0.0,0.0
201400038213,5,12,14,4,5,91,425,2,1,1,7,RN 20,0.0,0.0
201400038214,5,12,14,19,5,91,347,2,1,1,2,"74, RN 20",0.0,0.0
201400038215,6,12,14,14,1,91,339,2,1,1,2,RN 20,0.0,0.0
201400038216,9,12,14,8,1,91,347,2,1,9,7,LEUVILLE (RUE DE),0.0,0.0
201400038217,9,12,14,20,5,91,103,2,1,1,7,"54, PATURES (CHEMIN DES)",0.0,0.0
201400038218,10,12,14,19,5,91,457,2,1,2,6,FERTE ALAIS (ROUTE DE LA,0.0,0.0
201400038219,11,12,14,10,1,91,425,2,1,1,4,RN 20,0.0,0.0
201400038220,14,12,14,14,1,91,21,2,1,8,1,HOCHE (AVENUE),0.0,0.0
201400038221,15,12,14,8,5,91,425,2,1,1,1,RN 20,0.0,0.0
201400038222,15,12,14,18,5,91,347,2,1,2,6,"48, MOULIN A VENT (IMPAS",0.0,0.0
201400038223,17,12,14,8,5,91,339,2,1,2,6,BOILLOT GEORGES (AVENUE),0.0,0.0
201400038224,17,12,14,10,1,91,552,2,1,2,6,"24, DECLE RENE (RUE)",0.0,0.0
201400038225,18,12,14,13,1,91,339,2,2,1,1,BOILLOT GEORGES (AVENUE),0.0,0.0
201400038226,20,12,14,19,3,91,425,2,1,1,2,BOURGUIGNONS (RUE DES),0.0,0.0
201400038227,30,12,14,11,1,91,425,2,1,1,1,"17, TEMPLIERS (ROUTE DES",0.0,0.0
201400038228,30,12,14,10,1,91,21,2,2,1,6,JAURES JEAN (BOULEVARD),0.0,0.0
201400038229,9,2,14,14,1,91,27,2,1,1,2,"17, PITOUREES (RUE DES)",0.0,0.0
201400038230,20,2,14,17,1,91,27,2,1,1,6,BRIAND (AVENUE ARISTIDE),0.0,0.0
201400038231,4,1,14,16,1,91,27,1,2,1,6,FONTAINEBLEAU (AV,0.0,0.0
201400038232,25,5,14,7,1,91,479,1,1,1,2,FONTAINEBLEAU (AV,0.0,0.0
201400038233,9,6,14,21,1,91,27,2,3,1,1,MITTERAND (AVENUE FRA,0.0,0.0
201400038234,30,9,14,18,5,91,479,2,1,1,2,JAURES (AVENUE JEAN),0.0,0.0
201400038235,10,7,14,10,1,91,479,2,1,1,6,"17, VERDUN (AVENUE DE)",0.0,0.0
201400038236,10,10,14,16,1,91,27,2,1,1,6,R. G. ANTONIOZ DE GAULLE,0.0,0.0
201400038237,2,11,14,16,1,91,27,2,1,1,2,MITTERAND (AVENUE FRA,0.0,0.0
201400038238,6,11,14,7,2,91,27,2,2,1,3,MORANGIS (AVENUE DE),0.0,0.0
201400038239,19,11,14,22,5,91,27,2,1,1,5,"75, MITTERAND (AVENUE FR",0.0,0.0
201400038240,19,11,14,18,5,91,479,1,1,1,3,FONTAINEBLEAU (AV,0.0,0.0
201400038241,18,11,14,7,5,91,27,2,1,1,5,INDUSTRIE (QUAI DE L',0.0,0.0
201400038242,3,12,14,8,1,91,27,2,1,2,6,DUNANT (AVENUE HENRI),0.0,0.0
201400038243,21,12,14,21,4,91,479,2,1,1,4,FONTAINEBLEAU (AV,0.0,0.0
201400038244,15,1,14,8,2,91,114,2,6,2,3,PYRAMIDE (PLACE DE LA),0.0,0.0
201400038245,15,1,14,15,1,91,114,2,1,2,2,"81, ROUTE NATIONALE 6",0.0,0.0
201400038246,16,1,14,9,1,91,114,2,6,2,6,WITTLICH (ROND POINT),0.0,0.0
201400038247,21,1,14,15,1,91,631,2,1,1,2,BOIELDIEU (RUE),0.0,0.0
201400038248,21,1,14,19,4,91,114,2,1,1,3,PIERRE PROST (AVENUE),0.0,0.0
201400038249,30,1,14,8,2,91,114,2,2,1,1,VILLECRESNES (RUE),0.0,0.0
201400038250,2,2,14,18,5,91,215,2,6,1,6,JACQUES ANQUETIL (ROND-P,0.0,0.0
201400038251,3,2,14,6,2,91,97,2,6,1,3,JEAN MOULIN (AVENUE),0.0,0.0
201400038252,8,2,14,15,1,91,114,2,1,1,2,RN 6,0.0,0.0
201400038253,10,2,14,10,1,91,114,2,1,1,2,RN 6,0.0,0.0
201400038254,11,2,14,17,1,91,114,2,6,1,3,PIERRE PROST (AVENUE),0.0,0.0
201400038255,15,2,14,19,5,91,114,2,1,1,1,"8, ILE DE FRANCE (BOULEV",0.0,0.0
201400038256,26,2,14,20,5,91,114,2,1,1,2,RN 6,0.0,0.0
201400038257,27,2,14,11,1,91,114,2,1,3,2,CERCAY (RUE DE),0.0,0.0
201400038258,2,3,14,11,1,91,114,2,1,1,6,PYRAMIDE (AVENUE DE LA),0.0,0.0
201400038259,1,3,14,17,1,91,514,2,1,1,1,CD 33,0.0,0.0
201400038260,10,3,14,9,1,91,114,2,1,1,2,ROUTE NATIONALE 6,0.0,0.0
201400038261,9,3,14,21,5,91,114,2,1,1,3,ROUTE NATIONALE 6,0.0,0.0
201400038262,14,3,14,17,1,91,97,2,1,1,3,CORA ET SON PARKING,0.0,0.0
201400038263,30,3,14,18,1,91,215,2,1,1,3,ANATOLE FRANCE (RUE),0.0,0.0
201400038264,1,4,14,10,1,91,215,2,1,1,2,HUIT MAI QUARANTE CINQ (,0.0,0.0
201400038265,18,4,14,15,1,91,114,2,1,1,3,"7, TALMA (RUE)",0.0,0.0
201400038266,17,5,14,11,1,91,114,2,1,1,5,ROUTE NATIONALE 6,0.0,0.0
201400038267,18,5,14,11,1,91,514,2,1,1,2,RD 33,0.0,0.0
201400038268,21,5,14,17,1,91,114,2,1,2,2,TALMA (RUE),0.0,0.0
201400038269,29,5,14,20,1,91,114,2,1,1,6,REPUBLIQUE (RUE DE LA),0.0,0.0
201400038270,5,6,14,15,1,91,114,2,1,1,2,PIERRE PROST (AVENUE),0.0,0.0
201400038271,13,6,14,19,1,91,114,2,3,1,1,VALLEES (RUE),0.0,0.0
201400038272,15,6,14,18,1,91,114,2,1,1,3,PIERRE PROST (AVENUE),0.0,0.0
201400038273,18,6,14,7,1,91,114,2,1,1,2,ROUTE NATIONALE 6,0.0,0.0
201400038274,23,6,14,14,1,91,114,2,1,1,6,PONT PERRONNET (RUE DU),0.0,0.0
201400038275,5,6,14,16,1,91,114,2,1,1,1,GENERAL GOUTTIERE (AVENU,0.0,0.0
201400038276,5,6,14,19,1,91,114,2,1,1,6,ABBAYE (RUE DE L'),0.0,0.0
201400038277,30,6,14,20,1,91,514,2,1,1,2,"05, HENRI CHASLES (AVENU",0.0,0.0
201400038278,2,7,14,17,1,91,215,2,4,1,3,CHEMIN VERT,0.0,0.0
201400038279,6,7,14,13,1,91,114,2,1,2,2,ROUTE NATIONALE 6,0.0,0.0
201400038280,7,7,14,7,1,91,114,2,1,1,4,ROUTE NATIONALE 6,0.0,0.0
201400038281,13,7,14,9,1,91,114,2,1,2,6,PONT PERRONNET (RUE DU),0.0,0.0
201400038282,21,7,14,7,1,91,114,2,3,8,4,ROUTE NATIONALE 6,0.0,0.0
201400038283,3,8,14,9,1,91,631,2,1,1,6,"41, MANDRES (RUE DE)",0.0,0.0
201400038284,6,8,14,15,1,91,114,2,1,2,2,PIERRE PROST (AVENUE),0.0,0.0
201400038285,11,8,14,17,1,91,114,2,1,1,2,"74, GENERAL LECLERC (AVE",0.0,0.0
201400038286,18,8,14,9,1,91,114,2,1,1,2,RN 6,0.0,0.0
201400038287,22,8,14,19,1,91,114,2,3,1,3,"9, MONTMARTEL (RUE)",0.0,0.0
201400038288,30,8,14,9,1,91,114,2,1,1,6,POSTE (RUE DE LA),0.0,0.0
201400038289,31,8,14,16,1,91,114,2,1,1,2,RN 6,0.0,0.0
201400038290,19,9,14,9,1,91,514,2,3,1,3,GARE (RUE DE LA),0.0,0.0
201400038291,24,9,14,8,1,91,114,2,3,1,1,LATERALE (RUE),0.0,0.0
201400038292,30,9,14,13,1,91,114,2,1,1,3,RN 6,0.0,0.0
201400038293,6,10,14,8,1,91,514,1,9,1,5,CD 33,0.0,0.0
201400038294,9,10,14,7,1,91,514,2,1,2,6,GARE (RUE DE LA),0.0,0.0
201400038295,12,10,14,1,3,91,514,1,1,1,6,CD 33,0.0,0.0
201400038296,12,10,14,13,1,91,514,2,1,1,3,BOISSY (RUE DE),0.0,0.0
201400038297,13,10,14,15,1,91,215,2,3,1,6,ROCHEAU (ESPACE),0.0,0.0
201400038298,14,10,14,12,1,91,514,2,1,1,2,CENTRE COMMERCIAL VAL D',0.0,0.0
201400038299,15,10,14,8,1,91,215,2,1,1,6,VICTOR HUGO (AVENUE),0.0,0.0
201400038300,19,10,14,22,5,91,114,2,1,1,7,ILE DE FRANCE (BOULEVARD,0.0,0.0
201400038301,4,11,14,8,1,91,114,2,3,1,1,GENERAL LECLERC (AVENUE,0.0,0.0
201400038302,4,11,14,10,1,91,114,2,6,1,1,BRIE (ROUTE DE),0.0,0.0
201400038303,5,11,14,11,1,91,114,2,1,1,5,RN 6,0.0,0.0
201400038304,12,11,14,8,2,91,97,2,2,1,3,LILAS  (RUE DES),0.0,0.0
201400038305,14,11,14,13,1,91,114,2,1,1,6,BD CHARLES DE GAULLE,0.0,0.0
201400038306,11,12,14,9,1,91,514,1,1,1,2,CD 33,0.0,0.0
201400038307,13,12,14,15,1,91,114,1,1,1,2,ROUTE NATIONALE 6,0.0,0.0
201400038308,26,12,14,11,1,91,97,2,6,1,3,CHARLES DE GAULLE(av),0.0,0.0
201400038309,26,12,14,17,5,91,97,2,1,1,2,"3, CHARLES DE GAULLE (Av",0.0,0.0
201400038310,30,12,14,12,1,91,114,2,1,1,2,ROUTE NATIONALE 6,0.0,0.0
201400038311,18,11,14,16,1,91,174,2,1,9,1,"1, Général Leclerc (rue)",0.0,0.0
201400038312,15,12,14,14,1,91,174,2,6,9,2,"01, PAPETERIE(RUE)",0.0,0.0
201400038313,14,11,14,13,1,91,174,2,6,1,3,Emile ZOLA (rue),0.0,0.0
201400038314,16,12,14,18,5,91,174,2,1,1,1,"83, LISSES (ROUTE DE)",0.0,0.0
201400038315,17,12,14,18,5,91,174,2,1,1,6,"83, CARNOT(AVENUE)",0.0,0.0
201400038316,6,10,14,10,1,91,174,2,1,1,3,"86, FONTAINEBLEAU (BD)",0.0,0.0
201400038317,4,10,14,20,5,91,174,2,1,1,6,"5, BLUM(AVENUE LEON)",0.0,0.0
201400038318,11,2,14,17,1,91,174,2,1,2,6,DUNANT ( BD HENRI),0.0,0.0
201400038319,26,10,14,20,3,91,174,2,9,1,6,"62, DUNANT ( BD HENRI)",0.0,0.0
201400038320,22,2,14,14,1,91,174,2,1,1,3,QUEUILLE Henri  (rue),0.0,0.0
201400038321,12,12,14,13,1,91,174,2,1,2,3,"59, PARIS (RUE)",0.0,0.0
201400038322,21,2,14,10,1,91,174,2,1,1,6,"67, CARNOT(avenue)",0.0,0.0
201400038323,12,11,14,19,5,91,174,2,6,1,1,JEAN COCTEAU (RUE),0.0,0.0
201400038324,21,2,14,15,1,91,174,2,1,1,1,champlouis,0.0,0.0
201400038325,10,3,14,8,1,91,174,2,2,1,2,"100, JEAN JAURES (BOULEV",0.0,0.0
201400038326,14,3,14,8,1,91,174,2,6,1,3,QUAI MAUZAISSE,0.0,0.0
201400038327,29,3,14,18,1,91,174,2,1,1,6,"102, PAPETERIE(RUE)",0.0,0.0
201400038328,28,2,14,2,5,91,174,2,1,1,6,"261, JOHN KENNEDY (BOULE",0.0,0.0
201400038329,21,2,14,19,5,91,174,2,1,1,6,"15, Emile ZOLA (rue)",0.0,0.0
201400038330,4,4,14,19,1,91,174,2,1,1,6,"7, PLACE SAINT LEONARD",0.0,0.0
201400038331,14,2,14,16,1,91,174,2,9,1,6,"1, Emile ZOLA (rue)",0.0,0.0
201400038332,30,4,14,12,1,91,174,2,9,1,6,"01, FERAY ( rue )",0.0,0.0
201400038333,25,4,14,19,1,91,174,2,1,1,3,"47, PAPETERIE(RUE)",0.0,0.0
201400038334,12,3,14,21,5,91,174,2,1,1,6,ST SPIRE(RUE),0.0,0.0
201400038335,9,3,14,12,1,91,174,2,1,1,2,"82, JEAN JAURES (BOULEVA",0.0,0.0
201400038336,15,5,14,15,1,91,174,2,1,1,6,"08, JOHN KENNEDY (BOULEV",0.0,0.0
201400038337,16,5,14,16,1,91,174,2,1,1,2,"20, JEAN JAURES (BOULEVA",0.0,0.0
201400038338,5,6,14,19,1,91,174,2,1,1,3,"130, JOHN KENNEDY (BOULE",0.0,0.0
201400038339,2,3,14,12,1,91,174,2,1,1,6,"92, BAS VIGNONS(CHEMIN)",0.0,0.0
201400038340,26,5,14,12,1,91,174,2,6,2,2,"119, PAPETERIE(RUE)",0.0,0.0
201400038341,11,6,14,17,1,91,174,2,1,1,2,"25, JEAN JAURES (BOULEVA",0.0,0.0
201400038342,22,4,14,11,1,91,174,2,3,1,3,"48, ANGOULEME(RUE D')",0.0,0.0
201400038343,25,4,14,17,1,91,174,2,3,1,5,QUAI MAUZAISSE,0.0,0.0
201400038344,1,4,14,17,1,91,174,2,1,1,3,"7, HELOISE (rue)",0.0,0.0
201400038345,11,7,14,15,1,91,174,2,1,1,2,"5, LEON BLUM (RUE)",0.0,0.0
201400038346,31,7,14,18,1,91,174,2,1,1,4,"33, 08 MAI 1945 (AVENUE)",0.0,0.0
201400038347,27,8,14,11,1,91,174,2,1,1,6,"23, FONTAINEBLEAU (BD)",0.0,0.0
201400038348,28,6,14,10,1,91,174,2,6,1,3,08 MAI 1945 (AVENUE),0.0,0.0
201400038349,12,4,14,16,1,91,174,2,1,1,1,JEAN JAURES (BOULEVARD),0.0,0.0
201400038350,15,5,14,18,1,91,174,2,1,1,6,"01, 08 MAI 1945 (AVENUE)",0.0,0.0
201400038351,27,6,14,17,1,91,174,2,3,9,3,Emile ZOLA (rue),0.0,0.0
201400038352,8,9,14,18,1,91,174,2,1,1,3,08 MAI 1945 (AVENUE),0.0,0.0
201400038353,9,9,14,14,1,91,174,2,1,1,6,"1, montagne des glaises",0.0,0.0
201400038354,11,10,14,16,1,91,174,2,1,1,6,"23, JEAN JAURES (BOULEVA",0.0,0.0
201400038355,29,9,14,20,5,91,174,2,1,2,6,"29, DUNANT ( BD HENRI)",0.0,0.0
201400038356,30,9,14,15,1,91,174,2,2,1,3,LEON BLUM (av),0.0,0.0
201400038357,29,9,14,20,5,91,174,2,6,2,3,Emile ZOLA (rue),0.0,0.0
201400038358,28,10,14,14,1,91,174,2,1,1,3,"83, JEAN JAURES (BOULEVA",0.0,0.0
201400038359,4,9,14,17,1,91,174,2,1,1,3,ST SPIRE(RUE),0.0,0.0
201400038360,25,9,14,12,1,91,174,2,1,1,2,"120, JEAN JAURES (BOULEV",0.0,0.0
201400038361,4,1,14,15,1,91,657,2,2,1,3,FREDERIC JOLIOT CURIE (A,0.0,0.0
201400038362,7,1,14,16,1,91,657,2,1,1,6,HENRI BARBUSSE (AVENUE),0.0,0.0
201400038363,6,1,14,13,1,91,201,2,1,2,2,MAINVILLE(RUE DE),0.0,0.0
201400038364,12,1,14,18,5,91,657,2,2,1,3,PAUL VAILLANT COUTURIER,0.0,0.0
201400038365,14,1,14,7,5,91,657,2,1,1,6,TOURELLE (AVENUE DE LA,0.0,0.0
201400038366,27,1,14,12,1,91,657,2,1,2,3,BOURBONNAIS (RUE),0.0,0.0
201400038367,28,1,14,18,5,91,657,2,1,2,6,COMMUNE DE PARIS (RUE DE,0.0,0.0
201400038368,9,2,14,11,1,91,201,2,1,1,3,"115, EUGENE DELACROIX(AV",0.0,0.0
201400038369,9,2,14,8,1,91,201,2,1,1,6,GENERAL DE GAULLE(BOULEV,0.0,0.0
201400038370,3,3,14,19,2,91,201,2,1,1,2,HENRI BARBUSSE(AV,0.0,0.0
201400038371,6,3,14,8,1,91,201,2,1,1,6,EUGENE DELACROIX(AVENUE),0.0,0.0
201400038372,8,3,14,16,1,91,201,2,1,1,6,CHATILLON(RUE DE ),0.0,0.0
201400038373,27,3,14,18,2,91,657,2,1,1,4,MARECHAL LECLERC (RUE) C,0.0,0.0
201400038374,22,2,14,15,1,91,657,2,2,1,6,HENRI BARBUSSE (AVENUE),0.0,0.0
201400038375,2,4,14,22,5,91,201,2,2,1,3,GENERAL DE GAULLE(BOULEV,0.0,0.0
201400038376,4,6,14,20,1,91,201,2,1,1,3,HENRI BARBUSSE(BOULEVARD,0.0,0.0
201400038377,8,6,14,22,5,91,201,2,1,1,6,HENRI BARBUSSE(AV,0.0,0.0
201400038378,23,6,14,11,1,91,657,2,2,1,2,SALVADOR ALLENDE (RUE),0.0,0.0
201400038379,1,7,14,22,5,91,657,2,1,9,6,RUE JULES VALLES,0.0,0.0
201400038380,18,7,14,18,1,91,657,2,1,1,6,HENRI BARBUSSE (AVENUE),0.0,0.0
201400038381,2,3,14,10,1,91,657,2,1,1,6,PASTEUR (RUE),0.0,0.0
201400038382,30,7,14,6,2,91,201,2,1,1,6,HENRI BARBUSSE(BOULEVARD,0.0,0.0
201400038383,22,8,14,13,1,91,201,2,2,1,1,EUROPE(AVENUE DE L'),0.0,0.0
201400038384,27,2,14,10,1,91,201,2,1,1,2,VILLIERS ( AVENUE DE ),0.0,0.0
201400038385,28,11,14,13,1,91,657,2,2,1,6,JACQUES JEUNON (RUE),0.0,0.0
201400038386,15,3,14,3,5,91,657,2,2,9,3,PASTEUR (RUE),0.0,0.0
201400038387,20,3,14,19,2,91,657,2,2,1,2,POTAGER (RUE DU),0.0,0.0
201400038388,22,3,14,19,5,91,201,2,1,2,3,GENERAL DE GAULLE(BOULEV,0.0,0.0
201400038389,28,3,14,7,2,91,657,2,1,1,6,GABRIEL PERI (RUE),0.0,0.0
201400038390,9,4,14,17,1,91,201,2,1,1,6,PARIS(AVENUE DE ),0.0,0.0
201400038391,11,4,14,18,1,91,657,2,2,9,1,SALVADOR ALLENDE (RUE),0.0,0.0
201400038392,23,4,14,16,1,91,201,2,1,1,4,WALDECK-ROUSSEAU (RUE),0.0,0.0
201400038393,30,4,14,9,1,91,201,2,1,1,4,HENRI BARBUSSE(BOULEVARD,0.0,0.0
201400038394,30,4,14,13,1,91,201,2,1,1,6,REPUBLIQUE (PLACE DE LA),0.0,0.0
201400038395,28,6,14,17,2,91,201,2,2,2,4,HENRI BARBUSSE(BOULEVARD,0.0,0.0
201400038396,13,5,14,14,1,91,201,2,2,2,3,HENRI BARBUSSE(BOULEVARD,0.0,0.0
201400038397,16,5,14,4,5,91,201,2,1,1,6,EUGENE DELACROIX(AVENUE),0.0,0.0
201400038398,15,6,14,15,1,91,201,2,1,1,6,EUGENE DELACROIX(AVENUE),0.0,0.0
201400038399,13,6,14,7,1,91,201,2,1,1,1,HENRI BARBUSSE(BOULEVARD,0.0,0.0
201400038400,4,9,14,10,1,91,201,2,1,1,6,HENRI BARBUSSE(BOULEVARD,0.0,0.0
201400038401,15,9,14,18,1,91,201,2,1,1,6,ACACIAS(AVENUE DES ACACI,0.0,0.0
201400038402,14,7,14,13,1,91,657,2,2,1,2,HENRI BARBUSSE (AVENUE),0.0,0.0
201400038403,26,7,14,11,1,91,201,2,1,1,3,HENRI BARBUSSE(BOULEVARD,0.0,0.0
201400038404,28,7,14,9,1,91,657,2,1,1,6,PIERRE MARIN (RUE),0.0,0.0
201400038405,3,8,14,16,1,91,201,2,1,1,3,HENRI BARBUSSE(BOULEVARD,0.0,0.0
201400038406,22,8,14,9,1,91,201,2,1,1,6,GENERAL DE GAULLE(BOULEV,0.0,0.0
201400038407,11,9,14,19,1,91,201,2,1,1,6,MARAIS(RUE DU),0.0,0.0
201400038408,15,9,14,9,1,91,657,2,1,1,3,HENRI BARBUSSE (AVENUE),0.0,0.0
201400038409,16,9,14,8,1,91,657,2,2,1,3,COLCHIQUE (RUE DU),0.0,0.0
201400038410,16,9,14,15,1,91,201,2,1,1,2,HENRI BARBUSSE(BOULEVARD,0.0,0.0
201400038411,26,9,14,8,1,91,201,2,1,1,3,CHEMIN VERT(RUE DU),0.0,0.0
201400038412,29,9,14,8,1,91,201,2,1,2,4,GENERAL DE GAULLE(BOULEV,0.0,0.0
201400038413,30,9,14,18,1,91,201,2,1,1,6,PORT AUX DAMES(QUAI+RUE,0.0,0.0
201400038414,30,10,14,6,5,91,657,2,1,1,3,PIERRE BROSSOLETTE (RUE),0.0,0.0
201400038415,4,11,14,9,1,91,201,2,1,2,3,GENERAL DE GAULLE(BOULEV,0.0,0.0
201400038416,13,11,14,11,1,91,657,2,1,1,1,VICTOR HUGOR(RUE),0.0,0.0
201400038417,15,11,14,9,1,91,201,2,1,1,1,EUROPE(AVENUE DE L'),0.0,0.0
201400038418,17,11,14,18,5,91,201,2,1,1,6,EUROPE(AVENUE DE L'),0.0,0.0
201400038419,23,12,14,8,1,91,657,2,2,2,3,HENRI DUVERNOIS (RUE),0.0,0.0
201400038420,7,1,14,8,2,91,433,1,1,2,7,D837,0.0,0.0
201400038421,9,1,14,20,5,91,223,2,1,1,7,RD 191,0.0,0.0
201400038422,10,1,14,18,4,91,223,2,6,1,3,"16, AVENUE DE LA LIBERAT",0.0,0.0
201400038423,12,1,14,12,1,91,433,1,1,1,2,RN 20,0.0,0.0
201400038424,13,1,14,12,1,91,223,2,1,1,6,FILOIR (RUE DU),0.0,0.0
201400038425,13,1,14,14,1,91,223,1,1,1,6,D 63,0.0,0.0
201400038426,15,1,14,13,1,91,223,1,1,2,6,RN20,0.0,0.0
201400038427,15,1,14,17,2,91,223,2,1,3,6,"1, MAI 1945 (AVENUE DU 8",0.0,0.0
201400038428,16,1,14,8,1,91,223,1,1,2,4,RN20,0.0,0.0
201400038429,18,1,14,10,1,91,223,2,1,1,6,GEOFFROY ST HILAI,0.0,0.0
201400038430,19,1,14,6,3,91,433,1,6,2,6,ROCHETTES (RUE DE,0.0,0.0
201400038431,24,1,14,13,1,91,223,1,1,1,5,RD 191,0.0,0.0
201400038432,25,1,14,11,1,91,223,2,1,1,7,HENRI IV (BOULEVA,0.0,0.0
201400038433,25,1,14,17,1,91,223,2,1,2,2,MARCHE FRANC (AVE,0.0,0.0
201400038434,30,1,14,18,5,91,223,2,1,1,6,"12, MANIVELLE (RUE DE LA",0.0,0.0
201400038435,3,2,14,14,1,91,223,1,1,1,6,CD63,0.0,0.0
201400038436,4,2,14,17,1,91,469,2,1,1,7,"1, VALLEE AUX LOUPS (RUE",0.0,0.0
201400038437,6,2,14,11,1,91,223,2,1,2,7,"01, LYS (RUE DES)",0.0,0.0
201400038438,10,2,14,15,1,91,223,1,9,1,2,RN20,0.0,0.0
201400038439,13,2,14,8,2,91,223,2,1,3,6,"1, ALLENDE (RUE SALVADOR",0.0,0.0
201400038440,16,2,14,1,5,91,223,2,1,1,6,CHARPENTIER (AV,0.0,0.0
201400038441,16,2,14,18,2,91,223,2,2,1,6,MOREAU (RUE LOUIS,0.0,0.0
201400038442,18,2,14,4,5,91,223,2,1,1,7,PONT DORE (RUE DU),0.0,0.0
201400038443,23,2,14,12,1,91,223,2,2,1,3,REPUBLIQUE (RUE DE LA),0.0,0.0
201400038444,2,3,14,10,1,91,433,2,1,1,7,AUVERS (RUE D'),0.0,0.0
201400038445,3,3,14,7,2,91,223,1,1,1,7,RN20,0.0,0.0
201400038446,6,3,14,10,1,91,223,2,1,1,2,"160, PONT SAINT JEAN (RU",0.0,0.0
201400038447,7,3,14,14,1,91,223,2,1,1,5,MARQUIS (RUE LEON),0.0,0.0
201400038448,14,3,14,15,1,91,223,2,1,1,6,HOTEL DE VILLE (Plce,0.0,0.0
201400038449,18,3,14,13,1,91,223,2,3,1,4,LYS (RUE DES),0.0,0.0
201400038450,22,3,14,14,1,91,433,1,1,1,7,RN20,0.0,0.0
201400038451,25,3,14,7,1,91,223,2,1,2,6,REPUBLIQUE (RUE DE LA),0.0,0.0
201400038452,29,3,14,12,1,91,433,2,1,1,2,SAINT GERMAIN (RUE),0.0,0.0
201400038453,3,4,14,11,2,91,433,2,9,1,3,PONTS (RUE DES),0.0,0.0
201400038454,7,4,14,8,1,91,223,1,1,1,2,RN20,0.0,0.0
201400038455,11,4,14,9,1,91,223,2,3,1,1,SAINT JACQUES (RUE,0.0,0.0
201400038456,11,4,14,17,1,91,223,1,1,1,1,"41, SACLAS (ROUTE DE)",0.0,0.0
201400038457,16,4,14,9,1,91,223,1,2,1,5,RD721,0.0,0.0
201400038458,18,4,14,18,1,91,223,1,1,1,6,RD 191,0.0,0.0
201400038459,25,4,14,16,1,91,223,2,1,1,2,"17, PARIS (AVENUE DE)",0.0,0.0
201400038460,27,4,14,10,1,91,223,1,1,2,7,RD 191,0.0,0.0
201400038461,29,4,14,18,1,91,433,2,3,2,3,"1, BLANCHE (ROUTE)",0.0,0.0
201400038462,15,5,14,8,1,91,223,2,1,1,2,"1, PONT SAINT JEAN (RUE",0.0,0.0
201400038463,16,5,14,17,1,91,433,1,1,1,7,RD 191,0.0,0.0
201400038464,18,5,14,18,1,91,223,2,1,1,6,"1, LYS (RUE DES)",0.0,0.0
201400038465,21,5,14,10,1,91,223,1,1,3,2,RN 20,0.0,0.0
201400038466,27,5,14,17,1,91,223,2,1,1,6,"1, LIBERATION (SQUARE DE",0.0,0.0
201400038467,30,5,14,9,1,91,223,2,3,1,1,BRESSAULT (RUE DE,0.0,0.0
201400038468,30,5,14,20,1,91,223,1,1,1,5,RN 20,0.0,0.0
201400038469,4,6,14,17,1,91,223,1,1,3,7,RN20,0.0,0.0
201400038470,14,6,14,15,1,91,223,2,1,1,6,"1, MOREAU (RUE LOUIS)",0.0,0.0
201400038471,14,6,14,17,1,91,433,1,1,1,7,RN20,0.0,0.0
201400038472,17,6,14,9,1,91,223,2,1,1,6,PRISON (RUE DE LA),0.0,0.0
201400038473,20,6,14,8,1,91,223,2,1,1,6,LYS (RUE DES),0.0,0.0
201400038474,24,6,14,6,1,91,469,1,3,1,3,RD721,0.0,0.0
201400038475,26,6,14,7,1,91,223,2,1,1,6,ECORCHOIR (CHEMIN DE L'),0.0,0.0
201400038476,27,6,14,20,1,91,223,2,1,1,6,HENRI IV (BOULEVA,0.0,0.0
201400038477,29,6,14,5,5,91,223,2,1,1,6,"94, SAINT MARTIN (RUE)",0.0,0.0
201400038478,29,6,14,7,1,91,433,1,6,2,7,RD 191,0.0,0.0