Num_Acc,jour,mois,an,hr,condition_eclairage,departement,commune,condition_agglomeration,intersection,condition_atmosphere,type_collision,adresse,lattitude,longitude
201400038479,29,6,14,17,1,91,223,1,1,1,7,RN20,0.0,0.0
201400038480,5,7,14,18,1,91,223,2,1,1,6,GUETTARD (RUE J.E,0.0,0.0
201400038481,6,7,14,16,1,91,223,2,7,1,2,MOREAU (RUE LOUIS,0.0,0.0
201400038482,18,7,14,11,1,91,223,1,2,1,3,D721,0.0,0.0
201400038483,27,7,14,14,1,91,223,2,4,1,2,COQUERIVE (AVENUE,0.0,0.0
201400038484,27,7,14,16,1,91,433,2,1,1,7,AUVERS (RUE D'),0.0,0.0
201400038485,28,7,14,19,1,91,223,2,1,1,6,LYS (RUE DES),0.0,0.0
201400038486,1,8,14,15,1,91,433,1,1,1,7,RD 191,0.0,0.0
201400038487,2,8,14,16,1,91,223,1,1,1,2,RN20,0.0,0.0
201400038488,6,8,14,10,1,91,223,2,1,2,6,"13, PONT SAINT JEAN (RUE",0.0,0.0
201400038489,6,8,14,11,1,91,223,2,1,2,7,"1, PONT SAINT JEAN (RUE",0.0,0.0
201400038490,8,8,14,16,1,91,433,1,1,3,6,"1, CD 837",0.0,0.0
201400038491,11,8,14,18,1,91,223,1,2,1,3,RD721,0.0,0.0
201400038492,17,8,14,18,1,91,223,1,1,1,3,RN20,0.0,0.0
201400038493,23,8,14,11,1,91,433,1,1,1,3,RD 837,0.0,0.0
201400038494,26,8,14,12,1,91,223,2,1,2,2,MAI 1945 (AVENUE DU 8,0.0,0.0
201400038495,1,9,14,16,1,91,223,1,1,1,3,RN20,0.0,0.0
201400038496,4,9,14,18,1,91,223,1,1,1,6,RD 21,0.0,0.0
201400038497,10,9,14,11,1,91,223,2,1,1,6,SAINTE-CROIX (RUE),0.0,0.0
201400038498,12,9,14,14,1,91,223,2,1,1,2,RD 191,0.0,0.0
201400038499,15,9,14,20,2,91,223,2,1,1,2,CAMUS (RUE DU DOC,0.0,0.0
201400038500,23,9,14,12,1,91,223,1,1,1,3,RN20,0.0,0.0
201400038501,26,9,14,2,3,91,433,1,6,1,6,RN20,0.0,0.0
201400038502,27,9,14,10,1,91,223,2,3,1,6,BONNEVAUX (AVENUE,0.0,0.0
201400038503,29,9,14,8,1,91,223,2,1,2,6,LYS (RUE DES),0.0,0.0
201400038504,4,10,14,11,1,91,223,2,1,1,6,"1, TANNERIE (RUE DE LA)",0.0,0.0
201400038505,4,10,14,17,1,91,223,2,1,1,7,"1, PONT SAINT JEAN (RUE",0.0,0.0
201400038506,8,10,14,11,1,91,223,1,1,2,7,"1, ROND POINT CHARLES DE",0.0,0.0
201400038507,14,10,14,22,3,91,433,1,1,1,7,CD 837,0.0,0.0
201400038508,24,10,14,17,1,91,469,2,1,1,7,MOULIN DE LA PLAN,0.0,0.0
201400038509,31,10,14,17,1,91,433,2,1,1,6,"5, CHAMPINS (IMPASSE DE",0.0,0.0
201400038510,1,11,14,21,3,91,223,2,1,1,2,RN20,0.0,0.0
201400038511,4,11,14,16,1,91,223,2,1,1,6,"20 bis, SAINT MARTIN (RU",0.0,0.0
201400038512,12,11,14,7,5,91,223,2,3,1,6,MONTFAUCON (BOULEVARD DE,0.0,0.0
201400038513,12,11,14,12,1,91,223,2,1,1,6,"1, GEOFFROY ST HILAIRE (",0.0,0.0
201400038514,25,11,14,6,3,91,223,1,1,2,7,RN20,0.0,0.0
201400038515,26,11,14,19,3,91,223,1,1,1,7,RN20,0.0,0.0
201400038516,2,12,14,10,1,91,223,2,1,2,6,"24, HAUT PAVE (RUE DU)",0.0,0.0
201400038517,11,12,14,6,3,91,469,1,1,1,6,D721,0.0,0.0
201400038518,11,12,14,13,1,91,433,1,1,1,6,RD 191,0.0,0.0
201400038519,13,12,14,19,5,91,223,2,1,1,4,BONNEVAUX (AVENUE,0.0,0.0
201400038520,14,12,14,11,1,91,223,1,2,5,3,RD721,0.0,0.0
201400038521,16,12,14,16,1,91,223,2,2,1,2,SAINT MARTIN (RUE,0.0,0.0
201400038522,17,12,14,8,2,91,223,2,4,2,1,PONT ST JEAN (rue),0.0,0.0
201400038523,19,12,14,17,1,91,223,2,2,1,6,"41, HAUT PAVE (RUE DU)",0.0,0.0
201400038524,26,12,14,6,3,91,223,1,1,1,6,RN20,0.0,0.0
201400038525,30,1,14,20,5,91,521,2,3,1,3,LIBERATION (AVENUE DE,0.0,0.0
201400038526,27,1,14,20,5,91,228,2,3,1,6,CHAMPS ELYSEES (BD) N?11,0.0,0.0
201400038527,30,1,14,16,1,91,521,2,1,1,6,BROSSOLETTE (RUE PIER,0.0,0.0
201400038528,5,2,14,11,1,91,228,2,1,1,3,"225, CHAMPS ELYSEES (BD)",0.0,0.0
201400038529,22,2,14,12,1,91,228,2,1,1,6,AGORA (ALLEE DE L'),0.0,0.0
201400038530,11,2,14,19,5,91,228,2,4,2,5,YERRES (BD),0.0,0.0
201400038531,22,2,14,1,5,91,521,2,1,1,7,BONTE (RUE),0.0,0.0
201400038532,13,5,14,8,1,91,228,2,1,1,6,"4, MOLIERE (RUE)",0.0,0.0
201400038533,31,7,14,14,1,91,521,2,1,1,6,GRIGNY (ROUTE DE),0.0,0.0
201400038534,14,11,14,17,1,91,521,2,1,1,6,"5, CHATEAU D'EAU (RUE DU",0.0,0.0
201400038535,14,4,14,10,1,91,228,2,1,1,6,"1, FRANCE (BD) N° IMPAIR",0.0,0.0
201400038536,24,7,14,20,2,91,182,2,6,1,3,"1, GARENNE (ROND-POINT D",0.0,0.0
201400038537,1,1,14,18,2,91,286,2,1,2,3,PREMIERE ARMEE (AVENUE),0.0,0.0
201400038538,8,1,14,21,5,91,286,2,1,1,1,MOULIN (CHEMIN DU),0.0,0.0
201400038539,22,1,14,18,2,91,326,2,1,2,2,"67, COUR DE FRANCE (AVEN",0.0,0.0
201400038540,31,1,14,12,1,91,434,2,1,1,6,COMMANDANT BARRE (AVENUE,0.0,0.0
201400038541,5,2,14,12,1,91,687,2,1,1,6,"2, REPUBLIQUE (AVENUE DE",0.0,0.0
201400038542,6,2,14,8,2,91,687,2,1,1,3,GRIBELETTE (AVENUE DE LA,0.0,0.0
201400038543,24,2,14,7,2,91,687,2,1,1,1,"32, COMMANDANT BARRE (AV",0.0,0.0
201400038544,19,2,14,18,1,91,434,2,2,1,3,HENRI BARBUSSE (AVENUE),0.0,0.0
201400038545,20,2,14,13,1,91,434,2,1,1,3,JUVISY (AVENUE DE),0.0,0.0
201400038546,26,2,14,19,2,91,326,2,2,1,3,"16, ESTIENNE D'ORVES (AV",0.0,0.0
201400038547,8,2,14,15,1,91,687,2,1,2,6,"139, GENERAL DE GAULLE (",0.0,0.0
201400038548,6,3,14,17,1,91,687,2,1,1,6,GENERAL LECLERC (AVENUE,0.0,0.0
201400038549,19,3,14,18,1,91,326,2,1,1,6,"3, COUR DE FRANCE (AVENU",0.0,0.0
201400038550,21,3,14,18,1,91,326,2,1,1,6,GRANDE RUE,0.0,0.0
201400038551,23,3,14,1,5,91,286,2,2,1,3,PIERRE BROSSOLETTE (RUE),0.0,0.0
201400038552,2,4,14,15,1,91,434,2,1,1,6,SALVADOR ALLENDE (RUE),0.0,0.0
201400038553,6,4,14,15,1,91,286,2,1,1,6,PASTEUR (RUE),0.0,0.0
201400038554,23,2,14,18,2,91,326,2,1,1,6,MONTTESSUY (RUE DE),0.0,0.0
201400038555,31,3,14,8,2,91,434,2,2,1,3,PRINCESSE (AVENUE DE LA),0.0,0.0
201400038556,20,3,14,21,2,91,326,2,1,1,3,COUR DE FRANCE (AVENUE D,0.0,0.0
201400038557,24,4,14,15,1,91,434,2,1,1,6,BOIS  (AVENUE DU),0.0,0.0
201400038558,1,4,14,15,1,91,687,2,2,1,1,PASSERELLE (AVENUE DE LA,0.0,0.0
201400038559,26,3,14,6,1,91,326,2,3,1,5,CHATILLON (RUE DE),0.0,0.0
201400038560,16,4,14,20,2,91,434,2,3,1,3,SAVIGNY (RUE DE),0.0,0.0
201400038561,11,5,14,1,5,91,326,2,1,1,1,GAULOIS (RUE DES),0.0,0.0
201400038562,23,5,14,16,1,91,286,2,1,1,3,EMILE ALLIAUD (AVENUE),0.0,0.0
201400038563,26,5,14,12,1,91,286,2,1,1,2,RN 7,0.0,0.0
201400038564,29,5,14,10,1,91,326,2,1,1,6,"10, GABRIEL PERI (AVENUE",0.0,0.0
201400038565,7,5,14,9,1,91,687,2,1,1,7,MARMONT (AVENUE),0.0,0.0
201400038566,9,6,14,22,5,91,687,2,2,1,3,DOCTEUR ROUX (AV DU),0.0,0.0
201400038567,18,6,14,12,1,91,326,2,2,1,3,ALOUETTES (AVENUE DES),0.0,0.0
201400038568,19,6,14,4,5,91,687,2,1,1,6,MARMONT (AVENUE),0.0,0.0
201400038569,14,6,14,22,5,91,326,2,1,1,6,DRAVEIL (RUE DE),0.0,0.0
201400038570,25,6,14,15,1,91,687,2,1,1,2,VICTOR SCHOELCHER (PLACE,0.0,0.0
201400038571,27,6,14,18,1,91,687,2,1,1,6,GENERAL DE GAULLE (AVENU,0.0,0.0
201400038572,4,7,14,19,1,91,286,2,1,1,6,VLAMINCK (RUE),0.0,0.0
201400038573,12,7,14,18,1,91,687,2,1,1,6,"4, JEAN MERMOZ (AVENUE)",0.0,0.0
201400038574,19,7,14,16,1,91,687,2,1,1,5,GENERAL DE GAULLE (AVENU,0.0,0.0
201400038575,23,7,14,13,1,91,434,2,2,1,3,"32, PEPINIERE (AVENUE DE",0.0,0.0
201400038576,16,8,14,20,1,91,687,2,1,1,2,RD 445,0.0,0.0
201400038577,23,8,14,10,1,91,687,2,1,1,4,GENERAL DE GAULLE (AVENU,0.0,0.0
201400038578,2,9,14,11,1,91,286,2,1,1,6,RADARS (RUE DES),0.0,0.0
201400038579,5,9,14,13,1,91,286,2,1,1,6,TUILERIES (AVENUE DES),0.0,0.0
201400038580,12,9,14,18,1,91,687,2,1,1,1,GENERAL LECLERC (AVENUE,0.0,0.0
201400038581,15,9,14,19,1,91,434,2,2,1,3,JUVISY (AVENUE DE),0.0,0.0
201400038582,22,9,14,15,1,91,687,2,1,1,6,ALEXANDRE DUMAS (RUE),0.0,0.0
201400038583,26,9,14,14,1,91,326,2,1,1,3,COUR DE FRANCE (AVENUE D,0.0,0.0
201400038584,4,10,14,12,1,91,687,2,1,1,6,COMMANDANT BARRE (AVENUE,0.0,0.0
201400038585,10,10,14,13,1,91,286,2,1,1,6,RADARS (RUE DES),0.0,0.0
201400038586,14,10,14,7,1,91,326,2,1,1,3,COUR DE FRANCE (AVENUE D,0.0,0.0
201400038587,14,10,14,18,1,91,326,2,1,1,6,GAULOIS (RUE DES),0.0,0.0
201400038588,19,10,14,11,1,91,286,2,1,1,6,RD 445,0.0,0.0
201400038589,17,10,14,19,1,91,286,2,1,1,6,FERME NEUVE (RUE DE LA),0.0,0.0
201400038590,18,10,14,15,1,91,326,2,1,1,6,GAMBETTA (QUAI),0.0,0.0
201400038591,26,10,14,19,1,91,326,2,1,1,3,"30, MONTTESSUY (RUE DE)",0.0,0.0
201400038592,11,10,14,11,1,91,687,2,3,1,3,GENERAL DE GAULLE (AVENU,0.0,0.0
201400038593,3,11,14,12,1,91,286,2,1,1,5,EMILE ALLIAUD (AVENUE),0.0,0.0
201400038594,10,11,14,17,3,91,687,2,1,1,6,DE FLEURY (ROUTE ),0.0,0.0
201400038595,11,11,14,18,1,91,687,2,1,1,6,"2, GENERAL DE GAULLE (AV",0.0,0.0
201400038596,21,11,14,7,1,91,687,2,1,1,6,ERABLES (AVENUE DES),0.0,0.0
201400038597,24,11,14,10,1,91,434,2,1,1,6,JEAN RENOIR (RUE),0.0,0.0
201400038598,24,11,14,9,1,91,326,2,1,1,1,COUR DE FRANCE (AVENUE D,0.0,0.0
201400038599,16,11,14,16,1,91,687,2,7,3,6,VICTOR SCHOELCHER (PLACE,0.0,0.0
201400038600,28,11,14,15,1,91,687,2,1,1,2,VICTOR SCHOELCHER (AVENU,0.0,0.0
201400038601,14,12,14,19,2,91,286,2,1,1,2,RN 7,0.0,0.0
201400038602,21,12,14,10,1,91,687,2,1,1,6,"20, GENERAL DE GAULLE (A",0.0,0.0
201400038603,2,7,14,18,1,91,286,2,1,1,6,OEUF (PLACE DE L'),0.0,0.0
201400038604,11,2,14,14,1,91,161,2,2,1,3,"1, PIERRE BROSSOLETTE (A",0.0,0.0
201400038605,26,2,14,11,1,91,161,2,1,1,2,PIERRE BROSSOLETTE (AVEN,0.0,0.0
201400038606,28,2,14,8,1,91,345,2,1,2,2,PDT F. MITTERRAND (RUE),0.0,0.0
201400038607,3,3,14,18,5,91,345,2,3,8,3,"162, PRESIDENT FRANCOIS",0.0,0.0
201400038608,4,3,14,14,1,91,345,2,1,1,6,"17, CORBEIL (ROUTE DE)",0.0,0.0
201400038609,7,3,14,14,1,91,161,2,1,1,3,GRAVIGNY (RUE DE),0.0,0.0
201400038610,12,3,14,7,1,91,345,2,3,1,3,"1, CATHELIN DR (BOULEVAR",0.0,0.0
201400038611,13,3,14,16,1,91,345,2,3,7,3,CORBEIL (ROUTE DE),0.0,0.0
201400038612,21,3,14,11,1,91,345,2,3,8,2,"1, GENERAL DE GAULLE (AV",0.0,0.0
201400038613,23,3,14,17,1,91,161,1,1,8,5,D 118,0.0,0.0
201400038614,29,3,14,18,1,91,345,2,1,1,3,SOHIER LEONTINE  (RUE),0.0,0.0
201400038615,14,4,14,18,1,91,345,2,3,1,3,"128, CORBEIL (ROUTE DE)",0.0,0.0
201400038616,16,4,14,19,1,91,345,2,1,1,2,"10, GENERAL DE GAULLE (A",0.0,0.0
201400038617,5,5,14,18,1,91,345,2,6,1,3,"162, PRESIDENT FRANCOIS",0.0,0.0
201400038618,20,5,14,13,1,91,345,2,1,3,2,"162, PRESIDENT FRANCOIS",0.0,0.0
201400038619,26,5,14,8,1,91,345,2,2,2,3,CATHELIN DR (BOULEVARD D,0.0,0.0
201400038620,7,5,14,12,1,91,345,2,1,1,6,"12, CORBEIL (ROUTE DE)",0.0,0.0
201400038621,3,6,14,12,1,91,161,2,1,1,3,"1, PARC (AVENUE DU)",0.0,0.0
201400038622,12,6,14,8,1,91,161,2,6,1,2,WISSOUS (ROUTE DE),0.0,0.0
201400038623,16,6,14,14,1,91,345,2,1,1,6,CORBEIL (ROUTE DE),0.0,0.0
201400038624,16,6,14,19,1,91,161,2,3,1,3,GRAVIGNY (RUE DE),0.0,0.0
201400038625,18,6,14,10,1,91,161,2,1,1,6,MAZARIN (AVENUE),0.0,0.0
201400038626,4,9,14,6,2,91,161,2,6,9,2,"1, DIEMA (CARREFOUR DE)",0.0,0.0
201400038627,10,9,14,8,1,91,161,2,3,1,3,"43, MAZARIN (AVENUE)",0.0,0.0
201400038628,10,9,14,18,1,91,161,1,1,1,6,"16, P. BROSSOLETTE (AV)",0.0,0.0
201400038629,19,9,14,9,1,91,161,2,6,1,3,"LIBERATION (PLACE, AVENU",0.0,0.0
201400038630,29,9,14,15,1,91,161,2,6,1,3,LONGJUMEAU (route de),0.0,0.0
201400038631,26,10,14,14,1,91,161,1,1,1,3,"10, MARES JULIENNES (RUE",0.0,0.0
201400038632,4,11,14,10,1,91,161,2,3,1,3,FRANCOIS MOUTHON (RUE),0.0,0.0
201400038633,4,11,14,12,1,91,161,2,2,1,3,GAY LUSSAC (RUE),0.0,0.0
201400038634,13,11,14,20,3,91,161,1,6,1,1,JEAN MOULIN (ROND POINT,0.0,0.0
201400038635,9,12,14,20,5,91,345,2,2,1,1,CORBEIL (ROUTE DE),0.0,0.0
201400038636,10,12,14,7,5,91,345,2,1,2,6,R DU MARECHAL LECLERC,0.0,0.0
201400038637,15,12,14,19,5,91,161,2,1,2,3,"5, CHARLES DE GAULLE (AV",0.0,0.0
201400038638,19,12,14,16,1,91,345,2,6,2,6,"14, PASTEUR (RUE)",0.0,0.0
201400038639,23,1,14,20,5,91,345,2,3,2,1,CORBEIL (ROUTE DE),0.0,0.0
201400038640,2,1,14,16,1,91,377,2,1,1,6,CARNOT (AVENUE),0.0,0.0
201400038641,18,1,14,4,3,91,377,2,1,1,6,SAUSSAYE (RUE DE L,0.0,0.0
201400038642,29,1,14,8,5,91,377,2,1,1,3,PARIS (RUE DE),0.0,0.0
201400038643,7,2,14,17,1,91,377,2,1,1,6,CARNOT (AVENUE),0.0,0.0
201400038644,2,3,14,12,1,91,377,2,1,1,6,KOENIG (AVENUE DU MARECH,0.0,0.0
201400038645,10,3,14,12,1,91,377,2,1,1,3,"20, BOUDET (RUE PAUL)",0.0,0.0
201400038646,9,4,14,8,1,91,377,2,1,1,3,Voie VALLEE DE LA BIEVR,0.0,0.0
201400038647,9,4,14,12,1,91,689,2,1,1,3,"19, ARAGO (BOULEVARD)",0.0,0.0
201400038648,16,5,14,18,1,91,377,2,1,1,6,DE LATTRE DE TASSIGNY,0.0,0.0
201400038649,4,6,14,8,1,91,377,2,1,1,2,PALAISEAU (ROUTE DE,0.0,0.0
201400038650,10,6,14,13,1,91,377,2,1,1,3,SCHUMAN (RUE ROBERT),0.0,0.0
201400038651,21,6,14,19,1,91,377,2,1,1,6,EUROPE (AVENUE DE,0.0,0.0
201400038652,20,8,14,12,1,91,377,2,1,1,6,"10bis, VILGENIS (RUE DE)",0.0,0.0
201400038653,5,9,14,21,5,91,377,2,1,1,3,SERGENT (RUE LUCIEN),0.0,0.0
201400038654,26,9,14,17,1,91,377,2,1,1,3,MARTYRS DE SOWETO (AVENU,0.0,0.0
201400038655,3,11,14,19,3,91,377,2,1,1,6,"102, PARIS (RUE DE)",0.0,0.0
201400038656,16,11,14,11,1,91,377,2,1,1,6,SCHUMAN (RUE ROBERT),0.0,0.0
201400038657,13,12,14,6,5,91,689,1,1,3,3,PONT DE PIERRE (RUE DU),0.0,0.0
201400038658,29,12,14,16,1,91,377,2,1,1,6,"1, BRIIS (VOIE DE)",0.0,0.0
201400038659,20,10,14,18,5,91,377,2,1,1,3,CARNOT (AVENUE),0.0,0.0
201400038660,21,10,14,14,1,91,377,2,1,1,3,ANGLAIS (RUE DES),0.0,0.0
201400038661,13,1,14,18,5,91,191,2,1,2,3,"49, av de l'abbé seyes",0.0,0.0
201400038662,30,12,14,23,3,91,421,1,1,2,6,NATIONALE 6 (GLACIERE),0.0,0.0
201400038663,25,12,14,2,3,91,421,1,1,2,2,N 6 (PARTIE FORET),0.0,0.0
201400038664,11,1,14,8,1,91,421,1,1,2,6,NATIONALE 6 (PARTIE FORE,0.0,0.0
201400038665,11,1,14,10,1,91,421,1,1,1,6,PIERRE LOTI (RUE),0.0,0.0
201400038666,7,12,14,5,5,91,421,1,1,1,2,NATIONALE 6 (PARTIE FORE,0.0,0.0
201400038667,12,1,14,11,1,91,421,2,1,1,3,"67, REPUBLIQUE (AVENUE D",0.0,0.0
201400038668,16,1,14,7,2,91,691,2,1,2,6,"11, PLAINE HAUTE (ZA",0.0,0.0
201400038669,21,1,14,17,1,91,421,2,1,1,6,GARE (PLACE DE LA),0.0,0.0
201400038670,23,1,14,8,1,91,421,2,1,1,6,MORIN (RUE),0.0,0.0
201400038671,4,2,14,22,3,91,421,1,1,1,2,N 6 (REVEIL MATIN),0.0,0.0
201400038672,30,1,14,16,1,91,691,2,5,1,3,CARNOT (RUE),0.0,0.0
201400038673,21,1,14,17,5,91,421,2,7,1,6,JOSEPH PIETTE (PLACE) (P,0.0,0.0
201400038674,19,2,14,11,1,91,421,2,1,2,6,"105, MOULIN DE SENLIS (R",0.0,0.0
201400038675,20,2,14,14,1,91,421,2,1,2,6,"18, MILIEU DES VIGNES DU",0.0,0.0
201400038676,21,2,14,9,1,91,421,2,1,1,6,REPUBLIQUE (AVENUE DE LA,0.0,0.0
201400038677,24,2,14,14,1,91,691,2,3,1,1,GABRIEL PERI(RUE) N°4,0.0,0.0
201400038678,27,2,14,9,1,91,691,2,3,2,3,PRESIDENT ALLENDE (AVENU,0.0,0.0
201400038679,9,3,14,17,1,91,691,2,1,1,2,CHASSEURS (RUE),0.0,0.0
201400038680,12,3,14,17,1,91,421,2,1,1,6,CONCY (RUE DE),0.0,0.0
201400038681,14,3,14,13,1,91,421,1,1,1,3,NATIONALE 6 (REVEIL MATI,0.0,0.0
201400038682,20,3,14,14,1,91,421,2,1,1,2,RAYMOND POMIER (RUE),0.0,0.0
201400038683,21,3,14,17,1,91,421,2,1,1,6,VIGNES (RUE DES),0.0,0.0
201400038684,24,3,14,18,1,91,691,2,3,1,3,RESISTANCE(AVENUE),0.0,0.0
201400038685,31,3,14,16,1,91,421,2,1,1,6,"9, BOIS (RUE DES)",0.0,0.0
201400038686,20,2,14,9,1,91,691,2,1,1,2,GENERAL LECLER(AV),0.0,0.0
201400038687,5,4,14,15,1,91,691,2,1,1,6,"01, SABLIERE(RUE)",0.0,0.0
201400038688,9,4,14,12,1,91,691,2,1,1,2,MARCEAU BALLIOT(RUE),0.0,0.0
201400038689,14,3,14,20,2,91,691,2,1,1,6,HENRI BARBUSSE(RUE),0.0,0.0
201400038690,28,5,14,7,1,91,421,2,1,1,6,JEAN JAURES (AVENUE),0.0,0.0
201400038691,2,6,14,7,1,91,691,2,3,1,6,GABRIEL PERI(RUE) DU N?1,0.0,0.0
201400038692,4,6,14,13,1,91,421,2,5,2,3,AUGUSTE RENOIR (RUE),0.0,0.0
201400038693,16,6,14,23,5,91,421,2,1,1,3,MARECHAL  LYAUTEY (AVENU,0.0,0.0
201400038694,16,6,14,16,1,91,421,2,1,1,1,"18, BOURGUIGNONS (RUE DE",0.0,0.0
201400038695,20,6,14,16,1,91,421,2,1,1,2,"43, CONCY (RUE DE)",0.0,0.0
201400038696,21,6,14,16,1,91,691,2,1,1,2,MARECHAL JUIN (RUE),0.0,0.0
201400038697,5,3,14,14,1,91,691,2,1,1,6,MARC SANGNIER (RUE),0.0,0.0
201400038698,27,6,14,21,5,91,691,2,1,2,2,JEAN BOUIN(RUE),0.0,0.0
201400038699,25,6,14,14,1,91,421,2,1,1,1,GARENNE (RUE DE LA),0.0,0.0
201400038700,1,7,14,23,5,91,691,2,1,1,3,MARECHAL JUIN(RUE),0.0,0.0
201400038701,2,7,14,18,1,91,421,2,1,1,2,"34, REPUBLIQUE (AVENUE D",0.0,0.0
201400038702,5,7,14,20,1,91,421,1,1,1,1,BAC D'ABLON (RUE DU),0.0,0.0
201400038703,10,7,14,12,1,91,421,2,1,1,2,"128, REPUBLIQUE (AVENUE",0.0,0.0
201400038704,5,8,14,2,3,91,421,1,1,1,2,NATIONALE 6 (PARTIE FORE,0.0,0.0
201400038705,5,8,14,10,1,91,421,1,1,1,3,NATIONALE 6 (PARTIE FORE,0.0,0.0
201400038706,21,8,14,17,1,91,191,2,1,1,3,François Miterrand (Aven,0.0,0.0
201400038707,24,8,14,8,1,91,691,2,1,1,6,GENERAL LECLERC (AV),0.0,0.0
201400038708,25,8,14,20,2,91,421,1,3,2,3,CHARLES DE GAULLE (AVENU,0.0,0.0
201400038709,1,9,14,7,1,91,691,2,1,1,4,BOSQUETS (RUE DES),0.0,0.0
201400038710,23,9,14,7,1,91,421,1,1,1,2,NATIONALE 6 (REVEIL MATI,0.0,0.0
201400038711,21,9,14,11,1,91,691,2,1,1,6,"01, REMONTERU (RUE)",0.0,0.0
201400038712,24,9,14,8,1,91,421,2,2,1,3,PIERRE SEMARD (RUE),0.0,0.0
201400038713,30,9,14,8,1,91,691,2,1,2,6,"39, PAUL DOUMER(RUE)",0.0,0.0
201400038714,30,9,14,6,5,91,691,2,1,2,7,REMONTERU (RUE),0.0,0.0
201400038715,28,9,14,19,2,91,421,1,1,1,4,NATIONALE 6 (PARTIE FORE,0.0,0.0
201400038716,5,10,14,18,1,91,421,1,1,1,6,NATIONALE 6 (GLACIERE),0.0,0.0
201400038717,15,10,14,19,5,91,191,2,1,2,6,REPUBLIQUE (AVENUE DE LA,0.0,0.0
201400038718,16,10,14,21,5,91,421,2,3,2,2,CORBEIL (ROUTE DE),0.0,0.0
201400038719,26,10,14,17,2,91,421,2,1,1,3,"07, MARECHAL FOCH (AVENU",0.0,0.0
201400038720,29,10,14,18,3,91,421,2,2,1,3,REPUBLIQUE (AVENUE DE LA,0.0,0.0
201400038721,30,10,14,12,1,91,421,2,1,1,2,CONCY (RUE DE),0.0,0.0
201400038722,30,10,14,18,2,91,421,2,3,1,3,PIERRE LOTI (RUE),0.0,0.0
201400038723,31,10,14,19,5,91,691,2,1,1,6,"80, CONCY(RUE)",0.0,0.0
201400038724,21,9,14,21,3,91,421,1,1,1,5,NATIONALE 6 (PARTIE FORE,0.0,0.0
201400038725,5,11,14,18,5,91,191,2,1,1,6,GLACIERE (RUE DE LA),0.0,0.0
201400038726,14,11,14,17,2,91,691,2,1,2,3,PAUL DOUMER(RUE),0.0,0.0
201400038727,14,11,14,22,3,91,421,2,1,2,7,NATIONALE 6 (PARTIE FORE,0.0,0.0
201400038728,18,10,14,10,1,91,421,2,1,1,6,"96, REPUBLIQUE (AVENUE D",0.0,0.0
201400038729,18,11,14,8,1,91,421,2,1,1,6,CHARLES DE GAULLE (AVENU,0.0,0.0
201400038730,17,11,14,20,3,91,421,2,1,2,1,NATIONALE 6 (PARTIE FORE,0.0,0.0
201400038731,23,11,14,6,2,91,421,1,1,1,6,NATIONALE 6 (GLACIERE),0.0,0.0
201400038732,27,11,14,17,2,91,691,2,1,2,6,RENE COTY(RUE),0.0,0.0
201400038733,16,12,14,16,2,91,691,2,3,1,6,MARC SANGNIER (RUE),0.0,0.0
201400038734,26,12,14,18,5,91,191,2,1,2,6,"28, REPUBLIQUE (AVENUE D",0.0,0.0
201400038735,7,1,14,8,2,91,477,2,1,1,6,"60, BRUNEAU (RUE LOUISE)",0.0,0.0
201400038736,8,1,14,22,5,91,471,2,1,1,6,"7 bis, SAINT LAURENT (AV",0.0,0.0
201400038737,14,1,14,8,1,91,122,2,1,2,6,CHARLES DE GAULLE(RUE,0.0,0.0
201400038738,16,1,14,8,2,91,122,2,1,3,6,"1, TILLEULS (AVENUE DES)",0.0,0.0
201400038739,16,1,14,18,2,91,645,2,1,1,6,"81, ESTIENNES D ORVES (R",0.0,0.0
201400038740,22,1,14,13,1,91,692,2,1,2,6,SAINTONGE(AVENUE DE),0.0,0.0
201400038741,24,1,14,8,2,91,122,2,2,2,3,LIBERTE (BOULEVARD DE,0.0,0.0
201400038742,31,1,14,7,2,91,64,2,1,5,6,"44, PARIS (RUE DE)",0.0,0.0
201400038743,25,2,14,21,5,91,64,2,1,1,6,"115, PARIS (RUE DE)",0.0,0.0
201400038744,27,2,14,17,1,91,471,2,1,1,6,"06, ARCHANGE (RUE)",0.0,0.0
201400038745,26,12,14,22,5,91,477,2,2,1,3,HUIT MAI 1945 (AVENUE DU,0.0,0.0
201400038746,3,3,14,16,1,91,477,2,1,8,3,"27, HUIT MAI 1945 (AVENU",0.0,0.0
201400038747,22,2,14,20,5,91,692,2,1,1,2,route de gometz,0.0,0.0
201400038748,14,2,14,15,1,91,692,2,6,1,6,BOURGOGNE (AVENUE DE),0.0,0.0
201400038749,29,8,14,15,1,91,692,2,6,1,3,TROPIQUES (AVENUE DES,0.0,0.0
201400038750,10,3,14,18,1,91,471,2,1,1,2,"17, JOFFRE (AVENUE DU MA",0.0,0.0
201400038751,26,8,14,10,1,91,477,2,1,1,6,"88, PARIS (RUE DE)",0.0,0.0
201400038752,20,3,14,8,1,91,645,2,3,1,3,GATINES (SENTIER DES),0.0,0.0
201400038753,26,3,14,20,2,91,692,2,1,1,2,CD35,0.0,0.0
201400038754,1,4,14,8,1,91,477,2,3,1,6,VICTOR HUGO (RUE),0.0,0.0
201400038755,8,4,14,13,1,91,477,1,3,1,3,MARECHAUX (BOULEVARD DES,0.0,0.0
201400038756,19,3,14,10,1,91,477,2,1,1,3,"8, FOCH (RUE DU MARECHAL",0.0,0.0
201400038757,9,4,14,19,1,91,122,2,1,1,6,"20, SOLEIL LEVANT (RUE)",0.0,0.0
201400038758,30,4,14,15,1,91,477,2,1,8,6,GAULLE (AVENUE DU GEN,0.0,0.0
201400038759,6,5,14,18,1,91,477,2,1,1,1,"65, SAND (RUE GEORGES)",0.0,0.0
201400038760,29,4,14,17,1,91,471,2,1,1,6,MARECHAL FOCH (AVENUE,0.0,0.0
201400038761,19,5,14,18,1,91,477,2,1,1,3,"29, JOSEPH BARA (BLD)",0.0,0.0
201400038762,24,5,14,23,3,91,692,1,1,2,6,RD 446,0.0,0.0
201400038763,16,6,14,17,1,91,64,2,1,1,6,"40, PARIS (RUE DE)",0.0,0.0