Num_Acc,jour,mois,an,hr,condition_eclairage,departement,commune,condition_agglomeration,intersection,condition_atmosphere,type_collision,adresse,lattitude,longitude
201400038764,17,6,14,16,1,91,471,2,1,1,6,MOQUET (RUE GUY),0.0,0.0
201400038765,19,6,14,4,5,91,692,2,3,1,3,BOURGOGNE (AVENUE DE),0.0,0.0
201400038766,6,7,14,18,1,91,122,2,2,1,3,CURIE (AVENUE),0.0,0.0
201400038767,20,8,14,14,1,91,64,2,3,1,3,"74, PARIS (RUE DE)",0.0,0.0
201400038768,7,3,14,12,1,91,692,2,1,1,6,BERRY (AVENUE DU),0.0,0.0
201400038769,11,4,14,10,1,91,477,1,1,1,2,SACLAY (ROUTE DE),0.0,0.0
201400038770,26,6,14,14,1,91,477,1,1,1,2,SACLAY (ROUTE DE),0.0,0.0
201400038771,8,6,14,20,1,91,692,2,1,1,6,CEVENNES (RUE DES),0.0,0.0
201400038772,8,7,14,15,1,91,692,2,6,1,1,CD35,0.0,0.0
201400038773,24,5,14,11,1,91,692,2,1,1,2,CENTRE COMMERCIAL ULIS I,0.0,0.0
201400038774,19,3,14,7,1,91,471,2,1,1,1,"104, DIMANCHERIE (AVENUE",0.0,0.0
201400038775,25,8,14,13,1,91,471,2,1,2,7,LAURIAT (RUE DU DOCTE,0.0,0.0
201400038776,11,9,14,8,1,91,477,1,1,1,2,SACLAY (ROUTE DE),0.0,0.0
201400038777,1,8,14,8,1,91,477,2,6,1,3,SACLAY (ROUTE DE),0.0,0.0
201400038778,29,3,14,8,1,91,645,2,1,1,3,FOCH (BOULEVARD DU MA,0.0,0.0
201400038779,15,5,14,9,1,91,477,2,3,1,6,SAND (RUE GEORGES),0.0,0.0
201400038780,30,9,14,23,5,91,471,2,2,1,3,YVETTE (RUE DEL'),0.0,0.0
201400038781,30,9,14,9,1,91,645,2,1,1,3,HUE (RUE MARIUS),0.0,0.0
201400038782,16,5,14,20,1,91,122,2,3,1,3,MONDETOUR (RUE DE),0.0,0.0
201400038783,2,10,14,12,1,91,471,2,1,1,3,"44, MONTHLERY (ROUTE DE)",0.0,0.0
201400038784,30,3,14,16,1,91,692,1,6,1,3,Bretelle de sortie N118,0.0,0.0
201400038785,11,6,14,19,1,91,692,2,1,1,2,CEVENNES (AV DES),0.0,0.0
201400038786,31,5,14,15,1,91,471,2,1,1,3,MONDETOUR (BOULEVARD DE),0.0,0.0
201400038787,7,10,14,18,1,91,64,2,1,2,6,PONTS (RUE DES),0.0,0.0
201400038788,14,10,14,14,1,91,477,2,2,1,3,"1, FERRIE (RUE DU GENERA",0.0,0.0
201400038789,13,10,14,13,1,91,692,2,6,1,2,CEVENNES (AV DES),0.0,0.0
201400038790,16,10,14,7,2,91,477,2,2,2,3,"67, STALINGRAD (AVENUE D",0.0,0.0
201400038791,23,10,14,15,1,91,477,2,1,1,6,GENERAL LECLERC (AVEN,0.0,0.0
201400038792,26,10,14,17,5,91,471,2,1,1,1,"113, DIMANCHERIE (AVENUE",0.0,0.0
201400038793,31,10,14,16,1,91,692,2,2,1,1,"22, TROPIQUES (AVENUE DE",0.0,0.0
201400038794,5,11,14,18,5,91,645,2,3,1,4,GEORGES POMPIDOU (AVE,0.0,0.0
201400038795,12,11,14,12,1,91,645,2,1,1,6,GRANDS CHENES (RUE),0.0,0.0
201400038796,14,11,14,22,4,91,477,2,1,1,6,"1, GARE RER PALAISEAU",0.0,0.0
201400038797,4,11,14,13,1,91,64,1,9,1,2,GISY (ROUTE DE)RD 533,0.0,0.0
201400038798,21,11,14,17,5,91,645,2,1,1,6,MARECHAL FOCH (BOULEVARD,0.0,0.0
201400038799,16,11,14,9,1,91,312,2,3,2,3,VAUHALLAN (ROUTE),0.0,0.0
201400038800,29,11,14,1,5,91,477,2,1,1,6,"81, GRANDE CEINTURE (BOU",0.0,0.0
201400038801,19,8,14,12,1,91,471,2,1,1,6,PARIS (RUE DE),0.0,0.0
201400038802,12,9,14,8,1,91,692,2,1,1,6,"1, AUBRAC (RUE DE L')",0.0,0.0
201400038803,17,9,14,18,1,91,692,2,1,1,3,"12, OCEANIE (AVENUE DE L",0.0,0.0
201400038804,3,12,14,9,1,91,64,2,1,2,6,TERRASSE (RUE DE LA),0.0,0.0
201400038805,4,12,14,9,1,91,477,2,1,8,6,ALFRED DE MUSSET (RUE),0.0,0.0
201400038806,15,12,14,19,5,91,312,2,1,2,6,JULES FERRY (RUE),0.0,0.0
201400038807,19,12,14,13,1,91,477,2,1,8,6,"38, BOURGEOIS (RUE LEON)",0.0,0.0
201400038808,23,12,14,15,1,91,471,2,1,8,3,"20, SAINT LAURENT (AVENU",0.0,0.0
201400038809,31,12,14,20,5,91,692,1,1,1,3,OCEANIE (AVENUE DE L'),0.0,0.0
201400038810,4,11,14,8,1,91,692,2,1,1,6,"124, CHAMPS LASNIERS (AV",0.0,0.0
201400038811,13,12,14,15,1,91,471,2,1,1,6,"59, DUBREUIL (BOULEVARD)",0.0,0.0
201400038812,14,12,14,16,1,91,312,2,2,1,6,ALBERT SARRAULT (AV),0.0,0.0
201400038813,7,1,14,9,1,91,549,2,1,1,6,"6, DR PHILLIPE PINEL",0.0,0.0
201400038814,15,1,14,7,5,91,570,2,1,2,6,LAGRANGE (RUE LEO),0.0,0.0
201400038815,17,1,14,11,1,91,549,2,1,7,6,PAUL VAILLANT-COUTUR,0.0,0.0
201400038816,30,1,14,21,5,91,216,2,1,1,3,"02, CORBEIL (RUE)",0.0,0.0
201400038817,11,2,14,8,1,91,570,2,1,1,6,de LAUNAY (ALLEE),0.0,0.0
201400038818,5,3,14,11,1,91,549,2,1,1,6,"143, CORBEIL (ROUTE DE)",0.0,0.0
201400038819,27,3,14,8,1,91,549,2,6,1,3,ROGER PERRIAUD (PLACE),0.0,0.0
201400038820,3,5,14,16,1,91,549,2,1,1,1,"2, CONVENTION (RUE DE LA",0.0,0.0
201400038821,18,5,14,12,1,91,549,2,1,1,6,"21, LIERS (RUE DE)",0.0,0.0
201400038822,21,5,14,8,1,91,549,2,1,2,6,"1, ANTOINE ROCCA (RUE)",0.0,0.0
201400038823,21,6,14,20,1,91,549,2,2,1,3,REPUBLIQUE (AVENUE DE LA,0.0,0.0
201400038824,22,6,14,7,1,91,570,2,3,1,3,"47, BRETIGNY (AVENUE)",0.0,0.0
201400038825,3,7,14,20,1,91,549,2,2,1,3,EPERON (AVENUE DE L'),0.0,0.0
201400038826,4,7,14,19,1,91,549,2,1,1,6,"22, HENRI SELLIER (RUE)",0.0,0.0
201400038827,18,7,14,18,1,91,549,2,2,1,3,REPUBLIQUE (AVENUE DE LA,0.0,0.0
201400038828,15,8,14,14,1,91,216,2,1,1,6,"04, BREUIL (RUE)",0.0,0.0
201400038829,1,9,14,8,1,91,216,2,3,1,3,RD 257,0.0,0.0
201400038830,9,9,14,8,1,91,549,1,1,1,6,JACQUES DUCLOS (AVENUE),0.0,0.0
201400038831,16,9,14,15,1,91,549,2,3,7,1,"27, CORBEIL (ROUTE DE)",0.0,0.0
201400038832,22,9,14,8,1,91,549,2,1,1,6,REGIMENT NORMANDIE-NIEME,0.0,0.0
201400038833,27,9,14,17,1,91,549,2,1,1,3,"20, REGIMENT NORMANDIE-N",0.0,0.0
201400038834,2,10,14,12,1,91,549,2,1,1,3,"200, CORBEIL (ROUTE DE)",0.0,0.0
201400038835,2,10,14,9,1,91,549,2,3,1,3,FOSSE AUX LEUX (RUE,0.0,0.0
201400038836,7,10,14,6,2,91,216,2,1,3,3,CD 257,0.0,0.0
201400038837,15,10,14,6,5,91,216,2,1,1,3,CD 257,0.0,0.0
201400038838,16,10,14,7,5,91,549,2,1,2,6,"266, CORBEIL (ROUTE DE)",0.0,0.0
201400038839,17,10,14,9,1,91,549,2,6,2,3,"2, ROGER PERRIAUD (PLACE",0.0,0.0
201400038840,18,10,14,20,5,91,549,2,1,1,6,"1, LONGPONT (ROUTE DE)",0.0,0.0
201400038841,6,11,14,17,5,91,549,2,1,1,1,"51, GABRIEL PERI (AVENUE",0.0,0.0
201400038842,12,11,14,16,1,91,549,2,1,1,1,REGIMENT NORMANDIE-NIEME,0.0,0.0
201400038843,6,12,14,14,1,91,549,2,1,1,3,CORBEIL (ROUTE DE),0.0,0.0
201400038844,15,12,14,8,1,91,667,2,3,2,6,"1, MURES(ALLEE DES)",0.0,0.0
201400038845,16,12,14,16,1,91,549,2,1,1,6,"27, LONGPONT (ROUTE DE)",0.0,0.0
201400038846,8,1,14,11,1,91,589,2,3,1,2,"26, JUVISY COTTAGES (AVE",0.0,0.0
201400038847,30,12,14,10,1,91,589,2,1,9,6,MONTAGNE PAVEE (RUE DE L,0.0,0.0
201400038848,15,1,14,16,1,91,432,2,1,1,2,BRIAND (AVENUE ARISTI,0.0,0.0
201400038849,30,12,14,15,1,91,432,2,6,1,3,"1, PAIX (AVENUE DE LA)",0.0,0.0
201400038850,9,1,14,7,2,91,589,2,1,1,3,"10, GAMBETTA (AVENUE)",0.0,0.0
201400038851,12,1,14,20,5,91,589,2,2,1,3,DUNANT (RUE HENRI),0.0,0.0
201400038852,9,1,14,8,2,91,589,2,1,1,6,MAIL (RUE DU),0.0,0.0
201400038853,25,1,14,19,5,91,589,2,1,1,3,"7, BRIAND (BVD ARISTIDE)",0.0,0.0
201400038854,15,2,14,22,3,91,589,2,1,1,2,DUNANT (RUE HENRI),0.0,0.0
201400038855,8,3,14,16,1,91,589,2,1,1,2,D 25,0.0,0.0
201400038856,14,3,14,20,2,91,589,2,1,1,6,DE GAULLE (AVENUE CHA,0.0,0.0
201400038857,25,3,14,7,2,91,432,2,3,1,3,MUSSET (RUE ALFRED DE,0.0,0.0
201400038858,21,3,14,2,3,91,432,1,1,1,6,D 118,0.0,0.0
201400038859,28,3,14,8,1,91,589,2,1,1,6,RENOIR (RUE AUGUSTE),0.0,0.0
201400038860,3,3,14,21,5,91,589,2,2,1,3,MOSSLER (AVENUE CHARLES),0.0,0.0
201400038861,4,3,14,7,2,91,589,2,1,1,1,D 25,0.0,0.0
201400038862,13,4,14,17,1,91,432,2,1,1,6,EDOUETS (RUE DES),0.0,0.0
201400038863,19,4,14,13,1,91,432,2,2,1,3,CURIE (RUE PIERRE),0.0,0.0
201400038864,29,4,14,9,1,91,589,2,1,1,6,PARIS (RUE DE),0.0,0.0
201400038865,29,4,14,9,1,91,589,2,3,1,3,"26, BRIAND (BOULEVARD AR",0.0,0.0
201400038866,7,5,14,19,1,91,589,2,1,1,3,GARE (PLACE DE LA),0.0,0.0
201400038867,23,3,14,22,5,91,589,2,2,1,3,"24, BRIAND (BOULEVARD AR",0.0,0.0
201400038868,7,5,14,12,1,91,589,2,1,1,2,"41, DE GAULLE (AVENUE CH",0.0,0.0
201400038869,14,5,14,20,1,91,589,2,2,1,3,TILLEULS (AVENUE DES),0.0,0.0
201400038870,10,6,14,23,5,91,589,2,1,1,3,CD 25,0.0,0.0
201400038871,3,7,14,18,1,91,432,2,1,1,6,GENERAL  WARABIOT (AV,0.0,0.0
201400038872,19,5,14,17,1,91,589,2,3,1,3,DUNANT (RUE HENRI),0.0,0.0
201400038873,24,5,14,11,1,91,589,2,2,1,3,DE GAULLE (AVENUE CHARLE,0.0,0.0
201400038874,4,6,14,8,1,91,589,2,3,1,6,CHAUVET (RUE MARIE),0.0,0.0
201400038875,18,7,14,14,1,91,432,2,2,1,3,LAVOISIER (RUE),0.0,0.0
201400038876,1,7,14,18,1,91,589,2,1,1,2,GRAND VAUX (RUE DE),0.0,0.0
201400038877,1,7,14,16,1,91,589,2,1,1,3,LEUTHREAU  (AV ROBERT),0.0,0.0
201400038878,20,7,14,4,5,91,432,2,1,2,6,DE LESSEPS (AVENUE FE,0.0,0.0
201400038879,28,7,14,21,2,91,432,1,1,3,6,D 118,0.0,0.0
201400038880,18,6,14,17,1,91,589,2,1,1,6,DUNANT (RUE HENRI),0.0,0.0
201400038881,5,8,14,7,1,91,432,2,1,1,3,D 118,0.0,0.0
201400038882,22,9,14,8,1,91,589,2,2,1,6,NOYERS ( RUE DES),0.0,0.0
201400038883,4,9,14,20,1,91,589,2,2,1,1,CAILLES (RUE DES),0.0,0.0
201400038884,5,9,14,16,1,91,589,2,1,1,5,RD 25,0.0,0.0
201400038885,29,10,14,22,5,91,432,2,2,1,3,PASCAL (AVENUE BLAISE),0.0,0.0
201400038886,23,9,14,9,1,91,589,2,3,1,3,LUXEMBOURG (AVENUE DU),0.0,0.0
201400038887,26,9,14,19,5,91,432,2,1,1,3,"09, DE GAULLE  (AVENUE C",0.0,0.0
201400038888,10,10,14,8,2,91,432,2,1,1,6,"01, EGLISE MORANGIS",0.0,0.0
201400038889,11,10,14,23,5,91,589,2,2,1,1,ALLEMANE (AV JEAN),0.0,0.0
201400038890,12,10,14,19,2,91,589,2,1,1,7,ROSSAYS (RUE DES),0.0,0.0
201400038891,16,10,14,15,1,91,589,2,1,1,6,"38, DUNANT (RUE HENRI)",0.0,0.0
201400038892,2,12,14,13,1,91,589,2,1,1,6,"3, CHARCOT (R Jean Bapti",0.0,0.0
201400038893,10,12,14,18,2,91,589,2,1,2,2,"43, ALLEMANE (Av JEAN)",0.0,0.0
201400038894,15,12,14,21,3,91,689,1,1,2,6,D 118,0.0,0.0
201400038895,9,11,14,16,2,91,589,2,2,1,2,"66, PERI (AVENUE GABRIEL",0.0,0.0
201400038896,15,11,14,12,1,91,589,2,3,1,2,GRAND VAUX (RUE DE),0.0,0.0
201400038897,18,11,14,17,5,91,432,2,2,1,6,PERI (AVENUE GABRIEL),0.0,0.0
201400038898,3,12,14,8,1,91,432,2,2,2,3,"95, LOTI (Av PIERRE)",0.0,0.0
201400038899,4,12,14,14,1,91,432,2,6,1,3,WISSOUS (RUE DE),0.0,0.0
201400038900,13,12,14,10,1,91,161,1,1,8,6,D 118,0.0,0.0
201400038901,12,12,14,8,5,91,432,2,1,1,6,"155, BRIAND (AVENUE ARIS",0.0,0.0
201400038902,26,12,14,13,1,91,589,2,3,8,3,"174, BRIAND (BOULEVARD A",0.0,0.0
201400038903,5,12,14,16,2,91,432,2,1,1,3,"10, DE LESSEPS (AVENUE F",0.0,0.0
201400038904,17,12,14,8,2,91,589,2,2,8,3,"35, BRIAND (AV ARISTIDE)",0.0,0.0
201400038905,28,12,14,5,2,91,589,2,1,1,6,OUZILLEAU (AV HENRI),0.0,0.0
201400038906,7,1,14,20,1,92,2,2,1,1,3,"113, DIVISION LECLERC (5",0.0,0.0
201400038907,26,1,14,19,5,92,2,2,3,3,6,"21, ERNEST RENAN (AVENUE",0.0,0.0
201400038908,31,1,14,10,1,92,14,2,1,1,6,"4, MONTROUGE (AVENUE DE)",0.0,0.0
201400038909,10,2,14,16,1,92,2,2,1,1,6,"103, MASSY (RUE DE)",0.0,0.0
201400038910,11,2,14,22,5,92,2,2,3,2,3,RAYMON ARON (AVENUE),0.0,0.0
201400038911,26,2,14,23,5,92,2,2,6,1,3,RAYMON ARON (AVENUE),0.0,0.0
201400038912,22,3,14,16,1,92,2,2,2,7,6,PRESIDENT KENNEDY (2 A 4,0.0,0.0
201400038913,26,3,14,14,1,92,2,2,3,1,6,"112, ARISTIDE BRIAND (AV",0.0,0.0
201400038914,11,4,14,14,1,92,14,2,1,1,6,MARECHAL JOFFRE (BD DU),0.0,0.0
201400038915,14,4,14,14,1,92,2,2,2,1,3,PRESIDENT KENNEDY (50 A,0.0,0.0
201400038916,19,4,14,18,1,92,2,2,4,1,3,DIVISION LECLERC (53 A 2,0.0,0.0
201400038917,10,5,14,13,1,92,2,2,1,1,3,"130, ARISTIDE BRIAND (AV",0.0,0.0
201400038918,5,6,14,19,1,92,14,2,1,1,2,"51, MARECHAL JOFFRE (BD",0.0,0.0
201400038919,14,6,14,11,1,92,2,2,2,1,3,GENERAL DE GAULLE (AVENU,0.0,0.0
201400038920,24,6,14,10,1,92,14,2,2,1,3,MARECHAL JOFFRE (BD DU),0.0,0.0
201400038921,26,6,14,8,1,92,2,2,1,1,3,ABBAYE (RUE DE L'),0.0,0.0
201400038922,29,6,14,17,1,92,2,2,3,8,3,"47, JEAN MONNET (AVENUE)",0.0,0.0
201400038923,4,7,14,15,1,92,2,2,2,1,6,GENERAL DE GAULLE (AVENU,0.0,0.0
201400038924,27,8,14,11,1,92,2,2,3,1,7,"4, GARENNES (RUE DES)",0.0,0.0
201400038925,10,9,14,10,1,92,14,2,1,1,6,"65, MARECHAL JOFFRE (BD",0.0,0.0
201400038926,15,9,14,17,1,92,2,2,1,1,6,"159, DIVISION LECLERC (5",0.0,0.0
201400038927,26,9,14,20,5,92,14,2,1,1,2,"22, MARECHAL JOFFRE (BD",0.0,0.0
201400038928,14,10,14,9,1,92,2,2,1,7,6,PIERRE KOHLMANN (RUE),0.0,0.0
201400038929,22,10,14,23,5,92,14,2,1,1,2,GENERAL LECLERC (AV.) (1,0.0,0.0
201400038930,23,10,14,11,1,92,2,2,1,1,6,"17, ARISTIDE BRIAND (AVE",0.0,0.0
201400038931,23,10,14,21,5,92,2,2,1,1,3,"58, ARISTIDE BRIAND (AVE",0.0,0.0
201400038932,27,10,14,19,5,92,14,2,1,1,2,"15, MONTROUGE (AVENUE DE",0.0,0.0
201400038933,31,10,14,6,5,92,14,2,3,1,3,GENERAL LECLERC (AV.) (1,0.0,0.0
201400038934,2,11,14,22,5,92,2,2,2,2,1,JEAN MONNET (AVENUE),0.0,0.0
201400038935,9,11,14,0,5,92,2,2,2,1,3,PRESIDENT KENNEDY (50 A,0.0,0.0
201400038936,14,11,14,22,5,92,2,2,1,2,6,"12, VELPEAU (RUE)",0.0,0.0
201400038937,18,11,14,13,1,92,2,2,1,1,6,"112, ADOLPHE PAJEAUD (RU",0.0,0.0
201400038938,28,11,14,13,1,92,2,2,1,1,6,LEON JOUHAUX (AVENUE),0.0,0.0
201400038939,4,12,14,19,5,92,2,2,3,1,6,DIVISION LECLERC (53 A 2,0.0,0.0
201400038940,7,12,14,16,1,92,14,2,3,2,6,MARECHAL JOFFRE (BD DU),0.0,0.0
201400038941,7,12,14,17,5,92,2,2,1,2,6,"19, DIVISION LECLERC (1",0.0,0.0
201400038942,12,12,14,8,2,92,2,2,2,3,6,MAURICE LABROUSSE (RUE),0.0,0.0
201400038943,17,12,14,12,1,92,14,2,1,2,6,"93, MARECHAL JOFFRE (BD",0.0,0.0
201400038944,21,12,14,18,5,92,2,2,1,1,6,ADOLPHE PAJEAUD (RUE),0.0,0.0
201400038945,1,1,14,19,5,92,9,2,3,2,6,"NS, BOURGUIGNONS ( RUE 3",0.0,0.0
201400038946,3,1,14,20,5,92,4,2,1,1,2,"107, DOCTEUR DERVAUX  (",0.0,0.0
201400038947,5,1,14,16,1,92,4,2,1,1,6,"NS, REDOUTE ( AVENUE DE",0.0,0.0
201400038948,5,1,14,23,5,92,4,2,2,2,3,"179, ARGENTEUIL N? 176 A",0.0,0.0
201400038949,7,1,14,14,1,92,4,2,1,1,2,"FACE 107, DOCTEUR DERVAU",0.0,0.0
201400038950,9,1,14,9,1,92,4,2,1,1,6,"194, VOLTAIRE ( BD )",0.0,0.0
201400038951,9,1,14,13,1,92,4,2,1,2,7,"NS, PONT D'ASNIERES",0.0,0.0
201400038952,15,1,14,16,1,92,9,2,2,2,3,"NS, CHARLES-DE-GAULLE (",0.0,0.0
201400038953,15,1,14,19,5,92,4,1,1,1,6,"73, ARGENTEUIL AV D'",0.0,0.0
201400038954,20,1,14,8,1,92,4,2,2,1,3,"98, ARGENTEUIL AV D'",0.0,0.0
201400038955,20,1,14,9,1,92,4,2,1,1,3,"3, JARDIN MODELE",0.0,0.0
201400038956,19,1,14,20,2,92,4,2,1,1,6,"133, BAS ( RUE DES )",0.0,0.0
201400038957,21,1,14,12,1,92,4,2,1,1,6,"NS, ARGENTEUIL AV D'",0.0,0.0
201400038958,22,1,14,10,1,92,4,2,2,2,3,"60, EMILE ZOLA ( RUE )",0.0,0.0
201400038959,22,1,14,19,5,92,4,2,1,2,6,"103, MARNE   ( AVENUE DE",0.0,0.0
201400038960,23,1,14,18,1,92,9,2,1,2,1,"NS, BOURGUIGNONS ( RUE 3",0.0,0.0
201400038961,27,1,14,16,1,92,9,2,1,2,6,"14, BONS ENFANTS  ( RUE",0.0,0.0
201400038962,5,2,14,19,5,92,4,2,1,2,6,"07, STATION ( RUE )",0.0,0.0
201400038963,6,2,14,18,5,92,9,2,1,2,6,"301, ARGENTEUIL ( AVENUE",0.0,0.0
201400038964,7,2,14,8,4,92,4,2,1,1,7,"80, DOCTEUR DERVAUX  ( Q",0.0,0.0
201400038965,7,2,14,22,1,92,4,2,1,1,6,"14, ROBERT DUPONT",0.0,0.0
201400038966,9,2,14,5,5,92,4,2,1,1,6,"66, VOLTAIRE ( BD 16 A F",0.0,0.0
201400038967,10,2,14,16,1,92,4,2,1,1,6,"30, LOUIS MELOTTE",0.0,0.0
201400038968,11,2,14,17,1,92,9,2,2,2,6,"48, HOCHE ( RUE )",0.0,0.0
201400038969,11,2,14,17,1,92,4,2,1,2,3,"22, RPC GILBERT",0.0,0.0
201400038970,12,2,14,7,2,92,4,2,1,1,2,"NS, PONT DE CLICHY",0.0,0.0
201400038971,12,2,14,13,1,92,4,2,1,1,6,"20 BIS, RABELAIS",0.0,0.0
201400038972,13,2,14,23,5,92,4,2,1,1,3,"NS, INTERCOMMUNAL (B)",0.0,0.0
201400038973,14,2,14,17,1,92,4,2,1,1,6,"NS, REDOUTE ( AVENUE DE",0.0,0.0
201400038974,16,2,14,23,5,92,4,2,3,1,2,"NS, DOCTEUR DERVAUX  ( Q",0.0,0.0
201400038975,19,2,14,18,3,92,4,2,1,1,6,"69, PIERRE BOUDOU",0.0,0.0
201400038976,20,2,14,10,1,92,4,2,1,2,6,"11, VOLTAIRE  ( BD 01 A",0.0,0.0
201400038977,26,2,14,17,1,92,4,2,3,1,6,"NS, FLACHAT (AVENUE)",0.0,0.0
201400038978,5,3,14,10,1,92,4,2,1,2,2,"25, GABRIEL PERI (AVE )",0.0,0.0
201400038979,6,3,14,15,1,92,4,2,3,1,3,"ns, LAURENT-CELY  ( AVEN",0.0,0.0
201400038980,6,3,14,18,5,92,4,2,1,1,7,"NS, BAS ( RUE DES )",0.0,0.0
201400038981,9,3,14,10,1,92,9,2,2,1,3,MINIMES ( RUE DES ),0.0,0.0
201400038982,11,3,14,7,1,92,4,2,3,1,6,"ns, PIERRE BROSSOLETTE",0.0,0.0
201400038983,12,3,14,8,1,92,4,2,1,1,3,"8, ARMAND NUMEZ",0.0,0.0
201400038984,17,3,14,22,5,92,4,2,3,1,3,"60, FLACHAT (AVENUE)",0.0,0.0
201400038985,18,3,14,12,1,92,4,2,1,1,5,"ns, PONT DE CLICHY",0.0,0.0
201400038986,19,3,14,7,1,92,4,2,1,1,6,"NS, INTERCOMMUNAL (B)",0.0,0.0
201400038987,20,3,14,18,1,92,4,2,1,1,3,"8, ARGENTEUIL AV D'",0.0,0.0
201400038988,21,3,14,8,1,92,4,2,2,2,6,"02, DENIS PAP?N ( RUE )",0.0,0.0
201400038989,28,3,14,17,1,92,4,2,1,1,6,"188, BOURGUIGNONS ( RUE",0.0,0.0
201400038990,28,3,14,18,1,92,9,2,1,1,6,"8BIS, PAUL DEROULEDE ( R",0.0,0.0
201400038991,30,3,14,3,5,92,4,2,1,1,1,"ns, GRESILLONS ( AVENUE",0.0,0.0
201400038992,6,4,14,8,1,92,4,2,2,1,3,"NS, PONT DE CLICHY",0.0,0.0
201400038993,9,4,14,8,1,92,9,2,1,1,6,"27, PASTEUR  ( RUE )",0.0,0.0
201400038994,9,4,14,13,1,92,4,2,1,1,3,"01, MARNE   ( AVENUE DE",0.0,0.0
201400038995,9,4,14,18,1,92,4,2,2,1,3,"face 203, ARGENTEUIL N?",0.0,0.0
201400038996,11,4,14,15,1,92,4,2,1,1,2,"29, AULAGNIER ( QUAI )",0.0,0.0
201400038997,15,4,14,18,1,92,4,2,1,1,2,"57, REDOUTE ( AVENUE DE",0.0,0.0
201400038998,19,4,14,16,1,92,9,2,2,2,3,"NS, HENRI LITOLFF ( RUE",0.0,0.0
201400038999,21,4,14,6,5,92,4,2,1,2,3,", LOUIS ARMAND",0.0,0.0
201400039000,26,4,14,19,1,92,9,2,2,1,3,"NS, ESTIENNE D'ORVES ( R",0.0,0.0
201400039001,27,4,14,1,5,92,4,2,3,1,3,"221, ARGENTEUIL N? 176 A",0.0,0.0
201400039002,29,4,14,9,1,92,4,2,1,1,6,"ns, AULAGNIER ( QUAI )",0.0,0.0
201400039003,30,4,14,8,1,92,4,2,3,1,2,"NS, AULAGNIER ( QUAI )",0.0,0.0
201400039004,30,4,14,21,5,92,4,2,1,1,2,"21, CHATEAU ( RUE DU )",0.0,0.0
201400039005,5,5,14,18,1,92,4,2,2,1,6,"ns, EMILE ZOLA ( RUE )",0.0,0.0
201400039006,7,5,14,7,1,92,4,2,1,1,1,"NS, SCHEURER KESTNER",0.0,0.0
201400039007,7,5,14,9,1,92,9,2,1,2,2,"269, ARGENTEUIL ( AVENUE",0.0,0.0
201400039008,12,5,14,21,2,92,4,2,2,3,7,"NS, LAURENT-CELY  ( AVEN",0.0,0.0
201400039009,11,5,14,6,5,92,4,2,1,1,7,"23, ROBERT DUPONT",0.0,0.0
201400039010,17,5,14,13,1,92,4,2,1,1,2,"NS, DOCTEUR DERVAUX  ( Q",0.0,0.0
201400039011,17,5,14,18,1,92,9,2,1,1,3,AGENT SARRE ( RUE DE L',0.0,0.0
201400039012,21,5,14,19,1,92,4,2,1,2,6,"01, PIERRE DE COUBERTIN",0.0,0.0
201400039013,21,5,14,19,3,92,4,2,1,2,2,"ns, PIERRE DE COUBERTIN",0.0,0.0
201400039014,20,5,14,20,1,92,4,2,2,2,3,"NS, CHATEAU ( RUE DU )",0.0,0.0
201400039015,23,5,14,15,1,92,4,2,1,1,6,"ns, REDOUTE ( AVENUE DE",0.0,0.0
201400039016,23,5,14,17,1,92,4,2,1,1,6,"121, DOCTEUR DERVAUX  (",0.0,0.0
201400039017,28,5,14,17,1,92,4,2,1,1,2,"3, DOCTEUR DERVAUX  ( QU",0.0,0.0
201400039018,2,6,14,11,1,92,4,2,1,1,7,"12, ABBE GLATZ DE L'",0.0,0.0
201400039019,2,6,14,15,1,92,4,2,1,1,6,"157, EMILE ZOLA ( RUE )",0.0,0.0
201400039020,2,6,14,17,1,92,4,2,1,1,6,"44, HENRI POINCARE",0.0,0.0
201400039021,2,6,14,19,1,92,4,2,3,1,6,"53, MARNE   ( AVENUE DE",0.0,0.0
201400039022,4,6,14,14,1,92,4,2,1,2,6,"154, AULAGNIER ( QUAI )",0.0,0.0
201400039023,7,6,14,21,1,92,4,2,2,1,6,"ns, MONTAIGNE",0.0,0.0
201400039024,9,6,14,22,3,92,9,2,2,2,3,"NS, HENRI LITOLFF ( RUE",0.0,0.0
201400039025,12,6,14,10,1,92,4,2,1,1,7,"39, BAS ( RUE DES )",0.0,0.0
201400039026,12,6,14,16,1,92,4,2,1,1,6,"35, VOLTAIRE ( BD 16 A F",0.0,0.0
201400039027,15,6,14,19,1,92,4,2,3,1,6,"71, VICTOR HUGO",0.0,0.0
201400039028,17,6,14,7,1,92,4,2,2,1,3,"NS, MARNE   ( AVENUE DE",0.0,0.0
201400039029,17,6,14,19,1,92,4,2,2,1,3,"NS, LAURENT-CELY  ( AVEN",0.0,0.0
201400039030,18,6,14,13,1,92,4,2,1,1,6,"NS, REDOUTE ( AVENUE DE",0.0,0.0
201400039031,19,6,14,21,1,92,4,2,2,1,3,"NS, BAS ( RUE DES )",0.0,0.0
201400039032,21,6,14,15,1,92,4,2,1,1,6,"18, CONCORDE ( RUE DE LA",0.0,0.0
201400039033,22,6,14,2,5,92,4,2,1,1,2,"58, VOLTAIRE ( BD )",0.0,0.0
201400039034,23,6,14,8,1,92,9,2,2,1,3,"62, CHARLES-DE-GAULLE (",0.0,0.0
201400039035,23,6,14,9,1,92,4,2,1,1,2,"NS, LAURENT-CELY  ( AVEN",0.0,0.0
201400039036,25,6,14,18,1,92,4,2,1,1,1,"08, LOUIS ARMAND",0.0,0.0
201400039037,26,6,14,18,1,92,9,2,1,1,6,"face 63, CHARLES CHEFSON",0.0,0.0
201400039038,2,7,14,18,1,92,4,2,3,1,2,"NS, AULAGNIER ( QUAI )",0.0,0.0
201400039039,3,7,14,8,1,92,4,2,2,1,6,"NS, PIERRE BOUDOU",0.0,0.0
201400039040,4,7,14,15,1,92,9,2,1,1,7,"NS, HENRI LITOLFF ( RUE",0.0,0.0
201400039041,6,7,14,20,1,92,4,2,1,1,6,"39, BAS ( RUE DES )",0.0,0.0
201400039042,11,7,14,20,1,92,4,2,9,1,6,"94, ARGENTEUIL AV D'",0.0,0.0
201400039043,13,7,14,10,1,92,4,2,3,1,6,"NS, PIERRE BOUDOU",0.0,0.0
201400039044,18,7,14,9,1,92,4,2,1,1,4,"03, GRANDE RUE CHARLES D",0.0,0.0
201400039045,19,7,14,18,1,92,4,2,1,1,7,"ns, AUGUSTE BAILLY",0.0,0.0