Num_Acc,jour,mois,an,hr,condition_eclairage,departement,commune,condition_agglomeration,intersection,condition_atmosphere,type_collision,adresse,lattitude,longitude
201400039046,21,7,14,13,1,92,4,2,1,1,6,"12, ARGENTEUIL AV D'",0.0,0.0
201400039047,22,7,14,7,1,92,4,2,2,1,3,"NS, VOLTAIRE ( BD )",0.0,0.0
201400039048,24,7,14,17,1,92,4,2,2,1,3,"NS, PRONY",0.0,0.0
201400039049,24,7,14,18,1,92,4,2,1,1,6,"121, DOCTEUR DERVAUX  (",0.0,0.0
201400039050,25,7,14,10,1,92,4,2,1,1,3,"07, ARGENTEUIL AV D'",0.0,0.0
201400039051,30,7,14,9,1,92,4,2,3,1,1,"NS, ARGENTEUIL AV D'",0.0,0.0
201400039052,3,8,14,19,1,92,4,2,3,1,3,"NS, REDOUTE ( AVENUE DE",0.0,0.0
201400039053,4,8,14,9,1,92,4,2,2,2,3,"NS, CHATEAU ( RUE DU )",0.0,0.0
201400039054,5,8,14,15,1,92,4,2,2,1,3,"NS, GRESILLONS ( AVENUE",0.0,0.0
201400039055,7,8,14,19,1,92,4,2,1,1,2,"NS, BAS ( RUE DES )",0.0,0.0
201400039056,9,8,14,14,1,92,4,2,1,1,7,"ns, BAS ( RUE DES )",0.0,0.0
201400039057,14,8,14,20,5,92,4,2,1,2,3,"15, AULAGNIER ( QUAI )",0.0,0.0
201400039058,20,8,14,17,1,92,4,2,1,1,2,"face 17, AULAGNIER ( QUA",0.0,0.0
201400039059,22,8,14,5,3,92,4,2,1,1,2,"225, AULAGNIER ( QUAI )",0.0,0.0
201400039060,25,8,14,14,1,92,9,2,2,3,3,PIERRE JOIGNEAU ( RUE ),0.0,0.0
201400039061,3,9,14,13,1,92,4,2,1,1,6,"25, ARGENTEUIL AV D'",0.0,0.0
201400039062,3,9,14,22,5,92,4,2,1,1,1,"43, HENRI POINCARE",0.0,0.0
201400039063,5,9,14,20,2,92,4,2,1,1,7,"14, ROBERT DUPONT",0.0,0.0
201400039064,8,9,14,9,1,92,4,2,3,1,2,"NS, AULAGNIER ( QUAI )",0.0,0.0
201400039065,12,9,14,6,2,92,4,2,4,1,2,"39, DOCTEUR DERVAUX  ( Q",0.0,0.0
201400039066,12,9,14,15,1,92,4,2,3,1,3,"ns, HENRI POINCARE",0.0,0.0
201400039067,16,9,14,14,1,92,4,2,2,1,6,"NS, ARGENTEUIL AV D'",0.0,0.0
201400039068,19,9,14,12,1,92,4,2,1,1,3,"NS, PONT DE CLICHY",0.0,0.0
201400039069,20,9,14,23,5,92,4,2,1,1,6,"04, ARGENTEUIL AV D'",0.0,0.0
201400039070,24,9,14,21,5,92,4,2,4,2,3,"NS, ARGENTEUIL AV D'",0.0,0.0
201400039071,25,9,14,9,1,92,4,2,2,1,3,"28, REDOUTE ( AVENUE DE",0.0,0.0
201400039072,3,10,14,8,1,92,4,2,1,1,6,"270, GRESILLONS ( AVENUE",0.0,0.0
201400039073,3,10,14,9,1,92,4,2,1,1,6,"03, REDOUTE ( AVENUE DE",0.0,0.0
201400039074,3,10,14,9,1,92,4,2,1,1,2,"NS, DOCTEUR DERVAUX  ( Q",0.0,0.0
201400039075,6,10,14,12,1,92,9,2,2,1,6,"NS, ESTIENNE D'ORVES ( R",0.0,0.0
201400039076,7,10,14,10,1,92,4,2,1,2,2,"NS, DOCTEUR DERVAUX  ( Q",0.0,0.0
201400039077,8,10,14,10,1,92,4,2,2,2,3,"28, RPC GILBERT",0.0,0.0
201400039078,8,10,14,12,1,92,4,2,1,2,3,"16, VOLTAIRE ( BD 16 A F",0.0,0.0
201400039079,8,10,14,16,1,92,4,2,1,1,6,"185, ARGENTEUIL AV D'",0.0,0.0
201400039080,11,10,14,10,1,92,4,2,4,1,3,"30, ARGENTEUIL AV D'",0.0,0.0
201400039081,11,10,14,15,1,92,4,2,1,1,3,"4 bis, VOLTAIRE  ( BD 01",0.0,0.0
201400039082,16,10,14,22,5,92,4,2,1,2,6,"NS, REDOUTE ( AVENUE DE",0.0,0.0
201400039083,19,10,14,17,1,92,4,2,1,1,7,"02, INTERCOMMUNAL (B)",0.0,0.0
201400039084,23,10,14,9,1,92,4,2,1,1,6,"63, ROBERT DUPONT",0.0,0.0
201400039085,23,10,14,18,1,92,4,2,1,1,3,"39, PIERRE BROSSOLETTE",0.0,0.0
201400039086,24,10,14,20,5,92,4,2,1,1,6,"128, REDOUTE ( AVENUE DE",0.0,0.0
201400039087,25,10,14,6,5,92,4,2,1,1,2,"face 125, DOCTEUR DERVAU",0.0,0.0
201400039088,30,10,14,6,5,92,4,2,1,1,7,"ns, BAS ( RUE DES )",0.0,0.0
201400039089,3,11,14,22,5,92,4,2,1,2,2,"ns, DOCTEUR DERVAUX  ( Q",0.0,0.0
201400039090,4,11,14,20,5,92,4,2,1,1,3,"158, ARGENTEUIL AV D'",0.0,0.0
201400039091,12,11,14,17,5,92,4,2,2,1,3,"24, BAC ( RUE DU )",0.0,0.0
201400039092,19,11,14,9,1,92,4,2,1,2,7,"92, CHATEAU ( RUE DU )",0.0,0.0
201400039093,23,11,14,18,5,92,4,2,2,1,3,"NS, PONT DE CLICHY",0.0,0.0
201400039094,25,11,14,16,1,92,4,2,2,1,6,"NS, COMETE  ( RUE DE LA",0.0,0.0
201400039095,26,11,14,21,5,92,4,2,3,1,3,"15, FAIDHERBE ( AVENUE )",0.0,0.0
201400039096,26,11,14,21,5,92,9,2,3,1,3,"NS, ARGENTEUIL ( AVENUE",0.0,0.0
201400039097,27,11,14,9,1,92,4,2,2,1,3,"NS, VOLTAIRE ( BD 16 A F",0.0,0.0
201400039098,28,11,14,15,1,92,4,2,2,1,3,"NS, PARMENTIER",0.0,0.0
201400039099,1,12,14,8,1,92,4,2,1,1,3,"face 37, DOCTEUR DERVAUX",0.0,0.0
201400039100,1,12,14,13,1,92,4,2,3,1,3,"ns, PIERRE BROSSOLETTE",0.0,0.0
201400039101,3,12,14,18,5,92,9,2,2,1,6,"NS, R. P.CORENTIN-CLOARE",0.0,0.0
201400039102,6,12,14,14,1,92,4,2,1,1,6,"101, CHATEAU ( RUE DU )",0.0,0.0
201400039103,9,12,14,11,1,92,4,2,1,1,7,"NS, BAS ( RUE DES )",0.0,0.0
201400039104,12,12,14,19,5,92,9,2,2,1,3,"07, EUROPE (AVENUE)",0.0,0.0
201400039105,12,12,14,8,1,92,4,2,1,2,1,"NS, ROUVEYROL ( VILLA )",0.0,0.0
201400039106,12,12,14,11,1,92,4,2,1,1,6,"10, EMILE ZOLA ( RUE )",0.0,0.0
201400039107,12,12,14,15,1,92,4,2,1,2,7,"72, ARGENTEUIL AV D'",0.0,0.0
201400039108,16,12,14,7,5,92,9,2,1,2,6,"19, CHEVREUL ( AVENUE )",0.0,0.0
201400039109,19,12,14,18,5,92,4,2,1,1,6,"88, MAURICE BOKANOWSKI",0.0,0.0
201400039110,21,12,14,18,5,92,4,2,1,1,3,"15, DOCTEUR DERVAUX  ( Q",0.0,0.0
201400039111,23,12,14,19,5,92,4,2,2,1,3,"NS, METRO GABRIEL PERI",0.0,0.0
201400039112,26,12,14,11,1,92,4,2,2,2,3,"9, JEAN JACQUES ROUSSEAU",0.0,0.0
201400039113,27,12,14,20,5,92,4,2,1,2,6,"06, ARGENTEUIL AV D'",0.0,0.0
201400039114,4,1,14,15,1,92,7,2,1,1,2,"27, FORTIN (AVENUE JEAN-",0.0,0.0
201400039115,10,1,14,15,1,92,7,2,1,1,2,"26, VAILLANT-COUTURIER (",0.0,0.0
201400039116,4,2,14,18,2,92,7,2,1,1,3,"129bis, VERDUN (RUE DE)",0.0,0.0
201400039117,5,2,14,21,5,92,7,2,3,1,3,BRIAND (AVENUE ARISTIDE),0.0,0.0
201400039118,15,2,14,0,5,92,7,2,1,1,6,"236, BRIAND (AVENUE ARIS",0.0,0.0
201400039119,26,2,14,20,5,92,7,2,2,1,1,STALINGRAD (AVENUE DE),0.0,0.0
201400039120,3,3,14,11,1,92,7,2,3,1,3,"59, BOURG-LA-REINE (AVEN",0.0,0.0
201400039121,20,3,14,12,1,92,7,2,1,1,3,"81, PETIT (AVENUE ALBERT",0.0,0.0
201400039122,22,3,14,17,1,92,7,2,2,1,3,BRIAND (AVENUE ARISTIDE),0.0,0.0
201400039123,23,3,14,14,1,92,7,2,2,1,3,PETIT (AVENUE ALBERT) N?,0.0,0.0
201400039124,23,3,14,18,2,92,7,2,3,1,2,"268, BRIAND (AVENUE ARIS",0.0,0.0
201400039125,1,4,14,20,1,92,7,2,3,1,3,"55, PASTEUR (AVENUE LOUI",0.0,0.0
201400039126,11,4,14,18,1,92,7,2,2,1,6,FRERES LUMIERE (RUE DES),0.0,0.0
201400039127,10,4,14,18,1,92,7,2,1,1,6,"236, BRIAND (AVENUE ARIS",0.0,0.0
201400039128,12,4,14,6,2,92,7,2,2,1,3,PASTEUR (AVENUE LOUIS) N,0.0,0.0
201400039129,13,4,14,13,1,92,7,2,2,1,3,PASTEUR (AVENUE LOUIS) A,0.0,0.0
201400039130,15,4,14,20,1,92,7,2,1,1,3,"48, BRIAND (AVENUE ARIST",0.0,0.0
201400039131,30,4,14,0,5,92,7,2,1,2,7,"96, BRIAND (AVENUE ARIST",0.0,0.0
201400039132,8,5,14,15,1,92,7,2,1,3,6,"96, BRIAND (AVENUE ARIST",0.0,0.0
201400039133,2,6,14,16,1,92,7,2,4,1,7,BARBUSSE (AVENUE HENRI),0.0,0.0
201400039134,10,6,14,19,1,92,7,2,3,1,3,BRIAND (AVENUE ARISTIDE),0.0,0.0
201400039135,11,6,14,18,1,92,7,2,2,7,3,PASTEUR (AVENUE LOUIS) A,0.0,0.0
201400039136,13,6,14,13,1,92,7,2,3,1,3,PETIT (AVENUE ALBERT) N?,0.0,0.0
201400039137,19,6,14,13,1,92,7,2,1,1,6,"24, BRIAND (AVENUE ARIST",0.0,0.0
201400039138,21,6,14,21,2,92,7,2,1,1,6,"175, RAVERA (AVENUE HENR",0.0,0.0
201400039139,6,7,14,21,1,92,7,2,4,1,3,HUGO (AVENUE VICTOR),0.0,0.0
201400039140,15,7,14,9,1,92,7,2,2,1,3,BRIAND (AVENUE ARISTIDE),0.0,0.0
201400039141,18,7,14,16,1,92,7,2,1,1,6,"24, VAILLANT-COUTURIER (",0.0,0.0
201400039142,13,8,14,13,1,92,7,2,2,1,3,"-, BENARDS (RUE DES) N?",0.0,0.0
201400039143,6,9,14,11,1,92,7,2,6,1,6,VAILLANT-COUTURIER (AVEN,0.0,0.0
201400039144,12,9,14,10,1,92,7,2,1,1,6,"41, PETIT (AVENUE ALBERT",0.0,0.0
201400039145,13,9,14,17,1,92,7,2,2,1,2,VAILLANT-COUTURIER (AVEN,0.0,0.0
201400039146,16,9,14,16,1,92,7,2,4,1,3,PLUCHET (RUE ALPHONSE),0.0,0.0
201400039147,17,9,14,17,1,92,7,2,2,1,3,BRIAND (AVENUE ARISTIDE),0.0,0.0
201400039148,27,9,14,20,3,92,7,2,2,1,6,HUGO (AVENUE VICTOR),0.0,0.0
201400039149,1,10,14,19,2,92,7,2,2,1,3,BRIAND (AVENUE ARISTIDE),0.0,0.0
201400039150,3,10,14,16,1,92,7,2,2,1,3,DORMOY (AVENUE MARX),0.0,0.0
201400039151,5,10,14,12,1,92,7,2,1,8,3,"83, PETIT (AVENUE ALBERT",0.0,0.0
201400039152,10,10,14,16,1,92,7,2,3,1,3,BRIAND (AVENUE ARISTIDE),0.0,0.0
201400039153,13,10,14,16,1,92,7,2,1,1,3,"24, VAILLANT-COUTURIER (",0.0,0.0
201400039154,3,11,14,8,1,92,7,2,3,1,5,PASTEUR (AVENUE LOUIS) A,0.0,0.0
201400039155,22,11,14,20,3,92,7,2,1,1,6,"134, BRIAND (AVENUE ARIS",0.0,0.0
201400039156,25,11,14,14,1,92,7,2,1,8,2,"96, BRIAND (AVENUE ARIST",0.0,0.0
201400039157,2,1,14,17,2,92,12,2,2,1,6,REINE (ROUTE DE LA) 82/F,0.0,0.0
201400039158,3,1,14,18,2,92,12,2,1,1,6,"231, JEAN JAURES (BOULEV",0.0,0.0
201400039159,8,1,14,20,5,92,12,2,2,2,3,GALLIENI (RUE) 142/FIN,0.0,0.0
201400039160,8,1,14,10,1,92,12,2,1,1,6,"34, GENERAL LECLERC (AVE",0.0,0.0
201400039161,11,1,14,17,2,92,12,2,2,1,6,JEAN JAURES (BOULEVARD),0.0,0.0
201400039162,18,1,14,19,5,92,12,2,2,1,6,ANDRE MORIZET (AVENUE) -,0.0,0.0
201400039163,20,1,14,13,1,92,12,2,2,2,6,REPUBLIQUE (BOULEVARD DE,0.0,0.0
201400039164,22,1,14,10,1,92,12,2,1,1,4,"72, EDOUARD VAILLANT (AV",0.0,0.0
201400039165,22,1,14,19,5,92,12,2,2,3,6,SILLY (RUE DE) 89/FIN -,0.0,0.0
201400039166,23,1,14,9,1,92,12,2,2,1,6,GAMBETTA (RUE),0.0,0.0
201400039167,29,1,14,10,1,92,12,2,1,2,3,"61, POINT DU JOUR (QUAI",0.0,0.0
201400039168,1,2,14,11,1,92,12,2,1,8,6,"126, REINE (ROUTE DE LA)",0.0,0.0
201400039169,1,2,14,13,1,92,12,2,3,1,6,JEAN JAURES (BOULEVARD),0.0,0.0
201400039170,3,2,14,20,2,92,12,2,2,1,3,JEAN JAURES (BOULEVARD),0.0,0.0
201400039171,5,2,14,14,1,92,12,2,1,2,2,"50-52, REINE (ROUTE DE L",0.0,0.0
201400039172,6,2,14,8,1,92,12,2,1,1,3,"65, ANDRE MORIZET (AVENU",0.0,0.0
201400039173,6,2,14,17,1,92,12,2,2,1,3,ANDRE MORIZET (AVENUE) 1,0.0,0.0
201400039174,8,2,14,20,5,92,12,2,2,1,3,GENERAL LECLERC (AVENUE,0.0,0.0
201400039175,10,2,14,16,1,92,12,2,1,1,3,"25, QUATRE SEPTEMBRE (QU",0.0,0.0
201400039176,12,2,14,17,2,92,12,2,1,2,6,"64, REPUBLIQUE (BOULEVAR",0.0,0.0
201400039177,14,2,14,14,1,92,12,2,1,1,7,"34, EDOUARD VAILLANT (AV",0.0,0.0
201400039178,19,2,14,18,2,92,12,2,2,1,3,GENERAL LECLERC (AVENUE,0.0,0.0
201400039179,20,2,14,12,1,92,12,2,1,1,6,"102-104, EDOUARD VAILLAN",0.0,0.0
201400039180,26,2,14,18,1,92,12,2,2,1,3,YVES KERMEN (RUE) 51/FIN,0.0,0.0
201400039181,27,2,14,14,1,92,12,2,1,2,7,PONT DE SEVRES (ROND POI,0.0,0.0
201400039182,27,2,14,19,5,92,12,2,1,2,6,"20, QUATRE SEPTEMBRE (QU",0.0,0.0
201400039183,27,2,14,19,5,92,12,2,1,2,6,"11, MOULINEAUX (SQUARE D",0.0,0.0
201400039184,1,3,14,19,2,92,12,2,3,1,6,GENERAL LECLERC (AVENUE,0.0,0.0
201400039185,2,3,14,9,1,92,12,2,2,1,6,JEAN JAURES (BOULEVARD),0.0,0.0
201400039186,3,3,14,10,1,92,12,2,1,1,7,PONT DE SEVRES (ROND POI,0.0,0.0
201400039187,4,3,14,9,1,92,12,2,2,1,2,REPUBLIQUE (BOULEVARD DE,0.0,0.0
201400039188,6,3,14,8,1,92,12,2,1,7,2,"29, GEORGES GORSE (QUAI)",0.0,0.0
201400039189,7,3,14,13,1,92,12,2,2,1,6,ROBERT SCHUMAN (AVENUE),0.0,0.0
201400039190,8,3,14,18,2,92,12,2,1,1,6,"101, POINT DU JOUR (RUE",0.0,0.0
201400039191,10,3,14,17,1,92,12,2,1,1,3,"160, PARIS (RUE DE) 97BI",0.0,0.0
201400039192,11,3,14,10,1,92,12,2,3,1,6,THIERS (RUE) 2/82 BIS -,0.0,0.0
201400039193,13,3,14,13,1,92,12,2,1,1,3,"235, GALLIENI (RUE) 159/",0.0,0.0
201400039194,15,3,14,15,1,92,12,2,1,1,2,"124, JEAN JAURES (BOULEV",0.0,0.0
201400039195,20,3,14,13,1,92,12,2,3,1,3,ANNA BERBEROVA (RUE),0.0,0.0
201400039196,25,3,14,17,1,92,12,2,1,2,7,"50, REPUBLIQUE (BOULEVAR",0.0,0.0
201400039197,27,3,14,13,1,92,12,2,1,1,5,"107, SEVRES (RUE DE) 55B",0.0,0.0
201400039198,28,3,14,20,5,92,12,2,6,1,6,RHIN ET DANUBE (ROND POI,0.0,0.0
201400039199,30,3,14,22,3,92,12,2,1,1,3,", YVES KERMEN (RUE) 51/F",0.0,0.0
201400039200,31,3,14,8,1,92,12,2,7,1,6,"197, JEAN JAURES (BOULEV",0.0,0.0
201400039201,31,3,14,10,1,92,12,2,1,1,3,"31BIS, ROBERT SCHUMAN (A",0.0,0.0
201400039202,31,3,14,13,1,92,12,2,1,1,6,"42, REINE (ROUTE DE LA)",0.0,0.0
201400039203,1,4,14,16,1,92,12,2,1,1,3,"82, SEVRES (RUE DE) 55BI",0.0,0.0
201400039204,3,4,14,11,1,92,12,2,1,1,2,"88 TER, GENERAL LECLERC",0.0,0.0
201400039205,6,4,14,9,1,92,12,2,2,1,7,ROBERT SCHUMAN (AVENUE),0.0,0.0
201400039206,8,4,14,13,1,92,12,2,2,1,3,ANDRE MORIZET (AVENUE) 1,0.0,0.0
201400039207,11,4,14,3,5,92,12,2,1,1,3,"8, GENERAL LECLERC (AVEN",0.0,0.0
201400039208,11,4,14,20,5,92,12,2,1,1,7,"12, QUATRE SEPTEMBRE (QU",0.0,0.0
201400039209,15,4,14,9,1,92,12,2,1,1,3,"109, REINE (ROUTE DE LA)",0.0,0.0
201400039210,18,4,14,13,1,92,12,2,1,1,3,"577, GENERAL LECLERC (AV",0.0,0.0
201400039211,22,4,14,11,1,92,12,2,1,1,6,"123, THIERS (RUE) 67/FIN",0.0,0.0
201400039212,23,4,14,14,1,92,12,2,1,1,7,"67, GENERAL LECLERC (AVE",0.0,0.0
201400039213,26,4,14,9,1,92,12,2,1,9,6,"1099, YVES KERMEN (RUE)",0.0,0.0
201400039214,29,4,14,20,1,92,12,2,1,2,7,"116, REINE (ROUTE DE LA)",0.0,0.0
201400039215,2,5,14,13,1,92,12,2,2,1,6,VIEUX PONT DE SEVRES (RU,0.0,0.0
201400039216,3,5,14,12,1,92,12,2,1,1,2,"239, JEAN JAURES (BOULEV",0.0,0.0
201400039217,5,5,14,18,1,92,12,2,1,1,5,"26, QUATRE SEPTEMBRE (QU",0.0,0.0
201400039218,6,5,14,14,1,92,12,2,1,1,3,"130, JEAN JAURES (BOULEV",0.0,0.0
201400039219,6,5,14,21,5,92,12,2,2,2,7,COURS DE L'ILE SEGUIN,0.0,0.0
201400039220,6,5,14,15,1,92,12,2,1,1,6,"95, EDOUARD VAILLANT (AV",0.0,0.0
201400039221,30,4,14,16,1,92,12,2,1,1,7,"35/37, SEVRES (RUE DE) 1",0.0,0.0
201400039222,7,5,14,18,1,92,12,2,1,1,3,"29, LE CORBUSIER (RUE)",0.0,0.0
201400039223,9,5,14,12,1,92,12,2,2,1,7,BILLANCOURT (RUE DE) 63/,0.0,0.0
201400039224,12,5,14,11,1,92,12,2,4,1,2,PONT DE SAINT CLOUD (MET,0.0,0.0
201400039225,13,5,14,12,1,92,12,2,1,1,3,"35, VICTOR HUGO (AVENUE)",0.0,0.0
201400039226,13,5,14,17,1,92,12,2,1,2,6,"103, JEAN BAPTISTE CLEME",0.0,0.0
201400039227,14,5,14,18,1,92,12,2,1,1,6,"142, GALLIENI (RUE) 142/",0.0,0.0
201400039228,15,5,14,20,5,92,12,2,2,1,6,JEAN JAURES (BOULEVARD),0.0,0.0
201400039229,17,5,14,11,1,92,12,2,1,1,2,"98, GENERAL LECLERC (AVE",0.0,0.0
201400039230,20,5,14,15,1,92,12,2,3,1,3,CHEMIN VERT (RUE DU),0.0,0.0
201400039231,21,5,14,3,5,92,12,2,1,2,7,"95/97, EDOUARD VAILLANT",0.0,0.0
201400039232,22,5,14,12,1,92,12,2,2,1,2,CHATEAU (RUE DU) 1/125 -,0.0,0.0
201400039233,22,5,14,19,1,92,12,2,1,1,2,"48, GAMBETTA (RUE)",0.0,0.0
201400039234,25,5,14,19,1,92,12,2,4,1,6,"26, ANDRE MORIZET (AVENU",0.0,0.0
201400039235,26,5,14,8,1,92,12,2,1,2,6,"22, REINE (ROUTE DE LA)",0.0,0.0
201400039236,27,5,14,14,1,92,12,2,3,1,6,JEAN JAURES (BOULEVARD),0.0,0.0
201400039237,28,5,14,8,1,92,12,2,1,1,6,"86, CHATEAU (RUE DU) 1/1",0.0,0.0
201400039238,28,5,14,14,1,92,12,2,2,1,3,GALLIENI (RUE) 55/157 -,0.0,0.0
201400039239,28,5,14,15,1,92,12,2,1,8,6,"32 BIS, JEAN JAURES (BOU",0.0,0.0
201400039240,31,5,14,16,1,92,12,2,1,1,3,"34-36, SEVRES (RUE DE) 1",0.0,0.0
201400039241,3,6,14,11,1,92,12,2,1,1,6,"76, REPUBLIQUE (BOULEVAR",0.0,0.0
201400039242,3,6,14,21,2,92,12,2,3,1,3,JEAN JAURES (BOULEVARD),0.0,0.0
201400039243,5,6,14,15,1,92,12,2,1,1,7,"67, GENERAL LECLERC (AVE",0.0,0.0
201400039244,6,6,14,12,1,92,12,2,3,7,3,ANATOLE FRANCE (BOULEVAR,0.0,0.0
201400039245,8,6,14,17,1,92,12,2,1,1,6,"27, EST (RUE DE L') 1/FI",0.0,0.0
201400039246,10,6,14,8,1,92,12,2,2,8,3,DENFERT ROCHEREAU (RUE),0.0,0.0
201400039247,13,6,14,8,1,92,12,2,1,1,2,"16, POINT DU JOUR (QUAI",0.0,0.0
201400039248,13,6,14,15,1,92,12,2,2,1,6,ANDRE MORIZET (AVENUE) 1,0.0,0.0
201400039249,13,6,14,16,1,92,12,2,1,1,2,EDOUARD VAILLANT (AVENUE,0.0,0.0
201400039250,14,6,14,13,1,92,12,2,1,1,7,"17, SAINT DENIS (RUE)",0.0,0.0
201400039251,14,6,14,15,1,92,12,2,1,1,6,"112, REINE (ROUTE DE LA)",0.0,0.0
201400039252,15,6,14,14,1,92,12,2,6,1,2,EDOUARD VAILLANT (AVENUE,0.0,0.0
201400039253,15,6,14,18,1,92,12,2,6,1,3,JULES GUESDE/NATIONALE (,0.0,0.0
201400039254,17,6,14,7,1,92,12,2,3,1,3,REINE (ROUTE DE LA) 1/37,0.0,0.0
201400039255,17,6,14,15,1,92,12,2,1,1,2,"175, JEAN JAURES (BOULEV",0.0,0.0
201400039256,20,6,14,9,1,92,12,2,1,1,7,"169, SILLY (RUE DE) 89/F",0.0,0.0
201400039257,21,6,14,15,1,92,12,2,6,1,3,MARCEL SEMBAT (PLACE),0.0,0.0
201400039258,21,6,14,18,1,92,12,2,2,1,3,REINE (ROUTE DE LA) 82/F,0.0,0.0
201400039259,24,6,14,8,1,92,12,2,4,1,6,CHATEAU (RUE DU) 1/125 -,0.0,0.0
201400039260,24,6,14,18,1,92,12,2,1,1,7,"11, SEVRES (RUE DE) 1/55",0.0,0.0
201400039261,26,6,14,21,1,92,12,2,2,2,7,JEAN JAURES (BOULEVARD),0.0,0.0
201400039262,28,6,14,23,5,92,12,2,1,3,6,"153, SILLY (RUE DE) 89/F",0.0,0.0
201400039263,30,6,14,16,1,92,12,2,4,1,3,JEAN JAURES (BOULEVARD),0.0,0.0
201400039264,1,7,14,8,1,92,12,2,3,1,7,"133, SILLY (RUE DE) 89/F",0.0,0.0
201400039265,4,7,14,0,5,92,12,2,1,1,6,"16, ALFRED LAURANT (RUE)",0.0,0.0
201400039266,6,7,14,2,5,92,12,2,1,1,3,"577, GENERAL LECLERC (AV",0.0,0.0
201400039267,7,7,14,7,1,92,12,2,1,1,2,"9, STALINGRAD (QUAI DE)",0.0,0.0
201400039268,9,7,14,14,1,92,12,2,2,3,3,REINE (ROUTE DE LA) 1/37,0.0,0.0
201400039269,12,7,14,10,1,92,12,2,3,1,3,REINE (ROUTE DE LA) 1/37,0.0,0.0
201400039270,16,7,14,18,1,92,12,2,2,1,3,"50, JEAN BAPTISTE CLEMEN",0.0,0.0
201400039271,16,7,14,20,1,92,12,2,2,1,6,"743, GENERAL LECLERC (AV",0.0,0.0
201400039272,17,7,14,10,1,92,12,2,1,7,6,"33, REPUBLIQUE (BOULEVAR",0.0,0.0
201400039273,19,7,14,18,1,92,12,2,1,1,2,"14, SILLY (RUE DE) 1/87",0.0,0.0
201400039274,22,7,14,13,1,92,12,2,3,1,6,ANATOLE FRANCE (BOULEVAR,0.0,0.0
201400039275,23,7,14,15,1,92,12,2,2,1,3,REPUBLIQUE (BOULEVARD DE,0.0,0.0
201400039276,23,7,14,19,1,92,12,2,9,1,3,QUATRE SEPTEMBRE (QUAI D,0.0,0.0
201400039277,30,7,14,22,5,92,12,2,1,1,2,"49, GEORGES GORSE (QUAI)",0.0,0.0
201400039278,2,8,14,7,1,92,12,2,2,1,3,REPUBLIQUE (BOULEVARD DE,0.0,0.0
201400039279,2,8,14,18,1,92,12,2,1,1,6,"122, GENERAL LECLERC (AV",0.0,0.0
201400039280,10,8,14,17,1,92,12,2,2,1,4,"75, ANDRE MORIZET (AVENU",0.0,0.0
201400039281,14,8,14,7,1,92,12,2,3,1,3,"34, ALPHONSE LE GALLO (Q",0.0,0.0
201400039282,14,8,14,19,1,92,12,2,1,2,3,"47, AUTEUIL (BOULEVARD D",0.0,0.0
201400039283,15,8,14,18,1,92,12,2,3,1,3,GEORGES GORSE (QUAI),0.0,0.0
201400039284,16,8,14,7,1,92,12,2,9,1,1,LE JOUR SE LEVE (AVENUE),0.0,0.0
201400039285,26,8,14,11,1,92,12,2,2,2,3,BELLEVUE (RUE DE) 1/71BI,0.0,0.0
201400039286,27,8,14,17,1,92,12,2,1,1,3,"3, GENERAL LECLERC (AVEN",0.0,0.0
201400039287,28,8,14,14,1,92,12,2,1,1,3,"33, GENERAL LECLERC (AVE",0.0,0.0
201400039288,30,8,14,11,1,92,12,2,1,1,3,"273, JEAN JAURES (BOULEV",0.0,0.0
201400039289,31,8,14,22,5,92,12,2,2,1,3,ANDRE MORIZET (AVENUE) 1,0.0,0.0
201400039290,4,9,14,9,1,92,12,2,2,1,3,GALLIENI (RUE) 55/157 -,0.0,0.0
201400039291,6,9,14,17,1,92,12,2,1,1,7,"19, MARECHAL DE LATTRE D",0.0,0.0
201400039292,6,9,14,21,5,92,12,2,1,1,6,"92, REPUBLIQUE (BOULEVAR",0.0,0.0
201400039293,8,9,14,11,1,92,12,2,1,1,3,"1, STALINGRAD (QUAI DE)",0.0,0.0
201400039294,8,9,14,20,5,92,12,2,1,1,2,"26, ALPHONSE LE GALLO (Q",0.0,0.0
201400039295,9,9,14,13,1,92,12,2,2,1,3,ROBERT SCHUMAN (AVENUE),0.0,0.0
201400039296,11,9,14,10,1,92,12,2,1,1,6,"55, PIERRE GRENIER (AVEN",0.0,0.0
201400039297,11,9,14,12,1,92,12,2,1,1,7,"33, EMILE ZOLA (RUE)",0.0,0.0
201400039298,12,9,14,8,1,92,12,2,1,1,3,AUTEUIL (BOULEVARD D') -,0.0,0.0
201400039299,15,9,14,12,1,92,12,2,2,1,2,"76, REPUBLIQUE (BOULEVAR",0.0,0.0
201400039300,18,9,14,16,1,92,12,2,1,1,4,"120, GENERAL LECLERC (AV",0.0,0.0
201400039301,22,9,14,16,1,92,12,2,6,1,2,ANCIENS COMBATTANT (ROND,0.0,0.0
201400039302,23,9,14,11,1,92,12,2,2,1,3,BELLE FEUILLE (RUE DE LA,0.0,0.0
201400039303,23,9,14,12,1,92,12,2,1,1,3,"139, JEAN JAURES (BOULEV",0.0,0.0
201400039304,23,9,14,15,1,92,12,2,1,1,4,"35, EDOUARD VAILLANT (AV",0.0,0.0
201400039305,23,9,14,21,5,92,12,2,1,1,2,"215, JEAN JAURES (BOULEV",0.0,0.0
201400039306,27,9,14,23,5,92,12,2,1,1,6,"145, JEAN JAURES (BOULEV",0.0,0.0
201400039307,27,9,14,18,1,92,12,2,2,1,6,GEORGES GORSE (QUAI),0.0,0.0
201400039308,29,9,14,9,1,92,12,2,1,2,6,"135, SILLY (RUE DE) 89/F",0.0,0.0
201400039309,3,10,14,8,1,92,12,2,1,1,2,"14, STALINGRAD (QUAI DE)",0.0,0.0
201400039310,6,10,14,8,1,92,12,2,1,1,1,"65, GEORGES GORSE (QUAI)",0.0,0.0
201400039311,7,10,14,23,5,92,12,2,1,1,6,"238, JEAN JAURES (BOULEV",0.0,0.0
201400039312,8,10,14,12,1,92,12,2,1,1,2,"3, GENERAL LECLERC (AVEN",0.0,0.0
201400039313,8,10,14,12,1,92,12,2,6,1,7,", PONT DE SEVRES (ROND P",0.0,0.0
201400039314,9,10,14,7,2,92,12,2,1,1,3,"58, GEORGES GORSE (QUAI)",0.0,0.0
201400039315,15,10,14,18,1,92,12,2,1,8,6,"9, REINE (ROUTE DE LA) 1",0.0,0.0
201400039316,29,9,14,9,1,92,12,2,6,2,6,ANCIENS COMBATTANT (ROND,0.0,0.0
201400039317,17,10,14,12,1,92,12,2,6,1,3,PONT DE SEVRES (ROND POI,0.0,0.0
201400039318,20,10,14,10,1,92,12,2,1,1,3,"19, ANATOLE FRANCE (BOUL",0.0,0.0