Num_Acc,jour,mois,an,hr,condition_eclairage,departement,commune,condition_agglomeration,intersection,condition_atmosphere,type_collision,adresse,lattitude,longitude
201400039319,20,10,14,23,5,92,12,2,2,1,3,VIEUX PONT DE SEVRES (RU,0.0,0.0
201400039320,21,10,14,17,1,92,12,2,1,1,2,"09, QUATRE SEPTEMBRE (QU",0.0,0.0
201400039321,22,10,14,10,1,92,12,2,1,1,6,"100, GENERAL LECLERC (AV",0.0,0.0
201400039322,27,10,14,10,1,92,12,2,2,1,3,GEORGES GORSE (QUAI),0.0,0.0
201400039323,27,10,14,11,1,92,12,2,2,1,6,REINE (ROUTE DE LA) 1/37,0.0,0.0
201400039324,27,10,14,14,1,92,12,2,1,1,3,"9, AUTEUIL (BOULEVARD D'",0.0,0.0
201400039325,28,10,14,18,1,92,12,2,1,1,6,"37, AUTEUIL (BOULEVARD D",0.0,0.0
201400039326,29,10,14,15,1,92,12,2,2,1,7,"127, JEAN BAPTISTE CLEME",0.0,0.0
201400039327,31,10,14,11,1,92,12,2,1,1,3,"110, GENERAL LECLERC (AV",0.0,0.0
201400039328,31,10,14,12,1,92,12,2,2,1,3,JEAN BAPTISTE CLEMENT (A,0.0,0.0
201400039329,1,11,14,17,1,92,12,2,1,1,3,"40, JEAN BAPTISTE CLEMEN",0.0,0.0
201400039330,1,11,14,20,5,92,12,2,3,1,7,"81, ANDRE MORIZET (AVENU",0.0,0.0
201400039331,4,11,14,12,1,92,12,2,1,1,3,"50, JEAN BAPTISTE CLEMEN",0.0,0.0
201400039332,7,11,14,20,5,92,12,2,1,1,7,"66, REINE (ROUTE DE LA)",0.0,0.0
201400039333,14,11,14,20,5,92,12,2,6,1,6,MARCEL SEMBAT (PLACE),0.0,0.0
201400039334,15,11,14,13,1,92,12,2,1,1,2,"229, JEAN JAURES (BOULEV",0.0,0.0
201400039335,17,11,14,0,5,92,12,2,2,1,3,EDOUARD VAILLANT (AVENUE,0.0,0.0
201400039336,17,11,14,14,1,92,12,2,2,1,3,YVES KERMEN (RUE) 3/49 -,0.0,0.0
201400039337,17,11,14,18,5,92,12,2,1,3,7,"45, ALPHONSE LE GALLO (Q",0.0,0.0
201400039338,21,11,14,10,1,92,12,2,3,1,6,GEORGES SOREL (RUE),0.0,0.0
201400039339,21,11,14,21,5,92,12,2,1,1,3,"180, JEAN JAURES (BOULEV",0.0,0.0
201400039340,22,11,14,18,5,92,12,2,1,1,4,"41, CHATEAU (RUE DU) 1/1",0.0,0.0
201400039341,21,11,14,20,5,92,12,2,1,1,3,"62, VICTOR HUGO (AVENUE)",0.0,0.0
201400039342,25,11,14,19,5,92,12,2,1,1,6,"120, ANDRE MORIZET (AVEN",0.0,0.0
201400039343,26,11,14,8,1,92,12,2,1,2,3,"28, REPUBLIQUE (BOULEVAR",0.0,0.0
201400039344,26,11,14,19,5,92,12,2,1,1,6,"16, VICTOR GRIFFUELHES (",0.0,0.0
201400039345,26,11,14,19,5,92,12,2,3,2,3,BELLEVUE (RUE DE) 1/71BI,0.0,0.0
201400039346,27,11,14,0,5,92,12,2,2,2,7,REINE (ROUTE DE LA) 39/1,0.0,0.0
201400039347,28,11,14,9,1,92,12,2,3,1,3,JEAN BAPTISTE CLEMENT (A,0.0,0.0
201400039348,30,11,14,17,1,92,12,2,2,1,3,GENERAL LECLERC (AVENUE,0.0,0.0
201400039349,5,12,14,16,1,92,12,2,2,1,6,SILLY (RUE DE) 1/87 - 2/,0.0,0.0
201400039350,5,12,14,19,5,92,12,2,1,1,6,"206, GALLIENI (RUE) 142/",0.0,0.0
201400039351,6,12,14,7,5,92,12,2,2,1,3,ANDRE MORIZET (AVENUE) 1,0.0,0.0
201400039352,9,12,14,18,5,92,12,2,1,1,6,REINE (ROUTE DE LA) 1/37,0.0,0.0
201400039353,9,12,14,20,5,92,12,2,1,1,2,"22, EDOUARD VAILLANT (AV",0.0,0.0
201400039354,10,12,14,10,1,92,12,2,1,1,6,"1, PIERRE GRENIER (AVENU",0.0,0.0
201400039355,10,12,14,15,1,92,12,2,1,1,6,"29 BIS, JEAN JAURES (BOU",0.0,0.0
201400039356,11,12,14,17,5,92,12,2,1,2,6,"131, PARIS (RUE DE) 97BI",0.0,0.0
201400039357,11,12,14,18,5,92,12,2,2,1,6,SILLY (RUE DE) 1/87 - 2/,0.0,0.0
201400039358,12,12,14,3,5,92,12,2,1,2,6,"8, GENERAL LECLERC (AVEN",0.0,0.0
201400039359,12,12,14,9,1,92,12,2,2,2,3,"65, EDOUARD VAILLANT (AV",0.0,0.0
201400039360,12,12,14,19,5,92,12,2,1,2,3,"15, LE CORBUSIER (RUE)",0.0,0.0
201400039361,12,12,14,19,5,92,12,2,2,2,3,SILLY (RUE DE) 1/87 - 2/,0.0,0.0
201400039362,13,12,14,16,5,92,12,2,1,4,6,"50, JEAN JAURES (BOULEVA",0.0,0.0
201400039363,13,12,14,23,5,92,12,2,2,2,3,JEAN BAPTISTE CLEMENT (A,0.0,0.0
201400039364,14,12,14,13,1,92,12,2,1,1,3,"46, GEORGES GORSE (QUAI)",0.0,0.0
201400039365,14,12,14,19,5,92,12,2,2,1,3,ANDRE MORIZET (AVENUE) 1,0.0,0.0
201400039366,15,12,14,20,5,92,12,2,1,2,2,"20, ROBERT SCHUMAN (AVEN",0.0,0.0
201400039367,18,12,14,10,1,92,12,2,3,1,3,TILLEULS (RUE DES) 1/67,0.0,0.0
201400039368,19,12,14,11,1,92,12,2,1,2,6,"30, ANDRE MORIZET (AVENU",0.0,0.0
201400039369,19,12,14,20,5,92,12,2,2,1,3,VICTOR HUGO (AVENUE) DEB,0.0,0.0
201400039370,26,12,14,17,5,92,12,2,1,1,3,"122, REINE (ROUTE DE LA)",0.0,0.0
201400039371,27,12,14,13,1,92,12,2,1,2,2,"33 TER, EDOUARD VAILLANT",0.0,0.0
201400039372,28,12,14,3,5,92,76,2,1,1,6,BOULEVARD DE LA REPUBLIQ,0.0,0.0
201400039373,30,12,14,19,5,92,12,2,1,1,2,"2, SILLY (RUE DE) 1/87 -",0.0,0.0
201400039374,1,1,14,22,5,92,19,2,1,2,6,"299, DIVISION LECLERC (A",0.0,0.0
201400039375,20,1,14,13,1,92,71,2,1,2,7,"1, CAUCHY (AVENUE)",0.0,0.0
201400039376,6,2,14,22,5,92,19,2,2,1,6,DIVISION LECLERC (AVENUE,0.0,0.0
201400039377,11,2,14,20,5,92,19,2,5,2,6,QUATRE CHEMINS (AVENUE D,0.0,0.0
201400039378,22,2,14,21,4,92,71,2,1,1,6,"30, AVENUE JEAN PERRIN",0.0,0.0
201400039379,6,3,14,17,1,92,19,2,2,7,6,PLESSIS (AVENUE DU),0.0,0.0
201400039380,14,3,14,19,5,92,19,2,6,1,2,11 NOVEMBRE 1918 (CARREF,0.0,0.0
201400039381,15,3,14,19,5,92,32,2,2,1,6,"1, DOLIVET J ET M (AVENU",0.0,0.0
201400039382,17,3,14,12,1,92,32,2,1,1,6,VILDE BORIS (RUE),0.0,0.0
201400039383,29,3,14,10,1,92,19,2,1,1,2,"49, SULLY PRU'DHOMME (AV",0.0,0.0
201400039384,4,4,14,7,2,92,71,2,2,1,6,"1, PLESSIS (AVENUE DU)",0.0,0.0
201400039385,11,4,14,10,1,92,71,2,1,1,2,"144, GENERAL LECLERC (AV",0.0,0.0
201400039386,12,4,14,12,1,92,71,2,1,1,6,"18, FONTENAY (RUE DE)",0.0,0.0
201400039387,26,4,14,16,1,92,32,2,2,1,6,NEYTS ANDRE (RUE),0.0,0.0
201400039388,3,5,14,21,5,92,71,2,1,1,6,"12, ROOSEVELT PRESIDENT",0.0,0.0
201400039389,19,5,14,1,3,92,19,1,3,1,3,BIEVRES ( ROUTE DE),0.0,0.0
201400039390,24,5,14,19,2,92,32,2,6,2,6,MOUILLEBOEUFS (CARREFOUR,0.0,0.0
201400039391,27,5,14,8,1,92,32,2,2,1,6,"9, MOULIN JEAN (AVENUE)",0.0,0.0
201400039392,6,6,14,17,1,92,71,2,1,1,6,"48, BAGNEUX (RUE DE)",0.0,0.0
201400039393,18,6,14,10,1,92,19,2,2,1,3,LAFARGUE PAUL (RUE),0.0,0.0
201400039394,24,6,14,9,1,92,19,2,3,1,3,RN 186,0.0,0.0
201400039395,9,7,14,13,1,92,19,2,1,1,2,"189, JAURES JEAN (RUE)",0.0,0.0
201400039396,17,7,14,21,2,92,32,2,1,1,5,"27, LOMBARD (AVENUE)",0.0,0.0
201400039397,19,7,14,18,1,92,32,2,1,1,1,"49, LA FONTAINE (RUE)",0.0,0.0
201400039398,12,8,14,18,1,92,71,2,1,1,6,"154, GENERAL LECLERC (AV",0.0,0.0
201400039399,14,8,14,14,1,92,19,2,1,1,2,"3, DIVISION LECLERC (AVE",0.0,0.0
201400039400,19,8,14,8,1,92,71,2,1,1,6,"60, ROOSEVELT PRESIDENT",0.0,0.0
201400039401,22,8,14,10,1,92,32,2,1,1,6,"28, PERRIN JEAN (AVENUE)",0.0,0.0
201400039402,24,8,14,10,1,92,19,2,2,1,6,LONGUET JEAN (RUE),0.0,0.0
201400039403,12,9,14,12,1,92,71,2,2,1,3,FONTENAY (RUE DE),0.0,0.0
201400039404,20,9,14,0,5,92,32,2,1,1,3,"8, LECCLERC GENERAL (AVE",0.0,0.0
201400039405,27,9,14,15,1,92,71,2,3,1,6,BERGER (DOCTEUR),0.0,0.0
201400039406,4,10,14,20,2,92,19,1,1,1,7,"A86, bretelle de sortie",0.0,0.0
201400039407,13,10,14,8,1,92,19,2,1,1,3,"281, LECLERC DIVISION (A",0.0,0.0
201400039408,29,10,14,13,1,92,19,2,2,1,6,"1, DUVAL GENERAL (RUE)",0.0,0.0
201400039409,8,11,14,16,1,92,19,2,2,1,6,CLEMENT JEAN BAPTISTE (R,0.0,0.0
201400039410,3,12,14,9,2,92,19,2,1,2,7,DIVISION LECLERC (AVENUE,0.0,0.0
201400039411,9,12,14,18,5,92,19,2,6,8,6,CLEMENT JEAN BAPTISTE (R,0.0,0.0
201400039412,10,12,14,8,1,92,71,2,1,1,6,CAUCHY (AVENUE),0.0,0.0
201400039413,16,12,14,11,1,92,19,2,1,3,3,"313, LECLERC DIVISION (A",0.0,0.0
201400039414,26,12,14,14,1,92,19,2,1,1,3,"142, DIVISION LECLERC (A",0.0,0.0
201400039415,4,1,14,20,5,92,23,2,1,2,3,"308, GENERAL DE GAULLE (",0.0,0.0
201400039416,10,1,14,6,5,92,23,2,2,1,6,"., PORTE DE TRIVAUX (RUE",0.0,0.0
201400039417,14,1,14,14,1,92,23,2,3,1,3,"., ANDREAS BECK (RUE)",0.0,0.0
201400039418,15,1,14,7,5,92,23,2,1,2,6,PAVE BLANC (ROUTE DU) N?,0.0,0.0
201400039419,17,1,14,14,1,92,23,2,1,1,3,"28, BRETAGNE (RUE DE)",0.0,0.0
201400039420,17,1,14,17,1,92,60,2,9,1,3,"., ROBINSON (AVENUE DE)",0.0,0.0
201400039421,25,1,14,10,1,92,23,2,1,1,7,"168, HENRI BARBUSSE (AVE",0.0,0.0
201400039422,28,1,14,19,5,92,60,2,1,2,1,"05, NEWTON (AVENUE)",0.0,0.0
201400039423,5,2,14,7,2,92,60,2,6,1,3,"., DENIS PAPIN (AVENUE)",0.0,0.0
201400039424,9,2,14,19,5,92,23,2,1,1,3,"333, GENERAL DE GAULLE (",0.0,0.0
201400039425,7,2,14,15,1,92,23,2,1,1,1,"9, JEAN BAPTISTE CLEMENT",0.0,0.0
201400039426,8,2,14,20,5,92,23,2,2,1,3,"., ESTIENNE D'ORVES (RUE",0.0,0.0
201400039427,11,2,14,0,5,92,23,2,1,1,6,"., GARE (PLACE DE LA)",0.0,0.0
201400039428,13,2,14,7,2,92,23,2,1,3,2,"59, PORTE DE TRIVAUX (RU",0.0,0.0
201400039429,13,2,14,8,2,92,23,2,1,3,6,"4, HENRI BARBUSSE (AVENU",0.0,0.0
201400039430,22,2,14,10,1,92,23,2,3,1,2,"., JEAN BAPTISTE CLEMENT",0.0,0.0
201400039431,22,2,14,14,1,92,23,2,1,1,2,"42 BIS, JEAN JAURES (AVE",0.0,0.0
201400039432,24,2,14,10,1,92,23,2,1,1,6,"., Henri Becquerel (Rue)",0.0,0.0
201400039433,1,3,14,13,1,92,23,2,1,1,4,"233, GENERAL DE GAULLE (",0.0,0.0
201400039434,5,3,14,8,1,92,23,2,1,1,6,"181, GENERAL DE GAULLE (",0.0,0.0
201400039435,10,3,14,19,5,92,23,2,1,1,3,"., CLAUDE TREBIGNAUD (AV",0.0,0.0
201400039436,12,3,14,11,1,92,60,2,1,1,6,"10, ARISTIDE BRIAND (AVE",0.0,0.0
201400039437,13,3,14,12,1,92,23,2,3,1,1,"., HENRI BARBUSSE (AVENU",0.0,0.0
201400039438,20,3,14,11,1,92,60,2,2,1,3,"., CHARLES DE GAULLE (AV",0.0,0.0
201400039439,27,3,14,18,1,92,23,2,1,1,6,"2, PIERRE FRANQUET (RUE)",0.0,0.0
201400039440,4,4,14,13,1,92,23,2,1,1,7,"16, SCHNEIDER (AVENUE)",0.0,0.0
201400039441,8,4,14,10,1,92,60,2,1,1,3,"15 bis, GALILEE (AVENUE)",0.0,0.0
201400039442,8,5,14,22,5,92,60,2,6,2,7,CARREAU (RUE DU),0.0,0.0
201400039443,9,5,14,9,1,92,23,2,2,1,3,"., HENRI GOLAUDIN (RUE)",0.0,0.0
201400039444,14,5,14,14,1,92,23,2,1,1,6,"67, JEAN BAPTISTE CLEMEN",0.0,0.0
201400039445,19,5,14,9,1,92,23,2,1,1,6,"233, GENERAL DE GAULLE (",0.0,0.0
201400039446,21,5,14,19,2,92,23,2,2,3,3,"., JEAN BAPTISTE CLEMENT",0.0,0.0
201400039447,27,5,14,15,1,92,23,2,1,9,7,"., FRERES VIGOUROUX (BOU",0.0,0.0
201400039448,23,5,14,15,1,92,23,2,3,1,3,PORTE DE TRIVAUX (RUE DE,0.0,0.0
201400039449,6,6,14,9,1,92,23,2,1,1,6,JEAN JAURES (AVENUE) N?5,0.0,0.0
201400039450,29,5,14,12,1,92,23,2,1,1,6,"6, PAIX (AVENUE DE LA)",0.0,0.0
201400039451,26,5,14,17,1,92,23,2,1,1,6,"101, HENRI BARBUSSE (AVE",0.0,0.0
201400039452,3,6,14,20,1,92,60,2,3,1,3,"., CHARLES DE GAULLE (AV",0.0,0.0
201400039453,6,6,14,20,1,92,23,2,3,1,3,"., JEAN JAURES (AVENUE)",0.0,0.0
201400039454,13,6,14,9,1,92,23,2,1,1,6,"12, HENRI BARBUSSE (AVEN",0.0,0.0
201400039455,22,6,14,16,1,92,23,2,2,1,3,"., GENERAL DE GAULLE (AV",0.0,0.0
201400039456,19,6,14,22,5,92,23,2,6,1,7,"., MARQUIS (PLACE) N?1 E",0.0,0.0
201400039457,20,6,14,11,1,92,23,2,1,1,7,"., CLAUDE TREBIGNAUD (AV",0.0,0.0
201400039458,20,6,14,20,1,92,23,2,2,1,7,"., NORMANDIE (RUE DE)",0.0,0.0
201400039459,25,6,14,1,5,92,60,2,1,1,3,"., CHARLES DE GAULLE (AV",0.0,0.0
201400039460,25,6,14,16,1,92,23,2,3,1,3,"., JUSTICE (ROUTE DE LA)",0.0,0.0
201400039461,28,6,14,2,5,92,23,2,2,1,6,"., PORTE DE TRIVAUX (RUE",0.0,0.0
201400039462,7,7,14,19,1,92,23,2,2,2,3,"., GARENNE (ROUTE DE LA)",0.0,0.0
201400039463,8,7,14,16,1,92,23,2,3,1,7,"186, MARGUERITE RENAUDIN",0.0,0.0
201400039464,8,7,14,14,1,92,23,2,1,1,6,"6, PRESIDENT ROOSEVELT (",0.0,0.0
201400039465,9,7,14,19,2,92,23,2,2,2,7,"., HENRI BARBUSSE (AVENU",0.0,0.0
201400039466,12,7,14,13,1,92,60,2,3,1,3,"., CHARLES DE GAULLE (AV",0.0,0.0
201400039467,15,7,14,23,5,92,23,2,1,1,3,"527, GENERAL DE GAULLE (",0.0,0.0
201400039468,18,7,14,0,5,92,60,2,3,1,3,"., RESISTANCE (PLACE DE",0.0,0.0
201400039469,17,7,14,15,1,92,23,2,1,1,3,"176, VICTOR HUGO (AVENUE",0.0,0.0
201400039470,17,7,14,16,1,92,23,2,1,1,7,"62, MEUDON (RUE DE)",0.0,0.0
201400039471,21,7,14,17,1,92,23,2,3,1,3,"181, GENERAL DE GAULLE (",0.0,0.0
201400039472,23,7,14,9,1,92,23,2,1,1,1,"55, JEAN BAPTISTE CLEMEN",0.0,0.0
201400039473,25,7,14,11,1,92,23,2,1,1,6,"483, GENERAL DE GAULLE (",0.0,0.0
201400039474,4,8,14,12,1,92,23,2,1,1,6,"463, GENERAL DE GAULLE (",0.0,0.0
201400039475,11,8,14,11,1,92,23,2,1,1,3,"101, PORTE DE TRIVAUX (R",0.0,0.0
201400039476,16,8,14,6,1,92,23,2,1,1,6,"233, GENERAL DE GAULLE (",0.0,0.0
201400039477,26,8,14,19,1,92,23,2,3,1,3,"162, HENRI BARBUSSE (AVE",0.0,0.0
201400039478,28,8,14,13,1,92,60,2,1,2,3,"56, ROBINSON (AVENUE DE)",0.0,0.0
201400039479,5,9,14,17,1,92,60,2,3,1,3,"., PAUL LANGEVIN (AVENUE",0.0,0.0
201400039480,13,9,14,18,1,92,60,2,1,1,6,"4, PAUL LANGEVIN (AVENUE",0.0,0.0
201400039481,18,9,14,8,1,92,23,2,2,1,3,"., PAVE BLANC (ROUTE DU)",0.0,0.0
201400039482,16,9,14,8,1,92,23,2,3,1,6,"., HENRI BARBUSSE (AVENU",0.0,0.0
201400039483,19,9,14,17,1,92,23,2,1,1,3,"., PAIX (AVENUE DE LA)",0.0,0.0
201400039484,23,9,14,15,1,92,60,2,1,1,6,"., CHARLES DE GAULLE (AV",0.0,0.0
201400039485,25,9,14,19,1,92,23,2,1,1,2,"320, GENERAL DE GAULLE (",0.0,0.0
201400039486,26,9,14,20,5,92,60,2,1,1,7,"119, FONTENAY (RUE DE)",0.0,0.0
201400039487,29,9,14,10,1,92,23,2,1,8,7,"177, PORTE DE TRIVAUX (R",0.0,0.0
201400039488,29,9,14,15,1,92,23,2,3,1,3,"490, GENERAL DE GAULLE (",0.0,0.0
201400039489,3,10,14,15,1,92,23,2,1,1,2,"45, GENERAL DE GAULLE (A",0.0,0.0
201400039490,6,10,14,23,5,92,23,2,1,1,6,"123, HENRI BARBUSSE (AVE",0.0,0.0
201400039491,7,10,14,7,4,92,23,2,2,3,6,"., FLEURY (RUE DE)",0.0,0.0
201400039492,8,10,14,9,1,92,23,2,1,2,7,"., EUGENE BEAUJARD (CARR",0.0,0.0
201400039493,9,10,14,18,1,92,60,2,3,1,6,"., GALILEE (AVENUE)",0.0,0.0
201400039494,11,10,14,18,1,92,23,2,1,1,2,"42, PORTE DE TRIVAUX (RU",0.0,0.0
201400039495,11,10,14,19,5,92,23,2,1,1,3,"40, CHATILLON (RUE DE)",0.0,0.0
201400039496,16,10,14,11,1,92,23,2,1,1,6,"157, PORTE DE TRIVAUX (R",0.0,0.0
201400039497,13,10,14,15,1,92,60,2,2,1,3,"., PAUL LANGEVIN (AVENUE",0.0,0.0
201400039498,11,10,14,17,1,92,60,2,1,2,3,"52, CHARLES DE GAULLE (A",0.0,0.0
201400039499,16,10,14,10,1,92,23,2,1,1,2,"8, MEUDON (RUE DE)",0.0,0.0
201400039500,31,10,14,21,5,92,23,2,2,1,3,HENRI BARBUSSE (AVENUE),0.0,0.0
201400039501,3,11,14,12,1,92,60,2,3,1,3,"., GALILEE (AVENUE)",0.0,0.0
201400039502,3,11,14,20,5,92,23,2,3,2,3,"., PORTE DE TRIVAUX (RUE",0.0,0.0
201400039503,6,11,14,19,5,92,23,2,1,1,3,"233, GENERAL DE GAULLE (",0.0,0.0
201400039504,7,11,14,12,1,92,23,2,1,1,3,"., JEAN BAPTISTE CLEMENT",0.0,0.0
201400039505,10,11,14,16,1,92,23,2,1,1,7,"2, LOUIS DUPONT (RUE) N?",0.0,0.0
201400039506,8,11,14,20,5,92,23,2,1,1,7,"16, FRERES VIGOUROUX (BO",0.0,0.0
201400039507,16,11,14,14,1,92,23,2,1,2,7,"0, PETIT CLAMART (ROND P",0.0,0.0
201400039508,15,11,14,11,1,92,23,2,5,1,5,"0, VILLACOUBLAY (CARREFO",0.0,0.0
201400039509,18,11,14,16,1,92,23,2,1,1,6,JEAN BAPTISTE CLEMENT (A,0.0,0.0
201400039510,19,11,14,9,1,92,60,2,1,5,7,"20, EDOUARD HERRIOT (AVE",0.0,0.0
201400039511,22,11,14,18,5,92,23,2,1,1,6,"0, VANVES (RUE DE)",0.0,0.0
201400039512,22,11,14,12,1,92,23,2,1,1,2,"0, HENRI BARBUSSE (AVENU",0.0,0.0
201400039513,25,11,14,19,5,92,23,2,1,1,6,"442, GENERAL DE GAULLE (",0.0,0.0
201400039514,3,12,14,19,5,92,23,2,1,1,2,"52, PAUL VAILLANT COUTUR",0.0,0.0
201400039515,5,12,14,16,1,92,23,2,1,1,3,"01, GARENNE (ROUTE DE LA",0.0,0.0
201400039516,8,12,14,11,1,92,60,2,3,2,2,ARISTIDE BRIAND (AVENUE),0.0,0.0
201400039517,10,12,14,16,5,92,60,2,2,1,7,MOULIN FIDEL (RUE DU),0.0,0.0
201400039518,11,12,14,17,5,92,23,2,2,8,3,HENRI BARBUSSE (AVENUE),0.0,0.0
201400039519,12,12,14,18,5,92,23,2,2,2,3,"., HENRI BARBUSSE (AVENU",0.0,0.0
201400039520,13,12,14,17,5,92,23,2,1,2,6,"63, PAVE BLANC (ROUTE DU",0.0,0.0
201400039521,15,12,14,8,2,92,23,2,3,1,6,"., CONSTANT PAPE (RUE)",0.0,0.0
201400039522,15,12,14,17,5,92,23,2,3,1,6,"., CECILE DINANT (RUE)",0.0,0.0
201400039523,28,12,14,23,5,92,23,2,1,1,3,PORTE DE TRIVAUX (RUE DE,0.0,0.0
201400039524,26,12,14,13,1,92,60,2,7,1,6,"., ARMENIE (PLACE)",0.0,0.0
201400039525,28,12,14,15,1,92,60,2,3,1,7,"., PAUL RIVET (RUE) COTE",0.0,0.0
201400039526,2,1,14,10,1,92,24,2,2,1,7,"36, MARTRE (RUE) DE (1 A",0.0,0.0
201400039527,10,1,14,8,1,92,24,2,1,1,6,"23, CLAUDE DEBUSSY (AVEN",0.0,0.0
201400039528,11,1,14,15,1,92,24,2,2,1,6,"11, PIERRE CURIE (RUE)",0.0,0.0
201400039529,13,1,14,20,5,92,24,2,1,1,2,"30, CLICHY (QUAI DE) DE",0.0,0.0
201400039530,13,1,14,17,1,92,24,2,2,1,6,"18, CHARLES ET RENE AUFF",0.0,0.0
201400039531,16,1,14,8,5,92,24,2,3,2,6,"1, FORT DE DOUAUMONT (BD",0.0,0.0
201400039532,18,1,14,11,1,92,24,2,1,1,3,"6, ASNIERES (ROUTE D')",0.0,0.0
201400039533,18,1,14,13,1,92,24,2,2,1,6,"10, DAGOBERT (RUE)",0.0,0.0
201400039534,18,1,14,21,5,92,24,2,2,1,3,"25, GENERAL LECLERC (BD",0.0,0.0
201400039535,20,1,14,11,1,92,24,2,1,1,6,"06, FERDINAND BUISSON (R",0.0,0.0
201400039536,22,1,14,15,1,92,24,2,1,2,3,"33, MADAME DE SANZILLON",0.0,0.0
201400039537,25,1,14,19,5,92,24,2,2,1,1,CLICHY (QUAI DE) DE (8 A,0.0,0.0
201400039538,29,1,14,13,1,92,24,2,2,2,5,"44, HENRI BARBUSSE (RUE)",0.0,0.0
201400039539,29,1,14,13,1,92,24,2,1,1,2,"105, JEAN JAURES (BD) DE",0.0,0.0
201400039540,25,1,14,23,5,92,24,2,2,1,3,"56, MARTRE DE (4 A 54)",0.0,0.0
201400039541,1,2,14,10,1,92,24,2,2,1,3,"29, GENERAL LECLERC (BD",0.0,0.0
201400039542,5,2,14,20,1,92,24,2,3,1,3,"76, MARTRE (RUE) DE (59",0.0,0.0
201400039543,9,2,14,20,5,92,24,2,2,1,3,"47, JEAN JAURES (BD) DE",0.0,0.0
201400039544,13,2,14,19,1,92,24,2,3,1,6,"19, NEUILLY (RUE DE) DE",0.0,0.0
201400039545,15,2,14,13,1,92,24,2,3,1,3,"76, MARTRE (RUE) DE (59",0.0,0.0
201400039546,19,2,14,12,1,92,24,2,1,1,7,"12, MOZART (RUE)",0.0,0.0
201400039547,19,2,14,15,1,92,24,2,1,1,6,"84, GENERAL ROGUET (RUE",0.0,0.0
201400039548,27,2,14,18,5,92,24,2,1,1,6,"138, JEAN JAURES (BD) DE",0.0,0.0
201400039549,3,3,14,9,1,92,24,2,2,1,6,"53, GENERAL LECLERC (BD",0.0,0.0
201400039550,6,3,14,7,1,92,24,2,3,1,3,CLICHY (QUAI DE) DE (8 A,0.0,0.0
201400039551,8,3,14,21,5,92,24,2,1,1,5,"140, MARTRE DE (4 A 54)",0.0,0.0
201400039552,11,3,14,9,1,92,24,2,2,1,3,"81, VICTOR HUGO (BD)",0.0,0.0
201400039553,7,3,14,18,1,92,24,2,1,1,2,"39, JEAN JAURES (BD) DE",0.0,0.0
201400039554,12,3,14,19,1,92,24,2,1,1,6,"15, FOURNIER (RUE)",0.0,0.0
201400039555,16,3,14,15,1,92,24,2,1,1,6,"61, GENERAL LECLERC (BD",0.0,0.0
201400039556,22,3,14,15,1,92,24,2,1,1,6,"37, MADAME DE SANZILLON",0.0,0.0
201400039557,27,3,14,18,1,92,24,2,1,2,7,"1, MARTYRES DE L'OCCUPAT",0.0,0.0
201400039558,27,3,14,9,1,92,24,2,2,1,3,"39, MARTRE (RUE) DE (1 A",0.0,0.0
201400039559,2,4,14,12,1,92,24,2,2,1,3,CLICHY (QUAI DE) DE (8 A,0.0,0.0
201400039560,12,3,14,8,1,92,24,2,1,1,6,"28, MARTRE DE (4 A 54)",0.0,0.0
201400039561,15,4,14,20,1,92,24,2,1,9,6,"38, MARTRE (RUE) DE (1 A",0.0,0.0
201400039562,18,4,14,16,1,92,24,2,1,1,6,"46, JEAN JAURES (BD) DE",0.0,0.0
201400039563,28,4,14,16,1,92,24,2,2,1,2,"76, MARTRE (RUE) DE (59",0.0,0.0
201400039564,30,4,14,17,1,92,24,2,1,1,3,"71, JEAN JAURES (BD) DE",0.0,0.0
201400039565,1,5,14,23,5,92,24,2,2,2,7,"4, MARTISSOT (RUE)",0.0,0.0
201400039566,2,5,14,5,5,92,24,2,2,1,3,"66, HENRI BARBUSSE (RUE)",0.0,0.0
201400039567,2,5,14,13,1,92,24,2,1,1,3,"85, HENRI BARBUSSE (RUE)",0.0,0.0
201400039568,7,5,14,9,1,92,24,2,1,1,6,"63, VICTOR HUGO (BD)",0.0,0.0
201400039569,9,5,14,20,1,92,24,2,1,1,5,"142, MARTRE (RUE) DE (11",0.0,0.0
201400039570,9,5,14,19,5,92,24,2,2,1,3,"44, HENRI BARBUSSE (RUE)",0.0,0.0
201400039571,10,5,14,6,5,92,24,2,3,1,3,CLICHY (QUAI DE) DE (104,0.0,0.0
201400039572,16,5,14,16,1,92,24,2,1,1,6,"17, BAC D'ASNIERE (RUE D",0.0,0.0
201400039573,16,5,14,19,1,92,24,2,2,1,3,"39, GENERAL LECLERC (BD",0.0,0.0
201400039574,20,5,14,12,1,92,24,2,1,1,6,"75, HENRI BARBUSSE (RUE)",0.0,0.0
201400039575,21,5,14,8,1,92,24,2,2,2,1,"103, HENRI BARBUSSE (RUE",0.0,0.0
201400039576,24,5,14,12,1,92,24,2,1,2,2,"64, MARTRE (RUE) DE (59",0.0,0.0
201400039577,27,5,14,20,1,92,24,2,1,1,7,"61, HENRI BARBUSSE (RUE)",0.0,0.0
201400039578,2,6,14,14,1,92,24,2,1,1,3,"12-14, HENRI BARBUSSE (R",0.0,0.0
201400039579,2,6,14,19,1,92,24,2,3,1,4,"151, VICTOR HUGO (BD)",0.0,0.0
201400039580,5,6,14,13,1,92,24,2,2,1,6,"46, HENRI BARBUSSE (RUE)",0.0,0.0
201400039581,6,6,14,18,1,92,24,2,4,1,3,"1, BAC D'ASNIERE (RUE DU",0.0,0.0
201400039582,7,6,14,20,1,92,24,2,1,1,1,"16, GENERAL LECLERC (BD",0.0,0.0
201400039583,11,6,14,17,1,92,24,2,1,1,3,"12, GENERAL ROGUET (RUE",0.0,0.0
201400039584,13,6,14,6,1,92,24,2,2,1,6,"60, CLICHY (QUAI DE) DE",0.0,0.0
201400039585,14,6,14,17,1,92,24,2,1,2,6,"92, JEAN JAURES (BD) DE",0.0,0.0
201400039586,19,6,14,13,1,92,24,2,1,1,6,"61, GENERAL LECLERC (BD",0.0,0.0
201400039587,20,5,14,18,1,92,24,2,1,3,3,CLICHY (QUAI DE) DE (104,0.0,0.0