Num_Acc,jour,mois,an,hr,condition_eclairage,departement,commune,condition_agglomeration,intersection,condition_atmosphere,type_collision,adresse,lattitude,longitude
201400039588,24,6,14,19,1,92,24,2,3,1,6,"40, MORICE (RUE)",0.0,0.0
201400039589,24,6,14,10,1,92,24,2,3,1,3,"57, VICTOR HUGO (BD)",0.0,0.0
201400039590,25,6,14,18,1,92,24,2,1,1,6,"47, GEORGES BOISSEAU (RU",0.0,0.0
201400039591,26,6,14,17,1,92,24,2,3,1,6,"65, MARTRE (RUE) DE (59",0.0,0.0
201400039592,27,6,14,15,1,92,24,2,2,1,6,"37, VICTOR HUGO (BD)",0.0,0.0
201400039593,27,6,14,20,1,92,24,2,1,1,2,"5, GENNEVILLIERS (PONT D",0.0,0.0
201400039594,30,6,14,13,1,92,24,2,2,1,3,"2, CLICHY (QUAI DE) DE (",0.0,0.0
201400039595,15,7,14,8,1,92,24,1,1,1,6,"0, GENNEVILLIERS (PONT D",0.0,0.0
201400039596,24,7,14,19,1,92,24,2,1,1,3,"90, GENERAL ROGUET (RUE",0.0,0.0
201400039597,25,7,14,10,1,92,24,2,1,1,6,"84, GENERAL ROGUET (RUE",0.0,0.0
201400039598,31,7,14,23,5,92,24,2,2,1,2,"2, CLICHY (QUAI DE) DE (",0.0,0.0
201400039599,1,8,14,7,1,92,24,2,6,1,6,"2, REPUBLIQUE (PLACE DE",0.0,0.0
201400039600,2,8,14,16,1,92,24,2,1,1,3,"43, VICTOR HUGO (BD)",0.0,0.0
201400039601,6,8,14,16,1,92,24,2,2,1,2,"123, JEAN JAURES (BD) DE",0.0,0.0
201400039602,19,8,14,16,1,92,24,2,3,1,3,"2, HUIT MAI 1945 (RUE DU",0.0,0.0
201400039603,19,8,14,18,1,92,24,2,2,1,3,"56, MARTRE (RUE) DE (59",0.0,0.0
201400039604,27,8,14,9,1,92,24,2,2,1,7,"14, CLAUDE DEBUSSY (AVEN",0.0,0.0
201400039605,31,8,14,18,1,92,24,2,2,1,2,"20, HENRI BARBUSSE (RUE)",0.0,0.0
201400039606,3,9,14,14,1,92,24,2,1,1,6,"22, DOCTEUR CALMETTE (RU",0.0,0.0
201400039607,6,9,14,10,1,92,24,2,3,1,3,"64, JEAN JAURES (BD) DE",0.0,0.0
201400039608,11,9,14,17,1,92,24,2,1,1,6,"41, GEORGES BOISSEAU (RU",0.0,0.0
201400039609,12,9,14,12,1,92,24,1,2,1,6,"12, GEORGES BOISSEAU (RU",0.0,0.0
201400039610,14,9,14,4,5,92,24,2,1,1,2,"32, CLICHY (QUAI DE) DE",0.0,0.0
201400039611,15,9,14,14,5,92,24,2,1,1,6,"02, GENERAL ROGUET (RUE",0.0,0.0
201400039612,20,9,14,19,5,92,24,2,1,1,6,"140, MARTRE (RUE) DE (11",0.0,0.0
201400039613,23,9,14,11,1,92,24,2,2,1,2,"44, GENERAL ROGUET (RUE",0.0,0.0
201400039614,28,9,14,16,1,92,24,2,2,1,3,"97, VICTOR HUGO (BD)",0.0,0.0
201400039615,24,9,14,10,1,92,24,2,2,1,3,"39, GENERAL LECLERC (BD",0.0,0.0
201400039616,2,10,14,9,1,92,24,2,2,1,2,"51, GENERAL LECLERC (BD",0.0,0.0
201400039617,17,10,14,12,1,92,24,2,9,1,6,"21, PIERRE BEREGOVOY (RU",0.0,0.0
201400039618,19,10,14,12,1,92,24,2,1,1,6,"71, GENERAL LECLERC (RUE",0.0,0.0
201400039619,20,10,14,2,5,92,24,2,3,1,6,"112, VICTOR HUGO (BD)",0.0,0.0
201400039620,22,10,14,9,1,92,24,2,2,1,6,"98, PARIS (RUE DE) DE (5",0.0,0.0
201400039621,18,10,14,19,5,92,24,2,2,1,7,"75, GENERAL LECLERC (BD",0.0,0.0
201400039622,27,10,14,14,1,92,24,2,4,1,3,"1, NATIONS UNIES (PLACE",0.0,0.0
201400039623,28,10,14,15,1,92,24,2,1,1,6,"28, GENERAL ROGUET (RUE",0.0,0.0
201400039624,4,11,14,15,1,92,24,2,1,1,6,"65, MARTRE (RUE) DE (1 A",0.0,0.0
201400039625,5,11,14,12,1,92,24,2,3,1,6,"34, CLICHY (QUAI DE) DE",0.0,0.0
201400039626,12,11,14,12,1,92,24,2,1,1,2,"90, GENERAL LECLERC (RUE",0.0,0.0
201400039627,12,11,14,14,1,92,24,2,2,1,6,"103, HENRI BARBUSSE (RUE",0.0,0.0
201400039628,13,11,14,12,1,92,24,2,1,1,6,"78, MARTRE (RUE) DE (59",0.0,0.0
201400039629,18,11,14,9,1,92,24,2,1,1,4,"1, CLICHY (PONT DE)",0.0,0.0
201400039630,14,11,14,15,1,92,24,2,2,2,3,"50, PORT (RUE DU)",0.0,0.0
201400039631,29,11,14,20,5,92,24,2,1,1,4,"30, VICTOR HUGO (BD)",0.0,0.0
201400039632,5,12,14,11,1,92,24,2,1,1,3,"13, LEON BLUM (RUE)",0.0,0.0
201400039633,14,12,14,14,1,92,24,2,3,2,6,"23, JEAN JAURES (BD) DE",0.0,0.0
201400039634,17,12,14,19,5,92,24,2,1,1,2,"9, GENERAL LECLERC (BD D",0.0,0.0
201400039635,19,12,14,13,1,92,24,2,3,1,7,"59, MADAME DE SANZILLON",0.0,0.0
201400039636,26,12,14,9,1,92,24,2,3,1,2,"138, JEAN JAURES (BD) DE",0.0,0.0
201400039637,29,12,14,20,5,92,24,2,1,1,6,"93, MARTRE (RUE) DE (59",0.0,0.0
201400039638,30,12,14,16,5,92,24,2,1,1,7,"41, MARTRE (RUE) DE (1 A",0.0,0.0
201400039639,9,1,14,18,5,92,25,2,1,2,6,"120, HENRI BARBUSSE (AV)",0.0,0.0
201400039640,9,1,14,19,5,92,25,2,2,1,6,"0, VERDUN (RUE DE)",0.0,0.0
201400039641,10,1,14,8,2,92,25,2,1,1,3,"0, PAUL BERT (RUE)",0.0,0.0
201400039642,11,1,14,15,1,92,25,2,2,1,3,"59, ECOLES (AV &RUE DES)",0.0,0.0
201400039643,14,1,14,17,1,92,25,2,1,1,6,"56, V.DU BOIS<>1 A 167 &",0.0,0.0
201400039644,14,1,14,20,5,92,25,2,1,1,2,"12, AUDRA (AV)",0.0,0.0
201400039645,16,1,14,7,5,92,25,2,1,2,6,"5, GABRIEL PERI (RUE)",0.0,0.0
201400039646,16,1,14,17,1,92,25,2,1,1,6,"09, YOURI GAGARINE (RUE)",0.0,0.0
201400039647,20,1,14,11,1,92,25,2,1,1,6,"67, ECOLES (AV &RUE DES)",0.0,0.0
201400039648,21,1,14,18,1,92,25,2,1,9,6,"73, CHARLES DE GAULLE (B",0.0,0.0
201400039649,24,1,14,10,1,92,25,2,2,1,6,"0, EUROPE (AV DE L')",0.0,0.0
201400039650,24,1,14,19,5,92,25,2,1,1,6,"28, AUDRA (AV)",0.0,0.0
201400039651,25,1,14,19,5,92,25,2,1,1,6,"561, GABRIEL PERI (RUE)",0.0,0.0
201400039652,1,2,14,17,1,92,25,2,1,1,6,"81, STALINGRAD (AV DE)",0.0,0.0
201400039653,6,2,14,7,5,92,25,2,1,1,6,"79, HENRI BARBUSSE (AV)",0.0,0.0
201400039654,10,2,14,17,1,92,25,2,1,1,6,"74, MENELOTTE <> 2A 50 (",0.0,0.0
201400039655,13,2,14,13,1,92,25,2,1,9,6,"19, PAUL BERT (RUE)",0.0,0.0
201400039656,15,2,14,19,5,92,25,2,1,1,3,"0, HENRI BARBUSSE (AV)",0.0,0.0
201400039657,20,2,14,10,1,92,25,2,2,1,3,"0, MARCEAU (BD)",0.0,0.0
201400039658,20,2,14,12,1,92,25,2,1,2,6,"00, CHARLES DE GAULLE (B",0.0,0.0
201400039659,21,2,14,19,5,92,25,2,2,1,3,"55, GABRIEL PERI (RUE)",0.0,0.0
201400039660,22,2,14,15,1,92,25,2,1,1,2,"159, CHARLES DE GAULLE (",0.0,0.0
201400039661,24,2,14,12,1,92,25,2,1,1,3,E.D'ORVES <>2A198 & 1A14,0.0,0.0
201400039662,24,2,14,20,5,92,25,2,1,1,3,"150, CHARLES DE GAULLE (",0.0,0.0
201400039663,26,2,14,15,1,92,25,2,1,1,2,"88, HENRI BARBUSSE (AV)",0.0,0.0
201400039664,27,2,14,19,5,92,25,2,1,2,3,CHARLES DE GAULLE (BD),0.0,0.0
201400039665,27,2,14,19,5,92,25,2,2,3,6,"1, VERDUN (RUE DE)",0.0,0.0
201400039666,28,2,14,11,1,92,25,2,1,1,6,"00, PAUL BERT (RUE)",0.0,0.0
201400039667,3,3,14,12,1,92,25,2,1,1,6,"FACE 105, CHARLES DE GAU",0.0,0.0
201400039668,6,3,14,17,1,92,25,2,2,1,6,"0, CHARLES DE GAULLE (BD",0.0,0.0
201400039669,8,3,14,21,5,92,25,2,1,1,7,"167, CHARLES DE GAULLE (",0.0,0.0
201400039670,9,3,14,8,1,92,25,2,1,1,6,"22, OISEAUX (BD DES)",0.0,0.0
201400039671,15,3,14,11,1,92,25,2,1,1,6,SOLFERINO (RUE & AV),0.0,0.0
201400039672,15,3,14,21,5,92,25,2,1,1,6,CHARLES DE GAULLE (BD),0.0,0.0
201400039673,17,3,14,14,1,92,25,2,1,1,6,"500, GABRIEL PERI (RUE)",0.0,0.0
201400039674,19,3,14,9,1,92,25,2,1,1,6,GENERAL LECLERC (PLACE D,0.0,0.0
201400039675,19,3,14,12,1,92,25,2,1,1,3,"237, GABRIEL PERI (RUE)",0.0,0.0
201400039676,21,3,14,11,1,92,25,2,1,1,6,"16, GABRIEL PERI (RUE)",0.0,0.0
201400039677,23,3,14,7,1,92,25,2,1,1,6,"11, ORGEMONT (AV D')",0.0,0.0
201400039678,25,3,14,14,1,92,25,1,1,2,2,"0, HENRI BARBUSSE (AV)",0.0,0.0
201400039679,28,3,14,9,1,92,25,2,2,1,3,"0, MOSLARD (RUE)",0.0,0.0
201400039680,28,3,14,16,1,92,25,2,1,1,3,"159, CHARLES DE GAULLE (",0.0,0.0
201400039681,29,3,14,15,1,92,25,2,1,1,4,"0, PONT ACQUEDUC",0.0,0.0
201400039682,1,4,14,5,5,92,25,2,1,1,6,"05, ORGEMONT (AV D')",0.0,0.0
201400039683,2,4,14,2,5,92,25,1,1,1,6,STALINGRAD (AV DE),0.0,0.0
201400039684,3,4,14,13,1,92,25,2,1,1,7,"56, GAMBETTA (BD)",0.0,0.0
201400039685,6,4,14,16,1,92,25,2,3,1,6,VALMY (BD DE),0.0,0.0
201400039686,8,4,14,11,1,92,25,1,3,1,3,"00, ANATOLE FRANCE (AV)",0.0,0.0
201400039687,9,4,14,18,1,92,25,2,3,1,5,AGENT SARRE (AV DE L'),0.0,0.0
201400039688,12,4,14,5,2,92,25,2,1,1,6,"0, SARTROUVILLE (RUE DE",0.0,0.0
201400039689,14,4,14,0,5,92,25,2,9,1,7,"00, GABRIEL PERI (RUE)",0.0,0.0
201400039690,15,4,14,19,1,92,25,2,1,1,7,"0, CLEMENCE (AV)",0.0,0.0
201400039691,18,4,14,10,1,92,25,2,1,1,2,"0, CHARLES DE GAULLE (BD",0.0,0.0
201400039692,14,3,14,14,1,92,25,2,1,1,7,"8, GAMBETTA (BD)",0.0,0.0
201400039693,23,4,14,15,1,92,25,2,1,1,6,"16-22, STALINGRAD (AV DE",0.0,0.0
201400039694,28,4,14,13,1,92,25,2,1,1,6,"103, CHARLES DE GAULLE (",0.0,0.0
201400039695,1,5,14,22,5,92,25,2,1,1,3,"0, CHARLES DE GAULLE (BD",0.0,0.0
201400039696,3,5,14,11,1,92,25,2,9,1,3,PAUL BERT (RUE),0.0,0.0
201400039697,13,5,14,13,1,92,25,2,1,1,5,"202, GABRIEL PERI (RUE)",0.0,0.0
201400039698,16,5,14,14,1,92,25,2,1,1,3,"0, PAUL BERT (RUE)",0.0,0.0
201400039699,17,5,14,16,1,92,25,2,1,1,6,"face au 9, PAUL BERT (RU",0.0,0.0
201400039700,18,5,14,16,1,92,25,2,1,1,7,"322, ESTIENNE D'ORVES (R",0.0,0.0
201400039701,19,5,14,16,1,92,25,2,1,1,6,"14, PAUL BERT (RUE)",0.0,0.0
201400039702,21,5,14,5,5,92,25,2,3,2,1,"91, C.DE G.<> 64 A 128 &",0.0,0.0
201400039703,24,5,14,19,1,92,25,2,1,9,6,"0, HENRI BARBUSSE (AV)",0.0,0.0
201400039704,27,5,14,17,1,92,25,2,1,1,3,"0, DEBARCADERE (RUE DU)",0.0,0.0
201400039705,28,5,14,18,1,92,25,2,1,2,6,"21, EDGARD QUINET (BD)",0.0,0.0
201400039706,4,6,14,7,1,92,25,2,1,1,6,"00, PDT S.ALLENDE <>2 &",0.0,0.0
201400039707,4,6,14,20,1,92,25,2,1,1,6,"00, GAMBETTA (BD)",0.0,0.0
201400039708,5,6,14,17,1,92,25,2,1,1,6,"100, AGENT SARRE (AV DE",0.0,0.0
201400039709,7,6,14,9,1,92,25,2,3,1,3,"0, PIERRE CURIE (RUE)",0.0,0.0
201400039710,7,6,14,13,1,92,25,2,1,1,1,"0, BOURNARD (RUE DU)",0.0,0.0
201400039711,11,6,14,11,1,92,25,2,2,1,2,"00, STALINGRAD (AV DE)",0.0,0.0
201400039712,12,6,14,19,1,92,25,2,1,1,6,"5, JEAN JAURES (AV)",0.0,0.0
201400039713,16,6,14,9,1,92,25,2,3,1,3,"0, AGRICULTURE (RUE DE L",0.0,0.0
201400039714,17,6,14,8,1,92,25,2,1,1,6,"146, HENRI BARBUSSE (AV)",0.0,0.0
201400039715,18,6,14,14,1,92,25,2,1,1,2,"0, CHARLES DE GAULLE (BD",0.0,0.0
201400039716,18,6,14,19,1,92,25,2,1,1,2,"103, STALINGRAD (AV DE)",0.0,0.0
201400039717,19,6,14,16,1,92,25,2,3,1,2,"332, GABRIEL PERI (RUE)",0.0,0.0
201400039718,20,6,14,17,1,92,25,2,1,1,3,"138, G.PERI<>2 A 192 & 1",0.0,0.0
201400039719,20,6,14,19,1,92,25,2,1,1,2,"179, CHARLES DE GAULLE (",0.0,0.0
201400039720,25,6,14,14,1,92,25,2,1,1,6,"40, GENERAL CREMER (RUE",0.0,0.0
201400039721,2,7,14,16,1,92,25,2,2,1,3,"0, STALINGRAD (AV DE)",0.0,0.0
201400039722,3,7,14,17,1,92,25,2,2,1,3,"00000, VALMY (BD DE)",0.0,0.0
201400039723,8,7,14,15,1,92,25,2,1,2,4,"1, CHARLES DE GAULLE (BD",0.0,0.0
201400039724,11,7,14,16,1,92,25,2,2,1,3,"0, AGENT SARRE (AV DE L'",0.0,0.0
201400039725,11,7,14,21,2,92,25,2,1,1,1,"0, PAUL BERT (RUE)",0.0,0.0
201400039726,13,7,14,16,1,92,25,2,1,2,6,"33, AGENT SARRE (AV DE L",0.0,0.0
201400039727,17,7,14,19,1,92,25,2,1,1,3,"73, C.DE G.<> 64 A 128 &",0.0,0.0
201400039728,15,7,14,19,1,92,25,2,2,1,3,"90, HENRI BARBUSSE (AV)",0.0,0.0
201400039729,25,7,14,15,1,92,25,2,1,1,6,"162, C.DE G.> 130 & 1103",0.0,0.0
201400039730,26,7,14,13,1,92,25,2,1,1,6,"2, BOURNARD (RUE DU)",0.0,0.0
201400039731,20,7,14,15,1,92,25,1,1,1,3,"505, GABRIEL PERI (RUE)",0.0,0.0
201400039732,28,7,14,15,1,92,25,1,1,1,3,"505, GABRIEL PERI (RUE)",0.0,0.0
201400039733,7,8,14,12,1,92,25,2,1,2,3,"0, CHARLES DE GAULLE (BD",0.0,0.0
201400039734,12,8,14,9,1,92,25,2,2,1,3,KLEBER (AV),0.0,0.0
201400039735,3,1,14,18,5,92,25,2,1,1,2,"20, HOCHE (RUE)",0.0,0.0
201400039736,12,8,14,19,1,92,25,2,2,1,3,"28, GABRIEL PERI (RUE)",0.0,0.0
201400039737,17,8,14,14,1,92,25,2,1,1,3,"00, PAUL BERT (RUE)",0.0,0.0
201400039738,21,8,14,8,1,92,25,2,2,1,3,"0, VALMY (BD DE)",0.0,0.0
201400039739,21,8,14,19,1,92,25,2,1,1,2,"00, PAUL BERT (RUE)",0.0,0.0
201400039740,25,8,14,14,1,92,25,2,2,2,2,"0, CHARLES DE GAULLE (BD",0.0,0.0
201400039741,26,8,14,20,1,92,25,2,2,2,3,"000, EUROPE (AV DE L')",0.0,0.0
201400039742,26,8,14,7,1,92,25,2,1,1,2,PAUL BERT (RUE),0.0,0.0
201400039743,1,9,14,15,1,92,25,2,1,1,5,"14, VALMY (BD DE)",0.0,0.0
201400039744,2,9,14,20,1,92,25,2,1,1,2,"561, GABRIEL PERI (RUE)",0.0,0.0
201400039745,7,9,14,16,1,92,25,2,2,1,3,"0, AGENT SARRE (AV DE L'",0.0,0.0
201400039746,11,9,14,8,1,92,25,2,1,1,6,"13, FRATERNITE (RUE DE L",0.0,0.0
201400039747,12,9,14,9,1,92,25,2,1,1,6,"51, BOURNARD (RUE DU)",0.0,0.0
201400039748,13,9,14,11,1,92,25,2,1,1,2,"0, CHARLES DE GAULLE (BD",0.0,0.0
201400039749,16,9,14,8,1,92,25,2,2,1,3,"0, HENRI BARBUSSE (AV)",0.0,0.0
201400039750,16,9,14,11,1,92,25,2,1,1,7,"0, VICTOR HUGO (AV.VILLA",0.0,0.0
201400039751,22,9,14,9,1,92,25,2,1,1,2,"81, VALMY (BD DE)",0.0,0.0
201400039752,22,9,14,17,1,92,25,2,2,1,6,", CHARLES DE GAULLE (BD)",0.0,0.0
201400039753,23,9,14,10,1,92,25,2,9,1,6,"5, LIBERTE (RUE DE LA)",0.0,0.0
201400039754,24,9,14,12,1,92,25,2,2,1,6,VERDUN (RUE DE),0.0,0.0
201400039755,26,9,14,16,1,92,25,2,2,1,3,STALINGRAD (AV DE),0.0,0.0
201400039756,26,9,14,21,4,92,25,2,2,1,3,PAUL BERT (RUE),0.0,0.0
201400039757,27,9,14,9,1,92,25,2,1,1,2,"11, EDGARD QUINET (BD)",0.0,0.0
201400039758,28,9,14,20,2,92,25,2,2,1,3,"00, CHATOU (RUE DE)",0.0,0.0
201400039759,29,9,14,21,5,92,25,2,2,1,3,"0, STALINGRAD (AV DE)",0.0,0.0
201400039760,30,9,14,8,1,92,25,2,1,1,3,"32, HENRI LITTOLFF N? PA",0.0,0.0
201400039761,30,9,14,11,1,92,25,2,1,1,4,"175, STALINGRAD (AV DE)",0.0,0.0
201400039762,1,10,14,7,5,92,25,2,2,1,3,"41, CHARLES DE GAULLE (B",0.0,0.0
201400039763,1,10,14,13,1,92,25,2,1,1,6,"51, BOURNARD (RUE DU)",0.0,0.0
201400039764,2,10,14,9,1,92,25,2,1,1,3,"18, ORGEMONT (AV D')",0.0,0.0
201400039765,3,10,14,14,1,92,25,2,1,1,6,"140, CHARLES DE GAULLE (",0.0,0.0
201400039766,3,10,14,20,5,92,25,2,4,1,3,"0, AGENT SARRE (AV DE L'",0.0,0.0
201400039767,6,10,14,9,1,92,25,2,1,1,3,KLEBER (AV),0.0,0.0
201400039768,10,10,14,19,3,92,25,2,1,1,2,"57, KLEBER (AV)",0.0,0.0
201400039769,12,10,14,18,1,92,25,2,1,2,3,"00, PAUL BERT (RUE)",0.0,0.0
201400039770,14,10,14,6,5,92,25,2,2,1,3,"0, PAUL BERT (RUE)",0.0,0.0
201400039771,15,10,14,13,1,92,25,2,1,2,2,"14BIS, G.PERI<>2 A 192 &",0.0,0.0
201400039772,15,10,14,18,5,92,25,2,1,1,2,"59, BOURNARD (RUE DU)",0.0,0.0
201400039773,17,10,14,18,1,92,25,2,2,1,3,"0, COLBERT <> 115 A 131",0.0,0.0
201400039774,17,10,14,17,1,92,25,2,1,1,4,"190, G.GRES<> 150 A 190",0.0,0.0
201400039775,18,10,14,20,5,92,25,2,1,1,2,"42, GABRIEL PERI (RUE)",0.0,0.0
201400039776,20,10,14,18,1,92,25,2,1,1,2,"05, GABRIEL PERI (RUE)",0.0,0.0
201400039777,21,10,14,15,1,92,25,2,1,1,3,"33, VALMY (BD DE)",0.0,0.0
201400039778,22,10,14,16,1,92,25,2,1,1,3,"33, STALINGRAD (AV DE)",0.0,0.0
201400039779,3,11,14,14,1,92,25,2,1,2,6,"0, GAMBETTA (BD)",0.0,0.0
201400039780,5,11,14,11,1,92,25,2,1,1,2,"110, CHARLES DE GAULLE (",0.0,0.0
201400039781,5,11,14,15,1,92,25,2,2,1,6,"0, PAUL BERT (RUE)",0.0,0.0
201400039782,8,11,14,0,5,92,25,2,1,1,6,"240, VOIES DU BOIS (RUE",0.0,0.0
201400039783,26,10,14,7,1,92,25,2,1,2,3,"105, VALMY (BD DE)",0.0,0.0
201400039784,9,11,14,14,1,92,25,2,2,1,6,"201, CHARLES DE GAULLE (",0.0,0.0
201400039785,12,11,14,12,1,92,25,2,2,1,3,"143, VALMY (BD DE)",0.0,0.0
201400039786,12,11,14,12,1,92,25,2,2,1,1,"0, VALMY (BD DE)",0.0,0.0
201400039787,12,11,14,20,5,92,25,2,1,1,3,"00, PAUL BERT (RUE)",0.0,0.0
201400039788,15,11,14,19,5,92,25,2,1,1,6,"14, PAUL BERT (RUE)",0.0,0.0
201400039789,7,11,14,16,2,92,25,2,1,2,7,"250, GABRIEL PERI (RUE)",0.0,0.0
201400039790,18,11,14,20,5,92,25,2,1,1,6,"45, ECOLES <> 2A 60 & 1",0.0,0.0
201400039791,19,11,14,20,5,92,25,2,2,1,3,"0, CHARLES DE GAULLE (BD",0.0,0.0
201400039792,19,11,14,8,1,92,25,2,1,1,3,"115, VALMY (BD DE)",0.0,0.0
201400039793,21,11,14,21,5,92,25,2,2,1,5,"00, PAUL BERT (RUE)",0.0,0.0
201400039794,22,11,14,11,1,92,25,2,9,1,6,"12, SAINT LAZARE (RUE)",0.0,0.0
201400039795,23,11,14,13,1,92,25,2,1,1,3,"94, STALINGRAD (AV DE)",0.0,0.0
201400039796,26,11,14,5,5,92,25,2,1,1,3,"0, PAUL BERT (RUE)",0.0,0.0
201400039797,7,11,14,8,1,92,25,2,1,1,6,"0, ROBERT SCHUMAN (RUE)",0.0,0.0
201400039798,4,12,14,7,2,92,25,2,1,1,2,"189, CHARLES DE GAULLE (",0.0,0.0
201400039799,8,12,14,7,4,92,25,2,1,1,7,"0, PAUL BERT (RUE)",0.0,0.0
201400039800,8,12,14,14,1,92,25,2,1,2,2,"115, STALINGRAD (AV DE)",0.0,0.0
201400039801,8,12,14,19,3,92,25,2,1,1,7,"79, BOURNARD (RUE DU)",0.0,0.0
201400039802,12,12,14,7,5,92,25,2,2,2,3,"77, STALINGRAD (AV DE)",0.0,0.0
201400039803,12,12,14,13,1,92,25,2,2,1,3,"0, STALINGRAD (AV DE)",0.0,0.0
201400039804,12,12,14,16,2,92,25,2,4,1,3,", AGENT SARRE (AV DE L')",0.0,0.0
201400039805,17,12,14,8,1,92,25,2,1,3,6,"20, BOURNARD (RUE DU)",0.0,0.0
201400039806,18,12,14,9,1,92,25,2,1,1,7,"80, CHARLES DE GAULLE (B",0.0,0.0
201400039807,19,12,14,13,1,92,25,2,1,1,6,"0, PAUL BERT (RUE)",0.0,0.0
201400039808,23,12,14,8,1,92,25,2,2,1,3,"0, ESTIENNE D'ORVES (RUE",0.0,0.0
201400039809,23,12,14,9,1,92,25,2,3,1,6,"0, BOURNARD (RUE DU)",0.0,0.0
201400039810,24,12,14,16,2,92,25,2,1,2,6,"60, AGENT SARRE (AV DE L",0.0,0.0
201400039811,26,12,14,5,5,92,25,2,1,1,1,"171, HENRI BARBUSSE (AV)",0.0,0.0
201400039812,30,12,14,14,1,92,25,2,1,1,2,"29/31, STALINGRAD (AV DE",0.0,0.0
201400039813,1,1,14,20,5,92,26,2,3,2,3,MISSION MARCHAND (COTE I,0.0,0.0
201400039814,2,1,14,8,2,92,26,2,1,1,2,"18, BAUDIN",0.0,0.0
201400039815,6,1,14,7,2,92,26,2,2,2,6,"53, JEAN-PIERRE TIMBAUD",0.0,0.0
201400039816,9,1,14,12,1,92,26,2,2,8,6,"60, VERDUN (DE 01 A 61)",0.0,0.0
201400039817,9,1,14,20,5,92,26,2,1,1,2,"20, BEZONS  (DE 01 A 22)",0.0,0.0
201400039818,14,1,14,20,5,92,26,2,2,1,3,KILFORD,0.0,0.0
201400039819,15,1,14,10,1,92,26,2,2,1,6,"56, PAIX",0.0,0.0
201400039820,16,1,14,20,5,92,26,2,2,3,3,COLOMBES,0.0,0.0
201400039821,22,1,14,11,1,92,26,2,1,2,3,"44, VERDUN (DE 01 A 61)",0.0,0.0
201400039822,23,1,14,20,5,92,26,2,3,8,6,AJOUX,0.0,0.0
201400039823,25,1,14,13,1,92,26,2,1,1,6,"N 100, COLOMBES",0.0,0.0
201400039824,22,1,14,18,5,92,26,2,1,8,7,"N 3, J.-BAPTISTE CHARCOT",0.0,0.0
201400039825,27,1,14,8,3,92,26,2,1,1,2,ARCHE (AVENUE),0.0,0.0
201400039826,31,1,14,10,1,92,26,2,1,1,6,"N 6, WATTEAU (RUE ET SQU",0.0,0.0
201400039827,6,2,14,20,5,92,26,2,1,1,3,"N19, VERDUN (DE 01 A 61)",0.0,0.0
201400039828,11,2,14,9,1,92,26,2,3,1,6,VERDUN (DE 01 A 61),0.0,0.0
201400039829,7,2,14,19,5,92,26,2,6,1,3,BELGIQUE ( PLACE DE ),0.0,0.0
201400039830,13,2,14,19,5,92,26,2,1,8,4,GEORGES CLEMENCEAU,0.0,0.0
201400039831,6,2,14,13,1,92,26,2,1,2,3,"133, VERDUN (DE 62 A FIN",0.0,0.0
201400039832,1,3,14,15,1,92,26,2,1,1,6,"88, ARMAND SILVESTRE ( D",0.0,0.0
201400039833,23,2,14,13,1,92,26,2,1,1,3,"3, COLOMBES",0.0,0.0
201400039834,27,2,14,19,5,92,26,2,2,2,6,VERDUN (DE 62 A FIN),0.0,0.0
201400039835,11,3,14,19,5,92,26,2,1,1,6,"17, ALMA",0.0,0.0
201400039836,11,3,14,19,5,92,26,2,1,1,4,"15, PR?SIDENT PAUL DOUME",0.0,0.0
201400039837,6,3,14,9,1,92,26,2,1,1,6,"57, VICTOR HUGO (DE 47 A",0.0,0.0
201400039838,6,3,14,18,2,92,26,2,1,1,3,"333, SAINT DENIS BD (120",0.0,0.0
201400039839,12,3,14,15,1,92,26,2,1,1,3,"187, SAINT DENIS BD (120",0.0,0.0
201400039840,18,3,14,12,1,92,26,2,1,1,3,"-----, PR?SIDENT PAUL DO",0.0,0.0
201400039841,16,3,14,17,1,92,26,2,1,1,2,"3, COLOMBES",0.0,0.0
201400039842,19,3,14,20,5,92,26,2,3,1,3,SAINT DENIS BD (120 A 17,0.0,0.0
201400039843,26,3,14,9,1,92,26,2,3,1,2,MARECHAL JOFFRE (QUAI DU,0.0,0.0
201400039844,27,3,14,14,1,92,26,2,1,1,6,"31, VERDUN (DE 01 A 61)",0.0,0.0
201400039845,28,3,14,8,1,92,26,2,1,1,6,"58, JEAN-PIERRE TIMBAUD",0.0,0.0
201400039846,25,3,14,20,2,92,26,2,1,8,7,"44, FRANKLIN (AVE ET RUE",0.0,0.0
201400039847,19,3,14,8,1,92,26,2,1,8,7,VERDUN (DE 62 A FIN),0.0,0.0
201400039848,1,4,14,8,1,92,26,2,1,1,3,VERDUN (DE 01 A 61),0.0,0.0
201400039849,6,4,14,3,5,92,26,2,3,1,3,SAINT DENIS BD (120 A 17,0.0,0.0
201400039850,1,4,14,11,1,92,26,2,3,1,2,MISSION MARCHAND (COTE P,0.0,0.0
201400039851,11,4,14,17,1,92,26,2,1,1,6,"14, COLOMBES",0.0,0.0
201400039852,14,4,14,9,1,92,26,2,1,1,2,"83, PR?SIDENT PAUL DOUME",0.0,0.0
201400039853,16,4,14,8,1,92,26,2,3,1,3,"272, SAINT DENIS BD (120",0.0,0.0
201400039854,15,4,14,21,5,92,26,2,1,1,6,"21, COLOMBES",0.0,0.0
201400039855,31,3,14,18,1,92,26,2,1,1,6,"14, ABREUVOIR",0.0,0.0
201400039856,17,4,14,19,1,92,26,2,1,1,2,PR?SIDENT PAUL DOUMER (Q,0.0,0.0
201400039857,24,4,14,17,1,92,26,2,1,1,6,"33, PAIX",0.0,0.0
201400039858,29,4,14,21,5,92,26,2,1,2,7,"02, VERDUN (DE 01 A 61)",0.0,0.0
201400039859,29,4,14,9,1,92,26,2,1,1,7,"18, CARLE HEBERT",0.0,0.0
201400039860,8,5,14,7,1,92,26,2,1,1,6,GAMBETTA,0.0,0.0
201400039861,29,4,14,7,1,92,26,2,2,1,7,H?TEL DE VILLE (RUE),0.0,0.0
201400039862,27,4,14,17,1,92,26,2,1,1,2,"127, VERDUN (DE 62 A FIN",0.0,0.0
201400039863,14,5,14,20,1,92,26,2,1,1,2,"92, MARECHAL JOFFRE (QUA",0.0,0.0
201400039864,17,5,14,18,1,92,26,2,1,1,3,"72, SAINT DENIS BD (120",0.0,0.0