Num_Acc,jour,mois,an,hr,condition_eclairage,departement,commune,condition_agglomeration,intersection,condition_atmosphere,type_collision,adresse,lattitude,longitude
201400039865,15,5,14,14,1,92,26,2,1,1,3,VERDUN (DE 01 A 61),0.0,0.0
201400039866,21,5,14,10,1,92,26,2,6,2,2,JEAN MERMOZ (SQUARE ET P,0.0,0.0
201400039867,23,5,14,20,1,92,26,2,2,1,3,MISSION MARCHAND (COTE P,0.0,0.0
201400039868,29,5,14,19,1,92,26,2,1,1,7,"34, MARCEAU",0.0,0.0
201400039869,27,5,14,8,1,92,26,2,1,1,3,"46, COLOMBES",0.0,0.0
201400039870,22,5,14,20,2,92,26,2,1,8,3,"8, VERDUN (DE 01 A 61)",0.0,0.0
201400039871,18,5,14,17,1,92,26,2,1,1,7,"88, ARMAND SILVESTRE ( D",0.0,0.0
201400039872,11,6,14,10,1,92,26,2,1,1,3,MISSION MARCHAND (COTE I,0.0,0.0
201400039873,15,6,14,15,1,92,26,2,2,1,1,BEZONS (DE 23 A FIN),0.0,0.0
201400039874,13,6,14,15,1,92,26,2,1,1,3,"33, GEORGES CLEMENCEAU",0.0,0.0
201400039875,14,6,14,20,1,92,26,2,3,1,3,VERDUN (DE 62 A FIN),0.0,0.0
201400039876,2,6,14,21,2,92,26,2,3,8,3,"9, PR?SIDENT PAUL DOUMER",0.0,0.0
201400039877,18,6,14,18,1,92,26,2,1,1,3,"54, SAINT DENIS BD (120",0.0,0.0
201400039878,14,6,14,15,1,92,26,2,1,1,7,"2, VOLTA",0.0,0.0
201400039879,26,6,14,17,1,92,26,2,1,1,3,"81, MARECHAL JOFFRE (QUA",0.0,0.0
201400039880,23,6,14,14,1,92,26,2,1,1,6,FAUVELLES ( RUE DES ),0.0,0.0
201400039881,27,6,14,12,1,92,26,2,3,1,6,VERDUN (DE 01 A 61),0.0,0.0
201400039882,2,7,14,19,1,92,26,2,1,1,6,BEZONS  (DE 01 A 22),0.0,0.0
201400039883,5,7,14,3,5,92,26,2,6,1,3,JEAN MERMOZ (SQUARE ET P,0.0,0.0
201400039884,6,7,14,19,1,92,26,2,2,1,6,COLOMBES,0.0,0.0
201400039885,7,7,14,14,1,92,26,2,1,1,5,BELGIQUE ( PLACE DE ),0.0,0.0
201400039886,16,7,14,18,1,92,26,2,3,1,3,"80, VERDUN (DE 62 A FIN)",0.0,0.0
201400039887,19,7,14,19,1,92,26,2,1,1,6,"34, COLOMBES",0.0,0.0
201400039888,23,7,14,18,1,92,26,2,3,1,3,MARECHAL JOFFRE (QUAI DU,0.0,0.0
201400039889,24,7,14,17,1,92,26,2,1,1,6,"20, BEZONS  (DE 01 A 22)",0.0,0.0
201400039890,27,7,14,19,1,92,26,2,1,1,2,"20, BEZONS  (DE 01 A 22)",0.0,0.0
201400039891,31,7,14,18,1,92,26,2,6,1,3,BELGIQUE ( PLACE DE ),0.0,0.0
201400039892,25,7,14,17,1,92,26,2,3,1,6,FAUVELLES ( RUE DES ),0.0,0.0
201400039893,27,8,14,23,5,92,26,2,3,1,3,MISSION MARCHAND (COTE I,0.0,0.0
201400039894,8,9,14,8,1,92,26,2,1,1,2,"108, MARECHAL JOFFRE (QU",0.0,0.0
201400039895,17,9,14,11,1,92,26,2,2,1,3,JEAN-PIERRE TIMBAUD,0.0,0.0
201400039896,20,9,14,9,1,92,26,2,1,1,7,"45, GEORGES CLEMENCEAU",0.0,0.0
201400039897,19,9,14,8,1,92,26,2,3,8,7,"62, R?PUBLIQUE ( DE 65 A",0.0,0.0
201400039898,17,9,14,10,1,92,26,2,3,1,6,PAUL NAPOLEON ROINARD,0.0,0.0
201400039899,25,9,14,19,1,92,26,2,1,1,6,"37, PAIX",0.0,0.0
201400039900,28,9,14,18,1,92,26,2,1,1,5,"5, COLOMBES",0.0,0.0
201400039901,5,10,14,19,5,92,26,2,1,1,3,"187, SAINT DENIS BD (120",0.0,0.0
201400039902,8,10,14,7,2,92,26,2,1,2,7,"265, SAINT DENIS BD (120",0.0,0.0
201400039903,9,10,14,17,1,92,26,2,1,1,3,"6, CH?TEAU DU LOIR (DE 0",0.0,0.0
201400039904,25,10,14,2,5,92,26,2,2,1,3,VERDUN (DE 62 A FIN),0.0,0.0
201400039905,24,10,14,18,4,92,26,2,1,2,7,"11, BEZONS  (DE 01 A 22)",0.0,0.0
201400039906,28,10,14,16,1,92,26,2,1,8,7,"41, ALMA",0.0,0.0
201400039907,30,10,14,9,1,92,26,2,1,1,6,"58, JEAN-PIERRE TIMBAUD",0.0,0.0
201400039908,11,11,14,4,5,92,26,2,1,1,7,"38, BEZONS (DE 23 A FIN)",0.0,0.0
201400039909,13,11,14,8,1,92,26,2,2,1,6,"12, SAINT DENIS BD (120",0.0,0.0
201400039910,14,11,14,15,1,92,26,2,1,8,2,"20 TER, BEZONS  (DE 01 A",0.0,0.0
201400039911,18,11,14,12,1,92,26,2,1,1,3,"34, VERDUN (DE 01 A 61)",0.0,0.0
201400039912,21,11,14,21,5,92,26,2,1,1,5,PR?SIDENT PAUL DOUMER (Q,0.0,0.0
201400039913,4,12,14,21,5,92,26,2,3,9,1,"20, MISSION MARCHAND (CO",0.0,0.0
201400039914,5,12,14,22,5,92,26,2,1,1,7,"----------, MICHEL ANGE",0.0,0.0
201400039915,7,12,14,20,5,92,26,2,2,2,3,VERDUN (DE 62 A FIN),0.0,0.0
201400039916,9,12,14,8,5,92,26,2,1,1,6,"68, VERDUN (DE 01 A 61)",0.0,0.0
201400039917,10,12,14,18,5,92,26,2,1,1,6,"102, COLOMBES",0.0,0.0
201400039918,12,12,14,7,5,92,26,2,3,2,6,JULES LEFEVRE PROLONGEE,0.0,0.0
201400039919,15,12,14,9,1,92,26,2,1,2,6,"50, BEZONS (DE 23 A FIN)",0.0,0.0
201400039920,13,12,14,17,5,92,26,2,2,1,3,COLOMBES,0.0,0.0
201400039921,16,12,14,17,5,92,26,2,2,1,3,22 SEPTEMBRE ( RUE DU ),0.0,0.0
201400039922,19,12,14,5,5,92,26,2,1,1,7,"69, MARECHAL JOFFRE (QUA",0.0,0.0
201400039923,8,1,14,16,1,92,35,2,2,1,3,"1, National ( boulevard",0.0,0.0
201400039924,2,12,14,12,1,92,35,2,3,1,3,"44, National ( boulevard",0.0,0.0
201400039925,5,12,14,17,5,92,35,2,1,1,6,"6 bis, Pierre S?mart ( r",0.0,0.0
201400039926,6,12,14,18,5,92,35,2,1,1,6,"80, Raymond Ridel ( rue",0.0,0.0
201400039927,12,12,14,19,5,92,35,2,2,3,6,"2, National ( boulevard",0.0,0.0
201400039928,15,12,14,18,5,92,35,2,1,2,2,"13, G?n?ral de Gaulle  (",0.0,0.0
201400039929,15,1,14,12,1,92,35,2,5,2,5,"9, R?publique ( boulevar",0.0,0.0
201400039930,17,1,14,9,1,92,35,2,2,1,3,"77, National ( boulevard",0.0,0.0
201400039931,19,1,14,20,5,92,35,2,1,1,3,"25, G?n?ral de Gaulle  (",0.0,0.0
201400039932,18,1,14,10,1,92,35,2,1,1,6,"74, R?publique ( bouleva",0.0,0.0
201400039933,21,1,14,18,5,92,35,2,5,1,3,"16 bis, R?publique ( bou",0.0,0.0
201400039934,7,2,14,16,1,92,35,2,3,1,3,"41, National ( boulevard",0.0,0.0
201400039935,9,2,14,8,1,92,35,2,1,1,6,"5, Verdun 1916 ( avenue",0.0,0.0
201400039936,9,2,14,13,1,92,35,2,1,1,2,"45 bis, R?publique ( bou",0.0,0.0
201400039937,11,2,14,10,1,92,35,2,1,1,7,"72, G?n?ral de Gaulle  (",0.0,0.0
201400039938,10,2,14,0,5,92,35,2,2,1,3,"82, R?publique ( bouleva",0.0,0.0
201400039939,12,3,14,10,1,92,35,2,5,1,6,"185, Pierre Joigneaux (",0.0,0.0
201400039940,14,3,14,10,1,92,35,2,1,1,6,"., Augustine ( Avenue )",0.0,0.0
201400039941,8,4,14,11,1,92,35,2,2,1,6,"2, Joffre ( avenue )",0.0,0.0
201400039942,3,4,14,20,1,92,35,2,3,1,7,"67, G?n?ral de Gaulle  (",0.0,0.0
201400039943,17,4,14,13,1,92,35,2,1,1,6,"9bis, Transvaal ( rue du",0.0,0.0
201400039944,20,3,14,8,1,92,35,2,5,1,2,"185, Pierre Joigneaux (",0.0,0.0
201400039945,20,3,14,17,1,92,35,2,5,1,6,"face 9, R?publique ( bou",0.0,0.0
201400039946,22,4,14,18,1,92,35,2,1,1,7,"33, R?publique ( bouleva",0.0,0.0
201400039947,4,3,14,9,1,92,35,2,4,1,6,"104, R?publique ( boulev",0.0,0.0
201400039948,10,4,14,8,1,92,35,2,1,1,6,"53, Aigle ( rue de l' )",0.0,0.0
201400039949,25,4,14,17,1,92,35,2,1,1,6,"71, R?publique ( bouleva",0.0,0.0
201400039950,8,5,14,11,1,92,35,2,3,1,2,"61, National ( boulevard",0.0,0.0
201400039951,18,5,14,18,1,92,35,2,3,1,6,"24, Pierre Brossolette (",0.0,0.0
201400039952,30,5,14,16,1,92,35,2,5,1,3,"14 bis, R?publique ( bou",0.0,0.0
201400039953,3,6,14,9,1,92,35,2,5,1,3,"85, National ( boulevard",0.0,0.0
201400039954,1,6,14,0,5,92,35,2,5,1,3,"85, National ( boulevard",0.0,0.0
201400039955,6,6,14,20,5,92,35,2,1,1,6,"7-9, Kl?ber ( rue )",0.0,0.0
201400039956,7,6,14,20,1,92,35,2,4,1,7,"., Transvaal ( rue du )",0.0,0.0
201400039957,2,6,14,12,1,92,35,2,5,1,6,"33, G?n?ral de Gaulle  (",0.0,0.0
201400039958,21,6,14,9,1,92,35,2,3,1,2,National ( boulevard ),0.0,0.0
201400039959,23,6,14,12,1,92,35,2,6,1,6,"31, R?publique ( bouleva",0.0,0.0
201400039960,27,6,14,10,1,92,35,2,2,1,6,"47, Foch ( avenue )",0.0,0.0
201400039961,22,7,14,11,1,92,35,2,1,1,6,"91, National ( boulevard",0.0,0.0
201400039962,5,8,14,21,5,92,35,2,1,1,3,"77, National ( boulevard",0.0,0.0
201400039963,7,8,14,9,1,92,35,2,1,2,3,"41, National ( boulevard",0.0,0.0
201400039964,29,8,14,8,1,92,35,2,1,2,4,"25, Arriv?e ( rue de l'",0.0,0.0
201400039965,19,9,14,20,2,92,35,2,2,1,3,"13, Verdun 1916 ( avenue",0.0,0.0
201400039966,26,9,14,17,1,92,35,2,1,1,2,"102, G?n?ral de Gaulle",0.0,0.0
201400039967,23,9,14,10,1,92,35,2,1,1,6,"55, R?publique ( bouleva",0.0,0.0
201400039968,3,10,14,21,5,92,35,2,6,1,7,"52, R?publique ( bouleva",0.0,0.0
201400039969,30,9,14,12,1,92,35,2,2,1,6,"35, Verdun 1916 ( avenue",0.0,0.0
201400039970,30,10,14,20,5,92,35,2,1,1,6,"39, National ( boulevard",0.0,0.0
201400039971,6,11,14,19,5,92,35,2,7,1,3,Belgique ( Place de ),0.0,0.0
201400039972,21,10,14,8,1,92,35,2,6,1,3,"31, R?publique ( bouleva",0.0,0.0
201400039973,26,11,14,21,3,92,35,2,1,1,6,"15, Verdun 1916 ( avenue",0.0,0.0
201400039974,4,11,14,8,1,92,35,2,2,1,3,"11, Foch ( avenue )",0.0,0.0
201400039975,5,11,14,7,2,92,35,2,5,1,1,"15, R?publique ( bouleva",0.0,0.0
201400039976,15,12,14,9,2,92,35,2,3,1,6,"6, Verdun 1916 ( avenue",0.0,0.0
201400039977,8,11,14,17,1,92,35,2,5,1,6,"34, G?n?ral de Gaulle  (",0.0,0.0
201400039978,13,11,14,8,1,92,35,2,3,1,3,"44, National ( boulevard",0.0,0.0
201400039979,13,1,14,8,2,92,36,2,2,1,6,"0, COUTURE D'AUXERRE (RU",0.0,0.0
201400039980,13,1,14,18,5,92,36,2,1,1,6,"40, LOUIS ROCHE (AVENUE)",0.0,0.0
201400039981,17,1,14,9,1,92,36,2,3,1,3,"0, GRESILLONS (AVENUE DE",0.0,0.0
201400039982,28,1,14,13,1,92,36,2,1,1,6,"10, GENERAL DE GAULLE (A",0.0,0.0
201400039983,30,1,14,7,1,92,36,2,6,1,6,"0, PRINCIPALE DU PORT (R",0.0,0.0
201400039984,31,1,14,13,1,92,36,2,1,1,2,"0, PONT D'ARGENTEUIL (RU",0.0,0.0
201400039985,31,1,14,21,5,92,36,2,3,2,3,"0, LOUIS ROCHE (AVENUE)",0.0,0.0
201400039986,1,2,14,20,5,92,36,1,1,1,2,"0, Pont des s?vines (A11",0.0,0.0
201400039987,2,2,14,22,5,92,36,2,1,1,6,"103, GABRIEL PERI (AVENU",0.0,0.0
201400039988,3,2,14,20,5,92,36,2,1,1,7,"64, JEAN JAURES (RUE) (2",0.0,0.0
201400039989,4,2,14,18,5,92,36,2,3,1,6,", GENERAL DE GAULLE (AVE",0.0,0.0
201400039990,7,2,14,19,5,92,36,2,1,1,6,"61, GABRIEL PERI (AVENUE",0.0,0.0
201400039991,15,2,14,23,5,92,36,2,1,1,7,"48, COUTURE D'AUXERRE (R",0.0,0.0
201400039992,3,3,14,17,1,92,36,2,1,1,7,"76, GENERAL DE GAULLE (A",0.0,0.0
201400039993,8,3,14,15,1,92,36,2,1,1,6,"0, PRINCIPALE DU PORT (R",0.0,0.0
201400039994,9,3,14,18,1,92,36,2,1,1,7,"19, PRINCIPALE DU PORT (",0.0,0.0
201400039995,13,3,14,12,1,92,36,2,1,1,7,"9, PRINCIPALE DU PORT (R",0.0,0.0
201400039996,17,3,14,14,1,92,36,2,2,1,3,"0, PRINCIPALE DU PORT (R",0.0,0.0
201400039997,20,3,14,13,1,92,36,2,3,1,6,"55, GRESILLONS (AVENUE D",0.0,0.0
201400039998,23,3,14,19,5,92,36,2,1,1,6,"32, BEAUMARCHAIS (BOULEV",0.0,0.0
201400039999,2,4,14,16,1,92,36,2,1,1,6,"112, GENERAL DE GAULLE (",0.0,0.0
201400040000,3,4,14,14,1,92,36,2,2,1,6,"0, PIERRE TIMBAUD (RUE)",0.0,0.0
201400040001,7,4,14,17,1,92,36,2,1,1,6,"21/23, LOUIS CALMEL (RUE",0.0,0.0
201400040002,8,4,14,9,1,92,36,2,1,1,6,"0, CAMELINAT (BOULEVARD)",0.0,0.0
201400040003,9,4,14,13,1,92,36,2,2,1,7,"0, LOUIS CALMEL (RUE) (1",0.0,0.0
201400040004,27,4,14,13,1,92,36,2,1,1,6,"51, CHEVRINS (RUE DES) (",0.0,0.0
201400040005,27,4,14,17,1,92,36,2,1,1,7,"62, PRINCIPALE DU PORT (",0.0,0.0
201400040006,3,5,14,17,1,92,36,2,1,1,6,"26, LOUIS CALMEL (RUE) (",0.0,0.0
201400040007,6,5,14,18,1,92,36,2,3,1,1,"0, GENEAL DE GAULLE (AVE",0.0,0.0
201400040008,7,5,14,12,1,92,36,2,3,3,7,"0, LOUIS ROCHE (AVENUE)",0.0,0.0
201400040009,29,5,14,14,1,92,36,2,2,1,7,"0, CHANDON (AVENUE) (1/6",0.0,0.0
201400040010,7,6,14,13,1,92,36,2,3,1,7,"0, PIERRE TIMBAUD (RUE)",0.0,0.0
201400040011,7,6,14,15,1,92,36,2,3,1,3,"0, LUCIEN LANTERNIER (AV",0.0,0.0
201400040012,8,6,14,20,1,92,36,2,1,1,6,"16, EUGENE DELACROIX (RU",0.0,0.0
201400040013,12,6,14,11,1,92,36,2,1,1,2,"11, GRESILLONS (QUAI DES",0.0,0.0
201400040014,16,6,14,14,1,92,36,2,6,1,6,"0, GENERAL DE GAULLE (AV",0.0,0.0
201400040015,17,6,14,23,5,92,36,2,1,1,6,"95, BAS (RUE DES) (78 &",0.0,0.0
201400040016,20,6,14,20,1,92,36,2,3,2,6,"0, LUCIEN LANTERNIER (AV",0.0,0.0
201400040017,24,6,14,11,1,92,36,1,2,1,6,"0, BOULEVARD INTERCOMMUN",0.0,0.0
201400040018,27,6,14,10,1,92,36,2,1,1,2,"0, PRINCIPALE DU PORT (R",0.0,0.0
201400040019,29,6,14,10,1,92,36,2,2,2,7,"0, GENEAL DE GAULLE (AVE",0.0,0.0
201400040020,30,6,14,18,1,92,36,2,6,1,6,"0, LOUIS CALMEL (RUE) (1",0.0,0.0
201400040021,1,7,14,19,1,92,36,2,1,1,7,"21-23, LOUIS CALMEL (RUE",0.0,0.0
201400040022,2,7,14,15,1,92,36,2,1,1,2,"52, GENERAL DE GAULLE (A",0.0,0.0
201400040023,2,7,14,15,1,92,36,2,1,1,4,"0, MOULIN DE CAGE (QUAI",0.0,0.0
201400040024,6,7,14,6,1,92,36,2,3,1,7,"0, CAMELINAT (BOULEVARD)",0.0,0.0
201400040025,6,7,14,14,1,92,36,2,6,3,7,"0, PIERRE TIMBAUD (ROND",0.0,0.0
201400040026,7,7,14,9,1,92,36,2,3,1,2,"0, LOUIS ROCHE (AVENUE)",0.0,0.0
201400040027,9,7,14,22,5,92,36,2,2,1,6,"0, CHEVRINS (RUE DES) (2",0.0,0.0
201400040028,15,7,14,17,1,92,36,2,1,1,7,"0, BAS (RUE DES) (78 & +",0.0,0.0
201400040029,18,7,14,17,1,92,36,2,3,1,6,"0, GENEAL DE GAULLE (AVE",0.0,0.0
201400040030,21,7,14,10,1,92,36,2,4,1,6,"0, GEORGES CORETE (RUE",0.0,0.0
201400040031,25,7,14,18,1,92,36,2,3,1,6,"0, LAURENT CELY (AVENUE)",0.0,0.0
201400040032,28,7,14,16,1,92,36,2,1,1,6,"5, LUCIEN LANTERNIER (AV",0.0,0.0
201400040033,29,7,14,12,1,92,36,2,3,1,1,"0, FULGENCE BIENVENUE (R",0.0,0.0
201400040034,1,8,14,13,1,92,36,2,1,1,7,"55, PIERRE TIMBAUD (RUE)",0.0,0.0
201400040035,1,8,14,17,1,92,36,2,2,1,7,"0, LOUIS ROCHE (AVENUE)",0.0,0.0
201400040036,17,8,14,0,5,92,36,2,1,1,6,"0, LOUIS CALMEL (RUE) (1",0.0,0.0
201400040037,21,8,14,15,1,92,36,2,1,1,6,"177, GABRIEL PERI (AVENU",0.0,0.0
201400040038,23,8,14,21,5,92,36,2,2,1,1,"0, BOULEVARD INTERCOMMUN",0.0,0.0
201400040039,3,9,14,11,1,92,36,2,2,1,6,"0, GABRIEL PERI (AVENUE)",0.0,0.0
201400040040,4,9,14,13,1,92,36,2,1,1,6,"109, BAS (RUE DES) (78 &",0.0,0.0
201400040041,5,9,14,6,2,92,36,2,2,1,3,"0, PRINCIPALE DU PORT (R",0.0,0.0
201400040042,10,9,14,1,5,92,36,2,2,1,3,"0, BONGARDE (RUE DE LA)",0.0,0.0
201400040043,12,9,14,9,1,92,36,2,1,1,6,"19, PETITS MARAIS (CHEMI",0.0,0.0
201400040044,19,9,14,15,1,92,36,2,3,1,3,"0, CAMELINAT (BOULEVARD)",0.0,0.0
201400040045,20,9,14,18,1,92,36,2,1,3,7,"0, MARCEL PAUL (AVENUE)",0.0,0.0
201400040046,21,9,14,14,1,92,36,2,6,1,2,"0, LUCIEN LANTERNIER (AV",0.0,0.0
201400040047,22,9,14,19,1,92,36,2,9,1,3,"27/41, LOUISE MICHEL (IM",0.0,0.0
201400040048,1,10,14,8,1,92,36,2,1,1,7,"0, ARGENTEUIL (AVENUE D'",0.0,0.0
201400040049,1,10,14,8,1,92,36,2,1,1,6,"0, ARGENTEUIL (AVENUE D'",0.0,0.0
201400040050,1,10,14,20,1,92,36,2,1,1,2,"123, LAURENT CELY (AVENU",0.0,0.0
201400040051,8,10,14,11,1,92,36,2,2,1,6,"0, PRINCIPALE DU PORT (R",0.0,0.0
201400040052,10,10,14,16,1,92,36,2,1,1,6,"90, MARCEL PAUL (AVENUE)",0.0,0.0
201400040053,19,10,14,1,5,92,36,2,2,1,3,MOULIN DE CAGE (RUE DU),0.0,0.0
201400040054,27,10,14,14,1,92,36,2,1,1,2,"107, MARCEL PAUL (AVENUE",0.0,0.0
201400040055,27,10,14,17,1,92,36,2,1,1,7,"94, VIEUX CHEMIN DE SAIN",0.0,0.0
201400040056,5,11,14,13,1,92,36,2,1,1,6,"0, PIERRE GRAINDORGE (RU",0.0,0.0
201400040057,6,11,14,17,2,92,36,2,2,1,6,"0, CHANDON (AVENUE) (1/6",0.0,0.0
201400040058,10,11,14,19,5,92,36,2,3,1,6,"0, LOUIS ROCHE (AVENUE)",0.0,0.0
201400040059,12,11,14,13,1,92,36,2,6,1,2,"0, PIERRE DE COUBERTIN (",0.0,0.0
201400040060,12,11,14,17,1,92,36,2,2,1,3,"0, BEAUMARCHAIS (BOULEVA",0.0,0.0
201400040061,13,11,14,17,5,92,36,2,1,1,6,"24, LIBERATION (AVENUE D",0.0,0.0
201400040062,13,11,14,19,5,92,36,2,6,1,2,"0, MARCEL PAUL (AVENUE)",0.0,0.0
201400040063,17,11,14,12,1,92,36,2,1,2,7,"18, PIERRE TIMBAUD (RUE)",0.0,0.0
201400040064,17,11,14,21,5,92,36,2,2,1,7,"0, LAURENT CELY (AVENUE)",0.0,0.0
201400040065,21,11,14,14,1,92,36,2,3,1,3,"0, LOUISE MICHEL (PAIRS)",0.0,0.0
201400040066,21,11,14,15,1,92,36,2,3,1,6,"0, MARCEL PAUL (AVENUE)",0.0,0.0
201400040067,26,11,14,18,5,92,36,2,3,2,3,"0, LOUIS ROCHE (AVENUE)",0.0,0.0
201400040068,3,12,14,18,5,92,36,2,2,1,1,"0, CABOEUFS (RUE DES) (5",0.0,0.0
201400040069,4,12,14,9,1,92,36,2,1,1,2,"0, GRESILLONS (QUAI DES)",0.0,0.0
201400040070,7,12,14,17,2,92,36,2,2,2,7,"0, LOUIS ROCHE (AVENUE)",0.0,0.0
201400040071,8,12,14,7,5,92,36,2,2,1,7,"0, LAURENT CELY (AVENUE)",0.0,0.0
201400040072,9,12,14,16,1,92,36,2,1,1,6,"10, GENERAL DE GAULLE (A",0.0,0.0
201400040073,12,12,14,18,5,92,36,2,1,2,6,"207, GRESILLONS (AVENUE",0.0,0.0
201400040074,13,12,14,11,1,92,36,2,1,3,1,"169, LOUIS ROCHE (AVENUE",0.0,0.0
201400040075,24,12,14,9,1,92,36,2,3,1,6,"0, LOUIS CASTEL (RUE) (1",0.0,0.0
201400040076,24,12,14,18,5,92,36,2,4,2,6,"0, DOCTEUR ROUX (PLACE D",0.0,0.0
201400040077,24,12,14,19,5,92,36,2,1,2,2,"11, LUCIEN LANTERNIER (A",0.0,0.0
201400040078,25,12,14,21,5,92,36,2,2,1,6,"0, ARGENTEUIL (AVENUE D'",0.0,0.0
201400040079,30,12,14,16,1,92,36,2,1,1,6,"177, GABRIEL PERI (AVENU",0.0,0.0
201400040080,28,3,14,11,1,92,20,2,4,1,6,RUE DES BAS,0.0,0.0
201400040081,6,1,14,18,3,92,40,2,3,1,3,STALINGRAD (QUAI DE),0.0,0.0
201400040082,8,1,14,17,5,92,40,2,2,1,1,"62, CAMILLE DESMOULINS",0.0,0.0
201400040083,16,1,14,8,1,92,40,2,1,3,3,"97, RODIN (BOULEVARD)",0.0,0.0
201400040084,16,1,14,22,5,92,40,2,1,1,6,"99, PDT ROOSEVELT (QUAI",0.0,0.0
201400040085,14,1,14,8,1,92,40,2,3,8,3,"52, GABRIEL PERI",0.0,0.0
201400040086,17,11,14,20,5,92,40,2,6,1,6,GUYNEMER,0.0,0.0
201400040087,16,1,14,9,1,92,40,2,1,2,3,"28, GAMBETTA (BOULEVARD)",0.0,0.0
201400040088,17,11,14,20,5,92,40,2,1,2,3,"16, ERNEST RENAN",0.0,0.0
201400040089,18,11,14,20,5,92,40,2,3,2,2,GALLIENI (BOULEVARD),0.0,0.0
201400040090,24,11,14,9,1,92,40,2,1,2,6,"4, ARISTIDE BRIAND",0.0,0.0
201400040091,27,11,14,23,5,92,40,2,1,1,2,"45, PDT ROOSEVELT (QUAI",0.0,0.0
201400040092,20,1,14,16,1,92,40,2,6,2,6,GOUVERNEUR GAL EBOUE DU,0.0,0.0
201400040093,27,1,14,14,1,92,40,2,1,6,3,"245, STALINGRAD (QUAI DE",0.0,0.0
201400040094,3,12,14,18,4,92,40,2,2,1,6,"70/72, GOUVERNEUR GAL EB",0.0,0.0
201400040095,11,12,14,7,2,92,40,2,1,8,1,"65, RODIN (BOULEVARD)",0.0,0.0
201400040096,13,12,14,20,5,92,40,2,2,1,3,GALLIENI (BOULEVARD),0.0,0.0
201400040097,15,12,14,18,4,92,40,2,6,2,7,DEFENSE (DE LA),0.0,0.0
201400040098,17,12,14,17,5,92,40,2,1,2,7,"21, LASSERRE",0.0,0.0
201400040099,31,1,14,15,1,92,40,2,1,1,6,"115, VERDUN (AVENUE DE)",0.0,0.0
201400040100,4,2,14,11,1,92,40,2,1,1,6,"33, JEAN-PIERRE TIMBAUD",0.0,0.0
201400040101,3,2,14,21,3,92,40,2,2,1,3,"XX, PAUL-VAILLANT COUTUR",0.0,0.0
201400040102,15,2,14,13,1,92,40,2,1,1,6,"9, ABBE DERRY (DE L')",0.0,0.0
201400040103,13,2,14,12,1,92,40,2,1,2,6,"25, GABRIEL PERI",0.0,0.0
201400040104,14,2,14,10,1,92,40,2,1,2,1,"103, PDT ROOSEVELT (QUAI",0.0,0.0
201400040105,26,2,14,16,1,92,40,2,1,1,7,"15, AUGUSTE GERVAIS",0.0,0.0
201400040106,4,3,14,9,1,92,40,2,3,1,2,"27, ARISTIDE BRIAND",0.0,0.0
201400040107,13,3,14,9,1,92,40,2,1,1,4,"60, GALLIENI (BOULEVARD)",0.0,0.0
201400040108,7,3,14,9,1,92,40,2,7,1,3,"xx, 11 NOVEMBRE 1918 (PL",0.0,0.0
201400040109,1,4,14,19,1,92,40,2,1,1,2,"23, ARISTIDE BRIAND",0.0,0.0
201400040110,11,4,14,18,1,92,40,2,1,1,6,"40 BIS, ERNEST RENAN",0.0,0.0
201400040111,26,3,14,8,1,92,40,2,1,1,3,"93 BIS, GENERAL DE GAULL",0.0,0.0
201400040112,26,3,14,8,1,92,40,2,3,1,3,GALLIENI (BOULEVARD),0.0,0.0
201400040113,28,3,14,19,5,92,40,2,1,1,5,"35, GALLIENI (BOULEVARD)",0.0,0.0
201400040114,15,4,14,13,1,92,40,2,3,1,6,"32, JEAN-PIERRE TIMBAUD",0.0,0.0
201400040115,30,4,14,13,1,92,40,2,3,1,3,FRERES VOISIN (BOULEVARD,0.0,0.0
201400040116,6,5,14,11,1,92,40,2,1,1,7,"31, GAMBETTA (BOULEVARD)",0.0,0.0
201400040117,11,4,14,18,1,92,40,2,1,1,6,"20, ROUGET DE L'ISLE",0.0,0.0
201400040118,15,5,14,14,1,92,40,2,1,1,3,ARISTIDE BRIAND,0.0,0.0
201400040119,5,4,14,13,1,92,40,2,3,1,6,"29 BIS, GARIBALDI (BOULE",0.0,0.0
201400040120,18,5,14,9,1,92,40,2,1,1,6,"58, JEAN-PIERRE TIMBAUD",0.0,0.0
201400040121,9,4,14,22,5,92,40,2,1,1,6,"34, GAMBETTA (BOULEVARD)",0.0,0.0
201400040122,31,3,14,9,1,92,40,2,1,1,7,"XX, SABLONS (ALLEE DES)",0.0,0.0
201400040123,25,4,14,21,5,92,40,2,1,2,3,"37, BOURGAIN (AVENE)",0.0,0.0
201400040124,30,4,14,14,1,92,40,2,1,1,6,"19, GAMBETTA (BOULEVARD)",0.0,0.0
201400040125,9,5,14,9,1,92,40,2,3,1,2,PDT ROOSEVELT (QUAI DU),0.0,0.0
201400040126,14,5,14,14,1,92,40,2,1,1,3,"109, VERDUN (AVENUE DE)",0.0,0.0
201400040127,26,5,14,20,1,92,40,2,3,1,6,STALINGRAD (QUAI DE),0.0,0.0
201400040128,6,6,14,13,1,92,40,2,1,1,6,"13, DEFENSE (DE LA)",0.0,0.0
201400040129,22,5,14,7,1,92,40,2,2,1,6,VERDUN (AVENUE DE) DU 83,0.0,0.0
201400040130,18,6,14,13,1,92,40,2,2,1,4,"55, GALLIENI (BOULEVARD)",0.0,0.0
201400040131,25,6,14,19,1,92,40,2,1,1,6,"23, HENRI TARIEL",0.0,0.0
201400040132,19,6,14,9,1,92,40,2,3,1,6,"28, GAMBETTA (BOULEVARD)",0.0,0.0
201400040133,14,6,14,14,1,92,40,2,1,1,6,"48, EREVAN (D')",0.0,0.0
201400040134,4,7,14,15,1,92,40,2,1,1,6,MINARD,0.0,0.0
201400040135,25,6,14,7,1,92,40,2,3,1,3,PONT D ISSY,0.0,0.0
201400040136,17,6,14,9,1,92,40,2,1,1,6,"118, VERDUN (AVENUE DE)",0.0,0.0