Num_Acc,jour,mois,an,hr,condition_eclairage,departement,commune,condition_agglomeration,intersection,condition_atmosphere,type_collision,adresse,lattitude,longitude
201400040137,2,6,14,20,1,92,40,2,2,1,6,GOUVERNEUR GAL EBOUE DU,0.0,0.0
201400040138,2,7,14,18,1,92,40,2,1,1,3,"5, GALLIENI (BOULEVARD)",0.0,0.0
201400040139,3,6,14,5,2,92,40,2,2,1,3,"xx, PAIX (AVENUE DE LA)",0.0,0.0
201400040140,24,6,14,17,1,92,40,2,1,1,5,"5, GENERAL LECLERC",0.0,0.0
201400040141,28,6,14,9,1,92,40,2,2,1,7,VICTOR HUGO (ROND-POINT),0.0,0.0
201400040142,7,6,14,15,1,92,40,2,6,1,3,RESISTANCE (PLACE DE LA),0.0,0.0
201400040143,7,8,14,13,1,92,40,2,2,3,6,GENERAL DE GAULLE (AVE D,0.0,0.0
201400040144,8,8,14,1,4,92,40,2,1,1,2,"267, STALINGRAD (QUAI DE",0.0,0.0
201400040145,24,7,14,10,1,92,40,2,1,1,6,"26, JEAN JACQUES ROUSSEA",0.0,0.0
201400040146,5,7,14,13,1,92,40,2,1,2,3,"3, ARISTIDE BRIAND",0.0,0.0
201400040147,2,1,14,17,2,92,40,2,3,1,7,"xx, GAMBETTA (BOULEVARD)",0.0,0.0
201400040148,24,7,14,20,1,92,40,2,1,1,3,"130, VERDUN (AVENUE DE)",0.0,0.0
201400040149,2,9,14,8,1,92,40,2,3,1,6,CAMILLE DESMOULINS,0.0,0.0
201400040150,16,9,14,10,1,92,40,2,3,1,3,CAMILLE DESMOULINS,0.0,0.0
201400040151,17,9,14,7,1,92,40,2,6,1,2,RESISTANCE (PLACE DE LA),0.0,0.0
201400040152,20,9,14,17,1,92,40,2,1,1,6,FORT (DU),0.0,0.0
201400040153,30,9,14,16,1,92,40,2,1,1,6,"36, ERNEST RENAN",0.0,0.0
201400040154,27,9,14,21,3,92,40,2,1,1,3,"16bis, BERTHELOT",0.0,0.0
201400040155,23,9,14,10,1,92,40,2,1,1,2,"66, PAIX (AVENUE DE LA)",0.0,0.0
201400040156,24,9,14,18,1,92,40,2,3,1,6,"10, GENERAL LECLERC",0.0,0.0
201400040157,25,9,14,14,1,92,40,2,3,1,3,PROFESSEUR CALMETTE (AVE,0.0,0.0
201400040158,1,10,14,10,1,92,40,2,1,1,3,"16, GALLIENI (BOULEVARD)",0.0,0.0
201400040159,11,10,14,7,5,92,40,1,1,2,6,"xx, JEAN-PIERRE TIMBAUD",0.0,0.0
201400040160,8,9,14,8,1,92,40,2,3,1,2,LASSERRE,0.0,0.0
201400040161,11,9,14,17,1,92,40,2,1,1,6,"28, DOCTEUR LOMBARD (DU)",0.0,0.0
201400040162,22,10,14,8,1,92,40,2,1,1,7,"19, GAMBETTA (BOULEVARD)",0.0,0.0
201400040163,17,10,14,9,1,92,40,2,2,2,7,"xx, AUGUSTE GERVAIS",0.0,0.0
201400040164,18,10,14,14,1,92,40,2,1,1,5,"8, DIDEROT",0.0,0.0
201400040165,6,10,14,17,1,92,40,2,3,1,3,GENERAL LECLERC,0.0,0.0
201400040166,8,10,14,9,1,92,40,2,1,1,3,"243, STALINGRAD (QUAI DE",0.0,0.0
201400040167,2,10,14,9,1,92,40,2,3,1,5,"98, GALLIENI (BOULEVARD)",0.0,0.0
201400040168,28,10,14,13,1,92,40,2,3,1,3,"4, ALEMBERT (D') RUE",0.0,0.0
201400040169,12,11,14,18,5,92,40,2,2,1,3,MARECHAL JUIN (PLACE),0.0,0.0
201400040170,23,10,14,8,1,92,40,2,1,1,6,"1, ARISTIDE BRIAND",0.0,0.0
201400040171,27,10,14,23,5,92,40,2,3,1,3,GENERAL LECLERC,0.0,0.0
201400040172,29,10,14,19,5,92,40,2,1,1,3,"169, STALINGRAD (QUAI DE",0.0,0.0
201400040173,30,10,14,21,5,92,40,2,3,1,3,JEAN JACQUES ROUSSEAU,0.0,0.0
201400040174,31,10,14,21,5,92,40,2,3,1,7,VERDUN (AVENUE DE) DU 15,0.0,0.0
201400040175,3,11,14,16,1,92,40,2,2,2,2,"25, GUYNEMER",0.0,0.0
201400040176,7,11,14,7,1,92,40,2,1,2,6,"92, RODIN (BOULEVARD)",0.0,0.0
201400040177,13,11,14,9,1,92,40,2,1,1,2,"38, VICTOR CRESSON (AVEN",0.0,0.0
201400040178,18,12,14,10,1,92,40,2,1,1,3,"30, GALLIENI (BOULEVARD)",0.0,0.0
201400040179,18,12,14,15,1,92,40,2,3,1,6,"42, DANTON",0.0,0.0
201400040180,19,12,14,16,1,92,40,2,1,1,6,"6, DOCTEUR LOMBARD (DU)",0.0,0.0
201400040181,9,12,14,17,2,92,40,2,1,1,6,"11, RENE-JACQUES",0.0,0.0
201400040182,7,11,14,8,5,92,40,2,2,1,3,FOUCHER LEPELLETIER,0.0,0.0
201400040183,14,11,14,15,1,92,40,2,1,2,7,AUGUSTE GERVAIS,0.0,0.0
201400040184,8,10,14,8,1,92,44,2,2,1,2,"24, VILLIERS(RUE DE)  2A",0.0,0.0
201400040185,3,1,14,10,1,92,44,2,2,1,6,"80, ARISTIDE BRIAND(RUE)",0.0,0.0
201400040186,26,1,14,15,1,92,44,2,1,2,6,"5, VOLTAIRE(RUE)1A51 ET2",0.0,0.0
201400040187,28,1,14,11,1,92,44,2,1,1,3,"4, PDT WILSON(RUE) 2A24",0.0,0.0
201400040188,30,1,14,15,1,92,44,2,1,1,6,PDT WILSON(RUE)133A149 E,0.0,0.0
201400040189,8,2,14,7,5,92,44,2,1,2,3,"02, HENRI BARBUSSE (RUE)",0.0,0.0
201400040190,12,2,14,19,5,92,44,2,2,2,6,"6, BAUDIN (RUE) 1A25 ET",0.0,0.0
201400040191,12,2,14,20,5,92,44,2,1,2,6,"54, JEAN JAURES(RUE) 1A5",0.0,0.0
201400040192,1,3,14,22,5,92,44,2,2,1,3,"56, CARNOT(RUE) 43A71 ET",0.0,0.0
201400040193,1,3,14,22,5,92,44,2,1,1,6,"130, PDT WILSON(RUE)107A",0.0,0.0
201400040194,5,3,14,18,2,92,44,2,3,1,6,"20, ALSACE (RUE) N?19 +",0.0,0.0
201400040195,7,3,14,20,5,92,44,2,1,1,6,"29, VIC. HUGO(RUE)001A06",0.0,0.0
201400040196,7,3,14,20,5,92,44,2,2,1,3,"2, WILSON(SQUARE)2 IBERT",0.0,0.0
201400040197,11,3,14,12,1,92,44,2,1,1,2,"160, VIC. HUGO(RUE)115A1",0.0,0.0
201400040198,13,3,14,10,1,92,44,2,1,1,6,"88, VIC. HUGO(RUE)069A07",0.0,0.0
201400040199,2,4,14,9,1,92,44,2,1,1,6,"70, VIC. HUGO(RUE)001A06",0.0,0.0
201400040200,19,4,14,2,5,92,44,2,1,1,6,"38, CARNOT(RUE) 43A71 ET",0.0,0.0
201400040201,29,4,14,14,1,92,44,2,2,9,3,"42, VOLTAIRE(RUE)53A81 E",0.0,0.0
201400040202,3,5,14,19,1,92,44,2,1,1,6,"33, ALSACE (RUE) N?19 +",0.0,0.0
201400040203,9,5,14,9,1,92,44,2,9,8,6,CARNOT(RUE) 73+ ET 60+,0.0,0.0
201400040204,19,5,14,9,1,92,44,2,2,1,6,"1, LOUIS ROUQUIER(RUE) 1",0.0,0.0
201400040205,21,5,14,9,1,92,44,2,1,2,2,MICHELET (QUAI) 32 A 58,0.0,0.0
201400040206,21,5,14,11,1,92,44,2,2,1,6,"57, JEAN JAURES(RUE) 57A",0.0,0.0
201400040207,2,6,14,17,1,92,44,2,2,1,6,"90, ANA.FRANCE(RUE)77A13",0.0,0.0
201400040208,31,5,14,19,1,92,44,2,2,1,3,"22, JEAN GABIN(RUE)",0.0,0.0
201400040209,17,6,14,23,5,92,44,2,1,1,3,"82, BAUDIN (RUE) 27A83 E",0.0,0.0
201400040210,20,6,14,13,1,92,44,2,1,1,3,"41, ANA. FRANCE(RUE)1A75",0.0,0.0
201400040211,24,6,14,13,1,92,44,2,1,1,6,"146, VIC. HUGO(RUE)115A1",0.0,0.0
201400040212,24,6,14,21,2,92,44,2,1,1,6,"43, VIC. HUGO(RUE)001A06",0.0,0.0
201400040213,2,4,14,9,1,92,44,2,2,1,6,"58, CARNOT(RUE) 43A71 ET",0.0,0.0
201400040214,25,6,14,18,1,92,44,2,1,1,2,"16, PARC (RUE DU) 2A16 E",0.0,0.0
201400040215,30,6,14,20,1,92,44,2,3,1,2,"57, MICHELET (QUAI) 58 A",0.0,0.0
201400040216,3,7,14,8,1,92,44,2,1,1,6,"35, P.V.COUTURIER(RUE)1A",0.0,0.0
201400040217,3,7,14,22,2,92,44,2,1,1,7,"18, ANA. FRANCE(RUE)1A75",0.0,0.0
201400040218,4,7,14,8,1,92,44,2,1,1,7,"9, LOUIS ROUQUIER(RUE) 1",0.0,0.0
201400040219,10,7,14,18,1,92,44,2,1,1,6,"28, ANA. FRANCE(RUE)1A75",0.0,0.0
201400040220,12,7,14,17,1,92,44,2,2,1,6,"5, PDT WILSON(RUE) 2A24",0.0,0.0
201400040221,17,7,14,17,1,92,44,2,3,1,7,"40, VILLIERS(RUE DE)  2A",0.0,0.0
201400040222,18,7,14,11,1,92,44,2,3,1,3,"146, VIC. HUGO(RUE)115A1",0.0,0.0
201400040223,18,7,14,17,1,92,44,2,1,1,6,"168, VIC. HUGO(RUE)115A1",0.0,0.0
201400040224,25,7,14,19,1,92,44,2,2,1,6,"120, ANA.FRANCE(RUE)77A1",0.0,0.0
201400040225,28,7,14,18,1,92,44,2,1,1,2,"126, VIC. HUGO(RUE)091A1",0.0,0.0
201400040226,28,7,14,19,1,92,44,2,2,1,2,"62, VOLTAIRE(RUE)53A81 E",0.0,0.0
201400040227,14,8,14,23,5,92,44,2,2,1,6,"19, VI. HUGO (SQUARE)40V",0.0,0.0
201400040228,17,8,14,20,2,92,44,2,1,1,2,"17, ANA. FRANCE(RUE)1A75",0.0,0.0
201400040229,2,9,14,14,1,92,44,2,2,1,6,"2, MATHILDE GIRAULT (RUE",0.0,0.0
201400040230,3,9,14,8,1,92,44,2,1,1,6,"114, ANA.FRANCE(RUE)77A1",0.0,0.0
201400040231,7,9,14,19,1,92,44,2,1,1,3,"160, VIC. HUGO(RUE)115A1",0.0,0.0
201400040232,18,8,14,19,1,92,44,2,1,1,6,"108, RIVAY(RUE)97A107 ET",0.0,0.0
201400040233,23,9,14,11,1,92,44,2,1,1,6,"9, HENRI BARBUSSE (PLACE",0.0,0.0
201400040234,24,9,14,9,1,92,44,2,1,1,6,"34, LOUISON BOBET(STADE)",0.0,0.0
201400040235,30,9,14,21,2,92,44,2,1,1,6,"77, ED.VAILLANT(RUE) 75A",0.0,0.0
201400040236,2,10,14,16,1,92,44,2,1,1,6,"42, JEAN JAURES(RUE) 1A5",0.0,0.0
201400040237,2,10,14,19,5,92,44,2,1,1,6,"85, LOUIS ROUQUIER(RUE)4",0.0,0.0
201400040238,2,10,14,20,2,92,44,2,2,1,7,"32, LOUIS ROUQUIER(RUE)",0.0,0.0
201400040239,3,10,14,8,1,92,44,2,2,1,3,"35, BAUDIN (RUE) 27A83 E",0.0,0.0
201400040240,12,10,14,13,1,92,44,2,1,1,5,"83TER, P.V.COUTURIER(RUE",0.0,0.0
201400040241,13,10,14,17,2,92,44,2,1,1,7,"70, PDT WILSON(RUE)51A75",0.0,0.0
201400040242,14,10,14,1,5,92,44,2,2,1,7,"48, CAMILLE PELLETAN(RUE",0.0,0.0
201400040243,23,10,14,14,1,92,44,2,2,1,3,"95, RIVAY(RUE)73A95 ET 6",0.0,0.0
201400040244,25,10,14,9,1,92,44,2,2,1,6,"40, VILLIERS(RUE DE)  2A",0.0,0.0
201400040245,30,10,14,10,1,92,44,2,5,1,7,"15, COLLANGE(RUE) 1A13 E",0.0,0.0
201400040246,3,11,14,17,2,92,44,2,2,1,6,"51, MARIUS AUFAN(RUE) 1A",0.0,0.0
201400040247,14,11,14,13,1,92,44,2,1,1,2,"162, DANTON(RUE)125+ ET",0.0,0.0
201400040248,15,11,14,18,2,92,44,2,2,1,3,"118, ANA.FRANCE(RUE) 141",0.0,0.0
201400040249,12,11,14,11,1,92,44,2,1,1,6,"12, MARCEL CERDAN (RUE)",0.0,0.0
201400040250,25,11,14,13,1,92,44,2,1,1,6,"32, ALSACE (RUE) N?19 +",0.0,0.0
201400040251,28,11,14,7,1,92,44,2,2,1,6,"30, ARISTIDE BRIAND(RUE)",0.0,0.0
201400040252,28,11,14,21,5,92,44,2,1,1,6,"174, VIC. HUGO(RUE)115A1",0.0,0.0
201400040253,29,11,14,17,2,92,44,2,2,1,6,"1, ANTONIN RAYNAUD(RUE)",0.0,0.0
201400040254,30,11,14,19,1,92,44,2,1,1,2,"42, ED.VAILLANT(RUE) 37A",0.0,0.0
201400040255,5,12,14,11,1,92,44,2,2,1,6,"55, CARNOT(RUE) 43A71 ET",0.0,0.0
201400040256,10,12,14,18,1,92,44,2,1,1,6,"66, VILLIERS(RUE DE)  54",0.0,0.0
201400040257,11,12,14,23,5,92,44,2,2,1,3,"18, ED. VAILLANT(RUE) 1A",0.0,0.0
201400040258,12,12,14,4,5,92,44,2,2,1,3,"8, PIERRE BROSSOLETTE(RU",0.0,0.0
201400040259,18,12,14,10,1,92,44,2,2,1,6,"106, PDT WILSON(RUE)107A",0.0,0.0
201400040260,13,12,14,10,1,92,44,2,2,1,6,"106, PDT WILSON(RUE)107A",0.0,0.0
201400040261,18,12,14,5,1,92,44,2,2,1,3,"20, JEAN JAURES(RUE) 1A5",0.0,0.0
201400040262,18,12,14,8,1,92,44,2,2,1,6,"97, JEAN JAURES(RUE) 57A",0.0,0.0
201400040263,24,12,14,15,1,92,44,2,1,1,6,"3, P.V.COUTURIER(RUE)1A3",0.0,0.0
201400040264,10,1,14,9,1,92,48,2,2,1,3,BELGIQUE (RUE DE LA),0.0,0.0
201400040265,31,8,14,5,5,92,48,2,6,1,6,"., Rond Point CIECHANOV",0.0,0.0
201400040266,1,11,14,6,5,92,48,2,1,1,7,"17, DOCTEUR ARNAUDET (RU",0.0,0.0
201400040267,21,1,14,19,5,92,48,2,2,1,3,"., MARAIS (RUE DES)",0.0,0.0
201400040268,27,1,14,8,1,92,48,2,3,1,6,"., JEAN JAURES (AVENUE)",0.0,0.0
201400040269,31,1,14,2,5,92,48,2,2,5,6,"., SORRIERES (RUE DES)",0.0,0.0
201400040270,14,1,14,8,1,92,48,2,1,1,6,"02, MARCEL ALLEGOT (RUE)",0.0,0.0
201400040271,28,2,14,12,1,92,48,1,1,1,6,"., TRIVAUX (AVENUE DE) N",0.0,0.0
201400040272,8,3,14,12,1,92,48,2,1,1,6,"02, EGLISE (RUE DE L')",0.0,0.0
201400040273,27,2,14,18,1,92,48,2,6,1,7,"20, PARIS (RUE DE) N? 12",0.0,0.0
201400040274,30,3,14,9,1,92,48,2,1,1,6,"., MARCHE COUVERT (RUE D",0.0,0.0
201400040275,7,4,14,18,1,92,48,1,1,1,7,"., TRIVAUX (AVENUE DE) N",0.0,0.0
201400040276,14,4,14,18,2,92,48,2,1,1,6,"., TILLEULS (SQUARE DES)",0.0,0.0
201400040277,22,4,14,17,1,92,48,2,2,1,3,", PEPINIERE (RUE DE LA)",0.0,0.0
201400040278,16,4,14,15,1,92,48,2,2,1,6,"., PEPINIERE (RUE DE LA)",0.0,0.0
201400040279,15,5,14,17,2,92,48,1,1,1,6,"., GENERAL GALLIENI (AVE",0.0,0.0
201400040280,16,5,14,16,1,92,48,2,9,1,3,"15, GARDES (ROUTE DES) N",0.0,0.0
201400040281,23,5,14,12,1,92,48,2,2,1,6,"., GARDES (ROUTE DES) N?",0.0,0.0
201400040282,9,6,14,11,1,92,48,2,1,1,6,"12, NATIONS UNIES (BOULE",0.0,0.0
201400040283,10,6,14,17,1,92,48,2,3,2,7,"1, VIGNES (IMPASSE ET RU",0.0,0.0
201400040284,11,6,14,11,1,92,48,1,1,1,6,"13, HENRI ETLIN (RUE)",0.0,0.0
201400040285,17,6,14,16,1,92,48,2,3,1,6,"19, REPUBLIQUE (RUE DE L",0.0,0.0
201400040286,23,6,14,8,1,92,48,2,9,1,6,"51, GENERAL DE GAULLE (A",0.0,0.0
201400040287,23,6,14,10,1,92,48,2,1,1,5,"22BIS, PARIS (RUE DE) N?",0.0,0.0
201400040288,1,8,14,14,1,92,48,1,9,1,6,"., MORANE SAULNIER (AVEN",0.0,0.0
201400040289,6,8,14,14,1,92,48,2,9,1,6,"., MORANE SAULNIER (AVEN",0.0,0.0
201400040290,7,8,14,15,1,92,48,2,2,2,3,"01bis, REPUBLIQUE (RUE D",0.0,0.0
201400040291,8,8,14,12,1,92,48,2,1,2,6,"34, CLAUDE DALSEME (RUE)",0.0,0.0
201400040292,17,8,14,14,1,92,48,2,6,1,6,"., GENERAL DE GAULLE (AV",0.0,0.0
201400040293,20,8,14,16,1,92,48,2,1,1,6,"., TRIVAUX (AVENUE DE) N",0.0,0.0
201400040294,5,9,14,18,1,92,48,2,3,1,6,"., VAUGIRARD (RUE DE)",0.0,0.0
201400040295,26,9,14,8,1,92,48,2,1,1,3,"34, JEAN JAURES (AVENUE)",0.0,0.0
201400040296,29,9,14,12,1,92,48,2,6,2,7,"., GARDES (ROUTE DES) N?",0.0,0.0
201400040297,2,10,14,19,5,92,48,1,1,2,6,"20, MAIL (ALLEE DU)",0.0,0.0
201400040298,4,10,14,23,5,92,48,2,3,2,6,"31, GARDES (ROUTE DES) N",0.0,0.0
201400040299,3,10,14,11,1,92,48,2,3,1,3,"., TERRE NEUVE (RUE)",0.0,0.0
201400040300,15,10,14,17,1,92,48,2,2,2,6,"2-4, MARCEL ALLEGOT (RUE",0.0,0.0
201400040301,18,10,14,11,1,92,48,2,3,1,6,"., PEPINIERE (RUE DE LA)",0.0,0.0
201400040302,19,10,14,12,1,92,48,2,7,1,3,"., RABELAIS (PLACE)",0.0,0.0
201400040303,28,11,14,17,2,92,48,2,1,2,6,"76, REPUBLIQUE (RUE DE L",0.0,0.0
201400040304,2,1,14,9,1,92,49,2,2,2,7,"123, BRIAND AVENUE ARIST",0.0,0.0
201400040305,3,1,14,2,5,92,20,2,6,1,7,"22, DIVISION LECLERC AVE",0.0,0.0
201400040306,7,1,14,21,5,92,20,2,1,1,2,PARIS AVENUE DE N? IMPAI,0.0,0.0
201400040307,8,1,14,7,2,92,49,2,2,1,1,BRIAND AVENUE ARISTIDE A,0.0,0.0
201400040308,12,1,14,0,5,92,49,2,2,5,6,"53, BRIAND AVENUE ARISTI",0.0,0.0
201400040309,12,1,14,2,5,92,49,2,2,5,3,"102, BRIAND AVENUE ARIST",0.0,0.0
201400040310,12,1,14,14,1,92,49,2,1,8,2,"79, REPUBLIQUE AVENUE DE",0.0,0.0
201400040311,14,1,14,10,1,92,20,2,1,1,6,"3, VERDUN AVENUE DE N?1",0.0,0.0
201400040312,14,1,14,16,1,92,20,2,1,1,6,"17, BAGNEUX RUE DE",0.0,0.0
201400040313,21,1,14,10,1,92,49,2,2,2,6,ARNOUX AVENUE MAURICE N?,0.0,0.0
201400040314,23,1,14,7,5,92,49,2,1,1,6,"93, VERDIER AVENUE N?25",0.0,0.0
201400040315,23,1,14,8,1,92,20,2,1,1,6,"44, VANVES BOULEVARD DE",0.0,0.0
201400040316,31,1,14,15,1,92,20,2,2,1,1,PARIS AVENUE DE N? IMPAI,0.0,0.0
201400040317,4,2,14,10,1,92,49,2,1,1,2,JAURES PLACE JEAN,0.0,0.0
201400040318,4,2,14,20,5,92,20,2,2,1,6,DEFORGES RUE ETIENNE N?,0.0,0.0
201400040319,7,2,14,12,1,92,20,2,1,1,1,MERSEBURG RUE DE,0.0,0.0
201400040320,7,2,14,18,2,92,49,2,2,1,3,BARBES RUE,0.0,0.0
201400040321,9,2,14,21,5,92,49,2,1,1,6,"105, VERDIER AVENUE AUTR",0.0,0.0
201400040322,13,2,14,8,1,92,20,2,2,1,6,"23, LIBERTE BOULEVARD DE",0.0,0.0
201400040323,17,2,14,15,1,92,20,2,1,1,1,VERDUN AVENUE DE AUTRES,0.0,0.0
201400040324,25,2,14,19,5,92,49,2,3,1,3,"138, DORMOY AVENUE MARX",0.0,0.0
201400040325,26,2,14,15,1,92,49,2,1,1,2,"211, BROSSOLETTE AVENUE",0.0,0.0
201400040326,2,3,14,13,1,92,49,2,1,1,6,"41, BROSSOLETTE AVENUE P",0.0,0.0
201400040327,3,3,14,11,1,92,20,2,1,2,6,"18, GENZANO DI ROMA RUE",0.0,0.0
201400040328,8,3,14,9,1,92,20,2,1,1,6,"16, VERDUN AVENUE DE N?2",0.0,0.0
201400040329,10,3,14,13,1,92,49,1,2,1,3,BROSSOLETTE AVENUE PIERR,0.0,0.0
201400040330,12,3,14,8,1,92,49,2,1,1,6,"5, BRIAND AVENUE ARISTID",0.0,0.0
201400040331,14,3,14,10,1,92,49,2,2,1,2,PERI RUE GABRIEL AUTRES,0.0,0.0
201400040332,16,3,14,20,5,92,20,2,9,1,3,"187, REPUBLIQUE AV. AUTR",0.0,0.0
201400040333,17,3,14,10,1,92,20,2,4,1,3,VANVES BOULEVARD DE N? P,0.0,0.0
201400040334,17,3,14,20,5,92,49,2,2,1,3,PERI RUE GABRIEL AUTRES,0.0,0.0
201400040335,19,3,14,18,1,92,20,2,9,1,5,PARIS AVENUE DE N?84 A F,0.0,0.0
201400040336,20,3,14,8,1,92,49,2,1,1,2,"202, DORMOY AVENUE MARX",0.0,0.0
201400040337,21,3,14,7,2,92,49,2,1,2,3,"33, PERI RUE GABRIEL N?1",0.0,0.0
201400040338,26,3,14,7,1,92,49,2,1,1,6,"230, DORMOY AVENUE MARX",0.0,0.0
201400040339,28,3,14,16,1,92,49,2,2,1,6,VERDIER AVENUE AUTRES N?,0.0,0.0
201400040340,30,3,14,11,1,92,49,2,4,1,2,JAURES AV. JEAN N?1 A 51,0.0,0.0
201400040341,3,4,14,15,1,92,49,2,1,1,6,"118, JAURES AVENUE JEAN",0.0,0.0
201400040342,9,4,14,8,1,92,20,2,1,1,3,"104, LIBERTE BOULEVARD D",0.0,0.0
201400040343,10,4,14,9,1,92,20,2,1,1,3,"140, REPUBLIQUE AV. AUTR",0.0,0.0
201400040344,10,4,14,13,1,92,49,2,1,1,6,"177, BROSSOLETTE AVENUE",0.0,0.0
201400040345,11,4,14,14,1,92,49,2,1,1,6,"43, REPUBLIQUE AVENUE DE",0.0,0.0
201400040346,12,4,14,11,1,92,20,2,2,1,3,ESTIENNE D'ORVES RUE D',0.0,0.0
201400040347,13,4,14,14,1,92,20,2,1,1,3,"157, REPUBLIQUE AV. AUTR",0.0,0.0
201400040348,18,4,14,19,1,92,49,2,2,1,3,BROSSOLETTE AVENUE PIERR,0.0,0.0
201400040349,22,4,14,17,1,92,49,2,1,2,6,"43, BROSSOLETTE AVENUE P",0.0,0.0
201400040350,22,4,14,17,1,92,49,2,1,1,4,"55, BROSSOLETTE AVENUE P",0.0,0.0
201400040351,26,4,14,1,5,92,49,2,1,1,2,"50, BROSSOLETTE AVENUE P",0.0,0.0
201400040352,29,4,14,18,1,92,49,2,1,1,4,"86, GINOUX AV. HENRI N?1",0.0,0.0
201400040353,2,5,14,15,1,92,49,2,1,2,6,"68, BRIAND AVENUE ARISTI",0.0,0.0
201400040354,5,5,14,14,1,92,20,2,2,1,3,SAMPAIX RUE LUCIEN,0.0,0.0
201400040355,16,5,14,8,1,92,49,2,3,1,6,BRIAND AVENUE ARISTIDE A,0.0,0.0
201400040356,16,5,14,14,1,92,49,2,2,1,3,BROSSOLETTE AVENUE PIERR,0.0,0.0
201400040357,16,5,14,21,2,92,49,2,2,1,3,"144, REPUBLIQUE AVENUE D",0.0,0.0
201400040358,17,5,14,2,5,92,49,2,1,1,2,"123, BRIAND AVENUE ARIST",0.0,0.0
201400040359,17,5,14,16,1,92,20,2,2,1,3,FONTENAY RUE DE AUTRES N,0.0,0.0
201400040360,19,5,14,11,1,92,20,2,1,1,6,"9, PARIS AVENUE DE N? IM",0.0,0.0
201400040361,22,5,14,7,1,92,20,2,1,1,1,"94, PARIS AVENUE DE N?84",0.0,0.0
201400040362,26,5,14,12,1,92,49,2,3,2,6,VERDIER AVENUE AUTRES N?,0.0,0.0
201400040363,30,5,14,15,1,92,20,2,1,1,6,"184, PARIS AVENUE DE N?8",0.0,0.0
201400040364,1,6,14,17,1,92,20,2,1,1,3,"55, VANVES BOULEVARD N?",0.0,0.0
201400040365,3,6,14,16,1,92,49,2,1,1,6,"5, PERI RUE GABRIEL N?1",0.0,0.0
201400040366,5,6,14,21,2,92,49,2,2,1,3,REPUBLIQUE AVENUE DE LA,0.0,0.0
201400040367,6,6,14,7,1,92,49,2,1,1,3,"33, REPUBLIQUE AVENUE DE",0.0,0.0
201400040368,7,6,14,15,1,92,49,2,1,1,6,"84, REPUBLIQUE AVENUE DE",0.0,0.0
201400040369,8,6,14,0,5,92,49,2,1,1,2,JAURES PLACE JEAN,0.0,0.0
201400040370,12,6,14,9,1,92,20,2,2,1,3,VERDUN AVENUE DE AUTRES,0.0,0.0
201400040371,13,6,14,23,5,92,49,2,2,1,4,"59, BRIAND AVENUE ARISTI",0.0,0.0
201400040372,18,6,14,19,1,92,49,2,1,1,3,"49, REPUBLIQUE AVENUE DE",0.0,0.0
201400040373,19,6,14,14,1,92,49,2,1,1,6,"57, BROSSOLETTE AVENUE P",0.0,0.0
201400040374,20,6,14,21,5,92,20,2,3,1,2,ESTIENNE D'ORVES RUE D',0.0,0.0
201400040375,26,6,14,8,1,92,49,2,1,1,7,"10, PERI RUE GABRIEL N?1",0.0,0.0
201400040376,26,6,14,18,1,92,20,2,1,1,6,"72, BROSSOLETTE RUE PIER",0.0,0.0
201400040377,26,6,14,22,5,92,49,2,1,1,7,"204, DORMOY AVENUE MARX",0.0,0.0
201400040378,29,6,14,15,1,92,49,2,1,1,2,BRIAND AVENUE ARISTIDE A,0.0,0.0
201400040379,30,6,14,18,1,92,49,2,1,1,3,"41, REPUBLIQUE AVENUE DE",0.0,0.0
201400040380,3,7,14,8,1,92,49,2,1,1,3,"50, JAURES AV. JEAN N?1",0.0,0.0
201400040381,3,7,14,12,1,92,49,2,1,1,6,"37, MULIN RUE HIPPOLYTE",0.0,0.0
201400040382,3,7,14,19,1,92,49,2,3,1,3,"138, DORMOY AVENUE MARX",0.0,0.0
201400040383,7,7,14,19,1,92,49,2,1,2,6,"22, BARBES RUE",0.0,0.0
201400040384,10,7,14,3,5,92,49,2,6,2,6,JAURES PLACE JEAN,0.0,0.0
201400040385,10,7,14,8,1,92,49,2,6,1,6,JAURES PLACE JEAN,0.0,0.0
201400040386,10,7,14,8,1,92,20,2,1,3,3,"166, REPUBLIQUE AV. AUTR",0.0,0.0
201400040387,16,7,14,10,1,92,20,2,1,1,6,"130, LIBERTE BOULEVARD D",0.0,0.0
201400040388,16,7,14,12,1,92,20,2,7,1,2,"62, VERDUN AVENUE DE AUT",0.0,0.0
201400040389,16,7,14,19,1,92,49,2,1,1,2,"72, PERI RUE GABRIEL N?3",0.0,0.0
201400040390,18,7,14,16,1,92,49,1,1,1,6,"68, REPUBLIQUE AVENUE DE",0.0,0.0
201400040391,24,7,14,6,1,92,20,2,1,1,6,"185, REPUBLIQUE AV. AUTR",0.0,0.0
201400040392,25,7,14,6,1,92,20,2,1,1,1,"142, VERDUN AVENUE DE AU",0.0,0.0
201400040393,28,7,14,8,1,92,20,2,6,1,6,DIVISION LECLERC AVENUE,0.0,0.0
201400040394,30,7,14,12,1,92,49,2,2,1,1,"28, CARVES RUE",0.0,0.0
201400040395,1,8,14,20,1,92,49,2,1,1,7,"123, BROSSOLETTE AVENUE",0.0,0.0
201400040396,3,8,14,13,1,92,20,2,1,1,6,"102, PARIS AVENUE DE N?8",0.0,0.0
201400040397,4,8,14,19,1,92,20,2,2,1,6,"16, TIMBAUD RUE JEAN-PIE",0.0,0.0
201400040398,8,8,14,9,1,92,49,2,1,2,6,"93, REPUBLIQUE AVENUE DE",0.0,0.0
201400040399,11,8,14,18,1,92,20,2,1,2,6,"1, EXUPERY AVENUE SAINT",0.0,0.0
201400040400,21,8,14,7,1,92,49,2,4,1,6,ETATS UNIS PLACE DES,0.0,0.0
201400040401,2,9,14,9,1,92,20,2,1,1,6,"60, PARIS AVENUE DE N?2",0.0,0.0
201400040402,4,9,14,17,1,92,49,2,3,1,1,MULIN RUE HIPPOLYTE,0.0,0.0
201400040403,6,9,14,17,1,92,20,2,2,1,3,"168, PAIX AVENUE DE LA",0.0,0.0
201400040404,8,9,14,12,1,92,49,2,2,1,3,VANNE RUE DE LA,0.0,0.0
201400040405,10,9,14,18,1,92,20,2,2,1,6,"2, VANVES BOULEVARD N? I",0.0,0.0
201400040406,12,9,14,7,1,92,49,2,2,1,3,BROSSOLETTE AVENUE PIERR,0.0,0.0
201400040407,20,9,14,15,1,92,49,2,2,1,3,"79, BROSSOLETTE AVENUE P",0.0,0.0
201400040408,26,9,14,16,1,92,20,2,3,1,6,"8, BAGNEUX RUE DE",0.0,0.0