Num_Acc,jour,mois,an,hr,condition_eclairage,departement,commune,condition_agglomeration,intersection,condition_atmosphere,type_collision,adresse,lattitude,longitude
201400040409,27,9,14,13,1,92,49,2,2,1,3,BROSSOLETTE AVENUE PIERR,0.0,0.0
201400040410,7,10,14,6,5,92,49,2,1,2,3,"6, PERI RUE GABRIEL N?1",0.0,0.0
201400040411,8,10,14,9,1,92,20,2,3,3,6,"8, BAGNEUX RUE DE",0.0,0.0
201400040412,8,10,14,14,1,92,20,2,2,1,3,PARIS AVENUE DE N? IMPAI,0.0,0.0
201400040413,8,10,14,18,1,92,49,2,2,2,3,GINOUX AVENUE HENRI AUTR,0.0,0.0
201400040414,11,10,14,16,1,92,20,2,1,1,6,"10, LIBERTE BOULEVARD DE",0.0,0.0
201400040415,13,10,14,11,1,92,20,2,1,1,3,"55, PARIS AVENUE DE N? I",0.0,0.0
201400040416,18,10,14,12,1,92,49,2,1,1,3,GINOUX AVENUE HENRI AUTR,0.0,0.0
201400040417,20,10,14,8,1,92,20,2,2,1,6,"58, DEFORGES RUE ETIENNE",0.0,0.0
201400040418,21,10,14,6,5,92,49,2,2,1,1,BROSSOLETTE AVENUE PIERR,0.0,0.0
201400040419,21,10,14,9,1,92,49,2,1,1,6,"9 BIS, PERIER RUE N?1 A",0.0,0.0
201400040420,23,10,14,18,2,92,49,2,2,1,2,BARBES RUE,0.0,0.0
201400040421,28,10,14,9,1,92,49,2,1,1,7,"181, BROSSOLETTE AVENUE",0.0,0.0
201400040422,29,10,14,8,1,92,20,2,1,1,6,"103, PARIS AVENUE DE N?8",0.0,0.0
201400040423,30,10,14,10,1,92,49,2,1,1,7,"45, VANNE RUE DE LA",0.0,0.0
201400040424,3,11,14,8,1,92,49,2,1,8,3,"106, JAURES AVENUE JEAN",0.0,0.0
201400040425,4,11,14,8,1,92,20,2,1,1,3,"39, LOUVEAU RUE",0.0,0.0
201400040426,9,11,14,13,1,92,49,2,1,1,3,"107, ARNOUX AVENUE MAURI",0.0,0.0
201400040427,11,11,14,12,1,92,20,2,2,1,2,"35, PERRIERE AVENUE CLEM",0.0,0.0
201400040428,14,11,14,19,2,92,49,2,2,1,7,GINOUX AVENUE HENRI AUTR,0.0,0.0
201400040429,15,11,14,14,1,92,49,2,1,1,2,"103, DORMOY AVENUE MARX",0.0,0.0
201400040430,16,11,14,13,1,92,49,2,1,2,6,"1, HUGO RUE VICTOR N?1 A",0.0,0.0
201400040431,17,11,14,21,5,92,49,2,1,2,3,"43, REPUBLIQUE AVENUE DE",0.0,0.0
201400040432,18,11,14,8,1,92,49,2,1,2,6,"5, DE GAULLE BLD DU GENE",0.0,0.0
201400040433,18,11,14,19,5,92,49,2,1,2,3,"212, DORMOY AVENUE MARX",0.0,0.0
201400040434,22,11,14,14,1,92,49,2,2,1,3,BROSSOLETTE AVENUE PIERR,0.0,0.0
201400040435,23,11,14,18,5,92,20,2,2,1,6,"23, LIBERTE BOULEVARD DE",0.0,0.0
201400040436,23,11,14,20,5,92,20,2,1,1,2,"38, VANVES BOULEVARD DE",0.0,0.0
201400040437,24,11,14,9,1,92,49,2,1,2,2,"11, PELLETAN RUE CAMILLE",0.0,0.0
201400040438,27,11,14,8,1,92,49,2,1,1,6,"56, PERI RUE GABRIEL N?3",0.0,0.0
201400040439,27,11,14,19,5,92,20,2,1,1,3,"112, REPUBLIQUE AV. N?27",0.0,0.0
201400040440,29,11,14,17,2,92,20,2,1,1,6,"3, STALINGRAD BOULEVARD",0.0,0.0
201400040441,4,12,14,9,1,92,20,2,1,8,6,"85, VERDUN AVENUE DE AUT",0.0,0.0
201400040442,4,12,14,14,1,92,20,2,1,8,1,"60, DEFORGES RUE ETIENNE",0.0,0.0
201400040443,4,12,14,17,5,92,49,2,1,1,6,"38, BRIAND AVENUE ARISTI",0.0,0.0
201400040444,4,12,14,18,5,92,49,2,1,1,6,"79, BROSSOLETTE AVENUE P",0.0,0.0
201400040445,5,12,14,15,1,92,20,2,1,1,6,"45, VERDUN AVENUE DE N?1",0.0,0.0
201400040446,11,12,14,18,5,92,20,2,1,1,6,"52, VERDUN AVENUE DE AUT",0.0,0.0
201400040447,11,12,14,19,5,92,49,2,1,1,6,"177, BROSSOLETTE AVENUE",0.0,0.0
201400040448,12,12,14,14,1,92,20,2,1,1,6,"117, VANVES BOULEVARD N?",0.0,0.0
201400040449,15,12,14,14,5,92,20,2,1,2,6,"103, PARIS AVENUE DE N?",0.0,0.0
201400040450,23,12,14,10,1,92,20,2,1,2,6,"217-221, BROSSOLETTE RUE",0.0,0.0
201400040451,24,12,14,8,1,92,20,2,4,3,6,FAURE BLD FELIX N?1 A 35,0.0,0.0
201400040452,22,12,14,23,5,92,49,2,2,1,6,ARNOUX AVENUE MAURICE AU,0.0,0.0
201400040453,30,12,14,12,1,92,20,2,6,1,6,"144, REPUBLIQUE AV. N?27",0.0,0.0
201400040454,11,3,14,4,1,92,20,2,1,1,6,98 RUE HENRI GINOUX,0.0,0.0
201400040455,6,1,14,10,1,92,50,2,1,8,6,ALLENDE SALVADOR RUE,0.0,0.0
201400040456,7,1,14,12,1,92,50,2,1,9,3,"28, AGGLOMERES RUE DES",0.0,0.0
201400040457,13,1,14,8,1,92,50,2,1,8,2,FRACHON BENOIT AVENUE,0.0,0.0
201400040458,10,1,14,13,1,92,50,2,1,8,1,"65, PICASSO PABLO AVENUE",0.0,0.0
201400040459,20,1,14,13,1,92,50,2,1,2,4,"387, REPUBLIQUE AVENUE D",0.0,0.0
201400040460,21,1,14,8,1,92,50,2,4,8,6,"125, CLEMENCEAU GEORGES",0.0,0.0
201400040461,29,1,14,12,1,92,50,2,1,1,6,ARAGO FRANCOIS AVENUE,0.0,0.0
201400040462,6,2,14,19,5,92,50,2,1,1,4,"34, VAILLANT COUTURIER P",0.0,0.0
201400040463,7,2,14,18,2,92,50,2,1,1,3,CROIZAT AMBROISE MAIL,0.0,0.0
201400040464,7,2,14,12,1,92,50,2,3,1,3,PASCAL BLAISE BOULEVARD,0.0,0.0
201400040465,10,2,14,19,5,92,50,2,1,1,3,GARENNE RUE DE LA,0.0,0.0
201400040466,12,2,14,18,5,92,50,2,1,3,3,"55, PICASSO PABLO AVENUE",0.0,0.0
201400040467,20,2,14,11,1,92,50,2,2,2,7,"n?ant, STALINGRAD RUE DE",0.0,0.0
201400040468,20,2,14,20,5,92,50,2,2,1,3,THOREZ MAURICE RUE,0.0,0.0
201400040469,24,2,14,12,1,92,50,2,1,1,3,"54, CLEMENCEAU GEORGES A",0.0,0.0
201400040470,26,2,14,13,1,92,50,2,1,1,2,"33, PROVINCES FRANCAISES",0.0,0.0
201400040471,3,3,14,12,1,92,50,2,2,2,1,CLEMENCEAU GEORGES AVENU,0.0,0.0
201400040472,3,3,14,9,1,92,50,2,2,2,6,RASPAIL FRANCOIS-VINCENT,0.0,0.0
201400040473,6,3,14,10,1,92,50,2,1,7,6,FONTANOT RUE DES TROIS,0.0,0.0
201400040474,11,3,14,19,5,92,50,1,1,8,2,DEFENSE BOULEVARD DE LA,0.0,0.0
201400040475,13,3,14,20,5,92,50,2,3,9,1,BOILEAU RUE,0.0,0.0
201400040476,11,3,14,14,1,92,50,2,1,1,2,"154, VAILLANT COUTURIER",0.0,0.0
201400040477,14,3,14,13,1,92,50,2,3,1,3,"0000000000, RD 914",0.0,0.0
201400040478,17,3,14,0,5,92,50,2,2,1,3,PROVINCES FRANCAISES BD,0.0,0.0
201400040479,10,3,14,9,1,92,50,2,1,9,6,"379, REPUBLIQUE AVENUE D",0.0,0.0
201400040480,22,3,14,15,1,92,50,2,1,7,2,"20, LIBERTE AVENUE DE LA",0.0,0.0
201400040481,23,3,14,15,1,92,50,2,1,2,6,"14, JOFFRE MARECHAL AVEN",0.0,0.0
201400040482,26,3,14,6,2,92,50,2,2,8,6,"176, SURESNES RUE DE",0.0,0.0
201400040483,26,3,14,17,1,92,50,2,1,9,7,"97, LECLERC GENERAL AVEN",0.0,0.0
201400040484,26,3,14,19,2,92,50,2,1,9,2,"265, CLEMENCEAU GEORGES",0.0,0.0
201400040485,28,3,14,18,1,92,50,2,3,9,4,REPUBLIQUE AVENUE DE LA,0.0,0.0
201400040486,31,3,14,17,1,92,50,2,1,9,6,"272, CLEMENCEAU GEORGES",0.0,0.0
201400040487,1,4,14,16,1,92,50,2,1,9,2,"34, JOFFRE MARECHAL AVEN",0.0,0.0
201400040488,8,4,14,10,1,92,50,2,1,9,2,DEFENSE BOULEVARD DE LA,0.0,0.0
201400040489,11,4,14,15,1,92,50,2,1,1,6,"50, SARTROUVILLE RUE DE",0.0,0.0
201400040490,14,4,14,12,1,92,50,2,3,9,6,LAMARTINE RUE,0.0,0.0
201400040491,16,4,14,10,1,92,50,2,3,7,3,QUENTIN JULES AVENUE,0.0,0.0
201400040492,24,4,14,11,1,92,50,2,6,9,6,SAINT CLOUD RUE DE,0.0,0.0
201400040493,27,4,14,22,5,92,50,2,1,1,3,LENINE VLADIMIR ILITCH A,0.0,0.0
201400040494,30,4,14,11,1,92,50,2,1,9,7,ARAGO FRANCOIS AVENUE,0.0,0.0
201400040495,2,5,14,9,1,92,50,2,2,8,3,JOILIOT CURIE F. ET IREN,0.0,0.0
201400040496,3,5,14,15,1,92,50,2,1,2,3,"83, JOILIOT CURIE F. ET",0.0,0.0
201400040497,3,5,14,13,1,92,50,2,3,7,3,CLEMENCEAU GEORGES AVENU,0.0,0.0
201400040498,5,5,14,9,1,92,50,2,1,9,3,"47, HAVRE BOULEVARD DU",0.0,0.0
201400040499,6,5,14,14,1,92,50,2,2,9,6,GALLIENI GENERAL AVENUE,0.0,0.0
201400040500,9,5,14,21,5,92,50,2,1,1,3,JOLIOT CURIE F. ET IRENE,0.0,0.0
201400040501,9,5,14,9,1,92,50,2,2,9,5,PREMIER MAI RUE DU,0.0,0.0
201400040502,15,4,14,18,1,92,50,1,1,7,6,"0000000000,  Route Natio",0.0,0.0
201400040503,16,5,14,7,1,92,50,2,2,1,3,"neant, CHATOU ROUTE DE",0.0,0.0
201400040504,10,5,14,0,5,92,50,2,2,1,3,PLACE NELSON MANDELA,0.0,0.0
201400040505,11,5,14,1,5,92,50,2,1,9,7,A86 sortie,0.0,0.0
201400040506,14,5,14,17,1,92,50,2,3,9,3,LECUYER LOUIS RUE,0.0,0.0
201400040507,14,5,14,18,1,92,50,2,3,9,3,JOFFRE MARECHAL AVENUE D,0.0,0.0
201400040508,14,5,14,19,1,92,50,2,1,7,6,"21, PICASSO PABLO AVENUE",0.0,0.0
201400040509,15,5,14,17,1,92,50,2,1,9,1,"2, SORBIERS RUE DES",0.0,0.0
201400040510,16,5,14,16,1,92,50,2,3,7,3,JOILIOT CURIE F. ET IREN,0.0,0.0
201400040511,17,5,14,8,1,92,50,2,3,9,6,CROIX RUE DE LA,0.0,0.0
201400040512,18,5,14,13,1,92,50,2,1,9,3,DEFENSE BOULEVARD DE LA,0.0,0.0
201400040513,20,5,14,7,1,92,50,2,6,9,3,BOULE PLACE DE LA,0.0,0.0
201400040514,23,5,14,18,1,92,50,2,1,9,3,"40, SURESNES RUE DE",0.0,0.0
201400040515,27,5,14,15,1,92,50,2,1,9,6,"74, PICASSO PABLO AVENUE",0.0,0.0
201400040516,3,6,14,12,1,92,50,2,1,8,6,"154, CLEMENCEAU GEORGES",0.0,0.0
201400040517,6,6,14,9,1,92,50,2,6,9,2,"21, PICASSO PABLO AVENUE",0.0,0.0
201400040518,6,6,14,14,1,92,50,2,1,9,1,"49, PONS NOEL RUE",0.0,0.0
201400040519,6,6,14,17,1,92,50,2,1,9,3,"151, PICASSO PABLO AVENU",0.0,0.0
201400040520,21,6,14,12,1,92,50,2,1,1,3,"n?ant, HAVRE BOULEVARD D",0.0,0.0
201400040521,12,6,14,18,1,92,50,2,1,1,4,HAUTES PATURES RUE DES,0.0,0.0
201400040522,13,6,14,11,1,92,50,2,1,1,7,"9, GARCHES RUE DE",0.0,0.0
201400040523,14,6,14,15,1,92,50,2,1,1,6,"20, PAQUERETTES RUE DES",0.0,0.0
201400040524,24,6,14,14,1,92,50,2,1,1,6,"8, JOFFRE MARECHAL AVENU",0.0,0.0
201400040525,26,6,14,11,1,92,50,2,1,1,6,"334, REPUBLIQUE AVENUE D",0.0,0.0
201400040526,17,6,14,8,1,92,50,2,1,1,7,"47, CROIX RUE DE LA",0.0,0.0
201400040527,30,6,14,15,1,92,50,2,6,9,6,GAMBETTA RUE,0.0,0.0
201400040528,4,7,14,17,1,92,50,2,1,1,3,"47, JOFFRE MARECHAL AVEN",0.0,0.0
201400040529,9,7,14,19,1,92,50,1,1,3,3,"0000000000, RD 914",0.0,0.0
201400040530,11,7,14,15,1,92,50,2,1,1,2,"93, JOLIOT CURIE F. ET I",0.0,0.0
201400040531,15,7,14,15,1,92,50,2,3,8,1,"0000000000, JOFFRE MAREC",0.0,0.0
201400040532,21,7,14,19,1,92,50,2,1,1,2,"0000000000, FRACHON BENO",0.0,0.0
201400040533,18,7,14,9,1,92,50,2,1,1,2,"0000000000, FRACHON BENO",0.0,0.0
201400040534,18,7,14,14,1,92,50,2,3,1,3,SARTROUVILLE RUE DE,0.0,0.0
201400040535,18,7,14,14,1,92,50,2,3,1,7,"0000000000, BOULE PLACE",0.0,0.0
201400040536,22,7,14,17,1,92,50,2,1,1,2,BOULE PLACE DE LA,0.0,0.0
201400040537,24,7,14,1,5,92,50,2,1,9,6,"49, PONS NOEL RUE",0.0,0.0
201400040538,28,7,14,7,1,92,50,2,1,9,3,"67, LENINE VLADIMIR ILIT",0.0,0.0
201400040539,30,7,14,18,1,92,50,2,3,1,3,VAILLANT COUTURIER PAUL,0.0,0.0
201400040540,30,7,14,19,1,92,50,2,3,7,3,SURESNES RUE DE,0.0,0.0
201400040541,2,8,14,9,1,92,50,2,1,1,7,CLEMENCEAU GEORGES AVENU,0.0,0.0
201400040542,19,8,14,3,5,92,50,2,1,9,7,RD 914,0.0,0.0
201400040543,23,8,14,3,5,92,50,2,1,2,7,"22, LECLERC GENERAL AVEN",0.0,0.0
201400040544,28,8,14,13,1,92,50,2,1,1,2,FUSILLES DE LA RESISTANC,0.0,0.0
201400040545,11,8,14,20,1,92,50,2,1,9,2,"0000000000, PICASSO PABL",0.0,0.0
201400040546,3,9,14,14,1,92,50,2,2,9,3,SURESNES RUE DE,0.0,0.0
201400040547,15,9,14,17,1,92,50,2,1,9,1,"54, CHAMPS PIERREUX AVEN",0.0,0.0
201400040548,17,9,14,18,1,92,50,2,1,7,6,"182, CLEMENCEAU GEORGES",0.0,0.0
201400040549,19,9,14,11,1,92,50,2,1,1,6,"33, PROVINCES FRANCAISES",0.0,0.0
201400040550,19,9,14,10,1,92,50,2,1,1,2,"235, CLEMENCEAU GEORGES",0.0,0.0
201400040551,19,9,14,21,5,92,50,2,1,1,6,"190, REPUBLIQUE AVENUE D",0.0,0.0
201400040552,20,9,14,2,5,92,50,2,1,9,6,GARE RUE DE LA,0.0,0.0
201400040553,25,9,14,13,1,92,50,2,2,9,3,MUGUETS PLACE DES,0.0,0.0
201400040554,24,9,14,20,1,92,50,2,1,2,6,"77, STALINGRAD RUE DE",0.0,0.0
201400040555,2,10,14,14,1,92,50,2,4,1,3,", LEVANT BOULEVARD DU",0.0,0.0
201400040556,30,9,14,0,5,92,50,2,1,8,3,RD 914,0.0,0.0
201400040557,2,10,14,11,1,92,50,2,3,1,2,DEFENSE BOULEVARD DE LA,0.0,0.0
201400040558,2,10,14,15,1,92,50,2,1,2,7,BOUVETS BOULEVARD DES,0.0,0.0
201400040559,9,10,14,15,1,92,50,2,1,1,4,"85, JOLIOT CURIE F. ET I",0.0,0.0
201400040560,10,10,14,12,1,92,50,2,1,9,2,"93, LENINE VLADIMIR ILIT",0.0,0.0
201400040561,10,10,14,7,1,92,50,2,1,9,6,CLEMENCEAU GEORGES AVENU,0.0,0.0
201400040562,15,10,14,22,5,92,50,2,1,1,1,"13, UNION RUE DE L'",0.0,0.0
201400040563,19,10,14,13,1,92,50,2,3,9,2,"345, VAILLANT COUTURIER",0.0,0.0
201400040564,26,10,14,3,5,92,50,2,1,1,2,ARAGO FRANCOIS AVENUE,0.0,0.0
201400040565,26,10,14,17,1,92,50,2,3,9,3,STALINGRAD RUE DE,0.0,0.0
201400040566,28,10,14,16,1,92,50,2,1,9,6,"65, THOREZ MAURICE RUE",0.0,0.0
201400040567,29,10,14,9,1,92,50,2,3,8,6,"62, FONTANOT RUE DES TRO",0.0,0.0
201400040568,30,10,14,12,1,92,50,2,3,9,6,"81, JOFFRE MARECHAL AVEN",0.0,0.0
201400040569,31,10,14,17,2,92,50,2,1,1,2,CLEMENCEAU GEORGES AVENU,0.0,0.0
201400040570,29,10,14,9,1,92,50,2,1,2,1,"n?ant, BOUVETS BOULEVARD",0.0,0.0
201400040571,3,11,14,18,5,92,50,2,2,3,6,ARAGO FRANCOIS AVENUE,0.0,0.0
201400040572,30,10,14,15,1,92,50,2,1,1,1,"1, PONS NOEL RUE",0.0,0.0
201400040573,4,11,14,19,5,92,50,2,1,9,3,"22 A, SADI CARNOT RUE",0.0,0.0
201400040574,27,9,14,21,5,92,50,2,1,9,7,"neant, JOFFRE MARECHAL A",0.0,0.0
201400040575,11,9,14,1,1,92,50,2,1,1,2,"n?ant, BAILLET JEAN RUE",0.0,0.0
201400040576,12,11,14,19,5,92,50,2,4,9,6,"379, REPUBLIQUE AVENUE D",0.0,0.0
201400040577,17,9,14,19,2,92,50,2,1,1,3,"77, PICASSO PABLO AVENUE",0.0,0.0
201400040578,17,11,14,18,5,92,50,2,2,2,6,"NEANT, CLEMENCEAU GEORGE",0.0,0.0
201400040579,18,11,14,18,5,92,50,2,1,2,3,"38, JOFFRE MARECHAL AVEN",0.0,0.0
201400040580,29,10,14,20,5,92,50,2,1,1,1,"NEANT, VAILLANT COUTURIE",0.0,0.0
201400040581,20,11,14,17,5,92,50,2,2,2,6,SEINE BOULEVARD DE,0.0,0.0
201400040582,22,11,14,22,5,92,50,2,3,1,2,", PROVINCES FRANCAISES B",0.0,0.0
201400040583,30,11,14,19,5,92,50,2,3,2,7,PONS NOEL RUE,0.0,0.0
201400040584,28,11,14,8,1,92,50,2,3,9,3,"88, CLEMENCEAU GEORGES A",0.0,0.0
201400040585,28,11,14,18,5,92,50,2,1,9,6,"22, STALINGRAD RUE DE",0.0,0.0
201400040586,1,12,14,22,5,92,50,2,6,2,3,BOULE PLACE DE LA,0.0,0.0
201400040587,17,10,14,14,1,92,50,2,1,9,2,"45, NEUILLY RUE DE",0.0,0.0
201400040588,2,12,14,14,1,92,50,2,1,9,6,STALINGRAD RUE DE,0.0,0.0
201400040589,9,12,14,11,1,92,50,2,6,1,6,SAINT CLOUD RUE DE,0.0,0.0
201400040590,9,12,14,17,5,92,50,2,1,1,3,"16, LAVOISIER RUE",0.0,0.0
201400040591,16,12,14,9,1,92,50,2,1,8,3,GARCHES RUE DE,0.0,0.0
201400040592,11,12,14,14,1,92,50,2,3,8,6,ANCIENNES MAIRIES RUE DE,0.0,0.0
201400040593,17,12,14,4,5,92,50,2,1,3,6,boulevard Aim? C?saire,0.0,0.0
201400040594,15,12,14,12,1,92,50,2,2,1,2,HAVRE BOULEVARD DU,0.0,0.0
201400040595,10,12,14,13,1,92,50,2,2,1,1,PONS NOEL RUE,0.0,0.0
201400040596,24,12,14,14,1,92,50,2,1,1,1,"60, BARBUSSE HENRI RUE",0.0,0.0
201400040597,31,12,14,19,5,92,50,2,1,1,6,"215, CLEMENCEAU GEORGES",0.0,0.0
201400040598,6,1,14,8,1,92,51,2,1,1,3,"101, LONGCHAMP (RUE DE)",0.0,0.0
201400040599,7,1,14,16,1,92,51,2,1,1,4,"70, MAURICE BARRES (BOUL",0.0,0.0
201400040600,8,1,14,14,1,92,51,2,2,1,3,"135, ACHILLE PERETTI (AV",0.0,0.0
201400040601,28,2,14,9,1,92,51,2,1,1,2,"26, GARNIER (RUE)",0.0,0.0
201400040602,11,12,14,14,1,92,51,2,1,1,2,"127, CHARLES DE GAULLE (",0.0,0.0
201400040603,13,12,14,16,1,92,51,2,1,2,2,"133, CHARLES DE GAULLE (",0.0,0.0
201400040604,17,1,14,20,5,92,51,2,1,1,6,"03, GENERAL KOENIG (BOUL",0.0,0.0
201400040605,18,1,14,16,1,92,51,2,1,1,6,"168, CHARLES DE GAULLE (",0.0,0.0
201400040606,19,1,14,19,5,92,51,2,1,1,6,"136 bis, CHARLES DE GAUL",0.0,0.0
201400040607,15,1,14,9,1,92,51,2,2,1,7,"81, BINEAU (BOULEVARD, N",0.0,0.0
201400040608,3,2,14,12,1,92,51,2,1,1,6,"159, CHARLES DE GAULLE (",0.0,0.0
201400040609,2,2,14,14,1,92,51,2,1,1,6,"16bis, SOYER (RUE)",0.0,0.0
201400040610,3,2,14,14,1,92,51,2,1,1,2,"58, CHARLES DE GAULLE (A",0.0,0.0
201400040611,4,2,14,11,1,92,51,2,2,1,3,"BINEAU (BOULEVARD, N?53",0.0,0.0
201400040612,7,2,14,12,1,92,51,2,1,1,6,"27, VICTOR HUGO (BOULEVA",0.0,0.0
201400040613,10,2,14,17,1,92,51,2,1,1,6,"96, GENERAL KOENIG (BOUL",0.0,0.0
201400040614,28,1,14,17,2,92,51,2,1,2,6,"56, ROULE (AVENUE DU, N?",0.0,0.0
201400040615,11,2,14,18,2,92,51,2,1,2,6,"96 bis, ACHILLE PERETTI",0.0,0.0
201400040616,12,2,14,17,2,92,51,2,1,3,2,"207, ACHILLE PERETTI (AV",0.0,0.0
201400040617,9,2,14,20,5,92,51,2,1,8,6,"42, ROULE (AVENUE DU, N?",0.0,0.0
201400040618,10,2,14,10,1,92,51,2,1,1,7,"42, ROULE (AVENUE DU, N?",0.0,0.0
201400040619,14,2,14,17,2,92,51,2,2,1,6,"16 bis, MADRID (AVENUE D",0.0,0.0
201400040620,24,2,14,9,1,92,51,2,2,1,6,"15, JEAN MERMOZ (BOULEVA",0.0,0.0
201400040621,22,2,14,17,1,92,51,2,1,1,3,"07, MADRID (AVENUE DE)",0.0,0.0
201400040622,28,2,14,16,1,92,51,2,1,2,2,"21, RICHARD WALLACE (BOU",0.0,0.0
201400040623,4,3,14,8,1,92,51,2,2,1,6,"41, VICTOR HUGO (BOULEVA",0.0,0.0
201400040624,5,3,14,9,1,92,51,2,2,1,3,"81, BINEAU (BOULEVARD, N",0.0,0.0
201400040625,6,3,14,13,1,92,51,2,2,1,6,"71, ROULE (AVENUE DU, N?",0.0,0.0
201400040626,8,3,14,15,1,92,51,2,1,1,6,"135, CHARLES DE GAULLE (",0.0,0.0
201400040627,5,2,14,13,1,92,51,2,2,1,3,"191, ACHILLE PERETTI (AV",0.0,0.0
201400040628,10,3,14,9,1,92,51,2,1,1,7,"40, ARGENSON (BOULEVARD,",0.0,0.0
201400040629,11,3,14,13,1,92,51,2,1,1,3,"12, MADRID (AVENUE DE)",0.0,0.0
201400040630,11,3,14,15,1,92,51,2,1,1,3,"75, JACQUES DULUD (RUE)",0.0,0.0
201400040631,25,4,14,7,2,92,51,2,1,3,6,"65, CHATEAU (BOULEVARD D",0.0,0.0
201400040632,18,3,14,9,1,92,51,2,1,1,3,"29-31, CHARLES DE GAULLE",0.0,0.0
201400040633,21,3,14,16,1,92,51,2,1,1,1,"27, VICTOR HUGO (BOULEVA",0.0,0.0
201400040634,25,3,14,10,1,92,51,2,1,2,1,"70, MAURICE BARRES (BOUL",0.0,0.0
201400040635,1,4,14,10,1,92,51,2,6,1,3,"86, ROULE (AVENUE DU, N?",0.0,0.0
201400040636,1,4,14,12,1,92,51,2,1,1,6,"43, ARGENSON (BOULEVARD,",0.0,0.0
201400040637,2,4,14,20,5,92,51,2,1,1,2,"92, ROULE (AVENUE DU, N?",0.0,0.0
201400040638,5,4,14,15,1,92,51,2,1,1,2,"47, CHARLES DE GAULLE (A",0.0,0.0
201400040639,5,4,14,15,1,92,51,2,6,1,1,"7, SAUSSAYE (BOULEVARD D",0.0,0.0
201400040640,1,4,14,19,1,92,51,2,1,1,7,"44, CHARLES DE GAULLE (A",0.0,0.0
201400040641,9,4,14,10,1,92,51,2,1,1,6,"48, CHARLES DE GAULLE (A",0.0,0.0
201400040642,14,4,14,19,1,92,51,2,2,1,3,"13, INKERMANN (BOULEVARD",0.0,0.0
201400040643,22,4,14,20,2,92,51,2,1,1,6,"45bis, COMMANDANT CHARCO",0.0,0.0
201400040644,26,4,14,1,5,92,51,2,1,1,6,"79, GENERAL KOENIG (BOUL",0.0,0.0
201400040645,26,4,14,2,5,92,51,2,1,1,1,"60, CHARLES DE GAULLE (A",0.0,0.0
201400040646,18,3,14,14,1,92,51,2,1,1,6,"04, CHATEAU (BOULEVARD D",0.0,0.0
201400040647,7,4,14,23,5,92,51,1,3,1,3,"68, ROULE (AVENUE DU, N?",0.0,0.0
201400040648,5,4,14,20,5,92,51,2,1,1,6,"113, GENERAL KOENIG (BOU",0.0,0.0
201400040649,9,5,14,22,2,92,51,2,1,1,2,"112, CHARLES DE GAULLE (",0.0,0.0
201400040650,15,5,14,14,1,92,51,2,1,1,2,"17, RICHARD WALLACE (BOU",0.0,0.0
201400040651,15,5,14,15,1,92,51,2,2,1,6,"15, ACHILLE PERETTI (AVE",0.0,0.0
201400040652,16,5,14,9,1,92,51,2,5,1,6,"54, BINEAU (BOULEVARD, N",0.0,0.0
201400040653,21,5,14,9,1,92,51,2,2,2,3,"55, VICTOR HUGO (BOULEVA",0.0,0.0
201400040654,25,5,14,1,5,92,51,2,2,2,7,"42, CHATEAU (BOULEVARD D",0.0,0.0
201400040655,27,5,14,18,1,92,51,2,3,1,3,"16, GENERAL LECLERC (BOU",0.0,0.0
201400040656,29,5,14,14,1,92,51,2,1,1,6,"36, CHARLES DE GAULLE (A",0.0,0.0
201400040657,4,6,14,10,1,92,51,2,2,2,3,"5, RICHARD WALLACE (BOUL",0.0,0.0
201400040658,17,4,14,22,5,92,51,2,1,1,7,"8bis, JULIEN POTIN (BOUL",0.0,0.0
201400040659,17,5,14,18,1,92,51,2,1,1,6,"13, VICTOR HUGO (BOULEVA",0.0,0.0
201400040660,11,6,14,9,1,92,51,2,1,1,6,"62 bis, CHARLES DE GAULL",0.0,0.0
201400040661,14,5,14,12,1,92,51,2,3,1,6,"5, RICHARD WALLACE (BOUL",0.0,0.0
201400040662,13,6,14,15,1,92,51,2,1,1,2,"45, GENERAL LECLERC (BOU",0.0,0.0
201400040663,14,6,14,12,1,92,51,2,1,1,6,"12 bis, SOYER (RUE)",0.0,0.0
201400040664,16,6,14,14,1,92,51,2,1,1,2,"106, ACHILLE PERETTI (AV",0.0,0.0
201400040665,6,6,14,22,5,92,51,2,2,1,3,"59, PERRONET (RUE, N?1 A",0.0,0.0
201400040666,17,6,14,9,1,92,51,2,3,1,3,"200, BINEAU (BOULEVARD,",0.0,0.0
201400040667,17,6,14,16,1,92,51,2,2,1,6,"33, ARGENSON (BOULEVARD,",0.0,0.0
201400040668,20,6,14,10,1,92,51,2,1,1,4,"81, CHARLES DE GAULLE (A",0.0,0.0
201400040669,20,6,14,18,1,92,51,2,1,1,6,"17, RICHARD WALLACE (BOU",0.0,0.0
201400040670,6,6,14,13,1,92,51,2,1,1,7,"73, CHARLES DE GAULLE (A",0.0,0.0
201400040671,19,6,14,12,1,92,51,2,1,1,6,"91, CHARLES DE GAULLE (A",0.0,0.0
201400040672,15,6,14,0,5,92,51,2,1,1,7,"46 bis, CHARLES DE GAULL",0.0,0.0
201400040673,23,6,14,13,1,92,51,2,1,1,2,"50, CHARLES DE GAULLE (A",0.0,0.0
201400040674,22,6,14,22,2,92,51,2,1,1,6,"158, CHARLES DE GAULLE (",0.0,0.0
201400040675,23,6,14,20,1,92,51,2,1,1,6,"24, CHARTRES (RUE DE )",0.0,0.0
201400040676,26,6,14,9,1,92,51,2,1,1,3,"189, BINEAU (BOULEVARD,",0.0,0.0
201400040677,12,6,14,17,1,92,51,2,1,1,6,"16, HUISSIERS (RUE DES)",0.0,0.0
201400040678,1,7,14,20,1,92,51,2,2,7,6,"22, ANCELLE (RUE)",0.0,0.0
201400040679,3,7,14,9,1,92,51,2,1,1,6,"41, GENERAL LECLERC (BOU",0.0,0.0
201400040680,3,7,14,20,1,92,51,2,1,1,6,"83, LONGCHAMP (RUE DE)",0.0,0.0
201400040681,4,7,14,18,1,92,51,2,1,8,2,"61, CHARLES DE GAULLE (A",0.0,0.0