Num_Acc,jour,mois,an,hr,condition_eclairage,departement,commune,condition_agglomeration,intersection,condition_atmosphere,type_collision,adresse,lattitude,longitude
201400040682,4,7,14,9,1,92,51,2,1,1,3,"52, PERRONET (RUE, N?1 A",0.0,0.0
201400040683,14,7,14,9,1,92,51,2,1,8,3,"5, RICHARD WALLACE (BOUL",0.0,0.0
201400040684,17,7,14,16,1,92,51,2,1,1,3,"3, RICHARD WALLACE (BOUL",0.0,0.0
201400040685,18,7,14,11,1,92,51,2,3,1,6,"2, HOTEL DE VILLE (RUE D",0.0,0.0
201400040686,21,7,14,12,1,92,51,2,3,1,3,"03, RICHARD WALLACE (BOU",0.0,0.0
201400040687,19,6,14,18,1,92,51,2,1,1,5,"50, CHARLES DE GAULLE (A",0.0,0.0
201400040688,27,7,14,10,1,92,51,2,3,1,3,"1, MARINE (RUE DE LA)",0.0,0.0
201400040689,30,7,14,18,1,92,51,2,1,1,2,"57, CHARLES DE GAULLE (A",0.0,0.0
201400040690,16,3,14,3,5,92,51,2,1,1,5,"44, CHARLES DE GAULLE (A",0.0,0.0
201400040691,30,7,14,19,1,92,51,2,2,1,2,"54, INKERMANN (BOULEVARD",0.0,0.0
201400040692,7,7,14,7,1,92,51,2,1,1,3,"113, CHARLES DE GAULLE (",0.0,0.0
201400040693,8,8,14,11,1,92,51,2,2,2,3,"81, BINEAU (BOULEVARD, N",0.0,0.0
201400040694,9,8,14,17,1,92,51,2,3,1,6,"75, GENERAL KOENIG (BOUL",0.0,0.0
201400040695,10,8,14,12,1,92,51,2,1,1,6,"18, MARCHE (PLACE DU)",0.0,0.0
201400040696,27,8,14,14,1,92,51,2,3,1,3,"135, ACHILLE PERETTI (AV",0.0,0.0
201400040697,3,9,14,12,1,92,51,2,1,1,6,"6, SOYER (RUE)",0.0,0.0
201400040698,17,9,14,16,1,92,51,2,1,1,3,"92, BINEAU (BOULEVARD, N",0.0,0.0
201400040699,18,9,14,8,1,92,51,2,1,1,2,"BINEAU (BOULEVARD, N?133",0.0,0.0
201400040700,25,9,14,17,1,92,51,2,1,1,3,"11bis, MADRID (AVENUE DE",0.0,0.0
201400040701,23,9,14,13,1,92,51,2,1,1,6,"166, ACHILLE PERETTI (AV",0.0,0.0
201400040702,29,9,14,14,1,92,51,2,1,1,7,"62, GENERAL LECLERC (BOU",0.0,0.0
201400040703,6,10,14,22,5,92,51,2,6,2,6,"57, ROULE (AVENUE DU, N?",0.0,0.0
201400040704,7,10,14,9,1,92,51,2,1,1,6,"05, RICHARD WALLACE (BOU",0.0,0.0
201400040705,8,10,14,12,1,92,51,2,1,8,6,"114, BINEAU (BOULEVARD,",0.0,0.0
201400040706,12,10,14,20,5,92,51,2,1,2,7,"7, GARNIER (RUE)",0.0,0.0
201400040707,14,10,14,10,1,92,51,2,1,1,3,"25, VICTOR HUGO (BOULEVA",0.0,0.0
201400040708,15,10,14,8,1,92,51,2,1,1,6,"46bis, CHARLES DE GAULLE",0.0,0.0
201400040709,15,10,14,16,1,92,51,2,1,2,3,"61, VICTOR HUGO (BOULEVA",0.0,0.0
201400040710,15,10,14,17,1,92,51,2,1,1,6,"54, CHARLES DE GAULLE (A",0.0,0.0
201400040711,16,10,14,8,1,92,51,2,1,1,6,"94 bis, LONGCHAMP (RUE D",0.0,0.0
201400040712,16,10,14,16,1,92,51,2,9,1,7,SAUSSAYE (RUE DE LA),0.0,0.0
201400040713,17,10,14,21,5,92,51,2,2,1,5,"36, VICTOR HUGO (BOULEVA",0.0,0.0
201400040714,18,10,14,12,1,92,51,2,1,1,3,"11BIS, MADRID (AVENUE DE",0.0,0.0
201400040715,19,10,14,4,5,92,51,2,1,1,6,"120, BINEAU (BOULEVARD,",0.0,0.0
201400040716,18,10,14,13,1,92,51,2,2,1,7,"BINEAU (BOULEVARD, N?133",0.0,0.0
201400040717,21,10,14,10,1,92,51,2,1,1,3,"73, COMMANDANT CHARCOT (",0.0,0.0
201400040718,24,10,14,17,2,92,51,2,1,2,6,"41, VILLIERS (RUE DE, N?",0.0,0.0
201400040719,29,10,14,18,5,92,51,2,1,1,6,"28, PARMENTIER (RUE)",0.0,0.0
201400040720,30,10,14,9,1,92,51,2,3,1,3,"136, CHARLES DE GAULLE (",0.0,0.0
201400040721,2,11,14,9,1,92,51,2,3,1,3,"105, ACHILLE PERETTI (AV",0.0,0.0
201400040722,27,10,14,10,1,92,51,2,1,1,7,"5, JACQUES DULUD (RUE)",0.0,0.0
201400040723,5,11,14,20,5,92,51,2,1,1,2,"42, GENERAL KOENIG (BOUL",0.0,0.0
201400040724,9,11,14,15,1,92,51,2,6,1,3,"ARGENSON (BOULEVARD, N?",0.0,0.0
201400040725,21,11,14,8,1,92,51,2,1,1,2,"112, CHARLES DE GAULLE (",0.0,0.0
201400040726,17,11,14,10,1,92,51,2,1,1,3,"156, BINEAU (BOULEVARD,",0.0,0.0
201400040727,26,11,14,10,1,92,51,2,1,1,6,"09bis, RICHARD WALLACE (",0.0,0.0
201400040728,29,11,14,18,2,92,51,2,1,1,1,"36, GENERAL LECLERC (BOU",0.0,0.0
201400040729,29,11,14,13,1,92,51,2,2,1,7,"BINEAU (BOULEVARD, N?133",0.0,0.0
201400040730,2,12,14,17,5,92,51,2,1,8,2,"204, BINEAU (BOULEVARD,",0.0,0.0
201400040731,3,12,14,15,1,92,51,2,3,1,5,"103, ROULE (AVENUE DU, N",0.0,0.0
201400040732,18,11,14,20,5,92,51,2,6,8,2,"166, CHARLES DE GAULLE (",0.0,0.0
201400040733,12,12,14,19,5,92,51,2,3,2,6,"10, JEAN MERMOZ (BOULEVA",0.0,0.0
201400040734,17,12,14,23,5,92,51,2,2,2,7,"182, BINEAU (BOULEVARD,",0.0,0.0
201400040735,19,12,14,9,1,92,51,2,1,1,3,"12, GARNIER (RUE)",0.0,0.0
201400040736,16,12,14,23,5,92,51,2,2,1,3,RICHARD WALLACE (BOULEVA,0.0,0.0
201400040737,23,12,14,13,1,92,51,2,2,1,6,"22, JEAN MERMOZ (BOULEVA",0.0,0.0
201400040738,31,12,14,8,1,92,51,2,2,1,6,CHATEAU (BOULEVARD DU),0.0,0.0
201400040739,12,1,14,13,1,92,62,2,3,8,3,"1, BERGERES RD-PT DES) D",0.0,0.0
201400040740,13,1,14,8,1,92,62,2,3,8,6,"61, JAURES (RUE JEAN) DU",0.0,0.0
201400040741,14,1,14,9,1,92,62,2,1,8,3,"27, DE DION BOUTON (QUAI",0.0,0.0
201400040742,15,1,14,15,1,92,62,2,1,1,6,"33, VOLTAIRE (RUE)",0.0,0.0
201400040743,25,1,14,17,2,92,62,2,1,1,6,"31-33, WALLACE (BD RICHA",0.0,0.0
201400040744,28,1,14,15,1,92,62,1,3,1,2,"67, DE DION BOUTON (QUAI",0.0,0.0
201400040745,9,2,14,23,5,92,62,2,3,1,1,"2, BAS-ROGERS (RUE DES)",0.0,0.0
201400040746,12,2,14,17,5,92,62,2,1,3,6,"145 bis, REPUBLIQUE (RUE",0.0,0.0
201400040747,19,2,14,14,1,92,62,2,1,1,6,"14, all?e henri sellier",0.0,0.0
201400040748,19,2,14,9,1,92,62,2,1,8,6,"60, GENERAL DE GAULLE (A",0.0,0.0
201400040749,18,2,14,8,5,92,62,2,1,2,6,"70, DE DION BOUTON (QUAI",0.0,0.0
201400040750,7,3,14,17,1,92,62,2,3,1,6,"53, WALLACE (BD RICHARD)",0.0,0.0
201400040751,26,3,14,12,1,92,62,2,7,1,6,"106, BERGERES RD-PT DES)",0.0,0.0
201400040752,5,4,14,9,1,92,62,2,3,1,6,"17, WALLACE (BD RICHARD)",0.0,0.0
201400040753,5,4,14,15,1,92,62,2,3,1,2,"24, DE DION BOUTON (QUAI",0.0,0.0
201400040754,12,4,14,17,1,92,62,2,3,1,6,"66, WALLACE (BD RICHARD)",0.0,0.0
201400040755,25,4,14,8,1,92,62,2,1,3,3,"31-32, DE DION BOUTON (Q",0.0,0.0
201400040756,17,5,14,17,1,92,62,2,1,1,6,"24, BERT (RUE PAUL)",0.0,0.0
201400040757,3,6,14,11,1,92,62,2,1,1,6,"59, DE DION BOUTON (QUAI",0.0,0.0
201400040758,15,6,14,10,1,92,62,2,3,1,6,CHANTE COQ (RUE),0.0,0.0
201400040759,18,6,14,17,1,92,62,2,1,1,6,"161, REPUBLIQUE (RUE DE",0.0,0.0
201400040760,25,6,14,0,5,92,62,2,3,1,3,"39, SAULNIER (RUE) DU 11",0.0,0.0
201400040761,2,7,14,12,1,92,62,2,1,1,3,", SOLJENITSYNE  (BD ALEX",0.0,0.0
201400040762,2,7,14,19,1,92,62,2,1,1,2,"11, DE DION BOUTON (QUAI",0.0,0.0
201400040763,8,7,14,9,1,92,62,2,3,2,5,"157, REPUBLIQUE (RUE DE",0.0,0.0
201400040764,22,7,14,0,5,92,62,2,3,1,3,"111, BERGERES (RD-PT DES",0.0,0.0
201400040765,23,7,14,11,1,92,62,2,1,1,3,"14, POMPIDOU (AV GEORGES",0.0,0.0
201400040766,30,7,14,20,1,92,62,2,1,1,6,"14, BLANCHE (RUE AUGUSTE",0.0,0.0
201400040767,16,8,14,10,1,92,62,2,3,1,1,WALLACE (BD RICHARD) DU,0.0,0.0
201400040768,8,8,14,16,1,92,62,2,3,1,7,"1, BAS-ROGERS (RUE DES)",0.0,0.0
201400040769,5,9,14,10,1,92,62,2,3,1,2,"11, DE DION BOUTON (QUAI",0.0,0.0
201400040770,13,9,14,16,1,92,62,2,1,1,2,"85, GENERAL DE GAULLE (A",0.0,0.0
201400040771,14,9,14,19,5,92,62,2,3,1,1,"102, REPUBLIQUE (RUE DE",0.0,0.0
201400040772,15,9,14,18,1,92,62,2,3,1,6,"102, REPUBLIQUE (RUE DE",0.0,0.0
201400040773,15,9,14,17,1,92,62,2,1,1,1,"16, BERTHELOT (RUE MARCE",0.0,0.0
201400040774,17,9,14,14,1,92,62,2,3,1,7,"145, REPUBLIQUE (RUE DE",0.0,0.0
201400040775,23,9,14,11,1,92,62,2,1,1,6,"46, BERT (RUE PAUL)",0.0,0.0
201400040776,25,9,14,16,1,92,62,2,3,1,3,"108, BERGERES RD-PT DES)",0.0,0.0
201400040777,26,9,14,10,1,92,62,2,3,1,5,"28, DE DION BOUTON (QUAI",0.0,0.0
201400040778,22,10,14,19,5,92,62,2,1,1,6,"10, WALLACE (BD RICHARD)",0.0,0.0
201400040779,27,10,14,14,1,92,62,2,1,1,2,"6, DE DION BOUTON (QUAI)",0.0,0.0
201400040780,23,10,14,8,2,92,62,2,1,1,2,"59, DE DION BOUTON (QUAI",0.0,0.0
201400040781,23,10,14,13,1,92,62,2,1,1,7,DE DION BOUTON (QUAI) DU,0.0,0.0
201400040782,24,10,14,18,5,92,62,2,1,8,2,"59, DE DION BOUTON (QUAI",0.0,0.0
201400040783,31,10,14,23,5,92,50,2,3,1,3,rue du 8 mai 1945,0.0,0.0
201400040784,4,11,14,10,1,92,62,2,3,1,3,"14, LAFARGUES (RUE PAUL)",0.0,0.0
201400040785,5,11,14,17,5,92,62,2,1,1,3,"26, PAVILLONS (RUE DES)",0.0,0.0
201400040786,14,11,14,21,5,92,62,2,1,1,2,"130-132, VERDUN (RUE DE)",0.0,0.0
201400040787,12,12,14,11,1,92,62,2,3,2,7,"20, JAURES (RUE JEAN) DU",0.0,0.0
201400040788,13,12,14,12,1,92,62,2,3,5,2,"11, DE DION BOUTON (QUAI",0.0,0.0
201400040789,12,1,14,14,1,92,63,2,1,1,7,"24, FLAUBERT (RUE GUSTAV",0.0,0.0
201400040790,13,1,14,8,1,92,63,2,1,1,2,"35, CORIOLIS (RUE DU MAR",0.0,0.0
201400040791,14,1,14,20,2,92,63,2,1,1,7,"N?ant, NATIONAL (BOULEVA",48.05216,2.0122
201400040792,16,1,14,7,4,92,63,2,3,2,3,"****, FOUILLEUSE (AVENUE",0.0,0.0
201400040793,16,1,14,9,1,92,63,2,1,2,6,"13, JOFFRE (BOULEVARD DU",0.0,0.0
201400040794,17,1,14,0,5,92,63,2,2,2,1,"N?ant, COLMAR (AVENUE DE",0.0,0.0
201400040795,17,1,14,9,1,92,63,2,1,1,1,"294, BONAPARTE (AVENUE N",0.0,0.0
201400040796,21,1,14,20,3,92,63,2,1,1,7,"****, SAUVAGE (PLACE NIC",0.0,0.0
201400040797,24,1,14,8,2,92,63,2,1,2,7,"50, FOUILLEUSE (AVENUE D",0.0,0.0
201400040798,25,1,14,13,1,92,63,2,2,1,3,GUE (RUE DU),0.0,0.0
201400040799,29,1,14,15,1,92,63,2,1,8,6,"113, DOUMER (AVENUE PAUL",0.0,0.0
201400040800,29,1,14,11,1,92,63,2,1,2,6,"73, MONTBRISON (RUE DU L",0.0,0.0
201400040801,30,1,14,13,1,92,63,2,1,1,6,"133, POMPIDOU (AVENUE DU",0.0,0.0
201400040802,3,2,14,9,1,92,63,2,1,1,7,"01, BOIS SAINT-PERE (RUE",0.0,0.0
201400040803,4,2,14,7,1,92,63,2,1,1,6,"52/54, POMPIDOU (AVENUE",0.0,0.0
201400040804,5,2,14,8,2,92,63,2,2,3,1,"****, ROOSEVELT (BOULEVA",0.0,0.0
201400040805,7,2,14,17,1,92,63,2,1,1,6,"****, POMPIDOU (AVENUE D",0.0,0.0
201400040806,11,2,14,8,1,92,63,2,1,1,7,"14, LANDES (RUE DES)",0.0,0.0
201400040807,11,2,14,10,1,92,63,2,1,2,6,"190, DOUMER (AVENUE PAUL",0.0,0.0
201400040808,13,2,14,8,2,92,63,2,1,3,6,"118, DANTON (RUE)",0.0,0.0
201400040809,13,2,14,11,1,92,63,2,1,2,1,"N?ant, BONAPARTE (AVENUE",0.0,0.0
201400040810,18,2,14,7,2,92,63,2,1,1,3,COLMAR (AVENUE DE),0.0,0.0
201400040811,18,2,14,16,1,92,63,2,1,1,2,"14, RICHELIEU (BOULEVARD",0.0,0.0
201400040812,1,3,14,14,1,92,63,2,1,1,6,"93/95, DOUMER (AVENUE PA",0.0,0.0
201400040813,6,3,14,16,1,92,63,2,1,1,6,"9, POMPIDOU (AVENUE DU P",0.0,0.0
201400040814,11,3,14,13,1,92,63,2,3,1,6,"****, COLMAR (AVENUE DE)",0.0,0.0
201400040815,21,3,14,7,1,92,63,2,1,1,6,"65, COLMAR (AVENUE DE)",0.0,0.0
201400040816,22,3,14,19,2,92,63,2,2,1,3,"****, PROCESSION (RUE DE",0.0,0.0
201400040817,29,3,14,3,5,92,63,2,1,1,6,"37, COTEAUX (BOULEVARD D",0.0,0.0
201400040818,2,4,14,18,1,92,63,2,1,1,2,"10, DOUMER (AVENUE PAUL)",0.0,0.0
201400040819,2,4,14,2,4,92,63,2,3,1,3,"n?ant, RICHELIEU (BOULEV",0.0,0.0
201400040820,3,4,14,15,1,92,63,2,1,1,6,"73, DIX-HUIT JUIN 1940 (",0.0,0.0
201400040821,9,4,14,19,1,92,63,2,1,1,6,"N?ant, COLMAR (AVENUE DE",0.0,0.0
201400040822,10,4,14,20,2,92,63,2,1,1,6,"107, DANTON (RUE)",0.0,0.0
201400040823,10,4,14,19,1,92,63,2,1,1,2,"N?ant, COLMAR (AVENUE DE",0.0,0.0
201400040824,16,4,14,14,1,92,63,2,1,1,7,"5, BERGERIE (RUE DE LA)",0.0,0.0
201400040825,22,4,14,7,1,92,63,2,3,1,1,"N?ant, THIERS (RUE)",0.0,0.0
201400040826,23,4,14,14,1,92,63,2,2,1,3,"****, MONT VALERIEN (AVE",0.0,0.0
201400040827,23,4,14,18,1,92,63,2,1,1,6,"81, ESTIENNE D'ORVES (RU",0.0,0.0
201400040828,25,4,14,10,1,92,63,2,1,2,2,"****, COLMAR (AVENUE DE)",0.0,0.0
201400040829,1,5,14,19,1,92,63,2,3,1,3,"****, GALLIENI (RUE)",0.0,0.0
201400040830,4,5,14,17,1,92,63,2,1,1,6,"183, DIX-HUIT JUIN 1940",0.0,0.0
201400040831,5,5,14,9,1,92,63,2,1,1,6,"7/13, BOURGUIGNON (RUE J",0.0,0.0
201400040832,6,5,14,1,5,92,63,2,2,1,6,"N?ant, ESTIENNE D'ORVES",0.0,0.0
201400040833,6,5,14,16,1,92,63,2,1,1,6,"280, BONAPARTE (AVENUE N",0.0,0.0
201400040834,10,5,14,11,1,92,63,2,1,2,7,"25, DOUMER (AVENUE PAUL)",0.0,0.0
201400040835,10,5,14,15,1,92,63,2,1,8,2,"168, DOUMER (AVENUE PAUL",0.0,0.0
201400040836,13,5,14,19,2,92,63,2,1,1,6,"N?ant, DANTON (RUE)",0.0,0.0
201400040837,16,5,14,8,1,92,63,2,3,1,3,"****, POMPIDOU (AVENUE D",0.0,0.0
201400040838,16,5,14,16,1,92,63,2,3,1,3,VERSAILLES (AVENUE DE),0.0,0.0
201400040839,20,5,14,16,1,92,63,2,2,1,3,"****, COLMAR (AVENUE DE)",0.0,0.0
201400040840,22,5,14,11,1,92,63,2,1,2,7,"99, POMPIDOU (AVENUE DU",0.0,0.0
201400040841,29,5,14,16,1,92,63,2,1,1,6,"70, BUZENVAL (AVENUE DE)",0.0,0.0
201400040842,31,5,14,12,1,92,63,2,1,1,6,"N?ant, BONAPARTE (AVENUE",0.0,0.0
201400040843,2,6,14,8,1,92,63,2,1,1,3,"23, CHATAIGNERAIE (AVENU",0.0,0.0
201400040844,3,6,14,10,1,92,63,2,1,1,6,"N?ant, RICHELIEU (PLACE)",0.0,0.0
201400040845,12,6,14,10,1,92,63,2,3,1,3,"93, POMPIDOU (AVENUE DU",0.0,0.0
201400040846,17,6,14,20,1,92,63,2,1,1,6,"N?ant, BONS RAISINS (RUE",0.0,0.0
201400040847,22,6,14,17,1,92,63,2,1,1,6,"09, ALBERT 1ER (AVENUE)",0.0,0.0
201400040848,24,6,14,18,1,92,63,2,1,1,6,"NEANT, GALLIENI (RUE)",0.0,0.0
201400040849,28,6,14,2,5,92,63,2,1,1,6,"108/110, POMPIDOU (AVENU",0.0,0.0
201400040850,2,7,14,17,1,92,63,2,1,1,6,"70, BONS RAISINS (RUE DE",0.0,0.0
201400040851,2,7,14,18,1,92,63,2,2,1,3,"****, GUE (RUE DU)",0.0,0.0
201400040852,6,7,14,19,1,92,63,2,1,2,7,"112, EMPEREUR (ROUTE DE",0.0,0.0
201400040853,13,7,14,12,1,92,63,2,1,1,6,"34, BONS RAISINS (RUE DE",0.0,0.0
201400040854,19,7,14,16,1,92,63,2,1,1,6,"31, VOLTAIRE (RUE)",0.0,0.0
201400040855,22,7,14,11,1,92,63,1,1,1,6,"77, CLOS BEAUREGARDS (RU",0.0,0.0
201400040856,24,7,14,18,1,92,63,2,2,1,3,"****, COLMAR (AVENUE DE)",0.0,0.0
201400040857,28,7,14,18,1,92,63,2,1,1,3,"2, PERRET (RUE AUGUSTE)",0.0,0.0
201400040858,4,8,14,7,1,92,63,2,1,3,7,"****, ESTIENNE D'ORVES (",0.0,0.0
201400040859,12,8,14,13,1,92,63,2,6,2,3,"N?ant, JUIN (AVENUE DU M",0.0,0.0
201400040860,12,8,14,20,2,92,63,2,1,1,3,"262, BONAPARTE (AVENUE N",0.0,0.0
201400040861,16,8,14,11,1,92,63,2,1,1,6,"61, HUGO (AVENUE VICTOR)",0.0,0.0
201400040862,25,8,14,2,5,92,63,2,1,1,6,LECLERC DE HAUTECLOQUE (,0.0,0.0
201400040863,29,8,14,8,1,92,63,2,1,1,6,"50, CHATEAU (RUE DU)",0.0,0.0
201400040864,7,9,14,21,5,92,63,2,1,1,2,"13, VOLTAIRE (RUE)",0.0,0.0
201400040865,8,9,14,19,2,92,63,2,1,1,6,"N?ant, EDELINE (RUE JEAN",0.0,0.0
201400040866,8,9,14,13,1,92,63,2,1,1,6,"5, COLONIEU (RUE DU GENE",0.0,0.0
201400040867,9,9,14,8,1,92,63,2,1,1,3,"267, EMPEREUR (ROUTE DE",0.0,0.0
201400040868,9,9,14,17,1,92,63,2,1,1,7,"127, POMPIDOU (AVENUE DU",0.0,0.0
201400040869,11,9,14,7,1,92,63,2,1,1,6,"35, DOUMER (AVENUE PAUL)",0.0,0.0
201400040870,12,9,14,8,1,92,63,2,1,1,6,"81, BONS RAISINS (RUE DE",0.0,0.0
201400040871,16,9,14,8,1,92,63,2,2,1,3,"N?ant, PLATEAU (RUE DU)",0.0,0.0
201400040872,19,9,14,9,1,92,63,2,1,1,6,"78, ALBERT 1ER (AVENUE)",0.0,0.0
201400040873,20,9,14,19,1,92,63,2,1,2,2,"5, DUNANT (RUE HENRI)",0.0,0.0
201400040874,26,9,14,21,4,92,63,2,1,1,7,"5, BOIS SAINT-PERE (RUE",0.0,0.0
201400040875,27,9,14,18,2,92,63,2,1,1,6,"125, POMPIDOU (AVENUE DU",0.0,0.0
201400040876,29,9,14,21,5,92,63,2,1,1,6,"185, EMPEREUR (ROUTE DE",0.0,0.0
201400040877,1,10,14,8,1,92,63,2,1,1,2,"11, HOPITAL STELL (BOULE",0.0,0.0
201400040878,4,10,14,20,5,92,63,2,3,1,3,"45, SOLFERINO (BOULEVARD",0.0,0.0
201400040879,7,10,14,8,1,92,63,2,2,1,6,"N?ant, MONTBRISON (RUE D",0.0,0.0
201400040880,8,10,14,17,1,92,63,2,3,1,3,"81, DIX-HUIT JUIN 1940 (",0.0,0.0
201400040881,27,10,14,16,1,92,63,2,2,1,1,MONTBRISON (RUE DU LIEUT,0.0,0.0
201400040882,28,10,14,17,1,92,63,2,1,1,3,"50, DIX-HUIT JUIN 1940 (",0.0,0.0
201400040883,29,10,14,16,1,92,63,2,1,1,7,"284, BONAPARTE (AVENUE N",0.0,0.0
201400040884,31,10,14,18,5,92,63,2,1,1,3,"10/12, MERMOZ (RUE JEAN)",0.0,0.0
201400040885,1,11,14,15,1,92,63,2,1,1,6,"294, BONAPARTE (AVENUE N",0.0,0.0
201400040886,6,11,14,21,5,92,63,2,2,1,3,"****, COLMAR (AVENUE DE)",0.0,0.0
201400040887,7,11,14,8,1,92,63,2,1,2,6,"23, SOLFERINO (BOULEVARD",0.0,0.0
201400040888,7,11,14,9,1,92,63,2,1,1,2,"****, CASANOVA (RUE DANI",0.0,0.0
201400040889,12,11,14,9,1,92,63,2,2,1,1,"21, COLMAR (AVENUE DE)",0.0,0.0
201400040890,14,11,14,15,1,92,63,2,3,2,7,"****, HOPITAL STELL (BOU",0.0,0.0
201400040891,17,11,14,13,1,92,63,2,1,1,6,"N?ant, COLMAR (AVENUE DE",0.0,0.0
201400040892,22,11,14,17,2,92,63,2,1,1,6,"296, BONAPARTE (AVENUE N",0.0,0.0
201400040893,25,11,14,17,2,92,63,2,1,1,3,"61, HUGO (AVENUE VICTOR)",0.0,0.0
201400040894,27,11,14,17,2,92,63,2,1,1,6,"32, REGNAULT (RUE HENRI)",0.0,0.0
201400040895,29,11,14,18,5,92,63,2,1,1,3,"8, ALBERT 1ER (AVENUE)",0.0,0.0
201400040896,2,12,14,19,3,92,63,2,1,2,6,"80, POMPIDOU (AVENUE DU",0.0,0.0
201400040897,3,12,14,19,5,92,63,2,1,1,2,"64, DIX-HUIT JUIN 1940 (",0.0,0.0
201400040898,8,12,14,11,1,92,63,2,4,2,5,"36, BOURGUIGNON (RUE JEA",0.0,0.0
201400040899,9,12,14,9,1,92,63,2,1,1,7,"24, LECLERC DE HAUTECLOQ",0.0,0.0
201400040900,17,12,14,10,1,92,63,2,6,1,3,"****, LECLERC DE HAUTECL",0.0,0.0
201400040901,18,12,14,9,1,92,63,2,1,2,7,"7, DRIANT (RUE DU LIEUTE",0.0,0.0
201400040902,18,12,14,19,5,92,63,2,3,1,6,"****, DOUMER (AVENUE PAU",0.0,0.0
201400040903,25,12,14,22,5,92,63,2,1,1,6,"48, LE COZ (RUE JEAN)",0.0,0.0
201400040904,5,1,14,11,1,92,64,2,1,1,6,"17, MARIE BONAPARTE",0.0,0.0
201400040905,6,1,14,7,5,92,33,2,1,2,3,"03, SUISSES",0.0,0.0
201400040906,12,1,14,0,5,92,64,2,1,1,7,JULLES PELLETIER,0.0,0.0
201400040907,14,1,14,17,1,92,64,2,9,1,6,"70, REPUBLIQUE",0.0,0.0
201400040908,14,1,14,18,5,92,64,2,1,1,7,"41, MONT VALERIEN",0.0,0.0
201400040909,22,1,14,17,1,92,64,2,1,1,3,"63, MARCEL DASSAULT",0.0,0.0
201400040910,31,1,14,10,1,92,64,2,1,7,2,"FACE 18BIS, CARNOT",0.0,0.0
201400040911,2,2,14,18,5,92,64,2,1,1,7,"1200, CARNOT",0.0,0.0
201400040912,3,2,14,8,1,92,64,1,1,1,7,"FACE 140, REPUBLIQUE",0.0,0.0
201400040913,5,2,14,20,5,92,64,2,1,1,2,"55, MARCEL DASSAULT",0.0,0.0
201400040914,9,2,14,12,1,92,76,2,3,1,6,LA CELLE SAINT CLOUD,0.0,0.0
201400040915,14,2,14,12,1,92,64,2,2,1,3,"0, BUZENVAL",0.0,0.0
201400040916,17,2,14,13,1,92,64,2,1,1,7,"11, REPUBLIQUE",0.0,0.0
201400040917,17,2,14,18,5,92,64,2,1,1,6,"0, GEORGES CLEMENCEAU",0.0,0.0
201400040918,19,2,14,21,5,92,64,2,1,1,4,"750, CARNOT",0.0,0.0
201400040919,27,2,14,2,5,92,64,2,1,1,7,"27, DAILLY",0.0,0.0
201400040920,27,2,14,22,5,92,64,2,1,2,7,"face au 35, CALVAIRE",0.0,0.0
201400040921,9,3,14,21,5,92,64,2,4,1,3,PASTEUR,0.0,0.0
201400040922,14,3,14,22,3,92,64,2,1,1,2,"0, CAMP CANADIEN",0.0,0.0
201400040923,15,3,14,9,1,92,64,2,1,1,7,"105, MARECHAL FOCH",0.0,0.0
201400040924,21,3,14,20,5,92,64,2,1,1,4,PALAIS,0.0,0.0
201400040925,22,3,14,19,2,92,76,2,1,1,6,REPUBLIQUE,0.0,0.0
201400040926,23,3,14,2,5,92,64,2,1,1,6,"2BIS, MONT VALERIEN",0.0,0.0
201400040927,29,3,14,19,5,92,64,2,1,1,7,"45, SENARD",0.0,0.0
201400040928,4,4,14,11,1,92,33,2,1,1,6,"72, SURESNES",0.0,0.0
201400040929,8,4,14,17,1,92,64,2,1,1,7,"70, BERNARD PALISSY",0.0,0.0
201400040930,14,4,14,18,1,92,33,2,1,1,1,"13bis, PORTE JAUNE",0.0,0.0
201400040931,16,4,14,14,1,92,64,2,6,1,3,"0, MAGENTA PLACE",0.0,0.0
201400040932,23,4,14,17,1,92,47,1,1,1,2,"0, JARDY",0.0,0.0
201400040933,24,4,14,12,1,92,33,2,6,1,2,"0, BREZIN",0.0,0.0
201400040934,26,4,14,12,1,92,47,2,1,2,3,"0, JARDY",0.0,0.0
201400040935,28,4,14,13,1,92,64,2,1,1,4,"55, MARCEL DASSAULT",0.0,0.0
201400040936,9,5,14,12,1,92,64,2,1,1,6,"00, SENARD",0.0,0.0
201400040937,13,5,14,16,1,92,64,2,1,8,2,"0, MARECHAL JUIN",0.0,0.0
201400040938,16,5,14,0,5,92,64,2,1,1,3,"1363, MARCEL DASSAULT",0.0,0.0
201400040939,16,5,14,19,1,92,33,2,1,7,6,"67, FOCH",0.0,0.0
201400040940,19,5,14,14,1,92,64,2,9,1,3,"0, MONT VALERIEN",0.0,0.0
201400040941,19,5,14,17,1,92,72,2,1,1,6,"124, Rue de Ville d'Avra",0.0,0.0
201400040942,22,5,14,16,1,92,64,2,1,1,3,"47, CARNOT",0.0,0.0
201400040943,24,5,14,15,1,92,64,2,1,1,3,"17, ROMAND",0.0,0.0
201400040944,5,6,14,18,1,92,33,2,3,1,7,PORTE JAUNE,0.0,0.0
201400040945,6,6,14,8,1,92,33,2,1,1,2,"03 BIS, SUISSES",0.0,0.0
201400040946,14,6,14,20,1,92,64,2,2,1,3,MONT VALERIEN,0.0,0.0
201400040947,15,6,14,20,1,92,64,2,1,1,3,GENERAL LECLERC,0.0,0.0
201400040948,19,6,14,19,1,92,64,2,1,1,3,"24, PASTEUR",0.0,0.0
201400040949,17,6,14,16,1,92,64,2,3,1,7,"37, SURESNES",0.0,0.0
201400040950,24,6,14,16,1,92,64,2,3,1,6,REPUBLIQUE,0.0,0.0
201400040951,30,6,14,23,5,92,64,2,1,1,3,"0, MONT VALERIEN",0.0,0.0
201400040952,1,7,14,9,1,92,64,2,1,1,6,"92, REPUBLIQUE",0.0,0.0
201400040953,2,7,14,19,1,92,33,2,4,1,3,MARQUIS DE MORES,0.0,0.0
201400040954,4,7,14,9,1,92,64,2,1,1,6,"01, GOUNOD",0.0,0.0
201400040955,5,7,14,9,1,92,76,2,6,2,7,"1, CAZES",0.0,0.0
201400040956,8,7,14,8,1,92,33,2,1,2,3,"11, HENRI BERGSON",0.0,0.0