Num_Acc,jour,mois,an,hr,condition_eclairage,departement,commune,condition_agglomeration,intersection,condition_atmosphere,type_collision,adresse,lattitude,longitude
201400040957,11,7,14,17,1,92,64,2,9,1,3,"63, MARCEL DASSAULT",0.0,0.0
201400040958,19,7,14,10,1,92,33,2,1,1,6,"VAV 15, ATHIME RUE",0.0,0.0
201400040959,19,7,14,20,1,92,64,2,1,1,4,"1577, MARCEL DASSAULT",0.0,0.0
201400040960,21,7,14,9,1,92,64,2,1,1,2,"24BIS, CARNOT",0.0,0.0
201400040961,28,7,14,14,1,92,64,2,1,1,3,MARCEL DASSAULT,0.0,0.0
201400040962,5,8,14,9,1,92,64,2,1,1,7,"1, PLACE CLEMENCEAU",0.0,0.0
201400040963,24,8,14,12,1,92,64,2,1,1,3,"160, REPUBLIQUE",0.0,0.0
201400040964,25,8,14,19,1,92,64,2,1,2,7,"73, MARCEL DASSAULT",0.0,0.0
201400040965,27,8,14,8,1,92,33,2,1,1,6,SAINT LOUIS,0.0,0.0
201400040966,27,8,14,9,1,92,64,2,1,1,2,DOCTEUR DESFOSSEZ,0.0,0.0
201400040967,28,8,14,11,1,92,47,2,1,1,6,"01, REPUBLIQUE",0.0,0.0
201400040968,9,9,14,13,1,92,22,2,1,1,6,"1, ROUTE DU PAVE DES GAR",0.0,0.0
201400040969,10,9,14,17,1,92,76,2,1,1,3,"02, JARDY",0.0,0.0
201400040970,13,9,14,1,5,92,33,2,1,1,6,"30, SURESNES",0.0,0.0
201400040971,15,9,14,15,1,92,64,2,3,1,5,"27, CARNOT",0.0,0.0
201400040972,23,9,14,8,1,92,64,2,1,1,3,"63, MARCEL DASSAULT",0.0,0.0
201400040973,25,9,14,8,1,92,76,2,3,1,3,PUITS,0.0,0.0
201400040974,1,10,14,8,1,92,33,2,3,1,6,GRANDE RUE,0.0,0.0
201400040975,6,10,14,17,2,92,64,2,6,3,3,"30, PASTEUR",0.0,0.0
201400040976,9,9,14,13,1,92,22,2,1,1,6,"1, ROUTE DU PAVE DES GAR",0.0,0.0
201400040977,15,10,14,6,5,92,64,2,1,9,3,"45, CARNOT",0.0,0.0
201400040978,22,10,14,18,2,92,64,2,1,1,3,PORTE JAUNE,0.0,0.0
201400040979,27,10,14,20,5,92,64,2,1,1,3,"51 bis, VAL D' OR",0.0,0.0
201400040980,30,10,14,22,5,92,76,2,9,1,1,PROF VICTOR PAUCHET,0.0,0.0
201400040981,5,11,14,11,1,92,64,2,3,1,3,MARCEL DASSAULT,0.0,0.0
201400040982,6,11,14,15,1,92,64,2,1,1,2,"156, CHARLES DE GAULLE",0.0,0.0
201400040983,9,11,14,19,5,92,64,2,1,1,3,MARECHAL FOCH,0.0,0.0
201400040984,13,11,14,20,5,92,64,2,1,1,3,"22-23, CARNOT",0.0,0.0
201400040985,18,11,14,23,5,92,47,2,1,8,6,JARDY,0.0,0.0
201400040986,21,11,14,15,1,92,64,2,1,1,3,L'AQUEDUC,0.0,0.0
201400040987,27,11,14,8,1,92,64,2,1,1,6,"56, GOUNOD",0.0,0.0
201400040988,30,11,14,13,1,92,33,2,1,1,3,SURESNES,0.0,0.0
201400040989,4,12,14,14,1,92,64,2,1,1,6,MARECHAL FOCH,0.0,0.0
201400040990,5,12,14,16,1,92,64,2,9,1,6,ALPHONSE MOGUEZ,0.0,0.0
201400040991,6,12,14,9,1,92,64,2,1,1,7,MARCEL DASSAULT,0.0,0.0
201400040992,6,12,14,0,5,92,76,2,9,1,3,JARDY,0.0,0.0
201400040993,7,12,14,10,1,92,64,2,1,1,2,"1796, MARCEL DASSAULT",0.0,0.0
201400040994,7,12,14,20,5,92,64,2,9,2,3,"18, CARNOT",0.0,0.0
201400040995,8,12,14,11,1,92,64,2,3,2,6,"12, DAILLY",0.0,0.0
201400040996,9,12,14,15,1,92,33,2,1,1,6,"21, JOFFRE",0.0,0.0
201400040997,9,12,14,18,5,92,47,2,1,1,3,"03, RAYMOND POINCARE",0.0,0.0
201400040998,10,12,14,8,1,92,64,2,3,2,6,CARNOT,0.0,0.0
201400040999,14,12,14,20,5,92,64,2,7,1,6,"1, MAGENTA PLACE",0.0,0.0
201400041000,15,12,14,20,5,92,47,2,1,2,1,JARDY,0.0,0.0
201400041001,16,12,14,15,1,92,64,2,1,1,5,"65, MARCEL DASSAULT",0.0,0.0
201400041002,20,12,14,17,5,92,64,2,3,2,2,"01, CAMP CANADIEN",0.0,0.0
201400041003,29,12,14,20,5,92,64,2,3,2,7,CAMP CANADIEN,0.0,0.0
201400041004,14,1,14,11,1,92,72,2,3,1,3,"., LECLERC (AVENUE DE LA",0.0,0.0
201400041005,15,1,14,17,5,92,22,2,2,2,3,"., REPUBLIQUE (BOULEVARD",0.0,0.0
201400041006,22,1,14,12,1,92,22,2,1,2,3,"484, SALENGRO (AVENUE RO",0.0,0.0
201400041007,25,1,14,18,5,92,77,2,1,1,6,"., SEVRES (RUE DE)",0.0,0.0
201400041008,28,1,14,22,5,92,72,2,1,3,6,"., SEVRES (PONT DE)",0.0,0.0
201400041009,30,1,14,11,1,92,77,2,2,1,3,"., LAROCHE (PLACE CHARLE",0.0,0.0
201400041010,1,2,14,20,5,92,22,2,1,1,3,"1811, SALENGRO (AVENUE R",0.0,0.0
201400041011,3,2,14,13,1,92,72,2,1,1,3,"16, TROYON (RUE)",0.0,0.0
201400041012,7,2,14,8,1,92,72,2,1,1,3,"., SEVRES (PONT DE)",0.0,0.0
201400041013,4,2,14,10,1,92,72,2,1,1,6,"04, EUROPE (AVENUE DE L'",0.0,0.0
201400041014,21,2,14,22,5,92,72,2,1,1,3,"., MANUFACTURE NATIONALE",0.0,0.0
201400041015,3,3,14,11,1,92,22,2,1,2,6,"04, GUILLEMINOT (RUE)",0.0,0.0
201400041016,6,3,14,16,1,92,72,2,1,1,6,"02, EUROPE (AVENUE DE L'",0.0,0.0
201400041017,7,3,14,7,1,92,72,2,1,1,6,"., VILLE D'AVRAY (RUE DE",0.0,0.0
201400041018,14,3,14,20,5,92,77,2,2,1,3,"., LAROCHE (PLACE CHARLE",0.0,0.0
201400041019,20,3,14,12,1,92,77,2,1,1,6,"57, SEVRES (RUE DE)",0.0,0.0
201400041020,23,3,14,5,2,92,22,2,2,1,3,"., BRANLY (AVENUE EDOUAR",0.0,0.0
201400041021,25,3,14,5,5,92,72,2,1,3,6,"., SEVRES (PONT DE)",0.0,0.0
201400041022,3,4,14,13,1,92,72,2,1,1,3,"33, GRANDE RUE",0.0,0.0
201400041023,3,4,14,15,1,92,72,2,6,1,3,"23, LECLERC (AVENUE DE L",0.0,0.0
201400041024,14,4,14,3,5,92,77,2,1,1,6,"117, VERSAILLES (RUE DE)",0.0,0.0
201400041025,11,4,14,13,1,92,22,2,1,1,6,"855, SALENGRO (AVENUE RO",0.0,0.0
201400041026,12,4,14,19,2,92,22,2,1,1,3,"1356, SALENGRO (AVENUE R",0.0,0.0
201400041027,15,4,14,14,1,92,72,2,3,1,3,"., EUROPE (AVENUE DE L')",0.0,0.0
201400041028,16,4,14,14,1,92,22,2,1,1,3,"1945, SALENGRO (AVENUE R",0.0,0.0
201400041029,22,4,14,18,1,92,72,2,2,1,1,"., BRUYERES (CARREFOUR D",0.0,0.0
201400041030,26,4,14,23,5,92,72,2,1,1,6,"., SEVRES (PONT DE)",0.0,0.0
201400041031,27,4,14,12,1,92,22,2,1,1,7,"., PAVE DES GARDES (ROUT",0.0,0.0
201400041032,4,5,14,10,1,92,77,2,1,1,1,"01, MARNES (RUE DE)",0.0,0.0
201400041033,6,5,14,22,5,92,72,2,1,2,6,"., SEVRES (PONT DE)",0.0,0.0
201400041034,8,5,14,14,1,92,48,2,1,2,5,"06 Bis, rue Verd Saint-J",0.0,0.0
201400041035,20,5,14,9,1,92,72,2,1,1,6,"10 BIS, PAVE DES GARDES",0.0,0.0
201400041036,21,5,14,9,1,92,72,2,1,2,3,"16, BAS-TILLETS (RUE DES",0.0,0.0
201400041037,25,5,14,13,1,92,72,2,2,1,3,"., GRANDE RUE",0.0,0.0
201400041038,27,5,14,18,1,92,72,2,1,1,6,"41-45, GRANDE RUE",0.0,0.0
201400041039,28,5,14,19,1,92,72,2,1,2,6,"9, GRANDE RUE",0.0,0.0
201400041040,4,6,14,11,1,92,77,2,1,2,3,"22, SEVRES (RUE DE)",0.0,0.0
201400041041,4,6,14,19,1,92,72,2,1,1,6,"05 TER, BOIS (RUE DES)",0.0,0.0
201400041042,6,6,14,7,1,92,72,2,2,1,1,BRUYERES (CARREFOUR DES),0.0,0.0
201400041043,8,6,14,15,1,92,72,2,1,1,6,"127, GRANDE RUE",0.0,0.0
201400041044,11,6,14,18,1,92,22,2,2,1,3,"., SALENGRO (AVENUE ROGE",0.0,0.0
201400041045,11,6,14,19,1,92,72,2,1,1,3,"114, VILLE D'AVRAY (RUE",0.0,0.0
201400041046,19,6,14,14,1,92,72,2,2,1,3,"., BRUYERES (CARREFOUR D",0.0,0.0
201400041047,15,6,14,1,5,92,22,2,1,1,6,"38, PAVE DES GARDES (ROU",0.0,0.0
201400041048,18,6,14,18,1,92,22,2,1,1,6,"., BOIS BLANCS (ROUTE DE",0.0,0.0
201400041049,19,6,14,18,1,92,72,2,1,1,3,"21, LECLERC (AVENUE DE L",0.0,0.0
201400041050,18,6,14,9,1,92,72,2,1,1,6,"03, GRANDE RUE",0.0,0.0
201400041051,22,6,14,4,5,92,22,2,1,1,6,"825, SALENGRO (AVENUE RO",0.0,0.0
201400041052,23,6,14,8,1,92,22,2,1,1,6,PAVE DES GARDES (ROUTE D,0.0,0.0
201400041053,10,7,14,18,1,92,72,2,1,2,3,"., SAINT CLOUD (RUE DE)",0.0,0.0
201400041054,20,7,14,10,1,92,72,2,1,1,6,"21, EUROPE (AVENUE DE L'",0.0,0.0
201400041055,22,7,14,20,1,92,22,2,2,1,3,"., PAVE DES GARDES (ROUT",0.0,0.0
201400041056,24,7,14,12,1,92,72,2,1,1,2,"02, EUROPE (AVENUE DE L'",0.0,0.0
201400041057,6,8,14,19,1,92,72,2,1,2,6,"., SEVRES (PONT DE)",0.0,0.0
201400041058,19,8,14,17,1,92,72,2,2,1,3,GAMBETTA (AVENUE),0.0,0.0
201400041059,27,8,14,9,1,92,22,2,2,1,6,"., PAVE DES GARDES (ROUT",0.0,0.0
201400041060,30,8,14,10,1,92,22,2,1,1,3,"37, PAVE DES GARDES (ROU",0.0,0.0
201400041061,6,7,14,2,5,92,22,2,1,1,7,"2, CARNOT (RUE)",0.0,0.0
201400041062,12,9,14,17,1,92,72,2,1,1,6,"30, TROYON (RUE)",0.0,0.0
201400041063,14,9,14,13,1,92,72,2,1,1,2,"02, TROYON (RUE)",0.0,0.0
201400041064,17,9,14,16,1,92,72,2,1,1,6,"03, GRANDE RUE",0.0,0.0
201400041065,19,9,14,16,1,92,72,2,1,1,2,"95, VILLE D'AVRAY (RUE D",0.0,0.0
201400041066,21,9,14,14,1,92,72,2,1,2,6,"., SEVRES (PONT DE)",0.0,0.0
201400041067,23,9,14,22,1,92,72,2,2,1,6,"., GRANDE RUE",0.0,0.0
201400041068,26,9,14,12,1,92,22,2,2,1,6,"., PAVE DES GARDES (ROUT",0.0,0.0
201400041069,27,9,14,10,1,92,72,2,1,1,7,"., GRANDE RUE",0.0,0.0
201400041070,28,9,14,20,1,92,72,2,1,1,4,"02, EUROPE (AVENUE DE L'",0.0,0.0
201400041071,5,10,14,19,1,92,72,2,1,1,6,"04, MIDRIN (RUE PIERRE)",0.0,0.0
201400041072,6,10,14,22,5,92,22,2,1,2,2,"., PAVE DES GARDES (ROUT",0.0,0.0
201400041073,13,10,14,15,1,92,72,2,1,1,3,"., MANUFACTURE NATIONALE",0.0,0.0
201400041074,16,10,14,9,1,92,72,2,1,2,6,"., PAVE DES GARDES (ROUT",0.0,0.0
201400041075,18,10,14,17,1,92,77,2,1,1,7,"., VERSAILLES (RUE DE)",0.0,0.0
201400041076,18,10,14,19,5,92,72,2,1,1,6,"., SAINT CLOUD (RUE DE)",0.0,0.0
201400041077,28,10,14,11,1,92,22,2,3,1,6,"., FRANCE (RUE ANATOLE)",0.0,0.0
201400041078,4,11,14,17,2,92,77,2,1,1,6,"182, VERSAILLES (RUE DE)",0.0,0.0
201400041079,5,11,14,11,1,92,22,2,1,1,6,"19, ROUX RUE DU PROFESSE",0.0,0.0
201400041080,10,11,14,9,1,92,72,2,3,1,3,"., PAVE DES GARDES (ROUT",0.0,0.0
201400041081,13,11,14,14,1,92,72,2,1,1,6,"14, GRANDE RUE",0.0,0.0
201400041082,14,11,14,17,5,92,72,2,1,2,6,"174, GRANDE RUE",0.0,0.0
201400041083,17,11,14,17,5,92,72,2,1,2,6,"02, LECLERC (AVENUE DE L",0.0,0.0
201400041084,20,11,14,10,1,92,72,2,1,1,3,"32, GRANDE RUE",0.0,0.0
201400041085,21,11,14,9,1,92,22,2,1,1,7,"1177, SALENGRO (AVENUE R",0.0,0.0
201400041086,25,11,14,17,2,92,77,2,1,1,3,"12, SEVRES (RUE DE)",0.0,0.0
201400041087,30,11,14,18,5,92,22,2,3,2,3,"484, SALENGRO (AVENUE RO",0.0,0.0
201400041088,2,12,14,21,5,92,72,2,1,2,6,"16, VILLE D'AVRAY (RUE D",0.0,0.0
201400041089,8,12,14,16,1,92,72,2,1,8,3,"21, EUROPE (AVENUE DE L'",0.0,0.0
201400041090,10,12,14,11,1,92,77,2,1,1,6,"05, PRADIER (RUE)",0.0,0.0
201400041091,10,12,14,20,3,92,22,2,1,2,6,"., PAVE DE MEUDON (ROUTE",0.0,0.0
201400041092,15,12,14,14,1,92,72,2,1,2,3,"., MANUFACTURE NATIONALE",0.0,0.0
201400041093,16,12,14,10,1,92,22,2,1,1,3,"1730, SALENGRO (AVENUE R",0.0,0.0
201400041094,18,12,14,9,1,92,77,2,1,1,6,"., SEVRES (RUE DE)",0.0,0.0
201400041095,18,12,14,22,5,92,72,2,1,1,6,"112, GRANDE RUE",0.0,0.0
201400041096,19,12,14,9,1,92,22,2,1,1,3,"454, SALENGRO (AVENUE RO",0.0,0.0
201400041097,29,12,14,10,1,92,22,2,1,1,6,"., CARNOT (RUE)",0.0,0.0
201400041098,30,12,14,23,5,92,72,2,3,1,1,"10, BOIS (RUE DES)",0.0,0.0
201400041099,15,1,14,21,5,92,73,2,1,2,2,"03, BRIAND (BOULEVARD AR",0.0,0.0
201400041100,19,1,14,10,1,92,73,2,1,1,6,"30, DE GAULLE (AVENUE GE",0.0,0.0
201400041101,25,1,14,1,5,92,73,2,1,2,2,"161, SELLIER (BOULEVARD",0.0,0.0
201400041102,28,1,14,15,1,92,73,2,1,1,2,"17, JAURES (AVENUE JEAN)",0.0,0.0
201400041103,28,1,14,19,5,92,73,2,1,1,6,"31, GALLIENI (QUAI)",0.0,0.0
201400041104,7,2,14,8,1,92,73,2,1,1,6,"21, JAURES (AVENUE JEAN)",0.0,0.0
201400041105,7,2,14,17,1,92,73,2,1,1,2,"47, JAURES (AVENUE JEAN)",0.0,0.0
201400041106,10,2,14,10,1,92,73,2,1,1,7,"38, BAS ROGERS (RUE DES)",0.0,0.0
201400041107,13,2,14,13,1,92,73,2,3,2,6,"83, VERDUN (RUE DE)",0.0,0.0
201400041108,21,2,14,10,1,92,73,2,1,1,6,"22, JAURES (AVENUE JEAN)",0.0,0.0
201400041109,28,2,14,11,1,92,73,2,1,2,7,"15, SELLIER (BOULEVARD H",0.0,0.0
201400041110,28,2,14,16,1,92,73,2,1,3,2,"12, BLUM (QUAI LEON)",0.0,0.0
201400041111,13,3,14,8,1,92,73,2,1,1,6,"03, MACE (RUE JEAN)",0.0,0.0
201400041112,14,3,14,8,1,92,73,2,3,1,1,"8, DASSAULT (QUAI MARCEL",0.0,0.0
201400041113,18,3,14,9,1,92,73,2,1,1,6,"25, SEVRES (RUE DE)",0.0,0.0
201400041114,23,3,14,17,1,92,73,2,1,1,7,"31, POMPIDOU (AVENUE GEO",0.0,0.0
201400041115,28,3,14,10,1,92,73,2,1,1,6,"02, PAYRET DORTAIL (RUE",0.0,0.0
201400041116,1,4,14,9,1,92,73,2,1,1,3,"93, FUSILLES DE LA RESIS",0.0,0.0
201400041117,12,4,14,10,1,92,73,2,1,1,6,"85, SELLIER (BOULEVARD H",0.0,0.0
201400041118,17,4,14,2,5,92,73,2,1,1,7,"18, DE GAULLE (AVENUE GE",0.0,0.0
201400041119,11,5,14,14,1,92,73,2,1,1,2,"13, ROOSVELT (AVENUE FRA",0.0,0.0
201400041120,15,5,14,12,1,92,73,2,3,1,2,"01, ROOSVELT (AVENUE FRA",0.0,0.0
201400041121,19,5,14,13,1,92,73,2,1,1,6,"45, DE LATTRE DE TASSIGN",0.0,0.0
201400041122,19,5,14,19,1,92,73,2,1,1,6,"23, BOCHOUX (RUE DES)",0.0,0.0
201400041123,22,5,14,19,1,92,73,2,3,7,1,"55, BAS ROGERS (RUE DES)",0.0,0.0
201400041124,25,5,14,3,5,92,73,2,3,1,7,"50, SELLIER (BOULEVARD H",0.0,0.0
201400041125,26,5,14,6,2,92,73,2,1,1,6,"4, MERLIN-DE-THIONVILLE",0.0,0.0
201400041126,27,5,14,12,1,92,73,2,5,1,2,"200, WASHINGTON (BOULEVA",0.0,0.0
201400041127,27,5,14,13,1,92,73,2,3,1,6,ESTIENNE D'ORVES (RUE HO,0.0,0.0
201400041128,30,5,14,21,2,92,73,2,2,1,3,"49, SELLIER (BOULEVARD H",0.0,0.0
201400041129,31,5,14,21,2,92,73,2,1,1,5,"21, SELLIER (BOULEVARD H",0.0,0.0
201400041130,3,6,14,16,1,92,73,2,3,1,3,"10, BLUM (QUAI LEON)",0.0,0.0
201400041131,14,6,14,13,1,92,73,2,1,1,6,"01, SULLY (AVENUE DE)",0.0,0.0
201400041132,14,6,14,14,1,92,73,2,2,1,6,"58, CARON (RUE ALBERT)",0.0,0.0
201400041133,16,6,14,9,1,92,73,2,1,1,5,"8, DASSAULT (QUAI MARCEL",0.0,0.0
201400041134,17,6,14,16,1,92,73,2,1,1,3,"15, GALLIENI (QUAI)",0.0,0.0
201400041135,17,6,14,20,5,92,73,2,3,1,3,"42, VERDUN (RUE DE)",0.0,0.0
201400041136,18,6,14,14,1,92,73,2,1,1,6,"17, SELLIER (BOULEVARD H",0.0,0.0
201400041137,24,6,14,8,1,92,73,2,2,1,2,"42, CARNOT (RUE)",0.0,0.0
201400041138,27,6,14,2,5,92,73,2,1,1,1,"01, SELLIER (BOULEVARD H",0.0,0.0
201400041139,15,7,14,6,1,92,73,2,3,1,2,"27, GALLIENI (QUAI)",0.0,0.0
201400041140,17,7,14,8,1,92,73,2,3,1,7,"01, SAINT CLOUD (RUE DE)",0.0,0.0
201400041141,20,7,14,23,5,92,73,2,3,1,3,"132, SELLIER (BOULEVARD",0.0,0.0
201400041142,22,7,14,15,1,92,73,2,1,1,3,"28, GALLIENI (QUAI)",0.0,0.0
201400041143,24,7,14,20,1,92,73,2,3,1,3,"132, SELLIER (BOULEVARD",0.0,0.0
201400041144,25,7,14,10,1,92,73,2,1,1,7,"61, SELLIER (BOULEVARD H",0.0,0.0
201400041145,31,7,14,14,1,92,73,2,9,1,2,"01, SELLIER (BOULEVARD H",0.0,0.0
201400041146,7,8,14,14,1,92,73,2,1,8,2,", SELLIER (BOULEVARD HEN",0.0,0.0
201400041147,11,8,14,19,1,92,73,2,1,2,7,", DUCLAUX (RUE EMILE)",0.0,0.0
201400041148,24,8,14,19,1,92,73,2,3,1,3,"2, FUSILLES DE LA RESIST",0.0,0.0
201400041149,25,8,14,7,1,92,73,2,3,3,6,"50, SELLIER (BOULEVARD H",0.0,0.0
201400041150,9,9,14,23,5,92,50,2,1,1,2,"73, JOLIOT CURIE (AVENUE",0.0,0.0
201400041151,11,9,14,12,1,92,73,2,1,1,7,"61, SELLIER (BOULEVARD H",0.0,0.0
201400041152,17,9,14,8,1,92,73,2,1,1,5,"20, BLUM (QUAI LEON)",0.0,0.0
201400041153,19,9,14,9,1,92,73,2,1,1,6,"7, PAYRET DORTAIL (RUE M",0.0,0.0
201400041154,22,9,14,18,1,92,73,2,1,1,3,"08, RATRAIT (RUE DU)",0.0,0.0
201400041155,24,9,14,2,5,92,73,2,1,1,7,"**, PONT DE SURESNES",0.0,0.0
201400041156,28,9,14,22,5,92,73,2,3,1,7,"40, GALLIENI (QUAI)",0.0,0.0
201400041157,30,9,14,8,1,92,73,2,1,1,7,"15, PONT DE SURESNES",0.0,0.0
201400041158,30,9,14,18,1,92,73,2,1,1,3,"127, VERDUN (RUE DE)",0.0,0.0
201400041159,2,10,14,17,1,92,73,2,1,1,2,"26, JAURES (PLACE JEAN)",0.0,0.0
201400041160,11,10,14,16,1,92,73,2,1,1,7,"16, JAURES (AVENUE JEAN)",0.0,0.0
201400041161,15,10,14,8,1,92,73,2,6,1,3,"24, CROIX-DU-ROY (CARREF",0.0,0.0
201400041162,19,10,14,13,1,92,73,2,2,1,6,"15, SELLIER (BOULEVARD H",0.0,0.0
201400041163,5,11,14,8,1,92,73,2,1,1,6,DE GAULLE (AVENUE GENERA,0.0,0.0
201400041164,11,11,14,23,5,92,73,2,4,1,1,"01, BAS ROGERS (RUE DES)",0.0,0.0
201400041165,12,11,14,17,5,92,73,2,1,1,6,"32, SELLIER (BOULEVARD H",0.0,0.0
201400041166,16,11,14,1,5,92,73,2,2,1,3,"20, SELLIER (BOULEVARD H",0.0,0.0
201400041167,22,11,14,14,1,92,73,2,1,1,3,"125, WASHINGTON (BOULEVA",0.0,0.0
201400041168,24,11,14,9,1,92,73,2,3,1,7,"37, VOLTAIRE (RUE)",0.0,0.0
201400041169,26,11,14,11,1,92,73,2,1,1,7,"10, LOUCHEUR (BOULEVARD",0.0,0.0
201400041170,26,11,14,13,1,92,73,2,1,8,7,"01, STALINGRAD (PLACE DE",0.0,0.0
201400041171,27,11,14,17,5,92,73,2,1,1,6,"98, SELLIER (BOULEVARD H",0.0,0.0
201400041172,30,11,14,18,5,92,73,2,3,2,2,"220, WASHINGTON (BOULEVA",0.0,0.0
201400041173,5,12,14,16,1,92,73,2,3,1,3,"30, SELLIER (BOULEVARD H",0.0,0.0
201400041174,9,12,14,10,1,92,73,2,1,1,7,"12, VERDUN (RUE DE)",0.0,0.0
201400041175,9,12,14,18,2,92,73,2,1,1,6,"190, WASHINGTON (BOULEVA",0.0,0.0
201400041176,18,12,14,18,5,92,73,2,2,1,3,"01, REPUBLIQUE (RUE DE L",0.0,0.0
201400041177,3,1,14,20,5,92,46,2,1,1,3,"21 TER, DE STALINGRAD",0.0,0.0
201400041178,8,2,14,22,5,92,75,2,2,1,1,"1, DE GAULLE (AVENUE DU",0.0,0.0
201400041179,14,2,14,8,1,92,75,2,2,3,3,"., MARY BESSEYRE (RUE)",0.0,0.0
201400041180,18,2,14,9,1,92,46,2,3,1,6,"2, SAVIER (RUE)",0.0,0.0
201400041181,25,2,14,18,2,92,75,2,1,1,6,"36 BIS, LARMEROUX (RUE)",0.0,0.0
201400041182,27,2,14,13,1,92,75,2,1,1,3,"36, MOULIN (RUE DU)",0.0,0.0
201400041183,5,3,14,23,5,92,75,2,5,1,1,"1, RAYMOND MARCHERON (RU",0.0,0.0
201400041184,7,3,14,3,5,92,46,2,3,1,6,"., ALEXIS MARTIN",0.0,0.0
201400041185,11,3,14,16,1,92,75,2,2,1,6,"., JEAN BLEUZEN (RUE)",0.0,0.0
201400041186,17,3,14,18,1,92,46,2,2,1,6,"., AVAULEE (RUE)",0.0,0.0
201400041187,25,3,14,9,1,92,46,2,2,2,3,"1, GABRIEL PERI",0.0,0.0
201400041188,26,3,14,21,5,92,46,2,3,1,3,"., GABRIEL PERI (BOULEVA",0.0,0.0
201400041189,27,3,14,11,1,92,75,2,1,1,6,"., ANTOINE FRATACCI (RUE",0.0,0.0
201400041190,30,3,14,18,1,92,75,2,1,1,6,"74, JEAN BLEUZEN (RUE)",0.0,0.0
201400041191,11,4,14,17,1,92,75,2,3,1,7,"1, LARMEROUX (RUE)",0.0,0.0
201400041192,16,4,14,6,2,92,46,2,1,1,1,"108, PIERRE BROSSOLETTE",0.0,0.0
201400041193,24,4,14,3,5,92,46,2,1,1,6,"., Charles de gaulle",0.0,0.0
201400041194,25,4,14,8,2,92,46,2,2,3,6,"., DE STALINGRAD",0.0,0.0
201400041195,27,4,14,14,1,92,46,2,3,1,3,"6, GABRIEL PERI (BOULEVA",0.0,0.0
201400041196,3,5,14,2,5,92,75,2,1,1,3,"72, JEAN BLEUZEN",0.0,0.0
201400041197,5,5,14,7,1,92,46,2,2,1,3,"., GUY MOQUET (RUE)",0.0,0.0
201400041198,9,5,14,4,3,92,75,2,2,1,7,"., JEAN BLEUZEN (RUE)",0.0,0.0
201400041199,11,5,14,11,1,92,75,2,1,1,7,"19, VERDUN (AVENUE DE)",0.0,0.0
201400041200,16,5,14,14,1,92,75,2,1,1,3,"18, PAIX (AVENUE DE LA)",0.0,0.0
201400041201,17,5,14,11,1,92,46,2,1,1,6,"., JEAN MERMOZ (RUE)",0.0,0.0
201400041202,18,5,14,2,5,92,46,2,1,1,6,"10, Jules Ferry",0.0,0.0
201400041203,21,5,14,2,5,92,46,2,1,2,6,"14/16, PIERRE BROSSOLETT",0.0,0.0
201400041204,21,5,14,8,1,92,46,2,3,2,3,"., VOLTAIRE (RUE)",0.0,0.0
201400041205,24,5,14,16,1,92,75,2,3,2,3,"102, JEAN BLEUZEN",0.0,0.0
201400041206,27,5,14,10,1,92,75,2,2,1,1,"44, MOULIN (RUE DU)",0.0,0.0
201400041207,28,5,14,9,1,92,75,2,1,1,7,"6, RAYMOND MARCHERON (RU",0.0,0.0
201400041208,5,6,14,10,1,92,46,2,1,1,6,"112, PIERRE BROSSOLETTE",0.0,0.0
201400041209,8,6,14,17,1,92,46,2,1,1,7,"29, DE STALINGRAD",0.0,0.0
201400041210,11,6,14,16,1,92,75,2,6,1,6,"., PASTEUR (AVENUE)",0.0,0.0
201400041211,12,6,14,8,1,92,46,2,1,1,3,"112, PIERRE BROSSOLETTE",0.0,0.0
201400041212,18,6,14,17,1,92,46,2,3,1,6,"., GABRIEL PERI",0.0,0.0
201400041213,23,6,14,8,1,92,46,2,3,1,3,"., MARECHAL LECLERC (AVE",0.0,0.0
201400041214,25,6,14,14,1,92,75,2,1,1,2,"3, LARMEROUX (RUE)",0.0,0.0
201400041215,26,6,14,8,1,92,75,2,3,1,7,"30, PASTEUR (AVENUE)",0.0,0.0
201400041216,30,6,14,6,1,92,75,2,3,1,3,"., DANTON (RUE)",0.0,0.0
201400041217,7,7,14,23,5,92,46,2,3,1,3,"., GABRIEL PERI",0.0,0.0
201400041218,11,7,14,14,1,92,75,2,6,1,3,"., CARREFOUR DE L'INSURR",0.0,0.0
201400041219,15,7,14,14,1,92,46,2,7,1,3,"., CLOS MONTHOLON (PLACE",0.0,0.0
201400041220,23,7,14,13,1,92,46,2,3,1,3,"., PIERRE BROSSOLETTE (A",0.0,0.0
201400041221,1,8,14,12,1,92,46,2,2,1,6,"31, FABIEN (BOULEVARD DU",0.0,0.0
201400041222,12,8,14,12,1,92,75,2,3,1,3,"13, LYCEE (BOULEVARD DU)",0.0,0.0
201400041223,14,8,14,19,1,92,75,2,1,1,6,"21, PAIX (AVENUE DE LA)",0.0,0.0
201400041224,20,8,14,18,1,92,46,2,3,1,6,"01, AVAULEE (RUE)",0.0,0.0
201400041225,22,8,14,9,1,92,75,2,1,1,3,"70, JEAN BLEUZEN",0.0,0.0
201400041226,31,8,14,5,5,92,46,2,1,1,6,"., Charles de gaulle",0.0,0.0
201400041227,20,9,14,22,5,92,46,2,3,1,2,"., PIERRE BROSSOLETTE (A",0.0,0.0
201400041228,23,9,14,11,1,92,46,2,6,1,2,"., DE STALINGRAD",0.0,0.0
201400041229,24,9,14,11,1,92,46,2,2,1,6,"., DOUZE FEVRIER 1934 (A",0.0,0.0
201400041230,25,9,14,10,1,92,46,2,3,1,3,"83, GABRIEL PERI",0.0,0.0
201400041231,24,9,14,12,1,92,46,2,1,1,6,"6/12, PIERRE BROSSOLETTE",0.0,0.0
201400041232,2,10,14,9,1,92,75,2,1,1,3,"12, LARMEROUX (RUE)",0.0,0.0
201400041233,5,10,14,18,2,92,75,2,1,1,6,"18, MANSARD (RUE)",0.0,0.0
201400041234,8,10,14,11,1,92,75,2,1,2,6,"49, MARY BESSEYRE (RUE)",0.0,0.0
201400041235,14,10,14,9,1,92,75,2,1,1,6,"49, LYCEE (BOULEVARD DU)",0.0,0.0
201400041236,15,10,14,9,1,92,46,2,1,1,6,"53, DE STALINGRAD",0.0,0.0