Num_Acc,jour,mois,an,hr,condition_eclairage,departement,commune,condition_agglomeration,intersection,condition_atmosphere,type_collision,adresse,lattitude,longitude
201400041237,16,10,14,1,5,92,75,2,1,2,6,"33, DE GAULLE (AVENUE DU",0.0,0.0
201400041238,18,10,14,8,2,92,75,2,2,1,7,"., PASTEUR (AVENUE)",0.0,0.0
201400041239,20,10,14,19,5,92,46,2,2,8,7,GABRIEL PERI,0.0,0.0
201400041240,22,10,14,12,2,92,46,2,1,1,6,"4, FABIEN (BOULEVARD DU",0.0,0.0
201400041241,3,11,14,16,1,92,75,2,1,2,7,"19, JACQUES JEZEQUEL (AV",0.0,0.0
201400041242,10,11,14,13,1,92,46,2,2,1,7,"54, PIERRE BROSSOLETTE (",0.0,0.0
201400041243,12,11,14,19,5,92,75,2,4,1,6,"., LYCEE (BOULEVARD DU)",0.0,0.0
201400041244,17,11,14,8,2,92,75,2,1,1,7,"3, place du g?n?ral LECL",0.0,0.0
201400041245,20,11,14,1,5,92,75,2,3,1,3,"., JEAN BLEUZEN (RUE)",0.0,0.0
201400041246,26,11,14,18,5,92,46,2,3,6,7,"., PIERRE BROSSOLETTE (A",0.0,0.0
201400041247,27,11,14,16,2,92,75,2,1,2,3,"14-18, JEAN JAURES (RUE)",0.0,0.0
201400041248,3,12,14,15,1,92,46,2,1,1,7,"20, PIERRE BROSSOLETTE (",0.0,0.0
201400041249,5,12,14,15,1,92,75,2,1,1,7,"34, ANTOINE FRATACCI (RU",0.0,0.0
201400041250,5,12,14,16,1,92,75,2,1,1,7,"13, LYCEE (BOULEVARD DU)",0.0,0.0
201400041251,5,12,14,9,1,92,46,2,2,1,3,"., FABIEN (BOULEVARD DU",0.0,0.0
201400041252,17,12,14,20,5,92,75,2,2,2,3,"., DE GAULLE (AVENUE DU",0.0,0.0
201400041253,12,12,14,9,1,92,46,2,3,1,7,"., GABRIEL PERI",0.0,0.0
201400041254,18,12,14,8,2,92,46,2,2,1,7,"., RAYMOND DAVID",0.0,0.0
201400041255,18,12,14,12,1,92,75,2,1,1,3,"13 BIS, LARMEROUX (RUE)",0.0,0.0
201400041256,18,12,14,8,1,92,46,2,1,1,7,"13, FRERES VIGOUROUX (RU",0.0,0.0
201400041257,24,12,14,15,1,92,75,2,6,1,3,"52, ANTOINE FRATACCI (RU",0.0,0.0
201400041258,22,1,14,20,5,92,78,2,1,2,6,"150, GALLIENI (BD) (154",0.0,0.0
201400041259,24,1,14,13,1,92,78,2,1,1,6,"3, DUPONT DU CHAMBON (RU",0.0,0.0
201400041260,14,2,14,10,1,92,78,2,2,2,3,"0, PHILIPPE LEBON (AVENU",0.0,0.0
201400041261,18,2,14,15,1,92,78,2,1,1,6,"0, JEAN MERMOZ (AVENUE)",0.0,0.0
201400041262,6,3,14,11,1,92,78,2,1,1,6,"0, PAUL HERBE (AVENUE) (",0.0,0.0
201400041263,11,3,14,17,1,92,78,2,2,1,6,"0, ALFRED SISLEY (QUAI)",0.0,0.0
201400041264,22,4,14,10,1,92,78,2,1,1,3,"39, GALLIENI (BD) (1 A 7",0.0,0.0
201400041265,3,5,14,23,5,92,78,2,3,1,3,"89, CHARLES DE GAULLE (B",0.0,0.0
201400041266,5,5,14,14,1,92,78,2,1,7,2,"0, MOULIN CAGE (QUAI)",0.0,0.0
201400041267,11,5,14,11,1,92,78,2,1,1,3,"44, LONGUE BERTRANE (RUE",0.0,0.0
201400041268,22,5,14,6,2,92,78,2,1,1,6,"34, HENRI BARBUSSE (RUE)",0.0,0.0
201400041269,23,5,14,9,1,92,78,2,2,1,3,"0, VERDUN (AVENUE) (IMPA",0.0,0.0
201400041270,5,6,14,16,1,92,78,2,1,1,6,"37, CHARLES DE GAULLE (B",0.0,0.0
201400041271,7,6,14,17,1,92,78,2,1,1,6,"03, HAUT DE LA NOUE (RUE",0.0,0.0
201400041272,12,7,14,19,1,92,78,2,1,1,3,"32, MARC SANGNIER (AVENU",0.0,0.0
201400041273,13,7,14,13,1,92,78,2,1,1,2,"0, MOULIN CAGE (QUAI)",0.0,0.0
201400041274,27,7,14,18,1,92,78,2,1,1,3,MOULIN CAGE (QUAI),0.0,0.0
201400041275,10,8,14,15,1,92,78,2,1,3,2,"0, MOULIN CAGE (QUAI)",0.0,0.0
201400041276,24,8,14,2,5,92,78,2,1,1,6,"0, MOULIN CAGE (QUAI)",0.0,0.0
201400041277,5,9,14,12,1,92,78,2,1,1,7,"31-33, VERDUN (AVENUE) (",0.0,0.0
201400041278,8,9,14,15,1,92,78,2,1,1,6,"195, GALLIENI (BD) (153",0.0,0.0
201400041279,9,9,14,12,1,92,78,2,1,1,7,"65, GALLIENI (BD) (1 A 7",0.0,0.0
201400041280,29,9,14,16,1,92,78,2,2,1,7,"0, VERDUN (AVENUE) (PAIR",0.0,0.0
201400041281,10,10,14,7,2,92,78,2,1,1,7,"0, HENRI BARBUSSE (RUE)",0.0,0.0
201400041282,20,10,14,16,1,92,78,2,1,2,6,"167, GALLIENI (BD) (153",0.0,0.0
201400041283,8,11,14,13,1,92,78,2,3,1,3,"200, GALLIENI (BD) (154",0.0,0.0
201400041284,21,11,14,8,1,92,78,2,3,2,7,"0, MARECHAL DELATTRE DE",0.0,0.0
201400041285,1,12,14,20,5,92,78,2,1,2,7,"16, MARC SANGNIER (AVENU",0.0,0.0
201400041286,9,12,14,15,1,92,78,2,3,1,3,"0, VIEUX CHEMIN DE ST DE",0.0,0.0
201400041287,20,12,14,12,1,92,78,2,1,1,5,"102, VERDUN (AVENUE) (PA",0.0,0.0
201400041288,24,1,14,8,2,92,26,2,1,2,6,"20, ANDRE PROTHIN (AVENU",0.0,0.0
201400041289,9,2,14,11,1,92,26,2,1,1,2,BOULEVARD CIRCULAIRE,0.0,0.0
201400041290,13,2,14,18,4,92,62,2,1,1,7,"1, RUE PIERRE GAUDIN",0.0,0.0
201400041291,5,3,14,10,1,92,62,2,1,7,6,"23, LOUIS POUEY (RUE)",0.0,0.0
201400041292,14,3,14,1,5,92,26,2,1,1,6,"0, DEFENSE (ROND POINT D",0.0,0.0
201400041293,16,3,14,16,1,92,26,2,1,1,5,BOULEVARD CIRCULAIRE,0.0,0.0
201400041294,9,4,14,16,1,92,26,2,1,1,6,BOULEVARD CIRCULAIRE,0.0,0.0
201400041295,15,4,14,10,1,92,62,2,1,1,6,"1, DOUCES (VOIE DES)",0.0,0.0
201400041296,16,4,14,8,1,92,62,2,1,1,2,"1, BLD KUPKA",0.0,0.0
201400041297,18,4,14,8,1,92,62,2,1,1,2,"1, BLD KUPKA",0.0,0.0
201400041298,24,4,14,20,2,92,26,2,2,1,3,"01, DIVISION LECLERC (AV",0.0,0.0
201400041299,26,4,14,15,1,92,62,2,1,2,7,BOULEVARD CIRCULAIRE,0.0,0.0
201400041300,5,6,14,7,1,92,26,2,1,1,2,BOULEVARD CIRCULAIRE,0.0,0.0
201400041301,14,6,14,9,1,92,62,2,2,1,3,BOULEVARD CIRCULAIRE,0.0,0.0
201400041302,17,6,14,7,5,92,26,2,1,1,6,"68, DES BATISSEURS (VOIE",0.0,0.0
201400041303,27,6,14,17,1,92,62,2,1,1,7,BOULEVARD CIRCULAIRE,0.0,0.0
201400041304,29,6,14,14,1,92,62,2,1,1,7,BOULEVARD CIRCULAIRE,0.0,0.0
201400041305,30,6,14,11,1,92,62,2,1,1,2,BOULEVARD CIRCULAIRE,0.0,0.0
201400041306,3,7,14,17,1,92,62,2,1,1,5,AVENUE DE LA DIVISION LE,0.0,0.0
201400041307,4,8,14,9,1,92,62,2,1,2,5,BOULEVARD CIRCULAIRE,0.0,0.0
201400041308,16,9,14,15,1,92,26,2,1,1,6,"01, DES BATISSEURS (VOIE",0.0,0.0
201400041309,22,9,14,19,1,92,26,2,1,1,6,"34, avenue de l'arche",0.0,0.0
201400041310,18,10,14,13,1,92,26,2,2,1,3,BOULEVARD CIRCULAIRE,0.0,0.0
201400041311,20,10,14,7,3,92,62,2,1,1,7,BOULEVARD CIRCULAIRE,0.0,0.0
201400041312,29,10,14,9,1,92,62,2,9,1,3,BOULEVARD CIRCULAIRE,0.0,0.0
201400041313,2,11,14,6,5,92,62,2,1,1,2,"30, GENERAL DE GAULLE (A",0.0,0.0
201400041314,6,11,14,19,5,92,62,2,1,1,3,"****, DEFENSE (ROND POIN",0.0,0.0
201400041315,12,11,14,12,1,92,26,2,3,1,2,BOULEVARD CIRCULAIRE,0.0,0.0
201400041316,10,11,14,17,5,92,62,2,1,1,7,RUE PIERRE GAUDIN,0.0,0.0
201400041317,15,11,14,11,1,92,62,2,1,1,6,"12, PARVIS (LE)",0.0,0.0
201400041318,18,11,14,8,1,92,62,2,4,2,3,BOULEVARD CIRCULAIRE,0.0,0.0
201400041319,1,12,14,20,4,92,26,2,1,1,3,BOULEVARD CIRCULAIRE,0.0,0.0
201400041320,29,12,14,18,2,92,62,2,1,1,2,"****, RUE JACQUES VILLON",0.0,0.0
201400041321,3,1,14,13,1,93,1,2,3,1,6,"71, HEURTAULT (RUE)",0.0,0.0
201400041322,3,1,14,19,5,93,1,2,3,1,3,"X, WALDECK ROCHET (RUE)",0.0,0.0
201400041323,6,1,14,20,5,93,1,2,2,1,3,LEOPOLD RECHOSSIERE (RUE,0.0,0.0
201400041324,10,1,14,18,5,93,1,2,3,1,3,"152, VICTOR HUGO (AVE)",0.0,0.0
201400041325,12,1,14,5,5,93,1,2,1,5,6,"22, MOTTE (RUE DE LA)",0.0,0.0
201400041326,11,1,14,16,1,93,1,2,1,1,3,"16/22, LEOPOLD RECHOSSIE",0.0,0.0
201400041327,16,1,14,9,1,93,1,2,1,2,6,"76, PRESIDENT ROOSEVELT",0.0,0.0
201400041328,23,1,14,11,1,93,1,2,1,1,2,"78, PONT BLANC.CHARLES T",0.0,0.0
201400041329,1,2,14,15,1,93,1,2,2,1,3,"0, FRANCIS DE PRESSENCE",0.0,0.0
201400041330,3,2,14,9,1,93,1,2,9,1,4,"239, JEAN JAURES (AVE)",0.0,0.0
201400041331,13,2,14,18,5,93,1,2,1,1,2,"1, PRESIDENT ROOSEVELT (",0.0,0.0
201400041332,14,2,14,16,1,93,1,2,1,8,2,"20, PRESIDENT ROOSEVELT",0.0,0.0
201400041333,20,2,14,1,5,93,1,1,1,1,6,"25, POSTES (RUE DES)",0.0,0.0
201400041334,3,3,14,20,5,93,1,2,2,1,3,"1, HENRI BARBUSSE (RUE)",0.0,0.0
201400041335,10,3,14,19,5,93,1,2,1,1,6,"87, VICTOR HUGO (AVE)  =",0.0,0.0
201400041336,11,3,14,15,1,93,1,2,2,1,1,"01, ANATOLE FRANCE (BLD)",0.0,0.0
201400041337,13,3,14,16,1,93,1,2,1,1,3,"89, HEURTAULT (RUE)",0.0,0.0
201400041338,15,3,14,11,1,93,1,2,1,1,6,"face 37, SAINT DENIS (RU",0.0,0.0
201400041339,17,3,14,9,1,93,1,2,2,1,6,HENRI-ROL TANGUY (PLACE),0.0,0.0
201400041340,17,3,14,18,1,93,1,2,1,1,6,"213, JEAN JAURES  (AVE)",0.0,0.0
201400041341,18,3,14,11,1,93,1,1,1,1,6,"33, LEON JOUHAUX (RUE)",0.0,0.0
201400041342,18,3,14,19,5,93,1,2,1,1,3,"45, VICTOR HUGO (AVE)  =",0.0,0.0
201400041343,25,3,14,9,1,93,1,2,2,2,3,ANDRE KARMAN (RUE)  138/,0.0,0.0
201400041344,1,4,14,9,1,93,1,2,1,1,3,"83, VICTOR HUGO (AVE)  =",0.0,0.0
201400041345,3,4,14,18,2,93,1,2,1,1,6,"183, JEAN JAURES  (AVE)",0.0,0.0
201400041346,7,4,14,8,1,93,1,2,1,1,4,"54, PONT BLANC.CHARLES T",0.0,0.0
201400041347,9,4,14,12,1,93,1,2,1,1,6,LANDY (RUE DU) 18 A 32 /,0.0,0.0
201400041348,11,4,14,13,1,93,1,2,1,1,6,"2, PRESIDENT ROOSEVELT (",0.0,0.0
201400041349,14,4,14,2,5,93,1,2,1,1,6,"67, REPUBLIQUE (AVE DE L",0.0,0.0
201400041350,17,4,14,17,1,93,1,2,1,1,6,"157, VICTOR HUGO (AVE)",0.0,0.0
201400041351,19,4,14,23,5,93,1,2,1,1,3,ADRIEN AGNES (QUAI),0.0,0.0
201400041352,20,4,14,22,5,93,1,2,2,1,3,VICTOR HUGO (AVE)  => 12,0.0,0.0
201400041353,25,4,14,15,1,93,1,2,1,1,3,"63, REPUBLIQUE (AVE DE L",0.0,0.0
201400041354,26,4,14,18,1,93,1,2,3,2,3,"47, VICTOR HUGO (AVE)  =",0.0,0.0
201400041355,28,4,14,12,1,93,1,2,8,1,6,REPUBLIQUE (AVE DE LA ),0.0,0.0
201400041356,28,4,14,14,1,93,1,2,1,1,3,"121, VICTOR HUGO (AVE)",0.0,0.0
201400041357,29,4,14,19,1,93,1,2,1,2,2,"174, JEAN JAURES  (AVE)",0.0,0.0
201400041358,5,5,14,8,1,93,1,2,1,1,6,JEAN JAURES (AVE)  => 53,0.0,0.0
201400041359,6,5,14,15,1,93,1,2,1,1,6,"39, PRESLES (RUE DE)",0.0,0.0
201400041360,9,5,14,19,1,93,1,2,1,1,6,"1, REPUBLIQUE (AVE DE LA",0.0,0.0
201400041361,14,5,14,7,1,93,1,2,1,1,3,"207, JEAN JAURES (AVE) 5",0.0,0.0
201400041362,14,5,14,16,1,93,1,2,1,1,3,"4, ANATOLE FRANCE (BLD)",0.0,0.0
201400041363,14,5,14,17,1,93,1,2,1,1,3,"0, JEAN JAURES (AVE)  =>",0.0,0.0
201400041364,15,5,14,12,1,93,1,2,1,1,6,"95, JEAN JAURES (AVE) 55",0.0,0.0
201400041365,16,5,14,9,1,93,1,2,2,1,1,CITES (RUE DES)  => 91,0.0,0.0
201400041366,22,5,14,13,1,93,1,2,1,1,6,"15, GOULET (RUE DU)  =>",0.0,0.0
201400041367,23,5,14,3,5,93,1,2,2,1,3,CITES (RUE DES)  125/134,0.0,0.0
201400041368,24,5,14,10,1,93,1,2,1,8,3,"135, DANIELLE CASANOVA (",0.0,0.0
201400041369,26,5,14,14,1,93,1,2,1,2,3,"02, LEOPOLD RECHOSSIERE",0.0,0.0
201400041370,28,5,14,15,1,93,1,2,1,8,3,"2, HENRI MANIGART (RUE)",0.0,0.0
201400041371,29,5,14,19,1,93,1,2,1,8,6,"117, HENRI BARBUSSE (RUE",0.0,0.0
201400041372,30,5,14,13,1,93,1,2,1,1,3,"211, JEAN JAURES  (AVE)",0.0,0.0
201400041373,30,5,14,16,1,93,1,2,1,1,7,GOULET (RUE DU) 26/33 =>,0.0,0.0
201400041374,31,5,14,13,1,93,1,2,6,1,4,COTTIN (PLACE),0.0,0.0
201400041375,4,6,14,10,1,93,1,1,1,2,7,"24, ELYSEE RECLUS (RUE)",0.0,0.0
201400041376,5,6,14,4,5,93,1,2,2,1,3,VICTOR HUGO (AVE)  => N?,0.0,0.0
201400041377,6,6,14,17,1,93,1,2,1,1,3,"15, DANIELLE CASANOVA (R",0.0,0.0
201400041378,6,6,14,17,1,93,1,2,1,1,6,"209, JEAN JAURES  (AVE)",0.0,0.0
201400041379,7,6,14,22,5,93,1,2,1,1,3,"24-26, LEOPOLD RECHOSSIE",0.0,0.0
201400041380,8,6,14,14,1,93,1,2,1,1,2,"14, MOUTIER (RUE DU)  =>",0.0,0.0
201400041381,9,6,14,20,1,93,1,2,2,1,3,"0, CREVECOEUR  (RUE)  32",0.0,0.0
201400041382,13,6,14,2,5,93,1,2,2,1,3,JEAN JAURES (AVE) 55 A 1,0.0,0.0
201400041383,14,6,14,1,5,93,1,2,2,1,3,VICTOR HUGO (AVE)  => 12,0.0,0.0
201400041384,16,6,14,19,1,93,1,2,2,1,3,"95, VICTOR HUGO (AVE)  =",0.0,0.0
201400041385,17,6,14,17,1,93,1,2,1,1,6,"80, HENRI BARBUSSE (RUE)",0.0,0.0
201400041386,19,6,14,18,1,93,1,2,1,1,5,"30, VICTOR HUGO (AVE)  =",0.0,0.0
201400041387,19,6,14,21,2,93,1,2,1,1,2,"117, JEAN JAURES (AVE) 5",0.0,0.0
201400041388,23,6,14,15,1,93,1,2,1,1,2,"45, JEAN JAURES (AVE)  =",0.0,0.0
201400041389,24,6,14,12,1,93,1,2,1,1,5,REPUBLIQUE (AVE DE LA ),0.0,0.0
201400041390,2,7,14,13,1,93,1,2,1,1,6,"91, PONT BLANC.CHARLES T",0.0,0.0
201400041391,2,7,14,16,1,93,1,2,3,1,3,LUCIEN LEFRANC (QUAI),0.0,0.0
201400041392,3,7,14,14,1,93,1,2,1,1,6,"52, SAINT DENIS (RUE DE)",0.0,0.0
201400041393,5,7,14,22,5,93,1,2,1,1,6,"12, ANATOLE FRANCE (BLD)",0.0,0.0
201400041394,6,7,14,17,1,93,1,2,1,1,3,JEAN JAURES  (AVE)  157,0.0,0.0
201400041395,2,7,14,1,5,93,1,2,1,1,6,"25, PONT BLANC.CHARLES T",0.0,0.0
201400041396,10,7,14,11,1,93,1,2,1,2,6,"102, REPUBLIQUE (AVE DE",0.0,0.0
201400041397,10,7,14,17,1,93,1,2,3,1,3,"99, REPUBLIQUE (AVE DE L",0.0,0.0
201400041398,15,7,14,12,1,93,1,2,1,1,6,REPUBLIQUE (AVE DE LA ),0.0,0.0
201400041399,16,7,14,19,1,93,1,2,1,1,3,PONT BLANC.CHARLES TILLO,0.0,0.0
201400041400,20,7,14,16,1,93,1,2,2,1,3,"50, PORT (RUE DU)  (PAIR",0.0,0.0
201400041401,20,7,14,18,1,93,1,2,1,1,7,"81, REPUBLIQUE (AVE DE L",0.0,0.0
201400041402,20,7,14,21,1,93,1,2,1,1,6,"29, COMMANDANT L'HERMINI",0.0,0.0
201400041403,21,7,14,21,1,93,1,2,2,1,1,"168, DANIELLE CASANOVA (",0.0,0.0
201400041404,22,7,14,0,5,93,1,2,3,1,3,"189, VICTOR HUGO (AVE)",0.0,0.0
201400041405,30,7,14,11,1,93,1,2,1,1,6,"87-95, VICTOR HUGO (AVE)",0.0,0.0
201400041406,4,8,14,11,1,93,1,2,1,1,6,"172, JEAN JAURES  (AVE)",0.0,0.0
201400041407,5,8,14,13,1,93,1,2,1,1,6,"101, REPUBLIQUE (AVE DE",0.0,0.0
201400041408,12,8,14,13,1,93,1,2,1,1,2,"174, JEAN JAURES  (AVE)",0.0,0.0
201400041409,13,8,14,22,5,93,1,2,3,8,3,SAINT-DENIS (RUE DE),0.0,0.0
201400041410,13,8,14,18,1,93,1,2,1,1,6,GOULET (RUE DU) 26/33 =>,0.0,0.0
201400041411,14,8,14,14,1,93,1,2,1,1,2,"17, REPUBLIQUE (AVE DE L",0.0,0.0
201400041412,19,8,14,10,1,93,1,2,2,1,3,PORT (RUE DU)  (PAIR),0.0,0.0
201400041413,19,8,14,19,1,93,1,2,1,1,6,"35, MOTTE (RUE DE LA)",0.0,0.0
201400041414,22,8,14,18,1,93,1,2,2,2,3,JEAN JAURES (AVE)  => 53,0.0,0.0
201400041415,25,8,14,19,2,93,1,2,1,3,2,"48, ANATOLE FRANCE (BLD)",0.0,0.0
201400041416,26,8,14,16,1,93,1,2,1,1,3,ADRIEN AGNES (QUAI),0.0,0.0
201400041417,26,8,14,23,5,93,1,2,1,2,2,"187, JEAN JAURES  (AVE)",0.0,0.0
201400041418,27,8,14,13,1,93,1,2,1,1,6,"136, REPUBLIQUE (AVE DE",0.0,0.0
201400041419,27,8,14,15,1,93,1,2,1,1,6,"77, REPUBLIQUE (AVE DE L",0.0,0.0
201400041420,29,8,14,8,1,93,1,2,1,1,1,"127, PONT BLANC.CHARLES",0.0,0.0
201400041421,29,8,14,11,1,93,1,2,1,1,6,VICTOR HUGO (AVE)  => N?,0.0,0.0
201400041422,30,8,14,3,5,93,1,2,2,1,2,CITES (RUE DES)  => 91,0.0,0.0
201400041423,1,9,14,14,1,93,1,2,1,1,6,"162, DANIELLE CASANOVA (",0.0,0.0
201400041424,4,9,14,17,1,93,1,2,1,1,6,"68, DANIELLE CASANOVA (R",0.0,0.0
201400041425,5,9,14,10,1,93,1,2,2,1,6,PONT BLANC.CHARLES TILLO,0.0,0.0
201400041426,15,9,14,7,1,93,1,2,9,1,3,"126, VICTOR HUGO (AVE)",0.0,0.0
201400041427,16,9,14,7,5,93,1,2,1,1,6,"88, FELIX FAURE (BLD)  =",0.0,0.0
201400041428,16,9,14,16,1,93,1,2,1,1,6,"77, DANIELLE CASANOVA (R",0.0,0.0
201400041429,16,9,14,17,1,93,1,2,1,1,6,"99, VICTOR HUGO (AVE)  =",0.0,0.0
201400041430,18,9,14,9,1,93,1,2,1,1,2,"79, DANIELLE CASANOVA (R",0.0,0.0
201400041431,18,9,14,17,1,93,1,2,1,1,2,"112, HELENE COCHENNEC (R",0.0,0.0
201400041432,24,9,14,17,1,93,1,2,1,1,6,"09, DANIELLE CASANOVA (R",0.0,0.0
201400041433,27,9,14,20,5,93,1,2,1,1,3,"52, LANDY (RUE DU) 34/29",0.0,0.0
201400041434,1,10,14,17,1,93,1,2,1,1,6,"168, VICTOR HUGO (AVE)",0.0,0.0
201400041435,2,10,14,17,1,93,1,2,1,1,6,"8, ADRIEN AGNES (QUAI)",0.0,0.0
201400041436,8,10,14,9,1,93,1,2,2,3,3,BERGERIES (RUE DES),0.0,0.0
201400041437,8,10,14,10,1,93,1,2,1,3,6,WALDECK ROCHET (RUE),0.0,0.0
201400041438,9,10,14,18,1,93,1,2,1,1,3,"173, VICTOR HUGO (AVE)",0.0,0.0
201400041439,15,10,14,0,5,93,1,2,1,1,6,"54, ANATOLE FRANCE (BLD)",0.0,0.0
201400041440,15,10,14,11,1,93,1,2,3,2,6,"02, HENRI MURGER (RUE)",0.0,0.0
201400041441,15,10,14,14,1,93,1,2,1,2,6,"85, VICTOR HUGO (AVE)  =",0.0,0.0
201400041442,18,10,14,16,1,93,1,2,1,1,6,"1, REPUBLIQUE (AVE DE LA",0.0,0.0
201400041443,21,10,14,14,1,93,1,2,1,1,6,"113, SAINT-DENIS (RUE DE",0.0,0.0
201400041444,22,10,14,20,5,93,1,2,2,1,3,"51, JEAN JAURES (AVE)  =",0.0,0.0
201400041445,23,10,14,12,1,93,1,2,1,1,3,"140, FELIX FAURE (BLD) 1",0.0,0.0
201400041446,26,10,14,8,1,93,1,2,3,1,3,"32, ANDRE KARMAN (RUE)",0.0,0.0
201400041447,30,10,14,9,1,93,1,2,1,1,3,JEAN JAURES (AVE) 55 A 1,0.0,0.0
201400041448,1,11,14,21,5,93,1,2,1,1,3,"54, REPUBLIQUE (AVE DE L",0.0,0.0
201400041449,5,11,14,9,1,93,1,2,4,1,3,"10, REPUBLIQUE (AVE DE L",0.0,0.0
201400041450,6,11,14,6,5,93,1,2,1,1,6,"172, JEAN JAURES  (AVE)",0.0,0.0
201400041451,7,11,14,7,2,93,1,2,2,2,6,"66, DANIELLE CASANOVA (R",0.0,0.0
201400041452,8,11,14,20,5,93,1,2,1,1,2,"187, JEAN JAURES  (AVE)",0.0,0.0
201400041453,10,11,14,23,5,93,1,2,3,1,2,"67, VICTOR HUGO (AVE)  =",0.0,0.0
201400041454,14,11,14,8,1,93,1,2,2,1,3,REPUBLIQUE (AVE DE LA ),0.0,0.0
201400041455,16,11,14,6,5,93,1,2,2,1,3,"55, JEAN JAURES (AVE)  =",0.0,0.0
201400041456,19,11,14,9,1,93,1,2,3,8,3,JEAN JAURES  (AVE)  157,0.0,0.0
201400041457,19,11,14,18,5,93,1,2,1,1,6,"13, REGINE GOSSET (RUE)",0.0,0.0
201400041458,19,11,14,19,5,93,1,2,1,1,3,VICTOR HUGO (AVE)  => 12,0.0,0.0
201400041459,19,11,14,20,5,93,1,2,1,1,6,"1, GRANDE-COUR (RUELLE D",0.0,0.0
201400041460,27,11,14,9,1,93,1,2,4,9,3,FELIX FAURE (BLD) 120 A,0.0,0.0
201400041461,8,12,14,13,1,93,1,2,3,2,3,", FELIX FAURE (BLD) => 1",0.0,0.0
201400041462,11,12,14,18,5,93,1,2,0,1,1,"77, DANIELLE CASANOVA (R",0.0,0.0
201400041463,15,12,14,19,3,93,1,2,4,2,3,", SCHAEFFER (RUE)",0.0,0.0
201400041464,19,12,14,11,1,93,1,2,0,2,6,"1, LUCIEN LEFRANC (QUAI)",0.0,0.0
201400041465,20,12,14,10,1,93,1,2,2,1,3,ANDRE KARMAN (RUE)  => 1,0.0,0.0
201400041466,20,12,14,19,5,93,1,2,2,2,3,CHAPON (RUE),0.0,0.0
201400041467,21,12,14,7,5,93,1,2,2,1,3,CREVECOEUR  (RUE)  32 =>,0.0,0.0
201400041468,24,12,14,18,4,93,1,2,0,2,6,"160, DANIELLE CASANOVA (",0.0,0.0
201400041469,26,12,14,15,1,93,1,2,0,1,3,"8, PRESIDENT ROOSEVELT (",0.0,0.0
201400041470,31,12,14,15,1,93,1,2,0,1,6,"81, REPUBLIQUE (AVE DE L",0.0,0.0
201400041471,1,1,14,1,5,93,5,2,1,2,3,CAMILLE PELLETAN (RUE),0.0,0.0
201400041472,16,12,14,8,2,93,5,2,0,2,3,", MOULIN DE LA VILLE (CH",0.0,0.0
201400041473,5,1,14,1,5,93,5,2,3,1,2,GENERAL GALLIENI (BOULEV,0.0,0.0
201400041474,4,1,14,13,1,93,71,2,6,1,1,"0, HENRI BARBUSSE (AVENU",0.0,0.0
201400041475,7,1,14,9,1,93,5,2,2,1,3,STRASBOURG (BOULEVARD DE,0.0,0.0
201400041476,7,1,14,9,1,93,5,2,1,1,6,CROIX BLANCHE (PONT DE L,0.0,0.0
201400041477,7,1,14,18,2,93,5,2,1,2,5,"83, MOULIN DE LA VILLE (",0.0,0.0
201400041478,9,1,14,16,1,93,5,2,1,2,2,"23, JULES PRINCET [CD115",0.0,0.0
201400041479,2,2,14,20,5,93,71,2,1,1,2,"01, JOHN F. KENNEDY (AVE",0.0,0.0
201400041480,11,1,14,11,1,93,5,2,1,1,2,MITRY [CD115] (ROUTE DE),0.0,0.0
201400041481,8,2,14,15,1,93,71,2,2,1,3,"0, BALLANGER ROBERT (AVE",0.0,0.0
201400041482,13,1,14,11,1,93,5,2,1,1,2,JACQUES DUCLOS [CD44] (R,0.0,0.0
201400041483,17,2,14,15,1,93,71,2,2,1,3,"0, PEUPLIERS (ALLEE DES)",0.0,0.0
201400041484,14,1,14,7,5,93,5,2,1,2,6,HOTEL DE VILLE (BOULEVAR,0.0,0.0
201400041485,15,1,14,10,1,93,5,2,1,2,6,"68, MOULIN DE LA VILLE (",0.0,0.0
201400041486,15,1,14,11,1,93,5,2,1,2,2,"4, SEVRAN (CD44) (RUE DE",0.0,0.0
201400041487,15,1,14,21,5,93,5,2,1,2,2,JULES PRINCET [CD115] (R,0.0,0.0
201400041488,18,1,14,15,1,93,5,2,6,1,3,CLEMENT ADER (RUE),0.0,0.0
201400041489,12,3,14,19,5,93,71,2,1,1,2,"0, RAOUL DAUTRY (AVENUE)",0.0,0.0
201400041490,18,1,14,18,5,93,5,2,1,1,3,JEAN CHARCOT [CD115] (RU,0.0,0.0
201400041491,28,3,14,13,1,93,71,1,1,1,6,"0, PETITS PONTS (ROUTE D",0.0,0.0
201400041492,19,1,14,11,1,93,5,2,1,1,2,WALDECK ROUSSEAU (RUE),0.0,0.0
201400041493,1,4,14,17,1,93,71,2,1,1,6,"0, JOHN F. KENNEDY (AVEN",0.0,0.0
201400041494,22,1,14,13,1,93,5,2,1,1,3,CHARDONNERETS (RUE DES),0.0,0.0
201400041495,3,4,14,8,1,93,71,2,1,1,6,"0, LEON JOUHAUX (AVENUE)",0.0,0.0
201400041496,28,1,14,23,5,93,5,2,1,2,6,GENERAL DE GAULLE (PLACE,0.0,0.0
201400041497,6,4,14,7,1,93,71,2,1,1,6,"0, GENERAL LECLERC (AVEN",0.0,0.0
201400041498,31,1,14,16,1,93,5,1,1,1,7,SAVIGNY (AVENUE DE),0.0,0.0
201400041499,10,4,14,10,1,93,71,2,1,1,6,"0, MARCHE (AVENUE DU)",0.0,0.0
201400041500,10,4,14,11,1,93,71,2,3,1,6,", GENERAL LECLERC (AVENU",0.0,0.0
201400041501,2,2,14,15,1,93,5,2,1,1,3,ROBERT SCHUMAN (CARREFOU,0.0,0.0
201400041502,10,4,14,13,1,93,71,2,1,1,6,"25, LUCIEN SPORTISS (RUE",0.0,0.0
201400041503,3,2,14,11,1,93,5,2,1,1,2,MITRY [CD115] (ROUTE DE),0.0,0.0
201400041504,13,4,14,14,1,93,71,2,1,1,1,"47, GABRIEL PERI (RUE)",0.0,0.0
201400041505,6,2,14,15,1,93,5,2,1,2,1,ANDRE CITROEN (BOULEVARD,0.0,0.0
201400041506,19,4,14,18,1,93,71,2,1,1,2,RAOUL DAUTRY (AVENUE),0.0,0.0
201400041507,26,4,14,20,2,93,71,2,7,8,3,"37, AULNAY (RUE D')",0.0,0.0
201400041508,8,2,14,21,5,93,5,2,1,8,2,MITRY [CD115] (RUE DE),0.0,0.0
201400041509,13,5,14,20,2,93,71,2,1,1,6,"0, JEAN GIONO (ALLEE)",0.0,0.0
201400041510,10,2,14,3,5,93,5,2,1,1,3,SEVRAN (CD44) (RUE DE),0.0,0.0
201400041511,13,2,14,8,2,93,5,2,1,3,6,EMILE ZOLA (BOULEVARD),0.0,0.0