Num_Acc,jour,mois,an,hr,condition_eclairage,departement,commune,condition_agglomeration,intersection,condition_atmosphere,type_collision,adresse,lattitude,longitude
201400041512,13,2,14,13,1,93,5,2,6,2,6,RAOUL DUFY (AVENUE),0.0,0.0
201400041513,3,3,14,9,1,93,5,2,3,2,6,MOULIN DE LA VILLE (CHEM,0.0,0.0
201400041514,4,3,14,13,1,93,5,2,1,1,3,"61bis, JACQUES DUCLOS [C",0.0,0.0
201400041515,4,3,14,18,5,93,5,2,1,1,2,RAOUL DUFY (AVENUE),0.0,0.0
201400041516,8,3,14,15,1,93,5,2,1,1,2,JEAN CHARCOT [CD115] (RU,0.0,0.0
201400041517,10,3,14,16,1,93,5,2,1,1,3,MARC CHAGALL (BOULEVARD),0.0,0.0
201400041518,12,3,14,11,1,93,5,2,1,1,3,JEAN CHARCOT [CD115] (RU,0.0,0.0
201400041519,16,3,14,16,1,93,5,2,3,1,1,EUGENE VARLIN (RUE),0.0,0.0
201400041520,16,3,14,19,1,93,5,2,1,1,3,JOSEPH MARIE JACQUARD (R,0.0,0.0
201400041521,18,3,14,13,1,93,5,2,1,1,2,", MITRY [CD115] (RUE DE)",0.0,0.0
201400041522,24,3,14,22,5,93,5,2,1,1,6,"131, sTRASBOURG (BOULEVA",0.0,0.0
201400041523,24,3,14,13,1,93,5,2,1,1,3,"137 ter, MITRY [CD115] (",0.0,0.0
201400041524,27,3,14,15,1,93,5,2,1,1,6,HOTEL DE VILLE (PLACE DE,0.0,0.0
201400041525,27,3,14,19,5,93,5,2,1,1,3,"112, MITRY [CD115] (RUE",0.0,0.0
201400041526,28,3,14,17,1,93,5,2,4,1,3,JULES VALLES (RUE),0.0,0.0
201400041527,3,4,14,20,2,93,5,2,2,1,3,GROS PEUPLIER (AVENUE DU,0.0,0.0
201400041528,5,4,14,22,5,93,5,2,1,1,4,PREFET CHALEIL (CD44) (R,0.0,0.0
201400041529,10,4,14,8,1,93,5,2,6,1,6,JULES VALLES (RUE),0.0,0.0
201400041530,11,4,14,17,1,93,5,2,1,1,6,MOULIN DE LA VILLE (CHEM,0.0,0.0
201400041531,13,4,14,3,4,93,5,2,1,1,1,"59, PREFET CHALEIL (CD44",0.0,0.0
201400041532,14,4,14,17,1,93,5,2,1,1,6,"55, AUGUSTE RENOIR (RUE)",0.0,0.0
201400041533,16,4,14,10,1,93,5,2,2,1,1,JEAN CHARCOT [CD115] (RU,0.0,0.0
201400041534,19,4,14,10,1,93,5,2,1,1,2,"18, JEAN CHARCOT [CD115]",0.0,0.0
201400041535,26,4,14,1,5,93,5,2,1,1,3,MARC CHAGALL (BOULEVARD),0.0,0.0
201400041536,29,4,14,20,2,93,5,2,3,2,3,"86, LOUIS BLANC (AVENUE)",0.0,0.0
201400041537,2,5,14,17,1,93,5,2,1,1,4,SUZANNE LENGLEN (AVENUE),0.0,0.0
201400041538,3,5,14,19,1,93,5,2,6,1,6,EUROPE (CARREFOUR DE L'),0.0,0.0
201400041539,4,5,14,15,1,93,5,2,3,1,3,MARC CHAGALL (BOULEVARD),0.0,0.0
201400041540,5,5,14,14,1,93,5,2,1,1,3,"11, ANATOLE FRANCE (AVEN",0.0,0.0
201400041541,5,5,14,23,5,93,5,2,1,1,3,RAOUL DUFY (AVENUE),0.0,0.0
201400041542,7,5,14,16,1,93,5,2,1,2,6,", PREFET CHALEIL (CD44)",0.0,0.0
201400041543,8,5,14,21,5,93,5,2,1,2,7,"24, JULES PRINCET [CD115",0.0,0.0
201400041544,9,5,14,17,1,93,5,2,2,1,3,ROISSY EN FRANCE [CR N9],0.0,0.0
201400041545,9,5,14,18,1,93,5,2,3,1,6,JEAN BART (ALLEE),0.0,0.0
201400041546,12,5,14,16,1,93,5,2,1,2,6,"12, EDGAR DEGAS (RUE)",0.0,0.0
201400041547,17,5,14,2,5,93,5,2,2,1,3,JACQUES DUCLOS [CD44] (R,0.0,0.0
201400041548,18,5,14,19,1,93,5,2,3,7,6,DOCTEUR LAENNEC (ALLEE D,0.0,0.0
201400041549,19,5,14,19,1,93,5,2,1,1,6,"12, JACQUES DUCLOS [CD44",0.0,0.0
201400041550,19,5,14,20,1,93,5,2,2,1,6,LEFEVRE (BOULEVARD),0.0,0.0
201400041551,19,5,14,22,5,93,5,2,3,1,3,JULES PRINCET [CD115] (R,0.0,0.0
201400041552,22,5,14,22,5,93,5,2,1,1,6,JACQUES DUCLOS [CD44] (R,0.0,0.0
201400041553,24,5,14,16,1,93,5,2,1,1,6,GEORGES BRAQUE (BOULEVAR,0.0,0.0
201400041554,25,5,14,10,1,93,5,2,1,1,6,MITRY [CD115] (ROUTE DE),0.0,0.0
201400041555,2,6,14,0,5,93,5,2,3,8,6,MICHEL ANGE (RUE),0.0,0.0
201400041556,5,6,14,23,5,93,5,2,2,1,5,JEAN CHARCOT [CD115] (RU,0.0,0.0
201400041557,6,6,14,9,1,93,5,2,1,1,2,JACQUES DUCLOS [CD44] (R,0.0,0.0
201400041558,6,6,14,16,1,93,5,2,1,1,6,CAMILLE DESMOULINS (RUE),0.0,0.0
201400041559,6,6,14,19,1,93,5,2,1,1,6,EDGAR DEGAS (RUE),0.0,0.0
201400041560,7,6,14,20,1,93,5,2,1,1,6,", PAUL CEZANNE (RUE)",0.0,0.0
201400041561,10,6,14,12,1,93,5,2,3,2,3,MAXIME GORKI (RUE),0.0,0.0
201400041562,11,6,14,20,1,93,5,2,1,1,6,"91, MAXIMILIEN ROBESPIER",0.0,0.0
201400041563,13,6,14,16,1,93,5,2,1,1,2,COLONEL MOLL (RUE DU),0.0,0.0
201400041564,15,6,14,8,1,93,5,2,4,1,1,WALDECK ROUSSEAU (RUE),0.0,0.0
201400041565,15,6,14,17,1,93,5,1,6,1,6,ANDRE CITROEN (BOULEVARD,0.0,0.0
201400041566,18,6,14,19,1,93,5,2,2,1,3,ORDENER (RUE),0.0,0.0
201400041567,21,6,14,20,1,93,5,2,1,1,6,JACQUES DUCLOS [CD44] (R,0.0,0.0
201400041568,24,6,14,13,1,93,5,2,2,1,3,SALVADOR ALLENDE (COURS),0.0,0.0
201400041569,26,6,14,18,1,93,5,2,1,1,6,GEORGES BRAQUE (BOULEVAR,0.0,0.0
201400041570,1,7,14,17,1,93,5,2,1,1,6,"187, STRASBOURG (BOULEVA",0.0,0.0
201400041571,1,7,14,17,1,93,5,2,2,1,7,VOLTAIRE (RUE),0.0,0.0
201400041572,1,7,14,16,1,93,5,2,1,1,6,JACQUES DUCLOS [CD44] (R,0.0,0.0
201400041573,4,7,14,16,1,93,5,2,1,1,6,PARINOR,0.0,0.0
201400041574,8,7,14,16,1,93,5,2,2,1,3,PIMODAN (RUE DE),0.0,0.0
201400041575,9,7,14,19,1,93,5,2,3,3,2,MITRY [CD115] (ROUTE DE),0.0,0.0
201400041576,13,7,14,1,5,93,5,2,3,1,4,CHARLES DE GAULLE [CD115,0.0,0.0
201400041577,17,7,14,8,1,93,5,2,1,1,7,AMBOURGET (RUE),0.0,0.0
201400041578,19,7,14,10,1,93,5,2,1,1,6,JEAN CHARCOT [CD115] (RU,0.0,0.0
201400041579,20,7,14,5,2,93,5,2,6,2,6,PAUL CEZANNE (RUE),0.0,0.0
201400041580,23,7,14,23,5,93,5,2,1,1,3,"117, JACQUES DUCLOS [CD4",0.0,0.0
201400041581,24,7,14,17,1,93,5,2,3,1,6,"28, JULES PRINCET [CD115",0.0,0.0
201400041582,26,7,14,0,5,93,5,2,1,1,6,HUIT MAI (RUE DU),0.0,0.0
201400041583,28,7,14,12,1,93,5,2,3,1,3,"00, HENRI MATISSE (RUE)",0.0,0.0
201400041584,28,7,14,14,1,93,5,2,1,1,3,JULES PRINCET [CD115] (R,0.0,0.0
201400041585,30,7,14,13,1,93,5,2,1,1,1,OLIVIERS (RUE DES),0.0,0.0
201400041586,31,7,14,17,1,93,5,2,3,1,1,TURGOT (RUE),0.0,0.0
201400041587,1,8,14,16,1,93,5,2,1,1,2,GEORGES BRAQUE (BOULEVAR,0.0,0.0
201400041588,1,8,14,20,2,93,5,2,1,1,7,"13, BOUGAINVILLE (RUE DE",0.0,0.0
201400041589,6,8,14,0,5,93,5,2,1,1,2,"25, WALDECK ROUSSEAU (RU",0.0,0.0
201400041590,6,8,14,21,1,93,5,2,1,1,2,PAUL CEZANNE (RUE),0.0,0.0
201400041591,8,8,14,19,1,93,5,2,3,1,3,FELIX FAURE (BOULEVARD),0.0,0.0
201400041592,9,8,14,18,1,93,5,2,3,1,6,RAOUL DUFY (AVENUE),0.0,0.0
201400041593,11,8,14,1,5,93,5,2,1,1,6,RAOUL DUFY (AVENUE),0.0,0.0
201400041594,12,8,14,14,1,93,5,2,2,2,3,JULES PRINCET [CD115] (R,0.0,0.0
201400041595,15,8,14,17,1,93,5,2,1,1,7,"5, DAUPHINE (RUE DU)",0.0,0.0
201400041596,20,8,14,19,1,93,5,2,2,1,3,SAVIGNY (AVENUE DE),0.0,0.0
201400041597,28,7,14,18,1,93,5,2,1,1,6,EDGAR DEGAS (RUE),0.0,0.0
201400041598,26,8,14,14,1,93,5,2,1,1,6,BONDY (ROUTE DE),0.0,0.0
201400041599,6,9,14,12,1,93,5,2,1,1,6,JULES PRINCET [CD115] (R,0.0,0.0
201400041600,8,9,14,23,5,93,5,2,3,1,1,MARC CHAGALL (BOULEVARD),0.0,0.0
201400041601,10,9,14,8,1,93,5,2,2,1,3,ARTHUR CHEVALIER (RUE),0.0,0.0
201400041602,12,9,14,16,1,93,5,2,3,1,3,JACQUES DUCLOS [CD44] (R,0.0,0.0
201400041603,13,9,14,12,1,93,5,2,1,1,3,MITRY [CD115] (ROUTE DE),0.0,0.0
201400041604,13,9,14,18,1,93,5,2,1,1,3,LEON JOUHAUX (RUE),0.0,0.0
201400041605,13,9,14,18,1,93,5,2,1,1,2,GEORGES BRAQUE (BOULEVAR,0.0,0.0
201400041606,18,9,14,1,5,93,5,2,9,2,6,"49BIS, NONNEVILLE (AVENU",0.0,0.0
201400041607,24,9,14,22,5,93,5,2,6,1,3,SUZANNE LENGLEN (AVENUE),0.0,0.0
201400041608,6,10,14,18,2,93,5,2,2,2,3,ONZE NOVEMBRE (RUE DU),0.0,0.0
201400041609,8,10,14,10,1,93,5,2,1,3,6,PREFET CHALEIL (CD44) (R,0.0,0.0
201400041610,8,10,14,14,1,93,5,2,1,2,6,LOUISE MICHEL (RUE),0.0,0.0
201400041611,8,10,14,23,5,93,5,2,1,8,6,"25, JULES PRINCET [CD115",0.0,0.0
201400041612,8,10,14,14,1,93,5,1,4,2,6,EUROPE (CARREFOUR DE L',0.0,0.0
201400041613,11,10,14,9,1,93,5,2,1,3,4,PREFET CHALEIL (CD44) R,0.0,0.0
201400041614,13,10,14,17,1,93,5,2,1,1,6,"68, ANATOLE FRANCE (AVEN",0.0,0.0
201400041615,14,10,14,17,1,93,5,2,1,1,6,STRASBOURG (BOULEVARD DE,0.0,0.0
201400041616,14,10,14,18,1,93,5,2,1,1,3,JOSEPH MARIE JACQUARD (R,0.0,0.0
201400041617,15,10,14,18,2,93,5,2,6,2,6,ANDRE CITROEN (BOULEVARD,0.0,0.0
201400041618,17,10,14,21,5,93,5,2,1,2,3,HENRI MATISSE (RUE),0.0,0.0
201400041619,18,10,14,11,1,93,5,2,2,1,3,MARC CHAGALL (BOULEVARD),0.0,0.0
201400041620,18,10,14,13,1,93,5,2,5,1,1,LOUISE MICHEL (RUE),0.0,0.0
201400041621,21,10,14,16,1,93,5,2,1,2,6,JEAN CHARCOT [CD115] (RU,0.0,0.0
201400041622,22,10,14,17,1,93,5,2,2,1,6,MITRY [CD115] (RUE DE),0.0,0.0
201400041623,25,10,14,15,1,93,5,2,1,1,6,"26, MAURICE NILES (RUE)",0.0,0.0
201400041624,26,10,14,16,1,93,5,2,1,1,2,GEORGES BRAQUE (BOULEVAR,0.0,0.0
201400041625,31,10,14,21,5,93,5,2,3,1,1,HUIT MAI (RUE DU),0.0,0.0
201400041626,6,11,14,8,1,93,5,2,2,9,6,JEAN JAURES (AVENUE),0.0,0.0
201400041627,7,11,14,17,5,93,5,2,2,1,3,NEPTUNE (RUE DE),0.0,0.0
201400041628,7,11,14,20,5,93,5,2,2,1,3,POMEREU (AVENUE DE),0.0,0.0
201400041629,14,11,14,17,2,93,5,2,1,2,2,MICHEL ANGE (RUE),0.0,0.0
201400041630,14,11,14,5,5,93,5,2,6,2,3,PIERRE SEMARD (AVENUE),0.0,0.0
201400041631,15,11,14,8,1,93,5,2,1,1,6,MAXIMILIEN ROBESPIERRE (,0.0,0.0
201400041632,17,11,14,20,4,93,5,2,2,2,2,MARC CHAGALL (BOULEVARD),0.0,0.0
201400041633,27,11,14,8,1,93,5,2,6,2,6,"20, JEAN JAURES (AVENUE)",0.0,0.0
201400041634,30,11,14,12,1,93,5,2,2,8,1,PREFET CHALEIL (CD44) (R,0.0,0.0
201400041635,1,12,14,9,1,93,5,2,0,1,4,JEAN MONET (CARREFOUR),0.0,0.0
201400041636,1,12,14,16,1,93,5,2,0,8,6,PAUL CEZANNE (RUE),0.0,0.0
201400041637,4,12,14,16,2,93,5,2,0,1,6,HOTEL DE VILLE (BOULEVAR,0.0,0.0
201400041638,6,12,14,17,2,93,5,2,0,1,3,BRUNETIERE (RUE),0.0,0.0
201400041639,6,12,14,19,5,93,5,2,0,1,2,GEORGES BRAQUE (BOULEVAR,0.0,0.0
201400041640,7,12,14,18,5,93,5,2,0,2,3,ANDRE CITROEN (BOULEVARD,0.0,0.0
201400041641,8,12,14,13,1,93,5,2,6,2,2,GEORGES BRAQUE (BOULEVAR,0.0,0.0
201400041642,8,12,14,13,1,93,5,2,0,2,1,HOTEL DE VILLE (BOULEVAR,0.0,0.0
201400041643,9,12,14,8,1,93,5,2,2,9,7,ALIX (RUE),0.0,0.0
201400041644,9,12,14,11,1,93,5,2,3,1,2,SUZANNE LENGLEN (AVENUE),0.0,0.0
201400041645,11,12,14,17,1,93,5,2,1,1,6,MARECHAL JUIN (AVENUE DU,0.0,0.0
201400041646,12,12,14,12,1,93,5,2,0,2,6,MITRY [CD115] (ROUTE DE),0.0,0.0
201400041647,14,12,14,14,1,93,5,2,6,1,3,CLEMENT ADER (RUE),0.0,0.0
201400041648,15,12,14,20,5,93,5,2,1,2,3,JACQUES DUCLOS [CD44] (R,0.0,0.0
201400041649,18,12,14,14,1,93,5,2,1,8,2,MADRID (RUE DE),0.0,0.0
201400041650,25,12,14,22,5,93,5,2,1,1,6,"98, NONNEVILLE (AVENUE D",0.0,0.0
201400041651,26,12,14,21,5,93,5,2,6,2,6,EUROPE (CARREFOUR DE L'),0.0,0.0
201400041652,27,12,14,22,5,93,5,2,1,2,6,"24, JULES PRINCET [CD115",0.0,0.0
201400041653,29,12,14,12,1,93,5,2,1,1,5,GEORGES BRAQUE (BOULEVAR,0.0,0.0
201400041654,30,12,14,22,5,93,5,2,1,1,1,", MOULIN DE LA VILLE (CH",0.0,0.0
201400041655,1,1,14,14,1,93,7,2,1,1,1,ANATOLE FRANCE (RUE).,0.0,0.0
201400041656,2,1,14,15,1,93,7,2,1,1,3,"258, CHARLES FLOQUET (AV",0.0,0.0
201400041657,5,1,14,21,5,93,7,2,2,2,3,"106, CHARLES FLOQUET (AV",0.0,0.0
201400041658,18,1,14,16,2,93,7,2,1,1,3,02 ALBERT EINSTEIN (AVE,0.0,0.0
201400041659,23,1,14,17,5,93,7,2,1,2,6,"48, ""PAUL VAILLANT COUTU",0.0,0.0
201400041660,25,1,14,16,1,93,7,2,1,1,3,8 MAI 45 (AVENUE DU 1 AU,0.0,0.0
201400041661,27,1,14,6,5,93,7,2,1,2,6,"37, COSMONAUTES (AVENUE",0.0,0.0
201400041662,1,2,14,8,2,93,7,2,1,2,6,"26, PIERRE ET MARIE CURI",0.0,0.0
201400041663,3,2,14,16,1,93,7,2,1,1,4,VEUVE BOUQUIN (AVENUE),0.0,0.0
201400041664,5,2,14,14,1,93,7,2,3,2,3,"120, ""PAUL VAILLANT COUT",0.0,0.0
201400041665,7,2,14,15,1,93,7,2,1,1,6,"40, ""HENRI BARBUSSE (AVE",0.0,0.0
201400041666,7,2,14,15,1,93,7,2,1,1,6,"33, SURCOUF (AVENUE)",0.0,0.0
201400041667,8,2,14,10,1,93,7,2,2,2,3,"27, CHARLES GOUNOD (RUE)",0.0,0.0
201400041668,9,2,14,13,1,93,7,2,1,1,6,"16, ESPERANCE (AVENUE DE",0.0,0.0
201400041669,19,2,14,19,5,93,7,2,1,1,2,"""PAUL VAILLANT COUTURIER",0.0,0.0
201400041670,11,2,14,13,1,93,7,2,3,1,1,"44, ""MAXIME GORKY (RUE """,0.0,0.0
201400041671,12,2,14,18,5,93,7,2,1,2,2,"159, ""PAUL VAILLANT COUT",0.0,0.0
201400041672,27,2,14,9,1,93,7,2,2,3,3,ARISTIDE BRIAND (AVENUE,0.0,0.0
201400041673,1,3,14,14,1,93,7,2,2,1,3,"23, ROMAIN ROLLAND (AVEN",0.0,0.0
201400041674,9,3,14,11,1,93,7,2,9,1,6,"15, ""HENRI BARBUSSE (AVE",0.0,0.0
201400041675,11,3,14,18,1,93,7,2,1,1,3,"76, ARISTIDE BRIAND (AVE",0.0,0.0
201400041676,27,3,14,16,1,93,7,2,1,1,6,PETRODVORETS (RUE),0.0,0.0
201400041677,5,4,14,16,1,93,7,2,3,1,3,"122, ""REPUBLIQUE (AVENUE",0.0,0.0
201400041678,17,4,14,10,1,93,7,2,1,1,3,"179, ""PAUL VAILLANT COUT",0.0,0.0
201400041679,17,4,14,15,1,93,7,2,1,1,6,"12, BERGERAC (RUE DE)",0.0,0.0
201400041680,20,4,14,23,5,93,7,2,2,1,3,"""REPUBLIQUE (AVENUE DE L",0.0,0.0
201400041681,24,4,14,13,1,93,7,2,2,1,3,"0, ARISTIDE BRIAND (AVEN",0.0,0.0
201400041682,2,5,14,13,1,93,7,2,3,2,3,"""PAUL VAILLANT COUTURIER",0.0,0.0
201400041683,2,5,14,19,1,93,7,2,2,1,3,ARISTIDE BRIAND (AVENUE,0.0,0.0
201400041684,3,5,14,17,1,93,7,2,1,1,6,"""HENRI BARBUSSE (AVENUE",0.0,0.0
201400041685,5,5,14,13,1,93,7,2,1,1,6,"""DIDEROT (RUE """"DU 02 AU",0.0,0.0
201400041686,8,5,14,18,1,93,7,2,2,2,3,"""PAUL VAILLANT COUTURIER",0.0,0.0
201400041687,13,5,14,16,1,93,7,2,2,2,2,"3, PROFESSEUR FLEMING (A",0.0,0.0
201400041688,15,5,14,8,1,93,7,2,1,1,5,CHARLES FLOQUET (AVENUE),0.0,0.0
201400041689,22,5,14,19,1,93,7,2,1,1,7,"212, 8 MAI 45 (AVENUE DU",0.0,0.0
201400041690,7,6,14,16,1,93,7,2,2,1,2,"""HENRI BARBUSSE (AVENUE",0.0,0.0
201400041691,21,6,14,14,1,93,7,2,3,7,5,"108, ""HENRI BARBUSSE (AV",0.0,0.0
201400041692,27,6,14,16,1,93,7,2,3,1,1,"00, PETRODVORETZ (RUE)",0.0,0.0
201400041693,30,6,14,15,1,93,7,2,1,1,6,"""REPUBLIQUE (AVENUE DE L",0.0,0.0
201400041694,30,6,14,17,1,93,7,2,1,1,6,"""PAUL VAILLANT COUTURIER",0.0,0.0
201400041695,1,7,14,1,5,93,7,2,1,1,3,PAUL VAILLANT COUTURIER,0.0,0.0
201400041696,10,7,14,17,1,93,7,2,1,1,7,"""MAXIME GORKY (RUE "" COT",0.0,0.0
201400041697,4,8,14,22,5,93,7,2,3,1,4,"06, ""REPUBLIQUE  AVENUE",0.0,0.0
201400041698,16,8,14,18,1,93,7,2,3,1,3,COSMONAUTES (AVENUE DES,0.0,0.0
201400041699,25,9,14,8,1,93,7,2,1,1,7,"201-203, ""PAUL VAILLANT",0.0,0.0
201400041700,25,9,14,19,2,93,7,2,1,1,7,"41, ""DESCARTES (AVENUE """,0.0,0.0
201400041701,25,9,14,20,3,93,7,2,3,1,1,JUST HERAS (RUE),0.0,0.0
201400041702,3,10,14,9,1,93,7,2,2,1,6,"70, ""HENRI BARBUSSE (AVE",0.0,0.0
201400041703,3,10,14,14,1,93,7,2,3,1,2,"""DIDEROT (RUE """"DU 02 AU",0.0,0.0
201400041704,4,10,14,18,2,93,7,2,1,1,7,"32, BERNE (RUE DE)",0.0,0.0
201400041705,7,10,14,9,1,93,7,2,1,1,3,8 MAI 45 (AVENUE DU 184,0.0,0.0
201400041706,23,10,14,15,1,93,7,2,3,1,3,"84, 8 MAI 45 (AVENUE DU",0.0,0.0
201400041707,24,10,14,12,1,93,7,2,1,1,6,MARTYRS DE LA DEPORTATIO,0.0,0.0
201400041708,3,11,14,21,5,93,7,2,3,2,1,PASTEUR (AVENUE),0.0,0.0
201400041709,18,11,14,16,2,93,7,2,1,2,7,"07, EMILE ZOLA (RUE)",0.0,0.0
201400041710,20,11,14,17,5,93,7,2,1,2,6,"26, ""PAUL VAILLANT COUTU",0.0,0.0
201400041711,21,11,14,10,1,93,7,2,1,1,2,"212, ""PAUL VAILLANT COUT",0.0,0.0
201400041712,26,11,14,10,1,93,7,2,1,8,6,COSMONAUTES (AVENUE DES),0.0,0.0
201400041713,28,11,14,13,1,93,7,2,1,1,6,DIVISION LECLERC (AVENUE,0.0,0.0
201400041714,2,12,14,16,2,93,7,2,1,8,3,"210, 8 MAI 45 (AVENUE DU",0.0,0.0
201400041715,5,12,14,21,5,93,7,2,1,2,6,8 MAI 45 (AVENUE DU 184,0.0,0.0
201400041716,10,12,14,12,1,93,7,2,0,2,6,"""DESCARTES (AVENUE """"DU",0.0,0.0
201400041717,16,12,14,12,1,93,7,2,0,1,6,"35, ""MAXIME GORKY (RUE """,0.0,0.0
201400041718,17,12,14,7,3,93,7,2,8,3,6,8 MAI 45 (AVENUE DU 1 AU,0.0,0.0
201400041719,22,12,14,17,5,93,7,2,3,1,3,"26, ARISTIDE BRIAND (AVE",0.0,0.0
201400041720,28,12,14,21,5,93,7,2,1,1,3,"""PAUL VAILLANT COUTURIER",0.0,0.0
201400041721,30,12,14,11,1,93,7,2,1,1,2,8 MAI 45 (AVENUE DU 184,0.0,0.0
201400041722,1,1,14,4,5,93,8,2,6,2,7,ESTIENNE D'ORVES (RUE D',0.0,0.0
201400041723,3,1,14,19,5,93,8,2,1,1,6,ROND POINT REPIQUET.,0.0,0.0
201400041724,6,1,14,12,1,93,8,2,9,2,1,PICASSO (RUE PABLO),0.0,0.0
201400041725,13,1,14,16,1,93,8,2,9,1,3,01 PICASSO (RUE PABLO),0.0,0.0
201400041726,15,1,14,18,5,93,8,2,1,2,6,SEMARD (RUE PIERRE).,0.0,0.0
201400041727,17,1,14,12,1,93,8,2,9,1,7,PICASSO (RUE PABLO).,0.0,0.0
201400041728,21,1,14,17,5,93,8,2,9,1,6,ALLENDE-(AVE DU P. SALVA,0.0,0.0
201400041729,25,1,14,8,5,93,8,2,1,3,4,VAILLANT COUTURIER-(AVEN,0.0,0.0
201400041730,27,1,14,13,1,93,8,2,3,8,3,JURA (RUE DU).,0.0,0.0
201400041731,2,2,14,5,5,93,8,2,1,1,6,PARIS (RUE DE).,0.0,0.0
201400041732,2,2,14,22,5,93,8,2,1,1,5,JAURES (AVENUE JEAN).AAA,0.0,0.0
201400041733,8,2,14,16,1,93,8,2,1,1,3,THOREZ (BOULEVARD-MAURIC,0.0,0.0
201400041734,11,2,14,19,5,93,8,2,6,2,3,PLACE DE L'ABBE-GREGOIRE,0.0,0.0
201400041735,21,2,14,2,5,93,8,2,6,2,6,5 aLLENDE (AVE DU P. SA,0.0,0.0
201400041736,23,2,14,15,1,93,8,2,6,2,2,SEMARD (RUE PIERRE).,0.0,0.0
201400041737,4,3,14,7,1,93,8,2,1,1,2,"173, VAILLANT COUTURIER",0.0,0.0
201400041738,25,3,14,17,1,93,8,2,3,8,3,"0, GAUTIER (RUE HENRI)",0.0,0.0
201400041739,3,4,14,12,1,93,8,2,1,1,6,"6, BROUCXAU (RUE MARCEL)",0.0,0.0
201400041740,19,4,14,0,4,93,8,2,2,1,3,STALINGRAD (RUE DE) A10,0.0,0.0
201400041741,2,5,14,21,5,93,8,2,1,1,3,SEMARD (AVENUE PIERRE),0.0,0.0
201400041742,7,5,14,12,1,93,8,2,1,2,7,VAILLANT (AVENUE EDOUARD,0.0,0.0
201400041743,18,5,14,20,1,93,8,2,1,1,1,0 CACHIN (RUE MARCEL),0.0,0.0
201400041744,26,5,14,19,1,93,8,2,0,1,5,VAILLANT COUTURIER (AVEN,0.0,0.0
201400041745,27,5,14,18,1,93,8,2,1,1,1,"119, GAUTIER (RUE HENRI)",0.0,0.0
201400041746,31,5,14,5,2,93,8,2,1,1,3,21-43 STALINGRAD (RUE D,0.0,0.0
201400041747,8,6,14,18,1,93,8,2,1,1,6,VAILLANT COUTURIER (AVEN,0.0,0.0
201400041748,12,6,14,9,1,93,8,2,0,1,3,"144, BARBUSSE (AVENUE HE",0.0,0.0
201400041749,15,6,14,18,1,93,8,2,2,1,3,JURA (RUE DU),0.0,0.0
201400041750,18,6,14,19,1,93,8,2,3,1,2,ODESSA (RUE D'),0.0,0.0
201400041751,21,6,14,19,1,93,8,2,1,1,3,VAILLANT COUTURIER (AVEN,0.0,0.0
201400041752,21,6,14,22,2,93,8,2,3,1,6,FRACHON (RUE BENOIT)-,0.0,0.0
201400041753,29,7,14,15,1,93,53,2,1,8,3,"114, BREMENT (RUE DE) 10",0.0,0.0
201400041754,28,6,14,18,1,93,8,2,1,2,3,"12, VAILLANT COUTURIER (",0.0,0.0
201400041755,4,7,14,9,1,93,8,2,1,2,2,"161, PARIS (RUE DE)",0.0,0.0
201400041756,4,7,14,22,5,93,8,2,1,1,3,DIVISION LECLERC (AVENUE,0.0,0.0
201400041757,16,7,14,16,1,93,8,2,2,1,3,GRANDE DENISE (RUE DE LA,0.0,0.0
201400041758,18,7,14,15,1,93,8,2,1,1,6,261 STALINGRAD (RUE DE),0.0,0.0
201400041759,21,7,14,13,1,93,8,2,6,9,4,VAILLANT COUTURIER (AVE,0.0,0.0
201400041760,26,7,14,13,1,93,8,2,3,1,6,MARX (AVENUE KARL),0.0,0.0
201400041761,27,7,14,11,1,93,8,2,1,1,6,216 JAURES (AVENUE JEAN,0.0,0.0
201400041762,3,8,14,21,2,93,8,2,3,2,3,VALLES (RUE JULES),0.0,0.0
201400041763,16,8,14,11,1,93,8,2,1,1,2,PARIS (RUE DE),0.0,0.0
201400041764,28,8,14,2,5,93,8,2,1,1,2,"2-24, BARBUSSE (AVENUE H",0.0,0.0
201400041765,29,8,14,22,5,93,8,2,1,1,7,"15-29, PARIS (RUE DE)",0.0,0.0
201400041766,8,9,14,0,5,93,8,2,3,1,4,01 MENDES DES CARMES (R,0.0,0.0
201400041767,18,9,14,13,1,93,8,2,6,7,6,SEMARD (AVENUE PIERRE),0.0,0.0
201400041768,18,9,14,17,1,93,8,2,1,1,3,VAILLANT COUTURIER (AVEN,0.0,0.0
201400041769,20,9,14,20,5,93,8,2,3,2,2,REPUBLIQUE (RUE DE LA),0.0,0.0
201400041770,22,9,14,11,1,93,8,2,1,1,4,"224, BARBUSSE (AVENUE HE",0.0,0.0
201400041771,27,9,14,19,5,93,8,2,1,1,6,THOREZ (BOULEVARD MAURIC,0.0,0.0
201400041772,29,9,14,8,1,93,8,2,1,3,3,79 RENARD (RUE EDOUARD),0.0,0.0
201400041773,2,10,14,7,2,93,8,2,1,1,2,GAUTIER (RUE HENRI),0.0,0.0
201400041774,3,10,14,8,1,93,8,2,1,7,3,MARAT (RUE),0.0,0.0
201400041775,3,10,14,11,1,93,8,2,1,1,3,"70, JAURES (AVENUE JEAN)",0.0,0.0
201400041776,5,10,14,2,5,93,8,2,6,2,7,"435, VAILLANT COUTURIER",0.0,0.0
201400041777,6,10,14,15,1,93,8,2,1,1,2,VAILLANT COUTURIER (AVEN,0.0,0.0
201400041778,6,10,14,20,5,93,8,2,1,2,7,"124, STALINGRAD (RUE DE)",0.0,0.0
201400041779,7,10,14,9,1,93,8,2,1,2,6,PARIS (RUE DE),0.0,0.0
201400041780,7,10,14,14,1,93,8,2,1,2,6,"66, REPUBLIQUE (RUE DE L",0.0,0.0
201400041781,9,10,14,14,1,93,8,2,1,1,6,ANJOU (RUE D'),0.0,0.0
201400041782,11,10,14,18,5,93,8,2,1,1,6,PARIS (RUE DE),0.0,0.0
201400041783,20,10,14,3,5,93,8,2,3,1,6,BARBUSSE (AVENUE HENRI),0.0,0.0
201400041784,20,10,14,15,1,93,8,2,1,1,3,"85, VAILLANT (AVENUE EDO",0.0,0.0
201400041785,22,10,14,11,1,93,8,2,1,1,3,"2, REPUBLIQUE (RUE DE LA",0.0,0.0
201400041786,29,10,14,21,5,93,8,2,1,1,6,STALINGRAD (RUE DE) A10,0.0,0.0
201400041787,4,11,14,12,1,93,8,2,1,1,2,VAILLANT COUTURIER (AVEN,0.0,0.0
201400041788,4,11,14,17,5,93,8,2,1,1,6,BELWO (RUE PAUL),0.0,0.0
201400041789,4,11,14,18,5,93,8,2,1,1,6,FREUD (RUE SIGMUND),0.0,0.0
201400041790,7,11,14,16,1,93,8,2,1,1,6,"01, BARBUSSE (AVENUE HEN",0.0,0.0
201400041791,7,11,14,20,5,93,8,2,1,1,6,BELWO (RUE PAUL),0.0,0.0