Num_Acc,jour,mois,an,hr,condition_eclairage,departement,commune,condition_agglomeration,intersection,condition_atmosphere,type_collision,adresse,lattitude,longitude
201400041792,11,11,14,15,1,93,8,2,4,1,5,VAILLANT COUTURIER (AVEN,0.0,0.0
201400041793,16,11,14,23,5,93,8,2,1,2,7,BARBUSSE (AVENUE HENRI),0.0,0.0
201400041794,3,12,14,7,5,93,8,2,6,2,3,VAILLANT COUTURIER (AVEN,0.0,0.0
201400041795,6,12,14,1,5,93,8,2,0,1,1,VAILLANT COUTURIER (AVEN,0.0,0.0
201400041796,12,12,14,5,5,93,8,2,3,2,2,BARBUSSE (AVENUE HENRI),0.0,0.0
201400041797,13,12,14,12,1,93,8,2,1,2,2,"92, REPUBLIQUE (RUE DE L",0.0,0.0
201400041798,14,12,14,22,5,93,8,2,1,2,6,"216, BARBUSSE (AVENUE HE",0.0,0.0
201400041799,14,12,14,5,5,93,8,2,3,1,3,VAILLANT COUTURIER (AVEN,0.0,0.0
201400041800,17,12,14,19,5,93,8,2,1,1,3,PLACE SAINT JUSTE,0.0,0.0
201400041801,22,12,14,11,1,93,8,2,1,1,3,BARBUSSE (AVENUE HENRI),0.0,0.0
201400041802,25,12,14,12,1,93,8,2,2,1,3,REPUBLIQUE (RUE DE LA),0.0,0.0
201400041803,25,12,14,16,1,93,8,2,1,2,1,"107, VAILLANT (AVENUE ED",0.0,0.0
201400041804,28,12,14,20,5,93,8,2,0,1,6,BARBUSSE (AVENUE HENRI),0.0,0.0
201400041805,29,12,14,18,5,93,8,2,0,2,4,PARIS (RUE DE),0.0,0.0
201400041806,20,12,14,13,1,93,8,2,9,1,3,VAILLANT COUTURIER (AVEN,0.0,0.0
201400041807,27,12,14,20,5,93,8,2,1,2,2,VAILLANT COUTURIER (AVEN,0.0,0.0
201400041808,3,1,14,11,1,93,57,2,1,1,6,"41, HUGO (AV. VICTOR)",0.0,0.0
201400041809,5,1,14,12,1,93,10,2,1,1,3,"04, COLLARDEAU (RUE PHIL",0.0,0.0
201400041810,9,1,14,11,1,93,10,2,2,8,3,", BLANQUI (R. LOUIS-AUGU",0.0,0.0
201400041811,9,1,14,17,5,93,10,2,3,1,1,"200, GALLIENI (AV.) DE 1",0.0,0.0
201400041812,29,1,14,18,5,93,10,2,1,8,6,AULNAY (ROUTE) DE 123 A,0.0,0.0
201400041813,1,2,14,14,1,93,10,2,1,1,6,"105, GALLIENI (AV.) DE 1",0.0,0.0
201400041814,10,2,14,17,1,93,10,2,1,8,6,CARNOT (AV.) DE 56 A 129,0.0,0.0
201400041815,14,2,14,11,1,93,57,2,1,2,6,HUGO (AV. VICTOR),0.0,0.0
201400041816,19,2,14,16,1,93,10,2,5,1,3,GALLIENI (AV.) DE 177 A,0.0,0.0
201400041817,1,3,14,6,5,93,10,2,6,2,3,REPUBLIQUE (PL. DE LA).,0.0,0.0
201400041818,7,3,14,7,1,93,10,1,1,1,3,GALLIENI (AV) CONFORAMA,0.0,0.0
201400041819,8,3,14,19,5,93,57,2,1,1,1,JAURES (AV. JEAN) 1-A 12,0.0,0.0
201400041820,9,3,14,15,1,93,10,2,1,1,6,04 DORMOY (AV. MARX) DE,0.0,0.0
201400041821,10,3,14,9,1,93,57,2,1,1,1,LUXEMBOURG (AL. DE),0.0,0.0
201400041822,12,3,14,14,1,93,10,2,3,1,1,VAILLANT (RUE EDOUARD)-1,0.0,0.0
201400041823,11,3,14,17,1,93,10,2,1,1,1,GALLIENI (AV.) DE 177-A,0.0,0.0
201400041824,13,3,14,17,1,93,10,2,1,1,2,"000000000, GALLIENI (AV",0.0,0.0
201400041825,16,3,14,12,1,93,10,2,1,1,4,194 ROSNY (AV. DE),0.0,0.0
201400041826,20,3,14,10,1,93,10,2,1,1,2,GALLIENI (AV) DE 2 A 96,0.0,0.0
201400041827,24,3,14,2,5,93,10,2,1,1,3,"152, GALLIENI (AV.) DE",0.0,0.0
201400041828,24,3,14,13,1,93,10,2,1,1,6,105 GALLIENI (AV.) DE 1,0.0,0.0
201400041829,26,3,14,16,1,93,10,2,0,1,6,QUATORZE-JUILLET (AV DU,0.0,0.0
201400041830,26,3,14,17,1,93,10,2,1,1,6,31 VILLEMOMBLE (RTE DE),0.0,0.0
201400041831,2,4,14,12,1,93,10,2,8,1,6,GUESDES (RUE JULES),0.0,0.0
201400041832,4,4,14,14,1,93,57,2,3,1,3,"10, QUATORZE JUILLET (AV",0.0,0.0
201400041833,7,4,14,0,5,93,57,2,1,1,2,"16, BRIAND ( AV. ARISTID",0.0,0.0
201400041834,14,4,14,19,1,93,10,2,8,1,6,"140, BLANQUI (R. LOUIS-A",0.0,0.0
201400041835,12,4,14,8,1,93,10,2,9,1,3,QUATORZE-JUILLET (AV. DU,0.0,0.0
201400041836,19,4,14,18,1,93,10,2,1,1,6,LATTRE DE TASSIGNY (AV.,0.0,0.0
201400041837,23,4,14,13,1,93,10,2,1,1,6,"1, GUESDES (RUE JULES)",0.0,0.0
201400041838,30,4,14,8,1,93,57,2,1,1,6,"02, ZOLA (AL. EMILE)",0.0,0.0
201400041839,3,5,14,16,1,93,10,2,1,1,3,GALLIENI (AV.) DE 2 A 96,0.0,0.0
201400041840,15,5,14,18,1,93,10,2,1,1,6,"19, CARNOT (AV.) DE 1 A",0.0,0.0
201400041841,16,5,14,11,1,93,10,2,1,1,7,"78, SALENGRO (RUE ROGER)",0.0,0.0
201400041842,20,5,14,12,1,93,57,2,4,1,6,", PASTEUR (BD) 1 A 63",0.0,0.0
201400041843,25,5,14,6,1,93,57,2,3,1,3,"274, BRIAND (AV. ARISTID",0.0,0.0
201400041844,26,5,14,12,1,93,10,2,1,2,3,GALLIENI (AV.) DE 111 A,0.0,0.0
201400041845,10,6,14,12,1,93,10,2,1,2,3,"84, CARNOT (AV.) DE 56 A",0.0,0.0
201400041846,25,6,14,18,1,93,10,1,1,1,2,"51, GALLIENI (AV.) DE 1",0.0,0.0
201400041847,30,6,14,8,1,93,10,2,2,1,3,BLANQUI (AL. LOUIS-AUGUS,0.0,0.0
201400041848,30,6,14,13,1,93,10,2,5,1,3,GAMBETTA (PLACE),0.0,0.0
201400041849,6,7,14,10,1,93,10,2,2,2,7,GALLIENI (AV.) DE 2 A 96,0.0,0.0
201400041850,11,7,14,16,1,93,10,2,3,2,3,DEUX COMMUNES (AL. DES),0.0,0.0
201400041851,13,7,14,9,1,93,10,2,1,3,2,GALLIENI (AV.) 211,0.0,0.0
201400041852,14,7,14,19,1,93,10,2,1,1,6,"6, LUTHERKING (RUE MARTI",0.0,0.0
201400041853,17,7,14,7,1,93,57,2,3,1,6,"10, ROSNY (AL. DE)",0.0,0.0
201400041854,19,7,14,15,1,93,57,2,2,1,3,BRIAND (AV. ARISTIDE) 2,0.0,0.0
201400041855,19,7,14,20,1,93,10,2,3,2,3,QUATORZE-JUILLET (AV. DU,0.0,0.0
201400041856,22,7,14,18,1,93,10,2,1,1,5,"152, GALLIENI (AV.) DE 1",0.0,0.0
201400041857,25,7,14,18,1,93,10,1,3,1,1,DELAINE (RUE CESAR),0.0,0.0
201400041858,27,7,14,18,1,93,57,2,3,1,3,BRIAND (AV. ARISTIDE) 21,0.0,0.0
201400041859,28,7,14,18,1,93,10,2,1,1,6,"3, BOBILLOT (RUE DU SERG",0.0,0.0
201400041860,5,8,14,14,1,93,10,2,1,1,3,"44, SAKHAROV (RUE ANDREI",0.0,0.0
201400041861,6,8,14,19,1,93,57,2,3,1,6,PASTEUR (BD) 141 A FIN,0.0,0.0
201400041862,15,8,14,12,1,93,57,2,1,1,3,"132, BRIAND (AV. ARISTID",0.0,0.0
201400041863,20,8,14,16,1,93,10,2,8,1,6,"1, GUESDES (RUE JULES)",0.0,0.0
201400041864,27,8,14,9,1,93,10,2,3,2,1,"96, FRANCE (AV. ANATOLE)",0.0,0.0
201400041865,1,9,14,13,1,93,57,2,1,1,6,BRIAND ( AV. ARISTIDE) 3,0.0,0.0
201400041866,10,9,14,12,1,93,57,2,2,1,1,"29, BRIAND ( AV.  ARISTI",0.0,0.0
201400041867,12,9,14,18,1,93,10,2,1,1,3,"81, BARBUSSE (AV. HENRI)",0.0,0.0
201400041868,15,9,14,16,1,93,10,2,1,1,6,"166, GALLIENI (AV.) DE 1",0.0,0.0
201400041869,17,9,14,8,1,93,57,2,1,9,3,"7bis, BRIAND ( AV. ARIST",0.0,0.0
201400041870,17,9,14,10,1,93,10,2,1,1,2,GALLIENI (AV.) DE 1 A 10,0.0,0.0
201400041871,19,9,14,20,3,93,10,2,1,1,5,STAINS (RTE DE),0.0,0.0
201400041872,27,9,14,11,1,93,10,2,1,1,6,"00, SALENGRO (RUE ROGER)",0.0,0.0
201400041873,27,9,14,19,5,93,10,2,4,1,6,GALLIENI (AV.) DE 1 A 10,0.0,0.0
201400041874,29,9,14,7,2,93,10,2,1,2,6,"24, BARBUSSE (AV. HENRI)",0.0,0.0
201400041875,8,9,14,13,1,93,10,2,1,1,6,GUESDES (RUE JULES),0.0,0.0
201400041876,6,10,14,17,1,93,57,2,1,2,7,"42, MONTYON (AL.) 1 A 74",0.0,0.0
201400041877,7,10,14,17,1,93,10,2,1,1,6,"95, GUESDES (RUE JULES)",0.0,0.0
201400041878,8,10,14,7,5,93,10,2,4,3,6,"1, GALLIENI (AV.) DE 188",0.0,0.0
201400041879,11,10,14,21,5,93,10,2,0,1,6,GALLIENI (AV.) DE 2 A 96,0.0,0.0
201400041880,15,10,14,14,1,93,10,2,1,2,4,"68, AULNAY (ROUTE) COTE",0.0,0.0
201400041881,18,10,14,17,1,93,10,2,9,1,3,GALLIENI (AV) DE 188 A,0.0,0.0
201400041882,31,10,14,0,5,93,10,2,2,1,3,"105, AULNAY (ROUTE) DE 4",0.0,0.0
201400041883,1,11,14,0,5,93,57,2,1,1,4,0000000000 BRIAND (AV.,0.0,0.0
201400041884,5,11,14,8,1,93,10,2,1,1,2,"175, GALLIENI (AV.) DE 1",0.0,0.0
201400041885,5,11,14,17,5,93,57,2,1,1,1,"116, BRIAND (AV. ARISTID",0.0,0.0
201400041886,7,11,14,17,5,93,57,2,2,1,3,BRIAND ( AV.  ARISTIDE),0.0,0.0
201400041887,9,11,14,18,5,93,57,2,3,1,3,MONTYON (AL.) 1 A 74,0.0,0.0
201400041888,10,11,14,12,1,93,10,2,1,8,3,200 GALLIENI (AV.) DE 1,0.0,0.0
201400041889,11,11,14,15,1,93,10,2,1,1,6,", BUISSON (AV. SUZANNE)",0.0,0.0
201400041890,12,11,14,15,1,93,57,2,3,1,3,"73, PASTEUR (BD) 65 A 13",0.0,0.0
201400041891,17,11,14,17,5,93,57,2,9,2,3,BOUVINES (AL. DE),0.0,0.0
201400041892,8,11,14,1,5,93,57,2,2,1,3,", BRIAND (AV. ARISTIDE)",0.0,0.0
201400041893,20,11,14,8,1,93,57,2,1,1,3,JAURES (AV. JEAN) 125 A,0.0,0.0
201400041894,21,11,14,18,1,93,10,2,3,1,3,VAILLANT (RUE EDOUARD) 2,0.0,0.0
201400041895,24,11,14,8,1,93,10,2,9,1,6,BOBILLOT (RUE DU SERGENT,0.0,0.0
201400041896,26,11,14,16,5,93,57,2,1,8,6,"45, MONTYON (AL.) 1 A 74",0.0,0.0
201400041897,27,11,14,18,5,93,10,2,1,1,7,9 BLUM (AV. LEON),0.0,0.0
201400041898,30,11,14,17,1,93,10,2,1,1,2,"202, GALLIENI (AV.) DE 1",0.0,0.0
201400041899,2,12,14,19,5,93,57,2,0,1,2,"1, BRIAND ( AV. ARISTIDE",0.0,0.0
201400041900,8,12,14,8,2,93,10,2,1,1,6,"55, CARNOT (AV.) DE 1 A",0.0,0.0
201400041901,15,12,14,13,1,93,10,2,1,2,3,"106, GALLIENI (AV.) DE 9",0.0,0.0
201400041902,15,12,14,16,3,93,10,2,4,2,3,LATTRE DE TASSIGNY (AV.,0.0,0.0
201400041903,17,12,14,11,1,93,10,2,1,2,1,"66, AULNAY (ROUTE) COTE",0.0,0.0
201400041904,23,12,14,0,5,93,10,2,2,1,3,GALLIENI (AV.) DE 2 A 96,0.0,0.0
201400041905,23,12,14,6,2,93,57,2,3,1,3,"118, JAURES (AV. JEAN) 1",0.0,0.0
201400041906,24,12,14,15,1,93,57,2,0,2,3,BRIAND (AV. ARISTIDE) 2,0.0,0.0
201400041907,25,12,14,20,5,93,10,2,9,1,1,"243, ROSNY (AV. DE)",0.0,0.0
201400041908,25,12,14,20,5,93,10,2,1,1,3,GALLIENI (AV.) DE 177 A,0.0,0.0
201400041909,26,12,14,19,5,93,10,2,1,2,1,QUATORZE-JUILLET (AV. DU,0.0,0.0
201400041910,30,12,14,18,5,93,10,2,0,1,2,"ignor?, GALLIENI (AV.) D",0.0,0.0
201400041911,1,1,14,17,5,93,47,2,3,2,3,BARGUE  (BOULEVARD),0.0,0.0
201400041912,7,1,14,8,2,93,47,2,1,1,6,"0, CLICHY (AVENUE DE)",0.0,0.0
201400041913,7,1,14,17,5,93,14,2,1,2,6,"0, SEVIGNE (AVENUE DE)",0.0,0.0
201400041914,8,1,14,9,1,93,14,2,1,1,6,GAGARINE (BOULEVARD),0.0,0.0
201400041915,9,1,14,12,1,93,14,2,1,2,6,SEVIGNE (AVENUE DE),0.0,0.0
201400041916,16,1,14,6,2,93,14,2,5,2,1,MONTFERMEIL (ALLEE DE).,0.0,0.0
201400041917,18,1,14,12,1,93,47,2,2,1,3,NOTRE DAMES DES ANGES  (,0.0,0.0
201400041918,23,1,14,15,1,93,14,2,7,2,3,"227, MONTFERMEIL (ALLEE",0.0,0.0
201400041919,25,1,14,16,1,93,47,2,2,1,3,GABRIEL PERI  (AVENUE),0.0,0.0
201400041920,27,1,14,22,5,93,47,2,2,8,3,"206, DANIEL PERDRIGE  (A",0.0,0.0
201400041921,6,2,14,19,5,93,14,2,1,1,6,", MAURICE AUDIN (ALLEE)",0.0,0.0
201400041922,12,2,14,19,5,93,47,2,2,2,3,GENERAL DE GAULLE (RUE D,0.0,0.0
201400041923,12,2,14,22,5,93,47,2,2,2,3,BLEUETS (AVENUE DES),0.0,0.0
201400041924,27,2,14,13,1,93,14,2,9,2,3,", MAURICE AUDIN (ALLEE)",0.0,0.0
201400041925,28,2,14,8,1,93,14,2,2,2,6,"0, GAGNY (ALLEE DE)",0.0,0.0
201400041926,2,3,14,12,1,93,47,2,3,1,3,"0, MESANGES  (AVENUE DES",0.0,0.0
201400041927,8,3,14,13,1,93,47,2,3,1,3,GENERAL LECLERC  (RUE DU,0.0,0.0
201400041928,19,3,14,10,1,93,47,2,1,1,1,"51, MOULINS  (RUE DES)",0.0,0.0
201400041929,19,3,14,13,1,93,14,2,1,1,6,"3, JULES VEDRINES (ALLEE",0.0,0.0
201400041930,19,3,14,15,1,93,47,2,2,1,3,"0, NOTRE DAMES DES ANGES",0.0,0.0
201400041931,28,3,14,9,1,93,47,2,3,1,2,"0, COUBRON (RUE DE )",0.0,0.0
201400041932,28,3,14,16,1,93,47,2,3,1,6,"0, HIRONDELLES (AVENUE D",0.0,0.0
201400041933,1,4,14,16,1,93,14,2,2,1,3,"0, GAGNY (ALLEE DE)",0.0,0.0
201400041934,1,4,14,20,2,93,14,2,2,1,3,ANATOLE FRANCE (ALLEE),0.0,0.0
201400041935,4,4,14,13,1,93,47,2,1,1,2,"0, EUROPE (BOULEVARD DE",0.0,0.0
201400041936,11,4,14,14,1,93,47,2,2,1,3,"0, CHARMILLES (AVENUE DE",0.0,0.0
201400041937,11,4,14,14,1,93,47,2,2,1,3,CHARMILLES (AVENUE DES),0.0,0.0
201400041938,17,4,14,17,1,93,47,2,3,1,7,"1, COROT (RUE)",0.0,0.0
201400041939,17,4,14,17,1,93,14,2,2,1,6,ETIENNE LAURENT (ALLEE),0.0,0.0
201400041940,19,4,14,12,1,93,14,2,1,1,2,"0, GAGARINE (BOULEVARD)",0.0,0.0
201400041941,25,4,14,18,1,93,14,2,1,1,3,TEMPLE (BOULEVARD DU),0.0,0.0
201400041942,26,4,14,11,1,93,47,2,2,3,6,JEAN JAURES (AVENUE),0.0,0.0
201400041943,30,4,14,19,1,93,47,2,1,1,2,GENERAL LECLERC  (RUE DU,0.0,0.0
201400041944,3,5,14,14,1,93,47,2,3,1,3,DOCTEUR ROUX (RUE DU),0.0,0.0
201400041945,13,5,14,14,1,93,14,2,3,3,5,JEAN MOULIN (AVENUE),0.0,0.0
201400041946,16,5,14,13,1,93,14,2,1,1,6,"03, VICTOR HUGO (ALLEE)",0.0,0.0
201400041947,16,5,14,17,1,93,47,2,9,1,3,"186, JEAN JAURES (AVENUE",0.0,0.0
201400041948,17,5,14,14,1,93,47,2,6,1,3,ARAGO  (PLACE),0.0,0.0
201400041949,24,5,14,19,1,93,14,1,1,2,7,STRATEGIQUE (ROUTE),0.0,0.0
201400041950,28,7,14,13,1,93,14,2,1,1,3,"49 BIS, CHAPELLE (ALLEE",0.0,0.0
201400041951,10,6,14,15,1,93,47,2,2,2,3,ARTS  (AVENUE DES),0.0,0.0
201400041952,13,6,14,21,2,93,47,2,2,1,3,EUROPE (BOULEVARD DE L'),0.0,0.0
201400041953,29,5,14,2,5,93,47,2,3,1,3,", JEAN JAURES (AVENUE)",0.0,0.0
201400041954,2,6,14,15,1,93,14,2,1,1,2,JULES VALLES (ALLEE),0.0,0.0
201400041955,11,6,14,22,5,93,47,2,5,1,3,JEAN JAURES (AVENUE),0.0,0.0
201400041956,17,6,14,17,1,93,14,2,1,1,6,GAGNY (ALLEE DE),0.0,0.0
201400041957,22,6,14,2,5,93,14,2,1,1,1,GAGNY (ALLEE DE),0.0,0.0
201400041958,2,7,14,17,1,93,14,2,1,1,2,"4, GAGNY (ALLEE DE)",0.0,0.0
201400041959,3,7,14,20,1,93,14,2,1,1,3,"3, GAGNY (ALLEE DE)",0.0,0.0
201400041960,7,7,14,19,1,93,14,2,2,2,3,"221 / 223, MONTFERMEIL (",0.0,0.0
201400041961,17,7,14,11,1,93,14,2,1,1,7,MAURICE AUDIN (ALLEE),0.0,0.0
201400041962,16,7,14,23,5,93,47,2,3,1,6,JEAN JAURES (AVENUE),0.0,0.0
201400041963,4,8,14,17,1,93,14,2,1,1,6,SEVIGNE (AVENUE DE),0.0,0.0
201400041964,18,8,14,21,4,93,47,2,1,1,6,COUBRON (RUE DE ),0.0,0.0
201400041965,20,8,14,17,1,93,47,2,1,1,6,BARGUE  (BOULEVARD),0.0,0.0
201400041966,4,9,14,17,1,93,47,2,3,1,3,", JEAN JAURES (AVENUE)",0.0,0.0
201400041967,4,9,14,20,5,93,14,2,1,1,3,", MAURICE AUDIN (ALLEE)",0.0,0.0
201400041968,9,9,14,17,1,93,14,2,1,1,3,GAGNY (ALLEE DE),0.0,0.0
201400041969,12,9,14,15,1,93,47,2,3,1,4,GENERAL LECLERC  (RUE DU,0.0,0.0
201400041970,15,9,14,20,1,93,47,2,3,1,1,MUGUETS  (AVENUE DES),0.0,0.0
201400041971,18,9,14,9,1,93,47,2,2,1,3,"170, JEAN JAURES (AVENUE",0.0,0.0
201400041972,22,9,14,11,1,93,47,2,1,1,6,BARGUE  (BOULEVARD),0.0,0.0
201400041973,29,9,14,7,1,93,47,2,1,2,3,MYOSOTIS   (AVENUE DES),0.0,0.0
201400041974,4,10,14,14,1,93,47,2,1,1,3,"16, PASCAL  (AVENUE)",0.0,0.0
201400041975,18,10,14,12,1,93,47,2,5,1,3,"137, JEAN JAURES (AVENUE",0.0,0.0
201400041976,22,10,14,16,1,93,47,2,1,1,6,"170, GABRIEL PERI  (AVEN",0.0,0.0
201400041977,26,10,14,15,1,93,47,2,2,1,3,MYOSOTIS   (AVENUE DES),0.0,0.0
201400041978,26,10,14,17,1,93,47,2,2,1,3,JEAN JAURES (AVENUE),0.0,0.0
201400041979,31,10,14,16,1,93,47,2,2,1,3,MARGUERITES  (PLACE DES),0.0,0.0
201400041980,3,11,14,11,1,93,47,2,1,1,6,"41, GENERAL LECLERC  (RU",0.0,0.0
201400041981,15,11,14,20,5,93,47,2,2,1,3,JEAN JAURES (AVENUE),0.0,0.0
201400041982,16,11,14,8,1,93,47,2,3,2,3,"147, EUROPe (BOULEVARD D",0.0,0.0
201400041983,16,11,14,18,5,93,47,2,1,2,2,JEAN JAURES (AVENUE),0.0,0.0
201400041984,17,11,14,9,1,93,47,2,1,8,6,"102, CHEVREUL (AVENUE)",0.0,0.0
201400041985,18,11,14,20,5,93,47,2,0,2,1,", JEAN JAURES (AVENUE)",0.0,0.0
201400041986,23,11,14,19,5,93,14,2,0,1,1,"56, POSTES (CHEMIN DES)",0.0,0.0
201400041987,26,11,14,19,5,93,47,2,1,2,3,HARDY  (BOULEVARD),0.0,0.0
201400041988,27,11,14,8,1,93,14,2,1,5,1,MONTFERMEIL (ALLEE DE),0.0,0.0
201400041989,28,11,14,9,1,93,14,1,0,1,7,STRATEGIQUE (ROUTE),0.0,0.0
201400041990,1,12,14,18,5,93,14,2,1,2,6,JEAN MOULIN (AVENUE),0.0,0.0
201400041991,1,12,14,21,5,93,14,2,6,2,6,"23B, ROMAIN ROLLAND (ALL",0.0,0.0
201400041992,2,12,14,17,5,93,47,2,0,2,6,GENERAL LECLERC  (RUE DU,0.0,0.0
201400041993,2,12,14,17,5,93,14,2,1,2,1,SEVIGNE (AVENUE DE),0.0,0.0
201400041994,3,12,14,16,1,93,14,2,1,1,7,MAURICE AUDIN (ALLEE),0.0,0.0
201400041995,4,12,14,18,5,93,47,2,1,2,2,"197, JEAN JAURES (AVENUE",0.0,0.0
201400041996,7,12,14,18,5,93,14,2,1,2,1,", AUGUSTE GENEVIEV  (ALL",0.0,0.0
201400041997,12,12,14,16,2,93,47,2,1,6,2,JEAN JAURES (AVENUE),0.0,0.0
201400041998,17,12,14,11,1,93,47,2,3,2,3,"195, JEAN JAUREs (AVENUE",0.0,0.0
201400041999,29,12,14,13,1,93,47,2,1,1,5,GENERAL LECLERC  (RUE DU,0.0,0.0
201400042000,31,12,14,21,5,93,14,2,3,1,5,EMILE ZOLA (BOULEVARD),0.0,0.0
201400042001,1,1,14,18,5,93,13,2,2,2,3,CAVILLON (RUE ANIZAN),0.0,0.0
201400042002,4,1,14,23,5,93,27,2,2,1,3,VAILLANT-COUTURIER (AVEN,0.0,0.0
201400042003,5,1,14,13,1,93,13,2,1,1,3,"77-79, LECLERC (AVENU DE",0.0,0.0
201400042004,6,1,14,16,1,93,13,2,1,1,3,ROLLAND (RUE DU CDT),0.0,0.0
201400042005,8,1,14,8,1,93,13,2,1,1,2,"39, ROLLAND (RUE DU CDT)",0.0,0.0
201400042006,9,1,14,3,5,93,30,2,1,8,6,"100, HUIT-MAI-1945 (AVEN",0.0,0.0
201400042007,11,1,14,14,1,93,13,2,1,1,3,"21, JAURES (AVENUE JEAN)",0.0,0.0
201400042008,14,1,14,18,2,93,27,2,1,1,2,VAILLANT-COUTURIER (AVEN,0.0,0.0
201400042009,15,1,14,19,5,93,27,2,1,2,3,"2, CACHIN (AVENUE MARCEL",0.0,0.0
201400042010,18,1,14,20,3,93,27,2,1,1,2,"89, BARBUSSE (AVENUE HEN",0.0,0.0
201400042011,21,1,14,14,1,93,27,2,1,1,5,"34, VAILLANT-COUTURIER (",0.0,0.0
201400042012,25,1,14,10,1,93,27,2,2,2,2,RASPAIL (RUE),0.0,0.0
201400042013,3,2,14,17,2,93,27,2,2,1,3,"0, CONVENTION (RUE DE LA",0.0,0.0
201400042014,5,2,14,7,2,93,13,2,1,8,6,"4, LECLERC (AVENU DE LA",0.0,0.0
201400042015,13,2,14,18,3,93,30,2,1,3,1,THOREZ (RUE MAURICE),0.0,0.0
201400042016,15,2,14,14,1,93,27,2,2,1,5,"123, VAILLANT-COUTURIER",0.0,0.0
201400042017,20,2,14,10,1,93,13,2,1,2,6,113 LECLERC (AVENU DE L,0.0,0.0
201400042018,13,2,14,19,5,93,13,2,1,2,6,CAVILLON (RUE ANIZAN),0.0,0.0
201400042019,22,2,14,17,1,93,30,2,9,1,6,NORMANDIE-NIEMEN (RUE),0.0,0.0
201400042020,26,2,14,18,2,93,27,2,1,1,7,"8, PASTEUR (BOULEVARD) D",0.0,0.0
201400042021,27,2,14,21,5,93,27,2,2,2,3,", PASTEUR (BOULEVARD) DE",0.0,0.0
201400042022,7,3,14,17,1,93,30,2,1,1,6,"1, RESISTANCE (RUE DE LA",0.0,0.0
201400042023,8,3,14,6,2,93,27,1,6,1,7,ROCHET (RUE WALDECK),0.0,0.0
201400042024,10,3,14,18,1,93,27,2,3,1,6,LAMARTINE (RUE),0.0,0.0
201400042025,29,3,14,14,1,93,27,2,3,1,3,", VAILLANT-COUTURIER (AV",0.0,0.0
201400042026,25,3,14,8,1,93,27,2,3,2,3,FERRY (RUE JULES),0.0,0.0
201400042027,1,4,14,14,1,93,27,2,1,1,3,"98, MERMOZ (AVENUE JEAN)",0.0,0.0
201400042028,2,4,14,8,1,93,13,2,1,1,2,"25, LECLERC (AVENU DE LA",0.0,0.0
201400042029,5,4,14,9,1,93,13,2,3,1,2,"07, KENNEDY (AVENUE JOHN",0.0,0.0
201400042030,7,4,14,14,1,93,27,2,1,1,2,"54, VAILLANT-COUTURIER (",0.0,0.0
201400042031,8,4,14,22,5,93,27,2,2,1,3,PASTEUR (BOULEVARD) DE 1,0.0,0.0
201400042032,12,4,14,15,1,93,13,1,1,1,4,LINDBERGH (CARREFOUR),0.0,0.0
201400042033,16,4,14,16,1,93,13,2,1,1,6,"18, GUYNEMER (RUE)",0.0,0.0
201400042034,16,4,14,16,1,93,27,2,1,1,6,VAILLANT-COUTURIER (AVEN,0.0,0.0
201400042035,23,4,14,18,1,93,13,2,1,1,6,"20, JAURES (AVENUE JEAN)",0.0,0.0
201400042036,27,4,14,20,2,93,13,2,3,1,2,"21, JAURES (AVENUE JEAN)",0.0,0.0
201400042037,28,4,14,12,1,93,13,2,1,1,2,"77/79, LECLERC (AVENU DE",0.0,0.0
201400042038,30,4,14,7,1,93,13,2,1,1,3,"53, LECLERC (AVENU DE LA",0.0,0.0
201400042039,2,5,14,17,1,93,13,2,1,1,1,KENNEDY (AVENUE JOHN FIT,0.0,0.0
201400042040,2,5,14,16,1,93,13,2,1,1,6,LECLERC (AVENU DE LA DIV,0.0,0.0
201400042041,3,5,14,20,2,93,27,2,3,1,2,BEAUFILS (RUE),0.0,0.0
201400042042,5,5,14,7,1,93,13,2,2,1,6,"45, LECLERC (AVENU DE LA",0.0,0.0
201400042043,5,5,14,10,1,93,13,2,1,1,6,"59, LECLERC (AVENU DE LA",0.0,0.0
201400042044,8,5,14,14,1,93,27,2,1,2,6,"66, VAILLANT-COUTURIER (",0.0,0.0
201400042045,8,5,14,16,1,93,27,1,1,3,2,JAURES (AVENUE JEAN),0.0,0.0
201400042046,10,5,14,11,1,93,27,2,1,2,3,"92, ROCHET (RUE WALDECK)",0.0,0.0
201400042047,15,5,14,10,1,93,13,2,1,1,6,"32, ROLLAND (RUE DU CDT)",0.0,0.0
201400042048,17,5,14,13,1,93,27,2,1,1,6,"52, JAURES (AVENUE JEAN)",0.0,0.0
201400042049,18,5,14,20,2,93,13,2,5,1,3,KENNEDY (AVENUE JOHN FIT,0.0,0.0
201400042050,21,5,14,23,5,93,30,2,1,2,6,HUIT-MAI-1945 (AVENUE DU,0.0,0.0
201400042051,30,5,14,7,1,93,13,2,3,1,3,"121, LECLERC (AVENU DE L",0.0,0.0
201400042052,3,6,14,18,1,93,30,2,2,1,3,GUYNEMERS (RUE GEORGES),0.0,0.0
201400042053,30,4,14,18,1,93,27,2,1,8,2,SALENGRO (AVENUE ROGER),0.0,0.0
201400042054,12,6,14,8,1,93,27,2,1,1,3,VAILLANT-COUTURIER (AVEN,0.0,0.0
201400042055,15,6,14,1,5,93,30,2,1,1,6,HUIT-MAI-1945 (AVENUE DU,0.0,0.0
201400042056,15,6,14,15,1,93,27,2,2,1,3,"91, CONVENTION (RUE DE L",0.0,0.0
201400042057,16,6,14,17,1,93,13,2,1,1,3,GUYNEMER (RUE),0.0,0.0
201400042058,23,6,14,8,1,93,27,2,1,1,1,"51, LECLERC (AVENUE DU G",0.0,0.0
201400042059,5,7,14,9,1,93,27,2,1,2,4,CONVENTION (RUE DE LA),0.0,0.0
201400042060,6,6,14,17,1,93,27,2,1,7,3,"75, BARBUSSE (AVENUE HEN",0.0,0.0
201400042061,8,7,14,7,1,93,27,2,1,2,6,VAILLANT-COUTURIER (AVEN,0.0,0.0
201400042062,13,7,14,3,5,93,13,2,1,1,2,"86, LECLERC (AVENU DE LA",0.0,0.0
201400042063,18,7,14,17,1,93,27,2,3,1,3,CONVENTION (RUE DE LA),0.0,0.0
201400042064,18,7,14,19,1,93,27,2,1,1,6,"13, CORNEILLE (RUE)",0.0,0.0
201400042065,22,7,14,3,5,93,27,2,1,1,3,PASTEUR (BOULEVARD) DE 1,0.0,0.0
201400042066,22,7,14,8,1,93,27,2,3,1,3,CACHIN (AVENUE MARCEL),0.0,0.0
201400042067,28,7,14,4,5,93,27,2,1,3,6,HUIT-MAI-1945 (PLACE DU),0.0,0.0