Num_Acc,jour,mois,an,hr,condition_eclairage,departement,commune,condition_agglomeration,intersection,condition_atmosphere,type_collision,adresse,lattitude,longitude
201400042068,5,8,14,0,5,93,27,2,1,1,6,"132, VAILLANT-COUTURIER",0.0,0.0
201400042069,16,9,14,9,1,93,27,2,2,1,3,CURIE (RUE PIERRE),0.0,0.0
201400042070,17,9,14,12,1,93,27,2,3,1,2,"25, CACHIN (AVENUE MARCE",0.0,0.0
201400042071,9,8,14,13,1,93,27,2,1,1,6,SALENGRO (AVENUE ROGER),0.0,0.0
201400042072,10,8,14,2,5,93,27,2,1,2,4,VAILLANT-COUTURIER (AVEN,0.0,0.0
201400042073,17,6,14,18,1,93,27,2,6,1,3,", PASTEUR (BOULEVARD) DE",0.0,0.0
201400042074,19,6,14,19,1,93,13,2,1,7,3,MIREILLE (RUE),0.0,0.0
201400042075,21,6,14,20,1,93,27,2,1,1,6,QUINET (RUE EDGAR),0.0,0.0
201400042076,24,6,14,11,1,93,27,2,1,1,3,JAURES (AVENUE JEAN),0.0,0.0
201400042077,1,7,14,19,1,93,27,1,1,1,7,"51, SALENGRO (AVENUE ROG",0.0,0.0
201400042078,7,7,14,20,1,93,13,2,1,2,3,LECLERC (AVENU DE LA DIV,0.0,0.0
201400042079,7,8,14,15,1,93,27,2,2,3,3,"1, PASTEUR (BOULEVARD) D",0.0,0.0
201400042080,7,8,14,17,1,93,27,2,1,1,7,CONVENTION (RUE DE LA),0.0,0.0
201400042081,8,8,14,8,1,93,27,2,2,2,3,CONVENTION (RUE DE LA),0.0,0.0
201400042082,8,8,14,13,1,93,30,2,1,2,4,CROIZAT (AVENUE AMBROISE,0.0,0.0
201400042083,11,8,14,19,1,93,13,1,3,1,1,MIREILLE (RUE),0.0,0.0
201400042084,14,8,14,21,5,93,13,2,1,3,6,"45, LECLERC (AVENU DE LA",0.0,0.0
201400042085,19,8,14,22,5,93,30,2,3,1,3,CROIZAT (AVENUE AMBROISE,0.0,0.0
201400042086,24,8,14,5,5,93,27,2,1,1,6,"80, CONVENTION (RUE DE L",0.0,0.0
201400042087,5,9,14,8,1,93,27,2,1,1,2,PASTEUR (BOULEVARD) DE 1,0.0,0.0
201400042088,8,9,14,20,2,93,30,2,1,1,7,"0, LECLERC DE HAUTECLOQU",0.0,0.0
201400042089,11,9,14,8,1,93,27,2,1,1,6,"76, CONVENTION (RUE DE L",0.0,0.0
201400042090,14,9,14,15,1,93,27,2,1,1,7,"56, BARBUSSE (AVENUE HEN",0.0,0.0
201400042091,15,9,14,14,1,93,13,2,1,1,6,"6 bis, KENNEDY (AVENUE J",0.0,0.0
201400042092,16,9,14,17,1,93,30,2,1,1,1,21 LARIVIERE (RUE LOUIS,0.0,0.0
201400042093,17,9,14,17,1,93,27,2,1,1,6,56 PASTEUR (BOULEVARD),0.0,0.0
201400042094,19,9,14,8,1,93,30,2,1,1,6,238 HUIT-MAI-1945 (AVEN,0.0,0.0
201400042095,27,9,14,16,1,93,13,2,1,1,6,"95, LECLERC (AVENU DE LA",0.0,0.0
201400042096,28,9,14,10,1,93,27,2,6,1,4,SALENGRO (AVENUE ROGER),0.0,0.0
201400042097,1,10,14,19,3,93,13,2,1,1,6,"47, JAURES (AVENUE JEAN)",0.0,0.0
201400042098,7,10,14,12,1,93,27,2,1,8,7,QUINET (RUE EDGAR),0.0,0.0
201400042099,10,10,14,0,5,93,13,2,1,1,2,"6, LECLERC (AVENU DE LA",0.0,0.0
201400042100,10,10,14,16,1,93,27,2,1,1,3,84 BARBUSSE (AVENUE HEN,0.0,0.0
201400042101,11,10,14,22,5,93,27,2,1,1,1,LECLERC (AVENUE DU GENER,0.0,0.0
201400042102,15,10,14,16,1,93,13,2,1,2,6,"23, JAURES (AVENUE JEAN)",0.0,0.0
201400042103,20,10,14,7,1,93,27,2,2,1,3,PASTEUR (BOULEVARD) DE 1,0.0,0.0
201400042104,20,10,14,14,1,93,13,2,1,1,6,", ONZE-NOVEMBRE-1918 (PL",0.0,0.0
201400042105,26,10,14,14,1,93,27,2,1,1,6,SAINT-DENIS (RUE DE),0.0,0.0
201400042106,27,10,14,19,2,93,30,2,2,1,2,LARIVIERE (RUE LOUIS),0.0,0.0
201400042107,28,10,14,11,1,93,27,2,1,1,6,"20, UNION (RUE DE L')",0.0,0.0
201400042108,29,10,14,10,1,93,13,2,1,1,6,ONZE-NOVEMBRE-1918 (PLAC,0.0,0.0
201400042109,3,11,14,20,5,93,13,2,5,2,6,", LECLERC (AVENU DE LA D",0.0,0.0
201400042110,4,11,14,0,5,93,27,2,1,3,2,"80, CONVENTION (RUE DE L",0.0,0.0
201400042111,5,11,14,16,1,93,27,2,1,1,3,CONVENTION (RUE DE LA),0.0,0.0
201400042112,6,11,14,8,1,93,13,2,2,1,3,KENNEDY (AVENUE JOHN FIT,0.0,0.0
201400042113,8,11,14,20,5,93,27,2,2,1,6,"51, CONVENTION (RUE DE L",0.0,0.0
201400042114,13,11,14,8,1,93,27,2,1,1,6,"104, JAURES (AVENUE JEAN",0.0,0.0
201400042115,13,11,14,12,1,93,13,2,1,1,7,"37, ROLLAND (RUE DU CDT)",0.0,0.0
201400042116,15,11,14,5,5,93,27,2,1,2,6,VAILLANT-COUTURIER (AVEN,0.0,0.0
201400042117,16,11,14,18,5,93,27,1,0,2,6,MASSOn (RUE SUZANNE),0.0,0.0
201400042118,24,11,14,9,1,93,13,2,3,1,7,CAVILLON (RUE ANIZAN),0.0,0.0
201400042119,26,11,14,18,5,93,27,2,0,2,6,BARBUSSE (AVENUE HENRI),0.0,0.0
201400042120,27,11,14,12,1,93,27,2,0,2,7,CONVENTION (RUE DE LA),0.0,0.0
201400042121,2,12,14,20,5,93,30,2,1,8,4,LECLERC DE HAUTECLOQe (,0.0,0.0
201400042122,6,12,14,11,1,93,27,2,1,1,6,17 octobre 1961,0.0,0.0
201400042123,7,12,14,18,5,93,27,2,0,2,6,BARBUSSE (RUE HENRI),0.0,0.0
201400042124,9,12,14,19,5,93,27,2,0,2,1,"50, BARBUSSE (AVENUE HEN",0.0,0.0
201400042125,10,12,14,20,5,93,27,2,2,2,3,"51, CONVENTION (RUE DE L",0.0,0.0
201400042126,15,12,14,8,1,93,13,2,0,3,5,LINDBERGH (CARREFOUR),0.0,0.0
201400042127,17,12,14,7,5,93,27,2,1,2,6,17 octobre 1961,0.0,0.0
201400042128,27,12,14,22,5,93,27,2,0,2,2,"15, JAURES (AVENUE JEAN)",0.0,0.0
201400042129,3,1,14,8,2,93,29,2,1,1,6,STATION (DE LA),0.0,0.0
201400042130,21,1,14,13,1,93,29,2,2,1,3,", VICTOIRE (DE LA)",0.0,0.0
201400042131,9,2,14,16,1,93,29,2,1,1,6,"2, DAHLIAS (ALLEE DES)",0.0,0.0
201400042132,20,2,14,17,1,93,29,2,1,2,3,HENRI BARBUSSE (AVE) N?2,0.0,0.0
201400042133,5,3,14,11,1,93,29,2,1,1,6,"74, JEAN JAURES (AVENUE)",0.0,0.0
201400042134,7,3,14,21,5,93,29,2,1,1,2,"61, JEAN JAURES (AVENUE)",0.0,0.0
201400042135,8,3,14,12,1,93,29,2,1,1,1,"55, HENRI BARBUSSE (AVE)",0.0,0.0
201400042136,17,3,14,17,1,93,29,2,1,1,6,"2, REPUBLIQUE (DE LA) N?",0.0,0.0
201400042137,19,3,14,9,1,93,29,2,1,1,2,"45, JEAN JAURES (AVENUE)",0.0,0.0
201400042138,27,3,14,14,1,93,29,2,9,1,3,"121, SADI CARNOT",0.0,0.0
201400042139,3,4,14,22,5,93,29,2,1,1,6,"06, CHARLES GIDE",0.0,0.0
201400042140,4,4,14,19,1,93,29,2,3,1,3,HENRI BARBUSSE (AVE) N?2,0.0,0.0
201400042141,8,4,14,20,3,93,29,2,1,1,2,"230, HENRI BARBUSSE (AVE",0.0,0.0
201400042142,9,4,14,12,1,93,29,2,2,1,3,NIEUPORT,0.0,0.0
201400042143,11,4,14,8,1,93,29,2,1,1,6,"42, JULES AUFFRET",0.0,0.0
201400042144,18,4,14,17,1,93,29,2,3,1,3,DIVISION LECLERC (AV. DE,0.0,0.0
201400042145,18,4,14,21,5,93,29,2,1,1,6,"186, HENRI BARBUSSE (AVE",0.0,0.0
201400042146,20,4,14,15,1,93,29,2,1,1,6,ONZE NOVEMBRE (DU),0.0,0.0
201400042147,26,4,14,22,5,93,29,2,3,2,3,HENRI BARBUSSE (AVE) N?2,0.0,0.0
201400042148,29,4,14,18,1,93,29,2,3,2,3,CUVIER,0.0,0.0
201400042149,5,5,14,13,1,93,29,2,1,1,6,"29, BOIS DE GROSLAY (DES",0.0,0.0
201400042150,15,5,14,16,1,93,29,2,1,1,6,"1, LIBERTE (DE LA)",0.0,0.0
201400042151,15,5,14,19,1,93,29,2,2,1,3,EUGENE VARLIN,0.0,0.0
201400042152,18,5,14,22,5,93,29,2,1,1,3,"130, HENRI BARBUSSE (AVE",0.0,0.0
201400042153,19,5,14,13,1,93,29,2,1,1,2,"160, STALINGRAD (DE)",0.0,0.0
201400042154,6,6,14,10,1,93,29,2,1,1,3,"59, HENRI BARBUSSE (AVE)",0.0,0.0
201400042155,7,6,14,17,1,93,29,2,1,1,2,CHARLES DE GAULLE (ESPLA,0.0,0.0
201400042156,12,6,14,5,1,93,29,2,2,1,2,JEAN JAURES (AVENUE),0.0,0.0
201400042157,11,6,14,13,1,93,29,2,8,1,6,"01, MARCELIN BERTHELOT N",0.0,0.0
201400042158,17,6,14,19,1,93,29,2,3,1,1,"115, ROGER SALENGRO N? 0",0.0,0.0
201400042159,18,6,14,10,1,93,29,2,3,1,1,"129, ROGER SALENGRO N? 9",0.0,0.0
201400042160,24,6,14,22,5,93,29,2,1,1,1,"81, HENRI BARBUSSE (AVE)",0.0,0.0
201400042161,5,7,14,13,1,93,29,2,1,2,3,"111, HENRI BARBUSSE (AVE",0.0,0.0
201400042162,8,7,14,3,5,93,29,2,1,2,6,"83, AUGUSTE BLANQUI",0.0,0.0
201400042163,22,7,14,18,1,93,29,2,3,1,1,"1, VAUQUOIS (AVENUE DE)",0.0,0.0
201400042164,26,7,14,19,1,93,29,2,1,1,3,JULES GUESDE,0.0,0.0
201400042165,31,7,14,10,1,93,29,2,1,1,7,"58, REPUBLIQUE (DE LA) N",0.0,0.0
201400042166,6,8,14,11,1,93,29,2,2,2,3,"39, ANATOLE FRANCE",0.0,0.0
201400042167,23,8,14,13,1,93,29,2,1,1,6,", PAUL VAILLANT COUTURIE",0.0,0.0
201400042168,24,8,14,20,3,93,29,2,1,1,3,ROGER PETIEU,0.0,0.0
201400042169,25,8,14,15,1,93,29,2,2,2,3,PAUL VAILLANT COUTURIER,0.0,0.0
201400042170,26,8,14,17,1,93,29,2,1,1,6,ANDRE CAPPE,0.0,0.0
201400042171,2,9,14,7,1,93,29,2,1,1,2,161 HENRI BARBUSSE (AVE,0.0,0.0
201400042172,4,9,14,8,1,93,29,2,2,1,3,ANDRE SIGONNEY,0.0,0.0
201400042173,4,9,14,19,5,93,29,2,1,1,2,"158, HENRI BARBUSSE (AVE",0.0,0.0
201400042174,6,9,14,19,1,93,29,2,1,1,2,"97, HENRI BARBUSSE (AVE)",0.0,0.0
201400042175,10,9,14,11,1,93,29,2,1,1,2,"254, ANATOLE FRANCE",0.0,0.0
201400042176,11,9,14,21,5,93,29,2,2,1,3,HENRI BARBUSSE (AVE) N?2,0.0,0.0
201400042177,12,9,14,7,2,93,29,2,1,1,6,"169, ANATOLE FRANCE",0.0,0.0
201400042178,12,9,14,8,1,93,29,2,1,1,6,"110/112, ROGER SALENGRO",0.0,0.0
201400042179,15,9,14,15,1,93,29,2,2,1,3,"1, SADI CARNOT",0.0,0.0
201400042180,18,9,14,18,1,93,29,2,1,1,6,"13, ROGER SALENGRO N? 01",0.0,0.0
201400042181,23,9,14,10,1,93,29,2,3,1,3,"27, ROGER SALENGRO N? 02",0.0,0.0
201400042182,23,9,14,16,1,93,29,2,1,1,6,AMBROISE CROIZAT,0.0,0.0
201400042183,29,9,14,16,1,93,29,2,1,1,6,AUGUSTE BLANQUI,0.0,0.0
201400042184,29,9,14,16,1,93,29,2,1,1,2,"34, FERNAND PENA",0.0,0.0
201400042185,30,9,14,4,5,93,29,2,1,8,6,HENRI BARBUSSE (AVE) N?2,0.0,0.0
201400042186,30,9,14,21,5,93,29,2,2,1,3,HENRI BARBUSSE (AVE) N?2,0.0,0.0
201400042187,1,10,14,21,5,93,29,2,2,1,3,PAUL VAILLANT COUTURIER,0.0,0.0
201400042188,1,10,14,23,5,93,29,2,0,1,3,LIBERTE (DE LA),0.0,0.0
201400042189,2,10,14,15,1,93,29,2,6,1,3,FERNAND PENA,0.0,0.0
201400042190,10,10,14,9,1,93,29,2,2,1,6,"42, ANATOLE FRANCE",0.0,0.0
201400042191,12,10,14,20,5,93,29,2,3,9,3,COLONEL FABIEN (DU),0.0,0.0
201400042192,13,10,14,17,1,93,29,2,1,1,6,02 GUTENBERG,0.0,0.0
201400042193,15,10,14,17,1,93,29,2,1,2,2,"235, ANATOLE FRANCE",0.0,0.0
201400042194,17,10,14,16,1,93,29,2,0,1,2,SAINT-STENAY,0.0,0.0
201400042195,20,10,14,8,1,93,29,2,1,1,1,"136, JEAN JAURES (AVENUE",0.0,0.0
201400042196,21,10,14,15,1,93,29,2,3,3,6,"28, JEAN JAURES (AVENUE)",0.0,0.0
201400042197,28,10,14,6,5,93,29,2,3,1,3,GARIBALDI (AVENUE),0.0,0.0
201400042198,5,11,14,10,1,93,29,2,1,1,1,"47, HENRI BARBUSSE (AVE)",0.0,0.0
201400042199,14,11,14,9,1,93,29,2,1,2,6,"38, FERNAND PENA",0.0,0.0
201400042200,14,11,14,18,5,93,29,2,1,2,6,"242, JEAN JAURES (AVENUE",0.0,0.0
201400042201,18,11,14,18,5,93,29,2,3,2,3,SAVOIE (DE),0.0,0.0
201400042202,25,11,14,7,2,93,29,2,3,1,6,"238, HENRI BARBUSSE (AVE",0.0,0.0
201400042203,28,11,14,8,1,93,29,2,1,1,7,"89, DIDEROT",0.0,0.0
201400042204,7,12,14,14,1,93,29,2,1,2,6,JEAN JAURES (AVENUE),0.0,0.0
201400042205,10,12,14,18,5,93,29,2,0,1,1,SAINT-STENAY,0.0,0.0
201400042206,12,12,14,9,1,93,29,2,1,2,3,HENRI BARBUSSE (AVE) N?1,0.0,0.0
201400042207,20,12,14,15,1,93,29,2,0,1,3,"67, JEAN JAURES (AVENUE)",0.0,0.0
201400042208,24,12,14,19,5,93,29,2,2,2,6,CHARLES GIDE,0.0,0.0
201400042209,4,1,14,12,1,93,31,2,1,1,2,"00, ORMESSON (RUE D')",0.0,0.0
201400042210,8,1,14,8,1,93,31,2,1,1,2,"00, DIX HUIT JUIN 1940 (",0.0,0.0
201400042211,10,1,14,7,4,93,31,2,1,1,3,"00, DE LATTRE DE TASSIGN",0.0,0.0
201400042212,10,1,14,23,5,93,31,2,2,1,3,"163, REPUBLIQUE (AVENUE)",0.0,0.0
201400042213,15,1,14,12,1,93,79,2,1,2,7,"132, JEAN BAPTISTE CLEME",0.0,0.0
201400042214,15,1,14,20,5,93,31,2,6,2,3,"00, GENERAL LECLERC (CAR",0.0,0.0
201400042215,16,1,14,13,1,93,31,2,4,2,4,"39, JOFFRE (AVENUE)",0.0,0.0
201400042216,18,1,14,14,1,93,31,2,3,1,3,"60, SAINT LEU (ROUTE DE)",0.0,0.0
201400042217,22,1,14,13,1,93,31,2,1,8,2,"80, ARGENTEUIL (ROUTE D'",0.0,0.0
201400042218,24,1,14,19,3,93,31,2,8,1,6,"57, FOCH (BOULEVARD)",0.0,0.0
201400042219,1,2,14,22,5,93,31,2,2,1,3,DE LATTRE DE TASSIGNY (1,0.0,0.0
201400042220,6,2,14,17,5,93,31,2,3,1,3,CDT LOUIS BOUCHET (AV),0.0,0.0
201400042221,7,2,14,14,1,93,79,2,1,1,3,"149, SAINT LEU (ROUTE)",0.0,0.0
201400042222,12,2,14,12,1,93,31,2,1,1,7,"40, GALLIENI (AVENUE)",0.0,0.0
201400042223,16,2,14,17,1,93,31,2,3,1,1,"00, DE LATTRE DE TASSIGN",0.0,0.0
201400042224,21,2,14,19,4,93,31,2,2,1,3,"00, DE LATTRE DE TASSIGN",0.0,0.0
201400042225,23,2,14,11,1,93,31,2,2,1,1,"110, SAINT LEU (ROUTE DE",0.0,0.0
201400042226,24,2,14,5,5,93,31,2,1,1,3,"8, DIX HUIT JUIN 1940 (A",0.0,0.0
201400042227,26,2,14,5,5,93,31,2,1,1,6,"40, QUETIGNY",0.0,0.0
201400042228,27,2,14,14,1,93,31,2,6,2,3,"00, CYGNE D'ENGHIEN",0.0,0.0
201400042229,4,3,14,14,1,93,79,2,3,1,3,"61, SAINT LEU (ROUTE)",0.0,0.0
201400042230,5,3,14,18,1,93,31,2,3,1,6,"00, CARRIERES (DES)",0.0,0.0
201400042231,6,3,14,18,1,93,31,2,2,1,6,"260, REPUBLIQUE (AVENUE)",0.0,0.0
201400042232,23,3,14,12,1,93,79,2,1,1,3,"00, CAMELIAS (ALLEE)",0.0,0.0
201400042233,27,3,14,11,1,93,79,2,1,1,6,"2, FREDERIC OZAMAN",0.0,0.0
201400042234,29,3,14,6,2,93,31,2,1,1,2,"110, SAINT LEU (ROUTE DE",0.0,0.0
201400042235,1,4,14,19,2,93,31,2,1,1,6,"39, MARSEILLE (RUE DE)",0.0,0.0
201400042236,2,4,14,9,1,93,31,2,1,1,2,EPINAY (PONT D'),0.0,0.0
201400042237,2,4,14,14,1,93,79,2,6,1,6,SAINT LEU (ROUTE),0.0,0.0
201400042238,4,4,14,7,1,93,31,2,1,1,3,JOFFRE (AVENUE),0.0,0.0
201400042239,5,4,14,14,1,93,31,2,3,1,6,"00, JEAN JAURES (AVENUE)",0.0,0.0
201400042240,22,4,14,11,1,93,31,2,1,1,6,"71, PARIS (RUE DE)",0.0,0.0
201400042241,24,4,14,19,1,93,31,2,1,1,6,"24, JEAN JAURES (AVENUE)",0.0,0.0
201400042242,5,5,14,18,1,93,31,2,1,1,6,"02, LEON BLUm (AVENUE)",0.0,0.0
201400042243,8,5,14,18,1,93,31,2,1,2,1,PASTEUR (RUE),0.0,0.0
201400042244,13,5,14,13,1,93,31,2,2,2,3,"5, JOFFRE (AVENUE)",0.0,0.0
201400042245,17,5,14,0,5,93,31,2,9,1,3,"38 bis, JOFFRE (AVENUE)",0.0,0.0
201400042246,18,5,14,19,1,93,31,2,8,1,6,"8, GALLIENI (AVENUE)",0.0,0.0
201400042247,23,5,14,8,1,93,31,2,3,1,3,"160, REPUBLIQUE (AVENUE)",0.0,0.0
201400042248,29,5,14,12,1,93,31,2,1,1,3,"00, MARNE (AVENUE DE LA)",0.0,0.0
201400042249,30,5,14,12,1,93,31,2,1,1,6,"5, DE LATTRE DE TASSIGNY",0.0,0.0
201400042250,31,5,14,0,5,93,31,2,9,1,6,SAINT LEU (ROUTE DE) 1 ?,0.0,0.0
201400042251,2,6,14,10,1,93,31,2,1,1,3,"103 bis, SAINT LEU (ROUT",0.0,0.0
201400042252,4,6,14,7,2,93,31,2,1,3,7,"00, DIX HUIT JUIN 1940 (",0.0,0.0
201400042253,6,6,14,20,1,93,31,2,2,1,6,"00, SAINT LEU (ROUTE DE)",0.0,0.0
201400042254,8,6,14,0,5,93,31,2,1,1,6,"94, REPUBLIQUE (AVENUE)",0.0,0.0
201400042255,10,6,14,15,1,93,31,2,1,3,7,"47, JOFFRE (AVENUE)",0.0,0.0
201400042256,16,6,14,11,1,93,79,2,1,1,6,"23, 19 mars 1962 (rue du",0.0,0.0
201400042257,16,6,14,16,1,93,31,2,1,1,2,"00, ENGHIEN (AV D')",0.0,0.0
201400042258,17,6,14,16,1,93,31,2,1,1,3,"00, PARIS (RUE DE)",0.0,0.0
201400042259,19,6,14,9,1,93,31,2,1,1,2,"00, DIX HUIT JUIN 1940 (",0.0,0.0
201400042260,21,6,14,22,3,93,79,2,1,1,1,"00, JEAN BAPTISTE CLEMEN",0.0,0.0
201400042261,22,6,14,17,1,93,79,2,1,1,6,"5, CARNOT",0.0,0.0
201400042262,24,6,14,7,2,93,31,2,1,7,6,"4, ORMESSON (RUE D')",0.0,0.0
201400042263,25,6,14,21,2,93,79,2,9,1,3,"114, SAINT LEU (ROUTE)",0.0,0.0
201400042264,26,6,14,18,1,93,31,2,1,1,6,"00, PARIS (RUE DE)",0.0,0.0
201400042265,30,6,14,20,1,93,31,2,1,1,6,"160, REPUBLIQUE (AVENUE)",0.0,0.0
201400042266,13,7,14,19,1,93,31,2,3,8,3,"104, JOFFRE (AVENUE)",0.0,0.0
201400042267,26,7,14,14,1,93,31,2,1,1,3,"00, DE LATTRE DE TASSIGN",0.0,0.0
201400042268,28,7,14,19,2,93,31,2,1,8,6,"20, SAINT MARC (RUE)",0.0,0.0
201400042269,30,7,14,16,1,93,31,2,1,1,3,"38, JOFFRE (AVENUE)",0.0,0.0
201400042270,1,8,14,1,5,93,79,2,3,1,2,DIVISION LECLERC (AV),0.0,0.0
201400042271,6,8,14,9,1,93,31,2,2,3,3,"00, REPUBLIQUE (AVENUE)",0.0,0.0
201400042272,9,8,14,18,1,93,31,2,1,1,6,"22, STRASBOURG (RUE DE)",0.0,0.0
201400042273,10,8,14,13,1,93,31,2,1,2,2,"00, FOCH (BOULEVARD)",0.0,0.0
201400042274,13,8,14,1,5,93,79,2,2,2,7,"128, SAINT LEU (ROUTE)",0.0,0.0
201400042275,18,8,14,23,3,93,31,2,9,1,3,"00, REPUBLIQUE (AVENUE)",0.0,0.0
201400042276,19,8,14,15,1,93,31,1,1,1,3,ARRAS (RUE D'),0.0,0.0
201400042277,20,8,14,22,5,93,31,2,2,1,3,"00, REPUBLIQUE (AVENUE)",0.0,0.0
201400042278,2,9,14,14,1,93,79,2,1,1,5,1 JEAN BAPTISTE CLEMENT,0.0,0.0
201400042279,2,9,14,17,1,93,31,2,1,1,3,STRASBOURG (RUE DE),0.0,0.0
201400042280,8,9,14,7,1,93,31,2,2,1,3,"00, DE LATTRE DE TASSIGN",0.0,0.0
201400042281,16,9,14,11,1,93,31,2,1,1,6,"1, NANCY (RUE DE)",0.0,0.0
201400042282,16,9,14,14,1,93,31,2,1,1,3,"51, DE LATTRE DE TASSIGN",0.0,0.0
201400042283,21,9,14,11,1,93,31,2,3,2,2,"3, FOCH (BOULEVARD)",0.0,0.0
201400042284,23,9,14,8,1,93,31,2,3,1,4,"18, DIX HUIT JUIN 1940 (",0.0,0.0
201400042285,25,9,14,13,1,93,31,2,2,1,3,MARNE (AVENUE DE LA),0.0,0.0
201400042286,26,9,14,11,1,93,31,2,1,1,6,JOFFRE (AVENUE),0.0,0.0
201400042287,26,9,14,15,1,93,79,2,1,1,6,"110, SAINT LEU (ROUTE)",0.0,0.0
201400042288,27,9,14,17,1,93,31,2,1,1,3,SAINT LEU (ROUTE DE) 1 ?,0.0,0.0
201400042289,29,9,14,16,1,93,31,2,1,1,6,"152, JEAN JAURES (AVENUE",0.0,0.0
201400042290,30,9,14,6,2,93,31,2,4,1,3,"04, JOFFRE (AVENUE)",0.0,0.0
201400042291,2,10,14,11,1,93,31,2,1,1,6,"00, FELIX MERLIN",0.0,0.0
201400042292,4,10,14,16,1,93,79,2,3,1,2,"00, SAINT LEU (ROUTE)",0.0,0.0
201400042293,9,10,14,9,1,93,31,2,1,8,3,"00, FOCH (BOULEVARD)",0.0,0.0
201400042294,10,10,14,10,1,93,31,2,2,1,2,"00, CLAUDE DEBUSSY",0.0,0.0
201400042295,11,10,14,16,1,93,31,2,2,1,6,"2, PARIS (RUE DE)",0.0,0.0
201400042296,12,10,14,19,2,93,31,2,1,2,6,"110, ENGHIEN (AV D')",0.0,0.0
201400042297,14,10,14,19,5,93,31,2,1,1,6,"00, REPUBLIQUE (AVENUE)",0.0,0.0
201400042298,17,10,14,9,1,93,31,2,2,1,3,"00, REPUBLIQUE (AVENUE)",0.0,0.0
201400042299,29,10,14,19,5,93,31,2,2,1,3,"06, JOFFRE (AVENUE)",0.0,0.0
201400042300,30,10,14,17,2,93,31,2,6,1,3,"0, CYGNE D'ENGHIEN",0.0,0.0
201400042301,3,11,14,18,5,93,31,2,1,3,5,"00, DIX HUIT JUIN 1940 (",0.0,0.0
201400042302,6,11,14,8,1,93,31,2,2,1,6,"00, JARROW (AVENUE DE)",0.0,0.0
201400042303,9,11,14,12,1,93,31,2,1,1,6,"00, LEON BLUM (AVENUE)",0.0,0.0
201400042304,10,11,14,17,5,93,31,2,1,1,3,"10, SAINT LEU (ROUTE DE)",0.0,0.0
201400042305,17,11,14,7,5,93,31,2,3,2,3,"00, DIX HUIT JUIN 1940 (",0.0,0.0
201400042306,20,11,14,20,5,93,31,2,1,2,6,"62, PARIS (RUE DE)",0.0,0.0
201400042307,22,11,14,5,5,93,31,2,4,1,6,"00, JEAN JAURES (AVENUE)",0.0,0.0
201400042308,26,11,14,18,3,93,31,2,1,2,6,"123/127, SAINT LEU (ROUT",0.0,0.0
201400042309,28,11,14,8,1,93,31,2,1,1,7,"57, SAINT GRATIEN (RUE D",0.0,0.0
201400042310,2,12,14,6,5,93,31,2,3,2,1,"00, JEAN JAURES (AVENUE)",0.0,0.0
201400042311,3,12,14,18,5,93,31,2,2,1,1,"00, DIX HUIT JUIN 1940 (",0.0,0.0
201400042312,6,12,14,12,1,93,31,2,0,1,6,"00, JEAN JAURES (AVENUE)",0.0,0.0
201400042313,12,12,14,18,5,93,31,2,0,2,6,"12, PARIS (RUE DE)",0.0,0.0
201400042314,12,12,14,19,5,93,79,2,6,3,6,"2, EDOUARD VAILLANT",0.0,0.0
201400042315,15,12,14,18,5,93,31,2,2,2,6,"00, CDT LOUIS BOUCHET (A",0.0,0.0
201400042316,18,12,14,18,5,93,79,2,3,1,6,"00, SAINT LEU (ROUTE)",0.0,0.0
201400042317,18,12,14,20,5,93,79,2,1,1,3,"110, SAINT LEU (ROUTE)",0.0,0.0
201400042318,22,12,14,15,1,93,31,2,2,1,3,"00, REPUBLIQUE (AVENUE)",0.0,0.0
201400042319,14,1,14,17,2,93,32,2,3,1,6,JEAN JAURES (AVENUE),0.0,0.0
201400042320,24,1,14,18,5,93,32,2,1,1,3,JEAN JAURES (AVENUE),0.0,0.0
201400042321,3,2,14,18,3,93,32,2,1,1,6,"1 ter, JEAN BOUIN   (RUE",0.0,0.0
201400042322,25,2,14,20,3,93,32,2,1,2,2,"25, JEAN JAURES (AVENUE)",0.0,0.0
201400042323,1,3,14,14,1,93,32,2,1,1,6,DHUYS   (ALLEE DE LA),0.0,0.0
201400042324,10,3,14,16,1,93,32,2,1,1,2,"138, ARISTIDE BRIAND (RU",0.0,0.0
201400042325,10,3,14,15,1,93,32,2,1,1,6,MONTGUICHET  (CHEMIN DE),0.0,0.0
201400042326,30,3,14,0,5,93,32,2,1,1,3,"12, hENRI MAILLARD  (RUE",0.0,0.0
201400042327,3,4,14,10,1,93,32,2,1,1,2,JEAN JAURES (AVENUE),0.0,0.0
201400042328,7,4,14,17,1,93,32,2,1,1,6,"77, FRANCEVILLE  (RUE DE",0.0,0.0
201400042329,12,4,14,12,1,93,32,2,1,1,6,"40, JEAN JAURES (AVENUE)",0.0,0.0
201400042330,6,5,14,7,1,93,32,2,2,2,3,CHEVREFEUILLES    (AVENU,0.0,0.0
201400042331,10,5,14,18,1,93,32,2,1,8,3,GUILLEMETEAU (RUE),0.0,0.0
201400042332,10,5,14,19,1,93,32,2,3,2,3,EMILE  COSSONNEAU  (AVEN,0.0,0.0
201400042333,19,5,14,8,1,93,32,2,1,1,6,GENERAL DE GAULLE  (PLAC,0.0,0.0
201400042334,24,5,14,21,2,93,32,2,1,8,6,CONTANT   (RUE),0.0,0.0
201400042335,4,6,14,20,1,93,32,2,1,1,6,"144, FRANCEVILLE  (RUE D",0.0,0.0
201400042336,13,6,14,17,1,93,32,2,1,1,6,"38, HENRI BARBUSSE   (AV",0.0,0.0
201400042337,14,6,14,9,1,93,32,2,1,1,3,"224, MONTFERMEIL   (ALLE",0.0,0.0
201400042338,19,6,14,9,1,93,32,2,1,1,2,PARIS  (RUE DE),0.0,0.0
201400042339,22,6,14,20,1,93,32,2,1,1,2,"136, JULES GUESDES  (RUE",0.0,0.0
201400042340,26,6,14,11,1,93,32,2,2,1,3,RENE  FAUGERAS  (AVENUE),0.0,0.0
201400042341,1,7,14,21,1,93,32,2,1,1,6,"8, MICHEL JANIN   (RUE)",0.0,0.0
201400042342,15,7,14,13,1,93,32,2,2,1,3,"1, MONTGUICHET  (CHEMIN",0.0,0.0
201400042343,23,7,14,20,1,93,32,2,1,1,3,JEAN JAURES (AVENUE),0.0,0.0
201400042344,28,7,14,18,1,93,32,2,1,1,6,"68, RAMBOUILLET   (AVENU",0.0,0.0
201400042345,2,8,14,22,5,93,32,2,9,1,3,PAUL VAILLANT COUTURIER,0.0,0.0