Num_Acc,jour,mois,an,hr,condition_eclairage,departement,commune,condition_agglomeration,intersection,condition_atmosphere,type_collision,adresse,lattitude,longitude
201400042346,14,8,14,14,1,93,32,2,1,1,6,"JULES GUESDES  (RUE, DU",0.0,0.0
201400042347,26,8,14,14,1,93,32,2,1,2,2,ABBESSES  (CHEMIN D'ACCE,0.0,0.0
201400042348,27,8,14,14,1,93,32,2,1,1,2,"38, JEAN JAURES (AVENUE)",0.0,0.0
201400042349,2,9,14,22,5,93,32,2,1,1,7,JEAN JAURES (AVENUE),0.0,0.0
201400042350,7,9,14,0,5,93,32,2,2,1,3,ARISTIDE BRIAND (RUE),0.0,0.0
201400042351,7,9,14,8,1,93,32,2,1,1,6,"03, DIX NEUF MARS   (RUE",0.0,0.0
201400042352,7,9,14,21,5,93,32,2,1,1,2,GEORGES POMPIDOU    (AVE,0.0,0.0
201400042353,9,9,14,9,1,93,32,2,1,1,6,"30, CHATEAU   (AVENUE DU",0.0,0.0
201400042354,10,9,14,10,1,93,32,2,1,1,5,PARIS  (RUE DE),0.0,0.0
201400042355,12,9,14,20,5,93,32,2,1,1,2,GEORGES POMPIDOU    (AVE,0.0,0.0
201400042356,17,9,14,8,1,93,32,2,1,1,6,"39, GEORGES POMPIDOU",0.0,0.0
201400042357,1,10,14,17,1,93,32,2,2,1,3,"21, BELLE-ILE  (AVENUE D",0.0,0.0
201400042358,14,10,14,18,1,93,32,2,2,1,3,GEORGES POMPIDOU    (AVE,0.0,0.0
201400042359,24,10,14,17,1,93,32,2,1,2,6,"90, ROGER SALENGRO  (AVE",0.0,0.0
201400042360,31,10,14,12,1,93,32,2,1,1,2,"3, PARMENTIER   (RUE)",0.0,0.0
201400042361,6,11,14,17,2,93,32,2,1,1,7,"10, GEORGES REMOND  (RUE",0.0,0.0
201400042362,7,11,14,14,1,93,32,2,2,1,6,HORLOGE   (ALLEE DE L'),0.0,0.0
201400042363,9,11,14,1,5,93,32,2,1,1,6,PAUL VAILLANT COUTURIER,0.0,0.0
201400042364,10,11,14,17,5,93,32,2,2,1,3,ARISTIDE BRIAND (RUE),0.0,0.0
201400042365,12,11,14,14,1,93,32,2,3,1,3,JEAN JAURES (AVENUE),0.0,0.0
201400042366,1,12,14,19,5,93,32,2,1,2,3,"6, MONTGUICHET  (CHEMIN",0.0,0.0
201400042367,3,12,14,17,5,93,32,2,1,1,3,"13, PARMENTIER   (RUE)",0.0,0.0
201400042368,9,12,14,7,2,93,32,2,1,9,3,"25, ORIGNY   (ALLEE D')",0.0,0.0
201400042369,16,12,14,3,5,93,32,2,0,8,6,PAUL VAILLANT COUTURIER,0.0,0.0
201400042370,8,1,14,18,5,93,6,2,1,1,6,"104, RIGONDES RUE DES",0.0,0.0
201400042371,10,1,14,16,1,93,6,2,2,1,6,"199, ROBESPIERRE RUE",0.0,0.0
201400042372,12,1,14,13,1,93,45,2,1,8,6,"162, PARIS RUE DE",0.0,0.0
201400042373,12,1,14,19,5,93,45,2,1,1,3,"01, DOUMER PAUL AV.",0.0,0.0
201400042374,13,1,14,9,1,93,6,2,1,1,3,"88, REPUBLIQUE AVENUE DE",0.0,0.0
201400042375,13,1,14,20,5,93,63,2,1,1,3,VERDUN AVENUE DE,0.0,0.0
201400042376,19,1,14,19,5,93,45,2,3,1,3,"26, JUIN AVENUE DU MAREC",0.0,0.0
201400042377,20,1,14,9,1,93,61,2,1,1,7,JOINEAU ANDRE RUE,0.0,0.0
201400042378,23,1,14,9,1,93,6,2,1,1,6,"11, FERRY JULES RUE",0.0,0.0
201400042379,27,1,14,18,3,93,6,2,1,1,1,"01, AUTOROUTE A3",0.0,0.0
201400042380,1,2,14,17,1,93,63,2,9,1,6,"115/116, BERLIOZ AVENUE",0.0,0.0
201400042381,3,2,14,19,5,93,45,2,1,1,3,JUIN AVENUE DU MARECHAL,0.0,0.0
201400042382,6,2,14,15,1,93,6,2,1,2,7,MARCEL ETIENNE RUE,0.0,0.0
201400042383,8,2,14,17,1,93,6,2,2,1,6,MICHEL LOUISE RUE,0.0,0.0
201400042384,9,2,14,18,5,93,6,2,3,1,5,", CARNOT RUE SADI",0.0,0.0
201400042385,20,2,14,16,1,93,6,2,1,2,7,NOISY LE SEC RUE DE,0.0,0.0
201400042386,28,2,14,13,1,93,63,2,1,2,2,METZ AVENUE DE,0.0,0.0
201400042387,28,2,14,20,5,93,63,2,1,2,4,", KERAUTRET AVENUE PIERR",0.0,0.0
201400042388,3,3,14,12,1,93,6,2,1,1,6,"40, FLOREAL RUE",0.0,0.0
201400042389,4,3,14,9,1,93,63,2,5,1,3,VERDUN AVENUE DE,0.0,0.0
201400042390,5,3,14,13,1,93,63,2,4,1,7,PARIS RUE DE,0.0,0.0
201400042391,6,3,14,22,5,93,61,2,3,1,6,BELVEDERE AVENUE DU,0.0,0.0
201400042392,9,3,14,18,2,93,63,2,1,1,3,BARBUSSE HENRI BOULEVARD,0.0,0.0
201400042393,11,3,14,19,3,93,63,2,1,1,7,", COMMUNE DE PARIS RUE D",0.0,0.0
201400042394,14,3,14,17,1,93,45,2,1,1,2,VILLEGRANGES RUE DES,0.0,0.0
201400042395,22,3,14,10,1,93,45,2,2,2,3,JUIN AVENUE DU MARECHAL,0.0,0.0
201400042396,24,3,14,18,1,93,45,2,2,1,6,"139, NOISY LE SEC RUE DE",0.0,0.0
201400042397,25,3,14,8,1,93,6,2,2,2,3,DHUYS AV DE LA,0.0,0.0
201400042398,25,3,14,18,1,93,61,2,1,1,3,"29, PERI GABRIEL RUE",0.0,0.0
201400042399,5,4,14,5,5,93,63,2,1,1,6,"12, PARIS RUE DE",0.0,0.0
201400042400,7,4,14,12,1,93,45,2,1,1,3,LIBERTE BD DE LA,0.0,0.0
201400042401,9,4,14,5,5,93,45,2,4,1,6,CONVENTION  RUE DE LA,0.0,0.0
201400042402,14,4,14,17,1,93,6,2,1,1,6,"42, CAPSULERIE RUE DE LA",0.0,0.0
201400042403,14,4,14,18,1,93,45,2,2,1,3,REPUBLIQUE RUE DE LA,0.0,0.0
201400042404,17,4,14,8,1,93,61,2,1,1,7,"05, BELVEDERE AVENUE DU",0.0,0.0
201400042405,18,4,14,13,1,93,63,2,2,1,3,BRANLY BD EDOUARD,0.0,0.0
201400042406,27,4,14,16,1,93,61,2,9,1,5,"0, JOINEAU ANDRE RUE",0.0,0.0
201400042407,28,4,14,6,1,93,63,2,9,8,6,"47, FRANCE ANATOLE RUE",0.0,0.0
201400042408,28,4,14,18,1,93,6,2,1,1,6,"16, LOLIVE JEAN RUE",0.0,0.0
201400042409,29,4,14,18,1,93,61,2,2,1,6,"0, BELVEDERE AVENUE DU",0.0,0.0
201400042410,4,5,14,7,2,93,63,2,1,1,6,"8, VEUVE AUBLET SENTE",0.0,0.0
201400042411,4,5,14,18,1,93,6,2,2,1,1,DAUMIER RUE,0.0,0.0
201400042412,12,5,14,11,1,93,63,2,1,1,6,"11, VERDUN AVENUE DE",0.0,0.0
201400042413,14,5,14,19,1,93,45,2,1,1,6,"152, DE LATTRE DE TASSIG",0.0,0.0
201400042414,15,5,14,15,1,93,45,2,3,1,3,PARIS RUE DE,0.0,0.0
201400042415,16,5,14,9,1,93,63,2,2,1,3,MONTREUIL ROUTE DE,0.0,0.0
201400042416,17,5,14,13,1,93,63,2,1,1,6,"0, CITE MARCEL CACHIN",0.0,0.0
201400042417,17,5,14,16,1,93,6,2,1,1,3,"31, STALINGRAD AV.",0.0,0.0
201400042418,19,5,14,19,1,93,6,2,3,1,3,"0, DELESCLUSE CHARLES",0.0,0.0
201400042419,23,5,14,10,1,93,6,2,2,1,3,"27, RASPAIL AVENUE",0.0,0.0
201400042420,24,5,14,17,1,93,6,2,4,2,6,"0, GAL DE GAULLE AV. DU",0.0,0.0
201400042421,26,5,14,20,1,93,6,2,1,1,3,"0, GAL LECLERC AV. DU",0.0,0.0
201400042422,31,5,14,20,1,93,6,2,2,1,3,"0, MICHEL LOUISE RUE",0.0,0.0
201400042423,5,6,14,16,1,93,63,2,3,1,3,BENFLEET RUE DE,0.0,0.0
201400042424,9,6,14,22,5,93,45,2,2,1,3,"0, LIBERTE RUE DE LA",0.0,0.0
201400042425,10,6,14,12,1,93,63,2,1,2,2,"0, BARBUSSE HENRI BOULEV",0.0,0.0
201400042426,13,6,14,8,1,93,6,2,1,1,6,"05, AVENIR IMP DE L'",0.0,0.0
201400042427,14,6,14,0,5,93,45,2,1,1,6,"4, LIBERTE BD DE LA",0.0,0.0
201400042428,19,6,14,9,1,93,6,2,1,1,6,"0, MARCEL ETIENNE RUE",0.0,0.0
201400042429,19,6,14,10,1,93,45,2,1,1,6,"91, PARIS RUE DE",0.0,0.0
201400042430,23,6,14,14,1,93,6,2,2,1,5,"0, RIGONDES RUE DES",0.0,0.0
201400042431,27,6,14,17,1,93,61,2,2,1,3,JAURES AVENUE JEAN,0.0,0.0
201400042432,28,6,14,13,1,93,45,2,1,9,6,"131, PARIS RUE DE",0.0,0.0
201400042433,28,6,14,22,5,93,6,2,3,2,7,"0, ALAZARD RENE",0.0,0.0
201400042434,7,7,14,19,1,93,6,2,9,3,2,"20, REPUBLIQUE AVENUE DE",0.0,0.0
201400042435,8,7,14,12,1,93,61,2,1,1,6,JOINEAU ANDRE RUE,0.0,0.0
201400042436,8,7,14,12,1,93,6,2,2,1,6,"33, REPUBLIQUE AVENUE DE",0.0,0.0
201400042437,22,7,14,23,5,93,45,2,3,1,3,"0, LECLERC BOULEVARD DU",0.0,0.0
201400042438,30,7,14,18,2,93,63,2,2,1,3,"100, NOISY ROUTE DE",0.0,0.0
201400042439,2,8,14,20,2,93,6,2,3,8,3,", LAHAYE ADELAIDE RUE",0.0,0.0
201400042440,4,8,14,12,1,93,6,2,1,1,3,"44, CURIE PIERRE ET MARI",0.0,0.0
201400042441,7,8,14,14,1,93,63,2,2,3,3,BRANLY BD EDOUARD,0.0,0.0
201400042442,9,8,14,14,1,93,61,2,1,1,7,"10, PERI GABRIEL RUE",0.0,0.0
201400042443,24,8,14,20,5,93,6,2,1,1,3,", PASTEUR AV.",0.0,0.0
201400042444,31,8,14,6,1,93,6,2,2,1,3,STALINGRAD AV.,0.0,0.0
201400042445,11,9,14,13,1,93,45,2,1,1,6,"99, PARIS RUE DE",0.0,0.0
201400042446,11,9,14,20,5,93,63,2,1,1,3,"115, NOISY ROUTE DE",0.0,0.0
201400042447,18,9,14,8,1,93,6,2,1,1,2,"161, PASTEUR AV.",0.0,0.0
201400042448,20,9,14,16,1,93,6,2,1,1,3,"17, GAMBETTA AV.",0.0,0.0
201400042449,23,9,14,12,1,93,45,2,1,1,6,"08, PRE SAINT GERVAIS RU",0.0,0.0
201400042450,24,9,14,20,5,93,63,2,3,2,3,"70, BRETAGNES AVENUE DES",0.0,0.0
201400042451,28,9,14,18,1,93,6,2,1,1,3,"03, FIORENTINO RUE DE SE",0.0,0.0
201400042452,29,9,14,13,1,93,6,2,1,1,3,REPUBLIQUE AVENUE DE LA,0.0,0.0
201400042453,30,9,14,14,1,93,63,2,1,1,3,"11, NORMANDIE-NIEMEN RUE",0.0,0.0
201400042454,3,10,14,16,1,93,63,2,1,1,6,"51, BARBUSSE HENRI BOULE",0.0,0.0
201400042455,6,10,14,20,5,93,6,2,1,2,3,"6, GIRARDOT RUE",0.0,0.0
201400042456,19,10,14,20,5,93,6,2,1,1,3,"290, MARCEL ETIENNE RUE",0.0,0.0
201400042457,23,10,14,13,1,93,61,2,2,1,1,"8, JAURES AVENUE JEAN",0.0,0.0
201400042458,23,10,14,5,5,93,6,2,1,1,7,"44, GAL DE GAULLE AV. DU",0.0,0.0
201400042459,28,10,14,20,5,93,63,2,2,1,3,"0, ROSENFELD AVENUE DU D",0.0,0.0
201400042460,29,10,14,22,5,93,61,2,1,1,6,"0, BELVEDERE AVENUE DU",0.0,0.0
201400042461,31,10,14,12,1,93,6,2,1,1,3,"47, REPUBLIQUE AVENUE DE",0.0,0.0
201400042462,31,10,14,12,1,93,61,2,1,1,3,"65, FAIDHERBE AVENUE",0.0,0.0
201400042463,31,10,14,16,1,93,61,2,1,1,6,"01, ESTIENNE D'ORVES RUE",0.0,0.0
201400042464,2,11,14,15,1,93,6,2,1,1,3,"197, CARNOT RUE SADI",0.0,0.0
201400042465,3,11,14,11,1,93,45,2,1,8,6,", LECLERC BOULEVARD DU G",0.0,0.0
201400042466,5,11,14,16,1,93,63,2,5,1,6,BRANLY BD EDOUARD,0.0,0.0
201400042467,8,11,14,13,1,93,63,2,1,1,2,"71-75, NOISY ROUTE DE",0.0,0.0
201400042468,27,11,14,23,5,93,45,2,6,1,3,PARIS RUE DE,0.0,0.0
201400042469,30,11,14,22,5,93,45,2,1,2,1,"90, PASTEUR AV.",0.0,0.0
201400042470,1,12,14,17,5,93,63,2,1,2,2,"10, DOUMER AVENUE PAUL",0.0,0.0
201400042471,7,12,14,10,1,93,61,2,9,1,6,"63, JOINEAU ANDRE RUE",0.0,0.0
201400042472,8,12,14,19,5,93,63,2,1,1,4,"11, BARBUSSE HENRI BOULE",0.0,0.0
201400042473,13,12,14,23,5,93,63,2,3,2,3,"10, BRANLY BD EDOUARD",0.0,0.0
201400042474,14,12,14,11,1,93,6,2,0,1,2,"36, GAL DE GAULLE AV. DU",0.0,0.0
201400042475,16,12,14,18,5,93,6,2,1,1,2,GAMBETTA AV.,0.0,0.0
201400042476,19,12,14,11,1,93,45,2,1,2,6,"1, LIBERTE BD DE LA",0.0,0.0
201400042477,19,12,14,16,5,93,63,2,1,3,3,"32, METZ AVENUE DE",0.0,0.0
201400042478,11,4,14,17,1,93,63,2,1,1,6,", JOLIOT-CURIE IRENE",0.0,0.0
201400042479,5,5,14,23,5,93,45,2,1,1,6,PARIS RUE DE,0.0,0.0
201400042480,6,11,14,21,5,93,61,2,1,1,6,75 FAIDHERBE AVENUE,0.0,0.0
201400042481,11,8,14,20,5,93,63,2,3,2,3,"70, BRETAGNES AVENUE DES",0.0,0.0
201400042482,16,11,14,17,5,93,45,1,1,3,6,PARIS RUE DE-,0.0,0.0
201400042483,16,11,14,0,5,93,63,1,3,2,3,BRANLY BD EDOUARD,0.0,0.0
201400042484,17,8,14,5,5,93,45,2,1,1,6,"143, NOISY LE SEC RUE DE",0.0,0.0
201400042485,17,8,14,22,5,93,63,2,2,1,2,"101, POINTE RUE DE LA",0.0,0.0
201400042486,23,8,14,2,5,93,63,2,2,1,3,ROSENFELD AVENUE DU DOCT,0.0,0.0
201400042487,4,9,14,19,1,93,63,2,1,1,2,"92, MONTREUIL ROUTE DE",0.0,0.0
201400042488,9,9,14,8,1,93,63,2,1,1,6,"35, CITE MARCEL CACHIN",0.0,0.0
201400042489,9,9,14,22,5,93,45,2,4,1,6,SABLONS RUE DES,0.0,0.0
201400042490,18,11,14,21,5,93,63,2,1,1,3,BENFLEET RUE DE,0.0,0.0
201400042491,22,11,14,19,5,93,45,2,4,1,6,"264, NOISY LE SEC RUE DE",0.0,0.0
201400042492,25,11,14,8,1,93,63,2,3,8,7,CALMETTE RUE DU DOCTEUR,0.0,0.0
201400042493,3,1,14,13,1,93,46,2,1,8,4,"125, MARX DORMOY BOULEVA",0.0,0.0
201400042494,6,1,14,23,5,93,15,2,4,1,6,"7, PASTEUR AVENUE",0.0,0.0
201400042495,8,1,14,13,1,93,74,2,3,1,3,"258, MEAUX RUE DE",0.0,0.0
201400042496,15,1,14,19,5,93,46,2,2,2,6,JEAN MOULIN BOULEVARD,0.0,0.0
201400042497,12,1,14,11,1,93,15,2,4,1,3,"03, COROT AVENUE",0.0,0.0
201400042498,22,1,14,13,1,93,74,2,1,1,3,"35, DE GAULLE AVENUE DU",0.0,0.0
201400042499,23,1,14,8,1,93,46,2,1,2,3,"148, EMILE GERARD AVENUE",0.0,0.0
201400042500,26,1,14,17,5,93,46,2,1,3,4,MARECHAL LECLERC AVENUE,0.0,0.0
201400042501,3,2,14,6,5,93,74,2,2,1,1,MEAUX RUE DE,0.0,0.0
201400042502,3,2,14,8,2,93,74,1,1,1,6,Route Nationale 3,0.0,0.0
201400042503,8,2,14,15,1,93,46,2,1,1,6,"39, CHANZY AVENUE DE",0.0,0.0
201400042504,13,2,14,16,1,93,74,2,1,8,6,"192, MEAUX RUE DE",0.0,0.0
201400042505,25,2,14,9,1,93,46,2,1,2,7,"18, ARISTIDE BRIAND AVEN",0.0,0.0
201400042506,28,2,14,10,1,93,46,2,1,2,6,ROBERT SCHUMANN BOULEVAR,0.0,0.0
201400042507,1,3,14,1,5,93,46,2,1,2,6,EUGENE MASSE RUE,0.0,0.0
201400042508,5,3,14,17,1,93,46,2,1,1,3,"22/24, MARX DORMOY BOULE",0.0,0.0
201400042509,6,3,14,15,1,93,46,2,2,1,3,"00, CAMILLE DESMOULINS A",0.0,0.0
201400042510,16,3,14,16,1,93,74,2,3,1,3,MEAUX RUE DE,0.0,0.0
201400042511,16,3,14,15,1,93,46,2,1,1,6,"21, CHARLES DE GAULLE AV",0.0,0.0
201400042512,17,3,14,12,1,93,46,2,1,1,6,"83, ARISTIDE BRIAND AVEN",0.0,0.0
201400042513,17,3,14,18,1,93,46,2,1,1,6,"36, EUGENE MASSE RUE",0.0,0.0
201400042514,18,3,14,14,1,93,46,2,1,1,3,"113, DOCTEUR ROUX RUE DU",0.0,0.0
201400042515,23,3,14,20,5,93,46,2,3,1,7,EUGENE MASSE RUE,0.0,0.0
201400042516,24,3,14,15,1,93,46,2,1,1,3,", EUROPE BOULEVARD DE L'",0.0,0.0
201400042517,26,3,14,12,1,93,46,2,2,1,3,"30, JEAN MOULIN BOULEVAR",0.0,0.0
201400042518,29,3,14,15,1,93,46,1,1,1,2,EUROPE BOULEVARD DE L',0.0,0.0
201400042519,31,3,14,8,1,93,46,2,2,1,6,"14, EUROPE BOULEVARD DE",0.0,0.0
201400042520,1,4,14,17,1,93,74,2,1,1,6,MEAUX RUE DE,0.0,0.0
201400042521,5,4,14,13,1,93,46,2,1,1,2,"32, CAMILLE DESMOULINS A",0.0,0.0
201400042522,12,4,14,11,1,93,46,2,1,1,2,"2-4, CONSUL GENERAL NORD",0.0,0.0
201400042523,26,4,14,22,5,93,46,2,2,2,3,ARISTIDE BRIAND AVENUE,0.0,0.0
201400042524,23,4,14,21,5,93,46,2,8,2,2,EDOUARD VAILLANT BOULEVA,0.0,0.0
201400042525,30,4,14,22,5,93,46,2,1,8,2,DOCTEUR HERPIN RUE DU,0.0,0.0
201400042526,2,5,14,15,1,93,46,2,5,1,3,GAMBETTA AVENUE,0.0,0.0
201400042527,4,5,14,23,5,93,46,2,1,1,2,", ARISTIDE BRIAND AVENUE",0.0,0.0
201400042528,9,5,14,23,5,93,74,2,1,1,2,"135, MEAUX RUE DE",0.0,0.0
201400042529,10,5,14,13,1,93,46,2,1,3,3,EUGENE ALPHONSE ALLEE,0.0,0.0
201400042530,4,5,14,9,1,93,46,2,3,1,2,"01, JEAN JAURES BOULEVAR",0.0,0.0
201400042531,14,5,14,14,1,93,46,2,1,7,2,"43, LEON LUM AVENUE",0.0,0.0
201400042532,15,5,14,21,5,93,46,2,1,1,6,"75, LIEGEARD AVENUE",0.0,0.0
201400042533,16,5,14,23,3,93,46,2,2,1,3,ARISTIDE BRIAND AVENUE,0.0,0.0
201400042534,19,5,14,8,1,93,46,2,2,1,6,PACHOT LAINE RUE,0.0,0.0
201400042535,21,5,14,20,5,93,46,2,1,3,3,"20, WINSTON CHURCHILL AV",0.0,0.0
201400042536,22,5,14,6,1,93,15,2,1,1,6,"12, lARCHE RUE RAOUL",0.0,0.0
201400042537,22,5,14,19,1,93,46,2,1,1,6,"51, rOBERT SCHUMANN BOUL",0.0,0.0
201400042538,28,5,14,10,1,93,74,2,1,2,2,MEAUX RUE DE,0.0,0.0
201400042539,31,5,14,22,5,93,74,2,2,1,1,", mEAUX RUE DE",0.0,0.0
201400042540,2,6,14,8,1,93,46,2,1,1,6,ARISTIDE BRIAND AVENUE,0.0,0.0
201400042541,2,6,14,16,1,93,46,2,1,1,7,"56, EST ALLEE DE L'",0.0,0.0
201400042542,2,6,14,18,1,93,15,2,6,1,3,JAURES RUE JEAN,0.0,0.0
201400042543,6,6,14,9,1,93,46,2,6,7,6,QUESNAY ROND POINT,0.0,0.0
201400042544,13,6,14,21,5,93,46,2,2,1,3,ARISTIDE BRIAND AVENUE,0.0,0.0
201400042545,16,6,14,7,1,93,74,1,1,1,2,Route Nationale 3,0.0,0.0
201400042546,23,6,14,7,1,93,46,2,1,1,3,"43, ARISTIDE BRIAND AVEN",0.0,0.0
201400042547,26,6,14,15,1,93,74,2,2,1,3,"173, MEAUX RUE DE",0.0,0.0
201400042548,27,6,14,11,1,93,46,2,1,1,6,"3, SIMIANE RUE DE",0.0,0.0
201400042549,30,6,14,17,1,93,46,2,6,1,3,TURGOT,0.0,0.0
201400042550,3,7,14,6,1,93,46,2,2,1,3,MARECHAL LECLERC AVENUE,0.0,0.0
201400042551,21,7,14,15,1,93,46,2,1,2,6,MARX DORMOY BOULEVARD,0.0,0.0
201400042552,26,7,14,6,1,93,15,2,1,1,6,MOULIN RUE JEAN,0.0,0.0
201400042553,28,7,14,15,1,93,46,2,1,1,6,"92, MARX DORMOY BOULEVAR",0.0,0.0
201400042554,5,8,14,22,5,93,15,2,2,1,3,AMPERE AVENUE,0.0,0.0
201400042555,6,8,14,15,1,93,74,2,1,2,6,"239, MEAUX RUE DE",0.0,0.0
201400042556,8,8,14,21,5,93,46,2,1,2,3,"71, REPUBLIQUE AVENUE DE",0.0,0.0
201400042557,14,8,14,15,1,93,46,2,5,1,3,WINSTON CHURCHILL AVENUE,0.0,0.0
201400042558,18,8,14,20,2,93,74,2,5,1,1,DE GAULLE AVENUE DU GENE,0.0,0.0
201400042559,30,8,14,0,5,93,46,2,2,1,1,"16, MARX DORMOY BOULEVAR",0.0,0.0
201400042560,1,9,14,3,5,93,46,2,3,1,7,"8, EGLISE RUE DE L'",0.0,0.0
201400042561,1,9,14,20,2,93,46,2,2,1,3,AUMALE ALLEE,0.0,0.0
201400042562,3,9,14,22,5,93,46,2,2,1,3,JEAN JAURES BOULEVARD,0.0,0.0
201400042563,7,8,14,11,1,93,46,2,2,1,6,GEORGES BRASSENS ALLEE,0.0,0.0
201400042564,12,9,14,17,1,93,74,2,3,1,3,BOUCHER RUE ALEXANDRE,0.0,0.0
201400042565,16,9,14,11,1,93,74,2,1,1,3,"184, MEAUX RUE DE",0.0,0.0
201400042566,12,9,14,15,1,93,46,2,1,1,6,"62, FRANCOIS VILLON RUE",0.0,0.0
201400042567,17,9,14,20,5,93,15,2,3,1,1,"70, JAURES RUE JEAN",0.0,0.0
201400042568,18,9,14,19,2,93,74,1,1,1,2,Route Nationale 3,0.0,0.0
201400042569,21,9,14,7,5,93,46,2,2,2,1,LIBERATION PLACE DE LA,0.0,0.0
201400042570,23,9,14,8,1,93,74,2,3,1,6,"00, LATTRE DE TASSIGNY A",0.0,0.0
201400042571,24,9,14,18,1,93,74,2,2,1,2,MEAUX RUE DE,0.0,0.0
201400042572,25,9,14,18,2,93,46,2,2,1,3,LEDRU ROLLIN ALLEE,0.0,0.0
201400042573,26,9,14,8,1,93,74,1,1,1,3,Route Nationale 3,0.0,0.0
201400042574,26,9,14,18,1,93,74,2,1,1,2,"259, MEAUX RUE DE",0.0,0.0
201400042575,28,9,14,10,1,93,74,1,2,1,3,LATTRE DE TASSIGNY AVENU,0.0,0.0
201400042576,9,10,14,8,1,93,46,2,1,1,7,"23, CLICHY CHEMIN DE",0.0,0.0
201400042577,10,10,14,10,1,93,46,2,1,1,3,ROBERT SCHUMANN BOULEVAR,0.0,0.0
201400042578,12,10,14,23,5,93,46,2,1,2,2,"57, ARISTIDE BRIAND AVEN",0.0,0.0
201400042579,14,10,14,12,1,93,46,2,1,1,6,MAURICE BERTHEAUX ALLEE,0.0,0.0
201400042580,15,10,14,20,5,93,46,2,3,2,3,LIEGEARD AVENUE,0.0,0.0
201400042581,17,10,14,8,1,93,46,2,2,2,1,ROBERT SCHUMANN BOULEVAR,0.0,0.0
201400042582,30,10,14,15,1,93,46,2,2,1,3,VAUBAN AVENUE,0.0,0.0
201400042583,31,10,14,20,3,93,46,2,3,1,1,VAUJOURS RUE DE,0.0,0.0
201400042584,1,11,14,15,1,93,46,2,2,1,6,"00, LEON BLUM CITE",0.0,0.0
201400042585,3,11,14,21,5,93,46,2,2,2,3,CONSUL GENERAL NORDLING,0.0,0.0
201400042586,15,11,14,13,1,93,15,2,1,9,6,STRATEGIQUE ROUTE,0.0,0.0
201400042587,16,11,14,4,5,93,46,2,9,2,6,"93, ROGER SALENGRO BOULE",0.0,0.0
201400042588,16,11,14,18,5,93,46,2,2,2,3,"00, NEMOURS ALLEE DE",0.0,0.0
201400042589,19,11,14,15,1,93,46,2,1,1,6,"8, ARISTIDE BRIAND AVENU",0.0,0.0
201400042590,20,11,14,11,1,93,46,2,1,1,6,CONSUL GENERAL NORDLING,0.0,0.0
201400042591,25,11,14,19,5,93,46,2,7,1,3,LIBERATION PLACE DE LA,0.0,0.0
201400042592,26,11,14,12,1,93,46,2,2,1,3,"64, PAUL BERT AVENUE",0.0,0.0
201400042593,27,11,14,5,3,93,74,1,1,5,6,Route Nationale 3,0.0,0.0
201400042594,29,11,14,13,1,93,74,2,6,1,3,LATTRE DE TASSIGNY AVENU,0.0,0.0
201400042595,29,11,14,14,1,93,46,2,2,1,2,"0, ARISTIDE BRIAND AVENU",0.0,0.0
201400042596,2,12,14,14,1,93,46,2,3,2,6,", JEAN JACQUES ROUSSEAU",0.0,0.0
201400042597,2,12,14,18,5,93,46,2,7,8,6,MARECHAL LECLERC AVENUE,0.0,0.0
201400042598,4,12,14,8,2,93,46,2,6,1,2,EUROPE BOULEVARD DE L',0.0,0.0
201400042599,4,12,14,20,5,93,46,2,2,1,6,RICHELIEU ALLEE,0.0,0.0
201400042600,5,12,14,14,1,93,74,2,2,1,4,COURTRY RUE DE,0.0,0.0
201400042601,5,12,14,12,1,93,46,2,1,8,4,"42, VAUJOURS RUE DE",0.0,0.0
201400042602,6,12,14,8,2,93,46,2,8,1,3,MAURICE BERTHEAUX ALLEE,0.0,0.0
201400042603,7,12,14,6,5,93,46,2,0,5,6,EUROPE BOULEVARD DE L',0.0,0.0
201400042604,9,12,14,7,2,93,46,1,1,9,6,EUROPE BOULEVARD DE L',0.0,0.0
201400042605,10,12,14,12,1,93,46,2,3,8,3,MARX DORMOY BOULEVARD,0.0,0.0
201400042606,10,12,14,17,5,93,74,2,1,2,1,MEAUX RUE DE,0.0,0.0
201400042607,11,12,14,7,2,93,46,2,1,8,6,"2, CAMILLE DESMOULINS AV",0.0,0.0
201400042608,16,12,14,15,1,93,46,2,2,1,3,WINSTON CHURCHILL AVENUE,0.0,0.0
201400042609,16,12,14,16,1,93,46,1,1,1,3,STRATEGIQUE ROUTE,0.0,0.0
201400042610,19,12,14,18,5,93,46,2,3,2,2,MARX DORMOY BOULEVARD,0.0,0.0
201400042611,19,12,14,21,5,93,46,2,0,8,1,"00, AUMALE ALLEE",0.0,0.0
201400042612,21,12,14,13,1,93,46,2,1,8,2,JEAN JACQUES ROUSSEAU AV,0.0,0.0
201400042613,24,12,14,14,1,93,74,2,3,2,6,"67, MEAUX RUE DE",0.0,0.0
201400042614,26,12,14,7,5,93,46,2,9,9,3,POSTES CHEMIN DES,0.0,0.0
201400042615,30,12,14,10,1,93,74,1,1,9,5,Route Nationale 3,0.0,0.0
201400042616,5,1,14,22,3,93,48,2,2,2,3,"233, PARIS (RUE DE)",0.0,0.0
201400042617,6,1,14,19,5,93,48,2,1,2,6,"290/302, ETIENNE MARCEL",0.0,0.0
201400042618,9,1,14,18,3,93,48,2,3,8,3,"162, ROMAINVILLE (RUE DE",0.0,0.0
201400042619,11,1,14,5,5,93,48,2,5,2,3,ARISTIDE BRIAND (BOULEVA,0.0,0.0
201400042620,12,1,14,23,5,93,48,2,2,2,3,BOISSIERE (BOULEVARD DE,0.0,0.0
201400042621,16,1,14,13,1,93,48,2,1,2,6,JACQUES DUCLOS (RUE),0.0,0.0
201400042622,18,1,14,16,1,93,48,2,1,1,2,155 ROSNY (RUE DE),0.0,0.0
201400042623,21,1,14,7,5,93,48,2,1,8,6,"01, CHANZY (BOULEVARD)",0.0,0.0
201400042624,23,1,14,20,5,93,48,2,2,1,3,JEAN LOLIVE (RUE),0.0,0.0
201400042625,28,1,14,7,2,93,48,2,2,1,2,WALWEIN (AVENUE),0.0,0.0
201400042626,4,2,14,16,1,93,48,2,1,1,7,"152, PARIS (RUE DE)",0.0,0.0
201400042627,5,2,14,20,5,93,48,2,2,2,1,"186, PARIS (RUE DE)",0.0,0.0
201400042628,10,2,14,14,1,93,48,2,1,1,2,"202, BOISSIERE (BOULEVAR",0.0,0.0