Num_Acc,jour,mois,an,hr,condition_eclairage,departement,commune,condition_agglomeration,intersection,condition_atmosphere,type_collision,adresse,lattitude,longitude
201400042629,12,2,14,10,1,93,48,2,1,1,6,"45, PARIS (RUE DE)",0.0,0.0
201400042630,12,2,14,19,5,93,48,2,8,2,6,"44, RESISTANCE (AVENUE D",0.0,0.0
201400042631,12,2,14,18,5,93,48,2,9,3,6,PARIS (RUE DE),0.0,0.0
201400042632,14,2,14,6,5,93,48,2,2,1,3,"56, COLONEL FABIEN (AVEN",0.0,0.0
201400042633,15,2,14,18,5,93,48,2,8,2,6,"215, BOISSIERE (BOULEVAR",0.0,0.0
201400042634,17,2,14,11,1,93,48,2,3,1,3,DESIRE CHEVALIER (RUE),0.0,0.0
201400042635,4,3,14,14,1,93,48,2,1,1,6,jEAN LOLIVE (RUE),0.0,0.0
201400042636,6,3,14,18,5,93,48,2,1,1,6,"16, jEAN MOULIN (AVENUE)",0.0,0.0
201400042637,8,3,14,11,1,93,48,2,2,1,3,rOMAINVILLE (RUE DE),0.0,0.0
201400042638,16,3,14,18,1,93,48,2,1,1,6,"1, EPERNONs (RUE DES)",0.0,0.0
201400042639,18,3,14,14,1,93,48,2,1,1,3,"46, PAUL VAILLANT COUTUR",0.0,0.0
201400042640,18,3,14,14,1,93,48,2,2,1,6,VINCENNES (RUE DE),0.0,0.0
201400042641,18,3,14,17,1,93,48,2,2,1,6,PRESIDENT WILSON (AVENUE,0.0,0.0
201400042642,22,3,14,18,1,93,48,2,1,1,2,"158, LE NAIN DE TILLEMON",0.0,0.0
201400042643,23,3,14,14,1,93,48,2,1,2,4,PIERRE DE MONTREUIL (RUE,0.0,0.0
201400042644,22,3,14,19,5,93,48,2,1,1,1,ROUGET DE L'ISLE (BOULEV,0.0,0.0
201400042645,27,3,14,8,1,93,48,2,1,1,6,"48, VINCENNES (RUE DE)",0.0,0.0
201400042646,31,3,14,21,3,93,48,2,6,1,2,FRANCOIS MITTERAND (PLAC,0.0,0.0
201400042647,5,4,14,19,1,93,48,2,1,1,6,REPUBLIQUE (RUE DE LA),0.0,0.0
201400042648,11,4,14,9,1,93,48,2,1,1,6,"14, PARMENTIER (RUE)",0.0,0.0
201400042649,14,4,14,19,1,93,48,2,1,1,3,PARIS (RUE DE),0.0,0.0
201400042650,16,4,14,14,1,93,48,2,2,1,3,"105, HENRI BARBUSSE S3 (",0.0,0.0
201400042651,18,4,14,19,1,93,48,2,2,1,3,ARMAND CARREL (RUE),0.0,0.0
201400042652,22,4,14,14,1,93,48,2,1,1,5,"157, CHANZY (BOULEVARD)",0.0,0.0
201400042653,30,4,14,12,1,93,48,2,1,1,6,VICTOR HUGO (AVENUE),0.0,0.0
201400042654,5,5,14,17,1,93,48,2,1,1,7,"85, SOLIDARITE (RUE DE L",0.0,0.0
201400042655,9,5,14,17,1,93,48,2,1,1,6,FAIDHERBE (AVENUE),0.0,0.0
201400042656,16,5,14,14,1,93,48,2,3,1,1,"11, PASTEUR S2  (AVENUE)",0.0,0.0
201400042657,16,5,14,18,1,93,48,2,1,1,6,"35C, ARISTIDE BRIAND (BO",0.0,0.0
201400042658,20,5,14,15,1,93,48,2,1,1,6,"134, SAINT DENIS (RUE)",0.0,0.0
201400042659,24,5,14,15,1,93,48,2,2,3,1,"123, STALINGRAD (RUE DE)",0.0,0.0
201400042660,26,5,14,17,1,93,48,2,1,1,6,"52, RAPATEL (RUE)",0.0,0.0
201400042661,28,5,14,18,1,93,48,2,3,2,3,"122, ROMAINVILLE (RUE DE",0.0,0.0
201400042662,30,5,14,19,1,93,48,2,1,1,6,"12, JEAN MOULIN (AVENUE)",0.0,0.0
201400042663,1,6,14,17,1,93,48,2,2,1,3,JEANNE D'ARC (BOULEVARD),0.0,0.0
201400042664,6,6,14,18,1,93,48,2,1,1,6,"01, JEAN JAURES (PLACE)",0.0,0.0
201400042665,8,6,14,15,1,93,48,2,1,1,6,"128, PARIS (RUE DE)",0.0,0.0
201400042666,9,6,14,18,1,93,48,2,1,1,3,EUGENIE COTTON (ALLEE),0.0,0.0
201400042667,11,6,14,19,1,93,48,2,1,1,6,PARIS (RUE DE),0.0,0.0
201400042668,12,6,14,14,1,93,48,2,1,1,6,ROMAIN ROLLAND (ALLEE),0.0,0.0
201400042669,13,6,14,13,1,93,48,2,2,1,3,"65, BOISSIERE (BOULEVARD",0.0,0.0
201400042670,17,6,14,9,1,93,48,2,2,1,3,"162, ROMAINVILLE (RUE DE",0.0,0.0
201400042671,20,6,14,14,1,93,48,2,3,1,3,MARCEAU (RUE),0.0,0.0
201400042672,20,6,14,18,1,93,48,1,1,1,2,PIERRE DE MONTREUIL (RUE,0.0,0.0
201400042673,21,6,14,14,1,93,48,2,1,1,3,"80, PARIS (RUE DE)",0.0,0.0
201400042674,21,6,14,23,5,93,48,2,1,1,2,DENISE BUISSON (RUE),0.0,0.0
201400042675,22,6,14,11,1,93,48,2,2,1,1,PAUL VAILLANT COUTURIER,0.0,0.0
201400042676,23,6,14,18,1,93,48,2,1,1,6,"62, FRANKLIN (RUE)",0.0,0.0
201400042677,24,6,14,9,1,93,48,2,1,1,6,"41, ANATOLE FRANCE (RUE)",0.0,0.0
201400042678,28,6,14,12,1,93,48,2,3,1,3,ROBESPIERRE (RUE),0.0,0.0
201400042679,30,6,14,15,1,93,48,2,1,1,2,"81 bis, ROMAINVILLE (RUE",0.0,0.0
201400042680,3,7,14,20,1,93,48,2,1,1,3,"220, PARIS (RUE DE)",0.0,0.0
201400042681,15,7,14,10,1,93,48,2,1,1,6,"40, ERNEST SAVART (AVENU",0.0,0.0
201400042682,15,7,14,14,1,93,48,2,1,1,3,197 ETIENNE MARCEL (RUE,0.0,0.0
201400042683,16,7,14,19,1,93,48,2,1,1,2,"16, THEOPHILE SUEUR (BOU",0.0,0.0
201400042684,17,7,14,10,1,93,48,2,2,1,6,"135, ARISTIDE BRIAND (BO",0.0,0.0
201400042685,17,7,14,17,1,93,48,2,1,1,6,"37, ROUGET DE L'ISLE (BO",0.0,0.0
201400042686,21,7,14,17,1,93,48,2,3,1,6,"170, THEOPHILE SUEUR (BO",0.0,0.0
201400042687,1,8,14,8,1,93,48,2,1,1,6,"17, VALMY (RUE DE)",0.0,0.0
201400042688,18,8,14,18,1,93,48,2,1,1,6,"4, COTE DU NORD (RUE DE",0.0,0.0
201400042689,25,8,14,18,1,93,48,2,2,2,3,MARCEAU (RUE),0.0,0.0
201400042690,9,9,14,8,1,93,48,2,2,1,1,"., DESIRE PREAUX (RUE)",0.0,0.0
201400042691,9,9,14,15,1,93,48,2,1,1,2,", ROSNY (RUE DE)",0.0,0.0
201400042692,10,9,14,10,1,93,48,2,2,1,6,"., STALINGRAD (RUE DE)",0.0,0.0
201400042693,11,9,14,12,1,93,48,2,9,1,6,"134, CHANZY (BOULEVARD)",0.0,0.0
201400042694,16,9,14,3,5,93,48,2,0,1,6,101 PARIS (RUE DE),0.0,0.0
201400042695,17,9,14,17,1,93,48,2,3,1,7,CUVIER (RUE),0.0,0.0
201400042696,6,10,14,18,1,93,48,2,2,2,6,"03, WALWEIN (AVENUE)",0.0,0.0
201400042697,6,10,14,18,5,93,48,2,1,3,6,"105, PARIS (RUE DE)",0.0,0.0
201400042698,7,10,14,8,1,93,48,2,2,1,3,"24, PARMENTIER (RUE)",0.0,0.0
201400042699,8,10,14,20,5,93,48,2,9,3,1,"128, PARIS (RUE DE)",0.0,0.0
201400042700,10,10,14,18,1,93,48,2,3,1,6,"63, BARBES (RUE)",0.0,0.0
201400042701,18,10,14,16,1,93,48,2,3,1,6,"73, EDOUARD BRANLY (RUE)",0.0,0.0
201400042702,21,10,14,9,1,93,48,2,1,8,6,PASTEUR S2  (AVENUE),0.0,0.0
201400042703,23,10,14,18,5,93,48,2,1,1,6,"47, PARIS (RUE DE)",0.0,0.0
201400042704,31,10,14,11,1,93,48,2,2,1,3,"., ARISTIDE BRIAND (BOUL",0.0,0.0
201400042705,3,11,14,18,5,93,48,2,1,3,3,"235, ROSNY (RUE DE)",0.0,0.0
201400042706,12,11,14,17,1,93,48,2,2,8,6,"13, GABRIEL PERI (AVENUE",0.0,0.0
201400042707,17,11,14,17,5,93,48,2,1,2,3,"206, PARIS (RUE DE)",0.0,0.0
201400042708,25,11,14,15,1,93,48,2,3,1,3,"28, ARISTIDE BRIAND (BOU",0.0,0.0
201400042709,29,11,14,20,5,93,48,2,2,1,3,"48, MARCEAU (RUE)",0.0,0.0
201400042710,9,12,14,17,2,93,48,2,1,1,3,PARIS (RUE DE),0.0,0.0
201400042711,9,12,14,20,5,93,48,2,1,1,3,"21, HENRI BARBUSSE (BOUL",0.0,0.0
201400042712,13,12,14,3,5,93,48,2,1,2,1,"59, RUFFINS (RUE DES)",0.0,0.0
201400042713,17,12,14,17,5,93,48,2,1,2,6,"29, HENRI BARBUSSE S3 (B",0.0,0.0
201400042714,21,12,14,23,5,93,48,2,9,1,6,"223, THEOPHILE SUEUR (BO",0.0,0.0
201400042715,27,12,14,20,5,93,48,2,2,2,3,VALMY (RUE DE),0.0,0.0
201400042716,30,12,14,17,3,93,50,1,0,1,6,JEAN JAURES (AVENUE) COT,0.0,0.0
201400042717,12,1,14,2,5,93,49,2,1,5,6,"25, GABRIEL PERI (RUE)",0.0,0.0
201400042718,6,1,14,8,1,93,50,2,1,1,6,PAUL ET CAMILLE THOMOUX,0.0,0.0
201400042719,13,1,14,19,5,93,50,2,2,2,3,ARISTIDE BRIAND (BOULEBA,0.0,0.0
201400042720,18,1,14,5,2,93,50,2,2,1,3,ARISTIDE BRIAND (BOULEBA,0.0,0.0
201400042721,19,1,14,3,5,93,50,2,1,2,6,"184, PAUL ET CAMILLE THO",0.0,0.0
201400042722,31,1,14,10,1,93,50,2,1,1,6,"1, ROBERT SCHUMANN (AVEN",0.0,0.0
201400042723,22,1,14,16,1,93,50,2,1,2,6,"16, CARNOT (BOULEVARD)",0.0,0.0
201400042724,23,1,14,11,1,93,50,2,1,1,7,ROUSSILLON (RUE),0.0,0.0
201400042725,28,1,14,12,1,93,50,2,2,8,6,PAUL ET CAMILLE THOMOUX,0.0,0.0
201400042726,28,1,14,17,5,93,50,2,1,2,6,", ARISTIDE BRIAND (BOULE",0.0,0.0
201400042727,20,2,14,0,5,93,50,2,1,1,6,"3, JEAN JAURES (AVENUE)",0.0,0.0
201400042728,16,2,14,7,2,93,50,2,2,1,3,VERDUN (AVENUE) COTE PAI,0.0,0.0
201400042729,4,2,14,15,1,93,50,2,3,1,6,"0, JEAN JAURES (AVENUE)",0.0,0.0
201400042730,12,2,14,21,5,93,50,2,2,2,1,MARECHAL FOCH (AVENUE) C,0.0,0.0
201400042731,21,2,14,8,1,93,49,2,2,1,3,ARISTIDE BRIAND (AVENUE),0.0,0.0
201400042732,27,2,14,12,1,93,49,2,2,3,3,DANIELLE CASANOVA (RUE),0.0,0.0
201400042733,27,2,14,13,1,93,50,2,1,2,2,"163, PAUL VAILLANT COUTU",0.0,0.0
201400042734,28,2,14,19,5,93,50,2,1,1,3,DAUPHINE (PLACE),0.0,0.0
201400042735,28,2,14,22,5,93,50,2,1,2,6,LOUIS ARMAND (RUE),0.0,0.0
201400042736,10,3,14,16,1,93,50,2,1,1,6,LOUIS ARMAND (RUE),0.0,0.0
201400042737,22,3,14,5,2,93,50,2,2,1,3,LEON BLUM (AVENUE),0.0,0.0
201400042738,23,3,14,3,5,93,50,2,1,1,6,WINSTON CHURCHILL (AVENU,0.0,0.0
201400042739,12,4,14,1,5,93,50,2,2,1,3,GENERAL DE GAULLE (AVENU,0.0,0.0
201400042740,1,4,14,14,1,93,50,2,6,1,3,VICTOIRE (PLACE),0.0,0.0
201400042741,1,4,14,8,1,93,49,2,1,1,2,MARECHAL FOCH (AVENUE) P,0.0,0.0
201400042742,2,4,14,17,1,93,49,2,1,1,6,"29Bis, PASTEUR (RUE)",0.0,0.0
201400042743,2,4,14,18,1,93,50,2,1,1,3,"52, GENERAL DE GAULLE (A",0.0,0.0
201400042744,9,4,14,8,1,93,49,2,3,1,3,PROCESSIONS (CHEMIN),0.0,0.0
201400042745,9,4,14,11,1,93,50,2,3,1,3,FERDINAND BUISSON (RUE),0.0,0.0
201400042746,27,4,14,4,5,93,50,2,1,1,6,"71, LOUIS AMPERE ZI CHAN",0.0,0.0
201400042747,28,4,14,17,1,93,49,2,1,1,7,GALLIENI (BOULEVARD),0.0,0.0
201400042748,1,5,14,18,1,93,50,2,2,3,3,PAUL ET CAMILLE THOMOUX,0.0,0.0
201400042749,5,5,14,8,1,93,49,2,1,1,3,PASTEUR (RUE),0.0,0.0
201400042750,5,5,14,13,1,93,49,2,9,1,3,PIER DE CRAON (RUE),0.0,0.0
201400042751,8,5,14,13,1,93,50,2,1,1,3,"51, GENERAL DE GAULLE (A",0.0,0.0
201400042752,26,5,14,9,1,93,50,2,2,2,6,"13, MARECHAL FOCH (AVENU",0.0,0.0
201400042753,29,5,14,0,5,93,49,2,3,1,3,PRESIDENT JOHN KENNEDY (,0.0,0.0
201400042754,4,6,14,15,1,93,50,2,1,8,2,JEAN JAURES (AVENUE) COT,0.0,0.0
201400042755,16,6,14,17,1,93,50,2,1,1,6,BERRY (RUE),0.0,0.0
201400042756,18,6,14,17,1,93,50,2,2,1,2,"0, RESISTANCE (PLACE)",0.0,0.0
201400042757,21,6,14,18,1,93,50,2,1,1,1,JEAN JAURES (AVENUE) COT,0.0,0.0
201400042758,22,6,14,11,1,93,50,2,3,1,3,"8, FRANCOIS VILLON (RUE)",0.0,0.0
201400042759,24,6,14,10,1,93,50,2,9,1,6,"1/9, MARECHAL FOCH (AVEN",0.0,0.0
201400042760,25,6,14,6,1,93,50,2,1,1,6,MAISON BLANCHE (AVENUE),0.0,0.0
201400042761,2,7,14,15,1,93,49,2,1,1,1,PRESIDENT JOHN KENNEDY (,0.0,0.0
201400042762,3,7,14,9,1,93,50,2,1,1,3,MARX DORMOY (RUE),0.0,0.0
201400042763,6,7,14,18,1,93,50,2,1,2,5,MARX DORMOY (RUE),0.0,0.0
201400042764,21,7,14,23,5,93,50,2,1,1,3,PAUL ET CAMILLE THOMOUX,0.0,0.0
201400042765,23,7,14,19,1,93,50,2,1,1,7,LOUIS VANNINI (RUE),0.0,0.0
201400042766,30,7,14,18,1,93,49,2,1,1,6,"37, GEORGES CLEMENCEAU (",0.0,0.0
201400042767,1,8,14,3,5,93,50,2,1,1,3,"113, GENERAL DE GAULLE (",0.0,0.0
201400042768,15,8,14,16,1,93,50,2,1,1,7,GASTON NAVAILLE (RUE),0.0,0.0
201400042769,22,8,14,17,1,93,50,2,1,1,6,ECLUSE (CHEMIN),0.0,0.0
201400042770,14,9,14,8,1,93,50,2,1,1,6,"10, PAUL ET CAMILLE THOM",0.0,0.0
201400042771,26,8,14,22,5,93,50,2,1,2,6,PAUL VAILLANT COUTURIER,0.0,0.0
201400042772,1,9,14,9,1,93,50,2,1,7,2,HENRI BARBUSSE (PLACE) M,0.0,0.0
201400042773,1,9,14,16,1,93,50,2,1,1,6,"116, GENERAL DE GAULLE (",0.0,0.0
201400042774,1,9,14,17,1,93,50,1,1,1,5,JEAN JAURES (AVENUE) COT,0.0,0.0
201400042775,30,9,14,19,1,93,50,2,1,1,1,LEON BLUM (AVENUE),0.0,0.0
201400042776,20,9,14,12,1,93,50,2,2,1,3,"71, GENERAL DONZELOT (RU",0.0,0.0
201400042777,26,9,14,18,2,93,49,2,1,1,6,RENOUILLIERES (RUE),0.0,0.0
201400042778,3,10,14,10,1,93,50,2,2,1,3,"1, JULES LAMANT ET SES F",0.0,0.0
201400042779,5,10,14,18,1,93,50,2,1,1,5,GENERAL DE GAULLE (AVENU,0.0,0.0
201400042780,5,10,14,19,1,93,50,2,1,1,1,LEON BLUM (AVENUE),0.0,0.0
201400042781,6,10,14,8,1,93,50,2,1,1,3,", FAUVETTES (RUE)",0.0,0.0
201400042782,8,10,14,7,4,93,49,2,3,2,7,RENOUILLIERES (CHEMIN),0.0,0.0
201400042783,17,10,14,17,1,93,50,2,1,1,2,"15/27, FRERES LUMIERE (R",0.0,0.0
201400042784,20,10,14,9,1,93,49,2,2,1,3,MARECHAL JOFFRE (AVENUE),0.0,0.0
201400042785,22,10,14,9,1,93,50,2,1,1,2,"336, HUIT MAI 1945",0.0,0.0
201400042786,24,10,14,22,5,93,50,2,1,1,2,PAUL ET CAMILLE THOMOUX,0.0,0.0
201400042787,5,11,14,9,1,93,50,2,3,1,3,"1/9, MARECHAL FOCH (AVEN",0.0,0.0
201400042788,11,11,14,6,4,93,50,2,2,1,1,RESISTANCE (PLACE),0.0,0.0
201400042789,7,11,14,8,1,93,49,2,2,3,6,"02, RASPAIL (RUE)",0.0,0.0
201400042790,8,11,14,22,5,93,50,2,1,1,7,MARECHAL FOCH (AVENUE) C,0.0,0.0
201400042791,14,11,14,12,1,93,50,2,2,3,6,GENERAL DE GAULLE (AVENU,0.0,0.0
201400042792,15,11,14,12,1,93,49,2,1,2,2,PAUL VAILLANT COUTURIER,0.0,0.0
201400042793,18,11,14,18,5,93,50,2,3,2,6,ROUSSILLON (RUE),0.0,0.0
201400042794,19,11,14,7,1,93,50,2,1,5,6,"127, MARECHAL LECLERCQ (",0.0,0.0
201400042795,20,11,14,11,1,93,50,2,0,1,6,COMMERCE (PLACE),0.0,0.0
201400042796,25,11,14,8,1,93,50,2,1,1,6,"1 BIS, GENRAL SCHMITZ (R",0.0,0.0
201400042797,3,12,14,19,5,93,50,2,1,1,1,DAUPHINE (PLACE),0.0,0.0
201400042798,5,12,14,8,2,93,49,2,1,1,2,EDGAR QUINET (RUE) FAIDH,0.0,0.0
201400042799,9,12,14,6,5,93,50,2,2,1,3,DANIELLE CASANOVA (RUE),0.0,0.0
201400042800,9,12,14,17,2,93,49,2,1,1,1,"7, MEAUX (CHEMIN)",0.0,0.0
201400042801,16,12,14,8,1,93,50,2,1,2,6,JOLIOT CURIE (RUE),0.0,0.0
201400042802,17,12,14,7,5,93,50,2,0,3,6,LOUIS VANNINI (RUE),0.0,0.0
201400042803,7,1,14,20,3,93,51,2,1,2,2,RU DE NESLE (BOULEVARD),0.0,0.0
201400042804,9,1,14,12,1,93,33,2,2,1,6,ARISTIDE BRIANT,0.0,0.0
201400042805,15,1,14,10,1,93,51,2,2,2,7,MONT D'EST (BD),0.0,0.0
201400042806,24,1,14,14,1,93,33,2,1,1,6,"02, NATIONALE NUMERO 34",0.0,0.0
201400042807,24,1,14,17,2,93,51,2,1,1,5,"45, SOUCHET (BOULEVARD)",0.0,0.0
201400042808,26,1,14,20,5,93,51,2,1,3,3,SOUCHET (BOULEVARD),0.0,0.0
201400042809,28,1,14,22,5,93,51,2,2,2,3,EMILE COSSONNEAU (AVE),0.0,0.0
201400042810,2,2,14,0,5,93,51,2,1,1,6,MARNOIS (NR 21 A FIN),0.0,0.0
201400042811,13,2,14,10,1,93,51,2,1,2,6,MONT D'EST (BD),0.0,0.0
201400042812,15,2,14,0,5,93,51,2,1,1,4,RU DE NESLE (BOULEVARD),0.0,0.0
201400042813,16,2,14,19,5,93,51,2,6,1,2,GRAHAM BELL,0.0,0.0
201400042814,19,2,14,7,1,93,51,2,1,2,6,", PAVE NEUF (AVENUE)",0.0,0.0
201400042815,24,2,14,7,1,93,51,2,3,1,3,PAVE NEUF (AVENUE),0.0,0.0
201400042816,2,3,14,12,1,93,51,2,1,1,3,"12, VICTOR BASCH (AVENUE",0.0,0.0
201400042817,5,3,14,17,1,93,51,2,1,1,2,DEUX PONTS (QUAI),0.0,0.0
201400042818,7,3,14,7,4,93,51,2,1,1,3,"30, MARECHAL FOCH (BOULE",0.0,0.0
201400042819,10,3,14,13,1,93,51,2,3,1,2,DOCTEUR SUREAU,0.0,0.0
201400042820,10,3,14,16,1,93,51,2,1,1,6,MEDERIC (AVENUE),0.0,0.0
201400042821,11,3,14,19,5,93,51,2,1,1,2,"56, PAVE NEUF (AVENUE)",0.0,0.0
201400042822,15,3,14,15,1,93,51,2,2,1,3,ORMES,0.0,0.0
201400042823,16,3,14,0,5,93,51,2,1,1,6,"16, BRAYER",0.0,0.0
201400042824,16,3,14,16,1,93,51,2,6,1,6,PAVE NEUF (AVENUE),0.0,0.0
201400042825,17,3,14,11,1,93,51,2,1,1,2,HAUTS CHATEAUX,0.0,0.0
201400042826,22,3,14,13,1,93,51,2,1,1,5,UNIVERSITE,0.0,0.0
201400042827,24,3,14,17,1,93,51,2,2,1,3,YVRIS (AVE),0.0,0.0
201400042828,25,3,14,17,2,93,51,2,1,2,6,GEORGES MELIES,0.0,0.0
201400042829,27,3,14,21,4,93,51,2,1,1,3,NEUILLY (ROUTE),0.0,0.0
201400042830,29,3,14,13,1,93,33,2,1,1,5,CHAMPS (AVENUE),0.0,0.0
201400042831,6,4,14,18,1,93,51,2,1,1,7,"1/3, MARECHAL JOFFRE (AV",0.0,0.0
201400042832,11,4,14,20,5,93,51,2,1,1,2,VICTOR BASCH (AVENUE),0.0,0.0
201400042833,15,4,14,19,1,93,51,2,1,1,6,PAVE NEUF (AVENUE),0.0,0.0
201400042834,15,4,14,22,5,93,51,2,2,1,6,MONT D'EST (BD),0.0,0.0
201400042835,3,5,14,20,1,93,51,2,3,1,3,PAUL PAMBRUN (BOULEVARD),0.0,0.0
201400042836,7,5,14,16,1,93,51,2,2,2,3,BALLON,0.0,0.0
201400042837,8,5,14,15,1,93,51,2,1,3,1,"41, DOCTEUR SUREAU",0.0,0.0
201400042838,12,5,14,13,1,93,33,2,1,2,3,"33, CHAMPS (AVENUE)",0.0,0.0
201400042839,19,5,14,16,1,93,51,2,1,1,6,"23, MONT D'EST (BD)",0.0,0.0
201400042840,23,5,14,12,1,93,51,2,2,1,3,BAIGNADE,0.0,0.0
201400042841,24,5,14,18,1,93,51,2,1,1,4,"61, NEUILLY (ROUTE)",0.0,0.0
201400042842,2,6,14,21,2,93,51,2,1,1,6,LEVANT (BD),0.0,0.0
201400042843,4,6,14,16,1,93,51,2,1,8,6,"26, BUTTE VERTE",0.0,0.0
201400042844,5,6,14,8,1,93,51,2,3,1,6,MONGE,0.0,0.0
201400042845,19,6,14,18,1,93,51,2,3,1,6,PLAINE,0.0,0.0
201400042846,20,6,14,9,1,93,51,2,4,1,6,GEORGES CLEMENCEAU (AVEN,0.0,0.0
201400042847,21,6,14,23,5,93,51,2,9,1,3,"9, EMILE COSSONNEAU (AVE",0.0,0.0
201400042848,28,6,14,10,1,93,51,2,1,2,2,"33bis, PIERRE BROSSOLETT",0.0,0.0
201400042849,5,7,14,3,5,93,51,2,1,1,6,"18, ROGER CAILTEUX",0.0,0.0
201400042850,8,7,14,17,1,93,51,2,4,1,2,COLLINE (ALLEE),0.0,0.0
201400042851,16,7,14,10,1,93,51,1,1,1,2,"65, EMILE COSSONNEAU (AV",0.0,0.0
201400042852,19,7,14,17,1,93,51,2,1,1,6,MARNE (ALLEE),0.0,0.0
201400042853,21,7,14,1,5,93,51,2,1,8,6,PASTEUR,0.0,0.0
201400042854,22,7,14,14,1,93,51,1,1,1,3,"07, PAVE NEUF (AVENUE)",0.0,0.0
201400042855,27,7,14,9,1,93,51,2,3,1,3,"0, CENTRE",0.0,0.0
201400042856,28,7,14,12,1,93,51,2,1,1,6,"32, CLOSEAU (ALLEE)",0.0,0.0
201400042857,30,7,14,23,5,93,51,2,2,1,7,MEDERIC (AVENUE),0.0,0.0
201400042858,31,7,14,18,1,93,51,2,1,1,6,"14, IRIS",0.0,0.0
201400042859,2,8,14,12,1,93,51,2,6,1,2,PAVE NEUF (AVENUE),0.0,0.0
201400042860,18,8,14,15,1,93,51,2,2,1,3,AUGUSTE RODIN (ALLEE),0.0,0.0
201400042861,1,9,14,19,1,93,51,2,1,1,3,"41, EMILE COSSONNEAU (AV",0.0,0.0
201400042862,1,9,14,13,1,93,51,2,1,1,1,"102, MEDERIC (AVENUE)",0.0,0.0
201400042863,6,9,14,21,4,93,51,2,1,1,3,"36, NEUILLY (ROUTE)",0.0,0.0
201400042864,11,9,14,8,1,93,51,2,1,1,6,"114, EMILE COSSONNEAU (A",0.0,0.0
201400042865,13,9,14,4,5,93,51,2,1,1,6,LEVANT (BD),0.0,0.0
201400042866,18,9,14,21,5,93,51,2,1,1,2,GEORGES LAIGNEAU,0.0,0.0
201400042867,19,9,14,8,1,93,51,2,2,1,3,GOURNAY (ROUTE),0.0,0.0
201400042868,25,9,14,23,5,93,51,2,2,1,3,ROUGET DE LISLE,0.0,0.0
201400042869,29,9,14,8,1,93,51,2,2,3,6,GABRIEL PERI (AVENUE),0.0,0.0
201400042870,29,9,14,8,1,93,51,2,1,2,2,"11, MARNOIS (NR 1 A 19)",0.0,0.0
201400042871,29,9,14,9,1,93,51,2,1,2,2,"11, MARNOIS (NR 1 A 19)",0.0,0.0
201400042872,2,10,14,19,2,93,51,2,2,1,3,"0, MEDERIC (AVENUE)",0.0,0.0
201400042873,6,10,14,22,5,93,51,2,6,2,7,PAVE NEUF (AVENUE),0.0,0.0
201400042874,8,10,14,15,1,93,33,2,1,2,7,"1, CHAMPS (AVENUE)",0.0,0.0
201400042875,19,10,14,21,5,93,51,2,1,1,6,"27, MONT D'EST (BD)",0.0,0.0
201400042876,20,10,14,19,5,93,51,2,1,2,6,PAUL PAMBRUN (BOULEVARD),0.0,0.0
201400042877,27,10,14,16,1,93,51,2,6,1,3,PAVE NEUF (AVENUE),0.0,0.0
201400042878,22,11,14,21,5,93,33,2,2,1,2,CHURCHILL (PLACE),0.0,0.0
201400042879,26,11,14,5,5,93,51,2,1,2,1,"10, MEDERIC (AVENUE)",0.0,0.0
201400042880,27,11,14,18,5,93,51,2,1,1,6,"10 6, BUTTE VERTE",0.0,0.0
201400042881,11,12,14,17,5,93,51,2,1,1,3,"3, CENTRE",0.0,0.0
201400042882,17,12,14,8,2,93,51,2,1,3,7,"0, HAUTS CHATEAUX",0.0,0.0
201400042883,20,12,14,10,1,93,51,2,3,8,3,MEDERIC (AVENUE),0.0,0.0
201400042884,22,12,14,17,5,93,51,2,1,2,6,SOUCHET (BOULEVARD),0.0,0.0
201400042885,23,12,14,17,5,93,51,2,1,1,3,PAUL LAFARGUE,0.0,0.0
201400042886,30,12,14,15,1,93,51,2,1,8,6,LEVANT (BD),0.0,0.0
201400042887,3,1,14,13,1,93,53,2,1,1,1,"140, PARIS (RUe De)",0.0,0.0
201400042888,13,1,14,17,5,93,53,2,1,1,6,"198, PARIS (RUE DE)",0.0,0.0
201400042889,26,1,14,5,5,93,53,2,3,1,6,"00, BREMENT (RUE DE) 109",0.0,0.0
201400042890,5,2,14,15,1,93,53,2,1,8,6,"15, REPUBLIQUE (BLD DE L",0.0,0.0
201400042891,8,2,14,6,5,93,53,2,1,2,6,"53, ALSACE LORRAINE (AVE",0.0,0.0
201400042892,8,2,14,13,1,93,53,2,4,8,5,"0, NEUILLY (RUE DE) N? 4",0.0,0.0
201400042893,8,2,14,22,5,93,53,2,1,1,6,"0, STAINS (ROUTE DE)",0.0,0.0
201400042894,16,2,14,13,1,93,53,2,1,1,7,"0, STAINS (ROUTE DE)",0.0,0.0
201400042895,18,2,14,2,5,93,53,2,1,1,6,"189bis, BREMENT (RUE DE)",0.0,0.0
201400042896,19,2,14,11,1,93,53,2,6,1,3,"0, JEANNE D'ARC (PLACE)",0.0,0.0
201400042897,20,2,14,5,5,93,53,2,1,2,6,"20, JEAN JAURES (RUE)",0.0,0.0
201400042898,23,2,14,13,1,93,53,2,3,1,2,"0, PARC (RUE DU)",0.0,0.0
201400042899,25,2,14,17,2,93,53,2,1,8,1,"0, MARC SANGNIER (RUE)",0.0,0.0
201400042900,6,3,14,14,1,93,53,2,2,1,1,"0, ROSNY (AVENUE DE) N?",0.0,0.0
201400042901,15,3,14,12,1,93,53,2,1,1,6,41 MICHELET (BLD) N? IM,0.0,0.0
201400042902,20,3,14,8,1,93,53,2,3,1,3,"0, BERGERIES (RUE DES)",0.0,0.0
201400042903,6,3,14,13,1,93,8,2,1,1,3,ALLENDE (AVE DU P. SALVA,0.0,0.0
201400042904,28,3,14,15,1,93,53,2,1,1,5,7 ROSNY (AVENUE DE) N?,0.0,0.0
201400042905,30,3,14,23,5,93,53,2,1,1,3,"57, ANATOLE FRANCE (RUE)",0.0,0.0
201400042906,2,4,14,21,5,93,53,2,1,1,7,"2, VAILLANT COUTURIER (R",0.0,0.0
201400042907,9,4,14,14,1,93,53,2,2,1,3,"0, MICHELET (BLD) N? 2 A",0.0,0.0
201400042908,21,4,14,19,2,93,53,2,1,1,6,ROSNY (AVENUE DE) N? 53,0.0,0.0
201400042909,9,5,14,10,1,93,53,2,1,1,2,SAINT DENIS (RUE),0.0,0.0
201400042910,14,5,14,20,2,93,53,2,1,1,6,"61, SAINT DENIS (RUE)",0.0,0.0
201400042911,15,5,14,8,1,93,53,2,9,1,2,"69, ANATOLE FRANCE (RUE)",0.0,0.0
201400042912,23,5,14,18,1,93,53,2,1,8,6,"04BIS, BERGERIES (RUE DE",0.0,0.0