Num_Acc,jour,mois,an,hr,condition_eclairage,departement,commune,condition_agglomeration,intersection,condition_atmosphere,type_collision,adresse,lattitude,longitude
201400042913,28,5,14,17,1,93,53,2,6,2,3,ELSA TRIOLET (RUE),0.0,0.0
201400042914,30,5,14,15,1,93,53,2,1,1,3,"67/69, JEAN JAURES (RUE)",0.0,0.0
201400042915,1,6,14,17,1,93,53,2,1,1,6,BERGERIES (RUE DES),0.0,0.0
201400042916,15,6,14,20,1,93,53,2,1,1,7,JEAN COQUELIN (PLACE),0.0,0.0
201400042917,17,6,14,17,1,93,53,2,1,1,6,"154, PARIS (RUE DE",0.0,0.0
201400042918,24,6,14,15,1,93,53,2,5,9,3,MICHELET (BLD) N? 2 A 80,0.0,0.0
201400042919,1,7,14,19,1,93,53,2,3,1,6,"48, BAUDIN (RUE",0.0,0.0
201400042920,3,7,14,9,1,93,53,2,1,1,6,REPUBLIQUE (BLD DE LA) N,0.0,0.0
201400042921,8,7,14,9,1,93,53,2,1,2,3,PARIS (RUE DE),0.0,0.0
201400042922,12,7,14,0,5,93,53,2,1,1,2,"172, BREMENT (RUE DE) 10",0.0,0.0
201400042923,12,7,14,10,1,93,53,2,1,8,3,"215, GABRIEL PERI (BLD)",0.0,0.0
201400042924,23,7,14,22,5,93,53,2,7,1,3,JEAN JAURES (RUE),0.0,0.0
201400042925,28,7,14,22,5,93,53,2,1,1,4,PARIS (RUE DE),0.0,0.0
201400042926,16,8,14,15,1,93,53,2,8,1,2,ROSNY (AVENUE DE) N? 56,0.0,0.0
201400042927,28,8,14,1,5,93,53,2,1,1,3,"9, GAGNY (AVENUE DE)",0.0,0.0
201400042928,29,8,14,17,1,93,53,2,1,1,4,ROSNY (AVENUE DE) N? 53,0.0,0.0
201400042929,4,9,14,13,1,93,53,2,1,1,2,WAGNER (RUE,0.0,0.0
201400042930,9,9,14,22,5,93,53,2,2,1,2,BREMENT (RUE DE) 85 A 10,0.0,0.0
201400042931,12,9,14,7,1,93,53,2,1,1,3,PARIS (RUE DE),0.0,0.0
201400042932,18,9,14,8,1,93,53,2,4,1,6,GUILLAUMMES (RUE DES),0.0,0.0
201400042933,26,9,14,17,1,93,53,2,4,1,3,ROSNY (AVENUE DE) N? 1 A,0.0,0.0
201400042934,7,10,14,7,5,93,53,2,1,2,6,"46, PARC (RUE DU",0.0,0.0
201400042935,7,10,14,14,1,93,53,2,1,2,1,"14, VILLARS (ALLEE)",0.0,0.0
201400042936,7,10,14,17,1,93,53,2,3,1,3,"13, BERGERIES (RUE DES)",0.0,0.0
201400042937,20,10,14,9,1,93,53,2,3,1,2,"68, TRIPIER (RUE)",0.0,0.0
201400042938,1,11,14,19,5,93,53,2,2,1,3,PARC (RUE DU,0.0,0.0
201400042939,8,11,14,10,1,93,53,2,1,1,2,"1, VAILLANT COUTURIER (R",0.0,0.0
201400042940,26,11,14,16,1,93,53,2,3,8,6,PIERRE BROSSELETTE (RUE),0.0,0.0
201400042941,26,11,14,16,5,93,53,2,6,2,6,GENERAL LECLERC (AVENUE,0.0,0.0
201400042942,26,11,14,21,5,93,53,2,0,2,2,ROSNY (AVENUE DE) N? 2 A,0.0,0.0
201400042943,28,11,14,3,5,93,53,2,1,2,3,"227, BREMENT (RUE DE) 10",0.0,0.0
201400042944,28,11,14,16,1,93,53,2,1,1,6,"13, HENRI BARBUSSE (RUE)",0.0,0.0
201400042945,28,11,14,22,5,93,53,2,1,1,2,46 / 48 VAILLANT COUTUR,0.0,0.0
201400042946,1,12,14,14,1,93,53,2,3,1,6,"02, FRANCOIS COUPERIN (A",0.0,0.0
201400042947,18,12,14,19,5,93,53,2,1,1,7,"22, DOCTEUR CHARCOT (RUE",0.0,0.0
201400042948,21,12,14,6,5,93,53,2,2,1,3,PARC (RUE DU),0.0,0.0
201400042949,24,12,14,17,5,93,53,2,0,2,2,"249bis, GABRIEL PERI (BL",0.0,0.0
201400042950,31,12,14,8,1,93,53,2,0,1,3,JEANNE D'ARC (PLACE),0.0,0.0
201400042951,4,1,14,19,5,93,55,2,1,2,1,"10, JULES AUFFRET (1/49",0.0,0.0
201400042952,11,1,14,10,1,93,55,2,1,8,6,"200, JEAN LOLIVE (AVENUE",0.0,0.0
201400042953,12,1,14,20,3,93,55,2,1,1,3,"176, GENERAL LECLERC(AVE",0.0,0.0
201400042954,17,1,14,19,5,93,55,2,1,8,3,"202, JEAN JAURES (AVENUE",0.0,0.0
201400042955,21,1,14,9,1,93,55,2,1,8,7,"68, JEAN LOLIVE (AVENUE)",0.0,0.0
201400042956,23,1,14,19,4,93,55,2,1,2,2,"178, GENERAL LECLERC(AVE",0.0,0.0
201400042957,27,1,14,14,1,93,55,2,1,1,6,"4, PONT DE PIERRE (DU)",0.0,0.0
201400042958,3,2,14,14,1,93,55,2,1,1,7,"78, EDOUARD VAILLANT DU",0.0,0.0
201400042959,12,2,14,20,5,93,55,2,1,2,7,"100, JEAN JAURES (AVENUE",0.0,0.0
201400042960,17,2,14,16,1,93,55,2,1,1,6,"24, DELIZY (DU 23 A FIN",0.0,0.0
201400042961,6,3,14,7,2,93,55,2,1,1,1,"180, GENERAL LECLERC(AVE",0.0,0.0
201400042962,28,2,14,12,1,93,55,2,1,2,6,"48, ANATOLE FRANCE (AVEN",0.0,0.0
201400042963,10,3,14,16,1,93,55,2,1,1,3,"94, JEAN JAURES (AVENUE)",0.0,0.0
201400042964,13,3,14,17,1,93,55,2,1,1,6,"FACE 83, JEAN LOLIVE (AV",0.0,0.0
201400042965,8,4,14,9,1,93,55,2,1,1,3,"13, GENERAL LECLERC (AVE",0.0,0.0
201400042966,8,4,14,19,1,93,55,2,1,1,7,"13, JULES AUFFRET (1/49",0.0,0.0
201400042967,12,4,14,8,1,93,55,2,1,1,6,"27, GENERAL LECLERC (AVE",0.0,0.0
201400042968,12,4,14,20,3,93,55,2,1,1,6,CHEVREUL,0.0,0.0
201400042969,9,5,14,18,1,93,55,2,1,1,6,", CANDALE",0.0,0.0
201400042970,17,5,14,22,5,93,55,2,3,1,3,"48, JEAN LOLIVE (AVENUE)",0.0,0.0
201400042971,19,5,14,7,1,93,55,2,1,1,6,"38, EDOUARD VAILLANT DU",0.0,0.0
201400042972,23,5,14,16,1,93,55,2,1,2,3,", EDOUARD RENARD",0.0,0.0
201400042973,17,6,14,20,1,93,55,2,1,1,6,GUTENBERG,0.0,0.0
201400042974,9,6,14,2,5,93,55,2,3,3,6,"110, gENERAL LECLERC(AVE",0.0,0.0
201400042975,11,6,14,9,1,93,55,2,1,1,6,"110, JEAN LOLIVE (AVENUE",0.0,0.0
201400042976,18,6,14,6,2,93,55,2,1,1,1,"79, JULES AUFFRET (51/FI",0.0,0.0
201400042977,24,6,14,13,1,93,55,2,1,1,3,"65, VICTOR HUGO (65/FIN",0.0,0.0
201400042978,25,6,14,13,1,93,55,2,1,1,6,"100, GENERAL LECLERC(AVE",0.0,0.0
201400042979,28,6,14,19,1,93,55,2,1,3,7,JEAN JAURES (AVENUE)(130,0.0,0.0
201400042980,1,7,14,12,1,93,55,2,1,1,2,"100, GENERAL LECLERC(AVE",0.0,0.0
201400042981,9,7,14,23,4,93,55,2,1,3,2,JEAN LOLIVE(AVENUE)(137,0.0,0.0
201400042982,10,7,14,13,1,93,55,2,1,2,7,", GENERAL LECLERC (AVENU",0.0,0.0
201400042983,11,7,14,6,1,93,55,2,1,3,6,"130, JEAN LOLIVE (AVENUE",0.0,0.0
201400042984,15,7,14,15,1,93,55,2,1,1,6,"130, EDOUARD VAILLANT DU",0.0,0.0
201400042985,17,7,14,10,1,93,55,2,1,1,6,"110 bis, GENERAL LECLERC",0.0,0.0
201400042986,4,8,14,22,5,93,55,2,1,1,6,MEHUL (1/37. 2/24),0.0,0.0
201400042987,13,8,14,8,1,93,55,2,1,1,6,"191, JEAN LOLIVE (AVENUE",0.0,0.0
201400042988,26,8,14,17,1,93,55,2,2,1,3,eDOUARD VAILLANT DU 1 A-,0.0,0.0
201400042989,27,8,14,17,1,93,55,2,2,1,6,GENERAL LECLERC(AVE DU)(,0.0,0.0
201400042990,3,9,14,9,1,93,55,2,1,1,6,"31, EDOUARD VAILLANT DU",0.0,0.0
201400042991,3,9,14,23,5,93,55,2,1,1,6,JULES AUFFRET (51/FIN ET,0.0,0.0
201400042992,4,9,14,18,1,93,55,2,1,1,4,68 JEAN JAURES (AVENUE),0.0,0.0
201400042993,5,9,14,20,5,93,55,2,3,1,3,JEAN LOLIVE(AVENUE)(1/5,0.0,0.0
201400042994,9,9,14,9,1,93,55,2,1,1,2,"49, GENERAL LECLERC(AVE",0.0,0.0
201400042995,10,9,14,11,1,93,55,2,4,1,3,"80, GENERAL LECLERC (AVE",0.0,0.0
201400042996,12,9,14,19,2,93,55,2,1,1,6,DIVISION LECLERC (AVE DE,0.0,0.0
201400042997,14,9,14,2,5,93,55,2,3,1,3,JEAN LOLIVE (AVENUE)(75/,0.0,0.0
201400042998,16,9,14,8,1,93,55,2,1,1,3,"73, JEAN LOLIVE (AVENUE)",0.0,0.0
201400042999,17,9,14,9,1,93,55,2,1,1,3,"29, EDOUARD VAILLANT DU",0.0,0.0
201400043000,24,9,14,18,2,93,55,2,1,2,3,JEAN LOLIVE (AVENUE)(107,0.0,0.0
201400043001,13,10,14,9,1,93,55,2,1,8,6,"47, JULES AUFFRET (1/49",0.0,0.0
201400043002,13,10,14,13,1,93,55,2,1,1,3,"110B, GENERAL LECLERC(AV",0.0,0.0
201400043003,19,10,14,13,1,93,55,2,1,1,5,"171, JEAN LOLIVE (AVENUE",0.0,0.0
201400043004,20,10,14,15,1,93,55,2,1,2,2,"162, GENERAL LECLERC(AVE",0.0,0.0
201400043005,21,10,14,17,1,93,55,2,1,2,6,"170, JEAN LOLIVE (AVENUE",0.0,0.0
201400043006,27,10,14,19,5,93,55,2,1,1,6,"20, DELIZY (DU 23 A FIN",0.0,0.0
201400043007,8,11,14,16,1,93,55,2,1,1,6,"8, EDOUARD VAILLANT DU 6",0.0,0.0
201400043008,9,11,14,18,5,93,55,2,1,1,6,23 DELIZY (DU 23 A FIN,0.0,0.0
201400043009,14,11,14,18,3,93,55,2,1,2,6,CHEMIN DE FER (DU),0.0,0.0
201400043010,17,11,14,17,4,93,55,2,0,2,6,"22, MEHUL (1/37. 2/24)",0.0,0.0
201400043011,18,11,14,17,5,93,55,2,1,2,7,ANATOLE FRANCE (AVENUE),0.0,0.0
201400043012,27,11,14,9,1,93,55,2,1,8,6,"30, MEHUL (39/41. 26/30)",0.0,0.0
201400043013,1,12,14,9,2,93,55,2,3,8,1,"59, JULES AUFFRET (51/FI",0.0,0.0
201400043014,23,12,14,23,5,93,55,2,0,1,3,1 SCANDICCI,0.0,0.0
201400043015,27,12,14,18,5,93,55,2,4,2,1,EDOUARD VAILLANT DU 40/6,0.0,0.0
201400043016,31,12,14,17,5,93,55,2,9,1,3,"36BIS, JEAN LOLIVE (AVEN",0.0,0.0
201400043017,3,1,14,14,1,93,77,2,2,1,3,"0, MONTGOLFIER (RUE)",0.0,0.0
201400043018,3,1,14,18,5,93,77,2,2,1,3,"43-45, VAUBAN (AVENUE)",0.0,0.0
201400043019,8,1,14,7,5,93,62,2,1,1,6,"33, NICOLAS CARNOT (ALLE",0.0,0.0
201400043020,8,1,14,8,1,93,77,2,2,1,3,"67, GRANDE RUE",0.0,0.0
201400043021,9,1,14,10,1,93,62,2,2,8,3,"0, SAPINS (ALLEE DES)",0.0,0.0
201400043022,9,1,14,14,1,93,62,2,1,2,6,"8, GENERAL DE GAULLE (PL",0.0,0.0
201400043023,9,1,14,18,5,93,77,2,5,2,6,"0, LAENNEC (RUE) COTE PA",0.0,0.0
201400043024,9,1,14,19,5,93,62,2,3,1,3,"60, MIDI (BOULEVARD DU)",0.0,0.0
201400043025,10,1,14,8,2,93,77,2,4,5,3,"1, GRANDE RUE",0.0,0.0
201400043026,16,1,14,18,5,93,77,2,2,9,6,FOSSE AUX BERGERS (RUE D,0.0,0.0
201400043027,16,1,14,20,5,93,77,2,1,2,6,"32, LECLERC (AVENUE DU G",0.0,0.0
201400043028,18,1,14,21,5,93,77,2,2,1,3,"SANS OBJET, MONTGOLFIER",0.0,0.0
201400043029,25,1,14,12,1,93,77,2,1,1,2,"45, OUTREBON (AVENUE)",0.0,0.0
201400043030,27,1,14,18,5,93,77,2,1,1,3,"143 bis, GRANDE RUE",0.0,0.0
201400043031,28,1,14,13,1,93,77,2,1,2,6,"156, GRANDE RUE",0.0,0.0
201400043032,28,1,14,16,1,93,77,2,1,1,3,"SANS OBJET, ROSNY (AVENU",0.0,0.0
201400043033,29,1,14,18,5,93,77,2,1,1,6,"58, CARNOT (BOULEVARD)",0.0,0.0
201400043034,30,1,14,17,1,93,77,2,2,1,3,"SANS OBJET, GRANDE RUE",0.0,0.0
201400043035,3,2,14,16,1,93,77,2,1,1,6,"8, CARNOT (BOULEVARD)",0.0,0.0
201400043036,8,2,14,20,5,93,62,2,2,1,3,44 BIS BOSQUETS (ALLEE,0.0,0.0
201400043037,11,2,14,9,1,93,77,2,2,1,3,ORANGERIE (RUE DE L'),0.0,0.0
201400043038,12,2,14,8,1,93,62,2,2,1,6,", MIDI (BOULEVARD DU)",0.0,0.0
201400043039,14,2,14,19,5,93,62,2,2,1,3,"0, GARE (COUR DE LA)",0.0,0.0
201400043040,18,2,14,15,1,93,77,2,2,8,3,"SANS OBJET, ORANGERIE (R",0.0,0.0
201400043041,18,2,14,21,5,93,77,2,1,1,2,"16, GRANDE RUE",0.0,0.0
201400043042,23,2,14,18,2,93,77,2,2,1,3,MASSENA (AVENUE),0.0,0.0
201400043043,25,2,14,14,1,93,77,2,2,2,3,"18, ORANGERIE (RUE DE L'",0.0,0.0
201400043044,28,2,14,17,1,93,77,2,1,1,3,"168, GRANDE RUE",0.0,0.0
201400043045,1,3,14,13,1,93,77,2,1,1,3,"43, pLATEAU (RUE DU)",0.0,0.0
201400043046,7,3,14,13,1,93,77,2,1,1,2,"104, rOSNY (AVENUE DE)",0.0,0.0
201400043047,11,3,14,17,1,93,62,2,2,1,3,mIDI (BOULEVARD DU),0.0,0.0
201400043048,14,3,14,10,1,93,62,2,6,1,3,"0, tHIERS (ROND POINT)",0.0,0.0
201400043049,16,3,14,13,1,93,62,2,2,1,3,"57, NICOLAS CARNOT (ALLE",0.0,0.0
201400043050,16,3,14,18,2,93,77,2,1,1,3,"0, ROSNY (AVENUE DE)",0.0,0.0
201400043051,17,3,14,15,1,93,77,1,2,1,3,"34, AIME (AVENUE)",0.0,0.0
201400043052,18,3,14,18,2,93,77,2,3,1,2,"SANS OBJET, DEUX COMMUNE",0.0,0.0
201400043053,22,3,14,10,1,93,62,2,1,2,2,"15, MIDI (BOULEVARD DU)",0.0,0.0
201400043054,25,3,14,19,5,93,77,2,1,2,7,"24, GALLIENI (AVENUE DU",0.0,0.0
201400043055,29,3,14,0,4,93,77,2,1,1,7,"52/54, ROSNY (AVENUE DE)",0.0,0.0
201400043056,31,3,14,12,1,93,62,2,1,1,2,"71, MIDI (BOULEVARD DU)",0.0,0.0
201400043057,1,4,14,18,1,93,77,2,3,1,6,"INC, 8 MAI 1945 (RUE DU)",0.0,0.0
201400043058,3,4,14,14,1,93,62,2,2,1,3,"70, RESISTANCE (AVENUE D",0.0,0.0
201400043059,9,4,14,15,1,93,62,2,2,1,3,"SANS OBJET, COTEAUX (ALL",0.0,0.0
201400043060,15,4,14,14,1,93,77,2,2,1,3,"157, GRANDE RUE",0.0,0.0
201400043061,21,4,14,18,1,93,77,2,3,2,3,"168, GRANDE RUE",0.0,0.0
201400043062,27,4,14,15,1,93,77,2,2,1,3,"SANS OBJET, LAENNEC (RUE",0.0,0.0
201400043063,29,4,14,13,1,93,62,2,1,1,6,"2, POSTES (ALLEE DES)",0.0,0.0
201400043064,30,4,14,15,1,93,62,2,3,1,2,"SANS OBJET, THIERS (AVEN",0.0,0.0
201400043065,5,5,14,8,1,93,62,2,2,1,6,"9, nICOLAS CARNOT (ALLEE",0.0,0.0
201400043066,15,5,14,15,1,93,62,2,1,1,6,"101, RESISTANCE (AVENUE",0.0,0.0
201400043067,16,5,14,12,1,93,62,2,2,1,6,"NC, NICOLAS CARNOT (ALLE",0.0,0.0
201400043068,24,5,14,5,2,93,77,2,1,1,6,"117 Bis, NEUILLY (RUE DE",0.0,0.0
201400043069,28,5,14,15,1,93,77,2,3,1,3,"SANS OBJET, GALLIENI (AV",0.0,0.0
201400043070,17,6,14,14,1,93,62,2,1,1,4,"96, THIERS (AVENUE)",0.0,0.0
201400043071,19,6,14,12,1,93,62,2,1,1,6,"18, MIDI (BOULEVARD DU)",0.0,0.0
201400043072,22,6,14,0,5,93,77,2,1,1,6,"126, GRANDE RUE",0.0,0.0
201400043073,7,7,14,11,1,93,62,2,1,1,6,"21, NORD (BOULEVARD DU)",0.0,0.0
201400043074,11,7,14,22,5,93,77,2,1,1,3,"10, GRANDE RUE",0.0,0.0
201400043075,16,7,14,11,1,93,62,2,3,1,3,"SANS OBJET, FETES (PLACE",0.0,0.0
201400043076,22,7,14,9,1,93,62,2,1,1,2,"86, RESISTANCE (AVENUE D",0.0,0.0
201400043077,24,7,14,12,1,93,62,2,6,1,6,"134, RESISTANCE (AVENUE",0.0,0.0
201400043078,25,7,14,22,5,93,77,2,1,1,7,"130, NEUILLY (RUE DE)",0.0,0.0
201400043079,26,7,14,10,1,93,77,2,1,1,3,"SANS OBJET, ROSNY (AVENU",0.0,0.0
201400043080,26,7,14,15,1,93,77,2,1,1,2,"81, ROSNY (AVENUE DE)",0.0,0.0
201400043081,28,7,14,20,2,93,62,2,1,1,6,"52, RESISTANCE (AVENUE D",0.0,0.0
201400043082,3,8,14,23,5,93,77,2,2,1,3,"SANS OBJET, OUTREBON (AV",0.0,0.0
201400043083,4,8,14,8,1,93,62,2,7,1,3,"SANS OBJET, GENERAL DE G",0.0,0.0
201400043084,5,8,14,23,5,93,77,2,1,1,3,"INCONNU, CUGNOT (RUE)",0.0,0.0
201400043085,10,8,14,17,1,93,62,2,6,2,7,"SAN OBJET, THIERS (ROND",0.0,0.0
201400043086,25,8,14,21,5,93,77,2,1,2,3,"162, GRANDE RUE",0.0,0.0
201400043087,11,9,14,17,1,93,62,2,7,1,6,"8, GENERAL DE GAULLE (PL",0.0,0.0
201400043088,14,9,14,21,5,93,77,2,1,1,4,37 ROSNY (AVENUE DE),0.0,0.0
201400043089,18,9,14,9,1,93,62,2,1,1,6,"66, RESISTANCE (AVENUE D",0.0,0.0
201400043090,18,9,14,23,5,93,77,2,2,1,3,"SANS OBJET, CARNOT (BOUL",0.0,0.0
201400043091,19,9,14,17,1,93,77,2,1,1,3,"133 bis, GRANDE RUE",0.0,0.0
201400043092,20,9,14,10,1,93,62,2,1,1,6,"SANS OBJET, GARE (COUR D",0.0,0.0
201400043093,25,9,14,12,1,93,77,2,1,1,3,", FOSSE AUX BERGERS (RUE",0.0,0.0
201400043094,2,10,14,19,1,93,77,2,1,1,7,"32, ROSNY (AVENUE DE)",0.0,0.0
201400043095,3,10,14,9,1,93,77,2,5,1,3,"37, ANDRE (BOULEVARD)",0.0,0.0
201400043096,7,10,14,0,5,93,62,2,1,2,3,"08, RESISTANCE (AVENUE D",0.0,0.0
201400043097,8,10,14,7,2,93,77,2,9,2,3,"13, LAENNEC (RUE) COTE P",0.0,0.0
201400043098,11,10,14,10,1,93,77,2,1,1,6,"74, NEUILLY (RUE DE)",0.0,0.0
201400043099,11,10,14,13,1,93,62,2,1,1,2,"0, MIDI (BOULEVARD DU)",0.0,0.0
201400043100,12,10,14,12,1,93,62,2,1,1,6,"150, THIERS (AVENUE)",0.0,0.0
201400043101,18,10,14,9,1,93,62,2,2,1,1,"75, OUEST (BOULEVARD DE",0.0,0.0
201400043102,23,10,14,20,5,93,62,2,5,1,3,GARE (COUR DE LA),0.0,0.0
201400043103,1,11,14,2,5,93,77,2,1,1,6,52BIS fREDY (AVENUE DE),0.0,0.0
201400043104,3,11,14,8,1,93,62,2,3,8,7,"0, LIVRY (AVENUE DE)",0.0,0.0
201400043105,4,11,14,8,1,93,62,2,1,1,3,"70b, OUEST (BOULEVARD DE",0.0,0.0
201400043106,4,11,14,8,1,93,77,2,1,2,6,"xx, GRANDE RUE",0.0,0.0
201400043107,14,11,14,8,1,93,62,2,1,1,6,"0, LIVRY (AVENUE DE)",0.0,0.0
201400043108,20,11,14,8,1,93,77,2,2,1,6,"xx, FOSSE AUX BERGERS (R",0.0,0.0
201400043109,24,11,14,9,1,93,62,2,3,2,3,"0, AULNAY (BOULEVARD D')",0.0,0.0
201400043110,25,11,14,19,5,93,62,2,2,2,6,"0, RESISTANCE (AVENUE DE",0.0,0.0
201400043111,27,11,14,7,2,93,77,2,1,2,6,"41, OUTREBON (AVENUE)",0.0,0.0
201400043112,28,11,14,8,1,93,62,2,1,1,3,"23, RESISTANCE (AVENUE D",0.0,0.0
201400043113,5,12,14,11,1,93,77,2,3,1,3,"08, RAINCY (AVENUE DU)",0.0,0.0
201400043114,10,12,14,21,5,93,77,2,1,1,7,"162 BIS, GRANDE RUE",0.0,0.0
201400043115,14,12,14,22,5,93,77,2,3,5,3,"24, MARIE (AVENUE)",0.0,0.0
201400043116,22,12,14,16,2,93,77,2,2,1,3,"xx, ANDRE (BOULEVARD)",0.0,0.0
201400043117,9,1,14,11,1,93,64,2,1,8,6,"149, PERI (BOULEVARD GAB",0.0,0.0
201400043118,9,1,14,19,5,93,64,2,1,1,3,BREMENT (RUE DE),0.0,0.0
201400043119,13,1,14,10,1,93,64,2,1,9,6,"41, QUATRIEME ZOUAVES (R",0.0,0.0
201400043120,17,1,14,13,1,93,64,2,1,1,3,"55, REPUBLIQUE (AVENUE D",0.0,0.0
201400043121,22,1,14,20,5,93,64,2,2,2,1,", DE GAULLE (AV DU GENER",0.0,0.0
201400043122,24,1,14,8,2,93,64,2,3,8,6,QUATRIEME ZOUAVES (RUE D,0.0,0.0
201400043123,27,1,14,19,5,93,64,2,1,8,6,"1, HOFFMANN (RUE PHILIBE",0.0,0.0
201400043124,30,1,14,14,1,93,64,2,1,1,6,ALSACE-LORRAINE (BOULEVA,0.0,0.0
201400043125,20,2,14,23,5,93,64,2,5,2,3,"00, DE GAULLE (AV DU GEN",0.0,0.0
201400043126,24,2,14,21,5,93,64,2,1,1,3,"00, PERI (BOULEVARD GABR",0.0,0.0
201400043127,18,3,14,7,1,93,64,2,2,1,3,"01, HOFFMANN (RUE PHILIB",0.0,0.0
201400043128,21,3,14,16,1,93,64,2,2,1,6,"131, LECLERC (RUE DU GEN",0.0,0.0
201400043129,25,3,14,13,1,93,64,2,1,2,6,"56, DE GAULLE (AV DU GEN",0.0,0.0
201400043130,5,4,14,17,1,93,64,2,1,1,1,"300, BOISSIERE (BOULEVAR",0.0,0.0
201400043131,15,4,14,17,1,93,64,2,1,1,2,"02, DOLET (RUE ETIENNE)",0.0,0.0
201400043132,16,4,14,19,2,93,64,2,1,7,2,"00, ALSACE-LORRAINE (BOU",0.0,0.0
201400043133,25,4,14,12,1,93,64,2,1,2,6,"00, DE GAULLE (AV DU GEN",0.0,0.0
201400043134,30,4,14,7,1,93,64,2,1,1,6,"22, REPUBLIQUE (AVENUE D",0.0,0.0
201400043135,30,4,14,15,1,93,64,2,1,1,6,25 PIRON (RUE LUCIEN),0.0,0.0
201400043136,5,5,14,3,5,93,64,2,2,1,3,QUATRIEME ZOUAVES (RUE D,0.0,0.0
201400043137,10,3,14,8,1,93,64,2,1,1,6,"6, TILLEULS (ALLEE DES)",0.0,0.0
201400043138,21,3,14,16,1,93,64,2,1,1,6,"285, HUGO (RUE VICTOR)",0.0,0.0
201400043139,24,3,14,16,1,93,64,2,1,1,6,"3, KENNEDY (AVENUE DU PR",0.0,0.0
201400043140,20,5,14,12,1,93,64,2,1,2,2,ALSACE-LORRAINE (BOULEVA,0.0,0.0
201400043141,24,5,14,16,1,93,64,1,8,2,6,DE GAULLE (AV DU GENERAL,0.0,0.0
201400043142,31,5,14,22,5,93,64,2,2,1,1,", GAY LUSSAC (RUE)",0.0,0.0
201400043143,6,6,14,7,1,93,64,2,2,1,3,PERI (BOULEVARD GABRIEL),0.0,0.0
201400043144,13,6,14,19,1,93,64,2,1,1,4,"00, DE GAULLE (AV DU GEN",0.0,0.0
201400043145,16,6,14,16,1,93,64,2,1,1,2,"37, PERI (BOULEVARD GABR",0.0,0.0
201400043146,21,6,14,16,1,93,64,2,1,1,6,"87, LAVOISIER (RUE)",0.0,0.0
201400043147,22,6,14,16,1,93,64,2,1,1,2,"106, DE GAULLE (AV DU GE",0.0,0.0
201400043148,26,6,14,8,1,93,64,2,1,1,3,"80, JAURES (AVENUE JEAN)",0.0,0.0
201400043149,30,6,14,7,1,93,64,2,1,1,4,"00, GUESDES (RUE JULES)",0.0,0.0
201400043150,2,7,14,13,1,93,64,2,1,1,6,"00, DE GAULLE (AV DU GEN",0.0,0.0
201400043151,6,7,14,7,1,93,64,2,2,1,3,"00, DEUX COMMUNES (RUE D",0.0,0.0
201400043152,9,7,14,15,1,93,64,2,1,3,6,"143, JAURES (AVENUE JEAN",0.0,0.0
201400043153,21,7,14,8,1,93,64,2,1,1,6,"01, ALSACE-LORRAINE (BOU",0.0,0.0
201400043154,2,8,14,19,1,93,64,2,1,2,6,"8, REPUBLIQUE (AVENUE DE",0.0,0.0
201400043155,10,8,14,4,5,93,64,2,4,2,6,"00, WALESA (AVENUE LECH)",0.0,0.0
201400043156,15,8,14,12,1,93,64,2,1,1,6,"00, ALSACE-LORRAINE (BOU",0.0,0.0
201400043157,20,8,14,12,1,93,64,2,1,1,6,"00, PERI (BOULEVARD GABR",0.0,0.0
201400043158,20,8,14,16,1,93,64,2,1,1,6,"00, ROSNY 2 (CENTRE COMM",0.0,0.0
201400043159,3,9,14,11,1,93,64,2,1,1,6,"51, QUATRIEME ZOUAVES (R",0.0,0.0
201400043160,3,9,14,17,1,93,64,2,1,1,6,"102, LAVOISIER (RUE)",0.0,0.0
201400043161,9,9,14,12,1,93,64,2,1,1,6,"00, LISBONNE (RUE DE)",0.0,0.0
201400043162,1,10,14,4,5,93,64,2,1,1,2,"00, DE GAULLE (AV DU GEN",0.0,0.0
201400043163,3,10,14,0,5,93,64,2,5,1,6,"00, FAIDHERBE (ALLEE)",0.0,0.0
201400043164,7,10,14,20,5,93,64,2,2,1,3,"00, DE GAULLE (AV DU GEN",0.0,0.0
201400043165,9,10,14,17,1,93,64,2,1,1,6,ALSACE-LORRAINE (BOULEVA,0.0,0.0
201400043166,12,11,14,16,1,93,64,2,3,1,6,"00, WALESA (AVENUE LECH)",0.0,0.0
201400043167,19,11,14,15,1,93,64,2,1,8,3,"5, FERRY (RUE JULES)",0.0,0.0
201400043168,20,11,14,21,5,93,64,2,1,1,3,"00, BLUM (RUE LEON)",0.0,0.0
201400043169,21,11,14,17,2,93,64,2,9,1,3,"00, FERRY (RUE JULES)",0.0,0.0
201400043170,26,11,14,12,1,93,64,2,1,2,6,"02, REPUBLIQUE (AVENUE D",0.0,0.0
201400043171,3,12,14,20,5,93,64,2,3,1,6,"00, LAVOISIER (RUE)",0.0,0.0
201400043172,9,12,14,13,1,93,64,2,1,8,6,"00, ROCHEBRUNE (RUE)",0.0,0.0
201400043173,15,12,14,13,1,93,64,2,2,8,6,"20, WALESA (AVENUE LECH)",0.0,0.0
201400043174,19,12,14,22,5,93,64,2,0,1,1,"00, BOISSIERE (BOULEVARD",0.0,0.0
201400043175,20,12,14,0,5,93,64,2,0,1,6,"00, BOIS CHATEL (RUE DU)",0.0,0.0
201400043176,28,12,14,3,5,93,64,2,0,6,6,00 PERI (BOULEVARD GABR,0.0,0.0
201400043177,2,1,14,18,5,93,66,2,2,1,6,"10, FRANCE ANATOLE (BOUL",0.0,0.0
201400043178,2,1,14,23,5,93,66,2,1,1,2,CROIZAT AMBROISE RD 29 B,0.0,0.0
201400043179,3,1,14,17,2,93,1,2,1,1,3,C.S.P. LA COURNEUVE - 01,0.0,0.0
201400043180,3,1,14,22,5,93,66,2,1,1,3,"133, WILSON (AVENUE DU P",0.0,0.0
201400043181,5,1,14,13,1,93,66,2,1,1,6,"115, ""PERI GABRIEL, NR 2",0.0,0.0
201400043182,5,1,14,14,1,93,66,2,8,1,6,GORKI MAXIME,0.0,0.0
201400043183,6,1,14,10,1,93,66,2,3,1,6,MITERRAND FRANCOIS (AVEN,0.0,0.0
201400043184,10,1,14,8,1,93,66,2,1,1,1,"2, FRANC MOISIN (AVENUE)",0.0,0.0
201400043185,10,1,14,17,1,93,66,2,1,1,6,"11, FARADAY MICHAEL",0.0,0.0
201400043186,14,1,14,12,1,93,66,2,1,1,6,"47, FRANCE ANATOLE (BOUL",0.0,0.0
201400043187,16,1,14,18,5,93,66,2,1,2,2,"21/39, WILSON (AVENUE DU",0.0,0.0