Num_Acc,jour,mois,an,hr,condition_eclairage,departement,commune,condition_agglomeration,intersection,condition_atmosphere,type_collision,adresse,lattitude,longitude
201400043188,18,1,14,12,1,93,66,1,1,1,3,"""LANDY RD 20, NR PAIRS 2",0.0,0.0
201400043189,18,1,14,15,1,93,66,2,4,1,3,PORT,0.0,0.0
201400043190,19,1,14,5,5,93,66,2,1,2,5,CACHIN MARCEL (AVENUE),0.0,0.0
201400043191,25,1,14,15,1,93,39,2,2,1,3,"6-10, SEINE (QUAI DE )",0.0,0.0
201400043192,27,1,14,18,5,93,66,2,1,1,3,"110, CROIZAT AMBROISE RD",0.0,0.0
201400043193,28,1,14,9,1,93,66,2,1,1,3,"48, DIX NEUF MARS 1962",0.0,0.0
201400043194,29,1,14,6,5,93,66,2,3,2,6,CHEMINOTS,0.0,0.0
201400043195,30,1,14,17,1,93,66,1,2,1,3,SEMAT ROGER,0.0,0.0
201400043196,31,1,14,16,1,93,66,2,1,1,6,"6, JEANNE D'ARC",0.0,0.0
201400043197,31,1,14,19,5,93,66,2,1,1,6,"192, ""LANDY RD 20, NR IM",0.0,0.0
201400043198,3,2,14,16,1,93,66,2,1,1,6,ELUARD PAUL NR 2 A 36 ET,0.0,0.0
201400043199,4,2,14,17,2,93,66,2,1,1,3,"72, CROISAT AMBROISE RD",0.0,0.0
201400043200,4,2,14,19,5,93,66,2,1,1,6,ELUARD PAUL NR 2 A 36 ET,0.0,0.0
201400043201,5,2,14,9,1,93,66,2,1,1,3,LIBERATION RD14 (BOULEVA,0.0,0.0
201400043202,7,2,14,19,5,93,66,2,4,1,3,FAURE FELIX (BOULEVARD),0.0,0.0
201400043203,7,2,14,20,5,93,66,2,3,1,3,AUBERT,0.0,0.0
201400043204,9,2,14,3,5,93,66,2,1,1,5,GORKI MAXIME,0.0,0.0
201400043205,9,2,14,10,1,93,39,2,1,1,6,CHATELIER (QUAI DU ),0.0,0.0
201400043206,10,2,14,14,1,93,66,2,1,1,3,"15, SAINT JUST (ALLEE)",0.0,0.0
201400043207,10,2,14,19,5,93,66,2,9,1,3,"1, PRESSENCE FRANCIS (AV",0.0,0.0
201400043208,11,2,14,14,1,93,66,2,4,2,6,LENINE (AVENUE) NR 2 A 2,0.0,0.0
201400043209,14,2,14,9,1,93,39,2,1,2,6,"10, PAUL MARCEL (BOULEVA",0.0,0.0
201400043210,14,2,14,8,1,93,66,2,3,2,3,COMPIEGNE,0.0,0.0
201400043211,15,2,14,22,5,93,66,2,9,1,2,"47, FRANCE ANATOLE ENTRE",0.0,0.0
201400043212,17,2,14,18,5,93,66,2,1,1,6,"18, KOMAROV VLADIMIR",0.0,0.0
201400043213,1,3,14,1,5,93,66,2,7,1,3,PARIS (PORTE),0.0,0.0
201400043214,3,3,14,6,5,93,66,2,1,2,2,CROIZAT AMBROISE RD 29 B,0.0,0.0
201400043215,3,3,14,12,1,93,66,2,1,2,2,"186, WILSON (AVENUE DU P",0.0,0.0
201400043216,7,3,14,22,5,93,66,2,1,1,6,"15, ORNANO (BOULEVARD)",0.0,0.0
201400043217,8,3,14,5,5,93,66,2,1,1,3,"380, WILSON (AVENUE DU P",0.0,0.0
201400043218,8,3,14,22,5,93,66,2,1,1,5,COLONEL FABIEN (AVENUE),0.0,0.0
201400043219,8,3,14,13,1,93,66,2,1,1,6,"""STALINGRAD (AVENUE), NR",0.0,0.0
201400043220,10,3,14,11,1,93,66,2,2,1,3,STADE DE FRANCE (AVENUE,0.0,0.0
201400043221,12,3,14,9,1,93,66,1,1,1,2,FRANCE ANATOLE (BOULEVAR,0.0,0.0
201400043222,12,3,14,19,5,93,66,2,1,1,2,"""STRASBOURG, NR 1 A 71 E",0.0,0.0
201400043223,14,3,14,4,4,93,66,2,1,1,6,"""LANDY RD 20, NR IMPAIRS",0.0,0.0
201400043224,14,3,14,15,1,93,66,2,1,1,3,"206, FRANCE ANATOLE (BOU",0.0,0.0
201400043225,16,3,14,15,1,93,66,2,1,1,6,"15, RIMET JULES",0.0,0.0
201400043226,16,3,14,20,5,93,66,2,3,1,6,GENIN,0.0,0.0
201400043227,18,3,14,10,1,93,66,2,1,1,3,LENINE (AVENUE) NR 28 A,0.0,0.0
201400043228,19,3,14,11,1,93,66,2,1,1,6,"113, WILSON (AVENUE DU P",0.0,0.0
201400043229,20,3,14,15,1,93,66,2,2,1,6,PHILIPPE GASTON,0.0,0.0
201400043230,21,3,14,8,1,93,66,2,1,2,2,"39, FRANCE ANATOLE (BOUL",0.0,0.0
201400043231,22,3,14,9,1,93,66,2,1,8,6,"32-38, ""GUESDE JULES (BD",0.0,0.0
201400043232,25,3,14,17,1,93,66,2,1,2,6,"196, WILSON (AVENUE DU P",0.0,0.0
201400043233,29,3,14,15,1,93,66,2,2,1,3,WILSON (AVENUE DU PRESID,0.0,0.0
201400043234,29,3,14,15,1,93,66,2,1,1,6,"13, TIMBAUD JEAN PIERRE",0.0,0.0
201400043235,30,3,14,14,1,93,66,2,1,1,6,GORKI MAXIME,0.0,0.0
201400043236,2,4,14,19,2,93,66,2,1,1,6,"9, BASILIQUE (PROMENADE)",0.0,0.0
201400043237,6,4,14,12,1,93,66,2,1,1,2,"164, WILSON (AVENUE DU P",0.0,0.0
201400043238,8,4,14,10,1,93,66,2,1,1,3,ELUARD PAUL - AUTRES,0.0,0.0
201400043239,8,4,14,19,1,93,66,2,4,1,6,"01, PLEYEL",0.0,0.0
201400043240,9,4,14,18,1,93,66,2,1,1,2,"""BARBUSSE HENRI, NR 2 A",0.0,0.0
201400043241,10,4,14,10,1,93,66,2,1,1,6,"144, ""PERI GABRIEL, NR 1",0.0,0.0
201400043242,11,4,14,7,2,93,66,2,4,1,3,FRANCE ANATOLE (BOULEVAR,0.0,0.0
201400043243,14,4,14,19,1,93,66,2,1,1,3,CASANOVA DANIELLE NR 2 A,0.0,0.0
201400043244,17,4,14,14,1,93,66,2,1,1,3,"212, WILSON (AVENUE DU P",0.0,0.0
201400043245,18,4,14,11,1,93,66,2,1,1,6,"156, WILSON (AVENUE DU P",0.0,0.0
201400043246,18,4,14,17,1,93,66,2,3,1,3,"11, COLONEL FABIEN (AVEN",0.0,0.0
201400043247,20,4,14,13,1,93,66,2,1,1,2,MARVILLE (CHEMIN),0.0,0.0
201400043248,22,4,14,13,1,93,66,2,1,1,6,MONMOUSSEAU GASTON,0.0,0.0
201400043249,22,4,14,13,1,93,66,2,1,1,3,"143-147, FRANCE ANATOLE",0.0,0.0
201400043250,23,4,14,19,1,93,66,2,1,1,2,"30, COLONEL FABIEN (AVEN",0.0,0.0
201400043251,26,4,14,23,5,93,66,2,6,1,6,COKERIE,0.0,0.0
201400043252,29,4,14,16,1,93,66,2,1,2,2,"""STALINGRAND (AV), NR 2-",0.0,0.0
201400043253,30,4,14,10,1,93,66,2,1,1,2,"108, WILSON (AVENUE DU P",0.0,0.0
201400043254,3,5,14,19,1,93,66,2,1,1,6,"115, CASANOVA DANIELLE N",0.0,0.0
201400043255,5,5,14,18,1,93,66,2,1,1,6,"30, LEGION D'HONNEUR",0.0,0.0
201400043256,5,5,14,19,1,93,66,2,1,1,6,"40, ROLLAND ROMAIN (AVEN",0.0,0.0
201400043257,9,5,14,21,5,93,66,2,1,1,2,"""STALINGRAND (AV), NR 2-",0.0,0.0
201400043258,12,5,14,15,1,93,66,2,2,2,3,AMPERE,0.0,0.0
201400043259,12,5,14,21,5,93,66,2,3,8,1,"""PERI GABRIEL, NR 116 A",0.0,0.0
201400043260,13,5,14,11,1,93,66,2,3,1,6,PROUDHON,0.0,0.0
201400043261,13,5,14,17,1,93,66,2,1,2,6,ROLLAND ROMAIN (AVENUE),0.0,0.0
201400043262,13,5,14,17,1,93,66,2,1,1,2,"120, CASANOVA DANIELLE N",0.0,0.0
201400043263,13,5,14,17,1,93,66,2,1,1,1,LE ROY DES BARRES,0.0,0.0
201400043264,14,5,14,18,1,93,66,2,1,1,6,"2, ELUARD PAUL NR 2 A 36",0.0,0.0
201400043265,15,5,14,22,5,93,66,2,2,1,3,LEniNE (AVENUE) NR 28 A,0.0,0.0
201400043266,16,5,14,9,1,93,66,2,3,1,6,MONJARDIN,0.0,0.0
201400043267,17,5,14,8,1,93,66,2,1,1,1,FRANCE ANATOLE ENTREE A8,0.0,0.0
201400043268,18,5,14,19,1,93,66,2,1,1,4,"177, WILSON (AVENUE DU P",0.0,0.0
201400043269,23,5,14,13,1,93,66,2,1,1,3,CHAUMETTES,0.0,0.0
201400043270,26,5,14,20,1,93,66,2,1,2,3,COURNEUVE (ROUTE),0.0,0.0
201400043271,28,5,14,16,1,93,66,2,2,2,3,WILSON (AVENUE DU PRESID,0.0,0.0
201400043272,29,5,14,11,1,93,66,2,2,1,5,LENINE (AVENUE) NR 28 A,0.0,0.0
201400043273,30,5,14,5,2,93,66,2,2,1,3,FINOT DOCTEUR,0.0,0.0
201400043274,4,6,14,16,1,93,39,2,1,2,6,MARINE (QUAI DE LA ),0.0,0.0
201400043275,4,6,14,17,1,93,66,2,1,2,2,CROIZAT AMBROISE RD 29 B,0.0,0.0
201400043276,4,6,14,17,1,93,66,2,1,1,6,"32, COMMUNE DE PARIS (BO",0.0,0.0
201400043277,6,6,14,17,1,93,66,2,1,1,2,CARNOT (BOULEVARD),0.0,0.0
201400043278,9,6,14,6,2,93,66,2,2,2,1,"96, WILSON (AVENUE DU PR",0.0,0.0
201400043279,9,6,14,16,1,93,66,2,1,2,6,COMMUNE DE PARIS (BOULEV,0.0,0.0
201400043280,11,6,14,21,5,93,66,2,1,1,1,LENINE (AVENUE) NR 28 A,0.0,0.0
201400043281,11,6,14,23,5,93,66,2,1,1,7,"26, LEGION D'HONNEUR",0.0,0.0
201400043282,13,6,14,0,5,93,66,2,1,1,6,"""STRASBOURG, NR 1 A 71 E",0.0,0.0
201400043283,13,6,14,11,1,93,66,2,1,1,3,"380, WILSON (AVENUE DU P",0.0,0.0
201400043284,13,6,14,15,1,93,66,2,1,1,3,COURNEUVE (ROUTE),0.0,0.0
201400043285,14,6,14,15,1,93,66,2,2,1,3,STADE DE FRANCE (AVENUE,0.0,0.0
201400043286,15,6,14,20,1,93,66,2,2,1,7,LIBERATION RD14 (BOULEVA,0.0,0.0
201400043287,18,6,14,19,1,93,66,2,1,1,6,COURNEUVE (ROUTE),0.0,0.0
201400043288,20,6,14,20,1,93,66,2,2,1,3,ROLLAND ROMAIN (AVENUE),0.0,0.0
201400043289,26,6,14,2,3,93,66,2,1,1,6,"4, MONTMORENCY",0.0,0.0
201400043290,26,6,14,8,1,93,66,1,1,1,7,POULBOT FRANCISQUE,0.0,0.0
201400043291,26,6,14,17,1,93,66,2,1,1,1,LIBERATION RD14 (BOULEVA,0.0,0.0
201400043292,1,7,14,9,1,93,66,2,1,1,3,"20, ARTS ET METIERS (AVE",0.0,0.0
201400043293,2,7,14,9,1,93,66,2,1,1,3,EL OUAFI HAMED BOUGERA,0.0,0.0
201400043294,3,7,14,15,1,93,66,2,4,1,6,GENERAL DE GAULLE,0.0,0.0
201400043295,4,7,14,18,1,93,66,2,3,8,3,MOULIN JEAN (AVE) NR 10,0.0,0.0
201400043296,9,7,14,17,1,93,66,2,1,3,3,"4, STADE DE FRANCE (AVEN",0.0,0.0
201400043297,10,7,14,22,5,93,66,2,1,1,5,CASANOVA DANIELLE NR 52-,0.0,0.0
201400043298,16,7,14,17,1,93,66,2,1,1,6,"226, WILSON (AVENUE DU P",0.0,0.0
201400043299,21,7,14,21,5,93,66,2,1,1,1,MOULIN JEAN (AVE) NR 10,0.0,0.0
201400043300,22,7,14,20,1,93,39,2,4,1,2,SEINE (QUAI DE ),0.0,0.0
201400043301,26,7,14,21,1,93,66,2,1,1,6,"140, CASANOVA DANIELLE N",0.0,0.0
201400043302,22,7,14,20,5,93,66,2,1,1,3,LENINE (AVENUE) NR 28 A,0.0,0.0
201400043303,31,7,14,11,1,93,66,2,1,1,6,"42, LIBERATION RD14 (BOU",0.0,0.0
201400043304,4,8,14,19,2,93,66,2,1,1,3,"29, FRANCE ANATOLE (BOUL",0.0,0.0
201400043305,5,8,14,16,1,93,66,2,1,1,3,SEMAT ROGER,0.0,0.0
201400043306,12,8,14,13,1,93,66,2,1,8,2,SAINT OUEN (QUAI DE ),0.0,0.0
201400043307,12,8,14,20,1,93,66,2,1,1,2,"182, WILSON (AVENUE DU P",0.0,0.0
201400043308,14,8,14,10,1,93,66,2,1,1,6,"2, FAURE FELIX (BOULEVAR",0.0,0.0
201400043309,22,8,14,22,5,93,66,2,1,2,6,"21, FERME",0.0,0.0
201400043310,23,8,14,17,1,93,66,2,1,1,3,FAURE FELIX (BOULEVARD),0.0,0.0
201400043311,24,8,14,2,5,93,66,2,2,1,6,DESNOS ROBERT,0.0,0.0
201400043312,25,8,14,17,1,93,66,2,1,2,2,SAULNIER JULES,0.0,0.0
201400043313,26,8,14,19,1,93,66,2,5,2,3,FORT DE LA BRICHE,0.0,0.0
201400043314,28,8,14,20,1,93,66,2,1,1,6,MICHELS CHARLES,0.0,0.0
201400043315,31,8,14,4,3,93,66,2,1,9,6,BRICHE NR 2 A 38,0.0,0.0
201400043316,4,9,14,6,3,93,66,2,1,1,6,MICHELS CHARLES,0.0,0.0
201400043317,4,9,14,17,1,93,66,2,1,1,3,"01, ""PERI GABRIEL, NR 2",0.0,0.0
201400043318,6,9,14,18,1,93,66,2,1,1,6,MICHELS CHARLES,0.0,0.0
201400043319,7,9,14,17,1,93,66,2,1,1,2,FRANCE ANATOLE (BOULEVAR,0.0,0.0
201400043320,8,9,14,6,2,93,66,2,2,1,3,"78, ""LANDY RD 20, NR IMP",0.0,0.0
201400043321,10,9,14,11,1,93,66,2,1,1,1,"73, HUGUES CLOVIS",0.0,0.0
201400043322,6,9,14,17,1,93,66,2,1,1,6,"94, ""PERI GABRIEL, NR 2",0.0,0.0
201400043323,12,9,14,14,1,93,66,2,1,1,4,"39/41, FRANCE ANATOLE EN",0.0,0.0
201400043324,16,9,14,12,1,93,66,2,1,1,6,"10, ""SEMBAT MARCEL (BD),",0.0,0.0
201400043325,16,9,14,17,1,93,66,2,1,1,2,CREVECOEUR (CHEMIN),0.0,0.0
201400043326,19,9,14,17,1,93,66,2,1,1,6,"38, L'encyclop?die ( rue",0.0,0.0
201400043327,21,9,14,5,5,93,66,2,1,2,6,PINEL,0.0,0.0
201400043328,21,9,14,16,1,93,66,2,1,1,3,"34, PROUDHON",0.0,0.0
201400043329,22,9,14,9,1,93,66,2,1,1,2,LIBERATION RD14 (BOULEVA,0.0,0.0
201400043330,22,9,14,18,1,93,39,2,1,1,1,MECHIN,0.0,0.0
201400043331,25,9,14,9,1,93,66,2,1,1,3,"27, RU DE MONTFORT (CHEM",0.0,0.0
201400043332,25,9,14,18,1,93,66,2,9,1,6,"18, METALLURGIE (AVENUE)",0.0,0.0
201400043333,25,9,14,19,5,93,66,2,1,1,5,FORT DE LA BRICHE,0.0,0.0
201400043334,26,9,14,16,1,93,66,2,1,1,1,FRANCE ANATOLE (BOULEVAR,0.0,0.0
201400043335,27,9,14,17,1,93,66,2,9,1,6,"20, LIBERATION RD14 (BOU",0.0,0.0
201400043336,29,9,14,15,1,93,66,2,1,1,6,"73, ""LANDY RD 20, NR IMP",0.0,0.0
201400043337,29,9,14,17,1,93,66,2,2,1,3,"6, VIEILLE MER",0.0,0.0
201400043338,30,9,14,15,1,93,39,2,1,1,3,"3, CHATELIER (QUAI DU )",0.0,0.0
201400043339,30,9,14,18,1,93,66,2,2,1,6,STADE DE FRANCE (AVENUE,0.0,0.0
201400043340,2,10,14,20,5,93,66,2,1,1,6,STADE DE FRANCE (AVENUE,0.0,0.0
201400043341,5,10,14,7,4,93,66,2,2,1,3,"""LANDY RD 20, NR PAIRS 2",0.0,0.0
201400043342,6,10,14,13,1,93,66,2,1,1,6,"20, STALINGRAND (AV), N",0.0,0.0
201400043343,6,10,14,19,5,93,66,2,2,2,3,LENINE (AVENUE) NR 2 A 2,0.0,0.0
201400043344,7,10,14,8,1,93,66,2,1,8,3,"175, FRANCE ANATOLE (BOU",0.0,0.0
201400043345,7,10,14,11,1,93,66,2,1,2,6,"68, CASANOVA DANIELLE NR",0.0,0.0
201400043346,7,10,14,8,1,93,66,2,3,1,4,"70, FRANCE ANATOLE (BOUL",0.0,0.0
201400043347,9,10,14,9,1,93,66,2,1,1,5,CROIZAT AMBROISE RD 29 B,0.0,0.0
201400043348,10,10,14,16,1,93,66,2,1,1,1,"156, WILSON (AVENUE DU P",0.0,0.0
201400043349,10,10,14,19,5,93,66,2,1,1,6,"7, JAMIN",0.0,0.0
201400043350,12,10,14,19,5,93,66,2,1,2,2,LAMAZE DOCTEUR,0.0,0.0
201400043351,14,10,14,10,1,93,66,2,3,1,3,CASANOVA DANIELLE NR 52-,0.0,0.0
201400043352,15,10,14,13,1,93,66,2,1,2,3,FRANCE ANATOLE (BOULEVAR,0.0,0.0
201400043353,22,10,14,16,1,93,66,2,1,1,2,"165, FRANCE ANATOLE (BOU",0.0,0.0
201400043354,24,10,14,11,1,93,66,2,2,1,3,AUBERVILLIERS (CHEMIN),0.0,0.0
201400043355,29,10,14,12,5,93,66,2,1,1,2,"6, CAQUET (PLACE)",0.0,0.0
201400043356,30,10,14,12,1,93,66,1,1,1,6,"260-264, WILSON (AVENUE",0.0,0.0
201400043357,31,10,14,8,1,93,66,1,4,1,3,", LIBERATION RD14 (BOULE",0.0,0.0
201400043358,1,11,14,11,1,93,66,2,1,1,6,"57, LIBERATION RD14 (BOU",0.0,0.0
201400043359,2,11,14,17,5,93,66,2,5,1,6,VAILLANT COUTURIER PAUL,0.0,0.0
201400043360,31,10,14,20,5,93,66,2,1,1,1,CROIZAT AMBROISE RD 29 B,0.0,0.0
201400043361,3,11,14,21,5,93,66,2,6,3,3,"""LANDY RD 20, NR IMPAIRS",0.0,0.0
201400043362,4,11,14,14,1,93,66,2,1,1,6,"380, WILSON (AVENUE DU P",0.0,0.0
201400043363,4,11,14,11,1,93,66,2,1,1,3,"1-1 BIS 3, COLONEL FABIE",0.0,0.0
201400043364,5,11,14,10,1,93,66,2,1,1,6,"120, CROIZAT AMBROISE RD",0.0,0.0
201400043365,5,11,14,17,5,93,66,2,1,1,3,"07, FORT DE LA BRICHE",0.0,0.0
201400043366,7,11,14,19,4,93,66,2,1,1,6,SAINT OUEN (QUAI DE ),0.0,0.0
201400043367,7,11,14,20,4,93,66,2,1,1,2,CITE FLOREAL,0.0,0.0
201400043368,10,11,14,16,1,93,66,2,1,1,3,"31, FRANCE ANATOLE ENTRE",0.0,0.0
201400043369,11,11,14,12,1,93,39,2,1,1,6,EPINAY (AVENUE DU PONT D,0.0,0.0
201400043370,11,11,14,13,1,93,66,2,5,1,3,WILSON (AVENUE DU PRESID,0.0,0.0
201400043371,13,11,14,7,1,93,39,2,1,1,4,SEINE (QUAI DE ),0.0,0.0
201400043372,14,11,14,9,1,93,66,2,1,2,6,"117, MICHELS CHARLES",0.0,0.0
201400043373,14,11,14,14,1,93,66,2,5,2,2,LENINE (AVENUE) NR 2 A 2,0.0,0.0
201400043374,16,11,14,3,5,93,66,2,2,1,3,WILSON (AVENUE DU PRESID,0.0,0.0
201400043375,19,11,14,11,1,93,66,2,1,1,3,WILSON (AVENUE DU PRESID,0.0,0.0
201400043376,19,11,14,13,1,93,66,2,2,1,6,"40, ""BARBUSSE HENRI, NR",0.0,0.0
201400043377,20,11,14,7,5,93,66,2,1,8,3,"53, ""STALINGRAND (AV), N",0.0,0.0
201400043378,21,11,14,8,1,93,66,2,1,8,3,"43, LIBERATION RD14 (BOU",0.0,0.0
201400043379,21,11,14,12,1,93,66,2,1,1,6,"""STALINGRAD (AVENUE), NR",0.0,0.0
201400043380,22,11,14,13,1,93,66,2,1,9,4,CROIZAT AMBROISE RD 29 B,0.0,0.0
201400043381,23,11,14,15,1,93,66,2,1,1,6,"7, BRICHE NR 2 A 38",0.0,0.0
201400043382,28,11,14,5,5,93,66,2,1,1,2,MICHELS CHARLES,0.0,0.0
201400043383,30,11,14,15,1,93,66,2,1,1,3,"""LANDY RD 20, NR IMPAIRS",0.0,0.0
201400043384,29,11,14,19,5,93,66,2,2,1,3,BRICHE NR 69 A 77,0.0,0.0
201400043385,1,12,14,20,5,93,66,2,2,2,3,"67, ORNANO (BOULEVARD)",0.0,0.0
201400043386,2,12,14,5,3,93,66,2,1,8,2,"33, FRANCE ANATOLE ENTRE",0.0,0.0
201400043387,7,12,14,14,1,93,66,2,0,2,2,"70, CROIZAT AMBROISE RD",0.0,0.0
201400043388,8,12,14,6,5,93,66,2,1,8,6,ROLLAND ROMAIN (AVENUE),0.0,0.0
201400043389,9,12,14,20,5,93,66,2,4,1,2,"01, REVOLTE",0.0,0.0
201400043390,11,12,14,8,1,93,66,2,3,1,2,"50, WILSON (AVENUE DU PR",0.0,0.0
201400043391,11,12,14,16,1,93,66,2,1,2,3,"""BARBUSSE HENRI, NR 2 A",0.0,0.0
201400043392,12,12,14,13,1,93,66,2,1,2,6,"3, STADE DE FRANCE (AVEN",0.0,0.0
201400043393,12,12,14,16,1,93,66,2,2,2,3,POULBOT FRANCISQUE,0.0,0.0
201400043394,16,12,14,16,1,93,66,2,8,1,6,"""PERI GABRIEL, NR 2  A 1",0.0,0.0
201400043395,16,12,14,16,1,93,66,2,3,1,1,"70, ""BARBUSSE HENRI, NR",0.0,0.0
201400043396,18,12,14,19,5,93,66,2,1,2,3,"98, WILSON (AVENUE DU PR",0.0,0.0
201400043397,18,12,14,20,5,93,66,2,6,1,3,VAILLANT COUTURIER PAUL,0.0,0.0
201400043398,19,12,14,12,1,93,66,2,1,2,6,"13, MONTJOIE",0.0,0.0
201400043399,20,12,14,20,5,93,66,2,0,2,6,REVOLTE,0.0,0.0
201400043400,24,12,14,0,4,93,66,2,0,1,2,ROLLAND ROMAIN (AVENUE),0.0,0.0
201400043401,26,12,14,9,1,93,66,2,1,1,5,TITOV GERMAIN,0.0,0.0
201400043402,29,12,14,19,5,93,66,2,0,2,6,"151, ""LANDY RD 20, NR IM",0.0,0.0
201400043403,1,1,14,0,5,93,70,2,6,2,3,"1, PONT (PL DU)",0.0,0.0
201400043404,14,1,14,8,2,93,70,2,3,2,1,"1, CAPITAINE GLARNER (PL",0.0,0.0
201400043405,16,1,14,10,1,93,70,2,3,2,6,"48, ROSIERS(DES) :N? 1 A",0.0,0.0
201400043406,23,1,14,16,1,93,70,2,1,2,6,DOCTEUR BAUER(RUE DU) :N,0.0,0.0
201400043407,28,1,14,9,1,93,70,2,1,2,3,"45, MICHELET (AVE) : DU",0.0,0.0
201400043408,1,2,14,8,2,93,70,2,1,3,6,"136, MICHELET(AV):N?1AU",0.0,0.0
201400043409,13,2,14,15,1,93,70,2,2,1,3,ALBERT-DHALENNE (RUE),0.0,0.0
201400043410,21,2,14,19,5,93,70,2,1,1,6,ROSIERS(DES) : APRES 61,0.0,0.0
201400043411,1,3,14,5,5,93,70,2,3,2,3,VICTOR-HUGO (BD),0.0,0.0
201400043412,10,3,14,16,1,93,70,2,1,1,6,"57, CAPITAINE-GLARNER (A",0.0,0.0
201400043413,28,3,14,8,1,93,70,2,1,1,6,"94, ROSIERS(DES) : APRES",0.0,0.0
201400043414,31,3,14,12,1,93,70,2,1,1,6,"10, NEUVE-PIERRE-CURIE(R",0.0,0.0
201400043415,31,3,14,17,1,93,70,2,6,1,3,SEINE (QUAI DE),0.0,0.0
201400043416,9,4,14,9,1,93,70,2,1,1,3,"1, NICOLAU(RUE)",0.0,0.0
201400043417,16,4,14,20,1,93,70,2,1,1,2,DOCTEUR BAUER(RUE DU) :N,0.0,0.0
201400043418,17,4,14,10,1,93,70,2,1,1,6,"55, GABRIEL-PERI (AV)",0.0,0.0
201400043419,17,4,14,17,1,93,70,2,1,1,3,JEAN-JAURES (BD),0.0,0.0
201400043420,24,4,14,19,1,93,70,2,1,1,6,"22, DOCTEUR BAUER(RUE DU",0.0,0.0
201400043421,29,4,14,19,2,93,70,2,1,2,3,"9, SEINE (QUAI DE)",0.0,0.0
201400043422,30,4,14,6,2,93,70,2,1,1,6,DOCTEUR BAUER(RUE DU) :N,0.0,0.0
201400043423,5,5,14,7,1,93,70,2,1,1,3,GABRIEL-PERI (AV),0.0,0.0
201400043424,11,5,14,11,1,93,70,2,1,1,6,SOUBISE(RUE),0.0,0.0
201400043425,14,5,14,14,1,93,70,2,1,1,5,"25, MICHELET (AVE) : DU",0.0,0.0
201400043426,15,5,14,10,1,93,70,2,1,1,3,GABRIEL-PERI (AV),0.0,0.0
201400043427,16,5,14,11,1,93,70,2,1,1,3,"49, VICTOR-HUGO (BD)",0.0,0.0
201400043428,16,5,14,14,1,93,70,2,1,7,6,"65, VICTOR-HUGO (BD)",0.0,0.0
201400043429,16,5,14,17,1,93,70,2,1,1,3,"122, VICTOR-HUGO (BD)",0.0,0.0
201400043430,18,5,14,16,1,93,70,2,3,1,3,"1, GABRIEL-PERI (AV)",0.0,0.0
201400043431,19,5,14,14,1,93,70,2,1,1,1,"1, GABRIEL-PERI (AV)",0.0,0.0
201400043432,10,5,14,9,1,93,70,2,2,1,3,"124, MICHELET (AVE) : DU",0.0,0.0
201400043433,20,5,14,18,1,93,70,2,1,2,2,"1, ARDOIN(RUE)",0.0,0.0
201400043434,22,5,14,18,1,93,70,2,1,1,3,"122, VICTOR-HUGO (BD)",0.0,0.0
201400043435,25,5,14,20,1,93,70,2,1,1,6,"11, LECUYER(RUE)",0.0,0.0
201400043436,3,6,14,19,1,93,70,2,1,1,3,"71, MICHELET (AVE) : DU",0.0,0.0
201400043437,5,6,14,0,5,93,70,2,1,1,6,"13, GABRIEL-PERI (AV)",0.0,0.0
201400043438,7,6,14,12,1,93,70,2,3,1,3,ROSIERS(DES) :N? 1 AU 59,0.0,0.0
201400043439,9,6,14,21,1,93,70,2,1,1,3,"30, ALBERT-DHALENNE (RUE",0.0,0.0
201400043440,11,6,14,14,1,93,70,2,1,1,6,"77, ALBERT-DHALENNE (RUE",0.0,0.0
201400043441,12,6,14,8,1,93,70,2,1,1,6,"92, MICHELET (AVE) : DU",0.0,0.0
201400043442,17,6,14,13,1,93,70,2,1,1,5,"39, MICHELET(AV):N?1AU 1",0.0,0.0
201400043443,17,6,14,8,1,93,70,2,1,1,3,"110, MICHELET (AVE) : DU",0.0,0.0
201400043444,19,6,14,8,1,93,70,2,3,1,3,"110, LANDY(RUE):N? 1 AU",0.0,0.0
201400043445,18,6,14,8,1,93,70,2,1,1,3,FONTAINE(RUE DE LA),0.0,0.0
201400043446,21,6,14,20,1,93,70,2,1,1,6,"146, MICHELET (AVE) : DU",0.0,0.0
201400043447,4,7,14,8,1,93,70,2,1,1,3,"138, GABRIEL-PERI (AV)",0.0,0.0
201400043448,5,7,14,5,1,93,70,2,1,2,1,SEINE (QUAI DE),0.0,0.0
201400043449,6,7,14,10,1,93,70,2,1,2,6,"06, REPUBLIQUE (PL DE LA",0.0,0.0
201400043450,7,7,14,13,1,93,70,2,1,8,2,"138, MICHELET(AV):N?1AU",0.0,0.0
201400043451,9,7,14,14,1,93,70,2,1,2,3,TOUZET-GAILLARD (RUE),0.0,0.0
201400043452,10,7,14,13,1,93,70,1,1,2,3,SEINE (QUAI DE),0.0,0.0
201400043453,16,7,14,12,1,93,70,2,1,1,3,"02, REPUBLIQUE (PL DE LA",0.0,0.0
201400043454,16,7,14,16,1,93,70,2,1,1,6,"07, BLANQUI (RUE)",0.0,0.0
201400043455,22,7,14,8,1,93,70,2,1,1,3,"136, MICHELET (AVE) : DU",0.0,0.0
201400043456,1,8,14,15,1,93,70,2,2,1,6,"64, ROSIERS(DES) : APRES",0.0,0.0
201400043457,20,8,14,19,1,93,70,2,1,1,2,"53, ALBERT-DHALENNE (RUE",0.0,0.0
201400043458,22,8,14,14,1,93,70,2,1,1,3,"33, MICHELET (AVE) : DU",0.0,0.0
201400043459,25,8,14,20,5,93,70,2,1,2,2,ALBERT-DHALENNE (RUE),0.0,0.0
201400043460,27,8,14,15,1,93,70,2,9,8,2,"03, ALBERT-DHALENNE (RUE",0.0,0.0
201400043461,1,9,14,11,1,93,70,2,4,1,6,"1, GABRIEL-PERI (AV)",0.0,0.0
201400043462,8,9,14,11,1,93,70,2,1,1,3,"1, CAPITAINE-GLARNER (AV",0.0,0.0
201400043463,9,9,14,19,1,93,70,2,1,1,3,"127, VICTOR-HUGO (BD)",0.0,0.0
201400043464,12,9,14,8,1,93,70,2,1,1,6,"1, ROSIERS(DES) : APRES",0.0,0.0
201400043465,17,9,14,20,2,93,70,2,1,1,6,"1, GODILLOT(RUE)",0.0,0.0
201400043466,19,9,14,10,1,93,70,2,2,1,3,"74, ALBERT-DHALENNE (RUE",0.0,0.0
201400043467,23,9,14,18,1,93,70,2,1,1,1,"118, VICTOR-HUGO (BD)",0.0,0.0