Num_Acc,jour,mois,an,hr,condition_eclairage,departement,commune,condition_agglomeration,intersection,condition_atmosphere,type_collision,adresse,lattitude,longitude
201400043468,25,9,14,17,1,93,70,2,1,1,3,GABRIEL-PERI (AV),0.0,0.0
201400043469,27,9,14,14,1,93,70,2,1,1,6,"21, CHARLES SCHMIDT(RUE)",0.0,0.0
201400043470,14,10,14,19,5,93,70,2,1,1,6,"1, PIERRE-DREYFUS(RUE)",0.0,0.0
201400043471,20,10,14,20,5,93,70,2,1,1,6,"41, ALBERT-DHALENNE (RUE",0.0,0.0
201400043472,20,10,14,17,1,93,70,2,1,8,2,"1, ARDOIN(RUE)",0.0,0.0
201400043473,23,10,14,14,1,93,70,2,1,1,3,"122, GABRIEL-PERI (AV)",0.0,0.0
201400043474,24,10,14,8,2,93,70,2,1,1,3,"6, JEAN-JAURES (BD)",0.0,0.0
201400043475,24,10,14,12,1,93,70,2,1,8,3,"122, VICTOR-HUGO (BD)",0.0,0.0
201400043476,28,10,14,22,5,93,70,2,1,1,3,", TOULOUSE-LAUTREC(RUE)",0.0,0.0
201400043477,29,10,14,9,1,93,70,2,1,1,6,"1, CLAUDE-MONET(RUE)",0.0,0.0
201400043478,30,10,14,18,1,93,70,2,1,1,6,"51, GABRIEL-PERI (AV)",0.0,0.0
201400043479,31,10,14,18,2,93,70,2,1,1,3,"17, GABRIEL-PERI (AV)",0.0,0.0
201400043480,5,11,14,18,5,93,70,2,1,1,1,"32, VICTOR-HUGO (BD)",0.0,0.0
201400043481,6,11,14,16,1,93,70,2,3,1,3,"32, ROSIERS(DES) :N? 1 A",0.0,0.0
201400043482,8,11,14,9,1,93,70,2,1,1,6,"47, ALBERT-DHALENNE (RUE",0.0,0.0
201400043483,8,11,14,15,5,93,70,2,1,1,3,"1, MICHELET (AVE) : DU 1",0.0,0.0
201400043484,13,11,14,19,5,93,70,2,3,1,2,ROSIERS(DES) :N? 1 AU 59,0.0,0.0
201400043485,14,11,14,17,5,93,70,2,1,2,6,"79, DOCTEUR BAUER(RUE DU",0.0,0.0
201400043486,20,11,14,17,5,93,70,2,1,1,5,"9, SEINE (QUAI DE)",0.0,0.0
201400043487,21,11,14,15,1,93,70,2,1,1,5,"136, MICHELET(AV):N?1AU",0.0,0.0
201400043488,26,11,14,11,1,93,70,2,1,1,6,"138, GABRIEL-PERI (AV)",0.0,0.0
201400043489,28,11,14,21,5,93,70,2,1,1,1,"34, CAPITAINE-GLARNER (A",0.0,0.0
201400043490,5,12,14,9,1,93,70,2,1,1,3,SEINE (QUAI DE),0.0,0.0
201400043491,12,12,14,13,1,93,70,2,3,2,1,"100, SAINT-DENIS(RUE)",0.0,0.0
201400043492,12,12,14,23,5,93,70,2,1,3,3,"10, GABRIEL-PERI (AV)",0.0,0.0
201400043493,16,12,14,17,4,93,70,2,1,1,6,"143, DOCTEUR BAUER(RUE D",0.0,0.0
201400043494,30,12,14,12,1,93,70,2,9,1,1,MICHELET (AVE) : DU 1 AU,0.0,0.0
201400043495,23,1,14,11,1,93,71,2,1,1,7,21 PAUL FORT (ALLEE),0.0,0.0
201400043496,23,1,14,16,1,93,71,2,1,2,5,JOHN F. KENNEDY-(AVENUE),0.0,0.0
201400043497,23,1,14,17,1,93,71,2,1,2,6,"0, LEON JOUHAUX (AVENUE)",0.0,0.0
201400043498,4,3,14,17,1,93,71,2,1,1,3,"0, JEAN MOULIN (AVENUE)",0.0,0.0
201400043499,6,3,14,14,1,93,71,2,5,1,3,"0, LIVRY (AVENUE DE)",0.0,0.0
201400043500,8,3,14,10,1,93,71,2,3,1,3,"0, CONDORCET (ALLEE)",0.0,0.0
201400043501,8,3,14,17,1,93,71,2,1,1,3,"0, JOHN F. KENNEDY (AVEN",0.0,0.0
201400043502,17,5,14,12,1,93,71,2,1,1,3,"8, OASIS (AVENUE DE L')",0.0,0.0
201400043503,19,5,14,17,1,93,71,2,1,1,6,"0, DUMONT D'URVILLE (AVE",0.0,0.0
201400043504,23,5,14,18,1,93,71,2,1,1,6,"0, BOUGAINVILLE (ALLEE)",0.0,0.0
201400043505,23,5,14,9,1,93,71,2,2,1,3,"0, WESTINGHOUSE (BOULEVA",0.0,0.0
201400043506,27,5,14,23,5,93,71,2,1,1,2,"0, AULNAY (RUE D')",0.0,0.0
201400043507,6,6,14,21,1,93,71,2,1,1,3,"0, PETITS PONTS (ROUTE D",0.0,0.0
201400043508,21,6,14,9,1,93,71,2,1,7,6,"0, PETITS PONTS (ROUTE D",0.0,0.0
201400043509,21,6,14,15,1,93,71,2,6,1,2,"0, AULNAY (RUE D')",0.0,0.0
201400043510,25,6,14,8,1,93,71,2,2,1,3,"0, BIR HAKEIM (ALLEE DE)",0.0,0.0
201400043511,27,6,14,16,1,93,71,2,1,1,6,"03, RACINE (RUE)",0.0,0.0
201400043512,4,7,14,20,1,93,71,2,2,1,3,"0, WESTINGHOUSE (BOULEVA",0.0,0.0
201400043513,9,7,14,17,1,93,71,2,1,3,6,"0, BALLANGER ROBERT (AVE",0.0,0.0
201400043514,22,8,14,18,1,93,71,2,3,1,3,SALVADOR ALLENDE (AVENUE,0.0,0.0
201400043515,24,8,14,20,2,93,71,2,1,1,6,"28, DUMONT D'URVILLE (AV",0.0,0.0
201400043516,27,8,14,18,1,93,71,2,1,1,6,"42, STALINGRAD (BOULEVAR",0.0,0.0
201400043517,13,9,14,9,1,93,71,2,1,1,6,"0, ANDRE TOUTAIN (AVENUE",0.0,0.0
201400043518,15,9,14,9,1,93,71,2,3,1,3,"0, HENRI BARBUSSE (AVENU",0.0,0.0
201400043519,19,9,14,18,1,93,71,2,1,1,3,"0, AULNAY (RUE D')",0.0,0.0
201400043520,23,9,14,12,1,93,71,2,1,1,4,"0, WESTINGHOUSE (BOULEVA",0.0,0.0
201400043521,23,9,14,16,1,93,71,2,3,1,3,"0, AUGUSTIN THIERRY (RUE",0.0,0.0
201400043522,29,9,14,6,2,93,71,2,2,2,3,"0, LIVRY (AVENUE DE)",0.0,0.0
201400043523,29,9,14,8,1,93,71,2,1,2,6,"1, HENRI BARBUSSE (AVENU",0.0,0.0
201400043524,7,10,14,7,5,93,71,2,3,2,2,JOHN F. KENNEDY (AVENUE),0.0,0.0
201400043525,9,10,14,7,5,93,71,2,3,1,3,JOHN F. KENNEDY (AVENUE),0.0,0.0
201400043526,9,10,14,16,1,93,71,2,5,1,3,LIVRY (AVENUE DE),0.0,0.0
201400043527,10,10,14,8,1,93,71,2,2,1,6,ERNEST PIVOT (AVENUE),0.0,0.0
201400043528,25,10,14,12,1,93,71,2,1,1,3,"06, ROGER LE MANER (RUE)",0.0,0.0
201400043529,25,10,14,16,1,93,71,2,1,1,6,"0, RAOUL DAUTRY (AVENUE)",0.0,0.0
201400043530,27,10,14,16,1,93,71,2,1,1,6,"0, GENERAL LECLERC (AVEN",0.0,0.0
201400043531,14,11,14,8,1,93,71,2,3,1,5,"0, SALVADOR ALLENDE (AVE",0.0,0.0
201400043532,19,11,14,19,5,93,71,2,2,1,6,"0, AULNAY (RUE D')",0.0,0.0
201400043533,21,11,14,17,5,93,71,2,1,1,6,"0, MARTIN LUTHER KING (A",0.0,0.0
201400043534,25,11,14,11,1,93,71,2,3,2,7,"0, LIVRY (AVENUE DE)",0.0,0.0
201400043535,26,11,14,23,5,93,71,2,2,1,3,"0, 19 MARS 1962 (CARREFO",0.0,0.0
201400043536,2,12,14,18,5,93,71,2,0,2,3,"0, LEON JOUHAUX (AVENUE)",0.0,0.0
201400043537,5,12,14,18,5,93,71,2,1,1,2,"0, AULNAY (RUE D')",0.0,0.0
201400043538,11,12,14,17,5,93,71,2,0,1,6,"107, AULNAY (RUE D')",0.0,0.0
201400043539,15,12,14,15,1,93,71,2,3,1,3,"0, JOHN F. KENNEDY (AVEN",0.0,0.0
201400043540,10,10,14,7,1,93,72,2,3,1,6,JEAN PIERRE TIMBAUD,0.0,0.0
201400043541,13,10,14,17,1,93,72,2,2,1,5,"15, MARCEL CACHIN (AVENU",0.0,0.0
201400043542,25,10,14,19,5,93,72,2,1,1,3,"0, STALINGRAD (AVENUE DE",0.0,0.0
201400043543,2,11,14,18,5,93,59,2,1,1,3,"0, AMIENS (RUE D') N? 13",0.0,0.0
201400043544,2,11,14,5,5,93,72,2,1,1,6,"47, MARCEL CACHIN (AVENU",0.0,0.0
201400043545,7,11,14,8,2,93,59,2,2,2,3,"0, ETIENNE DOLET (RUE)",0.0,0.0
201400043546,25,11,14,18,5,93,59,2,1,1,3,"0, EMILE ZOLA (AVENUE)",0.0,0.0
201400043547,28,11,14,13,1,93,72,2,1,8,6,"0, PELLETIER (RUE)",0.0,0.0
201400043548,2,12,14,9,1,93,72,2,1,1,3,"0, ROBERT VIGNES (RUE)",0.0,0.0
201400043549,12,12,14,23,5,93,72,2,0,3,3,"2, STALINGRAD (AVENUE) D",0.0,0.0
201400043550,18,12,14,8,1,93,72,2,1,2,6,"52, ARISTIDE BRIAND (AVE",0.0,0.0
201400043551,8,1,14,11,1,93,72,2,1,1,3,"00, SYLVINE (RUE)",0.0,0.0
201400043552,8,1,14,8,1,93,72,2,1,1,6,"12, SALVADOR ALLENDE (RU",0.0,0.0
201400043553,31,1,14,14,1,93,59,2,9,1,3,"80, LENINE (AVENUE) N?36",0.0,0.0
201400043554,6,2,14,17,1,93,59,2,1,1,3,"145, JEAN MERMOZ (N?59 A",0.0,0.0
201400043555,5,2,14,16,1,93,72,2,0,8,6,"0, NELSON MANDELA (AVENU",0.0,0.0
201400043556,13,2,14,12,1,93,72,2,2,2,6,"0, HULEUX (RUE DES)",0.0,0.0
201400043557,16,3,14,20,5,93,72,2,1,1,6,"129-135, MAXIME GORKI (B",0.0,0.0
201400043558,6,3,14,9,1,93,72,2,1,1,6,"4, MAXIME GORKi (BOULEVA",0.0,0.0
201400043559,8,3,14,13,1,93,59,2,1,1,2,"0, LENINE (AVENUE) N?36",0.0,0.0
201400043560,1,4,14,8,1,93,59,2,1,1,6,"57, REPUBLIQUE (AVENUE D",0.0,0.0
201400043561,10,5,14,20,1,93,59,2,1,2,6,"00, LAENNEC (AVENUE)",0.0,0.0
201400043562,9,5,14,16,1,93,72,2,1,1,2,"0, STALINGRAD (AVENUE) D",0.0,0.0
201400043563,29,6,14,17,1,93,59,2,1,2,4,"00, CHARLES DE GAULLE (B",0.0,0.0
201400043564,28,5,14,10,1,93,72,2,1,1,6,"00, MAXIME GORKI (BOULEV",0.0,0.0
201400043565,6,1,14,16,1,93,72,2,1,1,3,"00, STALINGRAD (AVENUE D",0.0,0.0
201400043566,11,7,14,12,1,93,59,2,1,2,6,"28, PARIS (RUE DE)",0.0,0.0
201400043567,20,7,14,7,1,93,72,1,1,2,6,"80, MAXIME GORKI (BOULEV",0.0,0.0
201400043568,24,7,14,18,1,93,59,2,1,1,6,"0, JEAN MERMOZ (BOULEVAR",0.0,0.0
201400043569,24,7,14,19,1,93,72,2,1,1,3,"0, STALINGRAD (AVENUE) D",0.0,0.0
201400043570,6,8,14,22,5,93,72,2,1,1,3,"00, MAXIME GORKI (BOULEV",0.0,0.0
201400043571,12,6,14,8,1,93,72,2,1,1,6,"32, ARISTIDE BRIAND (AVE",0.0,0.0
201400043572,13,6,14,12,1,93,72,2,1,1,6,"0, ALBERT EINSTEIN (RUE)",0.0,0.0
201400043573,19,6,14,7,1,93,72,2,2,1,6,"00, MAXIME GORKI (BOULEV",0.0,0.0
201400043574,21,4,14,17,1,93,59,2,1,1,6,"00, JULES VALLES (RUE)",0.0,0.0
201400043575,11,7,14,9,1,93,72,2,3,2,3,"00, MAXIME GORKI (BOULEV",0.0,0.0
201400043576,9,9,14,15,1,93,72,2,1,1,7,"25, MARCEL CACHIN (AVENU",0.0,0.0
201400043577,21,7,14,15,1,93,72,2,1,8,4,"69, MAXIME GORKI (BOULEV",0.0,0.0
201400043578,15,9,14,13,1,93,72,2,3,1,2,"00, STALINGRAD (AVENUE D",0.0,0.0
201400043579,9,8,14,14,1,93,59,2,1,1,6,"15, JULES CHATENAY (RUE)",0.0,0.0
201400043580,28,8,14,7,2,93,72,2,4,1,6,"100, STALINGRAD (AVENUE)",0.0,0.0
201400043581,27,6,14,16,1,93,72,2,2,1,3,"80, MAXIME GORKI (BOULEV",0.0,0.0
201400043582,3,1,14,21,4,93,73,2,2,1,3,BARBUSSE (RUE HENRI),0.0,0.0
201400043583,7,1,14,19,5,93,78,2,2,8,3,"161, BALLANGER (BD ROBER",0.0,0.0
201400043584,19,1,14,13,1,93,78,2,2,1,3,LECLERC (AVENUE DU GENER,0.0,0.0
201400043585,20,1,14,18,3,93,78,2,1,1,6,"11, DELATTRE DE TASSIGNY",0.0,0.0
201400043586,22,1,14,18,5,93,78,2,3,2,2,CLEMENCEAU (AVENUE GEORG,0.0,0.0
201400043587,23,1,14,9,1,93,78,2,1,1,1,LEDOUX (RUE CLAUDE NICOL,0.0,0.0
201400043588,26,1,14,23,5,93,73,2,9,2,3,LOUP (CHEMIN DU),0.0,0.0
201400043589,27,1,14,17,2,93,73,2,2,8,3,CUSINO (RUE ANTOINE),0.0,0.0
201400043590,27,1,14,18,5,93,78,2,1,2,2,DELATTRE DE TASSIGNY (AV,0.0,0.0
201400043591,29,1,14,12,1,93,78,2,1,2,2,DAMBEL (AVENUE EMILE),0.0,0.0
201400043592,30,1,14,19,5,93,78,2,1,1,3,CLEMENCEAU (AVENUE GEORG,0.0,0.0
201400043593,31,1,14,13,1,93,73,2,1,1,2,RESISTANCE (RUE DE LA),0.0,0.0
201400043594,7,2,14,15,1,93,73,2,1,1,2,"08, PASTEUR (AVENUE)",0.0,0.0
201400043595,12,2,14,17,1,93,78,1,6,2,3,VAUBAN (AVENUE),0.0,0.0
201400043596,14,2,14,7,2,93,78,2,1,2,5,CLEMENCEAU (AVENUE GEORG,0.0,0.0
201400043597,18,2,14,16,1,93,78,2,1,1,6,"6, GARE (AVENUE DE LA)",0.0,0.0
201400043598,4,3,14,22,5,93,78,2,1,1,6,"33, eGLISE (RUE DE L')",0.0,0.0
201400043599,11,3,14,15,1,93,73,2,1,1,3,lENINE (BOULEVARD),0.0,0.0
201400043600,14,3,14,16,1,93,73,2,2,1,6,hUITIEME (AVENUE),0.0,0.0
201400043601,29,3,14,19,2,93,73,2,1,1,7,BARBUSSE (RUE HENRI),0.0,0.0
201400043602,29,3,14,22,5,93,73,2,2,1,3,PETITS PONTS (ROUTE DES),0.0,0.0
201400043603,10,4,14,12,1,93,73,2,1,1,3,RESISTANCE (RUE DE LA),0.0,0.0
201400043604,12,4,14,18,1,93,78,2,6,1,3,CLEMENCEAU (AVENUE GEORG,0.0,0.0
201400043605,14,4,14,18,1,93,73,2,1,1,6,"24, RENAN (RUE ERNEST)",0.0,0.0
201400043606,20,4,14,12,1,93,73,2,5,1,5,SALENGRO (AVENUE ROGER),0.0,0.0
201400043607,21,4,14,17,1,93,78,2,1,1,6,DE GAULLE (AVENUE CHARLE,0.0,0.0
201400043608,12,5,14,14,1,93,78,1,0,2,2,CHEMIN DEPARTEMENTAL,0.0,0.0
201400043609,14,5,14,22,5,93,78,2,3,1,1,LE BIHAN (IMPASSE),0.0,0.0
201400043610,15,5,14,19,1,93,78,2,1,1,2,BALLANGER (BD ROBERT),0.0,0.0
201400043611,17,5,14,18,1,93,78,1,6,1,2,CHEMIN DEPARTEMENTAL,0.0,0.0
201400043612,17,5,14,19,1,93,78,2,2,1,3,DAGUERRE (RUE),0.0,0.0
201400043613,21,5,14,12,1,93,73,2,1,2,1,LOUP (CHEMIN DU),0.0,0.0
201400043614,25,5,14,15,1,93,78,2,1,1,2,BALLANGER (BD ROBERT),0.0,0.0
201400043615,25,5,14,17,1,93,73,2,1,1,3,BROSSOLETTE (RUE PIERRE),0.0,0.0
201400043616,3,6,14,15,1,93,78,2,1,1,2,CLEMENCEAU (AVENUE GEORG,0.0,0.0
201400043617,6,6,14,3,5,93,78,2,1,1,6,CLEMENCEAU (AVENUE GEORG,0.0,0.0
201400043618,6,6,14,18,1,93,73,2,1,1,6,"106, PETITS PONTS (ROUTE",0.0,0.0
201400043619,11,6,14,17,1,93,78,2,1,1,1,", DAMBEL (AVENUE EMILE)",0.0,0.0
201400043620,6,6,14,15,1,93,78,2,1,1,6,BALLANGER (BD ROBERT),0.0,0.0
201400043621,13,6,14,12,1,93,73,2,1,1,6,"67, BARBUSSE (RUE HENRI)",0.0,0.0
201400043622,13,6,14,16,1,93,78,2,1,1,1,SAUSSET (AVENUE DU),0.0,0.0
201400043623,20,6,14,15,1,93,78,2,1,1,6,"23, COUTURIER (AVENUE PA",0.0,0.0
201400043624,21,6,14,16,1,93,73,2,1,1,6,CENTRE (BOULEVARD DU),0.0,0.0
201400043625,23,6,14,11,1,93,78,2,1,1,6,MELIES (RUE GEORGES),0.0,0.0
201400043626,25,6,14,9,1,93,73,2,1,1,3,"147, ARTOIS (RUE D')",0.0,0.0
201400043627,27,6,14,14,1,93,73,2,5,1,3,POSTE (AVENUE DE LA),0.0,0.0
201400043628,6,7,14,12,1,93,78,2,1,2,6,CLEMENCEAU (AVENUE GEORG,0.0,0.0
201400043629,15,7,14,14,1,93,78,2,2,1,6,CLEMENCEAU (AVENUE GEORG,0.0,0.0
201400043630,15,7,14,17,1,93,73,2,1,1,6,LANGEVIN (RUE PAUL),0.0,0.0
201400043631,19,7,14,15,1,93,73,2,1,1,3,SARRAULT (AVENUE ALBERT),0.0,0.0
201400043632,20,7,14,16,1,93,78,2,1,1,3,SAUSSET (AVENUE DU),0.0,0.0
201400043633,23,7,14,20,1,93,73,2,2,9,3,ALLENDE (RUE SALVADOR),0.0,0.0
201400043634,3,8,14,14,1,93,78,2,3,1,3,BALMAT (RUE JACQUES),0.0,0.0
201400043635,5,8,14,18,1,93,78,2,1,1,6,MOULIN (PLACE JEAN),0.0,0.0
201400043636,12,8,14,18,1,93,73,2,6,1,3,RESISTANCE (RUE DE LA),0.0,0.0
201400043637,26,8,14,14,1,93,78,2,1,1,3,BALLANGER (BD ROBERT),0.0,0.0
201400043638,30,8,14,10,1,93,78,2,4,1,3,BALLANGER (BD ROBERT),0.0,0.0
201400043639,3,9,14,15,1,93,73,2,1,1,2,DE GAULLE (RUE CHARLES),0.0,0.0
201400043640,17,9,14,18,1,93,73,2,9,1,1,"135, VAILLANT (BOULEVARD",0.0,0.0
201400043641,25,9,14,18,1,93,73,2,1,1,6,PETITS PONTS (ROUTE DES),0.0,0.0
201400043642,27,9,14,16,1,93,78,2,2,1,2,BALLANGER (BD ROBERT),0.0,0.0
201400043643,30,9,14,9,1,93,78,2,3,5,3,"117, NATIONS (AVENUE DES",0.0,0.0
201400043644,3,10,14,16,1,93,73,2,1,1,6,BARBUSSE (RUE HENRI),0.0,0.0
201400043645,13,10,14,8,1,93,73,2,1,1,6,ZOLA (RUE EMILE),0.0,0.0
201400043646,14,10,14,11,1,93,78,2,6,1,2,ADAMOV (ALLEE ARTHUR),0.0,0.0
201400043647,14,10,14,14,1,93,73,2,6,1,2,TOLSTOI (RUE LEON),0.0,0.0
201400043648,18,10,14,10,1,93,73,2,2,1,3,SAVOIE (RUE DE),0.0,0.0
201400043649,21,10,14,11,1,93,73,2,6,1,3,BOIS DE LA PIE (AVENUE D,0.0,0.0
201400043650,22,10,14,16,1,93,78,2,3,1,2,"11, TREMBLAY (ROUTE DE)",0.0,0.0
201400043651,5,11,14,18,5,93,78,2,1,2,2,"168, BALLANGER (BD ROBER",0.0,0.0
201400043652,12,11,14,18,3,93,78,2,1,1,6,CHEMIN DEPARTEMENTAL,0.0,0.0
201400043653,13,11,14,17,5,93,78,2,1,1,4,"172, BALLANGER (BD ROBER",0.0,0.0
201400043654,14,11,14,22,5,93,78,2,0,1,1,LOUP (CHEMIN DU),0.0,0.0
201400043655,19,11,14,18,3,93,73,2,1,1,4,CIRCUIT CAROLE,0.0,0.0
201400043656,21,11,14,9,1,93,78,2,2,1,5,CLEMENCEAU AVENUE GEORG,0.0,0.0
201400043657,22,11,14,13,1,93,78,2,1,1,2,"1-3, CLEMENCEAU (AVENUE",0.0,0.0
201400043658,25,11,14,13,1,93,78,2,1,1,6,"212, BALLANGER (BD ROBER",0.0,0.0
201400043659,4,12,14,0,5,93,73,2,1,1,1,PAIX (AVENUE DE LA),0.0,0.0
201400043660,4,12,14,18,5,93,78,2,0,1,1,CLEMENCEAU (AVENUE GEORG,0.0,0.0
201400043661,8,12,14,7,5,93,78,2,0,1,6,VAILLANT-COUTURIER (AVEN,0.0,0.0
201400043662,14,12,14,9,1,93,78,2,6,5,2,CLEMENCEAU (AVENUE GEORG,0.0,0.0
201400043663,16,12,14,11,1,93,73,2,1,1,6,BERGER (RUE GILBERT),0.0,0.0
201400043664,16,12,14,11,1,93,73,2,3,1,6,BERGER (RUE GILBERT),0.0,0.0
201400043665,16,12,14,20,5,93,73,2,0,1,6,DE GAULLE (RUE CHARLES),0.0,0.0
201400043666,17,12,14,8,1,93,78,2,0,3,6,DUCLOS (RUE JACQUES),0.0,0.0
201400043667,3,1,14,18,5,94,2,2,1,8,3,"113, R ETIENNE DOLET",48.7892,2.42573
201400043668,21,1,14,18,5,94,2,2,1,1,2,"62, R ETIENNE DOLET",48.794,2.42547
201400043669,24,1,14,15,1,94,2,2,3,1,2,CHARLE DE GAULE /LATERAL,48.8147,2.41663
201400043670,28,1,14,19,5,94,2,2,1,2,3,"85, R VERON",48.811,2.41417
201400043671,13,2,14,18,5,94,2,2,2,1,3,COUTURIER / LECLERC,48.8011,2.42196
201400043672,14,2,14,10,1,94,2,2,1,2,6,"3, ALL MODIGLIANI",48.7948,2.4283
201400043673,20,2,14,19,5,94,2,2,3,2,3,QU BLANQUI / SEINE,48.8094,2.41012
201400043674,20,2,14,22,3,94,46,2,1,1,3,AV DE LA REPUBLIQUE,48.8042,2.43702
201400043675,5,3,14,21,5,94,2,2,2,1,3,"241, COUTURIER / TASSIGN",48.8002,2.42254
201400043676,17,3,14,14,1,94,2,2,1,1,3,"13, JEAN-BAPTISTE PREUX",48.7787,2.42445
201400043677,21,4,14,3,5,94,2,2,3,1,3,"92, EMILE ZOLA/OEILLETS",48.7991,2.42437
201400043678,29,4,14,17,1,94,2,2,2,2,3,COUTURIER / PARC,48.8153,2.415
201400043679,29,4,14,19,2,94,2,2,3,3,3,BLANQUI / JULES GUESDE,48.8034,2.41314
201400043680,11,5,14,16,1,94,2,2,2,2,2,CLEMENT / ZOLA,48.7983,2.42051
201400043681,12,5,14,16,1,94,2,2,2,1,6,CAMELIAS / JACLARD,48.8039,2.42315
201400043682,28,5,14,20,2,94,2,2,1,2,2,"25, REVOLUTION (QU DE LA",48.7812,2.41902
201400043683,19,6,14,9,1,94,2,2,3,1,3,REVOLUTION / ALOUETTES,48.7847,2.42143
201400043684,2,7,14,11,1,94,2,2,1,1,2,"31, BD CARNOT",48.7959,2.42627
201400043685,19,7,14,20,1,94,2,2,3,1,3,COUTURIER / ESSERTES,48.8038,2.42016
201400043686,21,7,14,13,1,94,2,2,3,1,2,LATERAL / CHENAL,48.8147,2.41663
201400043687,29,7,14,17,1,94,2,2,3,1,2,ST GEORGE / WARNIER,48.7808,2.42886
201400043688,6,8,14,18,1,94,2,2,2,2,3,TASSIGNY / COUTURIER,48.8002,2.42254
201400043689,21,8,14,11,1,94,2,2,3,1,3,COUTURIER / MITTERRAND,48.8048,2.41948
201400043690,22,8,14,12,1,94,2,2,2,1,3,COUTURIER / SEINE,48.8103,2.4169
201400043691,27,8,14,13,1,94,2,2,3,1,3,PARMENTIER / VOLTA,48.8071,2.41254
201400043692,11,9,14,11,1,94,2,2,2,1,6,ZOLA / PAQUERETTES,48.7992,2.42531
201400043693,15,9,14,13,1,94,2,2,3,1,1,VILLENEUVE ST GEORGES,48.7808,2.42886
201400043694,18,9,14,8,1,94,2,2,3,1,6,DOLET / CARPE,48.7904,2.42578
201400043695,18,10,14,13,1,94,2,2,1,1,6,"58, ETIENNE DOLET (R)",0.0,0.0
201400043696,22,10,14,1,5,94,2,2,1,1,6,"31, ECOLES (R DES)",0.0,0.0
201400043697,16,11,14,23,5,94,2,2,1,9,6,"40, BLANQUI (QU)",0.0,0.0
201400043698,19,11,14,14,1,94,2,2,1,1,6,"97, ETIENNE DOLET (R)",0.0,0.0
201400043699,1,12,14,22,5,94,2,2,3,1,3,CARNOT (BD),0.0,0.0
201400043700,3,12,14,6,2,94,2,2,3,2,3,ETIENNE DOLET (R),0.0,0.0
201400043701,10,12,14,21,5,94,2,2,9,2,6,JOFFRIN (R),0.0,0.0
201400043702,14,12,14,20,5,94,2,2,9,1,2,EMILE ZOLA (R),0.0,0.0
201400043703,17,12,14,19,5,94,2,2,1,2,2,"37, GENERAL CHARLES DE G",0.0,0.0
201400043704,18,12,14,8,2,94,2,2,1,1,6,EMILE ZOLA (R),0.0,0.0
201400043705,2,10,14,8,1,94,44,2,1,1,3,"11, ROGER SALENGRO (R)",0.0,0.0
201400043706,3,10,14,10,1,94,4,2,1,1,6,"10, VALENTON (R DE)",0.0,0.0
201400043707,30,5,14,18,1,94,48,2,3,1,6,BUISSONS / GRAINS,48.7356,2.55661
201400043708,8,10,14,9,1,94,44,2,9,2,6,VERDUN (AV DE),0.0,0.0
201400043709,11,10,14,18,2,94,4,2,1,1,6,"00, CHARLES DE GAULLE (A",0.0,0.0
201400043710,30,12,14,11,1,94,71,2,3,9,4,"49, GENERAL LECLERC (R D",0.0,0.0
201400043711,12,10,14,21,5,94,4,2,1,1,6,03 AV DU GENERAL LECLERC,48.7528,2.50658
201400043712,16,10,14,18,1,94,4,2,1,1,3,VALENTON (R DE),0.0,0.0
201400043713,18,10,14,15,1,94,44,2,1,1,1,VERDUN (AV DE),0.0,0.0
201400043714,19,10,14,7,5,94,70,2,1,1,6,"11, LIBERATION (R DE LA)",0.0,0.0
201400043715,19,10,14,5,5,94,71,2,6,1,7,"140, CHARLES DE GAULLE (",0.0,0.0
201400043716,20,10,14,8,1,94,48,1,2,1,4,RN19/VALLON,48.7275,2.53934
201400043717,27,10,14,18,2,94,44,2,1,1,2,"18, JEAN MONNET (R)",0.0,0.0
201400043718,30,10,14,15,1,94,44,2,3,1,3,ALBERT GARRY (R),0.0,0.0
201400043719,31,10,14,7,1,94,44,2,3,1,1,ALBERT GARRY (R),0.0,0.0
201400043720,1,1,14,4,3,94,75,2,1,8,6,"31, R DE REVEILLON",48.7215,2.53957
201400043721,5,11,14,19,5,94,48,2,1,1,1,RTE DE PARIS,48.7278,2.5483
201400043722,6,11,14,7,2,94,71,2,1,1,3,"7, PARIS (R DE)",0.0,0.0
201400043723,6,11,14,9,1,94,47,2,1,1,2,"72, PAUL DOUMER (R)",0.0,0.0
201400043724,31,7,14,14,1,94,44,2,3,1,7,ZOLA / PARIS,48.7477,2.47358
201400043725,7,1,14,6,5,94,4,2,1,1,3,"3, R DE PARIS",48.7529,2.50791
201400043726,9,11,14,1,5,94,75,2,3,1,6,TASSIGNY/STATION,48.7335,2.52114
201400043727,9,1,14,17,2,94,71,2,3,8,6,R DE BOISSY,48.7641,2.52565
201400043728,11,11,14,13,1,94,44,2,3,1,6,DEUX CLOCHERS (AV DES),0.0,0.0
201400043729,14,1,14,10,1,94,71,2,1,8,6,"38, R DE NOISEAU",48.7733,2.5301
201400043730,17,1,14,20,5,94,4,2,2,1,3,VALENTON/LEON REVILLON,48.7488,2.51285
201400043731,17,1,14,21,5,94,4,2,1,1,1,R DE SUCY,48.7511,2.51744
201400043732,19,11,14,19,5,94,71,2,1,1,6,"13, COULANGES (R DE)",0.0,0.0
201400043733,19,1,14,12,1,94,44,2,1,1,6,"68, R EMILE ZOLA",48.7476,2.4739
201400043734,12,1,14,12,1,94,4,2,6,1,1,"52, R DE SUCY/PL MARCHE",48.7523,2.51971
201400043735,23,11,14,5,5,94,4,2,1,1,7,BRETELLE VIRAGE RN 19,48.7559,2.5048
201400043736,23,1,14,11,1,94,44,2,6,1,6,AV DESCARTES / VALENTON,48.7423,2.4913
201400043737,25,11,14,11,1,94,44,2,1,2,1,ALBERT GARRY (R),0.0,0.0
201400043738,25,1,14,18,5,94,44,2,2,1,3,GENERAL LECLERC/POMPIDOU,48.7448,2.51175
201400043739,29,11,14,12,1,94,4,2,1,1,6,"02, LEON REVILLON (BD)",0.0,0.0
201400043740,29,11,14,13,1,94,71,2,1,1,5,MAURICE BERTEAUX (R),0.0,0.0
201400043741,2,12,14,18,5,94,71,2,1,2,3,"00, PARIS (R DE)",0.0,0.0
201400043742,3,2,14,16,1,94,44,2,1,1,6,"8, R LOUIS SALLE",48.7509,2.49002