Num_Acc,jour,mois,an,hr,condition_eclairage,departement,commune,condition_agglomeration,intersection,condition_atmosphere,type_collision,adresse,lattitude,longitude
201400043743,6,2,14,12,1,94,44,2,2,1,2,LECLERC/POMPIDOU,48.7448,2.51175
201400043744,5,12,14,8,2,94,44,2,1,1,6,"10, VERDUN (AV DE)",0.0,0.0
201400043745,9,12,14,21,5,94,71,2,3,1,7,"00, CHAMPS SAINT DENIS (",0.0,0.0
201400043746,10,2,14,17,1,94,44,2,1,1,6,"38, AV DE VERDUN",48.7495,2.47908
201400043747,12,10,14,1,5,94,4,2,2,1,3,LECLERC/VALENTON,48.7469,2.51012
201400043748,10,12,14,20,5,94,4,2,6,1,6,HUIT MAI 1945 (R DU),0.0,0.0
201400043749,10,12,14,9,1,94,75,2,3,2,3,CHASSE (R DE LA),0.0,0.0
201400043750,11,2,14,17,1,94,44,2,3,2,3,VARLIN / ROUSSEL,48.743,2.49078
201400043751,2,12,14,7,5,94,4,2,3,2,5,MAROLLES (R DE),0.0,0.0
201400043752,14,2,14,16,1,94,4,2,3,1,3,LECLERC/FFI,48.7544,2.506
201400043753,15,2,14,1,5,94,75,2,1,1,6,DE LATTRE DE TASSIGNY,48.7324,2.52217
201400043754,17,12,14,7,5,94,71,2,1,3,6,"00, PIERRE SEMARD (R)",0.0,0.0
201400043755,17,12,14,8,5,94,4,2,1,3,6,"00, BREVANNES (R DE)",0.0,0.0
201400043756,19,12,14,12,1,94,4,2,9,8,3,"3, CHARLES DE GAULLE (AV",0.0,0.0
201400043757,21,2,14,9,1,94,4,1,3,1,2,LECLERC/FFI,48.7544,2.506
201400043758,21,12,14,0,3,94,56,1,1,2,7,BRIE COMTE ROBERT (RTE D,0.0,0.0
201400043759,22,12,14,14,1,94,44,2,1,1,6,"02, ROGER SALENGRO (R)",0.0,0.0
201400043760,23,12,14,13,1,94,44,2,2,2,7,VERDUN (AV DE),0.0,0.0
201400043761,24,12,14,18,4,94,75,2,2,3,6,BRUNOY (R DE),0.0,0.0
201400043762,26,12,14,17,2,94,44,2,2,2,1,LECLERC/POMPIDOU,48.7448,2.51175
201400043763,13,3,14,18,5,94,75,2,1,1,7,"84, R DE CERCAY",48.7171,2.52721
201400043764,1,3,14,19,5,94,75,2,2,1,3,MANDRES / D'AUTEUIL,48.7138,2.53767
201400043765,2,3,14,17,1,94,71,2,4,1,3,PARIS / BONNEUIL,48.7729,2.50091
201400043766,2,4,14,8,1,94,4,2,1,1,3,"15, AV DU GENERAL LECLER",48.7512,2.50713
201400043767,5,3,14,12,1,94,44,2,3,1,6,VALENTON / KORCZAK,48.744,2.50489
201400043768,7,3,14,16,1,94,75,2,2,1,7,"19, MANDRES / CHASSE",48.7138,2.53767
201400043769,7,3,14,16,1,94,71,2,1,1,6,"35, GENERAL LECLERC",48.7753,2.51105
201400043770,8,3,14,16,1,94,70,2,1,1,4,R DE LA FONTAINE,48.7249,2.57071
201400043771,14,11,14,18,2,94,71,2,1,1,6,"2, GABRIEL PERI (AV)",0.0,0.0
201400043772,14,3,14,16,1,94,4,2,1,1,6,R DU 8 MAI 1945,48.7575,2.50496
201400043773,14,3,14,21,5,94,4,2,4,1,3,LECLERC/CHIROL,48.7516,2.50682
201400043774,15,3,14,10,1,94,75,2,3,1,3,TASSIGNY/DAGORNO,48.7275,2.53101
201400043775,17,3,14,18,1,94,4,2,3,1,3,VALENTON / PROCESSION,48.7441,2.50506
201400043776,21,3,14,18,2,94,56,2,3,1,6,DES ROSES / MEILLAND,48.697,2.54836
201400043777,31,3,14,15,1,94,44,2,3,1,3,VALENTON / DAUMIER,48.7431,2.5019
201400043778,27,3,14,8,1,94,44,2,3,1,4,AV DESCARTES / MOULIN,48.7396,2.49243
201400043779,24,5,14,11,1,94,71,2,6,1,7,QUEUE EN BRIE / DE GAULL,48.7635,2.5362
201400043780,8,4,14,7,1,94,44,2,4,1,3,GABRIEL PERI / BARBUSSE,48.756,2.48378
201400043781,9,4,14,13,1,94,4,2,2,1,2,TASSIGNY/REVILLON,48.7448,2.51175
201400043782,10,4,14,8,1,94,71,2,4,1,3,D'ORMESSON / HUGO,48.7809,2.51377
201400043783,14,10,14,9,1,94,47,2,1,1,7,"33, PAUL DOUMER (R)",0.0,0.0
201400043784,21,11,14,21,5,94,4,2,2,1,1,GENERAL LECLERC (AV DU),0.0,0.0
201400043785,4,12,14,7,1,94,75,2,3,1,3,YERRES (R D),0.0,0.0
201400043786,14,4,14,10,1,94,71,2,3,1,6,FONTAINES / BERTEAUX,48.7713,2.51965
201400043787,15,4,14,2,5,94,47,2,1,1,6,"30, FRANCOIS COPPEE",48.7092,2.54065
201400043788,22,4,14,19,1,94,70,2,1,1,6,"3, RTE DE PARIS",48.7191,2.56771
201400043789,25,4,14,10,1,94,47,2,1,8,7,"53, R RENE THIBAULT",48.7048,2.53506
201400043790,25,4,14,15,1,94,44,2,6,8,6,WILSON / 8 MAI 1945,48.7514,2.49047
201400043791,28,4,14,17,1,94,70,2,3,1,2,LIBERATION / LA FONTAINE,48.725,2.5701
201400043792,16,7,14,1,5,94,44,2,6,1,6,MONNET / DUNANT,48.7566,2.48331
201400043793,2,5,14,8,1,94,4,2,1,1,3,"9, R DE SUCY",48.7501,2.51585
201400043794,2,5,14,9,1,94,44,2,1,1,2,"14, MARIUS DANTZ",48.7477,2.48224
201400043795,25,3,14,8,2,94,71,2,4,2,2,MOULIN A VENT / BOISSY,48.7643,2.52552
201400043796,7,5,14,13,1,94,71,2,1,1,3,"17, CHAMPS SAINT-DENIS",48.7747,2.51223
201400043797,18,5,14,10,1,94,71,2,1,1,3,"38, JEAN MOULIN",48.7749,2.51244
201400043798,19,5,14,8,1,94,56,1,2,1,2,BRIE COMTE ROBERT/BRIE,48.6962,2.55411
201400043799,23,5,14,18,2,94,71,2,3,2,2,LECLERC / BUFFON,48.7763,2.51127
201400043800,2,6,14,10,1,94,75,2,1,1,2,"63,DE LATTRE DE TASSIGNY",48.7287,2.52841
201400043801,4,6,14,12,1,94,44,2,1,2,2,AV DE LATTRE DE TASSIGNY,48.7432,2.513
201400043802,26,5,14,9,1,94,4,2,1,2,6,"3, AV DU GENERAL LECLERC",48.7528,2.50658
201400043803,7,6,14,2,5,94,71,2,1,1,6,AV WINSTON CHURCHILL,48.766,2.52512
201400043804,26,8,14,17,1,94,44,2,2,1,3,BARBUSSE / 2 CLOCHERS,48.754,2.48557
201400043805,16,10,14,22,5,94,4,2,2,3,3,VALENTON/LECLERC,48.7469,2.51012
201400043806,26,11,14,12,1,94,71,2,1,2,6,PIERRE SEMARD (R),0.0,0.0
201400043807,12,6,14,4,5,94,48,2,1,1,6,RN 19,48.7276,2.54068
201400043808,18,6,14,9,1,94,4,2,1,1,4,"19,AV DU GENERAL LECLERC",48.7509,2.50729
201400043809,19,6,14,13,1,94,75,2,1,1,5,"43,DE LATTRE DE TASSIGNY",48.7277,2.53055
201400043810,24,6,14,7,1,94,75,2,1,1,6,"27,DE LATTRE DE TASSIGNY",48.7273,2.53461
201400043811,28,6,14,23,5,94,71,2,5,2,6,PARIS /  GENERAL LECLERC,48.7746,2.51093
201400043812,29,6,14,0,3,94,4,2,1,2,6,AV DU GENERAL LECLERC,48.7561,2.50472
201400043813,2,7,14,12,1,94,44,2,1,1,2,"38, AV GABRIEL PERI",48.752,2.48629
201400043814,17,3,14,21,5,94,4,2,2,1,1,LECLERC/VALENTON,48.7469,2.51012
201400043815,4,7,14,12,1,94,71,2,5,2,2,PARIS / LECLERC,48.7746,2.51093
201400043816,5,7,14,9,1,94,44,2,1,2,3,"10, AV DE VERDUN",48.7516,2.48654
201400043817,7,8,14,14,1,94,71,2,3,1,6,BOISSY / SARRAUT,48.7634,2.52607
201400043818,17,9,14,18,1,94,44,2,1,1,6,"22, AV DESCARTES",48.7405,2.48462
201400043819,17,10,14,21,3,94,70,2,6,1,6,PARIS/,48.7152,2.57465
201400043820,7,12,14,17,5,94,4,2,7,2,3,CHARLES LOUIS (PL),0.0,0.0
201400043821,14,7,14,14,1,94,4,2,3,1,4,AV DU GENERAL LECLERC,48.7551,2.50528
201400043822,15,7,14,8,1,94,71,2,4,1,1,NOISEAU /VOIE DE NOISEAU,48.7723,2.52856
201400043823,17,7,14,19,1,94,44,2,1,1,6,"12-14, AV GABRIEL PERI",48.7546,2.48459
201400043824,17,7,14,20,1,94,44,2,1,1,6,"01, R ROGER SALENGRO",48.7514,2.48873
201400043825,25,7,14,7,1,94,4,2,1,1,7,AV DU GENERAL LECLERC,48.7562,2.50472
201400043826,25,7,14,12,1,94,44,2,1,1,6,AV JEAN MONNET,48.7572,2.47172
201400043827,26,7,14,10,1,94,71,2,1,1,6,AV CHARLES DE GAULLE,48.7674,2.53014
201400043828,26,7,14,16,1,94,71,2,1,1,6,PROM EDOUARD GARCIOT,48.7703,2.51752
201400043829,29,7,14,12,1,94,4,2,2,1,3,LECLERC/REVILLON,48.7448,2.51175
201400043830,7,8,14,12,1,94,47,2,2,1,3,FOUGASSE / CHAMPS,48.7026,2.54151
201400043831,18,7,14,7,1,94,71,2,2,1,2,BRIE / TILLEUL,48.759,2.53009
201400043832,18,7,14,14,1,94,4,2,6,1,2,AV CHARLES DE GAULLE,48.7531,2.5036
201400043833,19,8,14,16,1,94,75,2,1,1,6,"79, R DE CERCAY",48.7148,2.52721
201400043834,9,9,14,19,1,94,48,2,2,1,2,GROSBOIS / RN19,48.7275,2.53934
201400043835,11,9,14,16,1,94,47,2,2,1,2,VERDUN / COPPEE,48.7027,2.54485
201400043836,11,9,14,19,2,94,75,2,3,1,2,TASSIGNY/FOREAU,48.7274,2.53583
201400043837,12,9,14,7,1,94,44,2,2,1,3,MAI 1945 / TILLEULS,48.7523,2.49218
201400043838,19,12,14,19,2,94,71,2,3,2,2,GENERAL LECLERC (R DU),0.0,0.0
201400043839,15,9,14,7,2,94,70,1,1,1,2,RTE DE MANDRES,48.7198,2.56595
201400043840,23,9,14,15,1,94,44,2,2,1,3,BARBUSSE / CLOCHERS,48.754,2.48557
201400043841,25,9,14,8,1,94,71,2,3,1,3,LECLERC / MASSENET,48.779,2.51179
201400043842,30,9,14,0,5,94,48,2,2,1,4,RN19/VALLON,48.7275,2.53934
201400043843,1,1,14,22,5,94,17,2,1,2,3,"52, AV DU 8 MAI 1945",48.8089,2.54096
201400043844,3,1,14,16,1,94,17,2,6,1,6,AV REPUBLIQUE,48.8196,2.51124
201400043845,7,1,14,12,1,94,17,2,2,1,6,BD DU CHATEAU/AV COLOMBE,48.8113,2.54383
201400043846,8,1,14,8,1,94,17,2,2,1,3,AV CARNOT/ R DU MARCHE,48.8117,2.50929
201400043847,10,1,14,15,1,94,17,2,2,1,6,R JEAN JAURES,48.8137,2.51025
201400043848,11,1,14,23,3,94,17,2,1,5,4,"65, AV MARX DORMOY",48.8079,2.52513
201400043849,17,1,14,7,2,94,17,2,1,1,2,"1, PONT DE NOGENT",48.8309,2.49301
201400043850,18,1,14,11,1,94,17,2,1,1,6,PL LENINE,48.8122,2.51004
201400043851,18,1,14,16,1,94,17,2,1,1,1,BD DE STALINGRAD,48.8225,2.49785
201400043852,20,1,14,21,5,94,17,2,1,1,3,153 MAURICE THOREZ,48.8166,2.53869
201400043853,22,1,14,6,5,94,17,2,1,1,4,"29, AV SALVADOR ALLENDE",48.8092,2.54738
201400043854,24,1,14,7,2,94,17,2,1,1,6,AV MAURICE THOREZ,48.8077,2.53583
201400043855,25,1,14,9,1,94,17,2,3,1,6,REPUBLIQUE /ADAMOV,48.8247,2.51001
201400043856,26,1,14,21,5,94,17,2,6,8,3,SALVADOR ALLENDE/R JULES,48.8087,2.54957
201400043857,27,1,14,21,5,94,17,2,2,2,3,R E VARLIN/R E VARLIN,48.8261,2.52115
201400043858,2,2,14,6,5,94,17,2,1,1,1,"47, RUE BOIS L ABBE",48.8107,2.54145
201400043859,2,2,14,23,5,94,17,2,2,1,3,TALAMONI / DUPERTUIS,48.8137,2.51025
201400043860,3,2,14,12,1,94,17,2,1,1,6,"2, R RODIN",48.8055,2.55047
201400043861,4,2,14,10,1,94,17,2,6,1,3,DE LAUNAY / THOREZ,48.8112,2.53645
201400043862,4,2,14,11,1,94,17,2,1,1,6,"42, R DE VERDUN",48.8157,2.48975
201400043863,8,2,14,1,5,94,17,2,2,1,3,TALAMONI / THOMAS,48.8135,2.51128
201400043864,17,2,14,9,1,94,17,2,1,1,6,VLA CHARLES DE GAULLE,48.8221,2.49328
201400043865,17,2,14,15,1,94,17,2,3,1,3,STALINGRAD / ALLIES,48.8296,2.49314
201400043866,28,2,14,9,1,94,17,2,1,2,6,"24, BD JULES GUESDE",48.8181,2.5097
201400043867,2,3,14,16,1,94,17,2,3,1,6,"6, R ALFRED GREVIN",48.8147,2.51892
201400043868,8,3,14,20,5,94,17,2,3,1,3,"83, TALAMONI / A TRAIT",48.8128,2.51415
201400043869,9,3,14,18,2,94,17,2,3,1,6,"10, PL LENINE / L'EGLISE",48.8121,2.51154
201400043870,10,3,14,17,1,94,17,2,1,1,6,"59, R JEAN JAURES",48.8147,2.50768
201400043871,11,3,14,14,1,94,17,2,1,1,6,"9, R JULIEN HEULOT",48.8102,2.53915
201400043872,15,3,14,10,1,94,17,2,3,1,6,"104, AV DE LA REPUBLIQUE",48.8247,2.51001
201400043873,15,3,14,20,5,94,17,2,4,1,4,DORMOY / LARRIS,48.8111,2.51915
201400043874,16,3,14,8,1,94,17,2,1,1,3,"36, BD DE STALINGRAD",48.8177,2.50827
201400043875,18,3,14,13,1,94,17,2,1,1,6,"234, BD DE STALINGRAD",48.8276,2.49416
201400043876,19,3,14,10,1,94,17,2,1,1,6,"10, BD DE STALINGRAD",48.8175,2.50908
201400043877,19,3,14,18,2,94,17,2,1,1,6,"198, GENERAL DE GAULLE",48.8262,2.50496
201400043878,19,3,14,22,4,94,17,2,1,1,4,"64, R LOUIS TALAMONI",48.8125,2.51492
201400043879,20,2,14,17,2,94,17,2,2,2,3,THOREZ / DELAUNAY,48.8117,2.53644
201400043880,21,3,14,12,1,94,17,2,1,1,1,BD DE STALINGRAD,48.8216,2.49903
201400043881,22,3,14,1,5,94,17,2,1,1,3,"46, JEAN JAURES",48.815,2.50666
201400043882,25,3,14,10,1,94,17,2,1,1,3,"37, AV SALVADOR ALLENDE",48.8091,2.54817
201400043883,25,3,14,22,5,94,17,2,1,1,6,R LOUIS TALAMONI,48.8132,2.51251
201400043884,3,4,14,8,1,94,17,2,2,1,1,CHARLES DE GAULLE/MARAI,48.8271,2.51794
201400043885,6,4,14,0,5,94,17,2,2,1,3,DE GAULLE / BIGNON,48.8216,2.48962
201400043886,13,4,14,19,1,94,17,2,6,1,2,MITTERRAND / REPUBLIQUE,48.8162,2.51225
201400043887,15,4,14,16,1,94,17,2,6,1,3,DELAUNAY / THOREZ,48.8117,2.53644
201400043888,16,4,14,18,1,94,17,2,1,1,6,"20, JULIEN HEULOT",48.8095,2.5394
201400043889,18,4,14,17,1,94,17,2,1,1,1,"76, JEAN JAURES",48.8141,2.50912
201400043890,20,4,14,3,5,94,17,2,2,1,3,PONT NOGENT/PONT NOGENT,48.8306,2.49313
201400043891,22,4,14,18,1,94,17,2,3,2,3,FLOQUET / GALLIENI,48.814,2.48054
201400043892,23,4,14,17,1,94,17,2,1,1,6,GERMINAL,48.8235,2.50933
201400043893,26,4,14,13,1,94,17,2,2,2,3,LOUCHEUR / REPUBLIQUE,48.8235,2.51027
201400043894,29,4,14,17,1,94,17,2,3,2,3,"4, SOLOMON / RAMEAU",48.8051,2.547
201400043895,3,5,14,19,1,94,17,2,3,1,3,VERDUN / BERNHARDT,48.8149,2.49462
201400043896,30,4,14,8,1,94,17,2,1,1,6,AV MAURICE THOREZ,48.8104,2.53646
201400043897,11,5,14,16,1,94,17,2,2,2,3,STALINGRAD / BRIAND,48.8217,2.49883
201400043898,13,5,14,20,1,94,17,2,1,1,4,"144, ROGER SALENGRO",48.8163,2.50134
201400043899,16,5,14,19,1,94,17,2,2,1,3,STALINGRAD / BRIAND,48.8217,2.49883
201400043900,19,5,14,19,1,94,17,2,2,1,3,FOURNY / CROIZAT,48.8193,2.52699
201400043901,24,5,14,19,1,94,17,2,4,1,2,AV MARX DORMOY,48.808,2.52491
201400043902,25,5,14,15,1,94,17,2,3,1,2,"174, DE GAULLE / OHRESSE",48.8247,2.50001
201400043903,4,6,14,12,1,94,17,2,6,2,6,MITTERRAND / STALINGRAD,48.8163,2.5118
201400043904,8,6,14,15,1,94,17,2,2,1,6,THOMAS / CHAMPIGNY,48.8108,2.5102
201400043905,10,6,14,17,1,94,17,2,1,1,6,"48, R LOUIS TALAMONI",48.8129,2.51392
201400043906,14,6,14,3,5,94,17,2,2,1,3,DE GAULLE / STALINGRAD,48.8237,2.49643
201400043907,20,6,14,8,1,94,17,2,1,1,3,AV DE LA REPUBLIQUE,48.818,2.51162
201400043908,26,6,14,15,1,94,17,2,2,1,3,SALENGRO / DE GAULLE,48.82,2.48437
201400043909,28,6,14,10,1,94,17,2,1,1,6,R ALEXANDRE FOURNY,48.8188,2.52072
201400043910,30,6,14,15,1,94,17,2,1,1,6,R DE L'EGLISE,48.8124,2.51166
201400043911,3,7,14,7,1,94,17,2,3,1,3,FOURNY / MONNET,48.8193,2.52699
201400043912,6,7,14,18,1,94,17,2,1,2,4,"869, MAURICE THOREZ",48.8104,2.53646
201400043913,18,7,14,16,1,94,17,2,1,1,6,R LOUIS TALAMONI,48.8132,2.51262
201400043914,20,7,14,4,5,94,17,2,3,1,3,SALENGRO / CIMETIERE,48.8163,2.502
201400043915,21,7,14,21,1,94,17,2,2,1,1,SALENGRO / DE GAULLE,48.82,2.48437
201400043916,23,7,14,19,1,94,17,2,1,1,3,AV ROGER SALENGRO,48.8163,2.50166
201400043917,24,7,14,15,1,94,17,2,1,1,6,AV DU GENERAL DE GAULLE,48.8203,2.48478
201400043918,24,7,14,18,1,94,17,2,3,1,6,"89, R JEAN JAURES",48.8139,2.50965
201400043919,30,7,14,18,1,94,17,2,1,1,2,ROGER SALENGRO,48.8178,2.49436
201400043920,3,8,14,0,5,94,17,2,2,2,3,SALENGRO/DE GAULLE,48.8201,2.48467
201400043921,7,8,14,2,5,94,17,1,2,1,2,BRETELLE A4 / DE GAULLE,48.8201,2.484
201400043922,7,8,14,11,1,94,17,2,1,2,3,"480, AV MAURICE THOREZ",48.8138,2.53732
201400043923,14,8,14,18,1,94,17,2,4,1,2,SALENGRO / DE GAULLE,48.8201,2.48467
201400043924,21,8,14,17,1,94,17,2,1,1,4,"869, AV MAURICE THOREZ",48.8104,2.53646
201400043925,25,8,14,18,1,94,17,2,2,1,6,TALAMONI / THOMAS,48.8135,2.51128
201400043926,28,8,14,14,1,94,17,2,2,1,3,TREVISE / VENZAC,48.8113,2.55658
201400043927,1,9,14,13,1,94,17,2,2,1,3,PONT NOGENT/BRETELLE A4,48.8306,2.49313
201400043928,5,9,14,11,1,94,17,2,1,1,3,"53, LOUIS TALAMONI",48.8131,2.513
201400043929,6,9,14,18,2,94,17,2,1,1,3,"123, GENERAL DE GAULLE",48.8239,2.4972
201400043930,9,9,14,17,1,94,17,2,1,1,6,"122, MUSSELBURGH",48.8058,2.52362
201400043931,11,9,14,8,1,94,17,2,1,1,4,"289, GENERAL DE GAULLE",48.8272,2.51701
201400043932,12,9,14,0,4,94,17,2,1,1,1,"268, GENERAL DE GAULLE",48.8271,2.5079
201400043933,18,9,14,8,1,94,17,2,3,1,4,JAURES / BRUN,48.8157,2.50409
201400043934,29,9,14,8,1,94,17,2,1,1,3,"07, R DU BOIS L'ABBE",48.8116,2.53719
201400043935,3,10,14,7,1,94,17,2,1,2,3,"1, GENERAL DE GAULLE (AV",0.0,0.0
201400043936,4,10,14,7,1,94,17,2,2,1,3,ALBERT THOMAS (R),0.0,0.0
201400043937,10,10,14,21,5,94,17,2,1,1,6,LENINE (PL),0.0,0.0
201400043938,16,10,14,20,2,94,17,2,6,2,3,Fran?ois Mitt?rrand (ave,0.0,0.0
201400043939,22,10,14,19,5,94,17,2,1,1,6,MAURICE THOREZ (AV),0.0,0.0
201400043940,23,10,14,14,1,94,17,2,1,1,6,"75, ROGER SALENGRO (AV)",0.0,0.0
201400043941,23,10,14,17,1,94,17,2,2,1,3,ALEXANDRE FOURNY (R),0.0,0.0
201400043942,25,10,14,21,5,94,17,1,1,1,1,"591, MAURICE THOREZ (AV)",0.0,0.0
201400043943,25,10,14,22,5,94,17,2,1,1,3,JULES GUESDE (BD),0.0,0.0
201400043944,27,10,14,11,1,94,17,2,1,1,4,"12, CRETEIL (BD DE)",0.0,0.0
201400043945,3,11,14,6,2,94,17,2,1,1,3,"1, ROGER SALENGRO (AV)",0.0,0.0
201400043946,5,11,14,15,1,94,17,2,1,1,6,LOUIS TALAMONI (R),0.0,0.0
201400043947,15,11,14,13,1,94,17,2,1,1,6,MATISSE (R),0.0,0.0
201400043948,26,11,14,10,1,94,17,2,1,1,2,ALFRED GREVIN (R),0.0,0.0
201400043949,27,11,14,15,1,94,17,2,1,1,6,"2, LOUIS TALAMONI (R)",0.0,0.0
201400043950,1,12,14,17,2,94,17,2,2,2,3,PLESSIS TREVISE (R DU),0.0,0.0
201400043951,6,12,14,18,1,94,17,2,1,1,6,"14, ROGER SALENGRO (AV)",0.0,0.0
201400043952,9,12,14,21,5,94,17,2,6,1,6,"1, JULES GUESDE  (BD)",0.0,0.0
201400043953,10,12,14,10,1,94,17,2,1,2,6,"04, ALBERT THOMAS - PONT",0.0,0.0
201400043954,12,12,14,17,5,94,17,2,2,3,3,"4 bis, LIEUTENANT ANDRE",0.0,0.0
201400043955,21,12,14,19,5,94,17,2,1,1,6,STALINGRAD (BD DE),0.0,0.0
201400043956,25,12,14,21,5,94,17,2,2,1,3,MAURICE THOREZ (AV),0.0,0.0
201400043957,28,12,14,17,2,94,17,2,1,1,3,RODIN (PL),0.0,0.0
201400043958,30,12,14,10,1,94,17,2,1,1,6,"10, PARC (AV DU)",0.0,0.0
201400043959,3,1,14,11,1,94,18,2,2,1,3,AV DE LATTRE DE TASSIGNY,48.8241,2.41993
201400043960,6,1,14,9,1,94,18,2,3,2,1,"76, CARRIERES / BERGERAC",48.82,2.4046
201400043961,8,3,14,4,5,94,18,2,3,1,7,GRAVELLE / GUERIN,48.8248,2.41503
201400043962,31,10,14,21,5,94,69,2,1,1,2,"94, MARECHAL LECLERC (R",0.0,0.0
201400043963,31,1,14,8,1,94,18,2,3,1,3,"76, CARRIERES/BERGERAC",48.82,2.4046
201400043964,10,2,14,11,1,94,18,2,3,1,3,REPUBLIQUE / LABOURET,48.8226,2.41749
201400043965,11,2,14,15,1,94,18,2,1,2,7,"4 BIS, AV DE LA LIBERTE",48.822,2.40242
201400043966,14,2,14,19,5,94,69,2,2,1,3,R DU VAL D'OSNE,48.8201,2.42334
201400043967,3,3,14,13,1,94,69,2,1,2,3,"21, SAINT-MAURICE DU VAL",48.8153,2.46228
201400043968,3,3,14,18,2,94,18,2,3,2,1,PARIS / BORDEAUX,48.8231,2.41122
201400043969,9,3,14,17,1,94,18,2,1,1,3,ILE MARTINET / CARRIERES,48.8181,2.4124
201400043970,11,3,14,21,5,94,18,2,2,1,3,LIBERTE / PASTEUR,48.8238,2.4046
201400043971,23,3,14,2,5,94,18,2,1,1,3,AV DE GRAVELLE,48.8248,2.41045
201400043972,25,3,14,17,1,94,69,2,2,2,1,DU VALAIS/KENNEDY,48.815,2.46302
201400043973,6,4,14,9,1,94,69,1,1,1,6,"56, MARECHAL DE LATTRE",48.8224,2.41975
201400043974,16,4,14,19,1,94,69,2,2,1,3,AGRAVELLE / DECORSE,48.8231,2.43063
201400043975,25,4,14,7,2,94,69,2,2,3,3,CARRIERES/PONT CHARENTON,48.8178,2.41954
201400043976,25,4,14,18,1,94,69,2,3,1,2,CROQUETTE/PONT CHARENTON,48.8173,2.4195
201400043977,26,4,14,15,1,94,18,2,1,2,6,R ARTHUR CROQUETTE,48.8198,2.414
201400043978,6,5,14,8,1,94,18,2,2,2,2,"84, QU CARRIERES/LIBERTE",48.821,2.40151
201400043979,12,5,14,13,1,94,69,2,1,2,3,"07, SAINT MAURICE DU VAL",48.8161,2.46068
201400043980,16,5,14,18,1,94,18,2,2,1,6,"14, LIBERTE / VERDUN",48.8251,2.4061
201400043981,23,5,14,20,1,94,18,2,1,1,6,"28, QU DES CARRIERES",48.8184,2.41139
201400043982,3,6,14,8,1,94,69,2,2,1,2,GRAVELLE / VAL D'OSNE,48.8241,2.42286
201400043983,14,6,14,11,1,94,18,2,2,1,2,CARRIERES / MANDELA,48.821,2.40129
201400043984,27,6,14,12,1,94,18,2,1,1,6,AV DU MARECHAL DE LATTRE,48.8205,2.41958
201400043985,30,6,14,18,1,94,69,2,1,1,6,R DU MARECHAL LECLERC,48.8181,2.42168
201400043986,11,7,14,10,1,94,18,2,3,1,2,HUGO/ELUARD,48.8194,2.41146
201400043987,12,7,14,19,1,94,69,2,1,1,6,R DU MARECHAL LECLERC,48.818,2.42732
201400043988,10,8,14,7,2,94,18,2,1,8,6,R DU CADRAN,48.8203,2.41307
201400043989,22,9,14,17,1,94,69,2,2,1,3,GRAVELLE/VAL D'OSNE,48.8241,2.42286
201400043990,26,9,14,11,1,94,18,2,1,1,6,"3, VLA BERGERAC",48.82,2.40756
201400043991,28,9,14,15,1,94,69,2,1,1,6,"150, MARECHAL LECLERC",48.818,2.44696
201400043992,3,10,14,8,1,94,18,2,2,1,6,PASTEUR (R),0.0,0.0
201400043993,3,10,14,18,1,94,69,2,2,1,3,SAINT MAURICE DU VALAIS,0.0,0.0
201400043994,4,10,14,12,1,94,69,2,1,1,1,"110 bis, MARECHAL LECLER",0.0,0.0
201400043995,8,10,14,13,1,94,18,2,3,1,3,PARIS (R DE),0.0,0.0
201400043996,12,10,14,12,1,94,18,2,1,1,4,"27, REPUBLIQUE (R DE LA)",0.0,0.0
201400043997,13,10,14,18,1,94,69,2,1,1,5,"166, MARECHAL LECLERC (R",0.0,0.0
201400043998,14,10,14,18,1,94,18,2,1,1,6,"face 24, GRAVELLE (AV DE",0.0,0.0
201400043999,17,10,14,8,1,94,18,2,3,8,3,"76, CARRIERES (QU DES)",0.0,0.0
201400044000,21,10,14,8,1,94,18,2,3,1,3,WINSTON CHURCHILL (AV),0.0,0.0
201400044001,27,10,14,9,1,94,18,2,1,8,2,"62, CARRIERES (QU DES)",0.0,0.0
201400044002,3,11,14,18,5,94,69,2,1,3,6,"06, SAINT MAURICE DU VAL",0.0,0.0
201400044003,4,11,14,20,5,94,69,2,3,1,6,"228, MARECHAL LECLERC (R",0.0,0.0
201400044004,7,11,14,10,1,94,18,2,3,8,2,"84, PARIS (R DE)",0.0,0.0
201400044005,9,11,14,17,2,94,18,2,2,8,1,GRAVELLE (AV DE),0.0,0.0
201400044006,11,11,14,16,1,94,69,2,1,1,7,"19, SAINT MAURICE DU VAL",0.0,0.0
201400044007,13,11,14,9,1,94,69,2,1,1,3,"65, MARECHAL LECLERC (R",0.0,0.0
201400044008,13,11,14,23,5,94,69,2,3,1,3,MAURICE GREDAT (R),0.0,0.0
201400044009,16,11,14,9,1,94,18,2,2,2,3,CARRIERES (QU DES),0.0,0.0