Num_Acc,jour,mois,an,hr,condition_eclairage,departement,commune,condition_agglomeration,intersection,condition_atmosphere,type_collision,adresse,lattitude,longitude
201400044010,17,11,14,16,2,94,18,2,2,2,6,"42, GRAVELLE (AV DE)",0.0,0.0
201400044011,17,11,14,18,5,94,18,2,2,2,3,"118, PARIS (R DE)",0.0,0.0
201400044012,18,11,14,7,2,94,69,2,1,2,6,MARECHAL LECLERC (R DU),0.0,0.0
201400044013,17,12,14,21,5,94,18,2,1,2,3,"07, CARRIERES (QU DES)",0.0,0.0
201400044014,18,12,14,17,5,94,18,2,1,1,6,PARIS (R DE),0.0,0.0
201400044015,23,12,14,13,1,94,18,2,1,2,1,PARIS (R DE),0.0,0.0
201400044016,29,12,14,23,5,94,18,2,6,1,3,CARRIERES (QU DES),0.0,0.0
201400044017,1,1,14,1,5,94,19,2,2,2,3,LIBERATION / MOLIERE,48.8027,2.53855
201400044018,2,1,14,22,5,94,79,2,2,1,3,FRIEDBERG / DOBOEUF,48.8328,2.5442
201400044019,3,1,14,14,1,94,55,2,6,1,6,PINCE VENT/CAR PINCE VEN,48.792,2.55507
201400044020,10,1,14,21,5,94,60,2,1,1,3,AV DU  MARECHAL MORTIER,48.7902,2.57585
201400044021,17,1,14,10,1,94,59,2,2,1,6,BERTEAUX/PIERRE,48.8051,2.57228
201400044022,23,1,14,17,5,94,19,2,3,3,3,AV DU MARECHAL LECLERC,48.7963,2.53349
201400044023,25,1,14,17,5,94,17,2,1,1,6,AV BOILEAU,48.8057,2.55407
201400044024,30,1,14,16,1,94,79,2,1,1,6,AV MONTRICHARD,48.831,2.54794
201400044025,30,1,14,18,5,94,55,2,3,1,6,"49, AV WLADIMIR D ORMESS",48.7873,2.54399
201400044026,31,1,14,9,2,94,19,2,1,5,2,RTE DE LA LIBERATION,48.8029,2.53803
201400044027,31,1,14,16,1,94,79,2,2,1,3,LECOMTE/AV DE L'ISLE,48.8292,2.54691
201400044028,2,2,14,10,1,94,59,2,6,1,3,BERTEAUX / DELUBAC,48.8161,2.56187
201400044029,8,2,14,20,5,94,55,2,3,2,3,D'ORMESSON / DRIANT,48.7813,2.52979
201400044030,9,2,14,21,5,94,60,2,3,1,3,SEGONZAC/MAI 1945,48.7886,2.57524
201400044031,10,2,14,19,5,94,79,2,3,1,2,JEAN MONNET/ NAIADES,48.8332,2.53542
201400044032,16,2,14,8,1,94,19,2,4,1,1,LIBERATION /GEORGES,48.8017,2.54012
201400044033,6,3,14,19,5,94,55,2,1,1,2,"85, RTE DE PROVINS",48.7935,2.55466
201400044034,9,3,14,12,1,94,59,2,1,1,2,"7, AV SAINT-PIERRE",48.8066,2.57467
201400044035,9,3,14,16,1,94,55,2,3,1,3,AV O D'ORMESSON/COTEAUX,48.7808,2.52588
201400044036,10,3,14,9,1,94,79,2,2,1,6,"48, DE GAULLE / DEBAIZE",48.8274,2.5423
201400044037,13,3,14,12,1,94,79,2,2,7,6,LECOMTE/11 NOVEMBRE 1918,48.83,2.54485
201400044038,14,3,14,18,5,94,19,2,6,1,6,AV DU MOULIN A VENT,48.7868,2.53059
201400044039,15,3,14,12,1,94,59,2,1,1,3,"65, AV DE COMBAULT",48.8044,2.58926
201400044040,23,3,14,22,5,94,60,2,2,1,3,DE GAULLE / NOISEAU,48.7819,2.57019
201400044041,27,3,14,21,5,94,55,2,3,1,3,CENTRE / D'AMBOILE,48.7865,2.53077
201400044042,28,3,14,19,5,94,79,2,2,1,3,CHAMPIGNY / PROFESSEUR R,48.8255,2.53523
201400044043,4,4,14,6,3,94,79,2,6,1,3,ROUY / PERROQUETS,48.8235,2.54491
201400044044,4,4,14,17,1,94,60,2,1,8,6,"31, GENERAL DE GAULLE",48.7802,2.57685
201400044045,14,4,14,17,1,94,19,2,6,1,3,L'HIPPODROME / PINCE VEN,48.7937,2.55914
201400044046,19,4,14,19,1,94,79,2,3,1,3,PARIS / PLATANES,48.829,2.55517
201400044047,22,4,14,17,1,94,55,2,1,3,3,"99, GENERAL DE GAULLE",48.7905,2.53425
201400044048,9,5,14,15,1,94,53,1,1,1,5,RTE DE LA QUEUE-EN-BRIE,48.7812,2.56346
201400044049,26,4,14,20,5,94,60,2,3,2,4,DE GAULLE / LA POMPE,48.7797,2.58045
201400044050,10,5,14,2,5,94,19,2,2,1,3,LIBERATION / COEUILLY,48.8027,2.53855
201400044051,16,5,14,20,2,94,19,2,4,1,1,"40, SUCY / CASENAVE",48.7876,2.52065
201400044052,22,5,14,18,1,94,19,2,3,1,4,"2, AV CHAMPLAIN",48.7989,2.55895
201400044053,26,5,14,15,1,94,79,2,2,2,3,LAFON / NOISY,48.8323,2.5449
201400044054,26,5,14,16,1,94,60,1,1,2,2,RTE DE NOISEAU,48.7816,2.56768
201400044055,26,5,14,17,1,94,55,2,1,1,4,"81, RTE DE PROVINS",48.7929,2.55391
201400044056,31,5,14,16,1,94,19,2,3,1,6,BORDES / ADER,48.7983,2.55373
201400044057,6,6,14,18,1,94,79,2,2,1,3,CLAUDEL / 8 MAI 1945,48.8293,2.55088
201400044058,11,6,14,19,1,94,59,2,3,1,3,MARECHALE / LAMARTINE,48.8135,2.57206
201400044059,12,6,14,12,1,94,19,2,2,1,6,BRIAND / VIEJO,48.8052,2.53205
201400044060,13,6,14,19,1,94,79,2,1,1,3,AV ANDRE ROUY,48.8228,2.55007
201400044061,13,6,14,19,1,94,79,2,2,1,3,MOUSQUETAIRES / COMBAULT,48.8228,2.55958
201400044062,14,6,14,12,1,94,79,2,3,1,2,GALLIENI / CLOSEAU,48.825,2.54068
201400044063,21,6,14,10,1,94,79,2,1,1,1,R DU DOCTEUR FILLIOUX,48.8235,2.55322
201400044064,21,6,14,11,1,94,55,2,2,1,3,CANTOUX / CASANOVA,48.7907,2.54916
201400044065,22,6,14,19,1,94,79,2,2,1,3,MONNET / FRIEDBERG,48.835,2.54715
201400044066,25,6,14,17,1,94,19,2,6,1,3,8 MAI 1945 / LIBERATION,48.8052,2.53205
201400044067,29,6,14,1,5,94,60,2,1,2,1,R DU GENERAL DE GAULLE,48.7804,2.57572
201400044068,3,7,14,20,2,94,19,2,1,1,6,RTE DE LA LIBERATION,48.8051,2.53439
201400044069,4,7,14,17,1,94,55,2,3,1,3,D'ORMESSON / CENTRE,48.7809,2.52418
201400044070,6,7,14,11,1,94,60,1,1,3,6,R DU GENERAL DE GAULLE,48.7789,2.58494
201400044071,19,7,14,12,1,94,55,2,3,1,3,CENTRE / DRIANT,48.7847,2.52785
201400044072,25,7,14,19,1,94,19,2,1,1,4,R DU PONT,48.7954,2.52898
201400044073,28,7,14,17,1,94,19,2,3,1,3,BRIAND/PLAINE,48.797,2.53357
201400044074,7,8,14,19,2,94,53,2,3,1,2,MENDES / CARNOT,48.7768,2.55106
201400044075,8,8,14,20,1,94,79,2,3,2,6,FRIEDBERG / JARDINS,48.831,2.54052
201400044076,11,8,14,15,1,94,59,2,2,1,3,BLANCHE / VILLIERS,48.8181,2.55838
201400044077,13,8,14,1,5,94,55,2,1,1,6,"220, AV O D'ORMESSON",48.7848,2.53808
201400044078,27,8,14,9,1,94,59,2,5,1,3,SAINT PIERRE / DE GAULLE,48.8084,2.57754
201400044079,28,8,14,19,1,94,53,1,1,1,5,"24, QUEUE-EN-BRIE",48.7792,2.55699
201400044080,29,8,14,22,5,94,79,2,2,1,2,FRIEDBERG / LAFON,48.8328,2.5442
201400044081,30,8,14,18,1,94,79,2,1,1,6,AV ANDRE ROUY,48.823,2.54917
201400044082,4,9,14,8,1,94,55,2,3,1,3,D ORMESSON / 2 COMMUNES,48.7809,2.51956
201400044083,10,9,14,21,5,94,60,2,2,1,3,DE  GAULE / JAURES,48.78,2.5781
201400044084,12,9,14,18,1,94,19,2,6,1,3,CHATEAUBRIAN / DESCARTES,48.7991,2.54084
201400044085,19,9,14,7,1,94,55,2,2,1,3,CANTOUX / PERDRIX,48.7906,2.55007
201400044086,26,9,14,16,1,94,60,2,1,1,3,GEORGES POMPIDOU,48.7936,2.56661
201400044087,2,10,14,11,1,94,79,2,1,1,3,"26, GENERAL DE GAULLE (R",0.0,0.0
201400044088,2,10,14,14,1,94,59,2,4,1,3,GONZALVE (AV),0.0,0.0
201400044089,3,10,14,12,1,94,79,2,1,1,6,"55, ANDRE ROUY (R)",0.0,0.0
201400044090,13,10,14,16,1,94,19,2,1,1,3,FUSILLES DE CHATEAUBRIAN,0.0,0.0
201400044091,14,10,14,18,1,94,79,2,2,1,6,"12, MAURICE BERTEAUX (R)",0.0,0.0
201400044092,16,10,14,13,1,94,53,2,1,8,6,"9, LEON BLUM (R)",0.0,0.0
201400044093,18,10,14,19,5,94,19,2,1,1,6,"23, REPUBLIQUE (R DE LA)",0.0,0.0
201400044094,21,10,14,6,2,94,55,2,2,1,1,"13, PROVINS (RTE DE)",0.0,0.0
201400044095,1,11,14,6,1,94,60,2,2,1,3,GENERAL DE GAULLE (R DU),0.0,0.0
201400044096,4,11,14,9,1,94,19,2,2,8,6,DOCTEUR BRING (R DU),0.0,0.0
201400044097,4,11,14,15,1,94,60,2,1,1,2,DUNOYER DE SEGONZAC (R),0.0,0.0
201400044098,15,11,14,23,5,94,60,2,1,1,7,"5-7-9, PIERRE DE COUBERT",0.0,0.0
201400044099,16,11,14,11,1,94,59,2,1,2,6,"73, MAURICE BERTEAUX (AV",0.0,0.0
201400044100,12,11,14,11,1,94,53,2,1,1,2,"46, GRANDE RUE PIERRE ME",0.0,0.0
201400044101,13,11,14,18,2,94,19,2,5,1,3,LIBERATION (RTE DE LA),0.0,0.0
201400044102,13,11,14,21,5,94,60,2,5,1,3,POMPIDOU/PEGUY,0.0,0.0
201400044103,16,11,14,17,2,94,19,2,1,9,6,L'HIPPODROME (AV DE),0.0,0.0
201400044104,20,11,14,8,1,94,79,2,1,1,6,GALLET (R),0.0,0.0
201400044105,26,11,14,17,2,94,19,2,1,1,6,RABELAIS (R),0.0,0.0
201400044106,26,11,14,19,2,94,79,2,6,2,6,BRY (RTE DE),0.0,0.0
201400044107,28,11,14,10,1,94,19,2,1,1,6,JULES VIEJO (R),0.0,0.0
201400044108,30,11,14,13,1,94,19,2,1,1,6,CLEMENT ADER (R),0.0,0.0
201400044109,23,11,14,10,1,94,55,2,1,1,1,"122, OLIVIER D ORMESSON",0.0,0.0
201400044110,5,11,14,8,1,94,19,2,2,1,6,GENERAL DE GAULLE (R DU),0.0,0.0
201400044111,5,12,14,14,1,94,79,2,1,1,6,"29, FRIEDBERG (BD DE)",0.0,0.0
201400044112,5,12,14,14,1,94,19,2,1,1,6,BORDES (R DES),0.0,0.0
201400044113,10,12,14,17,2,94,79,2,1,2,6,"51, ANDRE ROUY (R)",0.0,0.0
201400044114,11,12,14,6,5,94,79,2,2,8,3,CHENNEVIERES (R DE),0.0,0.0
201400044115,12,12,14,18,5,94,55,2,3,2,6,BIRAGUE (R DE),0.0,0.0
201400044116,13,12,14,12,1,94,79,2,1,2,6,GENERAL DE GAULLE (R DU),0.0,0.0
201400044117,16,12,14,12,1,94,79,2,1,8,6,MOUSQUETAIRES (AV DES),0.0,0.0
201400044118,18,12,14,11,1,94,79,2,1,2,6,JEAN MONNET (BD),0.0,0.0
201400044119,20,12,14,17,2,94,55,2,1,2,5,WLADIMIR D ORMESSON (AV),0.0,0.0
201400044120,26,12,14,20,5,94,55,2,1,2,2,WLADIMIR D ORMESSON (AV),0.0,0.0
201400044121,24,12,14,18,5,94,60,2,5,2,6,DUNOYER DE SEGONZAC (R),0.0,0.0
201400044122,18,4,14,23,5,94,54,2,2,1,5,VICTOIRE / BARBUSSE,48.7451,2.38857
201400044123,19,4,14,7,1,94,22,2,1,1,6,VILLENEUVE SAINT-GEORGES,48.7589,2.42334
201400044124,30,12,14,11,1,94,22,2,1,1,2,"31, ALLIES (BD DES)",0.0,0.0
201400044125,20,4,14,18,1,94,22,2,6,1,3,MARECHAL / LECLERC,48.7613,2.40324
201400044126,11,2,14,16,1,94,54,2,3,2,3,NUNGESSER/ BARBUSSE,48.7402,2.38877
201400044127,6,1,14,11,1,94,22,2,1,1,6,"103, R MIRABEAU",48.7638,2.42154
201400044128,24,4,14,3,5,94,22,2,2,1,6,HUGO / D'ALSACE LORRAINE,48.7687,2.42064
201400044129,25,4,14,12,1,94,22,2,3,2,6,ANATOLE / ALPHONSE BRAUL,48.7615,2.41123
201400044130,26,4,14,13,1,94,54,1,3,2,3,BAS MARIN / MAILLARD,48.7476,2.38928
201400044131,16,8,14,13,1,94,73,2,3,1,6,STALINGRAD/A86,48.7728,2.40001
201400044132,10,12,14,7,2,94,54,2,2,2,6,"75, MARTYRS DE CHATEAUBR",0.0,0.0
201400044133,10,12,14,18,3,94,54,2,1,2,2,"face 31, ONZE NOVEMBRE 1",0.0,0.0
201400044134,13,1,14,19,5,94,73,2,1,2,4,"10,BD DE STALINGRAD",48.7674,2.40349
201400044135,11,12,14,16,2,94,22,2,9,2,6,"4, JEAN JAURES (R)",0.0,0.0
201400044136,17,1,14,7,2,94,22,2,2,1,3,AV DE NEWBURN/AV RONDU,48.7576,2.40998
201400044137,22,5,14,15,1,94,22,2,2,1,3,HUGO / LORRAINE,48.7687,2.42064
201400044138,4,5,14,13,1,94,22,2,1,1,6,"6/8, AV VICTOR HUGO",48.7669,2.41545
201400044139,13,4,14,1,5,94,22,2,1,1,2,"15, AV D'ALFORTVILLE",48.7684,2.41382
201400044140,26,8,14,15,1,94,54,2,1,1,6,"8, FER A CHEVAL",48.7446,2.40815
201400044141,17,12,14,19,5,94,22,2,1,2,3,"02, STALINGRAD (BD DE)",0.0,0.0
201400044142,20,6,14,19,1,94,54,2,5,1,6,CHATEAUBRIANT / CHEVAL,48.7449,2.40764
201400044143,6,5,14,17,1,94,54,2,6,1,6,RAYNAL / CHEVAL,48.7447,2.40753
201400044144,7,5,14,16,1,94,54,2,2,2,3,BAS MARIN / OLIVIERS,48.7495,2.38923
201400044145,22,1,14,12,1,94,22,2,2,1,6,VICTOR HUGO/L'EPARGNE,48.7693,2.42225
201400044146,20,12,14,6,5,94,22,2,2,1,3,REPUBLIQUE (AV DE LA),0.0,0.0
201400044147,22,1,14,17,5,94,22,2,1,2,6,CHE DES VACHES,48.7652,2.43297
201400044148,23,1,14,9,1,94,22,2,3,1,6,R JEAN JAURES,48.7635,2.40313
201400044149,22,12,14,7,2,94,22,2,3,1,3,VINGT CINQ AOUT 1944 (AV,0.0,0.0
201400044150,1,8,14,18,1,94,22,2,3,1,3,RONDU / BLUM,48.7581,2.41168
201400044151,6,8,14,22,5,94,22,2,3,9,6,GUYNEMER / GONDOLES,48.7611,2.41697
201400044152,25,12,14,6,5,94,22,2,1,1,3,PABLO PICASSO (AV),0.0,0.0
201400044153,6,5,14,19,1,94,22,2,2,1,6,NEWBURN / FOUR,48.7549,2.41155
201400044154,4,9,14,8,1,94,22,2,1,1,6,"18, GAMBETTA",48.7634,2.40186
201400044155,28,12,14,9,1,94,54,2,1,1,7,KEFIR (R DU),0.0,0.0
201400044156,15,9,14,11,1,94,22,2,1,1,6,AV VICTOR HUGO,48.7705,2.42666
201400044157,28,12,14,17,5,94,22,2,2,1,3,STALINGRAD (BD DE),0.0,0.0
201400044158,5,9,14,11,1,94,22,2,3,1,6,ROSES / L'EPINETTE,48.7721,2.40666
201400044159,5,9,14,19,1,94,22,2,3,1,3,LECLERC / TASSIGNY,48.7613,2.40324
201400044160,29,12,14,20,5,94,54,2,3,2,1,"54, ADRIEN RAYNAL (AV)",0.0,0.0
201400044161,26,9,14,9,1,94,22,2,2,1,3,LUGO / ROUX,48.7715,2.40905
201400044162,27,9,14,12,1,94,73,1,2,1,2,BD DE STALINGRAD/A86,48.7727,2.40008
201400044163,16,5,14,15,1,94,54,2,1,1,3,"26, R JEAN JAURES",48.7497,2.40395
201400044164,17,5,14,15,1,94,54,2,1,1,6,"25, R JEAN MERMOZ",48.7505,2.41376
201400044165,23,10,14,12,1,94,54,2,2,8,3,ADRIEN RAYNAL (AV),0.0,0.0
201400044166,20,5,14,15,1,94,54,2,6,2,6,"5, CHATEAUBRIANT / RAYNA",48.7449,2.40764
201400044167,1,12,14,5,5,94,22,2,1,2,6,"100, ALFORTVILLE (AV D)",0.0,0.0
201400044168,7,2,14,12,1,94,22,2,3,1,6,"31, BD DES ALLIES",48.7664,2.40407
201400044169,27,5,14,17,1,94,22,2,1,1,6,AV VICTOR HUGO,48.7678,2.41667
201400044170,19,9,14,18,1,94,22,2,1,1,3,"5, ALLIES",48.7647,2.40515
201400044171,16,2,14,12,1,94,22,2,1,1,3,"126, BD DE STALINGRAD",48.7742,2.39903
201400044172,25,9,14,12,1,94,22,2,1,1,6,"20, VICTOR HUGO",48.7674,2.41643
201400044173,20,2,14,21,5,94,73,2,2,1,3,BD DE STALINGRAD,48.7728,2.40001
201400044174,1,10,14,16,1,94,22,2,1,1,4,"50, VICTOR HUGO (AV)",0.0,0.0
201400044175,1,10,14,17,1,94,22,2,3,1,3,"21, ALFORTVILLE (AV D)",0.0,0.0
201400044176,24,2,14,8,1,94,54,2,3,1,2,BAS MARIN/ CHARLES TILLO,48.7462,2.38251
201400044177,10,6,14,19,1,94,22,2,2,1,6,GAMBETTA / ALLIES,48.7644,2.40536
201400044178,3,10,14,13,1,94,22,2,1,1,6,"96, VILLENEUVE ST GEORGE",0.0,0.0
201400044179,4,10,14,16,1,94,22,2,1,1,5,"06, ALFORTVILLE (AV D)",0.0,0.0
201400044180,27,2,14,15,1,94,22,1,2,3,2,A86/LUGO,48.7734,2.40927
201400044181,28,2,14,10,1,94,73,2,3,8,2,STALINGRAD/STALINGRAD,48.7728,2.40001
201400044182,8,10,14,22,5,94,54,2,3,3,3,"170 TER, MARTYRS DE CHAT",0.0,0.0
201400044183,11,2,14,15,1,94,22,2,2,1,6,"02, AV GAMBETTA",48.7644,2.40536
201400044184,17,6,14,14,1,94,22,2,3,1,3,GOURDAULT / LECLERC,48.7624,2.40668
201400044185,10,10,14,13,1,94,54,2,3,1,1,"2, SAULES (VOI DES)",0.0,0.0
201400044186,11,10,14,12,1,94,54,2,1,8,6,FER A CHEVAL (R DU),0.0,0.0
201400044187,5,3,14,16,1,94,78,2,2,1,3,CARNOT / JANIN,48.733,2.45064
201400044188,7,3,14,11,1,94,54,2,3,1,3,SAULES / ADER,48.7462,2.41311
201400044189,14,10,14,17,1,94,22,2,1,1,7,"2, GAMBETTA (AV)",0.0,0.0
201400044190,21,6,14,16,1,94,22,2,3,1,6,ANATOLE / 8 MAI 1945,48.7644,2.40996
201400044191,22,6,14,21,1,94,54,2,1,1,3,VOI DES SAULES,48.7457,2.41048
201400044192,16,10,14,9,1,94,22,2,2,1,3,"90, ANATOLE FRANCE (AV)",0.0,0.0
201400044193,8,3,14,20,5,94,54,2,6,1,3,CALMETTE / RAYNAL,48.7449,2.40787
201400044194,23,6,14,18,1,94,54,2,3,1,3,CHATEAUBRIANT / VICTOIRE,48.7468,2.40713
201400044195,11,3,14,16,1,94,22,2,2,1,6,ANATOLE FRANCE / POSTE,48.7646,2.40984
201400044196,20,10,14,20,3,94,22,1,1,8,3,"9, LEON GOURDAULT (AV)",0.0,0.0
201400044197,16,3,14,13,1,94,22,2,2,1,3,ALFORTVILLE / MARRONNIER,48.7742,2.41535
201400044198,2,7,14,17,1,94,54,2,2,1,6,SAULES / MERMOZ,48.7476,2.41784
201400044199,19,3,14,8,1,94,22,2,3,1,6,ANATOLE FRANCE / JAURES,48.7655,2.40925
201400044200,3,7,14,20,1,94,73,2,1,1,3,"39, TASSIGNY",48.7588,2.40394
201400044201,7,7,14,19,1,94,22,2,1,2,3,AV DE LUGO,48.7698,2.40882
201400044202,23,3,14,20,5,94,54,2,1,1,3,MARTYRS DE CHATEAUBRIANT,48.7504,2.40626
201400044203,6,11,14,10,1,94,22,2,1,1,3,"16, JEAN JAURES (R)",0.0,0.0
201400044204,7,11,14,12,1,94,22,2,1,1,3,JULES GUESDE (QU),0.0,0.0
201400044205,12,11,14,17,4,94,54,2,2,1,3,VICTOIRE (AV DE LA),0.0,0.0
201400044206,22,7,14,8,1,94,54,2,1,1,3,R DU VERGER,48.7443,2.40067
201400044207,15,11,14,9,1,94,54,2,3,2,6,"85, MARTYRS DE CHATEAUBR",0.0,0.0
201400044208,26,7,14,17,1,94,22,2,1,1,6,"53/55, R DU DOCTEUR ROUX",48.7709,2.40297
201400044209,14,4,14,14,1,94,22,2,1,1,2,"39, AV DE LUGO",48.7696,2.40881
201400044210,1,8,14,12,1,94,22,2,2,1,6,HUGO / JEROME,48.7679,2.41737
201400044211,2,1,14,14,1,94,28,2,3,1,3,VLA / R SAINT-SIMON,48.7931,2.45009
201400044212,14,1,14,20,5,94,28,2,2,1,6,R ALFRED THOMEREAU,48.7964,2.45763
201400044213,13,1,14,8,5,94,28,2,2,1,6,BROSSOLETTE/DE JOLY,48.7907,2.46289
201400044214,15,1,14,6,5,94,28,2,3,1,2,QU DE HALAGE/AV LAFERRIE,48.8051,2.46646
201400044215,19,1,14,11,1,94,28,2,1,1,6,RTE DE CHOISY,48.7751,2.43983
201400044216,21,1,14,15,1,94,11,2,1,1,3,"0, R PIERRE SEMARD",48.7624,2.4757
201400044217,22,1,14,17,5,94,28,2,1,1,6,CHE DE LA POMPADOUR,48.7663,2.47405
201400044218,27,1,14,15,1,94,11,2,1,1,6,"07, R GABRIEL PERI",48.768,2.4855
201400044219,3,2,14,8,1,94,28,2,1,1,5,"9, AV FRANCOIS MITTERRAN",48.7701,2.46227
201400044220,1,2,14,22,5,94,28,2,1,1,6,RTE DE CHOISY,48.7834,2.44697
201400044221,6,2,14,8,1,94,11,2,1,1,2,AV DE BOISSY,48.7613,2.49681
201400044222,8,2,14,11,1,94,28,2,3,2,6,AV SAINTE-MARIE,48.7976,2.464
201400044223,8,2,14,15,1,94,28,2,3,1,6,R NEUVE / TASSIGNY,48.7998,2.45218
201400044224,8,2,14,17,2,94,11,2,3,1,6,AV DU BICENTENAIRE 1789-,48.7662,2.48998
201400044225,11,2,14,21,3,94,28,2,3,1,7,AV LAFERRIERE,48.8001,2.45581
201400044226,12,2,14,19,5,94,28,2,3,2,6,MAURIAC / COURTOIS,48.7854,2.45282
201400044227,14,2,14,7,5,94,11,2,1,1,3,"1, R PIERRE SEMARD",48.76,2.48017
201400044228,14,2,14,14,1,94,28,2,2,1,1,SAVAR / GABRIEL PERI,48.7878,2.46212
201400044229,19,2,14,11,1,94,28,2,5,1,2,R DE L'ECHAT/ EIFFEL,48.7994,2.45092
201400044230,25,2,14,9,1,94,28,2,1,1,2,GRANDJEAN,48.7976,2.45825
201400044231,25,2,14,11,1,94,28,2,1,2,6,R CLAUDE PERRAULT,48.7782,2.46475
201400044232,25,2,14,22,5,94,11,2,4,1,3,"22, PARIS / HUGO",48.7758,2.48012
201400044233,26,2,14,18,5,94,28,2,2,1,3,R SULLY / SARRAZINS,48.7681,2.47283
201400044234,27,2,14,11,1,94,11,2,1,2,2,AV DE BOISSY,48.7678,2.48833
201400044235,3,3,14,13,1,94,74,2,1,2,5,R SAUSSAIE DU BAN,48.7651,2.46343
201400044236,27,2,14,17,2,94,28,2,1,2,3,R DE L'ECHAT,48.7991,2.4529
201400044237,12,3,14,18,1,94,28,2,1,1,2,LIBERATION / CRETEIL SOL,48.7784,2.45829
201400044238,14,3,14,16,1,94,28,2,1,1,6,AV DU CHEMIN DE MESLY,48.7838,2.45984
201400044239,18,3,14,8,1,94,28,2,2,1,6,SAVAR / ARCOS,48.7779,2.46676
201400044240,17,3,14,10,1,94,68,2,2,1,3,BERANGER / BLANC,48.7921,2.49709
201400044241,20,3,14,9,1,94,28,2,3,1,3,BROSSOLETTE / BRIE,48.7904,2.4634
201400044242,24,3,14,3,5,94,28,2,3,1,6,TASSIGNY / LAFERRIERE,48.799,2.45343
201400044243,21,3,14,17,1,94,28,2,3,1,3,DE GAULLE / GONCOURT,48.784,2.45172
201400044244,22,3,14,16,1,94,28,2,3,1,3,DUVAUCHELLE / OUDRY,48.7695,2.46032
201400044245,25,3,14,11,1,94,28,2,1,1,2,MARECHAL DE LATTRE,48.7975,2.45627
201400044246,26,3,14,11,1,94,28,2,1,1,3,AV DU GENERAL DE GAULLE,48.7786,2.45793
201400044247,29,3,14,16,1,94,11,2,6,1,2,CAR DE GAULLE/BOISSY,48.7682,2.48795
201400044248,30,3,14,23,5,94,28,2,6,1,7,CAR POMPADOUR,48.7746,2.43934
201400044249,31,3,14,13,1,94,28,2,1,1,6,RTE DE CHOISY / CD1,48.7875,2.4507
201400044250,3,4,14,8,1,94,28,1,3,1,6,AV TASSIGNY / A86,48.8017,2.44864
201400044251,3,4,14,13,1,94,28,2,1,1,6,"31, SQ DES GRIFFONS",48.7718,2.46006
201400044252,6,4,14,15,1,94,28,2,1,1,6,RTE DE CHOISY,48.7825,2.44633
201400044253,9,4,14,14,1,94,28,2,1,1,1,AV DE VERDUN,48.798,2.46455
201400044254,11,4,14,12,1,94,28,2,1,1,6,RTE DE CHOISY,48.7898,2.45255
201400044255,16,4,14,17,1,94,11,2,2,1,3,ROSTAND / MOULIN,48.7668,2.48421
201400044256,15,4,14,8,1,94,11,2,1,7,6,AV JEAN ROSTAND,48.7675,2.48561
201400044257,15,4,14,8,1,94,11,2,2,1,2,STAINS/MOULIN BATEAU,48.7823,2.49514
201400044258,15,4,14,10,1,94,28,2,1,1,6,AV DU DOCTEUR PAUL CASAL,48.7801,2.46624
201400044259,19,4,14,12,1,94,11,2,2,1,4,DE GAULLE / AV RHIN ET D,48.7685,2.48811
201400044260,19,4,14,5,5,94,28,2,3,1,6,ECHAT/LAFERRIERE,48.799,2.45343
201400044261,23,4,14,15,1,94,11,2,3,1,1,RHIN ET DANUBE / 19 MARS,48.7731,2.49053
201400044262,25,4,14,12,1,94,28,2,1,1,6,"57, R DE MESLY",48.7895,2.46126
201400044263,27,4,14,16,1,94,11,2,6,1,6,P SEMARD/P SEMARD,48.763,2.47949
201400044264,26,4,14,19,1,94,11,2,1,1,2,R PIERRE SEMARD,48.7585,2.48147
201400044265,7,5,14,12,1,94,28,2,1,1,6,"02, AV DE LA HABETTE",48.7738,2.46326
201400044266,9,5,14,16,1,94,28,2,1,1,5,TASSIGNY,48.8016,2.44876
201400044267,16,5,14,17,1,94,28,2,3,1,2,"24, MESLY / D'ORVES",48.7913,2.46041
201400044268,17,5,14,14,1,94,28,2,3,1,2,"35, PARIS / PETIT PARC",48.7947,2.4597
201400044269,18,5,14,19,1,94,28,2,1,1,6,BASE DE LOISIRS,48.7807,2.44556
201400044270,23,5,14,6,1,94,28,2,3,1,6,AV LA POMPADOUR/BOEUFS,48.773,2.43482
201400044271,7,5,14,8,1,94,28,2,1,1,2,RTE DE CHOISY,48.7838,2.44709
201400044272,27,5,14,8,1,94,28,2,6,1,3,CAR POMPADOUR,48.7746,2.43934
201400044273,1,6,14,17,1,94,11,2,2,1,3,STAINS / BATEAU,48.7823,2.49514
201400044274,3,6,14,21,3,94,11,2,1,1,6,RTE DE STAINS,48.7802,2.49307
201400044275,1,6,14,15,1,94,11,2,3,1,2,CHOISY / ROUX,48.7702,2.47616
201400044276,4,6,14,13,1,94,28,2,1,1,2,R PASTEUR VALLERY RADOT,48.7894,2.44375
201400044277,7,6,14,22,5,94,28,2,1,1,6,RTE DE CHOISY,48.7777,2.44186
201400044278,10,6,14,8,1,94,28,2,1,1,2,"8, AV DU MARECHAL FOCH",48.7724,2.4399