Num_Acc,jour,mois,an,hr,condition_eclairage,departement,commune,condition_agglomeration,intersection,condition_atmosphere,type_collision,adresse,lattitude,longitude
201400044279,12,6,14,18,1,94,28,2,3,1,3,CHOISY / PORTE DES CHAMP,48.7877,2.45059
201400044280,12,6,14,12,1,94,28,2,1,1,3,RTE DE CHOISY,48.7846,2.44815
201400044281,12,6,14,11,1,94,28,2,1,1,6,AV DE LA POMPADOUR,48.7726,2.43371
201400044282,12,6,14,9,1,94,28,2,2,1,6,POMPADOUR/BOEUFS,48.773,2.43498
201400044283,13,6,14,13,1,94,28,2,1,1,2,AV DU GENERAL DE GAULLE,48.7833,2.45295
201400044284,13,6,14,11,1,94,28,2,1,1,2,IMP CHERET,48.8056,2.45882
201400044285,22,6,14,18,1,94,11,2,3,1,2,ARMEE FRANCAI /19 MARS,48.7731,2.49053
201400044286,23,6,14,9,1,94,28,2,2,1,6,L'EGLISE / VERDUN,48.7938,2.46114
201400044287,23,6,14,17,1,94,28,2,3,1,2,VERDUN / SAINTE-MARIE,48.7974,2.46428
201400044288,20,6,14,17,1,94,28,2,1,1,2,IMP DES MARAIS,48.7794,2.43138
201400044289,24,6,14,14,1,94,11,2,1,1,5,AV DE BOISSY,48.7617,2.49594
201400044290,25,6,14,16,1,94,68,2,1,1,2,RTE DE STAINS,48.7844,2.4952
201400044291,25,6,14,12,1,94,28,2,1,1,6,AV DU GENERAL DE GAULLE,48.7894,2.44536
201400044292,25,6,14,22,3,94,28,2,2,1,3,BROSSOLETTE / D'ORVES,48.7916,2.46199
201400044293,26,6,14,9,1,94,28,2,1,1,3,CHE DES MARAIS,48.7766,2.42983
201400044294,27,6,14,20,1,94,11,2,1,1,3,AV DE BOISSY,48.7626,2.49467
201400044295,29,6,14,5,2,94,28,2,3,1,3,HALPERN / CROIX DES MECH,48.7861,2.45591
201400044296,27,6,14,11,1,94,28,2,1,1,3,AV DU MARECHAL FOCH,48.7808,2.43754
201400044297,17,6,14,13,1,94,28,2,3,1,6,SAVAR / MARCHE,48.7815,2.46484
201400044298,3,7,14,16,1,94,28,2,1,1,2,IMP PASTEUR VALLERY RADO,48.787,2.44177
201400044299,3,7,14,9,1,94,28,2,1,2,2,AV DE VERDUN,48.7995,2.46718
201400044300,4,7,14,16,1,94,28,2,4,1,5,UTRILLO/MATISSE,48.7825,2.45985
201400044301,15,7,14,15,1,94,11,2,3,1,3,LECLERC / GROSS,48.7738,2.4875
201400044302,16,7,14,17,1,94,28,2,3,1,2,OUDRY / FALKIRK,48.7712,2.46121
201400044303,16,7,14,19,1,94,28,2,3,1,6,AV HABETTE /  PL HABETTE,48.7744,2.46859
201400044304,18,7,14,14,1,94,28,2,1,1,3,AV DU GENERAL DE GAULLE,48.7927,2.44637
201400044305,26,7,14,20,1,94,28,2,3,1,6,DE BRIE / GABRIELLE,48.7848,2.46974
201400044306,1,8,14,17,1,94,28,2,2,1,6,CHOISY / HALPERN,48.7826,2.45829
201400044307,6,8,14,20,1,94,28,2,1,2,6,AV BERNARD HALPERN,48.7847,2.45844
201400044308,10,8,14,12,1,94,28,2,3,3,6,PERI / LACHARRIERE,48.7883,2.46396
201400044309,18,8,14,20,1,94,28,2,3,1,1,BILLOTTE / MOLOISE,48.774,2.45772
201400044310,23,8,14,11,1,94,28,2,1,1,1,RTE DE CHOISY,48.7886,2.45132
201400044311,26,8,14,11,1,94,28,2,1,1,4,"2, R HENRI MATISSE",48.7826,2.4613
201400044312,7,9,14,19,5,94,28,2,2,1,6,HABETTE / TERRAY,48.7743,2.46757
201400044313,12,9,14,14,1,94,28,2,1,1,6,AV DE LA FRANCE LIBRE,48.7804,2.45503
201400044314,11,9,14,16,1,94,28,2,2,1,6,MECHES / BROSSOLETTE,48.7936,2.46103
201400044315,13,9,14,14,1,94,28,2,2,1,2,FOCH/MALFOURCHES,48.7802,2.4377
201400044316,18,9,14,18,1,94,28,2,3,1,3,TASSIGNY / NEUVE,48.7998,2.45218
201400044317,12,9,14,18,1,94,11,2,1,1,3,AV JEAN ROSTAND,48.7672,2.48509
201400044318,23,9,14,16,1,94,22,2,1,1,6,AV VICTOR HUGO,48.7703,2.4256
201400044319,26,9,14,15,1,94,11,2,3,1,2,DE GAULLE / ROSTAND,48.7684,2.48774
201400044320,28,9,14,10,1,94,28,2,3,1,6,CODOS / SAVAR,48.7746,2.46883
201400044321,1,10,14,17,1,94,28,2,1,1,6,"0, POMPADOUR(ROUTE DE LA",0.0,0.0
201400044322,5,10,14,8,1,94,28,2,1,1,2,"0, TASSIGNY(AVE DU MAREC",0.0,0.0
201400044323,14,10,14,10,1,94,28,2,1,1,6,"0, GAULLE(AVENUE DU GENE",0.0,0.0
201400044324,16,10,14,8,1,94,28,2,1,1,6,"0, GAULLE(AVENUE DU GENE",0.0,0.0
201400044325,19,10,14,0,5,94,11,2,1,1,6,"107, LECLERC.(AVENUE DU",0.0,0.0
201400044326,20,10,14,16,1,94,28,2,1,1,6,"47, CASALIS.(AVE DU DR P",0.0,0.0
201400044327,27,10,14,13,1,94,28,2,1,7,6,"0, MATISSE(RUE HENRI)",0.0,0.0
201400044328,1,11,14,18,5,94,11,2,1,1,3,"0, SEMARD(RUE PIERRE)",0.0,0.0
201400044329,5,11,14,18,5,94,28,2,1,1,6,"NC, VILDRAC(IMPASSE CHAR",0.0,0.0
201400044330,6,11,14,13,1,94,28,2,1,1,3,"0, ARCOS.(RUE RENE)",0.0,0.0
201400044331,8,11,14,16,1,94,11,2,1,1,6,"1, ORADOUR SUR GLANE(AVE",0.0,0.0
201400044332,17,11,14,8,2,94,11,2,1,2,6,"nc, VERDUN.(AVENUE DE)",0.0,0.0
201400044333,18,11,14,17,3,94,28,2,3,1,3,FOCH/BRETELLE A86,48.7781,2.43828
201400044334,19,11,14,18,1,94,11,2,1,1,6,"0, VERDUN.(AVENUE DE)",0.0,0.0
201400044335,21,11,14,8,1,94,11,2,1,1,6,"7, PERI.(RUE GABRIEL)",0.0,0.0
201400044336,25,11,14,13,1,94,11,2,1,1,3,"0, LECLERC.(AVENUE DU MA",0.0,0.0
201400044337,28,11,14,13,1,94,28,2,1,1,6,"2, EBOUE(ALLEE FELIX)",0.0,0.0
201400044338,27,11,14,18,5,94,28,2,1,1,6,"0, GAULLE(AVENUE DU GENE",0.0,0.0
201400044339,28,11,14,17,1,94,28,2,1,1,2,"0, PASTEUR VALERY RADOT(",0.0,0.0
201400044340,1,12,14,11,1,94,28,2,1,1,2,"0, SAVAR.(RUE JULIETTE)",0.0,0.0
201400044341,1,12,14,13,1,94,28,2,6,1,3,CAR POMPADOUR,48.7746,2.43934
201400044342,5,12,14,23,5,94,28,2,1,1,6,"104, LECLERC.(RUE DU GEN",0.0,0.0
201400044343,6,12,14,11,1,94,28,2,6,1,6,CHATEAU/JAURES,48.7939,2.45618
201400044344,6,12,14,14,1,94,28,2,1,1,2,"0, CHOISY(ROUTE DE)",0.0,0.0
201400044345,6,12,14,16,1,94,11,2,1,1,6,"0, ACHALAND(ZONE)",0.0,0.0
201400044346,8,12,14,20,5,94,28,2,1,2,1,"NC, LECLERC.(RUE DU GENE",0.0,0.0
201400044347,10,12,14,10,1,94,28,2,1,1,3,"NC, GAULLE(AVENUE DU GEN",0.0,0.0
201400044348,10,12,14,18,3,94,28,2,1,1,5,"nc, HALPERN.(AVENUE BERN",0.0,0.0
201400044349,13,12,14,13,1,94,11,2,1,2,6,"0, ROSTAND.(RUE JEAN)",0.0,0.0
201400044350,16,12,14,13,1,94,28,2,1,1,6,"0, CHOISY(ROUTE DE)",0.0,0.0
201400044351,17,12,14,15,1,94,28,2,1,1,4,AV DU MARECHAL FOCH,48.7772,2.4385
201400044352,17,12,14,21,5,94,11,2,1,1,6,"0, STAINS(ROUTE DE)",0.0,0.0
201400044353,17,12,14,10,1,94,28,2,6,1,2,CAR POMPADOUR,48.7742,2.43882
201400044354,22,12,14,9,1,94,11,2,1,1,2,"0, RHIN ET DANUBE(RUE DU",0.0,0.0
201400044355,20,12,14,6,2,94,28,2,1,1,6,"17, VERDUN.(AVENUE DE)",0.0,0.0
201400044356,28,12,14,0,5,94,28,2,6,1,3,CAR POMPADOUR,48.7746,2.43934
201400044357,31,12,14,20,5,94,28,2,1,1,1,"NC, MITTERAND (Rue Fran?",0.0,0.0
201400044358,13,1,14,17,5,94,33,2,2,2,6,R ROGER SALENGRO/R FERNA,48.8505,2.48847
201400044359,14,1,14,12,1,94,33,2,2,1,2,"2, AV DE STALINGRAD",48.8496,2.45635
201400044360,5,2,14,22,5,94,33,2,3,8,1,"64, LA FONTAINE/GARCIA",48.8584,2.48136
201400044361,6,2,14,8,1,94,33,2,1,8,1,"85, AV DE NEUILLY",48.8481,2.49065
201400044362,12,2,14,19,5,94,33,2,2,2,3,"33, VERDUN/ BERTHELOT",48.8527,2.47136
201400044363,14,2,14,15,1,94,33,2,1,1,6,"114, AV DE LA REPUBLIQUE",48.8529,2.45938
201400044364,5,3,14,16,1,94,33,2,5,1,3,"224, REPUBLIQUE / RUISSE",48.8525,2.46553
201400044365,12,3,14,9,1,94,33,2,1,1,6,"115, R DALAYRAC",48.8494,2.45746
201400044366,14,3,14,11,1,94,33,2,1,1,6,AV DU MARECHAL JOFFRE,48.8532,2.48278
201400044367,14,3,14,13,1,94,33,2,4,1,2,TASSIGNY / CARNOT,48.8539,2.49347
201400044368,18,3,14,12,1,94,33,2,1,1,3,"10, LOUIS XAVIER DE RICA",48.8462,2.47312
201400044369,18,3,14,19,5,94,33,2,6,1,3,25 AOUT 1944/BIR HAKEIM,48.844,2.47905
201400044370,27,3,14,13,1,94,33,2,1,1,6,AV VICTOR HUGO,48.8607,2.48127
201400044371,27,3,14,14,1,94,33,2,1,1,6,AV DU MARECHAL JOFFRE,48.8535,2.47536
201400044372,31,3,14,8,1,94,33,2,3,1,1,VERDUN / GERMAIN,48.8516,2.47348
201400044373,5,4,14,2,5,94,33,2,2,1,6,DALAYRAC / FERRY,48.849,2.4599
201400044374,8,4,14,12,1,94,33,2,3,1,1,REPUBLIQUE / JULES FERRY,48.8524,2.46286
201400044375,8,4,14,18,1,94,33,2,1,1,6,"32, AV DE LA REPUBLIQUE",48.8519,2.45636
201400044376,11,4,14,22,5,94,33,2,2,1,1,NEUILLY / LACASSAGNE,48.8473,2.48498
201400044377,16,4,14,19,2,94,33,2,1,1,7,"147, EDOUARD MAURY",48.8549,2.46185
201400044378,7,5,14,10,1,94,33,2,3,1,3,RESISTANCE / 25 AOUT 194,48.846,2.47885
201400044379,14,5,14,14,1,94,33,2,6,1,4,CARNOT / BOBET,48.8525,2.49075
201400044380,28,5,14,16,1,94,33,2,2,1,3,"16, VERDUN / SAINT-GERMA",48.8516,2.47348
201400044381,1,6,14,18,1,94,33,2,2,1,7,GUYNEMER / NEUILLY,48.8476,2.48781
201400044382,5,6,14,17,1,94,33,2,1,1,6,R LOUIS AUROUX,48.8542,2.49423
201400044383,6,6,14,16,1,94,33,2,1,1,3,BD DE VERDUN,48.8536,2.46988
201400044384,7,6,14,18,1,94,33,2,1,1,6,AV DE NEUILLY,48.8473,2.48125
201400044385,18,6,14,11,1,94,33,2,5,1,2,RICARD / MAIRIE,48.8463,2.47262
201400044386,18,6,14,18,1,94,33,2,5,1,1,RENAN / DANTON,48.8559,2.45761
201400044387,6,7,14,10,1,94,33,2,2,3,3,VERDUN / PAUL BERT,48.8512,2.47431
201400044388,18,7,14,19,1,94,33,2,6,1,2,CARNOT / BOBET,48.8525,2.49075
201400044389,25,7,14,11,1,94,33,2,1,1,6,"53, BD DE VERDUN",48.8536,2.46991
201400044390,1,8,14,20,1,94,33,2,2,1,6,CARNOT/AUROUX,48.8539,2.49347
201400044391,6,8,14,8,1,94,33,2,3,2,6,RICARD / AUBRY,48.846,2.47532
201400044392,24,8,14,12,1,94,33,2,2,1,7,DUHAIL / SAINT-VINCENT,48.8452,2.46806
201400044393,26,8,14,13,1,94,33,2,1,2,7,AV DE LATTRE DE TASSIGNY,48.8538,2.49356
201400044394,7,9,14,14,1,94,33,2,1,1,6,"183, VICTOR HUGO",48.8591,2.47718
201400044395,8,9,14,16,1,94,33,2,3,1,6,HERICOURT / REPUBLIQUE,48.8525,2.46553
201400044396,16,9,14,16,1,94,33,2,2,1,2,TASSIGNY / JONCS MARINS,48.8521,2.49452
201400044397,23,9,14,21,5,94,33,2,1,1,3,"174, MARECHAL DE LATTRE",48.8597,2.4905
201400044398,23,9,14,10,1,94,33,2,1,1,2,"26, R MIRABEAU",48.8522,2.46372
201400044399,29,9,14,16,1,94,33,2,2,1,3,PEPINIERE / FOCH,48.8453,2.45116
201400044400,7,10,14,8,1,94,33,1,3,9,6,"06, BOIS GALON (R DU)",0.0,0.0
201400044401,28,10,14,9,1,94,33,2,1,1,7,"111, GALLIENI (BD)",0.0,0.0
201400044402,25,10,14,20,5,94,33,2,1,1,6,MARECHAL DE LATTRE DE TA,0.0,0.0
201400044403,4,11,14,20,4,94,33,2,3,1,3,", MAURICE BARTHELEMY (R)",0.0,0.0
201400044404,5,11,14,12,1,94,33,2,1,1,5,"38, MARECHAL DE LATTRE D",0.0,0.0
201400044405,6,11,14,14,1,94,33,2,1,1,7,"45, PRAIRIE (CHE DE LA)",0.0,0.0
201400044406,19,11,14,14,1,94,33,2,9,1,6,MARECHAL DE LATTRE DE TA,0.0,0.0
201400044407,2,12,14,19,5,94,33,2,1,2,6,BIR HAKEIM (R),0.0,0.0
201400044408,9,12,14,13,1,94,33,2,1,1,6,"42, ALGER (R D)",0.0,0.0
201400044409,12,12,14,9,1,94,33,2,1,2,6,"33, MARECHAL DE LATTRE D",0.0,0.0
201400044410,11,12,14,18,4,94,33,2,1,2,6,"23, STALINGRAD (AV DE)",0.0,0.0
201400044411,12,12,14,21,5,94,33,2,1,3,6,"28 bis, VERDUN (BD DE)",0.0,0.0
201400044412,17,12,14,9,1,94,33,2,1,2,6,"24, RESISTANCE (R DE LA)",0.0,0.0
201400044413,19,12,14,9,1,94,33,2,1,1,3,STALINGRAD (AV DE),0.0,0.0
201400044414,22,12,14,12,1,94,33,2,1,1,6,MARECHAL JOFFRE (AV DU),0.0,0.0
201400044415,31,12,14,18,5,94,33,2,1,1,7,"75, STALINGRAD (AV DE)",0.0,0.0
201400044416,6,1,14,17,1,94,43,2,2,1,3,VERDUN/CHASTENET GERY,48.8081,2.35728
201400044417,7,1,14,8,1,94,3,2,1,1,4,"77, R DE STALINGRAD",48.8104,2.33868
201400044418,7,1,14,21,5,94,16,2,1,2,6,"72, R DES VIGNES",48.7902,2.33828
201400044419,9,1,14,8,1,94,3,2,1,2,3,"113, AV ARISTIDE BRIAND",48.8028,2.32443
201400044420,10,1,14,17,1,94,43,2,3,1,3,GIDE/SEMBAT,48.8056,2.34836
201400044421,16,1,14,17,2,94,16,2,4,1,1,WILSON / COUTURIER,48.7892,2.32534
201400044422,18,1,14,21,5,94,37,2,2,1,7,"16, R DU SOUVENIR",48.8135,2.34264
201400044423,19,1,14,10,1,94,43,1,1,1,6,"19, AV DE FONTAINEBLEAU",48.8147,2.36086
201400044424,20,1,14,10,1,94,37,2,4,8,1,PASTEUR/ STALINGRAD,48.8109,2.33895
201400044425,20,1,14,13,1,94,43,2,1,2,6,"1, R GABRIEL PERI",48.8115,2.35148
201400044426,22,1,14,12,1,94,16,2,3,1,6,MARCEL BONNET/AV ARISTI,48.7962,2.32188
201400044427,24,1,14,8,2,94,16,2,1,8,2,"62, AV DE LA DIVISION",48.7855,2.32882
201400044428,28,1,14,13,1,94,76,2,3,8,1,"24, ALL DES LILAS",48.7816,2.36402
201400044429,5,2,14,16,1,94,16,2,4,2,1,DIVISION LECLER/L'EUROPE,48.7869,2.32957
201400044430,7,2,14,20,5,94,76,2,1,1,6,R AMBROISE CROIZAT,48.8025,2.36389
201400044431,11,2,14,7,2,94,3,2,3,1,6,"27/29, AV MARX DORMOY",48.8097,2.32253
201400044432,11,2,14,15,1,94,3,2,3,2,7,"1,LA CONVENTION/R BESSON",48.7994,2.33293
201400044433,11,2,14,17,2,94,3,2,3,2,6,"30, GUILBERT / L'ASTRONO",48.8013,2.3464
201400044434,12,2,14,0,5,94,41,2,2,2,3,BASTARD / DEGERT,48.804,2.37119
201400044435,13,2,14,19,5,94,3,2,3,1,6,LAPLACE/JEANNE D'ARC,48.8085,2.33148
201400044436,19,2,14,16,1,94,76,2,2,1,6,AUGUSTE DELAUNE / YOURI,48.787,2.3619
201400044437,22,2,14,6,5,94,76,2,2,2,3,REPUBLIQUE / CHEVILLY,48.7874,2.3542
201400044438,22,2,14,16,1,94,37,2,1,1,6,R ROBERT MARCHAND,48.8156,2.34897
201400044439,23,2,14,18,1,94,76,1,3,1,3,STALINGRAD / FLEURS,48.7823,2.36701
201400044440,23,2,14,18,2,94,76,2,4,8,6,GROSMENIL / TOLSTOI,48.7982,2.35495
201400044441,27,2,14,17,1,94,43,1,3,2,3,EDMOND MICHELET/CARNOT,48.81,2.36259
201400044442,1,3,14,23,5,94,16,2,6,2,7,"41, PARC DE CACHAN/VIGOR",48.7909,2.33505
201400044443,5,3,14,9,1,94,3,2,1,1,3,"64, AV DE LA CONVENTION",48.8033,2.33483
201400044444,6,3,14,8,1,94,43,2,6,1,6,"9, VOLTAIRE / FONTAINEBL",48.8156,2.36054
201400044445,12,3,14,22,5,94,76,2,2,1,3,GORKI / ARAGON,48.7886,2.36828
201400044446,13,3,14,19,5,94,43,2,2,1,3,"15, FONTAINEBLEAU/SALENG",48.8146,2.36089
201400044447,15,3,14,11,1,94,3,2,1,1,6,AV LAPLACE,48.8072,2.33525
201400044448,16,3,14,11,1,94,3,2,1,1,6,"30, PAUL VAILLANT COUTUR",48.8014,2.33971
201400044449,20,3,14,3,5,94,76,2,2,1,6,"49, GORKI / CLEMENT",48.7959,2.36833
201400044450,20,3,14,10,1,94,16,1,2,1,3,DELAGE / GEORGEON,48.7926,2.33676
201400044451,21,3,14,10,1,94,76,2,3,2,2,R MARCEL GROSMENIL,48.7991,2.35514
201400044452,22,3,14,10,1,94,16,2,2,1,3,BRIAND / BONNET,48.7962,2.32188
201400044453,22,3,14,15,1,94,3,2,1,1,2,"38, AV LAPLACE",48.8082,2.33237
201400044454,25,3,14,10,1,94,43,2,1,2,6,AV DE FONTAINEBLEAU,48.8124,2.36144
201400044455,29,3,14,10,1,94,76,2,3,1,6,GORKI / SAQUET,48.7912,2.36941
201400044456,30,3,14,12,1,94,76,2,2,1,3,MAXIME GORKI /BAPTISTE,48.7959,2.36833
201400044457,31,3,14,8,1,94,76,2,1,1,6,"11,R JEAN LURCAT",48.7878,2.36885
201400044458,31,3,14,12,1,94,76,2,1,1,6,R JEAN JAURES,48.7907,2.36667
201400044459,31,3,14,12,1,94,16,2,1,1,7,R GABRIEL PERI,48.7955,2.34324
201400044460,1,4,14,16,1,94,16,2,1,1,3,"191, ARISTIDE BRIAND",48.7883,2.31887
201400044461,2,4,14,11,1,94,43,2,3,1,3,FONTAINEBLEAU / PASTEUR,48.8151,2.36073
201400044462,5,4,14,20,5,94,3,2,1,1,6,AV ARISTIDE BRIAND,48.8028,2.32442
201400044463,9,4,14,18,1,94,76,2,1,1,3,"1, AV DE PARIS",48.8058,2.3636
201400044464,11,4,14,8,1,94,76,2,2,1,3,COQUETTES / VANZETTI,48.8055,2.35988
201400044465,14,4,14,9,1,94,76,2,3,1,2,PARIS / BABEUF,48.807,2.36322
201400044466,14,4,14,10,1,94,76,2,1,1,6,,48.7867,2.3608
201400044467,15,4,14,11,1,94,3,2,5,1,6,DORMOY/ ARISTIDE BRIAND,48.8096,2.32648
201400044468,15,4,14,17,1,94,37,2,3,1,3,RASPAIL / MARCELLIN BERT,48.8129,2.34675
201400044469,17,4,14,8,2,94,16,1,2,1,1,CARNOT / PROVIGNY,48.7968,2.33113
201400044470,19,4,14,20,2,94,76,2,3,1,1,GERY / THIBERT,48.8052,2.36198
201400044471,21,4,14,17,1,94,43,2,1,1,1,"25, R SEVERINE",48.8083,2.35524
201400044472,25,4,14,13,1,94,37,2,3,2,3,COUTURIER / CHAMPS ELYSE,48.8164,2.33961
201400044473,6,5,14,8,1,94,3,2,1,2,2,"97, BRIAND",48.8037,2.3248
201400044474,6,5,14,17,1,94,76,2,1,1,6,"24, CHASTENET DE GERY",48.8029,2.35771
201400044475,10,5,14,22,5,94,37,2,1,1,6,"1, R BENOIT MALON",48.8156,2.34142
201400044476,11,5,14,0,5,94,16,2,4,1,3,"44, LECLERC / L'EUROPE",48.7869,2.32957
201400044477,14,5,14,11,1,94,76,2,3,1,2,"54, POTTIER / DE GERY",48.8041,2.35866
201400044478,15,5,14,11,1,94,76,2,2,1,3,REPUBLIQUE / CHEVILLY,48.7874,2.3542
201400044479,16,5,14,12,1,94,43,2,2,1,6,GIDE / MARTINETS,48.8061,2.34973
201400044480,21,5,14,10,1,94,3,2,1,3,6,"17, AV PAUL DOUMER",48.8068,2.33665
201400044481,21,5,14,12,1,94,3,2,1,2,6,"56, AV GABRIEL PERI",48.8019,2.3434
201400044482,22,5,14,8,1,94,43,2,1,1,3,"40, CHARLES GIDE",48.8073,2.35426
201400044483,23,5,14,20,2,94,16,2,2,8,6,FRANCE / BRIAND,48.7972,2.32227
201400044484,26,5,14,8,1,94,3,2,3,2,3,RASPAIL / RONSARD,48.8066,2.3404
201400044485,26,5,14,14,1,94,43,2,1,2,6,R DE VERDUN,48.8096,2.35849
201400044486,29,5,14,14,1,94,76,2,1,1,6,"22, R EMILE ZOLA",48.8029,2.3705
201400044487,31,5,14,15,1,94,43,2,2,1,6,CONVENTION / LECLERC,48.8122,2.35797
201400044488,4,6,14,8,1,94,76,2,1,2,3,VAILLANT COUTURIER,48.7949,2.36499
201400044489,5,6,14,9,1,94,37,2,3,1,3,COUTURIER / MARCEL,48.8165,2.33795
201400044490,7,6,14,16,1,94,16,2,2,1,3,JEAN JAURES / D'ALSACE,48.7906,2.32244
201400044491,8,6,14,11,1,94,76,2,2,1,3,ALLENDE / VERDUN,48.795,2.35434
201400044492,10,6,14,7,1,94,3,2,3,1,3,BRIAND / LA GARE,48.8015,2.32393
201400044493,12,6,14,8,1,94,16,2,3,1,3,PASTEUR/VARENGUE,48.7867,2.32365
201400044494,12,6,14,19,1,94,76,2,1,1,6,"66, R MARCEL GROSMENIL",48.7965,2.35465
201400044495,18,6,14,17,1,94,3,2,1,1,3,AV ARISTIDE BRIAND,48.8019,2.32407
201400044496,20,6,14,10,1,94,76,2,1,1,6,"12, STALINGRAD",48.7879,2.36682
201400044497,21,6,14,16,1,94,43,2,1,1,2,AV DE FONTAINEBLEAU,48.8085,2.36263
201400044498,24,6,14,9,1,94,76,2,1,1,3,BD MAXIME GORKI,48.7989,2.3669
201400044499,24,6,14,21,1,94,76,2,3,1,1,DELAUNE / ARAGO,48.7851,2.36255
201400044500,25,6,14,11,1,94,76,2,3,1,2,GORKI / PYRAMIDE,48.7989,2.36699
201400044501,25,6,14,20,1,94,76,2,3,1,3,GERY / VERCORS,48.8026,2.35716
201400044502,26,6,14,12,1,94,76,2,3,1,3,GORKI / PYRAMIDE,48.7989,2.36699
201400044503,26,6,14,15,1,94,76,2,1,1,6,R GEORGES LEBIGOT,48.7929,2.36595
201400044504,30,6,14,15,1,94,16,2,3,1,6,TASSIGNY / VATIER,48.789,2.33174
201400044505,30,6,14,21,1,94,76,2,1,1,3,R MARCEL GROSMENIL,48.7996,2.3552
201400044506,1,7,14,7,1,94,16,1,1,8,3,"30, R GABRIEL PERI",48.7967,2.34299
201400044507,1,7,14,13,1,94,16,2,3,1,2,WILSON / LORRAINE,48.7905,2.32711
201400044508,3,7,14,11,1,94,43,2,2,1,3,FONTAINEBLEAU / SALENGRO,48.8146,2.36089
201400044509,3,7,14,18,1,94,3,2,2,1,2,COUTURIER / DOUMER,48.8044,2.33814
201400044510,3,7,14,19,1,94,16,2,3,7,2,"1, BRIAND/BONNET",48.7962,2.32188
201400044511,8,7,14,4,5,94,43,2,2,2,3,FONTAINEBLEAU / CONVENTI,48.8128,2.36131
201400044512,13,7,14,19,1,94,76,2,1,2,6,"20, AV DE PARIS",48.8053,2.36362
201400044513,15,7,14,18,1,94,76,2,1,1,6,"13, R EUGENE VARLIN",48.7939,2.36313
201400044514,17,7,14,7,1,94,76,1,3,1,7,BIZET / ZOLA,48.8012,2.36865
201400044515,17,7,14,21,5,94,43,2,3,1,6,FONTAINEBLEAU / WALESA,48.8076,2.36307
201400044516,20,7,14,2,5,94,16,2,3,1,3,PERI / FABIEN,48.7977,2.34316
201400044517,26,7,14,22,5,94,16,2,2,1,3,JAURES / D'ALSACE,48.7906,2.32244
201400044518,30,7,14,8,1,94,43,2,1,1,3,"110, FONTAINEBLEAU",48.8093,2.36237
201400044519,31,7,14,15,1,94,37,2,1,1,6,PAUL VAILLANT COUTURIER,48.8158,2.34385
201400044520,1,8,14,7,1,94,43,2,1,1,3,"105, AV DE FONTAINEBLEAU",48.8096,2.36226
201400044521,5,8,14,18,1,94,76,2,1,1,2,"23, VICTOR HUGO",48.7903,2.36479
201400044522,8,8,14,21,2,94,3,2,2,2,6,LAPLACE / PASTEUR,48.807,2.33593
201400044523,11,8,14,22,5,94,76,2,3,2,3,"52, DELAUNE",48.7851,2.36218
201400044524,12,8,14,19,1,94,43,2,1,1,1,R DU GENERAL LECLERC,48.8114,2.35804
201400044525,24,8,14,12,1,94,16,2,1,1,3,"46, GABRIEL PERI",48.7956,2.34321
201400044526,25,8,14,8,1,94,43,2,1,2,4,"1, GABRIEL PERI",48.8157,2.35652
201400044527,25,8,14,10,1,94,76,2,2,2,3,GORKI / CLEMENT,48.796,2.36857
201400044528,25,8,14,17,1,94,16,2,1,3,6,"9, AV DE LA DIVISION LEC",48.7877,2.33004
201400044529,26,8,14,12,1,94,76,2,3,2,3,PASTEUR / ROHRI,48.8058,2.36553
201400044530,1,9,14,20,2,94,43,2,3,1,1,SEMBAT / SEVERINE,48.8086,2.35025
201400044531,6,9,14,10,1,94,3,2,1,1,6,"18, R EMILE RASPAIL",48.801,2.33161
201400044532,7,9,14,11,1,94,76,1,3,1,3,VAILLANT / VERDUN,48.7933,2.354
201400044533,10,9,14,7,2,94,16,2,1,1,6,"100, R GABRIEL PERI",48.7926,2.34385
201400044534,10,9,14,9,1,94,76,2,1,1,6,"40, MAXIME GORKI",48.7968,2.36797
201400044535,10,9,14,16,1,94,43,2,2,1,3,PERI / CHARLES GIDE,48.8047,2.34478
201400044536,10,9,14,23,5,94,16,2,3,1,6,SANGNIER / LECLERC,48.7859,2.32902
201400044537,11,9,14,8,1,94,76,2,1,1,3,AV DE PARIS,48.8015,2.36475
201400044538,17,9,14,20,5,94,3,2,2,1,2,VACHE NOIRE / ALLENDE,48.8101,2.32675
201400044539,22,9,14,18,1,94,3,2,3,8,1,DOUMER / COUTURIER,48.8044,2.33814
201400044540,25,9,14,8,1,94,3,2,1,1,2,"59, ARISTIDE BRIAND",48.8067,2.32596
201400044541,26,9,14,1,5,94,43,2,2,1,3,"173, PERI / GIDE",48.805,2.34494
201400044542,29,9,14,8,1,94,16,2,1,2,6,"31, ARISTIDE BRIAND",48.7998,2.32328
201400044543,30,9,14,19,1,94,76,2,1,1,3,MAXIME GORKI,48.7989,2.3669
201400044544,3,10,14,11,1,94,43,2,1,1,6,"47, FONTAINEBLEAU (AV DE",0.0,0.0