Num_Acc,jour,mois,an,hr,condition_eclairage,departement,commune,condition_agglomeration,intersection,condition_atmosphere,type_collision,adresse,lattitude,longitude
201400044545,6,10,14,18,2,94,43,2,1,3,3,"45, CHARLES GIDE (AV)",0.0,0.0
201400044546,6,10,14,18,2,94,16,2,1,3,2,"28, DIVISION LECLERC (AV",0.0,0.0
201400044547,6,10,14,23,5,94,37,2,1,1,6,"13, POSTE (R DE LA)",0.0,0.0
201400044548,7,10,14,15,1,94,16,2,1,1,2,"10, VATIER (AV)",0.0,0.0
201400044549,8,10,14,12,1,94,16,2,2,2,6,"11, MARX DORMOY (R)",0.0,0.0
201400044550,8,10,14,20,3,94,76,2,1,3,6,"27, LAMARTINE (R)",0.0,0.0
201400044551,8,10,14,22,5,94,37,2,2,3,3,PAUL VAILLANT COUTURIER,0.0,0.0
201400044552,9,10,14,18,1,94,76,2,1,1,6,"1, MAXIME GORKI (BD)",0.0,0.0
201400044553,9,10,14,19,5,94,76,2,1,1,7,"1, CHEVILLY (R DE)",0.0,0.0
201400044554,10,10,14,8,1,94,16,2,1,1,3,"30, CAMILLE DESMOULINS (",0.0,0.0
201400044555,15,10,14,11,1,94,43,1,1,2,7,"18, DANTON (R)",0.0,0.0
201400044556,15,10,14,18,1,94,76,2,1,2,3,"40, PARIS (AV DE)",0.0,0.0
201400044557,17,10,14,23,5,94,3,2,2,2,3,PAUL VAILLANT COUTURIER,0.0,0.0
201400044558,17,10,14,12,1,94,3,2,1,1,6,"27, ARISTIDE BRIAND (AV)",0.0,0.0
201400044559,17,10,14,13,1,94,37,2,2,1,3,"19/21, JEAN JAURES (AV)",0.0,0.0
201400044560,17,10,14,19,5,94,37,2,1,1,6,"11, RASPAIL (AV)",0.0,0.0
201400044561,18,10,14,14,1,94,16,2,1,1,3,"1, EUROPE (AV DE L)",0.0,0.0
201400044562,20,10,14,19,5,94,76,1,2,2,3,"134/138, CHEVILLY (R DE)",0.0,0.0
201400044563,23,10,14,13,1,94,76,2,1,1,3,"33, CLOS FLEURI (R DU)",0.0,0.0
201400044564,23,10,14,20,5,94,37,2,2,1,3,"4/8, JEAN JAURES (AV)",0.0,0.0
201400044565,25,10,14,16,1,94,76,2,1,1,7,"9, SACCO ET VANZETTI (R)",0.0,0.0
201400044566,3,11,14,6,2,94,3,2,1,8,1,PAUL VAILLANT COUTURIER,0.0,0.0
201400044567,3,11,14,15,1,94,76,2,1,2,7,"25, FLEURS (ALL DES)",0.0,0.0
201400044568,3,11,14,20,5,94,37,2,1,2,6,"73, PAUL VAILLANT COUTUR",0.0,0.0
201400044569,5,11,14,17,5,94,76,1,1,1,6,"13, PAUL VAILLANT COUTUR",0.0,0.0
201400044570,6,11,14,6,5,94,37,2,2,8,3,JAURES/RASPAIL,0.0,0.0
201400044571,6,11,14,15,1,94,76,2,2,1,6,"129, REPUBLIQUE (AV DE L",0.0,0.0
201400044572,7,11,14,9,1,94,43,2,1,2,6,"100, FONTAINEBLEAU (AV D",0.0,0.0
201400044573,8,11,14,15,1,94,43,2,1,1,3,"24, EUGENE THOMAS (AV)",0.0,0.0
201400044574,8,11,14,22,5,94,76,2,1,1,2,"76, MARCEL GROSMESNIL (R",0.0,0.0
201400044575,9,11,14,13,1,94,43,2,1,8,7,"98, FONTAINEBLEAU (AV DE",0.0,0.0
201400044576,10,11,14,18,2,94,76,2,3,1,6,JAURES/GUYNEMER,0.0,0.0
201400044577,12,11,14,0,5,94,76,2,1,2,4,"84, PARIS (AV DE)",0.0,0.0
201400044578,12,11,14,11,1,94,16,2,2,1,3,"101, ETIENNE DOLET (R)",0.0,0.0
201400044579,13,11,14,7,2,94,3,2,1,1,3,"1/13, ARISTIDE BRIAND (A",0.0,0.0
201400044580,14,11,14,8,1,94,16,2,1,2,3,"9, DIVISION LECLERC (AV",0.0,0.0
201400044581,15,11,14,11,1,94,76,2,4,1,3,"1, FERNAND PELLOUTIER (R",0.0,0.0
201400044582,20,11,14,16,1,94,43,2,1,8,7,"33, FONTAINEBLEAU (AV DE",0.0,0.0
201400044583,20,11,14,21,5,94,43,2,1,2,1,"67, FONTAINEBLEAU (AV DE",0.0,0.0
201400044584,24,11,14,19,5,94,76,2,3,1,1,"58, CHASTENET DE GERY (B",0.0,0.0
201400044585,26,11,14,9,1,94,37,2,1,1,3,"68, CHARLES FREROT (R)",0.0,0.0
201400044586,26,11,14,11,1,94,16,2,1,2,6,"15, EUROPE (AV DE L)",0.0,0.0
201400044587,27,11,14,18,5,94,76,2,1,1,6,"112, CHEVILLY (R DE)",0.0,0.0
201400044588,28,11,14,0,5,94,76,2,1,1,2,"31, LOUIS ARAGON (AV)",0.0,0.0
201400044589,2,12,14,14,1,94,37,2,1,1,2,"20, RASPAIL (AV)",0.0,0.0
201400044590,2,12,14,16,2,94,76,2,1,2,1,"30, PRESIDENT ALLENDE (A",0.0,0.0
201400044591,3,12,14,18,5,94,3,2,3,1,3,"88, JEAN JAURES (AV)",0.0,0.0
201400044592,4,12,14,14,1,94,3,2,4,8,6,"5, CITADELLE (R DE LA)",0.0,0.0
201400044593,7,12,14,9,1,94,76,2,1,1,2,"104, PARIS (AV DE)",0.0,0.0
201400044594,8,12,14,18,5,94,76,2,1,1,6,"88, MAXIME GORKI (BD)",0.0,0.0
201400044595,11,12,14,17,5,94,76,2,8,1,6,"23, PAUL VAILLANT COUTUR",0.0,0.0
201400044596,16,12,14,7,3,94,43,2,1,1,3,"78, GENERAL LECLERC (R D",0.0,0.0
201400044597,17,12,14,17,5,94,3,2,1,2,7,"10, PAUL VAILLANT COUTUR",0.0,0.0
201400044598,19,12,14,20,5,94,43,2,1,8,6,GENERAL LECLERC (R DU),0.0,0.0
201400044599,23,12,14,9,1,94,16,2,1,1,3,"21, DIVISION LECLERC (AV",0.0,0.0
201400044600,24,12,14,10,1,94,43,2,1,1,2,"64, CHARLES GIDE (AV)",0.0,0.0
201400044601,25,12,14,18,5,94,3,2,1,1,7,"02, AUGUSTE DELAUNE (R)",0.0,0.0
201400044602,26,12,14,15,1,94,76,2,2,1,3,"42, MAXIME GORKI (BD)",0.0,0.0
201400044603,27,12,14,14,1,94,76,2,1,1,3,"115, MAXIME GORKI (BD)",0.0,0.0
201400044604,30,12,14,10,1,94,76,2,2,1,6,"52, JEAN JAURES (R)",0.0,0.0
201400044605,28,5,14,1,5,94,43,2,2,1,3,"50, LECLERC / 14 JUILLET",48.8144,2.35976
201400044606,1,1,14,19,5,94,21,2,1,2,6,AV DU PRESIDENT FRANKLIN,48.77,2.36452
201400044607,3,1,14,18,5,94,38,2,1,1,6,"15, R MARC SANGNIER",48.7663,2.32278
201400044608,8,1,14,8,1,94,65,2,3,1,2,R DES SOLETS / LINDBERGH,48.745,2.36028
201400044609,10,1,14,11,1,94,65,1,3,8,2,R DE LA VANNE,48.7522,2.35469
201400044610,10,1,14,17,5,94,73,1,3,1,3,R DU BAS MARIN/R DES ALO,48.754,2.38634
201400044611,12,1,14,1,5,94,73,2,6,5,2,RPT D'ESPAGNE,48.7541,2.37463
201400044612,13,1,14,8,2,94,73,2,1,8,6,R DU COR DE CHASSE,48.7585,2.36897
201400044613,17,1,14,7,1,94,34,2,1,1,2,"4, AV DE STALINGRAD",48.7577,2.3294
201400044614,17,1,14,8,1,94,21,2,3,1,3,MARAICHERS/CHATEAURENARD,48.7646,2.35222
201400044615,19,1,14,17,2,94,38,2,1,1,2,AV HENRI BARBUSSE,48.7811,2.32773
201400044616,22,1,14,8,1,94,38,2,2,1,6,"220, FLOUQUET / HUGO",48.7672,2.3191
201400044617,22,1,14,15,1,94,38,2,2,2,3,RUE PAUL HOCHART/ STALIN,48.7793,2.36698
201400044618,22,1,14,19,5,94,73,2,2,2,6,PAVE DE GRIGNON/MARECHAL,48.7581,2.40416
201400044619,25,1,14,7,5,94,21,1,2,2,1,CHATEAURENARD/VIADUC,48.7629,2.35387
201400044620,28,1,14,7,5,94,73,2,3,1,3,STALINGRAD/R PIERRE BIGL,48.7694,2.40219
201400044621,28,1,14,17,2,94,21,2,1,2,6,R DU 11 NOVEMBRE 1918,48.762,2.36254
201400044622,29,1,14,14,1,94,73,2,1,2,2,"18, RUE GEORGES HALGOULT",48.7612,2.39976
201400044623,31,1,14,19,5,94,34,2,3,1,3,R ROGER SALENGRO/R ROGER,48.7554,2.32091
201400044624,1,2,14,9,1,94,73,1,1,2,6,RN 186B,48.7536,2.37623
201400044625,2,2,14,20,5,94,76,2,1,1,3,"196, AV DE STALINGRAD",48.7871,2.36687
201400044626,4,2,14,21,5,94,21,2,3,1,3,BOUCHER/ALBERT THURET,48.7701,2.33589
201400044627,5,2,14,8,1,94,73,2,3,1,1,"49, R PAUL CEZANNE",48.7699,2.39257
201400044628,5,2,14,10,1,94,65,2,3,2,6,TRANSPORTS/LATERALE,48.7555,2.36833
201400044629,7,2,14,17,1,94,34,2,3,1,2,RAUGUSTE DAIX /CHARTIERS,48.7531,2.31901
201400044630,10,2,14,14,1,94,38,2,3,1,6,R DES TOURNELLES,48.7767,2.33672
201400044631,12,2,14,8,1,94,73,2,2,1,7,R DU TRAVY / BAS MARIN,48.7523,2.38742
201400044632,14,2,14,20,5,94,73,2,2,1,6,PERREUX / MARCHAND,48.766,2.39054
201400044633,15,2,14,5,5,94,34,2,1,1,6,"97, AV DE LA LIBERTE",48.7666,2.31888
201400044634,17,2,14,12,1,94,38,1,3,1,6,JEAN JAURES / TOURNELLES,48.7785,2.33519
201400044635,19,2,14,11,1,94,65,2,1,1,6,R DU LIMOUSIN,48.7561,2.36316
201400044636,20,2,14,6,5,94,34,2,1,2,3,PL PIERRE ET MARIE CURIE,48.7551,2.32244
201400044637,20,2,14,14,1,94,34,2,3,2,2,TENINE / ROPER,48.7542,2.32463
201400044638,25,2,14,10,1,94,34,2,3,1,6,TENINE / CURIE,48.7544,2.32245
201400044639,26,2,14,23,5,94,21,2,1,1,2,AV GEORGES GUYNEMER,48.7655,2.33814
201400044640,6,3,14,7,1,94,65,1,1,1,6,RN 186B,48.7535,2.36441
201400044641,11,3,14,14,1,94,73,2,1,1,3,"168, AV DE VERSAILLES",48.7577,2.39025
201400044642,13,3,14,7,1,94,21,1,1,1,3,AV DE LA CITE,48.7596,2.36562
201400044643,13,3,14,16,1,94,21,2,1,1,2,BD CIRCULAIRE EST,48.7631,2.3576
201400044644,14,3,14,8,1,94,65,2,1,1,6,R SAINT-ANTOINE,48.7595,2.36063
201400044645,23,3,14,16,1,94,34,2,3,1,3,STALINGRAD / BUTTE,48.7593,2.33108
201400044646,27,3,14,16,1,94,34,2,3,1,6,R EMILE ZOLA,48.7596,2.32513
201400044647,28,3,14,0,5,94,73,2,3,1,3,JULES GOURIE / PANHARD,48.7633,2.39959
201400044648,28,3,14,16,1,94,73,2,3,1,6,VERSAILLES / RESISTANCE,48.7571,2.38841
201400044649,29,3,14,13,1,94,65,2,3,1,2,NOTRE DAME / DE GAULLE,48.749,2.35125
201400044650,30,3,14,10,1,94,21,1,1,1,3,AV DE STALINGRAD,48.7756,2.36735
201400044651,2,4,14,11,1,94,73,2,3,1,6,STALINGRAD / PIERRE BIGL,48.7694,2.40219
201400044652,2,4,14,22,5,94,65,1,3,1,1,CHARENTES / POITOU,48.7572,2.36112
201400044653,3,4,14,11,1,94,38,2,3,1,6,R DES JARDINS,48.7801,2.33517
201400044654,3,4,14,17,1,94,21,1,1,1,6,AV DE BOURGOGNE,48.7599,2.3501
201400044655,4,4,14,16,1,94,73,2,1,1,6,R DES BAUDEMONS,48.7714,2.39418
201400044656,5,4,14,17,1,94,65,2,1,1,2,RN 186B,48.7539,2.36721
201400044657,6,4,14,19,2,94,73,2,1,1,6,"94, AV GENERAL DE GAULLE",48.7681,2.37286
201400044658,8,4,14,7,1,94,65,2,6,1,2,PARC MEDICIS/HALLIERS,48.7533,2.34756
201400044659,8,4,14,18,1,94,34,2,1,1,3,AV DU 8 MAI 1945,48.7531,2.3126
201400044660,10,4,14,16,1,94,65,2,6,1,3,TROIS MARCHES/CIRCULAIRE,48.7586,2.349
201400044661,12,4,14,13,1,94,34,2,2,1,3,JEAN JAURES / SALENGRO,48.7547,2.32061
201400044662,15,4,14,11,1,94,21,2,2,1,3,BRETAGNE / VIADUC,48.7632,2.3552
201400044663,15,4,14,16,1,94,73,1,2,1,2,ALOUETTES / BAS MARIN,48.754,2.38634
201400044664,15,4,14,18,1,94,38,2,2,1,1,COUTURIER / THIRARD,48.7784,2.34072
201400044665,18,4,14,21,5,94,34,2,2,1,1,BARBUSSE / LECLERC,48.7591,2.32432
201400044666,27,4,14,22,5,94,21,2,1,1,7,"27, GEORGES GUYNEMER",48.7584,2.34381
201400044667,28,4,14,17,1,94,73,2,2,1,3,VERSAILLES / MULLER,48.7594,2.39661
201400044668,30,4,14,10,1,94,73,2,1,7,2,AV DE FONTAINEBLEAU,48.7644,2.3682
201400044669,30,4,14,12,1,94,73,2,3,1,3,STALINGRAD /PIERRE BIGLE,48.7694,2.40219
201400044670,1,5,14,23,5,94,73,1,2,2,3,STALINGRAD - CAR 3 COMMU,48.7728,2.40001
201400044671,2,5,14,21,5,94,34,2,6,1,3,COUTURIER - CAR DEPORT,48.761,2.3184
201400044672,3,5,14,16,1,94,34,2,1,1,1,"88, AV DE LA LIBERTE",48.766,2.31858
201400044673,3,5,14,22,5,94,65,2,1,1,3,AV CHARLES LINDBERGH,48.7523,2.35243
201400044674,5,5,14,15,1,94,73,2,1,1,2,"18, AV DE LA REPUBLIQUE",48.7671,2.39381
201400044675,6,5,14,11,1,94,65,2,1,1,3,RN 186B,48.7539,2.36592
201400044676,6,5,14,19,1,94,38,2,1,1,6,"44, R ALBERT THOMAS",48.7654,2.32904
201400044677,12,5,14,17,1,94,73,2,3,1,3,FONTAINEBLEAU / PERRET,48.7639,2.36824
201400044678,14,5,14,21,5,94,73,2,3,1,3,SAUSSAIE / CURIE,48.7703,2.38068
201400044679,16,5,14,18,1,94,34,2,1,1,6,"89, BD JEAN JAURES",48.7544,2.31366
201400044680,17,5,14,14,1,94,73,2,1,1,2,FONTAINEBLEAU - CAR BELL,48.7516,2.3691
201400044681,18,5,14,8,1,94,21,2,1,7,1,"40, FRANKLIN ROOSEVELT",48.7717,2.35966
201400044682,19,5,14,8,1,94,73,2,1,1,3,"94, GENERAL DE GAULLE",48.7681,2.37286
201400044683,19,5,14,18,1,94,21,2,2,1,2,CHEVILLY  / DE GAULLE,48.7698,2.35089
201400044684,22,5,14,18,1,94,21,2,1,1,2,AV DE STALINGRAD,48.7628,2.36813
201400044685,22,5,14,18,1,94,73,1,1,1,3,"7, R DES ALOUETTES",48.7498,2.37003
201400044686,24,5,14,15,1,94,73,1,1,2,6,RPT D'ESPAGNE,48.755,2.37514
201400044687,26,5,14,17,1,94,34,2,3,2,2,BD PASTEUR / JACINTHES,48.7554,2.31349
201400044688,27,5,14,11,1,94,81,2,6,1,3,AV DE STALINGRAD,48.7794,2.3672
201400044689,28,5,14,21,5,94,38,2,3,2,6,"30, VICTOR / BEATRICE",48.7788,2.35696
201400044690,3,6,14,13,1,94,21,2,6,1,6,ROOSEVELT / ROOSEVELT,48.7689,2.36763
201400044691,3,6,14,20,1,94,38,2,2,1,3,COUTURIER / TOURNELLES,48.7763,2.33996
201400044692,4,6,14,10,1,94,73,2,3,2,7,MARCHAND / PERREUX,48.766,2.39054
201400044693,4,6,14,20,2,94,73,2,2,1,3,MARCHAND / PERREUX,48.766,2.39054
201400044694,7,6,14,16,1,94,65,2,3,1,4,LINDBERGH / BALTARD,48.7574,2.34474
201400044695,8,6,14,13,1,94,38,2,4,1,6,SAINTE-COLOMBE / HOCHART,48.7761,2.35806
201400044696,13,6,14,9,1,94,73,2,3,1,6,STALINGRAD / BIGLE,48.7694,2.40219
201400044697,13,6,14,12,1,94,38,2,1,1,3,R DE LA VALLEE AUX RENAR,48.7709,2.32572
201400044698,16,6,14,11,1,94,21,2,2,1,3,3 MARCHES / CARPENTRAS,48.7613,2.35554
201400044699,18,6,14,13,1,94,65,2,1,1,6,AV DE FONTAINEBLEAU,48.7489,2.36878
201400044700,18,6,14,17,1,94,73,2,2,1,6,PANHARD / TESSIER,48.7638,2.3937
201400044701,19,6,14,11,1,94,21,2,1,1,2,BOULEVARD CIRCULAIRE,48.7588,2.34872
201400044702,19,6,14,16,1,94,38,2,3,1,3,COSARDE / ALBERT 1ER,48.7791,2.3312
201400044703,23,6,14,7,1,94,38,2,2,1,3,DE GAULLE / LECLERC,48.7711,2.34986
201400044704,27,6,14,17,1,94,65,2,1,1,3,RN 186,48.7538,2.35886
201400044705,28,6,14,16,1,94,73,2,1,2,5,RN 186,48.754,2.36938
201400044706,29,6,14,17,1,94,73,2,1,1,7,RN 186b,48.7537,2.37605
201400044707,30,6,14,13,1,94,38,2,1,1,6,AV ARISTIDE BRIAND,48.7796,2.33525
201400044708,5,7,14,5,2,94,65,2,1,2,6,AV CHARLES LINDBERGH,48.7566,2.34543
201400044709,8,7,14,16,1,94,65,2,3,2,2,LINDBERGH / BALTARD,48.7574,2.34474
201400044710,16,7,14,8,1,94,65,1,1,1,7,RN 186,48.7539,2.3681
201400044711,16,7,14,18,1,94,38,2,3,1,3,CHARPENTIER / HOCHART,48.7782,2.364
201400044712,18,7,14,9,1,94,38,2,3,1,3,GRAVEREAUX / 8 MAI 1945,48.7792,2.33062
201400044713,20,7,14,20,2,94,76,2,1,1,3,AV DE STALINGRAD,48.7795,2.3672
201400044714,21,7,14,7,1,94,21,2,3,1,3,PEPINIERES / FRANCE,48.7668,2.34937
201400044715,21,7,14,12,1,94,73,2,2,1,3,MARCHAND / PERREUX,48.766,2.39054
201400044716,21,7,14,20,1,94,21,2,2,1,3,COZ / BRASSENS,48.7713,2.36571
201400044717,24,7,14,14,1,94,21,2,1,1,2,"5, GEORGES GUYNEMER",48.7605,2.34174
201400044718,31,7,14,19,1,94,73,2,2,1,3,MARCHAND / PERREUX,48.766,2.39054
201400044719,2,8,14,20,2,94,73,2,1,1,6,"168, VERSAILLES",48.7577,2.39049
201400044720,3,8,14,14,1,94,73,2,3,1,3,ALOUETTES/FONTAINEBLEAU,48.7479,2.3693
201400044721,7,8,14,15,1,94,65,2,3,2,3,LINDBERGH / SOLETS,48.745,2.36028
201400044722,9,8,14,4,5,94,73,1,1,2,6,RN 186,48.7534,2.37768
201400044723,10,8,14,21,3,94,65,2,2,1,3,FONTAINEBLEAU / AVERNAIS,48.7485,2.36861
201400044724,12,8,14,19,2,94,21,2,4,2,3,CIRCULAIRE / MARCHES,48.7624,2.3583
201400044725,21,8,14,9,1,94,73,2,6,1,3,VILLEJUIF / DUPERREY,48.7697,2.38482
201400044726,22,8,14,6,2,94,73,2,1,1,6,AV DE FONTAINEBLEAU,48.7503,2.36907
201400044727,23,8,14,1,5,94,73,1,1,2,6,RN 186,48.7534,2.3702
201400044728,23,8,14,10,1,94,73,1,1,1,6,"06, R DES ALOUETTES",48.7495,2.37005
201400044729,23,8,14,15,1,94,21,2,2,1,6,STALINGRAD / ROOSEVELT,48.7688,2.36786
201400044730,25,8,14,7,1,94,21,2,6,2,4,MERMOZ / GAULLE,48.7729,2.33931
201400044731,25,8,14,21,5,94,38,2,2,3,3,CHEVILLY / BICETRE,48.7739,2.35186
201400044732,29,8,14,7,2,94,65,2,2,1,2,GARE / SOLETS,48.742,2.35272
201400044733,1,9,14,22,5,94,21,2,2,1,1,HOCHART / DERICBOURG,48.7746,2.35474
201400044734,4,9,14,19,2,94,38,2,3,1,7,CHEVILLY / IRIS,48.7749,2.34775
201400044735,8,9,14,12,1,94,21,1,2,1,3,3 MARCHES/CARPENTRAS,48.7613,2.35554
201400044736,8,9,14,16,1,94,38,2,2,1,6,STALINGRAD / HOCHART,48.7794,2.3672
201400044737,10,9,14,6,2,94,73,2,4,1,6,VERSAILLES / BAS MARIN,48.754,2.38634
201400044738,11,9,14,10,1,94,73,2,1,1,3,BOULEVARD DU NORD,48.7585,2.37044
201400044739,12,9,14,16,1,94,73,1,1,1,3,RN 186,48.7536,2.36941
201400044740,13,9,14,16,1,94,34,2,3,1,6,JEAN JAURES/ JEAN PIERRE,48.7549,2.31794
201400044741,13,9,14,16,1,94,38,2,6,1,3,PAUL HOCHART/ STALINGRAD,48.7794,2.3672
201400044742,15,9,14,8,1,94,73,2,2,1,2,VERSAILLES / HUGO,48.7601,2.39858
201400044743,16,9,14,14,1,94,21,2,2,1,2,MARAICHERS / D'AVIGNON,48.7636,2.34992
201400044744,16,9,14,19,1,94,73,2,3,1,3,STALINGRAD / BIGLE,48.7694,2.40219
201400044745,17,9,14,20,5,94,65,1,1,1,3,RN 186,48.7546,2.34779
201400044746,18,9,14,6,2,94,65,1,3,1,3,PIERRE/ARCUEIL,48.747,2.35669
201400044747,19,9,14,8,1,94,38,2,2,1,6,"157, FLOUQUET",48.7672,2.3191
201400044748,19,9,14,14,1,94,73,2,1,1,5,"55, AV DE VERSAILLES",48.7609,2.40189
201400044749,21,9,14,11,1,94,21,2,1,2,3,AV DE FONTAINEBLEAU,48.7644,2.36805
201400044750,24,9,14,7,1,94,38,2,2,1,6,FLOUQUET / HUGO,48.7672,2.3191
201400044751,24,9,14,11,1,94,38,2,2,1,6,HOCHART / LALLIER,48.7746,2.35474
201400044752,29,9,14,10,1,94,21,2,1,1,2,JEAN MERMOZ,48.7698,2.33756
201400044753,3,10,14,18,1,94,73,2,1,1,7,"., boulevard de l'europe",0.0,0.0
201400044754,14,10,14,15,1,94,65,2,1,1,2,BOULEVARD CIRCULAIRE ( M,0.0,0.0
201400044755,18,10,14,9,1,94,65,2,3,1,3,SOLETS (R DES),0.0,0.0
201400044756,18,10,14,17,5,94,73,2,9,1,3,STALINGRAD - CAR DES TRO,0.0,0.0
201400044757,20,10,14,10,1,94,65,2,2,1,3,QUAI DE LORIENT,0.0,0.0
201400044758,24,10,14,13,1,94,21,2,1,1,6,"29, HENRI CRETTE (R)",0.0,0.0
201400044759,24,10,14,18,2,94,73,2,1,2,6,"., ALOUETTES (R DES)",0.0,0.0
201400044760,28,10,14,4,2,94,21,1,1,9,3,"., D'AGEN (RUE)",0.0,0.0
201400044761,30,10,14,18,5,94,38,2,9,1,2,"113, BICETRE (R DE)",0.0,0.0
201400044762,3,11,14,9,1,94,38,2,1,1,3,"22, ARISTIDE BRIAND (AV)",0.0,0.0
201400044763,4,11,14,17,5,94,73,2,1,1,3,"., RENE PANHARD (AV)",0.0,0.0
201400044764,6,11,14,9,1,94,21,2,1,1,6,POITOU (R DU),0.0,0.0
201400044765,9,11,14,12,1,94,73,1,1,2,7,RN 186,48.7536,2.37619
201400044766,15,11,14,10,1,94,65,1,1,8,3,"., PONT DES HALLES (R DU",0.0,0.0
201400044767,17,11,14,10,1,94,38,2,1,1,6,"57, COSARDE (R DE LA)",0.0,0.0
201400044768,18,11,14,13,1,94,34,2,1,2,6,"31, HENRI BARBUSSE (R)",0.0,0.0
201400044769,18,11,14,15,1,94,21,1,1,8,3,"., BOULEVARD CIRCULAIRE",0.0,0.0
201400044770,21,11,14,17,2,94,65,2,9,1,7,"., SOLETS (R DES)",0.0,0.0
201400044771,22,11,14,17,2,94,73,2,9,1,6,"., GEORGES HALGOULT (R)",0.0,0.0
201400044772,22,11,14,22,5,94,65,2,9,1,3,"., FONTAINEBLEAU (AV DE)",0.0,0.0
201400044773,23,11,14,12,1,94,38,2,1,1,6,"., HENRI THIRARD (R)",0.0,0.0
201400044774,23,11,14,19,5,94,21,2,1,1,5,"45, FRANKLIN ROOSEVELT (",0.0,0.0
201400044775,24,11,14,18,5,94,65,2,3,1,6,"07, ABREUVOIR (R DE L)",0.0,0.0
201400044776,26,11,14,18,5,94,21,2,1,1,3,"., porte de Thiais",0.0,0.0
201400044777,26,11,14,19,5,94,38,2,1,1,6,PAUL HOCHART (R),0.0,0.0
201400044778,28,11,14,13,1,94,73,2,1,1,6,"150, VERSAILLES (AV DE)",0.0,0.0
201400044779,30,11,14,16,2,94,73,1,1,1,6,RN 186,48.7538,2.37299
201400044780,3,12,14,11,1,94,73,1,9,2,2,"., BAS MARIN (R DU)",0.0,0.0
201400044781,5,12,14,21,5,94,38,2,2,1,3,"., PAUL VAILLANT COUTURI",0.0,0.0
201400044782,6,12,14,17,5,94,38,2,1,1,1,"137, AV FLOUQUET",48.7691,2.32121
201400044783,7,12,14,15,1,94,73,1,9,2,6,"RN186B,  RPT D'ESPAGNE",48.7537,2.37616
201400044784,9,12,14,7,2,94,34,2,1,1,6,"20, ALBERT ROPER (R)",0.0,0.0
201400044785,9,12,14,7,1,94,65,2,1,1,6,"., VANNE (R DE LA)",0.0,0.0
201400044786,11,12,14,19,2,94,65,2,1,1,3,"., CHARLES LINDBERGH (AV",0.0,0.0
201400044787,12,12,14,20,5,94,73,2,1,3,2,Rue d'Italie,0.0,0.0
201400044788,16,12,14,10,1,94,65,2,1,2,2,SOLETS (R DES),0.0,0.0
201400044789,16,12,14,23,5,94,38,2,2,1,1,"52, PAUL VAILLANT COUTUR",0.0,0.0
201400044790,17,12,14,9,1,94,38,2,1,2,6,"15, PAUL VAILLANT COUTUR",0.0,0.0
201400044791,17,12,14,19,5,94,65,1,9,1,2,"., FONTAINEBLEAU (AV DE)",0.0,0.0
201400044792,18,12,14,9,1,94,38,1,6,9,3,"90, GABRIEL PERI (R)",0.0,0.0
201400044793,22,12,14,14,1,94,65,2,3,1,3,"., TROIS MARCHES (AV) /",0.0,0.0
201400044794,28,12,14,17,2,94,38,2,1,1,3,"9, DISPAN (R)",0.0,0.0
201400044795,28,12,14,23,5,94,21,2,1,1,4,"., STALINGRAD (AV DE)",0.0,0.0
201400044796,29,12,14,16,2,94,73,1,9,1,3,"., bld de l'europe",0.0,0.0
201400044797,30,12,14,22,5,94,38,2,2,1,3,"., DAHLIAS (AV DES)",0.0,0.0
201400044798,31,12,14,15,1,94,38,2,2,1,6,"., PAUL VAILLANT COUTURI",0.0,0.0
201400044799,10,1,14,8,2,94,41,2,2,1,3,"2, AV HENRI BARBUSSE/AV",48.8106,2.37997
201400044800,10,1,14,14,1,94,41,2,4,1,3,"4, MARCEL LAMANT/FRERES",48.8075,2.38375
201400044801,7,1,14,0,5,94,41,2,1,2,7,"19, R ROBERT WITCHITZ",48.8099,2.39947
201400044802,9,1,14,6,3,94,41,2,2,8,7,"39,R LEDRU ROLLIN/R PAUL",48.8168,2.38569
201400044803,21,1,14,17,5,94,41,2,1,1,6,"76, AV DE VERDUN",48.8084,2.3737
201400044804,10,1,14,10,1,94,41,2,1,1,7,"3, R BAUDIN",48.8176,2.37352
201400044805,29,1,14,9,1,94,41,2,3,2,2,AUGUSTE DESHAIES/GALILEE,48.8175,2.40446
201400044806,11,8,14,23,5,94,41,2,3,1,3,BOYER / HUGO,48.8224,2.39257
201400044807,1,2,14,21,5,94,41,2,2,1,3,"108, DANIELLE CASANOVA/R",48.8158,2.38303
201400044808,3,2,14,22,5,94,41,2,3,1,3,"113,GEORGES GOSNAT/MARAT",48.8113,2.38396
201400044809,5,2,14,7,5,94,41,2,1,8,6,"30, AV JEAN JAURES",48.8124,2.40279
201400044810,5,2,14,14,1,94,41,2,2,1,3,190 STALINGRAD/ MARTIN,48.8068,2.37496
201400044811,11,2,14,17,2,94,41,2,3,2,6,R MARAT/SAINT-JUST,48.8093,2.38645
201400044812,12,2,14,9,1,94,41,2,2,1,3,MANDELA / COMPAGNON,48.8198,2.39822