Num_Acc,jour,mois,an,hr,condition_eclairage,departement,commune,condition_agglomeration,intersection,condition_atmosphere,type_collision,adresse,lattitude,longitude
201400044813,14,2,14,8,1,94,41,2,1,2,6,"152, AV DANIELLE CASANOV",48.8127,2.38596
201400044814,14,2,14,15,1,94,41,2,3,1,2,CASANOVA / MARRONNIERS,48.8135,2.38517
201400044815,25,2,14,1,3,94,41,2,1,1,3,HIPPOLYTE MARQUES,48.8184,2.37063
201400044816,23,1,14,11,1,94,41,2,1,8,2,"5, R ROBESPIERRE",48.8091,2.38565
201400044817,24,8,14,13,1,94,41,2,2,1,3,COMPAGNON / WESTERMEYER,48.8195,2.39793
201400044818,2,3,14,13,1,94,76,2,3,1,3,GROSMENIL / CARNOT,48.7991,2.35514
201400044819,7,3,14,0,5,94,41,2,3,1,2,BOYER / BRUNESEAU,48.8251,2.38877
201400044820,8,3,14,0,5,94,41,1,1,1,2,"211, AV MAURICE THOREZ",48.8113,2.383
201400044821,28,8,14,18,1,94,41,2,1,1,3,"63, LOUIS BERTRAND",48.8177,2.37561
201400044822,13,3,14,7,1,94,41,2,3,1,6,"70, GOSNAT / DESCARTES",48.8136,2.38909
201400044823,28,10,14,9,1,94,41,2,1,2,3,"70, AUGUSTE DESHAIES (QU",0.0,0.0
201400044824,19,3,14,20,5,94,41,2,1,1,6,"51, QU AUGUSTE DESHAIES",48.8179,2.40244
201400044825,3,11,14,19,5,94,41,2,1,3,2,"21, MARAT (R)",0.0,0.0
201400044826,9,11,14,18,5,94,41,2,1,1,1,"7, REPUBLIQUE (AV DE LA)",0.0,0.0
201400044827,31,1,14,14,1,94,41,2,2,1,3,"49, P VAILLANT C/R LENIN",48.8181,2.39797
201400044828,21,3,14,10,1,94,41,2,2,2,2,AV DE VERDUN,48.8129,2.37038
201400044829,29,11,14,23,5,94,41,2,1,1,3,GAGNEE (R),0.0,0.0
201400044830,25,3,14,17,1,94,41,2,2,2,6,MARTIN / BARBUSSE,48.805,2.37036
201400044831,4,9,14,9,1,94,41,2,3,1,3,GOSNAT / DESCARTES,48.8136,2.38909
201400044832,28,3,14,17,1,94,41,1,1,9,3,"WESTERMEYER, PARK CARREF",48.819,2.39473
201400044833,4,2,14,20,5,94,41,2,2,1,3,"21, R DENIS PAPIN",48.8131,2.39362
201400044834,28,3,14,17,1,94,41,2,1,1,6,AV DANIELLE CASANOVA,48.8133,2.38539
201400044835,31,3,14,23,5,94,41,2,1,1,3,BD DU COLONEL FABIEN,48.8146,2.40801
201400044836,7,9,14,0,5,94,41,2,2,1,3,ROUSSEAU / VANZUPPE,48.8193,2.39261
201400044837,7,2,14,9,1,94,41,2,3,1,6,MARIE CURIE/PERRIN,48.8148,2.37465
201400044838,5,4,14,13,1,94,41,2,1,1,6,"03, AMEDEE HUON",48.8038,2.384
201400044839,9,9,14,8,1,94,41,2,1,1,3,LEDRU ROLLIN,48.8169,2.38597
201400044840,9,4,14,23,5,94,41,2,1,1,6,AV GEORGES GOSNAT,48.8142,2.3899
201400044841,8,4,14,8,1,94,41,2,1,1,7,"21, R ERNEST RENAN",48.8107,2.39835
201400044842,11,2,14,18,5,94,41,2,3,2,6,"32, FABIEN / MAZET",48.8146,2.40712
201400044843,26,4,14,18,1,94,41,2,1,2,2,"15, LENINE",48.8174,2.39661
201400044844,15,9,14,13,1,94,41,2,2,1,3,COUTURIER / L'AVENIR,48.8176,2.39862
201400044845,17,9,14,14,1,94,41,2,2,1,2,VERDUN / LEROY,48.8173,2.36691
201400044846,8,5,14,20,2,94,41,2,2,2,3,"02, LENINE / COMPAGNON",48.8188,2.39914
201400044847,7,5,14,15,1,94,41,2,3,3,6,"17, SAINT-JUST/DESCARTES",48.8118,2.39078
201400044848,12,5,14,22,5,94,41,1,3,1,7,"10,POURCHASSE / MAZET",48.8134,2.409
201400044849,19,9,14,17,1,94,41,2,1,1,3,"119, PAUL VAILLANT COUTU",48.8149,2.40171
201400044850,18,5,14,8,1,94,41,2,2,1,3,"21, PAPIN / MOLIERE",48.8138,2.39543
201400044851,16,5,14,10,1,94,41,2,3,1,3,BOYER / HUGO,48.8224,2.39257
201400044852,20,9,14,19,2,94,41,2,3,2,6,R MARAT,48.8072,2.39106
201400044853,19,5,14,18,1,94,41,2,1,1,3,"83, GEORGES GOSNAT",48.8121,2.38564
201400044854,21,9,14,4,5,94,41,2,3,2,3,LENINE / COUTURIER,48.8181,2.39797
201400044855,24,9,14,17,1,94,41,2,1,1,6,"90, AV DE VERDUN",48.8072,2.37464
201400044856,26,2,14,8,1,94,41,2,3,8,6,"59, MARAT/R CLAUDE GUY",48.8086,2.38745
201400044857,26,2,14,13,1,94,41,2,3,1,1,GEORGES GOSNA / SPINOZA,48.8133,2.38834
201400044858,28,2,14,17,1,94,41,2,1,2,2,AV GEORGES GOSNAT,48.8133,2.38834
201400044859,27,9,14,19,1,94,41,2,5,1,3,CASANOVA / HUGO,48.8176,2.38157
201400044860,12,6,14,20,2,94,41,2,6,7,1,HARTMANN / ROBESPIERRE,48.8053,2.38881
201400044861,2,3,14,10,1,94,41,2,1,1,6,"07, R BAUDIN",48.8175,2.37421
201400044862,2,10,14,18,1,94,41,2,7,1,6,"1, LEON GAMBETTA (PL)",0.0,0.0
201400044863,16,7,14,10,1,94,41,2,2,1,6,"5, R P M CURIE/LE GALLEU",48.8152,2.37563
201400044864,18,7,14,16,1,94,41,2,1,7,6,"79-81, DANIELLE CASANOVA",48.8135,2.38517
201400044865,18,7,14,20,1,94,41,2,2,1,6,MAZET / GUNSBOURG,48.814,2.40747
201400044866,19,7,14,11,1,94,41,2,3,1,3,COUTURIER / L'AVENIR,48.8176,2.39862
201400044867,30,7,14,15,1,94,41,2,3,1,3,SELVA / MOULIN A VENT,48.8083,2.38308
201400044868,14,10,14,8,1,94,41,2,1,1,1,"100, HOCHE (R)",0.0,0.0
201400044869,1,8,14,17,1,94,41,2,2,1,2,MARQUES / VERDUN,48.8173,2.36691
201400044870,16,10,14,13,1,94,41,2,1,1,3,"10, JULES VANZUPPE (R)",0.0,0.0
201400044871,14,8,14,9,1,94,41,2,1,1,6,"37, JEAN LE GALLEU",48.8131,2.37765
201400044872,19,10,14,1,5,94,41,2,9,1,6,"85, PAUL VAILLANT COUTUR",0.0,0.0
201400044873,27,10,14,18,5,94,41,2,1,1,7,"76, DANIELLE CASANOVA (A",0.0,0.0
201400044874,27,10,14,17,5,94,41,2,1,1,6,"144, STALINGRAD (BD DE)",0.0,0.0
201400044875,18,9,14,23,5,94,41,2,2,1,6,POULMARCH / GALLEU,48.8158,2.37275
201400044876,31,10,14,17,2,94,41,2,1,1,2,"162, STALINGRAD (BD DE)",0.0,0.0
201400044877,15,10,14,13,1,94,41,2,1,2,6,"99, GEORGES GOSNAT (AV)",0.0,0.0
201400044878,8,11,14,18,5,94,41,2,1,1,3,MARCEL BOYER (QU),0.0,0.0
201400044879,12,4,14,20,2,94,41,2,2,1,3,ANDRIEUX  / VERDUN,48.8129,2.37038
201400044880,10,11,14,19,5,94,41,2,1,1,3,"16, LENINE (R)",0.0,0.0
201400044881,14,4,14,15,1,94,41,2,1,1,1,"60, AV JEAN JAURES",48.8101,2.40358
201400044882,6,11,14,19,5,94,41,2,1,1,2,"5, PIERRE ET MARIE CURIE",0.0,0.0
201400044883,19,11,14,21,5,94,41,2,2,1,1,SAINT JUST (R),0.0,0.0
201400044884,10,10,14,9,1,94,41,2,1,1,6,"71, LOUIS BERTRAND (R)",0.0,0.0
201400044885,3,12,14,18,5,94,41,2,3,1,1,EDOUARD VASSEUR (R),0.0,0.0
201400044886,28,4,14,17,1,94,41,2,1,1,6,"25, MICHELET",48.8072,2.37601
201400044887,8,12,14,18,5,94,41,1,2,2,6,HIPPOLYTE MARQUES (BD),0.0,0.0
201400044888,2,12,14,17,5,94,41,2,1,2,6,"65-67, PAUL VAILLANT COU",0.0,0.0
201400044889,12,12,14,22,5,94,41,2,6,2,7,LEON GAMBETTA (PL),0.0,0.0
201400044890,3,5,14,14,1,94,41,2,1,1,6,"1, AV SPINOZA",48.8129,2.38876
201400044891,19,12,14,17,5,94,41,2,1,2,2,"70, GEORGES GOSNAT (AV)",0.0,0.0
201400044892,20,12,14,17,5,94,41,2,3,2,1,"24, LOUIS FABLET (R)",0.0,0.0
201400044893,5,12,14,8,1,94,41,2,8,1,6,HIPPOLYTE MARQUES (BD),0.0,0.0
201400044894,28,12,14,6,5,94,41,2,1,1,5,"128, PAUL VAILLANT COUTU",0.0,0.0
201400044895,15,12,14,6,5,94,41,2,2,1,3,"38, J JAURES/GUNSBOURGT",0.0,0.0
201400044896,22,5,14,18,1,94,41,2,1,8,6,"77, AV DE VERDUN",48.8138,2.36958
201400044897,22,5,14,18,1,94,41,2,1,1,6,"31, R BARBES",48.8172,2.37205
201400044898,23,5,14,12,1,94,41,2,1,2,6,"70, ESP GEORGES MARRANE",48.8121,2.38737
201400044899,23,5,14,21,1,94,41,2,1,1,6,"66, R MOLIERE",48.8163,2.39259
201400044900,22,12,14,18,5,94,41,2,1,1,5,"100, PAUL VAILLANT COUTU",0.0,0.0
201400044901,27,12,14,10,1,94,41,2,1,1,2,"71, MAURICE THOREZ (AV)",0.0,0.0
201400044902,28,12,14,22,5,94,41,2,1,1,2,"03, MARCEL BOYER (QU)",0.0,0.0
201400044903,6,6,14,18,1,94,41,2,3,1,3,BERTRAND / MARCEAU,48.8174,2.38089
201400044904,9,6,14,4,3,94,41,2,1,1,2,QU JEAN COMPAGNON,48.8201,2.39659
201400044905,16,6,14,12,1,94,41,2,1,1,3,"110, VAILLANT COUTURIER",48.8155,2.40099
201400044906,20,6,14,20,1,94,41,2,3,1,3,LAMANT / COUTANT,48.8056,2.38441
201400044907,28,6,14,20,1,94,41,2,6,3,3,P V COUTURIER/FABIEN,48.8146,2.40209
201400044908,2,7,14,17,1,94,41,2,1,1,3,"42, PL DE LA REPUBLIQUE",48.8111,2.38338
201400044909,9,7,14,18,1,94,41,2,1,2,3,AV DE LA REPUBLIQUE,48.805,2.39426
201400044910,9,7,14,23,5,94,41,2,2,2,3,"81,LE GALLEU/",48.8106,2.37997
201400044911,12,7,14,12,1,94,41,2,2,1,2,MONMOUSSEAU/,48.8034,2.3829
201400044912,24,7,14,17,1,94,41,2,1,1,2,"87, AV GEORGES GOSNAT",48.8123,2.38612
201400044913,24,7,14,21,1,94,41,2,3,1,2,"8, R RASPAIL/J B CLEMENT",48.8116,2.38713
201400044914,25,7,14,13,1,94,41,2,2,1,3,CURIE / BAUDIN,48.8152,2.37563
201400044915,27,7,14,19,1,94,41,2,1,1,6,"68, GEORGES GOSNAT",48.814,2.38959
201400044916,24,3,14,12,1,94,46,2,1,1,3,15 AV GENERAL DE GAULLE,48.8113,2.42284
201400044917,5,12,14,12,1,94,46,2,1,1,6,"103, JEAN JAURES (R)",0.0,0.0
201400044918,5,11,14,18,5,94,46,2,2,1,3,"., REPUBLIQUE (AV DE LA)",0.0,0.0
201400044919,11,2,14,18,5,94,46,2,3,3,3,REPUBLIQUE / PARMENTIER,48.8018,2.43239
201400044920,22,1,14,18,2,94,46,2,2,2,3,REPUBLIQUE/R DE MARSEIL,48.8086,2.45077
201400044921,21,8,14,10,1,94,46,2,2,1,3,GAMBETTA / CLEMENCEAU,48.8099,2.44349
201400044922,19,6,14,16,1,94,46,2,3,1,6,DE GAULLE/COUTURIER,48.8027,2.42871
201400044923,20,6,14,19,1,94,46,2,2,1,3,GAMBETTA / RENARD,48.8099,2.44589
201400044924,28,6,14,10,1,94,46,2,1,1,6,AV DU GENERAL LECLERC,48.8072,2.43823
201400044925,14,10,14,15,1,94,46,2,1,1,3,"., EDOUARD HERIOT (R)",0.0,0.0
201400044926,16,1,14,7,2,94,46,2,1,2,6,"1, AV DE LA REPUBLIQUE",48.8002,2.4286
201400044927,29,11,14,17,2,94,46,2,2,1,3,JEAN JAURES (R),0.0,0.0
201400044928,27,1,14,17,1,94,46,2,2,2,2,GENERAL DE GAULLE/PROFES,48.8071,2.42547
201400044929,1,10,14,11,1,94,46,2,2,1,3,CHEVREUL (R),0.0,0.0
201400044930,15,10,14,17,1,94,46,2,1,2,2,"., JEAN MOULIN (PL)",0.0,0.0
201400044931,7,12,14,18,5,94,46,2,3,2,3,"133, JEAN JAURES (R)",0.0,0.0
201400044932,5,4,14,17,1,94,46,2,3,1,3,LECLERC / RENAN,48.8128,2.42766
201400044933,4,4,14,16,1,94,46,2,2,1,6,NORMANDIE / MOQUET,48.8114,2.44011
201400044934,9,4,14,17,1,94,46,2,3,1,3,DE GAULLE / GIRARD,48.8137,2.42138
201400044935,26,2,14,17,1,94,46,2,2,1,3,GABRIEL PERI / GAMBETTA,48.8101,2.43742
201400044936,30,4,14,16,1,94,46,2,1,1,6,R JEAN JAURES,48.7916,2.43484
201400044937,9,12,14,18,5,94,46,2,2,1,6,GEORGES CLEMENCEAU (AV),0.0,0.0
201400044938,16,5,14,17,1,94,46,2,4,1,2,BLUM / JAURES,48.7985,2.43354
201400044939,6,6,14,10,1,94,46,2,1,1,6,AV DU GENERAL LECLERC,48.8099,2.43307
201400044940,1,9,14,15,1,94,46,2,2,1,3,FEDERATION / CONVENTION,48.8133,2.44977
201400044941,7,7,14,20,1,94,46,2,3,2,2,"41, AV DE LA LIBERTE",48.7936,2.43245
201400044942,7,4,14,18,1,94,46,2,1,1,3,"119, GEORGES CLEMENCEAU",48.8135,2.44366
201400044943,7,4,14,23,3,94,46,2,2,1,3,REPUBLIQUE / MICHELET,48.81,2.45556
201400044944,19,7,14,17,1,94,46,2,2,1,6,CASANOVA / SANGNIER,48.8059,2.45522
201400044945,24,2,14,12,1,94,46,1,1,1,6,"28,  MARECHAL JUIN",48.8154,2.4311
201400044946,11,7,14,8,1,94,46,2,1,1,2,"17, GENERAL LECLERC",48.8149,2.42216
201400044947,5,8,14,23,5,94,46,2,2,1,6,CORBILLY / REPUBLIQUE,48.8066,2.44335
201400044948,16,1,14,10,1,94,46,2,3,2,3,"62, GAMBETTA / GEORGENTH",48.81,2.44282
201400044949,27,10,14,18,5,94,46,2,1,1,3,"26, PROFESSEUR CADIOT (A",0.0,0.0
201400044950,9,4,14,12,1,94,46,2,3,1,6,JEAN JAURES / VALENTON,48.7933,2.43441
201400044951,23,5,14,10,1,94,46,2,3,1,6,"02, CURIE / LECLERC",48.8124,2.42824
201400044952,21,7,14,21,2,94,46,2,2,1,3,FRANCOIS / BELLE IMAGE,48.8109,2.43473
201400044953,17,2,14,8,1,94,46,2,2,1,3,GABRIEL PERI / GAMBETTA,48.8101,2.43742
201400044954,1,10,14,19,1,94,46,2,3,1,3,JEAN JAURES (R),0.0,0.0
201400044955,28,9,14,10,1,94,46,2,2,1,6,LECLERC / GAMBETTA,48.8083,2.43614
201400044956,7,10,14,9,1,94,46,2,1,2,3,"., PROFESSEUR CADIOT (AV",0.0,0.0
201400044957,20,1,14,18,5,94,46,2,1,2,6,"34, AV DU GENERAL DE GAU",48.8143,2.42098
201400044958,18,11,14,13,1,94,46,2,1,1,6,GENERAL LECLERC (AV DU),0.0,0.0
201400044959,12,4,14,19,2,94,46,2,3,1,3,LECLERC / GUE AUX AUROCH,48.8143,2.42366
201400044960,16,7,14,10,1,94,46,2,1,1,1,AV DU PROFESSEUR CADIOT,48.8034,2.43351
201400044961,24,11,14,16,1,94,46,2,1,1,2,"147, GENERAL LECLERC (AV",0.0,0.0
201400044962,15,4,14,19,2,94,46,2,2,1,3,CLEMENCEAU / REPUBLIQUE,48.8066,2.44335
201400044963,5,12,14,8,1,94,46,2,1,1,4,GENERAL DE GAULLE (AV DU,0.0,0.0
201400044964,4,7,14,13,1,94,46,2,1,2,7,R JEAN JAURES,48.7927,2.43455
201400044965,18,1,14,18,2,94,46,2,3,1,6,"133,J JAURES/CLOS NOYERS",48.7943,2.43415
201400044966,4,6,14,21,2,94,46,2,5,1,3,REPUBLIQUE/CHAMPS CORBIL,48.8066,2.44335
201400044967,18,12,14,18,5,94,46,2,1,2,6,"., JEAN JAURES (R)",0.0,0.0
201400044968,15,12,14,9,1,94,46,2,1,1,6,"16, PROFESSEUR CADIOT (A",0.0,0.0
201400044969,22,12,14,18,5,94,46,2,1,1,3,"298, JEAN JAURES (R)",0.0,0.0
201400044970,23,12,14,17,5,94,46,2,1,1,6,"30, PROFESSEUR CADIOT (A",0.0,0.0
201400044971,6,3,14,13,1,94,46,1,2,1,3,CADIOT /11 NOVEMBRE 1918,48.8045,2.43247
201400044972,13,6,14,0,3,94,46,2,2,1,3,CONVENTION / JEMMAPES,48.8134,2.44671
201400044973,26,3,14,12,1,94,46,2,1,1,3,AV DU GENERAL DE GAULLE,48.8098,2.4238
201400044974,27,9,14,17,1,94,46,2,2,1,3,GEORGES CLEMENCEAU,48.8074,2.4434
201400044975,30,12,14,11,1,94,46,2,3,1,6,"., ERNEST RENAN (R)",0.0,0.0
201400044976,26,1,14,10,1,94,46,2,3,1,6,"93, JAURES / LOUVAIN",48.7995,2.43261
201400044977,6,6,14,10,1,94,46,2,1,1,6,"135, GENERAL LECLERC",48.8099,2.43307
201400044978,9,6,14,15,1,94,46,2,2,2,3,LECLERC / REPUBLIQUE,48.8058,2.44087
201400044979,10,6,14,15,1,94,46,2,3,1,6,CURIE / MAUNOURY,48.8109,2.42637
201400044980,16,9,14,10,1,94,46,2,3,1,3,DE GAULLE,48.8128,2.42195
201400044981,21,4,14,15,1,94,46,2,1,1,2,"25, GENERAL DE GAULLE",48.8074,2.42529
201400044982,12,3,14,14,1,94,46,2,2,1,3,CHEVREUL / PERI,48.8093,2.43682
201400044983,27,9,14,21,5,94,46,2,1,1,2,"03, RASPAIL",48.8083,2.43647
201400044984,7,8,14,19,1,94,46,2,1,1,6,"86, AV GAMBETTA",48.8099,2.44484
201400044985,2,5,14,13,1,94,46,2,1,1,6,"04, R DE MESLY",48.7974,2.4398
201400044986,2,10,14,16,1,94,46,2,1,1,2,"., MESLY (R DE)",0.0,0.0
201400044987,11,9,14,10,1,94,46,2,3,1,6,"102, GENERAL DE GAULLE",48.8028,2.42852
201400044988,6,10,14,15,1,94,46,2,1,1,2,"26, PROFESSEUR CADIOT (A",0.0,0.0
201400044989,24,6,14,19,1,94,46,2,3,1,3,MEDERIC / LEON BLUM,48.8023,2.43484
201400044990,20,6,14,19,1,94,46,2,1,1,3,AV DU GENERAL LECLERC,48.8164,2.4196
201400044991,10,11,14,11,1,94,46,2,1,1,6,"27, GENERAL LECLERC (AV",0.0,0.0
201400044992,11,11,14,20,5,94,46,2,1,1,6,"237, REPUBLIQUE (AV DE L",0.0,0.0
201400044993,17,11,14,8,1,94,46,2,1,1,6,"04, BUSTEAU (AV)",0.0,0.0
201400044994,26,11,14,21,5,94,46,2,2,1,3,"., GAMBETTA (AV)",0.0,0.0
201400044995,27,11,14,22,5,94,46,2,1,1,6,"57, GEORGES MEDERIC (R)",0.0,0.0
201400044996,11,6,14,11,1,94,42,2,1,1,3,AV DU GENERAL GALLIENI,48.8201,2.47534
201400044997,11,6,14,21,1,94,42,2,1,1,2,18 BD DE L'EUROPE,48.8135,2.46556
201400044998,3,1,14,13,1,94,52,2,2,1,3,KABLE/ALBERT 1ER,48.8356,2.49382
201400044999,12,6,14,19,1,94,52,2,2,1,6,ST SEBASTIEN / NOGENTAIS,48.8382,2.48499
201400045000,13,6,14,0,5,94,52,2,1,1,3,BD DE STRASBOURG,48.8364,2.47554
201400045001,27,11,14,19,3,94,52,2,1,1,3,ANQUETIL (R),0.0,0.0
201400045002,8,2,14,15,1,94,58,2,1,1,2,8  BD RAYMOND POINCARE,48.8507,2.49366
201400045003,28,11,14,10,1,94,58,2,1,1,2,"32, LEDRU ROLLIN (AV)",0.0,0.0
201400045004,11,1,14,1,5,94,42,2,2,2,6,R JEAN MERMOZ,48.8202,2.46704
201400045005,5,12,14,15,1,94,58,2,1,8,6,"23, GAITE (R DE LA)",0.0,0.0
201400045006,7,12,14,18,5,94,42,2,1,2,6,"65, GENERAL GALLIENI (AV",0.0,0.0
201400045007,8,12,14,20,5,94,58,2,9,2,3,CHAMPAGNE (R DE),0.0,0.0
201400045008,9,12,14,8,2,94,52,2,4,1,7,JOINVILLE (AV DE),0.0,0.0
201400045009,22,5,14,22,5,94,42,2,2,1,3,DU VALAIS / L'EUROPE,48.815,2.46302
201400045010,15,1,14,14,1,94,58,2,1,2,6,LEDRU ROLLIN,48.8399,2.49677
201400045011,9,12,14,19,5,94,58,2,1,1,6,BRY (AV DE),0.0,0.0
201400045012,24,6,14,17,1,94,58,2,2,1,6,ROLLIN / DE GAULLE,48.8432,2.50342
201400045013,25,6,14,13,1,94,52,2,2,1,2,HEROS / PLAISANCE,48.8392,2.48942
201400045014,27,6,14,6,1,94,15,2,2,1,6,SILHOUETTE / GALLIENI,48.8444,2.52589
201400045015,18,1,14,11,1,94,52,2,2,1,3,GR DE GAULLE/GALLIENI,48.8377,2.48763
201400045016,13,12,14,7,5,94,52,2,1,3,6,"43, CHARLES DE GAULLE (G",0.0,0.0
201400045017,27,6,14,19,1,94,42,2,1,1,3,AV DU GENERAL GALLIENI,48.8201,2.47732
201400045018,28,6,14,16,1,94,52,2,1,2,2,BD DE STRASBOURG,48.8379,2.47774
201400045019,14,12,14,18,5,94,58,2,1,5,6,"24, FRATELLINI (R DES)",0.0,0.0
201400045020,15,12,14,8,2,94,42,2,5,2,6,"21, JEAN MERMOZ (R)",0.0,0.0
201400045021,29,6,14,17,1,94,42,2,3,1,1,GALLIENI / NOVEMBRE 1918,48.8201,2.47841
201400045022,17,12,14,15,1,94,58,2,1,3,3,"148, ALSACE LORRAINE (BD",0.0,0.0
201400045023,22,1,14,20,5,94,58,2,4,2,4,LEDRU ROLLIN/D'ESTIENNE,48.8411,2.49848
201400045024,19,12,14,8,1,94,52,2,1,1,3,"06, MADELEINE SMITH CHAM",0.0,0.0
201400045025,3,7,14,3,5,94,42,2,5,1,2,VALAIS / KENNEDY,48.815,2.46302
201400045026,3,7,14,12,1,94,58,2,3,1,3,BROSSOLETTE / SOUPAULT,48.8348,2.50678
201400045027,1,9,14,13,1,94,58,2,2,1,3,D AMOUR / FOCH,48.8326,2.50601
201400045028,20,12,14,19,5,94,58,2,3,1,6,"46 bis, GABRIEL PERI (AV",0.0,0.0
201400045029,4,7,14,19,1,94,58,1,1,1,6,AV GEORGES CLEMENCEAU,48.8407,2.50512
201400045030,27,1,14,15,1,94,15,2,3,1,1,GENERAL LECLERC/MARAIS,48.8294,2.5176
201400045031,29,1,14,7,2,94,15,2,3,2,1,AV DE RIGNY/R PAUL BARIL,48.8374,2.51847
201400045032,8,7,14,16,1,94,58,2,1,1,6,AV DU GENERAL DE GAULLE,48.8438,2.50271
201400045033,30,1,14,8,1,94,58,2,3,1,6,ALSACE LORRAINE/AVRON,48.8501,2.50043
201400045034,23,10,14,18,2,94,42,2,2,1,3,GENERAL GALLIENI (AV DU),0.0,0.0
201400045035,14,7,14,21,1,94,58,2,2,1,6,DE GAULLE / ROLLIN,48.8432,2.50342
201400045036,15,7,14,9,1,94,42,2,2,1,2,R CHAPSAL / MERMOZ,48.8202,2.46704
201400045037,4,2,14,17,1,94,15,2,3,1,6,RIGNY / BELLAN,48.8384,2.51868
201400045038,4,2,14,20,5,94,58,2,2,1,6,CROIX D EAU/POINCARE,48.8501,2.49456
201400045039,4,2,14,19,5,94,42,2,5,1,2,MERMOZ / QU DE MARNE,48.8202,2.46727
201400045040,18,7,14,15,1,94,58,2,1,1,3,"124, BD D'ALSACE LORRAIN",48.8514,2.50652
201400045041,12,2,14,12,1,94,58,2,1,1,3,"3, R ALBERT LECOCQ",48.8346,2.50406
201400045042,15,2,14,17,1,94,52,2,1,8,2,"49, AV DE JOINVILLE",48.8289,2.46649
201400045043,16,2,14,13,1,94,52,2,2,1,6,ALBERT 1ER/,48.8383,2.4935
201400045044,22,2,14,0,5,94,52,2,3,1,3,STRASBOURG / GABRIEL PER,48.8371,2.47655
201400045045,23,2,14,14,1,94,52,2,2,1,3,HOCHE / PORT,48.8334,2.48929
201400045046,24,2,14,12,1,94,52,2,2,1,6,ALBERT 1ER/KABLE,48.8356,2.49382
201400045047,14,8,14,16,1,94,58,2,2,1,3,PERI / JOFFRE,48.8372,2.51366
201400045048,4,3,14,13,1,94,42,2,1,1,6,"23, R DE PARIS",48.8179,2.46652
201400045049,5,3,14,11,1,94,52,2,3,1,6,"104, DE GAULLE / BERT",48.8371,2.48458
201400045050,20,8,14,16,1,94,58,2,1,8,3,BD D'ALSACE LORRAINE,48.8517,2.50792
201400045051,24,8,14,14,1,94,42,2,3,1,2,BROSSOLETTE / KENNEDY,48.8177,2.46766
201400045052,10,3,14,17,1,94,52,2,2,1,6,"44, KABLE / ALBERT 1ER",48.8356,2.4937
201400045053,10,3,14,21,5,94,58,2,2,1,3,"72, 11 NOVEMBRE / PAIX",48.8468,2.49687
201400045054,27,8,14,11,1,94,15,2,2,1,1,CLEMENCEAU / CAHN,48.8395,2.52342
201400045055,1,9,14,9,1,94,52,2,3,1,3,DE GAULLE / PONTIER,48.8365,2.48214
201400045056,17,3,14,8,1,94,52,2,1,1,6,"6, SMITH CHAMPION",48.8331,2.48464
201400045057,18,3,14,13,1,94,52,2,1,1,2,PONT DE NOGENT,48.8313,2.49299
201400045058,3,9,14,17,1,94,42,2,3,1,3,GALLIENI / ALLAIRE,48.8201,2.47721
201400045059,19,3,14,12,1,94,42,2,2,1,2,MERMOZ / BROSSOLETTE,48.8202,2.46704
201400045060,20,3,14,18,2,94,58,2,3,1,6,ROLLIN / GAITE,48.8434,2.50368
201400045061,8,9,14,13,1,94,42,2,3,1,4,L'EUROPE / REPUBLIQUE,48.8135,2.46541
201400045062,25,3,14,13,1,94,15,2,1,2,1,BD PASTEUR,48.8328,2.5285
201400045063,10,9,14,7,2,94,52,2,1,1,6,R CHARLES VII,48.8365,2.48614
201400045064,25,3,14,18,2,94,58,2,2,9,3,DE GAULLE / GABRIEL PERI,48.8372,2.51099
201400045065,26,3,14,16,1,94,42,2,1,1,6,AV JEAN JAURES,48.8223,2.46486
201400045066,12,9,14,12,1,94,58,2,3,1,3,LORRAINE / ROOSEVELT,48.8524,2.51143
201400045067,28,3,14,15,1,94,42,2,2,1,3,AV JEAN JAURES,48.8198,2.46439
201400045068,28,3,14,17,1,94,42,2,1,1,6,R HENRI BARBUSSE,48.8128,2.46665
201400045069,29,3,14,21,5,94,52,2,2,1,3,STRASBOURG / GEORGES V,48.8413,2.48278
201400045070,16,9,14,17,1,94,52,2,1,1,3,160 CHARLES DE GAULLE,48.8383,2.48972
201400045071,18,9,14,13,1,94,15,2,2,1,5,GEORGES / PASTEUR,48.8325,2.53156
201400045072,3,4,14,8,1,94,52,2,3,1,3,STRASBOURG / ODILE LAURE,48.8419,2.48377
201400045073,4,4,14,11,1,94,52,2,1,1,3,"1, LATTRE DE TASSIGNY",48.8363,2.48267
201400045074,4,4,14,16,1,94,58,2,2,1,3,BROSSOLETTE / FLORIAN,48.8351,2.50128
201400045075,21,9,14,14,1,94,52,2,3,8,2,CHARLES / VITRY,48.836,2.48814
201400045076,22,9,14,7,1,94,42,2,3,1,3,POLANGIS / MADRID,48.8241,2.46895
201400045077,5,4,14,15,1,94,52,2,2,1,3,DE GAULLE / COULMIERS,48.8383,2.49251