Num_Acc,jour,mois,an,hr,condition_eclairage,departement,commune,condition_agglomeration,intersection,condition_atmosphere,type_collision,adresse,lattitude,longitude
201400045078,23,9,14,8,1,94,58,2,1,1,3,"89, AV DU 11 NOVEMBRE",48.8477,2.49658
201400045079,8,4,14,8,1,94,15,2,2,1,6,LEON MENU / FRERES LUMIE,48.8389,2.53766
201400045080,8,4,14,18,1,94,58,2,1,1,6,"108, BD D'ALSACE LORRAIN",48.8511,2.50501
201400045081,26,9,14,11,1,94,58,2,2,1,6,LEDRU ROLLIN / DE GAULLE,48.8432,2.50342
201400045082,27,9,14,12,1,94,52,2,3,1,6,BD ALBERT 1ER/R HOCHE,48.8341,2.49282
201400045083,10,4,14,15,1,94,58,2,3,1,3,MAI 1945 / L'EPARGNE,48.8513,2.51081
201400045084,28,9,14,11,1,94,42,2,1,1,2,"23, R DE PARIS",48.8177,2.46676
201400045085,14,4,14,17,1,94,33,2,2,1,3,GALLIENI / NEUILLY,48.8474,2.47877
201400045086,18,4,14,21,5,94,42,2,2,1,1,GALLIENI / ALLAIRE,48.8201,2.47721
201400045087,19,4,14,23,5,94,15,2,2,1,3,PRAIRIE /  MAURICE NORDM,48.8452,2.51317
201400045088,20,4,14,17,1,94,52,2,2,1,3,CLEMENCEAU / MARRONNIERS,48.836,2.47144
201400045089,8,10,14,9,1,94,42,2,1,3,6,"35, GENERAL GALLIENI (AV",0.0,0.0
201400045090,8,10,14,12,1,94,42,2,9,1,6,"26, PARIS (R DE)",0.0,0.0
201400045091,9,10,14,9,1,94,42,2,1,1,3,"21, GENERAL GALLIENI (AV",0.0,0.0
201400045092,10,10,14,13,1,94,42,2,1,1,3,VERDUN (PL DE),0.0,0.0
201400045093,14,10,14,0,5,94,42,2,1,1,3,"21, GENERAL GALLIENI (AV",0.0,0.0
201400045094,14,10,14,17,1,94,58,2,3,1,6,"42, LIBERTE (BD DE LA)",0.0,0.0
201400045095,16,5,14,11,1,94,15,2,1,1,3,"226, BD PASTEUR",48.8328,2.52902
201400045096,30,4,14,13,1,94,52,2,1,1,3,BD DE STRASBOURG,48.8459,2.49026
201400045097,1,5,14,20,5,94,42,2,5,2,2,"4, GENERAL GALLIENI",48.8201,2.47438
201400045098,17,10,14,23,5,94,52,2,1,1,3,"62, BD DE STRASBOURG",0.0,0.0
201400045099,19,10,14,17,1,94,42,2,6,1,3,VERDUN (PL DE),0.0,0.0
201400045100,20,10,14,9,1,94,58,2,1,1,6,ALSACE LORRAINE (BD D),0.0,0.0
201400045101,21,10,14,7,5,94,15,2,2,8,6,ORMES (R DES),0.0,0.0
201400045102,21,10,14,8,2,94,52,2,3,8,3,STRASBOURG (BD DE),0.0,0.0
201400045103,6,5,14,3,5,94,52,2,2,1,3,ALBERT 1ER/KABLE,48.8356,2.49382
201400045104,6,5,14,8,1,94,58,2,1,2,6,"128, PIERRE BROSSOLETTE",48.8349,2.50471
201400045105,12,5,14,11,1,94,58,2,2,1,3,BROSSOLETTE / LIBERTE,48.8353,2.49785
201400045106,30,10,14,16,1,94,15,2,3,1,2,DAGUERRE (PL),0.0,0.0
201400045107,31,10,14,14,1,94,15,2,1,1,6,"26, LOUIS FERBER (QU)",0.0,0.0
201400045108,31,10,14,19,5,94,15,2,1,1,4,R DU PONT,0.0,0.0
201400045109,16,5,14,17,1,94,58,2,2,1,3,ROLLIN / CORLUIS,48.8461,2.50723
201400045110,3,11,14,7,1,94,58,2,2,1,3,"01, FONTENAY (BD DE)",0.0,0.0
201400045111,4,11,14,8,1,94,52,2,3,1,6,CHARLES DE GAULLE (GRAND,0.0,0.0
201400045112,4,11,14,12,1,94,52,1,1,1,6,"164, STRASBOURG (BD DE)",0.0,0.0
201400045113,22,5,14,9,1,94,58,2,1,1,3,"85, AV LEDRU ROLLIN",48.8439,2.50422
201400045114,5,11,14,12,1,94,52,2,1,1,3,STRASBOURG (BD DE),0.0,0.0
201400045115,22,5,14,18,1,94,52,2,1,1,3,BD DE STRASBOURG,48.8361,2.47494
201400045116,6,11,14,9,1,94,52,2,2,1,2,KABLE/ALBERT 1ER,48.8355,2.49405
201400045117,23,5,14,22,5,94,58,2,6,2,4,POINCARE / LORRAINE,48.8493,2.49598
201400045118,26,5,14,8,1,94,52,2,1,2,2,"171, CHARLES DE GAULLE",48.8383,2.49046
201400045119,30,5,14,9,1,94,58,2,7,1,3,"22, LORRAINE / DE GAULLE",48.8492,2.49601
201400045120,30,5,14,18,1,94,52,2,1,1,3,"13, AV DE JOINVILLE",48.8338,2.47199
201400045121,1,6,14,18,1,94,58,2,3,1,6,CHAMPAGNE / ROSES,48.841,2.51193
201400045122,4,6,14,9,1,94,42,2,2,3,3,OUDINOT / MOQUET,48.8217,2.47289
201400045123,5,6,14,16,1,94,58,2,1,1,6,AV DU GENERAL DE GAULLE,48.838,2.51
201400045124,7,6,14,6,1,94,42,2,3,1,4,JEAN JAURES / BRIAND,48.8208,2.46426
201400045125,8,1,14,8,1,94,68,2,2,1,6,CHAMPIGNY / LA FAYETTE,48.8071,2.50902
201400045126,11,1,14,6,5,94,68,2,2,8,3,MESNIL/  SAINT-LEONARD,48.7983,2.51686
201400045127,14,1,14,18,5,94,68,2,1,1,2,"48, BD DE CRETEIL",48.7982,2.47825
201400045128,16,1,14,17,5,94,68,2,1,2,3,"107, BD DE CHAMPIGNY",48.8061,2.50888
201400045129,17,1,14,7,5,94,68,2,2,1,3,R CHEVALIER/AV DENFERT R,48.7879,2.50264
201400045130,20,1,14,12,1,94,68,1,2,1,3,R DELERUE/ HENRI MARTIN,48.7957,2.48825
201400045131,21,1,14,10,1,94,68,2,1,1,3,"30, BD DE CHAMPIGNY",48.8002,2.5049
201400045132,22,1,14,13,1,94,68,2,2,1,5,BD DE CRETEIL/BARBES,48.798,2.49172
201400045133,23,1,14,10,1,94,68,2,1,1,6,"104, AV GAMBETTA",48.7943,2.49563
201400045134,23,1,14,19,5,94,68,2,1,2,6,"81, R DU PONT DE CRETEIL",48.801,2.47209
201400045135,10,2,14,14,1,94,68,2,2,1,3,LOUIS BLANC/R BERANGER,48.7921,2.49709
201400045136,12,2,14,18,5,94,68,2,1,2,6,"65, AV FOCH",48.8014,2.4942
201400045137,17,2,14,9,1,94,68,2,2,1,3,ILES /POLITZER,48.8085,2.4642
201400045138,1,3,14,23,5,94,68,2,5,2,3,PL JEAN MOULIN,48.7979,2.50284
201400045139,4,3,14,16,1,94,68,2,3,1,6,PONT CRETEIL/CHEMIN VERT,48.8011,2.47218
201400045140,6,3,14,12,1,94,68,2,5,1,3,BAC / BONNEUIL,48.7964,2.50671
201400045141,8,3,14,9,1,94,68,2,3,1,3,CHAMPIGNY / CONVENTION,48.8044,2.50859
201400045142,11,3,14,9,1,94,68,2,1,1,2,"7, BD DE CRETEIL",48.7989,2.4738
201400045143,11,3,14,18,5,94,68,2,1,1,3,"48, BD RABELAIS",48.8053,2.4833
201400045144,11,3,14,19,5,94,68,2,2,1,3,AV FOCH / LOUVIERE,48.8044,2.48612
201400045145,12,3,14,16,1,94,68,2,3,1,2,GIRAUD / LALANDE,48.7877,2.49142
201400045146,14,3,14,18,1,94,68,2,4,1,3,DOLET / DEROULEDE,48.7898,2.48443
201400045147,19,3,14,18,5,94,68,2,3,1,3,FOCH / 2 BOULEVARDS,48.7991,2.49964
201400045148,21,3,14,8,1,94,68,2,3,1,3,R DU PONT DE CRETEIL,48.8041,2.47175
201400045149,2,4,14,13,1,94,68,2,3,1,3,BAC / ETIENNE MARCEL,48.7967,2.50588
201400045150,5,4,14,14,1,94,68,2,1,1,3,"49,QU DU PORT DE CRETEIL",48.8011,2.47009
201400045151,8,4,14,16,1,94,68,2,3,1,6,AV MAHIEU / CONDE,48.8125,2.47316
201400045152,11,4,14,18,1,94,68,2,2,1,3,ROUX / ALBERT DE MUN,48.7872,2.48853
201400045153,12,4,14,19,5,94,68,2,1,1,6,"30, QU DU PARC",48.8101,2.49588
201400045154,12,4,14,17,1,94,68,2,1,1,6,AV DU BAC,48.7922,2.51777
201400045155,22,4,14,12,1,94,68,2,2,1,3,MARRONNIERS / BEL AIR,48.8057,2.49662
201400045156,26,4,14,12,1,94,68,2,1,2,3,"119, AV DU BAC",48.7916,2.51914
201400045157,4,5,14,18,1,94,68,2,1,1,6,R ROCHAMBEAU,48.8051,2.51402
201400045158,26,4,14,22,5,94,68,2,2,2,3,DIDIER / BUFFON,48.7985,2.51062
201400045159,15,5,14,13,1,94,68,2,2,1,2,AV LOUIS BLANC,48.7891,2.49526
201400045160,17,5,14,17,1,94,68,2,1,1,3,"187, BD DE CRETEIL",48.7978,2.5011
201400045161,18,5,14,18,1,94,68,2,3,1,3,BEAUJEU / FRATERNITE,48.7963,2.47501
201400045162,22,5,14,20,2,94,68,2,2,1,3,CAR DU 8 MAI 1945,48.8022,2.49207
201400045163,24,5,14,18,1,94,68,2,1,1,3,"134, AV FOCH",48.7984,2.50155
201400045164,2,6,14,18,1,94,68,2,3,1,2,FOCH / GABRIELLE,48.8042,2.4869
201400045165,12,6,14,16,1,94,68,2,6,1,6,8 MAI 1945 / FOCH,48.8021,2.49255
201400045166,13,6,14,14,1,94,68,2,1,1,3,BD DES CORNEILLES,48.7861,2.49217
201400045167,17,6,14,15,1,94,68,2,3,1,6,HUGO / DE GAULLE,48.8032,2.4854
201400045168,18,6,14,17,1,94,68,2,1,1,6,PONT DE CHAMPIGNY,48.8083,2.50926
201400045169,19,6,14,16,1,94,68,2,4,1,2,CRETEIL / GENERAL GIRAUD,48.799,2.47347
201400045170,27,6,14,13,1,94,68,2,3,1,3,LOUIS BLANC / EUGENE SUE,48.7907,2.49622
201400045171,27,6,14,22,5,94,68,2,2,1,3,GARNIER / PILIERS,48.7936,2.50889
201400045172,4,7,14,13,1,94,68,2,2,2,3,PILIERS / HAVRE,48.7943,2.5064
201400045173,4,7,14,14,1,94,68,2,1,1,3,"137, BD DE CHAMPIGNY",48.8086,2.50938
201400045174,10,7,14,9,1,94,68,2,2,3,2,BEAUBOURG / CONDE,48.8133,2.47878
201400045175,12,7,14,16,1,94,68,2,2,1,3,DAVID / JEAN JAURES,48.7941,2.47711
201400045176,18,7,14,13,1,94,68,2,1,1,3,"80, BD DE CHAMPIGNY",48.8047,2.50869
201400045177,22,7,14,17,1,94,68,2,2,1,3,ROUX / ADAM,48.7924,2.49157
201400045178,24,7,14,12,1,94,68,2,2,1,3,CHENNEVIERES / LAMY,48.7892,2.5175
201400045179,1,8,14,17,1,94,68,2,2,1,3,PILIERS / GARNIER,48.7936,2.50889
201400045180,15,8,14,14,1,94,68,2,1,1,6,AV BEAUREPAIRE,48.7875,2.48074
201400045181,17,8,14,0,5,94,68,2,2,1,3,CHAMPIGNY / JOFFRE,48.8039,2.50823
201400045182,23,8,14,18,1,94,68,2,2,2,3,BERTEAUX / POLITZER,48.811,2.46932
201400045183,28,8,14,12,1,94,68,2,1,1,6,VICTOR HUGO,48.8033,2.48519
201400045184,31,8,14,9,1,94,68,2,2,1,3,CHENNEVIERES / LAMY,48.7892,2.5175
201400045185,1,9,14,15,1,94,68,2,3,1,3,NEUVILLE / LE DUC,48.8038,2.50936
201400045186,1,9,14,19,1,94,68,2,1,1,3,"3, MAURICE BERTEAUX",48.8116,2.46897
201400045187,5,9,14,13,1,94,68,2,2,1,3,FOCH / CALMETTE,48.8022,2.49207
201400045188,12,9,14,16,1,94,68,2,2,1,3,REMISES / LORRAINE,48.8059,2.47293
201400045189,12,9,14,19,1,94,68,2,2,1,3,ZOLA / DIDEROT,48.8026,2.48458
201400045190,14,9,14,17,1,94,68,2,2,1,6,"15, AV DU BAC",48.7971,2.50493
201400045191,16,9,14,11,1,94,68,2,2,1,3,BLANC / BERANGER,48.7921,2.49709
201400045192,18,9,14,10,1,94,68,2,2,1,3,MOINES / ROCHEREAU,48.7871,2.50547
201400045193,19,9,14,19,5,94,68,2,1,1,5,"21, VARENNE",48.8089,2.4724
201400045194,21,9,14,12,1,94,68,2,4,2,3,LAFAYETTE / MARIGNAN,48.806,2.51194
201400045195,22,9,14,11,1,94,68,2,2,1,3,MARCEL / REGNAULT,48.7989,2.50714
201400045196,22,9,14,11,1,94,68,2,1,1,6,ALSACE LORRAINE,48.8051,2.47744
201400045197,26,9,14,18,1,94,68,2,5,1,3,BLANC / DANTON,48.7927,2.49745
201400045198,27,9,14,0,5,94,68,2,1,1,6,"63, BD DE CHAMPIGNY",48.803,2.50736
201400045199,3,10,14,9,1,94,68,2,1,1,6,"39, JOFFRE (AV)",0.0,0.0
201400045200,10,10,14,7,1,94,68,2,9,1,3,"72, BAC (AV DU)",0.0,0.0
201400045201,10,10,14,15,1,94,68,2,2,1,3,CRETEIL (BD DE),0.0,0.0
201400045202,10,10,14,19,5,94,68,2,2,1,3,CHATEAU (AV DU),0.0,0.0
201400045203,13,10,14,17,1,94,68,2,2,1,3,VERGNIAUD (AV),0.0,0.0
201400045204,17,10,14,12,1,94,68,2,2,2,3,GUYNEMER (AV),0.0,0.0
201400045205,21,10,14,10,1,94,68,2,3,1,3,MAURICE BERTEAUX (BD),0.0,0.0
201400045206,22,10,14,9,1,94,68,2,2,1,3,CRETEIL (BD DE),0.0,0.0
201400045207,23,10,14,18,5,94,68,2,2,1,3,CRETEIL (BD DE),0.0,0.0
201400045208,28,10,14,12,1,94,68,2,1,1,6,"26, BAC (AV DU)",0.0,0.0
201400045209,29,10,14,12,1,94,68,2,2,1,3,FOCH (AV),0.0,0.0
201400045210,3,11,14,9,1,94,68,2,1,1,4,PONT DE CRETEIL (R DU),0.0,0.0
201400045211,12,11,14,19,5,94,68,2,1,1,6,"18, EMILE ZOLA (AV)",0.0,0.0
201400045212,13,11,14,7,2,94,68,2,2,1,3,ALBERT DE MUN (R),0.0,0.0
201400045213,14,11,14,22,5,94,68,2,2,1,3,ELIAS HOWES (R),0.0,0.0
201400045214,17,11,14,17,5,94,68,2,9,2,6,"1, CHEMIN VERT (R DU)",0.0,0.0
201400045215,19,11,14,14,1,94,68,2,1,1,6,"11, REMISES (R DES)",0.0,0.0
201400045216,21,11,14,11,1,94,68,2,1,1,3,MAURICE BERTEAUX (BD),0.0,0.0
201400045217,21,11,14,17,5,94,68,2,2,1,3,DOCTEUR TOURASSE (AV DU),0.0,0.0
201400045218,22,11,14,16,1,94,68,2,1,1,3,"17, MAURICE BERTEAUX (BD",0.0,0.0
201400045219,24,11,14,9,1,94,68,2,2,1,3,SAINT HILAIRE (R),0.0,0.0
201400045220,25,11,14,19,5,94,68,2,1,1,4,MESNIL (AV DU),0.0,0.0
201400045221,27,11,14,12,1,94,68,2,1,8,3,"07, COMMANDANT RIVIERE (",0.0,0.0
201400045222,1,12,14,19,5,94,68,2,9,2,3,"4, CHAMPIGNY (BD DE)",0.0,0.0
201400045223,3,12,14,18,5,94,68,2,2,1,6,EMILE ZOLA (AV),0.0,0.0
201400045224,4,12,14,20,5,94,68,2,2,1,3,HENRI MARTIN (AV),0.0,0.0
201400045225,8,12,14,18,5,94,68,2,2,1,6,GODEFROY CAVAIGNAC (AV),0.0,0.0
201400045226,13,12,14,17,5,94,68,2,1,2,6,"35, FOCH (AV)",0.0,0.0
201400045227,13,12,14,18,5,94,68,2,2,2,3,BOURBAKI (AV),0.0,0.0
201400045228,17,12,14,9,1,94,68,2,1,2,6,LOUVIERE (PL DE LA),0.0,0.0
201400045229,17,12,14,15,1,94,68,2,4,2,3,PONT DE CRETEIL (R DU),0.0,0.0
201400045230,17,12,14,18,5,94,68,2,1,2,6,"114, CRETEIL (BD DE)",0.0,0.0
201400045231,19,12,14,11,1,94,68,2,1,2,5,SAINT HILAIRE (R),0.0,0.0
201400045232,23,12,14,18,5,94,68,2,1,1,3,"196, CRETEIL (BD DE)",0.0,0.0
201400045233,29,12,14,11,1,94,68,2,2,1,3,RABELAIS (BD),0.0,0.0
201400045234,16,1,14,16,1,94,68,2,3,1,3,CRETEIL / L'ECLUSE,48.804,2.47162
201400045235,20,1,14,16,2,94,68,2,2,1,3,AV FRANCIS GARNIER/AV DE,48.7936,2.50889
201400045236,22,1,14,20,5,94,68,2,4,2,5,PONT DE CRETEIL/REMISES,48.8044,2.47175
201400045237,26,1,14,2,5,94,68,2,2,1,3,AV LOUIS BLANC/LA MARNE,48.7933,2.49783
201400045238,15,3,14,1,5,94,68,2,3,1,3,MESNIL / COLETTE,48.7989,2.51734
201400045239,22,3,14,0,5,94,68,2,4,1,3,PONT DE CRETEIL/MARIN,48.8084,2.47122
201400045240,8,5,14,0,5,94,68,2,2,1,3,ALMA / RASPAIL,48.786,2.49524
201400045241,9,5,14,17,1,94,68,2,1,1,2,"10, AV DE L'ALMA",48.7882,2.49525
201400045242,6,6,14,23,5,94,68,2,4,1,3,BD DE CRETEIL,48.799,2.47347
201400045243,7,7,14,16,1,94,68,2,1,1,3,"40, R DELERUE",48.7957,2.49104
201400045244,12,7,14,11,1,94,68,2,1,1,6,R SAINT-FIACRE,48.8081,2.51179
201400045245,16,7,14,18,1,94,68,2,1,1,3,R DE LA VARENNE,48.8071,2.47545
201400045246,25,7,14,18,1,94,68,2,1,1,1,"76, AV DU BAC",48.7939,2.5132
201400045247,3,8,14,17,1,94,68,2,1,9,6,"32, AV GUYNEMER",48.7871,2.48415
201400045248,20,8,14,9,1,94,68,2,2,1,4,GARIBALDI / CHOLET,48.7945,2.48569
201400045249,23,8,14,16,1,94,68,2,6,1,3,FOCH / 8 MAI 1945,48.8021,2.49255
201400045250,20,9,14,23,5,94,68,2,1,1,6,"8, CHANZY",48.7916,2.51392
201400045251,24,9,14,1,5,94,68,2,6,1,6,GAMBETTA / RIMINI,48.7942,2.49579
201400045252,5,10,14,7,1,94,68,2,1,1,6,"54, BAC (AV DU)",0.0,0.0
201400045253,20,10,14,19,5,94,68,2,1,2,6,PONT DE CRETEIL (R DU),0.0,0.0
201400045254,30,10,14,13,1,94,68,2,3,1,2,"169, CRETEIL (BD DE)",0.0,0.0
201400045255,17,11,14,7,1,94,68,2,1,1,6,PONT DE CRETEIL (R DU),0.0,0.0
201400045256,18,11,14,10,1,94,68,2,1,1,6,ARMES (PL D),0.0,0.0
201400045257,18,11,14,21,3,94,68,2,1,2,6,"37, PONT DE CRETEIL (R D",0.0,0.0
201400045258,28,11,14,0,5,94,68,2,2,1,3,"27, PONT DE CRETEIL (R D",0.0,0.0
201400045259,7,12,14,5,5,94,68,1,4,1,6,MARIGNAN (R),0.0,0.0
201400045260,12,12,14,19,5,94,68,2,1,3,6,"33, PORT DE CRETEIL (QU",0.0,0.0
201400045261,2,1,14,19,5,94,78,2,4,1,3,8 MAI 1945/SEMARD,48.7297,2.44687
201400045262,23,12,14,1,5,94,77,2,2,1,3,GARE (R DE LA),0.0,0.0
201400045263,23,12,14,18,5,94,78,2,2,2,3,CARNOT (AV),0.0,0.0
201400045264,24,12,14,11,1,94,78,2,4,8,7,GERVAIS/MENDES-FRANCE,48.7256,2.44481
201400045265,7,4,14,9,1,94,78,2,1,8,7,AV DU 8 MAI 1945,48.7277,2.4457
201400045266,10,1,14,18,5,94,74,2,1,1,3,R LE BOIS CERDON,48.7278,2.4743
201400045267,25,4,14,19,1,94,78,2,3,1,6,PRESIDENT / ACACIAS,48.7334,2.46183
201400045268,3,8,14,7,5,94,78,2,1,1,2,330 R DE PARIS,48.7498,2.44557
201400045269,23,5,14,7,1,94,74,2,1,1,6,AV SALVADOR ALLENDE,48.7503,2.46288
201400045270,15,1,14,16,5,94,77,2,2,2,3,"141, AV LE FOLL",48.7307,2.42584
201400045271,15,1,14,21,5,94,78,2,1,2,6,"22, PL PIERRE SEMARD",48.7302,2.44687
201400045272,16,1,14,18,3,94,74,2,1,2,6,AV DU RU DE GIRONDE,48.7424,2.46594
201400045273,29,6,14,6,1,94,78,2,5,2,4,"286, PARIS/BERLIOZ",48.7459,2.44647
201400045274,19,1,14,0,5,94,78,2,1,2,6,"262, R DE PARIS",48.7442,2.4467
201400045275,13,7,14,12,1,94,78,2,2,2,2,"154, R DE PARIS/CHOISY",48.7356,2.44665
201400045276,21,1,14,8,1,94,77,2,3,2,3,"73, PAUL BERT/R DE LA PL",48.7354,2.44146
201400045277,25,1,14,9,1,94,74,2,3,2,5,"72, BARBUSSE/JAURES",48.7662,2.44147
201400045278,19,6,14,9,1,94,77,2,3,1,3,MAUNOURY/ VOLTAIRE,48.7293,2.41032
201400045279,1,11,14,6,5,94,78,2,1,1,2,R DE PARIS,48.7424,2.44661
201400045280,31,1,14,16,1,94,78,2,3,1,7,R ROLAND GARROS,48.752,2.45107
201400045281,2,2,14,5,5,94,74,2,1,1,6,"86, AV HENRI BARBUSSE",48.7682,2.44096
201400045282,15,12,14,18,5,94,74,2,3,2,6,"30, GASTON MONMOUSSEAU (",0.0,0.0
201400045283,28,1,14,9,1,94,78,2,3,1,3,R MICHELET/R EMILE ZOLA,48.7355,2.44867
201400045284,28,1,14,12,1,94,77,2,2,1,3,GENERAL DE GAULLE/COMMUN,48.7352,2.42301
201400045285,3,2,14,16,1,94,78,1,1,1,1,"62, FONTAINE SAINTMARTIN",48.7281,2.47275
201400045286,6,2,14,7,4,94,74,2,1,1,5,"08, AV JULIEN DURANTON",48.7589,2.45136
201400045287,7,2,14,9,1,94,78,2,3,1,6,CHOISY/HOCHE,48.748,2.43578
201400045288,28,6,14,0,5,94,78,2,3,1,5,ANATOLE FRANCE /  MARTIN,48.7386,2.45274
201400045289,18,2,14,14,1,94,77,2,1,1,6,"116, AV PAUL DOUMER",48.7372,2.4239
201400045290,21,2,14,18,2,94,78,2,1,1,6,"107, AV ANATOLE FRANCE",48.7465,2.45269
201400045291,22,2,14,8,1,94,78,2,1,2,6,"9, AV DE LA REPUBLIQUE",48.7288,2.44851
201400045292,4,3,14,13,1,94,78,2,3,1,3,18 JUIN 1940/ARMAND,48.7605,2.44291
201400045293,6,3,14,9,1,94,78,2,6,1,2,CAR JEAN MOULIN /REPUBLI,48.7271,2.45032
201400045294,14,3,14,0,5,94,78,2,1,1,6,R DE PARIS,48.7304,2.44686
201400045295,14,3,14,16,1,94,78,2,1,1,6,"07, AV DE CHOISY",48.7383,2.44474
201400045296,15,3,14,18,2,94,78,2,3,1,1,"20, FERRY / SAND",48.7385,2.4604
201400045297,18,3,14,7,1,94,74,2,1,1,6,"44, R DU COLONEL FABIEN",48.7449,2.46979
201400045298,19,3,14,17,1,94,78,2,1,1,6,R THIMONNIER,48.7511,2.44622
201400045299,20,3,14,8,1,94,78,2,2,1,3,JUSTICE / KENNEDY,48.7314,2.4586
201400045300,22,3,14,21,5,94,78,2,1,1,7,AV DU 8 MAI 1945,48.7261,2.44454
201400045301,22,3,14,20,5,94,78,2,3,1,4,"15, AV MELUN/BELLE PLACE",48.7241,2.44478
201400045302,24,3,14,10,1,94,78,2,1,1,2,AV DE LA FONTAINE SAINT-,48.7351,2.47205
201400045303,25,3,14,16,1,94,74,2,1,2,2,AV DU RU DE GIRONDE,48.7443,2.4649
201400045304,28,3,14,13,1,94,78,2,1,1,6,"22, PL PIERRE SEMARD",48.7304,2.44686
201400045305,1,4,14,11,1,94,1,2,3,1,4,QU MAGNE / LONGJUMEAU,48.7207,2.41752
201400045306,10,4,14,10,1,94,78,2,2,1,6,CARNOT/JANIN,48.733,2.45064
201400045307,10,4,14,13,1,94,78,2,1,1,6,"1, PL MOULIERAT",48.7488,2.43404
201400045308,11,4,14,11,1,94,78,2,1,1,2,"11, BOIELDIEU",48.7336,2.44892
201400045309,11,4,14,16,1,94,77,2,3,1,2,FOLL / WEDDINGEN,48.7286,2.43063
201400045310,14,4,14,11,1,94,78,2,2,1,2,"160, R PARIS/AV CHOISY",48.7356,2.44665
201400045311,17,4,14,18,1,94,77,2,2,1,3,HENRI LAIRE / REPUBLIQUE,48.7317,2.4131
201400045312,20,4,14,17,1,94,1,2,1,1,6,QU DE LA BARONNIE,48.7221,2.42094
201400045313,24,4,14,0,5,94,1,2,1,1,6,"9, R DU MONT CASSIN",48.7237,2.41407
201400045314,26,4,14,13,1,94,78,2,3,2,3,TILLEULS / KENNEDY,48.7355,2.46538
201400045315,26,4,14,16,1,94,78,2,3,2,2,"284, R PARIS/H BERLIOZ",48.7459,2.44662
201400045316,27,4,14,5,5,94,78,2,1,1,1,R DE PARIS,48.7345,2.44685
201400045317,29,4,14,6,1,94,77,2,2,1,2,REPUBLIQUE / MOQUET,48.7311,2.42235
201400045318,1,5,14,18,1,94,77,2,2,2,3,ROUSSEAU / DE GAULLE,48.7353,2.42518
201400045319,5,3,14,10,1,94,74,2,3,1,7,"52, GIRONDE / GROUETTES",48.7427,2.46582
201400045320,5,5,14,20,2,94,78,2,3,1,3,R DE PARIS/DUNANT,48.7322,2.44684
201400045321,6,5,14,6,2,94,78,2,1,2,6,PL PIERRE SEMARD,48.7308,2.44684
201400045322,10,5,14,21,5,94,74,2,2,1,2,SAINT-JULIEN / KASTLER,48.749,2.45546
201400045323,12,5,14,19,1,94,77,2,6,1,5,CARNOT / BRIAND,48.7367,2.41259
201400045324,13,5,14,10,1,94,78,2,3,8,2,18 JUIN 1940/ARMAND,48.7604,2.44276
201400045325,13,5,14,20,1,94,78,2,1,1,6,AV DU 8 MAI 1945,48.7286,2.44624
201400045326,14,5,14,11,1,94,78,2,3,1,6,R DE LA MARNE / PARIS,48.7311,2.44682
201400045327,15,5,14,14,1,94,78,2,2,1,2,"152, R DE PARIS/ZOLA",48.7356,2.4468
201400045328,16,5,14,8,1,94,78,2,2,1,2,"55, VANZETTI / GIRONDE",48.742,2.46597
201400045329,19,5,14,13,1,94,77,2,2,1,2,TILLON/NUNGESSER,48.7329,2.40359
201400045330,24,5,14,15,1,94,78,2,1,2,6,"45, AV DE CHOISY",48.7487,2.43522
201400045331,26,5,14,7,1,94,74,2,1,8,6,"98, RU DE GIRONDE",48.7402,2.46781
201400045332,29,5,14,19,1,94,74,2,1,1,2,"14, AV HENRI BARBUSSE",48.7627,2.44237
201400045333,10,6,14,2,4,94,78,2,3,2,3,APPEL 18 JUIN/ARMAND,48.7594,2.44307
201400045334,5,6,14,19,1,94,78,2,2,1,5,CARNOT / VALENTON,48.7331,2.45131
201400045335,14,6,14,14,1,94,78,2,1,1,6,R HENRI JANIN,48.7292,2.44766
201400045336,14,6,14,20,1,94,78,2,3,1,2,"108, R DE PARIS/DUNANT",48.7322,2.44684
201400045337,15,6,14,15,1,94,74,2,1,1,6,R SACCO ET VANZETTI,48.7423,2.46718
201400045338,19,6,14,17,1,94,78,2,3,1,2,MICHELET / JULES GUESDE,48.7341,2.44872
201400045339,21,6,14,16,1,94,74,2,1,1,7,NOVEMBRE 1918/CHE VALENT,48.751,2.46776
201400045340,24,6,14,17,1,94,78,2,3,1,2,ANATOLE FRANCE / SEGUIN,48.7468,2.45273
201400045341,30,6,14,12,1,94,78,2,1,1,2,R PIERRE MENDES-FRANCE,48.7273,2.44524
201400045342,1,7,14,16,1,94,78,2,1,1,6,R HENRI LEDUC,48.7311,2.44754
201400045343,1,7,14,18,1,94,78,2,4,1,1,LA SOURCE / BOSQUETS,48.7235,2.44978
201400045344,3,7,14,9,1,94,78,2,4,9,3,AV DU 8 MAI 1945/SEMARD,48.7297,2.44687
201400045345,5,7,14,5,2,94,78,2,4,2,2,R DE PARIS/AV W CHURCHIL,48.7552,2.44426
201400045346,9,7,14,17,1,94,78,2,3,3,6,-EXUPERY / GARROS,48.7526,2.44806
201400045347,9,7,14,16,1,94,78,2,1,3,7,AV DE CHOISY,48.7468,2.43682