Num_Acc,jour,mois,an,hr,condition_eclairage,departement,commune,condition_agglomeration,intersection,condition_atmosphere,type_collision,adresse,lattitude,longitude
201400045348,19,7,14,11,1,94,77,2,4,1,2,VERDUN / NORMANDE,48.734,2.40557
201400045349,28,7,14,17,1,94,78,2,1,1,5,"184, R DE PARIS",48.7383,2.44682
201400045350,30,7,14,15,1,94,74,2,1,1,2,AV DU RU DE GIRONDE,48.7409,2.46732
201400045351,31,7,14,9,1,94,78,2,3,1,2,"118, R DE PARIS/CARNOT",48.733,2.44681
201400045352,31,7,14,18,1,94,77,2,1,1,3,AV LE FOLL,48.7291,2.42933
201400045353,31,7,14,20,1,94,78,2,1,1,2,"22, R DE PARIS",48.7302,2.44687
201400045354,1,8,14,23,5,94,78,2,3,1,2,CARNOT / BOIELDIEU,48.733,2.44893
201400045355,6,8,14,12,1,94,78,2,5,2,5,PARIS/HECTOR BERLIOZ,48.7464,2.4464
201400045356,9,8,14,0,5,94,77,2,6,2,3,REPUBLIQUE / LYAUTEY,48.731,2.41842
201400045357,13,8,14,15,1,94,77,2,2,1,3,AV DE LA REPUBLIQUE,48.7311,2.4199
201400045358,30,8,14,22,5,94,78,2,4,1,4,PARIS/CHURCHILL,48.7552,2.44426
201400045359,1,9,14,16,1,94,78,2,3,1,3,"14, PL PIERRE SEMARD",48.7297,2.44687
201400045360,2,9,14,14,1,94,78,1,3,1,2,18 JUIN 1940/ARMAND,48.7594,2.44324
201400045361,3,9,14,8,1,94,77,2,2,1,6,FERRY / RAYMOND ML,48.7345,2.41169
201400045362,4,9,14,8,1,94,78,2,3,1,3,"14, PL PIERRE SEMARD",48.7297,2.44687
201400045363,7,9,14,11,1,94,78,2,1,1,2,AV DE L'APPEL DU 18 JUIN,48.7589,2.44334
201400045364,10,9,14,14,1,94,77,2,3,1,6,"22, R HONORE OURSEL",48.7299,2.44022
201400045365,22,9,14,16,1,94,78,2,3,1,3,PARIS/CARNOT,48.733,2.44681
201400045366,23,9,14,23,5,94,78,2,6,1,2,"1, ANATOLE FRANCE PROLON",48.7491,2.45326
201400045367,24,9,14,10,1,94,77,2,2,1,3,VOYER / HUGO,48.7324,2.41667
201400045368,1,10,14,18,1,94,74,2,1,1,6,"8, COLONEL FABIEN (R)",0.0,0.0
201400045369,4,10,14,20,5,94,74,2,1,1,6,RU DE GIRONDE (AV DU),0.0,0.0
201400045370,6,10,14,6,2,94,78,2,1,1,6,PL PIERRE SEMARD,48.7302,2.44687
201400045371,6,10,14,15,1,94,74,2,2,1,2,RU DE GIRONDE (AV DU),0.0,0.0
201400045372,6,10,14,18,2,94,74,2,1,3,6,JULIEN DURANTON (avenue),0.0,0.0
201400045373,6,10,14,18,5,94,78,2,1,3,1,CHOISY (AV DE),0.0,0.0
201400045374,8,10,14,9,1,94,74,2,3,3,3,BARBUSSE/PASTEUR,48.7669,2.44128
201400045375,11,10,14,7,5,94,78,2,2,3,3,AV LE FOLL/VAL D'ABLON,0.0,0.0
201400045376,12,10,14,3,5,94,78,2,4,1,2,PARIS/CHURCHILL,48.7552,2.44426
201400045377,13,10,14,8,1,94,78,2,1,1,7,"38, PRESIDENT JOHN FITZG",0.0,0.0
201400045378,14,10,14,8,1,94,78,2,3,1,4,PARIS/CARNOT,48.733,2.44681
201400045379,15,10,14,16,1,94,78,2,3,2,5,8 MAI 1945/GERVAIS,48.7257,2.44468
201400045380,18,10,14,6,5,94,78,2,1,1,6,PRESIDENT JOHN FITZGERAL,0.0,0.0
201400045381,26,10,14,22,5,94,78,2,4,1,3,PL PIERRE SEMARD,48.7297,2.44687
201400045382,28,10,14,14,1,94,77,2,2,5,3,"1, POINCARE (AV)",0.0,0.0
201400045383,11,11,14,5,5,94,78,2,1,9,6,AV DU 8 MAI 1945,48.7268,2.44502
201400045384,12,11,14,7,1,94,74,2,1,1,6,70 BIS AV HENRI BARBUSSE,48.766,2.44151
201400045385,12,11,14,7,1,94,74,2,2,1,3,JOURDAIN THEODULE (rue),0.0,0.0
201400045386,12,11,14,8,1,94,1,2,2,1,6,"2, LIBERATION (place de",0.0,0.0
201400045387,12,11,14,10,1,94,78,2,1,1,3,WINSTON CHURCHILL (AV),0.0,0.0
201400045388,16,11,14,20,5,94,1,2,1,2,2,"8, RUE DU BAC",0.0,0.0
201400045389,18,11,14,23,5,94,77,2,9,1,6,VERDUN (COUR DE),0.0,0.0
201400045390,20,11,14,22,5,94,74,2,2,2,3,SACCO VANZETTI/GIRONDE,0.0,0.0
201400045391,26,11,14,10,1,94,78,2,3,1,2,188 PARIS/ORME STE MARIE,48.739,2.44684
201400045392,22,11,14,17,5,94,74,2,3,1,3,"17-19, COLONEL FABIEN (R",0.0,0.0
201400045393,30,11,14,21,5,94,78,2,1,2,6,REPUBLIQUE (AV DE LA),0.0,0.0
201400045394,2,12,14,18,5,94,78,2,3,2,6,MARCEL SEMBAT (R),0.0,0.0
201400045395,5,12,14,11,1,94,78,2,5,1,6,"36, CARNOT (AV)",0.0,0.0
201400045396,4,12,14,16,1,94,78,2,4,1,6,8 MAI 1945/PL P SEMARD,48.7292,2.44665
201400045397,16,12,14,9,1,94,78,2,3,2,2,PARIS/ORME SAINTE-MARIE,48.739,2.44684
201400045398,17,12,14,0,5,94,78,2,1,1,5,"104, R DE PARIS",48.7317,2.44683
201400045399,17,12,14,8,2,94,77,2,1,3,6,CHARLEMAGNE (PL),0.0,0.0
201400045400,17,12,14,11,1,94,74,2,3,2,1,JOURDAIN THEODULE (rue),0.0,0.0
201400045401,6,1,14,7,5,94,67,2,3,2,3,"3, JOFFRE / VALLEES",48.8472,2.41761
201400045402,12,1,14,8,5,94,80,2,2,8,2,"30, AV DE PARIS/R DE MON",48.845,2.43459
201400045403,13,1,14,20,5,94,80,2,2,2,3,FONTENAY/R MARCEAU,48.8488,2.42848
201400045404,16,1,14,9,1,94,80,2,2,2,6,"83, FONTENAY/CHATEAU",48.8483,2.43706
201400045405,16,1,14,13,1,94,67,2,1,8,2,"05, AV DU GENERAL DE GAU",48.8457,2.41756
201400045406,21,1,14,8,1,94,80,2,1,2,3,"171, R DE FONTENAY",48.8487,2.43008
201400045407,22,1,14,7,5,94,80,2,3,1,3,R CHARLES PATHE/R DAUMES,48.8504,2.43813
201400045408,23,1,14,17,5,94,67,2,1,2,6,"4, AV DE LIEGE",48.8435,2.41941
201400045409,25,1,14,19,5,94,80,2,1,1,3,"92, R DE MONTREUIL",48.8506,2.43457
201400045410,12,2,14,19,5,94,67,2,2,2,6,"95, DE GAULLE / ROBERT-A",48.8359,2.41902
201400045411,19,2,14,1,5,94,67,2,2,1,3,AV DE PARIS / JOFFRE,48.8465,2.41843
201400045412,5,3,14,7,1,94,80,2,1,1,6,"12, AV DE PARIS",48.8447,2.43702
201400045413,5,3,14,16,1,94,80,2,1,1,6,"04, R DU MIDI",48.8472,2.43811
201400045414,6,3,14,9,1,94,67,2,1,1,2,"07, FOCH",48.8455,2.41958
201400045415,14,3,14,18,1,94,80,2,1,1,2,"4, AV DE PARIS",48.8446,2.43827
201400045416,24,3,14,14,1,94,80,2,1,1,6,AV DE PARIS,48.8453,2.431
201400045417,2,4,14,8,1,94,80,2,2,1,3,PARIS / GENERAL DE GAULL,48.845,2.43459
201400045418,6,4,14,10,1,94,80,2,5,1,6,"1, DEFRANCE / LIBERATION",48.8479,2.4459
201400045419,8,4,14,9,1,94,67,2,2,1,3,SACROT / DE GAULLE,48.8401,2.41753
201400045420,12,4,14,16,1,94,67,2,3,1,3,JOFFRE / VITEAU,48.8476,2.41763
201400045421,14,4,14,17,1,94,80,2,1,1,6,"20, R MASSUE",48.8478,2.4253
201400045422,14,4,14,18,1,94,67,2,2,1,2,GAULLE / HUGO,48.8436,2.41761
201400045423,15,4,14,20,2,94,80,2,1,1,3,"16, AV DU GENERAL DE GAU",48.844,2.4343
201400045424,22,4,14,1,5,94,80,2,1,1,6,AV DE PARIS,48.8458,2.42553
201400045425,6,5,14,17,1,94,80,2,2,1,4,PARIS / MARECHEAUX,48.8446,2.43875
201400045426,9,5,14,18,1,94,80,2,4,1,6,"93, REPUBLIQUE / DAUMESN",48.8504,2.43546
201400045427,12,5,14,2,5,94,80,2,2,1,2,"1, AV DE PARIS",48.845,2.43459
201400045428,15,5,14,21,1,94,80,2,3,1,3,PARIS / MARIGNY,48.8446,2.43875
201400045429,16,5,14,19,1,94,80,2,1,1,6,"141, R DEFRANCE",48.8491,2.4554
201400045430,20,5,14,20,1,94,80,2,2,8,2,PARIS / MARIGNY,48.8446,2.43875
201400045431,5,6,14,15,1,94,80,2,2,1,3,BERAULT / REPUBLIQUE,48.8463,2.4288
201400045432,12,6,14,11,1,94,67,2,2,1,3,DE GAULLE / LIEGE / HUGO,48.8436,2.4189
201400045433,12,6,14,18,1,94,80,2,3,1,1,AUBERT / L'EGALITE,48.8475,2.429
201400045434,14,6,14,18,1,94,80,2,1,1,6,AV CARNOT,48.8424,2.43327
201400045435,15,6,14,17,1,94,67,2,3,1,6,DE GAULLE / BIR-HAKEIM,48.8423,2.41762
201400045436,16,6,14,19,1,94,67,2,3,1,3,JOFFRE / VITEAU,48.8476,2.41763
201400045437,20,6,14,18,1,94,80,2,1,1,3,AV DU CHATEAU,48.8487,2.43715
201400045438,25,6,14,13,1,94,80,2,1,1,6,AV DU GENERAL DE GAULLE,48.8449,2.43457
201400045439,29,6,14,0,5,94,67,2,1,2,3,AV DES MINIMES,48.8416,2.42753
201400045440,2,7,14,10,1,94,67,2,2,1,6,MOUCHOTTE / ALPHAND,48.837,2.41553
201400045441,6,7,14,22,5,94,67,2,1,1,6,"133,  GALLIENI",48.8462,2.41676
201400045442,10,7,14,16,1,94,67,2,1,8,3,"188, AV GALLIENI",48.8469,2.41644
201400045443,11,7,14,18,1,94,67,2,3,1,3,PARIS / PASTEUR,48.846,2.42363
201400045444,12,7,14,15,1,94,67,2,1,1,3,"6, R CART",48.8447,2.41867
201400045445,27,7,14,20,2,94,80,2,3,1,3,MINIMES / DE GAULLE,48.841,2.43288
201400045446,29,7,14,19,1,94,80,2,3,8,3,DEROULEDE / MASSENET,48.849,2.45301
201400045447,15,6,14,11,1,94,80,2,3,1,3,FONTENAY / BELFORT,48.8487,2.4308
201400045448,19,6,14,20,1,94,80,2,3,1,6,MINIMES/PETIT PARC,48.8415,2.42822
201400045449,7,8,14,18,1,94,80,2,1,1,1,"74, AV DE PARIS",48.8454,2.42986
201400045450,21,8,14,0,5,94,67,2,5,1,3,FOCH / LECLERC,48.8465,2.41756
201400045451,24,8,14,23,5,94,80,2,1,1,3,"5, COUR MARIGNY",48.8448,2.43879
201400045452,29,8,14,13,1,94,80,2,1,1,3,AV DE NOGENT,48.8445,2.43913
201400045453,31,8,14,13,1,94,80,2,1,1,6,"127, REPUBLIQUE",48.8515,2.4371
201400045454,2,9,14,17,1,94,80,2,1,1,2,"62, AUBERT",48.8474,2.42828
201400045455,14,9,14,23,5,94,80,2,1,1,1,"62, AV DE LA REPUBLIQUE",48.8495,2.43398
201400045456,17,9,14,17,1,94,67,2,3,1,3,DE GAULLE / COURBET,48.8455,2.41757
201400045457,17,9,14,18,1,94,67,2,3,1,6,JOFFRE / VALLEES,48.8472,2.41761
201400045458,18,9,14,17,1,94,67,2,5,1,2,PARIS / DE GAULLE,48.8464,2.41916
201400045459,19,9,14,17,1,94,67,2,3,1,6,"2, GAMBETTA / CART",48.8439,2.41878
201400045460,20,9,14,6,5,94,80,2,3,1,6,PARIS / CHATEAU,48.8448,2.43641
201400045461,23,9,14,17,1,94,67,2,1,1,5,"41, AV JOFFRE",48.8492,2.41765
201400045462,25,9,14,16,1,94,80,2,3,1,6,PARC / LUMIERE,48.8434,2.42851
201400045463,28,9,14,3,5,94,80,2,1,1,1,"24, CHATEAU",48.8472,2.43691
201400045464,29,9,14,18,1,94,80,2,3,1,3,LAGNY / PREVOYANCE,48.8493,2.42083
201400045465,9,10,14,19,5,94,80,2,1,1,3,"176, DIDEROT (R)",0.0,0.0
201400045466,17,10,14,9,1,94,80,2,1,1,7,"24, REPUBLIQUE (AV DE LA",0.0,0.0
201400045467,23,10,14,19,5,94,80,2,9,1,6,"23, DOCTEUR LEBEL (R DU)",0.0,0.0
201400045468,23,10,14,11,1,94,67,2,3,1,3,"108, BRIERE DE BOISMONT",0.0,0.0
201400045469,4,11,14,22,5,94,67,2,1,1,3,"., GENERAL DE GAULLE (AV",0.0,0.0
201400045470,7,11,14,15,1,94,67,2,1,1,6,"2, AV GENERAL DE GAULLE",48.846,2.41756
201400045471,14,11,14,19,5,94,80,2,1,1,1,"97, REPUBLIQUE (AV DE LA",0.0,0.0
201400045472,18,11,14,17,5,94,80,2,1,3,3,"92, AUBERT (AV)",0.0,0.0
201400045473,2,12,14,13,1,94,80,2,9,8,3,"20, PARIS (AV DE)",0.0,0.0
201400045474,4,12,14,10,1,94,80,2,1,8,6,"30, LAITIERES (R DES)",0.0,0.0
201400045475,5,12,14,4,5,94,80,2,1,1,6,"57, PARIS (AV DE)",0.0,0.0
201400045476,6,12,14,19,5,94,67,2,1,1,7,"., GENERAL LECLERC (CENT",0.0,0.0
201400045477,8,12,14,14,1,94,80,2,1,1,2,"8-10, FRANCE (R DE)",0.0,0.0
201400045478,9,12,14,14,1,94,80,2,1,1,6,"83, FONTENAY (R DE)",0.0,0.0
201400045479,9,12,14,17,5,94,80,2,1,1,7,"134, FRANCE (R DE)",0.0,0.0
201400045480,9,12,14,22,5,94,80,2,1,1,2,"117, PARIS (av. de)",0.0,0.0
201400045481,10,12,14,19,5,94,80,2,3,2,7,MINIMES (AV DES),0.0,0.0
201400045482,12,12,14,13,1,94,80,2,3,2,3,"163, FONTENAY (R DE)",0.0,0.0
201400045483,16,12,14,20,5,94,67,2,2,1,6,"1, CHARLES DIGEON (PL)",0.0,0.0
201400045484,6,1,14,18,4,94,81,2,1,2,6,R DE LA CONCORDE,48.7987,2.38219
201400045485,7,1,14,14,1,94,81,1,2,1,3,QU JULES GUESDE/R EUGENE,48.7948,2.41825
201400045486,8,1,14,6,5,94,81,2,3,1,6,EUGENE DERRIEN/ARMANGO,48.7749,2.37378
201400045487,9,1,14,12,1,94,81,2,2,8,3,R EDITH CAVELL/R BERTHIE,48.7991,2.41143
201400045488,10,1,14,18,5,94,81,2,2,1,5,BD DE STALINGRAD,48.7985,2.38165
201400045489,14,1,14,11,1,94,81,2,1,2,3,QU JULES GUESDE,48.7745,2.41088
201400045490,16,1,14,6,4,94,81,2,2,2,6,GABRIEL PERI/ PAUL VAILL,48.7978,2.39947
201400045491,20,1,14,10,1,94,81,2,1,1,3,"18, AV DU PRESIDENT SALV",48.7959,2.41153
201400045492,20,1,14,13,1,94,81,2,1,1,3,"47, R CHARLES HELLER",48.7925,2.41041
201400045493,21,1,14,15,1,94,81,2,4,1,2,GUESDE / BLANQUI,48.8057,2.40804
201400045494,24,1,14,22,5,94,81,2,1,1,5,105 BD DE STALINGRAD,48.7996,2.38072
201400045495,27,1,14,18,5,94,81,2,2,1,2,EDITH CAVELL/SALVADOR,48.796,2.41273
201400045496,17,1,14,15,1,94,81,2,2,1,6,"131, PAUL VAILLANT COUTU",48.7917,2.39478
201400045497,11,2,14,12,1,94,81,2,1,1,6,"06, AV ALBERT THOMAS",48.7834,2.39451
201400045498,12,2,14,3,5,94,81,2,2,2,3,STALINGRAD/BEETHOVEN,48.7985,2.38165
201400045499,13,2,14,7,3,94,81,2,1,3,6,"113, R CAMILLE GROULT",48.7865,2.39345
201400045500,17,2,14,12,1,94,81,2,6,1,3,GEFFROY / BEL AIR,48.7818,2.40754
201400045501,28,2,14,21,5,94,81,2,2,1,3,GABRIEL PERI / BERT,48.7869,2.4048
201400045502,5,3,14,20,5,94,81,2,2,1,3,BARBUSSE / DEFRESNE,48.7928,2.39127
201400045503,6,3,14,15,1,94,81,2,3,1,3,ALBRECHT / CAVELL,48.7991,2.41143
201400045504,9,3,14,12,1,94,81,2,1,7,6,AV AMBROISE CROIZAT,48.7913,2.39225
201400045505,8,3,14,17,1,94,81,2,3,1,3,GUESDE / HENAFF,48.7947,2.41797
201400045506,12,3,14,23,5,94,81,2,4,1,3,ALLENDE / SEINE,48.7955,2.40691
201400045507,14,3,14,5,5,94,81,2,1,1,6,"15TER, PRESIDENT SALVADO",48.7958,2.41026
201400045508,19,3,14,16,1,94,81,2,2,1,3,ALLENDE / CAVELL,48.796,2.41273
201400045509,20,3,14,12,1,94,81,2,1,1,6,"19, R GERARD PHILIPE",48.7745,2.37709
201400045510,20,3,14,17,1,94,81,2,2,1,3,COUTURIER / POINCARE,48.796,2.39808
201400045511,21,3,14,8,1,94,81,2,1,2,6,AV ROUGET DE LISLE,48.7825,2.39449
201400045512,28,3,14,22,5,94,81,2,1,1,6,R CONSTANT COQUELIN,48.7803,2.39617
201400045513,31,3,14,15,1,94,81,2,1,8,6,R JULIAN GRIMAU,48.7802,2.37371
201400045514,1,4,14,11,1,94,81,2,2,1,6,8 MAI 1945 / CAMILLE BLA,48.784,2.39617
201400045515,4,4,14,23,5,94,81,2,1,1,6,"159, PAUL VAILLANT COUTU",48.7918,2.39486
201400045516,8,4,14,8,1,94,81,2,3,1,3,JULES GUESDE / HENAFF,48.7947,2.41797
201400045517,9,4,14,8,1,94,81,2,1,1,6,"117, QU JULES GUESDE",48.8042,2.40884
201400045518,22,3,14,19,3,94,81,2,1,1,6,"15, R LEON GEFFROY",48.7754,2.40925
201400045519,21,3,14,21,5,94,81,2,6,1,6,SAQUET /PELLETAN,48.7923,2.38625
201400045520,10,4,14,17,1,94,81,2,3,1,1,COLONEL FABIEN / LEBRUN,48.7825,2.38088
201400045521,11,4,14,8,1,94,81,2,1,1,6,"34, AV YOURI GAGARINE",48.786,2.39159
201400045522,14,4,14,9,1,94,81,2,2,1,6,COUTURIER / L'INSURRECTI,48.7988,2.40038
201400045523,16,4,14,19,1,94,81,2,2,1,3,BARBUSSE / VILMORIN,48.7926,2.38877
201400045524,18,4,14,14,1,94,81,2,2,1,6,CASANOVA / MOQUET,48.7911,2.3967
201400045525,20,4,14,5,5,94,81,2,1,1,2,"23, AV DU GROUPE MANOUCH",48.7904,2.40476
201400045526,24,4,14,16,1,94,81,2,2,1,3,NORIETS / PLANQUETTE,48.7944,2.37924
201400045527,29,4,14,7,1,94,81,2,3,1,3,GUESDE / CONSTANTIN,48.8075,2.40773
201400045528,29,4,14,8,1,94,81,2,1,1,6,PAUL VAILLANT COUTURIER,48.7922,2.39507
201400045529,29,4,14,17,1,94,81,2,1,2,6,"230, R GABRIEL PERI",48.7979,2.39945
201400045530,30,4,14,15,1,94,81,2,2,1,3,STALINGRAD / BEETHOVEN,48.7985,2.38165
201400045531,2,5,14,9,1,94,81,2,1,1,3,"20, EUGENE PELLETAN",48.7936,2.38565
201400045532,3,5,14,14,1,94,81,2,1,1,5,PORT A L'ANGLAIS,48.7969,2.41807
201400045533,3,5,14,16,1,94,81,2,1,1,6,"15, AV DU 8 MAI 1945",48.7845,2.39865
201400045534,4,5,14,17,1,94,81,2,3,1,2,"90, LAGAISSE / PERGOLESE",48.798,2.37899
201400045535,7,5,14,11,1,94,81,2,6,1,5,GUESDE / ALLENDE,48.7834,2.41778
201400045536,12,5,14,18,1,94,81,2,3,1,2,PERI / MARAIS,48.7992,2.39913
201400045537,13,5,14,16,1,94,81,2,3,1,1,FABIEN / VERTE,48.7826,2.38076
201400045538,14,5,14,14,1,94,81,2,1,1,4,QU JULES GUESDE,48.7973,2.41593
201400045539,17,5,14,19,1,94,81,2,1,1,3,"272, R GABRIEL PERI",48.8012,2.39866
201400045540,18,5,14,19,1,94,81,2,2,1,3,RONDENAY / MALLERET JOIN,48.7811,2.40304
201400045541,20,5,14,8,1,94,41,2,1,1,6,"174, LOUISE AGLAE CRETTE",48.8022,2.39694
201400045542,22,5,14,20,1,94,81,2,2,1,3,REPUBLIQUE / EINSTEIN,48.8017,2.39832
201400045543,27,5,14,11,1,94,81,2,1,1,3,"20, VAILLANT COUTURIER",48.7992,2.40072
201400045544,5,6,14,18,1,94,81,2,2,1,6,GAGARINE / ROGER DERRY,48.7894,2.38917
201400045545,10,6,14,16,1,94,22,1,1,1,4,A86,48.7734,2.40299
201400045546,11,6,14,10,1,94,22,1,1,1,4,"A86, BRETELLE A86",48.7734,2.40318
201400045547,12,6,14,14,1,94,81,2,1,1,3,AV ROUGET DE LISLE,48.7749,2.39861
201400045548,13,6,14,16,1,94,81,2,2,1,3,CONTESENNE / PERI,48.7917,2.40181
201400045549,18,6,14,10,1,94,81,2,3,1,3,STALINGRAD / BEETHOVEN,48.7985,2.38165
201400045550,19,6,14,17,1,94,81,2,1,1,6,R EUGENE HENAFF,48.7947,2.41797
201400045551,21,6,14,12,1,94,81,2,3,1,3,HAVET / PASCAL,48.7833,2.402
201400045552,21,6,14,18,1,94,81,2,3,1,6,GAGNEE/SOLIDARITE,48.8038,2.384
201400045553,23,6,14,8,1,94,81,2,1,1,3,R JULES LAGAISSE,48.7983,2.37871
201400045554,25,6,14,18,1,94,81,1,1,1,2,"1, PONT DU PORT A L'ANGL",48.7965,2.41744
201400045555,26,6,14,14,1,94,81,2,1,1,3,IMP MARIE SORIN DEFRESNE,48.7991,2.38232
201400045556,1,7,14,7,1,94,81,2,1,8,6,"05, MAXIMILIEN ROBESPIER",48.7917,2.38701
201400045557,2,7,14,10,1,94,81,2,2,1,6,R AMPERE / 8 MAI 1945,48.7844,2.39809
201400045558,3,7,14,17,1,94,81,1,3,1,3,ROBESPIER / TONNEAU,48.7909,2.38796
201400045559,6,7,14,21,1,94,81,2,1,1,5,"66, AV JEAN JAURES",48.794,2.40015
201400045560,9,7,14,10,1,94,81,1,1,1,4,BRETELLE A86,48.7734,2.40314
201400045561,12,7,14,16,1,94,81,2,2,8,1,PARIS/11 NOVEMBRE 1918,48.7828,2.39415
201400045562,15,7,14,1,5,94,81,2,1,1,7,"20, R CLEMENT PERROT",48.7875,2.39258
201400045563,21,7,14,18,1,94,81,2,1,1,6,AV LUCIEN FRANCAIS,48.7872,2.38643
201400045564,23,7,14,17,1,94,81,2,1,1,3,"34, BD DE STALINGRAD",48.7968,2.38306
201400045565,2,8,14,18,1,94,81,2,1,2,2,AV YOURI GAGARINE,48.7883,2.39009
201400045566,5,8,14,18,1,94,81,2,1,1,3,"88, BD DE STALINGRAD",48.7988,2.38136
201400045567,6,8,14,19,1,94,81,1,1,2,4,A86,48.7736,2.40437
201400045568,7,8,14,10,1,94,81,2,6,1,3,PELLETAN/BARBUSSE,48.7926,2.38665
201400045569,14,8,14,1,4,94,81,2,1,1,6,AV DU MOULIN DE SAQUET,48.7918,2.38404
201400045570,17,8,14,9,1,94,81,2,2,1,3,MAGINOT / MARGUERITES,48.7928,2.39765
201400045571,22,8,14,16,1,94,81,2,2,1,3,STALINGRAD / BEETHOVEN,48.7985,2.38165
201400045572,1,9,14,14,1,94,81,2,7,1,3,LECLERC / DERRY,48.7897,2.38984
201400045573,11,9,14,9,1,94,81,2,2,1,3,SALVADOR / CAVELL,48.796,2.41273
201400045574,11,9,14,11,1,94,81,1,1,1,6,"101, JEAN JAURES",48.7932,2.39631
201400045575,11,9,14,14,1,94,81,2,2,1,3,BLANC / THOMAS,48.784,2.39617
201400045576,12,9,14,17,1,94,81,2,2,1,5,AV JEAN JAURES,48.7941,2.40055
201400045577,10,7,14,18,1,94,81,2,1,8,1,"18, R DES JARDINS",48.7726,2.37127
201400045578,26,9,14,18,1,94,81,2,1,1,6,"50, PAUL VAILLANT COUTUR",48.7971,2.39892
201400045579,26,9,14,18,1,94,81,2,2,1,6,YOURI GAGARINE,48.786,2.39159
201400045580,30,9,14,13,1,94,81,2,2,1,3,GAGARINE / DERRY,48.7894,2.38917
201400045581,1,10,14,12,1,94,81,2,1,1,6,FREDERIC JOLIOT CURIE (R,0.0,0.0
201400045582,1,10,14,19,5,94,81,2,2,1,3,"80, STALINGRAD (BD DE)",0.0,0.0
201400045583,7,9,14,16,1,94,81,2,3,1,3,MANOUCHIAN / BERTHELOT,48.7907,2.40452
201400045584,8,9,14,14,1,94,81,2,3,1,3,ALBRECHT / CAVELL,48.7991,2.41143
201400045585,5,10,14,2,5,94,81,2,1,2,7,"109, MOULIN DE SAQUET (A",0.0,0.0
201400045586,8,10,14,22,5,94,81,2,2,2,3,"39, REPUBLIQUE (AV DE LA",0.0,0.0
201400045587,13,10,14,11,1,94,81,2,1,1,3,"face 12, HENRI BARBUSSE",0.0,0.0
201400045588,13,10,14,20,5,94,81,2,2,1,3,"1, ROUGET DE L ISLE (AV)",0.0,0.0
201400045589,14,10,14,7,1,94,81,2,3,1,4,"198, GABRIEL PERI (R)",0.0,0.0
201400045590,14,10,14,16,1,94,81,2,2,1,3,"164, ROUGET DE L ISLE (A",0.0,0.0
201400045591,14,10,14,18,1,94,81,2,1,1,3,"99, STALINGRAD (BD DE)",0.0,0.0
201400045592,14,10,14,23,5,94,81,2,6,1,7,EUGENE PELLETAN - CAR DE,0.0,0.0
201400045593,16,10,14,21,5,94,81,2,1,3,3,ROUGET DE L ISLE (AV),0.0,0.0
201400045594,20,10,14,6,5,94,81,2,1,1,6,"77, JULES GUESDE (QU)",0.0,0.0
201400045595,21,10,14,17,1,94,81,2,3,1,3,"1, JULES GUESDE (QU)",0.0,0.0
201400045596,25,10,14,14,1,94,81,2,1,2,7,", HENRI BARBUSSE (AV)",0.0,0.0
201400045597,25,10,14,15,1,94,81,1,1,8,4,BRETELLE A86,48.7734,2.40321
201400045598,29,10,14,19,5,94,81,2,9,1,3,YOURI GAGARINE (AV),0.0,0.0
201400045599,1,11,14,3,5,94,81,2,6,1,6,PELLETAN/BARBUSSE,48.7923,2.38726
201400045600,3,11,14,12,1,94,81,2,1,8,6,PRESIDENT SALVADOR ALLEN,0.0,0.0
201400045601,8,11,14,10,1,94,81,2,1,1,6,"10, LOUISE AGLAE CRETTE",0.0,0.0
201400045602,11,11,14,13,1,94,81,1,1,1,6,"98, ANATOLE FRANCE (AV)",0.0,0.0
201400045603,16,11,14,10,1,94,81,2,1,8,6,"75, JEAN JAURES (AV)",0.0,0.0
201400045604,18,11,14,17,5,94,81,2,1,2,4,"153, JULIAN GRIMAU (R)",0.0,0.0
201400045605,23,11,14,10,1,94,81,2,1,1,6,"04, BIZET (R)",0.0,0.0
201400045606,27,11,14,10,1,94,81,2,1,8,6,"04, PRESIDENT SALVADOR A",0.0,0.0
201400045607,28,11,14,18,5,94,81,2,2,8,6,"Angle, EUGENE HENAFF (R)",0.0,0.0
201400045608,29,11,14,19,5,94,81,2,1,1,7,PAUL VAILLANT COUTURIER,0.0,0.0
201400045609,1,12,14,17,5,94,81,2,1,2,6,"195, JULIAN GRIMAU (R)",0.0,0.0
201400045610,1,12,14,19,5,94,81,2,2,2,6,COLONEL FABIEN (AV DU),0.0,0.0
201400045611,4,12,14,14,1,94,81,2,1,8,6,ROUGET DE L ISLE (AV),0.0,0.0
201400045612,6,12,14,2,5,94,81,2,2,1,3,GABRIEL PERI (R),0.0,0.0
201400045613,7,12,14,9,1,94,81,1,1,1,6,"40, SAINT MARTIN (CHE)",0.0,0.0
201400045614,7,12,14,15,1,94,81,1,1,2,2,BRETELLE A86,48.7734,2.40289