Num_Acc,jour,mois,an,hr,condition_eclairage,departement,commune,condition_agglomeration,intersection,condition_atmosphere,type_collision,adresse,lattitude,longitude
201400045615,10,12,14,19,5,94,81,2,2,2,6,STALINGRAD (BD DE),0.0,0.0
201400045616,18,12,14,9,1,94,81,2,1,1,2,"01, PAUL VAILLANT COUTUR",0.0,0.0
201400045617,18,12,14,18,5,94,81,2,2,1,6,NEUVE/P VAILLANT COUTURI,48.796,2.39808
201400045618,19,12,14,16,1,94,81,2,9,3,3,EUGENE HENAFF (R),0.0,0.0
201400045619,26,12,14,0,3,94,81,2,1,1,2,"angle, ABBE ROGER DERRY",0.0,0.0
201400045620,30,12,14,20,5,94,81,2,2,1,3,"zngle, YOURI GAGARINE (A",0.0,0.0
201400045621,19,7,14,18,1,94,81,2,2,1,3,TIMBAUD / PAUL BERT,48.7869,2.4048
201400045622,14,1,14,23,5,95,18,2,1,2,1,AV STALINGRAD,48.9859,2.4106
201400045623,18,1,14,23,5,95,176,2,2,1,2,BD CLEMENCEAU,48.9734,2.1892
201400045624,23,1,14,9,1,95,582,2,3,1,3,AV DE LA SABERNAUDE,48.9774,2.2426
201400045625,22,1,14,14,1,95,18,2,1,2,2,RTE D'ENGHIEN,48.9562,2.2801
201400045626,24,1,14,9,1,95,18,2,1,1,3,R HENRI BARBUSSE,48.9367,2.2394
201400045627,26,1,14,18,5,95,18,2,1,1,6,R DE LA GRANDE CEINTURE,48.9497,2.2613
201400045628,29,1,14,17,2,95,582,2,3,2,3,R DE LA REPUBLIQUE,48.9723,2.2627
201400045629,31,1,14,22,5,95,18,2,1,2,6,R HENRI BARBUSSE,48.9321,2.2309
201400045630,4,2,14,16,1,95,18,2,1,1,6,R DES MESSIERS,48.9425,2.2355
201400045631,5,2,14,14,1,95,18,2,3,1,3,BD MARTYRS DE CHATEAUBR,48.9508,2.2089
201400045632,8,2,14,15,1,95,18,2,1,2,6,AV DE VERDUN,48.9537,2.2429
201400045633,11,2,14,13,1,95,18,2,1,1,3,R LHERAULT CLOUQUEUR,48.9432,2.2398
201400045634,11,2,14,19,5,95,18,2,1,2,7,AV JEAN JAURES,48.9405,2.2225
201400045635,14,2,14,8,1,95,18,2,1,2,2,QU DE BEZONS,48.9342,2.2416
201400045636,21,2,14,23,5,95,18,2,3,1,3,R JEAN LURCAT,48.9514,2.2292
201400045637,23,2,14,15,1,95,582,2,1,1,7,R DE L'ERMITAGE,48.9726,2.2364
201400045638,22,2,14,19,2,95,18,2,1,1,1,RTE DE CORMEILLES,48.9587,2.2281
201400045639,25,2,14,8,1,95,18,2,1,2,3,RD 311,48.9451,2.2625
201400045640,1,3,14,21,5,95,18,2,3,1,3,RTE DE PONTOISE,48.9429,2.2066
201400045641,3,3,14,8,1,95,18,2,2,2,3,R ALFRED LABRIERE,48.9446,2.2548
201400045642,24,2,14,18,1,95,18,2,1,1,6,BD GENERAL DELAMBRE,48.9373,2.2232
201400045643,6,3,14,8,1,95,18,2,4,1,6,AV MARECHAL FOCH,48.9466,2.2568
201400045644,5,3,14,16,1,95,582,2,2,1,3,BD GABRIEL PERI,48.9697,2.2632
201400045645,18,3,14,11,1,95,18,2,1,1,3,RTE D'ENGHIEN,48.9566,2.2829
201400045646,11,3,14,7,1,95,582,2,1,1,3,BD GAMBETTA,48.9766,2.2448
201400045647,10,3,14,5,4,95,176,2,1,2,6,BD JOFFRE,48.9603,2.2031
201400045648,16,3,14,22,3,95,18,2,4,1,6,R DU NORD,48.95999,2.2552
201400045649,21,3,14,0,5,95,18,2,3,1,7,AV DE STALINGRAD,48.9529,2.2692
201400045650,23,3,14,7,1,95,176,2,1,1,6,BD JOFFRE,48.9663,2.1986
201400045651,23,3,14,3,5,95,18,2,1,1,7,R ANTONIN BELIN,48.9489,2.2363
201400045652,24,3,14,8,1,95,18,2,1,1,6,R DE  BARENTIN,48.9354,2.2212
201400045653,26,3,14,10,1,95,176,2,5,1,3,BD JOFFRE,48.9648,2.1999
201400045654,25,3,14,9,1,95,582,2,3,1,2,BD GABRIEL PERI,48.9643,2.2609
201400045655,28,3,14,13,1,95,18,2,1,1,4,BD MARCEAU GUILLOT,48.9554,2.2439
201400045656,29,3,14,17,2,95,18,2,2,1,2,AV DU GENERAL DE GAULLE,48.9399,2.2451
201400045657,4,4,14,19,1,95,18,2,1,1,6,AV JEAN JAURES,48.9403,2.2256
201400045658,4,4,14,21,5,95,18,2,1,1,7,ALL ALFRED SISLEY,48.9548,2.2303
201400045659,9,4,14,19,5,95,18,2,2,1,3,BD MARTYRS CHATEAUBRIANT,48.9505,2.2078
201400045660,5,4,14,9,1,95,582,2,1,1,2,BD GAMBETTA,48.9771,2.2436
201400045661,5,4,14,19,1,95,582,2,1,1,3,BD GAMBETTA,48.9754,2.2482
201400045662,12,4,14,0,5,95,18,2,2,1,3,BD JEAN ALLEMANE,48.9586,2.2573
201400045663,8,4,14,20,5,95,18,2,3,1,3,QU DE BEZONS,48.9426,2.2568
201400045664,10,4,14,19,1,95,176,2,1,1,3,BD CLEMENCEAU,48.9699,2.1942
201400045665,14,4,14,19,1,95,18,1,1,1,3,QU DE BEZONS,48.9485,2.2728
201400045666,22,4,14,16,1,95,18,2,2,1,4,BD DU GENERAL LECLERC,48.9456,2.2336
201400045667,16,4,14,16,1,95,18,2,3,1,6,BD JEAN ALLEMANE,48.9541,2.2545
201400045668,21,4,14,13,1,95,176,2,3,1,3,RD 121,48.9589,2.2009
201400045669,26,4,14,12,1,95,18,2,1,1,6,R JOLIOT CURIE,48.9575,2.2855
201400045670,24,4,14,20,1,95,582,1,1,8,1,R DE L'HERMITAGE,48.9733,2.2365
201400045671,28,4,14,22,5,95,18,2,2,1,1,BD  LEON FEIX,48.9482,2.2519
201400045672,28,4,14,16,1,95,18,2,2,1,2,R DU LCL PRUDHON,48.9431,2.2426
201400045673,29,4,14,17,1,95,18,2,1,1,6,ALL PIERRE DE RONSARD,48.9539,2.2233
201400045674,30,4,14,8,1,95,18,2,1,1,6,R D' EAUBONNE,48.9598,2.2569
201400045675,2,5,14,0,3,95,18,1,1,3,6,QU DE BEZONS,48.9388,2.2497
201400045676,4,5,14,16,1,95,18,2,4,1,6,R DE LA GRANDE VOIE,48.9609,2.2365
201400045677,30,4,14,18,1,95,18,2,2,1,2,BD DU GENERAL LECLERC,48.9467,2.2381
201400045678,6,5,14,16,1,95,18,2,1,1,1,R DES PROVENCAUX,48.9527,2.2842
201400045679,9,5,14,18,1,95,18,1,1,1,4,QU DE BEZONS,48.9429,2.2572
201400045680,11,5,14,12,1,95,176,2,1,1,2,RTE D'ARGENTEUIL,48.9696,2.2013
201400045681,16,5,14,12,1,95,18,2,4,1,3,R D'EPINAY,48.9537,2.2802
201400045682,20,5,14,15,1,95,176,2,7,2,2,AV DE LA LIBERATION,48.9717,2.1971
201400045683,21,5,14,5,2,95,18,2,1,1,6,BD  VERCINGETORIX,48.9524,2.2538
201400045684,23,5,14,17,1,95,18,2,1,2,6,R DE NOYON,48.9548,2.2214
201400045685,24,5,14,18,1,95,18,2,1,1,6,BD JEAN ALLEMANE,48.9589,2.2575
201400045686,24,5,14,13,1,95,176,2,2,2,7,VIEUX CHEMIN DE LA BATAI,48.9691,2.2023
201400045687,26,5,14,14,1,95,18,2,1,1,6,BD GALLIENI,48.9419,2.2419
201400045688,28,5,14,14,1,95,18,2,4,1,2,R DE LA GRANDE CEINTURE,48.9498,2.2614
201400045689,30,5,14,13,1,95,18,2,1,1,6,RTE DE PONTOISE,48.9471,2.2062
201400045690,29,5,14,21,2,95,18,2,1,1,6,R DE LA VOIE DES BANS,48.9471,2.2665
201400045691,31,5,14,15,1,95,582,2,2,1,7,BD  J.F KENNEDY,48.9665,2.2693
201400045692,2,6,14,17,1,95,176,2,1,1,6,R LOUIS GONSE,48.9781,2.2053
201400045693,5,6,14,18,1,95,18,2,1,1,4,QUAI DE BEZONS,48.9429,2.2573
201400045694,6,6,14,21,2,95,18,2,1,1,6,AV JEAN JAURES,48.9409,2.2165
201400045695,4,6,14,10,1,95,176,2,2,2,3,BD GEORGES CLEMENCEAU,48.9696,2.1946
201400045696,6,6,14,22,5,95,18,2,3,1,3,R DE LA GRANDE VOIE,48.9606,2.2331
201400045697,4,6,14,8,1,95,18,2,1,1,5,AV JEAN JAURES,48.9407,2.2205
201400045698,9,6,14,19,1,95,18,2,1,1,6,R DE SALONIQUE,48.9501,2.2078
201400045699,12,6,14,9,1,95,18,2,3,1,3,BD MARCEAU GUILLOT,48.9551,2.2527
201400045700,12,6,14,18,1,95,18,2,3,1,3,BD MARCEAU GUILLOT,48.9558,2.2506
201400045701,13,6,14,11,1,95,18,2,3,1,3,BD JEAN ALLEMANE,48.9541,2.2544
201400045702,13,6,14,15,1,95,18,2,5,1,6,R ALFRED LABRIERE,48.9486,2.2535
201400045703,14,6,14,11,1,95,18,2,1,1,6,BD GAGARINE,48.9607,2.2515
201400045704,15,6,14,16,1,95,176,2,4,1,2,BD JOFFRE,48.9615,2.2023
201400045705,18,6,14,17,1,95,18,2,1,1,6,R BARATIER,48.9345,2.2345
201400045706,18,6,14,20,1,95,18,2,1,1,6,R JEAN LURCAT,48.9517,2.2288
201400045707,19,6,14,18,1,95,18,1,1,1,6,RTE DE CORMEILLES,48.9493,2.2375
201400045708,28,6,14,17,1,95,18,2,1,2,7,R DU PERREUX,48.9454,2.2249
201400045709,29,6,14,17,1,95,18,2,2,1,6,AV GABRIEL  PERI,48.9442,2.2509
201400045710,2,7,14,21,1,95,18,2,3,1,3,R DE LA BERIONNE,48.9513,2.2217
201400045711,6,7,14,1,5,95,18,2,2,1,2,R DU LT COLONEL PRUDHON,48.9427,2.2431
201400045712,6,7,14,13,1,95,18,2,2,3,6,R JEAN MOULIN,48.9397,2.2402
201400045713,6,7,14,16,1,95,18,2,1,2,3,RD 311,48.9501,2.2763
201400045714,8,7,14,9,1,95,18,1,1,1,6,R DE GODE,48.9586,2.2596
201400045715,9,7,14,14,1,95,18,2,2,2,3,R DU NORD,48.9609,2.2555
201400045716,11,7,14,8,1,95,18,2,2,2,6,R P.VAILLANT COUTURIER,48.9463,2.2542
201400045717,12,7,14,10,1,95,582,2,2,1,6,AV  DAMIETTE,48.9721,2.2561
201400045718,18,7,14,1,5,95,18,2,1,1,6,BD JEAN  ALLEMANE,48.9497,2.2536
201400045719,22,7,14,18,1,95,18,2,2,1,3,AV DE L'ESPACE,48.9609,2.2555
201400045720,23,7,14,20,1,95,18,2,1,2,7,R ALFRED LABRIERE,48.9475,2.2538
201400045721,24,7,14,16,1,95,18,2,1,1,2,BD DE LA RESISTANCE,48.9512,2.2332
201400045722,26,7,14,20,1,95,582,2,1,1,3,BD GABRIEL PERI,48.9687,2.2628
201400045723,28,7,14,18,1,95,18,2,1,1,6,AV MAURICE UTRILLO,48.9411,2.2345
201400045724,1,8,14,6,2,95,18,2,1,1,2,RTE DE PONTOISE,48.9504,2.2058
201400045725,1,8,14,7,1,95,18,2,1,1,5,AV JEAN  JAURES,48.9397,2.2316
201400045726,1,8,14,13,1,95,18,2,1,1,2,R LUCIEN SAMPAIX,48.9405,2.2069
201400045727,14,8,14,18,1,95,18,2,1,2,6,R DE  PASSEMAY,48.9631,2.2253
201400045728,21,8,14,20,1,95,18,2,1,1,3,PONT D'ARGENTEUIL,48.9411,2.2541
201400045729,18,8,14,15,1,95,18,2,2,1,3,R ANTONIN GEORGES BELIN,48.9484,2.2377
201400045730,29,8,14,19,1,95,18,2,1,1,6,R P.VAILLANT COUTURIER,48.9462,2.2541
201400045731,1,9,14,18,1,95,18,2,2,1,6,AV JEAN JAURES,48.9402,2.2258
201400045732,6,9,14,20,2,95,18,2,1,1,3,RTE DE PONTOISE,48.9483,2.2061
201400045733,5,9,14,7,1,95,18,2,2,1,3,R DES ALLOBROGES,48.9552,2.2181
201400045734,6,9,14,12,1,95,18,2,5,1,6,AV D'ARGENTEUIL,48.9409,2.2081
201400045735,8,9,14,12,1,95,176,2,1,1,3,BD JOFFRE,48.9668,2.1984
201400045736,12,9,14,9,1,95,18,2,3,1,6,BD HELOISE,48.9391,2.2478
201400045737,13,9,14,19,1,95,18,2,1,1,6,AV GABRIEL PERI,48.9462,2.2489
201400045738,14,9,14,16,1,95,582,2,3,1,6,BD GAMBETTA,48.9773,2.2429
201400045739,17,9,14,0,5,95,18,2,1,1,6,AV DU MARECHAL JOFFRE,48.9627,2.2365
201400045740,22,9,14,21,5,95,18,2,3,1,6,AV JEAN JAURES,48.9399,2.2274
201400045741,30,9,14,17,1,95,582,2,1,1,3,BD CHARLES DE GAULLE,48.9726,2.2552
201400045742,3,10,14,9,1,95,18,2,2,1,1,R DU NORD,48.9609,2.2555
201400045743,3,10,14,9,1,95,18,2,2,1,3,AV GABRIEL PERI,48.9455,2.2497
201400045744,10,10,14,20,5,95,582,2,2,1,3,R SAINT DENIS,48.9675,2.2561
201400045745,15,10,14,14,1,95,18,2,1,1,6,R DE LA GRANDE CEINTURE,48.9496,2.2612
201400045746,18,10,14,1,5,95,582,2,6,1,2,BD MAURICE BERTEAUX,48.9672,2.2732
201400045747,18,10,14,18,1,95,18,2,1,1,3,R DU TROUPEAU,48.9454,2.2237
201400045748,20,10,14,1,5,95,18,2,1,1,7,R PAUL VAILLANT COUTURIE,48.9427,2.2479
201400045749,17,10,14,8,1,95,18,2,2,1,4,BD LEON FEIX,48.9461,2.2479
201400045750,16,10,14,21,5,95,176,2,2,2,1,R DE  SAINT-GERMAIN,48.9668,2.1937
201400045751,21,10,14,18,2,95,18,2,2,2,2,AV JEAN JAURES,48.9398,2.2283
201400045752,22,10,14,11,1,95,18,2,3,1,3,R JEAN LURCAT,48.9514,2.2292
201400045753,26,10,14,16,1,95,18,2,1,1,6,AV DE L'ABATTOIR,48.9319,2.2321
201400045754,28,10,14,6,1,95,18,2,2,2,1,AV DU MARAIS,48.9324,2.2336
201400045755,31,10,14,8,1,95,18,2,1,1,6,AV DE  STALINGRAD,48.9497,2.2581
201400045756,30,10,14,15,1,95,18,2,1,1,1,AV GEORGES CLEMENCEAU,48.9575,2.2373
201400045757,30,10,14,13,1,95,18,2,3,1,3,RTE D'ENGHIEN,48.9567,2.2836
201400045758,31,10,14,13,1,95,18,2,4,1,1,R DES ALLOBROGES,48.9552,2.2188
201400045759,7,11,14,11,1,95,18,2,1,2,6,R PIERRE GUIENNE,48.9436,2.2562
201400045760,7,11,14,13,1,95,18,2,1,2,2,BD DU GENERAL LECLERC,48.9396,2.2283
201400045761,6,11,14,17,1,95,176,2,2,1,6,BD GEORGES CLEMENCEAU,48.9726,2.1904
201400045762,7,11,14,7,1,95,18,2,1,1,6,R MICHEL CARRE,48.9324,2.2336
201400045763,8,11,14,13,1,95,18,2,1,1,3,AV GABRIEL  PERI,48.9435,2.2517
201400045764,6,11,14,14,1,95,176,2,1,1,2,R DU CHEMIN VERT,48.9601,2.2064
201400045765,13,11,14,8,4,95,18,2,1,1,2,R D' EPINAY,48.9516,2.2779
201400045766,14,11,14,14,1,95,18,2,3,2,6,R BARATIER,48.9396,2.2307
201400045767,16,11,14,9,1,95,18,2,2,2,3,R AMBROISE THOMAS,48.9398,2.2345
201400045768,19,11,14,17,5,95,18,1,1,2,3,QUAI DE BEZONS,48.9356,2.2436
201400045769,21,11,14,16,1,95,18,2,2,1,6,R P VAILLANT COUTURIER,48.9443,2.2511
201400045770,19,11,14,15,1,95,18,2,1,1,6,R PIERRE JOLY,48.9458,2.2506
201400045771,23,11,14,10,1,95,18,2,2,1,3,R LT COLONEL PRUDHON,48.9427,2.2431
201400045772,24,11,14,11,1,95,18,2,3,2,7,R HENRI BARBUSSE,48.9397,2.2446
201400045773,24,11,14,12,1,95,18,2,2,1,6,R DU NORD,48.9608,2.2555
201400045774,24,11,14,8,1,95,18,1,1,2,2,QUAI DE BEZONS,48.9325,2.2387
201400045775,25,11,14,7,2,95,18,2,2,2,6,R HENRI BARBUSSE,48.9417,2.2469
201400045776,26,11,14,15,1,95,18,2,1,1,6,AV MAURICE UTRILLO,48.9445,2.2341
201400045777,27,11,14,13,1,95,18,2,2,1,6,R P.VAILLANT COUTURIER,48.9442,2.2509
201400045778,1,12,14,19,5,95,582,2,3,2,3,BD MAURICE BERTEAUX,48.9679,2.2698
201400045779,4,12,14,7,2,95,582,2,3,1,3,BD MAURICE BERTEAUX,48.9679,2.2695
201400045780,13,12,14,12,1,95,18,2,2,1,6,AV DU MARECHAL JOFFRE,48.9579,2.2396
201400045781,16,12,14,17,3,95,18,2,2,1,6,R DE NANCY,48.9567,2.2546
201400045782,17,12,14,17,5,95,18,2,3,1,6,AV DE STALINGRAD,48.9519,2.2669
201400045783,18,12,14,8,1,95,18,2,2,8,3,R AMBROISE THOMAS,48.9371,2.2372
201400045784,21,12,14,17,5,95,176,2,3,1,2,BD GEORGES CLEMENCEAU,48.9739,2.1886
201400045785,21,12,14,19,5,95,18,2,1,1,5,PONT DE COLOMBES,48.9331,2.2413
201400045786,18,12,14,9,1,95,582,1,6,1,4,R DE L'ERMITAGE,48.9751,2.2373
201400045787,24,12,14,14,1,95,18,2,1,1,3,BD JEANNE D'ARC,48.9451,2.2464
201400045788,26,12,14,20,5,95,18,2,3,2,2,BD JEAN ALLEMANE,48.9541,2.2545
201400045789,27,12,14,6,5,95,18,2,3,2,3,QUAI DE BEZONS,48.9309,2.2353
201400045790,31,12,14,20,5,95,18,2,1,1,2,PONTOISE,48.9569,2.2052
201400045791,2,3,14,7,2,95,63,2,1,1,2,AV GABRIEL PERI,48.9315,2.2116
201400045792,7,2,14,20,5,95,63,2,2,1,3,AV GABRIEL PERI,48.9342,2.2091
201400045793,26,3,14,15,1,95,63,2,1,1,6,R ALBERT 1ER,48.9331,2.2066
201400045794,28,3,14,11,1,95,63,2,1,1,6,R  EMILE ZOLA,48.9236,2.2084
201400045795,7,4,14,19,1,95,63,2,1,1,3,R DES FRERES BONNEFF,48.9297,2.2109
201400045796,10,4,14,15,1,95,63,2,1,1,3,R EMILE ZOLA,48.9215,2.2189
201400045797,20,3,14,16,1,95,63,2,1,1,6,R EDOUARD VAILLANT,48.9239,2.2084
201400045798,19,5,14,20,1,95,63,2,4,1,3,R EMILE ZOLA,48.9241,2.2045
201400045799,2,6,14,18,1,95,63,2,1,1,2,R  LUCIEN SAMPAIX,48.9387,2.2069
201400045800,30,5,14,17,1,95,63,2,1,1,3,R ANDRE LEMONIER,48.9279,2.2068
201400045801,20,7,14,16,1,95,63,2,4,1,3,AV GABRIEL PERI,48.9324,2.2108
201400045802,6,8,14,12,1,95,63,2,1,2,1,QUAI VOLTAIRE,48.9216,2.2199
201400045803,18,8,14,21,5,95,63,2,1,1,3,AV GABRIEL PERI,48.9311,2.2121
201400045804,15,7,14,20,1,95,63,2,4,1,3,R JEAN JAURES,48.9281,2.2236
201400045805,30,9,14,15,1,95,63,2,4,1,3,QUAI VOLTAIRE,48.9221,2.2187
201400045806,10,9,14,13,1,95,63,2,1,1,1,R ALBERT 1ER,48.9318,2.2033
201400045807,19,7,14,8,1,95,63,2,1,1,1,R ALPHONSE CORNAILLE,48.9381,2.2054
201400045808,21,10,14,6,2,95,63,2,1,1,3,AV GABRIEL PERI,48.9323,2.2109
201400045809,8,11,14,6,5,95,63,2,1,8,6,R  EMILE ZOLA,48.9235,2.2091
201400045810,21,11,14,0,5,95,63,2,1,1,2,R DE PONTOISE,48.9266,2.2164
201400045811,6,11,14,8,1,95,63,2,1,1,3,AV GABRIEL PERI,48.9293,2.2137
201400045812,1,1,14,0,5,95,127,2,2,2,3,R DU CHEMIN DE FER,49.0483,2.0368
201400045813,1,1,14,6,5,95,488,2,1,1,6,R DU  GENERAL DE GAULLE,49.0183,2.1569
201400045814,13,1,14,16,1,95,572,2,1,1,6,QUAI DE L' ECLUSE,49.0476,2.1027
201400045815,19,1,14,22,5,95,127,2,1,8,6,BD DU PORT,49.0315,2.06219
201400045816,21,1,14,21,5,95,476,1,2,1,3,RTE D'ENNERY,49.0716,2.08389
201400045817,15,1,14,18,5,95,323,2,1,2,6,R DE MAURECOURT,49.0096,2.0546
201400045818,23,1,14,22,3,95,127,1,1,2,6,RN 14,0.0,0.0
201400045819,27,1,14,10,1,95,500,2,1,2,6,R DES ROSEAUX,49.0493,2.07989
201400045820,28,1,14,8,1,95,218,2,1,1,6,R SALVADOR ALLENDE,49.0202,2.1035
201400045821,2,2,14,1,3,95,127,1,1,1,4,RN 14,49.0484,2.0706
201400045822,16,2,14,23,5,95,572,2,1,1,6,R GUSTAVE LECLERC,49.0329,2.1138
201400045823,15,2,14,22,3,95,127,1,1,8,6,RD 14,49.0598,1.9971
201400045824,18,2,14,7,2,95,500,2,1,1,6,QU DU POTHUIS,49.0491,2.1024
201400045825,3,3,14,20,3,95,183,1,1,1,6,CHE DE SAILLANCOURT,49.0379,1.9808
201400045826,2,3,14,12,1,95,127,2,6,1,3,BD DE L'OISE,49.0388,2.0769
201400045827,16,3,14,8,1,95,127,2,1,1,6,BD DE L'OISE,49.0391,2.0768
201400045828,10,3,14,20,5,95,476,2,6,1,6,R DE CERGY,49.0619,2.0507
201400045829,16,3,14,13,1,95,488,2,3,1,1,RTE DE CONFLANS,49.0159,2.1375
201400045830,18,3,14,16,1,95,218,2,6,1,3,CHE VERT,49.0111,2.0987
201400045831,26,3,14,21,5,95,500,1,1,1,6,QU  EUGENE TURPIN,49.0539,2.1113
201400045832,7,4,14,0,5,95,488,2,6,1,6,CHE DU PARC,49.0085,2.1678
201400045833,8,4,14,18,1,95,127,2,6,1,3,AV DES GENOTTES,49.0485,2.0354
201400045834,5,4,14,18,1,95,572,2,1,1,1,R DE LIESSE,49.0415,2.1197
201400045835,17,4,14,13,1,95,500,2,1,1,2,QU DU POTHUIS,49.0497,2.1034
201400045836,11,4,14,18,1,95,323,2,1,1,1,R DES VALANCHARDS,49.0198,2.0259
201400045837,24,4,14,9,1,95,500,2,1,1,3,RTE D' AUVERS,49.0566,2.1151
201400045838,4,5,14,2,5,95,218,2,6,1,6,BD COMMUNE DE PARIS,49.0171,2.1063
201400045839,13,5,14,20,1,95,500,2,1,1,2,R DE L'HERMITAGE,49.0549,2.1048
201400045840,14,5,14,18,1,95,218,2,1,1,2,BD JACQUES DUCLOS,49.0191,2.0972
201400045841,29,5,14,14,1,95,500,2,2,8,3,AV D'ALSACE,49.0601,2.0929
201400045842,31,5,14,19,1,95,572,2,1,1,6,AV GENERAL DE GAULLE,49.0431,2.1084
201400045843,31,5,14,19,1,95,127,2,1,1,3,RN 14,0.0,0.0
201400045844,27,5,14,9,1,95,500,2,1,1,6,AV KENNEDY,49.0629,2.0914
201400045845,5,6,14,12,1,95,500,2,1,1,6,AV MARECHAL DE LATTRE,49.0485,2.0809
201400045846,6,6,14,19,1,95,218,2,1,1,5,BD CHARLES DE GAULLE,49.0244,2.1042
201400045847,7,6,14,15,1,95,572,1,1,1,3,AV FOND DE VAUX,49.0514,2.1466
201400045848,3,7,14,15,1,95,488,1,1,1,3,CHEMIN DES BOEUFS,49.0294,2.1497
201400045849,28,7,14,18,1,95,572,1,1,1,3,AV DE PARIS,49.0336,2.1259
201400045850,30,7,14,15,1,95,476,1,1,1,3,RTE PARIS-DIEPPE,49.0768,2.0749
201400045851,6,8,14,10,1,95,218,2,2,3,3,R DE L'AMBASSADEUR,49.0133,2.0897
201400045852,14,8,14,22,3,95,127,1,1,1,2,RN 14,0.0,0.0
201400045853,16,8,14,2,5,95,572,2,1,1,6,AV DU CHATEAU,49.0544,2.1278
201400045854,22,8,14,12,1,95,127,1,1,1,4,RN 14,49.0551,2.0529
201400045855,31,8,14,19,1,95,572,2,1,1,6,R DU PARC,49.0383,2.1085
201400045856,16,9,14,6,5,95,323,2,1,1,1,BD D'ECANCOURT,49.0117,2.0522
201400045857,19,9,14,12,1,95,488,2,1,1,2,AV DU GENERAL LECLERC,49.0204,2.1469
201400045858,22,9,14,23,5,95,572,2,1,1,2,R DE PARIS,49.0341,2.1252
201400045859,26,9,14,12,1,95,127,1,2,1,3,BD DE LA VIOSNE,49.0447,2.0766
201400045860,1,10,14,12,1,95,323,2,1,1,6,BD D'ECANCOURT,49.0097,2.0375
201400045861,27,9,14,15,1,95,183,2,1,1,6,BD DES CHASSEURS,49.0449,2.0027
201400045862,13,10,14,12,1,95,572,2,1,1,6,R GUISEPPE VERDI,49.0389,2.1197
201400045863,16,10,14,9,1,95,500,2,3,1,1,R DE L'HERMITAGE,49.0541,2.1051
201400045864,5,11,14,6,3,95,476,1,1,8,6,CHEMIN DES HAYETTES,49.0679,2.08829
201400045865,19,11,14,19,5,95,127,2,2,1,6,AV DES GENOTTES,49.0484,2.0368
201400045866,29,11,14,21,5,95,572,2,1,1,6,R DE L'EQUERRE,49.0446,2.1338
201400045867,4,12,14,14,1,95,127,2,2,1,3,BD DE L'HAUTIL,49.0317,2.0743
201400045868,5,12,14,21,4,95,218,1,2,1,6,BD JACQUES DUCLOS,49.0157,2.0918
201400045869,9,12,14,18,5,95,218,2,1,1,6,AV ROGER GUICHARD,49.0242,2.0969
201400045870,18,12,14,17,5,95,127,2,1,1,6,BD DE L'OISE,49.0475,2.0518
201400045871,4,4,14,22,5,95,500,2,1,1,3,PL DE LA LIBERATION,49.0448,2.09059
201400045872,11,5,14,9,1,95,127,2,1,8,2,BD DE LA VIOSNE,49.0448,2.0767
201400045873,30,11,14,15,1,95,197,2,1,1,1,BD DE MONTMORENCY,48.9789,2.3166
201400045874,28,11,14,8,1,95,288,2,1,1,3,R DU LAC MARCHAIS,48.9783,2.2341
201400045875,3,1,14,13,1,95,427,2,1,1,4,AV MAURICE BERTEAUX,48.9761,2.3478
201400045876,14,1,14,8,1,95,197,2,1,2,2,RTE DE SAINT DENIS,48.9666,2.3179
201400045877,9,12,14,7,3,95,197,2,1,1,6,R DE VERDUN,48.9783,2.3284
201400045878,14,12,14,11,1,95,197,2,1,1,6,AV DU MARECHAL FOCH,48.9642,2.3176
201400045879,2,1,14,9,1,95,427,2,2,1,3,R D'EPINAY,48.9627,2.3338
201400045880,6,1,14,14,1,95,197,2,1,1,6,R BOURGEOIS,48.9793,2.3276
201400045881,19,2,14,11,1,95,197,2,1,2,1,AV DIVISION LECLERC,48.9676,2.3164
201400045882,3,3,14,19,5,95,288,2,1,1,6,RTE DE CALAIS,48.9851,2.3615
201400045883,11,3,14,18,1,95,427,2,1,1,6,R' DEPINAY,0.0,0.0
201400045884,19,3,14,14,1,95,197,2,3,1,3,R MORISSET,48.9754,2.3337
201400045885,20,3,14,15,1,95,427,2,1,1,3,AV GENERAL DE GAULLE,48.9741,2.3477
201400045886,24,3,14,15,1,95,288,2,1,1,6,RTE DE CALAIS,48.9848,2.3617
201400045887,2,4,14,10,1,95,197,2,1,1,3,R DU LAC MARCHAIS,48.9811,2.3433
201400045888,25,4,14,19,2,95,288,2,1,1,1,R DES CARRIERES,48.9907,2.3498
201400045889,13,5,14,9,1,95,197,2,3,1,2,R GERARD TOUTAIN,48.9626,2.3174
201400045890,19,5,14,12,1,95,197,2,1,1,2,R DU CHATEAU,48.9676,2.3185
201400045891,9,5,14,11,1,95,288,2,1,1,6,BD  CHARLES DE GAULLE,49.0091,2.3982
201400045892,26,5,14,8,1,95,197,2,1,1,3,RTE DE SAINT DENIS,48.9661,2.3186