Num_Acc,jour,mois,an,hr,condition_eclairage,departement,commune,condition_agglomeration,intersection,condition_atmosphere,type_collision,adresse,lattitude,longitude
201400045893,21,5,14,14,1,95,197,2,1,1,6,RTE DE SAINT DENIS,48.9629,2.3231
201400045894,26,5,14,16,1,95,197,2,1,1,6,BD DE MONTMORENCY,48.9674,2.3173
201400045895,12,6,14,7,1,95,197,2,1,1,6,AV CHARLES DE GAULLE,48.9829,2.3247
201400045896,1,7,14,8,1,95,288,2,1,2,2,R DE MONTMAGNY,48.9829,2.3542
201400045897,6,6,14,8,1,95,427,2,1,1,6,RTE DE SAINT LEU,48.9594,2.3285
201400045898,9,7,14,17,1,95,197,2,1,2,4,R D'EPINAY,48.9595,2.3281
201400045899,25,7,14,16,1,95,427,2,1,1,2,R DE VILLETANEUSE,48.9703,2.3469
201400045900,13,8,14,16,1,95,427,2,1,2,6,RTE DE SAINT LEU,48.9587,2.3292
201400045901,11,7,14,15,1,95,197,2,1,2,3,AV CHARLES DE GAULLE,48.9806,2.3188
201400045902,29,7,14,11,1,95,427,2,1,1,6,R DE VILLETANEUSE,48.9709,2.3473
201400045903,9,9,14,9,1,95,197,2,1,1,6,R CHARLES DE GAULLE,48.9752,2.3244
201400045904,7,8,14,17,1,95,427,2,1,1,6,RTE DE SAINT LEU,48.9581,2.3298
201400045905,26,9,14,8,1,95,197,2,3,1,3,R DU CHATEAU,48.9693,2.3202
201400045906,24,9,14,15,1,95,427,2,1,1,2,R JULES FERRY,48.9632,2.3391
201400045907,29,9,14,17,1,95,288,2,6,1,3,R FERDINAND BERTHOUD,48.9332,2.3427
201400045908,4,10,14,15,1,95,197,2,1,1,6,R BEAU SITE,48.9805,2.3197
201400045909,9,10,14,17,1,95,197,2,1,1,6,R DE LA GARE,48.9753,2.3346
201400045910,28,10,14,18,2,95,197,2,2,1,3,R CHARLES DE GAULLE,48.9757,2.3273
201400045911,24,10,14,19,5,95,288,2,1,9,3,RTE DE CALAIS,48.9849,2.3615
201400045912,18,11,14,11,1,95,197,2,1,1,2,R DU PROGRES,48.9629,2.3169
201400045913,4,10,14,12,1,95,197,2,1,1,3,RTE DE SAINT DENIS,48.9638,2.3216
201400045914,10,10,14,15,1,95,427,2,1,1,6,AV GENERAL DE GAULLE,48.9743,2.3468
201400045915,5,11,14,7,1,95,197,2,3,1,2,RTE DE SAINT DENIS,48.9643,2.3213
201400045916,1,12,14,16,1,95,197,2,1,1,6,BD DE MONTMORENCY,48.9704,2.3165
201400045917,5,12,14,20,5,95,197,2,1,1,2,R EUGENE LAMARRE,48.9721,2.3215
201400045918,30,11,14,19,5,95,197,2,1,2,6,AV MATHIEU CHAZOTTE,48.9715,2.3209
201400045919,1,12,14,8,1,95,197,2,3,1,3,AV DIVISION LECLERC,48.9659,2.3188
201400045920,13,11,14,17,3,95,288,1,1,1,2,RTE DE CALAIS,48.9828,2.3624
201400045921,13,11,14,14,1,95,427,2,1,1,1,RUELLE MARIANNE,48.9774,2.3509
201400045922,19,2,14,22,5,95,210,2,7,1,3,PL DU MARECHAL FOCH,48.9718,2.3088
201400045923,5,3,14,13,1,95,598,2,1,1,6,R JARDIN RENARD,48.9918,2.2985
201400045924,15,1,14,8,2,95,555,2,1,2,6,R BERTHIE ALBRECHT,48.9682,2.2851
201400045925,18,3,14,1,5,95,428,2,1,1,7,AV CHARLES DE GAULLE,48.9819,2.3219
201400045926,29,4,14,19,1,95,598,2,1,2,2,AV  KELLERMANN,48.9819,2.2928
201400045927,18,5,14,11,1,95,598,2,3,1,6,R DU MONT D'EAUBONNE,48.9905,2.2897
201400045928,30,5,14,13,1,95,428,2,1,1,6,AV DES ACACIAS,48.9755,2.3099
201400045929,5,4,14,13,1,95,428,2,1,1,3,RTE DE  SAINT BRICE,48.9933,2.3336
201400045930,18,7,14,14,1,95,598,2,3,9,1,R DE LA CAILLE,48.9812,2.3101
201400045931,30,5,14,18,1,95,555,2,2,1,3,AV GABRIEL PERI,48.9705,2.2847
201400045932,27,7,14,12,1,95,555,2,2,1,3,R D' ERMONT,48.9711,2.2808
201400045933,24,7,14,16,1,95,555,2,1,1,3,R D'ARGENTEUIL,48.9632,2.2812
201400045934,27,7,14,16,1,95,555,2,1,1,6,BD DU MARECHAL FOCH,48.9637,2.2896
201400045935,24,7,14,19,1,95,555,2,1,1,1,R DU GENERAL LECLERC,48.9661,2.2923
201400045936,7,9,14,19,1,95,598,2,1,1,6,R DES FANAUDES,48.9833,2.3023
201400045937,26,9,14,19,3,95,598,2,1,1,2,R DU DOCTEUR SCHWEITZER,48.9949,2.3034
201400045938,28,7,14,20,1,95,555,2,1,1,6,BD GEORGETTE AGUTTE,48.9622,2.2847
201400045939,24,11,14,9,1,95,598,2,6,2,2,AV DE PARIS,48.9859,2.2972
201400045940,1,10,14,13,1,95,555,2,1,1,2,AV DANIELE CASANOVA,48.9731,2.2897
201400045941,8,10,14,7,1,95,428,2,5,2,6,AV REY DE FORESTA,48.9904,2.3212
201400045942,24,11,14,13,1,95,210,2,1,1,6,R DE  MALLEVILLE,48.9676,2.3055
201400045943,5,12,14,19,5,95,598,2,1,2,6,AV KELLERMANN,48.9811,2.2925
201400045944,28,12,14,18,5,95,598,2,6,1,6,AV KELLERMANN,48.9783,2.2919
201400045945,8,4,14,22,5,95,555,2,1,1,3,BD PASTEUR,48.9664,2.2772
201400045946,10,12,14,1,5,95,210,2,2,1,3,R DU GENERAL DE GAULLE,48.9716,2.3083
201400045947,5,1,14,9,1,95,252,2,3,1,3,BD DU BEL-AIR,48.9845,2.2406
201400045948,8,1,14,7,5,95,203,2,1,1,6,AV DE PARIS,48.9932,2.2819
201400045949,8,1,14,15,1,95,252,2,1,1,2,R DU GENERAL LECLERC,48.9871,2.2151
201400045950,16,1,14,11,1,95,252,2,3,2,3,BD DU  BEL-AIR,48.9845,2.2406
201400045951,22,1,14,20,5,95,219,2,1,2,6,R DE LA PETITE BAPAUME,48.9935,2.2522
201400045952,25,1,14,18,5,95,252,2,2,1,3,BD RHIN ET DANUBE,48.9885,2.2303
201400045953,30,1,14,14,1,95,252,2,1,1,6,R ANDRE CITROEN,48.9903,2.2091
201400045954,3,2,14,8,1,95,219,2,1,1,6,R DE LA PETITE BAPAUME,48.9925,2.2557
201400045955,3,2,14,12,1,95,219,2,1,1,6,R DE STALINGRAD,48.9862,2.2569
201400045956,5,2,14,20,5,95,203,2,1,1,6,RTE DE MONTLIGNON,48.9981,2.2771
201400045957,11,2,14,17,1,95,203,2,4,2,6,RTE DE SAINT LEU,49.0006,2.2643
201400045958,15,2,14,9,1,95,252,2,1,1,3,R FRANCOIS PLASSON,48.9934,2.2394
201400045959,16,2,14,3,5,95,219,2,1,1,6,R RAOUL DAUTRY,48.9827,2.2631
201400045960,1,3,14,1,3,95,252,1,1,2,3,SENT BOIS DES MONTFRAIS,48.9744,2.2347
201400045961,9,3,14,10,1,95,252,2,3,1,3,R DU CHEMIN NEUF,48.9791,2.2327
201400045962,14,3,14,16,1,95,252,2,1,1,3,R DE L'ORME ST EDME,48.9912,2.2386
201400045963,25,3,14,9,1,95,203,2,1,2,3,R BLANCHE ROSE,48.9786,2.2771
201400045964,26,3,14,15,1,95,491,2,1,1,6,R GABRIEL PERI,48.9984,2.2461
201400045965,27,3,14,11,1,95,219,2,1,1,6,ALL DE LA RESIDENC FOCH,48.9912,2.2588
201400045966,28,3,14,15,1,95,219,2,1,1,6,R DE STALINGRAD,48.9875,2.2575
201400045967,1,4,14,9,1,95,219,2,1,1,6,BD DE CERNAY,48.9811,2.2483
201400045968,1,4,14,16,1,95,252,2,1,1,4,BD DU BEL-AIR,48.9871,2.2341
201400045969,1,4,14,17,1,95,219,2,1,1,6,R DE L'ARRIVEE,48.9801,2.2704
201400045970,7,4,14,17,1,95,582,2,1,1,3,AV DE LA SABERNAUDE,48.9786,2.2439
201400045971,12,4,14,14,1,95,219,2,1,1,1,R DU 18 JUIN,48.9929,2.2476
201400045972,12,4,14,19,1,95,219,2,1,1,6,R LOUIS SAVOIE,48.9925,2.2578
201400045973,15,4,14,19,1,95,252,2,2,1,3,CHAUSSEE JULES CESAR,48.9983,2.2302
201400045974,26,4,14,13,1,95,219,2,1,2,6,R DE STALINGRAD,48.9875,2.2575
201400045975,27,4,14,9,1,95,203,2,6,2,3,RTE DE SAINT LEU,48.9949,2.2754
201400045976,1,5,14,13,1,95,219,2,3,2,6,R DU GENERAL LECLERC,48.9811,2.2705
201400045977,2,5,14,12,1,95,252,2,3,1,2,CHAUSSEE JULES CESAR,48.9999,2.2258
201400045978,8,5,14,12,1,95,219,2,6,1,4,BD DE CERNAY,48.9802,2.2532
201400045979,9,5,14,8,1,95,252,2,2,1,7,BD MAURICE BERTEAUX,48.9885,2.2303
201400045980,11,5,14,10,1,95,203,2,1,1,6,BD DE LA  REPUBLIQUE,48.9819,2.2851
201400045981,11,5,14,13,1,95,252,2,1,1,6,CHE DU PUITS DE LA BARRE,48.9833,2.2249
201400045982,13,5,14,19,1,95,252,2,1,1,2,BD DU BEL-AIR,48.9844,2.2406
201400045983,18,5,14,1,5,95,219,2,1,1,6,R DE STALINGRAD,48.9876,2.2577
201400045984,24,5,14,18,1,95,252,2,6,1,2,CHE VERT GRATTES-BOEUFS,48.9891,2.2122
201400045985,29,5,14,18,1,95,219,2,1,1,3,AV GEORGES POMPIDOU,48.9877,2.2483
201400045986,7,6,14,6,1,95,574,2,1,1,6,R LOUIS ET GERALD DONZEL,49.0109,2.2607
201400045987,7,6,14,15,1,95,252,2,1,1,3,BD DU BEL-AIR,48.9856,2.2381
201400045988,7,6,14,17,1,95,252,2,1,1,6,R D'ERMONT,48.9832,2.2305
201400045989,11,6,14,19,1,95,252,2,1,1,6,R  HAMELIN,48.9861,2.2252
201400045990,14,6,14,16,1,95,426,2,1,1,6,R DES ROSIERS,49.0077,2.2815
201400045991,16,6,14,17,1,95,203,2,1,1,3,R D'ANDILLY,48.9952,2.2843
201400045992,20,6,14,16,1,95,219,2,1,1,6,AV PRES GEORGES POMPIDOU,48.9842,2.2464
201400045993,25,6,14,19,1,95,203,2,6,1,3,AV VOLTAIRE,48.9949,2.2757
201400045994,1,7,14,19,1,95,252,2,1,1,6,CHAUSSEE JULES CESAR,48.9991,2.2279
201400045995,4,7,14,16,1,95,219,2,1,1,2,R DU STAND,48.9965,2.2518
201400045996,6,7,14,19,1,95,574,2,1,1,6,R  AUGUSTE REY,49.0161,2.2652
201400045997,11,7,14,11,1,95,219,2,3,2,3,R PIERRE LOTI,48.9792,2.2502
201400045998,14,7,14,22,5,95,252,2,1,1,3,TROISIEME AVENUE,48.9854,2.2364
201400045999,28,7,14,17,1,95,574,1,1,1,1,R  MAIGNAN LARIVIERE,49.0173,2.2631
201400046000,29,7,14,12,1,95,252,2,1,1,1,R DU GENERAL LECLERC,48.9834,2.2291
201400046001,30,7,14,11,1,95,219,1,3,1,3,R DU STAND,48.9979,2.2474
201400046002,30,7,14,19,1,95,219,2,3,1,6,R RAOUL DAUTRY,48.9805,2.2701
201400046003,2,8,14,15,1,95,203,2,6,1,1,RTE DE SAINT LEU,48.9953,2.2747
201400046004,4,8,14,8,1,95,203,2,1,1,6,RTE DE SAINT LEU,48.9962,2.2724
201400046005,5,8,14,18,1,95,203,2,1,1,3,RTE DE SAINT LEU,48.9953,2.2746
201400046006,8,8,14,15,1,95,252,2,1,2,3,R DU GENERAL LECLERC,48.9861,2.2228
201400046007,18,8,14,20,1,95,252,2,1,1,6,R DU GENERAL LECLERC,48.9861,2.2226
201400046008,19,8,14,9,1,95,491,2,4,1,1,R PASTEUR,48.9959,2.2384
201400046009,21,8,14,14,1,95,574,2,3,1,6,AV GENERAL LECLERC,49.0018,2.2631
201400046010,31,8,14,14,1,95,203,2,6,1,3,PL ARISTIDE  BRIAND,48.9485,2.2583
201400046011,1,9,14,7,1,95,252,2,1,1,6,R DES MARAICHERS,48.9951,2.2185
201400046012,2,9,14,14,1,95,219,2,1,1,6,R JEAN JAURES,48.9851,2.2566
201400046013,4,9,14,14,1,95,219,2,6,1,3,BD DE CERNAY,48.9819,2.2459
201400046014,7,9,14,15,1,95,203,2,1,1,6,AV JEAN JACQUES ROUSSEAU,48.9948,2.2801
201400046015,6,9,14,19,1,95,252,2,1,1,1,R DE LA BONNE RENCONTRE,48.9965,2.2246
201400046016,11,9,14,8,1,95,203,2,4,1,3,R DU GENERAL LECLERC,48.9889,2.2742
201400046017,11,9,14,19,1,95,574,2,1,1,6,R D'ERMONT,49.0011,2.2594
201400046018,12,9,14,17,1,95,219,2,1,1,2,R DU SYNDICAT,48.9967,2.2527
201400046019,18,9,14,9,1,95,252,2,2,1,1,BD RHIN ET DANUBE,48.9903,2.2281
201400046020,15,9,14,20,4,95,203,2,1,1,6,R LAFAYETTE,48.9967,2.2837
201400046021,26,9,14,23,5,95,252,2,1,1,7,R DE PARIS,48.9825,2.2313
201400046022,2,10,14,15,1,95,252,2,1,1,3,BD DU BEL-AIR,48.9877,2.2325
201400046023,4,10,14,13,1,95,574,2,2,1,3,RTE DE MONTMORENCY,49.0101,2.2633
201400046024,6,10,14,16,1,95,219,2,1,2,6,R DE SANNOIS,48.9849,2.2564
201400046025,10,10,14,9,1,95,252,2,2,1,6,BD TOUSSAINT LUCAS,48.9877,2.2297
201400046026,13,10,14,20,5,95,491,2,1,1,1,R LOUIS ARMAND,49.0004,2.2487
201400046027,25,10,14,23,5,95,252,2,4,1,2,BD DU BEL AIR,48.9874,2.2335
201400046028,30,10,14,18,5,95,252,2,1,1,1,R DU GENERAL LECLERC,48.9863,2.2218
201400046029,3,11,14,10,1,95,252,2,3,1,6,R DES ONZE ARPENTS,48.9876,2.2187
201400046030,3,11,14,18,5,95,252,2,1,3,6,CHAUSSEE JULES CESAR,48.9944,2.2429
201400046031,6,11,14,7,2,95,203,2,6,1,3,CARR CHARLES DE GAULLE,48.9949,2.2757
201400046032,6,11,14,8,1,95,252,2,1,1,3,AV DES MARAIS,48.9946,2.2212
201400046033,6,11,14,14,1,95,252,2,1,1,6,R DE LA STATION,48.9851,2.2299
201400046034,6,11,14,19,5,95,219,2,1,1,6,AVENUE DU MARECHAL JUIN,48.9987,2.2553
201400046035,9,11,14,2,5,95,203,2,1,1,6,AV VOLTAIRE,48.9936,2.2811
201400046036,10,11,14,14,1,95,203,2,1,1,7,BD DE LA REPUBLIQUE,48.9905,2.2758
201400046037,14,11,14,13,1,95,252,2,4,2,5,R DE L'ERMITAGE,48.9783,2.2369
201400046038,17,11,14,18,5,95,203,2,2,2,6,AV VOLTAIRE,48.9946,2.2779
201400046039,18,11,14,18,5,95,203,2,2,1,3,BD DE LA MAIRIE,48.9961,2.2786
201400046040,21,11,14,8,1,95,574,2,1,2,1,R COLONEL FABIEN,49.0029,2.2536
201400046041,28,11,14,8,1,95,203,2,1,1,3,R DU GENERAL LECLERC,48.9835,2.2719
201400046042,29,11,14,12,1,95,203,2,1,1,3,R DE SAINT PRIX,49.0025,2.2705
201400046043,5,12,14,8,5,95,219,2,4,1,6,R ALFRED DE MUSSET,48.9827,2.2688
201400046044,8,12,14,19,5,95,426,2,1,2,6,R DE PARIS,49.0203,2.2919
201400046045,10,12,14,16,1,95,574,2,1,2,3,AV GENERAL LECLERC,49.0001,2.2634
201400046046,16,12,14,17,5,95,252,2,6,1,3,AV DES MARAIS,48.9923,2.2226
201400046047,17,12,14,8,1,95,491,2,1,2,6,R GABRIEL PERI,49.0016,2.2387
201400046048,17,12,14,11,1,95,203,2,1,2,2,R DE SAINT PRIX,49.0022,2.2702
201400046049,17,12,14,18,5,95,203,2,1,2,6,BD DE LA REPUBLIQUE,48.9856,2.2805
201400046050,31,12,14,17,2,95,252,2,1,1,6,BD DU BEL-AIR,48.9857,2.2376
201400046051,6,3,14,9,1,95,219,2,4,1,3,R DEUX PONTS,48.9769,2.2623
201400046052,14,6,14,22,5,95,252,2,1,1,3,BD DU BEL-AIR,48.9835,2.2423
201400046053,19,7,14,18,1,95,219,2,3,2,2,R DU 18 JUIN,48.9939,2.2442
201400046054,14,7,14,11,1,95,203,2,6,1,3,AV VOLTAIRE,48.9949,2.2757
201400046055,25,11,14,16,1,95,203,2,1,1,6,R DU GENERAL LECLERC,48.9865,2.2732
201400046056,2,4,14,17,1,95,268,2,1,1,3,R DES PRIEUSES,48.9651,2.3954
201400046057,5,4,14,16,1,95,268,2,1,1,6,AV DU PLEIN MIDI,48.9725,2.3936
201400046058,21,7,14,16,1,95,268,2,6,1,2,AV DE STALINGRAD,48.9608,2.4012
201400046059,25,7,14,15,1,95,268,2,3,7,3,AV DE COMMUNE DE PARIS,48.9704,2.3992
201400046060,29,11,14,18,5,95,268,2,1,1,1,AV DE DIVISION LECLERC,48.9696,2.3973
201400046061,3,12,14,14,1,95,268,2,1,1,2,AV DE STALINGRAD,48.9696,2.4129
201400046062,3,1,14,12,1,95,19,2,1,1,2,AV HENRI BARBUSSE,48.9889,2.4157
201400046063,10,6,14,11,1,95,19,2,1,2,6,R DU CHEMIN DES DAMES,48.9837,2.4059
201400046064,7,1,14,10,1,95,19,2,1,1,6,PL GENERAL LECLERC,48.9942,2.4161
201400046065,13,9,14,10,1,95,280,2,1,1,6,AV ALBERT SARRAUT,49.0265,2.4624
201400046066,8,1,14,21,5,95,19,2,1,2,6,AV CHARLES VAILLANT,48.9859,2.4106
201400046067,9,1,14,13,1,95,280,2,3,2,3,AV ALBERT SARRAUT,49.0285,2.4612
201400046068,16,10,14,19,5,95,19,2,1,8,3,AV CHARLES VAILLANT,48.9861,2.4121
201400046069,27,4,14,15,1,95,277,2,1,1,3,AV GABRIEL PERI,48.9927,2.4272
201400046070,4,5,14,16,1,95,277,2,1,1,3,R NUNGESSER ET COLI,48.9774,2.4537
201400046071,5,6,14,10,1,95,19,2,1,1,3,R JEAN JAURES,48.9951,2.4194
201400046072,12,6,14,17,1,95,277,2,1,1,1,R DE  PARIS,48.9844,2.4415
201400046073,5,3,14,16,1,95,280,2,2,1,6,AV ALBERT SARRAUT,49.0249,2.4639
201400046074,15,3,14,15,1,95,19,2,3,1,6,R ROBERT SCHUMAN,48.9899,2.4198
201400046075,22,7,14,12,1,95,277,1,1,1,2,RTE PARIS SENLIS,48.9895,2.4749
201400046076,28,7,14,7,1,95,277,1,2,8,3,R NUNGESSER ET COLI,48.9737,2.4608
201400046077,7,8,14,18,1,95,277,2,2,1,3,R DE PARIS,48.9863,2.4488
201400046078,29,9,14,14,1,95,277,1,1,1,1,RTE DE BONNEUIL,48.9799,2.4377
201400046079,10,10,14,11,1,95,280,2,3,1,3,PL DANIELLE CASANOVA,49.0372,2.4583
201400046080,29,1,14,8,1,95,280,2,2,8,3,R DES ALPES,49.0357,2.4704
201400046081,29,1,14,10,1,95,280,2,1,1,6,BD  FRERES MONTGOLFIER,49.0389,2.4581
201400046082,9,5,14,21,5,95,277,2,1,1,6,R FELIX FAGLIN,48.9997,2.4239
201400046083,5,2,14,14,1,95,19,2,6,1,2,AV DE LA CONCORDE,48.9962,2.4205
201400046084,6,2,14,16,1,95,280,2,1,8,2,AV DE LA GARE,49.0155,2.4699
201400046085,8,2,14,7,5,95,277,2,1,2,5,AV GABRIEL PERI,48.9941,2.4239
201400046086,8,2,14,20,5,95,19,2,1,1,6,R JEAN JAURES,48.9951,2.4193
201400046087,10,2,14,5,3,95,277,2,1,1,3,R NUNGESSER ET COLI,48.9787,2.4525
201400046088,15,2,14,20,5,95,280,2,1,2,1,BD GENERAL DE GAULLE,49.0234,2.4722
201400046089,20,2,14,16,1,95,280,2,6,3,7,AV DE LA GARE,49.0126,2.4714
201400046090,27,2,14,9,1,95,277,1,1,3,3,R LEON BLUM,49.0029,2.4095
201400046091,1,3,14,19,5,95,280,2,1,1,4,AV ALBERT SARRAUT,49.0318,2.4591
201400046092,7,3,14,13,1,95,280,2,1,1,6,R GEORGES PITARD,49.0341,2.4535
201400046093,25,9,14,17,1,95,280,2,2,1,6,AV DU 6 JUIN 1944,49.0249,2.4641
201400046094,5,4,14,15,1,95,280,2,2,1,3,BD COGNACQ JAY,49.0367,2.4681
201400046095,13,4,14,10,1,95,19,2,6,1,3,AV CHARLES VAILLANT,48.9861,2.4127
201400046096,15,4,14,6,2,95,280,2,1,1,3,R DE LA MADELEINE,49.0243,2.4674
201400046097,5,12,14,13,1,95,280,2,2,1,6,AV ALBERT SARRAUT,49.0249,2.4639
201400046098,7,12,14,18,5,95,277,2,2,2,6,R D'AULNAY,48.9844,2.4433
201400046099,19,4,14,20,5,95,277,1,1,1,3,RD 370,48.9685,2.4651
201400046100,16,12,14,16,2,95,280,2,1,1,6,BD P VAILLANT COUTURIER,49.0359,2.4777
201400046101,21,4,14,12,1,95,280,2,1,1,6,R MARTIN LUTHER KING,49.0385,2.4599
201400046102,16,5,14,11,1,95,19,2,1,1,3,R JEAN  JAURES,48.9945,2.4187
201400046103,19,5,14,11,1,95,277,2,6,1,3,AV FRANCOIS MITTERAND,48.9856,2.4322
201400046104,22,5,14,8,1,95,19,2,1,1,6,R JEAN JAURES,48.9842,2.4191
201400046105,22,5,14,19,1,95,277,2,2,1,3,R BERTHELOT,48.9817,2.4562
201400046106,23,5,14,19,1,95,280,2,1,1,6,R LOUISE MICHEL,49.0313,2.4732
201400046107,26,5,14,17,1,95,277,2,1,1,6,R JEAN CAMUS,48.9841,2.4507
201400046108,16,6,14,18,1,95,280,2,3,1,3,BD ROGER SALENGRO,49.0396,2.4659
201400046109,18,6,14,16,1,95,19,2,1,1,3,AV PIERRE CURIE,48.9853,2.4258
201400046110,26,6,14,8,1,95,19,2,1,1,6,R ROBERT SCHUMAN,48.9916,2.4175
201400046111,26,6,14,18,1,95,277,1,6,1,3,CARREFOUR DES TULIPES,48.9688,2.4645
201400046112,12,7,14,15,1,95,19,2,2,1,3,AV CHARLES VAILLANT,48.9862,2.4154
201400046113,13,7,14,20,1,95,277,2,1,1,6,AV ALEXANDRE GASSIEN,48.9967,2.4279
201400046114,23,7,14,20,1,95,277,2,6,2,2,CARREFOUR DE LEONESSA,48.9932,2.4426
201400046115,25,7,14,15,1,95,277,2,1,1,6,AV GEORGES  POMPIDOU,48.9905,2.4303
201400046116,25,8,14,2,5,95,277,2,6,1,2,CARREFOUR DES TULIPES,48.9689,2.4645
201400046117,26,8,14,19,2,95,277,2,1,1,6,ALL WATTEAU,48.9869,2.4314
201400046118,6,9,14,2,5,95,19,2,3,1,7,AV CHARLES VAILLANT,48.9858,2.4099
201400046119,18,10,14,7,5,95,280,2,1,1,6,AV ALBERT  SARRAUT,49.0331,2.4583
201400046120,5,11,14,14,1,95,277,2,1,1,6,R ALBERT DROUHOT,48.9895,2.4464
201400046121,11,11,14,6,2,95,277,2,2,1,3,AV RAYMOND RAMBERT,48.9842,2.4403
201400046122,21,11,14,13,1,95,277,2,1,1,2,R BERTHELOT,48.9806,2.4546
201400046123,25,11,14,15,1,95,277,2,3,1,3,AV DES JASMINS,48.9971,2.4223
201400046124,29,11,14,11,1,95,280,2,1,1,6,BD ROGER SALENGRO,49.0387,2.4672
201400046125,4,12,14,19,5,95,280,2,1,1,1,BD GENERAL DE GAULLE,49.0211,2.4708
201400046126,4,12,14,20,5,95,277,1,1,2,6,R NUNGESSER ET COLI,48.9775,2.4532
201400046127,12,12,14,14,1,95,277,2,1,2,1,AV ALEXANDRE GASSIEN,48.9977,2.4276
201400046128,8,1,14,14,1,95,306,2,1,1,6,R CHATEAUBRIAND,48.9958,2.1485
201400046129,17,1,14,20,5,95,306,2,1,1,6,R JEAN LECLAIRE,48.9927,2.1623
201400046130,23,1,14,11,1,95,424,2,1,1,6,R JACQUES VERNIOL,48.9908,2.1961
201400046131,27,1,14,15,1,95,424,2,1,1,2,BD VICTOR BORDIER,48.9952,2.1925
201400046132,22,2,14,23,3,95,257,2,1,1,6,R GAMBETTA,48.9808,2.1738
201400046133,12,3,14,15,1,95,306,2,1,1,6,R GENERAL DE GAULLE,48.9906,2.1667
201400046134,23,4,14,11,1,95,424,2,1,1,2,BD  VICTOR BORDIER,48.9952,2.1926
201400046135,23,4,14,18,1,95,424,1,1,1,3,BD DE PONTOISE,48.9929,2.1818
201400046136,25,4,14,9,1,95,306,2,4,1,3,R  MOLIERE,48.9911,2.1731
201400046137,25,4,14,21,2,95,424,2,1,2,2,BD  VICTOR BORDIER,48.9971,2.1889
201400046138,29,4,14,16,1,95,424,2,1,1,6,AV  ARISTIDE MAILLOL,48.9952,2.2002
201400046139,3,5,14,11,1,95,306,2,1,1,6,R HENRI DUNANT,48.9895,2.1711
201400046140,6,5,14,18,1,95,424,2,1,1,6,BD DE PONTOISE,48.9833,2.1818
201400046141,22,5,14,17,1,95,306,2,1,1,6,PL DE LA LIBERATION,48.9909,2.1675
201400046142,7,6,14,14,1,95,257,2,1,1,6,R DE LA GARE,48.9805,2.1821
201400046143,27,7,14,15,1,95,306,2,2,1,3,BD DU HAVRE,49.0007,2.1821
201400046144,14,8,14,14,1,95,306,2,1,1,3,BD DU  8 MAI 1945,48.9987,2.1821
201400046145,16,8,14,20,1,95,306,2,1,1,3,BD DU HAVRE,49.0006,2.1824
201400046146,10,9,14,17,1,95,424,2,1,1,6,AV DE LA LIBERATION,49.0066,2.1952
201400046147,29,9,14,20,3,95,306,2,1,3,1,R DE CONFLANS,48.9962,2.1538
201400046148,19,10,14,10,1,95,424,2,3,1,1,AV DES FRANCES,48.9983,2.2045
201400046149,31,10,14,18,5,95,424,2,1,1,6,AV ARISTIDE MAILLOL,48.9948,2.2013
201400046150,29,11,14,16,1,95,424,2,1,1,6,R DE LA REPUBLIQUE,49.0024,2.2019
201400046151,12,12,14,6,2,95,306,2,1,1,1,R DE  CONFLANS,48.9961,2.1539
201400046152,24,12,14,16,2,95,424,1,1,1,1,R DE CORMEILLES,48.9833,2.1891
201400046153,29,12,14,14,1,95,424,1,3,1,5,CHE DE LA MARE EPINEUSE,48.9913,2.2064
201400046154,14,7,14,19,1,95,424,1,1,1,1,R DE VERDUN,48.9857,2.1937
201400046155,27,6,14,17,1,93,73,1,2,1,3,PARKING C-D LOUEURS  ALL,0.0,0.0
201400046156,16,8,14,23,5,95,527,1,1,1,6,AEROVILLE,48.9921,2.5195
201400046157,21,5,14,15,1,93,73,1,1,8,2,CROIX AU PLATRE (ROUTE D,0.0,0.0
201400046158,13,1,14,13,1,95,527,1,1,1,6,RTE DU NOYER DU CHAT,49.0046,2.5481
201400046159,1,12,14,6,5,95,527,1,1,2,6,Circuit 2.0,49.0057,2.5369
201400046160,14,1,14,6,5,95,527,1,1,2,2,Circuit 1.0,49.0056,2.5359
201400046161,17,12,14,16,1,93,73,1,1,2,6,"NEANT, PAVE (RUE DU)",0.0,0.0
201400046162,26,6,14,7,1,77,291,1,1,1,1,PARKING PW,0.0,0.0
201400046163,12,10,14,19,5,93,73,1,1,2,6,VOIE RAPIDE T2-T3 VERS P,0.0,0.0
201400046164,4,8,14,19,5,77,282,1,1,1,6,Parking CDG1,49.02149,2.34509
201400046165,5,12,14,16,1,95,527,1,1,1,7,R DES MARGUILLIERS,48.9959,2.5204