Num_Acc,jour,mois,an,hr,condition_eclairage,departement,commune,condition_agglomeration,intersection,condition_atmosphere,type_collision,adresse,lattitude,longitude
201400046166,11,5,14,10,1,95,527,1,1,1,4,Circuit 1.0,49.0057,2.5381
201400046167,22,3,14,8,1,77,291,1,1,1,6,LINEAIRE 2E,0.0,0.0
201400046168,25,8,14,18,1,95,527,1,1,3,2,RTE DE L'ARPENTEUR,49.0122,2.5198
201400046169,7,1,14,18,5,93,73,1,3,1,3,VOYELLES (RUE DES),0.0,0.0
201400046170,17,10,14,5,3,77,285,1,1,8,7,"1, FOSSETTE (RUE DE LA)",0.0,0.0
201400046171,28,12,14,15,1,93,73,1,1,1,6,VOIE RAPIDE T2-T3 VERS P,0.0,0.0
201400046172,16,1,14,13,1,93,73,1,1,1,6,Circuit 2.0,0.0,0.0
201400046173,18,11,14,5,5,93,73,1,1,1,6,LINEAIRE 2A,0.0,0.0
201400046174,9,7,14,15,1,77,282,1,1,3,7,NATIONALE 1104 (ANCIENNE,0.0,0.0
201400046175,15,1,14,22,5,93,73,1,1,2,3,"1, VOIE RAPIDE T2-T3 VER",0.0,0.0
201400046176,17,10,14,0,5,93,73,2,2,3,6,NEW-YORK (RUE DE),0.0,0.0
201400046177,30,12,14,13,1,93,73,1,1,8,3,"neant, PERIPHERIQUE SUD/",0.0,0.0
201400046178,16,1,14,13,1,93,73,1,1,2,2,PARKING SOUTERRAIN AEROV,0.0,0.0
201400046179,10,7,14,14,1,93,73,2,1,1,3,Circuit 2.0,0.0,0.0
201400046180,19,2,14,13,1,95,527,1,1,1,6,Circuit 2.0,49.0056,2.5367
201400046181,3,7,14,15,1,95,527,2,4,1,2,R DES BADAUDS,49.0079,2.5324
201400046182,6,10,14,14,1,77,294,1,1,1,7,"neant, LINEAIRE 2F",0.0,0.0
201400046183,27,8,14,21,3,77,294,1,4,1,1,"0, PERIHERIQUE SUD (ROUT",0.0,0.0
201400046184,10,11,14,11,1,95,527,2,3,1,3,R DES ANNIVERSAIRES,49.0127,2.5336
201400046185,12,2,14,17,2,95,527,2,1,2,3,RTE DE L'ARPENTEUR,49.0112,2.5264
201400046186,12,3,14,7,2,95,527,2,1,1,4,RTE DE LA COMMUNE,49.0064,2.5431
201400046187,19,1,14,20,5,93,73,1,1,1,6,BUISSONS (RUE DES),0.0,0.0
201400046188,29,10,14,18,3,93,73,1,1,8,7,CHAPELIER (RUE DU),0.0,0.0
201400046189,7,4,14,18,1,95,527,1,1,1,3,RTE DE L'ARPENTEUR,49.0121,2.5188
201400046190,28,6,14,14,1,95,527,2,1,3,2,RTE DU NOYER AU CHAT,49.0046,2.5485
201400046191,30,6,14,10,1,93,73,1,1,1,6,R DES BUISSONS,48.9953,2.5236
201400046192,18,7,14,16,1,93,73,1,1,1,2,"NEANT, PERIPHERIQUE SUD/",0.0,0.0
201400046193,12,10,14,14,1,77,285,1,1,2,6,PARKING PW,0.0,0.0
201400046194,16,11,14,19,5,93,73,1,1,2,6,VOIE RAPIDE T2-T3 VERS P,0.0,0.0
201400046195,2,12,14,11,1,77,282,2,1,8,6,"neant, POUBELLE (RUE EUG",0.0,0.0
201400046196,30,11,14,17,1,93,73,1,1,1,3,PARKING SOUTERRAIN AEROV,0.0,0.0
201400046197,13,4,14,23,5,95,527,1,1,1,2,R DE L'OR,49.0096,2.5371
201400046198,17,1,14,22,5,93,73,2,1,9,2,VOIE RAPIDE T2-T3 VERS P,0.0,0.0
201400046199,27,4,14,6,2,93,73,1,6,8,7,FOSSETTE (RUE DE LA),0.0,0.0
201400046200,17,2,14,7,2,95,527,1,1,1,2,VOIE RAPIDE T2-T3,49.0061,2.5465
201400046201,24,7,14,0,5,95,527,1,1,1,6,RTE DES PEUPLIERS,49.0094,2.5509
201400046202,5,8,14,9,1,93,73,1,1,1,2,LINEAIRE 2A,0.0,0.0
201400046203,1,10,14,18,1,95,527,1,6,1,3,RTE DE L'ARPENTEUR,49.0062,2.5062
201400046204,30,10,14,14,1,95,527,2,1,1,3,RTE DE L'ARPENTEUR,49.0121,2.5193
201400046205,16,11,14,18,4,77,285,1,1,2,6,Voie centrale Parking T3,0.0,0.0
201400046206,26,11,14,17,5,95,527,1,4,1,3,R DES CINQ CONTINENTS,48.9946,2.5195
201400046207,1,9,14,9,1,93,73,2,1,1,5,"0, LINEAIRE 2B",0.0,0.0
201400046208,14,2,14,16,1,93,73,1,1,1,6,VOIE RAPIDE T2-T3 VERS P,0.0,0.0
201400046209,30,10,14,12,1,93,73,1,1,1,6,LINEAIRE 2A,0.0,0.0
201400046210,9,6,14,3,5,95,527,1,1,1,6,VOIE RAPIDE T2-T3,49.0059,2.5467
201400046211,16,1,14,5,5,95,527,2,1,2,6,Circuit 2.0,49.0095,2.5391
201400046212,25,11,14,8,1,77,282,1,1,2,2,POUBELLE (RUE EUGENE),0.0,0.0
201400046213,2,12,14,16,1,95,585,2,2,1,2,AV PAUL VALERY,48.9798,2.3763
201400046214,1,2,14,18,2,95,539,1,3,8,3,R DU LUAT,49.0136,2.3516
201400046215,28,2,14,19,4,95,680,2,1,1,1,AV DU HUIT MAI 1945,49.0109,2.4031
201400046216,16,3,14,15,1,95,539,2,1,7,2,RD 301,48.9902,2.3601
201400046217,24,3,14,14,1,95,539,2,1,1,1,BD DE LA  GARE,48.9948,2.3672
201400046218,9,4,14,20,1,95,680,2,1,1,3,R MICHELET,49.0037,2.4204
201400046219,11,4,14,23,3,95,585,1,1,1,6,R DES CULTIVATEURS,48.9963,2.3873
201400046220,17,4,14,13,1,95,680,2,1,1,3,AV PIERRE SEMARD,49.0013,2.4073
201400046221,7,5,14,8,1,95,585,2,2,8,3,R EMILE ZOLA,48.9878,2.3899
201400046222,3,6,14,8,1,95,585,2,1,1,6,ALLEE PAUL  ELUARD,48.9761,2.3753
201400046223,4,6,14,16,1,95,680,2,1,3,6,BD CARNOT,49.0025,2.3856
201400046224,6,6,14,17,1,95,585,1,1,1,3,R DE L' ESCOUVRIER,48.9954,2.3895
201400046225,20,6,14,12,1,95,539,2,1,1,6,R DE MONTMORENCY,48.9971,2.3522
201400046226,11,7,14,12,1,95,585,2,1,2,3,ALL 19 MARS 1962,48.9874,2.3695
201400046227,16,7,14,15,1,95,585,2,1,1,6,AV PAUL VALERY,48.9794,2.3792
201400046228,16,7,14,21,1,95,585,2,1,1,3,AV PAUL VALERY,48.9795,2.3784
201400046229,26,9,14,16,1,95,680,2,2,7,3,BD CARNOT,49.0052,2.3871
201400046230,4,10,14,20,3,95,585,2,1,2,5,RTE DE CALAIS,48.9779,2.3644
201400046231,7,10,14,7,2,95,539,2,1,3,3,R DE PARIS,48.9984,2.3562
201400046232,17,10,14,14,1,95,680,2,1,1,6,R SCRIBE,49.0023,2.4161
201400046233,23,10,14,1,5,95,539,2,2,1,3,R  CHARLES PERRAULT,48.9989,2.3684
201400046234,31,10,14,17,5,95,585,2,1,1,6,AV AUGUSTE PERRET,48.9755,2.3848
201400046235,4,11,14,11,1,95,680,2,1,1,3,AV PIERRE SEMARD,49.0013,2.4073
201400046236,5,11,14,16,1,95,680,2,2,1,3,AV DES ERABLES,49.0007,2.3922
201400046237,3,11,14,18,5,95,585,2,1,3,6,R PIERRE BROSSELETTE,48.9933,2.3771
201400046238,6,11,14,13,1,95,539,2,1,1,6,R DES DEUX PILIERS,49.0004,2.3655
201400046239,6,12,14,14,1,95,680,2,1,1,6,ALL DE CREIL,49.0017,2.3845
201400046240,6,12,14,17,2,95,585,2,1,1,6,R DU PERE HEUDE,48.9858,2.3885
201400046241,14,12,14,17,3,95,539,1,1,2,6,AV DIVISION LECLERC,48.9961,2.3501
201400046242,23,7,14,21,1,95,585,2,1,2,6,R THEODORE BULLIER,48.9917,2.3685
201400046243,14,1,14,16,1,95,563,2,2,1,6,R DU CHATEAU,49.0189,2.2476
201400046244,14,1,14,15,1,95,563,2,1,1,4,R GENERAL DE GAULLE,49.0155,2.2447
201400046245,24,1,14,17,1,95,51,2,1,1,3,CHAUSSEE JULES CESAR,49.0145,2.1815
201400046246,27,1,14,16,1,95,607,2,1,8,3,R GAMBETTA,49.0261,2.2195
201400046247,6,3,14,16,1,95,607,2,3,1,3,RUE DU MARECHAL FOCH,49.0254,2.2232
201400046248,27,3,14,11,1,95,51,2,3,1,3,CH JULES CESAR,49.0074,2.2029
201400046249,25,4,14,10,1,95,51,2,1,1,5,AV GENERAL LECLERC,49.0092,2.1992
201400046250,29,5,14,18,1,95,607,1,6,1,3,AV DIVISION-LECLERC,49.0141,2.2168
201400046251,1,6,14,11,1,95,607,2,6,1,1,BD DU  HUIT MAI 1945,49.0104,2.2134
201400046252,8,6,14,17,1,95,60,2,4,1,3,AV DE LA REPUBLIQUE,49.0379,2.2117
201400046253,18,6,14,8,1,95,607,1,6,1,3,AV DIVISION-LECLERC,49.0155,2.2181
201400046254,24,6,14,9,1,95,607,2,2,1,3,BD TEMPS DES CERISES,49.0241,2.2156
201400046255,28,6,14,21,5,95,60,2,2,2,3,GRANDE RUE,49.0371,2.2121
201400046256,9,7,14,13,1,95,607,2,2,2,3,R D'HERBLAY,49.0128,2.2051
201400046257,13,9,14,12,1,95,60,2,1,1,2,AV DE LA  REPUBLIQUE,49.0375,2.2117
201400046258,1,10,14,1,5,95,607,1,1,1,3,RTE DE BETHEMONT,49.0369,2.2259
201400046259,17,10,14,11,1,95,60,2,2,1,1,AV DE  PARIS,49.0371,2.2121
201400046260,23,10,14,6,5,95,607,2,6,2,7,R THEODORE MONOD,49.0287,2.2094
201400046261,23,10,14,16,1,95,563,2,1,1,6,AV JEAN ROSTAND,49.0078,2.2428
201400046262,31,10,14,12,1,95,607,2,1,1,5,BD DU TEMPS DES CERISES,49.0249,2.2144
201400046263,17,11,14,19,5,95,51,2,1,2,6,CHAUSSEE JULES CESAR,49.0078,2.2019
201400046264,7,12,14,17,3,95,607,2,1,2,6,R THEROIGNE MERICOURT,49.0146,2.2215
201400046265,12,12,14,8,4,95,563,2,2,2,3,R MICHELET,49.0137,2.2409
201400046266,10,3,14,21,5,95,60,2,3,1,3,AV DE LA REPUBLIQUE,49.0385,2.2109
201400046267,13,3,14,17,1,95,607,2,1,1,3,R DE PARIS,49.0266,2.2243
201400046268,2,4,14,18,1,95,607,2,2,1,3,BD TEMPS DES CERISES,49.0241,2.2156
201400046269,10,6,14,17,1,95,563,2,1,1,4,BD ANDRE BREMONT,49.0092,2.2366
201400046270,1,6,14,7,1,95,60,2,1,1,6,GRANDE RUE,49.0379,2.2152
201400046271,5,6,14,17,1,95,607,2,1,1,3,R D'HERBLAY,49.0158,2.2088
201400046272,10,7,14,10,1,95,60,2,2,2,3,AV DE LA REPUBLIQUE,49.0371,2.2121
201400046273,17,12,14,15,1,95,607,2,3,1,6,R D'HERBLAY,49.0182,2.2116
201400046274,9,1,14,12,1,201,4,2,1,1,6,face bar l'arinella,41.93552,8.73619
201400046275,22,1,14,7,2,201,4,2,1,1,6,"75, NAPOLEON COURS AVANT",41.92741,8.73853
201400046276,24,1,14,7,2,201,4,2,1,2,7,lieu dit les baraques,41.94608,8.71574
201400046277,25,1,14,15,1,201,4,2,1,1,4,angle rue des cactus,41.91207,8.72258
201400046278,25,1,14,20,5,201,4,2,1,1,6,res des pins res montana,41.937,8.75993
201400046279,31,1,14,20,5,201,4,2,1,1,2,"69, NAPOLEON COURS APRES",41.92674,8.73837
201400046280,7,2,14,13,1,201,4,2,1,1,6,"65, NAPOLEON COURS AVANT",41.92602,8.7382
201400046281,14,2,14,22,3,201,4,1,1,1,6,station epu. carriere se,41.93991,8.80517
201400046282,14,2,14,23,5,201,4,2,3,1,6,NAPOLEON COURS AVANT BEV,41.9264,8.73828
201400046283,15,2,14,18,5,201,4,2,1,1,3,N 194 pole Suartello,41.94753,8.76325
201400046284,19,2,14,7,1,201,4,2,1,1,6,"., MARECHAL LYAUTEY AVEN",41.94081,8.74612
201400046285,11,3,14,9,1,201,4,2,1,1,3,"sans, ROSSINI PASCAL BD",41.91555,8.73058
201400046286,15,3,14,7,1,201,4,2,1,1,6,RECCO ABBE BOULEVARD,41.93736,8.73784
201400046287,21,3,14,23,5,201,4,2,1,1,6,"4, BEVERINI VICO PAIR AV",41.92649,8.73754
201400046288,28,3,14,12,1,201,4,2,1,1,6,"71, NAPOLEON COURS APRES",41.92697,8.73838
201400046289,28,3,14,15,1,201,4,2,1,1,1,apres Rdpt alzo di leva,41.9386,8.74157
201400046290,13,4,14,2,5,201,4,1,1,1,7,SARTENE ANCIENNE ROUTE,41.93005,8.78325
201400046291,14,4,14,0,5,201,4,2,1,1,3,"sans, ALATA ROUTE",41.93658,8.73591
201400046292,11,4,14,12,1,201,4,2,1,1,6,MADAME MERE BD,41.91506,8.72442
201400046293,17,4,14,14,1,201,4,2,1,1,1,MEZZAVIA ROUTE DE,41.94943,8.76823
201400046294,30,4,14,21,5,201,4,2,1,1,3,ILES SANGUINAIRES ROUTE,41.90813,8.68507
201400046295,1,5,14,13,1,201,4,2,3,1,3,MARECHAL JUIN AVENUE,41.93448,8.75079
201400046296,6,5,14,16,1,201,4,2,1,1,3,CAMPI LOUIS BD,41.94403,8.75519
201400046297,8,5,14,8,1,201,4,1,9,1,2,NATIONALE 193,41.93713,8.80358
201400046298,11,5,14,6,1,201,4,2,3,1,3,PRINCE IMPERIAL COURS,41.93418,8.74543
201400046299,27,5,14,13,1,201,4,2,1,1,6,R.D 31,41.94923,8.77533
201400046300,4,6,14,0,5,201,4,2,1,1,6,MIOT PLACE,41.91365,8.72876
201400046301,14,6,14,20,1,201,4,2,1,1,6,"1, PIETRI FRANCOIS RUE",41.93524,8.74588
201400046302,20,6,14,4,2,201,4,2,1,1,6,ILES SANGUINAIRES ROUTE,41.90869,8.70882
201400046303,20,6,14,14,1,201,4,2,1,1,5,STEPHANOPOLI NICEPHORE,41.9088,8.71341
201400046304,18,6,14,12,1,201,4,2,1,1,7,EUGENIE IMPERATRICE  AVE,41.91957,8.73341
201400046305,19,6,14,18,1,201,4,2,1,2,6,PAOLI DOMINIQUE  BD,41.92891,8.73745
201400046306,29,6,14,21,5,201,4,2,1,1,3,ALBERT 1ER BD,41.91294,8.72623
201400046307,15,7,14,18,1,201,4,2,3,1,3,PRINCE IMPERIAL COURS,41.93418,8.74754
201400046308,26,7,14,1,5,201,4,2,1,1,6,"SANS, ROSSINI PASCAL BD",41.91717,8.73403
201400046309,26,7,14,23,5,201,4,2,1,1,6,"SANS, CAMPI LOUIS BD",41.94484,8.75718
201400046310,3,8,14,3,5,201,4,1,1,1,1,ILES SANGUINAIRES ROUTE,41.90918,8.69834
201400046311,3,8,14,11,1,201,4,2,1,1,6,NICOLI JEAN COURS,41.93338,8.74322
201400046312,3,8,14,23,5,201,4,2,3,1,6,MARCAGGI SYLVESTRE BD,41.91665,8.73142
201400046313,6,8,14,21,5,201,4,2,1,1,3,BONAPARTE CHARLES  BD,41.93172,8.74053
201400046314,11,8,14,0,5,201,4,2,1,1,6,"., BONARDI PIERRE RUE",41.93286,8.74177
201400046315,19,8,14,23,3,201,4,1,1,1,6,CAPO DI FENO RTE,41.92523,8.64482
201400046316,18,8,14,19,1,201,4,2,1,1,5,ROSSI TINO BD,41.90919,8.69436
201400046317,30,8,14,12,1,201,4,2,1,1,6,MEZZAVIA ROUTE DE,0.0,0.0
201400046318,30,8,14,0,5,201,4,2,2,1,3,"sans, ILES SANGUINAIRES",41.91061,8.72166
201400046319,3,9,14,20,2,201,4,1,1,1,1,ALATA ROUTE,41.94486,8.73586
201400046320,5,9,14,15,1,201,4,2,1,1,3,SAMPIERO BD,41.9239,8.73914
201400046321,9,9,14,18,1,201,4,2,1,1,6,"., VERDUN AVENUE DE",0.0,0.0
201400046322,11,9,14,7,1,201,4,2,1,2,3,"., SEBASTIANU COSTA BD",41.94397,8.75512
201400046323,14,9,14,0,5,201,4,2,1,1,6,"., BIANCAMARIA COLONEL E",41.93397,8.73678
201400046324,14,9,14,3,5,201,4,2,1,1,6,"52, NAPOLEON COURS AVANT",41.92338,8.73769
201400046325,16,9,14,20,5,201,4,2,1,1,1,CAMPI LOUIS BD,41.94315,8.75309
201400046326,18,9,14,21,5,201,4,2,1,1,7,MEZZAVIA ROUTE DE,41.95088,8.77271
201400046327,21,9,14,1,5,201,4,2,1,1,6,"., LANTIVY BD",41.91672,8.73742
201400046328,21,9,14,7,1,201,4,2,1,1,3,PAOLI DOMINIQUE  BD,41.92949,8.7374
201400046329,22,9,14,17,1,201,4,2,3,1,1,SCAMARONI FRED BD,41.91522,8.72728
201400046330,28,9,14,23,5,201,4,2,6,1,3,NAPOLEON COURS AVANT BEV,41.91866,8.73695
201400046331,29,9,14,9,1,201,4,2,1,1,6,STEPHANOPOLI NICEPHORE,41.90918,8.69404
201400046332,3,10,14,23,5,201,4,2,1,1,6,CONFINA 1 rue gravona,41.94445,8.7979
201400046333,10,10,14,8,1,201,4,2,1,1,1,PERALDI NICOLAS AVENUE,41.93655,8.73978
201400046334,15,10,14,22,5,201,4,2,1,1,6,ALBERT 1ER BD,0.0,0.0
201400046335,23,10,14,22,5,201,4,2,1,1,2,PIETRI FRANCOIS RUE,41.93515,8.75315
201400046336,30,10,14,2,5,201,4,2,1,1,6,"17, MADAME MERE BD",41.91536,8.72424
201400046337,7,11,14,21,3,201,4,1,1,1,2,NATIONALE 193,0.0,0.0
201400046338,22,11,14,8,1,201,4,2,3,1,3,PRINCE IMPERIAL COURS,0.0,0.0
201400046339,24,11,14,19,5,201,4,2,1,1,6,"., FRANCHINI NOEL AV DOC",41.93602,8.75347
201400046340,5,12,14,14,1,201,4,2,1,8,6,"27, PAOLI DOMINIQUE  BD",41.93009,8.73736
201400046341,7,12,14,14,1,201,4,1,1,1,7,ALATA ROUTE,0.0,0.0
201400046342,13,12,14,23,5,201,4,2,2,1,6,"., NAPOLEON COURS AVANT",0.0,0.0
201400046343,17,12,14,13,1,201,4,2,3,1,6,PERALDI NICOLAS AVENUE,41.93647,8.74146
201400046344,7,1,14,14,1,69,381,2,1,1,2,QUAI JEAN MOULIN,0.0,0.0
201400046345,15,2,14,17,2,69,382,2,1,3,6,JEAN MOULIN,0.0,0.0
201400046346,9,1,14,12,1,69,381,2,2,8,3,RUE ROYALE,0.0,0.0
201400046347,10,1,14,19,5,69,381,2,1,1,6,FOREZ (DU),0.0,0.0
201400046348,27,2,14,15,1,69,381,2,1,2,6,"15, LOUIS PRADEL",0.0,0.0
201400046349,18,3,14,20,5,69,381,2,2,1,5,"2, ALGERIE (D')",0.0,0.0
201400046350,4,6,14,9,1,69,381,2,1,2,6,"7, RUE PIZAY",0.0,0.0
201400046351,20,7,14,3,5,69,381,2,1,1,6,CROIX ROUSSE (TU,0.0,0.0
201400046352,14,6,14,17,1,69,381,2,1,1,3,"12, QUAI SAINT VINCENT",0.0,0.0
201400046353,19,6,14,12,1,69,381,2,1,1,3,"SANS, DE LATTRE DE TASSI",0.0,0.0
201400046354,28,6,14,17,1,69,381,2,1,1,6,"7, RUE PRESIDENT EDOUARD",0.0,0.0
201400046355,17,6,14,21,3,69,381,2,2,2,1,"15, REPUBLIQUE (DE LA)",0.0,0.0
201400046356,31,7,14,19,1,69,381,2,1,1,6,"12, QUAI ANDRE LASSAGNE",0.0,0.0
201400046357,12,8,14,13,1,69,381,2,1,1,3,"12, RUE BURDEAU",0.0,0.0
201400046358,28,8,14,3,5,69,381,2,1,1,6,"16, RUE DE L ANNONCIADE",0.0,0.0
201400046359,28,8,14,17,1,69,381,2,3,1,3,"82, BOULEVARD DE LA CROI",0.0,0.0
201400046360,4,9,14,19,5,69,381,2,2,1,3,PLATIERE (DE LA),0.0,0.0
201400046361,9,9,14,23,5,69,384,2,1,1,3,"1, CROIX ROUSSE (DE LA)",0.0,0.0
201400046362,2,10,14,7,1,69,381,2,1,1,3,MONTEE SAINT SEBASTIEN,0.0,0.0
201400046363,28,7,14,22,5,69,381,2,1,1,6,"1, GARET (DU)",0.0,0.0
201400046364,1,10,14,16,1,69,381,2,1,1,6,"16, RUE IMBERT COLOMES",0.0,0.0
201400046365,19,10,14,4,5,69,381,2,1,1,6,"13, JEAN MOULIN",0.0,0.0
201400046366,23,10,14,3,5,69,381,2,1,1,6,"15, COURS GENERAL GIRAUD",0.0,0.0
201400046367,25,10,14,1,5,69,381,2,1,1,1,"8, QUAI SAINT VINCENT",0.0,0.0
201400046368,6,11,14,17,5,69,381,2,2,1,3,PLACE TOBIE ROBATEL,0.0,0.0
201400046369,20,11,14,3,4,69,382,2,1,1,5,"11, JEAN MOULIN",0.0,0.0
201400046370,5,12,14,22,4,69,381,2,1,1,6,BAT D'ARGENT (DU),0.0,0.0
201400046371,2,1,14,18,5,94,18,1,1,1,5,A4,48.8256,2.39234
201400046372,3,1,14,18,5,94,46,1,1,1,2,A4,48.8172,2.42504
201400046373,4,1,14,19,3,94,33,1,1,1,4,A86.INT,48.848,2.49104
201400046374,4,1,14,19,3,77,121,1,1,1,7,A104,0.0,0.0
201400046375,6,1,14,8,1,94,18,1,1,1,5,A4,48.8187,2.40833
201400046376,7,1,14,16,1,77,373,1,1,2,3,RN104,0.0,0.0
201400046377,7,1,14,19,3,77,58,1,1,2,5,A4,48.49518,2.41399
201400046378,11,1,14,10,1,94,44,1,1,2,6,RN406.W,48.758,2.47079
201400046379,11,1,14,12,1,77,175,1,9,1,3,RN104,0.0,0.0
201400046380,11,1,14,18,3,77,53,1,1,1,5,RN104,0.0,0.0
201400046381,12,1,14,19,3,94,33,1,1,1,2,A86.INT,48.8509,2.48998
201400046382,13,1,14,6,3,77,121,1,1,1,2,A104,0.0,0.0
201400046383,13,1,14,8,1,77,249,1,1,1,4,RN104,0.0,0.0
201400046384,13,1,14,10,1,94,42,1,1,1,4,A4,48.8283,2.47449
201400046385,14,1,14,8,1,77,294,1,1,2,4,A104,0.0,0.0
201400046386,15,1,14,9,1,94,73,1,1,2,6,A86 EXT,48.7546,2.38171
201400046387,15,1,14,11,1,94,73,1,1,2,6,A86 INT,48.7673,2.37855
201400046388,15,1,14,11,1,94,81,1,1,2,2,A86 INT,48.7745,2.40442
201400046389,15,1,14,12,1,77,438,1,1,2,6,A104,0.0,0.0
201400046390,15,1,14,15,1,94,44,1,1,2,6,RN406.W,48.7576,2.47198
201400046391,15,1,14,16,1,94,58,1,1,2,3,A86.EXT,48.845,2.49287
201400046392,16,1,14,7,5,93,51,1,1,1,3,A4,0.0,0.0
201400046393,16,1,14,9,1,77,249,1,1,2,3,RN104,0.0,0.0
201400046394,16,1,14,9,1,94,65,1,1,2,3,A86 INT,48.7537,2.36569
201400046395,16,1,14,20,3,77,175,1,1,2,7,RN104,0.0,0.0
201400046396,18,1,14,19,4,94,17,1,1,1,5,A4,48.8279,2.50451
201400046397,19,1,14,18,4,93,51,1,1,1,7,A4,0.0,0.0
201400046398,20,1,14,0,5,94,46,1,1,1,3,A86 INT,48.8072,2.44874
201400046399,20,1,14,7,3,77,296,1,1,1,6,RN104,0.0,0.0
201400046400,20,1,14,8,1,77,294,1,1,1,2,A104,0.0,0.0
201400046401,20,1,14,10,2,77,294,1,1,1,5,A104,0.0,0.0
201400046402,21,1,14,8,2,77,83,1,1,1,4,A4.W,0.0,0.0
201400046403,21,1,14,18,3,77,373,1,1,1,3,RN104,0.0,0.0
201400046404,23,1,14,6,3,77,181,1,1,2,2,A4,0.0,0.0
201400046405,23,1,14,7,2,75,112,1,1,1,5,A4,0.0,0.0
201400046406,23,1,14,16,1,77,53,1,1,2,7,RN104,0.0,0.0
201400046407,23,1,14,22,5,94,42,1,1,2,6,A4,48.8277,2.47021
201400046408,25,1,14,10,1,94,44,1,1,2,3,RN406.W,48.7588,2.47013
201400046409,25,1,14,12,1,94,81,1,1,1,4,A86 EXT,48.7734,2.40296
201400046410,28,1,14,7,3,94,69,1,1,1,2,A4,48.8176,2.42084
201400046411,28,1,14,14,1,94,17,1,1,1,2,A4,48.8297,2.49791
201400046412,29,1,14,20,5,94,17,1,1,1,4,A4,48.8298,2.49753
201400046413,30,1,14,1,3,77,121,1,1,2,6,A104,0.0,0.0
201400046414,30,1,14,19,3,77,294,1,1,1,2,A104,0.0,0.0
201400046415,31,1,14,8,1,77,363,1,1,1,3,A104,0.0,0.0
201400046416,1,2,14,13,1,93,51,1,1,1,5,A4,48.8349,2.57708
201400046417,2,2,14,5,4,94,65,1,1,1,2,A86 INT,48.7549,2.34712
201400046418,3,2,14,7,1,77,468,1,1,1,2,A104,0.0,0.0
201400046419,5,2,14,8,1,77,514,1,1,1,2,A104,0.0,0.0
201400046420,5,2,14,8,1,94,33,1,1,1,3,A86.EXT,48.8518,2.49044
201400046421,5,2,14,23,3,94,69,1,1,1,5,A4,48.8166,2.45027
201400046422,7,2,14,9,1,94,46,1,1,1,4,A86 INT,48.798,2.44442
201400046423,7,2,14,18,1,94,15,1,1,1,2,A4,48.8306,2.52982
201400046424,8,2,14,9,2,94,28,1,1,2,3,A86 EXT,48.7879,2.44032
201400046425,10,2,14,8,1,94,15,1,1,1,2,A4,48.8307,2.52991
201400046426,10,2,14,15,1,94,18,1,1,1,6,A4,48.8235,2.39514
201400046427,11,2,14,6,3,77,373,1,1,1,7,RN104,0.0,0.0
201400046428,11,2,14,9,1,94,18,1,1,1,3,A4,48.8249,2.39322
201400046429,12,2,14,9,1,93,51,1,1,1,2,A4,48.8347,2.58182
201400046430,12,2,14,9,1,77,294,1,1,1,4,A104,0.0,0.0
201400046431,13,2,14,8,2,94,18,1,1,3,3,A4,48.8213,2.39954
201400046432,15,2,14,17,1,94,65,1,1,1,3,A86 EXT,48.7535,2.36041
201400046433,16,2,14,20,3,94,46,1,1,2,2,A86 INT,48.8081,2.44878
201400046434,17,2,14,8,1,77,517,1,1,1,5,A104.INT,0.0,0.0
201400046435,17,2,14,8,1,77,175,1,1,1,2,RN104,0.0,0.0
201400046436,18,2,14,12,1,93,51,1,1,1,2,A4,0.0,0.0
201400046437,19,2,14,17,1,94,2,1,1,1,7,A86 INT,48.7767,2.41733
201400046438,21,2,14,2,3,77,121,1,1,1,6,A104,0.0,0.0
201400046439,21,2,14,18,1,77,372,1,1,1,3,A104,0.0,0.0
201400046440,22,2,14,11,1,94,44,1,1,2,6,RN406.W,48.758,2.4708
201400046441,24,2,14,1,3,77,372,1,1,1,6,A104,0.0,0.0
201400046442,25,2,14,12,1,77,294,1,1,1,2,A104,0.0,0.0
201400046443,25,2,14,19,3,77,373,1,1,2,5,RN104,0.0,0.0
201400046444,26,2,14,19,3,94,18,1,1,1,7,A4,48.8175,2.41528
201400046445,28,2,14,19,3,77,438,1,1,3,6,A104,0.0,0.0
201400046446,1,3,14,14,1,77,337,1,1,1,7,RN104,48.49357,2.37005
201400046447,11,3,14,17,1,77,296,1,1,1,6,RN104,0.0,0.0
201400046448,2,3,14,8,1,77,258,1,1,1,6,VPO.EXT,0.0,0.0
201400046449,2,3,14,20,3,75,112,1,1,1,7,A4,0.0,0.0
201400046450,2,3,14,23,5,75,112,1,1,2,3,A4,0.0,0.0
201400046451,10,3,14,8,1,77,294,1,1,1,6,A104,0.0,0.0
201400046452,3,3,14,8,1,94,18,1,1,8,3,A4,48.8177,2.4156
201400046453,4,3,14,8,1,94,73,1,1,1,3,A86 INT,48.7608,2.38255
201400046454,4,3,14,11,1,94,33,1,1,1,2,A86.EXT,48.8555,2.48927
201400046455,5,3,14,15,1,77,121,1,1,1,3,A104,0.0,0.0