Num_Acc,jour,mois,an,hr,condition_eclairage,departement,commune,condition_agglomeration,intersection,condition_atmosphere,type_collision,adresse,lattitude,longitude
201400046456,5,3,14,19,3,94,22,1,1,1,2,A86 EXT,48.7734,2.40104
201400046457,6,3,14,8,1,94,65,1,1,1,3,A86 INT,48.7542,2.351
201400046458,8,3,14,11,1,94,17,1,1,1,5,A4,48.8297,2.49791
201400046459,8,3,14,14,1,94,17,1,1,1,4,A4,48.8286,2.47721
201400046460,8,3,14,16,1,77,169,1,1,1,2,A4.Y,0.0,0.0
201400046461,9,3,14,5,3,77,258,1,1,1,4,A4.Y,48.49512,2.38085
201400046462,9,3,14,6,4,77,251,1,1,1,6,RN104,0.0,0.0
201400046463,10,3,14,11,1,94,52,1,1,1,4,A86 INT,48.8427,2.49262
201400046464,11,3,14,10,1,77,294,1,1,1,4,A104,0.0,0.0
201400046465,12,3,14,13,1,77,373,1,1,1,6,RN104,0.0,0.0
201400046466,12,3,14,17,1,94,22,1,1,1,4,A86 EXT,48.7764,2.4216
201400046467,13,3,14,9,1,94,28,1,1,1,4,A86 EXT,48.7931,2.44162
201400046468,14,3,14,16,1,94,22,1,1,1,5,A86 INT,48.7756,2.41291
201400046469,14,3,14,16,1,94,69,1,1,1,2,A4,48.8176,2.43909
201400046470,15,3,14,9,1,75,112,1,1,1,3,A4,0.0,0.0
201400046471,17,3,14,8,2,77,514,1,1,1,2,A104,0.0,0.0
201400046472,20,3,14,16,1,93,51,1,1,1,6,A4,48.8355,2.56576
201400046473,21,3,14,7,5,94,52,1,1,1,6,A86 INT,48.8367,2.49401
201400046474,24,3,14,8,1,77,373,1,1,1,4,RN104,0.0,0.0
201400046475,24,3,14,8,1,94,73,1,1,1,2,A86 INT,48.769,2.3792
201400046476,24,3,14,8,1,94,69,1,1,1,2,A4,48.8174,2.4293
201400046477,25,3,14,8,1,77,373,1,1,1,3,RN104,0.0,0.0
201400046478,25,3,14,19,5,94,18,1,1,1,4,A4,48.8248,2.39301
201400046479,26,3,14,6,1,94,15,1,1,1,4,A4,48.8306,2.52981
201400046480,28,3,14,4,5,94,28,1,1,1,2,A86 EXT,48.7761,2.43095
201400046481,28,3,14,9,1,94,69,1,1,1,2,A4,48.8174,2.4293
201400046482,28,3,14,18,1,94,73,1,1,1,3,A86 EXT,48.7585,2.38393
201400046483,28,3,14,19,4,94,17,1,1,1,3,A4,48.8303,2.48823
201400046484,29,3,14,15,1,94,73,1,1,1,2,A86 INT,48.7713,2.39086
201400046485,30,3,14,12,1,94,33,1,1,1,2,A86.INT,48.8485,2.49089
201400046486,31,3,14,6,1,94,18,1,1,1,2,A4,48.8213,2.39955
201400046487,31,3,14,9,1,77,294,1,1,1,6,A104,0.0,0.0
201400046488,1,4,14,2,5,94,28,1,1,1,2,A86 INT,48.7802,2.44118
201400046489,5,4,14,18,1,94,81,1,1,1,2,A86 EXT,48.7733,2.40208
201400046490,7,4,14,11,1,94,22,1,1,1,6,A86 INT,48.7759,2.41379
201400046491,7,4,14,17,1,77,438,1,1,1,7,A104,0.0,0.0
201400046492,8,4,14,9,1,75,112,1,1,1,3,A86 EXT,0.0,0.0
201400046493,9,4,14,8,1,94,46,1,1,1,4,A86 INT,48.8045,2.44834
201400046494,9,4,14,9,1,94,46,1,1,1,3,A86 EXT,48.8042,2.44866
201400046495,9,4,14,16,1,75,112,1,1,1,5,A4,0.0,0.0
201400046496,9,4,14,17,1,77,294,1,1,1,6,A104,0.0,0.0
201400046497,10,4,14,8,1,77,251,1,1,1,3,RN104,0.0,0.0
201400046498,10,4,14,8,1,94,17,1,1,1,2,A4,48.827,2.52396
201400046499,11,4,14,15,1,94,81,1,1,1,3,A86 EXT,48.7736,2.40171
201400046500,12,4,14,8,1,77,53,1,1,1,7,RN104,0.0,0.0
201400046501,12,4,14,16,1,94,69,1,1,1,6,A4,48.8172,2.44334
201400046502,12,4,14,19,1,94,15,1,1,1,2,A4,48.833,2.53367
201400046503,13,4,14,19,1,94,52,1,1,1,6,A86.EXT,48.832,2.49203
201400046504,14,4,14,7,1,94,17,1,1,1,3,A4,48.8266,2.51692
201400046505,14,4,14,8,1,94,65,1,1,1,4,A86 INT,48.7537,2.36302
201400046506,14,4,14,15,1,94,28,1,1,1,3,A86 EXT,48.7776,2.4401
201400046507,14,4,14,19,1,94,52,1,1,1,4,A86 INT,48.8352,2.49349
201400046508,15,4,14,12,1,94,17,1,1,1,5,A4,48.8288,2.4773
201400046509,17,4,14,8,1,93,51,1,1,1,3,A4,0.0,0.0
201400046510,18,4,14,12,1,94,33,1,1,1,5,A86.EXT,48.849,2.49146
201400046511,18,4,14,17,1,94,15,1,1,1,2,A4,48.8334,2.53488
201400046512,19,4,14,3,3,94,22,1,1,1,2,A86 INT,48.7763,2.42425
201400046513,20,4,14,20,1,94,33,1,1,1,7,A86.INT,48.8515,2.48978
201400046514,20,4,14,20,1,94,33,1,1,1,4,A86.EXT,48.8517,2.49044
201400046515,22,4,14,1,3,77,169,1,1,1,6,RN104,0.0,0.0
201400046516,22,4,14,19,1,94,65,1,1,1,2,A86 EXT,48.7535,2.36174
201400046517,22,4,14,19,1,77,146,1,1,1,7,A4.Y,0.0,0.0
201400046518,26,4,14,15,1,77,373,1,1,2,4,RN104,0.0,0.0
201400046519,27,4,14,7,1,77,294,1,1,8,7,A104,0.0,0.0
201400046520,27,4,14,13,1,77,294,1,1,1,7,A104,0.0,0.0
201400046521,28,4,14,12,1,94,17,1,1,2,5,A4,48.827,2.52384
201400046522,28,4,14,15,1,94,52,1,1,1,7,A86 INT,48.8402,2.49302
201400046523,29,4,14,6,3,94,69,1,1,1,6,A4,48.8174,2.43207
201400046524,29,4,14,13,1,94,17,1,1,1,4,A4,48.8297,2.4979
201400046525,29,4,14,20,2,94,58,1,1,2,5,A86.EXT,48.8444,2.49303
201400046526,30,4,14,5,3,94,17,1,1,1,7,A4,48.8297,2.4979
201400046527,4,5,14,7,2,77,372,1,1,1,2,A104,0.0,0.0
201400046528,4,5,14,8,1,77,121,1,1,1,6,A4,0.0,0.0
201400046529,5,5,14,13,1,77,372,1,1,1,7,A104,0.0,0.0
201400046530,5,5,14,10,1,77,294,1,1,1,5,A104,0.0,0.0
201400046531,5,5,14,13,1,77,258,1,1,1,6,A4.W,0.0,0.0
201400046532,5,5,14,17,1,77,372,1,1,1,4,A104,0.0,0.0
201400046533,6,5,14,18,2,75,112,1,1,1,2,A4,0.0,0.0
201400046534,7,5,14,8,1,94,17,1,1,2,2,A4,48.8297,2.4979
201400046535,7,5,14,15,1,94,42,1,1,8,5,A4,48.8264,2.46623
201400046536,7,5,14,19,1,94,44,1,1,1,2,RN406.Y,48.7583,2.48109
201400046537,8,5,14,20,2,77,181,1,1,2,5,A4,0.0,0.0
201400046538,9,5,14,7,1,77,122,1,1,2,6,RN104,0.0,0.0
201400046539,9,5,14,18,1,94,69,1,1,1,5,A4,48.8175,2.42088
201400046540,10,5,14,17,1,94,52,1,1,1,2,A86 INT,48.838,2.49377
201400046541,12,5,14,9,1,77,514,1,1,1,4,A104,0.0,0.0
201400046542,12,5,14,18,1,77,372,1,1,1,6,A104,0.0,0.0
201400046543,14,5,14,8,1,94,69,1,1,1,7,A86 EXT,48.8169,2.45441
201400046544,14,5,14,14,1,94,28,1,1,1,6,RN406.W,48.7806,2.44146
201400046545,15,5,14,8,1,77,181,1,1,1,4,A4,0.0,0.0
201400046546,15,5,14,16,1,93,51,1,1,1,3,A4,48.8354,2.56709
201400046547,15,5,14,18,1,94,17,1,1,1,2,A4,48.8269,2.51275
201400046548,16,5,14,0,3,77,121,1,1,1,6,A104,0.0,0.0
201400046549,16,5,14,5,3,77,517,1,1,1,6,A104.INT,0.0,0.0
201400046550,16,5,14,8,1,93,51,1,1,1,5,A4,0.0,0.0
201400046551,16,5,14,9,1,94,18,1,1,1,5,A4,48.8256,2.39233
201400046552,16,5,14,18,1,94,28,1,1,1,5,A86 EXT,48.7818,2.44103
201400046553,17,5,14,13,1,94,42,1,1,1,2,A4,48.8283,2.47449
201400046554,17,5,14,14,1,94,28,1,1,1,2,A86 INT,48.7879,2.44013
201400046555,18,5,14,19,1,93,51,1,1,1,4,A4,0.0,0.0
201400046556,18,5,14,20,1,77,181,1,1,1,2,A4,0.0,0.0
201400046557,18,5,14,20,1,94,33,1,1,1,5,A86.EXT,48.8532,2.48993
201400046558,19,5,14,8,1,94,46,1,1,1,3,A86 INT,48.8054,2.44854
201400046559,19,5,14,9,1,94,15,1,1,1,5,A4,48.8306,2.52982
201400046560,20,5,14,16,1,94,18,1,1,3,2,A4,48.8206,2.40139
201400046561,21,5,14,7,2,94,17,1,1,2,2,A4,48.8286,2.50178
201400046562,21,5,14,9,1,77,258,1,1,1,6,A4.W,0.0,0.0
201400046563,21,5,14,10,1,77,121,1,1,2,7,A104,0.0,0.0
201400046564,21,5,14,22,5,94,73,1,1,3,6,A86 EXT,48.7677,2.37872
201400046565,22,5,14,9,1,77,294,1,1,1,5,A104,0.0,0.0
201400046566,22,5,14,12,1,77,337,1,1,2,3,RN104,0.0,0.0
201400046567,22,5,14,13,1,94,73,1,1,1,2,A86 INT,48.7536,2.379
201400046568,24,5,14,1,3,94,22,1,1,8,3,A86 EXT,48.7762,2.42426
201400046569,24,5,14,20,1,94,17,1,1,1,6,A4,48.827,2.52367
201400046570,25,5,14,0,5,94,17,1,1,1,2,A4,48.8278,2.50589
201400046571,25,5,14,10,1,94,81,1,1,1,6,A86 INT,48.7743,2.40931
201400046572,26,5,14,6,2,94,73,1,1,2,3,A86 INT,48.7681,2.37869
201400046573,27,5,14,9,1,94,46,1,1,1,2,A86 EXT,48.8081,2.44896
201400046574,28,5,14,8,1,77,514,1,1,3,3,A104,0.0,0.0
201400046575,28,5,14,13,1,77,373,1,1,1,3,RN104,0.0,0.0
201400046576,29,5,14,15,1,94,33,1,1,1,4,A86.INT,48.8515,2.48979
201400046577,31,5,14,18,1,94,52,1,1,1,4,A86 INT,48.8418,2.49269
201400046578,3,6,14,10,1,94,18,1,1,1,2,A4,48.8249,2.39322
201400046579,3,6,14,10,1,77,514,1,1,1,6,A104,0.0,0.0
201400046580,4,6,14,8,1,94,81,1,1,3,6,A86 EXT,48.7736,2.40186
201400046581,4,6,14,14,1,93,51,1,1,3,2,A4,0.0,0.0
201400046582,5,6,14,7,1,94,15,1,1,1,3,A4,48.8313,2.53079
201400046583,5,6,14,16,1,77,181,1,1,1,2,A4,0.0,0.0
201400046584,5,6,14,18,1,94,46,1,1,1,2,A86 INT,48.7984,2.4447
201400046585,5,6,14,20,2,94,73,1,1,1,6,A86 EXT,48.7535,2.37876
201400046586,6,6,14,8,1,77,495,1,1,1,6,A5b,0.0,0.0
201400046587,6,6,14,16,1,77,53,1,1,1,3,RN104,0.0,0.0
201400046588,6,6,14,18,1,77,296,1,1,1,2,RN104,0.0,0.0
201400046589,7,6,14,3,3,77,372,1,1,1,7,A104,0.0,0.0
201400046590,8,6,14,16,1,94,33,1,1,1,2,A86.EXT,48.8492,2.49137
201400046591,8,6,14,20,1,77,384,1,1,1,7,A5b,0.0,0.0
201400046592,27,6,14,1,5,94,28,1,1,2,6,A86 EXT,48.8012,2.44738
201400046593,11,6,14,8,1,94,22,1,1,1,5,A86 EXT,48.7765,2.41892
201400046594,12,6,14,8,1,94,73,1,1,1,5,A86 EXT,48.7711,2.38958
201400046595,12,6,14,14,1,94,69,1,1,1,2,A4,48.8173,2.44043
201400046596,12,6,14,17,1,94,17,1,1,1,7,A4,48.8264,2.5181
201400046597,13,6,14,5,2,77,181,1,1,1,6,A4,0.0,0.0
201400046598,13,6,14,7,1,94,22,1,1,1,5,A86 EXT,48.7766,2.41748
201400046599,13,6,14,17,1,77,468,1,1,1,2,A104,0.0,0.0
201400046600,13,6,14,19,1,77,258,1,1,1,2,A4.Y,0.0,0.0
201400046601,13,6,14,22,3,94,28,1,1,1,2,A86 EXT,48.7914,2.44102
201400046602,14,6,14,15,1,77,373,1,1,1,3,RN104,0.0,0.0
201400046603,15,6,14,18,1,94,81,1,1,1,3,A86 INT,48.7743,2.40287
201400046604,16,6,14,8,1,75,112,1,1,1,7,A86 EXT,0.0,0.0
201400046605,16,6,14,8,1,77,438,1,1,1,2,A104,0.0,0.0
201400046606,16,6,14,9,1,94,18,1,1,1,6,A4,48.8177,2.41524
201400046607,16,6,14,9,1,94,18,1,1,1,3,A4,48.8179,2.41252
201400046608,16,6,14,16,1,94,22,1,1,1,2,A86 INT,48.7764,2.4229
201400046609,17,6,14,15,1,94,17,1,1,1,2,A4,48.8297,2.4979
201400046610,18,6,14,16,1,94,42,1,1,1,5,A4,48.8285,2.47619
201400046611,19,6,14,19,1,77,121,1,1,1,6,A104,0.0,0.0
201400046612,20,6,14,2,5,94,69,1,1,1,6,A86 INT,48.8169,2.45291
201400046613,20,6,14,14,1,94,17,1,1,1,2,A4,48.8305,2.4911
201400046614,21,6,14,7,1,77,249,1,1,1,6,RN104,0.0,0.0
201400046615,22,6,14,15,1,77,372,1,1,1,6,A104,0.0,0.0
201400046616,23,6,14,12,1,77,514,1,1,1,2,A104,0.0,0.0
201400046617,23,6,14,19,1,94,81,1,1,1,2,A86 EXT,48.7737,2.40241
201400046618,24,6,14,8,1,93,51,1,1,1,5,A4,0.0,0.0
201400046619,25,6,14,8,1,94,42,1,1,1,2,A4,48.8274,2.46888
201400046620,25,6,14,11,1,94,46,1,1,1,3,A86 EXT,48.7984,2.44505
201400046621,25,6,14,12,1,94,46,1,1,1,3,A86 EXT,48.7991,2.44567
201400046622,26,6,14,9,1,94,22,1,1,1,4,A86 INT,48.7766,2.41889
201400046623,29,6,14,1,4,77,372,1,1,2,6,A104,0.0,0.0
201400046624,30,6,14,10,1,77,373,1,1,1,2,RN104,0.0,0.0
201400046625,1,7,14,4,3,77,372,1,1,1,7,A104,0.0,0.0
201400046626,1,7,14,10,1,77,237,1,1,1,7,A4,0.0,0.0
201400046627,1,7,14,16,1,94,73,1,1,1,4,A86 EXT,48.7657,2.37935
201400046628,2,7,14,6,1,94,33,1,1,1,5,A86.EXT,48.8587,2.48734
201400046629,2,7,14,11,1,77,517,1,1,1,4,A104,0.0,0.0
201400046630,2,7,14,16,1,75,112,1,1,1,5,A4,0.0,0.0
201400046631,3,7,14,20,1,77,337,1,1,1,5,A4,0.0,0.0
201400046632,3,7,14,9,1,94,69,1,1,1,4,A4,48.8175,2.4335
201400046633,3,7,14,10,1,94,17,1,1,1,3,A4,48.8269,2.51275
201400046634,3,7,14,11,1,77,517,1,1,1,4,A104.EXT,0.0,0.0
201400046635,3,7,14,13,1,77,237,1,1,1,4,A4,0.0,0.0
201400046636,6,7,14,18,1,77,121,1,1,1,7,A104,0.0,0.0
201400046637,7,7,14,15,1,75,112,1,1,1,7,A4,0.0,0.0
201400046638,7,7,14,18,1,94,28,1,1,2,2,A86 EXT,48.7818,2.44103
201400046639,7,7,14,21,5,94,73,1,1,2,6,A86 INT,48.7682,2.37873
201400046640,8,7,14,8,1,77,175,1,1,1,5,RN104,0.0,0.0
201400046641,8,7,14,13,1,94,73,1,1,2,3,A86 EXT,48.7687,2.37913
201400046642,9,7,14,10,1,77,55,1,1,1,3,A104,0.0,0.0
201400046643,10,7,14,20,2,94,74,1,1,2,6,RN406.W,48.7651,2.46074
201400046644,10,7,14,0,3,77,121,1,1,2,6,A104,48.50043,2.36555
201400046645,10,7,14,8,1,77,373,1,1,2,7,RN104,0.0,0.0
201400046646,10,7,14,9,1,94,69,1,1,2,7,A4,48.8175,2.42225
201400046647,11,7,14,9,1,94,18,1,1,2,5,A4,48.8177,2.41524
201400046648,11,7,14,14,1,94,17,1,1,2,3,A4,48.8279,2.50423
201400046649,11,7,14,16,1,94,17,1,1,2,3,A4,48.8268,2.51414
201400046650,11,7,14,16,1,94,17,1,1,1,4,A4,48.8264,2.5181
201400046651,12,7,14,3,5,94,28,1,1,1,6,A86 EXT,48.776,2.43822
201400046652,12,7,14,15,1,94,28,1,1,1,5,A86 INT,48.7888,2.44021
201400046653,13,7,14,16,1,77,294,1,1,2,2,A104,0.0,0.0
201400046654,13,7,14,19,1,77,294,1,1,1,5,A104,0.0,0.0
201400046655,15,7,14,17,1,77,363,1,1,1,2,A104,0.0,0.0
201400046656,15,7,14,18,1,94,46,1,1,1,3,A86 EXT,48.814,2.44913
201400046657,17,7,14,0,4,77,121,1,1,1,6,A104,0.0,0.0
201400046658,18,7,14,16,1,77,18,1,1,1,7,A4,0.0,0.0
201400046659,18,7,14,16,1,94,18,1,1,1,7,A4,48.8178,2.41227
201400046660,18,7,14,18,1,77,514,1,1,1,6,A104,0.0,0.0
201400046661,19,7,14,5,3,93,51,1,1,1,4,A4,48.8348,2.57909
201400046662,19,7,14,15,1,94,52,1,1,1,4,A86 INT,48.8455,2.49194
201400046663,21,7,14,9,1,94,28,1,1,1,2,A86 EXT,48.7957,2.44294
201400046664,22,7,14,6,2,94,11,1,1,1,6,RN406.W,48.762,2.49358
201400046665,23,7,14,10,1,75,112,1,1,1,3,A4,0.0,0.0
201400046666,23,7,14,17,1,77,373,1,1,1,5,RN104,0.0,0.0
201400046667,24,7,14,23,3,93,51,1,1,1,6,A4,0.0,0.0
201400046668,26,7,14,10,1,94,73,1,1,1,3,A86 INT,48.7543,2.38085
201400046669,26,7,14,16,1,94,33,1,1,1,3,A86.INT,48.85,2.49029
201400046670,29,7,14,11,1,94,22,1,1,1,3,A86 INT,48.7764,2.4229
201400046671,30,7,14,10,2,77,258,1,1,1,5,A4.W,0.0,0.0
201400046672,30,7,14,13,1,94,69,1,1,1,6,A4,48.8173,2.44503
201400046673,1,8,14,10,1,94,15,1,1,1,3,A4,48.8306,2.52982
201400046674,1,8,14,11,1,94,73,1,1,1,3,A86 INT,48.771,2.38823
201400046675,1,8,14,14,1,77,146,1,1,1,7,RN104.EXT,0.0,0.0
201400046676,2,8,14,6,5,94,17,1,1,1,2,A4,48.8269,2.51104
201400046677,6,8,14,3,3,77,237,1,1,1,6,A4,0.0,0.0
201400046678,6,8,14,17,1,94,18,1,1,2,5,A4,48.8175,2.41808
201400046679,6,8,14,19,1,94,17,1,1,1,2,A4,48.8272,2.52455
201400046680,9,8,14,19,1,94,73,1,1,2,4,A86 EXT,48.7533,2.37658
201400046681,7,8,14,18,1,94,73,1,1,1,4,A86 EXT,48.7704,2.38431
201400046682,8,8,14,13,1,94,69,1,1,2,4,A4,48.8171,2.44323
201400046683,9,8,14,8,1,94,33,1,1,1,6,A86.EXT,48.8595,2.48801
201400046684,10,8,14,2,5,94,18,1,1,3,2,A4,48.8187,2.40833
201400046685,10,8,14,7,2,94,22,1,1,2,2,A86 INT,48.7756,2.41303
201400046686,13,8,14,12,1,77,294,1,1,1,3,A104,0.0,0.0
201400046687,15,8,14,18,1,77,237,1,1,1,2,A4,0.0,0.0
201400046688,17,8,14,19,1,94,28,1,1,1,3,A86 EXT BRE STATIONTOTAL,48.7779,2.44067
201400046689,19,8,14,18,1,77,175,1,1,1,6,A5b,0.0,0.0
201400046690,20,8,14,9,1,94,42,1,1,1,3,A4,48.8286,2.47655
201400046691,20,8,14,20,2,94,52,1,1,1,7,A86 INT,48.8462,2.49168
201400046692,21,8,14,9,1,94,46,1,1,1,5,A86 EXT,48.7985,2.44509
201400046693,23,8,14,14,1,77,294,1,1,1,7,A104,0.0,0.0
201400046694,25,8,14,1,5,94,65,1,1,1,3,A86 INT,48.7547,2.34842
201400046695,25,8,14,16,1,77,175,1,1,2,7,RN104,0.0,0.0
201400046696,25,8,14,21,5,94,52,1,1,1,5,A86.INT,48.8436,2.49257
201400046697,26,8,14,13,1,94,17,1,1,2,6,A4,48.827,2.51136
201400046698,27,8,14,8,1,94,15,1,1,1,3,A4,48.8306,2.52982
201400046699,29,8,14,16,1,77,55,1,1,1,2,A104,0.0,0.0
201400046700,30,8,14,2,5,94,28,1,1,1,6,A86 INT,48.7977,2.44417
201400046701,30,8,14,16,1,77,258,1,1,1,5,A4.Y,0.0,0.0
201400046702,30,8,14,16,1,77,373,1,1,1,4,RN104,0.0,0.0
201400046703,31,8,14,13,1,94,28,1,1,1,3,A86 EXT,48.8007,2.44698
201400046704,1,9,14,5,5,94,52,1,1,1,7,A86.EXT,48.8324,2.4923
201400046705,1,9,14,15,1,77,363,1,1,1,4,A104,0.0,0.0
201400046706,2,9,14,10,1,94,46,1,1,1,3,A86 INT,48.8045,2.44834
201400046707,2,9,14,11,1,94,28,1,1,1,2,A86 EXT,48.7797,2.44121
201400046708,3,9,14,10,1,77,181,1,1,1,2,A4,0.0,0.0
201400046709,4,9,14,15,1,77,175,1,1,1,1,RN104,0.0,0.0
201400046710,5,9,14,8,1,77,517,1,1,2,4,A104.INT,0.0,0.0
201400046711,6,9,14,5,3,94,18,1,1,1,6,A4,48.8191,2.40702
201400046712,6,9,14,18,1,94,52,1,1,1,5,A86.INT,48.8418,2.49269
201400046713,7,9,14,2,5,94,18,1,1,1,3,A4,48.819,2.40722
201400046714,7,9,14,7,2,77,18,1,1,1,2,A4,0.0,0.0
201400046715,8,9,14,9,1,77,363,1,1,2,3,A104,0.0,0.0
201400046716,9,9,14,12,1,94,52,1,1,1,6,A86 INT,48.8383,2.49369
201400046717,9,9,14,20,2,94,42,1,1,1,7,A4,48.8285,2.47652
201400046718,10,9,14,21,3,94,22,1,1,1,7,A86 EXT,48.7766,2.41749
201400046719,11,9,14,9,1,94,42,1,1,1,2,A4,48.8272,2.46809
201400046720,11,9,14,10,1,94,18,1,1,1,2,A4,48.8189,2.40856
201400046721,11,9,14,12,1,94,15,1,1,1,6,A4,48.8305,2.53004
201400046722,12,9,14,8,1,77,294,1,1,1,2,A104,0.0,0.0
201400046723,12,9,14,15,1,94,73,1,1,1,3,A86 EXT,48.7714,2.39221
201400046724,12,9,14,18,1,94,69,1,1,1,3,A4,48.8167,2.44738
201400046725,13,9,14,10,1,94,46,1,1,1,2,A86 EXT,48.804,2.44861
201400046726,14,9,14,14,1,94,46,1,1,1,5,A86 EXT,48.7982,2.44484
201400046727,15,9,14,2,4,94,28,1,1,1,6,RN406.Y,48.7782,2.44112
201400046728,15,9,14,8,1,94,28,1,1,1,5,A86 EXT,48.7844,2.44056
201400046729,15,9,14,9,1,77,249,1,1,1,3,RN104,0.0,0.0
201400046730,15,9,14,11,1,94,42,1,1,1,5,A4,48.8276,2.47043
201400046731,15,9,14,13,1,94,52,1,1,1,4,A86 INT,48.837,2.49398
201400046732,15,9,14,22,3,77,294,1,1,1,2,A104,0.0,0.0
201400046733,16,9,14,9,1,94,46,1,1,1,5,A86 INT,48.8054,2.44854
201400046734,16,9,14,8,1,94,58,1,1,1,3,A86.EXT,48.845,2.49287
201400046735,16,9,14,9,1,94,17,1,1,1,3,A4,48.8297,2.4979
201400046736,16,9,14,10,1,77,363,1,1,1,4,A104,0.0,0.0
201400046737,17,9,14,8,1,77,337,1,1,1,4,RN104,0.0,0.0
201400046738,18,9,14,17,1,94,17,1,1,1,6,A4,48.8279,2.50423
201400046739,18,9,14,20,3,94,33,1,1,1,3,A86.INT,48.8594,2.48602
201400046740,20,9,14,1,4,94,17,1,1,1,5,A86.INT,48.8307,2.4895
201400046741,21,9,14,18,1,94,33,1,1,1,3,A86.EXT,48.8517,2.49044
201400046742,22,9,14,8,1,77,121,1,1,1,4,A4,0.0,0.0
201400046743,22,9,14,9,1,77,181,1,1,1,2,A4,0.0,0.0
201400046744,22,9,14,18,1,94,44,1,1,1,2,RN406.Y,48.7577,2.47069
201400046745,23,9,14,17,1,94,52,1,1,1,4,A86 INT,48.8418,2.49269
201400046746,23,9,14,18,1,94,52,1,1,1,2,A86.EXT,48.8323,2.49222
201400046747,24,9,14,14,1,77,122,1,1,1,2,RN104,0.0,0.0
201400046748,25,9,14,8,1,77,363,1,1,1,3,A104,0.0,0.0
201400046749,26,9,14,9,1,94,17,1,1,1,2,A4,48.8305,2.49249
201400046750,26,9,14,10,1,93,51,1,1,1,4,A4,48.835,2.57773
201400046751,28,9,14,13,1,77,337,1,1,1,7,RN104,0.0,0.0
201400046752,28,9,14,18,1,94,33,1,1,1,3,A86.INT,48.8529,2.4893
201400046753,29,9,14,13,1,94,15,1,1,1,7,A4,48.8295,2.5283
201400046754,29,9,14,15,1,94,17,1,1,9,7,A4,48.8268,2.51242
201400046755,2,10,14,6,3,77,146,1,1,1,2,A4.Y,0.0,0.0
201400046756,2,10,14,7,2,77,258,1,1,1,3,A4.W,0.0,0.0
201400046757,3,10,14,10,1,94,46,1,1,1,2,A86 EXT,48.7985,2.44512
201400046758,3,10,14,20,5,94,65,1,1,1,2,A86 INT,48.7537,2.36436
201400046759,4,10,14,12,1,77,373,1,1,1,7,RN104,0.0,0.0
201400046760,7,10,14,9,1,94,42,1,1,2,7,A4,48.8285,2.47622
201400046761,7,10,14,10,1,94,73,1,1,1,2,A86 EXT,48.7706,2.38563
201400046762,8,10,14,8,1,77,294,1,1,2,4,A104,0.0,0.0
201400046763,8,10,14,14,1,77,258,1,1,2,5,A4.Y,0.0,0.0
201400046764,8,10,14,19,5,94,65,1,1,3,6,A86 INT,48.7536,2.36167
201400046765,9,10,14,0,3,94,73,1,1,2,6,A86 EXT,48.7681,2.37885
201400046766,8,10,14,17,1,94,33,1,1,1,3,A86.INT,48.8607,2.48458
201400046767,10,10,14,16,1,94,17,1,1,1,7,A4,48.8265,2.51833
201400046768,12,10,14,3,3,77,53,1,1,1,2,RN104,0.0,0.0
201400046769,12,10,14,6,3,77,337,1,1,1,6,RN104,0.0,0.0
201400046770,12,10,14,21,3,77,294,1,1,1,5,A104,0.0,0.0
201400046771,12,10,14,22,5,75,112,1,1,2,2,A4,0.0,0.0
201400046772,13,10,14,7,1,77,373,1,1,2,2,RN104,0.0,0.0
201400046773,14,10,14,7,5,94,17,1,1,1,5,A4,48.8267,2.52349
201400046774,14,10,14,9,1,77,258,1,1,1,4,A4.W,0.0,0.0
201400046775,14,10,14,19,3,77,83,1,1,1,4,A4.W,0.0,0.0
201400046776,15,10,14,19,2,94,44,1,1,2,6,RN406.Y,48.7588,2.47013
201400046777,16,10,14,9,1,77,517,1,1,1,4,A104.EXT,0.0,0.0
201400046778,16,10,14,10,1,94,44,1,1,2,6,RN406.W,48.7582,2.4706
201400046779,16,10,14,19,3,94,22,1,1,2,3,A86 EXT,48.7766,2.41749
201400046780,17,10,14,9,1,77,53,1,1,2,2,RN104,0.0,0.0
201400046781,18,10,14,12,1,94,33,1,1,1,5,A86.INT,48.8515,2.48978
201400046782,20,10,14,9,1,94,18,1,1,1,2,A4,48.8182,2.41118
201400046783,21,10,14,9,1,94,17,1,1,1,3,A4,48.8265,2.51833
201400046784,21,10,14,19,5,94,69,1,1,2,2,A4,48.8174,2.43207
201400046785,22,10,14,23,5,94,42,1,1,1,2,A4,48.8286,2.47639
201400046786,23,10,14,21,4,77,169,1,1,1,2,RN104,0.0,0.0
201400046787,25,10,14,0,5,94,46,1,1,1,6,A86 EXT,48.8125,2.449
201400046788,28,10,14,15,1,94,52,1,1,1,2,A86 INT,48.8432,2.49261
201400046789,28,10,14,17,2,75,112,1,1,1,6,A4,0.0,0.0
201400046790,28,10,14,18,4,94,28,1,1,1,3,A86 EXT,48.777,2.4391
201400046791,28,10,14,23,4,77,169,1,1,1,3,RN104,0.0,0.0
201400046792,30,10,14,19,3,77,53,1,1,1,7,RN104,0.0,0.0
201400046793,31,10,14,16,1,77,258,1,1,1,2,A4.W,0.0,0.0
201400046794,31,10,14,16,1,77,294,1,1,1,6,A104,0.0,0.0
201400046795,31,10,14,18,2,77,121,1,1,1,3,A4,0.0,0.0