Num_Acc,jour,mois,an,hr,condition_eclairage,departement,commune,condition_agglomeration,intersection,condition_atmosphere,type_collision,adresse,lattitude,longitude
201400046796,1,11,14,0,5,94,52,1,1,1,7,A86.EXT,48.8321,2.49209
201400046797,2,11,14,3,3,77,121,1,1,1,6,A104,0.0,0.0
201400046798,3,11,14,0,3,94,74,1,1,2,2,RN406.Y,48.7677,2.45235
201400046799,4,11,14,6,3,77,146,1,1,2,2,A4.Y,0.0,0.0
201400046800,4,11,14,8,1,94,28,1,1,2,2,A86 INT,48.7763,2.43091
201400046801,5,11,14,10,1,75,112,1,1,1,5,A4,0.0,0.0
201400046802,6,11,14,11,1,94,17,1,1,1,3,A4,48.8276,2.50724
201400046803,7,11,14,0,3,77,373,1,1,1,5,RN104,0.0,0.0
201400046804,7,11,14,18,3,77,146,1,1,1,4,A4.Y,0.0,0.0
201400046805,8,11,14,7,4,94,28,1,1,1,6,A86 INT,48.7906,2.44045
201400046806,8,11,14,10,1,94,18,1,1,1,5,A4,48.8264,2.39165
201400046807,8,11,14,12,1,94,28,1,1,1,6,RN406.Y,48.7748,2.44391
201400046808,10,11,14,10,1,94,33,1,1,1,4,A86.INT,48.8562,2.48807
201400046809,12,11,14,9,1,93,51,1,1,1,2,A4,0.0,0.0
201400046810,12,11,14,16,1,94,81,1,1,1,5,A86 INT,48.7743,2.4091
201400046811,13,11,14,6,3,77,169,1,1,1,4,A4.Y,48.49509,2.36234
201400046812,13,11,14,9,1,77,58,1,1,1,4,A4,0.0,0.0
201400046813,14,11,14,17,3,77,294,1,1,2,3,A104,0.0,0.0
201400046814,15,11,14,3,3,94,17,1,1,3,2,A4,48.8268,2.5236
201400046815,16,11,14,22,5,94,73,1,1,1,6,A86 INT,48.7681,2.37869
201400046816,17,11,14,8,1,77,372,1,1,1,4,A104,0.0,0.0
201400046817,18,11,14,12,1,94,28,1,1,1,3,A86 EXT,48.7999,2.44631
201400046818,18,11,14,15,1,94,22,1,1,1,5,A86 INT,48.7765,2.41549
201400046819,19,11,14,10,1,77,514,1,1,5,2,A104,0.0,0.0
201400046820,20,11,14,7,3,94,17,1,1,1,5,A4,48.8305,2.4939
201400046821,20,11,14,8,1,77,55,1,1,1,3,A104,0.0,0.0
201400046822,20,11,14,9,1,94,28,1,1,1,2,A86 INT,48.7761,2.42845
201400046823,21,11,14,18,3,94,15,1,1,1,7,A4,48.8313,2.53079
201400046824,21,11,14,19,4,94,73,1,1,1,3,A86 EXT,48.7536,2.37921
201400046825,23,11,14,4,5,94,42,1,1,1,6,A4,48.8285,2.47661
201400046826,24,11,14,9,1,94,33,1,1,1,5,A86.INT,48.849,2.4907
201400046827,25,11,14,4,3,77,122,1,1,1,6,RN104,0.0,0.0
201400046828,25,11,14,8,1,94,46,1,1,1,7,A86 EXT,48.8063,2.44887
201400046829,26,11,14,9,1,77,372,1,1,1,5,A104,0.0,0.0
201400046830,26,11,14,9,1,77,514,1,1,1,3,A104,0.0,0.0
201400046831,26,11,14,19,5,94,69,1,1,1,2,A4,48.8174,2.43905
201400046832,27,11,14,9,1,94,81,1,1,1,4,A86 EXT,48.7736,2.40192
201400046833,27,11,14,15,1,94,69,1,1,1,4,A4,48.8176,2.4349
201400046834,27,11,14,18,3,94,22,1,1,1,5,A86 EXT,48.7733,2.40088
201400046835,27,11,14,20,3,77,181,1,1,1,2,A4,0.0,0.0
201400046836,28,11,14,6,3,77,337,1,1,1,2,A4,0.0,0.0
201400046837,28,11,14,17,3,94,17,1,1,1,2,A4,48.8265,2.51832
201400046838,28,11,14,18,3,77,294,1,1,1,5,A104,0.0,0.0
201400046839,3,12,14,19,3,77,258,1,1,1,4,A4.W,0.0,0.0
201400046840,5,12,14,8,1,94,69,1,1,1,7,A4,48.8166,2.45027
201400046841,5,12,14,21,3,94,73,1,1,1,2,A86 INT,48.7535,2.37796
201400046842,7,12,14,23,3,94,46,1,1,3,6,A86 INT,48.8121,2.44884
201400046843,8,12,14,9,1,94,17,1,1,1,3,A4,48.829,2.50051
201400046844,8,12,14,12,1,77,438,1,1,2,2,A104,0.0,0.0
201400046845,9,12,14,17,3,94,28,1,1,1,4,A86 EXT,48.8,2.44641
201400046846,10,12,14,7,5,75,112,1,1,2,7,A4,0.0,0.0
201400046847,10,12,14,18,3,77,294,1,1,2,7,A104,0.0,0.0
201400046848,11,12,14,7,2,94,69,1,1,1,2,A4,48.8175,2.41947
201400046849,11,12,14,9,1,77,514,1,1,2,3,A104,0.0,0.0
201400046850,12,12,14,5,3,94,15,1,1,2,5,A4,48.8305,2.53003
201400046851,12,12,14,17,3,94,18,1,1,2,2,A4,48.8191,2.40703
201400046852,12,12,14,18,3,94,79,1,1,1,7,A4,48.8289,2.52794
201400046853,12,12,14,18,3,77,237,1,1,2,2,A4,0.0,0.0
201400046854,13,12,14,4,5,94,42,1,1,1,3,A4,48.8286,2.47617
201400046855,13,12,14,11,1,94,73,1,1,2,5,A86 INT,48.7676,2.37853
201400046856,13,12,14,16,3,77,514,1,1,2,2,A104,0.0,0.0
201400046857,13,12,14,16,1,94,69,1,1,2,7,A4,48.8173,2.42642
201400046858,15,12,14,9,1,77,58,1,1,2,2,A4,0.0,0.0
201400046859,15,12,14,14,1,94,52,1,1,1,2,A86 INT,48.8418,2.49269
201400046860,15,12,14,22,5,75,112,1,1,1,6,A4,0.0,0.0
201400046861,16,12,14,7,1,94,69,1,1,2,5,A4,48.8172,2.44334
201400046862,16,12,14,8,2,94,73,1,1,2,7,A86 INT,48.7686,2.37887
201400046863,16,12,14,9,1,94,79,1,1,2,3,A4,48.836,2.54012
201400046864,17,12,14,13,1,94,46,1,1,2,5,A86 INT,48.8099,2.44885
201400046865,17,12,14,17,3,94,73,1,1,2,2,A86 INT,48.7702,2.38206
201400046866,18,12,14,5,3,94,69,1,1,2,5,A4,48.8174,2.42782
201400046867,18,12,14,13,1,94,17,1,1,1,4,A4,48.827,2.51136
201400046868,12,12,14,5,5,94,69,1,1,1,2,A4,48.8173,2.42929
201400046869,19,12,14,8,2,77,294,1,1,1,7,A104,0.0,0.0
201400046870,19,12,14,18,3,94,81,1,1,1,3,A86 EXT,48.774,2.40505
201400046871,20,12,14,1,3,94,81,1,1,1,5,A86 EXT,48.7734,2.40301
201400046872,21,12,14,17,3,77,258,1,9,1,7,A4.Y,0.0,0.0
201400046873,22,12,14,18,5,77,258,1,1,2,4,A4.W,0.0,0.0
201400046874,25,12,14,6,3,77,237,1,1,1,6,A4,0.0,0.0
201400046875,27,12,14,5,3,94,73,1,1,1,6,A86 INT,48.7686,2.37893
201400046876,27,12,14,11,1,77,337,1,1,2,6,A4,0.0,0.0
201400046877,28,12,14,8,2,77,468,1,1,1,7,A104,0.0,0.0
201400046878,29,12,14,18,3,94,69,1,1,1,7,A4,48.8165,2.45289
201400046879,29,1,14,6,3,93,7,1,1,2,2,AUTOROUTE A1,48.9436,2.43541
201400046880,1,1,14,0,3,93,53,1,1,1,5,AUTOROUTE A3,48.882,2.45521
201400046881,1,1,14,0,3,93,5,1,1,2,7,AUTOROUTE A104,48.9731,2.48519
201400046882,1,1,14,2,4,92,36,1,1,1,2,AUTOROUTE A15,0.0,0.0
201400046883,1,1,14,2,4,93,66,1,1,2,2,AUTOROUTE A1,48.9238,2.35723
201400046884,1,1,14,6,4,93,10,1,1,1,7,AUTOROUTE A3,48.8895,2.47391
201400046885,2,1,14,8,1,93,27,1,1,1,6,AUTOROUTE A86,48.9221,2.37848
201400046886,2,1,14,11,1,95,18,1,1,1,2,A15,0.0,0.0
201400046887,2,1,14,9,1,95,394,1,1,1,6,A115,0.0,0.0
201400046888,2,1,14,10,1,95,582,1,1,2,6,RD 170,48.9635,2.2667
201400046889,3,1,14,7,3,95,678,1,1,1,2,ROUTE NATIONALE 184,0.0,0.0
201400046890,3,1,14,9,1,93,5,1,1,1,3,AUTOROUTE A1,48.9588,2.46498
201400046891,3,1,14,17,2,95,394,1,1,2,6,A115,0.0,0.0
201400046892,4,1,14,20,2,93,64,1,1,1,3,AUTOROUTE A86,0.0,0.0
201400046893,5,1,14,7,1,95,572,1,1,2,6,ROUTE NATIONALE 184,0.0,0.0
201400046894,6,1,14,9,1,95,154,1,1,1,3,AUTOROUTE A1,0.0,0.0
201400046895,6,1,14,20,4,95,641,1,1,1,6,A1,0.0,0.0
201400046896,7,1,14,12,1,93,5,1,1,1,4,AUTOROUTE A3,48.9467,2.47628
201400046897,8,1,14,7,3,93,53,1,1,1,6,AUTOROUTE A86,48.8893,2.47362
201400046898,8,1,14,21,4,93,64,1,1,1,6,AUTOROUTE A86,48.8681,2.48216
201400046899,9,1,14,7,3,93,63,1,1,1,7,AUTOROUTE A3,48.8763,2.44214
201400046900,10,1,14,9,1,95,394,1,1,1,6,ROUTE NATIONALE 184,0.0,0.0
201400046901,10,1,14,23,3,93,48,1,1,1,3,AUTOROUTE A86,48.8681,2.48216
201400046902,11,1,14,8,1,93,5,1,1,2,3,AUTOROUTE A104,48.9728,2.48498
201400046903,11,1,14,9,1,93,78,1,1,2,6,AUTOROUTE A104,48.9651,2.51829
201400046904,11,1,14,11,1,93,5,1,1,2,3,AUTOROUTE A104,48.9728,2.48498
201400046905,11,1,14,17,3,95,252,1,1,1,5,AUTOROUTE A15,0.0,0.0
201400046906,12,1,14,4,4,95,28,1,1,5,6,RN 104,0.0,0.0
201400046907,13,1,14,9,1,93,66,1,1,1,2,AUTOROUTE A1,48.922,2.35734
201400046908,13,1,14,15,1,95,394,1,1,1,6,A115,0.0,0.0
201400046909,14,1,14,10,1,95,527,1,1,8,6,A3,0.0,0.0
201400046910,14,1,14,10,1,93,27,1,1,2,6,AUTOROUTE A1,48.9345,2.39758
201400046911,14,1,14,12,1,95,491,1,1,1,6,A115,0.0,0.0
201400046912,14,1,14,13,1,95,527,1,1,1,6,A3,0.0,0.0
201400046913,15,1,14,17,2,95,252,1,1,2,4,A15,0.0,0.0
201400046914,15,1,14,18,3,92,36,1,1,1,2,AUTOROUTE A86,0.0,0.0
201400046915,15,1,14,20,3,95,572,1,1,2,3,ROUTE NATIONALE 184,0.0,0.0
201400046916,16,1,14,8,1,93,5,1,1,2,4,AUTOROUTE A3,48.9459,2.4766
201400046917,16,1,14,13,1,93,27,1,1,1,6,AUTOROUTE A1,48.9358,2.40348
201400046918,16,1,14,14,1,93,53,1,1,1,7,AUTOROUTE A103,48.9097,2.35828
201400046919,16,1,14,17,5,93,66,1,1,1,2,AUTOROUTE A1,48.9103,2.35806
201400046920,16,1,14,20,3,95,277,1,1,1,2,A1,0.0,0.0
201400046921,17,1,14,1,4,95,580,1,1,1,2,A1,0.0,0.0
201400046922,18,1,14,18,4,93,78,1,1,1,4,AUTOROUTE A104,48.9682,2.50886
201400046923,18,1,14,19,3,95,252,1,1,1,4,A15,0.0,0.0
201400046924,19,1,14,17,3,95,252,1,1,1,3,A15,0.0,0.0
201400046925,20,1,14,18,3,95,28,1,1,1,3,RN 104,0.0,0.0
201400046926,21,1,14,9,1,95,582,1,1,2,7,A115,0.0,0.0
201400046927,21,1,14,17,3,92,78,1,1,1,3,AUTOROUTE A86,0.0,0.0
201400046928,23,1,14,9,1,92,36,1,1,2,7,AUTOROUTE A15,0.0,0.0
201400046929,23,1,14,9,1,92,36,1,1,1,6,AUTOROUTE A15,0.0,0.0
201400046930,23,1,14,10,1,93,6,1,1,1,6,AUTOROUTE A3,48.868,2.42761
201400046931,23,1,14,16,2,93,5,1,1,2,5,AUTOROUTE A3,48.96,2.47345
201400046932,24,1,14,5,3,93,53,1,1,1,6,AUTOROUTE A3,48.8835,2.45873
201400046933,24,1,14,13,1,95,488,1,1,1,6,A15,0.0,0.0
201400046934,25,1,14,1,4,93,6,1,1,1,2,AUTOROUTE A3,48.8663,2.41456
201400046935,27,1,14,19,3,93,10,1,1,1,6,AUTOROUTE A3,0.0,0.0
201400046936,29,1,14,14,1,95,500,1,1,2,6,A15,0.0,0.0
201400046937,29,1,14,17,2,93,48,1,1,1,2,AUTOROUTE A86,48.8682,2.482
201400046938,29,1,14,18,3,95,28,1,1,2,6,RN 104,0.0,0.0
201400046939,30,1,14,4,4,93,53,1,1,1,7,AUTOROUTE A103,48.9061,2.35855
201400046940,30,1,14,10,1,95,28,1,1,3,6,RN 104,0.0,0.0
201400046941,30,1,14,15,1,93,66,1,1,1,3,AUTOROUTE A1,48.919,2.35742
201400046942,30,1,14,19,5,95,572,1,1,1,6,ROUTE NATIONALE 184,0.0,0.0
201400046943,31,1,14,6,3,93,8,1,1,1,2,AUTOROUTE A86,48.9167,2.42953
201400046944,31,1,14,12,1,93,66,1,1,1,2,AUTOROUTE A1,48.9202,2.3575
201400046945,31,1,14,17,3,92,36,1,1,1,4,AUTOROUTE A86,0.0,0.0
201400046946,5,3,14,8,1,93,27,1,1,1,2,AUTOROUTE A1,48.9372,2.40984
201400046947,1,2,14,3,5,60,612,1,1,3,2,,0.0,0.0
201400046948,1,2,14,8,1,95,277,1,1,2,6,AUTOROUTE A104,0.0,0.0
201400046949,1,2,14,9,1,95,500,1,1,3,6,A15,0.0,0.0
201400046950,1,2,14,10,1,93,27,1,1,2,6,AUTOROUTE A86,48.9234,2.38362
201400046951,1,2,14,11,1,93,53,1,1,1,2,AUTOROUTE A3,48.8837,2.46726
201400046952,1,2,14,11,1,93,5,1,1,1,5,AUTOROUTE A3,48.9647,2.47429
201400046953,1,2,14,17,1,93,53,1,1,1,4,AUTOROUTE A3,48.8835,2.45834
201400046954,2,2,14,1,3,95,18,1,1,1,2,A15,0.0,0.0
201400046955,2,2,14,13,1,93,78,1,1,1,1,AUTOROUTE A104,48.9602,2.54012
201400046956,2,2,14,22,4,93,5,1,1,1,6,AUTOROUTE A3,48.9639,2.47479
201400046957,4,2,14,15,1,93,48,1,1,1,3,AUTOROUTE A3,48.8731,2.43592
201400046958,5,2,14,2,5,93,66,1,1,1,6,AUTOROUTE A1,48.9157,2.35765
201400046959,5,2,14,3,3,95,580,1,1,3,2,A1,0.0,0.0
201400046960,5,2,14,8,2,93,48,1,1,1,2,AUTOROUTE A3,48.8731,2.43592
201400046961,6,2,14,0,3,95,572,1,1,1,6,AUTOROUTE A15,0.0,0.0
201400046962,8,2,14,13,1,95,394,1,1,2,6,AUTOROUTE A115,0.0,0.0
201400046963,9,2,14,13,1,93,66,1,1,1,4,AUTOROUTE A1,48.9103,2.35824
201400046964,9,2,14,14,1,95,351,1,1,1,6,RN 104,0.0,0.0
201400046965,9,2,14,19,3,92,36,1,1,1,4,AUTOROUTE A15,0.0,0.0
201400046966,9,2,14,21,4,93,78,1,1,1,2,AUTOROUTE A104,48.958,2.53089
201400046967,7,2,14,10,1,93,53,1,1,1,3,AUTOROUTE A3,48.8835,2.45834
201400046968,7,2,14,12,1,93,64,1,1,1,2,AUTOROUTE A86,48.8789,2.47622
201400046969,7,2,14,16,1,93,30,1,1,1,4,AUTOROUTE A1,48.9391,2.41827
201400046970,10,2,14,13,1,93,73,1,1,1,7,AUTOROUTE A104,48.9677,2.56311
201400046971,10,2,14,17,1,95,61,1,1,1,6,RN 104,0.0,0.0
201400046972,10,2,14,19,3,95,394,1,1,1,6,ROUTE NATIONALE 184,0.0,0.0
201400046973,11,2,14,8,1,92,36,1,1,1,7,AUTOROUTE A15,0.0,0.0
201400046974,11,2,14,10,1,93,53,1,1,1,7,AUTOROUTE A103,48.9088,2.35836
201400046975,11,2,14,17,4,93,64,1,1,2,7,AUTOROUTE A86,48.8709,2.4822
201400046976,11,2,14,22,5,95,572,1,1,2,6,AUTOROUTE A15,0.0,0.0
201400046977,11,2,14,23,3,95,491,1,1,1,6,AUTOROUTE A115,0.0,0.0
201400046978,12,2,14,6,3,93,27,1,1,1,3,AUTOROUTE A86,48.9278,2.41018
201400046979,12,2,14,10,1,95,241,1,1,1,2,RN 104,0.0,0.0
201400046980,13,2,14,10,1,95,18,1,1,1,4,AUTOROUTE A15,0.0,0.0
201400046981,13,2,14,14,1,95,306,1,1,2,4,AUTOROUTE A15,0.0,0.0
201400046982,13,2,14,17,1,95,394,1,1,1,2,ROUTE NATIONALE 184,0.0,0.0
201400046983,14,2,14,6,3,95,488,1,1,2,6,AUTOROUTE A15,0.0,0.0
201400046984,14,2,14,10,1,95,424,1,1,2,6,AUTOROUTE A15,0.0,0.0
201400046985,14,2,14,14,1,93,8,1,1,1,7,AUTOROUTE A86,48.9011,2.46932
201400046986,14,2,14,16,1,95,572,1,1,1,6,ROUTE NATIONALE 184,0.0,0.0
201400046987,14,2,14,19,3,93,5,1,1,1,1,AUTOROUTE A3,48.9467,2.47628
201400046988,14,2,14,20,3,95,563,1,1,1,6,AUTOROUTE A115,0.0,0.0
201400046989,15,2,14,13,1,93,66,1,1,1,6,AUTOROUTE A1,48.9339,2.3834
201400046990,15,2,14,14,1,95,176,1,1,1,6,AUTOROUTE A15,0.0,0.0
201400046991,17,2,14,16,1,93,6,1,1,1,2,AUTOROUTE A3,48.8663,2.41456
201400046992,18,2,14,22,3,93,63,1,1,1,5,AUTOROUTE A3,48.8747,2.43926
201400046993,19,2,14,11,1,95,60,1,1,2,3,AUTOROUTE A115,0.0,0.0
201400046994,19,2,14,16,1,93,6,1,1,1,4,AUTOROUTE A3,48.8701,2.4303
201400046995,19,2,14,21,3,93,64,1,1,1,4,AUTOROUTE A86,48.8839,2.46943
201400046996,20,2,14,9,1,93,27,1,1,2,6,AUTOROUTE A86,48.9234,2.38362
201400046997,20,2,14,11,1,93,5,1,1,2,4,AUTOROUTE A104,48.9731,2.48519
201400046998,20,2,14,17,1,95,678,1,1,3,5,ROUTE NATIONALE 184,0.0,0.0
201400046999,21,2,14,6,3,92,36,1,1,1,6,AUTOROUTE A86,0.0,0.0
201400047000,21,2,14,10,1,93,64,1,1,1,3,AUTOROUTE A86,48.8844,2.46948
201400047001,21,2,14,21,3,93,66,1,1,1,2,AUTOROUTE A1,48.9193,2.35757
201400047002,22,2,14,12,1,95,277,1,1,1,3,AUTOROUTE A104,48.9735,2.4859
201400047003,23,2,14,12,1,93,64,1,1,1,6,AUTOROUTE A103,0.0,0.0
201400047004,23,2,14,17,1,95,527,1,1,1,2,AUTOROUTE A1,0.0,0.0
201400047005,24,2,14,19,3,93,10,1,1,1,6,AUTOROUTE A3,48.8893,2.47381
201400047006,24,2,14,20,3,92,36,1,1,1,5,AUTOROUTE A15,0.0,0.0
201400047007,25,2,14,12,1,93,78,1,1,1,2,AUTOROUTE A104,48.9582,2.53141
201400047008,27,2,14,16,1,93,10,1,1,1,6,AUTOROUTE A3,48.8895,2.47391
201400047009,26,2,14,20,3,93,66,1,1,1,2,AUTOROUTE A1,48.9211,2.35742
201400047010,27,2,14,12,1,93,10,1,1,2,3,AUTOROUTE A3,48.8897,2.47384
201400047011,27,2,14,15,1,93,5,1,1,1,4,AUTOROUTE A3,48.9498,2.47461
201400047012,27,2,14,16,1,93,10,1,1,1,2,AUTOROUTE A3,48.8893,2.47381
201400047013,27,2,14,17,1,93,10,1,1,1,2,AUTOROUTE A3,48.8884,2.47404
201400047014,28,2,14,8,1,95,678,1,1,2,7,ROUTE NATIONALE 184,0.0,0.0
201400047015,28,2,14,9,1,93,66,1,1,2,6,AUTOROUTE A1,48.9265,2.35699
201400047016,28,2,14,9,1,95,582,1,1,2,3,AUTOROUTE A115,0.0,0.0
201400047017,28,2,14,15,1,95,151,1,1,1,7,RN 104,0.0,0.0
201400047018,2,3,14,16,1,93,66,1,1,1,6,AUTOROUTE A86,48.9217,2.36558
201400047019,2,3,14,19,3,93,66,1,1,1,2,AUTOROUTE A1,48.9332,2.37646
201400047020,3,3,14,3,3,92,78,1,1,2,7,AUTOROUTE A86,0.0,0.0
201400047021,3,3,14,8,1,93,27,1,1,1,2,AUTOROUTE A1,48.9366,2.40734
201400047022,3,3,14,9,1,95,582,1,1,1,3,AUTOROUTE A15,0.0,0.0
201400047023,3,3,14,18,3,93,66,1,1,1,3,AUTOROUTE A86,48.9219,2.36552
201400047024,3,3,14,22,3,95,18,1,1,8,2,AUTOROUTE A15,0.0,0.0
201400047025,3,3,14,23,4,95,18,1,1,1,6,AUTOROUTE A15,0.0,0.0
201400047026,4,3,14,3,4,95,582,1,1,1,6,AUTOROUTE A115,0.0,0.0
201400047027,4,3,14,6,2,95,218,1,1,1,6,AUTOROUTE A15,0.0,0.0
201400047028,4,3,14,19,3,95,678,1,1,1,4,ROUTE NATIONALE 184,0.0,0.0
201400047029,4,3,14,20,3,93,53,1,1,1,3,AUTOROUTE A3,48.8835,2.45873
201400047030,5,3,14,8,1,93,27,1,1,1,2,AUTOROUTE A1,48.9372,2.40984
201400047031,5,3,14,10,1,95,306,1,1,1,6,AUTOROUTE A15,0.0,0.0
201400047032,5,3,14,18,1,95,277,1,1,1,3,AUTOROUTE A3,0.0,0.0
201400047033,7,3,14,18,1,93,6,1,1,1,2,AUTOROUTE A3,48.8657,2.41854
201400047034,8,3,14,4,3,95,28,1,1,5,3,RN 104,0.0,0.0
201400047035,8,3,14,6,2,93,13,1,1,1,6,AUTOROUTE A1,48.9387,2.41625
201400047036,8,3,14,11,1,93,53,1,1,1,4,AUTOROUTE A3,48.8838,2.46682
201400047037,9,3,14,5,5,93,66,1,1,1,6,AUTOROUTE A1,48.9103,2.35824
201400047038,9,3,14,18,3,93,48,1,1,1,2,AUTOROUTE A3,48.8711,2.43227
201400047039,10,3,14,8,1,93,27,1,1,1,6,AUTOROUTE A86,48.9257,2.39669
201400047040,10,3,14,9,1,93,66,1,1,1,3,AUTOROUTE A86,48.9217,2.36558
201400047041,10,3,14,9,1,95,351,1,1,1,4,RN 104,0.0,0.0
201400047042,11,3,14,8,1,95,252,1,1,1,2,AUTOROUTE A115,0.0,0.0
201400047043,11,3,14,20,3,95,491,1,1,1,2,AUTOROUTE A115,0.0,0.0
201400047044,12,3,14,10,1,92,36,1,1,1,7,AUTOROUTE A15,0.0,0.0
201400047045,12,3,14,8,1,95,60,1,1,1,6,A115,0.0,0.0
201400047046,13,3,14,10,1,93,66,1,1,1,3,AUTOROUTE A1,48.928,2.35755
201400047047,13,3,14,15,1,95,641,1,1,1,6,AUTOROUTE A1,0.0,0.0
201400047048,13,3,14,19,1,93,6,1,1,1,6,AUTOROUTE A3,48.868,2.42761
201400047049,13,3,14,20,3,93,64,1,1,1,6,AUTOROUTE A86,48.8836,2.47155
201400047050,15,3,14,5,4,60,494,1,1,1,6,,0.0,0.0
201400047051,15,3,14,15,1,93,10,1,1,1,2,AUTOROUTE A3,48.8897,2.47384
201400047052,15,3,14,16,1,95,252,1,1,1,6,AUTOROUTE A15,0.0,0.0
201400047053,16,3,14,6,2,95,203,1,1,1,6,BD INTERCOMMUNAL PARISIS,48.9778,2.2896
201400047054,16,3,14,16,1,93,53,1,1,1,2,AUTOROUTE A3,48.8839,2.4664
201400047055,16,3,14,20,4,93,5,1,1,1,2,AUTOROUTE A3,48.9564,2.47328
201400047056,17,3,14,9,1,93,53,1,1,1,7,AUTOROUTE A103,48.91,2.35825
201400047057,18,3,14,6,2,95,582,1,1,1,4,AUTOROUTE A15,0.0,0.0
201400047058,18,3,14,8,1,93,5,1,1,1,7,AUTOROUTE A3,48.9501,2.4747
201400047059,18,3,14,18,1,95,277,1,1,1,2,AUTOROUTE A104,48.9735,2.4859
201400047060,18,3,14,16,1,93,78,1,1,1,3,AUTOROUTE A104,48.9641,2.52043
201400047061,19,3,14,8,1,95,277,1,1,1,2,AUTOROUTE A1,0.0,0.0
201400047062,19,3,14,14,1,93,66,1,1,1,6,AUTOROUTE A1,48.9061,2.35855
201400047063,20,3,14,7,1,93,10,1,1,1,2,AUTOROUTE A3,48.8895,2.47375
201400047064,20,3,14,9,1,95,306,1,1,1,7,AUTOROUTE A15,0.0,0.0
201400047065,20,3,14,16,1,92,36,1,1,1,6,AUTOROUTE A15,0.0,0.0
201400047066,20,3,14,17,1,93,66,1,1,1,4,AUTOROUTE A1,48.9193,2.35757
201400047067,21,3,14,6,3,95,351,1,1,1,2,RN 104,0.0,0.0
201400047068,21,3,14,14,1,93,5,1,1,1,2,AUTOROUTE A3,48.9484,2.47543
201400047069,22,3,14,12,1,93,27,1,1,1,6,AUTOROUTE A1,48.934,2.38936
201400047070,23,3,14,11,1,95,641,1,1,1,2,AUTOROUTE A1,0.0,0.0
201400047071,24,3,14,8,1,93,66,1,1,1,7,AUTOROUTE A1,48.9234,2.35708
201400047072,24,3,14,15,1,93,10,1,1,1,2,AUTOROUTE A3,48.8865,2.4737
201400047073,25,3,14,9,1,93,53,1,1,2,4,AUTOROUTE A3,48.8835,2.45834
201400047074,25,3,14,9,1,93,5,1,1,2,3,AUTOROUTE A3,48.9516,2.47401
201400047075,29,3,14,10,1,93,27,1,1,1,5,AUTOROUTE A86,48.9279,2.40993
201400047076,26,3,14,12,1,93,6,1,1,1,3,AUTOROUTE A3,48.8668,2.42545
201400047077,27,3,14,9,1,95,365,1,1,1,4,RN 104,0.0,0.0
201400047078,27,3,14,12,1,93,10,1,1,1,6,AUTOROUTE A86,48.8931,2.47228
201400047079,27,3,14,13,1,95,527,1,1,1,2,AUTOROUTE A3,0.0,0.0
201400047080,28,3,14,0,5,93,66,1,1,1,6,AUTOROUTE A1,48.9061,2.35855
201400047081,28,3,14,7,1,93,5,1,1,1,6,AUTOROUTE A3,48.9492,2.47504
201400047082,28,3,14,10,1,93,66,1,1,1,4,AUTOROUTE A86,48.9219,2.36552
201400047083,29,3,14,0,3,95,527,1,1,1,6,AUTOROUTE A3,0.0,0.0
201400047084,29,3,14,21,4,95,488,1,1,1,3,AUTOROUTE A15,0.0,0.0
201400047085,30,3,14,5,5,93,8,1,1,1,6,AUTOROUTE A86,48.8986,2.46958
201400047086,30,3,14,7,2,95,256,1,1,1,4,ROUTE NATIONALE 184,0.0,0.0
201400047087,30,3,14,17,1,93,6,1,1,1,6,AUTOROUTE A3,48.8694,2.42943
201400047088,30,3,14,21,3,93,5,1,1,1,5,AUTOROUTE A3,48.951,2.47438
201400047089,30,3,14,20,4,93,78,1,1,1,2,AUTOROUTE A104,48.9621,2.54609
201400047090,31,3,14,20,3,93,48,1,1,1,6,AUTOROUTE A3,48.8737,2.43705
201400047091,31,3,14,22,5,93,66,1,1,1,7,AUTOROUTE A1,48.907,2.35849
201400047092,20,7,14,13,1,93,7,1,1,1,2,AUTOROUTE A3,48.9322,2.48099
201400047093,1,4,14,9,1,95,218,1,1,1,2,AUTOROUTE A15,0.0,0.0
201400047094,1,4,14,14,1,95,500,1,1,1,6,AUTOROUTE A15,0.0,0.0
201400047095,1,4,14,17,1,92,36,1,1,1,6,AUTOROUTE A15,0.0,0.0
201400047096,2,4,14,14,1,77,282,1,1,1,4,AUTOROUTE A1,0.0,0.0
201400047097,2,4,14,18,2,95,18,1,1,1,5,AUTOROUTE A15,0.0,0.0
201400047098,3,4,14,12,1,92,36,1,1,1,6,AUTOROUTE A15,0.0,0.0
201400047099,4,4,14,18,1,95,682,1,1,1,6,RN 104,0.0,0.0
201400047100,4,4,14,7,1,93,6,1,1,1,3,AUTOROUTE A3,48.8659,2.42125
201400047101,4,4,14,9,1,95,488,1,1,1,4,AUTOROUTE A15,0.0,0.0
201400047102,4,4,14,18,1,93,66,1,1,1,3,AUTOROUTE A1,48.9293,2.36153
201400047103,5,4,14,8,1,95,527,1,1,1,6,AUTOROUTE A3,0.0,0.0
201400047104,5,4,14,12,1,93,30,1,1,1,4,AUTOROUTE A1,48.9397,2.42092
201400047105,7,4,14,18,1,95,252,1,1,1,3,AUTOROUTE A15,0.0,0.0
201400047106,7,4,14,17,1,95,500,1,1,1,3,AUTOROUTE A15,0.0,0.0
201400047107,8,4,14,8,1,93,48,1,1,1,2,AUTOROUTE A3,48.8731,2.43592
201400047108,8,4,14,23,3,95,582,1,1,1,3,BD INTERCOMMUNAL PARISIS,48.9625,2.2633
201400047109,9,4,14,1,4,92,36,1,1,1,7,AUTOROUTE A86,0.0,0.0
201400047110,9,4,14,7,1,93,66,1,1,1,7,AUTOROUTE A1,48.919,2.35742