Num_Acc,jour,mois,an,hr,condition_eclairage,departement,commune,condition_agglomeration,intersection,condition_atmosphere,type_collision,adresse,lattitude,longitude
201400047111,9,4,14,8,1,93,78,1,1,1,6,AUTOROUTE A104,48.9584,2.52849
201400047112,9,4,14,11,1,93,53,1,1,1,6,AUTOROUTE A3,48.8825,2.45596
201400047113,9,4,14,13,1,93,64,1,1,1,6,AUTOROUTE A86,48.8836,2.47155
201400047114,10,4,14,19,1,92,36,1,1,1,2,AUTOROUTE A86,0.0,0.0
201400047115,11,4,14,5,3,95,500,1,1,1,6,AUTOROUTE A15,0.0,0.0
201400047116,11,4,14,7,1,95,582,1,1,1,2,AUTOROUTE A115,0.0,0.0
201400047117,11,4,14,14,1,93,63,1,1,1,2,AUTOROUTE A3,48.8785,2.44717
201400047118,11,4,14,15,1,93,66,1,1,1,5,AUTOROUTE A1,48.9166,2.35776
201400047119,11,4,14,16,1,92,36,1,1,1,2,AUTOROUTE A86,0.0,0.0
201400047120,11,4,14,20,1,93,63,1,1,1,5,AUTOROUTE A3,48.8739,2.4376
201400047121,12,4,14,5,3,93,7,1,1,1,6,AUTOROUTE A1,48.9549,2.45754
201400047122,12,4,14,6,5,93,66,1,1,1,6,AUTOROUTE A86,48.9217,2.36558
201400047123,12,4,14,16,1,92,36,1,1,1,6,AUTOROUTE A15,0.0,0.0
201400047124,13,4,14,9,1,93,5,1,1,1,6,AUTOROUTE A1,48.9631,2.47184
201400047125,13,4,14,16,1,95,277,1,1,1,6,RD 170,48.9779,2.4579
201400047126,15,4,14,7,1,92,36,1,1,1,2,AUTOROUTE A15,0.0,0.0
201400047127,15,4,14,9,1,95,582,1,1,1,2,BD INTERCOMMUNAL PARISIS,48.9691,2.2751
201400047128,15,4,14,11,1,95,678,1,1,1,2,ROUTE NATIONALE 184,0.0,0.0
201400047129,16,4,14,19,1,93,66,1,1,1,5,AUTOROUTE A1,48.9198,2.35753
201400047130,15,4,14,19,1,95,351,1,1,1,2,RN 104,0.0,0.0
201400047131,16,4,14,9,1,92,36,1,1,1,6,AUTOROUTE A15,0.0,0.0
201400047132,16,4,14,13,1,95,277,1,1,1,6,AUTOROUTE A104,48.9736,2.4862
201400047133,16,4,14,15,1,95,18,1,1,1,5,AUTOROUTE A15,0.0,0.0
201400047134,17,4,14,20,1,93,66,1,1,1,2,AUTOROUTE A1,48.9281,2.35794
201400047135,17,4,14,7,1,95,527,1,1,1,3,AUTOROUTE A3,0.0,0.0
201400047136,18,4,14,6,5,93,66,1,1,1,5,AUTOROUTE A1,48.9339,2.3834
201400047137,18,4,14,12,1,95,277,1,1,1,2,BD INTERCOMMUNAL PARISIS,48.9777,2.4597
201400047138,18,4,14,12,1,95,241,1,1,1,2,RN 104,0.0,0.0
201400047139,19,4,14,9,1,93,66,1,1,1,3,AUTOROUTE A1,48.9281,2.35794
201400047140,19,4,14,12,1,60,494,1,1,1,2,,0.0,0.0
201400047141,20,4,14,20,2,93,48,1,1,1,6,AUTOROUTE A3,48.8731,2.43592
201400047142,21,4,14,3,3,95,394,1,1,1,1,ROUTE NATIONALE 184,0.0,0.0
201400047143,21,4,14,23,4,93,5,1,1,1,6,AUTOROUTE A3,48.9459,2.4766
201400047144,22,4,14,8,1,95,582,1,1,2,2,AUTOROUTE A15,0.0,0.0
201400047145,22,4,14,13,1,95,607,1,1,1,6,AUTOROUTE A115,0.0,0.0
201400047146,23,4,14,3,4,95,678,1,1,1,6,ROUTE NATIONALE 184,0.0,0.0
201400047147,23,4,14,7,2,92,78,1,1,1,2,AUTOROUTE A86,0.0,0.0
201400047148,23,4,14,14,1,95,582,1,1,1,1,AUTOROUTE A15,0.0,0.0
201400047149,23,4,14,15,1,93,8,1,1,1,4,AUTOROUTE A86,48.9079,2.45266
201400047150,24,4,14,19,1,95,572,1,1,1,4,ROUTE NATIONALE 184,0.0,0.0
201400047151,25,4,14,0,3,93,66,1,1,1,7,AUTOROUTE A1,48.9202,2.3575
201400047152,25,4,14,10,1,95,527,1,1,2,6,AUTOROUTE A3,0.0,0.0
201400047153,25,4,14,16,1,93,64,1,1,8,6,AUTOROUTE A103,0.0,0.0
201400047154,25,4,14,19,1,93,64,1,1,1,3,AUTOROUTE A86,48.8839,2.46943
201400047155,26,4,14,13,1,93,27,1,1,2,6,AUTOROUTE A86,48.9278,2.41018
201400047156,26,4,14,14,1,95,572,1,1,3,6,AUTOROUTE A15,0.0,0.0
201400047157,26,4,14,16,1,93,64,1,1,1,2,AUTOROUTE A86,0.0,0.0
201400047158,26,4,14,18,1,92,36,1,1,1,4,AUTOROUTE A86,0.0,0.0
201400047159,26,4,14,23,4,93,8,1,1,2,7,AUTOROUTE A86,48.9057,2.46307
201400047160,6,7,14,17,1,60,494,1,1,2,7,AUTOROUTE A1,0.0,0.0
201400047161,9,7,14,11,1,93,10,1,1,1,5,AUTOROUTE A3,48.8895,2.47391
201400047162,11,7,14,8,1,95,394,1,1,2,6,A115,0.0,0.0
201400047163,25,7,14,15,1,93,5,1,1,1,4,AUTOROUTE A3,48.9492,2.47504
201400047164,1,8,14,7,2,95,212,1,1,2,7,RN 104,0.0,0.0
201400047165,28,7,14,8,1,95,277,1,1,2,7,AUTOROUTE A3,0.0,0.0
201400047166,29,7,14,18,1,93,27,1,1,2,7,AUTOROUTE A86,48.9279,2.40993
201400047167,5,8,14,17,1,95,18,1,1,1,2,AUTOROUTE A15,0.0,0.0
201400047168,1,5,14,16,1,93,53,1,1,8,2,AUTOROUTE A3,48.8835,2.45834
201400047169,1,5,14,22,4,93,6,1,1,3,7,AUTOROUTE A3,48.8645,2.41293
201400047170,2,5,14,3,3,93,66,1,1,1,7,AUTOROUTE A1,48.93,2.3641
201400047171,2,5,14,5,2,95,154,1,1,1,2,AUTOROUTE A1,0.0,0.0
201400047172,4,5,14,14,1,93,5,1,1,1,4,AUTOROUTE A3,48.9467,2.47628
201400047173,5,5,14,8,1,93,53,1,1,1,6,AUTOROUTE A86,48.8876,2.47385
201400047174,5,5,14,13,1,95,607,1,1,1,6,AUTOROUTE A115,0.0,0.0
201400047175,5,5,14,15,1,93,10,1,1,1,2,AUTOROUTE A3,48.8895,2.47391
201400047176,6,5,14,14,1,93,66,1,1,1,6,AUTOROUTE A1,48.9157,2.35765
201400047177,6,5,14,17,1,95,277,1,1,1,6,AUTOROUTE A104,48.9728,2.4872
201400047178,6,5,14,18,1,95,572,1,1,1,2,ROUTE NATIONALE 184,0.0,0.0
201400047179,6,5,14,18,1,95,678,1,1,8,2,ROUTE NATIONALE 184,0.0,0.0
201400047180,7,5,14,20,1,93,10,1,1,1,3,AUTOROUTE A86,48.8913,2.47295
201400047181,8,5,14,18,1,93,1,1,1,2,4,AUTOROUTE A86,48.9208,2.37196
201400047182,8,5,14,22,3,93,66,1,1,9,7,AUTOROUTE A1,48.9238,2.35723
201400047183,8,5,14,22,3,93,66,1,1,1,6,AUTOROUTE A1,48.929,2.36024
201400047184,9,5,14,15,1,95,678,1,1,1,7,ROUTE NATIONALE 184,0.0,0.0
201400047185,9,5,14,16,1,93,10,1,1,1,5,AUTOROUTE A3,48.8895,2.47391
201400047186,9,5,14,20,1,95,572,1,1,1,6,AUTOROUTE A15,0.0,0.0
201400047187,10,5,14,14,1,93,64,1,1,2,4,AUTOROUTE A86,48.886,2.47273
201400047188,10,5,14,15,1,93,27,1,1,2,6,AUTOROUTE A86,48.9219,2.37785
201400047189,10,5,14,16,1,93,53,1,1,3,6,AUTOROUTE A3,48.8838,2.46546
201400047190,10,5,14,17,1,95,394,1,1,1,6,AUTOROUTE A115,0.0,0.0
201400047191,10,5,14,22,3,93,10,1,1,1,6,AUTOROUTE A3,48.8893,2.47381
201400047192,11,5,14,13,1,95,582,1,1,1,6,BD INTERCOMMUNAL PARISIS,48.9623,2.2637
201400047193,11,5,14,18,1,93,6,1,1,2,2,AUTOROUTE A3,48.8659,2.42125
201400047194,12,5,14,14,1,93,48,1,1,3,7,AUTOROUTE A3,48.8731,2.43544
201400047195,14,5,14,6,1,93,53,1,1,1,3,AUTOROUTE A86,48.8892,2.47413
201400047196,14,5,14,10,1,60,505,1,1,1,7,AUTOROUTE A1,0.0,0.0
201400047197,15,5,14,7,1,93,5,1,1,1,3,AUTOROUTE A1,48.962,2.46984
201400047198,15,5,14,9,1,95,582,1,1,1,3,AUTOROUTE A15,0.0,0.0
201400047199,15,5,14,17,1,93,29,1,1,1,6,AUTOROUTE A86,48.9261,2.4224
201400047200,15,5,14,17,1,93,5,1,1,1,2,AUTOROUTE A104,48.9731,2.48807
201400047201,15,5,14,20,1,93,5,1,1,1,2,AUTOROUTE A3,48.9582,2.47323
201400047202,16,5,14,9,1,93,64,1,1,1,2,AUTOROUTE A86,48.8839,2.46943
201400047203,16,5,14,18,1,60,631,1,1,1,2,,0.0,0.0
201400047204,16,5,14,19,1,93,5,1,1,1,4,AUTOROUTE A3,48.9463,2.47621
201400047205,16,5,14,20,1,93,6,1,1,1,7,AUTOROUTE A3,48.8699,2.43032
201400047206,17,5,14,15,1,95,607,1,1,1,2,AUTOROUTE A115,0.0,0.0
201400047207,18,5,14,18,1,95,527,1,1,1,2,AUTOROUTE A1,0.0,0.0
201400047208,18,5,14,20,1,93,53,1,1,1,2,AUTOROUTE A3,48.8835,2.45873
201400047209,20,5,14,16,1,93,63,1,1,2,3,AUTOROUTE A3,48.8774,2.44477
201400047210,20,5,14,17,1,93,8,1,1,1,2,AUTOROUTE A86,48.8986,2.46958
201400047211,20,5,14,17,1,93,63,1,1,2,3,AUTOROUTE A3,48.8758,2.44149
201400047212,20,5,14,19,1,93,8,1,1,2,2,AUTOROUTE A86,48.8969,2.47011
201400047213,20,5,14,20,1,95,252,1,1,2,6,AUTOROUTE A15,0.0,0.0
201400047214,20,5,14,20,1,95,256,1,1,1,6,AUTOROUTE A115,0.0,0.0
201400047215,21,5,14,7,1,93,27,1,1,2,2,AUTOROUTE A86,48.9236,2.38346
201400047216,21,5,14,12,1,93,5,1,1,2,6,AUTOROUTE A3,48.96,2.47345
201400047217,21,5,14,19,1,93,27,1,1,3,4,AUTOROUTE A86,48.9234,2.38362
201400047218,21,5,14,19,1,93,27,1,1,2,2,AUTOROUTE A86,48.9234,2.38362
201400047219,22,5,14,22,4,93,64,1,1,3,6,AUTOROUTE A86,48.8682,2.482
201400047220,22,5,14,6,1,95,306,1,1,1,6,AUTOROUTE A15,0.0,0.0
201400047221,22,5,14,8,1,93,63,1,1,1,4,AUTOROUTE A3,48.8779,2.44592
201400047222,22,5,14,8,1,93,48,1,1,1,6,AUTOROUTE A3,48.8731,2.43592
201400047223,22,5,14,9,1,93,78,1,1,1,2,AUTOROUTE A104,48.959,2.53602
201400047224,22,5,14,9,1,93,64,1,1,1,6,AUTOROUTE A86,48.8836,2.47155
201400047225,22,5,14,13,1,93,27,1,1,9,7,AUTOROUTE A86,48.922,2.37773
201400047226,23,5,14,5,2,93,78,1,1,1,3,AUTOROUTE A104,48.963,2.52244
201400047227,23,5,14,7,1,95,527,1,1,1,2,AUTOROUTE A1,0.0,0.0
201400047228,23,5,14,9,1,95,18,1,1,1,3,AUTOROUTE A15,0.0,0.0
201400047229,23,5,14,17,1,93,64,1,1,1,5,AUTOROUTE A86,48.8822,2.47339
201400047230,23,5,14,17,1,93,66,1,1,2,4,AUTOROUTE A1,48.9339,2.3839
201400047231,23,5,14,18,1,93,6,1,1,2,7,AUTOROUTE A3,48.8692,2.42947
201400047232,25,5,14,6,1,95,219,1,1,1,6,AUTOROUTE A115,0.0,0.0
201400047233,25,5,14,17,1,93,66,1,1,1,2,AUTOROUTE A1,48.9317,2.37003
201400047234,25,5,14,22,3,95,572,1,1,1,2,AUTOROUTE A15,0.0,0.0
201400047235,26,5,14,23,3,93,6,1,9,1,2,AUTOROUTE A3,48.8701,2.43053
201400047236,27,5,14,18,1,95,572,1,1,2,3,AUTOROUTE A15,0.0,0.0
201400047237,28,5,14,8,1,93,48,1,1,2,6,AUTOROUTE A3,48.8731,2.43544
201400047238,28,5,14,9,1,95,252,1,1,3,6,AUTOROUTE A15,0.0,0.0
201400047239,28,5,14,23,3,95,555,1,1,2,6,BD INTERCOMMUNAL PARISIS,48.9767,2.2817
201400047240,29,5,14,3,3,93,63,1,1,1,2,AUTOROUTE A3,48.8774,2.44477
201400047241,29,5,14,8,1,92,36,1,1,1,6,AUTOROUTE A86,0.0,0.0
201400047242,30,5,14,17,1,95,488,1,1,1,3,AUTOROUTE A15,0.0,0.0
201400047243,30,5,14,19,1,93,5,1,1,1,6,AUTOROUTE A104,48.9731,2.48519
201400047244,30,5,14,20,1,93,64,1,1,1,2,AUTOROUTE A86,48.8682,2.482
201400047245,31,5,14,21,1,95,424,1,1,1,2,AUTOROUTE A15,0.0,0.0
201400047246,31,5,14,8,1,95,641,1,1,1,2,AUTOROUTE A1,0.0,0.0
201400047247,16,9,14,10,1,95,555,1,1,1,6,BD INTERCOMMUNAL DU PARI,48.9706,2.2753
201400047248,21,9,14,9,1,93,63,1,1,1,3,AUTOROUTE A3,48.8769,2.44323
201400047249,1,6,14,1,3,93,10,1,1,1,2,AUTOROUTE A3,48.8895,2.47391
201400047250,1,6,14,2,3,92,36,1,1,1,6,AUTOROUTE A86,0.0,0.0
201400047251,1,6,14,21,3,93,27,1,1,1,7,AUTOROUTE A86,48.9234,2.38362
201400047252,2,6,14,3,5,60,138,1,1,1,7,,0.0,0.0
201400047253,2,6,14,6,1,93,5,1,1,1,2,AUTOROUTE A3,48.9507,2.47432
201400047254,2,6,14,18,1,95,572,1,1,1,4,ROUTE NATIONALE 184,0.0,0.0
201400047255,23,6,14,10,1,93,8,1,1,1,2,AUTOROUTE A86,48.8941,2.47214
201400047256,3,6,14,14,1,93,64,1,1,1,2,AUTOROUTE A86,48.8682,2.482
201400047257,3,6,14,17,1,95,252,1,1,1,2,AUTOROUTE A15,0.0,0.0
201400047258,3,6,14,20,2,93,64,1,1,1,3,AUTOROUTE A86,48.8844,2.4715
201400047259,4,6,14,8,1,93,27,1,1,1,2,AUTOROUTE A86,48.9265,2.40362
201400047260,4,6,14,9,1,92,36,1,1,3,6,AUTOROUTE A15,0.0,0.0
201400047261,4,6,14,10,1,95,582,1,1,1,3,BD INTERCOMMUNAL PARISIS,48.9671,2.2735
201400047262,4,6,14,12,1,93,53,1,1,1,6,AUTOROUTE A103,48.9061,2.35855
201400047263,4,6,14,12,1,92,36,1,1,1,6,ROUTE NATIONALE 315,0.0,0.0
201400047264,4,6,14,15,1,95,18,1,1,3,3,AUTOROUTE A15,0.0,0.0
201400047265,4,6,14,17,1,95,582,1,1,1,6,AUTOROUTE A15,0.0,0.0
201400047266,4,6,14,18,1,95,127,1,1,1,7,AUTOROUTE A15,0.0,0.0
201400047267,4,6,14,20,1,93,10,1,1,1,3,AUTOROUTE A3,48.8893,2.47381
201400047268,5,6,14,9,1,93,10,1,1,1,6,AUTOROUTE A3,48.8895,2.47391
201400047269,6,6,14,18,1,93,27,1,1,1,3,AUTOROUTE A1,48.9345,2.39758
201400047270,6,6,14,9,1,93,78,1,1,1,6,AUTOROUTE A104,48.9713,2.49859
201400047271,6,6,14,14,1,92,78,1,1,1,2,AUTOROUTE A86,0.0,0.0
201400047272,6,6,14,15,1,93,13,1,1,1,6,AUTOROUTE A1,48.9436,2.43541
201400047273,6,6,14,19,1,93,64,1,1,1,3,AUTOROUTE A86,48.8839,2.46943
201400047274,6,6,14,21,1,93,6,1,1,1,2,AUTOROUTE A3,48.8701,2.4303
201400047275,8,6,14,3,5,93,66,1,1,1,5,AUTOROUTE A1,48.922,2.35734
201400047276,8,6,14,4,3,93,66,1,1,3,5,AUTOROUTE A1,48.9175,2.35768
201400047277,8,6,14,6,2,93,8,1,1,2,7,AUTOROUTE A86,48.9086,2.45013
201400047278,8,6,14,16,1,93,6,1,1,1,6,AUTOROUTE A3,48.8701,2.4303
201400047279,9,6,14,9,1,95,277,1,1,1,3,AUTOROUTE A104,0.0,0.0
201400047280,9,6,14,10,1,92,36,1,1,2,3,AUTOROUTE A86,0.0,0.0
201400047281,9,6,14,13,1,93,27,1,1,1,2,AUTOROUTE A86,48.9269,2.40467
201400047282,9,6,14,17,1,92,36,1,1,1,2,AUTOROUTE A15,0.0,0.0
201400047283,9,6,14,18,1,93,63,1,1,1,4,AUTOROUTE A3,48.8731,2.43544
201400047284,9,6,14,10,1,95,572,1,1,1,6,AUTOROUTE A15,0.0,0.0
201400047285,10,6,14,6,1,95,256,1,1,1,6,AUTOROUTE A115,0.0,0.0
201400047286,10,6,14,8,1,93,48,1,1,8,6,AUTOROUTE A86,48.8665,2.48142
201400047287,10,6,14,12,1,93,10,1,1,2,2,AUTOROUTE A86,48.9005,2.46998
201400047288,10,6,14,13,1,93,66,1,1,3,4,AUTOROUTE A1,48.9193,2.35757
201400047289,10,6,14,15,1,93,73,1,1,2,2,AUTOROUTE A104,0.0,0.0
201400047290,10,6,14,15,1,95,527,1,1,3,6,AUTOROUTE A3,0.0,0.0
201400047291,10,6,14,17,1,93,39,1,1,3,6,AUTOROUTE A86,48.9265,2.33658
201400047292,10,6,14,18,1,93,27,1,1,1,2,AUTOROUTE A1,48.9363,2.40606
201400047293,10,6,14,19,1,93,53,1,1,2,6,AUTOROUTE A3,48.8814,2.45383
201400047294,11,6,14,9,1,93,64,1,1,1,6,AUTOROUTE A86,48.8682,2.482
201400047295,11,6,14,14,1,95,306,1,1,1,2,AUTOROUTE A15,0.0,0.0
201400047296,11,6,14,18,1,93,5,1,1,1,3,AUTOROUTE A3,48.9459,2.47642
201400047297,12,6,14,8,1,95,582,1,1,1,3,BD INTERCOMMUNAL PARISIS,48.9641,2.2684
201400047298,12,6,14,9,1,95,277,1,1,1,7,AUTOROUTE A104,48.9729,2.4851
201400047299,12,6,14,8,1,93,48,1,1,1,2,AUTOROUTE A3,48.8731,2.43592
201400047300,12,6,14,20,1,95,256,1,1,1,6,ROUTE NATIONALE 184,0.0,0.0
201400047301,13,6,14,6,1,93,8,1,1,1,2,AUTOROUTE A86,48.9071,2.45593
201400047302,13,6,14,7,1,95,582,1,1,1,3,AUTOROUTE A15,0.0,0.0
201400047303,13,6,14,8,1,93,7,1,1,1,6,AUTOROUTE A1,48.9436,2.43541
201400047304,13,6,14,9,1,93,66,1,1,1,3,AUTOROUTE A1,48.9234,2.35708
201400047305,13,6,14,9,1,95,18,1,1,1,3,AUTOROUTE A15,0.0,0.0
201400047306,13,6,14,12,1,92,78,1,1,1,4,AUTOROUTE A86,0.0,0.0
201400047307,13,6,14,14,1,93,53,1,1,1,2,AUTOROUTE A3,48.8839,2.45954
201400047308,13,6,14,18,1,93,27,1,1,1,5,AUTOROUTE A86,48.9279,2.40993
201400047309,14,6,14,5,1,95,572,1,1,1,6,AUTOROUTE A15,0.0,0.0
201400047310,14,6,14,8,1,95,18,1,1,1,6,AUTOROUTE A15,0.0,0.0
201400047311,14,6,14,16,1,60,494,1,1,1,2,AUTOROUTE A1,0.0,0.0
201400047312,14,6,14,17,1,93,6,1,1,1,2,AUTOROUTE A3,48.8669,2.42545
201400047313,15,6,14,1,4,95,488,1,1,1,3,AUTOROUTE A15,0.0,0.0
201400047314,16,6,14,9,1,92,78,1,1,1,4,AUTOROUTE A86,0.0,0.0
201400047315,16,6,14,10,1,92,36,1,1,1,4,AUTOROUTE A86,0.0,0.0
201400047316,16,6,14,17,1,95,572,1,1,1,4,ROUTE NATIONALE 184,0.0,0.0
201400047317,16,6,14,18,1,93,64,1,1,1,3,AUTOROUTE A103,0.0,0.0
201400047318,17,6,14,13,1,93,66,1,1,1,4,AUTOROUTE A1,48.9097,2.35828
201400047319,17,6,14,18,1,93,27,1,1,1,5,AUTOROUTE A86,48.9286,2.41528
201400047320,17,6,14,18,1,95,241,1,1,1,4,RN 104,0.0,0.0
201400047321,18,6,14,22,4,95,18,1,1,1,6,AUTOROUTE A15,0.0,0.0
201400047322,19,6,14,9,1,93,10,1,1,1,3,AUTOROUTE A3,48.8895,2.47391
201400047323,19,6,14,13,1,93,5,1,1,1,7,AUTOROUTE A1,48.9577,2.46287
201400047324,19,6,14,14,1,95,582,1,1,1,2,AUTOROUTE A15,0.0,0.0
201400047325,19,6,14,14,1,93,53,1,1,1,6,AUTOROUTE A3,48.8835,2.45873
201400047326,19,6,14,16,1,93,13,1,1,1,2,AUTOROUTE A1,48.9388,2.41706
201400047327,19,6,14,17,1,93,7,1,1,1,4,AUTOROUTE A1,48.9515,2.451
201400047328,19,6,14,17,1,93,10,1,1,1,3,AUTOROUTE A3,48.8893,2.47381
201400047329,19,6,14,19,1,92,78,1,1,1,4,AUTOROUTE A86,0.0,0.0
201400047330,20,6,14,7,1,93,10,1,1,1,6,AUTOROUTE A3,48.8862,2.47306
201400047331,20,6,14,7,1,93,27,1,1,1,6,AUTOROUTE A86,48.9236,2.38346
201400047332,20,6,14,9,1,95,582,1,1,1,2,AUTOROUTE A15,0.0,0.0
201400047333,20,6,14,10,1,93,53,1,1,1,5,AUTOROUTE A3,48.8838,2.46682
201400047334,20,6,14,13,1,93,7,1,1,1,6,AUTOROUTE A3,48.9319,2.48086
201400047335,20,6,14,19,1,93,8,1,1,1,2,AUTOROUTE A86,48.9123,2.43767
201400047336,21,6,14,22,3,93,10,1,1,1,7,AUTOROUTE A3,48.8895,2.47391
201400047337,21,6,14,12,1,92,78,1,1,1,3,AUTOROUTE A86,0.0,0.0
201400047338,21,6,14,13,1,93,66,1,1,1,2,AUTOROUTE A1,48.9193,2.35757
201400047339,21,6,14,14,1,93,66,1,1,1,2,AUTOROUTE A1,48.9211,2.35742
201400047340,21,6,14,16,1,95,582,1,1,1,2,AUTOROUTE A15,0.0,0.0
201400047341,22,6,14,4,4,93,6,1,1,1,7,AUTOROUTE A3,48.8661,2.42272
201400047342,22,6,14,20,1,95,488,1,1,1,2,AUTOROUTE A15,0.0,0.0
201400047343,23,6,14,8,1,93,53,1,1,1,3,AUTOROUTE A3,48.8841,2.46089
201400047344,23,6,14,9,1,93,66,1,1,1,5,AUTOROUTE A86,48.9223,2.35605
201400047345,23,6,14,12,1,95,491,1,1,1,2,AUTOROUTE A115,0.0,0.0
201400047346,23,6,14,15,1,93,6,1,1,1,4,AUTOROUTE A3,48.8662,2.42256
201400047347,23,6,14,16,1,93,7,1,1,1,3,AUTOROUTE A3,48.9331,2.48087
201400047348,24,6,14,17,1,93,63,1,1,1,6,AUTOROUTE A3,48.8769,2.44323
201400047349,25,6,14,1,3,93,27,1,1,1,7,AUTOROUTE A1,48.9345,2.39758
201400047350,25,6,14,10,1,93,8,1,1,1,2,AUTOROUTE A86,48.9123,2.43767
201400047351,25,6,14,14,1,95,500,1,1,1,6,AUTOROUTE A15,0.0,0.0
201400047352,25,6,14,17,1,95,256,1,1,1,3,ROUTE NATIONALE 184,0.0,0.0
201400047353,25,6,14,18,1,93,27,1,1,1,3,AUTOROUTE A86,48.9252,2.39423
201400047354,25,6,14,18,1,95,394,1,1,1,7,ROUTE NATIONALE 184,0.0,0.0
201400047355,26,6,14,8,1,92,36,1,1,1,7,AUTOROUTE A15,0.0,0.0
201400047356,26,6,14,15,1,93,64,1,1,1,2,AUTOROUTE A86,48.8691,2.4824
201400047357,27,6,14,7,1,93,7,1,1,1,2,AUTOROUTE A1,48.9436,2.43541
201400047358,27,6,14,14,1,93,29,1,1,1,2,AUTOROUTE A86,48.9188,2.42869
201400047359,27,6,14,16,1,95,252,1,1,1,2,AUTOROUTE A15,0.0,0.0
201400047360,27,6,14,17,1,95,641,1,1,1,2,AUTOROUTE A1,0.0,0.0
201400047361,27,6,14,18,1,93,27,1,1,1,2,AUTOROUTE A86,48.9239,2.38627
201400047362,27,6,14,19,1,95,678,1,1,1,2,ROUTE NATIONALE 184,0.0,0.0
201400047363,27,6,14,20,1,93,73,1,1,1,7,AUTOROUTE A104,48.9692,2.56777
201400047364,28,6,14,10,1,93,66,1,1,1,2,AUTOROUTE A1,48.9103,2.35824
201400047365,28,6,14,12,1,93,66,1,1,1,6,AUTOROUTE A1,48.9217,2.35719
201400047366,28,6,14,16,1,93,29,1,1,2,4,AUTOROUTE A86,48.9259,2.42274
201400047367,28,6,14,18,1,93,5,1,1,2,6,AUTOROUTE A1,48.9618,2.46994
201400047368,28,6,14,20,3,93,8,1,1,2,2,AUTOROUTE A86,48.8986,2.46958
201400047369,29,6,14,8,1,95,306,1,1,2,2,AUTOROUTE A15,0.0,0.0
201400047370,29,6,14,10,1,93,53,1,1,2,6,AUTOROUTE A3,48.8835,2.45834
201400047371,29,6,14,13,1,95,582,1,1,2,6,BD INTERCOMMUNAL PARISIS,0.0,0.0
201400047372,29,6,14,13,1,92,78,1,1,2,6,AUTOROUTE A86,0.0,0.0
201400047373,29,6,14,17,1,95,18,1,1,2,6,AUTOROUTE A15,0.0,0.0
201400047374,2,10,14,9,1,95,582,1,1,1,2,AUTOROUTE A15,0.0,0.0
201400047375,2,10,14,16,1,95,582,1,1,1,4,AUTOROUTE A15,0.0,0.0
201400047376,6,10,14,11,1,93,27,1,1,1,7,AUTOROUTE A86,48.9273,2.41922
201400047377,6,10,14,17,1,93,6,1,1,3,5,AUTOROUTE A3,48.8669,2.42545
201400047378,7,10,14,13,1,92,36,1,1,1,7,AUTOROUTE A15,0.0,0.0
201400047379,12,10,14,16,1,93,27,1,1,2,6,AUTOROUTE A86,48.9278,2.41018
201400047380,12,10,14,17,1,93,13,1,1,2,5,AUTOROUTE A1,48.9387,2.41625
201400047381,14,10,14,17,1,95,500,1,1,1,2,AUTOROUTE A15,0.0,0.0
201400047382,18,10,14,15,1,95,394,1,1,1,6,AUTOROUTE A115,0.0,0.0
201400047383,1,7,14,21,1,93,1,1,1,1,7,AUTOROUTE A86,48.9219,2.37785
201400047384,2,7,14,11,1,95,572,1,1,1,3,AUTOROUTE A15,0.0,0.0
201400047385,2,7,14,13,1,93,53,1,1,1,3,AUTOROUTE A86,48.8892,2.47413
201400047386,2,7,14,19,1,93,66,1,1,1,3,AUTOROUTE A1,48.9274,2.35726
201400047387,2,7,14,19,1,92,36,1,1,1,4,AUTOROUTE A15,0.0,0.0
201400047388,3,7,14,10,1,93,53,1,1,1,4,AUTOROUTE A3,48.8839,2.45954
201400047389,3,7,14,11,1,93,27,1,1,1,7,AUTOROUTE A1,48.9345,2.39693
201400047390,3,7,14,17,1,95,394,1,1,1,4,ROUTE NATIONALE 184,0.0,0.0
201400047391,3,7,14,21,3,93,78,1,1,1,3,AUTOROUTE A104,48.9648,2.55435
201400047392,4,7,14,6,2,93,6,1,1,1,6,AUTOROUTE A3,48.8645,2.41293
201400047393,4,7,14,8,1,95,582,1,1,1,3,AUTOROUTE A15,0.0,0.0
201400047394,4,7,14,18,1,93,66,1,1,1,5,AUTOROUTE A1,48.931,2.36727
201400047395,4,7,14,18,1,95,488,1,1,1,3,AUTOROUTE A15,0.0,0.0
201400047396,5,7,14,10,1,93,78,1,1,1,7,AUTOROUTE A104,48.9664,2.51483
201400047397,5,7,14,13,1,95,572,1,1,1,3,ROUTE NATIONALE 184,0.0,0.0
201400047398,5,7,14,17,1,95,424,1,1,1,6,AUTOROUTE A15,0.0,0.0
201400047399,6,7,14,12,1,92,36,1,1,1,2,AUTOROUTE A15,0.0,0.0
201400047400,6,7,14,13,1,95,277,1,1,3,3,AUTOROUTE A104,48.9735,2.4859
201400047401,6,7,14,14,1,93,53,1,1,3,6,AUTOROUTE A103,48.9097,2.35828
201400047402,6,7,14,16,1,93,73,1,1,2,7,AUTOROUTE A104,48.9688,2.56661
201400047403,6,7,14,18,1,95,582,1,1,1,7,RD 170,48.9641,2.2684
201400047404,6,7,14,15,1,92,78,1,1,2,6,AUTOROUTE A86,0.0,0.0
201400047405,7,7,14,1,3,93,5,1,1,1,7,AUTOROUTE A3,48.9456,2.47655
201400047406,7,7,14,13,1,93,78,1,1,1,6,AUTOROUTE A104,48.967,2.51215
201400047407,7,7,14,13,1,95,351,1,1,1,4,RN 104,0.0,0.0
201400047408,7,7,14,14,1,93,5,1,1,1,4,AUTOROUTE A3,48.9459,2.4766
201400047409,7,7,14,18,1,93,66,1,1,1,3,AUTOROUTE A86,48.923,2.34515