Num_Acc,jour,mois,an,hr,condition_eclairage,departement,commune,condition_agglomeration,intersection,condition_atmosphere,type_collision,adresse,lattitude,longitude
201400047410,8,7,14,1,3,95,582,1,1,2,6,AUTOROUTE A15,0.0,0.0
201400047411,8,7,14,5,4,95,580,1,1,2,5,AUTOROUTE A1,0.0,0.0
201400047412,8,7,14,8,1,93,5,1,1,2,6,AUTOROUTE A104,48.973,2.48758
201400047413,8,7,14,14,1,95,488,1,1,1,3,AUTOROUTE A15,0.0,0.0
201400047414,8,7,14,21,1,93,78,1,1,2,2,AUTOROUTE A104,48.9642,2.55299
201400047415,8,7,14,16,1,95,151,1,1,2,7,RN 104,0.0,0.0
201400047416,9,7,14,8,1,93,66,1,1,1,2,AUTOROUTE A1,48.9313,2.36853
201400047417,9,7,14,11,1,95,252,1,1,1,6,AUTOROUTE A15,0.0,0.0
201400047418,9,7,14,12,1,95,18,1,1,1,3,AUTOROUTE A15,0.0,0.0
201400047419,9,7,14,20,1,95,500,1,1,2,2,AUTOROUTE A15,0.0,0.0
201400047420,8,7,14,20,3,93,27,1,1,3,7,AUTOROUTE A86,48.9278,2.41018
201400047421,10,7,14,1,4,95,394,1,1,3,6,AUTOROUTE A115,0.0,0.0
201400047422,10,7,14,9,1,93,78,1,1,2,4,AUTOROUTE A104,48.9587,2.53397
201400047423,11,7,14,8,1,95,394,1,1,2,6,AUTOROUTE A115,0.0,0.0
201400047424,11,7,14,12,1,92,36,1,1,1,4,AUTOROUTE A15,0.0,0.0
201400047425,11,7,14,14,1,93,66,1,1,2,2,AUTOROUTE A86,48.9226,2.34923
201400047426,11,7,14,14,1,93,27,1,1,2,6,AUTOROUTE A86,48.9279,2.40993
201400047427,11,7,14,23,3,93,78,1,1,1,7,AUTOROUTE A104,48.9655,2.51698
201400047428,12,7,14,15,1,93,48,1,1,1,6,AUTOROUTE A3,48.8718,2.43325
201400047429,13,7,14,10,1,92,36,1,1,3,2,AUTOROUTE A15,0.0,0.0
201400047430,13,7,14,12,1,95,572,1,1,2,6,AUTOROUTE A15,0.0,0.0
201400047431,13,7,14,12,1,95,394,1,1,3,6,AUTOROUTE A115,0.0,0.0
201400047432,13,7,14,17,1,95,572,1,1,1,6,AUTOROUTE A15,0.0,0.0
201400047433,14,7,14,7,1,92,36,1,1,1,6,AUTOROUTE A15,0.0,0.0
201400047434,14,7,14,14,1,93,63,1,1,1,7,AUTOROUTE A3,48.8769,2.44366
201400047435,15,7,14,7,1,93,13,1,1,1,1,AUTOROUTE A1,48.9386,2.4164
201400047436,15,7,14,9,1,93,39,1,1,1,7,AUTOROUTE A86,48.9267,2.33596
201400047437,15,7,14,10,1,95,527,1,1,1,4,AUTOROUTE A1,0.0,0.0
201400047438,15,7,14,23,3,93,64,1,1,1,3,AUTOROUTE A86,48.8853,2.47174
201400047439,16,7,14,16,1,92,78,1,1,1,3,AUTOROUTE A86,0.0,0.0
201400047440,17,7,14,9,1,95,18,1,1,1,3,AUTOROUTE A15,0.0,0.0
201400047441,17,7,14,19,1,95,500,1,1,1,3,AUTOROUTE A15,0.0,0.0
201400047442,17,7,14,19,1,93,10,1,1,1,3,AUTOROUTE A3,48.8895,2.47391
201400047443,17,7,14,9,1,93,29,1,1,1,6,AUTOROUTE A86,48.9261,2.4224
201400047444,18,7,14,15,1,92,36,1,1,1,4,AUTOROUTE A86,0.0,0.0
201400047445,20,7,14,3,4,92,36,1,1,1,7,AUTOROUTE A15,0.0,0.0
201400047446,20,7,14,13,1,60,612,1,1,1,7,AUTOROUTE A1,0.0,0.0
201400047447,20,7,14,22,3,95,527,1,1,8,3,RN 104,0.0,0.0
201400047448,22,7,14,20,1,93,64,1,1,1,2,AUTOROUTE A86,48.8707,2.48247
201400047449,21,7,14,10,1,93,66,1,1,1,2,AUTOROUTE A1,48.9166,2.35776
201400047450,21,7,14,20,1,93,78,1,1,1,6,AUTOROUTE A104,0.0,0.0
201400047451,22,7,14,13,1,95,582,1,1,1,6,AUTOROUTE A115,0.0,0.0
201400047452,22,7,14,17,1,93,13,1,1,1,7,AUTOROUTE A1,48.9387,2.41625
201400047453,23,7,14,17,1,93,10,1,1,1,2,AUTOROUTE A3,48.8893,2.47381
201400047454,23,7,14,19,1,93,66,1,1,1,5,AUTOROUTE A86,48.9223,2.35873
201400047455,24,7,14,0,4,95,60,1,1,1,6,AUTOROUTE A115,0.0,0.0
201400047456,24,7,14,8,1,95,582,1,1,1,3,AUTOROUTE A15,0.0,0.0
201400047457,24,7,14,8,1,95,582,1,1,1,2,AUTOROUTE A15,0.0,0.0
201400047458,24,7,14,15,1,93,53,1,1,1,3,AUTOROUTE A3,48.8835,2.45834
201400047459,24,7,14,19,1,93,78,1,1,1,4,AUTOROUTE A104,48.9694,2.50424
201400047460,25,7,14,8,1,93,6,1,1,1,4,AUTOROUTE A3,48.8664,2.424
201400047461,25,7,14,8,1,95,580,1,1,1,2,AUTOROUTE A1,0.0,0.0
201400047462,25,7,14,13,1,93,63,1,1,1,3,AUTOROUTE A3,48.881,2.45292
201400047463,25,7,14,18,1,92,36,1,1,1,3,AUTOROUTE A15,0.0,0.0
201400047464,28,7,14,9,1,93,5,1,1,1,2,AUTOROUTE A1,48.9606,2.46797
201400047465,28,7,14,12,1,95,154,1,1,1,2,AUTOROUTE A1,0.0,0.0
201400047466,28,7,14,13,1,93,53,1,1,1,5,AUTOROUTE A3,48.8839,2.4664
201400047467,28,7,14,18,1,95,394,1,1,1,6,ROUTE NATIONALE 184,0.0,0.0
201400047468,28,7,14,22,2,95,572,1,1,1,6,AUTOROUTE A15,0.0,0.0
201400047469,30,7,14,14,1,93,5,1,1,1,2,AUTOROUTE A3,48.9516,2.47401
201400047470,31,7,14,11,1,95,500,1,1,1,2,AUTOROUTE A15,0.0,0.0
201400047471,30,7,14,5,3,93,5,1,1,1,6,AUTOROUTE A3,48.9501,2.4747
201400047472,31,7,14,8,1,95,212,1,1,1,2,RN 104,0.0,0.0
201400047473,31,7,14,14,1,92,36,1,1,1,5,AUTOROUTE A15,0.0,0.0
201400047474,21,11,14,21,4,93,10,1,1,1,2,AUTOROUTE A3,48.8895,2.47391
201400047475,26,11,14,16,1,95,678,1,1,1,2,ROUTE NATIONALE 184,0.0,0.0
201400047476,29,11,14,6,5,93,1,1,1,1,3,AUTOROUTE A86,48.921,2.37188
201400047477,1,8,14,4,3,95,394,1,1,1,4,AUTOROUTE A115,0.0,0.0
201400047478,1,8,14,5,2,93,48,1,1,1,3,AUTOROUTE A3,48.8707,2.43122
201400047479,1,8,14,16,1,93,48,1,1,1,4,AUTOROUTE A3,48.8737,2.43705
201400047480,2,8,14,11,1,93,66,1,1,1,2,AUTOROUTE A1,48.9332,2.37699
201400047481,4,8,14,18,1,92,78,1,1,1,2,AUTOROUTE A86,0.0,0.0
201400047482,6,8,14,10,1,95,394,1,1,3,6,AUTOROUTE A115,0.0,0.0
201400047483,6,8,14,14,1,95,277,1,1,2,2,AUTOROUTE A3,0.0,0.0
201400047484,6,8,14,15,1,93,5,1,1,2,6,AUTOROUTE A3,48.9463,2.47621
201400047485,6,8,14,16,1,95,252,1,1,2,3,AUTOROUTE A15,0.0,0.0
201400047486,6,8,14,16,1,93,27,1,1,1,6,AUTOROUTE A86,48.9222,2.37834
201400047487,6,8,14,18,1,92,36,1,1,2,7,AUTOROUTE A15,0.0,0.0
201400047488,7,8,14,8,1,95,18,1,1,2,3,AUTOROUTE A15,0.0,0.0
201400047489,7,8,14,9,1,95,365,1,1,2,6,RN 104,0.0,0.0
201400047490,7,8,14,9,1,92,36,1,1,2,2,AUTOROUTE A15,0.0,0.0
201400047491,10,8,14,11,1,95,678,1,1,2,2,ROUTE NATIONALE 184,0.0,0.0
201400047492,8,8,14,12,1,95,252,1,1,2,3,AUTOROUTE A15,0.0,0.0
201400047493,8,8,14,19,1,95,277,1,1,2,6,AUTOROUTE A3,0.0,0.0
201400047494,8,8,14,22,3,95,582,1,1,1,3,AUTOROUTE A15,0.0,0.0
201400047495,10,8,14,5,4,93,64,1,1,1,6,AUTOROUTE A86,48.8707,2.48247
201400047496,10,8,14,13,1,95,218,1,1,8,6,AUTOROUTE A15,0.0,0.0
201400047497,10,8,14,16,1,95,256,1,1,2,6,ROUTE NATIONALE 184,0.0,0.0
201400047498,10,8,14,17,1,93,1,1,1,2,6,AUTOROUTE A86,48.9208,2.37196
201400047499,11,8,14,8,1,95,252,1,1,1,3,AUTOROUTE A15,0.0,0.0
201400047500,11,8,14,9,1,95,572,1,1,1,6,ROUTE NATIONALE 184,0.0,0.0
201400047501,11,8,14,9,1,95,18,1,1,1,3,AUTOROUTE A15,0.0,0.0
201400047502,7,12,14,21,3,95,394,1,1,2,6,AUTOROUTE A115,0.0,0.0
201400047503,12,8,14,18,1,93,66,1,1,1,1,AUTOROUTE A86,48.9223,2.35873
201400047504,13,8,14,0,4,95,582,1,1,3,6,AUTOROUTE A115,0.0,0.0
201400047505,13,8,14,10,1,92,78,1,1,1,7,AUTOROUTE A86,0.0,0.0
201400047506,13,8,14,15,1,93,1,1,1,1,7,AUTOROUTE A86,48.9213,2.36824
201400047507,13,8,14,19,1,95,582,1,1,1,6,AUTOROUTE A15,0.0,0.0
201400047508,14,8,14,15,1,92,36,1,1,1,3,AUTOROUTE A15,0.0,0.0
201400047509,14,8,14,19,1,95,277,1,1,1,6,AUTOROUTE A104,48.9735,2.4859
201400047510,14,8,14,20,1,95,277,1,1,3,5,AUTOROUTE A104,48.9735,2.4859
201400047511,16,8,14,0,4,95,394,1,1,1,6,AUTOROUTE A115,0.0,0.0
201400047512,17,8,14,23,3,93,6,1,1,1,2,AUTOROUTE A3,48.868,2.42761
201400047513,19,8,14,8,1,95,424,1,1,1,4,AUTOROUTE A15,0.0,0.0
201400047514,19,8,14,11,1,92,36,1,1,1,2,AUTOROUTE A15,0.0,0.0
201400047515,21,8,14,9,1,93,5,1,1,1,2,AUTOROUTE A3,48.9579,2.47299
201400047516,22,8,14,2,3,95,277,1,1,1,6,AUTOROUTE A104,0.0,0.0
201400047517,22,8,14,13,1,93,73,1,1,1,5,AUTOROUTE A104,48.9681,2.56428
201400047518,22,8,14,15,1,95,212,1,1,1,6,AUTOROUTE A1,0.0,0.0
201400047519,22,8,14,19,1,95,277,1,1,3,6,AUTOROUTE A104,0.0,0.0
201400047520,23,8,14,5,3,92,36,1,1,1,7,AUTOROUTE A15,0.0,0.0
201400047521,23,8,14,7,1,93,66,1,1,1,6,AUTOROUTE A1,48.9317,2.37055
201400047522,24,8,14,9,1,93,78,1,1,1,7,AUTOROUTE A104,48.9648,2.55435
201400047523,24,8,14,14,1,93,5,1,1,1,3,AUTOROUTE A3,48.9528,2.47384
201400047524,24,8,14,16,1,95,60,1,1,1,2,AUTOROUTE A115,0.0,0.0
201400047525,25,8,14,9,1,95,277,1,1,2,6,AUTOROUTE A104,0.0,0.0
201400047526,25,8,14,12,1,95,582,1,1,3,6,AUTOROUTE A15,0.0,0.0
201400047527,25,8,14,16,1,92,78,1,1,2,6,AUTOROUTE A86,0.0,0.0
201400047528,25,8,14,20,1,95,582,1,1,2,4,AUTOROUTE A15,0.0,0.0
201400047529,25,8,14,23,3,93,27,1,1,2,7,AUTOROUTE A86,48.9278,2.41018
201400047530,26,8,14,7,1,93,27,1,1,2,6,AUTOROUTE A86,48.9257,2.39669
201400047531,26,8,14,9,1,93,66,1,1,1,4,AUTOROUTE A1,48.9157,2.35783
201400047532,26,8,14,12,1,95,424,1,1,3,4,AUTOROUTE A15,0.0,0.0
201400047533,26,8,14,18,1,93,63,1,1,1,2,AUTOROUTE A3,48.8785,2.44717
201400047534,26,8,14,20,3,93,27,1,1,2,6,AUTOROUTE A86,48.926,2.39883
201400047535,26,8,14,20,3,93,27,1,1,9,6,AUTOROUTE A86,48.9221,2.37848
201400047536,27,8,14,5,3,95,277,1,1,1,4,AUTOROUTE A1,0.0,0.0
201400047537,27,8,14,5,1,95,678,1,1,1,6,ROUTE NATIONALE 184,0.0,0.0
201400047538,27,8,14,8,1,95,582,1,1,2,7,BD INTERCOMMUNAL PARISIS,48.9691,2.2748
201400047539,27,8,14,9,1,92,78,1,1,1,6,AUTOROUTE A86,0.0,0.0
201400047540,27,8,14,9,1,93,66,1,1,1,3,AUTOROUTE A1,48.919,2.35742
201400047541,27,8,14,10,1,93,27,1,1,1,5,AUTOROUTE A86,48.9279,2.40993
201400047542,27,8,14,16,1,93,53,1,1,1,5,AUTOROUTE A3,48.8835,2.45834
201400047543,27,8,14,19,1,93,5,1,1,1,2,AUTOROUTE A1,48.9577,2.46287
201400047544,28,8,14,11,1,93,8,1,1,1,3,AUTOROUTE A86,48.8947,2.47114
201400047545,28,8,14,15,1,93,66,1,1,1,6,AUTOROUTE A1,48.9193,2.35757
201400047546,30,8,14,7,1,95,604,1,1,1,3,AUTOROUTE A1,0.0,0.0
201400047547,31,8,14,10,1,95,641,1,1,1,3,AUTOROUTE A1,0.0,0.0
201400047548,31,8,14,14,1,93,27,1,1,1,6,AUTOROUTE A86,48.9221,2.37848
201400047549,31,8,14,19,1,60,494,1,1,1,7,AUTOROUTE A1,0.0,0.0
201400047550,31,8,14,19,1,60,631,1,1,1,6,AUTOROUTE A1,0.0,0.0
201400047551,18,12,14,16,1,95,306,1,1,1,6,AUTOROUTE A15,0.0,0.0
201400047552,1,9,14,7,1,92,36,1,1,1,1,AUTOROUTE A15,0.0,0.0
201400047553,1,9,14,9,1,95,582,1,1,1,2,AUTOROUTE A15,0.0,0.0
201400047554,1,9,14,12,1,93,10,1,1,1,6,AUTOROUTE A3,48.8893,2.47381
201400047555,1,9,14,17,1,93,78,1,1,1,5,AUTOROUTE A104,48.96,2.53974
201400047556,1,9,14,18,1,93,5,1,1,1,3,AUTOROUTE A3,48.9492,2.47504
201400047557,2,9,14,6,2,93,64,1,1,1,2,AUTOROUTE A86,48.8681,2.48216
201400047558,2,9,14,14,1,95,154,1,1,1,5,AUTOROUTE A1,0.0,0.0
201400047559,3,9,14,9,1,95,582,1,1,1,2,BD INTERCOMMUNAL PARISIS,48.9626,2.2633
201400047560,3,9,14,15,1,93,10,1,1,1,4,AUTOROUTE A3,48.8895,2.47391
201400047561,5,8,14,20,1,92,78,1,1,1,2,AUTOROUTE A86,0.0,0.0
201400047562,3,9,14,18,1,93,63,1,1,1,5,AUTOROUTE A3,48.8805,2.45176
201400047563,5,9,14,7,1,95,572,1,1,1,6,AUTOROUTE A15,0.0,0.0
201400047564,5,9,14,8,1,93,10,1,1,1,4,AUTOROUTE A3,48.8897,2.47384
201400047565,5,9,14,16,1,92,36,1,1,1,2,AUTOROUTE A15,0.0,0.0
201400047566,5,9,14,23,3,95,18,1,1,1,6,AUTOROUTE A15,0.0,0.0
201400047567,6,9,14,18,1,95,500,1,1,1,6,AUTOROUTE A15,0.0,0.0
201400047568,8,9,14,5,3,93,53,1,1,1,2,AUTOROUTE A3,48.883,2.45754
201400047569,8,9,14,5,3,93,53,1,1,1,7,AUTOROUTE A3,48.8825,2.45638
201400047570,9,9,14,8,1,95,306,1,1,1,7,AUTOROUTE A15,0.0,0.0
201400047571,9,9,14,9,1,93,6,1,1,1,4,AUTOROUTE A3,48.8663,2.41456
201400047572,10,9,14,8,1,93,63,1,1,1,7,AUTOROUTE A3,48.879,2.44832
201400047573,10,9,14,17,1,93,5,1,1,1,6,AUTOROUTE A3,48.9462,2.47649
201400047574,10,9,14,17,1,93,63,1,1,1,2,AUTOROUTE A3,48.8809,2.45252
201400047575,10,9,14,20,1,93,1,1,1,1,6,AUTOROUTE A86,48.9219,2.37785
201400047576,11,9,14,8,1,93,29,1,1,1,6,AUTOROUTE A86,48.9263,2.4215
201400047577,11,9,14,8,2,95,151,1,1,1,6,RN 104,0.0,0.0
201400047578,12,9,14,9,1,95,582,1,1,1,6,AUTOROUTE A15,0.0,0.0
201400047579,11,9,14,9,1,93,27,1,1,1,3,AUTOROUTE A86,48.9257,2.39669
201400047580,11,9,14,19,1,93,66,1,1,1,3,AUTOROUTE A86,48.9217,2.36558
201400047581,12,9,14,17,1,93,66,1,1,1,4,AUTOROUTE A1,48.9211,2.35742
201400047582,12,9,14,22,3,95,580,1,1,1,2,AUTOROUTE A1,0.0,0.0
201400047583,14,9,14,23,3,95,306,1,1,1,7,AUTOROUTE A15,0.0,0.0
201400047584,15,9,14,10,1,93,6,1,1,1,7,AUTOROUTE A3,48.8643,2.41359
201400047585,15,9,14,17,1,92,36,1,1,1,7,AUTOROUTE A15,0.0,0.0
201400047586,16,9,14,7,1,95,252,1,1,1,2,AUTOROUTE A15,0.0,0.0
201400047587,16,9,14,8,1,92,36,1,1,1,3,AUTOROUTE A15,0.0,0.0
201400047588,16,9,14,12,1,93,53,1,1,1,7,AUTOROUTE A103,48.9025,2.35886
201400047589,16,9,14,21,4,93,27,1,1,1,7,AUTOROUTE A86,48.9284,2.41419
201400047590,16,9,14,22,3,95,18,1,1,1,6,AUTOROUTE A15,0.0,0.0
201400047591,16,9,14,23,5,93,8,1,1,1,6,AUTOROUTE A86,48.9142,2.43237
201400047592,18,9,14,6,2,95,18,1,1,1,2,AUTOROUTE A15,0.0,0.0
201400047593,18,9,14,22,3,93,7,1,1,1,2,AUTOROUTE A3,48.9293,2.48138
201400047594,19,9,14,8,1,92,36,1,1,1,2,AUTOROUTE A86,0.0,0.0
201400047595,20,9,14,16,1,95,277,1,1,2,4,AUTOROUTE A3,0.0,0.0
201400047596,20,9,14,21,3,93,10,1,1,1,2,AUTOROUTE A3,48.8893,2.47381
201400047597,21,9,14,18,1,95,488,1,1,1,2,AUTOROUTE A15,0.0,0.0
201400047598,22,9,14,18,1,95,572,1,1,1,2,AUTOROUTE A15,0.0,0.0
201400047599,23,9,14,6,2,95,582,1,1,1,2,AUTOROUTE A15,0.0,0.0
201400047600,23,9,14,8,1,92,78,1,1,1,6,AUTOROUTE A86,0.0,0.0
201400047601,23,9,14,9,1,93,66,1,1,1,2,AUTOROUTE A1,48.928,2.35755
201400047602,24,9,14,20,3,95,277,1,1,2,6,AUTOROUTE A104,0.0,0.0
201400047603,24,9,14,21,3,95,394,1,1,1,6,AUTOROUTE A115,0.0,0.0
201400047604,24,9,14,21,3,92,36,1,1,1,7,AUTOROUTE A86,0.0,0.0
201400047605,25,9,14,9,1,93,64,1,1,1,3,AUTOROUTE A86,48.8867,2.47349
201400047606,25,9,14,15,1,95,572,1,1,1,6,AUTOROUTE A15,0.0,0.0
201400047607,26,9,14,19,1,95,641,1,1,1,6,AUTOROUTE A1,0.0,0.0
201400047608,27,9,14,10,1,93,5,1,1,1,4,AUTOROUTE A3,48.9519,2.47409
201400047609,28,9,14,18,1,95,424,1,1,1,2,AUTOROUTE A15,0.0,0.0
201400047610,29,9,14,11,1,95,394,1,1,2,6,AUTOROUTE A115,0.0,0.0
201400047611,29,9,14,12,1,95,252,1,1,1,6,AUTOROUTE A15,0.0,0.0
201400047612,30,9,14,6,3,92,36,1,1,2,2,AUTOROUTE A15,0.0,0.0
201400047613,30,9,14,7,1,92,36,1,1,1,6,AUTOROUTE A15,0.0,0.0
201400047614,30,9,14,8,1,95,582,1,1,1,2,AUTOROUTE A15,0.0,0.0
201400047615,30,9,14,17,1,92,78,1,1,1,2,AUTOROUTE A86,0.0,0.0
201400047616,30,10,14,9,1,95,18,1,1,1,3,AUTOROUTE A15,0.0,0.0
201400047617,1,10,14,8,2,93,48,1,1,1,3,AUTOROUTE A3,48.8731,2.43544
201400047618,1,10,14,9,1,95,18,1,1,1,5,AUTOROUTE A15,0.0,0.0
201400047619,1,10,14,15,1,92,78,1,1,1,3,AUTOROUTE A86,0.0,0.0
201400047620,1,10,14,18,1,93,10,1,1,1,4,AUTOROUTE A3,48.8893,2.47381
201400047621,2,10,14,14,5,93,66,1,1,1,6,AUTOROUTE A1,48.9088,2.35818
201400047622,2,10,14,14,5,93,66,1,1,1,6,AUTOROUTE A1,48.907,2.35849
201400047623,2,10,14,16,1,93,10,1,1,1,7,AUTOROUTE A3,48.8895,2.47391
201400047624,3,10,14,7,1,93,48,1,1,1,3,AUTOROUTE A3,48.8725,2.4343
201400047625,3,10,14,18,1,93,13,1,1,1,5,AUTOROUTE A1,48.9388,2.41706
201400047626,3,10,14,21,3,93,53,1,1,1,2,AUTOROUTE A86,48.8885,2.47388
201400047627,4,10,14,17,1,95,488,1,1,1,2,AUTOROUTE A15,0.0,0.0
201400047628,4,10,14,23,3,92,36,1,1,1,7,AUTOROUTE A86,0.0,0.0
201400047629,5,10,14,5,3,93,27,1,1,9,7,AUTOROUTE A86,48.9257,2.39669
201400047630,8,10,14,19,3,93,66,1,1,3,6,AUTOROUTE A1,0.0,0.0
201400047631,6,10,14,18,1,95,18,1,1,2,6,AUTOROUTE A15,0.0,0.0
201400047632,6,10,14,19,3,95,582,1,1,2,6,AUTOROUTE A15,0.0,0.0
201400047633,6,10,14,20,3,92,78,1,1,2,2,AUTOROUTE A86,0.0,0.0
201400047634,6,10,14,21,3,93,27,1,1,2,2,AUTOROUTE A86,48.9286,2.41528
201400047635,8,10,14,10,1,95,18,1,1,3,5,AUTOROUTE A15,0.0,0.0
201400047636,7,10,14,10,1,95,582,1,1,2,2,AUTOROUTE A15,0.0,0.0
201400047637,7,10,14,10,1,93,53,1,1,1,6,AUTOROUTE A103,48.9043,2.3587
201400047638,7,10,14,11,1,95,394,1,1,2,6,ROUTE NATIONALE 184,0.0,0.0
201400047639,8,10,14,7,1,93,48,1,1,3,2,AUTOROUTE A3,48.8705,2.43128
201400047640,7,10,14,14,1,93,66,1,1,1,3,AUTOROUTE A1,48.919,2.35742
201400047641,7,10,14,19,2,93,6,1,1,1,6,AUTOROUTE A3,48.8684,2.42864
201400047642,8,10,14,9,1,95,582,1,1,3,4,AUTOROUTE A15,0.0,0.0
201400047643,8,10,14,10,1,95,572,1,1,2,4,AUTOROUTE A15,0.0,0.0
201400047644,8,10,14,21,3,95,582,1,1,3,2,AUTOROUTE A15,0.0,0.0
201400047645,8,10,14,11,1,95,394,1,1,2,6,AUTOROUTE A115,0.0,0.0
201400047646,8,10,14,12,1,95,394,1,1,2,6,AUTOROUTE A115,0.0,0.0
201400047647,8,10,14,19,4,93,10,1,1,3,5,AUTOROUTE A3,48.8895,2.47391
201400047648,8,10,14,22,4,93,66,1,1,2,6,AUTOROUTE A1,48.9238,2.35723
201400047649,9,10,14,0,4,93,10,1,1,2,3,AUTOROUTE A3,48.8893,2.47381
201400047650,9,10,14,6,2,93,7,1,1,1,4,AUTOROUTE A3,48.9293,2.48138
201400047651,9,10,14,10,1,93,5,1,1,1,3,AUTOROUTE A3,48.9675,2.47881
201400047652,9,10,14,19,2,95,500,1,1,1,5,AUTOROUTE A15,0.0,0.0
201400047653,10,10,14,15,1,60,631,1,1,1,6,AUTOROUTE A1,0.0,0.0
201400047654,13,10,14,13,1,93,5,1,1,1,6,AUTOROUTE A104,48.9731,2.48519
201400047655,11,10,14,11,1,92,36,1,1,1,7,AUTOROUTE A15,0.0,0.0
201400047656,11,10,14,11,1,93,64,1,1,2,3,AUTOROUTE A103,48.8868,2.47723
201400047657,12,10,14,7,3,92,36,1,1,1,6,AUTOROUTE A86,0.0,0.0
201400047658,12,10,14,13,1,93,10,1,1,1,7,AUTOROUTE A86,48.8911,2.47348
201400047659,15,10,14,18,1,95,277,1,1,1,6,A104,48.9735,2.4859
201400047660,12,10,14,18,3,95,572,1,1,2,7,AUTOROUTE A15,0.0,0.0
201400047661,12,10,14,18,2,95,277,1,1,2,4,AUTOROUTE A3,0.0,0.0
201400047662,12,10,14,19,3,95,277,1,1,2,7,AUTOROUTE A3,0.0,0.0
201400047663,12,10,14,20,3,95,252,1,1,2,4,AUTOROUTE A15,0.0,0.0
201400047664,12,10,14,21,5,95,18,1,1,2,6,AUTOROUTE A15,0.0,0.0
201400047665,13,10,14,9,1,93,7,1,1,1,2,AUTOROUTE A3,48.9322,2.48099
201400047666,13,10,14,16,1,93,66,1,1,1,2,AUTOROUTE A1,48.9193,2.35757
201400047667,13,10,14,17,1,95,491,1,1,1,7,AUTOROUTE A115,0.0,0.0
201400047668,13,10,14,18,1,93,29,1,1,1,2,AUTOROUTE A86,48.9188,2.42869
201400047669,14,10,14,9,1,95,18,1,1,1,4,AUTOROUTE A15,0.0,0.0
201400047670,15,10,14,6,3,93,7,1,1,1,2,AUTOROUTE A1,48.944,2.43659
201400047671,15,10,14,8,1,95,252,1,1,1,2,AUTOROUTE A15,0.0,0.0
201400047672,15,10,14,11,1,93,6,1,1,1,7,AUTOROUTE A3,48.8645,2.41293
201400047673,15,10,14,15,1,95,582,1,1,2,6,BD INTERCOMMUNAL PARISIS,48.9625,2.2633
201400047674,16,10,14,6,3,93,64,1,1,1,3,AUTOROUTE A86,48.8681,2.48216
201400047675,16,10,14,9,1,93,5,1,1,1,6,AUTOROUTE A3,48.9459,2.4766
201400047676,16,10,14,11,1,95,394,1,1,1,6,AUTOROUTE A115,0.0,0.0
201400047677,17,10,14,17,1,93,27,1,1,1,3,AUTOROUTE A86,48.9208,2.37196
201400047678,17,10,14,21,4,93,53,1,1,1,4,AUTOROUTE A3,48.8835,2.45873
201400047679,17,10,14,5,3,92,36,1,1,1,6,AUTOROUTE A86,0.0,0.0
201400047680,17,10,14,7,2,93,53,1,1,1,6,AUTOROUTE A103,48.9043,2.3587
201400047681,18,10,14,15,1,95,394,1,1,1,7,AUTOROUTE A115,0.0,0.0
201400047682,18,10,14,21,3,93,5,1,1,1,1,AUTOROUTE A3,48.9467,2.47628
201400047683,18,10,14,19,4,92,36,1,1,1,4,AUTOROUTE A15,0.0,0.0
201400047684,18,10,14,21,3,93,5,1,1,1,6,AUTOROUTE A3,48.9467,2.47628
201400047685,19,10,14,15,1,95,60,1,1,1,6,AUTOROUTE A115,0.0,0.0
201400047686,19,10,14,20,3,93,13,1,1,1,3,AUTOROUTE A1,48.9387,2.41625
201400047687,20,10,14,10,1,93,29,1,1,1,4,AUTOROUTE A86,48.9261,2.4224
201400047688,20,10,14,11,1,95,351,1,1,1,6,RN 104,0.0,0.0
201400047689,21,10,14,20,5,93,8,1,1,1,3,AUTOROUTE A86,48.8947,2.47114
201400047690,21,10,14,22,4,93,5,1,1,1,6,AUTOROUTE A3,48.946,2.4766
201400047691,22,10,14,10,1,92,36,1,1,1,4,AUTOROUTE A86,0.0,0.0
201400047692,22,10,14,11,1,95,500,1,1,1,4,AUTOROUTE A15,0.0,0.0
201400047693,22,10,14,12,1,95,678,1,1,1,6,RN 104,0.0,0.0
201400047694,23,10,14,17,1,93,8,1,1,1,4,AUTOROUTE A86,48.9086,2.45013
201400047695,23,10,14,14,1,93,30,1,1,1,4,AUTOROUTE A1,48.9396,2.4201
201400047696,23,10,14,14,1,93,10,1,1,1,3,AUTOROUTE A3,48.8895,2.47375
201400047697,23,10,14,15,1,93,64,1,1,1,4,AUTOROUTE A86,48.8811,2.47457
201400047698,26,10,14,6,3,95,678,1,1,1,6,ROUTE NATIONALE 184,0.0,0.0
201400047699,26,10,14,7,1,93,8,1,1,1,3,AUTOROUTE A86,48.8989,2.46927
201400047700,26,10,14,23,3,95,18,1,1,1,6,AUTOROUTE A15,0.0,0.0
201400047701,28,10,14,9,1,93,6,1,1,1,3,AUTOROUTE A3,48.8657,2.41854
201400047702,28,10,14,18,3,92,36,1,1,1,4,AUTOROUTE A86,0.0,0.0
201400047703,28,10,14,18,3,60,612,1,1,1,4,AUTOROUTE A1,0.0,0.0
201400047704,29,10,14,9,1,60,612,1,1,1,2,AUTOROUTE A1,0.0,0.0
201400047705,29,10,14,7,1,93,5,1,1,1,3,"0, AUTOROUTE A3",0.0,0.0
201400047706,29,10,14,9,1,93,66,1,1,1,6,AUTOROUTE A1,48.9299,2.3635
201400047707,29,10,14,21,4,93,64,1,1,1,7,AUTOROUTE A86,48.8781,2.47678
201400047708,30,10,14,6,3,93,53,1,1,1,6,AUTOROUTE A3,48.884,2.46365
201400047709,30,10,14,9,1,95,18,1,1,1,6,AUTOROUTE A15,0.0,0.0
201400047710,30,10,14,19,3,93,48,1,1,1,5,AUTOROUTE A3,48.8731,2.43544
201400047711,31,10,14,15,1,93,13,1,1,1,6,AUTOROUTE A1,48.9387,2.41625
201400047712,31,10,14,18,3,93,64,1,1,1,4,AUTOROUTE A3,48.8838,2.46701