Num_Acc,jour,mois,an,hr,condition_eclairage,departement,commune,condition_agglomeration,intersection,condition_atmosphere,type_collision,adresse,lattitude,longitude
201400047713,31,10,14,18,3,95,154,1,1,1,4,AUTOROUTE A1,0.0,0.0
201400047714,31,10,14,19,3,92,36,1,1,1,4,AUTOROUTE A15,0.0,0.0
201400047715,31,10,14,21,3,93,10,1,1,1,1,AUTOROUTE A3,48.8895,2.47391
201400047716,1,11,14,19,3,95,582,1,1,1,5,AUTOROUTE A15,0.0,0.0
201400047717,1,11,14,21,3,95,500,1,1,1,5,AUTOROUTE A15,0.0,0.0
201400047718,2,11,14,2,3,95,28,1,1,1,7,RN 104,0.0,0.0
201400047719,2,11,14,15,1,95,277,1,1,1,6,AUTOROUTE A3,0.0,0.0
201400047720,2,11,14,18,2,95,18,1,1,1,6,AUTOROUTE A15,0.0,0.0
201400047721,2,11,14,20,3,92,36,1,1,1,3,AUTOROUTE A15,0.0,0.0
201400047722,2,11,14,20,4,95,365,1,1,2,2,RN 104,0.0,0.0
201400047723,3,11,14,2,3,93,53,1,1,2,6,AUTOROUTE A103,0.0,0.0
201400047724,3,11,14,12,1,95,18,1,1,1,7,AUTOROUTE A15,0.0,0.0
201400047725,3,11,14,21,3,93,53,1,1,2,5,AUTOROUTE A3,48.8835,2.45834
201400047726,4,11,14,9,1,95,392,1,1,1,6,ROUTE NATIONALE 184,0.0,0.0
201400047727,4,11,14,11,1,95,151,1,1,1,6,RN 104,0.0,0.0
201400047728,4,11,14,19,3,93,10,1,1,1,2,AUTOROUTE A3,48.8897,2.47384
201400047729,5,11,14,4,3,93,73,1,1,1,6,AUTOROUTE A104,48.9692,2.56777
201400047730,5,11,14,8,1,93,5,1,1,1,3,AUTOROUTE A3,48.9472,2.47579
201400047731,4,11,14,20,1,95,572,1,1,1,4,ROUTE NATIONALE 184,0.0,0.0
201400047732,5,11,14,17,4,93,78,1,1,1,5,AUTOROUTE A104,48.9611,2.54339
201400047733,5,11,14,14,1,93,6,1,1,1,2,AUTOROUTE A3,48.8659,2.42125
201400047734,6,11,14,7,1,93,66,1,1,1,3,AUTOROUTE A86,48.9219,2.36552
201400047735,6,11,14,8,1,95,219,1,1,1,6,AUTOROUTE A115,0.0,0.0
201400047736,6,11,14,12,1,95,527,1,1,1,3,AUTOROUTE A1,0.0,0.0
201400047737,6,11,14,17,3,93,10,1,1,1,3,AUTOROUTE A86,48.8928,2.47286
201400047738,7,11,14,10,1,95,572,1,1,2,6,AUTOROUTE A15,0.0,0.0
201400047739,7,11,14,17,1,93,63,1,1,1,2,AUTOROUTE A3,48.8747,2.43926
201400047740,8,11,14,11,1,60,631,1,1,1,7,AUTOROUTE A1,0.0,0.0
201400047741,9,11,14,5,3,95,488,1,1,1,4,AUTOROUTE A15,0.0,0.0
201400047742,9,11,14,20,4,93,8,1,1,1,6,AUTOROUTE A86,48.8989,2.46927
201400047743,8,11,14,12,1,93,6,1,1,1,4,AUTOROUTE A3,48.8684,2.42864
201400047744,10,11,14,6,4,93,64,1,1,1,2,AUTOROUTE A86,48.8707,2.48247
201400047745,12,11,14,1,4,95,488,1,1,2,2,AUTOROUTE A15,0.0,0.0
201400047746,12,11,14,15,1,95,527,1,1,1,4,AUTOROUTE A1,0.0,0.0
201400047747,12,11,14,15,1,93,48,1,1,1,3,AUTOROUTE A3,48.8731,2.43592
201400047748,12,11,14,18,3,93,8,1,1,1,2,AUTOROUTE A86,48.8989,2.46927
201400047749,12,11,14,18,3,93,1,1,1,1,5,AUTOROUTE A86,48.9218,2.3771
201400047750,12,11,14,20,3,93,6,1,1,1,7,AUTOROUTE A3,48.8645,2.41293
201400047751,13,11,14,7,2,95,18,1,1,1,7,AUTOROUTE A15,0.0,0.0
201400047752,13,11,14,9,1,95,28,1,1,1,3,RN 104,0.0,0.0
201400047753,14,11,14,2,3,95,203,1,1,1,2,RD 170,48.9775,2.2883
201400047754,14,11,14,7,3,95,18,1,1,1,2,AUTOROUTE A15,0.0,0.0
201400047755,14,11,14,15,1,93,27,1,1,1,3,AUTOROUTE A86,48.9286,2.4146
201400047756,15,11,14,16,1,93,66,1,1,1,2,AUTOROUTE A1,48.9225,2.35711
201400047757,14,11,14,19,3,95,277,1,1,2,6,AUTOROUTE A3,0.0,0.0
201400047758,14,11,14,19,3,60,631,1,1,1,3,AUTOROUTE A1,0.0,0.0
201400047759,14,11,14,20,4,93,78,1,1,2,3,AUTOROUTE A104,48.9625,2.54728
201400047760,15,11,14,10,1,95,277,1,1,2,2,AUTOROUTE A3,0.0,0.0
201400047761,15,11,14,11,1,95,277,1,1,2,2,AUTOROUTE A3,0.0,0.0
201400047762,15,11,14,12,1,95,277,1,1,2,6,AUTOROUTE A104,0.0,0.0
201400047763,16,11,14,6,4,93,78,1,1,1,6,AUTOROUTE A104,48.9634,2.5213
201400047764,16,11,14,9,1,92,36,1,1,2,7,AUTOROUTE A15,0.0,0.0
201400047765,16,11,14,16,3,93,66,1,1,2,6,AUTOROUTE A1,48.9306,2.36663
201400047766,16,11,14,20,3,95,582,1,1,2,3,AUTOROUTE A15,0.0,0.0
201400047767,17,11,14,7,1,95,572,1,1,2,4,AUTOROUTE A15,0.0,0.0
201400047768,17,11,14,8,1,93,78,1,1,2,7,AUTOROUTE A104,48.959,2.53602
201400047769,17,11,14,9,1,93,10,1,1,2,7,AUTOROUTE A3,48.8895,2.47375
201400047770,17,11,14,17,3,93,27,1,1,2,3,AUTOROUTE A86,48.9286,2.41528
201400047771,17,11,14,19,3,93,78,1,1,2,4,AUTOROUTE A104,48.9634,2.5213
201400047772,18,11,14,8,2,95,151,1,1,1,2,RN 104,0.0,0.0
201400047773,18,11,14,8,1,92,36,1,1,1,7,AUTOROUTE A86,0.0,0.0
201400047774,18,11,14,8,1,95,42,1,1,1,2,RN 104,0.0,0.0
201400047775,18,11,14,9,1,95,18,1,1,1,6,AUTOROUTE A15,0.0,0.0
201400047776,18,11,14,9,1,95,18,1,1,2,6,AUTOROUTE A15,0.0,0.0
201400047777,18,11,14,18,2,93,10,1,1,2,6,AUTOROUTE A3,48.8893,2.47381
201400047778,19,11,14,8,1,95,42,1,1,5,2,RN 104,0.0,0.0
201400047779,19,11,14,19,3,93,64,1,1,1,3,AUTOROUTE A3,48.8838,2.46701
201400047780,19,11,14,18,3,95,18,1,1,1,2,AUTOROUTE A15,0.0,0.0
201400047781,19,11,14,18,3,93,78,1,1,1,4,AUTOROUTE A104,48.9615,2.5446
201400047782,20,11,14,20,3,95,582,1,1,1,6,AUTOROUTE A15,0.0,0.0
201400047783,20,11,14,20,5,95,582,1,1,2,6,AUTOROUTE A15,0.0,0.0
201400047784,21,11,14,12,1,93,27,1,1,1,5,AUTOROUTE A86,0.0,0.0
201400047785,21,11,14,8,1,95,582,1,1,1,2,AUTOROUTE A15,0.0,0.0
201400047786,21,11,14,11,1,95,424,1,1,1,6,AUTOROUTE A15,0.0,0.0
201400047787,24,11,14,8,1,93,64,1,1,1,5,AUTOROUTE A86,48.8835,2.46961
201400047788,22,11,14,13,1,93,10,1,1,1,5,AUTOROUTE A3,48.8874,2.47411
201400047789,22,11,14,16,2,93,8,1,1,1,6,AUTOROUTE A86,48.9057,2.46307
201400047790,22,11,14,20,3,92,36,1,1,1,2,AUTOROUTE A86,0.0,0.0
201400047791,22,11,14,20,4,93,8,1,1,1,2,AUTOROUTE A86,48.8947,2.47114
201400047792,23,11,14,11,1,93,66,1,1,1,7,AUTOROUTE A86,48.922,2.36281
201400047793,23,11,14,18,3,95,500,1,1,1,4,AUTOROUTE A15,0.0,0.0
201400047794,24,11,14,9,1,93,78,1,1,2,2,AUTOROUTE A104,48.9715,2.49691
201400047795,24,11,14,10,1,93,66,1,1,1,5,AUTOROUTE A1,48.9021,2.35866
201400047796,25,11,14,0,3,95,365,1,1,2,2,RN 104,0.0,0.0
201400047797,26,11,14,6,3,93,8,1,1,2,2,AUTOROUTE A86,48.8986,2.46958
201400047798,26,11,14,7,3,95,582,1,1,2,2,AUTOROUTE A15,0.0,0.0
201400047799,27,11,14,11,1,95,18,1,1,2,6,AUTOROUTE A15,0.0,0.0
201400047800,27,11,14,11,1,93,7,1,1,1,2,AUTOROUTE A1,48.9549,2.45734
201400047801,27,11,14,18,3,95,241,1,1,1,3,RN 104,0.0,0.0
201400047802,27,11,14,20,3,93,10,1,1,1,5,AUTOROUTE A3,48.8893,2.47381
201400047803,27,11,14,13,1,95,241,1,1,1,7,RN 104,0.0,0.0
201400047804,27,11,14,19,3,95,582,1,1,1,3,AUTOROUTE A15,0.0,0.0
201400047805,27,11,14,19,5,92,78,1,1,1,4,", AUTOROUTE A86",0.0,0.0
201400047806,28,11,14,8,1,93,5,1,1,1,4,AUTOROUTE A3,48.9564,2.47328
201400047807,28,11,14,8,1,93,66,1,1,1,6,AUTOROUTE A86,48.9221,2.35877
201400047808,28,11,14,9,1,93,64,1,1,1,2,AUTOROUTE A86,48.8681,2.48216
201400047809,28,11,14,12,1,93,64,1,1,1,6,"PK 28.800, AUTOROUTE A86",0.0,0.0
201400047810,28,11,14,18,3,95,488,1,1,1,5,AUTOROUTE A15,0.0,0.0
201400047811,28,11,14,19,3,93,66,1,1,1,6,AUTOROUTE A1,48.9323,2.37311
201400047812,1,12,14,7,2,95,582,1,1,1,6,AUTOROUTE A15,0.0,0.0
201400047813,1,12,14,8,1,92,78,1,1,1,2,AUTOROUTE A86,0.0,0.0
201400047814,1,12,14,17,3,93,27,1,1,1,4,AUTOROUTE A1,0.0,0.0
201400047815,1,12,14,19,3,93,6,1,1,2,2,AUTOROUTE A3,0.0,0.0
201400047816,1,12,14,19,4,92,36,1,1,8,3,AUTOROUTE A15,0.0,0.0
201400047817,2,12,14,8,1,93,66,1,1,1,3,AUTOROUTE A1,0.0,0.0
201400047818,2,12,14,9,1,93,66,1,1,1,5,AUTOROUTE A1,0.0,0.0
201400047819,3,12,14,3,4,93,66,1,1,1,7,AUTOROUTE A1,0.0,0.0
201400047820,3,12,14,6,3,95,277,1,1,1,4,AUTOROUTE A3,0.0,0.0
201400047821,3,12,14,8,1,95,18,1,1,8,4,AUTOROUTE A15,0.0,0.0
201400047822,3,12,14,17,3,95,527,1,1,1,2,AUTOROUTE A3,0.0,0.0
201400047823,4,12,14,21,4,95,582,1,1,2,4,AUTOROUTE A15,0.0,0.0
201400047824,5,12,14,3,3,93,78,1,1,1,6,AUTOROUTE A104,0.0,0.0
201400047825,5,12,14,19,3,93,64,1,1,1,6,AUTOROUTE A86,0.0,0.0
201400047826,6,12,14,6,3,93,5,1,1,1,6,AUTOROUTE A3,0.0,0.0
201400047827,6,12,14,12,1,93,64,1,1,1,3,AUTOROUTE A86,0.0,0.0
201400047828,7,12,14,5,4,92,36,1,1,1,6,AUTOROUTE A86,0.0,0.0
201400047829,7,12,14,8,2,95,365,1,1,9,6,RN 104,0.0,0.0
201400047830,7,12,14,8,2,95,365,1,1,1,6,RN 104,0.0,0.0
201400047831,7,12,14,16,1,93,27,1,1,2,2,AUTOROUTE A86,0.0,0.0
201400047832,7,12,14,15,1,93,6,1,1,1,3,AUTOROUTE A3,0.0,0.0
201400047833,7,12,14,21,3,95,582,1,1,2,6,BD INTERCOMMUNAL PARISIS,48.9684,2.2747
201400047834,7,12,14,22,4,93,53,1,1,1,7,AUTOROUTE A103,0.0,0.0
201400047835,7,12,14,23,3,95,527,1,1,2,7,AUTOROUTE A1,0.0,0.0
201400047836,8,12,14,10,1,93,63,1,1,1,2,AUTOROUTE A3,0.0,0.0
201400047837,8,12,14,13,1,93,7,1,1,2,6,AUTOROUTE A1,0.0,0.0
201400047838,8,12,14,18,5,93,29,1,1,1,3,AUTOROUTE A86,0.0,0.0
201400047839,9,12,14,14,1,95,582,1,1,1,6,AUTOROUTE A115,0.0,0.0
201400047840,10,12,14,15,1,95,252,1,1,3,3,AUTOROUTE A115,0.0,0.0
201400047841,9,12,14,17,1,95,241,1,1,1,2,RN 104,0.0,0.0
201400047842,10,12,14,6,2,93,64,1,1,2,4,AUTOROUTE A86,0.0,0.0
201400047843,10,12,14,9,1,93,27,1,1,2,2,AUTOROUTE A1,0.0,0.0
201400047844,10,12,14,20,3,93,66,1,1,8,2,AUTOROUTE A1,0.0,0.0
201400047845,10,12,14,15,1,95,18,1,1,2,6,AUTOROUTE A15,0.0,0.0
201400047846,11,12,14,23,4,92,36,1,1,1,3,AUTOROUTE A86,0.0,0.0
201400047847,12,12,14,1,3,95,212,1,1,1,6,RN 104,0.0,0.0
201400047848,12,12,14,11,1,93,8,1,1,2,3,AUTOROUTE A86,0.0,0.0
201400047849,12,12,14,23,3,95,527,1,1,2,6,AUTOROUTE A1,0.0,0.0
201400047850,13,12,14,1,3,93,10,1,1,3,6,AUTOROUTE A3,0.0,0.0
201400047851,13,12,14,2,3,93,1,1,1,2,6,AUTOROUTE A86,0.0,0.0
201400047852,13,12,14,3,3,93,8,1,1,2,6,AUTOROUTE A86,0.0,0.0
201400047853,13,12,14,15,1,95,277,1,1,3,6,AUTOROUTE A104,48.9733,2.4855
201400047854,14,12,14,8,3,95,28,1,1,5,6,RN 104,0.0,0.0
201400047855,14,12,14,13,1,95,277,1,1,1,6,AUTOROUTE A3,0.0,0.0
201400047856,14,12,14,15,1,93,78,1,1,5,6,AUTOROUTE A104,0.0,0.0
201400047857,14,12,14,17,2,95,154,1,1,1,4,AUTOROUTE A1,0.0,0.0
201400047858,14,12,14,18,3,93,78,1,1,2,5,AUTOROUTE A104,0.0,0.0
201400047859,15,12,14,12,1,93,27,1,1,1,7,AUTOROUTE A86,0.0,0.0
201400047860,15,12,14,19,3,92,36,1,1,1,3,AUTOROUTE A86,0.0,0.0
201400047861,15,12,14,22,3,93,66,1,1,2,6,AUTOROUTE A1,0.0,0.0
201400047862,15,12,14,23,3,95,582,1,1,2,6,AUTOROUTE A15,0.0,0.0
201400047863,16,12,14,9,1,93,78,1,1,2,6,AUTOROUTE A104,0.0,0.0
201400047864,16,12,14,9,1,95,42,1,1,1,2,RN 104,0.0,0.0
201400047865,16,12,14,10,1,92,36,1,1,2,2,AUTOROUTE A15,0.0,0.0
201400047866,16,12,14,11,1,93,63,1,1,1,6,AUTOROUTE A3,0.0,0.0
201400047867,16,12,14,12,1,93,66,1,1,2,2,AUTOROUTE A1,0.0,0.0
201400047868,17,12,14,7,1,95,252,1,1,2,2,AUTOROUTE A115,0.0,0.0
201400047869,17,12,14,9,1,60,612,1,1,2,2,AUTOROUTE A1,0.0,0.0
201400047870,17,12,14,21,4,95,394,1,1,3,6,AUTOROUTE A115,0.0,0.0
201400047871,18,12,14,1,5,92,78,1,1,2,2,AUTOROUTE A86,0.0,0.0
201400047872,18,12,14,7,3,93,27,1,1,2,6,AUTOROUTE A86,0.0,0.0
201400047873,19,12,14,12,1,95,527,1,1,2,6,AUTOROUTE A3,0.0,0.0
201400047874,19,12,14,13,1,95,18,1,1,2,2,AUTOROUTE A15,0.0,0.0
201400047875,20,12,14,16,1,93,66,1,1,1,2,AUTOROUTE A1,0.0,0.0
201400047876,20,12,14,22,3,92,36,1,1,1,6,AUTOROUTE A15,0.0,0.0
201400047877,21,12,14,0,3,93,6,1,1,1,6,AUTOROUTE A3,0.0,0.0
201400047878,21,12,14,4,3,93,7,1,1,1,2,AUTOROUTE A1,0.0,0.0
201400047879,22,12,14,2,4,95,394,1,1,1,6,ROUTE NATIONALE 184,0.0,0.0
201400047880,22,12,14,16,1,93,63,1,1,1,3,AUTOROUTE A3,0.0,0.0
201400047881,22,12,14,19,5,92,78,1,1,1,2,AUTOROUTE A86,0.0,0.0
201400047882,23,12,14,17,1,95,500,1,1,1,2,AUTOROUTE A15,0.0,0.0
201400047883,24,12,14,1,3,93,64,1,1,1,3,AUTOROUTE A3,0.0,0.0
201400047884,24,12,14,16,1,95,252,1,1,2,7,AUTOROUTE A115,0.0,0.0
201400047885,24,12,14,20,3,95,394,1,1,2,6,AUTOROUTE A115,0.0,0.0
201400047886,25,12,14,9,1,93,5,1,1,1,4,AUTOROUTE A3,0.0,0.0
201400047887,26,12,14,16,1,95,306,1,1,1,2,AUTOROUTE A15,0.0,0.0
201400047888,27,12,14,1,4,92,78,1,1,3,7,AUTOROUTE A86,0.0,0.0
201400047889,27,12,14,8,1,95,527,1,1,2,6,AUTOROUTE A1,0.0,0.0
201400047890,27,12,14,11,1,95,277,1,1,1,6,RD 170,48.9735,2.4852
201400047891,27,12,14,11,1,92,78,1,1,2,6,AUTOROUTE A86,0.0,0.0
201400047892,27,12,14,21,4,95,277,1,1,1,6,AUTOROUTE A3,0.0,0.0
201400047893,27,12,14,22,4,95,256,1,1,2,7,ROUTE NATIONALE 184,0.0,0.0
201400047894,27,12,14,23,3,93,5,1,1,8,2,AUTOROUTE A3,0.0,0.0
201400047895,28,12,14,0,3,93,27,1,1,1,2,AUTOROUTE A1,0.0,0.0
201400047896,28,12,14,4,3,93,8,1,1,1,6,AUTOROUTE A86,0.0,0.0
201400047897,28,12,14,19,3,95,60,1,1,1,6,AUTOROUTE A115,0.0,0.0
201400047898,28,12,14,16,1,95,365,1,1,1,6,RN 104,0.0,0.0
201400047899,30,12,14,11,1,93,66,1,1,1,2,AUTOROUTE A1,0.0,0.0
201400047900,30,12,14,21,3,93,64,1,1,1,2,AUTOROUTE A86,0.0,0.0
201400047901,31,12,14,16,1,93,6,1,1,1,3,AUTOROUTE A3,0.0,0.0
201400047902,31,12,14,18,3,95,28,1,1,1,6,RN 104,0.0,0.0
201400047903,31,12,14,22,3,95,277,1,1,1,2,RD 170,48.9759,2.4824
201400047904,21,7,14,0,3,93,10,1,1,1,4,AUTOROUTE A3,48.8895,2.47391
201400047905,15,8,14,1,3,95,582,1,1,1,6,AUTOROUTE A15,0.0,0.0
201400047906,21,9,14,0,3,95,256,1,1,1,6,AUTOROUTE A115,0.0,0.0
201400047907,7,10,14,4,3,93,27,1,1,2,7,AUTOROUTE A86,48.9286,2.41528
201400047908,19,10,14,22,3,93,27,1,1,1,2,AUTOROUTE A1,48.9358,2.40348
201400047909,1,12,14,0,3,93,10,1,1,1,6,AUTOROUTE A3,0.0,0.0
201400047910,11,12,14,21,3,93,66,1,1,1,5,AUTOROUTE A1,0.0,0.0
201400047911,21,12,14,22,3,95,678,1,1,1,6,ROUTE NATIONALE 184,0.0,0.0
201400047912,2,1,14,7,3,92,63,1,1,1,6,A86,0.0,0.0
201400047913,2,1,14,11,1,92,64,1,1,1,4,A13,0.0,0.0
201400047914,5,1,14,15,1,78,118,1,1,1,2,A13,0.0,0.0
201400047915,6,1,14,8,1,92,12,1,1,1,5,A13,0.0,0.0
201400047916,6,1,14,11,1,78,640,1,1,1,2,A86 INT,0.0,0.0
201400047917,7,1,14,9,1,92,64,1,1,1,7,A13,0.0,0.0
201400047918,7,1,14,16,1,78,646,1,1,1,4,RN12,0.0,0.0
201400047919,8,1,14,19,3,78,640,1,1,2,4,N118,0.0,0.0
201400047920,9,1,14,8,3,92,36,1,1,8,3,A86,0.0,0.0
201400047921,9,1,14,9,1,78,7,1,1,1,4,A13 Y,0.0,0.0
201400047922,10,1,14,8,2,92,25,1,1,1,4,A86,0.0,0.0
201400047923,12,1,14,5,3,92,25,1,1,5,2,A86,0.0,0.0
201400047924,14,1,14,9,5,92,63,1,1,1,2,A86,0.0,0.0
201400047925,14,1,14,8,1,78,362,1,1,1,2,A13,0.0,0.0
201400047926,14,1,14,9,1,92,64,1,1,2,5,A13,0.0,0.0
201400047927,14,1,14,10,1,92,47,1,1,8,7,A13,0.0,0.0
201400047928,14,1,14,20,3,78,466,1,1,1,2,A13,0.0,0.0
201400047929,15,1,14,8,1,78,466,1,1,1,5,A13,0.0,0.0
201400047930,16,1,14,7,3,78,43,1,1,3,2,A12 W,0.0,0.0
201400047931,17,1,14,14,1,78,118,1,1,1,5,A13,0.0,0.0
201400047932,17,1,14,18,4,78,423,1,1,1,2,RN12,0.0,0.0
201400047933,20,1,14,7,1,78,490,1,1,1,5,RN12 EXT,0.0,0.0
201400047934,20,1,14,17,3,92,25,1,1,1,7,A86,0.0,0.0
201400047935,20,1,14,18,3,78,640,1,1,1,2,N118,0.0,0.0
201400047936,20,1,14,20,3,92,47,1,1,1,6,A13,0.0,0.0
201400047937,21,1,14,7,2,92,36,1,1,5,3,A86,0.0,0.0
201400047938,22,1,14,13,1,78,551,1,1,2,3,A14,0.0,0.0
201400047939,24,1,14,9,1,78,466,1,1,2,7,A13,0.0,0.0
201400047940,24,1,14,16,1,92,51,1,1,1,3,RN13,0.0,0.0
201400047941,24,1,14,23,3,78,206,1,1,1,2,A13,0.0,0.0
201400047942,26,1,14,22,4,92,36,1,1,8,7,A86,0.0,0.0
201400047943,28,1,14,13,1,92,50,1,1,8,2,A86,0.0,0.0
201400047944,30,1,14,0,3,78,43,1,1,1,2,A12 Y,0.0,0.0
201400047945,31,1,14,18,3,78,73,1,1,8,2,A12 Y,0.0,0.0
201400047946,1,2,14,12,1,78,206,1,1,1,7,A13,0.0,0.0
201400047947,1,2,14,16,1,78,402,1,1,1,2,A13,0.0,0.0
201400047948,1,2,14,17,1,92,25,1,1,1,4,A86,0.0,0.0
201400047949,4,2,14,8,1,92,25,1,1,1,3,A86,0.0,0.0
201400047950,4,2,14,8,1,78,571,1,1,1,5,A13,0.0,0.0
201400047951,5,2,14,15,1,78,7,1,1,1,7,A13W,0.0,0.0
201400047952,5,2,14,15,1,78,133,1,1,1,2,A13,0.0,0.0
201400047953,6,2,14,9,1,78,640,1,1,1,2,N118,0.0,0.0
201400047954,8,2,14,16,1,78,466,1,1,6,7,A13,0.0,0.0
201400047955,9,2,14,5,2,78,217,1,1,1,5,A13,0.0,0.0
201400047956,9,2,14,12,1,78,140,1,1,1,5,A13,0.0,0.0
201400047957,12,2,14,6,3,78,43,1,4,1,7,A12 Y,0.0,0.0
201400047958,12,2,14,9,1,78,158,1,1,1,5,A13,0.0,0.0
201400047959,13,2,14,11,1,92,72,1,1,8,6,N118,0.0,0.0
201400047960,13,2,14,18,3,78,490,1,1,2,6,RN12 EXT,0.0,0.0
201400047961,14,2,14,18,1,78,29,1,1,1,7,A13W,0.0,0.0
201400047962,14,2,14,20,3,92,36,1,1,1,3,A86,0.0,0.0
201400047963,16,2,14,7,3,78,571,1,1,1,5,A13,0.0,0.0
201400047964,17,2,14,21,5,78,29,1,1,1,7,A13W,0.0,0.0
201400047965,18,2,14,7,1,92,72,1,1,1,2,N118,0.0,0.0
201400047966,18,2,14,21,5,78,133,1,1,1,6,A14,0.0,0.0
201400047967,20,2,14,8,1,78,73,1,1,2,2,RN12 INT,0.0,0.0
201400047968,20,2,14,18,3,78,640,1,1,2,4,A86 EXT,0.0,0.0
201400047969,20,2,14,23,3,92,72,1,1,2,6,N118,0.0,0.0
201400047970,21,2,14,7,3,92,48,1,1,2,6,N118,0.0,0.0
201400047971,21,2,14,15,1,92,64,1,1,1,3,A13,0.0,0.0
201400047972,21,2,14,19,4,92,48,1,1,1,3,N118,0.0,0.0
201400047973,24,2,14,23,5,78,646,1,1,1,6,NON UTILISEE,0.0,0.0
201400047974,25,2,14,7,1,92,25,1,1,2,7,A86,0.0,0.0
201400047975,25,2,14,12,1,92,51,1,1,1,5,RN13,0.0,0.0
201400047976,26,2,14,17,1,75,116,1,1,1,4,A13Y,0.0,0.0
201400047977,26,2,14,17,1,92,62,1,1,1,4,A14,0.0,0.0
201400047978,26,2,14,21,3,92,36,1,1,2,3,A86,0.0,0.0
201400047979,27,2,14,8,1,78,672,1,1,3,4,A13,0.0,0.0
201400047980,27,2,14,8,1,92,47,1,1,2,2,A13,0.0,0.0
201400047981,27,2,14,16,1,78,646,1,1,1,7,RN12,0.0,0.0
201400047982,28,2,14,9,1,92,50,1,1,2,7,A86,0.0,0.0
201400047983,28,2,14,16,1,75,116,1,1,1,2,A13Y,0.0,0.0
201400047984,2,3,14,19,4,75,116,1,1,1,2,A13W,0.0,0.0
201400047985,4,3,14,6,2,78,242,1,1,1,3,A12 W,0.0,0.0
201400047986,5,3,14,9,1,92,48,1,1,1,5,N118,0.0,0.0
201400047987,5,3,14,9,1,78,242,1,1,1,5,A12 W,0.0,0.0
201400047988,5,3,14,15,1,78,640,1,1,7,7,N118,0.0,0.0
201400047989,7,3,14,20,3,78,90,1,1,1,2,A13,0.0,0.0
201400047990,8,3,14,17,1,92,64,1,1,1,5,A13,0.0,0.0
201400047991,10,3,14,7,1,92,47,1,1,1,2,A13,0.0,0.0
201400047992,10,3,14,8,1,78,423,1,1,1,2,RN12 EXT,0.0,0.0
201400047993,11,3,14,9,1,78,418,1,1,1,4,A14,0.0,0.0
201400047994,11,3,14,16,5,92,50,1,1,1,7,A14,0.0,0.0
201400047995,11,3,14,23,3,78,545,1,1,1,7,A12 Y,0.0,0.0
201400047996,12,3,14,9,1,92,50,1,1,1,2,RD914 W,0.0,0.0
201400047997,12,3,14,15,1,92,51,1,1,1,7,N13,0.0,0.0
201400047998,13,3,14,9,1,92,64,1,1,1,5,A13,0.0,0.0
201400047999,13,3,14,12,1,78,73,1,1,1,2,RN12 INT,0.0,0.0
201400048000,14,3,14,18,1,78,640,1,1,1,3,N118,0.0,0.0
201400048001,14,3,14,23,5,92,64,1,1,1,4,A13,0.0,0.0
201400048002,16,3,14,12,1,78,43,1,1,1,6,A13W,0.0,0.0
201400048003,16,3,14,16,1,92,64,1,1,1,3,A13,0.0,0.0
201400048004,17,3,14,8,1,92,64,1,1,1,7,A13,0.0,0.0
201400048005,17,3,14,21,3,92,48,1,1,1,2,N118,0.0,0.0
201400048006,19,3,14,8,1,78,291,1,1,1,1,A13,0.0,0.0
201400048007,19,3,14,13,1,78,640,1,1,1,2,N118,0.0,0.0
201400048008,19,3,14,18,1,92,25,1,1,1,3,A86,0.0,0.0
201400048009,20,3,14,7,1,78,402,1,1,7,7,A13,0.0,0.0
201400048010,20,3,14,8,1,92,50,1,1,1,3,A14,0.0,0.0
201400048011,20,3,14,17,1,92,50,1,1,1,2,A14,0.0,0.0
201400048012,21,3,14,23,3,78,571,1,1,1,7,A13,0.0,0.0
201400048013,21,3,14,23,5,92,50,1,1,1,7,A86,0.0,0.0
201400048014,22,3,14,23,3,78,29,1,1,1,2,A13Y,0.0,0.0
201400048015,23,3,14,0,4,78,646,1,1,1,6,RN12,0.0,0.0
201400048016,23,3,14,16,1,92,50,1,1,1,6,A86,0.0,0.0
201400048017,24,3,14,21,3,78,217,1,1,1,6,A13,0.0,0.0
201400048018,24,3,14,21,3,78,217,1,1,1,2,A13,0.0,0.0
201400048019,25,3,14,9,1,78,524,1,1,2,2,A13,0.0,0.0
201400048020,25,3,14,11,1,92,48,1,1,2,5,N118,0.0,0.0
201400048021,25,3,14,14,1,78,242,1,1,2,7,A12 W,0.0,0.0
201400048022,26,3,14,16,1,78,490,1,1,8,3,RN12 INT,0.0,0.0
201400048023,26,3,14,18,1,78,233,1,1,1,2,A13,0.0,0.0
201400048024,27,3,14,18,1,78,217,1,1,1,2,A13,0.0,0.0
201400048025,28,3,14,8,1,78,524,1,1,1,3,A13,0.0,0.0
201400048026,28,3,14,9,1,92,12,1,1,1,2,A13,0.0,0.0
201400048027,28,3,14,9,1,92,64,1,1,1,4,A13,0.0,0.0
201400048028,28,3,14,18,1,78,140,1,1,1,4,A13,0.0,0.0
201400048029,28,3,14,18,1,78,646,1,1,1,3,RN12,0.0,0.0
201400048030,31,3,14,1,3,78,466,1,1,1,5,A13,0.0,0.0
201400048031,31,3,14,15,1,92,4,1,1,1,2,RN315 Y,0.0,0.0
201400048032,1,4,14,7,1,92,47,1,1,1,2,A13,0.0,0.0
201400048033,1,4,14,19,1,78,43,1,1,1,5,A12 W,0.0,0.0
201400048034,2,4,14,19,1,92,4,1,1,1,5,RN315 Y,0.0,0.0
201400048035,2,4,14,7,1,92,50,1,9,1,2,A86,0.0,0.0
201400048036,2,4,14,8,1,92,51,1,1,1,5,RN13,0.0,0.0
201400048037,2,4,14,17,1,92,72,1,1,1,7,N118,0.0,0.0
201400048038,4,4,14,9,1,92,47,1,1,1,2,A13,0.0,0.0
201400048039,5,4,14,14,1,92,47,1,1,1,5,A13,0.0,0.0
201400048040,7,4,14,7,2,78,133,1,1,5,2,A13,0.0,0.0
201400048041,7,4,14,7,1,92,36,1,1,1,2,A86,0.0,0.0
201400048042,7,4,14,7,1,92,36,1,1,1,2,A86,0.0,0.0
201400048043,7,4,14,8,1,78,431,1,1,1,2,A13,0.0,0.0
201400048044,7,4,14,9,1,92,72,1,1,1,6,N118,0.0,0.0
201400048045,8,4,14,12,1,92,25,1,1,1,5,A86,0.0,0.0
201400048046,9,4,14,8,1,92,62,1,1,1,3,RN1014 W,0.0,0.0