Num_Acc,jour,mois,an,hr,condition_eclairage,departement,commune,condition_agglomeration,intersection,condition_atmosphere,type_collision,adresse,lattitude,longitude
201400048047,9,4,14,21,4,78,43,1,1,1,6,A13Y,0.0,0.0
201400048048,10,4,14,9,1,92,36,1,1,1,3,A86,0.0,0.0
201400048049,11,4,14,14,1,78,217,1,1,1,3,A13,0.0,0.0
201400048050,11,4,14,16,1,92,72,1,1,1,1,N118,0.0,0.0
201400048051,11,4,14,18,1,92,64,1,1,1,2,A13,0.0,0.0
201400048052,11,4,14,18,1,92,64,1,1,1,5,A13,0.0,0.0
201400048053,12,4,14,13,1,78,545,1,1,1,6,A12 W,0.0,0.0
201400048054,12,4,14,14,1,78,455,1,1,1,5,A13,0.0,0.0
201400048055,12,4,14,18,1,78,133,1,1,1,7,A13,0.0,0.0
201400048056,12,4,14,22,3,78,646,1,1,1,2,RN12,0.0,0.0
201400048057,13,4,14,18,1,78,126,1,1,1,6,A13,0.0,0.0
201400048058,13,4,14,21,3,92,60,1,1,1,6,RN385,0.0,0.0
201400048059,14,4,14,19,1,92,62,1,1,1,2,RN1014 W,0.0,0.0
201400048060,15,4,14,8,1,78,208,1,1,1,4,RN12 EXT,0.0,0.0
201400048061,15,4,14,16,1,78,73,1,1,7,5,RN12 INT,0.0,0.0
201400048062,15,4,14,20,1,92,36,1,1,1,5,RN315 W,0.0,0.0
201400048063,16,4,14,22,4,78,233,1,1,1,2,A13,0.0,0.0
201400048064,16,4,14,9,1,78,490,1,1,1,6,RN12 INT,0.0,0.0
201400048065,16,4,14,17,1,92,36,1,1,1,5,RN315 Y,0.0,0.0
201400048066,18,4,14,12,1,78,402,1,1,1,6,A13,0.0,0.0
201400048067,19,4,14,20,1,78,466,1,1,1,6,A13,0.0,0.0
201400048068,21,4,14,23,3,78,640,1,1,1,2,A86 EXT,0.0,0.0
201400048069,22,4,14,13,1,78,640,1,1,1,7,N118,0.0,0.0
201400048070,24,4,14,19,1,78,297,1,1,1,2,RN12,0.0,0.0
201400048071,25,4,14,17,5,92,50,1,1,1,2,A14,0.0,0.0
201400048072,25,4,14,17,1,78,73,1,1,1,4,A12 Y,0.0,0.0
201400048073,26,4,14,11,1,78,498,1,1,2,7,A13,0.0,0.0
201400048074,26,4,14,12,1,78,423,1,1,2,6,A12 W,0.0,0.0
201400048075,26,4,14,14,1,78,126,1,1,2,6,A13,0.0,0.0
201400048076,27,4,14,6,5,92,50,1,1,2,2,A14,0.0,0.0
201400048077,27,4,14,7,1,92,25,1,1,1,6,A86,0.0,0.0
201400048078,27,4,14,7,2,78,423,1,1,2,6,RN12,0.0,0.0
201400048079,27,4,14,16,1,78,640,1,1,1,6,A86 EXT,0.0,0.0
201400048080,29,4,14,5,2,92,50,1,1,1,2,A86,0.0,0.0
201400048081,29,4,14,19,1,78,646,1,1,2,2,RN12,0.0,0.0
201400048082,29,4,14,20,2,92,36,1,1,2,4,A86,0.0,0.0
201400048083,30,4,14,14,1,78,423,1,1,1,5,RN12,0.0,0.0
201400048084,30,4,14,17,1,92,36,1,1,1,4,RN315 W,0.0,0.0
201400048085,30,4,14,20,2,92,51,1,1,1,2,RN13,0.0,0.0
201400048086,1,5,14,1,1,78,466,1,1,1,6,A13,0.0,0.0
201400048087,1,5,14,12,5,92,64,1,1,2,7,A13,0.0,0.0
201400048088,1,5,14,13,1,78,362,1,1,2,6,A13,0.0,0.0
201400048089,2,5,14,20,3,92,50,1,1,2,6,A86,0.0,0.0
201400048090,2,5,14,8,1,78,545,1,1,1,7,A12 Y,0.0,0.0
201400048091,3,5,14,15,1,92,25,1,1,1,2,A86,0.0,0.0
201400048092,3,5,14,20,1,78,431,1,1,1,6,A13,0.0,0.0
201400048093,3,5,14,20,1,78,297,1,1,1,6,RN12,0.0,0.0
201400048094,4,5,14,20,1,78,124,1,1,1,7,SE A14,0.0,0.0
201400048095,5,5,14,4,3,78,90,1,1,1,2,A13,0.0,0.0
201400048096,5,5,14,7,1,78,43,1,1,1,5,A12 W,0.0,0.0
201400048097,5,5,14,16,1,92,25,1,1,1,2,A86,0.0,0.0
201400048098,6,5,14,7,1,78,524,1,1,1,3,A13,0.0,0.0
201400048099,6,5,14,9,1,78,423,1,1,1,2,RN12 EXT,0.0,0.0
201400048100,7,5,14,8,1,78,238,1,1,8,7,A13,0.0,0.0
201400048101,7,5,14,15,1,78,362,1,1,2,4,A13,0.0,0.0
201400048102,7,5,14,17,1,78,640,1,1,1,3,A86 INT,0.0,0.0
201400048103,9,5,14,8,1,78,423,1,1,1,7,RN12,0.0,0.0
201400048104,9,5,14,10,1,78,466,1,1,1,4,A13,0.0,0.0
201400048105,9,5,14,12,1,92,62,1,1,1,6,RN1013,0.0,0.0
201400048106,9,5,14,14,1,92,50,1,1,1,7,A86,0.0,0.0
201400048107,12,5,14,19,1,78,640,1,1,1,4,N118,0.0,0.0
201400048108,12,5,14,8,1,92,62,1,1,1,2,A14,0.0,0.0
201400048109,12,5,14,16,1,92,25,1,1,2,5,A86,0.0,0.0
201400048110,13,5,14,7,1,78,208,1,9,1,4,RN12 EXT,0.0,0.0
201400048111,14,5,14,19,1,92,50,1,1,1,5,A86,0.0,0.0
201400048112,14,5,14,19,1,78,646,1,1,1,2,RN12,0.0,0.0
201400048113,15,5,14,16,1,92,64,1,1,1,2,A13,0.0,0.0
201400048114,15,5,14,16,1,92,25,1,1,1,2,A86,0.0,0.0
201400048115,15,5,14,19,1,78,133,1,1,1,5,A13,0.0,0.0
201400048116,15,5,14,20,1,78,133,1,1,1,5,A13,0.0,0.0
201400048117,16,5,14,5,2,78,206,1,1,1,2,A13,0.0,0.0
201400048118,16,5,14,21,1,78,466,1,1,1,6,A13,0.0,0.0
201400048119,18,5,14,9,1,78,646,1,1,1,6,RN12,0.0,0.0
201400048120,19,5,14,9,1,78,640,1,1,1,2,A86 EXT,0.0,0.0
201400048121,19,5,14,9,1,78,242,1,1,1,3,A12 W,0.0,0.0
201400048122,19,5,14,18,1,92,25,1,1,1,7,A86,0.0,0.0
201400048123,20,5,14,9,1,92,36,1,1,1,2,A86,0.0,0.0
201400048124,21,5,14,14,1,78,297,1,1,2,4,RN12,0.0,0.0
201400048125,21,5,14,18,1,78,140,1,9,2,5,A13,0.0,0.0
201400048126,21,5,14,20,1,92,64,1,1,3,2,A13,0.0,0.0
201400048127,23,5,14,4,3,92,48,1,1,1,2,N118,0.0,0.0
201400048128,15,5,14,1,1,92,12,1,1,1,6,A13,0.0,0.0
201400048129,23,5,14,7,1,78,490,1,1,1,2,RN12 INT,0.0,0.0
201400048130,24,5,14,15,1,78,140,1,1,2,2,A13,0.0,0.0
201400048131,25,5,14,16,1,92,36,1,1,1,2,A86,0.0,0.0
201400048132,26,5,14,14,1,92,50,1,1,1,2,A86,0.0,0.0
201400048133,27,5,14,7,1,78,490,1,1,1,3,RN12 INT,0.0,0.0
201400048134,28,5,14,9,1,92,50,1,1,1,4,A86,0.0,0.0
201400048135,28,5,14,19,1,78,466,1,1,2,7,A13,0.0,0.0
201400048136,29,5,14,19,1,78,206,1,1,2,5,A13,0.0,0.0
201400048137,28,5,14,20,1,78,233,1,1,3,5,A13,0.0,0.0
201400048138,30,5,14,16,1,92,36,1,1,1,2,A86,0.0,0.0
201400048139,2,6,14,4,3,78,140,1,1,8,6,A13,0.0,0.0
201400048140,2,6,14,7,1,92,48,1,1,1,3,N118,0.0,0.0
201400048141,2,6,14,8,1,78,43,1,1,1,7,A13W,0.0,0.0
201400048142,2,6,14,18,1,92,50,1,1,1,6,A86,0.0,0.0
201400048143,3,6,14,8,1,78,466,1,1,1,6,A13,0.0,0.0
201400048144,3,6,14,16,1,92,72,1,1,1,6,N118,0.0,0.0
201400048145,6,6,14,9,1,78,423,1,1,1,2,RN12 EXT,0.0,0.0
201400048146,6,6,14,9,1,92,64,1,1,1,5,A13,0.0,0.0
201400048147,7,6,14,7,1,92,50,1,1,1,2,A86,0.0,0.0
201400048148,10,6,14,21,1,75,116,1,1,1,2,A13W,0.0,0.0
201400048149,12,6,14,6,1,92,47,1,1,1,6,A13,0.0,0.0
201400048150,12,6,14,9,1,92,36,1,1,1,2,RN315 W,0.0,0.0
201400048151,13,6,14,6,1,78,73,1,1,1,2,A12 Y,0.0,0.0
201400048152,14,6,14,17,1,78,117,1,1,1,6,RN12,0.0,0.0
201400048153,15,6,14,18,1,92,50,1,1,1,2,A86,0.0,0.0
201400048154,16,6,14,18,1,78,455,1,1,1,4,A13,0.0,0.0
201400048155,17,6,14,6,1,78,29,1,9,1,3,A13W,0.0,0.0
201400048156,17,6,14,8,1,78,140,1,1,8,2,A13,0.0,0.0
201400048157,17,6,14,17,1,78,117,1,1,1,3,RN12,0.0,0.0
201400048158,17,6,14,23,5,92,4,1,1,1,2,RN315 Y,0.0,0.0
201400048159,18,6,14,12,1,78,498,1,1,1,7,A13,0.0,0.0
201400048160,19,6,14,18,1,92,25,1,1,1,7,A86,0.0,0.0
201400048161,19,6,14,19,1,92,36,1,1,1,2,A86,0.0,0.0
201400048162,20,6,14,18,1,78,466,1,1,1,5,A13,0.0,0.0
201400048163,20,6,14,20,2,78,90,1,1,7,2,A13,0.0,0.0
201400048164,21,6,14,20,1,78,90,1,9,1,7,A13,0.0,0.0
201400048165,23,6,14,7,1,78,466,1,1,1,2,A13,0.0,0.0
201400048166,23,6,14,7,1,92,50,1,1,1,3,A86,0.0,0.0
201400048167,23,6,14,8,1,78,672,1,1,1,2,A13,0.0,0.0
201400048168,24,6,14,9,1,92,64,1,1,1,4,A13,0.0,0.0
201400048169,24,6,14,15,1,92,50,1,1,1,2,A86,0.0,0.0
201400048170,24,6,14,19,1,78,322,1,1,1,5,RN12,0.0,0.0
201400048171,24,6,14,10,1,92,48,1,1,1,6,N118,0.0,0.0
201400048172,25,6,14,19,1,92,47,1,1,1,3,A13,0.0,0.0
201400048173,26,6,14,7,1,92,76,1,1,1,3,A13,0.0,0.0
201400048174,26,6,14,10,1,78,402,1,1,1,2,A13,0.0,0.0
201400048175,26,6,14,21,5,92,62,1,1,9,6,RN1013,0.0,0.0
201400048176,22,6,14,19,1,78,322,1,1,1,7,A86 EXT,0.0,0.0
201400048177,27,6,14,18,1,78,133,1,1,1,7,A13,0.0,0.0
201400048178,28,6,14,5,2,78,90,1,1,1,2,A13,0.0,0.0
201400048179,28,6,14,15,1,78,206,1,1,2,3,A13,0.0,0.0
201400048180,28,6,14,18,1,78,402,1,1,2,6,A13,0.0,0.0
201400048181,29,6,14,5,4,92,50,1,1,3,7,A86,0.0,0.0
201400048182,29,6,14,8,2,92,50,1,1,8,6,A86,0.0,0.0
201400048183,29,6,14,12,1,75,116,1,1,2,7,A13Y,0.0,0.0
201400048184,1,7,14,1,3,78,640,1,1,1,3,RN12 INT,0.0,0.0
201400048185,2,7,14,18,1,78,640,1,1,1,3,A86 EXT,0.0,0.0
201400048186,3,7,14,8,1,92,50,1,1,1,3,A86,0.0,0.0
201400048187,3,7,14,10,1,92,62,1,1,1,4,RN1014 W,0.0,0.0
201400048188,4,7,14,5,2,78,140,1,1,1,6,A13,0.0,0.0
201400048189,4,7,14,9,1,92,36,1,1,1,3,A86,0.0,0.0
201400048190,6,7,14,8,1,78,362,1,1,1,6,A13,0.0,0.0
201400048191,6,7,14,12,1,92,48,1,1,2,6,N118,0.0,0.0
201400048192,6,7,14,13,1,92,50,1,1,3,7,A86,0.0,0.0
201400048193,6,7,14,17,1,78,640,1,1,8,2,N118,0.0,0.0
201400048194,8,7,14,20,1,78,29,1,1,2,6,A13Y,0.0,0.0
201400048195,9,7,14,11,1,92,25,1,1,1,4,A86,0.0,0.0
201400048196,9,7,14,17,1,78,297,1,1,2,7,RN12,0.0,0.0
201400048197,10,7,14,0,5,92,26,1,1,9,6,RN1014 Y,0.0,0.0
201400048198,11,7,14,18,1,78,133,1,1,1,3,A13,0.0,0.0
201400048199,13,7,14,15,1,78,640,1,1,2,5,A86 INT,0.0,0.0
201400048200,13,7,14,16,1,92,50,1,1,3,6,A14,0.0,0.0
201400048201,13,7,14,18,1,78,640,1,1,3,6,A86 INT,0.0,0.0
201400048202,14,7,14,21,1,92,63,1,1,2,6,A86,0.0,0.0
201400048203,16,7,14,22,5,78,133,1,1,1,7,A14,0.0,0.0
201400048204,16,7,14,3,3,78,646,1,1,1,6,RN12,0.0,0.0
201400048205,11,7,14,14,1,92,50,1,9,1,3,A86,0.0,0.0
201400048206,16,7,14,9,1,78,242,1,1,1,4,A12 Y,0.0,0.0
201400048207,16,7,14,10,1,92,50,1,1,1,4,A86,0.0,0.0
201400048208,17,7,14,13,1,78,43,1,1,1,2,A13Y,0.0,0.0
201400048209,17,7,14,18,1,78,117,1,1,1,2,RN12,0.0,0.0
201400048210,18,7,14,9,1,78,545,1,1,1,4,A12 W,0.0,0.0
201400048211,18,7,14,11,1,78,362,1,1,1,5,A13,0.0,0.0
201400048212,20,7,14,5,3,78,29,1,1,3,3,A13Y,0.0,0.0
201400048213,22,7,14,12,1,78,117,1,1,1,7,RN12,0.0,0.0
201400048214,23,7,14,8,1,92,25,1,1,1,5,A86,0.0,0.0
201400048215,27,7,14,19,1,92,63,1,1,8,7,A86 DUPLEX,0.0,0.0
201400048216,28,7,14,16,1,78,466,1,1,1,3,A13,0.0,0.0
201400048217,29,7,14,9,1,78,158,1,1,8,5,A13,0.0,0.0
201400048218,30,7,14,16,1,92,47,1,1,1,4,A13,0.0,0.0
201400048219,30,7,14,20,1,92,64,1,1,1,5,A13,0.0,0.0
201400048220,31,7,14,18,1,78,43,1,1,1,3,A12 W,0.0,0.0
201400048221,31,7,14,20,1,78,217,1,1,1,2,A13,0.0,0.0
201400048222,1,8,14,17,1,92,50,1,1,1,7,A86,0.0,0.0
201400048223,3,8,14,9,1,78,571,1,1,1,2,A13,0.0,0.0
201400048224,3,8,14,10,1,78,571,1,1,1,2,A13,0.0,0.0
201400048225,5,8,14,18,1,92,36,1,9,1,7,A86,0.0,0.0
201400048226,6,8,14,7,1,92,26,1,1,2,6,RN192,0.0,0.0
201400048227,6,8,14,11,1,78,140,1,1,3,7,A13,0.0,0.0
201400048228,6,8,14,15,1,78,423,1,1,2,6,RN12,0.0,0.0
201400048229,7,8,14,11,1,78,362,1,1,1,5,A13,0.0,0.0
201400048230,7,8,14,23,3,78,490,1,1,1,7,RN12 EXT,0.0,0.0
201400048231,11,8,14,20,1,78,423,1,1,1,6,A12 Y,0.0,0.0
201400048232,12,8,14,19,1,78,43,1,1,2,3,A12 Y,0.0,0.0
201400048233,13,8,14,17,1,78,466,1,1,1,7,A14,0.0,0.0
201400048234,14,8,14,7,1,92,51,1,1,1,7,RN13,0.0,0.0
201400048235,14,8,14,13,1,78,423,1,1,1,6,RN12 EXT,0.0,0.0
201400048236,14,8,14,17,1,78,140,1,1,8,7,A13,0.0,0.0
201400048237,16,8,14,9,1,78,524,1,1,1,7,A13,0.0,0.0
201400048238,17,8,14,21,3,92,51,1,1,1,6,RN13,0.0,0.0
201400048239,18,8,14,11,1,78,206,1,1,1,6,A13,0.0,0.0
201400048240,20,8,14,17,1,78,545,1,1,1,7,A12 Y,0.0,0.0
201400048241,22,8,14,2,3,78,640,1,1,1,6,A86 INT,0.0,0.0
201400048242,23,8,14,9,1,92,50,1,1,1,6,A86,0.0,0.0
201400048243,25,8,14,16,1,92,36,1,1,2,7,A86,0.0,0.0
201400048244,28,8,14,19,1,92,50,1,1,1,2,A86,0.0,0.0
201400048245,1,9,14,9,1,75,116,1,1,1,6,A13Y,0.0,0.0
201400048246,1,9,14,18,1,78,455,1,1,1,5,A13,0.0,0.0
201400048247,2,9,14,9,1,92,64,1,1,1,4,A13,0.0,0.0
201400048248,3,9,14,17,1,92,50,1,1,1,6,A14,0.0,0.0
201400048249,6,9,14,10,1,78,423,1,1,1,2,N12W,0.0,0.0
201400048250,6,9,14,12,1,92,64,1,1,1,2,A13,0.0,0.0
201400048251,8,9,14,1,4,78,545,1,1,1,6,A12 Y,0.0,0.0
201400048252,8,9,14,13,1,92,50,1,1,1,6,A86,0.0,0.0
201400048253,9,9,14,8,1,92,36,1,1,1,5,A86,0.0,0.0
201400048254,9,9,14,9,1,78,43,1,1,1,7,A12 W,0.0,0.0
201400048255,9,9,14,15,1,92,25,1,1,1,3,A86,0.0,0.0
201400048256,9,9,14,16,1,92,50,1,1,1,7,A86,0.0,0.0
201400048257,9,9,14,17,1,78,140,1,1,1,7,A13,0.0,0.0
201400048258,9,9,14,17,1,92,60,1,1,1,5,RN385,0.0,0.0
201400048259,9,9,14,18,1,92,25,1,1,1,2,A86,0.0,0.0
201400048260,10,9,14,8,1,92,48,1,1,1,3,N118,0.0,0.0
201400048261,10,9,14,13,1,92,72,1,1,1,2,N118,0.0,0.0
201400048262,11,9,14,17,1,92,50,1,1,1,5,A86,0.0,0.0
201400048263,11,9,14,18,1,78,431,1,1,1,2,A13,0.0,0.0
201400048264,11,9,14,19,1,92,25,1,1,1,2,A86,0.0,0.0
201400048265,12,9,14,8,1,92,62,1,1,1,2,RN1014 W,0.0,0.0
201400048266,12,9,14,18,1,92,36,1,1,1,2,A86,0.0,0.0
201400048267,13,9,14,11,1,78,165,1,1,1,3,RN12 EXT,0.0,0.0
201400048268,13,9,14,14,1,92,25,1,1,1,2,A86,0.0,0.0
201400048269,13,9,14,16,1,78,431,1,1,1,2,A13,0.0,0.0
201400048270,13,9,14,21,3,78,402,1,1,1,6,A13,0.0,0.0
201400048271,14,9,14,4,3,78,498,1,1,1,6,A13,0.0,0.0
201400048272,16,9,14,9,1,78,640,1,1,1,3,A86 INT,0.0,0.0
201400048273,16,9,14,21,3,78,217,1,1,1,5,A13,0.0,0.0
201400048274,17,9,14,14,1,92,63,1,1,1,6,A86,0.0,0.0
201400048275,18,9,14,2,5,78,431,1,1,1,2,A13,0.0,0.0
201400048276,18,9,14,18,1,92,64,1,1,1,5,A13,0.0,0.0
201400048277,21,9,14,6,3,92,25,1,1,2,6,A86,0.0,0.0
201400048278,21,9,14,9,1,78,490,1,1,3,6,RN12 INT,0.0,0.0
201400048279,21,9,14,12,1,78,640,1,1,8,4,A86 EXT,0.0,0.0
201400048280,21,9,14,14,1,92,64,1,1,8,6,A13,0.0,0.0
201400048281,21,9,14,18,1,78,291,1,1,1,2,A13,0.0,0.0
201400048282,21,9,14,19,2,78,640,1,1,1,2,A86 INT,0.0,0.0
201400048283,22,9,14,8,1,78,402,1,1,1,6,A13,0.0,0.0
201400048284,22,9,14,8,1,92,63,1,1,1,4,A86,0.0,0.0
201400048285,22,9,14,8,1,92,36,1,1,1,3,A86,0.0,0.0
201400048286,22,9,14,8,1,78,117,1,1,1,1,RN12,0.0,0.0
201400048287,22,9,14,10,1,92,50,1,1,1,4,A14,0.0,0.0
201400048288,22,9,14,17,1,92,47,1,1,1,2,A13,0.0,0.0
201400048289,23,9,14,8,1,78,43,1,1,1,6,A13Y,0.0,0.0
201400048290,23,9,14,10,1,78,126,1,1,1,2,A13,0.0,0.0
201400048291,24,9,14,6,1,78,524,1,1,1,3,A13,0.0,0.0
201400048292,24,9,14,11,1,78,545,1,1,1,3,NON UTILISEE,0.0,0.0
201400048293,24,9,14,17,1,78,73,1,1,1,4,A12 Y,0.0,0.0
201400048294,24,9,14,17,1,78,73,1,1,2,5,A12 Y,0.0,0.0
201400048295,24,9,14,22,5,92,50,1,1,2,6,A86,0.0,0.0
201400048296,26,9,14,9,1,78,646,1,1,1,3,RN12,0.0,0.0
201400048297,26,9,14,17,1,78,646,1,1,1,7,RN12,0.0,0.0
201400048298,26,9,14,19,5,92,26,1,1,1,2,RN1014 Y,0.0,0.0
201400048299,27,9,14,10,1,78,43,1,1,1,4,A13Y,0.0,0.0
201400048300,27,9,14,15,1,92,36,1,1,1,5,A86,0.0,0.0
201400048301,27,9,14,18,1,78,646,1,1,1,6,A86 DUPLEX,0.0,0.0
201400048302,28,9,14,17,1,78,43,1,1,1,2,A12 W,0.0,0.0
201400048303,28,9,14,19,5,92,50,1,1,1,6,A86,0.0,0.0
201400048304,29,9,14,8,1,78,423,1,1,3,2,A12 W,0.0,0.0
201400048305,29,9,14,8,1,78,43,1,1,3,6,A12 W,0.0,0.0
201400048306,30,9,14,7,1,78,73,1,1,1,2,A12 W,0.0,0.0
201400048307,30,9,14,8,1,92,50,1,1,1,3,A86,0.0,0.0
201400048308,30,9,14,15,1,78,640,1,9,1,3,N118,0.0,0.0
201400048309,30,9,14,17,1,92,50,1,1,1,7,A86,0.0,0.0
201400048310,2,10,14,9,1,92,50,1,1,1,2,A86,0.0,0.0
201400048311,2,10,14,9,1,92,12,1,1,1,3,A13,0.0,0.0
201400048312,2,10,14,10,1,92,47,1,1,1,5,A13,0.0,0.0
201400048313,3,10,14,18,1,92,50,1,1,1,4,A86,0.0,0.0
201400048314,5,10,14,18,1,92,36,1,1,1,2,A86,0.0,0.0
201400048315,7,10,14,8,1,78,640,1,1,8,7,N118,0.0,0.0
201400048316,7,10,14,9,1,78,640,1,1,8,2,N118,0.0,0.0
201400048317,7,10,14,9,1,92,36,1,1,1,7,A86,0.0,0.0
201400048318,7,10,14,20,5,78,133,1,1,1,7,A14,0.0,0.0
201400048319,9,10,14,7,2,78,490,1,1,8,3,RN12 EXT,0.0,0.0
201400048320,9,10,14,21,5,92,64,1,9,1,7,A13,0.0,0.0
201400048321,10,10,14,18,3,92,63,1,1,1,3,A86,0.0,0.0
201400048322,11,10,14,7,2,92,48,1,1,3,7,N118,0.0,0.0
201400048323,11,10,14,16,1,78,140,1,1,1,7,A13,0.0,0.0
201400048324,11,10,14,17,1,78,43,1,1,1,7,A13Y,0.0,0.0
201400048325,11,10,14,22,3,78,322,1,1,1,7,RN12 EXT,0.0,0.0
201400048326,12,10,14,23,3,78,165,1,1,8,7,RN12 INT,0.0,0.0
201400048327,13,10,14,8,1,92,36,1,1,1,3,A86,0.0,0.0
201400048328,13,10,14,8,5,92,62,1,1,1,2,RN1014 W,0.0,0.0
201400048329,14,10,14,12,1,92,50,1,1,2,7,A14,0.0,0.0
201400048330,14,10,14,13,1,78,73,1,1,1,2,N12Y,0.0,0.0
201400048331,15,10,14,13,1,92,64,1,1,2,6,A13,0.0,0.0
201400048332,15,10,14,13,1,92,64,1,1,1,2,A13,0.0,0.0
201400048333,15,10,14,19,1,78,640,1,1,1,2,A86 EXT,0.0,0.0
201400048334,16,10,14,7,2,78,291,1,1,1,4,A13,0.0,0.0
201400048335,16,10,14,18,1,92,26,1,1,1,3,RN1014 Y,0.0,0.0
201400048336,17,10,14,8,1,78,524,1,1,1,3,A13,0.0,0.0
201400048337,18,10,14,0,3,78,206,1,1,1,3,A13,0.0,0.0
201400048338,18,10,14,1,3,92,36,1,1,1,4,A86,0.0,0.0
201400048339,18,10,14,13,1,78,640,1,1,1,3,N118,0.0,0.0
201400048340,20,10,14,9,1,92,50,1,1,1,2,A14,0.0,0.0
201400048341,21,10,14,8,1,92,25,1,1,1,3,A86,0.0,0.0
201400048342,22,10,14,9,1,78,423,1,1,1,2,RN12,0.0,0.0
201400048343,22,10,14,17,1,92,50,1,1,1,6,A86,0.0,0.0
201400048344,22,10,14,19,4,78,646,1,1,1,7,RN12,0.0,0.0
201400048345,23,10,14,8,2,92,50,1,1,1,6,A86,0.0,0.0
201400048346,23,10,14,8,2,78,640,1,1,1,2,A86 EXT,0.0,0.0
201400048347,23,10,14,15,1,78,646,1,1,1,7,RN12,0.0,0.0
201400048348,23,10,14,20,5,92,25,1,1,1,5,A86,0.0,0.0
201400048349,24,10,14,15,1,78,640,1,1,1,2,N118,0.0,0.0
201400048350,25,10,14,8,1,92,50,1,1,1,7,A86,0.0,0.0
201400048351,25,10,14,10,1,78,640,1,1,2,7,N118,0.0,0.0
201400048352,25,10,14,11,1,78,640,1,1,2,2,A86 EXT,0.0,0.0
201400048353,26,10,14,0,4,78,140,1,1,1,6,A13,0.0,0.0
201400048354,26,10,14,15,1,92,64,1,1,1,2,A13,0.0,0.0
201400048355,26,10,14,21,3,78,402,1,1,1,6,A13,0.0,0.0
201400048356,27,10,14,19,3,78,640,1,1,1,4,N118,0.0,0.0
201400048357,27,10,14,20,3,92,23,1,1,1,2,RN385,0.0,0.0
201400048358,21,10,14,12,1,92,51,1,1,1,7,RN13,0.0,0.0
201400048359,29,10,14,8,1,78,291,1,1,1,7,A13,0.0,0.0
201400048360,29,10,14,8,1,78,545,1,1,1,4,A12 Y,0.0,0.0
201400048361,29,10,14,9,1,78,423,1,1,8,3,N12W,0.0,0.0
201400048362,29,10,14,9,1,78,43,1,1,1,5,A12 Y,0.0,0.0
201400048363,30,10,14,7,1,78,466,1,1,1,5,A13,0.0,0.0
201400048364,31,10,14,14,1,78,431,1,1,1,3,A13,0.0,0.0
201400048365,1,11,14,2,3,78,133,1,1,1,5,A13,0.0,0.0
201400048366,1,11,14,8,1,78,640,1,1,1,6,A86 EXT,0.0,0.0
201400048367,1,11,14,10,1,78,118,1,1,1,5,A13,0.0,0.0
201400048368,1,11,14,21,3,78,206,1,1,1,3,A13,0.0,0.0
201400048369,2,11,14,11,1,78,423,1,1,1,4,RN12,0.0,0.0
201400048370,3,11,14,3,5,92,64,1,1,1,1,A13,0.0,0.0
201400048371,3,11,14,5,3,92,47,1,1,8,1,A13,0.0,0.0
201400048372,3,11,14,6,3,78,43,1,1,8,7,A12 W,0.0,0.0
201400048373,4,11,14,7,1,75,116,1,1,1,6,A13Y,0.0,0.0
201400048374,4,11,14,17,2,92,50,1,1,1,2,A86,0.0,0.0
201400048375,5,11,14,8,2,78,297,1,1,1,5,RN12,0.0,0.0
201400048376,5,11,14,8,1,78,73,1,1,1,7,A12 Y,0.0,0.0
201400048377,5,11,14,23,5,92,50,1,1,1,3,A14,0.0,0.0
201400048378,7,11,14,22,5,92,64,1,1,1,2,A13,0.0,0.0
201400048379,8,11,14,16,1,92,72,1,1,1,7,N118,0.0,0.0
201400048380,10,11,14,9,1,92,62,1,1,1,2,A14,0.0,0.0
201400048381,12,11,14,6,3,92,51,1,1,1,3,RN13,0.0,0.0
201400048382,14,11,14,23,3,92,51,1,1,1,3,RN13,0.0,0.0
201400048383,14,11,14,7,3,92,25,1,1,1,3,A86,0.0,0.0
201400048384,14,11,14,11,1,92,51,1,1,2,6,RN13,0.0,0.0
201400048385,14,11,14,15,1,92,72,1,1,2,6,N118,0.0,0.0
201400048386,15,11,14,8,1,78,29,1,1,8,6,A13Y,0.0,0.0
201400048387,15,11,14,15,1,78,431,1,1,1,6,A13,0.0,0.0
201400048388,16,11,14,17,3,78,640,1,1,2,5,A86 EXT,0.0,0.0
201400048389,16,11,14,18,3,92,51,1,1,2,7,RN13,0.0,0.0
201400048390,16,11,14,21,5,92,63,1,1,2,6,A86,0.0,0.0
201400048391,17,11,14,1,4,78,297,1,1,2,6,NON UTILISEE,0.0,0.0
201400048392,17,11,14,18,5,92,50,1,1,2,7,A86,0.0,0.0
201400048393,18,11,14,8,1,92,48,1,1,2,7,N118,0.0,0.0
201400048394,18,11,14,8,3,78,545,1,1,1,3,A12 W,0.0,0.0
201400048395,18,11,14,9,1,78,545,1,1,2,3,A12 W,0.0,0.0
201400048396,18,11,14,13,1,78,640,1,1,8,7,A86 INT,0.0,0.0
201400048397,18,11,14,15,1,78,646,1,1,8,4,RN12,0.0,0.0
201400048398,18,11,14,16,1,92,25,1,1,8,4,A86,0.0,0.0
201400048399,18,11,14,20,4,92,47,1,1,2,7,A13,0.0,0.0
201400048400,19,11,14,8,1,92,50,1,1,1,3,A86,0.0,0.0
201400048401,19,11,14,8,1,78,423,1,1,5,6,RN12,0.0,0.0
201400048402,19,11,14,17,3,78,423,1,1,1,6,RN12,0.0,0.0
201400048403,20,11,14,6,5,92,50,1,1,1,3,A86,0.0,0.0
201400048404,20,11,14,6,5,92,50,1,1,8,4,A14,0.0,0.0
201400048405,20,11,14,7,2,92,50,1,1,8,2,A86,0.0,0.0
201400048406,20,11,14,16,2,92,60,1,1,8,7,RN385,0.0,0.0
201400048407,20,11,14,17,3,78,242,1,1,2,2,A12 W,0.0,0.0
201400048408,21,11,14,1,4,78,423,1,1,1,7,NON UTILISEE,0.0,0.0
201400048409,21,11,14,17,3,78,646,1,1,1,3,RN12,0.0,0.0
201400048410,22,11,14,14,1,92,26,1,1,1,2,RN192,0.0,0.0
201400048411,23,11,14,18,3,78,291,1,1,1,2,A13,0.0,0.0
201400048412,24,11,14,8,1,78,133,1,1,2,5,A13,0.0,0.0
201400048413,24,11,14,9,1,78,233,1,1,8,2,A13,0.0,0.0
201400048414,25,11,14,8,1,92,50,1,1,1,7,A14,0.0,0.0
201400048415,25,11,14,9,1,92,50,1,1,8,6,A14,0.0,0.0
201400048416,26,11,14,17,3,92,25,1,1,2,6,A86,0.0,0.0
201400048417,27,11,14,18,3,78,297,1,1,1,7,RN12,0.0,0.0