Num_Acc,jour,mois,an,hr,condition_eclairage,departement,commune,condition_agglomeration,intersection,condition_atmosphere,type_collision,adresse,lattitude,longitude
201400048418,27,11,14,20,3,78,158,1,1,1,2,A13,0.0,0.0
201400048419,28,11,14,9,1,78,640,1,1,1,7,A86 EXT,0.0,0.0
201400048420,28,11,14,17,2,92,25,1,1,1,3,A86,0.0,0.0
201400048421,28,11,14,17,3,92,63,1,1,2,6,A86,0.0,0.0
201400048422,28,11,14,17,3,78,43,1,1,2,7,A13Y,0.0,0.0
201400048423,28,11,14,19,3,92,25,1,1,1,3,A86,0.0,0.0
201400048424,30,11,14,6,2,92,62,1,1,1,2,A14,0.0,0.0
201400048425,30,11,14,13,1,78,217,1,1,5,6,A13,0.0,0.0
201400048426,2,12,14,8,1,92,25,1,1,8,2,A86,0.0,0.0
201400048427,3,12,14,0,3,92,36,1,1,2,6,A86,0.0,0.0
201400048428,3,12,14,8,1,78,640,1,1,5,3,A86 EXT,0.0,0.0
201400048429,3,12,14,9,1,92,47,1,1,4,5,A13,0.0,0.0
201400048430,4,12,14,9,1,78,117,1,1,1,3,RN12,0.0,0.0
201400048431,4,12,14,21,3,78,455,1,1,1,6,A13,0.0,0.0
201400048432,5,12,14,20,3,92,64,1,1,2,4,A13,0.0,0.0
201400048433,6,12,14,3,5,92,63,1,1,1,6,A86,0.0,0.0
201400048434,7,12,14,15,1,78,90,1,1,2,2,A13,0.0,0.0
201400048435,8,12,14,10,1,92,36,1,1,2,2,A86,0.0,0.0
201400048436,8,12,14,17,5,92,48,1,1,2,5,N118,0.0,0.0
201400048437,8,12,14,19,5,92,60,1,1,1,5,RN385,0.0,0.0
201400048438,9,12,14,23,3,78,466,1,1,8,6,A13,0.0,0.0
201400048439,9,12,14,8,1,92,50,1,1,1,2,A86,0.0,0.0
201400048440,10,12,14,9,1,78,322,1,1,2,3,RN12 EXT,0.0,0.0
201400048441,10,12,14,9,1,92,48,1,1,2,7,N118,0.0,0.0
201400048442,11,12,14,14,1,92,50,1,1,1,2,A86,0.0,0.0
201400048443,12,12,14,14,1,92,36,1,1,2,2,A86,0.0,0.0
201400048444,12,12,14,17,3,78,431,1,1,3,4,A13,0.0,0.0
201400048445,13,12,14,6,3,78,217,1,1,3,6,A13,0.0,0.0
201400048446,13,12,14,9,1,78,498,1,1,3,6,A13,0.0,0.0
201400048447,13,12,14,13,1,92,36,1,1,2,2,A86,0.0,0.0
201400048448,14,12,14,23,3,78,291,1,1,1,6,A13,0.0,0.0
201400048449,14,12,14,0,3,78,640,1,1,8,7,A86 EXT,0.0,0.0
201400048450,14,12,14,8,1,92,25,1,1,5,6,A86,0.0,0.0
201400048451,14,12,14,15,1,92,63,1,1,8,6,A86,0.0,0.0
201400048452,14,12,14,20,5,92,62,1,1,1,2,RN1014 W,0.0,0.0
201400048453,15,12,14,7,5,78,291,1,1,2,5,A13,0.0,0.0
201400048454,15,12,14,9,1,92,64,1,1,2,3,A13,0.0,0.0
201400048455,16,12,14,16,1,78,206,1,1,1,6,A13,0.0,0.0
201400048456,17,12,14,8,1,78,43,1,1,3,7,A13W,0.0,0.0
201400048457,17,12,14,9,1,78,640,1,1,2,7,N118,0.0,0.0
201400048458,17,12,14,18,3,78,291,1,1,2,2,A13,0.0,0.0
201400048459,17,12,14,20,5,92,64,1,1,2,7,A13,0.0,0.0
201400048460,18,12,14,0,4,78,431,1,1,2,6,A13,0.0,0.0
201400048461,19,12,14,10,1,92,72,1,1,2,4,N118,0.0,0.0
201400048462,19,12,14,20,3,78,402,1,1,1,6,A13,0.0,0.0
201400048463,20,12,14,14,1,78,571,1,1,1,7,A13,0.0,0.0
201400048464,21,12,14,14,1,92,64,1,1,1,2,A13,0.0,0.0
201400048465,21,12,14,19,3,78,238,1,1,1,3,A13,0.0,0.0
201400048466,22,12,14,18,5,92,12,1,1,1,3,A13,0.0,0.0
201400048467,23,12,14,18,3,78,402,1,1,2,4,A13,0.0,0.0
201400048468,23,12,14,19,5,92,48,1,1,2,5,N118,0.0,0.0
201400048469,23,12,14,19,3,78,133,1,1,1,2,A13,0.0,0.0
201400048470,24,12,14,18,4,78,7,1,1,2,5,A13 Y,0.0,0.0
201400048471,24,12,14,19,3,78,133,1,1,1,6,A14,0.0,0.0
201400048472,26,12,14,5,3,78,571,1,1,8,2,A13,0.0,0.0
201400048473,26,12,14,12,1,92,62,1,1,1,2,RN1014 W,0.0,0.0
201400048474,27,12,14,6,3,78,73,1,1,6,6,RN12 INT,0.0,0.0
201400048475,27,12,14,13,1,78,640,1,1,2,2,A86 INT,0.0,0.0
201400048476,28,12,14,12,1,78,217,1,1,1,6,A13,0.0,0.0
201400048477,30,12,14,7,5,78,396,1,1,1,6,A14,0.0,0.0
201400048478,2,1,14,8,1,91,216,1,1,2,3,AUTOROUTE A6,0.0,0.0
201400048479,2,1,14,9,1,91,659,1,1,1,6,AUTOROUTE A6,0.0,0.0
201400048480,2,1,14,11,1,91,136,1,1,1,7,AUTOROUTE A10,0.0,0.0
201400048481,2,1,14,12,1,91,64,1,1,1,6,RN 118,0.0,0.0
201400048482,4,1,14,12,1,91,617,1,1,1,6,RN 104 INT / A5A PROVINC,0.0,0.0
201400048483,6,1,14,5,3,94,65,1,1,1,6,AUTOROUTE A86,48.755,2.34447
201400048484,6,1,14,6,2,91,235,1,1,1,3,RN 104,0.0,0.0
201400048485,7,1,14,7,2,91,161,1,1,1,5,AUTOROUTE A6,0.0,0.0
201400048486,7,1,14,9,1,91,521,1,1,1,3,AUTOROUTE A6,0.0,0.0
201400048487,7,1,14,10,1,91,521,1,1,1,4,AUTOROUTE A6,0.0,0.0
201400048488,9,1,14,7,3,77,251,1,1,1,5,AUTOROUTE A5A,0.0,0.0
201400048489,9,1,14,9,1,91,689,1,1,1,2,AUTOROUTE A6,0.0,0.0
201400048490,10,1,14,7,3,91,64,1,1,1,3,RN 118,0.0,0.0
201400048491,11,1,14,0,3,91,617,1,1,2,3,AUTOROUTE A5A,0.0,0.0
201400048492,12,1,14,1,5,94,3,1,1,1,6,AUTOROUTE A6B,48.8027,2.34355
201400048493,11,1,14,10,1,91,345,1,1,1,4,AUTOROUTE A6,0.0,0.0
201400048494,11,1,14,12,1,94,38,1,1,1,3,AUTOROUTE A6B,48.7722,2.34526
201400048495,11,1,14,14,1,91,64,1,1,1,4,RN 118,0.0,0.0
201400048496,11,1,14,18,3,91,521,1,1,1,7,AUTOROUTE A6,0.0,0.0
201400048497,13,1,14,13,1,94,38,1,1,1,4,AUTOROUTE A6B,48.7882,2.34543
201400048498,13,1,14,18,3,91,136,1,1,1,4,AUTOROUTE A10,0.0,0.0
201400048499,13,1,14,18,3,91,228,1,9,2,5,RN 104,0.0,0.0
201400048500,13,1,14,19,3,91,477,1,1,1,2,AUTOROUTE A126,0.0,0.0
201400048501,14,1,14,20,3,91,687,1,1,1,2,AUTOROUTE A6,0.0,0.0
201400048502,15,1,14,9,1,91,161,1,1,1,3,AUTOROUTE A6,0.0,0.0
201400048503,15,1,14,17,5,91,689,1,1,2,2,AUTOROUTE A6B,0.0,0.0
201400048504,15,1,14,20,4,94,34,1,1,1,2,AUTOROUTE A86,48.7616,2.31576
201400048505,19,1,14,10,1,94,21,1,1,1,7,AUTOROUTE A6B,48.7725,2.34532
201400048506,19,1,14,11,1,92,19,1,1,1,7,RN 385,0.0,0.0
201400048507,20,1,14,11,1,94,34,1,1,8,6,AUTOROUTE A86,48.7602,2.3205
201400048508,21,1,14,18,3,91,228,1,1,1,3,RN 104,0.0,0.0
201400048509,22,1,14,18,3,92,2,1,1,3,7,RN 385 INT,0.0,0.0
201400048510,23,1,14,8,1,91,363,1,1,8,3,RN 104,0.0,0.0
201400048511,23,1,14,18,3,94,38,1,1,3,3,AUTOROUTE A6A,48.7874,2.34522
201400048512,24,1,14,10,1,91,286,1,1,8,5,AUTOROUTE A6,0.0,0.0
201400048513,24,1,14,11,1,91,174,1,1,1,3,RN 104,0.0,0.0
201400048514,24,1,14,11,1,91,339,1,1,1,7,RN 104,0.0,0.0
201400048515,25,1,14,6,3,77,251,1,1,2,2,AUTOROUTE A5A,0.0,0.0
201400048516,25,1,14,8,2,91,286,1,1,1,7,AUTOROUTE A6,0.0,0.0
201400048517,25,1,14,12,1,91,347,1,1,1,7,RN 104,0.0,0.0
201400048518,26,1,14,14,1,91,659,1,1,1,7,AUTOROUTE A6,0.0,0.0
201400048519,26,1,14,18,3,94,34,1,1,1,2,AUTOROUTE A86,48.7619,2.31453
201400048520,26,1,14,21,3,91,477,1,1,1,7,AUTOROUTE A10,0.0,0.0
201400048521,28,1,14,17,2,91,64,1,1,1,3,RN 118,0.0,0.0
201400048522,30,1,14,8,3,94,38,1,1,1,2,AUTOROUTE A6A,48.7872,2.34515
201400048523,30,1,14,14,1,94,34,1,1,1,7,AUTOROUTE A86,48.7562,2.34072
201400048524,30,1,14,21,5,94,38,1,1,8,5,AUTOROUTE A6B,48.7876,2.3447
201400048525,31,1,14,5,3,91,345,1,1,5,4,AUTOROUTE A6,0.0,0.0
201400048526,31,1,14,9,1,91,179,1,1,5,3,AUTOROUTE A6,0.0,0.0
201400048527,1,2,14,14,1,91,340,1,1,1,3,AUTOROUTE A6,0.0,0.0
201400048528,2,2,14,14,1,91,86,1,1,1,4,RN 104,0.0,0.0
201400048529,3,2,14,8,2,94,21,1,1,1,3,AUTOROUTE A6B,48.7643,2.34312
201400048530,5,2,14,13,1,92,2,1,1,1,5,AUTOROUTE A10,0.0,0.0
201400048531,6,2,14,19,3,91,64,1,1,1,3,RN 118,0.0,0.0
201400048532,7,2,14,5,1,94,38,1,1,1,6,AUTOROUTE A6B,48.7874,2.34482
201400048533,8,2,14,7,3,91,534,1,1,1,7,RN 118,0.0,0.0
201400048534,8,2,14,15,1,91,136,1,1,1,1,AUTOROUTE A126,0.0,0.0
201400048535,8,2,14,23,3,91,521,1,1,2,7,RN 104,0.0,0.0
201400048536,9,2,14,8,1,91,161,1,1,1,7,AUTOROUTE A6,0.0,0.0
201400048537,9,2,14,18,3,91,161,1,1,1,5,AUTOROUTE A6,0.0,0.0
201400048538,10,2,14,12,1,91,471,1,1,1,1,RN 188 CHEVREUSE,0.0,0.0
201400048539,10,2,14,17,1,91,161,1,1,1,6,AUTOROUTE A6,0.0,0.0
201400048540,10,2,14,18,3,91,182,1,1,1,2,RN 104,0.0,0.0
201400048541,11,2,14,7,2,91,86,1,1,1,7,RN 104,0.0,0.0
201400048542,11,2,14,20,5,94,21,1,1,1,6,AUTOROUTE A106,48.7611,2.34513
201400048543,12,2,14,8,3,91,286,1,1,1,7,AUTOROUTE A6,0.0,0.0
201400048544,13,2,14,16,1,91,161,1,1,2,2,AUTOROUTE A6,0.0,0.0
201400048545,13,2,14,18,3,91,161,1,1,1,2,AUTOROUTE A6,0.0,0.0
201400048546,14,2,14,9,1,94,34,1,1,2,5,AUTOROUTE A86,48.7591,2.32411
201400048547,14,2,14,17,1,94,65,1,1,1,3,AUTOROUTE A86,48.7556,2.34337
201400048548,15,2,14,17,1,91,570,1,1,1,3,N 104,0.0,0.0
201400048549,15,2,14,19,3,91,659,1,1,1,6,AUTOROUTE A6,0.0,0.0
201400048550,15,2,14,19,5,94,43,1,1,1,5,AUTOROUTE A6B,48.815,2.35589
201400048551,16,2,14,7,3,91,347,1,1,1,6,N 104,0.0,0.0
201400048552,19,2,14,11,1,91,689,1,1,1,5,AUTOROUTE A6B,0.0,0.0
201400048553,21,2,14,18,2,91,659,1,1,1,4,AUTOROUTE A6,0.0,0.0
201400048554,22,2,14,8,1,91,659,1,1,2,6,AUTOROUTE A6,0.0,0.0
201400048555,23,2,14,16,1,91,687,1,1,1,6,AUTOROUTE A6,0.0,0.0
201400048556,23,2,14,21,3,91,136,1,1,1,4,AUTOROUTE A126,0.0,0.0
201400048557,25,2,14,20,3,91,161,1,1,1,4,AUTOROUTE A6,0.0,0.0
201400048558,26,2,14,9,1,94,43,1,1,1,7,AUTOROUTE A6B,48.8151,2.35595
201400048559,26,2,14,12,1,91,216,1,1,1,4,AUTOROUTE A6,0.0,0.0
201400048560,27,2,14,11,1,91,659,1,1,3,3,AUTOROUTE A6,0.0,0.0
201400048561,27,2,14,16,1,91,377,1,1,1,4,AUTOROUTE A10,0.0,0.0
201400048562,28,2,14,12,1,91,521,1,1,2,3,RN 104,0.0,0.0
201400048563,28,2,14,16,1,91,235,1,1,2,4,RN 104,0.0,0.0
201400048564,1,3,14,4,3,91,161,1,1,1,6,AUTOROUTE A126,0.0,0.0
201400048565,1,3,14,7,2,91,161,1,1,1,6,AUTOROUTE A6,0.0,0.0
201400048566,1,3,14,17,1,91,471,1,1,1,7,RN 118,0.0,0.0
201400048567,2,3,14,12,1,91,589,1,1,1,4,AUTOROUTE A6,0.0,0.0
201400048568,2,3,14,15,1,91,570,1,1,1,7,RN 104,0.0,0.0
201400048569,2,3,14,23,5,94,38,1,1,2,6,AUTOROUTE A6A,48.7872,2.34515
201400048570,3,3,14,14,1,94,43,1,1,1,7,AUTOROUTE A6B,48.8151,2.35582
201400048571,4,3,14,6,2,94,38,1,1,1,7,AUTOROUTE A6A,48.7874,2.34524
201400048572,4,3,14,21,4,91,136,1,1,1,7,AUTOROUTE A10,0.0,0.0
201400048573,5,3,14,3,3,91,136,1,1,1,6,RN20,0.0,0.0
201400048574,5,3,14,7,2,91,179,1,1,1,6,AUTOROUTE A6,0.0,0.0
201400048575,5,3,14,8,1,91,235,1,1,1,4,RN 104,0.0,0.0
201400048576,5,3,14,10,1,91,521,1,1,1,5,AUTOROUTE A6,0.0,0.0
201400048577,5,3,14,14,1,91,64,1,1,1,6,RN 118,0.0,0.0
201400048578,6,3,14,1,5,94,34,1,1,1,5,AUTOROUTE A6A,48.7514,2.32979
201400048579,6,3,14,9,1,91,553,1,1,1,3,RN 104,0.0,0.0
201400048580,6,3,14,18,1,91,471,1,1,1,7,RN 118,0.0,0.0
201400048581,6,3,14,18,1,92,2,1,1,1,4,AUTOROUTE A10,0.0,0.0
201400048582,7,3,14,17,1,94,34,1,1,1,5,AUTOROUTE A6A,48.7559,2.33392
201400048583,7,3,14,17,1,94,3,1,1,1,3,AUTOROUTE A6B,48.8006,2.34375
201400048584,7,3,14,18,1,91,161,1,2,1,2,CARREFOUR RN20 / CD120,0.0,0.0
201400048585,8,3,14,5,3,91,363,1,1,1,2,RN 118,0.0,0.0
201400048586,8,3,14,14,1,91,589,1,1,1,5,AUTOROUTE A6,0.0,0.0
201400048587,9,3,14,4,5,91,161,1,1,1,4,AUTOROUTE A6,0.0,0.0
201400048588,9,3,14,8,1,91,161,1,1,1,6,AUTOROUTE A6,0.0,0.0
201400048589,9,3,14,20,3,94,65,1,1,1,3,AUTOROUTE A106,48.7492,2.35708
201400048590,11,3,14,9,1,94,34,1,1,1,3,AUTOROUTE A6A,48.7547,2.33301
201400048591,11,3,14,15,1,77,296,1,1,1,5,AUTOROUTE A5A,0.0,0.0
201400048592,11,3,14,19,1,91,312,1,1,1,2,RD 444,0.0,0.0
201400048593,11,3,14,9,1,91,589,1,1,1,7,AUTOROUTE A6,0.0,0.0
201400048594,12,3,14,16,1,91,182,1,1,1,3,RN 104,0.0,0.0
201400048595,12,3,14,16,1,91,235,1,1,1,3,RN 104,0.0,0.0
201400048596,13,3,14,6,3,91,553,1,1,1,3,RN 104,0.0,0.0
201400048597,13,3,14,7,1,94,76,1,1,1,7,AUTOROUTE A6B,48.7925,2.3448
201400048598,13,3,14,7,1,91,471,1,1,1,5,RN 188 CHEVREUSE,0.0,0.0
201400048599,13,3,14,17,5,94,43,1,1,1,7,AUTOROUTE A6B,48.8151,2.35582
201400048600,13,3,14,19,3,91,521,1,1,1,7,RN 104,0.0,0.0
201400048601,14,3,14,5,2,91,161,1,1,1,7,AUTOROUTE A6,0.0,0.0
201400048602,14,3,14,10,1,91,377,1,1,1,5,AUTOROUTE A10,0.0,0.0
201400048603,16,3,14,6,5,94,38,1,1,1,2,AUTOROUTE A6A,48.7872,2.34515
201400048604,16,3,14,21,3,91,661,1,1,1,7,RN 188 CHEVREUSE,0.0,0.0
201400048605,17,3,14,16,1,91,182,1,1,1,2,AUTOROUTE A6,0.0,0.0
201400048606,18,3,14,9,1,94,3,1,1,1,3,AUTOROUTE A6A,48.8011,2.34196
201400048607,19,3,14,7,2,91,689,1,1,1,2,AUTOROUTE A6A,0.0,0.0
201400048608,19,3,14,17,1,91,216,1,1,1,3,AUTOROUTE A6,0.0,0.0
201400048609,20,3,14,18,1,91,182,1,1,1,2,RN 104,0.0,0.0
201400048610,21,3,14,3,3,91,312,1,1,1,5,RN 444,0.0,0.0
201400048611,21,3,14,12,1,91,589,1,1,1,6,AUTOROUTE A6,0.0,0.0
201400048612,24,3,14,7,2,91,471,1,1,1,4,RN 118,0.0,0.0
201400048613,24,3,14,9,1,91,434,1,1,1,4,AUTOROUTE A6,0.0,0.0
201400048614,24,3,14,20,3,91,312,1,1,1,6,RD 444,0.0,0.0
201400048615,25,3,14,7,2,91,521,1,1,2,3,RN 441,0.0,0.0
201400048616,25,3,14,8,1,91,692,1,1,2,5,RN 118,0.0,0.0
201400048617,25,3,14,10,1,91,377,1,1,2,3,AUTOROUTE A10,0.0,0.0
201400048618,25,3,14,14,1,91,521,1,1,2,6,RN 449,0.0,0.0
201400048619,25,3,14,17,1,91,549,1,1,1,2,RN 104,0.0,0.0
201400048620,26,3,14,18,2,91,182,1,1,1,4,AUTOROUTE A6,0.0,0.0
201400048621,27,3,14,16,1,94,34,1,1,1,2,AUTOROUTE A6B,48.7513,2.32941
201400048622,27,3,14,19,2,94,34,1,1,1,2,AUTOROUTE A6B,48.7577,2.33603
201400048623,28,3,14,2,3,91,661,1,1,1,6,AUTOROUTE A10,0.0,0.0
201400048624,29,3,14,15,1,91,661,1,1,1,3,AUTOROUTE A10,0.0,0.0
201400048625,31,3,14,7,2,91,689,1,1,1,2,AUTOROUTE A6B,0.0,0.0
201400048626,31,3,14,14,1,91,477,1,1,1,2,AUTOROUTE A10,0.0,0.0
201400048627,1,4,14,7,1,92,2,1,1,1,5,AUTOROUTE A86,0.0,0.0
201400048628,1,4,14,11,1,91,689,1,1,1,4,AUTOROUTE A6B,0.0,0.0
201400048629,2,4,14,10,1,91,521,1,1,1,3,AUTOROUTE A6,0.0,0.0
201400048630,3,4,14,5,3,91,689,1,1,1,6,AUTOROUTE A6B,0.0,0.0
201400048631,3,4,14,8,1,91,689,1,1,1,3,AUTOROUTE A10,0.0,0.0
201400048632,3,4,14,16,1,91,235,1,1,1,7,RN 104,0.0,0.0
201400048633,4,4,14,18,1,91,179,1,1,1,7,AUTOROUTE A6,0.0,0.0
201400048634,6,4,14,7,2,94,21,1,1,1,7,AUTOROUTE A106,48.765,2.34348
201400048635,6,4,14,7,2,91,286,1,1,1,6,AUTOROUTE A6,0.0,0.0
201400048636,7,4,14,10,1,94,3,1,1,1,4,AUTOROUTE A6A,48.8089,2.33976
201400048637,19,4,14,12,1,94,3,1,1,1,2,AUTOROUTE A6A,48.8055,2.34182
201400048638,8,4,14,9,1,91,589,1,1,1,5,AUTOROUTE A6,0.0,0.0
201400048639,9,4,14,9,1,94,37,1,1,1,7,AUTOROUTE A6A,48.8164,2.33674
201400048640,9,4,14,10,1,91,363,1,1,1,7,RN 104,0.0,0.0
201400048641,9,4,14,11,1,91,521,1,1,1,2,AUTOROUTE A6,0.0,0.0
201400048642,9,4,14,13,1,91,589,1,1,1,4,AUTOROUTE A6,0.0,0.0
201400048643,9,4,14,18,1,91,432,1,1,1,2,AUTOROUTE A6,0.0,0.0
201400048644,10,4,14,13,1,94,38,1,1,1,6,AUTOROUTE A6B,48.7882,2.3454
201400048645,12,4,14,14,1,94,38,1,1,1,6,AUTOROUTE A6A,48.7872,2.34533
201400048646,13,4,14,7,2,91,477,1,1,1,7,AUTOROUTE A10,0.0,0.0
201400048647,15,4,14,9,1,91,434,1,1,1,3,AUTOROUTE A6,0.0,0.0
201400048648,16,4,14,8,1,91,86,1,1,1,2,RN 104,0.0,0.0
201400048649,16,4,14,9,1,92,19,1,1,1,6,"57.600, RN 385 Ext?rieur",0.0,0.0
201400048650,17,4,14,18,1,91,377,1,1,1,4,AUTOROUTE A10,0.0,0.0
201400048651,17,4,14,19,1,91,339,1,1,1,7,RN 104,0.0,0.0
201400048652,17,4,14,0,3,91,377,1,1,1,2,RN20,0.0,0.0
201400048653,17,4,14,21,1,91,377,1,1,1,3,AUTOROUTE A10,0.0,0.0
201400048654,18,4,14,14,1,94,34,1,1,1,4,AUTOROUTE A86,48.7591,2.32411
201400048655,19,4,14,17,1,94,38,1,1,8,7,AUTOROUTE A6A,48.7881,2.34491
201400048656,20,4,14,6,2,91,689,1,1,1,4,AUTOROUTE A6B,0.0,0.0
201400048657,22,4,14,18,1,91,228,1,1,1,6,AUTOROUTE A6,0.0,0.0
201400048658,24,4,14,0,3,91,534,1,1,2,3,RN 118,0.0,0.0
201400048659,24,4,14,15,1,91,161,1,1,1,3,AUTOROUTE A6,0.0,0.0
201400048660,25,4,14,6,2,94,34,1,1,1,2,AUTOROUTE A86,48.7591,2.32388
201400048661,25,4,14,8,1,91,136,1,1,1,7,RN 188 PARIS / A 10 PARI,0.0,0.0
201400048662,25,4,14,8,1,91,477,1,1,1,7,AUTOROUTE A10,0.0,0.0
201400048663,26,4,14,3,3,91,161,1,1,8,6,AUTOROUTE A6,0.0,0.0
201400048664,27,4,14,0,3,91,136,1,1,8,6,RN 188 PARIS / A 10 PARI,0.0,0.0
201400048665,27,4,14,5,3,94,38,1,1,1,6,AUTOROUTE A6B,48.7879,2.34454
201400048666,27,4,14,11,1,91,521,1,1,1,7,RN 449,0.0,0.0
201400048667,27,4,14,13,1,94,43,1,1,1,4,AUTOROUTE A6B,48.8128,2.35369
201400048668,27,4,14,16,1,91,534,1,1,1,2,RN 118,0.0,0.0
201400048669,27,4,14,20,1,91,534,1,1,1,6,RN 118,0.0,0.0
201400048670,27,4,14,22,3,91,64,1,1,1,7,RD 444,0.0,0.0
201400048671,28,4,14,10,1,91,477,1,1,1,7,AUTOROUTE A10,0.0,0.0
201400048672,29,4,14,19,1,94,43,1,1,1,6,AUTOROUTE A6B,48.8142,2.35511
201400048673,29,4,14,19,1,91,659,1,1,1,7,AUTOROUTE A6,0.0,0.0
201400048674,30,4,14,5,5,91,570,1,1,8,7,RN 104,0.0,0.0
201400048675,30,4,14,19,1,77,251,1,1,1,7,AUTOROUTE A5A,0.0,0.0
201400048676,1,5,14,1,3,91,570,1,1,1,5,RN 104,0.0,0.0
201400048677,1,5,14,22,3,94,43,1,1,2,5,AUTOROUTE A6B,48.8132,2.35399
201400048678,2,5,14,22,5,91,161,1,1,1,1,AUTOROUTE A6,0.0,0.0
201400048679,3,5,14,0,5,94,38,1,1,1,5,AUTOROUTE A6A,48.7777,2.34623
201400048680,2,5,14,23,5,94,43,1,1,1,6,AUTOROUTE A6B,48.8134,2.35435
201400048681,3,5,14,1,5,91,687,1,1,1,5,AUTOROUTE A6,0.0,0.0
201400048682,5,5,14,18,1,91,553,1,1,1,3,RN 104,0.0,0.0
201400048683,6,5,14,7,1,91,521,1,1,2,4,AUTOROUTE A6,0.0,0.0
201400048684,7,5,14,19,1,91,549,1,1,1,2,RN 104,0.0,0.0
201400048685,8,5,14,14,1,94,34,1,1,2,4,AUTOROUTE A6B,48.7569,2.33511
201400048686,8,5,14,18,1,91,477,1,1,2,7,AUTOROUTE A10,0.0,0.0
201400048687,9,5,14,14,1,91,377,1,1,2,2,RN20,0.0,0.0
201400048688,10,5,14,16,1,91,521,1,1,2,3,RN 449,0.0,0.0
201400048689,12,5,14,8,1,94,37,1,1,1,3,AUTOROUTE A6A,48.8147,2.33635
201400048690,12,5,14,8,1,91,377,1,1,2,3,AUTOROUTE A10,0.0,0.0
201400048691,12,5,14,14,1,91,689,1,1,2,2,AUTOROUTE A6A,0.0,0.0
201400048692,13,5,14,4,3,91,661,1,1,1,2,AUTOROUTE A10,0.0,0.0
201400048693,13,5,14,13,1,91,182,1,1,2,2,RN 104,0.0,0.0
201400048694,14,5,14,14,1,94,3,1,1,1,2,AUTOROUTE A6A,48.8121,2.33695
201400048695,15,5,14,8,1,91,286,1,1,1,3,AUTOROUTE A6,0.0,0.0
201400048696,15,5,14,9,1,91,589,1,1,1,5,AUTOROUTE A6,0.0,0.0
201400048697,15,5,14,14,1,91,521,1,1,1,7,RN 104,0.0,0.0
201400048698,16,5,14,8,1,91,377,1,1,1,3,AUTOROUTE A10,0.0,0.0
201400048699,16,5,14,16,1,91,363,1,1,1,5,RN 104,0.0,0.0
201400048700,16,5,14,18,1,91,136,1,1,1,3,AUTOROUTE A10,0.0,0.0
201400048701,16,5,14,19,1,91,64,1,1,1,6,RN 118,0.0,0.0
201400048702,16,5,14,20,1,91,553,1,1,1,4,RN 104,0.0,0.0
201400048703,18,5,14,7,1,91,689,1,1,1,2,AUTOROUTE A6,0.0,0.0
201400048704,18,5,14,17,1,91,339,1,1,1,7,RN 104,0.0,0.0
201400048705,18,5,14,19,1,94,38,1,1,1,4,AUTOROUTE A6A,48.7872,2.34536
201400048706,19,5,14,14,1,94,43,1,1,1,2,AUTOROUTE A6B,48.8159,2.35647
201400048707,19,5,14,18,1,94,37,1,1,1,2,AUTOROUTE A6A,48.8138,2.33623
201400048708,20,5,14,15,1,91,432,1,1,2,2,AUTOROUTE A6,0.0,0.0
201400048709,20,5,14,20,1,94,43,1,1,2,4,AUTOROUTE A6B,48.8149,2.35583
201400048710,20,5,14,21,5,94,3,1,1,2,4,AUTOROUTE A6B,48.8034,2.34394
201400048711,21,5,14,8,1,91,534,1,1,1,2,RN 118,0.0,0.0
201400048712,22,5,14,7,1,92,2,1,1,2,3,AUTOROUTE A86,0.0,0.0
201400048713,23,5,14,3,3,91,64,1,1,1,6,RN 118,0.0,0.0
201400048714,23,5,14,15,1,91,86,1,1,1,5,RN 104,0.0,0.0
201400048715,23,5,14,16,1,92,2,1,1,1,3,AUTOROUTE A86,0.0,0.0
201400048716,24,5,14,7,1,91,617,1,1,1,7,RN 104,0.0,0.0
201400048717,26,5,14,16,1,91,689,1,1,2,7,AUTOROUTE A6A,0.0,0.0
201400048718,30,5,14,6,1,94,21,1,1,1,7,AUTOROUTE A6A,48.7627,2.34114
201400048719,27,5,14,18,1,92,19,1,1,1,4,RN 385 Ext?rieure,0.0,0.0
201400048720,27,5,14,20,1,94,3,1,1,1,6,AUTOROUTE A6A,48.7993,2.34235
201400048721,28,5,14,12,1,91,161,1,1,1,4,AUTOROUTE A126,0.0,0.0
201400048722,31,5,14,15,1,94,43,1,1,1,2,AUTOROUTE A6B,48.8129,2.35351
201400048723,31,5,14,22,3,91,86,1,1,1,7,RN 104,0.0,0.0
201400048724,1,6,14,13,1,91,689,1,1,1,2,AUTOROUTE A6B,0.0,0.0
201400048725,2,6,14,9,1,91,661,1,1,1,2,AUTOROUTE A10,0.0,0.0
201400048726,2,6,14,9,1,92,2,1,1,1,2,AUTOROUTE A86,0.0,0.0
201400048727,3,6,14,9,1,91,689,1,1,1,7,AUTOROUTE A6A,0.0,0.0
201400048728,3,6,14,9,1,91,161,1,1,1,2,AUTOROUTE A6,0.0,0.0
201400048729,4,6,14,8,1,91,136,1,1,1,7,RN20,0.0,0.0
201400048730,4,6,14,11,1,94,21,1,1,1,5,AUTOROUTE A6A,48.7641,2.34226
201400048731,4,6,14,14,1,91,659,1,1,1,3,AUTOROUTE A6,0.0,0.0
201400048732,5,6,14,8,1,91,589,1,1,1,4,AUTOROUTE A6,0.0,0.0
201400048733,5,6,14,16,1,92,2,1,1,1,2,AUTOROUTE A10,0.0,0.0
201400048734,5,6,14,20,1,91,86,1,1,1,4,RN 104,0.0,0.0
201400048735,6,6,14,8,1,91,471,1,1,1,3,RN 118,0.0,0.0
201400048736,6,6,14,18,1,91,103,1,1,1,5,RN 104,0.0,0.0
201400048737,8,6,14,9,1,91,521,1,1,1,6,RN 449,0.0,0.0
201400048738,9,6,14,2,3,94,38,1,1,1,6,AUTOROUTE A6B,48.7874,2.34482
201400048739,9,6,14,11,1,94,21,1,1,2,6,AUTOROUTE A106,48.7636,2.34372
201400048740,9,6,14,18,1,91,136,1,1,1,3,AUTOROUTE A10,0.0,0.0
201400048741,10,6,14,7,1,91,64,1,1,8,6,RN 118,0.0,0.0
201400048742,10,6,14,16,1,91,216,1,1,1,4,AUTOROUTE A6,0.0,0.0
201400048743,10,6,14,18,1,91,589,1,1,1,5,AUTOROUTE A6,0.0,0.0
201400048744,10,6,14,17,1,91,617,1,1,1,6,RN 104,0.0,0.0
201400048745,11,6,14,1,5,91,689,1,1,1,6,AUTOROUTE A6A,0.0,0.0
201400048746,10,6,14,8,1,91,471,1,1,8,3,RN 118,0.0,0.0