Num_Acc,jour,mois,an,hr,condition_eclairage,departement,commune,condition_agglomeration,intersection,condition_atmosphere,type_collision,adresse,lattitude,longitude
201400048747,11,6,14,9,1,91,312,1,1,1,5,RD 444,0.0,0.0
201400048748,12,6,14,5,5,91,286,1,1,1,4,AUTOROUTE A6,0.0,0.0
201400048749,12,6,14,10,1,91,182,1,1,1,3,RN 104,0.0,0.0
201400048750,12,6,14,16,1,91,689,1,1,1,2,AUTOROUTE A6,0.0,0.0
201400048751,12,6,14,17,1,91,534,1,1,1,3,RN 118,0.0,0.0
201400048752,13,6,14,18,1,94,76,1,1,1,3,AUTOROUTE A6B,48.7915,2.3446
201400048753,14,6,14,1,3,91,64,1,1,1,6,RN 118,0.0,0.0
201400048754,14,6,14,6,1,94,76,1,1,1,2,AUTOROUTE A6B,48.7915,2.3446
201400048755,14,6,14,23,3,91,617,1,1,1,2,RN 104,0.0,0.0
201400048756,15,6,14,22,3,91,347,1,1,1,2,RN 104,0.0,0.0
201400048757,17,6,14,8,1,94,43,1,1,1,7,AUTOROUTE A6B,48.8056,2.34531
201400048758,17,6,14,12,1,91,161,1,1,1,2,AUTOROUTE A6,0.0,0.0
201400048759,17,6,14,21,2,91,64,1,1,1,6,RN 118,0.0,0.0
201400048760,18,6,14,9,1,91,340,1,1,1,3,AUTOROUTE A6,0.0,0.0
201400048761,18,6,14,18,1,94,76,1,1,1,3,AUTOROUTE A6B,48.7915,2.34405
201400048762,19,6,14,7,1,91,534,1,1,1,5,RN 118,0.0,0.0
201400048763,19,6,14,8,1,92,19,1,1,1,2,"57.500, RN 385 INT",0.0,0.0
201400048764,19,6,14,14,1,91,689,1,1,1,2,AUTOROUTE A6,0.0,0.0
201400048765,20,6,14,19,1,94,76,1,1,1,3,AUTOROUTE A6B,48.7942,2.34459
201400048766,20,6,14,19,1,91,86,1,1,1,3,RN 104,0.0,0.0
201400048767,23,6,14,9,1,91,570,1,1,1,2,RN 104,0.0,0.0
201400048768,23,6,14,14,1,94,3,1,1,1,4,AUTOROUTE A6A,48.8097,2.33905
201400048769,24,6,14,4,3,91,534,1,1,1,2,RN 118,0.0,0.0
201400048770,24,6,14,17,1,91,645,1,1,1,3,RN 385 Extérieure,0.0,0.0
201400048771,24,6,14,18,1,77,251,1,1,1,3,AUTOROUTE A5A,0.0,0.0
201400048772,24,6,14,18,1,91,340,1,1,1,3,RN 104,0.0,0.0
201400048773,24,6,14,19,1,91,64,1,1,1,2,RD 444,0.0,0.0
201400048774,25,6,14,8,1,91,434,1,1,1,3,AUTOROUTE A6,0.0,0.0
201400048775,26,6,14,7,1,91,377,1,1,1,5,AUTOROUTE A10,0.0,0.0
201400048776,26,6,14,10,1,91,645,1,1,1,5,RN 385 INT,0.0,0.0
201400048777,26,6,14,17,1,91,471,1,1,1,3,RN 118,0.0,0.0
201400048778,26,6,14,17,1,91,86,1,1,1,4,RN 104,0.0,0.0
201400048779,27,6,14,10,1,94,38,1,1,1,3,AUTOROUTE A6A,48.7872,2.34533
201400048780,27,6,14,18,1,91,521,1,1,1,3,AUTOROUTE A6,0.0,0.0
201400048781,27,6,14,19,1,94,34,1,1,1,4,AUTOROUTE A86,48.7583,2.32649
201400048782,27,6,14,20,1,91,103,1,1,1,5,RN 104,0.0,0.0
201400048783,27,6,14,21,1,91,174,1,1,1,6,RN 104,0.0,0.0
201400048784,28,6,14,9,1,91,553,1,1,2,2,RN 104,0.0,0.0
201400048785,28,6,14,15,1,91,689,1,1,2,3,AUTOROUTE A6B,0.0,0.0
201400048786,28,6,14,17,1,91,617,1,1,2,7,RN 104 INT / A5A PROVINC,0.0,0.0
201400048787,28,6,14,18,1,91,471,1,1,2,3,RN 118,0.0,0.0
201400048788,28,6,14,20,1,91,521,1,1,3,7,RN 104,0.0,0.0
201400048789,28,6,14,21,2,92,19,1,1,3,7,RN 385 Ext?rieure,0.0,0.0
201400048790,29,6,14,1,4,94,43,1,1,2,6,AUTOROUTE A6B,48.8133,2.35421
201400048791,29,6,14,9,1,91,161,1,1,2,7,AUTOROUTE A126,0.0,0.0
201400048792,29,6,14,13,1,94,34,1,1,2,2,AUTOROUTE A86,48.7562,2.34072
201400048793,29,6,14,14,1,91,689,1,1,2,2,AUTOROUTE A6,0.0,0.0
201400048794,29,6,14,14,1,94,34,1,1,2,2,AUTOROUTE A86,48.7583,2.32649
201400048795,29,6,14,17,1,91,434,1,1,2,4,AUTOROUTE A6,0.0,0.0
201400048796,29,6,14,19,1,94,21,1,1,2,7,AUTOROUTE A6A,48.7643,2.3422
201400048797,1,7,14,16,1,91,377,1,1,1,4,AUTOROUTE A10,0.0,0.0
201400048798,2,7,14,17,1,91,312,1,1,1,3,RN 444,0.0,0.0
201400048799,3,7,14,11,1,94,38,1,1,1,2,AUTOROUTE A6B,48.788,2.34554
201400048800,3,7,14,16,1,91,553,1,1,1,6,RN 104,0.0,0.0
201400048801,3,7,14,16,1,91,471,1,1,1,3,RN 118,0.0,0.0
201400048802,4,7,14,13,1,94,34,1,1,2,4,AUTOROUTE A86,48.7561,2.34111
201400048803,5,7,14,5,3,94,21,1,1,2,5,AUTOROUTE A6B,48.7607,2.33942
201400048804,5,7,14,6,2,94,3,1,1,3,6,AUTOROUTE A6A,48.8002,2.34196
201400048805,5,7,14,10,1,91,377,1,1,2,2,AUTOROUTE A10,0.0,0.0
201400048806,5,7,14,10,1,94,34,1,1,2,6,AUTOROUTE A86,48.7562,2.34072
201400048807,6,7,14,4,3,94,21,1,1,1,7,AUTOROUTE A6B,48.7666,2.34261
201400048808,6,7,14,11,1,91,521,1,1,2,6,RN 449,0.0,0.0
201400048809,6,7,14,12,1,91,161,1,1,2,7,AUTOROUTE A126,0.0,0.0
201400048810,6,7,14,12,1,94,34,1,1,2,2,AUTOROUTE A86,48.7593,2.32288
201400048811,6,7,14,14,1,94,34,1,1,2,7,AUTOROUTE A86,48.7621,2.31445
201400048812,6,7,14,18,1,94,43,1,1,2,6,AUTOROUTE A6B,48.8143,2.3552
201400048813,6,7,14,19,1,94,38,1,1,2,4,AUTOROUTE A6A,48.7872,2.34533
201400048814,6,7,14,23,4,94,34,1,1,1,6,AUTOROUTE A6B,48.7545,2.3329
201400048815,7,7,14,21,1,94,43,1,1,2,4,AUTOROUTE A6B,48.807,2.34672
201400048816,9,7,14,17,1,91,689,1,1,2,7,AUTOROUTE A6,0.0,0.0
201400048817,11,7,14,2,3,91,345,1,1,3,2,AUTOROUTE A6,0.0,0.0
201400048818,10,7,14,7,1,94,34,1,1,2,7,AUTOROUTE A6A,48.7567,2.3349
201400048819,10,7,14,9,1,94,65,1,1,2,6,AUTOROUTE A86,48.7554,2.34453
201400048820,10,7,14,11,1,91,377,1,1,2,6,BRETELLE A10 / RN20,0.0,0.0
201400048821,10,7,14,16,1,91,103,1,1,2,4,RN 104,0.0,0.0
201400048822,10,7,14,18,1,92,19,1,1,1,3,RN 385,0.0,0.0
201400048823,11,7,14,2,3,91,345,1,1,1,2,AUTOROUTE A6,0.0,0.0
201400048824,11,7,14,9,1,94,21,1,1,2,7,AUTOROUTE A6A,48.7685,2.34475
201400048825,14,7,14,3,3,91,340,1,1,8,6,RN 104,0.0,0.0
201400048826,14,7,14,5,3,91,689,1,1,1,2,AUTOROUTE A6A,0.0,0.0
201400048827,15,7,14,7,2,91,589,1,1,1,7,AUTOROUTE A6,0.0,0.0
201400048828,16,7,14,13,1,92,19,1,1,1,7,RN 385 INT,0.0,0.0
201400048829,16,7,14,16,1,94,34,1,1,1,3,AUTOROUTE A6B,48.7517,2.32978
201400048830,17,7,14,8,1,94,3,1,1,1,5,AUTOROUTE A6A,48.8011,2.34196
201400048831,17,7,14,9,1,91,471,1,1,1,2,RN 188 CHEVREUSE,0.0,0.0
201400048832,17,7,14,10,1,94,38,1,1,1,3,AUTOROUTE A6B,48.7884,2.34529
201400048833,17,7,14,12,1,77,251,1,1,1,6,AUTOROUTE A5A,0.0,0.0
201400048834,17,7,14,17,1,94,38,1,1,1,3,AUTOROUTE A6B,48.7902,2.34456
201400048835,17,7,14,20,1,91,64,1,1,1,5,RN 118,0.0,0.0
201400048836,18,7,14,10,1,91,216,1,1,1,3,AUTOROUTE A6,0.0,0.0
201400048837,18,7,14,17,1,91,340,1,1,1,3,AUTOROUTE A6,0.0,0.0
201400048838,19,7,14,16,1,91,659,1,1,1,7,AUTOROUTE A6,0.0,0.0
201400048839,19,7,14,18,1,91,687,1,1,1,3,AUTOROUTE A6,0.0,0.0
201400048840,20,7,14,0,3,91,161,1,1,1,5,AUTOROUTE A126,0.0,0.0
201400048841,20,7,14,5,2,91,161,1,1,1,3,AUTOROUTE A6,0.0,0.0
201400048842,22,7,14,9,1,91,689,1,1,1,2,AUTOROUTE A6,0.0,0.0
201400048843,22,7,14,12,1,94,34,1,1,8,4,AUTOROUTE A6B,48.7577,2.33595
201400048844,22,7,14,17,1,94,38,1,1,1,7,AUTOROUTE A6A,48.7874,2.34524
201400048845,23,7,14,7,1,91,521,1,1,1,3,AUTOROUTE A6,0.0,0.0
201400048846,23,7,14,10,1,91,136,1,1,1,7,RD188 PROVINCE / A10 PRO,0.0,0.0
201400048847,23,7,14,12,1,91,161,1,1,1,3,AUTOROUTE A6,0.0,0.0
201400048848,23,7,14,12,1,91,339,1,1,1,3,RN 104,0.0,0.0
201400048849,23,7,14,13,1,94,34,1,1,1,7,AUTOROUTE A86,48.7563,2.33939
201400048850,23,7,14,18,1,91,377,1,1,1,2,AUTOROUTE A10,0.0,0.0
201400048851,24,7,14,22,3,91,661,1,1,1,2,AUTOROUTE A10,0.0,0.0
201400048852,25,7,14,9,1,94,3,1,1,1,7,AUTOROUTE A6B,48.8006,2.34375
201400048853,25,7,14,11,1,94,3,1,1,1,3,AUTOROUTE A6A,48.809,2.33943
201400048854,25,7,14,16,1,91,136,1,1,1,7,AUTOROUTE A10,0.0,0.0
201400048855,26,7,14,3,3,91,182,1,1,1,6,AUTOROUTE A6,0.0,0.0
201400048856,26,7,14,15,1,91,689,1,1,1,4,AUTOROUTE A6B,0.0,0.0
201400048857,28,7,14,7,1,91,64,1,1,1,7,RN 118,0.0,0.0
201400048858,28,7,14,15,1,94,65,1,1,1,6,AUTOROUTE A86,48.7551,2.34576
201400048859,30,7,14,0,4,94,43,1,1,1,3,AUTOROUTE A6B,48.8131,2.3542
201400048860,30,7,14,0,3,91,377,1,1,1,6,RD 444,0.0,0.0
201400048861,31,7,14,8,1,91,161,1,1,1,4,AUTOROUTE A6,0.0,0.0
201400048862,31,7,14,8,1,92,2,1,1,1,2,AUTOROUTE A86,0.0,0.0
201400048863,31,7,14,15,1,77,251,1,1,1,2,AUTOROUTE A5A,0.0,0.0
201400048864,31,7,14,16,1,94,3,1,1,1,2,AUTOROUTE A6B,48.7996,2.34369
201400048865,31,7,14,19,1,91,377,1,1,1,2,RN20,0.0,0.0
201400048866,1,8,14,23,5,91,86,1,1,1,6,RN 104,0.0,0.0
201400048867,3,8,14,10,1,91,363,1,1,1,6,RN 104,0.0,0.0
201400048868,3,8,14,13,1,91,689,1,1,1,3,AUTOROUTE A6A,0.0,0.0
201400048869,6,8,14,10,1,91,521,1,1,2,6,RN 449,0.0,0.0
201400048870,6,8,14,13,1,91,216,1,1,2,2,AUTOROUTE A6,0.0,0.0
201400048871,6,8,14,15,1,91,340,1,1,2,4,RN 104,0.0,0.0
201400048872,6,8,14,19,1,94,21,1,1,2,5,AUTOROUTE A6A,48.7597,2.33811
201400048873,7,8,14,10,1,75,113,1,1,1,4,AUTOROUTE A6B,0.0,0.0
201400048874,7,8,14,22,3,91,521,1,1,8,5,RN 449,0.0,0.0
201400048875,8,8,14,5,3,91,174,1,1,2,2,RN 104,0.0,0.0
201400048876,8,8,14,20,2,91,377,1,1,8,2,RN20,0.0,0.0
201400048877,11,8,14,1,3,91,521,1,1,1,6,RN 104,0.0,0.0
201400048878,11,8,14,20,1,91,471,1,1,2,2,RN 118,0.0,0.0
201400048879,13,8,14,18,1,91,689,1,1,1,2,AUTOROUTE A6,0.0,0.0
201400048880,14,8,14,18,1,94,38,1,1,2,4,AUTOROUTE A6B,48.7874,2.34482
201400048881,14,8,14,20,1,91,136,1,1,2,7,AUTOROUTE A10,0.0,0.0
201400048882,14,8,14,20,1,91,174,1,1,2,7,RN 104,0.0,0.0
201400048883,15,8,14,10,1,91,521,1,1,1,7,RN 449,0.0,0.0
201400048884,18,8,14,9,1,77,251,1,1,2,2,AUTOROUTE A5A,0.0,0.0
201400048885,18,8,14,13,1,94,3,1,1,1,4,AUTOROUTE A6B,48.8008,2.34372
201400048886,18,8,14,16,1,94,38,1,1,1,4,AUTOROUTE A6A,48.7873,2.34529
201400048887,21,8,14,15,1,91,286,1,1,1,5,AUTOROUTE A6,0.0,0.0
201400048888,22,8,14,14,1,91,64,1,1,1,4,RN 118,0.0,0.0
201400048889,25,8,14,10,1,91,286,1,1,2,7,RD 310,0.0,0.0
201400048890,25,8,14,15,1,91,86,1,1,3,2,RN 104,0.0,0.0
201400048891,25,8,14,15,1,94,34,1,1,1,4,AUTOROUTE A6B,48.7569,2.33511
201400048892,25,8,14,18,1,91,617,1,1,3,6,RN 104,0.0,0.0
201400048893,26,8,14,14,1,91,589,1,1,2,2,AUTOROUTE A6,0.0,0.0
201400048894,26,8,14,16,1,94,65,1,1,1,2,AUTOROUTE A86,48.7555,2.34368
201400048895,27,8,14,3,3,94,43,1,1,1,6,AUTOROUTE A6B,48.8129,2.35351
201400048896,27,8,14,8,1,94,21,1,1,2,7,AUTOROUTE A6B,48.7598,2.33844
201400048897,27,8,14,19,1,91,687,1,1,1,3,AUTOROUTE A6,0.0,0.0
201400048898,28,8,14,9,1,94,38,1,1,1,2,AUTOROUTE A6B,48.7882,2.34543
201400048899,29,8,14,16,1,94,34,1,1,1,5,AUTOROUTE A6B,48.7571,2.33487
201400048900,29,8,14,18,1,91,340,1,1,1,3,RN 104,0.0,0.0
201400048901,29,8,14,20,1,91,86,1,1,1,2,RN 104,0.0,0.0
201400048902,31,8,14,15,1,91,589,1,1,1,4,AUTOROUTE A6,0.0,0.0
201400048903,1,9,14,18,1,91,64,1,1,1,2,RN 118,0.0,0.0
201400048904,2,9,14,15,1,94,43,1,1,1,7,AUTOROUTE A6B,48.814,2.35493
201400048905,2,9,14,15,1,91,136,1,1,1,3,AUTOROUTE A126,0.0,0.0
201400048906,2,9,14,17,1,94,34,1,1,1,2,AUTOROUTE A86,48.7561,2.34111
201400048907,3,9,14,8,1,91,174,1,1,1,3,RN 104,0.0,0.0
201400048908,3,9,14,9,1,91,345,1,1,1,2,AUTOROUTE A6,0.0,0.0
201400048909,4,9,14,18,1,91,689,1,1,1,2,AUTOROUTE A10,0.0,0.0
201400048910,6,9,14,17,1,92,2,1,1,1,2,AUTOROUTE A10,0.0,0.0
201400048911,7,9,14,16,1,91,345,1,1,1,2,AUTOROUTE A6,0.0,0.0
201400048912,7,9,14,19,1,91,363,1,1,1,2,RN 104,0.0,0.0
201400048913,9,9,14,8,1,91,182,1,1,1,4,AUTOROUTE A6,0.0,0.0
201400048914,9,9,14,15,1,91,136,1,1,1,4,RN 188 PARIS / A 10 PROV,0.0,0.0
201400048915,10,9,14,18,1,91,161,1,1,1,2,AUTOROUTE A6,0.0,0.0
201400048916,10,9,14,7,1,94,21,1,1,1,3,AUTOROUTE A6B,48.7598,2.33844
201400048917,10,9,14,21,5,94,38,1,1,1,2,AUTOROUTE A6B,48.7879,2.34454
201400048918,12,9,14,20,1,94,34,1,1,1,5,AUTOROUTE A6B,48.7529,2.33091
201400048919,13,9,14,10,1,91,553,1,1,1,2,RN 104,0.0,0.0
201400048920,14,9,14,17,1,92,2,1,1,1,2,AUTOROUTE A10,0.0,0.0
201400048921,14,9,14,18,1,91,363,1,1,1,5,AUTOROUTE A10,0.0,0.0
201400048922,14,9,14,20,1,91,689,1,1,1,3,AUTOROUTE A6,0.0,0.0
201400048923,15,9,14,8,1,91,434,1,1,1,4,AUTOROUTE A6,0.0,0.0
201400048924,15,9,14,16,1,91,340,1,1,1,2,RN 104,0.0,0.0
201400048925,15,9,14,15,1,91,363,1,1,1,6,RN 104,0.0,0.0
201400048926,16,9,14,8,1,91,434,1,1,1,2,AUTOROUTE A6,0.0,0.0
201400048927,18,9,14,9,1,91,377,1,1,1,2,RN 444,0.0,0.0
201400048928,12,9,14,18,1,91,286,1,1,1,2,AUTOROUTE A6,0.0,0.0
201400048929,18,9,14,17,1,94,34,1,1,1,4,AUTOROUTE A86,48.761,2.31807
201400048930,18,9,14,19,1,94,38,1,1,1,3,AUTOROUTE A6B,48.7906,2.34451
201400048931,19,9,14,10,1,91,589,1,1,1,3,AUTOROUTE A6,0.0,0.0
201400048932,20,9,14,20,1,94,38,1,1,1,3,AUTOROUTE A6B,48.7874,2.34482
201400048933,20,9,14,14,1,91,161,1,1,1,4,AUTOROUTE A6,0.0,0.0
201400048934,21,9,14,3,3,91,235,1,1,1,6,RN 104,0.0,0.0
201400048935,21,9,14,8,1,91,521,1,1,1,6,RN 441,0.0,0.0
201400048936,21,9,14,11,1,91,64,1,1,1,6,RN 118,0.0,0.0
201400048937,21,9,14,12,1,91,477,1,1,1,6,AUTOROUTE A10,0.0,0.0
201400048938,21,9,14,11,1,91,122,1,1,1,6,RD 188 CHEVREUSE,0.0,0.0
201400048939,21,9,14,14,1,92,645,1,1,1,7,RN 385 Ext?rieure,0.0,0.0
201400048940,21,9,14,14,1,94,65,1,1,1,6,AUTOROUTE A106,48.7595,2.34646
201400048941,21,9,14,15,1,91,521,1,1,1,6,RN 104,0.0,0.0
201400048942,21,9,14,18,1,91,534,1,1,1,4,RN 118,0.0,0.0
201400048943,22,9,14,8,1,91,64,1,1,1,2,RN 118,0.0,0.0
201400048944,22,9,14,11,1,91,434,1,1,1,2,AUTOROUTE A6,0.0,0.0
201400048945,24,9,14,8,1,91,432,1,1,1,2,AUTOROUTE A6,0.0,0.0
201400048946,26,9,14,19,1,91,182,1,1,1,4,RN 104,0.0,0.0
201400048947,26,9,14,15,1,92,2,1,1,1,7,AUTOROUTE A86,0.0,0.0
201400048948,28,9,14,21,1,91,617,1,1,2,6,RN 104,0.0,0.0
201400048949,29,9,14,8,1,94,34,1,1,2,7,AUTOROUTE A86,48.762,2.31447
201400048950,29,9,14,9,1,91,477,1,1,2,2,AUTOROUTE A10,0.0,0.0
201400048951,29,9,14,9,1,94,21,1,1,2,2,AUTOROUTE A6A,48.7703,2.34528
201400048952,3,10,14,7,2,91,689,1,1,1,3,AUTOROUTE A6A,0.0,0.0
201400048953,3,10,14,13,1,94,38,1,1,1,2,AUTOROUTE A6A,48.7904,2.34422
201400048954,6,10,14,6,5,94,38,1,1,2,2,AUTOROUTE A6A,48.7871,2.34519
201400048955,6,10,14,9,1,91,468,1,1,1,2,AUTOROUTE A6,0.0,0.0
201400048956,7,10,14,9,1,91,235,1,1,1,7,RN 104,0.0,0.0
201400048957,7,10,14,16,1,91,340,1,1,1,6,AUTOROUTE A6,0.0,0.0
201400048958,7,10,14,20,1,91,689,1,1,2,6,AUTOROUTE A6A,0.0,0.0
201400048959,8,10,14,8,1,94,34,1,1,8,4,AUTOROUTE A86,48.761,2.31807
201400048960,8,10,14,9,1,94,21,1,1,3,7,AUTOROUTE A106,48.7646,2.34416
201400048961,8,10,14,11,1,91,216,1,1,2,2,AUTOROUTE A6,0.0,0.0
201400048962,8,10,14,11,1,94,38,1,1,3,7,AUTOROUTE A6A,48.7904,2.34405
201400048963,8,10,14,11,1,91,216,1,1,2,2,AUTOROUTE A6,0.0,0.0
201400048964,8,10,14,17,1,91,377,1,1,8,7,BRETELLE A10 / RN20,0.0,0.0
201400048965,9,10,14,0,5,94,43,1,1,1,7,AUTOROUTE A6B,48.8135,2.35465
201400048966,9,10,14,17,1,92,2,1,1,1,2,AUTOROUTE A10,0.0,0.0
201400048967,11,10,14,10,1,91,687,1,1,1,7,AUTOROUTE A6,0.0,0.0
201400048968,12,10,14,18,2,94,43,1,1,2,2,AUTOROUTE A6B,48.8135,2.35448
201400048969,12,10,14,21,2,94,21,1,1,1,2,AUTOROUTE A6B,48.761,2.33965
201400048970,13,10,14,9,1,91,687,1,1,1,2,AUTOROUTE A6,0.0,0.0
201400048971,13,10,14,16,1,91,161,1,1,1,2,AUTOROUTE A6,0.0,0.0
201400048972,13,10,14,17,1,91,570,1,1,1,3,RN 104,0.0,0.0
201400048973,14,10,14,7,2,91,182,1,1,1,3,RN 441,0.0,0.0
201400048974,14,10,14,17,1,91,553,1,1,1,5,RN 104,0.0,0.0
201400048975,16,10,14,9,1,91,589,1,1,1,2,AUTOROUTE A6,0.0,0.0
201400048976,17,10,14,8,2,91,521,1,1,2,7,AUTOROUTE A6,0.0,0.0
201400048977,17,10,14,17,1,91,161,1,1,1,3,AUTOROUTE A126,0.0,0.0
201400048978,17,10,14,18,2,91,161,1,1,1,5,AUTOROUTE A6,0.0,0.0
201400048979,17,10,14,21,3,94,34,1,1,1,4,AUTOROUTE A86,48.7618,2.31487
201400048980,18,10,14,20,3,91,64,1,1,1,2,RN 118,0.0,0.0
201400048981,18,10,14,21,3,91,161,1,2,1,1,CARREFOUR RN20 / RD120,0.0,0.0
201400048982,19,10,14,18,1,91,689,1,1,1,5,AUTOROUTE A6,0.0,0.0
201400048983,20,10,14,16,1,91,521,1,1,8,6,RN 104,0.0,0.0
201400048984,21,10,14,7,2,94,34,1,1,1,3,AUTOROUTE A6A,48.7567,2.3349
201400048985,21,10,14,8,2,91,589,1,1,1,2,AUTOROUTE A6,0.0,0.0
201400048986,21,10,14,9,1,91,689,1,1,1,5,AUTOROUTE A6B,0.0,0.0
201400048987,21,10,14,22,3,77,251,1,1,1,7,AUTOROUTE A5A,0.0,0.0
201400048988,22,10,14,15,1,91,377,1,1,1,7,AUTOROUTE A10,0.0,0.0
201400048989,23,10,14,7,2,92,2,1,1,1,2,AUTOROUTE A86,0.0,0.0
201400048990,24,10,14,18,2,94,65,1,1,2,6,AUTOROUTE A86,48.7555,2.34413
201400048991,24,10,14,19,2,94,34,1,1,1,3,AUTOROUTE A6B,48.7569,2.33511
201400048992,24,10,14,20,3,91,689,1,1,1,5,AUTOROUTE A10,0.0,0.0
201400048993,25,10,14,18,2,91,363,1,1,1,6,RN 104,0.0,0.0
201400048994,27,10,14,17,1,91,377,1,1,1,4,AUTOROUTE A10,0.0,0.0
201400048995,27,10,14,18,3,91,174,1,1,1,4,RN 104,0.0,0.0
201400048996,28,10,14,19,5,94,43,1,1,1,3,AUTOROUTE A6B,48.8158,2.35653
201400048997,29,10,14,14,1,92,19,1,1,1,5,RN 385 INT,0.0,0.0
201400048998,29,10,14,16,1,94,37,1,1,1,7,AUTOROUTE A6A,48.8156,2.33658
201400048999,29,10,14,18,3,92,19,1,1,1,3,RN 385 Ext?rieure,0.0,0.0
201400049000,31,10,14,13,1,94,3,1,1,1,2,AUTOROUTE A6A,48.7993,2.34235
201400049001,31,10,14,20,3,91,377,1,1,1,3,RN20,0.0,0.0
201400049002,31,10,14,21,3,91,689,1,1,1,4,AUTOROUTE A6,0.0,0.0
201400049003,1,11,14,9,1,91,377,1,1,1,6,RD 188,0.0,0.0
201400049004,3,11,14,8,2,91,477,1,1,1,4,AUTOROUTE A126,0.0,0.0
201400049005,3,11,14,14,1,77,495,1,1,1,6,A5A PROVINCE / RN 105,0.0,0.0
201400049006,3,11,14,19,3,91,553,1,1,2,2,RN 104,0.0,0.0
201400049007,4,11,14,9,1,91,553,1,1,8,2,RN 104,0.0,0.0
201400049008,4,11,14,9,1,92,19,1,1,1,5,RN 385 INT,0.0,0.0
201400049009,4,11,14,7,1,91,235,1,1,2,4,RN 104,0.0,0.0
201400049010,4,11,14,13,1,91,174,1,1,1,5,RN 104,0.0,0.0
201400049011,5,11,14,5,3,91,434,1,1,1,5,AUTOROUTE A6,0.0,0.0
201400049012,5,11,14,9,1,91,617,1,1,1,2,RN 104,0.0,0.0
201400049013,6,11,14,6,3,94,3,1,1,1,5,AUTOROUTE A6A,48.8081,2.34045
201400049014,7,11,14,10,1,94,21,1,1,2,3,AUTOROUTE A6A,48.7643,2.34239
201400049015,7,11,14,8,2,94,21,1,1,1,3,AUTOROUTE A6A,48.7627,2.34114
201400049016,8,11,14,6,3,91,286,1,1,1,6,AUTOROUTE A6,0.0,0.0
201400049017,8,11,14,6,3,91,286,1,1,1,6,AUTOROUTE A6,0.0,0.0
201400049018,8,11,14,10,1,91,689,1,1,1,5,AUTOROUTE A6B,0.0,0.0
201400049019,8,11,14,14,1,91,589,1,1,1,2,AUTOROUTE A6,0.0,0.0
201400049020,9,11,14,1,5,94,38,1,1,1,2,A6A,48.781,2.34652
201400049021,9,11,14,3,3,91,174,1,1,1,6,RN 104,0.0,0.0
201400049022,9,11,14,3,4,92,2,1,1,1,7,AUTOROUTE A86,0.0,0.0
201400049023,10,11,14,19,3,91,553,1,1,1,3,RN 104,0.0,0.0
201400049024,11,11,14,5,5,94,37,1,1,1,2,A6B,48.8123,2.35272
201400049025,11,11,14,18,3,91,434,1,1,1,4,AUTOROUTE A6,0.0,0.0
201400049026,11,11,14,18,2,91,179,1,1,1,6,RN 337,0.0,0.0
201400049027,12,11,14,9,1,91,363,1,1,1,2,RN 104,0.0,0.0
201400049028,12,11,14,13,1,91,689,1,1,1,4,AUTOROUTE A6B,0.0,0.0
201400049029,12,11,14,16,1,91,235,1,1,1,2,RN 104,0.0,0.0
201400049030,12,11,14,18,4,91,182,1,1,1,6,RN 104,0.0,0.0
201400049031,13,11,14,17,2,91,692,1,1,1,6,RN 118,0.0,0.0
201400049032,13,11,14,16,1,91,340,1,1,1,2,RN 104,0.0,0.0
201400049033,13,11,14,18,3,91,432,1,1,8,2,AUTOROUTE A6,0.0,0.0
201400049034,14,11,14,16,1,94,34,1,1,2,6,A6A,48.7545,2.33265
201400049035,14,11,14,18,3,91,363,1,1,1,3,RN 118,0.0,0.0
201400049036,15,11,14,4,3,91,689,1,1,2,7,AUTOROUTE A6,0.0,0.0
201400049037,15,11,14,18,5,94,21,1,1,1,1,A6B,48.7636,2.33966
201400049038,16,11,14,2,3,91,689,1,1,2,6,AUTOROUTE A6,0.0,0.0
201400049039,16,11,14,13,1,91,64,1,1,2,2,RN 118,0.0,0.0
201400049040,16,11,14,14,1,91,136,1,1,2,6,A10 PROVINCE / RD188 PRO,0.0,0.0
201400049041,16,11,14,16,2,94,43,1,1,2,6,AUTOROUTE A6B,48.8143,2.3552
201400049042,16,11,14,17,2,91,377,1,1,2,7,RD 188,0.0,0.0
201400049043,18,11,14,0,5,94,43,1,1,2,6,AUTOROUTE A6B,48.8135,2.35448
201400049044,18,11,14,8,1,91,521,1,1,1,2,AUTOROUTE A6,0.0,0.0
201400049045,18,11,14,17,3,94,38,1,1,1,6,AUTOROUTE A6A,48.7904,2.34422
201400049046,19,11,14,17,2,91,434,1,1,1,2,AUTOROUTE A6,0.0,0.0
201400049047,19,11,14,17,2,91,64,1,1,1,2,RN 118,0.0,0.0
201400049048,19,11,14,17,3,94,34,1,1,2,2,AUTOROUTE A6A,48.7507,2.32908
201400049049,20,11,14,7,2,94,21,1,1,8,3,AUTOROUTE A6A,48.7694,2.34501
201400049050,20,11,14,22,3,94,34,1,1,2,7,AUTOROUTE A6A,48.7579,2.3361
201400049051,21,11,14,1,3,91,64,1,1,1,7,RN 118,0.0,0.0
201400049052,21,11,14,7,2,91,617,1,1,2,2,RN 104 INT / A5A PROVINC,0.0,0.0
201400049053,21,11,14,9,1,91,521,1,1,1,3,RN 440,0.0,0.0
201400049054,21,11,14,19,3,91,377,1,1,1,3,AUTOROUTE A10,0.0,0.0
201400049055,21,11,14,21,3,94,38,1,1,1,4,AUTOROUTE A6B,48.7909,2.34393
201400049056,21,11,14,20,3,91,136,1,1,1,4,AUTOROUTE A10,0.0,0.0
201400049057,22,11,14,12,1,91,136,1,1,1,6,AUTOROUTE A10,0.0,0.0
201400049058,23,11,14,18,5,94,65,1,1,1,4,A86 INT,48.7554,2.34414
201400049059,24,11,14,8,1,91,64,1,1,2,2,RN 118,0.0,0.0
201400049060,24,11,14,14,1,92,2,1,1,1,2,AUTOROUTE A86,0.0,0.0
201400049061,26,11,14,7,2,94,65,1,1,2,5,AUTOROUTE A86,48.755,2.34447
201400049062,26,11,14,12,1,92,19,1,1,1,7,RN 385 INT,0.0,0.0
201400049063,28,11,14,5,3,94,38,1,1,1,2,AUTOROUTE A6B,48.7907,2.3439