Num_Acc,jour,mois,an,hr,condition_eclairage,departement,commune,condition_agglomeration,intersection,condition_atmosphere,type_collision,adresse,lattitude,longitude
201400049064,28,11,14,16,1,94,37,1,1,1,3,A6A,48.8147,2.33635
201400049065,28,11,14,20,3,92,2,1,1,1,3,AUTOROUTE A86,0.0,0.0
201400049066,29,11,14,3,3,91,521,1,1,1,7,RN 104,0.0,0.0
201400049067,29,11,14,9,1,91,521,1,1,8,2,RN 104,0.0,0.0
201400049068,29,11,14,13,1,94,76,1,1,1,2,AUTOROUTE A6B,48.7915,2.3446
201400049069,29,11,14,15,1,91,345,1,1,1,2,AUTOROUTE A6,0.0,0.0
201400049070,1,12,14,8,1,91,521,1,1,8,2,AUTOROUTE A6,0.0,0.0
201400049071,1,12,14,13,1,91,666,1,1,8,6,AUTOROUTE A10,0.0,0.0
201400049072,1,12,14,18,5,91,377,1,1,1,4,RD 188,0.0,0.0
201400049073,2,12,14,8,2,91,345,1,1,8,4,AUTOROUTE A6,0.0,0.0
201400049074,2,12,14,8,2,91,179,1,1,1,2,AUTOROUTE A6,0.0,0.0
201400049075,2,12,14,17,3,91,340,1,1,2,2,AUTOROUTE A6,0.0,0.0
201400049076,3,12,14,8,2,94,37,1,1,8,2,AUTOROUTE A6B,48.8123,2.35243
201400049077,3,12,14,9,1,91,377,1,1,8,2,RN20,0.0,0.0
201400049078,4,12,14,18,2,92,19,1,1,1,2,RN 385 Ext?rieure,0.0,0.0
201400049079,6,12,14,22,3,91,661,1,1,8,2,AUTOROUTE A10,0.0,0.0
201400049080,7,12,14,16,1,91,377,1,1,2,7,RD 188,0.0,0.0
201400049081,8,12,14,23,5,91,340,1,1,1,6,RN 104,0.0,0.0
201400049082,9,12,14,4,3,91,553,1,1,1,6,RN 104,0.0,0.0
201400049083,9,12,14,12,1,91,161,1,1,1,2,AUTOROUTE A6,0.0,0.0
201400049084,10,12,14,18,3,92,19,1,1,1,2,RN 385 Ext?rieure,0.0,0.0
201400049085,11,12,14,7,3,91,689,1,1,1,4,AUTOROUTE A6,0.0,0.0
201400049086,11,12,14,19,3,94,34,1,1,8,2,AUTOROUTE A6A,48.7568,2.3349
201400049087,12,12,14,16,1,94,34,1,1,1,5,AUTOROUTE A86,48.762,2.31437
201400049088,12,12,14,18,3,92,2,1,1,2,3,AUTOROUTE A10,0.0,0.0
201400049089,12,12,14,19,3,91,182,1,1,3,2,RN 104,0.0,0.0
201400049090,13,12,14,14,1,91,216,1,1,2,7,AUTOROUTE A6,0.0,0.0
201400049091,15,12,14,4,3,91,689,1,1,1,7,AUTOROUTE A6,0.0,0.0
201400049092,16,12,14,7,2,94,65,1,1,8,3,AUTOROUTE A106,48.7566,2.34962
201400049093,16,12,14,8,2,91,617,1,1,8,7,RN 104,0.0,0.0
201400049094,16,12,14,18,3,91,477,1,1,1,2,AUTOROUTE A126,0.0,0.0
201400049095,16,12,14,19,3,91,377,1,1,1,7,AUTOROUTE A10,0.0,0.0
201400049096,17,12,14,12,1,91,689,1,1,2,2,AUTOROUTE A6,0.0,0.0
201400049097,18,12,14,9,1,94,38,1,1,9,2,AUTOROUTE A6A,48.7871,2.34519
201400049098,18,12,14,8,1,94,38,1,1,2,3,AUTOROUTE A6A,48.7889,2.34449
201400049099,19,12,14,8,2,91,687,1,1,1,2,AUTOROUTE A6,0.0,0.0
201400049100,20,12,14,16,1,94,34,1,1,1,5,AUTOROUTE A86,48.7558,2.34215
201400049101,21,12,14,5,3,91,174,1,1,1,6,RN 104,0.0,0.0
201400049102,21,12,14,6,3,77,251,1,1,1,7,AUTOROUTE A5A,0.0,0.0
201400049103,22,12,14,14,1,91,136,1,1,1,7,AUTOROUTE A10,0.0,0.0
201400049104,22,12,14,18,3,94,34,1,1,1,3,AUTOROUTE A6B,48.754,2.33204
201400049105,23,12,14,18,3,94,38,1,1,1,3,AUTOROUTE A6B,48.7874,2.34482
201400049106,24,12,14,19,3,91,534,1,1,2,7,RN 118,0.0,0.0
201400049107,24,12,14,19,3,94,34,1,1,8,4,AUTOROUTE A86,48.7606,2.31928
201400049108,26,12,14,23,3,92,19,1,1,2,6,RN 385 Ext?rieure,0.0,0.0
201400049109,27,12,14,6,3,91,471,1,1,2,7,RN 118,0.0,0.0
201400049110,27,12,14,8,2,94,43,1,1,1,6,AUTOROUTE A6B,48.8143,2.35519
201400049111,30,12,14,13,1,94,38,1,1,1,3,AUTOROUTE A6B,48.7881,2.34546
201400049112,2,1,14,18,5,202,37,1,1,1,6,"sans, TOUTES RUES",0.0,0.0
201400049113,10,1,14,12,1,202,33,2,1,1,5,"sans, TUNNEL",0.0,0.0
201400049114,13,1,14,11,1,202,120,2,1,1,3,"sans, TOUTES RUES",0.0,0.0
201400049115,14,1,14,13,1,202,33,2,1,1,3,"sans, FRONT DE MER - ROU",0.0,0.0
201400049116,16,1,14,18,5,202,33,2,1,1,6,"sans, TOUTES RUES",0.0,0.0
201400049117,17,1,14,17,5,202,33,2,1,2,1,"SANS, ST FLORENT-ANCIENN",0.0,0.0
201400049118,19,1,14,16,2,202,33,2,6,1,2,"SANS, TOUTES RUES",0.0,0.0
201400049119,20,1,14,23,5,202,33,2,1,2,6,"1556, TOUTES RUES",0.0,0.0
201400049120,21,1,14,7,1,202,37,1,1,2,4,"SANS, TOUTES RUES",0.0,0.0
201400049121,24,1,14,7,1,202,33,2,1,2,6,"sans, CHANOINE LESCHI -",0.0,0.0
201400049122,25,1,14,18,3,202,33,2,1,1,1,"sans, AGLIANI - CHEMIN D",0.0,0.0
201400049123,31,1,14,7,1,202,37,2,1,1,3,"SANS, TOUTES RUES",0.0,0.0
201400049124,2,2,14,19,5,202,33,2,1,1,4,"sans, TOUTES RUES",0.0,0.0
201400049125,10,2,14,16,1,202,33,2,1,2,4,"SANS, FRONT DE MER - ROU",0.0,0.0
201400049126,12,2,14,14,1,202,33,2,6,1,3,"sans, 193 - RN",0.0,0.0
201400049127,12,2,14,18,5,202,37,2,1,1,2,"sans, TOUTES RUES",0.0,0.0
201400049128,13,2,14,18,2,202,33,2,3,1,3,"sans, FRONT DE MER - ROU",0.0,0.0
201400049129,14,2,14,13,1,202,33,2,1,1,6,"1, PAOLI DU NR 1 A 20 -",0.0,0.0
201400049130,19,2,14,19,5,202,33,2,1,2,2,"sans, TOUTES RUES",0.0,0.0
201400049131,21,2,14,18,5,202,37,1,1,2,1,TOUTES RUES,0.0,0.0
201400049132,2,3,14,1,3,202,120,1,1,1,6,"sans, TOUTES RUES",0.0,0.0
201400049133,2,3,14,19,5,202,33,2,1,1,2,"sans, 193 - RN",0.0,0.0
201400049134,7,3,14,13,1,202,33,2,1,1,2,"sans, ROUTE ROYALE",0.0,0.0
201400049135,8,3,14,1,5,202,33,2,1,1,6,"SANS, 193 - RN",0.0,0.0
201400049136,17,3,14,16,1,202,120,2,1,1,2,"sans, TOUTES RUES",0.0,0.0
201400049137,19,3,14,14,1,202,33,2,1,1,2,"sans, TUNNEL",0.0,0.0
201400049138,21,3,14,8,1,202,33,2,1,1,1,"sans, FRONT DE MER - ROU",0.0,0.0
201400049139,21,3,14,16,1,202,353,2,1,1,6,"sans, TOUTES RUES",0.0,0.0
201400049140,24,3,14,15,1,202,33,2,1,1,6,"sans, 193 - RN",0.0,0.0
201400049141,25,3,14,19,5,202,33,2,6,2,3,"sans, AV DE LA LIBERATIO",0.0,0.0
201400049142,26,3,14,12,1,202,37,2,1,2,7,"sans, TOUTES RUES",0.0,0.0
201400049143,28,3,14,9,1,202,120,2,1,1,2,"SANS, TOUTES RUES",0.0,0.0
201400049144,29,3,14,19,5,202,120,2,1,1,3,"sans, TOUTES RUES",0.0,0.0
201400049145,31,3,14,12,1,202,33,2,1,1,4,"SANS, FRONT DE MER - ROU",0.0,0.0
201400049146,1,4,14,10,1,202,33,2,1,1,6,"sans, TOUTES RUES",0.0,0.0
201400049147,2,4,14,11,1,202,33,2,1,1,6,"sans, SEBASTIANI  - AVEN",0.0,0.0
201400049148,3,4,14,20,5,202,33,2,3,1,3,"38, PAOLI DU NR 21 AU 45",0.0,0.0
201400049149,4,4,14,6,5,202,120,1,1,3,6,"sans, TOUTES RUES",0.0,0.0
201400049150,4,4,14,14,1,202,33,2,1,1,3,"SANS, VEZZANI - RUE CESA",0.0,0.0
201400049151,4,4,14,17,1,202,120,2,1,1,2,"sans, TOUTES RUES",0.0,0.0
201400049152,5,4,14,0,3,202,37,1,1,1,6,"sans, TOUTES RUES",0.0,0.0
201400049153,9,4,14,16,1,202,37,1,1,1,1,"sans, TOUTES RUES",0.0,0.0
201400049154,11,4,14,19,1,202,33,2,1,1,2,"sans, AV DE LA LIBERATIO",0.0,0.0
201400049155,12,4,14,7,1,202,33,2,1,2,6,"sans, TOUTES RUES",0.0,0.0
201400049156,12,4,14,18,1,202,33,2,1,1,6,"sans, TOUTES RUES",0.0,0.0
201400049157,19,4,14,1,5,202,33,2,1,1,6,"6SANS, FRONT DE MER - RO",0.0,0.0
201400049158,20,4,14,19,2,202,33,2,1,1,5,"SANS, FRONT DE MER - ROU",0.0,0.0
201400049159,23,4,14,3,5,202,3,2,1,1,6,"6SANS, TOUTES RUES",0.0,0.0
201400049160,24,4,14,19,1,202,3,2,1,2,3,"SANS, TOUTES RUES",0.0,0.0
201400049161,30,4,14,1,5,202,33,2,1,1,7,"SANS, TOUTES RUES",0.0,0.0
201400049162,1,5,14,21,3,202,120,1,1,1,7,"SANS, TOUTES RUES",0.0,0.0
201400049163,2,5,14,3,5,202,33,2,1,2,2,"SANS, AV DE LA LIBERATIO",0.0,0.0
201400049164,1,5,14,18,1,202,33,2,1,1,1,"SANS, AV DE LA LIBERATIO",0.0,0.0
201400049165,2,5,14,11,1,202,33,2,1,1,7,"SANS, TOUTES RUES",0.0,0.0
201400049166,6,5,14,16,1,202,33,2,1,1,4,"sans, FRONT DE MER - ROU",0.0,0.0
201400049167,10,5,14,1,5,202,33,2,1,1,6,"sans, AV DE LA LIBERATIO",0.0,0.0
201400049168,11,5,14,2,5,202,33,2,2,1,6,"sans, TOUTES RUES",0.0,0.0
201400049169,12,5,14,9,1,202,33,2,1,1,6,"sans, AGLIANI - CHEMIN D",0.0,0.0
201400049170,12,5,14,18,1,202,33,2,1,1,6,"sans, SEBASTIANI  - AVEN",0.0,0.0
201400049171,14,5,14,16,1,202,33,2,3,1,3,"sans, FURIANI - CHEMIN D",0.0,0.0
201400049172,16,5,14,8,1,202,33,2,1,1,6,IMPERIALE - ROUTE,0.0,0.0
201400049173,16,5,14,12,1,202,120,1,1,1,2,TOUTES RUES,0.0,0.0
201400049174,19,5,14,18,1,202,353,1,1,2,2,"14, TOUTES RUES",0.0,0.0
201400049175,21,5,14,9,1,202,37,1,1,1,6,TOUTES RUES,0.0,0.0
201400049176,22,5,14,18,1,202,33,2,2,1,3,LE MARONI - RES,0.0,0.0
201400049177,23,5,14,16,1,202,33,2,1,1,1,TOUTES RUES,0.0,0.0
201400049178,23,5,14,17,1,202,353,1,1,1,7,TOUTES RUES,0.0,0.0
201400049179,26,5,14,17,1,202,33,2,1,1,6,TUNNEL,0.0,0.0
201400049180,27,5,14,20,2,202,37,2,3,1,1,"11, TOUTES RUES",0.0,0.0
201400049181,28,5,14,8,1,202,120,2,3,1,5,TOUTES RUES,0.0,0.0
201400049182,28,5,14,17,1,202,120,2,1,1,6,TOUTES RUES,0.0,0.0
201400049183,29,5,14,21,5,202,33,2,6,1,3,CAPITAINE THEN,0.0,0.0
201400049184,30,5,14,9,1,202,33,2,1,1,7,VOIE RAPIDE,0.0,0.0
201400049185,3,6,14,13,1,202,33,2,1,1,4,193 - RN,0.0,0.0
201400049186,4,6,14,16,1,202,33,2,2,1,3,TOUTES RUES,0.0,0.0
201400049187,6,6,14,7,1,202,37,1,1,1,4,TOUTES RUES,0.0,0.0
201400049188,6,6,14,16,1,202,33,2,1,1,6,VINCETTI - PLACE,0.0,0.0
201400049189,9,6,14,20,1,202,33,2,3,1,3,TOUTES RUES,0.0,0.0
201400049190,11,6,14,11,1,202,33,2,3,1,3,AV DE LA LIBERATIO,0.0,0.0
201400049191,11,6,14,18,1,202,37,2,1,1,1,"1636, TOUTES RUES",0.0,0.0
201400049192,12,6,14,15,1,202,33,2,1,1,1,"9, TOUTES RUES",0.0,0.0
201400049193,15,6,14,10,1,202,37,1,1,2,2,TOUTES RUES,0.0,0.0
201400049194,15,6,14,21,5,202,37,1,1,2,6,TOUTES RUES,0.0,0.0
201400049195,16,6,14,11,1,202,353,2,1,1,4,"23, TOUTES RUES",0.0,0.0
201400049196,17,6,14,20,1,202,33,2,1,1,3,"sans, CAPITAINE THEN",0.0,0.0
201400049197,20,6,14,17,1,202,37,1,1,1,3,"SANS, TOUTES RUES",0.0,0.0
201400049198,21,6,14,17,1,202,37,1,1,1,6,"SANS, TOUTES RUES",0.0,0.0
201400049199,23,6,14,9,1,202,120,1,1,1,2,"sans, TOUTES RUES",0.0,0.0
201400049200,26,6,14,12,1,202,33,2,1,3,2,"SANS, VEZZANI - RUE CESA",0.0,0.0
201400049201,30,6,14,21,5,202,33,1,1,1,6,"571, TOUTES RUES",0.0,0.0
201400049202,8,7,14,15,1,202,120,2,3,1,3,"SANS, TOUTES RUES",0.0,0.0
201400049203,11,7,14,9,1,202,120,2,1,1,3,"sans, TOUTES RUES",0.0,0.0
201400049204,11,7,14,15,1,202,33,2,1,1,6,"sans, FRONT DE MER - ROU",0.0,0.0
201400049205,15,7,14,17,1,202,33,2,1,1,6,"12, GAUDIN - BLD AUGUSTE",0.0,0.0
201400049206,16,7,14,8,1,202,33,2,1,1,6,"sans, FAVALE - COURS",0.0,0.0
201400049207,16,7,14,17,1,202,33,2,1,1,1,"sans, TOUTES RUES",0.0,0.0
201400049208,18,7,14,19,1,202,120,2,1,1,6,"sans, TOUTES RUES",0.0,0.0
201400049209,19,7,14,22,5,202,33,2,1,1,6,"12, PAOLI DU NR 1 A 20 -",0.0,0.0
201400049210,21,7,14,12,1,202,120,2,1,1,6,"sans, TOUTES RUES",0.0,0.0
201400049211,24,7,14,11,1,202,33,2,1,1,3,"sans, TOUTES RUES",0.0,0.0
201400049212,26,7,14,16,1,202,120,1,1,1,3,"sans, TOUTES RUES",0.0,0.0
201400049213,28,7,14,11,1,202,33,1,3,1,3,"sans, TOUTES RUES",0.0,0.0
201400049214,29,7,14,10,1,202,120,2,1,1,3,"sans, TOUTES RUES",0.0,0.0
201400049215,30,7,14,9,1,202,33,2,1,3,6,"sans, VEZZANI - RUE CESA",0.0,0.0
201400049216,31,7,14,20,1,202,37,2,2,1,3,"sans, TOUTES RUES",0.0,0.0
201400049217,2,8,14,3,5,202,33,2,1,1,7,"193, 193 - RN",0.0,0.0
201400049218,3,8,14,12,1,202,33,2,1,1,2,"SANS, TOUTES RUES",0.0,0.0
201400049219,5,8,14,16,1,202,120,2,1,1,3,"SANS, TOUTES RUES",0.0,0.0
201400049220,7,8,14,12,1,202,37,2,1,1,6,"SANS, TOUTES RUES",0.0,0.0
201400049221,8,8,14,8,1,202,37,2,3,1,5,"SANS, TOUTES RUES",0.0,0.0
201400049222,9,8,14,11,1,202,37,2,1,1,4,"SANS, TOUTES RUES",0.0,0.0
201400049223,11,8,14,16,1,202,33,2,1,1,1,"SANS, CAPITAINE THEN",0.0,0.0
201400049224,12,8,14,12,1,202,37,1,1,1,3,"SANS, TOUTES RUES",0.0,0.0
201400049225,13,8,14,13,1,202,33,2,1,1,3,"SANS, IMPERIALE - ROUTE",0.0,0.0
201400049226,18,8,14,11,1,202,33,2,1,1,6,"SANS, ROUTE ROYALE",0.0,0.0
201400049227,20,8,14,1,5,202,33,2,1,1,1,"SANS, TOUTES RUES",0.0,0.0
201400049228,19,8,14,12,1,202,37,2,1,1,2,"SANS, TOUTES RUES",0.0,0.0
201400049229,27,8,14,7,1,202,33,2,1,1,6,"SANS, ANNONCIADE - CHEMI",0.0,0.0
201400049230,27,8,14,14,1,202,120,2,1,1,2,"SANS, TOUTES RUES",0.0,0.0
201400049231,28,8,14,13,1,202,37,2,1,1,1,"SANS, TOUTES RUES",0.0,0.0
201400049232,29,8,14,10,1,202,33,2,1,1,1,"sans, FRANCOIS VITTORI",0.0,0.0
201400049233,29,8,14,12,1,202,33,2,1,1,1,GIRAUD - BD GENERAL,0.0,0.0
201400049234,29,8,14,9,1,202,37,2,1,1,2,"SANS, TOUTES RUES",0.0,0.0
201400049235,29,8,14,18,1,202,37,2,3,1,3,"sans, TOUTES RUES",0.0,0.0
201400049236,31,8,14,18,1,202,37,1,1,1,2,"SANS, TOUTES RUES",0.0,0.0
201400049237,4,9,14,17,1,202,37,2,1,1,2,"SANS, TOUTES RUES",0.0,0.0
201400049238,7,9,14,5,5,202,33,2,1,1,6,193 - RN,0.0,0.0
201400049239,8,9,14,12,1,202,120,2,1,1,4,"SANS, TOUTES RUES",0.0,0.0
201400049240,11,9,14,9,1,202,33,2,1,2,6,"SANS, TOUTES RUES",0.0,0.0
201400049241,12,9,14,13,1,202,33,2,1,1,6,"2, GAUDIN - BLD AUGUSTE",0.0,0.0
201400049242,12,9,14,16,1,202,33,2,1,1,6,"sans, AGLIANI - CHEMIN D",0.0,0.0
201400049243,17,9,14,13,1,202,37,1,1,2,6,"sans, TOUTES RUES",0.0,0.0
201400049244,17,9,14,16,1,202,120,1,1,1,2,"sans, TOUTES RUES",0.0,0.0
201400049245,17,9,14,18,1,202,120,1,1,1,6,"sans, TOUTES RUES",0.0,0.0
201400049246,22,9,14,8,1,202,33,2,1,1,6,"sans, AV DE LA LIBERATIO",0.0,0.0
201400049247,23,9,14,7,1,202,37,2,1,1,2,"SANS, TOUTES RUES",0.0,0.0
201400049248,25,9,14,15,1,202,37,1,1,2,6,"sans, TOUTES RUES",0.0,0.0
201400049249,28,9,14,13,1,202,353,2,1,1,2,TOUTES RUES,0.0,0.0
201400049250,29,9,14,19,5,202,33,2,1,1,2,"SANS, VEZZANI - RUE CESA",0.0,0.0
201400049251,30,9,14,9,1,202,33,2,1,1,6,"SANS, TOUTES RUES",0.0,0.0
201400049252,1,10,14,18,5,202,33,2,1,1,3,"SANS, AV DE LA LIBERATIO",0.0,0.0
201400049253,2,10,14,17,1,202,33,2,3,1,3,"SANS, ROUTE ROYALE",0.0,0.0
201400049254,3,10,14,13,1,202,33,2,1,1,4,"SANS, TOUTES RUES",0.0,0.0
201400049255,6,10,14,16,1,202,33,2,1,1,6,"1, TOUTES RUES",0.0,0.0
201400049256,8,10,14,4,5,202,33,2,1,1,6,"SANS, MONTE PIANO -CHEMI",0.0,0.0
201400049257,8,10,14,21,5,202,33,2,1,1,7,TOUTES RUES,0.0,0.0
201400049258,8,10,14,17,1,202,37,1,1,1,3,"SANS, TOUTES RUES",0.0,0.0
201400049259,8,10,14,18,1,202,33,2,1,1,6,"2, MIOT - RUE",0.0,0.0
201400049260,8,10,14,16,1,202,120,1,1,1,2,"sans, TOUTES RUES",0.0,0.0
201400049261,9,10,14,8,1,202,33,2,1,1,6,"sans, ROUTE ROYALE",0.0,0.0
201400049262,10,10,14,14,1,202,37,1,1,1,1,"sans, TOUTES RUES",0.0,0.0
201400049263,11,10,14,19,5,202,33,2,3,1,3,"sans, AV DE LA LIBERATIO",0.0,0.0
201400049264,13,10,14,16,1,202,33,2,1,1,4,"sans, 193 - RN",0.0,0.0
201400049265,16,10,14,16,1,202,120,1,1,1,2,"SANS, TOUTES RUES",0.0,0.0
201400049266,17,10,14,7,2,202,33,2,1,1,3,"sans, AV DE LA LIBERATIO",0.0,0.0
201400049267,17,10,14,17,1,202,33,2,6,1,3,"SANS, 193 - RN",0.0,0.0
201400049268,18,10,14,12,1,202,33,2,1,1,4,"sans, VEZZANI - RUE CESA",0.0,0.0
201400049269,19,10,14,9,1,202,33,2,1,1,6,"16, PAOLI DU NR 1 A 20 -",0.0,0.0
201400049270,21,10,14,15,1,202,37,2,6,1,3,"sans, TOUTES RUES",0.0,0.0
201400049271,22,10,14,6,2,202,33,2,6,1,3,"sans, 193 - RN",0.0,0.0
201400049272,23,10,14,13,1,202,33,2,1,1,6,"sans, NOGUES",0.0,0.0
201400049273,26,10,14,19,5,202,33,2,1,1,5,"SANS, FRANCOIS VITTORI",0.0,0.0
201400049274,26,10,14,22,5,202,37,2,1,1,5,"SANS, TOUTES RUES",0.0,0.0
201400049275,31,10,14,12,1,202,33,2,2,1,1,"SANS, CAPITAINE THEN",0.0,0.0
201400049276,1,11,14,12,1,202,33,2,1,1,6,"sans, PAOLI DU NR 1 A 20",0.0,0.0
201400049277,1,11,14,15,1,202,120,2,6,1,3,"SANS, TOUTES RUES",0.0,0.0
201400049278,2,11,14,17,1,202,33,2,1,1,2,"sans, 193 - RN",0.0,0.0
201400049279,4,11,14,21,5,202,33,2,1,1,1,"sans, TUNNEL",0.0,0.0
201400049280,5,11,14,17,1,202,33,2,1,3,1,"SANS, ROUTE ROYALE",0.0,0.0
201400049281,6,11,14,15,1,202,120,2,1,3,6,"SANS, TOUTES RUES",0.0,0.0
201400049282,10,11,14,14,1,202,33,1,1,2,6,"SANS, COL DE TEGHIME",0.0,0.0
201400049283,10,11,14,21,5,202,33,2,1,3,6,"sans, TOUTES RUES",0.0,0.0
201400049284,11,11,14,1,5,202,37,2,1,1,6,TOUTES RUES,0.0,0.0
201400049285,11,11,14,4,5,202,33,2,2,1,3,"sans, FRANCOIS VITTORI",0.0,0.0
201400049286,12,11,14,10,1,202,33,2,1,1,6,"1, MIOT - RUE",0.0,0.0
201400049287,17,11,14,10,1,202,33,2,1,1,3,"sans, TOUTES RUES",0.0,0.0
201400049288,17,11,14,17,5,202,33,2,1,2,6,"SANS, TOUTES RUES",0.0,0.0
201400049289,20,11,14,13,1,202,33,2,1,1,6,"SANS, AV DE LA LIBERATIO",0.0,0.0
201400049290,24,11,14,13,1,202,33,2,1,1,6,"sans, ROUTE ROYALE",0.0,0.0
201400049291,27,11,14,14,1,202,33,2,1,1,6,"2, TOUTES RUES",0.0,0.0
201400049292,30,11,14,5,5,202,33,2,1,3,1,"SANS, FRONT DE MER - ROU",0.0,0.0
201400049293,1,12,14,15,1,202,37,1,1,1,6,"SANS, TOUTES RUES",0.0,0.0
201400049294,1,12,14,17,5,202,33,2,1,2,2,"SANS, TOUTES RUES",0.0,0.0
201400049295,3,12,14,18,5,202,37,2,1,1,4,TOUTES RUES,0.0,0.0
201400049296,3,12,14,21,3,202,120,2,1,1,6,"SANS, TOUTES RUES",0.0,0.0
201400049297,5,12,14,20,5,202,37,1,1,1,2,"SANS, TOUTES RUES",0.0,0.0
201400049298,5,12,14,13,1,202,33,2,1,2,6,"8, VINCETTI - PLACE",0.0,0.0
201400049299,6,12,14,12,1,202,120,2,1,1,2,"sans, TOUTES RUES",0.0,0.0
201400049300,7,12,14,6,5,202,33,2,1,1,1,"SANS, ROUTE ROYALE",0.0,0.0
201400049301,4,12,14,10,1,202,33,2,1,1,4,"SANS, ROUTE ROYALE",0.0,0.0
201400049302,8,12,14,16,1,202,33,2,1,1,4,"SANS, ROUTE ROYALE",0.0,0.0
201400049303,9,12,14,13,1,202,33,2,1,1,2,"SANS, FRONT DE MER - ROU",0.0,0.0
201400049304,10,12,14,17,1,202,33,2,1,1,6,"2, ANNONCIADE - CHEMIN D",0.0,0.0
201400049305,11,12,14,12,1,202,33,2,1,1,6,"SANS, PAOLI DU NR 1 A 20",0.0,0.0
201400049306,11,12,14,12,1,202,120,2,1,1,4,"sans, TOUTES RUES",0.0,0.0
201400049307,14,12,14,19,5,202,33,2,1,1,3,"SANS, AV DE LA LIBERATIO",0.0,0.0
201400049308,13,12,14,18,5,202,33,2,1,1,2,"SANS, AV DE LA LIBERATIO",0.0,0.0
201400049309,15,12,14,12,1,202,37,2,1,1,6,"sans, TOUTES RUES",0.0,0.0
201400049310,15,12,14,12,1,202,33,2,1,1,5,"sans, FRONT DE MER - ROU",0.0,0.0
201400049311,16,12,14,8,1,202,120,2,3,3,3,"SANS, TOUTES RUES",0.0,0.0
201400049312,19,12,14,17,1,202,120,2,1,1,5,"SANS, TOUTES RUES",0.0,0.0
201400049313,19,12,14,17,5,202,37,2,1,2,3,"sans, TOUTES RUES",0.0,0.0
201400049314,19,12,14,20,5,202,33,2,1,1,1,"sans, ROUTE ROYALE",0.0,0.0
201400049315,21,12,14,14,1,202,33,2,1,1,1,"sans, CAPITAINE THEN",0.0,0.0
201400049316,22,12,14,17,5,202,33,2,1,1,6,"SANS, TOUTES RUES",0.0,0.0
201400049317,23,12,14,9,1,202,33,2,1,1,6,"sans, MISERICORDE - RUE",0.0,0.0
201400049318,24,12,14,18,5,202,33,2,1,1,6,"31, GRAZIANI - BLD",0.0,0.0
201400049319,27,12,14,17,5,202,33,2,1,3,6,"SANS, ROUTE ROYALE",0.0,0.0
201400049320,7,1,14,9,1,69,382,2,1,1,3,SQUARE JULIEN GRAS,0.0,0.0
201400049321,8,1,14,13,1,69,382,2,1,1,6,"11, PRESIDENT CARNOT (DU",0.0,0.0
201400049322,10,1,14,13,1,69,382,2,1,1,6,"5, RUE NEUVE",0.0,0.0
201400049323,11,1,14,20,5,69,382,2,1,1,2,QUAI JEAN MOULIN,0.0,0.0
201400049324,11,1,14,19,5,69,382,2,2,1,3,"27, JULES COURMONT",0.0,0.0
201400049325,20,1,14,9,1,69,382,2,9,1,3,RUE GRENETTE,0.0,0.0
201400049326,27,1,14,12,1,69,382,2,9,1,6,PLACE ANTONIN PONCET,0.0,0.0
201400049327,10,7,14,17,1,69,282,2,1,2,6,"0, RUE JEAN JAURES",0.0,0.0
201400049328,31,1,14,12,1,69,382,2,1,2,6,PONT BONAPARTE,0.0,0.0
201400049329,24,7,14,11,1,69,282,2,2,1,6,"., RUE DE LA REPUBLIQUE",0.0,0.0
201400049330,1,2,14,17,4,69,382,2,3,3,5,QUAI PERRACHE,0.0,0.0
201400049331,4,2,14,10,1,69,382,2,1,1,6,"55, AUGUSTE COMTE",0.0,0.0
201400049332,5,2,14,12,1,69,382,2,1,2,7,QUAI JULES COURMONT,0.0,0.0
201400049333,8,2,14,20,5,69,382,2,2,1,3,"14, FERRANDIERE (DE LA)",0.0,0.0
201400049334,12,2,14,14,1,69,382,2,1,1,3,"32, QUAI PERRACHE",0.0,0.0
201400049335,14,2,14,18,5,69,382,2,1,1,2,"5, BELLECOUR",0.0,0.0
201400049336,21,2,14,18,5,69,382,2,1,1,6,"44, CHARLEMAGNE",0.0,0.0
201400049337,14,3,14,13,1,69,382,2,1,1,6,"26, BELLECOUR",0.0,0.0
201400049338,7,3,14,0,5,69,382,2,1,1,6,"40, JULES COURMONT",0.0,0.0
201400049339,15,3,14,18,1,69,382,2,1,1,6,"3, MARECHAL JOFFRE (DU)",0.0,0.0
201400049340,18,3,14,9,1,69,382,2,1,1,4,"4, COURS DE VERDUN RAMBA",0.0,0.0
201400049341,23,3,14,0,5,69,382,2,1,1,3,"1, BELLECOUR",0.0,0.0
201400049342,23,3,14,5,5,69,382,2,1,1,6,"12, RUE DU PLAT",0.0,0.0
201400049343,27,3,14,18,1,69,382,2,1,1,3,"2, CORDELIERS (DES)",0.0,0.0
201400049344,2,4,14,17,1,69,382,2,1,1,2,"20, QUAI DOCTEUR GAILLET",0.0,0.0
201400049345,10,4,14,11,1,69,382,2,1,1,6,"26, BELLECOUR",0.0,0.0
201400049346,16,4,14,17,1,69,382,2,1,1,6,"112, PAUL MONTROCHET",0.0,0.0
201400049347,6,4,14,5,5,69,382,2,1,1,6,"26, BELLECOUR",0.0,0.0
201400049348,17,4,14,8,1,69,382,2,3,1,3,DOCTEUR GAILLETON (DU),0.0,0.0
201400049349,23,4,14,12,1,69,382,2,1,1,7,"50, CHARLEMAGNE",0.0,0.0
201400049350,5,5,14,9,1,69,382,2,1,1,6,BARRE (DE LA),0.0,0.0
201400049351,11,5,14,23,5,69,382,2,1,1,6,"10, CELESTINS (DES)",0.0,0.0
201400049352,13,5,14,15,1,69,382,2,1,2,6,"57, PRESIDENT EDOUARD HE",0.0,0.0