Num_Acc,jour,mois,an,hr,condition_eclairage,departement,commune,condition_agglomeration,intersection,condition_atmosphere,type_collision,adresse,lattitude,longitude
201400049353,17,5,14,4,5,69,382,2,1,1,2,PONT DE LA GUILLOTIERE,0.0,0.0
201400049354,25,5,14,11,2,69,382,2,1,1,4,"40, DOCTEUR GAILLETON (D",0.0,0.0
201400049355,3,6,14,10,1,69,382,2,1,1,6,AUGUSTE COMTE,0.0,0.0
201400049356,3,6,14,19,1,69,382,2,1,1,6,"56, RUE PRESIDENT EDOUAR",0.0,0.0
201400049357,4,6,14,15,1,69,382,2,1,2,2,"8, BELLECOUR",0.0,0.0
201400049358,14,6,14,1,5,69,382,2,3,1,3,RUE TUPIN,0.0,0.0
201400049359,17,6,14,16,1,69,382,2,1,1,6,"95, RUE PRESIDENT EDOUAR",0.0,0.0
201400049360,14,6,14,4,5,69,382,2,1,1,6,"80, PRESIDENT EDOUARD HE",0.0,0.0
201400049361,20,6,14,10,1,69,382,2,1,1,3,"SANS, TREMIE 7 DU CENTRE",0.0,0.0
201400049362,21,6,14,22,5,69,382,2,2,1,6,"55, CHARITE (DE LA)",0.0,0.0
201400049363,25,6,14,17,1,69,382,2,1,1,2,"BORNE 7 4, PERRACHE",0.0,0.0
201400049364,27,6,14,19,1,69,382,2,2,1,3,"26, DELANDINE",0.0,0.0
201400049365,1,7,14,21,5,69,382,2,1,1,2,"13, JEAN MOULIN",0.0,0.0
201400049366,5,7,14,16,1,69,382,2,1,1,4,"SANS, PONT DE LA GUILLOT",0.0,0.0
201400049367,17,7,14,10,1,69,382,2,1,1,6,"1, PLACE DE L'HOPITAL",0.0,0.0
201400049368,18,7,14,10,1,69,382,2,1,1,3,"112, CHARLEMAGNE",0.0,0.0
201400049369,21,7,14,17,1,69,382,2,1,2,2,"12, PERRACHE",0.0,0.0
201400049370,29,7,14,2,5,69,382,2,3,2,3,"4, CARNOT",0.0,0.0
201400049371,2,8,14,18,1,69,382,2,1,1,6,"3, BARRE (DE LA)",0.0,0.0
201400049372,6,8,14,17,1,69,382,2,2,1,3,RUE DENUZIERE,0.0,0.0
201400049373,26,7,14,1,5,69,382,2,1,3,7,"38, RAMBAUD",0.0,0.0
201400049374,27,8,14,14,1,69,382,2,1,1,4,PERRACHE,0.0,0.0
201400049375,31,8,14,1,5,69,382,2,3,1,3,PERRACHE,0.0,0.0
201400049376,26,8,14,15,1,69,382,2,1,1,2,"85, CHARLEMAGNE",0.0,0.0
201400049377,7,9,14,4,5,69,382,2,1,1,6,"13, JEAN MOULIN",0.0,0.0
201400049378,11,9,14,12,1,69,382,2,1,1,3,"1, JULIEN GRAS",0.0,0.0
201400049379,16,9,14,14,1,69,382,2,1,1,3,"53, PLACE DE LA REPUBLIQ",0.0,0.0
201400049380,19,9,14,15,1,69,382,2,1,1,6,"11, PLACE BELLECOUR",0.0,0.0
201400049381,19,9,14,20,5,69,382,2,1,1,6,"29, QUAI DOCTEUR GAILLET",0.0,0.0
201400049382,20,9,14,18,1,69,382,2,1,1,6,"72, CHARLEMAGNE",0.0,0.0
201400049383,1,12,14,7,2,69,382,2,1,2,6,RUE CASIMIR PERIER,0.0,0.0
201400049384,23,9,14,12,1,69,382,2,1,1,6,"8, QUAI DES CELESTINS",0.0,0.0
201400049385,25,9,14,20,5,69,382,2,3,1,3,QUAI PERRACHE,0.0,0.0
201400049386,27,9,14,5,5,69,382,2,1,1,6,TREMIE 6 DU CENTRE D ECH,0.0,0.0
201400049387,29,9,14,9,1,69,382,2,2,2,3,COURS CHARLEMAGNE,0.0,0.0
201400049388,30,9,14,13,1,69,382,2,1,1,5,"37, QUAI DOCTEUR GAILLET",0.0,0.0
201400049389,18,12,14,7,5,69,382,2,1,1,6,"13, PLACE BELLECOUR",0.0,0.0
201400049390,1,10,14,15,1,69,382,2,1,1,6,RUE TUPIN,0.0,0.0
201400049391,11,10,14,10,1,69,382,2,1,1,2,"44, COURS CHARLEMAGNE",0.0,0.0
201400049392,12,10,14,0,5,69,382,2,2,1,3,RUE DES ARCHERS,0.0,0.0
201400049393,16,10,14,18,1,69,382,2,1,1,6,"27, JEAN MOULIN",0.0,0.0
201400049394,12,11,14,21,5,69,382,2,1,2,6,"42, CONDE (DE)",0.0,0.0
201400049395,13,11,14,8,1,69,382,2,1,8,7,"15, PLACE CARNOT",0.0,0.0
201400049396,21,11,14,23,5,69,382,2,1,1,2,DOCTEUR GAILLETON (DU),0.0,0.0
201400049397,26,11,14,7,2,69,382,2,1,8,3,"26, QUAI DOCTEUR GAILLET",0.0,0.0
201400049398,2,12,14,12,1,69,382,2,1,1,6,"14, RUE DU PLAT",0.0,0.0
201400049399,9,12,14,8,1,69,382,2,1,1,6,"19, PLACE BELLECOUR",0.0,0.0
201400049400,10,12,14,21,5,69,382,2,1,2,5,PLACE BELLECOUR,0.0,0.0
201400049401,14,12,14,17,5,69,382,2,1,1,6,"7, BARRE (DE LA)",0.0,0.0
201400049402,14,12,14,17,2,69,382,2,1,1,6,"33, COURS DE VERDUN RECA",0.0,0.0
201400049403,1,1,14,6,5,59,350,1,1,2,6,AUTOROUTE A25,0.0,0.0
201400049404,4,1,14,21,3,59,606,1,1,8,6,AUTOROUTE A23,0.0,0.0
201400049405,5,1,14,2,5,62,771,1,1,1,7,AUTOROUTE  A21,0.0,0.0
201400049406,5,1,14,11,1,62,498,1,1,8,7,AUTOROUTE A211,0.0,0.0
201400049407,5,1,14,16,1,59,343,1,1,1,2,AUTOROUTE A1,0.0,0.0
201400049408,8,1,14,2,5,59,205,1,1,6,2,AUTOROUTE A 21,0.0,0.0
201400049409,14,1,14,11,1,62,771,1,1,2,7,AUTOROUTE A21,0.0,0.0
201400049410,14,1,14,12,2,59,646,1,1,2,3,ROUTE DEPARTEMENTALE 656,0.0,0.0
201400049411,15,1,14,11,1,59,646,1,1,1,7,ROUTE DEPARTEMENTALE 656,0.0,0.0
201400049412,23,1,14,14,1,59,360,1,1,2,7,AUTOROUTE A25,0.0,0.0
201400049413,28,1,14,8,2,62,637,1,1,3,2,AUTOROUTE A1,0.0,0.0
201400049414,29,1,14,23,3,59,195,1,1,1,7,ROUTE DEPARTEMENTALE 652,0.0,0.0
201400049415,31,1,14,3,3,62,548,1,1,1,7,AUTOROUTE A16,50.93607,1.9672
201400049416,31,1,14,7,2,59,350,1,1,1,4,AUTOROUTE A25,0.0,0.0
201400049417,2,2,14,14,1,59,350,1,1,7,7,AUTOROUTE A1,0.0,0.0
201400049418,8,2,14,17,2,62,274,1,1,2,6,AUTOROUTE A1,0.0,0.0
201400049419,12,2,14,18,3,59,343,1,1,3,1,AUTOROUTE A23,0.0,0.0
201400049420,17,2,14,20,3,59,330,1,1,1,7,AUTOROUTE A23,0.0,0.0
201400049421,19,2,14,16,1,59,646,1,1,1,2,ROUTE DEPARTEMENTALE 656,0.0,0.0
201400049422,19,2,14,21,5,59,271,1,1,1,2,AUTOROUTE A16,0.0,0.0
201400049423,21,2,14,8,1,59,491,1,1,8,5,AUTOROUTE A23,0.0,0.0
201400049424,26,2,14,23,5,59,410,1,1,1,6,ROUTE NATIONALE 356,0.0,0.0
201400049425,27,2,14,10,1,59,350,1,1,2,2,ROUTE NATIONALE 356,0.0,0.0
201400049426,5,3,14,8,1,59,586,1,1,1,4,AUTOROUTE A23,0.0,0.0
201400049427,6,3,14,13,1,59,90,1,1,1,2,AUTOROUTE A22,0.0,0.0
201400049428,6,3,14,14,1,59,586,1,1,1,2,AUTOROUTE A23,0.0,0.0
201400049429,7,3,14,6,2,59,606,1,1,1,2,AUTOROUTE A23,0.0,0.0
201400049430,9,3,14,12,1,59,178,1,1,1,2,AUTOROUTE A21,0.0,0.0
201400049431,9,3,14,12,1,59,178,1,1,1,3,AUTOROUTE A21,0.0,0.0
201400049432,9,3,14,18,3,62,351,1,1,1,7,AUTOROUTE A21,0.0,0.0
201400049433,11,3,14,0,4,59,426,1,1,1,2,AUTOROUTE A22,0.0,0.0
201400049434,13,3,14,8,2,62,510,1,1,5,2,AUTOROUTE A21,0.0,0.0
201400049435,14,3,14,13,1,59,271,1,1,1,2,AUTOROUTE A16,0.0,0.0
201400049436,14,3,14,17,1,59,350,1,1,1,4,AUTOROUTE A1,0.0,0.0
201400049437,18,3,14,8,1,59,560,1,1,1,3,AUTOROUTE A1,0.0,0.0
201400049438,18,3,14,20,3,59,350,1,1,1,2,ROUTE DEPARTEMENTALE 652,0.0,0.0
201400049439,19,3,14,6,2,62,249,1,1,1,2,AUTOROUTE A21,0.0,0.0
201400049440,19,3,14,23,5,62,498,1,1,1,7,AUTOROUTE A211,0.0,0.0
201400049441,22,3,14,12,1,62,498,1,1,1,4,AUTOROUTE A21,0.0,0.0
201400049442,23,3,14,20,3,59,43,1,1,1,7,AUTOROUTE A25,0.0,0.0
201400049443,31,3,14,6,3,59,431,1,1,1,4,AUTOROUTE A25,0.0,0.0
201400049444,9,4,14,8,1,59,586,1,1,1,2,AUTOROUTE A23,0.0,0.0
201400049445,15,4,14,5,2,59,532,1,1,1,7,AUTOROUTE A16,0.0,0.0
201400049446,17,4,14,2,5,62,351,1,1,1,7,AUTOROUTE A21,0.0,0.0
201400049447,19,4,14,16,1,59,456,1,1,1,7,AUTOROUTE A 21,0.0,0.0
201400049448,24,4,14,12,1,62,274,1,1,1,4,AUTOROUTE A1,0.0,0.0
201400049449,28,4,14,6,1,59,305,1,1,1,2,AUTOROUTE A25,0.0,0.0
201400049450,28,4,14,18,1,62,498,1,1,1,6,AUTOROUTE A21,0.0,0.0
201400049451,29,4,14,23,5,59,350,1,1,1,7,ROUTE NATIONALE 356,0.0,0.0
201400049452,1,5,14,9,1,59,566,1,1,1,2,AUTOROUTE A25,0.0,0.0
201400049453,1,5,14,15,1,59,462,1,1,2,7,AUTOROUTE A1,0.0,0.0
201400049454,3,5,14,11,1,59,346,1,1,1,7,AUTOROUTE A27,0.0,0.0
201400049455,5,5,14,18,1,59,447,1,1,1,6,AUTOROUTE A2,0.0,0.0
201400049456,8,5,14,21,1,62,624,1,1,2,2,AUTOROUTE A1,0.0,0.0
201400049457,12,5,14,11,1,59,350,1,1,1,3,ROUTE NATIONALE 356,0.0,0.0
201400049458,13,5,14,9,1,59,9,1,1,2,7,ROUTE NATIONALE 227,0.0,0.0
201400049459,14,5,14,13,1,59,557,1,1,1,4,AUTOROUTE A2,0.0,0.0
201400049460,15,5,14,8,1,62,351,1,1,1,6,AUTOROUTE A21,50.43242,2.91284
201400049461,16,5,14,18,1,59,431,1,1,1,5,AUTOROUTE A25,0.0,0.0
201400049462,16,5,14,23,3,59,234,1,1,1,2,AUTOROUTE A21,0.0,0.0
201400049463,17,5,14,7,1,62,907,1,1,1,6,AUTOROUTE A1,0.0,0.0
201400049464,18,5,14,0,3,62,427,1,1,1,6,Autoroute A1,0.0,0.0
201400049465,19,5,14,8,1,59,462,1,1,1,5,AUTOROUTE A1,0.0,0.0
201400049466,20,5,14,14,1,59,131,1,1,1,7,ROUTE NATIONALE 225,0.0,0.0
201400049467,22,5,14,9,1,59,462,1,1,1,6,AUTOROUTE A1,0.0,0.0
201400049468,22,5,14,9,1,59,350,1,1,1,4,AUTOROUTE A25,0.0,0.0
201400049469,23,5,14,0,3,59,566,1,1,2,6,AUTOROUTE A25,0.0,0.0
201400049470,24,5,14,4,3,59,662,1,1,2,2,AUTOROUTE A25,0.0,0.0
201400049471,24,5,14,6,1,59,435,1,1,1,2,AUTOROUTE A23,0.0,0.0
201400049472,27,5,14,16,1,62,215,1,1,2,7,AUTOROUTE  A1,0.0,0.0
201400049473,1,6,14,16,1,59,348,1,1,1,7,AUTOROUTE A2,0.0,0.0
201400049474,2,6,14,7,1,59,581,1,1,5,4,AUTOROUTE A25,0.0,0.0
201400049475,2,6,14,7,1,59,378,1,1,1,7,AUTOROUTE A22,0.0,0.0
201400049476,6,6,14,18,1,59,360,1,1,1,5,AUTOROUTE A25,0.0,0.0
201400049477,7,6,14,18,1,62,351,1,1,1,6,AUTOROUTE A21,0.0,0.0
201400049478,8,6,14,3,3,62,274,1,1,1,6,AUTOROUTE A1,0.0,0.0
201400049479,10,6,14,6,1,59,178,1,1,2,6,AUTOROUTE A21,0.0,0.0
201400049480,10,6,14,20,1,59,183,1,1,1,6,ROUTE NATIONALE 225,0.0,0.0
201400049481,12,6,14,15,1,59,288,1,1,1,3,AUTOROUTE A2,0.0,0.0
201400049482,15,6,14,6,1,59,350,1,1,1,7,AUTOROUTE A1,0.0,0.0
201400049483,16,6,14,11,1,59,609,1,1,1,6,AUTOROUTE A1,0.0,0.0
201400049484,17,6,14,14,1,59,350,1,1,1,2,ROUTE NATIONALE 356,0.0,0.0
201400049485,19,6,14,18,1,59,609,1,1,1,6,AUTOROUTE A1,0.0,0.0
201400049486,20,6,14,17,1,59,360,1,1,1,7,AUTOROUTE A25,0.0,0.0
201400049487,20,6,14,19,1,59,462,1,1,1,6,AUTOROUTE A1,0.0,0.0
201400049488,23,6,14,8,1,62,498,1,1,1,7,AUTOROUTE A21,0.0,0.0
201400049489,25,6,14,6,1,59,183,1,1,1,7,ROUTE NATIONALE 225,0.0,0.0
201400049490,26,6,14,3,3,59,43,1,1,1,7,AUTOROUTE A25,0.0,0.0
201400049491,26,6,14,5,2,59,360,1,1,1,7,AUTOROUTE A25,0.0,0.0
201400049492,3,7,14,19,1,59,143,1,1,1,4,AUTOROUTE A25,0.0,0.0
201400049493,5,7,14,19,1,59,9,1,1,2,7,AUTOROUTE A22,0.0,0.0
201400049494,5,7,14,19,1,59,447,1,1,2,4,AUTOROUTE A2,0.0,0.0
201400049495,5,7,14,20,1,59,9,1,1,1,2,AUTOROUTE A22,0.0,0.0
201400049496,5,7,14,23,3,59,606,1,1,1,7,AUTOROUTE A23,0.0,0.0
201400049497,8,7,14,20,1,62,351,1,1,1,7,AUTOROUTE A21,50.43181,2.89556
201400049498,12,7,14,8,1,62,907,1,1,1,3,AUTOROUTE A1,0.0,0.0
201400049499,17,7,14,11,1,59,566,1,1,1,4,AUTOROUTE A25,0.0,0.0
201400049500,18,7,14,18,1,59,288,1,1,1,4,AUTOROUTE A2,0.0,0.0
201400049501,23,7,14,4,5,59,350,1,1,1,7,AUTOROUTE A25,0.0,0.0
201400049502,24,7,14,4,3,59,560,1,1,1,7,AUTOROUTE A1,0.0,0.0
201400049503,27,7,14,4,3,59,636,1,1,1,7,ROUTE DEPARTEMENTALE 652,0.0,0.0
201400049504,30,7,14,8,1,59,378,1,1,1,7,ROUTE DEPARTEMENTALE 652,0.0,0.0
201400049505,6,8,14,11,1,59,350,1,1,1,2,ROUTE NATIONALE 356,0.0,0.0
201400049506,7,8,14,15,1,59,350,1,1,1,4,AUTOROUTE A25,0.0,0.0
201400049507,8,8,14,19,1,59,350,1,1,8,7,ROUTE NATIONALE 356,0.0,0.0
201400049508,11,8,14,16,1,59,13,1,1,1,4,AUTOROUTE A27,0.0,0.0
201400049509,12,8,14,17,1,59,179,1,1,1,7,AUTOROUTE A 21,0.0,0.0
201400049510,12,8,14,17,1,59,178,1,1,1,7,AUTOROUTE A21,0.0,0.0
201400049511,13,8,14,16,1,59,383,1,1,3,6,AUTOROUTE A2,0.0,0.0
201400049512,18,8,14,12,1,59,560,1,1,1,4,AUTOROUTE A1,0.0,0.0
201400049513,22,8,14,17,1,59,195,1,1,3,7,ROUTE DEPARTEMENTALE 652,0.0,0.0
201400049514,4,9,14,7,2,59,560,1,1,1,2,AUTOROUTE A1,0.0,0.0
201400049515,4,9,14,16,1,62,637,1,1,1,2,AUTOROUTE A1,0.0,0.0
201400049516,4,9,14,19,1,62,510,1,1,1,7,AUTOROUTE A21,0.0,0.0
201400049517,5,9,14,6,3,59,588,1,1,1,7,AUTOROUTE A16,0.0,0.0
201400049518,5,9,14,16,1,59,507,1,1,1,4,AUTOROUTE A1,0.0,0.0
201400049519,16,9,14,13,1,62,907,1,1,1,7,AUTOROUTE A1,0.0,0.0
201400049520,16,9,14,14,1,59,189,1,1,1,5,AUTOROUTE A25,0.0,0.0
201400049521,20,9,14,6,3,59,383,1,1,1,4,AUTOROUTE A2,0.0,0.0
201400049522,21,9,14,3,3,59,258,1,1,1,7,AUTOROUTE A23,0.0,0.0
201400049523,23,9,14,12,1,59,350,1,1,1,5,AUTOROUTE A25,0.0,0.0
201400049524,27,9,14,7,2,59,9,1,1,1,2,ROUTE NATIONALE 227,0.0,0.0
201400049525,27,9,14,18,1,59,386,1,1,1,7,ROUTE DEPARTEMENTALE 652,0.0,0.0
201400049526,28,9,14,12,1,59,491,1,1,1,2,AUTOROUTE A23,0.0,0.0
201400049527,4,10,14,1,3,59,580,1,1,1,2,AUTOROUTE A25,0.0,0.0
201400049528,8,10,14,12,1,59,646,1,1,2,7,ROUTE DEPARTEMENTALE 656,0.0,0.0
201400049529,9,10,14,11,1,62,215,1,1,1,2,AUTOROUTE A1,0.0,0.0
201400049530,11,10,14,13,1,59,544,1,1,2,3,AUTOROUTE A2,0.0,0.0
201400049531,13,10,14,16,1,59,606,1,1,1,2,AUTOROUTE A23,0.0,0.0
201400049532,14,10,14,13,1,59,507,1,1,1,6,AUTOROUTE A1,0.0,0.0
201400049533,15,10,14,4,5,59,260,1,1,1,5,AUTOROUTE A16,0.0,0.0
201400049534,17,10,14,7,3,59,431,1,1,1,6,AUTOROUTE A25,0.0,0.0
201400049535,19,10,14,6,5,59,426,1,1,1,7,AUTOROUTE A22,0.0,0.0
201400049536,21,10,14,3,3,62,548,1,1,8,7,AUTOROUTE A16,0.0,0.0
201400049537,23,10,14,8,3,59,560,1,1,1,7,AUTOROUTE A1,0.0,0.0
201400049538,25,10,14,1,5,59,195,1,1,1,7,ROUTE DEPARTEMENTALE 652,0.0,0.0
201400049539,26,10,14,11,1,59,449,1,1,1,7,AUTOROUTE A23,0.0,0.0
201400049540,29,10,14,17,1,59,195,1,1,1,7,AUTOROUTE A25,0.0,0.0
201400049541,1,11,14,10,1,59,124,1,1,7,2,AUTOROUTE A27,0.0,0.0
201400049542,1,11,14,13,1,59,560,1,1,1,2,AUTOROUTE A1,0.0,0.0
201400049543,4,11,14,7,1,59,646,1,1,2,6,ROUTE DEPARTEMENTALE 656,0.0,0.0
201400049544,5,11,14,20,3,62,193,1,1,3,6,AUTOROUTE A16,0.0,0.0
201400049545,7,11,14,6,3,59,378,1,1,1,6,ROUTE NATIONALE 356,0.0,0.0
201400049546,7,11,14,9,1,59,346,1,1,2,7,AUTOROUTE A22,0.0,0.0
201400049547,8,11,14,6,3,59,195,1,1,1,6,AUTOROUTE A25,0.0,0.0
201400049548,15,11,14,2,4,59,350,1,1,1,7,ROUTE NATIONALE 356,0.0,0.0
201400049549,11,11,14,12,1,59,143,1,1,1,7,AUTOROUTE A25,0.0,0.0
201400049550,22,11,14,7,2,59,155,1,1,1,6,AUTOROUTE A16,0.0,0.0
201400049551,24,11,14,4,3,59,143,1,1,1,7,AUTOROUTE A25,0.0,0.0
201400049552,24,11,14,13,1,62,215,1,1,1,4,AUTOROUTE A1,0.0,0.0
201400049553,29,11,14,3,3,59,564,1,1,1,7,AUTOROUTE A23,0.0,0.0
201400049554,29,11,14,15,1,59,606,1,1,8,7,AUTOROUTE A23,0.0,0.0
201400049555,29,11,14,21,3,59,603,1,1,1,6,AUTOROUTE A23,0.0,0.0
201400049556,4,12,14,22,5,59,378,1,1,1,6,AUTOROUTE A22,0.0,0.0
201400049557,7,12,14,1,3,62,239,1,1,1,1,AUTOROUTE A16,0.0,0.0
201400049558,14,12,14,8,1,59,435,1,1,5,7,AUTOROUTE A23,0.0,0.0
201400049559,14,12,14,22,3,59,80,1,1,1,7,AUTOROUTE A23,0.0,0.0
201400049560,18,12,14,5,5,59,343,1,1,8,6,AUTOROUTE A1,0.0,0.0
201400049561,19,12,14,17,5,59,350,1,1,8,6,ROUTE NATIONALE 356,0.0,0.0
201400049562,21,12,14,23,3,59,195,1,1,8,7,ROUTE DEPARTEMENTALE 652,0.0,0.0
201400049563,25,12,14,12,1,59,43,1,1,1,4,AUTOROUTE A25,0.0,0.0
201400049564,30,12,14,20,3,59,234,1,1,8,7,AUTOROUTE A21,0.0,0.0
201400049565,1,1,14,3,5,69,386,2,3,1,3,"0, QUAI DE SERBIE",0.0,0.0
201400049566,4,1,14,22,5,69,383,2,2,3,6,"0, AVENUE GEORGES POMPID",0.0,0.0
201400049567,4,1,14,23,5,69,383,2,2,2,1,AVENUE LACASSAGNE,0.0,0.0
201400049568,6,1,14,13,1,69,383,2,1,1,3,"9, RUE DES CUIRASSIERS",0.0,0.0
201400049569,6,1,14,17,5,69,383,2,1,1,7,"76, COURS GAMBETTA",0.0,0.0
201400049570,10,1,14,14,1,69,383,2,1,1,2,"38, RUE FERDINAND BUISSO",0.0,0.0
201400049571,10,1,14,21,5,69,383,2,1,1,6,"26, RUE JEANNE HACHETTE",0.0,0.0
201400049572,7,1,14,13,1,69,386,2,1,1,4,"20, QUAI CHARLES DE GAUL",0.0,0.0
201400049573,13,1,14,14,1,69,383,2,1,2,3,RUE DE LA BALME,0.0,0.0
201400049574,16,1,14,8,1,69,383,2,3,1,3,"0, AVENUE FELIX FAURE",0.0,0.0
201400049575,16,1,14,19,5,69,383,2,3,2,7,"0, RUE SAINTE ANNE DE BA",0.0,0.0
201400049576,16,1,14,19,5,69,386,2,1,2,7,"140, RUE VAUBAN",0.0,0.0
201400049577,17,1,14,13,1,69,383,2,1,1,6,"17, COURS DE LA LIBERTE",0.0,0.0
201400049578,17,1,14,16,1,69,383,2,2,1,3,RUE VIALA,0.0,0.0
201400049579,17,1,14,19,5,69,383,2,2,1,3,"0, RUE DANTON",0.0,0.0
201400049580,17,1,14,19,5,69,383,2,1,1,3,"0, RUE DE BONNEL",0.0,0.0
201400049581,20,1,14,10,1,69,383,2,1,1,2,"53, BOULEVARD MARIUS VIV",0.0,0.0
201400049582,23,1,14,7,1,69,386,2,1,1,6,"170, RUE MICHEL RAMBAUD",0.0,0.0
201400049583,29,1,14,15,1,69,383,2,2,1,3,RUE D AUBIGNY,0.0,0.0
201400049584,31,1,14,8,1,69,386,2,1,5,6,"01, QUAI CHARLES DE GAUL",0.0,0.0
201400049585,31,1,14,12,1,69,383,2,2,8,6,"0, COURS LAFAYETTE",0.0,0.0
201400049586,4,2,14,16,1,69,386,2,1,1,6,"16, RUE COMMANDANT FAURA",0.0,0.0
201400049587,9,2,14,5,5,69,386,2,1,1,3,"30, QUAI CHARLES DE GAUL",0.0,0.0
201400049588,6,2,14,11,1,69,387,2,1,1,6,"116, COURS GAMBETTA",0.0,0.0
201400049589,7,2,14,0,5,69,386,2,2,1,3,"0, RUE PROFESSEUR WEILL",0.0,0.0
201400049590,10,2,14,19,5,69,386,2,1,2,3,"88, BOULEVARD DES BELGES",0.0,0.0
201400049591,12,2,14,22,5,69,383,2,1,1,6,"138, AVENUE FELIX FAURE",0.0,0.0
201400049592,12,2,14,8,1,69,386,2,1,9,2,RUE GARIBALDI,0.0,0.0
201400049593,13,2,14,20,5,69,383,2,6,1,6,"0, PLACE D ARSONVAL",0.0,0.0
201400049594,17,2,14,19,5,69,383,2,1,1,6,BOULEVARD PINEL,0.0,0.0
201400049595,15,2,14,20,5,69,386,2,2,2,1,"0, RUE GARIBALDI",0.0,0.0
201400049596,19,2,14,8,1,69,383,2,2,8,3,QUAI VICTOR AUGAGNEUR,0.0,0.0
201400049597,17,2,14,11,1,69,387,2,1,1,1,"70, COURS GAMBETTA",0.0,0.0
201400049598,22,2,14,3,5,69,386,2,1,1,1,"92, RUE JULIETTE RECAMIE",0.0,0.0
201400049599,23,2,14,14,1,69,386,2,2,1,3,"0, RUE DUGUESCLIN",0.0,0.0
201400049600,27,2,14,11,1,69,386,2,3,1,6,"07, QUAI GENERAL SARRAIL",0.0,0.0
201400049601,28,2,14,18,5,69,383,2,2,1,3,"0, RUE BONNAND",0.0,0.0
201400049602,2,3,14,6,5,69,386,2,1,1,6,"38, AVENUE MARECHAL DE S",0.0,0.0
201400049603,3,3,14,8,1,69,383,2,9,8,2,AVENUE FELIX FAURE,0.0,0.0
201400049604,3,3,14,16,1,69,383,2,1,1,6,"199, RUE DE BONNEL",0.0,0.0
201400049605,7,3,14,21,5,69,386,2,1,1,2,"126, RUE DE SEZE",0.0,0.0
201400049606,8,3,14,18,2,69,383,2,1,1,3,"113, BOULEVARD MARIUS VI",0.0,0.0
201400049607,11,3,14,20,5,69,383,2,3,1,3,"5, PLACE D ARSONVAL",0.0,0.0
201400049608,11,4,14,20,5,69,383,2,3,1,3,"5, PLACE D ARSONVAL",0.0,0.0
201400049609,11,3,14,20,5,69,383,2,1,1,3,"0, RUE BARABAN",0.0,0.0
201400049610,12,3,14,19,5,69,386,2,2,1,3,"0, RUE GERMAIN",0.0,0.0
201400049611,12,3,14,20,5,69,383,2,2,1,6,COURS DE LA LIBERTE,0.0,0.0
201400049612,13,3,14,18,1,69,386,2,2,1,3,"0, RUE DUGUESCLIN",0.0,0.0
201400049613,16,3,14,14,1,69,383,2,2,1,3,"0, RUE BONNAND",0.0,0.0
201400049614,17,3,14,15,1,69,383,2,1,1,3,"32, AVENUE GEORGES POMPI",0.0,0.0
201400049615,18,3,14,10,1,69,386,2,1,1,2,"185, COURS LAFAYETTE",0.0,0.0
201400049616,22,3,14,13,1,69,383,2,2,2,3,RUE PAUL BERT,0.0,0.0
201400049617,27,3,14,22,5,69,383,2,2,1,3,RUE DE BONNEL,0.0,0.0
201400049618,28,3,14,12,1,69,386,2,1,1,2,"80, QUAI CHARLES DE GAUL",0.0,0.0
201400049619,1,4,14,8,1,69,383,2,2,1,1,"0, COURS LAFAYETTE",0.0,0.0
201400049620,1,4,14,8,1,69,383,2,2,1,3,RUE CLOS SUIPHON,0.0,0.0
201400049621,3,4,14,17,1,69,383,2,1,1,6,"9, RUE JEAN PIERRE LEVY",0.0,0.0
201400049622,1,4,14,16,1,69,383,2,6,1,6,PLACE D ARSONVAL,0.0,0.0
201400049623,7,4,14,0,5,69,383,2,2,1,6,"111, AVENUE MARECHAL DE",0.0,0.0
201400049624,16,4,14,19,1,69,383,2,3,1,3,RUE GUILLOUD,0.0,0.0
201400049625,8,4,14,11,1,69,383,2,2,1,6,"0, RUE GENERAL MOUTON DU",0.0,0.0
201400049626,19,4,14,16,1,69,383,2,2,1,3,RUE CLOS SUIPHON,0.0,0.0
201400049627,15,4,14,13,1,69,383,2,2,1,3,"0, RUE SERVIENT",0.0,0.0
201400049628,16,4,14,13,1,69,383,2,3,1,6,RUE GABILLOT,0.0,0.0
201400049629,17,4,14,14,1,69,386,2,2,1,6,"0, AVENUE MARECHAL DE SA",0.0,0.0
201400049630,18,4,14,7,1,69,383,2,2,1,6,"40, RUE ANTOINE CHARIAL",0.0,0.0
201400049631,18,4,14,14,1,69,383,2,3,1,6,RUE FERDINAND BUISSON,0.0,0.0
201400049632,18,4,14,13,1,69,386,2,3,1,3,"97, BOULEVARD DES BELGES",0.0,0.0
201400049633,19,4,14,10,1,69,383,2,2,7,6,"1, RUE ANTOINE CHARIAL",0.0,0.0
201400049634,18,4,14,16,1,69,386,2,1,1,6,"5, RUE VIRICEL",0.0,0.0
201400049635,23,4,14,9,1,69,383,2,1,1,6,"0, PLACE D ARSONVAL",0.0,0.0
201400049636,24,4,14,10,1,69,383,2,1,1,3,"126, COURS GAMBETTA",0.0,0.0
201400049637,23,4,14,12,1,69,383,2,1,1,2,"21, AVENUE FELIX FAURE",0.0,0.0
201400049638,30,4,14,9,1,69,386,2,1,2,6,"277, COURS LAFAYETTE",0.0,0.0
201400049639,30,4,14,13,1,69,383,2,3,1,3,RUE GENERAL MOUTON DUVER,0.0,0.0
201400049640,5,5,14,19,1,69,383,2,1,1,6,RUE VILLEROY,0.0,0.0
201400049641,9,5,14,15,1,69,383,2,1,1,2,"132, AVENUE MARECHAL DE",0.0,0.0
201400049642,9,5,14,8,1,69,386,2,1,1,3,BOULEVARD JULES FAVRE,0.0,0.0
201400049643,15,5,14,12,1,69,383,2,1,1,6,"0, PLACE CHARLES BERAUDI",0.0,0.0
201400049644,15,5,14,13,1,69,383,2,2,1,3,RUE DUGUESCLIN,0.0,0.0
201400049645,15,5,14,15,1,69,383,2,2,1,3,"0, RUE PAUL BERT",0.0,0.0
201400049646,19,4,14,19,1,69,386,2,2,1,3,COURS VITTON,0.0,0.0
201400049647,19,5,14,10,1,69,383,2,2,1,3,"0, AVENUE DU CHATEAU",0.0,0.0
201400049648,16,5,14,16,1,69,383,2,1,1,3,COURS GAMBETTA,0.0,0.0
201400049649,12,5,14,13,1,69,383,2,2,1,6,RUE PAUL BERT,0.0,0.0
201400049650,17,5,14,19,1,69,383,2,1,1,3,"270, RUE DUGUESCLIN",0.0,0.0
201400049651,17,5,14,21,5,69,386,2,2,1,6,AVENUE MARECHAL DE SAXE,0.0,0.0