Num_Acc,jour,mois,an,hr,condition_eclairage,departement,commune,condition_agglomeration,intersection,condition_atmosphere,type_collision,adresse,lattitude,longitude
201400049652,19,5,14,12,1,69,383,2,2,1,3,COURS EUGENIE,0.0,0.0
201400049653,19,5,14,15,1,69,386,2,2,1,2,"0, COURS FRANKLIN ROOSEV",0.0,0.0
201400049654,20,5,14,10,1,69,386,2,1,1,6,"52, RUE ROBERT",0.0,0.0
201400049655,18,5,14,3,5,69,383,2,2,1,3,RUE DE CREQUI,0.0,0.0
201400049656,20,5,14,9,1,69,383,2,2,1,3,"0, RUE DE CREQUI",0.0,0.0
201400049657,21,5,14,14,1,69,266,2,2,1,6,PLACE DE LA RECONNAISSAN,0.0,0.0
201400049658,23,5,14,20,1,69,386,2,1,1,5,QUAI CHARLES DE GAULLE,0.0,0.0
201400049659,23,5,14,10,1,69,383,2,2,1,6,"0, RUE GABILLOT",0.0,0.0
201400049660,27,5,14,16,1,69,383,2,1,1,2,"159, COURS DOCTEUR LONG",0.0,0.0
201400049661,28,5,14,16,1,69,383,2,1,1,6,QUAI VICTOR AUGAGNEUR,0.0,0.0
201400049662,30,5,14,4,5,69,383,2,1,1,6,"21, QUAI VICTOR AUGAGNEU",0.0,0.0
201400049663,17,5,14,23,5,69,386,2,1,1,3,"110, QUAI CHARLES DE GAU",0.0,0.0
201400049664,30,5,14,17,1,69,383,2,2,1,5,RUE SAINT ANTOINE,0.0,0.0
201400049665,2,6,14,18,1,69,386,2,2,1,3,RUE BARREME,0.0,0.0
201400049666,11,6,14,8,1,69,383,2,1,1,3,AVENUE GEORGES POMPIDOU,0.0,0.0
201400049667,4,6,14,16,1,69,386,2,1,1,2,COURS VITTON,0.0,0.0
201400049668,4,6,14,15,1,69,386,2,3,2,3,"0, BOULEVARD DES BELGES",0.0,0.0
201400049669,6,6,14,8,1,69,386,2,3,1,3,COURS LAFAYETTE,0.0,0.0
201400049670,10,6,14,10,1,69,383,2,1,1,3,"27, BOULEVARD EUGENE DER",0.0,0.0
201400049671,11,6,14,9,1,69,386,2,1,1,6,RUE SULLY,0.0,0.0
201400049672,15,6,14,7,1,69,386,2,2,1,5,RUE DU LIEUTENANT COLONE,0.0,0.0
201400049673,16,6,14,14,1,69,383,2,2,1,6,RUE LE ROYER,0.0,0.0
201400049674,17,6,14,11,1,69,386,2,1,1,7,"16, RUE DUQUESNE",0.0,0.0
201400049675,16,6,14,20,1,69,383,2,1,1,3,COURS GAMBETTA,0.0,0.0
201400049676,17,6,14,13,1,69,386,2,2,1,6,RUE VAUBAN,0.0,0.0
201400049677,12,6,14,14,1,69,386,2,1,1,7,"0, QUAI CHARLES DE GAULL",0.0,0.0
201400049678,18,6,14,12,1,69,383,2,1,1,3,"45, BOULEVARD MARIUS VIV",0.0,0.0
201400049679,12,6,14,19,1,69,383,2,1,1,6,"27, RUE MAURICE FLANDIN",0.0,0.0
201400049680,18,6,14,20,5,69,386,2,3,1,2,"0, BOULEVARD JULES FAVRE",0.0,0.0
201400049681,23,6,14,12,1,69,383,2,1,1,7,AVENUE MARECHAL DE SAXE,0.0,0.0
201400049682,26,6,14,21,1,69,383,2,2,1,3,RUE DE LA PART DIEU,0.0,0.0
201400049683,1,6,14,14,1,69,386,2,2,1,3,"0, AVENUE MARECHAL FOCH",0.0,0.0
201400049684,29,6,14,13,1,69,383,2,1,1,2,AVENUE FELIX FAURE,0.0,0.0
201400049685,30,6,14,9,1,69,383,2,1,1,6,"276, RUE GARIBALDI",0.0,0.0
201400049686,30,6,14,12,1,69,386,2,2,1,3,AVENUE MARECHAL DE SAXE,0.0,0.0
201400049687,22,6,14,4,5,69,383,2,1,1,6,"0, AVENUE FELIX FAURE",0.0,0.0
201400049688,30,6,14,18,1,69,383,2,1,1,6,COURS LAFAYETTE,0.0,0.0
201400049689,3,7,14,20,1,69,383,2,2,1,4,"0, BOULEVARD MARIUS VIVI",0.0,0.0
201400049690,7,7,14,16,1,69,386,2,2,1,3,RUE NOTRE DAME,0.0,0.0
201400049691,3,7,14,14,1,69,383,2,1,1,5,"208, ROUTE DE GENAS",0.0,0.0
201400049692,7,7,14,18,1,69,386,2,1,3,4,"18, BOULEVARD DES BELGES",0.0,0.0
201400049693,3,7,14,20,1,69,386,2,2,1,6,RUE MOLIERE,0.0,0.0
201400049694,8,7,14,14,1,69,383,2,2,1,3,PLACE PIERRE RENAUDEL,0.0,0.0
201400049695,9,7,14,19,1,69,386,2,1,2,3,COURS RICHARD VITTON,0.0,0.0
201400049696,13,7,14,9,1,69,383,2,1,1,2,"35, COURS GAMBETTA",0.0,0.0
201400049697,16,7,14,9,1,69,383,2,2,1,3,AVENUE FELIX FAURE,0.0,0.0
201400049698,17,7,14,17,1,69,383,2,1,1,6,BOULEVARD MARIUS VIVIER,0.0,0.0
201400049699,21,7,14,19,1,69,383,2,1,2,3,"138, AVENUE FELIX FAURE",0.0,0.0
201400049700,17,7,14,22,5,69,388,2,1,1,6,"22, COURS ALBERT THOMAS",0.0,0.0
201400049701,25,7,14,12,1,69,386,2,1,1,3,"114, RUE BOSSUET",0.0,0.0
201400049702,26,7,14,11,1,69,383,2,3,1,3,"0, QUAI VICTOR AUGAGNEUR",0.0,0.0
201400049703,26,7,14,19,1,69,383,2,1,1,2,"138, COURS LAFAYETTE",0.0,0.0
201400049704,29,7,14,9,1,69,383,2,1,2,3,"31, RUE DES RANCY",0.0,0.0
201400049705,29,7,14,15,1,69,383,2,1,8,1,263 COURS LAFAYETTE,0.0,0.0
201400049706,29,7,14,10,1,69,383,2,2,3,6,AVENUE MARECHAL DE SAXE,0.0,0.0
201400049707,19,7,14,18,1,69,383,2,2,1,3,"0, RUE GARIBALDI",0.0,0.0
201400049708,4,8,14,12,1,69,383,2,2,1,6,RUE TURBIL,0.0,0.0
201400049709,7,8,14,8,1,69,383,2,3,1,2,"0, RUE GENERAL MOUTON DU",0.0,0.0
201400049710,8,8,14,4,5,69,386,2,2,1,3,RUE DES EMERAUDES,0.0,0.0
201400049711,8,8,14,11,1,69,383,2,1,1,2,12 RUE DOCTEUR REBATEL,0.0,0.0
201400049712,18,8,14,18,1,69,386,2,1,1,7,"14, AVENUE VERGUIN",0.0,0.0
201400049713,20,8,14,10,1,69,383,2,2,1,3,AVENUE LACASSAGNE,0.0,0.0
201400049714,26,8,14,19,1,69,386,2,3,1,3,"0, BOULEVARD DES BROTTEA",0.0,0.0
201400049715,27,8,14,8,1,69,386,2,2,1,3,COURS LAFAYETTE,0.0,0.0
201400049716,27,8,14,9,1,69,383,2,1,1,3,"86, R FERDINAND BUISSON",0.0,0.0
201400049717,27,8,14,13,1,69,386,2,2,1,3,"0, RUE LOUIS BLANC",0.0,0.0
201400049718,28,8,14,10,1,69,383,2,2,1,3,"0, AVENUE DU CHATEAU",0.0,0.0
201400049719,28,8,14,18,1,69,383,2,2,1,3,"0, RUE TETE D OR",0.0,0.0
201400049720,29,8,14,17,1,69,383,2,1,1,3,"131, AVENUE FELIX FAURE",0.0,0.0
201400049721,1,9,14,17,1,69,383,2,2,1,3,"100, RUE SERVIENT",0.0,0.0
201400049722,2,9,14,18,1,69,386,2,1,1,3,AVENUE MARECHAL FOCH,0.0,0.0
201400049723,4,9,14,8,1,69,383,2,1,1,6,"52, RUE PAUL BERT",0.0,0.0
201400049724,6,9,14,23,5,69,383,2,1,1,3,146 AVENUE FELIX FAURE,0.0,0.0
201400049725,6,9,14,20,2,69,383,2,1,1,6,"9, COURS GAMBETTA",0.0,0.0
201400049726,8,9,14,7,1,69,383,2,1,1,3,"0, AVENUE FELIX FAURE",0.0,0.0
201400049727,8,9,14,17,1,69,383,2,1,1,6,RUE FEUILLAT,0.0,0.0
201400049728,9,9,14,22,5,69,386,2,1,1,3,BOULEVARD DES BELGES,0.0,0.0
201400049729,10,9,14,13,1,69,383,2,3,1,6,"0, RUE GABILLOT",0.0,0.0
201400049730,15,9,14,12,1,69,386,2,3,1,3,RUE JACQUES MOYRON,0.0,0.0
201400049731,12,9,14,15,1,69,383,1,1,1,6,72 COURS EUGENIE,0.0,0.0
201400049732,15,9,14,13,1,69,386,2,2,1,6,"0, RUE PIERRE CORNEILLE",0.0,0.0
201400049733,16,9,14,8,1,69,383,2,1,1,3,AVENUE ROCKEFELLER,0.0,0.0
201400049734,16,9,14,17,1,69,383,2,1,1,5,"35, RUE VIALA",0.0,0.0
201400049735,17,9,14,15,1,69,386,2,5,1,3,"0, RUE MASSENA",0.0,0.0
201400049736,17,9,14,13,1,69,386,2,1,1,3,"122, RUE DE SEZE",0.0,0.0
201400049737,18,9,14,10,1,69,386,2,2,1,3,RUE GARIBALDI,0.0,0.0
201400049738,21,9,14,4,5,69,386,2,1,1,2,"20, QUAI CHARLES DE GAUL",0.0,0.0
201400049739,13,9,14,21,2,69,29,2,1,1,6,"95, BOULEVARD PINEL",0.0,0.0
201400049740,18,9,14,8,1,69,383,2,1,1,3,RUE SERVIENT,0.0,0.0
201400049741,23,9,14,21,5,69,383,2,2,1,1,"0, RUE PAUL BERT",0.0,0.0
201400049742,24,9,14,8,1,69,387,2,1,1,3,"154, COURS GAMBETTA",0.0,0.0
201400049743,24,9,14,17,1,69,383,2,1,2,1,RUE VENDOME,0.0,0.0
201400049744,26,9,14,9,1,69,383,2,9,1,6,"0, AVENUE GEORGES POMPID",0.0,0.0
201400049745,28,9,14,14,1,69,383,2,1,1,2,COURS GAMBETTA,0.0,0.0
201400049746,29,9,14,19,2,69,383,2,1,1,6,"6, RUE BONNAND",0.0,0.0
201400049747,2,10,14,19,1,69,383,2,1,1,3,"36, RUE MAURICE FLANDIN",0.0,0.0
201400049748,3,10,14,20,5,69,386,2,2,1,3,COURS LAFAYETTE,0.0,0.0
201400049749,7,10,14,18,1,69,383,2,2,1,3,AVENUE LACASSAGNE,0.0,0.0
201400049750,10,10,14,21,5,69,383,2,1,3,1,2 RUE DU DAUPHINE,0.0,0.0
201400049751,9,10,14,17,1,69,383,2,1,3,6,93 RUE BELLECOMBE,0.0,0.0
201400049752,14,10,14,18,1,69,383,2,3,1,3,"0, RUE GENERAL MOUTON DU",0.0,0.0
201400049753,13,10,14,10,1,69,386,2,1,2,6,235 COURS LAFAYETTE,0.0,0.0
201400049754,20,10,14,10,1,69,386,2,1,1,3,"91, COURS LAFAYETTE",0.0,0.0
201400049755,25,10,14,18,1,69,383,2,2,1,3,"0, BOULEVARD MARIUS VIVI",0.0,0.0
201400049756,30,10,14,11,1,69,386,2,3,1,6,COURS LAFAYETTE,0.0,0.0
201400049757,30,10,14,22,5,69,383,2,1,1,2,AVENUE LACASSAGNE,0.0,0.0
201400049758,31,10,14,6,1,69,383,2,1,1,6,"0, RUE GARIBALDI",0.0,0.0
201400049759,31,10,14,18,5,69,383,2,1,1,6,RUE DE BONNEL,0.0,0.0
201400049760,19,10,14,6,5,69,388,2,2,1,3,"1, PLACE D ARSONVAL",0.0,0.0
201400049761,1,11,14,16,1,69,383,2,1,1,2,"3, COURS GAMBETTA",0.0,0.0
201400049762,6,11,14,17,5,69,383,2,3,1,3,RUE DU DAUPHINE,0.0,0.0
201400049763,5,11,14,16,1,69,386,2,2,2,3,RUE MALESHERBES,0.0,0.0
201400049764,7,11,14,17,1,69,383,2,1,1,3,"2, COURS ALBERT THOMAS",0.0,0.0
201400049765,7,11,14,12,1,69,386,2,1,1,6,"123, BOULEVARD STALINGRA",0.0,0.0
201400049766,8,11,14,18,5,69,386,2,2,1,3,PONT LAFAYETTE,0.0,0.0
201400049767,12,11,14,17,5,69,386,2,2,1,3,"0, BOULEVARD JULES FAVRE",0.0,0.0
201400049768,7,11,14,6,2,69,386,2,2,1,3,RUE D INKERMANN,0.0,0.0
201400049769,6,11,14,16,2,69,383,2,1,1,6,11 RUE PAUL BERT,0.0,0.0
201400049770,17,11,14,11,1,69,383,2,2,1,3,"0, RUE BARABAN",0.0,0.0
201400049771,17,11,14,7,1,69,383,2,2,2,3,RUE SAINT ANTOINE,0.0,0.0
201400049772,17,11,14,13,1,69,383,2,2,1,3,"1, RUE FEUILLAT",0.0,0.0
201400049773,20,11,14,19,5,69,386,2,3,1,5,"0, RUE BELLECOMBE",0.0,0.0
201400049774,21,11,14,17,5,69,386,2,2,1,6,COURS FRANKLIN ROOSEVELT,0.0,0.0
201400049775,12,11,14,14,1,69,386,2,1,2,2,"51, BOULEVARD DES BELGES",0.0,0.0
201400049776,24,11,14,19,5,69,383,2,2,1,3,"0, RUE SERVIENT",0.0,0.0
201400049777,7,11,14,4,5,69,386,2,2,5,6,"1, AVENUE DE GRANDE BRET",0.0,0.0
201400049778,24,11,14,19,5,69,383,2,1,1,6,"196, AVENUE FELIX FAURE",0.0,0.0
201400049779,27,11,14,7,1,69,383,2,1,8,7,"42, AVENUE GEORGES POMPI",0.0,0.0
201400049780,27,11,14,9,1,69,383,2,1,1,4,"270, COURS LAFAYETTE",0.0,0.0
201400049781,27,11,14,20,5,69,383,2,1,1,6,AVENUE ROCKEFELLER,0.0,0.0
201400049782,21,11,14,11,1,69,386,2,1,1,6,"59, RUE GARIBALDI",0.0,0.0
201400049783,27,11,14,18,5,69,383,2,2,1,1,"0, AVENUE FELIX FAURE",0.0,0.0
201400049784,28,11,14,12,1,69,383,2,1,1,6,"111, RUE PAUL BERT",0.0,0.0
201400049785,1,12,14,8,1,69,383,2,0,2,7,"47, AVENUE FELIX FAURE",0.0,0.0
201400049786,3,12,14,8,1,69,383,2,1,1,6,"0, RUE GABILLOT",0.0,0.0
201400049787,5,12,14,19,5,69,383,2,1,1,3,"75, RUE DE LA VILLETTE",0.0,0.0
201400049788,6,12,14,19,5,69,383,2,2,2,3,"106, AVENUE MARECHAL DE",0.0,0.0
201400049789,8,12,14,7,2,69,386,2,2,2,6,"0, RUE GARIBALDI",0.0,0.0
201400049790,8,12,14,17,5,69,383,2,2,1,3,RUE PAUL BERT,0.0,0.0
201400049791,8,12,14,17,2,69,383,2,1,1,5,"2, RUE FREDERIC MISTRAL",0.0,0.0
201400049792,3,12,14,16,1,69,386,2,2,1,3,RUE CURTELIN,0.0,0.0
201400049793,9,12,14,8,1,69,386,2,2,1,3,BOULEVARD DES BELGES,0.0,0.0
201400049794,10,12,14,15,1,69,387,2,1,2,2,"128, COURS GAMBETTA",0.0,0.0
201400049795,11,12,14,18,5,69,383,2,1,2,6,"115, AVENUE LACASSAGNE",0.0,0.0
201400049796,13,12,14,16,1,69,386,2,2,8,6,RUE GARIBALDI,0.0,0.0
201400049797,13,12,14,17,5,69,383,2,1,1,2,"316, COURS LAFAYETTE",0.0,0.0
201400049798,16,12,14,12,1,69,383,2,1,1,3,"223, AVENUE FELIX FAURE",0.0,0.0
201400049799,16,12,14,19,3,69,386,2,1,1,6,RUE NEY,0.0,0.0
201400049800,16,12,14,23,5,69,383,2,1,1,6,AVENUE FELIX FAURE,0.0,0.0
201400049801,17,12,14,17,3,69,266,2,1,3,6,"0, RUE FREDERIC MISTRAL",0.0,0.0
201400049802,10,12,14,19,4,69,386,2,1,2,1,PONT DE LATTRE DE TASSIG,0.0,0.0
201400049803,17,12,14,19,5,69,383,2,1,1,6,"87, COURS LAFAYETTE",0.0,0.0
201400049804,17,12,14,20,5,69,386,2,2,2,4,"0, AVENUE VERGUIN",0.0,0.0
201400049805,22,12,14,15,1,69,383,2,1,1,2,"290, COURS LAFAYETTE",0.0,0.0
201400049806,5,12,14,7,1,69,383,2,1,1,6,"47, AVENUE LACASSAGNE",0.0,0.0
201400049807,23,12,14,12,1,69,383,2,1,1,6,"396, RUE PAUL BERT",0.0,0.0
201400049808,23,12,14,13,1,69,383,2,3,1,3,RUE DOCTEUR REBATEL,0.0,0.0
201400049809,30,12,14,17,5,69,383,2,1,1,4,"69, COURS RICHARD VITTON",0.0,0.0
201400049810,15,2,14,18,5,69,384,2,1,3,6,AVENUE DE BIRMINGHAM,0.0,0.0
201400049811,17,2,14,14,1,69,384,2,1,1,3,PLACE DE SERIN,0.0,0.0
201400049812,21,2,14,7,1,69,384,2,1,2,6,"40, RUE HENON",0.0,0.0
201400049813,24,2,14,11,1,69,384,2,1,1,6,"2, CHEMIN DE SERIN A LA",0.0,0.0
201400049814,1,3,14,8,1,69,384,2,1,2,6,"49, RUE HENON",0.0,0.0
201400049815,2,3,14,21,5,69,384,2,1,1,6,"37, COURS D HERBOUVILLE",0.0,0.0
201400049816,12,3,14,13,1,69,384,2,1,1,6,"SANS, TUNNEL ROUTIER DE",0.0,0.0
201400049817,14,3,14,16,1,69,384,2,1,1,6,"75, BOULEVARD DES CANUTS",0.0,0.0
201400049818,17,3,14,16,1,69,384,2,1,1,3,"14, COURS D HERBOUVILLE",0.0,0.0
201400049819,20,3,14,21,5,69,384,2,1,1,3,"117, BOULEVARD DE LA CRO",0.0,0.0
201400049820,31,3,14,8,1,69,384,2,1,1,6,PLACE PICARD,0.0,0.0
201400049821,1,4,14,13,1,69,384,2,1,1,1,TUNNEL ROUTIER DE LA CRO,0.0,0.0
201400049822,4,4,14,16,1,69,384,2,1,1,2,"1, COURS D HERBOUVILLE",0.0,0.0
201400049823,18,4,14,1,5,69,384,2,1,1,7,"167, BOULEVARD DE LA CRO",0.0,0.0
201400049824,29,4,14,9,1,69,384,2,1,1,6,"16, COURS D HERBOUVILLE",0.0,0.0
201400049825,19,5,14,13,1,69,384,2,2,1,3,"17, RUE DU MAIL",0.0,0.0
201400049826,23,5,14,19,1,69,384,2,2,1,1,"126, BOULEVARD DE LA CRO",0.0,0.0
201400049827,30,5,14,18,1,69,384,2,1,1,6,"36, RUE PHILIPPE DE LASS",0.0,0.0
201400049828,31,5,14,16,1,69,384,2,2,1,6,"2, RUE HENON",0.0,0.0
201400049829,14,5,14,7,1,69,384,2,1,1,7,AVENUE DE BIRMINGHAM,0.0,0.0
201400049830,9,6,14,19,1,69,384,2,1,1,3,"67, QUAI JOSEPH GILLET",0.0,0.0
201400049831,14,6,14,14,1,69,384,2,1,1,2,AVENUE DE BIRMINGHAM,0.0,0.0
201400049832,15,6,14,11,1,69,34,2,1,7,6,"SANS, RUE HENRI LACHIEZE",0.0,0.0
201400049833,19,6,14,22,5,69,34,2,1,1,2,"SANS, MONTEE DE LA BOUCL",0.0,0.0
201400049834,20,6,14,12,1,69,384,2,1,1,6,"62, GRANDE RUE DE LA CRO",0.0,0.0
201400049835,27,6,14,16,1,69,384,2,1,1,7,"SANS, CHEMIN DE SERIN A",0.0,0.0
201400049836,9,11,14,23,5,69,384,2,1,2,1,"22B, MONTEE BONAFOUS",0.0,0.0
201400049837,6,7,14,18,1,69,384,2,3,3,2,"0, RUE PHILIPPE DE LASSA",0.0,0.0
201400049838,10,7,14,21,5,69,384,2,1,1,2,"51BIS, QUAI JOSEPH GILLE",0.0,0.0
201400049839,18,7,14,13,1,69,384,2,1,1,3,"9, COURS D HERBOUVILLE",0.0,0.0
201400049840,6,8,14,19,1,69,384,2,1,1,6,"41, RUE EUGENE PONS",0.0,0.0
201400049841,21,8,14,17,1,69,384,2,1,1,3,"120, RUE HENON",0.0,0.0
201400049842,27,8,14,18,1,69,384,2,1,1,3,"97, BOULEVARD DE LA CROI",0.0,0.0
201400049843,4,9,14,11,1,69,384,2,1,1,3,CHEMIN DE SERIN A LA CRO,0.0,0.0
201400049844,4,9,14,17,1,69,384,2,1,1,6,"47, RUE HENON",0.0,0.0
201400049845,22,9,14,8,1,69,384,2,1,1,2,CHEMIN DE SERIN A LA CRO,0.0,0.0
201400049846,7,10,14,8,1,69,384,2,1,1,7,"67, QUAI JOSEPH GILLET",0.0,0.0
201400049847,8,10,14,15,1,69,384,2,1,1,3,RUE PHILIPPE DE LASSALLE,0.0,0.0
201400049848,13,10,14,12,1,69,384,2,3,1,1,RUE HENON,0.0,0.0
201400049849,22,10,14,20,5,69,384,2,1,1,3,"56, QUAI JOSEPH GILLET",0.0,0.0
201400049850,22,12,14,14,1,69,384,2,1,7,6,"118, RUE PHILIPPE DE LAS",0.0,0.0
201400049851,19,11,14,7,1,69,384,2,1,9,3,"001, QUAI JOSEPH GILLET",0.0,0.0
201400049852,11,12,14,17,4,69,384,2,3,2,3,RUE HENON,0.0,0.0
201400049853,2,1,14,9,1,33,249,1,1,2,6,ROCADE A 630,0.0,0.0
201400049854,2,1,14,9,1,33,162,1,1,1,6,ROCADE A 630,0.0,0.0
201400049855,4,1,14,22,3,33,550,1,1,2,6,ROCADE A 630,0.0,0.0
201400049856,9,1,14,7,5,33,119,1,1,1,6,ROUTE NATIONALE 230,0.0,0.0
201400049857,10,1,14,7,5,33,397,1,1,5,4,AUTOROUTE A 10,0.0,0.0
201400049858,13,1,14,9,1,33,249,1,1,1,2,ROCADE A 630,0.0,0.0
201400049859,14,1,14,20,3,33,122,1,1,1,4,AUTOROUTE A 63,0.0,0.0
201400049860,15,1,14,8,2,33,23,1,1,2,3,AUTOROUTE A 62,0.0,0.0
201400049861,15,1,14,9,1,33,162,1,1,2,2,ROCADE A 630,0.0,0.0
201400049862,16,1,14,17,1,33,143,1,1,1,2,AUTOROUTE A 10,0.0,0.0
201400049863,19,1,14,6,3,33,63,1,1,2,6,ROCADE A 630,0.0,0.0
201400049864,20,1,14,11,1,33,281,1,1,2,6,ROCADE A 630,0.0,0.0
201400049865,25,1,14,8,2,33,122,1,1,3,3,AUTOROUTE A 63,0.0,0.0
201400049866,25,1,14,8,2,33,39,1,1,2,6,ROUTE NATIONALE 230,0.0,0.0
201400049867,25,1,14,9,1,33,249,1,1,2,6,ROCADE A 630,0.0,0.0
201400049868,25,1,14,23,5,33,249,1,1,9,6,ROUTE NATIONALE 230,0.0,0.0
201400049869,27,1,14,7,3,33,80,1,1,3,2,AUTOROUTE A 62,0.0,0.0
201400049870,27,1,14,8,4,33,550,1,1,2,3,ROCADE A 630,0.0,0.0
201400049871,27,1,14,10,1,33,80,1,1,2,6,AUTOROUTE A 62,0.0,0.0
201400049872,28,1,14,11,1,33,119,1,1,3,6,ROUTE NATIONALE 230,0.0,0.0
201400049873,29,1,14,9,1,33,65,1,1,2,6,ROUTE NATIONALE 230,0.0,0.0
201400049874,29,1,14,17,1,33,249,1,1,2,6,ROCADE A 630,0.0,0.0
201400049875,1,2,14,17,5,33,249,1,1,2,6,ROCADE A 630,0.0,0.0
201400049876,1,2,14,19,3,33,143,1,1,1,5,AUTOROUTE A 10,0.0,0.0
201400049877,3,2,14,17,1,33,143,1,1,3,3,AUTOROUTE A 10,0.0,0.0
201400049878,2,2,14,19,5,33,249,1,1,1,6,ROCADE A 630,0.0,0.0
201400049879,4,2,14,9,1,33,448,1,1,1,2,AUTOROUTE A 62,0.0,0.0
201400049880,7,2,14,9,1,33,318,1,1,1,2,ROCADE A 630,0.0,0.0
201400049881,8,2,14,14,1,33,249,1,1,2,6,ROCADE A 630,0.0,0.0
201400049882,10,2,14,8,1,33,75,1,1,2,4,ROCADE A 630,0.0,0.0
201400049883,15,2,14,22,5,33,249,1,1,1,6,ROCADE A 630,0.0,0.0
201400049884,21,2,14,17,1,33,122,1,1,2,6,AUTOROUTE A 63,0.0,0.0
201400049885,26,2,14,14,1,33,39,1,1,2,6,ROCADE A 631,0.0,0.0
201400049886,26,2,14,20,5,33,192,1,1,2,3,ROCADE A 630,0.0,0.0
201400049887,28,2,14,6,1,33,39,1,1,1,6,ROCADE A 630,0.0,0.0
201400049888,28,2,14,6,3,33,550,1,1,3,6,AUTOROUTE A 62,0.0,0.0
201400049889,28,2,14,12,1,33,80,1,1,8,4,AUTOROUTE A 62,0.0,0.0
201400049890,28,2,14,14,1,33,318,1,1,8,6,ROCADE A 630,0.0,0.0
201400049891,28,2,14,20,5,33,397,1,1,2,6,AUTOROUTE A 10,0.0,0.0
201400049892,3,3,14,15,1,33,249,1,1,2,6,ROCADE A 630,0.0,0.0
201400049893,5,3,14,17,1,33,75,1,1,1,6,ROCADE A 630,0.0,0.0
201400049894,5,3,14,9,1,33,281,1,1,1,6,ROCADE A 630,0.0,0.0
201400049895,6,3,14,18,1,33,318,1,1,1,6,ROCADE A 630,0.0,0.0
201400049896,10,3,14,19,4,33,75,1,1,1,6,ROCADE A 630,0.0,0.0
201400049897,8,3,14,18,1,33,318,1,1,1,6,ROCADE A 630,0.0,0.0
201400049898,10,3,14,8,1,33,162,1,1,1,6,ROCADE A 630,0.0,0.0
201400049899,10,3,14,7,1,33,80,1,1,1,2,AUTOROUTE A 62,0.0,0.0
201400049900,12,3,14,18,1,33,75,1,1,1,3,ROCADE A 630,0.0,0.0
201400049901,13,3,14,18,1,33,143,1,1,1,6,AUTOROUTE A 10,0.0,0.0
201400049902,14,3,14,9,1,33,318,1,1,1,6,ROCADE A 630,0.0,0.0
201400049903,15,3,14,8,1,33,167,1,1,1,6,ROUTE NATIONALE 230,0.0,0.0
201400049904,17,3,14,22,3,33,90,1,1,1,6,AUTOROUTE A 63,0.0,0.0
201400049905,19,3,14,12,1,33,318,1,1,1,6,ROCADE A 630,0.0,0.0
201400049906,20,3,14,8,1,33,192,1,1,1,2,ROCADE A 630,0.0,0.0
201400049907,27,3,14,8,1,33,281,1,1,1,2,ROCADE A 630,0.0,0.0
201400049908,28,3,14,21,5,33,63,1,1,1,4,ROCADE A 630,0.0,0.0
201400049909,1,4,14,18,1,33,366,1,1,1,3,AUTOROUTE A 10,0.0,0.0
201400049910,3,4,14,15,1,33,249,1,1,2,6,ROCADE A 630,0.0,0.0
201400049911,3,4,14,17,1,33,249,1,1,2,6,ROCADE A 630,0.0,0.0
201400049912,3,4,14,18,1,33,162,1,1,3,6,ROCADE A 630,0.0,0.0
201400049913,10,4,14,8,1,33,65,1,1,1,2,ROUTE NATIONALE 230,0.0,0.0
201400049914,11,4,14,8,1,33,318,1,1,1,6,ROCADE A 630,0.0,0.0
201400049915,11,4,14,20,2,33,63,1,1,1,3,ROCADE A 630,0.0,0.0
201400049916,14,4,14,9,1,33,550,1,1,1,4,AUTOROUTE A 62,0.0,0.0
201400049917,14,4,14,10,1,33,448,1,1,1,4,AUTOROUTE A 62,0.0,0.0
201400049918,14,4,14,11,1,33,192,1,1,1,2,ROCADE A 630,0.0,0.0
201400049919,16,4,14,17,1,33,39,1,1,1,3,ROCADE A 630,0.0,0.0
201400049920,19,4,14,17,1,33,249,1,1,1,6,AUTOROUTE A 10,0.0,0.0
201400049921,24,4,14,8,1,33,167,1,1,1,3,ROUTE NATIONALE 230,0.0,0.0
201400049922,25,4,14,17,1,33,63,1,1,1,4,ROCADE A 630,0.0,0.0
201400049923,25,4,14,20,1,33,249,1,1,1,5,ROCADE A 630,0.0,0.0
201400049924,29,4,14,7,2,33,550,1,1,3,6,AUTOROUTE A 62,0.0,0.0
201400049925,29,4,14,19,1,33,553,1,1,2,6,AUTOROUTE A 10,0.0,0.0
201400049926,2,5,14,7,1,33,249,1,1,2,2,ROCADE A 630,0.0,0.0
201400049927,2,5,14,19,1,33,80,1,1,1,6,AUTOROUTE A 62,44.75226,-0.54277
201400049928,4,5,14,21,3,33,448,1,1,1,6,AUTOROUTE A 62,0.0,0.0
201400049929,5,5,14,12,1,33,192,1,1,1,3,ROCADE A 630,0.0,0.0
201400049930,15,5,14,16,1,33,281,1,1,1,6,ROCADE A 630,0.0,0.0
201400049931,16,5,14,9,1,33,167,1,1,1,3,ROUTE NATIONALE 230,0.0,0.0
201400049932,16,5,14,18,1,33,318,1,1,1,2,ROCADE A 630,0.0,0.0
201400049933,17,5,14,12,1,33,550,1,1,1,6,AUTOROUTE A 62,0.0,0.0
201400049934,17,5,14,17,1,33,119,1,1,1,6,ROUTE NATIONALE 230,0.0,0.0
201400049935,20,5,14,13,1,33,249,1,1,2,6,ROCADE A 630,0.0,0.0
201400049936,20,5,14,17,1,33,192,1,1,1,2,ROCADE A 630,0.0,0.0
201400049937,26,5,14,19,1,33,281,1,1,1,6,ROCADE A 630,0.0,0.0
201400049938,28,5,14,18,1,33,39,1,1,2,6,ROCADE A 631,0.0,0.0
201400049939,28,5,14,18,1,33,80,1,1,1,6,AUTOROUTE A 62,0.0,0.0
201400049940,30,5,14,7,1,33,249,1,1,1,6,ROCADE A 630,0.0,0.0
201400049941,30,5,14,10,1,33,318,1,1,1,4,ROCADE A 630,0.0,0.0
201400049942,3,6,14,14,1,33,249,1,1,1,2,ROCADE A 630,0.0,0.0
201400049943,5,6,14,22,2,33,167,1,1,1,6,ROUTE NATIONALE 230,0.0,0.0