Num_Acc,jour,mois,an,hr,condition_eclairage,departement,commune,condition_agglomeration,intersection,condition_atmosphere,type_collision,adresse,lattitude,longitude
201400049944,6,6,14,12,1,33,39,1,1,1,6,ROUTE NATIONALE 230,0.0,0.0
201400049945,6,6,14,15,1,33,318,1,1,1,2,ROCADE A 630,0.0,0.0
201400049946,6,6,14,19,1,33,162,1,1,1,6,ROCADE A 630,0.0,0.0
201400049947,8,6,14,7,1,33,318,1,1,1,6,ROCADE A 630,0.0,0.0
201400049948,8,6,14,14,1,33,550,1,1,1,6,ROCADE A 630,0.0,0.0
201400049949,17,6,14,17,1,33,75,1,1,1,2,ROCADE A 630,0.0,0.0
201400049950,20,6,14,17,1,33,550,1,1,1,5,AUTOROUTE A 62,0.0,0.0
201400049951,24,6,14,17,1,33,281,1,1,1,6,ROCADE A 630,0.0,0.0
201400049952,28,6,14,2,4,33,167,1,1,3,6,ROUTE NATIONALE 230,0.0,0.0
201400049953,1,7,14,19,1,33,281,1,1,1,6,ROCADE A 630,0.0,0.0
201400049954,3,7,14,9,1,33,143,1,1,1,6,AUTOROUTE A 10,0.0,0.0
201400049955,3,7,14,14,1,33,90,1,1,1,6,AUTOROUTE A 63,0.0,0.0
201400049956,3,7,14,16,1,33,63,1,1,1,6,ROCADE A 630,0.0,0.0
201400049957,5,7,14,15,1,33,65,1,1,1,6,ROUTE NATIONALE 230,0.0,0.0
201400049958,6,7,14,16,1,33,39,1,1,2,6,ROCADE A 630,0.0,0.0
201400049959,7,7,14,15,1,33,119,1,1,2,6,ROUTE NATIONALE 230,0.0,0.0
201400049960,8,7,14,9,1,33,281,1,1,3,6,ROCADE A 630,0.0,0.0
201400049961,9,7,14,19,1,33,192,1,1,1,2,ROCADE A 630,0.0,0.0
201400049962,12,7,14,11,1,33,249,1,1,1,4,ROUTE NATIONALE 230,0.0,0.0
201400049963,12,7,14,23,3,33,80,1,1,1,2,AUTOROUTE A 62,0.0,0.0
201400049964,13,7,14,19,1,33,63,1,1,2,6,ROCADE A 630,0.0,0.0
201400049965,15,7,14,20,1,33,80,1,1,1,2,AUTOROUTE A 62,0.0,0.0
201400049966,17,7,14,13,1,33,39,1,1,1,3,ROCADE A 631,0.0,0.0
201400049967,19,7,14,14,1,33,249,1,1,1,4,ROUTE NATIONALE 230,0.0,0.0
201400049968,20,7,14,0,5,33,249,1,1,3,2,ROCADE A 630,0.0,0.0
201400049969,22,7,14,17,1,33,119,1,1,1,4,ROUTE NATIONALE 230,0.0,0.0
201400049970,24,7,14,18,1,33,39,1,1,1,6,ROCADE A 630,0.0,0.0
201400049971,25,7,14,11,1,33,318,1,1,1,6,ROCADE A 630,0.0,0.0
201400049972,25,7,14,13,1,33,63,1,1,1,6,ROCADE A 630,0.0,0.0
201400049973,27,7,14,9,1,33,90,1,1,1,6,AUTOROUTE A 63,0.0,0.0
201400049974,28,7,14,7,1,33,80,1,1,2,6,AUTOROUTE A 62,0.0,0.0
201400049975,28,7,14,7,1,33,80,1,1,2,4,AUTOROUTE A 62,0.0,0.0
201400049976,31,7,14,17,1,33,550,1,1,1,4,AUTOROUTE A 62,0.0,0.0
201400049977,1,8,14,8,1,33,192,1,1,1,2,ROCADE A 630,0.0,0.0
201400049978,4,8,14,12,1,33,550,1,1,1,6,ROCADE A 630,0.0,0.0
201400049979,9,8,14,14,1,33,63,1,1,2,6,ROCADE A 630,0.0,0.0
201400049980,9,8,14,16,1,33,249,1,1,2,6,ROCADE A 630,0.0,0.0
201400049981,9,8,14,16,1,33,63,1,1,3,6,ROCADE A 630,0.0,0.0
201400049982,9,8,14,17,1,33,39,1,1,2,6,ROCADE A 630,0.0,0.0
201400049983,9,8,14,18,1,33,39,1,1,8,6,ROUTE NATIONALE 230,0.0,0.0
201400049984,11,8,14,8,1,33,192,1,1,1,6,ROCADE A 630,0.0,0.0
201400049985,17,8,14,19,1,33,318,1,1,1,6,ROCADE A 630,0.0,0.0
201400049986,18,8,14,8,1,33,192,1,1,1,6,ROCADE A 630,0.0,0.0
201400049987,18,8,14,16,1,33,63,1,1,1,2,ROCADE A 630,0.0,0.0
201400049988,22,8,14,12,1,33,550,1,1,1,3,ROCADE A 630,0.0,0.0
201400049989,24,8,14,11,1,33,65,1,1,1,6,ROUTE NATIONALE 230,0.0,0.0
201400049990,26,8,14,15,1,33,249,1,1,2,6,ROCADE A 630,0.0,0.0
201400049991,26,8,14,19,1,33,122,1,1,3,6,AUTOROUTE A 63,0.0,0.0
201400049992,26,8,14,20,4,33,281,1,1,2,6,ROCADE A 630,0.0,0.0
201400049993,27,8,14,1,3,33,122,1,1,2,6,AUTOROUTE A 63,0.0,0.0
201400049994,27,8,14,16,1,33,162,1,1,1,6,ROCADE A 630,0.0,0.0
201400049995,29,8,14,6,2,33,122,1,1,1,6,AUTOROUTE A 63,0.0,0.0
201400049996,30,8,14,2,5,33,550,1,1,1,6,ROCADE A 630,0.0,0.0
201400049997,2,9,14,17,1,33,281,1,1,1,6,ROCADE A 630,0.0,0.0
201400049998,3,9,14,18,1,33,249,1,1,1,6,ROUTE NATIONALE 230,0.0,0.0
201400049999,4,9,14,8,1,33,162,1,1,7,6,ROCADE A 630,0.0,0.0
201400050000,5,9,14,17,1,33,249,1,1,1,2,AUTOROUTE A 10,0.0,0.0
201400050001,9,9,14,11,1,33,487,1,1,1,6,AUTOROUTE A 10,0.0,0.0
201400050002,9,9,14,17,1,33,162,1,1,1,6,ROCADE A 630,0.0,0.0
201400050003,15,9,14,7,2,33,122,1,1,1,6,AUTOROUTE A 63,0.0,0.0
201400050004,15,9,14,17,1,33,65,1,1,1,6,ROUTE NATIONALE 230,0.0,0.0
201400050005,17,9,14,7,2,33,75,1,1,1,6,ROCADE A 630,0.0,0.0
201400050006,17,9,14,18,1,33,249,1,1,3,6,ROCADE A 630,0.0,0.0
201400050007,19,9,14,12,1,33,281,1,1,1,6,ROCADE A 630,0.0,0.0
201400050008,19,9,14,19,1,33,281,1,1,1,6,ROCADE A 630,0.0,0.0
201400050009,20,9,14,19,2,33,318,1,1,1,6,ROCADE A 630,0.0,0.0
201400050010,22,9,14,10,1,33,192,1,1,1,6,ROCADE A 630,0.0,0.0
201400050011,22,9,14,16,1,33,162,1,1,1,6,ROCADE A 630,0.0,0.0
201400050012,23,9,14,18,1,33,39,1,1,1,6,ROCADE A 630,0.0,0.0
201400050013,24,9,14,8,1,33,249,1,1,1,4,ROUTE NATIONALE 230,0.0,0.0
201400050014,26,9,14,22,5,33,96,1,1,1,2,AUTOROUTE A 10,0.0,0.0
201400050015,28,9,14,20,3,33,318,1,1,1,6,ROCADE A 630,0.0,0.0
201400050016,29,9,14,7,1,33,249,1,1,1,6,AUTOROUTE A 10,0.0,0.0
201400050017,29,9,14,7,5,33,397,1,1,1,4,AUTOROUTE A 10,0.0,0.0
201400050018,29,9,14,8,1,33,75,1,1,1,6,ROCADE A 630,0.0,0.0
201400050019,3,10,14,7,2,33,65,1,1,1,6,ROUTE NATIONALE 230,0.0,0.0
201400050020,3,10,14,17,1,33,39,1,1,1,2,ROUTE NATIONALE 230,0.0,0.0
201400050021,7,10,14,7,3,33,318,1,1,8,6,ROCADE A 630,0.0,0.0
201400050022,8,10,14,6,3,33,318,1,1,2,6,ROCADE A 630,0.0,0.0
201400050023,10,10,14,13,1,33,65,1,1,1,6,ROUTE NATIONALE 230,0.0,0.0
201400050024,13,10,14,7,4,33,487,1,1,1,6,AUTOROUTE A 10,0.0,0.0
201400050025,14,10,14,6,3,33,80,1,1,1,6,AUTOROUTE A 62,0.0,0.0
201400050026,16,10,14,6,2,33,39,1,1,1,6,ROCADE A 630,0.0,0.0
201400050027,16,10,14,7,2,33,162,1,1,2,2,ROCADE A 630,0.0,0.0
201400050028,16,10,14,19,4,33,487,1,1,1,2,AUTOROUTE A 10,0.0,0.0
201400050029,19,10,14,7,2,33,487,1,1,1,3,AUTOROUTE A 10,0.0,0.0
201400050030,19,10,14,10,1,33,550,1,1,1,1,AUTOROUTE A 62,0.0,0.0
201400050031,22,10,14,7,2,33,550,1,1,1,2,ROCADE A 630,0.0,0.0
201400050032,23,10,14,18,1,33,162,1,1,1,4,ROCADE A 630,0.0,0.0
201400050033,27,10,14,16,1,33,281,1,1,1,6,ROCADE A 630,0.0,0.0
201400050034,27,10,14,18,2,33,318,1,1,1,5,ROCADE A 630,0.0,0.0
201400050035,28,10,14,21,5,33,39,1,1,1,3,ROCADE A 630,0.0,0.0
201400050036,29,10,14,15,1,33,281,1,1,1,6,ROCADE A 630,0.0,0.0
201400050037,2,11,14,13,1,33,119,1,1,1,6,ROUTE NATIONALE 230,0.0,0.0
201400050038,2,11,14,21,4,33,119,1,1,1,6,ROUTE NATIONALE 230,0.0,0.0
201400050039,3,11,14,7,1,33,122,1,1,2,2,AUTOROUTE A 63,0.0,0.0
201400050040,3,11,14,8,1,33,65,1,1,1,6,ROUTE NATIONALE 230,0.0,0.0
201400050041,4,11,14,19,5,33,63,1,1,1,6,ROCADE A 630,0.0,0.0
201400050042,6,11,14,16,1,33,249,1,1,1,6,ROUTE NATIONALE 230,0.0,0.0
201400050043,6,11,14,18,3,33,318,1,1,1,4,ROCADE A 630,0.0,0.0
201400050044,7,11,14,8,1,33,281,1,1,2,6,ROCADE A 630,0.0,0.0
201400050045,7,11,14,19,3,33,80,1,1,1,6,AUTOROUTE A 62,0.0,0.0
201400050046,7,11,14,20,3,33,550,1,1,1,5,ROCADE A 630,0.0,0.0
201400050047,9,11,14,12,1,33,249,1,1,1,7,ROCADE A 630,0.0,0.0
201400050048,10,11,14,5,5,33,167,1,1,1,6,ROUTE NATIONALE 230,0.0,0.0
201400050049,12,11,14,12,1,33,281,1,1,2,6,ROCADE A 630,0.0,0.0
201400050050,12,11,14,12,1,33,318,1,1,2,6,ROCADE A 630,0.0,0.0
201400050051,12,11,14,22,5,33,535,1,1,1,6,ROUTE NATIONALE 230,0.0,0.0
201400050052,15,11,14,14,1,33,249,1,1,2,6,ROCADE A 630,0.0,0.0
201400050053,15,11,14,16,1,33,63,1,1,3,6,ROCADE A 630,0.0,0.0
201400050054,16,11,14,13,1,33,249,1,1,2,6,ROCADE A 630,0.0,0.0
201400050055,17,11,14,9,1,33,249,1,1,1,6,ROCADE A 630,0.0,0.0
201400050056,17,11,14,9,1,33,550,1,1,2,6,AUTOROUTE A 62,0.0,0.0
201400050057,18,11,14,11,1,33,249,1,1,2,6,ROCADE A 630,0.0,0.0
201400050058,18,11,14,15,1,33,63,1,1,1,6,ROCADE A 630,0.0,0.0
201400050059,20,11,14,8,1,33,80,1,1,1,6,AUTOROUTE A 62,0.0,0.0
201400050060,20,11,14,18,2,33,39,1,1,1,6,ROCADE A 631,0.0,0.0
201400050061,21,11,14,13,1,33,318,1,1,1,6,ROCADE A 630,0.0,0.0
201400050062,29,11,14,2,5,33,550,1,1,1,1,ROCADE A 630,0.0,0.0
201400050063,29,11,14,13,1,33,63,1,1,2,6,ROCADE A 630,0.0,0.0
201400050064,30,11,14,16,1,33,318,1,1,1,6,AUTOROUTE A 63,0.0,0.0
201400050065,28,11,14,18,5,33,3,1,1,1,6,AUTOROUTE A 10,0.0,0.0
201400050066,4,12,14,14,1,33,397,1,1,1,6,AUTOROUTE A 10,0.0,0.0
201400050067,4,12,14,17,2,33,75,1,1,2,6,ROCADE A 630,0.0,0.0
201400050068,4,12,14,19,5,33,119,1,1,1,6,ROUTE NATIONALE 230,0.0,0.0
201400050069,4,12,14,20,4,33,75,1,1,1,6,ROCADE A 630,0.0,0.0
201400050070,4,12,14,21,3,33,75,1,1,1,6,ROCADE A 630,0.0,0.0
201400050071,6,12,14,6,5,33,550,1,1,1,6,ROCADE A 630,0.0,0.0
201400050072,7,12,14,7,2,33,249,1,1,1,6,ROCADE A 630,0.0,0.0
201400050073,9,12,14,7,1,33,3,1,1,1,6,AUTOROUTE A 10,0.0,0.0
201400050074,10,12,14,23,3,33,550,1,1,2,6,ROCADE A 630,0.0,0.0
201400050075,12,12,14,17,2,33,550,1,1,1,4,ROCADE A 630,0.0,0.0
201400050076,13,12,14,10,1,33,281,1,1,1,6,ROCADE A 630,0.0,0.0
201400050077,14,12,14,7,3,33,281,1,1,1,6,ROCADE A 630,0.0,0.0
201400050078,18,12,14,8,2,33,192,1,1,2,6,AUTOROUTE A 63,0.0,0.0
201400050079,19,12,14,13,1,33,23,1,1,1,6,AUTOROUTE A 62,0.0,0.0
201400050080,19,12,14,19,5,33,318,1,1,1,6,ROCADE A 630,0.0,0.0
201400050081,23,12,14,15,1,33,96,1,1,1,2,AUTOROUTE A 10,0.0,0.0
201400050082,24,12,14,7,3,33,80,1,1,2,6,AUTOROUTE A 62,0.0,0.0
201400050083,25,12,14,19,5,33,550,1,1,1,6,ROCADE A 630,0.0,0.0
201400050084,26,12,14,21,3,33,122,1,1,1,6,AUTOROUTE A 63,0.0,0.0
201400050085,28,12,14,6,2,33,366,1,1,1,6,AUTOROUTE A 10,0.0,0.0
201400050086,28,12,14,22,5,33,249,1,1,1,6,ROCADE A 630,0.0,0.0
201400050087,31,12,14,17,2,33,65,1,1,1,6,ROUTE NATIONALE 230,0.0,0.0
201400050088,8,3,14,13,1,69,385,2,2,1,1,"1, PLACE SAINT ALEXANDRE",0.0,0.0
201400050089,15,1,14,0,5,69,385,2,1,8,6,"59, QUAI PIERRE SCIZE",0.0,0.0
201400050090,15,1,14,7,5,69,385,2,3,1,1,RUE COMMANDANT CHARCOT,0.0,0.0
201400050091,16,1,14,10,1,69,385,2,1,2,6,"111, RUE JOLIOT CURIE",0.0,0.0
201400050092,23,1,14,8,1,69,385,2,2,1,6,"89, RUE DOCTEUR EDMOND L",0.0,0.0
201400050093,2,2,14,11,1,69,385,2,1,1,6,AVENUE GENERAL EISENHOWE,0.0,0.0
201400050094,6,2,14,7,1,69,385,2,1,1,6,"199, RUE JOLIOT CURIE",0.0,0.0
201400050095,12,2,14,16,1,69,385,2,9,1,3,"27, QUAI ROMAIN ROLLAND",0.0,0.0
201400050096,27,2,14,19,5,69,385,2,1,2,6,"7, AVENUE ADOLPHE MAX",0.0,0.0
201400050097,25,3,14,8,1,69,385,2,1,8,6,"13, RUE FRANCOIS GENIN",0.0,0.0
201400050098,27,3,14,14,1,69,385,2,1,1,3,"110, RUE DOCTEUR EDMOND",0.0,0.0
201400050099,1,4,14,17,1,69,385,2,1,1,6,"23, AVENUE DU POINT DU J",0.0,0.0
201400050100,2,4,14,17,1,69,385,2,1,1,7,"34, CHEMIN DE CHOULANS",0.0,0.0
201400050101,6,4,14,17,1,69,385,2,1,1,6,"1, RUE DE L ANTIQUAILLE",0.0,0.0
201400050102,11,4,14,13,1,69,385,2,1,1,3,"101, RUE JOLIOT CURIE",0.0,0.0
201400050103,18,4,14,12,1,69,385,2,1,1,6,"70, RUE COMMANDANT CHARC",0.0,0.0
201400050104,4,5,14,16,1,69,385,2,1,1,6,"8, AVENUE DEBROUSSE",0.0,0.0
201400050105,5,5,14,15,1,69,385,2,1,1,6,"70, RUE DE CHAMPVERT",0.0,0.0
201400050106,20,5,14,7,1,69,385,2,1,1,7,"31, AVENUE DE MENIVAL",0.0,0.0
201400050107,21,5,14,17,1,69,385,2,1,1,6,60 CHEMIN DE CHOULANS,0.0,0.0
201400050108,22,5,14,13,1,69,385,2,1,2,7,"6, RUE DE L ANTIQUAILLE",0.0,0.0
201400050109,30,5,14,12,1,69,385,2,1,1,6,"8, RUE DES MACCHABEES",0.0,0.0
201400050110,31,5,14,0,5,69,385,2,1,1,7,"44, RUE COMMANDANT CHARC",0.0,0.0
201400050111,31,5,14,12,1,69,385,2,1,1,3,"98, RUE DOCTEUR EDMOND L",0.0,0.0
201400050112,4,6,14,12,1,69,385,2,6,3,3,"25, RUE DES FARGES",0.0,0.0
201400050113,5,6,14,19,1,69,385,2,1,1,2,"35, RUE DE LA FAVORITE",0.0,0.0
201400050114,20,6,14,19,1,69,385,2,1,1,7,"30, CHEMIN DE CHOULANS",0.0,0.0
201400050115,26,6,14,0,5,69,385,2,1,1,7,"SANS, MONTEE DU CHEMIN N",0.0,0.0
201400050116,5,7,14,15,1,69,385,2,1,1,6,"50, RUE JOLIOT CURIE",0.0,0.0
201400050117,9,7,14,19,1,69,385,2,1,3,3,"62, AVENUE DU POINT DU J",0.0,0.0
201400050118,11,7,14,18,1,69,385,2,1,1,6,"10, AVENUE DE MENIVAL",0.0,0.0
201400050119,6,12,14,12,1,69,385,2,1,1,2,"214, RUE JEAN CARRIES",0.0,0.0
201400050120,6,8,14,13,1,69,385,2,1,1,7,"9, RUE MERE ELISABETH RI",0.0,0.0
201400050121,11,8,14,19,1,69,385,2,1,1,2,"14, RUE DES FARGES",0.0,0.0
201400050122,26,9,14,18,1,69,385,2,1,1,6,54 RUE DE LA FAVORITE,0.0,0.0
201400050123,7,9,14,16,1,69,385,2,1,1,1,CHEMIN DE CHOULANS,0.0,0.0
201400050124,12,9,14,17,1,69,385,2,1,1,6,"00, PLACE DOCTEUR SCHWEI",0.0,0.0
201400050125,12,9,14,18,1,69,385,2,1,1,6,PONT BONAPARTE,0.0,0.0
201400050126,28,9,14,14,1,69,385,2,1,1,3,"26, QUAI DE BONDY",0.0,0.0
201400050127,6,10,14,12,1,69,385,2,1,1,6,"101, CHEMIN DE CHOULANS",0.0,0.0
201400050128,10,10,14,19,5,69,385,2,1,2,3,"58, AVENUE BARTHELEMY BU",0.0,0.0
201400050129,14,10,14,22,5,69,385,2,1,1,6,"101, AVENUE BARTHELEMY B",0.0,0.0
201400050130,15,10,14,18,1,69,385,2,1,1,6,RUE OCTAVIO MEY,0.0,0.0
201400050131,20,10,14,7,5,69,385,2,2,1,6,RUE DOCTEUR ALBERIC PONT,0.0,0.0
201400050132,27,10,14,17,2,69,385,2,1,1,6,"1, PLACE DE L ANTIQUAILL",0.0,0.0
201400050133,4,11,14,11,1,69,385,2,1,3,6,"15, RUE DES CHEVAUCHEURS",0.0,0.0
201400050134,4,11,14,18,5,69,385,2,1,3,6,"56, RUE DE LA FAVORITE",0.0,0.0
201400050135,8,11,14,20,4,69,385,2,1,1,1,"51, RUE DE TRION",0.0,0.0
201400050136,19,11,14,12,1,69,385,2,4,1,3,"00001, RUE COMMANDANT CH",0.0,0.0
201400050137,28,11,14,19,5,69,385,2,1,1,6,"10, QUAI DE BONDY",0.0,0.0
201400050138,29,11,14,20,5,69,385,2,1,1,3,"177/183, RUE JOLIOT CURI",0.0,0.0
201400050139,2,12,14,5,5,69,385,2,1,1,6,QUAI ROMAIN ROLLAND,0.0,0.0
201400050140,15,12,14,7,1,69,385,2,1,1,6,QUAI FULCHIRON,0.0,0.0
201400050141,18,12,14,7,2,69,385,2,1,2,6,"31, AVENUE DE MENIVAL",0.0,0.0
201400050142,24,1,14,18,4,67,482,1,1,1,4,Autoroute A.35,0.0,0.0
201400050143,12,3,14,18,2,67,482,1,1,1,2,Autoroute A.35,0.0,0.0
201400050144,5,5,14,7,1,67,482,1,1,1,3,Autoroute A.35,0.0,0.0
201400050145,14,5,14,12,1,67,482,1,1,1,5,Autoroute A.35,0.0,0.0
201400050146,26,5,14,17,1,67,137,1,1,1,7,Route D?partementale 108,0.0,0.0
201400050147,27,5,14,13,1,67,365,1,1,1,5,Autoroute A.35,0.0,0.0
201400050148,12,6,14,12,1,67,447,1,1,1,3,Autoroute A.4,0.0,0.0
201400050149,17,6,14,20,1,67,482,1,1,1,6,N.4 CONTOURNEMENT-SUD,0.0,0.0
201400050150,30,6,14,8,1,67,482,1,1,2,3,Autoroute A.35,0.0,0.0
201400050151,7,7,14,5,2,67,482,1,1,8,6,Autoroute A.35,0.0,0.0
201400050152,15,7,14,22,3,67,482,1,1,1,6,"PV, sens Saverne-Strasbg",0.0,0.0
201400050153,16,7,14,18,1,67,482,1,1,1,4,Autoroute A.35,0.0,0.0
201400050154,29,8,14,11,1,67,482,1,1,1,3,Autoroute A.35,0.0,0.0
201400050155,5,9,14,12,1,67,447,1,1,1,3,Autoroute A.4,0.0,0.0
201400050156,8,9,14,17,1,67,447,1,1,1,4,Autoroute A.4,0.0,0.0
201400050157,10,9,14,10,1,67,482,1,1,1,5,Autoroute A.35,0.0,0.0
201400050158,21,10,14,9,1,67,49,1,1,1,6,Autoroute A.35,0.0,0.0
201400050159,24,10,14,11,1,67,482,1,1,1,5,Autoroute A.35,0.0,0.0
201400050160,14,12,14,4,3,67,482,1,1,2,7,N.4 Contournement Sud,0.0,0.0
201400050161,21,12,14,19,3,67,482,1,1,1,4,Autoroute A.35,0.0,0.0
201400050162,27,1,14,8,1,54,578,1,1,2,2,Autoroute A 33,48.66568,6.12381
201400050163,17,2,14,8,1,54,328,1,1,5,4,Autoroute A 33,48.63152,6.17748
201400050164,8,2,14,22,3,54,312,1,1,1,5,Autoroute A 31,48.93122,6.11129
201400050165,28,2,14,13,1,54,547,1,1,2,7,Autoroute A 33,48.64806,6.13641
201400050166,6,3,14,15,1,54,232,1,1,1,2,Autoroute A 31,48.68858,5.99514
201400050167,5,2,14,7,2,54,462,1,1,2,7,Autoroute A 33,48.617,6.31886
201400050168,16,4,14,9,1,54,232,1,1,1,2,Autoroute A 31,48.68833,6.00602
201400050169,5,5,14,7,1,54,483,1,1,1,6,Autoroute A 33,48.61715,6.2861
201400050170,13,7,14,5,2,54,150,1,1,1,5,Autoroute A 31,48.79132,6.12286
201400050171,3,7,14,10,1,54,304,1,1,1,3,Autoroute A 31,48.69451,6.10732
201400050172,30,7,14,9,1,54,90,1,1,2,6,Autoroute A 31,48.74807,6.15578
201400050173,23,8,14,12,1,54,528,1,1,1,4,Autoroute A 31,48.65512,5.88891
201400050174,21,9,14,20,3,54,528,1,1,8,4,Autoroute A 31,48.6533,5.88367
201400050175,6,10,14,11,1,54,483,1,1,2,7,Autoroute A 33,48.61681,6.28398
201400050176,21,10,14,20,3,54,357,1,1,2,3,Autoroute A 31,48.71364,6.1511
201400050177,30,10,14,14,1,54,571,1,1,1,2,Autoroute A 33,48.61861,6.26751
201400050178,26,11,14,17,3,54,328,1,1,1,2,Autoroute A 330,48.61229,6.17725
201400050179,28,11,14,17,3,54,90,1,1,8,4,Autoroute A 31,48.75726,6.15246
201400050180,28,11,14,18,3,54,357,1,1,1,2,Autoroute A 31,48.70849,6.14264
201400050181,15,12,14,16,2,54,578,1,1,8,3,Autoroute A 33,48.65929,6.12442
201400050182,1,1,14,2,3,57,212,1,1,2,6,Autoroute A31,0.0,0.0
201400050183,13,1,14,11,1,57,452,1,1,1,6,Autoroute A31,0.0,0.0
201400050184,17,1,14,6,3,57,582,1,1,2,3,Autoroute A31,0.0,0.0
201400050185,9,2,14,9,1,57,582,1,4,8,6,Autoroute A30,0.0,0.0
201400050186,20,2,14,10,1,57,447,1,1,1,1,RN 431,0.0,0.0
201400050187,4,3,14,8,1,57,447,1,1,1,6,RN 431,0.0,0.0
201400050188,25,3,14,20,3,57,463,1,1,1,4,Autoroute A31,0.0,0.0
201400050189,16,4,14,3,3,57,666,1,1,1,2,Autoroute A31,0.0,0.0
201400050190,28,4,14,1,3,57,663,1,1,1,2,Autoroute A31,0.0,0.0
201400050191,24,5,14,7,1,57,672,1,1,2,6,Autoroute A31,0.0,0.0
201400050192,5,6,14,10,1,57,666,1,1,1,6,Autoroute A31,0.0,0.0
201400050193,16,6,14,8,1,57,194,1,1,1,3,Autoroute A31,0.0,0.0
201400050194,19,6,14,15,1,57,303,1,1,1,7,Autoroute A31,0.0,0.0
201400050195,26,6,14,1,3,57,343,1,1,1,2,Autoroute A31,0.0,0.0
201400050196,21,7,14,11,1,57,303,1,1,3,2,Autoroute A31,0.0,0.0
201400050197,24,7,14,19,1,57,672,1,1,2,2,Autoroute A31,0.0,0.0
201400050198,10,8,14,23,3,57,534,1,1,2,2,RN 431,0.0,0.0
201400050199,22,8,14,4,4,57,663,1,1,1,7,Autoroute A31,0.0,0.0
201400050200,23,8,14,15,1,57,306,1,1,1,7,Autoroute  A30,0.0,0.0
201400050201,4,9,14,6,2,57,672,1,1,1,5,Autoroute A31,0.0,0.0
201400050202,9,9,14,18,1,57,672,1,1,1,2,Autoroute A31,0.0,0.0
201400050203,12,9,14,18,1,57,463,1,1,1,2,Autoroute A31,0.0,0.0
201400050204,9,10,14,11,1,57,663,1,1,3,3,Autoroute A31,0.0,0.0
201400050205,29,10,14,3,3,57,663,1,1,1,6,Autoroute  A31,0.0,0.0
201400050206,1,11,14,14,1,57,487,1,1,1,2,Autoroute A31,0.0,0.0
201400050207,25,11,14,18,4,57,463,1,1,1,4,Autoroute A31,0.0,0.0
201400050208,5,12,14,3,4,57,463,1,1,1,6,Autoroute  A31,0.0,0.0
201400050209,6,12,14,13,1,57,663,1,1,1,5,Autoroute A31,0.0,0.0
201400050210,9,12,14,7,2,57,463,1,1,2,4,RN 431,0.0,0.0
201400050211,21,12,14,6,3,57,534,1,1,1,6,RN 431,0.0,0.0
201400050212,3,12,14,18,3,57,412,1,1,1,2,Autoroute A31,0.0,0.0
201400050213,6,1,14,15,1,69,387,2,2,1,6,"78, AVENUE JEAN JAURES",0.0,0.0
201400050214,6,1,14,20,5,69,387,2,2,6,3,"77, AVENUE BERTHELOT",0.0,0.0
201400050215,7,1,14,12,1,69,387,2,1,1,6,RUE DE MARSEILLE,0.0,0.0
201400050216,9,1,14,17,5,69,387,2,2,1,1,"0, AVENUE JEAN JAURES",0.0,0.0
201400050217,10,1,14,21,5,69,387,2,2,1,3,RUE CREPET,0.0,0.0
201400050218,15,1,14,16,1,69,387,2,1,1,3,"19, AVENUE BERTHELOT",0.0,0.0
201400050219,26,1,14,4,5,69,387,2,2,1,3,"0, AVENUE JEAN JAURES",0.0,0.0
201400050220,19,1,14,20,5,69,387,2,2,9,6,AVENUE JEAN JAURES,0.0,0.0
201400050221,22,1,14,20,5,69,387,2,2,1,3,"0, RUE DE GERLAND",0.0,0.0
201400050222,24,1,14,7,5,69,387,2,2,1,3,RUE RAOUL SERVANT,0.0,0.0
201400050223,3,2,14,11,1,69,387,2,1,1,6,"187, GRANDE RUE DE LA GU",0.0,0.0
201400050224,5,2,14,18,5,69,387,2,2,1,6,"0, RUE GARIBALDI",0.0,0.0
201400050225,10,2,14,8,1,69,387,2,1,2,3,PONT DE LA GUILLOTIERE,0.0,0.0
201400050226,12,2,14,11,1,69,387,2,1,1,3,"367, RUE GARIBALDI",0.0,0.0
201400050227,15,2,14,19,5,69,387,2,1,2,6,BOULEVARD YVES FARGE,0.0,0.0
201400050228,14,2,14,7,1,69,387,2,1,1,6,"182, AVENUE BERTHELOT",0.0,0.0
201400050229,16,2,14,16,1,69,387,2,1,1,2,"71, AVENUE TONY GARNIER",0.0,0.0
201400050230,16,2,14,19,5,69,387,2,2,1,3,"0, AVENUE TONY GARNIER",0.0,0.0
201400050231,19,2,14,19,3,69,387,2,1,9,7,"22.23, RUE CHEVREUL",0.0,0.0
201400050232,27,2,14,11,1,69,387,2,1,2,3,QUAI CLAUDE BERNARD,0.0,0.0
201400050233,2,3,14,1,5,69,387,2,1,1,4,"20, AVENUE DEBOURG",0.0,0.0
201400050234,4,3,14,7,1,69,387,2,2,1,3,"0, RUE DE LA THIBAUDIERE",0.0,0.0
201400050235,7,3,14,16,1,69,387,2,2,1,3,"0, COURS GAMBETTA",0.0,0.0
201400050236,9,3,14,12,1,69,387,2,1,1,6,"07, RUE BENJAMIN DELESSE",0.0,0.0
201400050237,10,3,14,13,1,69,387,2,2,1,6,"1, RUE MARC BLOCH",0.0,0.0
201400050238,16,3,14,13,1,69,387,2,1,1,6,"16, PLACE JEAN MACE",0.0,0.0
201400050239,17,3,14,12,1,69,387,2,2,1,6,RUE CREPET,0.0,0.0
201400050240,17,3,14,11,1,69,387,2,1,1,3,"129, AVENUE JEAN JAURES",0.0,0.0
201400050241,19,3,14,23,5,69,387,2,1,1,2,"12, COURS GAMBETTA",0.0,0.0
201400050242,20,3,14,16,1,69,387,2,1,1,6,"96, AVENUE DEBOURG",0.0,0.0