Num_Acc,jour,mois,an,hr,condition_eclairage,departement,commune,condition_agglomeration,intersection,condition_atmosphere,type_collision,adresse,lattitude,longitude
201400050243,22,3,14,21,5,69,387,2,3,1,3,AVENUE BERTHELOT,0.0,0.0
201400050244,25,3,14,10,1,69,387,2,3,1,2,"0, RUE JACQUES MONOD",0.0,0.0
201400050245,15,3,14,19,5,69,387,2,2,1,3,"0, RUE CREPET",0.0,0.0
201400050246,24,3,14,18,4,69,387,2,7,1,3,AVENUE LECLERC,0.0,0.0
201400050247,26,3,14,18,2,69,387,2,1,1,6,"64, AVENUE JEAN JAURES",0.0,0.0
201400050248,28,3,14,8,1,69,387,2,1,1,2,BOULEVARD CHAMBAUD DE LA,0.0,0.0
201400050249,28,3,14,9,1,69,387,2,1,1,6,"92bis, AVENUE DEBOURG",0.0,0.0
201400050250,4,4,14,16,1,69,387,2,1,1,6,"79, BOULEVARD YVES FARGE",0.0,0.0
201400050251,1,4,14,14,1,69,387,2,2,1,1,"0, AVENUE DEBOURG",0.0,0.0
201400050252,1,4,14,18,1,69,387,2,1,1,6,PONT DE L UNIVERSITE,0.0,0.0
201400050253,9,4,14,19,1,69,387,2,1,1,2,PONT DE LA GUILLOTIERE,0.0,0.0
201400050254,7,4,14,20,5,69,387,2,1,1,2,"0, PLACE DOCTEUR CHARLES",0.0,0.0
201400050255,6,4,14,4,5,69,387,2,1,1,2,"0, RUE ANTONIN PERRIN",0.0,0.0
201400050256,6,4,14,19,2,69,387,2,1,1,3,QUAI CLAUDE BERNARD,0.0,0.0
201400050257,8,4,14,10,1,69,387,2,1,1,2,"18, AVENUE JEAN JAURES",0.0,0.0
201400050258,11,4,14,13,1,69,387,2,1,1,6,GRANDE RUE DE LA GUILLOT,0.0,0.0
201400050259,15,4,14,13,1,69,387,2,3,1,3,"0, AVENUE TONY GARNIER",0.0,0.0
201400050260,17,4,14,14,1,69,387,2,2,1,3,"1, AVENUE TONY GARNIER",0.0,0.0
201400050261,9,4,14,8,1,69,387,2,1,1,1,"82, AVENUE DEBOURG",0.0,0.0
201400050262,13,4,14,16,1,69,387,2,1,1,2,"21, ALLEE PIERRE DE COUB",0.0,0.0
201400050263,17,4,14,18,1,69,387,2,2,7,1,"0, AVENUE TONY GARNIER",0.0,0.0
201400050264,16,4,14,9,1,69,387,2,2,1,3,RUE PROFESSEUR GRIGNARD,0.0,0.0
201400050265,16,4,14,11,1,69,387,2,2,1,3,AVENUE BERTHELOT,0.0,0.0
201400050266,22,4,14,20,5,69,387,2,2,2,3,"0, RUE SIMON FRYD",0.0,0.0
201400050267,19,4,14,11,1,69,387,2,2,1,3,COURS GAMBETTA,0.0,0.0
201400050268,23,4,14,19,1,69,387,2,2,1,1,AVENUE DEBOURG,0.0,0.0
201400050269,22,4,14,9,1,69,387,2,2,1,7,"0, AVENUE TONY GARNIER",0.0,0.0
201400050270,22,4,14,16,1,69,387,2,2,1,2,"1, RUE GARIBALDI",0.0,0.0
201400050271,25,4,14,18,1,69,387,2,1,1,3,BOULEVARD YVES FARGE,0.0,0.0
201400050272,30,4,14,13,1,69,387,2,1,1,3,COURS GAMBETTA,0.0,0.0
201400050273,4,5,14,17,1,69,387,2,1,1,2,"12, PLACE RASPAIL",0.0,0.0
201400050274,10,5,14,19,1,69,387,2,1,1,6,"178, BOULEVARD YVES FARG",0.0,0.0
201400050275,12,5,14,0,5,69,388,2,1,1,3,210 AVENUE BERTHELOT,0.0,0.0
201400050276,22,4,14,16,1,69,387,2,1,1,2,"0, RUE MARC BLOCH",0.0,0.0
201400050277,13,5,14,17,1,69,387,2,1,1,3,"11, AVENUE LECLERC",0.0,0.0
201400050278,15,5,14,8,1,69,387,2,2,1,3,RUE PROFESSEUR GRIGNARD,0.0,0.0
201400050279,18,5,14,1,5,69,387,2,1,1,3,AVENUE TONY GARNIER,0.0,0.0
201400050280,28,5,14,18,1,69,387,2,1,1,3,QUAI CLAUDE BERNARD,0.0,0.0
201400050281,20,5,14,19,1,69,387,2,1,1,3,PONT PASTEUR,0.0,0.0
201400050282,23,5,14,20,1,69,387,2,1,8,7,"0, BOULEVARD CHAMBAUD DE",0.0,0.0
201400050283,21,5,14,10,1,69,387,2,2,1,6,RUE BECHEVELIN,0.0,0.0
201400050284,29,5,14,18,1,69,387,2,2,1,3,"0, AVENUE DEBOURG",0.0,0.0
201400050285,26,5,14,18,1,69,387,2,2,3,3,AVENUE DEBOURG,0.0,0.0
201400050286,28,5,14,11,1,69,387,2,1,1,6,RUE DOMER,0.0,0.0
201400050287,30,5,14,11,1,69,387,2,1,1,3,"4 bis, RUE DE L UNIVERSI",0.0,0.0
201400050288,12,5,14,11,1,69,387,2,1,1,3,"0, BOULEVARD CHAMBAUD DE",0.0,0.0
201400050289,22,5,14,14,1,69,387,2,2,3,6,"0, RUE DE L UNIVERSITE",0.0,0.0
201400050290,29,5,14,22,5,69,387,2,1,1,6,RUE CHEVREUL,0.0,0.0
201400050291,5,6,14,23,5,69,387,1,1,1,5,84 RUE D ANVERS,0.0,0.0
201400050292,3,6,14,17,1,69,387,2,1,1,6,"195, RUE DE GERLAND",0.0,0.0
201400050293,11,6,14,12,1,69,387,2,1,1,6,RUE CHEVREUL,0.0,0.0
201400050294,12,6,14,11,1,69,387,2,1,1,6,26 COURS GAMBETTA,0.0,0.0
201400050295,11,6,14,10,1,69,387,2,2,1,6,"0, GRANDE RUE DE LA GUIL",0.0,0.0
201400050296,17,6,14,11,1,69,387,2,1,1,4,"166, AVENUE BERTHELOT",0.0,0.0
201400050297,25,6,14,17,1,69,387,2,1,1,1,AVENUE DEBOURG,0.0,0.0
201400050298,21,6,14,19,1,69,387,2,1,1,3,"0, PONT GALLIENI",0.0,0.0
201400050299,5,6,14,12,1,69,387,2,1,1,6,RUE GARIBALDI,0.0,0.0
201400050300,17,6,14,9,1,69,387,2,1,1,3,RUE DE GERLAND,0.0,0.0
201400050301,25,6,14,11,1,69,387,2,1,1,6,"0, AVENUE TONY GARNIER",0.0,0.0
201400050302,18,6,14,21,2,69,387,2,1,2,7,QUAI CLAUDE BERNARD,0.0,0.0
201400050303,1,7,14,13,1,69,387,2,2,1,3,BOULEVARD YVES FARGE,0.0,0.0
201400050304,16,7,14,18,1,69,387,2,2,1,3,"26, RUE PERE CHEVRIER",0.0,0.0
201400050305,23,7,14,17,1,69,387,2,1,1,2,AVENUE BERTHELOT,0.0,0.0
201400050306,9,7,14,20,1,69,387,2,1,2,6,"1, BOULEVARD CHAMBAUD DE",0.0,0.0
201400050307,2,8,14,21,2,69,387,2,2,1,3,AVENUE BERTHELOT,0.0,0.0
201400050308,11,8,14,12,1,69,387,2,1,2,5,"0, BOULEVARD CHAMBAUD DE",0.0,0.0
201400050309,15,8,14,2,5,69,387,2,2,2,2,"0, BOULEVARD CHAMBAUD DE",0.0,0.0
201400050310,28,8,14,19,1,69,387,2,2,1,6,RUE DE MARSEILLE,0.0,0.0
201400050311,20,8,14,11,1,69,387,2,1,1,2,"0, AVENUE BERTHELOT",0.0,0.0
201400050312,9,9,14,19,1,69,387,2,2,1,3,"0, AVENUE LECLERC",0.0,0.0
201400050313,5,9,14,19,1,69,387,2,1,1,6,20 BD YVES FARGE,0.0,0.0
201400050314,3,9,14,2,5,69,387,2,1,1,5,"20, AVENUE DEBOURG",0.0,0.0
201400050315,12,9,14,18,1,69,387,2,1,1,6,"20, RUE CLEMENT MAROT",0.0,0.0
201400050316,4,9,14,17,1,69,387,2,2,1,3,RUE DE GERLAND,0.0,0.0
201400050317,14,9,14,18,1,69,387,2,1,1,6,AVENUE TONY GARNIER,0.0,0.0
201400050318,10,9,14,16,1,69,387,2,1,1,4,"65, BOULEVARD YVES FARGE",0.0,0.0
201400050319,12,9,14,17,1,69,387,2,3,2,3,"0, RUE JEAN VALLIER",0.0,0.0
201400050320,6,9,14,5,5,69,387,2,1,1,6,"60, AVENUE BERTHELOT",0.0,0.0
201400050321,20,9,14,3,5,69,387,2,2,1,3,"0, AVENUE JEAN JAURES",0.0,0.0
201400050322,2,9,14,18,1,69,387,2,1,1,6,"23, RUE CHALLEMEL LACOUR",0.0,0.0
201400050323,19,9,14,14,1,69,387,2,1,1,2,RUE CHALLEMEL LACOUR,0.0,0.0
201400050324,12,9,14,17,1,69,387,2,2,1,2,"0, AVENUE TONY GARNIER",0.0,0.0
201400050325,17,9,14,19,1,69,387,2,1,1,5,PONT PASTEUR,0.0,0.0
201400050326,17,9,14,17,1,69,387,2,1,1,6,"94, AVENUE DEBOURG",0.0,0.0
201400050327,27,9,14,22,5,69,387,2,1,1,6,38 RUE DE MARSEILLE,0.0,0.0
201400050328,2,10,14,18,1,69,387,2,2,1,3,"0, RUE MARCEL MERIEUX",0.0,0.0
201400050329,2,10,14,7,1,69,387,2,1,1,7,"344, RUE GARIBALDI",0.0,0.0
201400050330,11,10,14,19,5,69,387,2,2,1,3,AVENUE BERTHELOT,0.0,0.0
201400050331,9,10,14,10,1,69,387,2,2,1,3,"0, RUE FELIX BRUN",0.0,0.0
201400050332,10,10,14,3,4,69,387,2,2,3,6,AVENUE DEBOURG,0.0,0.0
201400050333,11,10,14,17,1,69,387,2,2,1,1,RUE MARCEL MERIEUX,0.0,0.0
201400050334,11,10,14,2,5,69,387,2,2,3,5,"0, RUE GARIBALDI",0.0,0.0
201400050335,18,10,14,12,1,69,387,2,1,1,3,PONT DE L UNIVERSITE,0.0,0.0
201400050336,8,10,14,12,1,69,387,2,2,1,6,RUE SEBASTIEN GRYPHE,0.0,0.0
201400050337,21,10,14,14,1,69,387,2,1,1,6,"15, QUAI CLAUDE BERNARD",0.0,0.0
201400050338,23,10,14,17,1,69,387,2,1,1,3,"2, COURS GAMBETTA",0.0,0.0
201400050339,26,10,14,17,5,69,387,2,1,1,2,AVENUE TONY GARNIER,0.0,0.0
201400050340,25,10,14,17,1,69,387,2,2,1,3,"1, RUE ANDRE BOLLIER",0.0,0.0
201400050341,29,10,14,15,1,69,387,2,1,1,3,"62, AVENUE JEAN JAURES",0.0,0.0
201400050342,30,10,14,19,5,69,387,2,1,1,7,AVENUE LECLERC,0.0,0.0
201400050343,31,10,14,11,1,69,387,2,1,1,3,"0, AVENUE DEBOURG",0.0,0.0
201400050344,4,11,14,8,1,69,387,2,1,2,3,"229, RUE MARCEL MERIEUX",0.0,0.0
201400050345,7,11,14,14,1,69,387,2,2,2,6,AVENUE JEAN JAURES,0.0,0.0
201400050346,7,11,14,16,1,69,387,2,2,1,7,"0, RUE SALOMON REINACH",0.0,0.0
201400050347,9,11,14,16,2,69,387,2,1,3,6,AVENUE TONY GARNIER,0.0,0.0
201400050348,10,11,14,15,1,69,387,2,1,1,6,54-56 RUE DU REPOS,0.0,0.0
201400050349,9,11,14,16,1,69,387,2,2,3,1,"0, AVENUE JEAN JAURES",0.0,0.0
201400050350,13,11,14,19,5,69,387,2,1,1,3,AVENUE JEAN JAURES,0.0,0.0
201400050351,14,11,14,17,5,69,387,2,1,2,5,BOULEVARD CHAMBAUD DE LA,0.0,0.0
201400050352,16,11,14,6,5,69,387,2,1,1,3,"103, AVENUE BERTHELOT",0.0,0.0
201400050353,17,11,14,17,5,69,387,2,1,9,1,RUE DE L EPARGNE,0.0,0.0
201400050354,18,11,14,17,5,69,387,2,1,2,6,RUE JABOULAY,0.0,0.0
201400050355,26,11,14,20,5,69,387,2,3,2,6,"0, AVENUE TONY GARNIER",0.0,0.0
201400050356,27,11,14,11,1,69,387,2,1,1,6,"12, RUE D ANVERS",0.0,0.0
201400050357,29,11,14,1,5,69,387,2,2,1,6,RUE SEBASTIEN GRYPHE,0.0,0.0
201400050358,1,12,14,20,5,69,387,2,1,2,7,"259, GRANDE RUE DE LA GU",0.0,0.0
201400050359,6,12,14,1,5,69,387,2,1,1,6,RUE JABOULAY,0.0,0.0
201400050360,14,12,14,9,1,69,387,2,1,1,3,"0, AVENUE TONY GARNIER",0.0,0.0
201400050361,18,12,14,17,5,69,387,2,2,1,3,"42, RUE DE L UNIVERSITE",0.0,0.0
201400050362,14,12,14,12,1,69,387,1,1,1,2,BOULEVARD CHAMBAUD DE LA,0.0,0.0
201400050363,14,12,14,23,5,69,387,2,1,1,6,"0, BOULEVARD CHAMBAUD DE",0.0,0.0
201400050364,16,12,14,15,1,69,387,2,1,1,6,"1, RUE GEORGES GOUY",0.0,0.0
201400050365,9,1,14,7,2,69,388,2,2,1,3,BOULEVARD DES ETATS UNIS,0.0,0.0
201400050366,13,1,14,18,5,69,259,2,1,2,6,"74, AVENUE DE PRESSENSE",0.0,0.0
201400050367,15,1,14,15,1,69,388,2,3,1,3,AVENUE BERTHELOT,0.0,0.0
201400050368,21,1,14,10,1,69,388,2,1,1,6,"13, PLACE ANDRE LATARGET",0.0,0.0
201400050369,21,1,14,12,1,69,388,2,1,1,3,"106, RUE PROFESSEUR BEAU",0.0,0.0
201400050370,21,1,14,18,5,69,388,2,1,1,6,"210, AVENUE PAUL SANTY",0.0,0.0
201400050371,24,1,14,13,1,69,388,2,1,2,3,"98, AVENUE DES FRERES LU",0.0,0.0
201400050372,27,1,14,15,1,69,388,2,1,1,6,"0, RUE HENRI BARBUSSE",0.0,0.0
201400050373,27,1,14,7,2,69,388,2,1,1,6,"44, RUE HENRI BARBUSSE",0.0,0.0
201400050374,29,1,14,20,5,69,388,2,1,1,6,"105, AVENUE JEAN MERMOZ",0.0,0.0
201400050375,30,1,14,18,5,69,388,2,1,2,2,"0, AVENUE DES FRERES LUM",0.0,0.0
201400050376,2,2,14,20,5,69,388,2,1,1,6,"12, AVENUE ROCKEFELLER",0.0,0.0
201400050377,3,2,14,13,1,69,388,2,1,1,6,"44, RUE HENRI BARBUSSE",0.0,0.0
201400050378,9,2,14,12,1,69,388,2,1,1,2,RUE DE L EPARGNE,0.0,0.0
201400050379,9,2,14,12,1,69,388,2,1,1,2,"57, RUE MARYSE BASTIE",0.0,0.0
201400050380,12,2,14,12,1,69,388,2,1,1,6,"8, RUE GUILLAUME PARADIN",0.0,0.0
201400050381,18,2,14,9,1,69,383,2,1,1,6,"105, COURS ALBERT THOMAS",0.0,0.0
201400050382,23,2,14,14,1,69,388,2,1,1,6,"12, AVENUE JEAN MERMOZ",0.0,0.0
201400050383,11,2,14,8,1,69,388,2,3,1,6,"0, RUE CHALLEMEL LACOUR",0.0,0.0
201400050384,14,2,14,12,1,69,388,2,1,1,6,"209, AVENUE PAUL SANTY",0.0,0.0
201400050385,25,2,14,18,5,69,388,2,2,6,5,"0, RUE PAUL CAZENEUVE",0.0,0.0
201400050386,26,2,14,18,5,69,388,2,2,2,6,"0, RUE SAINT MATHIEU",0.0,0.0
201400050387,27,2,14,13,1,69,388,2,1,1,6,"48, RUE HENRI BARBUSSE",0.0,0.0
201400050388,27,2,14,17,1,69,388,2,3,1,6,"0, BOULEVARD DES ETATS U",0.0,0.0
201400050389,1,3,14,15,1,69,388,2,1,1,3,"96, AVENUE DES FRERES LU",0.0,0.0
201400050390,2,3,14,6,5,69,388,2,2,1,6,"1, RUE VILLON",0.0,0.0
201400050391,2,3,14,12,1,69,388,2,1,1,6,"286, AVENUE BERTHELOT",0.0,0.0
201400050392,2,3,14,16,1,69,388,2,1,1,6,"47, RUE SAINT GERVAIS",0.0,0.0
201400050393,17,3,14,14,1,69,388,2,1,1,6,"68, RUE PAUL CAZENEUVE",0.0,0.0
201400050394,19,3,14,9,1,69,388,2,1,1,6,"111, BOULEVARD DES ETATS",0.0,0.0
201400050395,23,3,14,14,1,69,388,2,3,1,6,RUE VILLON,0.0,0.0
201400050396,6,3,14,11,1,69,388,2,1,1,6,"82, BOULEVARD DES ETATS",0.0,0.0
201400050397,24,3,14,22,5,69,388,2,2,1,3,COURS ALBERT THOMAS,0.0,0.0
201400050398,23,3,14,19,5,69,383,2,1,1,3,"114, COURS ALBERT THOMAS",0.0,0.0
201400050399,27,3,14,7,2,69,388,2,1,1,6,"38, COURS ALBERT THOMAS",0.0,0.0
201400050400,30,3,14,19,1,69,388,2,1,1,3,"38, AVENUE JEAN MERMOZ",0.0,0.0
201400050401,1,4,14,11,1,69,388,2,3,1,3,"0, AVENUE ROCKEFELLER",0.0,0.0
201400050402,2,4,14,15,1,69,388,2,1,1,2,"96, AVENUE JEAN MERMOZ",0.0,0.0
201400050403,4,4,14,21,5,69,388,2,1,1,2,ROUTE DE VIENNE,0.0,0.0
201400050404,7,4,14,7,1,69,388,2,1,1,6,RUE VILLON,0.0,0.0
201400050405,7,4,14,12,1,69,388,2,2,1,3,"0, RUE SAINT NESTOR",0.0,0.0
201400050406,12,4,14,19,1,69,388,2,1,1,6,"39, BOULEVARD DES ETATS",0.0,0.0
201400050407,13,4,14,18,1,69,388,2,2,1,3,AVENUE JEAN MERMOZ,0.0,0.0
201400050408,15,4,14,14,1,69,388,2,1,1,6,"168, RUE CHALLEMEL LACOU",0.0,0.0
201400050409,16,4,14,13,1,69,388,2,2,1,6,RUE PROFESSEUR BEAUVISAG,0.0,0.0
201400050410,19,4,14,8,1,69,388,2,1,1,6,"46, RUE HENRI BARBUSSE",0.0,0.0
201400050411,20,4,14,21,5,69,388,2,1,2,7,"30, RUE DES TUILIERS",0.0,0.0
201400050412,23,4,14,12,1,69,388,2,2,1,3,AVENUE BERTHELOT,0.0,0.0
201400050413,19,4,14,17,1,69,259,2,1,1,2,"10, AVENUE VIVIANI",0.0,0.0
201400050414,30,4,14,18,1,69,388,2,1,1,3,RUE JOSEPH CHALIER,0.0,0.0
201400050415,4,5,14,19,1,69,388,2,1,1,3,"160, RUE CHALLEMEL LACOU",0.0,0.0
201400050416,5,5,14,9,1,69,388,2,3,1,3,"0, RUE PROFESSEUR BEAUVI",0.0,0.0
201400050417,15,5,14,14,1,69,388,2,2,1,3,RUE JOSEPH CHAPELLE,0.0,0.0
201400050418,13,5,14,14,1,69,388,2,3,2,1,"0, RUE PAUL CAZENEUVE",0.0,0.0
201400050419,15,5,14,18,1,69,388,2,1,6,6,"170, AVENUE PAUL SANTY",0.0,0.0
201400050420,18,5,14,9,1,69,388,2,1,1,6,AVENUE DES FRERES LUMIER,0.0,0.0
201400050421,16,5,14,17,1,69,388,2,3,1,3,AVENUE VIVIANI,0.0,0.0
201400050422,27,5,14,17,1,69,388,2,2,1,3,"0, RUE SAINT NESTOR",0.0,0.0
201400050423,2,6,14,16,1,69,388,2,1,1,6,"0, AVENUE BERTHELOT",0.0,0.0
201400050424,10,6,14,14,1,69,388,2,1,1,1,66 BD DES ETATS UNIS,0.0,0.0
201400050425,12,6,14,13,1,69,388,2,2,1,6,RUE SAINT MAURICE,0.0,0.0
201400050426,22,5,14,16,1,69,388,2,2,6,3,"0, RUE SAINT MAURICE",0.0,0.0
201400050427,20,6,14,8,1,69,388,2,1,1,6,40 RUE HENRI BARBUSSE,0.0,0.0
201400050428,21,6,14,19,1,69,388,2,2,1,3,"0, RUE SAINT GERVAIS",0.0,0.0
201400050429,7,7,14,16,1,69,388,2,2,2,3,RUE PIERRE DELORE,0.0,0.0
201400050430,20,6,14,17,1,69,388,2,2,1,3,"1, AVENUE JEAN MERMOZ",0.0,0.0
201400050431,18,7,14,19,1,69,388,2,2,1,3,"1, BOULEVARD PINEL",0.0,0.0
201400050432,22,7,14,10,1,69,388,2,2,2,1,"28, RUE SAINT GERVAIS",0.0,0.0
201400050433,21,7,14,10,1,69,388,2,2,3,3,"1, RUE BERCHET",0.0,0.0
201400050434,30,7,14,12,1,69,388,2,2,2,3,"11, RUE AUDIBERT ET LAVI",0.0,0.0
201400050435,4,8,14,9,1,69,388,2,3,1,3,"0, AVENUE ROCKEFELLER",0.0,0.0
201400050436,2,8,14,8,1,69,259,2,1,1,6,"20, AVENUE VIVIANI",0.0,0.0
201400050437,3,8,14,16,1,69,388,2,2,1,6,RUE DES SERPOLLIERES,0.0,0.0
201400050438,5,8,14,18,1,69,388,2,1,1,6,"38, RUE PROFESSEUR TAVER",0.0,0.0
201400050439,13,8,14,21,5,69,388,2,2,1,3,AVENUE DES FRERES LUMIER,0.0,0.0
201400050440,29,8,14,8,1,69,388,2,1,1,3,AVENUE PAUL SANTY,0.0,0.0
201400050441,28,8,14,19,1,69,388,2,2,1,3,"0, RUE CROIX BARRET",0.0,0.0
201400050442,5,9,14,8,1,69,388,2,1,1,2,"63, BOULEVARD DES ETATS",0.0,0.0
201400050443,8,9,14,8,1,69,388,2,1,1,3,AVENUE BERTHELOT,0.0,0.0
201400050444,9,9,14,7,2,69,388,2,1,8,3,"55, RUE MARYSE BASTIE",0.0,0.0
201400050445,8,9,14,17,1,69,388,2,2,1,3,RUE ROCHAMBEAU,0.0,0.0
201400050446,8,9,14,22,5,69,388,2,1,1,1,161 AVENUE PAUL SANTY,0.0,0.0
201400050447,11,9,14,23,5,69,388,2,3,1,3,"0, AVENUE DES FRERES LUM",0.0,0.0
201400050448,16,9,14,11,1,69,388,2,1,1,6,BOULEVARD DES ETATS UNIS,0.0,0.0
201400050449,17,9,14,16,1,69,388,2,1,1,6,48 AV DES FRERES LUMIER,0.0,0.0
201400050450,18,9,14,21,5,69,388,2,2,1,3,"0, RUE LOUIS JOUVET",0.0,0.0
201400050451,16,9,14,19,1,69,388,2,3,1,2,"2, AVENUE DES FRERES LUM",0.0,0.0
201400050452,19,9,14,8,1,69,388,2,1,2,1,RUE MARIUS BERLIET,0.0,0.0
201400050453,17,9,14,18,1,69,388,2,1,1,6,"9, AVENUE JEAN MERMOZ",0.0,0.0
201400050454,18,9,14,12,1,69,388,2,1,1,6,AVENUE DES FRERES LUMIER,0.0,0.0
201400050455,1,10,14,21,5,69,388,2,1,1,6,AVENUE DES FRERES LUMIER,0.0,0.0
201400050456,2,10,14,11,1,69,388,2,3,1,6,"0, RUE PROFESSEUR TAVERN",0.0,0.0
201400050457,2,10,14,16,1,69,388,2,1,1,3,"159, ROUTE DE VIENNE",0.0,0.0
201400050458,2,10,14,17,1,69,388,2,1,1,2,AVENUE DE PRESSENSE,0.0,0.0
201400050459,7,10,14,17,1,69,388,2,2,2,3,"0, AVENUE JEAN MERMOZ",0.0,0.0
201400050460,13,10,14,21,4,69,388,2,3,2,3,COURS ALBERT THOMAS,0.0,0.0
201400050461,16,10,14,9,1,69,388,2,1,3,5,142 AV DES FRERES LUMIER,0.0,0.0
201400050462,9,10,14,22,5,69,388,2,1,2,4,"160, RUE CHALLEMEL LACOU",0.0,0.0
201400050463,19,10,14,6,5,69,388,2,6,1,3,AVENUE DES FRERES LUMIER,0.0,0.0
201400050464,14,10,14,7,1,69,388,2,1,1,6,ROUTE DE VIENNE,0.0,0.0
201400050465,17,10,14,6,2,69,388,2,2,8,1,"0, ROUTE DE VIENNE",0.0,0.0
201400050466,18,10,14,17,1,69,388,2,1,1,6,"8, AVENUE JEAN MERMOZ",0.0,0.0
201400050467,21,10,14,14,1,69,388,2,1,1,3,PLACE D ARSONVAL,0.0,0.0
201400050468,27,10,14,7,1,69,388,2,1,1,6,"0, RUE CHALLEMEL LACOUR",0.0,0.0
201400050469,27,10,14,14,1,69,388,2,1,1,3,"288, BOULEVARD PINEL",0.0,0.0
201400050470,24,10,14,17,1,69,388,2,1,1,3,AVENUE JEAN MERMOZ,0.0,0.0
201400050471,25,10,14,16,1,69,388,2,1,1,2,"19, RUE SAINT ROMAIN",0.0,0.0
201400050472,31,10,14,10,1,69,388,2,1,1,2,RUE PROFESSEUR MARCEL DA,0.0,0.0
201400050473,31,10,14,20,5,69,388,2,2,1,6,"0, AVENUE DE PRESSENSE",0.0,0.0
201400050474,4,11,14,18,5,69,388,2,1,3,6,"42, RUE HENRI BARBUSSE",0.0,0.0
201400050475,5,11,14,18,2,69,388,2,2,9,6,"21, RUE WAKATSUKI",0.0,0.0
201400050476,3,11,14,17,2,69,388,2,2,3,3,AVENUE PAUL SANTY,0.0,0.0
201400050477,10,11,14,21,5,69,388,2,1,1,3,"8, AVENUE JEAN MERMOZ",0.0,0.0
201400050478,12,11,14,10,1,69,388,2,2,2,6,"61, AVENUE DES FRERES LU",0.0,0.0
201400050479,6,11,14,16,1,69,388,2,1,1,6,"99, AVENUE DES FRERES LU",0.0,0.0
201400050480,10,11,14,11,1,69,388,2,1,1,2,"304, R PROFESSEUR MARCEL",0.0,0.0
201400050481,17,11,14,20,5,69,388,2,1,1,2,"19, RUE SAINT ROMAIN",0.0,0.0
201400050482,17,11,14,15,1,69,388,2,1,1,4,"103, BOULEVARD DES ETATS",0.0,0.0
201400050483,23,11,14,14,1,69,388,2,1,1,6,"140, RUE PROFESSEUR BEAU",0.0,0.0
201400050484,24,11,14,12,1,69,388,2,1,1,2,"195, ROUTE DE VIENNE",0.0,0.0
201400050485,24,11,14,14,1,69,388,2,1,1,6,BOULEVARD DES ETATS UNIS,0.0,0.0
201400050486,7,11,14,17,1,69,388,2,1,1,1,"2, COURS ALBERT THOMAS",0.0,0.0
201400050487,21,11,14,15,1,69,388,2,1,1,3,AVENUE JEAN MERMOZ,0.0,0.0
201400050488,28,11,14,16,1,69,388,2,1,1,6,"7, PLACE DU 11 NOVEMBRE",0.0,0.0
201400050489,30,11,14,13,1,69,388,2,3,1,1,"0, BOULEVARD DES ETATS U",0.0,0.0
201400050490,30,11,14,22,5,69,388,2,3,1,3,AVENUE BERTHELOT,0.0,0.0
201400050491,27,11,14,9,1,69,388,2,1,1,6,RUE VILLON,0.0,0.0
201400050492,1,12,14,13,1,69,388,2,1,1,2,"14, BOULEVARD AMBROISE P",0.0,0.0
201400050493,21,11,14,17,4,69,388,2,1,1,4,"60, AVENUE GENERAL FRERE",0.0,0.0
201400050494,6,12,14,19,5,69,388,2,2,1,3,RUE THOMAS BLANCHET,0.0,0.0
201400050495,6,12,14,10,1,69,388,2,3,1,6,"0, RUE PROFESSEUR TAVERN",0.0,0.0
201400050496,18,12,14,8,1,69,388,2,1,2,3,"92, BOULEVARD AMBROISE P",0.0,0.0
201400050497,18,12,14,15,1,69,388,2,2,1,3,"0, BOULEVARD PINEL",0.0,0.0
201400050498,26,12,14,15,1,69,388,2,1,1,2,AVENUE PAUL SANTY,0.0,0.0
201400050499,28,12,14,3,5,69,388,2,2,2,3,"0, RUE ANTOINE LUMIERE",0.0,0.0
201400050500,31,12,14,19,5,69,388,2,1,5,6,"90, RUE DE MONTAGNY",0.0,0.0
201400050501,15,1,14,8,1,42,44,1,1,5,4,RN88,45.39313,4.32374
201400050502,17,1,14,19,3,42,237,1,1,1,3,RN88,45.44859,4.47119
201400050503,28,1,14,14,1,42,218,1,1,1,3,RN488,45.44134,4.43619
201400050504,2,2,14,19,3,69,236,1,1,1,3,A47,0.0,0.0
201400050505,25,2,14,17,1,42,44,1,1,1,3,RN88,45.39707,4.35329
201400050506,27,2,14,13,1,42,110,1,1,1,6,RD288,45.48681,4.53833
201400050507,28,2,14,21,3,42,44,1,1,1,3,RN88,45.39253,4.32171
201400050508,28,3,14,16,1,69,91,1,1,1,3,A47,45.5826,4.74218
201400050509,23,3,14,11,1,42,207,1,1,1,3,A47,45.47728,4.49828
201400050510,9,4,14,15,1,69,228,1,1,1,2,A47,45.54099,4.64691
201400050511,22,4,14,19,1,42,218,1,1,1,7,A72,45.4644,4.38053
201400050512,26,4,14,0,3,42,44,1,1,1,6,RN88,45.39341,4.32454
201400050513,28,4,14,4,3,42,237,1,1,3,6,RN88,45.44215,4.46308
201400050514,2,5,14,19,1,42,237,1,1,2,5,RN88,45.44401,4.46506
201400050515,9,5,14,23,3,42,44,1,1,1,6,RN88,45.38979,4.31165
201400050516,22,5,14,8,1,42,44,1,1,1,4,RN88,45.39456,4.33067
201400050517,31,5,14,15,1,42,218,1,1,1,4,RN88,45.41692,4.40648
201400050518,31,5,14,22,3,42,207,1,1,1,6,A47,45.49272,4.52389
201400050519,1,6,14,2,3,42,97,1,1,1,2,A72,45.49432,4.31779
201400050520,10,6,14,19,1,42,207,1,1,3,6,RN88 CROISSANT,45.4623,4.49117
201400050521,27,6,14,16,1,42,218,1,1,1,6,RN88,45.40706,4.38297
201400050522,1,7,14,8,1,42,218,1,1,1,2,RN488,45.44232,4.43379
201400050523,7,7,14,12,1,42,207,1,1,2,6,A47,45.48738,4.50524
201400050524,7,7,14,20,1,42,110,1,1,2,7,A47,45.49382,4.54819