Num_Acc,jour,mois,an,hr,condition_eclairage,departement,commune,condition_agglomeration,intersection,condition_atmosphere,type_collision,adresse,lattitude,longitude
201400050525,13,7,14,19,1,42,218,1,9,8,2,RN88,45.41197,4.40061
201400050526,15,7,14,9,1,42,218,1,1,1,4,A72,45.46593,4.39111
201400050527,18,7,14,18,1,42,330,1,1,1,3,A72,45.47514,4.36013
201400050528,27,7,14,0,3,42,218,1,1,1,2,RN88,45.40696,4.38159
201400050529,13,8,14,8,1,42,110,1,1,8,2,A47,45.4949,4.55449
201400050530,19,8,14,20,1,42,218,1,1,1,6,A72,45.46394,4.38344
201400050531,17,8,14,1,3,42,218,1,1,1,1,A72,45.45283,4.4159
201400050532,13,9,14,6,3,42,186,1,1,1,6,A47,45.53715,4.6349
201400050533,14,9,14,14,1,42,218,1,1,1,7,A72,45.45241,4.41707
201400050534,17,9,14,14,1,42,218,1,1,1,2,RN88,45.42909,4.41643
201400050535,2,10,14,19,1,42,218,1,1,1,6,A72,45.45584,4.41103
201400050536,9,10,14,13,1,42,123,1,1,1,6,A47,45.51445,4.57297
201400050537,15,10,14,13,1,42,183,1,1,1,4,RN88,45.40575,4.37959
201400050538,18,10,14,12,1,42,207,1,1,1,6,RN88 DECROISSANT,45.4575,4.48417
201400050539,12,10,14,15,1,42,237,1,1,3,2,RN88,45.4463,4.46743
201400050540,25,10,14,21,5,42,218,1,1,2,6,A72,45.46407,4.38193
201400050541,31,10,14,19,3,69,252,1,1,1,6,A47,0.0,0.0
201400050542,15,9,14,8,1,42,275,1,1,1,6,A72,45.46809,4.37625
201400050543,6,11,14,17,3,42,218,1,1,1,2,RN88,45.40639,4.38074
201400050544,6,11,14,18,3,42,44,1,1,1,2,RN88,45.39524,4.33879
201400050545,8,11,14,13,1,42,218,1,1,1,7,RN88,45.40705,4.3816
201400050546,18,11,14,16,1,42,44,1,1,1,6,RN88,45.39594,4.34422
201400050547,29,9,14,12,1,42,237,1,1,2,2,RN88,45.44562,4.46639
201400050548,30,11,14,0,3,42,237,1,1,5,6,RN88,45.4489,4.47167
201400050549,1,12,14,18,3,42,110,1,1,1,2,A47,45.49408,4.55146
201400050550,7,12,14,15,1,42,218,1,1,8,6,A72,45.4359,4.4334
201400050551,9,12,14,12,1,42,97,1,1,1,6,A72,45.49753,4.31358
201400050552,4,12,14,9,1,42,218,1,1,5,4,A72,45.46521,4.38798
201400050553,25,12,14,16,1,42,237,1,1,1,3,RN88,45.44238,4.46339
201400050554,30,12,14,6,3,42,218,1,1,1,3,RN88,45.43407,4.42091
201400050555,2,1,14,9,1,69,33,1,1,2,7,A46N   17.210 A 18.490,0.0,0.0
201400050556,2,1,14,11,1,69,290,1,1,1,7,A46S   40.883 A 43.680,0.0,0.0
201400050557,2,1,14,14,1,69,29,1,1,8,7,RD383   7.640 A 11.044,0.0,0.0
201400050558,3,1,14,13,1,69,199,1,1,2,6,RD383   14.250 A 18.000,0.0,0.0
201400050559,3,1,14,23,5,69,382,1,1,2,6,A7   0.000 A 2.278,0.0,0.0
201400050560,4,1,14,11,1,69,256,1,1,2,7,A42     0.560 A 4.020,0.0,0.0
201400050561,4,1,14,16,1,38,336,1,1,3,2,A7   32.870 A 35.680,0.0,0.0
201400050562,4,1,14,18,3,38,336,1,1,8,7,A7   32.870 A 35.680,0.0,0.0
201400050563,6,1,14,7,5,38,544,1,1,1,7,A7   25.770 A 27.460,0.0,0.0
201400050564,6,1,14,8,1,69,266,1,1,1,2,RD383   3.750 A 7.640,0.0,0.0
201400050565,18,1,14,13,1,38,87,1,1,1,7,A7  PR 22+100,45.57285,4.81037
201400050566,3,1,14,16,1,69,29,1,1,8,7,RD383   7.640 A 11.044,0.0,0.0
201400050567,8,1,14,15,1,69,34,1,1,1,3,RD383   0.000 A 1.165,0.0,0.0
201400050568,10,1,14,8,1,69,29,1,1,1,6,RD383   7.640 A 11.044,0.0,0.0
201400050569,11,1,14,14,1,69,116,1,1,1,5,A6   447.390 A 447.520,0.0,0.0
201400050570,12,1,14,4,5,69,199,1,1,1,6,A7   7.000 A 8.630,0.0,0.0
201400050571,14,1,14,5,5,69,29,1,1,1,6,RD383   7.640 A 11.044,0.0,0.0
201400050572,14,1,14,6,5,69,142,1,1,1,7,A7   2.278 A 3.690,0.0,0.0
201400050573,14,1,14,9,1,69,290,1,1,1,6,A43   3.865 A 9.894,0.0,0.0
201400050574,16,1,14,18,4,69,81,1,1,2,5,A6   449.510 A 451.640,0.0,0.0
201400050575,17,1,14,7,2,69,266,1,1,1,6,RD383   3.750 A 7.640,0.0,0.0
201400050576,17,1,14,18,3,69,29,1,1,1,2,A43   0.550 A 3.353,0.0,0.0
201400050577,17,1,14,18,5,69,266,1,1,1,4,RD383   3.750 A 7.640,0.0,0.0
201400050578,17,1,14,23,3,69,279,1,1,1,6,RD302   5.000 A 6.350,0.0,0.0
201400050579,18,1,14,6,5,69,385,1,9,1,7,A6   453.400 A 455.000,0.0,0.0
201400050580,19,1,14,11,1,69,256,1,1,2,2,A42     0.560 A 4.020,0.0,0.0
201400050581,20,1,14,16,1,69,266,1,1,1,7,RD383   3.750 A 7.640,0.0,0.0
201400050582,22,1,14,0,5,69,266,1,1,1,7,RD383   3.750 A 7.640,0.0,0.0
201400050583,22,1,14,16,1,69,273,1,1,1,3,BUS (RD301)   4.470 A 7.,0.0,0.0
201400050584,22,1,14,23,3,38,336,1,1,2,6,A7   32.870 A 35.680,0.0,0.0
201400050585,23,1,14,4,5,69,389,1,1,1,2,A6   451.790 A 453.400,0.0,0.0
201400050586,23,1,14,16,1,69,297,1,1,1,3,A47,0.0,0.0
201400050587,24,1,14,15,1,69,282,1,1,1,7,RD302   0.000 A 4.000,0.0,0.0
201400050588,26,1,14,16,1,69,266,1,1,1,5,RD383   3.750 A 7.640,0.0,0.0
201400050589,27,1,14,4,5,69,382,1,9,2,6,A7   0.000 A 2.278,0.0,0.0
201400050590,29,1,14,9,1,69,382,1,1,1,2,A7   0.000 A 2.278,0.0,0.0
201400050591,1,2,14,16,1,69,382,1,1,2,7,A7   0.000 A 2.278,0.0,0.0
201400050592,3,2,14,6,5,69,276,1,1,1,7,BUS (RD301)   0.000 A 2.,0.0,0.0
201400050593,3,2,14,8,1,69,288,1,1,1,3,A43   13.029 A 15.971,0.0,0.0
201400050594,4,2,14,6,5,69,34,1,1,2,3,BPNL   37.781 A 41.124,0.0,0.0
201400050595,4,2,14,8,2,69,29,1,1,2,6,RD383   7.640 A 11.044,0.0,0.0
201400050596,4,2,14,7,2,69,199,1,1,2,4,RD383   14.250 A 18.000,0.0,0.0
201400050597,5,2,14,17,1,69,29,1,1,2,3,A43   0.550 A 3.353,0.0,0.0
201400050598,6,2,14,9,1,69,297,1,1,1,6,A7   15.770 A 20.110,0.0,0.0
201400050599,6,2,14,11,1,69,266,1,1,1,1,RD383   3.750 A 7.640,0.0,0.0
201400050600,8,2,14,1,5,69,81,1,1,8,2,A6   449.510 A 451.640,0.0,0.0
201400050601,8,2,14,3,3,69,283,1,0,1,3,,0.0,0.0
201400050602,8,2,14,9,1,69,389,1,1,1,2,BPNL   34.614 A 36.285,0.0,0.0
201400050603,10,2,14,16,1,69,29,1,1,8,6,RD383   7.640 A 11.044,0.0,0.0
201400050604,11,2,14,8,1,69,290,1,1,1,6,A43   3.865 A 9.894,0.0,0.0
201400050605,12,2,14,8,1,69,297,1,1,1,3,A47   0.000  A 1.657,0.0,0.0
201400050606,14,2,14,17,1,69,29,1,1,1,2,A43   0.550 A 3.353,0.0,0.0
201400050607,16,2,14,1,5,38,544,1,3,3,6,N7 / F. Bonnier,45.53206,4.87402
201400050608,16,2,14,5,5,69,29,1,1,1,6,RD383   7.640 A 11.044,0.0,0.0
201400050609,17,2,14,17,1,69,285,1,1,1,4,RD302   4.620 A 5.000,0.0,0.0
201400050610,19,2,14,7,2,69,199,1,1,1,2,A7   7.000 A 8.630,0.0,0.0
201400050611,19,2,14,14,1,69,290,1,1,1,3,RN346   38.960 A 40.883,0.0,0.0
201400050612,20,2,14,13,1,69,279,1,1,1,2,RD302   5.000 A 6.350,0.0,0.0
201400050613,21,2,14,8,1,69,100,1,1,2,5,A450   1.090 A 1.740,0.0,0.0
201400050614,21,2,14,21,3,69,29,1,1,1,4,RD383   7.640 A 11.044,0.0,0.0
201400050615,22,2,14,16,1,69,295,1,1,1,7,A46S   53.980 A 57.400,0.0,0.0
201400050616,23,2,14,1,3,69,297,1,1,1,2,A7   15.770 A 20.110,0.0,0.0
201400050617,26,2,14,5,4,69,275,1,1,3,7,RN346   29.300 A 34.350,0.0,0.0
201400050618,26,2,14,9,1,69,29,1,1,2,7,RD383   7.640 A 11.044,0.0,0.0
201400050619,26,2,14,13,1,10,275,1,1,1,2,A42  4.020 A 4.353   GEN,0.0,0.0
201400050620,26,2,14,12,1,69,29,1,1,2,4,RD383   7.640 A 11.044,0.0,0.0
201400050621,28,2,14,10,1,69,29,1,1,2,2,RD383   7.640 A 11.044,0.0,0.0
201400050622,28,2,14,17,1,69,29,1,1,1,2,A43   0.550 A 3.353,0.0,0.0
201400050623,2,3,14,15,1,69,296,1,1,1,7,A7   10.992 A 13.970,0.0,0.0
201400050624,2,3,14,16,1,69,275,1,1,1,7,RN346   29.300 A 34.350,0.0,0.0
201400050625,4,3,14,1,4,69,152,1,1,2,1,A7   4.270 A 7.000,0.0,0.0
201400050626,4,3,14,6,2,69,256,1,1,2,7,A42     0.560 A 4.020,0.0,0.0
201400050627,5,3,14,13,1,69,199,1,1,1,3,A7   7.000 A 8.630,0.0,0.0
201400050628,5,3,14,18,1,69,282,1,1,1,5,RN346   34.350 A 34.850,0.0,0.0
201400050629,6,3,14,8,1,69,199,1,1,1,5,RD383   14.250 A 18.000,0.0,0.0
201400050630,6,3,14,9,1,69,273,1,1,1,4,BUS (RD301)   4.470 A 7.,0.0,0.0
201400050631,6,3,14,10,1,69,273,1,1,1,4,BUS (RD301)   4.470 A 7.,0.0,0.0
201400050632,6,3,14,19,3,69,72,1,1,1,2,A6   445.323 A 447.390,0.0,0.0
201400050633,7,3,14,1,3,69,72,1,1,1,7,A6   445.323 A 447.390,0.0,0.0
201400050634,8,3,14,18,3,69,117,1,1,1,7,A6   439.400 A 442.500,0.0,0.0
201400050635,10,3,14,8,1,69,283,1,1,1,4,A46S   43.680 A 47.880,0.0,0.0
201400050636,13,3,14,12,1,38,336,1,1,1,3,A7   32.870 A 35.680,0.0,0.0
201400050637,15,3,14,9,1,38,449,1,1,1,3,zone de péage,45.64939,5.1172
201400050638,16,3,14,22,4,38,544,1,3,1,4,31 j jaures/pl st mauric,45.52474,4.87118
201400050639,17,3,14,8,1,69,204,1,1,1,2,A450   1.740 A 5.100,0.0,0.0
201400050640,18,3,14,7,1,69,199,1,1,1,6,RD383   14.250 A 18.000,0.0,0.0
201400050641,20,3,14,7,1,69,34,1,1,1,4,BPNL   37.781 A 41.124,0.0,0.0
201400050642,21,3,14,9,1,38,544,1,3,1,3,RN7   5.180 A 10.000,45.527,4.87299
201400050643,22,3,14,7,1,69,125,1,1,3,2,A6   437.840 A 439.400,0.0,0.0
201400050644,22,3,14,12,1,69,256,1,1,2,6,A42     0.560 A 4.020,0.0,0.0
201400050645,22,3,14,12,1,69,256,1,1,2,6,A42     0.560 A 4.020,0.0,0.0
201400050646,22,3,14,23,5,69,152,1,1,1,7,A7   4.270 A 7.000,0.0,0.0
201400050647,23,3,14,20,3,69,256,1,1,2,7,RN346  S/N   25.686 A 29,0.0,0.0
201400050648,24,3,14,2,3,69,288,1,1,1,6,A432,0.0,0.0
201400050649,24,3,14,16,1,69,29,1,1,1,3,RD383   7.640 A 11.044,0.0,0.0
201400050650,15,3,14,11,1,69,290,1,1,1,4,RN346   38.960 A 40.883,0.0,0.0
201400050651,26,3,14,9,1,69,256,1,1,1,4,RN346  N/S  25.736 A 29.,0.0,0.0
201400050652,27,3,14,9,1,69,29,1,1,1,4,A43   0.550 A 3.353,0.0,0.0
201400050653,27,3,14,10,1,69,27,1,1,1,6,A450   5.100 A 7.285,0.0,0.0
201400050654,30,3,14,19,1,69,199,1,1,1,2,RD383   14.250 A 18.000,0.0,0.0
201400050655,3,4,14,8,1,69,259,1,1,1,3,RD383   11.750 A 14.250,0.0,0.0
201400050656,3,3,14,18,1,69,27,1,1,1,3,A450   5.100 A 7.285,0.0,0.0
201400050657,4,3,14,17,2,69,266,1,1,1,4,RD383   3.750 A 7.640,0.0,0.0
201400050658,21,3,14,18,1,69,40,1,1,1,2,A6   447.520 A 448.490,0.0,0.0
201400050659,22,3,14,17,1,69,152,1,1,1,7,A450   0.000 A 1.090,0.0,0.0
201400050660,31,3,14,23,3,69,271,1,1,1,3,RN346   34.850 A 36.215,0.0,0.0
201400050661,6,4,14,23,3,69,294,1,1,1,7,A7   13.970 A 15.270,0.0,0.0
201400050662,7,4,14,9,1,69,256,1,1,1,2,A42     0.560 A 4.020,0.0,0.0
201400050663,4,4,14,21,3,38,487,1,1,1,6,A7 PK 23+100,45.56551,4.81757
201400050664,8,4,14,9,1,69,199,1,1,2,6,RD383   14.250 A 18.000,0.0,0.0
201400050665,10,4,14,7,1,69,266,1,1,1,2,RD383 2.321 A 3.750,0.0,0.0
201400050666,14,4,14,4,5,69,272,1,1,1,2,A46S   57.400 A 61.010,0.0,0.0
201400050667,14,4,14,14,1,69,199,1,1,1,3,RD383   14.250 A 18.000,0.0,0.0
201400050668,15,4,14,0,3,69,142,1,1,1,7,A7   2.278 A 3.690,0.0,0.0
201400050669,16,4,14,8,1,38,184,1,1,1,3,A43   15.971 A 18.875,0.0,0.0
201400050670,16,4,14,8,1,69,276,1,1,1,2,A7   8.630 A 10.992,0.0,0.0
201400050671,7,4,14,17,1,69,382,1,1,1,4,A7   0.000 A 2.278,0.0,0.0
201400050672,15,4,14,9,1,69,256,1,1,1,3,A42     0.560 A 4.020,0.0,0.0
201400050673,22,4,14,8,1,69,288,1,1,1,1,A43   13.029 A 15.971,0.0,0.0
201400050674,22,4,14,8,1,69,288,1,1,1,5,,0.0,0.0
201400050675,23,4,14,5,5,38,544,1,1,2,6,A7   25.770 A 27.460,0.0,0.0
201400050676,25,4,14,22,3,69,152,1,1,1,2,A7   4.270 A 7.000,0.0,0.0
201400050677,25,4,14,0,3,69,271,1,1,1,7,RN346   38.000 A 38.960,0.0,0.0
201400050678,25,4,14,8,1,69,382,1,1,8,6,A7   0.000 A 2.278,0.0,0.0
201400050679,27,4,14,7,2,69,271,1,1,1,6,RD302   0.000 A 0.400,0.0,0.0
201400050680,1,4,14,17,1,69,81,1,1,1,2,Bretelle sortie Ecully,0.0,0.0
201400050681,24,4,14,7,1,69,286,1,1,1,4,A46N   19.955 A 25.180,0.0,0.0
201400050682,26,4,14,8,1,69,29,1,1,1,3,RD383   7.640 A 11.044,0.0,0.0
201400050683,30,4,14,18,1,69,388,1,1,1,4,RD383   11.460 A 11.750,0.0,0.0
201400050684,2,5,14,23,4,69,266,1,1,2,5,RD383   3.750 A 7.640,0.0,0.0
201400050685,8,4,14,19,1,69,290,1,1,1,2,A43   3.865 A 9.894,0.0,0.0
201400050686,8,5,14,7,1,69,276,1,1,1,6,BUS (RD301)   0.000 A 2.,0.0,0.0
201400050687,8,5,14,12,1,69,72,1,1,1,4,A6   445.323 A 447.390,0.0,0.0
201400050688,19,3,14,19,5,69,266,1,1,1,4,RD383   3.750 A 7.640,0.0,0.0
201400050689,9,5,14,11,1,69,389,1,1,1,4,BPNL   36.318 A 37.781,0.0,0.0
201400050690,10,5,14,8,1,69,266,1,1,1,7,RD383   3.750 A 7.640,0.0,0.0
201400050691,12,4,14,21,3,10,376,1,1,1,2,A 42,45.8167,4.97752
201400050692,13,5,14,12,1,69,115,1,9,1,3,A6   427.300 A 428.640,0.0,0.0
201400050693,14,5,14,6,1,69,288,1,1,1,7,A43   13.029 A 15.971,0.0,0.0
201400050694,14,5,14,7,1,69,281,1,1,1,4,A46S   49.160 A 53.980,0.0,0.0
201400050695,29,4,14,15,1,69,286,1,1,1,4,A46N   19.955 A 25.180,0.0,0.0
201400050696,16,5,14,17,1,69,277,1,1,1,2,RN346   36.215 A 38.000,0.0,0.0
201400050697,14,5,14,17,1,69,266,1,1,1,2,RD383   3.750 A 7.640,0.0,0.0
201400050698,21,5,14,10,1,69,142,1,1,8,3,A7   2.278 A 3.690,0.0,0.0
201400050699,21,5,14,14,1,69,389,1,1,1,2,A6   451.790 A 453.400,0.0,0.0
201400050700,22,5,14,7,1,69,29,1,1,1,4,A43   0.550 A 3.353,0.0,0.0
201400050701,23,5,14,8,1,69,259,1,1,1,2,BUS (RD301)  2.800 A 4.4,0.0,0.0
201400050702,24,5,14,8,1,69,34,1,1,1,7,RD383   0.000 A 1.165,0.0,0.0
201400050703,27,5,14,19,1,69,256,1,1,1,2,RD383   1.893 A 2.321,0.0,0.0
201400050704,22,4,14,18,1,69,266,1,1,1,7,RD383   3.750 A 7.640,0.0,0.0
201400050705,8,6,14,11,1,69,72,1,1,1,2,A6   445.323 A 447.390,0.0,0.0
201400050706,3,6,14,8,1,69,259,1,1,1,3,RD383   11.750 A 14.250,0.0,0.0
201400050707,31,5,14,15,1,38,544,1,4,1,2,D1407 PR2 / q rey,45.53621,4.86974
201400050708,3,6,14,8,1,69,34,1,1,1,3,RD383   0.000 A 1.165,0.0,0.0
201400050709,4,6,14,8,1,69,266,1,1,1,5,RD383   3.750 A 7.640,0.0,0.0
201400050710,5,6,14,0,3,69,296,1,1,1,2,A7   10.992 A 13.970,0.0,0.0
201400050711,11,5,14,13,1,38,487,1,1,1,7,A7   22.950 A 25.770,0.0,0.0
201400050712,8,6,14,13,1,69,266,1,1,1,4,RD383   3.750 A 7.640,0.0,0.0
201400050713,8,6,14,0,3,69,259,1,1,1,1,RD383   11.750 A 14.250,0.0,0.0
201400050714,8,6,14,19,1,69,256,1,1,1,7,A42     0.560 A 4.020,0.0,0.0
201400050715,11,6,14,17,1,69,259,1,1,1,2,RD383   11.750 A 14.250,0.0,0.0
201400050716,13,6,14,7,1,69,29,1,1,1,2,A43   3.353 A 3.865,0.0,0.0
201400050717,14,6,14,17,1,69,266,1,1,1,7,RD383   3.750 A 7.640,0.0,0.0
201400050718,13,6,14,19,1,69,40,1,1,1,2,A6   447.520 A 448.490,0.0,0.0
201400050719,10,6,14,18,1,69,290,1,1,1,7,A43   3.865 A 9.894,0.0,0.0
201400050720,14,6,14,4,3,69,287,1,1,1,4,A43   9.894 A 13.029,0.0,0.0
201400050721,16,6,14,12,1,69,259,1,1,1,2,RD383   11.0044 A 11.460,0.0,0.0
201400050722,18,6,14,7,1,10,275,1,1,1,2,A46N 25.180 A 25.680,0.0,0.0
201400050723,17,6,14,8,1,69,81,1,1,1,4,A6   448.490 A 449.450,0.0,0.0
201400050724,8,8,14,18,1,69,273,1,1,1,6,BUS (RD301)   4.470 A 7.,0.0,0.0
201400050725,21,6,14,14,1,38,544,1,6,1,3,inter crs Brillier,45.52226,4.86897
201400050726,30,5,14,15,1,69,34,1,1,1,3,BPNL   37.781 A 41.124,0.0,0.0
201400050727,24,6,14,9,1,69,275,1,1,8,2,RN346   29.300 A 34.350,0.0,0.0
201400050728,23,6,14,18,1,69,149,1,1,1,2,A7   3.690 A 4.270,0.0,0.0
201400050729,24,6,14,14,1,69,199,1,1,1,2,RD383   14.250 A 18.000,0.0,0.0
201400050730,25,6,14,10,1,38,544,1,1,1,3,A7   25.770 A 27.460,0.0,0.0
201400050731,27,6,14,15,1,69,266,1,1,1,4,RD383   3.750 A 7.640,0.0,0.0
201400050732,29,6,14,7,1,69,382,1,1,1,6,A7   0.000 A 2.278,0.0,0.0
201400050733,29,6,14,7,1,69,29,1,1,2,6,A43   0.550 A 3.353,0.0,0.0
201400050734,29,6,14,10,1,69,288,1,1,2,7,A43   13.029 A 15.971,0.0,0.0
201400050735,30,6,14,15,1,69,29,1,1,1,2,RD383   7.640 A 11.044,0.0,0.0
201400050736,19,6,14,17,1,69,259,1,1,1,2,RD383   11.750 A 14.250,0.0,0.0
201400050737,30,6,14,22,3,69,91,1,1,1,7,A47   1.657 A 1.809,0.0,0.0
201400050738,2,7,14,11,1,10,275,1,1,2,3,A46N  N/S   25.700 A 25.,0.0,0.0
201400050739,4,7,14,23,3,69,27,1,1,2,5,A450   5.100 A 7.285,0.0,0.0
201400050740,5,7,14,4,3,69,297,1,1,1,6,A47,0.0,0.0
201400050741,2,7,14,11,1,69,383,1,1,2,6,A43   0.000 A 0.550,0.0,0.0
201400050742,7,7,14,18,1,38,544,1,1,3,4,D1407  1+500,45.53807,4.86556
201400050743,7,7,14,10,1,38,544,1,2,2,4,quai Pajot/J. Jaures,45.52805,4.87386
201400050744,11,7,14,6,1,38,544,1,1,1,2,A7   25.770 A 27.460,0.0,0.0
201400050745,22,5,14,21,2,69,199,1,1,1,7,A7   7.000 A 8.630,0.0,0.0
201400050746,22,6,14,4,4,69,389,1,1,1,2,A6   451.790 A 453.400,0.0,0.0
201400050747,12,7,14,4,3,69,288,1,4,1,2,A43   13.029 A 15.971,0.0,0.0
201400050748,7,7,14,12,1,69,382,1,1,2,2,A7   0.000 A 2.278,0.0,0.0
201400050749,14,7,14,6,2,69,256,1,1,3,7,A42     0.560 A 4.020,0.0,0.0
201400050750,7,7,14,6,2,69,385,1,1,2,7,A6   453.400 A 455.000,0.0,0.0
201400050751,13,7,14,19,1,69,29,1,1,8,3,RD383   7.640 A 11.044,0.0,0.0
201400050752,13,7,14,8,1,69,266,1,1,2,7,A42   0.000 A 0.560,0.0,0.0
201400050753,15,7,14,9,1,69,276,1,1,1,2,BUS (RD301)   0.000 A 2.,0.0,0.0
201400050754,16,7,14,7,1,69,295,1,1,1,3,A46S   53.980 A 57.400,0.0,0.0
201400050755,16,7,14,20,1,69,152,1,1,1,4,A7   4.270 A 7.000,0.0,0.0
201400050756,15,7,14,23,3,69,288,1,1,1,3,A43   13.029 A 15.971,0.0,0.0
201400050757,11,7,14,19,1,69,7,1,1,1,7,A7   31.960 A 32.870,0.0,0.0
201400050758,4,6,14,13,1,69,276,1,1,2,6,BUS (RD301)   0.000 A 2.,0.0,0.0
201400050759,19,7,14,12,1,69,152,1,1,1,1,A7   4.270 A 7.000,0.0,0.0
201400050760,20,7,14,21,3,69,288,1,1,2,7,A43   13.029 A 15.971,0.0,0.0
201400050761,3,6,14,4,3,69,273,1,1,1,7,BUS (RD301)   7.000 A 7.,0.0,0.0
201400050762,21,7,14,5,3,69,29,1,1,2,7,A43   0.550 A 3.353,0.0,0.0
201400050763,21,7,14,5,3,69,29,1,1,2,3,A43   0.550 A 3.353,0.0,0.0
201400050764,21,7,14,15,1,69,100,1,1,3,6,A450   1.090 A 1.740,0.0,0.0
201400050765,21,7,14,11,1,69,266,1,1,2,3,RD383   3.750 A 7.640,0.0,0.0
201400050766,21,7,14,12,1,69,266,1,1,2,7,RD383   3.750 A 7.640,0.0,0.0
201400050767,21,7,14,7,1,69,29,1,1,2,2,RD383   7.640 A 11.044,0.0,0.0
201400050768,21,7,14,11,1,69,256,1,1,3,3,RN346  S/N   25.686 A 29,0.0,0.0
201400050769,22,7,14,20,1,69,389,1,1,1,6,A6   451.790 A 453.400,0.0,0.0
201400050770,28,6,14,1,3,38,487,1,1,1,3,A7   22.950 A 25.770,0.0,0.0
201400050771,21,7,14,12,1,69,256,1,1,2,6,RN346  N/S  25.736 A 29.,0.0,0.0
201400050772,20,7,14,19,1,69,389,1,1,1,7,A6   451.790 A 453.400,0.0,0.0
201400050773,21,7,14,23,3,69,117,1,1,1,2,A6   439.400 A 442.500,0.0,0.0
201400050774,24,7,14,9,1,69,275,1,1,1,4,RN346   29.300 A 34.350,0.0,0.0
201400050775,26,7,14,19,1,38,487,1,1,2,3,A7   22.950 A 25.770,0.0,0.0
201400050776,6,7,14,17,1,69,290,1,1,1,3,A43   3.865 A 9.894,0.0,0.0
201400050777,18,7,14,17,1,69,256,1,1,1,3,A42     0.560 A 4.020,0.0,0.0
201400050778,23,7,14,13,1,69,266,1,1,1,7,RD383   1.165 A 1.893,0.0,0.0
201400050779,30,7,14,8,1,69,256,1,9,3,6,A42     0.560 A 4.020,0.0,0.0
201400050780,22,7,14,7,1,69,199,1,1,1,4,A7   7.000 A 8.630,0.0,0.0
201400050781,22,7,14,8,1,69,199,1,1,1,3,RD383   14.250 A 18.000,0.0,0.0
201400050782,28,7,14,16,1,38,87,1,1,1,5,A7   20.110 A 22.950,0.0,0.0
201400050783,30,7,14,21,2,69,297,1,1,1,5,A7   15.770 A 20.110,0.0,0.0
201400050784,3,8,14,0,3,69,271,1,1,8,7,RN346   38.000 A 38.960,0.0,0.0
201400050785,18,6,14,16,1,69,290,1,1,1,6,A46S   40.883 A 43.680,0.0,0.0
201400050786,20,7,14,19,1,69,72,1,1,3,2,A6   445.323 A 447.390,0.0,0.0
201400050787,29,7,14,13,1,69,29,1,1,2,7,A43   0.550 A 3.353,0.0,0.0
201400050788,4,8,14,7,1,69,55,1,1,1,6,A6   435.100 A 437.840,0.0,0.0
201400050789,5,8,14,4,3,69,279,1,1,1,6,RD302   5.000 A 6.350,0.0,0.0
201400050790,7,8,14,17,1,69,275,1,1,1,3,RN346   29.300 A 34.350,0.0,0.0
201400050791,7,8,14,21,5,69,152,1,1,1,7,A7   4.270 A 7.000,0.0,0.0
201400050792,4,8,14,17,1,69,266,1,1,2,6,RD383   3.750 A 7.640,0.0,0.0
201400050793,11,7,14,19,1,69,290,1,1,1,4,RN346   38.960 A 40.883,0.0,0.0
201400050794,14,8,14,13,1,69,290,1,1,1,2,A46S   40.883 A 43.680,0.0,0.0
201400050795,13,8,14,16,1,69,189,1,1,1,5,A7   28.860 A 29.920,0.0,0.0
201400050796,29,7,14,19,1,69,382,1,1,1,4,A6   455.000 A 455.875,0.0,0.0
201400050797,15,8,14,21,3,69,287,1,1,1,6,A43   9.894 A 13.029,0.0,0.0
201400050798,7,7,14,19,1,69,193,1,1,1,5,A7   29.920 A 31.960,0.0,0.0
201400050799,15,8,14,4,5,69,199,1,1,2,6,A7   7.000 A 8.630,0.0,0.0
201400050800,22,8,14,13,1,69,259,1,1,1,2,RD383   11.0044 A 11.460,0.0,0.0
201400050801,29,7,14,13,1,38,336,1,3,1,2,RN7 / D1007,45.49713,4.84063
201400050802,24,8,14,5,3,38,87,1,1,1,6,A7   20.110 A 22.950,0.0,0.0
201400050803,21,8,14,18,1,69,385,1,1,1,4,A6   453.400 A 455.000,0.0,0.0
201400050804,17,5,14,17,1,69,27,1,1,1,5,A450   5.100 A 7.285,0.0,0.0
201400050805,26,8,14,16,1,69,152,1,1,1,2,A7   4.270 A 7.000,0.0,0.0
201400050806,26,8,14,11,1,10,248,1,1,2,6,A46N   14.305 A 17.210,45.8864,4.89401
201400050807,27,8,14,13,1,38,449,1,1,1,1,A43   18.875 A 21.100,0.0,0.0
201400050808,22,8,14,16,1,10,249,1,1,1,7,A42   6.290 A 8.310,45.814,4.95166
201400050809,29,8,14,20,1,69,266,1,1,2,4,RD383 2.321 A 3.750,0.0,0.0
201400050810,5,8,14,17,1,69,297,1,1,1,3,A47   0.000  A 1.657,0.0,0.0
201400050811,29,8,14,17,1,38,544,1,1,2,4,A7N PK 26+400,45.54342,4.84433