Num_Acc,jour,mois,an,hr,condition_eclairage,departement,commune,condition_agglomeration,intersection,condition_atmosphere,type_collision,adresse,lattitude,longitude
201400050812,4,9,14,4,3,69,55,1,1,1,6,A6   435.100 A 437.840,0.0,0.0
201400050813,22,8,14,8,1,69,382,1,1,1,6,A7   0.000 A 2.278,0.0,0.0
201400050814,6,9,14,0,3,38,87,1,1,1,7,A7   20.110 A 22.950,45.58365,4.8004
201400050815,12,9,14,6,3,10,249,1,1,1,2,A42   6.290 A 8.310,45.8145,4.9555
201400050816,12,9,14,17,1,69,199,1,1,1,3,RD383   14.250 A 18.000,0.0,0.0
201400050817,12,9,14,21,5,69,266,1,1,1,3,RD383   3.750 A 7.640,0.0,0.0
201400050818,4,9,14,10,1,69,199,1,1,1,3,RD383   14.250 A 18.000,0.0,0.0
201400050819,7,9,14,7,2,69,276,1,1,1,7,A7   8.630 A 10.992,0.0,0.0
201400050820,14,9,14,19,1,38,544,1,1,1,3,RN7   PK6+000,45.52736,4.87331
201400050821,9,9,14,18,1,69,382,1,1,1,4,A7   0.000 A 2.278,0.0,0.0
201400050822,8,9,14,9,1,69,81,1,1,1,4,A6   448.490 A 449.450,0.0,0.0
201400050823,14,9,14,12,1,69,256,1,1,1,3,A42     0.560 A 4.020,0.0,0.0
201400050824,15,9,14,7,1,69,199,1,1,1,4,RD383   14.250 A 18.000,0.0,0.0
201400050825,17,9,14,5,3,69,259,1,1,1,3,BUS (RD301)  2.800 A 4.4,0.0,0.0
201400050826,17,9,14,20,5,69,382,1,1,1,3,A7   0.000 A 2.278,0.0,0.0
201400050827,18,9,14,7,1,69,382,1,1,1,7,A7   0.000 A 2.278,0.0,0.0
201400050828,7,9,14,4,3,69,297,1,1,1,6,A7   15.770 A 20.110,0.0,0.0
201400050829,19,9,14,17,1,69,297,1,1,1,5,A47   0.000  A 1.657,0.0,0.0
201400050830,19,9,14,17,1,69,297,1,1,1,5,,0.0,0.0
201400050831,21,9,14,15,1,69,266,1,1,1,7,RD383   1.165 A 1.893,0.0,0.0
201400050832,21,9,14,13,1,69,152,1,1,2,6,A450   0.000 A 1.090,0.0,0.0
201400050833,22,9,14,10,1,69,275,1,1,1,6,RN346   29.300 A 34.350,0.0,0.0
201400050834,23,9,14,13,1,69,55,1,1,1,3,A6   435.100 A 437.840,0.0,0.0
201400050835,23,9,14,18,1,69,266,1,1,1,2,RD383   3.750 A 7.640,0.0,0.0
201400050836,19,9,14,14,1,69,91,1,1,1,6,A47,0.0,0.0
201400050837,19,9,14,15,1,69,297,1,1,1,5,A7   15.770 A 20.110,0.0,0.0
201400050838,18,9,14,8,1,69,199,1,1,1,2,A7   7.000 A 8.630,0.0,0.0
201400050839,15,9,14,10,1,38,87,1,1,1,5,A7N  PK  20+335,45.58486,4.80005
201400050840,26,9,14,17,1,69,266,1,1,1,1,RD383   3.750 A 7.640,0.0,0.0
201400050841,26,9,14,18,1,38,544,1,1,1,2,"31, RN7   5.180 A 10.000",0.0,0.0
201400050842,26,9,14,20,3,69,297,1,1,1,2,A7   15.770 A 20.110,0.0,0.0
201400050843,29,9,14,12,1,69,256,1,1,2,7,A42     0.560 A 4.020,0.0,0.0
201400050844,24,9,14,9,1,69,270,1,1,1,4,A46S   47.880 A 49.160,0.0,0.0
201400050845,30,9,14,16,1,69,256,1,1,1,4,RD383   1.893 A 2.321,0.0,0.0
201400050846,16,9,14,12,1,69,199,1,1,1,3,RD383   14.250 A 18.000,0.0,0.0
201400050847,28,9,14,19,2,69,29,1,1,1,4,A43   0.550 A 3.353,0.0,0.0
201400050848,3,10,14,17,1,69,382,1,1,1,5,A7   0.000 A 2.278,0.0,0.0
201400050849,30,9,14,18,1,69,389,1,1,1,4,BPNL   36.318 A 37.781,0.0,0.0
201400050850,20,9,14,12,1,69,72,1,1,1,4,A6   445.323 A 447.390,0.0,0.0
201400050851,4,10,14,14,1,69,256,1,1,1,4,RN346  S/N   25.686 A 29,0.0,0.0
201400050852,16,5,14,16,1,69,266,1,1,1,7,RD383   3.750 A 7.640,0.0,0.0
201400050853,30,9,14,20,5,69,266,1,1,1,4,RD383   1.165 A 1.893,0.0,0.0
201400050854,4,10,14,7,1,38,544,1,7,1,5,D1407  PK 0+100,45.54232,4.84949
201400050855,5,10,14,21,5,69,29,1,1,1,7,RD383   7.640 A 11.044,0.0,0.0
201400050856,7,10,14,22,5,69,29,1,1,2,6,RD383   7.640 A 11.044,0.0,0.0
201400050857,7,10,14,7,2,69,199,1,1,1,5,RD383   14.250 A 18.000,0.0,0.0
201400050858,7,10,14,18,1,69,259,1,1,2,2,BUS (RD301)  2.800 A 4.4,0.0,0.0
201400050859,4,10,14,15,1,38,336,1,1,1,2,A7N PK 34+000,47.233,0.442
201400050860,9,10,14,17,1,69,272,1,1,3,5,A46S   57.400 A 61.010,0.0,0.0
201400050861,9,10,14,22,4,69,266,1,1,2,2,RD383   3.750 A 7.640,0.0,0.0
201400050862,9,10,14,12,1,69,199,1,1,1,2,RD383   14.250 A 18.000,0.0,0.0
201400050863,7,10,14,22,3,69,29,1,1,3,6,RD383   7.640 A 11.044,0.0,0.0
201400050864,12,10,14,13,1,69,266,1,1,2,1,RD383   3.750 A 7.640,0.0,0.0
201400050865,12,10,14,17,1,38,544,1,1,3,7,A7   25.770 A 27.460,0.0,0.0
201400050866,12,10,14,18,1,69,256,1,1,1,6,A42     0.560 A 4.020,0.0,0.0
201400050867,12,10,14,18,1,69,389,1,1,2,6,BPNL   34.614 A 36.285,0.0,0.0
201400050868,15,10,14,7,1,10,275,1,1,1,4,A42   4.353 A 5.760   GE,0.0,0.0
201400050869,15,10,14,23,3,69,55,1,1,1,6,A6   435.100 A 437.840,0.0,0.0
201400050870,16,10,14,16,1,69,290,1,1,1,2,A46S   40.883 A 43.680,0.0,0.0
201400050871,17,10,14,1,3,69,281,1,1,1,6,A46S   49.160 A 53.980,0.0,0.0
201400050872,17,10,14,7,2,69,204,1,1,1,5,A450   1.740 A 5.100,0.0,0.0
201400050873,18,10,14,0,3,69,288,1,1,1,7,A43   13.029 A 15.971,0.0,0.0
201400050874,17,10,14,17,1,69,290,1,1,1,4,A43   3.865 A 9.894,0.0,0.0
201400050875,17,10,14,8,1,69,266,1,1,1,7,RD383 2.321 A 3.750,0.0,0.0
201400050876,20,10,14,12,1,10,376,1,1,1,6,A42   8.310 A 9.500,45.8167,4.9775
201400050877,20,10,14,9,1,69,283,1,1,1,2,A46S   43.680 A 47.880,0.0,0.0
201400050878,13,10,14,7,3,38,544,1,1,2,2,D1407  PK 0+150,45.54221,4.85
201400050879,24,10,14,12,1,69,72,1,1,1,4,A6   445.323 A 447.390,0.0,0.0
201400050880,24,10,14,12,1,69,385,1,1,1,4,A6   453.400 A 455.000,0.0,0.0
201400050881,10,10,14,16,1,69,152,1,1,3,5,A7   4.270 A 7.000,0.0,0.0
201400050882,26,10,14,6,5,69,259,1,1,1,2,RD383   11.750 A 14.250,0.0,0.0
201400050883,26,10,14,11,1,69,72,1,1,1,4,A6   445.323 A 447.390,0.0,0.0
201400050884,22,10,14,18,5,69,266,1,1,8,4,RD383 2.321 A 3.750,0.0,0.0
201400050885,24,10,14,19,3,69,290,1,1,1,4,A43   3.865 A 9.894,0.0,0.0
201400050886,27,10,14,19,5,69,266,1,1,1,2,RD383 2.321 A 3.750,0.0,0.0
201400050887,29,10,14,4,3,69,29,1,1,1,6,A43   0.550 A 3.353,0.0,0.0
201400050888,31,10,14,15,1,69,290,1,1,1,3,A46S   40.883 A 43.680,0.0,0.0
201400050889,28,10,14,19,5,69,276,1,1,1,5,BUS (RD301)   0.000 A 2.,0.0,0.0
201400050890,22,10,14,19,5,69,297,1,1,1,3,A47   0.000  A 1.657,0.0,0.0
201400050891,3,11,14,9,1,69,270,1,1,1,2,A46S   47.880 A 49.160,0.0,0.0
201400050892,5,11,14,7,3,38,544,1,1,2,6,A7   25.770 A 27.460,0.0,0.0
201400050893,5,11,14,7,1,69,29,1,1,2,6,RD383   7.640 A 11.044,0.0,0.0
201400050894,5,11,14,7,1,69,29,1,9,2,3,A43   0.550 A 3.353,0.0,0.0
201400050895,1,11,14,18,3,69,193,1,1,1,1,A7   29.920 A 31.960,0.0,0.0
201400050896,24,10,14,1,3,69,296,1,1,1,6,A7   10.992 A 13.970,0.0,0.0
201400050897,6,11,14,21,1,69,266,1,1,1,7,RD383   3.750 A 7.640,0.0,0.0
201400050898,2,11,14,18,2,69,266,1,1,1,4,RD383 2.321 A 3.750,0.0,0.0
201400050899,3,11,14,9,1,69,29,1,1,1,3,RD383   7.640 A 11.044,0.0,0.0
201400050900,7,11,14,15,1,10,275,1,1,2,6,A42   4.353 A 5.760   GE,0.0,0.0
201400050901,10,11,14,8,1,69,29,1,1,8,7,A43   0.550 A 3.353,0.0,0.0
201400050902,10,11,14,12,1,69,389,1,1,1,7,BPNL   34.614 A 36.285,0.0,0.0
201400050903,6,11,14,17,3,69,276,1,1,1,3,A7   8.630 A 10.992,0.0,0.0
201400050904,7,11,14,18,2,69,152,1,1,2,2,A7   4.270 A 7.000,0.0,0.0
201400050905,12,11,14,12,1,38,544,1,1,2,4,A7   25.770 A 27.460,0.0,0.0
201400050906,8,11,14,1,3,69,297,1,1,5,2,A7   15.770 A 20.110,0.0,0.0
201400050907,28,10,14,18,5,69,259,1,1,1,5,RD383   11.0044 A 11.460,0.0,0.0
201400050908,9,11,14,13,1,10,275,1,1,3,6,A42   4.353 A 5.760   GE,0.0,0.0
201400050909,9,11,14,14,1,69,142,1,1,3,6,A7   2.278 A 3.690,0.0,0.0
201400050910,12,11,14,19,5,69,29,1,1,1,2,RD383   7.640 A 11.044,0.0,0.0
201400050911,7,11,14,21,4,69,288,1,1,1,2,A43   13.029 A 15.971,0.0,0.0
201400050912,6,11,14,12,1,69,275,1,1,1,2,RN346   29.300 A 34.350,0.0,0.0
201400050913,14,11,14,2,4,69,389,1,1,1,7,BPNL   34.614 A 36.285,0.0,0.0
201400050914,10,11,14,11,1,69,29,1,1,8,3,A43   0.550 A 3.353,0.0,0.0
201400050915,5,11,14,19,5,69,199,1,1,2,6,RD383   14.250 A 18.000,0.0,0.0
201400050916,17,11,14,11,1,69,272,1,1,1,2,A46S   57.400 A 61.010,0.0,0.0
201400050917,15,11,14,10,1,69,29,1,1,3,6,A43   0.550 A 3.353,0.0,0.0
201400050918,19,11,14,18,5,69,266,1,1,1,4,RD383   1.165 A 1.893,0.0,0.0
201400050919,19,11,14,18,3,69,282,1,1,1,2,RD302   0.400 A 4.620,0.0,0.0
201400050920,22,11,14,20,3,69,72,1,1,1,4,A6   445.323 A 447.390,0.0,0.0
201400050921,21,11,14,12,1,69,199,1,1,1,7,RD383   14.250 A 18.000,0.0,0.0
201400050922,20,11,14,19,5,69,290,1,1,1,2,A43   3.865 A 9.894,0.0,0.0
201400050923,28,10,14,14,1,69,297,1,1,1,5,A47   0.000  A 1.657,0.0,0.0
201400050924,24,11,14,18,2,69,199,1,1,1,4,A7   7.000 A 8.630,0.0,0.0
201400050925,25,11,14,18,1,69,290,1,1,1,2,A43   3.865 A 9.894,0.0,0.0
201400050926,21,11,14,13,1,69,277,1,1,1,2,RN346   36.215 A 38.000,0.0,0.0
201400050927,26,11,14,2,4,69,276,1,1,1,7,A7   8.630 A 10.992,0.0,0.0
201400050928,27,11,14,22,5,69,266,1,1,1,5,RD383   3.750 A 7.640,0.0,0.0
201400050929,27,11,14,10,1,69,29,1,1,1,7,RD383   7.640 A 11.044,0.0,0.0
201400050930,21,11,14,8,1,69,297,1,1,1,2,A47   0.000  A 1.657,0.0,0.0
201400050931,18,11,14,15,1,69,290,1,1,1,5,A43   3.865 A 9.894,0.0,0.0
201400050932,27,11,14,7,1,10,249,1,1,2,2,A42   6.290 A 8.310,0.0,0.0
201400050933,1,12,14,3,5,69,152,1,1,1,7,A7   4.270 A 7.000,0.0,0.0
201400050934,27,10,14,15,1,69,199,1,1,1,4,RD383   14.250 A 18.000,0.0,0.0
201400050935,4,12,14,7,1,69,152,1,1,2,2,A7   4.270 A 7.000,0.0,0.0
201400050936,5,12,14,2,5,69,34,1,1,1,6,BPNL   37.781 A 41.124,0.0,0.0
201400050937,4,12,14,9,1,69,266,1,1,1,4,RD383   3.750 A 7.640,0.0,0.0
201400050938,5,12,14,7,4,69,275,1,1,1,6,RN346   29.300 A 34.350,0.0,0.0
201400050939,6,12,14,16,2,69,81,1,1,1,3,BPNL   34.000 A 34.614,0.0,0.0
201400050940,2,12,14,19,3,69,279,1,1,1,6,RD302   5.000 A 6.350,0.0,0.0
201400050941,7,12,14,16,1,69,199,1,1,1,7,RD383   14.250 A 18.000,0.0,0.0
201400050942,8,12,14,7,3,69,286,1,1,2,2,A46N   19.955 A 25.180,0.0,0.0
201400050943,8,12,14,13,1,69,297,1,1,1,3,A47   0.000  A 1.657,0.0,0.0
201400050944,27,10,14,16,1,69,199,1,1,1,4,RD383   14.250 A 18.000,0.0,0.0
201400050945,9,12,14,21,3,38,184,1,1,1,2,A43   15.971 A 18.875,0.0,0.0
201400050946,10,12,14,20,5,69,266,1,1,2,7,RD383   3.750 A 7.640,0.0,0.0
201400050947,10,12,14,20,3,10,275,1,1,2,7,A42  4.020 A 4.353   GEN,0.0,0.0
201400050948,11,12,14,8,1,69,81,1,1,1,4,BPNL   34.000 A 34.614,0.0,0.0
201400050949,11,12,14,14,1,69,275,1,1,2,4,RN346   29.300 A 34.350,0.0,0.0
201400050950,12,12,14,18,3,69,266,1,1,1,2,RD383   3.750 A 7.640,0.0,0.0
201400050951,12,12,14,20,5,69,266,1,1,1,5,RD383   3.750 A 7.640,0.0,0.0
201400050952,13,12,14,17,3,69,72,1,1,1,5,A6   445.323 A 447.390,0.0,0.0
201400050953,9,12,14,17,4,69,297,1,1,1,2,A7   15.770 A 20.110,0.0,0.0
201400050954,28,10,14,18,1,69,199,1,1,1,2,A7   7.000 A 8.630,0.0,0.0
201400050955,9,12,14,19,5,69,389,1,1,1,2,A6   451.790 A 453.400,0.0,0.0
201400050956,11,12,14,19,3,38,184,1,1,1,2,A43   15.971 A 18.875,0.0,0.0
201400050957,16,12,14,2,5,69,290,1,4,1,6,RN346   38.960 A 40.883,0.0,0.0
201400050958,17,12,14,19,3,69,389,1,1,3,2,A6   451.790 A 453.400,0.0,0.0
201400050959,18,12,14,14,1,69,29,1,1,2,6,RD383   7.640 A 11.044,0.0,0.0
201400050960,20,12,14,14,1,69,29,1,1,2,3,RD383   7.640 A 11.044,0.0,0.0
201400050961,21,12,14,12,1,69,163,1,1,1,6,A46N   2.930 A 7.065,0.0,0.0
201400050962,22,12,14,7,2,69,199,1,1,1,2,RD383   14.250 A 18.000,0.0,0.0
201400050963,22,12,14,11,1,38,449,1,9,5,3,A43  20+800 peage,45.64907,5.11847
201400050964,23,12,14,6,3,10,43,1,1,5,5,A42 9.900 A 11.118,45.825,5.00878
201400050965,22,12,14,16,1,69,122,1,1,1,6,A6   433.690 A 435.100,0.0,0.0
201400050966,19,12,14,8,1,69,297,1,1,5,7,A7   15.770 A 20.110,0.0,0.0
201400050967,19,12,14,19,5,69,29,1,1,5,4,A43   0.550 A 3.353,0.0,0.0
201400050968,3,12,14,19,3,69,272,1,1,1,1,A46S   57.400 A 61.010,0.0,0.0
201400050969,23,12,14,4,3,10,43,1,1,5,4,A42 9.900 A 11.118,45.8236,5.00264
201400050970,26,12,14,17,5,69,29,1,1,1,4,RD383   7.640 A 11.044,0.0,0.0
201400050971,27,12,14,13,1,69,199,1,1,1,2,RD383   14.250 A 18.000,0.0,0.0
201400050972,22,12,14,7,1,69,256,1,1,5,7,A42     0.560 A 4.020,0.0,0.0
201400050973,28,12,14,12,1,69,29,1,1,8,3,RD383   7.640 A 11.044,0.0,0.0
201400050974,29,12,14,11,1,69,288,1,1,1,6,A43   13.029 A 15.971,0.0,0.0
201400050975,30,12,14,17,3,38,184,1,1,1,3,A43   15.971 A 18.875,0.0,0.0
201400050976,18,12,14,20,3,69,117,1,1,1,2,A6   439.400 A 442.500,0.0,0.0
201400050977,8,11,14,18,2,69,29,1,1,1,4,A43   0.550 A 3.353,0.0,0.0
201400050978,15,12,14,18,3,69,256,1,1,1,2,A42     0.560 A 4.020,0.0,0.0
201400050979,27,12,14,19,3,69,29,1,1,1,6,RD383   7.640 A 11.044,0.0,0.0
201400050980,23,12,14,10,1,38,336,1,1,1,6,A7   32.870 A 35.680,0.0,0.0
201400050981,19,12,14,13,1,69,259,1,1,1,7,RD383   11.750 A 14.250,0.0,0.0
201400050982,2,1,14,18,5,69,389,2,1,1,4,QUAI PAUL SEDALLIAN,0.0,0.0
201400050983,15,1,14,12,1,69,389,2,1,1,6,"16, RUE SERGENT MICHEL B",0.0,0.0
201400050984,17,1,14,13,1,69,81,2,1,1,6,"4, AVENUE EDOUARD AYNARD",0.0,0.0
201400050985,20,1,14,18,5,69,389,2,1,1,3,"5, QUAI JAYR",0.0,0.0
201400050986,6,2,14,9,1,69,389,2,3,1,3,"15, QUAI PAUL SEDALLIAN",0.0,0.0
201400050987,29,1,14,20,5,69,81,2,1,8,6,"22, CHEMIN JEAN MARIE VI",0.0,0.0
201400050988,31,1,14,8,1,69,389,2,1,1,6,"14, RUE GORGE DE LOUP",0.0,0.0
201400050989,31,1,14,19,5,69,389,2,2,1,1,RUE MARIETTON,0.0,0.0
201400050990,5,3,14,9,1,69,389,2,1,1,3,"110, RUE DE SAINT CYR",0.0,0.0
201400050991,10,2,14,7,1,69,389,2,1,8,5,"34, QUAI JAYR",0.0,0.0
201400050992,13,2,14,8,2,69,389,2,1,2,6,AVENUE SIDOINE APOLLINAI,0.0,0.0
201400050993,13,2,14,12,1,69,81,2,1,2,2,BOULEVARD DU VALVERT,0.0,0.0
201400050994,14,2,14,0,5,69,389,2,1,8,6,"93, RUE MARIETTON",0.0,0.0
201400050995,27,2,14,7,1,69,81,2,2,1,3,"65, AVENUE FRANKLIN ROOS",0.0,0.0
201400050996,27,2,14,9,1,69,389,2,2,1,3,AVENUE DE CHAMPAGNE,0.0,0.0
201400050997,28,2,14,8,1,69,389,2,1,2,6,"52, QUAI PAUL SEDALLIAN",0.0,0.0
201400050998,2,3,14,15,1,69,389,2,1,1,6,"24, QUAI PAUL SEDALLIAN",0.0,0.0
201400050999,2,3,14,14,1,69,389,2,1,1,2,"19, RUE MARIETTON",0.0,0.0
201400051000,13,3,14,8,1,69,389,2,1,1,1,"14, RUE JOANNES CARRET",0.0,0.0
201400051001,19,3,14,7,1,69,81,2,2,7,5,"13, CHEMIN DU PLAT",0.0,0.0
201400051002,26,3,14,16,1,69,389,2,1,1,6,"226, AVENUE DU PLATEAU",0.0,0.0
201400051003,28,3,14,14,1,69,389,2,1,1,6,"27, QUAI JAYR",0.0,0.0
201400051004,29,3,14,2,5,69,389,2,1,1,6,"35, QUAI PIERRE SCIZE",0.0,0.0
201400051005,29,3,14,13,1,69,389,2,2,1,3,"36B, RUE SERGENT MICHEL",0.0,0.0
201400051006,29,3,14,16,1,69,81,2,1,1,6,"114, RUE MARIETTON",0.0,0.0
201400051007,1,4,14,13,1,69,389,2,3,1,3,"90, RUE MARIETTON",0.0,0.0
201400051008,1,4,14,15,1,69,389,2,1,1,4,"15, QUAI PAUL SEDALLIAN",0.0,0.0
201400051009,4,4,14,13,1,69,389,2,2,1,3,QUAI RAOUL CARRIE,0.0,0.0
201400051010,5,4,14,6,2,69,389,2,2,1,3,"125, AVENUE SIDOINE APOL",0.0,0.0
201400051011,9,4,14,13,1,69,389,2,1,1,3,"28, RUE LOUIS LOUCHEUR",0.0,0.0
201400051012,10,4,14,18,1,69,389,2,1,1,6,"51, RUE DE SAINT CYR",0.0,0.0
201400051013,15,4,14,8,1,69,389,2,1,1,2,RUE PROFESSEUR GUERIN,0.0,0.0
201400051014,17,4,14,12,1,69,389,2,1,1,6,"47, RUE DE BOURGOGNE",0.0,0.0
201400051015,17,4,14,18,1,69,389,2,1,1,6,"23, RUE HECTOR BERLIOZ",0.0,0.0
201400051016,21,4,14,6,2,69,389,2,1,2,6,"SANS, RUE DES DOCTEURS C",0.0,0.0
201400051017,12,4,14,11,1,69,389,2,1,1,6,"1, RUE DU MARCHE",0.0,0.0
201400051018,23,4,14,15,1,69,389,2,1,1,7,"101, RUE DU BOURBONNAIS",0.0,0.0
201400051019,4,5,14,15,1,69,389,2,1,1,2,"24, RUE MOUILLARD",0.0,0.0
201400051020,22,5,14,21,2,69,389,2,1,1,2,"1, RUE MARIETTON",0.0,0.0
201400051021,29,5,14,17,1,69,389,2,2,1,3,"12, RUE DE LA CLAIRE",0.0,0.0
201400051022,10,6,14,9,1,69,389,2,1,1,2,"4, QUAI DU COMMERCE",0.0,0.0
201400051023,10,6,14,15,1,69,389,2,1,1,2,"23, AVENUE SIDOINE APOLL",0.0,0.0
201400051024,11,6,14,17,1,69,389,2,1,1,6,"242, AVENUE DU PLATEAU",0.0,0.0
201400051025,12,6,14,9,1,69,389,2,1,1,6,"18, QUAI ARLOING",0.0,0.0
201400051026,12,6,14,11,1,69,389,2,1,1,3,"4, RUE SAINT SIMON",0.0,0.0
201400051027,13,6,14,2,5,69,81,2,1,1,6,"122, RUE MARIETTON",0.0,0.0
201400051028,15,6,14,23,5,69,389,2,1,1,3,"15, RUE DE SAINT CYR",0.0,0.0
201400051029,17,6,14,23,5,69,389,2,1,2,6,"21, RUE LOUIS LOUCHEUR",0.0,0.0
201400051030,22,6,14,12,1,69,389,2,1,1,6,"46, RUE LAURE DIEBOLD",0.0,0.0
201400051031,24,6,14,19,1,69,81,2,1,1,3,"12, ROUTE DE CHAMPAGNE",0.0,0.0
201400051032,25,6,14,3,5,69,389,2,1,1,6,"52, BOULEVARD ANTOINE DE",0.0,0.0
201400051033,26,6,14,8,1,69,81,2,1,1,6,"53, CHEMIN DE LA SAUVEGA",0.0,0.0
201400051034,26,6,14,21,2,69,389,2,3,1,6,"38, RUE SERGENT MICHEL B",0.0,0.0
201400051035,30,6,14,17,1,69,389,2,1,1,3,"27, AVENUE JOANNES MASSE",0.0,0.0
201400051036,3,7,14,11,1,69,389,2,1,1,6,"2, AVENUE DE VERDUN",0.0,0.0
201400051037,3,7,14,10,1,69,389,2,1,1,2,"44B, QUAI JAYR",0.0,0.0
201400051038,5,7,14,13,1,69,389,2,1,1,3,BRETELLE TASSIN VOIE NOR,0.0,0.0
201400051039,6,7,14,19,1,69,389,2,1,2,2,"2, QUAI DU COMMERCE",0.0,0.0
201400051040,9,7,14,10,1,69,389,2,1,2,7,QUAI PAUL SEDALLIAN,0.0,0.0
201400051041,19,7,14,1,5,69,81,2,1,1,7,"126, RUE MARIETTON",0.0,0.0
201400051042,21,7,14,9,1,69,389,2,2,2,3,AVENUE SIDOINE APOLLINAI,0.0,0.0
201400051043,22,7,14,8,1,69,389,2,9,8,3,"40, QUAI JAYR",0.0,0.0
201400051044,27,7,14,4,5,69,389,2,1,1,2,"40, QUAI ARLOING",0.0,0.0
201400051045,10,8,14,16,1,69,389,2,1,1,7,"192, RUE DE SAINT CYR",0.0,0.0
201400051046,11,8,14,22,5,69,389,2,1,1,4,"FACE 52, R JOANES CARRET",0.0,0.0
201400051047,19,9,14,17,1,69,389,2,1,1,6,RUE DE SAINT CYR,0.0,0.0
201400051048,10,10,14,16,1,69,81,2,1,3,1,AVENUE DU BON PASTEUR,0.0,0.0
201400051049,22,9,14,23,5,69,389,2,1,1,6,"10, RUE SERGENT MICHEL B",0.0,0.0
201400051050,3,9,14,12,1,69,389,2,1,1,6,"7. 7 BIS, RUE MARIETTON",0.0,0.0
201400051051,4,9,14,13,1,69,389,2,1,1,3,"00, RUE PROFESSEUR GUERI",0.0,0.0
201400051052,5,9,14,11,1,69,389,2,1,1,6,"53, RUE DE SAINT CYR",0.0,0.0
201400051053,8,9,14,16,1,69,389,2,1,1,7,"90, AVENUE BARTHELEMY BU",0.0,0.0
201400051054,2,10,14,17,1,69,81,2,1,1,2,"19, AVENUE GUY DE COLLON",0.0,0.0
201400051055,8,9,14,16,1,69,389,2,1,1,6,"5, AVENUE ROSA PARKS",0.0,0.0
201400051056,11,9,14,19,2,69,389,2,2,1,3,"18, RUE DE LA CLAIRE",0.0,0.0
201400051057,11,9,14,17,1,69,81,2,2,1,3,AVENUE EDOUARD PAYEN,0.0,0.0
201400051058,12,9,14,9,1,69,389,2,1,1,4,"55, RUE SERGENT MICHEL B",0.0,0.0
201400051059,12,9,14,15,1,69,81,2,1,1,4,AVENUE FRANKLIN ROOSEVEL,0.0,0.0
201400051060,16,9,14,12,1,69,389,2,2,1,6,RUE CHINARD,0.0,0.0
201400051061,23,9,14,9,1,69,81,2,1,1,6,"00, AVENUE DU BON PASTEU",0.0,0.0
201400051062,27,9,14,12,1,69,389,2,1,1,3,"480, AVENUE BEN GOURION",0.0,0.0
201400051063,28,9,14,17,1,69,389,2,1,1,7,QUAI PAUL SEDALLIAN,0.0,0.0
201400051064,29,9,14,15,1,69,389,2,1,2,6,"29, AVENUE JOANNES MASSE",0.0,0.0
201400051065,29,9,14,18,1,69,81,2,1,1,7,"29, CHEMIN DE PONTET ET",0.0,0.0
201400051066,4,10,14,20,5,69,389,2,1,1,6,"11, BOULEVARD DE LA DUCH",0.0,0.0
201400051067,17,10,14,16,1,69,389,2,1,1,6,"47, RUE DES DOCKS",0.0,0.0
201400051068,24,10,14,14,1,69,389,2,1,1,2,"39, RUE SERGENT MICHEL B",0.0,0.0
201400051069,31,10,14,21,5,69,389,2,1,1,1,"20, PLACE VALMY",0.0,0.0
201400051070,1,11,14,16,1,69,389,2,1,1,3,"25, RUE TISSOT",0.0,0.0
201400051071,3,11,14,17,5,69,389,2,1,3,6,"22, AVENUE JOANNES MASSE",0.0,0.0
201400051072,4,11,14,7,2,69,389,2,1,3,6,"49, RUE MARIETTON",0.0,0.0
201400051073,7,11,14,13,1,69,389,2,1,2,6,"0.0001, BOULEVARD ANTOIN",0.0,0.0
201400051074,12,11,14,7,1,69,389,2,1,2,6,"469, AVENUE BEN GOURI",0.0,0.0
201400051075,24,10,14,4,5,69,389,2,1,1,6,"47, QUAI PIERRE SCIZE",0.0,0.0
201400051076,20,11,14,18,5,69,389,2,1,1,3,"16, QUAI PIERRE SCIZE",0.0,0.0
201400051077,21,11,14,12,1,69,389,2,1,1,3,AVENUE BEN GOURION,0.0,0.0
201400051078,21,11,14,18,5,69,389,2,1,1,3,"100, AVENUE BARTHELEMY B",0.0,0.0
201400051079,24,11,14,11,1,69,389,1,3,2,7,RUE ROGER SALENGRO,0.0,0.0
201400051080,5,12,14,15,1,69,389,2,9,1,5,"153, AVENUE BARTHELEMY B",0.0,0.0
201400051081,8,12,14,8,1,69,389,2,1,2,6,"2, QUAI DU COMMERCE",0.0,0.0
201400051082,9,12,14,16,2,69,389,2,1,1,6,"17, BOULEVARD DE LA DUCH",0.0,0.0
201400051083,14,12,14,18,5,69,389,2,1,1,1,QUAI RAOUL CARRIE,0.0,0.0
201400051084,16,12,14,7,2,69,389,2,1,1,3,41 AV SIDOINE APOLLINAI,0.0,0.0
201400051085,16,12,14,12,1,69,389,2,1,1,3,"5, QUAI JAYR",0.0,0.0
201400051086,20,12,14,14,1,69,389,2,1,1,2,AVENUE BEN GOURION,0.0,0.0
201400051087,23,12,14,13,1,69,389,1,2,1,1,RUE DE BOURGOGNE,0.0,0.0
201400051088,24,12,14,23,5,69,389,2,1,1,6,"17, BOULEVARD DE LA DUCH",0.0,0.0
201400051089,31,12,14,19,5,69,389,2,1,1,3,RUE VICTOR SCHOELCHER,0.0,0.0