Num_Acc,jour,mois,an,hr,condition_eclairage,departement,commune,condition_agglomeration,intersection,condition_atmosphere,type_collision,adresse,lattitude,longitude
201400051090,1,1,14,4,5,83,144,1,1,1,6,A57,0.0,0.0
201400051091,29,1,14,19,3,83,137,1,1,1,5,A50,0.0,0.0
201400051092,9,3,14,10,1,83,62,1,1,1,3,A57,0.0,0.0
201400051093,2,4,14,8,1,83,137,1,1,1,4,RN1050 Tremie Leon BOURG,0.0,0.0
201400051094,9,1,14,18,3,83,126,1,1,1,2,A50,0.0,0.0
201400051095,19,1,14,21,3,83,62,1,1,8,6,A57,0.0,0.0
201400051096,5,3,14,15,1,83,137,1,1,1,2,A57,0.0,0.0
201400051097,8,3,14,5,3,83,62,1,1,1,6,A57,0.0,0.0
201400051098,11,3,14,8,1,83,144,1,1,1,3,A57,0.0,0.0
201400051099,12,3,14,14,1,83,137,1,1,1,4,A57,0.0,0.0
201400051100,15,3,14,18,1,83,137,1,1,1,7,A50,0.0,0.0
201400051101,28,3,14,16,1,83,137,1,1,1,5,A50,0.0,0.0
201400051102,31,3,14,14,1,83,137,1,1,1,2,A57,0.0,0.0
201400051103,9,4,14,16,1,83,137,1,1,1,2,A50,0.0,0.0
201400051104,9,4,14,17,1,83,144,1,1,1,4,A57,0.0,0.0
201400051105,11,4,14,12,1,83,144,1,1,1,4,A57,0.0,0.0
201400051106,14,4,14,8,1,83,137,1,1,1,4,A50 TUNNEL,0.0,0.0
201400051107,18,4,14,17,1,83,69,1,1,1,4,A570,0.0,0.0
201400051108,18,4,14,19,2,83,137,1,1,1,2,A50,0.0,0.0
201400051109,2,5,14,11,1,83,137,1,1,1,6,A50,0.0,0.0
201400051110,6,5,14,18,1,13,28,1,1,1,7,A50,0.0,0.0
201400051111,13,5,14,16,1,83,137,1,1,1,3,A50 TUNNEL,0.0,0.0
201400051112,14,5,14,16,1,83,137,1,1,1,7,A57,0.0,0.0
201400051113,14,5,14,17,1,83,137,1,1,1,2,A57,0.0,0.0
201400051114,23,5,14,14,1,83,137,1,1,1,4,A57,0.0,0.0
201400051115,22,5,14,12,1,83,144,1,1,1,4,A57,0.0,0.0
201400051116,28,5,14,13,1,83,137,1,1,1,3,A50,0.0,0.0
201400051117,28,5,14,18,1,13,23,1,1,1,5,A50,0.0,0.0
201400051118,29,5,14,1,5,83,137,1,1,1,3,A50,0.0,0.0
201400051119,30,5,14,11,1,83,137,1,1,1,5,A57,0.0,0.0
201400051120,30,5,14,19,1,83,27,1,1,1,3,A50,0.0,0.0
201400051121,7,6,14,18,1,83,144,1,1,1,2,A57,0.0,0.0
201400051122,15,6,14,18,1,13,28,1,1,2,6,A50,0.0,0.0
201400051123,22,6,14,6,1,83,47,1,1,1,6,A570,0.0,0.0
201400051124,25,6,14,11,1,83,137,1,1,1,4,A57,0.0,0.0
201400051125,27,6,14,15,1,83,137,1,1,1,2,A57,0.0,0.0
201400051126,1,7,14,19,1,83,90,1,1,1,3,A50,0.0,0.0
201400051127,4,7,14,18,1,83,126,1,1,1,5,A50,0.0,0.0
201400051128,5,7,14,7,1,83,144,1,1,1,2,A57,0.0,0.0
201400051129,8,7,14,9,1,83,144,1,1,1,3,A57,0.0,0.0
201400051130,12,7,14,15,1,83,47,1,1,1,6,A570,0.0,0.0
201400051131,18,7,14,19,1,83,144,1,1,1,5,A57,0.0,0.0
201400051132,24,7,14,0,3,83,47,1,1,1,7,A570,0.0,0.0
201400051133,25,7,14,22,3,83,62,1,1,1,7,A57,0.0,0.0
201400051134,27,7,14,22,3,83,112,1,1,1,6,A50,0.0,0.0
201400051135,1,8,14,17,1,83,137,1,1,1,4,A57,0.0,0.0
201400051136,16,8,14,15,1,83,137,1,1,1,4,A57,0.0,0.0
201400051137,17,8,14,14,1,83,27,1,1,1,7,A50,0.0,0.0
201400051138,7,9,14,6,3,83,112,1,1,1,5,A50,0.0,0.0
201400051139,11,9,14,6,3,83,129,1,1,1,2,A50,0.0,0.0
201400051140,11,9,14,8,1,83,144,1,1,1,2,A57,0.0,0.0
201400051141,11,9,14,17,1,83,137,1,1,1,2,A50,0.0,0.0
201400051142,12,9,14,8,1,83,62,1,1,1,2,A57,0.0,0.0
201400051143,13,9,14,19,1,83,47,1,1,1,2,A570,0.0,0.0
201400051144,14,9,14,10,1,83,27,1,1,1,6,A50,0.0,0.0
201400051145,26,9,14,7,1,83,144,1,1,1,2,A57,0.0,0.0
201400051146,30,9,14,6,3,83,112,1,1,8,5,A50,0.0,0.0
201400051147,6,10,14,14,1,83,144,1,1,1,4,A57,0.0,0.0
201400051148,10,10,14,7,2,83,62,1,1,1,3,A57,0.0,0.0
201400051149,13,10,14,11,1,83,137,1,1,1,3,A50,0.0,0.0
201400051150,15,10,14,13,1,83,144,1,1,1,2,A57,0.0,0.0
201400051151,18,10,14,19,3,83,123,1,1,1,2,A50,0.0,0.0
201400051152,21,10,14,17,1,83,144,1,1,1,4,A57,0.0,0.0
201400051153,22,10,14,19,3,83,62,1,1,6,4,A570,0.0,0.0
201400051154,23,10,14,15,1,83,27,1,1,1,2,A50,0.0,0.0
201400051155,23,10,14,18,1,83,137,1,1,1,5,A57,0.0,0.0
201400051156,26,10,14,1,5,83,137,1,1,1,2,A50,0.0,0.0
201400051157,27,10,14,14,1,83,137,1,1,1,2,A50,0.0,0.0
201400051158,28,10,14,19,3,83,137,1,1,1,4,A50,0.0,0.0
201400051159,29,10,14,18,3,83,144,1,1,1,3,A57,0.0,0.0
201400051160,4,11,14,8,1,83,137,1,1,2,3,A57,0.0,0.0
201400051161,6,11,14,17,3,83,137,1,1,2,2,A50,0.0,0.0
201400051162,13,11,14,12,1,83,123,1,1,3,6,A50,0.0,0.0
201400051163,13,11,14,8,1,83,27,1,1,1,6,A50,0.0,0.0
201400051164,13,11,14,12,1,83,69,1,1,1,2,A570,0.0,0.0
201400051165,13,11,14,19,4,83,137,1,1,1,2,A57,0.0,0.0
201400051166,14,11,14,9,1,83,137,1,1,1,5,A50,0.0,0.0
201400051167,14,11,14,19,4,83,144,1,1,2,7,A57,0.0,0.0
201400051168,22,11,14,17,1,83,123,1,1,1,6,A50,0.0,0.0
201400051169,24,11,14,8,1,83,144,1,1,1,2,A57,0.0,0.0
201400051170,24,11,14,17,3,83,69,1,1,2,7,A570,0.0,0.0
201400051171,25,11,14,17,2,83,126,1,1,3,2,A50,0.0,0.0
201400051172,27,11,14,17,5,83,137,1,1,2,3,A50,0.0,0.0
201400051173,4,12,14,7,5,83,144,1,1,2,7,A57,0.0,0.0
201400051174,15,12,14,8,1,83,137,1,1,1,3,A50,0.0,0.0
201400051175,16,12,14,12,1,83,123,1,1,1,6,A50,0.0,0.0
201400051176,16,12,14,13,1,83,137,1,1,1,4,A57,0.0,0.0
201400051177,17,12,14,9,1,83,144,1,1,1,2,A57,0.0,0.0
201400051178,20,12,14,17,2,83,62,1,1,1,3,A570,0.0,0.0
201400051179,26,12,14,18,5,83,137,1,1,1,4,A57,0.0,0.0
201400051180,1,1,14,4,3,13,71,1,1,1,7,A7-Sens Lyon vers Marsei,43.40692,5.33003
201400051181,2,1,14,8,1,13,55,1,1,2,6,TVPCD-Sens Les Ports ver,0.0,0.0
201400051182,2,1,14,10,1,13,33,1,1,8,7,A55-SENS MARTIGUES/MARSE,43.37316,5.18628
201400051183,4,1,14,0,3,13,117,1,1,1,3,A7-Sens Lyon vers Marsei,43.45939,5.23522
201400051184,4,1,14,13,1,13,26,1,1,2,7,A55-Sens Martigues vers,0.0,0.0
201400051185,6,1,14,9,1,13,55,1,1,1,2,A557-Liaison A7 Marseill,0.0,0.0
201400051186,9,1,14,2,3,13,85,1,1,1,7,A50-Sens Aubagne vers To,0.0,0.0
201400051187,10,1,14,1,3,13,15,1,1,1,6,A51-Sens Aix en Provence,43.44783,5.39596
201400051188,9,1,14,10,1,13,71,1,1,1,2,A55-Sens Martigues vers,43.39475,5.29886
201400051189,12,1,14,19,3,13,55,1,1,1,4,A7-Sens Lyon vers Marsei,43.33145,5.37758
201400051190,13,1,14,21,3,13,5,1,1,2,3,A502-Sens Aubagne vers T,0.0,0.0
201400051191,13,1,14,10,1,13,55,1,1,1,6,BRETELLE FERRIE  ACCES A,0.0,0.0
201400051192,14,1,14,6,3,13,55,1,1,1,1,A55-Sens Marseille vers,0.0,0.0
201400051193,14,1,14,16,1,13,71,1,1,1,7,A7-Sens Lyon vers Marsei,0.0,0.0
201400051194,14,1,14,7,5,13,55,1,1,1,4,A7-Sens Marseille vers L,0.0,0.0
201400051195,16,1,14,20,3,13,55,1,1,2,6,A7-Sens Lyon vers Marsei,0.0,0.0
201400051196,17,1,14,19,3,13,5,1,1,2,7,A52-Sens Pont de l'Etoil,0.0,0.0
201400051197,18,1,14,15,1,13,71,1,1,3,7,A7-Sens Lyon vers Marsei,0.0,0.0
201400051198,18,1,14,15,1,13,81,1,1,2,6,A7-Sens Marseille vers L,0.0,0.0
201400051199,18,1,14,17,1,13,71,1,1,2,3,A7-Sens Lyon vers Marsei,0.0,0.0
201400051200,14,1,14,16,1,13,55,1,1,1,2,TVPCD-Sens Les Ports ver,0.0,0.0
201400051201,13,1,14,16,1,13,5,1,1,2,7,A52-Sens Pont de l'Etoil,0.0,0.0
201400051202,19,1,14,16,1,13,5,1,1,3,7,A502-Sens Toulon par R.N,0.0,0.0
201400051203,20,1,14,18,3,13,71,1,1,1,2,A55 - Sens Marseille ver,0.0,0.0
201400051204,21,1,14,8,1,13,5,1,1,1,2,A50-Sens Marseille vers,0.0,0.0
201400051205,21,1,14,8,1,13,88,1,1,2,7,A55-Sens Marseille vers,0.0,0.0
201400051206,21,1,14,10,1,13,70,1,1,1,4,A50-Sens Aubagne vers Ma,0.0,0.0
201400051207,22,1,14,12,1,13,22,1,1,1,2,A50-Sens Toulon vers Aub,0.0,0.0
201400051208,25,1,14,21,4,13,26,1,1,1,7,A55-Sens Marseille vers,0.0,0.0
201400051209,27,1,14,9,1,13,117,1,1,1,5,A7-Sens Lyon vers Marsei,0.0,0.0
201400051210,22,1,14,12,1,13,55,1,1,1,4,Tunnel Joliette vers A.5,0.0,0.0
201400051211,29,1,14,8,2,13,55,1,1,3,2,A55-Sens Martigues vers,0.0,0.0
201400051212,29,1,14,9,1,13,71,1,1,3,4,A55-Sens Martigues vers,0.0,0.0
201400051213,30,1,14,13,1,13,55,1,1,3,7,A50-Sens Marseille vers,0.0,0.0
201400051214,30,1,14,13,1,13,55,1,1,2,2,A7-Sens Marseille vers L,0.0,0.0
201400051215,31,1,14,19,3,13,5,1,1,1,2,A52-Sens Toulon vers Pon,0.0,0.0
201400051216,2,2,14,3,5,13,55,1,1,1,6,A557-Liaison A7 Marseill,0.0,0.0
201400051217,2,2,14,4,5,13,55,1,1,2,2,TVPCM-Sens Saint Victor,0.0,0.0
201400051218,31,1,14,19,3,13,15,1,1,1,4,A51-Sens Marseille vers,0.0,0.0
201400051219,30,1,14,19,3,13,55,1,1,2,4,A7-Sens Lyon vers Marsei,0.0,0.0
201400051220,4,2,14,3,3,13,55,1,1,2,7,A55-Sens Martigues vers,0.0,0.0
201400051221,4,2,14,4,3,13,88,1,1,3,7,A55-Sens Martigues vers,0.0,0.0
201400051222,4,2,14,20,3,13,5,1,1,1,7,A50-Sens Aubagne vers Ma,0.0,0.0
201400051223,5,2,14,13,1,13,55,1,1,2,6,A7-Sens Marseille vers L,0.0,0.0
201400051224,4,2,14,19,3,13,15,1,1,1,3,A51-Sens Aix en Provence,0.0,0.0
201400051225,7,2,14,9,1,13,106,1,1,2,5,A7-Sens Lyon vers Marsei,0.0,0.0
201400051226,7,2,14,8,1,13,55,1,1,2,2,A50-Sens Aubagne vers Ma,0.0,0.0
201400051227,6,2,14,8,1,13,55,1,1,1,4,Tunnel Prado Carnage,0.0,0.0
201400051228,7,2,14,12,1,13,55,1,1,2,7,A55-Sens Marseille vers,0.0,0.0
201400051229,6,2,14,15,1,13,71,1,1,1,4,A7-Sens Lyon vers Marsei,0.0,0.0
201400051230,6,2,14,17,1,13,81,1,1,1,4,A7-Sens Lyon vers Marsei,0.0,0.0
201400051231,5,2,14,9,1,13,5,1,1,3,2,A52-Sens Pont de l'Etoil,0.0,0.0
201400051232,10,2,14,13,1,13,5,1,1,3,6,A52-Sens Pont de l'Etoil,0.0,0.0
201400051233,4,2,14,18,2,13,55,1,1,1,6,A7-Sens Lyon vers Marsei,0.0,0.0
201400051234,6,2,14,15,1,13,71,1,1,1,2,A7-Sens Lyon vers Marsei,0.0,0.0
201400051235,17,2,14,7,1,13,56,1,1,1,2,A55-Sens Martigues vers,0.0,0.0
201400051236,17,2,14,19,3,13,55,1,1,1,2,A7-Sens Lyon vers Marsei,0.0,0.0
201400051237,19,2,14,9,1,13,55,1,1,1,7,A7-Sens Lyon vers Marsei,0.0,0.0
201400051238,24,2,14,17,1,13,55,1,1,1,4,A55-Sens Martigues vers,0.0,0.0
201400051239,19,2,14,0,5,13,28,1,1,1,2,A50-Sens Aubagne vers To,0.0,0.0
201400051240,20,2,14,0,3,13,1,1,1,1,7,A51-Sens Aix en Provence,0.0,0.0
201400051241,21,2,14,8,1,13,117,1,1,1,6,A7-Sens Marseille vers L,0.0,0.0
201400051242,23,2,14,22,3,13,5,1,1,1,6,A50-Sens Aubagne vers Ma,0.0,0.0
201400051243,24,2,14,2,3,13,55,1,1,1,7,A55-Sens Martigues vers,0.0,0.0
201400051244,26,2,14,9,1,13,55,1,1,2,7,A557-Liaison A7 Marseill,0.0,0.0
201400051245,2,3,14,0,3,13,55,1,1,1,1,A55-Sens Marseille vers,0.0,0.0
201400051246,2,3,14,8,1,13,43,1,1,1,2,A55-Sens Martigues vers,0.0,0.0
201400051247,3,3,14,16,1,13,5,1,1,1,3,A52-Sens Toulon vers Pon,0.0,0.0
201400051248,4,3,14,18,3,13,55,1,1,1,4,A7-Sens Lyon vers Marsei,0.0,0.0
201400051249,7,3,14,11,1,13,55,1,1,1,3,A50-Sens Marseille vers,0.0,0.0
201400051250,7,3,14,14,1,13,55,1,1,1,5,A7-Sens Lyon vers Marsei,0.0,0.0
201400051251,7,3,14,19,1,13,15,1,1,1,4,A51-Sens Marseille vers,0.0,0.0
201400051252,8,3,14,5,3,13,15,1,1,1,6,A51-Sens Marseille vers,0.0,0.0
201400051253,9,3,14,20,3,13,55,1,1,1,2,A7-Sens Lyon vers Marsei,0.0,0.0
201400051254,10,3,14,8,1,13,56,1,1,1,2,A55-Sens Marseille vers,0.0,0.0
201400051255,11,3,14,14,1,13,5,1,1,1,7,A502-Sens Toulon par R.N,0.0,0.0
201400051256,3,3,14,10,1,13,56,1,1,1,6,A55-Sens Martigues vers,0.0,0.0
201400051257,13,3,14,11,1,13,26,1,1,1,7,A55-Sens Marseille vers,0.0,0.0
201400051258,13,3,14,8,1,13,55,1,1,1,2,A50-Sens Aubagne vers Ma,0.0,0.0
201400051259,14,3,14,11,1,13,70,1,1,1,4,A50-Sens Aubagne vers Ma,0.0,0.0
201400051260,17,3,14,15,1,13,22,1,1,1,2,A50-Sens Toulon vers Aub,0.0,0.0
201400051261,18,3,14,9,1,13,71,1,1,1,2,A7-Sens Marseille vers L,0.0,0.0
201400051262,18,3,14,16,1,13,55,1,1,1,4,A7-Sens Lyon vers Marsei,0.0,0.0
201400051263,18,3,14,17,1,13,5,1,1,1,4,A50-Sens Marseille vers,0.0,0.0
201400051264,19,3,14,7,1,13,88,1,1,1,7,A55-Sens Martigues vers,0.0,0.0
201400051265,19,3,14,16,1,13,70,1,1,1,4,A50-Sens Aubagne vers Ma,0.0,0.0
201400051266,15,3,14,14,1,13,55,1,1,1,6,A55-Sens Marseille vers,0.0,0.0
201400051267,21,3,14,1,3,13,55,1,1,1,7,A50-Sens Aubagne vers Ma,0.0,0.0
201400051268,22,3,14,11,1,13,55,1,1,3,6,A55-Sens Marseille vers,0.0,0.0
201400051269,22,3,14,16,1,13,70,1,1,3,5,A50-Sens Aubagne vers Ma,0.0,0.0
201400051270,23,3,14,5,2,13,55,1,1,1,6,A50-Sens Aubagne vers Ma,0.0,0.0
201400051271,25,3,14,9,1,13,71,1,1,1,4,A7-Sens Marseille vers L,0.0,0.0
201400051272,25,3,14,17,1,13,117,1,1,1,2,A7-Sens Lyon vers Marsei,0.0,0.0
201400051273,28,3,14,8,1,13,71,1,1,1,2,A7-Sens Marseille vers L,0.0,0.0
201400051274,28,3,14,12,1,13,81,1,1,1,7,A7-Sens Lyon vers Marsei,0.0,0.0
201400051275,29,3,14,17,1,13,5,1,1,1,7,A50-Sens Marseille vers,0.0,0.0
201400051276,31,3,14,16,1,13,71,1,1,1,7,A55-Sens Martigues vers,0.0,0.0
201400051277,1,4,14,9,1,13,71,1,1,1,2,A5501G-Sens Mlle Vieux P,0.0,0.0
201400051278,1,4,14,10,1,13,55,1,1,1,6,A50-Sens Marseille vers,0.0,0.0
201400051279,3,4,14,6,3,13,55,1,1,1,3,S10CM-Sens Marseille ver,0.0,0.0
201400051280,3,4,14,13,1,13,56,1,1,1,2,A55-Sens Marseille vers,0.0,0.0
201400051281,4,4,14,8,1,13,55,1,1,2,5,A55-Sens Marseille vers,0.0,0.0
201400051282,1,4,14,12,1,13,55,1,1,1,2,A50-Sens Marseille vers,0.0,0.0
201400051283,7,4,14,16,1,13,55,1,1,1,6,A7-Sens Lyon vers Marsei,0.0,0.0
201400051284,10,4,14,17,1,13,5,1,1,1,6,A50 - Sens Aubagne vers,0.0,0.0
201400051285,11,4,14,16,1,13,1,1,1,1,2,A51-Sens Aix en Provence,0.0,0.0
201400051286,11,4,14,18,5,13,55,1,1,1,2,Tunnel Joliette vers A.5,0.0,0.0
201400051287,13,4,14,17,1,13,55,1,1,1,2,A7-Sens Lyon vers Marsei,0.0,0.0
201400051288,10,4,14,18,1,13,19,1,1,1,2,A51-Sens Marseille vers,0.0,0.0
201400051289,14,4,14,16,1,13,56,1,1,1,2,A55-Sens Marseille vers,0.0,0.0
201400051290,15,4,14,7,1,13,85,1,1,1,6,A50-Sens Toulon vers Aub,0.0,0.0
201400051291,15,4,14,0,3,13,1,1,1,1,2,A51-Sens Aix en Provence,0.0,0.0
201400051292,16,4,14,16,1,13,71,1,1,1,7,A55 - Sens Marseille ver,0.0,0.0
201400051293,17,4,14,16,1,13,55,1,1,1,2,TVPCD-Sens Les Ports ver,43.31415,5.36738
201400051294,17,4,14,19,1,13,55,1,1,1,2,A7-Sens Lyon vers Marsei,0.0,0.0
201400051295,18,4,14,11,1,13,106,1,1,1,2,A7-Sens Lyon vers Marsei,0.0,0.0
201400051296,18,4,14,14,1,13,106,1,1,1,6,A51-Sens Aix en Provence,0.0,0.0
201400051297,18,4,14,15,1,13,117,1,1,1,3,A7-Sens Lyon vers Marsei,0.0,0.0
201400051298,18,4,14,16,1,13,71,1,1,1,4,A7-Sens Marseille vers L,0.0,0.0
201400051299,18,4,14,17,1,13,71,1,1,1,6,A55 - Sens Marseille ver,0.0,0.0
201400051300,18,4,14,18,1,13,55,1,1,1,6,A55-Sens Marseille vers,0.0,0.0
201400051301,20,4,14,12,1,13,55,1,1,2,6,A55-Sens Marseille vers,0.0,0.0
201400051302,21,4,14,0,4,13,55,1,1,1,7,A50-Sens Aubagne vers Ma,0.0,0.0
201400051303,20,4,14,23,3,13,55,1,1,1,6,A7-Sens Lyon vers Marsei,0.0,0.0
201400051304,21,4,14,19,1,13,55,1,1,1,3,A55-Sens Marseille vers,0.0,0.0
201400051305,21,4,14,16,1,13,55,1,1,3,2,A55-Sens Marseille vers,0.0,0.0
201400051306,22,4,14,16,1,13,56,1,1,1,4,A55-Sens Martigues vers,0.0,0.0
201400051307,22,4,14,19,1,13,71,1,1,1,7,A51-Sens Marseille vers,0.0,0.0
201400051308,23,4,14,17,1,13,70,1,1,1,4,A50-Sens Aubagne vers Ma,0.0,0.0
201400051309,24,4,14,12,1,13,71,1,1,1,6,A7-Sens Lyon vers Marsei,0.0,0.0
201400051310,27,4,14,6,2,13,55,1,1,1,2,A50-Sens Aubagne vers Ma,0.0,0.0
201400051311,28,4,14,13,1,13,71,1,1,1,5,A7-Sens Marseille vers L,0.0,0.0
201400051312,28,4,14,14,1,13,70,1,1,1,6,A50-Sens Aubagne vers Ma,0.0,0.0
201400051313,30,4,14,18,1,13,5,1,1,1,7,A501-Sens Aubagne vers P,0.0,0.0
201400051314,4,5,14,19,1,13,55,1,1,1,2,A7-Sens Marseille vers L,0.0,0.0
201400051315,6,5,14,13,1,13,71,1,1,1,7,A55-Sens Martigues vers,0.0,0.0
201400051316,7,5,14,14,1,13,55,1,1,1,3,TVPCM-Sens Saint Victor,0.0,0.0
201400051317,8,5,14,0,3,13,106,1,1,1,6,A51-Sens Aix en Provence,0.0,0.0
201400051318,8,5,14,21,3,13,81,1,1,1,3,A7-Sens Marseille vers L,0.0,0.0
201400051319,9,5,14,12,1,13,56,1,1,1,7,A55-Sens Martigues vers,0.0,0.0
201400051320,9,5,14,16,1,13,71,1,1,1,2,A7-Sens Lyon vers Marsei,0.0,0.0
201400051321,29,4,14,13,1,13,106,1,1,1,3,A51-Sens Aix en Provence,0.0,0.0
201400051322,13,5,14,10,1,13,19,1,1,1,5,A51-Sens Aix en Provence,0.0,0.0
201400051323,13,5,14,17,1,13,55,1,1,1,2,TVPCM-Sens Saint Victor,0.0,0.0
201400051324,15,5,14,8,1,13,5,1,1,1,5,A50-Sens Aubagne vers Ma,0.0,0.0
201400051325,15,5,14,17,1,13,55,1,1,1,7,TVPCD-Sens Les Ports ver,0.0,0.0
201400051326,17,5,14,13,1,13,22,1,1,1,6,A50-Sens Aubagne vers To,0.0,0.0
201400051327,18,5,14,5,2,13,55,1,1,1,2,A7-Sens Lyon vers Marsei,0.0,0.0
201400051328,18,5,14,6,2,13,55,1,1,1,5,A7-Sens Lyon vers Marsei,0.0,0.0
201400051329,19,5,14,13,1,13,55,1,1,2,4,A7-Sens Lyon vers Marsei,0.0,0.0
201400051330,19,5,14,14,1,13,55,1,1,2,6,A557-Liaison A7 Marseill,0.0,0.0
201400051331,16,5,14,18,1,13,55,1,1,1,4,A7-Sens Lyon vers Marsei,0.0,0.0
201400051332,21,5,14,8,1,13,71,1,1,1,4,A5501DSens Lyon vers A55,0.0,0.0
201400051333,21,5,14,11,1,13,70,1,1,1,4,A50-Sens Aubagne vers Ma,0.0,0.0
201400051334,21,5,14,18,1,13,56,1,1,1,3,A55-Sens Marseille vers,0.0,0.0
201400051335,24,5,14,18,1,13,5,1,1,1,2,A50-Sens Aubagne vers Ma,0.0,0.0
201400051336,25,5,14,11,1,13,26,1,1,1,2,A55-Sens Marseille vers,0.0,0.0
201400051337,26,5,14,8,1,13,117,1,1,1,4,A7-Sens Lyon vers Marsei,0.0,0.0
201400051338,26,5,14,7,1,13,43,1,1,1,3,A55-Sens Marseille vers,0.0,0.0
201400051339,26,5,14,19,1,13,5,1,1,1,2,A52-Sens Pont de l'Etoil,0.0,0.0
201400051340,27,5,14,9,1,13,71,1,1,1,4,A51-Sens Aix en Provence,0.0,0.0
201400051341,27,5,14,9,1,13,15,1,1,1,4,A51-Sens Marseille vers,0.0,0.0
201400051342,27,5,14,20,1,13,15,1,1,1,2,A51-Sens Marseille vers,0.0,0.0
201400051343,24,5,14,18,1,13,56,1,1,1,2,A55-Sens Marseille vers,0.0,0.0
201400051344,28,5,14,18,1,13,5,1,1,1,4,A50-Sens Aubagne vers Ma,0.0,0.0
201400051345,29,5,14,18,1,13,55,1,1,1,4,A7-Sens Marseille vers L,0.0,0.0
201400051346,30,5,14,18,1,13,15,1,1,1,7,A51-Sens Marseille vers,0.0,0.0
201400051347,31,5,14,1,4,13,71,1,1,1,6,A51-Sens Marseille vers,0.0,0.0
201400051348,31,5,14,15,1,13,15,1,1,1,3,A51-Sens Marseille vers,0.0,0.0
201400051349,31,5,14,17,1,13,5,1,1,8,3,A50-Sens Marseille vers,0.0,0.0
201400051350,2,6,14,17,1,13,55,1,1,1,3,A55-Sens Marseille vers,0.0,0.0
201400051351,2,6,14,18,1,13,19,1,1,1,5,A51-Sens Aix en Provence,0.0,0.0
201400051352,5,6,14,15,1,13,106,1,1,1,5,A7-Sens Marseille vers L,0.0,0.0
201400051353,6,6,14,17,1,13,71,1,1,1,5,A7-Sens Lyon vers Marsei,0.0,0.0
201400051354,8,6,14,2,3,13,71,1,1,1,7,A55 - Sens Marseille ver,0.0,0.0
201400051355,8,6,14,5,2,13,22,1,1,1,7,A50-Sens Toulon vers Aub,0.0,0.0
201400051356,17,5,14,6,2,13,55,1,1,1,2,A7-Sens Lyon vers Marsei,0.0,0.0
201400051357,8,6,14,19,1,13,55,1,1,1,7,A50-Sens Marseille vers,0.0,0.0
201400051358,9,6,14,17,1,13,106,1,1,1,7,A7-Sens Lyon vers Marsei,0.0,0.0
201400051359,10,6,14,18,1,13,55,1,1,1,2,A7-Sens Lyon vers Marsei,0.0,0.0
201400051360,4,6,14,22,4,13,5,1,1,1,6,A52-Sens Toulon vers Pon,0.0,0.0
201400051361,10,6,14,19,1,13,5,1,1,1,7,A50-Sens Marseille vers,0.0,0.0
201400051362,4,10,14,19,1,13,71,1,1,1,2,A51-Sens Marseille*vers,0.0,0.0
201400051363,13,6,14,12,1,13,71,1,1,1,4,A7-Sens Marseille vers L,0.0,0.0
201400051364,12,6,14,17,1,13,55,1,1,1,4,A7-Sens Lyon vers Marsei,0.0,0.0
201400051365,15,6,14,19,1,13,5,1,1,8,6,A52-Sens Pont de l'Etoil,0.0,0.0
201400051366,16,6,14,1,5,13,55,1,1,1,7,TVPCM-Sens Saint Victor,0.0,0.0
201400051367,16,6,14,9,1,13,70,1,1,1,4,A50-Sens Aubagne vers Ma,0.0,0.0
201400051368,13,6,14,18,1,13,71,1,1,1,5,A5501G-Sens Mlle Vieux P,0.0,0.0
201400051369,17,6,14,8,1,13,71,1,1,1,5,A7-Sens Marseille vers L,0.0,0.0
201400051370,17,6,14,14,1,13,55,1,1,1,2,Axe Littoral Sens Nord -,0.0,0.0
201400051371,17,6,14,16,1,13,5,1,1,1,2,A50-Sens Marseille vers,0.0,0.0
201400051372,19,6,14,7,1,13,106,1,1,1,6,A7-Sens Marseille vers L,0.0,0.0
201400051373,20,6,14,14,1,13,5,1,1,1,6,A50-Sens Marseille vers,0.0,0.0
201400051374,22,6,14,0,4,13,5,1,1,1,6,A50-Sens Marseille vers,0.0,0.0
201400051375,23,6,14,7,1,13,55,1,1,1,2,A7-Sens Marseille vers L,0.0,0.0
201400051376,22,6,14,12,1,13,5,1,1,1,2,A50-Sens Marseille vers,0.0,0.0
201400051377,19,6,14,14,1,13,55,1,1,1,7,A50-Sens Aubagne vers Ma,0.0,0.0
201400051378,24,6,14,20,1,13,55,1,1,1,2,A7-Sens Marseille vers L,0.0,0.0
201400051379,25,6,14,6,2,13,55,1,1,2,6,A7-Sens Marseille vers L,0.0,0.0
201400051380,26,6,14,8,1,13,55,1,1,1,4,A7-Sens Marseille vers L,0.0,0.0
201400051381,26,6,14,15,1,13,56,1,1,1,3,A55-Sens Martigues vers,0.0,0.0
201400051382,28,6,14,4,3,13,5,1,1,1,6,A50-Sens Aubagne vers Ma,0.0,0.0
201400051383,29,6,14,17,1,13,88,1,1,1,5,A55-sens Martigues vers,0.0,0.0
201400051384,30,6,14,7,1,13,22,1,1,1,4,A50-Sens Toulon vers Aub,0.0,0.0
201400051385,30,6,14,11,1,13,81,1,1,1,2,A7-Sens Marseille vers L,0.0,0.0
201400051386,25,6,14,17,1,13,5,1,1,1,2,A50-Sens Marseille vers,0.0,0.0
201400051387,1,7,14,7,1,13,55,1,1,1,7,A55-Sens Martigues=vers,0.0,0.0