Num_Acc,jour,mois,an,hr,condition_eclairage,departement,commune,condition_agglomeration,intersection,condition_atmosphere,type_collision,adresse,lattitude,longitude
201400051388,1,7,14,9,1,13,15,1,1,1,7,A51-Sens Marseille*vers,0.0,0.0
201400051389,1,7,14,13,1,13,26,1,1,1,7,A55-Sens Marseille vers,0.0,0.0
201400051390,1,7,14,20,1,13,55,1,1,1,3,A50-Sens Marseille*vers,0.0,0.0
201400051391,3,7,14,7,1,13,106,1,1,1,7,A7-Sens Lyon vers Marsei,0.0,0.0
201400051392,4,7,14,13,1,13,55,1,1,1,2,Tunnel Prado Car?nage,0.0,0.0
201400051393,5,7,14,17,1,13,5,1,1,1,2,A50 - Sens Aubagne vers,0.0,0.0
201400051394,6,7,14,12,1,13,5,1,1,1,2,A50-Sens*Marseille vers,0.0,0.0
201400051395,6,7,14,18,1,13,5,1,1,1,6,A50 - Sens Aubagne*vers,0.0,0.0
201400051396,11,7,14,15,1,13,1,1,1,1,7,A51-Sens Aix en Provence,0.0,0.0
201400051397,12,7,14,3,3,13,71,1,1,1,6,A51-Sens Aix en Provence,0.0,0.0
201400051398,15,7,14,20,1,13,56,1,1,1,2,A55-Sens Marseille*vers,0.0,0.0
201400051399,15,7,14,8,1,13,55,1,1,1,2,A7-Sens Lyon vers*Marsei,0.0,0.0
201400051400,15,7,14,19,1,13,55,1,1,1,2,A7-Sens Lyon vers*Marsei,0.0,0.0
201400051401,17,7,14,18,1,13,71,1,1,1,6,A7-Sens Lyon vers Marsei,0.0,0.0
201400051402,18,7,14,9,1,13,85,1,1,1,3,A50-Sens Aubagne vers To,0.0,0.0
201400051403,18,7,14,9,1,13,5,1,1,1,4,A50 - Sens Aubagne vers,0.0,0.0
201400051404,23,7,14,13,1,13,26,1,1,1,6,A55-Sens Marseille;vers,0.0,0.0
201400051405,24,7,14,10,1,13,55,1,1,1,7,A55-Sens Marseille vers,0.0,0.0
201400051406,25,7,14,9,1,13,106,1,1,1,3,A7-Sens Lyon vers Marsei,0.0,0.0
201400051407,26,7,14,22,5,13,5,1,1,1,1,A52-Sens Pont de l'Etoil,0.0,0.0
201400051408,30,7,14,18,1,13,106,1,1,1,2,A51-Sens Aix en Provence,0.0,0.0
201400051409,1,8,14,11,1,13,55,1,1,1,6,A7-Sens Lyon vers Marsei,0.0,0.0
201400051410,3,8,14,0,3,13,71,1,1,2,6,A51-Sens Marseille*vers,0.0,0.0
201400051411,4,8,14,12,1,13,117,1,1,1,6,A7-Sens Marseille*vers L,0.0,0.0
201400051412,31,7,14,18,1,13,55,1,1,1,6,A7-Sens Marseille vers L,0.0,0.0
201400051413,5,8,14,15,1,13,22,1,1,1,6,A50-Sens Toulon vers Aub,0.0,0.0
201400051414,7,8,14,21,3,13,5,1,1,1,3,A501-Sens Pont*de l' Eto,0.0,0.0
201400051415,11,8,14,18,1,13,55,1,1,1,2,A7-Sens Marseille*vers L,0.0,0.0
201400051416,13,8,14,16,1,13,55,1,1,1,3,TVPCD-Sens Les Ports ver,0.0,0.0
201400051417,17,8,14,10,1,13,5,1,1,1,6,A501-Sens*Pont de l' Eto,0.0,0.0
201400051418,22,8,14,8,1,13,70,1,1,1,2,A50-Sens Aubagne*vers Ma,0.0,0.0
201400051419,25,8,14,9,1,13,1,1,1,1,6,A51-Sens Marseille*vers,0.0,0.0
201400051420,29,8,14,13,1,13,55,1,1,1,5,A55-Sens Martigues*vers,0.0,0.0
201400051421,1,9,14,4,3,13,117,1,1,1,7,A7-Sens Lyon vers Marsei,0.0,0.0
201400051422,1,9,14,16,1,13,55,1,1,1,4,A50-Sens Marseille vers,0.0,0.0
201400051423,2,9,14,16,1,13,55,1,6,1,7,A55-Sens Martigues vers,0.0,0.0
201400051424,3,9,14,22,3,13,55,1,1,1,2,A55-Sens Martigues vers,0.0,0.0
201400051425,4,9,14,7,1,13,55,1,1,1,7,A50-Sens Aubagne vers Ma,0.0,0.0
201400051426,4,9,14,9,1,13,5,1,1,1,2,A501-Sens Pont de l' Eto,0.0,0.0
201400051427,5,9,14,16,1,13,1,1,1,1,2,A51-Sens Marseille vers,0.0,0.0
201400051428,6,9,14,22,3,13,43,1,1,1,2,A55-Sens Marseille vers,0.0,0.0
201400051429,7,9,14,1,3,13,55,1,1,1,2,A7-Sens Lyon vers Marsei,0.0,0.0
201400051430,7,9,14,6,3,13,55,1,1,1,2,A50-Sens Aubagne vers Ma,0.0,0.0
201400051431,7,9,14,6,2,13,55,1,1,1,2,A50-Sens Marseille vers,0.0,0.0
201400051432,7,9,14,13,1,13,1,1,1,1,7,A51-Sens Aix en Provence,0.0,0.0
201400051433,7,9,14,14,1,13,1,1,1,1,6,A51-Sens Aix en Provence,0.0,0.0
201400051434,7,9,14,20,1,13,71,1,1,1,7,A55-Sens Martigues vers,0.0,0.0
201400051435,9,9,14,18,1,13,55,1,1,1,2,A7-Sens Lyon vers Marsei,0.0,0.0
201400051436,5,9,14,18,1,13,55,1,1,1,2,A50-Sens Marseille vers,0.0,0.0
201400051437,10,9,14,17,1,13,71,1,1,1,5,A7-Sens Marseille vers L,0.0,0.0
201400051438,11,9,14,16,1,13,71,1,1,1,4,A7-Sens Marseille vers L,0.0,0.0
201400051439,12,9,14,7,1,13,117,1,1,1,2,A7-Sens Lyon vers Marsei,0.0,0.0
201400051440,13,9,14,7,3,13,5,1,1,1,6,A50-Sens Marseille vers,0.0,0.0
201400051441,14,9,14,6,3,13,70,1,1,1,5,A50-Sens Marseille vers,0.0,0.0
201400051442,11,9,14,18,1,13,5,1,1,1,4,A50-Sens Marseille vers,0.0,0.0
201400051443,16,9,14,15,1,13,88,1,1,1,7,A55-Sens Martigues vers,0.0,0.0
201400051444,16,9,14,17,1,13,55,1,1,1,2,A7-Sens Lyon vers Marsei,0.0,0.0
201400051445,16,9,14,8,1,13,88,1,1,1,2,A55-Sens Martigues vers,0.0,0.0
201400051446,17,9,14,13,1,13,55,1,1,8,7,A50-Sens Marseille vers,0.0,0.0
201400051447,17,9,14,14,1,13,55,1,1,1,4,A7-Sens Lyon vers Marsei,0.0,0.0
201400051448,17,9,14,19,1,13,55,1,1,1,2,A7-Sens Lyon vers Marsei,0.0,0.0
201400051449,18,9,14,16,1,13,1,1,1,1,4,A51-Sens Aix en Provence,0.0,0.0
201400051450,18,9,14,11,1,13,71,1,1,1,5,A55-Sens Martigues vers,0.0,0.0
201400051451,21,9,14,18,1,13,106,1,1,1,7,A51-Sens Aix en Provence,0.0,0.0
201400051452,21,9,14,20,3,13,55,1,1,1,4,A7-Sens Marseille vers L,0.0,0.0
201400051453,12,9,14,11,1,13,117,1,1,1,2,A7-Sens Lyon vers Marsei,0.0,0.0
201400051454,23,9,14,8,1,13,55,1,9,1,6,TVPCM-Sens Saint Victor,0.0,0.0
201400051455,24,9,14,9,1,13,55,1,1,2,7,A55-Sens Martigues vers,0.0,0.0
201400051456,24,9,14,9,1,13,55,1,1,2,2,A55-Sens Marseille vers,0.0,0.0
201400051457,26,9,14,17,1,13,71,1,1,1,2,A51-Sens Marseille vers,0.0,0.0
201400051458,30,9,14,11,1,13,55,1,1,2,3,Tunnel Joliette vers A.5,0.0,0.0
201400051459,30,9,14,14,1,13,55,1,1,2,3,A55-Sens Marseille vers,0.0,0.0
201400051460,1,10,14,13,1,13,55,1,1,1,2,A7-Sens Marseille vers*L,0.0,0.0
201400051461,2,10,14,17,1,13,55,1,1,1,2,A7-Sens Lyon vers Marsei,0.0,0.0
201400051462,5,10,14,21,3,13,55,1,1,1,6,A7-Sens*Marseille vers L,0.0,0.0
201400051463,7,10,14,11,1,13,55,1,1,1,4,TVPCD-Sens Les Ports ver,0.0,0.0
201400051464,7,10,14,12,1,13,5,1,1,1,3,A50 - Sens Aubagne*vers,0.0,0.0
201400051465,7,10,14,20,3,13,55,1,1,1,6,A7-Sens Marseille vers*L,0.0,0.0
201400051466,8,10,14,8,1,13,106,1,1,1,4,A51-Sens Aix en*Provence,0.0,0.0
201400051467,8,10,14,14,1,13,71,1,1,1,7,A55 - Sens*Marseille ver,0.0,0.0
201400051468,9,10,14,7,1,13,55,1,1,2,2,A55-Sens Marseille*vers,0.0,0.0
201400051469,10,10,14,7,1,13,55,1,1,1,6,A50-Sens Marseille*vers,0.0,0.0
201400051470,10,10,14,12,1,13,71,1,1,1,4,A7-Sens Marseille vers*L,0.0,0.0
201400051471,10,10,14,13,1,13,5,1,1,1,6,A50-Sens Aubagne*vers Ma,0.0,0.0
201400051472,11,10,14,15,1,13,19,1,1,1,4,A51-Sens Aix en*Provence,0.0,0.0
201400051473,12,10,14,7,2,13,26,1,1,1,6,A55-Sens Marseille*vers,0.0,0.0
201400051474,12,10,14,1,3,13,55,1,1,1,3,A55-Sens Martigues*vers,0.0,0.0
201400051475,14,10,14,13,1,13,55,1,1,8,5,A55-Sens Marseille*vers,0.0,0.0
201400051476,15,10,14,7,2,13,5,1,1,1,6,A501-Sens Pont de*l' Eto,0.0,0.0
201400051477,14,10,14,22,3,13,22,1,1,1,6,A50-Sens Toulon*vers Aub,0.0,0.0
201400051478,17,10,14,8,1,13,55,1,1,1,3,A50-Sens Aubagne vers*Ma,0.0,0.0
201400051479,18,10,14,12,1,13,55,1,1,1,6,TVPCM-Sens Saint Victor,0.0,0.0
201400051480,18,10,14,5,3,13,55,1,1,2,6,A55-Sens Martigues*vers,0.0,0.0
201400051481,17,10,14,10,1,13,71,1,1,1,3,A51-Sens Aix en*Provence,0.0,0.0
201400051482,19,10,14,12,1,13,55,1,1,1,4,A7-Sens Lyon vers*Marsei,0.0,0.0
201400051483,21,10,14,14,1,13,55,1,1,1,2,Tunnel Prado Car?nage,0.0,0.0
201400051484,21,10,14,21,3,13,15,1,1,1,6,A51-Sens Aix en*Provence,0.0,0.0
201400051485,21,10,14,21,3,13,55,1,1,1,2,A7-Sens Lyon vers Marsei,0.0,0.0
201400051486,22,10,14,12,1,13,55,1,1,6,2,A7-Sens Marseille vers*L,0.0,0.0
201400051487,25,10,14,5,3,13,71,1,1,1,6,A55-Sens Martigues*vers,0.0,0.0
201400051488,25,10,14,15,1,13,33,1,1,1,7,A55-Sens Martigues*vers,0.0,0.0
201400051489,22,10,14,19,3,13,26,1,1,1,3,A55-Sens Marseille*vers,0.0,0.0
201400051490,27,10,14,18,3,13,55,1,1,1,2,A55-Sens Marseille*vers,0.0,0.0
201400051491,24,10,14,7,1,13,15,1,1,1,3,A51-Sens Marseille*vers,0.0,0.0
201400051492,28,10,14,18,3,13,71,1,1,1,2,A7-Sens Lyon*vers Marsei,0.0,0.0
201400051493,29,10,14,12,1,13,55,1,1,1,2,A7-Sens Marseille vers*L,0.0,0.0
201400051494,30,10,14,7,1,13,55,1,1,1,2,A7-Sens Lyon vers*Marsei,0.0,0.0
201400051495,31,10,14,17,1,13,1,1,1,1,7,A51-Sens Marseille*vers,0.0,0.0
201400051496,31,10,14,19,3,13,55,1,1,1,4,A50-Sens Aubagne vers*Ma,0.0,0.0
201400051497,1,11,14,7,2,13,15,1,1,5,7,A51-Sens Aix en*Provence,0.0,0.0
201400051498,2,11,14,8,1,13,1,1,1,1,3,A51-Sens Aix en*Provence,0.0,0.0
201400051499,3,11,14,6,5,13,55,1,1,2,7,A55-Sens Marseille*vers,0.0,0.0
201400051500,3,11,14,7,2,13,85,1,1,3,6,A50-Sens Toulon vers*Aub,0.0,0.0
201400051501,3,11,14,7,1,13,55,1,1,2,7,A557-Liaison A7*Marseill,0.0,0.0
201400051502,29,10,14,18,3,13,85,1,1,1,7,A50-Sens Toulon vers*Aub,0.0,0.0
201400051503,4,11,14,7,3,13,56,1,1,3,4,A55-Sens Martigues*vers,0.0,0.0
201400051504,4,11,14,19,3,13,55,1,1,2,4,A7-Sens Marseille vers*L,0.0,0.0
201400051505,5,11,14,15,1,13,1,1,1,1,3,A51-Sens Aix en*Provence,0.0,0.0
201400051506,6,11,14,7,1,13,71,1,1,1,4,A55-Sens Martigues*vers,0.0,0.0
201400051507,6,11,14,10,1,13,55,1,1,1,6,A55-Sens Marseille*vers,0.0,0.0
201400051508,6,11,14,12,1,13,55,1,1,1,6,A55-Sens Martigues*vers,0.0,0.0
201400051509,6,11,14,16,1,13,15,1,1,1,2,A515CM-sortie*Gardanne/B,0.0,0.0
201400051510,4,11,14,3,1,13,55,1,1,2,6,A55-Sens Marseille*vers,0.0,0.0
201400051511,7,11,14,19,3,13,71,1,1,1,2,A7-Sens Lyon vers*Marsei,0.0,0.0
201400051512,7,11,14,20,3,13,55,1,1,1,2,A7-Sens Lyon vers*Marsei,0.0,0.0
201400051513,4,11,14,14,1,13,15,1,1,1,6,A51-Sens Aix en*Provence,0.0,0.0
201400051514,8,11,14,12,1,13,55,1,1,1,4,A7-Sens Lyon vers*Marsei,0.0,0.0
201400051515,9,11,14,3,3,13,81,1,1,1,2,A7-Sens Marseille vers*L,0.0,0.0
201400051516,11,11,14,15,1,13,22,1,1,3,3,A50-Sens Toulon vers*Aub,0.0,0.0
201400051517,11,11,14,15,1,13,55,1,1,8,5,A55-Sens Marseille*vers,0.0,0.0
201400051518,11,11,14,15,1,13,55,1,1,1,7,A557-Liaison A7*Marseill,0.0,0.0
201400051519,11,11,14,18,3,13,55,1,1,2,2,A7-Sens Marseille vers*L,0.0,0.0
201400051520,12,11,14,13,1,13,55,1,1,8,7,A55-Sens Marseille*vers,0.0,0.0
201400051521,16,11,14,6,5,13,55,1,1,1,2,A7-Sens Lyon vers*Marsei,0.0,0.0
201400051522,13,11,14,10,1,13,55,1,1,1,4,A55-Sens Martigues*vers,0.0,0.0
201400051523,13,11,14,14,1,13,55,1,1,1,7,A7-Sens Lyon vers*Marsei,0.0,0.0
201400051524,14,11,14,15,1,13,55,1,1,2,2,Tunnel Joliette vers A.5,0.0,0.0
201400051525,14,11,14,17,1,13,55,1,1,1,2,A7-Sens Lyon vers*Marsei,0.0,0.0
201400051526,14,11,14,18,3,13,5,1,1,3,4,A52-Sens Pont de*l'Etoil,0.0,0.0
201400051527,15,11,14,10,1,13,81,1,1,2,7,A7-Sens Lyon vers*Marsei,0.0,0.0
201400051528,15,11,14,11,1,13,33,1,1,2,7,A55-Sens Marseille*vers,0.0,0.0
201400051529,12,11,14,15,1,13,71,1,1,8,2,A7-Sens Marseille vers*L,0.0,0.0
201400051530,16,11,14,13,1,13,5,1,1,1,3,A50-Sens Marseille*vers,0.0,0.0
201400051531,16,11,14,4,3,13,1,1,1,1,2,A51-Sens Aix en*Provence,0.0,0.0
201400051532,16,11,14,21,3,13,43,1,1,1,7,A55-Sens Marseille*vers,0.0,0.0
201400051533,17,11,14,7,1,13,106,1,1,1,2,A51-Sens Aix en*Provence,0.0,0.0
201400051534,17,11,14,9,1,13,5,1,1,1,7,A501-Sens*Pont de l'Etoi,0.0,0.0
201400051535,17,11,14,18,3,13,55,1,1,1,2,A7-Sens Marseille vers*L,0.0,0.0
201400051536,17,11,14,18,3,13,5,1,1,1,2,A50-Sens Marseille*vers,0.0,0.0
201400051537,18,11,14,18,3,13,55,1,1,1,4,A7-Sens Lyon vers*Marsei,0.0,0.0
201400051538,18,11,14,8,1,13,55,1,1,1,4,Tunnel Joliette vers A.5,0.0,0.0
201400051539,19,11,14,17,3,13,1,1,1,1,2,A51-Sens Marseille*vers,0.0,0.0
201400051540,23,11,14,19,5,13,55,1,1,1,2,TVPCM-Sens Saint Victor,0.0,0.0
201400051541,25,11,14,2,3,13,1,1,1,1,6,A51-Sens Aix en*Provence,0.0,0.0
201400051542,25,11,14,7,1,13,55,1,1,3,4,A7-Sens Marseille vers*L,0.0,0.0
201400051543,25,11,14,8,1,13,1,1,1,3,4,A51-Sens Marseille*vers,0.0,0.0
201400051544,25,11,14,15,1,13,88,1,1,1,7,A55-Sens Martigues*vers,0.0,0.0
201400051545,25,11,14,10,1,13,19,1,1,2,7,A51-Sens Marseille*vers,0.0,0.0
201400051546,25,11,14,12,1,13,55,1,1,2,2,Tunnel Prado Car?nage,0.0,0.0
201400051547,26,11,14,7,1,13,33,1,1,2,6,A55-Sens Marseille*vers,0.0,0.0
201400051548,26,11,14,14,1,13,71,1,1,1,4,A7-Sens Marseille vers*L,0.0,0.0
201400051549,26,11,14,14,1,13,71,1,1,1,4,A7-Sens Marseille vers*L,0.0,0.0
201400051550,26,11,14,19,3,13,55,1,1,2,2,A55-Sens Marseille*vers,0.0,0.0
201400051551,27,11,14,8,1,13,55,1,1,2,6,A55-Sens Marseille*vers,0.0,0.0
201400051552,27,11,14,9,1,13,55,1,1,8,4,Tunnel Joliette vers A.5,0.0,0.0
201400051553,27,11,14,9,1,13,117,1,1,1,3,A7-Sens Lyon vers*Marsei,0.0,0.0
201400051554,27,11,14,16,1,13,71,1,1,2,6,A7-Sens Marseille vers*L,0.0,0.0
201400051555,28,11,14,7,1,13,55,1,1,1,3,A50-Sens Aubagne vers*Ma,0.0,0.0
201400051556,27,11,14,17,3,13,106,1,1,2,2,A51-Sens Aix en*Provence,0.0,0.0
201400051557,28,11,14,18,3,13,117,1,1,1,4,A7-Sens Marseille vers*L,0.0,0.0
201400051558,28,11,14,21,3,13,85,1,1,8,7,A50-Sens Toulon vers*Aub,0.0,0.0
201400051559,2,12,14,13,1,13,55,1,1,2,7,A55-Sens Marseille*vers,0.0,0.0
201400051560,1,12,14,17,3,13,55,1,1,2,2,A7-Sens Lyon vers*Marsei,0.0,0.0
201400051561,2,12,14,7,5,13,55,1,1,2,4,A7-Sens Marseille vers*L,0.0,0.0
201400051562,2,12,14,9,1,13,55,1,1,2,6,A55-Sens Marseille*vers,0.0,0.0
201400051563,2,12,14,9,1,13,5,1,1,8,5,A50-Sens Marseille*vers,0.0,0.0
201400051564,2,12,14,8,1,13,5,1,1,2,4,A50-Sens Aubagne vers*Ma,0.0,0.0
201400051565,2,12,14,15,1,13,55,1,1,1,4,TVPCD-Sens Les Ports*ver,0.0,0.0
201400051566,2,12,14,19,3,13,33,1,1,1,4,A55-SENS*MARTIGUES/MARSE,0.0,0.0
201400051567,3,12,14,1,5,13,55,1,1,1,2,Tunnel Joliette*vers A.5,0.0,0.0
201400051568,27,11,14,10,1,13,55,1,1,8,7,A557-Liaison A7*Marseill,0.0,0.0
201400051569,2,12,14,9,1,13,71,1,1,2,4,A7-Sens Lyon vers*Marsei,0.0,0.0
201400051570,4,12,14,16,2,13,81,1,1,1,2,A7-Sens Lyon vers*Marsei,0.0,0.0
201400051571,5,12,14,7,1,13,55,1,1,2,7,A55-Sens Martigues*vers,0.0,0.0
201400051572,6,12,14,14,1,13,55,1,1,2,4,A55-Sens Martigues*vers,0.0,0.0
201400051573,6,12,14,19,3,13,5,1,1,2,2,A50 - Sens Aubagne*vers,0.0,0.0
201400051574,6,12,14,20,3,13,55,1,1,2,3,A55-Sens Marseille*vers,0.0,0.0
201400051575,8,12,14,15,1,13,56,1,1,1,7,A55-Sens Martigues*vers,0.0,0.0
201400051576,8,12,14,16,1,13,71,1,1,1,2,F8-Sens Martigues vers*A,0.0,0.0
201400051577,11,12,14,14,1,13,117,1,1,1,6,A7-Sens Lyon vers*Marsei,0.0,0.0
201400051578,11,12,14,12,1,13,71,1,1,1,4,A7-Sens Marseille vers*L,0.0,0.0
201400051579,12,12,14,5,3,13,71,1,1,1,2,A7-Sens Lyon vers*Marsei,0.0,0.0
201400051580,8,12,14,19,3,13,81,1,1,1,2,A7-Sens Marseille vers*L,0.0,0.0
201400051581,14,12,14,5,4,13,55,1,1,1,5,A50-Sens Aubagne vers*Ma,0.0,0.0
201400051582,16,12,14,15,1,13,55,1,1,1,2,A55-Sens Marseille*vers,0.0,0.0
201400051583,15,12,14,8,1,13,71,1,1,1,3,A51-Sens Aix en*Provence,0.0,0.0
201400051584,20,12,14,5,3,13,22,1,1,1,6,A50-Sens Aubagne vers*To,0.0,0.0
201400051585,16,12,14,17,2,13,55,1,1,1,4,A7-Sens Lyon vers*Marsei,0.0,0.0
201400051586,22,12,14,17,1,13,71,1,1,1,7,A55 - Sens Marseille*ver,0.0,0.0
201400051587,24,12,14,19,3,13,88,1,1,1,7,A55-Sens Martigues*vers,0.0,0.0
201400051588,25,12,14,8,1,13,1,1,1,1,6,A51-Sens Marseille*vers,0.0,0.0
201400051589,27,12,14,14,1,13,55,1,1,1,7,A55-Sens Marseille*vers,0.0,0.0
201400051590,27,12,14,21,3,13,117,1,1,1,6,A7-Sens Marseille vers*L,0.0,0.0
201400051591,30,12,14,14,1,13,15,1,1,1,7,A51-Sens Aix en*Provence,0.0,0.0
201400051592,31,12,14,16,1,13,106,1,1,1,6,A7-Sens Lyon vers*Marsei,0.0,0.0
201400051593,22,12,14,17,2,13,55,1,1,1,4,A7-Sens Lyon vers*Marsei,0.0,0.0
201400051594,22,12,14,17,2,13,55,1,1,1,4,A50-Sens Marseille*vers,0.0,0.0
201400051595,13,1,14,18,3,13,55,1,1,1,3,A7-Sens Marseille vers L,0.0,0.0
201400051596,18,1,14,4,3,13,55,1,1,1,6,A7-Sens Marseille vers L,0.0,0.0
201400051597,23,1,14,12,1,13,55,1,1,1,4,Tunnel Joliette vers A.5,0.0,0.0
201400051598,25,1,14,17,1,13,33,1,1,6,7,A55-Sens Marseille vers,0.0,0.0
201400051599,29,1,14,14,1,13,1,1,1,7,6,A51-Sens Aix en Provence,0.0,0.0
201400051600,30,1,14,23,3,13,15,1,1,3,6,A51-Sens Aix en Provence,0.0,0.0
201400051601,31,1,14,9,1,13,71,1,1,2,2,A7-Sens Marseille vers L,0.0,0.0
201400051602,4,2,14,16,1,13,55,1,1,1,3,A7-Sens Lyon vers Marsei,0.0,0.0
201400051603,4,2,14,14,1,13,22,1,1,1,6,A50-Sens Aubagne vers To,0.0,0.0
201400051604,5,2,14,17,2,13,71,1,1,2,7,A51-Sens Aix en Provence,0.0,0.0
201400051605,8,2,14,3,3,13,117,1,1,1,7,A7-Sens Marseille vers L,0.0,0.0
201400051606,11,2,14,15,1,13,55,1,1,1,4,A50-Sens Marseille vers,0.0,0.0
201400051607,12,2,14,18,2,13,55,1,1,1,2,A7-Sens Marseille vers L,0.0,0.0
201400051608,19,2,14,17,1,13,55,1,1,1,4,A55-Sens Martigues vers,0.0,0.0
201400051609,23,2,14,16,1,13,55,1,1,1,2,A7-Sens Marseille vers L,43.36417,5.36064
201400051610,24,2,14,17,1,13,88,1,1,1,2,A55-Sens Marseille vers,0.0,0.0
201400051611,2,3,14,16,1,13,55,1,1,1,4,A7-Sens Lyon vers Marsei,0.0,0.0
201400051612,9,3,14,7,2,13,88,1,1,1,6,A55-sens Martigues vers,0.0,0.0
201400051613,14,3,14,1,3,13,55,1,1,1,2,A7-Sens Marseille vers L,0.0,0.0
201400051614,24,3,14,9,1,13,55,1,1,1,6,A50-Sens Marseille vers,0.0,0.0
201400051615,25,3,14,15,1,13,5,1,1,1,3,A50-Sens Aubagne vers Ma,0.0,0.0
201400051616,6,4,14,22,3,13,55,1,1,1,6,A55-Sens Marseille vers,0.0,0.0
201400051617,28,4,14,12,1,13,15,1,1,1,6,A515CD-Gardanne vers A51,0.0,0.0
201400051618,4,5,14,8,1,13,56,1,1,1,6,A55-Sens Martigues vers,0.0,0.0
201400051619,5,5,14,19,1,13,55,1,1,1,2,A50-Sens Marseille vers,0.0,0.0
201400051620,18,6,14,4,3,13,56,1,1,1,6,A55-Sens Marseille vers,0.0,0.0
201400051621,9,7,14,5,2,13,88,1,1,1,6,A55-sens Martigues vers,0.0,0.0
201400051622,16,7,14,17,1,13,56,1,1,1,4,A55-Sens Marseille vers,0.0,0.0
201400051623,18,7,14,5,3,13,5,1,1,1,7,A50 - Sens Aubagne vers,0.0,0.0
201400051624,20,7,14,11,1,13,117,1,1,1,6,A7-Sens Lyon vers Marsei,0.0,0.0
201400051625,25,7,14,19,1,13,117,1,1,2,2,A7-Sens Marseille vers L,0.0,0.0
201400051626,29,7,14,22,3,13,55,1,1,1,2,A50-Sens Aubagne vers Ma,0.0,0.0
201400051627,2,8,14,0,3,13,71,1,1,2,6,A55-Sens Martigues vers,0.0,0.0
201400051628,2,8,14,6,1,13,43,1,1,1,6,A55-Sens Martigues*vers,0.0,0.0
201400051629,13,8,14,11,1,13,55,1,1,8,3,Axe Littoral Sens*Nord -,0.0,0.0
201400051630,13,8,14,10,1,13,55,1,1,1,6,A55-Sens Martigues*vers,0.0,0.0
201400051631,17,8,14,2,3,13,81,1,1,1,7,A7-Sens Marseille vers L,0.0,0.0
201400051632,17,8,14,17,1,13,55,1,1,1,4,A7-Sens Lyon*vers Marsei,0.0,0.0
201400051633,21,8,14,0,3,13,55,1,1,1,6,A50-Sens Aubagne vers Ma,0.0,0.0
201400051634,24,8,14,15,1,13,71,1,1,1,6,F8-Sens Martigues*vers A,0.0,0.0
201400051635,4,9,14,7,1,13,56,1,1,1,2,A55-Sens Marseille vers,0.0,0.0
201400051636,7,9,14,0,3,13,85,1,1,1,7,A50-Sens Aubagne vers To,0.0,0.0
201400051637,11,9,14,19,1,13,55,1,1,1,6,A7-Sens Marseille vers L,0.0,0.0
201400051638,14,9,14,0,3,13,5,1,1,1,2,A50 - Sens Aubagne vers,0.0,0.0
201400051639,16,9,14,7,1,13,55,1,1,1,4,A7-Sens Lyon vers Marsei,0.0,0.0
201400051640,24,9,14,7,2,13,56,1,1,3,2,A55-Sens Martigues vers,0.0,0.0
201400051641,28,9,14,23,3,13,55,1,1,1,3,A7-Sens Marseille vers L,0.0,0.0
201400051642,26,9,14,11,1,13,5,1,1,1,3,A50-Sens Marseille vers,0.0,0.0
201400051643,29,9,14,12,1,13,26,1,1,1,3,A55-Sens Marseille vers,0.0,0.0
201400051644,30,9,14,10,1,13,117,1,1,2,6,A7-Sens Lyon vers Marsei,0.0,0.0
201400051645,1,10,14,15,1,13,55,1,1,1,2,Tunnel Prado Car?nage,0.0,0.0
201400051646,6,10,14,2,3,13,55,1,1,1,7,A7-Sens*Marseille vers L,0.0,0.0
201400051647,5,10,14,4,3,13,1,1,1,1,2,A51-Sens Marseille*vers,0.0,0.0
201400051648,11,10,14,9,1,13,85,1,1,8,6,A50-Sens Toulon vers*Aub,0.0,0.0
201400051649,7,10,14,8,1,13,55,1,1,1,3,A7-Sens Marseille*vers L,0.0,0.0
201400051650,17,10,14,16,1,13,5,1,1,1,2,A50-Sens Marseille*vers,0.0,0.0
201400051651,17,10,14,16,1,13,55,1,1,1,4,A7-Sens Lyon vers*Marsei,0.0,0.0
201400051652,18,10,14,17,1,13,71,1,1,1,6,A7-Sens*Marseille vers L,0.0,0.0
201400051653,22,10,14,19,3,13,55,1,1,1,2,A55-Sens Martigues*vers,0.0,0.0
201400051654,26,10,14,3,3,13,55,1,1,1,5,A55-Sens Marseille*vers,0.0,0.0
201400051655,24,10,14,18,2,13,15,1,1,1,4,A515CD-Gardanne vers*A51,0.0,0.0
201400051656,26,10,14,4,3,13,5,1,1,1,6,A52-Sens Pont*de l'Etoil,0.0,0.0
201400051657,30,10,14,7,1,13,71,1,1,1,6,A7-Sens Marseille vers*L,0.0,0.0
201400051658,3,11,14,7,2,13,5,1,1,3,6,A50-Sens Marseille *ers,0.0,0.0
201400051659,12,11,14,9,1,13,55,1,1,2,4,A7-Sens Marseille vers*L,0.0,0.0
201400051660,23,11,14,17,3,13,55,1,1,1,3,A7-Sens Lyon vers*Marsei,0.0,0.0