Num_Acc,jour,mois,an,hr,condition_eclairage,departement,commune,condition_agglomeration,intersection,condition_atmosphere,type_collision,adresse,lattitude,longitude
201400051661,23,11,14,0,5,13,55,1,1,1,2,A7-Sens Marseille vers L,0.0,0.0
201400051662,25,11,14,7,3,13,55,1,1,2,4,A7-Sens Lyon vers*Marsei,0.0,0.0
201400051663,25,11,14,8,1,13,56,1,1,3,5,A55-Sens Marseille*vers,0.0,0.0
201400051664,27,11,14,13,1,13,55,1,1,3,3,A50-Sens Aubagne vers*Ma,0.0,0.0
201400051665,12,12,14,0,3,13,71,1,1,1,5,A7-Sens Lyon vers*Marsei,0.0,0.0
201400051666,2,1,14,18,5,75,109,2,5,1,6,"30, BOULEVARD DES CAPUCI",0.0,0.0
201400051667,10,1,14,11,1,75,101,2,5,1,3,"1, BOULEVARD DE SEBASTOP",0.0,0.0
201400051668,17,1,14,8,1,75,101,2,2,1,2,"2, RUE DE CASTIGLIONE",0.0,0.0
201400051669,17,1,14,19,5,75,101,2,1,1,2,PONT NEUF,0.0,0.0
201400051670,17,1,14,19,5,75,101,2,7,1,2,PLACE DU CARROUSEL,0.0,0.0
201400051671,21,1,14,15,1,75,101,2,1,8,6,"91, RUE DE RIVOLI",0.0,0.0
201400051672,21,1,14,23,5,75,101,2,3,1,2,"38, RUE DU LOUVRE",0.0,0.0
201400051673,22,1,14,14,1,75,101,2,3,2,3,PONT ROYAL,0.0,0.0
201400051674,25,1,14,10,1,75,101,2,5,2,6,"01, QUAI DES TUILERIES",0.0,0.0
201400051675,25,1,14,20,5,75,101,2,1,1,6,"41, RUE SAINT HONORE",0.0,0.0
201400051676,26,1,14,1,5,75,102,2,2,1,2,"44, RUE ETIENNE MARCEL",0.0,0.0
201400051677,26,1,14,16,1,75,101,2,2,2,6,"1, RUE CAMBON",0.0,0.0
201400051678,28,1,14,7,2,75,101,2,2,1,3,RUE THERESE,0.0,0.0
201400051679,29,1,14,11,1,75,101,2,7,2,2,"2 ter, QUAI DE LA MEGISS",0.0,0.0
201400051680,31,1,14,15,1,75,101,2,2,1,7,"132, RUE DE RIVOLI",0.0,0.0
201400051681,1,2,14,17,1,75,101,2,3,2,6,"1, AVENUE GENERAL LEMONN",0.0,0.0
201400051682,3,2,14,14,1,75,101,2,7,1,3,"170, RUE DE RIVOLI",0.0,0.0
201400051683,8,2,14,16,1,75,101,2,2,1,4,"2, RUE DE L AMIRAL DE CO",0.0,0.0
201400051684,9,2,14,14,1,75,101,2,2,8,3,"1, RUE ETIENNE MARCEL",0.0,0.0
201400051685,10,2,14,6,5,75,101,2,3,1,6,"208, RUE DE RIVOLI",0.0,0.0
201400051686,10,2,14,18,5,75,101,2,2,1,6,"2, RUE SAINTE ANNE",0.0,0.0
201400051687,10,2,14,20,5,75,101,2,2,1,3,"9, RUE DES PETITS CHAMPS",0.0,0.0
201400051688,11,2,14,8,1,75,101,2,2,1,2,"12, QUAI FRANCOIS MITTER",0.0,0.0
201400051689,12,2,14,20,5,75,101,2,3,2,3,"75, RUE DE RIVOLI",0.0,0.0
201400051690,13,2,14,14,1,75,101,2,2,3,6,"11, RUE DE L ECHELLE",0.0,0.0
201400051691,14,2,14,10,1,75,101,2,2,2,6,PONT DU CARROUSEL,0.0,0.0
201400051692,14,2,14,12,1,75,101,2,3,2,7,"158, RUE DE RIVOLI",0.0,0.0
201400051693,14,2,14,14,1,75,101,2,2,2,6,"15, RUE CROIX DES PETITS",0.0,0.0
201400051694,17,2,14,9,1,75,101,2,2,8,3,"172, RUE DE RIVOLI",0.0,0.0
201400051695,18,2,14,12,1,75,101,2,1,1,7,QUAI FRANCOIS MITTERRAND,0.0,0.0
201400051696,19,2,14,17,1,75,101,2,2,1,3,"1, RUE DU PONT NEUF",0.0,0.0
201400051697,20,2,14,9,1,75,101,2,1,3,2,PONT AU CHANGE,0.0,0.0
201400051698,22,2,14,22,5,75,101,2,3,1,3,"59, BOULEVARD DE SEBASTO",0.0,0.0
201400051699,25,2,14,8,1,75,104,2,3,2,6,"12, RUE DE RIVOLI",0.0,0.0
201400051700,27,2,14,7,1,75,101,2,3,2,3,"162, RUE DE RIVOLI",0.0,0.0
201400051701,2,3,14,1,5,75,101,2,2,1,6,"01, QUAI DES TUILERIES",0.0,0.0
201400051702,3,3,14,10,1,75,101,2,1,1,4,"11, RUE DES PETITS CHAMP",0.0,0.0
201400051703,5,3,14,14,1,75,101,2,2,1,6,"29, BOULEVARD DE SEBASTO",0.0,0.0
201400051704,6,3,14,11,1,75,101,2,5,1,6,"12, AVENUE VICTORIA",0.0,0.0
201400051705,8,3,14,19,5,75,101,2,1,1,6,"1, QUAI DES TUILERIES",0.0,0.0
201400051706,8,3,14,20,5,75,101,2,1,1,7,"18, AVENUE VICTORIA",0.0,0.0
201400051707,8,3,14,21,5,75,101,2,7,1,4,"1, QUAI DES TUILERIES",0.0,0.0
201400051708,10,3,14,6,5,75,101,2,2,1,6,"1, RUE COQ HERON",0.0,0.0
201400051709,10,3,14,14,1,75,101,2,3,1,2,"194 bis, RUE DE RIVOLI",0.0,0.0
201400051710,13,3,14,16,1,75,101,2,2,1,6,"39, RUE DU LOUVRE",0.0,0.0
201400051711,13,3,14,21,5,75,101,2,7,1,3,"2, PLACE ANDRE MALRAUX",0.0,0.0
201400051712,14,3,14,14,1,75,101,2,3,1,6,"01, RUE DE TURBIGO",0.0,0.0
201400051713,16,3,14,4,5,75,101,2,1,1,2,"99, RUE DE RIVOLI",0.0,0.0
201400051714,19,3,14,7,1,75,101,2,2,1,6,"9, RUE DES HALLES",0.0,0.0
201400051715,25,3,14,15,1,75,101,2,2,2,6,"41, RUE DE RIVOLI",0.0,0.0
201400051716,29,3,14,3,5,75,101,2,2,1,3,"1, PLACE DES PYRAMIDES",0.0,0.0
201400051717,31,3,14,18,1,75,101,2,1,1,6,"29, AVENUE DE L OPERA",0.0,0.0
201400051718,2,4,14,4,5,75,101,2,2,1,3,QUAI FRANCOIS MITTERRAND,0.0,0.0
201400051719,2,4,14,10,1,75,101,2,1,1,7,"1, QUAI DES TUILERIES",0.0,0.0
201400051720,3,4,14,14,1,75,101,2,2,1,4,"27, BOULEVARD DE SEBASTO",0.0,0.0
201400051721,4,4,14,23,5,75,101,2,3,1,6,"63, RUE DE RIVOLI",0.0,0.0
201400051722,6,4,14,8,1,75,101,2,2,8,3,RUE SAINT FLORENTIN,0.0,0.0
201400051723,8,4,14,7,1,75,101,2,7,1,3,"33, RUE DU PONT NEUF",0.0,0.0
201400051724,11,4,14,11,1,75,101,2,7,1,6,"6, PLACE DU CARROUSEL",0.0,0.0
201400051725,13,4,14,3,5,75,101,2,5,1,3,"36, RUE ETIENNE MARCEL",0.0,0.0
201400051726,17,4,14,16,1,75,101,2,2,1,2,"41, RUE DE RIVOLI",0.0,0.0
201400051727,23,4,14,19,1,75,101,2,2,1,3,"02, RUE DE L AMIRAL DE C",0.0,0.0
201400051728,30,4,14,9,1,75,101,2,2,1,6,RUE DES PROUVAIRES,0.0,0.0
201400051729,30,4,14,11,1,75,101,2,3,1,3,"12, QUAI DU LOUVRE",0.0,0.0
201400051730,3,5,14,18,1,75,104,2,3,1,6,"1, RUE DE LA CITE",0.0,0.0
201400051731,3,5,14,21,5,75,101,2,1,1,6,"20, RUE DU LOUVRE",0.0,0.0
201400051732,3,5,14,2,5,75,101,2,1,1,2,"162, RUE DE RIVOLI",0.0,0.0
201400051733,4,5,14,15,1,75,101,2,2,1,2,QUAI DU LOUVRE,0.0,0.0
201400051734,5,5,14,16,1,75,109,2,3,1,7,"80, RUE DE CLICHY",0.0,0.0
201400051735,8,5,14,16,1,75,101,2,1,2,2,QUAI DES TUILERIES,0.0,0.0
201400051736,13,5,14,11,1,75,101,2,3,1,6,"194bis, RUE DE RIVOLI",0.0,0.0
201400051737,15,5,14,18,1,75,101,2,1,1,6,QUAI DES TUILERIES,0.0,0.0
201400051738,17,5,14,17,1,75,101,2,5,7,6,"9, BOULEVARD DE SEBASTOP",0.0,0.0
201400051739,18,5,14,0,5,75,101,2,1,1,6,"45, RUE SAINT HONORE",0.0,0.0
201400051740,19,5,14,11,1,75,101,2,3,1,3,"218, RUE DE RIVOLI",0.0,0.0
201400051741,19,5,14,13,1,75,101,2,1,1,6,AVENUE GENERAL LEMONNIER,0.0,0.0
201400051742,21,5,14,19,1,75,101,2,7,3,7,"2, PLACE VENDOME",0.0,0.0
201400051743,23,5,14,11,1,75,104,2,1,2,3,"6, BOULEVARD DU PALAIS",0.0,0.0
201400051744,24,5,14,14,1,75,101,2,2,2,7,"189, RUE SAINT HONORE",0.0,0.0
201400051745,25,5,14,12,1,75,101,2,7,1,6,"2, QUAI FRANCOIS MITTERR",0.0,0.0
201400051746,28,5,14,15,1,75,101,2,1,1,2,"48, RUE DU LOUVRE",0.0,0.0
201400051747,28,5,14,18,1,75,101,2,1,2,7,"2 bis, QUAI DE LA MEGISS",0.0,0.0
201400051748,30,5,14,9,1,75,102,2,1,1,6,"19, RUE VIVIENNE",0.0,0.0
201400051749,4,6,14,11,1,75,101,2,3,2,3,"162, RUE DE RIVOLI",0.0,0.0
201400051750,7,6,14,6,1,75,101,2,1,1,6,"0, QUAI FRANCOIS MITTERR",0.0,0.0
201400051751,10,6,14,18,1,75,101,2,2,2,6,"114, RUE SAINT HONORE",0.0,0.0
201400051752,12,6,14,13,1,75,101,2,2,1,6,"53, RUE DE RIVOLI",0.0,0.0
201400051753,13,6,14,9,1,75,108,2,1,1,6,"15, RUE BOISSY D ANGLAS",0.0,0.0
201400051754,14,6,14,20,1,75,101,2,1,1,6,"31, RUE DU PONT NEUF",0.0,0.0
201400051755,15,6,14,17,1,75,101,2,2,1,3,"1, QUAI DE L HORLOGE",0.0,0.0
201400051756,20,6,14,0,5,75,101,2,1,1,1,"1, RUE SAINT DENIS",0.0,0.0
201400051757,21,6,14,0,5,75,101,2,2,1,2,"7, RUE COQ HERON",0.0,0.0
201400051758,21,6,14,2,5,75,101,2,1,1,7,"2, QUAI DES TUILERIES",0.0,0.0
201400051759,26,6,14,22,5,75,101,2,2,1,7,"27, RUE ETIENNE MARCEL",0.0,0.0
201400051760,27,6,14,0,5,75,101,2,4,1,6,QUAI DES TUILERIES,0.0,0.0
201400051761,27,6,14,9,1,75,101,2,1,7,6,"32, VOIE GEORGES POMPIDO",0.0,0.0
201400051762,29,6,14,15,1,75,101,2,3,2,4,"2 ter, QUAI DE LA MEGISS",0.0,0.0
201400051763,30,6,14,18,1,75,101,2,7,1,1,"1, PLACE DU LOUVRE",0.0,0.0
201400051764,1,7,14,9,1,75,101,2,1,2,6,"44, RUE DU LOUVRE",0.0,0.0
201400051765,2,7,14,11,1,75,101,2,3,1,6,"162, RUE DE RIVOLI",0.0,0.0
201400051766,5,7,14,20,1,75,101,2,3,1,3,"30, RUE DU MONT THABOR",0.0,0.0
201400051767,8,7,14,21,5,75,101,2,2,2,2,"21, BOULEVARD DE SEBASTO",0.0,0.0
201400051768,12,7,14,6,2,75,101,2,3,1,6,"232, RUE DE RIVOLI",0.0,0.0
201400051769,18,7,14,20,1,75,101,2,2,1,3,"1, RUE VIVIENNE",0.0,0.0
201400051770,19,7,14,16,1,75,101,2,3,1,2,QUAI DES TUILERIES,0.0,0.0
201400051771,20,7,14,8,1,75,101,2,7,1,3,QUAI FRANCOIS MITTERRAND,0.0,0.0
201400051772,22,7,14,11,1,75,101,2,5,1,6,"33, RUE DE L ARBRE SEC",0.0,0.0
201400051773,23,7,14,9,1,75,101,2,5,1,3,"144, RUE DE RIVOLI",0.0,0.0
201400051774,24,7,14,13,1,75,101,2,5,1,3,"22, QUAI DE LA MEGISSERI",0.0,0.0
201400051775,24,7,14,17,1,75,101,2,5,1,6,"41, RUE DE RIVOLI",0.0,0.0
201400051776,31,7,14,11,1,75,101,2,1,1,2,"44, RUE DU LOUVRE",0.0,0.0
201400051777,31,7,14,17,1,75,101,2,2,1,3,"25, BOULEVARD DE SEBASTO",0.0,0.0
201400051778,31,7,14,20,1,75,101,2,3,1,3,"106, RUE DE RIVOLI",0.0,0.0
201400051779,1,8,14,18,1,75,101,2,3,1,3,"208, RUE DE RIVOLI",0.0,0.0
201400051780,8,8,14,11,1,75,101,2,2,2,3,"22, RUE DU PONT NEUF",0.0,0.0
201400051781,9,8,14,12,1,75,101,2,7,1,3,"113, RUE DE RIVOLI",0.0,0.0
201400051782,13,8,14,12,1,75,101,2,3,1,2,"208, RUE DE RIVOLI",0.0,0.0
201400051783,13,8,14,18,1,75,102,2,1,1,6,"105, BOULEVARD DE SEBAST",0.0,0.0
201400051784,18,8,14,18,1,75,101,2,3,1,2,"194, RUE DE RIVOLI",0.0,0.0
201400051785,20,8,14,22,5,75,101,2,1,1,6,"85, RUE DE RIVOLI",0.0,0.0
201400051786,23,8,14,21,5,75,101,2,1,1,6,"121, RUE SAINT DENIS",0.0,0.0
201400051787,24,8,14,21,5,75,101,2,4,1,6,"1, QUAI DES TUILERIES",0.0,0.0
201400051788,28,8,14,12,1,75,101,2,2,1,6,"10, RUE SAINT DENIS",0.0,0.0
201400051789,28,8,14,14,1,75,101,2,2,1,6,"2, PLACE DU CARROUSEL",0.0,0.0
201400051790,28,8,14,16,1,75,101,2,2,1,3,"28, RUE MOLIERE",0.0,0.0
201400051791,29,8,14,17,1,75,101,2,3,1,4,"118, RUE DE RIVOLI",0.0,0.0
201400051792,29,8,14,23,5,75,101,2,1,1,6,"1, QUAI DES TUILERIES",0.0,0.0
201400051793,30,8,14,16,1,75,101,2,2,1,3,"269, RUE SAINT HONORE",0.0,0.0
201400051794,5,9,14,19,1,75,101,2,2,1,6,"0, RUE DE L AMIRAL DE CO",0.0,0.0
201400051795,10,9,14,9,1,75,101,2,2,1,4,"99, RUE DE RIVOLI",0.0,0.0
201400051796,12,9,14,20,5,75,101,2,1,1,3,SOUTERRAIN TUILERIES,0.0,0.0
201400051797,13,9,14,2,5,75,101,2,2,1,3,"1, PONT AU CHANGE",0.0,0.0
201400051798,14,9,14,21,5,75,101,2,3,1,6,"15, RUE DU LOUVRE",0.0,0.0
201400051799,17,9,14,16,1,75,101,2,3,1,6,"14, QUAI DE LA MEGISSERI",0.0,0.0
201400051800,18,9,14,15,1,75,101,2,2,8,4,"02, QUAI DU LOUVRE",0.0,0.0
201400051801,23,9,14,16,1,75,101,2,2,1,3,"3, RUE DU LOUVRE",0.0,0.0
201400051802,24,9,14,5,5,75,101,2,1,1,7,"45, RUE DE RIVOLI",0.0,0.0
201400051803,25,9,14,9,1,75,101,2,5,1,1,"15, RUE CROIX DES PETITS",0.0,0.0
201400051804,29,9,14,19,5,75,101,2,1,1,2,"245, RUE SAINT HONORE",0.0,0.0
201400051805,3,10,14,0,5,75,101,2,2,1,6,"136, RUE DE RIVOLI",0.0,0.0
201400051806,8,10,14,9,1,75,101,2,4,3,6,"29, AVENUE DE L OPERA",0.0,0.0
201400051807,9,10,14,12,1,75,101,2,3,1,7,"194, RUE SAINT HONORE",0.0,0.0
201400051808,10,10,14,20,5,75,101,2,7,1,2,"1, PLACE COLETTE",0.0,0.0
201400051809,13,10,14,13,1,75,101,2,2,1,6,"156, RUE DE RIVOLI",0.0,0.0
201400051810,16,10,14,19,5,75,101,2,4,2,2,"15, QUAI DES TUILERIES",0.0,0.0
201400051811,19,10,14,3,5,75,101,2,1,1,3,"14, QUAI DU LOUVRE",0.0,0.0
201400051812,23,10,14,20,5,75,101,2,1,2,6,VOIE GEORGES POMPIDOU,0.0,0.0
201400051813,24,10,14,10,1,75,101,2,1,1,3,"47, RUE DE RIVOLI",0.0,0.0
201400051814,25,10,14,6,3,75,101,2,2,1,1,"35, RUE ETIENNE MARCEL",0.0,0.0
201400051815,25,10,14,13,1,75,101,2,2,2,6,"2, RUE DES HALLES",0.0,0.0
201400051816,27,10,14,8,1,75,101,2,3,1,3,"35, RUE ETIENNE MARCEL",0.0,0.0
201400051817,29,10,14,7,3,75,101,2,7,1,6,"2, PLACE DES PYRAMIDES",0.0,0.0
201400051818,1,11,14,23,5,75,101,2,5,1,3,"07, BOULEVARD DE SEBASTO",0.0,0.0
201400051819,2,11,14,23,5,75,101,2,3,3,6,"162, RUE DE RIVOLI",0.0,0.0
201400051820,4,11,14,18,5,75,101,2,1,1,6,"11, BOULEVARD DE SEBASTO",0.0,0.0
201400051821,6,11,14,1,5,75,101,2,4,1,6,"1, QUAI DES TUILERIES",0.0,0.0
201400051822,6,11,14,9,1,75,101,2,3,1,6,"150, RUE DE RIVOLI",0.0,0.0
201400051823,6,11,14,14,1,75,101,2,1,1,2,"21, BOULEVARD DE LA MADE",0.0,0.0
201400051824,11,11,14,6,5,75,101,2,1,1,6,"11, BOULEVARD DE LA MADE",0.0,0.0
201400051825,11,11,14,16,1,75,101,2,2,1,6,"1, QUAI FRANCOIS MITTERR",0.0,0.0
201400051826,12,11,14,8,1,75,101,2,1,1,7,QUAI FRANCOIS MITTERRAND,0.0,0.0
201400051827,13,11,14,9,1,75,101,2,2,1,1,"10, RUE DU LOUVRE",0.0,0.0
201400051828,13,11,14,17,5,75,101,2,4,1,7,QUAI DES TUILERIES,0.0,0.0
201400051829,14,11,14,16,1,75,101,2,3,1,7,"41, BOULEVARD DE SEBASTO",0.0,0.0
201400051830,15,11,14,2,5,75,101,2,2,3,1,"10, AVENUE DE L OPERA",0.0,0.0
201400051831,18,11,14,14,1,75,101,2,2,1,6,"31, BOULEVARD DE SEBASTO",0.0,0.0
201400051832,20,11,14,16,2,75,101,2,1,2,6,"5, RUE DU LOUVRE",0.0,0.0
201400051833,24,11,14,5,5,75,101,2,1,1,6,"13, RUE DES PYRAMIDES",0.0,0.0
201400051834,25,11,14,16,1,75,101,2,1,1,6,BOULEVARD DE SEBASTOPOL,0.0,0.0
201400051835,27,11,14,19,5,75,101,2,3,1,6,"19, BOULEVARD DE SEBASTO",0.0,0.0
201400051836,28,11,14,9,1,75,101,2,1,1,6,"8, RUE SAINT FLORENTIN",0.0,0.0
201400051837,28,11,14,21,5,75,101,2,4,1,6,"01, QUAI DES TUILERIES",0.0,0.0
201400051838,29,11,14,0,5,75,101,2,1,1,7,SOUTERRAIN TUILERIES,0.0,0.0
201400051839,30,11,14,17,5,75,101,2,1,1,2,"99, RUE DE RIVOLI",0.0,0.0
201400051840,2,12,14,18,5,75,101,2,3,2,3,RUE DE RIVOLI,0.0,0.0
201400051841,3,12,14,16,1,75,101,2,1,1,7,"16, RUE DE RICHELIEU",0.0,0.0
201400051842,7,12,14,12,1,75,102,2,2,1,3,"27, RUE DU QUATRE SEPTEM",0.0,0.0
201400051843,10,12,14,10,1,75,101,2,7,2,7,QUAI FRANCOIS MITTERRAND,0.0,0.0
201400051844,10,12,14,19,5,75,101,2,7,8,2,"03, PLACE VENDOME",0.0,0.0
201400051845,12,12,14,8,1,75,101,2,2,2,6,"23, BOULEVARD DE LA MADE",0.0,0.0
201400051846,12,12,14,8,1,75,101,2,7,2,3,"12, QUAI FRANCOIS MITTER",0.0,0.0
201400051847,12,12,14,19,5,75,101,2,4,3,6,"01, QUAI DES TUILERIES",0.0,0.0
201400051848,13,12,14,6,5,75,101,2,2,2,6,"25, BOULEVARD DE SEBASTO",0.0,0.0
201400051849,15,12,14,20,5,75,101,2,2,2,3,"199, RUE SAINT HONORE",0.0,0.0
201400051850,15,12,14,18,5,75,102,2,2,2,6,"94, RUE DE RICHELIEU",0.0,0.0
201400051851,23,12,14,1,5,75,101,2,2,1,6,"13, BOULEVARD DE SEBASTO",0.0,0.0
201400051852,27,12,14,20,5,75,101,2,1,2,2,PONT AU CHANGE,0.0,0.0
201400051853,31,12,14,19,5,75,101,2,2,1,2,BOULEVARD DE SEBASTOPOL,0.0,0.0
201400051854,22,1,14,9,1,75,101,2,7,8,3,RUE DE ROHAN,0.0,0.0
201400051855,9,1,14,15,1,75,102,2,2,2,3,"0, RUE SAINT AUGUSTIN",0.0,0.0
201400051856,10,1,14,21,5,75,102,2,2,1,6,RUE DU LOUVRE,0.0,0.0
201400051857,11,1,14,17,2,75,102,2,2,8,6,"91, BOULEVARD DE SEBASTO",0.0,0.0
201400051858,13,1,14,12,1,75,109,2,3,1,6,"10, RUE BALLU",0.0,0.0
201400051859,14,1,14,15,1,75,102,2,3,1,6,"8, RUE DU QUATRE SEPTEMB",0.0,0.0
201400051860,15,1,14,15,1,75,102,2,2,2,6,"1, BOULEVARD MONTMARTRE",0.0,0.0
201400051861,17,1,14,12,1,75,102,2,7,1,3,"4, PLACE DE L OPERA",0.0,0.0
201400051862,23,1,14,15,1,75,102,2,2,2,6,"18, RUE DE LA PAIX",0.0,0.0
201400051863,23,1,14,15,1,75,102,2,1,2,7,"107, RUE REAUMUR",0.0,0.0
201400051864,27,1,14,10,1,75,102,2,3,1,3,"2, RUE NOTRE DAME DES VI",0.0,0.0
201400051865,6,2,14,16,1,75,102,2,1,1,3,"26, RUE ETIENNE MARCEL",0.0,0.0
201400051866,8,2,14,22,5,75,102,2,1,1,6,"21, BOULEVARD POISSONNIE",0.0,0.0
201400051867,10,2,14,11,1,75,102,2,2,1,3,"36, RUE DE LA LUNE",0.0,0.0
201400051868,15,2,14,20,3,75,101,2,3,1,3,"01, PLACE DU LOUVRE",0.0,0.0
201400051869,22,2,14,22,5,75,102,2,2,1,3,BOULEVARD DES ITALIENS,0.0,0.0
201400051870,24,2,14,17,1,75,101,2,1,1,6,"251, RUE SAINT HONORE",0.0,0.0
201400051871,25,2,14,9,1,75,101,2,3,2,6,"61, RUE DE RIVOLI",0.0,0.0
201400051872,28,2,14,20,5,75,102,2,2,1,3,"76, RUE REAUMUR",0.0,0.0
201400051873,4,3,14,17,1,75,102,2,2,1,3,"115, RUE D ABOUKIR",0.0,0.0
201400051874,4,3,14,17,1,75,102,2,2,1,3,"70, BOULEVARD DE SEBASTO",0.0,0.0
201400051875,10,3,14,11,1,75,101,2,3,1,3,"216, RUE DE RIVOLI",0.0,0.0
201400051876,10,3,14,16,1,75,102,2,1,1,6,"107, RUE REAUMUR",0.0,0.0
201400051877,12,3,14,23,5,75,102,2,2,1,3,RUE DE RICHELIEU,0.0,0.0
201400051878,15,3,14,21,5,75,102,2,1,1,3,"16, RUE ETIENNE MARCEL",0.0,0.0
201400051879,1,4,14,18,1,75,102,2,1,1,3,BOULEVARD POISSONNIERE,0.0,0.0
201400051880,2,4,14,15,1,75,102,2,7,1,3,PLACE DE L OPERA,0.0,0.0
201400051881,7,4,14,9,1,75,103,2,1,1,6,"17, BOULEVARD SAINT MART",0.0,0.0
201400051882,8,4,14,12,1,75,102,2,2,1,2,"96, RUE REAUMUR",0.0,0.0
201400051883,8,4,14,16,1,75,102,2,7,1,6,"24, RUE DE LA PAIX",0.0,0.0
201400051884,9,4,14,20,2,75,102,2,2,1,3,RUE SAINT AUGUSTIN,0.0,0.0
201400051885,9,4,14,14,1,75,102,2,3,1,3,"113, BOULEVARD DE SEBAST",0.0,0.0
201400051886,10,4,14,16,1,75,102,2,2,1,3,"27, RUE DU QUATRE SEPTEM",0.0,0.0
201400051887,10,4,14,21,5,75,102,2,2,1,6,"21, RUE DE TURBIGO",0.0,0.0
201400051888,11,4,14,17,1,75,102,2,2,1,6,"21, RUE DE TURBIGO",0.0,0.0
201400051889,10,4,14,11,1,75,102,2,2,1,3,"77, RUE DE RICHELIEU",0.0,0.0
201400051890,18,4,14,16,1,75,102,2,7,1,3,"4, PLACE DE L OPERA",0.0,0.0
201400051891,19,4,14,13,1,75,102,2,1,1,6,"81, BOULEVARD DE SEBASTO",0.0,0.0
201400051892,24,4,14,15,1,75,102,2,3,1,3,"23, BOULEVARD DE BONNE N",0.0,0.0
201400051893,27,4,14,0,5,75,102,2,2,1,2,RUE REAUMUR,0.0,0.0
201400051894,29,4,14,19,5,75,102,2,2,3,1,RUE DU LOUVRE,0.0,0.0
201400051895,9,5,14,8,1,75,109,2,1,2,6,"32, BOULEVARD POISSONNIE",0.0,0.0
201400051896,12,5,14,10,1,75,102,2,1,1,6,"37, RUE DU LOUVRE",0.0,0.0
201400051897,20,5,14,14,1,75,102,2,1,1,6,"27, BOULEVARD POISSONNIE",0.0,0.0
201400051898,28,5,14,20,2,75,102,2,2,2,2,"14, RUE DANIELLE CASANOV",0.0,0.0
201400051899,30,5,14,9,1,75,102,2,7,1,3,"3, PLACE DE L OPERA",0.0,0.0
201400051900,4,6,14,10,2,75,103,2,1,2,3,"5, RUE DU GRENIER SAINT",0.0,0.0
201400051901,5,6,14,14,1,75,102,2,2,1,6,"67, BOULEVARD DE SEBASTO",0.0,0.0
201400051902,6,6,14,19,1,75,102,2,3,1,6,"29, BOULEVARD DE BONNE N",0.0,0.0
201400051903,10,6,14,15,1,75,102,2,1,3,2,"27, BOULEVARD DES ITALIE",0.0,0.0
201400051904,11,6,14,15,1,75,109,2,3,1,3,"15, RUE BLEUE",0.0,0.0
201400051905,12,6,14,14,1,75,101,2,2,1,2,"43, RUE DU LOUVRE",0.0,0.0
201400051906,17,6,14,16,1,75,102,2,2,1,3,"105, BOULEVARD DE SEBAST",0.0,0.0
201400051907,18,6,14,10,1,75,102,2,2,1,3,RUE DE PALESTRO,0.0,0.0
201400051908,17,6,14,18,1,75,102,2,3,1,3,"87, RUE DE RICHELIEU",0.0,0.0
201400051909,18,6,14,17,1,75,102,2,2,1,2,"43, AVENUE DE L OPERA",0.0,0.0
201400051910,20,6,14,10,1,75,102,2,2,1,6,"16, RUE DE LA MICHODIERE",0.0,0.0
201400051911,20,6,14,20,1,75,102,2,2,1,3,"135, BOULEVARD DE SEBAST",0.0,0.0
201400051912,24,6,14,21,1,75,102,2,2,1,3,BOULEVARD SAINT DENIS,0.0,0.0
201400051913,27,6,14,19,1,75,102,2,3,1,3,"2, PLACE DE L OPERA",0.0,0.0
201400051914,28,6,14,4,5,75,110,2,2,1,6,"2, BOULEVARD DE BONNE NO",0.0,0.0
201400051915,2,7,14,18,1,75,102,2,7,1,3,PLACE DE L OPERA,0.0,0.0
201400051916,5,7,14,13,1,75,102,2,1,8,2,"1, BOULEVARD DES CAPUCIN",0.0,0.0
201400051917,5,7,14,18,1,75,102,2,5,1,6,AVENUE DE L OPERA,0.0,0.0
201400051918,8,7,14,16,1,75,102,2,5,1,3,AVENUE DE L OPERA,0.0,0.0
201400051919,9,7,14,7,1,75,102,2,2,1,3,BOULEVARD POISSONNIERE,0.0,0.0
201400051920,11,7,14,9,1,75,101,2,1,2,7,"148, RUE DE RIVOLI",0.0,0.0
201400051921,11,7,14,14,1,75,102,2,2,2,3,"27, RUE DU QUATRE SEPTEM",0.0,0.0
201400051922,14,7,14,20,1,75,109,2,1,1,2,"6, BOULEVARD POISSONNIER",0.0,0.0
201400051923,15,7,14,15,1,75,102,2,1,1,6,RUE DE CLERY,0.0,0.0
201400051924,15,7,14,23,4,75,102,2,2,1,6,"99, RUE REAUMUR",0.0,0.0
201400051925,18,7,14,14,1,75,102,2,5,1,6,"114, RUE REAUMUR",0.0,0.0
201400051926,18,7,14,11,1,75,102,2,1,1,3,"5, BOULEVARD MONTMARTRE",0.0,0.0
201400051927,20,7,14,3,4,75,102,2,2,1,2,"76, RUE REAUMUR",0.0,0.0
201400051928,30,7,14,11,1,75,103,2,1,1,3,"69, RUE CHARLOT",0.0,0.0
201400051929,2,8,14,19,1,75,102,2,7,2,7,"1, PLACE DE LA BOURSE",0.0,0.0
201400051930,11,8,14,14,1,75,102,2,2,1,3,"111, BOULEVARD DE SEBAST",0.0,0.0
201400051931,12,8,14,23,5,75,109,2,2,1,3,"07, BOULEVARD POISSONNIE",0.0,0.0
201400051932,13,8,14,15,1,75,102,2,7,1,3,"3, PLACE DE L OPERA",0.0,0.0
201400051933,16,8,14,15,1,75,102,2,2,1,2,"21, BOULEVARD MONTMARTRE",0.0,0.0
201400051934,16,8,14,19,2,75,102,2,3,1,6,"7, RUE DE HANOVRE",0.0,0.0
201400051935,26,8,14,11,1,75,101,2,2,2,6,"52, RUE DU LOUVRE",0.0,0.0
201400051936,26,8,14,18,1,75,102,2,1,1,3,BOULEVARD DE BONNE NOUVE,0.0,0.0
201400051937,27,8,14,10,1,75,109,2,2,1,3,BOULEVARD POISSONNIERE,0.0,0.0
201400051938,28,8,14,19,1,75,102,2,1,1,2,"95, RUE REAUMUR",0.0,0.0