Num_Acc,jour,mois,an,hr,condition_eclairage,departement,commune,condition_agglomeration,intersection,condition_atmosphere,type_collision,adresse,lattitude,longitude
201400051939,29,8,14,11,1,75,102,2,7,1,6,"03, PLACE DE L OPERA",0.0,0.0
201400051940,30,8,14,17,1,75,102,2,7,1,2,"1, PLACE DE LA BOURSE",0.0,0.0
201400051941,7,9,14,0,5,75,101,2,1,1,6,QUAI DES TUILERIES,0.0,0.0
201400051942,11,9,14,10,1,75,102,2,5,1,3,"1, BOULEVARD DES CAPUCIN",0.0,0.0
201400051943,12,9,14,0,5,75,102,2,2,1,3,"5, RUE DE PORT MAHON",0.0,0.0
201400051944,12,9,14,15,1,75,102,2,5,1,6,"6, RUE DE CHOISEUL",0.0,0.0
201400051945,18,9,14,12,1,75,102,2,2,1,6,"77, RUE DE RICHELIEU",0.0,0.0
201400051946,19,9,14,21,5,75,104,2,2,1,2,"46, QUAI DES CELESTINS",0.0,0.0
201400051947,22,9,14,10,1,75,102,2,3,1,3,"29, RUE DU LOUVRE",0.0,0.0
201400051948,29,9,14,22,5,75,101,2,1,1,6,"130, RUE DE RIVOLI",0.0,0.0
201400051949,1,10,14,21,5,75,102,2,1,1,6,"21, BOULEVARD POISSONNIE",0.0,0.0
201400051950,3,10,14,10,1,75,102,2,1,1,3,"1, BOULEVARD DES CAPUCIN",0.0,0.0
201400051951,4,10,14,14,1,75,102,2,1,1,6,"25, RUE LOUIS LE GRAND",0.0,0.0
201400051952,10,10,14,9,1,75,102,2,2,3,2,"59, RUE REAUMUR",0.0,0.0
201400051953,11,10,14,6,5,75,101,2,2,3,6,QUAI FRANCOIS MITTERRAND,0.0,0.0
201400051954,15,10,14,0,5,75,102,2,1,1,7,"35, RUE DU LOUVRE",0.0,0.0
201400051955,16,10,14,18,5,75,102,2,3,1,3,"29, BOULEVARD DES CAPUCI",0.0,0.0
201400051956,17,10,14,18,3,75,102,2,2,1,3,"27, RUE DU QUATRE SEPTEM",0.0,0.0
201400051957,18,10,14,20,5,75,102,2,2,1,3,RUE SAINT DENIS,0.0,0.0
201400051958,21,10,14,13,1,75,102,2,5,3,3,"33, RUE DU MAIL",0.0,0.0
201400051959,28,10,14,19,5,75,102,2,2,1,6,"37, RUE DU LOUVRE",0.0,0.0
201400051960,28,10,14,19,5,75,102,2,1,1,6,"27, BOULEVARD DES CAPUCI",0.0,0.0
201400051961,9,11,14,2,5,75,102,2,2,1,3,"27, RUE DU QUATRE SEPTEM",0.0,0.0
201400051962,14,11,14,2,5,75,102,2,3,1,6,RUE REAUMUR,0.0,0.0
201400051963,16,11,14,6,5,75,102,2,1,1,6,RUE LOUIS LE GRAND,0.0,0.0
201400051964,18,11,14,13,1,75,102,2,2,1,3,"132, RUE REAUMUR",0.0,0.0
201400051965,23,11,14,13,1,75,102,2,3,1,3,"61, RUE DE CLERY",0.0,0.0
201400051966,25,11,14,12,1,75,102,2,2,8,6,"32, RUE NOTRE DAME DES V",0.0,0.0
201400051967,27,11,14,17,5,75,102,2,2,1,3,"1, BOULEVARD POISSONNIER",0.0,0.0
201400051968,28,11,14,19,5,75,102,2,5,1,6,"28, RUE DU QUATRE SEPTEM",0.0,0.0
201400051969,2,12,14,19,5,75,102,2,1,1,3,"21, BOULEVARD POISSONNIE",0.0,0.0
201400051970,4,12,14,19,5,75,102,2,2,1,7,"04, RUE ETIENNE MARCEL",0.0,0.0
201400051971,8,12,14,0,5,75,102,2,2,1,7,"3, BOULEVARD MONTMARTRE",0.0,0.0
201400051972,10,12,14,17,5,75,102,2,2,2,6,"5, BOULEVARD POISSONNIER",0.0,0.0
201400051973,15,12,14,11,1,75,102,2,3,2,6,RUE REAUMUR,0.0,0.0
201400051974,15,12,14,17,2,75,102,2,7,2,3,"3, PLACE DE L OPERA",0.0,0.0
201400051975,18,12,14,14,1,75,102,2,7,1,3,"3, PLACE DE L OPERA",0.0,0.0
201400051976,20,12,14,0,5,75,102,2,3,1,6,"9 bis, BOULEVARD POISSON",0.0,0.0
201400051977,9,1,14,15,1,75,102,2,3,2,6,"24, RUE DE TURBIGO",0.0,0.0
201400051978,9,1,14,19,5,75,103,2,2,1,6,"11, RUE DE POITOU",0.0,0.0
201400051979,15,1,14,20,5,75,103,2,2,2,6,"67, RUE DU TEMPLE",0.0,0.0
201400051980,23,1,14,23,5,75,103,2,1,1,7,"257, RUE SAINT MARTIN",0.0,0.0
201400051981,24,1,14,11,1,75,103,2,1,1,6,"6, RUE DE LA CORDERIE",0.0,0.0
201400051982,25,1,14,10,1,75,103,2,2,8,7,"24, RUE BEAUBOURG",0.0,0.0
201400051983,25,1,14,15,1,75,103,2,5,1,3,", RUE REAUMUR",0.0,0.0
201400051984,31,1,14,7,1,75,103,2,2,1,6,"24, RUE DE TURENNE",0.0,0.0
201400051985,31,1,14,11,1,75,103,2,1,1,6,"25, RUE MICHEL LE COMTE",0.0,0.0
201400051986,11,2,14,9,1,75,103,2,2,7,6,"44, RUE DES FRANCS BOURG",0.0,0.0
201400051987,14,2,14,18,5,75,101,2,1,9,4,"228, RUE DE RIVOLI",0.0,0.0
201400051988,15,2,14,19,5,75,103,2,2,8,7,"256, RUE SAINT MARTIN",0.0,0.0
201400051989,18,2,14,18,2,75,103,2,1,2,3,"23, RUE BEAUBOURG",0.0,0.0
201400051990,27,2,14,11,1,75,103,2,2,3,6,"61, BOULEVARD BEAUMARCHA",0.0,0.0
201400051991,28,2,14,19,3,75,103,2,2,2,3,"312, RUE SAINT MARTIN",0.0,0.0
201400051992,1,3,14,13,1,75,103,2,1,1,3,"205, RUE DU TEMPLE",0.0,0.0
201400051993,4,3,14,9,1,75,103,2,3,1,6,"155, RUE DU TEMPLE",0.0,0.0
201400051994,8,3,14,15,1,75,103,2,1,1,3,"9, RUE REAUMUR",0.0,0.0
201400051995,10,3,14,16,1,75,103,2,2,1,6,"78, RUE DES ARCHIVES",0.0,0.0
201400051996,24,3,14,16,1,75,103,2,1,1,2,"57, RUE DE TURBIGO",0.0,0.0
201400051997,8,4,14,17,1,75,103,2,1,1,6,"51, BOULEVARD BEAUMARCHA",0.0,0.0
201400051998,18,4,14,9,1,75,103,2,1,1,2,"93, BOULEVARD BEAUMARCHA",0.0,0.0
201400051999,23,4,14,18,1,75,103,2,3,1,3,"30, RUE DE TURENNE",0.0,0.0
201400052000,25,4,14,8,1,75,103,2,2,2,4,"88, BOULEVARD DE SEBASTO",0.0,0.0
201400052001,25,4,14,23,3,75,103,2,2,1,6,"73, RUE BEAUBOURG",0.0,0.0
201400052002,26,4,14,14,1,75,103,2,2,2,2,"90, BOULEVARD DE SEBASTO",0.0,0.0
201400052003,27,4,14,22,5,75,101,2,2,1,7,"65, BOULEVARD DE SEBASTO",0.0,0.0
201400052004,27,4,14,3,3,75,103,2,7,1,2,"9, PLACE DE LA REPUBLIQU",0.0,0.0
201400052005,2,5,14,8,1,75,103,2,2,1,6,"67, BOULEVARD BEAUMARCHA",0.0,0.0
201400052006,9,5,14,9,1,75,103,2,1,1,3,"29, RUE BEAUBOURG",0.0,0.0
201400052007,9,5,14,12,1,75,103,2,1,1,6,"39, BOULEVARD DU TEMPLE",0.0,0.0
201400052008,12,5,14,18,1,75,103,2,1,8,6,"17, BOULEVARD SAINT MART",0.0,0.0
201400052009,15,5,14,15,1,75,103,2,3,1,2,"26, RUE REAUMUR",0.0,0.0
201400052010,28,5,14,17,1,75,110,2,7,1,6,"12, PLACE DE LA REPUBLIQ",0.0,0.0
201400052011,30,5,14,14,1,75,102,2,2,1,3,"74, RUE REAUMUR",0.0,0.0
201400052012,4,6,14,11,1,75,103,2,1,2,6,"12, RUE VOLTA",0.0,0.0
201400052013,4,6,14,18,1,75,103,2,2,1,7,"67, BOULEVARD BEAUMARCHA",0.0,0.0
201400052014,10,6,14,23,5,75,104,2,2,1,3,"21, RUE SAINT ANTOINE",0.0,0.0
201400052015,11,6,14,13,1,75,103,2,2,1,3,"02, RUE SAINT GILLES",0.0,0.0
201400052016,12,6,14,20,1,75,103,2,5,1,6,"48, RUE DE TURBIGO",0.0,0.0
201400052017,14,6,14,18,1,75,103,2,1,1,2,"17, BOULEVARD SAINT MART",0.0,0.0
201400052018,20,6,14,20,1,75,103,2,7,1,3,"23, PLACE DE LA REPUBLIQ",0.0,0.0
201400052019,21,6,14,22,5,75,103,2,1,1,3,"29, RUE BEAUBOURG",0.0,0.0
201400052020,22,6,14,3,5,75,103,2,2,1,2,"48, RUE BEAUBOURG",0.0,0.0
201400052021,25,6,14,0,5,75,111,2,1,1,7,"42, BD RICHARD LENOIR",0.0,0.0
201400052022,25,6,14,9,1,75,103,2,2,1,7,"47, RUE DE TURBIGO",0.0,0.0
201400052023,28,6,14,5,1,75,103,2,2,1,3,"0, RUE DES FRANCS BOURGE",0.0,0.0
201400052024,5,7,14,0,5,75,103,2,3,1,3,"64, RUE REAUMUR",0.0,0.0
201400052025,7,7,14,12,1,75,103,2,2,1,2,"14, RUE DE BRETAGNE",0.0,0.0
201400052026,8,7,14,22,3,75,103,2,2,1,3,"60, BOULEVARD DE SEBASTO",0.0,0.0
201400052027,11,7,14,16,1,75,103,2,3,1,3,RUE SAINT MARTIN,0.0,0.0
201400052028,12,7,14,16,1,75,103,2,1,1,6,"65, RUE DE BRETAGNE",0.0,0.0
201400052029,13,7,14,21,2,75,103,2,2,1,6,"63, RUE DE TURBIGO",0.0,0.0
201400052030,15,7,14,10,1,75,103,2,1,1,3,"43, BOULEVARD SAINT MART",0.0,0.0
201400052031,19,7,14,12,1,75,103,2,2,1,4,"90, BOULEVARD DE SEBASTO",0.0,0.0
201400052032,19,7,14,15,1,75,102,2,5,1,6,RUE DE TURBIGO,0.0,0.0
201400052033,23,7,14,14,1,75,103,2,7,1,2,"15, PLACE DE LA REPUBLIQ",0.0,0.0
201400052034,24,7,14,18,1,75,103,2,2,1,6,"21, RUE REAUMUR",0.0,0.0
201400052035,24,7,14,18,1,75,103,2,1,1,3,"6, RUE DE THORIGNY",0.0,0.0
201400052036,30,7,14,10,1,75,103,2,2,1,2,"60, BOULEVARD DE SEBASTO",0.0,0.0
201400052037,6,8,14,15,1,75,103,2,2,2,6,"74bis, RUE DES TOURNELLE",0.0,0.0
201400052038,7,8,14,14,1,75,103,2,1,2,5,"51, BOULEVARD SAINT MART",0.0,0.0
201400052039,8,8,14,16,1,75,104,2,7,2,3,"7, PLACE DE LA BASTILLE",0.0,0.0
201400052040,9,8,14,2,5,75,104,2,3,2,3,"1, QUAI DE L HOTEL DE VI",0.0,0.0
201400052041,13,8,14,18,1,75,103,2,3,1,2,"60, BOULEVARD DE SEBASTO",0.0,0.0
201400052042,19,8,14,18,1,75,109,2,2,1,3,"29, RUE DE CHATEAUDUN",0.0,0.0
201400052043,22,8,14,1,5,75,103,2,2,1,2,"88, BOULEVARD DE SEBASTO",0.0,0.0
201400052044,21,8,14,13,1,75,103,2,1,1,2,"8, RUE DES QUATRE FILS",0.0,0.0
201400052045,26,8,14,15,1,75,103,2,2,1,6,"60, RUE REAUMUR",0.0,0.0
201400052046,29,8,14,13,1,75,103,2,3,1,7,"42, RUE BEAUBOURG",0.0,0.0
201400052047,30,8,14,16,1,75,103,2,7,1,2,"15, PLACE DE LA REPUBLIQ",0.0,0.0
201400052048,1,9,14,18,1,75,103,2,2,1,6,"103, RUE BEAUBOURG",0.0,0.0
201400052049,9,9,14,9,1,75,103,2,1,1,3,"3, BOULEVARD SAINT MARTI",0.0,0.0
201400052050,11,9,14,8,1,75,104,2,2,1,3,"02, BOULEVARD DE SEBASTO",0.0,0.0
201400052051,21,9,14,11,1,75,103,2,2,2,6,"43, RUE DE TURBIGO",0.0,0.0
201400052052,30,9,14,0,5,75,101,2,2,1,3,"10, QUAI FRANCOIS MITTER",0.0,0.0
201400052053,30,9,14,17,1,75,103,2,2,1,6,"51, RUE DE TURENNE",0.0,0.0
201400052054,1,10,14,9,1,75,103,2,3,1,3,"295, RUE SAINT MARTIN",0.0,0.0
201400052055,2,10,14,18,1,75,103,2,7,1,2,"15, PLACE DE LA REPUBLIQ",0.0,0.0
201400052056,3,10,14,1,5,75,103,2,2,1,6,"110, BOULEVARD DE SEBAST",0.0,0.0
201400052057,3,10,14,17,1,75,103,2,2,1,3,"10, RUE DUPETIT THOUARS",0.0,0.0
201400052058,6,10,14,20,5,75,103,2,2,2,6,"43, RUE REAUMUR",0.0,0.0
201400052059,8,10,14,16,1,75,111,2,7,1,6,"03, PLACE DE LA REPUBLIQ",0.0,0.0
201400052060,9,10,14,0,5,75,103,2,7,2,3,"13, PLACE DE LA REPUBLIQ",0.0,0.0
201400052061,10,10,14,23,5,75,103,2,7,1,1,"13, PLACE DE LA REPUBLIQ",0.0,0.0
201400052062,20,10,14,0,5,75,103,2,1,1,2,"37, BOULEVARD BEAUMARCHA",0.0,0.0
201400052063,27,10,14,10,1,75,103,2,3,1,6,"51, RUE DE BRETAGNE",0.0,0.0
201400052064,28,10,14,23,5,75,103,2,2,1,6,"29, RUE BEAUBOURG",0.0,0.0
201400052065,2,11,14,1,5,75,103,2,1,1,6,"173, RUE DU TEMPLE",0.0,0.0
201400052066,2,11,14,9,1,75,101,2,7,1,3,"0, PLACE DU PONT NEUF",0.0,0.0
201400052067,5,11,14,11,1,75,103,2,2,1,3,"23, RUE BEAUBOURG",0.0,0.0
201400052068,10,11,14,21,5,75,101,2,5,1,2,"15, RUE CROIX DES PETITS",0.0,0.0
201400052069,12,11,14,20,5,75,103,2,3,1,6,"112, BOULEVARD DE SEBAST",0.0,0.0
201400052070,17,11,14,21,5,75,101,2,7,2,2,"93, RUE DE RIVOLI",0.0,0.0
201400052071,18,11,14,10,1,75,103,2,4,1,3,"57, RUE DE TURBIGO",0.0,0.0
201400052072,22,11,14,16,1,75,103,2,7,1,6,"207, RUE DU TEMPLE",0.0,0.0
201400052073,25,11,14,19,5,75,103,2,1,2,6,"9, PLACE DE LA REPUBLIQU",0.0,0.0
201400052074,3,12,14,9,1,75,103,2,2,1,6,"74, RUE DE TURBIGO",0.0,0.0
201400052075,4,12,14,17,5,75,103,2,2,1,6,"1, BOULEVARD DU TEMPLE",0.0,0.0
201400052076,9,12,14,10,1,75,103,2,4,1,3,"174, RUE DU TEMPLE",0.0,0.0
201400052077,10,12,14,16,1,75,109,2,2,1,6,"2, RUE DU FAUBOURG MONTM",0.0,0.0
201400052078,15,12,14,9,1,75,102,2,2,1,7,"111, BOULEVARD DE SEBAST",0.0,0.0
201400052079,17,12,14,8,1,75,102,2,2,3,2,"77, BOULEVARD DE SEBASTO",0.0,0.0
201400052080,18,12,14,22,3,75,103,2,1,8,6,"14, RUE FROISSART",0.0,0.0
201400052081,20,12,14,9,1,75,103,2,1,1,3,"9, PLACE DE LA REPUBLIQU",0.0,0.0
201400052082,21,12,14,2,5,75,104,2,7,1,3,"3, PLACE DE LA BASTILLE",0.0,0.0
201400052083,27,12,14,20,5,75,103,2,2,3,3,"64, RUE REAUMUR",0.0,0.0
201400052084,8,6,14,12,1,75,109,2,1,1,6,"58, RUE DE DUNKERQUE",0.0,0.0
201400052085,1,1,14,4,5,75,104,2,2,1,6,"62, RUE DU ROI DE SICILE",0.0,0.0
201400052086,4,1,14,22,5,75,104,2,2,1,3,"34, RUE SAINT ANTOINE",0.0,0.0
201400052087,13,1,14,16,2,75,104,2,2,1,3,RUE BEAUTREILLIS,0.0,0.0
201400052088,14,1,14,8,1,75,104,2,1,1,2,"1, BOULEVARD DU PALAIS",0.0,0.0
201400052089,16,1,14,18,5,75,104,2,7,1,7,"49, BOULEVARD HENRI IV",0.0,0.0
201400052090,20,1,14,12,1,75,104,2,3,2,6,"28, RUE SAINT ANTOINE",0.0,0.0
201400052091,21,1,14,15,1,75,104,2,1,1,2,VOIE GEORGES POMPIDOU,0.0,0.0
201400052092,23,1,14,4,5,75,104,2,4,2,6,"0, QUAI DES CELESTINS",0.0,0.0
201400052093,3,2,14,13,1,75,104,2,5,1,6,"86, RUE DE RIVOLI",0.0,0.0
201400052094,5,2,14,15,1,75,104,2,2,1,3,"11, BOULEVARD DU PALAIS",0.0,0.0
201400052095,9,2,14,14,1,75,104,2,1,1,7,"23, BOULEVARD BEAUMARCHA",0.0,0.0
201400052096,7,2,14,20,5,75,104,2,1,1,2,"26, RUE DU RENARD",0.0,0.0
201400052097,10,2,14,12,1,75,104,2,1,1,2,VOIE GEORGES POMPIDOU,0.0,0.0
201400052098,13,2,14,8,1,75,104,2,2,2,6,"16, RUE SAINT MERRI",0.0,0.0
201400052099,17,2,14,10,1,75,104,2,2,8,3,"1, BOULEVARD BOURDON",0.0,0.0
201400052100,18,2,14,10,1,75,104,2,2,1,6,"43, BOULEVARD HENRI IV",0.0,0.0
201400052101,4,3,14,8,1,75,104,2,2,1,6,"11, AVENUE VICTORIA",0.0,0.0
201400052102,5,3,14,12,1,75,104,2,1,1,6,"2, RUE DE LA COUTELLERIE",0.0,0.0
201400052103,5,3,14,16,1,75,104,2,3,1,6,QUAI DE L HOTEL DE VILLE,0.0,0.0
201400052104,6,3,14,10,1,75,104,2,1,1,2,QUAI DE L HOTEL DE VILLE,0.0,0.0
201400052105,10,3,14,2,5,75,104,2,3,1,6,BOULEVARD BOURDON,0.0,0.0
201400052106,12,3,14,9,1,75,104,2,2,1,3,"8, QUAI DU MARCHE NEUF",0.0,0.0
201400052107,18,3,14,17,1,75,104,2,1,1,6,"23, BOULEVARD BEAUMARCHA",0.0,0.0
201400052108,21,3,14,11,1,75,104,2,2,1,2,PONT SAINT MICHEL,0.0,0.0
201400052109,24,3,14,9,1,75,112,2,1,1,3,PONT MORLAND,0.0,0.0
201400052110,26,3,14,15,1,75,104,2,1,1,3,"1, PONT MORLAND",0.0,0.0
201400052111,27,3,14,2,4,75,104,2,2,1,7,"1, BOULEVARD BOURDON",0.0,0.0
201400052112,31,3,14,15,1,75,104,2,1,1,2,PONT NOTRE DAME,0.0,0.0
201400052113,31,3,14,18,1,75,104,2,2,1,3,"1, QUAI DES CELESTINS",0.0,0.0
201400052114,2,4,14,10,1,75,104,2,2,1,3,"52, RUE DE RIVOLI",0.0,0.0
201400052115,2,4,14,16,1,75,103,2,1,1,3,"42, RUE BEAUBOURG",0.0,0.0
201400052116,4,4,14,12,1,75,104,2,1,1,6,"39, BOULEVARD BOURDON",0.0,0.0
201400052117,6,4,14,2,5,75,104,2,2,1,6,"3, RUE DE LA VERRERIE",0.0,0.0
201400052118,11,4,14,17,1,75,104,2,2,1,3,"02, RUE JACQUES COEUR",0.0,0.0
201400052119,12,4,14,21,5,75,104,2,7,1,2,"44, RUE DE RIVOLI",0.0,0.0
201400052120,16,4,14,21,5,75,104,2,2,1,2,"34, BOULEVARD HENRI IV",0.0,0.0
201400052121,20,4,14,15,1,75,104,2,2,6,6,RUE SAINTE CROIX DE LA B,0.0,0.0
201400052122,20,4,14,18,1,75,104,2,2,1,3,QUAI DE GESVRES,0.0,0.0
201400052123,22,4,14,19,2,75,104,2,5,2,7,"2, RUE DE LA COUTELLERIE",0.0,0.0
201400052124,25,4,14,3,5,75,101,2,1,2,6,"41, RUE DE RIVOLI",0.0,0.0
201400052125,28,4,14,22,5,75,104,2,2,1,6,"01, RUE DES TOURNELLES",0.0,0.0
201400052126,7,5,14,20,5,75,109,2,1,1,3,"10, RUE CHORON",0.0,0.0
201400052127,9,5,14,23,5,75,104,2,2,1,6,QUAI DU MARCHE NEUF,0.0,0.0
201400052128,10,5,14,16,1,75,104,2,2,2,6,"15, BOULEVARD DU PALAIS",0.0,0.0
201400052129,14,5,14,8,1,75,104,2,2,1,2,QUAI DE LA CORSE,0.0,0.0
201400052130,16,5,14,9,1,75,104,2,3,1,2,"62, RUE SAINT ANTOINE",0.0,0.0
201400052131,16,5,14,8,1,75,104,2,2,1,3,QUAI DE GESVRES,0.0,0.0
201400052132,21,5,14,23,5,75,104,2,2,2,2,"24, BOULEVARD DE SEBASTO",0.0,0.0
201400052133,22,5,14,10,1,75,104,2,7,2,6,"44, RUE DE RIVOLI",0.0,0.0
201400052134,27,5,14,12,1,75,104,2,1,1,6,"44, RUE DE RIVOLI",0.0,0.0
201400052135,30,5,14,15,1,75,104,2,2,1,6,"13, RUE SAINT ANTOINE",0.0,0.0
201400052136,30,5,14,19,1,75,104,2,2,1,6,RUE SAINT ANTOINE,0.0,0.0
201400052137,11,6,14,16,1,75,104,2,2,1,3,"35, RUE SAINT ANTOINE",0.0,0.0
201400052138,13,6,14,10,1,75,104,2,3,1,3,"48, QUAI DE L HOTEL DE V",0.0,0.0
201400052139,13,6,14,18,1,75,104,2,7,1,3,"3, RUE DE LOBAU",0.0,0.0
201400052140,15,6,14,11,1,75,104,2,2,1,7,"1, BOULEVARD MORLAND",0.0,0.0
201400052141,20,6,14,16,1,75,104,2,2,1,6,"01, RUE DES NONNAINS D H",0.0,0.0
201400052142,21,6,14,17,1,75,104,2,2,1,3,"32, RUE DE RIVOLI",0.0,0.0
201400052143,24,6,14,19,1,75,104,2,1,1,5,"74, RUE FRANCOIS MIRON",0.0,0.0
201400052144,24,6,14,19,1,75,104,2,1,1,4,"23, BOULEVARD HENRI IV",0.0,0.0
201400052145,26,6,14,19,1,75,104,2,1,1,6,"32, RUE DE RIVOLI",0.0,0.0
201400052146,27,6,14,21,5,75,104,2,4,1,2,"101, RUE SAINT ANTOINE",0.0,0.0
201400052147,28,6,14,1,5,75,104,2,2,1,6,"7, BOULEVARD DE SEBASTOP",0.0,0.0
201400052148,28,6,14,10,1,75,104,2,2,2,6,"80, RUE SAINT ANTOINE",0.0,0.0
201400052149,27,6,14,20,2,75,104,2,3,1,6,"11, AVENUE VICTORIA",0.0,0.0
201400052150,1,7,14,14,1,75,104,2,5,1,4,"92, QUAI DE L HOTEL DE V",0.0,0.0
201400052151,3,7,14,9,1,75,104,2,1,1,2,"21, BOULEVARD BOURDON",0.0,0.0
201400052152,5,7,14,12,1,75,104,2,1,1,6,"18, RUE DE L HOTEL DE VI",0.0,0.0
201400052153,5,7,14,17,1,75,104,2,3,1,3,QUAI DE L HOTEL DE VILLE,0.0,0.0
201400052154,7,7,14,20,2,75,104,2,2,2,3,"27, BOULEVARD BEAUMARCHA",0.0,0.0
201400052155,8,7,14,1,5,75,104,2,2,2,6,QUAI DE LA CORSE,0.0,0.0
201400052156,8,7,14,13,1,75,104,2,2,1,6,"20, RUE DU RENARD",0.0,0.0
201400052157,8,7,14,16,1,75,103,2,1,1,3,"19, BOULEVARD SAINT MART",0.0,0.0
201400052158,9,7,14,0,5,75,104,2,2,1,2,"12, QUAI DE GESVRES",0.0,0.0
201400052159,9,7,14,13,1,75,104,2,1,1,3,"4, RUE DE LOBAU",0.0,0.0
201400052160,10,7,14,6,2,75,104,2,7,2,3,"2, PLACE DU CHATELET",0.0,0.0
201400052161,11,7,14,14,1,75,104,2,2,2,3,"50, RUE DES ARCHIVES",0.0,0.0
201400052162,13,7,14,23,5,75,104,2,2,2,3,"1, QUAI DES CELESTINS",0.0,0.0
201400052163,18,7,14,16,1,75,104,2,2,1,2,"34, BOULEVARD HENRI IV",0.0,0.0
201400052164,20,7,14,3,4,75,104,2,2,2,6,"43, BOULEVARD HENRI IV",0.0,0.0
201400052165,21,7,14,15,1,75,104,2,3,1,6,"19, RUE DU RENARD",0.0,0.0
201400052166,22,7,14,10,1,75,104,2,4,1,6,"02, RUE CASTEX",0.0,0.0
201400052167,24,7,14,11,1,75,104,2,7,1,3,"3, PLACE DE LA BASTILLE",0.0,0.0
201400052168,26,7,14,23,5,75,104,2,2,1,2,"16, RUE VIEILLE DU TEMPL",0.0,0.0
201400052169,30,7,14,2,5,75,104,2,1,1,6,"16, QUAI DE GESVRES",0.0,0.0
201400052170,30,7,14,19,1,75,104,2,2,1,6,"42, RUE SAINT ANTOINE",0.0,0.0
201400052171,31,7,14,10,1,75,104,2,2,1,3,"76, QUAI DE L HOTEL DE V",0.0,0.0
201400052172,31,7,14,8,1,75,104,2,3,1,6,"1, RUE DE FOURCY",0.0,0.0
201400052173,1,8,14,20,1,75,104,2,1,1,6,QUAI DE L HOTEL DE VILLE,0.0,0.0
201400052174,7,8,14,16,1,75,103,2,2,1,7,"22, RUE BEAUBOURG",0.0,0.0
201400052175,8,8,14,10,1,75,104,2,5,2,3,"66, QUAI DE L HOTEL DE V",0.0,0.0
201400052176,8,8,14,10,1,75,104,2,2,2,6,"04, RUE DES ECOUFFES",0.0,0.0
201400052177,11,8,14,19,2,75,104,2,2,3,5,"22, RUE DE TURENNE",0.0,0.0
201400052178,22,8,14,15,1,75,104,2,2,1,2,"12, QUAI DE GESVRES",0.0,0.0
201400052179,28,8,14,15,1,75,104,2,1,8,2,"03, PLACE DE LA BASTILLE",0.0,0.0
201400052180,28,8,14,22,4,75,111,2,7,1,6,PLACE DE LA BASTILLE,0.0,0.0
201400052181,31,8,14,18,1,75,104,2,2,1,6,"22, RUE DE TURENNE",0.0,0.0
201400052182,10,9,14,14,1,75,104,2,2,1,3,"48, RUE DE RIVOLI",0.0,0.0
201400052183,17,9,14,3,5,75,104,2,1,1,2,QUAI DES CELESTINS,0.0,0.0
201400052184,18,9,14,15,1,75,104,2,3,1,6,"29, RUE DE RIVOLI",0.0,0.0
201400052185,23,9,14,19,1,75,104,2,2,1,6,"02, RUE DES ARCHIVES",0.0,0.0
201400052186,24,9,14,12,1,75,104,2,1,1,7,"52, RUE DE RIVOLI",0.0,0.0
201400052187,25,9,14,0,5,75,104,2,7,1,6,"3, PLACE DE LA BASTILLE",0.0,0.0
201400052188,25,9,14,12,1,75,104,2,4,1,6,"3, BOULEVARD BEAUMARCHAI",0.0,0.0
201400052189,26,9,14,8,1,75,104,2,2,1,7,"70, RUE DE RIVOLI",0.0,0.0
201400052190,27,9,14,15,1,75,104,2,3,1,6,"33, RUE VIEILLE DU TEMPL",0.0,0.0
201400052191,29,9,14,9,1,75,104,2,2,2,7,"31, RUE DE RIVOLI",0.0,0.0
201400052192,29,9,14,21,5,75,108,2,2,2,7,"02, QUAI DES TUILERIES",0.0,0.0
201400052193,3,10,14,20,2,75,104,2,7,1,3,"01, PONT AU CHANGE",0.0,0.0
201400052194,6,10,14,17,1,75,104,2,1,2,7,"21 bis, BOULEVARD BOURDO",0.0,0.0
201400052195,8,10,14,5,5,75,104,2,2,2,2,"1, BOULEVARD MORLAND",0.0,0.0
201400052196,19,10,14,18,1,75,104,2,1,1,7,"28, BOULEVARD HENRI IV",0.0,0.0
201400052197,21,10,14,19,4,75,104,2,2,2,7,"81, RUE SAINT ANTOINE",0.0,0.0
201400052198,28,10,14,15,1,75,104,2,3,1,3,"58, RUE DE LA VERRERIE",0.0,0.0
201400052199,1,11,14,22,5,75,104,2,3,1,6,"3, RUE DE RIVOLI",0.0,0.0
201400052200,1,11,14,3,5,75,104,2,2,1,6,"4, RUE SAINT MARTIN",0.0,0.0
201400052201,5,11,14,8,1,75,104,2,1,1,4,"14, RUE DE RIVOLI",0.0,0.0
201400052202,7,11,14,9,1,75,104,2,3,2,2,"6, RUE DE RIVOLI",0.0,0.0
201400052203,7,11,14,19,5,75,104,2,1,1,6,"4, RUE DE LOBAU",0.0,0.0
201400052204,9,11,14,2,5,75,101,2,1,1,6,QUAI DES TUILERIES,0.0,0.0
201400052205,11,11,14,9,1,75,104,2,1,1,6,"18, BOULEVARD HENRI IV",0.0,0.0
201400052206,13,11,14,7,1,75,104,2,7,1,2,"7, PLACE DE LA BASTILLE",0.0,0.0
201400052207,13,11,14,6,5,75,104,2,1,1,6,QUAI DES CELESTINS,0.0,0.0
201400052208,15,11,14,18,5,75,104,2,7,8,2,"01, PLACE DE L HOTEL DE",0.0,0.0
201400052209,18,11,14,11,1,75,104,2,3,8,7,"24, QUAI DES CELESTINS",0.0,0.0
201400052210,25,11,14,13,1,75,104,2,1,1,6,"76, RUE DE RIVOLI",0.0,0.0
201400052211,27,11,14,22,5,75,104,2,1,1,2,"12, RUE DU ROI DE SICILE",0.0,0.0
201400052212,3,12,14,7,2,75,104,2,2,2,6,QUAI HENRI IV,0.0,0.0
201400052213,4,12,14,10,1,75,104,2,5,1,3,"74, RUE DE RIVOLI",0.0,0.0
201400052214,6,12,14,15,1,75,104,2,2,7,6,"12, RUE DES DEUX PONTS",0.0,0.0