Num_Acc,jour,mois,an,hr,condition_eclairage,departement,commune,condition_agglomeration,intersection,condition_atmosphere,type_collision,adresse,lattitude,longitude
201400052215,9,12,14,14,1,75,104,2,1,1,2,VOIE GEORGES POMPIDOU,0.0,0.0
201400052216,9,12,14,15,1,75,104,2,2,1,3,"05, BOULEVARD HENRI IV",0.0,0.0
201400052217,10,12,14,9,1,75,104,2,1,2,7,"27, RUE DE RIVOLI",0.0,0.0
201400052218,13,12,14,2,5,75,104,2,3,3,7,"24, QUAI DES CELESTINS",0.0,0.0
201400052219,13,12,14,18,5,75,104,2,3,2,2,"30, QUAI DES CELESTINS",0.0,0.0
201400052220,15,12,14,9,1,75,104,2,1,2,7,"21, RUE SAINT ANTOINE",0.0,0.0
201400052221,21,12,14,15,1,75,104,2,3,8,3,"74, RUE DE RIVOLI",0.0,0.0
201400052222,21,12,14,20,5,75,104,2,7,8,3,"3, PLACE DE LA BASTILLE",0.0,0.0
201400052223,2,1,14,20,5,75,105,2,1,1,3,"15, RUE DE LA CLEF",0.0,0.0
201400052224,3,1,14,15,1,75,105,2,7,1,3,"48, RUE SAINT JACQUES",0.0,0.0
201400052225,13,1,14,16,1,75,105,2,2,1,3,"58, BOULEVARD SAINT MARC",0.0,0.0
201400052226,15,1,14,19,5,75,113,2,7,2,6,"184, BOULEVARD VINCENT A",0.0,0.0
201400052227,16,1,14,19,5,75,105,2,5,1,3,"143, BOULEVARD SAINT MIC",0.0,0.0
201400052228,17,1,14,7,5,75,105,2,2,1,6,"3, QUAI SAINT MICHEL",0.0,0.0
201400052229,18,1,14,14,1,75,105,2,3,1,3,"37, QUAI DE LA TOURNELLE",0.0,0.0
201400052230,19,1,14,3,5,75,105,2,4,3,6,"02, BOULEVARD DE L HOPIT",0.0,0.0
201400052231,22,1,14,20,5,75,105,2,3,2,3,"11, QUAI DE MONTEBELLO",0.0,0.0
201400052232,24,1,14,8,2,75,105,2,1,1,6,"20, AVENUE DES GOBELINS",0.0,0.0
201400052233,24,1,14,17,5,75,105,2,2,1,6,"133, RUE SAINT JACQUES",0.0,0.0
201400052234,25,1,14,14,1,75,105,2,2,2,6,"17, RUE DU SOMMERARD",0.0,0.0
201400052235,26,1,14,2,5,75,105,2,2,1,2,BOULEVARD SAINT GERMAIN,0.0,0.0
201400052236,26,1,14,5,5,75,105,2,2,1,2,"125, RUE SAINT JACQUES",0.0,0.0
201400052237,1,2,14,17,1,75,113,2,1,1,6,"76, BOULEVARD VINCENT AU",0.0,0.0
201400052238,2,2,14,21,5,75,105,2,1,1,3,"13, PLACE VALHUBERT",0.0,0.0
201400052239,8,2,14,8,2,75,105,2,2,2,6,"100, BOULEVARD DE PORT R",0.0,0.0
201400052240,12,2,14,0,5,75,105,2,7,8,6,"17, PLACE DU PANTHEON",0.0,0.0
201400052241,12,2,14,12,1,75,105,2,2,1,6,RUE DU VAL DE GRACE,0.0,0.0
201400052242,15,2,14,23,5,75,106,2,3,1,6,"6, RUE DANTON",0.0,0.0
201400052243,18,2,14,10,1,75,105,2,1,1,6,"15, RUE LACEPEDE",0.0,0.0
201400052244,18,2,14,14,1,75,105,2,1,1,6,"21, RUE SOUFFLOT",0.0,0.0
201400052245,28,2,14,10,1,75,105,2,7,2,2,"01, PLACE ALPHONSE LAVER",0.0,0.0
201400052246,1,3,14,4,5,75,105,2,5,2,6,"18, RUE MONGE",0.0,0.0
201400052247,1,3,14,18,2,75,105,2,2,1,6,PONT PETIT PONT,0.0,0.0
201400052248,3,3,14,11,1,75,105,2,2,1,6,"15, RUE DE LA MONTAGNE S",0.0,0.0
201400052249,6,3,14,10,1,75,105,2,2,1,3,"96, BOULEVARD SAINT GERM",0.0,0.0
201400052250,10,3,14,11,1,75,105,2,2,1,6,BOULEVARD SAINT MICHEL,0.0,0.0
201400052251,18,3,14,8,1,75,105,2,2,1,6,"2, RUE DU PETIT PONT",0.0,0.0
201400052252,20,3,14,18,5,75,113,2,3,1,3,"12, RUE NEUVE TOLBIAC",0.0,0.0
201400052253,23,3,14,23,5,75,105,2,2,1,2,"307, RUE SAINT JACQUES",0.0,0.0
201400052254,25,3,14,9,1,75,105,2,1,2,2,"86, RUE CLAUDE BERNARD",0.0,0.0
201400052255,25,3,14,11,1,75,105,2,2,2,6,"3, AVENUE DES GOBELINS",0.0,0.0
201400052256,30,3,14,15,1,75,105,2,2,1,6,"01, RUE DU PETIT PONT",0.0,0.0
201400052257,30,3,14,17,1,75,105,2,5,1,2,"33, RUE SAINT JACQUES",0.0,0.0
201400052258,31,3,14,22,5,75,105,2,7,1,7,"55, RUE LACEPEDE",0.0,0.0
201400052259,1,4,14,8,1,75,105,2,2,1,3,"100, BOULEVARD SAINT GER",0.0,0.0
201400052260,1,4,14,9,1,75,105,2,1,1,6,"7, QUAI SAINT BERNARD",0.0,0.0
201400052261,2,4,14,15,1,75,105,2,1,1,6,"09, RUE CLAUDE BERNARD",0.0,0.0
201400052262,5,4,14,16,1,75,113,2,3,1,2,"55, BOULEVARD SAINT MARC",0.0,0.0
201400052263,6,4,14,1,5,75,105,2,2,1,2,"55, QUAI DE LA TOURNELLE",0.0,0.0
201400052264,8,4,14,9,1,75,105,2,1,1,6,"88 ter, BOULEVARD DE POR",0.0,0.0
201400052265,9,4,14,0,5,75,105,2,2,1,6,PONT DE SULLY,0.0,0.0
201400052266,11,4,14,21,5,75,105,2,3,1,6,"30, RUE BERTHOLLET",0.0,0.0
201400052267,16,4,14,23,5,75,106,2,2,1,2,"91, BOULEVARD DU MONTPAR",0.0,0.0
201400052268,17,4,14,20,2,75,105,2,2,1,2,"34, RUE SAINT JACQUES",0.0,0.0
201400052269,19,4,14,18,1,75,105,2,3,1,2,"70, BOULEVARD SAINT MARC",0.0,0.0
201400052270,20,4,14,0,5,75,105,2,2,1,3,"180, RUE SAINT JACQUES",0.0,0.0
201400052271,22,4,14,14,1,75,105,2,2,1,1,"44, RUE DES FOSSES SAINT",0.0,0.0
201400052272,22,4,14,15,1,75,105,2,3,1,2,"90, BOULEVARD DE PORT RO",0.0,0.0
201400052273,25,4,14,13,1,75,105,2,2,1,6,"86, BOULEVARD DE PORT RO",0.0,0.0
201400052274,29,4,14,13,1,75,105,2,3,1,6,"71, BOULEVARD SAINT MICH",0.0,0.0
201400052275,6,5,14,14,1,75,105,2,2,1,7,"65, BOULEVARD SAINT MICH",0.0,0.0
201400052276,6,5,14,15,1,75,105,2,1,1,4,"29, QUAI SAINT MICHEL",0.0,0.0
201400052277,6,5,14,19,1,75,105,2,2,1,3,"46 TER, RUE GEOFFROY SAI",0.0,0.0
201400052278,10,5,14,7,1,75,105,2,7,1,6,PLACE VALHUBERT,0.0,0.0
201400052279,13,5,14,16,1,75,105,2,2,1,2,"8, BOULEVARD DE L HOPITA",0.0,0.0
201400052280,16,5,14,8,1,75,105,2,1,1,6,"92, BOULEVARD DE PORT RO",0.0,0.0
201400052281,17,5,14,12,1,75,105,2,3,1,6,"127, BOULEVARD SAINT MIC",0.0,0.0
201400052282,17,5,14,18,1,75,105,2,3,1,3,"39, RUE GAY LUSSAC",0.0,0.0
201400052283,19,5,14,14,1,75,105,2,1,1,6,"13, BOULEVARD SAINT MICH",0.0,0.0
201400052284,20,5,14,3,5,75,105,2,2,1,3,"14, BOULEVARD SAINT GERM",0.0,0.0
201400052285,21,5,14,14,1,75,105,2,3,2,3,"5, BOULEVARD SAINT MICHE",0.0,0.0
201400052286,22,5,14,12,1,75,105,2,3,2,5,QUAI SAINT BERNARD,0.0,0.0
201400052287,23,5,14,10,1,75,105,2,2,1,3,"65, QUAI DE LA TOURNELLE",0.0,0.0
201400052288,26,5,14,17,1,75,105,2,3,1,3,"7, AVENUE DES GOBELINS",0.0,0.0
201400052289,27,5,14,15,1,75,105,2,1,1,3,"12, BOULEVARD SAINT MARC",0.0,0.0
201400052290,29,5,14,9,1,75,105,2,1,1,7,"23, BOULEVARD SAINT MICH",0.0,0.0
201400052291,2,6,14,20,1,75,105,2,1,1,3,"08, RUE LINNE",0.0,0.0
201400052292,4,6,14,4,5,75,106,2,5,2,6,RUE DE SEVRES,0.0,0.0
201400052293,5,6,14,2,5,75,105,2,2,1,3,RUE SOUFFLOT,0.0,0.0
201400052294,6,6,14,20,1,75,105,2,3,1,6,"4, RUE DES FOSSES SAINT",0.0,0.0
201400052295,11,6,14,10,1,75,105,2,5,1,6,"46, RUE DU CARDINAL LEMO",0.0,0.0
201400052296,11,6,14,21,5,75,105,2,5,1,1,"23, QUAI SAINT BERNARD",0.0,0.0
201400052297,12,6,14,18,1,75,105,2,2,1,7,PONT PETIT PONT,0.0,0.0
201400052298,13,6,14,2,5,75,105,2,5,1,3,QUAI SAINT BERNARD,0.0,0.0
201400052299,13,6,14,19,1,75,105,2,7,1,6,"49, BOULEVARD SAINT GERM",0.0,0.0
201400052300,14,6,14,17,1,75,105,2,1,1,6,"06 bis, RUE HENRI BARBUS",0.0,0.0
201400052301,15,6,14,12,1,75,105,2,2,1,3,RUE VICTOR COUSIN,0.0,0.0
201400052302,16,6,14,21,2,75,105,2,5,1,3,"1, QUAI DE LA TOURNELLE",0.0,0.0
201400052303,17,6,14,20,1,75,105,2,2,1,3,"19, RUE CLAUDE BERNARD",0.0,0.0
201400052304,23,6,14,22,2,75,105,2,2,1,2,"1, QUAI SAINT MICHEL",0.0,0.0
201400052305,24,6,14,10,1,75,105,2,7,1,6,"7, PLACE MONGE",0.0,0.0
201400052306,24,6,14,13,1,75,105,2,2,1,2,"69, RUE MONGE",0.0,0.0
201400052307,25,6,14,18,1,75,105,2,1,1,6,"119 bis, RUE MONGE",0.0,0.0
201400052308,28,6,14,14,1,75,105,2,5,2,2,"37, RUE SAINT JACQUES",0.0,0.0
201400052309,2,7,14,18,1,75,105,2,7,1,3,"47 TER, BOULEVARD SAINT",0.0,0.0
201400052310,14,7,14,21,1,75,105,2,2,1,3,RUE SAINT JACQUES,0.0,0.0
201400052311,17,7,14,12,1,75,105,2,1,1,3,"23, QUAI SAINT BERNARD",0.0,0.0
201400052312,1,8,14,19,1,75,113,2,1,1,6,"3, AVENUE D ITALIE",0.0,0.0
201400052313,2,8,14,19,1,75,105,2,5,1,3,"46, RUE DU CARDINAL LEMO",0.0,0.0
201400052314,5,8,14,10,1,75,105,2,2,1,6,"1, RUE DES ECOLES",0.0,0.0
201400052315,12,8,14,10,1,75,105,2,7,1,6,"1, PLACE SAINT MICHEL",0.0,0.0
201400052316,23,8,14,4,5,75,106,2,7,2,3,PLACE SAINT MICHEL,0.0,0.0
201400052317,24,8,14,16,1,75,105,2,1,1,4,"18, RUE DES FOSSES SAINT",0.0,0.0
201400052318,25,8,14,20,5,75,106,2,7,2,7,PLACE LEON PAUL FARGUE,0.0,0.0
201400052319,28,8,14,15,1,75,105,2,3,1,6,"92, BOULEVARD SAINT GERM",0.0,0.0
201400052320,2,9,14,11,1,75,105,2,5,1,3,"33, RUE SAINT JACQUES",0.0,0.0
201400052321,4,9,14,15,1,75,105,2,1,1,2,"22, BOULEVARD SAINT MICH",0.0,0.0
201400052322,6,9,14,0,5,75,105,2,1,1,2,PONT SAINT MICHEL,0.0,0.0
201400052323,8,9,14,9,1,75,105,2,5,1,3,QUAI SAINT BERNARD,0.0,0.0
201400052324,9,9,14,8,1,75,105,2,4,1,6,"1, RUE BROCA",0.0,0.0
201400052325,10,9,14,9,1,75,105,2,4,1,6,"6, RUE GAY LUSSAC",0.0,0.0
201400052326,13,9,14,0,5,75,105,2,5,1,3,"82, BOULEVARD SAINT GERM",0.0,0.0
201400052327,13,9,14,15,1,75,105,2,2,1,2,"26, BOULEVARD SAINT GERM",0.0,0.0
201400052328,16,9,14,3,5,75,106,2,3,1,2,"10, RUE DE SEINE",0.0,0.0
201400052329,17,9,14,8,1,75,105,2,2,1,2,"101, BOULEVARD SAINT GER",0.0,0.0
201400052330,17,9,14,19,1,75,105,2,7,1,7,"18, RUE LAGRANGE",0.0,0.0
201400052331,17,9,14,22,5,75,105,2,2,1,3,"75, RUE MONGE",0.0,0.0
201400052332,19,9,14,4,5,75,113,2,1,1,6,BOULEVARD PERIPHERIQUE I,0.0,0.0
201400052333,20,9,14,2,5,75,105,2,3,1,2,"5, BOULEVARD SAINT MICHE",0.0,0.0
201400052334,21,9,14,22,5,75,105,2,5,1,3,PONT DE SULLY,0.0,0.0
201400052335,23,9,14,20,5,75,105,2,2,1,6,"82, RUE MONGE",0.0,0.0
201400052336,24,9,14,16,1,75,105,2,4,1,6,"11, RUE DE VALENCE",0.0,0.0
201400052337,25,9,14,10,1,75,105,2,2,1,2,"44, RUE DES ECOLES",0.0,0.0
201400052338,27,9,14,14,1,75,105,2,3,1,2,"71, QUAI DE LA TOURNELLE",0.0,0.0
201400052339,2,10,14,16,1,75,105,2,7,1,6,"18, AVENUE DE L OBSERVAT",0.0,0.0
201400052340,3,10,14,14,1,75,105,2,2,1,6,"20, RUE ORTOLAN",0.0,0.0
201400052341,4,10,14,19,5,75,105,2,5,1,2,"5, QUAI SAINT BERNARD",0.0,0.0
201400052342,7,10,14,9,1,75,105,2,1,1,6,"12-14, BOULEVARD SAINT M",0.0,0.0
201400052343,8,10,14,7,2,75,105,2,2,2,6,"74, RUE CLAUDE BERNARD",0.0,0.0
201400052344,8,10,14,20,5,75,105,2,2,3,6,"1, QUAI SAINT MICHEL",0.0,0.0
201400052345,10,10,14,9,1,75,105,2,3,1,6,"11, RUE MALEBRANCHE",0.0,0.0
201400052346,11,10,14,6,5,75,105,2,2,2,3,"1, PLACE DU PETIT PONT",0.0,0.0
201400052347,17,10,14,2,5,75,105,2,4,4,2,"211, RUE MONGE",0.0,0.0
201400052348,17,10,14,9,1,75,105,2,2,1,3,"10, RUE DES GRANDS DEGRE",0.0,0.0
201400052349,17,10,14,12,1,75,105,2,3,1,3,"73, BOULEVARD SAINT GERM",0.0,0.0
201400052350,20,10,14,22,5,75,105,2,1,1,6,"4, RUE PIERRE ET MARIE C",0.0,0.0
201400052351,21,10,14,9,1,75,105,2,1,1,6,"27, RUE BERTHOLLET",0.0,0.0
201400052352,22,10,14,16,1,75,105,2,2,1,3,"37, RUE GEOFFROY SAINT H",0.0,0.0
201400052353,26,10,14,17,2,75,105,2,2,1,6,"229, RUE SAINT JACQUES",0.0,0.0
201400052354,31,10,14,14,1,75,105,2,1,1,3,"74, BOULEVARD DE PORT RO",0.0,0.0
201400052355,4,11,14,10,1,75,105,2,1,1,3,"2, QUAI DE LA TOURNELLE",0.0,0.0
201400052356,6,11,14,8,1,75,105,2,2,1,3,"98, BOULEVARD SAINT GERM",0.0,0.0
201400052357,8,11,14,3,5,75,105,2,2,1,3,QUAI SAINT MICHEL,0.0,0.0
201400052358,11,11,14,20,5,75,105,2,3,1,3,"7, RUE DU FER A MOULIN",0.0,0.0
201400052359,13,11,14,9,1,75,105,2,2,1,6,"20, RUE CENSIER",0.0,0.0
201400052360,16,11,14,18,5,75,105,2,2,1,6,PONT PETIT PONT,0.0,0.0
201400052361,17,11,14,19,5,75,106,2,2,2,6,"44, BOULEVARD SAINT MICH",0.0,0.0
201400052362,18,11,14,14,1,75,105,2,1,1,6,"127, BOULEVARD SAINT MIC",0.0,0.0
201400052363,26,11,14,17,5,75,105,2,1,8,6,"94, BOULEVARD DE PORT RO",0.0,0.0
201400052364,28,11,14,17,3,75,105,2,1,1,6,"10, PLACE DU PANTHEON",0.0,0.0
201400052365,28,11,14,19,5,75,105,2,5,1,3,"1, BOULEVARD SAINT MICHE",0.0,0.0
201400052366,1,12,14,16,1,75,105,2,2,1,6,BOULEVARD DE PORT ROYAL,0.0,0.0
201400052367,3,12,14,4,5,75,105,2,2,2,6,"64, BOULEVARD DE PORT RO",0.0,0.0
201400052368,7,12,14,3,5,75,105,2,3,1,6,"67, QUAI DE LA TOURNELLE",0.0,0.0
201400052369,11,12,14,11,1,75,105,2,3,1,6,"51bis, BOULEVARD SAINT G",0.0,0.0
201400052370,12,12,14,9,1,75,105,2,7,2,6,"75, RUE MONGE",0.0,0.0
201400052371,13,12,14,19,5,75,105,2,2,1,6,"22, RUE DES ECOLES",0.0,0.0
201400052372,14,12,14,6,5,75,105,2,2,1,2,BOULEVARD SAINT GERMAIN,0.0,0.0
201400052373,15,12,14,14,1,75,105,2,3,2,6,"0, RUE GEOFFROY SAINT HI",0.0,0.0
201400052374,16,12,14,9,1,75,105,2,1,8,7,"10, RUE DE NAVARRE",0.0,0.0
201400052375,18,12,14,10,1,75,105,2,3,8,2,"2, PLACE ALPHONSE LAVERA",0.0,0.0
201400052376,18,12,14,11,1,75,105,2,2,1,3,"67, BOULEVARD SAINT GERM",0.0,0.0
201400052377,19,12,14,0,5,75,105,2,2,1,3,"47 Ter, BOULEVARD SAINT",0.0,0.0
201400052378,20,12,14,3,5,75,105,2,2,1,6,"56, BOULEVARD SAINT MARC",0.0,0.0
201400052379,23,12,14,15,1,75,105,2,2,1,3,"57, QUAI DE LA TOURNELLE",0.0,0.0
201400052380,27,12,14,17,2,75,105,2,2,1,6,"49, RUE DES ECOLES",0.0,0.0
201400052381,28,12,14,15,1,75,105,2,2,8,6,"56, RUE SAINT JACQUES",0.0,0.0
201400052382,2,1,14,13,1,75,106,2,7,1,6,"63, RUE DAUPHINE",0.0,0.0
201400052383,4,1,14,11,1,75,106,2,5,1,6,"38, RUE DU FOUR",0.0,0.0
201400052384,4,1,14,12,1,75,106,2,1,1,6,"3, RUE DU VIEUX COLOMBIE",0.0,0.0
201400052385,6,1,14,10,1,75,106,2,2,1,6,"83, BOULEVARD DU MONTPAR",0.0,0.0
201400052386,7,1,14,9,1,75,106,2,1,1,4,"55, QUAI DES GRANDS AUGU",0.0,0.0
201400052387,7,1,14,9,1,75,106,2,1,1,2,"55, QUAI DES GRANDS AUGU",0.0,0.0
201400052388,8,1,14,13,1,75,106,2,4,8,6,"62, RUE D ASSAS",0.0,0.0
201400052389,8,1,14,13,1,75,106,2,5,1,6,"80, BOULEVARD RASPAIL",0.0,0.0
201400052390,9,1,14,18,5,75,106,2,1,2,6,"59, RUE BONAPARTE",0.0,0.0
201400052391,10,1,14,11,1,75,106,2,2,8,6,"49, RUE BONAPARTE",0.0,0.0
201400052392,11,1,14,15,1,75,106,2,5,1,6,RUE DE L ECOLE DE MEDECI,0.0,0.0
201400052393,13,1,14,17,2,75,106,2,2,1,6,"08, BOULEVARD SAINT MICH",0.0,0.0
201400052394,14,1,14,13,1,75,106,2,7,1,2,"7, PLACE DU DIX HUIT JUI",0.0,0.0
201400052395,15,1,14,14,1,75,106,2,3,2,5,"15, RUE DE VAUGIRARD",0.0,0.0
201400052396,16,1,14,7,5,75,106,2,5,2,6,"137, BOULEVARD RASPAIL",0.0,0.0
201400052397,18,1,14,12,1,75,106,2,2,1,6,"102, BOULEVARD SAINT GER",0.0,0.0
201400052398,18,1,14,12,1,75,106,2,2,1,3,BOULEVARD SAINT MICHEL,0.0,0.0
201400052399,22,1,14,2,5,75,106,2,3,1,6,"40, RUE JACOB",0.0,0.0
201400052400,24,1,14,18,2,75,106,2,1,1,6,"139, RUE DE RENNES",0.0,0.0
201400052401,3,2,14,9,1,75,106,2,4,1,7,"111, RUE DE SEVRES",0.0,0.0
201400052402,3,2,14,12,1,75,106,2,2,1,6,"17, BOULEVARD DU MONTPAR",0.0,0.0
201400052403,5,2,14,17,1,75,106,2,1,2,3,"115, BOULEVARD SAINT GER",0.0,0.0
201400052404,7,2,14,22,5,75,106,2,2,1,1,"117, RUE DE RENNES",0.0,0.0
201400052405,9,2,14,1,5,75,106,2,2,1,3,"26, BOULEVARD SAINT MICH",0.0,0.0
201400052406,13,2,14,8,1,75,106,2,2,2,3,"2, RUE D ASSAS",0.0,0.0
201400052407,15,2,14,22,5,75,106,2,7,1,6,"9, CARREFOUR ODEON",0.0,0.0
201400052408,15,2,14,14,1,75,106,2,3,1,3,"15, RUE DE VAUGIRARD",0.0,0.0
201400052409,20,2,14,9,1,75,106,2,3,2,6,"21, QUAI MALAQUAIS",0.0,0.0
201400052410,22,2,14,20,5,75,106,2,5,1,6,RUE DE RENNES,0.0,0.0
201400052411,25,2,14,18,2,75,106,2,1,1,7,"125, BOULEVARD SAINT GER",0.0,0.0
201400052412,1,3,14,14,1,75,106,2,2,1,2,"58, BOULEVARD RASPAIL",0.0,0.0
201400052413,4,3,14,10,1,75,106,2,3,1,6,"20, BOULEVARD SAINT MICH",0.0,0.0
201400052414,8,3,14,10,1,75,106,2,3,1,3,"69 BIS, RUE DE VAUGIRARD",0.0,0.0
201400052415,8,3,14,20,5,75,106,2,5,1,3,"27, BOULEVARD DU MONTPAR",0.0,0.0
201400052416,13,3,14,11,1,75,106,2,1,1,6,"21, QUAI DES GRANDS AUGU",0.0,0.0
201400052417,14,3,14,16,1,75,106,2,2,1,6,"84, BOULEVARD RASPAIL",0.0,0.0
201400052418,15,3,14,19,5,75,106,2,4,1,6,"74, RUE D ASSAS",0.0,0.0
201400052419,18,3,14,9,1,75,106,2,1,1,4,"119, RUE DE SEVRES",0.0,0.0
201400052420,19,3,14,12,1,75,106,2,1,1,2,"48, RUE SAINT PLACIDE",0.0,0.0
201400052421,20,3,14,10,1,75,106,2,3,1,6,"12, RUE NOTRE DAME DES C",0.0,0.0
201400052422,21,3,14,10,1,75,106,2,4,1,6,"54, BOULEVARD SAINT MICH",0.0,0.0
201400052423,28,3,14,10,1,75,106,2,2,1,6,"22, BOULEVARD SAINT MICH",0.0,0.0
201400052424,29,3,14,16,1,75,106,2,3,1,6,"19, RUE DE VAUGIRARD",0.0,0.0
201400052425,1,4,14,14,1,75,106,2,3,1,3,QUAI DES GRANDS AUGUSTIN,0.0,0.0
201400052426,2,4,14,9,1,75,106,2,2,1,6,"22, BOULEVARD SAINT MICH",0.0,0.0
201400052427,10,4,14,16,1,75,106,2,7,1,7,PLACE PAUL CLAUDEL,0.0,0.0
201400052428,12,4,14,14,1,75,106,2,7,1,6,"2, PLACE EDMOND ROSTAND",0.0,0.0
201400052429,17,4,14,9,1,75,106,2,2,1,6,"58, RUE DE VAUGIRARD",0.0,0.0
201400052430,19,4,14,20,5,75,106,2,2,8,1,"1, RUE DE MEDICIS",0.0,0.0
201400052431,25,4,14,9,1,75,106,2,3,2,7,"69 bis, RUE DE VAUGIRARD",0.0,0.0
201400052432,25,4,14,9,1,75,106,2,2,2,7,"03, BOULEVARD DU MONTPAR",0.0,0.0
201400052433,25,4,14,13,1,75,106,2,4,1,6,"166, BOULEVARD SAINT GER",0.0,0.0
201400052434,26,4,14,17,1,75,106,2,3,1,6,"121, RUE DU CHERCHE MIDI",0.0,0.0
201400052435,6,5,14,17,1,75,106,2,5,1,3,"112, RUE DE RENNES",0.0,0.0
201400052436,7,5,14,21,5,75,113,2,7,1,6,"113, RUE NATIONALE",0.0,0.0
201400052437,12,5,14,16,1,75,106,2,5,2,3,"61, BOULEVARD DU MONTPAR",0.0,0.0
201400052438,13,5,14,9,1,75,106,2,1,1,6,"107, RUE DE VAUGIRARD",0.0,0.0
201400052439,13,5,14,13,1,75,106,2,1,1,6,"12, BOULEVARD SAINT MICH",0.0,0.0
201400052440,16,5,14,19,1,75,106,2,2,1,6,"43, BOULEVARD RASPAIL",0.0,0.0
201400052441,18,5,14,11,1,75,106,2,2,1,6,"89, BOULEVARD DU MONTPAR",0.0,0.0
201400052442,20,5,14,10,1,75,106,2,3,1,6,"52, RUE SAINT ANDRE DES",0.0,0.0
201400052443,21,5,14,16,1,75,106,2,2,1,6,"107, BOULEVARD RASPAIL",0.0,0.0
201400052444,23,5,14,17,1,75,106,2,5,1,6,"123, RUE DE RENNES",0.0,0.0
201400052445,26,5,14,4,5,75,106,2,2,2,3,"147, BOULEVARD RASPAIL",0.0,0.0
201400052446,26,5,14,17,1,75,106,2,3,8,6,"97, BOULEVARD DU MONTPAR",0.0,0.0
201400052447,27,5,14,17,1,75,106,2,1,1,6,"13, RUE BREA",0.0,0.0
201400052448,28,5,14,16,1,75,106,2,2,2,6,"121, BOULEVARD RASPAIL",0.0,0.0
201400052449,31,5,14,20,2,75,106,2,1,1,6,"52, RUE DAUPHINE",0.0,0.0
201400052450,4,6,14,14,1,75,106,2,5,3,6,"107, BOULEVARD RASPAIL",0.0,0.0
201400052451,5,6,14,13,1,75,106,2,1,1,6,RUE DES CANETTES,0.0,0.0
201400052452,6,6,14,13,1,75,106,2,2,1,3,"6, BOULEVARD SAINT MICHE",0.0,0.0
201400052453,11,6,14,11,1,75,106,2,1,1,6,"71, BOULEVARD DU MONTPAR",0.0,0.0
201400052454,17,6,14,9,1,75,113,2,5,1,3,"30, BOULEVARD DU GENERAL",0.0,0.0
201400052455,18,6,14,9,1,75,106,2,1,1,2,"25, QUAI DES GRANDS AUGU",0.0,0.0
201400052456,19,6,14,15,1,75,106,2,2,1,6,"78, RUE D ASSAS",0.0,0.0
201400052457,20,6,14,8,1,75,106,2,7,1,2,"57, BOULEVARD DU MONTPAR",0.0,0.0
201400052458,20,6,14,17,1,75,106,2,5,1,6,"122, RUE DE RENNES",0.0,0.0
201400052459,23,6,14,12,1,75,106,2,3,1,2,"78, BOULEVARD SAINT MICH",0.0,0.0
201400052460,24,6,14,23,5,75,106,2,2,1,6,"132, RUE DE VAUGIRARD",0.0,0.0
201400052461,25,6,14,15,1,75,106,2,5,1,2,"125, RUE DE RENNES",0.0,0.0
201400052462,26,6,14,18,1,75,106,2,2,1,2,RUE DE VAUGIRARD,0.0,0.0
201400052463,28,6,14,1,5,75,115,2,7,1,3,PLACE DU DIX HUIT JUIN 1,0.0,0.0
201400052464,28,6,14,16,2,75,106,2,1,3,7,"46, RUE DE VAUGIRARD",0.0,0.0
201400052465,28,6,14,13,1,75,106,2,3,2,2,"93, BOULEVARD DU MONTPAR",0.0,0.0
201400052466,1,7,14,15,1,75,106,2,1,1,6,"122, RUE DE RENNES",0.0,0.0
201400052467,1,7,14,18,1,75,105,2,2,1,3,RUE SAINT JACQUES,0.0,0.0
201400052468,3,7,14,4,2,75,106,2,5,1,3,RUE DE RENNES,0.0,0.0
201400052469,4,7,14,9,1,75,106,2,5,1,3,"123, BOULEVARD RASPAIL",0.0,0.0
201400052470,12,7,14,0,5,75,106,2,2,1,2,"48, RUE DE RENNES",0.0,0.0
201400052471,15,7,14,8,1,75,106,2,5,1,3,"7, RUE DANTON",0.0,0.0
201400052472,18,7,14,18,1,75,106,2,1,1,6,"11, RUE VAVIN",0.0,0.0
201400052473,24,7,14,12,1,75,106,2,3,1,3,"57, BOULEVARD DU MONTPAR",0.0,0.0
201400052474,24,7,14,15,1,75,106,2,3,1,3,"73, RUE DE SEVRES",0.0,0.0
201400052475,28,7,14,13,1,75,106,2,2,1,6,"19, RUE SAINT SULPICE",0.0,0.0
201400052476,30,7,14,14,1,75,106,2,2,1,6,"19, BOULEVARD DU MONTPAR",0.0,0.0
201400052477,12,8,14,9,1,75,106,2,7,1,7,"1, PLACE ALPHONSE DEVILL",0.0,0.0
201400052478,14,8,14,18,1,75,106,2,2,8,6,"31, RUE CASSETTE",0.0,0.0
201400052479,18,8,14,21,5,75,106,2,3,1,3,"20, BOULEVARD SAINT MICH",0.0,0.0
201400052480,20,8,14,16,1,75,106,2,1,1,6,"47, RUE MAZARINE",0.0,0.0
201400052481,25,8,14,18,1,75,106,2,2,3,3,"130, BOULEVARD RASPAIL",0.0,0.0
201400052482,26,8,14,14,1,75,106,2,3,1,6,"4, RUE DU FOUR",0.0,0.0
201400052483,9,9,14,10,1,75,106,2,1,1,6,"2, BOULEVARD SAINT MICHE",0.0,0.0
201400052484,11,9,14,17,1,75,106,2,7,1,2,"4, PLACE DU DIX HUIT JUI",0.0,0.0
201400052485,12,9,14,17,1,75,106,2,7,1,2,"172, BOULEVARD SAINT GER",0.0,0.0
201400052486,13,9,14,17,1,75,106,2,1,1,6,"5, RUE BREA",0.0,0.0
201400052487,14,9,14,15,1,75,106,2,3,1,2,"105, RUE DE RENNES",0.0,0.0
201400052488,20,9,14,14,1,75,106,2,2,1,6,"92, BOULEVARD RASPAIL",0.0,0.0
201400052489,20,9,14,18,1,75,106,2,2,2,6,"52, BOULEVARD RASPAIL",0.0,0.0