Num_Acc,jour,mois,an,hr,condition_eclairage,departement,commune,condition_agglomeration,intersection,condition_atmosphere,type_collision,adresse,lattitude,longitude
201400052490,21,9,14,8,1,75,106,2,1,2,7,RUE DE RENNES,0.0,0.0
201400052491,24,9,14,14,1,75,106,2,3,1,6,"139, BOULEVARD SAINT MIC",0.0,0.0
201400052492,25,9,14,18,1,75,106,2,2,1,3,"130, BOULEVARD RASPAIL",0.0,0.0
201400052493,26,9,14,16,1,75,106,2,1,1,3,"11, QUAI DES GRANDS AUGU",0.0,0.0
201400052494,26,9,14,17,1,75,106,2,1,1,6,"82, RUE BONAPARTE",0.0,0.0
201400052495,30,9,14,17,1,75,106,2,3,1,6,"11, RUE DE BUCI",0.0,0.0
201400052496,3,10,14,8,1,75,106,2,1,1,7,"43, RUE DE SEVRES",0.0,0.0
201400052497,4,10,14,0,5,75,106,2,1,1,6,"93, BOULEVARD DU MONTPAR",0.0,0.0
201400052498,6,10,14,12,1,75,106,2,7,1,6,"1, PLACE DE L ODEON",0.0,0.0
201400052499,8,10,14,13,1,75,106,2,3,2,7,"12, RUE AUGUSTE COMTE",0.0,0.0
201400052500,8,10,14,16,1,75,113,2,2,1,3,"94, RUE JEANNE D ARC",0.0,0.0
201400052501,8,10,14,19,5,75,106,2,1,2,6,"39, BOULEVARD DU MONTPAR",0.0,0.0
201400052502,14,10,14,9,1,75,106,2,1,1,6,"6, RUE PRINCESSE",0.0,0.0
201400052503,19,10,14,9,1,75,106,2,1,1,6,"96, BOULEVARD RASPAIL",0.0,0.0
201400052504,21,10,14,9,1,75,106,2,7,1,6,"3, PLACE SAINT GERMAIN D",0.0,0.0
201400052505,24,10,14,12,1,75,106,2,1,1,7,"65, RUE DE VAUGIRARD",0.0,0.0
201400052506,25,10,14,14,1,75,106,2,2,8,3,"12, AVENUE DE L OBSERVAT",0.0,0.0
201400052507,4,11,14,9,1,75,106,2,1,1,3,"17, RUE SAINT ROMAIN",0.0,0.0
201400052508,31,10,14,21,5,75,106,2,2,1,7,"29, RUE DE L ECOLE DE ME",0.0,0.0
201400052509,5,11,14,16,1,75,106,2,1,1,6,"27, QUAI DE CONTI",0.0,0.0
201400052510,6,11,14,10,1,75,106,2,1,1,3,"92, RUE D ASSAS",0.0,0.0
201400052511,7,11,14,18,5,75,106,2,1,1,6,"129, RUE DE RENNES",0.0,0.0
201400052512,7,11,14,20,5,75,106,2,4,1,3,"153, RUE DE RENNES",0.0,0.0
201400052513,8,11,14,13,1,75,106,2,2,1,3,"117, BOULEVARD SAINT GER",0.0,0.0
201400052514,14,11,14,13,1,75,113,2,1,2,6,"9, BOULEVARD DE L HOPITA",0.0,0.0
201400052515,17,11,14,15,1,75,106,2,2,2,3,"1, RUE DE TOURNON",0.0,0.0
201400052516,17,11,14,17,5,75,106,2,3,2,6,"11, QUAI DE CONTI",0.0,0.0
201400052517,20,11,14,8,1,75,106,2,2,1,3,"119, BOULEVARD RASPAIL",0.0,0.0
201400052518,20,11,14,9,1,75,106,2,4,1,6,"79, RUE DE RENNES",0.0,0.0
201400052519,22,11,14,10,1,75,106,2,7,1,3,"145, BOULEVARD RASPAIL",0.0,0.0
201400052520,25,11,14,8,1,75,106,2,5,8,7,"26, BOULEVARD SAINT MICH",0.0,0.0
201400052521,28,11,14,15,1,75,106,2,1,1,2,"9, BOULEVARD DU MONTPARN",0.0,0.0
201400052522,28,11,14,17,5,75,106,2,7,1,2,"9, PLACE SAINT ANDRE DES",0.0,0.0
201400052523,29,11,14,7,2,75,106,2,7,1,7,"02, PLACE EDMOND ROSTAND",0.0,0.0
201400052524,1,12,14,22,5,75,106,2,2,2,6,"132, BOULEVARD SAINT GER",0.0,0.0
201400052525,4,12,14,19,5,75,106,2,1,1,6,"43, RUE DE SEVRES",0.0,0.0
201400052526,5,12,14,10,1,75,106,2,3,1,3,"27, RUE DE CONDE",0.0,0.0
201400052527,9,12,14,19,5,75,106,2,3,1,6,"10, RUE DES CISEAUX",0.0,0.0
201400052528,10,12,14,15,1,75,106,2,5,1,2,"7, QUAI MALAQUAIS",0.0,0.0
201400052529,11,12,14,11,1,75,106,2,2,1,6,"53 bis, RUE DE SEVRES",0.0,0.0
201400052530,11,12,14,16,2,75,106,2,2,1,6,"02, RUE VAVIN",0.0,0.0
201400052531,11,12,14,20,5,75,106,2,7,1,6,"168, BOULEVARD SAINT GER",0.0,0.0
201400052532,12,12,14,8,1,75,106,2,5,2,6,BOULEVARD SAINT MICHEL,0.0,0.0
201400052533,12,12,14,15,1,75,106,2,2,2,7,"67, RUE DE RENNES",0.0,0.0
201400052534,15,12,14,18,5,75,106,2,7,2,6,"9, PLACE SAINT SULPICE",0.0,0.0
201400052535,15,12,14,20,5,75,113,2,1,2,2,"36, AVENUE D ITALIE",0.0,0.0
201400052536,18,12,14,14,1,75,106,2,3,1,3,"91, BOULEVARD DU MONTPAR",0.0,0.0
201400052537,19,12,14,12,1,75,106,2,1,1,6,"143/145, RUE DE RENNES",0.0,0.0
201400052538,22,12,14,12,1,75,106,2,1,1,6,"15, RUE SEGUIER",0.0,0.0
201400052539,27,12,14,21,5,75,106,2,2,2,6,"74, RUE BONAPARTE",0.0,0.0
201400052540,11,1,14,21,5,75,107,2,1,1,6,"127, RUE SAINT DOMINIQUE",0.0,0.0
201400052541,11,1,14,22,5,75,107,2,7,1,6,"2, RUE DE BABYLONE",0.0,0.0
201400052542,15,1,14,13,1,75,107,2,1,2,7,QUAI BRANLY,0.0,0.0
201400052543,17,1,14,10,1,75,107,2,4,8,2,"42, BOULEVARD RASPAIL",0.0,0.0
201400052544,18,1,14,7,5,75,107,2,3,1,6,QUAI BRANLY,0.0,0.0
201400052545,22,1,14,7,2,75,107,2,1,1,3,PONT DE LA CONCORDE,0.0,0.0
201400052546,22,1,14,17,1,75,107,2,2,2,7,"49, QUAI D ORSAY",0.0,0.0
201400052547,23,1,14,16,1,75,107,2,3,8,3,"71, QUAI BRANLY",0.0,0.0
201400052548,24,1,14,16,1,75,107,2,5,1,2,BOULEVARD RASPAIL,0.0,0.0
201400052549,29,1,14,0,5,75,107,2,5,2,6,BOULEVARD DES INVALIDES,0.0,0.0
201400052550,29,1,14,12,1,75,107,2,2,2,6,"36, AVENUE BOSQUET",0.0,0.0
201400052551,4,2,14,9,1,75,107,2,3,1,3,"6, RUE OUDINOT",0.0,0.0
201400052552,4,2,14,12,1,75,107,2,3,1,6,"11 BIS, BOULEVARD RASPAI",0.0,0.0
201400052553,10,2,14,15,1,75,107,2,4,1,3,"04, AVENUE DE LOWENDAL",0.0,0.0
201400052554,11,2,14,13,1,75,107,2,1,1,3,AVENUE DE LOWENDAL,0.0,0.0
201400052555,11,2,14,16,1,75,107,2,3,2,6,"13, RUE EBLE",0.0,0.0
201400052556,12,2,14,18,5,75,107,2,5,3,6,"2, BOULEVARD RASPAIL",0.0,0.0
201400052557,12,2,14,20,3,75,107,2,2,2,2,"3, QUAI VOLTAIRE",0.0,0.0
201400052558,13,2,14,16,1,75,107,2,5,1,3,"9, BOULEVARD RASPAIL",0.0,0.0
201400052559,15,2,14,12,1,75,107,2,1,1,3,"17, PLACE JOFFRE",0.0,0.0
201400052560,16,2,14,12,1,75,107,2,5,1,2,"01, BOULEVARD DE LA TOUR",0.0,0.0
201400052561,17,2,14,9,1,75,107,2,2,8,6,BOULEVARD DES INVALIDES,0.0,0.0
201400052562,20,2,14,3,5,75,107,2,7,1,6,PLACE DE LA RESISTANCE,0.0,0.0
201400052563,24,2,14,9,1,75,107,2,7,1,3,BOULEVARD DES INVALIDES,0.0,0.0
201400052564,28,2,14,15,1,75,107,2,1,8,3,PONT DE LA CONCORDE,0.0,0.0
201400052565,3,3,14,12,1,75,107,2,1,1,7,"51, BOULEVARD DE LA TOUR",0.0,0.0
201400052566,5,3,14,16,1,75,107,2,2,1,6,"20, RUE DE BABYLONE",0.0,0.0
201400052567,7,3,14,1,5,75,107,2,1,1,2,"23, AVENUE DE LA MOTTE P",0.0,0.0
201400052568,7,3,14,10,1,75,107,2,5,1,3,QUAI D ORSAY,0.0,0.0
201400052569,13,3,14,16,1,75,107,2,2,1,6,"54, RUE DU BAC",0.0,0.0
201400052570,15,3,14,19,5,75,107,2,4,1,4,"241, BOULEVARD SAINT GER",0.0,0.0
201400052571,16,3,14,10,1,75,107,2,5,1,6,"29, RUE DE SEVRES",0.0,0.0
201400052572,18,3,14,11,1,75,107,2,7,1,7,"91, QUAI D ORSAY",0.0,0.0
201400052573,19,3,14,11,1,75,107,2,1,1,6,"40, AVENUE BOSQUET",0.0,0.0
201400052574,20,3,14,17,1,75,106,2,3,1,2,"35, RUE DE SEVRES",0.0,0.0
201400052575,21,3,14,12,1,75,107,2,3,1,6,"11, RUE SAINT GUILLAUME",0.0,0.0
201400052576,25,3,14,11,1,75,107,2,3,2,3,"175, RUE DE GRENELLE",0.0,0.0
201400052577,28,3,14,12,1,75,107,2,1,1,2,"1, PLACE JOFFRE",0.0,0.0
201400052578,30,3,14,21,5,75,107,2,3,1,3,"19-21, AVENUE BOSQUET",0.0,0.0
201400052579,3,4,14,15,1,75,107,2,2,1,6,RUE DE BELLECHASSE,0.0,0.0
201400052580,3,4,14,20,5,75,107,2,2,1,3,"VII-7761, AVENUE DU MARE",0.0,0.0
201400052581,3,4,14,4,5,75,107,2,7,1,7,PLACE DE LA RESISTANCE,0.0,0.0
201400052582,8,4,14,19,2,75,107,2,1,1,6,"41, AVENUE DE LA BOURDON",0.0,0.0
201400052583,9,4,14,17,1,75,107,2,2,1,6,AVENUE JOSEPH BOUVARD,0.0,0.0
201400052584,11,4,14,9,1,75,107,2,1,1,3,"25, AVENUE BOSQUET",0.0,0.0
201400052585,14,4,14,21,5,75,107,2,1,1,6,AVENUE DU MARECHAL GALLI,0.0,0.0
201400052586,16,4,14,9,1,75,107,2,5,1,3,"09, BOULEVARD RASPAIL",0.0,0.0
201400052587,16,4,14,11,1,75,107,2,3,1,6,"42, AVENUE DUQUESNE",0.0,0.0
201400052588,22,4,14,11,1,75,107,2,1,1,6,"18, AVENUE DE LA MOTTE P",0.0,0.0
201400052589,24,4,14,21,2,75,107,2,7,1,3,QUAI D ORSAY,0.0,0.0
201400052590,25,4,14,10,1,75,107,2,1,8,6,AVENUE FREDERIC LE PLAY,0.0,0.0
201400052591,29,4,14,18,2,75,106,2,3,2,3,"47, RUE DE SEVRES",0.0,0.0
201400052592,30,4,14,12,1,75,107,2,1,1,2,RUE SAINT DOMINIQUE,0.0,0.0
201400052593,2,5,14,0,5,75,107,2,5,2,3,QUAI BRANLY,0.0,0.0
201400052594,5,5,14,18,1,75,107,2,1,1,6,"72, RUE DE SEVRES",0.0,0.0
201400052595,6,5,14,10,1,75,107,2,3,1,7,"27, QUAI VOLTAIRE",0.0,0.0
201400052596,6,5,14,16,1,75,107,2,2,1,2,RUE DE SEVRES,0.0,0.0
201400052597,8,5,14,2,5,75,107,2,5,1,3,RUE D ESTREES,0.0,0.0
201400052598,8,5,14,18,1,75,107,2,7,2,6,AVENUE DE LA MOTTE PICQU,0.0,0.0
201400052599,10,5,14,3,5,75,107,2,1,1,6,QUAI BRANLY,0.0,0.0
201400052600,10,5,14,20,1,75,107,2,3,2,3,"33, QUAI D ORSAY",0.0,0.0
201400052601,13,5,14,21,5,75,107,2,1,1,6,"83, AVENUE BOSQUET",0.0,0.0
201400052602,15,5,14,14,1,75,107,2,1,1,3,"49, RUE SAINT DOMINIQUE",0.0,0.0
201400052603,16,5,14,11,1,75,107,2,2,1,3,"41, QUAI D ORSAY",0.0,0.0
201400052604,16,5,14,16,1,75,107,2,2,1,6,"35, AVENUE BOSQUET",0.0,0.0
201400052605,19,5,14,9,1,75,107,2,2,1,1,"33, BOULEVARD DES INVALI",0.0,0.0
201400052606,20,5,14,10,1,75,107,2,7,1,2,QUAI D ORSAY,0.0,0.0
201400052607,22,5,14,10,1,75,107,2,2,3,7,AVENUE DUQUESNE,0.0,0.0
201400052608,24,5,14,0,5,75,107,2,3,2,2,"66, RUE SAINT DOMINIQUE",0.0,0.0
201400052609,27,5,14,19,1,75,107,2,3,1,2,"7, RUE VANEAU",0.0,0.0
201400052610,28,5,14,17,1,75,107,2,3,2,7,"9, QUAI VOLTAIRE",0.0,0.0
201400052611,30,5,14,17,1,75,107,2,1,1,6,QUAI BRANLY,0.0,0.0
201400052612,31,5,14,0,5,75,107,2,2,1,2,"262, BOULEVARD SAINT GER",0.0,0.0
201400052613,31,5,14,17,1,75,107,2,1,1,7,"61, QUAI BRANLY",0.0,0.0
201400052614,2,6,14,17,1,75,107,2,5,1,3,"35, AVENUE BOSQUET",0.0,0.0
201400052615,3,6,14,13,1,75,107,2,2,1,3,"46, BOULEVARD RASPAIL",0.0,0.0
201400052616,4,6,14,20,1,75,107,2,7,1,6,RUE DE L UNIVERSITE,0.0,0.0
201400052617,6,6,14,8,1,75,107,2,2,1,6,"60, BOULEVARD DE LA TOUR",0.0,0.0
201400052618,7,6,14,3,5,75,107,2,5,1,6,AVENUE DE BRETEUIL,0.0,0.0
201400052619,10,6,14,8,1,75,107,2,1,2,3,AVENUE DU MARECHAL GALLI,0.0,0.0
201400052620,11,6,14,19,1,75,107,2,1,1,6,QUAI D ORSAY,0.0,0.0
201400052621,12,6,14,19,1,75,107,2,1,1,7,"15, QUAI ANATOLE FRANCE",0.0,0.0
201400052622,13,6,14,0,5,75,107,2,1,1,3,"33, QUAI D ORSAY",0.0,0.0
201400052623,13,6,14,10,1,75,107,2,1,1,2,AVENUE DE TOURVILLE,0.0,0.0
201400052624,13,6,14,10,1,75,107,2,1,1,6,"7, RUE DE MONTTESSUY",0.0,0.0
201400052625,14,6,14,18,1,75,107,2,7,1,7,PLACE DE LA RESISTANCE,0.0,0.0
201400052626,16,6,14,16,1,75,107,2,1,1,7,BOULEVARD DES INVALIDES,0.0,0.0
201400052627,17,6,14,16,1,75,107,2,2,1,2,"134, RUE DE GRENELLE",0.0,0.0
201400052628,19,6,14,7,1,75,107,2,1,1,2,"15, QUAI ANATOLE FRANCE",0.0,0.0
201400052629,19,6,14,13,1,75,107,2,1,1,3,"37, QUAI D ORSAY",0.0,0.0
201400052630,20,6,14,16,1,75,107,2,2,1,6,"49, AVENUE BOSQUET",0.0,0.0
201400052631,21,6,14,15,1,75,107,2,2,1,2,"19, AVENUE DUQUESNE",0.0,0.0
201400052632,21,6,14,19,1,75,107,2,1,1,6,"16 BIS, AVENUE DE LA MOT",0.0,0.0
201400052633,22,6,14,11,1,75,107,2,1,1,7,"11, QUAI BRANLY",0.0,0.0
201400052634,23,6,14,18,1,75,107,2,2,1,1,"VII-7756, AVENUE DU MARE",0.0,0.0
201400052635,24,6,14,8,1,75,107,2,2,1,2,AVENUE DE LOWENDAL,0.0,0.0
201400052636,25,6,14,18,1,75,107,2,1,1,6,"16, BOULEVARD DE LA TOUR",0.0,0.0
201400052637,26,6,14,12,1,75,107,2,3,1,1,"45, AVENUE DE SUFFREN",0.0,0.0
201400052638,30,6,14,8,1,75,107,2,1,1,2,"28, AVENUE DE LA MOTTE P",0.0,0.0
201400052639,30,6,14,10,1,75,107,2,1,1,6,"88, BOULEVARD DE LA TOUR",0.0,0.0
201400052640,1,7,14,23,5,75,107,2,2,2,3,"00, PONT DU CARROUSEL",0.0,0.0
201400052641,1,7,14,6,2,75,107,2,1,1,7,"67, QUAI BRANLY",0.0,0.0
201400052642,1,7,14,7,1,75,107,2,1,1,3,"9-11, QUAI VOLTAIRE",0.0,0.0
201400052643,2,7,14,1,5,75,107,2,2,1,7,"33, QUAI D ORSAY",0.0,0.0
201400052644,3,7,14,13,1,75,107,2,1,1,3,"226, BOULEVARD SAINT GER",0.0,0.0
201400052645,3,7,14,18,1,75,107,2,2,1,6,"18, AVENUE DE LA BOURDON",0.0,0.0
201400052646,10,7,14,23,5,75,107,2,7,1,7,PLACE VAUBAN,0.0,0.0
201400052647,19,7,14,9,1,75,107,2,5,1,3,"9, BOULEVARD RASPAIL",0.0,0.0
201400052648,21,7,14,19,1,75,107,2,2,1,3,"266, BOULEVARD SAINT GER",0.0,0.0
201400052649,22,7,14,12,1,75,107,2,7,1,3,"4, AVENUE DE LOWENDAL",0.0,0.0
201400052650,30,7,14,10,1,75,107,2,5,1,2,"96, BOULEVARD DE LA TOUR",0.0,0.0
201400052651,31,7,14,13,1,75,107,2,5,1,3,QUAI BRANLY,0.0,0.0
201400052652,3,8,14,23,5,75,107,2,5,1,3,AVENUE DU MARECHAL GALLI,0.0,0.0
201400052653,4,8,14,19,1,75,107,2,4,1,3,QUAI D ORSAY,0.0,0.0
201400052654,5,8,14,9,1,75,107,2,7,1,6,"262, BOULEVARD SAINT GER",0.0,0.0
201400052655,5,8,14,18,1,75,107,2,1,1,7,"15, PLACE JOFFRE",0.0,0.0
201400052656,6,8,14,10,1,75,107,2,7,3,7,QUAI D ORSAY,0.0,0.0
201400052657,7,8,14,12,1,75,107,2,7,2,3,QUAI D ORSAY,0.0,0.0
201400052658,11,8,14,17,1,75,107,2,2,1,3,"1, PONT ROYAL",0.0,0.0
201400052659,16,8,14,14,1,75,107,2,2,1,3,"2, AVENUE DE LA MOTTE PI",0.0,0.0
201400052660,18,8,14,15,1,75,107,2,2,1,6,"142 BIS, RUE DE GRENELLE",0.0,0.0
201400052661,26,8,14,2,5,75,107,2,5,2,3,BOULEVARD SAINT GERMAIN,0.0,0.0
201400052662,26,8,14,15,1,75,107,2,3,1,2,"215 bis, BOULEVARD SAINT",0.0,0.0
201400052663,28,8,14,17,1,75,107,2,7,1,7,RUE DE GRENELLE,0.0,0.0
201400052664,28,8,14,20,1,75,107,2,5,1,3,"43, AVENUE DE LA MOTTE P",0.0,0.0
201400052665,5,9,14,9,1,75,107,2,2,1,3,RUE DU GENERAL BERTRAND,0.0,0.0
201400052666,8,9,14,16,1,75,107,2,2,1,3,"239, BOULEVARD SAINT GER",0.0,0.0
201400052667,9,9,14,18,1,75,107,2,7,1,3,PLACE LEON PAUL FARGUE,0.0,0.0
201400052668,10,9,14,6,1,75,107,2,2,1,3,"54, RUE DU BAC",0.0,0.0
201400052669,10,9,14,16,1,75,107,2,7,1,3,BOULEVARD RASPAIL,0.0,0.0
201400052670,12,9,14,18,1,75,107,2,7,1,3,"1, PLACE LEON PAUL FARGU",0.0,0.0
201400052671,12,9,14,19,1,75,107,2,2,1,3,"205, BOULEVARD SAINT GER",0.0,0.0
201400052672,13,9,14,16,1,75,107,2,1,1,2,BOULEVARD DES INVALIDES,0.0,0.0
201400052673,13,9,14,17,1,75,107,2,2,1,3,AVENUE DE LOWENDAL,0.0,0.0
201400052674,14,9,14,11,1,75,107,2,3,1,2,"205, BOULEVARD SAINT GER",0.0,0.0
201400052675,18,9,14,23,5,75,107,2,2,1,6,QUAI D ORSAY,0.0,0.0
201400052676,22,9,14,3,5,75,107,2,7,1,7,"1, PLACE DE L ECOLE MILI",0.0,0.0
201400052677,22,9,14,19,5,75,107,2,3,1,2,QUAI BRANLY,0.0,0.0
201400052678,24,9,14,23,5,75,107,2,3,1,2,"3, QUAI VOLTAIRE",0.0,0.0
201400052679,25,9,14,9,1,75,107,2,1,1,6,"109, RUE SAINT DOMINIQUE",0.0,0.0
201400052680,25,9,14,12,1,75,107,2,1,1,1,"41 BIS, AVENUE BOSQUET",0.0,0.0
201400052681,25,9,14,17,1,75,107,2,5,1,3,AVENUE DE LA BOURDONNAIS,0.0,0.0
201400052682,26,9,14,11,1,75,107,2,2,1,6,"0, RUE FABERT",0.0,0.0
201400052683,26,9,14,14,1,75,107,2,2,1,3,"2, RUE ARISTIDE BRIAND",0.0,0.0
201400052684,2,10,14,12,1,75,107,2,5,1,5,QUAI D ORSAY,0.0,0.0
201400052685,2,10,14,19,5,75,107,2,3,1,6,"56, BOULEVARD DES INVALI",0.0,0.0
201400052686,4,10,14,11,1,75,107,2,2,1,6,"38, AVENUE BOSQUET",0.0,0.0
201400052687,4,10,14,15,1,75,107,2,5,1,3,"33, QUAI D ORSAY",0.0,0.0
201400052688,8,10,14,9,1,75,107,2,3,2,3,"88, RUE DE GRENELLE",0.0,0.0
201400052689,10,10,14,11,1,75,107,2,2,1,3,"36, RUE DE BELLECHASSE",0.0,0.0
201400052690,11,10,14,23,5,75,107,2,1,1,3,"23, QUAI ANATOLE FRANCE",0.0,0.0
201400052691,12,10,14,18,5,75,107,2,3,2,3,"03, QUAI VOLTAIRE",0.0,0.0
201400052692,13,10,14,13,1,75,107,2,1,1,3,PONT DES INVALIDES,0.0,0.0
201400052693,13,10,14,15,1,75,107,2,3,1,7,"71, AVENUE BOSQUET",0.0,0.0
201400052694,15,10,14,11,1,75,107,2,1,2,6,"31, RUE DE GRENELLE",0.0,0.0
201400052695,17,10,14,8,1,75,107,2,7,2,3,"1, PLACE VAUBAN",0.0,0.0
201400052696,17,10,14,14,1,75,107,2,3,8,3,"4, RUE DES SAINTS PERES",0.0,0.0
201400052697,22,10,14,11,1,75,107,2,3,1,7,"57, BOULEVARD DES INVALI",0.0,0.0
201400052698,23,10,14,13,1,75,107,2,3,8,2,"5, QUAI VOLTAIRE",0.0,0.0
201400052699,24,10,14,12,1,75,107,2,3,1,4,"35, QUAI D ORSAY",0.0,0.0
201400052700,24,10,14,15,1,75,107,2,1,1,6,"17, AVENUE DE VILLARS",0.0,0.0
201400052701,24,10,14,16,1,75,107,2,2,8,6,"10, RUE DUROC",0.0,0.0
201400052702,27,10,14,11,1,75,107,2,2,1,2,"23, AVENUE DUQUESNE",0.0,0.0
201400052703,28,10,14,22,5,75,107,2,1,1,6,PLACE JOFFRE,0.0,0.0
201400052704,3,11,14,6,2,75,107,2,2,8,3,AVENUE DU MARECHAL GALLI,0.0,0.0
201400052705,3,11,14,14,1,75,108,2,1,2,4,PONT ALEXANDRE III,0.0,0.0
201400052706,4,11,14,15,1,75,107,2,2,1,3,"91, QUAI D ORSAY",0.0,0.0
201400052707,4,11,14,20,5,75,107,2,1,1,3,"33, AVENUE DE LA MOTTE P",0.0,0.0
201400052708,12,11,14,20,5,75,107,2,5,1,3,"12, BOULEVARD RASPAIL",0.0,0.0
201400052709,13,11,14,20,5,75,107,2,7,1,2,"1, PLACE DES INVALIDES",0.0,0.0
201400052710,16,11,14,9,1,75,107,2,1,2,6,"38, RUE DES SAINTS PERES",0.0,0.0
201400052711,17,11,14,9,1,75,107,2,2,1,3,AVENUE DUQUESNE,0.0,0.0
201400052712,18,11,14,16,1,75,107,2,4,2,6,"05, QUAI ANATOLE FRANCE",0.0,0.0
201400052713,18,11,14,5,5,75,107,2,7,8,7,"39, BOULEVARD DES INVALI",0.0,0.0
201400052714,19,11,14,18,5,75,107,2,2,1,3,AVENUE ROBERT SCHUMAN,0.0,0.0
201400052715,22,11,14,2,5,75,115,2,5,1,2,QUAI BRANLY,0.0,0.0
201400052716,23,11,14,16,2,75,107,2,5,1,2,"35, QUAI VOLTAIRE",0.0,0.0
201400052717,24,11,14,19,5,75,107,2,1,1,3,QUAI ANATOLE FRANCE,0.0,0.0
201400052718,26,11,14,0,5,75,107,2,2,2,6,AVENUE DU MARECHAL GALLI,0.0,0.0
201400052719,26,11,14,17,5,75,107,2,3,1,6,"213, BOULEVARD SAINT GER",0.0,0.0
201400052720,30,11,14,19,5,75,107,2,3,2,2,"39, QUAI D ORSAY",0.0,0.0
201400052721,1,12,14,20,5,75,107,2,5,2,3,QUAI D ORSAY,0.0,0.0
201400052722,2,12,14,6,5,75,107,2,2,2,6,BOULEVARD DE LA TOUR MAU,0.0,0.0
201400052723,5,12,14,9,1,75,107,2,7,8,3,PLACE VAUBAN,0.0,0.0
201400052724,8,12,14,16,2,75,107,2,7,2,7,"1, PLACE DE L ECOLE MILI",0.0,0.0
201400052725,8,12,14,17,3,75,107,2,5,1,3,"680, BOULEVARD SAINT GER",0.0,0.0
201400052726,10,12,14,22,5,75,107,2,7,8,3,PLACE JOFFRE,0.0,0.0
201400052727,11,12,14,10,1,75,107,2,2,1,3,"258, BOULEVARD SAINT GER",0.0,0.0
201400052728,12,12,14,22,5,75,107,2,1,3,7,"23, QUAI ANATOLE FRANCE",0.0,0.0
201400052729,12,12,14,22,3,75,107,2,5,3,7,BOULEVARD DES INVALIDES,0.0,0.0
201400052730,13,12,14,8,5,75,107,2,2,2,3,"8, AVENUE DE LA MOTTE PI",0.0,0.0
201400052731,14,12,14,15,1,75,107,2,1,1,3,"45, AVENUE BOSQUET",0.0,0.0
201400052732,15,12,14,8,2,75,107,2,4,2,3,"31, RUE DE CONSTANTINE",0.0,0.0
201400052733,15,12,14,9,1,75,107,2,2,1,6,"256, BOULEVARD SAINT GER",0.0,0.0
201400052734,15,12,14,19,5,75,107,2,3,2,3,"56, BOULEVARD DES INVALI",0.0,0.0
201400052735,17,12,14,17,3,75,107,2,3,2,2,"91, AVENUE DE LA BOURDON",0.0,0.0
201400052736,18,12,14,22,5,75,107,2,1,1,4,"31, QUAI ANATOLE FRANCE",0.0,0.0
201400052737,22,12,14,7,5,75,107,2,4,1,6,AVENUE DUQUESNE,0.0,0.0
201400052738,22,12,14,19,5,75,107,2,3,1,3,"31, RUE DE CONSTANTINE",0.0,0.0
201400052739,2,1,14,10,1,75,108,2,2,8,7,"10, RUE ROYALE",0.0,0.0
201400052740,2,1,14,14,1,75,108,2,7,1,3,"0, ROND POINT CHAMPS ELY",0.0,0.0
201400052741,2,1,14,16,1,75,108,2,1,1,3,"90, BOULEVARD MALESHERBE",0.0,0.0
201400052742,3,1,14,11,1,75,108,2,1,1,6,"11, RUE LA BOETIE",0.0,0.0
201400052743,5,1,14,7,5,75,108,2,7,1,6,AVENUE DES CHAMPS ELYSEE,0.0,0.0
201400052744,5,1,14,21,5,75,108,2,7,2,3,COURS LA REINE,0.0,0.0
201400052745,5,1,14,22,5,75,108,2,7,2,3,"VIII-6932, AVENUE DE WAG",0.0,0.0
201400052746,6,1,14,10,1,75,108,2,5,1,7,COURS LA REINE,0.0,0.0
201400052747,8,1,14,9,1,75,108,2,1,1,7,"29, RUE TRONCHET",0.0,0.0
201400052748,9,1,14,15,1,75,108,2,2,8,7,"93, BOULEVARD MALESHERBE",0.0,0.0
201400052749,11,1,14,23,5,75,108,2,2,1,6,"48, RUE DE ROME",0.0,0.0
201400052750,14,1,14,9,1,75,108,2,1,1,2,"12, AVENUE MARCEAU",0.0,0.0
201400052751,15,1,14,13,1,75,108,2,1,2,6,"15, AVENUE DE FRIEDLAND",0.0,0.0
201400052752,15,1,14,17,5,75,108,2,1,2,7,"1, PLACE GEORGES GUILLAU",0.0,0.0
201400052753,16,1,14,18,5,75,108,2,1,2,3,PLACE SAINT AUGUSTIN,0.0,0.0
201400052754,17,1,14,11,1,75,108,2,2,1,7,"55, AVENUE DES CHAMPS EL",0.0,0.0
201400052755,17,1,14,19,5,75,108,2,2,1,6,COURS LA REINE,0.0,0.0
201400052756,19,1,14,19,5,75,108,2,7,1,3,"6, PLACE DE LA CONCORDE",0.0,0.0
201400052757,20,1,14,14,1,75,108,2,1,8,2,"51, RUE FRANCOIS 1ER",0.0,0.0
201400052758,20,1,14,13,1,75,108,2,2,2,6,"46, AVENUE DES CHAMPS EL",0.0,0.0
201400052759,21,1,14,0,3,75,108,2,1,1,2,"38, RUE DE COURCELLES",0.0,0.0
201400052760,21,1,14,14,1,75,108,2,2,1,3,RUE DU HAVRE,0.0,0.0
201400052761,22,1,14,9,1,75,108,2,4,1,2,"35, AVENUE DE FRIEDLAND",0.0,0.0
201400052762,22,1,14,21,5,75,108,2,5,2,3,BOULEVARD DES BATIGNOLLE,0.0,0.0
201400052763,22,1,14,22,5,75,108,2,7,2,3,"2, PLACE DES TERNES",0.0,0.0
201400052764,23,1,14,15,1,75,108,2,2,2,2,"43, AVENUE DE FRIEDLAND",0.0,0.0
201400052765,25,1,14,6,5,75,108,2,1,2,3,"12, RUE ROYALE",0.0,0.0
201400052766,25,1,14,17,5,75,108,2,7,1,2,AVENUE DES CHAMPS ELYSEE,0.0,0.0
201400052767,27,1,14,11,1,75,108,2,7,2,3,"02, RUE ROYALE",0.0,0.0
201400052768,28,1,14,10,1,75,108,2,2,1,6,"35, AVENUE DES CHAMPS EL",0.0,0.0
201400052769,28,1,14,15,1,75,108,2,7,1,3,PLACE CHARLES DE GAULLE,0.0,0.0