Num_Acc,jour,mois,an,hr,condition_eclairage,departement,commune,condition_agglomeration,intersection,condition_atmosphere,type_collision,adresse,lattitude,longitude
201400052770,28,1,14,18,5,75,108,2,1,2,7,AVENUE DES CHAMPS ELYSEE,0.0,0.0
201400052771,28,1,14,22,5,75,108,2,1,2,6,"5, RUE JOSEPH SANSBOEUF",0.0,0.0
201400052772,29,1,14,17,2,75,108,2,7,8,3,"94, RUE DU FAUBOURG SAIN",0.0,0.0
201400052773,30,1,14,8,1,75,108,2,2,1,3,"5, RUE DE BASSANO",0.0,0.0
201400052774,1,2,14,3,5,75,108,2,7,3,6,AVENUE MONTAIGNE,0.0,0.0
201400052775,1,2,14,3,5,75,108,2,7,2,3,"4, AVENUE DE WAGRAM",0.0,0.0
201400052776,4,2,14,20,5,75,108,2,2,1,6,"170, BOULEVARD HAUSSMANN",0.0,0.0
201400052777,5,2,14,7,2,75,108,2,2,1,7,"15, BOULEVARD MALESHERBE",0.0,0.0
201400052778,5,2,14,10,1,75,108,2,2,1,3,"7, AVENUE MATIGNON",0.0,0.0
201400052779,5,2,14,11,1,75,108,2,7,1,3,"4, PLACE DE LA CONCORDE",0.0,0.0
201400052780,6,2,14,11,1,75,108,2,7,2,6,PLACE DE LA CONCORDE,0.0,0.0
201400052781,6,2,14,13,1,75,108,2,1,2,4,"07, AVENUE DE FRIEDLAND",0.0,0.0
201400052782,7,2,14,18,5,75,108,2,7,1,3,PLACE DE LA CONCORDE,0.0,0.0
201400052783,8,2,14,17,1,75,108,2,1,8,2,"52, RUE DE ROME",0.0,0.0
201400052784,8,2,14,17,2,75,108,2,2,2,2,"35, AVENUE DES CHAMPS EL",0.0,0.0
201400052785,10,2,14,13,1,75,108,2,7,1,6,PLACE DE L ALMA,0.0,0.0
201400052786,11,2,14,15,1,75,108,2,2,2,2,"91, BOULEVARD MALESHERBE",0.0,0.0
201400052787,11,2,14,19,2,75,108,2,7,1,6,AVENUE DES CHAMPS ELYSEE,0.0,0.0
201400052788,17,4,14,19,1,75,108,2,1,1,6,"3, RUE LA BOETIE",0.0,0.0
201400052789,12,2,14,7,1,75,108,2,2,1,1,BOULEVARD DE COURCELLES,0.0,0.0
201400052790,12,2,14,19,5,75,108,2,1,1,7,VOIE GEORGES POMPIDOU,0.0,0.0
201400052791,12,2,14,20,5,75,108,2,2,2,6,"67, RUE PIERRE CHARRON",0.0,0.0
201400052792,13,2,14,5,5,75,108,2,7,2,6,"10, AVENUE DES CHAMPS EL",0.0,0.0
201400052793,15,2,14,19,5,75,108,2,1,1,3,AVENUE DES CHAMPS ELYSEE,0.0,0.0
201400052794,16,2,14,10,1,75,108,2,1,1,2,"152, AVENUE DES CHAMPS E",0.0,0.0
201400052795,16,2,14,13,1,75,108,2,3,1,3,"07, AVENUE DES CHAMPS EL",0.0,0.0
201400052796,16,2,14,15,1,75,108,2,2,1,3,"39, RUE DE BASSANO",0.0,0.0
201400052797,19,2,14,10,1,75,108,2,1,2,6,"15, RUE DE ROME",0.0,0.0
201400052798,20,2,14,9,1,75,108,2,1,2,6,"15, RUE D AMSTERDAM",0.0,0.0
201400052799,21,2,14,11,1,75,108,2,5,1,3,COURS LA REINE,0.0,0.0
201400052800,22,2,14,23,5,75,108,2,4,1,6,"6, AVENUE DE FRIEDLAND",0.0,0.0
201400052801,23,2,14,3,5,75,108,2,7,1,6,AVENUE DES CHAMPS ELYSEE,0.0,0.0
201400052802,25,2,14,14,1,75,108,2,1,1,6,"38, AVENUE HOCHE",0.0,0.0
201400052803,26,2,14,12,1,75,108,2,2,1,2,"43, BOULEVARD MALESHERBE",0.0,0.0
201400052804,25,2,14,21,5,75,108,2,3,1,6,"58, RUE DE COURCELLES",0.0,0.0
201400052805,27,2,14,10,1,75,108,2,1,2,7,"184, BOULEVARD HAUSSMANN",0.0,0.0
201400052806,27,2,14,16,1,75,108,2,2,1,6,"71/73, AVENUE DES CHAMPS",0.0,0.0
201400052807,27,2,14,19,5,75,108,2,1,2,4,"27, RUE DE ROME",0.0,0.0
201400052808,27,2,14,23,5,75,108,2,4,1,3,"14, AVENUE GEORGE V",0.0,0.0
201400052809,28,2,14,14,1,75,108,2,1,1,6,"37, AVENUE HOCHE",0.0,0.0
201400052810,28,2,14,16,1,75,108,2,3,1,2,"79, RUE LA BOETIE",0.0,0.0
201400052811,1,3,14,9,1,75,116,2,3,1,3,"9, RUE ALFRED BRUNEAU",0.0,0.0
201400052812,5,3,14,9,1,75,108,2,5,1,3,COURS LA REINE,0.0,0.0
201400052813,5,3,14,16,1,75,108,2,7,1,3,PLACE SAINT AUGUSTIN,0.0,0.0
201400052814,5,3,14,21,5,75,108,2,7,1,3,"64, AVENUE HOCHE",0.0,0.0
201400052815,6,3,14,16,1,75,108,2,3,1,3,"15, BOULEVARD DES BATIGN",0.0,0.0
201400052816,6,3,14,18,1,75,108,2,4,1,2,"12, AVENUE GEORGE V",0.0,0.0
201400052817,7,3,14,11,1,75,108,2,1,1,3,"54, RUE LA BOETIE",0.0,0.0
201400052818,7,3,14,15,1,75,108,2,1,1,6,"23, RUE ROYALE",0.0,0.0
201400052819,7,3,14,14,1,75,108,2,3,1,3,"32, RUE DE COURCELLES",0.0,0.0
201400052820,10,3,14,11,1,75,108,2,3,1,3,"86, BOULEVARD MALESHERBE",0.0,0.0
201400052821,10,3,14,13,1,75,108,2,2,1,6,"6, RUE DE CONSTANTINOPLE",0.0,0.0
201400052822,13,3,14,15,1,75,108,2,1,1,2,"3, AVENUE MYRON HERRICK",0.0,0.0
201400052823,14,3,14,15,1,75,108,2,5,1,3,"39, AVENUE GEORGE V",0.0,0.0
201400052824,15,3,14,17,1,75,116,2,2,1,2,"35, BOULEVARD SUCHET",0.0,0.0
201400052825,16,3,14,14,1,75,108,2,7,1,3,PLACE DE LA CONCORDE,0.0,0.0
201400052826,17,3,14,14,1,75,108,2,3,1,3,"01, AVENUE DE FRIEDLAND1",0.0,0.0
201400052827,18,3,14,18,2,75,108,2,1,1,2,PONT DES INVALIDES,0.0,0.0
201400052828,20,3,14,8,1,75,108,2,7,1,3,PLACE DE LA CONCORDE,0.0,0.0
201400052829,20,3,14,11,1,75,108,2,3,1,6,"41, BOULEVARD DES BATIGN",0.0,0.0
201400052830,21,3,14,14,1,75,108,2,5,1,3,"63, BOULEVARD DE COURCEL",0.0,0.0
201400052831,22,3,14,3,5,75,108,2,2,1,4,COURS LA REINE,0.0,0.0
201400052832,23,3,14,2,5,75,108,2,1,1,6,"109, AVENUE DES CHAMPS E",0.0,0.0
201400052833,24,3,14,20,5,75,108,2,5,1,2,ROND POINT CHAMPS ELYSEE,0.0,0.0
201400052834,24,3,14,14,1,75,108,2,1,1,6,"34, AVENUE MARCEAU",0.0,0.0
201400052835,29,3,14,11,1,75,108,2,7,1,2,"4, PLACE DE LA CONCORDE",0.0,0.0
201400052836,29,3,14,15,1,75,108,2,2,1,3,COURS LA REINE,0.0,0.0
201400052837,29,3,14,20,5,75,108,2,2,1,2,AVENUE WINSTON CHURCHILL,0.0,0.0
201400052838,30,3,14,17,1,75,108,2,7,1,6,PLACE DE LA MADELEINE,0.0,0.0
201400052839,2,4,14,16,1,75,108,2,1,1,6,"123, RUE SAINT LAZARE",0.0,0.0
201400052840,4,4,14,17,1,75,108,2,7,8,6,PLACE DE L ALMA,0.0,0.0
201400052841,5,4,14,2,5,75,108,2,5,1,3,AVENUE DES CHAMPS ELYSEE,0.0,0.0
201400052842,5,4,14,17,1,75,108,2,3,1,6,"32, RUE DE LISBONNE",0.0,0.0
201400052843,5,4,14,23,5,75,108,2,1,1,2,AVENUE DES CHAMPS ELYSEE,0.0,0.0
201400052844,7,4,14,11,1,75,108,2,1,1,3,COURS ALBERT 1ER,0.0,0.0
201400052845,8,4,14,1,5,75,108,2,7,1,3,"4, PLACE DE LA CONCORDE",0.0,0.0
201400052846,9,4,14,9,1,75,108,2,3,1,6,"01, RUE DE L ISLY",0.0,0.0
201400052847,9,4,14,14,1,75,108,2,2,1,3,"83, RUE DE MONCEAU",0.0,0.0
201400052848,10,4,14,17,1,75,117,2,1,1,3,"14, BOULEVARD DE COURCEL",0.0,0.0
201400052849,10,4,14,19,1,75,108,2,1,1,4,"26, AVENUE DE WAGRAM",0.0,0.0
201400052850,11,4,14,8,1,75,108,2,2,1,1,"32, AVENUE DE FRIEDLAND",0.0,0.0
201400052851,11,4,14,8,1,75,108,2,7,1,3,PLACE CHARLES DE GAULLE,0.0,0.0
201400052852,12,4,14,6,5,75,108,2,5,1,5,ROND POINT CHAMPS ELYSEE,0.0,0.0
201400052853,13,4,14,10,1,75,108,2,1,1,7,PLACE DE LA CONCORDE,0.0,0.0
201400052854,13,4,14,15,1,75,108,2,1,1,3,VOIE GEORGES POMPIDOU,0.0,0.0
201400052855,15,4,14,11,1,75,108,2,1,1,2,"63, AVENUE HOCHE",0.0,0.0
201400052856,15,4,14,16,1,75,108,2,5,1,2,"18, RUE CHAUVEAU LAGARDE",0.0,0.0
201400052857,16,4,14,11,1,75,108,2,7,1,3,PLACE DE LA CONCORDE,0.0,0.0
201400052858,17,4,14,16,1,75,108,2,2,1,2,COURS LA REINE,0.0,0.0
201400052859,17,4,14,19,1,75,108,2,7,1,3,PLACE DE LA CONCORDE,0.0,0.0
201400052860,18,4,14,10,1,75,108,2,1,1,3,PLACE DE LA CONCORDE,0.0,0.0
201400052861,19,4,14,7,1,75,108,2,1,1,6,"118, AVENUE DES CHAMPS E",0.0,0.0
201400052862,21,4,14,14,1,75,108,2,7,1,3,"1, PLACE DE LA CONCORDE",0.0,0.0
201400052863,22,4,14,17,1,75,108,2,1,8,4,AVENUE DES CHAMPS ELYSEE,0.0,0.0
201400052864,23,4,14,14,1,75,108,2,2,1,7,"44, AVENUE MONTAIGNE",0.0,0.0
201400052865,23,4,14,16,1,75,108,2,1,1,4,"81, BOULEVARD HAUSSMANN",0.0,0.0
201400052866,24,4,14,14,1,75,108,2,2,1,3,"119, BOULEVARD MALESHERB",0.0,0.0
201400052867,24,4,14,17,1,75,108,2,1,1,6,"9, RUE DE BERRI",0.0,0.0
201400052868,24,4,14,23,5,75,108,2,1,1,2,ROND POINT CHAMPS ELYSEE,0.0,0.0
201400052869,25,4,14,8,1,75,108,2,7,3,3,PLACE DE LA CONCORDE,0.0,0.0
201400052870,25,4,14,15,1,75,108,2,2,2,7,"91, AVENUE DES CHAMPS EL",0.0,0.0
201400052871,25,4,14,18,1,75,108,2,2,8,2,"136, AVENUE DES CHAMPS E",0.0,0.0
201400052872,26,4,14,0,5,75,108,2,1,1,3,"106, RUE LA BOETIE",0.0,0.0
201400052873,26,4,14,2,5,75,108,2,1,1,2,"50, AVENUE MONTAIGNE",0.0,0.0
201400052874,27,4,14,0,5,75,108,2,2,1,6,"99, AVENUE DES CHAMPS EL",0.0,0.0
201400052875,28,4,14,10,1,75,108,2,2,2,2,"37, RUE DE L ARCADE",0.0,0.0
201400052876,28,4,14,14,1,75,108,2,2,8,3,"22, RUE DE NAPLES",0.0,0.0
201400052877,29,4,14,19,2,75,108,2,2,2,7,"18, RUE ROYALE",0.0,0.0
201400052878,30,4,14,8,1,75,108,2,3,1,2,"67, RUE DE MONCEAU",0.0,0.0
201400052879,1,5,14,12,1,75,108,2,7,2,7,PLACE DE LA CONCORDE,0.0,0.0
201400052880,4,5,14,17,1,75,108,2,1,1,3,"27, BOULEVARD DE COURCEL",0.0,0.0
201400052881,5,5,14,18,1,75,108,2,7,1,2,PLACE DE LA CONCORDE,0.0,0.0
201400052882,7,5,14,9,1,75,108,2,7,1,4,AVENUE DES CHAMPS ELYSEE,0.0,0.0
201400052883,9,5,14,7,1,75,108,2,2,2,2,"91, AVENUE DES CHAMPS EL",0.0,0.0
201400052884,12,5,14,17,1,75,108,2,7,2,7,"40, AVENUE GEORGE V",0.0,0.0
201400052885,12,5,14,17,1,75,108,2,1,1,3,"89, RUE DU FAUBOURG SAIN",0.0,0.0
201400052886,12,5,14,18,1,75,108,2,1,1,6,"7, AVENUE DE MESSINE",0.0,0.0
201400052887,13,5,14,15,1,75,108,2,1,2,2,"49, RUE DE LONDRES",0.0,0.0
201400052888,14,5,14,16,1,75,108,2,1,1,2,AVENUE DES CHAMPS ELYSEE,0.0,0.0
201400052889,14,5,14,19,1,75,108,2,3,1,6,"41, RUE DE LABORDE",0.0,0.0
201400052890,15,5,14,15,1,75,108,2,1,1,6,AVENUE DE MARIGNY,0.0,0.0
201400052891,19,5,14,13,1,75,108,2,5,1,6,"42, RUE VIGNON",0.0,0.0
201400052892,20,5,14,0,5,75,108,2,2,1,3,"16, RUE DE LISBONNE",0.0,0.0
201400052893,20,5,14,23,5,75,108,2,3,1,6,AVENUE DE FRIEDLAND,0.0,0.0
201400052894,21,5,14,11,1,75,108,2,7,3,6,RUE DE VIENNE,0.0,0.0
201400052895,22,5,14,11,1,75,108,2,1,2,3,"08, RUE DE TEHERAN",0.0,0.0
201400052896,22,5,14,18,1,75,108,2,7,1,3,AVENUE DES CHAMPS ELYSEE,0.0,0.0
201400052897,23,5,14,7,1,75,108,2,2,1,6,"45, BOULEVARD DES BATIGN",0.0,0.0
201400052898,23,5,14,14,1,75,108,2,2,1,3,"41, AVENUE DE FRIEDLAND",0.0,0.0
201400052899,24,5,14,15,1,75,108,2,2,1,3,"2, RUE DE VEZELAY",0.0,0.0
201400052900,24,5,14,16,1,75,108,2,1,2,3,"27, BOULEVARD DE COURCEL",0.0,0.0
201400052901,25,5,14,17,1,75,108,2,2,1,3,"11, BOULEVARD MALESHERBE",0.0,0.0
201400052902,27,5,14,2,5,75,117,2,3,1,2,"22, AVENUE DE WAGRAM",0.0,0.0
201400052903,29,5,14,1,5,75,108,2,7,1,3,PLACE DE LA CONCORDE,0.0,0.0
201400052904,30,5,14,15,1,75,108,2,5,1,3,"5, RUE DU HAVRE",0.0,0.0
201400052905,30,5,14,18,1,75,108,2,7,1,3,AVENUE DES CHAMPS ELYSEE,0.0,0.0
201400052906,30,5,14,17,1,75,108,2,1,1,6,"99, RUE D AMSTERDAM",0.0,0.0
201400052907,2,6,14,9,1,75,108,2,1,1,3,"82, BOULEVARD HAUSSMANN",0.0,0.0
201400052908,2,6,14,11,1,75,108,2,5,1,6,BOULEVARD HAUSSMANN,0.0,0.0
201400052909,2,6,14,17,1,75,108,2,2,1,3,"46, AVENUE GEORGE V",0.0,0.0
201400052910,3,6,14,17,1,75,108,2,7,1,3,"14, RUE DE SAINT PETERSB",0.0,0.0
201400052911,3,6,14,13,1,75,108,2,1,1,2,RUE DE MIROMESNIL,0.0,0.0
201400052912,5,6,14,14,1,75,108,2,7,1,6,AVENUE DES CHAMPS ELYSEE,0.0,0.0
201400052913,5,6,14,14,1,75,108,2,3,1,3,"41 bis, BOULEVARD DES BA",0.0,0.0
201400052914,5,6,14,15,1,75,108,2,7,1,6,"10, PLACE DE LA CONCORDE",0.0,0.0
201400052915,5,6,14,21,1,75,108,2,2,1,3,"99, AVENUE DES CHAMPS EL",0.0,0.0
201400052916,6,6,14,2,5,75,108,2,7,1,7,PLACE DE L ALMA,0.0,0.0
201400052917,10,6,14,9,1,75,108,2,1,1,7,"109, AVENUE DES CHAMPS E",0.0,0.0
201400052918,10,6,14,18,1,75,108,2,1,8,6,"40, AVENUE DE FRIEDLAND",0.0,0.0
201400052919,11,6,14,14,1,75,108,2,3,1,6,"18, RUE TRONCHET",0.0,0.0
201400052920,11,6,14,15,2,75,108,2,3,1,3,"8, BOULEVARD MALESHERBES",0.0,0.0
201400052921,12,6,14,9,1,75,108,2,2,1,2,BOULEVARD MALESHERBES,0.0,0.0
201400052922,12,6,14,17,1,75,108,2,2,1,6,"72, GALERIE ELYSEES LA B",0.0,0.0
201400052923,12,6,14,18,1,75,108,2,7,1,3,"4, PLACE DE LA CONCORDE",0.0,0.0
201400052924,13,6,14,12,1,75,108,2,2,1,7,"69, BOULEVARD HAUSSMANN",0.0,0.0
201400052925,13,6,14,15,1,75,108,2,3,1,3,RUE DE LA VILLE L EVEQUE,0.0,0.0
201400052926,13,6,14,17,1,75,108,2,5,1,4,BOULEVARD DES BATIGNOLLE,0.0,0.0
201400052927,14,6,14,15,1,75,108,2,7,1,1,"14, RUE DE SAINT PETERSB",0.0,0.0
201400052928,17,6,14,16,1,75,108,2,1,1,2,"45, BOULEVARD DES BATIGN",0.0,0.0
201400052929,18,6,14,17,1,75,108,2,2,1,6,"79, AVENUE DES CHAMPS EL",0.0,0.0
201400052930,19,6,14,16,1,75,108,2,3,1,6,"14, BOULEVARD DE LA MADE",0.0,0.0
201400052931,19,6,14,20,1,75,108,2,2,1,6,"55, AVENUE DES CHAMPS EL",0.0,0.0
201400052932,20,6,14,0,5,75,108,2,2,1,3,"45, BOULEVARD DES BATIGN",0.0,0.0
201400052933,20,6,14,16,1,75,108,2,7,1,6,PLACE DE LA CONCORDE,0.0,0.0
201400052934,22,6,14,5,2,75,108,2,7,1,6,"4, PLACE DE LA CONCORDE",0.0,0.0
201400052935,22,6,14,19,1,75,108,2,3,1,7,AVENUE PERCIER,0.0,0.0
201400052936,22,6,14,19,1,75,108,2,3,1,7,"12, AVENUE PERCIER",0.0,0.0
201400052937,23,6,14,13,1,75,108,2,3,1,2,"121, BOULEVARD HAUSSMANN",0.0,0.0
201400052938,22,6,14,21,1,75,108,2,1,1,6,"38, RUE DU FAUBOURG SAIN",0.0,0.0
201400052939,23,6,14,16,1,75,108,2,5,1,2,"2, PLACE SAINT AUGUSTIN",0.0,0.0
201400052940,26,6,14,18,1,75,108,2,7,1,3,PLACE DE LA CONCORDE,0.0,0.0
201400052941,28,6,14,7,1,75,108,2,2,1,6,"65 bis, RUE DE MIROMESNI",0.0,0.0
201400052942,28,6,14,15,1,75,109,2,1,3,7,"70, RUE D AMSTERDAM",0.0,0.0
201400052943,28,6,14,22,5,75,108,2,7,2,3,ROND POINT CHAMPS ELYSEE,0.0,0.0
201400052944,29,6,14,23,5,75,108,2,2,1,2,"159, BOULEVARD HAUSSMANN",0.0,0.0
201400052945,30,6,14,23,5,75,108,2,2,1,6,AVENUE HOCHE,0.0,0.0
201400052946,2,7,14,7,1,75,108,2,5,1,3,COURS LA REINE,0.0,0.0
201400052947,3,7,14,17,1,75,108,2,1,1,2,AVENUE DES CHAMPS ELYSEE,0.0,0.0
201400052948,4,7,14,15,1,75,108,2,7,1,3,"1, PLACE DE LA CONCORDE",0.0,0.0
201400052949,4,7,14,15,1,75,108,2,2,1,2,"93, AVENUE DES CHAMPS EL",0.0,0.0
201400052950,4,7,14,20,1,75,108,2,7,1,2,"1, PLACE DE LA CONCORDE",0.0,0.0
201400052951,5,7,14,14,1,75,108,2,1,1,6,AVENUE DE MARIGNY,0.0,0.0
201400052952,6,7,14,14,1,75,108,2,2,3,6,RUE BALZAC,0.0,0.0
201400052953,7,7,14,20,1,75,108,2,7,2,7,"15, AVENUE DE FRIEDLAND",0.0,0.0
201400052954,8,7,14,19,1,75,108,2,1,2,3,PLACE DE LA CONCORDE,0.0,0.0
201400052955,9,7,14,17,1,75,108,2,2,2,3,"51, AVENUE GEORGE V",0.0,0.0
201400052956,10,7,14,0,5,75,108,2,3,3,2,"9, RUE DE ROME",0.0,0.0
201400052957,10,7,14,10,1,75,108,2,5,2,7,"135, AVENUE DES CHAMPS E",0.0,0.0
201400052958,9,7,14,21,2,75,108,2,2,3,1,"55, AVENUE DES CHAMPS EL",0.0,0.0
201400052959,10,7,14,22,5,75,108,2,4,2,3,"111, BOULEVARD HAUSSMANN",0.0,0.0
201400052960,16,7,14,8,1,75,108,2,7,1,3,PLACE CLEMENCEAU,0.0,0.0
201400052961,16,7,14,15,1,75,108,2,1,1,7,"156, AVENUE DES CHAMPS E",0.0,0.0
201400052962,17,7,14,1,5,75,108,2,7,1,3,AVENUE DES CHAMPS ELYSEE,0.0,0.0
201400052963,19,7,14,10,1,75,108,2,7,1,3,ROND POINT CHAMPS ELYSEE,0.0,0.0
201400052964,19,7,14,19,1,75,117,2,3,8,3,"74, AVENUE DE CLICHY",0.0,0.0
201400052965,22,7,14,13,1,75,108,2,2,1,3,"01, AVENUE MYRON HERRICK",0.0,0.0
201400052966,22,7,14,15,1,75,108,2,7,8,3,"1, BOULEVARD MALESHERBES",0.0,0.0
201400052967,24,7,14,6,1,75,108,2,7,1,6,"6, PLACE SAINT AUGUSTIN",0.0,0.0
201400052968,25,7,14,15,1,75,108,2,1,1,3,"11BIS, RUE DU CIRQUE",0.0,0.0
201400052969,27,7,14,8,1,75,117,2,2,1,3,AVENUE DE LA PORTE DES T,0.0,0.0
201400052970,30,7,14,13,1,75,108,2,7,1,3,PLACE DE LA CONCORDE,0.0,0.0
201400052971,31,7,14,4,3,75,108,2,5,1,6,"38, AVENUE GEORGE V",0.0,0.0
201400052972,31,7,14,13,1,75,108,2,2,1,6,"45, AVENUE HOCHE",0.0,0.0
201400052973,31,7,14,16,1,75,108,2,1,1,6,AVENUE GEORGE V,0.0,0.0
201400052974,31,7,14,18,1,75,108,2,7,1,6,RUE SAINT LAZARE,0.0,0.0
201400052975,2,8,14,15,1,75,108,2,1,1,6,AVENUE WINSTON CHURCHILL,0.0,0.0
201400052976,2,8,14,18,1,75,108,2,2,3,3,RUE DE LISBONNE,0.0,0.0
201400052977,6,8,14,14,1,75,108,2,4,2,3,"14, AVENUE GEORGE V",0.0,0.0
201400052978,6,8,14,14,1,75,108,2,7,2,3,PLACE DE LA CONCORDE,0.0,0.0
201400052979,7,8,14,14,1,75,108,2,1,2,7,"119, AVENUE DES CHAMPS E",0.0,0.0
201400052980,13,8,14,18,1,75,108,2,3,2,2,"96 bis, BOULEVARD HAUSSM",0.0,0.0
201400052981,13,8,14,20,1,75,108,2,5,8,2,RUE DU FAUBOURG SAINT HO,0.0,0.0
201400052982,15,8,14,20,2,75,108,2,7,2,3,PLACE DE LA CONCORDE,0.0,0.0
201400052983,17,8,14,19,1,75,108,2,2,1,3,RUE TRONCHET,0.0,0.0
201400052984,20,8,14,15,1,75,108,2,1,1,6,"25, RUE MARBEUF",0.0,0.0
201400052985,21,8,14,9,1,75,108,2,1,1,3,"13, RUE D AMSTERDAM",0.0,0.0
201400052986,22,8,14,10,1,75,108,2,3,1,6,"7, BOULEVARD MALESHERBES",0.0,0.0
201400052987,22,8,14,14,1,75,108,2,7,1,3,"1, PLACE DE LA CONCORDE",0.0,0.0
201400052988,22,8,14,18,1,75,108,2,2,1,3,RUE DE TEHERAN,0.0,0.0
201400052989,24,8,14,0,5,75,108,2,2,1,6,"49, RUE FRANCOIS 1ER",0.0,0.0
201400052990,25,8,14,14,1,75,108,2,1,2,7,COURS ALBERT 1ER,0.0,0.0
201400052991,26,8,14,12,1,75,117,2,1,2,3,"6, AVENUE CARNOT",0.0,0.0
201400052992,27,8,14,12,1,75,108,2,3,8,6,"30, RUE DU FAUBOURG SAIN",0.0,0.0
201400052993,28,8,14,16,1,75,108,2,2,1,3,RUE DE MIROMESNIL,0.0,0.0
201400052994,28,8,14,17,1,75,108,2,1,1,6,"156, AVENUE DES CHAMPS E",0.0,0.0
201400052995,30,8,14,18,1,75,108,2,7,1,6,PLACE DE LA CONCORDE,0.0,0.0
201400052996,1,9,14,15,1,75,108,2,2,1,6,"3, RUE DE LA TREMOILLE",0.0,0.0
201400052997,3,9,14,11,1,75,108,2,2,1,6,"8, BOULEVARD MALESHERBES",0.0,0.0
201400052998,6,9,14,12,1,75,117,2,4,1,2,AVENUE DE LA PORTE DE CL,0.0,0.0
201400052999,8,9,14,16,1,75,108,2,7,1,6,PLACE DE LA CONCORDE,0.0,0.0
201400053000,8,9,14,18,2,75,108,2,5,1,7,COURS LA REINE,0.0,0.0
201400053001,9,9,14,8,1,75,108,2,1,1,6,"1, AVENUE BEAUCOUR",0.0,0.0
201400053002,11,9,14,10,1,75,108,2,7,1,3,PLACE DE LA CONCORDE,0.0,0.0
201400053003,11,9,14,16,1,75,108,2,1,1,2,AVENUE DES CHAMPS ELYSEE,0.0,0.0
201400053004,11,9,14,20,5,75,116,2,1,1,2,AVENUE FOCH,0.0,0.0
201400053005,13,9,14,14,1,75,108,2,2,1,6,"19, RUE VERNET",0.0,0.0
201400053006,13,9,14,17,1,75,108,2,7,1,6,"5, PLACE DE DUBLIN",0.0,0.0
201400053007,15,9,14,20,3,75,108,2,1,1,6,"15, RUE DE ROME",0.0,0.0
201400053008,16,9,14,7,1,75,108,2,7,1,3,"1, ROND POINT CHAMPS ELY",0.0,0.0
201400053009,16,9,14,10,1,75,108,2,7,1,2,ROND POINT CHAMPS ELYSEE,0.0,0.0
201400053010,16,9,14,20,1,75,108,2,1,1,6,"25, RUE DE PONTHIEU",0.0,0.0
201400053011,17,9,14,8,1,75,108,2,7,1,3,PLACE DE LA CONCORDE,0.0,0.0
201400053012,17,9,14,11,1,75,108,2,1,1,4,"156, AVENUE DES CHAMPS E",0.0,0.0
201400053013,19,9,14,10,1,75,108,2,1,1,6,"22, AVENUE DE WAGRAM",0.0,0.0
201400053014,20,9,14,19,2,75,108,2,4,2,7,VOIE GEORGES POMPIDOU,0.0,0.0
201400053015,22,9,14,20,5,75,108,2,2,1,6,PONT DES INVALIDES,0.0,0.0
201400053016,23,9,14,8,1,75,108,2,1,1,4,AVENUE DES CHAMPS ELYSEE,0.0,0.0
201400053017,24,9,14,11,1,75,108,2,5,1,3,"39, AVENUE GEORGE V",0.0,0.0
201400053018,25,9,14,16,1,75,108,2,1,1,7,"5, RUE ROYALE",0.0,0.0
201400053019,27,9,14,3,5,75,108,2,1,1,6,"1, SOUTERRAIN ALMA",0.0,0.0
201400053020,27,9,14,9,1,75,108,2,7,1,6,PLACE DE L ALMA,0.0,0.0
201400053021,27,9,14,14,1,75,108,2,2,1,3,"34, RUE PASQUIER",0.0,0.0
201400053022,28,9,14,2,5,75,108,2,7,1,3,"2, ROND POINT CHAMPS ELY",0.0,0.0
201400053023,29,9,14,7,2,75,108,2,1,1,7,"23, RUE DE SAINT PETERSB",0.0,0.0
201400053024,29,9,14,9,1,75,108,2,1,2,6,"44, AVENUE GEORGE V",0.0,0.0
201400053025,30,9,14,10,1,75,108,2,2,1,3,PLACE CLEMENCEAU,0.0,0.0
201400053026,30,9,14,12,1,75,108,2,1,1,3,"07, AVENUE DE FRIEDLAND",0.0,0.0
201400053027,30,9,14,13,1,75,108,2,1,1,2,"35, RUE DU FAUBOURG SAIN",0.0,0.0
201400053028,1,10,14,15,1,75,108,2,1,1,6,"25, AVENUE DES CHAMPS EL",0.0,0.0
201400053029,1,10,14,18,1,75,108,2,1,7,2,"6, PLACE DE LA CONCORDE",0.0,0.0
201400053030,2,10,14,13,1,75,108,2,7,1,3,"8, PLACE DE LA CONCORDE",0.0,0.0
201400053031,3,10,14,12,1,75,108,2,3,1,7,"51, RUE FRANCOIS 1ER",0.0,0.0
201400053032,3,10,14,21,5,75,108,2,7,1,7,"4, PLACE DE LA CONCORDE",0.0,0.0
201400053033,5,10,14,14,1,75,108,2,2,1,3,"17, RUE CLEMENT MAROT",0.0,0.0
201400053034,6,10,14,1,5,75,108,2,2,1,2,"126, AVENUE DES CHAMPS E",0.0,0.0
201400053035,6,10,14,16,1,75,108,2,7,2,2,AVENUE DES CHAMPS ELYSEE,0.0,0.0
201400053036,6,10,14,19,5,75,108,2,2,3,6,"46, AVENUE GEORGE V",0.0,0.0
201400053037,6,10,14,16,1,75,108,2,5,2,7,"16, AVENUE HOCHE",0.0,0.0
201400053038,7,10,14,10,1,75,108,2,2,1,2,"26, AVENUE DES CHAMPS EL",0.0,0.0
201400053039,6,10,14,21,5,75,108,2,4,2,3,"06, AVENUE DE FRIEDLAND",0.0,0.0
201400053040,7,10,14,19,5,75,108,2,1,1,2,"7, RUE DU FAUBOURG SAINT",0.0,0.0
201400053041,8,10,14,14,1,75,108,2,1,1,3,"18, RUE DE MARIGNAN",0.0,0.0
201400053042,9,10,14,14,1,75,108,2,7,1,6,"3, PLACE DE LA MADELEINE",0.0,0.0
201400053043,12,10,14,2,5,75,108,2,7,1,7,PLACE DE LA CONCORDE,0.0,0.0
201400053044,13,10,14,8,1,75,108,2,4,1,3,"25, AVENUE DE FRIEDLAND",0.0,0.0
201400053045,13,10,14,8,1,75,108,2,3,1,6,AVENUE GABRIEL,0.0,0.0
201400053046,14,10,14,13,1,75,108,2,2,1,6,"2, COURS LA REINE",0.0,0.0