Num_Acc,jour,mois,an,hr,condition_eclairage,departement,commune,condition_agglomeration,intersection,condition_atmosphere,type_collision,adresse,lattitude,longitude
201400053047,15,10,14,11,1,75,108,2,5,1,2,"1, ROND POINT CHAMPS ELY",0.0,0.0
201400053048,15,10,14,12,1,75,108,2,7,2,3,"1, PLACE DE LA CONCORDE",0.0,0.0
201400053049,15,10,14,14,1,75,108,2,3,1,1,"233 bis, RUE DU FAUBOURG",0.0,0.0
201400053050,15,10,14,16,1,75,108,2,3,2,3,"1, AVENUE CESAR CAIRE",0.0,0.0
201400053051,15,10,14,23,5,75,108,2,1,2,2,AVENUE DES CHAMPS ELYSEE,0.0,0.0
201400053052,16,10,14,11,1,75,108,2,2,1,2,"48, BOULEVARD MALESHERBE",0.0,0.0
201400053053,17,10,14,19,2,75,108,2,1,1,2,"50, RUE DE MIROMESNIL",0.0,0.0
201400053054,18,10,14,1,5,75,108,2,5,1,6,"61, RUE DE ROME",0.0,0.0
201400053055,18,10,14,22,5,75,108,2,4,1,3,"11, AVENUE GEORGE V",0.0,0.0
201400053056,19,10,14,19,5,75,108,2,7,1,3,"4, PLACE DE LA CONCORDE",0.0,0.0
201400053057,20,10,14,17,1,75,108,2,2,1,3,"20, RUE DU BOCCADOR",0.0,0.0
201400053058,21,10,14,14,1,75,108,2,1,2,4,AVENUE WINSTON CHURCHILL,0.0,0.0
201400053059,21,10,14,17,1,75,108,2,7,2,6,COURS ALBERT 1ER,0.0,0.0
201400053060,21,10,14,20,5,75,108,2,2,2,3,"49, AVENUE GEORGE V",0.0,0.0
201400053061,21,10,14,20,5,75,108,2,2,2,2,"91, AVENUE DES CHAMPS EL",0.0,0.0
201400053062,22,10,14,23,5,75,108,2,7,1,6,"02, PLACE DE LA CONCORDE",0.0,0.0
201400053063,24,10,14,11,1,75,108,2,3,1,3,"01, AVENUE DE MARIGNY",0.0,0.0
201400053064,24,10,14,13,1,75,108,2,1,1,4,"69, RUE DE COURCELLES",0.0,0.0
201400053065,29,10,14,15,1,75,108,2,1,1,3,"52, RUE DE LA BIENFAISAN",0.0,0.0
201400053066,30,10,14,10,1,75,108,2,7,1,3,PLACE DE LA CONCORDE,0.0,0.0
201400053067,30,10,14,17,2,75,108,2,3,1,6,"12, RUE DE ROME",0.0,0.0
201400053068,31,10,14,9,1,75,108,2,1,1,7,"20, AVENUE DE WAGRAM",0.0,0.0
201400053069,31,10,14,12,1,75,108,2,3,1,6,"27, RUE ROYALE",0.0,0.0
201400053070,31,10,14,22,5,75,108,2,1,1,2,"24, AVENUE DES CHAMPS EL",0.0,0.0
201400053071,1,11,14,23,5,75,108,2,7,1,4,"135, AVENUE DES CHAMPS E",0.0,0.0
201400053072,3,11,14,12,1,75,108,2,1,1,3,"39bis, RUE DU COLISEE",0.0,0.0
201400053073,5,11,14,18,5,75,108,2,3,1,3,"34, RUE FRANCOIS 1ER",0.0,0.0
201400053074,7,11,14,12,1,75,108,2,7,1,7,"53, BOULEVARD DE COURCEL",0.0,0.0
201400053075,7,11,14,15,1,75,108,2,1,1,7,"16, AVENUE GABRIEL",0.0,0.0
201400053076,8,11,14,21,5,75,108,2,3,1,7,PLACE DE L ALMA,0.0,0.0
201400053077,10,11,14,16,1,75,108,2,1,1,6,"2, AVENUE WINSTON CHURCH",0.0,0.0
201400053078,10,11,14,19,5,75,108,2,7,1,3,AVENUE GENERAL EISENHOWE,0.0,0.0
201400053079,12,11,14,15,1,75,108,2,3,1,6,"19, AVENUE DE FRIEDLAND",0.0,0.0
201400053080,13,11,14,11,1,75,108,2,1,1,3,"21, BOULEVARD DE COURCEL",0.0,0.0
201400053081,14,11,14,8,1,75,108,2,1,1,3,"17BIS, RUE D AMSTERDAM",0.0,0.0
201400053082,14,11,14,11,1,75,108,2,1,2,1,"8, AVENUE MARCEAU",0.0,0.0
201400053083,15,11,14,2,5,75,108,2,2,2,6,AVENUE DES CHAMPS ELYSEE,0.0,0.0
201400053084,16,11,14,6,5,75,108,2,7,1,3,"1, PLACE SAINT AUGUSTIN",0.0,0.0
201400053085,15,11,14,21,5,75,108,2,1,1,6,"45, RUE DE SAINT PETERSB",0.0,0.0
201400053086,17,11,14,10,1,75,108,2,2,1,3,"46, AVENUE MARCEAU",0.0,0.0
201400053087,17,11,14,17,5,75,108,2,1,3,6,RUE DE COURCELLES,0.0,0.0
201400053088,19,11,14,0,5,75,108,2,2,1,3,RUE DE BERRI,0.0,0.0
201400053089,20,11,14,9,1,75,108,2,2,1,3,"51, AVENUE GEORGE V",0.0,0.0
201400053090,23,11,14,5,5,75,108,2,3,1,3,"4, AVENUE DE FRIEDLAND",0.0,0.0
201400053091,23,11,14,16,1,75,108,2,3,1,3,AVENUE DES CHAMPS ELYSEE,0.0,0.0
201400053092,24,11,14,18,2,75,108,2,3,1,2,AVENUE DE MESSINE,0.0,0.0
201400053093,24,11,14,18,5,75,108,2,4,1,6,"33, RUE DE SAINT PETERSB",0.0,0.0
201400053094,25,11,14,12,1,75,108,2,1,1,2,"26, AVENUE DES CHAMPS EL",0.0,0.0
201400053095,25,11,14,12,1,75,108,2,7,1,6,PLACE DE LA CONCORDE,0.0,0.0
201400053096,25,11,14,15,1,75,108,2,3,8,1,"27, AVENUE DE FRIEDLAND",0.0,0.0
201400053097,26,11,14,10,1,75,107,2,2,1,3,PONT ALEXANDRE III,0.0,0.0
201400053098,27,11,14,6,5,75,108,2,1,1,3,AVENUE DES CHAMPS ELYSEE,0.0,0.0
201400053099,29,11,14,21,5,75,108,2,7,1,1,"11, PLACE SAINT AUGUSTIN",0.0,0.0
201400053100,1,12,14,18,5,75,108,2,2,1,3,RUE DE LA TREMOILLE,0.0,0.0
201400053101,2,12,14,0,5,75,108,2,3,2,6,"124, RUE LA BOETIE",0.0,0.0
201400053102,2,12,14,9,1,75,116,2,2,9,7,"1, AVENUE D IENA",0.0,0.0
201400053103,2,12,14,11,1,75,108,2,1,1,6,"152, AVENUE DES CHAMPS E",0.0,0.0
201400053104,3,12,14,11,1,75,108,2,7,1,6,"3, PLACE DE LA MADELEINE",0.0,0.0
201400053105,3,12,14,19,5,75,108,2,2,1,3,"44, RUE DE ROME",0.0,0.0
201400053106,3,12,14,22,5,75,108,2,1,1,2,AVENUE DES CHAMPS ELYSEE,0.0,0.0
201400053107,3,12,14,21,5,75,108,2,1,8,6,AVENUE DES CHAMPS ELYSEE,0.0,0.0
201400053108,4,12,14,14,1,75,108,2,7,1,3,"7, PLACE DE L ALMA",0.0,0.0
201400053109,4,12,14,18,5,75,108,2,5,2,6,"254, RUE DU FAUBOURG SAI",0.0,0.0
201400053110,5,12,14,17,5,75,108,2,1,1,5,PONT DE L ALMA,0.0,0.0
201400053111,5,12,14,17,5,75,108,2,3,1,7,"29, AVENUE MONTAIGNE",0.0,0.0
201400053112,6,12,14,19,5,75,108,2,7,1,3,"20, PLACE DE LA MADELEIN",0.0,0.0
201400053113,8,12,14,2,5,75,108,2,7,1,7,AVENUE DES CHAMPS ELYSEE,0.0,0.0
201400053114,8,12,14,13,1,75,108,2,2,2,7,"32, AVENUE DE FRIEDLAND",0.0,0.0
201400053115,8,12,14,16,1,75,108,2,1,2,3,COURS LA REINE,0.0,0.0
201400053116,8,12,14,20,5,75,108,2,7,1,3,"4, PLACE DE LA CONCORDE",0.0,0.0
201400053117,9,12,14,15,1,75,108,2,7,1,6,"116, BOULEVARD HAUSSMANN",0.0,0.0
201400053118,10,12,14,10,1,75,108,2,3,2,2,"38, AVENUE DE FRIEDLAND",0.0,0.0
201400053119,10,12,14,12,1,75,108,2,1,1,6,"63, AVENUE DES CHAMPS EL",0.0,0.0
201400053120,10,12,14,11,1,75,108,2,7,8,7,PLACE DE LA CONCORDE,0.0,0.0
201400053121,10,12,14,13,1,75,108,2,3,2,6,"4, RUE LARRIBE",0.0,0.0
201400053122,11,12,14,13,1,75,108,2,1,2,6,"3, RUE D EDIMBOURG",0.0,0.0
201400053123,12,12,14,8,1,75,108,2,1,2,3,"51, RUE DE COURCELLES",0.0,0.0
201400053124,12,12,14,13,1,75,108,2,3,2,4,"62, RUE DE ROME",0.0,0.0
201400053125,12,12,14,13,1,75,108,2,3,8,2,"86, BOULEVARD MALESHERBE",0.0,0.0
201400053126,13,12,14,0,5,75,108,2,7,3,3,"5, PLACE DE L ALMA",0.0,0.0
201400053127,16,12,14,0,5,75,108,2,2,1,3,COURS LA REINE,0.0,0.0
201400053128,16,12,14,15,1,75,108,2,7,1,2,PLACE SAINT AUGUSTIN,0.0,0.0
201400053129,16,12,14,17,5,75,108,2,2,1,3,"51, AVENUE GEORGE V",0.0,0.0
201400053130,17,12,14,8,1,75,108,2,3,3,5,PLACE DE LA CONCORDE,0.0,0.0
201400053131,17,12,14,14,1,75,108,2,7,2,2,"27, PLACE DE LA MADELEIN",0.0,0.0
201400053132,17,12,14,18,5,75,108,2,7,2,3,PLACE DE LA CONCORDE,0.0,0.0
201400053133,19,12,14,10,1,75,108,2,7,2,2,PLACE CHARLES DE GAULLE,0.0,0.0
201400053134,20,12,14,12,1,75,108,2,7,1,6,"2, COUR DE ROME",0.0,0.0
201400053135,20,12,14,18,5,75,108,2,1,2,6,"20, AVENUE HOCHE",0.0,0.0
201400053136,20,12,14,20,5,75,108,2,1,2,2,"12, AVENUE MARCEAU",0.0,0.0
201400053137,22,12,14,17,5,75,108,2,1,8,6,PLACE DE LA CONCORDE,0.0,0.0
201400053138,23,12,14,9,1,75,108,2,5,1,2,"35, BOULEVARD DE COURCEL",0.0,0.0
201400053139,23,12,14,20,5,75,108,2,2,1,3,"83, BOULEVARD MALESHERBE",0.0,0.0
201400053140,25,12,14,19,5,75,108,2,2,1,3,RUE DU FAUBOURG SAINT HO,0.0,0.0
201400053141,26,12,14,14,1,75,108,2,2,1,6,AVENUE DE MARIGNY,0.0,0.0
201400053142,28,12,14,1,5,75,108,2,7,8,6,RUE D AMSTERDAM,0.0,0.0
201400053143,29,12,14,0,5,75,108,2,7,1,3,PLACE CHARLES DE GAULLE,0.0,0.0
201400053144,29,12,14,14,1,75,108,2,1,1,6,AVENUE MONTAIGNE,0.0,0.0
201400053145,31,12,14,13,1,75,108,2,3,1,6,"9-11, RUE DU HAVRE",0.0,0.0
201400053146,6,3,14,19,2,75,108,2,1,1,3,PLACE DE LA CONCORDE,0.0,0.0
201400053147,3,1,14,21,4,75,109,2,1,1,7,"20, BOULEVARD MONTMARTRE",0.0,0.0
201400053148,8,1,14,15,1,75,109,2,7,1,3,"02, RUE HALEVY",0.0,0.0
201400053149,15,1,14,14,1,75,109,2,2,2,3,"57, RUE DE LA VICTOIRE",0.0,0.0
201400053150,17,1,14,2,5,75,109,2,3,1,3,"16, RUE DU FAUBOURG MONT",0.0,0.0
201400053151,17,1,14,14,1,75,109,2,1,1,3,"7, RUE DU FAUBOURG POISS",0.0,0.0
201400053152,22,1,14,12,1,75,109,2,1,1,6,"25, RUE BLEUE",0.0,0.0
201400053153,23,1,14,15,1,75,109,2,1,2,7,"6, BOULEVARD MONTMARTRE",0.0,0.0
201400053154,23,1,14,15,1,75,109,2,1,1,6,"64, RUE D AMSTERDAM",0.0,0.0
201400053155,23,1,14,18,5,75,109,2,2,2,3,"22, RUE DE MOGADOR",0.0,0.0
201400053156,24,1,14,9,2,75,109,2,1,1,6,"24, BOULEVARD POISSONNIE",0.0,0.0
201400053157,25,1,14,0,5,75,109,2,5,1,6,"70, BOULEVARD HAUSSMANN",0.0,0.0
201400053158,25,1,14,3,5,75,109,2,1,2,7,"8, BOULEVARD POISSONNIER",0.0,0.0
201400053159,25,1,14,7,5,75,109,2,5,2,7,"06, RUE DE DOUAI",0.0,0.0
201400053160,26,1,14,11,1,75,103,2,2,1,2,"339, RUE SAINT MARTIN",0.0,0.0
201400053161,1,2,14,0,5,75,109,2,2,2,3,"22, RUE DE MOGADOR",0.0,0.0
201400053162,1,2,14,23,5,75,109,2,3,1,6,"51 bis, RUE CONDORCET",0.0,0.0
201400053163,5,2,14,15,1,75,109,2,2,1,6,"41, RUE DE CLICHY",0.0,0.0
201400053164,6,2,14,8,1,75,109,2,1,1,6,"106, RUE D AMSTERDAM",0.0,0.0
201400053165,6,2,14,13,1,75,109,2,2,3,6,"2, RUE LAMARTINE",0.0,0.0
201400053166,8,2,14,20,5,75,109,2,2,1,6,"06, RUE DROUOT",0.0,0.0
201400053167,11,2,14,19,5,75,109,2,1,2,2,"35, RUE DE MAUBEUGE",0.0,0.0
201400053168,12,2,14,9,1,75,109,2,5,1,3,"5, RUE HALEVY",0.0,0.0
201400053169,14,2,14,10,1,75,109,2,5,2,6,"4, RUE DE PROVENCE",0.0,0.0
201400053170,16,2,14,16,1,75,109,2,3,1,3,"22, BOULEVARD POISSONNIE",0.0,0.0
201400053171,17,2,14,12,1,75,109,2,7,1,6,"2 bis, PLACE D ESTIENNE",0.0,0.0
201400053172,19,2,14,11,1,75,102,2,3,2,7,"8, RUE DU SENTIER",0.0,0.0
201400053173,19,2,14,14,1,75,109,2,3,1,6,"41, BOULEVARD HAUSSMANN",0.0,0.0
201400053174,20,2,14,9,1,75,109,2,3,2,6,"15 BIS, RUE DE CLICHY",0.0,0.0
201400053175,20,2,14,22,5,75,109,2,2,2,3,"85, RUE DE DUNKERQUE",0.0,0.0
201400053176,25,2,14,21,5,75,109,2,2,1,2,"50, RUE LA FAYETTE",0.0,0.0
201400053177,27,2,14,12,1,75,109,2,1,2,6,"89, RUE DE ROCHECHOUART",0.0,0.0
201400053178,28,2,14,6,5,75,109,2,7,2,3,"14, PLACE KOSSUTH",0.0,0.0
201400053179,28,2,14,12,1,75,109,2,7,1,6,"12, BOULEVARD DES CAPUCI",0.0,0.0
201400053180,28,2,14,22,5,75,109,2,2,1,3,"4bis, RUE DE CHATEAUDUN",0.0,0.0
201400053181,6,3,14,13,1,75,109,2,5,1,6,"23, RUE AUBER",0.0,0.0
201400053182,6,3,14,14,1,75,109,2,3,1,2,"29, BOULEVARD DE CLICHY",0.0,0.0
201400053183,13,3,14,12,1,75,109,2,7,1,3,PLACE DIAGHILEV,0.0,0.0
201400053184,19,3,14,5,5,75,109,2,5,1,6,"17, BOULEVARD DE ROCHECH",0.0,0.0
201400053185,20,3,14,17,1,75,109,2,7,1,6,"32, RUE NOTRE DAME DE LO",0.0,0.0
201400053186,21,3,14,9,1,75,109,2,1,2,3,"53, RUE DE CHATEAUDUN",0.0,0.0
201400053187,22,3,14,2,5,75,109,2,7,1,6,"28, PLACE SAINT GEORGES",0.0,0.0
201400053188,23,3,14,1,5,75,109,2,5,1,6,"39, RUE VICTOR MASSE",0.0,0.0
201400053189,28,3,14,13,1,75,109,2,2,1,3,"51, BOULEVARD HAUSSMANN",0.0,0.0
201400053190,28,3,14,20,5,75,109,2,1,1,2,RUE PIERRE FONTAINE,0.0,0.0
201400053191,3,4,14,15,1,75,109,2,1,1,3,"2, RUE DE MOGADOR",0.0,0.0
201400053192,4,4,14,9,1,75,109,2,1,1,6,"155, BOULEVARD DE MAGENT",0.0,0.0
201400053193,4,4,14,13,1,75,109,2,1,1,6,"66, BOULEVARD HAUSSMANN",0.0,0.0
201400053194,6,4,14,16,1,75,109,2,3,1,2,"61, RUE SAINT LAZARE",0.0,0.0
201400053195,8,4,14,13,1,75,109,2,2,1,6,"0, RUE DE MAUBEUGE",0.0,0.0
201400053196,8,4,14,21,5,75,109,2,1,1,6,"107, RUE DE PROVENCE",0.0,0.0
201400053197,11,4,14,9,1,75,109,2,2,1,3,"49, RUE DE LA ROCHEFOUCA",0.0,0.0
201400053198,15,4,14,9,1,75,109,2,1,1,2,"102, RUE SAINT LAZARE",0.0,0.0
201400053199,18,4,14,22,5,75,109,2,2,1,3,"87, RUE DE DUNKERQUE",0.0,0.0
201400053200,20,4,14,2,5,75,109,2,3,1,6,RUE ROUGEMONT,0.0,0.0
201400053201,21,4,14,19,1,75,109,2,2,2,3,"2, BOULEVARD MONTMARTRE",0.0,0.0
201400053202,24,4,14,19,1,75,109,2,2,1,3,"19, RUE DE VINTIMILLE",0.0,0.0
201400053203,27,4,14,2,5,75,109,2,1,1,6,"20, BOULEVARD MONTMARTRE",0.0,0.0
201400053204,28,4,14,10,1,75,109,2,1,2,2,"55, RUE DE CHATEAUDUN",0.0,0.0
201400053205,28,4,14,15,1,75,109,2,2,2,6,"73, RUE BLANCHE",0.0,0.0
201400053206,2,5,14,12,1,75,109,2,2,1,3,"42, RUE SAINT GEORGES",0.0,0.0
201400053207,5,5,14,13,1,75,109,2,2,1,7,"01, RUE DE MOGADOR",0.0,0.0
201400053208,7,5,14,17,1,75,109,2,4,1,3,"65bis, RUE DES MARTYRS",0.0,0.0
201400053209,7,5,14,18,1,75,109,2,1,1,3,"9, BOULEVARD DE ROCHECHO",0.0,0.0
201400053210,8,5,14,0,5,75,109,2,7,1,6,"59, BOULEVARD DE CLICHY",0.0,0.0
201400053211,11,5,14,19,1,75,109,2,5,1,3,"34, RUE TRONCHET",0.0,0.0
201400053212,13,5,14,7,1,75,109,2,3,1,3,"80, RUE SAINT LAZARE",0.0,0.0
201400053213,13,5,14,8,1,75,109,2,5,1,3,"21, RUE AUBER",0.0,0.0
201400053214,14,5,14,1,5,75,109,2,1,1,6,"18, RUE SAINT LAZARE",0.0,0.0
201400053215,13,5,14,13,1,75,109,2,1,1,6,"32, BOULEVARD POISSONNIE",0.0,0.0
201400053216,16,5,14,14,1,75,109,2,1,1,6,"35, RUE DE CAUMARTIN",0.0,0.0
201400053217,23,5,14,3,5,75,109,2,2,1,2,"66, BOULEVARD HAUSSMANN",0.0,0.0
201400053218,24,5,14,11,1,75,109,2,5,8,2,"38, BOULEVARD HAUSSMANN",0.0,0.0
201400053219,24,5,14,14,1,75,109,2,5,2,2,"39, BOULEVARD DE ROCHECH",0.0,0.0
201400053220,25,5,14,2,4,75,109,2,5,1,6,"26, RUE DE MONTHOLON",0.0,0.0
201400053221,31,5,14,4,5,75,109,2,2,1,2,"1, BOULEVARD DE ROCHECHO",0.0,0.0
201400053222,5,6,14,12,1,75,109,2,3,1,6,"101, RUE SAINT LAZARE",0.0,0.0
201400053223,12,6,14,17,1,75,109,2,2,1,2,"14, RUE DE CAUMARTIN",0.0,0.0
201400053224,16,6,14,16,1,75,109,2,5,1,6,"15, RUE DE CHATEAUDUN",0.0,0.0
201400053225,16,6,14,18,1,75,109,2,3,1,6,"26, RUE D AMSTERDAM",0.0,0.0
201400053226,18,6,14,12,1,75,109,2,3,1,7,"2, RUE SAINT LAZARE",0.0,0.0
201400053227,21,6,14,4,5,75,109,2,1,1,6,"77, BOULEVARD DE CLICHY",0.0,0.0
201400053228,21,6,14,12,1,75,109,2,1,1,6,"81, RUE LA FAYETTE",0.0,0.0
201400053229,23,6,14,19,1,75,109,2,1,1,6,"59, RUE DE MAUBEUGE",0.0,0.0
201400053230,25,6,14,15,1,75,109,2,2,7,6,"68, RUE LA FAYETTE",0.0,0.0
201400053231,2,7,14,3,5,75,109,2,1,1,6,"84, RUE DE CLICHY",0.0,0.0
201400053232,2,7,14,15,1,75,109,2,5,1,6,"76, RUE DE ROCHECHOUART",0.0,0.0
201400053233,8,7,14,18,1,75,109,2,1,1,3,"51, BOULEVARD DE CLICHY",0.0,0.0
201400053234,8,7,14,20,1,75,109,2,2,2,3,"41, RUE DE CHATEAUDUN",0.0,0.0
201400053235,9,7,14,16,1,75,109,2,5,2,4,"47, BOULEVARD DE ROCHECH",0.0,0.0
201400053236,11,7,14,16,1,75,109,2,2,8,7,"51, BOULEVARD HAUSSMANN",0.0,0.0
201400053237,14,7,14,16,1,75,109,2,1,1,6,"71, RUE DE PROVENCE",0.0,0.0
201400053238,14,7,14,20,1,75,109,2,5,1,6,"49, RUE DU FAUBOURG MONT",0.0,0.0
201400053239,29,7,14,12,1,75,109,2,3,1,3,"02, BOULEVARD HAUSSMANN",0.0,0.0
201400053240,30,7,14,19,1,75,109,2,5,1,7,"03, RUE DE DOUAI",0.0,0.0
201400053241,5,8,14,17,1,75,109,2,3,1,2,"1, RUE CLAUZEL",0.0,0.0
201400053242,10,8,14,3,5,75,109,2,1,2,6,"52, BOULEVARD HAUSSMANN",0.0,0.0
201400053243,12,8,14,14,1,75,109,2,2,1,6,"43, RUE DE LA CHAUSSEE D",0.0,0.0
201400053244,16,8,14,15,1,75,109,2,2,1,3,"2, BOULEVARD POISSONNIER",0.0,0.0
201400053245,22,8,14,18,1,75,109,2,5,8,7,"2, RUE PIERRE FONTAINE",0.0,0.0
201400053246,25,8,14,9,1,75,109,2,2,2,1,"73, RUE SAINT LAZARE",0.0,0.0
201400053247,26,8,14,10,1,75,109,2,7,8,6,"13, RUE DE CHATEAUDUN",0.0,0.0
201400053248,30,8,14,16,1,75,109,2,7,1,3,PLACE BLANCHE,0.0,0.0
201400053249,7,9,14,22,5,75,109,2,2,1,1,PLACE DE L OPERA,0.0,0.0
201400053250,8,9,14,13,1,75,109,2,2,1,6,"48, RUE DE PROVENCE",0.0,0.0
201400053251,12,9,14,5,5,75,109,2,3,1,6,"2, RUE JULES LEFEBVRE",0.0,0.0
201400053252,16,9,14,13,1,75,109,2,1,1,6,"44, RUE DE PROVENCE",0.0,0.0
201400053253,20,9,14,12,1,75,109,2,1,1,2,"23, BOULEVARD DE CLICHY",0.0,0.0
201400053254,21,9,14,13,1,75,109,2,5,2,6,"1, BOULEVARD HAUSSMANN",0.0,0.0
201400053255,23,9,14,12,1,75,109,2,2,1,6,"31, RUE DE CHATEAUDUN",0.0,0.0
201400053256,23,9,14,22,5,75,109,2,1,1,2,"3, BOULEVARD DE CLICHY",0.0,0.0
201400053257,29,9,14,12,1,75,109,2,5,1,6,"30, BOULEVARD DES CAPUCI",0.0,0.0
201400053258,29,9,14,17,1,75,109,2,7,8,6,"06, RUE BLANCHE",0.0,0.0
201400053259,29,9,14,19,1,75,109,2,1,1,6,"56 bis, RUE DE CHATEAUDU",0.0,0.0
201400053260,30,9,14,10,1,75,109,2,2,1,2,"46, BOULEVARD HAUSSMANN",0.0,0.0
201400053261,29,9,14,21,5,75,109,2,5,2,3,"13 bis, RUE DES MATHURIN",0.0,0.0
201400053262,1,10,14,11,1,75,109,2,3,1,3,"51, RUE BLANCHE",0.0,0.0
201400053263,1,10,14,17,1,75,109,2,1,1,3,RUE DE PROVENCE,0.0,0.0
201400053264,3,10,14,9,1,75,109,2,1,1,6,"8, RUE AUBER",0.0,0.0
201400053265,3,10,14,20,5,75,109,2,2,1,3,"02, BOULEVARD MONTMARTRE",0.0,0.0
201400053266,7,10,14,11,1,75,109,2,1,8,2,"26, RUE SAINT GEORGES",0.0,0.0
201400053267,7,10,14,12,1,75,109,2,7,1,2,PLACE DE CLICHY,0.0,0.0
201400053268,7,10,14,16,1,75,109,2,2,8,6,"20, RUE DE MOGADOR",0.0,0.0
201400053269,8,10,14,20,3,75,109,2,3,3,6,"16, RUE D AUMALE",0.0,0.0
201400053270,13,10,14,15,1,75,109,2,3,1,3,"78, RUE DE CLICHY",0.0,0.0
201400053271,19,10,14,11,1,75,109,2,7,1,6,"3, PLACE PIGALLE",0.0,0.0
201400053272,20,10,14,9,1,75,109,2,2,1,6,"66, RUE LA FAYETTE",0.0,0.0
201400053273,24,10,14,14,1,75,109,2,3,1,3,"26, BOULEVARD HAUSSMANN",0.0,0.0
201400053274,26,10,14,1,5,75,109,2,2,1,6,"28, BOULEVARD HAUSSMANN",0.0,0.0
201400053275,23,10,14,5,5,75,109,2,2,1,3,"43, RUE SAINT LAZARE",0.0,0.0
201400053276,27,10,14,9,1,75,109,2,2,1,3,"2, BOULEVARD MONTMARTRE",0.0,0.0
201400053277,30,10,14,10,1,75,109,2,3,1,7,"50, BOULEVARD HAUSSMANN",0.0,0.0
201400053278,30,10,14,20,5,75,109,2,1,1,3,"40, RUE DE LA TOUR D AUV",0.0,0.0
201400053279,31,10,14,15,1,75,109,2,2,1,3,"62, RUE DE LA CHAUSSEE D",0.0,0.0
201400053280,3,11,14,15,1,75,109,2,1,2,3,"85, RUE SAINT LAZARE",0.0,0.0
201400053281,6,11,14,8,1,75,109,2,1,1,3,"18, RUE DE LA CHAUSSEE D",0.0,0.0
201400053282,6,11,14,10,1,75,109,2,1,1,6,"4-6, RUE D AMSTERDAM",0.0,0.0
201400053283,11,11,14,6,5,75,103,2,5,1,7,"60, RUE REAUMUR",0.0,0.0
201400053284,13,11,14,17,5,75,109,2,7,1,1,"0, PLACE DE L OPERA",0.0,0.0
201400053285,2,11,14,0,5,75,109,2,7,1,2,BOULEVARD DE CLICHY,0.0,0.0
201400053286,15,11,14,23,3,75,109,2,7,1,6,"14, RUE BLANCHE",0.0,0.0
201400053287,21,11,14,7,5,75,109,2,2,1,3,RUE LA BRUYERE,0.0,0.0
201400053288,22,11,14,11,1,75,109,2,2,1,3,"3, BOULEVARD HAUSSMANN",0.0,0.0
201400053289,23,11,14,19,5,75,109,2,2,1,3,"8, BOULEVARD HAUSSMANN",0.0,0.0
201400053290,24,11,14,15,1,75,109,2,7,1,6,RUE AUBER,0.0,0.0
201400053291,25,11,14,16,2,75,109,2,1,1,6,"26, RUE DU FAUBOURG MONT",0.0,0.0
201400053292,25,11,14,23,5,75,109,2,3,2,6,"92, RUE SAINT LAZARE",0.0,0.0
201400053293,26,11,14,3,5,75,109,2,2,2,7,"48, BOULEVARD HAUSSMANN",0.0,0.0
201400053294,28,11,14,21,5,75,109,2,2,1,2,"37, AVENUE TRUDAINE",0.0,0.0
201400053295,29,11,14,14,1,75,109,2,3,1,6,RUE DES MARTYRS,0.0,0.0
201400053296,2,12,14,12,1,75,109,2,2,8,7,"54, RUE LA FAYETTE",0.0,0.0
201400053297,3,12,14,20,5,75,109,2,3,1,6,"75, BOULEVARD DE CLICHY",0.0,0.0
201400053298,5,12,14,21,5,75,109,2,3,1,2,"84, RUE LA FAYETTE",0.0,0.0
201400053299,7,12,14,20,5,75,109,2,7,2,6,"15, BOULEVARD DE CLICHY",0.0,0.0
201400053300,16,12,14,12,1,75,109,2,2,1,6,"28, BOULEVARD HAUSSMANN",0.0,0.0
201400053301,15,12,14,9,1,75,109,2,1,2,6,"9, RUE PILLET WILL",0.0,0.0
201400053302,18,12,14,20,5,75,109,2,3,1,3,"21, RUE AUBER",0.0,0.0
201400053303,20,12,14,16,1,75,109,2,5,1,2,"38, BOULEVARD DES ITALIE",0.0,0.0
201400053304,20,12,14,20,5,75,109,2,5,2,6,"01, RUE DE LA TRINITE",0.0,0.0
201400053305,21,12,14,6,5,75,109,2,2,1,7,"1, BOULEVARD DE CLICHY",0.0,0.0
201400053306,22,12,14,12,1,75,109,2,1,1,6,"54, RUE DE CHATEAUDUN",0.0,0.0
201400053307,24,12,14,21,5,75,109,2,2,1,4,"14, BOULEVARD HAUSSMANN",0.0,0.0
201400053308,28,12,14,8,5,75,109,2,1,1,2,"52, BOULEVARD HAUSSMANN",0.0,0.0
201400053309,29,12,14,23,5,75,109,2,7,1,6,PLACE DE L OPERA,0.0,0.0
201400053310,5,1,14,14,1,75,110,2,1,1,3,"99, BOULEVARD DE MAGENTA",0.0,0.0
201400053311,7,1,14,8,1,75,110,2,1,1,1,"16, AVENUE CLAUDE VELLEF",0.0,0.0
201400053312,7,1,14,20,5,75,110,2,2,1,6,"120, BOULEVARD DE MAGENT",0.0,0.0
201400053313,9,1,14,17,2,75,110,2,2,2,3,"25, AVENUE CLAUDE VELLEF",0.0,0.0
201400053314,11,1,14,23,5,75,110,2,1,1,6,"23, BOULEVARD DE LA VILL",0.0,0.0
201400053315,14,1,14,3,5,75,110,2,2,3,2,"1, BOULEVARD DE STRASBOU",0.0,0.0
201400053316,15,1,14,13,1,75,110,2,5,2,6,"83, RUE DE MAUBEUGE",0.0,0.0
201400053317,15,1,14,19,5,75,110,2,2,2,2,"62, BOULEVARD DE MAGENTA",0.0,0.0
201400053318,15,1,14,20,5,75,110,2,1,3,7,"8, BOULEVARD DE MAGENTA",0.0,0.0
201400053319,16,1,14,0,5,75,110,1,5,2,3,"67, BOULEVARD DE MAGENTA",0.0,0.0
201400053320,16,1,14,8,1,75,110,2,2,3,3,"65, RUE DU FAUBOURG SAIN",0.0,0.0