Num_Acc,jour,mois,an,hr,condition_eclairage,departement,commune,condition_agglomeration,intersection,condition_atmosphere,type_collision,adresse,lattitude,longitude
201400053321,17,1,14,11,1,75,110,2,2,1,6,"156, RUE LA FAYETTE",0.0,0.0
201400053322,17,1,14,12,1,75,110,2,2,2,6,"147, AVENUE PARMENTIER",0.0,0.0
201400053323,20,1,14,13,1,75,110,2,5,2,6,"33, BOULEVARD DE LA CHAP",0.0,0.0
201400053324,23,1,14,19,5,75,110,2,1,2,2,"129, QUAI DE VALMY",0.0,0.0
201400053325,26,1,14,1,5,75,110,2,5,1,6,"138, RUE LA FAYETTE",0.0,0.0
201400053326,26,1,14,20,5,75,110,2,1,2,6,"191, RUE LA FAYETTE",0.0,0.0
201400053327,28,1,14,15,1,75,110,2,2,1,2,"153, RUE LA FAYETTE",0.0,0.0
201400053328,31,1,14,13,1,75,110,2,1,1,2,RUE DU FAUBOURG SAINT MA,0.0,0.0
201400053329,1,2,14,0,5,75,110,2,1,2,6,"119, BOULEVARD DE MAGENT",0.0,0.0
201400053330,1,2,14,17,1,75,110,2,2,1,6,"16, RUE LOUIS BLANC",0.0,0.0
201400053331,4,2,14,7,1,75,110,2,5,1,3,"102, RUE DE MAUBEUGE",0.0,0.0
201400053332,6,2,14,22,5,75,110,2,2,6,3,BOULEVARD SAINT DENIS,0.0,0.0
201400053333,8,2,14,19,5,75,110,2,1,2,7,"220, RUE DU FAUBOURG SAI",0.0,0.0
201400053334,10,2,14,18,2,75,110,2,5,1,6,"69, BOULEVARD DE MAGENTA",0.0,0.0
201400053335,13,2,14,19,5,75,110,2,2,8,6,"169, RUE DU FAUBOURG SAI",0.0,0.0
201400053336,14,2,14,10,1,75,110,2,1,1,2,"24, RUE LOUIS BLANC",0.0,0.0
201400053337,14,2,14,20,5,75,110,2,4,1,6,"4, RUE DU CHATEAU LANDON",0.0,0.0
201400053338,14,2,14,23,5,75,110,2,7,1,2,"19, BOULEVARD DE MAGENTA",0.0,0.0
201400053339,15,2,14,15,1,75,110,2,1,1,3,"53, BOULEVARD DE STRASBO",0.0,0.0
201400053340,16,2,14,10,1,75,110,2,5,7,6,"147, BOULEVARD DE LA VIL",0.0,0.0
201400053341,17,2,14,1,5,75,110,2,1,1,6,"58, BOULEVARD DE MAGENTA",0.0,0.0
201400053342,18,2,14,15,1,75,110,2,7,1,6,"2, PLACE JACQUES BONSERG",0.0,0.0
201400053343,20,2,14,10,1,75,110,2,3,2,6,"272, RUE DU FAUBOURG SAI",0.0,0.0
201400053344,22,2,14,14,1,75,110,2,5,1,2,"132, BOULEVARD DE MAGENT",0.0,0.0
201400053345,26,2,14,9,1,75,110,2,2,8,3,"177, QUAI DE VALMY",0.0,0.0
201400053346,26,2,14,9,1,75,110,2,4,1,6,"108, QUAI DE JEMMAPES",0.0,0.0
201400053347,27,2,14,16,5,75,110,2,1,8,3,"54, RUE DU FAUBOURG POIS",0.0,0.0
201400053348,3,3,14,17,1,75,110,2,7,2,6,"127, BOULEVARD DE MAGENT",0.0,0.0
201400053349,4,3,14,20,5,75,110,2,4,1,6,"9, BOULEVARD DE LA VILLE",0.0,0.0
201400053350,7,3,14,9,1,75,110,2,5,1,3,"79, BOULEVARD DE STRASBO",0.0,0.0
201400053351,7,3,14,13,1,75,110,2,1,1,6,"5, BOULEVARD DE MAGENTA",0.0,0.0
201400053352,11,3,14,9,1,75,110,2,2,1,2,RUE LOUIS BLANC,0.0,0.0
201400053353,12,3,14,18,1,75,110,2,5,1,6,"123, RUE DU FAUBOURG SAI",0.0,0.0
201400053354,13,3,14,19,5,75,110,2,1,1,6,"119, BOULEVARD DE MAGENT",0.0,0.0
201400053355,15,3,14,21,4,75,110,2,1,1,3,"1330, RUE DU FAUBOURG DU",0.0,0.0
201400053356,17,3,14,18,5,75,110,2,1,1,3,"230, RUE LA FAYETTE",0.0,0.0
201400053357,19,3,14,12,1,75,110,2,1,1,6,"22, RUE RENE BOULANGER",0.0,0.0
201400053358,20,3,14,19,5,75,110,2,5,1,6,"03, BOULEVARD DE LA VILL",0.0,0.0
201400053359,21,3,14,10,1,75,110,2,1,2,2,"32, RUE DE LA GRANGE AUX",0.0,0.0
201400053360,24,3,14,12,1,75,110,2,1,1,6,"15, RUE DU FAUBOURG DU T",0.0,0.0
201400053361,24,3,14,20,5,75,110,2,2,1,3,"14, RUE D HAUTEVILLE",0.0,0.0
201400053362,25,3,14,13,1,75,110,2,2,2,7,"62, BOULEVARD DE MAGENTA",0.0,0.0
201400053363,26,3,14,11,1,75,110,2,1,1,2,"15, RUE DES PETITS HOTEL",0.0,0.0
201400053364,29,3,14,2,5,75,110,2,1,1,6,"32, BOULEVARD DE MAGENTA",0.0,0.0
201400053365,31,3,14,9,1,75,110,2,2,1,7,"65, RUE DU FAUBOURG SAIN",0.0,0.0
201400053366,3,4,14,8,1,75,110,2,2,1,6,BOULEVARD DE MAGENTA,0.0,0.0
201400053367,6,4,14,4,5,75,110,2,3,1,6,"81, BOULEVARD DE MAGENTA",0.0,0.0
201400053368,6,4,14,8,1,75,110,2,1,1,6,"13, BOULEVARD DE MAGENTA",0.0,0.0
201400053369,6,4,14,23,5,75,110,2,2,1,3,"156, RUE LA FAYETTE",0.0,0.0
201400053370,6,4,14,21,5,75,110,2,1,1,6,"60, QUAI DE JEMMAPES",0.0,0.0
201400053371,8,4,14,9,1,75,110,2,1,1,6,"16, BOULEVARD DE MAGENTA",0.0,0.0
201400053372,8,4,14,21,5,75,110,2,1,1,2,"70, QUAI DE JEMMAPES",0.0,0.0
201400053373,11,4,14,9,1,75,110,2,1,1,7,"66, RUE DU CHATEAU D EAU",0.0,0.0
201400053374,14,4,14,15,1,75,110,2,4,1,1,"34, BOULEVARD DE MAGENTA",0.0,0.0
201400053375,14,4,14,16,1,75,110,2,4,1,6,"77, BOULEVARD DE MAGENTA",0.0,0.0
201400053376,15,4,14,10,2,75,110,2,1,1,2,"2, BOULEVARD DE STRASBOU",0.0,0.0
201400053377,22,4,14,8,1,75,110,2,6,1,3,"188, RUE DU FAUBOURG SAI",0.0,0.0
201400053378,22,4,14,17,1,75,110,2,3,2,2,"12, BOULEVARD DE BONNE N",0.0,0.0
201400053379,22,4,14,20,1,75,110,2,1,1,7,"67, RUE DE LANCRY",0.0,0.0
201400053380,29,4,14,10,1,75,110,2,2,1,2,"0, RUE LA FAYETTE",0.0,0.0
201400053381,29,4,14,16,1,75,110,2,1,2,6,RUE DE METZ,0.0,0.0
201400053382,29,4,14,18,1,75,110,2,3,2,6,"14, RUE EUGENE VARLIN",0.0,0.0
201400053383,30,4,14,22,5,75,110,2,2,2,6,"121, RUE DU FAUBOURG SAI",0.0,0.0
201400053384,2,5,14,14,1,75,110,2,5,2,1,"12, RUE BEAUREPAIRE",0.0,0.0
201400053385,2,5,14,16,1,75,110,2,1,1,6,"69, RUE DU FAUBOURG SAIN",0.0,0.0
201400053386,7,5,14,19,1,75,110,2,2,1,3,"21, RUE LOUIS BLANC",0.0,0.0
201400053387,8,5,14,13,1,75,110,2,2,1,5,"1, BOULEVARD DE STRASBOU",0.0,0.0
201400053388,8,5,14,17,1,75,110,2,7,2,6,"2, BOULEVARD SAINT MARTI",0.0,0.0
201400053389,9,5,14,10,1,75,110,2,3,1,6,"67, BOULEVARD DE STRASBO",0.0,0.0
201400053390,11,5,14,14,1,75,110,2,5,2,3,"274, RUE DU FAUBOURG SAI",0.0,0.0
201400053391,15,5,14,22,5,75,110,2,2,1,3,"1, BOULEVARD DE STRASBOU",0.0,0.0
201400053392,16,5,14,14,1,75,110,2,3,1,6,"180, RUE DU FAUBOURG SAI",0.0,0.0
201400053393,18,5,14,2,5,75,110,2,2,1,3,"16, BOULEVARD SAINT DENI",0.0,0.0
201400053394,20,5,14,9,1,75,110,2,5,1,6,"54, BOULEVARD DE MAGENTA",0.0,0.0
201400053395,20,5,14,18,1,75,110,2,1,2,6,"41, BOULEVARD DE LA VILL",0.0,0.0
201400053396,21,5,14,7,1,75,110,2,2,2,3,RUE DU FAUBOURG POISSONN,0.0,0.0
201400053397,21,5,14,18,1,75,110,2,3,3,6,"30, RUE DU BUISSON SAINT",0.0,0.0
201400053398,26,5,14,17,1,75,110,2,2,2,6,"51, BOULEVARD DE STRASBO",0.0,0.0
201400053399,27,5,14,13,1,75,110,2,2,1,1,"223, RUE LA FAYETTE",0.0,0.0
201400053400,28,5,14,22,5,75,110,2,3,2,6,"200, RUE DU FAUBOURG SAI",0.0,0.0
201400053401,28,5,14,22,5,75,110,2,5,1,1,"1, AVENUE CLAUDE VELLEFA",0.0,0.0
201400053402,29,5,14,11,1,75,110,2,1,1,6,"169, BOULEVARD DE LA VIL",0.0,0.0
201400053403,29,5,14,17,1,75,110,2,3,1,6,"21, RUE DE LA GRANGE AUX",0.0,0.0
201400053404,31,5,14,17,1,75,110,2,5,1,6,"06, RUE SIBOUR",0.0,0.0
201400053405,4,6,14,17,1,75,110,2,3,1,3,"7, RUE DU HUIT MAI 1945",0.0,0.0
201400053406,6,6,14,19,1,75,110,2,1,1,3,"228, RUE DU FAUBOURG SAI",0.0,0.0
201400053407,8,6,14,4,5,75,110,2,4,2,6,"1, RUE DE L AQUEDUC",0.0,0.0
201400053408,8,6,14,4,5,75,110,2,2,2,3,"34, RUE D ENGHIEN",0.0,0.0
201400053409,9,6,14,16,1,75,110,2,2,8,3,"12, RUE PHILIPPE DE GIRA",0.0,0.0
201400053410,10,6,14,17,1,75,110,2,1,8,3,"66, BOULEVARD DE STRASBO",0.0,0.0
201400053411,12,6,14,15,1,75,110,2,2,1,6,"02, BOULEVARD DE BONNE N",0.0,0.0
201400053412,13,6,14,12,1,75,110,2,2,1,2,"2, BOULEVARD DE DENAIN",0.0,0.0
201400053413,13,6,14,23,5,75,110,2,1,1,6,"82, RUE DU FAUBOURG SAIN",0.0,0.0
201400053414,14,6,14,0,5,75,110,2,1,1,6,"20, BOULEVARD DE STRASBO",0.0,0.0
201400053415,14,6,14,6,1,75,110,2,2,2,2,"200, RUE LA FAYETTE",0.0,0.0
201400053416,15,6,14,17,1,75,110,2,1,1,2,"207, RUE DU FAUBOURG SAI",0.0,0.0
201400053417,15,6,14,18,1,75,110,2,1,1,2,"228, RUE DU FAUBOURG SAI",0.0,0.0
201400053418,16,6,14,17,1,75,111,2,1,1,6,"72, RUE DU FAUBOURG DU T",0.0,0.0
201400053419,17,6,14,9,1,75,110,2,1,1,3,"19, AVENUE CLAUDE VELLEF",0.0,0.0
201400053420,21,6,14,23,5,75,110,2,2,1,3,"1, BOULEVARD DE STRASBOU",0.0,0.0
201400053421,24,6,14,16,1,75,110,2,1,1,6,"116, QUAI DE JEMMAPES",0.0,0.0
201400053422,25,6,14,8,1,75,110,2,1,1,6,"42, RUE DES PETITES ECUR",0.0,0.0
201400053423,26,6,14,15,1,75,110,2,1,7,1,"21, RUE DE DUNKERQUE",0.0,0.0
201400053424,27,6,14,0,5,75,110,2,3,1,2,"20, RUE LOUIS BLANC",0.0,0.0
201400053425,28,6,14,22,5,75,110,2,1,2,6,"131, BOULEVARD DE MAGENT",0.0,0.0
201400053426,29,6,14,2,5,75,110,2,1,2,6,"138, BOULEVARD DE MAGENT",0.0,0.0
201400053427,29,6,14,5,2,75,110,2,1,2,1,"173, RUE LA FAYETTE",0.0,0.0
201400053428,4,7,14,17,1,75,110,2,3,1,6,"20, RUE DU FAUBOURG POIS",0.0,0.0
201400053429,8,7,14,13,1,75,110,2,2,1,2,"116, RUE DU FAUBOURG SAI",0.0,0.0
201400053430,9,7,14,23,5,75,110,2,4,2,3,"37, AVENUE CLAUDE VELLEF",0.0,0.0
201400053431,12,7,14,9,1,75,110,2,2,8,3,"62, BOULEVARD DE MAGENTA",0.0,0.0
201400053432,12,7,14,9,1,75,110,2,3,1,3,"13, BOULEVARD DE STRASBO",0.0,0.0
201400053433,13,7,14,11,1,75,110,2,7,2,6,"1, AVENUE CLAUDE VELLEFA",0.0,0.0
201400053434,15,7,14,10,1,75,110,2,1,1,3,"03, RUE PHILIPPE DE GIRA",0.0,0.0
201400053435,16,7,14,15,1,75,110,2,1,1,3,"34, BOULEVARD DE BONNE N",0.0,0.0
201400053436,16,7,14,18,1,75,110,2,2,1,7,"160, RUE DU FAUBOURG SAI",0.0,0.0
201400053437,17,7,14,8,1,75,110,2,2,1,3,"18, RUE DU FAUBOURG POIS",0.0,0.0
201400053438,18,7,14,9,1,75,110,2,2,1,3,"133, RUE DU FAUBOURG SAI",0.0,0.0
201400053439,19,7,14,17,1,75,110,2,2,1,3,"42, RUE DU FAUBOURG POIS",0.0,0.0
201400053440,21,7,14,7,1,75,110,2,1,8,6,"8, RUE DE DUNKERQUE",0.0,0.0
201400053441,22,7,14,10,1,75,110,2,3,1,1,"52, RUE LOUIS BLANC",0.0,0.0
201400053442,22,7,14,16,1,75,110,2,2,1,6,"27, RUE DU FAUBOURG DU T",0.0,0.0
201400053443,23,7,14,17,1,75,110,2,1,1,6,"16, RUE DU FAUBOURG SAIN",0.0,0.0
201400053444,24,7,14,22,5,75,110,2,5,1,3,"89 TER, BOULEVARD DE LA",0.0,0.0
201400053445,25,7,14,9,1,75,110,2,5,1,6,"70, BOULEVARD DE MAGENTA",0.0,0.0
201400053446,27,7,14,2,5,75,110,2,2,1,6,"36, QUAI DE JEMMAPES",0.0,0.0
201400053447,28,7,14,2,5,75,110,2,1,3,6,"119, BOULEVARD DE MAGENT",0.0,0.0
201400053448,28,7,14,21,1,75,110,2,2,1,3,"85, BOULEVARD DE MAGENTA",0.0,0.0
201400053449,29,7,14,10,1,75,110,2,2,1,3,"211, RUE LA FAYETTE",0.0,0.0
201400053450,30,7,14,22,5,75,110,2,2,1,6,"148, QUAI DE JEMMAPES",0.0,0.0
201400053451,1,8,14,9,1,75,110,2,1,1,4,"39, QUAI DE VALMY",0.0,0.0
201400053452,2,8,14,15,1,75,110,2,1,1,6,"86, BOULEVARD DE MAGENTA",0.0,0.0
201400053453,6,8,14,1,1,75,110,2,1,1,6,"103, BOULEVARD DE MAGENT",0.0,0.0
201400053454,8,8,14,23,5,75,110,2,1,2,6,"78, QUAI DE JEMMAPES",0.0,0.0
201400053455,13,8,14,1,5,75,110,2,2,1,3,"55, BOULEVARD DE STRASBO",0.0,0.0
201400053456,15,8,14,13,1,75,110,2,1,1,6,"133, BOULEVARD DE MAGENT",0.0,0.0
201400053457,19,8,14,17,1,75,110,2,2,1,3,"44, AVENUE CLAUDE VELLEF",0.0,0.0
201400053458,19,8,14,18,1,75,110,2,2,8,3,"222, RUE DU FAUBOURG SAI",0.0,0.0
201400053459,24,8,14,1,5,75,110,2,1,1,6,"3, BOULEVARD DE LA CHAPE",0.0,0.0
201400053460,26,8,14,8,1,75,110,2,2,8,3,"0, RUE DU FAUBOURG SAINT",0.0,0.0
201400053461,30,8,14,6,5,75,110,2,2,1,6,"30, RUE DE DUNKERQUE",0.0,0.0
201400053462,31,8,14,7,1,75,110,2,2,1,3,"215, RUE LA FAYETTE",0.0,0.0
201400053463,1,9,14,13,1,75,110,2,1,1,2,"96, RUE D HAUTEVILLE",0.0,0.0
201400053464,1,9,14,19,1,75,110,2,3,1,6,"209, RUE DU FAUBOURG SAI",0.0,0.0
201400053465,3,9,14,20,5,75,110,2,2,1,6,"129, RUE DU FAUBOURG SAI",0.0,0.0
201400053466,6,9,14,6,2,75,110,2,1,1,6,"64, BOULEVARD DE MAGENTA",0.0,0.0
201400053467,6,9,14,23,5,75,110,2,7,1,3,"9, PLACE DE LA BATAILLE",0.0,0.0
201400053468,11,9,14,11,1,75,110,2,2,1,6,"151, BOULEVARD DE LA VIL",0.0,0.0
201400053469,11,9,14,16,1,75,110,2,1,1,7,"87, QUAI DE VALMY",0.0,0.0
201400053470,12,9,14,15,1,75,110,2,2,1,6,"2, BOULEVARD DE STRASBOU",0.0,0.0
201400053471,13,9,14,14,1,75,110,2,3,1,4,"43, RUE DU FAUBOURG SAIN",0.0,0.0
201400053472,13,9,14,20,2,75,110,2,1,1,2,QUAI DE VALMY,0.0,0.0
201400053473,15,9,14,15,1,75,110,2,1,1,6,"52, RUE DE CHABROL",0.0,0.0
201400053474,15,9,14,17,1,75,110,2,1,1,6,"145, BOULEVARD DE MAGENT",0.0,0.0
201400053475,16,9,14,9,1,75,110,2,2,1,3,"147, RUE DU FAUBOURG SAI",0.0,0.0
201400053476,16,9,14,12,1,75,110,2,1,1,6,"157, BOULEVARD DE MAGENT",0.0,0.0
201400053477,19,9,14,9,1,75,110,2,1,1,7,"86, QUAI DE JEMMAPES",0.0,0.0
201400053478,19,9,14,12,1,75,110,2,3,1,3,"22, RUE DU FAUBOURG POIS",0.0,0.0
201400053479,20,9,14,14,1,75,110,2,2,1,6,"230 bis, RUE DU FAUBOURG",0.0,0.0
201400053480,20,9,14,22,5,75,110,2,2,1,6,"48, RUE D HAUTEVILLE",0.0,0.0
201400053481,22,9,14,9,1,75,110,2,2,1,3,"0, RUE DU FAUBOURG SAINT",0.0,0.0
201400053482,25,9,14,9,1,75,110,2,2,1,1,"2, RUE EUGENE VARLIN",0.0,0.0
201400053483,25,9,14,17,1,75,110,2,2,1,6,"36, BOULEVARD DE STRASBO",0.0,0.0
201400053484,26,9,14,0,5,75,110,2,1,1,6,"59, QUAI DE VALMY",0.0,0.0
201400053485,26,9,14,19,2,75,110,2,2,1,6,"38, RUE LOUIS BLANC",0.0,0.0
201400053486,4,10,14,1,5,75,110,2,1,1,6,"53, BOULEVARD DE MAGENTA",0.0,0.0
201400053487,6,10,14,12,1,75,110,2,2,1,6,"202, RUE LA FAYETTE",0.0,0.0
201400053488,6,10,14,18,5,75,110,2,1,3,6,"162, RUE DU FAUBOURG SAI",0.0,0.0
201400053489,6,10,14,21,5,75,110,2,2,2,6,"162, RUE LA FAYETTE",0.0,0.0
201400053490,7,10,14,19,2,75,110,2,3,1,6,"281, BOULEVARD DE MAGENT",0.0,0.0
201400053491,9,10,14,10,1,75,110,2,2,1,1,"206, RUE LA FAYETTE",0.0,0.0
201400053492,9,10,14,18,2,75,110,2,2,1,6,"4, BOULEVARD SAINT DENIS",0.0,0.0
201400053493,9,10,14,19,5,75,110,2,1,2,2,"66, AVENUE CLAUDE VELLEF",0.0,0.0
201400053494,12,10,14,0,5,75,110,2,1,1,2,"196, RUE LA FAYETTE",0.0,0.0
201400053495,12,10,14,15,1,75,110,2,3,2,2,"225, RUE DU FAUBOURG SAI",0.0,0.0
201400053496,14,10,14,5,5,75,110,2,2,1,3,"229, RUE DU FAUBOURG SAI",0.0,0.0
201400053497,14,10,14,8,1,75,110,2,4,1,2,"243, RUE LA FAYETTE",0.0,0.0
201400053498,15,10,14,7,2,75,110,2,1,1,6,"126, BOULEVARD DE MAGENT",0.0,0.0
201400053499,15,10,14,11,1,75,110,2,5,2,6,"138, RUE LA FAYETTE",0.0,0.0
201400053500,15,10,14,20,3,75,110,2,1,1,3,"228, RUE LA FAYETTE",0.0,0.0
201400053501,16,10,14,19,5,75,110,2,1,2,5,"114, BOULEVARD DE MAGENT",0.0,0.0
201400053502,17,10,14,10,1,75,110,2,2,1,3,"179, QUAI DE VALMY",0.0,0.0
201400053503,20,10,14,18,2,75,110,2,1,2,7,"71, BOULEVARD DE STRASBO",0.0,0.0
201400053504,24,10,14,12,1,75,110,2,2,1,3,"39, RUE DE DUNKERQUE",0.0,0.0
201400053505,24,10,14,20,5,75,110,2,3,8,6,"165, QUAI DE VALMY",0.0,0.0
201400053506,26,10,14,20,5,75,110,2,2,1,2,"60, RUE LOUIS BLANC",0.0,0.0
201400053507,29,10,14,17,2,75,110,2,2,1,3,"143, RUE LA FAYETTE",0.0,0.0
201400053508,30,10,14,8,1,75,110,2,2,1,3,"72, RUE DU FAUBOURG SAIN",0.0,0.0
201400053509,30,10,14,15,1,75,110,2,7,1,6,"7, PLACE FRANZ LISZT",0.0,0.0
201400053510,30,10,14,16,1,75,110,2,1,1,6,"35, QUAI DE VALMY",0.0,0.0
201400053511,31,10,14,16,1,75,110,2,2,1,6,"97, RUE DE MAUBEUGE",0.0,0.0
201400053512,1,11,14,13,1,75,110,2,1,1,2,"0, RUE LA FAYETTE",0.0,0.0
201400053513,1,11,14,17,5,75,110,2,1,1,6,"205, RUE DU FAUBOURG SAI",0.0,0.0
201400053514,1,11,14,18,5,75,110,2,7,1,6,"1, RUE DU HUIT MAI 1945",0.0,0.0
201400053515,3,11,14,5,5,75,110,2,1,1,2,"12, BOULEVARD DE BONNE N",0.0,0.0
201400053516,3,11,14,14,1,75,110,2,1,2,2,"31, BOULEVARD DE MAGENTA",0.0,0.0
201400053517,3,11,14,19,5,75,110,2,1,2,3,"4, BOULEVARD SAINT MARTI",0.0,0.0
201400053518,5,11,14,18,5,75,110,2,1,1,3,"52, RUE DES PETITES ECUR",0.0,0.0
201400053519,5,11,14,20,5,75,110,2,1,1,6,"8, BOULEVARD DE DENAIN",0.0,0.0
201400053520,6,11,14,12,1,75,110,2,4,1,3,"168, RUE LA FAYETTE",0.0,0.0
201400053521,6,11,14,12,1,75,110,2,1,1,6,"13, BOULEVARD DE MAGENTA",0.0,0.0
201400053522,10,11,14,15,1,75,110,2,1,1,6,"142, BOULEVARD DE MAGENT",0.0,0.0
201400053523,11,11,14,16,1,75,110,2,1,1,6,"147, RUE LA FAYETTE",0.0,0.0
201400053524,12,11,14,13,1,75,110,2,5,1,6,BOULEVARD DE LA CHAPELLE,0.0,0.0
201400053525,14,11,14,23,5,75,110,2,2,1,3,"14, BOULEVARD SAINT DENI",0.0,0.0
201400053526,16,11,14,20,5,75,110,2,1,2,6,"33, BOULEVARD DE LA CHAP",0.0,0.0
201400053527,16,11,14,23,5,75,110,2,3,8,6,"19, RUE BICHAT",0.0,0.0
201400053528,19,11,14,8,1,75,110,2,3,1,6,"196, BOULEVARD SAINT MAR",0.0,0.0
201400053529,19,11,14,16,1,75,110,2,1,1,6,"210, RUE SAINT MAUR",0.0,0.0
201400053530,19,11,14,23,5,75,110,2,2,1,2,"92, BOULEVARD DE MAGENTA",0.0,0.0
201400053531,20,11,14,8,1,75,110,2,3,1,2,"1, BOULEVARD DE STRASBOU",0.0,0.0
201400053532,20,11,14,20,5,75,110,2,2,1,3,"17, RUE CHAUDRON",0.0,0.0
201400053533,24,11,14,10,1,75,110,2,2,2,2,"158, RUE LA FAYETTE",0.0,0.0
201400053534,24,11,14,19,5,75,110,2,1,1,6,"68, RUE DU CHATEAU D EAU",0.0,0.0
201400053535,26,11,14,10,1,75,110,2,3,1,6,"204, RUE SAINT MAUR",0.0,0.0
201400053536,26,11,14,17,5,75,110,2,5,2,7,"86, RUE DE MAUBEUGE",0.0,0.0
201400053537,28,11,14,15,1,75,110,2,1,1,6,"50, RUE DU CHATEAU D EAU",0.0,0.0
201400053538,28,11,14,18,5,75,110,2,1,1,7,"33, QUAI DE VALMY",0.0,0.0
201400053539,29,11,14,5,5,75,110,2,1,1,6,"123, BOULEVARD DE MAGENT",0.0,0.0
201400053540,30,11,14,15,1,75,110,2,3,1,6,"222, RUE DU FAUBOURG SAI",0.0,0.0
201400053541,1,12,14,10,1,75,110,2,1,1,2,"155, BOULEVARD DE LA VIL",0.0,0.0
201400053542,2,12,14,17,2,75,110,2,5,2,6,"132, RUE LA FAYETTE",0.0,0.0
201400053543,3,12,14,19,5,75,110,2,2,1,7,"150, RUE DU FAUBOURG SAI",0.0,0.0
201400053544,4,12,14,20,5,75,110,2,1,1,2,"166, BOULEVARD DE MAGENT",0.0,0.0
201400053545,5,12,14,13,1,75,110,2,3,1,3,"88, RUE DU FAUBOURG SAIN",0.0,0.0
201400053546,4,12,14,21,5,75,110,2,2,1,6,"147, RUE LA FAYETTE",0.0,0.0
201400053547,7,12,14,9,1,75,110,2,2,1,3,"156, RUE LA FAYETTE",0.0,0.0
201400053548,7,12,14,17,5,75,110,2,3,2,6,"11, RUE DU HUIT MAI 1945",0.0,0.0
201400053549,7,12,14,19,1,75,110,2,4,1,6,"154, BOULEVARD DE MAGENT",0.0,0.0
201400053550,12,12,14,7,5,75,110,2,2,2,6,"83, QUAI DE VALMY",0.0,0.0
201400053551,13,12,14,1,5,75,110,2,5,3,6,"99, BOULEVARD DE MAGENTA",0.0,0.0
201400053552,13,12,14,2,5,75,110,2,4,2,6,"72, BOULEVARD DE MAGENTA",0.0,0.0
201400053553,15,12,14,14,1,75,110,2,1,1,2,"40, BOULEVARD DE BONNE N",0.0,0.0
201400053554,16,12,14,0,5,75,110,2,1,1,2,"52, AVENUE CLAUDE VELLEF",0.0,0.0
201400053555,16,12,14,9,1,75,110,2,1,2,6,"100, RUE DU FAUBOURG SAI",0.0,0.0
201400053556,24,12,14,22,5,75,110,2,2,1,6,"162, RUE LA FAYETTE",0.0,0.0
201400053557,27,12,14,14,1,75,110,2,1,1,2,"164, BOULEVARD DE MAGENT",0.0,0.0
201400053558,27,12,14,17,5,75,110,2,1,1,3,"40, BOULEVARD DE BONNE N",0.0,0.0
201400053559,29,12,14,17,5,75,110,2,1,1,2,"46, BOULEVARD DE STRASBO",0.0,0.0
201400053560,4,1,14,20,5,75,111,2,2,1,3,"35, AVENUE PARMENTIER",0.0,0.0
201400053561,6,1,14,11,1,75,111,2,1,1,6,"5, PLACE LEON BLUM",0.0,0.0
201400053562,7,1,14,12,1,75,111,2,1,1,6,"15, BOULEVARD DE CHARONN",0.0,0.0
201400053563,7,1,14,18,5,75,111,2,7,1,3,"1, PLACE LEON BLUM",0.0,0.0
201400053564,8,1,14,13,1,75,111,2,2,1,3,"32, RUE FAIDHERBE",0.0,0.0
201400053565,10,1,14,16,1,75,111,2,3,1,6,"142, AVENUE PARMENTIER",0.0,0.0
201400053566,10,1,14,18,5,75,111,2,4,1,6,"98, AVENUE DE LA REPUBLI",0.0,0.0
201400053567,11,1,14,7,2,75,111,2,1,2,1,"189, RUE DE CHARONNE",0.0,0.0
201400053568,11,1,14,16,1,75,111,2,1,1,1,"21, RUE DE LA ROQUETTE",0.0,0.0
201400053569,13,1,14,15,1,75,111,2,2,1,2,"150, AVENUE PARMENTIER",0.0,0.0
201400053570,14,1,14,9,1,75,111,2,2,2,1,"90, AVENUE DE LA REPUBLI",0.0,0.0
201400053571,15,1,14,15,1,75,111,2,3,2,7,"127 bis, BOULEVARD VOLTA",0.0,0.0
201400053572,16,1,14,8,2,75,111,2,1,2,3,"20, RUE MORET",0.0,0.0
201400053573,16,1,14,16,1,75,111,2,5,2,3,"101, BOULEVARD RICHARD L",0.0,0.0
201400053574,17,1,14,9,1,75,111,2,3,1,3,"29, RUE RICHARD LENOIR",0.0,0.0
201400053575,17,1,14,14,1,75,111,2,2,1,6,"28, BOULEVARD BEAUMARCHA",0.0,0.0
201400053576,17,1,14,17,5,75,111,2,2,1,3,"33, RUE OBERKAMPF",0.0,0.0
201400053577,17,1,14,18,5,75,111,2,1,1,2,"04, RUE POPINCOURT",0.0,0.0
201400053578,21,1,14,14,1,75,110,2,3,1,6,"129, RUE DU FAUBOURG DU",0.0,0.0
201400053579,22,1,14,20,5,75,111,2,1,2,3,"136, AVENUE PARMENTIER",0.0,0.0
201400053580,22,1,14,22,5,75,111,2,5,2,6,"170, AVENUE LEDRU ROLLIN",0.0,0.0
201400053581,22,1,14,23,5,75,111,2,3,2,2,"117, AVENUE PARMENTIER",0.0,0.0
201400053582,23,1,14,14,1,75,111,2,2,2,6,"26, BOULEVARD DES FILLES",0.0,0.0
201400053583,24,1,14,13,1,75,111,2,1,1,2,"273, RUE DU FAUBOURG SAI",0.0,0.0
201400053584,24,1,14,20,5,75,120,2,2,1,3,"1, AVENUE DE LA PORTE DE",0.0,0.0
201400053585,24,1,14,21,5,75,111,2,5,8,3,"37, BOULEVARD DE BELLEVI",0.0,0.0
201400053586,26,1,14,18,3,75,111,2,7,2,3,"12, PLACE DE LA BASTILLE",0.0,0.0
201400053587,26,1,14,19,5,75,111,2,1,2,6,"296, BOULEVARD VOLTAIRE",0.0,0.0
201400053588,27,1,14,18,5,75,111,2,5,1,1,"147, RUE DU FAUBOURG SAI",0.0,0.0
201400053589,28,1,14,19,3,75,111,2,5,2,1,"79, AVENUE DE LA REPUBLI",0.0,0.0