Num_Acc,jour,mois,an,hr,condition_eclairage,departement,commune,condition_agglomeration,intersection,condition_atmosphere,type_collision,adresse,lattitude,longitude
201400053859,17,10,14,3,5,75,110,2,5,3,6,"114, BOULEVARD DE MAGENT",0.0,0.0
201400053860,18,10,14,2,5,75,111,2,1,1,3,"66, AVENUE DE LA REPUBLI",0.0,0.0
201400053861,18,10,14,23,5,75,111,2,7,1,6,"296, BOULEVARD VOLTAIRE",0.0,0.0
201400053862,21,10,14,19,5,75,111,2,5,2,3,"183, RUE DU FAUBOURG SAI",0.0,0.0
201400053863,22,10,14,14,1,75,111,2,2,1,6,"130, AVENUE LEDRU ROLLIN",0.0,0.0
201400053864,22,10,14,16,1,75,111,2,1,1,3,"96, AVENUE PARMENTIER",0.0,0.0
201400053865,23,10,14,11,1,75,111,2,3,1,6,"01, CITE D ANGOULEME",0.0,0.0
201400053866,24,10,14,12,1,75,111,2,1,1,6,"58 bis, BOULEVARD RICHAR",0.0,0.0
201400053867,25,10,14,15,1,75,111,2,3,1,6,"137, RUE DU CHEMIN VERT",0.0,0.0
201400053868,27,10,14,9,1,75,111,2,7,1,2,"2, AVENUE PHILIPPE AUGUS",0.0,0.0
201400053869,28,10,14,14,1,75,111,2,1,1,2,"198, BOULEVARD VOLTAIRE",0.0,0.0
201400053870,28,10,14,18,5,75,111,2,3,1,6,"150, RUE OBERKAMPF",0.0,0.0
201400053871,30,10,14,12,1,75,111,2,4,1,3,"16, BOULEVARD RICHARD LE",0.0,0.0
201400053872,31,10,14,10,1,75,111,2,1,1,2,"95, BOULEVARD VOLTAIRE",0.0,0.0
201400053873,31,10,14,13,1,75,111,2,7,7,3,"3, AVENUE DU TRONE",0.0,0.0
201400053874,1,11,14,3,5,75,111,2,2,1,3,"160, RUE DE CHARONNE",0.0,0.0
201400053875,2,11,14,2,5,75,111,2,2,1,3,"23, BOULEVARD VOLTAIRE",0.0,0.0
201400053876,3,11,14,20,5,75,111,2,2,2,3,"165, RUE DE CHARONNE",0.0,0.0
201400053877,3,11,14,21,5,75,111,2,3,2,3,"74-76, BOULEVARD VOLTAIR",0.0,0.0
201400053878,4,11,14,18,5,75,111,2,1,1,6,"3, PLACE LEON BLUM",0.0,0.0
201400053879,4,11,14,17,1,75,112,2,7,1,3,"280, RUE DU FAUBOURG SAI",0.0,0.0
201400053880,5,11,14,20,5,75,111,2,5,1,6,"129, AVENUE PHILIPPE AUG",0.0,0.0
201400053881,6,11,14,7,1,75,111,2,2,1,3,"110, RUE DU CHEMIN VERT",0.0,0.0
201400053882,8,11,14,17,2,75,111,2,2,1,1,"131, BOULEVARD RICHARD L",0.0,0.0
201400053883,11,11,14,1,5,75,111,2,3,1,6,"21, RUE DU CHEMIN VERT",0.0,0.0
201400053884,11,11,14,16,1,75,111,2,3,8,7,"22, RUE DE LA FOLIE MERI",0.0,0.0
201400053885,11,11,14,20,5,75,111,2,5,1,3,"48, BOULEVARD VOLTAIRE",0.0,0.0
201400053886,16,11,14,17,5,75,111,2,4,3,5,"112, AVENUE DE LA REPUBL",0.0,0.0
201400053887,18,11,14,2,5,75,111,2,7,1,6,AVENUE DE TAILLEBOURG,0.0,0.0
201400053888,18,11,14,16,1,75,111,2,7,2,3,"17, PLACE DE LA NATION",0.0,0.0
201400053889,18,11,14,17,5,75,111,2,3,2,6,"103, AVENUE DE LA REPUBL",0.0,0.0
201400053890,20,11,14,18,5,75,111,2,7,2,6,"3, PLACE LEON BLUM",0.0,0.0
201400053891,21,11,14,22,5,75,111,2,1,1,3,"38, BOULEVARD RICHARD LE",0.0,0.0
201400053892,24,11,14,18,5,75,111,2,1,1,2,"95, BOULEVARD RICHARD LE",0.0,0.0
201400053893,24,11,14,19,5,75,111,2,1,1,2,"143, BOULEVARD VOLTAIRE",0.0,0.0
201400053894,25,11,14,15,1,75,111,2,1,1,7,"127, BOULEVARD DE MENILM",0.0,0.0
201400053895,25,11,14,19,5,75,111,2,1,1,2,"26, RUE DU CHEMIN VERT",0.0,0.0
201400053896,26,11,14,8,1,75,111,2,2,1,3,"10, RUE RAMPON",0.0,0.0
201400053897,26,11,14,9,1,75,111,2,1,1,2,"9, AVENUE PARMENTIER",0.0,0.0
201400053898,26,11,14,21,5,75,111,2,3,2,2,"3, AVENUE DE LA REPUBLIQ",0.0,0.0
201400053899,27,11,14,17,5,75,111,2,1,1,7,"107, BOULEVARD VOLTAIRE",0.0,0.0
201400053900,28,11,14,14,1,75,111,2,3,1,3,"165, RUE DU FAUBOURG SAI",0.0,0.0
201400053901,29,11,14,0,5,75,111,2,1,1,6,"138, BOULEVARD VOLTAIRE",0.0,0.0
201400053902,30,11,14,6,5,75,111,2,1,1,7,"177, RUE DE CHARONNE",0.0,0.0
201400053903,1,12,14,20,5,75,111,2,3,2,3,"102, BOULEVARD BEAUMARCH",0.0,0.0
201400053904,2,12,14,18,5,75,111,2,1,2,3,"20, BOULEVARD RICHARD LE",0.0,0.0
201400053905,3,12,14,11,1,75,111,2,1,1,5,"101, BOULEVARD VOLTAIRE",0.0,0.0
201400053906,4,12,14,10,1,75,111,2,3,1,2,"71, BOULEVARD VOLTAIRE",0.0,0.0
201400053907,5,12,14,8,1,75,111,2,3,1,6,"74, AVENUE PARMENTIER",0.0,0.0
201400053908,5,12,14,8,1,75,111,2,1,8,5,"79, AVENUE PHILIPPE AUGU",0.0,0.0
201400053909,6,12,14,11,1,75,111,2,2,1,6,"135, BOULEVARD VOLTAIRE",0.0,0.0
201400053910,7,12,14,19,5,75,111,2,5,2,3,"101, BOULEVARD RICHARD L",0.0,0.0
201400053911,7,12,14,23,5,75,111,2,7,2,3,"14, PLACE DE LA BASTILLE",0.0,0.0
201400053912,8,12,14,17,5,75,111,2,1,2,3,"103, AVENUE PHILIPPE AUG",0.0,0.0
201400053913,9,12,14,17,5,75,111,2,2,1,3,"35, BOULEVARD VOLTAIRE",0.0,0.0
201400053914,10,12,14,11,1,75,111,2,2,2,7,"150, AVENUE PARMENTIER",0.0,0.0
201400053915,10,12,14,13,1,75,111,2,1,2,6,"250, BOULEVARD VOLTAIRE",0.0,0.0
201400053916,10,12,14,15,1,75,111,2,1,8,3,"67, AVENUE DE LA REPUBLI",0.0,0.0
201400053917,10,12,14,22,5,75,111,2,2,8,3,"23, BOULEVARD DE MENILMO",0.0,0.0
201400053918,11,12,14,18,5,75,111,2,1,1,3,"8, BOULEVARD JULES FERRY",0.0,0.0
201400053919,12,12,14,12,1,75,111,2,1,2,6,"20, BOULEVARD BEAUMARCHA",0.0,0.0
201400053920,12,12,14,17,5,75,111,2,1,1,6,"15, BOULEVARD DE CHARONN",0.0,0.0
201400053921,13,12,14,0,3,75,111,2,2,2,3,BOULEVARD VOLTAIRE,0.0,0.0
201400053922,14,12,14,21,3,75,111,2,2,1,3,"158, RUE SAINT MAUR",0.0,0.0
201400053923,15,12,14,18,5,75,111,2,3,2,6,"50, BOULEVARD BEAUMARCHA",0.0,0.0
201400053924,16,12,14,7,5,75,111,2,3,2,3,"131, AVENUE LEDRU ROLLIN",0.0,0.0
201400053925,16,12,14,14,1,75,111,2,3,1,3,"14, RUE FROMENT",0.0,0.0
201400053926,17,12,14,10,1,75,111,2,2,2,2,"35, BOULEVARD VOLTAIRE",0.0,0.0
201400053927,17,12,14,22,3,75,111,2,4,2,2,"13, AVENUE DE LA REPUBLI",0.0,0.0
201400053928,18,12,14,9,1,75,111,2,1,8,2,"49, RUE AMELOT",0.0,0.0
201400053929,18,12,14,10,1,75,111,2,7,1,6,"1, PLACE LEON BLUM",0.0,0.0
201400053930,19,12,14,17,3,75,111,2,5,3,6,"111, BOULEVARD RICHARD L",0.0,0.0
201400053931,20,12,14,12,1,75,111,2,1,1,6,"232, BOULEVARD VOLTAIRE",0.0,0.0
201400053932,20,12,14,20,5,75,111,2,2,2,6,"133, RUE DE LA ROQUETTE",0.0,0.0
201400053933,22,12,14,5,5,75,111,2,3,1,6,"132, AVENUE PARMENTIER",0.0,0.0
201400053934,23,12,14,11,1,75,111,2,1,1,2,"25, AVENUE PHILIPPE AUGU",0.0,0.0
201400053935,23,12,14,14,1,75,111,2,1,1,6,"8, RUE SAINT AMBROISE",0.0,0.0
201400053936,23,12,14,19,5,75,111,2,7,1,6,"10, PLACE LEON BLUM",0.0,0.0
201400053937,24,12,14,18,5,75,111,2,1,1,3,"77, BOULEVARD DE BELLEVI",0.0,0.0
201400053938,30,12,14,16,1,75,111,2,7,1,3,"4, PLACE LEON BLUM",0.0,0.0
201400053939,30,12,14,23,5,75,111,2,3,1,3,"86, BOULEVARD BEAUMARCHA",0.0,0.0
201400053940,31,12,14,22,5,75,112,2,5,1,3,"114, AVENUE DU GENERAL M",0.0,0.0
201400053941,31,12,14,23,5,75,112,2,3,1,6,RUE DE REUILLY,0.0,0.0
201400053942,1,1,14,6,5,75,112,2,4,1,6,QUAI DE LA RAPEE,0.0,0.0
201400053943,1,1,14,18,5,75,112,2,1,2,4,"102, AVENUE DE SAINT MAN",0.0,0.0
201400053944,2,1,14,17,5,75,112,2,7,1,3,ESPLANADE SAINT LOUIS,0.0,0.0
201400053945,30,12,14,13,1,75,112,2,3,1,3,AVENUE DES CANADIENS,0.0,0.0
201400053946,4,1,14,11,1,75,112,2,1,9,7,"51, AVENUE DAUMESNIL",0.0,0.0
201400053947,4,1,14,15,1,75,112,2,3,8,3,AVENUE DE SAINT MAURICE,0.0,0.0
201400053948,8,1,14,1,5,75,112,2,1,1,6,"53, AVENUE DE SAINT MAUR",0.0,0.0
201400053949,9,1,14,8,2,75,112,2,3,1,6,"41, AVENUE DU DOCTEUR AR",0.0,0.0
201400053950,9,1,14,17,5,75,112,2,1,1,6,"78, AVENUE DE SAINT MAND",0.0,0.0
201400053951,10,1,14,9,1,75,112,2,1,1,3,AVENUE DAUMESNIL,0.0,0.0
201400053952,13,1,14,14,1,75,112,2,5,2,3,COURS DE VINCENNES,0.0,0.0
201400053953,15,1,14,18,5,75,112,2,7,2,3,"0, BOULEVARD PONIATOWSKI",0.0,0.0
201400053954,16,1,14,16,1,75,112,2,1,2,6,"16, RUE DU FAUBOURG SAIN",0.0,0.0
201400053955,16,1,14,18,5,75,112,2,3,2,6,"315, RUE DE CHARENTON",0.0,0.0
201400053956,17,1,14,1,5,75,112,2,2,1,6,"246 bis, RUE DU FAUBOURG",0.0,0.0
201400053957,17,1,14,11,1,75,112,2,5,1,3,"30 TER, AVENUE DAUMESNIL",0.0,0.0
201400053958,20,1,14,12,1,75,112,2,5,2,3,BOULEVARD DE BERCY,0.0,0.0
201400053959,21,1,14,12,1,75,112,2,1,2,2,VOIE GEORGES POMPIDOU,0.0,0.0
201400053960,22,1,14,10,1,75,112,2,1,1,6,"39, RUE VAN GOGH",0.0,0.0
201400053961,22,1,14,11,1,75,112,2,4,1,6,"43, RUE DE LYON",0.0,0.0
201400053962,22,1,14,17,5,75,112,2,1,2,3,ROUTE DE LA PYRAMIDE,0.0,0.0
201400053963,23,1,14,17,5,75,112,2,1,2,3,"310, RUE DE CHARENTON",0.0,0.0
201400053964,23,1,14,19,5,75,112,2,1,1,7,"86, AVENUE LEDRU ROLLIN",0.0,0.0
201400053965,23,1,14,14,1,75,112,2,2,2,3,"0000, PLACE DE LA NATION",0.0,0.0
201400053966,24,1,14,19,5,75,112,2,1,1,2,"189, RUE DE BERCY",0.0,0.0
201400053967,27,1,14,9,1,75,112,2,3,1,2,"XII-3439, ECHANGEUR PORT",0.0,0.0
201400053968,27,1,14,9,1,75,112,2,1,1,2,"13, AVENUE DE SAINT MAND",0.0,0.0
201400053969,28,1,14,9,1,75,112,2,7,8,7,ROUTE DE LA PYRAMIDE,0.0,0.0
201400053970,28,1,14,14,1,75,112,2,5,1,7,BOULEVARD DE BERCY,0.0,0.0
201400053971,28,1,14,20,5,75,112,2,3,2,7,"242, RUE DU FAUBOURG SAI",0.0,0.0
201400053972,29,1,14,8,1,75,112,2,5,2,7,QUAI DE LA RAPEE,0.0,0.0
201400053973,30,1,14,19,3,75,112,2,3,1,6,"71, BOULEVARD DIDEROT",0.0,0.0
201400053974,1,2,14,9,1,75,112,2,1,2,6,AVENUE DE NOGENT,0.0,0.0
201400053975,1,2,14,11,1,75,112,2,5,1,3,BOULEVARD PONIATOWSKI,0.0,0.0
201400053976,1,2,14,12,1,75,112,2,1,1,3,"1, AVENUE DU BEL AIR",0.0,0.0
201400053977,1,2,14,20,3,75,112,2,7,1,6,RUE PROUDHON,0.0,0.0
201400053978,2,2,14,4,5,75,112,2,1,1,6,AVENUE DES MINIMES,0.0,0.0
201400053979,2,2,14,10,1,75,112,2,3,1,6,AVENUE DU POLYGONE,0.0,0.0
201400053980,2,2,14,11,1,75,112,2,5,1,6,"61, RUE DE FECAMP",0.0,0.0
201400053981,2,2,14,13,1,75,112,2,1,1,3,AVENUE DE NOGENT,0.0,0.0
201400053982,2,2,14,15,1,75,112,2,1,1,6,"124, AVENUE DE GRAVELLE",0.0,0.0
201400053983,2,2,14,22,5,75,112,2,5,1,2,QUAI DE BERCY,0.0,0.0
201400053984,5,2,14,14,1,75,112,2,1,2,3,"19, AVENUE DE SAINT MAND",0.0,0.0
201400053985,5,2,14,17,5,75,112,2,2,2,3,"13, AVENUE DAUMESNIL",0.0,0.0
201400053986,5,2,14,19,3,75,112,2,7,2,3,PLACE DE LA NATION,0.0,0.0
201400053987,9,2,14,19,5,75,112,2,2,1,3,RUE DE PICPUS,0.0,0.0
201400053988,11,2,14,16,1,75,112,2,7,2,6,"03, PLACE FELIX EBOUE",0.0,0.0
201400053989,11,2,14,19,5,75,112,2,1,2,1,"15, RUE TAINE",0.0,0.0
201400053990,12,2,14,8,1,75,112,2,1,1,3,"188, AVENUE DAUMESNIL",0.0,0.0
201400053991,12,2,14,13,1,75,112,2,2,1,6,"45, AVENUE LEDRU ROLLIN",0.0,0.0
201400053992,14,2,14,9,1,75,112,2,3,2,6,"1, PLACE MAZAS",0.0,0.0
201400053993,16,2,14,6,5,75,112,2,1,1,3,RUE DE LYON,0.0,0.0
201400053994,17,2,14,19,5,75,112,2,2,1,6,"237, RUE DE CHARENTON",0.0,0.0
201400053995,18,2,14,9,1,75,112,2,2,1,2,RUE CROZATIER,0.0,0.0
201400053996,18,2,14,19,5,75,112,2,4,1,3,QUAI DE BERCY,0.0,0.0
201400053997,19,2,14,17,1,75,112,2,1,8,2,"22, RUE DU FAUBOURG SAIN",0.0,0.0
201400053998,19,2,14,18,5,75,112,2,1,1,6,AVENUE DU TREMBLAY,0.0,0.0
201400053999,20,2,14,3,5,75,112,2,1,1,6,COURS DE VINCENNES,0.0,0.0
201400054000,20,2,14,9,1,75,112,2,2,2,6,"276, AVENUE DAUMESNIL",0.0,0.0
201400054001,24,2,14,9,1,75,112,2,5,1,3,"88, RUE DE CHARENTON",0.0,0.0
201400054002,24,2,14,16,1,75,112,2,5,1,5,ROUTE DE BOURDON,0.0,0.0
201400054003,25,2,14,17,1,75,112,2,2,8,7,RUE DU FAUBOURG SAINT AN,0.0,0.0
201400054004,25,2,14,19,5,75,112,2,2,2,3,AVENUE LEDRU ROLLIN,0.0,0.0
201400054005,26,2,14,19,5,75,112,2,4,1,6,"220, RUE DE CHARENTON",0.0,0.0
201400054006,26,2,14,20,5,75,112,2,4,1,4,"20 bis, BOULEVARD DE LA",0.0,0.0
201400054007,28,2,14,8,1,75,112,2,2,2,6,QUAI DE LA RAPEE,0.0,0.0
201400054008,28,2,14,10,1,75,112,2,3,1,2,"141, AVENUE DE LA PORTE",0.0,0.0
201400054009,28,2,14,12,1,75,112,2,7,1,2,"5, PLACE LACHAMBEAUDIE",0.0,0.0
201400054010,28,2,14,20,5,75,112,2,6,2,7,BOULEVARD SOULT,0.0,0.0
201400054011,1,3,14,12,1,75,112,2,1,8,2,"30, QUAI DE LA RAPEE",0.0,0.0
201400054012,1,3,14,13,1,75,112,2,7,1,3,"7, PLACE FELIX EBOUE",0.0,0.0
201400054013,2,3,14,10,1,75,112,2,7,1,6,"14, RUE DE RAMBOUILLET",0.0,0.0
201400054014,2,3,14,15,1,75,112,2,2,1,6,AVENUE DU TREMBLAY,0.0,0.0
201400054015,3,3,14,8,1,75,112,2,2,1,6,"., QUAI DE LA RAPEE",0.0,0.0
201400054016,5,3,14,11,1,75,112,2,7,1,3,"07, PLACE FELIX EBOUE",0.0,0.0
201400054017,5,3,14,17,1,75,111,2,5,1,6,AVENUE LEDRU ROLLIN,0.0,0.0
201400054018,6,3,14,12,1,75,112,2,4,1,3,"51, BOULEVARD DE REUILLY",0.0,0.0
201400054019,7,3,14,17,1,75,112,2,1,1,4,"42, BOULEVARD DE LA BAST",0.0,0.0
201400054020,8,3,14,17,1,75,112,2,3,1,3,"51, AVENUE DE SAINT MAUR",0.0,0.0
201400054021,8,3,14,19,5,75,112,2,2,1,6,"88, BOULEVARD DIDEROT",0.0,0.0
201400054022,10,3,14,2,5,75,112,2,3,1,6,"84, AVENUE DE SAINT MAND",0.0,0.0
201400054023,12,3,14,15,1,75,112,2,3,1,1,ROUTE DE LA FERME,0.0,0.0
201400054024,12,3,14,18,5,75,112,2,5,1,2,ECHANGEUR BERCY,0.0,0.0
201400054025,12,3,14,18,2,75,112,2,2,1,3,BOULEVARD PONIATOWSKI,0.0,0.0
201400054026,13,3,14,18,2,75,112,2,1,1,3,"146, BOULEVARD DIDEROT",0.0,0.0
201400054027,14,3,14,10,1,75,112,2,2,1,7,"1, RUE PROUDHON",0.0,0.0
201400054028,14,3,14,16,1,75,112,2,2,1,6,"41, BOULEVARD DIDEROT",0.0,0.0
201400054029,15,3,14,17,1,75,112,2,3,1,6,"100, QUAI DE LA RAPEE",0.0,0.0
201400054030,16,3,14,0,5,75,112,2,5,1,6,"100, RUE DU FAUBOURG SAI",0.0,0.0
201400054031,16,3,14,6,2,75,112,2,2,1,6,BOULEVARD DE BERCY,0.0,0.0
201400054032,19,3,14,9,1,75,112,2,1,1,6,AVENUE DU TREMBLAY,0.0,0.0
201400054033,19,3,14,17,1,75,112,2,1,1,2,QUAI DE BERCY,0.0,0.0
201400054034,20,3,14,8,1,75,112,2,1,1,3,"17, RUE DE LYON",0.0,0.0
201400054035,21,3,14,15,1,75,112,2,7,1,3,PLACE FELIX EBOUE,0.0,0.0
201400054036,21,3,14,22,5,75,112,2,1,1,6,"5 bis, RUE DU COLONEL OU",0.0,0.0
201400054037,22,3,14,11,1,75,104,2,7,2,3,PLACE DE LA BASTILLE,0.0,0.0
201400054038,24,3,14,13,1,75,112,2,1,8,3,ROUTE DE LA PYRAMIDE,0.0,0.0
201400054039,25,3,14,11,1,75,112,2,3,2,6,"37, RUE DE REUILLY",0.0,0.0
201400054040,25,3,14,13,1,75,112,2,7,2,3,ESPLANADE SAINT LOUIS,0.0,0.0
201400054041,26,3,14,9,1,75,112,2,1,1,2,"16, AVENUE DU BEL AIR",0.0,0.0
201400054042,26,3,14,14,1,75,112,2,1,1,6,"139, AVENUE DAUMESNIL",0.0,0.0
201400054043,26,3,14,22,5,75,112,2,2,1,6,AVENUE DAUMESNIL,0.0,0.0
201400054044,27,3,14,8,1,75,112,2,2,1,4,"36, BOULEVARD DIDEROT",0.0,0.0
201400054045,30,3,14,18,1,75,112,2,1,1,7,AVENUE DU TREMBLAY,0.0,0.0
201400054046,31,3,14,0,5,75,112,2,2,1,2,AVENUE DE NOGENT,0.0,0.0
201400054047,31,3,14,9,1,75,112,2,3,1,2,"109, AVENUE DAUMESNIL",0.0,0.0
201400054048,31,3,14,9,1,75,112,2,2,1,2,"33, RUE DE REUILLY",0.0,0.0
201400054049,31,3,14,6,5,75,112,2,1,1,1,"244, RUE DE CHARENTON",0.0,0.0
201400054050,1,4,14,15,1,75,112,2,1,1,6,"304, RUE DE CHARENTON",0.0,0.0
201400054051,2,4,14,11,1,75,112,2,2,1,6,"127, RUE DE CHARENTON",0.0,0.0
201400054052,3,4,14,8,1,75,112,2,3,1,3,"11, RUE DE CHALON",0.0,0.0
201400054053,1,4,14,18,1,75,112,2,4,1,3,"54, BOULEVARD DIDEROT",0.0,0.0
201400054054,4,4,14,20,2,75,112,2,2,1,2,"128, AVENUE DAUMESNIL",0.0,0.0
201400054055,5,4,14,15,1,75,112,2,1,1,6,"120, BOULEVARD DIDEROT",0.0,0.0
201400054056,5,4,14,19,1,75,112,2,1,1,3,"205, RUE DE BERCY",0.0,0.0
201400054057,5,4,14,18,1,75,112,2,1,1,4,QUAI DE LA RAPEE,0.0,0.0
201400054058,4,4,14,20,5,75,112,2,7,1,3,PLACE DE LA NATION,0.0,0.0
201400054059,7,4,14,9,1,75,112,2,2,1,3,"117, BOULEVARD PONIATOWS",0.0,0.0
201400054060,7,4,14,11,1,75,112,2,3,1,6,"2, RUE DE LA LANCETTE",0.0,0.0
201400054061,7,4,14,17,1,75,112,2,1,1,6,"212, AVENUE DAUMESNIL",0.0,0.0
201400054062,9,4,14,16,1,75,112,2,3,1,2,"1, ROUTE DAUPHINE",0.0,0.0
201400054063,10,4,14,16,1,75,112,2,3,1,3,BOULEVARD PONIATOWSKI,0.0,0.0
201400054064,10,4,14,16,1,75,112,2,7,1,3,PLACE DE LA BASTILLE,0.0,0.0
201400054065,12,4,14,19,1,75,112,2,3,1,6,BOULEVARD PONIATOWSKI,0.0,0.0
201400054066,12,4,14,19,1,75,112,2,9,1,3,QUAI DE BERCY,0.0,0.0
201400054067,10,4,14,9,1,75,112,2,1,1,3,AVENUE DAUMESNIL,0.0,0.0
201400054068,15,4,14,6,2,75,112,2,2,1,2,AVENUE DAUMESNIL,0.0,0.0
201400054069,15,4,14,17,1,75,112,2,5,1,3,CARREFOUR DE CONSERVATIO,0.0,0.0
201400054070,16,4,14,0,5,75,112,2,5,1,3,BOULEVARD PONIATOWSKI,0.0,0.0
201400054071,16,4,14,7,1,75,112,2,3,1,3,"35, AVENUE COURTELINE",0.0,0.0
201400054072,16,4,14,18,1,75,112,2,7,1,1,PLACE DE LA NATION,0.0,0.0
201400054073,15,4,14,13,1,75,112,2,5,1,3,"52, AVENUE DE SAINT MAUR",0.0,0.0
201400054074,16,4,14,13,1,75,112,2,1,1,3,"70, BOULEVARD DE REUILLY",0.0,0.0
201400054075,18,4,14,14,1,75,112,2,2,1,2,"2, RUE DE RAMBOUILLET",0.0,0.0
201400054076,19,4,14,14,1,75,112,2,5,1,6,"253, AVENUE DAUMESNIL",0.0,0.0
201400054077,19,4,14,13,1,75,112,2,1,1,3,"218, AVENUE DAUMESNIL",0.0,0.0
201400054078,21,4,14,6,2,75,112,2,4,1,3,QUAI DE BERCY,0.0,0.0
201400054079,21,4,14,15,1,75,112,2,5,1,7,"21b, BOULEVARD DIDEROT",0.0,0.0
201400054080,23,4,14,14,1,75,112,2,1,1,6,ROUTE DE CEINTURE DU LAC,0.0,0.0
201400054081,24,4,14,9,1,75,112,2,5,1,3,BOULEVARD SOULT,0.0,0.0
201400054082,24,4,14,13,1,75,112,2,4,1,3,AVENUE DAUMESNIL,0.0,0.0
201400054083,24,4,14,15,1,75,112,2,7,1,3,CARREFOUR DE BEAUTE,0.0,0.0
201400054084,24,4,14,14,1,75,112,2,7,1,6,ROUTE DE LA PYRAMIDE,0.0,0.0
201400054085,24,4,14,15,1,75,112,2,7,1,2,ROUTE DE LA PYRAMIDE,0.0,0.0
201400054086,25,4,14,8,1,75,112,2,1,2,7,"38, COURS DE VINCENNES",0.0,0.0
201400054087,25,4,14,9,1,75,112,2,2,8,6,"26, RUE CHALIGNY",0.0,0.0
201400054088,26,4,14,9,1,75,112,2,2,2,6,AVENUE DES TERROIRS DE F,0.0,0.0
201400054089,26,4,14,11,1,75,112,2,2,2,2,RUE ROBERT ETLIN,0.0,0.0
201400054090,26,4,14,15,1,75,112,2,2,1,4,AVENUE DU TREMBLAY,0.0,0.0
201400054091,24,4,14,21,5,75,111,2,3,2,3,"210, BOULEVARD VOLTAIRE",0.0,0.0
201400054092,27,4,14,14,1,75,112,2,4,1,3,AVENUE DE SAINT MAURICE,0.0,0.0
201400054093,27,4,14,20,5,75,112,2,3,1,6,"76-78, RUE DE REUILLY",0.0,0.0
201400054094,28,4,14,12,1,75,112,2,1,1,1,"314, RUE DE CHARENTON",0.0,0.0
201400054095,29,4,14,12,1,75,112,2,2,1,6,RUE DU SERGENT BAUCHAT,0.0,0.0
201400054096,1,5,14,22,5,75,112,2,1,2,6,QUAI DE BERCY,0.0,0.0
201400054097,3,5,14,22,5,75,112,2,7,1,6,"26, PLACE DE LA NATION",0.0,0.0
201400054098,3,5,14,22,5,75,112,2,1,1,6,AVENUE DE SAINT MAURICE,0.0,0.0
201400054099,4,5,14,9,1,75,112,2,2,1,6,"271, AVENUE DAUMESNIL",0.0,0.0
201400054100,5,5,14,12,1,75,112,2,3,1,6,"5, AVENUE DAUMESNIL",0.0,0.0
201400054101,5,5,14,15,1,75,112,2,3,7,3,"126, QUAI DE BERCY",0.0,0.0
201400054102,5,5,14,19,1,75,112,2,1,1,6,"26, RUE MARSOULAN",0.0,0.0
201400054103,5,5,14,19,1,75,112,2,3,1,3,AVENUE DE NOGENT,0.0,0.0
201400054104,6,5,14,13,1,75,112,2,1,1,6,"259, RUE DE CHARENTON",0.0,0.0
201400054105,7,5,14,17,1,75,112,2,2,1,3,"18, RUE LOUIS BRAILLE",0.0,0.0
201400054106,8,5,14,3,5,75,112,2,2,1,3,BOULEVARD DIDEROT,0.0,0.0
201400054107,8,5,14,19,1,75,112,2,4,2,7,"26, BOULEVARD DE REUILLY",0.0,0.0
201400054108,9,5,14,22,5,75,112,2,2,1,3,AVENUE DE LA PORTE DE CH,0.0,0.0
201400054109,11,5,14,18,1,75,112,2,1,2,6,"11, ROUTE DES FORTIFICAT",0.0,0.0
201400054110,12,5,14,12,1,75,112,2,2,1,6,"266, RUE DE CHARENTON",0.0,0.0
201400054111,12,5,14,19,1,75,112,2,1,1,3,"65, AVENUE DE SAINT MAND",0.0,0.0
201400054112,12,5,14,20,1,75,112,2,1,1,2,"61, BOULEVARD PONIATOWSK",0.0,0.0
201400054113,14,5,14,9,1,75,112,2,2,1,6,"100, RUE DU FAUBOURG SAI",0.0,0.0
201400054114,14,5,14,10,1,75,112,2,3,1,6,"97, AVENUE DAUMESNIL",0.0,0.0
201400054115,14,5,14,12,1,75,112,2,1,1,2,"234, RUE DU FAUBOURG SAI",0.0,0.0
201400054116,14,5,14,17,1,75,112,2,1,1,2,"184, AVENUE DAUMESNIL",0.0,0.0
201400054117,15,5,14,15,2,75,112,2,7,1,3,"0, PLACE DE LA NATION",0.0,0.0
201400054118,16,5,14,13,1,75,112,2,3,1,1,"70, AVENUE DAUMESNIL",0.0,0.0
201400054119,19,5,14,18,1,75,112,2,2,1,6,"48, BOULEVARD DIDEROT",0.0,0.0
201400054120,22,5,14,8,1,75,112,2,3,1,6,"79, RUE DE PICPUS",0.0,0.0
201400054121,22,5,14,16,1,75,112,2,1,1,3,"85, BOULEVARD DIDEROT",0.0,0.0
201400054122,22,5,14,21,5,75,112,2,2,2,3,RUE DE CHARENTON,0.0,0.0
201400054123,22,5,14,13,1,75,112,2,2,1,6,"92, AVENUE DU DOCTEUR AR",0.0,0.0
201400054124,23,5,14,16,1,75,112,2,5,8,7,"119, BOULEVARD PONIATOWS",0.0,0.0
201400054125,24,5,14,17,1,75,112,2,3,3,3,ROUTE DU PESAGE,0.0,0.0
201400054126,24,5,14,17,1,75,112,2,2,2,6,ROUTE DE LA PYRAMIDE,0.0,0.0
201400054127,25,5,14,17,1,75,112,2,7,1,3,CARREFOUR DE CONSERVATIO,0.0,0.0
201400054128,25,5,14,17,1,75,112,2,1,1,3,"32, AVENUE DU GENERAL MI",0.0,0.0
201400054129,25,5,14,17,1,75,112,2,1,1,6,"30, RUE CLAUDE DECAEN",0.0,0.0
201400054130,25,5,14,21,1,75,112,2,1,1,6,"1, AVENUE DES CANADIENS",0.0,0.0
201400054131,27,5,14,16,1,75,112,2,1,1,1,"246, RUE DU FAUBOURG SAI",0.0,0.0
201400054132,27,5,14,17,1,75,112,2,1,1,6,"21, BOULEVARD PONIATOWSK",0.0,0.0
201400054133,28,5,14,10,1,75,112,2,2,1,6,"59, AVENUE LEDRU ROLLIN",0.0,0.0
201400054134,28,5,14,17,1,75,112,2,1,1,3,QUAI DE BERCY,0.0,0.0