Num_Acc,jour,mois,an,hr,condition_eclairage,departement,commune,condition_agglomeration,intersection,condition_atmosphere,type_collision,adresse,lattitude,longitude
201400054135,29,5,14,16,1,75,112,2,1,1,6,ROUTE DE CEINTURE DU LAC,0.0,0.0
201400054136,31,5,14,11,1,75,112,2,7,1,2,PLACE FELIX EBOUE,0.0,0.0
201400054137,31,5,14,22,5,75,112,2,2,1,6,AVENUE DAUMESNIL,0.0,0.0
201400054138,3,6,14,16,1,75,112,2,1,1,6,AVENUE DE LA PORTE DE CH,0.0,0.0
201400054139,4,6,14,9,1,75,112,2,3,2,3,"37, AVENUE DU DOCTEUR AR",0.0,0.0
201400054140,4,6,14,9,1,75,112,2,1,2,3,"46, BOULEVARD DE LA BAST",0.0,0.0
201400054141,5,6,14,7,1,75,112,2,1,1,6,"64, AVENUE DAUMESNIL",0.0,0.0
201400054142,6,6,14,8,1,75,112,2,1,1,3,"47, BOULEVARD DE PICPUS",0.0,0.0
201400054143,6,6,14,19,1,75,112,2,5,1,6,"94, RUE DU FAUBOURG SAIN",0.0,0.0
201400054144,6,6,14,19,1,75,112,2,1,1,2,ROUTE DE LA PYRAMIDE,0.0,0.0
201400054145,7,6,14,11,1,75,112,2,7,1,3,ROUTE DE LA PYRAMIDE,0.0,0.0
201400054146,9,6,14,20,5,75,112,2,1,1,6,"51, AVENUE DE SAINT MAUR",0.0,0.0
201400054147,9,6,14,15,1,75,112,2,2,2,6,AVENUE DU GENERAL MICHEL,0.0,0.0
201400054148,11,6,14,7,1,75,112,2,4,1,3,BOULEVARD PERIPHERIQUE I,0.0,0.0
201400054149,11,6,14,20,1,75,112,2,1,1,6,"00, ROUTE ROYALE DE BEAU",0.0,0.0
201400054150,12,6,14,19,1,75,112,2,2,7,3,"15, RUE DE WATTIGNIES",0.0,0.0
201400054151,13,6,14,17,1,75,112,2,1,1,6,QUAI DE BERCY,0.0,0.0
201400054152,13,6,14,20,1,75,112,2,7,1,3,PLACE DE LA NATION,0.0,0.0
201400054153,13,6,14,22,5,75,112,2,7,1,3,BOULEVARD SOULT,0.0,0.0
201400054154,14,6,14,6,2,75,112,2,2,1,6,"1, AVENUE LEDRU ROLLIN",0.0,0.0
201400054155,14,6,14,16,1,75,112,2,1,1,3,"46, AVENUE DES TERROIRS",0.0,0.0
201400054156,16,6,14,8,1,75,112,2,2,1,6,RUE LOUIS BRAILLE,0.0,0.0
201400054157,16,6,14,11,1,75,112,2,2,1,1,QUAI DE BERCY,0.0,0.0
201400054158,17,6,14,17,1,75,112,2,5,1,6,RUE DE FECAMP,0.0,0.0
201400054159,17,6,14,18,1,75,112,2,1,1,6,"10, AVENUE DE LA PORTE D",0.0,0.0
201400054160,18,6,14,9,1,75,112,2,5,1,2,"82, AVENUE DE SAINT MAND",0.0,0.0
201400054161,18,6,14,15,1,75,112,2,1,1,6,RUE DU SAHEL,0.0,0.0
201400054162,18,6,14,18,1,75,112,2,2,1,3,"320, RUE DE CHARENTON",0.0,0.0
201400054163,18,6,14,23,5,75,112,2,1,2,3,"0, BOULEVARD PERIPHERIQU",0.0,0.0
201400054164,19,6,14,14,1,75,112,2,1,1,6,"205, RUE DE BERCY",0.0,0.0
201400054165,19,6,14,16,1,75,112,2,2,1,1,"01, QUAI DE BERCY",0.0,0.0
201400054166,19,6,14,21,5,75,112,2,2,1,2,"13, AVENUE DAUMESNIL",0.0,0.0
201400054167,20,6,14,16,1,75,112,2,4,1,3,"12, RUE VAN GOGH",0.0,0.0
201400054168,21,6,14,3,5,75,112,2,1,1,7,AVENUE DE NOGENT,0.0,0.0
201400054169,23,6,14,1,5,75,112,2,1,1,6,QUAI DE LA RAPEE,0.0,0.0
201400054170,23,6,14,13,1,75,112,2,1,1,2,"75, BOULEVARD PONIATOWSK",0.0,0.0
201400054171,25,6,14,12,1,75,112,2,1,1,7,QUAI DE BERCY,0.0,0.0
201400054172,25,6,14,13,1,75,112,2,2,1,6,"237, RUE DE CHARENTON",0.0,0.0
201400054173,25,6,14,14,1,75,112,2,2,1,6,"210, RUE DE BERCY",0.0,0.0
201400054174,26,6,14,2,5,75,112,2,7,1,3,PLACE DE LA BASTILLE,0.0,0.0
201400054175,26,6,14,10,1,75,112,2,1,1,6,AVENUE DU TREMBLAY,0.0,0.0
201400054176,26,6,14,16,1,75,112,2,1,1,2,"72, AVENUE DE SAINT MAND",0.0,0.0
201400054177,26,6,14,16,1,75,112,2,2,1,6,"/, AVENUE DAUMESNIL",0.0,0.0
201400054178,26,6,14,20,1,75,112,2,1,1,2,QUAI DE BERCY,0.0,0.0
201400054179,30,6,14,7,1,75,112,2,1,1,2,"56, QUAI DE LA RAPEE",0.0,0.0
201400054180,1,7,14,6,1,75,112,2,3,1,3,"126, QUAI DE BERCY",0.0,0.0
201400054181,2,7,14,12,1,75,112,2,1,1,6,"47, BOULEVARD DIDEROT",0.0,0.0
201400054182,3,7,14,9,1,75,112,2,1,1,4,"/, ROUTE ROYALE DE BEAUT",0.0,0.0
201400054183,5,7,14,0,5,75,112,2,1,1,6,ROUTE DE LA FERME,0.0,0.0
201400054184,5,7,14,20,1,75,112,2,5,1,2,"98, QUAI DE LA RAPEE",0.0,0.0
201400054185,3,7,14,13,1,75,112,2,1,1,6,"94, QUAI DE LA RAPEE",0.0,0.0
201400054186,7,7,14,18,1,75,113,2,1,2,3,PONT DE BERCY,0.0,0.0
201400054187,7,7,14,20,1,75,112,2,2,3,3,", AVENUE COURTELINE",0.0,0.0
201400054188,8,7,14,16,1,75,112,2,2,1,3,AVENUE DU TREMBLAY,0.0,0.0
201400054189,12,7,14,20,2,75,112,2,1,1,6,"141, AVENUE DAUMESNIL",0.0,0.0
201400054190,12,7,14,22,3,75,112,2,2,1,3,AVENUE DE NOGENT,0.0,0.0
201400054191,17,7,14,21,2,75,112,2,1,1,6,AVENUE DAUMESNIL,0.0,0.0
201400054192,18,7,14,0,5,75,112,2,7,1,6,PLACE DE LA NATION,0.0,0.0
201400054193,18,7,14,15,1,75,112,2,2,1,6,"0, AVENUE DE NOGENT",0.0,0.0
201400054194,19,7,14,16,1,75,112,2,1,1,3,"25, AVENUE DE SAINT MAND",0.0,0.0
201400054195,21,7,14,18,1,75,112,2,7,1,6,"2, RUE CROZATIER",0.0,0.0
201400054196,23,7,14,23,5,75,112,2,7,1,3,ROUTE DE LA PYRAMIDE,0.0,0.0
201400054197,23,7,14,14,1,75,112,2,3,1,6,"78, RUE DE REUILLY",0.0,0.0
201400054198,23,7,14,18,1,75,112,2,1,1,6,"36, RUE DE REUILLY",0.0,0.0
201400054199,23,7,14,20,1,75,112,2,3,1,3,"2, BOULEVARD DIDEROT",0.0,0.0
201400054200,24,7,14,16,1,75,112,2,1,1,4,QUAI DE LA RAPEE,0.0,0.0
201400054201,24,7,14,19,1,75,112,2,3,1,6,"100, RUE CLAUDE DECAEN",0.0,0.0
201400054202,25,7,14,9,1,75,112,2,2,1,6,"271, AVENUE DAUMESNIL",0.0,0.0
201400054203,26,7,14,12,1,75,112,2,5,1,6,AVENUE DAUMESNIL,0.0,0.0
201400054204,27,7,14,19,1,75,112,2,1,1,3,ROUTE DE BOURDON,0.0,0.0
201400054205,29,7,14,23,5,75,112,2,7,1,6,AVENUE DAUMESNIL,0.0,0.0
201400054206,30,7,14,19,1,75,112,2,1,1,3,"., ROUTE DAUPHINE",0.0,0.0
201400054207,1,8,14,17,1,75,112,2,7,1,3,BOULEVARD PONIATOWSKI,0.0,0.0
201400054208,1,8,14,20,1,75,112,2,7,1,3,"26, PLACE DE LA NATION",0.0,0.0
201400054209,7,8,14,20,2,75,112,2,4,2,3,"47, RUE DE LYON",0.0,0.0
201400054210,7,8,14,20,5,75,112,2,4,2,6,QUAI DE BERCY,0.0,0.0
201400054211,8,8,14,1,5,75,112,2,2,1,6,AVENUE DU DOCTEUR ARNOLD,0.0,0.0
201400054212,10,8,14,11,1,75,112,2,2,2,6,"39, RUE PROUDHON",0.0,0.0
201400054213,11,8,14,9,1,75,112,2,2,1,3,"256, AVENUE DAUMESNIL",0.0,0.0
201400054214,11,8,14,19,1,75,112,2,4,3,6,QUAI DE BERCY,0.0,0.0
201400054215,12,8,14,11,1,75,112,2,1,1,6,"81, AVENUE DE SAINT MAND",0.0,0.0
201400054216,12,8,14,18,1,75,112,2,1,1,3,AVENUE DE NOGENT,0.0,0.0
201400054217,14,8,14,13,1,75,112,2,1,1,6,BOULEVARD DIDEROT,0.0,0.0
201400054218,14,8,14,18,1,75,112,2,5,1,3,BOULEVARD SOULT,0.0,0.0
201400054219,16,8,14,2,5,75,120,2,2,1,6,COURS DE VINCENNES,0.0,0.0
201400054220,16,8,14,15,1,75,112,2,2,1,3,RUE DE CHARENTON,0.0,0.0
201400054221,16,8,14,17,1,75,112,2,2,1,2,"120, COURS DE VINCENNES",0.0,0.0
201400054222,16,8,14,19,1,75,112,2,2,1,6,RUE DE CHARENTON,0.0,0.0
201400054223,18,8,14,18,1,75,112,2,5,1,1,AVENUE DE SAINT MANDE,0.0,0.0
201400054224,19,8,14,8,1,75,112,2,1,1,6,"139, RUE DE BERCY",0.0,0.0
201400054225,19,8,14,17,1,75,112,2,1,1,6,AVENUE DU POLYGONE,0.0,0.0
201400054226,21,8,14,1,5,75,112,2,1,1,6,"38, COURS DE VINCENNES",0.0,0.0
201400054227,21,8,14,9,1,75,112,2,1,1,6,"32, RUE BARON LE ROY",0.0,0.0
201400054228,22,8,14,17,1,75,112,2,3,8,1,"32, AVENUE DAUMESNIL",0.0,0.0
201400054229,24,8,14,13,1,75,112,2,1,1,2,"263, AVENUE DAUMESNIL",0.0,0.0
201400054230,26,8,14,8,1,75,112,2,2,2,3,"39, RUE PROUDHON",0.0,0.0
201400054231,26,8,14,14,1,75,112,2,1,1,6,"30, RUE DE LYON",0.0,0.0
201400054232,27,8,14,12,1,75,112,2,3,1,6,"42, RUE DU FAUBOURG SAIN",0.0,0.0
201400054233,30,8,14,12,1,75,112,2,1,1,2,"30, RUE DE REUILLY",0.0,0.0
201400054234,30,8,14,23,5,75,120,2,1,2,7,PORTE DE VINCENNES,0.0,0.0
201400054235,31,8,14,12,1,75,112,2,1,1,7,ROUTE DE LA PYRAMIDE,0.0,0.0
201400054236,31,8,14,16,1,75,111,2,3,1,2,"72, RUE DU FAUBOURG SAIN",0.0,0.0
201400054237,1,9,14,18,1,75,112,2,4,1,3,"293, AVENUE DAUMESNIL",0.0,0.0
201400054238,3,9,14,15,1,75,112,2,2,1,7,"656Bis, AVENUE DAUMESNIL",0.0,0.0
201400054239,3,9,14,21,4,75,112,2,7,1,3,ROUTE DE LA PYRAMIDE,0.0,0.0
201400054240,4,9,14,8,1,75,112,2,1,1,2,"34, QUAI DE LA RAPEE",0.0,0.0
201400054241,4,9,14,11,1,75,111,2,3,1,3,"46, AVENUE PHILIPPE AUGU",0.0,0.0
201400054242,4,9,14,15,1,75,112,2,7,1,2,"199, AVENUE DAUMESNIL",0.0,0.0
201400054243,5,9,14,14,1,75,112,2,5,1,6,"98, RUE DU FAUBOURG SAIN",0.0,0.0
201400054244,9,9,14,11,1,75,112,2,1,1,2,"1, QUAI DE BERCY",0.0,0.0
201400054245,9,9,14,19,1,75,112,2,1,1,6,BOULEVARD PERIPHERIQUE I,0.0,0.0
201400054246,10,9,14,8,1,75,112,2,2,1,3,"01, AVENUE DU GENERAL DO",0.0,0.0
201400054247,10,9,14,16,1,75,112,2,4,1,4,QUAI DE LA RAPEE,0.0,0.0
201400054248,10,9,14,20,2,75,112,2,1,1,6,ROUTE DE CEINTURE DU LAC,0.0,0.0
201400054249,11,9,14,13,1,75,112,2,2,1,3,"97, BOULEVARD DIDEROT",0.0,0.0
201400054250,13,9,14,0,5,75,112,2,1,1,3,"31, RUE DE REUILLY",0.0,0.0
201400054251,14,9,14,4,5,75,112,2,1,1,6,"69, QUAI DE LA RAPEE",0.0,0.0
201400054252,14,9,14,19,1,75,112,2,1,1,3,"146, BOULEVARD DIDEROT",0.0,0.0
201400054253,14,9,14,21,3,75,112,2,1,1,3,BOULEVARD PERIPHERIQUE,0.0,0.0
201400054254,15,9,14,15,1,75,112,2,1,1,6,AVENUE DE NOGENT,0.0,0.0
201400054255,15,9,14,16,1,75,112,2,2,1,3,BOULEVARD DE BERCY,0.0,0.0
201400054256,16,9,14,4,5,75,112,2,5,1,3,COURS DE VINCENNES,0.0,0.0
201400054257,17,9,14,2,5,75,112,2,1,1,6,BOULEVARD DE BERCY,0.0,0.0
201400054258,18,9,14,15,1,75,112,2,4,1,7,QUAI DE LA RAPEE,0.0,0.0
201400054259,18,9,14,16,1,75,112,2,3,1,6,"52, BOULEVARD DIDEROT",0.0,0.0
201400054260,18,9,14,19,1,75,112,2,2,1,2,AVENUE DAUMESNIL,0.0,0.0
201400054261,18,9,14,22,5,75,112,2,2,1,1,"78, COURS DE VINCENNES",0.0,0.0
201400054262,19,9,14,10,1,75,112,2,4,1,2,"222, RUE DE CHARENTON",0.0,0.0
201400054263,19,9,14,21,5,75,112,2,2,1,6,"131, BOULEVARD DIDEROT",0.0,0.0
201400054264,21,9,14,16,1,75,112,2,1,1,6,"117, RUE DE REUILLY",0.0,0.0
201400054265,21,9,14,18,1,75,112,2,2,1,6,"9, RUE DE WATTIGNIES",0.0,0.0
201400054266,22,9,14,15,1,75,112,2,1,1,6,"120, RUE DE LYON",0.0,0.0
201400054267,23,9,14,9,1,75,112,2,1,1,2,"20, COURS DE VINCENNES",0.0,0.0
201400054268,23,9,14,15,1,75,112,2,5,1,2,BOULEVARD DE LA GUYANE,0.0,0.0
201400054269,24,9,14,19,2,75,112,2,1,2,3,ROUTE DE LA PYRAMIDE,0.0,0.0
201400054270,24,9,14,23,5,75,112,2,7,1,7,ESPLANADE SAINT LOUIS,0.0,0.0
201400054271,24,9,14,21,5,75,112,2,3,1,2,"6, AVENUE DU DOCTEUR ARN",0.0,0.0
201400054272,25,9,14,20,5,75,112,2,2,1,3,"88, BOULEVARD DIDEROT",0.0,0.0
201400054273,26,9,14,9,1,75,112,2,7,1,3,ROUTE DE LA PYRAMIDE,0.0,0.0
201400054274,27,9,14,17,1,75,112,2,4,1,1,"0, AVENUE DES CANADIENS",0.0,0.0
201400054275,28,9,14,4,3,75,112,2,4,1,6,QUAI DE BERCY,0.0,0.0
201400054276,28,9,14,5,3,75,112,2,1,1,6,BOULEVARD DE BERCY,0.0,0.0
201400054277,29,9,14,8,1,75,112,2,4,2,7,"50, BOULEVARD DE LA BAST",0.0,0.0
201400054278,29,9,14,16,1,75,112,2,7,1,1,PLACE DE LA NATION,0.0,0.0
201400054279,30,9,14,18,1,75,112,2,1,1,6,"248, RUE DE CHARENTON",0.0,0.0
201400054280,1,10,14,2,5,75,112,2,1,1,2,"189, RUE DE BERCY",0.0,0.0
201400054281,1,10,14,8,1,75,112,2,5,1,6,"117, AVENUE DU GENERAL M",0.0,0.0
201400054282,3,10,14,8,1,75,112,2,2,1,3,BOULEVARD SOULT,0.0,0.0
201400054283,3,10,14,16,1,75,112,2,2,1,2,"157, RUE DE BERCY",0.0,0.0
201400054284,3,10,14,18,1,75,112,2,1,2,6,QUAI DE LA RAPEE,0.0,0.0
201400054285,5,10,14,21,5,75,112,2,3,1,3,"190, AVENUE DAUMESNIL",0.0,0.0
201400054286,6,10,14,19,5,75,112,2,1,2,6,"51, AVENUE DAUMESNIL",0.0,0.0
201400054287,6,10,14,20,5,75,112,2,3,2,6,"102, AVENUE DE SAINT MAN",0.0,0.0
201400054288,7,10,14,8,1,75,112,2,3,1,7,"54, BOULEVARD DE PICPUS",0.0,0.0
201400054289,7,10,14,18,2,75,111,2,2,2,3,AVENUE PHILIPPE AUGUSTE,0.0,0.0
201400054290,8,10,14,7,2,75,112,2,2,3,2,"13, AVENUE DAUMESNIL",0.0,0.0
201400054291,7,10,14,15,1,75,112,2,2,8,6,AVENUE DU TREMBLAY,0.0,0.0
201400054292,8,10,14,16,1,75,112,2,5,1,6,"1, RUE ABEL",0.0,0.0
201400054293,8,10,14,20,5,75,112,2,2,6,6,"8, COURS DE VINCENNES",0.0,0.0
201400054294,9,10,14,0,5,75,112,2,1,2,2,"31, AVENUE DAUMESNIL",0.0,0.0
201400054295,9,10,14,11,1,75,112,2,1,1,2,"14, AVENUE DE LA PORTE D",0.0,0.0
201400054296,10,10,14,6,5,75,112,2,2,1,6,"129, AVENUE DAUMESNIL",0.0,0.0
201400054297,10,10,14,10,1,75,112,2,1,1,2,"8, RUE CHALIGNY",0.0,0.0
201400054298,10,10,14,16,1,75,112,2,1,1,6,"107, RUE DE REUILLY",0.0,0.0
201400054299,11,10,14,3,5,75,112,2,1,1,3,"115, BOULEVARD PONIATOWS",0.0,0.0
201400054300,11,10,14,11,1,75,112,2,2,1,7,ROUTE ROYALE DE BEAUTE,0.0,0.0
201400054301,11,10,14,18,1,75,112,2,1,1,6,RUE ERNEST LAVISSE,0.0,0.0
201400054302,12,10,14,5,5,75,112,2,1,1,6,AVENUE DE NOGENT,0.0,0.0
201400054303,12,10,14,6,5,75,112,2,1,1,6,QUAI DE BERCY,0.0,0.0
201400054304,13,10,14,20,5,75,112,2,1,1,6,"102, BOULEVARD DE LA GUY",0.0,0.0
201400054305,15,10,14,18,2,75,112,2,2,1,2,"02, RUE DES COLONNES DU",0.0,0.0
201400054306,16,10,14,8,1,75,112,2,1,2,7,"102, RUE DE REUILLY",0.0,0.0
201400054307,16,10,14,7,2,75,112,2,2,1,1,AVENUE DE NOGENT,0.0,0.0
201400054308,16,10,14,14,1,75,112,2,3,1,6,"127, RUE DU FAUBOURG SAI",0.0,0.0
201400054309,17,10,14,19,5,75,112,2,1,1,2,QUAI DE BERCY,0.0,0.0
201400054310,17,10,14,22,5,75,112,2,1,1,2,"71, RUE DE LYON",0.0,0.0
201400054311,18,10,14,2,5,75,112,2,1,1,6,"/, PONT D AUSTERLITZ",0.0,0.0
201400054312,18,10,14,14,1,75,112,2,4,1,3,AVENUE DE LA PORTE DE VI,0.0,0.0
201400054313,18,10,14,19,5,75,112,2,1,1,6,"40, COURS DE VINCENNES",0.0,0.0
201400054314,21,10,14,21,5,75,112,2,1,1,6,"40, BOULEVARD DE BERCY",0.0,0.0
201400054315,23,10,14,15,1,75,112,2,7,1,3,PLACE DE LA BASTILLE,0.0,0.0
201400054316,23,10,14,19,5,75,112,2,1,1,3,BOULEVARD PONIATOWSKI,0.0,0.0
201400054317,24,10,14,8,1,75,112,2,2,1,6,"67, AVENUE DAUMESNIL",0.0,0.0
201400054318,24,10,14,9,1,75,112,2,1,1,3,"45, BOULEVARD DE PICPUS",0.0,0.0
201400054319,24,10,14,17,1,75,112,2,1,2,3,QUAI DE LA RAPEE,0.0,0.0
201400054320,24,10,14,21,5,75,112,2,2,1,5,RUE MONTGALLET,0.0,0.0
201400054321,25,10,14,19,5,75,112,2,1,1,6,ROUTE DE LA PYRAMIDE,0.0,0.0
201400054322,26,10,14,20,5,75,112,2,2,1,7,"16, AVENUE DAUMESNIL",0.0,0.0
201400054323,27,10,14,9,1,75,112,2,2,1,3,"131, BOULEVARD DIDEROT",0.0,0.0
201400054324,27,10,14,18,5,75,112,2,2,1,3,"237, RUE DE CHARENTON",0.0,0.0
201400054325,28,10,14,16,1,75,112,2,3,1,6,"23, AVENUE DU GENERAL MI",0.0,0.0
201400054326,28,10,14,16,1,75,112,2,1,1,4,QUAI DE LA RAPEE,0.0,0.0
201400054327,28,10,14,18,5,75,112,2,3,1,6,"58, AVENUE DAUMESNIL",0.0,0.0
201400054328,29,10,14,12,1,75,112,2,2,1,2,"170, BOULEVARD DIDEROT",0.0,0.0
201400054329,29,10,14,20,5,75,112,2,1,1,6,"145, RUE DE BERCY",0.0,0.0
201400054330,31,10,14,11,1,75,112,2,1,1,3,"54, QUAI DE LA RAPEE",0.0,0.0
201400054331,31,10,14,12,1,75,112,2,1,1,6,"2, PLACE EDOUARD RENARD",0.0,0.0
201400054332,31,10,14,16,1,75,112,2,2,1,6,"21, RUE MONTERA",0.0,0.0
201400054333,31,10,14,20,5,75,112,2,2,1,2,"296, RUE DE CHARENTON",0.0,0.0
201400054334,2,11,14,12,1,75,112,2,1,1,6,AVENUE DE NOGENT,0.0,0.0
201400054335,2,11,14,22,5,75,112,2,5,2,6,BOULEVARD PONIATOWSKI,0.0,0.0
201400054336,3,11,14,18,5,75,112,2,1,3,6,"21, BOULEVARD DIDEROT",0.0,0.0
201400054337,3,11,14,20,5,75,112,2,2,2,6,"131, BOULEVARD DIDEROT",0.0,0.0
201400054338,4,11,14,14,1,75,112,2,1,1,6,"103, BOULEVARD SOULT",0.0,0.0
201400054339,6,11,14,14,1,75,112,2,3,1,3,"257, AVENUE DAUMESNIL",0.0,0.0
201400054340,7,11,14,6,5,75,112,2,3,2,6,"31, RUE BARON LE ROY",0.0,0.0
201400054341,7,11,14,7,5,75,112,2,2,3,6,"130, AVENUE DAUMESNIL",0.0,0.0
201400054342,8,11,14,17,5,75,112,2,1,1,5,"6, RUE ABEL",0.0,0.0
201400054343,8,11,14,21,3,75,112,2,2,1,2,"30, AVENUE DAUMESNIL",0.0,0.0
201400054344,30,10,14,4,5,75,112,2,7,1,7,ESPLANADE SAINT LOUIS,0.0,0.0
201400054345,13,11,14,9,1,75,112,2,6,1,3,COURS DE VINCENNES,0.0,0.0
201400054346,14,11,14,8,1,75,112,2,1,1,6,"9, PLACE FELIX EBOUE",0.0,0.0
201400054347,14,11,14,14,1,75,112,2,5,2,2,AVENUE DU TREMBLAY,0.0,0.0
201400054348,15,11,14,9,1,75,112,2,2,2,3,"12 bis, RUE DE PICPUS",0.0,0.0
201400054349,15,11,14,14,1,75,112,2,2,1,6,"17, RUE DE COTTE",0.0,0.0
201400054350,15,11,14,18,5,75,112,2,1,1,6,AVENUE DU TREMBLAY,0.0,0.0
201400054351,16,11,14,12,1,75,112,2,1,8,1,"76, AVENUE DE SAINT MAUR",0.0,0.0
201400054352,17,11,14,18,5,75,112,2,2,3,6,"60, BOULEVARD DE BERCY",0.0,0.0
201400054353,17,11,14,19,4,75,112,2,7,2,3,RUE DU FAUBOURG SAINT AN,0.0,0.0
201400054354,18,11,14,17,5,75,112,2,3,2,6,"94, RUE DU FAUBOURG SAIN",0.0,0.0
201400054355,18,11,14,18,5,75,112,2,2,2,3,"273, AVENUE DAUMESNIL",0.0,0.0
201400054356,20,11,14,0,4,75,112,2,1,1,6,"30, RUE DU FAUBOURG SAIN",0.0,0.0
201400054357,20,11,14,10,1,75,112,2,4,1,4,AVENUE DE SAINT MAURICE,0.0,0.0
201400054358,22,11,14,17,5,75,112,2,2,1,3,"0, AVENUE DE NOGENT   VI",0.0,0.0
201400054359,23,11,14,22,5,75,112,2,2,2,1,"10, BOULEVARD DIDEROT",0.0,0.0
201400054360,25,11,14,8,1,75,112,2,1,1,2,"20, RUE DE REUILLY",0.0,0.0
201400054361,25,11,14,21,5,75,112,2,2,1,2,"2, AVENUE DE CORBERA",0.0,0.0
201400054362,26,11,14,8,1,75,112,2,1,2,7,QUAI DE BERCY,0.0,0.0
201400054363,27,11,14,7,2,75,112,2,2,2,3,"52, AVENUE LEDRU ROLLIN",0.0,0.0
201400054364,27,11,14,9,1,75,112,2,1,2,3,"32, BOULEVARD DIDEROT",0.0,0.0
201400054365,27,11,14,17,5,75,112,2,7,1,3,ESPLANADE SAINT LOUIS,0.0,0.0
201400054366,27,11,14,18,5,75,112,2,1,1,6,RUE DE REUILLY,0.0,0.0
201400054367,30,11,14,7,2,75,112,2,3,1,6,"78, RUE DE REUILLY",0.0,0.0
201400054368,1,12,14,16,5,75,112,2,4,1,6,"94, AVENUE DU GENERAL MI",0.0,0.0
201400054369,1,12,14,18,5,75,112,2,2,2,3,"246, RUE DU FAUBOURG SAI",0.0,0.0
201400054370,1,12,14,19,5,75,112,2,1,2,2,QUAI DE BERCY,0.0,0.0
201400054371,1,12,14,19,5,75,111,2,1,1,6,"88, AVENUE LEDRU ROLLIN",0.0,0.0
201400054372,2,12,14,9,1,75,112,2,3,8,6,"128, QUAI DE BERCY",0.0,0.0
201400054373,3,12,14,7,5,75,112,2,7,2,6,"197, AVENUE DAUMESNIL",0.0,0.0
201400054374,3,12,14,10,1,75,112,2,2,1,6,"30, BOULEVARD DIDEROT",0.0,0.0
201400054375,5,12,14,10,1,75,112,2,1,1,3,AVENUE DE NOGENT,0.0,0.0
201400054376,5,12,14,17,5,75,112,2,5,1,6,"246, AVENUE DAUMESNIL",0.0,0.0
201400054377,5,12,14,21,5,75,112,2,3,2,3,ROUTE DE LA TOURELLE,0.0,0.0
201400054378,6,12,14,12,1,75,112,2,1,1,6,"17, BOULEVARD DIDEROT",0.0,0.0
201400054379,5,12,14,21,2,75,112,2,1,1,2,"65, RUE DE LYON",0.0,0.0
201400054380,6,12,14,18,5,75,112,2,2,1,5,AVENUE DE LA PORTE DE CH,0.0,0.0
201400054381,6,12,14,16,1,75,112,2,5,1,6,"210, RUE DE BERCY",0.0,0.0
201400054382,7,12,14,14,1,75,112,2,2,2,6,"60, BOULEVARD DE BERCY",0.0,0.0
201400054383,8,12,14,9,1,75,111,2,7,8,3,PLACE DE LA BASTILLE,0.0,0.0
201400054384,7,12,14,21,5,75,112,2,5,2,3,RUE DE CHARENTON,0.0,0.0
201400054385,9,12,14,8,1,75,112,2,3,1,3,"42, ALLEE VIVALDI",0.0,0.0
201400054386,9,12,14,11,1,75,112,2,2,8,2,"13, AVENUE DAUMESNIL",0.0,0.0
201400054387,12,12,14,8,1,75,112,2,4,2,6,"73, RUE DE LYON",0.0,0.0
201400054388,12,12,14,11,1,75,112,2,3,1,3,"104, RUE DU FAUBOURG SAI",0.0,0.0
201400054389,12,12,14,18,5,75,112,2,3,2,6,"72, RUE DE REUILLY",0.0,0.0
201400054390,12,12,14,20,5,75,112,2,1,3,7,"57, BOULEVARD DIDEROT",0.0,0.0
201400054391,12,12,14,23,5,75,112,2,5,3,6,"20, BOULEVARD PONIATOWSK",0.0,0.0
201400054392,15,12,14,6,5,75,112,2,4,2,6,"130, RUE DE LYON",0.0,0.0
201400054393,15,12,14,19,5,75,112,2,5,2,3,"2, RUE DU RENDEZ VOUS",0.0,0.0
201400054394,16,12,14,17,5,75,112,2,4,1,6,"47, AVENUE DU GENERAL MI",0.0,0.0
201400054395,17,12,14,7,5,75,112,2,2,2,6,PLACE DE L ILE DE LA REU,0.0,0.0
201400054396,17,12,14,16,2,75,112,2,1,2,6,"2180, RUE DU FAUBOURG SA",0.0,0.0
201400054397,19,12,14,8,2,75,112,2,1,8,6,AVENUE DAUMESNIL,0.0,0.0
201400054398,20,12,14,9,1,75,112,2,1,1,2,AVENUE DE NOGENT,0.0,0.0
201400054399,21,12,14,0,5,75,112,2,1,1,2,ROUTE DE LA PYRAMIDE,0.0,0.0
201400054400,21,12,14,14,1,75,112,2,3,8,3,"45, RUE DE LYON",0.0,0.0
201400054401,24,12,14,16,5,75,112,2,5,2,3,QUAI DE LA RAPEE,0.0,0.0
201400054402,28,12,14,2,5,75,112,2,1,2,6,QUAI DE LA RAPEE,0.0,0.0
201400054403,28,12,14,20,5,75,112,2,2,1,3,RUE JOSEPH KESSEL,0.0,0.0
201400054404,31,12,14,12,1,75,112,2,6,1,3,PLACE FELIX EBOUE,0.0,0.0
201400054405,31,12,14,13,1,75,112,2,1,1,7,"13, AVENUE DU DOCTEUR AR",0.0,0.0
201400054406,2,1,14,19,5,75,113,2,3,1,6,"1, RUE EUGENE OUDINE",0.0,0.0
201400054407,2,1,14,5,5,75,113,2,4,1,6,AVENUE DE LA PORTE D IVR,0.0,0.0
201400054408,3,1,14,13,1,75,113,2,4,1,6,"16, RUE BRILLAT SAVARIN",0.0,0.0
201400054409,3,1,14,15,1,75,113,2,1,1,7,"12, AVENUE D IVRY",0.0,0.0
201400054410,7,1,14,18,5,75,113,2,1,8,6,"120, RUE DE TOLBIAC",0.0,0.0
201400054411,7,1,14,18,5,75,113,2,4,1,3,"132, RUE DE TOLBIAC",0.0,0.0
201400054412,9,1,14,1,5,75,113,2,1,1,6,AVENUE DE LA PORTE DE CH,0.0,0.0
201400054413,11,1,14,10,1,75,113,2,5,1,3,"112, AVENUE D IVRY",0.0,0.0
201400054414,11,1,14,16,1,75,113,2,1,1,2,"213, BOULEVARD VINCENT A",0.0,0.0