Num_Acc,jour,mois,an,hr,condition_eclairage,departement,commune,condition_agglomeration,intersection,condition_atmosphere,type_collision,adresse,lattitude,longitude
201400054415,12,1,14,18,5,75,113,2,1,1,6,"81, BOULEVARD MASSENA",0.0,0.0
201400054416,13,1,14,11,1,75,113,2,2,1,6,"7, BOULEVARD DU GENERAL",0.0,0.0
201400054417,13,1,14,17,5,75,113,2,2,1,6,"24, AVENUE DES GOBELINS",0.0,0.0
201400054418,14,1,14,19,5,75,113,2,2,1,6,"96, BOULEVARD DE L HOPIT",0.0,0.0
201400054419,15,1,14,13,1,75,113,2,5,2,6,QUAI D AUSTERLITZ,0.0,0.0
201400054420,15,1,14,19,5,75,113,2,2,3,3,"48, BOULEVARD ARAGO",0.0,0.0
201400054421,15,1,14,19,5,75,113,2,3,2,3,"167, RUE DE TOLBIAC",0.0,0.0
201400054422,16,1,14,15,1,75,113,2,2,2,3,RUE NEUVE TOLBIAC,0.0,0.0
201400054423,19,1,14,14,1,75,113,2,2,1,3,"48, BOULEVARD ARAGO",0.0,0.0
201400054424,19,1,14,20,5,75,113,2,3,1,6,"66, AVENUE DES GOBELINS",0.0,0.0
201400054425,20,1,14,23,5,75,113,2,1,1,6,"133, RUE DE LA SANTE",0.0,0.0
201400054426,22,1,14,13,1,75,113,2,5,1,6,"43, BOULEVARD SAINT MARC",0.0,0.0
201400054427,22,1,14,14,1,75,113,2,3,2,3,RUE DU DOCTEUR BOURNEVIL,0.0,0.0
201400054428,23,1,14,9,2,75,113,2,2,1,7,"123, BOULEVARD MASSENA",0.0,0.0
201400054429,24,1,14,13,1,75,113,2,1,1,3,"26, RUE PINEL",0.0,0.0
201400054430,24,1,14,20,5,75,113,2,4,1,3,"83, BOULEVARD DE L HOPIT",0.0,0.0
201400054431,25,1,14,4,5,75,113,2,2,3,6,"55, AVENUE D ITALIE",0.0,0.0
201400054432,25,1,14,13,1,75,113,2,1,8,6,"129bis, AVENUE DE CHOISY",0.0,0.0
201400054433,26,1,14,15,1,75,113,2,2,3,6,"49, AVENUE DES GOBELINS",0.0,0.0
201400054434,27,1,14,8,1,75,113,2,7,1,6,BOULEVARD PERIPHERIQUE,0.0,0.0
201400054435,28,1,14,6,5,75,113,2,1,1,3,"23, AVENUE DE LA PORTE D",0.0,0.0
201400054436,31,1,14,18,5,75,113,2,2,1,6,"213, RUE DE TOLBIAC",0.0,0.0
201400054437,1,2,14,16,1,75,113,2,3,1,7,"53, AVENUE DES GOBELINS",0.0,0.0
201400054438,2,2,14,2,5,75,113,2,1,1,6,"29, AVENUE D ITALIE",0.0,0.0
201400054439,3,2,14,8,1,75,113,2,2,1,3,"72, BOULEVARD AUGUSTE BL",0.0,0.0
201400054440,4,2,14,7,5,75,113,2,3,1,6,"110, AVENUE D ITALIE",0.0,0.0
201400054441,4,2,14,19,5,75,113,2,3,1,6,"18, RUE DE LA GLACIERE",0.0,0.0
201400054442,5,2,14,16,1,75,113,2,2,1,2,AVENUE D ITALIE,0.0,0.0
201400054443,8,2,14,12,1,75,113,2,3,1,6,"5, BOULEVARD DE L HOPITA",0.0,0.0
201400054444,8,2,14,15,1,75,113,2,3,1,3,"12, RUE NEUVE TOLBIAC",0.0,0.0
201400054445,11,2,14,22,5,75,113,2,2,9,1,QUAI D AUSTERLITZ,0.0,0.0
201400054446,13,2,14,9,1,75,113,2,1,8,4,"91, BOULEVARD DE L HOPIT",0.0,0.0
201400054447,14,2,14,10,1,75,113,2,1,2,3,"72, BOULEVARD VINCENT AU",0.0,0.0
201400054448,14,2,14,19,5,75,113,2,3,8,3,"2, RUE JEAN ANTOINE DE B",0.0,0.0
201400054449,16,2,14,0,5,75,113,2,2,1,3,"4, AVENUE DE LA PORTE DE",0.0,0.0
201400054450,18,2,14,8,1,75,113,2,1,1,6,"16, RUE DE LA GLACIERE",0.0,0.0
201400054451,20,2,14,21,5,75,113,2,1,1,6,"17, BOULEVARD VINCENT AU",0.0,0.0
201400054452,22,2,14,20,5,75,113,2,4,1,3,"117, BOULEVARD DE L HOPI",0.0,0.0
201400054453,23,2,14,15,1,75,113,2,4,1,7,"18, RUE BRILLAT SAVARIN",0.0,0.0
201400054454,23,2,14,16,1,75,113,2,4,1,6,"104, AVENUE D ITALIE",0.0,0.0
201400054455,25,2,14,9,1,75,113,2,1,2,5,"55, QUAI D AUSTERLITZ",0.0,0.0
201400054456,26,2,14,13,1,75,113,2,1,1,6,"105, RUE DE TOLBIAC",0.0,0.0
201400054457,26,2,14,20,5,75,113,2,5,1,6,"43-45, RUE ESQUIROL",0.0,0.0
201400054458,27,2,14,0,3,75,113,2,1,1,6,"5, AVENUE D ITALIE",0.0,0.0
201400054459,27,2,14,21,5,75,113,2,1,2,5,"20, AVENUE D ITALIE",0.0,0.0
201400054460,28,2,14,14,1,75,113,2,1,1,6,"5, BOULEVARD DE L HOPITA",0.0,0.0
201400054461,3,3,14,8,1,75,113,2,1,1,2,"83, BOULEVARD DE L HOPIT",0.0,0.0
201400054462,3,3,14,16,1,75,113,2,1,8,3,"22, AVENUE PIERRE MENDES",0.0,0.0
201400054463,5,3,14,20,5,75,113,2,1,1,3,"26, AVENUE D ITALIE",0.0,0.0
201400054464,6,3,14,14,1,75,113,2,1,1,3,"45, RUE BOUSSINGAULT",0.0,0.0
201400054465,8,3,14,17,1,75,113,2,5,1,3,"2, AVENUE DE LA PORTE D",0.0,0.0
201400054466,8,3,14,19,5,75,113,2,3,1,6,BOULEVARD AUGUSTE BLANQU,0.0,0.0
201400054467,11,3,14,9,1,75,113,2,3,1,3,"56, AVENUE D ITALIE",0.0,0.0
201400054468,11,3,14,20,5,75,113,2,3,1,1,"87, RUE DE TOLBIAC",0.0,0.0
201400054469,14,3,14,12,1,75,113,2,3,1,3,"56, AVENUE D ITALIE",0.0,0.0
201400054470,16,3,14,8,1,75,113,2,1,1,6,"197, RUE DE TOLBIAC",0.0,0.0
201400054471,17,3,14,18,1,75,113,2,4,1,2,RUE JACQUES DESTREE,0.0,0.0
201400054472,18,3,14,10,1,75,113,2,3,1,6,"96, BOULEVARD KELLERMANN",0.0,0.0
201400054473,18,3,14,18,1,75,113,2,1,1,6,"106, RUE DE PATAY",0.0,0.0
201400054474,18,3,14,21,5,75,113,2,1,1,6,"180, BOULEVARD VINCENT A",0.0,0.0
201400054475,20,3,14,17,1,75,113,2,3,1,3,"10, RUE NEUVE TOLBIAC",0.0,0.0
201400054476,20,3,14,5,5,75,113,2,1,1,6,AVENUE DE CHOISY,0.0,0.0
201400054477,21,3,14,18,2,75,113,2,3,1,3,"89, RUE DE LA SANTE",0.0,0.0
201400054478,24,3,14,11,1,75,113,2,1,1,2,"19, RUE DES CINQ DIAMANT",0.0,0.0
201400054479,24,3,14,18,1,75,113,2,3,1,2,"46, BOULEVARD MASSENA",0.0,0.0
201400054480,28,3,14,16,1,75,113,2,5,1,6,"24, RUE REGNAULT",0.0,0.0
201400054481,28,3,14,17,1,75,113,2,2,1,1,"53, BOULEVARD ARAGO",0.0,0.0
201400054482,31,3,14,16,1,75,113,2,2,1,3,"13, AVENUE DE LA PORTE D",0.0,0.0
201400054483,2,4,14,18,1,75,113,2,1,1,6,"27, AVENUE D ITALIE",0.0,0.0
201400054484,3,4,14,13,1,75,113,2,2,1,7,"86, AVENUE D ITALIE",0.0,0.0
201400054485,5,4,14,4,5,75,113,2,2,1,6,AVENUE DE LA PORTE D ITA,0.0,0.0
201400054486,6,4,14,17,1,75,113,2,5,1,6,"7, RUE DE L ESPERANCE",0.0,0.0
201400054487,7,4,14,10,1,75,113,2,2,1,1,"80, AVENUE D ITALIE",0.0,0.0
201400054488,9,4,14,14,1,75,113,2,1,1,2,"105, RUE DE TOLBIAC",0.0,0.0
201400054489,10,4,14,9,1,75,113,2,1,1,3,"90, RUE DE LA GLACIERE",0.0,0.0
201400054490,12,4,14,19,1,75,113,2,1,1,6,"44, RUE DU DESSOUS DES B",0.0,0.0
201400054491,14,4,14,8,1,75,113,2,1,1,2,"116, AVENUE D ITALIE",0.0,0.0
201400054492,14,4,14,11,1,75,113,2,1,1,2,"120, AVENUE DE CHOISY",0.0,0.0
201400054493,16,4,14,21,5,75,113,2,4,1,6,AVENUE DE LA PORTE D ITA,0.0,0.0
201400054494,17,4,14,12,1,75,113,2,1,1,6,"107, AVENUE D ITALIE",0.0,0.0
201400054495,17,4,14,22,5,75,113,2,2,1,6,AVENUE D ITALIE,0.0,0.0
201400054496,19,4,14,17,1,75,113,2,2,8,7,"55/57, AVENUE D ITALIE",0.0,0.0
201400054497,20,4,14,18,1,75,113,2,2,1,6,"55, AVENUE D ITALIE",0.0,0.0
201400054498,20,4,14,23,5,75,113,2,4,1,2,AVENUE DE LA PORTE D ITA,0.0,0.0
201400054499,24,4,14,18,1,75,113,2,3,1,4,"23, BOULEVARD MASSENA",0.0,0.0
201400054500,25,4,14,12,1,75,113,2,3,2,1,"111, AVENUE D IVRY",0.0,0.0
201400054501,29,4,14,1,5,75,113,2,1,1,6,"56, BOULEVARD AUGUSTE BL",0.0,0.0
201400054502,29,4,14,15,1,75,113,2,1,1,6,"140, RUE DE TOLBIAC",0.0,0.0
201400054503,29,4,14,15,1,75,113,2,1,2,6,"52, BOULEVARD DE L HOPIT",0.0,0.0
201400054504,1,5,14,23,5,75,113,2,4,2,3,"25, AVENUE DE LA PORTE D",0.0,0.0
201400054505,2,5,14,19,1,75,113,2,1,1,6,"82, BOULEVARD VINCENT AU",0.0,0.0
201400054506,4,5,14,20,1,75,113,2,1,1,6,"656, BOULEVARD MASSENA",0.0,0.0
201400054507,6,5,14,13,1,75,113,2,5,1,6,"163, AVENUE D ITALIE",0.0,0.0
201400054508,7,5,14,10,1,75,113,2,3,1,2,"18, QUAI D AUSTERLITZ",0.0,0.0
201400054509,7,5,14,13,1,75,113,2,1,2,3,"94, RUE DE LA GLACIERE",0.0,0.0
201400054510,7,5,14,18,1,75,113,2,3,1,6,"3, BOULEVARD DE L HOPITA",0.0,0.0
201400054511,11,5,14,1,5,75,113,2,2,1,6,PONT DE BERCY,0.0,0.0
201400054512,11,5,14,16,1,75,113,2,1,8,2,"13, RUE JEAN BAPTISTE BE",0.0,0.0
201400054513,12,5,14,13,1,75,113,2,3,2,6,RUE DE DOMREMY,0.0,0.0
201400054514,12,5,14,19,1,75,113,2,2,1,6,"5, BOULEVARD DE L HOPITA",0.0,0.0
201400054515,13,5,14,14,1,75,113,2,3,2,3,"64, BOULEVARD AUGUSTE BL",0.0,0.0
201400054516,13,5,14,16,1,75,113,2,1,1,7,"3, AVENUE D ITALIE",0.0,0.0
201400054517,14,5,14,12,1,75,113,2,3,1,2,"27, PORTE D ITALIE",0.0,0.0
201400054518,14,5,14,16,1,75,113,2,2,1,3,"8, AVENUE CAFFIERI",0.0,0.0
201400054519,15,5,14,20,2,75,113,2,1,1,6,"147, BOULEVARD AUGUSTE B",0.0,0.0
201400054520,17,5,14,10,1,75,113,2,4,1,3,PORTE D ITALIE,0.0,0.0
201400054521,17,5,14,13,1,75,113,2,4,1,3,"46, RUE ALBERT",0.0,0.0
201400054522,17,5,14,18,1,75,113,2,1,1,3,"45, BOULEVARD SAINT MARC",0.0,0.0
201400054523,21,5,14,6,1,75,113,2,2,8,6,"2, BOULEVARD PERIPHERIQU",0.0,0.0
201400054524,21,5,14,20,2,75,113,2,3,3,6,"140, AVENUE D ITALIE",0.0,0.0
201400054525,21,5,14,22,3,75,113,2,1,3,2,"40, AVENUE D ITALIE",0.0,0.0
201400054526,22,5,14,17,1,75,113,2,1,1,6,"143, RUE NATIONALE",0.0,0.0
201400054527,23,5,14,17,2,75,113,2,3,2,6,"33, BOULEVARD KELLERMANN",0.0,0.0
201400054528,23,5,14,23,5,75,113,2,5,3,3,"186, RUE DE TOLBIAC",0.0,0.0
201400054529,24,5,14,2,5,75,113,2,1,3,6,"31, AVENUE DES GOBELINS",0.0,0.0
201400054530,24,5,14,17,1,75,113,2,1,3,2,"01, AVENUE D ITALIE",0.0,0.0
201400054531,24,5,14,22,5,75,105,2,1,1,1,"93, BOULEVARD DE PORT RO",0.0,0.0
201400054532,26,5,14,10,1,75,113,2,5,2,6,BOULEVARD DU GENERAL JEA,0.0,0.0
201400054533,27,5,14,8,1,75,113,2,1,1,6,"105, RUE DE TOLBIAC",0.0,0.0
201400054534,27,5,14,11,1,75,113,2,3,1,2,"27, AVENUE DE LA PORTE D",0.0,0.0
201400054535,28,5,14,13,1,75,113,2,2,1,1,"33, AVENUE DES GOBELINS",0.0,0.0
201400054536,28,5,14,17,1,75,113,2,1,1,6,"16, AVENUE D IVRY",0.0,0.0
201400054537,29,5,14,16,1,75,113,2,2,1,3,"39, BOULEVARD DE PORT RO",0.0,0.0
201400054538,30,5,14,4,5,75,113,2,5,1,6,QUAI D AUSTERLITZ,0.0,0.0
201400054539,30,5,14,17,1,75,113,2,2,1,6,"115, BOULEVARD MASSENA",0.0,0.0
201400054540,30,5,14,21,5,75,113,2,2,1,6,BOULEVARD VINCENT AURIOL,0.0,0.0
201400054541,2,6,14,13,1,75,113,2,1,1,6,"73, BOULEVARD VINCENT AU",0.0,0.0
201400054542,2,6,14,16,1,75,113,2,7,1,3,"213, BOULEVARD VINCENT A",0.0,0.0
201400054543,3,6,14,10,1,75,113,2,2,1,3,"3, QUAI FRANCOIS MAURIAC",0.0,0.0
201400054544,4,6,14,15,1,75,113,2,3,2,2,"156, RUE DE TOLBIAC",0.0,0.0
201400054545,6,6,14,16,1,75,113,2,1,1,3,"13, QUAI PANHARD ET LEVA",0.0,0.0
201400054546,7,6,14,13,1,75,113,2,4,1,2,PORTE D ITALIE,0.0,0.0
201400054547,7,6,14,15,1,75,113,2,5,1,3,"169, BOULEVARD VINCENT A",0.0,0.0
201400054548,7,6,14,20,1,75,113,2,2,1,6,RUE DE TOLBIAC,0.0,0.0
201400054549,9,6,14,8,1,75,113,2,1,1,6,"129 bis, RUE DE TOLBIAC",0.0,0.0
201400054550,10,6,14,3,5,75,113,2,4,2,3,"1, PORTE D ITALIE",0.0,0.0
201400054551,12,6,14,22,5,75,113,2,1,1,2,"205, BOULEVARD VINCENT A",0.0,0.0
201400054552,13,6,14,20,1,75,113,2,5,1,6,"60, RUE DE TOLBIAC",0.0,0.0
201400054553,15,6,14,23,5,75,113,2,2,1,6,"144, BOULEVARD DE L HOPI",0.0,0.0
201400054554,16,6,14,8,1,75,113,2,1,1,2,"44, RUE DU DESSOUS DES B",0.0,0.0
201400054555,17,6,14,18,1,75,113,2,1,1,6,"8, RUE DU DOCTEUR LAUREN",0.0,0.0
201400054556,18,6,14,10,1,75,113,2,2,1,2,"18, BOULEVARD AUGUSTE BL",0.0,0.0
201400054557,18,6,14,14,1,75,113,2,2,1,1,RUE NEUVE TOLBIAC,0.0,0.0
201400054558,19,6,14,18,1,75,113,2,2,1,6,"36, RUE DES PEUPLIERS",0.0,0.0
201400054559,19,6,14,18,1,75,113,2,1,1,2,"4, RUE DE RUNGIS",0.0,0.0
201400054560,21,6,14,0,5,75,113,2,5,1,6,"109, BOULEVARD DE L HOPI",0.0,0.0
201400054561,23,6,14,2,5,75,113,2,2,1,1,"21, RUE NEUVE TOLBIAC",0.0,0.0
201400054562,23,6,14,9,1,75,113,2,1,1,3,"164, RUE JEANNE D ARC",0.0,0.0
201400054563,23,6,14,13,1,75,113,2,1,1,2,"37, AVENUE D ITALIE",0.0,0.0
201400054564,23,6,14,13,1,75,114,2,1,1,3,"11, RUE DE L AMIRAL MOUC",0.0,0.0
201400054565,24,6,14,19,1,75,113,2,2,1,3,PORTE D ITALIE,0.0,0.0
201400054566,26,6,14,12,1,75,113,2,1,1,3,"55, BOULEVARD DE PORT RO",0.0,0.0
201400054567,26,6,14,5,2,75,113,2,7,1,7,"4, PLACE D ITALIE",0.0,0.0
201400054568,27,6,14,22,5,75,113,2,3,1,6,"73, BOULEVARD MASSENA",0.0,0.0
201400054569,30,6,14,17,2,75,113,2,2,1,3,AVENUE DE LA PORTE D IVR,0.0,0.0
201400054570,1,7,14,7,1,75,113,2,1,1,6,"43, QUAI PANHARD ET LEVA",0.0,0.0
201400054571,1,7,14,9,1,75,113,2,3,1,3,"177, RUE DE TOLBIAC",0.0,0.0
201400054572,1,7,14,20,1,75,113,2,2,1,3,"142, BOULEVARD DE L HOPI",0.0,0.0
201400054573,2,7,14,11,1,75,113,2,1,1,4,"34, RUE DE TOLBIAC",0.0,0.0
201400054574,2,7,14,18,1,75,113,2,4,1,2,"23, AVENUE DE LA PORTE D",0.0,0.0
201400054575,3,7,14,8,1,75,113,2,1,1,3,"80, BOULEVARD AUGUSTE BL",0.0,0.0
201400054576,3,7,14,12,1,75,113,2,1,1,3,"188, RUE DE TOLBIAC",0.0,0.0
201400054577,3,7,14,19,1,75,113,2,3,1,3,AVENUE PIERRE MENDES FRA,0.0,0.0
201400054578,3,7,14,21,1,75,113,2,1,1,6,AVENUE DE LA PORTE D IVR,0.0,0.0
201400054579,8,7,14,12,1,75,113,2,5,1,3,"111, RUE DE TOLBIAC",0.0,0.0
201400054580,8,7,14,19,1,75,113,2,5,3,3,BOULEVARD MASSENA,0.0,0.0
201400054581,9,7,14,15,1,75,113,2,1,2,6,"36, QUAI D AUSTERLITZ",0.0,0.0
201400054582,10,7,14,14,1,75,113,2,1,1,6,"184, AVENUE DE CHOISY",0.0,0.0
201400054583,11,7,14,20,1,75,113,2,3,1,3,"72, RUE DE TOLBIAC",0.0,0.0
201400054584,11,7,14,22,5,75,113,2,2,1,3,RUE DE TOLBIAC,0.0,0.0
201400054585,12,7,14,0,5,75,113,2,1,1,6,"137, BOULEVARD DE L HOPI",0.0,0.0
201400054586,15,7,14,9,1,75,113,2,1,1,6,"23, RUE WATT",0.0,0.0
201400054587,16,7,14,10,1,75,113,2,3,1,7,"138, AVENUE D ITALIE",0.0,0.0
201400054588,17,7,14,9,1,75,113,2,3,1,3,AVENUE DE FRANCE,0.0,0.0
201400054589,19,7,14,14,1,75,113,2,1,1,1,"21, AVENUE D ITALIE",0.0,0.0
201400054590,23,7,14,8,1,75,113,2,5,1,3,"122, RUE DE TOLBIAC",0.0,0.0
201400054591,23,7,14,17,1,75,113,2,5,1,3,"82, BOULEVARD MASSENA",0.0,0.0
201400054592,24,7,14,19,1,75,113,2,3,1,4,"3, RUE NEUVE TOLBIAC",0.0,0.0
201400054593,25,7,14,1,5,75,113,2,1,1,3,"162, AVENUE D ITALIE",0.0,0.0
201400054594,26,7,14,5,2,75,113,2,7,1,7,"9, PLACE D ITALIE",0.0,0.0
201400054595,27,7,14,17,1,75,113,2,5,1,3,"37, QUAI D IVRY",0.0,0.0
201400054596,28,7,14,15,1,75,113,2,1,1,6,"9, BOULEVARD DE L HOPITA",0.0,0.0
201400054597,28,7,14,16,1,75,113,2,1,1,6,"181, BOULEVARD VINCENT A",0.0,0.0
201400054598,1,8,14,13,1,75,113,2,5,1,6,"193, RUE DE TOLBIAC",0.0,0.0
201400054599,1,8,14,13,1,75,113,2,5,1,3,"2, BOULEVARD MASSENA",0.0,0.0
201400054600,1,8,14,17,1,75,113,2,1,1,6,"2, RUE RENE GOSCINNY",0.0,0.0
201400054601,1,8,14,19,1,75,113,2,2,1,4,"207, RUE DE TOLBIAC",0.0,0.0
201400054602,4,8,14,19,1,75,113,2,2,1,6,"1, RUE PAUL BOURGET",0.0,0.0
201400054603,6,8,14,10,1,75,113,2,7,2,2,"169, BOULEVARD DE L HOPI",0.0,0.0
201400054604,7,8,14,2,5,75,113,2,5,8,3,"188, RUE DE TOLBIAC",0.0,0.0
201400054605,8,8,14,3,5,75,105,2,7,1,1,"47 ter, BOULEVARD SAINT",0.0,0.0
201400054606,11,8,14,17,1,75,113,2,3,1,6,"159, AVENUE DE CHOISY",0.0,0.0
201400054607,12,8,14,9,1,75,113,2,3,7,3,RUE DE LA POTERNE DES PE,0.0,0.0
201400054608,12,8,14,10,1,75,113,2,3,1,6,"5, BOULEVARD DE L HOPITA",0.0,0.0
201400054609,12,8,14,13,1,75,113,2,3,2,3,"1, RUE JACQUES DESTREE",0.0,0.0
201400054610,15,8,14,0,5,75,113,2,3,2,7,"5 BIS, BOULEVARD DE L HO",0.0,0.0
201400054611,15,8,14,15,1,75,113,2,2,1,2,AVENUE DE LA PORTE D ITA,0.0,0.0
201400054612,17,8,14,16,1,75,113,2,7,1,6,PLACE D ITALIE,0.0,0.0
201400054613,18,8,14,8,1,75,113,2,1,1,3,"21, AVENUE PIERRE DE COU",0.0,0.0
201400054614,19,8,14,21,5,75,113,2,1,1,6,"72, BOULEVARD MASSENA",0.0,0.0
201400054615,19,8,14,22,5,75,113,2,3,1,2,"105, AVENUE D ITALIE",0.0,0.0
201400054616,22,8,14,20,5,75,113,2,1,2,2,"23, QUAI PANHARD ET LEVA",0.0,0.0
201400054617,28,8,14,12,1,75,113,2,2,2,3,"51, BOULEVARD MASSENA",0.0,0.0
201400054618,28,8,14,15,1,75,113,2,1,1,6,"23, RUE DE LA FONTAINE A",0.0,0.0
201400054619,29,8,14,12,1,75,113,2,7,1,6,"30, PLACE D ITALIE",0.0,0.0
201400054620,31,8,14,6,5,75,113,2,1,1,6,"133, RUE DE LA SANTE",0.0,0.0
201400054621,4,9,14,11,2,75,113,2,2,1,3,"111, BOULEVARD MASSENA",0.0,0.0
201400054622,5,9,14,21,5,75,113,2,3,1,6,"34, BOULEVARD KELLERMANN",0.0,0.0
201400054623,6,9,14,19,1,75,113,2,2,1,6,"20bis, BOULEVARD ARAGO",0.0,0.0
201400054624,8,9,14,13,1,75,113,2,1,1,6,"22, RUE BOURGON",0.0,0.0
201400054625,8,9,14,14,1,75,113,2,3,1,3,"16, BOULEVARD ARAGO",0.0,0.0
201400054626,10,9,14,9,1,75,113,2,1,1,6,"95, RUE DE L AMIRAL MOUC",0.0,0.0
201400054627,11,9,14,21,5,75,113,2,3,1,6,"88, AVENUE D ITALIE",0.0,0.0
201400054628,11,9,14,23,5,75,113,2,5,1,2,"131, BOULEVARD VINCENT A",0.0,0.0
201400054629,12,9,14,8,1,75,113,2,1,1,6,"72, BOULEVARD MASSENA",0.0,0.0
201400054630,12,9,14,11,1,75,113,2,3,1,2,"70, RUE JEANNE D ARC",0.0,0.0
201400054631,12,9,14,21,5,75,113,2,3,1,3,"18, RUE DE TOLBIAC",0.0,0.0
201400054632,14,9,14,20,5,75,113,2,1,1,2,ECHANGEUR IVRY,0.0,0.0
201400054633,15,9,14,17,1,75,113,2,1,1,6,RUE CHARLES LEROY,0.0,0.0
201400054634,16,9,14,10,1,75,113,2,1,1,6,"13, AVENUE DE LA PORTE D",0.0,0.0
201400054635,17,9,14,18,1,75,105,2,1,1,6,QUAI SAINT BERNARD,0.0,0.0
201400054636,19,9,14,12,1,75,113,2,7,1,3,"12, PLACE D ITALIE",0.0,0.0
201400054637,19,9,14,14,1,75,113,2,3,1,6,"61, AVENUE DE CHOISY",0.0,0.0
201400054638,19,9,14,14,1,75,113,2,4,1,3,"63, QUAI D AUSTERLITZ",0.0,0.0
201400054639,19,9,14,21,5,75,113,2,2,1,6,"232, RUE DE TOLBIAC",0.0,0.0
201400054640,20,9,14,14,1,75,113,2,2,1,2,RUE DU CHATEAU DES RENTI,0.0,0.0
201400054641,20,9,14,20,5,75,113,2,3,8,2,"16, BOULEVARD ARAGO",0.0,0.0
201400054642,21,9,14,5,5,75,113,2,3,3,6,"140, AVENUE D ITALIE",0.0,0.0
201400054643,21,9,14,12,1,75,113,2,1,1,6,"110, RUE JEANNE D ARC",0.0,0.0
201400054644,23,9,14,1,5,75,113,2,1,1,6,"106, AVENUE D ITALIE",0.0,0.0
201400054645,24,9,14,9,1,75,113,2,5,1,2,"98, RUE DE TOLBIAC",0.0,0.0
201400054646,24,9,14,12,1,75,113,2,1,1,2,QUAI D IVRY,0.0,0.0
201400054647,24,9,14,20,5,75,113,2,5,1,2,RUE DE LA VISTULE,0.0,0.0
201400054648,25,9,14,18,1,75,113,2,2,1,3,"150, BOULEVARD MASSENA",0.0,0.0
201400054649,17,9,14,12,1,75,113,2,3,1,6,"83, AVENUE D ITALIE",0.0,0.0
201400054650,26,9,14,22,5,75,113,2,3,1,2,"18, QUAI D AUSTERLITZ",0.0,0.0
201400054651,27,9,14,15,1,75,113,2,3,1,2,"69, AVENUE D ITALIE",0.0,0.0
201400054652,27,9,14,14,1,75,113,2,2,1,2,BOULEVARD VINCENT AURIOL,0.0,0.0
201400054653,27,9,14,22,5,75,113,2,2,1,2,PORTE D IVRY,0.0,0.0
201400054654,28,9,14,22,4,75,113,2,1,1,2,"24, QUAI D AUSTERLITZ",0.0,0.0
201400054655,29,9,14,15,1,75,113,2,1,1,6,"8, RUE DES DEUX AVENUES",0.0,0.0
201400054656,30,9,14,12,1,75,113,2,2,1,6,"16, RUE DUNOIS",0.0,0.0
201400054657,30,9,14,15,1,75,113,2,2,1,1,"229, RUE DE TOLBIAC",0.0,0.0
201400054658,30,9,14,18,1,75,113,2,3,1,3,"27, AVENUE DE LA PORTE D",0.0,0.0
201400054659,1,10,14,16,1,75,113,2,2,1,3,"48, BOULEVARD ARAGO",0.0,0.0
201400054660,2,10,14,8,1,75,113,2,3,1,3,"45, BOULEVARD VINCENT AU",0.0,0.0
201400054661,3,10,14,23,5,75,113,2,1,1,3,"39, BOULEVARD VINCENT AU",0.0,0.0
201400054662,2,10,14,23,5,75,113,2,7,1,2,"01, PLACE D ITALIE",0.0,0.0
201400054663,3,10,14,15,1,75,113,2,2,1,3,"48, BOULEVARD MASSENA",0.0,0.0
201400054664,5,10,14,0,5,75,113,2,1,2,2,"60, AVENUE PIERRE MENDES",0.0,0.0
201400054665,6,10,14,18,5,75,113,2,4,2,6,"5 BIS, BOULEVARD DE L HO",0.0,0.0
201400054666,7,10,14,22,5,75,113,2,1,2,6,"15, BOULEVARD DE PORT RO",0.0,0.0
201400054667,7,10,14,9,1,75,113,2,2,1,7,"2, RUE DU CHATEAU DES RE",0.0,0.0
201400054668,7,10,14,20,3,75,113,2,2,8,6,"111, AVENUE D ITALIE",0.0,0.0
201400054669,8,10,14,8,2,75,113,2,2,2,6,"58, BOULEVARD VINCENT AU",0.0,0.0
201400054670,8,10,14,20,5,75,113,2,1,2,6,"15, BOULEVARD DE PORT RO",0.0,0.0
201400054671,9,10,14,7,2,75,113,2,3,1,6,"23, AVENUE D ITALIE",0.0,0.0
201400054672,11,10,14,0,5,75,113,2,3,1,1,"85, QUAI PANHARD ET LEVA",0.0,0.0
201400054673,11,10,14,21,3,75,113,2,3,1,2,"83, AVENUE D ITALIE",0.0,0.0
201400054674,13,10,14,8,1,75,113,2,2,1,3,"36, RUE ALICE DOMON ET L",0.0,0.0
201400054675,13,10,14,19,2,75,113,2,7,1,2,"41, RUE ESQUIROL",0.0,0.0
201400054676,14,10,14,11,1,75,114,2,2,1,6,RUE DE LA SANTE,0.0,0.0
201400054677,14,10,14,15,1,75,113,2,1,1,6,"68, RUE NATIONALE",0.0,0.0
201400054678,15,10,14,14,1,75,113,2,3,2,2,"51, AVENUE DES GOBELINS",0.0,0.0
201400054679,15,10,14,15,1,75,113,2,3,2,6,"69, BOULEVARD AUGUSTE BL",0.0,0.0
201400054680,15,10,14,15,1,75,113,2,1,2,3,RUE DE TOLBIAC,0.0,0.0
201400054681,17,10,14,17,1,75,113,2,3,1,6,"22, BOULEVARD VINCENT AU",0.0,0.0
201400054682,17,10,14,18,2,75,113,2,4,1,3,BOULEVARD DE L HOPITAL,0.0,0.0
201400054683,18,10,14,5,5,75,106,2,5,1,6,"81, BOULEVARD RASPAIL",0.0,0.0
201400054684,20,10,14,11,1,75,113,2,2,1,3,"2, AVENUE PIERRE MENDES",0.0,0.0
201400054685,22,10,14,1,5,75,113,2,1,1,6,"28, AVENUE D ITALIE",0.0,0.0
201400054686,22,10,14,14,1,75,113,2,5,1,3,"127, BOULEVARD AUGUSTE B",0.0,0.0
201400054687,22,10,14,18,1,75,113,2,7,1,6,"9, AVENUE DE LA PORTE D",0.0,0.0
201400054688,23,10,14,20,5,75,113,2,2,1,3,"39, BOULEVARD SAINT MARC",0.0,0.0
201400054689,24,10,14,5,2,75,113,2,2,1,6,"26, AVENUE DES GOBELINS",0.0,0.0