Num_Acc,jour,mois,an,hr,condition_eclairage,departement,commune,condition_agglomeration,intersection,condition_atmosphere,type_collision,adresse,lattitude,longitude
201400054690,29,10,14,18,5,75,113,2,5,1,3,BOULEVARD VINCENT AURIOL,0.0,0.0
201400054691,30,10,14,14,1,75,113,2,2,1,3,"121, AVENUE D ITALIE",0.0,0.0
201400054692,30,10,14,16,1,75,113,2,2,1,6,RUE DE LA POTERNE DES PE,0.0,0.0
201400054693,31,10,14,12,1,75,113,2,3,1,6,"183, AVENUE DE CHOISY",0.0,0.0
201400054694,31,10,14,13,1,75,113,2,1,1,3,QUAI D AUSTERLITZ,0.0,0.0
201400054695,31,10,14,13,1,75,105,2,3,1,6,"93, BOULEVARD DE PORT RO",0.0,0.0
201400054696,1,11,14,10,1,75,113,2,1,1,3,"102, AVENUE D IVRY",0.0,0.0
201400054697,2,11,14,22,5,75,113,2,2,2,3,"163, AVENUE D ITALIE",0.0,0.0
201400054698,3,11,14,18,5,75,113,2,1,2,6,BOULEVARD PERIPHERIQUE,0.0,0.0
201400054699,3,11,14,18,5,75,113,2,3,3,6,AVENUE DE LA PORTE D IVR,0.0,0.0
201400054700,4,11,14,12,1,75,113,2,1,1,6,"114, AVENUE D ITALIE",0.0,0.0
201400054701,4,11,14,16,1,75,113,2,2,1,2,"150, AVENUE D ITALIE",0.0,0.0
201400054702,5,11,14,14,1,75,113,2,3,1,3,"17, BOULEVARD KELLERMANN",0.0,0.0
201400054703,5,11,14,14,1,75,113,2,3,1,6,"20, AVENUE DE LA PORTE D",0.0,0.0
201400054704,6,11,14,12,1,75,113,2,1,1,4,BOULEVARD PERIPHERIQUE I,0.0,0.0
201400054705,7,11,14,16,1,75,113,2,3,1,3,"20, AVENUE DE LA PORTE D",0.0,0.0
201400054706,12,11,14,20,5,75,113,2,1,1,6,"29, RUE NEUVE TOLBIAC",0.0,0.0
201400054707,13,11,14,9,1,75,113,2,7,1,2,"1, PLACE VALHUBERT",0.0,0.0
201400054708,14,11,14,8,1,75,113,2,1,8,3,PONT DE TOLBIAC,0.0,0.0
201400054709,15,11,14,11,1,75,113,2,1,8,2,"83, BOULEVARD DE L HOPIT",0.0,0.0
201400054710,15,11,14,17,2,75,113,2,3,1,6,"129, AVENUE DE FRANCE",0.0,0.0
201400054711,16,11,14,3,5,75,113,2,2,1,6,"111, AVENUE D ITALIE",0.0,0.0
201400054712,16,11,14,16,1,75,113,2,1,3,6,"156, AVENUE DE FRANCE",0.0,0.0
201400054713,17,11,14,9,1,75,113,2,2,1,2,"91, QUAI PANHARD ET LEVA",0.0,0.0
201400054714,18,11,14,19,5,75,113,2,2,2,7,"76, AVENUE D ITALIE",0.0,0.0
201400054715,22,11,14,15,1,75,113,2,5,1,3,"98, RUE DE TOLBIAC",0.0,0.0
201400054716,24,11,14,8,1,75,113,2,3,2,2,"18, BOULEVARD ARAGO",0.0,0.0
201400054717,25,11,14,19,5,75,113,2,3,1,2,"182, AVENUE DE FRANCE",0.0,0.0
201400054718,26,11,14,16,5,75,113,2,2,2,2,"202, RUE DE TOLBIAC",0.0,0.0
201400054719,26,11,14,20,5,75,113,2,5,1,6,"193, RUE DE TOLBIAC",0.0,0.0
201400054720,27,11,14,13,1,75,113,2,3,1,5,"106, BOULEVARD DE L HOPI",0.0,0.0
201400054721,29,11,14,19,5,75,113,2,2,1,6,"48, BOULEVARD ARAGO",0.0,0.0
201400054722,1,12,14,23,5,75,113,2,3,2,6,"46, AVENUE D ITALIE",0.0,0.0
201400054723,2,12,14,7,5,75,113,2,1,1,6,"134, AVENUE D ITALIE",0.0,0.0
201400054724,2,12,14,21,5,75,113,2,1,1,6,"12, RUE DE TOLBIAC",0.0,0.0
201400054725,3,12,14,3,5,75,113,2,1,2,7,"28, AVENUE DES GOBELINS",0.0,0.0
201400054726,3,12,14,23,5,75,113,2,1,1,6,"77, AVENUE D ITALIE",0.0,0.0
201400054727,5,12,14,21,5,75,113,2,3,2,6,"20, AVENUE D IVRY",0.0,0.0
201400054728,7,12,14,4,5,75,113,2,7,1,6,"29, QUAI D AUSTERLITZ",0.0,0.0
201400054729,8,12,14,15,1,75,113,2,2,2,6,"20, RUE DE TOLBIAC",0.0,0.0
201400054730,10,12,14,19,5,75,106,2,3,1,6,"93, RUE DE SEINE",0.0,0.0
201400054731,13,12,14,5,5,75,113,2,5,2,3,"0, BOULEVARD MASSENA",0.0,0.0
201400054732,13,12,14,19,5,75,113,2,1,1,6,"8, RUE NATIONALE",0.0,0.0
201400054733,15,12,14,18,5,75,113,2,3,2,3,"65, QUAI DE LA GARE",0.0,0.0
201400054734,18,12,14,9,1,75,113,2,2,1,2,"86, BOULEVARD AUGUSTE BL",0.0,0.0
201400054735,19,12,14,3,5,75,113,2,5,1,6,"63, QUAI D AUSTERLITZ",0.0,0.0
201400054736,19,12,14,20,5,75,113,2,3,1,6,"42, RUE PASCAL",0.0,0.0
201400054737,20,12,14,2,3,75,113,2,1,1,6,BOULEVARD PERIPHERIQUE,0.0,0.0
201400054738,20,12,14,22,5,75,113,2,2,1,6,117 BD VINCENT AURIOL,0.0,0.0
201400054739,21,12,14,13,1,75,113,2,2,1,3,RUE DE TOLBIAC,0.0,0.0
201400054740,27,12,14,12,1,75,113,2,5,2,6,RUE DE TOLBIAC,0.0,0.0
201400054741,27,12,14,21,5,75,113,2,5,1,6,"5, PLACE PORT AU PRINCE",0.0,0.0
201400054742,28,12,14,3,5,75,113,2,3,1,6,"29, QUAI D AUSTERLITZ",0.0,0.0
201400054743,1,1,14,20,5,75,114,2,2,1,6,"176, AVENUE DU MAINE",0.0,0.0
201400054744,4,1,14,16,5,75,114,2,3,2,6,"41, AVENUE JEAN MOULIN",0.0,0.0
201400054745,9,1,14,20,5,75,114,2,3,1,3,"172, AVENUE DU MAINE",0.0,0.0
201400054746,9,1,14,23,5,75,114,2,7,1,6,"68, BOULEVARD DU MONTPAR",0.0,0.0
201400054747,11,1,14,14,1,75,114,2,5,1,7,AVENUE PAUL APPELL,0.0,0.0
201400054748,13,1,14,10,1,75,114,2,5,1,6,"57, AVENUE RENE COTY",0.0,0.0
201400054749,13,1,14,11,1,75,114,2,5,1,6,"4, RUE DU DEPART",0.0,0.0
201400054750,14,1,14,17,2,75,114,2,1,1,6,"04, AVENUE JEAN MOULIN",0.0,0.0
201400054751,18,1,14,6,5,75,114,2,2,1,3,BOULEVARD ROMAIN ROLLAND,0.0,0.0
201400054752,20,1,14,15,1,75,114,2,1,1,7,"6, RUE NANSOUTY",0.0,0.0
201400054753,20,1,14,17,5,75,114,2,1,1,2,"149, AVENUE DU MAINE",0.0,0.0
201400054754,21,1,14,18,5,75,114,2,3,1,6,RUE DE COULMIERS,0.0,0.0
201400054755,22,1,14,19,5,75,114,2,5,2,6,"52, RUE DE LA TOMBE ISSO",0.0,0.0
201400054756,22,1,14,20,5,75,114,2,7,2,6,"23, PLACE DE CATALOGNE",0.0,0.0
201400054757,24,1,14,5,5,75,114,2,2,1,6,"50, BOULEVARD JOURDAN",0.0,0.0
201400054758,24,1,14,16,1,75,114,2,1,1,6,"7, RUE DU DEPART",0.0,0.0
201400054759,24,1,14,20,5,75,114,2,1,1,6,"42, AVENUE DU GENERAL LE",0.0,0.0
201400054760,28,1,14,23,5,75,114,2,5,2,6,"202, BOULEVARD RASPAIL",0.0,0.0
201400054761,29,1,14,5,5,75,114,2,1,2,6,"29, AVENUE DU GENERAL LE",0.0,0.0
201400054762,30,1,14,11,1,75,114,2,1,1,1,"68, RUE D ALESIA",0.0,0.0
201400054763,31,1,14,13,1,75,114,2,2,1,6,"14, RUE DES PLANTES",0.0,0.0
201400054764,1,2,14,19,5,75,114,2,1,1,6,"110, AVENUE DU GENERAL L",0.0,0.0
201400054765,1,2,14,20,5,75,114,2,7,1,2,"2, BOULEVARD BRUNE",0.0,0.0
201400054766,2,2,14,17,5,75,114,2,3,1,7,"101, BOULEVARD JOURDAN",0.0,0.0
201400054767,3,2,14,8,1,75,114,2,1,1,6,"15, AVENUE DAVID WEILL",0.0,0.0
201400054768,3,2,14,14,1,75,114,2,2,1,6,"vv125, RUE D ALESIA",0.0,0.0
201400054769,3,2,14,19,5,75,114,2,1,1,3,"128, RUE DU CHATEAU",0.0,0.0
201400054770,4,2,14,12,1,75,114,2,4,1,6,"116, AVENUE DU MAINE",0.0,0.0
201400054771,5,2,14,15,1,75,114,2,2,1,3,RUE DES PLANTES,0.0,0.0
201400054772,5,2,14,23,5,75,114,2,2,1,2,", RUE RAYMOND LOSSERAND",0.0,0.0
201400054773,6,2,14,16,1,75,114,2,1,1,7,BOULEVARD PERIPHERIQUE,0.0,0.0
201400054774,10,2,14,10,1,75,114,2,2,1,6,"106, BOULEVARD BRUNE",0.0,0.0
201400054775,13,2,14,9,1,75,114,2,1,2,7,"11, AVENUE DU GENERAL LE",0.0,0.0
201400054776,13,2,14,8,1,75,114,2,3,2,6,"74, RUE DE LA TOMBE ISSO",0.0,0.0
201400054777,13,2,14,14,1,75,114,2,7,2,2,"83, BOULEVARD SAINT JACQ",0.0,0.0
201400054778,13,2,14,16,1,75,114,2,2,1,6,"41, RUE FROIDEVAUX",0.0,0.0
201400054779,13,2,14,21,5,75,114,2,1,1,6,"39, AVENUE DAVID WEILL",0.0,0.0
201400054780,15,2,14,14,1,75,114,2,2,1,3,BOULEVARD JOURDAN,0.0,0.0
201400054781,20,2,14,7,5,75,114,2,5,2,3,"203, BOULEVARD BRUNE",0.0,0.0
201400054782,24,2,14,10,1,75,114,2,2,1,3,"135, RUE RAYMOND LOSSERA",0.0,0.0
201400054783,24,2,14,21,5,75,114,2,2,1,7,"174, AVENUE DU MAINE",0.0,0.0
201400054784,25,2,14,8,1,75,114,2,2,2,3,"29, RUE DE L OUEST",0.0,0.0
201400054785,25,2,14,9,1,75,114,2,2,1,3,BOULEVARD ROMAIN ROLLAND,0.0,0.0
201400054786,25,2,14,8,1,75,114,2,2,2,7,"69, BOULEVARD ROMAIN ROL",0.0,0.0
201400054787,26,2,14,13,1,75,114,2,2,1,6,"16, RUE BOULARD",0.0,0.0
201400054788,28,2,14,11,1,75,114,2,1,2,7,BOULEVARD PERIPHERIQUE,0.0,0.0
201400054789,28,2,14,12,1,75,114,2,3,2,7,"114, BOULEVARD ARAGO",0.0,0.0
201400054790,3,3,14,19,5,75,114,2,3,8,6,"120, RUE D ALESIA",0.0,0.0
201400054791,3,3,14,20,5,75,114,2,1,2,2,"119, AVENUE DU GENERAL L",0.0,0.0
201400054792,5,3,14,11,1,75,114,2,4,1,6,"141, AVENUE DU MAINE",0.0,0.0
201400054793,7,3,14,18,1,75,114,2,3,1,3,"63, AVENUE DENFERT ROCHE",0.0,0.0
201400054794,8,3,14,6,2,75,114,2,5,1,3,AVENUE DU GENERAL LECLER,0.0,0.0
201400054795,8,3,14,19,5,75,114,2,5,1,5,"37, RUE D ALESIA",0.0,0.0
201400054796,11,3,14,8,1,75,114,2,1,1,6,"123, BOULEVARD DE PORT R",0.0,0.0
201400054797,14,3,14,8,1,75,114,2,2,1,6,"53, RUE DIDOT",0.0,0.0
201400054798,17,3,14,8,1,75,114,2,3,8,3,"63, AVENUE DENFERT ROCHE",0.0,0.0
201400054799,18,3,14,10,1,75,114,2,2,8,6,"39, RUE D ALESIA",0.0,0.0
201400054800,18,3,14,16,1,75,114,2,2,1,3,BOULEVARD BRUNE,0.0,0.0
201400054801,18,3,14,15,1,75,114,2,3,1,7,BOULEVARD ADOLPHE PINARD,0.0,0.0
201400054802,21,3,14,11,1,75,114,2,7,1,6,PLACE DE LA PORTE DE CHA,0.0,0.0
201400054803,21,3,14,18,2,75,114,2,2,1,6,"44, RUE DIDOT",0.0,0.0
201400054804,22,3,14,9,1,75,114,2,3,2,6,"1, RUE DU LUNAIN",0.0,0.0
201400054805,25,3,14,20,5,75,114,2,1,2,6,AVENUE DE LA PORTE DE CH,0.0,0.0
201400054806,26,3,14,12,1,75,114,2,2,1,6,"135, BOULEVARD BRUNE",0.0,0.0
201400054807,27,3,14,10,1,75,114,2,3,1,3,"250, BOULEVARD RASPAIL",0.0,0.0
201400054808,27,3,14,12,1,75,114,2,1,1,2,RUE JULIA BARTET,0.0,0.0
201400054809,30,3,14,18,1,75,114,2,1,1,2,"44, RUE DE GERGOVIE",0.0,0.0
201400054810,31,3,14,5,5,75,114,2,1,1,6,"15, RUE GAZAN",0.0,0.0
201400054811,1,4,14,17,1,75,114,2,7,1,6,PLACE DENFERT ROCHEREAU,0.0,0.0
201400054812,7,4,14,8,1,75,114,2,1,1,7,"23, RUE DU PERE CORENTIN",0.0,0.0
201400054813,7,4,14,17,1,75,114,2,3,1,6,"20, PLACE DE CATALOGNE",0.0,0.0
201400054814,7,4,14,19,1,75,114,2,1,2,7,"103, AVENUE DU GENERAL L",0.0,0.0
201400054815,8,4,14,13,1,75,114,2,5,1,6,"112, BOULEVARD DU MONTPA",0.0,0.0
201400054816,8,4,14,21,5,75,114,2,2,1,3,RUE D ALESIA,0.0,0.0
201400054817,9,4,14,14,1,75,114,2,3,1,3,"70, BOULEVARD DU MONTPAR",0.0,0.0
201400054818,10,4,14,0,5,75,114,2,5,1,3,"1, BOULEVARD ADOLPHE PIN",0.0,0.0
201400054819,11,4,14,16,1,75,114,2,1,1,3,"24, RUE MOUTON DUVERNET",0.0,0.0
201400054820,14,4,14,3,5,75,114,2,1,1,7,"66, AVENUE DU MAINE",0.0,0.0
201400054821,16,4,14,8,1,75,114,2,1,1,3,"3, RUE DE COULMIERS",0.0,0.0
201400054822,19,4,14,4,5,75,114,2,2,1,6,"194, RUE D ALESIA",0.0,0.0
201400054823,23,4,14,10,1,75,114,2,4,1,3,"165, AVENUE DU MAINE",0.0,0.0
201400054824,23,4,14,8,1,75,114,2,1,1,6,"46, RUE DE L AMIRAL MOUC",0.0,0.0
201400054825,23,4,14,19,1,75,114,2,5,1,6,"77, RUE DU FAUBOURG SAIN",0.0,0.0
201400054826,24,4,14,3,5,75,114,2,5,1,3,BOULEVARD BRUNE,0.0,0.0
201400054827,25,4,14,5,2,75,114,2,4,1,7,"15, AVENUE DU MAINE",0.0,0.0
201400054828,26,4,14,7,1,75,114,2,2,1,2,RUE DU COMMANDANT RENE M,0.0,0.0
201400054829,26,4,14,18,1,75,107,2,2,2,6,PONT DE LA CONCORDE,0.0,0.0
201400054830,28,4,14,15,1,75,114,2,1,1,6,"87, AVENUE DU MAINE",0.0,0.0
201400054831,28,4,14,18,1,75,114,2,3,1,6,"8, AVENUE DE LA SIBELLE",0.0,0.0
201400054832,29,4,14,18,1,75,114,2,1,2,6,"110, RUE D ALESIA",0.0,0.0
201400054833,4,5,14,17,1,75,114,2,7,1,3,"1, PLACE DU VINGT CINQ A",0.0,0.0
201400054834,7,5,14,15,1,75,114,2,2,2,6,"108, RUE D ALESIA",0.0,0.0
201400054835,8,5,14,23,5,75,114,2,2,1,6,"42, RUE DIDOT",0.0,0.0
201400054836,9,5,14,13,1,75,114,2,3,1,3,"51, RUE FROIDEVAUX",0.0,0.0
201400054837,10,5,14,12,1,75,114,2,1,3,7,"15, BOULEVARD JOURDAN",0.0,0.0
201400054838,11,5,14,18,1,75,114,2,1,2,3,"87, BOULEVARD ARAGO",0.0,0.0
201400054839,15,5,14,14,1,75,114,2,1,1,6,"12, RUE DIDOT",0.0,0.0
201400054840,16,5,14,12,1,75,114,2,1,1,6,BOULEVARD BRUNE,0.0,0.0
201400054841,17,5,14,14,1,75,114,2,2,1,3,"33, AVENUE ERNEST REYER",0.0,0.0
201400054842,17,5,14,13,1,75,114,2,7,1,3,"1, PLACE DENFERT ROCHERE",0.0,0.0
201400054843,19,5,14,18,1,75,114,2,1,1,2,"97, RUE DE L AMIRAL MOUC",0.0,0.0
201400054844,19,5,14,20,1,75,114,2,2,1,2,"43, AVENUE DU GENERAL LE",0.0,0.0
201400054845,19,5,14,20,1,75,114,2,1,1,7,"5, RUE D ALESIA",0.0,0.0
201400054846,20,5,14,9,1,75,114,2,5,1,3,"30, RUE D ALESIA",0.0,0.0
201400054847,20,5,14,19,1,75,114,2,1,8,6,"04, AVENUE JEAN MOULIN",0.0,0.0
201400054848,20,5,14,20,1,75,114,2,2,2,3,"12, PLACE DE LA PORTE DE",0.0,0.0
201400054849,21,5,14,12,1,75,114,2,1,2,7,"17, AVENUE DU GENERAL LE",0.0,0.0
201400054850,21,5,14,16,1,75,114,2,5,8,6,"15-17, BOULEVARD ROMAIN",0.0,0.0
201400054851,21,5,14,22,5,75,114,2,1,3,6,"79, AVENUE DENFERT ROCHE",0.0,0.0
201400054852,24,5,14,11,1,75,114,2,1,2,2,"150, RUE RAYMOND LOSSERA",0.0,0.0
201400054853,24,5,14,18,1,75,114,2,2,8,7,"2, RUE RAYMOND LOSSERAND",0.0,0.0
201400054854,26,5,14,16,1,75,114,2,1,8,6,"149, AVENUE DU MAINE",0.0,0.0
201400054855,29,5,14,19,1,75,114,2,1,1,6,AVENUE ERNEST REYER,0.0,0.0
201400054856,4,6,14,6,1,75,114,2,7,3,3,"00, PLACE DENFERT ROCHER",0.0,0.0
201400054857,4,6,14,9,1,75,114,2,3,2,3,"5, AVENUE DU GENERAL LEC",0.0,0.0
201400054858,4,6,14,18,1,75,114,2,1,1,3,"7, RUE DE CHATILLON",0.0,0.0
201400054859,5,6,14,20,2,75,114,2,1,1,2,BOULEVARD PERIPHERIQUE,0.0,0.0
201400054860,6,6,14,18,1,75,114,2,2,1,6,"90, RUE DIDOT",0.0,0.0
201400054861,9,6,14,17,1,75,114,2,2,1,4,"76, RUE DES PLANTES",0.0,0.0
201400054862,10,6,14,9,1,75,114,2,3,1,6,AVENUE MAURICE D OCAGNE,0.0,0.0
201400054863,10,6,14,21,3,75,114,2,7,1,3,"12, PLACE DE LA PORTE DE",0.0,0.0
201400054864,11,6,14,14,1,75,114,2,2,1,3,"53, AVENUE DE L OBSERVAT",0.0,0.0
201400054865,11,6,14,14,1,75,114,2,2,1,6,RUE BENARD,0.0,0.0
201400054866,11,6,14,17,1,75,114,2,1,1,2,"22, RUE BROUSSAIS",0.0,0.0
201400054867,13,6,14,11,1,75,107,2,2,1,6,"27, BOULEVARD RASPAIL",0.0,0.0
201400054868,13,6,14,16,1,75,114,2,1,1,6,"46, AVENUE REILLE",0.0,0.0
201400054869,14,6,14,14,1,75,114,2,1,1,3,"3, RUE D ALESIA",0.0,0.0
201400054870,14,6,14,15,1,75,114,2,5,1,7,"56, BOULEVARD EDGAR QUIN",0.0,0.0
201400054871,15,6,14,13,1,75,114,2,2,1,7,"1, AVENUE MAURICE D OCAG",0.0,0.0
201400054872,16,6,14,9,1,75,114,2,1,1,6,"89, BOULEVARD ARAGO",0.0,0.0
201400054873,16,6,14,10,1,75,114,2,3,1,6,"147, RUE D ALESIA",0.0,0.0
201400054874,17,6,14,1,5,75,114,2,2,1,6,RUE PERNETY,0.0,0.0
201400054875,19,6,14,18,1,75,114,2,7,1,6,PLACE DU VINGT CINQ AOUT,0.0,0.0
201400054876,20,6,14,22,5,75,114,2,1,1,7,"2, PLACE FERDINAND BRUNO",0.0,0.0
201400054877,24,6,14,15,1,75,114,2,1,1,6,"01, AVENUE PIERRE MASSE",0.0,0.0
201400054878,25,6,14,17,1,75,107,2,2,1,3,AVENUE DE SEGUR,0.0,0.0
201400054879,25,6,14,17,1,75,114,2,2,1,6,"62, AVENUE DU GENERAL LE",0.0,0.0
201400054880,26,6,14,17,1,75,114,2,3,1,6,"16, RUE D ODESSA",0.0,0.0
201400054881,26,6,14,20,2,75,114,2,3,2,2,"172, RUE D ALESIA",0.0,0.0
201400054882,27,6,14,13,1,75,114,2,1,1,6,"72, RUE DAGUERRE",0.0,0.0
201400054883,27,6,14,15,1,75,114,2,1,1,6,"116, AVENUE DU GENERAL L",0.0,0.0
201400054884,27,6,14,18,1,75,114,2,1,1,2,"11, AVENUE RENE COTY",0.0,0.0
201400054885,30,6,14,16,1,75,114,2,1,1,2,"12, RUE JULIA BARTET",0.0,0.0
201400054886,30,6,14,17,1,75,114,2,3,1,3,"89, AVENUE DU GENERAL LE",0.0,0.0
201400054887,30,6,14,17,1,75,114,2,3,1,1,"66, AVENUE DU GENERAL LE",0.0,0.0
201400054888,1,7,14,7,1,75,114,2,5,1,6,"25, AVENUE REILLE",0.0,0.0
201400054889,3,7,14,8,1,75,114,2,1,1,6,"7, RUE MAURICE ROUVIER",0.0,0.0
201400054890,3,7,14,10,1,75,114,2,2,1,6,"102, BOULEVARD BRUNE",0.0,0.0
201400054891,3,7,14,14,1,75,114,2,1,1,7,"66, AVENUE JEAN MOULIN",0.0,0.0
201400054892,4,7,14,10,1,75,114,2,1,1,7,"15, BOULEVARD JOURDAN",0.0,0.0
201400054893,5,7,14,18,1,75,114,2,1,1,3,"100, AVENUE DU GENERAL L",0.0,0.0
201400054894,6,7,14,3,5,75,114,2,3,1,7,"71, RUE D ALESIA",0.0,0.0
201400054895,7,7,14,8,1,75,114,2,3,1,2,RUE DE LA LEGION ETRANGE,0.0,0.0
201400054896,8,7,14,9,1,75,114,2,7,2,3,"1, AVENUE DU GENERAL LEC",0.0,0.0
201400054897,10,7,14,15,1,75,114,2,2,8,6,"52, AVENUE DU GENERAL LE",0.0,0.0
201400054898,12,7,14,15,1,75,114,2,3,1,6,"147, RUE D ALESIA",0.0,0.0
201400054899,17,7,14,9,1,75,114,2,5,1,3,AVENUE REILLE,0.0,0.0
201400054900,18,7,14,14,1,75,114,2,7,1,7,"95, AVENUE DENFERT ROCHE",0.0,0.0
201400054901,22,7,14,16,1,75,107,2,7,1,6,BOULEVARD DES INVALIDES,0.0,0.0
201400054902,23,7,14,19,1,75,114,2,2,1,3,"7, BOULEVARD JOURDAN",0.0,0.0
201400054903,25,7,14,2,5,75,114,2,1,1,7,"117-119, BOULEVARD BRUNE",0.0,0.0
201400054904,29,7,14,10,1,75,114,2,1,1,2,"46, RUE D ALESIA",0.0,0.0
201400054905,29,7,14,18,1,75,114,2,1,2,7,"286, BOULEVARD RASPAIL",0.0,0.0
201400054906,1,8,14,14,1,75,114,2,5,1,3,RUE D ALESIA,0.0,0.0
201400054907,1,8,14,15,1,75,114,2,5,1,3,"122, AVENUE DU GENERAL L",0.0,0.0
201400054908,2,8,14,7,1,75,114,2,4,1,6,"232, BOULEVARD RASPAIL",0.0,0.0
201400054909,6,8,14,16,1,75,114,2,7,2,6,PLACE DENFERT ROCHEREAU,0.0,0.0
201400054910,7,8,14,2,5,75,114,2,3,1,6,"20, RUE DE LA TOMBE ISSO",0.0,0.0
201400054911,7,8,14,5,5,75,114,2,1,2,6,"70, BOULEVARD DU MONTPAR",0.0,0.0
201400054912,7,8,14,11,1,75,114,2,2,1,6,"125, RUE D ALESIA",0.0,0.0
201400054913,14,8,14,13,1,75,114,2,2,1,3,"177, BOULEVARD BRUNE",0.0,0.0
201400054914,16,8,14,11,1,75,114,2,3,1,2,"168, AVENUE DU MAINE",0.0,0.0
201400054915,21,8,14,10,1,75,114,2,3,1,1,"223, RUE D ALESIA",0.0,0.0
201400054916,22,8,14,10,1,75,114,2,2,1,6,BOULEVARD PERIPHERIQUE,0.0,0.0
201400054917,23,8,14,21,2,75,114,2,1,1,6,RUE DE LA GAITE,0.0,0.0
201400054918,25,8,14,15,1,75,114,2,1,2,6,"134, AVENUE DU GENERAL L",0.0,0.0
201400054919,28,8,14,14,1,75,114,2,3,8,6,"21, RUE DE CHATILLON",0.0,0.0
201400054920,29,8,14,10,1,75,114,2,5,1,3,"89, AVENUE DU MAINE",0.0,0.0
201400054921,29,8,14,19,1,75,114,2,2,1,6,"2, RUE D ARCUEIL",0.0,0.0
201400054922,30,8,14,20,5,75,114,2,1,1,6,"10, BOULEVARD BRUNE",0.0,0.0
201400054923,31,8,14,20,5,75,114,2,1,1,1,"11, RUE D ALESIA",0.0,0.0
201400054924,2,9,14,18,1,75,114,2,5,1,3,"27, RUE DU DEPART",0.0,0.0
201400054925,3,9,14,15,1,75,114,2,3,1,6,"VV181, RUE D ALESIA",0.0,0.0
201400054926,3,9,14,20,2,75,114,2,1,1,3,BOULEVARD PERIPHERIQUE,0.0,0.0
201400054927,4,9,14,10,1,75,114,2,3,8,6,"223, RUE D ALESIA",0.0,0.0
201400054928,5,9,14,20,5,75,114,2,2,1,6,AVENUE JEAN MOULIN,0.0,0.0
201400054929,6,9,14,0,5,75,114,2,5,1,3,"232, BOULEVARD RASPAIL",0.0,0.0
201400054930,7,9,14,6,5,75,114,2,3,1,5,"74, BOULEVARD EDGAR QUIN",0.0,0.0
201400054931,8,9,14,21,5,75,114,2,1,1,3,BOULEVARD PERIPHERIQUE,0.0,0.0
201400054932,9,9,14,18,1,75,114,2,2,1,2,"43, AVENUE DU GENERAL LE",0.0,0.0
201400054933,12,9,14,10,1,75,114,2,2,1,3,"117, BOULEVARD JOURDAN",0.0,0.0
201400054934,9,9,14,8,1,75,114,2,1,1,2,"119, AVENUE DU GENERAL L",0.0,0.0
201400054935,13,9,14,15,1,75,114,2,4,1,6,AVENUE DE LA PORTE DE CH,0.0,0.0
201400054936,14,9,14,3,5,75,114,2,1,1,6,"14, RUE D ODESSA",0.0,0.0
201400054937,14,9,14,17,1,75,114,2,1,1,7,"42, BOULEVARD JOURDAN",0.0,0.0
201400054938,16,9,14,18,1,75,114,2,1,1,6,"2, PLACE FERDINAND BRUNO",0.0,0.0
201400054939,18,9,14,7,1,75,114,2,2,1,6,"15, BOULEVARD ROMAIN ROL",0.0,0.0
201400054940,23,9,14,10,1,75,114,2,2,1,6,"84, BOULEVARD DU MONTPAR",0.0,0.0
201400054941,24,9,14,10,1,75,114,2,2,1,2,"81, BOULEVARD BRUNE",0.0,0.0
201400054942,24,9,14,10,1,75,114,2,1,1,6,"185, AVENUE DU MAINE",0.0,0.0
201400054943,24,9,14,17,1,75,114,2,1,1,2,"71bis, RUE DE LA TOMBE I",0.0,0.0
201400054944,25,9,14,17,1,75,107,2,1,1,6,"5, AVENUE DE VILLARS",0.0,0.0
201400054945,25,9,14,18,1,75,114,2,5,1,2,"1, BOULEVARD BRUNE",0.0,0.0
201400054946,26,9,14,10,1,75,114,2,2,1,6,"141, BOULEVARD BRUNE",0.0,0.0
201400054947,2,10,14,15,1,75,114,2,7,1,3,PLACE VICTOR ET HELENE B,0.0,0.0
201400054948,3,10,14,8,1,75,114,2,7,1,3,PLACE DENFERT ROCHEREAU,0.0,0.0
201400054949,6,10,14,19,5,75,114,2,4,3,7,"232, BOULEVARD RASPAIL",0.0,0.0
201400054950,7,10,14,19,5,75,114,2,2,2,6,"170, RUE D ALESIA",0.0,0.0
201400054951,7,10,14,22,5,75,114,2,2,1,2,"26, AVENUE JEAN MOULIN",0.0,0.0
201400054952,8,10,14,11,1,75,114,2,1,3,6,"52, RUE D ALESIA",0.0,0.0
201400054953,10,10,14,20,5,75,114,2,2,1,2,"28, BOULEVARD JOURDAN",0.0,0.0
201400054954,12,10,14,6,5,75,114,2,2,1,7,"105, RUE VERCINGETORIX",0.0,0.0
201400054955,12,10,14,11,1,75,114,2,1,1,2,"125, BOULEVARD BRUNE",0.0,0.0
201400054956,15,10,14,16,1,75,114,2,1,2,2,"63, AVENUE DU GENERAL LE",0.0,0.0
201400054957,16,10,14,1,5,75,114,2,1,2,3,AVENUE DU DOCTEUR LANNEL,0.0,0.0
201400054958,17,10,14,4,5,75,114,2,1,2,6,"1, AVENUE PIERRE MASSE",0.0,0.0
201400054959,19,10,14,6,5,75,114,2,1,1,1,"176, RUE D ALESIA",0.0,0.0
201400054960,19,10,14,19,3,75,114,2,3,1,3,"20, AVENUE DU GENERAL LE",0.0,0.0
201400054961,21,10,14,2,5,75,114,2,1,1,7,AVENUE DAVID WEILL,0.0,0.0
201400054962,22,10,14,20,5,75,114,2,3,1,6,"58, RUE DES PLANTES",0.0,0.0
201400054963,23,10,14,9,1,75,114,2,2,1,5,"1, BOULEVARD DU MONTPARN",0.0,0.0
201400054964,24,10,14,1,5,75,115,2,2,1,2,"1, PLACE DU MOULIN DE JA",0.0,0.0
201400054965,27,10,14,15,1,75,114,2,2,1,6,"170, RUE D ALESIA",0.0,0.0