Num_Acc,jour,mois,an,hr,condition_eclairage,departement,commune,condition_agglomeration,intersection,condition_atmosphere,type_collision,adresse,lattitude,longitude
201400054966,28,10,14,17,2,75,114,2,4,1,2,BOULEVARD PERIPHERIQUE I,0.0,0.0
201400054967,29,10,14,23,5,75,114,2,3,1,6,AVENUE DU GENERAL LECLER,0.0,0.0
201400054968,30,10,14,6,5,75,114,2,4,1,6,"35, BOULEVARD ROMAIN ROL",0.0,0.0
201400054969,1,11,14,2,5,75,114,2,2,1,6,"151, AVENUE PAUL VAILLAN",0.0,0.0
201400054970,3,11,14,13,1,75,114,2,5,2,3,RUE D ALESIA,0.0,0.0
201400054971,4,11,14,8,1,75,114,2,7,8,3,RUE DU CHATEAU,0.0,0.0
201400054972,4,11,14,16,1,75,114,2,1,1,2,"119, AVENUE DU GENERAL L",0.0,0.0
201400054973,5,11,14,8,1,75,114,2,1,1,1,"68, AVENUE DENFERT ROCHE",0.0,0.0
201400054974,5,11,14,17,2,75,114,2,3,1,3,"162, RUE D ALESIA",0.0,0.0
201400054975,8,11,14,1,5,75,115,2,3,1,3,"35, QUAI ANDRE CITROEN",0.0,0.0
201400054976,10,11,14,14,1,75,114,2,3,1,4,"179, RUE VERCINGETORIX",0.0,0.0
201400054977,11,11,14,20,5,75,114,2,3,1,3,"45, AVENUE JEAN MOULIN",0.0,0.0
201400054978,15,11,14,16,1,75,114,2,1,2,7,AVENUE LUCIEN DESCAVES,0.0,0.0
201400054979,16,11,14,19,5,75,114,2,3,2,6,"18, RUE DE LA TOMBE ISSO",0.0,0.0
201400054980,17,11,14,8,1,75,114,2,5,1,2,PLACE PABLO PICASSO,0.0,0.0
201400054981,17,11,14,8,1,75,114,2,1,1,3,BOULEVARD PERIPHERIQUE,0.0,0.0
201400054982,18,11,14,9,1,75,114,2,1,2,7,"85, RUE D ALESIA",0.0,0.0
201400054983,19,11,14,16,2,75,114,2,2,1,1,"50, BOULEVARD JOURDAN",0.0,0.0
201400054984,20,11,14,13,1,75,114,2,5,1,3,PLACE DE LA PORTE DE VAN,0.0,0.0
201400054985,21,11,14,5,5,75,114,2,1,1,6,"5 bis, RUE D ALESIA",0.0,0.0
201400054986,24,11,14,9,1,75,114,2,3,2,6,RUE RAYMOND LOSSERAND,0.0,0.0
201400054987,24,11,14,8,1,75,114,2,1,2,1,"11 TER, RUE D ALESIA",0.0,0.0
201400054988,24,11,14,20,5,75,114,2,2,1,2,"34, AVENUE DU GENERAL LE",0.0,0.0
201400054989,25,11,14,17,2,75,114,2,1,1,6,"42, AVENUE REILLE",0.0,0.0
201400054990,26,11,14,21,5,75,114,2,1,1,7,"105, BOULEVARD JOURDAN",0.0,0.0
201400054991,29,11,14,23,5,75,114,2,3,1,6,"232, RUE VERCINGETORIX",0.0,0.0
201400054992,30,11,14,14,1,75,114,2,2,1,2,RUE VERCINGETORIX,0.0,0.0
201400054993,30,11,14,17,5,75,114,2,2,1,6,RUE D ALESIA,0.0,0.0
201400054994,2,12,14,15,1,75,114,2,4,2,7,"250, BOULEVARD RASPAIL",0.0,0.0
201400054995,2,12,14,16,5,75,114,2,3,1,6,"11, RUE DE LA CITE UNIVE",0.0,0.0
201400054996,2,12,14,19,5,75,114,2,3,2,6,BOULEVARD ROMAIN ROLLAND,0.0,0.0
201400054997,4,12,14,19,4,75,113,2,1,1,3,PORTE DE GENTILLY,0.0,0.0
201400054998,7,12,14,7,2,75,114,2,7,1,7,PLACE VICTOR BASCH,0.0,0.0
201400054999,8,12,14,11,1,75,114,2,1,1,6,"5, VILLA COEUR DE VEY",0.0,0.0
201400055000,8,12,14,18,5,75,114,2,5,9,2,"10, AVENUE RENE COTY",0.0,0.0
201400055001,9,12,14,9,1,75,114,2,3,1,3,"1, BOULEVARD ADOLPHE PIN",0.0,0.0
201400055002,9,12,14,12,1,75,114,2,3,1,6,"8, RUE MAURICE BOUCHOR",0.0,0.0
201400055003,9,12,14,13,1,75,114,2,1,1,3,"7, BOULEVARD JOURDAN",0.0,0.0
201400055004,9,12,14,17,5,75,114,2,1,1,3,"216, AVENUE DU MAINE",0.0,0.0
201400055005,9,12,14,18,5,75,114,2,4,1,7,"19, AVENUE RENE COTY",0.0,0.0
201400055006,10,12,14,8,1,75,114,2,5,2,3,"54, BOULEVARD EDGAR QUIN",0.0,0.0
201400055007,10,12,14,17,2,75,114,2,3,2,6,RUE DE LA TOMBE ISSOIRE,0.0,0.0
201400055008,11,12,14,23,5,75,114,2,2,1,6,"95, BOULEVARD DE PORT RO",0.0,0.0
201400055009,12,12,14,12,1,75,114,2,1,3,6,"122, AVENUE DU GENERAL L",0.0,0.0
201400055010,12,12,14,22,5,75,114,2,2,2,3,"89, BOULEVARD BRUNE",0.0,0.0
201400055011,14,12,14,20,5,75,115,2,1,1,3,"78 BIS, RUE DE LA CONVEN",0.0,0.0
201400055012,15,12,14,8,1,75,114,2,2,2,6,"170, RUE D ALESIA",0.0,0.0
201400055013,15,12,14,17,5,75,114,2,4,2,6,"52, RUE DE LA TOMBE ISSO",0.0,0.0
201400055014,17,12,14,10,1,75,114,2,2,2,1,"174, BOULEVARD DU MONTPA",0.0,0.0
201400055015,17,12,14,22,5,75,114,2,3,3,6,"59, BOULEVARD SAINT JACQ",0.0,0.0
201400055016,18,12,14,20,5,75,114,2,7,1,2,"1, AVENUE DU COLONEL HEN",0.0,0.0
201400055017,18,12,14,19,5,75,114,2,1,1,4,"18, RUE DES PLANTES",0.0,0.0
201400055018,19,12,14,18,5,75,114,2,5,2,6,"1, RUE PATURLE",0.0,0.0
201400055019,20,12,14,11,1,75,114,2,3,1,6,"56, RUE HALLE",0.0,0.0
201400055020,21,12,14,19,5,75,114,2,7,1,7,PLACE DENFERT ROCHEREAU,0.0,0.0
201400055021,21,12,14,19,5,75,114,2,1,1,2,"3, BOULEVARD EDGAR QUINE",0.0,0.0
201400055022,4,1,14,6,5,75,115,2,5,1,6,RUE LINOIS,0.0,0.0
201400055023,4,1,14,9,1,75,115,2,2,1,6,"346, RUE LECOURBE",0.0,0.0
201400055024,4,1,14,23,5,75,115,2,2,1,3,RUE CAMBRONNE,0.0,0.0
201400055025,6,1,14,10,1,75,115,2,2,1,3,"1, QUAI BRANLY",0.0,0.0
201400055026,6,1,14,20,5,75,115,2,1,2,3,"6, RUE DE LA PORTE D ISS",0.0,0.0
201400055027,7,1,14,10,1,75,115,2,1,8,3,"22, RUE DE VOUILLE",0.0,0.0
201400055028,9,1,14,18,5,75,115,2,2,1,3,"146, RUE SAINT CHARLES",0.0,0.0
201400055029,10,1,14,14,1,75,115,2,3,1,3,"161 bis, AVENUE DE SUFFR",0.0,0.0
201400055030,11,1,14,10,1,75,115,2,2,1,3,"154, RUE LECOURBE",0.0,0.0
201400055031,11,1,14,14,1,75,115,2,2,8,3,"163, RUE DE LA CROIX NIV",0.0,0.0
201400055032,13,1,14,16,1,75,115,2,3,7,6,"73, QUAI BRANLY",0.0,0.0
201400055033,15,1,14,9,1,75,115,2,3,2,6,RUE DESNOUETTES,0.0,0.0
201400055034,15,1,14,14,1,75,115,2,1,2,3,"20, RUE LEBLANC",0.0,0.0
201400055035,15,1,14,19,5,75,115,2,3,2,7,"48, RUE DE DANTZIG",0.0,0.0
201400055036,15,1,14,20,3,75,115,2,1,2,6,PORT DE GRENELLE,0.0,0.0
201400055037,16,1,14,15,1,75,115,2,7,1,3,PLACE DES INSURGES DE VA,0.0,0.0
201400055038,17,1,14,10,1,75,115,2,3,1,6,"222, RUE DE LA CONVENTIO",0.0,0.0
201400055039,18,1,14,7,5,75,115,2,1,1,1,"20, RUE DE LA CROIX NIVE",0.0,0.0
201400055040,22,1,14,15,1,75,115,2,3,2,3,"10, AVENUE DU MAINE",0.0,0.0
201400055041,24,1,14,14,1,75,115,2,1,1,3,"18, BOULEVARD DE GRENELL",0.0,0.0
201400055042,27,1,14,8,1,75,115,2,7,1,6,"2, RUE LOUIS ARMAND",0.0,0.0
201400055043,27,1,14,8,1,75,115,2,2,1,6,"125, RUE CAMBRONNE",0.0,0.0
201400055044,27,1,14,12,1,75,115,2,1,2,7,"8, RUE JACQUES BAUDRY",0.0,0.0
201400055045,27,1,14,19,5,75,115,2,2,1,2,"274, RUE LECOURBE",0.0,0.0
201400055046,27,1,14,23,5,75,115,2,2,1,7,BOULEVARD GENERAL MARTIA,0.0,0.0
201400055047,28,1,14,17,5,75,115,2,2,2,6,"44, RUE DE LA CONVENTION",0.0,0.0
201400055048,29,1,14,18,5,75,115,2,3,1,6,"74, RUE SAINT CHARLES",0.0,0.0
201400055049,31,1,14,7,2,75,115,2,5,5,3,BOULEVARD LEFEBVRE,0.0,0.0
201400055050,1,2,14,8,5,75,115,2,5,2,6,"224, RUE DE LA CROIX NIV",0.0,0.0
201400055051,1,2,14,14,1,75,115,2,3,1,6,"6, RUE ANTOINE BOURDELLE",0.0,0.0
201400055052,1,2,14,16,1,75,115,2,2,1,6,"375 BIS, RUE DE VAUGIRAR",0.0,0.0
201400055053,2,2,14,1,5,75,115,2,7,1,2,"90, QUAI ANDRE CITROEN",0.0,0.0
201400055054,2,2,14,17,1,75,107,2,2,1,7,AVENUE DE SUFFREN,0.0,0.0
201400055055,5,2,14,20,5,75,115,2,2,1,6,QUAI ANDRE CITROEN,0.0,0.0
201400055056,7,2,14,16,1,75,115,2,3,1,2,"19, RUE DU DOCTEUR FINLA",0.0,0.0
201400055057,7,2,14,15,1,75,115,2,2,1,6,"23, RUE DU COMMERCE",0.0,0.0
201400055058,8,2,14,17,5,75,115,2,3,2,6,"11, RUE LINOIS",0.0,0.0
201400055059,9,2,14,6,5,75,115,2,2,1,6,"110, RUE CAMBRONNE",0.0,0.0
201400055060,9,2,14,6,5,75,115,2,1,1,6,"18, RUE DE L ARRIVEE",0.0,0.0
201400055061,11,2,14,9,1,75,115,2,1,1,3,"100, RUE DE SEVRES",0.0,0.0
201400055062,11,2,14,21,5,75,115,2,1,2,2,"214, RUE DE LA CONVENTIO",0.0,0.0
201400055063,13,2,14,7,5,75,107,2,5,3,2,"15, BOULEVARD RASPAIL",0.0,0.0
201400055064,14,2,14,5,5,75,115,2,2,1,6,RUE CAMBRONNE,0.0,0.0
201400055065,15,2,14,16,1,75,115,2,2,1,6,"227, RUE DE LA CONVENTIO",0.0,0.0
201400055066,15,2,14,20,5,75,115,2,2,2,6,"103, RUE CAMBRONNE",0.0,0.0
201400055067,15,2,14,20,5,75,115,2,2,1,6,"196, RUE DE LA CONVENTIO",0.0,0.0
201400055068,16,2,14,14,1,75,115,2,2,1,6,"18, BOULEVARD DE GRENELL",0.0,0.0
201400055069,17,2,14,20,5,75,115,2,2,1,1,"0, RUE DES ENTREPRENEURS",0.0,0.0
201400055070,18,2,14,10,1,75,115,2,3,1,6,"61, BOULEVARD PASTEUR",0.0,0.0
201400055071,20,2,14,8,1,75,115,2,2,2,7,"52, RUE DE LA CONVENTION",0.0,0.0
201400055072,23,2,14,16,1,75,115,2,2,1,6,"53, QUAI DE GRENELLE",0.0,0.0
201400055073,25,2,14,15,1,75,115,2,4,1,6,"88, RUE DE LA FEDERATION",0.0,0.0
201400055074,26,2,14,5,5,75,115,2,3,1,7,"19, QUAI DE GRENELLE",0.0,0.0
201400055075,26,2,14,19,5,75,115,2,2,1,6,"1, QUAI ANDRE CITROEN",0.0,0.0
201400055076,27,2,14,9,1,75,115,2,2,3,6,"189, RUE DE LA CONVENTIO",0.0,0.0
201400055077,27,2,14,9,1,75,115,2,1,3,3,"6, RUE LOUIS ARMAND",0.0,0.0
201400055078,27,2,14,15,1,75,115,2,1,2,6,"189, RUE DE LA CONVENTIO",0.0,0.0
201400055079,27,2,14,19,5,75,115,2,2,2,6,RUE DE LA CONVENTION,0.0,0.0
201400055080,28,2,14,3,5,75,115,2,2,1,3,RUE DU COMMERCE,0.0,0.0
201400055081,28,2,14,9,1,75,115,2,2,2,6,BOULEVARD GARIBALDI,0.0,0.0
201400055082,1,3,14,6,5,75,115,2,5,2,4,"1, RUE DE L ARRIVEE",0.0,0.0
201400055083,1,3,14,13,1,75,115,2,7,1,3,"1, RUE CAMBRONNE",0.0,0.0
201400055084,2,3,14,10,1,75,115,2,2,2,3,"105, RUE DE LOURMEL",0.0,0.0
201400055085,4,3,14,15,1,75,115,2,2,1,3,"56-62, RUE DE VOUILLE",0.0,0.0
201400055086,6,3,14,9,1,75,115,2,2,1,6,"27, BOULEVARD DE GRENELL",0.0,0.0
201400055087,8,3,14,2,5,75,114,2,7,1,6,"143, RUE DU CHATEAU",0.0,0.0
201400055088,10,3,14,18,1,75,115,2,2,1,3,"25, RUE DE LA CONVENTION",0.0,0.0
201400055089,11,3,14,7,2,75,115,2,1,1,6,"4, RUE DU DEPART",0.0,0.0
201400055090,11,3,14,12,1,75,115,2,2,1,6,"2, RUE DU COMMERCE",0.0,0.0
201400055091,11,3,14,14,1,75,115,2,1,1,3,PONT DE GRENELLE,0.0,0.0
201400055092,11,3,14,22,5,75,115,2,1,1,6,"19, RUE THIBOUMERY",0.0,0.0
201400055093,11,3,14,22,5,75,115,2,7,1,7,"1, PLACE CAMBRONNE",0.0,0.0
201400055094,12,3,14,6,5,75,115,2,2,1,6,"148, RUE DE LA CROIX NIV",0.0,0.0
201400055095,13,3,14,11,1,75,115,2,7,1,6,"362, RUE LECOURBE",0.0,0.0
201400055096,13,3,14,12,1,75,115,2,1,1,6,"34, BOULEVARD DE VAUGIRA",0.0,0.0
201400055097,13,3,14,14,1,75,115,2,1,1,3,"61, RUE HENRY FARMAN",0.0,0.0
201400055098,13,3,14,16,1,75,115,2,3,1,6,"25, RUE DE LA CROIX NIVE",0.0,0.0
201400055099,15,3,14,18,1,75,115,2,2,1,6,"34, BOULEVARD DE GRENELL",0.0,0.0
201400055100,16,3,14,17,1,75,115,2,2,1,6,"32, BOULEVARD DU MONTPAR",0.0,0.0
201400055101,19,3,14,15,1,75,115,2,2,1,7,"59, BOULEVARD LEFEBVRE",0.0,0.0
201400055102,20,3,14,13,1,75,115,2,4,1,6,"196, RUE DE LA CROIX NIV",0.0,0.0
201400055103,20,3,14,15,1,75,115,2,5,1,3,"68, BOULEVARD PASTEUR",0.0,0.0
201400055104,20,3,14,15,1,75,115,2,5,1,6,"68, BOULEVARD PASTEUR",0.0,0.0
201400055105,23,3,14,23,5,75,115,2,3,1,2,"63, RUE DE LA CROIX NIVE",0.0,0.0
201400055106,24,3,14,9,1,75,115,2,5,1,6,"190, RUE CORBON",0.0,0.0
201400055107,25,3,14,14,1,75,115,2,2,2,3,PONT MIRABEAU,0.0,0.0
201400055108,25,3,14,15,1,75,115,2,2,8,6,"34, RUE LINOIS",0.0,0.0
201400055109,26,3,14,8,1,75,115,2,5,1,3,"62, BOULEVARD DU MONTPAR",0.0,0.0
201400055110,26,3,14,8,1,75,115,2,1,1,2,"33, BOULEVARD GENERAL MA",0.0,0.0
201400055111,26,3,14,11,1,75,115,2,2,1,3,"12, RUE MARMONTEL",0.0,0.0
201400055112,26,3,14,13,1,75,115,2,2,1,3,"2, AVENUE DE LA PORTE DE",0.0,0.0
201400055113,1,4,14,11,1,75,115,2,3,1,6,"24, RUE LECOURBE",0.0,0.0
201400055114,2,4,14,15,1,75,115,2,1,1,6,"163 bis, RUE DE VAUGIRAR",0.0,0.0
201400055115,2,4,14,16,1,75,115,2,3,1,3,"85, AVENUE DE SEGUR",0.0,0.0
201400055116,3,4,14,14,1,75,115,2,5,1,6,"84, RUE CAMBRONNE",0.0,0.0
201400055117,7,4,14,1,5,75,115,2,2,1,3,"230, RUE DE VAUGIRARD",0.0,0.0
201400055118,7,4,14,13,1,75,115,2,5,1,7,AVENUE DE LA PORTE BRANC,0.0,0.0
201400055119,7,4,14,17,1,75,115,2,3,1,6,"14, AVENUE EMILE ZOLA",0.0,0.0
201400055120,8,4,14,17,1,75,115,2,3,1,6,"325, RUE LECOURBE",0.0,0.0
201400055121,8,4,14,19,1,75,115,2,1,1,6,"52, BOULEVARD DE VAUGIRA",0.0,0.0
201400055122,9,4,14,9,1,75,115,2,7,1,7,ROND POINT DU PONT MIRAB,0.0,0.0
201400055123,9,4,14,19,1,75,115,2,2,1,6,"5, BOULEVARD LEFEBVRE",0.0,0.0
201400055124,9,4,14,20,5,75,115,2,2,1,3,RUE DE LOURMEL,0.0,0.0
201400055125,10,4,14,19,1,75,115,2,4,1,7,"., RUE PEGOUD",0.0,0.0
201400055126,11,4,14,3,5,75,115,2,7,1,3,QUAI ANDRE CITROEN,0.0,0.0
201400055127,13,4,14,12,1,75,115,2,2,8,6,"44, RUE DE LA CONVENTION",0.0,0.0
201400055128,14,4,14,15,1,75,115,2,5,1,3,PORTE BRANCION,0.0,0.0
201400055129,16,4,14,1,5,75,115,2,1,1,6,"59, RUE BRANCION",0.0,0.0
201400055130,17,4,14,8,1,75,115,2,1,1,6,"36, BOULEVARD GARIBALDI",0.0,0.0
201400055131,19,4,14,21,5,75,115,2,1,1,2,"24, RUE DU COLONEL PIERR",0.0,0.0
201400055132,22,4,14,16,1,75,115,2,2,3,2,"42, RUE PAUL BARRUEL",0.0,0.0
201400055133,25,4,14,12,1,75,115,2,3,2,2,"250, RUE DE VAUGIRARD",0.0,0.0
201400055134,26,4,14,6,2,75,107,2,1,1,7,"59, QUAI BRANLY",0.0,0.0
201400055135,26,4,14,16,1,75,115,2,4,8,7,"23, AVENUE EMILE ZOL",0.0,0.0
201400055136,27,4,14,19,1,75,115,2,2,8,7,"341, RUE LECOURBE",0.0,0.0
201400055137,27,4,14,22,5,75,115,2,2,1,2,"135, RUE DE LA CONVENTIO",0.0,0.0
201400055138,28,4,14,18,1,75,115,2,1,1,6,"123, RUE CAMBRONNE",0.0,0.0
201400055139,29,4,14,14,1,75,115,2,3,1,2,RUE LOUIS ARMAND,0.0,0.0
201400055140,29,4,14,16,1,75,115,2,4,2,2,"1, PLACE DU MOULIN DE JA",0.0,0.0
201400055141,29,4,14,18,1,75,115,2,3,2,6,"213, RUE DE VAUGIRARD",0.0,0.0
201400055142,29,4,14,20,2,75,115,2,1,2,7,"121, RUE DE LA CROIX NIV",0.0,0.0
201400055143,30,4,14,11,1,75,115,2,2,1,2,AVENUE DE LOWENDAL,0.0,0.0
201400055144,1,5,14,6,1,75,115,2,2,1,3,"24, RUE DE VOUILLE",0.0,0.0
201400055145,1,5,14,19,2,75,115,2,1,2,3,"121, BOULEVARD DE GRENEL",0.0,0.0
201400055146,5,5,14,20,1,75,115,2,3,1,6,"348, RUE DE VAUGIRARD",0.0,0.0
201400055147,5,5,14,22,5,75,115,2,2,1,7,"5, BOULEVARD LEFEBVRE",0.0,0.0
201400055148,7,5,14,15,1,75,115,2,7,8,6,"68, BOULEVARD DU MONTPAR",0.0,0.0
201400055149,7,5,14,19,2,75,115,2,1,1,6,"19, RUE LINOIS",0.0,0.0
201400055150,10,5,14,6,1,75,115,2,3,1,6,RUE D ALENCON,0.0,0.0
201400055151,10,5,14,12,1,75,115,2,1,2,3,"58, BOULEVARD PASTEUR",0.0,0.0
201400055152,10,5,14,15,1,75,115,2,1,2,6,"165, RUE DE LA CONVENTIO",0.0,0.0
201400055153,11,5,14,10,1,75,115,2,5,1,6,"109, RUE LECOURBE",0.0,0.0
201400055154,12,5,14,9,1,75,115,2,2,1,3,"165, RUE DE SEVRES",0.0,0.0
201400055155,13,5,14,20,1,75,115,2,2,1,3,RUE DE LA CONVENTION,0.0,0.0
201400055156,13,5,14,20,2,75,115,2,1,1,3,"55, AVENUE EMILE ZOLA",0.0,0.0
201400055157,15,5,14,12,1,75,115,2,1,1,2,QUAI ANDRE CITROEN,0.0,0.0
201400055158,16,5,14,14,1,75,115,2,1,1,6,"85, BOULEVARD PASTEUR",0.0,0.0
201400055159,16,5,14,20,2,75,115,2,1,1,1,"228, RUE SAINT CHARLES",0.0,0.0
201400055160,17,5,14,17,1,75,115,2,1,1,6,"62B, RUE DES ENTREPRENEU",0.0,0.0
201400055161,20,5,14,20,2,75,115,2,1,2,6,"32, RUE DE L AMIRAL ROUS",0.0,0.0
201400055162,21,5,14,14,1,75,115,2,3,2,4,"27, QUAI DE GRENELLE",0.0,0.0
201400055163,22,5,14,10,1,75,115,2,2,2,6,"224, RUE DE LA CROIX NIV",0.0,0.0
201400055164,23,5,14,17,1,75,115,2,1,1,2,"61, RUE DU COMMERCE",0.0,0.0
201400055165,24,5,14,19,1,75,115,2,3,1,2,"43, RUE DE DANTZIG",0.0,0.0
201400055166,28,5,14,20,2,75,115,2,3,2,6,"24, BOULEVARD DE VAUGIRA",0.0,0.0
201400055167,1,6,14,13,1,75,115,2,1,1,1,"50, RUE HENRY FARMAN",0.0,0.0
201400055168,2,6,14,20,1,75,115,2,3,1,6,"61, RUE BLOMET",0.0,0.0
201400055169,4,6,14,9,1,75,115,2,1,2,6,"39/43, QUAI ANDRE CITROE",0.0,0.0
201400055170,4,6,14,11,1,75,115,2,4,2,3,"9, RUE BELLART",0.0,0.0
201400055171,6,6,14,11,1,75,115,2,1,1,6,"20, RUE DE VOUILLE",0.0,0.0
201400055172,6,6,14,23,5,75,115,2,4,1,6,PORTE DE SEVRES,0.0,0.0
201400055173,7,6,14,10,1,75,115,2,1,8,3,"60, AVENUE DE LA MOTTE P",0.0,0.0
201400055174,10,6,14,9,1,75,115,2,1,1,3,"55, RUE DES MORILLONS",0.0,0.0
201400055175,10,6,14,12,1,75,115,2,7,2,6,PLACE CAMBRONNE,0.0,0.0
201400055176,10,6,14,21,2,75,115,2,3,1,3,RUE PEGOUD,0.0,0.0
201400055177,10,6,14,22,5,75,115,2,2,1,3,"198, RUE DE VAUGIRARD",0.0,0.0
201400055178,11,6,14,13,1,75,115,2,2,1,3,"2, RUE LINOIS",0.0,0.0
201400055179,11,6,14,16,1,75,115,2,1,1,6,"48, AVENUE EMILE ZOLA",0.0,0.0
201400055180,12,6,14,9,1,75,115,2,2,1,5,"135, RUE DE LA CONVENTIO",0.0,0.0
201400055181,16,6,14,17,1,75,115,2,1,1,3,"1, RUE DU LAOS",0.0,0.0
201400055182,17,6,14,19,1,75,115,2,3,1,2,"31, RUE JACQUES BAUDRY",0.0,0.0
201400055183,18,6,14,10,1,75,115,2,5,1,6,"63, BOULEVARD DE GRENELL",0.0,0.0
201400055184,18,6,14,13,1,75,115,2,2,1,6,"347, RUE DE VAUGIRARD",0.0,0.0
201400055185,18,6,14,13,1,75,115,2,1,1,6,"7, RUE FENOUX",0.0,0.0
201400055186,18,6,14,16,1,75,115,2,3,1,6,"311, RUE DE VAUGIRARD",0.0,0.0
201400055187,19,6,14,19,1,75,115,2,2,1,6,"34, RUE DE DANTZIG",0.0,0.0
201400055188,19,6,14,22,5,75,115,2,7,1,6,"2, PLACE CAMBRONNE",0.0,0.0
201400055189,20,6,14,13,1,75,115,2,1,1,3,"32, RUE DE LOURMEL",0.0,0.0
201400055190,20,6,14,17,1,75,115,2,2,1,3,"1, RUE GASTON DE CAILLAV",0.0,0.0
201400055191,20,6,14,20,1,75,115,2,5,1,2,"85, RUE DE LA CROIX NIVE",0.0,0.0
201400055192,21,6,14,15,1,75,115,2,1,1,3,"47, RUE DE VOUILLE",0.0,0.0
201400055193,23,6,14,11,1,75,115,2,3,1,6,"23, RUE SANTOS DUMONT",0.0,0.0
201400055194,23,6,14,17,1,75,115,2,2,1,7,ROND POINT DU PONT MIRAB,0.0,0.0
201400055195,24,6,14,10,1,75,115,2,1,1,2,"55, RUE DE DANTZIG",0.0,0.0
201400055196,25,6,14,20,2,75,115,2,2,1,6,"41, QUAI ANDRE CITROEN",0.0,0.0
201400055197,27,6,14,14,1,75,115,2,1,1,6,"165, RUE DE JAVEL",0.0,0.0
201400055198,27,6,14,15,1,75,115,2,1,1,7,"9, RUE CAMBRONNE",0.0,0.0
201400055199,28,6,14,23,5,75,115,2,2,3,7,"113, BOULEVARD DE GRENEL",0.0,0.0
201400055200,29,6,14,0,5,75,115,2,2,2,1,"227, RUE LECOURBE",0.0,0.0
201400055201,1,7,14,17,1,75,115,2,1,1,6,"18, BOULEVARD DE VAUGIRA",0.0,0.0
201400055202,2,7,14,9,1,75,115,2,2,1,3,"114, RUE DE LA CROIX NIV",0.0,0.0
201400055203,2,7,14,11,1,75,115,2,1,1,6,"6, RUE DU COLONEL PIERRE",0.0,0.0
201400055204,4,7,14,2,5,75,115,2,1,1,6,QUAI ANDRE CITROEN,0.0,0.0
201400055205,5,7,14,17,1,75,107,2,2,1,6,"20, AVENUE DUQUESNE",0.0,0.0
201400055206,7,7,14,13,1,75,115,2,1,1,2,"32, RUE LECOURBE",0.0,0.0
201400055207,8,7,14,15,1,75,115,2,1,3,6,"69, RUE DES ENTREPRENEUR",0.0,0.0
201400055208,9,7,14,8,1,75,115,2,2,1,2,"114, RUE DE LA CONVENTIO",0.0,0.0
201400055209,9,7,14,8,1,75,115,2,2,1,6,"45, RUE DE VOUILLE",0.0,0.0
201400055210,13,7,14,2,5,75,115,2,1,8,6,"22, RUE SAINT AMAND",0.0,0.0
201400055211,15,7,14,21,2,75,115,2,2,1,3,RUE DE LA CROIX NIVERT,0.0,0.0
201400055212,15,7,14,10,1,75,115,2,2,1,6,RUE DE LA PORTE D ISSY,0.0,0.0
201400055213,20,7,14,17,1,75,115,2,5,1,2,"2, AVENUE DU MAINE",0.0,0.0
201400055214,21,7,14,9,1,75,115,2,4,8,3,"10, RUE DE L ARMORIQUE",0.0,0.0
201400055215,22,7,14,18,1,75,115,2,1,1,6,"6, RUE DE LA CROIX NIVER",0.0,0.0
201400055216,22,7,14,21,2,75,115,2,1,1,6,"11, RUE DE L ARRIVEE",0.0,0.0
201400055217,25,7,14,22,2,75,115,2,3,1,2,"40, QUAI D ISSY LES MOUL",0.0,0.0
201400055218,28,7,14,15,1,75,115,2,2,1,6,RUE DES QUATRE FRERES PE,0.0,0.0
201400055219,3,8,14,21,5,75,115,2,1,1,3,"50, AVENUE DU MAINE",0.0,0.0
201400055220,5,8,14,17,1,75,115,2,1,1,7,"45, BOULEVARD LEFEBVRE",0.0,0.0
201400055221,7,8,14,19,1,75,115,2,7,1,3,PLACE D ALLERAY,0.0,0.0
201400055222,8,8,14,12,1,75,107,2,1,2,2,"32, BOULEVARD RASPAIL",0.0,0.0
201400055223,9,8,14,15,1,75,115,2,1,1,3,"10, RUE PAUL BARRUEL",0.0,0.0
201400055224,11,8,14,15,1,75,115,2,3,1,6,"37, RUE D ALLERAY",0.0,0.0
201400055225,11,8,14,16,1,75,115,2,1,1,3,"70, BOULEVARD GARIBALDI",0.0,0.0
201400055226,14,8,14,8,1,75,115,2,7,1,3,RUE PAUL BARRUEL,0.0,0.0
201400055227,14,8,14,17,1,75,115,2,4,1,6,"88, RUE DE LA FEDERATION",0.0,0.0
201400055228,19,8,14,15,1,75,115,2,2,1,3,BOULEVARD VICTOR,0.0,0.0
201400055229,22,8,14,14,1,75,115,2,1,1,2,"21, RUE DESAIX",0.0,0.0
201400055230,22,8,14,17,1,75,115,2,1,1,2,BOULEVARD PERIPHERIQUE,0.0,0.0
201400055231,23,8,14,12,1,75,115,2,1,1,2,"29, RUE DE LOURMEL",0.0,0.0
201400055232,23,8,14,14,1,75,115,2,2,1,3,"21, RUE DE L ABBE GROULT",0.0,0.0
201400055233,24,8,14,2,5,75,115,2,2,1,6,"25, AVENUE EMILE ZOLA",0.0,0.0
201400055234,24,8,14,22,5,75,115,2,2,1,3,"1, RUE DE L AMIRAL ROUSS",0.0,0.0
201400055235,25,8,14,19,1,75,115,2,2,2,2,"53, QUAI DE GRENELLE",0.0,0.0
201400055236,26,8,14,13,1,75,115,2,1,2,2,"54, RUE DE LA CONVENTION",0.0,0.0
201400055237,28,8,14,14,1,75,115,2,1,1,6,"204 BIS, RUE DE LA CONVE",0.0,0.0
201400055238,3,9,14,13,1,75,115,2,7,1,6,"42, RUE DU THEATRE",0.0,0.0
201400055239,5,9,14,8,1,75,115,2,2,1,6,"64, RUE DUTOT",0.0,0.0
201400055240,6,9,14,3,5,75,115,2,2,1,6,"30, RUE BRANCION",0.0,0.0
201400055241,6,9,14,12,1,75,115,2,1,1,6,"32, RUE GEORGES PITARD",0.0,0.0
201400055242,7,9,14,23,5,75,115,2,5,1,6,"254, RUE DE LA CONVENTIO",0.0,0.0