Num_Acc,jour,mois,an,hr,condition_eclairage,departement,commune,condition_agglomeration,intersection,condition_atmosphere,type_collision,adresse,lattitude,longitude
201400055243,8,9,14,7,1,75,115,2,1,1,3,"39, QUAI DE GRENELLE",0.0,0.0
201400055244,8,9,14,15,1,75,115,2,3,1,6,"24, BOULEVARD DE VAUGIRA",0.0,0.0
201400055245,8,9,14,19,1,75,115,2,2,1,7,"23, BOULEVARD VICTOR",0.0,0.0
201400055246,9,9,14,7,1,75,115,2,7,1,3,PLACE DES INSURGES DE VA,0.0,0.0
201400055247,9,9,14,16,1,75,115,2,1,1,6,"2, RUE LECOURBE",0.0,0.0
201400055248,9,9,14,21,5,75,115,2,3,1,6,"13, RUE BARGUE",0.0,0.0
201400055249,12,9,14,13,1,75,115,2,3,1,6,"60, RUE DE LA CROIX NIVE",0.0,0.0
201400055250,12,9,14,14,1,75,115,2,2,1,6,"75, RUE DE LOURMEL",0.0,0.0
201400055251,14,9,14,20,5,75,115,2,2,1,7,"1, ROND POINT DU PONT MI",0.0,0.0
201400055252,17,9,14,18,1,75,115,2,3,1,6,"1, PLACE RAOUL DAUTRY",0.0,0.0
201400055253,17,9,14,20,5,75,115,2,1,1,3,QUAI ANDRE CITROEN,0.0,0.0
201400055254,18,9,14,0,5,75,114,2,4,1,6,BOULEVARD PERIPHERIQUE,0.0,0.0
201400055255,18,9,14,5,5,75,115,2,1,1,6,"49, RUE DE DANTZIG",0.0,0.0
201400055256,18,9,14,16,1,75,115,2,3,2,1,"07, RUE LINOIS",0.0,0.0
201400055257,20,9,14,11,1,75,115,2,1,1,2,"02, AVENUE DU MAINE",0.0,0.0
201400055258,21,9,14,14,1,75,115,2,2,1,3,RUE DE LA CONVENTION,0.0,0.0
201400055259,21,9,14,20,5,75,115,2,2,2,3,"108, RUE DE LA CONVENTIO",0.0,0.0
201400055260,22,9,14,16,1,75,115,2,2,1,6,"214, RUE DE LA CONVENTIO",0.0,0.0
201400055261,22,9,14,19,2,75,115,2,2,1,3,"50, BOULEVARD PASTEUR",0.0,0.0
201400055262,24,9,14,2,5,75,115,2,2,1,3,RUE DE VAUGIRARD,0.0,0.0
201400055263,24,9,14,10,1,75,115,2,2,1,6,"346, RUE LECOURBE",0.0,0.0
201400055264,24,9,14,18,1,75,115,2,1,1,6,"79, RUE DU COMMERCE",0.0,0.0
201400055265,24,9,14,18,1,75,115,2,1,1,2,"16, RUE JEAN REY",0.0,0.0
201400055266,24,9,14,20,5,75,115,2,1,1,7,"44, AVENUE DE SUFFREN",0.0,0.0
201400055267,25,9,14,17,1,75,115,2,1,1,2,NON DENOMMEE AD/15,0.0,0.0
201400055268,28,9,14,22,5,75,115,2,2,1,1,"193, RUE DE VAUGIRARD",0.0,0.0
201400055269,29,9,14,9,1,75,115,2,3,2,2,"116, RUE DE LA CONVENTIO",0.0,0.0
201400055270,29,9,14,18,1,75,115,2,2,1,6,"196, RUE DE LA CONVENTIO",0.0,0.0
201400055271,29,9,14,17,1,75,115,2,1,1,3,"225, RUE DE VAUGIRARD",0.0,0.0
201400055272,30,9,14,19,1,75,115,2,1,1,2,"100, RUE DE LA CONVENTIO",0.0,0.0
201400055273,30,9,14,20,5,75,115,2,2,1,1,"16, RUE LINOIS",0.0,0.0
201400055274,1,10,14,13,1,75,115,2,3,1,6,"142, RUE SAINT CHARLES",0.0,0.0
201400055275,1,10,14,13,1,75,115,2,1,1,4,BOULEVARD PERIPHERIQUE,0.0,0.0
201400055276,1,10,14,15,1,75,115,2,1,1,6,"104, RUE LECOURBE",0.0,0.0
201400055277,1,10,14,21,3,75,115,2,1,1,3,"44, RUE LINOIS",0.0,0.0
201400055278,2,10,14,10,1,75,115,2,1,1,2,"285, RUE DE VAUGIRARD",0.0,0.0
201400055279,2,10,14,13,1,75,115,2,1,1,3,PONT DE GRENELLE,0.0,0.0
201400055280,2,10,14,15,1,75,115,2,1,1,6,"114, RUE DE LA CROIX NIV",0.0,0.0
201400055281,3,10,14,16,1,75,115,2,7,1,3,PLACE DES INSURGES DE VA,0.0,0.0
201400055282,5,10,14,13,1,75,115,2,3,1,3,"245, RUE LECOURBE",0.0,0.0
201400055283,7,10,14,15,1,75,115,2,1,1,6,"38, RUE FALGUIERE",0.0,0.0
201400055284,8,10,14,7,1,75,115,2,2,2,6,"20, BOULEVARD PASTEUR",0.0,0.0
201400055285,8,10,14,8,1,75,115,2,2,3,7,"65, AVENUE DE LA MOTTE P",0.0,0.0
201400055286,9,10,14,22,5,75,115,2,3,2,5,"27, QUAI DE GRENELLE",0.0,0.0
201400055287,11,10,14,8,1,75,115,2,1,2,7,"361, RUE LECOURBE",0.0,0.0
201400055288,11,10,14,17,1,75,115,2,4,1,7,"53, BOULEVARD DE GRENELL",0.0,0.0
201400055289,9,10,14,15,1,75,115,2,3,1,3,"90, RUE DE LA CROIX NIVE",0.0,0.0
201400055290,13,10,14,17,1,75,115,2,2,1,6,"112, RUE SAINT CHARLES",0.0,0.0
201400055291,15,10,14,12,1,75,115,2,7,2,6,"1, PLACE DE LA PORTE DE",0.0,0.0
201400055292,15,10,14,17,1,75,115,2,2,8,6,RUE DES ENTREPRENEURS,0.0,0.0
201400055293,16,10,14,20,5,75,115,2,3,2,6,"393, RUE DE VAUGIRARD",0.0,0.0
201400055294,16,10,14,19,5,75,115,2,1,2,6,"44, BOULEVARD VICTOR",0.0,0.0
201400055295,18,10,14,11,1,75,115,2,4,1,3,AVENUE DE LA PORTE DE LA,0.0,0.0
201400055296,18,10,14,12,1,75,115,2,3,1,6,"29, RUE CAMBRONNE",0.0,0.0
201400055297,20,10,14,12,1,75,115,2,4,1,6,"86, RUE DE LA FEDERATION",0.0,0.0
201400055298,22,10,14,11,1,75,115,2,1,1,3,"54, RUE DE LA CONVENTION",0.0,0.0
201400055299,22,10,14,14,1,75,115,2,3,1,2,"1, AVENUE ERNEST RENAN",0.0,0.0
201400055300,23,10,14,20,5,75,115,2,7,1,4,"4, RUE LOUIS ARMAND",0.0,0.0
201400055301,25,10,14,15,1,75,107,2,1,2,6,QUAI BRANLY,0.0,0.0
201400055302,26,10,14,6,5,75,115,2,5,8,3,"152, RUE DE LA CONVENTIO",0.0,0.0
201400055303,27,10,14,10,1,75,115,2,3,1,6,"88, RUE DE LA FEDERATION",0.0,0.0
201400055304,27,10,14,14,1,75,115,2,5,1,3,"84, RUE CAMBRONNE",0.0,0.0
201400055305,27,10,14,15,1,75,115,2,2,1,6,RUE DE LA CONVENTION,0.0,0.0
201400055306,27,10,14,17,2,75,115,2,7,1,2,AVENUE EMILE ZOLA,0.0,0.0
201400055307,28,10,14,17,3,75,115,2,3,1,3,"114, BOULEVARD DE GRENEL",0.0,0.0
201400055308,29,10,14,14,1,75,115,2,7,1,6,PLACE D ALLERAY,0.0,0.0
201400055309,29,10,14,18,5,75,115,2,1,1,3,"98, RUE DE LA CONVENTION",0.0,0.0
201400055310,30,10,14,23,5,75,115,2,2,1,3,"274, RUE LECOURBE",0.0,0.0
201400055311,31,10,14,18,2,75,115,2,1,1,3,RUE EMERIAU,0.0,0.0
201400055312,2,11,14,22,5,75,115,2,2,2,2,"230-232, RUE DE VAUGIRAR",0.0,0.0
201400055313,3,11,14,11,1,75,115,2,5,1,6,"35, AVENUE DE LA PORTE B",0.0,0.0
201400055314,3,11,14,18,5,75,115,2,3,3,3,"23, RUE LECOURBE",0.0,0.0
201400055315,3,11,14,18,5,75,115,2,5,3,6,"33, BOULEVARD PASTEUR",0.0,0.0
201400055316,3,11,14,20,5,75,115,2,2,2,3,"112, RUE BRANCION",0.0,0.0
201400055317,5,11,14,10,1,75,107,2,7,1,3,"39, QUAI D ORSAY",0.0,0.0
201400055318,7,11,14,7,1,75,115,2,3,2,6,"54, RUE FELIX FAURE",0.0,0.0
201400055319,8,11,14,2,5,75,115,2,2,1,6,"0, BOULEVARD GENERAL MAR",0.0,0.0
201400055320,9,11,14,17,5,75,115,2,1,1,3,"184, RUE DE LA CROIX NIV",0.0,0.0
201400055321,9,11,14,19,5,75,115,2,1,1,6,PORTE DE SEVRES,0.0,0.0
201400055322,12,11,14,21,3,75,107,2,1,1,6,"48, RUE DE SEVRES",0.0,0.0
201400055323,14,11,14,14,1,75,115,2,1,2,7,"85, BOULEVARD PASTEUR",0.0,0.0
201400055324,15,11,14,11,1,75,115,2,1,1,6,"9, RUE BALARD",0.0,0.0
201400055325,16,11,14,20,5,75,115,2,2,2,6,"319, RUE DE VAUGIRARD",0.0,0.0
201400055326,17,11,14,13,1,75,115,2,5,2,3,"110, QUAI BRANLY",0.0,0.0
201400055327,17,11,14,18,3,75,115,2,1,2,6,"45, RUE LECOURBE",0.0,0.0
201400055328,18,11,14,9,1,75,115,2,4,2,3,QUAI D ISSY LES MOULINEA,0.0,0.0
201400055329,18,11,14,18,5,75,115,2,1,2,3,"71, RUE DE LA CROIX NIVE",0.0,0.0
201400055330,18,11,14,20,5,75,115,2,1,2,2,"62 bis, RUE DES ENTREPRE",0.0,0.0
201400055331,20,11,14,3,5,75,115,2,1,1,7,"1, BOULEVARD GENERAL MAR",0.0,0.0
201400055332,20,11,14,8,1,75,115,2,1,1,7,"19, RUE SAINT SAENS",0.0,0.0
201400055333,20,11,14,12,1,75,115,2,2,1,3,RUE AUGUSTE CHABRIERES,0.0,0.0
201400055334,20,11,14,21,5,75,115,2,1,1,3,BOULEVARD PERIPHERIQUE,0.0,0.0
201400055335,24,11,14,16,1,75,115,2,1,1,7,"85, RUE DE LA CONVENTION",0.0,0.0
201400055336,26,11,14,20,5,75,115,2,1,2,7,"274, RUE LECOURBE",0.0,0.0
201400055337,26,11,14,19,5,75,115,2,1,2,2,"26, RUE LOUIS ARMAND",0.0,0.0
201400055338,29,11,14,13,1,75,115,2,2,1,6,"70, RUE DES ENTREPRENEUR",0.0,0.0
201400055339,30,11,14,19,5,75,115,2,2,2,3,"50, BOULEVARD VICTOR",0.0,0.0
201400055340,30,11,14,19,5,75,115,2,2,2,6,PONT DU GARIGLIANO,0.0,0.0
201400055341,30,11,14,22,5,75,115,2,2,2,6,"20, RUE FIZEAU",0.0,0.0
201400055342,2,12,14,6,5,75,115,2,5,1,3,"219, RUE DE LA CROIX NIV",0.0,0.0
201400055343,6,12,14,10,1,75,115,2,4,1,6,"88, RUE DE LA FEDERATION",0.0,0.0
201400055344,6,12,14,18,5,75,115,2,5,1,6,"92, BOULEVARD DE GRENELL",0.0,0.0
201400055345,6,12,14,18,5,75,115,2,5,1,3,"1, RUE LINOIS",0.0,0.0
201400055346,8,12,14,9,1,75,115,2,5,8,6,"131, RUE DE VAUGIRARD",0.0,0.0
201400055347,8,12,14,9,1,75,115,2,5,1,6,"70, AVENUE EMILE ZOLA",0.0,0.0
201400055348,8,12,14,14,1,75,115,2,2,2,3,"112, RUE SAINT CHARLES",0.0,0.0
201400055349,10,12,14,11,1,75,115,2,7,8,1,"4, PLACE DE BRETEUIL",0.0,0.0
201400055350,10,12,14,13,1,75,115,2,1,2,6,"52, RUE DE LA CROIX NIVE",0.0,0.0
201400055351,10,12,14,18,5,75,115,2,7,2,6,"2, RUE LOUIS ARMAND",0.0,0.0
201400055352,10,12,14,19,5,75,115,2,1,1,3,PONT MIRABEAU,0.0,0.0
201400055353,11,12,14,0,5,75,115,2,2,1,3,"32, BOULEVARD DU MONTPAR",0.0,0.0
201400055354,11,12,14,21,5,75,115,2,2,1,3,"198, RUE DE LA CONVENTIO",0.0,0.0
201400055355,12,12,14,23,5,75,114,2,1,3,6,"92, AVENUE DENFERT ROCHE",0.0,0.0
201400055356,14,12,14,0,5,75,115,2,2,1,6,"198, RUE DE LA CONVENTIO",0.0,0.0
201400055357,14,12,14,12,1,75,115,2,1,1,1,QUAI D ISSY LES MOULINEA,0.0,0.0
201400055358,16,12,14,8,2,75,115,2,2,2,6,"39, RUE DE LA PROCESSION",0.0,0.0
201400055359,17,12,14,7,3,75,115,2,3,2,1,RUE DE VOUILLE,0.0,0.0
201400055360,17,12,14,8,2,75,115,2,2,2,3,RUE DURANTON,0.0,0.0
201400055361,17,12,14,12,1,75,115,2,1,2,3,"18, BOULEVARD DE GRENELL",0.0,0.0
201400055362,17,12,14,16,1,75,115,2,1,2,2,"35, BOULEVARD DE VAUGIRA",0.0,0.0
201400055363,19,12,14,8,2,75,115,2,5,1,6,"128, AVENUE EMILE ZOLA",0.0,0.0
201400055364,19,12,14,16,1,75,115,2,3,3,6,"313, RUE DE VAUGIRARD",0.0,0.0
201400055365,22,12,14,11,1,75,115,2,3,1,3,"222, RUE DE LA CONVENTIO",0.0,0.0
201400055366,23,12,14,8,2,75,115,2,2,8,1,RUE LINOIS,0.0,0.0
201400055367,23,12,14,19,5,75,115,2,2,1,6,"64, RUE DUTOT",0.0,0.0
201400055368,24,12,14,9,1,75,115,2,1,1,6,"66, AVENUE EMILE ZOLA",0.0,0.0
201400055369,26,12,14,19,5,75,115,2,1,2,6,"105, AVENUE FELIX FAURE",0.0,0.0
201400055370,30,12,14,0,5,75,115,2,3,1,6,"2, RUE DE LA PORTE D ISS",0.0,0.0
201400055371,30,12,14,10,1,75,115,2,5,1,3,"1, BOULEVARD GENERAL MAR",0.0,0.0
201400055372,31,12,14,18,5,75,115,2,3,1,6,"8, BOULEVARD GARIBALDI",0.0,0.0
201400055373,1,1,14,3,5,75,116,2,5,1,6,AVENUE DU PRESIDENT WILS,0.0,0.0
201400055374,2,1,14,9,1,75,116,2,4,1,7,"16, AVENUE RAPHAEL",0.0,0.0
201400055375,2,1,14,14,1,75,116,2,1,1,2,"39bis, AVENUE PAUL DOUME",0.0,0.0
201400055376,3,1,14,19,5,75,116,2,2,1,3,ALLEE DE LA REINE MARGUE,0.0,0.0
201400055377,31,12,14,18,5,75,116,2,1,1,6,"57, BOULEVARD LANNES",0.0,0.0
201400055378,5,1,14,23,5,75,116,2,1,2,6,AVENUE DE NEW YORK,0.0,0.0
201400055379,6,1,14,7,5,75,116,2,2,8,6,ALLEE DE LA REINE MARGUE,0.0,0.0
201400055380,6,1,14,11,1,75,116,2,1,1,3,AVENUE RAPHAEL,0.0,0.0
201400055381,7,1,14,12,1,75,116,2,1,1,6,BOULEVARD DE L AMIRAL BR,0.0,0.0
201400055382,7,1,14,15,2,75,116,2,1,2,6,"88, AVENUE RAYMOND POINC",0.0,0.0
201400055383,7,1,14,18,5,75,116,2,1,1,2,"1-3, AVENUE MARCEAU",0.0,0.0
201400055384,7,1,14,18,2,75,116,2,1,1,3,ROUTE DE LA PTE DES SABL,0.0,0.0
201400055385,7,1,14,19,5,75,116,2,7,1,7,PLACE DE VARSOVIE,0.0,0.0
201400055386,7,1,14,20,3,75,116,2,1,1,2,BOULEVARD PERIPHERIQUE E,0.0,0.0
201400055387,8,1,14,17,2,75,116,2,1,1,6,"25 BIS, RUE JASMIN",0.0,0.0
201400055388,9,1,14,14,1,75,116,2,3,2,6,"11bis, AVENUE VICTOR HUG",0.0,0.0
201400055389,10,1,14,14,1,75,116,2,1,1,6,"42, RUE RAYNOUARD",0.0,0.0
201400055390,10,1,14,20,5,75,116,2,3,1,2,"18, RUE GROS",0.0,0.0
201400055391,11,1,14,1,5,75,116,2,5,2,3,"25, RUE PERGOLESE",0.0,0.0
201400055392,11,1,14,7,5,75,116,2,2,2,7,RUE CLAUDE TERRASSE,0.0,0.0
201400055393,12,1,14,17,5,75,116,2,1,1,3,ALLEE DE LONGCHAMP,0.0,0.0
201400055394,13,1,14,7,2,75,116,2,4,1,6,AVENUE DE LA PORTE DE SA,0.0,0.0
201400055395,13,1,14,15,1,75,116,2,7,1,3,"1, PLACE D IENA",0.0,0.0
201400055396,14,1,14,14,1,75,116,2,1,2,3,"21, AVENUE D IENA",0.0,0.0
201400055397,18,1,14,0,5,75,116,2,1,1,6,"60, AVENUE HENRI MARTIN",0.0,0.0
201400055398,19,1,14,16,1,75,116,2,4,1,3,"92, AVENUE D IENA",0.0,0.0
201400055399,20,1,14,6,2,75,116,2,3,1,1,"59, BOULEVARD MURAT",0.0,0.0
201400055400,20,1,14,11,1,75,116,2,1,1,3,"45, AVENUE KLEBER",0.0,0.0
201400055401,21,1,14,18,5,75,116,2,7,1,3,"06, PLACE DE LA PORTE DE",0.0,0.0
201400055402,22,1,14,8,1,75,116,2,1,1,3,ALLEE DE LONGCHAMP,0.0,0.0
201400055403,22,1,14,17,2,75,116,2,1,2,6,"88, AVENUE VICTOR HUGO",0.0,0.0
201400055404,22,1,14,19,5,75,116,2,3,2,6,RUE LARGILLIERE,0.0,0.0
201400055405,22,1,14,20,5,75,116,2,2,2,3,ALLEE DE LONGCHAMP,0.0,0.0
201400055406,22,1,14,20,5,75,116,2,3,2,3,"150, AVENUE DE MALAKOFF",0.0,0.0
201400055407,22,1,14,23,5,75,116,2,1,2,6,"107, RUE DE LA POMPE",0.0,0.0
201400055408,21,1,14,13,1,75,116,2,2,1,2,RUE WILHEM,0.0,0.0
201400055409,23,1,14,18,5,75,116,2,1,2,2,ALLEE DES FORTIFICATIONS,0.0,0.0
201400055410,23,1,14,20,5,75,116,2,3,2,3,BOULEVARD DELESSERT,0.0,0.0
201400055411,25,1,14,13,1,75,116,2,3,1,7,RUE DU DOCTEUR BLANCHE,0.0,0.0
201400055412,25,1,14,19,5,75,116,2,3,1,3,AVENUE DE LA PORTE D AUT,0.0,0.0
201400055413,30,1,14,18,5,75,116,2,2,1,2,"55, BOULEVARD SUCHET",0.0,0.0
201400055414,30,1,14,19,5,75,116,2,1,1,3,"129, AVENUE DE MALAKOFF",0.0,0.0
201400055415,31,1,14,19,5,75,116,2,2,1,7,ROUTE DE LA PTE DES SABL,0.0,0.0
201400055416,3,2,14,10,1,75,116,2,1,1,5,"129, AVENUE DE MALAKOFF",0.0,0.0
201400055417,3,2,14,17,5,75,116,2,1,1,6,ROUTE DE SEVRES A NEUILL,0.0,0.0
201400055418,5,2,14,15,1,75,116,2,2,2,3,AVENUE DE NEW YORK,0.0,0.0
201400055419,6,2,14,11,1,75,116,2,1,3,6,"29, RUE AMIRAL HAMELIN",0.0,0.0
201400055420,6,2,14,16,1,75,116,2,7,1,3,AVENUE FOCH,0.0,0.0
201400055421,8,2,14,14,1,75,116,2,2,2,1,"51, RUE MIRABEAU",0.0,0.0
201400055422,8,2,14,5,5,75,116,2,2,2,3,RUE LAURISTON,0.0,0.0
201400055423,10,2,14,14,1,75,116,2,1,1,3,"16, AVENUE THEOPHILE GAU",0.0,0.0
201400055424,11,2,14,9,1,75,116,2,2,1,6,"62, AVENUE THEOPHILE GAU",0.0,0.0
201400055425,11,2,14,18,3,75,116,2,3,2,2,ALLEE DE LA REINE MARGUE,0.0,0.0
201400055426,13,2,14,17,2,75,116,2,3,1,6,"53, RUE DE LA TOUR",0.0,0.0
201400055427,15,2,14,12,1,75,116,2,4,1,3,"1, RUE DURET",0.0,0.0
201400055428,16,2,14,11,1,75,116,2,1,1,6,ALLEE DE LONGCHAMP,0.0,0.0
201400055429,17,2,14,12,1,75,116,2,7,1,6,"83, AVENUE FOCH",0.0,0.0
201400055430,17,2,14,14,1,75,116,2,4,1,2,"1, RUE DE BOULAINVILLIER",0.0,0.0
201400055431,17,2,14,18,2,75,116,2,2,1,6,"20, CHAUSSEE LA MUETTE",0.0,0.0
201400055432,19,2,14,10,1,75,116,2,1,2,6,"15, AVENUE DE LA GRANDE",0.0,0.0
201400055433,20,2,14,15,1,75,116,2,4,2,2,AVENUE GEORGES LAFONT,0.0,0.0
201400055434,21,2,14,14,1,75,116,2,3,1,6,"4, RUE COROT",0.0,0.0
201400055435,21,2,14,18,2,75,116,2,1,8,6,VOIE GEORGES POMPIDOU,0.0,0.0
201400055436,23,2,14,15,1,75,116,2,4,1,3,BOULEVARD MURAT,0.0,0.0
201400055437,24,2,14,13,1,75,116,2,4,1,6,"0, ROUTE DES TRIBUNES",0.0,0.0
201400055438,24,2,14,18,5,75,116,2,1,1,4,AVENUE DE L HIPPODROME,0.0,0.0
201400055439,26,2,14,17,1,75,116,2,2,1,3,"3, AVENUE VICTOR HUGO",0.0,0.0
201400055440,26,2,14,17,1,75,116,2,1,1,6,"11, AVENUE D EYLAU",0.0,0.0
201400055441,27,2,14,9,1,75,116,2,1,3,6,"160, AVENUE DE VERSAILLE",0.0,0.0
201400055442,27,2,14,15,1,75,116,2,1,2,2,"132, AVENUE DE MALAKOFF",0.0,0.0
201400055443,1,3,14,9,1,75,116,2,5,8,3,PLACE CLEMENT ADER,0.0,0.0
201400055444,3,3,14,8,1,75,116,2,3,1,7,ALLEE DU BORD DE L EAU,0.0,0.0
201400055445,5,3,14,12,1,75,116,2,2,1,3,"64, AVENUE DE NEW YORK",0.0,0.0
201400055446,5,3,14,11,1,75,116,2,7,1,3,PLACE CHARLES DE GAULLE,0.0,0.0
201400055447,5,3,14,15,1,75,116,2,2,1,3,"22, AVENUE PIERRE 1ER DE",0.0,0.0
201400055448,5,3,14,17,1,75,116,2,7,1,3,PLACE DU MARECHAL DE LAT,0.0,0.0
201400055449,6,3,14,13,1,75,116,2,4,7,6,"01, RUE DE SIAM",0.0,0.0
201400055450,6,3,14,19,5,75,116,2,1,1,3,"30, AVENUE D IENA",0.0,0.0
201400055451,7,3,14,2,5,75,116,2,1,1,6,"66, AVENUE DE VERSAILLES",0.0,0.0
201400055452,8,3,14,16,1,75,116,2,2,1,2,ROUTE DE SEVRES A NEUILL,0.0,0.0
201400055453,9,3,14,18,1,75,116,2,1,1,6,"65 bis, RUE NICOLO",0.0,0.0
201400055454,10,3,14,10,1,75,116,2,7,1,5,RUE BENJAMIN FRANKLIN,0.0,0.0
201400055455,10,3,14,18,1,75,116,2,7,1,3,"170, AVENUE DE VERSAILLE",0.0,0.0
201400055456,10,3,14,20,5,75,116,2,7,1,6,PLACE CLEMENT ADER,0.0,0.0
201400055457,11,3,14,18,2,75,116,2,1,1,3,"123, AVENUE DE VERSAILLE",0.0,0.0
201400055458,12,3,14,9,1,75,116,2,1,1,6,"42, AVENUE DE VERSAILLES",0.0,0.0
201400055459,13,3,14,12,1,75,116,2,1,1,4,"16, AVENUE DE VERSAILLES",0.0,0.0
201400055460,13,3,14,18,2,75,116,2,2,1,6,"51, AVENUE VICTOR HUGO",0.0,0.0
201400055461,13,3,14,22,3,75,116,2,3,1,2,"11, BOULEVARD LANNES",0.0,0.0
201400055462,14,3,14,7,2,75,116,2,7,1,2,"91, RUE DE LONGCHAMP",0.0,0.0
201400055463,14,3,14,11,1,75,116,2,2,1,2,"1, AVENUE PAUL DOUMER",0.0,0.0
201400055464,14,3,14,13,1,75,116,2,1,1,3,"97, RUE DU RANELAGH",0.0,0.0
201400055465,15,3,14,1,5,75,116,2,3,1,7,"22, AVENUE MOZART",0.0,0.0
201400055466,15,3,14,0,5,75,116,2,4,1,3,ROUTE DES TRIBUNES,0.0,0.0
201400055467,15,3,14,15,1,75,116,2,1,1,2,"11, AVENUE DU PRESIDENT",0.0,0.0
201400055468,16,3,14,2,5,75,116,1,1,1,6,AVENUE DE L HIPPODROME,0.0,0.0
201400055469,16,3,14,6,2,75,116,2,2,1,3,AVENUE DE NEW YORK,0.0,0.0
201400055470,16,3,14,12,1,75,116,2,7,1,2,PLACE DE LA PORTE MAILLO,0.0,0.0
201400055471,16,3,14,19,5,75,117,2,7,1,6,PLACE DE LA PORTE MAILLO,0.0,0.0
201400055472,18,3,14,12,1,75,116,2,7,1,2,AVENUE D EYLAU,0.0,0.0
201400055473,18,3,14,19,2,75,116,2,1,1,3,"27, BOULEVARD SUCHET",0.0,0.0
201400055474,20,3,14,9,1,75,116,2,4,1,2,AVENUE GEORGES LAFONT,0.0,0.0
201400055475,21,3,14,10,1,75,116,2,2,1,3,"10, AVENUE DU PRESIDENT",0.0,0.0
201400055476,22,3,14,6,2,75,116,2,2,1,7,AVENUE ALBERT DE MUN,0.0,0.0
201400055477,23,3,14,15,1,75,116,2,5,2,7,"34, BOULEVARD DE L AMIRA",0.0,0.0
201400055478,25,3,14,8,1,75,116,2,1,2,2,"26, AVENUE DE NEW YORK",0.0,0.0
201400055479,25,3,14,11,1,75,116,2,5,2,6,AVENUE VICTOR HUGO,0.0,0.0
201400055480,26,3,14,9,1,75,116,2,7,1,2,"104, AVENUE GEORGES LAFO",0.0,0.0
201400055481,26,3,14,11,1,75,116,2,7,1,3,PLACE CHARLES DE GAULLE,0.0,0.0
201400055482,26,3,14,15,1,75,116,2,3,1,2,"50, AVENUE FOCH",0.0,0.0
201400055483,27,3,14,8,1,75,116,2,1,1,7,"18, BOULEVARD EXELMANS",0.0,0.0
201400055484,27,3,14,15,1,75,116,2,1,1,3,"116, AVENUE DU PRESIDENT",0.0,0.0
201400055485,27,3,14,19,5,75,116,2,7,1,3,"1, PORTE DAUPHINE",0.0,0.0
201400055486,28,3,14,16,1,75,116,2,2,1,6,AVENUE BUGEAUD,0.0,0.0
201400055487,28,3,14,18,2,75,116,2,1,1,2,"69, RUE D AUTEUIL",0.0,0.0
201400055488,29,3,14,2,5,75,116,2,7,1,6,AVENUE GEORGES LAFONT,0.0,0.0
201400055489,2,4,14,19,1,75,116,2,1,1,2,VOIE GEORGES POMPIDOU,0.0,0.0
201400055490,3,4,14,0,5,75,116,2,7,1,2,PLACE CHARLES DE GAULLE,0.0,0.0
201400055491,3,4,14,10,1,75,116,2,1,1,4,"11, AVENUE DE LA GRANDE",0.0,0.0
201400055492,4,4,14,9,1,75,116,2,2,1,6,ROUTE DE SEVRES A NEUILL,0.0,0.0
201400055493,5,4,14,15,1,75,116,2,2,1,6,"122, RUE DE LONGCHAMP",0.0,0.0
201400055494,6,4,14,9,1,75,116,2,7,1,3,"5, PLACE DE LA PORTE DE",0.0,0.0
201400055495,6,4,14,11,1,75,116,2,1,1,3,ROUTE DES TRIBUNES,0.0,0.0
201400055496,6,4,14,17,1,75,116,2,1,1,1,"190, AVENUE VICTOR HUGO",0.0,0.0
201400055497,7,4,14,16,1,75,116,2,5,1,3,"81, AVENUE FOCH",0.0,0.0
201400055498,7,4,14,22,5,75,116,2,3,1,1,CHAUSSEE LA MUETTE,0.0,0.0
201400055499,8,4,14,8,1,75,116,2,2,1,6,"12, RUE FRANCOIS MILLET",0.0,0.0
201400055500,8,4,14,12,1,75,116,2,1,1,2,"13, AVENUE D EYLAU",0.0,0.0
201400055501,8,4,14,13,1,75,108,2,7,1,6,PLACE DE L ALMA,0.0,0.0
201400055502,8,4,14,19,1,75,116,2,2,1,2,"43, AVENUE GEORGES MANDE",0.0,0.0
201400055503,9,4,14,1,5,75,116,2,5,1,6,ROUTE DE SURESNES,0.0,0.0
201400055504,8,4,14,23,5,75,116,2,3,1,7,"11, BOULEVARD LANNES",0.0,0.0
201400055505,9,4,14,18,1,75,116,2,7,1,2,PLACE VICTOR HUGO,0.0,0.0
201400055506,9,4,14,23,5,75,116,2,7,1,3,RUE JOSEPH ET MARIE HACK,0.0,0.0
201400055507,9,4,14,13,1,75,116,2,5,1,2,AVENUE DU PRESIDENT KENN,0.0,0.0
201400055508,9,4,14,11,1,75,116,2,5,1,6,AVENUE DE VERSAILLES,0.0,0.0
201400055509,10,4,14,14,1,75,116,2,7,1,3,AVENUE VICTOR HUGO,0.0,0.0
201400055510,11,4,14,2,5,75,116,2,1,1,6,ALLEE DE LA REINE MARGUE,0.0,0.0
201400055511,11,4,14,8,1,75,116,2,1,1,2,VOIE GEORGES POMPIDOU,0.0,0.0
201400055512,12,4,14,0,5,75,116,2,1,1,3,"85, AVENUE DE LA GRANDE",0.0,0.0
201400055513,12,4,14,8,1,75,116,2,3,1,1,AVENUE DE LA PORTE D AUT,0.0,0.0
201400055514,13,4,14,8,1,75,116,2,2,1,5,ALLEE DE LONGCHAMP,0.0,0.0
201400055515,14,4,14,18,1,75,116,2,1,1,6,"5, RUE BOILEAU",0.0,0.0
201400055516,15,4,14,10,1,75,116,2,1,1,2,PORTE DAUPHINE,0.0,0.0
201400055517,16,4,14,10,1,75,116,2,1,7,2,"9 bis, RUE DE BOULAINVIL",0.0,0.0
201400055518,15,4,14,13,1,75,116,2,5,1,5,PLACE CLEMENT ADER,0.0,0.0
201400055519,16,4,14,20,2,75,116,2,4,1,4,"11, AVENUE MARCEAU",0.0,0.0
201400055520,16,4,14,20,5,75,116,2,7,1,2,AVENUE DU PRESIDENT KENN,0.0,0.0