Num_Acc,jour,mois,an,hr,condition_eclairage,departement,commune,condition_agglomeration,intersection,condition_atmosphere,type_collision,adresse,lattitude,longitude
201400055521,17,4,14,11,1,75,116,2,1,7,6,"18, AVENUE DU PRESIDENT",0.0,0.0
201400055522,17,4,14,11,1,75,116,2,1,1,1,"22, AVENUE VICTOR HUGO",0.0,0.0
201400055523,17,4,14,16,1,75,116,2,3,1,4,ALLEE DU BORD DE L EAU,0.0,0.0
201400055524,17,4,14,11,1,75,116,2,1,1,2,ALLEE DU BORD DE L EAU,0.0,0.0
201400055525,23,4,14,9,1,75,116,2,7,1,6,"2, AVENUE RAYMOND POINCA",0.0,0.0
201400055526,23,4,14,13,1,75,116,2,1,1,6,"44, AVENUE DU PRESIDENT",0.0,0.0
201400055527,24,4,14,10,1,75,116,2,7,1,3,"5, PLACE DE LA PORTE DE",0.0,0.0
201400055528,24,4,14,15,1,75,116,2,3,1,2,"2, AVENUE DE NEW YORK",0.0,0.0
201400055529,25,4,14,22,5,75,116,2,3,1,6,"02, RUE LAURISTON",0.0,0.0
201400055530,26,4,14,17,1,75,116,2,3,1,3,"88, RUE CHARDON LAGACHE",0.0,0.0
201400055531,27,4,14,12,1,75,116,2,1,1,4,ROUTE DES TRIBUNES,0.0,0.0
201400055532,28,4,14,9,1,75,116,2,2,2,7,"7, AVENUE DE LAMBALLE",0.0,0.0
201400055533,28,4,14,14,1,75,116,2,7,1,4,"89, AVENUE DE LA GRANDE",0.0,0.0
201400055534,28,4,14,16,1,75,116,2,2,1,7,"15, AVENUE PIERRE 1ER DE",0.0,0.0
201400055535,28,4,14,18,1,75,116,2,5,1,3,AVENUE DU PRESIDENT KENN,0.0,0.0
201400055536,28,4,14,21,5,75,116,2,1,1,2,AVENUE EDOUARD VAILLANT,0.0,0.0
201400055537,29,4,14,18,1,75,116,2,6,2,6,"14, AVENUE FOCH",0.0,0.0
201400055538,1,5,14,13,1,75,116,2,7,3,3,PLACE DU MARECHAL DE LAT,0.0,0.0
201400055539,3,5,14,2,5,75,116,2,1,1,6,"14, SQUARE ALBONI",0.0,0.0
201400055540,3,5,14,10,1,75,116,2,1,1,7,ROUTE DES TRIBUNES,0.0,0.0
201400055541,3,5,14,12,1,75,116,2,1,1,2,RUE DE BOULAINVILLIERS,0.0,0.0
201400055542,4,5,14,11,1,75,116,2,1,1,6,ROUTE DES TRIBUNES,0.0,0.0
201400055543,5,5,14,10,1,75,116,2,7,1,3,PLACE DE LA PORTE MAILLO,0.0,0.0
201400055544,5,5,14,18,1,75,116,2,1,1,6,"32, AVENUE KLEBER",0.0,0.0
201400055545,5,5,14,13,1,75,116,2,5,1,3,AVENUE FOCH,0.0,0.0
201400055546,6,5,14,12,1,75,116,2,1,1,6,"98, AVENUE RAYMOND POINC",0.0,0.0
201400055547,8,5,14,22,5,75,116,2,7,1,3,PLACE DE LA PORTE D AUTE,0.0,0.0
201400055548,9,5,14,15,1,75,116,2,5,1,6,"48 BIS, RUE D AUTEUIL",0.0,0.0
201400055549,9,5,14,21,1,75,116,2,5,1,3,AVENUE DU PRESIDENT KENN,0.0,0.0
201400055550,10,5,14,6,2,75,116,2,1,1,6,"72, AVENUE D IENA",0.0,0.0
201400055551,10,5,14,9,1,75,116,2,7,2,7,"128, BOULEVARD MURAT",0.0,0.0
201400055552,10,5,14,10,1,75,116,2,1,3,7,"38, AVENUE DE NEW YORK",0.0,0.0
201400055553,11,5,14,11,1,75,116,2,1,2,6,ROUTE DES TRIBUNES,0.0,0.0
201400055554,13,5,14,16,1,75,116,2,3,2,3,"3, AVENUE GORDON BENNETT",0.0,0.0
201400055555,14,5,14,12,1,75,116,2,1,1,2,"45, AVENUE DE LA GRANDE",0.0,0.0
201400055556,14,5,14,16,1,75,116,2,3,1,2,"13, RUE RAYNOUARD",0.0,0.0
201400055557,14,5,14,17,1,75,116,2,7,1,1,"1, RUE JEAN DE LA FONTAI",0.0,0.0
201400055558,14,5,14,19,1,75,116,2,3,1,2,"4, BOULEVARD ANDRE MAURO",0.0,0.0
201400055559,16,5,14,13,1,75,116,2,2,1,6,RUE DE LONGCHAMP,0.0,0.0
201400055560,16,5,14,15,1,75,117,2,3,1,3,"75, AVENUE DE LA GRANDE",0.0,0.0
201400055561,17,5,14,17,1,75,116,2,5,1,2,"33, AVENUE DU PRESIDENT",0.0,0.0
201400055562,19,5,14,10,1,75,116,2,3,1,6,"66, AVENUE KLEBER",0.0,0.0
201400055563,20,5,14,9,1,75,116,2,7,1,3,"1, BOULEVARD MURAT",0.0,0.0
201400055564,21,5,14,19,1,75,116,2,1,3,3,"130, AVENUE DE VERSAILLE",0.0,0.0
201400055565,22,5,14,16,1,75,116,2,1,1,6,"10, RUE RAYNOUARD",0.0,0.0
201400055566,22,5,14,19,1,75,116,2,2,1,6,"30, AVENUE THEOPHILE GAU",0.0,0.0
201400055567,23,5,14,7,1,75,117,2,1,1,5,"10BIS, AVENUE DE LA GRAN",0.0,0.0
201400055568,23,5,14,15,1,75,116,2,1,1,3,"38, QUAI LOUIS BLERIOT",0.0,0.0
201400055569,23,5,14,17,1,75,116,2,2,1,3,BOULEVARD SUCHET,0.0,0.0
201400055570,24,5,14,1,5,75,116,2,3,2,6,"69, AVENUE MARCEAU",0.0,0.0
201400055571,24,5,14,19,1,75,116,2,2,1,2,"83, AVENUE PAUL DOUMER",0.0,0.0
201400055572,25,5,14,5,2,75,116,2,5,1,2,ALLEE DE LONGCHAMP,0.0,0.0
201400055573,26,5,14,12,1,75,116,2,1,1,6,"2, ALLEE DU BORD DE L EA",0.0,0.0
201400055574,27,5,14,16,1,75,116,2,7,1,2,AVENUE DU PRESIDENT WILS,0.0,0.0
201400055575,28,5,14,10,1,75,116,2,5,2,6,"43, AVENUE KLEBER",0.0,0.0
201400055576,28,5,14,20,2,75,116,2,5,2,6,"128, AVENUE DU PRESIDENT",0.0,0.0
201400055577,30,5,14,2,5,75,116,2,7,1,7,"2, RUE DE LUBECK",0.0,0.0
201400055578,30,5,14,17,1,75,116,2,5,1,7,AVENUE DU MAHATMA GANDHI,0.0,0.0
201400055579,1,6,14,1,5,75,116,2,1,1,6,ALLEE DE LA REINE MARGUE,0.0,0.0
201400055580,2,6,14,20,1,75,116,2,7,1,3,PLACE CHARLES DE GAULLE,0.0,0.0
201400055581,4,6,14,15,1,75,116,2,3,2,6,RUE LE NOTRE,0.0,0.0
201400055582,5,6,14,14,1,75,116,2,1,1,6,"60, AVENUE FOCH",0.0,0.0
201400055583,5,6,14,18,1,75,116,2,1,1,2,"6, AVENUE D IENA",0.0,0.0
201400055584,5,6,14,19,1,75,116,2,3,1,3,ROUTE DES TRIBUNES,0.0,0.0
201400055585,6,6,14,10,1,75,116,2,5,1,6,"62, AVENUE DE NEW YORK",0.0,0.0
201400055586,6,6,14,18,1,75,116,2,1,1,6,"53, AVENUE KLEBER",0.0,0.0
201400055587,8,6,14,6,2,75,116,2,4,1,2,BOULEVARD PERIPHERIQUE I,0.0,0.0
201400055588,8,6,14,13,1,75,116,2,1,7,6,"16, RUE DE CIVRY",0.0,0.0
201400055589,9,6,14,7,2,75,116,2,2,3,6,RUE CHARDON LAGACHE,0.0,0.0
201400055590,11,6,14,11,1,75,116,2,2,1,6,RUE DE LA POMPE,0.0,0.0
201400055591,11,6,14,12,1,75,116,2,2,6,6,VENUE PAUL DOUMER,0.0,0.0
201400055592,11,6,14,17,1,75,116,2,1,1,2,ROUTE DE SEVRES A NEUILL,0.0,0.0
201400055593,11,6,14,19,1,75,116,2,1,1,2,"43, BOULEVARD SUCHET",0.0,0.0
201400055594,12,6,14,0,5,75,116,2,1,1,2,ALLEE DE LONGCHAMP,0.0,0.0
201400055595,12,6,14,7,1,75,116,2,3,1,6,"06, ALLEE DU BORD DE L E",0.0,0.0
201400055596,12,6,14,10,1,75,116,2,2,1,6,ROUTE DE LA MUETTE A NEU,0.0,0.0
201400055597,11,6,14,18,1,75,116,2,1,1,7,"00, ROUTE DE LA GRANDE C",0.0,0.0
201400055598,12,6,14,18,1,75,116,2,3,1,6,"37, BOULEVARD MURAT",0.0,0.0
201400055599,13,6,14,20,1,75,116,2,1,1,6,ROUTE DES TRIBUNES,0.0,0.0
201400055600,14,6,14,7,1,75,116,2,2,1,7,"2, AVENUE BOUDON",0.0,0.0
201400055601,14,6,14,14,1,75,116,2,3,1,6,"1, RUE JEAN BOLOGNE",0.0,0.0
201400055602,11,6,14,16,1,75,116,2,2,1,2,AVENUE DU PRESIDENT WILS,0.0,0.0
201400055603,15,6,14,18,1,75,116,2,2,1,3,ALLEE DE LONGCHAMP,0.0,0.0
201400055604,16,6,14,11,1,75,116,2,4,1,2,VOIE GEORGES POMPIDOU,0.0,0.0
201400055605,16,6,14,18,1,75,116,2,3,1,2,"4, RUE GUSTAVE NADAUD",0.0,0.0
201400055606,18,6,14,13,1,75,116,2,1,1,6,"102-104, RUE DE LONGCHAM",0.0,0.0
201400055607,19,6,14,18,1,75,116,2,3,1,2,AVENUE DE VERSAILLES,0.0,0.0
201400055608,19,6,14,19,1,75,116,2,3,1,6,AVENUE INGRES,0.0,0.0
201400055609,20,6,14,9,1,75,116,2,1,1,6,"23, AVENUE DE NEUILLY",0.0,0.0
201400055610,16,6,14,13,1,75,116,2,3,1,2,"123, BOULEVARD MURAT",0.0,0.0
201400055611,21,6,14,0,5,75,116,2,2,1,2,"152, AVENUE DE VERSAILLE",0.0,0.0
201400055612,19,6,14,19,1,75,116,2,4,1,2,"55, BOULEVARD MURAT",0.0,0.0
201400055613,22,6,14,12,1,75,116,2,1,1,6,ROUTE DE LA VIERGE AUX B,0.0,0.0
201400055614,22,6,14,18,1,75,116,2,7,1,3,PLACE DE VARSOVIE,0.0,0.0
201400055615,25,6,14,1,5,75,116,2,1,1,7,RUE DU COMMANDANT GUILBA,0.0,0.0
201400055616,25,6,14,11,1,75,116,2,1,1,6,"62, RUE RAYNOUARD",0.0,0.0
201400055617,25,6,14,17,1,75,116,2,3,1,6,"4, AVENUE DE NEW YORK",0.0,0.0
201400055618,26,6,14,18,1,75,116,2,4,1,6,"23, RUE GUDIN",0.0,0.0
201400055619,26,6,14,20,1,75,116,2,5,2,3,AVENUE FOCH,0.0,0.0
201400055620,27,6,14,10,1,75,116,2,3,1,6,"70, AVENUE FOCH",0.0,0.0
201400055621,27,6,14,15,1,75,116,2,1,1,3,AVENUE DE NEW YORK,0.0,0.0
201400055622,28,6,14,11,1,75,116,2,3,2,2,"14, RUE BENJAMIN FRANKLI",0.0,0.0
201400055623,26,6,14,10,1,75,116,2,1,1,6,"106, RUE DE LA POMPE",0.0,0.0
201400055624,29,6,14,15,1,75,108,2,4,2,2,"35, AVENUE DE FRIEDLAND",0.0,0.0
201400055625,30,6,14,9,1,75,116,2,1,1,6,"59, AVENUE D IENA",0.0,0.0
201400055626,30,6,14,21,5,75,116,2,2,1,6,RUE JEAN DE LA FONTAINE,0.0,0.0
201400055627,1,7,14,10,1,75,116,2,2,1,3,AVENUE DE L HIPPODROME,0.0,0.0
201400055628,2,7,14,1,5,75,116,2,1,1,6,"49, BOULEVARD LANNES",0.0,0.0
201400055629,2,7,14,18,1,75,116,2,7,1,3,CARREFOUR DES ANCIENS CO,0.0,0.0
201400055630,2,7,14,21,2,75,116,2,2,1,3,RUE JEAN DE LA FONTAINE,0.0,0.0
201400055631,3,7,14,9,1,75,116,2,1,1,4,BOULEVARD PERIPHERIQUE I,0.0,0.0
201400055632,3,7,14,12,1,75,116,2,1,1,2,"3, AVENUE PAUL DOUMER",0.0,0.0
201400055633,3,7,14,14,1,75,116,2,1,1,3,"117, AVENUE DE MALAKOFF",0.0,0.0
201400055634,3,7,14,22,2,75,116,2,1,1,2,ROUTE DES TRIBUNES,0.0,0.0
201400055635,4,7,14,0,5,75,116,2,2,1,7,AVENUE DE LA PORTE D AUT,0.0,0.0
201400055636,4,7,14,12,1,75,116,2,1,2,6,ALLEE DE LA REINE MARGUE,0.0,0.0
201400055637,4,7,14,13,1,75,116,2,1,1,6,"199, AVENUE DE VERSAILLE",0.0,0.0
201400055638,5,7,14,10,1,75,116,2,7,1,2,ALLEE DU BORD DE L EAU,0.0,0.0
201400055639,6,7,14,19,1,75,116,2,1,1,6,QUAI SAINT EXUPERY,0.0,0.0
201400055640,9,7,14,18,1,75,116,2,1,3,2,AVENUE DE NEW YORK,0.0,0.0
201400055641,10,7,14,1,5,75,116,2,1,2,6,ALLEE DE LONGCHAMP,0.0,0.0
201400055642,12,7,14,17,1,75,116,2,3,1,3,"6, AVENUE DE NEW YORK",0.0,0.0
201400055643,13,7,14,2,5,75,116,2,7,1,3,AVENUE DU PRESIDENT WILS,0.0,0.0
201400055644,13,7,14,22,5,75,116,2,2,1,3,BOULEVARD MURAT,0.0,0.0
201400055645,15,7,14,12,1,75,116,2,1,1,6,"75, RUE DES VIGNES",0.0,0.0
201400055646,15,7,14,17,1,75,116,2,5,1,5,"46, AVENUE RAYMOND POINC",0.0,0.0
201400055647,16,7,14,15,1,75,116,2,2,1,3,ROUTE DE LA MUETTE A NEU,0.0,0.0
201400055648,16,7,14,18,1,75,116,2,2,1,3,RUE NICOLO,0.0,0.0
201400055649,17,7,14,18,1,75,116,2,5,1,3,AVENUE KLEBER,0.0,0.0
201400055650,18,7,14,14,1,75,116,2,1,2,3,ALLEE DE LONGCHAMP,0.0,0.0
201400055651,18,7,14,9,1,75,116,2,3,1,6,"16, AVENUE PAUL DOUMER",0.0,0.0
201400055652,19,7,14,7,1,75,116,2,1,1,6,"2 bis, AVENUE DU PRESIDE",0.0,0.0
201400055653,19,7,14,5,5,75,116,2,1,1,1,ROUTE DE SURESNES,0.0,0.0
201400055654,20,7,14,11,1,75,116,2,1,1,6,"0, ROUTE DES TRIBUNES",0.0,0.0
201400055655,25,7,14,10,1,75,116,2,7,1,6,"63, AVENUE DE LA GRANDE",0.0,0.0
201400055656,27,7,14,1,5,75,116,2,2,1,3,ROUTE DE LA MUETTE A NEU,0.0,0.0
201400055657,28,7,14,10,1,75,116,2,7,1,3,"6, PLACE D IENA",0.0,0.0
201400055658,30,7,14,18,1,75,116,2,1,1,2,ALLEE DE LONGCHAMP,0.0,0.0
201400055659,31,7,14,15,1,75,116,2,3,1,3,BOULEVARD LANNES,0.0,0.0
201400055660,1,8,14,3,5,75,116,2,1,1,6,ROUTE DE SEVRES A NEUILL,0.0,0.0
201400055661,31,7,14,19,1,75,116,2,4,1,6,"230, AVENUE DE VERSAILLE",0.0,0.0
201400055662,1,8,14,15,1,75,116,2,3,1,3,AVENUE DE NEW YORK,0.0,0.0
201400055663,1,8,14,19,1,75,116,2,4,1,3,PLACE DE LA PORTE MAILLO,0.0,0.0
201400055664,2,8,14,7,1,75,116,2,7,1,3,PLACE DE LA PORTE MAILLO,0.0,0.0
201400055665,7,8,14,14,1,75,116,2,1,2,3,ROUTE DE SEVRES A NEUILL,0.0,0.0
201400055666,8,8,14,19,1,75,116,2,1,2,6,"97, AVENUE VICTOR HUGO",0.0,0.0
201400055667,10,8,14,12,1,75,116,2,1,8,6,"107, BOULEVARD MURAT",0.0,0.0
201400055668,12,8,14,8,1,75,116,2,1,7,7,AVENUE EDOUARD VAILLANT,0.0,0.0
201400055669,16,8,14,1,5,75,116,2,1,1,3,ALLEE DE LONGCHAMP,0.0,0.0
201400055670,22,8,14,12,1,75,116,2,6,1,3,PLACE CHARLES DE GAULLE,0.0,0.0
201400055671,22,8,14,17,1,75,116,2,1,1,3,"74, AVENUE VICTOR HUGO",0.0,0.0
201400055672,25,8,14,20,5,75,116,2,1,2,3,"44, RUE POUSSIN",0.0,0.0
201400055673,27,8,14,7,1,75,116,2,1,3,2,ALLEE DU BORD DE L EAU,0.0,0.0
201400055674,28,8,14,18,1,75,116,2,1,1,4,"0, BOULEVARD PERIPHERIQU",0.0,0.0
201400055675,28,8,14,19,1,75,116,2,3,1,6,AVENUE DE SAINT CLOUD,0.0,0.0
201400055676,31,8,14,5,5,75,116,2,1,1,6,"54, BOULEVARD SUCHET",0.0,0.0
201400055677,31,8,14,13,1,75,116,2,1,1,6,ROUTE DE SEVRES A NEUILL,0.0,0.0
201400055678,1,9,14,8,1,75,116,2,1,1,3,ALLEE DES FORTIFICATIONS,0.0,0.0
201400055679,1,9,14,11,1,75,116,2,7,1,3,PLACE TATTEGRAIN,0.0,0.0
201400055680,1,9,14,15,1,75,116,2,7,1,3,"1, PLACE D IENA",0.0,0.0
201400055681,2,9,14,1,5,75,116,2,1,1,6,"107, BOULEVARD MURAT",0.0,0.0
201400055682,3,9,14,7,1,75,116,2,1,1,2,PORTE MAILLOT,0.0,0.0
201400055683,3,9,14,9,1,75,116,2,5,1,3,"24, BOULEVARD EXELMANS",0.0,0.0
201400055684,3,9,14,16,1,75,116,2,1,1,6,"3, AVENUE MOZART",0.0,0.0
201400055685,5,9,14,9,1,75,116,2,3,1,3,"133bis, AVENUE DE VERSAI",0.0,0.0
201400055686,5,9,14,17,1,75,116,2,5,1,6,ROUTE DE SURESNES,0.0,0.0
201400055687,5,9,14,23,5,75,116,2,2,1,3,QUAI LOUIS BLERIOT,0.0,0.0
201400055688,6,9,14,20,5,75,116,2,1,1,6,"47, AVENUE KLEBER",0.0,0.0
201400055689,7,9,14,14,1,75,116,2,5,1,4,AVENUE DE NEW YORK,0.0,0.0
201400055690,9,9,14,8,1,75,116,2,7,1,3,PLACE DE LA PORTE MAILLO,0.0,0.0
201400055691,9,9,14,8,1,75,116,2,5,1,3,"167, AVENUE DE VERSAILLE",0.0,0.0
201400055692,10,9,14,18,2,75,116,2,1,1,2,"15, BOULEVARD LANNES",0.0,0.0
201400055693,11,9,14,12,1,75,116,2,2,1,6,ALLEE DE LONGCHAMP,0.0,0.0
201400055694,12,9,14,5,5,75,116,2,1,1,6,"106, QUAI LOUIS BLERIOT",0.0,0.0
201400055695,13,9,14,0,5,75,116,2,2,1,6,"66, AVENUE MOZART",0.0,0.0
201400055696,14,9,14,11,1,75,116,2,1,1,2,"130, QUAI LOUIS BLERIOT",0.0,0.0
201400055697,14,9,14,5,5,75,116,2,1,1,2,ALLEE DE LONGCHAMP,0.0,0.0
201400055698,14,9,14,22,5,75,116,2,2,1,1,ALLEE DE LONGCHAMP,0.0,0.0
201400055699,11,9,14,19,5,75,116,2,2,1,3,ROUTE DE SURESNES,0.0,0.0
201400055700,14,9,14,13,1,75,116,2,1,1,2,"26, BOULEVARD SUCHET",0.0,0.0
201400055701,15,9,14,12,1,75,116,2,1,1,3,"130, BOULEVARD EXELMANS",0.0,0.0
201400055702,15,9,14,17,1,75,116,2,7,1,2,"46, AVENUE DU PRESIDENT",0.0,0.0
201400055703,16,9,14,19,5,75,116,2,7,1,3,AVENUE DU PRESIDENT KENN,0.0,0.0
201400055704,17,9,14,14,1,75,116,2,3,1,6,AVENUE GEORGES MANDEL,0.0,0.0
201400055705,17,9,14,16,1,75,116,2,2,1,2,ROUTE DE SURESNES,0.0,0.0
201400055706,18,9,14,12,1,75,116,2,3,1,6,"05, RUE AGAR",0.0,0.0
201400055707,18,9,14,18,1,75,116,2,1,1,6,AVENUE INGRES,0.0,0.0
201400055708,18,9,14,19,2,75,116,2,1,1,2,ALLEE DU BORD DE L EAU,0.0,0.0
201400055709,19,9,14,2,5,75,116,2,1,1,6,"26, AVENUE DE NEW YORK",0.0,0.0
201400055710,19,9,14,16,1,75,116,2,1,1,6,BOULEVARD PERIPHERIQUE,0.0,0.0
201400055711,19,9,14,18,1,75,116,2,1,1,7,AVENUE ALBERT DE MUN,0.0,0.0
201400055712,20,9,14,10,1,75,116,2,1,1,7,"71, AVENUE PAUL DOUMER",0.0,0.0
201400055713,21,9,14,23,5,75,116,2,2,1,3,"13, RUE COPERNIC",0.0,0.0
201400055714,22,9,14,8,1,75,116,2,1,1,6,"8, RUE MESNIL",0.0,0.0
201400055715,22,9,14,19,2,75,116,2,3,1,2,AVENUE DU MAHATMA GANDHI,0.0,0.0
201400055716,24,9,14,8,1,75,116,2,1,1,6,"61, AVENUE DE LA PORTE D",0.0,0.0
201400055717,24,9,14,18,5,75,116,2,1,2,2,AVENUE PRUDHON,0.0,0.0
201400055718,24,9,14,22,5,75,116,2,7,1,7,PLACE CLEMENT ADER,0.0,0.0
201400055719,25,9,14,2,5,75,116,2,3,1,6,"98, AVENUE HENRI MARTIN",0.0,0.0
201400055720,25,9,14,8,1,75,116,2,2,1,6,"18, AVENUE BUGEAUD",0.0,0.0
201400055721,27,9,14,9,1,75,117,2,5,1,6,"1, BOULEVARD PERSHING",0.0,0.0
201400055722,27,9,14,13,1,75,116,2,7,1,2,PLACE CHARLES DE GAULLE,0.0,0.0
201400055723,29,9,14,10,1,75,116,2,4,2,7,"52, AVENUE DE NEW YORK",0.0,0.0
201400055724,29,9,14,14,1,75,116,2,1,1,6,"15, AVENUE VICTOR HUGO",0.0,0.0
201400055725,27,9,14,16,1,75,116,2,1,1,4,PORTE DE PASSY,0.0,0.0
201400055726,30,9,14,12,1,75,116,2,5,1,6,"43, AVENUE RAYMOND POINC",0.0,0.0
201400055727,30,9,14,18,1,75,116,2,1,1,2,ALLEE DE LONGCHAMP,0.0,0.0
201400055728,30,9,14,19,1,75,116,2,1,1,5,"2, ROUTE DES TRIBUNES",0.0,0.0
201400055729,1,10,14,18,1,75,116,2,4,1,2,AVENUE DE LA PORTE D AUT,0.0,0.0
201400055730,1,10,14,20,5,75,116,2,1,1,5,"114, AVENUE DE VERSAILLE",0.0,0.0
201400055731,2,10,14,13,1,75,116,2,4,1,4,ROUTE DE SEVRES A NEUILL,0.0,0.0
201400055732,3,10,14,15,1,75,116,2,7,1,3,PLACE DE LA PORTE DE SAI,0.0,0.0
201400055733,4,10,14,16,1,75,116,2,1,1,3,PONT DE SURESNES,0.0,0.0
201400055734,5,10,14,1,3,75,116,2,5,2,6,AVENUE KLEBER,0.0,0.0
201400055735,5,10,14,14,1,75,116,2,5,1,3,AVENUE FOCH,0.0,0.0
201400055736,5,10,14,19,5,75,116,2,1,1,3,"26, AVENUE DODE DE LA BR",0.0,0.0
201400055737,6,10,14,18,5,75,116,2,1,3,3,BOULEVARD PERIPHERIQUE E,0.0,0.0
201400055738,7,10,14,9,1,75,116,2,3,1,6,ROUTE DES TRIBUNES,0.0,0.0
201400055739,8,10,14,11,1,75,116,2,1,2,2,AVENUE DE L HIPPODROME,0.0,0.0
201400055740,8,10,14,10,1,75,116,2,1,3,6,ALLEE DE LA REINE MARGUE,0.0,0.0
201400055741,8,10,14,17,2,75,116,2,1,2,2,ROUTE DE SEVRES A NEUILL,0.0,0.0
201400055742,9,10,14,22,5,75,116,2,7,1,3,PLACE DE LA PORTE MAILLO,0.0,0.0
201400055743,10,10,14,11,1,75,116,2,3,1,2,"57, RUE D AUTEUIL",0.0,0.0
201400055744,11,10,14,8,2,75,116,2,7,3,3,PLACE CHARLES DE GAULLE,0.0,0.0
201400055745,11,10,14,14,1,75,116,2,1,1,6,"37, AVENUE VICTOR HUGO",0.0,0.0
201400055746,11,10,14,20,5,75,116,2,3,1,3,"98, AVENUE HENRI MARTIN",0.0,0.0
201400055747,2,10,14,13,1,75,116,2,1,1,6,"6, PLACE DU DOCTEUR PAUL",0.0,0.0
201400055748,13,10,14,6,2,75,116,2,7,1,3,"1, PLACE CHARLES DE GAUL",0.0,0.0
201400055749,13,10,14,8,1,75,116,2,3,8,6,"27, RUE DE LONGCHAMP",0.0,0.0
201400055750,13,10,14,17,1,75,116,2,3,1,5,ALLEE DE LA REINE MARGUE,0.0,0.0
201400055751,14,10,14,14,1,75,116,2,7,1,3,PLACE DU MARECHAL DE LAT,0.0,0.0
201400055752,14,10,14,16,1,75,116,2,1,1,3,"202, AVENUE DE VERSAILLE",0.0,0.0
201400055753,14,10,14,16,1,75,116,2,1,1,5,"40, AVENUE DE NEW YORK",0.0,0.0
201400055754,14,10,14,18,1,75,116,2,1,1,2,BOULEVARD PERIPHERIQUE,0.0,0.0
201400055755,14,10,14,19,5,75,116,2,1,1,2,"25, AVENUE PAUL DOUMER",0.0,0.0
201400055756,15,10,14,10,1,75,116,2,1,2,7,ROUTE DE LA PTE DES SABL,0.0,0.0
201400055757,15,10,14,17,1,75,116,2,5,2,1,ROUTE DE SURESNES,0.0,0.0
201400055758,16,10,14,8,1,75,116,2,1,1,3,"9, RUE DE BOULAINVILLIER",0.0,0.0
201400055759,16,10,14,17,1,75,116,2,2,1,6,RUE DE LONGCHAMP,0.0,0.0
201400055760,16,10,14,19,5,75,116,2,4,2,2,VOIE GEORGES POMPIDOU,0.0,0.0
201400055761,16,10,14,20,5,75,116,2,7,2,3,"1, PLACE DE L ALMA",0.0,0.0
201400055762,17,10,14,16,1,75,116,2,7,1,6,CARREFOUR DE LONGCHAMP,0.0,0.0
201400055763,18,10,14,14,1,75,116,2,1,7,6,ALLEE DE LA REINE MARGUE,0.0,0.0
201400055764,19,10,14,12,1,75,116,2,1,1,2,ROUTE DES TRIBUNES,0.0,0.0
201400055765,20,10,14,9,1,75,116,2,1,1,3,ROUTE DES MOULINS,0.0,0.0
201400055766,20,10,14,10,1,75,116,2,1,1,3,"146, AVENUE DE MALAKOFF",0.0,0.0
201400055767,19,10,14,20,5,75,116,2,1,1,4,ALLEE DE LONGCHAMP,0.0,0.0
201400055768,19,10,14,19,1,75,116,2,1,1,6,QUAI SAINT EXUPERY,0.0,0.0
201400055769,21,10,14,18,1,75,116,2,1,2,3,"35-37, AVENUE PAUL DOUME",0.0,0.0
201400055770,22,10,14,1,5,75,116,2,2,1,6,RUE CHARDON LAGACHE,0.0,0.0
201400055771,21,10,14,13,1,75,116,2,2,2,3,"47, AVENUE THEOPHILE GAU",0.0,0.0
201400055772,22,10,14,19,5,75,116,2,1,1,6,"20, AVENUE DE VERSAILLES",0.0,0.0
201400055773,23,10,14,16,1,75,116,2,1,1,6,ALLEE DE LA REINE MARGUE,0.0,0.0
201400055774,23,10,14,17,1,75,116,2,3,1,2,"64, BOULEVARD SUCHET",0.0,0.0
201400055775,23,10,14,17,5,75,116,2,1,1,2,"15, AVENUE DU PRESIDENT",0.0,0.0
201400055776,23,10,14,17,1,75,116,2,3,1,2,"36, AVENUE D EYLAU",0.0,0.0
201400055777,23,10,14,19,5,75,116,2,7,1,3,PLACE DE LA PORTE DE PAS,0.0,0.0
201400055778,25,10,14,12,1,75,116,2,3,1,3,"23, AVENUE VICTOR HUGO",0.0,0.0
201400055779,26,10,14,11,1,75,116,2,1,1,3,ROUTE DE SURESNES,0.0,0.0
201400055780,26,10,14,18,5,75,116,2,4,1,6,VOIE GEORGES POMPIDOU,0.0,0.0
201400055781,27,10,14,8,1,75,116,2,5,1,6,RUE DE PASSY,0.0,0.0
201400055782,27,10,14,14,1,75,116,2,7,1,3,PLACE DE LA PORTE DE SAI,0.0,0.0
201400055783,28,10,14,8,1,75,116,2,7,1,3,"01, PLACE VICTOR HUGO",0.0,0.0
201400055784,28,10,14,20,5,75,116,2,3,1,7,RUE GUSTAVE ZEDE,0.0,0.0
201400055785,28,10,14,13,1,75,116,2,5,8,3,"34, AVENUE DU PRESIDENT",0.0,0.0
201400055786,30,10,14,14,1,75,116,2,2,1,6,RUE D AUTEUIL,0.0,0.0
201400055787,31,10,14,9,1,75,116,2,7,1,6,"5, RUE DES BELLES FEUILL",0.0,0.0
201400055788,31,10,14,15,1,75,116,2,7,1,2,PLACE DE BARCELONE,0.0,0.0
201400055789,5,10,14,20,2,75,116,2,1,2,6,"5, PLACE DE LA PORTE DE",0.0,0.0
201400055790,3,11,14,19,5,75,116,2,2,3,6,BOULEVARD EXELMANS,0.0,0.0
201400055791,3,11,14,19,5,75,116,2,7,3,6,PLACE VICTOR HUGO,0.0,0.0
201400055792,5,11,14,13,1,75,116,2,4,1,3,AVENUE DE LA PORTE D AUT,0.0,0.0
201400055793,6,11,14,20,5,75,116,2,2,1,3,AVENUE PIERRE 1ER DE SER,0.0,0.0
201400055794,7,11,14,9,1,75,116,2,1,2,6,"110, AVENUE RAYMOND POIN",0.0,0.0
201400055795,7,11,14,10,1,75,116,2,7,1,6,"2, AVENUE PAUL DOUMER",0.0,0.0
201400055796,7,11,14,17,2,75,116,2,4,1,6,"70, AVENUE FOCH",0.0,0.0
201400055797,9,11,14,9,1,75,116,2,2,1,4,ALLEE DE LONGCHAMP,0.0,0.0
201400055798,9,11,14,10,1,75,116,2,1,1,2,"49, AVENUE MARCEAU",0.0,0.0