Num_Acc,jour,mois,an,hr,condition_eclairage,departement,commune,condition_agglomeration,intersection,condition_atmosphere,type_collision,adresse,lattitude,longitude
201400055799,12,11,14,12,1,75,116,2,2,1,6,"27, AVENUE PAUL DOUMER",0.0,0.0
201400055800,12,11,14,12,1,75,116,2,1,1,6,"7, RUE DE BOULAINVILLIER",0.0,0.0
201400055801,12,11,14,13,1,75,116,2,1,1,4,"132, AVENUE DE VERSAILLE",0.0,0.0
201400055802,13,11,14,9,1,75,116,2,5,1,3,AVENUE EDOUARD VAILLANT,0.0,0.0
201400055803,14,11,14,6,5,75,116,2,1,1,6,ALLEE DE LONGCHAMP,0.0,0.0
201400055804,14,11,14,10,1,75,116,2,1,2,7,"43, RUE DE LONGCHAMP",0.0,0.0
201400055805,14,11,14,14,1,75,116,2,3,2,6,"130, RUE DE LA POMPE",0.0,0.0
201400055806,15,11,14,2,5,75,116,2,7,3,3,PORTE D AUTEUIL,0.0,0.0
201400055807,17,11,14,10,1,75,116,2,1,8,6,"12, AVENUE DU GENERAL MA",0.0,0.0
201400055808,18,11,14,14,1,75,116,2,1,2,6,"57, AVENUE BUGEAUD",0.0,0.0
201400055809,18,11,14,17,2,75,116,2,4,2,3,PLACE DE LA PORTE MAILLO,0.0,0.0
201400055810,18,11,14,17,5,75,116,2,1,2,6,"58, AVENUE D IENA",0.0,0.0
201400055811,19,11,14,6,5,75,116,2,1,1,2,ROUTE DES MOULINS,0.0,0.0
201400055812,13,11,14,19,5,75,116,2,1,1,6,"05, RUE LARGILLIERE",0.0,0.0
201400055813,20,11,14,8,1,75,116,2,1,1,7,"119, AVENUE DE VERSAILLE",0.0,0.0
201400055814,20,11,14,18,2,75,116,2,2,1,6,RUE D AUTEUIL,0.0,0.0
201400055815,22,11,14,16,1,75,116,2,5,1,6,"BH1733, AVENUE DE MALAKO",0.0,0.0
201400055816,23,11,14,3,5,75,116,2,2,1,6,"05, AVENUE ALBERT DE MUN",0.0,0.0
201400055817,23,11,14,10,1,75,116,2,1,1,6,AVENUE DU PRESIDENT KENN,0.0,0.0
201400055818,23,11,14,16,1,75,116,2,1,1,6,"113, RUE DE LA TOUR",0.0,0.0
201400055819,24,11,14,8,1,75,116,2,2,3,7,"1, AVENUE PAUL DOUMER",0.0,0.0
201400055820,24,11,14,9,1,75,116,2,1,2,2,"44, BOULEVARD SUCHET",0.0,0.0
201400055821,24,11,14,15,1,75,116,2,2,1,6,"01, AVENUE DE LA GRANDE",0.0,0.0
201400055822,25,11,14,9,1,75,116,2,7,2,2,PLACE DE VARSOVIE,0.0,0.0
201400055823,25,11,14,10,1,75,116,2,1,2,3,VOIE GEORGES POMPIDOU,0.0,0.0
201400055824,25,11,14,20,5,75,116,2,7,1,6,AVENUE GEORGES LAFONT,0.0,0.0
201400055825,26,11,14,10,1,75,116,2,1,8,7,"4, RUE DE L ASSOMPTION",0.0,0.0
201400055826,26,11,14,20,5,75,116,2,1,2,2,"106, AVENUE KLEBER",0.0,0.0
201400055827,27,11,14,8,1,75,116,2,7,2,2,"., PLACE DU MARECHAL DE",0.0,0.0
201400055828,28,11,14,3,5,75,116,2,2,1,2,"1, AVENUE FOCH",0.0,0.0
201400055829,28,11,14,10,1,75,116,2,2,1,3,"120, RUE JEAN DE LA FONT",0.0,0.0
201400055830,30,11,14,2,5,75,116,2,4,1,2,"27, RUE DE REMUSAT",0.0,0.0
201400055831,29,11,14,15,1,75,116,2,3,1,6,"33, RUE GROS",0.0,0.0
201400055832,30,11,14,18,5,75,116,2,3,1,3,ALLEE DE LA REINE MARGUE,0.0,0.0
201400055833,2,12,14,9,1,75,116,2,5,1,2,RUE COPERNIC,0.0,0.0
201400055834,2,12,14,16,1,75,116,2,7,1,2,ROUTE DE SURESNES,0.0,0.0
201400055835,2,12,14,17,5,75,116,2,1,1,2,ALLEE DU BORD DE L EAU,0.0,0.0
201400055836,2,12,14,21,5,75,117,2,7,8,2,"03, AVENUE DE LA GRANDE",0.0,0.0
201400055837,3,12,14,19,5,75,116,2,4,1,6,"61, AVENUE GEORGES MANDE",0.0,0.0
201400055838,3,12,14,18,5,75,116,2,7,8,3,PLACE DE COLOMBIE,0.0,0.0
201400055839,4,12,14,15,1,75,116,2,1,1,6,"58, RUE DE PASSY",0.0,0.0
201400055840,5,12,14,17,5,75,116,2,7,1,6,RUE ALFRED BRUNEAU,0.0,0.0
201400055841,6,12,14,12,1,75,116,2,7,1,7,PLACE DE COLOMBIE,0.0,0.0
201400055842,6,12,14,11,1,75,116,2,1,1,4,BOULEVARD PERIPHERIQUE,0.0,0.0
201400055843,7,12,14,13,1,75,116,2,3,2,2,"62, RUE RAYNOUARD",0.0,0.0
201400055844,8,12,14,8,2,75,116,2,5,8,3,"69, AVENUE PAUL DOUMER",0.0,0.0
201400055845,8,12,14,10,1,75,116,2,7,2,3,PORTE D AUTEUIL,0.0,0.0
201400055846,9,12,14,9,1,75,116,2,7,1,3,AVENUE DE MALAKOFF,0.0,0.0
201400055847,10,12,14,16,5,75,116,2,1,1,6,"19, BOULEVARD DE MONTMOR",0.0,0.0
201400055848,10,12,14,21,5,75,116,2,2,1,6,AVENUE GEORGES LAFONT,0.0,0.0
201400055849,12,12,14,8,1,75,116,2,1,8,6,"75, RUE D AUTEUIL",0.0,0.0
201400055850,12,12,14,15,1,75,116,2,2,2,3,"54, BOULEVARD EMILE AUGI",0.0,0.0
201400055851,12,12,14,16,5,75,116,2,1,2,6,"88, RUE DE LA POMPE",0.0,0.0
201400055852,12,12,14,13,1,75,116,2,1,1,3,"24, RUE DECAMPS",0.0,0.0
201400055853,15,12,14,10,1,75,116,2,7,8,6,AVENUE DE NEW YORK,0.0,0.0
201400055854,15,12,14,17,5,75,116,2,3,2,6,RUE FELICIEN DAVID,0.0,0.0
201400055855,15,12,14,18,5,75,116,2,7,2,3,"01, PLACE DU TROCADERO E",0.0,0.0
201400055856,15,12,14,19,5,75,116,2,5,2,6,"40, RUE DE LUBECK",0.0,0.0
201400055857,15,12,14,19,5,75,116,2,1,2,6,BOULEVARD PERIPHERIQUE I,0.0,0.0
201400055858,16,12,14,11,1,75,116,2,1,1,2,ALLEE DE LA REINE MARGUE,0.0,0.0
201400055859,16,12,14,16,1,75,116,2,1,1,6,AVENUE DU PRESIDENT WILS,0.0,0.0
201400055860,16,12,14,18,5,75,116,2,1,1,6,"48, AVENUE GEORGES MANDE",0.0,0.0
201400055861,16,12,14,20,5,75,116,2,2,1,2,AVENUE DE LA PORTE DE SA,0.0,0.0
201400055862,17,12,14,9,1,75,116,2,5,2,3,BOULEVARD DE L AMIRAL BR,0.0,0.0
201400055863,17,12,14,9,1,75,116,2,3,2,2,ALLEE DU BORD DE L EAU,0.0,0.0
201400055864,17,12,14,12,1,75,116,2,1,2,6,"71, AVENUE DE VERSAILLES",0.0,0.0
201400055865,18,12,14,8,1,75,116,2,1,1,2,BOULEVARD PERIPHERIQUE E,0.0,0.0
201400055866,18,12,14,15,1,75,116,2,1,1,2,"1040, AVENUE DE VERSAILL",0.0,0.0
201400055867,14,12,14,12,1,75,116,2,7,1,3,PLACE DU MARECHAL DE LAT,0.0,0.0
201400055868,19,12,14,16,5,75,116,2,7,2,3,PLACE DE LA PORTE DE PAS,0.0,0.0
201400055869,26,12,14,17,5,75,116,2,1,1,2,"98, BOULEVARD MURAT",0.0,0.0
201400055870,26,12,14,17,5,75,116,2,2,1,1,AVENUE DE VERSAILLES,0.0,0.0
201400055871,28,12,14,17,2,75,116,2,2,1,6,AVENUE DU RECTEUR POINCA,0.0,0.0
201400055872,29,12,14,9,1,75,116,2,7,1,1,BOULEVARD LANNES,0.0,0.0
201400055873,29,12,14,23,5,75,116,2,1,1,6,"19, RUE DU DOCTEUR BLANC",0.0,0.0
201400055874,30,12,14,18,5,75,116,2,1,1,6,"7, AVENUE DE LA GRANDE A",0.0,0.0
201400055875,15,1,14,13,1,75,116,2,1,2,3,"65, AVENUE KLEBER",0.0,0.0
201400055876,16,1,14,13,1,75,116,2,5,2,3,ROUTE DE LA PTE DAUPHINE,0.0,0.0
201400055877,31,12,14,23,5,75,117,2,1,1,6,"5, RUE GUY MOQUET",0.0,0.0
201400055878,1,1,14,5,5,75,117,2,5,1,2,"147, RUE CARDINET",0.0,0.0
201400055879,2,1,14,16,1,75,117,2,3,1,6,"163, AVENUE DE CLICHY",0.0,0.0
201400055880,4,1,14,10,1,75,117,2,2,1,6,"99, RUE LEMERCIER",0.0,0.0
201400055881,4,1,14,16,1,75,117,2,1,2,6,"31, RUE GUY MOQUET",0.0,0.0
201400055882,4,1,14,21,5,75,117,2,5,1,6,"27, AVENUE NIEL",0.0,0.0
201400055883,5,1,14,11,1,75,117,2,7,1,7,"1, PLACE DU MARECHAL JUI",0.0,0.0
201400055884,6,1,14,2,5,75,117,2,7,9,6,"2, PLACE DE LA PORTE MAI",0.0,0.0
201400055885,7,1,14,17,2,75,117,2,2,2,3,"98, AVENUE DE CLICHY",0.0,0.0
201400055886,9,1,14,16,1,75,117,2,1,2,3,"5, AVENUE DE LA PORTE DE",0.0,0.0
201400055887,9,1,14,22,5,75,117,2,7,1,3,PLACE DE VERDUN,0.0,0.0
201400055888,11,1,14,16,1,75,117,2,5,1,3,"31, AVENUE NIEL",0.0,0.0
201400055889,13,1,14,1,5,75,117,2,7,1,3,AVENUE DE LA GRANDE ARME,0.0,0.0
201400055890,13,1,14,8,2,75,117,2,4,1,3,BOULEVARD BERTHIER,0.0,0.0
201400055891,13,1,14,11,1,75,116,2,7,1,7,PLACE DE LA PORTE MAILLO,0.0,0.0
201400055892,13,1,14,14,1,75,117,2,7,1,6,PLACE DU GENERAL KOENIG,0.0,0.0
201400055893,14,1,14,8,2,75,117,2,4,2,6,BOULEVARD DE DIXMUDE,0.0,0.0
201400055894,16,1,14,7,2,75,117,2,5,2,6,RUE ALPHONSE DE NEUVILLE,0.0,0.0
201400055895,16,1,14,8,1,75,117,2,4,3,7,"14, AVENUE DE LA GRANDE",0.0,0.0
201400055896,16,1,14,23,5,75,117,2,4,1,7,"110, AVENUE DE VILLIERS",0.0,0.0
201400055897,17,1,14,17,1,75,117,2,1,1,6,"35, AVENUE DE SAINT OUEN",0.0,0.0
201400055898,18,1,14,3,5,75,117,2,3,1,6,"180, AVENUE DE CLICHY",0.0,0.0
201400055899,18,1,14,22,5,75,117,2,2,1,6,PORTE DE CHAMPERRET,0.0,0.0
201400055900,21,1,14,15,1,75,117,2,1,1,6,"176, AVENUE DE CLICHY",0.0,0.0
201400055901,22,1,14,23,5,75,117,2,5,2,3,BOULEVARD DE REIMS,0.0,0.0
201400055902,25,1,14,10,1,75,117,2,2,1,7,"28bis, RUE GUERSANT",0.0,0.0
201400055903,25,1,14,13,1,75,117,2,1,1,6,"29, RUE JEAN LECLAIRE",0.0,0.0
201400055904,26,1,14,14,1,75,117,2,5,2,6,"165, RUE DE ROME",0.0,0.0
201400055905,27,1,14,9,1,75,117,2,2,1,7,"9, RUE DES MOINES",0.0,0.0
201400055906,27,1,14,13,1,75,117,2,1,1,2,"73, BOULEVARD BESSIERES",0.0,0.0
201400055907,29,1,14,13,1,75,117,2,7,2,7,"face au 02, PLACE DE LA",0.0,0.0
201400055908,29,1,14,20,5,75,117,2,5,8,6,"80, AVENUE DE WAGRAM",0.0,0.0
201400055909,29,1,14,22,5,75,117,2,4,2,3,"43, RUE DE TOCQUEVILLE",0.0,0.0
201400055910,2,2,14,0,5,75,117,2,2,1,3,RUE DE LA JONQUIERE,0.0,0.0
201400055911,3,2,14,18,5,75,117,2,1,1,6,"8, RUE SAUFFROY",0.0,0.0
201400055912,4,2,14,7,2,75,117,2,5,1,3,"33, AVENUE DE VILLIERS",0.0,0.0
201400055913,5,2,14,19,5,75,117,2,1,2,4,"118, RUE DE COURCELLES",0.0,0.0
201400055914,6,2,14,18,5,75,117,2,4,2,3,"2, BOULEVARD PERSHING",0.0,0.0
201400055915,11,2,14,13,1,75,117,2,4,1,3,"7, AVENUE DE VILLIERS",0.0,0.0
201400055916,10,2,14,20,3,75,117,2,1,1,4,PORTE D ASNIERES,0.0,0.0
201400055917,11,2,14,18,5,75,117,2,1,2,2,"8, AVENUE DES TERNES",0.0,0.0
201400055918,12,2,14,12,1,75,117,2,7,1,2,"5, PLACE DE CLICHY",0.0,0.0
201400055919,12,2,14,13,1,75,117,2,1,1,3,"19, AVENUE DE LA GRANDE",0.0,0.0
201400055920,12,2,14,16,1,75,117,2,1,2,6,"6, RUE MEISSONIER",0.0,0.0
201400055921,12,2,14,17,5,75,117,2,2,2,3,"126, AVENUE DE CLICHY",0.0,0.0
201400055922,13,2,14,9,1,75,117,2,7,2,7,"1, PLACE DE WAGRAM",0.0,0.0
201400055923,13,2,14,7,2,75,117,2,1,2,6,"05, PLACE DE LA PORTE DE",0.0,0.0
201400055924,13,2,14,18,5,75,117,2,1,8,3,BOULEVARD GOUVION SAINT,0.0,0.0
201400055925,14,2,14,11,1,75,117,2,1,2,2,"111, RUE DE COURCELLES",0.0,0.0
201400055926,16,2,14,21,5,75,117,2,1,1,6,"44, AVENUE DE LA GRANDE",0.0,0.0
201400055927,19,2,14,21,5,75,117,2,2,1,6,RUE DES BATIGNOLLES,0.0,0.0
201400055928,20,2,14,4,5,75,117,2,5,1,3,BOULEVARD BESSIERES,0.0,0.0
201400055929,20,2,14,10,1,75,117,2,2,2,6,"75, RUE POUCHET",0.0,0.0
201400055930,20,2,14,15,1,75,117,2,5,3,6,"209, BOULEVARD PEREIRE",0.0,0.0
201400055931,21,2,14,12,1,75,117,2,7,1,3,"01, PLACE DE LA PORTE MA",0.0,0.0
201400055932,23,2,14,0,5,75,117,2,2,1,6,"135, RUE DE ROME",0.0,0.0
201400055933,23,2,14,20,5,75,117,2,5,1,6,"24, BOULEVARD BESSIERES",0.0,0.0
201400055934,24,2,14,9,1,75,117,2,1,1,6,"15, RUE POUCHET",0.0,0.0
201400055935,24,2,14,17,1,75,117,2,4,1,3,"02, PLACE DE LA PORTE MA",0.0,0.0
201400055936,25,2,14,10,1,75,117,2,1,1,7,"25, RUE GUY MOQUET",0.0,0.0
201400055937,25,2,14,14,1,75,117,2,1,1,6,"66bis, AVENUE DE VILLIER",0.0,0.0
201400055938,26,2,14,0,5,75,117,2,4,1,3,AVENUE DE LA PORTE D ASN,0.0,0.0
201400055939,26,2,14,17,1,75,117,2,3,1,3,"142, AVENUE DE LA PORTE",0.0,0.0
201400055940,27,2,14,15,1,75,117,2,2,2,2,"72, AVENUE DE WAGRAM",0.0,0.0
201400055941,27,2,14,15,1,75,117,2,1,2,2,AVENUE DE CLICHY,0.0,0.0
201400055942,27,2,14,16,1,75,117,2,2,1,6,"02, AVENUE DE VILLIERS",0.0,0.0
201400055943,28,2,14,1,5,75,117,2,1,1,6,"2, PLACE DE LA PORTE MAI",0.0,0.0
201400055944,28,2,14,9,1,75,117,2,1,2,7,BOULEVARD PERIPHERIQUE,0.0,0.0
201400055945,28,2,14,14,1,75,117,2,7,2,3,"2, PLACE DE LA PORTE MAI",0.0,0.0
201400055946,2,3,14,11,1,75,117,2,5,1,6,"133, AVENUE DE VILLIERS",0.0,0.0
201400055947,2,3,14,21,5,75,117,2,1,1,6,"7, BOULEVARD BERTHIER",0.0,0.0
201400055948,3,3,14,7,1,75,117,2,3,1,7,"41, AVENUE DE VILLIERS",0.0,0.0
201400055949,3,3,14,15,1,75,117,2,7,3,6,"1, AVENUE DE WAGRAM",0.0,0.0
201400055950,6,3,14,16,1,75,117,2,2,1,6,"24, RUE BROCHANT",0.0,0.0
201400055951,7,3,14,8,1,75,117,2,7,1,6,"3, PLACE GENERAL CATROUX",0.0,0.0
201400055952,7,3,14,11,1,75,117,2,1,1,6,"22, RUE BRUNEL",0.0,0.0
201400055953,7,3,14,14,1,75,117,2,2,1,3,"78, RUE JOUFFROY D ABBAN",0.0,0.0
201400055954,8,3,14,10,1,75,117,2,2,1,3,"17, RUE BROCHANT",0.0,0.0
201400055955,9,3,14,20,5,75,117,2,4,1,3,"1, BOULEVARD DE DOUAUMON",0.0,0.0
201400055956,10,3,14,9,1,75,117,2,4,1,3,"14, AVENUE DE VILLIERS",0.0,0.0
201400055957,12,3,14,5,5,75,117,2,7,1,6,"6, PLACE DES TERNES",0.0,0.0
201400055958,12,3,14,16,1,75,117,2,5,1,7,"34, AVENUE DE VILLIERS",0.0,0.0
201400055959,12,3,14,19,5,75,117,2,5,1,6,"02, BOULEVARD DE REIMS",0.0,0.0
201400055960,12,3,14,23,5,75,117,2,7,1,2,"5, PLACE DU BRESIL",0.0,0.0
201400055961,13,3,14,8,1,75,117,2,5,1,3,AVENUE DE LA PORTE D ASN,0.0,0.0
201400055962,13,3,14,16,1,75,117,2,5,1,6,"01, AVENUE DE LA PORTE D",0.0,0.0
201400055963,14,3,14,19,3,75,117,2,1,1,7,BOULEVARD PERIPHERIQUE I,0.0,0.0
201400055964,17,3,14,21,5,75,117,2,3,1,6,"19, RUE RENNEQUIN",0.0,0.0
201400055965,19,3,14,15,1,75,117,2,1,1,6,"2, RUE DE SENLIS",0.0,0.0
201400055966,20,3,14,16,1,75,117,2,1,1,6,"141, AVENUE DE CLICHY",0.0,0.0
201400055967,23,3,14,4,5,75,116,2,7,1,6,PLACE CHARLES DE GAULLE,0.0,0.0
201400055968,23,3,14,18,1,75,116,2,2,8,6,"120, RUE JEAN DE LA FONT",0.0,0.0
201400055969,24,3,14,17,1,75,117,2,2,1,7,"133, RUE DE ROME",0.0,0.0
201400055970,25,3,14,8,1,75,117,2,3,2,6,"67, RUE DE TOCQUEVILLE",0.0,0.0
201400055971,25,3,14,9,1,75,117,2,2,2,1,AVENUE DES TERNES,0.0,0.0
201400055972,25,3,14,12,1,75,117,2,2,2,6,RUE POUCHET,0.0,0.0
201400055973,25,3,14,14,1,75,117,2,7,2,7,"3, PLACE DU MARECHAL JUI",0.0,0.0
201400055974,25,3,14,14,1,75,117,2,1,2,3,"52, BOULEVARD DE DOUAUMO",0.0,0.0
201400055975,25,3,14,15,1,75,117,2,1,2,1,"119, AVENUE DE SAINT OUE",0.0,0.0
201400055976,26,3,14,13,1,75,117,2,1,1,6,"2, RUE JOUFFROY D ABBANS",0.0,0.0
201400055977,27,3,14,8,1,75,117,2,1,1,6,BOULEVARD PERIPHERIQUE,0.0,0.0
201400055978,27,3,14,20,4,75,117,2,1,1,6,AVENUE DE WAGRAM,0.0,0.0
201400055979,28,3,14,13,1,75,117,2,1,1,2,BOULEVARD DE COURCELLES,0.0,0.0
201400055980,30,3,14,19,1,75,117,2,1,1,3,"65, AVENUE DE CLICHY",0.0,0.0
201400055981,31,3,14,14,1,75,117,2,2,1,1,"103, AVENUE DES TERNES",0.0,0.0
201400055982,1,4,14,15,1,75,117,2,4,1,3,"23, AVENUE CARNOT",0.0,0.0
201400055983,2,4,14,18,1,75,117,2,2,9,2,"23, AVENUE DES TERNES",0.0,0.0
201400055984,2,4,14,0,5,75,117,2,2,1,3,"153, RUE CARDINET",0.0,0.0
201400055985,4,4,14,10,1,75,117,2,7,1,6,"02, BOULEVARD PERSHING",0.0,0.0
201400055986,8,4,14,9,1,75,117,2,1,1,6,"137, AVENUE DE VILLIERS",0.0,0.0
201400055987,8,4,14,12,1,75,117,2,5,1,3,"23, BOULEVARD DE LA SOMM",0.0,0.0
201400055988,9,4,14,9,1,75,117,2,1,1,3,"9, BOULEVARD DU BOIS LE",0.0,0.0
201400055989,9,4,14,22,5,75,117,2,2,1,3,"132, AVENUE DE CLICHY",0.0,0.0
201400055990,12,4,14,19,1,75,117,2,2,1,1,"200, RUE DE COURCELLES",0.0,0.0
201400055991,14,4,14,9,1,75,117,2,2,1,3,"17, RUE GUY MOQUET",0.0,0.0
201400055992,14,4,14,12,1,75,117,2,2,1,6,"132, AVENUE DE CLICHY",0.0,0.0
201400055993,15,4,14,13,1,75,117,2,7,1,6,"01, PLACE CHARLES DE GAU",0.0,0.0
201400055994,16,4,14,11,1,75,117,2,2,7,6,"12, RUE JOUFFROY D ABBAN",0.0,0.0
201400055995,19,4,14,17,1,75,117,2,2,1,7,"46, BOULEVARD BESSIERES",0.0,0.0
201400055996,19,4,14,18,1,75,117,2,1,1,4,"107, AVENUE DE CLICHY",0.0,0.0
201400055997,22,4,14,10,1,75,117,2,1,1,2,"14, BOULEVARD DU FORT DE",0.0,0.0
201400055998,22,4,14,17,1,75,117,2,1,2,2,"51, AVENUE DE VILLIERS",0.0,0.0
201400055999,25,4,14,10,1,75,117,2,1,2,7,"40, BOULEVARD DE COURCEL",0.0,0.0
201400056000,25,4,14,13,1,75,117,2,2,8,6,"143, BOULEVARD PEREIRE",0.0,0.0
201400056001,26,4,14,19,1,75,117,2,3,3,2,RUE FLOREAL,0.0,0.0
201400056002,27,4,14,12,1,75,117,2,2,1,3,"45, AVENUE DE SAINT OUEN",0.0,0.0
201400056003,28,4,14,8,1,75,117,2,2,1,6,AVENUE DE SAINT OUEN,0.0,0.0
201400056004,28,4,14,20,2,75,117,2,1,1,6,AVENUE DE LA PORTE D ASN,0.0,0.0
201400056005,28,4,14,22,5,75,117,2,2,1,2,"70, AVENUE DE VILLIERS",0.0,0.0
201400056006,29,4,14,9,1,75,117,2,5,1,6,"34, BOULEVARD DES BATIGN",0.0,0.0
201400056007,1,5,14,20,5,75,117,2,7,2,6,"97, AVENUE NIEL",0.0,0.0
201400056008,2,5,14,9,1,75,117,2,3,1,6,"105, RUE DE LA JONQUIERE",0.0,0.0
201400056009,2,5,14,11,1,75,117,2,2,1,3,"130, RUE CARDINET",0.0,0.0
201400056010,2,5,14,20,2,75,117,2,1,1,3,"30, RUE GUY MOQUET",0.0,0.0
201400056011,3,5,14,14,1,75,117,2,1,1,6,"2, PORTE MAILLOT",0.0,0.0
201400056012,3,5,14,15,1,75,117,2,2,1,3,"10, RUE JOUFFROY D ABBAN",0.0,0.0
201400056013,6,5,14,19,1,75,117,2,2,1,6,"27, AVENUE DE CLICHY",0.0,0.0
201400056014,7,5,14,9,1,75,117,2,1,1,4,"40, BOULEVARD DE COURCEL",0.0,0.0
201400056015,7,5,14,15,1,75,117,2,2,1,2,"86, BOULEVARD DE COURCEL",0.0,0.0
201400056016,7,5,14,15,1,75,117,2,1,1,6,"37, AVENUE BRUNETIERE",0.0,0.0
201400056017,8,5,14,15,1,75,117,2,5,2,6,"8, AVENUE DE VILLIERS",0.0,0.0
201400056018,12,5,14,10,1,75,117,2,2,2,3,"38, RUE LEMERCIER",0.0,0.0
201400056019,13,5,14,9,1,75,117,2,5,1,5,"01bis, BOULEVARD GOUVION",0.0,0.0
201400056020,13,5,14,16,1,75,117,2,1,2,4,"134, AVENUE DE VILLIERS",0.0,0.0
201400056021,13,5,14,18,1,75,117,2,2,1,3,"73, AVENUE DE VILLIERS",0.0,0.0
201400056022,14,5,14,8,1,75,117,2,1,1,3,"112, BOULEVARD DE COURCE",0.0,0.0
201400056023,14,5,14,13,1,75,117,2,3,1,6,"194, AVENUE DE CLICHY",0.0,0.0
201400056024,14,5,14,19,1,75,117,2,1,1,2,BOULEVARD PERIPHERIQUE,0.0,0.0
201400056025,14,5,14,5,5,75,117,2,1,1,6,"181b, AVENUE DE CLICHY",0.0,0.0
201400056026,15,5,14,9,1,75,117,2,2,1,6,"89, RUE JOUFFROY D ABBAN",0.0,0.0
201400056027,16,5,14,8,1,75,117,2,5,1,6,"16, RUE LE CHATELIER",0.0,0.0
201400056028,16,5,14,10,1,75,117,2,2,1,6,"97, RUE POUCHET",0.0,0.0
201400056029,16,5,14,19,1,75,117,2,3,1,3,"185, AVENUE DE CLICHY",0.0,0.0
201400056030,17,5,14,18,1,75,117,2,4,1,3,"6, PLACE DE LA PORTE DE",0.0,0.0
201400056031,17,5,14,20,1,75,117,2,1,1,3,"5, AVENUE DE LA PORTE DE",0.0,0.0
201400056032,17,5,14,20,1,75,116,2,1,1,3,"26, BOULEVARD SUCHET",0.0,0.0
201400056033,20,5,14,20,2,75,117,2,2,2,6,"16, AVENUE DE VILLIERS",0.0,0.0
201400056034,21,5,14,17,1,75,117,2,7,8,6,"20, BOULEVARD GOUVION SA",0.0,0.0
201400056035,23,5,14,2,5,75,117,2,3,1,7,"3, BOULEVARD DU FORT DE",0.0,0.0
201400056036,27,5,14,8,1,75,117,2,2,8,6,"101, RUE CARDINET",0.0,0.0
201400056037,27,5,14,19,1,75,117,2,5,1,3,AVENUE DE LA PORTE D ASN,0.0,0.0
201400056038,27,5,14,19,1,75,117,2,5,1,2,PLACE DE LA PORTE DE CHA,0.0,0.0
201400056039,28,5,14,18,1,75,117,2,1,1,6,"68, AVENUE DE LA GRANDE",0.0,0.0
201400056040,29,5,14,17,1,75,117,2,5,1,3,"134, RUE DE COURCELLES",0.0,0.0
201400056041,30,5,14,19,1,75,117,2,3,1,6,"159, AVENUE DE CLICHY",0.0,0.0
201400056042,31,5,14,11,1,75,117,2,1,1,6,"4, AVENUE DE VILLIERS",0.0,0.0
201400056043,31,5,14,16,1,75,117,2,2,1,3,"10, AVENUE DE LA PORTE D",0.0,0.0
201400056044,1,6,14,0,5,75,117,2,5,1,3,"0, AVENUE DE VILLIERS",0.0,0.0
201400056045,2,6,14,10,1,75,117,2,1,1,6,"24, BOULEVARD GOUVION SA",0.0,0.0
201400056046,2,6,14,13,1,75,117,2,2,1,3,RUE DES BATIGNOLLES,0.0,0.0
201400056047,3,6,14,12,1,75,117,2,2,1,3,"66, AVENUE DE VILLIERS",0.0,0.0
201400056048,4,6,14,9,1,75,117,2,1,3,3,"96, AVENUE DE VILLIERS",0.0,0.0
201400056049,5,6,14,9,1,75,117,2,2,1,6,"49, RUE POUCHET",0.0,0.0
201400056050,6,6,14,2,5,75,117,2,3,1,6,"190, AVENUE DE CLICHY",0.0,0.0
201400056051,6,6,14,13,1,75,117,2,3,1,3,"14, BOULEVARD DES BATIGN",0.0,0.0
201400056052,6,6,14,16,1,75,117,2,2,1,6,"01, AVENUE NIEL",0.0,0.0
201400056053,7,6,14,18,1,75,117,2,4,1,3,AVENUE DE LA PORTE DE CL,0.0,0.0
201400056054,9,6,14,9,1,75,117,2,2,2,3,"113, AVENUE DE CLICHY",0.0,0.0
201400056055,10,6,14,10,1,75,117,2,3,2,3,"179, AVENUE DE CLICHY",0.0,0.0
201400056056,11,6,14,15,1,75,117,2,5,1,6,AVENUE DE LA PORTE D ASN,0.0,0.0
201400056057,12,6,14,9,1,75,117,2,1,1,6,"98, AVENUE DES TERNES",0.0,0.0
201400056058,12,6,14,20,1,75,117,2,7,1,3,"/, BOULEVARD PERSHING",0.0,0.0
201400056059,13,6,14,8,1,75,117,2,3,1,6,RUE DE TOCQUEVILLE,0.0,0.0
201400056060,13,6,14,13,1,75,117,2,1,1,6,"22, AVENUE DE LA GRANDE",0.0,0.0
201400056061,14,6,14,4,5,75,117,2,2,1,6,AVENUE DE LA PORTE DE CL,0.0,0.0
201400056062,14,6,14,17,1,75,118,2,1,1,6,"48, AVENUE DE SAINT OUEN",0.0,0.0
201400056063,16,6,14,23,5,75,117,2,2,1,3,RUE LEGENDRE,0.0,0.0
201400056064,17,6,14,1,4,75,117,2,1,1,7,"50, BOULEVARD BERTHIER",0.0,0.0
201400056065,17,6,14,12,1,75,117,2,3,1,6,"11, RUE SAINT FERDINAND",0.0,0.0
201400056066,18,6,14,10,1,75,117,2,2,1,2,"93, RUE DE ROME",0.0,0.0
201400056067,18,6,14,15,1,75,117,2,3,1,6,"120, BOULEVARD BESSIERES",0.0,0.0
201400056068,18,6,14,20,1,75,117,2,1,1,2,"47, BOULEVARD PEREIRE",0.0,0.0
201400056069,19,6,14,0,5,75,117,2,2,1,3,AVENUE DE LA PORTE D ASN,0.0,0.0
201400056070,20,6,14,9,1,75,117,2,1,1,2,"75, RUE DE ROME",0.0,0.0
201400056071,20,6,14,17,1,75,117,2,4,1,6,"35, BOULEVARD BESSIERES",0.0,0.0
201400056072,20,6,14,18,1,75,117,2,1,1,6,"86, AVENUE DE CLICHY",0.0,0.0
201400056073,21,6,14,14,1,75,117,2,2,1,3,"48, AVENUE DE LA PORTE D",0.0,0.0