Num_Acc,jour,mois,an,hr,condition_eclairage,departement,commune,condition_agglomeration,intersection,condition_atmosphere,type_collision,adresse,lattitude,longitude
201400056074,23,6,14,8,1,75,117,2,3,1,2,"109, BOULEVARD BESSIERES",0.0,0.0
201400056075,23,6,14,9,1,75,117,2,1,1,6,"190 bis, AVENUE DE CLICH",0.0,0.0
201400056076,24,6,14,4,5,75,117,2,1,1,6,"49, AVENUE DES TERNES",0.0,0.0
201400056077,24,6,14,13,1,75,116,2,2,1,6,"138, AVENUE DE MALAKOFF",0.0,0.0
201400056078,27,6,14,8,1,75,117,2,2,1,3,"12, PORTE DE CLICHY",0.0,0.0
201400056079,27,6,14,10,1,75,117,2,3,1,6,"92, RUE TRUFFAUT",0.0,0.0
201400056080,27,6,14,16,1,75,117,2,1,1,6,"06, AVENUE DES TERNES",0.0,0.0
201400056081,28,6,14,22,5,75,117,2,2,2,6,"101, AVENUE DES TERNES",0.0,0.0
201400056082,28,6,14,14,1,75,117,2,1,2,4,"02, BOULEVARD DU FORT DE",0.0,0.0
201400056083,29,6,14,9,1,75,117,2,1,2,7,"133, BOULEVARD PEREIRE",0.0,0.0
201400056084,30,6,14,9,1,75,117,2,1,1,2,"86, AVENUE DE VILLIERS",0.0,0.0
201400056085,2,7,14,10,1,75,117,2,1,1,3,"10bis, RUE DESCOMBES",0.0,0.0
201400056086,3,7,14,22,5,75,117,2,7,1,6,"74, RUE LEGENDRE",0.0,0.0
201400056087,7,7,14,14,1,75,117,2,1,1,3,"70, AVENUE DE LA GRANDE",0.0,0.0
201400056088,8,7,14,7,1,75,117,2,7,2,7,"3, PLACE DES TERNES",0.0,0.0
201400056089,8,7,14,18,1,75,117,2,1,1,6,"106, AVENUE DES TERNES",0.0,0.0
201400056090,10,7,14,14,1,75,117,2,5,8,2,"05, AVENUE STEPHANE MALL",0.0,0.0
201400056091,10,7,14,15,1,75,108,2,7,8,3,PLACE CHARLES DE GAULLE,0.0,0.0
201400056092,10,7,14,17,1,75,117,2,5,2,6,"42, BOULEVARD BESSIERES",0.0,0.0
201400056093,12,7,14,18,1,75,117,2,1,1,3,"06, AVENUE DE LA PORTE D",0.0,0.0
201400056094,13,7,14,16,1,75,108,2,5,2,4,"02, AVENUE GABRIEL",0.0,0.0
201400056095,15,7,14,11,1,75,117,2,1,2,3,"16, AVENUE MAC MAHON",0.0,0.0
201400056096,15,7,14,17,1,75,117,2,3,1,6,BOULEVARD GOUVION SAINT,0.0,0.0
201400056097,17,7,14,18,1,75,117,2,1,1,6,"6, RUE POUCHET",0.0,0.0
201400056098,18,7,14,10,1,75,117,2,7,1,6,AVENUE DE VILLIERS,0.0,0.0
201400056099,19,7,14,15,1,75,117,2,2,1,5,"90, RUE POUCHET",0.0,0.0
201400056100,19,7,14,19,1,75,117,2,4,1,6,"111, BOULEVARD BESSIERES",0.0,0.0
201400056101,20,7,14,18,1,75,108,2,1,1,2,PLACE DE LA MADELEINE,0.0,0.0
201400056102,21,7,14,0,5,75,117,2,7,1,6,PLACE DU GENERAL KOENIG,0.0,0.0
201400056103,21,7,14,14,1,75,117,2,5,1,3,"02, BOULEVARD DE COURCEL",0.0,0.0
201400056104,22,7,14,22,5,75,117,2,5,1,2,PLACE DE LA PORTE DE CHA,0.0,0.0
201400056105,23,7,14,16,1,75,117,2,4,1,3,"7, AVENUE DE SAINT OUEN",0.0,0.0
201400056106,23,7,14,21,2,75,117,2,3,1,2,"03, BOULEVARD D AURELLE",0.0,0.0
201400056107,24,7,14,16,1,75,117,2,1,1,6,"16, AVENUE DE LA GRANDE",0.0,0.0
201400056108,24,7,14,19,1,75,117,2,5,1,6,"04, PLACE DE LA PORTE DE",0.0,0.0
201400056109,25,7,14,15,1,75,108,2,4,1,6,"6, AVENUE DE FRIEDLAND",0.0,0.0
201400056110,26,7,14,12,1,75,117,2,2,1,3,"21, BOULEVARD PEREIRE",0.0,0.0
201400056111,27,7,14,19,1,75,116,2,4,1,3,PORTE MAILLOT,0.0,0.0
201400056112,30,7,14,8,1,75,117,2,2,1,3,"96, RUE JOUFFROY D ABBAN",0.0,0.0
201400056113,30,7,14,23,5,75,117,2,2,1,3,"99, AVENUE DE CLICHY",0.0,0.0
201400056114,31,7,14,11,1,75,117,2,1,1,6,"36, BOULEVARD DE REIMS",0.0,0.0
201400056115,3,8,14,2,4,75,117,2,5,1,6,RUE CARDINET,0.0,0.0
201400056116,4,8,14,3,4,75,117,2,2,8,2,"96, AVENUE DE CLICHY",0.0,0.0
201400056117,4,8,14,14,1,75,117,2,7,1,3,BOULEVARD MALESHERBES,0.0,0.0
201400056118,5,8,14,12,1,75,117,2,7,1,3,"52, RUE JOUFFROY D ABBAN",0.0,0.0
201400056119,5,8,14,14,1,75,117,2,1,1,3,"7, AVENUE DES TERNES",0.0,0.0
201400056120,6,8,14,8,1,75,117,2,5,2,3,"30, BOULEVARD DES BATIGN",0.0,0.0
201400056121,7,8,14,9,1,75,117,2,1,2,3,"66 bis, AVENUE DE VILLIE",0.0,0.0
201400056122,10,8,14,0,5,75,117,2,4,1,3,AVENUE DE LA PORTE DE CH,0.0,0.0
201400056123,12,8,14,15,1,75,117,2,5,1,6,"2, AVENUE DE VILLIERS",0.0,0.0
201400056124,12,8,14,16,1,75,117,2,3,1,3,"7, AVENUE DE LA PORTE D",0.0,0.0
201400056125,14,8,14,9,1,75,117,2,7,1,3,"24, BOULEVARD PERSHING",0.0,0.0
201400056126,14,8,14,5,2,75,117,2,1,8,6,"93, AVENUE DE CLICHY",0.0,0.0
201400056127,15,8,14,14,1,75,117,2,2,1,6,"30, AVENUE CARNOT",0.0,0.0
201400056128,15,8,14,22,5,75,117,2,7,1,6,"5, AVENUE DE WAGRAM",0.0,0.0
201400056129,20,8,14,15,1,75,116,2,1,1,3,"62, AVENUE DE NEW YORK",0.0,0.0
201400056130,21,8,14,14,1,75,117,2,1,1,6,RUE CARDINET,0.0,0.0
201400056131,22,8,14,4,5,75,117,2,2,1,3,"34, AVENUE DE LA PORTE D",0.0,0.0
201400056132,22,8,14,8,1,75,117,2,2,1,3,"85, AVENUE DE WAGRAM",0.0,0.0
201400056133,24,8,14,13,1,75,117,2,4,1,3,BOULEVARD DE REIMS,0.0,0.0
201400056134,27,8,14,8,1,75,117,2,2,3,6,"129, AVENUE DE WAGRAM",0.0,0.0
201400056135,30,8,14,10,1,75,117,2,1,1,6,"33, AVENUE DES TERNES",0.0,0.0
201400056136,2,9,14,17,1,75,117,2,1,1,6,"99, RUE DE PRONY",0.0,0.0
201400056137,4,9,14,7,1,75,117,2,5,1,6,"187, AVENUE DE CLICHY",0.0,0.0
201400056138,4,9,14,9,1,75,117,2,1,8,6,"4, RUE DE PONT A MOUSSON",0.0,0.0
201400056139,4,9,14,16,1,75,117,2,7,1,2,"36, AVENUE DE LA GRANDE",0.0,0.0
201400056140,5,9,14,11,1,75,117,2,2,1,6,"116, BOULEVARD MALESHERB",0.0,0.0
201400056141,5,9,14,10,1,75,117,2,1,8,4,BOULEVARD PERIPHERIQUE,0.0,0.0
201400056142,5,9,14,17,1,75,117,2,1,1,3,"18, BOULEVARD DU FORT DE",0.0,0.0
201400056143,5,9,14,6,5,75,117,2,2,1,6,"86, BOULEVARD DE COURCEL",0.0,0.0
201400056144,7,9,14,3,5,75,117,2,3,1,7,"04, RUE HERAULT DE SECHE",0.0,0.0
201400056145,8,9,14,12,1,75,117,2,3,1,4,"145, BOULEVARD MALESHERB",0.0,0.0
201400056146,9,9,14,17,1,75,117,2,5,1,3,"28, RUE GUY MOQUET",0.0,0.0
201400056147,9,9,14,23,5,75,117,2,4,1,6,"02, RUE GUY MOQUET",0.0,0.0
201400056148,11,9,14,12,1,75,117,2,3,1,6,"8, BOULEVARD DU BOIS LE",0.0,0.0
201400056149,11,9,14,16,1,75,117,2,3,1,6,"35, AVENUE DE SAINT OUEN",0.0,0.0
201400056150,11,9,14,21,5,75,117,2,5,1,6,"11, RUE GOUNOD",0.0,0.0
201400056151,12,9,14,21,5,75,117,2,7,1,3,"04, AVENUE CARNOT",0.0,0.0
201400056152,12,9,14,20,5,75,117,2,2,1,3,"18, AVENUE DE VILLIERS",0.0,0.0
201400056153,15,9,14,9,1,75,117,2,7,1,3,PLACE DE LA PORTE MAILLO,0.0,0.0
201400056154,15,9,14,18,1,75,117,2,2,1,3,"17, RUE BOURSAULT",0.0,0.0
201400056155,16,9,14,11,1,75,117,2,4,1,2,RUE DU CAPORAL PEUGEOT,0.0,0.0
201400056156,16,9,14,16,1,75,117,2,1,1,3,"154, BOULEVARD BERTHIER",0.0,0.0
201400056157,18,9,14,14,1,75,117,2,1,1,6,"52, BOULEVARD BERTHIER",0.0,0.0
201400056158,19,9,14,20,5,75,117,2,7,1,2,"1 bis, BOULEVARD GOUVION",0.0,0.0
201400056159,17,9,14,12,1,75,117,2,1,1,6,"40, RUE POUCHET",0.0,0.0
201400056160,21,9,14,13,1,75,117,2,1,1,6,"5, AVENUE DE CLICHY",0.0,0.0
201400056161,21,9,14,18,1,75,117,2,4,1,6,BOULEVARD PERIPHERIQUE,0.0,0.0
201400056162,21,9,14,19,5,75,117,2,1,1,3,"92, AVENUE DE VILLIERS",0.0,0.0
201400056163,22,9,14,9,1,75,117,2,3,1,3,"26, RUE EMILE LEVEL",0.0,0.0
201400056164,23,9,14,6,5,75,117,2,2,1,3,"110, BOULEVARD DE COURCE",0.0,0.0
201400056165,23,9,14,8,1,75,117,2,1,1,6,"108, RUE DE SAUSSURE",0.0,0.0
201400056166,23,9,14,10,1,75,117,2,1,1,2,"58, BOULEVARD DES BATIGN",0.0,0.0
201400056167,24,9,14,17,1,75,117,2,1,1,6,"28, RUE LEGENDRE",0.0,0.0
201400056168,24,9,14,20,5,75,117,2,1,1,2,"119, BOULEVARD BESSIERES",0.0,0.0
201400056169,24,9,14,21,5,75,117,2,2,8,1,"91, AVENUE DE WAGRAM",0.0,0.0
201400056170,25,9,14,21,5,75,117,2,7,1,7,"6, PLACE DE LA REPUBLIQU",0.0,0.0
201400056171,30,9,14,15,1,75,117,2,1,1,2,"91, BOULEVARD BESSIERES",0.0,0.0
201400056172,30,9,14,16,1,75,117,2,2,1,3,"105, RUE DE COURCELLES",0.0,0.0
201400056173,1,10,14,7,1,75,117,2,1,1,6,"231, BOULEVARD PEREIRE",0.0,0.0
201400056174,1,10,14,15,1,75,117,2,1,1,6,"200, BOULEVARD MALESHERB",0.0,0.0
201400056175,1,10,14,16,1,75,117,2,3,1,3,"94, BOULEVARD PEREIRE",0.0,0.0
201400056176,2,10,14,8,1,75,117,2,1,1,4,BOULEVARD PERIPHERIQUE,0.0,0.0
201400056177,3,10,14,17,1,75,117,2,3,1,3,"74, AVENUE DE CLICHY",0.0,0.0
201400056178,3,10,14,21,5,75,117,2,1,1,2,"13, BOULEVARD PEREIRE",0.0,0.0
201400056179,5,10,14,14,1,75,117,2,7,8,2,"133, BOULEVARD MALESHERB",0.0,0.0
201400056180,6,10,14,15,1,75,117,2,3,2,3,"22, BOULEVARD GOUVION SA",0.0,0.0
201400056181,6,10,14,20,3,75,117,2,7,2,6,PLACE DU MARECHAL JUIN,0.0,0.0
201400056182,7,10,14,12,1,75,117,2,1,8,3,"45, RUE DE TOCQUEVILLE",0.0,0.0
201400056183,7,10,14,21,5,75,117,2,1,1,3,"66, BOULEVARD DU FORT DE",0.0,0.0
201400056184,8,10,14,10,1,75,117,2,4,2,6,"112, AVENUE DE VILLIERS",0.0,0.0
201400056185,9,10,14,9,1,75,117,2,5,8,1,"155, BOULEVARD MALESHERB",0.0,0.0
201400056186,9,10,14,9,1,75,117,2,4,1,2,"17, RUE DU MONT DORE",0.0,0.0
201400056187,9,10,14,18,1,75,117,2,3,1,6,"30, RUE MARGUERITE LONG",0.0,0.0
201400056188,10,10,14,12,1,75,117,2,2,1,6,"63, RUE LA CONDAMINE",0.0,0.0
201400056189,10,10,14,18,1,75,117,2,1,1,3,"184, BOULEVARD MALESHERB",0.0,0.0
201400056190,11,10,14,13,1,75,117,2,1,1,6,"68, AVENUE DE LA GRANDE",0.0,0.0
201400056191,11,10,14,13,1,75,117,2,3,1,6,"25, RUE BAYEN",0.0,0.0
201400056192,13,10,14,10,1,75,117,2,3,8,6,"24, RUE DE LA TERRASSE",0.0,0.0
201400056193,14,10,14,20,5,75,117,2,2,1,6,"194, AVENUE DE CLICHY",0.0,0.0
201400056194,14,10,14,18,1,75,117,2,2,1,6,"35, BOULEVARD BERTHIER",0.0,0.0
201400056195,15,10,14,16,1,75,117,2,5,2,6,"1, AVENUE DE LA PORTE D",0.0,0.0
201400056196,15,10,14,21,5,75,117,2,1,1,3,"10, RUE DE PHALSBOURG",0.0,0.0
201400056197,16,10,14,12,1,75,117,2,1,2,7,"157, AVENUE DE CLICHY",0.0,0.0
201400056198,16,10,14,17,1,75,117,2,1,1,7,"101, RUE DE ROME",0.0,0.0
201400056199,17,10,14,0,5,75,117,2,5,2,2,"30, BOULEVARD DES BATIGN",0.0,0.0
201400056200,18,10,14,15,1,75,117,2,5,1,6,"47, BOULEVARD GOUVION SA",0.0,0.0
201400056201,20,10,14,17,1,75,117,2,2,8,6,"70, BOULEVARD DES BATIGN",0.0,0.0
201400056202,20,10,14,17,1,75,117,2,7,1,2,"36, AVENUE DE LA GRANDE",0.0,0.0
201400056203,21,10,14,9,1,75,118,2,4,1,3,"20, AVENUE DE SAINT OUEN",0.0,0.0
201400056204,22,10,14,11,1,75,117,2,4,1,6,"1, BOULEVARD DE LA SOMME",0.0,0.0
201400056205,23,10,14,15,1,75,117,2,1,1,3,"34, RUE GUY MOQUET",0.0,0.0
201400056206,24,10,14,13,1,75,117,2,1,1,3,"189, RUE DE COURCELLES",0.0,0.0
201400056207,25,10,14,12,1,75,117,2,2,1,3,"1, PLACE DU BRESIL",0.0,0.0
201400056208,28,10,14,11,1,75,117,2,3,1,6,"178, BOULEVARD PEREIRE",0.0,0.0
201400056209,28,10,14,12,1,75,117,2,5,1,3,"4, PLACE DE LA PORTE DE",0.0,0.0
201400056210,30,10,14,17,5,75,117,2,3,1,3,"99, BOULEVARD BESSIERES",0.0,0.0
201400056211,31,10,14,14,1,75,117,2,1,1,6,"04, BOULEVARD DE COURCEL",0.0,0.0
201400056212,31,10,14,17,2,75,117,2,2,1,3,"164, RUE DE SAUSSURE",0.0,0.0
201400056213,3,11,14,18,5,75,117,2,2,2,6,"46, BOULEVARD BESSIERES",0.0,0.0
201400056214,3,11,14,20,5,75,117,2,1,2,6,"2, RUE JULIETTE LAMBER",0.0,0.0
201400056215,4,11,14,9,1,75,117,2,4,1,2,"/, PORTE D ASNIERES",0.0,0.0
201400056216,4,11,14,13,1,75,117,2,2,1,3,"64, RUE LEGENDRE",0.0,0.0
201400056217,4,11,14,14,1,75,117,2,1,1,3,"63, BOULEVARD BESSIERES",0.0,0.0
201400056218,4,11,14,17,1,75,117,2,3,1,2,"91, AVENUE DE CLICHY",0.0,0.0
201400056219,5,11,14,19,5,75,117,2,2,1,6,"112, AVENUE DE CLICHY",0.0,0.0
201400056220,8,11,14,18,5,75,117,2,7,1,3,"2, PLACE DE LA PORTE MAI",0.0,0.0
201400056221,10,11,14,16,1,75,117,2,5,1,6,"187, AVENUE DE CLICHY",0.0,0.0
201400056222,12,11,14,7,1,75,117,2,5,1,3,"/, AVENUE DE LA PORTE DE",0.0,0.0
201400056223,13,11,14,10,1,75,117,2,5,1,6,"25, BOULEVARD DE LA SOMM",0.0,0.0
201400056224,14,11,14,12,1,75,117,2,2,2,1,"18, AVENUE DE VILLIERS",0.0,0.0
201400056225,14,11,14,13,1,75,117,2,2,2,7,"35, BOULEVARD BERTHIER",0.0,0.0
201400056226,14,11,14,14,1,75,117,2,1,2,1,"124, RUE DE COURCELLES",0.0,0.0
201400056227,15,11,14,10,1,75,117,2,1,2,3,"47, AVENUE DES TERNES",0.0,0.0
201400056228,15,11,14,23,5,75,117,2,3,1,2,BOULEVARD BERTHIER,0.0,0.0
201400056229,18,11,14,1,5,75,117,2,2,1,6,"134, BOULEVARD BERTHIER",0.0,0.0
201400056230,18,11,14,16,5,75,117,2,5,2,3,"01, AVENUE STEPHANE MALL",0.0,0.0
201400056231,18,11,14,19,5,75,117,2,3,2,7,"92, BOULEVARD DES BATIGN",0.0,0.0
201400056232,20,11,14,10,1,75,117,2,1,1,3,"70, BOULEVARD BESSIERES",0.0,0.0
201400056233,20,11,14,16,5,75,117,2,1,2,6,"118, BOULEVARD BESSIERES",0.0,0.0
201400056234,21,11,14,11,1,75,117,2,1,1,6,"160, BOULEVARD MALESHERB",0.0,0.0
201400056235,22,11,14,19,5,75,117,2,5,1,3,"21, BOULEVARD GOUVION SA",0.0,0.0
201400056236,23,11,14,17,5,75,117,2,2,1,6,"83, RUE DE SAUSSURE",0.0,0.0
201400056237,25,11,14,9,1,75,117,2,7,2,2,PLACE DU BRESIL,0.0,0.0
201400056238,25,11,14,14,1,75,117,2,2,1,3,"18, AVENUE DE VILLIERS",0.0,0.0
201400056239,25,11,14,15,1,75,118,2,3,1,6,"14, AVENUE DE SAINT OUEN",0.0,0.0
201400056240,26,11,14,17,5,75,117,2,1,2,6,"190, AVENUE DE CLICHY",0.0,0.0
201400056241,26,11,14,18,5,75,117,2,1,2,7,"11, PORTE D ASNIERES",0.0,0.0
201400056242,27,11,14,12,1,75,117,2,1,1,6,"51, RUE DES EPINETTES",0.0,0.0
201400056243,29,11,14,16,1,75,117,2,3,8,6,"14, RUE PAUL BODIN",0.0,0.0
201400056244,1,12,14,23,5,75,117,2,5,1,3,"91, AVENUE DE WAGRAM",0.0,0.0
201400056245,2,12,14,20,2,75,117,2,7,1,3,PLACE PAUL LEAUTAUD,0.0,0.0
201400056246,4,12,14,19,5,75,117,2,2,2,4,"/, RUE ALPHONSE DE NEUVI",0.0,0.0
201400056247,5,12,14,18,5,75,117,2,5,1,3,"13, AVENUE NIEL",0.0,0.0
201400056248,5,12,14,21,5,75,117,2,3,1,3,"144, AVENUE DE CLICHY",0.0,0.0
201400056249,7,12,14,12,1,75,117,2,2,8,7,"13, RUE DES BATIGNOLLES",0.0,0.0
201400056250,7,12,14,15,1,75,117,2,1,8,3,"14, BOULEVARD DU FORT DE",0.0,0.0
201400056251,8,12,14,23,5,75,117,2,7,8,7,"114, AVENUE DE VILLIERS",0.0,0.0
201400056252,9,12,14,11,1,75,117,2,1,1,3,"40, BOULEVARD DE COURCEL",0.0,0.0
201400056253,9,12,14,12,1,75,117,2,2,1,6,"31, AVENUE DE CLICHY",0.0,0.0
201400056254,11,12,14,17,3,75,117,2,2,2,6,"74, AVENUE DE WAGRAM",0.0,0.0
201400056255,12,12,14,11,1,75,117,2,5,2,6,"125, AVENUE DE SAINT OUE",0.0,0.0
201400056256,12,12,14,15,1,75,117,2,2,2,6,"7, RUE DE TOCQUEVILLE",0.0,0.0
201400056257,12,12,14,19,5,75,117,2,2,3,3,"/, RUE JOUFFROY D ABBANS",0.0,0.0
201400056258,13,12,14,10,1,75,117,2,4,2,3,"34, AVENUE DE LA PORTE D",0.0,0.0
201400056259,14,12,14,15,1,75,117,2,2,1,7,"5, AVENUE CARNOT",0.0,0.0
201400056260,15,12,14,9,1,75,117,2,4,2,3,"46, AVENUE DE VILLIERS",0.0,0.0
201400056261,15,12,14,19,5,75,117,2,1,2,2,BOULEVARD PERIPHERIQUE E,0.0,0.0
201400056262,15,12,14,22,5,75,117,2,3,2,3,"75, AVENUE DE CLICHY",0.0,0.0
201400056263,16,12,14,7,5,75,117,2,7,2,3,"/, PLACE DU GENERAL KOEN",0.0,0.0
201400056264,16,12,14,13,1,75,117,2,1,1,2,"72, BOULEVARD BERTHIER",0.0,0.0
201400056265,18,12,14,9,1,75,117,2,3,1,4,"54, RUE DES DAMES",0.0,0.0
201400056266,18,12,14,19,5,75,117,2,1,1,6,"181 ter, AVENUE DE CLICH",0.0,0.0
201400056267,19,12,14,8,1,75,117,2,1,8,6,"8, RUE ALPHONSE DE NEUVI",0.0,0.0
201400056268,19,12,14,18,5,75,117,2,1,3,3,"109, AVENUE DE SAINT OUE",0.0,0.0
201400056269,22,12,14,12,1,75,117,2,1,1,2,"101, AVENUE DES TERNES",0.0,0.0
201400056270,22,12,14,17,4,75,117,2,3,2,2,BOULEVARD DE L YSER,0.0,0.0
201400056271,27,12,14,16,1,75,117,2,5,1,3,"214, RUE DE COURCELLES",0.0,0.0
201400056272,27,12,14,22,5,75,117,2,2,2,6,"57, BOULEVARD GOUVION SA",0.0,0.0
201400056273,28,12,14,12,1,75,117,2,2,1,6,"16, AVENUE DE VILLIERS",0.0,0.0
201400056274,29,12,14,9,1,75,117,2,3,1,6,"38, RUE DES APENNINS",0.0,0.0
201400056275,2,1,14,19,5,75,118,2,5,1,3,"11, RUE CUSTINE",0.0,0.0
201400056276,3,1,14,18,5,75,118,2,2,2,6,AVENUE DE SAINT OUEN,0.0,0.0
201400056277,3,1,14,18,5,75,118,2,3,2,6,"36, RUE STEPHENSON",0.0,0.0
201400056278,4,1,14,15,1,75,118,2,3,8,3,", RUE DES POISSONNIERS",0.0,0.0
201400056279,6,1,14,13,1,75,118,2,1,1,6,RUE FRANCIS DE CROISSET,0.0,0.0
201400056280,8,1,14,20,5,75,118,2,1,2,7,"94, BOULEVARD NEY",0.0,0.0
201400056281,9,1,14,9,1,75,118,2,5,1,3,RUE ORDENER,0.0,0.0
201400056282,10,1,14,1,5,75,118,2,1,1,6,"59, RUE CAULAINCOURT",0.0,0.0
201400056283,11,1,14,18,5,75,118,2,2,1,3,"15, RUE DAMREMONT",0.0,0.0
201400056284,13,1,14,12,1,75,118,2,2,1,6,"28, AVENUE DE LA PORTE D",0.0,0.0
201400056285,16,1,14,13,1,75,118,2,4,2,3,"7, BOULEVARD BARBES",0.0,0.0
201400056286,17,1,14,12,1,75,118,2,7,1,2,"07, PLACE ALBERT KAHN",0.0,0.0
201400056287,13,1,14,15,1,75,118,2,2,2,7,AVENUE DE LA PORTE DE SA,0.0,0.0
201400056288,18,1,14,11,1,75,118,2,1,1,2,"35, RUE RAMEY",0.0,0.0
201400056289,20,1,14,15,1,75,118,2,3,2,6,"110, BOULEVARD DE CLICHY",0.0,0.0
201400056290,21,1,14,16,5,75,118,2,2,1,6,"52, AVENUE DE SAINT OUEN",0.0,0.0
201400056291,22,1,14,19,5,75,118,2,3,2,6,"39, RUE DE LA CHAPELLE",0.0,0.0
201400056292,25,1,14,2,5,75,118,2,3,2,6,"74, RUE RIQUET",0.0,0.0
201400056293,26,1,14,21,5,75,118,2,3,2,6,"4, BOULEVARD BARBES",0.0,0.0
201400056294,27,1,14,16,1,75,118,2,2,2,3,"66, BOULEVARD DE ROCHECH",0.0,0.0
201400056295,30,1,14,20,5,75,118,2,3,1,6,"2, RUE BURQ",0.0,0.0
201400056296,31,1,14,10,1,75,118,2,2,1,3,"16, RUE STEPHENSON",0.0,0.0
201400056297,1,2,14,22,5,75,118,2,1,1,6,"14, AVENUE DE SAINT OUEN",0.0,0.0
201400056298,2,2,14,10,1,75,118,2,7,1,2,"120, BOULEVARD DE CLICHY",0.0,0.0
201400056299,2,2,14,20,5,75,118,2,2,1,6,"2, RUE ORDENER",0.0,0.0
201400056300,3,2,14,17,5,75,118,2,3,1,6,"117, RUE ORDENER",0.0,0.0
201400056301,6,2,14,18,5,75,118,2,5,1,6,"26, RUE LABAT",0.0,0.0
201400056302,7,2,14,16,1,75,118,2,5,1,2,"87, RUE DE CLIGNANCOURT",0.0,0.0
201400056303,7,2,14,18,5,75,118,2,1,1,2,"144, BOULEVARD NEY",0.0,0.0
201400056304,8,2,14,19,5,75,118,2,2,2,6,"87, BOULEVARD NEY",0.0,0.0
201400056305,9,2,14,6,5,75,118,2,7,1,6,"2, PLACE BLANCHE",0.0,0.0
201400056306,9,2,14,12,1,75,118,2,5,8,2,"64, RUE VAUVENARGUES",0.0,0.0
201400056307,9,2,14,17,1,75,118,2,3,1,6,"121, RUE DES POISSONNIER",0.0,0.0
201400056308,10,2,14,7,1,75,118,2,1,1,6,"10, RUE JEAN HENRI FABRE",0.0,0.0
201400056309,11,2,14,9,1,75,118,2,3,1,1,"57, AVENUE DE SAINT OUEN",0.0,0.0
201400056310,11,2,14,16,1,75,118,2,3,2,6,"75, RUE RIQUET",0.0,0.0
201400056311,12,2,14,9,1,75,118,2,1,1,6,"22, BOULEVARD DE CLICHY",0.0,0.0
201400056312,12,2,14,14,1,75,118,2,5,1,6,"2, RUE CAULAINCOURT",0.0,0.0
201400056313,12,2,14,18,5,75,118,2,3,3,6,"55, RUE MARX DORMOY",0.0,0.0
201400056314,13,2,14,1,5,75,118,2,2,1,2,"05, RUE DE LA CHAPELLE",0.0,0.0
201400056315,14,2,14,21,5,75,118,2,2,1,7,"1, AVENUE DE LA PORTE D",0.0,0.0
201400056316,15,2,14,1,5,75,110,2,5,1,3,BOULEVARD DE MAGENTA,0.0,0.0
201400056317,16,2,14,13,1,75,118,2,3,1,6,"2, IMPASSE DE LA CHAPELL",0.0,0.0
201400056318,19,2,14,9,1,75,118,2,4,8,2,"37, BOULEVARD ORNANO",0.0,0.0
201400056319,21,2,14,12,1,75,118,2,3,1,6,"8, RUE DU MONT CENIS",0.0,0.0
201400056320,21,2,14,19,5,75,118,2,7,1,3,PLACE PIGALLE,0.0,0.0
201400056321,22,2,14,6,5,75,118,2,2,3,6,"69, RUE ORDENER",0.0,0.0
201400056322,22,2,14,19,5,75,118,2,2,1,3,"88, BOULEVARD BARBES",0.0,0.0
201400056323,23,2,14,6,5,75,118,2,7,1,6,"55, BOULEVARD ORNANO",0.0,0.0
201400056324,26,2,14,17,1,75,118,2,3,1,6,RUE DU CARDINAL DUBOIS,0.0,0.0
201400056325,27,2,14,10,1,75,118,2,1,2,6,"9, RUE JEAN VARENNE",0.0,0.0
201400056326,27,2,14,13,1,75,118,2,3,2,6,BOULEVARD BARBES,0.0,0.0
201400056327,2,3,14,6,2,75,118,2,4,1,2,"67, BOULEVARD NEY",0.0,0.0
201400056328,3,3,14,18,5,75,118,2,1,2,6,"94, RUE ORDENER",0.0,0.0
201400056329,4,3,14,8,1,75,118,2,4,8,6,BOULEVARD DE LA CHAPELLE,0.0,0.0
201400056330,5,3,14,8,1,75,118,2,1,1,3,"107, RUE ORDENER",0.0,0.0
201400056331,5,3,14,12,1,75,118,2,2,1,3,"1, AVENUE DE LA PORTE DE",0.0,0.0
201400056332,13,3,14,13,1,75,118,2,1,1,6,"27, RUE CUSTINE",0.0,0.0
201400056333,14,3,14,10,1,75,118,2,1,1,6,"13, RUE CAVALLOTTI",0.0,0.0
201400056334,14,3,14,21,5,75,118,2,3,1,4,"34, RUE RAMEY",0.0,0.0
201400056335,15,3,14,2,5,75,118,2,5,1,6,"30, AVENUE DE LA PORTE D",0.0,0.0
201400056336,15,3,14,20,5,75,118,2,1,1,3,BOULEVARD PERIPHERIQUE,0.0,0.0
201400056337,18,3,14,14,1,75,118,2,1,1,2,"90, RUE DOUDEAUVILLE",0.0,0.0
201400056338,18,3,14,17,1,75,118,2,2,3,6,"2, AVENUE DE LA PORTE DE",0.0,0.0
201400056339,20,3,14,13,1,75,118,2,3,1,3,"110, RUE DES POISSONNIER",0.0,0.0
201400056340,20,3,14,14,1,75,118,2,2,1,3,"36, BOULEVARD BARBES",0.0,0.0
201400056341,20,3,14,15,1,75,118,2,2,1,5,"17, RUE CAULAINCOURT",0.0,0.0
201400056342,21,3,14,13,1,75,118,2,1,8,6,"98, RUE DU POTEAU",0.0,0.0
201400056343,22,3,14,8,1,75,118,2,1,2,6,"89, RUE MYRHA",0.0,0.0
201400056344,25,3,14,11,1,75,118,2,5,2,2,"252, RUE CHAMPIONNET",0.0,0.0
201400056345,25,3,14,13,1,75,118,2,1,8,7,"5, RUE CHRISTIANI",0.0,0.0
201400056346,25,3,14,14,1,75,118,2,2,2,3,"0, RUE DE LA CHAPELLE",0.0,0.0