Num_Acc,jour,mois,an,hr,condition_eclairage,departement,commune,condition_agglomeration,intersection,condition_atmosphere,type_collision,adresse,lattitude,longitude
201400056347,26,3,14,18,2,75,118,2,5,1,6,"50, RUE CUSTINE",0.0,0.0
201400056348,26,3,14,20,5,75,118,2,1,1,6,"30, AVENUE DE LA PORTE D",0.0,0.0
201400056349,27,3,14,8,1,75,118,2,1,1,7,"15, RUE CAULAINCOURT",0.0,0.0
201400056350,27,3,14,12,1,75,117,2,4,1,3,ECHANGEUR SAINT OUEN,0.0,0.0
201400056351,27,3,14,11,1,75,118,2,1,1,3,"165, RUE BELLIARD",0.0,0.0
201400056352,28,3,14,16,1,75,118,2,1,1,6,"29, RUE DU DEPARTEMENT",0.0,0.0
201400056353,29,3,14,13,1,75,118,2,2,1,3,"1, RUE ORDENER",0.0,0.0
201400056354,30,3,14,18,1,75,118,2,1,1,6,BOULEVARD NEY,0.0,0.0
201400056355,31,3,14,15,1,75,118,2,3,1,2,"91, RUE DAMREMONT",0.0,0.0
201400056356,2,4,14,9,1,75,118,2,1,1,4,"0, BOULEVARD PERIPHERIQU",0.0,0.0
201400056357,3,4,14,8,1,75,118,2,2,1,6,"2, BOULEVARD DE CLICHY",0.0,0.0
201400056358,3,4,14,18,1,75,118,2,1,1,6,"63, RUE LETORT",0.0,0.0
201400056359,4,4,14,1,5,75,118,2,2,2,3,RUE ORDENER,0.0,0.0
201400056360,5,4,14,3,5,75,118,2,2,1,2,"120, RUE CHAMPIONNET",0.0,0.0
201400056361,6,4,14,3,5,75,118,2,7,1,3,"80, BOULEVARD DE CLICHY",0.0,0.0
201400056362,6,4,14,6,2,75,118,2,1,1,6,AVENUE DE LA PORTE DE CL,0.0,0.0
201400056363,7,4,14,12,1,75,118,2,2,1,4,PORTE DE SAINT OUEN,0.0,0.0
201400056364,8,4,14,9,1,75,118,2,2,8,6,RUE LEPIC,0.0,0.0
201400056365,8,4,14,10,1,75,118,2,2,1,6,"VAV 100, BOULEVARD NEY",0.0,0.0
201400056366,8,4,14,18,1,75,118,2,1,1,7,"19, BOULEVARD NEY",0.0,0.0
201400056367,9,4,14,0,5,75,118,2,1,1,6,"153, RUE CHAMPIONNET",0.0,0.0
201400056368,10,4,14,19,1,75,118,2,2,1,6,"38, AVENUE DE CLICHY",0.0,0.0
201400056369,11,4,14,10,1,75,118,2,1,1,3,BOULEVARD PERIPHERIQUE,0.0,0.0
201400056370,11,4,14,13,1,75,118,2,5,1,3,"25, RUE CUSTINE",0.0,0.0
201400056371,11,4,14,15,1,75,118,2,2,1,3,"37, BOULEVARD BARBES",0.0,0.0
201400056372,12,4,14,14,1,75,118,2,1,1,6,"7, AVENUE DE LA PORTE D",0.0,0.0
201400056373,12,4,14,18,1,75,118,2,2,1,2,"32, BOULEVARD ORNANO",0.0,0.0
201400056374,13,4,14,16,1,75,118,2,1,1,6,"8, RUE NORVINS",0.0,0.0
201400056375,16,4,14,0,5,75,118,2,1,1,3,"10, AVENUE DE CLICHY",0.0,0.0
201400056376,18,4,14,19,2,75,118,2,5,1,3,RUE CAULAINCOURT,0.0,0.0
201400056377,19,4,14,13,1,75,118,2,1,8,2,"36, BOULEVARD DE ROCHECH",0.0,0.0
201400056378,21,4,14,1,5,75,118,2,1,1,6,"12, RUE LETORT",0.0,0.0
201400056379,22,4,14,15,1,75,118,2,1,1,6,"89, RUE DE LA CHAPELLE",0.0,0.0
201400056380,23,4,14,13,1,75,118,2,5,8,6,"71, RUE ORDENER",0.0,0.0
201400056381,26,4,14,3,5,75,118,2,1,1,6,"9, RUE LEPIC",0.0,0.0
201400056382,27,4,14,17,1,75,118,2,1,1,6,RUE DU PROFESSEUR GOSSET,0.0,0.0
201400056383,29,4,14,11,1,75,118,2,2,1,3,"18, RUE MARCADET",0.0,0.0
201400056384,29,4,14,21,5,75,118,2,1,3,7,"07, BOULEVARD ORNANO",0.0,0.0
201400056385,30,4,14,1,5,75,118,2,5,2,6,"85, RUE DAMREMONT",0.0,0.0
201400056386,1,5,14,12,1,75,118,2,2,2,3,"face au 32, PORTE DE CLI",0.0,0.0
201400056387,1,5,14,11,1,75,118,2,2,8,6,"79, RUE DE LA CHAPELLE",0.0,0.0
201400056388,2,5,14,0,5,75,118,2,5,3,3,"150, BOULEVARD NEY",0.0,0.0
201400056389,2,5,14,16,1,75,118,2,2,1,3,BOULEVARD DE LA CHAPELLE,0.0,0.0
201400056390,3,5,14,18,1,75,118,2,1,1,6,"80, RUE DOUDEAUVILLE",0.0,0.0
201400056391,5,5,14,13,1,75,118,2,1,1,6,"35, BOULEVARD NEY",0.0,0.0
201400056392,6,5,14,8,1,75,118,2,4,2,2,AVENUE DE LA PORTE D AUB,0.0,0.0
201400056393,9,5,14,21,2,75,118,2,2,1,6,"26, RUE LEON",0.0,0.0
201400056394,10,5,14,12,1,75,118,2,5,2,6,"5, BOULEVARD BARBES",0.0,0.0
201400056395,10,5,14,19,1,75,118,2,2,2,3,"1, RUE CARPEAUX",0.0,0.0
201400056396,11,5,14,0,5,75,118,2,3,1,6,"96, RUE DU POTEAU",0.0,0.0
201400056397,12,5,14,12,1,75,118,2,5,2,6,RUE BELLIARD,0.0,0.0
201400056398,12,5,14,18,1,75,118,2,7,1,6,"7, RUE DU MONT CENIS",0.0,0.0
201400056399,15,5,14,8,1,75,118,2,1,1,3,"156, RUE MARCADET",0.0,0.0
201400056400,16,5,14,10,1,75,118,2,3,1,2,"158, BOULEVARD NEY",0.0,0.0
201400056401,17,5,14,21,5,75,118,2,1,1,2,BOULEVARD BARBES,0.0,0.0
201400056402,19,5,14,19,1,75,118,2,5,1,2,"10, RUE JOSEPH DE MAISTR",0.0,0.0
201400056403,19,5,14,21,4,75,118,2,3,1,7,"130, AVENUE DE SAINT OUE",0.0,0.0
201400056404,20,5,14,0,5,75,118,2,5,1,6,"90, BOULEVARD NEY",0.0,0.0
201400056405,20,5,14,16,1,75,118,2,3,2,6,"31, RUE BOINOD",0.0,0.0
201400056406,20,5,14,20,2,75,118,2,2,2,3,AVENUE DE LA PORTE DE CL,0.0,0.0
201400056407,21,5,14,8,1,75,118,2,3,2,7,BOULEVARD NEY,0.0,0.0
201400056408,21,5,14,9,1,75,118,2,3,2,3,"15, RUE CAULAINCOURT",0.0,0.0
201400056409,23,5,14,0,5,75,118,2,7,1,6,PLACE ALBERT KAHN,0.0,0.0
201400056410,23,5,14,13,1,75,118,2,1,1,7,"120, BOULEVARD DE CLICHY",0.0,0.0
201400056411,24,5,14,14,1,75,118,2,1,8,7,"30, BOULEVARD DE CLICHY",0.0,0.0
201400056412,25,5,14,21,2,75,118,2,2,1,6,"70, BOULEVARD DE ROCHECH",0.0,0.0
201400056413,26,5,14,18,1,75,118,2,3,1,6,"30, RUE HENRI HUCHARD",0.0,0.0
201400056414,26,5,14,23,5,75,118,2,5,1,3,"78, RUE DAMREMONT",0.0,0.0
201400056415,30,5,14,13,1,75,118,2,1,1,6,"152, RUE ORDENER",0.0,0.0
201400056416,31,5,14,18,1,75,118,2,3,1,2,"133, BOULEVARD NEY",0.0,0.0
201400056417,1,6,14,22,5,75,118,2,1,1,6,"5, RUE EUGENE SUE",0.0,0.0
201400056418,2,6,14,8,1,75,118,2,4,1,6,RUE ORDENER,0.0,0.0
201400056419,2,6,14,19,1,75,118,2,3,1,6,"68, BOULEVARD DE LA CHAP",0.0,0.0
201400056420,3,6,14,19,1,75,118,2,1,1,6,"58, PORTE DE LA CHAPELLE",0.0,0.0
201400056421,4,6,14,12,1,75,118,2,2,2,2,RUE MARCADET,0.0,0.0
201400056422,5,6,14,9,1,75,118,2,4,1,6,RUE DU DOCTEUR BABINSKI,0.0,0.0
201400056423,7,6,14,1,5,75,118,2,1,1,3,"120, BOULEVARD DE CLICHY",0.0,0.0
201400056424,7,6,14,3,5,75,118,2,1,1,7,"102, RUE ORDENER",0.0,0.0
201400056425,8,6,14,3,5,75,118,2,1,1,2,"62, RUE DE LA CHAPELLE",0.0,0.0
201400056426,10,6,14,8,1,75,118,2,1,1,6,"94, BOULEVARD NEY",0.0,0.0
201400056427,10,6,14,17,1,75,118,2,5,2,3,"224, RUE CHAMPIONNET",0.0,0.0
201400056428,10,6,14,19,1,75,118,2,5,1,6,RUE BELLIARD,0.0,0.0
201400056429,10,6,14,23,5,75,118,2,4,1,3,AVENUE DE LA PORTE DE CL,0.0,0.0
201400056430,11,6,14,7,1,75,118,2,1,1,2,"92, BOULEVARD NEY",0.0,0.0
201400056431,11,6,14,18,1,75,118,2,1,1,6,"24, RUE RAYMOND QUENEAU",0.0,0.0
201400056432,12,6,14,21,5,75,118,2,1,1,6,"41, BOULEVARD BARBES",0.0,0.0
201400056433,13,6,14,0,5,75,118,2,2,1,3,BOULEVARD DE LA CHAPELLE,0.0,0.0
201400056434,13,6,14,18,1,75,118,2,1,1,6,"20, RUE STEPHENSON",0.0,0.0
201400056435,13,6,14,19,2,75,118,2,3,1,6,"33, RUE DE LA CHAPELLE",0.0,0.0
201400056436,14,6,14,2,5,75,118,2,7,1,6,"82, BOULEVARD DE CLICHY",0.0,0.0
201400056437,16,6,14,12,1,75,118,2,2,1,6,"28, AVENUE DE LA PORTE D",0.0,0.0
201400056438,16,6,14,16,1,75,118,2,1,1,3,"125, RUE CAULAINCOURT",0.0,0.0
201400056439,16,6,14,21,2,75,118,2,1,1,3,"40, AVENUE DE LA PORTE D",0.0,0.0
201400056440,17,6,14,10,1,75,118,2,2,1,3,"86, BOULEVARD BARBES",0.0,0.0
201400056441,18,6,14,7,1,75,118,2,2,8,4,"28, AVENUE DE LA PORTE D",0.0,0.0
201400056442,18,6,14,12,1,75,118,2,3,1,2,"41, RUE DE LA CHAPELLE",0.0,0.0
201400056443,20,6,14,23,5,75,118,2,1,1,3,"68, BOULEVARD ORNANO",0.0,0.0
201400056444,21,6,14,16,1,75,118,2,5,1,6,"207, RUE ORDENER",0.0,0.0
201400056445,22,6,14,20,1,75,118,2,1,1,3,RUE CAULAINCOURT,0.0,0.0
201400056446,24,6,14,15,1,75,118,2,3,1,6,"11, RUE CHAMPIONNET",0.0,0.0
201400056447,25,6,14,18,1,75,118,2,2,1,6,"84, RUE DU MONT CENIS",0.0,0.0
201400056448,26,6,14,8,1,75,118,2,2,1,6,"40, RUE DE CLIGNANCOURT",0.0,0.0
201400056449,27,6,14,14,1,75,118,2,1,1,6,"68, BOULEVARD BARBES",0.0,0.0
201400056450,28,6,14,11,1,75,118,2,2,2,6,"110, RUE ORDENER",0.0,0.0
201400056451,30,6,14,8,1,75,118,2,3,1,6,"12, AVENUE DE CLICHY",0.0,0.0
201400056452,30,6,14,18,1,75,118,2,5,1,3,"128 bis, BOULEVARD DE CL",0.0,0.0
201400056453,1,7,14,11,1,75,118,2,3,1,6,"47, RUE DU SIMPLON",0.0,0.0
201400056454,1,7,14,19,1,75,118,2,1,1,3,"129, RUE DES POISSONNIER",0.0,0.0
201400056455,1,7,14,20,1,75,118,2,5,1,2,"6, AVENUE DE LA PORTE DE",0.0,0.0
201400056456,1,7,14,20,1,75,118,2,5,1,2,"101, RUE CAULAINCOURT",0.0,0.0
201400056457,2,7,14,18,1,75,118,2,5,1,3,AVENUE DE LA PORTE DE SA,0.0,0.0
201400056458,3,7,14,10,1,75,118,2,1,1,4,"61, RUE DE CLIGNANCOURT",0.0,0.0
201400056459,5,7,14,14,1,75,118,2,5,8,3,"33, BOULEVARD BARBES",0.0,0.0
201400056460,5,7,14,19,1,75,118,2,3,1,3,RUE ORDENER,0.0,0.0
201400056461,6,7,14,19,1,75,118,2,1,1,6,"20, RUE DES CLOYS",0.0,0.0
201400056462,6,7,14,21,1,75,118,2,4,1,3,"72, BOULEVARD NEY",0.0,0.0
201400056463,7,7,14,11,1,75,118,2,7,1,3,"16, AVENUE DE CLICHY",0.0,0.0
201400056464,7,7,14,19,1,75,118,2,3,8,6,"32, AVENUE DE LA PORTE D",0.0,0.0
201400056465,8,7,14,15,1,75,118,2,3,2,6,"33BIS, RUE DOUDEAUVILLE",0.0,0.0
201400056466,8,7,14,18,1,75,118,2,1,8,6,"37, BOULEVARD BARBES",0.0,0.0
201400056467,10,7,14,12,1,75,118,2,5,1,7,"66, BOULEVARD DE ROCHECH",0.0,0.0
201400056468,10,7,14,15,1,75,118,2,1,8,6,"129, RUE ORDENER",0.0,0.0
201400056469,11,7,14,21,5,75,118,2,3,1,6,"27, RUE DU DEPARTEMENT",0.0,0.0
201400056470,12,7,14,10,1,75,118,2,3,1,6,"2, RUE ANDRE DEL SARTE",0.0,0.0
201400056471,15,7,14,13,1,75,118,2,1,1,2,"78, BOULEVARD ORNANO",0.0,0.0
201400056472,16,7,14,9,1,75,118,2,2,1,4,"23, RUE CAULAINCOURT",0.0,0.0
201400056473,16,7,14,10,1,75,118,2,3,1,3,"41, RUE DE LA CHAPELLE",0.0,0.0
201400056474,18,7,14,12,1,75,118,2,1,1,6,"50, RUE DE LA GOUTTE D O",0.0,0.0
201400056475,18,7,14,12,1,75,118,2,1,1,6,"42, BOULEVARD DE ROCHECH",0.0,0.0
201400056476,19,7,14,12,1,75,118,2,5,1,6,"44, RUE ORDENER",0.0,0.0
201400056477,19,7,14,14,1,75,118,2,5,1,2,RUE ORDENER,0.0,0.0
201400056478,20,7,14,15,1,75,118,2,3,1,3,"112, BOULEVARD DE LA CHA",0.0,0.0
201400056479,20,7,14,19,1,75,118,2,3,8,6,"13, BOULEVARD BARBES",0.0,0.0
201400056480,23,7,14,12,1,75,118,2,2,1,6,"29, RUE DU NORD",0.0,0.0
201400056481,24,7,14,12,1,75,118,2,1,1,2,"21, RUE EUGENE SUE",0.0,0.0
201400056482,27,7,14,21,5,75,118,2,2,1,3,BOULEVARD NEY,0.0,0.0
201400056483,28,7,14,23,5,75,118,2,1,1,6,BOULEVARD DE LA CHAPELLE,0.0,0.0
201400056484,30,7,14,0,5,75,110,2,3,1,3,"209, RUE DU FAUBOURG SAI",0.0,0.0
201400056485,30,7,14,8,1,75,118,2,5,1,3,"83, BOULEVARD ORNANO",0.0,0.0
201400056486,31,7,14,19,1,75,118,2,1,1,3,"3, RUE ANDRE DEL SARTE",0.0,0.0
201400056487,3,8,14,19,1,75,118,2,5,1,6,"29, RUE RAMEY",0.0,0.0
201400056488,4,8,14,16,1,75,118,2,2,1,6,"0, RUE JOSEPH DIJON",0.0,0.0
201400056489,4,8,14,18,1,75,118,2,4,1,3,"32, AVENUE DE LA PORTE D",0.0,0.0
201400056490,5,8,14,19,1,75,118,2,5,1,6,"77, RUE ORDENER",0.0,0.0
201400056491,6,8,14,20,1,75,118,2,4,1,2,"24, BOULEVARD DE ROCHECH",0.0,0.0
201400056492,8,8,14,12,1,75,118,2,1,2,1,"67, RUE BELLIARD",0.0,0.0
201400056493,8,8,14,22,5,75,118,2,5,2,3,RUE DAMREMONT,0.0,0.0
201400056494,11,8,14,14,1,75,118,2,4,1,6,"48, AVENUE DE CLICHY",0.0,0.0
201400056495,14,8,14,19,1,75,118,2,2,8,3,RUE HERMEL,0.0,0.0
201400056496,16,8,14,14,1,75,118,2,5,1,6,RUE JEAN HENRI FABRE,0.0,0.0
201400056497,19,8,14,2,5,75,118,2,7,1,6,"18, BOULEVARD DE CLICHY",0.0,0.0
201400056498,19,8,14,21,2,75,118,2,5,1,1,"71, RUE ORDENER",0.0,0.0
201400056499,23,8,14,2,5,75,118,2,2,1,1,"88, BOULEVARD BARBES",0.0,0.0
201400056500,23,8,14,5,5,75,118,2,1,2,2,"32, AVENUE DE LA PORTE D",0.0,0.0
201400056501,24,8,14,9,1,75,118,2,2,1,6,RUE D ORAN,0.0,0.0
201400056502,31,8,14,20,5,75,118,2,2,1,3,"55, RUE HERMEL",0.0,0.0
201400056503,1,9,14,14,1,75,118,2,5,1,3,RUE BECQUEREL,0.0,0.0
201400056504,1,9,14,18,1,75,118,2,2,1,3,AVENUE DE LA PORTE DE CL,0.0,0.0
201400056505,1,9,14,22,5,75,118,2,5,1,6,AVENUE DE LA PORTE DE CL,0.0,0.0
201400056506,3,9,14,18,1,75,118,2,2,1,2,"16, RUE EUGENE SUE",0.0,0.0
201400056507,4,9,14,18,1,75,118,2,5,1,3,"43, RUE MARCADET",0.0,0.0
201400056508,5,9,14,23,5,75,118,2,4,1,6,"5, RUE EUGENE CARRIERE",0.0,0.0
201400056509,5,9,14,13,1,75,118,2,4,8,3,"150, BOULEVARD NEY",0.0,0.0
201400056510,10,9,14,12,1,75,118,2,1,1,6,"69, RUE ORDENER",0.0,0.0
201400056511,10,9,14,18,1,75,118,2,4,1,6,"100, RUE DU POTEAU",0.0,0.0
201400056512,12,9,14,7,1,75,118,2,1,1,3,"120, RUE CAULAINCOURT",0.0,0.0
201400056513,16,9,14,9,1,75,118,2,1,1,6,"92, BOULEVARD NEY",0.0,0.0
201400056514,19,9,14,12,1,75,118,2,1,1,6,"2, RUE ROBERT PLANQUETTE",0.0,0.0
201400056515,20,9,14,17,1,75,118,2,4,1,2,"10, RUE RONSARD",0.0,0.0
201400056516,22,9,14,13,1,75,118,2,2,1,2,"101, BOULEVARD NEY",0.0,0.0
201400056517,23,9,14,10,1,75,118,2,1,1,2,"31, RUE ORDENER",0.0,0.0
201400056518,23,9,14,16,1,75,118,2,1,1,7,"25, RUE RICHOMME",0.0,0.0
201400056519,23,9,14,13,1,75,118,2,7,1,6,"0, PLACE BLANCHE",0.0,0.0
201400056520,24,9,14,19,5,75,118,2,3,2,3,BOULEVARD DE ROCHECHOUAR,0.0,0.0
201400056521,25,9,14,13,1,75,118,2,3,1,2,"32, BOULEVARD ORNANO",0.0,0.0
201400056522,26,9,14,18,1,75,118,2,2,1,3,"155, RUE ORDENER",0.0,0.0
201400056523,28,9,14,22,5,75,118,2,1,1,6,"100, RUE DE LA CHAPELLE",0.0,0.0
201400056524,28,9,14,23,5,75,118,2,1,1,6,"30, AVENUE DE LA PORTE D",0.0,0.0
201400056525,29,9,14,16,1,75,118,2,1,1,2,"92, BOULEVARD NEY",0.0,0.0
201400056526,29,9,14,21,5,75,118,2,2,8,7,"123, RUE ORDENER",0.0,0.0
201400056527,1,10,14,19,2,75,118,2,1,1,6,"10, RUE DAMREMONT",0.0,0.0
201400056528,2,10,14,1,5,75,118,2,1,1,6,"28, BOULEVARD BARBES",0.0,0.0
201400056529,2,10,14,15,1,75,118,2,5,1,3,"160, RUE DES POISSONNIER",0.0,0.0
201400056530,2,10,14,17,1,75,118,2,5,1,2,"83, RUE DAMREMONT",0.0,0.0
201400056531,3,10,14,8,1,75,118,2,2,1,3,"15, BOULEVARD ORNANO",0.0,0.0
201400056532,3,10,14,14,1,75,118,2,2,1,6,"90, RUE DE LA CHAPELLE",0.0,0.0
201400056533,3,10,14,18,1,75,118,2,1,1,6,"44, BOULEVARD DE ROCHECH",0.0,0.0
201400056534,5,10,14,22,5,75,118,2,3,1,6,"0, PASSAGE RAMEY",0.0,0.0
201400056535,6,10,14,19,5,75,118,2,7,2,6,"02, RUE CAULAINCOURT",0.0,0.0
201400056536,6,10,14,20,5,75,118,2,1,2,3,"129, BOULEVARD NEY",0.0,0.0
201400056537,6,10,14,21,5,75,118,2,5,3,6,RUE DE LA CHAPELLE,0.0,0.0
201400056538,8,10,14,12,1,75,118,2,1,2,7,"11, RUE CARPEAUX",0.0,0.0
201400056539,9,10,14,13,1,75,118,2,3,1,2,"190, RUE MARCADET",0.0,0.0
201400056540,9,10,14,15,1,75,118,2,2,1,6,"123, RUE ORDENER",0.0,0.0
201400056541,11,10,14,2,5,75,118,2,1,1,6,"4, BOULEVARD BARBES",0.0,0.0
201400056542,11,10,14,20,5,75,118,2,2,1,6,"67, BOULEVARD BARBES",0.0,0.0
201400056543,11,10,14,20,5,75,118,2,2,1,1,"44, BOULEVARD ORNANO",0.0,0.0
201400056544,12,10,14,10,1,75,118,2,3,1,6,"39, RUE DE LA CHARBONNIE",0.0,0.0
201400056545,12,10,14,17,2,75,118,2,2,2,3,"158, RUE DAMREMONT",0.0,0.0
201400056546,12,10,14,18,5,75,118,2,1,2,2,"12, RUE DE LA BARRIERE B",0.0,0.0
201400056547,13,10,14,8,1,75,118,2,3,1,6,"96, RUE DU POTEAU",0.0,0.0
201400056548,13,10,14,9,1,75,118,2,3,1,6,"142, RUE LAMARCK",0.0,0.0
201400056549,14,10,14,12,1,75,118,2,5,1,3,"34, RUE RAMEY",0.0,0.0
201400056550,16,10,14,1,5,75,118,2,4,1,2,"80 bis, BOULEVARD ORNANO",0.0,0.0
201400056551,16,10,14,16,1,75,118,2,5,1,6,RUE BELLIARD,0.0,0.0
201400056552,17,10,14,2,5,75,110,2,1,3,6,"119, BOULEVARD DE MAGENT",0.0,0.0
201400056553,17,10,14,17,1,75,118,2,5,1,6,"46, RUE ORDENER",0.0,0.0
201400056554,19,10,14,3,5,75,118,2,1,1,6,"164, BOULEVARD NEY",0.0,0.0
201400056555,19,10,14,17,1,75,118,2,1,1,2,"65, BOULEVARD ORNANO",0.0,0.0
201400056556,19,10,14,18,1,75,118,2,1,1,6,"232, RUE CHAMPIONNET",0.0,0.0
201400056557,19,10,14,18,2,75,118,2,1,1,1,"80 bis, BOULEVARD ORNANO",0.0,0.0
201400056558,20,10,14,23,5,75,118,2,1,1,6,"23, BOULEVARD NEY",0.0,0.0
201400056559,21,10,14,16,1,75,118,2,7,1,4,"62, RUE DE LA CHAPELLE",0.0,0.0
201400056560,22,10,14,9,1,75,118,2,1,1,3,"50, RUE MARX DORMOY",0.0,0.0
201400056561,22,10,14,18,1,75,118,2,2,1,6,"36, RUE LEPIC",0.0,0.0
201400056562,23,10,14,8,1,75,118,2,3,1,3,"115 BIS, RUE ORDENER",0.0,0.0
201400056563,23,10,14,17,1,75,118,2,3,1,7,"12, RUE RENE BINET",0.0,0.0
201400056564,24,10,14,12,1,75,118,2,1,1,3,"154, RUE DAMREMONT",0.0,0.0
201400056565,25,10,14,18,5,75,118,2,1,8,6,"81, RUE ORDENER",0.0,0.0
201400056566,26,10,14,4,5,75,118,2,3,1,2,"24, RUE DE LA CHAPELLE",0.0,0.0
201400056567,26,10,14,15,1,75,118,2,2,1,6,"17, RUE DE JESSAINT",0.0,0.0
201400056568,28,10,14,18,5,75,118,2,1,1,3,"14, RUE MARX DORMOY",0.0,0.0
201400056569,29,10,14,0,5,75,118,2,3,1,3,"10, AVENUE DE SAINT OUEN",0.0,0.0
201400056570,30,10,14,1,5,75,118,2,7,1,3,BOULEVARD DE LA CHAPELLE,0.0,0.0
201400056571,31,10,14,7,1,75,119,2,2,1,3,"54, RUE D AUBERVILLIERS",0.0,0.0
201400056572,30,10,14,21,5,75,118,2,4,1,2,"38, AVENUE DE LA PORTE D",0.0,0.0
201400056573,31,10,14,19,5,75,118,2,4,1,6,"4, BOULEVARD BARBES",0.0,0.0
201400056574,1,11,14,7,5,75,110,2,4,1,6,"153, BOULEVARD DE MAGENT",0.0,0.0
201400056575,1,11,14,19,5,75,118,2,1,1,4,BOULEVARD PERIPHERIQUE,0.0,0.0
201400056576,1,11,14,18,5,75,118,2,1,1,7,BOULEVARD PERIPHERIQUE,0.0,0.0
201400056577,2,11,14,20,5,75,118,2,5,2,6,"60, RUE PHILIPPE DE GIRA",0.0,0.0
201400056578,3,11,14,22,5,75,118,2,1,2,6,"75, BOULEVARD BARBES",0.0,0.0
201400056579,4,11,14,11,1,75,118,2,1,8,3,"54, RUE DE L EVANGILE",0.0,0.0
201400056580,4,11,14,17,2,75,118,2,7,1,3,"14, PLACE DE CLICHY",0.0,0.0
201400056581,5,11,14,16,1,75,109,2,1,1,6,"26, BOULEVARD DE ROCHECH",0.0,0.0
201400056582,6,11,14,6,5,75,118,2,7,1,6,"47, BOULEVARD ORNANO",0.0,0.0
201400056583,7,11,14,16,1,75,118,2,1,1,6,"76, RUE MARX DORMOY",0.0,0.0
201400056584,9,11,14,19,5,75,118,2,1,1,6,"60, RUE ORDENER",0.0,0.0
201400056585,13,11,14,2,5,75,118,2,3,1,7,"63, RUE MARX DORMOY",0.0,0.0
201400056586,14,11,14,11,1,75,118,2,1,3,2,"92, BOULEVARD NEY",0.0,0.0
201400056587,14,11,14,19,5,75,118,2,3,1,6,"36, AVENUE DE LA PORTE D",0.0,0.0
201400056588,18,11,14,18,5,75,118,2,3,1,6,"118, BOULEVARD NEY",0.0,0.0
201400056589,19,11,14,9,1,75,118,2,1,1,7,"63, RUE MARX DORMOY",0.0,0.0
201400056590,19,11,14,14,1,75,118,2,3,1,3,"41, RUE ORDENER",0.0,0.0
201400056591,19,11,14,21,5,75,118,2,2,1,6,"47, RUE LEPIC",0.0,0.0
201400056592,19,11,14,22,5,75,118,2,1,1,3,"90, BOULEVARD NEY",0.0,0.0
201400056593,20,11,14,20,5,75,118,2,1,2,6,"51, BOULEVARD BARBES",0.0,0.0
201400056594,21,11,14,7,2,75,118,2,1,8,3,"80, RUE DE LA CHAPELLE",0.0,0.0
201400056595,22,11,14,5,5,75,118,2,2,1,6,"2, BOULEVARD BARBES",0.0,0.0
201400056596,23,11,14,4,5,75,118,2,1,8,1,RUE DU PROFESSEUR GOSSET,0.0,0.0
201400056597,24,11,14,23,5,75,118,2,1,2,6,RUE DE CLIGNANCOURT,0.0,0.0
201400056598,25,11,14,21,5,75,118,2,1,2,7,"94, BOULEVARD BARBES",0.0,0.0
201400056599,26,11,14,19,5,75,118,2,2,8,6,"114, BOULEVARD NEY",0.0,0.0
201400056600,27,11,14,9,1,75,118,2,5,1,6,"80, BOULEVARD DE CLICHY",0.0,0.0
201400056601,27,11,14,18,5,75,117,2,1,1,2,BOULEVARD PERIPHERIQUE E,0.0,0.0
201400056602,27,11,14,21,5,75,118,2,1,1,6,"32, AVENUE DE CLICHY",0.0,0.0
201400056603,28,11,14,7,2,75,118,2,3,1,1,"20, RUE DE L EVANGILE",0.0,0.0
201400056604,28,11,14,12,1,75,118,2,1,1,2,"125, RUE CAULAINCOURT",0.0,0.0
201400056605,28,11,14,19,5,75,118,2,5,1,6,"0, RUE DES POISSONNIERS",0.0,0.0
201400056606,29,11,14,1,5,75,118,2,1,1,7,AVENUE DE LA PORTE DE CL,0.0,0.0
201400056607,2,12,14,19,5,75,118,2,1,2,6,"2, RUE JEAN FRANCOIS LEP",0.0,0.0
201400056608,3,12,14,20,5,75,118,2,4,1,6,"56, BOULEVARD NEY",0.0,0.0
201400056609,4,12,14,15,1,75,118,2,1,8,6,"06, RUE CAULAINCOURT",0.0,0.0
201400056610,5,12,14,18,5,75,118,2,1,1,3,"90, BOULEVARD NEY",0.0,0.0
201400056611,5,12,14,19,5,75,118,2,2,1,3,"1, RUE ETEX",0.0,0.0
201400056612,10,12,14,11,1,75,118,2,2,2,6,"67, BOULEVARD BARBES",0.0,0.0
201400056613,10,12,14,5,5,75,118,2,1,2,6,"142, RUE DES POISSONNIER",0.0,0.0
201400056614,12,12,14,11,1,75,118,2,3,2,6,"49 bis, RUE CUSTINE",0.0,0.0
201400056615,12,12,14,22,5,75,118,2,1,3,6,"12, AVENUE DE CLICHY",0.0,0.0
201400056616,14,12,14,14,1,75,118,2,2,8,2,"140, BOULEVARD NEY",0.0,0.0
201400056617,14,12,14,20,5,75,118,2,2,1,6,RUE DOUDEAUVILLE,0.0,0.0
201400056618,15,12,14,17,5,75,118,2,2,2,6,"144, BOULEVARD NEY",0.0,0.0
201400056619,18,12,14,2,5,75,118,2,1,2,6,"73, BOULEVARD BARBES",0.0,0.0
201400056620,17,12,14,21,5,75,118,2,1,2,6,BOULEVARD NEY,0.0,0.0
201400056621,19,12,14,17,2,75,118,2,1,2,2,"140, BOULEVARD DE CLICHY",0.0,0.0
201400056622,19,12,14,23,5,75,118,2,4,1,6,"36, BOULEVARD ORNANO",0.0,0.0
201400056623,21,12,14,16,1,75,118,2,1,1,3,"127, RUE CAULAINCOURT",0.0,0.0
201400056624,21,12,14,18,5,75,118,2,5,1,6,"11, RUE FERDINAND FLOCON",0.0,0.0
201400056625,22,12,14,10,1,75,118,2,1,1,7,"18, RUE CORTOT",0.0,0.0
201400056626,22,12,14,10,1,75,118,2,1,1,7,"18, RUE CORTOT",0.0,0.0