Num_Acc,jour,mois,an,hr,condition_eclairage,departement,commune,condition_agglomeration,intersection,condition_atmosphere,type_collision,adresse,lattitude,longitude
201400056627,22,12,14,12,1,75,118,2,3,1,2,"15, AVENUE DE LA PORTE D",0.0,0.0
201400056628,23,12,14,13,1,75,118,2,2,2,7,"64, RUE LAMARCK",0.0,0.0
201400056629,23,12,14,18,5,75,118,2,5,1,3,"102, RUE DE CLIGNANCOURT",0.0,0.0
201400056630,26,12,14,12,1,75,118,2,1,1,6,"101, BOULEVARD NEY",0.0,0.0
201400056631,27,12,14,3,5,75,118,2,2,3,3,"0, RUE DOUDEAUVILLE",0.0,0.0
201400056632,27,12,14,15,1,75,118,2,5,1,7,"78, BOULEVARD BARBES",0.0,0.0
201400056633,27,12,14,19,5,75,118,2,1,3,6,BOULEVARD PERIPHERIQUE I,0.0,0.0
201400056634,29,12,14,16,1,75,118,2,1,1,3,BOULEVARD PERIPHERIQUE,0.0,0.0
201400056635,30,12,14,16,2,75,118,2,5,1,3,BOULEVARD ORNANO,0.0,0.0
201400056636,22,1,14,7,5,75,118,2,5,1,2,AVENUE DE LA PORTE DE LA,0.0,0.0
201400056637,1,1,14,5,5,75,119,2,5,1,6,"35, AVENUE CORENTIN CARI",0.0,0.0
201400056638,2,1,14,7,5,75,119,2,5,9,6,"98, AVENUE DE FLANDRE",0.0,0.0
201400056639,3,1,14,10,1,75,119,2,2,1,6,"28, AVENUE MATHURIN MORE",0.0,0.0
201400056640,3,1,14,23,5,75,119,2,1,1,3,"195, RUE DE BELLEVILLE",0.0,0.0
201400056641,5,1,14,13,1,75,119,2,1,8,2,PLACE DU COLONEL FABIEN,0.0,0.0
201400056642,7,1,14,11,1,75,119,2,2,1,6,"247, RUE DE BELLEVILLE",0.0,0.0
201400056643,9,1,14,8,1,75,119,2,2,1,3,RUE DE CRIMEE,0.0,0.0
201400056644,9,1,14,14,1,75,119,2,1,2,6,RUE SIGMUND FREUD,0.0,0.0
201400056645,9,1,14,16,2,75,119,2,7,1,3,PORTE D AUBERVILLIERS,0.0,0.0
201400056646,10,1,14,12,1,75,119,2,4,1,6,PLACE AUGUSTE BARON,0.0,0.0
201400056647,11,1,14,2,5,75,119,2,3,2,6,"94, BOULEVARD DE LA VILL",0.0,0.0
201400056648,11,1,14,15,1,75,119,2,1,1,4,"0, BOULEVARD PERIPHERIQU",0.0,0.0
201400056649,11,1,14,17,5,75,119,2,1,1,3,BOULEVARD PERIPHERIQUE,0.0,0.0
201400056650,11,1,14,22,5,75,119,2,1,1,6,"104, AVENUE DE FLANDRE",0.0,0.0
201400056651,14,1,14,8,1,75,119,2,5,2,6,RUE MANIN,0.0,0.0
201400056652,14,1,14,13,1,75,119,2,7,8,2,PLACE DE LA PORTE DE PAN,0.0,0.0
201400056653,15,1,14,18,5,75,119,2,2,2,7,"118, AVENUE DE FLANDRE",0.0,0.0
201400056654,16,1,14,19,5,75,119,2,1,1,6,"225, RUE DE CRIMEE",0.0,0.0
201400056655,17,1,14,9,1,75,119,2,1,1,2,"18, AVENUE CORENTIN CARI",0.0,0.0
201400056656,17,1,14,10,1,75,119,2,7,1,3,PLACE DE LA PORTE DE PAN,0.0,0.0
201400056657,17,1,14,14,1,75,119,2,1,1,6,"18, RUE DE CRIMEE",0.0,0.0
201400056658,18,1,14,13,1,75,119,2,1,1,2,"22, RUE DES LILAS",0.0,0.0
201400056659,19,1,14,3,5,75,119,2,2,2,6,RUE ANDRE DANJON,0.0,0.0
201400056660,21,1,14,8,1,75,119,2,1,1,7,"163, RUE DE BELLEVILLE",0.0,0.0
201400056661,21,1,14,17,5,75,119,2,1,1,2,"117, RUE MANIN",0.0,0.0
201400056662,25,1,14,14,1,75,119,2,1,1,3,"11, AVENUE SIMON BOLIVAR",0.0,0.0
201400056663,26,1,14,1,3,75,119,2,1,1,2,"30, AVENUE DE FLANDRE",0.0,0.0
201400056664,28,1,14,14,1,75,119,2,1,1,6,"25, AVENUE SIMON BOLIVAR",0.0,0.0
201400056665,28,1,14,18,3,75,119,2,3,1,6,"1, RUE ALPHONSE AULARD",0.0,0.0
201400056666,28,1,14,20,5,75,119,2,5,2,6,"37, RUE D HAUTPOUL",0.0,0.0
201400056667,29,1,14,7,1,75,119,2,7,2,2,PLACE AUGUSTE BARON,0.0,0.0
201400056668,29,1,14,19,5,75,119,2,1,2,6,"51, RUE DE L OURCQ",0.0,0.0
201400056669,29,1,14,20,5,75,119,2,2,2,3,"26 bis, RUE DE L OURCQ",0.0,0.0
201400056670,29,1,14,21,5,75,119,2,3,8,6,"114, RUE PETIT",0.0,0.0
201400056671,30,1,14,9,1,75,119,2,3,1,2,"57, AVENUE JEAN JAURES",0.0,0.0
201400056672,30,1,14,16,1,75,119,2,1,8,7,"59, RUE DE BELLEVILLE",0.0,0.0
201400056673,31,1,14,12,1,75,119,2,1,1,2,"7, AVENUE DE LA PORTE DE",0.0,0.0
201400056674,2,2,14,1,5,75,119,2,2,1,6,RUE DE CRIMEE,0.0,0.0
201400056675,2,2,14,3,5,75,119,2,1,1,6,BOULEVARD D INDOCHINE,0.0,0.0
201400056676,5,2,14,12,1,75,119,2,2,1,6,"17, RUE BARBANEGRE",0.0,0.0
201400056677,6,2,14,19,5,75,119,2,2,1,3,RUE BOTZARIS,0.0,0.0
201400056678,7,2,14,6,5,75,119,2,7,6,2,PLACE DE LA PORTE DE PAN,0.0,0.0
201400056679,12,2,14,9,1,75,119,2,2,1,2,"22, RUE DES BOIS",0.0,0.0
201400056680,13,2,14,9,1,75,119,2,1,2,3,"148, BOULEVARD DE LA VIL",0.0,0.0
201400056681,13,2,14,21,5,75,119,2,1,1,7,"83, RUE DE L OURCQ",0.0,0.0
201400056682,15,2,14,11,1,75,120,2,3,1,6,"8, RUE DE BELLEVILLE",0.0,0.0
201400056683,15,2,14,17,5,75,119,2,1,1,6,"44 bis, AVENUE JEAN JAUR",0.0,0.0
201400056684,16,2,14,12,1,75,119,2,3,1,6,"33, RUE DES LILAS",0.0,0.0
201400056685,16,2,14,21,5,75,119,2,2,1,7,RUE FESSART,0.0,0.0
201400056686,17,2,14,19,5,75,119,2,1,1,2,"115, AVENUE JEAN JAURES",0.0,0.0
201400056687,18,2,14,14,1,75,119,2,1,1,6,"183, AVENUE JEAN JAURES",0.0,0.0
201400056688,19,2,14,1,5,75,119,2,1,1,6,"143, BOULEVARD SERURIER",0.0,0.0
201400056689,19,2,14,12,1,75,119,2,1,8,4,"22 BIS, RUE MANIN",0.0,0.0
201400056690,20,2,14,10,1,75,119,2,4,2,2,"70, AVENUE JEAN JAURES",0.0,0.0
201400056691,20,2,14,12,1,75,119,2,1,1,6,"20, AVENUE DE LA PORTE D",0.0,0.0
201400056692,22,2,14,15,1,75,119,2,1,1,6,AVENUE RENE FONCK,0.0,0.0
201400056693,24,2,14,0,5,75,119,2,4,1,6,PLACE AUGUSTE BARON,0.0,0.0
201400056694,24,2,14,8,1,75,119,2,4,1,6,"196, BOULEVARD DE LA VIL",0.0,0.0
201400056695,25,2,14,13,1,75,119,2,1,1,2,"75, AVENUE DE FLANDRE",0.0,0.0
201400056696,26,2,14,16,1,75,119,2,1,1,4,"14, AVENUE DE FLANDRE",0.0,0.0
201400056697,27,2,14,10,1,75,119,2,1,3,3,"99, AVENUE DE FLANDRE",0.0,0.0
201400056698,27,2,14,15,1,75,119,2,1,1,6,RUE DE L OURCQ,0.0,0.0
201400056699,27,2,14,23,5,75,110,2,3,2,5,"192, BOULEVARD DE LA VIL",0.0,0.0
201400056700,1,3,14,10,1,75,119,2,3,2,6,"94, AVENUE JEAN JAURES",0.0,0.0
201400056701,3,3,14,8,1,75,119,2,1,1,6,"53, RUE COMPANS",0.0,0.0
201400056702,3,3,14,15,1,75,119,2,1,2,3,"108, AVENUE SIMON BOLIVA",0.0,0.0
201400056703,4,3,14,8,1,75,119,2,3,1,6,"176, RUE DE CRIMEE",0.0,0.0
201400056704,6,3,14,10,1,75,119,2,4,1,2,BOULEVARD PERIPHERIQUE E,0.0,0.0
201400056705,6,3,14,15,1,75,119,2,3,1,2,"54, AVENUE DE FLANDRE",0.0,0.0
201400056706,7,3,14,7,2,75,119,2,3,1,3,AVENUE JEAN JAURES,0.0,0.0
201400056707,8,3,14,10,1,75,119,2,2,1,4,"27, AVENUE DE FLANDRE",0.0,0.0
201400056708,9,3,14,16,5,75,119,2,1,1,7,BOULEVARD D INDOCHINE,0.0,0.0
201400056709,9,3,14,21,5,75,119,2,1,1,6,"2, AVENUE DE FLANDRE",0.0,0.0
201400056710,10,3,14,10,1,75,119,2,1,1,3,"144, AVENUE DE FLANDRE",0.0,0.0
201400056711,13,3,14,18,1,75,119,2,7,1,3,PLACE DU COLONEL FABIEN,0.0,0.0
201400056712,22,3,14,10,1,75,119,2,4,2,7,AVENUE RENE FONCK,0.0,0.0
201400056713,22,3,14,12,1,75,119,2,1,1,3,"28bis, AVENUE CORENTIN C",0.0,0.0
201400056714,23,3,14,19,5,75,119,2,7,1,4,"1, PLACE AUGUSTE BARON",0.0,0.0
201400056715,25,3,14,9,1,75,119,2,1,2,7,"7, AVENUE DE LA PORTE DE",0.0,0.0
201400056716,28,3,14,23,5,75,119,2,1,1,2,AVENUE CORENTIN CARIOU,0.0,0.0
201400056717,30,3,14,12,1,75,119,2,7,1,7,AVENUE DE LA PORTE DES L,0.0,0.0
201400056718,1,4,14,0,4,75,119,2,2,1,6,RUE DES CHAUFOURNIERS,0.0,0.0
201400056719,3,4,14,8,1,75,119,2,1,1,3,"32, RUE ARMAND CARREL",0.0,0.0
201400056720,2,4,14,21,5,75,119,2,3,1,6,"27, RUE RIQUET",0.0,0.0
201400056721,3,4,14,21,5,75,119,2,2,1,2,"118, AVENUE JEAN JAURES",0.0,0.0
201400056722,7,4,14,18,1,75,119,2,1,1,6,"7, RUE DE BELLEVILLE",0.0,0.0
201400056723,7,4,14,18,1,75,119,2,2,1,6,"36TER, RUE DE CRIMEE",0.0,0.0
201400056724,8,4,14,15,1,75,119,2,3,1,6,"5, RUE CAVENDISH",0.0,0.0
201400056725,9,4,14,8,1,75,119,2,3,1,6,"66, QUAI DE LA LOIRE",0.0,0.0
201400056726,9,4,14,8,1,75,119,2,5,1,7,"90, RUE DE CRIMEE",0.0,0.0
201400056727,9,4,14,9,1,75,119,2,7,1,3,"1, PLACE DE LA PORTE DE",0.0,0.0
201400056728,9,4,14,18,1,75,119,2,1,1,2,"3, BOULEVARD DE LA COMMA",0.0,0.0
201400056729,9,4,14,18,1,75,119,2,3,1,6,RUE DE CRIMEE,0.0,0.0
201400056730,10,4,14,0,5,75,119,2,1,1,6,"211, RUE DE BELLEVILLE",0.0,0.0
201400056731,10,4,14,7,1,75,119,2,1,1,6,"98, AVENUE DE FLANDRE",0.0,0.0
201400056732,11,4,14,12,1,75,119,2,3,1,6,"140, AVENUE JEAN JAURES",0.0,0.0
201400056733,13,4,14,0,5,75,119,2,2,1,6,AVENUE MATHURIN MOREAU,0.0,0.0
201400056734,14,4,14,17,1,75,119,2,5,1,6,"70, RUE CURIAL",0.0,0.0
201400056735,14,4,14,16,1,75,119,2,2,1,1,RUE ALEXANDER FLEMING,0.0,0.0
201400056736,14,4,14,19,1,75,119,2,1,1,3,"85, RUE DE MEAUX",0.0,0.0
201400056737,17,4,14,9,1,75,119,2,3,1,6,AVENUE DE FLANDRE,0.0,0.0
201400056738,17,4,14,15,1,75,119,2,2,1,3,"12, RUE ARMAND CARREL",0.0,0.0
201400056739,17,4,14,15,1,75,119,2,2,1,2,"91, RUE DE L OURCQ",0.0,0.0
201400056740,18,4,14,18,1,75,119,2,1,1,2,QUAI DE LA GIRONDE,0.0,0.0
201400056741,19,4,14,10,1,75,119,2,2,1,3,"299, RUE DE BELLEVILLE",0.0,0.0
201400056742,22,4,14,18,1,75,119,2,1,8,4,"159, RUE DE BELLEVILLE",0.0,0.0
201400056743,24,4,14,9,1,75,119,2,4,1,6,"126, AVENUE SIMON BOLIVA",0.0,0.0
201400056744,24,4,14,14,1,75,119,2,1,1,6,"28, RUE MANIN",0.0,0.0
201400056745,24,4,14,20,3,75,119,2,1,1,6,"74, RUE ARMAND CARREL",0.0,0.0
201400056746,25,4,14,13,1,75,119,2,1,2,7,"8, AVENUE JEAN JAURES",0.0,0.0
201400056747,25,4,14,22,5,75,119,2,3,1,6,"1, RUE SIGMUND FREUD",0.0,0.0
201400056748,27,4,14,19,1,75,119,2,7,1,6,"132, BOULEVARD DE LA VIL",0.0,0.0
201400056749,28,4,14,9,1,75,119,2,3,1,3,AVENUE DU BELVEDERE,0.0,0.0
201400056750,30,4,14,7,2,75,119,2,2,1,3,"2, BOULEVARD DE LA VILLE",0.0,0.0
201400056751,2,5,14,18,1,75,119,2,7,1,6,"9, PLACE DES FETES",0.0,0.0
201400056752,3,5,14,5,2,75,119,2,1,1,7,"12, RUE MANIN",0.0,0.0
201400056753,3,5,14,13,1,75,119,2,4,1,6,"46, RUE MANIN",0.0,0.0
201400056754,4,5,14,11,1,75,119,2,1,1,7,"221, AVENUE JEAN JAURES",0.0,0.0
201400056755,6,5,14,23,5,75,119,2,3,2,6,"201, BOULEVARD MACDONALD",0.0,0.0
201400056756,7,5,14,8,1,75,119,2,1,1,6,"62, RUE DE L OURCQ",0.0,0.0
201400056757,7,5,14,20,1,75,119,2,1,1,3,"81, RUE DE L OURCQ",0.0,0.0
201400056758,8,5,14,10,1,75,119,2,4,1,2,"47, RUE MANIN",0.0,0.0
201400056759,8,5,14,12,1,75,119,2,2,1,3,"31, AVENUE SECRETAN",0.0,0.0
201400056760,9,5,14,7,1,75,119,2,1,2,6,"29, RUE DE LA SOLIDARITE",0.0,0.0
201400056761,11,5,14,13,1,75,119,2,3,1,6,"104, AVENUE DE FLANDRE",0.0,0.0
201400056762,11,5,14,17,1,75,119,2,1,1,3,"15, AVENUE JEAN JAURES",0.0,0.0
201400056763,12,5,14,20,1,75,119,2,5,1,3,"1, AVENUE DE CRIMEE",0.0,0.0
201400056764,13,5,14,7,1,75,119,2,1,1,6,"83, RUE DE CRIMEE",0.0,0.0
201400056765,14,5,14,9,1,75,119,2,3,1,6,"212, AVENUE JEAN JAURES",0.0,0.0
201400056766,15,5,14,15,1,75,119,2,2,1,3,"5, RUE LALLY TOLLENDAL",0.0,0.0
201400056767,15,5,14,15,1,75,119,2,2,1,6,"86, METRO BOTZARIS",0.0,0.0
201400056768,17,5,14,20,2,75,119,2,1,1,4,"118-130, AVENUE JEAN JAU",0.0,0.0
201400056769,18,5,14,16,1,75,119,2,1,1,6,"88, BOULEVARD DE LA VILL",0.0,0.0
201400056770,22,5,14,8,1,75,119,2,1,1,2,"100, AVENUE SIMON BOLIVA",0.0,0.0
201400056771,22,5,14,22,5,75,119,2,1,1,2,"39, RUE RIQUET",0.0,0.0
201400056772,28,5,14,16,1,75,119,2,1,2,7,"17, AVENUE JEAN JAURES",0.0,0.0
201400056773,28,5,14,22,5,75,119,2,1,8,1,"3, AVENUE SECRETAN",0.0,0.0
201400056774,30,5,14,10,1,75,119,2,7,1,6,"7, PLACE ARMAND CARREL",0.0,0.0
201400056775,31,5,14,6,1,75,119,2,3,1,2,"186, AVENUE JEAN JAURES",0.0,0.0
201400056776,31,5,14,23,5,75,119,2,1,1,6,BOULEVARD D ALGERIE,0.0,0.0
201400056777,3,6,14,19,2,75,119,2,2,1,6,"120, AVENUE DE FLANDRE",0.0,0.0
201400056778,6,6,14,10,1,75,119,2,1,2,6,"13, AVENUE DE FLANDRE",0.0,0.0
201400056779,6,6,14,16,1,75,119,2,5,1,6,"31, RUE MANIN",0.0,0.0
201400056780,8,6,14,15,1,75,119,2,5,7,6,QUAI DE METZ,0.0,0.0
201400056781,10,6,14,13,1,75,119,2,7,2,7,"1, PLACE DU COLONEL FABI",0.0,0.0
201400056782,11,6,14,12,1,75,118,2,2,1,6,"59, RUE STEPHENSON",0.0,0.0
201400056783,11,6,14,20,2,75,119,2,3,1,6,RUE RIQUET,0.0,0.0
201400056784,12,6,14,19,1,75,119,2,1,1,6,"7, AVENUE MATHURIN MOREA",0.0,0.0
201400056785,12,6,14,20,1,75,119,2,3,1,6,"16, RUE CAVENDISH",0.0,0.0
201400056786,13,6,14,19,1,75,119,2,1,1,6,"28, AVENUE DE FLANDRE",0.0,0.0
201400056787,14,6,14,18,1,75,119,2,2,1,6,RUE MANIN,0.0,0.0
201400056788,14,6,14,19,1,75,119,2,3,1,3,"142, AVENUE JEAN JAURES",0.0,0.0
201400056789,15,6,14,16,1,75,119,2,1,1,3,"112, RUE DE CRIMEE",0.0,0.0
201400056790,17,6,14,8,1,75,119,2,1,8,3,"59, AVENUE DE FLANDRE",0.0,0.0
201400056791,17,6,14,14,1,75,119,2,1,1,6,AVENUE DE FLANDRE,0.0,0.0
201400056792,17,6,14,17,1,75,119,2,3,1,2,RUE D AUBERVILLIERS,0.0,0.0
201400056793,19,6,14,1,5,75,119,2,1,1,6,"222, BOULEVARD MACDONALD",0.0,0.0
201400056794,19,6,14,14,1,75,119,2,1,1,6,"3, RUE CURIAL",0.0,0.0
201400056795,20,6,14,1,5,75,119,2,1,1,6,"80, RUE DE CRIMEE",0.0,0.0
201400056796,20,6,14,17,1,75,119,2,1,1,6,BOULEVARD D ALGERIE,0.0,0.0
201400056797,21,6,14,14,1,75,119,2,2,1,2,"5, AVENUE CORENTIN CARIO",0.0,0.0
201400056798,21,6,14,17,1,75,119,2,1,1,3,"315, RUE DE BELLEVILLE",0.0,0.0
201400056799,22,6,14,14,1,75,119,2,1,1,4,"47, BOULEVARD SERURIER",0.0,0.0
201400056800,22,6,14,18,1,75,119,2,2,1,6,"25, AVENUE DE FLANDRE",0.0,0.0
201400056801,23,6,14,9,1,75,119,2,1,1,6,"220, BOULEVARD MACDONALD",0.0,0.0
201400056802,23,6,14,17,1,75,119,2,5,1,3,AVENUE DE LA PORTE CHAUM,0.0,0.0
201400056803,23,6,14,18,1,75,119,2,2,1,2,AVENUE DE LA PORTE D AUB,0.0,0.0
201400056804,25,6,14,18,1,75,119,2,1,1,2,"64, AVENUE JEAN JAURES",0.0,0.0
201400056805,25,6,14,20,1,75,119,2,1,1,7,"115, RUE DE L OURCQ",0.0,0.0
201400056806,26,6,14,15,1,75,120,2,2,1,1,RUE DE BELLEVILLE,0.0,0.0
201400056807,26,6,14,20,1,75,119,2,3,2,3,"32, RUE DES ALOUETTES",0.0,0.0
201400056808,27,6,14,2,3,75,119,2,1,1,6,"98, AVENUE DE FLANDRE",0.0,0.0
201400056809,29,6,14,16,1,75,119,2,1,2,2,"115, AVENUE JEAN JAURES",0.0,0.0
201400056810,29,6,14,22,5,75,119,2,5,1,3,RUE DE CRIMEE,0.0,0.0
201400056811,2,7,14,7,1,75,110,2,1,1,6,"138, RUE DU FAUBOURG SAI",0.0,0.0
201400056812,2,7,14,13,1,75,119,2,1,1,6,"5, RUE EDOUARD PAILLERON",0.0,0.0
201400056813,2,7,14,18,1,75,119,2,2,1,3,RUE BARBANEGRE,0.0,0.0
201400056814,3,7,14,19,1,75,119,2,1,7,6,"58, AVENUE DE FLANDRE",0.0,0.0
201400056815,3,7,14,19,1,75,119,2,1,1,2,"150, BOULEVARD DE LA VIL",0.0,0.0
201400056816,5,7,14,19,1,75,119,2,3,1,6,"50, AVENUE DE FLANDRE",0.0,0.0
201400056817,6,7,14,11,1,75,119,2,7,2,6,"1, PLACE AUGUSTE BARON",0.0,0.0
201400056818,6,7,14,18,1,75,119,2,3,2,7,AVENUE JEAN JAURES,0.0,0.0
201400056819,7,7,14,7,1,75,119,2,1,1,2,"1, PLACE SKANDERBEG",0.0,0.0
201400056820,8,7,14,17,1,75,119,2,5,8,6,AVENUE DE FLANDRE,0.0,0.0
201400056821,10,7,14,1,5,75,119,2,3,2,2,RUE DE BELLEVILLE,0.0,0.0
201400056822,10,7,14,15,1,75,119,2,2,8,6,RUE ALEXANDER FLEMING,0.0,0.0
201400056823,11,7,14,8,1,75,119,2,4,8,6,"13, BOULEVARD DE LA COMM",0.0,0.0
201400056824,11,7,14,10,1,75,119,2,5,3,3,"192, BOULEVARD DE LA VIL",0.0,0.0
201400056825,15,7,14,17,1,75,119,2,2,1,7,"131, AVENUE JEAN JAURES",0.0,0.0
201400056826,16,7,14,11,1,75,119,2,1,1,6,"21, AVENUE DE LAUMIERE",0.0,0.0
201400056827,16,7,14,14,1,75,119,2,1,1,3,"221, AVENUE JEAN JAURES",0.0,0.0
201400056828,16,7,14,16,1,75,119,2,5,1,6,RUE DE CRIMEE,0.0,0.0
201400056829,16,7,14,18,1,75,119,2,4,1,6,"23, RUE DES FETES",0.0,0.0
201400056830,17,7,14,19,1,75,119,2,1,1,3,"148, BOULEVARD DE LA VIL",0.0,0.0
201400056831,18,7,14,9,1,75,119,2,3,1,3,"32, RUE DU DOCTEUR POTAI",0.0,0.0
201400056832,21,7,14,9,1,75,119,2,3,1,6,"81, AVENUE JEAN JAURES",0.0,0.0
201400056833,22,7,14,14,1,75,119,2,1,1,6,"307, RUE DE BELLEVILLE",0.0,0.0
201400056834,22,7,14,17,1,75,119,2,1,1,7,"120, RUE D AUBERVILLIERS",0.0,0.0
201400056835,22,7,14,20,1,75,119,2,1,1,6,RUE DE BELLEVILLE,0.0,0.0
201400056836,23,7,14,0,5,75,119,2,2,1,6,"34, RUE MATHIS",0.0,0.0
201400056837,24,7,14,7,1,75,119,2,1,1,6,"45, AVENUE DE FLANDRE",0.0,0.0
201400056838,25,7,14,15,1,75,119,2,7,1,6,"1, PLACE AUGUSTE BARON",0.0,0.0
201400056839,26,7,14,19,1,75,119,2,1,1,3,"112, BOULEVARD MACDONALD",0.0,0.0
201400056840,27,7,14,17,1,75,119,2,4,1,7,PLACE AUGUSTE BARON,0.0,0.0
201400056841,28,7,14,21,2,75,119,2,1,1,7,RUE D AUBERVILLIERS,0.0,0.0
201400056842,29,7,14,16,1,75,119,2,4,8,3,AVENUE DE LA PORTE DU PR,0.0,0.0
201400056843,30,7,14,18,1,75,119,2,1,1,6,"23bis, QUAI DE L OISE",0.0,0.0
201400056844,4,8,14,0,5,75,119,2,1,2,7,"6, RUE ARMAND CARREL",0.0,0.0
201400056845,6,8,14,0,3,75,119,2,7,1,3,PLACE AUGUSTE BARON,0.0,0.0
201400056846,8,8,14,12,1,75,119,2,4,2,6,PLACE AUGUSTE BARON,0.0,0.0
201400056847,11,8,14,16,1,75,119,2,2,8,3,"216, BOULEVARD DE LA VIL",0.0,0.0
201400056848,12,8,14,8,1,75,119,2,2,1,6,"5, AVENUE DE LA PORTE BR",0.0,0.0
201400056849,12,8,14,19,1,75,119,2,1,2,3,"72, AVENUE SIMON BOLIVAR",0.0,0.0
201400056850,13,8,14,16,1,75,119,2,1,1,3,"87, AVENUE DE FLANDRE",0.0,0.0
201400056851,13,8,14,18,1,75,119,2,1,1,6,"27, AVENUE SIMON BOLIVAR",0.0,0.0
201400056852,15,8,14,0,5,75,119,2,1,2,6,"35, AVENUE DE FLANDRE",0.0,0.0
201400056853,16,8,14,14,1,75,119,2,2,1,3,"176, AVENUE JEAN JAURES",0.0,0.0
201400056854,17,8,14,0,5,75,119,2,1,1,7,"1, BOULEVARD MACDONALD",0.0,0.0
201400056855,18,8,14,19,1,75,119,2,4,1,6,"126, BOULEVARD SERURIER",0.0,0.0
201400056856,20,8,14,18,1,75,119,2,5,1,6,"face 43, AVENUE SIMON BO",0.0,0.0
201400056857,22,8,14,22,5,75,119,2,1,1,6,"20, AVENUE DE FLANDRE",0.0,0.0
201400056858,27,8,14,8,1,75,119,2,2,2,6,"68, RUE PETIT",0.0,0.0
201400056859,27,8,14,12,1,75,119,2,1,2,6,"167, AVENUE DE FLANDRE",0.0,0.0
201400056860,27,8,14,17,1,75,119,2,4,1,6,"220, RUE DE CRIMEE",0.0,0.0
201400056861,28,8,14,21,5,75,119,2,1,1,2,"195, RUE DE BELLEVILLE",0.0,0.0
201400056862,31,8,14,20,1,75,119,2,1,1,6,"198, BOULEVARD DE LA VIL",0.0,0.0
201400056863,1,9,14,11,1,75,119,2,3,1,6,RUE DE COLMAR,0.0,0.0
201400056864,7,9,14,3,5,75,119,2,1,1,6,BOULEVARD D INDOCHINE,0.0,0.0
201400056865,8,9,14,16,1,75,119,2,3,1,6,"98, BOULEVARD SERURIER",0.0,0.0
201400056866,8,9,14,19,2,75,119,2,2,1,6,"51, AVENUE SIMON BOLIVAR",0.0,0.0
201400056867,11,9,14,0,5,75,119,2,1,1,3,"18, AVENUE CORENTIN CARI",0.0,0.0
201400056868,15,9,14,15,1,75,119,2,3,1,3,"106, RUE PETIT",0.0,0.0
201400056869,16,9,14,15,1,75,119,2,1,1,3,AVENUE JEAN JAURES,0.0,0.0
201400056870,18,9,14,8,1,75,119,2,1,1,6,"200, AVENUE JEAN JAURES",0.0,0.0
201400056871,17,9,14,21,5,75,119,2,2,1,1,"220, BOULEVARD MACDONALD",0.0,0.0
201400056872,19,9,14,9,1,75,119,2,1,1,6,RUE D AUBERVILLIERS,0.0,0.0
201400056873,19,9,14,17,1,75,119,2,1,1,3,"58, AVENUE DE FLANDRE",0.0,0.0
201400056874,20,9,14,9,1,75,119,2,2,1,3,BOULEVARD SERURIER,0.0,0.0
201400056875,20,9,14,15,1,75,119,2,5,1,3,"92, AVENUE DE FLANDRE",0.0,0.0
201400056876,21,9,14,18,1,75,119,2,4,1,7,RUE GEORGES LARDENNOIS,0.0,0.0
201400056877,23,9,14,11,1,75,119,2,2,1,2,"39, RUE DE BELLEVILLE",0.0,0.0
201400056878,24,9,14,2,5,75,119,2,3,1,7,"353, RUE DE BELLEVILLE",0.0,0.0
201400056879,24,9,14,15,1,75,119,2,1,8,1,"25, BOULEVARD D ALGERIE",0.0,0.0
201400056880,25,9,14,21,5,75,110,2,1,1,6,"3, BOULEVARD DE LA VILLE",0.0,0.0
201400056881,26,9,14,13,1,75,119,2,1,1,2,RUE DU CHEMIN DE FER,0.0,0.0
201400056882,27,9,14,3,5,75,119,2,7,1,6,PLACE AUGUSTE BARON,0.0,0.0
201400056883,30,9,14,9,1,75,119,2,3,1,3,BOULEVARD MACDONALD,0.0,0.0
201400056884,30,9,14,13,1,75,119,2,1,1,3,"150, BOULEVARD MACDONALD",0.0,0.0
201400056885,30,9,14,15,1,75,119,2,1,1,6,"5 bis, RUE DE CAMBRAI",0.0,0.0
201400056886,30,9,14,19,1,75,119,2,1,1,6,"22, RUE DU DOCTEUR POTAI",0.0,0.0
201400056887,2,10,14,9,1,75,119,2,1,1,6,"353, RUE DE BELLEVILLE",0.0,0.0
201400056888,3,10,14,0,5,75,119,2,5,1,3,BOULEVARD DE LA VILLETTE,0.0,0.0
201400056889,3,10,14,19,5,75,119,2,3,1,6,"8, RUE ARCHEREAU",0.0,0.0
201400056890,4,10,14,22,5,75,119,2,1,1,1,"5, RUE DE L OURCQ",0.0,0.0
201400056891,7,10,14,8,1,75,119,2,2,1,2,"26, AVENUE RENE FONCK",0.0,0.0
201400056892,7,10,14,9,1,75,119,2,1,2,7,"180, AVENUE JEAN JAURES",0.0,0.0
201400056893,9,10,14,19,5,75,119,2,2,1,6,"58, RUE ARMAND CARREL",0.0,0.0
201400056894,10,10,14,16,1,75,119,2,1,1,6,"5, RUE REBEVAL",0.0,0.0
201400056895,11,10,14,9,1,75,119,2,3,1,7,"66, BOULEVARD DE LA VILL",0.0,0.0
201400056896,11,10,14,13,1,75,119,2,2,1,3,RUE DE CRIMEE,0.0,0.0
201400056897,11,10,14,19,5,75,119,2,4,1,6,"48, AVENUE DE LA PORTE D",0.0,0.0
201400056898,11,10,14,19,5,75,119,2,1,1,2,BOULEVARD PERIPHERIQUE,0.0,0.0
201400056899,12,10,14,6,5,75,119,2,4,1,6,PLACE DE LA PORTE DE PAN,0.0,0.0
201400056900,12,10,14,8,1,75,119,2,2,1,6,"125, AVENUE SIMON BOLIVA",0.0,0.0
201400056901,14,10,14,18,1,75,119,2,1,1,6,"19, RUE REBEVAL",0.0,0.0
201400056902,16,10,14,19,5,75,119,2,2,2,6,"29, AVENUE DE FLANDRE",0.0,0.0
201400056903,18,10,14,20,5,75,119,2,5,1,6,RUE MANIN,0.0,0.0
201400056904,19,10,14,20,5,75,119,2,3,1,6,"86, AVENUE DE FLANDRE",0.0,0.0