Num_Acc,jour,mois,an,hr,condition_eclairage,departement,commune,condition_agglomeration,intersection,condition_atmosphere,type_collision,adresse,lattitude,longitude
201400056905,20,10,14,20,5,75,119,2,1,2,6,AVENUE DE FLANDRE,0.0,0.0
201400056906,22,10,14,11,1,75,119,2,1,1,6,"27, RUE MANIN",0.0,0.0
201400056907,22,10,14,14,1,75,119,2,2,1,3,"29, AVENUE DE FLANDRE",0.0,0.0
201400056908,22,10,14,17,1,75,119,2,3,1,3,"130, RUE DE FLANDRE",0.0,0.0
201400056909,26,10,14,14,1,75,119,2,2,1,7,"103, AVENUE SIMON BOLIVA",0.0,0.0
201400056910,27,10,14,12,1,75,119,2,1,1,6,"87, RUE REBEVAL",0.0,0.0
201400056911,28,10,14,9,1,75,119,2,1,1,2,BOULEVARD PERIPHERIQUE,0.0,0.0
201400056912,28,10,14,21,5,75,119,2,1,1,3,"6, AVENUE SECRETAN",0.0,0.0
201400056913,29,10,14,1,5,75,119,2,7,1,6,PLACE AUGUSTE BARON,0.0,0.0
201400056914,29,10,14,10,1,75,119,2,2,1,7,"121, AVENUE JEAN JAURES",0.0,0.0
201400056915,31,10,14,13,1,75,119,2,2,1,6,"108, AVENUE DE FLANDRE",0.0,0.0
201400056916,1,11,14,11,1,75,119,2,5,1,7,"1, RUE DE MOUZAIA",0.0,0.0
201400056917,4,11,14,10,1,75,119,2,1,1,6,AVENUE DE LA PORTE CHAUM,0.0,0.0
201400056918,6,11,14,18,5,75,119,2,7,1,3,"9, PLACE DES FETES",0.0,0.0
201400056919,6,11,14,18,5,75,119,2,3,1,6,"18, RUE LEON GIRAUD",0.0,0.0
201400056920,6,11,14,18,3,75,119,2,1,1,6,"201, AVENUE JEAN JAURES",0.0,0.0
201400056921,8,11,14,20,5,75,119,2,5,1,6,"234, RUE DE CRIMEE",0.0,0.0
201400056922,10,11,14,16,1,75,119,2,5,1,6,"121, AVENUE JEAN JAURES",0.0,0.0
201400056923,10,11,14,18,5,75,119,2,1,1,6,"10, RUE RIQUET",0.0,0.0
201400056924,11,11,14,18,5,75,119,2,1,1,7,"29, RUE DAVID D ANGERS",0.0,0.0
201400056925,12,11,14,10,1,75,119,2,2,1,6,"107, RUE DE CRIMEE",0.0,0.0
201400056926,12,11,14,13,1,75,119,2,2,1,6,"198, AVENUE JEAN JAURES",0.0,0.0
201400056927,14,11,14,19,5,75,119,2,1,1,6,"138, BOULEVARD MACDONALD",0.0,0.0
201400056928,14,11,14,19,5,75,119,2,1,2,7,"118, BOULEVARD DE LA VIL",0.0,0.0
201400056929,15,11,14,17,2,75,119,2,4,2,6,"15, BOULEVARD DE LA COMM",0.0,0.0
201400056930,17,11,14,13,1,75,119,2,1,2,3,"221, AVENUE JEAN JAURES",0.0,0.0
201400056931,17,11,14,13,1,75,119,2,7,2,7,PLACE DE LA PORTE DE PAN,0.0,0.0
201400056932,17,11,14,13,1,75,119,2,7,2,7,"1, PLACE AUGUSTE BARON",0.0,0.0
201400056933,19,11,14,12,1,75,119,2,2,8,6,"03, RUE DE KABYLIE",0.0,0.0
201400056934,20,11,14,11,1,75,119,2,2,1,3,"38, RUE DES BOIS",0.0,0.0
201400056935,20,11,14,16,2,75,119,2,3,8,7,"57/63, AVENUE JEAN JAURE",0.0,0.0
201400056936,25,11,14,7,2,75,120,2,3,2,2,"292, RUE DE BELLEVILLE",0.0,0.0
201400056937,28,11,14,16,1,75,119,2,1,1,3,BOULEVARD PERIPHERIQUE,0.0,0.0
201400056938,2,12,14,18,5,75,119,2,2,2,7,"17, AVENUE CORENTIN CARI",0.0,0.0
201400056939,3,12,14,19,5,75,119,2,2,1,3,"78, RUE ARCHEREAU",0.0,0.0
201400056940,4,12,14,17,5,75,119,2,3,1,3,"154, BOULEVARD MACDONALD",0.0,0.0
201400056941,5,12,14,12,1,75,119,2,1,8,5,"41, BOULEVARD D INDOCHIN",0.0,0.0
201400056942,5,12,14,11,1,75,119,2,7,1,7,"1, PLACE AUGUSTE BARON",0.0,0.0
201400056943,6,12,14,22,5,75,119,2,5,1,6,"2, RUE MATHIS",0.0,0.0
201400056944,7,12,14,18,5,75,119,2,1,2,2,AVENUE DE LA PORTE DU PR,0.0,0.0
201400056945,9,12,14,11,1,75,119,2,3,1,6,"31, AVENUE SIMON BOLIVAR",0.0,0.0
201400056946,11,12,14,2,5,75,119,2,2,1,3,RUE PETIT,0.0,0.0
201400056947,11,12,14,10,1,75,119,2,1,8,6,"17, AVENUE MATHURIN MORE",0.0,0.0
201400056948,12,12,14,14,1,75,119,2,5,2,6,"66, RUE CURIAL",0.0,0.0
201400056949,12,12,14,18,5,75,119,2,3,3,6,"10, RUE DE COLMAR",0.0,0.0
201400056950,12,12,14,18,5,75,119,2,2,2,6,"47, RUE DE NANTES",0.0,0.0
201400056951,13,12,14,9,1,75,119,2,2,2,6,"103, AVENUE SIMON BOLIVA",0.0,0.0
201400056952,14,12,14,4,5,75,119,2,4,1,6,"175, BOULEVARD SERURIER",0.0,0.0
201400056953,15,12,14,15,1,75,119,2,1,2,2,"162, BOULEVARD MACDONALD",0.0,0.0
201400056954,16,12,14,7,2,75,119,2,1,2,6,"49bis, RUE DU GENERAL BR",0.0,0.0
201400056955,16,12,14,8,2,75,119,2,1,8,2,"68, AVENUE SECRETAN",0.0,0.0
201400056956,16,12,14,15,1,75,119,2,1,1,4,"143, RUE MANIN",0.0,0.0
201400056957,16,12,14,18,3,75,119,2,1,1,2,BOULEVARD PERIPHERIQUE I,0.0,0.0
201400056958,17,12,14,18,5,75,119,2,1,2,6,"117, BOULEVARD SERURIER",0.0,0.0
201400056959,17,12,14,19,5,75,119,2,3,2,7,AVENUE DE LA PORTE DU PR,0.0,0.0
201400056960,18,12,14,18,5,75,119,2,1,8,6,"1, RUE DE BELLEVILLE",0.0,0.0
201400056961,19,12,14,19,5,75,119,2,3,8,3,"161, AVENUE JEAN JAURES",0.0,0.0
201400056962,19,12,14,21,5,75,119,2,2,1,3,"104, AVENUE SIMON BOLIVA",0.0,0.0
201400056963,20,12,14,21,5,75,119,2,3,2,3,AVENUE JEAN JAURES,0.0,0.0
201400056964,23,12,14,9,1,75,119,2,5,8,6,"1BIS, RUE CURIAL",0.0,0.0
201400056965,27,12,14,21,5,75,119,2,1,2,6,"18, RUE DE CRIMEE",0.0,0.0
201400056966,30,12,14,9,1,75,119,2,3,1,7,"9, BOULEVARD D ALGERIE",0.0,0.0
201400056967,30,12,14,17,5,75,119,2,1,1,6,"72, RUE CURIAL",0.0,0.0
201400056968,30,12,14,17,5,75,119,2,3,1,1,"42, RUE MANIN",0.0,0.0
201400056969,31,12,14,23,5,75,120,2,7,1,2,"0, PLACE DE LA PORTE DE",0.0,0.0
201400056970,1,1,14,7,5,75,120,2,2,1,3,"69, BOULEVARD DAVOUT",0.0,0.0
201400056971,3,1,14,9,1,75,120,2,2,1,6,"28, RUE D AVRON",0.0,0.0
201400056972,3,1,14,14,1,75,120,2,7,8,3,"0, AVENUE DE LA PORTE DE",0.0,0.0
201400056973,3,1,14,19,3,75,120,2,1,2,2,BOULEVARD PERIPHERIQUE,0.0,0.0
201400056974,4,1,14,18,5,75,120,2,2,2,7,"0, RUE LOUIS LUMIERE",0.0,0.0
201400056975,8,1,14,12,1,75,120,2,2,1,3,"114, RUE DES PYRENEES",0.0,0.0
201400056976,8,1,14,19,5,75,120,2,1,2,2,"50, RUE BELGRAND",0.0,0.0
201400056977,9,1,14,18,5,75,120,2,4,1,3,AVENUE DE LA PORTE DE MO,0.0,0.0
201400056978,10,1,14,9,1,75,120,2,4,1,3,"0, RUE DE BAGNOLET",0.0,0.0
201400056979,14,1,14,8,1,75,120,2,2,2,2,"2, AVENUE DU PROFESSEUR",0.0,0.0
201400056980,14,1,14,12,1,75,120,2,1,2,2,"132, RUE DE BAGNOLET",0.0,0.0
201400056981,14,1,14,20,5,75,120,2,1,1,6,"134, RUE DE BELLEVILLE",0.0,0.0
201400056982,15,1,14,8,5,75,120,2,3,2,6,"0, RUE PELLEPORT",0.0,0.0
201400056983,15,1,14,16,1,75,120,2,2,2,3,"126, RUE DE MENILMONTANT",0.0,0.0
201400056984,17,1,14,5,5,75,120,2,2,1,6,"56, BOULEVARD MORTIER",0.0,0.0
201400056985,20,1,14,8,1,75,120,2,3,1,3,"28, BOULEVARD DE MENILMO",0.0,0.0
201400056986,21,1,14,8,1,75,120,2,2,1,2,"0, AVENUE IBSEN",0.0,0.0
201400056987,24,1,14,14,1,75,120,2,5,1,6,"69, RUE DE MENILMONTANT",0.0,0.0
201400056988,26,1,14,13,1,75,120,2,2,1,7,"2, RUE ORFILA",0.0,0.0
201400056989,25,1,14,17,2,75,119,2,2,2,3,"134, RUE DE BELLEVILLE",0.0,0.0
201400056990,26,1,14,19,5,75,120,2,1,2,6,"2, AVENUE DE LA PORTE DE",0.0,0.0
201400056991,26,1,14,2,5,75,120,2,1,2,6,PLACE DE LA PORTE DE BAG,0.0,0.0
201400056992,28,1,14,8,2,75,120,2,1,2,6,"89, RUE DES PYRENEES",0.0,0.0
201400056993,28,1,14,19,5,75,120,2,3,2,6,", RUE DES PYRENEES",0.0,0.0
201400056994,29,1,14,11,1,75,120,2,1,2,6,"28, RUE BELGRAND",0.0,0.0
201400056995,30,1,14,9,1,75,120,2,1,1,2,"0, BOULEVARD PERIPHERIQU",0.0,0.0
201400056996,31,1,14,12,1,75,120,2,1,1,6,"112, RUE DE BELLEVILLE",0.0,0.0
201400056997,31,1,14,17,5,75,120,2,1,1,6,"125, AVENUE GAMBETTA",0.0,0.0
201400056998,1,2,14,21,5,75,120,2,3,1,3,"21, AVENUE GAMBETTA",0.0,0.0
201400056999,2,2,14,16,1,75,120,2,1,1,2,"5, RUE PAGANINI",0.0,0.0
201400057000,4,2,14,15,1,75,120,2,5,1,5,"115, RUE DES PYRENEES",0.0,0.0
201400057001,5,2,14,21,5,75,120,2,2,2,6,"121, BOULEVARD MORTIER",0.0,0.0
201400057002,11,2,14,7,1,75,120,2,3,8,2,"188, RUE DE BELLEVILLE",0.0,0.0
201400057003,11,2,14,8,1,75,120,2,2,1,1,"69, BOULEVARD DAVOUT",0.0,0.0
201400057004,11,2,14,19,5,75,120,2,2,2,6,"236, RUE DE BELLEVILLE",0.0,0.0
201400057005,13,2,14,8,1,75,120,2,3,2,6,"33, BOULEVARD MORTIER",0.0,0.0
201400057006,13,2,14,14,1,75,120,2,7,3,7,"44, BOULEVARD DE MENILMO",0.0,0.0
201400057007,14,2,14,14,1,75,120,2,3,2,3,"22, AVENUE DU PROFESSEUR",0.0,0.0
201400057008,14,2,14,16,1,75,120,2,1,1,4,"17, AVENUE GAMBETTA",0.0,0.0
201400057009,15,2,14,12,1,75,120,2,1,1,3,"289, RUE DES PYRENEES",0.0,0.0
201400057010,16,2,14,19,5,75,120,2,7,1,7,"XX5586, PLACE DE LA PORT",0.0,0.0
201400057011,16,2,14,21,5,75,120,2,2,2,3,"angle, AVENUE DU PROFESS",0.0,0.0
201400057012,17,2,14,12,1,75,120,2,1,1,6,"141, RUE D AVRON",0.0,0.0
201400057013,19,2,14,10,1,75,120,2,1,8,6,"4, RUE JULIEN LACROIX",0.0,0.0
201400057014,19,2,14,18,5,75,120,2,7,1,3,PLACE DE LA PORTE DE MON,0.0,0.0
201400057015,21,2,14,23,5,75,120,2,5,1,3,"0, BOULEVARD DAVOUT",0.0,0.0
201400057016,23,2,14,2,5,75,120,2,2,1,3,RUE D AVRON,0.0,0.0
201400057017,24,2,14,16,1,75,120,2,2,1,3,"30, BOULEVARD DE MENILMO",0.0,0.0
201400057018,24,2,14,18,5,75,120,2,4,1,6,"1, AVENUE CARTELLIER",0.0,0.0
201400057019,27,2,14,9,1,75,120,2,1,3,6,"231, RUE DES PYRENEES",0.0,0.0
201400057020,27,2,14,16,1,75,120,2,1,2,6,"140, RUE DE MENILMONTANT",0.0,0.0
201400057021,27,2,14,18,3,75,120,2,4,2,3,"0, AVENUE IBSEN",0.0,0.0
201400057022,1,3,14,19,5,75,120,2,5,1,3,"ANGLE, BOULEVARD DE MENI",0.0,0.0
201400057023,3,3,14,19,5,75,120,2,3,1,3,"0, AVENUE BENOIT FRACHON",0.0,0.0
201400057024,5,3,14,11,1,75,120,2,1,1,6,"129, BOULEVARD DAVOUT",0.0,0.0
201400057025,7,3,14,13,1,75,120,2,5,1,3,"105, BOULEVARD DAVOUT",0.0,0.0
201400057026,7,3,14,15,1,75,120,2,1,1,2,"288, RUE DES PYRENEES",0.0,0.0
201400057027,13,3,14,8,1,75,120,2,1,1,6,"7, RUE DE BAGNOLET",0.0,0.0
201400057028,13,3,14,9,1,75,120,2,5,1,3,"0, RUE DE BELLEVILLE",0.0,0.0
201400057029,13,3,14,19,5,75,120,2,3,1,6,"104, RUE LOUIS LUMIERE",0.0,0.0
201400057030,14,3,14,17,1,75,120,2,2,1,6,"10, AVENUE DE LA PORTE D",0.0,0.0
201400057031,15,3,14,4,5,75,120,2,3,1,3,"22, BOULEVARD DE BELLEVI",0.0,0.0
201400057032,15,3,14,17,1,75,120,2,3,1,2,"132, RUE D AVRON",0.0,0.0
201400057033,16,3,14,2,5,75,120,2,2,1,6,"72, BOULEVARD DAVOUT",0.0,0.0
201400057034,20,3,14,10,1,75,120,2,1,1,6,"36, RUE ORFILA",0.0,0.0
201400057035,20,3,14,18,1,75,120,2,3,1,6,"139, RUE DE BAGNOLET",0.0,0.0
201400057036,21,3,14,10,1,75,120,2,1,2,6,"74, AVENUE GAMBETTA",0.0,0.0
201400057037,22,3,14,6,2,75,120,2,2,1,1,"240, RUE DE BELLEVILLE",0.0,0.0
201400057038,25,3,14,12,1,75,119,2,1,2,7,"81, RUE DE BELLEVILLE",0.0,0.0
201400057039,26,3,14,14,1,75,120,2,5,1,6,"69, RUE PELLEPORT",0.0,0.0
201400057040,26,3,14,16,1,75,120,2,1,1,6,"13, RUE OLIVIER METRA",0.0,0.0
201400057041,27,3,14,10,1,75,120,2,3,1,6,"121, AVENUE GAMBETTA",0.0,0.0
201400057042,29,3,14,9,1,75,120,2,2,1,2,"14, BOULEVARD DE CHARONN",0.0,0.0
201400057043,31,3,14,10,1,75,120,2,2,1,1,"235, RUE DES PYRENEES",0.0,0.0
201400057044,1,4,14,16,1,75,120,2,1,1,6,"4, RUE VIDAL DE LA BLACH",0.0,0.0
201400057045,3,4,14,9,1,75,120,2,2,1,6,"67, RUE DES VIGNOLES",0.0,0.0
201400057046,3,4,14,15,1,75,120,2,3,1,6,"XX-8027, SQUARE DE LA SA",0.0,0.0
201400057047,5,4,14,16,1,75,120,2,4,1,6,"317, RUE DES PYRENEES",0.0,0.0
201400057048,5,4,14,19,2,75,120,2,2,1,3,"72, BOULEVARD DAVOUT",0.0,0.0
201400057049,6,4,14,15,1,75,120,2,1,1,2,"0, BOULEVARD PERIPHERIQU",0.0,0.0
201400057050,6,4,14,15,1,75,120,2,1,1,6,"259, AVENUE GAMBETTA",0.0,0.0
201400057051,5,4,14,23,5,75,120,2,1,1,2,"0, PLACE DU MAQUIS DU VE",0.0,0.0
201400057052,8,4,14,8,1,75,120,2,2,1,6,"43, RUE DES ORTEAUX",0.0,0.0
201400057053,9,4,14,18,1,75,120,2,1,1,6,"112, RUE DE MENILMONTANT",0.0,0.0
201400057054,10,4,14,0,5,75,120,2,1,1,3,"234, RUE DES PYRENEES",0.0,0.0
201400057055,10,4,14,15,1,75,120,2,2,1,7,RUE DES PYRENEES,0.0,0.0
201400057056,10,4,14,17,1,75,120,2,2,1,6,"104, RUE ORFILA",0.0,0.0
201400057057,12,4,14,14,1,75,120,2,2,1,6,"0, RUE VITRUVE",0.0,0.0
201400057058,12,4,14,18,1,75,120,2,2,1,4,RUE DE LAGNY,0.0,0.0
201400057059,10,4,14,11,1,75,120,2,4,1,2,"0, AVENUE CARTELLIER",0.0,0.0
201400057060,10,4,14,12,1,75,120,2,2,1,6,"0, RUE PELLEPORT",0.0,0.0
201400057061,15,4,14,18,1,75,112,2,3,1,1,"0, ROUTE DE LA GERBE",0.0,0.0
201400057062,16,4,14,14,1,75,120,2,3,1,3,"9, AVENUE GAMBETTA",0.0,0.0
201400057063,16,4,14,18,1,75,120,2,3,1,6,"38, RUE DE MENILMONTANT",0.0,0.0
201400057064,16,4,14,21,5,75,120,2,1,1,6,"168, RUE DES PYRENEES",0.0,0.0
201400057065,17,4,14,9,1,75,120,2,2,1,6,"05, RUE STENDHAL",0.0,0.0
201400057066,22,4,14,18,1,75,120,2,1,8,2,"154, BOULEVARD MORTIER",0.0,0.0
201400057067,23,4,14,15,1,75,120,2,2,1,6,"97, RUE D AVRON",0.0,0.0
201400057068,25,4,14,10,1,75,120,2,1,2,7,"128, RUE DE BAGNOLET",0.0,0.0
201400057069,28,4,14,12,1,75,120,2,1,2,6,"284, RUE DE BELLEVILLE",0.0,0.0
201400057070,29,4,14,12,1,75,120,2,5,1,6,"328, RUE DE BELLEVILLE",0.0,0.0
201400057071,30,4,14,18,1,75,120,2,5,2,6,"0, RUE BELGRAND",0.0,0.0
201400057072,2,5,14,13,1,75,120,2,1,2,3,"24, RUE DE BELLEVILLE",0.0,0.0
201400057073,5,5,14,17,1,75,120,2,2,1,6,"26, RUE DES ORTEAUX",0.0,0.0
201400057074,6,5,14,8,1,75,120,2,2,2,6,RUE PELLEPORT,0.0,0.0
201400057075,7,5,14,18,1,75,120,2,1,1,6,"0, RUE DES GLAIEULS",0.0,0.0
201400057076,7,5,14,19,1,75,120,2,3,1,6,"79, RUE DE MENILMONTANT",0.0,0.0
201400057077,7,5,14,23,5,75,120,2,2,1,3,"1, COURS DE VINCENNES",0.0,0.0
201400057078,12,5,14,16,1,75,120,2,2,1,6,"6, BOULEVARD DE BELLEVIL",0.0,0.0
201400057079,13,5,14,9,1,75,120,2,1,1,6,AVENUE LEON GAUMONT,0.0,0.0
201400057080,14,5,14,11,1,75,120,2,3,1,3,"0, RUE DE BAGNOLET",0.0,0.0
201400057081,14,5,14,18,1,75,120,2,2,1,3,"0, PORTE DE VINCENNES",0.0,0.0
201400057082,14,5,14,21,1,75,120,2,3,1,3,"angle, RUE D AVRON",0.0,0.0
201400057083,15,5,14,13,1,75,120,2,3,1,3,"25, RUE DES PYRENEES",0.0,0.0
201400057084,15,5,14,20,2,75,111,2,1,1,4,"66, BOULEVARD VOLTAIRE",0.0,0.0
201400057085,16,5,14,20,2,75,120,2,2,1,6,"128, RUE PELLEPORT",0.0,0.0
201400057086,17,5,14,16,1,75,120,2,1,1,3,"75, RUE DES PYRENEES",0.0,0.0
201400057087,17,5,14,19,1,75,120,2,1,1,6,"9, RUE DE BAGNOLET",0.0,0.0
201400057088,19,5,14,19,1,75,120,2,1,1,6,"66, RUE DES COURONNES",0.0,0.0
201400057089,23,5,14,10,1,75,120,2,2,1,3,"87, RUE DE LAGNY",0.0,0.0
201400057090,23,5,14,15,1,75,120,2,2,1,6,"162, RUE DE MENILMONTANT",0.0,0.0
201400057091,23,5,14,23,5,75,120,2,2,2,3,"118, RUE DES PYRENEES",0.0,0.0
201400057092,27,5,14,20,1,75,120,2,1,8,3,"141, AVENUE GAMBETTA",0.0,0.0
201400057093,28,5,14,18,1,75,120,2,1,1,7,"0, BOULEVARD PERIPHERIQU",0.0,0.0
201400057094,28,5,14,22,5,75,120,2,1,2,6,"57, AVENUE GAMBETTA",0.0,0.0
201400057095,31,5,14,16,1,75,120,2,2,1,6,"0, RUE D AVRON",0.0,0.0
201400057096,3,6,14,18,1,75,120,2,1,1,3,"45-47, RUE D AVRON",0.0,0.0
201400057097,6,6,14,6,1,75,120,2,5,1,7,"152, BOULEVARD DE CHARON",0.0,0.0
201400057098,6,6,14,17,1,75,120,2,2,1,3,"42bis, RUE BELGRAND",0.0,0.0
201400057099,7,6,14,4,5,75,120,2,1,1,6,"35, RUE DES TOURELLES",0.0,0.0
201400057100,8,6,14,3,5,75,120,2,1,2,6,AVENUE LEON GAUMONT,0.0,0.0
201400057101,9,6,14,10,1,75,120,2,2,1,3,"254, RUE DES PYRENEES",0.0,0.0
201400057102,11,6,14,13,2,75,120,2,1,1,6,"110, RUE DE BELLEVILLE",0.0,0.0
201400057103,31,5,14,4,2,75,120,2,2,1,2,RUE DES PYRENEES,0.0,0.0
201400057104,12,6,14,19,1,75,120,2,2,1,1,"2, RUE DE BUZENVAL",0.0,0.0
201400057105,13,6,14,20,1,75,120,2,1,1,6,"10, RUE DE BELLEVILLE",0.0,0.0
201400057106,14,6,14,20,1,75,120,2,1,1,2,"0, NON DENOMMEE EY/20",0.0,0.0
201400057107,15,6,14,10,1,75,119,2,5,1,3,"0, BOULEVARD SERURIER",0.0,0.0
201400057108,16,6,14,8,1,75,120,2,5,1,1,"54, AVENUE GAMBETTA",0.0,0.0
201400057109,16,6,14,8,1,75,119,2,3,1,6,"12, RUE DE BELLEVILLE",0.0,0.0
201400057110,19,6,14,11,1,75,120,2,1,1,6,"74, BOULEVARD DE BELLEVI",0.0,0.0
201400057111,19,6,14,17,1,75,120,2,1,1,6,"3, RUE JEAN VEBER",0.0,0.0
201400057112,21,6,14,4,5,75,120,2,4,1,7,"192, BOULEVARD DE CHARON",0.0,0.0
201400057113,23,6,14,8,1,75,120,2,1,1,3,"340, RUE DES PYRENEES",0.0,0.0
201400057114,25,6,14,22,5,75,120,2,1,1,6,"38, RUE D AVRON",0.0,0.0
201400057115,26,6,14,15,1,75,120,2,1,1,3,"72, BOULEVARD DAVOUT",0.0,0.0
201400057116,27,6,14,16,1,75,120,2,5,1,3,RUE SAINT FARGEAU,0.0,0.0
201400057117,27,6,14,18,1,75,120,2,1,1,3,"20, AVENUE BENOIT FRACHO",0.0,0.0
201400057118,1,7,14,18,1,75,120,2,5,1,6,"396, RUE DES PYRENEES",0.0,0.0
201400057119,1,7,14,18,1,75,120,2,1,1,3,"0, AVENUE LEON GAUMONT",0.0,0.0
201400057120,3,7,14,0,5,75,120,2,2,1,6,"90, BOULEVARD DE BELLEVI",0.0,0.0
201400057121,3,7,14,17,1,75,120,2,7,1,3,"0, PORTE DES LILAS",0.0,0.0
201400057122,7,7,14,14,1,75,120,2,1,1,6,"67, BOULEVARD DAVOUT",0.0,0.0
201400057123,7,7,14,19,1,75,120,2,2,3,6,"60, RUE BELGRAND",0.0,0.0
201400057124,8,7,14,21,5,75,120,2,4,1,4,"0, BOULEVARD PERIPHERIQU",0.0,0.0
201400057125,9,7,14,12,1,75,120,2,3,2,6,"139, RUE DE BAGNOLET",0.0,0.0
201400057126,9,7,14,14,1,75,120,2,1,3,6,"24, AVENUE DU PROFESSEUR",0.0,0.0
201400057127,9,7,14,17,1,75,120,2,2,2,7,"229, RUE DES PYRENEES",0.0,0.0
201400057128,10,7,14,8,1,75,120,2,4,2,2,BOULEVARD PERIPHERIQUE I,0.0,0.0
201400057129,14,7,14,1,5,75,120,2,3,1,6,"112, RUE DE BELLEVILLE",0.0,0.0
201400057130,16,7,14,2,5,75,120,2,1,1,6,"0, BOULEVARD PERIPHERIQU",0.0,0.0
201400057131,17,7,14,9,1,75,120,2,3,1,3,"68, RUE DE MENILMONTANT",0.0,0.0
201400057132,17,7,14,12,1,75,120,2,5,1,3,"83, RUE DE BUZENVAL",0.0,0.0
201400057133,19,7,14,10,1,75,120,2,7,1,7,"1, PLACE AUGUSTE METIVIE",0.0,0.0
201400057134,19,7,14,11,1,75,120,2,3,1,2,"16, AVENUE DE LA PORTE D",0.0,0.0
201400057135,20,7,14,23,5,75,111,2,3,1,6,"23, RUE DE LAPPE",0.0,0.0
201400057136,21,7,14,14,1,75,120,2,1,1,6,"58, RUE DE BUZENVAL",0.0,0.0
201400057137,24,7,14,7,1,75,120,2,2,1,7,BOULEVARD DAVOUT,0.0,0.0
201400057138,24,7,14,20,1,75,120,2,1,1,7,BOULEVARD PERIPHERIQUE,0.0,0.0
201400057139,25,7,14,9,1,75,120,2,1,1,6,"2/4, RUE DE BELLEVILLE",0.0,0.0
201400057140,28,7,14,8,1,75,120,2,1,1,3,"148, RUE DE BELLEVILLE",0.0,0.0
201400057141,28,7,14,18,1,75,120,2,1,1,6,"237, RUE DES PYRENEES",0.0,0.0
201400057142,28,7,14,23,5,75,120,2,1,1,1,RUE HENRI CHEVREAU,0.0,0.0
201400057143,30,7,14,0,5,75,120,2,4,1,6,"0, PLACE DE LA PORTE DE",0.0,0.0
201400057144,31,7,14,2,5,75,120,2,5,1,6,"88, BOULEVARD DE BELLEVI",0.0,0.0
201400057145,1,8,14,16,1,75,120,2,1,1,6,"128, RUE DES PYRENEES",0.0,0.0
201400057146,2,8,14,15,1,75,120,2,4,1,2,"4, RUE PLANCHAT",0.0,0.0
201400057147,3,8,14,1,5,75,120,2,2,1,3,RUE ORFILA,0.0,0.0
201400057148,3,8,14,20,1,75,120,2,1,2,6,"80, RUE BELGRAND",0.0,0.0
201400057149,4,8,14,2,5,75,120,2,4,2,6,PORTE DE BAGNOLET,0.0,0.0
201400057150,5,8,14,3,5,75,120,2,4,1,7,AVENUE DE LA PORTE DE BA,0.0,0.0
201400057151,7,8,14,15,1,75,120,2,2,2,3,"0, BOULEVARD DAVOUT",0.0,0.0
201400057152,7,8,14,19,1,75,120,2,1,8,3,"950, RUE DES ORTEAUX",0.0,0.0
201400057153,8,8,14,3,5,75,120,2,1,1,6,"4, RUE PHILIDOR",0.0,0.0
201400057154,8,8,14,12,1,75,120,2,3,2,3,"113, RUE D AVRON",0.0,0.0
201400057155,9,8,14,13,1,75,120,2,3,1,6,"148, RUE DE BAGNOLET",0.0,0.0
201400057156,10,8,14,3,5,75,120,2,3,2,6,"80bis, BOULEVARD DE BELL",0.0,0.0
201400057157,19,8,14,14,1,75,120,2,1,1,7,AVENUE DE LA PORTE DE BA,0.0,0.0
201400057158,21,8,14,13,1,75,120,2,1,1,6,"32, RUE PIAT",0.0,0.0
201400057159,22,8,14,8,1,75,120,2,7,1,2,"0, PORTE DE MONTREUIL",0.0,0.0
201400057160,24,8,14,19,1,75,120,2,3,1,6,"85bis, AVENUE GAMBETTA",0.0,0.0
201400057161,25,8,14,9,1,75,120,2,1,2,7,"0, AVENUE IBSEN",0.0,0.0
201400057162,26,8,14,18,1,75,120,2,1,1,6,"40, RUE DES AMANDIERS",0.0,0.0
201400057163,1,9,14,11,1,75,120,2,1,1,6,"87, RUE DES CASCADES",0.0,0.0
201400057164,2,9,14,22,5,75,120,2,1,1,3,"199, RUE DES PYRENEES",0.0,0.0
201400057165,3,9,14,19,1,75,120,2,1,1,6,"6, RUE DE BAGNOLET",0.0,0.0
201400057166,4,9,14,10,1,75,120,2,3,1,3,"77, RUE DES PYRENEES",0.0,0.0
201400057167,5,9,14,10,1,75,120,2,1,1,3,"31.9, BOULEVARD PERIPHER",0.0,0.0
201400057168,6,9,14,14,1,75,120,2,2,1,7,"0, AVENUE IBSEN",0.0,0.0
201400057169,6,9,14,15,1,75,120,2,2,1,6,"13, RUE BELGRAND",0.0,0.0
201400057170,6,9,14,16,1,75,120,2,1,1,6,"44, AVENUE GAMBETTA",0.0,0.0
201400057171,7,9,14,3,5,75,120,2,1,1,7,"S-52131, COURS DE VINCEN",0.0,0.0
201400057172,8,9,14,13,1,75,120,2,3,1,6,"18, RUE JULES DUMIEN",0.0,0.0
201400057173,8,9,14,21,5,75,120,2,1,1,6,"12, AVENUE DU PROFESSEUR",0.0,0.0
201400057174,10,9,14,9,1,75,120,2,1,1,4,"0, AVENUE DE LA PORTE DE",0.0,0.0
201400057175,10,9,14,14,1,75,120,2,2,1,3,"ANGLE, RUE RAMUS",0.0,0.0
201400057176,11,9,14,1,5,75,120,2,2,1,6,RUE JULIEN LACROIX,0.0,0.0
201400057177,15,9,14,15,1,75,120,2,7,1,3,"0, PLACE GAMBETTA",0.0,0.0
201400057178,18,9,14,11,1,75,120,2,2,1,1,"6, RUE BELGRAND",0.0,0.0
201400057179,18,9,14,17,1,75,120,2,1,1,2,"77, RUE HAXO",0.0,0.0
201400057180,21,9,14,6,5,75,111,2,1,2,6,"65, BOULEVARD DE MENILMO",0.0,0.0