Num_Acc,jour,mois,an,hr,condition_eclairage,departement,commune,condition_agglomeration,intersection,condition_atmosphere,type_collision,adresse,lattitude,longitude
201400057181,22,9,14,9,1,75,120,2,1,1,7,"360, RUE DES PYRENEES",0.0,0.0
201400057182,17,9,14,13,1,75,120,2,2,1,2,"137, RUE DE BAGNOLET",0.0,0.0
201400057183,24,9,14,0,5,75,120,2,1,1,2,"9, RUE DES COURONNES",0.0,0.0
201400057184,24,9,14,17,1,75,120,2,2,1,2,"02, BOULEVARD DE BELLEVI",0.0,0.0
201400057185,25,9,14,0,5,75,120,2,7,1,3,"49, RUE BELGRAND",0.0,0.0
201400057186,25,9,14,12,1,75,120,2,1,1,2,", AVENUE GAMBETTA",0.0,0.0
201400057187,25,9,14,19,1,75,120,2,3,1,6,"101, RUE DE MENILMONTANT",0.0,0.0
201400057188,26,9,14,18,1,75,120,2,2,7,6,"95, RUE D AVRON",0.0,0.0
201400057189,26,9,14,21,5,75,120,2,1,1,2,"30, BOULEVARD DE MENILMO",0.0,0.0
201400057190,28,9,14,14,1,75,120,2,2,1,3,"72, BOULEVARD DAVOUT",0.0,0.0
201400057191,28,9,14,17,1,75,120,2,1,1,6,RUE DES PAVILLONS,0.0,0.0
201400057192,30,9,14,7,1,75,120,2,2,1,1,"0, RUE DES PYRENEES",0.0,0.0
201400057193,28,9,14,5,5,75,120,2,1,1,5,"78, RUE DE BAGNOLET",0.0,0.0
201400057194,2,10,14,16,1,75,120,2,1,1,6,"90, RUE DES AMANDIERS",0.0,0.0
201400057195,2,10,14,17,1,75,120,2,1,1,6,"84, RUE DE BELLEVILLE",0.0,0.0
201400057196,2,10,14,20,5,75,120,2,1,1,6,"96, RUE DE BELLEVILLE",0.0,0.0
201400057197,3,10,14,16,1,75,120,2,1,1,6,"169, RUE DES PYRENEES",0.0,0.0
201400057198,4,10,14,15,1,75,120,2,2,1,3,"72, BOULEVARD DAVOUT",0.0,0.0
201400057199,5,10,14,18,5,75,120,2,3,1,6,"22, BOULEVARD DE BELLEVI",0.0,0.0
201400057200,5,10,14,23,5,75,120,2,5,1,6,"108, BOULEVARD DE BELLEV",0.0,0.0
201400057201,6,10,14,19,5,75,120,2,5,2,6,"271, RUE DES PYRENEES",0.0,0.0
201400057202,7,10,14,8,1,75,120,2,1,2,3,"162, RUE DE BAGNOLET",0.0,0.0
201400057203,9,10,14,16,1,75,120,2,1,1,5,"43, AVENUE GAMBETTA",0.0,0.0
201400057204,10,10,14,12,1,75,120,2,1,1,6,"258, RUE DES PYRENEES",0.0,0.0
201400057205,10,10,14,13,1,75,120,2,5,8,3,"02, RUE DES PYRENEES",0.0,0.0
201400057206,10,10,14,18,1,75,120,2,7,8,2,"4, PLACE GAMBETTA",0.0,0.0
201400057207,10,10,14,20,5,75,119,2,1,1,6,"5, RUE DE BELLEVILLE",0.0,0.0
201400057208,12,10,14,3,5,75,111,2,2,1,6,"170, BOULEVARD VOLTAIRE",0.0,0.0
201400057209,13,10,14,8,1,75,120,2,2,1,2,"XX9887, RUE DU SURMELIN",0.0,0.0
201400057210,14,10,14,20,5,75,120,2,3,1,6,"85, RUE DES PYRENEES",0.0,0.0
201400057211,15,10,14,8,1,75,120,2,1,1,2,"0, BOULEVARD PERIPHERIQU",0.0,0.0
201400057212,17,10,14,8,1,75,120,2,4,1,2,RUE PIERRE SOULIE,0.0,0.0
201400057213,21,10,14,15,1,75,120,2,2,2,6,"0, RUE PELLEPORT",0.0,0.0
201400057214,22,10,14,0,5,75,120,2,7,1,6,"XX-14233, PLACE DE LA PO",0.0,0.0
201400057215,22,10,14,16,1,75,120,2,2,1,5,"245, RUE DES PYRENEES",0.0,0.0
201400057216,22,10,14,20,3,75,120,2,7,1,2,"32, BOULEVARD DE MENILMO",0.0,0.0
201400057217,25,10,14,20,5,75,120,2,1,1,6,"128, RUE PELLEPORT",0.0,0.0
201400057218,27,10,14,14,1,75,120,2,2,1,6,"26, RUE DE LA CHINE",0.0,0.0
201400057219,28,10,14,21,5,75,120,2,2,1,3,"268, RUE DES PYRENEES",0.0,0.0
201400057220,29,10,14,12,1,75,120,2,1,1,7,"61, RUE SAINT FARGEAU",0.0,0.0
201400057221,29,10,14,12,1,75,120,2,2,1,6,"129, RUE DES PYRENEES",0.0,0.0
201400057222,29,10,14,17,5,75,120,2,2,1,3,"346 bis, RUE DES PYRENEE",0.0,0.0
201400057223,29,10,14,20,5,75,120,2,7,1,6,PLACE DE LA PORTE DE MON,0.0,0.0
201400057224,31,10,14,19,5,75,120,2,3,1,6,"158, BOULEVARD DAVOUT",0.0,0.0
201400057225,4,11,14,15,1,75,120,2,5,1,6,"0, BOULEVARD DAVOUT",0.0,0.0
201400057226,4,11,14,20,5,75,120,2,1,1,3,BOULEVARD PERIPHERIQUE I,0.0,0.0
201400057227,5,11,14,20,5,75,120,2,1,1,6,"140, BOULEVARD DE MENILM",0.0,0.0
201400057228,6,11,14,9,1,75,120,2,3,1,7,"118, RUE DE BAGNOLET",0.0,0.0
201400057229,7,11,14,12,1,75,120,2,1,2,6,"66, AVENUE GAMBETTA",0.0,0.0
201400057230,7,11,14,15,1,75,120,2,2,1,6,"S3761, RUE DE MENILMONTA",0.0,0.0
201400057231,9,11,14,21,5,75,120,2,2,1,1,"XX-13812, BOULEVARD DAVO",0.0,0.0
201400057232,10,11,14,16,1,75,120,2,1,1,7,"224, RUE DE BELLEVILLE",0.0,0.0
201400057233,10,11,14,17,5,75,120,2,1,1,3,"340, RUE DES PYRENEES",0.0,0.0
201400057234,11,11,14,18,5,75,120,2,1,1,3,"316, RUE DES PYRENEES",0.0,0.0
201400057235,12,11,14,16,1,75,120,2,4,1,3,"0, AVENUE IBSEN",0.0,0.0
201400057236,13,11,14,16,1,75,120,2,2,1,6,"53, AVENUE GAMBETTA",0.0,0.0
201400057237,13,11,14,19,5,75,120,2,1,1,6,"95, RUE D AVRON",0.0,0.0
201400057238,14,11,14,14,1,75,120,2,1,2,2,"0, PORTE DE MONTREUIL",0.0,0.0
201400057239,14,11,14,14,1,75,120,2,1,2,6,"25, RUE LE VAU",0.0,0.0
201400057240,15,11,14,1,5,75,120,2,5,3,6,"115, RUE DES PYRENEES",0.0,0.0
201400057241,15,11,14,3,5,75,120,2,5,3,2,"1, PLACE AUGUSTE METIVIE",0.0,0.0
201400057242,14,11,14,19,5,75,120,2,1,2,2,"156, RUE DES PYRENEES",0.0,0.0
201400057243,17,11,14,16,2,75,120,2,1,2,6,"48, BOULEVARD DE MENILMO",0.0,0.0
201400057244,17,11,14,20,5,75,120,2,1,2,2,"11, AVENUE GAMBETTA",0.0,0.0
201400057245,20,11,14,12,1,75,120,2,5,1,6,"0, RUE SAINT FARGEAU",0.0,0.0
201400057246,21,11,14,1,5,75,120,2,3,1,6,"20, BOULEVARD DE BELLEVI",0.0,0.0
201400057247,21,11,14,14,1,75,120,2,2,1,3,"angle, RUE DE BAGNOLET",0.0,0.0
201400057248,23,11,14,8,1,75,120,2,1,1,6,"11, RUE FREDERICK LEMAIT",0.0,0.0
201400057249,24,11,14,13,1,75,120,2,1,1,6,"177, AVENUE GAMBETTA",0.0,0.0
201400057250,24,11,14,16,1,75,120,2,1,1,6,"12, RUE HENRI POINCARE",0.0,0.0
201400057251,25,11,14,8,1,75,120,2,1,2,2,"293, RUE DES PYRENEES",0.0,0.0
201400057252,26,11,14,14,1,75,120,2,1,2,1,"27, RUE DE LA COUR DES N",0.0,0.0
201400057253,27,11,14,15,1,75,120,2,1,1,2,"75, BOULEVARD MORTIER",0.0,0.0
201400057254,27,11,14,17,1,75,120,2,1,1,3,"137, AVENUE GAMBETTA",0.0,0.0
201400057255,29,11,14,10,1,75,120,2,7,1,7,"9, PLACE GAMBETTA",0.0,0.0
201400057256,1,12,14,7,1,75,120,2,2,8,3,"68, RUE DE LAGNY",0.0,0.0
201400057257,1,12,14,17,5,75,120,2,1,2,6,"38, RUE PLANCHAT",0.0,0.0
201400057258,2,12,14,8,2,75,120,2,3,8,6,"81, RUE DE BAGNOLET",0.0,0.0
201400057259,2,12,14,16,2,75,120,2,1,2,6,"326, RUE DE BELLEVILLE",0.0,0.0
201400057260,2,12,14,17,1,75,120,2,3,2,3,"21, RUE SAINT FARGEAU",0.0,0.0
201400057261,3,12,14,17,3,75,120,2,1,1,6,"7102, RUE LOUIS LUMIERE",0.0,0.0
201400057262,4,12,14,10,1,75,120,2,1,8,3,"138, RUE PELLEPORT",0.0,0.0
201400057263,4,12,14,22,5,75,120,2,5,1,6,"02, BOULEVARD DE BELLEVI",0.0,0.0
201400057264,7,12,14,22,5,75,120,2,2,2,3,"60, RUE DES PYRENEES",0.0,0.0
201400057265,8,12,14,7,2,75,119,2,5,1,6,"170, RUE DE BELLEVILLE",0.0,0.0
201400057266,8,12,14,20,3,75,120,2,1,6,3,", BOULEVARD PERIPHERIQUE",0.0,0.0
201400057267,9,12,14,7,2,75,120,2,1,1,3,"11, RUE DE NOISY LE SEC",0.0,0.0
201400057268,9,12,14,10,1,75,120,2,2,1,6,"ANGLE, RUE DES PYRENEES",0.0,0.0
201400057269,9,12,14,20,5,75,120,2,1,1,3,"0, BOULEVARD PERIPHERIQU",0.0,0.0
201400057270,10,12,14,14,1,75,120,2,2,2,3,"224, RUE DES PYRENEES",0.0,0.0
201400057271,11,12,14,22,5,75,120,2,1,1,3,"S23905, AVENUE BENOIT FR",0.0,0.0
201400057272,12,12,14,18,5,75,120,2,2,3,6,"60, RUE DE BAGNOLET",0.0,0.0
201400057273,12,12,14,18,5,75,120,2,3,2,6,"51, RUE DES ORTEAUX",0.0,0.0
201400057274,13,12,14,4,5,75,120,2,3,3,2,"74, BOULEVARD DAVOUT",0.0,0.0
201400057275,14,12,14,10,1,75,120,2,1,5,6,"48, RUE DE BELLEVILLE",0.0,0.0
201400057276,14,12,14,5,5,75,120,2,1,8,1,"14, RUE DE MENILMONTANT",0.0,0.0
201400057277,15,12,14,8,1,75,120,2,1,6,7,"0, BOULEVARD PERIPHERIQU",0.0,0.0
201400057278,20,12,14,23,5,75,120,2,3,9,1,"19, RUE SAINT FARGEAU",0.0,0.0
201400057279,22,12,14,9,1,75,120,2,1,1,6,"7, AVENUE GAMBETTA",0.0,0.0
201400057280,22,12,14,12,1,75,120,2,1,1,6,"74, RUE DE BAGNOLET",0.0,0.0
201400057281,24,12,14,9,1,75,120,2,2,1,3,"0, RUE PELLEPORT",0.0,0.0
201400057282,26,12,14,22,5,75,120,2,4,3,6,"2, AVENUE CARTELLIER",0.0,0.0
201400057283,1,1,14,19,5,75,118,2,1,2,4,BOULEVARD PERIPHERIQUE E,0.0,0.0
201400057284,5,1,14,11,1,75,106,2,5,1,6,"36, RUE DU FOUR",0.0,0.0
201400057285,5,1,14,17,5,75,116,2,1,2,6,ALLEE DES FORTIFICATIONS,0.0,0.0
201400057286,7,1,14,8,1,75,116,2,5,1,6,PORTE DAUPHINE,0.0,0.0
201400057287,7,1,14,14,1,75,114,2,4,2,2,BOULEVARD PERIPHERIQUE,0.0,0.0
201400057288,8,1,14,8,1,75,103,2,3,3,2,"0, RUE DU TEMPLE",0.0,0.0
201400057289,10,1,14,10,1,75,102,2,2,1,6,"23, BOULEVARD DES CAPUCI",0.0,0.0
201400057290,11,1,14,14,1,75,120,2,1,1,2,BOULEVARD PERIPHERIQUE I,0.0,0.0
201400057291,12,1,14,14,1,75,113,2,5,1,6,"0, AVENUE DE LA PORTE D",0.0,0.0
201400057292,12,1,14,13,1,75,115,2,2,1,6,AVENUE ALBERT BARTHOLOME,0.0,0.0
201400057293,12,1,14,16,2,75,106,2,5,1,6,"56, RUE DE RENNES",0.0,0.0
201400057294,13,1,14,7,5,75,108,2,7,1,5,PLACE CLEMENCEAU,0.0,0.0
201400057295,13,1,14,11,1,75,116,2,2,1,3,"/, AVENUE MARCEAU",0.0,0.0
201400057296,14,1,14,9,1,75,110,2,1,2,6,"218, RUE SAINT MAUR",0.0,0.0
201400057297,14,1,14,21,5,75,118,2,3,1,6,RUE LEPIC,0.0,0.0
201400057298,16,1,14,2,5,75,120,2,4,2,6,AVENUE IBSEN,0.0,0.0
201400057299,16,1,14,23,5,75,120,2,2,1,1,"227, RUE DES PYRENEES",0.0,0.0
201400057300,18,1,14,20,5,75,104,2,2,1,3,"66, QUAI DE L HOTEL DE V",0.0,0.0
201400057301,19,1,14,1,5,75,115,2,7,2,3,PLACE FERNAND FOREST,0.0,0.0
201400057302,20,1,14,18,5,75,118,2,1,1,6,"18, RUE DE CLIGNANCOURT",0.0,0.0
201400057303,21,1,14,16,1,75,120,2,1,2,6,"88, BOULEVARD DAVOUT",0.0,0.0
201400057304,22,1,14,16,2,75,113,2,1,2,6,"91, BOULEVARD MASSENA",0.0,0.0
201400057305,23,1,14,7,2,75,113,2,2,8,1,BOULEVARD MASSENA,0.0,0.0
201400057306,23,1,14,10,1,75,108,2,7,1,3,PLACE CHARLES DE GAULLE,0.0,0.0
201400057307,23,1,14,16,5,75,115,2,1,2,3,"73, QUAI BRANLY",0.0,0.0
201400057308,23,1,14,16,5,75,115,2,1,2,7,PLACE DE LA PORTE DE VER,0.0,0.0
201400057309,24,1,14,0,5,75,119,2,3,1,6,"103-105, RUE DE MEAUX",0.0,0.0
201400057310,24,1,14,16,1,75,106,2,1,1,6,"22, BOULEVARD SAINT MICH",0.0,0.0
201400057311,25,1,14,5,5,75,110,2,1,2,6,"18, RUE DU HUIT MAI 1945",0.0,0.0
201400057312,25,1,14,16,1,75,116,2,1,1,6,"110 bis, AVENUE KLEBER",0.0,0.0
201400057313,26,1,14,6,5,75,120,2,2,1,6,COURS DE VINCENNES,0.0,0.0
201400057314,27,1,14,18,5,75,119,2,1,1,6,AVENUE DE LA PORTE DU PR,0.0,0.0
201400057315,28,1,14,19,5,75,107,2,1,3,6,"250, BOULEVARD SAINT GER",0.0,0.0
201400057316,29,1,14,0,5,75,117,2,4,2,3,ECHANGEUR MAILLOT,0.0,0.0
201400057317,30,1,14,11,1,75,113,2,3,1,6,RUE CACHEUX,0.0,0.0
201400057318,31,1,14,7,2,75,112,2,5,5,2,AVENUE DAUMESNIL,0.0,0.0
201400057319,31,1,14,12,1,75,116,2,7,1,2,PLACE DU TROCADERO,0.0,0.0
201400057320,31,1,14,14,1,75,105,2,3,1,3,"31, RUE GEOFFROY SAINT H",0.0,0.0
201400057321,31,1,14,18,5,75,116,2,1,1,1,ROUTE DES TRIBUNES,0.0,0.0
201400057322,3,2,14,14,1,75,113,2,2,1,6,"86, RUE BOBILLOT",0.0,0.0
201400057323,4,2,14,13,1,75,115,2,2,1,3,"0, AVENUE FELIX FAURE",0.0,0.0
201400057324,6,2,14,16,1,75,109,2,1,1,6,"05, RUE SAINT GEORGES",0.0,0.0
201400057325,6,2,14,16,1,75,116,2,1,1,4,AVENUE DE NEW YORK,0.0,0.0
201400057326,7,2,14,2,5,75,109,2,3,1,1,PLACE D ESTIENNE D ORVES,0.0,0.0
201400057327,8,2,14,7,1,75,101,2,2,2,3,QUAI FRANCOIS MITTERRAND,0.0,0.0
201400057328,9,2,14,3,5,75,118,2,4,1,6,ECHANGEUR CHAPELLE,0.0,0.0
201400057329,9,2,14,20,5,75,108,2,5,1,6,"53, BOULEVARD DE COURCEL",0.0,0.0
201400057330,10,2,14,12,1,75,116,2,5,1,3,BOULEVARD DE L AMIRAL BR,0.0,0.0
201400057331,13,2,14,19,5,75,113,2,1,1,6,"93, AVENUE D ITALIE",0.0,0.0
201400057332,14,2,14,2,5,75,110,2,1,1,6,"89, RUE DU FAUBOURG SAIN",0.0,0.0
201400057333,16,2,14,10,1,75,111,2,2,1,3,"43, BOULEVARD VOLTAIRE",0.0,0.0
201400057334,17,2,14,17,1,75,102,2,3,1,6,"20, RUE DAUNOU",0.0,0.0
201400057335,18,2,14,19,5,75,112,2,1,1,6,AVENUE DE GRAVELLE,0.0,0.0
201400057336,20,2,14,1,5,75,119,2,2,1,6,"/, AVENUE DE FLANDRE",0.0,0.0
201400057337,20,2,14,16,1,75,117,2,5,2,6,"39 bis, RUE NAVIER",0.0,0.0
201400057338,23,2,14,3,5,75,120,2,1,1,6,BOULEVARD PERIPHERIQUE,0.0,0.0
201400057339,25,2,14,9,1,75,116,2,2,2,3,"35, BOULEVARD LANNES",0.0,0.0
201400057340,25,2,14,21,5,75,111,2,3,1,1,"163, RUE DE CHARONNE",0.0,0.0
201400057341,25,2,14,21,5,75,111,2,3,1,6,"170, BOULEVARD VOLTAIRE",0.0,0.0
201400057342,26,2,14,16,1,75,110,2,3,1,6,"30, BOULEVARD DE BONNE N",0.0,0.0
201400057343,27,2,14,11,1,75,114,2,2,3,3,BOULEVARD ROMAIN ROLLAND,0.0,0.0
201400057344,28,2,14,0,5,75,105,2,2,1,1,RUE DES ECOLES,0.0,0.0
201400057345,1,3,14,5,5,75,118,2,1,2,6,"66-68, BOULEVARD BARBES",0.0,0.0
201400057346,1,3,14,7,1,75,104,2,1,1,6,"1bis, RUE DE BRETONVILLI",0.0,0.0
201400057347,1,3,14,11,1,75,120,2,1,1,6,BOULEVARD PERIPHERIQUE E,0.0,0.0
201400057348,2,3,14,4,5,75,113,2,2,1,3,BOULEVARD AUGUSTE BLANQU,0.0,0.0
201400057349,4,3,14,0,5,75,111,2,5,1,3,"254, RUE DU FAUBOURG SAI",0.0,0.0
201400057350,5,3,14,8,1,75,116,2,1,1,6,"5, BOULEVARD DELESSERT",0.0,0.0
201400057351,5,3,14,10,1,75,116,2,3,1,6,"104, AVENUE RAYMOND POIN",0.0,0.0
201400057352,5,3,14,16,1,75,113,2,1,1,3,BOULEVARD DU GENERAL JEA,0.0,0.0
201400057353,7,3,14,4,5,75,116,2,4,1,6,AVENUE DE LA PORTE D AUT,0.0,0.0
201400057354,8,3,14,8,1,75,111,2,2,1,1,"1, RUE DU FAUBOURG SAINT",0.0,0.0
201400057355,8,3,14,10,1,75,116,2,5,1,6,"101, BOULEVARD MURAT",0.0,0.0
201400057356,9,3,14,8,1,75,111,2,2,1,6,"31, AVENUE DE LA REPUBLI",0.0,0.0
201400057357,9,3,14,17,1,75,114,2,4,1,6,"232, BOULEVARD RASPAIL",0.0,0.0
201400057358,10,3,14,9,1,75,108,2,7,1,3,PLACE DE LA CONCORDE,0.0,0.0
201400057359,12,3,14,15,1,75,116,2,7,1,3,"3, PLACE DU MARECHAL DE",0.0,0.0
201400057360,12,3,14,20,5,75,120,2,1,1,6,BOULEVARD PERIPHERIQUE I,0.0,0.0
201400057361,17,3,14,12,1,75,111,2,2,1,3,"09, BOULEVARD VOLTAIRE",0.0,0.0
201400057362,18,3,14,9,1,75,118,2,3,1,3,"26, RUE ORDENER",0.0,0.0
201400057363,20,3,14,9,1,75,118,2,2,1,3,"25, RUE MARCADET",0.0,0.0
201400057364,20,3,14,18,5,75,120,2,2,1,3,"155, RUE DES PYRENEES",0.0,0.0
201400057365,21,3,14,0,5,75,113,2,2,1,6,"213, RUE DE TOLBIAC",0.0,0.0
201400057366,22,3,14,13,1,75,120,2,1,1,2,BOULEVARD PERIPHERIQUE I,0.0,0.0
201400057367,24,3,14,12,1,75,116,2,1,1,2,PLACE DE LA PORTE DE SAI,0.0,0.0
201400057368,24,3,14,18,2,75,116,2,3,1,1,ALLEE DU BORD DE L EAU,0.0,0.0
201400057369,24,3,14,23,5,75,101,2,2,1,3,"12, QUAI FRANCOIS MITTER",0.0,0.0
201400057370,25,3,14,16,1,75,117,2,1,8,6,"99, RUE DE COURCELLES",0.0,0.0
201400057371,26,3,14,15,1,75,116,2,1,1,2,"62, AVENUE MOZART",0.0,0.0
201400057372,27,3,14,1,5,75,112,2,3,1,6,"148, BOULEVARD DIDEROT",0.0,0.0
201400057373,27,3,14,6,2,75,120,2,4,1,6,PORTE DE BAGNOLET,0.0,0.0
201400057374,28,3,14,13,1,75,106,2,2,1,2,"6, BOULEVARD SAINT MICHE",0.0,0.0
201400057375,29,3,14,11,1,75,112,2,1,1,4,BOULEVARD PERIPHERIQUE E,0.0,0.0
201400057376,29,3,14,22,5,75,113,2,2,1,3,QUAI D AUSTERLITZ,0.0,0.0
201400057377,30,3,14,8,2,75,112,2,1,1,4,BOULEVARD PERIPHERIQUE E,0.0,0.0
201400057378,30,3,14,23,5,75,117,2,3,1,1,"200, BOULEVARD MALESHERB",0.0,0.0
201400057379,31,3,14,15,1,75,120,2,4,1,6,"41, RUE DES MONTIBOEUFS",0.0,0.0
201400057380,1,4,14,8,1,75,101,2,5,1,3,"96, RUE DE RIVOLI",0.0,0.0
201400057381,1,4,14,21,5,75,118,2,1,1,6,"51, RUE ORDENER",0.0,0.0
201400057382,2,4,14,8,1,75,114,2,1,1,3,BOULEVARD PERIPHERIQUE I,0.0,0.0
201400057383,2,4,14,14,1,75,115,2,4,1,3,QUAI BRANLY,0.0,0.0
201400057384,3,4,14,19,5,75,120,2,1,1,6,"162, BOULEVARD DAVOUT",0.0,0.0
201400057385,3,4,14,19,1,75,116,2,1,1,3,"115, RUE DE LA POMPE",0.0,0.0
201400057386,3,4,14,23,5,75,114,2,1,1,6,BOULEVARD PERIPHERIQUE E,0.0,0.0
201400057387,4,4,14,7,1,75,113,2,2,1,3,"30, RUE SAINT HIPPOLYTE",0.0,0.0
201400057388,4,4,14,8,1,75,105,2,3,1,6,"52, BOULEVARD SAINT GERM",0.0,0.0
201400057389,5,4,14,3,5,75,101,2,1,1,6,"46, RUE SAINT HONORE",0.0,0.0
201400057390,7,4,14,17,1,75,115,2,3,1,6,"80, RUE DES ENTREPRENEUR",0.0,0.0
201400057391,7,4,14,22,5,75,108,2,4,1,3,"59, RUE DE COURCELLES",0.0,0.0
201400057392,8,4,14,18,1,75,120,2,1,1,6,"108, BOULEVARD DAVOUT",0.0,0.0
201400057393,8,4,14,21,5,75,106,2,2,1,2,"23, BOULEVARD DU MONTPAR",0.0,0.0
201400057394,10,4,14,3,5,75,113,2,1,1,6,"42, AVENUE DES GOBELINS",0.0,0.0
201400057395,9,4,14,12,1,75,104,2,1,1,6,"52, RUE DE RIVOLI",0.0,0.0
201400057396,9,4,14,12,1,75,113,2,1,1,6,BOULEVARD PERIPHERIQUE I,0.0,0.0
201400057397,10,4,14,16,1,75,111,2,3,1,3,"151, RUE DE LA ROQUETTE",0.0,0.0
201400057398,13,4,14,5,5,75,102,2,1,1,6,"101, RUE DE RICHELIEU",0.0,0.0
201400057399,13,4,14,5,5,75,115,2,5,1,3,"9, RUE BALARD",0.0,0.0
201400057400,14,4,14,9,1,75,113,2,5,1,6,"XIII-9395, AVENUE D IVRY",0.0,0.0
201400057401,15,4,14,15,1,75,120,2,5,1,6,"109, RUE ORFILA",0.0,0.0
201400057402,15,4,14,21,5,75,115,2,7,1,3,"4, RUE LOUIS ARMAND",0.0,0.0
201400057403,17,4,14,10,1,75,112,2,1,1,6,"20, BOULEVARD DE LA GUYA",0.0,0.0
201400057404,18,4,14,6,1,75,116,2,1,1,6,AVENUE DE L HIPPODROME,0.0,0.0
201400057405,18,4,14,7,1,75,105,2,2,2,6,"56, BOULEVARD SAINT MARC",0.0,0.0
201400057406,18,4,14,9,1,75,110,2,3,1,6,"120, RUE DU FAUBOURG SAI",0.0,0.0
201400057407,20,4,14,21,5,75,101,2,3,1,6,QUAI DES TUILERIES,0.0,0.0
201400057408,21,4,14,15,1,75,104,2,1,1,6,"92, RUE DE RIVOLI",0.0,0.0
201400057409,21,4,14,17,1,75,104,2,3,1,3,"1, QUAI DE L HOTEL DE VI",0.0,0.0
201400057410,23,4,14,10,1,75,115,2,2,1,6,"2, RUE LUCIEN BOSSOUTROT",0.0,0.0
201400057411,23,4,14,14,1,75,113,2,1,1,6,"100, RUE DU CHATEAU DES",0.0,0.0
201400057412,24,4,14,18,1,75,115,2,3,1,6,"35, BOULEVARD GARIBALDI",0.0,0.0
201400057413,26,4,14,3,5,75,117,2,7,1,3,PLACE DE VERDUN,0.0,0.0
201400057414,27,4,14,6,2,75,115,2,1,1,2,"85, RUE DUTOT",0.0,0.0
201400057415,28,4,14,9,1,75,116,2,2,8,3,ALLEE DE LONGCHAMP,0.0,0.0
201400057416,29,4,14,13,1,75,114,2,1,1,2,"5/7, AVENUE DU DOCTEUR L",0.0,0.0
201400057417,30,4,14,11,1,75,116,2,2,1,3,AVENUE FOCH,0.0,0.0
201400057418,30,4,14,19,1,75,115,2,1,1,2,"41, RUE DESNOUETTES",0.0,0.0
201400057419,2,5,14,0,5,75,117,2,1,3,7,"19, BOULEVARD BESSIERES",0.0,0.0
201400057420,2,5,14,0,5,75,120,2,1,2,7,"44, RUE SAINT BLAISE",0.0,0.0
201400057421,4,5,14,1,5,75,111,2,5,1,6,"15, RUE DU CHEMIN VERT",0.0,0.0
201400057422,5,5,14,5,5,75,104,2,1,1,6,QUAI DES CELESTINS,0.0,0.0
201400057423,8,5,14,0,5,75,117,1,1,1,2,BOULEVARD PERIPHERIQUE,0.0,0.0
201400057424,8,5,14,2,5,75,108,2,2,1,6,"34, AVENUE MONTAIGNE",0.0,0.0
201400057425,10,5,14,16,1,75,109,2,7,2,3,"04, PLACE DE CLICHY",0.0,0.0
201400057426,11,5,14,18,1,75,107,2,1,2,6,"0, TOUR EIFFEL",0.0,0.0
201400057427,13,5,14,12,1,75,118,2,4,1,3,RUE CAULAINCOURT,0.0,0.0
201400057428,13,5,14,16,1,75,115,2,5,1,6,"15, RUE BARGUE",0.0,0.0
201400057429,14,5,14,8,1,75,113,2,1,1,6,"83, BOULEVARD SAINT MARC",0.0,0.0
201400057430,15,5,14,12,1,75,111,2,2,1,3,BOULEVARD VOLTAIRE,0.0,0.0
201400057431,15,5,14,16,1,75,116,2,1,1,6,AVENUE DU MAHATMA GANDHI,0.0,0.0
201400057432,15,5,14,21,5,75,114,2,1,1,6,BOULEVARD PERIPHERIQUE,0.0,0.0
201400057433,16,5,14,22,5,75,115,2,2,1,3,RUE DU THEATRE,0.0,0.0
201400057434,17,5,14,21,5,75,110,2,1,1,6,"155, BOULEVARD DE LA VIL",0.0,0.0
201400057435,18,5,14,6,2,75,110,2,3,1,6,"84, BOULEVARD DE MAGENTA",0.0,0.0
201400057436,18,5,14,6,2,75,118,2,1,1,6,"94, BOULEVARD BARBES",0.0,0.0
201400057437,19,5,14,12,1,75,112,2,1,1,2,QUAI DE BERCY,0.0,0.0
201400057438,19,5,14,13,1,75,113,2,2,1,1,"64, RUE DE TOLBIAC",0.0,0.0
201400057439,20,5,14,17,1,75,113,2,1,3,6,"03, RUE PAULIN MERY",0.0,0.0
201400057440,21,5,14,11,1,75,114,2,3,3,2,"face au 84, BOULEVARD AR",0.0,0.0
201400057441,21,5,14,14,1,75,114,2,1,1,4,BOULEVARD PERIPHERIQUE I,0.0,0.0
201400057442,21,5,14,21,2,75,106,2,3,2,3,"35, QUAI VOLTAIRE",0.0,0.0
201400057443,22,5,14,0,5,75,108,2,3,1,3,"4, AVENUE DE FRIEDLAND",0.0,0.0
201400057444,22,5,14,5,5,75,104,2,1,1,6,"40, QUAI DES CELESTINS",0.0,0.0
201400057445,22,5,14,22,5,75,108,2,2,1,3,AVENUE DE WAGRAM,0.0,0.0
201400057446,25,5,14,7,1,75,107,2,2,1,6,QUAI D ORSAY,0.0,0.0
201400057447,25,5,14,20,1,75,107,2,5,1,3,BOULEVARD RASPAIL,0.0,0.0
201400057448,26,5,14,1,5,75,119,2,1,1,2,"67, AVENUE CORENTIN CARI",0.0,0.0
201400057449,28,5,14,9,1,75,112,2,2,2,6,AVENUE DAUMESNIL,0.0,0.0
201400057450,28,5,14,21,2,75,117,2,4,3,2,"29, BOULEVARD PEREIRE",0.0,0.0
201400057451,28,5,14,20,5,75,118,2,1,1,5,"62, RUE CUSTINE",0.0,0.0
201400057452,29,5,14,1,5,75,117,2,5,1,6,RUE BAYEN,0.0,0.0
201400057453,29,5,14,2,5,75,103,2,1,1,6,"5bis, RUE FROISSART",0.0,0.0
201400057454,31,5,14,14,1,75,117,2,3,1,6,"146, AVENUE DE CLICHY",0.0,0.0
201400057455,1,6,14,16,1,75,117,2,4,1,3,AVENUE DE LA PORTE DE SA,0.0,0.0
201400057456,1,6,14,21,2,75,116,2,7,1,3,PLACE DE COLOMBIE,0.0,0.0
201400057457,2,6,14,21,5,75,104,2,2,1,3,BOULEVARD DU PALAIS,0.0,0.0