Num_Acc,jour,mois,an,hr,condition_eclairage,departement,commune,condition_agglomeration,intersection,condition_atmosphere,type_collision,adresse,lattitude,longitude
201400057458,3,6,14,0,5,75,107,2,1,1,6,"65, QUAI BRANLY",0.0,0.0
201400057459,4,6,14,1,5,75,114,2,4,2,3,"165, AVENUE DU MAINE",0.0,0.0
201400057460,4,6,14,6,1,75,119,2,3,2,6,"42, RUE D AUBERVILLIERS",0.0,0.0
201400057461,4,6,14,9,1,75,108,2,1,2,4,VOIE GEORGES POMPIDOU,0.0,0.0
201400057462,6,6,14,9,1,75,105,2,1,1,6,BOULEVARD SAINT MICHEL,0.0,0.0
201400057463,6,6,14,11,1,75,109,2,1,1,3,"35, RUE DU FAUBOURG POIS",0.0,0.0
201400057464,6,6,14,23,5,75,108,2,7,1,6,BOULEVARD DE LA MADELEIN,0.0,0.0
201400057465,7,6,14,4,5,75,114,2,1,1,6,"00, PLACE DU VINGT CINQ",0.0,0.0
201400057466,7,6,14,4,5,75,113,2,1,1,6,"51, BOULEVARD AUGUSTE BL",0.0,0.0
201400057467,7,6,14,14,1,75,117,2,5,1,6,"55, AVENUE DE SAINT OUEN",0.0,0.0
201400057468,8,6,14,4,5,75,119,2,7,3,6,PLACE AUGUSTE BARON,0.0,0.0
201400057469,7,6,14,22,1,75,112,2,4,1,6,PORTE DE VINCENNES,0.0,0.0
201400057470,9,6,14,1,5,75,113,2,1,1,2,"12, AVENUE PIERRE MENDES",0.0,0.0
201400057471,11,6,14,0,5,75,118,2,3,1,5,"16-18, AVENUE DE CLICHY",0.0,0.0
201400057472,11,6,14,10,1,75,118,2,1,1,6,"109, RUE ORDENER",0.0,0.0
201400057473,11,6,14,13,1,75,118,2,1,1,6,"14, BOULEVARD BARBES",0.0,0.0
201400057474,11,6,14,15,1,75,117,2,1,1,6,"20, RUE TOULOUSE LAUTREC",0.0,0.0
201400057475,11,6,14,19,1,75,118,2,1,1,6,"84, BOULEVARD NEY",0.0,0.0
201400057476,13,6,14,9,1,75,115,2,2,1,1,"0, RUE DE VOUILLE",0.0,0.0
201400057477,15,6,14,1,5,75,117,2,5,1,1,BOULEVARD BERTHIER,0.0,0.0
201400057478,16,6,14,15,1,75,111,2,5,1,1,AVENUE DE LA REPUBLIQUE,0.0,0.0
201400057479,17,6,14,4,5,75,101,2,1,1,6,"228, RUE DE RIVOLI",0.0,0.0
201400057480,17,6,14,12,1,75,117,2,1,1,4,BOULEVARD PERIPHERIQUE E,0.0,0.0
201400057481,17,6,14,14,1,75,116,2,1,1,6,PLACE DE LA PORTE MAILLO,0.0,0.0
201400057482,17,6,14,18,1,75,118,2,1,1,2,"92, BOULEVARD NEY",0.0,0.0
201400057483,18,6,14,8,1,75,112,2,3,1,6,RUE DE DIJON,0.0,0.0
201400057484,18,6,14,14,1,75,113,2,2,1,6,"0, RUE NATIONALE",0.0,0.0
201400057485,18,6,14,17,1,75,118,2,1,1,7,BOULEVARD PERIPHERIQUE I,0.0,0.0
201400057486,19,6,14,18,1,75,120,2,1,1,6,"108, COURS DE VINCENNES",0.0,0.0
201400057487,20,6,14,21,5,75,110,2,2,1,6,RUE DU FAUBOURG SAINT MA,0.0,0.0
201400057488,22,6,14,18,1,75,119,2,1,1,6,"171, BOULEVARD SERURIER",0.0,0.0
201400057489,23,6,14,3,5,75,112,2,1,1,2,AVENUE DE NOGENT,0.0,0.0
201400057490,23,6,14,12,1,75,120,2,2,1,3,AVENUE DE LA PORTE DE VI,0.0,0.0
201400057491,23,6,14,19,1,75,114,2,7,1,6,"97, AVENUE DENFERT ROCHE",0.0,0.0
201400057492,24,6,14,10,1,75,106,2,3,1,2,"15, QUAI MALAQUAIS",0.0,0.0
201400057493,24,6,14,23,5,75,113,2,1,1,6,BOULEVARD PERIPHERIQUE,0.0,0.0
201400057494,25,6,14,1,5,75,114,2,3,1,6,"232, BOULEVARD RASPAIL",0.0,0.0
201400057495,25,6,14,19,2,75,113,2,1,1,2,BOULEVARD PERIPHERIQUE,0.0,0.0
201400057496,27,6,14,2,5,75,119,2,4,1,2,PORTE DE LA VILLETTE,0.0,0.0
201400057497,28,6,14,21,5,75,118,2,1,3,6,"29, RUE BELLIARD",0.0,0.0
201400057498,29,6,14,23,5,75,119,2,1,1,6,"47, RUE ARMAND CARREL",0.0,0.0
201400057499,1,7,14,17,1,75,113,2,5,1,6,"127, BOULEVARD VINCENT A",0.0,0.0
201400057500,1,7,14,21,2,75,104,2,5,1,6,QUAI DE GESVRES,0.0,0.0
201400057501,2,7,14,0,5,75,116,2,1,1,3,ALLEE DE LA REINE MARGUE,0.0,0.0
201400057502,3,7,14,22,5,75,112,2,2,1,2,AVENUE DAUMESNIL,0.0,0.0
201400057503,4,7,14,0,5,75,112,2,4,1,6,AVENUE DU TREMBLAY,0.0,0.0
201400057504,5,7,14,5,5,75,111,2,2,8,6,"95, AVENUE PHILIPPE AUGU",0.0,0.0
201400057505,9,7,14,19,1,75,115,2,2,3,3,"54, RUE DE VOUILLE",0.0,0.0
201400057506,12,7,14,17,1,75,117,2,4,1,6,"1, AVENUE BRUNETIERE",0.0,0.0
201400057507,19,7,14,1,5,75,110,2,2,1,3,"S-8412, RUE LA FAYETTE",0.0,0.0
201400057508,20,7,14,14,1,75,116,2,7,1,3,PLACE DE BEYROUTH,0.0,0.0
201400057509,20,7,14,16,1,75,106,2,2,1,6,"175, BOULEVARD SAINT GER",0.0,0.0
201400057510,20,7,14,17,1,75,118,2,1,1,6,BOULEVARD PERIPHERIQUE I,0.0,0.0
201400057511,21,7,14,16,1,75,117,2,3,1,3,"168 bis, RUE CARDINET",0.0,0.0
201400057512,24,7,14,16,1,75,108,2,1,1,2,"95, AVENUE DES CHAMPS EL",0.0,0.0
201400057513,26,7,14,5,2,75,117,2,1,1,6,"104, BOULEVARD MALESHERB",0.0,0.0
201400057514,29,7,14,12,1,75,104,2,2,1,3,RUE D ARCOLE,0.0,0.0
201400057515,31,7,14,18,1,75,119,2,1,1,6,BOULEVARD PERIPHERIQUE,0.0,0.0
201400057516,1,8,14,15,1,75,114,2,1,1,6,"119, AVENUE DU GENERAL L",0.0,0.0
201400057517,2,8,14,16,1,75,116,2,2,1,3,"63, AVENUE MOZART",0.0,0.0
201400057518,2,8,14,19,1,75,107,2,7,1,3,QUAI D ORSAY,0.0,0.0
201400057519,3,8,14,18,1,75,115,2,1,1,6,"02-04, RUE LOUIS ARMAND",0.0,0.0
201400057520,4,8,14,22,5,75,116,2,2,1,3,ALLEE DE LONGCHAMP,0.0,0.0
201400057521,5,8,14,12,1,75,112,2,2,1,6,RUE PARROT,0.0,0.0
201400057522,5,8,14,19,1,75,114,2,1,1,6,"13, RUE ALAIN",0.0,0.0
201400057523,7,8,14,17,1,75,112,2,1,1,2,BOULEVARD PERIPHERIQUE,0.0,0.0
201400057524,8,8,14,0,5,75,120,2,1,1,6,BOULEVARD PERIPHERIQUE I,0.0,0.0
201400057525,12,8,14,20,2,75,109,2,1,1,6,"2, BOULEVARD MONTMARTRE",0.0,0.0
201400057526,13,8,14,3,5,75,120,2,2,1,6,AVENUE DE LA PORTE DE VI,0.0,0.0
201400057527,13,8,14,18,1,75,114,2,1,1,7,AVENUE ERNEST REYER,0.0,0.0
201400057528,16,8,14,16,1,75,118,2,6,1,6,"38, BOULEVARD DE ROCHECH",0.0,0.0
201400057529,18,8,14,19,1,75,113,2,1,1,6,"28, BOULEVARD VINCENT AU",0.0,0.0
201400057530,23,8,14,6,2,75,113,2,2,1,3,BOULEVARD MASSENA,0.0,0.0
201400057531,24,8,14,4,5,75,113,2,3,1,3,QUAI DE LA GARE,0.0,0.0
201400057532,26,8,14,7,1,75,119,2,1,1,2,BOULEVARD PERIPHERIQUE I,0.0,0.0
201400057533,26,8,14,14,1,75,102,2,1,1,6,"67, RUE REAUMUR",0.0,0.0
201400057534,27,8,14,2,4,75,120,2,4,1,7,BOULEVARD PERIPHERIQUE I,0.0,0.0
201400057535,27,8,14,9,1,75,115,2,2,1,6,"/, QUAI DE GRENELLE",0.0,0.0
201400057536,27,8,14,16,1,75,116,2,4,1,6,PORTE MAILLOT,0.0,0.0
201400057537,28,8,14,8,1,75,105,2,2,1,3,"2, RUE LINNE",0.0,0.0
201400057538,29,8,14,15,1,75,115,2,2,1,2,"37, AVENUE DE LOWENDAL",0.0,0.0
201400057539,30,8,14,13,1,75,108,2,2,1,6,"24, RUE DE VIENNE",0.0,0.0
201400057540,30,8,14,17,1,75,120,2,1,1,6,"15, RUE DU LIEUTENANT CH",0.0,0.0
201400057541,31,8,14,15,1,75,119,2,1,1,6,"68, RUE MANIN",0.0,0.0
201400057542,31,8,14,21,5,75,119,2,7,1,3,"/, PLACE SKANDERBEG",0.0,0.0
201400057543,2,9,14,2,5,75,112,2,3,1,1,"56, RUE DU FAUBOURG SAIN",0.0,0.0
201400057544,3,9,14,17,1,75,116,2,1,1,6,BOULEVARD PERIPHERIQUE E,0.0,0.0
201400057545,4,9,14,5,5,75,112,2,4,1,6,BOULEVARD PERIPHERIQUE,0.0,0.0
201400057546,4,9,14,12,1,75,112,2,1,1,6,"54, AVENUE DAUMESNIL",0.0,0.0
201400057547,4,9,14,15,1,75,115,2,2,1,6,RUE LECOURBE,0.0,0.0
201400057548,4,9,14,15,1,75,117,2,5,1,6,"167, BOULEVARD PEREIRE",0.0,0.0
201400057549,7,9,14,18,1,75,107,2,2,1,3,BOULEVARD SAINT GERMAIN,0.0,0.0
201400057550,9,9,14,0,5,75,105,2,2,1,3,"--, QUAI DE LA TOURNELLE",0.0,0.0
201400057551,10,9,14,17,1,75,116,2,2,1,3,"56, AVENUE THEOPHILE GAU",0.0,0.0
201400057552,10,9,14,22,5,75,108,2,1,1,6,VOIE GEORGES POMPIDOU,0.0,0.0
201400057553,11,9,14,2,5,75,114,2,1,1,6,BOULEVARD PERIPHERIQUE I,0.0,0.0
201400057554,12,9,14,0,5,75,107,2,4,1,6,"02, RUE MONTALEMBERT",0.0,0.0
201400057555,12,9,14,6,2,75,118,2,2,1,6,"2, RUE ORDENER",0.0,0.0
201400057556,12,9,14,16,1,75,119,2,2,1,6,"122, AVENUE DE FLANDRE",0.0,0.0
201400057557,13,9,14,2,5,75,112,2,5,1,3,AVENUE DE NOGENT   VINCE,0.0,0.0
201400057558,15,9,14,17,1,75,119,2,1,1,6,"202, AVENUE JEAN JAURES",0.0,0.0
201400057559,15,9,14,19,1,75,106,2,7,1,6,"147, BOULEVARD RASPAIL",0.0,0.0
201400057560,17,9,14,7,1,75,115,2,1,1,6,"119, RUE DE LA CROIX NIV",0.0,0.0
201400057561,17,9,14,15,1,75,108,2,7,1,2,"11, AVENUE MONTAIGNE",0.0,0.0
201400057562,18,9,14,23,5,75,117,2,2,1,2,"67, RUE LA CONDAMINE",0.0,0.0
201400057563,19,9,14,8,1,75,112,2,5,1,6,"19, RUE JULES CESAR",0.0,0.0
201400057564,20,9,14,5,5,75,114,2,3,1,3,"130, AVENUE DU GENERAL L",0.0,0.0
201400057565,21,9,14,18,1,75,120,2,1,1,6,"98, RUE DE MENILMONTANT",0.0,0.0
201400057566,22,9,14,14,1,75,119,2,1,1,6,"108, AVENUE DE FLANDRE",0.0,0.0
201400057567,23,9,14,1,5,75,110,2,1,1,6,"96, BOULEVARD DE MAGENTA",0.0,0.0
201400057568,23,9,14,15,1,75,119,2,2,1,3,"98, AVENUE SIMON BOLIVAR",0.0,0.0
201400057569,23,9,14,20,5,75,112,2,1,1,6,PORTE DE CHARENTON,0.0,0.0
201400057570,24,9,14,0,5,75,116,2,2,1,3,"51, RUE MOLITOR",0.0,0.0
201400057571,26,9,14,7,1,75,118,2,1,1,4,"4, BOULEVARD NEY",0.0,0.0
201400057572,26,9,14,8,1,75,116,2,7,1,3,"1, PLACE DE LA PORTE MAI",0.0,0.0
201400057573,27,9,14,2,5,75,110,2,2,5,3,"31, RUE BICHAT",0.0,0.0
201400057574,30,9,14,15,1,75,116,2,4,1,7,PORTE DE SAINT CLOUD,0.0,0.0
201400057575,1,10,14,3,5,75,115,2,1,1,7,"02-04, RUE DU COMMERCE",0.0,0.0
201400057576,2,10,14,3,4,75,119,2,2,1,6,AVENUE DE LA PORTE CHAUM,0.0,0.0
201400057577,2,10,14,9,1,75,102,2,1,1,3,"45, AVENUE DE L OPERA",0.0,0.0
201400057578,3,10,14,4,5,75,116,2,2,1,6,ALLEE DE LONGCHAMP,0.0,0.0
201400057579,3,10,14,7,2,75,116,2,2,1,3,"47, BOULEVARD SUCHET",0.0,0.0
201400057580,3,10,14,8,1,75,119,2,1,1,6,"124, RUE COMPANS",0.0,0.0
201400057581,5,10,14,6,2,75,112,2,5,1,6,BOULEVARD PONIATOWSKI,0.0,0.0
201400057582,5,10,14,19,5,75,102,2,1,1,6,"95, BOULEVARD DE SEBASTO",0.0,0.0
201400057583,6,10,14,21,5,75,110,2,1,3,6,"96, BOULEVARD DE MAGENTA",0.0,0.0
201400057584,6,10,14,21,3,75,118,2,4,2,3,AVENUE DE LA PORTE DE CL,0.0,0.0
201400057585,9,10,14,1,5,75,113,2,1,1,2,BOULEVARD PERIPHERIQUE,0.0,0.0
201400057586,10,10,14,4,5,75,116,2,2,1,3,ALLEE DE LONGCHAMP,0.0,0.0
201400057587,11,10,14,7,5,75,118,2,3,2,6,"38, AVENUE DE LA PORTE D",0.0,0.0
201400057588,11,10,14,21,5,75,114,2,2,1,3,RUE FROIDEVAUX,0.0,0.0
201400057589,12,10,14,4,5,75,117,2,1,1,3,"6, BOULEVARD DU BOIS LE",0.0,0.0
201400057590,14,10,14,12,1,75,112,2,1,1,3,PORTE DOREE,0.0,0.0
201400057591,14,10,14,17,1,75,118,2,3,1,6,"33, RUE DE LA CHAPELLE",0.0,0.0
201400057592,14,10,14,19,5,75,108,2,2,1,5,"92, AVENUE DES CHAMPS EL",0.0,0.0
201400057593,18,10,14,2,5,75,112,2,1,1,3,AVENUE DE NOGENT,0.0,0.0
201400057594,18,10,14,4,5,75,105,2,2,1,1,QUAI SAINT BERNARD,0.0,0.0
201400057595,20,10,14,19,5,75,105,2,2,1,6,"63, BOULEVARD SAINT MICH",0.0,0.0
201400057596,20,10,14,18,5,75,120,2,1,1,6,"108, COURS DE VINCENNES",0.0,0.0
201400057597,22,10,14,6,1,75,102,2,5,1,3,RUE DU QUATRE SEPTEMBRE,0.0,0.0
201400057598,26,10,14,0,5,75,110,2,2,1,4,BOULEVARD DE MAGENTA,0.0,0.0
201400057599,27,10,14,17,5,75,112,2,1,1,4,BOULEVARD PERIPHERIQUE I,0.0,0.0
201400057600,27,10,14,22,5,75,117,2,2,1,6,"17, RUE GUY MOQUET",0.0,0.0
201400057601,28,10,14,19,5,75,104,2,3,1,6,"08, RUE DE RIVOLI",0.0,0.0
201400057602,31,10,14,20,5,75,114,2,4,1,6,"161, AVENUE DU MAINE",0.0,0.0
201400057603,2,11,14,3,5,75,117,2,2,1,5,"132, RUE DE COURCELLES",0.0,0.0
201400057604,4,11,14,8,1,75,116,2,5,1,6,"81, AVENUE KLEBER",0.0,0.0
201400057605,5,11,14,7,5,75,107,2,4,1,3,"21, BOULEVARD DES INVALI",0.0,0.0
201400057606,5,11,14,18,5,75,113,2,1,1,6,"07, BOULEVARD DU GENERAL",0.0,0.0
201400057607,6,11,14,3,5,75,117,2,1,1,6,"26, AVENUE DES TERNES",0.0,0.0
201400057608,6,11,14,5,2,75,116,2,1,1,6,ALLEE DE LA REINE MARGUE,0.0,0.0
201400057609,8,11,14,9,1,75,114,2,3,1,6,"19, AVENUE DE LA PORTE D",0.0,0.0
201400057610,10,11,14,17,5,75,115,2,1,1,6,"34, RUE BALARD",0.0,0.0
201400057611,14,11,14,20,5,75,111,2,2,1,1,"28, BOULEVARD VOLTAIRE",0.0,0.0
201400057612,14,11,14,23,5,75,120,2,1,1,2,BOULEVARD PERIPHERIQUE,0.0,0.0
201400057613,15,11,14,12,1,75,112,2,1,1,7,RUE PROUDHON,0.0,0.0
201400057614,19,11,14,10,1,75,117,2,1,1,3,"81, AVENUE DES TERNES",0.0,0.0
201400057615,19,11,14,17,1,75,109,2,1,1,6,"16, RUE AUBER",0.0,0.0
201400057616,20,11,14,2,5,75,119,2,1,1,2,BOULEVARD PERIPHERIQUE I,0.0,0.0
201400057617,20,11,14,17,2,75,119,2,2,1,6,"10, AVENUE JEAN JAURES",0.0,0.0
201400057618,21,11,14,8,1,75,118,2,4,1,6,BOULEVARD PERIPHERIQUE I,0.0,0.0
201400057619,23,11,14,19,5,75,116,2,1,1,3,"46, AVENUE DU PRESIDENT",0.0,0.0
201400057620,24,11,14,17,5,75,112,2,2,1,6,"17, RUE LOUIS BRAILLE",0.0,0.0
201400057621,25,11,14,8,1,75,117,2,2,1,3,"98, AVENUE DE CLICHY",0.0,0.0
201400057622,27,11,14,0,5,75,114,2,1,1,6,BOULEVARD PERIPHERIQUE,0.0,0.0
201400057623,27,11,14,8,1,75,111,2,2,1,3,"101, BOULEVARD RICHARD L",0.0,0.0
201400057624,28,11,14,7,1,75,102,2,2,1,3,RUE DAUNOU,0.0,0.0
201400057625,28,11,14,13,1,75,120,2,2,1,6,"2, AVENUE LEON GAUMONT",0.0,0.0
201400057626,29,11,14,3,5,75,109,2,7,1,6,PLACE SAINT GEORGES,0.0,0.0
201400057627,29,11,14,21,5,75,102,2,7,1,3,"/, PLACE DE L OPERA",0.0,0.0
201400057628,30,11,14,1,5,75,118,2,2,1,3,"/, BOULEVARD DE LA CHAPE",0.0,0.0
201400057629,30,11,14,21,5,75,115,2,2,1,3,RUE GRAMME,0.0,0.0
201400057630,3,12,14,15,1,75,118,2,2,1,6,"58, BOULEVARD DE LA CHAP",0.0,0.0
201400057631,3,12,14,22,5,75,118,2,3,1,3,RUE DE L EVANGILE,0.0,0.0
201400057632,4,12,14,8,1,75,116,2,2,1,3,AVENUE EDOUARD VAILLANT,0.0,0.0
201400057633,4,12,14,17,5,75,119,2,1,1,3,"45, RUE DE BELLEVILLE",0.0,0.0
201400057634,6,12,14,6,5,75,118,2,1,1,6,BOULEVARD PERIPHERIQUE,0.0,0.0
201400057635,8,12,14,8,1,75,120,2,7,1,3,"1, AVENUE DU DOCTEUR GLE",0.0,0.0
201400057636,9,12,14,18,5,75,114,2,1,1,6,BOULEVARD PERIPHERIQUE E,0.0,0.0
201400057637,10,12,14,13,1,75,116,2,2,2,2,AVENUE DU MAHATMA GANDHI,0.0,0.0
201400057638,10,12,14,16,5,75,102,2,1,2,6,"19, BOULEVARD POISSONNIE",0.0,0.0
201400057639,13,12,14,5,5,75,110,2,4,2,6,BOULEVARD DE MAGENTA,0.0,0.0
201400057640,17,12,14,17,5,75,116,2,1,1,6,"6 TER, BOULEVARD D AUTEU",0.0,0.0
201400057641,17,12,14,21,5,75,105,2,2,2,1,"50, BOULEVARD SAINT MARC",0.0,0.0
201400057642,18,12,14,9,1,75,118,2,1,2,5,"53, RUE MARX DORMOY",0.0,0.0
201400057643,18,12,14,14,1,75,115,2,1,1,3,"50, RUE DE VOUILLE",0.0,0.0
201400057644,18,12,14,23,5,75,117,2,1,1,3,"11, BOULEVARD BERTHIER",0.0,0.0
201400057645,19,12,14,14,1,75,115,2,2,2,6,"163, RUE DE LA CROIX NIV",0.0,0.0
201400057646,19,12,14,21,5,75,112,2,1,1,6,ROUTE DE CEINTURE DU LAC,0.0,0.0
201400057647,19,12,14,22,5,75,119,2,1,1,3,BOULEVARD PERIPHERIQUE,0.0,0.0
201400057648,20,12,14,12,1,75,116,2,1,1,2,"70, QUAI LOUIS BLERIOT",0.0,0.0
201400057649,21,12,14,2,5,75,114,2,1,1,6,"1, AVENUE PIERRE MASSE",0.0,0.0
201400057650,21,12,14,16,1,75,106,2,1,1,6,"23, BOULEVARD DU MONTPAR",0.0,0.0
201400057651,21,12,14,21,5,75,103,2,7,1,1,"13, PLACE DE LA REPUBLIQ",0.0,0.0
201400057652,23,12,14,21,5,75,120,2,1,1,6,PORTE DES LILAS,0.0,0.0
201400057653,24,12,14,22,5,75,117,2,2,1,6,"/, BOULEVARD DES BATIGNO",0.0,0.0
201400057654,26,12,14,15,1,75,107,2,1,1,6,"264, BOULEVARD SAINT GER",0.0,0.0
201400057655,27,12,14,21,5,75,112,2,3,1,2,"171, AVENUE DAUMESNIL",0.0,0.0
201400057656,28,12,14,0,5,75,120,2,1,1,6,"129, BOULEVARD DAVOUT",0.0,0.0
201400057657,28,12,14,15,1,75,112,2,5,1,3,BOULEVARD PONIATOWSKI,0.0,0.0
201400057658,29,12,14,5,5,75,105,2,2,1,3,"1, QUAI SAINT MICHEL",0.0,0.0
201400057659,1,1,14,1,5,75,119,2,4,1,6,BOULEVARD PERIPHERIQUE I,0.0,0.0
201400057660,1,1,14,6,5,75,117,2,1,1,6,PORTE DE CLICHY,0.0,0.0
201400057661,2,1,14,9,1,75,120,2,1,1,6,ECHANGEUR BAGNOLET,0.0,0.0
201400057662,2,1,14,17,5,75,117,2,1,1,4,PORTE DE SAINT OUEN,0.0,0.0
201400057663,2,1,14,15,1,75,116,2,1,1,4,PORTE DE SAINT CLOUD,0.0,0.0
201400057664,4,1,14,5,5,75,119,2,1,1,6,PORTE DE PANTIN,0.0,0.0
201400057665,4,1,14,16,2,75,120,2,4,1,6,PORTE DE BAGNOLET,0.0,0.0
201400057666,5,1,14,14,1,75,112,2,1,1,4,ECHANGEUR BERCY,0.0,0.0
201400057667,5,1,14,19,5,75,114,2,4,1,7,PORTE DE CHATILLON,0.0,0.0
201400057668,6,1,14,6,5,75,113,2,4,1,4,PORTE D IVRY,0.0,0.0
201400057669,6,1,14,7,5,75,115,2,1,1,3,PORTE DE LA PLAINE,0.0,0.0
201400057670,6,1,14,13,1,75,119,2,1,1,6,PORTE DES LILAS,0.0,0.0
201400057671,7,1,14,8,1,75,117,2,4,1,6,PORTE DE CHAMPERRET,0.0,0.0
201400057672,7,1,14,16,1,75,120,2,1,1,2,PORTE DE BAGNOLET,0.0,0.0
201400057673,7,1,14,18,5,75,112,2,1,1,2,ECHANGEUR BERCY,0.0,0.0
201400057674,8,1,14,0,5,75,112,2,1,1,3,ECHANGEUR BERCY,0.0,0.0
201400057675,8,1,14,11,1,75,113,2,1,1,4,QUAI D IVRY,0.0,0.0
201400057676,8,1,14,14,1,75,112,2,1,1,4,PORTE DE CHARENTON,0.0,0.0
201400057677,8,1,14,14,1,75,113,2,1,1,3,QUAI D IVRY,0.0,0.0
201400057678,10,1,14,15,1,75,115,2,1,1,4,PORTE DE SEVRES,0.0,0.0
201400057679,14,1,14,8,2,75,113,2,1,2,7,PORTE D ITALIE,0.0,0.0
201400057680,14,1,14,10,1,75,119,2,1,2,2,PORTE DE LA VILLETTE,0.0,0.0
201400057681,14,1,14,9,1,75,119,2,1,1,2,PORTE D AUBERVILLIERS,0.0,0.0
201400057682,15,1,14,8,1,75,112,2,1,2,7,PORTE DE CHARENTON,0.0,0.0
201400057683,16,1,14,10,1,75,119,2,1,2,3,PORTE DES LILAS,0.0,0.0
201400057684,17,1,14,8,1,75,115,2,1,1,2,PORTE BRANCION,0.0,0.0
201400057685,17,1,14,11,1,75,120,2,1,1,2,PORTE DE BAGNOLET,0.0,0.0
201400057686,18,1,14,19,5,75,114,2,1,1,3,PORTE D ORLEANS,0.0,0.0
201400057687,20,1,14,12,1,75,114,2,1,2,4,PORTE DE CHATILLON,0.0,0.0
201400057688,21,1,14,17,5,75,118,2,1,1,6,PORTE DE SAINT OUEN,0.0,0.0
201400057689,22,1,14,12,5,75,116,2,1,1,6,PORTE D AUTEUIL,0.0,0.0
201400057690,23,1,14,15,1,75,120,2,1,2,6,PORTE DES LILAS,0.0,0.0
201400057691,24,1,14,9,1,75,113,2,1,1,3,QUAI D IVRY,0.0,0.0
201400057692,24,1,14,23,5,75,120,2,1,1,2,PORTE DE BAGNOLET,0.0,0.0
201400057693,25,1,14,12,1,75,120,2,1,1,6,PORTE DE BAGNOLET,0.0,0.0
201400057694,26,1,14,1,5,75,113,2,1,1,2,PORTE D ITALIE,0.0,0.0
201400057695,26,1,14,18,5,75,112,2,1,2,4,PORTE DE CHARENTON,0.0,0.0
201400057696,28,1,14,17,5,75,117,2,1,1,2,PORTE D ASNIERES,0.0,0.0
201400057697,28,1,14,18,5,75,113,2,1,1,3,PORTE D IVRY,0.0,0.0
201400057698,28,1,14,22,5,75,112,2,1,2,6,PORTE DE CHARENTON,0.0,0.0
201400057699,29,1,14,9,1,75,116,2,4,2,2,PORTE DE SAINT CLOUD,0.0,0.0
201400057700,30,1,14,10,1,75,113,2,1,1,6,PORTE D ITALIE,0.0,0.0
201400057701,30,1,14,17,2,75,120,2,1,1,2,PORTE DE BAGNOLET,0.0,0.0
201400057702,31,1,14,9,1,75,115,2,1,1,2,PORTE BRANCION,0.0,0.0
201400057703,1,2,14,13,1,75,120,2,1,1,6,PORTE DE BAGNOLET,0.0,0.0
201400057704,1,2,14,21,5,75,120,2,1,1,4,PORTE DE MONTREUIL,0.0,0.0
201400057705,2,2,14,7,5,75,113,2,1,1,6,PORTE D IVRY,0.0,0.0
201400057706,3,2,14,6,2,75,113,2,1,1,4,PORTE D IVRY,0.0,0.0
201400057707,3,2,14,8,1,75,117,2,1,1,2,PORTE D ASNIERES,0.0,0.0
201400057708,4,2,14,10,1,75,119,2,1,1,2,PORTE D AUBERVILLIERS,0.0,0.0
201400057709,4,2,14,12,1,75,117,2,1,1,6,PORTE DE CHAMPERRET,0.0,0.0
201400057710,5,2,14,7,1,75,120,2,1,1,3,PORTE DE MONTREUIL,0.0,0.0
201400057711,5,2,14,7,1,75,113,2,1,1,7,PORTE D IVRY,0.0,0.0
201400057712,5,2,14,12,1,75,113,2,4,1,7,PORTE D IVRY,0.0,0.0
201400057713,5,2,14,18,5,75,120,2,1,1,4,PORTE DE BAGNOLET,0.0,0.0
201400057714,5,2,14,19,5,75,118,2,1,1,2,PORTE DE LA CHAPELLE,0.0,0.0
201400057715,6,2,14,18,2,75,113,2,1,1,6,PORTE D IVRY,0.0,0.0
201400057716,6,2,14,19,5,75,116,2,4,1,3,PORTE D AUTEUIL,0.0,0.0
201400057717,8,2,14,10,1,75,114,2,1,1,4,PORTE D ORLEANS,0.0,0.0
201400057718,8,2,14,19,5,75,112,2,1,1,2,PORTE DE CHARENTON,0.0,0.0
201400057719,10,2,14,6,5,75,117,2,1,1,2,PORTE MAILLOT,0.0,0.0
201400057720,11,2,14,8,1,75,119,2,1,1,2,PORTE DE LA VILLETTE,0.0,0.0
201400057721,11,2,14,14,1,75,120,2,4,1,2,PORTE DE VINCENNES,0.0,0.0
201400057722,12,2,14,9,1,75,113,2,1,1,4,PORTE D ITALIE,0.0,0.0
201400057723,13,2,14,0,5,75,117,2,1,1,3,PORTE DE SAINT OUEN,0.0,0.0
201400057724,13,2,14,1,4,75,120,2,1,1,7,ECHANGEUR BAGNOLET,0.0,0.0
201400057725,13,2,14,13,1,75,113,2,1,1,3,BOULEVARD PERIPHERIQUE,0.0,0.0
201400057726,13,2,14,13,1,75,119,2,1,3,4,PORTE DE LA VILLETTE,0.0,0.0
201400057727,14,2,14,8,1,75,114,2,1,2,2,PORTE D ORLEANS,0.0,0.0
201400057728,14,2,14,12,1,75,118,2,1,2,2,PORTE DE CLIGNANCOURT,0.0,0.0
201400057729,14,2,14,16,1,75,115,2,1,1,7,PORTE BRANCION,0.0,0.0
201400057730,16,2,14,13,1,75,113,2,1,1,2,PORTE D IVRY,0.0,0.0
201400057731,18,2,14,12,1,75,118,2,4,1,4,PORTE DE CLIGNANCOURT,0.0,0.0
201400057732,19,2,14,8,1,75,120,2,1,2,6,ECHANGEUR BAGNOLET,0.0,0.0
201400057733,19,2,14,23,5,75,115,2,4,1,5,ECHANGEUR ISSY,0.0,0.0
201400057734,20,2,14,17,1,75,112,2,1,2,3,ECHANGEUR BERCY,0.0,0.0
201400057735,20,2,14,20,5,75,117,2,4,2,6,PORTE DE CHAMPERRET,0.0,0.0
201400057736,21,2,14,17,2,75,115,2,1,1,4,PORTE BRANCION,0.0,0.0
201400057737,21,2,14,23,5,75,112,2,1,1,3,BOULEVARD PERIPHERIQUE E,0.0,0.0
201400057738,23,2,14,13,1,75,116,2,1,1,2,ECHANGEUR MUETTE,0.0,0.0
201400057739,24,2,14,16,1,75,120,2,4,1,3,PORTE DES LILAS,0.0,0.0
201400057740,25,2,14,9,1,75,120,2,1,1,6,PORTE DES LILAS,0.0,0.0