Num_Acc,jour,mois,an,hr,condition_eclairage,departement,commune,condition_agglomeration,intersection,condition_atmosphere,type_collision,adresse,lattitude,longitude
201400057741,25,2,14,12,1,75,113,2,1,1,4,PORTE D ITALIE,0.0,0.0
201400057742,26,2,14,10,1,75,113,2,1,1,4,PORTE D ITALIE,0.0,0.0
201400057743,27,2,14,8,1,75,120,2,1,2,7,PORTE DE BAGNOLET,0.0,0.0
201400057744,27,2,14,10,1,75,116,2,1,2,2,ECHANGEUR MUETTE,0.0,0.0
201400057745,27,2,14,16,1,75,112,2,1,1,4,PORTE DOREE,0.0,0.0
201400057746,28,2,14,9,1,75,113,2,1,2,7,PORTE D ITALIE,0.0,0.0
201400057747,28,2,14,17,1,75,116,2,1,2,4,PORTE DAUPHINE,0.0,0.0
201400057748,1,3,14,1,3,75,116,2,1,1,6,ECHANGEUR MAILLOT,0.0,0.0
201400057749,2,3,14,13,1,75,114,2,1,1,3,PORTE DE CHATILLON,0.0,0.0
201400057750,3,3,14,8,1,75,119,2,1,1,7,PORTE DES LILAS,0.0,0.0
201400057751,3,3,14,20,5,75,116,2,4,1,7,PORT D AUTEUIL,0.0,0.0
201400057752,4,3,14,13,1,75,113,2,1,1,6,PORTE D IVRY,0.0,0.0
201400057753,4,3,14,16,1,75,117,2,1,1,7,PORTE DE CLICHY,0.0,0.0
201400057754,5,3,14,1,5,75,112,2,1,1,3,ECHANGEUR BERCY,0.0,0.0
201400057755,6,3,14,7,1,75,120,2,1,1,4,PORTE DES LILAS,0.0,0.0
201400057756,6,3,14,12,1,75,113,2,1,1,3,PORTE D ITALIE,0.0,0.0
201400057757,6,3,14,15,1,75,120,2,1,1,7,PORTE DE BAGNOLET,0.0,0.0
201400057758,7,3,14,7,1,75,118,2,1,1,7,BOULEVARD PERIPHERIQUE,0.0,0.0
201400057759,7,3,14,20,5,75,112,2,1,1,4,QUAI DE BERCY,0.0,0.0
201400057760,8,3,14,16,1,75,118,2,1,1,4,PORTE DE LA CHAPELLE,0.0,0.0
201400057761,9,3,14,12,1,75,113,2,1,1,6,QUAI D IVRY,0.0,0.0
201400057762,10,3,14,8,1,75,114,2,1,1,2,PORTE DE GENTILLY,0.0,0.0
201400057763,10,3,14,12,1,75,114,2,1,1,3,PORTE D ORLEANS,0.0,0.0
201400057764,11,3,14,9,1,75,116,2,1,1,2,PORTE D AUTEUIL,0.0,0.0
201400057765,11,3,14,16,1,75,112,2,1,1,3,ECHANGEUR BERCY,0.0,0.0
201400057766,12,3,14,17,1,75,119,2,1,1,2,PORTE DE LA VILLETTE,0.0,0.0
201400057767,13,3,14,14,1,75,115,2,1,7,4,PORTE DE VERSAILLES,0.0,0.0
201400057768,14,3,14,19,5,75,114,2,1,1,3,PORTE D ORLEANS,0.0,0.0
201400057769,14,3,14,18,2,75,117,2,1,1,4,PORTE DE CHAMPERRET,0.0,0.0
201400057770,14,3,14,21,5,75,120,2,1,1,6,PORTE DE MONTREUIL,0.0,0.0
201400057771,15,3,14,17,1,75,119,2,1,1,6,PORTE D AUBERVILLIERS,0.0,0.0
201400057772,16,3,14,17,1,75,119,2,1,1,2,PORTE DE PANTIN,0.0,0.0
201400057773,17,3,14,9,1,75,115,2,1,1,6,PORTE DE SEVRES,0.0,0.0
201400057774,20,3,14,7,1,75,113,2,1,1,3,PORTE D ITALIE,0.0,0.0
201400057775,20,3,14,17,1,75,112,2,1,1,4,PORTE DE SAINT MANDE,0.0,0.0
201400057776,21,3,14,12,1,75,120,2,1,1,3,PORTE DE MONTREUIL,0.0,0.0
201400057777,22,3,14,14,1,75,118,2,4,1,2,ECHANGEUR CHAPELLE,0.0,0.0
201400057778,22,3,14,16,1,75,114,2,1,1,7,PORTE D ORLEANS,0.0,0.0
201400057779,23,3,14,3,5,75,114,2,4,1,6,BOULEVARD PERIPHERIQUE I,0.0,0.0
201400057780,24,3,14,11,1,75,115,2,4,1,2,PORTE BRANCION,0.0,0.0
201400057781,24,3,14,16,1,75,112,2,1,1,4,PORTE DE CHARENTON,0.0,0.0
201400057782,24,3,14,20,5,75,112,2,1,1,2,PORTE DOREE,0.0,0.0
201400057783,24,3,14,23,5,75,113,2,1,1,3,QUAI D IVRY,0.0,0.0
201400057784,25,3,14,7,1,75,117,2,1,2,2,PORTE DE CHAMPERRET,0.0,0.0
201400057785,25,3,14,16,5,75,116,2,4,1,6,PORTE DE SAINT CLOUD,0.0,0.0
201400057786,25,3,14,19,5,75,117,2,1,1,7,PORTE DE CLICHY,0.0,0.0
201400057787,26,3,14,9,1,75,117,2,1,1,7,PORTE DE SAINT OUEN,0.0,0.0
201400057788,27,3,14,5,2,75,116,2,1,1,6,BOULEVARD PERIPHERIQUE I,0.0,0.0
201400057789,27,3,14,7,1,75,113,2,1,1,3,QUAI D IVRY,0.0,0.0
201400057790,28,3,14,14,1,75,114,2,4,1,2,ECHANGEUR GENTILLY,0.0,0.0
201400057791,29,3,14,14,1,75,115,2,1,1,4,QUAI D ISSY LES MOULINEA,0.0,0.0
201400057792,29,3,14,19,5,75,117,2,1,1,2,PORTE DE CLICHY,0.0,0.0
201400057793,30,3,14,13,1,75,112,2,1,1,4,PORTE DE VINCENNES,0.0,0.0
201400057794,31,3,14,17,1,75,112,2,1,1,2,PORTE DE CHARENTON,0.0,0.0
201400057795,3,4,14,16,1,75,119,2,4,1,2,PORTE DES LILAS,0.0,0.0
201400057796,4,4,14,15,1,75,112,2,1,1,4,PORTE DE CHARENTON,0.0,0.0
201400057797,4,4,14,15,1,75,116,2,1,1,3,PORTE DE PASSY,0.0,0.0
201400057798,5,4,14,12,1,75,118,2,1,1,4,PORTE DE CLIGNANCOURT,0.0,0.0
201400057799,5,4,14,12,1,75,112,2,1,1,4,PORTE DE CHARENTON,0.0,0.0
201400057800,6,4,14,11,1,75,120,2,1,8,2,PORTE DES LILAS,0.0,0.0
201400057801,6,4,14,13,1,75,119,2,1,1,6,PORTE DES LILAS,0.0,0.0
201400057802,7,4,14,21,5,75,120,2,1,1,3,PORTE DE MONTREUIL,0.0,0.0
201400057803,8,4,14,16,1,75,120,2,1,1,2,ECHANGEUR BAGNOLET,0.0,0.0
201400057804,9,4,14,8,1,75,118,2,1,1,3,PORTE DE LA CHAPELLE,0.0,0.0
201400057805,9,4,14,16,1,75,119,2,1,1,2,PORTE DE LA VILLETTE,0.0,0.0
201400057806,9,4,14,23,5,75,118,2,1,1,2,PORTE DE SAINT OUEN,0.0,0.0
201400057807,10,4,14,8,1,75,115,2,1,1,7,ECHANGEUR ISSY,0.0,0.0
201400057808,10,4,14,9,1,75,116,2,1,1,7,PORTE DE SAINT CLOUD,0.0,0.0
201400057809,11,4,14,9,1,75,120,2,4,1,3,PORTE DE VINCENNES,0.0,0.0
201400057810,11,4,14,18,1,75,120,2,1,1,3,PORTE DE MONTREUIL,0.0,0.0
201400057811,14,4,14,13,1,75,113,2,1,1,3,PORTE D ITALIE,0.0,0.0
201400057812,15,4,14,8,1,75,114,2,1,1,2,PORTE DE CHATILLON,0.0,0.0
201400057813,15,4,14,11,1,75,112,2,1,1,4,PORTE DE CHARENTON,0.0,0.0
201400057814,16,4,14,16,1,75,113,2,1,1,3,PORTE D ITALIE,0.0,0.0
201400057815,16,4,14,20,1,75,119,2,1,1,3,PORTE DE LA VILLETTE,0.0,0.0
201400057816,17,4,14,8,1,75,118,2,1,1,2,PORTE DE SAINT OUEN,0.0,0.0
201400057817,17,4,14,12,1,75,113,2,1,1,3,PORTE D IVRY,0.0,0.0
201400057818,17,4,14,19,1,75,116,2,1,1,3,PORTE DAUPHINE,0.0,0.0
201400057819,17,4,14,21,5,75,118,2,1,1,4,PORTE DE CLIGNANCOURT,0.0,0.0
201400057820,20,4,14,6,1,75,118,2,1,1,3,PORTE DE LA CHAPELLE,0.0,0.0
201400057821,21,4,14,7,1,75,116,2,4,1,6,ECHANGEUR MUETTE,0.0,0.0
201400057822,25,4,14,16,1,75,113,2,1,1,6,PORTE D ITALIE,0.0,0.0
201400057823,28,4,14,10,1,75,113,2,1,1,3,PORTE D ITALIE,0.0,0.0
201400057824,28,4,14,23,5,75,120,2,1,1,4,PORTE DE BAGNOLET,0.0,0.0
201400057825,29,4,14,7,1,75,112,2,4,1,5,ECHANGEUR BERCY,0.0,0.0
201400057826,29,4,14,8,1,75,114,2,1,1,6,PORTE D ORLEANS,0.0,0.0
201400057827,29,4,14,20,5,75,112,2,1,2,4,ECHANGEUR BERCY,0.0,0.0
201400057828,29,4,14,23,5,75,112,2,1,3,6,ECHANGEUR BERCY,0.0,0.0
201400057829,30,4,14,3,5,75,113,2,1,1,6,PORTE D ITALIE,0.0,0.0
201400057830,30,4,14,9,1,75,117,2,1,1,4,PORTE DE SAINT OUEN,0.0,0.0
201400057831,30,4,14,18,2,75,114,2,1,1,2,PORTE DE GENTILLY,0.0,0.0
201400057832,30,4,14,19,2,75,118,2,1,1,3,PORTE DE SAINT OUEN,0.0,0.0
201400057833,30,4,14,20,5,75,117,2,1,1,2,PORTE DE SAINT OUEN,0.0,0.0
201400057834,1,5,14,15,1,75,118,2,1,2,6,ECHANGEUR CHAPELLE,0.0,0.0
201400057835,2,5,14,13,1,75,116,2,4,1,6,PORTE DE SAINT CLOUD,0.0,0.0
201400057836,3,5,14,13,1,75,120,2,4,1,2,PORTE DE MONTREUIL,0.0,0.0
201400057837,5,5,14,8,1,75,112,2,1,1,3,PORTE DE CHARENTON,0.0,0.0
201400057838,5,5,14,19,1,75,118,2,1,1,2,PORTE DE SAINT OUEN,0.0,0.0
201400057839,6,5,14,8,1,75,116,2,1,1,6,PORTE D AUTEUIL,0.0,0.0
201400057840,7,5,14,20,1,75,118,2,4,1,4,PORTE DE CLIGNANCOURT,0.0,0.0
201400057841,9,5,14,6,2,75,119,2,1,1,4,PORTE DE PANTIN,0.0,0.0
201400057842,9,5,14,21,5,75,118,2,4,1,7,PORTE D AUBERVILLIERS,0.0,0.0
201400057843,10,5,14,8,1,75,120,2,1,2,6,ECHANGEUR BAGNOLET,0.0,0.0
201400057844,10,5,14,10,1,75,118,2,1,2,6,PORTE DE SAINT OUEN,0.0,0.0
201400057845,11,5,14,14,1,75,112,2,1,1,2,PORTE DOREE,0.0,0.0
201400057846,13,5,14,6,2,75,118,2,1,1,3,PORTE D AUBERVILLIERS,0.0,0.0
201400057847,14,5,14,9,1,75,116,2,1,1,2,PORTE D AUTEUIL,0.0,0.0
201400057848,15,5,14,8,1,75,117,2,4,1,3,PORTE DE CHAMPERRET,0.0,0.0
201400057849,15,5,14,12,1,75,112,2,1,1,3,ECHANGEUR BERCY,0.0,0.0
201400057850,15,5,14,17,1,75,116,2,1,1,2,PORTE DE PASSY,0.0,0.0
201400057851,16,5,14,6,1,75,112,2,1,1,3,ECHANGEUR BERCY,0.0,0.0
201400057852,16,5,14,9,1,75,112,2,1,1,4,PORTE DE CHARENTON,0.0,0.0
201400057853,16,5,14,7,1,75,116,2,1,1,2,PORTE DAUPHINE,0.0,0.0
201400057854,18,5,14,11,1,75,119,2,1,7,6,PORTE DE LA VILLETTE,0.0,0.0
201400057855,19,5,14,9,1,75,112,2,1,1,3,BOULEVARD PERIPHERIQUE,0.0,0.0
201400057856,19,5,14,12,1,75,117,2,1,1,4,PORTE D ASNIERES,0.0,0.0
201400057857,19,5,14,14,1,75,114,2,1,1,2,PORTE DE VANVES,0.0,0.0
201400057858,20,5,14,7,1,75,112,2,4,1,3,ECHANGEUR BERCY,0.0,0.0
201400057859,20,5,14,9,1,75,118,2,1,1,2,PORTE D AUBERVILLIERS,0.0,0.0
201400057860,20,5,14,14,1,75,112,2,4,3,6,PORTE DE CHARENTON,0.0,0.0
201400057861,20,5,14,20,1,75,120,2,1,2,4,ECHANGEUR LILAS,0.0,0.0
201400057862,22,5,14,19,1,75,112,2,1,1,2,PORTE DE SAINT MANDE,0.0,0.0
201400057863,23,5,14,8,1,75,118,2,1,1,4,PORTE DE CLIGNANCOURT,0.0,0.0
201400057864,23,5,14,16,1,75,120,2,1,1,3,PORTE DE BAGNOLET,0.0,0.0
201400057865,23,5,14,18,1,75,112,2,1,1,3,PORTE DE VINCENNES,0.0,0.0
201400057866,24,5,14,17,1,75,120,2,1,3,6,BOULEVARD PERIPHERIQUE,0.0,0.0
201400057867,26,5,14,8,1,75,116,2,1,2,4,PORTE DAUPHINE,0.0,0.0
201400057868,26,5,14,19,1,75,112,2,1,1,6,PORTE DOREE,0.0,0.0
201400057869,27,5,14,8,1,75,116,2,1,1,2,PORTE MAILLOT,0.0,0.0
201400057870,27,5,14,17,1,75,114,2,1,1,3,PORTE DE GENTILLY,0.0,0.0
201400057871,28,5,14,18,1,75,117,2,1,1,2,PORTE DE SAINT OUEN,0.0,0.0
201400057872,28,5,14,15,1,75,112,2,1,1,5,PORTE DOREE,0.0,0.0
201400057873,28,5,14,16,1,75,113,2,1,1,3,PORTE D IVRY,0.0,0.0
201400057874,31,5,14,11,1,75,119,2,1,1,6,PORTE DE LA VILLETTE,0.0,0.0
201400057875,31,5,14,17,1,75,117,2,1,1,3,PORTE DE SAINT OUEN,0.0,0.0
201400057876,1,6,14,0,2,75,113,2,1,1,2,QUAI D IVRY,0.0,0.0
201400057877,1,6,14,15,1,75,114,2,1,1,4,PORTE BRANCION,0.0,0.0
201400057878,3,6,14,9,1,75,115,2,1,1,2,PORTE DE LA PLAINE,0.0,0.0
201400057879,3,6,14,15,1,75,113,2,4,1,3,PORTE D ITALIE,0.0,0.0
201400057880,3,6,14,17,1,75,117,2,1,1,3,PORTE DE SAINT OUEN,0.0,0.0
201400057881,4,6,14,10,1,75,114,2,1,2,4,PORTE BRANCION,0.0,0.0
201400057882,4,6,14,18,5,75,116,2,1,2,6,ECHANGEUR MAILLOT,0.0,0.0
201400057883,6,6,14,8,1,75,116,2,1,1,3,ECHANGEUR MAILLOT,0.0,0.0
201400057884,6,6,14,20,1,75,112,2,4,1,6,ECHANGEUR BERCY,0.0,0.0
201400057885,8,6,14,13,1,75,118,2,1,1,7,PORTE DE LA CHAPELLE,0.0,0.0
201400057886,10,6,14,6,1,75,119,2,1,1,2,ECHANGEUR AUBERVILLIERS,0.0,0.0
201400057887,10,6,14,16,1,75,119,2,1,2,7,PORTE DE PANTIN,0.0,0.0
201400057888,11,6,14,8,1,75,118,2,1,1,2,PORTE DE LA CHAPELLE,0.0,0.0
201400057889,11,6,14,15,1,75,118,2,4,1,6,PORTE DE LA CHAPELLE,0.0,0.0
201400057890,12,6,14,20,1,75,117,2,1,1,2,PORTE DE CHAMPERRET,0.0,0.0
201400057891,12,6,14,22,5,75,120,2,1,1,3,PORTE DE BAGNOLET,0.0,0.0
201400057892,13,6,14,6,2,75,112,2,1,1,2,BOULEVARD PERIPHERIQUE E,0.0,0.0
201400057893,13,6,14,13,1,75,114,2,1,1,2,PORTE D ORLEANS,0.0,0.0
201400057894,13,6,14,19,1,75,112,2,1,1,2,PORTE DE SAINT MANDE,0.0,0.0
201400057895,15,6,14,6,1,75,112,2,1,1,7,PORTE DE CHARENTON,0.0,0.0
201400057896,16,6,14,7,1,75,120,2,1,1,3,PORTE DE BAGNOLET,0.0,0.0
201400057897,16,6,14,10,1,75,118,2,1,1,4,PORTE DE LA CHAPELLE,0.0,0.0
201400057898,16,6,14,11,1,75,118,2,1,1,2,PORTE DE LA CHAPELLE,0.0,0.0
201400057899,18,6,14,16,1,75,120,2,1,1,2,PORTE DE VINCENNES,0.0,0.0
201400057900,18,6,14,16,1,75,116,2,1,1,6,PORTE DE PASSY,0.0,0.0
201400057901,19,6,14,12,1,75,116,2,1,1,2,PORTE DE SAINT CLOUD,0.0,0.0
201400057902,20,6,14,2,5,75,113,2,1,1,7,QUAI D IVRY,0.0,0.0
201400057903,20,6,14,11,1,75,117,2,1,1,3,PORTE D ASNIERES,0.0,0.0
201400057904,20,6,14,16,1,75,116,2,1,1,2,PORTE DE SAINT CLOUD,0.0,0.0
201400057905,20,6,14,19,1,75,116,2,1,1,3,ECHANGEUR MUETTE,0.0,0.0
201400057906,21,6,14,18,1,75,120,2,1,1,2,PORTE DE BAGNOLET,0.0,0.0
201400057907,22,6,14,17,1,75,116,2,1,1,2,ECHANGEUR MUETTE,0.0,0.0
201400057908,23,6,14,11,1,75,117,2,1,1,6,PORTE DE CLICHY,0.0,0.0
201400057909,23,6,14,14,1,75,120,2,1,1,4,PORTE DES LILAS,0.0,0.0
201400057910,23,6,14,22,5,75,116,2,1,1,2,PORTE DE SAINT CLOUD,0.0,0.0
201400057911,24,6,14,2,5,75,119,2,1,1,3,PORTE DE LA VILLETTE,0.0,0.0
201400057912,24,6,14,14,1,75,112,2,1,1,3,PORTE DE CHARENTON,0.0,0.0
201400057913,24,6,14,22,5,75,112,2,1,1,4,PORTE DE CHARENTON,0.0,0.0
201400057914,25,6,14,13,1,75,120,2,1,1,6,ECHANGEUR BAGNOLET,0.0,0.0
201400057915,26,6,14,13,1,75,120,2,1,1,4,PORTE DES LILAS,0.0,0.0
201400057916,26,6,14,17,1,75,114,2,1,1,2,PORTE D ORLEANS,0.0,0.0
201400057917,27,6,14,7,1,75,114,2,1,1,4,PORTE DE CHATILLON,0.0,0.0
201400057918,27,6,14,18,1,75,119,2,1,1,4,PORTE DU PRE SAINT GERVA,0.0,0.0
201400057919,1,7,14,7,1,75,113,2,4,1,7,PORTE D ITALIE,0.0,0.0
201400057920,1,7,14,14,1,75,118,2,4,1,3,PORTE DE LA CHAPELLE,0.0,0.0
201400057921,1,7,14,19,1,75,117,2,1,1,3,PORTE DE CHAMPERRET,0.0,0.0
201400057922,2,7,14,14,1,75,116,2,1,1,6,PORTE D AUTEUIL,0.0,0.0
201400057923,3,7,14,7,1,75,113,2,1,1,3,QUAI D IVRY,0.0,0.0
201400057924,3,7,14,9,1,75,114,2,4,1,3,PORTE DE CHATILLON,0.0,0.0
201400057925,5,7,14,0,5,75,113,2,4,1,2,PORTE D ITALIE,0.0,0.0
201400057926,5,7,14,14,1,75,118,2,4,2,4,ECHANGEUR CHAPELLE,0.0,0.0
201400057927,5,7,14,16,1,75,112,2,1,1,3,PORTE DOREE,0.0,0.0
201400057928,5,7,14,21,5,75,118,2,1,1,6,PORTE DE CLIGNANCOURT,0.0,0.0
201400057929,7,7,14,18,2,75,112,2,4,2,3,ECHANGEUR BERCY,0.0,0.0
201400057930,8,7,14,9,1,75,118,2,1,2,6,ECHANGEUR CHAPELLE,0.0,0.0
201400057931,9,7,14,8,1,75,120,2,1,2,2,ECHANGEUR BAGNOLET,0.0,0.0
201400057932,9,7,14,14,1,75,120,2,1,3,4,PORTE DES LILAS,0.0,0.0
201400057933,9,7,14,19,1,75,116,2,1,2,3,PORTE DAUPHINE,0.0,0.0
201400057934,11,7,14,3,5,75,119,2,4,8,6,PORTE DE PANTIN,0.0,0.0
201400057935,11,7,14,13,1,75,113,2,4,2,3,QUAI D IVRY,0.0,0.0
201400057936,12,7,14,19,1,75,117,2,1,1,6,PORTE DE CHAMPERRET,0.0,0.0
201400057937,15,7,14,6,1,75,119,2,1,1,6,PORTE DES LILAS,0.0,0.0
201400057938,15,7,14,15,1,75,113,2,1,1,6,PORTE D ITALIE,0.0,0.0
201400057939,15,7,14,17,1,75,115,2,1,1,3,PORTE BRANCION,0.0,0.0
201400057940,15,7,14,23,5,75,112,2,1,1,7,ECHANGEUR BERCY,0.0,0.0
201400057941,16,7,14,1,4,75,118,2,1,1,3,PORTE D AUBERVILLIERS,0.0,0.0
201400057942,16,7,14,9,1,75,114,2,4,1,7,PORTE DE CHATILLON,0.0,0.0
201400057943,16,7,14,16,1,75,118,2,1,1,4,PORTE DE CLIGNANCOURT,0.0,0.0
201400057944,16,7,14,14,1,75,113,2,1,1,2,QUAI D IVRY,0.0,0.0
201400057945,16,7,14,18,1,75,117,2,1,1,3,PORTE MAILLOT,0.0,0.0
201400057946,16,7,14,21,5,75,116,2,1,1,7,PORTE D AUTEUIL,0.0,0.0
201400057947,17,7,14,8,1,75,117,2,1,1,2,PORTE DE SAINT OUEN,0.0,0.0
201400057948,17,7,14,12,1,75,112,2,1,1,6,AVENUE DE LA PORTE DE VI,0.0,0.0
201400057949,18,7,14,16,1,75,113,2,1,1,2,QUAI D IVRY,0.0,0.0
201400057950,20,7,14,14,1,75,116,2,1,1,6,ECHANGEUR MUETTE,0.0,0.0
201400057951,21,7,14,18,1,75,119,2,1,1,2,PORTE DE LA VILLETTE,0.0,0.0
201400057952,23,7,14,6,1,75,115,2,1,1,6,PORTE DE LA PLAINE,0.0,0.0
201400057953,23,7,14,17,1,75,119,2,1,1,6,PORTE DE LA VILLETTE,0.0,0.0
201400057954,24,7,14,18,1,75,116,2,4,1,6,PORTE MAILLOT,0.0,0.0
201400057955,26,7,14,10,1,75,114,2,1,1,4,PORTE DE CHATILLON,0.0,0.0
201400057956,26,7,14,11,1,75,112,2,4,1,3,ECHANGEUR BERCY,0.0,0.0
201400057957,26,7,14,17,1,75,118,2,1,1,3,PORTE DE CLIGNANCOURT,0.0,0.0
201400057958,28,7,14,16,1,75,120,2,1,1,4,PORTE DES LILAS,0.0,0.0
201400057959,28,7,14,17,1,75,112,2,1,1,3,ECHANGEUR BERCY,0.0,0.0
201400057960,28,7,14,19,1,75,116,2,1,1,6,ECHANGEUR MAILLOT,0.0,0.0
201400057961,30,7,14,7,1,75,113,2,1,1,4,PORTE DE GENTILLY,0.0,0.0
201400057962,30,7,14,15,1,75,120,2,1,1,3,PORTE DE MONTREUIL,0.0,0.0
201400057963,30,7,14,16,1,75,116,2,1,1,6,ECHANGEUR MUETTE,0.0,0.0
201400057964,31,7,14,15,1,75,120,2,1,1,2,PORTE DE VINCENNES,0.0,0.0
201400057965,31,7,14,16,1,75,113,2,1,1,6,PORTE D ITALIE,0.0,0.0
201400057966,4,8,14,12,1,75,120,2,4,1,2,ECHANGEUR BAGNOLET,0.0,0.0
201400057967,5,8,14,18,1,75,120,2,1,1,4,PORTE DE VINCENNES,0.0,0.0
201400057968,6,8,14,10,1,75,119,2,1,3,6,PORTE D AUBERVILLIERS,0.0,0.0
201400057969,6,8,14,10,1,75,116,2,1,3,7,ECHANGEUR MAILLOT,0.0,0.0
201400057970,7,8,14,18,1,75,112,2,1,2,2,PORTE DE CHARENTON,0.0,0.0
201400057971,8,8,14,18,1,75,113,2,1,2,7,PORTE D IVRY,0.0,0.0
201400057972,9,8,14,12,1,75,112,2,1,1,2,ECHANGEUR BERCY,0.0,0.0
201400057973,12,8,14,21,5,75,120,2,1,1,3,PORTE DE MONTREUIL,0.0,0.0
201400057974,13,8,14,17,1,75,116,2,1,1,4,PORTE DE SAINT CLOUD,0.0,0.0
201400057975,14,8,14,13,1,75,114,2,4,1,5,PORTE DE GENTILLY,0.0,0.0
201400057976,14,8,14,17,1,75,112,2,1,1,3,ECHANGEUR BERCY,0.0,0.0
201400057977,14,8,14,18,1,75,120,2,1,1,4,PORTE DE VINCENNES,0.0,0.0
201400057978,17,8,14,16,1,75,120,2,1,1,4,PORTE DE BAGNOLET,0.0,0.0
201400057979,18,8,14,18,1,75,116,2,1,1,3,PORTE MAILLOT,0.0,0.0
201400057980,19,8,14,10,1,75,116,2,1,1,6,PORTE MAILLOT,0.0,0.0
201400057981,19,8,14,12,1,75,118,2,1,1,3,PORTE D AUBERVILLIERS,0.0,0.0
201400057982,19,8,14,16,1,75,113,2,1,1,4,QUAI D IVRY,0.0,0.0
201400057983,21,8,14,20,5,75,120,2,1,1,2,PORTE DES LILAS,0.0,0.0
201400057984,23,8,14,17,1,75,118,2,1,1,2,ECHANGEUR CHAPELLE,0.0,0.0
201400057985,24,8,14,13,1,75,112,2,4,1,4,PORTE DE VINCENNES,0.0,0.0
201400057986,24,8,14,14,1,75,120,2,4,1,2,PORTE DE BAGNOLET,0.0,0.0
201400057987,25,8,14,17,1,75,112,2,1,2,2,PORTE DE CHARENTON,0.0,0.0
201400057988,26,8,14,19,1,75,117,2,1,2,3,PORTE DE CHAMPERRET,0.0,0.0
201400057989,27,8,14,11,1,75,113,2,1,1,4,PORTE D IVRY,0.0,0.0
201400057990,28,8,14,17,1,75,115,2,1,8,3,QUAI D ISSY LES MOULINEA,0.0,0.0
201400057991,29,8,14,10,1,75,117,2,1,8,2,PORTE DE CLICHY,0.0,0.0
201400057992,31,8,14,13,1,75,119,2,1,1,6,PORTE DES LILAS,0.0,0.0
201400057993,31,8,14,14,1,75,118,2,1,1,7,PORTE DE CLIGNANCOURT,0.0,0.0
201400057994,1,9,14,7,1,75,119,2,1,1,2,PORTE DE PANTIN,0.0,0.0
201400057995,2,9,14,13,1,75,112,2,4,1,2,ECHANGEUR BERCY,0.0,0.0
201400057996,2,9,14,16,1,75,114,2,1,1,2,PORTE DE CHATILLON,0.0,0.0
201400057997,3,9,14,13,1,75,113,2,1,1,4,PORTE D ITALIE,0.0,0.0
201400057998,4,9,14,19,2,75,116,2,1,1,2,PORTE DAUPHINE,0.0,0.0
201400057999,5,9,14,9,1,75,117,2,4,1,7,PORTE MAILLOT,0.0,0.0
201400058000,5,9,14,9,1,75,117,2,4,1,6,PORTE MAILLOT,0.0,0.0
201400058001,6,9,14,16,1,75,112,2,4,1,3,ECHANGEUR BERCY,0.0,0.0
201400058002,6,9,14,16,1,75,118,2,1,1,2,PORTE DE CLIGNANCOURT,0.0,0.0
201400058003,6,9,14,20,5,75,120,2,1,1,3,PORTE DES LILAS,0.0,0.0
201400058004,7,9,14,17,1,75,114,2,1,1,2,PORTE D ORLEANS,0.0,0.0
201400058005,7,9,14,18,1,75,119,2,1,1,4,PORTE D AUBERVILLIERS,0.0,0.0
201400058006,8,9,14,10,1,75,113,2,1,1,2,PORTE D ITALIE,0.0,0.0
201400058007,9,9,14,13,1,75,114,2,1,1,7,PORTE DE CHATILLON,0.0,0.0
201400058008,9,9,14,14,1,75,117,2,1,1,2,PORTE DE CHAMPERRET,0.0,0.0
201400058009,9,9,14,19,2,75,117,2,1,1,6,PORTE DE CHAMPERRET,0.0,0.0
201400058010,10,9,14,6,2,75,117,2,1,1,7,PORTE DE CLICHY,0.0,0.0
201400058011,10,9,14,23,5,75,112,2,4,1,3,ECHANGEUR BERCY,0.0,0.0
201400058012,11,9,14,14,1,75,117,2,1,1,3,PORTE DE CHAMPERRET,0.0,0.0
201400058013,11,9,14,17,1,75,113,2,1,1,2,PORTE DE GENTILLY,0.0,0.0
201400058014,12,9,14,8,1,75,117,2,4,1,6,ECHANGEUR MAILLOT,0.0,0.0
201400058015,12,9,14,8,1,75,119,2,1,1,2,PORTE DE PANTIN,0.0,0.0
201400058016,13,9,14,15,1,75,112,2,1,1,2,PORTE DE CHARENTON,0.0,0.0
201400058017,13,9,14,21,5,75,113,2,4,1,2,PORTE D ITALIE,0.0,0.0
201400058018,13,9,14,21,5,75,118,2,1,1,3,PORTE DE CLIGNANCOURT,0.0,0.0
201400058019,14,9,14,3,5,75,117,2,1,1,4,PORTE DE CLICHY,0.0,0.0
201400058020,14,9,14,5,2,75,117,2,4,1,6,PORTE DES TERNES,0.0,0.0
201400058021,14,9,14,7,1,75,112,2,1,1,6,PORTE DE CHARENTON,0.0,0.0
201400058022,14,9,14,9,1,75,117,2,1,1,2,PORTE DE CHAMPERRET,0.0,0.0
201400058023,14,9,14,19,2,75,117,2,4,1,6,PORTE DE CLICHY,0.0,0.0
201400058024,14,9,14,19,2,75,116,2,1,1,4,PORTE D AUTEUIL,0.0,0.0
201400058025,15,9,14,15,1,75,120,2,1,1,7,PORTE DE BAGNOLET,0.0,0.0
201400058026,15,9,14,16,1,75,114,2,1,1,2,PORTE DE CHATILLON,0.0,0.0
201400058027,16,9,14,7,1,75,113,2,4,1,3,ECHANGEUR GENTILLY,0.0,0.0
201400058028,16,9,14,8,1,75,114,2,1,1,2,PORTE DE VANVES,0.0,0.0
201400058029,16,9,14,14,1,75,116,2,4,1,7,ECHANGEUR AUTEUIL,0.0,0.0
201400058030,16,9,14,16,1,75,113,2,1,1,4,PORTE DE GENTILLY,0.0,0.0
201400058031,17,9,14,8,1,75,116,2,1,1,2,PORTE DE SAINT CLOUD,0.0,0.0
201400058032,17,9,14,23,5,75,113,2,1,1,5,PORTE D ITALIE,0.0,0.0
201400058033,18,9,14,7,1,75,115,2,1,1,7,PORTE DE SEVRES,0.0,0.0
201400058034,18,9,14,16,1,75,113,2,1,1,6,ECHANGEUR ITALIE,0.0,0.0
201400058035,19,9,14,14,1,75,117,2,1,1,4,PORTE DE CLICHY,0.0,0.0
201400058036,19,9,14,16,1,75,120,2,4,1,6,PORTE DE BAGNOLET,0.0,0.0
201400058037,21,9,14,18,1,75,113,2,1,1,6,PORTE D ITALIE,0.0,0.0
201400058038,23,9,14,15,1,75,113,2,1,1,3,QUAI D IVRY,0.0,0.0
201400058039,23,9,14,16,1,75,120,2,1,1,3,PORTE DE BAGNOLET,0.0,0.0