Num_Acc,jour,mois,an,hr,condition_eclairage,departement,commune,condition_agglomeration,intersection,condition_atmosphere,type_collision,adresse,lattitude,longitude
201400058040,25,9,14,8,1,75,114,2,1,1,4,PORTE DE CHATILLON,0.0,0.0
201400058041,25,9,14,17,1,75,116,2,4,1,3,PORTE MAILLOT,0.0,0.0
201400058042,25,9,14,23,5,75,115,2,1,1,7,PORTE DE LA PLAINE,0.0,0.0
201400058043,26,9,14,11,1,75,116,2,1,1,2,PORTE DAUPHINE,0.0,0.0
201400058044,26,9,14,19,2,75,112,2,5,1,2,ECHANGEUR BERCY,0.0,0.0
201400058045,26,9,14,20,5,75,119,2,1,1,3,PORTE DE PANTIN,0.0,0.0
201400058046,27,9,14,9,1,75,114,2,4,1,3,ECHANGEUR GENTILLY,0.0,0.0
201400058047,27,9,14,12,1,75,116,2,1,1,4,PORTE DE SAINT CLOUD,0.0,0.0
201400058048,27,9,14,15,1,75,113,2,1,1,2,QUAI D IVRY,0.0,0.0
201400058049,27,9,14,17,2,75,112,2,1,1,2,ECHANGEUR BERCY,0.0,0.0
201400058050,27,9,14,18,1,75,118,2,1,1,2,PORTE D AUBERVILLIERS,0.0,0.0
201400058051,29,9,14,8,5,75,120,2,1,9,3,PORTE DES LILAS,0.0,0.0
201400058052,30,9,14,14,1,75,112,2,1,1,4,PORTE DE VINCENNES,0.0,0.0
201400058053,30,9,14,15,1,75,116,2,1,1,3,ECHANGEUR MUETTE,0.0,0.0
201400058054,30,9,14,18,1,75,116,2,1,1,2,PORTE MAILLOT,0.0,0.0
201400058055,1,10,14,15,1,75,112,2,1,1,7,ECHANGEUR BERCY,0.0,0.0
201400058056,1,10,14,15,1,75,116,2,1,1,3,ECHANGEUR MUETTE,0.0,0.0
201400058057,2,10,14,8,1,75,118,2,4,1,4,PORTE DE CLIGNANCOURT,0.0,0.0
201400058058,2,10,14,11,1,75,117,2,1,1,6,PORTE DE CHAMPERRET,0.0,0.0
201400058059,2,10,14,16,1,75,113,2,1,1,6,PORTE DE GENTILLY,0.0,0.0
201400058060,2,10,14,19,5,75,116,2,1,1,3,PORTE MAILLOT,0.0,0.0
201400058061,3,10,14,16,1,75,114,2,1,1,5,PORTE DE CHATILLON,0.0,0.0
201400058062,5,10,14,14,1,75,120,2,1,1,6,PORTE DE MONTREUIL,0.0,0.0
201400058063,6,10,14,2,5,75,113,2,1,1,6,PORTE D ITALIE,0.0,0.0
201400058064,6,10,14,8,1,75,115,2,1,1,7,PORTE DE LA PLAINE,0.0,0.0
201400058065,6,10,14,10,1,75,119,2,1,1,4,PORTE DE PANTIN,0.0,0.0
201400058066,7,10,14,9,1,75,120,2,1,2,2,PORTE DES LILAS,0.0,0.0
201400058067,7,10,14,17,1,75,116,2,1,1,4,PORTE MAILLOT,0.0,0.0
201400058068,7,10,14,18,2,75,116,2,1,1,2,PORTE DE PASSY,0.0,0.0
201400058069,8,10,14,7,3,75,119,2,1,2,4,PORTE DE LA VILLETTE,0.0,0.0
201400058070,8,10,14,8,1,75,118,2,1,2,3,PORTE DE SAINT OUEN,0.0,0.0
201400058071,9,10,14,14,1,75,118,2,1,1,6,PORTE DE CLIGNANCOURT,0.0,0.0
201400058072,9,10,14,15,1,75,116,2,1,1,2,PORTE MAILLOT,0.0,0.0
201400058073,10,10,14,0,5,75,120,2,1,1,3,ECHANGEUR BAGNOLET,0.0,0.0
201400058074,10,10,14,8,1,75,117,2,1,1,2,PORTE DE CHAMPERRET,0.0,0.0
201400058075,10,10,14,16,1,75,120,2,1,1,3,PORTE DE MONTREUIL,0.0,0.0
201400058076,11,10,14,20,1,75,113,2,1,1,7,PORTE D IVRY,0.0,0.0
201400058077,12,10,14,18,2,75,115,2,1,2,6,ECHANGEUR SEVRES,0.0,0.0
201400058078,13,10,14,6,5,75,119,2,1,1,4,PORTE DE PANTIN,0.0,0.0
201400058079,13,10,14,18,1,75,112,2,1,1,3,PORTE DE VINCENNES,0.0,0.0
201400058080,14,10,14,16,1,75,112,2,1,1,3,ECHANGEUR BERCY,0.0,0.0
201400058081,14,10,14,18,2,75,116,2,1,1,4,PORTE DE SAINT CLOUD,0.0,0.0
201400058082,14,10,14,19,5,75,116,2,1,1,2,PORTE DAUPHINE,0.0,0.0
201400058083,15,10,14,14,1,75,120,2,1,2,6,PORTE DE BAGNOLET,0.0,0.0
201400058084,15,10,14,16,1,75,113,2,1,2,4,PORTE D ITALIE,0.0,0.0
201400058085,15,10,14,17,1,75,119,2,1,1,7,PORTE DES LILAS,0.0,0.0
201400058086,18,10,14,14,1,75,116,2,1,1,2,PORTE D AUTEUIL,0.0,0.0
201400058087,18,10,14,19,5,75,114,2,1,1,7,PORTE D ORLEANS,0.0,0.0
201400058088,18,10,14,20,5,75,114,2,1,1,4,PORTE D ORLEANS,0.0,0.0
201400058089,19,10,14,2,5,75,113,2,4,1,6,PORTE D IVRY,0.0,0.0
201400058090,19,10,14,7,1,75,113,2,1,1,6,QUAI D IVRY,0.0,0.0
201400058091,19,10,14,10,1,75,119,2,1,1,4,PORTE DE PANTIN,0.0,0.0
201400058092,19,10,14,22,5,75,120,2,4,1,6,ECHANGEUR BAGNOLET,0.0,0.0
201400058093,21,10,14,7,2,75,112,2,1,1,3,PORTE DE CHARENTON,0.0,0.0
201400058094,22,10,14,23,5,75,120,2,1,1,2,PORTE DE VINCENNES,0.0,0.0
201400058095,23,10,14,8,1,75,112,2,1,1,6,PORTE DE CHARENTON,0.0,0.0
201400058096,23,10,14,15,1,75,112,2,1,1,3,ECHANGEUR BERCY,0.0,0.0
201400058097,23,10,14,18,4,75,113,2,1,1,3,QUAI D IVRY,0.0,0.0
201400058098,25,10,14,18,5,75,118,2,4,1,6,PORTE DE LA CHAPELLE,0.0,0.0
201400058099,26,10,14,18,5,75,116,2,1,1,3,PORTE DE PASSY,0.0,0.0
201400058100,26,10,14,18,5,75,119,2,1,1,4,PORTE DE LA VILLETTE,0.0,0.0
201400058101,28,10,14,8,1,75,119,2,1,1,6,PORTE DU PRE SAINT GERVA,0.0,0.0
201400058102,28,10,14,18,5,75,112,2,1,1,3,PORTE DE CHARENTON,0.0,0.0
201400058103,29,10,14,14,1,75,117,2,1,1,4,PORTE DE CHAMPERRET,0.0,0.0
201400058104,30,10,14,11,1,75,114,2,1,1,3,PORTE DE GENTILLY,0.0,0.0
201400058105,31,10,14,12,1,75,113,2,1,1,3,PORTE D IVRY,0.0,0.0
201400058106,31,10,14,14,1,75,113,2,1,1,2,PORTE D ITALIE,0.0,0.0
201400058107,31,10,14,17,2,75,119,2,1,1,4,PORTE DE PANTIN,0.0,0.0
201400058108,31,10,14,18,2,75,119,2,1,1,2,PORTE DU PRE SAINT GERVA,0.0,0.0
201400058109,1,11,14,11,1,75,113,2,1,1,2,QUAI D IVRY,0.0,0.0
201400058110,1,11,14,17,5,75,113,2,1,1,3,PORTE D IVRY,0.0,0.0
201400058111,1,11,14,18,5,75,113,2,1,1,6,QUAI D IVRY,0.0,0.0
201400058112,2,11,14,17,2,75,119,2,1,1,6,PORTE DE PANTIN,0.0,0.0
201400058113,3,11,14,2,5,75,119,2,1,1,2,BOULEVARD PERIPHERIQUE I,0.0,0.0
201400058114,3,11,14,14,1,75,112,2,4,1,6,ECHANGEUR BERCY,0.0,0.0
201400058115,4,11,14,7,1,75,115,2,1,1,7,ECHANGEUR ISSY,0.0,0.0
201400058116,4,11,14,14,1,75,119,2,1,1,2,PORTE D AUBERVILLIERS,0.0,0.0
201400058117,4,11,14,17,5,75,114,2,1,1,3,PORTE DE CHATILLON,0.0,0.0
201400058118,5,11,14,9,1,75,112,2,4,1,6,ECHANGEUR VINCENNES,0.0,0.0
201400058119,6,11,14,8,1,75,120,2,1,1,4,PORTE DES LILAS,0.0,0.0
201400058120,7,11,14,0,5,75,120,2,1,1,6,PORTE DE MONTREUIL,0.0,0.0
201400058121,7,11,14,9,1,75,116,2,1,2,3,ECHANGEUR MUETTE,0.0,0.0
201400058122,7,11,14,16,2,75,118,2,1,1,3,PORTE D AUBERVILLIERS,0.0,0.0
201400058123,9,11,14,19,5,75,113,2,1,1,6,PORTE D ITALIE,0.0,0.0
201400058124,10,11,14,23,5,75,120,2,1,1,7,PORTE DE BAGNOLET,0.0,0.0
201400058125,13,11,14,10,1,75,113,2,1,1,6,PORTE DE GENTILLY,0.0,0.0
201400058126,13,11,14,20,5,75,113,2,1,1,6,ECHANGEUR BERCY,0.0,0.0
201400058127,14,11,14,9,1,75,116,2,1,9,4,ECHANGEUR AUTEUIL,0.0,0.0
201400058128,14,11,14,14,1,75,116,2,1,2,6,PORT D AUTEUIL,0.0,0.0
201400058129,14,11,14,17,5,75,116,2,1,1,4,ECHANGEUR MUETTE,0.0,0.0
201400058130,14,11,14,21,5,75,114,2,1,1,2,PORTE DE CHATILLON,0.0,0.0
201400058131,15,11,14,21,5,75,117,2,1,1,7,PORTE DE SAINT OUEN,0.0,0.0
201400058132,16,11,14,16,2,75,117,2,1,3,3,PORTE DE CLICHY,0.0,0.0
201400058133,17,11,14,9,1,75,116,2,1,1,3,PORTE D AUTEUIL,0.0,0.0
201400058134,17,11,14,13,1,75,118,2,1,1,3,PORTE DE CLIGNANCOURT,0.0,0.0
201400058135,17,11,14,18,5,75,118,2,1,3,2,ECHANGEUR CHAPELLE,0.0,0.0
201400058136,18,11,14,17,1,75,116,2,1,1,3,PORTE DAUPHINE,0.0,0.0
201400058137,21,11,14,17,5,75,114,2,1,1,4,PORTE DE CHATILLON,0.0,0.0
201400058138,24,11,14,11,1,75,112,2,1,1,2,PORTE DE SAINT MANDE,0.0,0.0
201400058139,25,11,14,11,1,75,120,2,1,1,6,PORTE DES LILAS,0.0,0.0
201400058140,25,11,14,17,5,75,119,2,1,1,4,PORTE DE PANTIN,0.0,0.0
201400058141,26,11,14,0,5,75,113,2,1,2,7,BOULEVARD PERIPHERIQUE E,0.0,0.0
201400058142,26,11,14,8,1,75,114,2,1,8,2,PORTE DE CHATILLON,0.0,0.0
201400058143,26,11,14,18,5,75,114,2,1,1,2,ECHANGEUR ORLEANS,0.0,0.0
201400058144,27,11,14,16,5,75,116,2,1,1,2,ECHANGEUR MUETTE,0.0,0.0
201400058145,28,11,14,12,1,75,118,2,1,1,7,PORTE DE LA CHAPELLE,0.0,0.0
201400058146,28,11,14,15,1,75,117,2,1,1,2,PORTE DE CLICHY,0.0,0.0
201400058147,29,11,14,16,1,75,120,2,1,1,7,ECHANGEUR BAGNOLET,0.0,0.0
201400058148,30,11,14,2,5,75,119,2,1,1,7,PORTE DE PANTIN,0.0,0.0
201400058149,30,11,14,10,1,75,116,2,4,1,2,PORTE DE SAINT CLOUD,0.0,0.0
201400058150,30,11,14,20,5,75,112,2,1,2,5,ECHANGEUR BERCY,0.0,0.0
201400058151,30,11,14,21,5,75,113,2,1,1,3,PORTE D IVRY,0.0,0.0
201400058152,3,12,14,16,1,75,116,2,1,1,2,ECHANGEUR MUETTE,0.0,0.0
201400058153,4,12,14,14,1,75,116,2,1,1,3,PORTE DE SAINT CLOUD,0.0,0.0
201400058154,5,12,14,18,5,75,116,2,1,1,3,SOUTERRAIN DAUPHINE,0.0,0.0
201400058155,6,12,14,18,5,75,116,2,1,1,3,PORTE D AUTEUIL,0.0,0.0
201400058156,7,12,14,18,5,75,116,2,1,2,4,PORTE MAILLOT,0.0,0.0
201400058157,7,12,14,21,5,75,120,2,4,2,4,PORTE DE BAGNOLET,0.0,0.0
201400058158,8,12,14,18,5,75,119,2,1,1,3,PORTE D AUBERVILLIERS,0.0,0.0
201400058159,9,12,14,7,5,75,116,2,1,1,7,PORTE DAUPHINE,0.0,0.0
201400058160,10,12,14,18,2,75,114,2,1,2,2,PORTE D ORLEANS,0.0,0.0
201400058161,10,12,14,20,5,75,113,2,1,1,3,ECHANGEUR BERCY,0.0,0.0
201400058162,12,12,14,10,1,75,120,2,1,2,3,PORTE DE BAGNOLET,0.0,0.0
201400058163,13,12,14,8,5,75,117,2,1,1,6,ECHANGEUR MAILLOT,0.0,0.0
201400058164,13,12,14,12,1,75,117,2,4,2,4,PORTE DE SAINT OUEN,0.0,0.0
201400058165,15,12,14,6,5,75,114,2,1,1,3,PORTE D ORLEANS,0.0,0.0
201400058166,15,12,14,7,5,75,120,2,1,2,4,PORTE DE MONTREUIL,0.0,0.0
201400058167,15,12,14,9,1,75,118,2,1,2,7,PORTE DE LA CHAPELLE,0.0,0.0
201400058168,15,12,14,13,1,75,120,2,1,1,2,PORTE DE MONTREUIL,0.0,0.0
201400058169,15,12,14,14,1,75,119,2,1,2,7,PORTE DE LA VILLETTE,0.0,0.0
201400058170,16,12,14,17,5,75,117,2,1,1,3,PORTE D ASNIERES,0.0,0.0
201400058171,17,12,14,0,5,75,112,2,1,1,6,ECHANGEUR BERCY,0.0,0.0
201400058172,17,12,14,10,1,75,112,2,1,2,3,ECHANGEUR BERCY,0.0,0.0
201400058173,17,12,14,9,1,75,114,2,1,2,4,PORTE DE GENTILLY,0.0,0.0
201400058174,16,12,14,18,5,75,113,2,1,2,2,PORTE D IVRY,0.0,0.0
201400058175,17,12,14,15,1,75,116,2,1,2,3,PORTE DE SAINT CLOUD,0.0,0.0
201400058176,18,12,14,6,5,75,115,2,1,1,4,PORTE BRANCION,0.0,0.0
201400058177,19,12,14,0,5,75,116,2,1,1,6,PORTE DE SAINT CLOUD,0.0,0.0
201400058178,19,12,14,8,1,75,120,2,1,1,3,PORTE DES LILAS,0.0,0.0
201400058179,19,12,14,16,2,75,119,2,1,8,2,PORTE DE LA VILLETTE,0.0,0.0
201400058180,20,12,14,14,1,75,114,2,1,1,4,PORTE BRANCION,0.0,0.0
201400058181,20,12,14,20,5,75,116,2,1,1,4,PORTE DAUPHINE,0.0,0.0
201400058182,22,12,14,1,5,75,117,2,1,1,6,PORTE DE CHAMPERRET,0.0,0.0
201400058183,22,12,14,7,1,75,112,2,4,1,3,ECHANGEUR BERCY,0.0,0.0
201400058184,22,12,14,16,5,75,113,2,1,1,2,QUAI D IVRY,0.0,0.0
201400058185,27,12,14,0,5,75,120,2,1,3,6,ECHANGEUR BAGNOLET,0.0,0.0
201400058186,27,12,14,19,3,75,118,2,1,2,4,PORTE DE CLIGNANCOURT,0.0,0.0
201400058187,28,12,14,19,5,75,113,2,1,1,4,PORTE D IVRY,0.0,0.0
201400058188,29,12,14,15,1,75,119,2,1,1,6,PORTE DE LA VILLETTE,0.0,0.0
201400058189,29,12,14,14,1,75,112,2,1,1,3,PORTE DOREE,0.0,0.0
201400058190,30,12,14,10,1,75,116,2,1,1,6,ECHANGEUR MUETTE,0.0,0.0
201400058191,31,12,14,16,1,75,119,2,1,1,3,PORTE DE PANTIN,0.0,0.0
201400058192,10,1,14,16,1,972,29,2,1,1,6,RN2 anse collat,0.0,0.0
201400058193,8,2,14,15,1,972,5,1,1,1,1,,0.0,0.0
201400058194,15,3,14,9,1,972,29,1,1,1,3,,0.0,0.0
201400058195,19,3,14,21,3,972,29,2,1,1,7,quartier Anse Madame,0.0,0.0
201400058196,21,3,14,8,1,972,34,2,1,1,3,RN2 BOURG BELLEFONTAINE,0.0,0.0
201400058197,21,3,14,10,1,972,29,2,4,1,1,Fond Bernier  - RN 2,0.0,0.0
201400058198,5,5,14,6,1,972,5,2,1,1,2,RN2 choiseul,0.0,0.0
201400058199,27,7,14,22,5,972,29,2,1,1,6,RN 2 - Anse Gouraud,0.0,0.0
201400058200,20,8,14,4,5,972,29,2,1,1,7,bD DU 25 JUIN 1935 - d54,0.0,0.0
201400058201,6,9,14,19,5,972,29,2,1,1,1,route de l'universit?,0.0,0.0
201400058202,4,10,14,1,5,972,5,2,2,1,3,route nationale,0.0,0.0
201400058203,3,11,14,17,1,972,5,1,1,1,1,,0.0,0.0
201400058204,26,1,14,13,1,972,24,2,1,1,1,chemin kevin jeanne rose,0.0,0.0
201400058205,15,2,14,15,1,972,24,2,1,1,6,RN4 Face espace Cartesia,0.0,0.0
201400058206,4,3,14,7,1,972,24,2,1,1,1,quartier Choisy,0.0,0.0
201400058207,11,4,14,18,5,972,24,1,1,1,1,,0.0,0.0
201400058208,15,11,14,14,1,972,24,1,1,1,7,,0.0,0.0
201400058209,30,11,14,5,5,972,24,2,1,1,6,780 VOIE COMMUNALE GOURO,0.0,0.0
201400058210,19,12,14,18,3,972,24,1,1,2,1,,0.0,0.0
201400058211,1,1,14,0,5,972,19,1,1,3,7,,0.0,0.0
201400058212,17,1,14,7,1,972,18,1,1,1,7,,0.0,0.0
201400058213,16,4,14,17,1,972,4,1,1,1,6,,0.0,0.0
201400058214,26,5,14,23,5,972,18,1,1,2,6,,0.0,0.0
201400058215,4,7,14,7,1,972,33,1,1,7,7,,0.0,0.0
201400058216,18,7,14,14,1,972,18,1,1,1,6,,0.0,0.0
201400058217,27,12,14,10,1,972,4,2,1,1,6,avenue G?n?ral de Gaulle,0.0,0.0
201400058218,4,1,14,6,2,972,10,1,1,1,1,,0.0,0.0
201400058219,19,2,14,16,1,972,10,2,1,1,7,Lotissement COTONNERIE,0.0,0.0
201400058220,25,3,14,17,1,972,10,1,1,1,3,,0.0,0.0
201400058221,5,4,14,16,1,972,32,2,1,1,1,quartier ravine plate,0.0,0.0
201400058222,27,5,14,15,1,972,32,2,1,1,3,MORNE CARRIERE,0.0,0.0
201400058223,7,6,14,12,1,972,10,2,1,2,6,RUE HOMERE CLEMENT,0.0,0.0
201400058224,15,7,14,9,1,972,10,1,1,7,1,,0.0,0.0
201400058225,30,7,14,12,1,972,10,2,1,1,3,RN2006,0.0,0.0
201400058226,4,11,14,14,1,972,10,1,1,1,5,,0.0,0.0
201400058227,14,11,14,22,5,972,10,2,1,2,6,,0.0,0.0
201400058228,4,2,14,7,1,972,7,1,1,1,3,,0.0,0.0
201400058229,24,3,14,6,1,972,7,2,1,7,6,morne vert,0.0,0.0
201400058230,18,5,14,11,1,972,7,1,1,1,3,,0.0,0.0
201400058231,13,12,14,23,3,972,7,2,1,1,7,morne vert,0.0,0.0
201400058232,12,6,14,21,5,972,20,1,1,1,7,,0.0,0.0
201400058233,19,9,14,17,2,972,26,1,1,1,1,,0.0,0.0
201400058234,8,12,14,11,1,972,17,1,1,1,1,,0.0,0.0
201400058235,5,9,14,9,1,972,21,2,1,1,1,D7a quartier m?decin,0.0,0.0
201400058236,27,1,14,7,1,972,30,1,1,1,5,,0.0,0.0
201400058237,10,6,14,8,1,972,30,1,1,1,1,,0.0,0.0
201400058238,6,7,14,17,1,972,30,2,1,1,1,route de la mose,0.0,0.0
201400058239,6,9,14,5,2,972,30,1,1,2,5,,0.0,0.0
201400058240,22,10,14,19,5,972,30,2,1,1,3,rue de Beaus?jour,0.0,0.0
201400058241,4,12,14,7,1,972,30,1,6,1,6,,0.0,0.0
201400058242,31,12,14,10,1,972,30,1,1,1,1,,0.0,0.0
201400058243,24,1,14,21,5,972,22,1,1,2,1,,0.0,0.0
201400058244,11,8,14,13,1,972,12,1,1,2,3,,0.0,0.0
201400058245,1,1,14,9,1,972,28,2,1,1,5,quartier cit? union RN1,0.0,0.0
201400058246,7,7,14,21,5,972,28,2,1,1,5,RN1,0.0,0.0
201400058247,8,11,14,16,1,972,28,2,1,1,6,CD25 - BON AIR SUD,0.0,0.0
201400058248,5,12,14,20,3,972,28,1,1,1,3,,0.0,0.0
201400058249,4,4,14,4,3,972,3,1,1,1,6,,0.0,0.0
201400058250,13,5,14,11,1,972,16,1,1,1,6,,0.0,0.0
201400058251,8,6,14,22,5,972,1,2,1,1,6,rue principle - RN3,0.0,0.0
201400058252,14,7,14,17,1,972,15,1,1,1,6,,0.0,0.0
201400058253,16,7,14,10,1,972,15,1,1,1,3,,0.0,0.0
201400058254,16,1,14,20,5,971,4,2,1,1,1,ALLEE DES PERES BLANCS,0.0,0.0
201400058255,27,1,14,19,5,971,24,1,1,2,6,,0.0,0.0
201400058256,24,2,14,11,1,971,24,2,1,1,6,all?e des cocotiers,0.0,0.0
201400058257,30,3,14,2,3,971,24,1,1,1,6,,0.0,0.0
201400058258,29,10,14,1,3,971,24,1,1,1,6,,0.0,0.0
201400058259,8,11,14,23,3,971,24,1,1,2,6,,0.0,0.0
201400058260,23,11,14,4,3,971,24,1,1,3,7,,0.0,0.0
201400058261,4,3,14,19,4,971,34,2,1,1,1,rue Rachez Ongles RN2,0.0,0.0
201400058262,11,3,14,7,1,971,34,1,1,1,6,,0.0,0.0
201400058263,13,3,14,7,1,971,34,2,1,7,2,BOULEVARD DES HABISSOIS,0.0,0.0
201400058264,7,9,14,11,1,971,34,1,1,1,1,,0.0,0.0
201400058265,15,9,14,19,5,971,34,2,1,1,3,Rachez Ongle - RN2,0.0,0.0
201400058266,2,10,14,14,1,971,34,2,1,1,1,"RN2, rue Arnould Nicolas",0.0,0.0
201400058267,17,11,14,18,3,971,34,1,1,2,6,,0.0,0.0
201400058268,11,11,14,12,1,971,6,1,1,1,1,,0.0,0.0
201400058269,12,11,14,10,1,971,6,2,1,1,2,Galet - Malendure,0.0,0.0
201400058270,20,12,14,14,1,971,6,1,1,1,1,,0.0,0.0
201400058271,10,7,14,1,3,971,21,1,1,1,6,,0.0,0.0
201400058272,30,5,14,17,1,971,32,1,1,8,3,,0.0,0.0
201400058273,29,9,14,15,1,971,32,1,1,3,1,,0.0,0.0
201400058274,9,11,14,4,3,971,32,1,1,9,6,,0.0,0.0
201400058275,11,12,14,9,1,971,32,1,1,2,6,,0.0,0.0
201400058276,27,12,14,21,3,971,32,2,1,1,6,la plaine,0.0,0.0
201400058277,10,1,14,21,5,971,7,2,1,8,6,D3,0.0,0.0
201400058278,12,1,14,20,3,971,7,1,1,1,1,,0.0,0.0
201400058279,12,2,14,19,3,971,14,2,1,1,3,RN1,0.0,0.0
201400058280,4,3,14,11,1,971,14,1,1,1,3,,0.0,0.0
201400058281,9,3,14,8,1,971,7,1,6,2,7,,0.0,0.0
201400058282,15,3,14,16,1,971,14,1,1,1,3,,0.0,0.0
201400058283,23,3,14,20,5,971,14,2,1,1,3,rue de la libert?,0.0,0.0
201400058284,29,3,14,14,1,971,14,1,1,1,3,,0.0,0.0
201400058285,10,4,14,17,1,971,7,2,1,1,6,Rue belle eau,0.0,0.0
201400058286,21,5,14,11,1,971,7,1,1,1,5,,0.0,0.0
201400058287,24,5,14,23,3,971,7,1,1,1,7,,0.0,0.0
201400058288,9,7,14,15,1,971,14,2,1,1,1,RUE DE LA LIBERTE,0.0,0.0
201400058289,28,7,14,17,1,971,7,1,1,1,5,,0.0,0.0
201400058290,10,9,14,15,1,971,14,1,1,1,6,,0.0,0.0
201400058291,21,9,14,18,1,971,7,1,1,2,1,,0.0,0.0
201400058292,22,9,14,9,1,971,7,2,1,1,3,BANANIER,0.0,0.0
201400058293,30,9,14,14,1,971,14,1,1,1,1,,0.0,0.0
201400058294,7,10,14,14,1,971,7,1,1,1,6,,0.0,0.0
201400058295,10,10,14,7,3,971,14,1,1,1,6,,0.0,0.0
201400058296,11,10,14,11,3,971,14,1,1,1,6,,0.0,0.0
201400058297,2,11,14,4,3,971,7,2,1,1,3,Sainte Marie,0.0,0.0
201400058298,17,12,14,18,3,971,14,1,1,1,1,,0.0,0.0
201400058299,19,12,14,17,1,971,31,1,1,1,7,,0.0,0.0
201400058300,19,1,14,2,3,971,15,1,1,1,3,,0.0,0.0
201400058301,21,1,14,16,1,971,15,1,1,1,5,,0.0,0.0
201400058302,7,3,14,17,1,971,15,1,1,1,6,,0.0,0.0
201400058303,16,3,14,7,1,971,15,1,1,1,1,,0.0,0.0
201400058304,25,3,14,19,5,971,15,2,1,1,6,Rue du lyc?e,0.0,0.0
201400058305,19,4,14,13,1,971,15,2,1,1,3,La Rosi?re,0.0,0.0
201400058306,7,8,14,2,3,971,15,1,1,1,2,,0.0,0.0
201400058307,30,9,14,14,1,971,15,1,1,1,3,,0.0,0.0
201400058308,25,10,14,17,1,971,15,2,1,7,6,section boyer,0.0,0.0
201400058309,24,10,14,22,3,971,15,1,1,1,7,,0.0,0.0
201400058310,14,11,14,18,3,971,15,1,1,1,5,,0.0,0.0
201400058311,16,11,14,16,1,971,15,1,1,1,1,,0.0,0.0
201400058312,19,1,14,11,1,971,18,1,1,1,1,,0.0,0.0
201400058313,21,1,14,19,2,971,18,1,1,1,6,,0.0,0.0
201400058314,15,3,14,0,3,971,18,2,1,1,1,D2001,0.0,0.0
201400058315,29,5,14,4,3,971,18,1,1,2,2,,0.0,0.0
201400058316,19,6,14,9,1,971,18,1,1,2,1,,0.0,0.0
201400058317,13,7,14,12,1,971,18,2,1,1,2,prise d'eau,0.0,0.0
201400058318,4,11,14,23,3,971,18,1,1,2,6,,0.0,0.0
201400058319,11,11,14,1,3,971,18,1,1,1,1,,0.0,0.0
201400058320,12,11,14,7,1,971,18,1,1,1,1,,0.0,0.0
201400058321,6,1,14,6,1,971,29,1,1,8,6,,0.0,0.0
201400058322,20,2,14,13,1,971,29,2,1,1,6,rue grignan,0.0,0.0
201400058323,7,3,14,19,5,971,29,2,1,1,6,RN 2 Section B?bel,0.0,0.0
201400058324,21,3,14,17,1,971,29,1,1,7,6,,0.0,0.0
201400058325,28,3,14,0,3,971,29,1,1,1,1,,0.0,0.0
201400058326,2,5,14,20,3,971,29,2,1,1,1,Conodor-RN2,0.0,0.0
201400058327,16,5,14,7,1,971,29,1,2,1,6,,0.0,0.0
201400058328,21,5,14,20,5,971,29,2,1,1,6,,0.0,0.0
201400058329,22,5,14,20,3,971,29,1,1,1,6,,0.0,0.0
201400058330,22,6,14,1,5,971,29,1,1,1,3,,0.0,0.0
201400058331,12,7,14,1,5,971,29,1,1,1,6,,0.0,0.0
201400058332,10,12,14,11,1,971,29,1,1,1,1,,0.0,0.0
201400058333,17,12,14,6,1,971,29,2,1,1,1,la boucan - RN2,0.0,0.0
201400058334,16,1,14,7,1,971,28,1,1,1,3,,0.0,0.0
201400058335,7,2,14,11,1,971,12,1,1,1,1,,0.0,0.0
201400058336,9,2,14,1,5,971,8,1,1,1,6,,0.0,0.0
201400058337,6,4,14,1,3,971,12,1,1,1,1,,0.0,0.0
201400058338,26,10,14,19,3,971,8,1,1,1,6,,0.0,0.0
201400058339,25,12,14,5,1,971,26,1,1,2,6,,0.0,0.0
201400058340,11,1,14,12,1,971,17,1,1,1,3,,0.0,0.0
201400058341,11,3,14,22,3,971,17,1,1,1,7,,0.0,0.0
201400058342,10,4,14,16,1,971,17,1,1,1,1,,0.0,0.0
201400058343,12,5,14,15,1,971,17,2,1,1,1,rue du chemin de fer,0.0,0.0
201400058344,30,6,14,9,1,971,17,1,1,3,1,,0.0,0.0
201400058345,21,7,14,15,1,971,17,1,1,7,3,,0.0,0.0
201400058346,21,7,14,16,1,971,17,1,1,1,1,,0.0,0.0
201400058347,27,9,14,15,1,971,17,1,1,1,7,,0.0,0.0
201400058348,6,11,14,9,1,971,17,2,1,1,3,Rue du chemin de fer,0.0,0.0
201400058349,25,1,14,1,3,971,19,1,1,1,1,,0.0,0.0
201400058350,6,2,14,7,1,971,19,1,1,1,3,,0.0,0.0
201400058351,16,2,14,21,5,971,22,2,1,9,6,haut de la montagne,0.0,0.0
201400058352,27,2,14,10,1,971,19,2,2,1,3,Les mangles,0.0,0.0
201400058353,9,3,14,11,5,971,19,1,1,1,1,,0.0,0.0
201400058354,20,6,14,11,1,971,22,1,1,1,6,,0.0,0.0
201400058355,29,6,14,21,3,971,22,1,1,1,6,,0.0,0.0
201400058356,7,7,14,15,1,971,22,1,1,1,6,,0.0,0.0
201400058357,6,7,14,11,1,971,2,1,1,1,6,,0.0,0.0
201400058358,7,8,14,19,5,971,2,2,1,1,1,Rue Joseph Tony,0.0,0.0
201400058359,13,8,14,1,3,971,2,1,1,1,7,,0.0,0.0
201400058360,30,8,14,8,1,971,19,2,1,3,6,G?las - Les Mangles,0.0,0.0
201400058361,4,9,14,21,3,971,22,1,1,1,2,,0.0,0.0
201400058362,8,9,14,8,1,971,19,1,9,1,3,,0.0,0.0
201400058363,10,11,14,23,3,971,19,1,1,1,6,,0.0,0.0
201400058364,12,12,14,16,1,971,19,2,1,1,6,Les Mangles,0.0,0.0
201400058365,1,1,14,5,3,971,25,1,1,1,6,,0.0,0.0
201400058366,5,2,14,6,2,971,25,1,1,1,2,,0.0,0.0
201400058367,1,3,14,10,1,971,25,1,3,1,3,,0.0,0.0