Num_Acc,jour,mois,an,hr,condition_eclairage,departement,commune,condition_agglomeration,intersection,condition_atmosphere,type_collision,adresse,lattitude,longitude
201400058368,5,7,14,23,5,971,25,1,1,1,6,,0.0,0.0
201400058369,28,9,14,17,3,971,25,1,1,1,3,,0.0,0.0
201400058370,12,11,14,12,1,971,25,1,1,1,6,,0.0,0.0
201400058371,13,11,14,17,2,971,25,1,1,1,6,,0.0,0.0
201400058372,26,11,14,15,1,971,25,1,1,1,1,,0.0,0.0
201400058373,23,12,14,8,5,971,25,2,1,1,1,,0.0,0.0
201400058374,24,12,14,17,2,971,25,1,1,2,1,,0.0,0.0
201400058375,21,1,14,10,4,971,26,1,6,1,3,,0.0,0.0
201400058376,15,2,14,15,1,971,26,1,1,1,1,,0.0,0.0
201400058377,1,3,14,19,5,971,26,2,4,1,3,Galbas,0.0,0.0
201400058378,19,3,14,12,1,971,28,1,1,1,6,,0.0,0.0
201400058379,12,4,14,17,1,971,26,1,1,1,5,,0.0,0.0
201400058380,14,4,14,16,1,971,26,1,1,1,3,,0.0,0.0
201400058381,27,4,14,8,1,971,28,1,1,1,3,,0.0,0.0
201400058382,24,5,14,18,2,971,28,1,1,1,3,,0.0,0.0
201400058383,31,5,14,22,3,971,2,1,1,1,6,,0.0,0.0
201400058384,1,6,14,21,5,971,28,1,1,1,3,,0.0,0.0
201400058385,2,6,14,12,1,971,26,2,1,1,1,Durivage,0.0,0.0
201400058386,18,7,14,21,5,971,26,1,1,1,3,,0.0,0.0
201400058387,25,8,14,20,5,971,28,1,1,1,3,,0.0,0.0
201400058388,22,9,14,18,2,971,26,1,1,1,1,,0.0,0.0
201400058389,7,10,14,12,1,971,26,2,1,1,7,Lotissement Marly,0.0,0.0
201400058390,24,10,14,22,3,971,26,1,1,1,1,,0.0,0.0
201400058391,31,10,14,17,5,971,28,1,1,1,6,,0.0,0.0
201400058392,26,11,14,21,5,971,28,1,1,1,1,,0.0,0.0
201400058393,1,12,14,10,5,971,26,2,1,1,2,section le helleux chemi,0.0,0.0
201400058394,4,12,14,10,2,971,26,1,1,1,3,,0.0,0.0
201400058395,31,12,14,9,5,971,16,2,1,1,6,,0.0,0.0
201400058396,25,1,14,15,1,971,16,1,1,1,1,,0.0,0.0
201400058397,1,2,14,22,3,971,16,1,1,1,1,,0.0,0.0
201400058398,6,2,14,22,5,971,16,1,1,1,2,,0.0,0.0
201400058399,4,3,14,0,5,971,16,1,1,1,4,,0.0,0.0
201400058400,14,3,14,5,5,971,16,2,1,1,7,RN 6 - Canal des Rotours,0.0,0.0
201400058401,30,3,14,21,3,971,16,1,1,1,1,,0.0,0.0
201400058402,19,4,14,1,5,971,16,2,1,1,7,boulevard nelson mandela,0.0,0.0
201400058403,20,4,14,12,1,971,16,1,1,1,3,,0.0,0.0
201400058404,22,5,14,5,2,971,16,1,1,1,1,,0.0,0.0
201400058405,7,6,14,21,5,971,16,2,1,1,5,ancienne route Lasserre,0.0,0.0
201400058406,23,6,14,23,3,971,16,1,1,1,1,,0.0,0.0
201400058407,17,7,14,19,3,971,16,1,1,1,3,,0.0,0.0
201400058408,29,7,14,17,1,971,16,1,1,1,1,,0.0,0.0
201400058409,26,9,14,19,5,971,16,2,1,1,3,Cocoyer,0.0,0.0
201400058410,11,10,14,2,5,971,16,2,1,1,1,Route de marieulle,0.0,0.0
201400058411,24,11,14,11,1,971,16,1,1,1,1,,0.0,0.0
201400058412,11,2,14,7,1,973,5,1,1,8,2,,0.0,0.0
201400058413,1,3,14,22,5,973,5,1,1,1,3,,0.0,0.0
201400058414,23,3,14,11,1,973,5,1,1,1,1,,0.0,0.0
201400058415,15,5,14,21,3,973,5,1,1,1,3,,0.0,0.0
201400058416,9,6,14,17,1,973,5,1,1,1,1,,0.0,0.0
201400058417,1,7,14,17,1,973,5,1,1,1,1,,0.0,0.0
201400058418,26,7,14,6,2,973,5,1,1,1,1,,0.0,0.0
201400058419,21,7,14,18,1,973,5,1,1,1,3,,0.0,0.0
201400058420,6,11,14,7,1,973,5,1,1,1,2,,0.0,0.0
201400058421,14,11,14,16,1,973,13,1,1,1,2,,0.0,0.0
201400058422,21,11,14,17,1,973,13,1,1,1,2,,0.0,0.0
201400058423,12,2,14,15,1,973,4,2,1,1,6,,0.0,0.0
201400058424,14,8,14,5,2,973,4,1,1,1,1,,0.0,0.0
201400058425,30,8,14,9,1,973,4,2,1,1,3,Avenue Guidiglo,0.0,0.0
201400058426,21,9,14,15,1,973,4,2,9,1,1,4 avenue  De Gaulle,0.0,0.0
201400058427,20,10,14,5,2,973,4,1,1,1,1,,0.0,0.0
201400058428,24,11,14,3,3,973,4,1,1,1,7,,0.0,0.0
201400058429,7,12,14,14,1,973,4,2,1,1,7,Avenue de France,0.0,0.0
201400058430,9,1,14,17,1,973,12,1,1,1,6,,0.0,0.0
201400058431,7,4,14,18,1,973,12,2,1,1,3,rue Inkerman,0.0,0.0
201400058432,8,6,14,17,1,973,12,1,1,1,7,,0.0,0.0
201400058433,18,7,14,5,3,973,12,1,1,1,7,,0.0,0.0
201400058434,10,12,14,17,1,973,12,2,3,1,3,Rues VERDEROSA / BASTIE,0.0,0.0
201400058435,10,1,14,22,3,973,3,1,1,2,6,,0.0,0.0
201400058436,28,3,14,15,1,973,3,1,1,1,2,,0.0,0.0
201400058437,4,4,14,16,3,973,8,1,1,8,1,,0.0,0.0
201400058438,5,12,14,20,3,973,8,2,1,8,7,RN2,0.0,0.0
201400058439,28,9,14,12,1,973,10,2,1,1,2,D6,0.0,0.0
201400058440,18,1,14,0,5,973,11,2,1,1,3,avenue Symphorien,0.0,0.0
201400058441,26,1,14,19,5,973,11,2,1,1,6,rue Hector Rivierez,0.0,0.0
201400058442,12,2,14,13,1,973,11,2,1,1,1,"Symphorien,lavandiers",0.0,0.0
201400058443,10,3,14,20,5,973,11,1,9,1,3,,0.0,0.0
201400058444,26,3,14,22,5,973,11,2,1,1,6,all?e des bombarac?es,0.0,0.0
201400058445,2,4,14,15,1,973,11,2,1,1,3,boulevard du Maroni,0.0,0.0
201400058446,21,4,14,12,1,973,11,2,9,1,6,route de Saint Maurice,0.0,0.0
201400058447,26,4,14,15,1,973,11,1,1,1,7,,0.0,0.0
201400058448,10,5,14,20,5,973,11,2,1,1,3,PAUL CASTAING/GLYCERIAS,0.0,0.0
201400058449,13,5,14,20,5,973,11,2,1,1,3,rue des maripas,0.0,0.0
201400058450,25,5,14,0,5,973,11,2,1,1,6,avenue F?lix Ebou?,0.0,0.0
201400058451,7,6,14,15,1,973,11,2,1,1,6,15 bd du maroni,0.0,0.0
201400058452,2,9,14,15,1,973,11,2,1,1,2,,0.0,0.0
201400058453,6,9,14,21,5,973,11,2,1,1,3,avenue Symphorien,0.0,0.0
201400058454,13,9,14,22,5,973,11,2,1,1,3,all?e du lac bleu,0.0,0.0
201400058455,21,9,14,6,1,973,11,1,1,1,6,,0.0,0.0
201400058456,27,10,14,22,5,973,11,2,1,1,1,Avenue GASTON MONNERVILL,0.0,0.0
201400058457,21,12,14,2,5,973,11,2,1,1,3,avenue de la Marne,0.0,0.0
201400058458,21,4,14,19,3,973,6,1,1,2,2,,0.0,0.0
201400058459,15,5,14,11,1,973,6,1,1,1,7,,0.0,0.0
201400058460,13,8,14,14,1,973,6,1,1,1,7,,0.0,0.0
201400058461,24,8,14,20,3,973,6,1,1,1,1,,0.0,0.0
201400058462,16,11,14,19,3,973,6,1,1,1,7,,0.0,0.0
201400058463,26,11,14,5,3,973,6,1,1,1,2,,0.0,0.0
201400058464,31,12,14,21,3,974,8,1,1,1,1,,0.0,0.0
201400058465,4,5,14,15,1,974,8,2,1,1,7,chemin boeuf mort,0.0,0.0
201400058466,15,5,14,7,1,974,8,2,1,1,2,Avenue de La Palestine,0.0,0.0
201400058467,29,5,14,12,1,974,8,1,1,1,2,,0.0,0.0
201400058468,26,4,14,20,4,974,20,1,1,1,6,,0.0,0.0
201400058469,9,6,14,12,1,974,20,1,1,1,1,,0.0,0.0
201400058470,9,8,14,23,5,974,18,1,1,1,1,,0.0,0.0
201400058471,20,8,14,16,1,974,18,2,1,1,1,rue Antoine Roussin,0.0,0.0
201400058472,14,9,14,0,3,974,20,1,1,1,6,,0.0,0.0
201400058473,10,10,14,18,3,974,20,2,1,1,5,,0.0,0.0
201400058474,20,11,14,18,3,974,18,2,1,1,1,route tabur,0.0,0.0
201400058475,25,11,14,7,1,974,20,1,2,1,5,,0.0,0.0
201400058476,8,12,14,18,1,974,18,2,1,1,3,62 R. DE LA GDE MONTEE,0.0,0.0
201400058477,4,2,14,5,2,974,10,2,6,1,6,RN2 ROND POINT DE BRAS C,0.0,0.0
201400058478,22,4,14,14,1,974,10,2,1,1,6,chemin pr?voisy,0.0,0.0
201400058479,27,4,14,16,1,974,10,1,1,2,3,,0.0,0.0
201400058480,5,6,14,11,1,974,10,1,1,1,1,,0.0,0.0
201400058481,14,6,14,19,5,974,10,2,1,1,6,rue Furcy Pitou,0.0,0.0
201400058482,17,6,14,12,1,974,10,1,1,1,6,,0.0,0.0
201400058483,3,7,14,19,3,974,10,1,1,1,6,,0.0,0.0
201400058484,5,7,14,13,5,974,10,2,1,1,1,ROND POINT BRAS CANOT,0.0,0.0
201400058485,12,7,14,15,1,974,10,1,1,1,6,,0.0,0.0
201400058486,27,8,14,12,1,974,10,2,1,1,2,,0.0,0.0
201400058487,19,10,14,10,1,974,10,1,1,3,1,,0.0,0.0
201400058488,10,10,14,20,3,974,2,1,1,1,6,,0.0,0.0
201400058489,19,11,14,20,5,974,2,1,1,1,3,,0.0,0.0
201400058490,8,5,14,20,3,974,19,1,1,3,6,,0.0,0.0
201400058491,28,6,14,8,1,974,19,2,1,1,1,ravine glissante,0.0,0.0
201400058492,11,7,14,20,3,974,19,1,1,1,6,,0.0,0.0
201400058493,24,11,14,15,1,974,19,2,1,1,1,chemin du petit brul?,0.0,0.0
201400058494,10,2,14,19,3,974,21,1,1,1,6,,0.0,0.0
201400058495,14,2,14,16,1,974,21,1,1,2,7,,0.0,0.0
201400058496,3,3,14,15,1,974,21,2,1,1,6,Rue GeorgesPOMPIDOU,0.0,0.0
201400058497,17,5,14,7,1,974,6,2,1,7,6,7 rue de l'?glise,0.0,0.0
201400058498,29,1,14,14,3,974,15,1,1,1,6,,0.0,0.0
201400058499,16,2,14,16,1,974,15,1,1,1,5,,0.0,0.0
201400058500,10,3,14,5,3,974,15,1,1,1,6,,0.0,0.0
201400058501,29,3,14,1,3,974,15,1,1,1,3,,0.0,0.0
201400058502,28,3,14,17,1,974,15,2,1,1,5,Chauss?e royale,0.0,0.0
201400058503,18,5,14,12,1,974,15,1,1,1,6,,0.0,0.0
201400058504,29,5,14,19,3,974,15,1,1,1,1,Route de Bois de Nèfles,0.0,0.0
201400058505,27,6,14,14,1,974,15,2,1,1,3,chauss?e royale,0.0,0.0
201400058506,16,8,14,4,3,974,15,2,1,1,7,Chemin pavad? -Savanna,0.0,0.0
201400058507,21,8,14,22,3,974,15,1,1,1,1,,0.0,0.0
201400058508,7,9,14,18,1,974,15,1,6,1,5,,0.0,0.0
201400058509,8,9,14,17,1,974,15,1,2,1,1,,0.0,0.0
201400058510,10,9,14,15,1,974,15,2,1,1,6,Chemin Pav?,0.0,0.0
201400058511,28,9,14,17,1,974,15,2,1,1,3,,0.0,0.0
201400058512,8,11,14,11,1,974,15,2,1,1,3,,0.0,0.0
201400058513,14,12,14,1,3,974,15,1,1,1,6,,0.0,0.0
201400058514,5,1,14,4,3,974,15,1,1,1,6,,0.0,0.0
201400058515,20,4,14,19,3,974,15,1,1,1,3,,0.0,0.0
201400058516,26,4,14,0,5,974,15,2,1,1,3,52 rue du G. De Gaulle,0.0,0.0
201400058517,14,5,14,13,1,974,15,1,1,1,3,,0.0,0.0
201400058518,5,6,14,19,3,974,15,2,1,1,3,av du G?n?ral de Gaulle,0.0,0.0
201400058519,26,7,14,6,1,974,15,1,1,1,1,,0.0,0.0
201400058520,26,8,14,18,3,974,15,1,1,3,1,,0.0,0.0
201400058521,6,10,14,12,1,974,15,1,1,1,6,,0.0,0.0
201400058522,7,10,14,4,3,974,15,1,1,1,6,,0.0,0.0
201400058523,13,10,14,14,1,974,15,1,1,1,5,,0.0,0.0
201400058524,19,12,14,20,3,974,15,1,1,8,3,,0.0,0.0
201400058525,23,3,14,6,2,974,23,1,1,2,7,,0.0,0.0
201400058526,21,6,14,8,1,974,15,2,1,1,6,rue jean albany,0.0,0.0
201400058527,16,7,14,16,1,974,15,1,1,1,1,,0.0,0.0
201400058528,19,11,14,12,1,974,15,1,1,1,7,,0.0,0.0
201400058529,9,12,14,14,1,974,22,2,1,1,1,195 rue Marius LEBLOND,0.0,0.0
201400058530,12,1,14,0,5,974,14,2,1,1,6,rue Pigas,0.0,0.0
201400058531,25,1,14,16,1,974,14,1,1,1,6,,0.0,0.0
201400058532,19,10,14,18,1,974,14,2,1,1,3,189 avenue principale,0.0,0.0
201400058533,22,10,14,6,1,974,14,2,3,1,1,"route de cilaos, RN5",0.0,0.0
201400058534,27,2,14,8,1,974,14,2,1,1,3,rue du Ouaki,0.0,0.0
201400058535,9,4,14,11,3,974,14,1,1,1,6,,0.0,0.0
201400058536,12,4,14,1,3,974,14,2,1,3,6,av dr Raymond Verg?s,0.0,0.0
201400058537,3,5,14,4,3,974,14,1,1,1,6,,0.0,0.0
201400058538,7,5,14,3,5,974,14,2,1,1,2,Rue Leconte Delisle,0.0,0.0
201400058539,22,5,14,19,5,974,14,2,1,1,6,boulevard front de mer,0.0,0.0
201400058540,29,5,14,0,3,974,14,2,1,1,3,RN5,0.0,0.0
201400058541,28,6,14,14,1,974,14,1,1,1,1,,0.0,0.0
201400058542,16,1,14,19,3,974,22,1,1,1,7,,0.0,0.0
201400058543,13,4,14,12,1,974,49,1,1,2,6,,0.0,0.0
201400058544,11,5,14,9,1,974,22,1,1,1,1,,0.0,0.0
201400058545,15,6,14,9,1,974,22,2,3,1,3,160 chemin des acacias,0.0,0.0
201400058546,17,8,14,12,1,974,49,1,1,1,6,,0.0,0.0
201400058547,11,3,14,10,1,974,12,1,1,1,1,,0.0,0.0
201400058548,25,3,14,10,1,974,12,2,1,1,3,RN2 rue rapha?l BABET ST,0.0,0.0
201400058549,4,4,14,17,1,974,5,2,1,1,6,Mah? de la bourdonnais,0.0,0.0
201400058550,23,4,14,1,1,974,5,1,1,7,6,,0.0,0.0
201400058551,20,5,14,20,3,974,12,1,1,1,7,,0.0,0.0
201400058552,4,6,14,17,1,974,12,1,1,1,6,,0.0,0.0
201400058553,12,6,14,11,1,974,5,1,6,1,2,,0.0,0.0
201400058554,22,6,14,11,1,974,12,1,1,1,6,,0.0,0.0
201400058555,3,12,14,11,1,974,12,1,1,1,1,,0.0,0.0
201400058556,13,2,14,8,1,974,22,1,1,1,1,,0.0,0.0
201400058557,19,3,14,21,3,974,22,1,1,1,6,,0.0,0.0
201400058558,19,4,14,21,5,974,22,2,1,1,3,Avenue G?n?ral DE GAULLE,0.0,0.0
201400058559,10,6,14,16,1,974,22,1,1,1,3,,0.0,0.0
201400058560,27,6,14,22,5,974,22,2,1,1,1,rue de l'Europe,0.0,0.0
201400058561,26,9,14,22,5,974,22,2,6,1,3,rue hubert DELISLE,0.0,0.0
201400058562,28,11,14,18,2,974,22,2,1,1,1,RUE U GENERAL AILLERET,0.0,0.0
201400058563,28,11,14,20,5,974,22,2,1,1,3,190 CHARLES BAUDELAIRE,0.0,0.0
201400058564,12,1,14,15,1,976,11,1,1,8,3,,0.0,0.0
201400058565,5,4,14,4,3,976,11,1,1,1,1,,0.0,0.0
201400058566,3,5,14,7,1,976,11,2,1,1,6,rue de la MJC,0.0,0.0
201400058567,8,5,14,18,2,976,11,1,1,1,1,,0.0,0.0
201400058568,15,12,14,17,1,976,11,1,1,1,1,,0.0,0.0
201400058569,18,12,14,16,1,976,11,2,1,1,6,,0.0,0.0
201400058570,28,4,14,19,3,976,15,1,1,1,6,,0.0,0.0
201400058571,25,9,14,8,5,976,11,1,1,1,6,,0.0,0.0
201400058572,1,12,14,13,1,976,15,2,1,1,3,Rue du Lyc?e,0.0,0.0
201400058573,12,1,14,12,1,976,16,1,1,1,5,,0.0,0.0
201400058574,17,8,14,20,5,976,16,2,1,1,6,Merereni,0.0,0.0
201400058575,13,11,14,22,3,976,16,2,1,1,1,ccd1-COMBANI,0.0,0.0
201400058576,22,1,14,14,1,971,3,1,1,1,3,,0.0,0.0
201400058577,16,2,14,21,3,971,4,1,1,1,6,,0.0,0.0
201400058578,26,2,14,20,3,971,3,1,1,1,6,,0.0,0.0
201400058579,12,3,14,17,2,971,3,1,1,1,2,,0.0,0.0
201400058580,3,4,14,19,3,971,3,1,1,1,5,,0.0,0.0
201400058581,17,4,14,4,5,971,3,1,1,2,4,,0.0,0.0
201400058582,3,5,14,11,1,971,3,1,1,1,1,,0.0,0.0
201400058583,21,5,14,19,5,971,3,1,1,1,6,,0.0,0.0
201400058584,28,5,14,19,3,971,3,1,1,1,1,,0.0,0.0
201400058585,19,7,14,0,3,971,3,1,1,1,7,,0.0,0.0
201400058586,31,7,14,0,3,971,3,1,1,1,6,,0.0,0.0
201400058587,25,8,14,2,5,971,3,1,1,2,6,,0.0,0.0
201400058588,10,9,14,21,3,971,3,1,1,1,6,,0.0,0.0
201400058589,23,10,14,6,1,971,3,2,6,1,5,rond point de houelbourg,0.0,0.0
201400058590,14,11,14,15,1,971,3,2,1,1,1,rue Jean Jaur?s,0.0,0.0
201400058591,4,10,14,17,1,973,60,2,3,1,3,rue mitterrand,0.0,0.0
201400058592,31,1,14,16,1,976,12,2,1,1,6,Dzoumogn?,0.0,0.0
201400058593,23,3,14,18,5,976,12,2,1,1,3,RN 01 M'tsahara,0.0,0.0
201400058594,28,3,14,16,1,976,12,2,1,2,1,Route nationale 1,0.0,0.0
201400058595,9,5,14,2,3,976,12,1,1,1,7,,0.0,0.0
201400058596,27,7,14,15,1,976,12,1,1,1,1,,0.0,0.0
201400058597,29,11,14,13,1,976,12,2,1,1,6,,0.0,0.0
201400058598,10,1,14,12,1,976,4,2,1,1,1,"Routa nationale, lyc?e",0.0,0.0
201400058599,2,3,14,15,1,976,4,1,1,1,3,,0.0,0.0
201400058600,24,3,14,21,3,976,4,1,1,3,6,,0.0,0.0
201400058601,1,5,14,20,3,976,4,1,1,1,1,,0.0,0.0
201400058602,13,5,14,5,2,976,3,1,1,1,1,,0.0,0.0
201400058603,17,5,14,8,1,976,4,2,1,1,7,Poltela,0.0,0.0
201400058604,3,8,14,18,2,976,4,1,1,1,7,,0.0,0.0
201400058605,4,8,14,8,1,976,4,1,1,1,5,,0.0,0.0
201400058606,15,8,14,8,1,976,4,1,9,1,5,,0.0,0.0
201400058607,6,11,14,13,1,976,4,2,1,1,6,route nationale 3,0.0,0.0
201400058608,29,11,14,11,1,976,4,1,1,1,5,,0.0,0.0
201400058609,15,12,14,15,1,976,4,2,1,1,6,MRAMADOUDOU,0.0,0.0
201400058610,20,12,14,11,1,976,4,1,1,1,2,,0.0,0.0
201400058611,6,1,14,10,1,973,9,2,1,1,4,route de Montjoly,0.0,0.0
201400058612,11,1,14,11,1,973,9,2,1,1,3,rue Sylvestre Lixef,0.0,0.0
201400058613,28,1,14,14,1,973,9,2,1,1,6,AVENUE MICHOTTE,0.0,0.0
201400058614,30,1,14,15,1,973,9,1,1,1,1,,0.0,0.0
201400058615,3,2,14,10,1,973,9,2,1,1,3,route de remire,0.0,0.0
201400058616,17,2,14,0,5,973,9,2,1,1,3,AVENUE GASTON MONNERVILL,0.0,0.0
201400058617,28,3,14,12,1,973,9,1,1,1,3,,0.0,0.0
201400058618,27,3,14,19,5,973,9,2,1,1,1,Route de R?mire,0.0,0.0
201400058619,8,5,14,10,1,973,9,2,1,1,6,255 rue St Ange Methon,0.0,0.0
201400058620,5,6,14,22,5,973,9,2,1,8,3,rue lixef,0.0,0.0
201400058621,11,7,14,14,1,973,9,2,1,1,7,Route de R?mire,0.0,0.0
201400058622,6,7,14,19,3,973,9,2,1,1,7,avenue Cyprien Gildon,0.0,0.0
201400058623,15,7,14,8,1,973,9,1,1,1,3,,0.0,0.0
201400058624,30,7,14,16,1,973,9,2,1,1,7,Route de R?mire,0.0,0.0
201400058625,10,8,14,11,1,973,9,2,1,1,3,route de remire,0.0,0.0
201400058626,30,8,14,20,5,973,9,2,1,1,3,avenue G. Monnerville,0.0,0.0
201400058627,4,9,14,17,1,973,9,2,1,1,1,Avenue Morne Coco,0.0,0.0
201400058628,24,9,14,6,1,973,9,2,1,1,3,Avenue Leon Gontran Dama,0.0,0.0
201400058629,24,9,14,21,5,973,9,2,1,1,3,route de Montjoly,0.0,0.0
201400058630,7,10,14,15,1,973,9,1,1,2,5,,0.0,0.0
201400058631,26,10,14,6,2,973,9,2,1,1,6,962 route des plages RD1,0.0,0.0
201400058632,14,11,14,1,5,973,9,1,1,1,1,,0.0,0.0
201400058633,24,11,14,20,5,973,9,2,1,1,3,Route de Montjoly,0.0,0.0
201400058634,27,12,14,21,5,973,9,2,1,1,3,,0.0,0.0
201400058635,21,12,14,21,3,974,15,1,1,1,6,,0.0,0.0
201400058636,23,5,14,17,2,974,13,1,1,2,5,,0.0,0.0
201400058637,31,5,14,12,1,974,13,2,1,1,5,Adrien Lagourgue,0.0,0.0
201400058638,17,7,14,6,1,974,13,2,1,1,6,rue de la cie des indes,0.0,0.0
201400058639,18,11,14,18,2,974,13,2,1,1,1,rue alexandre b?gue,0.0,0.0
201400058640,1,12,14,16,1,974,13,2,6,1,1,Rue du general Lambert,0.0,0.0
201400058641,17,2,14,5,3,973,4,1,1,1,6,,0.0,0.0
201400058642,15,3,14,10,1,973,4,1,1,1,2,,0.0,0.0
201400058643,1,4,14,13,1,973,4,1,1,1,1,,0.0,0.0
201400058644,6,4,14,3,3,973,4,1,1,1,1,,0.0,0.0
201400058645,22,4,14,11,1,973,4,1,1,3,3,,0.0,0.0
201400058646,27,5,14,14,1,973,4,2,1,1,3,rue blaise cendrars,0.0,0.0
201400058647,20,6,14,4,5,973,4,1,1,2,1,,0.0,0.0
201400058648,2,1,14,18,5,973,7,2,1,1,1,rue des Tropiques,0.0,0.0
201400058649,9,1,14,20,5,973,7,2,1,1,5,RN2/RUE DES TAMARINS,0.0,0.0
201400058650,30,1,14,15,5,973,7,2,1,2,2,Route nationale 2 PK 1.1,0.0,0.0
201400058651,10,2,14,1,3,973,7,1,1,2,7,,0.0,0.0
201400058652,21,2,14,7,1,973,7,1,1,1,1,,0.0,0.0
201400058653,26,3,14,7,1,973,7,2,2,1,3,rue champ de cannes,0.0,0.0
201400058654,5,4,14,15,1,973,7,1,1,1,6,,0.0,0.0
201400058655,16,4,14,17,5,973,7,1,1,1,1,,0.0,0.0
201400058656,3,5,14,12,1,973,7,2,1,1,5,PK05 - RN 02,0.0,0.0
201400058657,25,5,14,20,4,973,7,2,1,2,3,RN2 PK5,0.0,0.0
201400058658,23,6,14,6,2,973,7,1,1,3,6,,0.0,0.0
201400058659,22,6,14,23,3,973,7,1,1,2,6,,0.0,0.0
201400058660,18,7,14,6,1,973,7,2,1,1,1,route nationale 4,0.0,0.0
201400058661,19,7,14,19,5,973,7,2,2,1,3,,0.0,0.0
201400058662,28,8,14,12,1,973,7,2,1,1,6,RUE DE LA CABRESE,0.0,0.0
201400058663,29,8,14,11,1,973,7,1,1,1,3,,0.0,0.0
201400058664,30,8,14,22,3,973,7,1,1,1,1,,0.0,0.0
201400058665,8,11,14,8,1,973,7,1,1,1,2,,0.0,0.0
201400058666,8,11,14,16,1,973,7,1,1,1,1,,0.0,0.0
201400058667,20,11,14,18,1,973,7,2,1,1,1,intersection Bagasse RN2,0.0,0.0
201400058668,1,12,14,9,1,973,7,2,1,1,3,Int. RN2/Rue Bagasse,0.0,0.0
201400058669,28,2,14,20,3,974,15,2,1,1,6,"203, rue du cendragon",0.0,0.0
201400058670,7,11,14,15,1,974,15,1,1,1,2,,0.0,0.0
201400058671,25,11,14,12,1,974,15,1,1,1,5,,0.0,0.0
201400058672,10,12,14,17,2,974,15,1,1,2,1,,0.0,0.0
201400058673,30,7,14,17,1,974,15,2,1,1,7,rue prisami,0.0,0.0
201400058674,25,5,14,18,1,972,30,2,1,1,1,Tartane,0.0,0.0
201400058675,5,4,14,0,3,974,1,1,1,1,7,,0.0,0.0
201400058676,3,2,14,11,1,974,13,1,1,1,3,,0.0,0.0
201400058677,17,3,14,9,1,974,13,1,1,1,3,,0.0,0.0
201400058678,24,5,14,12,1,974,13,1,1,1,6,,0.0,0.0
201400058679,24,10,14,13,1,974,13,1,1,1,3,,0.0,0.0
201400058680,9,2,14,7,1,971,32,1,1,1,1,,0.0,0.0
201400058681,15,3,14,23,5,971,32,1,1,1,1,,0.0,0.0
201400058682,8,7,14,11,1,971,9,1,1,1,3,,0.0,0.0
201400058683,21,9,14,15,1,971,9,1,1,1,3,,0.0,0.0
201400058684,20,9,14,17,1,974,14,2,1,7,6,Rue cartouche,0.0,0.0
201400058685,27,10,14,14,1,974,14,2,1,1,1,Chemin Champignons,0.0,0.0
201400058686,29,11,14,9,1,974,14,1,1,1,6,,0.0,0.0
201400058687,5,12,14,23,3,974,14,2,1,1,3,,0.0,0.0
201400058688,17,8,14,10,1,974,14,1,1,1,3,,0.0,0.0
201400058689,23,2,14,9,1,974,14,2,1,1,5,72 rue du ouaki - La riv,0.0,0.0
201400058690,17,4,14,14,1,974,14,1,1,1,7,,0.0,0.0
201400058691,21,4,14,12,1,974,14,2,1,1,1,12 rue Verval - La Rivi?,0.0,0.0
201400058692,19,1,14,16,1,974,10,1,1,1,1,,0.0,0.0
201400058693,14,2,14,23,5,974,10,2,1,1,1,rn2 pk42+700,0.0,0.0
201400058694,22,8,14,15,1,972,34,1,1,1,1,,0.0,0.0
201400058695,30,8,14,18,3,972,34,1,1,1,3,,0.0,0.0
201400058696,27,9,14,15,1,972,34,1,1,1,3,,0.0,0.0
201400058697,12,1,14,6,1,972,17,1,1,1,3,,0.0,0.0
201400058698,19,4,14,13,1,972,27,1,1,1,7,,0.0,0.0
201400058699,8,5,14,16,1,972,26,1,1,1,6,,0.0,0.0
201400058700,24,5,14,11,1,972,26,1,1,1,6,,0.0,0.0
201400058701,31,7,14,22,5,972,17,2,1,1,5,,0.0,0.0
201400058702,24,8,14,15,2,972,26,1,1,1,1,,0.0,0.0
201400058703,19,11,14,13,1,972,27,2,1,1,1,RN 5,0.0,0.0
201400058704,25,11,14,7,1,972,17,2,9,1,3,la agn?s,0.0,0.0
201400058705,8,12,14,13,1,972,20,1,1,1,6,,0.0,0.0
201400058706,11,12,14,16,1,972,27,1,1,1,1,,0.0,0.0
201400058707,29,12,14,0,3,972,27,2,1,8,1,rn5,0.0,0.0
201400058708,29,12,14,18,4,972,26,1,1,1,3,,0.0,0.0
201400058709,4,3,14,19,3,972,31,1,1,1,1,,0.0,0.0
201400058710,26,3,14,16,1,972,21,1,1,1,1,,0.0,0.0
201400058711,12,4,14,17,1,972,31,1,1,7,3,,0.0,0.0
201400058712,5,6,14,8,1,972,21,2,1,1,6,rte morne coste,0.0,0.0
201400058713,21,6,14,8,4,972,31,1,1,1,7,,0.0,0.0
201400058714,27,6,14,19,3,972,31,2,1,1,6,quartier beaufond,0.0,0.0
201400058715,29,6,14,18,1,972,21,2,1,1,1,RD7,0.0,0.0
201400058716,13,8,14,14,1,972,2,1,1,1,1,,0.0,0.0
201400058717,29,11,14,4,3,972,21,2,1,1,1,RUE MORNE COSTET,0.0,0.0
201400058718,13,12,14,12,1,972,21,1,1,1,4,,0.0,0.0
201400058719,28,3,14,11,1,972,23,2,1,1,6,RD6 Route du Fran?ois,0.0,0.0
201400058720,1,4,14,12,1,972,7,2,1,1,7,Route de Bac,0.0,0.0
201400058721,26,4,14,18,5,972,7,2,1,1,1,RUE ZIZINE DES ETAGES,0.0,0.0
201400058722,7,7,14,12,1,972,7,1,1,1,7,,0.0,0.0