Num_Acc,jour,mois,an,hr,condition_eclairage,departement,commune,condition_agglomeration,intersection,condition_atmosphere,type_collision,adresse,lattitude,longitude
201400058723,13,9,14,2,3,972,7,1,9,2,1,,0.0,0.0
201400058724,30,4,14,13,1,972,1,1,1,1,6,,0.0,0.0
201400058725,3,5,14,13,1,972,16,1,1,1,1,,0.0,0.0
201400058726,4,9,14,19,3,972,14,1,1,1,6,,0.0,0.0
201400058727,16,9,14,23,5,972,14,1,1,1,1,,0.0,0.0
201400058728,23,9,14,21,3,972,14,1,1,1,1,,0.0,0.0
201400058729,6,4,14,0,5,972,22,1,1,8,1,,0.0,0.0
201400058730,8,6,14,23,5,972,22,2,1,1,6,quartier mansarde,0.0,0.0
201400058731,2,8,14,17,1,972,22,1,1,1,1,,0.0,0.0
201400058732,22,9,14,11,1,972,12,1,1,1,1,,0.0,0.0
201400058733,25,10,14,13,1,972,12,2,1,1,6,PETITE TRACEE 2,0.0,0.0
201400058734,23,12,14,18,5,972,22,2,1,1,3,boulevard Edouard PIDERY,0.0,0.0
201400058735,25,5,14,2,5,974,1,2,1,1,6,Route Ravine Sèche,0.0,0.0
201400058736,29,4,14,5,1,974,22,2,6,1,3,Rue Marius et Ary Leblon,0.0,0.0
201400058737,22,11,14,0,3,974,22,2,1,1,1,AVENUE DE L EUROPE,0.0,0.0
201400058738,27,11,14,11,1,974,22,2,1,1,2,155 rue georges pompidou,0.0,0.0
201400058739,22,11,14,17,1,973,62,1,1,1,6,,0.0,0.0
201400058740,6,1,14,17,1,971,5,2,1,1,4,FELIX EBOUE (BOULVARD G.,0.0,0.0
201400058741,15,1,14,19,5,971,5,2,1,1,6,SAINT-CLAUDE (AVENUE DE),0.0,0.0
201400058742,16,1,14,20,5,971,2,2,1,8,6,", HOCHIMINH  (RUE)",0.0,0.0
201400058743,15,2,14,22,5,971,5,2,1,1,6,CHARLES DE GAULLE (BD DU,0.0,0.0
201400058744,17,2,14,11,1,971,5,2,1,1,3,PAUL LACAVE (AVENUE ),0.0,0.0
201400058745,18,2,14,14,1,971,5,2,1,3,3,PERE LABAT (RUE DU),0.0,0.0
201400058746,20,2,14,18,5,971,5,2,1,1,5,"NR, PERES DOMINICAINS(AV",0.0,0.0
201400058747,21,2,14,22,5,971,5,2,6,1,3,GOUVERNEUR DU LYON (AVE),0.0,0.0
201400058748,23,2,14,22,5,971,5,2,1,1,1,PINTADE,0.0,0.0
201400058749,5,3,14,17,1,971,5,2,3,1,1,"NR, DELRIEU (RUE)",0.0,0.0
201400058750,9,4,14,19,5,971,5,2,1,1,6,"NR, CHARLES DE GAULLE (B",0.0,0.0
201400058751,12,4,14,20,5,971,5,2,1,1,6,"300, Gouverneur de Lyon",0.0,0.0
201400058752,3,5,14,6,1,971,5,2,1,1,6,CHARLES DE GAULLE (BOULE,0.0,0.0
201400058753,5,5,14,7,1,971,5,2,1,1,6,", BOLOGNE (ROUTE DE)",0.0,0.0
201400058754,31,7,14,0,5,971,5,1,1,1,6,"00, GASTON FEUILLARD(AVE",0.0,0.0
201400058755,7,8,14,22,5,971,5,2,2,8,6,PAUL LACAVE (AVENUE ),0.0,0.0
201400058756,16,8,14,19,5,971,5,2,6,1,3,GASTON FEUILLARD(AVENUE),0.0,0.0
201400058757,24,8,14,10,1,971,5,2,1,1,1,GOUVERNEUR DU LYON (AVE),0.0,0.0
201400058758,8,9,14,11,1,971,5,2,1,1,3,DUGOMMIER (RUE DU),0.0,0.0
201400058759,17,9,14,4,5,971,5,2,1,1,6,CHARLES DE GAULLE (BOULE,0.0,0.0
201400058760,20,9,14,17,1,971,5,1,1,1,6,"3, F. MITTERANT (AVENUE)",0.0,0.0
201400058761,20,9,14,7,1,971,5,2,1,1,1,CHARLES DE GAULLE (BD DU,0.0,0.0
201400058762,4,10,14,6,1,971,5,2,1,1,3,GOUVERNEUR DU LYON (AVE),0.0,0.0
201400058763,1,11,14,18,5,971,5,2,1,2,6,SAINT-CLAUDE (AVENUE DE),0.0,0.0
201400058764,24,11,14,13,1,971,5,1,1,1,5,"NR, RN2",0.0,0.0
201400058765,3,12,14,7,1,971,5,2,1,1,7,LARDENOY (RUE DE ),0.0,0.0
201400058766,3,12,14,12,1,971,5,2,1,1,2,GOUVERNEUR DU LYON (AVE),0.0,0.0
201400058767,11,12,14,15,1,971,5,1,1,1,3,Gouverneur de Lyon (Aven,0.0,0.0
201400058768,12,12,14,14,1,971,5,2,1,1,2,LARDENOY (RUE DE ),0.0,0.0
201400058769,2,1,14,18,5,971,7,2,2,1,3,PAUL LACAVE ( AVENUE ),0.0,0.0
201400058770,10,1,14,13,1,971,7,2,9,1,3,PAUL LACAVE ( AVENUE ),0.0,0.0
201400058771,6,2,14,9,1,971,7,2,3,1,3,DELGRES ( BOULEVARD ),0.0,0.0
201400058772,22,3,14,18,5,971,7,2,1,1,2,FLAMBOYANTS ( ALLEE DES,0.0,0.0
201400058773,28,3,14,19,5,971,7,2,1,1,2,"20, DELGRES ( BOULEVARD",0.0,0.0
201400058774,29,4,14,10,1,971,7,2,1,1,6,FLAMBOYANTS ( ALLEE DES,0.0,0.0
201400058775,27,2,14,21,3,971,7,2,1,1,6,HARMONIE (RUE DE L'),0.0,0.0
201400058776,26,6,14,14,1,971,7,2,3,1,3,FLAMBOYANTS ( ALLEE DES,0.0,0.0
201400058777,30,8,14,16,1,971,7,2,1,1,6,6FRONT DE MER ( BOULEVAR,0.0,0.0
201400058778,5,4,14,9,1,971,7,2,3,1,2,DUMANOIR ( ALLEE ),0.0,0.0
201400058779,16,7,14,10,1,971,7,2,1,1,2,SAINT RUFF (AVENUE),0.0,0.0
201400058780,11,8,14,10,1,971,7,2,1,1,1,3DUMANOIR ( ALLEE ),0.0,0.0
201400058781,21,8,14,16,1,971,7,2,1,9,2,1FRONT DE MER ( BOULEVAR,0.0,0.0
201400058782,24,8,14,10,1,971,7,2,1,1,5,5DUMANOIR ( ALLEE ),0.0,0.0
201400058783,30,8,14,13,1,971,7,2,2,3,1,3PHILIS LEON SEYMOUR ( R,0.0,0.0
201400058784,30,8,14,3,5,971,7,2,1,-1,6,7MARQUISAT ( ROUTE DE ),0.0,0.0
201400058785,17,9,14,16,1,971,7,2,1,1,3,"23, FLAMBOYANTS ( ALLEE",0.0,0.0
201400058786,19,10,14,13,1,971,7,2,3,1,3,DUMANOIR ( ALLEE ),0.0,0.0
201400058787,13,11,14,18,2,971,7,1,1,1,3,DUMANOIR ( ALLEE ),0.0,0.0
201400058788,13,11,14,18,4,971,7,1,3,8,7,MARQUISAT ( ROUTE DE ),0.0,0.0
201400058789,13,11,14,12,1,971,7,2,8,1,6,"23, PAUL LACAVE ( AVENUE",0.0,0.0
201400058790,18,11,14,17,2,971,7,2,1,1,6,"115, DUMANOIR ( ALLEE )",0.0,0.0
201400058791,19,11,14,16,1,971,7,2,9,1,3,"41, GAMBETTA ( RUE )",0.0,0.0
201400058792,15,12,14,20,5,971,7,2,1,1,3,GERMAIN ST RUF (AVENUE ),0.0,0.0
201400058793,11,1,14,2,5,971,13,1,1,1,6,"RN 4, RN4-ROND POINT SAI",0.0,0.0
201400058794,18,1,14,13,1,971,20,2,1,1,7,"00, VATABLE",0.0,0.0
201400058795,21,1,14,9,1,971,13,1,1,1,3,"RN 4, Morne Salines",0.0,0.0
201400058796,23,1,14,18,1,971,20,2,3,1,3,"00, STADE MUNICIPAL",0.0,0.0
201400058797,7,2,14,12,1,971,1,2,1,1,3,"RD 126, AUTO GUADELOUPE",0.0,0.0
201400058798,7,2,14,16,1,971,1,2,1,1,3,"RN 5, RN5-BOISRIPEAUX",0.0,0.0
201400058799,13,2,14,8,1,971,1,2,1,1,3,"00, RUE JEAN  IGNACE",0.0,0.0
201400058800,26,6,14,14,1,971,7,2,2,3,1,3FLAMBOYANTS ( ALLEE DES,0.0,0.0
201400058801,13,2,14,14,1,971,1,1,1,1,1,"RD 102, BEAUSOLEIL",0.0,0.0
201400058802,20,2,14,7,1,971,13,1,1,1,2,"RN 4, RN4 - SECTION RIVI",0.0,0.0
201400058803,21,2,14,16,1,971,1,1,1,1,2,"RN 1, GRAND CAMP(SECTION",0.0,0.0
201400058804,23,2,14,2,3,971,1,1,1,8,1,"RD 108, ROUTE DE CHAZEAU",0.0,0.0
201400058805,23,2,14,20,5,971,20,2,1,1,3,"RD 126, GERTY ARCHIMEDE",0.0,0.0
201400058806,24,2,14,14,1,971,1,1,1,1,5,"RD 103, BESSON",0.0,0.0
201400058807,15,2,14,20,3,971,1,2,1,9,1,"RD 108, CHAZEAU",0.0,0.0
201400058808,23,2,14,10,1,971,20,2,1,1,3,"59, COUR ZAMIA",0.0,0.0
201400058809,1,3,14,6,1,971,1,1,1,2,3,"RN 1, RN1 ROCADE DE CHAU",0.0,0.0
201400058810,3,3,14,22,5,971,1,2,1,1,7,"RD 103, CHAUVEL",0.0,0.0
201400058811,13,11,14,18,2,971,20,1,1,1,3,DUMANOIR ( ALLEE ),0.0,0.0
201400058812,28,3,14,19,3,971,1,1,1,1,1,"00, BOZON",0.0,0.0
201400058813,13,11,14,18,4,971,20,1,3,8,7,MARQUISAT ( ROUTE DE ),0.0,0.0
201400058814,13,11,14,12,1,971,20,2,8,1,6,"23, PAUL LACAVE ( AVENUE",0.0,0.0
201400058815,30,3,14,19,5,971,1,1,1,1,1,"00, CARAQUE",0.0,0.0
201400058816,4,4,14,19,5,971,1,2,3,1,3,"00, POINTE D'OR",0.0,0.0
201400058817,19,11,14,16,1,971,20,2,9,1,3,"41, GAMBETTA ( RUE )",0.0,0.0
201400058818,6,4,14,23,4,971,13,2,1,1,6,"RN 4, RN4 - SECTION RIVI",0.0,0.0
201400058819,11,4,14,0,5,971,1,2,3,1,3,"00, BOISSARD",0.0,0.0
201400058820,10,4,14,20,5,971,13,1,3,1,2,"RN 4, RN4 - SECTION RIVI",0.0,0.0
201400058821,13,4,14,19,5,971,13,2,1,1,1,"RN 4, Section Port Blanc",0.0,0.0
201400058822,15,4,14,16,1,971,1,1,1,1,6,"RD 102, ROUTE DE BOISVIN",0.0,0.0
201400058823,20,4,14,0,5,971,13,2,1,1,6,"RD 127, MONTAUBAN (SECTE",0.0,0.0
201400058824,28,4,14,16,1,971,1,1,1,1,3,"00, PETIT PEROU",0.0,0.0
201400058825,1,5,14,21,5,971,13,2,1,1,2,"RD 127, MONTAUBAN (SECTE",0.0,0.0
201400058826,6,5,14,9,1,971,1,2,6,1,3,"00, LE RAIZET(SECTEUR)",0.0,0.0
201400058827,7,5,14,9,1,971,1,1,1,2,1,"RN 1, CHAUVEL",0.0,0.0
201400058828,5,5,14,22,3,971,13,1,1,1,6,"00, SECTION BOIS DE ROSE",0.0,0.0
201400058829,6,5,14,20,5,971,13,2,1,1,3,"RN 4, ROUTE DE PERINET-R",0.0,0.0
201400058830,11,5,14,3,4,971,1,1,1,2,5,"RN 1, GRAND CAMP(SECTION",0.0,0.0
201400058831,26,4,14,4,3,971,13,1,1,1,1,"1816, SECTION LEROUX",0.0,0.0
201400058832,16,5,14,13,1,971,1,1,1,1,7,"RD 102, BEAUSOLEIL",0.0,0.0
201400058833,20,5,14,15,1,971,1,1,3,1,1,"RD 129, DUGAZON",0.0,0.0
201400058834,27,5,14,15,1,971,1,2,3,1,1,"00, ROUTE DE BOISVINS",0.0,0.0
201400058835,28,5,14,22,5,971,20,2,2,1,3,"00, FREBAULT",0.0,0.0
201400058836,31,5,14,2,5,971,20,2,1,1,7,"04, RASPAIL",0.0,0.0
201400058837,5,6,14,19,5,971,13,1,1,2,4,"RD 119, MONTAUBAN (SECTE",0.0,0.0
201400058838,7,6,14,22,5,971,13,1,3,1,1,"RN 4, RN4 - SECTION RIVI",0.0,0.0
201400058839,8,6,14,7,1,971,1,1,1,1,6,"RN 4, CHAUVEL",0.0,0.0
201400058840,10,6,14,19,5,971,20,2,6,1,3,"RD 125, ZONE INDUSTRIELL",0.0,0.0
201400058841,18,6,14,14,1,971,1,1,1,1,6,BLANCHARD,0.0,0.0
201400058842,13,6,14,19,5,971,1,2,1,1,3,"RD 103, BESSON",0.0,0.0
201400058843,26,6,14,15,1,971,13,1,1,1,1,"00, SECTION MATHURIN",0.0,0.0
201400058844,28,6,14,8,1,971,13,1,1,1,2,"RN 4, SECTION LABROUSSE",0.0,0.0
201400058845,28,6,14,6,1,971,13,1,1,1,7,"00, PONT DE POUCET",0.0,0.0
201400058846,27,6,14,17,1,971,1,2,1,1,5,"RD 106, BOISRIPEAUX",0.0,0.0
201400058847,6,7,14,22,5,971,13,2,1,1,1,"RD 104, SECTEUR GRAND BO",0.0,0.0
201400058848,8,7,14,15,1,971,1,2,6,1,3,"RD 126, PETIT PEROU",0.0,0.0
201400058849,15,7,14,17,1,971,20,2,2,1,3,"RD 103, CHANZY (BOULEVAR",0.0,0.0
201400058850,10,7,14,21,5,971,13,1,1,1,2,"RN 4, PETIT HAVRE (SECTE",0.0,0.0
201400058851,19,7,14,21,5,971,20,2,2,1,7,"RD 103, HOPITAL (BOULEVA",0.0,0.0
201400058852,20,7,14,19,5,971,1,1,4,1,2,"RD 102, ROUTE DES ABYMES",0.0,0.0
201400058853,22,7,14,9,1,971,1,1,3,1,2,"RD 102, DUGAZON DE BOURG",0.0,0.0
201400058854,31,7,14,23,5,971,1,2,2,1,3,"RN5, MORNE VERGAIN",0.0,0.0
201400058855,1,8,14,2,3,971,1,2,1,1,7,"RN 5, PROVIDENCE",0.0,0.0
201400058856,4,8,14,11,1,971,1,2,3,2,3,"RD 103, CHAUVEL",0.0,0.0
201400058857,8,8,14,2,5,971,13,2,1,3,1,"RN 4, PONT DE POUCET",0.0,0.0
201400058858,19,7,14,4,5,971,1,2,2,1,3,"RN 5, ROUTE DES ABYMES",0.0,0.0
201400058859,25,8,14,15,1,971,13,2,1,1,4,"RN 4, RN4 - SECTION RIVI",0.0,0.0
201400058860,26,8,14,5,2,971,1,1,1,1,2,"RN 5, PERRIN",0.0,0.0
201400058861,2,9,14,16,1,971,13,1,1,1,3,"RN 4, GRAND BAIE ( RN4)",0.0,0.0
201400058862,4,9,14,6,1,971,13,1,1,2,5,"RD 103, SECTION COCOYER",0.0,0.0
201400058863,5,9,14,15,1,971,1,1,1,3,3,"RD 102, ROUTE DE BOISVIN",0.0,0.0
201400058864,9,9,14,15,1,971,1,2,2,1,3,"RN 5, ROUTE DES ABYMES",0.0,0.0
201400058865,6,9,14,22,5,971,13,1,1,1,7,"RN 4, RN4 - SECTION RIVI",0.0,0.0
201400058866,11,9,14,20,4,971,1,2,9,1,7,"00, BAIMBRIDGE",0.0,0.0
201400058867,16,9,14,21,5,971,20,2,2,1,3,"00, HINCELIN",0.0,0.0
201400058868,17,9,14,13,1,971,1,2,2,1,3,"RD 126, Fr?d?ric JALTON",0.0,0.0
201400058869,19,9,14,7,1,971,13,1,3,1,3,"RN 4, RN4 - SECTION RIVI",0.0,0.0
201400058870,19,9,14,17,1,971,1,1,1,1,2,"RN 1, RN1 ROCADE DE CHAU",0.0,0.0
201400058871,20,9,14,12,1,971,1,1,1,2,1,"00, BEAUSOLEIL",0.0,0.0
201400058872,23,9,14,13,1,971,1,2,1,1,5,"RN 5, MORNE VERGAIN",0.0,0.0
201400058873,26,9,14,17,1,971,1,2,1,2,2,"RD 101, CHAZEAU",0.0,0.0
201400058874,28,9,14,12,1,971,20,2,3,1,7,"RD 103, CHANZY (BOULEVAR",0.0,0.0
201400058875,28,9,14,17,1,971,1,2,1,1,7,"00, PROVIDENCE",0.0,0.0
201400058876,3,10,14,10,1,971,1,1,1,1,7,"RD 101, CHAZEAU",0.0,0.0
201400058877,3,10,14,11,1,971,1,2,3,1,3,"00, CADUC",0.0,0.0
201400058878,7,10,14,7,1,971,1,2,1,1,2,"RN 4, BLANCHARD",0.0,0.0
201400058879,7,10,14,19,5,971,1,2,1,1,2,"RN 5, PETIT PEROU",0.0,0.0
201400058880,20,10,14,10,1,971,1,2,1,1,5,"RD 101, ROUTE DE CHAZEAU",0.0,0.0
201400058881,27,9,14,20,5,971,1,1,1,9,7,"RD 106, PERRIN",0.0,0.0
201400058882,23,10,14,18,5,971,1,2,1,1,7,"105, BAZIN",0.0,0.0
201400058883,25,10,14,8,1,971,1,2,4,1,7,"RD 125, Amiti? des peupl",0.0,0.0
201400058884,29,10,14,18,5,971,1,2,1,2,7,"76, VIEUX BOURG",0.0,0.0
201400058885,30,10,14,14,1,971,1,2,1,1,6,"7RD 126, HALL DES SPORTS",0.0,0.0
201400058886,9,11,14,21,5,971,13,1,1,2,2,"RN 4, BAS DU FORT",0.0,0.0
201400058887,17,11,14,13,1,971,1,2,1,1,7,"00, BOISRIPEAUX",0.0,0.0
201400058888,13,11,14,17,5,971,13,1,1,1,7,"RN 4, RN4 - SECTION RIVI",0.0,0.0
201400058889,23,11,14,3,5,971,20,1,1,1,7,"RN 1, BLANCHARD",0.0,0.0
201400058890,25,11,14,21,5,971,1,2,1,1,3,"00, DUGAZON",0.0,0.0
201400058891,29,11,14,14,1,971,1,2,1,1,6,"00, TERRAIN SONIS",0.0,0.0
201400058892,1,12,14,15,1,971,1,2,3,1,3,"RN 05, RN05",0.0,0.0
201400058893,5,12,14,16,1,971,1,2,4,1,1,CARAQUE,0.0,0.0
201400058894,6,12,14,10,1,971,1,1,3,1,1,"RD 102, DUGAZON DE BOURG",0.0,0.0
201400058895,8,12,14,13,1,971,1,2,9,1,7,"RD 103, CENTRE HOSPITALI",0.0,0.0
201400058896,11,12,14,19,5,971,1,1,1,1,7,"RN 1, RN1 ROCADE DE CHAU",0.0,0.0
201400058897,12,12,14,17,5,971,1,2,3,1,5,"00, DUGAZON",0.0,0.0
201400058898,17,12,14,20,5,971,1,2,1,1,3,"00, BOISRIPEAUX",0.0,0.0
201400058899,19,12,14,18,3,971,1,2,1,1,7,"RD 103, CENTRE HOSPITALI",0.0,0.0
201400058900,20,12,14,5,5,971,20,2,2,1,7,"00, HINCELIN",0.0,0.0
201400058901,22,12,14,14,1,971,1,2,1,1,1,"RD 102, ROUTE DE CHAZEAU",0.0,0.0
201400058902,22,12,14,18,2,971,13,2,3,1,3,"RD 119, GENERAL DE GAULL",0.0,0.0
201400058903,26,12,14,1,5,971,1,1,4,2,1,"00, CARAQUE",0.0,0.0
201400058904,26,12,14,2,5,971,1,2,1,1,3,"RN 5, VIEUX BOURG",0.0,0.0
201400058905,17,12,14,22,5,971,1,1,9,1,6,"RD 102, BEAUSOLEIL",0.0,0.0
201400058906,1,1,14,5,2,972,9,2,1,1,6,"7Rocade, RD 41",0.0,0.0
201400058907,4,1,14,15,1,972,9,2,1,1,1,"2Comm, GENERAL GALLIENI",0.0,0.0
201400058908,7,1,14,8,1,972,9,2,2,1,6,"6RD42, BOUILLE (RUE)",0.0,0.0
201400058909,7,1,14,12,1,972,9,2,1,1,6,"6Comm, ANTOINE SIGER (RU",0.0,0.0
201400058910,8,1,14,21,5,972,9,2,1,1,1,"6RN1, MAURICE BISHOP (AV",0.0,0.0
201400058911,10,1,14,12,1,972,9,2,1,1,6,"6RD 51, ABBE LAVIGNE (AV",0.0,0.0
201400058912,11,1,14,1,5,972,9,1,1,1,7,"7A1, AUTOROUTE (A1)",0.0,0.0
201400058913,12,1,14,18,2,972,9,2,2,3,1,"3RN1, GENERAL DE GAULLE",0.0,0.0
201400058914,12,1,14,19,5,972,9,2,2,6,1,"6RD 45, PROFESSEUR RAYMO",0.0,0.0
201400058915,15,1,14,10,1,972,9,2,1,1,1,"3Comm, SALVATOR ALLENDE",0.0,0.0
201400058916,16,1,14,22,5,972,9,2,1,1,6,"Comm, PAVE (RUE DU)",0.0,0.0
201400058917,17,1,14,19,5,972,9,2,1,8,7,"Rocade, RD 41",0.0,0.0
201400058918,19,1,14,20,5,972,9,2,1,1,1,"RD 42, CHEVALIER DE SAIN",0.0,0.0
201400058919,19,1,14,22,5,972,9,2,2,1,3,"RN1, GENERAL DE GAULLE (",0.0,0.0
201400058920,22,1,14,12,1,972,9,2,1,1,6,"RN01, GENERAL DE GAULLE",0.0,0.0
201400058921,24,1,14,17,1,972,9,2,1,1,6,"RD 51, ABBE LAVIGNE (AVE",0.0,0.0
201400058922,27,1,14,16,1,972,9,2,3,1,3,"RN4, FOLIE (ROUTE DE LA)",0.0,0.0
201400058923,28,1,14,20,5,972,9,2,1,1,6,"RD41, RD 41",0.0,0.0
201400058924,1,2,14,4,5,972,9,2,3,1,3,"RN1, GENERAL DE GAULLE (",0.0,0.0
201400058925,2,2,14,16,1,972,9,2,3,1,3,"RN1, MAURICE BISHOP (AVE",0.0,0.0
201400058926,10,2,14,7,1,972,9,1,1,1,6,"rd 45, DIDIER (ROUTE DE)",0.0,0.0
201400058927,11,2,14,11,1,972,9,2,1,1,2,"Rocade, RD 41",0.0,0.0
201400058928,12,2,14,16,1,972,9,2,1,1,6,"Comm, ANTOINE SIGER (RUE",0.0,0.0
201400058929,13,2,14,6,1,972,9,1,1,1,6,"RN02, MARNE (BOULEVARD D",0.0,0.0
201400058930,15,2,14,2,5,972,9,2,1,1,7,"RD 59, VICTOR LAMON (AVE",0.0,0.0
201400058931,15,2,14,10,1,972,9,2,1,1,6,"Comm, TAMARINS DES INDES",0.0,0.0
201400058932,16,2,14,4,5,972,9,2,1,1,6,"7Rocade, RD 41",0.0,0.0
201400058933,18,2,14,9,1,972,9,2,1,1,5,"6Comm, ARAWAKS (AVENUE D",0.0,0.0
201400058934,20,2,14,7,1,972,9,2,1,1,1,"1Comm, AMILCAR CABRAL (B",0.0,0.0
201400058935,25,2,14,10,1,972,9,2,9,1,6,"6Comm, LIBERTE (RUE DE L",0.0,0.0
201400058936,26,2,14,11,1,972,9,2,1,1,6,"6Comm, JULES MONNEROT (R",0.0,0.0
201400058937,1,3,14,17,2,972,9,1,1,1,7,"RN3, BALATA (ROUTE DE)",0.0,0.0
201400058938,2,3,14,19,5,972,9,2,1,1,1,"Comm, ADHEMAR MODOCK (BO",0.0,0.0
201400058939,3,3,14,12,1,972,9,2,1,1,6,"RN2, MARNE (BOULEVARD DE",0.0,0.0
201400058940,4,3,14,1,3,972,9,1,1,1,6,"Comm, TIVOLI (ROUTE DE )",0.0,0.0
201400058941,4,3,14,19,5,972,9,2,1,1,6,"RN1, GENERAL DE GAULLE (",0.0,0.0
201400058942,7,3,14,9,1,972,9,2,1,1,6,"RN1, GENERAL DE GAULLE (",0.0,0.0
201400058943,7,3,14,13,1,972,9,2,1,1,6,"Comm, NELSON MANDELA (BO",0.0,0.0
201400058944,7,3,14,19,3,972,9,1,1,8,1,"RN3, BALATA (ROUTE DE)",0.0,0.0
201400058945,8,3,14,19,5,972,9,1,1,1,6,"RN9, RN9",0.0,0.0
201400058946,11,3,14,15,1,972,9,2,1,1,6,"Comm, GRAND CARAIBE (RUE",0.0,0.0
201400058947,13,3,14,14,1,972,9,2,1,1,6,"RN1, GENERAL DE GAULLE (",0.0,0.0
201400058948,16,3,14,1,5,972,9,1,1,8,7,"RD40, SOLEIL LEVANT (BOU",0.0,0.0
201400058949,17,3,14,8,1,972,9,2,1,1,3,"RD13, CHATEAUBOEUF (ROUT",0.0,0.0
201400058950,18,3,14,18,2,972,9,1,1,8,7,"Comm, GODISSARD (BOULEVA",0.0,0.0
201400058951,21,3,14,8,1,972,9,2,1,1,6,"RN1, GENERAL DE GAULLE (",0.0,0.0
201400058952,22,3,14,20,5,972,9,2,1,1,7,"Comm, GOUVERNEUR PONTON",0.0,0.0
201400058953,25,3,14,15,1,972,9,2,1,1,3,"RD 45, PROFESSEUR RAYMON",0.0,0.0
201400058954,27,3,14,8,1,972,9,2,1,1,6,"Comm, GERARD NOUVET (RUE",0.0,0.0
201400058955,27,3,14,20,5,972,9,2,1,1,6,"RN1, GENERAL DE GAULLE (",0.0,0.0
201400058956,28,3,14,20,5,972,9,1,1,1,6,"RD47, RAVINE VILAINE (CH",0.0,0.0
201400058957,31,3,14,15,1,972,9,1,1,1,6,"RD13A, JAMBETTE (ROUTE D",0.0,0.0
201400058958,2,4,14,10,1,972,9,2,1,1,1,"2Rocade, RD 41",0.0,0.0
201400058959,5,4,14,12,1,972,9,2,1,1,6,"6Comm, FELIX EBOUE (RUE)",0.0,0.0
201400058960,7,4,14,13,1,972,9,2,1,1,6,"6RD42, ALFASSA (BOULEVAR",0.0,0.0
201400058961,9,4,14,11,1,972,9,2,1,1,6,"6Comm, SALVATOR ALLENDE",0.0,0.0
201400058962,11,4,14,18,2,972,9,2,1,1,1,"1RN3, BALATA (ROUTE DE)",0.0,0.0
201400058963,19,4,14,16,1,972,9,2,1,1,6,"RD 41, RD 41",0.0,0.0
201400058964,19,4,14,22,5,972,9,2,1,1,7,"A1, AUTOROUTE (A1)",0.0,0.0
201400058965,20,4,14,4,2,972,9,2,1,1,7,"Rocade, RD 41",0.0,0.0
201400058966,23,4,14,8,1,972,9,2,1,1,6,"Comm, VICTOR SEVERE (RUE",0.0,0.0
201400058967,24,4,14,16,1,972,9,2,1,1,6,"Comm, KERLYS (RUE DE )",0.0,0.0
201400058968,1,5,14,4,2,972,9,1,1,1,6,"A1, AUTOROUTE (A1)",0.0,0.0
201400058969,2,5,14,21,5,972,9,2,1,1,6,"Comm, AURELIE DICANOT (R",0.0,0.0
201400058970,3,5,14,21,5,972,9,2,1,1,1,"RD 48, RELIGIEUSES (ROUT",0.0,0.0
201400058971,6,5,14,6,1,972,9,2,1,1,6,"RD 40, SOLEIL LEVANT (BO",0.0,0.0
201400058972,7,5,14,12,1,972,9,2,1,1,3,"RN9, RN9",0.0,0.0
201400058973,9,5,14,7,1,972,9,2,1,8,7,"Comm, T.S.F. (BOULEVARD)",0.0,0.0
201400058974,10,5,14,10,1,972,9,2,3,1,6,"Comm, DILLON (AVENUE DE)",0.0,0.0
201400058975,11,5,14,13,1,972,9,2,1,1,7,"Comm, ABATTOIR (RUE DE L",0.0,0.0
201400058976,16,5,14,13,1,972,9,2,1,1,2,"RD 59, VICTOR LAMON (AVE",0.0,0.0
201400058977,19,5,14,8,1,972,9,2,3,1,3,"Comm, NELSON MANDELA (BO",0.0,0.0
201400058978,20,5,14,19,5,972,9,2,1,1,2,"RN2, ROBERT ATTULY (BOUL",0.0,0.0
201400058979,26,5,14,10,1,972,9,2,1,1,6,"RD45, PROFESSEUR RAYMOND",0.0,0.0
201400058980,27,5,14,11,1,972,9,2,1,1,6,"Comm, SALVATOR ALLENDE (",0.0,0.0
201400058981,29,5,14,14,1,972,9,2,1,1,2,"RD49, ENTRAIDE (ROUTE DE",0.0,0.0
201400058982,31,5,14,5,2,972,9,2,1,1,7,"RD 41, RD 41",0.0,0.0
201400058983,3,6,14,6,1,972,9,2,1,1,4,"RD41, RD 41",0.0,0.0
201400058984,4,6,14,11,1,972,9,1,1,1,6,"RD13A, JAMBETTE (ROUTE D",0.0,0.0
201400058985,5,6,14,19,5,972,9,1,1,1,6,"RN1, AUTOROUTE (A1)",0.0,0.0
201400058986,6,6,14,14,1,972,9,2,1,1,6,"RD 48, RELIGIEUSES (ROUT",0.0,0.0
201400058987,9,6,14,19,5,972,9,2,1,1,6,"RD44, CLUNY (ROUTE DE)",0.0,0.0
201400058988,11,6,14,10,1,972,9,2,1,1,6,"RD 53, POINTE DES NEGRES",0.0,0.0
201400058989,12,6,14,23,5,972,9,2,2,1,6,"Com, ERNEST DEPROGE (RUE",0.0,0.0
201400058990,18,6,14,19,5,972,9,1,1,1,6,"Comm, FERNAND GABOLY (RU",0.0,0.0
201400058991,22,6,14,4,5,972,9,2,1,1,1,"RN3, BALATA (ROUTE DE)",0.0,0.0
201400058992,26,6,14,8,1,972,9,1,3,1,6,"RD 49, MOUTTE (ROUTE DE)",0.0,0.0
201400058993,27,6,14,8,1,972,9,2,1,1,6,"RN1, GENERAL DE GAULLE (",0.0,0.0
201400058994,28,6,14,3,5,972,9,2,1,1,7,"RD13, CHATEAUBOEUF (ROUT",0.0,0.0
201400058995,1,7,14,10,1,972,9,2,3,1,3,"Comm, NELSON MANDELA (BO",0.0,0.0
201400058996,4,7,14,15,1,972,9,2,9,1,6,"6RN1, GENERAL DE GAULLE",0.0,0.0
201400058997,4,7,14,11,1,972,9,2,1,1,6,"RD46, Rue Xavier ORVILLE",0.0,0.0
201400058998,16,7,14,15,1,972,9,2,1,1,6,"RD 46, Rue Xavier ORVILL",0.0,0.0
201400058999,17,7,14,13,1,972,9,1,1,1,6,"RD 40, SOLEIL LEVANT (BO",0.0,0.0
201400059000,18,7,14,10,1,972,9,1,1,1,6,"Comm, MORNE VENTE (RUE D",0.0,0.0
201400059001,23,7,14,14,1,972,9,1,1,1,7,"RN4, REDOUTE (ROUTE DE L",0.0,0.0
201400059002,24,7,14,21,5,972,9,2,1,1,6,"RN1, MAURICE BISHOP (AVE",0.0,0.0
201400059003,29,7,14,9,1,972,9,2,1,1,6,"RN4, FOLIE (ROUTE DE LA)",0.0,0.0
201400059004,2,8,14,16,1,972,9,2,1,1,2,"RD13, CHATEAUBOEUF (ROUT",0.0,0.0