Num_Acc,jour,mois,an,hr,condition_eclairage,departement,commune,condition_agglomeration,intersection,condition_atmosphere,type_collision,adresse,lattitude,longitude
201400059005,3,8,14,22,3,972,9,1,1,1,6,"A1, AUTOROUTE (A1)",0.0,0.0
201400059006,8,8,14,14,1,972,9,2,1,1,6,"Comm, TANNERIE (RUE DE L",0.0,0.0
201400059007,10,8,14,15,1,972,9,2,1,1,3,"Comm, SALVATOR ALLENDE (",0.0,0.0
201400059008,15,8,14,12,1,972,9,1,1,1,1,"RN3, BALATA (ROUTE DE)",0.0,0.0
201400059009,20,8,14,5,1,972,9,1,1,1,6,"1, AUTOROUTE (A1)",0.0,0.0
201400059010,22,8,14,20,5,972,9,2,2,1,3,"51, JEAN JAURES (AVENUE)",0.0,0.0
201400059011,26,8,14,0,5,972,9,2,1,1,6,"14 A, ARAWAKS (AVENUE DE",0.0,0.0
201400059012,30,8,14,6,1,972,9,1,1,2,7,"1, AUTOROUTE (A1)",0.0,0.0
201400059013,30,8,14,13,1,972,9,1,3,1,3,"47, RAVINE VILAINE (CHEM",0.0,0.0
201400059014,1,9,14,9,1,972,9,2,1,1,3,"Comm, JUDES TURIAF (AVEN",0.0,0.0
201400059015,2,9,14,20,5,972,9,2,1,1,3,"45, PROFESSEUR RAYMOND G",0.0,0.0
201400059016,3,9,14,18,5,972,9,2,1,1,6,"48, RELIGIEUSES (ROUTE D",0.0,0.0
201400059017,4,9,14,14,1,972,9,2,1,1,6,"43, CONDORCET (AVENUE)",0.0,0.0
201400059018,5,9,14,8,1,972,9,1,1,1,6,"13 A, JAMBETTE (ROUTE DE",0.0,0.0
201400059019,14,9,14,18,3,972,9,1,1,1,6,"3, BALATA (ROUTE DE)",0.0,0.0
201400059020,15,9,14,19,5,972,9,2,1,1,6,"45, PROFESSEUR RAYMOND G",0.0,0.0
201400059021,18,9,14,7,1,972,9,2,1,1,6,"13A, JAMBETTE (ROUTE DE",0.0,0.0
201400059022,24,9,14,21,5,972,9,2,2,2,1,"31, GENERAL DE GAULLE (B",0.0,0.0
201400059023,26,9,14,21,3,972,9,2,1,1,1,"641, RD 41",0.0,0.0
201400059024,28,9,14,9,1,972,9,2,1,1,6,"74, FOLIE (ROUTE DE LA)",0.0,0.0
201400059025,29,9,14,21,5,972,9,2,1,1,6,"61, GENERAL DE GAULLE (B",0.0,0.0
201400059026,30,9,14,11,1,972,9,2,1,1,6,"61, GENERAL DE GAULLE (B",0.0,0.0
201400059027,4,10,14,18,2,972,9,2,1,1,5,"651, JEAN JAURES (AVENUE",0.0,0.0
201400059028,8,10,14,22,5,972,9,2,1,1,1,"21, GENERAL DE GAULLE (B",0.0,0.0
201400059029,9,10,14,12,1,972,9,2,2,2,1,"313 A, RD 13",0.0,0.0
201400059030,12,10,14,8,1,972,9,2,1,1,6,"751, ABBE LAVIGNE (AVENU",0.0,0.0
201400059031,13,10,14,19,5,972,9,2,1,1,1,"340, SOLEIL LEVANT (BOUL",0.0,0.0
201400059032,14,10,14,6,1,972,9,2,3,3,5,"64, REDOUTE (ROUTE DE LA",0.0,0.0
201400059033,14,10,14,15,1,972,9,2,1,1,1,"213, CHATEAUBOEUF (ROUTE",0.0,0.0
201400059034,16,10,14,16,1,972,9,2,1,1,6,"4, FOLIE (ROUTE DE LA)",0.0,0.0
201400059035,17,10,14,12,1,972,9,2,1,1,3,"1, GENERAL DE GAULLE (BL",0.0,0.0
201400059036,17,10,14,13,1,972,9,1,1,1,3,"45, DIDIER (ROUTE DE)",0.0,0.0
201400059037,19,10,14,6,1,972,9,2,1,1,7,"4, FOLIE (ROUTE DE LA)",0.0,0.0
201400059038,22,10,14,5,2,972,9,1,1,8,6,"47, RAVINE VILAINE (CHEM",0.0,0.0
201400059039,24,10,14,7,1,972,9,2,3,1,6,"Comm, PAVE (RUE DU)",0.0,0.0
201400059040,29,10,14,3,5,972,9,2,1,1,1,"40, SOLEIL LEVANT (BOULE",0.0,0.0
201400059041,31,10,14,21,5,972,9,2,3,1,6,"1, MAURICE BISHOP (AVENU",0.0,0.0
201400059042,3,11,14,16,1,972,9,1,1,1,6,"13, CHATEAUBOEUF (ROUTE",0.0,0.0
201400059043,6,11,14,18,5,972,9,2,1,1,6,"Comm, VICTOR SEVERE (RUE",0.0,0.0
201400059044,7,11,14,8,1,972,9,2,1,1,6,"13, CHATEAUBOEUF (ROUTE",0.0,0.0
201400059045,14,11,14,6,5,972,9,2,1,1,6,"Comm, MOREAU DE JONES (R",0.0,0.0
201400059046,16,11,14,2,5,972,9,2,1,1,6,"41, RD 41",0.0,0.0
201400059047,25,11,14,6,1,972,9,2,1,1,6,"13, CHATEAUBOEUF (ROUTE",0.0,0.0
201400059048,25,11,14,11,1,972,9,1,3,1,6,"Comm, OSMAN NADEAU (CHEM",0.0,0.0
201400059049,28,11,14,19,5,972,9,1,1,1,2,"Comm, NORD (BOULEVARD DU",0.0,0.0
201400059050,29,11,14,18,5,972,9,2,1,1,6,"1, MAURICE BISHOP (AVENU",0.0,0.0
201400059051,30,11,14,2,5,972,9,2,1,1,6,"1, GENERAL DE GAULLE (BL",0.0,0.0
201400059052,4,12,14,9,1,972,9,1,1,1,6,"1, AUTOROUTE (A1)",0.0,0.0
201400059053,4,12,14,20,5,972,9,2,3,1,3,"1, GENERAL DE GAULLE (BL",0.0,0.0
201400059054,4,12,14,11,1,972,9,2,1,8,6,"1, GENERAL DE GAULLE (BL",0.0,0.0
201400059055,6,12,14,17,1,972,9,2,1,1,7,"Comm, LEOPOLD SEDAR SENG",0.0,0.0
201400059056,11,12,14,13,1,972,9,1,1,1,1,"3, BALATA (ROUTE DE)",0.0,0.0
201400059057,12,12,14,7,1,972,9,1,3,1,3,"47, RAVINE VILAINE (CHEM",0.0,0.0
201400059058,13,12,14,5,2,972,9,1,1,8,7,"13A, JAMBETTE (ROUTE DE)",0.0,0.0
201400059059,14,12,14,4,5,972,9,2,1,1,6,"1, MAURICE BISHOP (AVENU",0.0,0.0
201400059060,16,12,14,7,1,972,9,1,1,1,6,"4, REDOUTE (ROUTE DE LA)",0.0,0.0
201400059061,18,12,14,8,1,972,9,1,3,1,3,"Comm, HUGUES DESPOINTES",0.0,0.0
201400059062,19,12,14,19,5,972,9,2,1,1,6,"51, ABBE LAVIGNE (AVENUE",0.0,0.0
201400059063,24,12,14,20,5,972,9,2,3,1,6,"Comm, RAOUL FOLLEREAU (A",0.0,0.0
201400059064,25,12,14,19,5,972,9,1,1,1,7,"Comm, CITADELLE (RUE DE",0.0,0.0
201400059065,26,12,14,13,1,972,9,1,1,1,3,"40, SOLEIL LEVANT (BOULE",0.0,0.0
201400059066,27,12,14,9,1,972,9,2,1,1,6,"48, RELIGIEUSES (ROUTE D",0.0,0.0
201400059067,27,12,14,11,1,972,9,2,1,1,7,SOLEIL LEVANT (BOULEVARD,0.0,0.0
201400059068,26,12,14,16,1,972,9,2,1,1,6,"Comm, ISAMBERT (RUE)",0.0,0.0
201400059069,28,12,14,20,5,972,9,1,1,8,6,"13A, JAMBETTE (ROUTE DE)",0.0,0.0
201400059070,30,12,14,7,1,972,9,1,1,8,7,"13A, JAMBETTE (ROUTE DE)",0.0,0.0
201400059071,30,12,14,11,1,972,9,2,1,1,6,"1, MAURICE BISHOP (AVENU",0.0,0.0
201400059072,31,12,14,16,1,972,9,2,2,1,6,"Comm, FRANKLIN ROOSVELT",0.0,0.0
201400059073,7,1,14,15,1,972,13,2,1,1,6,6ROUTE DEPARTEMENTALE 3,0.0,0.0
201400059074,18,1,14,5,5,972,13,1,1,1,6,6AUTOROUTE A1,0.0,0.0
201400059075,23,1,14,22,5,972,13,2,1,1,6,"6320, BASSE GONDEAU (CHE",0.0,0.0
201400059076,6,2,14,18,5,972,13,1,6,1,3,ROUTE NATIONALE 1,0.0,0.0
201400059077,7,2,14,6,1,972,13,1,1,2,6,MAHAULT,0.0,0.0
201400059078,8,2,14,19,3,972,13,1,1,1,3,MAHAULT,0.0,0.0
201400059079,18,2,14,13,1,972,13,1,1,1,1,ROUTE DEPARTEMENTALE 3,0.0,0.0
201400059080,12,2,14,22,5,972,13,1,1,1,3,ROUTE DEPARTEMENTALE 14,0.0,0.0
201400059081,22,2,14,22,3,972,13,1,1,1,1,PELLETIER (ROUTE DE),0.0,0.0
201400059082,3,3,14,6,1,972,13,2,1,1,6,7ROUTE DEPARTEMENTALE 15,0.0,0.0
201400059083,13,3,14,3,5,972,13,2,1,1,6,6ROUTE DEPARTEMENTALE 14,0.0,0.0
201400059084,14,3,14,1,5,972,13,2,1,1,6,7ROUTE DEPARTEMENTALE 14,0.0,0.0
201400059085,14,3,14,15,1,972,13,1,1,1,1,3AUTOROUTE A1,0.0,0.0
201400059086,20,3,14,8,1,972,13,1,1,1,1,3ROUTE NATIONALE 5,0.0,0.0
201400059087,26,3,14,7,1,972,13,1,1,1,6,6AUTOROUTE A1,0.0,0.0
201400059088,26,3,14,7,1,972,13,2,2,3,1,"31, LA PLAINE PETIT MANO",0.0,0.0
201400059089,30,3,14,20,5,972,13,2,1,1,1,1ROUTE DEPARTEMENTALE 3,0.0,0.0
201400059090,3,4,14,8,1,972,13,1,1,1,6,MORNE PITAULT (ROUTE DE),0.0,0.0
201400059091,3,4,14,11,1,972,13,1,1,1,7,ROUTE DEPARTEMENTALE 3,0.0,0.0
201400059092,8,4,14,19,5,972,13,1,1,1,6,ROUTE DEPARTEMENTALE 14,0.0,0.0
201400059093,9,4,14,6,1,972,13,1,1,1,6,ROUTE DEPARTEMENTALE 3,0.0,0.0
201400059094,14,4,14,18,2,972,13,1,2,1,3,ROUTE DEPARTEMENTALE 3,0.0,0.0
201400059095,17,4,14,22,4,972,13,1,1,1,3,AUTOROUTE A1,0.0,0.0
201400059096,19,4,14,2,3,972,13,1,1,1,4,ROUTE NATIONALE 5,0.0,0.0
201400059097,19,4,14,17,2,972,13,1,1,1,4,ROUTE NATIONALE 6,0.0,0.0
201400059098,27,4,14,16,1,972,13,1,1,1,3,ROUTE DEPARTEMENTALE 13,0.0,0.0
201400059099,2,5,14,7,1,972,13,1,1,1,5,AUTOROUTE A1,0.0,0.0
201400059100,3,5,14,9,1,972,13,1,1,1,2,AUTOROUTE A1,0.0,0.0
201400059101,4,5,14,21,3,972,13,1,1,1,6,AUTOROUTE A1,0.0,0.0
201400059102,10,5,14,21,3,972,13,1,1,1,3,BASSE GONDEAU (CHEMIN RU,0.0,0.0
201400059103,17,5,14,5,4,972,13,1,1,1,2,AUTOROUTE A1,0.0,0.0
201400059104,19,5,14,10,1,972,13,2,1,1,6,Z I LES MANGLES,0.0,0.0
201400059105,23,5,14,19,5,972,13,2,1,1,6,ROUTE DEPARTEMENTALE 3,0.0,0.0
201400059106,28,5,14,13,1,972,13,2,1,1,6,ROUTE DEPARTEMENTALE 3,0.0,0.0
201400059107,29,5,14,19,5,972,13,2,3,1,3,ROUTE DEPARTEMENTALE 3,0.0,0.0
201400059108,3,6,14,16,1,972,13,2,1,1,6,6Z I CALIFORNIE,0.0,0.0
201400059109,6,6,14,9,1,972,13,2,1,1,6,6ROUTE NATIONALE 1,0.0,0.0
201400059110,6,6,14,12,1,972,13,2,1,1,1,3ROUTE NATIONALE 5,0.0,0.0
201400059111,9,6,14,17,1,972,13,2,1,1,1,"34, ROUTE NATIONALE 1",0.0,0.0
201400059112,12,6,14,12,1,972,13,2,1,9,1,2ROUTE DEPARTEMENTALE 3,0.0,0.0
201400059113,22,6,14,0,5,972,13,1,1,2,6,AUTOROUTE A1,0.0,0.0
201400059114,22,6,14,18,1,972,13,1,1,1,7,"197, DUCHESNES 1",0.0,0.0
201400059115,7,7,14,9,1,972,13,1,1,1,6,AUTOROUTE A1,0.0,0.0
201400059116,11,7,14,8,1,972,13,1,1,1,2,ROUTE NATIONALE 5,0.0,0.0
201400059117,17,7,14,17,1,972,13,1,1,1,1,"16, ACAJOU PROLONGEE",0.0,0.0
201400059118,20,7,14,16,1,972,13,1,1,1,1,MORNE PITAULT (ROUTE DE),0.0,0.0
201400059119,21,7,14,0,5,972,13,1,1,1,7,ROUTE NATIONALE 5,0.0,0.0
201400059120,31,7,14,15,1,972,13,1,1,1,1,MORNE PITAULT (ROUTE DE),0.0,0.0
201400059121,9,8,14,20,5,972,13,2,1,1,1,"1, MAIRIE",0.0,0.0
201400059122,14,8,14,22,5,972,13,1,1,1,2,AUTOROUTE A1,0.0,0.0
201400059123,15,8,14,3,5,972,13,1,1,1,3,ROUTE NATIONALE 1,0.0,0.0
201400059124,23,8,14,17,1,972,13,1,3,1,3,ROUTE DEPARTEMENTALE 3,0.0,0.0
201400059125,26,8,14,12,1,972,13,1,1,1,4,AUTOROUTE A1,0.0,0.0
201400059126,26,8,14,14,1,972,13,1,1,1,3,AUTOROUTE A1,0.0,0.0
201400059127,31,8,14,20,5,972,13,1,1,1,6,ROUTE DEPARTEMENTALE 13,0.0,0.0
201400059128,3,9,14,8,5,972,13,2,1,1,1,3ROUTE DEPARTEMENTALE 15,0.0,0.0
201400059129,9,9,14,9,1,972,13,2,1,1,1,1ROUTE DEPARTEMENTALE 15,0.0,0.0
201400059130,12,9,14,8,1,972,13,2,3,3,1,3ROUTE DEPARTEMENTALE 14,0.0,0.0
201400059131,16,9,14,13,1,972,13,2,1,1,1,"21, VIEUX PONT (CHEMIN D",0.0,0.0
201400059132,20,9,14,8,1,972,13,1,1,1,1,3AUTOROUTE A1,0.0,0.0
201400059133,28,9,14,5,2,972,13,1,1,1,5,5AUTOROUTE A1,0.0,0.0
201400059134,28,9,14,18,2,972,13,2,1,1,1,1ROUTE DEPARTEMENTALE 3,0.0,0.0
201400059135,1,10,14,8,1,972,13,2,1,1,1,1Z I LES MANGLES,0.0,0.0
201400059136,2,10,14,19,3,972,13,1,1,1,5,4AUTOROUTE A1,0.0,0.0
201400059137,4,10,14,13,1,972,13,2,1,-1,5,6VIEUX CHEMIN CALIFORNIE,0.0,0.0
201400059138,4,10,14,14,1,972,13,2,1,1,6,6ROUTE DEPARTEMENTALE 14,0.0,0.0
201400059139,4,10,14,23,3,972,13,2,1,1,5,6ROUTE DEPARTEMENTALE 15,0.0,0.0
201400059140,16,10,14,10,1,972,13,1,1,1,1,3AUTOROUTE A1,0.0,0.0
201400059141,22,10,14,7,1,972,13,1,1,1,1,2AUTOROUTE A1,0.0,0.0
201400059142,25,10,14,2,3,972,13,2,1,1,6,6ROUTE NATIONALE 6,0.0,0.0
201400059143,27,10,14,0,3,972,13,2,1,1,6,6ROUTE NATIONALE 1,0.0,0.0
201400059144,30,10,14,18,2,972,13,2,1,1,6,1ROUTE DEPARTEMENTALE 3,0.0,0.0
201400059145,31,10,14,23,3,972,13,2,1,1,3,2ROUTE NATIONALE 5,0.0,0.0
201400059146,1,11,14,5,3,972,13,1,1,1,6,BELFORT (CHEMIN RURAL N?,0.0,0.0
201400059147,3,11,14,12,1,972,13,1,1,1,2,ROUTE DEPARTEMENTALE 3,0.0,0.0
201400059148,6,11,14,14,1,972,13,1,1,1,4,AUTOROUTE A1,0.0,0.0
201400059149,13,11,14,19,5,972,13,1,1,1,6,ROUTE DEPARTEMENTALE 15,0.0,0.0
201400059150,17,11,14,10,1,972,13,1,1,1,2,AUTOROUTE A1,0.0,0.0
201400059151,21,11,14,11,1,972,13,1,1,1,1,BELLEVUE (CHEMIN RURAL D,0.0,0.0
201400059152,26,11,14,14,1,972,13,1,1,1,6,ROUTE NATIONALE 1,0.0,0.0
201400059153,2,12,14,16,1,972,13,1,1,1,2,AUTOROUTE A1,0.0,0.0
201400059154,2,12,14,17,1,972,13,2,1,1,6,BOIS D'INDE (CITE),0.0,0.0
201400059155,5,12,14,14,1,972,13,1,1,1,3,AUTOROUTE A1,0.0,0.0
201400059156,10,12,14,12,1,972,13,1,1,1,3,ROUTE DEPARTEMENTALE 15,0.0,0.0
201400059157,10,12,14,15,1,972,13,1,1,1,1,BOIS CARRE (RUE DU),0.0,0.0
201400059158,13,12,14,0,3,972,13,1,1,1,2,ROUTE NATIONALE 1,0.0,0.0
201400059159,20,12,14,0,5,972,13,2,3,1,1,ROUTE DEPARTEMENTALE 3,0.0,0.0
201400059160,20,12,14,14,1,972,13,2,1,1,1,"6, FOUR A CHAUX (CHEMIN",0.0,0.0
201400059161,25,12,14,12,1,972,13,1,1,1,6,AUTOROUTE A1,0.0,0.0
201400059162,28,12,14,1,3,972,13,1,1,1,1,ROUTE DEPARTEMENTALE 3,0.0,0.0
201400059163,28,12,14,9,1,972,13,1,1,1,2,ROUTE DEPARTEMENTALE 15,0.0,0.0
201400059164,2,10,14,12,1,973,2,1,1,1,2,"1168, MONTABO (ROUTE DE)",0.0,0.0
201400059165,9,9,14,23,5,973,2,1,2,2,1,3TROUBIRAN (CHEMIN DE),0.0,0.0
201400059166,6,1,14,9,1,973,2,1,1,1,1,2ROUTE NATIONALE II,0.0,0.0
201400059167,6,1,14,18,1,973,2,2,3,3,1,"3794, BADUEL (ROUTE DE)",0.0,0.0
201400059168,8,1,14,13,1,973,2,2,2,6,1,"31, CATAYEE (JUSTIN)",0.0,0.0
201400059169,10,1,14,7,1,973,2,2,1,-1,2,"12019, RABAN (ROUTE DE)",0.0,0.0
201400059170,12,1,14,20,5,973,2,1,1,1,2,"31296, MADELEINE (ROUTE",0.0,0.0
201400059171,13,1,14,16,1,973,2,2,1,-1,5,"513, MONTABO (ROUTE DE)",0.0,0.0
201400059172,13,1,14,17,1,973,2,1,1,1,1,"2462, MADELEINE (ROUTE D",0.0,0.0
201400059173,15,1,14,16,1,973,2,1,4,3,2,"32371, SAINT ANTOINE (CH",0.0,0.0
201400059174,16,1,14,15,1,973,2,2,1,1,3,"18, ZEPHIR (ROCADE)",0.0,0.0
201400059175,17,1,14,11,1,973,2,2,1,1,3,MADELEINE (ROUTE DE LA),0.0,0.0
201400059176,18,1,14,16,1,973,2,2,1,1,3,VOLTAIRE(AVENUE),0.0,0.0
201400059177,14,1,14,10,1,973,2,2,1,1,1,1MONTABO (ROUTE DE) 1,0.0,0.0
201400059178,20,1,14,17,1,973,2,2,1,1,3,BADUEL (ROND POINT DE),0.0,0.0
201400059179,22,1,14,15,1,973,2,2,3,1,3,"1, LIBERTE (AVENUE DE LA",0.0,0.0
201400059180,26,1,14,10,1,973,2,2,3,1,6,"1, BOUDINOT (AUGUSTE) CI",0.0,0.0
201400059181,27,1,14,13,1,973,2,1,1,1,3,"3343, BADUEL (ROUTE DE)",0.0,0.0
201400059182,31,1,14,14,1,973,2,1,1,2,3,"29, CABASSOU (ROUTE DE)",0.0,0.0
201400059183,1,2,14,18,1,973,2,2,1,1,1,"185, TROUBIRAN (CHEMIN D",0.0,0.0
201400059184,1,2,14,19,2,973,2,2,1,1,1,"386, BADUEL (ROUTE DE)",0.0,0.0
201400059185,3,2,14,15,1,973,2,2,1,1,6,6JUBELIN (BOULEVARD),0.0,0.0
201400059186,5,2,14,19,5,973,2,1,1,-1,5,"23880, MONTABO (ROUTE DE",0.0,0.0
201400059187,14,10,14,12,1,973,2,1,1,1,2,"35, DIGUE RONJON",0.0,0.0
201400059188,6,2,14,12,1,973,2,1,1,1,3,3CRIQUE FOUILLEE (ROND P,0.0,0.0
201400059189,7,2,14,16,1,973,2,2,1,1,1,"318, BADUEL (ROUTE DE)",0.0,0.0
201400059190,19,12,14,12,1,973,2,1,1,1,3,TIGRE (ROUTE DU),0.0,0.0
201400059191,13,12,14,14,1,973,2,2,3,1,3,CABASSOU (ROUTE DE),0.0,0.0
201400059192,12,2,14,18,2,973,2,1,1,1,1,"140B, SUZINI (CARREFOUR)",0.0,0.0
201400059193,14,2,14,15,1,973,2,2,3,3,1,3MADELEINE (ROUTE DE LA),0.0,0.0
201400059194,18,2,14,18,1,973,2,1,1,1,1,"11369, MADELEINE (ROUTE",0.0,0.0
201400059195,18,2,14,19,5,973,2,2,1,1,1,"33, MONTABO (ROUTE DE) 1",0.0,0.0
201400059196,19,2,14,8,1,973,2,2,3,3,1,"31, RABAN (ROUTE DE)",0.0,0.0
201400059197,20,2,14,11,1,973,2,1,1,1,2,"3822, MONTABO (ROUTE DE)",0.0,0.0
201400059198,21,2,14,9,1,973,2,1,1,1,6,"11315, MADELEINE (ROUTE",0.0,0.0
201400059199,26,2,14,16,1,973,2,1,2,3,5,"31357, MADELEINE (ROUTE",0.0,0.0
201400059200,27,2,14,20,5,973,2,2,2,2,3,"311, CONSTANT CHLORE(RUE",0.0,0.0
201400059201,28,2,14,11,1,973,2,1,1,1,1,"32788, MADELEINE (ROUTE",0.0,0.0
201400059202,6,3,14,17,1,973,2,2,1,1,2,MARINGOUINS (ROND-POINT),0.0,0.0
201400059203,6,3,14,19,5,973,2,2,1,1,6,BONHOMME (CITE),0.0,0.0
201400059204,6,3,14,15,1,973,2,1,9,1,3,COLLERY (ZONE INDUSTRIEL,0.0,0.0
201400059205,6,3,14,13,1,973,2,2,1,1,6,"5, MANGO (ROUTE)",0.0,0.0
201400059206,8,3,14,14,1,973,2,2,1,1,6,"28, TECLE (EUGENE) CITE",0.0,0.0
201400059207,15,3,14,22,5,973,2,2,1,1,3,DIGUE RONJON,0.0,0.0
201400059208,12,3,14,7,1,973,2,1,1,1,3,"679, BADUEL (ROUTE DE)",0.0,0.0
201400059209,14,3,14,20,5,973,2,2,1,1,1,"15, ESTREES (AVENUE D')",0.0,0.0
201400059210,15,3,14,23,5,973,2,2,1,1,2,CABASSOU (ROUTE DE),0.0,0.0
201400059211,19,3,14,17,1,973,2,1,1,1,3,"BP6021, EBOUE (ROCADE FE",0.0,0.0
201400059212,20,3,14,18,4,973,2,1,9,1,1,"1296, MADELEINE (ROUTE D",0.0,0.0
201400059213,21,3,14,18,1,973,2,2,1,1,3,"1696, BADUEL (ROUTE DE)",0.0,0.0
201400059214,26,3,14,18,5,973,2,2,1,1,6,"1254, MADELEINE (ROUTE D",0.0,0.0
201400059215,28,3,14,21,5,973,2,2,1,1,6,"77, DE GAULLE (AVENUE)",0.0,0.0
201400059216,28,3,14,12,1,973,2,1,1,1,3,ROUTE NATIONALE 1,0.0,0.0
201400059217,31,3,14,10,1,973,2,2,1,1,6,"12, ADJUDANT PINDARD (RU",0.0,0.0
201400059218,31,3,14,18,1,973,2,2,1,1,6,"0.5, JADFARD (RENE)",0.0,0.0
201400059219,31,3,14,12,1,973,2,1,3,1,3,MONTABO (ROUTE DE) 4,0.0,0.0
201400059220,3,4,14,16,1,973,2,2,1,1,6,"2357, MADELEINE (ROUTE D",0.0,0.0
201400059221,5,4,14,0,5,973,2,2,3,1,1,HAMEAU DES ENCENS (RUE D,0.0,0.0
201400059222,6,4,14,6,1,973,2,2,1,1,2,"4160, MONTABO (ROUTE DE)",0.0,0.0
201400059223,9,4,14,10,1,973,2,2,1,1,3,"18, EUGENE GOBERT(RUE)",0.0,0.0
201400059224,9,4,14,18,1,973,2,2,1,1,3,"1918, MONTABO (ROUTE DE)",0.0,0.0
201400059225,13,4,14,16,1,973,2,2,1,1,6,"36, PREVOT (ERNEST)",0.0,0.0
201400059226,11,4,14,15,1,973,2,1,3,1,3,"1053, CABASSOU (ROUTE DE",0.0,0.0
201400059227,20,4,14,11,1,973,2,2,1,1,6,PREVOT (ERNEST),0.0,0.0
201400059228,24,4,14,19,5,973,2,2,6,1,3,KET TAI (CARREFOUR),0.0,0.0
201400059229,25,4,14,19,5,973,2,2,1,1,3,"2371, BADUEL (ROUTE DE)",0.0,0.0
201400059230,27,4,14,21,5,973,2,1,1,1,1,"27, DALHIAS (RUE DES) CI",0.0,0.0
201400059231,1,5,14,2,3,973,2,2,2,1,1,JUBELIN (BOULEVARD),0.0,0.0
201400059232,2,5,14,18,5,973,2,1,1,1,6,"62, MANGUES (RUE DES - C",0.0,0.0
201400059233,8,5,14,7,1,973,2,2,3,1,3,COLOMB (CHRISTOPHE),0.0,0.0
201400059234,8,5,14,8,1,973,2,1,3,1,6,"01, FLAMBOYANTS (RUE DES",0.0,0.0
201400059235,10,5,14,0,5,973,2,2,2,1,3,"01, ROUGET DE L ' ISLE",0.0,0.0
201400059236,11,5,14,8,1,973,2,1,1,1,2,"1560, TROUBIRAN (CHEMIN",0.0,0.0
201400059237,18,5,14,22,1,973,2,2,1,1,3,"24, LAFAURIE (CITE)",0.0,0.0
201400059238,19,5,14,6,1,973,2,2,1,8,6,"7, TROUBIRAN (CHEMIN DE)",0.0,0.0
201400059239,21,5,14,15,1,973,2,2,3,1,3,TIGRE (ROUTE DU),0.0,0.0
201400059240,24,5,14,10,1,973,2,1,1,1,3,"13, BOUDINOT (AUGUSTE) C",0.0,0.0
201400059241,26,5,14,11,1,973,2,1,2,1,3,"14, DALHIAS (RUE DES) CI",0.0,0.0
201400059242,2,6,14,6,2,973,2,2,6,1,6,"71, KET TAI (CARREFOUR)",0.0,0.0
201400059243,7,6,14,20,5,973,2,1,1,1,1,"32496, MONTABO (ROUTE DE",0.0,0.0
201400059244,8,6,14,20,5,973,2,1,2,1,1,"3275, MONTABO (ROUTE DE",0.0,0.0
201400059245,9,6,14,15,1,973,2,1,3,2,1,"30, TIGRE (ROUTE DU)",0.0,0.0
201400059246,5,6,14,13,1,973,2,2,2,2,1,"215, DERBES (GEORGES)",0.0,0.0
201400059247,10,6,14,6,1,973,2,1,1,-1,6,"72346, BADUEL (ROUTE DE)",0.0,0.0
201400059248,20,6,14,22,5,973,2,2,2,1,1,3FELIX EBOUE (Rue),0.0,0.0
201400059249,26,6,14,2,5,973,2,1,3,-1,6,"71299, MONTABO (ROUTE DE",0.0,0.0
201400059250,30,6,14,8,1,973,2,1,1,-1,1,"32738, MONTABO (ROUTE DE",0.0,0.0
201400059251,1,7,14,12,1,973,2,1,4,1,3,"1235, RABAN (ROUTE DE)",0.0,0.0
201400059252,3,7,14,12,1,973,2,2,1,1,3,"493, MADELEINE (ROUTE DE",0.0,0.0
201400059253,8,7,14,10,1,973,2,2,1,2,2,"10, REPUBLIQUE (BD DE LA",0.0,0.0
201400059254,8,7,14,12,1,973,2,1,1,2,6,"471, BADUEL (ROUTE DE)",0.0,0.0
201400059255,12,7,14,10,1,973,2,1,3,1,3,LAFAURIE (CITE),0.0,0.0
201400059256,12,7,14,21,5,973,2,2,2,1,3,"40, JUBELIN (BOULEVARD)",0.0,0.0
201400059257,7,8,14,1,5,973,2,1,1,1,6,"61503, RABAN (ROUTE DE)",0.0,0.0
201400059258,14,8,14,0,5,973,2,1,1,1,6,7ZONE COLLERY I OU II,0.0,0.0
201400059259,14,8,14,8,1,973,2,1,1,1,6,"12682, MADELEINE (ROUTE",0.0,0.0
201400059260,14,8,14,12,1,973,2,2,3,2,1,"30, BADUEL (ROUTE DE)",0.0,0.0
201400059261,13,8,14,20,5,973,2,2,2,2,1,3ARAGO (FRANCOIS),0.0,0.0
201400059262,14,8,14,15,1,973,2,1,1,1,1,"12210, TIGRE (ROUTE DU)",0.0,0.0
201400059263,16,8,14,8,1,973,2,2,1,1,6,"10, BRASSE (LIEUTENANT)",0.0,0.0
201400059264,30,8,14,1,5,973,2,1,1,1,7,ROUTE NATIONALE 1,0.0,0.0
201400059265,5,9,14,18,1,973,2,1,1,1,6,6MADELEINE (ROUTE DE LA),0.0,0.0
201400059266,6,9,14,12,1,973,2,1,1,1,1,"329, CABASSOU (CITE)",0.0,0.0
201400059267,8,9,14,12,1,973,2,1,1,1,1,"34062, MONTABO (DOMAINE",0.0,0.0
201400059268,9,9,14,10,1,973,2,2,1,1,6,"626, DE GAULLE (AVENUE)",0.0,0.0
201400059269,12,9,14,8,1,973,2,1,3,3,1,3TIGRE (ROUTE DU),0.0,0.0
201400059270,12,9,14,18,1,973,2,1,1,-1,1,"3419, MANGO (ROUTE)",0.0,0.0
201400059271,14,9,14,7,1,973,2,2,2,3,1,"316, HEDER (AVENUE LEOPO",0.0,0.0
201400059272,15,9,14,19,5,973,2,1,6,-1,1,"20.5, MARINGOUINS (ROND-",0.0,0.0
201400059273,16,9,14,8,1,973,2,2,1,1,1,3MONTABO (ROUTE DE) 1,0.0,0.0
201400059274,19,9,14,20,3,973,2,1,1,1,6,"38, ZONE COLLERY I OU II",0.0,0.0
201400059275,20,9,14,17,1,973,2,1,1,-1,1,2CRIQUE FOUILLEE (ROND P,0.0,0.0
201400059276,23,9,14,17,1,973,2,1,2,2,1,"325, CABASSOU (ROUTE DE)",0.0,0.0
201400059277,23,9,14,20,5,973,2,1,1,1,6,1RABAN (ROUTE DE),0.0,0.0
201400059278,19,9,14,7,1,973,2,2,2,3,6,6FLAMBOYANTS (RUE DES),0.0,0.0
201400059279,1,10,14,17,1,973,2,1,3,1,1,MONTABO (ROUTE DE) 2,0.0,0.0
201400059280,2,10,14,19,5,973,2,2,1,1,3,"0.5, BOULEVARD DES CITES",0.0,0.0
201400059281,3,10,14,13,1,973,2,1,1,1,3,MADELEINE (ROUTE DE LA),0.0,0.0
201400059282,6,10,14,17,1,973,2,2,1,1,3,"1, SOURCE DE BADUEL (CHE",0.0,0.0
201400059283,17,10,14,7,1,973,2,2,3,1,3,CHATENAY (CITE),0.0,0.0