Num_Acc,jour,mois,an,hr,condition_eclairage,departement,commune,condition_agglomeration,intersection,condition_atmosphere,type_collision,adresse,lattitude,longitude
201400059284,17,10,14,14,1,973,2,1,1,1,5,"1436, FELIX EBOUE(ROCADE",0.0,0.0
201400059285,22,10,14,20,5,973,2,2,1,9,2,"25, CESAIRE (CITE)",0.0,0.0
201400059286,24,10,14,19,5,973,2,2,3,1,3,ARON (ANDRE),0.0,0.0
201400059287,27,10,14,17,1,973,2,2,1,1,6,"1010, MONTABO (DOMAINE D",0.0,0.0
201400059288,31,10,14,13,1,973,2,2,1,1,3,"471, BADUEL (ROUTE DE)",0.0,0.0
201400059289,1,11,14,16,1,973,2,2,1,1,3,"1816, EBOUE (ROCADE FELI",0.0,0.0
201400059290,3,11,14,16,1,973,2,2,1,1,3,"1, PATIENT (LOTISSEMENT)",0.0,0.0
201400059291,13,11,14,11,1,973,2,1,1,1,6,"208, CABASSOU (ROUTE DE)",0.0,0.0
201400059292,17,11,14,7,1,973,2,2,2,1,3,"2059, MADELEINE (ROUTE D",0.0,0.0
201400059293,25,11,14,8,1,973,2,1,1,1,3,"1436, BADUEL (ROUTE DE)",0.0,0.0
201400059294,28,11,14,9,1,973,2,2,3,1,3,"1491, HILAIRE(CHEMIN)",0.0,0.0
201400059295,29,11,14,7,1,973,2,2,1,1,3,"1491, MADELEINE (ROUTE D",0.0,0.0
201400059296,29,11,14,16,1,973,2,2,3,1,3,"14, 14 ET 22 JUIN 1962",0.0,0.0
201400059297,1,12,14,17,1,973,2,2,1,1,3,"0.5, MADELEINE (ROUTE DE",0.0,0.0
201400059298,1,12,14,18,1,973,2,2,1,1,3,"2788, MADELEINE (ROUTE D",0.0,0.0
201400059299,2,12,14,16,1,973,2,1,3,1,5,"2496, MONTABO (ROUTE DE)",0.0,0.0
201400059300,2,12,14,20,5,973,2,2,1,1,3,"45, HEDER (AVENUE LEOPOL",0.0,0.0
201400059301,3,12,14,11,1,973,2,2,1,1,6,HEDER (AVENUE LEOPOLD),0.0,0.0
201400059302,4,12,14,6,1,973,2,1,1,1,6,"1, BOUDINOT (AUGUSTE) CI",0.0,0.0
201400059303,6,12,14,20,5,973,2,1,3,2,3,HORTH (CITE),0.0,0.0
201400059304,3,12,14,18,5,973,2,2,1,1,3,"23, JUBELIN (BOULEVARD)",0.0,0.0
201400059305,5,12,14,17,1,973,2,2,2,1,6,"15, POLYCARPE (VERMONT)",0.0,0.0
201400059306,8,12,14,14,1,973,2,2,1,1,3,"2000, MADELEINE (ROUTE D",0.0,0.0
201400059307,8,12,14,20,5,973,2,1,1,1,6,"3667, MONTABO (ROUTE DE)",0.0,0.0
201400059308,10,12,14,0,5,973,2,2,2,1,3,"1, JUBELIN (BOULEVARD)",0.0,0.0
201400059309,12,12,14,9,1,973,2,2,1,1,3,"1357, MADELEINE (ROUTE D",0.0,0.0
201400059310,13,12,14,13,1,973,2,2,1,2,1,"1427, RABAN (ROUTE DE)",0.0,0.0
201400059311,13,12,14,19,5,973,2,2,1,1,2,"05, BRUTUS (CITE)",0.0,0.0
201400059312,16,12,14,8,1,973,2,1,1,1,2,"1, ROUTE NATIONALE II",0.0,0.0
201400059313,15,12,14,11,1,973,2,1,1,1,6,MANGO (ROUTE),0.0,0.0
201400059314,17,12,14,13,1,973,2,2,1,1,1,"2687, MONTABO (ROUTE DE)",0.0,0.0
201400059315,17,12,14,14,1,973,2,1,1,1,2,"8, FLAMBOYANTS (RUE DES)",0.0,0.0
201400059316,17,12,14,20,5,973,2,1,1,1,3,"1, ROUTE NATIONALE 1",0.0,0.0
201400059317,19,12,14,21,5,973,2,2,1,1,3,"0.5, KET TAI (CARREFOUR)",0.0,0.0
201400059318,20,12,14,11,1,973,2,1,1,1,5,"0, ROUTE NATIONALE II",0.0,0.0
201400059319,20,12,14,12,1,973,2,2,1,1,3,MADELEINE (ROUTE DE LA),0.0,0.0
201400059320,21,12,14,23,5,973,2,2,1,1,6,"2957, MONTABO (ROUTE DE)",0.0,0.0
201400059321,22,12,14,18,5,973,2,1,1,1,6,MARINGOUINS (ROND-POINT),0.0,0.0
201400059322,23,12,14,16,1,973,2,1,1,2,5,"1, ROUTE NATIONALE 1",0.0,0.0
201400059323,24,12,14,9,1,973,2,2,1,2,4,"0.5, ROUTE NATIONALE 1",0.0,0.0
201400059324,24,12,14,18,5,973,2,1,1,1,6,"1, TROUBIRAN (CHEMIN DE)",0.0,0.0
201400059325,27,12,14,13,1,973,2,1,1,2,2,"1, REPUBLIQUE (BD DE LA)",0.0,0.0
201400059326,20,1,14,15,1,973,2,1,1,1,2,"36, CHARLERY (GUSTAVE)",0.0,0.0
201400059327,1,1,14,1,5,974,7,2,3,1,3,AVENUE TITAN,0.0,0.0
201400059328,24,1,14,17,1,974,7,2,1,1,6,14 JUILLET 1789(AVENUE D,0.0,0.0
201400059329,1,1,14,4,2,974,7,2,1,1,6,AVENUE TITAN,0.0,0.0
201400059330,8,1,14,19,5,974,7,2,1,1,6,CARPAYE(AVENUE),0.0,0.0
201400059331,9,1,14,16,1,974,7,2,2,1,3,BREST (BOULEVARD),0.0,0.0
201400059332,12,1,14,20,2,974,7,2,1,1,6,CARPAYE(AVENUE),0.0,0.0
201400059333,16,1,14,18,1,974,7,2,1,1,6,CARPAYE(AVENUE),0.0,0.0
201400059334,17,1,14,12,1,974,7,2,1,1,2,LABOUDONNAIS M (RUE),0.0,0.0
201400059335,21,1,14,8,1,974,7,2,2,1,7,BANVILLE(RUELLE),0.0,0.0
201400059336,31,1,14,15,1,974,7,2,1,1,6,BOUVET (AVENUE),0.0,0.0
201400059337,1,2,14,6,1,974,7,2,1,1,2,LABOUDONNAIS M (RUE),0.0,0.0
201400059338,5,2,14,20,5,974,7,1,1,2,3,CARPAYE(AVENUE),0.0,0.0
201400059339,7,2,14,17,1,974,7,2,1,1,2,"546, CARPAYE(AVENUE)",0.0,0.0
201400059340,9,2,14,18,1,974,7,2,1,1,7,14 JUILLET 1789(AVENUE D,0.0,0.0
201400059341,10,2,14,8,1,974,7,1,1,1,6,ROUTE DU SACRE COEUR,0.0,0.0
201400059342,12,2,14,8,1,974,7,2,1,1,6,ROND POINT ROSE DES VENT,0.0,0.0
201400059343,22,2,14,14,1,974,7,1,9,1,6,GANDHI MAHATMA (ALLEE),0.0,0.0
201400059344,2,3,14,19,5,974,7,2,3,1,3,COMMUNE DE PARIS (AVENUE,0.0,0.0
201400059345,4,3,14,22,2,974,7,1,1,1,7,ROUTE DU SACRE COEUR,0.0,0.0
201400059346,6,3,14,12,1,974,7,2,2,1,6,L'ABBE LOUISE(RUELLE),0.0,0.0
201400059347,7,3,14,10,1,974,7,1,1,1,3,ROND POINT BUTTE CITRONN,0.0,0.0
201400059348,8,3,14,21,5,974,7,2,1,1,1,LENINE (AVENUE),0.0,0.0
201400059349,9,3,14,7,1,974,7,2,1,1,1,CARPAYE(AVENUE),0.0,0.0
201400059350,19,3,14,9,1,974,7,2,2,1,7,"48 bis, BOSCH (RUE)",0.0,0.0
201400059351,20,3,14,17,1,974,7,2,1,1,2,ROUTE DU SACRE COEUR,0.0,0.0
201400059352,26,3,14,17,1,974,7,2,1,1,2,ROND POINT BUTTE CITRONN,0.0,0.0
201400059353,28,3,14,10,1,974,7,2,1,1,1,MARINE(BOULEVARD),0.0,0.0
201400059354,29,3,14,5,2,974,7,1,1,1,7,ROUTE DU SACRE COEUR,0.0,0.0
201400059355,2,4,14,18,2,974,7,2,2,1,1,BD DE LA COMPAGNIE DES,0.0,0.0
201400059356,4,4,14,7,1,974,7,2,1,1,7,"0, ROND POINT SACRE COEU",0.0,0.0
201400059357,5,4,14,23,5,974,7,2,1,1,3,"1, ROND POINT DES DANSEU",0.0,0.0
201400059358,15,4,14,17,2,974,7,1,1,2,2,MASCAREIGNES(BOULEVARD),0.0,0.0
201400059359,16,4,14,8,1,974,7,2,1,1,1,DE GAULLE(RUE),0.0,0.0
201400059360,22,4,14,17,1,974,7,2,1,1,2,DE GAULLE(RUE),0.0,0.0
201400059361,26,4,14,13,1,974,7,1,1,1,1,RUE JEAN MOULIN,0.0,0.0
201400059362,28,4,14,21,5,974,7,1,1,1,6,8 ALLEE LOUIS GUILLOUX,0.0,0.0
201400059363,29,4,14,17,2,974,7,2,1,1,2,AVENUE TITAN,0.0,0.0
201400059364,3,5,14,19,2,974,7,2,1,1,1,JAURES (RUE),0.0,0.0
201400059365,6,5,14,12,1,974,7,2,2,1,3,VERDUN (BOULEVARD),0.0,0.0
201400059366,8,5,14,17,2,974,7,2,1,1,6,RUELLE VAN DICK,0.0,0.0
201400059367,12,5,14,2,3,974,7,2,1,1,3,ROUTE NATIONALE N? 4,0.0,0.0
201400059368,17,5,14,17,2,974,7,2,1,1,7,CARPAYE(AVENUE),0.0,0.0
201400059369,26,5,14,7,1,974,7,2,1,1,6,LEPERVENCHE LEON(RUE),0.0,0.0
201400059370,27,5,14,17,2,974,7,2,1,8,1,ROUTE DU SACRE COEUR,0.0,0.0
201400059371,3,6,14,10,1,974,7,1,4,1,3,BREST (BOULEVARD),0.0,0.0
201400059372,4,6,14,7,1,974,7,2,6,1,2,ROND POINT ROSE DES VENT,0.0,0.0
201400059373,6,6,14,18,2,974,7,2,1,1,2,ROUTE NATIONALE N? 4,0.0,0.0
201400059374,7,6,14,0,3,974,7,2,1,1,5,ROUTE NATIONALE N? 1,0.0,0.0
201400059375,11,6,14,15,1,974,7,2,1,1,4,CARPAYE(AVENUE),0.0,0.0
201400059376,13,6,14,19,3,974,7,2,3,1,3,19 MARS 1946(AVENUE DU),0.0,0.0
201400059377,21,6,14,9,1,974,7,2,1,1,3,RUE JACQUES PREVERT,0.0,0.0
201400059378,29,6,14,1,4,974,7,2,1,1,7,BD DE LA COMPAGNIE DES I,0.0,0.0
201400059379,12,7,14,6,2,974,7,1,1,1,7,ROUTE DU SACRE COEUR,0.0,0.0
201400059380,12,7,14,16,1,974,7,2,1,1,6,ARAGON LOUIS(AVENUE),0.0,0.0
201400059381,21,7,14,14,1,974,7,2,3,1,3,SUAREZ ANDRE(RUE),0.0,0.0
201400059382,30,7,14,18,4,974,7,2,1,2,3,CARPAYE(AVENUE),0.0,0.0
201400059383,1,8,14,20,5,974,7,2,1,1,6,CARPAYE(AVENUE),0.0,0.0
201400059384,3,8,14,19,5,974,7,1,1,1,7,ROUTE DU SACRE COEUR,0.0,0.0
201400059385,7,8,14,21,3,974,7,1,1,1,6,ROUTE NATIONALE N? 1,0.0,0.0
201400059386,9,8,14,6,2,974,7,1,1,1,2,ROUTE NATIONALE N? 1,0.0,0.0
201400059387,11,8,14,13,1,974,7,2,3,1,3,19 MARS 1946(AVENUE DU),0.0,0.0
201400059388,14,8,14,6,2,974,7,1,1,1,3,ROND POINT SACRE COEUR,0.0,0.0
201400059389,19,8,14,6,2,974,7,2,2,1,3,DE GAULLE(RUE),0.0,0.0
201400059390,19,8,14,17,1,974,7,2,1,1,3,14 JUILLET 1789(AVENUE D,0.0,0.0
201400059391,21,8,14,7,1,974,7,2,1,1,2,28 NOVEMBRE 1942(AVENUE),0.0,0.0
201400059392,21,8,14,12,1,974,7,1,1,1,3,ROUTE DU SACRE COEUR,0.0,0.0
201400059393,23,8,14,16,1,974,7,2,1,1,2,CARPAYE(AVENUE),0.0,0.0
201400059394,26,8,14,11,1,974,7,2,1,2,3,RUE JACQUES DUCLOS,0.0,0.0
201400059395,5,9,14,21,3,974,7,2,3,1,3,19 MARS 1946(AVENUE DU),0.0,0.0
201400059396,9,9,14,7,1,974,7,2,2,1,3,VERDUN (BOULEVARD),0.0,0.0
201400059397,11,9,14,7,1,974,7,2,1,1,3,RUE JACQUES PREVERT,0.0,0.0
201400059398,17,9,14,11,1,974,7,2,1,1,2,FRANKEL (RUE),0.0,0.0
201400059399,22,9,14,13,1,974,7,2,1,1,6,BOSSE (RUE),0.0,0.0
201400059400,25,9,14,10,1,974,7,1,1,1,6,PARIS (AVENUE),0.0,0.0
201400059401,26,9,14,19,5,974,7,2,1,1,2,BD DE LA COMPAGNIE DES I,0.0,0.0
201400059402,27,9,14,0,5,974,7,2,1,1,7,VERDUN (BOULEVARD),0.0,0.0
201400059403,3,10,14,16,1,974,7,2,1,1,1,GRENOBLE(RUE),0.0,0.0
201400059404,11,10,14,21,5,974,7,2,1,1,3,RUE JACQUES DUCLOS,0.0,0.0
201400059405,17,10,14,13,1,974,7,2,1,1,2,MASCAREIGNES(BOULEVARD),0.0,0.0
201400059406,25,10,14,0,3,974,7,1,1,1,4,ROUTE NATIONALE N? 1,0.0,0.0
201400059407,8,11,14,19,4,974,7,2,1,1,7,CARPAYE(AVENUE),0.0,0.0
201400059408,12,11,14,8,1,974,7,2,1,1,2,INDE(RUE),0.0,0.0
201400059409,15,11,14,7,1,974,7,1,1,1,7,ROUTE NATIONALE N? 1,0.0,0.0
201400059410,23,11,14,21,3,974,7,1,1,1,7,ROUTE NATIONALE N? 1,0.0,0.0
201400059411,24,11,14,7,1,974,7,2,1,1,3,COMMUNE DE PARIS (AVENUE,0.0,0.0
201400059412,30,11,14,11,1,974,7,2,3,1,3,CARPAYE(AVENUE),0.0,0.0
201400059413,2,12,14,9,1,974,7,2,1,1,3,INDE(RUE),0.0,0.0
201400059414,2,12,14,16,1,974,7,1,1,1,3,ROUTE NATIONALE N? 1,0.0,0.0
201400059415,4,12,14,20,3,974,7,2,6,1,7,MASCAREIGNES(BOULEVARD),0.0,0.0
201400059416,5,12,14,9,1,974,7,1,1,1,6,BD DE LA COMPAGNIE DES I,0.0,0.0
201400059417,9,12,14,20,3,974,7,2,1,1,7,VERGES(AVENUE),0.0,0.0
201400059418,12,12,14,22,5,974,7,2,1,1,7,CARPAYE(AVENUE),0.0,0.0
201400059419,13,12,14,8,1,974,7,2,1,1,6,PARIS (AVENUE),0.0,0.0
201400059420,16,12,14,16,1,974,7,2,2,1,3,PARIS (AVENUE),0.0,0.0
201400059421,19,12,14,23,3,974,7,1,1,2,5,ROUTE NATIONALE N? 1,0.0,0.0
201400059422,22,12,14,17,1,974,7,1,1,1,2,ROUTE NATIONALE N? 1,0.0,0.0
201400059423,23,12,14,20,3,974,7,1,1,1,1,BD DE LA COMPAGNIE DES I,0.0,0.0
201400059424,26,12,14,22,5,974,7,2,1,1,7,CARPAYE(AVENUE),0.0,0.0
201400059425,27,12,14,23,3,974,7,1,1,1,7,TAMATAVE (BOULEVARD),0.0,0.0
201400059426,31,10,14,23,4,974,7,2,2,1,1,2CARPAYE(AVENUE),0.0,0.0
201400059427,10,1,14,19,2,974,9,1,1,1,3,PATELIN (chemin),0.0,0.0
201400059428,15,1,14,12,1,974,9,1,1,1,6,ROCADE SUD(RUE),0.0,0.0
201400059429,15,1,14,20,3,974,9,1,1,1,3,Salazie (route de),0.0,0.0
201400059430,26,1,14,18,2,974,9,1,1,1,3,PATELIN (chemin),0.0,0.0
201400059431,29,1,14,19,5,974,9,2,1,2,7,RN2 SENS ST BENOIT ST DE,0.0,0.0
201400059432,20,3,14,17,1,974,9,2,1,1,3,DE BOURBON(AVENUE),0.0,0.0
201400059433,9,3,14,16,1,974,9,2,1,1,2,Rio (chemin),0.0,0.0
201400059434,24,3,14,19,2,974,9,2,1,1,7,MASCAREIGNES (Avenue des,0.0,0.0
201400059435,25,3,14,19,4,974,9,2,1,1,2,Lefaguyes (chemin),0.0,0.0
201400059436,5,3,14,13,1,974,9,2,1,1,3,"1827, LAGOURGUE(CHEMIN)",0.0,0.0
201400059437,12,3,14,13,1,974,9,1,1,1,2,RN2 SENS STE SUZANNE ST,0.0,0.0
201400059438,13,3,14,8,1,974,9,2,1,2,2,Lefaguyes (chemin),0.0,0.0
201400059439,22,3,14,12,1,974,9,2,1,3,7,Salazie (route de),0.0,0.0
201400059440,4,4,14,18,2,974,9,2,1,1,3,DE LA REPUBLIQUE(AVENUE),0.0,0.0
201400059441,26,3,14,10,1,974,9,1,1,1,7,LETCHIS(RUE),0.0,0.0
201400059442,31,3,14,8,1,974,9,2,1,1,6,BALANCE (Chemin),0.0,0.0
201400059443,18,1,14,23,3,974,9,2,1,1,7,ILE DE FRANCE(AVENUE),0.0,0.0
201400059444,24,1,14,16,1,974,9,2,1,1,7,Salazie (route de),0.0,0.0
201400059445,29,1,14,21,5,974,9,2,1,1,7,1 SECT STA,0.0,0.0
201400059446,11,1,14,20,5,974,9,2,1,1,6,DE LA GARE(RUE),0.0,0.0
201400059447,9,2,14,15,1,974,9,2,1,1,3,RN2 SENS STE SUZANNE ST,0.0,0.0
201400059448,19,2,14,6,1,974,9,2,1,1,3,MASCAREIGNES (Avenue des,0.0,0.0
201400059449,21,2,14,8,1,974,9,2,1,1,7,ILE DE FRANCE(AVENUE),0.0,0.0
201400059450,26,2,14,20,5,974,9,2,1,1,3,"716, MAUNIER(RUE)",0.0,0.0
201400059451,16,3,14,22,5,974,9,2,1,2,7,RN2 SENS STE SUZANNE ST,0.0,0.0
201400059452,26,2,14,8,1,974,9,2,1,3,7,Salazie (route de),0.0,0.0
201400059453,4,4,14,3,5,974,9,2,1,2,7,PENTE SASSY (chemin de l,0.0,0.0
201400059454,15,4,14,9,1,974,9,2,1,1,3,MIGUEL(CHEMIN),0.0,0.0
201400059455,25,4,14,17,1,974,9,2,1,1,6,MELODIUM(RUE),0.0,0.0
201400059456,25,4,14,16,1,974,9,2,1,1,7,PATELIN (chemin),0.0,0.0
201400059457,14,4,14,12,1,974,9,2,1,2,1,rue andropolis,0.0,0.0
201400059458,14,4,14,13,1,974,9,2,1,3,1,Salazie (route de),0.0,0.0
201400059459,3,5,14,12,1,974,9,2,2,1,3,"IGNORE, BOIS ROUGE (chem",0.0,0.0
201400059460,8,5,14,12,1,974,9,1,1,1,5,DU PETIT BAZAR(RUELLE),0.0,0.0
201400059461,15,5,14,6,2,974,9,1,1,1,6,Lefaguyes (chemin),0.0,0.0
201400059462,17,5,14,18,5,974,9,2,1,1,2,DU LYCEE(RUE),0.0,0.0
201400059463,21,5,14,18,5,974,9,1,1,1,7,RN2 SENS STE SUZANNE ST,0.0,0.0
201400059464,23,5,14,16,1,974,9,1,1,1,1,CHEMIN VALENTIN,0.0,0.0
201400059465,23,5,14,20,5,974,9,1,1,1,3,PENTE SASSY (chemin de l,0.0,0.0
201400059466,29,5,14,15,1,974,9,1,6,1,3,CAMBUSTON (rue de),0.0,0.0
201400059467,6,6,14,11,1,974,9,2,1,1,2,MINGARD(RUE),0.0,0.0
201400059468,8,6,14,18,2,974,9,1,1,1,1,ILE DE FRANCE(AVENUE),0.0,0.0
201400059469,12,11,14,7,1,974,9,1,1,1,3,LAGOURGUE(CHEMIN),0.0,0.0
201400059470,13,6,14,11,1,974,9,1,1,1,3,PENTE SASSY (chemin de l,0.0,0.0
201400059471,22,6,14,23,3,974,9,1,1,1,7,"00, RN2 SENS STE SUZANNE",0.0,0.0
201400059472,28,6,14,21,5,974,9,2,1,1,2,MASCAREIGNES (Avenue des,0.0,0.0
201400059473,30,6,14,16,1,974,9,1,1,1,2,RN2 SENS STE SUZANNE ST,0.0,0.0
201400059474,21,4,14,15,1,974,9,2,1,1,6,"284, BLARD (chemin)",0.0,0.0
201400059475,21,4,14,3,3,974,9,2,1,1,7,CAMBUSTON (rue de),0.0,0.0
201400059476,3,4,14,8,1,974,9,2,2,-1,6,7Salazie (route de),0.0,0.0
201400059477,19,4,14,23,5,974,9,2,1,2,1,"31, ROCADE SUD(RUE)",0.0,0.0
201400059478,1,8,14,18,5,974,9,1,1,1,6,CHAMPS BORNE (ROUTE DE),0.0,0.0
201400059479,8,8,14,21,5,974,9,2,6,1,2,DE LA REPUBLIQUE(AVENUE),0.0,0.0
201400059480,9,8,14,10,1,974,9,1,1,1,6,RN2 SENS STE SUZANNE ST,0.0,0.0
201400059481,9,8,14,20,5,974,9,1,1,1,7,PATELIN (chemin),0.0,0.0
201400059482,16,8,14,1,5,974,9,1,1,1,3,CRESSONNIERE (rue de la),0.0,0.0
201400059483,27,8,14,12,1,974,9,1,1,1,6,CRESSONNIERE (rue de la),0.0,0.0
201400059484,9,9,14,8,1,974,9,2,1,1,6,CAMBUSTON (rue de),0.0,0.0
201400059485,11,9,14,15,1,974,9,2,1,1,3,DE LA COMMUNAUTE(RUE),0.0,0.0
201400059486,14,9,14,5,1,974,9,1,1,1,7,RN2 SENS STE SUZANNE ST,0.0,0.0
201400059487,16,9,14,16,1,974,9,2,3,1,3,DU BUTOR(RUE),0.0,0.0
201400059488,7,9,14,19,5,974,9,2,1,1,6,DE LA GARE(RUE),0.0,0.0
201400059489,5,9,14,17,1,974,9,1,1,1,3,PENTE SASSY (chemin de l,0.0,0.0
201400059490,2,9,14,15,1,974,9,1,1,1,3,MINGARD(RUE),0.0,0.0
201400059491,1,9,14,8,1,974,9,1,1,1,1,Rue Victoria,0.0,0.0
201400059492,1,5,14,23,3,974,9,2,1,1,7,3? SECT STA,0.0,0.0
201400059493,1,6,14,9,1,974,9,2,1,1,2,3? SECT STA,0.0,0.0
201400059494,19,6,14,9,1,974,9,1,1,2,6,Salazie (route de),0.0,0.0
201400059495,27,6,14,10,1,974,9,1,1,1,3,RN2 SENS ST BENOIT ST DE,0.0,0.0
201400059496,9,7,14,17,1,974,9,1,1,1,7,", Salazie (route de)",0.0,0.0
201400059497,12,7,14,17,1,974,9,2,1,1,6,DE LA GARE(RUE),0.0,0.0
201400059498,19,7,14,23,3,974,9,1,1,1,7,Salazie (route de),0.0,0.0
201400059499,25,7,14,8,1,974,9,2,9,1,7,RN2 SENS ST BENOIT ST DE,0.0,0.0
201400059500,31,7,14,17,1,974,9,2,1,1,6,DU CENTRE(CHEMIN),0.0,0.0
201400059501,28,9,14,19,3,974,9,1,1,1,6,RN2 SENS ST BENOIT ST DE,0.0,0.0
201400059502,10,10,14,11,1,974,9,1,1,1,6,Lefaguyes (chemin),0.0,0.0
201400059503,11,10,14,16,1,974,9,1,1,1,3,CRESSONNIERE (rue de la),0.0,0.0
201400059504,12,10,14,17,1,974,9,1,1,1,3,PENTE SASSY (chemin de l,0.0,0.0
201400059505,17,10,14,16,1,974,9,2,1,1,3,DU LYCEE(RUE),0.0,0.0
201400059506,23,10,14,18,1,974,9,1,3,1,3,CHAMPS BORNE (ROUTE DE),0.0,0.0
201400059507,12,11,14,9,1,974,9,2,1,1,2,MASCAREIGNES (Avenue des,0.0,0.0
201400059508,13,8,14,15,1,974,9,2,1,1,7,CAMBUSTON (rue de),0.0,0.0
201400059509,18,11,14,0,1,974,9,1,1,1,7,MILLE ROCHES(RUE),0.0,0.0
201400059510,23,11,14,11,1,974,9,2,1,1,6,CAMBUSTON (rue de),0.0,0.0
201400059511,24,11,14,8,1,974,9,2,1,1,4,DE LA COMMUNAUTE(RUE),0.0,0.0
201400059512,29,11,14,22,5,974,9,2,1,1,6,CAMBUSTON (rue de),0.0,0.0
201400059513,29,11,14,0,5,974,9,1,1,1,6,BEL OMBRE (chemin),0.0,0.0
201400059514,30,11,14,0,5,974,9,1,1,1,6,Grand Canal ( chemin),0.0,0.0
201400059515,3,12,14,13,1,974,9,1,1,1,2,"0, BOIS ROUGE (chemin du",0.0,0.0
201400059516,10,12,14,17,1,974,9,2,1,1,6,ROCADE SUD(RUE),0.0,0.0
201400059517,10,12,14,16,1,974,9,1,1,1,4,RN2 SENS STE SUZANNE ST,0.0,0.0
201400059518,16,12,14,15,1,974,9,1,1,1,1,Salazie (route de),0.0,0.0
201400059519,16,12,14,16,1,974,9,1,1,1,7,Salazie (route de),0.0,0.0
201400059520,19,12,14,22,5,974,9,2,1,1,6,Ravine creuse (chemin),0.0,0.0
201400059521,20,12,14,17,1,974,9,2,1,1,6,MIGUEL(CHEMIN),0.0,0.0
201400059522,24,12,14,9,1,974,9,2,1,1,7,D'EAU(CHEMIN),0.0,0.0
201400059523,26,12,14,17,1,974,9,2,1,3,6,BELZOR(RUE),0.0,0.0
201400059524,31,12,14,21,3,974,9,1,1,1,2,RN2 SENS STE SUZANNE ST,0.0,0.0
201400059525,9,11,14,4,1,974,9,2,1,1,3,DE BOURBON(AVENUE),0.0,0.0
201400059526,14,11,14,13,1,974,9,2,1,1,1,MENCIOL (CHEMIN),0.0,0.0
201400059527,26,11,14,20,3,974,9,1,1,1,6,RN2 SENS STE SUZANNE ST,0.0,0.0
201400059528,1,12,14,9,1,974,9,2,1,1,6,GAUCHE(RUE),0.0,0.0
201400059529,1,1,14,2,3,974,11,1,1,1,1,3LITTORAL (ROUTE 1 DU),0.0,0.0
201400059530,10,1,14,12,1,974,11,2,2,2,6,3 rue Bouvet,0.0,0.0
201400059531,12,1,14,19,5,974,11,2,2,2,6,3LECLERC (DU MARECHAL),0.0,0.0
201400059532,18,1,14,20,5,974,11,2,9,1,3,JOFFRE (BOULEVARD),0.0,0.0
201400059533,21,1,14,18,2,974,11,2,2,1,3,VILLENEUVE (RUE ALEXIS D,0.0,0.0
201400059534,24,1,14,13,1,974,11,2,1,8,6,GAULLE (DU GENERAL DE),0.0,0.0
201400059535,23,1,14,6,2,974,11,2,2,1,6,JAURES (BLD 2 JEAN),0.0,0.0
201400059536,29,1,14,0,4,974,11,2,1,1,6,LANCASTEL (BOULEVARD),0.0,0.0
201400059537,31,1,14,22,5,974,11,2,5,1,3,JAURES (BLD 1 JEAN),0.0,0.0
201400059538,2,2,14,21,5,974,11,1,1,1,6,"9BIS, FURCREAS (CHEMIN D",0.0,0.0
201400059539,13,2,14,8,1,974,11,2,1,1,2,COCOTIERS (AVENUE DES),0.0,0.0
201400059540,13,2,14,7,1,974,11,1,1,1,2,BRASSENS (AVENUE GEORGES,0.0,0.0
201400059541,14,2,14,23,5,974,11,2,2,1,3,APRES (RUE D'),0.0,0.0
201400059542,18,2,14,12,1,974,11,2,1,1,6,"20, FOUCQUE (AVENUE HIPP",0.0,0.0
201400059543,21,2,14,21,5,974,11,2,2,1,3,MAC AULIFFE (RUE VICTOR),0.0,0.0
201400059544,28,2,14,20,4,974,11,2,1,1,6,CHAUDRON (BLD 2 DU),0.0,0.0
201400059545,2,3,14,8,1,974,11,2,4,1,3,"0, MONTAGNE (ROUTE DE LA",0.0,0.0
201400059546,2,3,14,2,5,974,11,2,1,1,5,JAURES (BLD 1 JEAN),0.0,0.0
201400059547,8,3,14,0,5,974,11,2,1,1,5,MACE (BOULEVARD GABRIEL),0.0,0.0
201400059548,18,3,14,14,1,974,11,2,9,8,6,"156, GAULLE (DU GENERAL",0.0,0.0
201400059549,21,3,14,12,1,974,11,2,4,1,6,"0, REYDELLET (ROUTE JULE",0.0,0.0
201400059550,21,3,14,14,1,974,11,2,1,1,3,"16, DORET 1 (BOULEVARD)",0.0,0.0
201400059551,29,3,14,17,1,974,11,2,9,1,3,"367, LECLERC (DU MARECHA",0.0,0.0
201400059552,21,3,14,10,1,974,11,2,1,1,6,"1, PAILLES-EN-QUEUE (IMP",0.0,0.0
201400059553,28,3,14,23,5,974,11,2,2,1,3,"0, PASTEUR (RUE)",0.0,0.0
201400059554,2,4,14,7,1,974,11,2,1,1,6,"1, JAURES (BOULEVARD JEA",0.0,0.0
201400059555,5,4,14,2,5,974,11,2,1,1,2,RN2/043,0.0,0.0
201400059556,22,3,14,19,3,974,11,2,4,2,1,"15, MONGAILLARD (ROUTE D",0.0,0.0
201400059557,19,4,14,1,3,974,11,2,1,1,1,BOSQUET (RUE DU),0.0,0.0
201400059558,15,4,14,19,5,974,11,2,2,8,3,JAURES (BOULEVARD JEAN),0.0,0.0
201400059559,19,4,14,23,5,974,11,1,1,1,7,"2, EUCALYPTUS (CHEMIN DE",0.0,0.0
201400059560,7,4,14,21,5,974,11,2,1,1,6,"4, MONTAGNE (ROUTE DE LA",0.0,0.0
201400059561,24,4,14,16,1,974,11,2,1,1,6,"121, BOIS DE NEFLES (ROU",0.0,0.0
201400059562,26,4,14,6,1,974,11,2,9,1,3,RAMBAUD (LEOPOLD),0.0,0.0
201400059563,3,5,14,0,5,974,11,2,1,1,2,"128, RAMBAUD (LEOPOLD)",0.0,0.0
201400059564,7,5,14,21,5,974,11,2,2,2,6,"0, LECLERC (DU MARECHAL)",0.0,0.0
201400059565,2,5,14,16,1,974,11,2,1,1,6,"212, LECLERC (DU MARECHA",0.0,0.0
201400059566,5,5,14,12,1,974,11,2,1,1,6,"9, TURPIN (RUELLE)",0.0,0.0
201400059567,10,5,14,17,1,974,11,1,1,1,6,"100, LORY LES BAS (RUE)",0.0,0.0
201400059568,23,5,14,18,2,974,11,2,2,1,3,LECONTE DE LISLE (AVENUE,0.0,0.0
201400059569,19,5,14,7,1,974,11,1,1,1,3,"5, MACE (ROUTE GABRIEL)",0.0,0.0
201400059570,21,5,14,12,1,974,11,2,1,1,1,"22, CHAMP FLEURI",0.0,0.0