Num_Acc,jour,mois,an,hr,condition_eclairage,departement,commune,condition_agglomeration,intersection,condition_atmosphere,type_collision,adresse,lattitude,longitude
201400059571,21,5,14,11,1,974,11,2,2,1,6,GAULLE (DU GENERAL DE),0.0,0.0
201400059572,13,6,14,23,3,974,11,2,6,1,2,CHAUDRON  (BLD 1 DU),0.0,0.0
201400059573,23,6,14,16,1,974,11,2,1,1,3,"0, LECLERC (DU MARECHAL)",0.0,0.0
201400059574,4,7,14,11,1,974,11,2,1,1,6,KERVEGUEN (GABRIEL DE),0.0,0.0
201400059575,19,7,14,16,1,974,11,2,1,1,3,LECLERC (DU MARECHAL),0.0,0.0
201400059576,11,7,14,6,2,974,11,2,4,1,6,"0, BOIS DE NEFLES (ROUTE",0.0,0.0
201400059577,25,7,14,12,1,974,11,2,2,2,1,"339, PARIS (RUE DE)",0.0,0.0
201400059578,5,8,14,9,1,974,11,2,2,9,1,"362, LECLERC (DU MARECH",0.0,0.0
201400059579,31,8,14,8,1,974,11,1,1,1,1,6LITTORAL (ROUTE 1 DU),0.0,0.0
201400059580,30,6,14,16,1,974,11,1,1,1,3,GANDHI (BOULEVARD DU MAH,0.0,0.0
201400059581,21,8,14,16,1,974,11,2,2,2,1,3EGLISE (DE),0.0,0.0
201400059582,19,9,14,19,5,974,11,2,2,2,1,3JAURES (BOULEVARD JEAN),0.0,0.0
201400059583,20,9,14,17,1,974,11,2,2,1,1,2GAULLE (DU GENERAL DE),0.0,0.0
201400059584,25,9,14,8,1,974,11,2,2,2,6,6OCEAN (BOULEVARD DE L'),0.0,0.0
201400059585,10,9,14,18,2,974,11,2,2,2,6,3JACOB,0.0,0.0
201400059586,27,9,14,19,5,974,11,2,2,1,6,"60, MACE (BOULEVARD GABR",0.0,0.0
201400059587,18,10,14,15,1,974,11,2,6,1,6,"26, FOUCQUE (AVENUE HIPP",0.0,0.0
201400059588,31,10,14,15,1,974,11,1,1,1,2,LITTORAL (ROUTE 1 DU),0.0,0.0
201400059589,31,10,14,19,5,974,11,1,1,1,2,JAURES (BOULEVARD JEAN),0.0,0.0
201400059590,6,11,14,20,3,974,11,2,2,1,3,RIVIERE DES PLUIES (ROUT,0.0,0.0
201400059591,6,11,14,11,1,974,11,1,1,1,5,"15, CHAUDRON  (BLD 1 DU)",0.0,0.0
201400059592,17,12,14,12,1,974,11,2,2,1,6,DODU 1 (RUE JULIETTE),0.0,0.0
201400059593,14,11,14,17,1,974,11,2,1,1,3,BANCOUL (CHEMIN),0.0,0.0
201400059594,15,11,14,17,1,974,11,2,1,2,3,MONTAUBAN (CHEMIN DE),0.0,0.0
201400059595,15,11,14,3,4,974,11,2,1,1,6,MACE (BOULEVARD GABRIEL),0.0,0.0
201400059596,13,11,14,12,1,974,11,2,1,1,3,"0, LATTRE DE TASSIGNY (A",0.0,0.0
201400059597,5,9,14,10,1,974,11,2,2,3,1,1LOUGNON (RUE ALBERT),0.0,0.0
201400059598,20,9,14,9,1,974,11,2,2,1,1,1MONTAGNE (ROUTE DE LA),0.0,0.0
201400059599,22,11,14,17,2,974,11,2,4,1,6,PETITE ILE (RUE DE LA),0.0,0.0
201400059600,7,12,14,23,5,974,11,2,1,1,6,LATTRE DE TASSIGNY (AVEN,0.0,0.0
201400059601,9,12,14,7,1,974,11,2,1,1,4,JAURES (BOULEVARD JEAN),0.0,0.0
201400059602,10,12,14,22,5,974,11,2,1,1,6,BRASSENS (AVENUE GEORGES,0.0,0.0
201400059603,11,12,14,19,5,974,11,2,1,1,3,CANAL (CHEMIN DU GRAND),0.0,0.0
201400059604,14,11,14,11,1,974,11,2,1,1,3,GAULLE (DU GENERAL DE),0.0,0.0
201400059605,20,12,14,5,2,974,11,2,1,1,1,RAMBAUD (LEOPOLD),0.0,0.0
201400059606,18,12,14,21,5,974,11,1,6,2,6,"6, JAURES (BOULEVARD J",0.0,0.0
201400059607,1,1,14,9,1,974,16,1,1,1,7,RN3 (1),0.0,0.0
201400059608,5,1,14,10,1,974,16,1,1,1,7,RN3 (1),0.0,0.0
201400059609,5,1,14,14,1,974,16,2,1,1,2,"SANS, DELISLES (ROUTE HU",0.0,0.0
201400059610,8,1,14,23,3,974,16,1,1,1,7,RN1,0.0,0.0
201400059611,13,1,14,8,1,974,16,1,1,1,4,RN2 (1),0.0,0.0
201400059612,15,1,14,11,1,974,16,1,1,1,2,"SANS, PARADIS (LIGNE) (1",0.0,0.0
201400059613,21,1,14,7,1,974,16,1,1,1,2,RN1 (ROUTE NATIONALE),0.0,0.0
201400059614,22,1,14,17,1,974,16,1,1,1,4,RN3 (3),0.0,0.0
201400059615,22,1,14,21,5,974,16,2,1,1,3,"SANS, CHATEAU D'EAU (CHE",0.0,0.0
201400059616,25,1,14,6,2,974,16,1,1,1,1,RN2 (1),0.0,0.0
201400059617,27,1,14,16,1,974,16,2,1,1,3,"33, HUBERT DE LISLE(BOUL",0.0,0.0
201400059618,29,1,14,13,1,974,16,1,1,1,1,"SANS, COLLINE (CHEMIN DE",0.0,0.0
201400059619,1,2,14,13,1,974,16,2,6,1,1,GENERAL DE GAULLE (RN2),0.0,0.0
201400059620,1,2,14,20,4,974,16,2,1,1,7,"SANS, HIPPOLYTE  PIOT (R",0.0,0.0
201400059621,4,2,14,16,1,974,16,2,1,1,7,"22, BUREL (CHEMIN) (2)",0.0,0.0
201400059622,4,2,14,17,1,974,16,1,1,1,2,RN1,0.0,0.0
201400059623,6,2,14,7,1,974,16,1,1,2,7,RN3 (1),0.0,0.0
201400059624,7,2,14,18,1,974,16,1,1,1,3,RN3 (1),0.0,0.0
201400059625,10,2,14,7,1,974,16,1,1,1,2,ANCIENNE RN2,0.0,0.0
201400059626,11,2,14,8,1,974,16,1,1,1,7,GENERAL DE GAULLE (RN2),0.0,0.0
201400059627,12,2,14,12,1,974,16,1,1,1,2,"SANS, ISAUTIER (AVENUE C",0.0,0.0
201400059628,14,2,14,15,1,974,16,1,1,1,7,"SANS, PARADIS (LIGNE) (1",0.0,0.0
201400059629,14,2,14,17,1,974,16,2,3,1,1,"SANS, LEBLOND 1 (RUE MAR",0.0,0.0
201400059630,15,2,14,4,5,974,16,2,1,1,7,"SANS, DELISLES (ROUTE HU",0.0,0.0
201400059631,16,2,14,9,1,974,16,1,1,1,3,RN1,0.0,0.0
201400059632,16,2,14,13,1,974,16,1,1,1,1,"28, PARADIS (LIGNE) (1)",0.0,0.0
201400059633,17,2,14,17,1,974,16,1,1,1,7,RN1 (ROUTE NATIONALE),0.0,0.0
201400059634,19,2,14,11,1,974,16,1,1,1,6,RN1,0.0,0.0
201400059635,19,2,14,17,1,974,16,2,3,1,5,"SANS, LEBLOND 1 (RUE MAR",0.0,0.0
201400059636,20,2,14,14,1,974,16,2,1,1,2,"55, PRESBYTERE (RUE DU)",0.0,0.0
201400059637,20,2,14,15,1,974,16,2,1,1,2,"SANS, BOIS NOIRS (ALLEE",0.0,0.0
201400059638,21,2,14,11,1,974,16,2,1,1,1,"SANS, LEBLOND 1 (RUE MAR",0.0,0.0
201400059639,21,2,14,19,3,974,16,1,1,1,7,RN1,0.0,0.0
201400059640,26,2,14,7,2,974,16,2,1,1,7,"SANS, BANK (BOULEVARD)",0.0,0.0
201400059641,27,2,14,7,2,974,16,2,1,1,2,"SANS, GENERAL DE GAULLE(",0.0,0.0
201400059642,1,3,14,18,2,974,16,2,1,1,3,"SANS, DELISLES (ROUTE HU",0.0,0.0
201400059643,5,3,14,12,1,974,16,2,1,1,3,"SANS, CAUMONT (RUE DE)",0.0,0.0
201400059644,6,3,14,18,2,974,16,1,3,1,3,"SANS, ENTRE DEUX (CHEMIN",0.0,0.0
201400059645,7,3,14,8,1,974,16,1,6,1,2,"SANS, ROND POINT DE LA B",0.0,0.0
201400059646,7,3,14,12,1,974,16,1,1,1,7,"SANS, BASSIN PLAT(CHEMIN",0.0,0.0
201400059647,8,3,14,2,3,974,16,1,1,1,7,RN2 (1),0.0,0.0
201400059648,12,3,14,19,2,974,16,2,1,1,7,"SANS, LORION (RUE LUC)",0.0,0.0
201400059649,14,3,14,11,1,974,16,1,1,1,2,RN2 (1),0.0,0.0
201400059650,16,3,14,19,2,974,16,2,3,1,1,"SANS, GENERAL DE GAULLE(",0.0,0.0
201400059651,17,3,14,7,1,974,16,2,1,1,7,"SANS, GAGARINE (RUE YOUR",0.0,0.0
201400059652,17,3,14,7,1,974,16,1,1,1,4,RN2 (1),0.0,0.0
201400059653,17,3,14,17,2,974,16,2,1,1,2,"51, MAHY (RUE FRANCOIS D",0.0,0.0
201400059654,18,3,14,16,1,974,16,1,1,1,2,RN2 (1),0.0,0.0
201400059655,20,3,14,16,1,974,16,1,2,1,3,"SANS, PARADIS (LIGNE) (1",0.0,0.0
201400059656,22,3,14,15,1,974,16,2,3,1,3,"SANS, LEBLOND 1 (RUE MAR",0.0,0.0
201400059657,22,3,14,15,1,974,16,1,1,1,7,RN3 (1),0.0,0.0
201400059658,25,3,14,11,1,974,16,2,1,1,7,"4, LYS (ALLEE DES)",0.0,0.0
201400059659,25,3,14,12,1,974,16,2,1,1,2,"SANS, BARQUISSEAU (RUE D",0.0,0.0
201400059660,28,3,14,14,1,974,16,2,1,1,7,"SANS, HUBERT DE LISLE(BO",0.0,0.0
201400059661,28,3,14,19,5,974,16,2,2,1,3,"SANS, LEBLOND 1 (RUE MAR",0.0,0.0
201400059662,2,4,14,7,1,974,16,1,1,1,2,"SANS, KM3 (CHEMIN)",0.0,0.0
201400059663,2,4,14,8,1,974,16,2,2,1,7,"SANS, EQUERRE (LIGNE D')",0.0,0.0
201400059664,5,4,14,19,5,974,16,2,1,1,7,RN2/PDT F.MITTERAND,0.0,0.0
201400059665,6,4,14,18,2,974,16,1,1,1,7,RN1 (ROUTE NATIONALE),0.0,0.0
201400059666,8,4,14,16,1,974,16,1,1,1,2,RN1,0.0,0.0
201400059667,9,4,14,17,2,974,16,2,1,1,2,RN2/PDT F.MITTERAND,0.0,0.0
201400059668,11,4,14,18,2,974,16,2,1,1,3,"SANS, RODIER (RUE)",0.0,0.0
201400059669,11,4,14,21,3,974,16,1,1,1,6,RN1 (ROUTE NATIONALE),0.0,0.0
201400059670,12,4,14,7,2,974,16,1,1,3,7,RN3 (1),0.0,0.0
201400059671,12,4,14,20,3,974,16,1,3,1,2,"SANS, PARADIS (LIGNE) (1",0.0,0.0
201400059672,14,4,14,3,3,974,16,1,9,1,7,"SANS, GENERAL DE GAULLE(",0.0,0.0
201400059673,16,4,14,5,3,974,16,1,1,1,7,RN2 (1),0.0,0.0
201400059674,18,4,14,5,3,974,16,1,1,1,7,"SANS, CD 26",0.0,0.0
201400059675,19,4,14,0,3,974,16,1,1,1,7,"SANS, KM3 (CHEMIN)",0.0,0.0
201400059676,19,4,14,2,3,974,16,1,1,1,7,RN2 (1),0.0,0.0
201400059677,19,4,14,19,5,974,16,2,3,1,7,"132, HIPPOLYTE  PIOT (RU",0.0,0.0
201400059678,24,4,14,16,1,974,16,1,1,1,7,RN3 (1),0.0,0.0
201400059679,25,4,14,12,1,974,16,2,1,1,7,"SANS, GANDHI (RUE DU MAH",0.0,0.0
201400059680,28,4,14,15,1,974,16,2,1,1,6,"SANS, PRESIDENT MITTERAN",0.0,0.0
201400059681,29,4,14,10,1,974,16,1,1,1,7,"SANS, STEPHANE (CHEMIN)",0.0,0.0
201400059682,29,4,14,11,1,974,16,2,3,1,3,"SANS, ALBERT LUTHULI(RUE",0.0,0.0
201400059683,30,4,14,7,1,974,16,2,1,1,7,"97, PRESIDENT MITTERAND(",0.0,0.0
201400059684,1,5,14,0,5,974,16,1,1,1,7,RN1,0.0,0.0
201400059685,1,5,14,6,2,974,16,1,1,1,7,RN3 (1),0.0,0.0
201400059686,1,5,14,10,1,974,16,1,1,1,2,"222, BOIS NOIRS (ALLEE D",0.0,0.0
201400059687,1,5,14,14,1,974,16,1,1,1,7,"SANS, THEODORE THOMAS(RU",0.0,0.0
201400059688,5,5,14,0,3,974,16,1,1,1,7,"SANS, L'ENTRE DEUX(ROUTE",0.0,0.0
201400059689,5,5,14,17,2,974,16,1,1,1,7,"SANS, BOIS NOIRS (ALLEE",0.0,0.0
201400059690,6,5,14,16,1,974,16,1,1,1,7,"SANS, STEPHANE (CHEMIN)",0.0,0.0
201400059691,6,5,14,17,1,974,16,1,3,1,7,"SANS, PICARD (CHEMIN ANT",0.0,0.0
201400059692,7,5,14,11,1,974,16,1,1,1,2,RN3 (1),0.0,0.0
201400059693,8,5,14,13,1,974,16,1,1,1,7,RN3 (1),0.0,0.0
201400059694,12,5,14,11,1,974,16,2,3,1,6,"sans, LUTHULI (RUE ALBER",0.0,0.0
201400059695,15,5,14,11,1,974,16,2,3,1,7,"SANS, LAVOIR (RUE DU)",0.0,0.0
201400059696,15,5,14,9,1,974,16,1,1,1,7,RN3 (1),0.0,0.0
201400059697,16,5,14,10,1,974,16,1,3,1,3,"SANS, LENORMAND (CHEMIN)",0.0,0.0
201400059698,17,5,14,9,1,974,16,1,1,1,4,RN3 (1),0.0,0.0
201400059699,17,5,14,21,5,974,16,2,1,1,7,"SANS, LORION (RUE LUC)",0.0,0.0
201400059700,19,5,14,7,2,974,16,2,3,1,3,"SANS, LEBLOND 1 (RUE MAR",0.0,0.0
201400059701,21,5,14,7,1,974,16,1,1,1,7,ANCIENNE RN 1,0.0,0.0
201400059702,23,5,14,11,1,974,16,2,1,1,7,"SANS, PIOR (RUE HYPOLITT",0.0,0.0
201400059703,23,5,14,13,1,974,16,2,2,1,3,"SANS, BUREL (CHEMIN) (1)",0.0,0.0
201400059704,24,5,14,2,3,974,16,1,1,2,7,RN3 (1),0.0,0.0
201400059705,25,5,14,15,1,974,16,1,1,1,7,"SANS, LENORMAND (CHEMIN)",0.0,0.0
201400059706,30,5,14,22,3,974,16,1,1,1,7,"502, BOEUF (CHEMIN) (1)",0.0,0.0
201400059707,31,5,14,18,2,974,16,1,1,1,7,RN3 (1),0.0,0.0
201400059708,1,6,14,1,5,974,16,2,6,1,7,"SANS, PRESIDENT MITTERAN",0.0,0.0
201400059709,2,6,14,7,2,974,16,2,1,1,2,"SANS, GENERAL DE GAULLE",0.0,0.0
201400059710,3,6,14,16,1,974,16,1,2,1,3,"SANS, ROLLAND GARROS (CH",0.0,0.0
201400059711,6,6,14,17,2,974,16,1,1,1,3,"SANS, PARADIS (LIGNE) (1",0.0,0.0
201400059712,8,6,14,12,1,974,16,1,1,1,7,RN3 (2),0.0,0.0
201400059713,15,6,14,8,1,974,16,1,1,1,7,RN1 (ROUTE NATIONALE),0.0,0.0
201400059714,15,6,14,19,5,974,16,2,2,1,7,"SANS, FOUR A CHAUX 1 (RU",0.0,0.0
201400059715,19,6,14,12,1,974,16,1,1,1,7,"SANS, TERRE DES CHENES (",0.0,0.0
201400059716,20,6,14,7,2,974,16,2,1,1,7,"125, CIMETIERE (CHEMIN D",0.0,0.0
201400059717,20,6,14,8,1,974,16,2,3,1,6,"SANS, ARCHAMBAUD (RUE)",0.0,0.0
201400059718,22,6,14,5,3,974,16,1,1,1,6,"SANS, RECHERCHANT (RUE A",0.0,0.0
201400059719,22,6,14,18,3,974,16,1,1,1,1,"SANS, MAURICE THOREZ(CHE",0.0,0.0
201400059720,24,6,14,17,2,974,16,1,1,1,7,"48, PARADIS (LIGNE) (1)",0.0,0.0
201400059721,28,6,14,7,2,974,16,1,3,1,2,"SANS, ENTRE DEUX (CHEMIN",0.0,0.0
201400059722,30,6,14,7,2,974,16,1,1,1,7,RN3 (1),0.0,0.0
201400059723,1,7,14,7,2,974,16,2,1,1,7,"21, BABET (RUE)",0.0,0.0
201400059724,3,7,14,13,1,974,16,2,1,1,7,"SANS, DELISLES (ROUTE HU",0.0,0.0
201400059725,5,7,14,18,2,974,16,1,3,1,3,"SANS, CAMBRAI (LIGNE)",0.0,0.0
201400059726,6,7,14,13,1,974,16,1,1,1,1,"sans, BADAMIER (CHEMIN)",0.0,0.0
201400059727,8,7,14,15,1,974,16,1,1,1,3,"200, CONCESSION CONDE (C",0.0,0.0
201400059728,8,7,14,23,3,974,16,1,1,1,7,"SANS, FRERE (CHEMIN PETI",0.0,0.0
201400059729,9,7,14,17,1,974,16,2,2,1,7,"SANS, FOUR A CHAUX 1 (RU",0.0,0.0
201400059730,10,7,14,10,1,974,16,1,1,1,2,"SANS, CHARETTE (CHEMIN)",0.0,0.0
201400059731,10,7,14,20,5,974,16,2,3,1,1,"SANS, HIPPOLYTE  PIOT (",0.0,0.0
201400059732,11,7,14,23,4,974,16,1,1,8,7,ANCIENNE RN 1,0.0,0.0
201400059733,16,7,14,9,1,974,16,1,1,1,6,RN3 (1),0.0,0.0
201400059734,16,7,14,14,1,974,16,2,1,1,7,"22, PRESIDENT MITTERAND(",0.0,0.0
201400059735,19,7,14,7,1,974,16,2,1,1,7,"226, GENERAL DE GAULLE(A",0.0,0.0
201400059736,20,7,14,7,2,974,16,1,1,1,7,RN1,0.0,0.0
201400059737,20,7,14,13,1,974,16,2,1,1,7,"40, HERMANN (RUE JULES)",0.0,0.0
201400059738,22,7,14,8,1,974,16,1,1,1,2,RN1,0.0,0.0
201400059739,24,7,14,12,1,974,16,1,1,1,4,RN1,0.0,0.0
201400059740,25,7,14,12,1,974,16,1,1,1,1,"109, HOARAU (CHEMIN EMMA",0.0,0.0
201400059741,25,7,14,17,1,974,16,1,1,1,7,RN1 (ROUTE NATIONALE),0.0,0.0
201400059742,26,7,14,1,3,974,16,1,1,1,7,"118, PARADIS (LIGNE) (1)",0.0,0.0
201400059743,27,7,14,21,3,974,16,2,1,1,7,"SANS, PRESIDENT MITTERAN",0.0,0.0
201400059744,29,7,14,15,1,974,16,2,1,1,2,"162, LEBLOND 2 (RUE MARI",0.0,0.0
201400059745,30,7,14,10,1,974,16,1,1,1,7,RN3 (2),0.0,0.0
201400059746,1,8,14,19,3,974,16,1,1,1,4,RN3 (1),0.0,0.0
201400059747,2,8,14,6,1,974,16,1,2,1,1,"SANS, RECHERCHANT (RUE",0.0,0.0
201400059748,3,8,14,16,1,974,16,1,1,1,7,RN3 (2),0.0,0.0
201400059749,3,8,14,19,3,974,16,1,1,1,2,RN3 (1),0.0,0.0
201400059750,6,8,14,21,3,974,16,1,1,1,7,RN1,0.0,0.0
201400059751,8,8,14,13,1,974,16,1,3,1,3,"SANS, ANCIENNE RN 1",0.0,0.0
201400059752,8,8,14,15,1,974,16,1,1,1,3,"SANS, BASSIN PLAT(CHEMIN",0.0,0.0
201400059753,9,8,14,12,1,974,16,1,3,1,3,"SANS, BOIS NOIRS (ALLEE",0.0,0.0
201400059754,10,8,14,6,2,974,16,2,1,1,6,"SANS, DELISLES (ROUTE HU",0.0,0.0
201400059755,11,8,14,11,1,974,16,2,3,1,3,"SANS, LORION (RUE LUC)",0.0,0.0
201400059756,13,8,14,23,3,974,16,1,1,1,7,RN1 (ROUTE NATIONALE),0.0,0.0
201400059757,15,8,14,21,3,974,16,1,1,1,7,RN1 (ROUTE NATIONALE),0.0,0.0
201400059758,17,8,14,10,1,974,16,1,1,1,6,RN1 (ROUTE NATIONALE),0.0,0.0
201400059759,18,8,14,20,3,974,16,1,1,2,2,RN3 (2),0.0,0.0
201400059760,20,8,14,8,1,974,16,1,3,1,4,"SANS, PARADIS (LIGNE) (1",0.0,0.0
201400059761,20,8,14,21,5,974,16,2,1,1,1,"SANS, DONAT (AVENUE LUC)",0.0,0.0
201400059762,21,8,14,17,1,974,16,2,1,1,7,"SANS, DONAT (AVENUE LUC)",0.0,0.0
201400059763,25,8,14,17,1,974,16,2,6,1,3,"SANS, MITTERAND (AVENUE",0.0,0.0
201400059764,28,5,14,23,5,974,16,2,1,1,7,"157, AUGUSTIN ARCHAMBAUD",0.0,0.0
201400059765,26,8,14,17,1,974,16,1,1,2,4,RN3 (1),0.0,0.0
201400059766,26,8,14,17,1,974,16,1,1,2,2,RN3 (1),0.0,0.0
201400059767,29,8,14,22,3,974,16,1,1,1,2,"SANS, ANCIENNE RN 1",0.0,0.0
201400059768,2,9,14,7,1,974,16,2,1,1,7,"SANS, LORION (RUE LUC)",0.0,0.0
201400059769,5,9,14,16,1,974,16,1,1,1,7,RN1 (ROUTE NATIONALE),0.0,0.0
201400059770,5,9,14,23,5,974,16,2,1,1,7,"SANS, BARQUISSEAU (RUE D",0.0,0.0
201400059771,6,9,14,8,1,974,16,2,1,1,7,"61, BABET (RUE AUGUSTE)",0.0,0.0
201400059772,6,9,14,9,1,974,16,2,1,1,7,"SANS, ASSISES (CHEMIN DE",0.0,0.0
201400059773,7,9,14,1,3,974,16,1,1,1,7,", THOREZ (CHEMIN MAURICE",0.0,0.0
201400059774,9,9,14,7,1,974,16,1,1,1,3,"SANS, LENORMAND (CHEMIN)",0.0,0.0
201400059775,17,9,14,15,1,974,16,2,1,1,7,"SANS, CAYENNE (RUE DE LA",0.0,0.0
201400059776,17,9,14,16,1,974,16,1,1,1,3,"461, ANTOINE PICARD(CHEM",0.0,0.0
201400059777,17,9,14,17,1,974,16,2,1,1,7,"SANS, PRESIDENT MITTERAN",0.0,0.0
201400059778,18,9,14,6,2,974,16,2,1,1,7,"SANS, PASTEUR (RUE)",0.0,0.0
201400059779,19,9,14,6,2,974,16,2,1,1,7,"268, LEBLOND 1 (RUE MARI",0.0,0.0
201400059780,19,9,14,23,3,974,16,1,1,1,7,"SANS, DES OLIVINES(RUE)",0.0,0.0
201400059781,20,9,14,18,2,974,16,1,1,1,2,RN1,0.0,0.0
201400059782,25,9,14,7,2,974,16,2,1,1,7,"SANS, GAGARINE (RUE YOUR",0.0,0.0
201400059783,28,9,14,10,1,974,16,2,1,1,7,"SANS, BANK (BOULEVARD)",0.0,0.0
201400059784,29,9,14,17,2,974,16,1,1,1,1,"SANS, MAURICE THOREZ(CHE",0.0,0.0
201400059785,29,9,14,10,1,974,16,2,2,1,7,"SANS, LEBLOND 1 (RUE MAR",0.0,0.0
201400059786,30,9,14,15,1,974,16,2,2,1,7,"SANS, PRESBYTERE (RUE DU",0.0,0.0
201400059787,30,9,14,23,3,974,16,1,1,1,7,"SANS, BAILLIE (CHEMIN)",0.0,0.0
201400059788,1,10,14,7,1,974,16,1,1,1,2,RN2 (1),0.0,0.0
201400059789,1,10,14,15,1,974,16,2,1,1,7,"SANS, DONAT(RUE LUC)",0.0,0.0
201400059790,7,10,14,17,1,974,16,1,1,1,4,RN3 (3),0.0,0.0
201400059791,3,10,14,7,2,974,16,2,1,1,7,"110, MAHY (RUE FRANCOIS",0.0,0.0
201400059792,4,10,14,3,5,974,16,2,6,1,7,"SANS, GENERAL DE GAULLE",0.0,0.0
201400059793,5,10,14,18,2,974,16,2,1,1,5,"111, HIPPOLYTE  PIOT (RU",0.0,0.0
201400059794,6,10,14,13,1,974,16,1,1,1,7,"2, BASSIN PLAT(CHEMIN)",0.0,0.0
201400059795,7,10,14,19,3,974,16,1,1,1,2,RN1 (ROUTE NATIONALE),0.0,0.0
201400059796,9,10,14,16,1,974,16,1,3,1,7,RN3 (1),0.0,0.0
201400059797,13,10,14,8,1,974,16,1,1,2,7,RN3 (1),0.0,0.0
201400059798,13,10,14,12,1,974,16,1,2,1,3,"SANS, LIGNE PARADIS(ROUT",0.0,0.0
201400059799,13,10,14,14,1,974,16,1,9,1,2,RN1 (ROUTE NATIONALE),0.0,0.0
201400059800,13,10,14,14,1,974,16,2,1,1,2,"8, PASTEUR (RUE)",0.0,0.0
201400059801,16,10,14,18,2,974,16,2,3,1,3,"130, DU LYCEE(RUE)",0.0,0.0
201400059802,17,10,14,15,1,974,16,1,1,1,7,"44 BIS, CONCESSION CONDE",0.0,0.0
201400059803,17,10,14,19,5,974,16,2,3,1,2,"SANS, BABET (RUE AUGUSTE",0.0,0.0
201400059804,18,10,14,3,3,974,16,1,1,1,1,RN2 (1),0.0,0.0
201400059805,20,10,14,2,3,974,16,1,1,1,7,RN1,0.0,0.0
201400059806,22,10,14,20,3,974,16,1,1,1,7,"119, ANCIENNE RN 1",0.0,0.0
201400059807,23,10,14,9,1,974,16,1,1,1,7,RN2 (1),0.0,0.0
201400059808,26,10,14,3,3,974,16,1,1,1,7,RN1 (ROUTE NATIONALE),0.0,0.0
201400059809,26,10,14,10,1,974,16,1,1,1,3,RN1 (ROUTE NATIONALE),0.0,0.0
201400059810,28,10,14,23,3,974,16,1,1,1,7,RN1 (ROUTE NATIONALE),0.0,0.0
201400059811,29,10,14,12,1,974,16,1,2,1,3,"SANS, STEPHANE (CHEMIN)",0.0,0.0
201400059812,30,10,14,8,1,974,16,1,1,1,7,"SANS, ANCIENNE RN 1",0.0,0.0
201400059813,3,11,14,7,1,974,16,2,2,1,7,"SANS, GENERAL DE GAULLE",0.0,0.0
201400059814,6,11,14,11,1,974,16,1,9,1,2,"SANS, PARADIS (LIGNE) (1",0.0,0.0
201400059815,6,11,14,17,2,974,16,1,1,1,1,"72, AUBEPINES (CHEMINS D",0.0,0.0
201400059816,6,11,14,18,2,974,16,2,1,1,7,"SANS, LORION (RUE LUC)",0.0,0.0
201400059817,6,11,14,15,1,974,16,1,1,1,2,RN3 (1),0.0,0.0
201400059818,8,11,14,18,2,974,16,1,1,1,4,RN3 (1),0.0,0.0
201400059819,9,11,14,0,5,974,16,2,2,1,3,"SANS, BONS ENFANTS (RUE",0.0,0.0
201400059820,11,11,14,4,5,974,16,2,3,1,7,"SANS, DELISLES (ROUTE HU",0.0,0.0
201400059821,12,11,14,5,3,974,16,1,1,1,7,RN1 (ROUTE NATIONALE),0.0,0.0
201400059822,12,11,14,9,1,974,16,1,1,1,7,"SANS, CEDRES (ALLEE DES)",0.0,0.0
201400059823,13,11,14,1,3,974,16,2,3,1,7,"SANS, MITTERAND (AVENUE",0.0,0.0
201400059824,13,11,14,12,1,974,16,1,1,1,7,RN3 (1),0.0,0.0
201400059825,13,11,14,17,1,974,16,1,1,1,1,"SANS, CONCESSION CONDE (",0.0,0.0
201400059826,14,11,14,7,2,974,16,1,3,1,2,"SANS, BASSIN PLAT(CHEMIN",0.0,0.0
201400059827,15,11,14,11,1,974,16,2,1,1,7,"SANS, D28 LIGNE DES BAMB",0.0,0.0
201400059828,16,11,14,2,3,974,16,1,1,1,7,"SANS, BADAMIER (CHEMIN)",0.0,0.0
201400059829,16,11,14,21,3,974,16,1,2,1,3,"SANS, PARADIS (LIGNE) (1",0.0,0.0
201400059830,19,11,14,19,3,974,16,1,1,1,7,RN3 (1),0.0,0.0
201400059831,20,11,14,7,2,974,16,2,1,1,3,"18, ISAUTIER (AVENUE CHA",0.0,0.0
201400059832,20,11,14,16,1,974,16,2,1,1,2,RN2 (1),0.0,0.0
201400059833,23,11,14,15,1,974,16,2,1,1,7,"SANS, GAGARINE (RUE YOUR",0.0,0.0
201400059834,23,11,14,16,1,974,16,1,1,1,1,"SANS, RN3 (ANCIENNE ROUT",0.0,0.0
201400059835,26,11,14,4,3,974,16,1,1,1,7,RN1 (ROUTE NATIONALE),0.0,0.0
201400059836,28,11,14,16,1,974,16,1,1,1,7,"SANS, BADAMIER (CHEMIN)",0.0,0.0
201400059837,28,11,14,15,1,974,16,1,1,1,7,RN3 (1),0.0,0.0
201400059838,29,11,14,4,3,974,16,1,1,1,1,RN2 (2),0.0,0.0
201400059839,30,11,14,10,1,974,16,1,1,1,3,RN3 (1),0.0,0.0
201400059840,1,12,14,15,1,974,16,1,1,1,2,RN3 (1),0.0,0.0
201400059841,5,12,14,11,1,974,16,2,1,1,7,"48, CAUMONT",0.0,0.0
201400059842,5,12,14,21,3,974,16,1,1,1,1,"SANS, MAURICE THOREZ(CHE",0.0,0.0
201400059843,7,12,14,9,1,974,16,1,1,1,3,"695, ANTOINE PICARD(CHEM",0.0,0.0
201400059844,14,12,14,21,3,974,16,1,1,1,1,"72, CONCESSION CONDE (CH",0.0,0.0
201400059845,17,12,14,7,2,974,16,1,6,1,2,"sans, CEDRES (ALLEE DES)",0.0,0.0
201400059846,17,12,14,15,1,974,16,1,1,2,7,"SANS, ROLLAND GARROS (CH",0.0,0.0
201400059847,20,12,14,11,1,974,16,1,1,1,2,RN2 (1),0.0,0.0
201400059848,20,12,14,22,3,974,16,2,1,1,7,"SANS, LYCEE (CHEMIN DU)",0.0,0.0
201400059849,23,12,14,18,2,974,16,2,1,1,3,"SANS, MAHATMA GANDHI(RUE",0.0,0.0
201400059850,24,12,14,17,1,974,16,2,1,1,7,"SANS, MAURICE THOREZ(CHE",0.0,0.0
201400059851,24,12,14,18,2,974,16,2,1,1,7,"SANS, MITTERAND (AVENUE",0.0,0.0
201400059852,27,12,14,1,3,974,16,1,1,1,7,"SANS, IRFA (CHEMIN DE L'",0.0,0.0
201400059853,28,12,14,11,1,974,16,1,1,1,7,RN3 (1),0.0,0.0
201400059854,13,12,14,16,1,974,16,1,2,1,5,"SANS, PARADIS (LIGNE) (1",0.0,0.0